bucket_start_utc,game_seconds_elapsed,period,game_clock,fav_score,dog_score,score_margin,fav_wp_espn,fav_kalshi_vwap,fav_kalshi_last,delta,kalshi_volume,kalshi_trade_count,is_timeout_window
2026-04-03 10:07:30+00:00,,,,,,,,0.87,0.87,,2.0,1,False
2026-04-03 10:08:00+00:00,,,,,,,,0.87,0.87,,0.0,0,False
2026-04-03 10:08:30+00:00,,,,,,,,0.87,0.87,,0.0,0,False
2026-04-03 10:09:00+00:00,,,,,,,,0.87,0.87,,0.0,0,False
2026-04-03 10:09:30+00:00,,,,,,,,0.79,0.79,,1.0,1,False
2026-04-03 10:10:00+00:00,,,,,,,,0.79,0.79,,0.0,0,False
2026-04-03 10:10:30+00:00,,,,,,,,0.79,0.79,,0.0,0,False
2026-04-03 10:11:00+00:00,,,,,,,,0.79,0.79,,0.0,0,False
2026-04-03 10:11:30+00:00,,,,,,,,0.79,0.79,,0.0,0,False
2026-04-03 10:12:00+00:00,,,,,,,,0.79,0.79,,0.0,0,False
2026-04-03 10:12:30+00:00,,,,,,,,0.82,0.82,,3.0,1,False
2026-04-03 10:13:00+00:00,,,,,,,,0.82,0.82,,0.0,0,False
2026-04-03 10:13:30+00:00,,,,,,,,0.82,0.82,,0.0,0,False
2026-04-03 10:14:00+00:00,,,,,,,,0.82,0.82,,0.0,0,False
2026-04-03 10:14:30+00:00,,,,,,,,0.82,0.82,,0.0,0,False
2026-04-03 10:15:00+00:00,,,,,,,,0.8172222222222223,0.82,,18.0,3,False
2026-04-03 10:15:30+00:00,,,,,,,,0.8172222222222223,0.82,,0.0,0,False
2026-04-03 10:16:00+00:00,,,,,,,,0.8172222222222223,0.82,,0.0,0,False
2026-04-03 10:16:30+00:00,,,,,,,,0.8172222222222223,0.82,,0.0,0,False
2026-04-03 10:17:00+00:00,,,,,,,,0.8172222222222223,0.82,,0.0,0,False
2026-04-03 10:17:30+00:00,,,,,,,,0.82,0.82,,3.0,1,False
2026-04-03 10:18:00+00:00,,,,,,,,0.82,0.82,,0.0,0,False
2026-04-03 10:18:30+00:00,,,,,,,,0.82,0.82,,0.0,0,False
2026-04-03 10:19:00+00:00,,,,,,,,0.82,0.82,,0.0,0,False
2026-04-03 10:19:30+00:00,,,,,,,,0.82,0.82,,0.0,0,False
2026-04-03 10:20:00+00:00,,,,,,,,0.82,0.82,,0.0,0,False
2026-04-03 10:20:30+00:00,,,,,,,,0.82,0.82,,0.0,0,False
2026-04-03 10:21:00+00:00,,,,,,,,0.82,0.82,,0.0,0,False
2026-04-03 10:21:30+00:00,,,,,,,,0.82,0.82,,0.0,0,False
2026-04-03 10:22:00+00:00,,,,,,,,0.82,0.82,,0.0,0,False
2026-04-03 10:22:30+00:00,,,,,,,,0.81,0.81,,2.0,1,False
2026-04-03 10:23:00+00:00,,,,,,,,0.81,0.81,,0.0,0,False
2026-04-03 10:23:30+00:00,,,,,,,,0.81,0.81,,0.0,0,False
2026-04-03 10:24:00+00:00,,,,,,,,0.81,0.81,,0.0,0,False
2026-04-03 10:24:30+00:00,,,,,,,,0.81,0.81,,0.0,0,False
2026-04-03 10:25:00+00:00,,,,,,,,0.81,0.81,,0.0,0,False
2026-04-03 10:25:30+00:00,,,,,,,,0.81,0.81,,0.0,0,False
2026-04-03 10:26:00+00:00,,,,,,,,0.81,0.81,,0.0,0,False
2026-04-03 10:26:30+00:00,,,,,,,,0.81,0.81,,0.0,0,False
2026-04-03 10:27:00+00:00,,,,,,,,0.81,0.81,,0.0,0,False
2026-04-03 10:27:30+00:00,,,,,,,,0.81,0.81,,0.0,0,False
2026-04-03 10:28:00+00:00,,,,,,,,0.81,0.81,,0.0,0,False
2026-04-03 10:28:30+00:00,,,,,,,,0.81,0.81,,0.0,0,False
2026-04-03 10:29:00+00:00,,,,,,,,0.81,0.81,,0.0,0,False
2026-04-03 10:29:30+00:00,,,,,,,,0.81,0.81,,0.0,0,False
2026-04-03 10:30:00+00:00,,,,,,,,0.81,0.81,,0.0,0,False
2026-04-03 10:30:30+00:00,,,,,,,,0.81,0.81,,0.0,0,False
2026-04-03 10:31:00+00:00,,,,,,,,0.81,0.81,,0.0,0,False
2026-04-03 10:31:30+00:00,,,,,,,,0.81,0.81,,0.0,0,False
2026-04-03 10:32:00+00:00,,,,,,,,0.81,0.81,,0.0,0,False
2026-04-03 10:32:30+00:00,,,,,,,,0.81,0.81,,0.0,0,False
2026-04-03 10:33:00+00:00,,,,,,,,0.81,0.81,,0.0,0,False
2026-04-03 10:33:30+00:00,,,,,,,,0.81,0.81,,0.0,0,False
2026-04-03 10:34:00+00:00,,,,,,,,0.81,0.81,,0.0,0,False
2026-04-03 10:34:30+00:00,,,,,,,,0.81,0.81,,0.0,0,False
2026-04-03 10:35:00+00:00,,,,,,,,0.81,0.81,,0.0,0,False
2026-04-03 10:35:30+00:00,,,,,,,,0.81,0.81,,0.0,0,False
2026-04-03 10:36:00+00:00,,,,,,,,0.81,0.81,,0.0,0,False
2026-04-03 10:36:30+00:00,,,,,,,,0.81,0.81,,0.0,0,False
2026-04-03 10:37:00+00:00,,,,,,,,0.81,0.81,,0.0,0,False
2026-04-03 10:37:30+00:00,,,,,,,,0.81,0.81,,0.0,0,False
2026-04-03 10:38:00+00:00,,,,,,,,0.81,0.81,,0.0,0,False
2026-04-03 10:38:30+00:00,,,,,,,,0.81,0.81,,0.0,0,False
2026-04-03 10:39:00+00:00,,,,,,,,0.81,0.81,,0.0,0,False
2026-04-03 10:39:30+00:00,,,,,,,,0.81,0.81,,0.0,0,False
2026-04-03 10:40:00+00:00,,,,,,,,0.81,0.81,,0.0,0,False
2026-04-03 10:40:30+00:00,,,,,,,,0.81,0.81,,0.0,0,False
2026-04-03 10:41:00+00:00,,,,,,,,0.81,0.81,,0.0,0,False
2026-04-03 10:41:30+00:00,,,,,,,,0.81,0.81,,0.0,0,False
2026-04-03 10:42:00+00:00,,,,,,,,0.81,0.81,,0.0,0,False
2026-04-03 10:42:30+00:00,,,,,,,,0.81,0.81,,0.0,0,False
2026-04-03 10:43:00+00:00,,,,,,,,0.81,0.81,,0.0,0,False
2026-04-03 10:43:30+00:00,,,,,,,,0.81,0.81,,0.0,0,False
2026-04-03 10:44:00+00:00,,,,,,,,0.81,0.81,,0.0,0,False
2026-04-03 10:44:30+00:00,,,,,,,,0.81,0.81,,0.0,0,False
2026-04-03 10:45:00+00:00,,,,,,,,0.8100000000000002,0.81,,5.0,1,False
2026-04-03 10:45:30+00:00,,,,,,,,0.8100000000000002,0.81,,0.0,0,False
2026-04-03 10:46:00+00:00,,,,,,,,0.8100000000000002,0.81,,0.0,0,False
2026-04-03 10:46:30+00:00,,,,,,,,0.8100000000000002,0.81,,0.0,0,False
2026-04-03 10:47:00+00:00,,,,,,,,0.8100000000000002,0.81,,0.0,0,False
2026-04-03 10:47:30+00:00,,,,,,,,0.8100000000000002,0.81,,0.0,0,False
2026-04-03 10:48:00+00:00,,,,,,,,0.8100000000000002,0.81,,0.0,0,False
2026-04-03 10:48:30+00:00,,,,,,,,0.8100000000000002,0.81,,0.0,0,False
2026-04-03 10:49:00+00:00,,,,,,,,0.8100000000000002,0.81,,0.0,0,False
2026-04-03 10:49:30+00:00,,,,,,,,0.8100000000000002,0.81,,0.0,0,False
2026-04-03 10:50:00+00:00,,,,,,,,0.8100000000000002,0.81,,0.0,0,False
2026-04-03 10:50:30+00:00,,,,,,,,0.8100000000000002,0.81,,0.0,0,False
2026-04-03 10:51:00+00:00,,,,,,,,0.8100000000000002,0.81,,0.0,0,False
2026-04-03 10:51:30+00:00,,,,,,,,0.8100000000000002,0.81,,0.0,0,False
2026-04-03 10:52:00+00:00,,,,,,,,0.8100000000000002,0.81,,0.0,0,False
2026-04-03 10:52:30+00:00,,,,,,,,0.8100000000000002,0.81,,0.0,0,False
2026-04-03 10:53:00+00:00,,,,,,,,0.8100000000000002,0.81,,0.0,0,False
2026-04-03 10:53:30+00:00,,,,,,,,0.8100000000000002,0.81,,0.0,0,False
2026-04-03 10:54:00+00:00,,,,,,,,0.8100000000000002,0.81,,0.0,0,False
2026-04-03 10:54:30+00:00,,,,,,,,0.8100000000000002,0.81,,0.0,0,False
2026-04-03 10:55:00+00:00,,,,,,,,0.8100000000000002,0.81,,5.0,1,False
2026-04-03 10:55:30+00:00,,,,,,,,0.8100000000000002,0.81,,0.0,0,False
2026-04-03 10:56:00+00:00,,,,,,,,0.8100000000000002,0.81,,0.0,0,False
2026-04-03 10:56:30+00:00,,,,,,,,0.8100000000000002,0.81,,0.0,0,False
2026-04-03 10:57:00+00:00,,,,,,,,0.8100000000000002,0.81,,0.0,0,False
2026-04-03 10:57:30+00:00,,,,,,,,0.8100000000000002,0.81,,0.0,0,False
2026-04-03 10:58:00+00:00,,,,,,,,0.8100000000000002,0.81,,0.0,0,False
2026-04-03 10:58:30+00:00,,,,,,,,0.8100000000000002,0.81,,0.0,0,False
2026-04-03 10:59:00+00:00,,,,,,,,0.8100000000000002,0.81,,0.0,0,False
2026-04-03 10:59:30+00:00,,,,,,,,0.8100000000000002,0.81,,0.0,0,False
2026-04-03 11:00:00+00:00,,,,,,,,0.8100000000000002,0.81,,0.0,0,False
2026-04-03 11:00:30+00:00,,,,,,,,0.8100000000000002,0.81,,0.0,0,False
2026-04-03 11:01:00+00:00,,,,,,,,0.8100000000000002,0.81,,0.0,0,False
2026-04-03 11:01:30+00:00,,,,,,,,0.8100000000000002,0.81,,0.0,0,False
2026-04-03 11:02:00+00:00,,,,,,,,0.8100000000000002,0.81,,0.0,0,False
2026-04-03 11:02:30+00:00,,,,,,,,0.8100000000000002,0.81,,0.0,0,False
2026-04-03 11:03:00+00:00,,,,,,,,0.8100000000000002,0.81,,0.0,0,False
2026-04-03 11:03:30+00:00,,,,,,,,0.8100000000000002,0.81,,0.0,0,False
2026-04-03 11:04:00+00:00,,,,,,,,0.8100000000000002,0.81,,0.0,0,False
2026-04-03 11:04:30+00:00,,,,,,,,0.8100000000000002,0.81,,0.0,0,False
2026-04-03 11:05:00+00:00,,,,,,,,0.8100000000000002,0.81,,0.0,0,False
2026-04-03 11:05:30+00:00,,,,,,,,0.8100000000000002,0.81,,0.0,0,False
2026-04-03 11:06:00+00:00,,,,,,,,0.8100000000000002,0.81,,0.0,0,False
2026-04-03 11:06:30+00:00,,,,,,,,0.8100000000000002,0.81,,0.0,0,False
2026-04-03 11:07:00+00:00,,,,,,,,0.8100000000000002,0.81,,0.0,0,False
2026-04-03 11:07:30+00:00,,,,,,,,0.8100000000000002,0.81,,0.0,0,False
2026-04-03 11:08:00+00:00,,,,,,,,0.8100000000000002,0.81,,0.0,0,False
2026-04-03 11:08:30+00:00,,,,,,,,0.8100000000000002,0.81,,0.0,0,False
2026-04-03 11:09:00+00:00,,,,,,,,0.8100000000000002,0.81,,0.0,0,False
2026-04-03 11:09:30+00:00,,,,,,,,0.8593043478260869,0.86,,115.0,2,False
2026-04-03 11:10:00+00:00,,,,,,,,0.8593043478260869,0.86,,0.0,0,False
2026-04-03 11:10:30+00:00,,,,,,,,0.8593043478260869,0.86,,0.0,0,False
2026-04-03 11:11:00+00:00,,,,,,,,0.8593043478260869,0.86,,0.0,0,False
2026-04-03 11:11:30+00:00,,,,,,,,0.8593043478260869,0.86,,0.0,0,False
2026-04-03 11:12:00+00:00,,,,,,,,0.8593043478260869,0.86,,0.0,0,False
2026-04-03 11:12:30+00:00,,,,,,,,0.8593043478260869,0.86,,0.0,0,False
2026-04-03 11:13:00+00:00,,,,,,,,0.8593043478260869,0.86,,0.0,0,False
2026-04-03 11:13:30+00:00,,,,,,,,0.8593043478260869,0.86,,0.0,0,False
2026-04-03 11:14:00+00:00,,,,,,,,0.8593043478260869,0.86,,0.0,0,False
2026-04-03 11:14:30+00:00,,,,,,,,0.8593043478260869,0.86,,0.0,0,False
2026-04-03 11:15:00+00:00,,,,,,,,0.8593043478260869,0.86,,0.0,0,False
2026-04-03 11:15:30+00:00,,,,,,,,0.8593043478260869,0.86,,0.0,0,False
2026-04-03 11:16:00+00:00,,,,,,,,0.8593043478260869,0.86,,0.0,0,False
2026-04-03 11:16:30+00:00,,,,,,,,0.8593043478260869,0.86,,0.0,0,False
2026-04-03 11:17:00+00:00,,,,,,,,0.8593043478260869,0.86,,0.0,0,False
2026-04-03 11:17:30+00:00,,,,,,,,0.8593043478260869,0.86,,0.0,0,False
2026-04-03 11:18:00+00:00,,,,,,,,0.8593043478260869,0.86,,0.0,0,False
2026-04-03 11:18:30+00:00,,,,,,,,0.8593043478260869,0.86,,0.0,0,False
2026-04-03 11:19:00+00:00,,,,,,,,0.8593043478260869,0.86,,0.0,0,False
2026-04-03 11:19:30+00:00,,,,,,,,0.8593043478260869,0.86,,0.0,0,False
2026-04-03 11:20:00+00:00,,,,,,,,0.8593043478260869,0.86,,0.0,0,False
2026-04-03 11:20:30+00:00,,,,,,,,0.8593043478260869,0.86,,0.0,0,False
2026-04-03 11:21:00+00:00,,,,,,,,0.8593043478260869,0.86,,0.0,0,False
2026-04-03 11:21:30+00:00,,,,,,,,0.8593043478260869,0.86,,0.0,0,False
2026-04-03 11:22:00+00:00,,,,,,,,0.8593043478260869,0.86,,0.0,0,False
2026-04-03 11:22:30+00:00,,,,,,,,0.8593043478260869,0.86,,0.0,0,False
2026-04-03 11:23:00+00:00,,,,,,,,0.8593043478260869,0.86,,0.0,0,False
2026-04-03 11:23:30+00:00,,,,,,,,0.8593043478260869,0.86,,0.0,0,False
2026-04-03 11:24:00+00:00,,,,,,,,0.8593043478260869,0.86,,0.0,0,False
2026-04-03 11:24:30+00:00,,,,,,,,0.8593043478260869,0.86,,0.0,0,False
2026-04-03 11:25:00+00:00,,,,,,,,0.8593043478260869,0.86,,0.0,0,False
2026-04-03 11:25:30+00:00,,,,,,,,0.8593043478260869,0.86,,0.0,0,False
2026-04-03 11:26:00+00:00,,,,,,,,0.8593043478260869,0.86,,0.0,0,False
2026-04-03 11:26:30+00:00,,,,,,,,0.8593043478260869,0.86,,0.0,0,False
2026-04-03 11:27:00+00:00,,,,,,,,0.8593043478260869,0.86,,0.0,0,False
2026-04-03 11:27:30+00:00,,,,,,,,0.8593043478260869,0.86,,0.0,0,False
2026-04-03 11:28:00+00:00,,,,,,,,0.8593043478260869,0.86,,0.0,0,False
2026-04-03 11:28:30+00:00,,,,,,,,0.8593043478260869,0.86,,0.0,0,False
2026-04-03 11:29:00+00:00,,,,,,,,0.8593043478260869,0.86,,0.0,0,False
2026-04-03 11:29:30+00:00,,,,,,,,0.666,0.64,,5.0,2,False
2026-04-03 11:30:00+00:00,,,,,,,,0.7799999999999999,0.78,,6.0,1,False
2026-04-03 11:30:30+00:00,,,,,,,,0.7799999999999999,0.78,,0.0,0,False
2026-04-03 11:31:00+00:00,,,,,,,,0.7799999999999999,0.78,,0.0,0,False
2026-04-03 11:31:30+00:00,,,,,,,,0.7799999999999999,0.78,,0.0,0,False
2026-04-03 11:32:00+00:00,,,,,,,,0.7399999999999999,0.74,,6.0,1,False
2026-04-03 11:32:30+00:00,,,,,,,,0.81,0.81,,8.0,1,False
2026-04-03 11:33:00+00:00,,,,,,,,0.81,0.81,,0.0,0,False
2026-04-03 11:33:30+00:00,,,,,,,,0.73,0.73,,8.0,1,False
2026-04-03 11:34:00+00:00,,,,,,,,0.81,0.81,,8.0,1,False
2026-04-03 11:34:30+00:00,,,,,,,,0.7072727272727272,0.7,,11.0,3,False
2026-04-03 11:35:00+00:00,,,,,,,,0.7072727272727272,0.7,,0.0,0,False
2026-04-03 11:35:30+00:00,,,,,,,,0.7072727272727272,0.7,,0.0,0,False
2026-04-03 11:36:00+00:00,,,,,,,,0.81,0.81,,1.0,1,False
2026-04-03 11:36:30+00:00,,,,,,,,0.81,0.81,,0.0,0,False
2026-04-03 11:37:00+00:00,,,,,,,,0.81,0.81,,0.0,0,False
2026-04-03 11:37:30+00:00,,,,,,,,0.81,0.81,,0.0,0,False
2026-04-03 11:38:00+00:00,,,,,,,,0.81,0.81,,0.0,0,False
2026-04-03 11:38:30+00:00,,,,,,,,0.81,0.81,,0.0,0,False
2026-04-03 11:39:00+00:00,,,,,,,,0.81,0.81,,0.0,0,False
2026-04-03 11:39:30+00:00,,,,,,,,0.81,0.81,,0.0,0,False
2026-04-03 11:40:00+00:00,,,,,,,,0.81,0.81,,0.0,0,False
2026-04-03 11:40:30+00:00,,,,,,,,0.81,0.81,,0.0,0,False
2026-04-03 11:41:00+00:00,,,,,,,,0.81,0.81,,0.0,0,False
2026-04-03 11:41:30+00:00,,,,,,,,0.81,0.81,,0.0,0,False
2026-04-03 11:42:00+00:00,,,,,,,,0.81,0.81,,0.0,0,False
2026-04-03 11:42:30+00:00,,,,,,,,0.81,0.81,,0.0,0,False
2026-04-03 11:43:00+00:00,,,,,,,,0.81,0.81,,0.0,0,False
2026-04-03 11:43:30+00:00,,,,,,,,0.81,0.81,,0.0,0,False
2026-04-03 11:44:00+00:00,,,,,,,,0.81,0.81,,0.0,0,False
2026-04-03 11:44:30+00:00,,,,,,,,0.81,0.81,,0.0,0,False
2026-04-03 11:45:00+00:00,,,,,,,,0.81,0.81,,0.0,0,False
2026-04-03 11:45:30+00:00,,,,,,,,0.81,0.81,,0.0,0,False
2026-04-03 11:46:00+00:00,,,,,,,,0.81,0.81,,0.0,0,False
2026-04-03 11:46:30+00:00,,,,,,,,0.81,0.81,,0.0,0,False
2026-04-03 11:47:00+00:00,,,,,,,,0.81,0.81,,0.0,0,False
2026-04-03 11:47:30+00:00,,,,,,,,0.81,0.81,,0.0,0,False
2026-04-03 11:48:00+00:00,,,,,,,,0.81,0.81,,0.0,0,False
2026-04-03 11:48:30+00:00,,,,,,,,0.81,0.81,,0.0,0,False
2026-04-03 11:49:00+00:00,,,,,,,,0.81,0.81,,0.0,0,False
2026-04-03 11:49:30+00:00,,,,,,,,0.81,0.81,,0.0,0,False
2026-04-03 11:50:00+00:00,,,,,,,,0.81,0.81,,0.0,0,False
2026-04-03 11:50:30+00:00,,,,,,,,0.81,0.81,,0.0,0,False
2026-04-03 11:51:00+00:00,,,,,,,,0.81,0.81,,0.0,0,False
2026-04-03 11:51:30+00:00,,,,,,,,0.81,0.81,,0.0,0,False
2026-04-03 11:52:00+00:00,,,,,,,,0.81,0.81,,0.0,0,False
2026-04-03 11:52:30+00:00,,,,,,,,0.81,0.81,,0.0,0,False
2026-04-03 11:53:00+00:00,,,,,,,,0.81,0.81,,0.0,0,False
2026-04-03 11:53:30+00:00,,,,,,,,0.81,0.81,,0.0,0,False
2026-04-03 11:54:00+00:00,,,,,,,,0.81,0.81,,0.0,0,False
2026-04-03 11:54:30+00:00,,,,,,,,0.81,0.81,,0.0,0,False
2026-04-03 11:55:00+00:00,,,,,,,,0.81,0.81,,0.0,0,False
2026-04-03 11:55:30+00:00,,,,,,,,0.81,0.81,,0.0,0,False
2026-04-03 11:56:00+00:00,,,,,,,,0.81,0.81,,0.0,0,False
2026-04-03 11:56:30+00:00,,,,,,,,0.81,0.81,,0.0,0,False
2026-04-03 11:57:00+00:00,,,,,,,,0.81,0.81,,0.0,0,False
2026-04-03 11:57:30+00:00,,,,,,,,0.81,0.81,,0.0,0,False
2026-04-03 11:58:00+00:00,,,,,,,,0.81,0.81,,0.0,0,False
2026-04-03 11:58:30+00:00,,,,,,,,0.81,0.81,,0.0,0,False
2026-04-03 11:59:00+00:00,,,,,,,,0.81,0.81,,0.0,0,False
2026-04-03 11:59:30+00:00,,,,,,,,0.81,0.81,,0.0,0,False
2026-04-03 12:00:00+00:00,,,,,,,,0.81,0.81,,0.0,0,False
2026-04-03 12:00:30+00:00,,,,,,,,0.81,0.81,,0.0,0,False
2026-04-03 12:01:00+00:00,,,,,,,,0.81,0.81,,0.0,0,False
2026-04-03 12:01:30+00:00,,,,,,,,0.81,0.81,,0.0,0,False
2026-04-03 12:02:00+00:00,,,,,,,,0.81,0.81,,0.0,0,False
2026-04-03 12:02:30+00:00,,,,,,,,0.81,0.81,,0.0,0,False
2026-04-03 12:03:00+00:00,,,,,,,,0.81,0.81,,0.0,0,False
2026-04-03 12:03:30+00:00,,,,,,,,0.18000000000000005,0.18000000000000005,,4.0,1,False
2026-04-03 12:04:00+00:00,,,,,,,,0.18000000000000005,0.18000000000000005,,0.0,0,False
2026-04-03 12:04:30+00:00,,,,,,,,0.73,0.71,,8.0,2,False
2026-04-03 12:05:00+00:00,,,,,,,,0.73,0.71,,0.0,0,False
2026-04-03 12:05:30+00:00,,,,,,,,0.73,0.71,,0.0,0,False
2026-04-03 12:06:00+00:00,,,,,,,,0.73,0.71,,0.0,0,False
2026-04-03 12:06:30+00:00,,,,,,,,0.73,0.71,,0.0,0,False
2026-04-03 12:07:00+00:00,,,,,,,,0.73,0.71,,0.0,0,False
2026-04-03 12:07:30+00:00,,,,,,,,0.73,0.71,,0.0,0,False
2026-04-03 12:08:00+00:00,,,,,,,,0.73,0.71,,0.0,0,False
2026-04-03 12:08:30+00:00,,,,,,,,0.73,0.71,,0.0,0,False
2026-04-03 12:09:00+00:00,,,,,,,,0.73,0.71,,0.0,0,False
2026-04-03 12:09:30+00:00,,,,,,,,0.73,0.71,,0.0,0,False
2026-04-03 12:10:00+00:00,,,,,,,,0.73,0.71,,0.0,0,False
2026-04-03 12:10:30+00:00,,,,,,,,0.73,0.71,,0.0,0,False
2026-04-03 12:11:00+00:00,,,,,,,,0.73,0.71,,0.0,0,False
2026-04-03 12:11:30+00:00,,,,,,,,0.73,0.71,,0.0,0,False
2026-04-03 12:12:00+00:00,,,,,,,,0.7856310679611651,0.75,,103.0,4,False
2026-04-03 12:12:30+00:00,,,,,,,,0.7856310679611651,0.75,,0.0,0,False
2026-04-03 12:13:00+00:00,,,,,,,,0.7856310679611651,0.75,,0.0,0,False
2026-04-03 12:13:30+00:00,,,,,,,,0.7856310679611651,0.75,,0.0,0,False
2026-04-03 12:14:00+00:00,,,,,,,,0.7856310679611651,0.75,,0.0,0,False
2026-04-03 12:14:30+00:00,,,,,,,,0.7856310679611651,0.75,,0.0,0,False
2026-04-03 12:15:00+00:00,,,,,,,,0.7856310679611651,0.75,,0.0,0,False
2026-04-03 12:15:30+00:00,,,,,,,,0.7856310679611651,0.75,,0.0,0,False
2026-04-03 12:16:00+00:00,,,,,,,,0.7856310679611651,0.75,,0.0,0,False
2026-04-03 12:16:30+00:00,,,,,,,,0.7887500000000001,0.76,,32.0,4,False
2026-04-03 12:17:00+00:00,,,,,,,,0.7887500000000001,0.76,,0.0,0,False
2026-04-03 12:17:30+00:00,,,,,,,,0.765,0.75,,10.0,2,False
2026-04-03 12:18:00+00:00,,,,,,,,0.765,0.75,,0.0,0,False
2026-04-03 12:18:30+00:00,,,,,,,,0.765,0.75,,0.0,0,False
2026-04-03 12:19:00+00:00,,,,,,,,0.765,0.75,,0.0,0,False
2026-04-03 12:19:30+00:00,,,,,,,,0.765,0.75,,0.0,0,False
2026-04-03 12:20:00+00:00,,,,,,,,0.765,0.75,,0.0,0,False
2026-04-03 12:20:30+00:00,,,,,,,,0.765,0.75,,0.0,0,False
2026-04-03 12:21:00+00:00,,,,,,,,0.7998529411764707,0.76,,204.0,3,False
2026-04-03 12:21:30+00:00,,,,,,,,0.7998529411764707,0.76,,0.0,0,False
2026-04-03 12:22:00+00:00,,,,,,,,0.7998529411764707,0.76,,0.0,0,False
2026-04-03 12:22:30+00:00,,,,,,,,0.7998529411764707,0.76,,0.0,0,False
2026-04-03 12:23:00+00:00,,,,,,,,0.7998529411764707,0.76,,0.0,0,False
2026-04-03 12:23:30+00:00,,,,,,,,0.7998529411764707,0.76,,0.0,0,False
2026-04-03 12:24:00+00:00,,,,,,,,0.7998529411764707,0.76,,0.0,0,False
2026-04-03 12:24:30+00:00,,,,,,,,0.7998529411764707,0.76,,0.0,0,False
2026-04-03 12:25:00+00:00,,,,,,,,0.7998529411764707,0.76,,0.0,0,False
2026-04-03 12:25:30+00:00,,,,,,,,0.7998529411764707,0.76,,0.0,0,False
2026-04-03 12:26:00+00:00,,,,,,,,0.7998529411764707,0.76,,0.0,0,False
2026-04-03 12:26:30+00:00,,,,,,,,0.7998529411764707,0.76,,0.0,0,False
2026-04-03 12:27:00+00:00,,,,,,,,0.7998529411764707,0.76,,0.0,0,False
2026-04-03 12:27:30+00:00,,,,,,,,0.7998529411764707,0.76,,0.0,0,False
2026-04-03 12:28:00+00:00,,,,,,,,0.7998529411764707,0.76,,0.0,0,False
2026-04-03 12:28:30+00:00,,,,,,,,0.7998529411764707,0.76,,0.0,0,False
2026-04-03 12:29:00+00:00,,,,,,,,0.7998529411764707,0.76,,0.0,0,False
2026-04-03 12:29:30+00:00,,,,,,,,0.7998529411764707,0.76,,0.0,0,False
2026-04-03 12:30:00+00:00,,,,,,,,0.7998529411764707,0.76,,0.0,0,False
2026-04-03 12:30:30+00:00,,,,,,,,0.7998529411764707,0.76,,0.0,0,False
2026-04-03 12:31:00+00:00,,,,,,,,0.7998529411764707,0.76,,0.0,0,False
2026-04-03 12:31:30+00:00,,,,,,,,0.7998529411764707,0.76,,0.0,0,False
2026-04-03 12:32:00+00:00,,,,,,,,0.7998529411764707,0.76,,0.0,0,False
2026-04-03 12:32:30+00:00,,,,,,,,0.7998529411764707,0.76,,0.0,0,False
2026-04-03 12:33:00+00:00,,,,,,,,0.7998529411764707,0.76,,0.0,0,False
2026-04-03 12:33:30+00:00,,,,,,,,0.7998529411764707,0.76,,0.0,0,False
2026-04-03 12:34:00+00:00,,,,,,,,0.7998529411764707,0.76,,0.0,0,False
2026-04-03 12:34:30+00:00,,,,,,,,0.7998529411764707,0.76,,0.0,0,False
2026-04-03 12:35:00+00:00,,,,,,,,0.7998529411764707,0.76,,0.0,0,False
2026-04-03 12:35:30+00:00,,,,,,,,0.7998529411764707,0.76,,0.0,0,False
2026-04-03 12:36:00+00:00,,,,,,,,0.7998529411764707,0.76,,0.0,0,False
2026-04-03 12:36:30+00:00,,,,,,,,0.7998529411764707,0.76,,0.0,0,False
2026-04-03 12:37:00+00:00,,,,,,,,0.7998529411764707,0.76,,0.0,0,False
2026-04-03 12:37:30+00:00,,,,,,,,0.7998529411764707,0.76,,0.0,0,False
2026-04-03 12:38:00+00:00,,,,,,,,0.7998529411764707,0.76,,0.0,0,False
2026-04-03 12:38:30+00:00,,,,,,,,0.7998529411764707,0.76,,0.0,0,False
2026-04-03 12:39:00+00:00,,,,,,,,0.7998529411764707,0.76,,0.0,0,False
2026-04-03 12:39:30+00:00,,,,,,,,0.7998529411764707,0.76,,0.0,0,False
2026-04-03 12:40:00+00:00,,,,,,,,0.7998529411764707,0.76,,0.0,0,False
2026-04-03 12:40:30+00:00,,,,,,,,0.7998529411764707,0.76,,0.0,0,False
2026-04-03 12:41:00+00:00,,,,,,,,0.7998529411764707,0.76,,0.0,0,False
2026-04-03 12:41:30+00:00,,,,,,,,0.7998529411764707,0.76,,0.0,0,False
2026-04-03 12:42:00+00:00,,,,,,,,0.7998529411764707,0.76,,0.0,0,False
2026-04-03 12:42:30+00:00,,,,,,,,0.7998529411764707,0.76,,0.0,0,False
2026-04-03 12:43:00+00:00,,,,,,,,0.7998529411764707,0.76,,0.0,0,False
2026-04-03 12:43:30+00:00,,,,,,,,0.7998529411764707,0.76,,0.0,0,False
2026-04-03 12:44:00+00:00,,,,,,,,0.7998529411764707,0.76,,0.0,0,False
2026-04-03 12:44:30+00:00,,,,,,,,0.7998529411764707,0.76,,0.0,0,False
2026-04-03 12:45:00+00:00,,,,,,,,0.7998529411764707,0.76,,0.0,0,False
2026-04-03 12:45:30+00:00,,,,,,,,0.7998529411764707,0.76,,0.0,0,False
2026-04-03 12:46:00+00:00,,,,,,,,0.7998529411764707,0.76,,0.0,0,False
2026-04-03 12:46:30+00:00,,,,,,,,0.7998529411764707,0.76,,0.0,0,False
2026-04-03 12:47:00+00:00,,,,,,,,0.7998529411764707,0.76,,0.0,0,False
2026-04-03 12:47:30+00:00,,,,,,,,0.7998529411764707,0.76,,0.0,0,False
2026-04-03 12:48:00+00:00,,,,,,,,0.7998529411764707,0.76,,0.0,0,False
2026-04-03 12:48:30+00:00,,,,,,,,0.7998529411764707,0.76,,0.0,0,False
2026-04-03 12:49:00+00:00,,,,,,,,0.7998529411764707,0.76,,0.0,0,False
2026-04-03 12:49:30+00:00,,,,,,,,0.7998529411764707,0.76,,0.0,0,False
2026-04-03 12:50:00+00:00,,,,,,,,0.7998529411764707,0.76,,0.0,0,False
2026-04-03 12:50:30+00:00,,,,,,,,0.7998529411764707,0.76,,0.0,0,False
2026-04-03 12:51:00+00:00,,,,,,,,0.7998529411764707,0.76,,0.0,0,False
2026-04-03 12:51:30+00:00,,,,,,,,0.7998529411764707,0.76,,0.0,0,False
2026-04-03 12:52:00+00:00,,,,,,,,0.7998529411764707,0.76,,0.0,0,False
2026-04-03 12:52:30+00:00,,,,,,,,0.7998529411764707,0.76,,0.0,0,False
2026-04-03 12:53:00+00:00,,,,,,,,0.7998529411764707,0.76,,0.0,0,False
2026-04-03 12:53:30+00:00,,,,,,,,0.7998529411764707,0.76,,0.0,0,False
2026-04-03 12:54:00+00:00,,,,,,,,0.7998529411764707,0.76,,0.0,0,False
2026-04-03 12:54:30+00:00,,,,,,,,0.7998529411764707,0.76,,0.0,0,False
2026-04-03 12:55:00+00:00,,,,,,,,0.7998529411764707,0.76,,0.0,0,False
2026-04-03 12:55:30+00:00,,,,,,,,0.7998529411764707,0.76,,0.0,0,False
2026-04-03 12:56:00+00:00,,,,,,,,0.7998529411764707,0.76,,0.0,0,False
2026-04-03 12:56:30+00:00,,,,,,,,0.7998529411764707,0.76,,0.0,0,False
2026-04-03 12:57:00+00:00,,,,,,,,0.7998529411764707,0.76,,0.0,0,False
2026-04-03 12:57:30+00:00,,,,,,,,0.7998529411764707,0.76,,0.0,0,False
2026-04-03 12:58:00+00:00,,,,,,,,0.7998529411764707,0.76,,0.0,0,False
2026-04-03 12:58:30+00:00,,,,,,,,0.7998529411764707,0.76,,0.0,0,False
2026-04-03 12:59:00+00:00,,,,,,,,0.79,0.79,,24.0,1,False
2026-04-03 12:59:30+00:00,,,,,,,,0.79,0.79,,0.0,0,False
2026-04-03 13:00:00+00:00,,,,,,,,0.79,0.79,,0.0,0,False
2026-04-03 13:00:30+00:00,,,,,,,,0.79,0.79,,0.0,0,False
2026-04-03 13:01:00+00:00,,,,,,,,0.79,0.79,,0.0,0,False
2026-04-03 13:01:30+00:00,,,,,,,,0.79,0.79,,0.0,0,False
2026-04-03 13:02:00+00:00,,,,,,,,0.79,0.79,,0.0,0,False
2026-04-03 13:02:30+00:00,,,,,,,,0.79,0.79,,0.0,0,False
2026-04-03 13:03:00+00:00,,,,,,,,0.79,0.79,,0.0,0,False
2026-04-03 13:03:30+00:00,,,,,,,,0.79,0.79,,0.0,0,False
2026-04-03 13:04:00+00:00,,,,,,,,0.79,0.79,,0.0,0,False
2026-04-03 13:04:30+00:00,,,,,,,,0.79,0.79,,0.0,0,False
2026-04-03 13:05:00+00:00,,,,,,,,0.79,0.79,,0.0,0,False
2026-04-03 13:05:30+00:00,,,,,,,,0.79,0.79,,0.0,0,False
2026-04-03 13:06:00+00:00,,,,,,,,0.79,0.79,,0.0,0,False
2026-04-03 13:06:30+00:00,,,,,,,,0.79,0.79,,0.0,0,False
2026-04-03 13:07:00+00:00,,,,,,,,0.79,0.79,,0.0,0,False
2026-04-03 13:07:30+00:00,,,,,,,,0.79,0.79,,0.0,0,False
2026-04-03 13:08:00+00:00,,,,,,,,0.79,0.79,,0.0,0,False
2026-04-03 13:08:30+00:00,,,,,,,,0.79,0.79,,0.0,0,False
2026-04-03 13:09:00+00:00,,,,,,,,0.79,0.79,,0.0,0,False
2026-04-03 13:09:30+00:00,,,,,,,,0.79,0.79,,0.0,0,False
2026-04-03 13:10:00+00:00,,,,,,,,0.79,0.79,,0.0,0,False
2026-04-03 13:10:30+00:00,,,,,,,,0.79,0.79,,0.0,0,False
2026-04-03 13:11:00+00:00,,,,,,,,0.79,0.79,,0.0,0,False
2026-04-03 13:11:30+00:00,,,,,,,,0.79,0.79,,0.0,0,False
2026-04-03 13:12:00+00:00,,,,,,,,0.79,0.79,,0.0,0,False
2026-04-03 13:12:30+00:00,,,,,,,,0.79,0.79,,0.0,0,False
2026-04-03 13:13:00+00:00,,,,,,,,0.79,0.79,,0.0,0,False
2026-04-03 13:13:30+00:00,,,,,,,,0.79,0.79,,0.0,0,False
2026-04-03 13:14:00+00:00,,,,,,,,0.79,0.79,,0.0,0,False
2026-04-03 13:14:30+00:00,,,,,,,,0.79,0.79,,0.0,0,False
2026-04-03 13:15:00+00:00,,,,,,,,0.79,0.79,,0.0,0,False
2026-04-03 13:15:30+00:00,,,,,,,,0.79,0.79,,0.0,0,False
2026-04-03 13:16:00+00:00,,,,,,,,0.79,0.79,,0.0,0,False
2026-04-03 13:16:30+00:00,,,,,,,,0.79,0.79,,0.0,0,False
2026-04-03 13:17:00+00:00,,,,,,,,0.79,0.79,,0.0,0,False
2026-04-03 13:17:30+00:00,,,,,,,,0.79,0.79,,0.0,0,False
2026-04-03 13:18:00+00:00,,,,,,,,0.79,0.79,,0.0,0,False
2026-04-03 13:18:30+00:00,,,,,,,,0.79,0.79,,0.0,0,False
2026-04-03 13:19:00+00:00,,,,,,,,0.79,0.79,,0.0,0,False
2026-04-03 13:19:30+00:00,,,,,,,,0.79,0.79,,0.0,0,False
2026-04-03 13:20:00+00:00,,,,,,,,0.79,0.79,,0.0,0,False
2026-04-03 13:20:30+00:00,,,,,,,,0.79,0.79,,0.0,0,False
2026-04-03 13:21:00+00:00,,,,,,,,0.79,0.79,,0.0,0,False
2026-04-03 13:21:30+00:00,,,,,,,,0.79,0.79,,0.0,0,False
2026-04-03 13:22:00+00:00,,,,,,,,0.79,0.79,,12.0,1,False
2026-04-03 13:22:30+00:00,,,,,,,,0.79,0.79,,0.0,0,False
2026-04-03 13:23:00+00:00,,,,,,,,0.79,0.79,,0.0,0,False
2026-04-03 13:23:30+00:00,,,,,,,,0.79,0.79,,25.0,1,False
2026-04-03 13:24:00+00:00,,,,,,,,0.79,0.79,,0.0,0,False
2026-04-03 13:24:30+00:00,,,,,,,,0.79,0.79,,0.0,0,False
2026-04-03 13:25:00+00:00,,,,,,,,0.79,0.79,,0.0,0,False
2026-04-03 13:25:30+00:00,,,,,,,,0.79,0.79,,0.0,0,False
2026-04-03 13:26:00+00:00,,,,,,,,0.79,0.79,,0.0,0,False
2026-04-03 13:26:30+00:00,,,,,,,,0.79,0.79,,0.0,0,False
2026-04-03 13:27:00+00:00,,,,,,,,0.79,0.79,,0.0,0,False
2026-04-03 13:27:30+00:00,,,,,,,,0.79,0.79,,0.0,0,False
2026-04-03 13:28:00+00:00,,,,,,,,0.79,0.79,,0.0,0,False
2026-04-03 13:28:30+00:00,,,,,,,,0.79,0.79,,0.0,0,False
2026-04-03 13:29:00+00:00,,,,,,,,0.79,0.79,,0.0,0,False
2026-04-03 13:29:30+00:00,,,,,,,,0.79,0.79,,0.0,0,False
2026-04-03 13:30:00+00:00,,,,,,,,0.79,0.79,,0.0,0,False
2026-04-03 13:30:30+00:00,,,,,,,,0.79,0.79,,0.0,0,False
2026-04-03 13:31:00+00:00,,,,,,,,0.79,0.79,,0.0,0,False
2026-04-03 13:31:30+00:00,,,,,,,,0.79,0.79,,0.0,0,False
2026-04-03 13:32:00+00:00,,,,,,,,0.79,0.79,,0.0,0,False
2026-04-03 13:32:30+00:00,,,,,,,,0.79,0.79,,0.0,0,False
2026-04-03 13:33:00+00:00,,,,,,,,0.79,0.79,,0.0,0,False
2026-04-03 13:33:30+00:00,,,,,,,,0.79,0.79,,0.0,0,False
2026-04-03 13:34:00+00:00,,,,,,,,0.79,0.79,,0.0,0,False
2026-04-03 13:34:30+00:00,,,,,,,,0.79,0.79,,0.0,0,False
2026-04-03 13:35:00+00:00,,,,,,,,0.79,0.79,,0.0,0,False
2026-04-03 13:35:30+00:00,,,,,,,,0.79,0.79,,0.0,0,False
2026-04-03 13:36:00+00:00,,,,,,,,0.79,0.79,,0.0,0,False
2026-04-03 13:36:30+00:00,,,,,,,,0.79,0.79,,0.0,0,False
2026-04-03 13:37:00+00:00,,,,,,,,0.79,0.79,,0.0,0,False
2026-04-03 13:37:30+00:00,,,,,,,,0.79,0.79,,0.0,0,False
2026-04-03 13:38:00+00:00,,,,,,,,0.79,0.79,,0.0,0,False
2026-04-03 13:38:30+00:00,,,,,,,,0.79,0.79,,0.0,0,False
2026-04-03 13:39:00+00:00,,,,,,,,0.79,0.79,,0.0,0,False
2026-04-03 13:39:30+00:00,,,,,,,,0.79,0.79,,0.0,0,False
2026-04-03 13:40:00+00:00,,,,,,,,0.79,0.79,,0.0,0,False
2026-04-03 13:40:30+00:00,,,,,,,,0.79,0.79,,0.0,0,False
2026-04-03 13:41:00+00:00,,,,,,,,0.79,0.79,,0.0,0,False
2026-04-03 13:41:30+00:00,,,,,,,,0.79,0.79,,0.0,0,False
2026-04-03 13:42:00+00:00,,,,,,,,0.79,0.79,,0.0,0,False
2026-04-03 13:42:30+00:00,,,,,,,,0.79,0.79,,0.0,0,False
2026-04-03 13:43:00+00:00,,,,,,,,0.79,0.79,,0.0,0,False
2026-04-03 13:43:30+00:00,,,,,,,,0.79,0.79,,0.0,0,False
2026-04-03 13:44:00+00:00,,,,,,,,0.79,0.79,,0.0,0,False
2026-04-03 13:44:30+00:00,,,,,,,,0.79,0.79,,0.0,0,False
2026-04-03 13:45:00+00:00,,,,,,,,0.79,0.79,,0.0,0,False
2026-04-03 13:45:30+00:00,,,,,,,,0.79,0.79,,0.0,0,False
2026-04-03 13:46:00+00:00,,,,,,,,0.79,0.79,,0.0,0,False
2026-04-03 13:46:30+00:00,,,,,,,,0.79,0.79,,0.0,0,False
2026-04-03 13:47:00+00:00,,,,,,,,0.79,0.79,,0.0,0,False
2026-04-03 13:47:30+00:00,,,,,,,,0.79,0.79,,0.0,0,False
2026-04-03 13:48:00+00:00,,,,,,,,0.79,0.79,,0.0,0,False
2026-04-03 13:48:30+00:00,,,,,,,,0.79,0.79,,0.0,0,False
2026-04-03 13:49:00+00:00,,,,,,,,0.79,0.79,,0.0,0,False
2026-04-03 13:49:30+00:00,,,,,,,,0.79,0.79,,0.0,0,False
2026-04-03 13:50:00+00:00,,,,,,,,0.79,0.79,,0.0,0,False
2026-04-03 13:50:30+00:00,,,,,,,,0.79,0.79,,0.0,0,False
2026-04-03 13:51:00+00:00,,,,,,,,0.79,0.79,,0.0,0,False
2026-04-03 13:51:30+00:00,,,,,,,,0.79,0.79,,0.0,0,False
2026-04-03 13:52:00+00:00,,,,,,,,0.79,0.79,,0.0,0,False
2026-04-03 13:52:30+00:00,,,,,,,,0.79,0.79,,0.0,0,False
2026-04-03 13:53:00+00:00,,,,,,,,0.79,0.79,,0.0,0,False
2026-04-03 13:53:30+00:00,,,,,,,,0.79,0.79,,0.0,0,False
2026-04-03 13:54:00+00:00,,,,,,,,0.79,0.79,,0.0,0,False
2026-04-03 13:54:30+00:00,,,,,,,,0.79,0.79,,0.0,0,False
2026-04-03 13:55:00+00:00,,,,,,,,0.79,0.79,,0.0,0,False
2026-04-03 13:55:30+00:00,,,,,,,,0.79,0.79,,0.0,0,False
2026-04-03 13:56:00+00:00,,,,,,,,0.79,0.79,,0.0,0,False
2026-04-03 13:56:30+00:00,,,,,,,,0.79,0.79,,0.0,0,False
2026-04-03 13:57:00+00:00,,,,,,,,0.79,0.79,,0.0,0,False
2026-04-03 13:57:30+00:00,,,,,,,,0.79,0.79,,0.0,0,False
2026-04-03 13:58:00+00:00,,,,,,,,0.79,0.79,,0.0,0,False
2026-04-03 13:58:30+00:00,,,,,,,,0.79,0.79,,0.0,0,False
2026-04-03 13:59:00+00:00,,,,,,,,0.79,0.79,,0.0,0,False
2026-04-03 13:59:30+00:00,,,,,,,,0.79,0.79,,0.0,0,False
2026-04-03 14:00:00+00:00,,,,,,,,0.79,0.79,,0.0,0,False
2026-04-03 14:00:30+00:00,,,,,,,,0.79,0.79,,0.0,0,False
2026-04-03 14:01:00+00:00,,,,,,,,0.79,0.79,,0.0,0,False
2026-04-03 14:01:30+00:00,,,,,,,,0.79,0.79,,0.0,0,False
2026-04-03 14:02:00+00:00,,,,,,,,0.79,0.79,,0.0,0,False
2026-04-03 14:02:30+00:00,,,,,,,,0.79,0.79,,0.0,0,False
2026-04-03 14:03:00+00:00,,,,,,,,0.79,0.79,,0.0,0,False
2026-04-03 14:03:30+00:00,,,,,,,,0.79,0.79,,0.0,0,False
2026-04-03 14:04:00+00:00,,,,,,,,0.79,0.79,,0.0,0,False
2026-04-03 14:04:30+00:00,,,,,,,,0.79,0.79,,0.0,0,False
2026-04-03 14:05:00+00:00,,,,,,,,0.79,0.79,,0.0,0,False
2026-04-03 14:05:30+00:00,,,,,,,,0.7900000000000001,0.79,,22.0,2,False
2026-04-03 14:06:00+00:00,,,,,,,,0.7600000000000001,0.76,,12.0,1,False
2026-04-03 14:06:30+00:00,,,,,,,,0.7600000000000001,0.76,,0.0,0,False
2026-04-03 14:07:00+00:00,,,,,,,,0.7600000000000001,0.76,,0.0,0,False
2026-04-03 14:07:30+00:00,,,,,,,,0.7600000000000001,0.76,,0.0,0,False
2026-04-03 14:08:00+00:00,,,,,,,,0.7600000000000001,0.76,,0.0,0,False
2026-04-03 14:08:30+00:00,,,,,,,,0.7600000000000001,0.76,,0.0,0,False
2026-04-03 14:09:00+00:00,,,,,,,,0.7600000000000001,0.76,,0.0,0,False
2026-04-03 14:09:30+00:00,,,,,,,,0.7600000000000001,0.76,,0.0,0,False
2026-04-03 14:10:00+00:00,,,,,,,,0.7600000000000001,0.76,,0.0,0,False
2026-04-03 14:10:30+00:00,,,,,,,,0.7600000000000001,0.76,,0.0,0,False
2026-04-03 14:11:00+00:00,,,,,,,,0.7600000000000001,0.76,,0.0,0,False
2026-04-03 14:11:30+00:00,,,,,,,,0.7600000000000001,0.76,,0.0,0,False
2026-04-03 14:12:00+00:00,,,,,,,,0.7600000000000001,0.76,,0.0,0,False
2026-04-03 14:12:30+00:00,,,,,,,,0.7600000000000001,0.76,,0.0,0,False
2026-04-03 14:13:00+00:00,,,,,,,,0.7600000000000001,0.76,,0.0,0,False
2026-04-03 14:13:30+00:00,,,,,,,,0.7600000000000001,0.76,,0.0,0,False
2026-04-03 14:14:00+00:00,,,,,,,,0.7600000000000001,0.76,,0.0,0,False
2026-04-03 14:14:30+00:00,,,,,,,,0.7600000000000001,0.76,,0.0,0,False
2026-04-03 14:15:00+00:00,,,,,,,,0.7600000000000001,0.76,,0.0,0,False
2026-04-03 14:15:30+00:00,,,,,,,,0.7600000000000001,0.76,,0.0,0,False
2026-04-03 14:16:00+00:00,,,,,,,,0.7600000000000001,0.76,,0.0,0,False
2026-04-03 14:16:30+00:00,,,,,,,,0.7600000000000001,0.76,,0.0,0,False
2026-04-03 14:17:00+00:00,,,,,,,,0.7600000000000001,0.76,,0.0,0,False
2026-04-03 14:17:30+00:00,,,,,,,,0.8,0.8,,60.0,1,False
2026-04-03 14:18:00+00:00,,,,,,,,0.8,0.8,,0.0,0,False
2026-04-03 14:18:30+00:00,,,,,,,,0.8,0.8,,13.0,1,False
2026-04-03 14:19:00+00:00,,,,,,,,0.8,0.8,,0.0,0,False
2026-04-03 14:19:30+00:00,,,,,,,,0.8,0.8,,0.0,0,False
2026-04-03 14:20:00+00:00,,,,,,,,0.8,0.8,,0.0,0,False
2026-04-03 14:20:30+00:00,,,,,,,,0.8,0.8,,0.0,0,False
2026-04-03 14:21:00+00:00,,,,,,,,0.8,0.8,,0.0,0,False
2026-04-03 14:21:30+00:00,,,,,,,,0.8,0.8,,0.0,0,False
2026-04-03 14:22:00+00:00,,,,,,,,0.8,0.8,,0.0,0,False
2026-04-03 14:22:30+00:00,,,,,,,,0.8,0.8,,0.0,0,False
2026-04-03 14:23:00+00:00,,,,,,,,0.8,0.8,,0.0,0,False
2026-04-03 14:23:30+00:00,,,,,,,,0.8,0.8,,0.0,0,False
2026-04-03 14:24:00+00:00,,,,,,,,0.8,0.8,,0.0,0,False
2026-04-03 14:24:30+00:00,,,,,,,,0.8,0.8,,0.0,0,False
2026-04-03 14:25:00+00:00,,,,,,,,0.8,0.8,,0.0,0,False
2026-04-03 14:25:30+00:00,,,,,,,,0.8,0.8,,0.0,0,False
2026-04-03 14:26:00+00:00,,,,,,,,0.8,0.8,,0.0,0,False
2026-04-03 14:26:30+00:00,,,,,,,,0.8,0.8,,0.0,0,False
2026-04-03 14:27:00+00:00,,,,,,,,0.8,0.8,,0.0,0,False
2026-04-03 14:27:30+00:00,,,,,,,,0.8,0.8,,0.0,0,False
2026-04-03 14:28:00+00:00,,,,,,,,0.8,0.8,,0.0,0,False
2026-04-03 14:28:30+00:00,,,,,,,,0.8,0.8,,0.0,0,False
2026-04-03 14:29:00+00:00,,,,,,,,0.8,0.8,,0.0,0,False
2026-04-03 14:29:30+00:00,,,,,,,,0.8,0.8,,0.0,0,False
2026-04-03 14:30:00+00:00,,,,,,,,0.8,0.8,,0.0,0,False
2026-04-03 14:30:30+00:00,,,,,,,,0.8,0.8,,0.0,0,False
2026-04-03 14:31:00+00:00,,,,,,,,0.8,0.8,,0.0,0,False
2026-04-03 14:31:30+00:00,,,,,,,,0.8,0.8,,0.0,0,False
2026-04-03 14:32:00+00:00,,,,,,,,0.8,0.8,,0.0,0,False
2026-04-03 14:32:30+00:00,,,,,,,,0.8,0.8,,0.0,0,False
2026-04-03 14:33:00+00:00,,,,,,,,0.7899999999999999,0.79,,61.0,2,False
2026-04-03 14:33:30+00:00,,,,,,,,0.7899999999999999,0.79,,0.0,0,False
2026-04-03 14:34:00+00:00,,,,,,,,0.7899999999999999,0.79,,0.0,0,False
2026-04-03 14:34:30+00:00,,,,,,,,0.7899999999999999,0.79,,0.0,0,False
2026-04-03 14:35:00+00:00,,,,,,,,0.7899999999999999,0.79,,0.0,0,False
2026-04-03 14:35:30+00:00,,,,,,,,0.7899999999999999,0.79,,0.0,0,False
2026-04-03 14:36:00+00:00,,,,,,,,0.7899999999999999,0.79,,0.0,0,False
2026-04-03 14:36:30+00:00,,,,,,,,0.7899999999999999,0.79,,0.0,0,False
2026-04-03 14:37:00+00:00,,,,,,,,0.8,0.8,,30.0,2,False
2026-04-03 14:37:30+00:00,,,,,,,,0.8,0.8,,0.0,0,False
2026-04-03 14:38:00+00:00,,,,,,,,0.8,0.8,,0.0,0,False
2026-04-03 14:38:30+00:00,,,,,,,,0.8,0.8,,0.0,0,False
2026-04-03 14:39:00+00:00,,,,,,,,0.8,0.8,,0.0,0,False
2026-04-03 14:39:30+00:00,,,,,,,,0.8,0.8,,0.0,0,False
2026-04-03 14:40:00+00:00,,,,,,,,0.8,0.8,,0.0,0,False
2026-04-03 14:40:30+00:00,,,,,,,,0.8,0.8,,0.0,0,False
2026-04-03 14:41:00+00:00,,,,,,,,0.8,0.8,,0.0,0,False
2026-04-03 14:41:30+00:00,,,,,,,,0.8,0.8,,0.0,0,False
2026-04-03 14:42:00+00:00,,,,,,,,0.8,0.8,,0.0,0,False
2026-04-03 14:42:30+00:00,,,,,,,,0.8,0.8,,0.0,0,False
2026-04-03 14:43:00+00:00,,,,,,,,0.8,0.8,,0.0,0,False
2026-04-03 14:43:30+00:00,,,,,,,,0.8,0.8,,0.0,0,False
2026-04-03 14:44:00+00:00,,,,,,,,0.8,0.8,,0.0,0,False
2026-04-03 14:44:30+00:00,,,,,,,,0.8,0.8,,0.0,0,False
2026-04-03 14:45:00+00:00,,,,,,,,0.8,0.8,,0.0,0,False
2026-04-03 14:45:30+00:00,,,,,,,,0.8,0.8,,0.0,0,False
2026-04-03 14:46:00+00:00,,,,,,,,0.8,0.8,,0.0,0,False
2026-04-03 14:46:30+00:00,,,,,,,,0.8,0.8,,0.0,0,False
2026-04-03 14:47:00+00:00,,,,,,,,0.8,0.8,,0.0,0,False
2026-04-03 14:47:30+00:00,,,,,,,,0.8,0.8,,0.0,0,False
2026-04-03 14:48:00+00:00,,,,,,,,0.8,0.8,,0.0,0,False
2026-04-03 14:48:30+00:00,,,,,,,,0.8,0.8,,0.0,0,False
2026-04-03 14:49:00+00:00,,,,,,,,0.8,0.8,,0.0,0,False
2026-04-03 14:49:30+00:00,,,,,,,,0.8,0.8,,0.0,0,False
2026-04-03 14:50:00+00:00,,,,,,,,0.8,0.8,,0.0,0,False
2026-04-03 14:50:30+00:00,,,,,,,,0.8,0.8,,0.0,0,False
2026-04-03 14:51:00+00:00,,,,,,,,0.8,0.8,,0.0,0,False
2026-04-03 14:51:30+00:00,,,,,,,,0.8,0.8,,0.0,0,False
2026-04-03 14:52:00+00:00,,,,,,,,0.75,0.75,,4.0,2,False
2026-04-03 14:52:30+00:00,,,,,,,,0.75,0.75,,0.0,0,False
2026-04-03 14:53:00+00:00,,,,,,,,0.75,0.75,,0.0,0,False
2026-04-03 14:53:30+00:00,,,,,,,,0.75,0.75,,0.0,0,False
2026-04-03 14:54:00+00:00,,,,,,,,0.75,0.75,,0.0,0,False
2026-04-03 14:54:30+00:00,,,,,,,,0.75,0.75,,0.0,0,False
2026-04-03 14:55:00+00:00,,,,,,,,0.74,0.74,,71.0,1,False
2026-04-03 14:55:30+00:00,,,,,,,,0.74,0.74,,0.0,0,False
2026-04-03 14:56:00+00:00,,,,,,,,0.74,0.74,,0.0,0,False
2026-04-03 14:56:30+00:00,,,,,,,,0.74,0.74,,0.0,0,False
2026-04-03 14:57:00+00:00,,,,,,,,0.74,0.74,,0.0,0,False
2026-04-03 14:57:30+00:00,,,,,,,,0.74,0.74,,0.0,0,False
2026-04-03 14:58:00+00:00,,,,,,,,0.74,0.74,,0.0,0,False
2026-04-03 14:58:30+00:00,,,,,,,,0.74,0.74,,0.0,0,False
2026-04-03 14:59:00+00:00,,,,,,,,0.74,0.74,,0.0,0,False
2026-04-03 14:59:30+00:00,,,,,,,,0.74,0.74,,0.0,0,False
2026-04-03 15:00:00+00:00,,,,,,,,0.74,0.74,,0.0,0,False
2026-04-03 15:00:30+00:00,,,,,,,,0.74,0.74,,0.0,0,False
2026-04-03 15:01:00+00:00,,,,,,,,0.74,0.74,,0.0,0,False
2026-04-03 15:01:30+00:00,,,,,,,,0.74,0.74,,0.0,0,False
2026-04-03 15:02:00+00:00,,,,,,,,0.74,0.74,,0.0,0,False
2026-04-03 15:02:30+00:00,,,,,,,,0.74,0.74,,0.0,0,False
2026-04-03 15:03:00+00:00,,,,,,,,0.74,0.74,,0.0,0,False
2026-04-03 15:03:30+00:00,,,,,,,,0.74,0.74,,0.0,0,False
2026-04-03 15:04:00+00:00,,,,,,,,0.79,0.79,,24.0,1,False
2026-04-03 15:04:30+00:00,,,,,,,,0.79,0.79,,0.0,0,False
2026-04-03 15:05:00+00:00,,,,,,,,0.79,0.79,,0.0,0,False
2026-04-03 15:05:30+00:00,,,,,,,,0.79,0.79,,0.0,0,False
2026-04-03 15:06:00+00:00,,,,,,,,0.79,0.79,,0.0,0,False
2026-04-03 15:06:30+00:00,,,,,,,,0.79,0.79,,0.0,0,False
2026-04-03 15:07:00+00:00,,,,,,,,0.79,0.79,,0.0,0,False
2026-04-03 15:07:30+00:00,,,,,,,,0.79,0.79,,0.0,0,False
2026-04-03 15:08:00+00:00,,,,,,,,0.79,0.79,,0.0,0,False
2026-04-03 15:08:30+00:00,,,,,,,,0.79,0.79,,0.0,0,False
2026-04-03 15:09:00+00:00,,,,,,,,0.79,0.79,,0.0,0,False
2026-04-03 15:09:30+00:00,,,,,,,,0.79,0.79,,0.0,0,False
2026-04-03 15:10:00+00:00,,,,,,,,0.79,0.79,,0.0,0,False
2026-04-03 15:10:30+00:00,,,,,,,,0.79,0.79,,0.0,0,False
2026-04-03 15:11:00+00:00,,,,,,,,0.79,0.79,,0.0,0,False
2026-04-03 15:11:30+00:00,,,,,,,,0.79,0.79,,0.0,0,False
2026-04-03 15:12:00+00:00,,,,,,,,0.79,0.79,,0.0,0,False
2026-04-03 15:12:30+00:00,,,,,,,,0.79,0.79,,0.0,0,False
2026-04-03 15:13:00+00:00,,,,,,,,0.79,0.79,,0.0,0,False
2026-04-03 15:13:30+00:00,,,,,,,,0.79,0.79,,0.0,0,False
2026-04-03 15:14:00+00:00,,,,,,,,0.79,0.79,,0.0,0,False
2026-04-03 15:14:30+00:00,,,,,,,,0.79,0.79,,0.0,0,False
2026-04-03 15:15:00+00:00,,,,,,,,0.79,0.79,,0.0,0,False
2026-04-03 15:15:30+00:00,,,,,,,,0.79,0.79,,0.0,0,False
2026-04-03 15:16:00+00:00,,,,,,,,0.79,0.79,,0.0,0,False
2026-04-03 15:16:30+00:00,,,,,,,,0.79,0.79,,0.0,0,False
2026-04-03 15:17:00+00:00,,,,,,,,0.79,0.79,,0.0,0,False
2026-04-03 15:17:30+00:00,,,,,,,,0.79,0.79,,0.0,0,False
2026-04-03 15:18:00+00:00,,,,,,,,0.79,0.79,,0.0,0,False
2026-04-03 15:18:30+00:00,,,,,,,,0.79,0.79,,0.0,0,False
2026-04-03 15:19:00+00:00,,,,,,,,0.79,0.79,,0.0,0,False
2026-04-03 15:19:30+00:00,,,,,,,,0.79,0.79,,2.0,1,False
2026-04-03 15:20:00+00:00,,,,,,,,0.79,0.79,,0.0,0,False
2026-04-03 15:20:30+00:00,,,,,,,,0.79,0.79,,0.0,0,False
2026-04-03 15:21:00+00:00,,,,,,,,0.79,0.79,,0.0,0,False
2026-04-03 15:21:30+00:00,,,,,,,,0.79,0.79,,0.0,0,False
2026-04-03 15:22:00+00:00,,,,,,,,0.79,0.79,,0.0,0,False
2026-04-03 15:22:30+00:00,,,,,,,,0.79,0.79,,0.0,0,False
2026-04-03 15:23:00+00:00,,,,,,,,0.79,0.79,,0.0,0,False
2026-04-03 15:23:30+00:00,,,,,,,,0.79,0.79,,0.0,0,False
2026-04-03 15:24:00+00:00,,,,,,,,0.7900000000000001,0.79,,30.0,1,False
2026-04-03 15:24:30+00:00,,,,,,,,0.7900000000000001,0.79,,0.0,0,False
2026-04-03 15:25:00+00:00,,,,,,,,0.7900000000000001,0.79,,0.0,0,False
2026-04-03 15:25:30+00:00,,,,,,,,0.7900000000000001,0.79,,0.0,0,False
2026-04-03 15:26:00+00:00,,,,,,,,0.7900000000000001,0.79,,0.0,0,False
2026-04-03 15:26:30+00:00,,,,,,,,0.7900000000000001,0.79,,0.0,0,False
2026-04-03 15:27:00+00:00,,,,,,,,0.7900000000000001,0.79,,0.0,0,False
2026-04-03 15:27:30+00:00,,,,,,,,0.7900000000000001,0.79,,0.0,0,False
2026-04-03 15:28:00+00:00,,,,,,,,0.7900000000000001,0.79,,0.0,0,False
2026-04-03 15:28:30+00:00,,,,,,,,0.7900000000000001,0.79,,0.0,0,False
2026-04-03 15:29:00+00:00,,,,,,,,0.7900000000000001,0.79,,0.0,0,False
2026-04-03 15:29:30+00:00,,,,,,,,0.7900000000000001,0.79,,0.0,0,False
2026-04-03 15:30:00+00:00,,,,,,,,0.7900000000000001,0.79,,0.0,0,False
2026-04-03 15:30:30+00:00,,,,,,,,0.7900000000000001,0.79,,123.0,2,False
2026-04-03 15:31:00+00:00,,,,,,,,0.7900000000000001,0.79,,0.0,0,False
2026-04-03 15:31:30+00:00,,,,,,,,0.7900000000000001,0.79,,0.0,0,False
2026-04-03 15:32:00+00:00,,,,,,,,0.7900000000000001,0.79,,0.0,0,False
2026-04-03 15:32:30+00:00,,,,,,,,0.7900000000000001,0.79,,0.0,0,False
2026-04-03 15:33:00+00:00,,,,,,,,0.7900000000000001,0.79,,0.0,0,False
2026-04-03 15:33:30+00:00,,,,,,,,0.7900000000000001,0.79,,0.0,0,False
2026-04-03 15:34:00+00:00,,,,,,,,0.7900000000000001,0.79,,0.0,0,False
2026-04-03 15:34:30+00:00,,,,,,,,0.7900000000000001,0.79,,0.0,0,False
2026-04-03 15:35:00+00:00,,,,,,,,0.7900000000000001,0.79,,0.0,0,False
2026-04-03 15:35:30+00:00,,,,,,,,0.7900000000000001,0.79,,0.0,0,False
2026-04-03 15:36:00+00:00,,,,,,,,0.7900000000000001,0.79,,0.0,0,False
2026-04-03 15:36:30+00:00,,,,,,,,0.7900000000000001,0.79,,0.0,0,False
2026-04-03 15:37:00+00:00,,,,,,,,0.7900000000000001,0.79,,0.0,0,False
2026-04-03 15:37:30+00:00,,,,,,,,0.7900000000000001,0.79,,0.0,0,False
2026-04-03 15:38:00+00:00,,,,,,,,0.7900000000000001,0.79,,0.0,0,False
2026-04-03 15:38:30+00:00,,,,,,,,0.7900000000000001,0.79,,0.0,0,False
2026-04-03 15:39:00+00:00,,,,,,,,0.7900000000000001,0.79,,0.0,0,False
2026-04-03 15:39:30+00:00,,,,,,,,0.7900000000000001,0.79,,0.0,0,False
2026-04-03 15:40:00+00:00,,,,,,,,0.7900000000000001,0.79,,0.0,0,False
2026-04-03 15:40:30+00:00,,,,,,,,0.7900000000000001,0.79,,0.0,0,False
2026-04-03 15:41:00+00:00,,,,,,,,0.7900000000000001,0.79,,0.0,0,False
2026-04-03 15:41:30+00:00,,,,,,,,0.7900000000000001,0.79,,0.0,0,False
2026-04-03 15:42:00+00:00,,,,,,,,0.7900000000000001,0.79,,0.0,0,False
2026-04-03 15:42:30+00:00,,,,,,,,0.7900000000000001,0.79,,0.0,0,False
2026-04-03 15:43:00+00:00,,,,,,,,0.7900000000000001,0.79,,0.0,0,False
2026-04-03 15:43:30+00:00,,,,,,,,0.8,0.8,,9.0,1,False
2026-04-03 15:44:00+00:00,,,,,,,,0.8,0.8,,0.0,0,False
2026-04-03 15:44:30+00:00,,,,,,,,0.8,0.8,,0.0,0,False
2026-04-03 15:45:00+00:00,,,,,,,,0.8,0.8,,0.0,0,False
2026-04-03 15:45:30+00:00,,,,,,,,0.8,0.8,,0.0,0,False
2026-04-03 15:46:00+00:00,,,,,,,,0.8,0.8,,0.0,0,False
2026-04-03 15:46:30+00:00,,,,,,,,0.8,0.8,,0.0,0,False
2026-04-03 15:47:00+00:00,,,,,,,,0.8,0.8,,0.0,0,False
2026-04-03 15:47:30+00:00,,,,,,,,0.8,0.8,,0.0,0,False
2026-04-03 15:48:00+00:00,,,,,,,,0.8,0.8,,0.0,0,False
2026-04-03 15:48:30+00:00,,,,,,,,0.8,0.8,,0.0,0,False
2026-04-03 15:49:00+00:00,,,,,,,,0.8,0.8,,0.0,0,False
2026-04-03 15:49:30+00:00,,,,,,,,0.8,0.8,,0.0,0,False
2026-04-03 15:50:00+00:00,,,,,,,,0.8,0.8,,0.0,0,False
2026-04-03 15:50:30+00:00,,,,,,,,0.8,0.8,,0.0,0,False
2026-04-03 15:51:00+00:00,,,,,,,,0.8,0.8,,23.0,1,False
2026-04-03 15:51:30+00:00,,,,,,,,0.8,0.8,,0.0,0,False
2026-04-03 15:52:00+00:00,,,,,,,,0.8,0.8,,0.0,0,False
2026-04-03 15:52:30+00:00,,,,,,,,0.8,0.8,,0.0,0,False
2026-04-03 15:53:00+00:00,,,,,,,,0.8,0.8,,0.0,0,False
2026-04-03 15:53:30+00:00,,,,,,,,0.8,0.8,,0.0,0,False
2026-04-03 15:54:00+00:00,,,,,,,,0.8,0.8,,0.0,0,False
2026-04-03 15:54:30+00:00,,,,,,,,0.8,0.8,,0.0,0,False
2026-04-03 15:55:00+00:00,,,,,,,,0.8,0.8,,0.0,0,False
2026-04-03 15:55:30+00:00,,,,,,,,0.8,0.8,,0.0,0,False
2026-04-03 15:56:00+00:00,,,,,,,,0.8,0.8,,0.0,0,False
2026-04-03 15:56:30+00:00,,,,,,,,0.8,0.8,,0.0,0,False
2026-04-03 15:57:00+00:00,,,,,,,,0.8,0.8,,0.0,0,False
2026-04-03 15:57:30+00:00,,,,,,,,0.8,0.8,,0.0,0,False
2026-04-03 15:58:00+00:00,,,,,,,,0.8,0.8,,0.0,0,False
2026-04-03 15:58:30+00:00,,,,,,,,0.8,0.8,,0.0,0,False
2026-04-03 15:59:00+00:00,,,,,,,,0.8,0.8,,0.0,0,False
2026-04-03 15:59:30+00:00,,,,,,,,0.8,0.8,,0.0,0,False
2026-04-03 16:00:00+00:00,,,,,,,,0.8,0.8,,0.0,0,False
2026-04-03 16:00:30+00:00,,,,,,,,0.8,0.8,,0.0,0,False
2026-04-03 16:01:00+00:00,,,,,,,,0.8,0.8,,0.0,0,False
2026-04-03 16:01:30+00:00,,,,,,,,0.8,0.8,,0.0,0,False
2026-04-03 16:02:00+00:00,,,,,,,,0.8,0.8,,0.0,0,False
2026-04-03 16:02:30+00:00,,,,,,,,0.8,0.8,,0.0,0,False
2026-04-03 16:03:00+00:00,,,,,,,,0.8,0.8,,0.0,0,False
2026-04-03 16:03:30+00:00,,,,,,,,0.8,0.8,,0.0,0,False
2026-04-03 16:04:00+00:00,,,,,,,,0.8,0.8,,0.0,0,False
2026-04-03 16:04:30+00:00,,,,,,,,0.8,0.8,,0.0,0,False
2026-04-03 16:05:00+00:00,,,,,,,,0.8,0.8,,0.0,0,False
2026-04-03 16:05:30+00:00,,,,,,,,0.8,0.8,,0.0,0,False
2026-04-03 16:06:00+00:00,,,,,,,,0.8,0.8,,0.0,0,False
2026-04-03 16:06:30+00:00,,,,,,,,0.8,0.8,,0.0,0,False
2026-04-03 16:07:00+00:00,,,,,,,,0.8,0.8,,0.0,0,False
2026-04-03 16:07:30+00:00,,,,,,,,0.8,0.8,,0.0,0,False
2026-04-03 16:08:00+00:00,,,,,,,,0.8,0.8,,0.0,0,False
2026-04-03 16:08:30+00:00,,,,,,,,0.8,0.8,,0.0,0,False
2026-04-03 16:09:00+00:00,,,,,,,,0.8,0.8,,0.0,0,False
2026-04-03 16:09:30+00:00,,,,,,,,0.8,0.8,,0.0,0,False
2026-04-03 16:10:00+00:00,,,,,,,,0.8,0.8,,0.0,0,False
2026-04-03 16:10:30+00:00,,,,,,,,0.8,0.8,,0.0,0,False
2026-04-03 16:11:00+00:00,,,,,,,,0.8,0.8,,0.0,0,False
2026-04-03 16:11:30+00:00,,,,,,,,0.8,0.8,,0.0,0,False
2026-04-03 16:12:00+00:00,,,,,,,,0.8,0.8,,0.0,0,False
2026-04-03 16:12:30+00:00,,,,,,,,0.8,0.8,,0.0,0,False
2026-04-03 16:13:00+00:00,,,,,,,,0.8,0.8,,0.0,0,False
2026-04-03 16:13:30+00:00,,,,,,,,0.8,0.8,,0.0,0,False
2026-04-03 16:14:00+00:00,,,,,,,,0.8,0.8,,0.0,0,False
2026-04-03 16:14:30+00:00,,,,,,,,0.8,0.8,,0.0,0,False
2026-04-03 16:15:00+00:00,,,,,,,,0.8,0.8,,0.0,0,False
2026-04-03 16:15:30+00:00,,,,,,,,0.8,0.8,,0.0,0,False
2026-04-03 16:16:00+00:00,,,,,,,,0.8,0.8,,0.0,0,False
2026-04-03 16:16:30+00:00,,,,,,,,0.8,0.8,,0.0,0,False
2026-04-03 16:17:00+00:00,,,,,,,,0.8,0.8,,0.0,0,False
2026-04-03 16:17:30+00:00,,,,,,,,0.8,0.8,,0.0,0,False
2026-04-03 16:18:00+00:00,,,,,,,,0.8,0.8,,0.0,0,False
2026-04-03 16:18:30+00:00,,,,,,,,0.8,0.8,,0.0,0,False
2026-04-03 16:19:00+00:00,,,,,,,,0.8,0.8,,0.0,0,False
2026-04-03 16:19:30+00:00,,,,,,,,0.8,0.8,,0.0,0,False
2026-04-03 16:20:00+00:00,,,,,,,,0.8,0.8,,0.0,0,False
2026-04-03 16:20:30+00:00,,,,,,,,0.8,0.8,,0.0,0,False
2026-04-03 16:21:00+00:00,,,,,,,,0.8,0.8,,0.0,0,False
2026-04-03 16:21:30+00:00,,,,,,,,0.8,0.8,,0.0,0,False
2026-04-03 16:22:00+00:00,,,,,,,,0.8,0.8,,0.0,0,False
2026-04-03 16:22:30+00:00,,,,,,,,0.8,0.8,,0.0,0,False
2026-04-03 16:23:00+00:00,,,,,,,,0.8,0.8,,0.0,0,False
2026-04-03 16:23:30+00:00,,,,,,,,0.8,0.8,,0.0,0,False
2026-04-03 16:24:00+00:00,,,,,,,,0.8,0.8,,0.0,0,False
2026-04-03 16:24:30+00:00,,,,,,,,0.8,0.8,,0.0,0,False
2026-04-03 16:25:00+00:00,,,,,,,,0.8,0.8,,0.0,0,False
2026-04-03 16:25:30+00:00,,,,,,,,0.8,0.8,,0.0,0,False
2026-04-03 16:26:00+00:00,,,,,,,,0.8,0.8,,0.0,0,False
2026-04-03 16:26:30+00:00,,,,,,,,0.8,0.8,,0.0,0,False
2026-04-03 16:27:00+00:00,,,,,,,,0.8,0.8,,0.0,0,False
2026-04-03 16:27:30+00:00,,,,,,,,0.8,0.8,,0.0,0,False
2026-04-03 16:28:00+00:00,,,,,,,,0.8,0.8,,0.0,0,False
2026-04-03 16:28:30+00:00,,,,,,,,0.8,0.8,,0.0,0,False
2026-04-03 16:29:00+00:00,,,,,,,,0.8,0.8,,0.0,0,False
2026-04-03 16:29:30+00:00,,,,,,,,0.8,0.8,,0.0,0,False
2026-04-03 16:30:00+00:00,,,,,,,,0.8,0.8,,0.0,0,False
2026-04-03 16:30:30+00:00,,,,,,,,0.8,0.8,,0.0,0,False
2026-04-03 16:31:00+00:00,,,,,,,,0.8,0.8,,0.0,0,False
2026-04-03 16:31:30+00:00,,,,,,,,0.8,0.8,,0.0,0,False
2026-04-03 16:32:00+00:00,,,,,,,,0.8,0.8,,0.0,0,False
2026-04-03 16:32:30+00:00,,,,,,,,0.8,0.8,,0.0,0,False
2026-04-03 16:33:00+00:00,,,,,,,,0.8,0.8,,0.0,0,False
2026-04-03 16:33:30+00:00,,,,,,,,0.8,0.8,,0.0,0,False
2026-04-03 16:34:00+00:00,,,,,,,,0.8,0.8,,0.0,0,False
2026-04-03 16:34:30+00:00,,,,,,,,0.8,0.8,,0.0,0,False
2026-04-03 16:35:00+00:00,,,,,,,,0.8,0.8,,0.0,0,False
2026-04-03 16:35:30+00:00,,,,,,,,0.8,0.8,,0.0,0,False
2026-04-03 16:36:00+00:00,,,,,,,,0.8,0.8,,0.0,0,False
2026-04-03 16:36:30+00:00,,,,,,,,0.8,0.8,,0.0,0,False
2026-04-03 16:37:00+00:00,,,,,,,,0.8,0.8,,0.0,0,False
2026-04-03 16:37:30+00:00,,,,,,,,0.8,0.8,,0.0,0,False
2026-04-03 16:38:00+00:00,,,,,,,,0.8,0.8,,0.0,0,False
2026-04-03 16:38:30+00:00,,,,,,,,0.7399999999999999,0.74,,3.0,1,False
2026-04-03 16:39:00+00:00,,,,,,,,0.7399999999999999,0.74,,0.0,0,False
2026-04-03 16:39:30+00:00,,,,,,,,0.7399999999999999,0.74,,0.0,0,False
2026-04-03 16:40:00+00:00,,,,,,,,0.7399999999999999,0.74,,0.0,0,False
2026-04-03 16:40:30+00:00,,,,,,,,0.7399999999999999,0.74,,0.0,0,False
2026-04-03 16:41:00+00:00,,,,,,,,0.7399999999999999,0.74,,0.0,0,False
2026-04-03 16:41:30+00:00,,,,,,,,0.7399999999999999,0.74,,0.0,0,False
2026-04-03 16:42:00+00:00,,,,,,,,0.7399999999999999,0.74,,0.0,0,False
2026-04-03 16:42:30+00:00,,,,,,,,0.7399999999999999,0.74,,0.0,0,False
2026-04-03 16:43:00+00:00,,,,,,,,0.7399999999999999,0.74,,0.0,0,False
2026-04-03 16:43:30+00:00,,,,,,,,0.7399999999999999,0.74,,0.0,0,False
2026-04-03 16:44:00+00:00,,,,,,,,0.7399999999999999,0.74,,0.0,0,False
2026-04-03 16:44:30+00:00,,,,,,,,0.7399999999999999,0.74,,0.0,0,False
2026-04-03 16:45:00+00:00,,,,,,,,0.7399999999999999,0.74,,0.0,0,False
2026-04-03 16:45:30+00:00,,,,,,,,0.7399999999999999,0.74,,0.0,0,False
2026-04-03 16:46:00+00:00,,,,,,,,0.7399999999999999,0.74,,0.0,0,False
2026-04-03 16:46:30+00:00,,,,,,,,0.7399999999999999,0.74,,0.0,0,False
2026-04-03 16:47:00+00:00,,,,,,,,0.7399999999999999,0.74,,0.0,0,False
2026-04-03 16:47:30+00:00,,,,,,,,0.7399999999999999,0.74,,0.0,0,False
2026-04-03 16:48:00+00:00,,,,,,,,0.7399999999999999,0.74,,0.0,0,False
2026-04-03 16:48:30+00:00,,,,,,,,0.7399999999999999,0.74,,0.0,0,False
2026-04-03 16:49:00+00:00,,,,,,,,0.7399999999999999,0.74,,0.0,0,False
2026-04-03 16:49:30+00:00,,,,,,,,0.7399999999999999,0.74,,0.0,0,False
2026-04-03 16:50:00+00:00,,,,,,,,0.7399999999999999,0.74,,0.0,0,False
2026-04-03 16:50:30+00:00,,,,,,,,0.7899999999999999,0.79,,104.0,1,False
2026-04-03 16:51:00+00:00,,,,,,,,0.7899999999999999,0.79,,0.0,0,False
2026-04-03 16:51:30+00:00,,,,,,,,0.7899999999999999,0.79,,0.0,0,False
2026-04-03 16:52:00+00:00,,,,,,,,0.7899999999999999,0.79,,0.0,0,False
2026-04-03 16:52:30+00:00,,,,,,,,0.7899999999999999,0.79,,0.0,0,False
2026-04-03 16:53:00+00:00,,,,,,,,0.7899999999999999,0.79,,0.0,0,False
2026-04-03 16:53:30+00:00,,,,,,,,0.7899999999999999,0.79,,0.0,0,False
2026-04-03 16:54:00+00:00,,,,,,,,0.7899999999999999,0.79,,0.0,0,False
2026-04-03 16:54:30+00:00,,,,,,,,0.7899999999999999,0.79,,0.0,0,False
2026-04-03 16:55:00+00:00,,,,,,,,0.7899999999999999,0.79,,0.0,0,False
2026-04-03 16:55:30+00:00,,,,,,,,0.7899999999999999,0.79,,0.0,0,False
2026-04-03 16:56:00+00:00,,,,,,,,0.7899999999999999,0.79,,0.0,0,False
2026-04-03 16:56:30+00:00,,,,,,,,0.7899999999999999,0.79,,0.0,0,False
2026-04-03 16:57:00+00:00,,,,,,,,0.7899999999999999,0.79,,0.0,0,False
2026-04-03 16:57:30+00:00,,,,,,,,0.8,0.8,,150.0,1,False
2026-04-03 16:58:00+00:00,,,,,,,,0.8,0.8,,0.0,0,False
2026-04-03 16:58:30+00:00,,,,,,,,0.8,0.8,,0.0,0,False
2026-04-03 16:59:00+00:00,,,,,,,,0.8,0.8,,0.0,0,False
2026-04-03 16:59:30+00:00,,,,,,,,0.8,0.8,,0.0,0,False
2026-04-03 17:00:00+00:00,,,,,,,,0.8,0.8,,0.0,0,False
2026-04-03 17:00:30+00:00,,,,,,,,0.8,0.8,,0.0,0,False
2026-04-03 17:01:00+00:00,,,,,,,,0.8,0.8,,0.0,0,False
2026-04-03 17:01:30+00:00,,,,,,,,0.8,0.8,,0.0,0,False
2026-04-03 17:02:00+00:00,,,,,,,,0.8,0.8,,0.0,0,False
2026-04-03 17:02:30+00:00,,,,,,,,0.8,0.8,,0.0,0,False
2026-04-03 17:03:00+00:00,,,,,,,,0.8,0.8,,0.0,0,False
2026-04-03 17:03:30+00:00,,,,,,,,0.8,0.8,,0.0,0,False
2026-04-03 17:04:00+00:00,,,,,,,,0.8,0.8,,0.0,0,False
2026-04-03 17:04:30+00:00,,,,,,,,0.8,0.8,,0.0,0,False
2026-04-03 17:05:00+00:00,,,,,,,,0.8,0.8,,0.0,0,False
2026-04-03 17:05:30+00:00,,,,,,,,0.8,0.8,,0.0,0,False
2026-04-03 17:06:00+00:00,,,,,,,,0.8,0.8,,0.0,0,False
2026-04-03 17:06:30+00:00,,,,,,,,0.8,0.8,,0.0,0,False
2026-04-03 17:07:00+00:00,,,,,,,,0.8,0.8,,0.0,0,False
2026-04-03 17:07:30+00:00,,,,,,,,0.8,0.8,,0.0,0,False
2026-04-03 17:08:00+00:00,,,,,,,,0.8,0.8,,0.0,0,False
2026-04-03 17:08:30+00:00,,,,,,,,0.8,0.8,,0.0,0,False
2026-04-03 17:09:00+00:00,,,,,,,,0.8,0.8,,0.0,0,False
2026-04-03 17:09:30+00:00,,,,,,,,0.8,0.8,,0.0,0,False
2026-04-03 17:10:00+00:00,,,,,,,,0.8000000000000002,0.8,,24.0,1,False
2026-04-03 17:10:30+00:00,,,,,,,,0.8000000000000002,0.8,,0.0,0,False
2026-04-03 17:11:00+00:00,,,,,,,,0.8000000000000002,0.8,,0.0,0,False
2026-04-03 17:11:30+00:00,,,,,,,,0.8000000000000002,0.8,,0.0,0,False
2026-04-03 17:12:00+00:00,,,,,,,,0.8000000000000002,0.8,,0.0,0,False
2026-04-03 17:12:30+00:00,,,,,,,,0.8000000000000002,0.8,,0.0,0,False
2026-04-03 17:13:00+00:00,,,,,,,,0.8,0.8,,1.0,1,False
2026-04-03 17:13:30+00:00,,,,,,,,0.8,0.8,,0.0,0,False
2026-04-03 17:14:00+00:00,,,,,,,,0.8,0.8,,0.0,0,False
2026-04-03 17:14:30+00:00,,,,,,,,0.8,0.8,,0.0,0,False
2026-04-03 17:15:00+00:00,,,,,,,,0.8,0.8,,0.0,0,False
2026-04-03 17:15:30+00:00,,,,,,,,0.8,0.8,,0.0,0,False
2026-04-03 17:16:00+00:00,,,,,,,,0.8,0.8,,0.0,0,False
2026-04-03 17:16:30+00:00,,,,,,,,0.8,0.8,,0.0,0,False
2026-04-03 17:17:00+00:00,,,,,,,,0.8,0.8,,0.0,0,False
2026-04-03 17:17:30+00:00,,,,,,,,0.8,0.8,,0.0,0,False
2026-04-03 17:18:00+00:00,,,,,,,,0.8,0.8,,0.0,0,False
2026-04-03 17:18:30+00:00,,,,,,,,0.8,0.8,,0.0,0,False
2026-04-03 17:19:00+00:00,,,,,,,,0.8,0.8,,0.0,0,False
2026-04-03 17:19:30+00:00,,,,,,,,0.8,0.8,,0.0,0,False
2026-04-03 17:20:00+00:00,,,,,,,,0.8000000000000002,0.8,,6.0,1,False
2026-04-03 17:20:30+00:00,,,,,,,,0.8000000000000002,0.8,,0.0,0,False
2026-04-03 17:21:00+00:00,,,,,,,,0.8000000000000002,0.8,,0.0,0,False
2026-04-03 17:21:30+00:00,,,,,,,,0.8000000000000002,0.8,,0.0,0,False
2026-04-03 17:22:00+00:00,,,,,,,,0.8000000000000002,0.8,,0.0,0,False
2026-04-03 17:22:30+00:00,,,,,,,,0.8000000000000002,0.8,,0.0,0,False
2026-04-03 17:23:00+00:00,,,,,,,,0.8000000000000002,0.8,,0.0,0,False
2026-04-03 17:23:30+00:00,,,,,,,,0.8000000000000002,0.8,,0.0,0,False
2026-04-03 17:24:00+00:00,,,,,,,,0.8000000000000002,0.8,,0.0,0,False
2026-04-03 17:24:30+00:00,,,,,,,,0.8000000000000002,0.8,,0.0,0,False
2026-04-03 17:25:00+00:00,,,,,,,,0.8000000000000002,0.8,,0.0,0,False
2026-04-03 17:25:30+00:00,,,,,,,,0.8000000000000002,0.8,,0.0,0,False
2026-04-03 17:26:00+00:00,,,,,,,,0.8000000000000002,0.8,,0.0,0,False
2026-04-03 17:26:30+00:00,,,,,,,,0.8000000000000002,0.8,,0.0,0,False
2026-04-03 17:27:00+00:00,,,,,,,,0.8000000000000002,0.8,,0.0,0,False
2026-04-03 17:27:30+00:00,,,,,,,,0.8000000000000002,0.8,,0.0,0,False
2026-04-03 17:28:00+00:00,,,,,,,,0.8000000000000002,0.8,,0.0,0,False
2026-04-03 17:28:30+00:00,,,,,,,,0.8000000000000002,0.8,,0.0,0,False
2026-04-03 17:29:00+00:00,,,,,,,,0.8000000000000002,0.8,,0.0,0,False
2026-04-03 17:29:30+00:00,,,,,,,,0.8000000000000002,0.8,,0.0,0,False
2026-04-03 17:30:00+00:00,,,,,,,,0.8000000000000002,0.8,,0.0,0,False
2026-04-03 17:30:30+00:00,,,,,,,,0.8000000000000002,0.8,,0.0,0,False
2026-04-03 17:31:00+00:00,,,,,,,,0.8000000000000002,0.8,,0.0,0,False
2026-04-03 17:31:30+00:00,,,,,,,,0.8000000000000002,0.8,,0.0,0,False
2026-04-03 17:32:00+00:00,,,,,,,,0.8000000000000002,0.8,,0.0,0,False
2026-04-03 17:32:30+00:00,,,,,,,,0.8000000000000002,0.8,,0.0,0,False
2026-04-03 17:33:00+00:00,,,,,,,,0.8000000000000002,0.8,,0.0,0,False
2026-04-03 17:33:30+00:00,,,,,,,,0.8000000000000002,0.8,,0.0,0,False
2026-04-03 17:34:00+00:00,,,,,,,,0.8000000000000002,0.8,,0.0,0,False
2026-04-03 17:34:30+00:00,,,,,,,,0.8000000000000002,0.8,,0.0,0,False
2026-04-03 17:35:00+00:00,,,,,,,,0.8000000000000002,0.8,,0.0,0,False
2026-04-03 17:35:30+00:00,,,,,,,,0.8000000000000002,0.8,,0.0,0,False
2026-04-03 17:36:00+00:00,,,,,,,,0.8000000000000002,0.8,,0.0,0,False
2026-04-03 17:36:30+00:00,,,,,,,,0.8000000000000002,0.8,,0.0,0,False
2026-04-03 17:37:00+00:00,,,,,,,,0.8000000000000002,0.8,,0.0,0,False
2026-04-03 17:37:30+00:00,,,,,,,,0.8000000000000002,0.8,,0.0,0,False
2026-04-03 17:38:00+00:00,,,,,,,,0.8000000000000002,0.8,,0.0,0,False
2026-04-03 17:38:30+00:00,,,,,,,,0.8000000000000002,0.8,,0.0,0,False
2026-04-03 17:39:00+00:00,,,,,,,,0.8000000000000002,0.8,,0.0,0,False
2026-04-03 17:39:30+00:00,,,,,,,,0.8000000000000002,0.8,,0.0,0,False
2026-04-03 17:40:00+00:00,,,,,,,,0.8000000000000002,0.8,,0.0,0,False
2026-04-03 17:40:30+00:00,,,,,,,,0.8000000000000002,0.8,,0.0,0,False
2026-04-03 17:41:00+00:00,,,,,,,,0.8000000000000002,0.8,,0.0,0,False
2026-04-03 17:41:30+00:00,,,,,,,,0.8000000000000002,0.8,,0.0,0,False
2026-04-03 17:42:00+00:00,,,,,,,,0.8000000000000002,0.8,,0.0,0,False
2026-04-03 17:42:30+00:00,,,,,,,,0.8,0.8,,60.0,1,False
2026-04-03 17:43:00+00:00,,,,,,,,0.8,0.8,,0.0,0,False
2026-04-03 17:43:30+00:00,,,,,,,,0.8,0.8,,0.0,0,False
2026-04-03 17:44:00+00:00,,,,,,,,0.8,0.8,,0.0,0,False
2026-04-03 17:44:30+00:00,,,,,,,,0.8,0.8,,0.0,0,False
2026-04-03 17:45:00+00:00,,,,,,,,0.8,0.8,,0.0,0,False
2026-04-03 17:45:30+00:00,,,,,,,,0.8,0.8,,0.0,0,False
2026-04-03 17:46:00+00:00,,,,,,,,0.8,0.8,,0.0,0,False
2026-04-03 17:46:30+00:00,,,,,,,,0.8,0.8,,0.0,0,False
2026-04-03 17:47:00+00:00,,,,,,,,0.8,0.8,,0.0,0,False
2026-04-03 17:47:30+00:00,,,,,,,,0.8,0.8,,0.0,0,False
2026-04-03 17:48:00+00:00,,,,,,,,0.8,0.8,,0.0,0,False
2026-04-03 17:48:30+00:00,,,,,,,,0.8,0.8,,0.0,0,False
2026-04-03 17:49:00+00:00,,,,,,,,0.8,0.8,,0.0,0,False
2026-04-03 17:49:30+00:00,,,,,,,,0.8,0.8,,0.0,0,False
2026-04-03 17:50:00+00:00,,,,,,,,0.8,0.8,,0.0,0,False
2026-04-03 17:50:30+00:00,,,,,,,,0.8,0.8,,0.0,0,False
2026-04-03 17:51:00+00:00,,,,,,,,0.8,0.8,,0.0,0,False
2026-04-03 17:51:30+00:00,,,,,,,,0.8,0.8,,0.0,0,False
2026-04-03 17:52:00+00:00,,,,,,,,0.8,0.8,,0.0,0,False
2026-04-03 17:52:30+00:00,,,,,,,,0.8,0.8,,0.0,0,False
2026-04-03 17:53:00+00:00,,,,,,,,0.8,0.8,,0.0,0,False
2026-04-03 17:53:30+00:00,,,,,,,,0.8,0.8,,0.0,0,False
2026-04-03 17:54:00+00:00,,,,,,,,0.8,0.8,,0.0,0,False
2026-04-03 17:54:30+00:00,,,,,,,,0.8,0.8,,0.0,0,False
2026-04-03 17:55:00+00:00,,,,,,,,0.8,0.8,,0.0,0,False
2026-04-03 17:55:30+00:00,,,,,,,,0.8,0.8,,0.0,0,False
2026-04-03 17:56:00+00:00,,,,,,,,0.8,0.8,,0.0,0,False
2026-04-03 17:56:30+00:00,,,,,,,,0.8,0.8,,0.0,0,False
2026-04-03 17:57:00+00:00,,,,,,,,0.8,0.8,,0.0,0,False
2026-04-03 17:57:30+00:00,,,,,,,,0.8,0.8,,0.0,0,False
2026-04-03 17:58:00+00:00,,,,,,,,0.8,0.8,,0.0,0,False
2026-04-03 17:58:30+00:00,,,,,,,,0.8,0.8,,0.0,0,False
2026-04-03 17:59:00+00:00,,,,,,,,0.8,0.8,,0.0,0,False
2026-04-03 17:59:30+00:00,,,,,,,,0.8,0.8,,0.0,0,False
2026-04-03 18:00:00+00:00,,,,,,,,0.8,0.8,,0.0,0,False
2026-04-03 18:00:30+00:00,,,,,,,,0.8,0.8,,0.0,0,False
2026-04-03 18:01:00+00:00,,,,,,,,0.8,0.8,,0.0,0,False
2026-04-03 18:01:30+00:00,,,,,,,,0.8,0.8,,0.0,0,False
2026-04-03 18:02:00+00:00,,,,,,,,0.8,0.8,,0.0,0,False
2026-04-03 18:02:30+00:00,,,,,,,,0.8,0.8,,0.0,0,False
2026-04-03 18:03:00+00:00,,,,,,,,0.8,0.8,,0.0,0,False
2026-04-03 18:03:30+00:00,,,,,,,,0.7599999999999999,0.76,,96.0,2,False
2026-04-03 18:04:00+00:00,,,,,,,,0.7599999999999999,0.76,,0.0,0,False
2026-04-03 18:04:30+00:00,,,,,,,,0.7599999999999999,0.76,,0.0,0,False
2026-04-03 18:05:00+00:00,,,,,,,,0.7599999999999999,0.76,,0.0,0,False
2026-04-03 18:05:30+00:00,,,,,,,,0.7599999999999999,0.76,,0.0,0,False
2026-04-03 18:06:00+00:00,,,,,,,,0.7599999999999999,0.76,,0.0,0,False
2026-04-03 18:06:30+00:00,,,,,,,,0.7599999999999999,0.76,,0.0,0,False
2026-04-03 18:07:00+00:00,,,,,,,,0.7599999999999999,0.76,,0.0,0,False
2026-04-03 18:07:30+00:00,,,,,,,,0.7599999999999999,0.76,,0.0,0,False
2026-04-03 18:08:00+00:00,,,,,,,,0.7599999999999999,0.76,,0.0,0,False
2026-04-03 18:08:30+00:00,,,,,,,,0.7599999999999999,0.76,,0.0,0,False
2026-04-03 18:09:00+00:00,,,,,,,,0.8000000000000002,0.8,,19.0,2,False
2026-04-03 18:09:30+00:00,,,,,,,,0.8000000000000002,0.8,,0.0,0,False
2026-04-03 18:10:00+00:00,,,,,,,,0.8000000000000002,0.8,,0.0,0,False
2026-04-03 18:10:30+00:00,,,,,,,,0.8000000000000002,0.8,,0.0,0,False
2026-04-03 18:11:00+00:00,,,,,,,,0.8000000000000002,0.8,,0.0,0,False
2026-04-03 18:11:30+00:00,,,,,,,,0.8000000000000002,0.8,,0.0,0,False
2026-04-03 18:12:00+00:00,,,,,,,,0.8000000000000002,0.8,,0.0,0,False
2026-04-03 18:12:30+00:00,,,,,,,,0.8000000000000002,0.8,,0.0,0,False
2026-04-03 18:13:00+00:00,,,,,,,,0.8000000000000002,0.8,,0.0,0,False
2026-04-03 18:13:30+00:00,,,,,,,,0.8000000000000002,0.8,,0.0,0,False
2026-04-03 18:14:00+00:00,,,,,,,,0.8000000000000002,0.8,,0.0,0,False
2026-04-03 18:14:30+00:00,,,,,,,,0.8000000000000002,0.8,,0.0,0,False
2026-04-03 18:15:00+00:00,,,,,,,,0.8000000000000002,0.8,,0.0,0,False
2026-04-03 18:15:30+00:00,,,,,,,,0.8000000000000002,0.8,,0.0,0,False
2026-04-03 18:16:00+00:00,,,,,,,,0.8000000000000002,0.8,,0.0,0,False
2026-04-03 18:16:30+00:00,,,,,,,,0.8000000000000002,0.8,,0.0,0,False
2026-04-03 18:17:00+00:00,,,,,,,,0.8000000000000002,0.8,,0.0,0,False
2026-04-03 18:17:30+00:00,,,,,,,,0.8000000000000002,0.8,,0.0,0,False
2026-04-03 18:18:00+00:00,,,,,,,,0.8000000000000002,0.8,,0.0,0,False
2026-04-03 18:18:30+00:00,,,,,,,,0.8000000000000002,0.8,,0.0,0,False
2026-04-03 18:19:00+00:00,,,,,,,,0.8000000000000002,0.8,,0.0,0,False
2026-04-03 18:19:30+00:00,,,,,,,,0.8000000000000002,0.8,,0.0,0,False
2026-04-03 18:20:00+00:00,,,,,,,,0.8000000000000002,0.8,,0.0,0,False
2026-04-03 18:20:30+00:00,,,,,,,,0.8000000000000002,0.8,,0.0,0,False
2026-04-03 18:21:00+00:00,,,,,,,,0.8000000000000002,0.8,,0.0,0,False
2026-04-03 18:21:30+00:00,,,,,,,,0.8000000000000002,0.8,,0.0,0,False
2026-04-03 18:22:00+00:00,,,,,,,,0.8000000000000002,0.8,,0.0,0,False
2026-04-03 18:22:30+00:00,,,,,,,,0.8000000000000002,0.8,,0.0,0,False
2026-04-03 18:23:00+00:00,,,,,,,,0.8000000000000002,0.8,,0.0,0,False
2026-04-03 18:23:30+00:00,,,,,,,,0.8000000000000002,0.8,,0.0,0,False
2026-04-03 18:24:00+00:00,,,,,,,,0.8000000000000002,0.8,,0.0,0,False
2026-04-03 18:24:30+00:00,,,,,,,,0.8000000000000002,0.8,,12.0,1,False
2026-04-03 18:25:00+00:00,,,,,,,,0.8000000000000002,0.8,,0.0,0,False
2026-04-03 18:25:30+00:00,,,,,,,,0.8000000000000002,0.8,,0.0,0,False
2026-04-03 18:26:00+00:00,,,,,,,,0.8000000000000002,0.8,,0.0,0,False
2026-04-03 18:26:30+00:00,,,,,,,,0.8000000000000002,0.8,,0.0,0,False
2026-04-03 18:27:00+00:00,,,,,,,,0.8000000000000002,0.8,,0.0,0,False
2026-04-03 18:27:30+00:00,,,,,,,,0.8000000000000002,0.8,,0.0,0,False
2026-04-03 18:28:00+00:00,,,,,,,,0.8000000000000002,0.8,,0.0,0,False
2026-04-03 18:28:30+00:00,,,,,,,,0.8000000000000002,0.8,,0.0,0,False
2026-04-03 18:29:00+00:00,,,,,,,,0.8,0.8,,10.0,1,False
2026-04-03 18:29:30+00:00,,,,,,,,0.8,0.8,,0.0,0,False
2026-04-03 18:30:00+00:00,,,,,,,,0.8,0.8,,0.0,0,False
2026-04-03 18:30:30+00:00,,,,,,,,0.8,0.8,,0.0,0,False
2026-04-03 18:31:00+00:00,,,,,,,,0.8,0.8,,0.0,0,False
2026-04-03 18:31:30+00:00,,,,,,,,0.8,0.8,,0.0,0,False
2026-04-03 18:32:00+00:00,,,,,,,,0.8,0.8,,0.0,0,False
2026-04-03 18:32:30+00:00,,,,,,,,0.8,0.8,,0.0,0,False
2026-04-03 18:33:00+00:00,,,,,,,,0.8,0.8,,0.0,0,False
2026-04-03 18:33:30+00:00,,,,,,,,0.8,0.8,,0.0,0,False
2026-04-03 18:34:00+00:00,,,,,,,,0.8,0.8,,0.0,0,False
2026-04-03 18:34:30+00:00,,,,,,,,0.8,0.8,,0.0,0,False
2026-04-03 18:35:00+00:00,,,,,,,,0.8,0.8,,0.0,0,False
2026-04-03 18:35:30+00:00,,,,,,,,0.8,0.8,,0.0,0,False
2026-04-03 18:36:00+00:00,,,,,,,,0.8,0.8,,0.0,0,False
2026-04-03 18:36:30+00:00,,,,,,,,0.8,0.8,,0.0,0,False
2026-04-03 18:37:00+00:00,,,,,,,,0.8,0.8,,0.0,0,False
2026-04-03 18:37:30+00:00,,,,,,,,0.8,0.8,,0.0,0,False
2026-04-03 18:38:00+00:00,,,,,,,,0.8,0.8,,0.0,0,False
2026-04-03 18:38:30+00:00,,,,,,,,0.8,0.8,,0.0,0,False
2026-04-03 18:39:00+00:00,,,,,,,,0.8,0.8,,0.0,0,False
2026-04-03 18:39:30+00:00,,,,,,,,0.8,0.8,,0.0,0,False
2026-04-03 18:40:00+00:00,,,,,,,,0.79,0.79,,1.0,1,False
2026-04-03 18:40:30+00:00,,,,,,,,0.79,0.79,,0.0,0,False
2026-04-03 18:41:00+00:00,,,,,,,,0.79,0.79,,0.0,0,False
2026-04-03 18:41:30+00:00,,,,,,,,0.79,0.79,,0.0,0,False
2026-04-03 18:42:00+00:00,,,,,,,,0.79,0.79,,0.0,0,False
2026-04-03 18:42:30+00:00,,,,,,,,0.79,0.79,,0.0,0,False
2026-04-03 18:43:00+00:00,,,,,,,,0.8000000000000002,0.8,,12.0,1,False
2026-04-03 18:43:30+00:00,,,,,,,,0.8000000000000002,0.8,,0.0,0,False
2026-04-03 18:44:00+00:00,,,,,,,,0.8000000000000002,0.8,,0.0,0,False
2026-04-03 18:44:30+00:00,,,,,,,,0.8000000000000002,0.8,,0.0,0,False
2026-04-03 18:45:00+00:00,,,,,,,,0.8000000000000002,0.8,,0.0,0,False
2026-04-03 18:45:30+00:00,,,,,,,,0.8000000000000002,0.8,,0.0,0,False
2026-04-03 18:46:00+00:00,,,,,,,,0.8000000000000002,0.8,,0.0,0,False
2026-04-03 18:46:30+00:00,,,,,,,,0.8000000000000002,0.8,,0.0,0,False
2026-04-03 18:47:00+00:00,,,,,,,,0.8000000000000002,0.8,,0.0,0,False
2026-04-03 18:47:30+00:00,,,,,,,,0.8000000000000002,0.8,,0.0,0,False
2026-04-03 18:48:00+00:00,,,,,,,,0.8000000000000002,0.8,,0.0,0,False
2026-04-03 18:48:30+00:00,,,,,,,,0.8000000000000002,0.8,,12.0,1,False
2026-04-03 18:49:00+00:00,,,,,,,,0.8000000000000002,0.8,,0.0,0,False
2026-04-03 18:49:30+00:00,,,,,,,,0.8000000000000002,0.8,,0.0,0,False
2026-04-03 18:50:00+00:00,,,,,,,,0.8000000000000002,0.8,,0.0,0,False
2026-04-03 18:50:30+00:00,,,,,,,,0.8000000000000002,0.8,,0.0,0,False
2026-04-03 18:51:00+00:00,,,,,,,,0.8000000000000002,0.8,,0.0,0,False
2026-04-03 18:51:30+00:00,,,,,,,,0.8000000000000002,0.8,,0.0,0,False
2026-04-03 18:52:00+00:00,,,,,,,,0.8000000000000002,0.8,,0.0,0,False
2026-04-03 18:52:30+00:00,,,,,,,,0.8000000000000002,0.8,,0.0,0,False
2026-04-03 18:53:00+00:00,,,,,,,,0.8000000000000002,0.8,,0.0,0,False
2026-04-03 18:53:30+00:00,,,,,,,,0.8000000000000002,0.8,,0.0,0,False
2026-04-03 18:54:00+00:00,,,,,,,,0.8000000000000002,0.8,,0.0,0,False
2026-04-03 18:54:30+00:00,,,,,,,,0.8000000000000002,0.8,,12.0,1,False
2026-04-03 18:55:00+00:00,,,,,,,,0.8000000000000002,0.8,,0.0,0,False
2026-04-03 18:55:30+00:00,,,,,,,,0.8000000000000002,0.8,,0.0,0,False
2026-04-03 18:56:00+00:00,,,,,,,,0.8000000000000002,0.8,,0.0,0,False
2026-04-03 18:56:30+00:00,,,,,,,,0.8000000000000002,0.8,,0.0,0,False
2026-04-03 18:57:00+00:00,,,,,,,,0.8000000000000002,0.8,,0.0,0,False
2026-04-03 18:57:30+00:00,,,,,,,,0.8000000000000002,0.8,,0.0,0,False
2026-04-03 18:58:00+00:00,,,,,,,,0.8000000000000002,0.8,,0.0,0,False
2026-04-03 18:58:30+00:00,,,,,,,,0.8000000000000002,0.8,,0.0,0,False
2026-04-03 18:59:00+00:00,,,,,,,,0.8000000000000002,0.8,,0.0,0,False
2026-04-03 18:59:30+00:00,,,,,,,,0.8000000000000002,0.8,,0.0,0,False
2026-04-03 19:00:00+00:00,,,,,,,,0.8000000000000002,0.8,,0.0,0,False
2026-04-03 19:00:30+00:00,,,,,,,,0.8000000000000002,0.8,,12.0,1,False
2026-04-03 19:01:00+00:00,,,,,,,,0.8000000000000002,0.8,,0.0,0,False
2026-04-03 19:01:30+00:00,,,,,,,,0.8000000000000002,0.8,,0.0,0,False
2026-04-03 19:02:00+00:00,,,,,,,,0.8000000000000002,0.8,,0.0,0,False
2026-04-03 19:02:30+00:00,,,,,,,,0.8000000000000002,0.8,,0.0,0,False
2026-04-03 19:03:00+00:00,,,,,,,,0.8000000000000002,0.8,,0.0,0,False
2026-04-03 19:03:30+00:00,,,,,,,,0.8000000000000002,0.8,,0.0,0,False
2026-04-03 19:04:00+00:00,,,,,,,,0.8000000000000002,0.8,,0.0,0,False
2026-04-03 19:04:30+00:00,,,,,,,,0.8000000000000002,0.8,,0.0,0,False
2026-04-03 19:05:00+00:00,,,,,,,,0.8000000000000002,0.8,,0.0,0,False
2026-04-03 19:05:30+00:00,,,,,,,,0.8000000000000002,0.8,,0.0,0,False
2026-04-03 19:06:00+00:00,,,,,,,,0.8000000000000002,0.8,,0.0,0,False
2026-04-03 19:06:30+00:00,,,,,,,,0.8000000000000002,0.8,,0.0,0,False
2026-04-03 19:07:00+00:00,,,,,,,,0.8000000000000002,0.8,,0.0,0,False
2026-04-03 19:07:30+00:00,,,,,,,,0.8000000000000002,0.8,,0.0,0,False
2026-04-03 19:08:00+00:00,,,,,,,,0.8000000000000002,0.8,,0.0,0,False
2026-04-03 19:08:30+00:00,,,,,,,,0.8000000000000002,0.8,,0.0,0,False
2026-04-03 19:09:00+00:00,,,,,,,,0.8000000000000002,0.8,,0.0,0,False
2026-04-03 19:09:30+00:00,,,,,,,,0.8000000000000002,0.8,,0.0,0,False
2026-04-03 19:10:00+00:00,,,,,,,,0.8000000000000002,0.8,,0.0,0,False
2026-04-03 19:10:30+00:00,,,,,,,,0.8000000000000002,0.8,,0.0,0,False
2026-04-03 19:11:00+00:00,,,,,,,,0.8000000000000002,0.8,,0.0,0,False
2026-04-03 19:11:30+00:00,,,,,,,,0.8000000000000002,0.8,,0.0,0,False
2026-04-03 19:12:00+00:00,,,,,,,,0.8000000000000002,0.8,,0.0,0,False
2026-04-03 19:12:30+00:00,,,,,,,,0.8000000000000002,0.8,,0.0,0,False
2026-04-03 19:13:00+00:00,,,,,,,,0.8000000000000002,0.8,,0.0,0,False
2026-04-03 19:13:30+00:00,,,,,,,,0.8000000000000002,0.8,,0.0,0,False
2026-04-03 19:14:00+00:00,,,,,,,,0.8000000000000002,0.8,,0.0,0,False
2026-04-03 19:14:30+00:00,,,,,,,,0.8000000000000002,0.8,,0.0,0,False
2026-04-03 19:15:00+00:00,,,,,,,,0.8,0.8,,18.0,1,False
2026-04-03 19:15:30+00:00,,,,,,,,0.8,0.8,,0.0,0,False
2026-04-03 19:16:00+00:00,,,,,,,,0.8,0.8,,0.0,0,False
2026-04-03 19:16:30+00:00,,,,,,,,0.8,0.8,,0.0,0,False
2026-04-03 19:17:00+00:00,,,,,,,,0.8,0.8,,0.0,0,False
2026-04-03 19:17:30+00:00,,,,,,,,0.8,0.8,,0.0,0,False
2026-04-03 19:18:00+00:00,,,,,,,,0.8,0.8,,0.0,0,False
2026-04-03 19:18:30+00:00,,,,,,,,0.8,0.8,,0.0,0,False
2026-04-03 19:19:00+00:00,,,,,,,,0.8,0.8,,0.0,0,False
2026-04-03 19:19:30+00:00,,,,,,,,0.8,0.8,,0.0,0,False
2026-04-03 19:20:00+00:00,,,,,,,,0.8,0.8,,0.0,0,False
2026-04-03 19:20:30+00:00,,,,,,,,0.8,0.8,,0.0,0,False
2026-04-03 19:21:00+00:00,,,,,,,,0.8,0.8,,0.0,0,False
2026-04-03 19:21:30+00:00,,,,,,,,0.8,0.8,,0.0,0,False
2026-04-03 19:22:00+00:00,,,,,,,,0.8,0.8,,0.0,0,False
2026-04-03 19:22:30+00:00,,,,,,,,0.8,0.8,,0.0,0,False
2026-04-03 19:23:00+00:00,,,,,,,,0.8,0.8,,0.0,0,False
2026-04-03 19:23:30+00:00,,,,,,,,0.8,0.8,,0.0,0,False
2026-04-03 19:24:00+00:00,,,,,,,,0.8,0.8,,0.0,0,False
2026-04-03 19:24:30+00:00,,,,,,,,0.8,0.8,,0.0,0,False
2026-04-03 19:25:00+00:00,,,,,,,,0.8,0.8,,0.0,0,False
2026-04-03 19:25:30+00:00,,,,,,,,0.8,0.8,,0.0,0,False
2026-04-03 19:26:00+00:00,,,,,,,,0.8,0.8,,0.0,0,False
2026-04-03 19:26:30+00:00,,,,,,,,0.8,0.8,,0.0,0,False
2026-04-03 19:27:00+00:00,,,,,,,,0.8,0.8,,0.0,0,False
2026-04-03 19:27:30+00:00,,,,,,,,0.8,0.8,,0.0,0,False
2026-04-03 19:28:00+00:00,,,,,,,,0.8,0.8,,0.0,0,False
2026-04-03 19:28:30+00:00,,,,,,,,0.8,0.8,,0.0,0,False
2026-04-03 19:29:00+00:00,,,,,,,,0.8,0.8,,0.0,0,False
2026-04-03 19:29:30+00:00,,,,,,,,0.8,0.8,,0.0,0,False
2026-04-03 19:30:00+00:00,,,,,,,,0.8,0.8,,0.0,0,False
2026-04-03 19:30:30+00:00,,,,,,,,0.8,0.8,,0.0,0,False
2026-04-03 19:31:00+00:00,,,,,,,,0.8,0.8,,0.0,0,False
2026-04-03 19:31:30+00:00,,,,,,,,0.8,0.8,,0.0,0,False
2026-04-03 19:32:00+00:00,,,,,,,,0.8,0.8,,0.0,0,False
2026-04-03 19:32:30+00:00,,,,,,,,0.8,0.8,,0.0,0,False
2026-04-03 19:33:00+00:00,,,,,,,,0.8,0.8,,0.0,0,False
2026-04-03 19:33:30+00:00,,,,,,,,0.8,0.8,,0.0,0,False
2026-04-03 19:34:00+00:00,,,,,,,,0.8,0.8,,0.0,0,False
2026-04-03 19:34:30+00:00,,,,,,,,0.8,0.8,,0.0,0,False
2026-04-03 19:35:00+00:00,,,,,,,,0.8,0.8,,0.0,0,False
2026-04-03 19:35:30+00:00,,,,,,,,0.8,0.8,,0.0,0,False
2026-04-03 19:36:00+00:00,,,,,,,,0.8,0.8,,0.0,0,False
2026-04-03 19:36:30+00:00,,,,,,,,0.8,0.8,,0.0,0,False
2026-04-03 19:37:00+00:00,,,,,,,,0.8,0.8,,0.0,0,False
2026-04-03 19:37:30+00:00,,,,,,,,0.8,0.8,,0.0,0,False
2026-04-03 19:38:00+00:00,,,,,,,,0.8,0.8,,0.0,0,False
2026-04-03 19:38:30+00:00,,,,,,,,0.8,0.8,,0.0,0,False
2026-04-03 19:39:00+00:00,,,,,,,,0.8,0.8,,0.0,0,False
2026-04-03 19:39:30+00:00,,,,,,,,0.8,0.8,,0.0,0,False
2026-04-03 19:40:00+00:00,,,,,,,,0.77,0.77,,1.0,1,False
2026-04-03 19:40:30+00:00,,,,,,,,0.8000000000000002,0.8,,12.0,1,False
2026-04-03 19:41:00+00:00,,,,,,,,0.8000000000000002,0.8,,0.0,0,False
2026-04-03 19:41:30+00:00,,,,,,,,0.8000000000000002,0.8,,0.0,0,False
2026-04-03 19:42:00+00:00,,,,,,,,0.8000000000000002,0.8,,0.0,0,False
2026-04-03 19:42:30+00:00,,,,,,,,0.8000000000000002,0.8,,0.0,0,False
2026-04-03 19:43:00+00:00,,,,,,,,0.8000000000000002,0.8,,0.0,0,False
2026-04-03 19:43:30+00:00,,,,,,,,0.8000000000000002,0.8,,0.0,0,False
2026-04-03 19:44:00+00:00,,,,,,,,0.8000000000000002,0.8,,0.0,0,False
2026-04-03 19:44:30+00:00,,,,,,,,0.8000000000000002,0.8,,0.0,0,False
2026-04-03 19:45:00+00:00,,,,,,,,0.8000000000000002,0.8,,0.0,0,False
2026-04-03 19:45:30+00:00,,,,,,,,0.8000000000000002,0.8,,0.0,0,False
2026-04-03 19:46:00+00:00,,,,,,,,0.8000000000000002,0.8,,0.0,0,False
2026-04-03 19:46:30+00:00,,,,,,,,0.8000000000000002,0.8,,0.0,0,False
2026-04-03 19:47:00+00:00,,,,,,,,0.8000000000000002,0.8,,0.0,0,False
2026-04-03 19:47:30+00:00,,,,,,,,0.8000000000000002,0.8,,0.0,0,False
2026-04-03 19:48:00+00:00,,,,,,,,0.8000000000000002,0.8,,0.0,0,False
2026-04-03 19:48:30+00:00,,,,,,,,0.8000000000000002,0.8,,0.0,0,False
2026-04-03 19:49:00+00:00,,,,,,,,0.8000000000000002,0.8,,0.0,0,False
2026-04-03 19:49:30+00:00,,,,,,,,0.8000000000000002,0.8,,0.0,0,False
2026-04-03 19:50:00+00:00,,,,,,,,0.8000000000000002,0.8,,0.0,0,False
2026-04-03 19:50:30+00:00,,,,,,,,0.8000000000000002,0.8,,0.0,0,False
2026-04-03 19:51:00+00:00,,,,,,,,0.8000000000000002,0.8,,0.0,0,False
2026-04-03 19:51:30+00:00,,,,,,,,0.8000000000000002,0.8,,0.0,0,False
2026-04-03 19:52:00+00:00,,,,,,,,0.8000000000000002,0.8,,0.0,0,False
2026-04-03 19:52:30+00:00,,,,,,,,0.8000000000000002,0.8,,0.0,0,False
2026-04-03 19:53:00+00:00,,,,,,,,0.8000000000000002,0.8,,0.0,0,False
2026-04-03 19:53:30+00:00,,,,,,,,0.8000000000000002,0.8,,0.0,0,False
2026-04-03 19:54:00+00:00,,,,,,,,0.8000000000000002,0.8,,0.0,0,False
2026-04-03 19:54:30+00:00,,,,,,,,0.8000000000000002,0.8,,0.0,0,False
2026-04-03 19:55:00+00:00,,,,,,,,0.8000000000000002,0.8,,0.0,0,False
2026-04-03 19:55:30+00:00,,,,,,,,0.8000000000000002,0.8,,12.0,1,False
2026-04-03 19:56:00+00:00,,,,,,,,0.8000000000000002,0.8,,0.0,0,False
2026-04-03 19:56:30+00:00,,,,,,,,0.8000000000000002,0.8,,0.0,0,False
2026-04-03 19:57:00+00:00,,,,,,,,0.8000000000000002,0.8,,0.0,0,False
2026-04-03 19:57:30+00:00,,,,,,,,0.8000000000000002,0.8,,0.0,0,False
2026-04-03 19:58:00+00:00,,,,,,,,0.8000000000000002,0.8,,0.0,0,False
2026-04-03 19:58:30+00:00,,,,,,,,0.8000000000000002,0.8,,0.0,0,False
2026-04-03 19:59:00+00:00,,,,,,,,0.8000000000000002,0.8,,0.0,0,False
2026-04-03 19:59:30+00:00,,,,,,,,0.8000000000000002,0.8,,0.0,0,False
2026-04-03 20:00:00+00:00,,,,,,,,0.8000000000000002,0.8,,0.0,0,False
2026-04-03 20:00:30+00:00,,,,,,,,0.8000000000000002,0.8,,0.0,0,False
2026-04-03 20:01:00+00:00,,,,,,,,0.8000000000000002,0.8,,0.0,0,False
2026-04-03 20:01:30+00:00,,,,,,,,0.8000000000000002,0.8,,0.0,0,False
2026-04-03 20:02:00+00:00,,,,,,,,0.8000000000000002,0.8,,0.0,0,False
2026-04-03 20:02:30+00:00,,,,,,,,0.8000000000000002,0.8,,0.0,0,False
2026-04-03 20:03:00+00:00,,,,,,,,0.8000000000000002,0.8,,0.0,0,False
2026-04-03 20:03:30+00:00,,,,,,,,0.8000000000000002,0.8,,0.0,0,False
2026-04-03 20:04:00+00:00,,,,,,,,0.8000000000000002,0.8,,0.0,0,False
2026-04-03 20:04:30+00:00,,,,,,,,0.8000000000000002,0.8,,0.0,0,False
2026-04-03 20:05:00+00:00,,,,,,,,0.8000000000000002,0.8,,0.0,0,False
2026-04-03 20:05:30+00:00,,,,,,,,0.8000000000000002,0.8,,0.0,0,False
2026-04-03 20:06:00+00:00,,,,,,,,0.8000000000000002,0.8,,0.0,0,False
2026-04-03 20:06:30+00:00,,,,,,,,0.8000000000000002,0.8,,0.0,0,False
2026-04-03 20:07:00+00:00,,,,,,,,0.8000000000000002,0.8,,3.0,1,False
2026-04-03 20:07:30+00:00,,,,,,,,0.8000000000000002,0.8,,0.0,0,False
2026-04-03 20:08:00+00:00,,,,,,,,0.8000000000000002,0.8,,0.0,0,False
2026-04-03 20:08:30+00:00,,,,,,,,0.8000000000000002,0.8,,0.0,0,False
2026-04-03 20:09:00+00:00,,,,,,,,0.8000000000000002,0.8,,0.0,0,False
2026-04-03 20:09:30+00:00,,,,,,,,0.8000000000000002,0.8,,0.0,0,False
2026-04-03 20:10:00+00:00,,,,,,,,0.8000000000000002,0.8,,0.0,0,False
2026-04-03 20:10:30+00:00,,,,,,,,0.8000000000000002,0.8,,0.0,0,False
2026-04-03 20:11:00+00:00,,,,,,,,0.8000000000000002,0.8,,0.0,0,False
2026-04-03 20:11:30+00:00,,,,,,,,0.8000000000000002,0.8,,0.0,0,False
2026-04-03 20:12:00+00:00,,,,,,,,0.8000000000000002,0.8,,0.0,0,False
2026-04-03 20:12:30+00:00,,,,,,,,0.8000000000000002,0.8,,0.0,0,False
2026-04-03 20:13:00+00:00,,,,,,,,0.8000000000000002,0.8,,0.0,0,False
2026-04-03 20:13:30+00:00,,,,,,,,0.8000000000000002,0.8,,0.0,0,False
2026-04-03 20:14:00+00:00,,,,,,,,0.8000000000000002,0.8,,0.0,0,False
2026-04-03 20:14:30+00:00,,,,,,,,0.8000000000000002,0.8,,0.0,0,False
2026-04-03 20:15:00+00:00,,,,,,,,0.8000000000000002,0.8,,0.0,0,False
2026-04-03 20:15:30+00:00,,,,,,,,0.8000000000000002,0.8,,0.0,0,False
2026-04-03 20:16:00+00:00,,,,,,,,0.8000000000000002,0.8,,0.0,0,False
2026-04-03 20:16:30+00:00,,,,,,,,0.8000000000000002,0.8,,0.0,0,False
2026-04-03 20:17:00+00:00,,,,,,,,0.8000000000000002,0.8,,0.0,0,False
2026-04-03 20:17:30+00:00,,,,,,,,0.8000000000000002,0.8,,0.0,0,False
2026-04-03 20:18:00+00:00,,,,,,,,0.8000000000000002,0.8,,0.0,0,False
2026-04-03 20:18:30+00:00,,,,,,,,0.8000000000000002,0.8,,0.0,0,False
2026-04-03 20:19:00+00:00,,,,,,,,0.8000000000000002,0.8,,0.0,0,False
2026-04-03 20:19:30+00:00,,,,,,,,0.8000000000000002,0.8,,0.0,0,False
2026-04-03 20:20:00+00:00,,,,,,,,0.8000000000000002,0.8,,0.0,0,False
2026-04-03 20:20:30+00:00,,,,,,,,0.8000000000000002,0.8,,0.0,0,False
2026-04-03 20:21:00+00:00,,,,,,,,0.8000000000000002,0.8,,0.0,0,False
2026-04-03 20:21:30+00:00,,,,,,,,0.8000000000000002,0.8,,0.0,0,False
2026-04-03 20:22:00+00:00,,,,,,,,0.8000000000000002,0.8,,0.0,0,False
2026-04-03 20:22:30+00:00,,,,,,,,0.8000000000000002,0.8,,0.0,0,False
2026-04-03 20:23:00+00:00,,,,,,,,0.77,0.77,,2.0,1,False
2026-04-03 20:23:30+00:00,,,,,,,,0.77,0.77,,0.0,0,False
2026-04-03 20:24:00+00:00,,,,,,,,0.77,0.77,,0.0,0,False
2026-04-03 20:24:30+00:00,,,,,,,,0.77,0.77,,0.0,0,False
2026-04-03 20:25:00+00:00,,,,,,,,0.77,0.77,,0.0,0,False
2026-04-03 20:25:30+00:00,,,,,,,,0.77,0.77,,0.0,0,False
2026-04-03 20:26:00+00:00,,,,,,,,0.77,0.77,,0.0,0,False
2026-04-03 20:26:30+00:00,,,,,,,,0.77,0.77,,0.0,0,False
2026-04-03 20:27:00+00:00,,,,,,,,0.77,0.77,,0.0,0,False
2026-04-03 20:27:30+00:00,,,,,,,,0.77,0.77,,0.0,0,False
2026-04-03 20:28:00+00:00,,,,,,,,0.77,0.77,,0.0,0,False
2026-04-03 20:28:30+00:00,,,,,,,,0.77,0.77,,0.0,0,False
2026-04-03 20:29:00+00:00,,,,,,,,0.77,0.77,,0.0,0,False
2026-04-03 20:29:30+00:00,,,,,,,,0.77,0.77,,0.0,0,False
2026-04-03 20:30:00+00:00,,,,,,,,0.77,0.77,,0.0,0,False
2026-04-03 20:30:30+00:00,,,,,,,,0.77,0.77,,0.0,0,False
2026-04-03 20:31:00+00:00,,,,,,,,0.77,0.77,,0.0,0,False
2026-04-03 20:31:30+00:00,,,,,,,,0.77,0.77,,0.0,0,False
2026-04-03 20:32:00+00:00,,,,,,,,0.77,0.77,,0.0,0,False
2026-04-03 20:32:30+00:00,,,,,,,,0.77,0.77,,0.0,0,False
2026-04-03 20:33:00+00:00,,,,,,,,0.77,0.77,,0.0,0,False
2026-04-03 20:33:30+00:00,,,,,,,,0.77,0.77,,0.0,0,False
2026-04-03 20:34:00+00:00,,,,,,,,0.77,0.77,,0.0,0,False
2026-04-03 20:34:30+00:00,,,,,,,,0.77,0.77,,0.0,0,False
2026-04-03 20:35:00+00:00,,,,,,,,0.77,0.77,,0.0,0,False
2026-04-03 20:35:30+00:00,,,,,,,,0.77,0.77,,0.0,0,False
2026-04-03 20:36:00+00:00,,,,,,,,0.77,0.77,,0.0,0,False
2026-04-03 20:36:30+00:00,,,,,,,,0.77,0.77,,0.0,0,False
2026-04-03 20:37:00+00:00,,,,,,,,0.77,0.77,,0.0,0,False
2026-04-03 20:37:30+00:00,,,,,,,,0.77,0.77,,0.0,0,False
2026-04-03 20:38:00+00:00,,,,,,,,0.77,0.77,,0.0,0,False
2026-04-03 20:38:30+00:00,,,,,,,,0.77,0.77,,0.0,0,False
2026-04-03 20:39:00+00:00,,,,,,,,0.77,0.77,,0.0,0,False
2026-04-03 20:39:30+00:00,,,,,,,,0.77,0.77,,0.0,0,False
2026-04-03 20:40:00+00:00,,,,,,,,0.77,0.77,,0.0,0,False
2026-04-03 20:40:30+00:00,,,,,,,,0.77,0.77,,0.0,0,False
2026-04-03 20:41:00+00:00,,,,,,,,0.77,0.77,,0.0,0,False
2026-04-03 20:41:30+00:00,,,,,,,,0.77,0.77,,0.0,0,False
2026-04-03 20:42:00+00:00,,,,,,,,0.77,0.77,,0.0,0,False
2026-04-03 20:42:30+00:00,,,,,,,,0.77,0.77,,0.0,0,False
2026-04-03 20:43:00+00:00,,,,,,,,0.77,0.77,,0.0,0,False
2026-04-03 20:43:30+00:00,,,,,,,,0.77,0.77,,0.0,0,False
2026-04-03 20:44:00+00:00,,,,,,,,0.77,0.77,,0.0,0,False
2026-04-03 20:44:30+00:00,,,,,,,,0.77,0.77,,0.0,0,False
2026-04-03 20:45:00+00:00,,,,,,,,0.77,0.77,,0.0,0,False
2026-04-03 20:45:30+00:00,,,,,,,,0.77,0.77,,0.0,0,False
2026-04-03 20:46:00+00:00,,,,,,,,0.77,0.77,,0.0,0,False
2026-04-03 20:46:30+00:00,,,,,,,,0.77,0.77,,0.0,0,False
2026-04-03 20:47:00+00:00,,,,,,,,0.77,0.77,,0.0,0,False
2026-04-03 20:47:30+00:00,,,,,,,,0.77,0.77,,0.0,0,False
2026-04-03 20:48:00+00:00,,,,,,,,0.77,0.77,,0.0,0,False
2026-04-03 20:48:30+00:00,,,,,,,,0.77,0.77,,0.0,0,False
2026-04-03 20:49:00+00:00,,,,,,,,0.77,0.77,,0.0,0,False
2026-04-03 20:49:30+00:00,,,,,,,,0.77,0.77,,0.0,0,False
2026-04-03 20:50:00+00:00,,,,,,,,0.77,0.77,,0.0,0,False
2026-04-03 20:50:30+00:00,,,,,,,,0.77,0.77,,0.0,0,False
2026-04-03 20:51:00+00:00,,,,,,,,0.77,0.77,,0.0,0,False
2026-04-03 20:51:30+00:00,,,,,,,,0.77,0.77,,0.0,0,False
2026-04-03 20:52:00+00:00,,,,,,,,0.77,0.77,,0.0,0,False
2026-04-03 20:52:30+00:00,,,,,,,,0.77,0.77,,0.0,0,False
2026-04-03 20:53:00+00:00,,,,,,,,0.77,0.77,,0.0,0,False
2026-04-03 20:53:30+00:00,,,,,,,,0.77,0.77,,0.0,0,False
2026-04-03 20:54:00+00:00,,,,,,,,0.77,0.77,,0.0,0,False
2026-04-03 20:54:30+00:00,,,,,,,,0.77,0.77,,0.0,0,False
2026-04-03 20:55:00+00:00,,,,,,,,0.77,0.77,,0.0,0,False
2026-04-03 20:55:30+00:00,,,,,,,,0.77,0.77,,0.0,0,False
2026-04-03 20:56:00+00:00,,,,,,,,0.77,0.77,,0.0,0,False
2026-04-03 20:56:30+00:00,,,,,,,,0.77,0.77,,0.0,0,False
2026-04-03 20:57:00+00:00,,,,,,,,0.77,0.77,,0.0,0,False
2026-04-03 20:57:30+00:00,,,,,,,,0.77,0.77,,0.0,0,False
2026-04-03 20:58:00+00:00,,,,,,,,0.77,0.77,,0.0,0,False
2026-04-03 20:58:30+00:00,,,,,,,,0.77,0.77,,0.0,0,False
2026-04-03 20:59:00+00:00,,,,,,,,0.77,0.77,,0.0,0,False
2026-04-03 20:59:30+00:00,,,,,,,,0.77,0.77,,0.0,0,False
2026-04-03 21:00:00+00:00,,,,,,,,0.77,0.77,,0.0,0,False
2026-04-03 21:00:30+00:00,,,,,,,,0.77,0.77,,0.0,0,False
2026-04-03 21:01:00+00:00,,,,,,,,0.77,0.77,,0.0,0,False
2026-04-03 21:01:30+00:00,,,,,,,,0.77,0.77,,0.0,0,False
2026-04-03 21:02:00+00:00,,,,,,,,0.77,0.77,,0.0,0,False
2026-04-03 21:02:30+00:00,,,,,,,,0.8,0.8,,95.0,2,False
2026-04-03 21:03:00+00:00,,,,,,,,0.8,0.8,,0.0,0,False
2026-04-03 21:03:30+00:00,,,,,,,,0.8,0.8,,0.0,0,False
2026-04-03 21:04:00+00:00,,,,,,,,0.8,0.8,,0.0,0,False
2026-04-03 21:04:30+00:00,,,,,,,,0.8,0.8,,0.0,0,False
2026-04-03 21:05:00+00:00,,,,,,,,0.8,0.8,,0.0,0,False
2026-04-03 21:05:30+00:00,,,,,,,,0.8,0.8,,0.0,0,False
2026-04-03 21:06:00+00:00,,,,,,,,0.8,0.8,,0.0,0,False
2026-04-03 21:06:30+00:00,,,,,,,,0.8,0.8,,0.0,0,False
2026-04-03 21:07:00+00:00,,,,,,,,0.8,0.8,,0.0,0,False
2026-04-03 21:07:30+00:00,,,,,,,,0.8,0.8,,0.0,0,False
2026-04-03 21:08:00+00:00,,,,,,,,0.8,0.8,,0.0,0,False
2026-04-03 21:08:30+00:00,,,,,,,,0.8,0.8,,0.0,0,False
2026-04-03 21:09:00+00:00,,,,,,,,0.8,0.8,,0.0,0,False
2026-04-03 21:09:30+00:00,,,,,,,,0.8,0.8,,0.0,0,False
2026-04-03 21:10:00+00:00,,,,,,,,0.8,0.8,,0.0,0,False
2026-04-03 21:10:30+00:00,,,,,,,,0.8,0.8,,0.0,0,False
2026-04-03 21:11:00+00:00,,,,,,,,0.8,0.8,,0.0,0,False
2026-04-03 21:11:30+00:00,,,,,,,,0.8,0.8,,0.0,0,False
2026-04-03 21:12:00+00:00,,,,,,,,0.8,0.8,,0.0,0,False
2026-04-03 21:12:30+00:00,,,,,,,,0.8,0.8,,0.0,0,False
2026-04-03 21:13:00+00:00,,,,,,,,0.8,0.8,,0.0,0,False
2026-04-03 21:13:30+00:00,,,,,,,,0.8,0.8,,0.0,0,False
2026-04-03 21:14:00+00:00,,,,,,,,0.8,0.8,,0.0,0,False
2026-04-03 21:14:30+00:00,,,,,,,,0.8,0.8,,0.0,0,False
2026-04-03 21:15:00+00:00,,,,,,,,0.8,0.8,,0.0,0,False
2026-04-03 21:15:30+00:00,,,,,,,,0.8,0.8,,0.0,0,False
2026-04-03 21:16:00+00:00,,,,,,,,0.8,0.8,,0.0,0,False
2026-04-03 21:16:30+00:00,,,,,,,,0.8,0.8,,0.0,0,False
2026-04-03 21:17:00+00:00,,,,,,,,0.8,0.8,,0.0,0,False
2026-04-03 21:17:30+00:00,,,,,,,,0.8,0.8,,0.0,0,False
2026-04-03 21:18:00+00:00,,,,,,,,0.8,0.8,,0.0,0,False
2026-04-03 21:18:30+00:00,,,,,,,,0.8,0.8,,0.0,0,False
2026-04-03 21:19:00+00:00,,,,,,,,0.8,0.8,,0.0,0,False
2026-04-03 21:19:30+00:00,,,,,,,,0.8,0.8,,0.0,0,False
2026-04-03 21:20:00+00:00,,,,,,,,0.8,0.8,,0.0,0,False
2026-04-03 21:20:30+00:00,,,,,,,,0.8,0.8,,0.0,0,False
2026-04-03 21:21:00+00:00,,,,,,,,0.8,0.8,,0.0,0,False
2026-04-03 21:21:30+00:00,,,,,,,,0.8,0.8,,0.0,0,False
2026-04-03 21:22:00+00:00,,,,,,,,0.8,0.8,,0.0,0,False
2026-04-03 21:22:30+00:00,,,,,,,,0.8,0.8,,0.0,0,False
2026-04-03 21:23:00+00:00,,,,,,,,0.8,0.8,,0.0,0,False
2026-04-03 21:23:30+00:00,,,,,,,,0.8,0.8,,0.0,0,False
2026-04-03 21:24:00+00:00,,,,,,,,0.8,0.8,,0.0,0,False
2026-04-03 21:24:30+00:00,,,,,,,,0.8,0.8,,0.0,0,False
2026-04-03 21:25:00+00:00,,,,,,,,0.8,0.8,,0.0,0,False
2026-04-03 21:25:30+00:00,,,,,,,,0.8,0.8,,0.0,0,False
2026-04-03 21:26:00+00:00,,,,,,,,0.8,0.8,,0.0,0,False
2026-04-03 21:26:30+00:00,,,,,,,,0.8,0.8,,0.0,0,False
2026-04-03 21:27:00+00:00,,,,,,,,0.8,0.8,,0.0,0,False
2026-04-03 21:27:30+00:00,,,,,,,,0.8,0.8,,0.0,0,False
2026-04-03 21:28:00+00:00,,,,,,,,0.8,0.8,,0.0,0,False
2026-04-03 21:28:30+00:00,,,,,,,,0.8,0.8,,0.0,0,False
2026-04-03 21:29:00+00:00,,,,,,,,0.8,0.8,,0.0,0,False
2026-04-03 21:29:30+00:00,,,,,,,,0.8,0.8,,0.0,0,False
2026-04-03 21:30:00+00:00,,,,,,,,0.8,0.8,,0.0,0,False
2026-04-03 21:30:30+00:00,,,,,,,,0.8,0.8,,0.0,0,False
2026-04-03 21:31:00+00:00,,,,,,,,0.8,0.8,,0.0,0,False
2026-04-03 21:31:30+00:00,,,,,,,,0.8,0.8,,0.0,0,False
2026-04-03 21:32:00+00:00,,,,,,,,0.8,0.8,,0.0,0,False
2026-04-03 21:32:30+00:00,,,,,,,,0.8,0.8,,0.0,0,False
2026-04-03 21:33:00+00:00,,,,,,,,0.8,0.8,,0.0,0,False
2026-04-03 21:33:30+00:00,,,,,,,,0.8,0.8,,0.0,0,False
2026-04-03 21:34:00+00:00,,,,,,,,0.8,0.8,,0.0,0,False
2026-04-03 21:34:30+00:00,,,,,,,,0.8,0.8,,0.0,0,False
2026-04-03 21:35:00+00:00,,,,,,,,0.8,0.8,,0.0,0,False
2026-04-03 21:35:30+00:00,,,,,,,,0.8,0.8,,0.0,0,False
2026-04-03 21:36:00+00:00,,,,,,,,0.8,0.8,,0.0,0,False
2026-04-03 21:36:30+00:00,,,,,,,,0.8,0.8,,0.0,0,False
2026-04-03 21:37:00+00:00,,,,,,,,0.8,0.8,,0.0,0,False
2026-04-03 21:37:30+00:00,,,,,,,,0.8,0.8,,0.0,0,False
2026-04-03 21:38:00+00:00,,,,,,,,0.8,0.8,,0.0,0,False
2026-04-03 21:38:30+00:00,,,,,,,,0.8,0.8,,0.0,0,False
2026-04-03 21:39:00+00:00,,,,,,,,0.8,0.8,,0.0,0,False
2026-04-03 21:39:30+00:00,,,,,,,,0.8,0.8,,0.0,0,False
2026-04-03 21:40:00+00:00,,,,,,,,0.8,0.8,,0.0,0,False
2026-04-03 21:40:30+00:00,,,,,,,,0.8,0.8,,0.0,0,False
2026-04-03 21:41:00+00:00,,,,,,,,0.8,0.8,,0.0,0,False
2026-04-03 21:41:30+00:00,,,,,,,,0.8,0.8,,0.0,0,False
2026-04-03 21:42:00+00:00,,,,,,,,0.8,0.8,,0.0,0,False
2026-04-03 21:42:30+00:00,,,,,,,,0.8,0.8,,0.0,0,False
2026-04-03 21:43:00+00:00,,,,,,,,0.8,0.8,,0.0,0,False
2026-04-03 21:43:30+00:00,,,,,,,,0.8,0.8,,0.0,0,False
2026-04-03 21:44:00+00:00,,,,,,,,0.8,0.8,,0.0,0,False
2026-04-03 21:44:30+00:00,,,,,,,,0.8,0.8,,0.0,0,False
2026-04-03 21:45:00+00:00,,,,,,,,0.8,0.8,,0.0,0,False
2026-04-03 21:45:30+00:00,,,,,,,,0.8,0.8,,0.0,0,False
2026-04-03 21:46:00+00:00,,,,,,,,0.8,0.8,,0.0,0,False
2026-04-03 21:46:30+00:00,,,,,,,,0.8,0.8,,0.0,0,False
2026-04-03 21:47:00+00:00,,,,,,,,0.8,0.8,,0.0,0,False
2026-04-03 21:47:30+00:00,,,,,,,,0.8,0.8,,0.0,0,False
2026-04-03 21:48:00+00:00,,,,,,,,0.8,0.8,,0.0,0,False
2026-04-03 21:48:30+00:00,,,,,,,,0.8,0.8,,0.0,0,False
2026-04-03 21:49:00+00:00,,,,,,,,0.8,0.8,,0.0,0,False
2026-04-03 21:49:30+00:00,,,,,,,,0.79,0.79,,36.0,1,False
2026-04-03 21:50:00+00:00,,,,,,,,0.79,0.79,,0.0,0,False
2026-04-03 21:50:30+00:00,,,,,,,,0.79,0.79,,0.0,0,False
2026-04-03 21:51:00+00:00,,,,,,,,0.79,0.79,,0.0,0,False
2026-04-03 21:51:30+00:00,,,,,,,,0.79,0.79,,0.0,0,False
2026-04-03 21:52:00+00:00,,,,,,,,0.79,0.79,,0.0,0,False
2026-04-03 21:52:30+00:00,,,,,,,,0.79,0.79,,0.0,0,False
2026-04-03 21:53:00+00:00,,,,,,,,0.79,0.79,,0.0,0,False
2026-04-03 21:53:30+00:00,,,,,,,,0.79,0.79,,0.0,0,False
2026-04-03 21:54:00+00:00,,,,,,,,0.79,0.79,,0.0,0,False
2026-04-03 21:54:30+00:00,,,,,,,,0.79,0.79,,0.0,0,False
2026-04-03 21:55:00+00:00,,,,,,,,0.79,0.79,,0.0,0,False
2026-04-03 21:55:30+00:00,,,,,,,,0.79,0.79,,0.0,0,False
2026-04-03 21:56:00+00:00,,,,,,,,0.79,0.79,,0.0,0,False
2026-04-03 21:56:30+00:00,,,,,,,,0.79,0.79,,0.0,0,False
2026-04-03 21:57:00+00:00,,,,,,,,0.79,0.79,,0.0,0,False
2026-04-03 21:57:30+00:00,,,,,,,,0.79,0.79,,0.0,0,False
2026-04-03 21:58:00+00:00,,,,,,,,0.79,0.79,,0.0,0,False
2026-04-03 21:58:30+00:00,,,,,,,,0.79,0.79,,0.0,0,False
2026-04-03 21:59:00+00:00,,,,,,,,0.79,0.79,,0.0,0,False
2026-04-03 21:59:30+00:00,,,,,,,,0.79,0.79,,0.0,0,False
2026-04-03 22:00:00+00:00,,,,,,,,0.79,0.79,,0.0,0,False
2026-04-03 22:00:30+00:00,,,,,,,,0.79,0.79,,0.0,0,False
2026-04-03 22:01:00+00:00,,,,,,,,0.79,0.79,,0.0,0,False
2026-04-03 22:01:30+00:00,,,,,,,,0.79,0.79,,0.0,0,False
2026-04-03 22:02:00+00:00,,,,,,,,0.79,0.79,,0.0,0,False
2026-04-03 22:02:30+00:00,,,,,,,,0.79,0.79,,0.0,0,False
2026-04-03 22:03:00+00:00,,,,,,,,0.79,0.79,,0.0,0,False
2026-04-03 22:03:30+00:00,,,,,,,,0.79,0.79,,0.0,0,False
2026-04-03 22:04:00+00:00,,,,,,,,0.79,0.79,,0.0,0,False
2026-04-03 22:04:30+00:00,,,,,,,,0.79,0.79,,0.0,0,False
2026-04-03 22:05:00+00:00,,,,,,,,0.79,0.79,,0.0,0,False
2026-04-03 22:05:30+00:00,,,,,,,,0.79,0.79,,0.0,0,False
2026-04-03 22:06:00+00:00,,,,,,,,0.79,0.79,,0.0,0,False
2026-04-03 22:06:30+00:00,,,,,,,,0.79,0.79,,0.0,0,False
2026-04-03 22:07:00+00:00,,,,,,,,0.79,0.79,,0.0,0,False
2026-04-03 22:07:30+00:00,,,,,,,,0.79,0.79,,0.0,0,False
2026-04-03 22:08:00+00:00,,,,,,,,0.79,0.79,,0.0,0,False
2026-04-03 22:08:30+00:00,,,,,,,,0.79,0.79,,0.0,0,False
2026-04-03 22:09:00+00:00,,,,,,,,0.79,0.79,,0.0,0,False
2026-04-03 22:09:30+00:00,,,,,,,,0.79,0.79,,0.0,0,False
2026-04-03 22:10:00+00:00,,,,,,,,0.79,0.79,,0.0,0,False
2026-04-03 22:10:30+00:00,,,,,,,,0.79,0.79,,0.0,0,False
2026-04-03 22:11:00+00:00,,,,,,,,0.79,0.79,,0.0,0,False
2026-04-03 22:11:30+00:00,,,,,,,,0.79,0.79,,0.0,0,False
2026-04-03 22:12:00+00:00,,,,,,,,0.79,0.79,,0.0,0,False
2026-04-03 22:12:30+00:00,,,,,,,,0.79,0.79,,0.0,0,False
2026-04-03 22:13:00+00:00,,,,,,,,0.79,0.79,,0.0,0,False
2026-04-03 22:13:30+00:00,,,,,,,,0.79,0.79,,0.0,0,False
2026-04-03 22:14:00+00:00,,,,,,,,0.79,0.79,,0.0,0,False
2026-04-03 22:14:30+00:00,,,,,,,,0.79,0.79,,0.0,0,False
2026-04-03 22:15:00+00:00,,,,,,,,0.79,0.79,,0.0,0,False
2026-04-03 22:15:30+00:00,,,,,,,,0.79,0.79,,0.0,0,False
2026-04-03 22:16:00+00:00,,,,,,,,0.79,0.79,,0.0,0,False
2026-04-03 22:16:30+00:00,,,,,,,,0.79,0.79,,0.0,0,False
2026-04-03 22:17:00+00:00,,,,,,,,0.79,0.79,,0.0,0,False
2026-04-03 22:17:30+00:00,,,,,,,,0.79,0.79,,0.0,0,False
2026-04-03 22:18:00+00:00,,,,,,,,0.79,0.79,,0.0,0,False
2026-04-03 22:18:30+00:00,,,,,,,,0.79,0.79,,0.0,0,False
2026-04-03 22:19:00+00:00,,,,,,,,0.79,0.79,,0.0,0,False
2026-04-03 22:19:30+00:00,,,,,,,,0.79,0.79,,0.0,0,False
2026-04-03 22:20:00+00:00,,,,,,,,0.79,0.79,,0.0,0,False
2026-04-03 22:20:30+00:00,,,,,,,,0.79,0.79,,0.0,0,False
2026-04-03 22:21:00+00:00,,,,,,,,0.79,0.79,,0.0,0,False
2026-04-03 22:21:30+00:00,,,,,,,,0.79,0.79,,0.0,0,False
2026-04-03 22:22:00+00:00,,,,,,,,0.79,0.79,,0.0,0,False
2026-04-03 22:22:30+00:00,,,,,,,,0.79,0.79,,0.0,0,False
2026-04-03 22:23:00+00:00,,,,,,,,0.79,0.79,,0.0,0,False
2026-04-03 22:23:30+00:00,,,,,,,,0.79,0.79,,0.0,0,False
2026-04-03 22:24:00+00:00,,,,,,,,0.79,0.79,,0.0,0,False
2026-04-03 22:24:30+00:00,,,,,,,,0.79,0.79,,0.0,0,False
2026-04-03 22:25:00+00:00,,,,,,,,0.79,0.79,,0.0,0,False
2026-04-03 22:25:30+00:00,,,,,,,,0.79,0.79,,0.0,0,False
2026-04-03 22:26:00+00:00,,,,,,,,0.79,0.79,,0.0,0,False
2026-04-03 22:26:30+00:00,,,,,,,,0.79,0.79,,0.0,0,False
2026-04-03 22:27:00+00:00,,,,,,,,0.79,0.79,,0.0,0,False
2026-04-03 22:27:30+00:00,,,,,,,,0.79,0.79,,0.0,0,False
2026-04-03 22:28:00+00:00,,,,,,,,0.79,0.79,,0.0,0,False
2026-04-03 22:28:30+00:00,,,,,,,,0.79,0.79,,0.0,0,False
2026-04-03 22:29:00+00:00,,,,,,,,0.79,0.79,,0.0,0,False
2026-04-03 22:29:30+00:00,,,,,,,,0.79,0.79,,0.0,0,False
2026-04-03 22:30:00+00:00,,,,,,,,0.79,0.79,,0.0,0,False
2026-04-03 22:30:30+00:00,,,,,,,,0.79,0.79,,0.0,0,False
2026-04-03 22:31:00+00:00,,,,,,,,0.79,0.79,,0.0,0,False
2026-04-03 22:31:30+00:00,,,,,,,,0.79,0.79,,0.0,0,False
2026-04-03 22:32:00+00:00,,,,,,,,0.79,0.79,,0.0,0,False
2026-04-03 22:32:30+00:00,,,,,,,,0.79,0.79,,0.0,0,False
2026-04-03 22:33:00+00:00,,,,,,,,0.79,0.79,,0.0,0,False
2026-04-03 22:33:30+00:00,,,,,,,,0.79,0.79,,0.0,0,False
2026-04-03 22:34:00+00:00,,,,,,,,0.79,0.79,,0.0,0,False
2026-04-03 22:34:30+00:00,,,,,,,,0.79,0.79,,0.0,0,False
2026-04-03 22:35:00+00:00,,,,,,,,0.79,0.79,,0.0,0,False
2026-04-03 22:35:30+00:00,,,,,,,,0.79,0.79,,0.0,0,False
2026-04-03 22:36:00+00:00,,,,,,,,0.79,0.79,,0.0,0,False
2026-04-03 22:36:30+00:00,,,,,,,,0.79,0.79,,0.0,0,False
2026-04-03 22:37:00+00:00,,,,,,,,0.79,0.79,,0.0,0,False
2026-04-03 22:37:30+00:00,,,,,,,,0.79,0.79,,0.0,0,False
2026-04-03 22:38:00+00:00,,,,,,,,0.79,0.79,,0.0,0,False
2026-04-03 22:38:30+00:00,,,,,,,,0.79,0.79,,0.0,0,False
2026-04-03 22:39:00+00:00,,,,,,,,0.79,0.79,,0.0,0,False
2026-04-03 22:39:30+00:00,,,,,,,,0.79,0.79,,0.0,0,False
2026-04-03 22:40:00+00:00,,,,,,,,0.79,0.79,,0.0,0,False
2026-04-03 22:40:30+00:00,,,,,,,,0.79,0.79,,0.0,0,False
2026-04-03 22:41:00+00:00,,,,,,,,0.79,0.79,,0.0,0,False
2026-04-03 22:41:30+00:00,,,,,,,,0.79,0.79,,0.0,0,False
2026-04-03 22:42:00+00:00,,,,,,,,0.79,0.79,,0.0,0,False
2026-04-03 22:42:30+00:00,,,,,,,,0.79,0.79,,0.0,0,False
2026-04-03 22:43:00+00:00,,,,,,,,0.79,0.79,,0.0,0,False
2026-04-03 22:43:30+00:00,,,,,,,,0.79,0.79,,0.0,0,False
2026-04-03 22:44:00+00:00,,,,,,,,0.79,0.79,,0.0,0,False
2026-04-03 22:44:30+00:00,,,,,,,,0.79,0.79,,0.0,0,False
2026-04-03 22:45:00+00:00,,,,,,,,0.79,0.79,,0.0,0,False
2026-04-03 22:45:30+00:00,,,,,,,,0.79,0.79,,0.0,0,False
2026-04-03 22:46:00+00:00,,,,,,,,0.79,0.79,,0.0,0,False
2026-04-03 22:46:30+00:00,,,,,,,,0.79,0.79,,0.0,0,False
2026-04-03 22:47:00+00:00,,,,,,,,0.79,0.79,,0.0,0,False
2026-04-03 22:47:30+00:00,,,,,,,,0.79,0.79,,0.0,0,False
2026-04-03 22:48:00+00:00,,,,,,,,0.79,0.79,,0.0,0,False
2026-04-03 22:48:30+00:00,,,,,,,,0.79,0.79,,0.0,0,False
2026-04-03 22:49:00+00:00,,,,,,,,0.79,0.79,,0.0,0,False
2026-04-03 22:49:30+00:00,,,,,,,,0.79,0.79,,0.0,0,False
2026-04-03 22:50:00+00:00,,,,,,,,0.79,0.79,,0.0,0,False
2026-04-03 22:50:30+00:00,,,,,,,,0.79,0.79,,0.0,0,False
2026-04-03 22:51:00+00:00,,,,,,,,0.79,0.79,,0.0,0,False
2026-04-03 22:51:30+00:00,,,,,,,,0.79,0.79,,0.0,0,False
2026-04-03 22:52:00+00:00,,,,,,,,0.79,0.79,,0.0,0,False
2026-04-03 22:52:30+00:00,,,,,,,,0.79,0.79,,0.0,0,False
2026-04-03 22:53:00+00:00,,,,,,,,0.79,0.79,,0.0,0,False
2026-04-03 22:53:30+00:00,,,,,,,,0.79,0.79,,0.0,0,False
2026-04-03 22:54:00+00:00,,,,,,,,0.79,0.79,,0.0,0,False
2026-04-03 22:54:30+00:00,,,,,,,,0.8000000000000002,0.8,,6.0,1,False
2026-04-03 22:55:00+00:00,,,,,,,,0.8000000000000002,0.8,,0.0,0,False
2026-04-03 22:55:30+00:00,,,,,,,,0.8000000000000002,0.8,,0.0,0,False
2026-04-03 22:56:00+00:00,,,,,,,,0.8000000000000002,0.8,,0.0,0,False
2026-04-03 22:56:30+00:00,,,,,,,,0.8000000000000002,0.8,,0.0,0,False
2026-04-03 22:57:00+00:00,,,,,,,,0.8000000000000002,0.8,,0.0,0,False
2026-04-03 22:57:30+00:00,,,,,,,,0.8000000000000002,0.8,,0.0,0,False
2026-04-03 22:58:00+00:00,,,,,,,,0.8000000000000002,0.8,,0.0,0,False
2026-04-03 22:58:30+00:00,,,,,,,,0.8000000000000002,0.8,,0.0,0,False
2026-04-03 22:59:00+00:00,,,,,,,,0.8000000000000002,0.8,,0.0,0,False
2026-04-03 22:59:30+00:00,,,,,,,,0.8000000000000002,0.8,,0.0,0,False
2026-04-03 23:00:00+00:00,,,,,,,,0.8000000000000002,0.8,,0.0,0,False
2026-04-03 23:00:30+00:00,,,,,,,,0.8000000000000002,0.8,,0.0,0,False
2026-04-03 23:01:00+00:00,,,,,,,,0.8000000000000002,0.8,,0.0,0,False
2026-04-03 23:01:30+00:00,,,,,,,,0.8000000000000002,0.8,,0.0,0,False
2026-04-03 23:02:00+00:00,,,,,,,,0.8000000000000002,0.8,,0.0,0,False
2026-04-03 23:02:30+00:00,,,,,,,,0.8000000000000002,0.8,,0.0,0,False
2026-04-03 23:03:00+00:00,,,,,,,,0.8000000000000002,0.8,,0.0,0,False
2026-04-03 23:03:30+00:00,,,,,,,,0.8000000000000002,0.8,,0.0,0,False
2026-04-03 23:04:00+00:00,,,,,,,,0.8000000000000002,0.8,,0.0,0,False
2026-04-03 23:04:30+00:00,,,,,,,,0.8000000000000002,0.8,,0.0,0,False
2026-04-03 23:05:00+00:00,,,,,,,,0.8000000000000002,0.8,,0.0,0,False
2026-04-03 23:05:30+00:00,,,,,,,,0.8000000000000002,0.8,,0.0,0,False
2026-04-03 23:06:00+00:00,,,,,,,,0.8000000000000002,0.8,,0.0,0,False
2026-04-03 23:06:30+00:00,,,,,,,,0.8000000000000002,0.8,,0.0,0,False
2026-04-03 23:07:00+00:00,,,,,,,,0.8000000000000002,0.8,,0.0,0,False
2026-04-03 23:07:30+00:00,,,,,,,,0.8000000000000002,0.8,,0.0,0,False
2026-04-03 23:08:00+00:00,,,,,,,,0.8000000000000002,0.8,,0.0,0,False
2026-04-03 23:08:30+00:00,,,,,,,,0.8000000000000002,0.8,,0.0,0,False
2026-04-03 23:09:00+00:00,,,,,,,,0.8,0.8,,1.0,1,False
2026-04-03 23:09:30+00:00,,,,,,,,0.77,0.77,,2.0,1,False
2026-04-03 23:10:00+00:00,,,,,,,,0.77,0.77,,0.0,0,False
2026-04-03 23:10:30+00:00,,,,,,,,0.77,0.77,,0.0,0,False
2026-04-03 23:11:00+00:00,,,,,,,,0.77,0.77,,0.0,0,False
2026-04-03 23:11:30+00:00,,,,,,,,0.77,0.77,,0.0,0,False
2026-04-03 23:12:00+00:00,,,,,,,,0.77,0.77,,0.0,0,False
2026-04-03 23:12:30+00:00,,,,,,,,0.77,0.77,,0.0,0,False
2026-04-03 23:13:00+00:00,,,,,,,,0.77,0.77,,0.0,0,False
2026-04-03 23:13:30+00:00,,,,,,,,0.77,0.77,,0.0,0,False
2026-04-03 23:14:00+00:00,,,,,,,,0.77,0.77,,0.0,0,False
2026-04-03 23:14:30+00:00,,,,,,,,0.77,0.77,,0.0,0,False
2026-04-03 23:15:00+00:00,,,,,,,,0.77,0.77,,0.0,0,False
2026-04-03 23:15:30+00:00,,,,,,,,0.77,0.77,,0.0,0,False
2026-04-03 23:16:00+00:00,,,,,,,,0.77,0.77,,0.0,0,False
2026-04-03 23:16:30+00:00,,,,,,,,0.77,0.77,,0.0,0,False
2026-04-03 23:17:00+00:00,,,,,,,,0.77,0.77,,0.0,0,False
2026-04-03 23:17:30+00:00,,,,,,,,0.77,0.77,,0.0,0,False
2026-04-03 23:18:00+00:00,,,,,,,,0.77,0.77,,0.0,0,False
2026-04-03 23:18:30+00:00,,,,,,,,0.77,0.77,,0.0,0,False
2026-04-03 23:19:00+00:00,,,,,,,,0.77,0.77,,0.0,0,False
2026-04-03 23:19:30+00:00,,,,,,,,0.77,0.77,,0.0,0,False
2026-04-03 23:20:00+00:00,,,,,,,,0.77,0.77,,0.0,0,False
2026-04-03 23:20:30+00:00,,,,,,,,0.77,0.77,,0.0,0,False
2026-04-03 23:21:00+00:00,,,,,,,,0.77,0.77,,0.0,0,False
2026-04-03 23:21:30+00:00,,,,,,,,0.77,0.77,,0.0,0,False
2026-04-03 23:22:00+00:00,,,,,,,,0.77,0.77,,0.0,0,False
2026-04-03 23:22:30+00:00,,,,,,,,0.77,0.77,,0.0,0,False
2026-04-03 23:23:00+00:00,,,,,,,,0.77,0.77,,0.0,0,False
2026-04-03 23:23:30+00:00,,,,,,,,0.77,0.77,,0.0,0,False
2026-04-03 23:24:00+00:00,,,,,,,,0.77,0.77,,0.0,0,False
2026-04-03 23:24:30+00:00,,,,,,,,0.77,0.77,,0.0,0,False
2026-04-03 23:25:00+00:00,,,,,,,,0.77,0.77,,0.0,0,False
2026-04-03 23:25:30+00:00,,,,,,,,0.77,0.77,,0.0,0,False
2026-04-03 23:26:00+00:00,,,,,,,,0.77,0.77,,0.0,0,False
2026-04-03 23:26:30+00:00,,,,,,,,0.77,0.77,,0.0,0,False
2026-04-03 23:27:00+00:00,,,,,,,,0.77,0.77,,50.0,1,False
2026-04-03 23:27:30+00:00,,,,,,,,0.77,0.77,,0.0,0,False
2026-04-03 23:28:00+00:00,,,,,,,,0.77,0.77,,0.0,0,False
2026-04-03 23:28:30+00:00,,,,,,,,0.77,0.77,,0.0,0,False
2026-04-03 23:29:00+00:00,,,,,,,,0.77,0.77,,0.0,0,False
2026-04-03 23:29:30+00:00,,,,,,,,0.77,0.77,,0.0,0,False
2026-04-03 23:30:00+00:00,,,,,,,,0.77,0.77,,50.0,1,False
2026-04-03 23:30:30+00:00,,,,,,,,0.8,0.8,,30.0,1,False
2026-04-03 23:31:00+00:00,,,,,,,,0.8,0.8,,0.0,0,False
2026-04-03 23:31:30+00:00,,,,,,,,0.8,0.8,,1.0,1,False
2026-04-03 23:32:00+00:00,,,,,,,,0.8,0.8,,0.0,0,False
2026-04-03 23:32:30+00:00,,,,,,,,0.8,0.8,,0.0,0,False
2026-04-03 23:33:00+00:00,,,,,,,,0.8,0.8,,0.0,0,False
2026-04-03 23:33:30+00:00,,,,,,,,0.8,0.8,,0.0,0,False
2026-04-03 23:34:00+00:00,,,,,,,,0.8,0.8,,0.0,0,False
2026-04-03 23:34:30+00:00,,,,,,,,0.8,0.8,,0.0,0,False
2026-04-03 23:35:00+00:00,,,,,,,,0.8,0.8,,0.0,0,False
2026-04-03 23:35:30+00:00,,,,,,,,0.7996000000000001,0.8,,100.0,2,False
2026-04-03 23:36:00+00:00,,,,,,,,0.7996000000000001,0.8,,0.0,0,False
2026-04-03 23:36:30+00:00,,,,,,,,0.7996000000000001,0.8,,0.0,0,False
2026-04-03 23:37:00+00:00,,,,,,,,0.7996000000000001,0.8,,0.0,0,False
2026-04-03 23:37:30+00:00,,,,,,,,0.7996000000000001,0.8,,0.0,0,False
2026-04-03 23:38:00+00:00,,,,,,,,0.7996000000000001,0.8,,0.0,0,False
2026-04-03 23:38:30+00:00,,,,,,,,0.7996000000000001,0.8,,0.0,0,False
2026-04-03 23:39:00+00:00,,,,,,,,0.7996000000000001,0.8,,0.0,0,False
2026-04-03 23:39:30+00:00,,,,,,,,0.8,0.8,,150.0,1,False
2026-04-03 23:40:00+00:00,,,,,,,,0.8,0.8,,0.0,0,False
2026-04-03 23:40:30+00:00,,,,,,,,0.8,0.8,,121.0,1,False
2026-04-03 23:41:00+00:00,,,,,,,,0.8,0.8,,0.0,0,False
2026-04-03 23:41:30+00:00,,,,,,,,0.8,0.8,,0.0,0,False
2026-04-03 23:42:00+00:00,,,,,,,,0.8,0.8,,0.0,0,False
2026-04-03 23:42:30+00:00,,,,,,,,0.78,0.78,,354.0,3,False
2026-04-03 23:43:00+00:00,,,,,,,,0.78,0.78,,0.0,0,False
2026-04-03 23:43:30+00:00,,,,,,,,0.8,0.8,,16.0,1,False
2026-04-03 23:44:00+00:00,,,,,,,,0.8,0.8,,0.0,0,False
2026-04-03 23:44:30+00:00,,,,,,,,0.8,0.8,,243.0,1,False
2026-04-03 23:45:00+00:00,,,,,,,,0.8,0.8,,0.0,0,False
2026-04-03 23:45:30+00:00,,,,,,,,0.8,0.8,,121.0,1,False
2026-04-03 23:46:00+00:00,,,,,,,,0.8,0.8,,0.0,0,False
2026-04-03 23:46:30+00:00,,,,,,,,0.8,0.8,,0.0,0,False
2026-04-03 23:47:00+00:00,,,,,,,,0.8,0.8,,0.0,0,False
2026-04-03 23:47:30+00:00,,,,,,,,0.8,0.8,,0.0,0,False
2026-04-03 23:48:00+00:00,,,,,,,,0.8,0.8,,0.0,0,False
2026-04-03 23:48:30+00:00,,,,,,,,0.8,0.8,,0.0,0,False
2026-04-03 23:49:00+00:00,,,,,,,,0.8,0.8,,0.0,0,False
2026-04-03 23:49:30+00:00,,,,,,,,0.8,0.8,,61.0,1,False
2026-04-03 23:50:00+00:00,,,,,,,,0.8,0.8,,0.0,0,False
2026-04-03 23:50:30+00:00,,,,,,,,0.77,0.77,,20.0,1,False
2026-04-03 23:51:00+00:00,,,,,,,,0.77,0.77,,0.0,0,False
2026-04-03 23:51:30+00:00,,,,,,,,0.77,0.77,,0.0,0,False
2026-04-03 23:52:00+00:00,,,,,,,,0.77,0.77,,0.0,0,False
2026-04-03 23:52:30+00:00,,,,,,,,0.77,0.77,,0.0,0,False
2026-04-03 23:53:00+00:00,,,,,,,,0.77,0.77,,0.0,0,False
2026-04-03 23:53:30+00:00,,,,,,,,0.8000000000000002,0.8,,12.0,1,False
2026-04-03 23:54:00+00:00,,,,,,,,0.8000000000000002,0.8,,0.0,0,False
2026-04-03 23:54:30+00:00,,,,,,,,0.8000000000000002,0.8,,0.0,0,False
2026-04-03 23:55:00+00:00,,,,,,,,0.8000000000000002,0.8,,0.0,0,False
2026-04-03 23:55:30+00:00,,,,,,,,0.8000000000000002,0.8,,0.0,0,False
2026-04-03 23:56:00+00:00,,,,,,,,0.8000000000000002,0.8,,0.0,0,False
2026-04-03 23:56:30+00:00,,,,,,,,0.8000000000000002,0.8,,0.0,0,False
2026-04-03 23:57:00+00:00,,,,,,,,0.8000000000000002,0.8,,0.0,0,False
2026-04-03 23:57:30+00:00,,,,,,,,0.8000000000000002,0.8,,0.0,0,False
2026-04-03 23:58:00+00:00,,,,,,,,0.8000000000000002,0.8,,12.0,1,False
2026-04-03 23:58:30+00:00,,,,,,,,0.8,0.8,,78.0,1,False
2026-04-03 23:59:00+00:00,,,,,,,,0.7999999999999999,0.8,,354.0,1,False
2026-04-03 23:59:30+00:00,,,,,,,,0.7999999999999999,0.8,,0.0,0,False
2026-04-04 00:00:00+00:00,,,,,,,,0.7999999999999999,0.8,,0.0,0,False
2026-04-04 00:00:30+00:00,,,,,,,,0.7999999999999999,0.8,,0.0,0,False
2026-04-04 00:01:00+00:00,,,,,,,,0.7999999999999999,0.8,,0.0,0,False
2026-04-04 00:01:30+00:00,,,,,,,,0.7999999999999999,0.8,,0.0,0,False
2026-04-04 00:02:00+00:00,,,,,,,,0.7999999999999999,0.8,,0.0,0,False
2026-04-04 00:02:30+00:00,,,,,,,,0.7999999999999999,0.8,,0.0,0,False
2026-04-04 00:03:00+00:00,,,,,,,,0.7999999999999999,0.8,,0.0,0,False
2026-04-04 00:03:30+00:00,,,,,,,,0.7999999999999999,0.8,,0.0,0,False
2026-04-04 00:04:00+00:00,,,,,,,,0.7999999999999999,0.8,,0.0,0,False
2026-04-04 00:04:30+00:00,,,,,,,,0.7999999999999999,0.8,,0.0,0,False
2026-04-04 00:05:00+00:00,,,,,,,,0.7999999999999999,0.8,,0.0,0,False
2026-04-04 00:05:30+00:00,,,,,,,,0.7999999999999999,0.8,,0.0,0,False
2026-04-04 00:06:00+00:00,,,,,,,,0.7999999999999999,0.8,,0.0,0,False
2026-04-04 00:06:30+00:00,,,,,,,,0.7999999999999999,0.8,,0.0,0,False
2026-04-04 00:07:00+00:00,,,,,,,,0.7999999999999999,0.8,,0.0,0,False
2026-04-04 00:07:30+00:00,,,,,,,,0.7999999999999999,0.8,,0.0,0,False
2026-04-04 00:08:00+00:00,,,,,,,,0.7999999999999999,0.8,,0.0,0,False
2026-04-04 00:08:30+00:00,,,,,,,,0.7999999999999999,0.8,,0.0,0,False
2026-04-04 00:09:00+00:00,,,,,,,,0.7999999999999999,0.8,,0.0,0,False
2026-04-04 00:09:30+00:00,,,,,,,,0.7999999999999999,0.8,,0.0,0,False
2026-04-04 00:10:00+00:00,,,,,,,,0.7999999999999999,0.8,,0.0,0,False
2026-04-04 00:10:30+00:00,,,,,,,,0.7999999999999999,0.8,,0.0,0,False
2026-04-04 00:11:00+00:00,,,,,,,,0.7999999999999999,0.8,,0.0,0,False
2026-04-04 00:11:30+00:00,,,,,,,,0.7999999999999999,0.8,,0.0,0,False
2026-04-04 00:12:00+00:00,,,,,,,,0.7999999999999999,0.8,,0.0,0,False
2026-04-04 00:12:30+00:00,,,,,,,,0.7999999999999999,0.8,,0.0,0,False
2026-04-04 00:13:00+00:00,,,,,,,,0.7999999999999999,0.8,,0.0,0,False
2026-04-04 00:13:30+00:00,,,,,,,,0.7999999999999999,0.8,,0.0,0,False
2026-04-04 00:14:00+00:00,,,,,,,,0.7999999999999999,0.8,,0.0,0,False
2026-04-04 00:14:30+00:00,,,,,,,,0.7999999999999999,0.8,,0.0,0,False
2026-04-04 00:15:00+00:00,,,,,,,,0.7999999999999999,0.8,,0.0,0,False
2026-04-04 00:15:30+00:00,,,,,,,,0.7999999999999999,0.8,,0.0,0,False
2026-04-04 00:16:00+00:00,,,,,,,,0.7999999999999999,0.8,,0.0,0,False
2026-04-04 00:16:30+00:00,,,,,,,,0.7999999999999999,0.8,,0.0,0,False
2026-04-04 00:17:00+00:00,,,,,,,,0.7999999999999999,0.8,,0.0,0,False
2026-04-04 00:17:30+00:00,,,,,,,,0.7999999999999999,0.8,,51.0,2,False
2026-04-04 00:18:00+00:00,,,,,,,,0.7999999999999999,0.8,,0.0,0,False
2026-04-04 00:18:30+00:00,,,,,,,,0.7999999999999999,0.8,,0.0,0,False
2026-04-04 00:19:00+00:00,,,,,,,,0.7999999999999999,0.8,,0.0,0,False
2026-04-04 00:19:30+00:00,,,,,,,,0.81,0.81,,50.0,1,False
2026-04-04 00:20:00+00:00,,,,,,,,0.81,0.81,,0.0,0,False
2026-04-04 00:20:30+00:00,,,,,,,,0.81,0.81,,0.0,0,False
2026-04-04 00:21:00+00:00,,,,,,,,0.81,0.81,,0.0,0,False
2026-04-04 00:21:30+00:00,,,,,,,,0.81,0.81,,0.0,0,False
2026-04-04 00:22:00+00:00,,,,,,,,0.81,0.81,,0.0,0,False
2026-04-04 00:22:30+00:00,,,,,,,,0.81,0.81,,0.0,0,False
2026-04-04 00:23:00+00:00,,,,,,,,0.81,0.81,,0.0,0,False
2026-04-04 00:23:30+00:00,,,,,,,,0.81,0.81,,0.0,0,False
2026-04-04 00:24:00+00:00,,,,,,,,0.81,0.81,,0.0,0,False
2026-04-04 00:24:30+00:00,,,,,,,,0.81,0.81,,0.0,0,False
2026-04-04 00:25:00+00:00,,,,,,,,0.81,0.81,,0.0,0,False
2026-04-04 00:25:30+00:00,,,,,,,,0.81,0.81,,0.0,0,False
2026-04-04 00:26:00+00:00,,,,,,,,0.81,0.81,,0.0,0,False
2026-04-04 00:26:30+00:00,,,,,,,,0.79,0.79,,2.0,1,False
2026-04-04 00:27:00+00:00,,,,,,,,0.79,0.79,,0.0,0,False
2026-04-04 00:27:30+00:00,,,,,,,,0.79,0.79,,0.0,0,False
2026-04-04 00:28:00+00:00,,,,,,,,0.79,0.79,,0.0,0,False
2026-04-04 00:28:30+00:00,,,,,,,,0.79,0.79,,0.0,0,False
2026-04-04 00:29:00+00:00,,,,,,,,0.79,0.79,,0.0,0,False
2026-04-04 00:29:30+00:00,,,,,,,,0.79,0.79,,0.0,0,False
2026-04-04 00:30:00+00:00,,,,,,,,0.79,0.79,,0.0,0,False
2026-04-04 00:30:30+00:00,,,,,,,,0.79,0.79,,0.0,0,False
2026-04-04 00:31:00+00:00,,,,,,,,0.79,0.79,,0.0,0,False
2026-04-04 00:31:30+00:00,,,,,,,,0.79,0.79,,0.0,0,False
2026-04-04 00:32:00+00:00,,,,,,,,0.79,0.79,,0.0,0,False
2026-04-04 00:32:30+00:00,,,,,,,,0.79,0.79,,0.0,0,False
2026-04-04 00:33:00+00:00,,,,,,,,0.79,0.79,,0.0,0,False
2026-04-04 00:33:30+00:00,,,,,,,,0.79,0.79,,0.0,0,False
2026-04-04 00:34:00+00:00,,,,,,,,0.79,0.79,,0.0,0,False
2026-04-04 00:34:30+00:00,,,,,,,,0.79,0.79,,0.0,0,False
2026-04-04 00:35:00+00:00,,,,,,,,0.79,0.79,,0.0,0,False
2026-04-04 00:35:30+00:00,,,,,,,,0.79,0.79,,0.0,0,False
2026-04-04 00:36:00+00:00,,,,,,,,0.79,0.79,,0.0,0,False
2026-04-04 00:36:30+00:00,,,,,,,,0.79,0.79,,0.0,0,False
2026-04-04 00:37:00+00:00,,,,,,,,0.79,0.79,,0.0,0,False
2026-04-04 00:37:30+00:00,,,,,,,,0.79,0.79,,0.0,0,False
2026-04-04 00:38:00+00:00,,,,,,,,0.79,0.79,,0.0,0,False
2026-04-04 00:38:30+00:00,,,,,,,,0.79,0.79,,0.0,0,False
2026-04-04 00:39:00+00:00,,,,,,,,0.79,0.79,,0.0,0,False
2026-04-04 00:39:30+00:00,,,,,,,,0.79,0.79,,0.0,0,False
2026-04-04 00:40:00+00:00,,,,,,,,0.79,0.79,,0.0,0,False
2026-04-04 00:40:30+00:00,,,,,,,,0.79,0.79,,0.0,0,False
2026-04-04 00:41:00+00:00,,,,,,,,0.79,0.79,,0.0,0,False
2026-04-04 00:41:30+00:00,,,,,,,,0.79,0.79,,0.0,0,False
2026-04-04 00:42:00+00:00,,,,,,,,0.79,0.79,,0.0,0,False
2026-04-04 00:42:30+00:00,,,,,,,,0.79,0.79,,0.0,0,False
2026-04-04 00:43:00+00:00,,,,,,,,0.79,0.79,,0.0,0,False
2026-04-04 00:43:30+00:00,,,,,,,,0.79,0.79,,0.0,0,False
2026-04-04 00:44:00+00:00,,,,,,,,0.79,0.79,,0.0,0,False
2026-04-04 00:44:30+00:00,,,,,,,,0.79,0.79,,0.0,0,False
2026-04-04 00:45:00+00:00,,,,,,,,0.79,0.79,,0.0,0,False
2026-04-04 00:45:30+00:00,,,,,,,,0.79,0.79,,0.0,0,False
2026-04-04 00:46:00+00:00,,,,,,,,0.79,0.79,,0.0,0,False
2026-04-04 00:46:30+00:00,,,,,,,,0.79,0.79,,0.0,0,False
2026-04-04 00:47:00+00:00,,,,,,,,0.79,0.79,,0.0,0,False
2026-04-04 00:47:30+00:00,,,,,,,,0.79,0.79,,0.0,0,False
2026-04-04 00:48:00+00:00,,,,,,,,0.79,0.79,,0.0,0,False
2026-04-04 00:48:30+00:00,,,,,,,,0.79,0.79,,0.0,0,False
2026-04-04 00:49:00+00:00,,,,,,,,0.79,0.79,,0.0,0,False
2026-04-04 00:49:30+00:00,,,,,,,,0.79,0.79,,0.0,0,False
2026-04-04 00:50:00+00:00,,,,,,,,0.79,0.79,,0.0,0,False
2026-04-04 00:50:30+00:00,,,,,,,,0.79,0.79,,0.0,0,False
2026-04-04 00:51:00+00:00,,,,,,,,0.79,0.79,,0.0,0,False
2026-04-04 00:51:30+00:00,,,,,,,,0.79,0.79,,3.0,1,False
2026-04-04 00:52:00+00:00,,,,,,,,0.79,0.79,,0.0,0,False
2026-04-04 00:52:30+00:00,,,,,,,,0.79,0.79,,0.0,0,False
2026-04-04 00:53:00+00:00,,,,,,,,0.79,0.79,,0.0,0,False
2026-04-04 00:53:30+00:00,,,,,,,,0.79,0.79,,0.0,0,False
2026-04-04 00:54:00+00:00,,,,,,,,0.79,0.79,,0.0,0,False
2026-04-04 00:54:30+00:00,,,,,,,,0.81,0.81,,2.0,1,False
2026-04-04 00:55:00+00:00,,,,,,,,0.81,0.81,,0.0,0,False
2026-04-04 00:55:30+00:00,,,,,,,,0.81,0.81,,0.0,0,False
2026-04-04 00:56:00+00:00,,,,,,,,0.81,0.81,,0.0,0,False
2026-04-04 00:56:30+00:00,,,,,,,,0.81,0.81,,0.0,0,False
2026-04-04 00:57:00+00:00,,,,,,,,0.81,0.81,,0.0,0,False
2026-04-04 00:57:30+00:00,,,,,,,,0.81,0.81,,0.0,0,False
2026-04-04 00:58:00+00:00,,,,,,,,0.81,0.81,,0.0,0,False
2026-04-04 00:58:30+00:00,,,,,,,,0.81,0.81,,0.0,0,False
2026-04-04 00:59:00+00:00,,,,,,,,0.81,0.81,,0.0,0,False
2026-04-04 00:59:30+00:00,,,,,,,,0.81,0.81,,0.0,0,False
2026-04-04 01:00:00+00:00,,,,,,,,0.81,0.81,,0.0,0,False
2026-04-04 01:00:30+00:00,,,,,,,,0.81,0.81,,0.0,0,False
2026-04-04 01:01:00+00:00,,,,,,,,0.81,0.81,,0.0,0,False
2026-04-04 01:01:30+00:00,,,,,,,,0.81,0.81,,0.0,0,False
2026-04-04 01:02:00+00:00,,,,,,,,0.81,0.81,,0.0,0,False
2026-04-04 01:02:30+00:00,,,,,,,,0.81,0.81,,0.0,0,False
2026-04-04 01:03:00+00:00,,,,,,,,0.81,0.81,,0.0,0,False
2026-04-04 01:03:30+00:00,,,,,,,,0.81,0.81,,0.0,0,False
2026-04-04 01:04:00+00:00,,,,,,,,0.81,0.81,,0.0,0,False
2026-04-04 01:04:30+00:00,,,,,,,,0.81,0.81,,0.0,0,False
2026-04-04 01:05:00+00:00,,,,,,,,0.81,0.81,,0.0,0,False
2026-04-04 01:05:30+00:00,,,,,,,,0.81,0.81,,0.0,0,False
2026-04-04 01:06:00+00:00,,,,,,,,0.81,0.81,,0.0,0,False
2026-04-04 01:06:30+00:00,,,,,,,,0.81,0.81,,0.0,0,False
2026-04-04 01:07:00+00:00,,,,,,,,0.81,0.81,,0.0,0,False
2026-04-04 01:07:30+00:00,,,,,,,,0.81,0.81,,24.0,1,False
2026-04-04 01:08:00+00:00,,,,,,,,0.81,0.81,,163.0,1,False
2026-04-04 01:08:30+00:00,,,,,,,,0.81,0.81,,0.0,0,False
2026-04-04 01:09:00+00:00,,,,,,,,0.81,0.81,,0.0,0,False
2026-04-04 01:09:30+00:00,,,,,,,,0.78,0.78,,8.0,1,False
2026-04-04 01:10:00+00:00,,,,,,,,0.78,0.78,,0.0,0,False
2026-04-04 01:10:30+00:00,,,,,,,,0.78,0.78,,0.0,0,False
2026-04-04 01:11:00+00:00,,,,,,,,0.79,0.79,,3.0,1,False
2026-04-04 01:11:30+00:00,,,,,,,,0.79,0.79,,0.0,0,False
2026-04-04 01:12:00+00:00,,,,,,,,0.8100000000000002,0.81,,5.0,1,False
2026-04-04 01:12:30+00:00,,,,,,,,0.8100000000000002,0.81,,0.0,0,False
2026-04-04 01:13:00+00:00,,,,,,,,0.8100000000000002,0.81,,0.0,0,False
2026-04-04 01:13:30+00:00,,,,,,,,0.8100000000000002,0.81,,0.0,0,False
2026-04-04 01:14:00+00:00,,,,,,,,0.8100000000000002,0.81,,0.0,0,False
2026-04-04 01:14:30+00:00,,,,,,,,0.8100000000000002,0.81,,0.0,0,False
2026-04-04 01:15:00+00:00,,,,,,,,0.8100000000000002,0.81,,0.0,0,False
2026-04-04 01:15:30+00:00,,,,,,,,0.78,0.78,,1.0,1,False
2026-04-04 01:16:00+00:00,,,,,,,,0.78,0.78,,0.0,0,False
2026-04-04 01:16:30+00:00,,,,,,,,0.78,0.78,,0.0,0,False
2026-04-04 01:17:00+00:00,,,,,,,,0.81,0.81,,24.0,1,False
2026-04-04 01:17:30+00:00,,,,,,,,0.81,0.81,,0.0,0,False
2026-04-04 01:18:00+00:00,,,,,,,,0.81,0.81,,1.0,1,False
2026-04-04 01:18:30+00:00,,,,,,,,0.81,0.81,,0.0,0,False
2026-04-04 01:19:00+00:00,,,,,,,,0.81,0.81,,0.0,0,False
2026-04-04 01:19:30+00:00,,,,,,,,0.81,0.81,,0.0,0,False
2026-04-04 01:20:00+00:00,,,,,,,,0.81,0.81,,12.0,1,False
2026-04-04 01:20:30+00:00,,,,,,,,0.81,0.81,,0.0,0,False
2026-04-04 01:21:00+00:00,,,,,,,,0.81,0.81,,0.0,0,False
2026-04-04 01:21:30+00:00,,,,,,,,0.81,0.81,,0.0,0,False
2026-04-04 01:22:00+00:00,,,,,,,,0.81,0.81,,0.0,0,False
2026-04-04 01:22:30+00:00,,,,,,,,0.81,0.81,,0.0,0,False
2026-04-04 01:23:00+00:00,,,,,,,,0.81,0.81,,0.0,0,False
2026-04-04 01:23:30+00:00,,,,,,,,0.81,0.81,,0.0,0,False
2026-04-04 01:24:00+00:00,,,,,,,,0.81,0.81,,0.0,0,False
2026-04-04 01:24:30+00:00,,,,,,,,0.81,0.81,,0.0,0,False
2026-04-04 01:25:00+00:00,,,,,,,,0.8100000000000002,0.81,,10.0,1,False
2026-04-04 01:25:30+00:00,,,,,,,,0.8100000000000002,0.81,,0.0,0,False
2026-04-04 01:26:00+00:00,,,,,,,,0.8100000000000002,0.81,,0.0,0,False
2026-04-04 01:26:30+00:00,,,,,,,,0.8100000000000002,0.81,,0.0,0,False
2026-04-04 01:27:00+00:00,,,,,,,,0.8100000000000002,0.81,,0.0,0,False
2026-04-04 01:27:30+00:00,,,,,,,,0.78,0.78,,321.0,4,False
2026-04-04 01:28:00+00:00,,,,,,,,0.78,0.78,,0.0,0,False
2026-04-04 01:28:30+00:00,,,,,,,,0.81,0.81,,60.0,1,False
2026-04-04 01:29:00+00:00,,,,,,,,0.81,0.81,,0.0,0,False
2026-04-04 01:29:30+00:00,,,,,,,,0.81,0.81,,0.0,0,False
2026-04-04 01:30:00+00:00,,,,,,,,0.81,0.81,,0.0,0,False
2026-04-04 01:30:30+00:00,,,,,,,,0.81,0.81,,0.0,0,False
2026-04-04 01:31:00+00:00,,,,,,,,0.81,0.81,,0.0,0,False
2026-04-04 01:31:30+00:00,,,,,,,,0.81,0.81,,658.0,2,False
2026-04-04 01:32:00+00:00,,,,,,,,0.82,0.82,,1.0,1,False
2026-04-04 01:32:30+00:00,,,,,,,,0.82,0.82,,0.0,0,False
2026-04-04 01:33:00+00:00,,,,,,,,0.82,0.82,,0.0,0,False
2026-04-04 01:33:30+00:00,,,,,,,,0.82,0.82,,0.0,0,False
2026-04-04 01:34:00+00:00,,,,,,,,0.82,0.82,,0.0,0,False
2026-04-04 01:34:30+00:00,,,,,,,,0.82,0.82,,120.0,1,False
2026-04-04 01:35:00+00:00,,,,,,,,0.82,0.82,,60.0,1,False
2026-04-04 01:35:30+00:00,,,,,,,,0.82,0.82,,0.0,0,False
2026-04-04 01:36:00+00:00,,,,,,,,0.82,0.82,,0.0,0,False
2026-04-04 01:36:30+00:00,,,,,,,,0.82,0.82,,0.0,0,False
2026-04-04 01:37:00+00:00,,,,,,,,0.82,0.82,,0.0,0,False
2026-04-04 01:37:30+00:00,,,,,,,,0.82,0.82,,0.0,0,False
2026-04-04 01:38:00+00:00,,,,,,,,0.82,0.82,,0.0,0,False
2026-04-04 01:38:30+00:00,,,,,,,,0.82,0.82,,0.0,0,False
2026-04-04 01:39:00+00:00,,,,,,,,0.82,0.82,,0.0,0,False
2026-04-04 01:39:30+00:00,,,,,,,,0.82,0.82,,0.0,0,False
2026-04-04 01:40:00+00:00,,,,,,,,0.82,0.82,,0.0,0,False
2026-04-04 01:40:30+00:00,,,,,,,,0.82,0.82,,0.0,0,False
2026-04-04 01:41:00+00:00,,,,,,,,0.82,0.82,,0.0,0,False
2026-04-04 01:41:30+00:00,,,,,,,,0.82,0.82,,0.0,0,False
2026-04-04 01:42:00+00:00,,,,,,,,0.82,0.82,,0.0,0,False
2026-04-04 01:42:30+00:00,,,,,,,,0.82,0.82,,0.0,0,False
2026-04-04 01:43:00+00:00,,,,,,,,0.82,0.82,,0.0,0,False
2026-04-04 01:43:30+00:00,,,,,,,,0.82,0.82,,0.0,0,False
2026-04-04 01:44:00+00:00,,,,,,,,0.82,0.82,,0.0,0,False
2026-04-04 01:44:30+00:00,,,,,,,,0.82,0.82,,0.0,0,False
2026-04-04 01:45:00+00:00,,,,,,,,0.8196683250414594,0.82,,603.0,3,False
2026-04-04 01:45:30+00:00,,,,,,,,0.8196683250414594,0.82,,0.0,0,False
2026-04-04 01:46:00+00:00,,,,,,,,0.8196683250414594,0.82,,0.0,0,False
2026-04-04 01:46:30+00:00,,,,,,,,0.8196683250414594,0.82,,0.0,0,False
2026-04-04 01:47:00+00:00,,,,,,,,0.8196683250414594,0.82,,0.0,0,False
2026-04-04 01:47:30+00:00,,,,,,,,0.8196683250414594,0.82,,0.0,0,False
2026-04-04 01:48:00+00:00,,,,,,,,0.8196683250414594,0.82,,0.0,0,False
2026-04-04 01:48:30+00:00,,,,,,,,0.7950000000000002,0.81,,40.0,2,False
2026-04-04 01:49:00+00:00,,,,,,,,0.7950000000000002,0.81,,0.0,0,False
2026-04-04 01:49:30+00:00,,,,,,,,0.7950000000000002,0.81,,0.0,0,False
2026-04-04 01:50:00+00:00,,,,,,,,0.7950000000000002,0.81,,0.0,0,False
2026-04-04 01:50:30+00:00,,,,,,,,0.7949999999999999,0.81,,28.0,2,False
2026-04-04 01:51:00+00:00,,,,,,,,0.7949999999999999,0.81,,0.0,0,False
2026-04-04 01:51:30+00:00,,,,,,,,0.7949999999999999,0.81,,0.0,0,False
2026-04-04 01:52:00+00:00,,,,,,,,0.82,0.82,,24.0,1,False
2026-04-04 01:52:30+00:00,,,,,,,,0.82,0.82,,0.0,0,False
2026-04-04 01:53:00+00:00,,,,,,,,0.82,0.82,,0.0,0,False
2026-04-04 01:53:30+00:00,,,,,,,,0.82,0.82,,8.0,1,False
2026-04-04 01:54:00+00:00,,,,,,,,0.82,0.82,,0.0,0,False
2026-04-04 01:54:30+00:00,,,,,,,,0.82,0.82,,0.0,0,False
2026-04-04 01:55:00+00:00,,,,,,,,0.82,0.82,,0.0,0,False
2026-04-04 01:55:30+00:00,,,,,,,,0.82,0.82,,0.0,0,False
2026-04-04 01:56:00+00:00,,,,,,,,0.82,0.82,,0.0,0,False
2026-04-04 01:56:30+00:00,,,,,,,,0.82,0.82,,0.0,0,False
2026-04-04 01:57:00+00:00,,,,,,,,0.82,0.82,,1.0,1,False
2026-04-04 01:57:30+00:00,,,,,,,,0.82,0.82,,0.0,0,False
2026-04-04 01:58:00+00:00,,,,,,,,0.82,0.82,,0.0,0,False
2026-04-04 01:58:30+00:00,,,,,,,,0.82,0.82,,0.0,0,False
2026-04-04 01:59:00+00:00,,,,,,,,0.82,0.82,,20.0,1,False
2026-04-04 01:59:30+00:00,,,,,,,,0.82,0.82,,0.0,0,False
2026-04-04 02:00:00+00:00,,,,,,,,0.82,0.82,,0.0,0,False
2026-04-04 02:00:30+00:00,,,,,,,,0.82,0.82,,0.0,0,False
2026-04-04 02:01:00+00:00,,,,,,,,0.82,0.82,,0.0,0,False
2026-04-04 02:01:30+00:00,,,,,,,,0.82,0.82,,4.0,2,False
2026-04-04 02:02:00+00:00,,,,,,,,0.82,0.82,,0.0,0,False
2026-04-04 02:02:30+00:00,,,,,,,,0.82,0.82,,0.0,0,False
2026-04-04 02:03:00+00:00,,,,,,,,0.82,0.82,,0.0,0,False
2026-04-04 02:03:30+00:00,,,,,,,,0.7950000000000002,0.81,,46.0,2,False
2026-04-04 02:04:00+00:00,,,,,,,,0.7950000000000002,0.81,,0.0,0,False
2026-04-04 02:04:30+00:00,,,,,,,,0.82,0.82,,2.0,1,False
2026-04-04 02:05:00+00:00,,,,,,,,0.82,0.82,,0.0,0,False
2026-04-04 02:05:30+00:00,,,,,,,,0.82,0.82,,0.0,0,False
2026-04-04 02:06:00+00:00,,,,,,,,0.82,0.82,,0.0,0,False
2026-04-04 02:06:30+00:00,,,,,,,,0.82,0.82,,14.0,1,False
2026-04-04 02:07:00+00:00,,,,,,,,0.82,0.82,,0.0,0,False
2026-04-04 02:07:30+00:00,,,,,,,,0.82,0.82,,0.0,0,False
2026-04-04 02:08:00+00:00,,,,,,,,0.82,0.82,,7.0,1,False
2026-04-04 02:08:30+00:00,,,,,,,,0.82,0.82,,0.0,0,False
2026-04-04 02:09:00+00:00,,,,,,,,0.82,0.82,,0.0,0,False
2026-04-04 02:09:30+00:00,,,,,,,,0.82,0.82,,0.0,0,False
2026-04-04 02:10:00+00:00,,,,,,,,0.82,0.82,,0.0,0,False
2026-04-04 02:10:30+00:00,,,,,,,,0.82,0.82,,0.0,0,False
2026-04-04 02:11:00+00:00,,,,,,,,0.82,0.82,,0.0,0,False
2026-04-04 02:11:30+00:00,,,,,,,,0.82,0.82,,0.0,0,False
2026-04-04 02:12:00+00:00,,,,,,,,0.82,0.82,,0.0,0,False
2026-04-04 02:12:30+00:00,,,,,,,,0.82,0.82,,0.0,0,False
2026-04-04 02:13:00+00:00,,,,,,,,0.82,0.82,,0.0,0,False
2026-04-04 02:13:30+00:00,,,,,,,,0.82,0.82,,0.0,0,False
2026-04-04 02:14:00+00:00,,,,,,,,0.82,0.82,,0.0,0,False
2026-04-04 02:14:30+00:00,,,,,,,,0.82,0.82,,0.0,0,False
2026-04-04 02:15:00+00:00,,,,,,,,0.82,0.82,,0.0,0,False
2026-04-04 02:15:30+00:00,,,,,,,,0.82,0.82,,0.0,0,False
2026-04-04 02:16:00+00:00,,,,,,,,0.82,0.82,,0.0,0,False
2026-04-04 02:16:30+00:00,,,,,,,,0.82,0.82,,0.0,0,False
2026-04-04 02:17:00+00:00,,,,,,,,0.82,0.82,,0.0,0,False
2026-04-04 02:17:30+00:00,,,,,,,,0.82,0.82,,0.0,0,False
2026-04-04 02:18:00+00:00,,,,,,,,0.82,0.82,,0.0,0,False
2026-04-04 02:18:30+00:00,,,,,,,,0.82,0.82,,0.0,0,False
2026-04-04 02:19:00+00:00,,,,,,,,0.82,0.82,,0.0,0,False
2026-04-04 02:19:30+00:00,,,,,,,,0.82,0.82,,0.0,0,False
2026-04-04 02:20:00+00:00,,,,,,,,0.82,0.82,,0.0,0,False
2026-04-04 02:20:30+00:00,,,,,,,,0.82,0.82,,0.0,0,False
2026-04-04 02:21:00+00:00,,,,,,,,0.82,0.82,,0.0,0,False
2026-04-04 02:21:30+00:00,,,,,,,,0.82,0.82,,0.0,0,False
2026-04-04 02:22:00+00:00,,,,,,,,0.82,0.82,,0.0,0,False
2026-04-04 02:22:30+00:00,,,,,,,,0.82,0.82,,0.0,0,False
2026-04-04 02:23:00+00:00,,,,,,,,0.82,0.82,,0.0,0,False
2026-04-04 02:23:30+00:00,,,,,,,,0.82,0.82,,1.0,1,False
2026-04-04 02:24:00+00:00,,,,,,,,0.82,0.82,,0.0,0,False
2026-04-04 02:24:30+00:00,,,,,,,,0.82,0.82,,0.0,0,False
2026-04-04 02:25:00+00:00,,,,,,,,0.77,0.77,,153.0,2,False
2026-04-04 02:25:30+00:00,,,,,,,,0.77,0.77,,0.0,0,False
2026-04-04 02:26:00+00:00,,,,,,,,0.77,0.77,,0.0,0,False
2026-04-04 02:26:30+00:00,,,,,,,,0.77,0.77,,0.0,0,False
2026-04-04 02:27:00+00:00,,,,,,,,0.77,0.77,,0.0,0,False
2026-04-04 02:27:30+00:00,,,,,,,,0.77,0.77,,0.0,0,False
2026-04-04 02:28:00+00:00,,,,,,,,0.77,0.77,,0.0,0,False
2026-04-04 02:28:30+00:00,,,,,,,,0.77,0.77,,0.0,0,False
2026-04-04 02:29:00+00:00,,,,,,,,0.77,0.77,,0.0,0,False
2026-04-04 02:29:30+00:00,,,,,,,,0.77,0.77,,0.0,0,False
2026-04-04 02:30:00+00:00,,,,,,,,0.77,0.77,,0.0,0,False
2026-04-04 02:30:30+00:00,,,,,,,,0.77,0.77,,0.0,0,False
2026-04-04 02:31:00+00:00,,,,,,,,0.77,0.77,,0.0,0,False
2026-04-04 02:31:30+00:00,,,,,,,,0.77,0.77,,0.0,0,False
2026-04-04 02:32:00+00:00,,,,,,,,0.77,0.77,,0.0,0,False
2026-04-04 02:32:30+00:00,,,,,,,,0.77,0.77,,0.0,0,False
2026-04-04 02:33:00+00:00,,,,,,,,0.77,0.77,,0.0,0,False
2026-04-04 02:33:30+00:00,,,,,,,,0.82,0.82,,3.0,1,False
2026-04-04 02:34:00+00:00,,,,,,,,0.82,0.82,,0.0,0,False
2026-04-04 02:34:30+00:00,,,,,,,,0.82,0.82,,0.0,0,False
2026-04-04 02:35:00+00:00,,,,,,,,0.82,0.82,,0.0,0,False
2026-04-04 02:35:30+00:00,,,,,,,,0.82,0.82,,0.0,0,False
2026-04-04 02:36:00+00:00,,,,,,,,0.82,0.82,,0.0,0,False
2026-04-04 02:36:30+00:00,,,,,,,,0.82,0.82,,0.0,0,False
2026-04-04 02:37:00+00:00,,,,,,,,0.82,0.82,,0.0,0,False
2026-04-04 02:37:30+00:00,,,,,,,,0.82,0.82,,0.0,0,False
2026-04-04 02:38:00+00:00,,,,,,,,0.82,0.82,,0.0,0,False
2026-04-04 02:38:30+00:00,,,,,,,,0.82,0.82,,0.0,0,False
2026-04-04 02:39:00+00:00,,,,,,,,0.82,0.82,,0.0,0,False
2026-04-04 02:39:30+00:00,,,,,,,,0.82,0.82,,0.0,0,False
2026-04-04 02:40:00+00:00,,,,,,,,0.82,0.82,,0.0,0,False
2026-04-04 02:40:30+00:00,,,,,,,,0.82,0.82,,0.0,0,False
2026-04-04 02:41:00+00:00,,,,,,,,0.82,0.82,,2.0,1,False
2026-04-04 02:41:30+00:00,,,,,,,,0.82,0.82,,0.0,0,False
2026-04-04 02:42:00+00:00,,,,,,,,0.82,0.82,,0.0,0,False
2026-04-04 02:42:30+00:00,,,,,,,,0.82,0.82,,0.0,0,False
2026-04-04 02:43:00+00:00,,,,,,,,0.82,0.82,,0.0,0,False
2026-04-04 02:43:30+00:00,,,,,,,,0.82,0.82,,121.0,2,False
2026-04-04 02:44:00+00:00,,,,,,,,0.82,0.82,,0.0,0,False
2026-04-04 02:44:30+00:00,,,,,,,,0.82,0.82,,0.0,0,False
2026-04-04 02:45:00+00:00,,,,,,,,0.82,0.82,,0.0,0,False
2026-04-04 02:45:30+00:00,,,,,,,,0.82,0.82,,0.0,0,False
2026-04-04 02:46:00+00:00,,,,,,,,0.82,0.82,,0.0,0,False
2026-04-04 02:46:30+00:00,,,,,,,,0.82,0.82,,0.0,0,False
2026-04-04 02:47:00+00:00,,,,,,,,0.82,0.82,,17.0,1,False
2026-04-04 02:47:30+00:00,,,,,,,,0.82,0.82,,120.0,2,False
2026-04-04 02:48:00+00:00,,,,,,,,0.82,0.82,,0.0,0,False
2026-04-04 02:48:30+00:00,,,,,,,,0.82,0.82,,0.0,0,False
2026-04-04 02:49:00+00:00,,,,,,,,0.82,0.82,,0.0,0,False
2026-04-04 02:49:30+00:00,,,,,,,,0.82,0.82,,63.0,2,False
2026-04-04 02:50:00+00:00,,,,,,,,0.82,0.82,,29.0,1,False
2026-04-04 02:50:30+00:00,,,,,,,,0.82,0.82,,0.0,0,False
2026-04-04 02:51:00+00:00,,,,,,,,0.7905607476635514,0.81,,107.0,3,False
2026-04-04 02:51:30+00:00,,,,,,,,0.82,0.82,,302.0,2,False
2026-04-04 02:52:00+00:00,,,,,,,,0.8208956328645448,0.8,,1351.0,6,False
2026-04-04 02:52:30+00:00,,,,,,,,0.8226785714285715,0.83,,560.0,8,False
2026-04-04 02:53:00+00:00,,,,,,,,0.83,0.83,,105.0,3,False
2026-04-04 02:53:30+00:00,,,,,,,,0.83,0.83,,14.0,2,False
2026-04-04 02:54:00+00:00,,,,,,,,0.83,0.83,,0.0,0,False
2026-04-04 02:54:30+00:00,,,,,,,,0.83,0.83,,0.0,0,False
2026-04-04 02:55:00+00:00,,,,,,,,0.83,0.83,,0.0,0,False
2026-04-04 02:55:30+00:00,,,,,,,,0.7900000000000001,0.79,,30.0,1,False
2026-04-04 02:56:00+00:00,,,,,,,,0.7900000000000001,0.79,,0.0,0,False
2026-04-04 02:56:30+00:00,,,,,,,,0.7900000000000001,0.79,,0.0,0,False
2026-04-04 02:57:00+00:00,,,,,,,,0.7900000000000001,0.79,,0.0,0,False
2026-04-04 02:57:30+00:00,,,,,,,,0.7900000000000001,0.79,,0.0,0,False
2026-04-04 02:58:00+00:00,,,,,,,,0.7900000000000001,0.79,,0.0,0,False
2026-04-04 02:58:30+00:00,,,,,,,,0.7900000000000001,0.79,,0.0,0,False
2026-04-04 02:59:00+00:00,,,,,,,,0.7900000000000001,0.79,,0.0,0,False
2026-04-04 02:59:30+00:00,,,,,,,,0.7913793103448276,0.83,,29.0,3,False
2026-04-04 03:00:00+00:00,,,,,,,,0.7913793103448276,0.83,,0.0,0,False
2026-04-04 03:00:30+00:00,,,,,,,,0.7913793103448276,0.83,,0.0,0,False
2026-04-04 03:01:00+00:00,,,,,,,,0.7913793103448276,0.83,,0.0,0,False
2026-04-04 03:01:30+00:00,,,,,,,,0.7913793103448276,0.83,,0.0,0,False
2026-04-04 03:02:00+00:00,,,,,,,,0.7913793103448276,0.83,,0.0,0,False
2026-04-04 03:02:30+00:00,,,,,,,,0.7913793103448276,0.83,,0.0,0,False
2026-04-04 03:03:00+00:00,,,,,,,,0.7913793103448276,0.83,,0.0,0,False
2026-04-04 03:03:30+00:00,,,,,,,,0.7913793103448276,0.83,,0.0,0,False
2026-04-04 03:04:00+00:00,,,,,,,,0.7913793103448276,0.83,,0.0,0,False
2026-04-04 03:04:30+00:00,,,,,,,,0.83,0.83,,3.0,1,False
2026-04-04 03:05:00+00:00,,,,,,,,0.83,0.83,,0.0,0,False
2026-04-04 03:05:30+00:00,,,,,,,,0.83,0.83,,0.0,0,False
2026-04-04 03:06:00+00:00,,,,,,,,0.83,0.83,,0.0,0,False
2026-04-04 03:06:30+00:00,,,,,,,,0.83,0.83,,0.0,0,False
2026-04-04 03:07:00+00:00,,,,,,,,0.83,0.83,,0.0,0,False
2026-04-04 03:07:30+00:00,,,,,,,,0.83,0.83,,74.0,1,False
2026-04-04 03:08:00+00:00,,,,,,,,0.83,0.83,,0.0,0,False
2026-04-04 03:08:30+00:00,,,,,,,,0.83,0.83,,0.0,0,False
2026-04-04 03:09:00+00:00,,,,,,,,0.83,0.83,,0.0,0,False
2026-04-04 03:09:30+00:00,,,,,,,,0.83,0.83,,0.0,0,False
2026-04-04 03:10:00+00:00,,,,,,,,0.83,0.83,,0.0,0,False
2026-04-04 03:10:30+00:00,,,,,,,,0.83,0.83,,0.0,0,False
2026-04-04 03:11:00+00:00,,,,,,,,0.83,0.83,,0.0,0,False
2026-04-04 03:11:30+00:00,,,,,,,,0.83,0.83,,0.0,0,False
2026-04-04 03:12:00+00:00,,,,,,,,0.77,0.77,,4.0,1,False
2026-04-04 03:12:30+00:00,,,,,,,,0.77,0.77,,0.0,0,False
2026-04-04 03:13:00+00:00,,,,,,,,0.77,0.77,,0.0,0,False
2026-04-04 03:13:30+00:00,,,,,,,,0.77,0.77,,0.0,0,False
2026-04-04 03:14:00+00:00,,,,,,,,0.83,0.83,,3.0,1,False
2026-04-04 03:14:30+00:00,,,,,,,,0.83,0.83,,0.0,0,False
2026-04-04 03:15:00+00:00,,,,,,,,0.83,0.83,,52.0,2,False
2026-04-04 03:15:30+00:00,,,,,,,,0.83,0.83,,0.0,0,False
2026-04-04 03:16:00+00:00,,,,,,,,0.83,0.83,,0.0,0,False
2026-04-04 03:16:30+00:00,,,,,,,,0.83,0.83,,0.0,0,False
2026-04-04 03:17:00+00:00,,,,,,,,0.83,0.83,,0.0,0,False
2026-04-04 03:17:30+00:00,,,,,,,,0.83,0.83,,0.0,0,False
2026-04-04 03:18:00+00:00,,,,,,,,0.83,0.83,,0.0,0,False
2026-04-04 03:18:30+00:00,,,,,,,,0.83,0.83,,0.0,0,False
2026-04-04 03:19:00+00:00,,,,,,,,0.83,0.83,,0.0,0,False
2026-04-04 03:19:30+00:00,,,,,,,,0.83,0.83,,0.0,0,False
2026-04-04 03:20:00+00:00,,,,,,,,0.83,0.83,,0.0,0,False
2026-04-04 03:20:30+00:00,,,,,,,,0.83,0.83,,0.0,0,False
2026-04-04 03:21:00+00:00,,,,,,,,0.83,0.83,,0.0,0,False
2026-04-04 03:21:30+00:00,,,,,,,,0.83,0.83,,0.0,0,False
2026-04-04 03:22:00+00:00,,,,,,,,0.83,0.83,,0.0,0,False
2026-04-04 03:22:30+00:00,,,,,,,,0.83,0.83,,0.0,0,False
2026-04-04 03:23:00+00:00,,,,,,,,0.83,0.83,,0.0,0,False
2026-04-04 03:23:30+00:00,,,,,,,,0.83,0.83,,0.0,0,False
2026-04-04 03:24:00+00:00,,,,,,,,0.83,0.83,,23.0,1,False
2026-04-04 03:24:30+00:00,,,,,,,,0.83,0.83,,0.0,0,False
2026-04-04 03:25:00+00:00,,,,,,,,0.83,0.83,,0.0,0,False
2026-04-04 03:25:30+00:00,,,,,,,,0.83,0.83,,0.0,0,False
2026-04-04 03:26:00+00:00,,,,,,,,0.83,0.83,,0.0,0,False
2026-04-04 03:26:30+00:00,,,,,,,,0.83,0.83,,0.0,0,False
2026-04-04 03:27:00+00:00,,,,,,,,0.83,0.83,,0.0,0,False
2026-04-04 03:27:30+00:00,,,,,,,,0.83,0.83,,0.0,0,False
2026-04-04 03:28:00+00:00,,,,,,,,0.81,0.81,,3.0,1,False
2026-04-04 03:28:30+00:00,,,,,,,,0.81,0.81,,0.0,0,False
2026-04-04 03:29:00+00:00,,,,,,,,0.81,0.81,,0.0,0,False
2026-04-04 03:29:30+00:00,,,,,,,,0.81,0.81,,0.0,0,False
2026-04-04 03:30:00+00:00,,,,,,,,0.81,0.81,,0.0,0,False
2026-04-04 03:30:30+00:00,,,,,,,,0.81,0.81,,0.0,0,False
2026-04-04 03:31:00+00:00,,,,,,,,0.83,0.83,,64.0,1,False
2026-04-04 03:31:30+00:00,,,,,,,,0.83,0.83,,0.0,0,False
2026-04-04 03:32:00+00:00,,,,,,,,0.83,0.83,,0.0,0,False
2026-04-04 03:32:30+00:00,,,,,,,,0.83,0.83,,0.0,0,False
2026-04-04 03:33:00+00:00,,,,,,,,0.83,0.83,,0.0,0,False
2026-04-04 03:33:30+00:00,,,,,,,,0.83,0.83,,0.0,0,False
2026-04-04 03:34:00+00:00,,,,,,,,0.83,0.83,,1.0,1,False
2026-04-04 03:34:30+00:00,,,,,,,,0.83,0.83,,0.0,0,False
2026-04-04 03:35:00+00:00,,,,,,,,0.83,0.83,,0.0,0,False
2026-04-04 03:35:30+00:00,,,,,,,,0.83,0.83,,0.0,0,False
2026-04-04 03:36:00+00:00,,,,,,,,0.83,0.83,,0.0,0,False
2026-04-04 03:36:30+00:00,,,,,,,,0.83,0.83,,0.0,0,False
2026-04-04 03:37:00+00:00,,,,,,,,0.83,0.83,,0.0,0,False
2026-04-04 03:37:30+00:00,,,,,,,,0.83,0.83,,46.0,1,False
2026-04-04 03:38:00+00:00,,,,,,,,0.83,0.83,,0.0,0,False
2026-04-04 03:38:30+00:00,,,,,,,,0.83,0.83,,11.0,1,False
2026-04-04 03:39:00+00:00,,,,,,,,0.83,0.83,,0.0,0,False
2026-04-04 03:39:30+00:00,,,,,,,,0.83,0.83,,0.0,0,False
2026-04-04 03:40:00+00:00,,,,,,,,0.83,0.83,,0.0,0,False
2026-04-04 03:40:30+00:00,,,,,,,,0.83,0.83,,0.0,0,False
2026-04-04 03:41:00+00:00,,,,,,,,0.83,0.83,,0.0,0,False
2026-04-04 03:41:30+00:00,,,,,,,,0.8363333333333333,0.83,,30.0,3,False
2026-04-04 03:42:00+00:00,,,,,,,,0.8363333333333333,0.83,,0.0,0,False
2026-04-04 03:42:30+00:00,,,,,,,,0.8363333333333333,0.83,,0.0,0,False
2026-04-04 03:43:00+00:00,,,,,,,,0.8363333333333333,0.83,,0.0,0,False
2026-04-04 03:43:30+00:00,,,,,,,,0.8363333333333333,0.83,,0.0,0,False
2026-04-04 03:44:00+00:00,,,,,,,,0.8363333333333333,0.83,,0.0,0,False
2026-04-04 03:44:30+00:00,,,,,,,,0.8363333333333333,0.83,,0.0,0,False
2026-04-04 03:45:00+00:00,,,,,,,,0.8363333333333333,0.83,,0.0,0,False
2026-04-04 03:45:30+00:00,,,,,,,,0.8099999999999999,0.81,,37.0,2,False
2026-04-04 03:46:00+00:00,,,,,,,,0.8099999999999999,0.81,,0.0,0,False
2026-04-04 03:46:30+00:00,,,,,,,,0.8099999999999999,0.81,,0.0,0,False
2026-04-04 03:47:00+00:00,,,,,,,,0.8099999999999999,0.81,,0.0,0,False
2026-04-04 03:47:30+00:00,,,,,,,,0.8,0.81,,58.0,2,False
2026-04-04 03:48:00+00:00,,,,,,,,0.8,0.81,,0.0,0,False
2026-04-04 03:48:30+00:00,,,,,,,,0.8,0.81,,0.0,0,False
2026-04-04 03:49:00+00:00,,,,,,,,0.81,0.81,,75.0,1,False
2026-04-04 03:49:30+00:00,,,,,,,,0.81,0.81,,0.0,0,False
2026-04-04 03:50:00+00:00,,,,,,,,0.81,0.81,,0.0,0,False
2026-04-04 03:50:30+00:00,,,,,,,,0.82,0.82,,2.0,1,False
2026-04-04 03:51:00+00:00,,,,,,,,0.82,0.82,,0.0,0,False
2026-04-04 03:51:30+00:00,,,,,,,,0.82,0.82,,6.0,1,False
2026-04-04 03:52:00+00:00,,,,,,,,0.82,0.82,,0.0,0,False
2026-04-04 03:52:30+00:00,,,,,,,,0.82,0.82,,119.0,1,False
2026-04-04 03:53:00+00:00,,,,,,,,0.8099999999999999,0.81,,244.0,4,False
2026-04-04 03:53:30+00:00,,,,,,,,0.8099999999999999,0.81,,0.0,0,False
2026-04-04 03:54:00+00:00,,,,,,,,0.8099999999999999,0.81,,0.0,0,False
2026-04-04 03:54:30+00:00,,,,,,,,0.8099999999999999,0.81,,0.0,0,False
2026-04-04 03:55:00+00:00,,,,,,,,0.8099999999999999,0.81,,0.0,0,False
2026-04-04 03:55:30+00:00,,,,,,,,0.8099999999999999,0.81,,0.0,0,False
2026-04-04 03:56:00+00:00,,,,,,,,0.8099999999999999,0.81,,0.0,0,False
2026-04-04 03:56:30+00:00,,,,,,,,0.8099999999999999,0.81,,0.0,0,False
2026-04-04 03:57:00+00:00,,,,,,,,0.8099999999999999,0.81,,0.0,0,False
2026-04-04 03:57:30+00:00,,,,,,,,0.8099999999999999,0.81,,0.0,0,False
2026-04-04 03:58:00+00:00,,,,,,,,0.8099999999999999,0.81,,0.0,0,False
2026-04-04 03:58:30+00:00,,,,,,,,0.8099999999999999,0.81,,0.0,0,False
2026-04-04 03:59:00+00:00,,,,,,,,0.8099999999999999,0.81,,0.0,0,False
2026-04-04 03:59:30+00:00,,,,,,,,0.82,0.82,,120.0,1,False
2026-04-04 04:00:00+00:00,,,,,,,,0.82,0.82,,0.0,0,False
2026-04-04 04:00:30+00:00,,,,,,,,0.82,0.82,,0.0,0,False
2026-04-04 04:01:00+00:00,,,,,,,,0.82,0.82,,0.0,0,False
2026-04-04 04:01:30+00:00,,,,,,,,0.82,0.82,,0.0,0,False
2026-04-04 04:02:00+00:00,,,,,,,,0.82,0.82,,0.0,0,False
2026-04-04 04:02:30+00:00,,,,,,,,0.82,0.82,,0.0,0,False
2026-04-04 04:03:00+00:00,,,,,,,,0.82,0.82,,0.0,0,False
2026-04-04 04:03:30+00:00,,,,,,,,0.82,0.82,,0.0,0,False
2026-04-04 04:04:00+00:00,,,,,,,,0.82,0.82,,0.0,0,False
2026-04-04 04:04:30+00:00,,,,,,,,0.82,0.82,,0.0,0,False
2026-04-04 04:05:00+00:00,,,,,,,,0.82,0.82,,0.0,0,False
2026-04-04 04:05:30+00:00,,,,,,,,0.82,0.82,,0.0,0,False
2026-04-04 04:06:00+00:00,,,,,,,,0.82,0.82,,0.0,0,False
2026-04-04 04:06:30+00:00,,,,,,,,0.82,0.82,,0.0,0,False
2026-04-04 04:07:00+00:00,,,,,,,,0.82,0.82,,0.0,0,False
2026-04-04 04:07:30+00:00,,,,,,,,0.82,0.82,,0.0,0,False
2026-04-04 04:08:00+00:00,,,,,,,,0.82,0.82,,0.0,0,False
2026-04-04 04:08:30+00:00,,,,,,,,0.82,0.82,,0.0,0,False
2026-04-04 04:09:00+00:00,,,,,,,,0.82,0.82,,0.0,0,False
2026-04-04 04:09:30+00:00,,,,,,,,0.7900000000000001,0.79,,30.0,1,False
2026-04-04 04:10:00+00:00,,,,,,,,0.82,0.82,,2.0,1,False
2026-04-04 04:10:30+00:00,,,,,,,,0.82,0.82,,0.0,0,False
2026-04-04 04:11:00+00:00,,,,,,,,0.82,0.82,,12.0,1,False
2026-04-04 04:11:30+00:00,,,,,,,,0.82,0.82,,0.0,0,False
2026-04-04 04:12:00+00:00,,,,,,,,0.82,0.82,,0.0,0,False
2026-04-04 04:12:30+00:00,,,,,,,,0.82,0.82,,0.0,0,False
2026-04-04 04:13:00+00:00,,,,,,,,0.79,0.79,,4.0,1,False
2026-04-04 04:13:30+00:00,,,,,,,,0.79,0.79,,0.0,0,False
2026-04-04 04:14:00+00:00,,,,,,,,0.79,0.79,,0.0,0,False
2026-04-04 04:14:30+00:00,,,,,,,,0.79,0.79,,0.0,0,False
2026-04-04 04:15:00+00:00,,,,,,,,0.79,0.79,,0.0,0,False
2026-04-04 04:15:30+00:00,,,,,,,,0.79,0.79,,0.0,0,False
2026-04-04 04:16:00+00:00,,,,,,,,0.79,0.79,,0.0,0,False
2026-04-04 04:16:30+00:00,,,,,,,,0.79,0.79,,0.0,0,False
2026-04-04 04:17:00+00:00,,,,,,,,0.79,0.79,,0.0,0,False
2026-04-04 04:17:30+00:00,,,,,,,,0.79,0.79,,0.0,0,False
2026-04-04 04:18:00+00:00,,,,,,,,0.79,0.79,,0.0,0,False
2026-04-04 04:18:30+00:00,,,,,,,,0.79,0.79,,0.0,0,False
2026-04-04 04:19:00+00:00,,,,,,,,0.79,0.79,,8.0,1,False
2026-04-04 04:19:30+00:00,,,,,,,,0.79,0.79,,0.0,0,False
2026-04-04 04:20:00+00:00,,,,,,,,0.79,0.79,,0.0,0,False
2026-04-04 04:20:30+00:00,,,,,,,,0.79,0.79,,0.0,0,False
2026-04-04 04:21:00+00:00,,,,,,,,0.82,0.82,,1.0,1,False
2026-04-04 04:21:30+00:00,,,,,,,,0.82,0.82,,0.0,0,False
2026-04-04 04:22:00+00:00,,,,,,,,0.82,0.82,,0.0,0,False
2026-04-04 04:22:30+00:00,,,,,,,,0.82,0.82,,0.0,0,False
2026-04-04 04:23:00+00:00,,,,,,,,0.82,0.82,,0.0,0,False
2026-04-04 04:23:30+00:00,,,,,,,,0.82,0.82,,0.0,0,False
2026-04-04 04:24:00+00:00,,,,,,,,0.82,0.82,,0.0,0,False
2026-04-04 04:24:30+00:00,,,,,,,,0.82,0.82,,0.0,0,False
2026-04-04 04:25:00+00:00,,,,,,,,0.82,0.82,,0.0,0,False
2026-04-04 04:25:30+00:00,,,,,,,,0.82,0.82,,0.0,0,False
2026-04-04 04:26:00+00:00,,,,,,,,0.82,0.82,,0.0,0,False
2026-04-04 04:26:30+00:00,,,,,,,,0.82,0.82,,0.0,0,False
2026-04-04 04:27:00+00:00,,,,,,,,0.82,0.82,,0.0,0,False
2026-04-04 04:27:30+00:00,,,,,,,,0.82,0.82,,0.0,0,False
2026-04-04 04:28:00+00:00,,,,,,,,0.82,0.82,,2.0,1,False
2026-04-04 04:28:30+00:00,,,,,,,,0.82,0.82,,0.0,0,False
2026-04-04 04:29:00+00:00,,,,,,,,0.82,0.82,,0.0,0,False
2026-04-04 04:29:30+00:00,,,,,,,,0.82,0.82,,0.0,0,False
2026-04-04 04:30:00+00:00,,,,,,,,0.82,0.82,,0.0,0,False
2026-04-04 04:30:30+00:00,,,,,,,,0.81,0.81,,6.0,1,False
2026-04-04 04:31:00+00:00,,,,,,,,0.79,0.79,,35.0,1,False
2026-04-04 04:31:30+00:00,,,,,,,,0.79,0.79,,0.0,0,False
2026-04-04 04:32:00+00:00,,,,,,,,0.79,0.79,,0.0,0,False
2026-04-04 04:32:30+00:00,,,,,,,,0.79,0.79,,0.0,0,False
2026-04-04 04:33:00+00:00,,,,,,,,0.79,0.79,,0.0,0,False
2026-04-04 04:33:30+00:00,,,,,,,,0.79,0.79,,0.0,0,False
2026-04-04 04:34:00+00:00,,,,,,,,0.79,0.79,,0.0,0,False
2026-04-04 04:34:30+00:00,,,,,,,,0.78,0.78,,8.0,1,False
2026-04-04 04:35:00+00:00,,,,,,,,0.78,0.78,,8.0,1,False
2026-04-04 04:35:30+00:00,,,,,,,,0.78,0.78,,0.0,0,False
2026-04-04 04:36:00+00:00,,,,,,,,0.78,0.78,,0.0,0,False
2026-04-04 04:36:30+00:00,,,,,,,,0.82,0.82,,4.0,1,False
2026-04-04 04:37:00+00:00,,,,,,,,0.82,0.82,,0.0,0,False
2026-04-04 04:37:30+00:00,,,,,,,,0.82,0.82,,0.0,0,False
2026-04-04 04:38:00+00:00,,,,,,,,0.8200000000000001,0.82,,249.0,2,False
2026-04-04 04:38:30+00:00,,,,,,,,0.8200000000000001,0.82,,0.0,0,False
2026-04-04 04:39:00+00:00,,,,,,,,0.8200000000000001,0.82,,0.0,0,False
2026-04-04 04:39:30+00:00,,,,,,,,0.82,0.82,,1.0,1,False
2026-04-04 04:40:00+00:00,,,,,,,,0.82,0.82,,0.0,0,False
2026-04-04 04:40:30+00:00,,,,,,,,0.82,0.82,,0.0,0,False
2026-04-04 04:41:00+00:00,,,,,,,,0.82,0.82,,0.0,0,False
2026-04-04 04:41:30+00:00,,,,,,,,0.8200000000000001,0.82,,381.0,2,False
2026-04-04 04:42:00+00:00,,,,,,,,0.8200000000000001,0.82,,0.0,0,False
2026-04-04 04:42:30+00:00,,,,,,,,0.8199999999999998,0.82,,4200.0,11,False
2026-04-04 04:43:00+00:00,,,,,,,,0.82,0.82,,4436.0,3,False
2026-04-04 04:43:30+00:00,,,,,,,,0.8200000000000001,0.82,,4443.0,5,False
2026-04-04 04:44:00+00:00,,,,,,,,0.8200000000000001,0.82,,5581.0,8,False
2026-04-04 04:44:30+00:00,,,,,,,,0.8200000000000001,0.82,,0.0,0,False
2026-04-04 04:45:00+00:00,,,,,,,,0.8200000000000001,0.82,,0.0,0,False
2026-04-04 04:45:30+00:00,,,,,,,,0.8200000000000001,0.82,,0.0,0,False
2026-04-04 04:46:00+00:00,,,,,,,,0.8200000000000001,0.82,,0.0,0,False
2026-04-04 04:46:30+00:00,,,,,,,,0.8200000000000001,0.82,,0.0,0,False
2026-04-04 04:47:00+00:00,,,,,,,,0.8200000000000001,0.82,,0.0,0,False
2026-04-04 04:47:30+00:00,,,,,,,,0.82,0.82,,3141.0,2,False
2026-04-04 04:48:00+00:00,,,,,,,,0.82,0.82,,0.0,0,False
2026-04-04 04:48:30+00:00,,,,,,,,0.82,0.82,,60.0,1,False
2026-04-04 04:49:00+00:00,,,,,,,,0.82,0.82,,0.0,0,False
2026-04-04 04:49:30+00:00,,,,,,,,0.82,0.82,,0.0,0,False
2026-04-04 04:50:00+00:00,,,,,,,,0.82,0.82,,15.0,1,False
2026-04-04 04:50:30+00:00,,,,,,,,0.82,0.82,,0.0,0,False
2026-04-04 04:51:00+00:00,,,,,,,,0.82,0.82,,0.0,0,False
2026-04-04 04:51:30+00:00,,,,,,,,0.82,0.82,,0.0,0,False
2026-04-04 04:52:00+00:00,,,,,,,,0.82,0.82,,1.0,1,False
2026-04-04 04:52:30+00:00,,,,,,,,0.82,0.82,,33.0,1,False
2026-04-04 04:53:00+00:00,,,,,,,,0.82,0.82,,0.0,0,False
2026-04-04 04:53:30+00:00,,,,,,,,0.82,0.82,,0.0,0,False
2026-04-04 04:54:00+00:00,,,,,,,,0.82,0.82,,0.0,0,False
2026-04-04 04:54:30+00:00,,,,,,,,0.82,0.82,,0.0,0,False
2026-04-04 04:55:00+00:00,,,,,,,,0.82,0.82,,0.0,0,False
2026-04-04 04:55:30+00:00,,,,,,,,0.82,0.82,,0.0,0,False
2026-04-04 04:56:00+00:00,,,,,,,,0.82,0.82,,0.0,0,False
2026-04-04 04:56:30+00:00,,,,,,,,0.82,0.82,,0.0,0,False
2026-04-04 04:57:00+00:00,,,,,,,,0.82,0.82,,19.0,1,False
2026-04-04 04:57:30+00:00,,,,,,,,0.82,0.82,,0.0,0,False
2026-04-04 04:58:00+00:00,,,,,,,,0.82,0.82,,0.0,0,False
2026-04-04 04:58:30+00:00,,,,,,,,0.82,0.82,,0.0,0,False
2026-04-04 04:59:00+00:00,,,,,,,,0.82,0.82,,34.0,1,False
2026-04-04 04:59:30+00:00,,,,,,,,0.82,0.82,,0.0,0,False
2026-04-04 05:00:00+00:00,,,,,,,,0.82,0.82,,0.0,0,False
2026-04-04 05:00:30+00:00,,,,,,,,0.82,0.82,,72.0,2,False
2026-04-04 05:01:00+00:00,,,,,,,,0.82,0.82,,0.0,0,False
2026-04-04 05:01:30+00:00,,,,,,,,0.82,0.82,,0.0,0,False
2026-04-04 05:02:00+00:00,,,,,,,,0.82,0.82,,0.0,0,False
2026-04-04 05:02:30+00:00,,,,,,,,0.82,0.82,,0.0,0,False
2026-04-04 05:03:00+00:00,,,,,,,,0.82,0.82,,0.0,0,False
2026-04-04 05:03:30+00:00,,,,,,,,0.82,0.82,,0.0,0,False
2026-04-04 05:04:00+00:00,,,,,,,,0.82,0.82,,0.0,0,False
2026-04-04 05:04:30+00:00,,,,,,,,0.82,0.82,,0.0,0,False
2026-04-04 05:05:00+00:00,,,,,,,,0.82,0.82,,0.0,0,False
2026-04-04 05:05:30+00:00,,,,,,,,0.82,0.82,,0.0,0,False
2026-04-04 05:06:00+00:00,,,,,,,,0.8215789473684211,0.83,,19.0,2,False
2026-04-04 05:06:30+00:00,,,,,,,,0.8215789473684211,0.83,,0.0,0,False
2026-04-04 05:07:00+00:00,,,,,,,,0.8215789473684211,0.83,,0.0,0,False
2026-04-04 05:07:30+00:00,,,,,,,,0.8215789473684211,0.83,,0.0,0,False
2026-04-04 05:08:00+00:00,,,,,,,,0.8215789473684211,0.83,,0.0,0,False
2026-04-04 05:08:30+00:00,,,,,,,,0.82,0.82,,25.0,1,False
2026-04-04 05:09:00+00:00,,,,,,,,0.82,0.82,,2.0,1,False
2026-04-04 05:09:30+00:00,,,,,,,,0.82,0.82,,0.0,0,False
2026-04-04 05:10:00+00:00,,,,,,,,0.82,0.82,,0.0,0,False
2026-04-04 05:10:30+00:00,,,,,,,,0.82,0.82,,0.0,0,False
2026-04-04 05:11:00+00:00,,,,,,,,0.82,0.82,,3.0,1,False
2026-04-04 05:11:30+00:00,,,,,,,,0.82,0.82,,0.0,0,False
2026-04-04 05:12:00+00:00,,,,,,,,0.82,0.82,,0.0,0,False
2026-04-04 05:12:30+00:00,,,,,,,,0.82,0.82,,0.0,0,False
2026-04-04 05:13:00+00:00,,,,,,,,0.82,0.82,,2500.0,1,False
2026-04-04 05:13:30+00:00,,,,,,,,0.82,0.82,,0.0,0,False
2026-04-04 05:14:00+00:00,,,,,,,,0.82,0.82,,0.0,0,False
2026-04-04 05:14:30+00:00,,,,,,,,0.82,0.82,,0.0,0,False
2026-04-04 05:15:00+00:00,,,,,,,,0.82,0.82,,0.0,0,False
2026-04-04 05:15:30+00:00,,,,,,,,0.82,0.82,,0.0,0,False
2026-04-04 05:16:00+00:00,,,,,,,,0.82,0.82,,0.0,0,False
2026-04-04 05:16:30+00:00,,,,,,,,0.82,0.82,,0.0,0,False
2026-04-04 05:17:00+00:00,,,,,,,,0.82,0.82,,0.0,0,False
2026-04-04 05:17:30+00:00,,,,,,,,0.82,0.82,,0.0,0,False
2026-04-04 05:18:00+00:00,,,,,,,,0.82,0.82,,0.0,0,False
2026-04-04 05:18:30+00:00,,,,,,,,0.82,0.82,,0.0,0,False
2026-04-04 05:19:00+00:00,,,,,,,,0.82,0.82,,0.0,0,False
2026-04-04 05:19:30+00:00,,,,,,,,0.82,0.82,,0.0,0,False
2026-04-04 05:20:00+00:00,,,,,,,,0.79,0.79,,2.0,1,False
2026-04-04 05:20:30+00:00,,,,,,,,0.79,0.79,,0.0,0,False
2026-04-04 05:21:00+00:00,,,,,,,,0.79,0.79,,0.0,0,False
2026-04-04 05:21:30+00:00,,,,,,,,0.79,0.79,,0.0,0,False
2026-04-04 05:22:00+00:00,,,,,,,,0.79,0.79,,0.0,0,False
2026-04-04 05:22:30+00:00,,,,,,,,0.79,0.79,,0.0,0,False
2026-04-04 05:23:00+00:00,,,,,,,,0.82,0.82,,3571.0,2,False
2026-04-04 05:23:30+00:00,,,,,,,,0.7899999999999999,0.79,,13.0,1,False
2026-04-04 05:24:00+00:00,,,,,,,,0.7899999999999999,0.79,,0.0,0,False
2026-04-04 05:24:30+00:00,,,,,,,,0.7899999999999999,0.79,,0.0,0,False
2026-04-04 05:25:00+00:00,,,,,,,,0.7899999999999999,0.79,,0.0,0,False
2026-04-04 05:25:30+00:00,,,,,,,,0.7899999999999999,0.79,,0.0,0,False
2026-04-04 05:26:00+00:00,,,,,,,,0.7899999999999999,0.79,,0.0,0,False
2026-04-04 05:26:30+00:00,,,,,,,,0.7899999999999999,0.79,,0.0,0,False
2026-04-04 05:27:00+00:00,,,,,,,,0.7899999999999999,0.79,,0.0,0,False
2026-04-04 05:27:30+00:00,,,,,,,,0.79,0.79,,100.0,2,False
2026-04-04 05:28:00+00:00,,,,,,,,0.79,0.79,,0.0,0,False
2026-04-04 05:28:30+00:00,,,,,,,,0.79,0.79,,0.0,0,False
2026-04-04 05:29:00+00:00,,,,,,,,0.79,0.79,,0.0,0,False
2026-04-04 05:29:30+00:00,,,,,,,,0.79,0.79,,0.0,0,False
2026-04-04 05:30:00+00:00,,,,,,,,0.82,0.82,,12.0,1,False
2026-04-04 05:30:30+00:00,,,,,,,,0.82,0.82,,0.0,0,False
2026-04-04 05:31:00+00:00,,,,,,,,0.8,0.81,,18.0,3,False
2026-04-04 05:31:30+00:00,,,,,,,,0.8,0.81,,0.0,0,False
2026-04-04 05:32:00+00:00,,,,,,,,0.8,0.81,,0.0,0,False
2026-04-04 05:32:30+00:00,,,,,,,,0.8,0.81,,0.0,0,False
2026-04-04 05:33:00+00:00,,,,,,,,0.8,0.81,,0.0,0,False
2026-04-04 05:33:30+00:00,,,,,,,,0.8,0.81,,0.0,0,False
2026-04-04 05:34:00+00:00,,,,,,,,0.8,0.81,,0.0,0,False
2026-04-04 05:34:30+00:00,,,,,,,,0.8,0.81,,0.0,0,False
2026-04-04 05:35:00+00:00,,,,,,,,0.8,0.81,,0.0,0,False
2026-04-04 05:35:30+00:00,,,,,,,,0.8,0.81,,0.0,0,False
2026-04-04 05:36:00+00:00,,,,,,,,0.8,0.81,,0.0,0,False
2026-04-04 05:36:30+00:00,,,,,,,,0.82,0.82,,119.0,1,False
2026-04-04 05:37:00+00:00,,,,,,,,0.82,0.82,,0.0,0,False
2026-04-04 05:37:30+00:00,,,,,,,,0.82,0.82,,0.0,0,False
2026-04-04 05:38:00+00:00,,,,,,,,0.82,0.82,,0.0,0,False
2026-04-04 05:38:30+00:00,,,,,,,,0.82,0.82,,0.0,0,False
2026-04-04 05:39:00+00:00,,,,,,,,0.82,0.82,,35.0,1,False
2026-04-04 05:39:30+00:00,,,,,,,,0.82,0.82,,120.0,1,False
2026-04-04 05:40:00+00:00,,,,,,,,0.82,0.82,,0.0,0,False
2026-04-04 05:40:30+00:00,,,,,,,,0.8,0.81,,8.0,2,False
2026-04-04 05:41:00+00:00,,,,,,,,0.8,0.81,,0.0,0,False
2026-04-04 05:41:30+00:00,,,,,,,,0.8,0.81,,0.0,0,False
2026-04-04 05:42:00+00:00,,,,,,,,0.8,0.81,,0.0,0,False
2026-04-04 05:42:30+00:00,,,,,,,,0.8,0.81,,0.0,0,False
2026-04-04 05:43:00+00:00,,,,,,,,0.8,0.81,,0.0,0,False
2026-04-04 05:43:30+00:00,,,,,,,,0.8,0.81,,0.0,0,False
2026-04-04 05:44:00+00:00,,,,,,,,0.8,0.81,,0.0,0,False
2026-04-04 05:44:30+00:00,,,,,,,,0.8,0.81,,0.0,0,False
2026-04-04 05:45:00+00:00,,,,,,,,0.8,0.81,,0.0,0,False
2026-04-04 05:45:30+00:00,,,,,,,,0.8,0.81,,0.0,0,False
2026-04-04 05:46:00+00:00,,,,,,,,0.8,0.8,,22.0,1,False
2026-04-04 05:46:30+00:00,,,,,,,,0.8,0.8,,18.0,1,False
2026-04-04 05:47:00+00:00,,,,,,,,0.810668380462725,0.8,,389.0,4,False
2026-04-04 05:47:30+00:00,,,,,,,,0.7947826086956522,0.79,,92.0,2,False
2026-04-04 05:48:00+00:00,,,,,,,,0.7947826086956522,0.79,,0.0,0,False
2026-04-04 05:48:30+00:00,,,,,,,,0.81,0.81,,6.0,2,False
2026-04-04 05:49:00+00:00,,,,,,,,0.81,0.81,,0.0,0,False
2026-04-04 05:49:30+00:00,,,,,,,,0.81,0.81,,0.0,0,False
2026-04-04 05:50:00+00:00,,,,,,,,0.81,0.81,,0.0,0,False
2026-04-04 05:50:30+00:00,,,,,,,,0.81,0.81,,0.0,0,False
2026-04-04 05:51:00+00:00,,,,,,,,0.81,0.81,,0.0,0,False
2026-04-04 05:51:30+00:00,,,,,,,,0.81,0.81,,0.0,0,False
2026-04-04 05:52:00+00:00,,,,,,,,0.81,0.81,,0.0,0,False
2026-04-04 05:52:30+00:00,,,,,,,,0.81,0.81,,0.0,0,False
2026-04-04 05:53:00+00:00,,,,,,,,0.81,0.81,,0.0,0,False
2026-04-04 05:53:30+00:00,,,,,,,,0.81,0.81,,0.0,0,False
2026-04-04 05:54:00+00:00,,,,,,,,0.81,0.81,,0.0,0,False
2026-04-04 05:54:30+00:00,,,,,,,,0.81,0.81,,0.0,0,False
2026-04-04 05:55:00+00:00,,,,,,,,0.81,0.81,,0.0,0,False
2026-04-04 05:55:30+00:00,,,,,,,,0.81,0.81,,0.0,0,False
2026-04-04 05:56:00+00:00,,,,,,,,0.81,0.81,,0.0,0,False
2026-04-04 05:56:30+00:00,,,,,,,,0.81,0.81,,0.0,0,False
2026-04-04 05:57:00+00:00,,,,,,,,0.81,0.81,,0.0,0,False
2026-04-04 05:57:30+00:00,,,,,,,,0.81,0.81,,0.0,0,False
2026-04-04 05:58:00+00:00,,,,,,,,0.81,0.81,,0.0,0,False
2026-04-04 05:58:30+00:00,,,,,,,,0.81,0.81,,0.0,0,False
2026-04-04 05:59:00+00:00,,,,,,,,0.81,0.81,,0.0,0,False
2026-04-04 05:59:30+00:00,,,,,,,,0.81,0.81,,1.0,1,False
2026-04-04 06:00:00+00:00,,,,,,,,0.81,0.81,,0.0,0,False
2026-04-04 06:00:30+00:00,,,,,,,,0.81,0.81,,0.0,0,False
2026-04-04 06:01:00+00:00,,,,,,,,0.81,0.81,,0.0,0,False
2026-04-04 06:01:30+00:00,,,,,,,,0.81,0.81,,0.0,0,False
2026-04-04 06:02:00+00:00,,,,,,,,0.81,0.81,,0.0,0,False
2026-04-04 06:02:30+00:00,,,,,,,,0.81,0.81,,0.0,0,False
2026-04-04 06:03:00+00:00,,,,,,,,0.81,0.81,,0.0,0,False
2026-04-04 06:03:30+00:00,,,,,,,,0.79,0.79,,21.0,1,False
2026-04-04 06:04:00+00:00,,,,,,,,0.79,0.79,,0.0,0,False
2026-04-04 06:04:30+00:00,,,,,,,,0.79,0.79,,0.0,0,False
2026-04-04 06:05:00+00:00,,,,,,,,0.81,0.81,,24.0,1,False
2026-04-04 06:05:30+00:00,,,,,,,,0.81,0.81,,0.0,0,False
2026-04-04 06:06:00+00:00,,,,,,,,0.81,0.81,,0.0,0,False
2026-04-04 06:06:30+00:00,,,,,,,,0.81,0.81,,0.0,0,False
2026-04-04 06:07:00+00:00,,,,,,,,0.79,0.79,,4.0,1,False
2026-04-04 06:07:30+00:00,,,,,,,,0.79,0.79,,0.0,0,False
2026-04-04 06:08:00+00:00,,,,,,,,0.79,0.79,,0.0,0,False
2026-04-04 06:08:30+00:00,,,,,,,,0.79,0.79,,0.0,0,False
2026-04-04 06:09:00+00:00,,,,,,,,0.79,0.79,,0.0,0,False
2026-04-04 06:09:30+00:00,,,,,,,,0.79,0.79,,0.0,0,False
2026-04-04 06:10:00+00:00,,,,,,,,0.79,0.79,,0.0,0,False
2026-04-04 06:10:30+00:00,,,,,,,,0.79,0.79,,0.0,0,False
2026-04-04 06:11:00+00:00,,,,,,,,0.79,0.79,,0.0,0,False
2026-04-04 06:11:30+00:00,,,,,,,,0.79,0.79,,0.0,0,False
2026-04-04 06:12:00+00:00,,,,,,,,0.79,0.79,,0.0,0,False
2026-04-04 06:12:30+00:00,,,,,,,,0.79,0.79,,0.0,0,False
2026-04-04 06:13:00+00:00,,,,,,,,0.79,0.79,,0.0,0,False
2026-04-04 06:13:30+00:00,,,,,,,,0.79,0.79,,0.0,0,False
2026-04-04 06:14:00+00:00,,,,,,,,0.79,0.79,,0.0,0,False
2026-04-04 06:14:30+00:00,,,,,,,,0.79,0.79,,0.0,0,False
2026-04-04 06:15:00+00:00,,,,,,,,0.79,0.79,,0.0,0,False
2026-04-04 06:15:30+00:00,,,,,,,,0.79,0.79,,0.0,0,False
2026-04-04 06:16:00+00:00,,,,,,,,0.79,0.79,,0.0,0,False
2026-04-04 06:16:30+00:00,,,,,,,,0.79,0.79,,0.0,0,False
2026-04-04 06:17:00+00:00,,,,,,,,0.79,0.79,,0.0,0,False
2026-04-04 06:17:30+00:00,,,,,,,,0.79,0.79,,0.0,0,False
2026-04-04 06:18:00+00:00,,,,,,,,0.79,0.79,,0.0,0,False
2026-04-04 06:18:30+00:00,,,,,,,,0.79,0.79,,0.0,0,False
2026-04-04 06:19:00+00:00,,,,,,,,0.79,0.79,,0.0,0,False
2026-04-04 06:19:30+00:00,,,,,,,,0.79,0.79,,0.0,0,False
2026-04-04 06:20:00+00:00,,,,,,,,0.79,0.79,,0.0,0,False
2026-04-04 06:20:30+00:00,,,,,,,,0.79,0.79,,0.0,0,False
2026-04-04 06:21:00+00:00,,,,,,,,0.79,0.79,,0.0,0,False
2026-04-04 06:21:30+00:00,,,,,,,,0.79,0.79,,0.0,0,False
2026-04-04 06:22:00+00:00,,,,,,,,0.79,0.79,,0.0,0,False
2026-04-04 06:22:30+00:00,,,,,,,,0.79,0.79,,0.0,0,False
2026-04-04 06:23:00+00:00,,,,,,,,0.79,0.79,,0.0,0,False
2026-04-04 06:23:30+00:00,,,,,,,,0.79,0.79,,0.0,0,False
2026-04-04 06:24:00+00:00,,,,,,,,0.79,0.79,,0.0,0,False
2026-04-04 06:24:30+00:00,,,,,,,,0.79,0.79,,0.0,0,False
2026-04-04 06:25:00+00:00,,,,,,,,0.79,0.79,,0.0,0,False
2026-04-04 06:25:30+00:00,,,,,,,,0.79,0.79,,0.0,0,False
2026-04-04 06:26:00+00:00,,,,,,,,0.79,0.79,,0.0,0,False
2026-04-04 06:26:30+00:00,,,,,,,,0.79,0.79,,0.0,0,False
2026-04-04 06:27:00+00:00,,,,,,,,0.8100000000000002,0.81,,10.0,1,False
2026-04-04 06:27:30+00:00,,,,,,,,0.8100000000000002,0.81,,0.0,0,False
2026-04-04 06:28:00+00:00,,,,,,,,0.8100000000000002,0.81,,0.0,0,False
2026-04-04 06:28:30+00:00,,,,,,,,0.81,0.81,,6.0,1,False
2026-04-04 06:29:00+00:00,,,,,,,,0.81,0.81,,0.0,0,False
2026-04-04 06:29:30+00:00,,,,,,,,0.81,0.81,,24.0,1,False
2026-04-04 06:30:00+00:00,,,,,,,,0.81,0.81,,0.0,0,False
2026-04-04 06:30:30+00:00,,,,,,,,0.81,0.81,,0.0,0,False
2026-04-04 06:31:00+00:00,,,,,,,,0.81,0.81,,0.0,0,False
2026-04-04 06:31:30+00:00,,,,,,,,0.81,0.81,,0.0,0,False
2026-04-04 06:32:00+00:00,,,,,,,,0.81,0.81,,0.0,0,False
2026-04-04 06:32:30+00:00,,,,,,,,0.81,0.81,,0.0,0,False
2026-04-04 06:33:00+00:00,,,,,,,,0.81,0.81,,0.0,0,False
2026-04-04 06:33:30+00:00,,,,,,,,0.81,0.81,,0.0,0,False
2026-04-04 06:34:00+00:00,,,,,,,,0.81,0.81,,0.0,0,False
2026-04-04 06:34:30+00:00,,,,,,,,0.81,0.81,,0.0,0,False
2026-04-04 06:35:00+00:00,,,,,,,,0.81,0.81,,0.0,0,False
2026-04-04 06:35:30+00:00,,,,,,,,0.81,0.81,,0.0,0,False
2026-04-04 06:36:00+00:00,,,,,,,,0.81,0.81,,0.0,0,False
2026-04-04 06:36:30+00:00,,,,,,,,0.81,0.81,,0.0,0,False
2026-04-04 06:37:00+00:00,,,,,,,,0.81,0.81,,0.0,0,False
2026-04-04 06:37:30+00:00,,,,,,,,0.81,0.81,,0.0,0,False
2026-04-04 06:38:00+00:00,,,,,,,,0.81,0.81,,0.0,0,False
2026-04-04 06:38:30+00:00,,,,,,,,0.81,0.81,,0.0,0,False
2026-04-04 06:39:00+00:00,,,,,,,,0.81,0.81,,0.0,0,False
2026-04-04 06:39:30+00:00,,,,,,,,0.81,0.81,,0.0,0,False
2026-04-04 06:40:00+00:00,,,,,,,,0.81,0.81,,0.0,0,False
2026-04-04 06:40:30+00:00,,,,,,,,0.81,0.81,,0.0,0,False
2026-04-04 06:41:00+00:00,,,,,,,,0.79,0.79,,1.0,1,False
2026-04-04 06:41:30+00:00,,,,,,,,0.79,0.79,,0.0,0,False
2026-04-04 06:42:00+00:00,,,,,,,,0.79,0.79,,0.0,0,False
2026-04-04 06:42:30+00:00,,,,,,,,0.79,0.79,,0.0,0,False
2026-04-04 06:43:00+00:00,,,,,,,,0.79,0.79,,0.0,0,False
2026-04-04 06:43:30+00:00,,,,,,,,0.79,0.79,,0.0,0,False
2026-04-04 06:44:00+00:00,,,,,,,,0.79,0.79,,0.0,0,False
2026-04-04 06:44:30+00:00,,,,,,,,0.79,0.79,,0.0,0,False
2026-04-04 06:45:00+00:00,,,,,,,,0.79,0.79,,0.0,0,False
2026-04-04 06:45:30+00:00,,,,,,,,0.79,0.79,,0.0,0,False
2026-04-04 06:46:00+00:00,,,,,,,,0.79,0.79,,0.0,0,False
2026-04-04 06:46:30+00:00,,,,,,,,0.79,0.79,,0.0,0,False
2026-04-04 06:47:00+00:00,,,,,,,,0.79,0.79,,0.0,0,False
2026-04-04 06:47:30+00:00,,,,,,,,0.79,0.79,,0.0,0,False
2026-04-04 06:48:00+00:00,,,,,,,,0.79,0.79,,0.0,0,False
2026-04-04 06:48:30+00:00,,,,,,,,0.79,0.79,,0.0,0,False
2026-04-04 06:49:00+00:00,,,,,,,,0.79,0.79,,0.0,0,False
2026-04-04 06:49:30+00:00,,,,,,,,0.79,0.79,,0.0,0,False
2026-04-04 06:50:00+00:00,,,,,,,,0.79,0.79,,0.0,0,False
2026-04-04 06:50:30+00:00,,,,,,,,0.79,0.79,,0.0,0,False
2026-04-04 06:51:00+00:00,,,,,,,,0.79,0.79,,0.0,0,False
2026-04-04 06:51:30+00:00,,,,,,,,0.79,0.79,,0.0,0,False
2026-04-04 06:52:00+00:00,,,,,,,,0.81,0.81,,6.0,1,False
2026-04-04 06:52:30+00:00,,,,,,,,0.81,0.81,,0.0,0,False
2026-04-04 06:53:00+00:00,,,,,,,,0.81,0.81,,0.0,0,False
2026-04-04 06:53:30+00:00,,,,,,,,0.7900000000000001,0.79,,60.0,1,False
2026-04-04 06:54:00+00:00,,,,,,,,0.7900000000000001,0.79,,0.0,0,False
2026-04-04 06:54:30+00:00,,,,,,,,0.7900000000000001,0.79,,0.0,0,False
2026-04-04 06:55:00+00:00,,,,,,,,0.7900000000000001,0.79,,0.0,0,False
2026-04-04 06:55:30+00:00,,,,,,,,0.7900000000000001,0.79,,0.0,0,False
2026-04-04 06:56:00+00:00,,,,,,,,0.7900000000000001,0.79,,0.0,0,False
2026-04-04 06:56:30+00:00,,,,,,,,0.7900000000000001,0.79,,0.0,0,False
2026-04-04 06:57:00+00:00,,,,,,,,0.7900000000000001,0.79,,0.0,0,False
2026-04-04 06:57:30+00:00,,,,,,,,0.7900000000000001,0.79,,0.0,0,False
2026-04-04 06:58:00+00:00,,,,,,,,0.8100000000000002,0.81,,481.0,2,False
2026-04-04 06:58:30+00:00,,,,,,,,0.8100000000000002,0.81,,0.0,0,False
2026-04-04 06:59:00+00:00,,,,,,,,0.8100000000000002,0.81,,0.0,0,False
2026-04-04 06:59:30+00:00,,,,,,,,0.8100000000000002,0.81,,0.0,0,False
2026-04-04 07:00:00+00:00,,,,,,,,0.8100000000000002,0.81,,0.0,0,False
2026-04-04 07:00:30+00:00,,,,,,,,0.8100000000000002,0.81,,0.0,0,False
2026-04-04 07:01:00+00:00,,,,,,,,0.8100000000000002,0.81,,0.0,0,False
2026-04-04 07:01:30+00:00,,,,,,,,0.8100000000000002,0.81,,0.0,0,False
2026-04-04 07:02:00+00:00,,,,,,,,0.8100000000000002,0.81,,0.0,0,False
2026-04-04 07:02:30+00:00,,,,,,,,0.8100000000000002,0.81,,0.0,0,False
2026-04-04 07:03:00+00:00,,,,,,,,0.8100000000000002,0.81,,0.0,0,False
2026-04-04 07:03:30+00:00,,,,,,,,0.8100000000000002,0.81,,0.0,0,False
2026-04-04 07:04:00+00:00,,,,,,,,0.8100000000000002,0.81,,0.0,0,False
2026-04-04 07:04:30+00:00,,,,,,,,0.8100000000000002,0.81,,0.0,0,False
2026-04-04 07:05:00+00:00,,,,,,,,0.8100000000000002,0.81,,0.0,0,False
2026-04-04 07:05:30+00:00,,,,,,,,0.8100000000000002,0.81,,0.0,0,False
2026-04-04 07:06:00+00:00,,,,,,,,0.8100000000000002,0.81,,0.0,0,False
2026-04-04 07:06:30+00:00,,,,,,,,0.8100000000000002,0.81,,0.0,0,False
2026-04-04 07:07:00+00:00,,,,,,,,0.8100000000000002,0.81,,0.0,0,False
2026-04-04 07:07:30+00:00,,,,,,,,0.8100000000000002,0.81,,0.0,0,False
2026-04-04 07:08:00+00:00,,,,,,,,0.8100000000000002,0.81,,0.0,0,False
2026-04-04 07:08:30+00:00,,,,,,,,0.8100000000000002,0.81,,0.0,0,False
2026-04-04 07:09:00+00:00,,,,,,,,0.8100000000000002,0.81,,0.0,0,False
2026-04-04 07:09:30+00:00,,,,,,,,0.81,0.81,,72.0,1,False
2026-04-04 07:10:00+00:00,,,,,,,,0.81,0.81,,0.0,0,False
2026-04-04 07:10:30+00:00,,,,,,,,0.81,0.81,,0.0,0,False
2026-04-04 07:11:00+00:00,,,,,,,,0.81,0.81,,0.0,0,False
2026-04-04 07:11:30+00:00,,,,,,,,0.81,0.81,,0.0,0,False
2026-04-04 07:12:00+00:00,,,,,,,,0.81,0.81,,0.0,0,False
2026-04-04 07:12:30+00:00,,,,,,,,0.81,0.81,,0.0,0,False
2026-04-04 07:13:00+00:00,,,,,,,,0.81,0.81,,0.0,0,False
2026-04-04 07:13:30+00:00,,,,,,,,0.81,0.81,,0.0,0,False
2026-04-04 07:14:00+00:00,,,,,,,,0.81,0.81,,0.0,0,False
2026-04-04 07:14:30+00:00,,,,,,,,0.81,0.81,,0.0,0,False
2026-04-04 07:15:00+00:00,,,,,,,,0.81,0.81,,0.0,0,False
2026-04-04 07:15:30+00:00,,,,,,,,0.81,0.81,,0.0,0,False
2026-04-04 07:16:00+00:00,,,,,,,,0.81,0.81,,36.0,1,False
2026-04-04 07:16:30+00:00,,,,,,,,0.81,0.81,,0.0,0,False
2026-04-04 07:17:00+00:00,,,,,,,,0.81,0.81,,0.0,0,False
2026-04-04 07:17:30+00:00,,,,,,,,0.81,0.81,,0.0,0,False
2026-04-04 07:18:00+00:00,,,,,,,,0.7915254237288136,0.8,,59.0,2,False
2026-04-04 07:18:30+00:00,,,,,,,,0.7915254237288136,0.8,,0.0,0,False
2026-04-04 07:19:00+00:00,,,,,,,,0.7915254237288136,0.8,,0.0,0,False
2026-04-04 07:19:30+00:00,,,,,,,,0.7915254237288136,0.8,,0.0,0,False
2026-04-04 07:20:00+00:00,,,,,,,,0.7915254237288136,0.8,,0.0,0,False
2026-04-04 07:20:30+00:00,,,,,,,,0.7915254237288136,0.8,,0.0,0,False
2026-04-04 07:21:00+00:00,,,,,,,,0.7915254237288136,0.8,,0.0,0,False
2026-04-04 07:21:30+00:00,,,,,,,,0.7915254237288136,0.8,,0.0,0,False
2026-04-04 07:22:00+00:00,,,,,,,,0.7915254237288136,0.8,,0.0,0,False
2026-04-04 07:22:30+00:00,,,,,,,,0.7915254237288136,0.8,,0.0,0,False
2026-04-04 07:23:00+00:00,,,,,,,,0.7915254237288136,0.8,,0.0,0,False
2026-04-04 07:23:30+00:00,,,,,,,,0.7915254237288136,0.8,,0.0,0,False
2026-04-04 07:24:00+00:00,,,,,,,,0.7915254237288136,0.8,,0.0,0,False
2026-04-04 07:24:30+00:00,,,,,,,,0.7915254237288136,0.8,,0.0,0,False
2026-04-04 07:25:00+00:00,,,,,,,,0.7915254237288136,0.8,,0.0,0,False
2026-04-04 07:25:30+00:00,,,,,,,,0.7915254237288136,0.8,,0.0,0,False
2026-04-04 07:26:00+00:00,,,,,,,,0.7915254237288136,0.8,,0.0,0,False
2026-04-04 07:26:30+00:00,,,,,,,,0.7915254237288136,0.8,,0.0,0,False
2026-04-04 07:27:00+00:00,,,,,,,,0.7915254237288136,0.8,,0.0,0,False
2026-04-04 07:27:30+00:00,,,,,,,,0.7915254237288136,0.8,,0.0,0,False
2026-04-04 07:28:00+00:00,,,,,,,,0.7915254237288136,0.8,,0.0,0,False
2026-04-04 07:28:30+00:00,,,,,,,,0.7915254237288136,0.8,,0.0,0,False
2026-04-04 07:29:00+00:00,,,,,,,,0.8,0.8,,186.0,2,False
2026-04-04 07:29:30+00:00,,,,,,,,0.8,0.8,,0.0,0,False
2026-04-04 07:30:00+00:00,,,,,,,,0.8,0.8,,0.0,0,False
2026-04-04 07:30:30+00:00,,,,,,,,0.8,0.8,,0.0,0,False
2026-04-04 07:31:00+00:00,,,,,,,,0.8,0.8,,0.0,0,False
2026-04-04 07:31:30+00:00,,,,,,,,0.81,0.81,,12.0,1,False
2026-04-04 07:32:00+00:00,,,,,,,,0.81,0.81,,120.0,1,False
2026-04-04 07:32:30+00:00,,,,,,,,0.81,0.81,,0.0,0,False
2026-04-04 07:33:00+00:00,,,,,,,,0.81,0.81,,0.0,0,False
2026-04-04 07:33:30+00:00,,,,,,,,0.81,0.81,,0.0,0,False
2026-04-04 07:34:00+00:00,,,,,,,,0.81,0.81,,0.0,0,False
2026-04-04 07:34:30+00:00,,,,,,,,0.81,0.81,,0.0,0,False
2026-04-04 07:35:00+00:00,,,,,,,,0.81,0.81,,0.0,0,False
2026-04-04 07:35:30+00:00,,,,,,,,0.81,0.81,,0.0,0,False
2026-04-04 07:36:00+00:00,,,,,,,,0.81,0.81,,0.0,0,False
2026-04-04 07:36:30+00:00,,,,,,,,0.81,0.81,,0.0,0,False
2026-04-04 07:37:00+00:00,,,,,,,,0.81,0.81,,0.0,0,False
2026-04-04 07:37:30+00:00,,,,,,,,0.81,0.81,,0.0,0,False
2026-04-04 07:38:00+00:00,,,,,,,,0.81,0.81,,0.0,0,False
2026-04-04 07:38:30+00:00,,,,,,,,0.81,0.81,,0.0,0,False
2026-04-04 07:39:00+00:00,,,,,,,,0.81,0.81,,0.0,0,False
2026-04-04 07:39:30+00:00,,,,,,,,0.81,0.81,,0.0,0,False
2026-04-04 07:40:00+00:00,,,,,,,,0.81,0.81,,0.0,0,False
2026-04-04 07:40:30+00:00,,,,,,,,0.81,0.81,,0.0,0,False
2026-04-04 07:41:00+00:00,,,,,,,,0.8000000000000002,0.8,,24.0,1,False
2026-04-04 07:41:30+00:00,,,,,,,,0.8000000000000002,0.8,,0.0,0,False
2026-04-04 07:42:00+00:00,,,,,,,,0.8000000000000002,0.8,,0.0,0,False
2026-04-04 07:42:30+00:00,,,,,,,,0.8000000000000002,0.8,,0.0,0,False
2026-04-04 07:43:00+00:00,,,,,,,,0.8000000000000002,0.8,,0.0,0,False
2026-04-04 07:43:30+00:00,,,,,,,,0.8000000000000002,0.8,,0.0,0,False
2026-04-04 07:44:00+00:00,,,,,,,,0.8000000000000002,0.8,,0.0,0,False
2026-04-04 07:44:30+00:00,,,,,,,,0.8000000000000002,0.8,,0.0,0,False
2026-04-04 07:45:00+00:00,,,,,,,,0.8000000000000002,0.8,,0.0,0,False
2026-04-04 07:45:30+00:00,,,,,,,,0.8000000000000002,0.8,,0.0,0,False
2026-04-04 07:46:00+00:00,,,,,,,,0.8000000000000002,0.8,,0.0,0,False
2026-04-04 07:46:30+00:00,,,,,,,,0.8000000000000002,0.8,,0.0,0,False
2026-04-04 07:47:00+00:00,,,,,,,,0.79,0.79,,5.0,1,False
2026-04-04 07:47:30+00:00,,,,,,,,0.79,0.79,,0.0,0,False
2026-04-04 07:48:00+00:00,,,,,,,,0.79,0.79,,0.0,0,False
2026-04-04 07:48:30+00:00,,,,,,,,0.79,0.79,,0.0,0,False
2026-04-04 07:49:00+00:00,,,,,,,,0.79,0.79,,0.0,0,False
2026-04-04 07:49:30+00:00,,,,,,,,0.79,0.79,,0.0,0,False
2026-04-04 07:50:00+00:00,,,,,,,,0.79,0.79,,0.0,0,False
2026-04-04 07:50:30+00:00,,,,,,,,0.79,0.79,,0.0,0,False
2026-04-04 07:51:00+00:00,,,,,,,,0.79,0.79,,0.0,0,False
2026-04-04 07:51:30+00:00,,,,,,,,0.79,0.79,,0.0,0,False
2026-04-04 07:52:00+00:00,,,,,,,,0.79,0.79,,0.0,0,False
2026-04-04 07:52:30+00:00,,,,,,,,0.79,0.79,,0.0,0,False
2026-04-04 07:53:00+00:00,,,,,,,,0.79,0.79,,0.0,0,False
2026-04-04 07:53:30+00:00,,,,,,,,0.79,0.79,,0.0,0,False
2026-04-04 07:54:00+00:00,,,,,,,,0.79,0.79,,0.0,0,False
2026-04-04 07:54:30+00:00,,,,,,,,0.79,0.79,,0.0,0,False
2026-04-04 07:55:00+00:00,,,,,,,,0.79,0.79,,0.0,0,False
2026-04-04 07:55:30+00:00,,,,,,,,0.79,0.79,,0.0,0,False
2026-04-04 07:56:00+00:00,,,,,,,,0.79,0.79,,0.0,0,False
2026-04-04 07:56:30+00:00,,,,,,,,0.79,0.79,,0.0,0,False
2026-04-04 07:57:00+00:00,,,,,,,,0.79,0.79,,0.0,0,False
2026-04-04 07:57:30+00:00,,,,,,,,0.79,0.79,,0.0,0,False
2026-04-04 07:58:00+00:00,,,,,,,,0.79,0.79,,0.0,0,False
2026-04-04 07:58:30+00:00,,,,,,,,0.79,0.79,,0.0,0,False
2026-04-04 07:59:00+00:00,,,,,,,,0.8000000000000002,0.8,,3.0,1,False
2026-04-04 07:59:30+00:00,,,,,,,,0.8000000000000002,0.8,,0.0,0,False
2026-04-04 08:00:00+00:00,,,,,,,,0.8000000000000002,0.8,,0.0,0,False
2026-04-04 08:00:30+00:00,,,,,,,,0.8000000000000002,0.8,,0.0,0,False
2026-04-04 08:01:00+00:00,,,,,,,,0.8000000000000002,0.8,,0.0,0,False
2026-04-04 08:01:30+00:00,,,,,,,,0.8000000000000002,0.8,,0.0,0,False
2026-04-04 08:02:00+00:00,,,,,,,,0.8000000000000002,0.8,,0.0,0,False
2026-04-04 08:02:30+00:00,,,,,,,,0.8000000000000002,0.8,,0.0,0,False
2026-04-04 08:03:00+00:00,,,,,,,,0.8000000000000002,0.8,,0.0,0,False
2026-04-04 08:03:30+00:00,,,,,,,,0.8000000000000002,0.8,,0.0,0,False
2026-04-04 08:04:00+00:00,,,,,,,,0.8000000000000002,0.8,,0.0,0,False
2026-04-04 08:04:30+00:00,,,,,,,,0.8000000000000002,0.8,,6.0,1,False
2026-04-04 08:05:00+00:00,,,,,,,,0.8000000000000002,0.8,,0.0,0,False
2026-04-04 08:05:30+00:00,,,,,,,,0.8000000000000002,0.8,,0.0,0,False
2026-04-04 08:06:00+00:00,,,,,,,,0.8000000000000002,0.8,,0.0,0,False
2026-04-04 08:06:30+00:00,,,,,,,,0.8000000000000002,0.8,,0.0,0,False
2026-04-04 08:07:00+00:00,,,,,,,,0.7900000000000001,0.79,,45.0,1,False
2026-04-04 08:07:30+00:00,,,,,,,,0.7900000000000001,0.79,,0.0,0,False
2026-04-04 08:08:00+00:00,,,,,,,,0.7900000000000001,0.79,,0.0,0,False
2026-04-04 08:08:30+00:00,,,,,,,,0.7900000000000001,0.79,,0.0,0,False
2026-04-04 08:09:00+00:00,,,,,,,,0.7900000000000001,0.79,,0.0,0,False
2026-04-04 08:09:30+00:00,,,,,,,,0.7900000000000001,0.79,,0.0,0,False
2026-04-04 08:10:00+00:00,,,,,,,,0.7900000000000001,0.79,,0.0,0,False
2026-04-04 08:10:30+00:00,,,,,,,,0.7900000000000001,0.79,,0.0,0,False
2026-04-04 08:11:00+00:00,,,,,,,,0.8,0.8,,27.0,1,False
2026-04-04 08:11:30+00:00,,,,,,,,0.8,0.8,,0.0,0,False
2026-04-04 08:12:00+00:00,,,,,,,,0.8,0.8,,0.0,0,False
2026-04-04 08:12:30+00:00,,,,,,,,0.8,0.8,,0.0,0,False
2026-04-04 08:13:00+00:00,,,,,,,,0.8,0.8,,0.0,0,False
2026-04-04 08:13:30+00:00,,,,,,,,0.8,0.8,,0.0,0,False
2026-04-04 08:14:00+00:00,,,,,,,,0.8,0.8,,0.0,0,False
2026-04-04 08:14:30+00:00,,,,,,,,0.8,0.8,,0.0,0,False
2026-04-04 08:15:00+00:00,,,,,,,,0.8,0.8,,0.0,0,False
2026-04-04 08:15:30+00:00,,,,,,,,0.8,0.8,,0.0,0,False
2026-04-04 08:16:00+00:00,,,,,,,,0.8,0.8,,0.0,0,False
2026-04-04 08:16:30+00:00,,,,,,,,0.8068604651162791,0.8,,172.0,3,False
2026-04-04 08:17:00+00:00,,,,,,,,0.8068604651162791,0.8,,0.0,0,False
2026-04-04 08:17:30+00:00,,,,,,,,0.8068604651162791,0.8,,0.0,0,False
2026-04-04 08:18:00+00:00,,,,,,,,0.8068604651162791,0.8,,0.0,0,False
2026-04-04 08:18:30+00:00,,,,,,,,0.8068604651162791,0.8,,0.0,0,False
2026-04-04 08:19:00+00:00,,,,,,,,0.8068604651162791,0.8,,0.0,0,False
2026-04-04 08:19:30+00:00,,,,,,,,0.8068604651162791,0.8,,0.0,0,False
2026-04-04 08:20:00+00:00,,,,,,,,0.8068604651162791,0.8,,0.0,0,False
2026-04-04 08:20:30+00:00,,,,,,,,0.8068604651162791,0.8,,0.0,0,False
2026-04-04 08:21:00+00:00,,,,,,,,0.8068604651162791,0.8,,0.0,0,False
2026-04-04 08:21:30+00:00,,,,,,,,0.8068604651162791,0.8,,0.0,0,False
2026-04-04 08:22:00+00:00,,,,,,,,0.8,0.8,,102.0,1,False
2026-04-04 08:22:30+00:00,,,,,,,,0.81,0.81,,6.0,1,False
2026-04-04 08:23:00+00:00,,,,,,,,0.81,0.81,,0.0,0,False
2026-04-04 08:23:30+00:00,,,,,,,,0.81,0.81,,0.0,0,False
2026-04-04 08:24:00+00:00,,,,,,,,0.81,0.81,,0.0,0,False
2026-04-04 08:24:30+00:00,,,,,,,,0.81,0.81,,0.0,0,False
2026-04-04 08:25:00+00:00,,,,,,,,0.81,0.81,,0.0,0,False
2026-04-04 08:25:30+00:00,,,,,,,,0.81,0.81,,0.0,0,False
2026-04-04 08:26:00+00:00,,,,,,,,0.81,0.81,,0.0,0,False
2026-04-04 08:26:30+00:00,,,,,,,,0.81,0.81,,0.0,0,False
2026-04-04 08:27:00+00:00,,,,,,,,0.81,0.81,,0.0,0,False
2026-04-04 08:27:30+00:00,,,,,,,,0.81,0.81,,0.0,0,False
2026-04-04 08:28:00+00:00,,,,,,,,0.81,0.81,,12.0,1,False
2026-04-04 08:28:30+00:00,,,,,,,,0.81,0.81,,0.0,0,False
2026-04-04 08:29:00+00:00,,,,,,,,0.8,0.8,,50.0,1,False
2026-04-04 08:29:30+00:00,,,,,,,,0.8,0.8,,0.0,0,False
2026-04-04 08:30:00+00:00,,,,,,,,0.8,0.8,,0.0,0,False
2026-04-04 08:30:30+00:00,,,,,,,,0.8,0.8,,0.0,0,False
2026-04-04 08:31:00+00:00,,,,,,,,0.8,0.8,,0.0,0,False
2026-04-04 08:31:30+00:00,,,,,,,,0.8,0.8,,0.0,0,False
2026-04-04 08:32:00+00:00,,,,,,,,0.8,0.8,,0.0,0,False
2026-04-04 08:32:30+00:00,,,,,,,,0.8,0.8,,0.0,0,False
2026-04-04 08:33:00+00:00,,,,,,,,0.8,0.8,,0.0,0,False
2026-04-04 08:33:30+00:00,,,,,,,,0.8,0.8,,0.0,0,False
2026-04-04 08:34:00+00:00,,,,,,,,0.8,0.8,,0.0,0,False
2026-04-04 08:34:30+00:00,,,,,,,,0.8,0.8,,0.0,0,False
2026-04-04 08:35:00+00:00,,,,,,,,0.8,0.8,,0.0,0,False
2026-04-04 08:35:30+00:00,,,,,,,,0.8,0.8,,0.0,0,False
2026-04-04 08:36:00+00:00,,,,,,,,0.81,0.81,,1.0,1,False
2026-04-04 08:36:30+00:00,,,,,,,,0.81,0.81,,0.0,0,False
2026-04-04 08:37:00+00:00,,,,,,,,0.81,0.81,,0.0,0,False
2026-04-04 08:37:30+00:00,,,,,,,,0.81,0.81,,0.0,0,False
2026-04-04 08:38:00+00:00,,,,,,,,0.81,0.81,,0.0,0,False
2026-04-04 08:38:30+00:00,,,,,,,,0.81,0.81,,0.0,0,False
2026-04-04 08:39:00+00:00,,,,,,,,0.81,0.81,,0.0,0,False
2026-04-04 08:39:30+00:00,,,,,,,,0.81,0.81,,0.0,0,False
2026-04-04 08:40:00+00:00,,,,,,,,0.81,0.81,,0.0,0,False
2026-04-04 08:40:30+00:00,,,,,,,,0.81,0.81,,0.0,0,False
2026-04-04 08:41:00+00:00,,,,,,,,0.81,0.81,,0.0,0,False
2026-04-04 08:41:30+00:00,,,,,,,,0.81,0.81,,0.0,0,False
2026-04-04 08:42:00+00:00,,,,,,,,0.81,0.81,,0.0,0,False
2026-04-04 08:42:30+00:00,,,,,,,,0.81,0.81,,0.0,0,False
2026-04-04 08:43:00+00:00,,,,,,,,0.81,0.81,,0.0,0,False
2026-04-04 08:43:30+00:00,,,,,,,,0.81,0.81,,0.0,0,False
2026-04-04 08:44:00+00:00,,,,,,,,0.81,0.81,,1.0,1,False
2026-04-04 08:44:30+00:00,,,,,,,,0.81,0.81,,0.0,0,False
2026-04-04 08:45:00+00:00,,,,,,,,0.81,0.81,,60.0,1,False
2026-04-04 08:45:30+00:00,,,,,,,,0.81,0.81,,0.0,0,False
2026-04-04 08:46:00+00:00,,,,,,,,0.8024242424242425,0.8,,66.0,2,False
2026-04-04 08:46:30+00:00,,,,,,,,0.8024242424242425,0.8,,0.0,0,False
2026-04-04 08:47:00+00:00,,,,,,,,0.8024242424242425,0.8,,0.0,0,False
2026-04-04 08:47:30+00:00,,,,,,,,0.8024242424242425,0.8,,0.0,0,False
2026-04-04 08:48:00+00:00,,,,,,,,0.8024242424242425,0.8,,0.0,0,False
2026-04-04 08:48:30+00:00,,,,,,,,0.8024242424242425,0.8,,0.0,0,False
2026-04-04 08:49:00+00:00,,,,,,,,0.8024242424242425,0.8,,0.0,0,False
2026-04-04 08:49:30+00:00,,,,,,,,0.8024242424242425,0.8,,0.0,0,False
2026-04-04 08:50:00+00:00,,,,,,,,0.8024242424242425,0.8,,0.0,0,False
2026-04-04 08:50:30+00:00,,,,,,,,0.8024242424242425,0.8,,0.0,0,False
2026-04-04 08:51:00+00:00,,,,,,,,0.8024242424242425,0.8,,0.0,0,False
2026-04-04 08:51:30+00:00,,,,,,,,0.8024242424242425,0.8,,0.0,0,False
2026-04-04 08:52:00+00:00,,,,,,,,0.8024242424242425,0.8,,0.0,0,False
2026-04-04 08:52:30+00:00,,,,,,,,0.8024242424242425,0.8,,0.0,0,False
2026-04-04 08:53:00+00:00,,,,,,,,0.8024242424242425,0.8,,0.0,0,False
2026-04-04 08:53:30+00:00,,,,,,,,0.8024242424242425,0.8,,0.0,0,False
2026-04-04 08:54:00+00:00,,,,,,,,0.8024242424242425,0.8,,0.0,0,False
2026-04-04 08:54:30+00:00,,,,,,,,0.8024242424242425,0.8,,0.0,0,False
2026-04-04 08:55:00+00:00,,,,,,,,0.8024242424242425,0.8,,0.0,0,False
2026-04-04 08:55:30+00:00,,,,,,,,0.8024242424242425,0.8,,0.0,0,False
2026-04-04 08:56:00+00:00,,,,,,,,0.8024242424242425,0.8,,0.0,0,False
2026-04-04 08:56:30+00:00,,,,,,,,0.8024242424242425,0.8,,0.0,0,False
2026-04-04 08:57:00+00:00,,,,,,,,0.8024242424242425,0.8,,0.0,0,False
2026-04-04 08:57:30+00:00,,,,,,,,0.8024242424242425,0.8,,0.0,0,False
2026-04-04 08:58:00+00:00,,,,,,,,0.81,0.81,,12.0,1,False
2026-04-04 08:58:30+00:00,,,,,,,,0.81,0.81,,0.0,0,False
2026-04-04 08:59:00+00:00,,,,,,,,0.79,0.79,,135.0,2,False
2026-04-04 08:59:30+00:00,,,,,,,,0.79,0.79,,0.0,0,False
2026-04-04 09:00:00+00:00,,,,,,,,0.79,0.79,,0.0,0,False
2026-04-04 09:00:30+00:00,,,,,,,,0.8000000000000002,0.8,,24.0,1,False
2026-04-04 09:01:00+00:00,,,,,,,,0.8000000000000002,0.8,,0.0,0,False
2026-04-04 09:01:30+00:00,,,,,,,,0.8000000000000002,0.8,,0.0,0,False
2026-04-04 09:02:00+00:00,,,,,,,,0.8000000000000002,0.8,,0.0,0,False
2026-04-04 09:02:30+00:00,,,,,,,,0.8000000000000002,0.8,,6.0,1,False
2026-04-04 09:03:00+00:00,,,,,,,,0.8,0.8,,1.0,1,False
2026-04-04 09:03:30+00:00,,,,,,,,0.8,0.8,,0.0,0,False
2026-04-04 09:04:00+00:00,,,,,,,,0.8,0.8,,0.0,0,False
2026-04-04 09:04:30+00:00,,,,,,,,0.8,0.8,,0.0,0,False
2026-04-04 09:05:00+00:00,,,,,,,,0.81,0.81,,481.0,1,False
2026-04-04 09:05:30+00:00,,,,,,,,0.81,0.81,,0.0,0,False
2026-04-04 09:06:00+00:00,,,,,,,,0.8,0.8,,100.0,2,False
2026-04-04 09:06:30+00:00,,,,,,,,0.8,0.8,,0.0,0,False
2026-04-04 09:07:00+00:00,,,,,,,,0.8,0.8,,0.0,0,False
2026-04-04 09:07:30+00:00,,,,,,,,0.8,0.8,,0.0,0,False
2026-04-04 09:08:00+00:00,,,,,,,,0.8,0.8,,0.0,0,False
2026-04-04 09:08:30+00:00,,,,,,,,0.8,0.8,,0.0,0,False
2026-04-04 09:09:00+00:00,,,,,,,,0.8,0.8,,0.0,0,False
2026-04-04 09:09:30+00:00,,,,,,,,0.8,0.8,,0.0,0,False
2026-04-04 09:10:00+00:00,,,,,,,,0.8,0.8,,0.0,0,False
2026-04-04 09:10:30+00:00,,,,,,,,0.8,0.8,,0.0,0,False
2026-04-04 09:11:00+00:00,,,,,,,,0.8,0.8,,0.0,0,False
2026-04-04 09:11:30+00:00,,,,,,,,0.81,0.81,,30.0,1,False
2026-04-04 09:12:00+00:00,,,,,,,,0.81,0.81,,12.0,1,False
2026-04-04 09:12:30+00:00,,,,,,,,0.81,0.81,,0.0,0,False
2026-04-04 09:13:00+00:00,,,,,,,,0.81,0.81,,0.0,0,False
2026-04-04 09:13:30+00:00,,,,,,,,0.81,0.81,,0.0,0,False
2026-04-04 09:14:00+00:00,,,,,,,,0.81,0.81,,0.0,0,False
2026-04-04 09:14:30+00:00,,,,,,,,0.81,0.81,,0.0,0,False
2026-04-04 09:15:00+00:00,,,,,,,,0.81,0.81,,0.0,0,False
2026-04-04 09:15:30+00:00,,,,,,,,0.81,0.81,,0.0,0,False
2026-04-04 09:16:00+00:00,,,,,,,,0.81,0.81,,0.0,0,False
2026-04-04 09:16:30+00:00,,,,,,,,0.81,0.81,,0.0,0,False
2026-04-04 09:17:00+00:00,,,,,,,,0.81,0.81,,0.0,0,False
2026-04-04 09:17:30+00:00,,,,,,,,0.81,0.81,,0.0,0,False
2026-04-04 09:18:00+00:00,,,,,,,,0.81,0.81,,0.0,0,False
2026-04-04 09:18:30+00:00,,,,,,,,0.81,0.81,,0.0,0,False
2026-04-04 09:19:00+00:00,,,,,,,,0.81,0.81,,0.0,0,False
2026-04-04 09:19:30+00:00,,,,,,,,0.81,0.81,,0.0,0,False
2026-04-04 09:20:00+00:00,,,,,,,,0.81,0.81,,0.0,0,False
2026-04-04 09:20:30+00:00,,,,,,,,0.81,0.81,,0.0,0,False
2026-04-04 09:21:00+00:00,,,,,,,,0.81,0.81,,0.0,0,False
2026-04-04 09:21:30+00:00,,,,,,,,0.81,0.81,,0.0,0,False
2026-04-04 09:22:00+00:00,,,,,,,,0.81,0.81,,0.0,0,False
2026-04-04 09:22:30+00:00,,,,,,,,0.8100000000000002,0.81,,10.0,1,False
2026-04-04 09:23:00+00:00,,,,,,,,0.79,0.79,,108.0,1,False
2026-04-04 09:23:30+00:00,,,,,,,,0.79,0.79,,0.0,0,False
2026-04-04 09:24:00+00:00,,,,,,,,0.79,0.79,,0.0,0,False
2026-04-04 09:24:30+00:00,,,,,,,,0.79,0.79,,0.0,0,False
2026-04-04 09:25:00+00:00,,,,,,,,0.79,0.79,,0.0,0,False
2026-04-04 09:25:30+00:00,,,,,,,,0.79,0.79,,0.0,0,False
2026-04-04 09:26:00+00:00,,,,,,,,0.79,0.79,,0.0,0,False
2026-04-04 09:26:30+00:00,,,,,,,,0.79,0.79,,0.0,0,False
2026-04-04 09:27:00+00:00,,,,,,,,0.79,0.79,,0.0,0,False
2026-04-04 09:27:30+00:00,,,,,,,,0.79,0.79,,0.0,0,False
2026-04-04 09:28:00+00:00,,,,,,,,0.79,0.79,,0.0,0,False
2026-04-04 09:28:30+00:00,,,,,,,,0.79,0.79,,0.0,0,False
2026-04-04 09:29:00+00:00,,,,,,,,0.79,0.79,,0.0,0,False
2026-04-04 09:29:30+00:00,,,,,,,,0.79,0.79,,0.0,0,False
2026-04-04 09:30:00+00:00,,,,,,,,0.79,0.79,,0.0,0,False
2026-04-04 09:30:30+00:00,,,,,,,,0.79,0.79,,0.0,0,False
2026-04-04 09:31:00+00:00,,,,,,,,0.79,0.79,,0.0,0,False
2026-04-04 09:31:30+00:00,,,,,,,,0.79,0.79,,0.0,0,False
2026-04-04 09:32:00+00:00,,,,,,,,0.79,0.79,,0.0,0,False
2026-04-04 09:32:30+00:00,,,,,,,,0.79,0.79,,0.0,0,False
2026-04-04 09:33:00+00:00,,,,,,,,0.79,0.79,,0.0,0,False
2026-04-04 09:33:30+00:00,,,,,,,,0.79,0.79,,0.0,0,False
2026-04-04 09:34:00+00:00,,,,,,,,0.79,0.79,,0.0,0,False
2026-04-04 09:34:30+00:00,,,,,,,,0.79,0.79,,0.0,0,False
2026-04-04 09:35:00+00:00,,,,,,,,0.79,0.79,,0.0,0,False
2026-04-04 09:35:30+00:00,,,,,,,,0.79,0.79,,0.0,0,False
2026-04-04 09:36:00+00:00,,,,,,,,0.79,0.79,,0.0,0,False
2026-04-04 09:36:30+00:00,,,,,,,,0.79,0.79,,0.0,0,False
2026-04-04 09:37:00+00:00,,,,,,,,0.79,0.79,,0.0,0,False
2026-04-04 09:37:30+00:00,,,,,,,,0.79,0.79,,0.0,0,False
2026-04-04 09:38:00+00:00,,,,,,,,0.79,0.79,,0.0,0,False
2026-04-04 09:38:30+00:00,,,,,,,,0.79,0.79,,0.0,0,False
2026-04-04 09:39:00+00:00,,,,,,,,0.79,0.79,,0.0,0,False
2026-04-04 09:39:30+00:00,,,,,,,,0.79,0.79,,0.0,0,False
2026-04-04 09:40:00+00:00,,,,,,,,0.79,0.79,,0.0,0,False
2026-04-04 09:40:30+00:00,,,,,,,,0.81,0.81,,8.0,1,False
2026-04-04 09:41:00+00:00,,,,,,,,0.81,0.81,,0.0,0,False
2026-04-04 09:41:30+00:00,,,,,,,,0.81,0.81,,0.0,0,False
2026-04-04 09:42:00+00:00,,,,,,,,0.81,0.81,,0.0,0,False
2026-04-04 09:42:30+00:00,,,,,,,,0.81,0.81,,0.0,0,False
2026-04-04 09:43:00+00:00,,,,,,,,0.81,0.81,,0.0,0,False
2026-04-04 09:43:30+00:00,,,,,,,,0.81,0.81,,0.0,0,False
2026-04-04 09:44:00+00:00,,,,,,,,0.81,0.81,,0.0,0,False
2026-04-04 09:44:30+00:00,,,,,,,,0.81,0.81,,0.0,0,False
2026-04-04 09:45:00+00:00,,,,,,,,0.81,0.81,,9.0,1,False
2026-04-04 09:45:30+00:00,,,,,,,,0.81,0.81,,0.0,0,False
2026-04-04 09:46:00+00:00,,,,,,,,0.81,0.81,,0.0,0,False
2026-04-04 09:46:30+00:00,,,,,,,,0.81,0.81,,0.0,0,False
2026-04-04 09:47:00+00:00,,,,,,,,0.81,0.81,,0.0,0,False
2026-04-04 09:47:30+00:00,,,,,,,,0.81,0.81,,0.0,0,False
2026-04-04 09:48:00+00:00,,,,,,,,0.8000000000000002,0.8,,6.0,1,False
2026-04-04 09:48:30+00:00,,,,,,,,0.8000000000000002,0.8,,0.0,0,False
2026-04-04 09:49:00+00:00,,,,,,,,0.8000000000000002,0.8,,0.0,0,False
2026-04-04 09:49:30+00:00,,,,,,,,0.8000000000000002,0.8,,0.0,0,False
2026-04-04 09:50:00+00:00,,,,,,,,0.8000000000000002,0.8,,0.0,0,False
2026-04-04 09:50:30+00:00,,,,,,,,0.8000000000000002,0.8,,0.0,0,False
2026-04-04 09:51:00+00:00,,,,,,,,0.8000000000000002,0.8,,0.0,0,False
2026-04-04 09:51:30+00:00,,,,,,,,0.8000000000000002,0.8,,0.0,0,False
2026-04-04 09:52:00+00:00,,,,,,,,0.8000000000000002,0.8,,0.0,0,False
2026-04-04 09:52:30+00:00,,,,,,,,0.8000000000000002,0.8,,6.0,1,False
2026-04-04 09:53:00+00:00,,,,,,,,0.8000000000000002,0.8,,0.0,0,False
2026-04-04 09:53:30+00:00,,,,,,,,0.8000000000000002,0.8,,0.0,0,False
2026-04-04 09:54:00+00:00,,,,,,,,0.8000000000000002,0.8,,0.0,0,False
2026-04-04 09:54:30+00:00,,,,,,,,0.8000000000000002,0.8,,0.0,0,False
2026-04-04 09:55:00+00:00,,,,,,,,0.8000000000000002,0.8,,0.0,0,False
2026-04-04 09:55:30+00:00,,,,,,,,0.8000000000000002,0.8,,0.0,0,False
2026-04-04 09:56:00+00:00,,,,,,,,0.8000000000000002,0.8,,0.0,0,False
2026-04-04 09:56:30+00:00,,,,,,,,0.8000000000000002,0.8,,0.0,0,False
2026-04-04 09:57:00+00:00,,,,,,,,0.8000000000000002,0.8,,0.0,0,False
2026-04-04 09:57:30+00:00,,,,,,,,0.8000000000000002,0.8,,0.0,0,False
2026-04-04 09:58:00+00:00,,,,,,,,0.8000000000000002,0.8,,0.0,0,False
2026-04-04 09:58:30+00:00,,,,,,,,0.8000000000000002,0.8,,0.0,0,False
2026-04-04 09:59:00+00:00,,,,,,,,0.8000000000000002,0.8,,0.0,0,False
2026-04-04 09:59:30+00:00,,,,,,,,0.79,0.79,,34.0,1,False
2026-04-04 10:00:00+00:00,,,,,,,,0.79,0.79,,0.0,0,False
2026-04-04 10:00:30+00:00,,,,,,,,0.79,0.79,,10.0,1,False
2026-04-04 10:01:00+00:00,,,,,,,,0.79,0.79,,0.0,0,False
2026-04-04 10:01:30+00:00,,,,,,,,0.79,0.79,,0.0,0,False
2026-04-04 10:02:00+00:00,,,,,,,,0.79,0.79,,0.0,0,False
2026-04-04 10:02:30+00:00,,,,,,,,0.81,0.81,,120.0,3,False
2026-04-04 10:03:00+00:00,,,,,,,,0.81,0.81,,0.0,0,False
2026-04-04 10:03:30+00:00,,,,,,,,0.79,0.79,,75.0,1,False
2026-04-04 10:04:00+00:00,,,,,,,,0.79,0.79,,0.0,0,False
2026-04-04 10:04:30+00:00,,,,,,,,0.79,0.79,,0.0,0,False
2026-04-04 10:05:00+00:00,,,,,,,,0.79,0.79,,0.0,0,False
2026-04-04 10:05:30+00:00,,,,,,,,0.79,0.79,,0.0,0,False
2026-04-04 10:06:00+00:00,,,,,,,,0.79,0.79,,0.0,0,False
2026-04-04 10:06:30+00:00,,,,,,,,0.8000000000000002,0.8,,30.0,2,False
2026-04-04 10:07:00+00:00,,,,,,,,0.8000000000000002,0.8,,0.0,0,False
2026-04-04 10:07:30+00:00,,,,,,,,0.8000000000000002,0.8,,0.0,0,False
2026-04-04 10:08:00+00:00,,,,,,,,0.8000000000000002,0.8,,0.0,0,False
2026-04-04 10:08:30+00:00,,,,,,,,0.8000000000000002,0.8,,0.0,0,False
2026-04-04 10:09:00+00:00,,,,,,,,0.8000000000000002,0.8,,0.0,0,False
2026-04-04 10:09:30+00:00,,,,,,,,0.8000000000000002,0.8,,0.0,0,False
2026-04-04 10:10:00+00:00,,,,,,,,0.8000000000000002,0.8,,0.0,0,False
2026-04-04 10:10:30+00:00,,,,,,,,0.8000000000000002,0.8,,0.0,0,False
2026-04-04 10:11:00+00:00,,,,,,,,0.8000000000000002,0.8,,0.0,0,False
2026-04-04 10:11:30+00:00,,,,,,,,0.8000000000000002,0.8,,0.0,0,False
2026-04-04 10:12:00+00:00,,,,,,,,0.8000000000000002,0.8,,0.0,0,False
2026-04-04 10:12:30+00:00,,,,,,,,0.8000000000000002,0.8,,0.0,0,False
2026-04-04 10:13:00+00:00,,,,,,,,0.8000000000000002,0.8,,0.0,0,False
2026-04-04 10:13:30+00:00,,,,,,,,0.8000000000000002,0.8,,0.0,0,False
2026-04-04 10:14:00+00:00,,,,,,,,0.8000000000000002,0.8,,0.0,0,False
2026-04-04 10:14:30+00:00,,,,,,,,0.8000000000000002,0.8,,0.0,0,False
2026-04-04 10:15:00+00:00,,,,,,,,0.8000000000000002,0.8,,0.0,0,False
2026-04-04 10:15:30+00:00,,,,,,,,0.8000000000000002,0.8,,0.0,0,False
2026-04-04 10:16:00+00:00,,,,,,,,0.8000000000000002,0.8,,0.0,0,False
2026-04-04 10:16:30+00:00,,,,,,,,0.8000000000000002,0.8,,0.0,0,False
2026-04-04 10:17:00+00:00,,,,,,,,0.8000000000000002,0.8,,0.0,0,False
2026-04-04 10:17:30+00:00,,,,,,,,0.8000000000000002,0.8,,0.0,0,False
2026-04-04 10:18:00+00:00,,,,,,,,0.8000000000000002,0.8,,0.0,0,False
2026-04-04 10:18:30+00:00,,,,,,,,0.8000000000000002,0.8,,0.0,0,False
2026-04-04 10:19:00+00:00,,,,,,,,0.8000000000000002,0.8,,0.0,0,False
2026-04-04 10:19:30+00:00,,,,,,,,0.8000000000000002,0.8,,0.0,0,False
2026-04-04 10:20:00+00:00,,,,,,,,0.8000000000000002,0.8,,0.0,0,False
2026-04-04 10:20:30+00:00,,,,,,,,0.8000000000000002,0.8,,0.0,0,False
2026-04-04 10:21:00+00:00,,,,,,,,0.8000000000000002,0.8,,0.0,0,False
2026-04-04 10:21:30+00:00,,,,,,,,0.8000000000000002,0.8,,0.0,0,False
2026-04-04 10:22:00+00:00,,,,,,,,0.81,0.81,,62.0,1,False
2026-04-04 10:22:30+00:00,,,,,,,,0.81,0.81,,0.0,0,False
2026-04-04 10:23:00+00:00,,,,,,,,0.81,0.81,,0.0,0,False
2026-04-04 10:23:30+00:00,,,,,,,,0.81,0.81,,0.0,0,False
2026-04-04 10:24:00+00:00,,,,,,,,0.81,0.81,,0.0,0,False
2026-04-04 10:24:30+00:00,,,,,,,,0.81,0.81,,0.0,0,False
2026-04-04 10:25:00+00:00,,,,,,,,0.81,0.81,,0.0,0,False
2026-04-04 10:25:30+00:00,,,,,,,,0.81,0.81,,0.0,0,False
2026-04-04 10:26:00+00:00,,,,,,,,0.81,0.81,,0.0,0,False
2026-04-04 10:26:30+00:00,,,,,,,,0.81,0.81,,0.0,0,False
2026-04-04 10:27:00+00:00,,,,,,,,0.81,0.81,,12.0,1,False
2026-04-04 10:27:30+00:00,,,,,,,,0.81,0.81,,0.0,0,False
2026-04-04 10:28:00+00:00,,,,,,,,0.81,0.81,,0.0,0,False
2026-04-04 10:28:30+00:00,,,,,,,,0.81,0.81,,0.0,0,False
2026-04-04 10:29:00+00:00,,,,,,,,0.81,0.81,,0.0,0,False
2026-04-04 10:29:30+00:00,,,,,,,,0.81,0.81,,0.0,0,False
2026-04-04 10:30:00+00:00,,,,,,,,0.81,0.81,,0.0,0,False
2026-04-04 10:30:30+00:00,,,,,,,,0.81,0.81,,0.0,0,False
2026-04-04 10:31:00+00:00,,,,,,,,0.81,0.81,,0.0,0,False
2026-04-04 10:31:30+00:00,,,,,,,,0.81,0.81,,0.0,0,False
2026-04-04 10:32:00+00:00,,,,,,,,0.81,0.81,,0.0,0,False
2026-04-04 10:32:30+00:00,,,,,,,,0.81,0.81,,0.0,0,False
2026-04-04 10:33:00+00:00,,,,,,,,0.81,0.81,,0.0,0,False
2026-04-04 10:33:30+00:00,,,,,,,,0.81,0.81,,0.0,0,False
2026-04-04 10:34:00+00:00,,,,,,,,0.79,0.79,,4.0,1,False
2026-04-04 10:34:30+00:00,,,,,,,,0.79,0.79,,0.0,0,False
2026-04-04 10:35:00+00:00,,,,,,,,0.79,0.79,,0.0,0,False
2026-04-04 10:35:30+00:00,,,,,,,,0.79,0.79,,0.0,0,False
2026-04-04 10:36:00+00:00,,,,,,,,0.79,0.79,,0.0,0,False
2026-04-04 10:36:30+00:00,,,,,,,,0.79,0.79,,0.0,0,False
2026-04-04 10:37:00+00:00,,,,,,,,0.79,0.79,,0.0,0,False
2026-04-04 10:37:30+00:00,,,,,,,,0.79,0.79,,0.0,0,False
2026-04-04 10:38:00+00:00,,,,,,,,0.79,0.79,,0.0,0,False
2026-04-04 10:38:30+00:00,,,,,,,,0.79,0.79,,0.0,0,False
2026-04-04 10:39:00+00:00,,,,,,,,0.79,0.79,,0.0,0,False
2026-04-04 10:39:30+00:00,,,,,,,,0.79,0.79,,0.0,0,False
2026-04-04 10:40:00+00:00,,,,,,,,0.79,0.79,,0.0,0,False
2026-04-04 10:40:30+00:00,,,,,,,,0.79,0.79,,0.0,0,False
2026-04-04 10:41:00+00:00,,,,,,,,0.79,0.79,,0.0,0,False
2026-04-04 10:41:30+00:00,,,,,,,,0.79,0.79,,0.0,0,False
2026-04-04 10:42:00+00:00,,,,,,,,0.79,0.79,,0.0,0,False
2026-04-04 10:42:30+00:00,,,,,,,,0.79,0.79,,0.0,0,False
2026-04-04 10:43:00+00:00,,,,,,,,0.79,0.79,,0.0,0,False
2026-04-04 10:43:30+00:00,,,,,,,,0.79,0.79,,0.0,0,False
2026-04-04 10:44:00+00:00,,,,,,,,0.79,0.79,,0.0,0,False
2026-04-04 10:44:30+00:00,,,,,,,,0.79,0.79,,0.0,0,False
2026-04-04 10:45:00+00:00,,,,,,,,0.79,0.79,,0.0,0,False
2026-04-04 10:45:30+00:00,,,,,,,,0.79,0.79,,0.0,0,False
2026-04-04 10:46:00+00:00,,,,,,,,0.79,0.79,,0.0,0,False
2026-04-04 10:46:30+00:00,,,,,,,,0.79,0.79,,0.0,0,False
2026-04-04 10:47:00+00:00,,,,,,,,0.79,0.79,,0.0,0,False
2026-04-04 10:47:30+00:00,,,,,,,,0.79,0.79,,0.0,0,False
2026-04-04 10:48:00+00:00,,,,,,,,0.81,0.81,,24.0,1,False
2026-04-04 10:48:30+00:00,,,,,,,,0.81,0.81,,2.0,1,False
2026-04-04 10:49:00+00:00,,,,,,,,0.81,0.81,,0.0,0,False
2026-04-04 10:49:30+00:00,,,,,,,,0.81,0.81,,300.0,2,False
2026-04-04 10:50:00+00:00,,,,,,,,0.81,0.81,,0.0,0,False
2026-04-04 10:50:30+00:00,,,,,,,,0.81,0.81,,0.0,0,False
2026-04-04 10:51:00+00:00,,,,,,,,0.81,0.81,,0.0,0,False
2026-04-04 10:51:30+00:00,,,,,,,,0.81,0.81,,0.0,0,False
2026-04-04 10:52:00+00:00,,,,,,,,0.81,0.81,,0.0,0,False
2026-04-04 10:52:30+00:00,,,,,,,,0.81,0.81,,0.0,0,False
2026-04-04 10:53:00+00:00,,,,,,,,0.81,0.81,,0.0,0,False
2026-04-04 10:53:30+00:00,,,,,,,,0.81,0.81,,0.0,0,False
2026-04-04 10:54:00+00:00,,,,,,,,0.81,0.81,,0.0,0,False
2026-04-04 10:54:30+00:00,,,,,,,,0.81,0.81,,0.0,0,False
2026-04-04 10:55:00+00:00,,,,,,,,0.81,0.81,,0.0,0,False
2026-04-04 10:55:30+00:00,,,,,,,,0.81,0.81,,0.0,0,False
2026-04-04 10:56:00+00:00,,,,,,,,0.81,0.81,,0.0,0,False
2026-04-04 10:56:30+00:00,,,,,,,,0.81,0.81,,0.0,0,False
2026-04-04 10:57:00+00:00,,,,,,,,0.81,0.81,,0.0,0,False
2026-04-04 10:57:30+00:00,,,,,,,,0.81,0.81,,0.0,0,False
2026-04-04 10:58:00+00:00,,,,,,,,0.81,0.81,,0.0,0,False
2026-04-04 10:58:30+00:00,,,,,,,,0.81,0.81,,0.0,0,False
2026-04-04 10:59:00+00:00,,,,,,,,0.81,0.81,,0.0,0,False
2026-04-04 10:59:30+00:00,,,,,,,,0.81,0.81,,0.0,0,False
2026-04-04 11:00:00+00:00,,,,,,,,0.81,0.81,,0.0,0,False
2026-04-04 11:00:30+00:00,,,,,,,,0.81,0.81,,0.0,0,False
2026-04-04 11:01:00+00:00,,,,,,,,0.81,0.81,,0.0,0,False
2026-04-04 11:01:30+00:00,,,,,,,,0.81,0.81,,0.0,0,False
2026-04-04 11:02:00+00:00,,,,,,,,0.81,0.81,,0.0,0,False
2026-04-04 11:02:30+00:00,,,,,,,,0.81,0.81,,0.0,0,False
2026-04-04 11:03:00+00:00,,,,,,,,0.81,0.81,,0.0,0,False
2026-04-04 11:03:30+00:00,,,,,,,,0.81,0.81,,0.0,0,False
2026-04-04 11:04:00+00:00,,,,,,,,0.81,0.81,,0.0,0,False
2026-04-04 11:04:30+00:00,,,,,,,,0.81,0.81,,0.0,0,False
2026-04-04 11:05:00+00:00,,,,,,,,0.81,0.81,,0.0,0,False
2026-04-04 11:05:30+00:00,,,,,,,,0.81,0.81,,0.0,0,False
2026-04-04 11:06:00+00:00,,,,,,,,0.81,0.81,,0.0,0,False
2026-04-04 11:06:30+00:00,,,,,,,,0.81,0.81,,0.0,0,False
2026-04-04 11:07:00+00:00,,,,,,,,0.81,0.81,,0.0,0,False
2026-04-04 11:07:30+00:00,,,,,,,,0.81,0.81,,0.0,0,False
2026-04-04 11:08:00+00:00,,,,,,,,0.81,0.81,,0.0,0,False
2026-04-04 11:08:30+00:00,,,,,,,,0.81,0.81,,0.0,0,False
2026-04-04 11:09:00+00:00,,,,,,,,0.81,0.81,,0.0,0,False
2026-04-04 11:09:30+00:00,,,,,,,,0.81,0.81,,0.0,0,False
2026-04-04 11:10:00+00:00,,,,,,,,0.81,0.81,,0.0,0,False
2026-04-04 11:10:30+00:00,,,,,,,,0.81,0.81,,0.0,0,False
2026-04-04 11:11:00+00:00,,,,,,,,0.81,0.81,,0.0,0,False
2026-04-04 11:11:30+00:00,,,,,,,,0.81,0.81,,0.0,0,False
2026-04-04 11:12:00+00:00,,,,,,,,0.81,0.81,,0.0,0,False
2026-04-04 11:12:30+00:00,,,,,,,,0.81,0.81,,0.0,0,False
2026-04-04 11:13:00+00:00,,,,,,,,0.81,0.81,,0.0,0,False
2026-04-04 11:13:30+00:00,,,,,,,,0.81,0.81,,0.0,0,False
2026-04-04 11:14:00+00:00,,,,,,,,0.81,0.81,,0.0,0,False
2026-04-04 11:14:30+00:00,,,,,,,,0.81,0.81,,0.0,0,False
2026-04-04 11:15:00+00:00,,,,,,,,0.81,0.81,,0.0,0,False
2026-04-04 11:15:30+00:00,,,,,,,,0.81,0.81,,0.0,0,False
2026-04-04 11:16:00+00:00,,,,,,,,0.81,0.81,,0.0,0,False
2026-04-04 11:16:30+00:00,,,,,,,,0.81,0.81,,0.0,0,False
2026-04-04 11:17:00+00:00,,,,,,,,0.81,0.81,,0.0,0,False
2026-04-04 11:17:30+00:00,,,,,,,,0.81,0.81,,0.0,0,False
2026-04-04 11:18:00+00:00,,,,,,,,0.81,0.81,,0.0,0,False
2026-04-04 11:18:30+00:00,,,,,,,,0.81,0.81,,0.0,0,False
2026-04-04 11:19:00+00:00,,,,,,,,0.81,0.81,,0.0,0,False
2026-04-04 11:19:30+00:00,,,,,,,,0.81,0.81,,0.0,0,False
2026-04-04 11:20:00+00:00,,,,,,,,0.81,0.81,,0.0,0,False
2026-04-04 11:20:30+00:00,,,,,,,,0.81,0.81,,0.0,0,False
2026-04-04 11:21:00+00:00,,,,,,,,0.81,0.81,,0.0,0,False
2026-04-04 11:21:30+00:00,,,,,,,,0.80832,0.8,,500.0,3,False
2026-04-04 11:22:00+00:00,,,,,,,,0.80832,0.8,,0.0,0,False
2026-04-04 11:22:30+00:00,,,,,,,,0.80832,0.8,,0.0,0,False
2026-04-04 11:23:00+00:00,,,,,,,,0.80832,0.8,,0.0,0,False
2026-04-04 11:23:30+00:00,,,,,,,,0.80832,0.8,,0.0,0,False
2026-04-04 11:24:00+00:00,,,,,,,,0.80832,0.8,,0.0,0,False
2026-04-04 11:24:30+00:00,,,,,,,,0.80832,0.8,,0.0,0,False
2026-04-04 11:25:00+00:00,,,,,,,,0.81,0.81,,1.0,1,False
2026-04-04 11:25:30+00:00,,,,,,,,0.79,0.79,,1.0,1,False
2026-04-04 11:26:00+00:00,,,,,,,,0.79,0.79,,0.0,0,False
2026-04-04 11:26:30+00:00,,,,,,,,0.79,0.79,,0.0,0,False
2026-04-04 11:27:00+00:00,,,,,,,,0.79,0.79,,0.0,0,False
2026-04-04 11:27:30+00:00,,,,,,,,0.79,0.79,,0.0,0,False
2026-04-04 11:28:00+00:00,,,,,,,,0.79,0.79,,0.0,0,False
2026-04-04 11:28:30+00:00,,,,,,,,0.79,0.79,,0.0,0,False
2026-04-04 11:29:00+00:00,,,,,,,,0.81,0.81,,120.0,1,False
2026-04-04 11:29:30+00:00,,,,,,,,0.81,0.81,,0.0,0,False
2026-04-04 11:30:00+00:00,,,,,,,,0.81,0.81,,0.0,0,False
2026-04-04 11:30:30+00:00,,,,,,,,0.81,0.81,,0.0,0,False
2026-04-04 11:31:00+00:00,,,,,,,,0.81,0.81,,0.0,0,False
2026-04-04 11:31:30+00:00,,,,,,,,0.81,0.81,,0.0,0,False
2026-04-04 11:32:00+00:00,,,,,,,,0.81,0.81,,73.0,1,False
2026-04-04 11:32:30+00:00,,,,,,,,0.81,0.81,,0.0,0,False
2026-04-04 11:33:00+00:00,,,,,,,,0.81,0.81,,0.0,0,False
2026-04-04 11:33:30+00:00,,,,,,,,0.81,0.81,,0.0,0,False
2026-04-04 11:34:00+00:00,,,,,,,,0.81,0.81,,0.0,0,False
2026-04-04 11:34:30+00:00,,,,,,,,0.81,0.81,,0.0,0,False
2026-04-04 11:35:00+00:00,,,,,,,,0.81,0.81,,0.0,0,False
2026-04-04 11:35:30+00:00,,,,,,,,0.81,0.81,,0.0,0,False
2026-04-04 11:36:00+00:00,,,,,,,,0.81,0.81,,0.0,0,False
2026-04-04 11:36:30+00:00,,,,,,,,0.81,0.81,,0.0,0,False
2026-04-04 11:37:00+00:00,,,,,,,,0.81,0.81,,0.0,0,False
2026-04-04 11:37:30+00:00,,,,,,,,0.81,0.81,,0.0,0,False
2026-04-04 11:38:00+00:00,,,,,,,,0.81,0.81,,0.0,0,False
2026-04-04 11:38:30+00:00,,,,,,,,0.81,0.81,,0.0,0,False
2026-04-04 11:39:00+00:00,,,,,,,,0.81,0.81,,0.0,0,False
2026-04-04 11:39:30+00:00,,,,,,,,0.81,0.81,,0.0,0,False
2026-04-04 11:40:00+00:00,,,,,,,,0.81,0.81,,0.0,0,False
2026-04-04 11:40:30+00:00,,,,,,,,0.81,0.81,,0.0,0,False
2026-04-04 11:41:00+00:00,,,,,,,,0.81,0.81,,0.0,0,False
2026-04-04 11:41:30+00:00,,,,,,,,0.81,0.81,,0.0,0,False
2026-04-04 11:42:00+00:00,,,,,,,,0.81,0.81,,0.0,0,False
2026-04-04 11:42:30+00:00,,,,,,,,0.81,0.81,,0.0,0,False
2026-04-04 11:43:00+00:00,,,,,,,,0.81,0.81,,0.0,0,False
2026-04-04 11:43:30+00:00,,,,,,,,0.8100000000000002,0.81,,10.0,1,False
2026-04-04 11:44:00+00:00,,,,,,,,0.8100000000000002,0.81,,0.0,0,False
2026-04-04 11:44:30+00:00,,,,,,,,0.8100000000000002,0.81,,0.0,0,False
2026-04-04 11:45:00+00:00,,,,,,,,0.8100000000000002,0.81,,0.0,0,False
2026-04-04 11:45:30+00:00,,,,,,,,0.8100000000000002,0.81,,0.0,0,False
2026-04-04 11:46:00+00:00,,,,,,,,0.81,0.81,,1.0,1,False
2026-04-04 11:46:30+00:00,,,,,,,,0.81,0.81,,0.0,0,False
2026-04-04 11:47:00+00:00,,,,,,,,0.81,0.81,,0.0,0,False
2026-04-04 11:47:30+00:00,,,,,,,,0.81,0.81,,0.0,0,False
2026-04-04 11:48:00+00:00,,,,,,,,0.79,0.79,,24.0,1,False
2026-04-04 11:48:30+00:00,,,,,,,,0.79,0.79,,0.0,0,False
2026-04-04 11:49:00+00:00,,,,,,,,0.79,0.79,,0.0,0,False
2026-04-04 11:49:30+00:00,,,,,,,,0.79,0.79,,0.0,0,False
2026-04-04 11:50:00+00:00,,,,,,,,0.79,0.79,,0.0,0,False
2026-04-04 11:50:30+00:00,,,,,,,,0.79,0.79,,0.0,0,False
2026-04-04 11:51:00+00:00,,,,,,,,0.79,0.79,,0.0,0,False
2026-04-04 11:51:30+00:00,,,,,,,,0.79,0.79,,0.0,0,False
2026-04-04 11:52:00+00:00,,,,,,,,0.79,0.79,,0.0,0,False
2026-04-04 11:52:30+00:00,,,,,,,,0.79,0.79,,0.0,0,False
2026-04-04 11:53:00+00:00,,,,,,,,0.79,0.79,,0.0,0,False
2026-04-04 11:53:30+00:00,,,,,,,,0.81,0.81,,36.0,1,False
2026-04-04 11:54:00+00:00,,,,,,,,0.81,0.81,,0.0,0,False
2026-04-04 11:54:30+00:00,,,,,,,,0.81,0.81,,0.0,0,False
2026-04-04 11:55:00+00:00,,,,,,,,0.81,0.81,,0.0,0,False
2026-04-04 11:55:30+00:00,,,,,,,,0.81,0.81,,0.0,0,False
2026-04-04 11:56:00+00:00,,,,,,,,0.81,0.81,,0.0,0,False
2026-04-04 11:56:30+00:00,,,,,,,,0.81,0.81,,0.0,0,False
2026-04-04 11:57:00+00:00,,,,,,,,0.81,0.81,,0.0,0,False
2026-04-04 11:57:30+00:00,,,,,,,,0.81,0.81,,0.0,0,False
2026-04-04 11:58:00+00:00,,,,,,,,0.81,0.81,,0.0,0,False
2026-04-04 11:58:30+00:00,,,,,,,,0.81,0.81,,0.0,0,False
2026-04-04 11:59:00+00:00,,,,,,,,0.81,0.81,,0.0,0,False
2026-04-04 11:59:30+00:00,,,,,,,,0.81,0.81,,0.0,0,False
2026-04-04 12:00:00+00:00,,,,,,,,0.81,0.81,,0.0,0,False
2026-04-04 12:00:30+00:00,,,,,,,,0.81,0.81,,0.0,0,False
2026-04-04 12:01:00+00:00,,,,,,,,0.79,0.79,,21.0,1,False
2026-04-04 12:01:30+00:00,,,,,,,,0.79,0.79,,0.0,0,False
2026-04-04 12:02:00+00:00,,,,,,,,0.79,0.79,,0.0,0,False
2026-04-04 12:02:30+00:00,,,,,,,,0.79,0.79,,12.0,1,False
2026-04-04 12:03:00+00:00,,,,,,,,0.79,0.79,,4.0,1,False
2026-04-04 12:03:30+00:00,,,,,,,,0.79,0.79,,0.0,0,False
2026-04-04 12:04:00+00:00,,,,,,,,0.79,0.79,,0.0,0,False
2026-04-04 12:04:30+00:00,,,,,,,,0.81,0.81,,304.0,2,False
2026-04-04 12:05:00+00:00,,,,,,,,0.81,0.81,,0.0,0,False
2026-04-04 12:05:30+00:00,,,,,,,,0.81,0.81,,0.0,0,False
2026-04-04 12:06:00+00:00,,,,,,,,0.81,0.81,,0.0,0,False
2026-04-04 12:06:30+00:00,,,,,,,,0.81,0.81,,0.0,0,False
2026-04-04 12:07:00+00:00,,,,,,,,0.81,0.81,,0.0,0,False
2026-04-04 12:07:30+00:00,,,,,,,,0.81,0.81,,0.0,0,False
2026-04-04 12:08:00+00:00,,,,,,,,0.81,0.81,,0.0,0,False
2026-04-04 12:08:30+00:00,,,,,,,,0.81,0.81,,0.0,0,False
2026-04-04 12:09:00+00:00,,,,,,,,0.81,0.81,,0.0,0,False
2026-04-04 12:09:30+00:00,,,,,,,,0.8100000000000002,0.81,,506.0,4,False
2026-04-04 12:10:00+00:00,,,,,,,,0.8100000000000002,0.81,,0.0,0,False
2026-04-04 12:10:30+00:00,,,,,,,,0.8000000000000002,0.8,,24.0,1,False
2026-04-04 12:11:00+00:00,,,,,,,,0.8025000000000001,0.8,,4.0,2,False
2026-04-04 12:11:30+00:00,,,,,,,,0.8025000000000001,0.8,,0.0,0,False
2026-04-04 12:12:00+00:00,,,,,,,,0.8025000000000001,0.8,,0.0,0,False
2026-04-04 12:12:30+00:00,,,,,,,,0.8025000000000001,0.8,,0.0,0,False
2026-04-04 12:13:00+00:00,,,,,,,,0.8099999999999999,0.81,,110.0,2,False
2026-04-04 12:13:30+00:00,,,,,,,,0.81,0.81,,60.0,1,False
2026-04-04 12:14:00+00:00,,,,,,,,0.81,0.81,,0.0,0,False
2026-04-04 12:14:30+00:00,,,,,,,,0.81,0.81,,90.0,1,False
2026-04-04 12:15:00+00:00,,,,,,,,0.81,0.81,,0.0,0,False
2026-04-04 12:15:30+00:00,,,,,,,,0.81,0.81,,0.0,0,False
2026-04-04 12:16:00+00:00,,,,,,,,0.81,0.81,,0.0,0,False
2026-04-04 12:16:30+00:00,,,,,,,,0.8131666666666667,0.81,,60.0,2,False
2026-04-04 12:17:00+00:00,,,,,,,,0.8131666666666667,0.81,,0.0,0,False
2026-04-04 12:17:30+00:00,,,,,,,,0.8131666666666667,0.81,,0.0,0,False
2026-04-04 12:18:00+00:00,,,,,,,,0.8100000000000002,0.81,,5.0,1,False
2026-04-04 12:18:30+00:00,,,,,,,,0.8100000000000002,0.81,,0.0,0,False
2026-04-04 12:19:00+00:00,,,,,,,,0.8100000000000002,0.81,,0.0,0,False
2026-04-04 12:19:30+00:00,,,,,,,,0.8100000000000002,0.81,,0.0,0,False
2026-04-04 12:20:00+00:00,,,,,,,,0.8100000000000002,0.81,,0.0,0,False
2026-04-04 12:20:30+00:00,,,,,,,,0.81,0.81,,26.0,1,False
2026-04-04 12:21:00+00:00,,,,,,,,0.81,0.81,,0.0,0,False
2026-04-04 12:21:30+00:00,,,,,,,,0.81,0.81,,0.0,0,False
2026-04-04 12:22:00+00:00,,,,,,,,0.81,0.81,,0.0,0,False
2026-04-04 12:22:30+00:00,,,,,,,,0.81,0.81,,0.0,0,False
2026-04-04 12:23:00+00:00,,,,,,,,0.81,0.81,,0.0,0,False
2026-04-04 12:23:30+00:00,,,,,,,,0.81,0.81,,0.0,0,False
2026-04-04 12:24:00+00:00,,,,,,,,0.81,0.81,,0.0,0,False
2026-04-04 12:24:30+00:00,,,,,,,,0.81,0.81,,361.0,2,False
2026-04-04 12:25:00+00:00,,,,,,,,0.81,0.81,,0.0,0,False
2026-04-04 12:25:30+00:00,,,,,,,,0.81,0.81,,0.0,0,False
2026-04-04 12:26:00+00:00,,,,,,,,0.81,0.81,,0.0,0,False
2026-04-04 12:26:30+00:00,,,,,,,,0.81,0.81,,0.0,0,False
2026-04-04 12:27:00+00:00,,,,,,,,0.81,0.81,,1.0,1,False
2026-04-04 12:27:30+00:00,,,,,,,,0.81,0.81,,0.0,0,False
2026-04-04 12:28:00+00:00,,,,,,,,0.81,0.81,,0.0,0,False
2026-04-04 12:28:30+00:00,,,,,,,,0.81,0.81,,0.0,0,False
2026-04-04 12:29:00+00:00,,,,,,,,0.81,0.81,,0.0,0,False
2026-04-04 12:29:30+00:00,,,,,,,,0.81,0.81,,0.0,0,False
2026-04-04 12:30:00+00:00,,,,,,,,0.81,0.81,,0.0,0,False
2026-04-04 12:30:30+00:00,,,,,,,,0.81,0.81,,0.0,0,False
2026-04-04 12:31:00+00:00,,,,,,,,0.81,0.81,,0.0,0,False
2026-04-04 12:31:30+00:00,,,,,,,,0.81,0.81,,0.0,0,False
2026-04-04 12:32:00+00:00,,,,,,,,0.8,0.8,,4.0,1,False
2026-04-04 12:32:30+00:00,,,,,,,,0.8,0.8,,0.0,0,False
2026-04-04 12:33:00+00:00,,,,,,,,0.8,0.8,,0.0,0,False
2026-04-04 12:33:30+00:00,,,,,,,,0.8,0.8,,0.0,0,False
2026-04-04 12:34:00+00:00,,,,,,,,0.8,0.8,,0.0,0,False
2026-04-04 12:34:30+00:00,,,,,,,,0.8,0.8,,0.0,0,False
2026-04-04 12:35:00+00:00,,,,,,,,0.81,0.81,,126.0,2,False
2026-04-04 12:35:30+00:00,,,,,,,,0.81,0.81,,0.0,0,False
2026-04-04 12:36:00+00:00,,,,,,,,0.81,0.81,,0.0,0,False
2026-04-04 12:36:30+00:00,,,,,,,,0.81,0.81,,0.0,0,False
2026-04-04 12:37:00+00:00,,,,,,,,0.81,0.81,,0.0,0,False
2026-04-04 12:37:30+00:00,,,,,,,,0.81,0.81,,0.0,0,False
2026-04-04 12:38:00+00:00,,,,,,,,0.81,0.81,,0.0,0,False
2026-04-04 12:38:30+00:00,,,,,,,,0.81,0.81,,0.0,0,False
2026-04-04 12:39:00+00:00,,,,,,,,0.81,0.81,,0.0,0,False
2026-04-04 12:39:30+00:00,,,,,,,,0.81,0.81,,0.0,0,False
2026-04-04 12:40:00+00:00,,,,,,,,0.81,0.81,,0.0,0,False
2026-04-04 12:40:30+00:00,,,,,,,,0.81,0.81,,0.0,0,False
2026-04-04 12:41:00+00:00,,,,,,,,0.81,0.81,,0.0,0,False
2026-04-04 12:41:30+00:00,,,,,,,,0.81,0.81,,0.0,0,False
2026-04-04 12:42:00+00:00,,,,,,,,0.81,0.81,,0.0,0,False
2026-04-04 12:42:30+00:00,,,,,,,,0.81,0.81,,0.0,0,False
2026-04-04 12:43:00+00:00,,,,,,,,0.81,0.81,,0.0,0,False
2026-04-04 12:43:30+00:00,,,,,,,,0.81,0.81,,361.0,3,False
2026-04-04 12:44:00+00:00,,,,,,,,0.81,0.81,,0.0,0,False
2026-04-04 12:44:30+00:00,,,,,,,,0.81,0.81,,0.0,0,False
2026-04-04 12:45:00+00:00,,,,,,,,0.81,0.81,,0.0,0,False
2026-04-04 12:45:30+00:00,,,,,,,,0.81,0.81,,0.0,0,False
2026-04-04 12:46:00+00:00,,,,,,,,0.81,0.81,,6.0,1,False
2026-04-04 12:46:30+00:00,,,,,,,,0.81,0.81,,0.0,0,False
2026-04-04 12:47:00+00:00,,,,,,,,0.81,0.81,,0.0,0,False
2026-04-04 12:47:30+00:00,,,,,,,,0.81,0.81,,0.0,0,False
2026-04-04 12:48:00+00:00,,,,,,,,0.81,0.81,,120.0,1,False
2026-04-04 12:48:30+00:00,,,,,,,,0.81,0.81,,0.0,0,False
2026-04-04 12:49:00+00:00,,,,,,,,0.81,0.81,,0.0,0,False
2026-04-04 12:49:30+00:00,,,,,,,,0.81,0.81,,0.0,0,False
2026-04-04 12:50:00+00:00,,,,,,,,0.81,0.81,,0.0,0,False
2026-04-04 12:50:30+00:00,,,,,,,,0.81,0.81,,0.0,0,False
2026-04-04 12:51:00+00:00,,,,,,,,0.81,0.81,,0.0,0,False
2026-04-04 12:51:30+00:00,,,,,,,,0.81,0.81,,0.0,0,False
2026-04-04 12:52:00+00:00,,,,,,,,0.81,0.81,,0.0,0,False
2026-04-04 12:52:30+00:00,,,,,,,,0.81,0.81,,0.0,0,False
2026-04-04 12:53:00+00:00,,,,,,,,0.81,0.81,,0.0,0,False
2026-04-04 12:53:30+00:00,,,,,,,,0.81,0.81,,0.0,0,False
2026-04-04 12:54:00+00:00,,,,,,,,0.81,0.81,,0.0,0,False
2026-04-04 12:54:30+00:00,,,,,,,,0.81,0.81,,0.0,0,False
2026-04-04 12:55:00+00:00,,,,,,,,0.81,0.81,,0.0,0,False
2026-04-04 12:55:30+00:00,,,,,,,,0.81,0.81,,0.0,0,False
2026-04-04 12:56:00+00:00,,,,,,,,0.81,0.81,,0.0,0,False
2026-04-04 12:56:30+00:00,,,,,,,,0.81,0.81,,0.0,0,False
2026-04-04 12:57:00+00:00,,,,,,,,0.81,0.81,,0.0,0,False
2026-04-04 12:57:30+00:00,,,,,,,,0.81,0.81,,120.0,1,False
2026-04-04 12:58:00+00:00,,,,,,,,0.81,0.81,,0.0,0,False
2026-04-04 12:58:30+00:00,,,,,,,,0.81,0.81,,0.0,0,False
2026-04-04 12:59:00+00:00,,,,,,,,0.81,0.81,,0.0,0,False
2026-04-04 12:59:30+00:00,,,,,,,,0.81,0.81,,0.0,0,False
2026-04-04 13:00:00+00:00,,,,,,,,0.81,0.81,,0.0,0,False
2026-04-04 13:00:30+00:00,,,,,,,,0.81,0.81,,0.0,0,False
2026-04-04 13:01:00+00:00,,,,,,,,0.81,0.81,,0.0,0,False
2026-04-04 13:01:30+00:00,,,,,,,,0.81,0.81,,0.0,0,False
2026-04-04 13:02:00+00:00,,,,,,,,0.81,0.81,,0.0,0,False
2026-04-04 13:02:30+00:00,,,,,,,,0.81,0.81,,12.0,1,False
2026-04-04 13:03:00+00:00,,,,,,,,0.81,0.81,,0.0,0,False
2026-04-04 13:03:30+00:00,,,,,,,,0.81,0.81,,0.0,0,False
2026-04-04 13:04:00+00:00,,,,,,,,0.81,0.81,,0.0,0,False
2026-04-04 13:04:30+00:00,,,,,,,,0.81,0.81,,0.0,0,False
2026-04-04 13:05:00+00:00,,,,,,,,0.81,0.81,,0.0,0,False
2026-04-04 13:05:30+00:00,,,,,,,,0.81,0.81,,0.0,0,False
2026-04-04 13:06:00+00:00,,,,,,,,0.81,0.81,,0.0,0,False
2026-04-04 13:06:30+00:00,,,,,,,,0.81,0.81,,0.0,0,False
2026-04-04 13:07:00+00:00,,,,,,,,0.81,0.81,,0.0,0,False
2026-04-04 13:07:30+00:00,,,,,,,,0.81,0.81,,0.0,0,False
2026-04-04 13:08:00+00:00,,,,,,,,0.81,0.81,,0.0,0,False
2026-04-04 13:08:30+00:00,,,,,,,,0.81,0.81,,0.0,0,False
2026-04-04 13:09:00+00:00,,,,,,,,0.81,0.81,,0.0,0,False
2026-04-04 13:09:30+00:00,,,,,,,,0.81,0.81,,0.0,0,False
2026-04-04 13:10:00+00:00,,,,,,,,0.81,0.81,,0.0,0,False
2026-04-04 13:10:30+00:00,,,,,,,,0.8100000000000002,0.81,,5.0,1,False
2026-04-04 13:11:00+00:00,,,,,,,,0.8,0.8,,9.0,1,False
2026-04-04 13:11:30+00:00,,,,,,,,0.8,0.8,,0.0,0,False
2026-04-04 13:12:00+00:00,,,,,,,,0.8,0.8,,0.0,0,False
2026-04-04 13:12:30+00:00,,,,,,,,0.8,0.8,,0.0,0,False
2026-04-04 13:13:00+00:00,,,,,,,,0.8,0.8,,0.0,0,False
2026-04-04 13:13:30+00:00,,,,,,,,0.8,0.8,,0.0,0,False
2026-04-04 13:14:00+00:00,,,,,,,,0.8,0.8,,0.0,0,False
2026-04-04 13:14:30+00:00,,,,,,,,0.8,0.8,,0.0,0,False
2026-04-04 13:15:00+00:00,,,,,,,,0.8,0.8,,0.0,0,False
2026-04-04 13:15:30+00:00,,,,,,,,0.8,0.8,,0.0,0,False
2026-04-04 13:16:00+00:00,,,,,,,,0.8,0.8,,0.0,0,False
2026-04-04 13:16:30+00:00,,,,,,,,0.8,0.8,,0.0,0,False
2026-04-04 13:17:00+00:00,,,,,,,,0.8,0.8,,0.0,0,False
2026-04-04 13:17:30+00:00,,,,,,,,0.8100000000000002,0.81,,6.0,2,False
2026-04-04 13:18:00+00:00,,,,,,,,0.8100000000000002,0.81,,0.0,0,False
2026-04-04 13:18:30+00:00,,,,,,,,0.8100000000000002,0.81,,0.0,0,False
2026-04-04 13:19:00+00:00,,,,,,,,0.8100000000000002,0.81,,0.0,0,False
2026-04-04 13:19:30+00:00,,,,,,,,0.81,0.81,,182.0,1,False
2026-04-04 13:20:00+00:00,,,,,,,,0.81,0.81,,0.0,0,False
2026-04-04 13:20:30+00:00,,,,,,,,0.81,0.81,,0.0,0,False
2026-04-04 13:21:00+00:00,,,,,,,,0.81,0.81,,0.0,0,False
2026-04-04 13:21:30+00:00,,,,,,,,0.81,0.81,,0.0,0,False
2026-04-04 13:22:00+00:00,,,,,,,,0.81,0.81,,0.0,0,False
2026-04-04 13:22:30+00:00,,,,,,,,0.81,0.81,,0.0,0,False
2026-04-04 13:23:00+00:00,,,,,,,,0.81,0.81,,0.0,0,False
2026-04-04 13:23:30+00:00,,,,,,,,0.81,0.81,,0.0,0,False
2026-04-04 13:24:00+00:00,,,,,,,,0.81,0.81,,0.0,0,False
2026-04-04 13:24:30+00:00,,,,,,,,0.81,0.81,,0.0,0,False
2026-04-04 13:25:00+00:00,,,,,,,,0.81,0.81,,0.0,0,False
2026-04-04 13:25:30+00:00,,,,,,,,0.81,0.81,,0.0,0,False
2026-04-04 13:26:00+00:00,,,,,,,,0.81,0.81,,0.0,0,False
2026-04-04 13:26:30+00:00,,,,,,,,0.81,0.81,,24.0,2,False
2026-04-04 13:27:00+00:00,,,,,,,,0.81,0.81,,0.0,0,False
2026-04-04 13:27:30+00:00,,,,,,,,0.81,0.81,,0.0,0,False
2026-04-04 13:28:00+00:00,,,,,,,,0.81,0.81,,0.0,0,False
2026-04-04 13:28:30+00:00,,,,,,,,0.81,0.81,,0.0,0,False
2026-04-04 13:29:00+00:00,,,,,,,,0.81,0.81,,19.0,1,False
2026-04-04 13:29:30+00:00,,,,,,,,0.81,0.81,,0.0,0,False
2026-04-04 13:30:00+00:00,,,,,,,,0.81,0.81,,0.0,0,False
2026-04-04 13:30:30+00:00,,,,,,,,0.81,0.81,,0.0,0,False
2026-04-04 13:31:00+00:00,,,,,,,,0.81,0.81,,0.0,0,False
2026-04-04 13:31:30+00:00,,,,,,,,0.81,0.81,,0.0,0,False
2026-04-04 13:32:00+00:00,,,,,,,,0.81,0.81,,0.0,0,False
2026-04-04 13:32:30+00:00,,,,,,,,0.81,0.81,,0.0,0,False
2026-04-04 13:33:00+00:00,,,,,,,,0.81,0.81,,0.0,0,False
2026-04-04 13:33:30+00:00,,,,,,,,0.8,0.8,,25.0,1,False
2026-04-04 13:34:00+00:00,,,,,,,,0.8,0.8,,0.0,0,False
2026-04-04 13:34:30+00:00,,,,,,,,0.8,0.8,,0.0,0,False
2026-04-04 13:35:00+00:00,,,,,,,,0.8,0.8,,0.0,0,False
2026-04-04 13:35:30+00:00,,,,,,,,0.8,0.8,,0.0,0,False
2026-04-04 13:36:00+00:00,,,,,,,,0.8,0.8,,9.0,1,False
2026-04-04 13:36:30+00:00,,,,,,,,0.8,0.8,,0.0,0,False
2026-04-04 13:37:00+00:00,,,,,,,,0.8,0.8,,0.0,0,False
2026-04-04 13:37:30+00:00,,,,,,,,0.8,0.8,,0.0,0,False
2026-04-04 13:38:00+00:00,,,,,,,,0.8100000000000002,0.81,,5.0,1,False
2026-04-04 13:38:30+00:00,,,,,,,,0.8100000000000002,0.81,,0.0,0,False
2026-04-04 13:39:00+00:00,,,,,,,,0.8100000000000002,0.81,,0.0,0,False
2026-04-04 13:39:30+00:00,,,,,,,,0.8100000000000002,0.81,,0.0,0,False
2026-04-04 13:40:00+00:00,,,,,,,,0.8100000000000002,0.81,,0.0,0,False
2026-04-04 13:40:30+00:00,,,,,,,,0.8000000000000002,0.8,,3.0,1,False
2026-04-04 13:41:00+00:00,,,,,,,,0.8000000000000002,0.8,,0.0,0,False
2026-04-04 13:41:30+00:00,,,,,,,,0.81,0.81,,1.0,1,False
2026-04-04 13:42:00+00:00,,,,,,,,0.81,0.81,,0.0,0,False
2026-04-04 13:42:30+00:00,,,,,,,,0.81,0.81,,0.0,0,False
2026-04-04 13:43:00+00:00,,,,,,,,0.8100000000000002,0.81,,60.0,3,False
2026-04-04 13:43:30+00:00,,,,,,,,0.8100000000000002,0.81,,0.0,0,False
2026-04-04 13:44:00+00:00,,,,,,,,0.8100000000000002,0.81,,0.0,0,False
2026-04-04 13:44:30+00:00,,,,,,,,0.8100000000000002,0.81,,0.0,0,False
2026-04-04 13:45:00+00:00,,,,,,,,0.8100000000000002,0.81,,0.0,0,False
2026-04-04 13:45:30+00:00,,,,,,,,0.8100000000000002,0.81,,0.0,0,False
2026-04-04 13:46:00+00:00,,,,,,,,0.8100000000000002,0.81,,0.0,0,False
2026-04-04 13:46:30+00:00,,,,,,,,0.8100000000000002,0.81,,0.0,0,False
2026-04-04 13:47:00+00:00,,,,,,,,0.8100000000000002,0.81,,0.0,0,False
2026-04-04 13:47:30+00:00,,,,,,,,0.8100000000000002,0.81,,0.0,0,False
2026-04-04 13:48:00+00:00,,,,,,,,0.81,0.81,,6.0,1,False
2026-04-04 13:48:30+00:00,,,,,,,,0.81,0.81,,0.0,0,False
2026-04-04 13:49:00+00:00,,,,,,,,0.81,0.81,,0.0,0,False
2026-04-04 13:49:30+00:00,,,,,,,,0.81,0.81,,0.0,0,False
2026-04-04 13:50:00+00:00,,,,,,,,0.81,0.81,,26.0,1,False
2026-04-04 13:50:30+00:00,,,,,,,,0.81,0.81,,0.0,0,False
2026-04-04 13:51:00+00:00,,,,,,,,0.81,0.81,,0.0,0,False
2026-04-04 13:51:30+00:00,,,,,,,,0.81,0.81,,0.0,0,False
2026-04-04 13:52:00+00:00,,,,,,,,0.81,0.81,,0.0,0,False
2026-04-04 13:52:30+00:00,,,,,,,,0.81,0.81,,0.0,0,False
2026-04-04 13:53:00+00:00,,,,,,,,0.81,0.81,,0.0,0,False
2026-04-04 13:53:30+00:00,,,,,,,,0.81,0.81,,0.0,0,False
2026-04-04 13:54:00+00:00,,,,,,,,0.81,0.81,,15.0,1,False
2026-04-04 13:54:30+00:00,,,,,,,,0.81,0.81,,0.0,0,False
2026-04-04 13:55:00+00:00,,,,,,,,0.81,0.81,,0.0,0,False
2026-04-04 13:55:30+00:00,,,,,,,,0.81,0.81,,425.0,1,False
2026-04-04 13:56:00+00:00,,,,,,,,0.81,0.81,,0.0,0,False
2026-04-04 13:56:30+00:00,,,,,,,,0.81,0.81,,0.0,0,False
2026-04-04 13:57:00+00:00,,,,,,,,0.81,0.81,,0.0,0,False
2026-04-04 13:57:30+00:00,,,,,,,,0.81,0.81,,0.0,0,False
2026-04-04 13:58:00+00:00,,,,,,,,0.81,0.81,,0.0,0,False
2026-04-04 13:58:30+00:00,,,,,,,,0.81,0.81,,0.0,0,False
2026-04-04 13:59:00+00:00,,,,,,,,0.81,0.81,,0.0,0,False
2026-04-04 13:59:30+00:00,,,,,,,,0.81,0.81,,0.0,0,False
2026-04-04 14:00:00+00:00,,,,,,,,0.81,0.81,,0.0,0,False
2026-04-04 14:00:30+00:00,,,,,,,,0.81,0.81,,0.0,0,False
2026-04-04 14:01:00+00:00,,,,,,,,0.81,0.81,,0.0,0,False
2026-04-04 14:01:30+00:00,,,,,,,,0.81,0.81,,0.0,0,False
2026-04-04 14:02:00+00:00,,,,,,,,0.81,0.81,,0.0,0,False
2026-04-04 14:02:30+00:00,,,,,,,,0.81,0.81,,0.0,0,False
2026-04-04 14:03:00+00:00,,,,,,,,0.81,0.81,,0.0,0,False
2026-04-04 14:03:30+00:00,,,,,,,,0.81,0.81,,0.0,0,False
2026-04-04 14:04:00+00:00,,,,,,,,0.81,0.81,,0.0,0,False
2026-04-04 14:04:30+00:00,,,,,,,,0.81,0.81,,0.0,0,False
2026-04-04 14:05:00+00:00,,,,,,,,0.79,0.79,,4.0,1,False
2026-04-04 14:05:30+00:00,,,,,,,,0.81,0.81,,95.0,1,False
2026-04-04 14:06:00+00:00,,,,,,,,0.81,0.81,,0.0,0,False
2026-04-04 14:06:30+00:00,,,,,,,,0.81,0.81,,0.0,0,False
2026-04-04 14:07:00+00:00,,,,,,,,0.81,0.81,,0.0,0,False
2026-04-04 14:07:30+00:00,,,,,,,,0.81,0.81,,0.0,0,False
2026-04-04 14:08:00+00:00,,,,,,,,0.81,0.81,,0.0,0,False
2026-04-04 14:08:30+00:00,,,,,,,,0.79,0.79,,1.0,1,False
2026-04-04 14:09:00+00:00,,,,,,,,0.79,0.79,,0.0,0,False
2026-04-04 14:09:30+00:00,,,,,,,,0.8137500000000001,0.82,,16.0,2,False
2026-04-04 14:10:00+00:00,,,,,,,,0.8137500000000001,0.82,,0.0,0,False
2026-04-04 14:10:30+00:00,,,,,,,,0.8137500000000001,0.82,,0.0,0,False
2026-04-04 14:11:00+00:00,,,,,,,,0.8137500000000001,0.82,,0.0,0,False
2026-04-04 14:11:30+00:00,,,,,,,,0.8137500000000001,0.82,,0.0,0,False
2026-04-04 14:12:00+00:00,,,,,,,,0.8137500000000001,0.82,,0.0,0,False
2026-04-04 14:12:30+00:00,,,,,,,,0.8137500000000001,0.82,,0.0,0,False
2026-04-04 14:13:00+00:00,,,,,,,,0.8137500000000001,0.82,,0.0,0,False
2026-04-04 14:13:30+00:00,,,,,,,,0.8137500000000001,0.82,,0.0,0,False
2026-04-04 14:14:00+00:00,,,,,,,,0.8137500000000001,0.82,,0.0,0,False
2026-04-04 14:14:30+00:00,,,,,,,,0.8137500000000001,0.82,,0.0,0,False
2026-04-04 14:15:00+00:00,,,,,,,,0.8137500000000001,0.82,,0.0,0,False
2026-04-04 14:15:30+00:00,,,,,,,,0.8137500000000001,0.82,,0.0,0,False
2026-04-04 14:16:00+00:00,,,,,,,,0.82,0.82,,30.0,1,False
2026-04-04 14:16:30+00:00,,,,,,,,0.8,0.8,,70.0,2,False
2026-04-04 14:17:00+00:00,,,,,,,,0.8,0.8,,0.0,0,False
2026-04-04 14:17:30+00:00,,,,,,,,0.82,0.82,,10.0,1,False
2026-04-04 14:18:00+00:00,,,,,,,,0.82,0.82,,0.0,0,False
2026-04-04 14:18:30+00:00,,,,,,,,0.82,0.82,,0.0,0,False
2026-04-04 14:19:00+00:00,,,,,,,,0.82,0.82,,0.0,0,False
2026-04-04 14:19:30+00:00,,,,,,,,0.82,0.82,,0.0,0,False
2026-04-04 14:20:00+00:00,,,,,,,,0.82,0.82,,0.0,0,False
2026-04-04 14:20:30+00:00,,,,,,,,0.82,0.82,,0.0,0,False
2026-04-04 14:21:00+00:00,,,,,,,,0.8,0.8,,21.0,1,False
2026-04-04 14:21:30+00:00,,,,,,,,0.8,0.8,,0.0,0,False
2026-04-04 14:22:00+00:00,,,,,,,,0.8,0.8,,0.0,0,False
2026-04-04 14:22:30+00:00,,,,,,,,0.8,0.8,,0.0,0,False
2026-04-04 14:23:00+00:00,,,,,,,,0.82,0.82,,59.0,1,False
2026-04-04 14:23:30+00:00,,,,,,,,0.82,0.82,,0.0,0,False
2026-04-04 14:24:00+00:00,,,,,,,,0.82,0.82,,23.0,1,False
2026-04-04 14:24:30+00:00,,,,,,,,0.82,0.82,,0.0,0,False
2026-04-04 14:25:00+00:00,,,,,,,,0.82,0.82,,2.0,1,False
2026-04-04 14:25:30+00:00,,,,,,,,0.82,0.82,,0.0,0,False
2026-04-04 14:26:00+00:00,,,,,,,,0.82,0.82,,0.0,0,False
2026-04-04 14:26:30+00:00,,,,,,,,0.82,0.82,,7.0,1,False
2026-04-04 14:27:00+00:00,,,,,,,,0.82,0.82,,0.0,0,False
2026-04-04 14:27:30+00:00,,,,,,,,0.82,0.82,,0.0,0,False
2026-04-04 14:28:00+00:00,,,,,,,,0.82,0.82,,2.0,1,False
2026-04-04 14:28:30+00:00,,,,,,,,0.82,0.82,,0.0,0,False
2026-04-04 14:29:00+00:00,,,,,,,,0.82,0.82,,214.0,2,False
2026-04-04 14:29:30+00:00,,,,,,,,0.82,0.82,,0.0,0,False
2026-04-04 14:30:00+00:00,,,,,,,,0.82,0.82,,0.0,0,False
2026-04-04 14:30:30+00:00,,,,,,,,0.82,0.82,,0.0,0,False
2026-04-04 14:31:00+00:00,,,,,,,,0.82,0.82,,0.0,0,False
2026-04-04 14:31:30+00:00,,,,,,,,0.82,0.82,,0.0,0,False
2026-04-04 14:32:00+00:00,,,,,,,,0.82,0.82,,0.0,0,False
2026-04-04 14:32:30+00:00,,,,,,,,0.82,0.82,,0.0,0,False
2026-04-04 14:33:00+00:00,,,,,,,,0.82,0.82,,0.0,0,False
2026-04-04 14:33:30+00:00,,,,,,,,0.82,0.82,,0.0,0,False
2026-04-04 14:34:00+00:00,,,,,,,,0.8,0.8,,4.0,1,False
2026-04-04 14:34:30+00:00,,,,,,,,0.82,0.82,,12.0,1,False
2026-04-04 14:35:00+00:00,,,,,,,,0.82,0.82,,0.0,0,False
2026-04-04 14:35:30+00:00,,,,,,,,0.82,0.82,,0.0,0,False
2026-04-04 14:36:00+00:00,,,,,,,,0.82,0.82,,0.0,0,False
2026-04-04 14:36:30+00:00,,,,,,,,0.82,0.82,,119.0,1,False
2026-04-04 14:37:00+00:00,,,,,,,,0.819349593495935,0.8,,123.0,2,False
2026-04-04 14:37:30+00:00,,,,,,,,0.819349593495935,0.8,,0.0,0,False
2026-04-04 14:38:00+00:00,,,,,,,,0.819349593495935,0.8,,0.0,0,False
2026-04-04 14:38:30+00:00,,,,,,,,0.819349593495935,0.8,,0.0,0,False
2026-04-04 14:39:00+00:00,,,,,,,,0.819349593495935,0.8,,0.0,0,False
2026-04-04 14:39:30+00:00,,,,,,,,0.819349593495935,0.8,,0.0,0,False
2026-04-04 14:40:00+00:00,,,,,,,,0.819349593495935,0.8,,0.0,0,False
2026-04-04 14:40:30+00:00,,,,,,,,0.819349593495935,0.8,,0.0,0,False
2026-04-04 14:41:00+00:00,,,,,,,,0.819349593495935,0.8,,0.0,0,False
2026-04-04 14:41:30+00:00,,,,,,,,0.819349593495935,0.8,,0.0,0,False
2026-04-04 14:42:00+00:00,,,,,,,,0.82,0.82,,12.0,1,False
2026-04-04 14:42:30+00:00,,,,,,,,0.82,0.82,,0.0,0,False
2026-04-04 14:43:00+00:00,,,,,,,,0.82,0.82,,0.0,0,False
2026-04-04 14:43:30+00:00,,,,,,,,0.8,0.8,,27.0,1,False
2026-04-04 14:44:00+00:00,,,,,,,,0.8,0.8,,0.0,0,False
2026-04-04 14:44:30+00:00,,,,,,,,0.8,0.8,,0.0,0,False
2026-04-04 14:45:00+00:00,,,,,,,,0.8,0.8,,0.0,0,False
2026-04-04 14:45:30+00:00,,,,,,,,0.8,0.8,,0.0,0,False
2026-04-04 14:46:00+00:00,,,,,,,,0.8,0.8,,0.0,0,False
2026-04-04 14:46:30+00:00,,,,,,,,0.82,0.82,,24.0,1,False
2026-04-04 14:47:00+00:00,,,,,,,,0.82,0.82,,0.0,0,False
2026-04-04 14:47:30+00:00,,,,,,,,0.79,0.79,,21.0,1,False
2026-04-04 14:48:00+00:00,,,,,,,,0.804909090909091,0.8,,55.0,3,False
2026-04-04 14:48:30+00:00,,,,,,,,0.7908533916849015,0.79,,2285.0,5,False
2026-04-04 14:49:00+00:00,,,,,,,,0.7897630331753555,0.8,,1055.0,8,False
2026-04-04 14:49:30+00:00,,,,,,,,0.7771428571428572,0.77,,70.0,3,False
2026-04-04 14:50:00+00:00,,,,,,,,0.771336898395722,0.77,,374.0,2,False
2026-04-04 14:50:30+00:00,,,,,,,,0.77,0.77,,3200.0,1,False
2026-04-04 14:51:00+00:00,,,,,,,,0.77,0.77,,0.0,0,False
2026-04-04 14:51:30+00:00,,,,,,,,0.77,0.77,,0.0,0,False
2026-04-04 14:52:00+00:00,,,,,,,,0.77,0.77,,0.0,0,False
2026-04-04 14:52:30+00:00,,,,,,,,0.77,0.77,,0.0,0,False
2026-04-04 14:53:00+00:00,,,,,,,,0.77,0.77,,0.0,0,False
2026-04-04 14:53:30+00:00,,,,,,,,0.77,0.77,,0.0,0,False
2026-04-04 14:54:00+00:00,,,,,,,,0.81,0.81,,6.0,1,False
2026-04-04 14:54:30+00:00,,,,,,,,0.81,0.81,,0.0,0,False
2026-04-04 14:55:00+00:00,,,,,,,,0.81,0.81,,0.0,0,False
2026-04-04 14:55:30+00:00,,,,,,,,0.81,0.81,,6.0,1,False
2026-04-04 14:56:00+00:00,,,,,,,,0.81,0.81,,0.0,0,False
2026-04-04 14:56:30+00:00,,,,,,,,0.77,0.77,,980.0,1,False
2026-04-04 14:57:00+00:00,,,,,,,,0.77,0.77,,0.0,0,False
2026-04-04 14:57:30+00:00,,,,,,,,0.77,0.77,,0.0,0,False
2026-04-04 14:58:00+00:00,,,,,,,,0.77,0.77,,0.0,0,False
2026-04-04 14:58:30+00:00,,,,,,,,0.77,0.77,,0.0,0,False
2026-04-04 14:59:00+00:00,,,,,,,,0.77,0.77,,0.0,0,False
2026-04-04 14:59:30+00:00,,,,,,,,0.77,0.77,,0.0,0,False
2026-04-04 15:00:00+00:00,,,,,,,,0.77,0.77,,0.0,0,False
2026-04-04 15:00:30+00:00,,,,,,,,0.77,0.77,,0.0,0,False
2026-04-04 15:01:00+00:00,,,,,,,,0.77,0.77,,0.0,0,False
2026-04-04 15:01:30+00:00,,,,,,,,0.77,0.77,,0.0,0,False
2026-04-04 15:02:00+00:00,,,,,,,,0.77,0.77,,0.0,0,False
2026-04-04 15:02:30+00:00,,,,,,,,0.77,0.77,,0.0,0,False
2026-04-04 15:03:00+00:00,,,,,,,,0.77,0.77,,0.0,0,False
2026-04-04 15:03:30+00:00,,,,,,,,0.77,0.77,,0.0,0,False
2026-04-04 15:04:00+00:00,,,,,,,,0.77,0.77,,0.0,0,False
2026-04-04 15:04:30+00:00,,,,,,,,0.77,0.77,,0.0,0,False
2026-04-04 15:05:00+00:00,,,,,,,,0.77,0.77,,0.0,0,False
2026-04-04 15:05:30+00:00,,,,,,,,0.77,0.77,,0.0,0,False
2026-04-04 15:06:00+00:00,,,,,,,,0.77,0.77,,0.0,0,False
2026-04-04 15:06:30+00:00,,,,,,,,0.77,0.77,,0.0,0,False
2026-04-04 15:07:00+00:00,,,,,,,,0.81,0.81,,42.0,2,False
2026-04-04 15:07:30+00:00,,,,,,,,0.81,0.81,,0.0,0,False
2026-04-04 15:08:00+00:00,,,,,,,,0.81,0.81,,0.0,0,False
2026-04-04 15:08:30+00:00,,,,,,,,0.81,0.81,,0.0,0,False
2026-04-04 15:09:00+00:00,,,,,,,,0.78,0.78,,41.0,1,False
2026-04-04 15:09:30+00:00,,,,,,,,0.78,0.78,,0.0,0,False
2026-04-04 15:10:00+00:00,,,,,,,,0.78,0.78,,0.0,0,False
2026-04-04 15:10:30+00:00,,,,,,,,0.78,0.78,,0.0,0,False
2026-04-04 15:11:00+00:00,,,,,,,,0.78,0.78,,0.0,0,False
2026-04-04 15:11:30+00:00,,,,,,,,0.78,0.78,,0.0,0,False
2026-04-04 15:12:00+00:00,,,,,,,,0.78,0.78,,0.0,0,False
2026-04-04 15:12:30+00:00,,,,,,,,0.78,0.78,,0.0,0,False
2026-04-04 15:13:00+00:00,,,,,,,,0.8000552486187845,0.78,,181.0,3,False
2026-04-04 15:13:30+00:00,,,,,,,,0.8000552486187845,0.78,,0.0,0,False
2026-04-04 15:14:00+00:00,,,,,,,,0.8000552486187845,0.78,,0.0,0,False
2026-04-04 15:14:30+00:00,,,,,,,,0.81,0.81,,24.0,1,False
2026-04-04 15:15:00+00:00,,,,,,,,0.8,0.8,,9.0,1,False
2026-04-04 15:15:30+00:00,,,,,,,,0.8,0.8,,0.0,0,False
2026-04-04 15:16:00+00:00,,,,,,,,0.8,0.8,,0.0,0,False
2026-04-04 15:16:30+00:00,,,,,,,,0.8,0.8,,0.0,0,False
2026-04-04 15:17:00+00:00,,,,,,,,0.81,0.81,,12.0,1,False
2026-04-04 15:17:30+00:00,,,,,,,,0.81,0.81,,0.0,0,False
2026-04-04 15:18:00+00:00,,,,,,,,0.81,0.81,,0.0,0,False
2026-04-04 15:18:30+00:00,,,,,,,,0.81,0.81,,2.0,1,False
2026-04-04 15:19:00+00:00,,,,,,,,0.81,0.81,,0.0,0,False
2026-04-04 15:19:30+00:00,,,,,,,,0.81,0.81,,0.0,0,False
2026-04-04 15:20:00+00:00,,,,,,,,0.81,0.81,,0.0,0,False
2026-04-04 15:20:30+00:00,,,,,,,,0.81,0.81,,0.0,0,False
2026-04-04 15:21:00+00:00,,,,,,,,0.81,0.81,,0.0,0,False
2026-04-04 15:21:30+00:00,,,,,,,,0.81,0.81,,0.0,0,False
2026-04-04 15:22:00+00:00,,,,,,,,0.78,0.78,,16.0,1,False
2026-04-04 15:22:30+00:00,,,,,,,,0.78,0.78,,0.0,0,False
2026-04-04 15:23:00+00:00,,,,,,,,0.78,0.78,,0.0,0,False
2026-04-04 15:23:30+00:00,,,,,,,,0.78,0.78,,0.0,0,False
2026-04-04 15:24:00+00:00,,,,,,,,0.81,0.81,,4.0,2,False
2026-04-04 15:24:30+00:00,,,,,,,,0.81,0.81,,0.0,0,False
2026-04-04 15:25:00+00:00,,,,,,,,0.79,0.8,,24.0,3,False
2026-04-04 15:25:30+00:00,,,,,,,,0.7847619047619049,0.8,,63.0,5,False
2026-04-04 15:26:00+00:00,,,,,,,,0.7847619047619049,0.8,,0.0,0,False
2026-04-04 15:26:30+00:00,,,,,,,,0.7847619047619049,0.8,,0.0,0,False
2026-04-04 15:27:00+00:00,,,,,,,,0.81,0.81,,124.0,2,False
2026-04-04 15:27:30+00:00,,,,,,,,0.81,0.81,,0.0,0,False
2026-04-04 15:28:00+00:00,,,,,,,,0.8,0.8,,2.0,1,False
2026-04-04 15:28:30+00:00,,,,,,,,0.8,0.8,,0.0,0,False
2026-04-04 15:29:00+00:00,,,,,,,,0.8,0.8,,0.0,0,False
2026-04-04 15:29:30+00:00,,,,,,,,0.8,0.8,,0.0,0,False
2026-04-04 15:30:00+00:00,,,,,,,,0.8,0.8,,0.0,0,False
2026-04-04 15:30:30+00:00,,,,,,,,0.8,0.8,,0.0,0,False
2026-04-04 15:31:00+00:00,,,,,,,,0.8,0.8,,0.0,0,False
2026-04-04 15:31:30+00:00,,,,,,,,0.8,0.8,,0.0,0,False
2026-04-04 15:32:00+00:00,,,,,,,,0.8,0.8,,0.0,0,False
2026-04-04 15:32:30+00:00,,,,,,,,0.8,0.8,,10.0,1,False
2026-04-04 15:33:00+00:00,,,,,,,,0.8,0.8,,0.0,0,False
2026-04-04 15:33:30+00:00,,,,,,,,0.8,0.8,,0.0,0,False
2026-04-04 15:34:00+00:00,,,,,,,,0.8,0.8,,0.0,0,False
2026-04-04 15:34:30+00:00,,,,,,,,0.8,0.8,,0.0,0,False
2026-04-04 15:35:00+00:00,,,,,,,,0.8,0.8,,0.0,0,False
2026-04-04 15:35:30+00:00,,,,,,,,0.8,0.8,,0.0,0,False
2026-04-04 15:36:00+00:00,,,,,,,,0.8,0.8,,0.0,0,False
2026-04-04 15:36:30+00:00,,,,,,,,0.7999999999999999,0.8,,51.0,2,False
2026-04-04 15:37:00+00:00,,,,,,,,0.7999999999999999,0.8,,0.0,0,False
2026-04-04 15:37:30+00:00,,,,,,,,0.7999999999999999,0.8,,0.0,0,False
2026-04-04 15:38:00+00:00,,,,,,,,0.7999999999999999,0.8,,0.0,0,False
2026-04-04 15:38:30+00:00,,,,,,,,0.7999999999999999,0.8,,0.0,0,False
2026-04-04 15:39:00+00:00,,,,,,,,0.7999999999999999,0.8,,0.0,0,False
2026-04-04 15:39:30+00:00,,,,,,,,0.7999999999999999,0.8,,0.0,0,False
2026-04-04 15:40:00+00:00,,,,,,,,0.7999999999999999,0.8,,0.0,0,False
2026-04-04 15:40:30+00:00,,,,,,,,0.8,0.8,,20.0,1,False
2026-04-04 15:41:00+00:00,,,,,,,,0.78,0.78,,20.0,1,False
2026-04-04 15:41:30+00:00,,,,,,,,0.78,0.78,,0.0,0,False
2026-04-04 15:42:00+00:00,,,,,,,,0.78,0.78,,0.0,0,False
2026-04-04 15:42:30+00:00,,,,,,,,0.78,0.78,,0.0,0,False
2026-04-04 15:43:00+00:00,,,,,,,,0.78,0.78,,0.0,0,False
2026-04-04 15:43:30+00:00,,,,,,,,0.78,0.78,,0.0,0,False
2026-04-04 15:44:00+00:00,,,,,,,,0.78,0.78,,20.0,1,False
2026-04-04 15:44:30+00:00,,,,,,,,0.78,0.78,,0.0,0,False
2026-04-04 15:45:00+00:00,,,,,,,,0.78,0.78,,0.0,0,False
2026-04-04 15:45:30+00:00,,,,,,,,0.8,0.8,,1.0,1,False
2026-04-04 15:46:00+00:00,,,,,,,,0.8,0.8,,0.0,0,False
2026-04-04 15:46:30+00:00,,,,,,,,0.8,0.8,,0.0,0,False
2026-04-04 15:47:00+00:00,,,,,,,,0.8,0.8,,0.0,0,False
2026-04-04 15:47:30+00:00,,,,,,,,0.8098387096774194,0.81,,372.0,2,False
2026-04-04 15:48:00+00:00,,,,,,,,0.8098387096774194,0.81,,0.0,0,False
2026-04-04 15:48:30+00:00,,,,,,,,0.8098387096774194,0.81,,0.0,0,False
2026-04-04 15:49:00+00:00,,,,,,,,0.8098387096774194,0.81,,0.0,0,False
2026-04-04 15:49:30+00:00,,,,,,,,0.8098387096774194,0.81,,0.0,0,False
2026-04-04 15:50:00+00:00,,,,,,,,0.8098387096774194,0.81,,0.0,0,False
2026-04-04 15:50:30+00:00,,,,,,,,0.8098387096774194,0.81,,0.0,0,False
2026-04-04 15:51:00+00:00,,,,,,,,0.8098387096774194,0.81,,0.0,0,False
2026-04-04 15:51:30+00:00,,,,,,,,0.8098387096774194,0.81,,0.0,0,False
2026-04-04 15:52:00+00:00,,,,,,,,0.8098387096774194,0.81,,0.0,0,False
2026-04-04 15:52:30+00:00,,,,,,,,0.8098387096774194,0.81,,0.0,0,False
2026-04-04 15:53:00+00:00,,,,,,,,0.8098387096774194,0.81,,0.0,0,False
2026-04-04 15:53:30+00:00,,,,,,,,0.78,0.78,,41.0,1,False
2026-04-04 15:54:00+00:00,,,,,,,,0.78,0.78,,0.0,0,False
2026-04-04 15:54:30+00:00,,,,,,,,0.78,0.78,,0.0,0,False
2026-04-04 15:55:00+00:00,,,,,,,,0.8000000000000002,0.8,,6.0,1,False
2026-04-04 15:55:30+00:00,,,,,,,,0.8000000000000002,0.8,,0.0,0,False
2026-04-04 15:56:00+00:00,,,,,,,,0.8000000000000002,0.8,,0.0,0,False
2026-04-04 15:56:30+00:00,,,,,,,,0.8000000000000002,0.8,,0.0,0,False
2026-04-04 15:57:00+00:00,,,,,,,,0.8000000000000002,0.8,,0.0,0,False
2026-04-04 15:57:30+00:00,,,,,,,,0.8000000000000002,0.8,,0.0,0,False
2026-04-04 15:58:00+00:00,,,,,,,,0.8000000000000002,0.8,,0.0,0,False
2026-04-04 15:58:30+00:00,,,,,,,,0.8,0.8,,1.0,1,False
2026-04-04 15:59:00+00:00,,,,,,,,0.8,0.8,,0.0,0,False
2026-04-04 15:59:30+00:00,,,,,,,,0.78,0.78,,8.0,2,False
2026-04-04 16:00:00+00:00,,,,,,,,0.78,0.78,,0.0,0,False
2026-04-04 16:00:30+00:00,,,,,,,,0.78,0.78,,0.0,0,False
2026-04-04 16:01:00+00:00,,,,,,,,0.78,0.78,,0.0,0,False
2026-04-04 16:01:30+00:00,,,,,,,,0.78,0.78,,0.0,0,False
2026-04-04 16:02:00+00:00,,,,,,,,0.78,0.78,,0.0,0,False
2026-04-04 16:02:30+00:00,,,,,,,,0.78,0.78,,0.0,0,False
2026-04-04 16:03:00+00:00,,,,,,,,0.78,0.78,,0.0,0,False
2026-04-04 16:03:30+00:00,,,,,,,,0.78,0.78,,0.0,0,False
2026-04-04 16:04:00+00:00,,,,,,,,0.78,0.78,,0.0,0,False
2026-04-04 16:04:30+00:00,,,,,,,,0.8000000000000002,0.8,,12.0,1,False
2026-04-04 16:05:00+00:00,,,,,,,,0.8000000000000002,0.8,,0.0,0,False
2026-04-04 16:05:30+00:00,,,,,,,,0.8000000000000002,0.8,,0.0,0,False
2026-04-04 16:06:00+00:00,,,,,,,,0.8000000000000002,0.8,,0.0,0,False
2026-04-04 16:06:30+00:00,,,,,,,,0.8000000000000002,0.8,,0.0,0,False
2026-04-04 16:07:00+00:00,,,,,,,,0.8000000000000002,0.8,,0.0,0,False
2026-04-04 16:07:30+00:00,,,,,,,,0.7699999999999999,0.77,,840.0,5,False
2026-04-04 16:08:00+00:00,,,,,,,,0.7699999999999999,0.77,,0.0,0,False
2026-04-04 16:08:30+00:00,,,,,,,,0.7699999999999999,0.77,,0.0,0,False
2026-04-04 16:09:00+00:00,,,,,,,,0.8000000000000002,0.8,,6.0,1,False
2026-04-04 16:09:30+00:00,,,,,,,,0.8000000000000002,0.8,,0.0,0,False
2026-04-04 16:10:00+00:00,,,,,,,,0.8000000000000002,0.8,,0.0,0,False
2026-04-04 16:10:30+00:00,,,,,,,,0.800327868852459,0.81,,61.0,2,False
2026-04-04 16:11:00+00:00,,,,,,,,0.800327868852459,0.81,,0.0,0,False
2026-04-04 16:11:30+00:00,,,,,,,,0.800327868852459,0.81,,0.0,0,False
2026-04-04 16:12:00+00:00,,,,,,,,0.800327868852459,0.81,,0.0,0,False
2026-04-04 16:12:30+00:00,,,,,,,,0.800327868852459,0.81,,0.0,0,False
2026-04-04 16:13:00+00:00,,,,,,,,0.7807317073170733,0.81,,41.0,4,False
2026-04-04 16:13:30+00:00,,,,,,,,0.7807317073170733,0.81,,0.0,0,False
2026-04-04 16:14:00+00:00,,,,,,,,0.81,0.81,,1.0,1,False
2026-04-04 16:14:30+00:00,,,,,,,,0.81,0.81,,0.0,0,False
2026-04-04 16:15:00+00:00,,,,,,,,0.8,0.8,,79.0,1,False
2026-04-04 16:15:30+00:00,,,,,,,,0.7799999999999999,0.78,,48.0,2,False
2026-04-04 16:16:00+00:00,,,,,,,,0.7799999999999999,0.78,,0.0,0,False
2026-04-04 16:16:30+00:00,,,,,,,,0.8000000000000002,0.8,,43.0,2,False
2026-04-04 16:17:00+00:00,,,,,,,,0.8000000000000002,0.8,,0.0,0,False
2026-04-04 16:17:30+00:00,,,,,,,,0.8,0.8,,107.0,2,False
2026-04-04 16:18:00+00:00,,,,,,,,0.8,0.8,,23.0,1,False
2026-04-04 16:18:30+00:00,,,,,,,,0.8,0.8,,50.0,1,False
2026-04-04 16:19:00+00:00,,,,,,,,0.8,0.8,,14.0,1,False
2026-04-04 16:19:30+00:00,,,,,,,,0.78,0.78,,41.0,3,False
2026-04-04 16:20:00+00:00,,,,,,,,0.7799999999999999,0.78,,6.0,1,False
2026-04-04 16:20:30+00:00,,,,,,,,0.7799999999999999,0.78,,0.0,0,False
2026-04-04 16:21:00+00:00,,,,,,,,0.7799999999999999,0.78,,0.0,0,False
2026-04-04 16:21:30+00:00,,,,,,,,0.7799999999999999,0.78,,0.0,0,False
2026-04-04 16:22:00+00:00,,,,,,,,0.7799999999999999,0.78,,0.0,0,False
2026-04-04 16:22:30+00:00,,,,,,,,0.7799999999999999,0.78,,0.0,0,False
2026-04-04 16:23:00+00:00,,,,,,,,0.7732857142857144,0.77,,70.0,3,False
2026-04-04 16:23:30+00:00,,,,,,,,0.78,0.78,,585.0,4,False
2026-04-04 16:24:00+00:00,,,,,,,,0.78,0.78,,0.0,0,False
2026-04-04 16:24:30+00:00,,,,,,,,0.78,0.78,,0.0,0,False
2026-04-04 16:25:00+00:00,,,,,,,,0.78,0.78,,0.0,0,False
2026-04-04 16:25:30+00:00,,,,,,,,0.78,0.78,,0.0,0,False
2026-04-04 16:26:00+00:00,,,,,,,,0.78,0.78,,0.0,0,False
2026-04-04 16:26:30+00:00,,,,,,,,0.78,0.78,,0.0,0,False
2026-04-04 16:27:00+00:00,,,,,,,,0.78,0.78,,25.0,2,False
2026-04-04 16:27:30+00:00,,,,,,,,0.78,0.78,,0.0,0,False
2026-04-04 16:28:00+00:00,,,,,,,,0.8,0.8,,61.0,1,False
2026-04-04 16:28:30+00:00,,,,,,,,0.8,0.8,,0.0,0,False
2026-04-04 16:29:00+00:00,,,,,,,,0.8,0.8,,0.0,0,False
2026-04-04 16:29:30+00:00,,,,,,,,0.8,0.8,,0.0,0,False
2026-04-04 16:30:00+00:00,,,,,,,,0.8,0.8,,0.0,0,False
2026-04-04 16:30:30+00:00,,,,,,,,0.8,0.8,,0.0,0,False
2026-04-04 16:31:00+00:00,,,,,,,,0.8,0.8,,0.0,0,False
2026-04-04 16:31:30+00:00,,,,,,,,0.8,0.8,,4.0,1,False
2026-04-04 16:32:00+00:00,,,,,,,,0.8,0.8,,0.0,0,False
2026-04-04 16:32:30+00:00,,,,,,,,0.8000000000000002,0.8,,12.0,1,False
2026-04-04 16:33:00+00:00,,,,,,,,0.8000000000000002,0.8,,0.0,0,False
2026-04-04 16:33:30+00:00,,,,,,,,0.8000000000000002,0.8,,0.0,0,False
2026-04-04 16:34:00+00:00,,,,,,,,0.8000000000000002,0.8,,0.0,0,False
2026-04-04 16:34:30+00:00,,,,,,,,0.8084426229508197,0.8,,244.0,2,False
2026-04-04 16:35:00+00:00,,,,,,,,0.8084426229508197,0.8,,0.0,0,False
2026-04-04 16:35:30+00:00,,,,,,,,0.8084426229508197,0.8,,0.0,0,False
2026-04-04 16:36:00+00:00,,,,,,,,0.8071681415929204,0.8,,113.0,2,False
2026-04-04 16:36:30+00:00,,,,,,,,0.8071681415929204,0.8,,0.0,0,False
2026-04-04 16:37:00+00:00,,,,,,,,0.8071681415929204,0.8,,0.0,0,False
2026-04-04 16:37:30+00:00,,,,,,,,0.8000000000000002,0.8,,6.0,1,False
2026-04-04 16:38:00+00:00,,,,,,,,0.78,0.78,,16.0,1,False
2026-04-04 16:38:30+00:00,,,,,,,,0.78,0.78,,0.0,0,False
2026-04-04 16:39:00+00:00,,,,,,,,0.78,0.78,,0.0,0,False
2026-04-04 16:39:30+00:00,,,,,,,,0.78,0.78,,0.0,0,False
2026-04-04 16:40:00+00:00,,,,,,,,0.78,0.78,,0.0,0,False
2026-04-04 16:40:30+00:00,,,,,,,,0.78,0.78,,0.0,0,False
2026-04-04 16:41:00+00:00,,,,,,,,0.78,0.78,,0.0,0,False
2026-04-04 16:41:30+00:00,,,,,,,,0.8034710743801653,0.8,,121.0,3,False
2026-04-04 16:42:00+00:00,,,,,,,,0.8034710743801653,0.8,,0.0,0,False
2026-04-04 16:42:30+00:00,,,,,,,,0.8034710743801653,0.8,,0.0,0,False
2026-04-04 16:43:00+00:00,,,,,,,,0.8034710743801653,0.8,,0.0,0,False
2026-04-04 16:43:30+00:00,,,,,,,,0.8034710743801653,0.8,,0.0,0,False
2026-04-04 16:44:00+00:00,,,,,,,,0.8034710743801653,0.8,,0.0,0,False
2026-04-04 16:44:30+00:00,,,,,,,,0.8034710743801653,0.8,,0.0,0,False
2026-04-04 16:45:00+00:00,,,,,,,,0.8034710743801653,0.8,,0.0,0,False
2026-04-04 16:45:30+00:00,,,,,,,,0.8034710743801653,0.8,,0.0,0,False
2026-04-04 16:46:00+00:00,,,,,,,,0.78,0.78,,8.0,1,False
2026-04-04 16:46:30+00:00,,,,,,,,0.78,0.78,,0.0,0,False
2026-04-04 16:47:00+00:00,,,,,,,,0.78,0.78,,0.0,0,False
2026-04-04 16:47:30+00:00,,,,,,,,0.78,0.78,,0.0,0,False
2026-04-04 16:48:00+00:00,,,,,,,,0.78,0.78,,0.0,0,False
2026-04-04 16:48:30+00:00,,,,,,,,0.78,0.78,,0.0,0,False
2026-04-04 16:49:00+00:00,,,,,,,,0.78,0.78,,0.0,0,False
2026-04-04 16:49:30+00:00,,,,,,,,0.78,0.78,,0.0,0,False
2026-04-04 16:50:00+00:00,,,,,,,,0.78,0.78,,0.0,0,False
2026-04-04 16:50:30+00:00,,,,,,,,0.78,0.78,,0.0,0,False
2026-04-04 16:51:00+00:00,,,,,,,,0.78,0.78,,0.0,0,False
2026-04-04 16:51:30+00:00,,,,,,,,0.78,0.78,,0.0,0,False
2026-04-04 16:52:00+00:00,,,,,,,,0.8054451038575667,0.78,,674.0,3,False
2026-04-04 16:52:30+00:00,,,,,,,,0.8095833333333334,0.81,,24.0,2,False
2026-04-04 16:53:00+00:00,,,,,,,,0.7759183673469389,0.77,,49.0,2,False
2026-04-04 16:53:30+00:00,,,,,,,,0.78,0.78,,9.0,1,False
2026-04-04 16:54:00+00:00,,,,,,,,0.78,0.78,,0.0,0,False
2026-04-04 16:54:30+00:00,,,,,,,,0.78,0.78,,0.0,0,False
2026-04-04 16:55:00+00:00,,,,,,,,0.78,0.78,,0.0,0,False
2026-04-04 16:55:30+00:00,,,,,,,,0.7722222222222223,0.8,,108.0,3,False
2026-04-04 16:56:00+00:00,,,,,,,,0.7722222222222223,0.8,,0.0,0,False
2026-04-04 16:56:30+00:00,,,,,,,,0.7722222222222223,0.8,,0.0,0,False
2026-04-04 16:57:00+00:00,,,,,,,,0.8,0.8,,30.0,1,False
2026-04-04 16:57:30+00:00,,,,,,,,0.8,0.8,,0.0,0,False
2026-04-04 16:58:00+00:00,,,,,,,,0.8,0.8,,0.0,0,False
2026-04-04 16:58:30+00:00,,,,,,,,0.8,0.8,,0.0,0,False
2026-04-04 16:59:00+00:00,,,,,,,,0.8,0.8,,5.0,1,False
2026-04-04 16:59:30+00:00,,,,,,,,0.8,0.8,,0.0,0,False
2026-04-04 17:00:00+00:00,,,,,,,,0.8,0.8,,0.0,0,False
2026-04-04 17:00:30+00:00,,,,,,,,0.77,0.77,,5.0,1,False
2026-04-04 17:01:00+00:00,,,,,,,,0.77,0.77,,0.0,0,False
2026-04-04 17:01:30+00:00,,,,,,,,0.77,0.77,,0.0,0,False
2026-04-04 17:02:00+00:00,,,,,,,,0.77,0.77,,12.0,1,False
2026-04-04 17:02:30+00:00,,,,,,,,0.8000000000000002,0.8,,6.0,1,False
2026-04-04 17:03:00+00:00,,,,,,,,0.8000000000000002,0.8,,0.0,0,False
2026-04-04 17:03:30+00:00,,,,,,,,0.8000000000000002,0.8,,0.0,0,False
2026-04-04 17:04:00+00:00,,,,,,,,0.8000000000000002,0.8,,0.0,0,False
2026-04-04 17:04:30+00:00,,,,,,,,0.7999999999999999,0.8,,51.0,2,False
2026-04-04 17:05:00+00:00,,,,,,,,0.81,0.81,,60.0,1,False
2026-04-04 17:05:30+00:00,,,,,,,,0.81,0.81,,0.0,0,False
2026-04-04 17:06:00+00:00,,,,,,,,0.81,0.81,,0.0,0,False
2026-04-04 17:06:30+00:00,,,,,,,,0.81,0.81,,0.0,0,False
2026-04-04 17:07:00+00:00,,,,,,,,0.81,0.81,,0.0,0,False
2026-04-04 17:07:30+00:00,,,,,,,,0.78,0.78,,8.0,1,False
2026-04-04 17:08:00+00:00,,,,,,,,0.8000000000000002,0.8,,6.0,1,False
2026-04-04 17:08:30+00:00,,,,,,,,0.8000000000000002,0.8,,0.0,0,False
2026-04-04 17:09:00+00:00,,,,,,,,0.8000000000000002,0.8,,0.0,0,False
2026-04-04 17:09:30+00:00,,,,,,,,0.8000000000000002,0.8,,0.0,0,False
2026-04-04 17:10:00+00:00,,,,,,,,0.8000000000000002,0.8,,0.0,0,False
2026-04-04 17:10:30+00:00,,,,,,,,0.8000000000000002,0.8,,0.0,0,False
2026-04-04 17:11:00+00:00,,,,,,,,0.8078571428571429,0.81,,56.0,2,False
2026-04-04 17:11:30+00:00,,,,,,,,0.8078571428571429,0.81,,0.0,0,False
2026-04-04 17:12:00+00:00,,,,,,,,0.8078571428571429,0.81,,0.0,0,False
2026-04-04 17:12:30+00:00,,,,,,,,0.81,0.81,,602.0,1,False
2026-04-04 17:13:00+00:00,,,,,,,,0.81,0.81,,0.0,0,False
2026-04-04 17:13:30+00:00,,,,,,,,0.81,0.81,,0.0,0,False
2026-04-04 17:14:00+00:00,,,,,,,,0.81,0.81,,0.0,0,False
2026-04-04 17:14:30+00:00,,,,,,,,0.81,0.81,,0.0,0,False
2026-04-04 17:15:00+00:00,,,,,,,,0.78,0.78,,1.0,1,False
2026-04-04 17:15:30+00:00,,,,,,,,0.78,0.78,,0.0,0,False
2026-04-04 17:16:00+00:00,,,,,,,,0.78,0.78,,0.0,0,False
2026-04-04 17:16:30+00:00,,,,,,,,0.78,0.78,,0.0,0,False
2026-04-04 17:17:00+00:00,,,,,,,,0.78,0.78,,0.0,0,False
2026-04-04 17:17:30+00:00,,,,,,,,0.78,0.78,,0.0,0,False
2026-04-04 17:18:00+00:00,,,,,,,,0.78,0.78,,0.0,0,False
2026-04-04 17:18:30+00:00,,,,,,,,0.78,0.78,,0.0,0,False
2026-04-04 17:19:00+00:00,,,,,,,,0.78,0.78,,0.0,0,False
2026-04-04 17:19:30+00:00,,,,,,,,0.78,0.78,,0.0,0,False
2026-04-04 17:20:00+00:00,,,,,,,,0.78,0.78,,0.0,0,False
2026-04-04 17:20:30+00:00,,,,,,,,0.78,0.78,,0.0,0,False
2026-04-04 17:21:00+00:00,,,,,,,,0.78,0.78,,0.0,0,False
2026-04-04 17:21:30+00:00,,,,,,,,0.81,0.81,,30.0,1,False
2026-04-04 17:22:00+00:00,,,,,,,,0.81,0.81,,0.0,0,False
2026-04-04 17:22:30+00:00,,,,,,,,0.78,0.78,,20.0,1,False
2026-04-04 17:23:00+00:00,,,,,,,,0.78,0.78,,0.0,0,False
2026-04-04 17:23:30+00:00,,,,,,,,0.7799999999999999,0.78,,92.0,3,False
2026-04-04 17:24:00+00:00,,,,,,,,0.81,0.81,,12.0,1,False
2026-04-04 17:24:30+00:00,,,,,,,,0.81,0.81,,0.0,0,False
2026-04-04 17:25:00+00:00,,,,,,,,0.81,0.81,,0.0,0,False
2026-04-04 17:25:30+00:00,,,,,,,,0.81,0.81,,0.0,0,False
2026-04-04 17:26:00+00:00,,,,,,,,0.81,0.81,,0.0,0,False
2026-04-04 17:26:30+00:00,,,,,,,,0.81,0.81,,0.0,0,False
2026-04-04 17:27:00+00:00,,,,,,,,0.81,0.81,,0.0,0,False
2026-04-04 17:27:30+00:00,,,,,,,,0.81,0.81,,0.0,0,False
2026-04-04 17:28:00+00:00,,,,,,,,0.81,0.81,,0.0,0,False
2026-04-04 17:28:30+00:00,,,,,,,,0.81,0.81,,0.0,0,False
2026-04-04 17:29:00+00:00,,,,,,,,0.81,0.81,,0.0,0,False
2026-04-04 17:29:30+00:00,,,,,,,,0.81,0.81,,0.0,0,False
2026-04-04 17:30:00+00:00,,,,,,,,0.81,0.81,,0.0,0,False
2026-04-04 17:30:30+00:00,,,,,,,,0.81,0.81,,0.0,0,False
2026-04-04 17:31:00+00:00,,,,,,,,0.81,0.81,,0.0,0,False
2026-04-04 17:31:30+00:00,,,,,,,,0.7928571428571429,0.81,,14.0,2,False
2026-04-04 17:32:00+00:00,,,,,,,,0.78,0.78,,8.0,1,False
2026-04-04 17:32:30+00:00,,,,,,,,0.81,0.81,,1.0,1,False
2026-04-04 17:33:00+00:00,,,,,,,,0.81,0.81,,0.0,0,False
2026-04-04 17:33:30+00:00,,,,,,,,0.81,0.81,,0.0,0,False
2026-04-04 17:34:00+00:00,,,,,,,,0.81,0.81,,0.0,0,False
2026-04-04 17:34:30+00:00,,,,,,,,0.81,0.81,,0.0,0,False
2026-04-04 17:35:00+00:00,,,,,,,,0.81,0.81,,0.0,0,False
2026-04-04 17:35:30+00:00,,,,,,,,0.81,0.81,,0.0,0,False
2026-04-04 17:36:00+00:00,,,,,,,,0.81,0.81,,8.0,1,False
2026-04-04 17:36:30+00:00,,,,,,,,0.81,0.81,,0.0,0,False
2026-04-04 17:37:00+00:00,,,,,,,,0.81,0.81,,0.0,0,False
2026-04-04 17:37:30+00:00,,,,,,,,0.81,0.81,,0.0,0,False
2026-04-04 17:38:00+00:00,,,,,,,,0.81,0.81,,0.0,0,False
2026-04-04 17:38:30+00:00,,,,,,,,0.81,0.81,,0.0,0,False
2026-04-04 17:39:00+00:00,,,,,,,,0.81,0.81,,0.0,0,False
2026-04-04 17:39:30+00:00,,,,,,,,0.81,0.81,,0.0,0,False
2026-04-04 17:40:00+00:00,,,,,,,,0.81,0.81,,0.0,0,False
2026-04-04 17:40:30+00:00,,,,,,,,0.81,0.81,,0.0,0,False
2026-04-04 17:41:00+00:00,,,,,,,,0.79,0.79,,5.0,1,False
2026-04-04 17:41:30+00:00,,,,,,,,0.79,0.79,,0.0,0,False
2026-04-04 17:42:00+00:00,,,,,,,,0.79,0.79,,4.0,1,False
2026-04-04 17:42:30+00:00,,,,,,,,0.79,0.79,,0.0,0,False
2026-04-04 17:43:00+00:00,,,,,,,,0.81,0.81,,30.0,1,False
2026-04-04 17:43:30+00:00,,,,,,,,0.81,0.81,,0.0,0,False
2026-04-04 17:44:00+00:00,,,,,,,,0.81,0.81,,0.0,0,False
2026-04-04 17:44:30+00:00,,,,,,,,0.81,0.81,,0.0,0,False
2026-04-04 17:45:00+00:00,,,,,,,,0.81,0.81,,0.0,0,False
2026-04-04 17:45:30+00:00,,,,,,,,0.81,0.81,,0.0,0,False
2026-04-04 17:46:00+00:00,,,,,,,,0.81,0.81,,0.0,0,False
2026-04-04 17:46:30+00:00,,,,,,,,0.81,0.81,,0.0,0,False
2026-04-04 17:47:00+00:00,,,,,,,,0.81,0.81,,0.0,0,False
2026-04-04 17:47:30+00:00,,,,,,,,0.81,0.81,,852.0,1,False
2026-04-04 17:48:00+00:00,,,,,,,,0.81,0.81,,0.0,0,False
2026-04-04 17:48:30+00:00,,,,,,,,0.81,0.81,,0.0,0,False
2026-04-04 17:49:00+00:00,,,,,,,,0.81,0.81,,0.0,0,False
2026-04-04 17:49:30+00:00,,,,,,,,0.81,0.81,,24.0,1,False
2026-04-04 17:50:00+00:00,,,,,,,,0.81,0.81,,1.0,1,False
2026-04-04 17:50:30+00:00,,,,,,,,0.81,0.81,,0.0,0,False
2026-04-04 17:51:00+00:00,,,,,,,,0.81,0.81,,0.0,0,False
2026-04-04 17:51:30+00:00,,,,,,,,0.81,0.81,,0.0,0,False
2026-04-04 17:52:00+00:00,,,,,,,,0.81,0.81,,0.0,0,False
2026-04-04 17:52:30+00:00,,,,,,,,0.81,0.81,,0.0,0,False
2026-04-04 17:53:00+00:00,,,,,,,,0.81,0.81,,0.0,0,False
2026-04-04 17:53:30+00:00,,,,,,,,0.81,0.81,,0.0,0,False
2026-04-04 17:54:00+00:00,,,,,,,,0.81,0.81,,0.0,0,False
2026-04-04 17:54:30+00:00,,,,,,,,0.79,0.79,,19.0,1,False
2026-04-04 17:55:00+00:00,,,,,,,,0.79,0.79,,5.0,1,False
2026-04-04 17:55:30+00:00,,,,,,,,0.78,0.78,,20.0,1,False
2026-04-04 17:56:00+00:00,,,,,,,,0.78,0.78,,0.0,0,False
2026-04-04 17:56:30+00:00,,,,,,,,0.78,0.78,,0.0,0,False
2026-04-04 17:57:00+00:00,,,,,,,,0.78,0.78,,0.0,0,False
2026-04-04 17:57:30+00:00,,,,,,,,0.78,0.78,,0.0,0,False
2026-04-04 17:58:00+00:00,,,,,,,,0.78,0.78,,0.0,0,False
2026-04-04 17:58:30+00:00,,,,,,,,0.78,0.78,,0.0,0,False
2026-04-04 17:59:00+00:00,,,,,,,,0.78,0.78,,0.0,0,False
2026-04-04 17:59:30+00:00,,,,,,,,0.8240962459446933,0.88,,12946.0,16,False
2026-04-04 18:00:00+00:00,,,,,,,,0.8240962459446933,0.88,,0.0,0,False
2026-04-04 18:00:30+00:00,,,,,,,,0.8240962459446933,0.88,,0.0,0,False
2026-04-04 18:01:00+00:00,,,,,,,,0.81,0.81,,34.0,1,False
2026-04-04 18:01:30+00:00,,,,,,,,0.81,0.81,,0.0,0,False
2026-04-04 18:02:00+00:00,,,,,,,,0.81,0.81,,0.0,0,False
2026-04-04 18:02:30+00:00,,,,,,,,0.81,0.81,,0.0,0,False
2026-04-04 18:03:00+00:00,,,,,,,,0.81,0.81,,1.0,1,False
2026-04-04 18:03:30+00:00,,,,,,,,0.81,0.81,,137.0,3,False
2026-04-04 18:04:00+00:00,,,,,,,,0.81,0.81,,0.0,0,False
2026-04-04 18:04:30+00:00,,,,,,,,0.81,0.81,,0.0,0,False
2026-04-04 18:05:00+00:00,,,,,,,,0.81,0.81,,0.0,0,False
2026-04-04 18:05:30+00:00,,,,,,,,0.78,0.78,,44.0,1,False
2026-04-04 18:06:00+00:00,,,,,,,,0.78,0.78,,0.0,0,False
2026-04-04 18:06:30+00:00,,,,,,,,0.78,0.78,,0.0,0,False
2026-04-04 18:07:00+00:00,,,,,,,,0.78,0.78,,0.0,0,False
2026-04-04 18:07:30+00:00,,,,,,,,0.81,0.81,,24.0,1,False
2026-04-04 18:08:00+00:00,,,,,,,,0.81,0.81,,44.0,1,False
2026-04-04 18:08:30+00:00,,,,,,,,0.81,0.81,,91.0,1,False
2026-04-04 18:09:00+00:00,,,,,,,,0.81,0.81,,0.0,0,False
2026-04-04 18:09:30+00:00,,,,,,,,0.81,0.81,,0.0,0,False
2026-04-04 18:10:00+00:00,,,,,,,,0.81,0.81,,0.0,0,False
2026-04-04 18:10:30+00:00,,,,,,,,0.81,0.81,,0.0,0,False
2026-04-04 18:11:00+00:00,,,,,,,,0.81,0.81,,0.0,0,False
2026-04-04 18:11:30+00:00,,,,,,,,0.81,0.81,,1.0,1,False
2026-04-04 18:12:00+00:00,,,,,,,,0.81,0.81,,0.0,0,False
2026-04-04 18:12:30+00:00,,,,,,,,0.78,0.78,,10.0,1,False
2026-04-04 18:13:00+00:00,,,,,,,,0.81,0.81,,2.0,1,False
2026-04-04 18:13:30+00:00,,,,,,,,0.8099999999999999,0.81,,53.0,1,False
2026-04-04 18:14:00+00:00,,,,,,,,0.8099999999999999,0.81,,0.0,0,False
2026-04-04 18:14:30+00:00,,,,,,,,0.8099999999999999,0.81,,0.0,0,False
2026-04-04 18:15:00+00:00,,,,,,,,0.8099999999999999,0.81,,0.0,0,False
2026-04-04 18:15:30+00:00,,,,,,,,0.81,0.81,,15.0,1,False
2026-04-04 18:16:00+00:00,,,,,,,,0.81,0.81,,0.0,0,False
2026-04-04 18:16:30+00:00,,,,,,,,0.81,0.81,,0.0,0,False
2026-04-04 18:17:00+00:00,,,,,,,,0.81,0.81,,0.0,0,False
2026-04-04 18:17:30+00:00,,,,,,,,0.8100000000000002,0.81,,10.0,1,False
2026-04-04 18:18:00+00:00,,,,,,,,0.7799999999999999,0.78,,12.0,1,False
2026-04-04 18:18:30+00:00,,,,,,,,0.7799999999999999,0.78,,0.0,0,False
2026-04-04 18:19:00+00:00,,,,,,,,0.7799999999999999,0.78,,0.0,0,False
2026-04-04 18:19:30+00:00,,,,,,,,0.7799999999999999,0.78,,0.0,0,False
2026-04-04 18:20:00+00:00,,,,,,,,0.8099999999999999,0.81,,7.0,1,False
2026-04-04 18:20:30+00:00,,,,,,,,0.8099999999999999,0.81,,0.0,0,False
2026-04-04 18:21:00+00:00,,,,,,,,0.7799999999999999,0.78,,12.0,2,False
2026-04-04 18:21:30+00:00,,,,,,,,0.7799999999999999,0.78,,0.0,0,False
2026-04-04 18:22:00+00:00,,,,,,,,0.7799999999999999,0.78,,0.0,0,False
2026-04-04 18:22:30+00:00,,,,,,,,0.7799999999999999,0.78,,0.0,0,False
2026-04-04 18:23:00+00:00,,,,,,,,0.81,0.81,,6.0,1,False
2026-04-04 18:23:30+00:00,,,,,,,,0.81,0.81,,0.0,0,False
2026-04-04 18:24:00+00:00,,,,,,,,0.81,0.81,,0.0,0,False
2026-04-04 18:24:30+00:00,,,,,,,,0.81,0.81,,240.0,3,False
2026-04-04 18:25:00+00:00,,,,,,,,0.81,0.81,,0.0,0,False
2026-04-04 18:25:30+00:00,,,,,,,,0.81,0.81,,0.0,0,False
2026-04-04 18:26:00+00:00,,,,,,,,0.81,0.81,,12.0,1,False
2026-04-04 18:26:30+00:00,,,,,,,,0.81,0.81,,60.0,1,False
2026-04-04 18:27:00+00:00,,,,,,,,0.81,0.81,,0.0,0,False
2026-04-04 18:27:30+00:00,,,,,,,,0.81,0.81,,0.0,0,False
2026-04-04 18:28:00+00:00,,,,,,,,0.81,0.81,,0.0,0,False
2026-04-04 18:28:30+00:00,,,,,,,,0.81,0.81,,0.0,0,False
2026-04-04 18:29:00+00:00,,,,,,,,0.81,0.81,,0.0,0,False
2026-04-04 18:29:30+00:00,,,,,,,,0.7838709677419355,0.8,,248.0,5,False
2026-04-04 18:30:00+00:00,,,,,,,,0.7838709677419355,0.8,,0.0,0,False
2026-04-04 18:30:30+00:00,,,,,,,,0.7838709677419355,0.8,,0.0,0,False
2026-04-04 18:31:00+00:00,,,,,,,,0.7838709677419355,0.8,,0.0,0,False
2026-04-04 18:31:30+00:00,,,,,,,,0.7838709677419355,0.8,,0.0,0,False
2026-04-04 18:32:00+00:00,,,,,,,,0.7838709677419355,0.8,,0.0,0,False
2026-04-04 18:32:30+00:00,,,,,,,,0.7838709677419355,0.8,,0.0,0,False
2026-04-04 18:33:00+00:00,,,,,,,,0.7838709677419355,0.8,,0.0,0,False
2026-04-04 18:33:30+00:00,,,,,,,,0.7838709677419355,0.8,,0.0,0,False
2026-04-04 18:34:00+00:00,,,,,,,,0.7838709677419355,0.8,,0.0,0,False
2026-04-04 18:34:30+00:00,,,,,,,,0.8100000000000002,0.81,,20.0,1,False
2026-04-04 18:35:00+00:00,,,,,,,,0.8100000000000002,0.81,,0.0,0,False
2026-04-04 18:35:30+00:00,,,,,,,,0.8100000000000002,0.81,,0.0,0,False
2026-04-04 18:36:00+00:00,,,,,,,,0.79,0.79,,7.0,1,False
2026-04-04 18:36:30+00:00,,,,,,,,0.81,0.81,,301.0,1,False
2026-04-04 18:37:00+00:00,,,,,,,,0.81,0.81,,30.0,1,False
2026-04-04 18:37:30+00:00,,,,,,,,0.81,0.81,,12.0,1,False
2026-04-04 18:38:00+00:00,,,,,,,,0.8099999999999999,0.81,,271.0,2,False
2026-04-04 18:38:30+00:00,,,,,,,,0.8099999999999999,0.81,,0.0,0,False
2026-04-04 18:39:00+00:00,,,,,,,,0.8099999999999999,0.81,,0.0,0,False
2026-04-04 18:39:30+00:00,,,,,,,,0.8099999999999999,0.81,,0.0,0,False
2026-04-04 18:40:00+00:00,,,,,,,,0.8100000000000002,0.81,,23.0,1,False
2026-04-04 18:40:30+00:00,,,,,,,,0.8100000000000002,0.81,,0.0,0,False
2026-04-04 18:41:00+00:00,,,,,,,,0.8100000000000002,0.81,,0.0,0,False
2026-04-04 18:41:30+00:00,,,,,,,,0.8100000000000002,0.81,,0.0,0,False
2026-04-04 18:42:00+00:00,,,,,,,,0.8100000000000002,0.81,,0.0,0,False
2026-04-04 18:42:30+00:00,,,,,,,,0.81,0.81,,645.0,3,False
2026-04-04 18:43:00+00:00,,,,,,,,0.81,0.81,,0.0,0,False
2026-04-04 18:43:30+00:00,,,,,,,,0.81,0.81,,0.0,0,False
2026-04-04 18:44:00+00:00,,,,,,,,0.82,0.82,,1.0,1,False
2026-04-04 18:44:30+00:00,,,,,,,,0.82,0.82,,0.0,0,False
2026-04-04 18:45:00+00:00,,,,,,,,0.82,0.82,,0.0,0,False
2026-04-04 18:45:30+00:00,,,,,,,,0.82,0.82,,0.0,0,False
2026-04-04 18:46:00+00:00,,,,,,,,0.7899999999999999,0.79,,43.0,1,False
2026-04-04 18:46:30+00:00,,,,,,,,0.7899999999999999,0.79,,0.0,0,False
2026-04-04 18:47:00+00:00,,,,,,,,0.81,0.81,,18.0,1,False
2026-04-04 18:47:30+00:00,,,,,,,,0.81,0.81,,0.0,0,False
2026-04-04 18:48:00+00:00,,,,,,,,0.81,0.81,,0.0,0,False
2026-04-04 18:48:30+00:00,,,,,,,,0.81,0.81,,0.0,0,False
2026-04-04 18:49:00+00:00,,,,,,,,0.81,0.81,,0.0,0,False
2026-04-04 18:49:30+00:00,,,,,,,,0.81,0.81,,0.0,0,False
2026-04-04 18:50:00+00:00,,,,,,,,0.79,0.79,,50.0,1,False
2026-04-04 18:50:30+00:00,,,,,,,,0.8183048016701463,0.8200000000000001,,2395.0,5,False
2026-04-04 18:51:00+00:00,,,,,,,,0.8,0.8,,49.0,1,False
2026-04-04 18:51:30+00:00,,,,,,,,0.8,0.8,,23.0,1,False
2026-04-04 18:52:00+00:00,,,,,,,,0.82,0.8200000000000001,,6.0,1,False
2026-04-04 18:52:30+00:00,,,,,,,,0.82,0.8200000000000001,,0.0,0,False
2026-04-04 18:53:00+00:00,,,,,,,,0.82,0.8200000000000001,,0.0,0,False
2026-04-04 18:53:30+00:00,,,,,,,,0.8000000000000002,0.8,,12.0,2,False
2026-04-04 18:54:00+00:00,,,,,,,,0.8000000000000002,0.8,,0.0,0,False
2026-04-04 18:54:30+00:00,,,,,,,,0.8000000000000002,0.8,,0.0,0,False
2026-04-04 18:55:00+00:00,,,,,,,,0.8000000000000002,0.8,,0.0,0,False
2026-04-04 18:55:30+00:00,,,,,,,,0.8000000000000002,0.8,,0.0,0,False
2026-04-04 18:56:00+00:00,,,,,,,,0.8000000000000002,0.8,,0.0,0,False
2026-04-04 18:56:30+00:00,,,,,,,,0.8000000000000002,0.8,,0.0,0,False
2026-04-04 18:57:00+00:00,,,,,,,,0.81,0.81,,8.0,1,False
2026-04-04 18:57:30+00:00,,,,,,,,0.81,0.81,,0.0,0,False
2026-04-04 18:58:00+00:00,,,,,,,,0.8,0.8,,27.0,1,False
2026-04-04 18:58:30+00:00,,,,,,,,0.8,0.8,,0.0,0,False
2026-04-04 18:59:00+00:00,,,,,,,,0.8,0.8,,0.0,0,False
2026-04-04 18:59:30+00:00,,,,,,,,0.8,0.8,,0.0,0,False
2026-04-04 19:00:00+00:00,,,,,,,,0.8,0.8,,0.0,0,False
2026-04-04 19:00:30+00:00,,,,,,,,0.8,0.8,,0.0,0,False
2026-04-04 19:01:00+00:00,,,,,,,,0.8,0.8,,0.0,0,False
2026-04-04 19:01:30+00:00,,,,,,,,0.8,0.8,,0.0,0,False
2026-04-04 19:02:00+00:00,,,,,,,,0.8,0.8,,0.0,0,False
2026-04-04 19:02:30+00:00,,,,,,,,0.8,0.8,,0.0,0,False
2026-04-04 19:03:00+00:00,,,,,,,,0.8,0.8,,0.0,0,False
2026-04-04 19:03:30+00:00,,,,,,,,0.8,0.8,,0.0,0,False
2026-04-04 19:04:00+00:00,,,,,,,,0.81,0.81,,60.0,1,False
2026-04-04 19:04:30+00:00,,,,,,,,0.79,0.79,,4.0,1,False
2026-04-04 19:05:00+00:00,,,,,,,,0.8,0.8,,22.0,1,False
2026-04-04 19:05:30+00:00,,,,,,,,0.8,0.8,,0.0,0,False
2026-04-04 19:06:00+00:00,,,,,,,,0.8200000000000001,0.8200000000000001,,2350.0,5,False
2026-04-04 19:06:30+00:00,,,,,,,,0.8200000000000002,0.8200000000000001,,2555.0,5,False
2026-04-04 19:07:00+00:00,,,,,,,,0.8200000000000001,0.8200000000000001,,95.0,2,False
2026-04-04 19:07:30+00:00,,,,,,,,0.8200000000000001,0.8200000000000001,,0.0,0,False
2026-04-04 19:08:00+00:00,,,,,,,,0.8200000000000001,0.8200000000000001,,0.0,0,False
2026-04-04 19:08:30+00:00,,,,,,,,0.79,0.79,,9.0,1,False
2026-04-04 19:09:00+00:00,,,,,,,,0.79,0.79,,0.0,0,False
2026-04-04 19:09:30+00:00,,,,,,,,0.7899999999999999,0.79,,43.0,1,False
2026-04-04 19:10:00+00:00,,,,,,,,0.7899999999999999,0.79,,0.0,0,False
2026-04-04 19:10:30+00:00,,,,,,,,0.79,0.79,,108.0,1,False
2026-04-04 19:11:00+00:00,,,,,,,,0.81,0.81,,2.0,1,False
2026-04-04 19:11:30+00:00,,,,,,,,0.81,0.81,,0.0,0,False
2026-04-04 19:12:00+00:00,,,,,,,,0.81,0.81,,0.0,0,False
2026-04-04 19:12:30+00:00,,,,,,,,0.81,0.81,,0.0,0,False
2026-04-04 19:13:00+00:00,,,,,,,,0.81,0.81,,0.0,0,False
2026-04-04 19:13:30+00:00,,,,,,,,0.81,0.81,,0.0,0,False
2026-04-04 19:14:00+00:00,,,,,,,,0.81,0.81,,0.0,0,False
2026-04-04 19:14:30+00:00,,,,,,,,0.81,0.81,,0.0,0,False
2026-04-04 19:15:00+00:00,,,,,,,,0.81,0.81,,0.0,0,False
2026-04-04 19:15:30+00:00,,,,,,,,0.81,0.81,,0.0,0,False
2026-04-04 19:16:00+00:00,,,,,,,,0.81,0.81,,0.0,0,False
2026-04-04 19:16:30+00:00,,,,,,,,0.8175355450236966,0.82,,422.0,4,False
2026-04-04 19:17:00+00:00,,,,,,,,0.8175355450236966,0.82,,0.0,0,False
2026-04-04 19:17:30+00:00,,,,,,,,0.8175355450236966,0.82,,0.0,0,False
2026-04-04 19:18:00+00:00,,,,,,,,0.8175355450236966,0.82,,0.0,0,False
2026-04-04 19:18:30+00:00,,,,,,,,0.8175355450236966,0.82,,0.0,0,False
2026-04-04 19:19:00+00:00,,,,,,,,0.8175355450236966,0.82,,0.0,0,False
2026-04-04 19:19:30+00:00,,,,,,,,0.8175355450236966,0.82,,0.0,0,False
2026-04-04 19:20:00+00:00,,,,,,,,0.8175355450236966,0.82,,0.0,0,False
2026-04-04 19:20:30+00:00,,,,,,,,0.8175355450236966,0.82,,0.0,0,False
2026-04-04 19:21:00+00:00,,,,,,,,0.7909090909090909,0.79,,22.0,2,False
2026-04-04 19:21:30+00:00,,,,,,,,0.7909090909090909,0.79,,0.0,0,False
2026-04-04 19:22:00+00:00,,,,,,,,0.7909090909090909,0.79,,0.0,0,False
2026-04-04 19:22:30+00:00,,,,,,,,0.81,0.81,,72.0,1,False
2026-04-04 19:23:00+00:00,,,,,,,,0.81,0.81,,0.0,0,False
2026-04-04 19:23:30+00:00,,,,,,,,0.81,0.81,,0.0,0,False
2026-04-04 19:24:00+00:00,,,,,,,,0.8072055888223554,0.81,,501.0,3,False
2026-04-04 19:24:30+00:00,,,,,,,,0.79,0.79,,1.0,1,False
2026-04-04 19:25:00+00:00,,,,,,,,0.79,0.79,,0.0,0,False
2026-04-04 19:25:30+00:00,,,,,,,,0.79,0.79,,0.0,0,False
2026-04-04 19:26:00+00:00,,,,,,,,0.79,0.79,,0.0,0,False
2026-04-04 19:26:30+00:00,,,,,,,,0.79,0.79,,0.0,0,False
2026-04-04 19:27:00+00:00,,,,,,,,0.79,0.79,,0.0,0,False
2026-04-04 19:27:30+00:00,,,,,,,,0.79,0.79,,0.0,0,False
2026-04-04 19:28:00+00:00,,,,,,,,0.79,0.79,,0.0,0,False
2026-04-04 19:28:30+00:00,,,,,,,,0.81,0.81,,182.0,1,False
2026-04-04 19:29:00+00:00,,,,,,,,0.8,0.8,,240.0,3,False
2026-04-04 19:29:30+00:00,,,,,,,,0.8,0.8,,0.0,0,False
2026-04-04 19:30:00+00:00,,,,,,,,0.81,0.81,,9.0,1,False
2026-04-04 19:30:30+00:00,,,,,,,,0.81,0.81,,0.0,0,False
2026-04-04 19:31:00+00:00,,,,,,,,0.81,0.81,,0.0,0,False
2026-04-04 19:31:30+00:00,,,,,,,,0.81,0.81,,0.0,0,False
2026-04-04 19:32:00+00:00,,,,,,,,0.81,0.81,,0.0,0,False
2026-04-04 19:32:30+00:00,,,,,,,,0.81,0.81,,0.0,0,False
2026-04-04 19:33:00+00:00,,,,,,,,0.81,0.81,,0.0,0,False
2026-04-04 19:33:30+00:00,,,,,,,,0.81,0.81,,0.0,0,False
2026-04-04 19:34:00+00:00,,,,,,,,0.8,0.8,,1.0,1,False
2026-04-04 19:34:30+00:00,,,,,,,,0.8,0.8,,0.0,0,False
2026-04-04 19:35:00+00:00,,,,,,,,0.7899999999999999,0.79,,43.0,1,False
2026-04-04 19:35:30+00:00,,,,,,,,0.8,0.8,,36.0,1,False
2026-04-04 19:36:00+00:00,,,,,,,,0.7899999999999999,0.79,,13.0,1,False
2026-04-04 19:36:30+00:00,,,,,,,,0.7899999999999999,0.79,,0.0,0,False
2026-04-04 19:37:00+00:00,,,,,,,,0.7899999999999999,0.79,,0.0,0,False
2026-04-04 19:37:30+00:00,,,,,,,,0.7899999999999999,0.79,,0.0,0,False
2026-04-04 19:38:00+00:00,,,,,,,,0.7899999999999999,0.79,,0.0,0,False
2026-04-04 19:38:30+00:00,,,,,,,,0.7899999999999999,0.79,,0.0,0,False
2026-04-04 19:39:00+00:00,,,,,,,,0.7899999999999999,0.79,,0.0,0,False
2026-04-04 19:39:30+00:00,,,,,,,,0.7899999999999999,0.79,,0.0,0,False
2026-04-04 19:40:00+00:00,,,,,,,,0.7899999999999999,0.79,,0.0,0,False
2026-04-04 19:40:30+00:00,,,,,,,,0.7899999999999999,0.79,,0.0,0,False
2026-04-04 19:41:00+00:00,,,,,,,,0.7899999999999999,0.79,,0.0,0,False
2026-04-04 19:41:30+00:00,,,,,,,,0.8058536585365854,0.81,,123.0,3,False
2026-04-04 19:42:00+00:00,,,,,,,,0.7899999999999999,0.79,,13.0,1,False
2026-04-04 19:42:30+00:00,,,,,,,,0.7899999999999999,0.79,,0.0,0,False
2026-04-04 19:43:00+00:00,,,,,,,,0.81,0.81,,22.0,1,False
2026-04-04 19:43:30+00:00,,,,,,,,0.81,0.81,,0.0,0,False
2026-04-04 19:44:00+00:00,,,,,,,,0.81,0.81,,0.0,0,False
2026-04-04 19:44:30+00:00,,,,,,,,0.81,0.81,,0.0,0,False
2026-04-04 19:45:00+00:00,,,,,,,,0.81,0.81,,0.0,0,False
2026-04-04 19:45:30+00:00,,,,,,,,0.81,0.81,,0.0,0,False
2026-04-04 19:46:00+00:00,,,,,,,,0.81,0.81,,0.0,0,False
2026-04-04 19:46:30+00:00,,,,,,,,0.8,0.8,,1.0,1,False
2026-04-04 19:47:00+00:00,,,,,,,,0.8,0.8,,0.0,0,False
2026-04-04 19:47:30+00:00,,,,,,,,0.8,0.8,,0.0,0,False
2026-04-04 19:48:00+00:00,,,,,,,,0.8,0.8,,0.0,0,False
2026-04-04 19:48:30+00:00,,,,,,,,0.8,0.8,,0.0,0,False
2026-04-04 19:49:00+00:00,,,,,,,,0.8,0.8,,15.0,1,False
2026-04-04 19:49:30+00:00,,,,,,,,0.8,0.8,,0.0,0,False
2026-04-04 19:50:00+00:00,,,,,,,,0.79,0.79,,372.0,2,False
2026-04-04 19:50:30+00:00,,,,,,,,0.8,0.8,,61.0,1,False
2026-04-04 19:51:00+00:00,,,,,,,,0.8,0.8,,0.0,0,False
2026-04-04 19:51:30+00:00,,,,,,,,0.8,0.8,,0.0,0,False
2026-04-04 19:52:00+00:00,,,,,,,,0.8,0.8,,0.0,0,False
2026-04-04 19:52:30+00:00,,,,,,,,0.8000000000000002,0.8,,12.0,1,False
2026-04-04 19:53:00+00:00,,,,,,,,0.79,0.79,,34.0,1,False
2026-04-04 19:53:30+00:00,,,,,,,,0.79,0.79,,0.0,0,False
2026-04-04 19:54:00+00:00,,,,,,,,0.79,0.79,,0.0,0,False
2026-04-04 19:54:30+00:00,,,,,,,,0.79,0.79,,0.0,0,False
2026-04-04 19:55:00+00:00,,,,,,,,0.79,0.79,,0.0,0,False
2026-04-04 19:55:30+00:00,,,,,,,,0.79,0.79,,0.0,0,False
2026-04-04 19:56:00+00:00,,,,,,,,0.79,0.79,,0.0,0,False
2026-04-04 19:56:30+00:00,,,,,,,,0.8000000000000002,0.8,,18.0,2,False
2026-04-04 19:57:00+00:00,,,,,,,,0.8,0.8,,27.0,1,False
2026-04-04 19:57:30+00:00,,,,,,,,0.81,0.81,,240.0,5,False
2026-04-04 19:58:00+00:00,,,,,,,,0.8100000000000002,0.81,,5.0,1,False
2026-04-04 19:58:30+00:00,,,,,,,,0.81,0.81,,38.0,1,False
2026-04-04 19:59:00+00:00,,,,,,,,0.81,0.81,,82.0,1,False
2026-04-04 19:59:30+00:00,,,,,,,,0.81,0.81,,0.0,0,False
2026-04-04 20:00:00+00:00,,,,,,,,0.7933333333333334,0.79,,54.0,2,False
2026-04-04 20:00:30+00:00,,,,,,,,0.7933333333333334,0.79,,0.0,0,False
2026-04-04 20:01:00+00:00,,,,,,,,0.81,0.81,,220.0,2,False
2026-04-04 20:01:30+00:00,,,,,,,,0.7902631578947369,0.79,,76.0,3,False
2026-04-04 20:02:00+00:00,,,,,,,,0.7902631578947369,0.79,,0.0,0,False
2026-04-04 20:02:30+00:00,,,,,,,,0.79,0.79,,4.0,1,False
2026-04-04 20:03:00+00:00,,,,,,,,0.79,0.79,,0.0,0,False
2026-04-04 20:03:30+00:00,,,,,,,,0.79,0.79,,0.0,0,False
2026-04-04 20:04:00+00:00,,,,,,,,0.79,0.79,,0.0,0,False
2026-04-04 20:04:30+00:00,,,,,,,,0.81,0.81,,1.0,1,False
2026-04-04 20:05:00+00:00,,,,,,,,0.81,0.81,,60.0,1,False
2026-04-04 20:05:30+00:00,,,,,,,,0.81,0.81,,0.0,0,False
2026-04-04 20:06:00+00:00,,,,,,,,0.8100000000000002,0.81,,26944.0,1,False
2026-04-04 20:06:30+00:00,,,,,,,,0.8100000000000002,0.81,,0.0,0,False
2026-04-04 20:07:00+00:00,,,,,,,,0.8100000000000002,0.81,,0.0,0,False
2026-04-04 20:07:30+00:00,,,,,,,,0.8100000000000002,0.81,,0.0,0,False
2026-04-04 20:08:00+00:00,,,,,,,,0.8100000000000002,0.81,,0.0,0,False
2026-04-04 20:08:30+00:00,,,,,,,,0.8100000000000002,0.81,,0.0,0,False
2026-04-04 20:09:00+00:00,,,,,,,,0.8100000000000002,0.81,,0.0,0,False
2026-04-04 20:09:30+00:00,,,,,,,,0.8100000000000002,0.81,,0.0,0,False
2026-04-04 20:10:00+00:00,,,,,,,,0.8100000000000002,0.81,,0.0,0,False
2026-04-04 20:10:30+00:00,,,,,,,,0.8100000000000002,0.81,,0.0,0,False
2026-04-04 20:11:00+00:00,,,,,,,,0.79,0.79,,24.0,1,False
2026-04-04 20:11:30+00:00,,,,,,,,0.79,0.79,,0.0,0,False
2026-04-04 20:12:00+00:00,,,,,,,,0.79,0.79,,0.0,0,False
2026-04-04 20:12:30+00:00,,,,,,,,0.79,0.79,,0.0,0,False
2026-04-04 20:13:00+00:00,,,,,,,,0.79,0.79,,2.0,1,False
2026-04-04 20:13:30+00:00,,,,,,,,0.81,0.81,,36.0,1,False
2026-04-04 20:14:00+00:00,,,,,,,,0.81,0.81,,0.0,0,False
2026-04-04 20:14:30+00:00,,,,,,,,0.81,0.81,,0.0,0,False
2026-04-04 20:15:00+00:00,,,,,,,,0.81,0.81,,0.0,0,False
2026-04-04 20:15:30+00:00,,,,,,,,0.81,0.81,,60.0,1,False
2026-04-04 20:16:00+00:00,,,,,,,,0.81,0.81,,0.0,0,False
2026-04-04 20:16:30+00:00,,,,,,,,0.81,0.81,,0.0,0,False
2026-04-04 20:17:00+00:00,,,,,,,,0.8,0.8,,30.0,1,False
2026-04-04 20:17:30+00:00,,,,,,,,0.8,0.8,,0.0,0,False
2026-04-04 20:18:00+00:00,,,,,,,,0.8,0.8,,0.0,0,False
2026-04-04 20:18:30+00:00,,,,,,,,0.8,0.8,,0.0,0,False
2026-04-04 20:19:00+00:00,,,,,,,,0.79,0.79,,4.0,1,False
2026-04-04 20:19:30+00:00,,,,,,,,0.81,0.81,,18.0,1,False
2026-04-04 20:20:00+00:00,,,,,,,,0.81,0.81,,0.0,0,False
2026-04-04 20:20:30+00:00,,,,,,,,0.81,0.81,,0.0,0,False
2026-04-04 20:21:00+00:00,,,,,,,,0.81,0.81,,100.0,1,False
2026-04-04 20:21:30+00:00,,,,,,,,0.79,0.79,,8.0,2,False
2026-04-04 20:22:00+00:00,,,,,,,,0.79,0.79,,0.0,0,False
2026-04-04 20:22:30+00:00,,,,,,,,0.7900000000000001,0.79,,22.0,1,False
2026-04-04 20:23:00+00:00,,,,,,,,0.7900000000000001,0.79,,0.0,0,False
2026-04-04 20:23:30+00:00,,,,,,,,0.7900000000000001,0.79,,0.0,0,False
2026-04-04 20:24:00+00:00,,,,,,,,0.7900000000000001,0.79,,0.0,0,False
2026-04-04 20:24:30+00:00,,,,,,,,0.7900000000000001,0.79,,0.0,0,False
2026-04-04 20:25:00+00:00,,,,,,,,0.79,0.79,,2.0,1,False
2026-04-04 20:25:30+00:00,,,,,,,,0.7900000000000001,0.79,,45.0,1,False
2026-04-04 20:26:00+00:00,,,,,,,,0.7900000000000001,0.79,,0.0,0,False
2026-04-04 20:26:30+00:00,,,,,,,,0.7900000000000001,0.79,,0.0,0,False
2026-04-04 20:27:00+00:00,,,,,,,,0.7900000000000001,0.79,,0.0,0,False
2026-04-04 20:27:30+00:00,,,,,,,,0.7900000000000001,0.79,,0.0,0,False
2026-04-04 20:28:00+00:00,,,,,,,,0.7900000000000001,0.79,,0.0,0,False
2026-04-04 20:28:30+00:00,,,,,,,,0.7900000000000001,0.79,,0.0,0,False
2026-04-04 20:29:00+00:00,,,,,,,,0.7900000000000001,0.79,,0.0,0,False
2026-04-04 20:29:30+00:00,,,,,,,,0.8100000000000002,0.81,,38.0,2,False
2026-04-04 20:30:00+00:00,,,,,,,,0.8100000000000002,0.81,,0.0,0,False
2026-04-04 20:30:30+00:00,,,,,,,,0.79,0.79,,21.0,1,False
2026-04-04 20:31:00+00:00,,,,,,,,0.8100000000000002,0.81,,5.0,1,False
2026-04-04 20:31:30+00:00,,,,,,,,0.8100000000000002,0.81,,0.0,0,False
2026-04-04 20:32:00+00:00,,,,,,,,0.8100000000000002,0.81,,0.0,0,False
2026-04-04 20:32:30+00:00,,,,,,,,0.8100000000000002,0.81,,0.0,0,False
2026-04-04 20:33:00+00:00,,,,,,,,0.8100000000000002,0.81,,0.0,0,False
2026-04-04 20:33:30+00:00,,,,,,,,0.7908510638297873,0.79,,47.0,2,False
2026-04-04 20:34:00+00:00,,,,,,,,0.7908510638297873,0.79,,0.0,0,False
2026-04-04 20:34:30+00:00,,,,,,,,0.79,0.79,,100.0,1,False
2026-04-04 20:35:00+00:00,,,,,,,,0.81,0.81,,316.0,1,False
2026-04-04 20:35:30+00:00,,,,,,,,0.81,0.81,,38.0,1,False
2026-04-04 20:36:00+00:00,,,,,,,,0.81,0.81,,301.0,1,False
2026-04-04 20:36:30+00:00,,,,,,,,0.81,0.81,,0.0,0,False
2026-04-04 20:37:00+00:00,,,,,,,,0.81,0.81,,0.0,0,False
2026-04-04 20:37:30+00:00,,,,,,,,0.79,0.79,,10.0,1,False
2026-04-04 20:38:00+00:00,,,,,,,,0.7899999999999999,0.79,,99.0,2,False
2026-04-04 20:38:30+00:00,,,,,,,,0.7899999999999999,0.79,,0.0,0,False
2026-04-04 20:39:00+00:00,,,,,,,,0.7899999999999999,0.79,,0.0,0,False
2026-04-04 20:39:30+00:00,,,,,,,,0.7899999999999999,0.79,,0.0,0,False
2026-04-04 20:40:00+00:00,,,,,,,,0.7899999999999999,0.79,,0.0,0,False
2026-04-04 20:40:30+00:00,,,,,,,,0.81,0.81,,12.0,1,False
2026-04-04 20:41:00+00:00,,,,,,,,0.7899999999999999,0.79,,43.0,1,False
2026-04-04 20:41:30+00:00,,,,,,,,0.7899999999999999,0.79,,0.0,0,False
2026-04-04 20:42:00+00:00,,,,,,,,0.81,0.81,,18.0,1,False
2026-04-04 20:42:30+00:00,,,,,,,,0.79,0.79,,4.0,1,False
2026-04-04 20:43:00+00:00,,,,,,,,0.79,0.79,,0.0,0,False
2026-04-04 20:43:30+00:00,,,,,,,,0.79,0.79,,0.0,0,False
2026-04-04 20:44:00+00:00,,,,,,,,0.79,0.79,,0.0,0,False
2026-04-04 20:44:30+00:00,,,,,,,,0.79,0.79,,0.0,0,False
2026-04-04 20:45:00+00:00,,,,,,,,0.7900000000000001,0.79,,45.0,1,False
2026-04-04 20:45:30+00:00,,,,,,,,0.81,0.81,,1.0,1,False
2026-04-04 20:46:00+00:00,,,,,,,,0.81,0.81,,33.0,1,False
2026-04-04 20:46:30+00:00,,,,,,,,0.81,0.81,,0.0,0,False
2026-04-04 20:47:00+00:00,,,,,,,,0.81,0.81,,0.0,0,False
2026-04-04 20:47:30+00:00,,,,,,,,0.81,0.81,,0.0,0,False
2026-04-04 20:48:00+00:00,,,,,,,,0.81,0.81,,0.0,0,False
2026-04-04 20:48:30+00:00,,,,,,,,0.81,0.81,,0.0,0,False
2026-04-04 20:49:00+00:00,,,,,,,,0.79,0.79,,9.0,1,False
2026-04-04 20:49:30+00:00,,,,,,,,0.81,0.81,,2.0,1,False
2026-04-04 20:50:00+00:00,,,,,,,,0.81,0.81,,0.0,0,False
2026-04-04 20:50:30+00:00,,,,,,,,0.8,0.8,,119.0,2,False
2026-04-04 20:51:00+00:00,,,,,,,,0.79,0.79,,4.0,1,False
2026-04-04 20:51:30+00:00,,,,,,,,0.79,0.79,,0.0,0,False
2026-04-04 20:52:00+00:00,,,,,,,,0.81,0.81,,24.0,1,False
2026-04-04 20:52:30+00:00,,,,,,,,0.81,0.81,,0.0,0,False
2026-04-04 20:53:00+00:00,,,,,,,,0.81,0.81,,0.0,0,False
2026-04-04 20:53:30+00:00,,,,,,,,0.81,0.81,,0.0,0,False
2026-04-04 20:54:00+00:00,,,,,,,,0.79,0.79,,9.0,1,False
2026-04-04 20:54:30+00:00,,,,,,,,0.79,0.79,,0.0,0,False
2026-04-04 20:55:00+00:00,,,,,,,,0.81,0.81,,60.0,1,False
2026-04-04 20:55:30+00:00,,,,,,,,0.81,0.81,,0.0,0,False
2026-04-04 20:56:00+00:00,,,,,,,,0.79,0.79,,8.0,1,False
2026-04-04 20:56:30+00:00,,,,,,,,0.79,0.79,,0.0,0,False
2026-04-04 20:57:00+00:00,,,,,,,,0.79,0.79,,0.0,0,False
2026-04-04 20:57:30+00:00,,,,,,,,0.79,0.79,,0.0,0,False
2026-04-04 20:58:00+00:00,,,,,,,,0.79,0.79,,0.0,0,False
2026-04-04 20:58:30+00:00,,,,,,,,0.79,0.79,,0.0,0,False
2026-04-04 20:59:00+00:00,,,,,,,,0.79,0.79,,0.0,0,False
2026-04-04 20:59:30+00:00,,,,,,,,0.79,0.79,,0.0,0,False
2026-04-04 21:00:00+00:00,,,,,,,,0.79,0.79,,0.0,0,False
2026-04-04 21:00:30+00:00,,,,,,,,0.79,0.79,,0.0,0,False
2026-04-04 21:01:00+00:00,,,,,,,,0.79,0.79,,0.0,0,False
2026-04-04 21:01:30+00:00,,,,,,,,0.8033333333333333,0.81,,39.0,3,False
2026-04-04 21:02:00+00:00,,,,,,,,0.81,0.81,,2.0,1,False
2026-04-04 21:02:30+00:00,,,,,,,,0.81,0.81,,0.0,0,False
2026-04-04 21:03:00+00:00,,,,,,,,0.81,0.81,,0.0,0,False
2026-04-04 21:03:30+00:00,,,,,,,,0.79,0.79,,1100.0,2,False
2026-04-04 21:04:00+00:00,,,,,,,,0.79,0.79,,0.0,0,False
2026-04-04 21:04:30+00:00,,,,,,,,0.79,0.79,,4.0,1,False
2026-04-04 21:05:00+00:00,,,,,,,,0.79,0.79,,0.0,0,False
2026-04-04 21:05:30+00:00,,,,,,,,0.79,0.79,,0.0,0,False
2026-04-04 21:06:00+00:00,,,,,,,,0.79,0.79,,0.0,0,False
2026-04-04 21:06:30+00:00,,,,,,,,0.8000000000000002,0.8,,24.0,1,False
2026-04-04 21:07:00+00:00,,,,,,,,0.8000000000000002,0.8,,0.0,0,False
2026-04-04 21:07:30+00:00,,,,,,,,0.81,0.81,,6.0,1,False
2026-04-04 21:08:00+00:00,,,,,,,,0.81,0.81,,0.0,0,False
2026-04-04 21:08:30+00:00,,,,,,,,0.81,0.81,,0.0,0,False
2026-04-04 21:09:00+00:00,,,,,,,,0.81,0.81,,0.0,0,False
2026-04-04 21:09:30+00:00,,,,,,,,0.81,0.81,,0.0,0,False
2026-04-04 21:10:00+00:00,,,,,,,,0.81,0.81,,19.0,1,False
2026-04-04 21:10:30+00:00,,,,,,,,0.81,0.81,,9.0,1,False
2026-04-04 21:11:00+00:00,,,,,,,,0.81,0.81,,60.0,1,False
2026-04-04 21:11:30+00:00,,,,,,,,0.81,0.81,,0.0,0,False
2026-04-04 21:12:00+00:00,,,,,,,,0.81,0.81,,0.0,0,False
2026-04-04 21:12:30+00:00,,,,,,,,0.81,0.81,,0.0,0,False
2026-04-04 21:13:00+00:00,,,,,,,,0.81,0.81,,0.0,0,False
2026-04-04 21:13:30+00:00,,,,,,,,0.79,0.79,,21.0,1,False
2026-04-04 21:14:00+00:00,,,,,,,,0.79,0.79,,0.0,0,False
2026-04-04 21:14:30+00:00,,,,,,,,0.79,0.79,,0.0,0,False
2026-04-04 21:15:00+00:00,,,,,,,,0.79,0.79,,0.0,0,False
2026-04-04 21:15:30+00:00,,,,,,,,0.79,0.79,,0.0,0,False
2026-04-04 21:16:00+00:00,,,,,,,,0.79,0.79,,0.0,0,False
2026-04-04 21:16:30+00:00,,,,,,,,0.79,0.79,,0.0,0,False
2026-04-04 21:17:00+00:00,,,,,,,,0.79,0.79,,0.0,0,False
2026-04-04 21:17:30+00:00,,,,,,,,0.8100000000000002,0.81,,5.0,1,False
2026-04-04 21:18:00+00:00,,,,,,,,0.81,0.81,,30.0,1,False
2026-04-04 21:18:30+00:00,,,,,,,,0.79,0.79,,1000.0,1,False
2026-04-04 21:19:00+00:00,,,,,,,,0.81,0.81,,1.0,1,False
2026-04-04 21:19:30+00:00,,,,,,,,0.81,0.81,,0.0,0,False
2026-04-04 21:20:00+00:00,,,,,,,,0.81,0.81,,0.0,0,False
2026-04-04 21:20:30+00:00,,,,,,,,0.81,0.81,,132.0,2,False
2026-04-04 21:21:00+00:00,,,,,,,,0.81,0.81,,17.0,2,False
2026-04-04 21:21:30+00:00,,,,,,,,0.81,0.81,,0.0,0,False
2026-04-04 21:22:00+00:00,,,,,,,,0.81,0.81,,0.0,0,False
2026-04-04 21:22:30+00:00,,,,,,,,0.81,0.81,,0.0,0,False
2026-04-04 21:23:00+00:00,,,,,,,,0.81,0.81,,0.0,0,False
2026-04-04 21:23:30+00:00,,,,,,,,0.81,0.81,,0.0,0,False
2026-04-04 21:24:00+00:00,,,,,,,,0.81,0.81,,0.0,0,False
2026-04-04 21:24:30+00:00,,,,,,,,0.79,0.79,,108.0,1,False
2026-04-04 21:25:00+00:00,,,,,,,,0.81,0.81,,9.0,2,False
2026-04-04 21:25:30+00:00,,,,,,,,0.81,0.81,,0.0,0,False
2026-04-04 21:26:00+00:00,,,,,,,,0.81,0.81,,0.0,0,False
2026-04-04 21:26:30+00:00,,,,,,,,0.81,0.81,,12.0,1,False
2026-04-04 21:27:00+00:00,,,,,,,,0.81,0.81,,12.0,2,False
2026-04-04 21:27:30+00:00,,,,,,,,0.81,0.81,,0.0,0,False
2026-04-04 21:28:00+00:00,,,,,,,,0.81,0.81,,12.0,1,False
2026-04-04 21:28:30+00:00,,,,,,,,0.81,0.81,,0.0,0,False
2026-04-04 21:29:00+00:00,,,,,,,,0.81,0.81,,0.0,0,False
2026-04-04 21:29:30+00:00,,,,,,,,0.7899999999999999,0.79,,13.0,1,False
2026-04-04 21:30:00+00:00,,,,,,,,0.81,0.81,,6.0,1,False
2026-04-04 21:30:30+00:00,,,,,,,,0.81,0.81,,0.0,0,False
2026-04-04 21:31:00+00:00,,,,,,,,0.81,0.81,,120.0,1,False
2026-04-04 21:31:30+00:00,,,,,,,,0.81,0.81,,0.0,0,False
2026-04-04 21:32:00+00:00,,,,,,,,0.81,0.81,,0.0,0,False
2026-04-04 21:32:30+00:00,,,,,,,,0.81,0.81,,94.0,2,False
2026-04-04 21:33:00+00:00,,,,,,,,0.81,0.81,,0.0,0,False
2026-04-04 21:33:30+00:00,,,,,,,,0.81,0.81,,0.0,0,False
2026-04-04 21:34:00+00:00,,,,,,,,0.81,0.81,,0.0,0,False
2026-04-04 21:34:30+00:00,,,,,,,,0.81,0.81,,0.0,0,False
2026-04-04 21:35:00+00:00,,,,,,,,0.81,0.81,,0.0,0,False
2026-04-04 21:35:30+00:00,,,,,,,,0.81,0.81,,0.0,0,False
2026-04-04 21:36:00+00:00,,,,,,,,0.81,0.81,,0.0,0,False
2026-04-04 21:36:30+00:00,,,,,,,,0.81,0.81,,0.0,0,False
2026-04-04 21:37:00+00:00,,,,,,,,0.81,0.81,,0.0,0,False
2026-04-04 21:37:30+00:00,,,,,,,,0.81,0.81,,0.0,0,False
2026-04-04 21:38:00+00:00,,,,,,,,0.81,0.81,,0.0,0,False
2026-04-04 21:38:30+00:00,,,,,,,,0.81,0.81,,0.0,0,False
2026-04-04 21:39:00+00:00,,,,,,,,0.81,0.81,,0.0,0,False
2026-04-04 21:39:30+00:00,,,,,,,,0.8100000000000002,0.81,,5.0,1,False
2026-04-04 21:40:00+00:00,,,,,,,,0.8100000000000002,0.81,,0.0,0,False
2026-04-04 21:40:30+00:00,,,,,,,,0.8100000000000002,0.81,,0.0,0,False
2026-04-04 21:41:00+00:00,,,,,,,,0.8100000000000002,0.81,,0.0,0,False
2026-04-04 21:41:30+00:00,,,,,,,,0.8100000000000002,0.81,,0.0,0,False
2026-04-04 21:42:00+00:00,,,,,,,,0.8100000000000002,0.81,,0.0,0,False
2026-04-04 21:42:30+00:00,,,,,,,,0.8100000000000002,0.81,,0.0,0,False
2026-04-04 21:43:00+00:00,,,,,,,,0.8100000000000002,0.81,,0.0,0,False
2026-04-04 21:43:30+00:00,,,,,,,,0.8100000000000002,0.81,,0.0,0,False
2026-04-04 21:44:00+00:00,,,,,,,,0.81,0.81,,42.0,2,False
2026-04-04 21:44:30+00:00,,,,,,,,0.81,0.81,,0.0,0,False
2026-04-04 21:45:00+00:00,,,,,,,,0.81,0.81,,0.0,0,False
2026-04-04 21:45:30+00:00,,,,,,,,0.81,0.81,,6.0,1,False
2026-04-04 21:46:00+00:00,,,,,,,,0.8017647058823529,0.79,,51.0,2,False
2026-04-04 21:46:30+00:00,,,,,,,,0.8017647058823529,0.79,,0.0,0,False
2026-04-04 21:47:00+00:00,,,,,,,,0.8017647058823529,0.79,,0.0,0,False
2026-04-04 21:47:30+00:00,,,,,,,,0.8074927113702625,0.81,,343.0,2,False
2026-04-04 21:48:00+00:00,,,,,,,,0.8074927113702625,0.81,,0.0,0,False
2026-04-04 21:48:30+00:00,,,,,,,,0.8074927113702625,0.81,,0.0,0,False
2026-04-04 21:49:00+00:00,,,,,,,,0.81,0.81,,6.0,1,False
2026-04-04 21:49:30+00:00,,,,,,,,0.81,0.81,,0.0,0,False
2026-04-04 21:50:00+00:00,,,,,,,,0.81,0.81,,0.0,0,False
2026-04-04 21:50:30+00:00,,,,,,,,0.81,0.81,,0.0,0,False
2026-04-04 21:51:00+00:00,,,,,,,,0.81,0.81,,0.0,0,False
2026-04-04 21:51:30+00:00,,,,,,,,0.81,0.81,,0.0,0,False
2026-04-04 21:52:00+00:00,,,,,,,,0.81,0.81,,0.0,0,False
2026-04-04 21:52:30+00:00,,,,,,,,0.81,0.81,,0.0,0,False
2026-04-04 21:53:00+00:00,,,,,,,,0.81,0.81,,0.0,0,False
2026-04-04 21:53:30+00:00,,,,,,,,0.81,0.81,,42.0,1,False
2026-04-04 21:54:00+00:00,,,,,,,,0.81,0.81,,0.0,0,False
2026-04-04 21:54:30+00:00,,,,,,,,0.81,0.81,,0.0,0,False
2026-04-04 21:55:00+00:00,,,,,,,,0.81,0.81,,0.0,0,False
2026-04-04 21:55:30+00:00,,,,,,,,0.81,0.81,,0.0,0,False
2026-04-04 21:56:00+00:00,,,,,,,,0.81,0.81,,0.0,0,False
2026-04-04 21:56:30+00:00,,,,,,,,0.81,0.81,,508.0,6,False
2026-04-04 21:57:00+00:00,,,,,,,,0.81,0.81,,0.0,0,False
2026-04-04 21:57:30+00:00,,,,,,,,0.81,0.81,,18.0,1,False
2026-04-04 21:58:00+00:00,,,,,,,,0.81,0.81,,0.0,0,False
2026-04-04 21:58:30+00:00,,,,,,,,0.8099999999999999,0.81,,7.0,2,False
2026-04-04 21:59:00+00:00,,,,,,,,0.8099999999999999,0.81,,0.0,0,False
2026-04-04 21:59:30+00:00,,,,,,,,0.8031147540983608,0.79,,61.0,2,False
2026-04-04 22:00:00+00:00,,,,,,,,0.81,0.81,,1.0,1,False
2026-04-04 22:00:30+00:00,,,,,,,,0.79,0.79,,4.0,1,False
2026-04-04 22:01:00+00:00,,,,,,,,0.79,0.79,,0.0,0,False
2026-04-04 22:01:30+00:00,,,,,,,,0.79,0.79,,5.0,1,False
2026-04-04 22:02:00+00:00,,,,,,,,0.81,0.81,,119.0,1,False
2026-04-04 22:02:30+00:00,,,,,,,,0.8083333333333332,0.79,,48.0,2,False
2026-04-04 22:03:00+00:00,,,,,,,,0.81,0.81,,138.0,2,False
2026-04-04 22:03:30+00:00,,,,,,,,0.81,0.81,,0.0,0,False
2026-04-04 22:04:00+00:00,,,,,,,,0.81,0.81,,0.0,0,False
2026-04-04 22:04:30+00:00,,,,,,,,0.81,0.81,,121.0,1,False
2026-04-04 22:05:00+00:00,,,,,,,,0.81,0.81,,0.0,0,False
2026-04-04 22:05:30+00:00,,,,,,,,0.81,0.81,,1345.0,3,False
2026-04-04 22:06:00+00:00,,,,,,,,0.8089772727272727,0.81,,528.0,4,False
2026-04-04 22:06:30+00:00,,,,,,,,0.81,0.81,,500.0,1,False
2026-04-04 22:07:00+00:00,,,,,,,,0.81,0.81,,0.0,0,False
2026-04-04 22:07:30+00:00,,,,,,,,0.81,0.81,,0.0,0,False
2026-04-04 22:08:00+00:00,,,,,,,,0.8093750000000001,0.8,,32.0,2,False
2026-04-04 22:08:30+00:00,,,,,,,,0.81,0.81,,109.0,1,False
2026-04-04 22:09:00+00:00,,,,,,,,0.8019999999999999,0.79,,10.0,2,False
2026-04-04 22:09:30+00:00,,,,,,,,0.81,0.81,,15.0,1,False
2026-04-04 22:10:00+00:00,,,,,,,,0.794332129963899,0.81,,277.0,5,False
2026-04-04 22:10:30+00:00,,,,,,,,0.7910480349344978,0.81,,229.0,2,False
2026-04-04 22:11:00+00:00,,,,,,,,0.8095395189003437,0.79,,2910.0,4,False
2026-04-04 22:11:30+00:00,,,,,,,,0.81,0.81,,6.0,1,False
2026-04-04 22:12:00+00:00,,,,,,,,0.79,0.79,,20.0,1,False
2026-04-04 22:12:30+00:00,,,,,,,,0.81,0.81,,60.0,1,False
2026-04-04 22:13:00+00:00,,,,,,,,0.81,0.81,,0.0,0,False
2026-04-04 22:13:30+00:00,,,,,,,,0.81,0.81,,124.0,2,False
2026-04-04 22:14:00+00:00,,,,,,,,0.81,0.81,,0.0,0,False
2026-04-04 22:14:30+00:00,,,,,,,,0.81,0.81,,0.0,0,False
2026-04-04 22:15:00+00:00,,,,,,,,0.79,0.79,,4.0,1,False
2026-04-04 22:15:30+00:00,,,,,,,,0.79,0.79,,0.0,0,False
2026-04-04 22:16:00+00:00,,,,,,,,0.79,0.79,,0.0,0,False
2026-04-04 22:16:30+00:00,,,,,,,,0.81,0.81,,30.0,1,False
2026-04-04 22:17:00+00:00,,,,,,,,0.81,0.81,,0.0,0,False
2026-04-04 22:17:30+00:00,,,,,,,,0.81,0.81,,0.0,0,False
2026-04-04 22:18:00+00:00,,,,,,,,0.81,0.81,,0.0,0,False
2026-04-04 22:18:30+00:00,,,,,,,,0.81,0.81,,0.0,0,False
2026-04-04 22:19:00+00:00,,,,,,,,0.81,0.81,,134.0,2,False
2026-04-04 22:19:30+00:00,,,,,,,,0.81,0.81,,42.0,1,False
2026-04-04 22:20:00+00:00,,,,,,,,0.81,0.81,,0.0,0,False
2026-04-04 22:20:30+00:00,,,,,,,,0.81,0.81,,0.0,0,False
2026-04-04 22:21:00+00:00,,,,,,,,0.81,0.81,,0.0,0,False
2026-04-04 22:21:30+00:00,,,,,,,,0.8099600798403194,0.79,,2004.0,2,False
2026-04-04 22:22:00+00:00,,,,,,,,0.81,0.81,,144.0,1,False
2026-04-04 22:22:30+00:00,,,,,,,,0.81,0.81,,0.0,0,False
2026-04-04 22:23:00+00:00,,,,,,,,0.81,0.81,,60.0,1,False
2026-04-04 22:23:30+00:00,,,,,,,,0.79,0.79,,27.0,1,False
2026-04-04 22:24:00+00:00,,,,,,,,0.79,0.79,,0.0,0,False
2026-04-04 22:24:30+00:00,,,,,,,,0.81,0.81,,39.0,1,False
2026-04-04 22:25:00+00:00,,,,,,,,0.81,0.81,,0.0,0,False
2026-04-04 22:25:30+00:00,,,,,,,,0.81,0.81,,50.0,1,False
2026-04-04 22:26:00+00:00,,,,,,,,0.81,0.81,,0.0,0,False
2026-04-04 22:26:30+00:00,,,,,,,,0.81,0.81,,0.0,0,False
2026-04-04 22:27:00+00:00,,,,,,,,0.79,0.79,,9.0,1,False
2026-04-04 22:27:30+00:00,,,,,,,,0.79,0.79,,0.0,0,False
2026-04-04 22:28:00+00:00,,,,,,,,0.81,0.81,,2.0,1,False
2026-04-04 22:28:30+00:00,,,,,,,,0.81,0.81,,0.0,0,False
2026-04-04 22:29:00+00:00,,,,,,,,0.79,0.79,,20.0,1,False
2026-04-04 22:29:30+00:00,,,,,,,,0.79,0.79,,3.0,1,False
2026-04-04 22:30:00+00:00,,,,,,,,0.79,0.79,,0.0,0,False
2026-04-04 22:30:30+00:00,,,,,,,,0.7899999999999999,0.79,,13.0,1,False
2026-04-04 22:31:00+00:00,,,,,,,,0.7899999999999999,0.79,,0.0,0,False
2026-04-04 22:31:30+00:00,,,,,,,,0.7899999999999999,0.79,,0.0,0,False
2026-04-04 22:32:00+00:00,,,,,,,,0.81,0.81,,1000.0,1,False
2026-04-04 22:32:30+00:00,,,,,,,,0.81,0.81,,0.0,0,False
2026-04-04 22:33:00+00:00,,,,,,,,0.81,0.81,,0.0,0,False
2026-04-04 22:33:30+00:00,,,,,,,,0.7900000000000001,0.79,,120.0,1,False
2026-04-04 22:34:00+00:00,,,,,,,,0.81,0.81,,1000.0,1,False
2026-04-04 22:34:30+00:00,,,,,,,,0.81,0.81,,0.0,0,False
2026-04-04 22:35:00+00:00,,,,,,,,0.79,0.79,,2.0,1,False
2026-04-04 22:35:30+00:00,,,,,,,,0.79,0.79,,0.0,0,False
2026-04-04 22:36:00+00:00,,,,,,,,0.79,0.79,,0.0,0,False
2026-04-04 22:36:30+00:00,,,,,,,,0.79,0.79,,0.0,0,False
2026-04-04 22:37:00+00:00,,,,,,,,0.79,0.79,,0.0,0,False
2026-04-04 22:37:30+00:00,,,,,,,,0.79,0.79,,0.0,0,False
2026-04-04 22:38:00+00:00,,,,,,,,0.79,0.79,,0.0,0,False
2026-04-04 22:38:30+00:00,,,,,,,,0.79,0.79,,0.0,0,False
2026-04-04 22:39:00+00:00,,,,,,,,0.81,0.81,,2.0,1,False
2026-04-04 22:39:30+00:00,,,,,,,,0.81,0.81,,0.0,0,False
2026-04-04 22:40:00+00:00,,,,,,,,0.81,0.81,,0.0,0,False
2026-04-04 22:40:30+00:00,,,,,,,,0.81,0.81,,0.0,0,False
2026-04-04 22:41:00+00:00,,,,,,,,0.79,0.79,,4.0,1,False
2026-04-04 22:41:30+00:00,,,,,,,,0.79,0.79,,0.0,0,False
2026-04-04 22:42:00+00:00,,,,,,,,0.79,0.79,,0.0,0,False
2026-04-04 22:42:30+00:00,,,,,,,,0.79,0.79,,0.0,0,False
2026-04-04 22:43:00+00:00,,,,,,,,0.79,0.79,,0.0,0,False
2026-04-04 22:43:30+00:00,,,,,,,,0.79,0.79,,0.0,0,False
2026-04-04 22:44:00+00:00,,,,,,,,0.81,0.81,,60.0,1,False
2026-04-04 22:44:30+00:00,,,,,,,,0.81,0.81,,0.0,0,False
2026-04-04 22:45:00+00:00,,,,,,,,0.81,0.81,,0.0,0,False
2026-04-04 22:45:30+00:00,,,,,,,,0.81,0.81,,0.0,0,False
2026-04-04 22:46:00+00:00,,,,,,,,0.81,0.81,,0.0,0,False
2026-04-04 22:46:30+00:00,,,,,,,,0.81,0.81,,0.0,0,False
2026-04-04 22:47:00+00:00,,,,,,,,0.81,0.81,,110.0,2,False
2026-04-04 22:47:30+00:00,,,,,,,,0.82,0.82,,330.0,1,False
2026-04-04 22:48:00+00:00,,,,,,,,0.82,0.82,,0.0,0,False
2026-04-04 22:48:30+00:00,,,,,,,,0.79,0.79,,200.0,1,False
2026-04-04 22:49:00+00:00,,,,,,,,0.79,0.79,,0.0,0,False
2026-04-04 22:49:30+00:00,,,,,,,,0.82,0.82,,15.0,1,False
2026-04-04 22:50:00+00:00,,,,,,,,0.82,0.82,,0.0,0,False
2026-04-04 22:50:30+00:00,,,,,,,,0.82,0.82,,1.0,1,False
2026-04-04 22:51:00+00:00,,,,,,,,0.82,0.82,,119.0,1,False
2026-04-04 22:51:30+00:00,,,,,,,,0.82,0.82,,0.0,0,False
2026-04-04 22:52:00+00:00,,,,,,,,0.82,0.82,,0.0,0,False
2026-04-04 22:52:30+00:00,,,,,,,,0.8,0.8,,15.0,1,False
2026-04-04 22:53:00+00:00,,,,,,,,0.8,0.8,,113.0,2,False
2026-04-04 22:53:30+00:00,,,,,,,,0.82,0.82,,243.0,2,False
2026-04-04 22:54:00+00:00,,,,,,,,0.82,0.82,,0.0,0,False
2026-04-04 22:54:30+00:00,,,,,,,,0.8200000000000001,0.82,,7046.0,4,False
2026-04-04 22:55:00+00:00,,,,,,,,0.8200000000000001,0.82,,0.0,0,False
2026-04-04 22:55:30+00:00,,,,,,,,0.8200000000000001,0.82,,0.0,0,False
2026-04-04 22:56:00+00:00,,,,,,,,0.8200000000000001,0.82,,0.0,0,False
2026-04-04 22:56:30+00:00,,,,,,,,0.8200000000000001,0.82,,0.0,0,False
2026-04-04 22:57:00+00:00,,,,,,,,0.8200000000000001,0.82,,714.0,1,False
2026-04-04 22:57:30+00:00,,,,,,,,0.8200000000000001,0.82,,0.0,0,False
2026-04-04 22:58:00+00:00,,,,,,,,0.8200000000000001,0.82,,0.0,0,False
2026-04-04 22:58:30+00:00,,,,,,,,0.8200000000000001,0.82,,0.0,0,False
2026-04-04 22:59:00+00:00,,,,,,,,0.8200000000000001,0.82,,0.0,0,False
2026-04-04 22:59:30+00:00,,,,,,,,0.82,0.82,,1.0,1,False
2026-04-04 23:00:00+00:00,,,,,,,,0.82,0.82,,1024.0,3,False
2026-04-04 23:00:30+00:00,,,,,,,,0.8,0.8,,28.0,1,False
2026-04-04 23:01:00+00:00,,,,,,,,0.8,0.8,,0.0,0,False
2026-04-04 23:01:30+00:00,,,,,,,,0.81,0.81,,13.0,2,False
2026-04-04 23:02:00+00:00,,,,,,,,0.8085714285714286,0.8,,14.0,3,False
2026-04-04 23:02:30+00:00,,,,,,,,0.8085714285714286,0.8,,0.0,0,False
2026-04-04 23:03:00+00:00,,,,,,,,0.8085714285714286,0.8,,0.0,0,False
2026-04-04 23:03:30+00:00,,,,,,,,0.8085714285714286,0.8,,0.0,0,False
2026-04-04 23:04:00+00:00,,,,,,,,0.8085714285714286,0.8,,0.0,0,False
2026-04-04 23:04:30+00:00,,,,,,,,0.82,0.82,,602.0,2,False
2026-04-04 23:05:00+00:00,,,,,,,,0.82,0.82,,0.0,0,False
2026-04-04 23:05:30+00:00,,,,,,,,0.82,0.82,,0.0,0,False
2026-04-04 23:06:00+00:00,,,,,,,,0.82,0.82,,0.0,0,False
2026-04-04 23:06:30+00:00,,,,,,,,0.82,0.82,,120.0,1,False
2026-04-04 23:07:00+00:00,,,,,,,,0.82,0.82,,0.0,0,False
2026-04-04 23:07:30+00:00,,,,,,,,0.82,0.82,,12.0,1,False
2026-04-04 23:08:00+00:00,,,,,,,,0.8000000000000002,0.8,,91.0,2,False
2026-04-04 23:08:30+00:00,,,,,,,,0.8000000000000002,0.8,,0.0,0,False
2026-04-04 23:09:00+00:00,,,,,,,,0.82,0.82,,1195.0,4,False
2026-04-04 23:09:30+00:00,,,,,,,,0.8,0.8,,25.0,1,False
2026-04-04 23:10:00+00:00,,,,,,,,0.807,0.81,,10.0,2,False
2026-04-04 23:10:30+00:00,,,,,,,,0.807,0.81,,0.0,0,False
2026-04-04 23:11:00+00:00,,,,,,,,0.807,0.81,,0.0,0,False
2026-04-04 23:11:30+00:00,,,,,,,,0.807,0.81,,0.0,0,False
2026-04-04 23:12:00+00:00,,,,,,,,0.807,0.81,,0.0,0,False
2026-04-04 23:12:30+00:00,,,,,,,,0.807,0.81,,0.0,0,False
2026-04-04 23:13:00+00:00,,,,,,,,0.807,0.81,,0.0,0,False
2026-04-04 23:13:30+00:00,,,,,,,,0.807,0.81,,0.0,0,False
2026-04-04 23:14:00+00:00,,,,,,,,0.807,0.81,,0.0,0,False
2026-04-04 23:14:30+00:00,,,,,,,,0.82,0.82,,56.0,3,False
2026-04-04 23:15:00+00:00,,,,,,,,0.82,0.82,,0.0,0,False
2026-04-04 23:15:30+00:00,,,,,,,,0.82,0.82,,0.0,0,False
2026-04-04 23:16:00+00:00,,,,,,,,0.82,0.82,,0.0,0,False
2026-04-04 23:16:30+00:00,,,,,,,,0.82,0.82,,0.0,0,False
2026-04-04 23:17:00+00:00,,,,,,,,0.82,0.82,,0.0,0,False
2026-04-04 23:17:30+00:00,,,,,,,,0.82,0.82,,0.0,0,False
2026-04-04 23:18:00+00:00,,,,,,,,0.8119999999999999,0.82,,15.0,2,False
2026-04-04 23:18:30+00:00,,,,,,,,0.81,0.81,,4.0,1,False
2026-04-04 23:19:00+00:00,,,,,,,,0.81,0.81,,0.0,0,False
2026-04-04 23:19:30+00:00,,,,,,,,0.8144520547945205,0.79,,292.0,4,False
2026-04-04 23:20:00+00:00,,,,,,,,0.8144520547945205,0.79,,0.0,0,False
2026-04-04 23:20:30+00:00,,,,,,,,0.8144520547945205,0.79,,0.0,0,False
2026-04-04 23:21:00+00:00,,,,,,,,0.8144520547945205,0.79,,0.0,0,False
2026-04-04 23:21:30+00:00,,,,,,,,0.8100000000000002,0.81,,40.0,3,False
2026-04-04 23:22:00+00:00,,,,,,,,0.8100000000000002,0.81,,0.0,0,False
2026-04-04 23:22:30+00:00,,,,,,,,0.82,0.82,,36.0,1,False
2026-04-04 23:23:00+00:00,,,,,,,,0.82,0.82,,229.0,1,False
2026-04-04 23:23:30+00:00,,,,,,,,0.7900000000000001,0.79,,22.0,1,False
2026-04-04 23:24:00+00:00,,,,,,,,0.79,0.79,,9.0,1,False
2026-04-04 23:24:30+00:00,,,,,,,,0.79,0.79,,0.0,0,False
2026-04-04 23:25:00+00:00,,,,,,,,0.807511961722488,0.82,,209.0,5,False
2026-04-04 23:25:30+00:00,,,,,,,,0.7899999999999999,0.79,,86.0,1,False
2026-04-04 23:26:00+00:00,,,,,,,,0.7899999999999999,0.79,,0.0,0,False
2026-04-04 23:26:30+00:00,,,,,,,,0.7899999999999999,0.79,,0.0,0,False
2026-04-04 23:27:00+00:00,,,,,,,,0.7899999999999999,0.79,,0.0,0,False
2026-04-04 23:27:30+00:00,,,,,,,,0.7899999999999999,0.79,,0.0,0,False
2026-04-04 23:28:00+00:00,,,,,,,,0.7899999999999999,0.79,,0.0,0,False
2026-04-04 23:28:30+00:00,,,,,,,,0.7899999999999999,0.79,,0.0,0,False
2026-04-04 23:29:00+00:00,,,,,,,,0.7899999999999999,0.79,,0.0,0,False
2026-04-04 23:29:30+00:00,,,,,,,,0.82,0.82,,37.0,2,False
2026-04-04 23:30:00+00:00,,,,,,,,0.82,0.82,,2.0,1,False
2026-04-04 23:30:30+00:00,,,,,,,,0.82,0.82,,0.0,0,False
2026-04-04 23:31:00+00:00,,,,,,,,0.82,0.82,,0.0,0,False
2026-04-04 23:31:30+00:00,,,,,,,,0.79,0.79,,2.0,1,False
2026-04-04 23:32:00+00:00,,,,,,,,0.79,0.79,,0.0,0,False
2026-04-04 23:32:30+00:00,,,,,,,,0.79,0.79,,0.0,0,False
2026-04-04 23:33:00+00:00,,,,,,,,0.79,0.79,,0.0,0,False
2026-04-04 23:33:30+00:00,,,,,,,,0.79,0.79,,0.0,0,False
2026-04-04 23:34:00+00:00,,,,,,,,0.82,0.82,,12.0,1,False
2026-04-04 23:34:30+00:00,,,,,,,,0.82,0.82,,18.0,1,False
2026-04-04 23:35:00+00:00,,,,,,,,0.82,0.82,,0.0,0,False
2026-04-04 23:35:30+00:00,,,,,,,,0.82,0.82,,0.0,0,False
2026-04-04 23:36:00+00:00,,,,,,,,0.82,0.82,,0.0,0,False
2026-04-04 23:36:30+00:00,,,,,,,,0.82,0.82,,0.0,0,False
2026-04-04 23:37:00+00:00,,,,,,,,0.82,0.82,,1.0,1,False
2026-04-04 23:37:30+00:00,,,,,,,,0.82,0.82,,0.0,0,False
2026-04-04 23:38:00+00:00,,,,,,,,0.82,0.82,,0.0,0,False
2026-04-04 23:38:30+00:00,,,,,,,,0.7900000000000001,0.79,,45.0,1,False
2026-04-04 23:39:00+00:00,,,,,,,,0.8200000000000001,0.82,,26.0,1,False
2026-04-04 23:39:30+00:00,,,,,,,,0.79,0.79,,4.0,1,False
2026-04-04 23:40:00+00:00,,,,,,,,0.79,0.79,,0.0,0,False
2026-04-04 23:40:30+00:00,,,,,,,,0.79,0.79,,0.0,0,False
2026-04-04 23:41:00+00:00,,,,,,,,0.79,0.79,,0.0,0,False
2026-04-04 23:41:30+00:00,,,,,,,,0.79,0.79,,0.0,0,False
2026-04-04 23:42:00+00:00,,,,,,,,0.79,0.79,,21.0,1,False
2026-04-04 23:42:30+00:00,,,,,,,,0.7946938775510204,0.81,,294.0,2,False
2026-04-04 23:43:00+00:00,,,,,,,,0.7946938775510204,0.81,,0.0,0,False
2026-04-04 23:43:30+00:00,,,,,,,,0.7946938775510204,0.81,,0.0,0,False
2026-04-04 23:44:00+00:00,,,,,,,,0.7946938775510204,0.81,,0.0,0,False
2026-04-04 23:44:30+00:00,,,,,,,,0.7946938775510204,0.81,,0.0,0,False
2026-04-04 23:45:00+00:00,,,,,,,,0.7946938775510204,0.81,,0.0,0,False
2026-04-04 23:45:30+00:00,,,,,,,,0.7946938775510204,0.81,,0.0,0,False
2026-04-04 23:46:00+00:00,,,,,,,,0.7946938775510204,0.81,,0.0,0,False
2026-04-04 23:46:30+00:00,,,,,,,,0.7946938775510204,0.81,,0.0,0,False
2026-04-04 23:47:00+00:00,,,,,,,,0.7946938775510204,0.81,,0.0,0,False
2026-04-04 23:47:30+00:00,,,,,,,,0.7946938775510204,0.81,,0.0,0,False
2026-04-04 23:48:00+00:00,,,,,,,,0.82,0.82,,100.0,1,False
2026-04-04 23:48:30+00:00,,,,,,,,0.82,0.82,,0.0,0,False
2026-04-04 23:49:00+00:00,,,,,,,,0.82,0.82,,0.0,0,False
2026-04-04 23:49:30+00:00,,,,,,,,0.82,0.82,,12.0,1,False
2026-04-04 23:50:00+00:00,,,,,,,,0.82,0.82,,0.0,0,False
2026-04-04 23:50:30+00:00,,,,,,,,0.82,0.82,,0.0,0,False
2026-04-04 23:51:00+00:00,,,,,,,,0.8100226757369615,0.81,,441.0,2,False
2026-04-04 23:51:30+00:00,,,,,,,,0.8100226757369615,0.81,,0.0,0,False
2026-04-04 23:52:00+00:00,,,,,,,,0.8100226757369615,0.81,,0.0,0,False
2026-04-04 23:52:30+00:00,,,,,,,,0.8100226757369615,0.81,,0.0,0,False
2026-04-04 23:53:00+00:00,,,,,,,,0.8100226757369615,0.81,,0.0,0,False
2026-04-04 23:53:30+00:00,,,,,,,,0.8100226757369615,0.81,,0.0,0,False
2026-04-04 23:54:00+00:00,,,,,,,,0.8100226757369615,0.81,,0.0,0,False
2026-04-04 23:54:30+00:00,,,,,,,,0.8100226757369615,0.81,,0.0,0,False
2026-04-04 23:55:00+00:00,,,,,,,,0.8,0.8,,20.0,2,False
2026-04-04 23:55:30+00:00,,,,,,,,0.8,0.8,,1.0,1,False
2026-04-04 23:56:00+00:00,,,,,,,,0.82,0.82,,65.0,1,False
2026-04-04 23:56:30+00:00,,,,,,,,0.82,0.82,,6.0,1,False
2026-04-04 23:57:00+00:00,,,,,,,,0.82,0.82,,0.0,0,False
2026-04-04 23:57:30+00:00,,,,,,,,0.82,0.82,,6.0,1,False
2026-04-04 23:58:00+00:00,,,,,,,,0.82,0.82,,0.0,0,False
2026-04-04 23:58:30+00:00,,,,,,,,0.82,0.82,,0.0,0,False
2026-04-04 23:59:00+00:00,,,,,,,,0.82,0.82,,0.0,0,False
2026-04-04 23:59:30+00:00,,,,,,,,0.8,0.8,,1.0,1,False
2026-04-05 00:00:00+00:00,,,,,,,,0.8,0.8,,0.0,0,False
2026-04-05 00:00:30+00:00,,,,,,,,0.82,0.82,,30.0,1,False
2026-04-05 00:01:00+00:00,,,,,,,,0.82,0.82,,0.0,0,False
2026-04-05 00:01:30+00:00,,,,,,,,0.82,0.82,,120.0,1,False
2026-04-05 00:02:00+00:00,,,,,,,,0.82,0.82,,0.0,0,False
2026-04-05 00:02:30+00:00,,,,,,,,0.82,0.82,,0.0,0,False
2026-04-05 00:03:00+00:00,,,,,,,,0.82,0.82,,0.0,0,False
2026-04-05 00:03:30+00:00,,,,,,,,0.82,0.82,,0.0,0,False
2026-04-05 00:04:00+00:00,,,,,,,,0.82,0.82,,0.0,0,False
2026-04-05 00:04:30+00:00,,,,,,,,0.82,0.82,,0.0,0,False
2026-04-05 00:05:00+00:00,,,,,,,,0.82,0.82,,0.0,0,False
2026-04-05 00:05:30+00:00,,,,,,,,0.82,0.82,,0.0,0,False
2026-04-05 00:06:00+00:00,,,,,,,,0.82,0.82,,59.0,1,False
2026-04-05 00:06:30+00:00,,,,,,,,0.82,0.82,,0.0,0,False
2026-04-05 00:07:00+00:00,,,,,,,,0.80375,0.8,,48.0,3,False
2026-04-05 00:07:30+00:00,,,,,,,,0.80375,0.8,,0.0,0,False
2026-04-05 00:08:00+00:00,,,,,,,,0.80375,0.8,,0.0,0,False
2026-04-05 00:08:30+00:00,,,,,,,,0.80375,0.8,,0.0,0,False
2026-04-05 00:09:00+00:00,,,,,,,,0.80375,0.8,,0.0,0,False
2026-04-05 00:09:30+00:00,,,,,,,,0.81,0.81,,1.0,1,False
2026-04-05 00:10:00+00:00,,,,,,,,0.81,0.81,,0.0,0,False
2026-04-05 00:10:30+00:00,,,,,,,,0.81,0.81,,15.0,1,False
2026-04-05 00:11:00+00:00,,,,,,,,0.81,0.81,,0.0,0,False
2026-04-05 00:11:30+00:00,,,,,,,,0.81,0.81,,0.0,0,False
2026-04-05 00:12:00+00:00,,,,,,,,0.81,0.81,,0.0,0,False
2026-04-05 00:12:30+00:00,,,,,,,,0.81,0.81,,0.0,0,False
2026-04-05 00:13:00+00:00,,,,,,,,0.81,0.81,,0.0,0,False
2026-04-05 00:13:30+00:00,,,,,,,,0.81,0.81,,0.0,0,False
2026-04-05 00:14:00+00:00,,,,,,,,0.81,0.81,,1.0,1,False
2026-04-05 00:14:30+00:00,,,,,,,,0.81,0.81,,0.0,0,False
2026-04-05 00:15:00+00:00,,,,,,,,0.81,0.81,,0.0,0,False
2026-04-05 00:15:30+00:00,,,,,,,,0.81,0.81,,1.0,1,False
2026-04-05 00:16:00+00:00,,,,,,,,0.8098185483870968,0.81,,496.0,5,False
2026-04-05 00:16:30+00:00,,,,,,,,0.8098185483870968,0.81,,0.0,0,False
2026-04-05 00:17:00+00:00,,,,,,,,0.81,0.81,,6.0,1,False
2026-04-05 00:17:30+00:00,,,,,,,,0.81,0.81,,0.0,0,False
2026-04-05 00:18:00+00:00,,,,,,,,0.81,0.81,,0.0,0,False
2026-04-05 00:18:30+00:00,,,,,,,,0.81,0.81,,0.0,0,False
2026-04-05 00:19:00+00:00,,,,,,,,0.81,0.81,,0.0,0,False
2026-04-05 00:19:30+00:00,,,,,,,,0.81,0.81,,0.0,0,False
2026-04-05 00:20:00+00:00,,,,,,,,0.81,0.81,,0.0,0,False
2026-04-05 00:20:30+00:00,,,,,,,,0.81,0.81,,0.0,0,False
2026-04-05 00:21:00+00:00,,,,,,,,0.8019047619047621,0.8,,84.0,2,False
2026-04-05 00:21:30+00:00,,,,,,,,0.8019047619047621,0.8,,0.0,0,False
2026-04-05 00:22:00+00:00,,,,,,,,0.8019047619047621,0.8,,0.0,0,False
2026-04-05 00:22:30+00:00,,,,,,,,0.81,0.81,,6.0,1,False
2026-04-05 00:23:00+00:00,,,,,,,,0.81,0.81,,0.0,0,False
2026-04-05 00:23:30+00:00,,,,,,,,0.81,0.81,,0.0,0,False
2026-04-05 00:24:00+00:00,,,,,,,,0.81,0.81,,6.0,1,False
2026-04-05 00:24:30+00:00,,,,,,,,0.81,0.81,,1.0,1,False
2026-04-05 00:25:00+00:00,,,,,,,,0.81,0.81,,12.0,1,False
2026-04-05 00:25:30+00:00,,,,,,,,0.81,0.81,,0.0,0,False
2026-04-05 00:26:00+00:00,,,,,,,,0.81,0.81,,6.0,1,False
2026-04-05 00:26:30+00:00,,,,,,,,0.81,0.81,,12.0,1,False
2026-04-05 00:27:00+00:00,,,,,,,,0.81,0.81,,0.0,0,False
2026-04-05 00:27:30+00:00,,,,,,,,0.81,0.81,,2.0,1,False
2026-04-05 00:28:00+00:00,,,,,,,,0.81,0.81,,0.0,0,False
2026-04-05 00:28:30+00:00,,,,,,,,0.81,0.81,,0.0,0,False
2026-04-05 00:29:00+00:00,,,,,,,,0.81,0.81,,0.0,0,False
2026-04-05 00:29:30+00:00,,,,,,,,0.8099999999999999,0.81,,74.0,2,False
2026-04-05 00:30:00+00:00,,,,,,,,0.81,0.81,,2.0,1,False
2026-04-05 00:30:30+00:00,,,,,,,,0.81,0.81,,0.0,0,False
2026-04-05 00:31:00+00:00,,,,,,,,0.8100000000000002,0.81,,19.0,2,False
2026-04-05 00:31:30+00:00,,,,,,,,0.8100000000000002,0.81,,0.0,0,False
2026-04-05 00:32:00+00:00,,,,,,,,0.8100000000000002,0.81,,0.0,0,False
2026-04-05 00:32:30+00:00,,,,,,,,0.8100000000000002,0.81,,0.0,0,False
2026-04-05 00:33:00+00:00,,,,,,,,0.8100000000000002,0.81,,0.0,0,False
2026-04-05 00:33:30+00:00,,,,,,,,0.8100000000000002,0.81,,0.0,0,False
2026-04-05 00:34:00+00:00,,,,,,,,0.8073913043478262,0.81,,345.0,3,False
2026-04-05 00:34:30+00:00,,,,,,,,0.8073913043478262,0.81,,0.0,0,False
2026-04-05 00:35:00+00:00,,,,,,,,0.81,0.81,,35.0,1,False
2026-04-05 00:35:30+00:00,,,,,,,,0.8,0.8,,22.0,1,False
2026-04-05 00:36:00+00:00,,,,,,,,0.8100000000000002,0.81,,5.0,1,False
2026-04-05 00:36:30+00:00,,,,,,,,0.8100000000000002,0.81,,0.0,0,False
2026-04-05 00:37:00+00:00,,,,,,,,0.8100000000000002,0.81,,0.0,0,False
2026-04-05 00:37:30+00:00,,,,,,,,0.81,0.81,,2410.0,1,False
2026-04-05 00:38:00+00:00,,,,,,,,0.8100000000000002,0.81,,10.0,1,False
2026-04-05 00:38:30+00:00,,,,,,,,0.8100000000000002,0.81,,0.0,0,False
2026-04-05 00:39:00+00:00,,,,,,,,0.8,0.8,,94.0,1,False
2026-04-05 00:39:30+00:00,,,,,,,,0.8,0.8,,118.0,1,False
2026-04-05 00:40:00+00:00,,,,,,,,0.8,0.8,,0.0,0,False
2026-04-05 00:40:30+00:00,,,,,,,,0.8005833333333334,0.81,,120.0,2,False
2026-04-05 00:41:00+00:00,,,,,,,,0.8005833333333334,0.81,,0.0,0,False
2026-04-05 00:41:30+00:00,,,,,,,,0.8009060402684565,0.81,,298.0,2,False
2026-04-05 00:42:00+00:00,,,,,,,,0.8009060402684565,0.81,,0.0,0,False
2026-04-05 00:42:30+00:00,,,,,,,,0.81,0.81,,252.0,2,False
2026-04-05 00:43:00+00:00,,,,,,,,0.8074747474747475,0.81,,198.0,2,False
2026-04-05 00:43:30+00:00,,,,,,,,0.81,0.81,,243.0,1,False
2026-04-05 00:44:00+00:00,,,,,,,,0.81,0.81,,0.0,0,False
2026-04-05 00:44:30+00:00,,,,,,,,0.8,0.8,,90.0,1,False
2026-04-05 00:45:00+00:00,,,,,,,,0.8,0.8,,0.0,0,False
2026-04-05 00:45:30+00:00,,,,,,,,0.8,0.8,,37.0,2,False
2026-04-05 00:46:00+00:00,,,,,,,,0.81,0.81,,1.0,1,False
2026-04-05 00:46:30+00:00,,,,,,,,0.81,0.81,,0.0,0,False
2026-04-05 00:47:00+00:00,,,,,,,,0.81,0.81,,1320.0,2,False
2026-04-05 00:47:30+00:00,,,,,,,,0.8021428571428572,0.8,,28.0,2,False
2026-04-05 00:48:00+00:00,,,,,,,,0.8021428571428572,0.8,,0.0,0,False
2026-04-05 00:48:30+00:00,,,,,,,,0.8021428571428572,0.8,,0.0,0,False
2026-04-05 00:49:00+00:00,,,,,,,,0.8,0.8,,10.0,2,False
2026-04-05 00:49:30+00:00,,,,,,,,0.8,0.8,,22.0,1,False
2026-04-05 00:50:00+00:00,,,,,,,,0.81,0.81,,54.0,2,False
2026-04-05 00:50:30+00:00,,,,,,,,0.81,0.81,,12.0,1,False
2026-04-05 00:51:00+00:00,,,,,,,,0.81,0.81,,0.0,0,False
2026-04-05 00:51:30+00:00,,,,,,,,0.8100000000000002,0.81,,76.0,3,False
2026-04-05 00:52:00+00:00,,,,,,,,0.8100000000000002,0.81,,0.0,0,False
2026-04-05 00:52:30+00:00,,,,,,,,0.8100000000000002,0.81,,0.0,0,False
2026-04-05 00:53:00+00:00,,,,,,,,0.8100000000000002,0.81,,0.0,0,False
2026-04-05 00:53:30+00:00,,,,,,,,0.8100000000000002,0.81,,0.0,0,False
2026-04-05 00:54:00+00:00,,,,,,,,0.81,0.81,,64.0,1,False
2026-04-05 00:54:30+00:00,,,,,,,,0.81,0.81,,240.0,1,False
2026-04-05 00:55:00+00:00,,,,,,,,0.8,0.8,,23.0,1,False
2026-04-05 00:55:30+00:00,,,,,,,,0.81,0.81,,2.0,1,False
2026-04-05 00:56:00+00:00,,,,,,,,0.81,0.81,,0.0,0,False
2026-04-05 00:56:30+00:00,,,,,,,,0.81,0.81,,60.0,1,False
2026-04-05 00:57:00+00:00,,,,,,,,0.81,0.81,,6.0,1,False
2026-04-05 00:57:30+00:00,,,,,,,,0.81,0.81,,0.0,0,False
2026-04-05 00:58:00+00:00,,,,,,,,0.8031250000000001,0.81,,32.0,2,False
2026-04-05 00:58:30+00:00,,,,,,,,0.8031250000000001,0.81,,0.0,0,False
2026-04-05 00:59:00+00:00,,,,,,,,0.8031250000000001,0.81,,0.0,0,False
2026-04-05 00:59:30+00:00,,,,,,,,0.81,0.81,,6.0,1,False
2026-04-05 01:00:00+00:00,,,,,,,,0.8100000000000002,0.81,,5.0,1,False
2026-04-05 01:00:30+00:00,,,,,,,,0.8100000000000002,0.81,,23.0,1,False
2026-04-05 01:01:00+00:00,,,,,,,,0.81,0.81,,128.0,2,False
2026-04-05 01:01:30+00:00,,,,,,,,0.800472440944882,0.81,,127.0,2,False
2026-04-05 01:02:00+00:00,,,,,,,,0.800472440944882,0.81,,0.0,0,False
2026-04-05 01:02:30+00:00,,,,,,,,0.800472440944882,0.81,,0.0,0,False
2026-04-05 01:03:00+00:00,,,,,,,,0.8099999999999999,0.81,,7.0,1,False
2026-04-05 01:03:30+00:00,,,,,,,,0.8032835820895522,0.81,,67.0,3,False
2026-04-05 01:04:00+00:00,,,,,,,,0.81,0.81,,125.0,2,False
2026-04-05 01:04:30+00:00,,,,,,,,0.81,0.81,,0.0,0,False
2026-04-05 01:05:00+00:00,,,,,,,,0.8072106824925817,0.81,,337.0,2,False
2026-04-05 01:05:30+00:00,,,,,,,,0.8072106824925817,0.81,,0.0,0,False
2026-04-05 01:06:00+00:00,,,,,,,,0.81,0.81,,2.0,1,False
2026-04-05 01:06:30+00:00,,,,,,,,0.81,0.81,,0.0,0,False
2026-04-05 01:07:00+00:00,,,,,,,,0.81,0.81,,0.0,0,False
2026-04-05 01:07:30+00:00,,,,,,,,0.8099933631989381,0.8,,6027.0,3,False
2026-04-05 01:08:00+00:00,,,,,,,,0.8100000000000002,0.81,,745.0,3,False
2026-04-05 01:08:30+00:00,,,,,,,,0.8100000000000002,0.81,,0.0,0,False
2026-04-05 01:09:00+00:00,,,,,,,,0.81,0.81,,1.0,1,False
2026-04-05 01:09:30+00:00,,,,,,,,0.7999999999999999,0.8,,43.0,1,False
2026-04-05 01:10:00+00:00,,,,,,,,0.8095666666666667,0.81,,300.0,5,False
2026-04-05 01:10:30+00:00,,,,,,,,0.8095666666666667,0.81,,0.0,0,False
2026-04-05 01:11:00+00:00,,,,,,,,0.8095666666666667,0.81,,0.0,0,False
2026-04-05 01:11:30+00:00,,,,,,,,0.8,0.8,,9.0,1,False
2026-04-05 01:12:00+00:00,,,,,,,,0.81,0.81,,1204.0,1,False
2026-04-05 01:12:30+00:00,,,,,,,,0.81,0.81,,42.0,1,False
2026-04-05 01:13:00+00:00,,,,,,,,0.81,0.81,,0.0,0,False
2026-04-05 01:13:30+00:00,,,,,,,,0.81,0.81,,0.0,0,False
2026-04-05 01:14:00+00:00,,,,,,,,0.81,0.81,,0.0,0,False
2026-04-05 01:14:30+00:00,,,,,,,,0.81,0.81,,0.0,0,False
2026-04-05 01:15:00+00:00,,,,,,,,0.8099999999999999,0.81,,149.0,2,False
2026-04-05 01:15:30+00:00,,,,,,,,0.8099999999999999,0.81,,0.0,0,False
2026-04-05 01:16:00+00:00,,,,,,,,0.8071428571428572,0.8,,14.0,2,False
2026-04-05 01:16:30+00:00,,,,,,,,0.82,0.82,,73.0,2,False
2026-04-05 01:17:00+00:00,,,,,,,,0.82,0.82,,0.0,0,False
2026-04-05 01:17:30+00:00,,,,,,,,0.82,0.82,,80.0,2,False
2026-04-05 01:18:00+00:00,,,,,,,,0.82,0.82,,1.0,1,False
2026-04-05 01:18:30+00:00,,,,,,,,0.8052631578947369,0.8,,19.0,2,False
2026-04-05 01:19:00+00:00,,,,,,,,0.8052631578947369,0.8,,0.0,0,False
2026-04-05 01:19:30+00:00,,,,,,,,0.8052631578947369,0.8,,0.0,0,False
2026-04-05 01:20:00+00:00,,,,,,,,0.8052631578947369,0.8,,0.0,0,False
2026-04-05 01:20:30+00:00,,,,,,,,0.8052631578947369,0.8,,0.0,0,False
2026-04-05 01:21:00+00:00,,,,,,,,0.82,0.82,,138.0,2,False
2026-04-05 01:21:30+00:00,,,,,,,,0.82,0.82,,18.0,1,False
2026-04-05 01:22:00+00:00,,,,,,,,0.82,0.82,,36.0,2,False
2026-04-05 01:22:30+00:00,,,,,,,,0.82,0.82,,1973.0,2,False
2026-04-05 01:23:00+00:00,,,,,,,,0.82,0.82,,0.0,0,False
2026-04-05 01:23:30+00:00,,,,,,,,0.8,0.8,,22.0,1,False
2026-04-05 01:24:00+00:00,,,,,,,,0.8,0.8,,0.0,0,False
2026-04-05 01:24:30+00:00,,,,,,,,0.8,0.8,,0.0,0,False
2026-04-05 01:25:00+00:00,,,,,,,,0.8198544010589014,0.82,,3022.0,2,False
2026-04-05 01:25:30+00:00,,,,,,,,0.82,0.82,,59.0,1,False
2026-04-05 01:26:00+00:00,,,,,,,,0.82,0.82,,0.0,0,False
2026-04-05 01:26:30+00:00,,,,,,,,0.8,0.8,,5.0,1,False
2026-04-05 01:27:00+00:00,,,,,,,,0.8,0.8,,0.0,0,False
2026-04-05 01:27:30+00:00,,,,,,,,0.8,0.8,,0.0,0,False
2026-04-05 01:28:00+00:00,,,,,,,,0.82,0.82,,30.0,1,False
2026-04-05 01:28:30+00:00,,,,,,,,0.82,0.82,,12.0,1,False
2026-04-05 01:29:00+00:00,,,,,,,,0.82,0.82,,0.0,0,False
2026-04-05 01:29:30+00:00,,,,,,,,0.8114285714285713,0.8,,105.0,2,False
2026-04-05 01:30:00+00:00,,,,,,,,0.8114285714285713,0.8,,0.0,0,False
2026-04-05 01:30:30+00:00,,,,,,,,0.8114285714285713,0.8,,0.0,0,False
2026-04-05 01:31:00+00:00,,,,,,,,0.8114285714285713,0.8,,0.0,0,False
2026-04-05 01:31:30+00:00,,,,,,,,0.8114285714285713,0.8,,0.0,0,False
2026-04-05 01:32:00+00:00,,,,,,,,0.82,0.82,,50.0,2,False
2026-04-05 01:32:30+00:00,,,,,,,,0.82,0.82,,736.0,2,False
2026-04-05 01:33:00+00:00,,,,,,,,0.8198373983739837,0.81,,123.0,3,False
2026-04-05 01:33:30+00:00,,,,,,,,0.82,0.82,,23.0,3,False
2026-04-05 01:34:00+00:00,,,,,,,,0.82,0.82,,0.0,0,False
2026-04-05 01:34:30+00:00,,,,,,,,0.8196923076923076,0.82,,260.0,2,False
2026-04-05 01:35:00+00:00,,,,,,,,0.82,0.82,,8.0,2,False
2026-04-05 01:35:30+00:00,,,,,,,,0.82,0.82,,0.0,0,False
2026-04-05 01:36:00+00:00,,,,,,,,0.8197716366043355,0.82,,6043.0,5,False
2026-04-05 01:36:30+00:00,,,,,,,,0.8197716366043355,0.82,,0.0,0,False
2026-04-05 01:37:00+00:00,,,,,,,,0.8191999999999999,0.82,,25.0,3,False
2026-04-05 01:37:30+00:00,,,,,,,,0.82,0.82,,5.0,1,False
2026-04-05 01:38:00+00:00,,,,,,,,0.82,0.82,,0.0,0,False
2026-04-05 01:38:30+00:00,,,,,,,,0.82,0.82,,0.0,0,False
2026-04-05 01:39:00+00:00,,,,,,,,0.82,0.82,,1.0,1,False
2026-04-05 01:39:30+00:00,,,,,,,,0.8188976377952755,0.82,,127.0,2,False
2026-04-05 01:40:00+00:00,,,,,,,,0.8188976377952755,0.82,,0.0,0,False
2026-04-05 01:40:30+00:00,,,,,,,,0.8188976377952755,0.82,,0.0,0,False
2026-04-05 01:41:00+00:00,,,,,,,,0.8188976377952755,0.82,,0.0,0,False
2026-04-05 01:41:30+00:00,,,,,,,,0.8188976377952755,0.82,,0.0,0,False
2026-04-05 01:42:00+00:00,,,,,,,,0.8188976377952755,0.82,,0.0,0,False
2026-04-05 01:42:30+00:00,,,,,,,,0.8188976377952755,0.82,,0.0,0,False
2026-04-05 01:43:00+00:00,,,,,,,,0.8188976377952755,0.82,,0.0,0,False
2026-04-05 01:43:30+00:00,,,,,,,,0.819673202614379,0.82,,2448.0,2,False
2026-04-05 01:44:00+00:00,,,,,,,,0.819673202614379,0.82,,0.0,0,False
2026-04-05 01:44:30+00:00,,,,,,,,0.8199999999999998,0.82,,161.0,1,False
2026-04-05 01:45:00+00:00,,,,,,,,0.8199999999999998,0.82,,0.0,0,False
2026-04-05 01:45:30+00:00,,,,,,,,0.8199999999999998,0.82,,0.0,0,False
2026-04-05 01:46:00+00:00,,,,,,,,0.82,0.82,,1300.0,1,False
2026-04-05 01:46:30+00:00,,,,,,,,0.8200000000000001,0.82,,7.0,2,False
2026-04-05 01:47:00+00:00,,,,,,,,0.8200000000000001,0.82,,0.0,0,False
2026-04-05 01:47:30+00:00,,,,,,,,0.8143750000000001,0.81,,48.0,4,False
2026-04-05 01:48:00+00:00,,,,,,,,0.8143750000000001,0.81,,0.0,0,False
2026-04-05 01:48:30+00:00,,,,,,,,0.8000000000000002,0.8,,454.0,1,False
2026-04-05 01:49:00+00:00,,,,,,,,0.8000000000000002,0.8,,0.0,0,False
2026-04-05 01:49:30+00:00,,,,,,,,0.8000000000000002,0.8,,0.0,0,False
2026-04-05 01:50:00+00:00,,,,,,,,0.8000000000000002,0.8,,0.0,0,False
2026-04-05 01:50:30+00:00,,,,,,,,0.8000000000000002,0.8,,0.0,0,False
2026-04-05 01:51:00+00:00,,,,,,,,0.8000000000000002,0.8,,0.0,0,False
2026-04-05 01:51:30+00:00,,,,,,,,0.8000000000000002,0.8,,0.0,0,False
2026-04-05 01:52:00+00:00,,,,,,,,0.81,0.81,,72.0,1,False
2026-04-05 01:52:30+00:00,,,,,,,,0.82,0.82,,1550.0,1,False
2026-04-05 01:53:00+00:00,,,,,,,,0.82,0.82,,0.0,0,False
2026-04-05 01:53:30+00:00,,,,,,,,0.82,0.82,,0.0,0,False
2026-04-05 01:54:00+00:00,,,,,,,,0.82,0.82,,0.0,0,False
2026-04-05 01:54:30+00:00,,,,,,,,0.82,0.82,,0.0,0,False
2026-04-05 01:55:00+00:00,,,,,,,,0.82,0.82,,0.0,0,False
2026-04-05 01:55:30+00:00,,,,,,,,0.82,0.82,,18.0,1,False
2026-04-05 01:56:00+00:00,,,,,,,,0.82,0.82,,479.0,2,False
2026-04-05 01:56:30+00:00,,,,,,,,0.82,0.82,,3.0,2,False
2026-04-05 01:57:00+00:00,,,,,,,,0.82,0.82,,0.0,0,False
2026-04-05 01:57:30+00:00,,,,,,,,0.8,0.8,,5.0,1,False
2026-04-05 01:58:00+00:00,,,,,,,,0.8,0.8,,0.0,0,False
2026-04-05 01:58:30+00:00,,,,,,,,0.82,0.82,,23.0,1,False
2026-04-05 01:59:00+00:00,,,,,,,,0.815,0.8,,16.0,2,False
2026-04-05 01:59:30+00:00,,,,,,,,0.82,0.82,,2000.0,1,False
2026-04-05 02:00:00+00:00,,,,,,,,0.82,0.82,,0.0,0,False
2026-04-05 02:00:30+00:00,,,,,,,,0.82,0.82,,0.0,0,False
2026-04-05 02:01:00+00:00,,,,,,,,0.82,0.82,,0.0,0,False
2026-04-05 02:01:30+00:00,,,,,,,,0.82,0.82,,0.0,0,False
2026-04-05 02:02:00+00:00,,,,,,,,0.8,0.8,,8.0,1,False
2026-04-05 02:02:30+00:00,,,,,,,,0.8,0.8,,0.0,0,False
2026-04-05 02:03:00+00:00,,,,,,,,0.8,0.8,,4.0,1,False
2026-04-05 02:03:30+00:00,,,,,,,,0.8,0.8,,0.0,0,False
2026-04-05 02:04:00+00:00,,,,,,,,0.8,0.8,,0.0,0,False
2026-04-05 02:04:30+00:00,,,,,,,,0.8,0.8,,0.0,0,False
2026-04-05 02:05:00+00:00,,,,,,,,0.8,0.8,,0.0,0,False
2026-04-05 02:05:30+00:00,,,,,,,,0.8015053763440859,0.82,,93.0,3,False
2026-04-05 02:06:00+00:00,,,,,,,,0.8015053763440859,0.82,,0.0,0,False
2026-04-05 02:06:30+00:00,,,,,,,,0.8015053763440859,0.82,,0.0,0,False
2026-04-05 02:07:00+00:00,,,,,,,,0.82,0.82,,595.0,1,False
2026-04-05 02:07:30+00:00,,,,,,,,0.82,0.82,,0.0,0,False
2026-04-05 02:08:00+00:00,,,,,,,,0.82,0.82,,0.0,0,False
2026-04-05 02:08:30+00:00,,,,,,,,0.82,0.82,,12.0,1,False
2026-04-05 02:09:00+00:00,,,,,,,,0.82,0.82,,6.0,1,False
2026-04-05 02:09:30+00:00,,,,,,,,0.82,0.82,,0.0,0,False
2026-04-05 02:10:00+00:00,,,,,,,,0.82,0.82,,0.0,0,False
2026-04-05 02:10:30+00:00,,,,,,,,0.82,0.82,,0.0,0,False
2026-04-05 02:11:00+00:00,,,,,,,,0.82,0.82,,0.0,0,False
2026-04-05 02:11:30+00:00,,,,,,,,0.82,0.82,,60.0,1,False
2026-04-05 02:12:00+00:00,,,,,,,,0.82,0.82,,0.0,0,False
2026-04-05 02:12:30+00:00,,,,,,,,0.8,0.8,,90.0,1,False
2026-04-05 02:13:00+00:00,,,,,,,,0.82,0.82,,33.0,1,False
2026-04-05 02:13:30+00:00,,,,,,,,0.82,0.82,,0.0,0,False
2026-04-05 02:14:00+00:00,,,,,,,,0.82,0.82,,0.0,0,False
2026-04-05 02:14:30+00:00,,,,,,,,0.82,0.82,,0.0,0,False
2026-04-05 02:15:00+00:00,,,,,,,,0.82,0.82,,5.0,1,False
2026-04-05 02:15:30+00:00,,,,,,,,0.82,0.82,,8.0,2,False
2026-04-05 02:16:00+00:00,,,,,,,,0.8200000000000001,0.8200000000000001,,67.0,1,False
2026-04-05 02:16:30+00:00,,,,,,,,0.8200000000000001,0.8200000000000001,,0.0,0,False
2026-04-05 02:17:00+00:00,,,,,,,,0.8,0.8,,22.0,2,False
2026-04-05 02:17:30+00:00,,,,,,,,0.8,0.8,,0.0,0,False
2026-04-05 02:18:00+00:00,,,,,,,,0.8192771084337348,0.8,,249.0,2,False
2026-04-05 02:18:30+00:00,,,,,,,,0.8192771084337348,0.8,,0.0,0,False
2026-04-05 02:19:00+00:00,,,,,,,,0.82,0.82,,58.0,1,False
2026-04-05 02:19:30+00:00,,,,,,,,0.82,0.82,,0.0,0,False
2026-04-05 02:20:00+00:00,,,,,,,,0.80859375,0.81,,256.0,8,False
2026-04-05 02:20:30+00:00,,,,,,,,0.7999999999999999,0.8,,43.0,1,False
2026-04-05 02:21:00+00:00,,,,,,,,0.7999999999999999,0.8,,0.0,0,False
2026-04-05 02:21:30+00:00,,,,,,,,0.7999999999999999,0.8,,0.0,0,False
2026-04-05 02:22:00+00:00,,,,,,,,0.8100000000000002,0.81,,120.0,2,False
2026-04-05 02:22:30+00:00,,,,,,,,0.8000000000000002,0.8,,3.0,1,False
2026-04-05 02:23:00+00:00,,,,,,,,0.8000000000000002,0.8,,0.0,0,False
2026-04-05 02:23:30+00:00,,,,,,,,0.8,0.8,,113.0,1,False
2026-04-05 02:24:00+00:00,,,,,,,,0.8,0.8,,23.0,1,False
2026-04-05 02:24:30+00:00,,,,,,,,0.8,0.8,,0.0,0,False
2026-04-05 02:25:00+00:00,,,,,,,,0.8136666666666666,0.82,,30.0,2,False
2026-04-05 02:25:30+00:00,,,,,,,,0.8136666666666666,0.82,,0.0,0,False
2026-04-05 02:26:00+00:00,,,,,,,,0.8136666666666666,0.82,,0.0,0,False
2026-04-05 02:26:30+00:00,,,,,,,,0.8136666666666666,0.82,,0.0,0,False
2026-04-05 02:27:00+00:00,,,,,,,,0.8136666666666666,0.82,,0.0,0,False
2026-04-05 02:27:30+00:00,,,,,,,,0.8136666666666666,0.82,,0.0,0,False
2026-04-05 02:28:00+00:00,,,,,,,,0.8136666666666666,0.82,,0.0,0,False
2026-04-05 02:28:30+00:00,,,,,,,,0.82,0.82,,24.0,1,False
2026-04-05 02:29:00+00:00,,,,,,,,0.82,0.82,,0.0,0,False
2026-04-05 02:29:30+00:00,,,,,,,,0.82,0.82,,0.0,0,False
2026-04-05 02:30:00+00:00,,,,,,,,0.82,0.82,,6.0,1,False
2026-04-05 02:30:30+00:00,,,,,,,,0.82,0.82,,0.0,0,False
2026-04-05 02:31:00+00:00,,,,,,,,0.82,0.82,,0.0,0,False
2026-04-05 02:31:30+00:00,,,,,,,,0.8,0.8,,22.0,1,False
2026-04-05 02:32:00+00:00,,,,,,,,0.82,0.82,,1204.0,1,False
2026-04-05 02:32:30+00:00,,,,,,,,0.82,0.82,,0.0,0,False
2026-04-05 02:33:00+00:00,,,,,,,,0.82,0.82,,0.0,0,False
2026-04-05 02:33:30+00:00,,,,,,,,0.819,0.82,,20.0,2,False
2026-04-05 02:34:00+00:00,,,,,,,,0.8,0.8,,4.0,1,False
2026-04-05 02:34:30+00:00,,,,,,,,0.8185625,0.8,,320.0,2,False
2026-04-05 02:35:00+00:00,,,,,,,,0.8185625,0.8,,0.0,0,False
2026-04-05 02:35:30+00:00,,,,,,,,0.8185625,0.8,,0.0,0,False
2026-04-05 02:36:00+00:00,,,,,,,,0.82,0.82,,119.0,1,False
2026-04-05 02:36:30+00:00,,,,,,,,0.82,0.82,,0.0,0,False
2026-04-05 02:37:00+00:00,,,,,,,,0.82,0.82,,3.0,1,False
2026-04-05 02:37:30+00:00,,,,,,,,0.82,0.82,,0.0,0,False
2026-04-05 02:38:00+00:00,,,,,,,,0.82,0.82,,0.0,0,False
2026-04-05 02:38:30+00:00,,,,,,,,0.82,0.82,,0.0,0,False
2026-04-05 02:39:00+00:00,,,,,,,,0.82,0.82,,0.0,0,False
2026-04-05 02:39:30+00:00,,,,,,,,0.82,0.82,,0.0,0,False
2026-04-05 02:40:00+00:00,,,,,,,,0.8,0.8,,22.0,1,False
2026-04-05 02:40:30+00:00,,,,,,,,0.8,0.8,,0.0,0,False
2026-04-05 02:41:00+00:00,,,,,,,,0.8,0.8,,0.0,0,False
2026-04-05 02:41:30+00:00,,,,,,,,0.8,0.8,,0.0,0,False
2026-04-05 02:42:00+00:00,,,,,,,,0.8058064516129032,0.8,,31.0,2,False
2026-04-05 02:42:30+00:00,,,,,,,,0.8058064516129032,0.8,,0.0,0,False
2026-04-05 02:43:00+00:00,,,,,,,,0.8,0.8,,9.0,1,False
2026-04-05 02:43:30+00:00,,,,,,,,0.8,0.8,,0.0,0,False
2026-04-05 02:44:00+00:00,,,,,,,,0.8,0.8,,0.0,0,False
2026-04-05 02:44:30+00:00,,,,,,,,0.8,0.8,,0.0,0,False
2026-04-05 02:45:00+00:00,,,,,,,,0.82,0.82,,2.0,1,False
2026-04-05 02:45:30+00:00,,,,,,,,0.82,0.82,,0.0,0,False
2026-04-05 02:46:00+00:00,,,,,,,,0.82,0.82,,3.0,1,False
2026-04-05 02:46:30+00:00,,,,,,,,0.82,0.82,,0.0,0,False
2026-04-05 02:47:00+00:00,,,,,,,,0.82,0.82,,0.0,0,False
2026-04-05 02:47:30+00:00,,,,,,,,0.82,0.82,,0.0,0,False
2026-04-05 02:48:00+00:00,,,,,,,,0.82,0.82,,0.0,0,False
2026-04-05 02:48:30+00:00,,,,,,,,0.82,0.82,,238.0,1,False
2026-04-05 02:49:00+00:00,,,,,,,,0.82,0.82,,0.0,0,False
2026-04-05 02:49:30+00:00,,,,,,,,0.82,0.82,,0.0,0,False
2026-04-05 02:50:00+00:00,,,,,,,,0.82,0.82,,11.0,1,False
2026-04-05 02:50:30+00:00,,,,,,,,0.8198217821782177,0.82,,6060.0,4,False
2026-04-05 02:51:00+00:00,,,,,,,,0.8198217821782177,0.82,,0.0,0,False
2026-04-05 02:51:30+00:00,,,,,,,,0.8198217821782177,0.82,,0.0,0,False
2026-04-05 02:52:00+00:00,,,,,,,,0.8198217821782177,0.82,,0.0,0,False
2026-04-05 02:52:30+00:00,,,,,,,,0.8198217821782177,0.82,,0.0,0,False
2026-04-05 02:53:00+00:00,,,,,,,,0.8038709677419356,0.82,,124.0,2,False
2026-04-05 02:53:30+00:00,,,,,,,,0.8038709677419356,0.82,,0.0,0,False
2026-04-05 02:54:00+00:00,,,,,,,,0.8038709677419356,0.82,,0.0,0,False
2026-04-05 02:54:30+00:00,,,,,,,,0.8038709677419356,0.82,,0.0,0,False
2026-04-05 02:55:00+00:00,,,,,,,,0.8038709677419356,0.82,,0.0,0,False
2026-04-05 02:55:30+00:00,,,,,,,,0.82,0.82,,34.0,1,False
2026-04-05 02:56:00+00:00,,,,,,,,0.82,0.82,,0.0,0,False
2026-04-05 02:56:30+00:00,,,,,,,,0.8150000000000002,0.81,,20.0,2,False
2026-04-05 02:57:00+00:00,,,,,,,,0.8200000000000001,0.82,,13.0,2,False
2026-04-05 02:57:30+00:00,,,,,,,,0.8200000000000001,0.82,,0.0,0,False
2026-04-05 02:58:00+00:00,,,,,,,,0.82,0.82,,23.0,1,False
2026-04-05 02:58:30+00:00,,,,,,,,0.82,0.82,,60.0,1,False
2026-04-05 02:59:00+00:00,,,,,,,,0.82,0.82,,41.0,1,False
2026-04-05 02:59:30+00:00,,,,,,,,0.82,0.82,,2.0,1,False
2026-04-05 03:00:00+00:00,,,,,,,,0.82,0.82,,12.0,1,False
2026-04-05 03:00:30+00:00,,,,,,,,0.81,0.81,,1.0,1,False
2026-04-05 03:01:00+00:00,,,,,,,,0.81,0.81,,0.0,0,False
2026-04-05 03:01:30+00:00,,,,,,,,0.81,0.81,,0.0,0,False
2026-04-05 03:02:00+00:00,,,,,,,,0.8100000000000002,0.81,,476.0,2,False
2026-04-05 03:02:30+00:00,,,,,,,,0.82,0.82,,23.0,1,False
2026-04-05 03:03:00+00:00,,,,,,,,0.8198333333333333,0.82,,60.0,2,False
2026-04-05 03:03:30+00:00,,,,,,,,0.8,0.8,,145.0,2,False
2026-04-05 03:04:00+00:00,,,,,,,,0.8,0.8,,90.0,1,False
2026-04-05 03:04:30+00:00,,,,,,,,0.81,0.81,,100.0,2,False
2026-04-05 03:05:00+00:00,,,,,,,,0.81,0.81,,0.0,0,False
2026-04-05 03:05:30+00:00,,,,,,,,0.81,0.81,,0.0,0,False
2026-04-05 03:06:00+00:00,,,,,,,,0.8151592356687898,0.8,,157.0,4,False
2026-04-05 03:06:30+00:00,,,,,,,,0.8,0.8,,129.0,1,False
2026-04-05 03:07:00+00:00,,,,,,,,0.81,0.81,,25.0,1,False
2026-04-05 03:07:30+00:00,,,,,,,,0.81,0.81,,75.0,1,False
2026-04-05 03:08:00+00:00,,,,,,,,0.8,0.8,,90.0,1,False
2026-04-05 03:08:30+00:00,,,,,,,,0.82,0.82,,48.0,2,False
2026-04-05 03:09:00+00:00,,,,,,,,0.82,0.82,,3571.0,4,False
2026-04-05 03:09:30+00:00,,,,,,,,0.82,0.82,,0.0,0,False
2026-04-05 03:10:00+00:00,,,,,,,,0.82,0.82,,30.0,1,False
2026-04-05 03:10:30+00:00,,,,,,,,0.8101616161616162,0.82,,495.0,4,False
2026-04-05 03:11:00+00:00,,,,,,,,0.8115,0.8,,20.0,4,False
2026-04-05 03:11:30+00:00,,,,,,,,0.8016000000000001,0.8,,25.0,2,False
2026-04-05 03:12:00+00:00,,,,,,,,0.82,0.82,,100.0,1,False
2026-04-05 03:12:30+00:00,,,,,,,,0.82,0.82,,74.0,2,False
2026-04-05 03:13:00+00:00,,,,,,,,0.82,0.82,,0.0,0,False
2026-04-05 03:13:30+00:00,,,,,,,,0.82,0.82,,0.0,0,False
2026-04-05 03:14:00+00:00,,,,,,,,0.82,0.82,,0.0,0,False
2026-04-05 03:14:30+00:00,,,,,,,,0.82,0.82,,0.0,0,False
2026-04-05 03:15:00+00:00,,,,,,,,0.8200000000000001,0.82,,13.0,2,False
2026-04-05 03:15:30+00:00,,,,,,,,0.8176470588235293,0.82,,34.0,2,False
2026-04-05 03:16:00+00:00,,,,,,,,0.8,0.8,,7.0,1,False
2026-04-05 03:16:30+00:00,,,,,,,,0.82,0.82,,2380.0,1,False
2026-04-05 03:17:00+00:00,,,,,,,,0.82,0.82,,0.0,0,False
2026-04-05 03:17:30+00:00,,,,,,,,0.82,0.82,,0.0,0,False
2026-04-05 03:18:00+00:00,,,,,,,,0.82,0.82,,0.0,0,False
2026-04-05 03:18:30+00:00,,,,,,,,0.82,0.82,,0.0,0,False
2026-04-05 03:19:00+00:00,,,,,,,,0.82,0.82,,0.0,0,False
2026-04-05 03:19:30+00:00,,,,,,,,0.8099999999999999,0.8,,40.0,2,False
2026-04-05 03:20:00+00:00,,,,,,,,0.82,0.82,,5.0,1,False
2026-04-05 03:20:30+00:00,,,,,,,,0.805217391304348,0.82,,92.0,3,False
2026-04-05 03:21:00+00:00,,,,,,,,0.8,0.8,,104.0,1,False
2026-04-05 03:21:30+00:00,,,,,,,,0.82,0.82,,29.0,1,False
2026-04-05 03:22:00+00:00,,,,,,,,0.8000175901495163,0.82,,2274.0,2,False
2026-04-05 03:22:30+00:00,,,,,,,,0.8194936708860758,0.81,,79.0,2,False
2026-04-05 03:23:00+00:00,,,,,,,,0.8194936708860758,0.81,,0.0,0,False
2026-04-05 03:23:30+00:00,,,,,,,,0.8194936708860758,0.81,,0.0,0,False
2026-04-05 03:24:00+00:00,,,,,,,,0.82,0.82,,3.0,1,False
2026-04-05 03:24:30+00:00,,,,,,,,0.82,0.82,,1012.0,1,False
2026-04-05 03:25:00+00:00,,,,,,,,0.82,0.82,,0.0,0,False
2026-04-05 03:25:30+00:00,,,,,,,,0.8182417582417582,0.82,,364.0,3,False
2026-04-05 03:26:00+00:00,,,,,,,,0.81,0.81,,2.0,1,False
2026-04-05 03:26:30+00:00,,,,,,,,0.81,0.81,,0.0,0,False
2026-04-05 03:27:00+00:00,,,,,,,,0.81,0.81,,0.0,0,False
2026-04-05 03:27:30+00:00,,,,,,,,0.82,0.82,,1190.0,1,False
2026-04-05 03:28:00+00:00,,,,,,,,0.82,0.82,,5952.0,5,False
2026-04-05 03:28:30+00:00,,,,,,,,0.82,0.82,,5.0,1,False
2026-04-05 03:29:00+00:00,,,,,,,,0.8099999999999999,0.81,,14.0,1,False
2026-04-05 03:29:30+00:00,,,,,,,,0.8099999999999999,0.81,,0.0,0,False
2026-04-05 03:30:00+00:00,,,,,,,,0.8099999999999999,0.81,,0.0,0,False
2026-04-05 03:30:30+00:00,,,,,,,,0.8200000000000001,0.82,,13.0,2,False
2026-04-05 03:31:00+00:00,,,,,,,,0.8100000000000002,0.81,,507.0,2,False
2026-04-05 03:31:30+00:00,,,,,,,,0.81,0.81,,2.0,1,False
2026-04-05 03:32:00+00:00,,,,,,,,0.82,0.82,,29.0,1,False
2026-04-05 03:32:30+00:00,,,,,,,,0.82,0.82,,0.0,0,False
2026-04-05 03:33:00+00:00,,,,,,,,0.81,0.81,,24.0,1,False
2026-04-05 03:33:30+00:00,,,,,,,,0.81,0.81,,0.0,0,False
2026-04-05 03:34:00+00:00,,,,,,,,0.81,0.81,,0.0,0,False
2026-04-05 03:34:30+00:00,,,,,,,,0.8154587155963303,0.82,,218.0,2,False
2026-04-05 03:35:00+00:00,,,,,,,,0.81,0.81,,300.0,1,False
2026-04-05 03:35:30+00:00,,,,,,,,0.82,0.82,,963.0,2,False
2026-04-05 03:36:00+00:00,,,,,,,,0.82,0.82,,180.0,1,False
2026-04-05 03:36:30+00:00,,,,,,,,0.82,0.82,,0.0,0,False
2026-04-05 03:37:00+00:00,,,,,,,,0.81,0.81,,95.0,1,False
2026-04-05 03:37:30+00:00,,,,,,,,0.81,0.81,,0.0,0,False
2026-04-05 03:38:00+00:00,,,,,,,,0.8199999999999998,0.82,,100.0,2,False
2026-04-05 03:38:30+00:00,,,,,,,,0.82,0.82,,3.0,1,False
2026-04-05 03:39:00+00:00,,,,,,,,0.82,0.82,,10.0,2,False
2026-04-05 03:39:30+00:00,,,,,,,,0.82,0.82,,0.0,0,False
2026-04-05 03:40:00+00:00,,,,,,,,0.82,0.82,,30.0,2,False
2026-04-05 03:40:30+00:00,,,,,,,,0.82,0.82,,0.0,0,False
2026-04-05 03:41:00+00:00,,,,,,,,0.8100796812749005,0.81,,251.0,2,False
2026-04-05 03:41:30+00:00,,,,,,,,0.8100796812749005,0.81,,0.0,0,False
2026-04-05 03:42:00+00:00,,,,,,,,0.8192982456140352,0.82,,57.0,4,False
2026-04-05 03:42:30+00:00,,,,,,,,0.8156578947368421,0.82,,228.0,3,False
2026-04-05 03:43:00+00:00,,,,,,,,0.82,0.82,,1229.0,1,False
2026-04-05 03:43:30+00:00,,,,,,,,0.812857142857143,0.81,,7.0,3,False
2026-04-05 03:44:00+00:00,,,,,,,,0.8115384615384615,0.82,,52.0,3,False
2026-04-05 03:44:30+00:00,,,,,,,,0.81,0.81,,9.0,1,False
2026-04-05 03:45:00+00:00,,,,,,,,0.81,0.81,,0.0,0,False
2026-04-05 03:45:30+00:00,,,,,,,,0.8120754716981133,0.82,,53.0,3,False
2026-04-05 03:46:00+00:00,,,,,,,,0.82,0.82,,95.0,1,False
2026-04-05 03:46:30+00:00,,,,,,,,0.81,0.81,,95.0,1,False
2026-04-05 03:47:00+00:00,,,,,,,,0.81,0.81,,1.0,1,False
2026-04-05 03:47:30+00:00,,,,,,,,0.81,0.81,,0.0,0,False
2026-04-05 03:48:00+00:00,,,,,,,,0.8106666666666666,0.82,,15.0,2,False
2026-04-05 03:48:30+00:00,,,,,,,,0.82,0.82,,434.0,5,False
2026-04-05 03:49:00+00:00,,,,,,,,0.82,0.82,,19.0,1,False
2026-04-05 03:49:30+00:00,,,,,,,,0.82,0.82,,0.0,0,False
2026-04-05 03:50:00+00:00,,,,,,,,0.8177387304507819,0.82,,5435.0,6,False
2026-04-05 03:50:30+00:00,,,,,,,,0.8199999999999997,0.82,,190.0,4,False
2026-04-05 03:51:00+00:00,,,,,,,,0.8102127659574467,0.82,,141.0,2,False
2026-04-05 03:51:30+00:00,,,,,,,,0.8102127659574467,0.82,,0.0,0,False
2026-04-05 03:52:00+00:00,,,,,,,,0.82,0.82,,6.0,1,False
2026-04-05 03:52:30+00:00,,,,,,,,0.82,0.82,,0.0,0,False
2026-04-05 03:53:00+00:00,,,,,,,,0.82,0.82,,297.0,1,False
2026-04-05 03:53:30+00:00,,,,,,,,0.82,0.82,,110.0,2,False
2026-04-05 03:54:00+00:00,,,,,,,,0.8107272727272727,0.81,,55.0,4,False
2026-04-05 03:54:30+00:00,,,,,,,,0.8107272727272727,0.81,,0.0,0,False
2026-04-05 03:55:00+00:00,,,,,,,,0.82,0.82,,261.0,1,False
2026-04-05 03:55:30+00:00,,,,,,,,0.82,0.82,,0.0,0,False
2026-04-05 03:56:00+00:00,,,,,,,,0.82,0.82,,6.0,1,False
2026-04-05 03:56:30+00:00,,,,,,,,0.8100000000000002,0.81,,23.0,1,False
2026-04-05 03:57:00+00:00,,,,,,,,0.8199999999999998,0.82,,125.0,2,False
2026-04-05 03:57:30+00:00,,,,,,,,0.8199999999999998,0.82,,0.0,0,False
2026-04-05 03:58:00+00:00,,,,,,,,0.8183916083916084,0.82,,143.0,2,False
2026-04-05 03:58:30+00:00,,,,,,,,0.8001430030643514,0.8,,2937.0,4,False
2026-04-05 03:59:00+00:00,,,,,,,,0.8001430030643514,0.8,,0.0,0,False
2026-04-05 03:59:30+00:00,,,,,,,,0.8,0.8,,71.0,1,False
2026-04-05 04:00:00+00:00,,,,,,,,0.82,0.82,,701.0,4,False
2026-04-05 04:00:30+00:00,,,,,,,,0.8200000000000001,0.8200000000000001,,60.0,4,False
2026-04-05 04:01:00+00:00,,,,,,,,0.8,0.8,,50.0,1,False
2026-04-05 04:01:30+00:00,,,,,,,,0.8198506766215586,0.82,,2143.0,4,False
2026-04-05 04:02:00+00:00,,,,,,,,0.82,0.82,,752.0,2,False
2026-04-05 04:02:30+00:00,,,,,,,,0.82,0.82,,0.0,0,False
2026-04-05 04:03:00+00:00,,,,,,,,0.82,0.82,,0.0,0,False
2026-04-05 04:03:30+00:00,,,,,,,,0.82,0.82,,6547.0,1,False
2026-04-05 04:04:00+00:00,,,,,,,,0.82,0.82,,29.0,1,False
2026-04-05 04:04:30+00:00,,,,,,,,0.82,0.82,,2005.0,2,False
2026-04-05 04:05:00+00:00,,,,,,,,0.82,0.82,,0.0,0,False
2026-04-05 04:05:30+00:00,,,,,,,,0.81859375,0.82,,640.0,2,False
2026-04-05 04:06:00+00:00,,,,,,,,0.82,0.82,,12.0,1,False
2026-04-05 04:06:30+00:00,,,,,,,,0.82,0.82,,22.0,1,False
2026-04-05 04:07:00+00:00,,,,,,,,0.8200000000000001,0.82,,27.0,4,False
2026-04-05 04:07:30+00:00,,,,,,,,0.8200000000000001,0.82,,0.0,0,False
2026-04-05 04:08:00+00:00,,,,,,,,0.8,0.8,,58.0,1,False
2026-04-05 04:08:30+00:00,,,,,,,,0.8200000000000001,0.82,,721.0,3,False
2026-04-05 04:09:00+00:00,,,,,,,,0.8061538461538462,0.82,,13.0,2,False
2026-04-05 04:09:30+00:00,,,,,,,,0.82,0.82,,172.0,1,False
2026-04-05 04:10:00+00:00,,,,,,,,0.808,0.81,,30.0,2,False
2026-04-05 04:10:30+00:00,,,,,,,,0.8002479338842976,0.8,,242.0,2,False
2026-04-05 04:11:00+00:00,,,,,,,,0.8009999999999999,0.8,,10.0,2,False
2026-04-05 04:11:30+00:00,,,,,,,,0.8100000000000002,0.81,,30.0,2,False
2026-04-05 04:12:00+00:00,,,,,,,,0.8100000000000002,0.81,,0.0,0,False
2026-04-05 04:12:30+00:00,,,,,,,,0.8099999999999999,0.81,,34.0,2,False
2026-04-05 04:13:00+00:00,,,,,,,,0.81,0.81,,27.0,2,False
2026-04-05 04:13:30+00:00,,,,,,,,0.8191472244569589,0.82,,1243.0,2,False
2026-04-05 04:14:00+00:00,,,,,,,,0.8191472244569589,0.82,,0.0,0,False
2026-04-05 04:14:30+00:00,,,,,,,,0.8067647058823529,0.82,,68.0,2,False
2026-04-05 04:15:00+00:00,,,,,,,,0.8114285714285715,0.82,,7.0,2,False
2026-04-05 04:15:30+00:00,,,,,,,,0.82,0.82,,40.0,2,False
2026-04-05 04:16:00+00:00,,,,,,,,0.82,0.82,,0.0,0,False
2026-04-05 04:16:30+00:00,,,,,,,,0.8106896551724139,0.81,,29.0,4,False
2026-04-05 04:17:00+00:00,,,,,,,,0.82,0.82,,59.0,2,False
2026-04-05 04:17:30+00:00,,,,,,,,0.8199999999999998,0.82,,289.0,3,False
2026-04-05 04:18:00+00:00,,,,,,,,0.82,0.82,,270.0,1,False
2026-04-05 04:18:30+00:00,,,,,,,,0.82,0.82,,0.0,0,False
2026-04-05 04:19:00+00:00,,,,,,,,0.82,0.82,,0.0,0,False
2026-04-05 04:19:30+00:00,,,,,,,,0.82,0.82,,379.0,1,False
2026-04-05 04:20:00+00:00,,,,,,,,0.8200000000000002,0.8200000000000001,,26.0,2,False
2026-04-05 04:20:30+00:00,,,,,,,,0.82,0.82,,238.0,1,False
2026-04-05 04:21:00+00:00,,,,,,,,0.82,0.82,,3.0,1,False
2026-04-05 04:21:30+00:00,,,,,,,,0.8151063829787233,0.81,,235.0,5,False
2026-04-05 04:22:00+00:00,,,,,,,,0.82,0.82,,97.0,2,False
2026-04-05 04:22:30+00:00,,,,,,,,0.82,0.82,,119.0,1,False
2026-04-05 04:23:00+00:00,,,,,,,,0.82,0.82,,0.0,0,False
2026-04-05 04:23:30+00:00,,,,,,,,0.81,0.81,,9.0,1,False
2026-04-05 04:24:00+00:00,,,,,,,,0.81,0.81,,0.0,0,False
2026-04-05 04:24:30+00:00,,,,,,,,0.82,0.82,,3.0,1,False
2026-04-05 04:25:00+00:00,,,,,,,,0.82,0.82,,25.0,1,False
2026-04-05 04:25:30+00:00,,,,,,,,0.82,0.82,,0.0,0,False
2026-04-05 04:26:00+00:00,,,,,,,,0.82,0.82,,0.0,0,False
2026-04-05 04:26:30+00:00,,,,,,,,0.82,0.82,,0.0,0,False
2026-04-05 04:27:00+00:00,,,,,,,,0.82,0.82,,5.0,1,False
2026-04-05 04:27:30+00:00,,,,,,,,0.8128125,0.82,,32.0,4,False
2026-04-05 04:28:00+00:00,,,,,,,,0.82,0.82,,2000.0,1,False
2026-04-05 04:28:30+00:00,,,,,,,,0.8100000000000002,0.81,,10.0,1,False
2026-04-05 04:29:00+00:00,,,,,,,,0.8100000000000002,0.81,,0.0,0,False
2026-04-05 04:29:30+00:00,,,,,,,,0.82,0.82,,2.0,1,False
2026-04-05 04:30:00+00:00,,,,,,,,0.82,0.82,,18.0,2,False
2026-04-05 04:30:30+00:00,,,,,,,,0.82,0.82,,0.0,0,False
2026-04-05 04:31:00+00:00,,,,,,,,0.8108461538461538,0.81,,130.0,2,False
2026-04-05 04:31:30+00:00,,,,,,,,0.81,0.81,,1.0,1,False
2026-04-05 04:32:00+00:00,,,,,,,,0.8101652892561984,0.81,,121.0,2,False
2026-04-05 04:32:30+00:00,,,,,,,,0.82,0.82,,41.0,1,False
2026-04-05 04:33:00+00:00,,,,,,,,0.818099173553719,0.82,,121.0,3,False
2026-04-05 04:33:30+00:00,,,,,,,,0.818099173553719,0.82,,0.0,0,False
2026-04-05 04:34:00+00:00,,,,,,,,0.82,0.82,,20.0,1,False
2026-04-05 04:34:30+00:00,,,,,,,,0.82,0.82,,0.0,0,False
2026-04-05 04:35:00+00:00,,,,,,,,0.81,0.81,,149.0,1,False
2026-04-05 04:35:30+00:00,,,,,,,,0.8114814814814816,0.82,,108.0,4,False
2026-04-05 04:36:00+00:00,,,,,,,,0.81,0.81,,503.0,1,False
2026-04-05 04:36:30+00:00,,,,,,,,0.81,0.81,,0.0,0,False
2026-04-05 04:37:00+00:00,,,,,,,,0.81,0.81,,26.0,2,False
2026-04-05 04:37:30+00:00,,,,,,,,0.82,0.82,,186.0,2,False
2026-04-05 04:38:00+00:00,,,,,,,,0.82,0.82,,0.0,0,False
2026-04-05 04:38:30+00:00,,,,,,,,0.82,0.82,,5.0,1,False
2026-04-05 04:39:00+00:00,,,,,,,,0.8110000000000002,0.81,,10.0,2,False
2026-04-05 04:39:30+00:00,,,,,,,,0.82,0.82,,119.0,1,False
2026-04-05 04:40:00+00:00,,,,,,,,0.82,0.82,,0.0,0,False
2026-04-05 04:40:30+00:00,,,,,,,,0.82,0.82,,1.0,1,False
2026-04-05 04:41:00+00:00,,,,,,,,0.81,0.81,,47.0,1,False
2026-04-05 04:41:30+00:00,,,,,,,,0.81,0.81,,0.0,0,False
2026-04-05 04:42:00+00:00,,,,,,,,0.81,0.81,,12.0,2,False
2026-04-05 04:42:30+00:00,,,,,,,,0.82,0.82,,16.0,1,False
2026-04-05 04:43:00+00:00,,,,,,,,0.82,0.82,,903.0,1,False
2026-04-05 04:43:30+00:00,,,,,,,,0.82,0.82,,0.0,0,False
2026-04-05 04:44:00+00:00,,,,,,,,0.82,0.82,,3.0,1,False
2026-04-05 04:44:30+00:00,,,,,,,,0.82,0.82,,5.0,1,False
2026-04-05 04:45:00+00:00,,,,,,,,0.82,0.82,,0.0,0,False
2026-04-05 04:45:30+00:00,,,,,,,,0.8110000000000002,0.82,,10.0,2,False
2026-04-05 04:46:00+00:00,,,,,,,,0.8110000000000002,0.82,,0.0,0,False
2026-04-05 04:46:30+00:00,,,,,,,,0.82,0.82,,1.0,1,False
2026-04-05 04:47:00+00:00,,,,,,,,0.8187256450763559,0.82,,1899.0,3,False
2026-04-05 04:47:30+00:00,,,,,,,,0.8108474576271187,0.82,,59.0,3,False
2026-04-05 04:48:00+00:00,,,,,,,,0.8108474576271187,0.82,,0.0,0,False
2026-04-05 04:48:30+00:00,,,,,,,,0.8108474576271187,0.82,,0.0,0,False
2026-04-05 04:49:00+00:00,,,,,,,,0.8108474576271187,0.82,,0.0,0,False
2026-04-05 04:49:30+00:00,,,,,,,,0.8128787878787879,0.82,,66.0,2,False
2026-04-05 04:50:00+00:00,,,,,,,,0.81,0.81,,476.0,1,False
2026-04-05 04:50:30+00:00,,,,,,,,0.81,0.81,,0.0,0,False
2026-04-05 04:51:00+00:00,,,,,,,,0.8113725490196078,0.82,,51.0,2,False
2026-04-05 04:51:30+00:00,,,,,,,,0.8113725490196078,0.82,,0.0,0,False
2026-04-05 04:52:00+00:00,,,,,,,,0.8113725490196078,0.82,,0.0,0,False
2026-04-05 04:52:30+00:00,,,,,,,,0.8113725490196078,0.82,,0.0,0,False
2026-04-05 04:53:00+00:00,,,,,,,,0.8192307692307692,0.82,,104.0,2,False
2026-04-05 04:53:30+00:00,,,,,,,,0.8002721088435374,0.82,,147.0,3,False
2026-04-05 04:54:00+00:00,,,,,,,,0.8002721088435374,0.82,,0.0,0,False
2026-04-05 04:54:30+00:00,,,,,,,,0.8002721088435374,0.82,,0.0,0,False
2026-04-05 04:55:00+00:00,,,,,,,,0.8002721088435374,0.82,,0.0,0,False
2026-04-05 04:55:30+00:00,,,,,,,,0.8002721088435374,0.82,,0.0,0,False
2026-04-05 04:56:00+00:00,,,,,,,,0.82,0.82,,30.0,3,False
2026-04-05 04:56:30+00:00,,,,,,,,0.82,0.82,,1.0,1,False
2026-04-05 04:57:00+00:00,,,,,,,,0.82,0.82,,0.0,0,False
2026-04-05 04:57:30+00:00,,,,,,,,0.82,0.82,,24.0,1,False
2026-04-05 04:58:00+00:00,,,,,,,,0.82,0.82,,0.0,0,False
2026-04-05 04:58:30+00:00,,,,,,,,0.82,0.82,,0.0,0,False
2026-04-05 04:59:00+00:00,,,,,,,,0.8,0.8,,10000.0,1,False
2026-04-05 04:59:30+00:00,,,,,,,,0.8196551724137929,0.82,,58.0,2,False
2026-04-05 05:00:00+00:00,,,,,,,,0.8,0.8,,9.0,1,False
2026-04-05 05:00:30+00:00,,,,,,,,0.8,0.8,,0.0,0,False
2026-04-05 05:01:00+00:00,,,,,,,,0.8016867469879517,0.82,,83.0,3,False
2026-04-05 05:01:30+00:00,,,,,,,,0.82,0.82,,2.0,1,False
2026-04-05 05:02:00+00:00,,,,,,,,0.82,0.82,,0.0,0,False
2026-04-05 05:02:30+00:00,,,,,,,,0.82,0.82,,28.0,2,False
2026-04-05 05:03:00+00:00,,,,,,,,0.82,0.82,,5.0,1,False
2026-04-05 05:03:30+00:00,,,,,,,,0.82,0.82,,115.0,1,False
2026-04-05 05:04:00+00:00,,,,,,,,0.82,0.82,,0.0,0,False
2026-04-05 05:04:30+00:00,,,,,,,,0.82,0.82,,0.0,0,False
2026-04-05 05:05:00+00:00,,,,,,,,0.8200000000000001,0.82,,13.0,2,False
2026-04-05 05:05:30+00:00,,,,,,,,0.8200000000000001,0.82,,0.0,0,False
2026-04-05 05:06:00+00:00,,,,,,,,0.82,0.82,,12.0,1,False
2026-04-05 05:06:30+00:00,,,,,,,,0.8,0.8,,4.0,1,False
2026-04-05 05:07:00+00:00,,,,,,,,0.8,0.8,,0.0,0,False
2026-04-05 05:07:30+00:00,,,,,,,,0.8151612903225807,0.81,,62.0,5,False
2026-04-05 05:08:00+00:00,,,,,,,,0.8151612903225807,0.81,,0.0,0,False
2026-04-05 05:08:30+00:00,,,,,,,,0.8184905660377358,0.8,,53.0,2,False
2026-04-05 05:09:00+00:00,,,,,,,,0.82,0.82,,67.0,1,False
2026-04-05 05:09:30+00:00,,,,,,,,0.8001980733845655,0.8,,9239.0,10,False
2026-04-05 05:10:00+00:00,,,,,,,,0.8,0.8,,80.0,1,False
2026-04-05 05:10:30+00:00,,,,,,,,0.8,0.8,,0.0,0,False
2026-04-05 05:11:00+00:00,,,,,,,,0.8009569150202334,0.8,,4201.0,3,False
2026-04-05 05:11:30+00:00,,,,,,,,0.8009569150202334,0.8,,0.0,0,False
2026-04-05 05:12:00+00:00,,,,,,,,0.8009569150202334,0.8,,0.0,0,False
2026-04-05 05:12:30+00:00,,,,,,,,0.8200000000000001,0.82,,756.0,2,False
2026-04-05 05:13:00+00:00,,,,,,,,0.8,0.8,,1.0,1,False
2026-04-05 05:13:30+00:00,,,,,,,,0.82,0.82,,14.0,1,False
2026-04-05 05:14:00+00:00,,,,,,,,0.8,0.8,,14.0,1,False
2026-04-05 05:14:30+00:00,,,,,,,,0.8,0.8,,0.0,0,False
2026-04-05 05:15:00+00:00,,,,,,,,0.8,0.8,,0.0,0,False
2026-04-05 05:15:30+00:00,,,,,,,,0.8,0.8,,0.0,0,False
2026-04-05 05:16:00+00:00,,,,,,,,0.8,0.8,,0.0,0,False
2026-04-05 05:16:30+00:00,,,,,,,,0.8199999999999998,0.82,,178.0,1,False
2026-04-05 05:17:00+00:00,,,,,,,,0.8,0.8,,72.0,1,False
2026-04-05 05:17:30+00:00,,,,,,,,0.8,0.8,,0.0,0,False
2026-04-05 05:18:00+00:00,,,,,,,,0.8,0.8,,0.0,0,False
2026-04-05 05:18:30+00:00,,,,,,,,0.82,0.82,,28.0,2,False
2026-04-05 05:19:00+00:00,,,,,,,,0.82,0.82,,72.0,3,False
2026-04-05 05:19:30+00:00,,,,,,,,0.82,0.82,,3.0,1,False
2026-04-05 05:20:00+00:00,,,,,,,,0.8,0.8,,47.0,1,False
2026-04-05 05:20:30+00:00,,,,,,,,0.82,0.82,,11.0,1,False
2026-04-05 05:21:00+00:00,,,,,,,,0.82,0.82,,0.0,0,False
2026-04-05 05:21:30+00:00,,,,,,,,0.82,0.82,,0.0,0,False
2026-04-05 05:22:00+00:00,,,,,,,,0.82,0.82,,0.0,0,False
2026-04-05 05:22:30+00:00,,,,,,,,0.82,0.82,,0.0,0,False
2026-04-05 05:23:00+00:00,,,,,,,,0.82,0.82,,119.0,1,False
2026-04-05 05:23:30+00:00,,,,,,,,0.81,0.81,,19.0,1,False
2026-04-05 05:24:00+00:00,,,,,,,,0.81,0.81,,0.0,0,False
2026-04-05 05:24:30+00:00,,,,,,,,0.8,0.8,,22.0,1,False
2026-04-05 05:25:00+00:00,,,,,,,,0.8,0.8,,0.0,0,False
2026-04-05 05:25:30+00:00,,,,,,,,0.8183333333333334,0.8,,12.0,2,False
2026-04-05 05:26:00+00:00,,,,,,,,0.82,0.82,,59.0,1,False
2026-04-05 05:26:30+00:00,,,,,,,,0.8200000000000001,0.82,,104.0,1,False
2026-04-05 05:27:00+00:00,,,,,,,,0.8200000000000001,0.82,,0.0,0,False
2026-04-05 05:27:30+00:00,,,,,,,,0.82,0.82,,576.0,1,False
2026-04-05 05:28:00+00:00,,,,,,,,0.82,0.82,,120.0,1,False
2026-04-05 05:28:30+00:00,,,,,,,,0.82,0.82,,0.0,0,False
2026-04-05 05:29:00+00:00,,,,,,,,0.8,0.8,,68.0,1,False
2026-04-05 05:29:30+00:00,,,,,,,,0.82,0.82,,10.0,1,False
2026-04-05 05:30:00+00:00,,,,,,,,0.8,0.8,,10.0,1,False
2026-04-05 05:30:30+00:00,,,,,,,,0.8103571428571429,0.81,,28.0,3,False
2026-04-05 05:31:00+00:00,,,,,,,,0.8103571428571429,0.81,,0.0,0,False
2026-04-05 05:31:30+00:00,,,,,,,,0.82,0.82,,30.0,1,False
2026-04-05 05:32:00+00:00,,,,,,,,0.82,0.82,,6.0,1,False
2026-04-05 05:32:30+00:00,,,,,,,,0.82,0.82,,0.0,0,False
2026-04-05 05:33:00+00:00,,,,,,,,0.82,0.82,,180.0,1,False
2026-04-05 05:33:30+00:00,,,,,,,,0.8,0.8,,100.0,1,False
2026-04-05 05:34:00+00:00,,,,,,,,0.81890625,0.8,,256.0,4,False
2026-04-05 05:34:30+00:00,,,,,,,,0.82,0.82,,31.0,2,False
2026-04-05 05:35:00+00:00,,,,,,,,0.82,0.82,,0.0,0,False
2026-04-05 05:35:30+00:00,,,,,,,,0.82,0.82,,101.0,1,False
2026-04-05 05:36:00+00:00,,,,,,,,0.82,0.82,,281.0,2,False
2026-04-05 05:36:30+00:00,,,,,,,,0.8000000000000002,0.8,,12.0,1,False
2026-04-05 05:37:00+00:00,,,,,,,,0.82,0.82,,660.0,1,False
2026-04-05 05:37:30+00:00,,,,,,,,0.82,0.82,,0.0,0,False
2026-04-05 05:38:00+00:00,,,,,,,,0.82,0.82,,0.0,0,False
2026-04-05 05:38:30+00:00,,,,,,,,0.8,0.8,,50.0,2,False
2026-04-05 05:39:00+00:00,,,,,,,,0.8,0.8,,0.0,0,False
2026-04-05 05:39:30+00:00,,,,,,,,0.8,0.8,,0.0,0,False
2026-04-05 05:40:00+00:00,,,,,,,,0.82,0.82,,1124.0,2,False
2026-04-05 05:40:30+00:00,,,,,,,,0.82,0.82,,2380.0,1,False
2026-04-05 05:41:00+00:00,,,,,,,,0.8,0.8,,5.0,1,False
2026-04-05 05:41:30+00:00,,,,,,,,0.8,0.8,,51.0,1,False
2026-04-05 05:42:00+00:00,,,,,,,,0.8109090909090909,0.8,,11.0,2,False
2026-04-05 05:42:30+00:00,,,,,,,,0.82,0.82,,370.0,2,False
2026-04-05 05:43:00+00:00,,,,,,,,0.82,0.82,,0.0,0,False
2026-04-05 05:43:30+00:00,,,,,,,,0.8187301587301588,0.82,,63.0,2,False
2026-04-05 05:44:00+00:00,,,,,,,,0.8199850224663006,0.81,,50075.0,2,False
2026-04-05 05:44:30+00:00,,,,,,,,0.82,0.82,,5.0,1,False
2026-04-05 05:45:00+00:00,,,,,,,,0.82,0.82,,36.0,1,False
2026-04-05 05:45:30+00:00,,,,,,,,0.8152380952380951,0.82,,42.0,3,False
2026-04-05 05:46:00+00:00,,,,,,,,0.8019108280254778,0.8,,157.0,3,False
2026-04-05 05:46:30+00:00,,,,,,,,0.8019108280254778,0.8,,0.0,0,False
2026-04-05 05:47:00+00:00,,,,,,,,0.82,0.82,,10.0,1,False
2026-04-05 05:47:30+00:00,,,,,,,,0.82,0.82,,0.0,0,False
2026-04-05 05:48:00+00:00,,,,,,,,0.82,0.82,,0.0,0,False
2026-04-05 05:48:30+00:00,,,,,,,,0.8200000000000001,0.82,,14.0,2,False
2026-04-05 05:49:00+00:00,,,,,,,,0.82,0.82,,6.0,1,False
2026-04-05 05:49:30+00:00,,,,,,,,0.82,0.82,,0.0,0,False
2026-04-05 05:50:00+00:00,,,,,,,,0.82,0.82,,0.0,0,False
2026-04-05 05:50:30+00:00,,,,,,,,0.82,0.82,,12.0,1,False
2026-04-05 05:51:00+00:00,,,,,,,,0.82,0.82,,0.0,0,False
2026-04-05 05:51:30+00:00,,,,,,,,0.82,0.82,,0.0,0,False
2026-04-05 05:52:00+00:00,,,,,,,,0.82,0.82,,0.0,0,False
2026-04-05 05:52:30+00:00,,,,,,,,0.82,0.82,,1.0,1,False
2026-04-05 05:53:00+00:00,,,,,,,,0.8075000000000001,0.8,,16.0,2,False
2026-04-05 05:53:30+00:00,,,,,,,,0.8075000000000001,0.8,,0.0,0,False
2026-04-05 05:54:00+00:00,,,,,,,,0.8,0.8,,45.0,1,False
2026-04-05 05:54:30+00:00,,,,,,,,0.8,0.8,,9.0,1,False
2026-04-05 05:55:00+00:00,,,,,,,,0.8,0.8,,0.0,0,False
2026-04-05 05:55:30+00:00,,,,,,,,0.8,0.8,,0.0,0,False
2026-04-05 05:56:00+00:00,,,,,,,,0.8,0.8,,0.0,0,False
2026-04-05 05:56:30+00:00,,,,,,,,0.82,0.82,,1.0,1,False
2026-04-05 05:57:00+00:00,,,,,,,,0.82,0.82,,0.0,0,False
2026-04-05 05:57:30+00:00,,,,,,,,0.82,0.82,,0.0,0,False
2026-04-05 05:58:00+00:00,,,,,,,,0.82,0.82,,0.0,0,False
2026-04-05 05:58:30+00:00,,,,,,,,0.82,0.82,,0.0,0,False
2026-04-05 05:59:00+00:00,,,,,,,,0.82,0.82,,1.0,1,False
2026-04-05 05:59:30+00:00,,,,,,,,0.8,0.8,,30.0,1,False
2026-04-05 06:00:00+00:00,,,,,,,,0.8,0.8,,0.0,0,False
2026-04-05 06:00:30+00:00,,,,,,,,0.8,0.8,,0.0,0,False
2026-04-05 06:01:00+00:00,,,,,,,,0.8199999999999998,0.82,,9.0,2,False
2026-04-05 06:01:30+00:00,,,,,,,,0.8199999999999998,0.82,,0.0,0,False
2026-04-05 06:02:00+00:00,,,,,,,,0.82,0.82,,35.0,3,False
2026-04-05 06:02:30+00:00,,,,,,,,0.8010041841004185,0.8,,239.0,2,False
2026-04-05 06:03:00+00:00,,,,,,,,0.8010041841004185,0.8,,0.0,0,False
2026-04-05 06:03:30+00:00,,,,,,,,0.8010041841004185,0.8,,0.0,0,False
2026-04-05 06:04:00+00:00,,,,,,,,0.8010041841004185,0.8,,0.0,0,False
2026-04-05 06:04:30+00:00,,,,,,,,0.8010041841004185,0.8,,0.0,0,False
2026-04-05 06:05:00+00:00,,,,,,,,0.8010041841004185,0.8,,0.0,0,False
2026-04-05 06:05:30+00:00,,,,,,,,0.8010041841004185,0.8,,0.0,0,False
2026-04-05 06:06:00+00:00,,,,,,,,0.8010041841004185,0.8,,0.0,0,False
2026-04-05 06:06:30+00:00,,,,,,,,0.8010041841004185,0.8,,0.0,0,False
2026-04-05 06:07:00+00:00,,,,,,,,0.8010041841004185,0.8,,0.0,0,False
2026-04-05 06:07:30+00:00,,,,,,,,0.8,0.8,,42.0,1,False
2026-04-05 06:08:00+00:00,,,,,,,,0.8,0.8,,0.0,0,False
2026-04-05 06:08:30+00:00,,,,,,,,0.8,0.8,,0.0,0,False
2026-04-05 06:09:00+00:00,,,,,,,,0.8,0.8,,0.0,0,False
2026-04-05 06:09:30+00:00,,,,,,,,0.82,0.82,,11.0,1,False
2026-04-05 06:10:00+00:00,,,,,,,,0.8001980198019801,0.82,,101.0,2,False
2026-04-05 06:10:30+00:00,,,,,,,,0.8001980198019801,0.82,,0.0,0,False
2026-04-05 06:11:00+00:00,,,,,,,,0.8001980198019801,0.82,,0.0,0,False
2026-04-05 06:11:30+00:00,,,,,,,,0.8001980198019801,0.82,,0.0,0,False
2026-04-05 06:12:00+00:00,,,,,,,,0.82,0.82,,2380.0,1,False
2026-04-05 06:12:30+00:00,,,,,,,,0.82,0.82,,1785.0,1,False
2026-04-05 06:13:00+00:00,,,,,,,,0.82,0.82,,1.0,1,False
2026-04-05 06:13:30+00:00,,,,,,,,0.82,0.82,,0.0,0,False
2026-04-05 06:14:00+00:00,,,,,,,,0.82,0.82,,0.0,0,False
2026-04-05 06:14:30+00:00,,,,,,,,0.82,0.82,,0.0,0,False
2026-04-05 06:15:00+00:00,,,,,,,,0.82,0.82,,0.0,0,False
2026-04-05 06:15:30+00:00,,,,,,,,0.8,0.8,,71.0,1,False
2026-04-05 06:16:00+00:00,,,,,,,,0.82,0.82,,6.0,1,False
2026-04-05 06:16:30+00:00,,,,,,,,0.82,0.82,,6.0,1,False
2026-04-05 06:17:00+00:00,,,,,,,,0.8,0.8,,59.0,1,False
2026-04-05 06:17:30+00:00,,,,,,,,0.8,0.8,,13.0,1,False
2026-04-05 06:18:00+00:00,,,,,,,,0.8,0.8,,0.0,0,False
2026-04-05 06:18:30+00:00,,,,,,,,0.8,0.8,,0.0,0,False
2026-04-05 06:19:00+00:00,,,,,,,,0.8099999999999999,0.81,,673.0,3,False
2026-04-05 06:19:30+00:00,,,,,,,,0.8099999999999999,0.81,,0.0,0,False
2026-04-05 06:20:00+00:00,,,,,,,,0.8100000000000002,0.81,,200.0,2,False
2026-04-05 06:20:30+00:00,,,,,,,,0.81,0.81,,182.0,1,False
2026-04-05 06:21:00+00:00,,,,,,,,0.81,0.81,,0.0,0,False
2026-04-05 06:21:30+00:00,,,,,,,,0.81,0.81,,0.0,0,False
2026-04-05 06:22:00+00:00,,,,,,,,0.8,0.8,,59.0,2,False
2026-04-05 06:22:30+00:00,,,,,,,,0.8083333333333335,0.8,,54.0,2,False
2026-04-05 06:23:00+00:00,,,,,,,,0.8,0.8,,22.0,1,False
2026-04-05 06:23:30+00:00,,,,,,,,0.8,0.8,,0.0,0,False
2026-04-05 06:24:00+00:00,,,,,,,,0.8000000000000002,0.8,,18959.0,5,False
2026-04-05 06:24:30+00:00,,,,,,,,0.8100000000000002,0.81,,10.0,1,False
2026-04-05 06:25:00+00:00,,,,,,,,0.8100000000000002,0.81,,0.0,0,False
2026-04-05 06:25:30+00:00,,,,,,,,0.8100000000000002,0.81,,602.0,4,False
2026-04-05 06:26:00+00:00,,,,,,,,0.8100000000000002,0.81,,0.0,0,False
2026-04-05 06:26:30+00:00,,,,,,,,0.8,0.8,,32.0,1,False
2026-04-05 06:27:00+00:00,,,,,,,,0.8014285714285716,0.81,,7.0,2,False
2026-04-05 06:27:30+00:00,,,,,,,,0.8,0.8,,18.0,1,False
2026-04-05 06:28:00+00:00,,,,,,,,0.8,0.8,,9.0,1,False
2026-04-05 06:28:30+00:00,,,,,,,,0.8099999999999999,0.81,,28.0,1,False
2026-04-05 06:29:00+00:00,,,,,,,,0.8099999999999999,0.81,,0.0,0,False
2026-04-05 06:29:30+00:00,,,,,,,,0.8099999999999999,0.81,,0.0,0,False
2026-04-05 06:30:00+00:00,,,,,,,,0.81,0.81,,121.0,1,False
2026-04-05 06:30:30+00:00,,,,,,,,0.8,0.8,,2.0,1,False
2026-04-05 06:31:00+00:00,,,,,,,,0.8,0.8,,0.0,0,False
2026-04-05 06:31:30+00:00,,,,,,,,0.8,0.8,,0.0,0,False
2026-04-05 06:32:00+00:00,,,,,,,,0.8,0.8,,94.0,1,False
2026-04-05 06:32:30+00:00,,,,,,,,0.8,0.8,,0.0,0,False
2026-04-05 06:33:00+00:00,,,,,,,,0.8,0.8,,40.0,1,False
2026-04-05 06:33:30+00:00,,,,,,,,0.8,0.8,,20.0,1,False
2026-04-05 06:34:00+00:00,,,,,,,,0.8,0.8,,23.0,1,False
2026-04-05 06:34:30+00:00,,,,,,,,0.8,0.8,,0.0,0,False
2026-04-05 06:35:00+00:00,,,,,,,,0.8,0.8,,0.0,0,False
2026-04-05 06:35:30+00:00,,,,,,,,0.8,0.8,,23.0,1,False
2026-04-05 06:36:00+00:00,,,,,,,,0.8099999999999999,0.81,,1531.0,6,False
2026-04-05 06:36:30+00:00,,,,,,,,0.8099999999999999,0.81,,813.0,3,False
2026-04-05 06:37:00+00:00,,,,,,,,0.8099999999999999,0.81,,0.0,0,False
2026-04-05 06:37:30+00:00,,,,,,,,0.82,0.82,,50.0,1,False
2026-04-05 06:38:00+00:00,,,,,,,,0.82,0.82,,0.0,0,False
2026-04-05 06:38:30+00:00,,,,,,,,0.8,0.8,,50.0,1,False
2026-04-05 06:39:00+00:00,,,,,,,,0.8,0.8,,0.0,0,False
2026-04-05 06:39:30+00:00,,,,,,,,0.8,0.8,,0.0,0,False
2026-04-05 06:40:00+00:00,,,,,,,,0.8,0.8,,0.0,0,False
2026-04-05 06:40:30+00:00,,,,,,,,0.82,0.82,,1.0,1,False
2026-04-05 06:41:00+00:00,,,,,,,,0.82,0.82,,603.0,2,False
2026-04-05 06:41:30+00:00,,,,,,,,0.81,0.81,,1.0,1,False
2026-04-05 06:42:00+00:00,,,,,,,,0.81,0.81,,0.0,0,False
2026-04-05 06:42:30+00:00,,,,,,,,0.81,0.81,,0.0,0,False
2026-04-05 06:43:00+00:00,,,,,,,,0.81,0.81,,0.0,0,False
2026-04-05 06:43:30+00:00,,,,,,,,0.81,0.81,,0.0,0,False
2026-04-05 06:44:00+00:00,,,,,,,,0.81,0.81,,0.0,0,False
2026-04-05 06:44:30+00:00,,,,,,,,0.81,0.81,,0.0,0,False
2026-04-05 06:45:00+00:00,,,,,,,,0.81,0.81,,0.0,0,False
2026-04-05 06:45:30+00:00,,,,,,,,0.81,0.81,,0.0,0,False
2026-04-05 06:46:00+00:00,,,,,,,,0.81,0.81,,0.0,0,False
2026-04-05 06:46:30+00:00,,,,,,,,0.81,0.81,,0.0,0,False
2026-04-05 06:47:00+00:00,,,,,,,,0.81,0.81,,0.0,0,False
2026-04-05 06:47:30+00:00,,,,,,,,0.8200000000000001,0.82,,54.0,2,False
2026-04-05 06:48:00+00:00,,,,,,,,0.8200000000000001,0.82,,0.0,0,False
2026-04-05 06:48:30+00:00,,,,,,,,0.8,0.8,,95.0,1,False
2026-04-05 06:49:00+00:00,,,,,,,,0.8,0.8,,0.0,0,False
2026-04-05 06:49:30+00:00,,,,,,,,0.8199999999999998,0.82,,89.0,1,False
2026-04-05 06:50:00+00:00,,,,,,,,0.8199999999999998,0.82,,0.0,0,False
2026-04-05 06:50:30+00:00,,,,,,,,0.8200000000000001,0.82,,208.0,2,False
2026-04-05 06:51:00+00:00,,,,,,,,0.8200000000000001,0.82,,0.0,0,False
2026-04-05 06:51:30+00:00,,,,,,,,0.8200000000000001,0.82,,0.0,0,False
2026-04-05 06:52:00+00:00,,,,,,,,0.8200000000000001,0.82,,0.0,0,False
2026-04-05 06:52:30+00:00,,,,,,,,0.8200000000000001,0.82,,0.0,0,False
2026-04-05 06:53:00+00:00,,,,,,,,0.8200000000000001,0.82,,0.0,0,False
2026-04-05 06:53:30+00:00,,,,,,,,0.8200000000000001,0.82,,0.0,0,False
2026-04-05 06:54:00+00:00,,,,,,,,0.8200000000000001,0.82,,0.0,0,False
2026-04-05 06:54:30+00:00,,,,,,,,0.81,0.81,,41.0,1,False
2026-04-05 06:55:00+00:00,,,,,,,,0.81,0.81,,0.0,0,False
2026-04-05 06:55:30+00:00,,,,,,,,0.81,0.81,,0.0,0,False
2026-04-05 06:56:00+00:00,,,,,,,,0.81,0.81,,0.0,0,False
2026-04-05 06:56:30+00:00,,,,,,,,0.81,0.81,,0.0,0,False
2026-04-05 06:57:00+00:00,,,,,,,,0.81,0.81,,0.0,0,False
2026-04-05 06:57:30+00:00,,,,,,,,0.81,0.81,,0.0,0,False
2026-04-05 06:58:00+00:00,,,,,,,,0.81,0.81,,1.0,1,False
2026-04-05 06:58:30+00:00,,,,,,,,0.81,0.81,,0.0,0,False
2026-04-05 06:59:00+00:00,,,,,,,,0.81,0.81,,0.0,0,False
2026-04-05 06:59:30+00:00,,,,,,,,0.805,0.8,,2.0,2,False
2026-04-05 07:00:00+00:00,,,,,,,,0.81,0.81,,34.0,1,False
2026-04-05 07:00:30+00:00,,,,,,,,0.81,0.81,,0.0,0,False
2026-04-05 07:01:00+00:00,,,,,,,,0.8100000000000002,0.81,,1183.0,2,False
2026-04-05 07:01:30+00:00,,,,,,,,0.8099999999999999,0.81,,817.0,8,False
2026-04-05 07:02:00+00:00,,,,,,,,0.8,0.8,,260.0,1,False
2026-04-05 07:02:30+00:00,,,,,,,,0.8,0.8,,0.0,0,False
2026-04-05 07:03:00+00:00,,,,,,,,0.82,0.82,,2.0,1,False
2026-04-05 07:03:30+00:00,,,,,,,,0.82,0.82,,0.0,0,False
2026-04-05 07:04:00+00:00,,,,,,,,0.82,0.82,,0.0,0,False
2026-04-05 07:04:30+00:00,,,,,,,,0.81,0.81,,24.0,1,False
2026-04-05 07:05:00+00:00,,,,,,,,0.81,0.81,,0.0,0,False
2026-04-05 07:05:30+00:00,,,,,,,,0.81,0.81,,0.0,0,False
2026-04-05 07:06:00+00:00,,,,,,,,0.8,0.8,,11.0,1,False
2026-04-05 07:06:30+00:00,,,,,,,,0.81,0.81,,18.0,1,False
2026-04-05 07:07:00+00:00,,,,,,,,0.81,0.81,,100.0,1,False
2026-04-05 07:07:30+00:00,,,,,,,,0.81,0.81,,0.0,0,False
2026-04-05 07:08:00+00:00,,,,,,,,0.8,0.8,,22.0,2,False
2026-04-05 07:08:30+00:00,,,,,,,,0.8,0.8,,0.0,0,False
2026-04-05 07:09:00+00:00,,,,,,,,0.8,0.8,,0.0,0,False
2026-04-05 07:09:30+00:00,,,,,,,,0.8,0.8,,0.0,0,False
2026-04-05 07:10:00+00:00,,,,,,,,0.8,0.8,,0.0,0,False
2026-04-05 07:10:30+00:00,,,,,,,,0.8002857142857144,0.81,,70.0,2,False
2026-04-05 07:11:00+00:00,,,,,,,,0.8099999999999999,0.81,,28.0,1,False
2026-04-05 07:11:30+00:00,,,,,,,,0.8099999999999999,0.81,,0.0,0,False
2026-04-05 07:12:00+00:00,,,,,,,,0.8099999999999999,0.81,,0.0,0,False
2026-04-05 07:12:30+00:00,,,,,,,,0.8,0.8,,122.0,2,False
2026-04-05 07:13:00+00:00,,,,,,,,0.8,0.8,,0.0,0,False
2026-04-05 07:13:30+00:00,,,,,,,,0.8,0.8,,0.0,0,False
2026-04-05 07:14:00+00:00,,,,,,,,0.8,0.8,,0.0,0,False
2026-04-05 07:14:30+00:00,,,,,,,,0.81,0.81,,120.0,1,False
2026-04-05 07:15:00+00:00,,,,,,,,0.81,0.81,,60.0,1,False
2026-04-05 07:15:30+00:00,,,,,,,,0.81,0.81,,47.0,1,False
2026-04-05 07:16:00+00:00,,,,,,,,0.81,0.81,,30.0,1,False
2026-04-05 07:16:30+00:00,,,,,,,,0.81,0.81,,304.0,1,False
2026-04-05 07:17:00+00:00,,,,,,,,0.8061373390557941,0.8,,233.0,4,False
2026-04-05 07:17:30+00:00,,,,,,,,0.8061373390557941,0.8,,0.0,0,False
2026-04-05 07:18:00+00:00,,,,,,,,0.8061373390557941,0.8,,0.0,0,False
2026-04-05 07:18:30+00:00,,,,,,,,0.8061373390557941,0.8,,0.0,0,False
2026-04-05 07:19:00+00:00,,,,,,,,0.81,0.81,,12.0,1,False
2026-04-05 07:19:30+00:00,,,,,,,,0.81,0.81,,0.0,0,False
2026-04-05 07:20:00+00:00,,,,,,,,0.81,0.81,,0.0,0,False
2026-04-05 07:20:30+00:00,,,,,,,,0.81,0.81,,0.0,0,False
2026-04-05 07:21:00+00:00,,,,,,,,0.81,0.81,,0.0,0,False
2026-04-05 07:21:30+00:00,,,,,,,,0.81,0.81,,203.0,1,False
2026-04-05 07:22:00+00:00,,,,,,,,0.81,0.81,,0.0,0,False
2026-04-05 07:22:30+00:00,,,,,,,,0.81,0.81,,0.0,0,False
2026-04-05 07:23:00+00:00,,,,,,,,0.8085714285714286,0.81,,21.0,3,False
2026-04-05 07:23:30+00:00,,,,,,,,0.8085714285714286,0.81,,0.0,0,False
2026-04-05 07:24:00+00:00,,,,,,,,0.8085714285714286,0.81,,0.0,0,False
2026-04-05 07:24:30+00:00,,,,,,,,0.8085714285714286,0.81,,0.0,0,False
2026-04-05 07:25:00+00:00,,,,,,,,0.8085714285714286,0.81,,0.0,0,False
2026-04-05 07:25:30+00:00,,,,,,,,0.8085714285714286,0.81,,0.0,0,False
2026-04-05 07:26:00+00:00,,,,,,,,0.8085714285714286,0.81,,0.0,0,False
2026-04-05 07:26:30+00:00,,,,,,,,0.8085714285714286,0.81,,0.0,0,False
2026-04-05 07:27:00+00:00,,,,,,,,0.81,0.81,,31.0,1,False
2026-04-05 07:27:30+00:00,,,,,,,,0.8,0.8,,4.0,1,False
2026-04-05 07:28:00+00:00,,,,,,,,0.8,0.8,,0.0,0,False
2026-04-05 07:28:30+00:00,,,,,,,,0.8,0.8,,0.0,0,False
2026-04-05 07:29:00+00:00,,,,,,,,0.8,0.8,,0.0,0,False
2026-04-05 07:29:30+00:00,,,,,,,,0.8099999999999999,0.81,,187.0,1,False
2026-04-05 07:30:00+00:00,,,,,,,,0.8099999999999999,0.81,,0.0,0,False
2026-04-05 07:30:30+00:00,,,,,,,,0.8099999999999999,0.81,,0.0,0,False
2026-04-05 07:31:00+00:00,,,,,,,,0.8036734693877552,0.81,,49.0,2,False
2026-04-05 07:31:30+00:00,,,,,,,,0.81,0.81,,189.0,1,False
2026-04-05 07:32:00+00:00,,,,,,,,0.81,0.81,,1.0,1,False
2026-04-05 07:32:30+00:00,,,,,,,,0.81,0.81,,1.0,1,False
2026-04-05 07:33:00+00:00,,,,,,,,0.81,0.81,,0.0,0,False
2026-04-05 07:33:30+00:00,,,,,,,,0.8000000000000002,0.8,,227.0,4,False
2026-04-05 07:34:00+00:00,,,,,,,,0.8000000000000002,0.8,,0.0,0,False
2026-04-05 07:34:30+00:00,,,,,,,,0.81,0.81,,30.0,1,False
2026-04-05 07:35:00+00:00,,,,,,,,0.81,0.81,,0.0,0,False
2026-04-05 07:35:30+00:00,,,,,,,,0.81,0.81,,0.0,0,False
2026-04-05 07:36:00+00:00,,,,,,,,0.81,0.81,,0.0,0,False
2026-04-05 07:36:30+00:00,,,,,,,,0.8099999999999999,0.81,,56.0,1,False
2026-04-05 07:37:00+00:00,,,,,,,,0.8099999999999999,0.81,,0.0,0,False
2026-04-05 07:37:30+00:00,,,,,,,,0.81,0.81,,6.0,1,False
2026-04-05 07:38:00+00:00,,,,,,,,0.81,0.81,,0.0,0,False
2026-04-05 07:38:30+00:00,,,,,,,,0.8034285714285716,0.8,,35.0,2,False
2026-04-05 07:39:00+00:00,,,,,,,,0.81,0.81,,227.0,1,False
2026-04-05 07:39:30+00:00,,,,,,,,0.81,0.81,,0.0,0,False
2026-04-05 07:40:00+00:00,,,,,,,,0.81,0.81,,0.0,0,False
2026-04-05 07:40:30+00:00,,,,,,,,0.8,0.8,,45.0,1,False
2026-04-05 07:41:00+00:00,,,,,,,,0.8,0.8,,0.0,0,False
2026-04-05 07:41:30+00:00,,,,,,,,0.8,0.8,,0.0,0,False
2026-04-05 07:42:00+00:00,,,,,,,,0.8,0.8,,0.0,0,False
2026-04-05 07:42:30+00:00,,,,,,,,0.8,0.8,,0.0,0,False
2026-04-05 07:43:00+00:00,,,,,,,,0.8,0.8,,0.0,0,False
2026-04-05 07:43:30+00:00,,,,,,,,0.8,0.8,,0.0,0,False
2026-04-05 07:44:00+00:00,,,,,,,,0.81,0.81,,12.0,1,False
2026-04-05 07:44:30+00:00,,,,,,,,0.81,0.81,,4.0,1,False
2026-04-05 07:45:00+00:00,,,,,,,,0.81,0.81,,0.0,0,False
2026-04-05 07:45:30+00:00,,,,,,,,0.81,0.81,,0.0,0,False
2026-04-05 07:46:00+00:00,,,,,,,,0.81,0.81,,0.0,0,False
2026-04-05 07:46:30+00:00,,,,,,,,0.81,0.81,,0.0,0,False
2026-04-05 07:47:00+00:00,,,,,,,,0.81,0.81,,0.0,0,False
2026-04-05 07:47:30+00:00,,,,,,,,0.81,0.81,,633.0,1,False
2026-04-05 07:48:00+00:00,,,,,,,,0.81,0.81,,0.0,0,False
2026-04-05 07:48:30+00:00,,,,,,,,0.81,0.81,,0.0,0,False
2026-04-05 07:49:00+00:00,,,,,,,,0.81,0.81,,0.0,0,False
2026-04-05 07:49:30+00:00,,,,,,,,0.81,0.81,,0.0,0,False
2026-04-05 07:50:00+00:00,,,,,,,,0.81,0.81,,0.0,0,False
2026-04-05 07:50:30+00:00,,,,,,,,0.8,0.8,,23.0,2,False
2026-04-05 07:51:00+00:00,,,,,,,,0.8,0.8,,0.0,0,False
2026-04-05 07:51:30+00:00,,,,,,,,0.81,0.81,,13.0,1,False
2026-04-05 07:52:00+00:00,,,,,,,,0.81,0.81,,0.0,0,False
2026-04-05 07:52:30+00:00,,,,,,,,0.81,0.81,,0.0,0,False
2026-04-05 07:53:00+00:00,,,,,,,,0.81,0.81,,0.0,0,False
2026-04-05 07:53:30+00:00,,,,,,,,0.81,0.81,,0.0,0,False
2026-04-05 07:54:00+00:00,,,,,,,,0.7999999999999999,0.8,,86.0,1,False
2026-04-05 07:54:30+00:00,,,,,,,,0.79,0.79,,4.0,1,False
2026-04-05 07:55:00+00:00,,,,,,,,0.79,0.79,,0.0,0,False
2026-04-05 07:55:30+00:00,,,,,,,,0.79,0.79,,0.0,0,False
2026-04-05 07:56:00+00:00,,,,,,,,0.79,0.79,,0.0,0,False
2026-04-05 07:56:30+00:00,,,,,,,,0.79,0.79,,0.0,0,False
2026-04-05 07:57:00+00:00,,,,,,,,0.79,0.79,,0.0,0,False
2026-04-05 07:57:30+00:00,,,,,,,,0.8100000000000002,0.81,,20.0,1,False
2026-04-05 07:58:00+00:00,,,,,,,,0.8100000000000002,0.81,,0.0,0,False
2026-04-05 07:58:30+00:00,,,,,,,,0.8100000000000002,0.81,,0.0,0,False
2026-04-05 07:59:00+00:00,,,,,,,,0.8100000000000002,0.81,,0.0,0,False
2026-04-05 07:59:30+00:00,,,,,,,,0.81,0.81,,30.0,1,False
2026-04-05 08:00:00+00:00,,,,,,,,0.81,0.81,,0.0,0,False
2026-04-05 08:00:30+00:00,,,,,,,,0.81,0.81,,0.0,0,False
2026-04-05 08:01:00+00:00,,,,,,,,0.81,0.81,,0.0,0,False
2026-04-05 08:01:30+00:00,,,,,,,,0.81,0.81,,0.0,0,False
2026-04-05 08:02:00+00:00,,,,,,,,0.81,0.81,,0.0,0,False
2026-04-05 08:02:30+00:00,,,,,,,,0.81,0.81,,0.0,0,False
2026-04-05 08:03:00+00:00,,,,,,,,0.81,0.81,,2.0,1,False
2026-04-05 08:03:30+00:00,,,,,,,,0.81,0.81,,0.0,0,False
2026-04-05 08:04:00+00:00,,,,,,,,0.8093548387096774,0.79,,31.0,2,False
2026-04-05 08:04:30+00:00,,,,,,,,0.81,0.81,,6.0,1,False
2026-04-05 08:05:00+00:00,,,,,,,,0.81,0.81,,0.0,0,False
2026-04-05 08:05:30+00:00,,,,,,,,0.79,0.79,,21.0,1,False
2026-04-05 08:06:00+00:00,,,,,,,,0.805,0.81,,2.0,2,False
2026-04-05 08:06:30+00:00,,,,,,,,0.81,0.81,,24.0,1,False
2026-04-05 08:07:00+00:00,,,,,,,,0.81,0.81,,30.0,1,False
2026-04-05 08:07:30+00:00,,,,,,,,0.81,0.81,,0.0,0,False
2026-04-05 08:08:00+00:00,,,,,,,,0.7903921568627451,0.81,,306.0,2,False
2026-04-05 08:08:30+00:00,,,,,,,,0.7903921568627451,0.81,,0.0,0,False
2026-04-05 08:09:00+00:00,,,,,,,,0.7903921568627451,0.81,,0.0,0,False
2026-04-05 08:09:30+00:00,,,,,,,,0.7903921568627451,0.81,,0.0,0,False
2026-04-05 08:10:00+00:00,,,,,,,,0.7903921568627451,0.81,,0.0,0,False
2026-04-05 08:10:30+00:00,,,,,,,,0.7903921568627451,0.81,,0.0,0,False
2026-04-05 08:11:00+00:00,,,,,,,,0.81,0.81,,238.0,1,False
2026-04-05 08:11:30+00:00,,,,,,,,0.81,0.81,,0.0,0,False
2026-04-05 08:12:00+00:00,,,,,,,,0.81,0.81,,0.0,0,False
2026-04-05 08:12:30+00:00,,,,,,,,0.79,0.79,,4.0,1,False
2026-04-05 08:13:00+00:00,,,,,,,,0.79,0.79,,0.0,0,False
2026-04-05 08:13:30+00:00,,,,,,,,0.79,0.79,,0.0,0,False
2026-04-05 08:14:00+00:00,,,,,,,,0.79,0.79,,0.0,0,False
2026-04-05 08:14:30+00:00,,,,,,,,0.81,0.81,,6.0,1,False
2026-04-05 08:15:00+00:00,,,,,,,,0.81,0.81,,3.0,1,False
2026-04-05 08:15:30+00:00,,,,,,,,0.81,0.81,,0.0,0,False
2026-04-05 08:16:00+00:00,,,,,,,,0.81,0.81,,0.0,0,False
2026-04-05 08:16:30+00:00,,,,,,,,0.81,0.81,,0.0,0,False
2026-04-05 08:17:00+00:00,,,,,,,,0.81,0.81,,0.0,0,False
2026-04-05 08:17:30+00:00,,,,,,,,0.81,0.81,,0.0,0,False
2026-04-05 08:18:00+00:00,,,,,,,,0.81,0.81,,0.0,0,False
2026-04-05 08:18:30+00:00,,,,,,,,0.81,0.81,,3898.0,2,False
2026-04-05 08:19:00+00:00,,,,,,,,0.81,0.81,,0.0,0,False
2026-04-05 08:19:30+00:00,,,,,,,,0.8100000000000002,0.81,,5.0,1,False
2026-04-05 08:20:00+00:00,,,,,,,,0.8100000000000002,0.81,,0.0,0,False
2026-04-05 08:20:30+00:00,,,,,,,,0.8100000000000002,0.81,,0.0,0,False
2026-04-05 08:21:00+00:00,,,,,,,,0.8100000000000002,0.81,,0.0,0,False
2026-04-05 08:21:30+00:00,,,,,,,,0.8100000000000002,0.81,,0.0,0,False
2026-04-05 08:22:00+00:00,,,,,,,,0.8100000000000002,0.81,,0.0,0,False
2026-04-05 08:22:30+00:00,,,,,,,,0.81,0.81,,60.0,1,False
2026-04-05 08:23:00+00:00,,,,,,,,0.81,0.81,,0.0,0,False
2026-04-05 08:23:30+00:00,,,,,,,,0.81,0.81,,0.0,0,False
2026-04-05 08:24:00+00:00,,,,,,,,0.81,0.81,,0.0,0,False
2026-04-05 08:24:30+00:00,,,,,,,,0.81,0.81,,0.0,0,False
2026-04-05 08:25:00+00:00,,,,,,,,0.81,0.81,,0.0,0,False
2026-04-05 08:25:30+00:00,,,,,,,,0.81,0.81,,0.0,0,False
2026-04-05 08:26:00+00:00,,,,,,,,0.81,0.81,,24.0,1,False
2026-04-05 08:26:30+00:00,,,,,,,,0.81,0.81,,0.0,0,False
2026-04-05 08:27:00+00:00,,,,,,,,0.81,0.81,,0.0,0,False
2026-04-05 08:27:30+00:00,,,,,,,,0.81,0.81,,0.0,0,False
2026-04-05 08:28:00+00:00,,,,,,,,0.81,0.81,,0.0,0,False
2026-04-05 08:28:30+00:00,,,,,,,,0.81,0.81,,0.0,0,False
2026-04-05 08:29:00+00:00,,,,,,,,0.79,0.79,,1.0,1,False
2026-04-05 08:29:30+00:00,,,,,,,,0.81,0.81,,30.0,1,False
2026-04-05 08:30:00+00:00,,,,,,,,0.81,0.81,,0.0,0,False
2026-04-05 08:30:30+00:00,,,,,,,,0.81,0.81,,0.0,0,False
2026-04-05 08:31:00+00:00,,,,,,,,0.81,0.81,,0.0,0,False
2026-04-05 08:31:30+00:00,,,,,,,,0.81,0.81,,0.0,0,False
2026-04-05 08:32:00+00:00,,,,,,,,0.81,0.81,,0.0,0,False
2026-04-05 08:32:30+00:00,,,,,,,,0.81,0.81,,2.0,1,False
2026-04-05 08:33:00+00:00,,,,,,,,0.81,0.81,,6.0,1,False
2026-04-05 08:33:30+00:00,,,,,,,,0.7900000000000001,0.79,,22.0,1,False
2026-04-05 08:34:00+00:00,,,,,,,,0.8059292035398231,0.79,,113.0,2,False
2026-04-05 08:34:30+00:00,,,,,,,,0.79,0.79,,7.0,1,False
2026-04-05 08:35:00+00:00,,,,,,,,0.79,0.79,,0.0,0,False
2026-04-05 08:35:30+00:00,,,,,,,,0.79,0.79,,0.0,0,False
2026-04-05 08:36:00+00:00,,,,,,,,0.79,0.79,,0.0,0,False
2026-04-05 08:36:30+00:00,,,,,,,,0.79,0.79,,9.0,1,False
2026-04-05 08:37:00+00:00,,,,,,,,0.79,0.79,,0.0,0,False
2026-04-05 08:37:30+00:00,,,,,,,,0.81,0.81,,60.0,1,False
2026-04-05 08:38:00+00:00,,,,,,,,0.81,0.81,,0.0,0,False
2026-04-05 08:38:30+00:00,,,,,,,,0.81,0.81,,0.0,0,False
2026-04-05 08:39:00+00:00,,,,,,,,0.81,0.81,,6.0,1,False
2026-04-05 08:39:30+00:00,,,,,,,,0.81,0.81,,0.0,0,False
2026-04-05 08:40:00+00:00,,,,,,,,0.81,0.81,,0.0,0,False
2026-04-05 08:40:30+00:00,,,,,,,,0.81,0.81,,60.0,1,False
2026-04-05 08:41:00+00:00,,,,,,,,0.81,0.81,,0.0,0,False
2026-04-05 08:41:30+00:00,,,,,,,,0.81,0.81,,0.0,0,False
2026-04-05 08:42:00+00:00,,,,,,,,0.81,0.81,,0.0,0,False
2026-04-05 08:42:30+00:00,,,,,,,,0.81,0.81,,0.0,0,False
2026-04-05 08:43:00+00:00,,,,,,,,0.7938709677419354,0.81,,93.0,2,False
2026-04-05 08:43:30+00:00,,,,,,,,0.7938709677419354,0.81,,0.0,0,False
2026-04-05 08:44:00+00:00,,,,,,,,0.7938709677419354,0.81,,0.0,0,False
2026-04-05 08:44:30+00:00,,,,,,,,0.8100000000000002,0.81,,20.0,1,False
2026-04-05 08:45:00+00:00,,,,,,,,0.79,0.79,,108.0,1,False
2026-04-05 08:45:30+00:00,,,,,,,,0.81,0.81,,50.0,1,False
2026-04-05 08:46:00+00:00,,,,,,,,0.81,0.81,,230.0,2,False
2026-04-05 08:46:30+00:00,,,,,,,,0.81,0.81,,0.0,0,False
2026-04-05 08:47:00+00:00,,,,,,,,0.81,0.81,,0.0,0,False
2026-04-05 08:47:30+00:00,,,,,,,,0.8100000000000002,0.81,,92.0,1,False
2026-04-05 08:48:00+00:00,,,,,,,,0.8100000000000002,0.81,,5.0,1,False
2026-04-05 08:48:30+00:00,,,,,,,,0.8100000000000002,0.81,,0.0,0,False
2026-04-05 08:49:00+00:00,,,,,,,,0.8100000000000002,0.81,,0.0,0,False
2026-04-05 08:49:30+00:00,,,,,,,,0.79,0.79,,451.0,1,False
2026-04-05 08:50:00+00:00,,,,,,,,0.79,0.79,,0.0,0,False
2026-04-05 08:50:30+00:00,,,,,,,,0.79,0.79,,0.0,0,False
2026-04-05 08:51:00+00:00,,,,,,,,0.79,0.79,,0.0,0,False
2026-04-05 08:51:30+00:00,,,,,,,,0.79,0.79,,0.0,0,False
2026-04-05 08:52:00+00:00,,,,,,,,0.79,0.79,,0.0,0,False
2026-04-05 08:52:30+00:00,,,,,,,,0.79,0.79,,0.0,0,False
2026-04-05 08:53:00+00:00,,,,,,,,0.79,0.79,,0.0,0,False
2026-04-05 08:53:30+00:00,,,,,,,,0.79,0.79,,0.0,0,False
2026-04-05 08:54:00+00:00,,,,,,,,0.79,0.79,,0.0,0,False
2026-04-05 08:54:30+00:00,,,,,,,,0.79,0.79,,0.0,0,False
2026-04-05 08:55:00+00:00,,,,,,,,0.79,0.79,,0.0,0,False
2026-04-05 08:55:30+00:00,,,,,,,,0.79,0.79,,0.0,0,False
2026-04-05 08:56:00+00:00,,,,,,,,0.79,0.79,,0.0,0,False
2026-04-05 08:56:30+00:00,,,,,,,,0.79,0.79,,0.0,0,False
2026-04-05 08:57:00+00:00,,,,,,,,0.79,0.79,,0.0,0,False
2026-04-05 08:57:30+00:00,,,,,,,,0.79,0.79,,0.0,0,False
2026-04-05 08:58:00+00:00,,,,,,,,0.79,0.79,,0.0,0,False
2026-04-05 08:58:30+00:00,,,,,,,,0.79,0.79,,0.0,0,False
2026-04-05 08:59:00+00:00,,,,,,,,0.79,0.79,,0.0,0,False
2026-04-05 08:59:30+00:00,,,,,,,,0.79,0.79,,0.0,0,False
2026-04-05 09:00:00+00:00,,,,,,,,0.79,0.79,,0.0,0,False
2026-04-05 09:00:30+00:00,,,,,,,,0.8100000000000002,0.81,,5.0,1,False
2026-04-05 09:01:00+00:00,,,,,,,,0.8100000000000002,0.81,,0.0,0,False
2026-04-05 09:01:30+00:00,,,,,,,,0.8100000000000002,0.81,,0.0,0,False
2026-04-05 09:02:00+00:00,,,,,,,,0.8100000000000002,0.81,,0.0,0,False
2026-04-05 09:02:30+00:00,,,,,,,,0.8100000000000002,0.81,,0.0,0,False
2026-04-05 09:03:00+00:00,,,,,,,,0.81,0.81,,3.0,1,False
2026-04-05 09:03:30+00:00,,,,,,,,0.81,0.81,,0.0,0,False
2026-04-05 09:04:00+00:00,,,,,,,,0.79,0.79,,406.0,1,False
2026-04-05 09:04:30+00:00,,,,,,,,0.81,0.81,,12.0,1,False
2026-04-05 09:05:00+00:00,,,,,,,,0.79,0.79,,67.0,1,False
2026-04-05 09:05:30+00:00,,,,,,,,0.81,0.81,,42.0,1,False
2026-04-05 09:06:00+00:00,,,,,,,,0.81,0.81,,0.0,0,False
2026-04-05 09:06:30+00:00,,,,,,,,0.81,0.81,,0.0,0,False
2026-04-05 09:07:00+00:00,,,,,,,,0.81,0.81,,6.0,1,False
2026-04-05 09:07:30+00:00,,,,,,,,0.81,0.81,,0.0,0,False
2026-04-05 09:08:00+00:00,,,,,,,,0.81,0.81,,0.0,0,False
2026-04-05 09:08:30+00:00,,,,,,,,0.81,0.81,,0.0,0,False
2026-04-05 09:09:00+00:00,,,,,,,,0.81,0.81,,0.0,0,False
2026-04-05 09:09:30+00:00,,,,,,,,0.81,0.81,,0.0,0,False
2026-04-05 09:10:00+00:00,,,,,,,,0.81,0.81,,0.0,0,False
2026-04-05 09:10:30+00:00,,,,,,,,0.81,0.81,,0.0,0,False
2026-04-05 09:11:00+00:00,,,,,,,,0.81,0.81,,0.0,0,False
2026-04-05 09:11:30+00:00,,,,,,,,0.81,0.81,,0.0,0,False
2026-04-05 09:12:00+00:00,,,,,,,,0.81,0.81,,0.0,0,False
2026-04-05 09:12:30+00:00,,,,,,,,0.81,0.81,,0.0,0,False
2026-04-05 09:13:00+00:00,,,,,,,,0.81,0.81,,0.0,0,False
2026-04-05 09:13:30+00:00,,,,,,,,0.81,0.81,,0.0,0,False
2026-04-05 09:14:00+00:00,,,,,,,,0.81,0.81,,0.0,0,False
2026-04-05 09:14:30+00:00,,,,,,,,0.81,0.81,,0.0,0,False
2026-04-05 09:15:00+00:00,,,,,,,,0.81,0.81,,0.0,0,False
2026-04-05 09:15:30+00:00,,,,,,,,0.81,0.81,,24.0,1,False
2026-04-05 09:16:00+00:00,,,,,,,,0.81,0.81,,0.0,0,False
2026-04-05 09:16:30+00:00,,,,,,,,0.81,0.81,,0.0,0,False
2026-04-05 09:17:00+00:00,,,,,,,,0.81,0.81,,200.0,1,False
2026-04-05 09:17:30+00:00,,,,,,,,0.81,0.81,,0.0,0,False
2026-04-05 09:18:00+00:00,,,,,,,,0.81,0.81,,0.0,0,False
2026-04-05 09:18:30+00:00,,,,,,,,0.81,0.81,,0.0,0,False
2026-04-05 09:19:00+00:00,,,,,,,,0.81,0.81,,0.0,0,False
2026-04-05 09:19:30+00:00,,,,,,,,0.81,0.81,,12.0,1,False
2026-04-05 09:20:00+00:00,,,,,,,,0.81,0.81,,3.0,1,False
2026-04-05 09:20:30+00:00,,,,,,,,0.81,0.81,,0.0,0,False
2026-04-05 09:21:00+00:00,,,,,,,,0.8100000000000002,0.81,,172.0,1,False
2026-04-05 09:21:30+00:00,,,,,,,,0.8100000000000002,0.81,,0.0,0,False
2026-04-05 09:22:00+00:00,,,,,,,,0.8100000000000002,0.81,,0.0,0,False
2026-04-05 09:22:30+00:00,,,,,,,,0.8100000000000002,0.81,,0.0,0,False
2026-04-05 09:23:00+00:00,,,,,,,,0.8,0.8,,10.0,1,False
2026-04-05 09:23:30+00:00,,,,,,,,0.8,0.8,,0.0,0,False
2026-04-05 09:24:00+00:00,,,,,,,,0.8,0.8,,0.0,0,False
2026-04-05 09:24:30+00:00,,,,,,,,0.8,0.8,,0.0,0,False
2026-04-05 09:25:00+00:00,,,,,,,,0.81,0.81,,313.0,1,False
2026-04-05 09:25:30+00:00,,,,,,,,0.81,0.81,,0.0,0,False
2026-04-05 09:26:00+00:00,,,,,,,,0.81,0.81,,51.0,1,False
2026-04-05 09:26:30+00:00,,,,,,,,0.81,0.81,,0.0,0,False
2026-04-05 09:27:00+00:00,,,,,,,,0.81,0.81,,0.0,0,False
2026-04-05 09:27:30+00:00,,,,,,,,0.81,0.81,,0.0,0,False
2026-04-05 09:28:00+00:00,,,,,,,,0.81,0.81,,0.0,0,False
2026-04-05 09:28:30+00:00,,,,,,,,0.81,0.81,,0.0,0,False
2026-04-05 09:29:00+00:00,,,,,,,,0.81,0.81,,2.0,1,False
2026-04-05 09:29:30+00:00,,,,,,,,0.81,0.81,,0.0,0,False
2026-04-05 09:30:00+00:00,,,,,,,,0.81,0.81,,0.0,0,False
2026-04-05 09:30:30+00:00,,,,,,,,0.81,0.81,,0.0,0,False
2026-04-05 09:31:00+00:00,,,,,,,,0.81,0.81,,0.0,0,False
2026-04-05 09:31:30+00:00,,,,,,,,0.81,0.81,,0.0,0,False
2026-04-05 09:32:00+00:00,,,,,,,,0.81,0.81,,0.0,0,False
2026-04-05 09:32:30+00:00,,,,,,,,0.81,0.81,,0.0,0,False
2026-04-05 09:33:00+00:00,,,,,,,,0.81,0.81,,0.0,0,False
2026-04-05 09:33:30+00:00,,,,,,,,0.81,0.81,,0.0,0,False
2026-04-05 09:34:00+00:00,,,,,,,,0.81,0.81,,0.0,0,False
2026-04-05 09:34:30+00:00,,,,,,,,0.81,0.81,,0.0,0,False
2026-04-05 09:35:00+00:00,,,,,,,,0.81,0.81,,0.0,0,False
2026-04-05 09:35:30+00:00,,,,,,,,0.81,0.81,,0.0,0,False
2026-04-05 09:36:00+00:00,,,,,,,,0.81,0.81,,0.0,0,False
2026-04-05 09:36:30+00:00,,,,,,,,0.81,0.81,,0.0,0,False
2026-04-05 09:37:00+00:00,,,,,,,,0.81,0.81,,0.0,0,False
2026-04-05 09:37:30+00:00,,,,,,,,0.81,0.81,,0.0,0,False
2026-04-05 09:38:00+00:00,,,,,,,,0.81,0.81,,0.0,0,False
2026-04-05 09:38:30+00:00,,,,,,,,0.81,0.81,,31.0,1,False
2026-04-05 09:39:00+00:00,,,,,,,,0.81,0.81,,0.0,0,False
2026-04-05 09:39:30+00:00,,,,,,,,0.81,0.81,,0.0,0,False
2026-04-05 09:40:00+00:00,,,,,,,,0.81,0.81,,0.0,0,False
2026-04-05 09:40:30+00:00,,,,,,,,0.81,0.81,,0.0,0,False
2026-04-05 09:41:00+00:00,,,,,,,,0.81,0.81,,0.0,0,False
2026-04-05 09:41:30+00:00,,,,,,,,0.81,0.81,,2.0,1,False
2026-04-05 09:42:00+00:00,,,,,,,,0.81,0.81,,3047.0,2,False
2026-04-05 09:42:30+00:00,,,,,,,,0.81,0.81,,0.0,0,False
2026-04-05 09:43:00+00:00,,,,,,,,0.81,0.81,,1.0,1,False
2026-04-05 09:43:30+00:00,,,,,,,,0.81,0.81,,8.0,1,False
2026-04-05 09:44:00+00:00,,,,,,,,0.81,0.81,,0.0,0,False
2026-04-05 09:44:30+00:00,,,,,,,,0.81,0.81,,0.0,0,False
2026-04-05 09:45:00+00:00,,,,,,,,0.81,0.81,,45.0,1,False
2026-04-05 09:45:30+00:00,,,,,,,,0.81,0.81,,0.0,0,False
2026-04-05 09:46:00+00:00,,,,,,,,0.8,0.8,,100.0,2,False
2026-04-05 09:46:30+00:00,,,,,,,,0.8,0.8,,0.0,0,False
2026-04-05 09:47:00+00:00,,,,,,,,0.8,0.8,,0.0,0,False
2026-04-05 09:47:30+00:00,,,,,,,,0.81,0.81,,609.0,1,False
2026-04-05 09:48:00+00:00,,,,,,,,0.81,0.81,,0.0,0,False
2026-04-05 09:48:30+00:00,,,,,,,,0.81,0.81,,0.0,0,False
2026-04-05 09:49:00+00:00,,,,,,,,0.81,0.81,,0.0,0,False
2026-04-05 09:49:30+00:00,,,,,,,,0.81,0.81,,609.0,1,False
2026-04-05 09:50:00+00:00,,,,,,,,0.81,0.81,,0.0,0,False
2026-04-05 09:50:30+00:00,,,,,,,,0.81,0.81,,0.0,0,False
2026-04-05 09:51:00+00:00,,,,,,,,0.81,0.81,,0.0,0,False
2026-04-05 09:51:30+00:00,,,,,,,,0.81,0.81,,0.0,0,False
2026-04-05 09:52:00+00:00,,,,,,,,0.81,0.81,,0.0,0,False
2026-04-05 09:52:30+00:00,,,,,,,,0.81,0.81,,0.0,0,False
2026-04-05 09:53:00+00:00,,,,,,,,0.81,0.81,,0.0,0,False
2026-04-05 09:53:30+00:00,,,,,,,,0.8100000000000002,0.81,,10.0,1,False
2026-04-05 09:54:00+00:00,,,,,,,,0.81,0.81,,300.0,1,False
2026-04-05 09:54:30+00:00,,,,,,,,0.81,0.81,,0.0,0,False
2026-04-05 09:55:00+00:00,,,,,,,,0.81,0.81,,0.0,0,False
2026-04-05 09:55:30+00:00,,,,,,,,0.81,0.81,,1.0,1,False
2026-04-05 09:56:00+00:00,,,,,,,,0.81,0.81,,0.0,0,False
2026-04-05 09:56:30+00:00,,,,,,,,0.8,0.8,,77.0,1,False
2026-04-05 09:57:00+00:00,,,,,,,,0.8,0.8,,0.0,0,False
2026-04-05 09:57:30+00:00,,,,,,,,0.8,0.8,,0.0,0,False
2026-04-05 09:58:00+00:00,,,,,,,,0.8,0.8,,0.0,0,False
2026-04-05 09:58:30+00:00,,,,,,,,0.8,0.8,,0.0,0,False
2026-04-05 09:59:00+00:00,,,,,,,,0.8,0.8,,0.0,0,False
2026-04-05 09:59:30+00:00,,,,,,,,0.8,0.8,,0.0,0,False
2026-04-05 10:00:00+00:00,,,,,,,,0.8,0.8,,0.0,0,False
2026-04-05 10:00:30+00:00,,,,,,,,0.8,0.8,,0.0,0,False
2026-04-05 10:01:00+00:00,,,,,,,,0.8,0.8,,0.0,0,False
2026-04-05 10:01:30+00:00,,,,,,,,0.8,0.8,,0.0,0,False
2026-04-05 10:02:00+00:00,,,,,,,,0.8,0.8,,0.0,0,False
2026-04-05 10:02:30+00:00,,,,,,,,0.8,0.8,,0.0,0,False
2026-04-05 10:03:00+00:00,,,,,,,,0.81,0.81,,60.0,1,False
2026-04-05 10:03:30+00:00,,,,,,,,0.81,0.81,,0.0,0,False
2026-04-05 10:04:00+00:00,,,,,,,,0.8,0.8,,27.0,2,False
2026-04-05 10:04:30+00:00,,,,,,,,0.8,0.8,,0.0,0,False
2026-04-05 10:05:00+00:00,,,,,,,,0.8,0.8,,0.0,0,False
2026-04-05 10:05:30+00:00,,,,,,,,0.8,0.8,,0.0,0,False
2026-04-05 10:06:00+00:00,,,,,,,,0.8,0.8,,0.0,0,False
2026-04-05 10:06:30+00:00,,,,,,,,0.8,0.8,,284.0,9,False
2026-04-05 10:07:00+00:00,,,,,,,,0.8,0.8,,0.0,0,False
2026-04-05 10:07:30+00:00,,,,,,,,0.8,0.8,,0.0,0,False
2026-04-05 10:08:00+00:00,,,,,,,,0.8,0.8,,0.0,0,False
2026-04-05 10:08:30+00:00,,,,,,,,0.8,0.8,,0.0,0,False
2026-04-05 10:09:00+00:00,,,,,,,,0.8,0.8,,0.0,0,False
2026-04-05 10:09:30+00:00,,,,,,,,0.8,0.8,,1.0,1,False
2026-04-05 10:10:00+00:00,,,,,,,,0.8,0.8,,0.0,0,False
2026-04-05 10:10:30+00:00,,,,,,,,0.8,0.8,,0.0,0,False
2026-04-05 10:11:00+00:00,,,,,,,,0.8,0.8,,0.0,0,False
2026-04-05 10:11:30+00:00,,,,,,,,0.8,0.8,,0.0,0,False
2026-04-05 10:12:00+00:00,,,,,,,,0.8,0.8,,0.0,0,False
2026-04-05 10:12:30+00:00,,,,,,,,0.8,0.8,,30.0,1,False
2026-04-05 10:13:00+00:00,,,,,,,,0.8,0.8,,0.0,0,False
2026-04-05 10:13:30+00:00,,,,,,,,0.8,0.8,,0.0,0,False
2026-04-05 10:14:00+00:00,,,,,,,,0.8,0.8,,246.0,1,False
2026-04-05 10:14:30+00:00,,,,,,,,0.8,0.8,,0.0,0,False
2026-04-05 10:15:00+00:00,,,,,,,,0.8,0.8,,22.0,1,False
2026-04-05 10:15:30+00:00,,,,,,,,0.8,0.8,,0.0,0,False
2026-04-05 10:16:00+00:00,,,,,,,,0.8,0.8,,0.0,0,False
2026-04-05 10:16:30+00:00,,,,,,,,0.8,0.8,,0.0,0,False
2026-04-05 10:17:00+00:00,,,,,,,,0.8,0.8,,0.0,0,False
2026-04-05 10:17:30+00:00,,,,,,,,0.8,0.8,,9.0,1,False
2026-04-05 10:18:00+00:00,,,,,,,,0.8,0.8,,0.0,0,False
2026-04-05 10:18:30+00:00,,,,,,,,0.8,0.8,,0.0,0,False
2026-04-05 10:19:00+00:00,,,,,,,,0.8,0.8,,0.0,0,False
2026-04-05 10:19:30+00:00,,,,,,,,0.8,0.8,,0.0,0,False
2026-04-05 10:20:00+00:00,,,,,,,,0.8,0.8,,0.0,0,False
2026-04-05 10:20:30+00:00,,,,,,,,0.8,0.8,,0.0,0,False
2026-04-05 10:21:00+00:00,,,,,,,,0.8,0.8,,0.0,0,False
2026-04-05 10:21:30+00:00,,,,,,,,0.8,0.8,,0.0,0,False
2026-04-05 10:22:00+00:00,,,,,,,,0.8,0.8,,0.0,0,False
2026-04-05 10:22:30+00:00,,,,,,,,0.8000000000000002,0.8,,6.0,2,False
2026-04-05 10:23:00+00:00,,,,,,,,0.8,0.8,,4.0,1,False
2026-04-05 10:23:30+00:00,,,,,,,,0.8,0.8,,0.0,0,False
2026-04-05 10:24:00+00:00,,,,,,,,0.81,0.81,,8.0,1,False
2026-04-05 10:24:30+00:00,,,,,,,,0.81,0.81,,0.0,0,False
2026-04-05 10:25:00+00:00,,,,,,,,0.81,0.81,,0.0,0,False
2026-04-05 10:25:30+00:00,,,,,,,,0.81,0.81,,0.0,0,False
2026-04-05 10:26:00+00:00,,,,,,,,0.81,0.81,,0.0,0,False
2026-04-05 10:26:30+00:00,,,,,,,,0.81,0.81,,0.0,0,False
2026-04-05 10:27:00+00:00,,,,,,,,0.81,0.81,,0.0,0,False
2026-04-05 10:27:30+00:00,,,,,,,,0.81,0.81,,0.0,0,False
2026-04-05 10:28:00+00:00,,,,,,,,0.81,0.81,,0.0,0,False
2026-04-05 10:28:30+00:00,,,,,,,,0.81,0.81,,0.0,0,False
2026-04-05 10:29:00+00:00,,,,,,,,0.81,0.81,,0.0,0,False
2026-04-05 10:29:30+00:00,,,,,,,,0.81,0.81,,0.0,0,False
2026-04-05 10:30:00+00:00,,,,,,,,0.8000000000000002,0.8,,12.0,1,False
2026-04-05 10:30:30+00:00,,,,,,,,0.8,0.8,,203.0,1,False
2026-04-05 10:31:00+00:00,,,,,,,,0.8,0.8,,2.0,1,False
2026-04-05 10:31:30+00:00,,,,,,,,0.8,0.8,,0.0,0,False
2026-04-05 10:32:00+00:00,,,,,,,,0.8,0.8,,0.0,0,False
2026-04-05 10:32:30+00:00,,,,,,,,0.8,0.8,,0.0,0,False
2026-04-05 10:33:00+00:00,,,,,,,,0.8,0.8,,0.0,0,False
2026-04-05 10:33:30+00:00,,,,,,,,0.8,0.8,,0.0,0,False
2026-04-05 10:34:00+00:00,,,,,,,,0.8,0.8,,0.0,0,False
2026-04-05 10:34:30+00:00,,,,,,,,0.8,0.8,,0.0,0,False
2026-04-05 10:35:00+00:00,,,,,,,,0.8,0.8,,0.0,0,False
2026-04-05 10:35:30+00:00,,,,,,,,0.8,0.8,,0.0,0,False
2026-04-05 10:36:00+00:00,,,,,,,,0.8,0.8,,0.0,0,False
2026-04-05 10:36:30+00:00,,,,,,,,0.8,0.8,,0.0,0,False
2026-04-05 10:37:00+00:00,,,,,,,,0.8,0.8,,100.0,1,False
2026-04-05 10:37:30+00:00,,,,,,,,0.8000000000000002,0.8,,3.0,1,False
2026-04-05 10:38:00+00:00,,,,,,,,0.8000000000000002,0.8,,0.0,0,False
2026-04-05 10:38:30+00:00,,,,,,,,0.8000000000000002,0.8,,12.0,1,False
2026-04-05 10:39:00+00:00,,,,,,,,0.8,0.8,,5.0,1,False
2026-04-05 10:39:30+00:00,,,,,,,,0.8,0.8,,0.0,0,False
2026-04-05 10:40:00+00:00,,,,,,,,0.8,0.8,,0.0,0,False
2026-04-05 10:40:30+00:00,,,,,,,,0.8,0.8,,0.0,0,False
2026-04-05 10:41:00+00:00,,,,,,,,0.8000000000000002,0.8,,24.0,2,False
2026-04-05 10:41:30+00:00,,,,,,,,0.8000000000000002,0.8,,6.0,1,False
2026-04-05 10:42:00+00:00,,,,,,,,0.8,0.8,,5.0,1,False
2026-04-05 10:42:30+00:00,,,,,,,,0.8,0.8,,0.0,0,False
2026-04-05 10:43:00+00:00,,,,,,,,0.8,0.8,,0.0,0,False
2026-04-05 10:43:30+00:00,,,,,,,,0.8,0.8,,0.0,0,False
2026-04-05 10:44:00+00:00,,,,,,,,0.8,0.8,,0.0,0,False
2026-04-05 10:44:30+00:00,,,,,,,,0.8,0.8,,4529.0,3,False
2026-04-05 10:45:00+00:00,,,,,,,,0.8,0.8,,6102.0,2,False
2026-04-05 10:45:30+00:00,,,,,,,,0.8,0.8,,0.0,0,False
2026-04-05 10:46:00+00:00,,,,,,,,0.8,0.8,,0.0,0,False
2026-04-05 10:46:30+00:00,,,,,,,,0.8,0.8,,0.0,0,False
2026-04-05 10:47:00+00:00,,,,,,,,0.8000000000000002,0.8,,12.0,1,False
2026-04-05 10:47:30+00:00,,,,,,,,0.8,0.8,,775.0,1,False
2026-04-05 10:48:00+00:00,,,,,,,,0.8,0.8,,5.0,1,False
2026-04-05 10:48:30+00:00,,,,,,,,0.8,0.8,,0.0,0,False
2026-04-05 10:49:00+00:00,,,,,,,,0.8,0.8,,18.0,1,False
2026-04-05 10:49:30+00:00,,,,,,,,0.8,0.8,,54.0,2,False
2026-04-05 10:50:00+00:00,,,,,,,,0.8,0.8,,0.0,0,False
2026-04-05 10:50:30+00:00,,,,,,,,0.8000000000000002,0.8,,6.0,1,False
2026-04-05 10:51:00+00:00,,,,,,,,0.8,0.8,,5.0,1,False
2026-04-05 10:51:30+00:00,,,,,,,,0.8000000000000002,0.8,,12.0,1,False
2026-04-05 10:52:00+00:00,,,,,,,,0.8000000000000002,0.8,,0.0,0,False
2026-04-05 10:52:30+00:00,,,,,,,,0.8000000000000002,0.8,,0.0,0,False
2026-04-05 10:53:00+00:00,,,,,,,,0.8000000000000002,0.8,,0.0,0,False
2026-04-05 10:53:30+00:00,,,,,,,,0.8000000000000002,0.8,,0.0,0,False
2026-04-05 10:54:00+00:00,,,,,,,,0.8,0.8,,5.0,1,False
2026-04-05 10:54:30+00:00,,,,,,,,0.8,0.8,,0.0,0,False
2026-04-05 10:55:00+00:00,,,,,,,,0.8000000000000002,0.8,,129.0,2,False
2026-04-05 10:55:30+00:00,,,,,,,,0.8000000000000002,0.8,,0.0,0,False
2026-04-05 10:56:00+00:00,,,,,,,,0.8,0.8,,8.0,1,False
2026-04-05 10:56:30+00:00,,,,,,,,0.8,0.8,,0.0,0,False
2026-04-05 10:57:00+00:00,,,,,,,,0.8,0.8,,5.0,1,False
2026-04-05 10:57:30+00:00,,,,,,,,0.8,0.8,,0.0,0,False
2026-04-05 10:58:00+00:00,,,,,,,,0.7999999999999999,0.8,,43.0,1,False
2026-04-05 10:58:30+00:00,,,,,,,,0.7999999999999999,0.8,,0.0,0,False
2026-04-05 10:59:00+00:00,,,,,,,,0.8,0.8,,30.0,3,False
2026-04-05 10:59:30+00:00,,,,,,,,0.8,0.8,,121.0,1,False
2026-04-05 11:00:00+00:00,,,,,,,,0.8,0.8,,5.0,1,False
2026-04-05 11:00:30+00:00,,,,,,,,0.8,0.8,,0.0,0,False
2026-04-05 11:01:00+00:00,,,,,,,,0.8,0.8,,16.0,1,False
2026-04-05 11:01:30+00:00,,,,,,,,0.8,0.8,,0.0,0,False
2026-04-05 11:02:00+00:00,,,,,,,,0.8,0.8,,0.0,0,False
2026-04-05 11:02:30+00:00,,,,,,,,0.7944444444444445,0.8,,9.0,2,False
2026-04-05 11:03:00+00:00,,,,,,,,0.8,0.8,,5.0,1,False
2026-04-05 11:03:30+00:00,,,,,,,,0.8,0.8,,0.0,0,False
2026-04-05 11:04:00+00:00,,,,,,,,0.8,0.8,,0.0,0,False
2026-04-05 11:04:30+00:00,,,,,,,,0.7999999999999999,0.8,,96.0,2,False
2026-04-05 11:05:00+00:00,,,,,,,,0.7999999999999999,0.8,,0.0,0,False
2026-04-05 11:05:30+00:00,,,,,,,,0.7999999999999999,0.8,,0.0,0,False
2026-04-05 11:06:00+00:00,,,,,,,,0.8,0.8,,5.0,1,False
2026-04-05 11:06:30+00:00,,,,,,,,0.8,0.8,,0.0,0,False
2026-04-05 11:07:00+00:00,,,,,,,,0.8,0.8,,0.0,0,False
2026-04-05 11:07:30+00:00,,,,,,,,0.8,0.8,,100.0,1,False
2026-04-05 11:08:00+00:00,,,,,,,,0.8,0.8,,100.0,2,False
2026-04-05 11:08:30+00:00,,,,,,,,0.8,0.8,,0.0,0,False
2026-04-05 11:09:00+00:00,,,,,,,,0.8,0.8,,46.0,2,False
2026-04-05 11:09:30+00:00,,,,,,,,0.8000000000000002,0.8,,24.0,2,False
2026-04-05 11:10:00+00:00,,,,,,,,0.8,0.8,,9.0,1,False
2026-04-05 11:10:30+00:00,,,,,,,,0.8,0.8,,0.0,0,False
2026-04-05 11:11:00+00:00,,,,,,,,0.8,0.8,,0.0,0,False
2026-04-05 11:11:30+00:00,,,,,,,,0.8,0.8,,1.0,1,False
2026-04-05 11:12:00+00:00,,,,,,,,0.8,0.8,,5.0,1,False
2026-04-05 11:12:30+00:00,,,,,,,,0.8,0.8,,0.0,0,False
2026-04-05 11:13:00+00:00,,,,,,,,0.8,0.8,,15.0,1,False
2026-04-05 11:13:30+00:00,,,,,,,,0.8,0.8,,0.0,0,False
2026-04-05 11:14:00+00:00,,,,,,,,0.8,0.8,,61.0,1,False
2026-04-05 11:14:30+00:00,,,,,,,,0.8,0.8,,377.0,2,False
2026-04-05 11:15:00+00:00,,,,,,,,0.8,0.8,,5.0,1,False
2026-04-05 11:15:30+00:00,,,,,,,,0.8,0.8,,493.0,1,False
2026-04-05 11:16:00+00:00,,,,,,,,0.8,0.8,,0.0,0,False
2026-04-05 11:16:30+00:00,,,,,,,,0.8,0.8,,0.0,0,False
2026-04-05 11:17:00+00:00,,,,,,,,0.7921428571428573,0.8,,28.0,2,False
2026-04-05 11:17:30+00:00,,,,,,,,0.7999971988795519,0.79,,3570.0,2,False
2026-04-05 11:18:00+00:00,,,,,,,,0.8,0.8,,5.0,1,False
2026-04-05 11:18:30+00:00,,,,,,,,0.8000000000000002,0.8,,12.0,1,False
2026-04-05 11:19:00+00:00,,,,,,,,0.8,0.8,,1.0,1,False
2026-04-05 11:19:30+00:00,,,,,,,,0.8,0.8,,0.0,0,False
2026-04-05 11:20:00+00:00,,,,,,,,0.79,0.79,,65.0,1,False
2026-04-05 11:20:30+00:00,,,,,,,,0.79,0.79,,0.0,0,False
2026-04-05 11:21:00+00:00,,,,,,,,0.79,0.79,,0.0,0,False
2026-04-05 11:21:30+00:00,,,,,,,,0.79,0.79,,4.0,1,False
2026-04-05 11:22:00+00:00,,,,,,,,0.79,0.79,,0.0,0,False
2026-04-05 11:22:30+00:00,,,,,,,,0.79,0.79,,0.0,0,False
2026-04-05 11:23:00+00:00,,,,,,,,0.79,0.79,,0.0,0,False
2026-04-05 11:23:30+00:00,,,,,,,,0.8,0.8,,49.0,1,False
2026-04-05 11:24:00+00:00,,,,,,,,0.8,0.8,,0.0,0,False
2026-04-05 11:24:30+00:00,,,,,,,,0.8,0.8,,0.0,0,False
2026-04-05 11:25:00+00:00,,,,,,,,0.8,0.8,,0.0,0,False
2026-04-05 11:25:30+00:00,,,,,,,,0.8,0.8,,0.0,0,False
2026-04-05 11:26:00+00:00,,,,,,,,0.8,0.8,,1.0,1,False
2026-04-05 11:26:30+00:00,,,,,,,,0.8,0.8,,0.0,0,False
2026-04-05 11:27:00+00:00,,,,,,,,0.8,0.8,,0.0,0,False
2026-04-05 11:27:30+00:00,,,,,,,,0.8000000000000002,0.8,,12.0,1,False
2026-04-05 11:28:00+00:00,,,,,,,,0.7899999999999999,0.79,,95.0,1,False
2026-04-05 11:28:30+00:00,,,,,,,,0.7899999999999999,0.79,,0.0,0,False
2026-04-05 11:29:00+00:00,,,,,,,,0.79,0.79,,3.0,1,False
2026-04-05 11:29:30+00:00,,,,,,,,0.79,0.79,,0.0,0,False
2026-04-05 11:30:00+00:00,,,,,,,,0.79,0.79,,0.0,0,False
2026-04-05 11:30:30+00:00,,,,,,,,0.79,0.79,,0.0,0,False
2026-04-05 11:31:00+00:00,,,,,,,,0.79,0.79,,0.0,0,False
2026-04-05 11:31:30+00:00,,,,,,,,0.79,0.79,,0.0,0,False
2026-04-05 11:32:00+00:00,,,,,,,,0.79,0.79,,0.0,0,False
2026-04-05 11:32:30+00:00,,,,,,,,0.8,0.8,,609.0,1,False
2026-04-05 11:33:00+00:00,,,,,,,,0.8,0.8,,0.0,0,False
2026-04-05 11:33:30+00:00,,,,,,,,0.79,0.79,,69.0,1,False
2026-04-05 11:34:00+00:00,,,,,,,,0.8,0.8,,2.0,1,False
2026-04-05 11:34:30+00:00,,,,,,,,0.8,0.8,,0.0,0,False
2026-04-05 11:35:00+00:00,,,,,,,,0.8000000000000002,0.8,,6.0,1,False
2026-04-05 11:35:30+00:00,,,,,,,,0.8000000000000002,0.8,,0.0,0,False
2026-04-05 11:36:00+00:00,,,,,,,,0.7999999999999999,0.8,,3002.0,2,False
2026-04-05 11:36:30+00:00,,,,,,,,0.7999999999999999,0.8,,0.0,0,False
2026-04-05 11:37:00+00:00,,,,,,,,0.8,0.8,,127.0,3,False
2026-04-05 11:37:30+00:00,,,,,,,,0.8,0.8,,0.0,0,False
2026-04-05 11:38:00+00:00,,,,,,,,0.8,0.8,,0.0,0,False
2026-04-05 11:38:30+00:00,,,,,,,,0.8,0.8,,0.0,0,False
2026-04-05 11:39:00+00:00,,,,,,,,0.8,0.8,,1.0,1,False
2026-04-05 11:39:30+00:00,,,,,,,,0.8,0.8,,25.0,1,False
2026-04-05 11:40:00+00:00,,,,,,,,0.8,0.8,,0.0,0,False
2026-04-05 11:40:30+00:00,,,,,,,,0.8,0.8,,0.0,0,False
2026-04-05 11:41:00+00:00,,,,,,,,0.8,0.8,,0.0,0,False
2026-04-05 11:41:30+00:00,,,,,,,,0.8,0.8,,0.0,0,False
2026-04-05 11:42:00+00:00,,,,,,,,0.8,0.8,,0.0,0,False
2026-04-05 11:42:30+00:00,,,,,,,,0.8,0.8,,0.0,0,False
2026-04-05 11:43:00+00:00,,,,,,,,0.8,0.8,,0.0,0,False
2026-04-05 11:43:30+00:00,,,,,,,,0.8,0.8,,5.0,1,False
2026-04-05 11:44:00+00:00,,,,,,,,0.8,0.8,,1.0,1,False
2026-04-05 11:44:30+00:00,,,,,,,,0.8,0.8,,0.0,0,False
2026-04-05 11:45:00+00:00,,,,,,,,0.8,0.8,,0.0,0,False
2026-04-05 11:45:30+00:00,,,,,,,,0.8,0.8,,0.0,0,False
2026-04-05 11:46:00+00:00,,,,,,,,0.8,0.8,,0.0,0,False
2026-04-05 11:46:30+00:00,,,,,,,,0.8,0.8,,0.0,0,False
2026-04-05 11:47:00+00:00,,,,,,,,0.8,0.8,,0.0,0,False
2026-04-05 11:47:30+00:00,,,,,,,,0.8000000000000002,0.8,,24.0,1,False
2026-04-05 11:48:00+00:00,,,,,,,,0.8,0.8,,123.0,1,False
2026-04-05 11:48:30+00:00,,,,,,,,0.8,0.8,,0.0,0,False
2026-04-05 11:49:00+00:00,,,,,,,,0.8,0.8,,2.0,1,False
2026-04-05 11:49:30+00:00,,,,,,,,0.8,0.8,,0.0,0,False
2026-04-05 11:50:00+00:00,,,,,,,,0.79,0.79,,4.0,1,False
2026-04-05 11:50:30+00:00,,,,,,,,0.8,0.8,,7.0,2,False
2026-04-05 11:51:00+00:00,,,,,,,,0.8,0.8,,2439.0,1,False
2026-04-05 11:51:30+00:00,,,,,,,,0.8,0.8,,20.0,1,False
2026-04-05 11:52:00+00:00,,,,,,,,0.8,0.8,,0.0,0,False
2026-04-05 11:52:30+00:00,,,,,,,,0.8,0.8,,0.0,0,False
2026-04-05 11:53:00+00:00,,,,,,,,0.79,0.79,,20.0,1,False
2026-04-05 11:53:30+00:00,,,,,,,,0.79,0.79,,0.0,0,False
2026-04-05 11:54:00+00:00,,,,,,,,0.8,0.8,,54.0,1,False
2026-04-05 11:54:30+00:00,,,,,,,,0.8,0.8,,0.0,0,False
2026-04-05 11:55:00+00:00,,,,,,,,0.8,0.8,,0.0,0,False
2026-04-05 11:55:30+00:00,,,,,,,,0.8,0.8,,0.0,0,False
2026-04-05 11:56:00+00:00,,,,,,,,0.8,0.8,,7.0,1,False
2026-04-05 11:56:30+00:00,,,,,,,,0.8,0.8,,0.0,0,False
2026-04-05 11:57:00+00:00,,,,,,,,0.8,0.8,,0.0,0,False
2026-04-05 11:57:30+00:00,,,,,,,,0.8,0.8,,0.0,0,False
2026-04-05 11:58:00+00:00,,,,,,,,0.8,0.8,,0.0,0,False
2026-04-05 11:58:30+00:00,,,,,,,,0.8,0.8,,0.0,0,False
2026-04-05 11:59:00+00:00,,,,,,,,0.8,0.8,,0.0,0,False
2026-04-05 11:59:30+00:00,,,,,,,,0.8,0.8,,100.0,1,False
2026-04-05 12:00:00+00:00,,,,,,,,0.8,0.8,,0.0,0,False
2026-04-05 12:00:30+00:00,,,,,,,,0.8,0.8,,0.0,0,False
2026-04-05 12:01:00+00:00,,,,,,,,0.7899999999999999,0.79,,13.0,1,False
2026-04-05 12:01:30+00:00,,,,,,,,0.7899999999999999,0.79,,0.0,0,False
2026-04-05 12:02:00+00:00,,,,,,,,0.8,0.8,,1.0,1,False
2026-04-05 12:02:30+00:00,,,,,,,,0.8,0.8,,61.0,1,False
2026-04-05 12:03:00+00:00,,,,,,,,0.8,0.8,,0.0,0,False
2026-04-05 12:03:30+00:00,,,,,,,,0.8,0.8,,150.0,1,False
2026-04-05 12:04:00+00:00,,,,,,,,0.8,0.8,,1.0,1,False
2026-04-05 12:04:30+00:00,,,,,,,,0.8,0.8,,0.0,0,False
2026-04-05 12:05:00+00:00,,,,,,,,0.8,0.8,,0.0,0,False
2026-04-05 12:05:30+00:00,,,,,,,,0.8,0.8,,0.0,0,False
2026-04-05 12:06:00+00:00,,,,,,,,0.8,0.8,,0.0,0,False
2026-04-05 12:06:30+00:00,,,,,,,,0.8,0.8,,0.0,0,False
2026-04-05 12:07:00+00:00,,,,,,,,0.8,0.8,,0.0,0,False
2026-04-05 12:07:30+00:00,,,,,,,,0.8,0.8,,2.0,1,False
2026-04-05 12:08:00+00:00,,,,,,,,0.8,0.8,,0.0,0,False
2026-04-05 12:08:30+00:00,,,,,,,,0.8000000000000002,0.8,,3.0,1,False
2026-04-05 12:09:00+00:00,,,,,,,,0.8,0.8,,213.0,1,False
2026-04-05 12:09:30+00:00,,,,,,,,0.8,0.8,,0.0,0,False
2026-04-05 12:10:00+00:00,,,,,,,,0.8,0.8,,0.0,0,False
2026-04-05 12:10:30+00:00,,,,,,,,0.8,0.8,,0.0,0,False
2026-04-05 12:11:00+00:00,,,,,,,,0.8,0.8,,0.0,0,False
2026-04-05 12:11:30+00:00,,,,,,,,0.8,0.8,,0.0,0,False
2026-04-05 12:12:00+00:00,,,,,,,,0.8,0.8,,128.0,2,False
2026-04-05 12:12:30+00:00,,,,,,,,0.8,0.8,,0.0,0,False
2026-04-05 12:13:00+00:00,,,,,,,,0.79,0.79,,8.0,1,False
2026-04-05 12:13:30+00:00,,,,,,,,0.8,0.8,,209.0,1,False
2026-04-05 12:14:00+00:00,,,,,,,,0.8,0.8,,1951.0,1,False
2026-04-05 12:14:30+00:00,,,,,,,,0.8000000000000002,0.8,,48.0,1,False
2026-04-05 12:15:00+00:00,,,,,,,,0.8000000000000002,0.8,,0.0,0,False
2026-04-05 12:15:30+00:00,,,,,,,,0.8000000000000002,0.8,,0.0,0,False
2026-04-05 12:16:00+00:00,,,,,,,,0.7954166666666668,0.79,,48.0,3,False
2026-04-05 12:16:30+00:00,,,,,,,,0.7954166666666668,0.79,,0.0,0,False
2026-04-05 12:17:00+00:00,,,,,,,,0.79,0.79,,8947.0,2,False
2026-04-05 12:17:30+00:00,,,,,,,,0.8000000000000002,0.8,,6.0,1,False
2026-04-05 12:18:00+00:00,,,,,,,,0.8000000000000002,0.8,,0.0,0,False
2026-04-05 12:18:30+00:00,,,,,,,,0.8,0.8,,1.0,1,False
2026-04-05 12:19:00+00:00,,,,,,,,0.79,0.79,,20.0,1,False
2026-04-05 12:19:30+00:00,,,,,,,,0.79,0.79,,0.0,0,False
2026-04-05 12:20:00+00:00,,,,,,,,0.8,0.8,,451.0,1,False
2026-04-05 12:20:30+00:00,,,,,,,,0.8,0.8,,131.0,1,False
2026-04-05 12:21:00+00:00,,,,,,,,0.8,0.8,,45.0,2,False
2026-04-05 12:21:30+00:00,,,,,,,,0.79,0.79,,9.0,1,False
2026-04-05 12:22:00+00:00,,,,,,,,0.7961904761904763,0.8,,21.0,3,False
2026-04-05 12:22:30+00:00,,,,,,,,0.7961904761904763,0.8,,0.0,0,False
2026-04-05 12:23:00+00:00,,,,,,,,0.8,0.8,,10.0,2,False
2026-04-05 12:23:30+00:00,,,,,,,,0.8,0.8,,121.0,1,False
2026-04-05 12:24:00+00:00,,,,,,,,0.8,0.8,,150.0,1,False
2026-04-05 12:24:30+00:00,,,,,,,,0.8,0.8,,0.0,0,False
2026-04-05 12:25:00+00:00,,,,,,,,0.8,0.8,,0.0,0,False
2026-04-05 12:25:30+00:00,,,,,,,,0.8,0.8,,121.0,1,False
2026-04-05 12:26:00+00:00,,,,,,,,0.8,0.8,,0.0,0,False
2026-04-05 12:26:30+00:00,,,,,,,,0.8,0.8,,0.0,0,False
2026-04-05 12:27:00+00:00,,,,,,,,0.8,0.8,,1.0,1,False
2026-04-05 12:27:30+00:00,,,,,,,,0.7964,0.8,,25.0,3,False
2026-04-05 12:28:00+00:00,,,,,,,,0.79,0.79,,4.0,1,False
2026-04-05 12:28:30+00:00,,,,,,,,0.7901149425287356,0.79,,87.0,2,False
2026-04-05 12:29:00+00:00,,,,,,,,0.7901149425287356,0.79,,0.0,0,False
2026-04-05 12:29:30+00:00,,,,,,,,0.7901149425287356,0.79,,0.0,0,False
2026-04-05 12:30:00+00:00,,,,,,,,0.8000000000000002,0.8,,38.0,2,False
2026-04-05 12:30:30+00:00,,,,,,,,0.8000000000000002,0.8,,0.0,0,False
2026-04-05 12:31:00+00:00,,,,,,,,0.8,0.8,,100.0,1,False
2026-04-05 12:31:30+00:00,,,,,,,,0.79,0.79,,4.0,1,False
2026-04-05 12:32:00+00:00,,,,,,,,0.8,0.8,,2.0,1,False
2026-04-05 12:32:30+00:00,,,,,,,,0.8,0.8,,4.0,1,False
2026-04-05 12:33:00+00:00,,,,,,,,0.8,0.8,,0.0,0,False
2026-04-05 12:33:30+00:00,,,,,,,,0.8,0.8,,2.0,1,False
2026-04-05 12:34:00+00:00,,,,,,,,0.8,0.8,,1.0,1,False
2026-04-05 12:34:30+00:00,,,,,,,,0.8,0.8,,0.0,0,False
2026-04-05 12:35:00+00:00,,,,,,,,0.8,0.8,,150.0,1,False
2026-04-05 12:35:30+00:00,,,,,,,,0.8,0.8,,0.0,0,False
2026-04-05 12:36:00+00:00,,,,,,,,0.7971428571428572,0.79,,7.0,2,False
2026-04-05 12:36:30+00:00,,,,,,,,0.8,0.8,,731.0,1,False
2026-04-05 12:37:00+00:00,,,,,,,,0.8,0.8,,100.0,1,False
2026-04-05 12:37:30+00:00,,,,,,,,0.8,0.8,,2.0,2,False
2026-04-05 12:38:00+00:00,,,,,,,,0.7999999999999999,0.8,,112.0,2,False
2026-04-05 12:38:30+00:00,,,,,,,,0.79,0.79,,4.0,1,False
2026-04-05 12:39:00+00:00,,,,,,,,0.79,0.79,,0.0,0,False
2026-04-05 12:39:30+00:00,,,,,,,,0.7986477987421383,0.79,,318.0,2,False
2026-04-05 12:40:00+00:00,,,,,,,,0.7971428571428572,0.8,,14.0,3,False
2026-04-05 12:40:30+00:00,,,,,,,,0.8,0.8,,30.0,1,False
2026-04-05 12:41:00+00:00,,,,,,,,0.8,0.8,,123.0,1,False
2026-04-05 12:41:30+00:00,,,,,,,,0.8,0.8,,4.0,1,False
2026-04-05 12:42:00+00:00,,,,,,,,0.8,0.8,,488.0,1,False
2026-04-05 12:42:30+00:00,,,,,,,,0.8,0.8,,10.0,1,False
2026-04-05 12:43:00+00:00,,,,,,,,0.8,0.8,,0.0,0,False
2026-04-05 12:43:30+00:00,,,,,,,,0.7902702702702704,0.8,,111.0,2,False
2026-04-05 12:44:00+00:00,,,,,,,,0.7907231404958679,0.79,,484.0,4,False
2026-04-05 12:44:30+00:00,,,,,,,,0.7907231404958679,0.79,,0.0,0,False
2026-04-05 12:45:00+00:00,,,,,,,,0.7907231404958679,0.79,,0.0,0,False
2026-04-05 12:45:30+00:00,,,,,,,,0.7995698924731183,0.79,,93.0,2,False
2026-04-05 12:46:00+00:00,,,,,,,,0.81,0.81,,100.0,1,False
2026-04-05 12:46:30+00:00,,,,,,,,0.81,0.81,,0.0,0,False
2026-04-05 12:47:00+00:00,,,,,,,,0.81,0.81,,0.0,0,False
2026-04-05 12:47:30+00:00,,,,,,,,0.81,0.81,,30.0,1,False
2026-04-05 12:48:00+00:00,,,,,,,,0.81,0.81,,12.0,1,False
2026-04-05 12:48:30+00:00,,,,,,,,0.81,0.81,,6.0,1,False
2026-04-05 12:49:00+00:00,,,,,,,,0.81,0.81,,0.0,0,False
2026-04-05 12:49:30+00:00,,,,,,,,0.81,0.81,,3.0,1,False
2026-04-05 12:50:00+00:00,,,,,,,,0.79,0.79,,902.0,1,False
2026-04-05 12:50:30+00:00,,,,,,,,0.81,0.81,,24.0,1,False
2026-04-05 12:51:00+00:00,,,,,,,,0.81,0.81,,60.0,1,False
2026-04-05 12:51:30+00:00,,,,,,,,0.81,0.81,,36.0,1,False
2026-04-05 12:52:00+00:00,,,,,,,,0.81,0.81,,0.0,0,False
2026-04-05 12:52:30+00:00,,,,,,,,0.8099999999999999,0.81,,14.0,1,False
2026-04-05 12:53:00+00:00,,,,,,,,0.79,0.79,,17.0,2,False
2026-04-05 12:53:30+00:00,,,,,,,,0.81,0.81,,61.0,1,False
2026-04-05 12:54:00+00:00,,,,,,,,0.81,0.81,,1.0,1,False
2026-04-05 12:54:30+00:00,,,,,,,,0.81,0.81,,1204.0,1,False
2026-04-05 12:55:00+00:00,,,,,,,,0.81,0.81,,0.0,0,False
2026-04-05 12:55:30+00:00,,,,,,,,0.8051515151515152,0.81,,33.0,2,False
2026-04-05 12:56:00+00:00,,,,,,,,0.8099361806578302,0.81,,12222.0,5,False
2026-04-05 12:56:30+00:00,,,,,,,,0.7912903225806452,0.81,,465.0,2,False
2026-04-05 12:57:00+00:00,,,,,,,,0.79,0.79,,2.0,1,False
2026-04-05 12:57:30+00:00,,,,,,,,0.81,0.81,,331.0,3,False
2026-04-05 12:58:00+00:00,,,,,,,,0.81,0.81,,0.0,0,False
2026-04-05 12:58:30+00:00,,,,,,,,0.81,0.81,,18.0,1,False
2026-04-05 12:59:00+00:00,,,,,,,,0.81,0.81,,0.0,0,False
2026-04-05 12:59:30+00:00,,,,,,,,0.8,0.8,,385.0,2,False
2026-04-05 13:00:00+00:00,,,,,,,,0.8082352941176472,0.8,,34.0,3,False
2026-04-05 13:00:30+00:00,,,,,,,,0.8082352941176472,0.8,,0.0,0,False
2026-04-05 13:01:00+00:00,,,,,,,,0.81,0.81,,6.0,1,False
2026-04-05 13:01:30+00:00,,,,,,,,0.798,0.81,,15.0,2,False
2026-04-05 13:02:00+00:00,,,,,,,,0.798,0.81,,0.0,0,False
2026-04-05 13:02:30+00:00,,,,,,,,0.81,0.81,,299.0,1,False
2026-04-05 13:03:00+00:00,,,,,,,,0.81,0.81,,0.0,0,False
2026-04-05 13:03:30+00:00,,,,,,,,0.8100000000000002,0.81,,20.0,2,False
2026-04-05 13:04:00+00:00,,,,,,,,0.8100000000000002,0.81,,0.0,0,False
2026-04-05 13:04:30+00:00,,,,,,,,0.8100000000000002,0.81,,0.0,0,False
2026-04-05 13:05:00+00:00,,,,,,,,0.8099999999999999,0.81,,7.0,1,False
2026-04-05 13:05:30+00:00,,,,,,,,0.8099999999999999,0.81,,0.0,0,False
2026-04-05 13:06:00+00:00,,,,,,,,0.8099999999999999,0.81,,0.0,0,False
2026-04-05 13:06:30+00:00,,,,,,,,0.8099999999999999,0.81,,0.0,0,False
2026-04-05 13:07:00+00:00,,,,,,,,0.7995,0.79,,40.0,2,False
2026-04-05 13:07:30+00:00,,,,,,,,0.7995,0.79,,0.0,0,False
2026-04-05 13:08:00+00:00,,,,,,,,0.7899999999999999,0.79,,13.0,1,False
2026-04-05 13:08:30+00:00,,,,,,,,0.81,0.81,,135.0,2,False
2026-04-05 13:09:00+00:00,,,,,,,,0.79,0.79,,21.0,1,False
2026-04-05 13:09:30+00:00,,,,,,,,0.79,0.79,,0.0,0,False
2026-04-05 13:10:00+00:00,,,,,,,,0.79,0.79,,0.0,0,False
2026-04-05 13:10:30+00:00,,,,,,,,0.81,0.81,,1.0,1,False
2026-04-05 13:11:00+00:00,,,,,,,,0.81,0.81,,25.0,2,False
2026-04-05 13:11:30+00:00,,,,,,,,0.81,0.81,,0.0,0,False
2026-04-05 13:12:00+00:00,,,,,,,,0.81,0.81,,1.0,1,False
2026-04-05 13:12:30+00:00,,,,,,,,0.8099999999999999,0.81,,769.0,4,False
2026-04-05 13:13:00+00:00,,,,,,,,0.8099999999999999,0.81,,0.0,0,False
2026-04-05 13:13:30+00:00,,,,,,,,0.8099999999999999,0.81,,31.0,2,False
2026-04-05 13:14:00+00:00,,,,,,,,0.79,0.79,,4.0,1,False
2026-04-05 13:14:30+00:00,,,,,,,,0.8099999999999999,0.81,,124.0,2,False
2026-04-05 13:15:00+00:00,,,,,,,,0.81,0.81,,60.0,1,False
2026-04-05 13:15:30+00:00,,,,,,,,0.81,0.81,,8389.0,2,False
2026-04-05 13:16:00+00:00,,,,,,,,0.81,0.81,,0.0,0,False
2026-04-05 13:16:30+00:00,,,,,,,,0.81,0.81,,0.0,0,False
2026-04-05 13:17:00+00:00,,,,,,,,0.81,0.81,,183.0,2,False
2026-04-05 13:17:30+00:00,,,,,,,,0.81,0.81,,0.0,0,False
2026-04-05 13:18:00+00:00,,,,,,,,0.81,0.81,,15.0,1,False
2026-04-05 13:18:30+00:00,,,,,,,,0.8041176470588235,0.81,,85.0,2,False
2026-04-05 13:19:00+00:00,,,,,,,,0.8041176470588235,0.81,,0.0,0,False
2026-04-05 13:19:30+00:00,,,,,,,,0.8041176470588235,0.81,,0.0,0,False
2026-04-05 13:20:00+00:00,,,,,,,,0.8041176470588235,0.81,,0.0,0,False
2026-04-05 13:20:30+00:00,,,,,,,,0.8041176470588235,0.81,,0.0,0,False
2026-04-05 13:21:00+00:00,,,,,,,,0.81,0.81,,36.0,1,False
2026-04-05 13:21:30+00:00,,,,,,,,0.8100000000000002,0.81,,5.0,1,False
2026-04-05 13:22:00+00:00,,,,,,,,0.81,0.81,,18262.0,4,False
2026-04-05 13:22:30+00:00,,,,,,,,0.8016666666666666,0.81,,30.0,2,False
2026-04-05 13:23:00+00:00,,,,,,,,0.7899999999999999,0.79,,90.0,2,False
2026-04-05 13:23:30+00:00,,,,,,,,0.7899999999999999,0.79,,0.0,0,False
2026-04-05 13:24:00+00:00,,,,,,,,0.81,0.81,,2.0,1,False
2026-04-05 13:24:30+00:00,,,,,,,,0.81,0.81,,0.0,0,False
2026-04-05 13:25:00+00:00,,,,,,,,0.81,0.81,,0.0,0,False
2026-04-05 13:25:30+00:00,,,,,,,,0.8100000000000002,0.81,,23.0,1,False
2026-04-05 13:26:00+00:00,,,,,,,,0.79,0.79,,1.0,1,False
2026-04-05 13:26:30+00:00,,,,,,,,0.79,0.79,,0.0,0,False
2026-04-05 13:27:00+00:00,,,,,,,,0.81,0.81,,1.0,1,False
2026-04-05 13:27:30+00:00,,,,,,,,0.81,0.81,,6.0,1,False
2026-04-05 13:28:00+00:00,,,,,,,,0.8100000000000002,0.81,,5.0,2,False
2026-04-05 13:28:30+00:00,,,,,,,,0.81,0.81,,11.0,1,False
2026-04-05 13:29:00+00:00,,,,,,,,0.81,0.81,,0.0,0,False
2026-04-05 13:29:30+00:00,,,,,,,,0.81,0.81,,0.0,0,False
2026-04-05 13:30:00+00:00,,,,,,,,0.81,0.81,,30.0,1,False
2026-04-05 13:30:30+00:00,,,,,,,,0.8088059701492538,0.81,,67.0,3,False
2026-04-05 13:31:00+00:00,,,,,,,,0.81,0.81,,121.0,1,False
2026-04-05 13:31:30+00:00,,,,,,,,0.8083206106870229,0.79,,131.0,2,False
2026-04-05 13:32:00+00:00,,,,,,,,0.81,0.81,,54.0,1,False
2026-04-05 13:32:30+00:00,,,,,,,,0.81,0.81,,0.0,0,False
2026-04-05 13:33:00+00:00,,,,,,,,0.81,0.81,,0.0,0,False
2026-04-05 13:33:30+00:00,,,,,,,,0.8098965380023877,0.79,,2513.0,3,False
2026-04-05 13:34:00+00:00,,,,,,,,0.8098965380023877,0.79,,0.0,0,False
2026-04-05 13:34:30+00:00,,,,,,,,0.8098965380023877,0.79,,0.0,0,False
2026-04-05 13:35:00+00:00,,,,,,,,0.81,0.81,,24.0,1,False
2026-04-05 13:35:30+00:00,,,,,,,,0.81,0.81,,853.0,3,False
2026-04-05 13:36:00+00:00,,,,,,,,0.81,0.81,,1.0,1,False
2026-04-05 13:36:30+00:00,,,,,,,,0.81,0.81,,6.0,1,False
2026-04-05 13:37:00+00:00,,,,,,,,0.8099999999999999,0.81,,7.0,2,False
2026-04-05 13:37:30+00:00,,,,,,,,0.81,0.81,,9.0,1,False
2026-04-05 13:38:00+00:00,,,,,,,,0.81,0.81,,25.0,2,False
2026-04-05 13:38:30+00:00,,,,,,,,0.81,0.81,,0.0,0,False
2026-04-05 13:39:00+00:00,,,,,,,,0.81,0.81,,1.0,1,False
2026-04-05 13:39:30+00:00,,,,,,,,0.81,0.81,,0.0,0,False
2026-04-05 13:40:00+00:00,,,,,,,,0.81,0.81,,0.0,0,False
2026-04-05 13:40:30+00:00,,,,,,,,0.81,0.81,,0.0,0,False
2026-04-05 13:41:00+00:00,,,,,,,,0.81,0.81,,243.0,1,False
2026-04-05 13:41:30+00:00,,,,,,,,0.81,0.81,,200.0,2,False
2026-04-05 13:42:00+00:00,,,,,,,,0.81,0.81,,500.0,2,False
2026-04-05 13:42:30+00:00,,,,,,,,0.81,0.81,,100.0,1,False
2026-04-05 13:43:00+00:00,,,,,,,,0.81,0.81,,0.0,0,False
2026-04-05 13:43:30+00:00,,,,,,,,0.81,0.81,,24.0,1,False
2026-04-05 13:44:00+00:00,,,,,,,,0.792970297029703,0.79,,101.0,2,False
2026-04-05 13:44:30+00:00,,,,,,,,0.81,0.81,,12.0,1,False
2026-04-05 13:45:00+00:00,,,,,,,,0.8100000000000002,0.81,,184.0,2,False
2026-04-05 13:45:30+00:00,,,,,,,,0.7969767441860466,0.79,,172.0,2,False
2026-04-05 13:46:00+00:00,,,,,,,,0.81,0.81,,11.0,2,False
2026-04-05 13:46:30+00:00,,,,,,,,0.7944776119402985,0.79,,67.0,3,False
2026-04-05 13:47:00+00:00,,,,,,,,0.79,0.79,,21.0,1,False
2026-04-05 13:47:30+00:00,,,,,,,,0.79,0.79,,21.0,1,False
2026-04-05 13:48:00+00:00,,,,,,,,0.81,0.81,,1.0,1,False
2026-04-05 13:48:30+00:00,,,,,,,,0.8068067226890756,0.81,,119.0,5,False
2026-04-05 13:49:00+00:00,,,,,,,,0.81,0.81,,3.0,1,False
2026-04-05 13:49:30+00:00,,,,,,,,0.790888888888889,0.81,,45.0,3,False
2026-04-05 13:50:00+00:00,,,,,,,,0.8095698924731184,0.81,,186.0,2,False
2026-04-05 13:50:30+00:00,,,,,,,,0.8095698924731184,0.81,,0.0,0,False
2026-04-05 13:51:00+00:00,,,,,,,,0.79,0.79,,8.0,1,False
2026-04-05 13:51:30+00:00,,,,,,,,0.79,0.79,,0.0,0,False
2026-04-05 13:52:00+00:00,,,,,,,,0.81,0.81,,1.0,1,False
2026-04-05 13:52:30+00:00,,,,,,,,0.7899999999999999,0.79,,333.0,2,False
2026-04-05 13:53:00+00:00,,,,,,,,0.79,0.79,,2173.0,1,False
2026-04-05 13:53:30+00:00,,,,,,,,0.81,0.81,,1.0,1,False
2026-04-05 13:54:00+00:00,,,,,,,,0.8100000000000002,0.81,,20.0,1,False
2026-04-05 13:54:30+00:00,,,,,,,,0.79,0.79,,217.0,1,False
2026-04-05 13:55:00+00:00,,,,,,,,0.79,0.79,,200.0,1,False
2026-04-05 13:55:30+00:00,,,,,,,,0.8100000000000002,0.81,,10.0,1,False
2026-04-05 13:56:00+00:00,,,,,,,,0.8100000000000002,0.81,,0.0,0,False
2026-04-05 13:56:30+00:00,,,,,,,,0.8098544010589014,0.81,,1511.0,3,False
2026-04-05 13:57:00+00:00,,,,,,,,0.81,0.81,,503.0,2,False
2026-04-05 13:57:30+00:00,,,,,,,,0.79,0.79,,217.0,1,False
2026-04-05 13:58:00+00:00,,,,,,,,0.81,0.81,,514.0,4,False
2026-04-05 13:58:30+00:00,,,,,,,,0.8099999999999999,0.81,,14.0,1,False
2026-04-05 13:59:00+00:00,,,,,,,,0.81,0.81,,24.0,1,False
2026-04-05 13:59:30+00:00,,,,,,,,0.81,0.81,,0.0,0,False
2026-04-05 14:00:00+00:00,,,,,,,,0.81,0.81,,94.0,1,False
2026-04-05 14:00:30+00:00,,,,,,,,0.7910069444444444,0.79,,288.0,4,False
2026-04-05 14:01:00+00:00,,,,,,,,0.81,0.81,,6.0,1,False
2026-04-05 14:01:30+00:00,,,,,,,,0.81,0.81,,21.0,2,False
2026-04-05 14:02:00+00:00,,,,,,,,0.81,0.81,,114.0,3,False
2026-04-05 14:02:30+00:00,,,,,,,,0.81,0.81,,0.0,0,False
2026-04-05 14:03:00+00:00,,,,,,,,0.7993461538461539,0.79,,260.0,2,False
2026-04-05 14:03:30+00:00,,,,,,,,0.81,0.81,,175.0,2,False
2026-04-05 14:04:00+00:00,,,,,,,,0.805,0.81,,40.0,2,False
2026-04-05 14:04:30+00:00,,,,,,,,0.805,0.81,,0.0,0,False
2026-04-05 14:05:00+00:00,,,,,,,,0.7900000000000001,0.79,,22.0,1,False
2026-04-05 14:05:30+00:00,,,,,,,,0.81,0.81,,7431.0,2,False
2026-04-05 14:06:00+00:00,,,,,,,,0.81,0.81,,0.0,0,False
2026-04-05 14:06:30+00:00,,,,,,,,0.81,0.81,,0.0,0,False
2026-04-05 14:07:00+00:00,,,,,,,,0.8,0.8,,230.0,1,False
2026-04-05 14:07:30+00:00,,,,,,,,0.8,0.8,,0.0,0,False
2026-04-05 14:08:00+00:00,,,,,,,,0.8,0.8,,0.0,0,False
2026-04-05 14:08:30+00:00,,,,,,,,0.8,0.8,,0.0,0,False
2026-04-05 14:09:00+00:00,,,,,,,,0.81,0.81,,25.0,1,False
2026-04-05 14:09:30+00:00,,,,,,,,0.81,0.81,,107.0,2,False
2026-04-05 14:10:00+00:00,,,,,,,,0.8099999999999999,0.81,,7.0,2,False
2026-04-05 14:10:30+00:00,,,,,,,,0.8100000000000002,0.81,,184.0,2,False
2026-04-05 14:11:00+00:00,,,,,,,,0.8100000000000002,0.81,,0.0,0,False
2026-04-05 14:11:30+00:00,,,,,,,,0.81,0.81,,500.0,1,False
2026-04-05 14:12:00+00:00,,,,,,,,0.81,0.81,,0.0,0,False
2026-04-05 14:12:30+00:00,,,,,,,,0.7901344086021506,0.79,,1488.0,2,False
2026-04-05 14:13:00+00:00,,,,,,,,0.81,0.81,,1.0,1,False
2026-04-05 14:13:30+00:00,,,,,,,,0.7914876033057852,0.81,,121.0,3,False
2026-04-05 14:14:00+00:00,,,,,,,,0.7914876033057852,0.81,,0.0,0,False
2026-04-05 14:14:30+00:00,,,,,,,,0.81,0.81,,30.0,1,False
2026-04-05 14:15:00+00:00,,,,,,,,0.8037931034482759,0.79,,29.0,2,False
2026-04-05 14:15:30+00:00,,,,,,,,0.7961290322580645,0.81,,124.0,3,False
2026-04-05 14:16:00+00:00,,,,,,,,0.81,0.81,,57.0,3,False
2026-04-05 14:16:30+00:00,,,,,,,,0.8053099730458221,0.79,,371.0,4,False
2026-04-05 14:17:00+00:00,,,,,,,,0.8053099730458221,0.79,,0.0,0,False
2026-04-05 14:17:30+00:00,,,,,,,,0.7966666666666667,0.79,,6.0,3,False
2026-04-05 14:18:00+00:00,,,,,,,,0.81,0.81,,17.0,1,False
2026-04-05 14:18:30+00:00,,,,,,,,0.81,0.81,,0.0,0,False
2026-04-05 14:19:00+00:00,,,,,,,,0.81,0.81,,21.0,1,False
2026-04-05 14:19:30+00:00,,,,,,,,0.81,0.81,,132.0,2,False
2026-04-05 14:20:00+00:00,,,,,,,,0.81,0.81,,11.0,1,False
2026-04-05 14:20:30+00:00,,,,,,,,0.8099999999999999,0.81,,161.0,1,False
2026-04-05 14:21:00+00:00,,,,,,,,0.81,0.81,,48.0,1,False
2026-04-05 14:21:30+00:00,,,,,,,,0.81,0.81,,1.0,1,False
2026-04-05 14:22:00+00:00,,,,,,,,0.7971334214002641,0.8,,757.0,9,False
2026-04-05 14:22:30+00:00,,,,,,,,0.8,0.8,,29.0,2,False
2026-04-05 14:23:00+00:00,,,,,,,,0.8,0.8,,70.0,1,False
2026-04-05 14:23:30+00:00,,,,,,,,0.7998901098901098,0.8,,91.0,3,False
2026-04-05 14:24:00+00:00,,,,,,,,0.7965384615384615,0.79,,26.0,2,False
2026-04-05 14:24:30+00:00,,,,,,,,0.7904761904761906,0.79,,21.0,2,False
2026-04-05 14:25:00+00:00,,,,,,,,0.7999712643678161,0.8,,348.0,9,False
2026-04-05 14:25:30+00:00,,,,,,,,0.7984979137691239,0.79,,719.0,3,False
2026-04-05 14:26:00+00:00,,,,,,,,0.8,0.8,,59.0,1,False
2026-04-05 14:26:30+00:00,,,,,,,,0.7967669172932331,0.79,,133.0,2,False
2026-04-05 14:27:00+00:00,,,,,,,,0.8,0.8,,61.0,1,False
2026-04-05 14:27:30+00:00,,,,,,,,0.8,0.8,,85.0,3,False
2026-04-05 14:28:00+00:00,,,,,,,,0.793063583815029,0.8,,173.0,4,False
2026-04-05 14:28:30+00:00,,,,,,,,0.79,0.79,,4.0,1,False
2026-04-05 14:29:00+00:00,,,,,,,,0.8,0.8,,7536.0,2,False
2026-04-05 14:29:30+00:00,,,,,,,,0.8,0.8,,0.0,0,False
2026-04-05 14:30:00+00:00,,,,,,,,0.8,0.8,,1725.0,3,False
2026-04-05 14:30:30+00:00,,,,,,,,0.7998267526188558,0.8,,2482.0,3,False
2026-04-05 14:31:00+00:00,,,,,,,,0.8000000000000002,0.8,,12.0,1,False
2026-04-05 14:31:30+00:00,,,,,,,,0.8,0.8,,115.0,2,False
2026-04-05 14:32:00+00:00,,,,,,,,0.8,0.8,,105.0,2,False
2026-04-05 14:32:30+00:00,,,,,,,,0.8,0.8,,0.0,0,False
2026-04-05 14:33:00+00:00,,,,,,,,0.8,0.8,,216.0,3,False
2026-04-05 14:33:30+00:00,,,,,,,,0.8,0.8,,3698.0,1,False
2026-04-05 14:34:00+00:00,,,,,,,,0.8,0.8,,0.0,0,False
2026-04-05 14:34:30+00:00,,,,,,,,0.799882005899705,0.8,,678.0,4,False
2026-04-05 14:35:00+00:00,,,,,,,,0.8000000000000002,0.8,,24.0,1,False
2026-04-05 14:35:30+00:00,,,,,,,,0.8,0.8,,14.0,2,False
2026-04-05 14:36:00+00:00,,,,,,,,0.8,0.8,,0.0,0,False
2026-04-05 14:36:30+00:00,,,,,,,,0.8,0.8,,181.0,2,False
2026-04-05 14:37:00+00:00,,,,,,,,0.8000000000000002,0.8,,101.0,1,False
2026-04-05 14:37:30+00:00,,,,,,,,0.8,0.8,,75.0,2,False
2026-04-05 14:38:00+00:00,,,,,,,,0.8,0.8,,14.0,3,False
2026-04-05 14:38:30+00:00,,,,,,,,0.8,0.8,,184.0,2,False
2026-04-05 14:39:00+00:00,,,,,,,,0.8000000000000002,0.8,,25.0,2,False
2026-04-05 14:39:30+00:00,,,,,,,,0.8,0.8,,220.0,3,False
2026-04-05 14:40:00+00:00,,,,,,,,0.8,0.8,,0.0,0,False
2026-04-05 14:40:30+00:00,,,,,,,,0.8,0.8,,0.0,0,False
2026-04-05 14:41:00+00:00,,,,,,,,0.7972222222222223,0.8,,18.0,3,False
2026-04-05 14:41:30+00:00,,,,,,,,0.8,0.8,,50.0,1,False
2026-04-05 14:42:00+00:00,,,,,,,,0.7900828157349897,0.8,,483.0,2,False
2026-04-05 14:42:30+00:00,,,,,,,,0.7900828157349897,0.8,,0.0,0,False
2026-04-05 14:43:00+00:00,,,,,,,,0.7900828157349897,0.8,,0.0,0,False
2026-04-05 14:43:30+00:00,,,,,,,,0.8,0.8,,147.0,2,False
2026-04-05 14:44:00+00:00,,,,,,,,0.8000000000000002,0.8,,3.0,1,False
2026-04-05 14:44:30+00:00,,,,,,,,0.7915094339622643,0.79,,53.0,4,False
2026-04-05 14:45:00+00:00,,,,,,,,0.7915094339622643,0.79,,0.0,0,False
2026-04-05 14:45:30+00:00,,,,,,,,0.7915094339622643,0.79,,0.0,0,False
2026-04-05 14:46:00+00:00,,,,,,,,0.799,0.79,,40.0,2,False
2026-04-05 14:46:30+00:00,,,,,,,,0.8,0.8,,1.0,1,False
2026-04-05 14:47:00+00:00,,,,,,,,0.8000000000000002,0.8,,12.0,1,False
2026-04-05 14:47:30+00:00,,,,,,,,0.7899999999999999,0.79,,13.0,1,False
2026-04-05 14:48:00+00:00,,,,,,,,0.7899999999999999,0.79,,0.0,0,False
2026-04-05 14:48:30+00:00,,,,,,,,0.7899999999999999,0.79,,0.0,0,False
2026-04-05 14:49:00+00:00,,,,,,,,0.7899999999999999,0.79,,0.0,0,False
2026-04-05 14:49:30+00:00,,,,,,,,0.7999176276771005,0.8,,1214.0,3,False
2026-04-05 14:50:00+00:00,,,,,,,,0.8,0.8,,138.0,2,False
2026-04-05 14:50:30+00:00,,,,,,,,0.7936923076923077,0.79,,65.0,2,False
2026-04-05 14:51:00+00:00,,,,,,,,0.8000000000000002,0.8,,182.0,3,False
2026-04-05 14:51:30+00:00,,,,,,,,0.8,0.8,,7.0,1,False
2026-04-05 14:52:00+00:00,,,,,,,,0.8,0.8,,29293.0,6,False
2026-04-05 14:52:30+00:00,,,,,,,,0.8,0.8,,0.0,0,False
2026-04-05 14:53:00+00:00,,,,,,,,0.8,0.8,,0.0,0,False
2026-04-05 14:53:30+00:00,,,,,,,,0.8,0.8,,14.0,1,False
2026-04-05 14:54:00+00:00,,,,,,,,0.8,0.8,,0.0,0,False
2026-04-05 14:54:30+00:00,,,,,,,,0.7995154185022026,0.8,,454.0,3,False
2026-04-05 14:55:00+00:00,,,,,,,,0.79,0.79,,65.0,1,False
2026-04-05 14:55:30+00:00,,,,,,,,0.7997196261682245,0.8,,321.0,4,False
2026-04-05 14:56:00+00:00,,,,,,,,0.7992168674698796,0.79,,166.0,4,False
2026-04-05 14:56:30+00:00,,,,,,,,0.79875,0.8,,168.0,4,False
2026-04-05 14:57:00+00:00,,,,,,,,0.79,0.79,,21.0,1,False
2026-04-05 14:57:30+00:00,,,,,,,,0.790421052631579,0.8,,95.0,2,False
2026-04-05 14:58:00+00:00,,,,,,,,0.7999795918367348,0.8,,980.0,3,False
2026-04-05 14:58:30+00:00,,,,,,,,0.8000000000000002,0.8,,12.0,1,False
2026-04-05 14:59:00+00:00,,,,,,,,0.79,0.79,,108.0,1,False
2026-04-05 14:59:30+00:00,,,,,,,,0.7931578947368421,0.79,,190.0,2,False
2026-04-05 15:00:00+00:00,,,,,,,,0.7931578947368421,0.79,,0.0,0,False
2026-04-05 15:00:30+00:00,,,,,,,,0.7899999999999999,0.79,,86.0,2,False
2026-04-05 15:01:00+00:00,,,,,,,,0.7899999999999999,0.79,,0.0,0,False
2026-04-05 15:01:30+00:00,,,,,,,,0.8,0.8,,343.0,2,False
2026-04-05 15:02:00+00:00,,,,,,,,0.79,0.79,,619.0,3,False
2026-04-05 15:02:30+00:00,,,,,,,,0.7929032258064517,0.8,,31.0,2,False
2026-04-05 15:03:00+00:00,,,,,,,,0.79,0.79,,21.0,1,False
2026-04-05 15:03:30+00:00,,,,,,,,0.79984,0.79,,125.0,2,False
2026-04-05 15:04:00+00:00,,,,,,,,0.7976923076923077,0.8,,39.0,2,False
2026-04-05 15:04:30+00:00,,,,,,,,0.8000000000000002,0.8,,67.0,2,False
2026-04-05 15:05:00+00:00,,,,,,,,0.7996852646638055,0.79,,699.0,3,False
2026-04-05 15:05:30+00:00,,,,,,,,0.799522342064715,0.8,,649.0,3,False
2026-04-05 15:06:00+00:00,,,,,,,,0.796,0.79,,20.0,2,False
2026-04-05 15:06:30+00:00,,,,,,,,0.8,0.8,,301.0,4,False
2026-04-05 15:07:00+00:00,,,,,,,,0.79,0.79,,4.0,1,False
2026-04-05 15:07:30+00:00,,,,,,,,0.8,0.8,,38.0,3,False
2026-04-05 15:08:00+00:00,,,,,,,,0.79,0.79,,100.0,1,False
2026-04-05 15:08:30+00:00,,,,,,,,0.79,0.79,,12.0,1,False
2026-04-05 15:09:00+00:00,,,,,,,,0.8,0.8,,30.0,1,False
2026-04-05 15:09:30+00:00,,,,,,,,0.79775,0.8,,40.0,3,False
2026-04-05 15:10:00+00:00,,,,,,,,0.7927586206896552,0.79,,58.0,4,False
2026-04-05 15:10:30+00:00,,,,,,,,0.8000000000000002,0.8,,683.0,4,False
2026-04-05 15:11:00+00:00,,,,,,,,0.8000000000000002,0.8,,0.0,0,False
2026-04-05 15:11:30+00:00,,,,,,,,0.7987096774193548,0.8,,31.0,4,False
2026-04-05 15:12:00+00:00,,,,,,,,0.7985185185185186,0.79,,81.0,4,False
2026-04-05 15:12:30+00:00,,,,,,,,0.7985185185185186,0.79,,0.0,0,False
2026-04-05 15:13:00+00:00,,,,,,,,0.8000000000000002,0.8,,24.0,1,False
2026-04-05 15:13:30+00:00,,,,,,,,0.7908536585365854,0.8,,246.0,2,False
2026-04-05 15:14:00+00:00,,,,,,,,0.79,0.79,,5.0,1,False
2026-04-05 15:14:30+00:00,,,,,,,,0.8,0.8,,2000.0,1,False
2026-04-05 15:15:00+00:00,,,,,,,,0.8,0.8,,0.0,0,False
2026-04-05 15:15:30+00:00,,,,,,,,0.8,0.8,,670.0,1,False
2026-04-05 15:16:00+00:00,,,,,,,,0.8000000000000002,0.8,,431.0,3,False
2026-04-05 15:16:30+00:00,,,,,,,,0.8,0.8,,87.0,3,False
2026-04-05 15:17:00+00:00,,,,,,,,0.79,0.79,,1.0,1,False
2026-04-05 15:17:30+00:00,,,,,,,,0.8,0.8,,1.0,1,False
2026-04-05 15:18:00+00:00,,,,,,,,0.8,0.8,,168.0,2,False
2026-04-05 15:18:30+00:00,,,,,,,,0.8,0.8,,246.0,2,False
2026-04-05 15:19:00+00:00,,,,,,,,0.8,0.8,,5.0,1,False
2026-04-05 15:19:30+00:00,,,,,,,,0.8,0.8,,0.0,0,False
2026-04-05 15:20:00+00:00,,,,,,,,0.8,0.8,,0.0,0,False
2026-04-05 15:20:30+00:00,,,,,,,,0.7999999999999999,0.8,,2471.0,2,False
2026-04-05 15:21:00+00:00,,,,,,,,0.7924666666666668,0.8,,150.0,4,False
2026-04-05 15:21:30+00:00,,,,,,,,0.8,0.8,,275.0,4,False
2026-04-05 15:22:00+00:00,,,,,,,,0.8,0.8,,39.0,2,False
2026-04-05 15:22:30+00:00,,,,,,,,0.8,0.8,,226.0,3,False
2026-04-05 15:23:00+00:00,,,,,,,,0.8,0.8,,0.0,0,False
2026-04-05 15:23:30+00:00,,,,,,,,0.8000000000000002,0.8,,6.0,1,False
2026-04-05 15:24:00+00:00,,,,,,,,0.7986320109439123,0.8,,731.0,4,False
2026-04-05 15:24:30+00:00,,,,,,,,0.7900000000000001,0.79,,22.0,1,False
2026-04-05 15:25:00+00:00,,,,,,,,0.7900000000000001,0.79,,0.0,0,False
2026-04-05 15:25:30+00:00,,,,,,,,0.79,0.79,,20.0,2,False
2026-04-05 15:26:00+00:00,,,,,,,,0.8,0.8,,232.0,2,False
2026-04-05 15:26:30+00:00,,,,,,,,0.7983834586466165,0.8,,266.0,5,False
2026-04-05 15:27:00+00:00,,,,,,,,0.8,0.8,,2.0,1,False
2026-04-05 15:27:30+00:00,,,,,,,,0.8,0.8,,17.0,1,False
2026-04-05 15:28:00+00:00,,,,,,,,0.7935820895522389,0.8,,67.0,2,False
2026-04-05 15:28:30+00:00,,,,,,,,0.79,0.79,,9.0,1,False
2026-04-05 15:29:00+00:00,,,,,,,,0.7999999999999999,0.8,,96.0,2,False
2026-04-05 15:29:30+00:00,,,,,,,,0.8000000000000002,0.8,,1435.0,6,False
2026-04-05 15:30:00+00:00,,,,,,,,0.8,0.8,,1232.0,1,False
2026-04-05 15:30:30+00:00,,,,,,,,0.7899999999999999,0.79,,13.0,1,False
2026-04-05 15:31:00+00:00,,,,,,,,0.7947826086956522,0.8,,46.0,2,False
2026-04-05 15:31:30+00:00,,,,,,,,0.8,0.8,,62.0,2,False
2026-04-05 15:32:00+00:00,,,,,,,,0.8,0.8,,153.0,2,False
2026-04-05 15:32:30+00:00,,,,,,,,0.8000000000000002,0.8,,3420.0,2,False
2026-04-05 15:33:00+00:00,,,,,,,,0.8000000000000002,0.8,,0.0,0,False
2026-04-05 15:33:30+00:00,,,,,,,,0.7935064935064935,0.8,,308.0,3,False
2026-04-05 15:34:00+00:00,,,,,,,,0.8000000000000002,0.8,,43.0,3,False
2026-04-05 15:34:30+00:00,,,,,,,,0.8,0.8,,623.0,3,False
2026-04-05 15:35:00+00:00,,,,,,,,0.7989189189189189,0.79,,37.0,3,False
2026-04-05 15:35:30+00:00,,,,,,,,0.79,0.79,,4.0,1,False
2026-04-05 15:36:00+00:00,,,,,,,,0.8,0.8,,432.0,5,False
2026-04-05 15:36:30+00:00,,,,,,,,0.8,0.8,,94.0,2,False
2026-04-05 15:37:00+00:00,,,,,,,,0.8,0.8,,0.0,0,False
2026-04-05 15:37:30+00:00,,,,,,,,0.7902272727272727,0.79,,44.0,2,False
2026-04-05 15:38:00+00:00,,,,,,,,0.7931578947368422,0.79,,19.0,2,False
2026-04-05 15:38:30+00:00,,,,,,,,0.8000000000000002,0.8,,555.0,2,False
2026-04-05 15:39:00+00:00,,,,,,,,0.8,0.8,,154.0,3,False
2026-04-05 15:39:30+00:00,,,,,,,,0.7981159420289854,0.79,,69.0,3,False
2026-04-05 15:40:00+00:00,,,,,,,,0.7999967207738974,0.79,,12198.0,5,False
2026-04-05 15:40:30+00:00,,,,,,,,0.7965322580645161,0.8,,124.0,2,False
2026-04-05 15:41:00+00:00,,,,,,,,0.7991773308957953,0.79,,547.0,3,False
2026-04-05 15:41:30+00:00,,,,,,,,0.8,0.8,,1.0,1,False
2026-04-05 15:42:00+00:00,,,,,,,,0.7998697539797396,0.8,,691.0,3,False
2026-04-05 15:42:30+00:00,,,,,,,,0.7981818181818183,0.8,,22.0,2,False
2026-04-05 15:43:00+00:00,,,,,,,,0.7996296296296296,0.8,,54.0,5,False
2026-04-05 15:43:30+00:00,,,,,,,,0.7946153846153847,0.8,,52.0,2,False
2026-04-05 15:44:00+00:00,,,,,,,,0.7946153846153847,0.8,,0.0,0,False
2026-04-05 15:44:30+00:00,,,,,,,,0.8,0.8,,180.0,3,False
2026-04-05 15:45:00+00:00,,,,,,,,0.7955156950672646,0.79,,223.0,2,False
2026-04-05 15:45:30+00:00,,,,,,,,0.7995833333333334,0.8,,24.0,3,False
2026-04-05 15:46:00+00:00,,,,,,,,0.8,0.8,,135.0,2,False
2026-04-05 15:46:30+00:00,,,,,,,,0.8,0.8,,148.0,3,False
2026-04-05 15:47:00+00:00,,,,,,,,0.8,0.8,,0.0,0,False
2026-04-05 15:47:30+00:00,,,,,,,,0.79,0.79,,434.0,1,False
2026-04-05 15:48:00+00:00,,,,,,,,0.79,0.79,,0.0,0,False
2026-04-05 15:48:30+00:00,,,,,,,,0.7899999999999999,0.79,,2045.0,2,False
2026-04-05 15:49:00+00:00,,,,,,,,0.7899999999999999,0.79,,230.0,2,False
2026-04-05 15:49:30+00:00,,,,,,,,0.8,0.8,,55.0,2,False
2026-04-05 15:50:00+00:00,,,,,,,,0.8000000000000002,0.8,,25.0,2,False
2026-04-05 15:50:30+00:00,,,,,,,,0.8,0.8,,914.0,1,False
2026-04-05 15:51:00+00:00,,,,,,,,0.7957142857142857,0.8,,21.0,2,False
2026-04-05 15:51:30+00:00,,,,,,,,0.7899999999999999,0.79,,67.0,3,False
2026-04-05 15:52:00+00:00,,,,,,,,0.8,0.8,,123.0,1,False
2026-04-05 15:52:30+00:00,,,,,,,,0.8,0.8,,17.0,2,False
2026-04-05 15:53:00+00:00,,,,,,,,0.7993677555321391,0.79,,949.0,5,False
2026-04-05 15:53:30+00:00,,,,,,,,0.8,0.8,,2.0,1,False
2026-04-05 15:54:00+00:00,,,,,,,,0.7997002997002995,0.8,,1001.0,7,False
2026-04-05 15:54:30+00:00,,,,,,,,0.7998333333333334,0.79,,240.0,4,False
2026-04-05 15:55:00+00:00,,,,,,,,0.7937555555555555,0.79,,450.0,5,False
2026-04-05 15:55:30+00:00,,,,,,,,0.7937555555555555,0.79,,0.0,0,False
2026-04-05 15:56:00+00:00,,,,,,,,0.8,0.8,,881.0,2,False
2026-04-05 15:56:30+00:00,,,,,,,,0.7991752577319589,0.8,,97.0,4,False
2026-04-05 15:57:00+00:00,,,,,,,,0.8,0.8,,122.0,2,False
2026-04-05 15:57:30+00:00,,,,,,,,0.7966666666666667,0.8,,135.0,5,False
2026-04-05 15:58:00+00:00,,,,,,,,0.790234375,0.79,,1024.0,3,False
2026-04-05 15:58:30+00:00,,,,,,,,0.7999999999999999,0.8,,493.0,2,False
2026-04-05 15:59:00+00:00,,,,,,,,0.8,0.8,,65.0,3,False
2026-04-05 15:59:30+00:00,,,,,,,,0.8,0.8,,36.0,2,False
2026-04-05 16:00:00+00:00,,,,,,,,0.8,0.8,,0.0,0,False
2026-04-05 16:00:30+00:00,,,,,,,,0.7911956521739131,0.79,,92.0,4,False
2026-04-05 16:01:00+00:00,,,,,,,,0.7957894736842106,0.79,,19.0,3,False
2026-04-05 16:01:30+00:00,,,,,,,,0.7997872340425533,0.79,,188.0,3,False
2026-04-05 16:02:00+00:00,,,,,,,,0.7999169435215947,0.8,,602.0,3,False
2026-04-05 16:02:30+00:00,,,,,,,,0.7938095238095239,0.79,,63.0,2,False
2026-04-05 16:03:00+00:00,,,,,,,,0.7979498861047837,0.8,,439.0,4,False
2026-04-05 16:03:30+00:00,,,,,,,,0.7979032258064516,0.79,,310.0,4,False
2026-04-05 16:04:00+00:00,,,,,,,,0.7971710526315791,0.79,,152.0,6,False
2026-04-05 16:04:30+00:00,,,,,,,,0.8,0.8,,95.0,3,False
2026-04-05 16:05:00+00:00,,,,,,,,0.8,0.8,,20030.0,4,False
2026-04-05 16:05:30+00:00,,,,,,,,0.8,0.8,,90.0,1,False
2026-04-05 16:06:00+00:00,,,,,,,,0.8,0.8,,42.0,3,False
2026-04-05 16:06:30+00:00,,,,,,,,0.8,0.8,,1.0,1,False
2026-04-05 16:07:00+00:00,,,,,,,,0.7900851063829787,0.79,,235.0,3,False
2026-04-05 16:07:30+00:00,,,,,,,,0.8,0.8,,200.0,3,False
2026-04-05 16:08:00+00:00,,,,,,,,0.799015748031496,0.8,,508.0,4,False
2026-04-05 16:08:30+00:00,,,,,,,,0.799015748031496,0.8,,0.0,0,False
2026-04-05 16:09:00+00:00,,,,,,,,0.7985135135135135,0.8,,148.0,3,False
2026-04-05 16:09:30+00:00,,,,,,,,0.7998387096774194,0.79,,124.0,2,False
2026-04-05 16:10:00+00:00,,,,,,,,0.79,0.79,,10.0,1,False
2026-04-05 16:10:30+00:00,,,,,,,,0.8,0.8,,32.0,3,False
2026-04-05 16:11:00+00:00,,,,,,,,0.7992857142857144,0.8,,140.0,3,False
2026-04-05 16:11:30+00:00,,,,,,,,0.8000000000000002,0.8,,3.0,1,False
2026-04-05 16:12:00+00:00,,,,,,,,0.8000000000000002,0.8,,0.0,0,False
2026-04-05 16:12:30+00:00,,,,,,,,0.7951076320939335,0.8,,511.0,3,False
2026-04-05 16:13:00+00:00,,,,,,,,0.7984249084249084,0.8,,273.0,3,False
2026-04-05 16:13:30+00:00,,,,,,,,0.7999985261606485,0.8,,27140.0,7,False
2026-04-05 16:14:00+00:00,,,,,,,,0.7917283950617283,0.8,,162.0,3,False
2026-04-05 16:14:30+00:00,,,,,,,,0.8,0.8,,150.0,1,False
2026-04-05 16:15:00+00:00,,,,,,,,0.8,0.8,,27.0,1,False
2026-04-05 16:15:30+00:00,,,,,,,,0.79,0.79,,8.0,1,False
2026-04-05 16:16:00+00:00,,,,,,,,0.799920792079208,0.79,,1010.0,3,False
2026-04-05 16:16:30+00:00,,,,,,,,0.7987252124645892,0.79,,706.0,5,False
2026-04-05 16:17:00+00:00,,,,,,,,0.8,0.8,,232.0,2,False
2026-04-05 16:17:30+00:00,,,,,,,,0.7999999999999999,0.8,,58.0,3,False
2026-04-05 16:18:00+00:00,,,,,,,,0.7999674532139951,0.8,,1229.0,3,False
2026-04-05 16:18:30+00:00,,,,,,,,0.8,0.8,,159.0,3,False
2026-04-05 16:19:00+00:00,,,,,,,,0.7999999999999999,0.8,,1001.0,2,False
2026-04-05 16:19:30+00:00,,,,,,,,0.7945569620253164,0.8,,79.0,3,False
2026-04-05 16:20:00+00:00,,,,,,,,0.7945569620253164,0.8,,0.0,0,False
2026-04-05 16:20:30+00:00,,,,,,,,0.8,0.8,,72.0,2,False
2026-04-05 16:21:00+00:00,,,,,,,,0.8,0.8,,0.0,0,False
2026-04-05 16:21:30+00:00,,,,,,,,0.7999609679937549,0.79,,1281.0,3,False
2026-04-05 16:22:00+00:00,,,,,,,,0.7982432432432431,0.79,,74.0,3,False
2026-04-05 16:22:30+00:00,,,,,,,,0.7904166666666668,0.79,,24.0,2,False
2026-04-05 16:23:00+00:00,,,,,,,,0.7927906976744187,0.79,,43.0,3,False
2026-04-05 16:23:30+00:00,,,,,,,,0.7999999999999999,0.8,,1292.0,2,False
2026-04-05 16:24:00+00:00,,,,,,,,0.7974563591022443,0.8,,401.0,6,False
2026-04-05 16:24:30+00:00,,,,,,,,0.79,0.79,,9.0,1,False
2026-04-05 16:25:00+00:00,,,,,,,,0.7987348353552861,0.79,,577.0,5,False
2026-04-05 16:25:30+00:00,,,,,,,,0.7969298245614035,0.79,,114.0,4,False
2026-04-05 16:26:00+00:00,,,,,,,,0.8,0.8,,1179.0,4,False
2026-04-05 16:26:30+00:00,,,,,,,,0.7999999999999999,0.8,,458.0,4,False
2026-04-05 16:27:00+00:00,,,,,,,,0.7912418300653595,0.8,,153.0,5,False
2026-04-05 16:27:30+00:00,,,,,,,,0.7957692307692308,0.79,,52.0,3,False
2026-04-05 16:28:00+00:00,,,,,,,,0.7999838969404188,0.8,,621.0,3,False
2026-04-05 16:28:30+00:00,,,,,,,,0.7920264317180616,0.79,,1362.0,4,False
2026-04-05 16:29:00+00:00,,,,,,,,0.7907305936073059,0.8,,219.0,4,False
2026-04-05 16:29:30+00:00,,,,,,,,0.7996892138939671,0.8,,1094.0,4,False
2026-04-05 16:30:00+00:00,,,,,,,,0.7901020408163266,0.79,,196.0,3,False
2026-04-05 16:30:30+00:00,,,,,,,,0.7901020408163266,0.79,,0.0,0,False
2026-04-05 16:31:00+00:00,,,,,,,,0.8,0.8,,58.0,2,False
2026-04-05 16:31:30+00:00,,,,,,,,0.79,0.79,,41.0,1,False
2026-04-05 16:32:00+00:00,,,,,,,,0.8,0.8,,124.0,2,False
2026-04-05 16:32:30+00:00,,,,,,,,0.8,0.8,,139.0,3,False
2026-04-05 16:33:00+00:00,,,,,,,,0.7966216216216216,0.8,,148.0,2,False
2026-04-05 16:33:30+00:00,,,,,,,,0.8,0.8,,49.0,2,False
2026-04-05 16:34:00+00:00,,,,,,,,0.8,0.8,,11.0,1,False
2026-04-05 16:34:30+00:00,,,,,,,,0.792340425531915,0.8,,47.0,2,False
2026-04-05 16:35:00+00:00,,,,,,,,0.8000000000000002,0.8,,67.0,2,False
2026-04-05 16:35:30+00:00,,,,,,,,0.7975000000000001,0.79,,16.0,3,False
2026-04-05 16:36:00+00:00,,,,,,,,0.7975000000000001,0.79,,0.0,0,False
2026-04-05 16:36:30+00:00,,,,,,,,0.79,0.79,,1000.0,1,False
2026-04-05 16:37:00+00:00,,,,,,,,0.79,0.79,,0.0,0,False
2026-04-05 16:37:30+00:00,,,,,,,,0.7999999999999999,0.8,,66.0,2,False
2026-04-05 16:38:00+00:00,,,,,,,,0.7999999999999999,0.8,,0.0,0,False
2026-04-05 16:38:30+00:00,,,,,,,,0.7900000000000001,0.79,,90.0,1,False
2026-04-05 16:39:00+00:00,,,,,,,,0.8,0.8,,248.0,3,False
2026-04-05 16:39:30+00:00,,,,,,,,0.7997037037037038,0.79,,135.0,3,False
2026-04-05 16:40:00+00:00,,,,,,,,0.7999999999999999,0.8,,304.0,3,False
2026-04-05 16:40:30+00:00,,,,,,,,0.7999999999999999,0.8,,0.0,0,False
2026-04-05 16:41:00+00:00,,,,,,,,0.7999999999999999,0.8,,0.0,0,False
2026-04-05 16:41:30+00:00,,,,,,,,0.7900167836435765,0.79,,26216.0,6,False
2026-04-05 16:42:00+00:00,,,,,,,,0.7900167836435765,0.79,,0.0,0,False
2026-04-05 16:42:30+00:00,,,,,,,,0.79,0.79,,121.0,2,False
2026-04-05 16:43:00+00:00,,,,,,,,0.79,0.79,,0.0,0,False
2026-04-05 16:43:30+00:00,,,,,,,,0.792,0.79,,5.0,2,False
2026-04-05 16:44:00+00:00,,,,,,,,0.7995732484076434,0.8,,1570.0,3,False
2026-04-05 16:44:30+00:00,,,,,,,,0.8,0.8,,129.0,1,False
2026-04-05 16:45:00+00:00,,,,,,,,0.7999038461538462,0.8,,104.0,4,False
2026-04-05 16:45:30+00:00,,,,,,,,0.7905128205128205,0.8,,234.0,4,False
2026-04-05 16:46:00+00:00,,,,,,,,0.8000000000000002,0.8,,545.0,2,False
2026-04-05 16:46:30+00:00,,,,,,,,0.79,0.79,,10.0,1,False
2026-04-05 16:47:00+00:00,,,,,,,,0.7908374384236453,0.79,,609.0,5,False
2026-04-05 16:47:30+00:00,,,,,,,,0.8,0.8,,13.0,1,False
2026-04-05 16:48:00+00:00,,,,,,,,0.7902686567164179,0.8,,335.0,2,False
2026-04-05 16:48:30+00:00,,,,,,,,0.8000000000000002,0.8,,3.0,1,False
2026-04-05 16:49:00+00:00,,,,,,,,0.7999325626204241,0.8,,3114.0,4,False
2026-04-05 16:49:30+00:00,,,,,,,,0.7992105263157895,0.8,,114.0,3,False
2026-04-05 16:50:00+00:00,,,,,,,,0.7924916387959867,0.8,,598.0,4,False
2026-04-05 16:50:30+00:00,,,,,,,,0.8,0.8,,51.0,3,False
2026-04-05 16:51:00+00:00,,,,,,,,0.8000000000000002,0.8,,26.0,2,False
2026-04-05 16:51:30+00:00,,,,,,,,0.8000000000000002,0.8,,26.0,2,False
2026-04-05 16:52:00+00:00,,,,,,,,0.7993896713615024,0.79,,213.0,2,False
2026-04-05 16:52:30+00:00,,,,,,,,0.7968817204301075,0.79,,93.0,3,False
2026-04-05 16:53:00+00:00,,,,,,,,0.7899999999999999,0.79,,26.0,1,False
2026-04-05 16:53:30+00:00,,,,,,,,0.7899999999999999,0.79,,0.0,0,False
2026-04-05 16:54:00+00:00,,,,,,,,0.7912244897959184,0.8,,49.0,4,False
2026-04-05 16:54:30+00:00,,,,,,,,0.7912244897959184,0.8,,0.0,0,False
2026-04-05 16:55:00+00:00,,,,,,,,0.8,0.8,,1395.0,4,False
2026-04-05 16:55:30+00:00,,,,,,,,0.7998181818181819,0.79,,55.0,4,False
2026-04-05 16:56:00+00:00,,,,,,,,0.7998181818181819,0.79,,0.0,0,False
2026-04-05 16:56:30+00:00,,,,,,,,0.8,0.8,,965.0,5,False
2026-04-05 16:57:00+00:00,,,,,,,,0.79,0.79,,457.0,2,False
2026-04-05 16:57:30+00:00,,,,,,,,0.7917307692307692,0.8,,52.0,3,False
2026-04-05 16:58:00+00:00,,,,,,,,0.8,0.8,,3081.0,1,False
2026-04-05 16:58:30+00:00,,,,,,,,0.7983414634146343,0.79,,205.0,5,False
2026-04-05 16:59:00+00:00,,,,,,,,0.7927918781725889,0.79,,197.0,5,False
2026-04-05 16:59:30+00:00,,,,,,,,0.7910416666666666,0.79,,96.0,2,False
2026-04-05 17:00:00+00:00,,,,,,,,0.8,0.8,,30.0,1,False
2026-04-05 17:00:30+00:00,,,,,,,,0.7924528301886793,0.8,,53.0,2,False
2026-04-05 17:01:00+00:00,,,,,,,,0.7924528301886793,0.8,,0.0,0,False
2026-04-05 17:01:30+00:00,,,,,,,,0.8,0.8,,42.0,2,False
2026-04-05 17:02:00+00:00,,,,,,,,0.7999160387513456,0.8,,4645.0,8,False
2026-04-05 17:02:30+00:00,,,,,,,,0.8000000000000002,0.8,,6.0,1,False
2026-04-05 17:03:00+00:00,,,,,,,,0.8,0.8,,499.0,2,False
2026-04-05 17:03:30+00:00,,,,,,,,0.7917234848484849,0.79,,528.0,3,False
2026-04-05 17:04:00+00:00,,,,,,,,0.7968456375838926,0.79,,7152.0,14,False
2026-04-05 17:04:30+00:00,,,,,,,,0.7962857142857143,0.8,,35.0,3,False
2026-04-05 17:05:00+00:00,,,,,,,,0.7986956521739131,0.79,,115.0,5,False
2026-04-05 17:05:30+00:00,,,,,,,,0.8,0.8,,1.0,1,False
2026-04-05 17:06:00+00:00,,,,,,,,0.8,0.8,,174.0,2,False
2026-04-05 17:06:30+00:00,,,,,,,,0.8,0.8,,201.0,3,False
2026-04-05 17:07:00+00:00,,,,,,,,0.8,0.8,,0.0,0,False
2026-04-05 17:07:30+00:00,,,,,,,,0.7994974874371858,0.8,,199.0,3,False
2026-04-05 17:08:00+00:00,,,,,,,,0.79,0.79,,37.0,1,False
2026-04-05 17:08:30+00:00,,,,,,,,0.7956249999999999,0.79,,48.0,2,False
2026-04-05 17:09:00+00:00,,,,,,,,0.7905590062111802,0.8,,161.0,4,False
2026-04-05 17:09:30+00:00,,,,,,,,0.8,0.8,,64.0,3,False
2026-04-05 17:10:00+00:00,,,,,,,,0.7980582524271846,0.8,,515.0,5,False
2026-04-05 17:10:30+00:00,,,,,,,,0.7980582524271846,0.8,,0.0,0,False
2026-04-05 17:11:00+00:00,,,,,,,,0.799069643806486,0.8,,1881.0,4,False
2026-04-05 17:11:30+00:00,,,,,,,,0.8,0.8,,17.0,3,False
2026-04-05 17:12:00+00:00,,,,,,,,0.7985714285714287,0.79,,56.0,5,False
2026-04-05 17:12:30+00:00,,,,,,,,0.7942735042735043,0.79,,117.0,3,False
2026-04-05 17:13:00+00:00,,,,,,,,0.7999999999999999,0.8,,139.0,4,False
2026-04-05 17:13:30+00:00,,,,,,,,0.8,0.8,,5.0,1,False
2026-04-05 17:14:00+00:00,,,,,,,,0.8000000000000002,0.8,,124.0,2,False
2026-04-05 17:14:30+00:00,,,,,,,,0.7975,0.8,,40.0,2,False
2026-04-05 17:15:00+00:00,,,,,,,,0.7990804597701151,0.79,,87.0,4,False
2026-04-05 17:15:30+00:00,,,,,,,,0.7935882352941178,0.8,,170.0,5,False
2026-04-05 17:16:00+00:00,,,,,,,,0.7980733944954129,0.8,,109.0,3,False
2026-04-05 17:16:30+00:00,,,,,,,,0.7999999999999999,0.8,,4884.0,4,False
2026-04-05 17:17:00+00:00,,,,,,,,0.7943689320388351,0.79,,103.0,7,False
2026-04-05 17:17:30+00:00,,,,,,,,0.7990234375,0.8,,1024.0,4,False
2026-04-05 17:18:00+00:00,,,,,,,,0.7899999999999999,0.79,,35.0,3,False
2026-04-05 17:18:30+00:00,,,,,,,,0.7977831325301206,0.8,,830.0,6,False
2026-04-05 17:19:00+00:00,,,,,,,,0.7999999999999999,0.8,,1201.0,4,False
2026-04-05 17:19:30+00:00,,,,,,,,0.7899999999999999,0.79,,43.0,1,False
2026-04-05 17:20:00+00:00,,,,,,,,0.8,0.8,,144.0,1,False
2026-04-05 17:20:30+00:00,,,,,,,,0.8,0.8,,850.0,3,False
2026-04-05 17:21:00+00:00,,,,,,,,0.79,0.79,,21.0,1,False
2026-04-05 17:21:30+00:00,,,,,,,,0.7962068965517243,0.8,,58.0,3,False
2026-04-05 17:22:00+00:00,,,,,,,,0.7904347826086958,0.8,,23.0,2,False
2026-04-05 17:22:30+00:00,,,,,,,,0.799322033898305,0.79,,59.0,2,False
2026-04-05 17:23:00+00:00,,,,,,,,0.8,0.8,,30.0,1,False
2026-04-05 17:23:30+00:00,,,,,,,,0.7947305389221557,0.8,,167.0,4,False
2026-04-05 17:24:00+00:00,,,,,,,,0.7983870967741935,0.8,,62.0,3,False
2026-04-05 17:24:30+00:00,,,,,,,,0.8,0.8,,34.0,2,False
2026-04-05 17:25:00+00:00,,,,,,,,0.7977272727272727,0.8,,88.0,3,False
2026-04-05 17:25:30+00:00,,,,,,,,0.794129263913824,0.8,,557.0,3,False
2026-04-05 17:26:00+00:00,,,,,,,,0.797967213114754,0.8,,305.0,2,False
2026-04-05 17:26:30+00:00,,,,,,,,0.7999625468164793,0.8,,2136.0,5,False
2026-04-05 17:27:00+00:00,,,,,,,,0.79,0.79,,4.0,1,False
2026-04-05 17:27:30+00:00,,,,,,,,0.7906741573033709,0.79,,89.0,2,False
2026-04-05 17:28:00+00:00,,,,,,,,0.7954166666666668,0.79,,48.0,3,False
2026-04-05 17:28:30+00:00,,,,,,,,0.7963537906137186,0.8,,277.0,5,False
2026-04-05 17:29:00+00:00,,,,,,,,0.791484375,0.8,,128.0,3,False
2026-04-05 17:29:30+00:00,,,,,,,,0.799248120300752,0.8,,266.0,4,False
2026-04-05 17:30:00+00:00,,,,,,,,0.8,0.8,,14.0,1,False
2026-04-05 17:30:30+00:00,,,,,,,,0.8,0.8,,184.0,2,False
2026-04-05 17:31:00+00:00,,,,,,,,0.7999999999999999,0.8,,1086.0,4,False
2026-04-05 17:31:30+00:00,,,,,,,,0.8,0.8,,1590.0,4,False
2026-04-05 17:32:00+00:00,,,,,,,,0.8,0.8,,0.0,0,False
2026-04-05 17:32:30+00:00,,,,,,,,0.8,0.8,,1152.0,4,False
2026-04-05 17:33:00+00:00,,,,,,,,0.79,0.79,,1305.0,2,False
2026-04-05 17:33:30+00:00,,,,,,,,0.79,0.79,,0.0,0,False
2026-04-05 17:34:00+00:00,,,,,,,,0.79,0.79,,0.0,0,False
2026-04-05 17:34:30+00:00,,,,,,,,0.7997113163972286,0.8,,866.0,3,False
2026-04-05 17:35:00+00:00,,,,,,,,0.7900000000000001,0.79,,90.0,1,False
2026-04-05 17:35:30+00:00,,,,,,,,0.7932867132867134,0.79,,286.0,5,False
2026-04-05 17:36:00+00:00,,,,,,,,0.7986387434554975,0.8,,382.0,6,False
2026-04-05 17:36:30+00:00,,,,,,,,0.8,0.8,,37.0,3,False
2026-04-05 17:37:00+00:00,,,,,,,,0.8,0.8,,196.0,2,False
2026-04-05 17:37:30+00:00,,,,,,,,0.7992156862745099,0.79,,51.0,2,False
2026-04-05 17:38:00+00:00,,,,,,,,0.7997153700189754,0.8,,3162.0,5,False
2026-04-05 17:38:30+00:00,,,,,,,,0.7902479338842976,0.79,,484.0,3,False
2026-04-05 17:39:00+00:00,,,,,,,,0.8,0.8,,127.0,2,False
2026-04-05 17:39:30+00:00,,,,,,,,0.7934090909090908,0.8,,176.0,3,False
2026-04-05 17:40:00+00:00,,,,,,,,0.798,0.79,,75.0,2,False
2026-04-05 17:40:30+00:00,,,,,,,,0.7938235294117648,0.79,,34.0,3,False
2026-04-05 17:41:00+00:00,,,,,,,,0.7986811023622048,0.79,,508.0,3,False
2026-04-05 17:41:30+00:00,,,,,,,,0.7994219653179191,0.8,,346.0,2,False
2026-04-05 17:42:00+00:00,,,,,,,,0.7998393574297189,0.8,,249.0,5,False
2026-04-05 17:42:30+00:00,,,,,,,,0.793969512195122,0.8,,1640.0,6,False
2026-04-05 17:43:00+00:00,,,,,,,,0.8,0.8,,1.0,1,False
2026-04-05 17:43:30+00:00,,,,,,,,0.8000000000000002,0.8,,15.0,2,False
2026-04-05 17:44:00+00:00,,,,,,,,0.7997794117647059,0.8,,136.0,6,False
2026-04-05 17:44:30+00:00,,,,,,,,0.7998199474003642,0.8,,4943.0,9,False
2026-04-05 17:45:00+00:00,,,,,,,,0.8,0.8,,4.0,1,False
2026-04-05 17:45:30+00:00,,,,,,,,0.8,0.8,,60.0,3,False
2026-04-05 17:46:00+00:00,,,,,,,,0.7905454545454547,0.8,,550.0,6,False
2026-04-05 17:46:30+00:00,,,,,,,,0.79,0.79,,9.0,1,False
2026-04-05 17:47:00+00:00,,,,,,,,0.7998915630785507,0.8,,3781.0,3,False
2026-04-05 17:47:30+00:00,,,,,,,,0.7999999999999999,0.8,,1957.0,3,False
2026-04-05 17:48:00+00:00,,,,,,,,0.79,0.79,,40.0,1,False
2026-04-05 17:48:30+00:00,,,,,,,,0.8,0.8,,10255.0,5,False
2026-04-05 17:49:00+00:00,,,,,,,,0.7955668016194333,0.79,,494.0,4,False
2026-04-05 17:49:30+00:00,,,,,,,,0.7983916083916084,0.8,,858.0,4,False
2026-04-05 17:50:00+00:00,,,,,,,,0.8,0.8,,2758.0,4,False
2026-04-05 17:50:30+00:00,,,,,,,,0.7999999999999999,0.8,,136.0,3,False
2026-04-05 17:51:00+00:00,,,,,,,,0.7986122881355933,0.79,,2832.0,5,False
2026-04-05 17:51:30+00:00,,,,,,,,0.8,0.8,,201.0,3,False
2026-04-05 17:52:00+00:00,,,,,,,,0.7899999999999999,0.79,,710.0,2,False
2026-04-05 17:52:30+00:00,,,,,,,,0.8,0.8,,426.0,1,False
2026-04-05 17:53:00+00:00,,,,,,,,0.7968085106382979,0.79,,47.0,3,False
2026-04-05 17:53:30+00:00,,,,,,,,0.8,0.8,,1917.0,2,False
2026-04-05 17:54:00+00:00,,,,,,,,0.7997608926673752,0.79,,3764.0,2,False
2026-04-05 17:54:30+00:00,,,,,,,,0.8,0.8,,20.0,2,False
2026-04-05 17:55:00+00:00,,,,,,,,0.8,0.8,,967.0,5,False
2026-04-05 17:55:30+00:00,,,,,,,,0.8,0.8,,0.0,0,False
2026-04-05 17:56:00+00:00,,,,,,,,0.7912130177514792,0.79,,1014.0,3,False
2026-04-05 17:56:30+00:00,,,,,,,,0.7912130177514792,0.79,,0.0,0,False
2026-04-05 17:57:00+00:00,,,,,,,,0.799,0.79,,10.0,2,False
2026-04-05 17:57:30+00:00,,,,,,,,0.7964631043256999,0.79,,786.0,7,False
2026-04-05 17:58:00+00:00,,,,,,,,0.7992204770215241,0.8,,3438.0,10,False
2026-04-05 17:58:30+00:00,,,,,,,,0.7999340478153341,0.8,,1213.0,4,False
2026-04-05 17:59:00+00:00,,,,,,,,0.7907317073170732,0.79,,82.0,3,False
2026-04-05 17:59:30+00:00,,,,,,,,0.8000000000000002,0.8,,6.0,1,False
2026-04-05 18:00:00+00:00,,,,,,,,0.7976684636118598,0.8,,742.0,3,False
2026-04-05 18:00:30+00:00,,,,,,,,0.8000000000000002,0.8,,12.0,1,False
2026-04-05 18:01:00+00:00,,,,,,,,0.8000000000000002,0.8,,0.0,0,False
2026-04-05 18:01:30+00:00,,,,,,,,0.790863309352518,0.79,,139.0,4,False
2026-04-05 18:02:00+00:00,,,,,,,,0.7999999999999999,0.8,,591.0,3,False
2026-04-05 18:02:30+00:00,,,,,,,,0.7906976744186046,0.79,,43.0,3,False
2026-04-05 18:03:00+00:00,,,,,,,,0.7994326241134752,0.79,,141.0,3,False
2026-04-05 18:03:30+00:00,,,,,,,,0.8000000000000002,0.8,,30.0,3,False
2026-04-05 18:04:00+00:00,,,,,,,,0.8,0.8,,3695.0,5,False
2026-04-05 18:04:30+00:00,,,,,,,,0.7915384615384615,0.79,,26.0,4,False
2026-04-05 18:05:00+00:00,,,,,,,,0.7998265741728924,0.8,,3748.0,3,False
2026-04-05 18:05:30+00:00,,,,,,,,0.8,0.8,,950.0,1,False
2026-04-05 18:06:00+00:00,,,,,,,,0.7997431421446385,0.8,,4010.0,3,False
2026-04-05 18:06:30+00:00,,,,,,,,0.7999403747870528,0.8,,1174.0,6,False
2026-04-05 18:07:00+00:00,,,,,,,,0.7921031746031747,0.79,,756.0,8,False
2026-04-05 18:07:30+00:00,,,,,,,,0.8,0.8,,83.0,3,False
2026-04-05 18:08:00+00:00,,,,,,,,0.7988625097834594,0.8,,3833.0,5,False
2026-04-05 18:08:30+00:00,,,,,,,,0.8,0.8,,1.0,1,False
2026-04-05 18:09:00+00:00,,,,,,,,0.7925714285714286,0.8,,245.0,5,False
2026-04-05 18:09:30+00:00,,,,,,,,0.8,0.8,,14.0,2,False
2026-04-05 18:10:00+00:00,,,,,,,,0.7900487920980602,0.8,,25209.0,3,False
2026-04-05 18:10:30+00:00,,,,,,,,0.7901772032533102,0.8,,25451.0,5,False
2026-04-05 18:11:00+00:00,,,,,,,,0.7998009950248757,0.8,,402.0,2,False
2026-04-05 18:11:30+00:00,,,,,,,,0.8,0.8,,121.0,2,False
2026-04-05 18:12:00+00:00,,,,,,,,0.7991394658753709,0.79,,337.0,4,False
2026-04-05 18:12:30+00:00,,,,,,,,0.7929082774049218,0.8,,447.0,4,False
2026-04-05 18:13:00+00:00,,,,,,,,0.7992204301075269,0.8,,1488.0,7,False
2026-04-05 18:13:30+00:00,,,,,,,,0.7899999999999999,0.79,,663.0,2,False
2026-04-05 18:14:00+00:00,,,,,,,,0.8,0.8,,300.0,6,False
2026-04-05 18:14:30+00:00,,,,,,,,0.8000000000000002,0.8,,6.0,1,False
2026-04-05 18:15:00+00:00,,,,,,,,0.7921259842519686,0.8,,127.0,4,False
2026-04-05 18:15:30+00:00,,,,,,,,0.8,0.8,,559.0,4,False
2026-04-05 18:16:00+00:00,,,,,,,,0.8000000000000002,0.8,,18.0,2,False
2026-04-05 18:16:30+00:00,,,,,,,,0.7938636363636363,0.8,,176.0,4,False
2026-04-05 18:17:00+00:00,,,,,,,,0.8,0.8,,80.0,1,False
2026-04-05 18:17:30+00:00,,,,,,,,0.7961016949152542,0.79,,59.0,4,False
2026-04-05 18:18:00+00:00,,,,,,,,0.7900571428571428,0.8,,1050.0,3,False
2026-04-05 18:18:30+00:00,,,,,,,,0.8,0.8,,127.0,2,False
2026-04-05 18:19:00+00:00,,,,,,,,0.7991785714285715,0.8,,280.0,6,False
2026-04-05 18:19:30+00:00,,,,,,,,0.7998453147353363,0.79,,11184.0,6,False
2026-04-05 18:20:00+00:00,,,,,,,,0.8,0.8,,257.0,2,False
2026-04-05 18:20:30+00:00,,,,,,,,0.7918200408997955,0.8,,489.0,4,False
2026-04-05 18:21:00+00:00,,,,,,,,0.8000000000000002,0.8,,178.0,4,False
2026-04-05 18:21:30+00:00,,,,,,,,0.7902269970542368,0.8,,11542.0,4,False
2026-04-05 18:22:00+00:00,,,,,,,,0.7997359888837424,0.79,,2159.0,4,False
2026-04-05 18:22:30+00:00,,,,,,,,0.7934666666666668,0.8,,75.0,5,False
2026-04-05 18:23:00+00:00,,,,,,,,0.7934666666666668,0.8,,0.0,0,False
2026-04-05 18:23:30+00:00,,,,,,,,0.8,0.8,,16.0,2,False
2026-04-05 18:24:00+00:00,,,,,,,,0.795336787564767,0.8,,193.0,3,False
2026-04-05 18:24:30+00:00,,,,,,,,0.799993615662907,0.8,,14097.0,8,False
2026-04-05 18:25:00+00:00,,,,,,,,0.7900000000000001,0.79,,247.0,3,False
2026-04-05 18:25:30+00:00,,,,,,,,0.796,0.8,,20.0,2,False
2026-04-05 18:26:00+00:00,,,,,,,,0.7962406015037594,0.8,,133.0,6,False
2026-04-05 18:26:30+00:00,,,,,,,,0.7999999999999999,0.8,,4282.0,5,False
2026-04-05 18:27:00+00:00,,,,,,,,0.8,0.8,,2.0,1,False
2026-04-05 18:27:30+00:00,,,,,,,,0.8,0.8,,585.0,2,False
2026-04-05 18:28:00+00:00,,,,,,,,0.8,0.8,,174.0,2,False
2026-04-05 18:28:30+00:00,,,,,,,,0.7985074626865671,0.8,,1541.0,5,False
2026-04-05 18:29:00+00:00,,,,,,,,0.8,0.8,,60.0,2,False
2026-04-05 18:29:30+00:00,,,,,,,,0.7995808383233532,0.8,,167.0,5,False
2026-04-05 18:30:00+00:00,,,,,,,,0.791150442477876,0.8,,678.0,3,False
2026-04-05 18:30:30+00:00,,,,,,,,0.7972486772486773,0.8,,189.0,9,False
2026-04-05 18:31:00+00:00,,,,,,,,0.8,0.8,,65.0,3,False
2026-04-05 18:31:30+00:00,,,,,,,,0.7999738619037248,0.8,,4591.0,6,False
2026-04-05 18:32:00+00:00,,,,,,,,0.7905313588850174,0.79,,1148.0,3,False
2026-04-05 18:32:30+00:00,,,,,,,,0.8000000000000002,0.8,,26.0,2,False
2026-04-05 18:33:00+00:00,,,,,,,,0.7900917431192661,0.8,,109.0,2,False
2026-04-05 18:33:30+00:00,,,,,,,,0.7934591194968553,0.8,,159.0,3,False
2026-04-05 18:34:00+00:00,,,,,,,,0.7999999999999999,0.8,,792.0,5,False
2026-04-05 18:34:30+00:00,,,,,,,,0.7995763459841131,0.79,,5665.0,10,False
2026-04-05 18:35:00+00:00,,,,,,,,0.799904761904762,0.79,,105.0,4,False
2026-04-05 18:35:30+00:00,,,,,,,,0.7997824987354578,0.8,,1977.0,4,False
2026-04-05 18:36:00+00:00,,,,,,,,0.791948051948052,0.79,,154.0,3,False
2026-04-05 18:36:30+00:00,,,,,,,,0.7998410922112803,0.8,,8936.0,8,False
2026-04-05 18:37:00+00:00,,,,,,,,0.7979545454545456,0.79,,44.0,3,False
2026-04-05 18:37:30+00:00,,,,,,,,0.8,0.8,,9.0,1,False
2026-04-05 18:38:00+00:00,,,,,,,,0.7998601398601399,0.79,,286.0,5,False
2026-04-05 18:38:30+00:00,,,,,,,,0.7990041493775933,0.79,,241.0,4,False
2026-04-05 18:39:00+00:00,,,,,,,,0.7990041493775933,0.79,,0.0,0,False
2026-04-05 18:39:30+00:00,,,,,,,,0.7994951233505452,0.79,,1743.0,6,False
2026-04-05 18:40:00+00:00,,,,,,,,0.7950375939849624,0.79,,133.0,5,False
2026-04-05 18:40:30+00:00,,,,,,,,0.8000000000000002,0.8,,1676.0,4,False
2026-04-05 18:41:00+00:00,,,,,,,,0.7931,0.79,,200.0,7,False
2026-04-05 18:41:30+00:00,,,,,,,,0.7931,0.79,,0.0,0,False
2026-04-05 18:42:00+00:00,,,,,,,,0.7991154625253207,0.79,,1481.0,6,False
2026-04-05 18:42:30+00:00,,,,,,,,0.8,0.8,,191.0,4,False
2026-04-05 18:43:00+00:00,,,,,,,,0.8,0.8,,0.0,0,False
2026-04-05 18:43:30+00:00,,,,,,,,0.7938300653594771,0.79,,765.0,6,False
2026-04-05 18:44:00+00:00,,,,,,,,0.795933734939759,0.79,,664.0,7,False
2026-04-05 18:44:30+00:00,,,,,,,,0.8,0.8,,1116.0,7,False
2026-04-05 18:45:00+00:00,,,,,,,,0.8000000000000002,0.8,,308.0,3,False
2026-04-05 18:45:30+00:00,,,,,,,,0.7978474784747848,0.79,,2439.0,4,False
2026-04-05 18:46:00+00:00,,,,,,,,0.7998828696925329,0.8,,683.0,4,False
2026-04-05 18:46:30+00:00,,,,,,,,0.7994444444444444,0.79,,1170.0,5,False
2026-04-05 18:47:00+00:00,,,,,,,,0.7911060606060606,0.8,,660.0,5,False
2026-04-05 18:47:30+00:00,,,,,,,,0.7997791164658634,0.8,,996.0,6,False
2026-04-05 18:48:00+00:00,,,,,,,,0.7930555555555556,0.79,,36.0,2,False
2026-04-05 18:48:30+00:00,,,,,,,,0.7977235772357724,0.79,,492.0,5,False
2026-04-05 18:49:00+00:00,,,,,,,,0.8000000000000002,0.8,,18.0,2,False
2026-04-05 18:49:30+00:00,,,,,,,,0.790739299610895,0.8,,514.0,5,False
2026-04-05 18:50:00+00:00,,,,,,,,0.7901361779391739,0.79,,2203.0,3,False
2026-04-05 18:50:30+00:00,,,,,,,,0.7999924420557608,0.79,,11908.0,6,False
2026-04-05 18:51:00+00:00,,,,,,,,0.79,0.79,,249.0,3,False
2026-04-05 18:51:30+00:00,,,,,,,,0.7935321100917432,0.79,,1744.0,7,False
2026-04-05 18:52:00+00:00,,,,,,,,0.8000000000000002,0.8,,6.0,1,False
2026-04-05 18:52:30+00:00,,,,,,,,0.7989621318373072,0.8,,713.0,7,False
2026-04-05 18:53:00+00:00,,,,,,,,0.7997318235995234,0.8,,1678.0,7,False
2026-04-05 18:53:30+00:00,,,,,,,,0.7974924471299094,0.79,,331.0,5,False
2026-04-05 18:54:00+00:00,,,,,,,,0.7981564245810057,0.8,,179.0,6,False
2026-04-05 18:54:30+00:00,,,,,,,,0.7997029702970299,0.79,,404.0,4,False
2026-04-05 18:55:00+00:00,,,,,,,,0.8000000000000002,0.8,,6.0,1,False
2026-04-05 18:55:30+00:00,,,,,,,,0.8,0.8,,3671.0,3,False
2026-04-05 18:56:00+00:00,,,,,,,,0.7988829787234042,0.8,,564.0,4,False
2026-04-05 18:56:30+00:00,,,,,,,,0.7999486521181002,0.79,,3895.0,7,False
2026-04-05 18:57:00+00:00,,,,,,,,0.7999999999999999,0.8,,4687.0,5,False
2026-04-05 18:57:30+00:00,,,,,,,,0.799679186228482,0.79,,1278.0,3,False
2026-04-05 18:58:00+00:00,,,,,,,,0.7990304347826087,0.79,,2300.0,8,False
2026-04-05 18:58:30+00:00,,,,,,,,0.7979473684210527,0.8,,190.0,6,False
2026-04-05 18:59:00+00:00,,,,,,,,0.7993653032440057,0.79,,709.0,10,False
2026-04-05 18:59:30+00:00,,,,,,,,0.7996126255380201,0.8,,1394.0,9,False
2026-04-05 19:00:00+00:00,,,,,,,,0.7900114942528735,0.79,,870.0,2,False
2026-04-05 19:00:30+00:00,,,,,,,,0.8,0.8,,56.0,2,False
2026-04-05 19:01:00+00:00,,,,,,,,0.7992647058823531,0.79,,136.0,7,False
2026-04-05 19:01:30+00:00,,,,,,,,0.7906818181818183,0.79,,132.0,6,False
2026-04-05 19:02:00+00:00,,,,,,,,0.7987217514124294,0.8,,1416.0,4,False
2026-04-05 19:02:30+00:00,,,,,,,,0.7945000000000002,0.79,,460.0,9,False
2026-04-05 19:03:00+00:00,,,,,,,,0.7953852518357639,0.79,,9669.0,13,False
2026-04-05 19:03:30+00:00,,,,,,,,0.7998570372196205,0.8,,4057.0,9,False
2026-04-05 19:04:00+00:00,,,,,,,,0.8,0.8,,548.0,1,False
2026-04-05 19:04:30+00:00,,,,,,,,0.7999424585876199,0.8,,5735.0,10,False
2026-04-05 19:05:00+00:00,,,,,,,,0.7993256911665544,0.8,,1483.0,7,False
2026-04-05 19:05:30+00:00,,,,,,,,0.7993214285714286,0.8,,280.0,6,False
2026-04-05 19:06:00+00:00,,,,,,,,0.7946800731261427,0.79,,547.0,7,False
2026-04-05 19:06:30+00:00,,,,,,,,0.7953582838886354,0.79,,2191.0,13,False
2026-04-05 19:07:00+00:00,,,,,,,,0.7979091330551693,0.8,,2157.0,5,False
2026-04-05 19:07:30+00:00,,,,,,,,0.7912430939226519,0.79,,362.0,5,False
2026-04-05 19:08:00+00:00,,,,,,,,0.7991735537190084,0.79,,242.0,7,False
2026-04-05 19:08:30+00:00,,,,,,,,0.7984309392265194,0.8,,905.0,8,False
2026-04-05 19:09:00+00:00,,,,,,,,0.7917293233082707,0.8,,266.0,5,False
2026-04-05 19:09:30+00:00,,,,,,,,0.7903378378378378,0.79,,148.0,3,False
2026-04-05 19:10:00+00:00,,,,,,,,0.7995334685598378,0.79,,986.0,6,False
2026-04-05 19:10:30+00:00,,,,,,,,0.793918918918919,0.8,,148.0,4,False
2026-04-05 19:11:00+00:00,,,,,,,,0.7919797421731124,0.8,,1086.0,7,False
2026-04-05 19:11:30+00:00,,,,,,,,0.7998170731707318,0.79,,492.0,6,False
2026-04-05 19:12:00+00:00,,,,,,,,0.7911081794195252,0.79,,379.0,4,False
2026-04-05 19:12:30+00:00,,,,,,,,0.7982714521452146,0.8,,2424.0,6,False
2026-04-05 19:13:00+00:00,,,,,,,,0.7997392114250232,0.8,,3221.0,6,False
2026-04-05 19:13:30+00:00,,,,,,,,0.7902839116719245,0.79,,634.0,6,False
2026-04-05 19:14:00+00:00,,,,,,,,0.7932284263959393,0.8,,985.0,7,False
2026-04-05 19:14:30+00:00,,,,,,,,0.7977896303646739,0.8,,4031.0,6,False
2026-04-05 19:15:00+00:00,,,,,,,,0.7991472868217054,0.79,,1419.0,12,False
2026-04-05 19:15:30+00:00,,,,,,,,0.7920278184480235,0.79,,1366.0,6,False
2026-04-05 19:16:00+00:00,,,,,,,,0.7996809986130373,0.8,,721.0,9,False
2026-04-05 19:16:30+00:00,,,,,,,,0.7983431257344301,0.79,,5106.0,8,False
2026-04-05 19:17:00+00:00,,,,,,,,0.7998263386396528,0.8,,13129.0,14,False
2026-04-05 19:17:30+00:00,,,,,,,,0.7992852280462901,0.8,,1469.0,8,False
2026-04-05 19:18:00+00:00,,,,,,,,0.7996273291925466,0.8,,4669.0,8,False
2026-04-05 19:18:30+00:00,,,,,,,,0.7998272624859183,0.79,,2663.0,6,False
2026-04-05 19:19:00+00:00,,,,,,,,0.7921883250220007,0.79,,3409.0,7,False
2026-04-05 19:19:30+00:00,,,,,,,,0.799131614654003,0.8,,1474.0,9,False
2026-04-05 19:20:00+00:00,,,,,,,,0.7999840570907987,0.8,,13172.0,9,False
2026-04-05 19:20:30+00:00,,,,,,,,0.799744150593226,0.8,,30174.0,16,False
2026-04-05 19:21:00+00:00,,,,,,,,0.7999508540122463,0.79,,12412.0,8,False
2026-04-05 19:21:30+00:00,,,,,,,,0.792029598308668,0.8,,473.0,9,False
2026-04-05 19:22:00+00:00,,,,,,,,0.7966895537027956,0.8,,2039.0,8,False
2026-04-05 19:22:30+00:00,,,,,,,,0.7970706280948658,0.79,,3837.0,9,False
2026-04-05 19:23:00+00:00,,,,,,,,0.7934090909090908,0.8,,88.0,5,False
2026-04-05 19:23:30+00:00,,,,,,,,0.7917533953914239,0.79,,13106.0,20,False
2026-04-05 19:24:00+00:00,,,,,,,,0.7992203341425105,0.8,,7003.0,10,False
2026-04-05 19:24:30+00:00,,,,,,,,0.794054794520548,0.8,,730.0,9,False
2026-04-05 19:25:00+00:00,,,,,,,,0.7971428571428572,0.79,,77.0,5,False
2026-04-05 19:25:30+00:00,,,,,,,,0.7920642201834863,0.8,,1090.0,9,False
2026-04-05 19:26:00+00:00,,,,,,,,0.7994951860525631,0.8,,3843.0,8,False
2026-04-05 19:26:30+00:00,,,,,,,,0.7900306126081231,0.8,,28093.0,7,False
2026-04-05 19:27:00+00:00,,,,,,,,0.7986069651741292,0.79,,804.0,9,False
2026-04-05 19:27:30+00:00,,,,,,,,0.7964585365853658,0.8,,1025.0,10,False
2026-04-05 19:28:00+00:00,,,,,,,,0.7985996458248196,0.8,,7341.0,9,False
2026-04-05 19:28:30+00:00,,,,,,,,0.7956378600823046,0.8,,1701.0,12,False
2026-04-05 19:29:00+00:00,,,,,,,,0.7954471544715447,0.79,,1230.0,10,False
2026-04-05 19:29:30+00:00,,,,,,,,0.7995542799257134,0.8,,5923.0,17,False
2026-04-05 19:30:00+00:00,,,,,,,,0.7994523286028382,0.8,,5003.0,22,False
2026-04-05 19:30:30+00:00,,,,,,,,0.7945118110236221,0.8,,3810.0,15,False
2026-04-05 19:31:00+00:00,,,,,,,,0.7981827111984283,0.8,,3054.0,6,False
2026-04-05 19:31:30+00:00,,,,,,,,0.7979884318766067,0.8,,4668.0,14,False
2026-04-05 19:32:00+00:00,,,,,,,,0.7929740061162079,0.8,,1308.0,9,False
2026-04-05 19:32:30+00:00,,,,,,,,0.7997989766081872,0.79,,27360.0,15,False
2026-04-05 19:33:00+00:00,,,,,,,,0.7997112740604949,0.8,,13092.0,15,False
2026-04-05 19:33:30+00:00,,,,,,,,0.7999367088607593,0.79,,1422.0,7,False
2026-04-05 19:34:00+00:00,,,,,,,,0.7965909090909091,0.79,,924.0,2,False
2026-04-05 19:34:30+00:00,,,,,,,,0.7965555555555556,0.8,,1890.0,12,False
2026-04-05 19:35:00+00:00,,,,,,,,0.7998171332114223,0.79,,7109.0,7,False
2026-04-05 19:35:30+00:00,,,,,,,,0.7915797788309638,0.79,,633.0,5,False
2026-04-05 19:36:00+00:00,,,,,,,,0.7985196607555899,0.8,,2594.0,12,False
2026-04-05 19:36:30+00:00,,,,,,,,0.7991882352941175,0.8,,850.0,5,False
2026-04-05 19:37:00+00:00,,,,,,,,0.7985791715060008,0.79,,2583.0,10,False
2026-04-05 19:37:30+00:00,,,,,,,,0.797816091954023,0.8,,609.0,5,False
2026-04-05 19:38:00+00:00,,,,,,,,0.797085020242915,0.79,,2223.0,11,False
2026-04-05 19:38:30+00:00,,,,,,,,0.7969076133447393,0.8,,2338.0,13,False
2026-04-05 19:39:00+00:00,,,,,,,,0.7996747114375657,0.8,,2859.0,13,False
2026-04-05 19:39:30+00:00,,,,,,,,0.7967737948084054,0.8,,809.0,7,False
2026-04-05 19:40:00+00:00,,,,,,,,0.7950909090909092,0.79,,110.0,4,False
2026-04-05 19:40:30+00:00,,,,,,,,0.7988585209003215,0.8,,622.0,9,False
2026-04-05 19:41:00+00:00,,,,,,,,0.7991922563417891,0.8,,4494.0,19,False
2026-04-05 19:41:30+00:00,,,,,,,,0.7995283018867925,0.8,,106.0,7,False
2026-04-05 19:42:00+00:00,,,,,,,,0.7987273167190901,0.8,,4133.0,18,False
2026-04-05 19:42:30+00:00,25.0,1.0,11:35,2.0,0.0,2.0,0.725,0.799118013972056,0.79,0.07411801397205597,8016.0,35,False
2026-04-05 19:43:00+00:00,34.0,1.0,11:26,2.0,0.0,2.0,0.724,0.8000351622105752,0.81,0.07603516221057527,15073.0,52,False
2026-04-05 19:43:30+00:00,53.0,1.0,11:07,4.0,0.0,4.0,0.76,0.83078278451762,0.84,0.07078278451761999,24234.0,57,False
2026-04-05 19:44:00+00:00,88.0,1.0,10:32,4.0,2.0,2.0,0.742,0.8340378941847504,0.83,0.09203789418475039,15253.0,44,False
2026-04-05 19:44:30+00:00,122.0,1.0,9:58,6.0,2.0,4.0,0.775,0.8462498201870056,0.85,0.07124982018700554,20855.0,56,False
2026-04-05 19:45:00+00:00,143.0,1.0,9:37,6.0,2.0,4.0,0.778,0.8485238308680713,0.85,0.07052383086807124,13386.0,37,True
2026-04-05 19:45:30+00:00,151.0,1.0,9:29,8.0,2.0,6.0,0.797,0.8572588353537218,0.86,0.060258835353721785,48753.0,38,True
2026-04-05 19:46:00+00:00,172.0,1.0,9:08,10.0,2.0,8.0,0.796,0.8599083071027781,0.86,0.06390830710277806,14614.0,40,True
2026-04-05 19:46:30+00:00,172.0,1.0,9:08,10.0,2.0,8.0,0.796,0.8594599855803893,0.85,0.06345998558038923,55480.0,34,True
2026-04-05 19:47:00+00:00,172.0,1.0,9:08,10.0,2.0,8.0,0.796,0.859151541731327,0.86,0.06315154173132698,59284.0,39,False
2026-04-05 19:47:30+00:00,172.0,1.0,9:08,10.0,2.0,8.0,0.796,0.8585061834210849,0.86,0.06250618342108483,8167.0,24,False
2026-04-05 19:48:00+00:00,172.0,1.0,9:08,10.0,2.0,8.0,0.796,0.8595040189989039,0.86,0.0635040189989039,21896.0,32,False
2026-04-05 19:48:30+00:00,172.0,1.0,9:08,10.0,2.0,8.0,0.796,0.8549066427289048,0.86,0.05890664272890478,5570.0,30,False
2026-04-05 19:49:00+00:00,193.0,1.0,8:47,10.0,4.0,6.0,0.813,0.8628844708615153,0.86,0.04988447086151537,29274.0,41,False
2026-04-05 19:49:30+00:00,226.0,1.0,8:14,12.0,7.0,5.0,0.796,0.8608584335907965,0.84,0.06485843359079646,208962.0,40,False
2026-04-05 19:50:00+00:00,226.0,1.0,8:14,12.0,7.0,5.0,0.796,0.8470757398428355,0.84,0.05107573984283542,5981.0,28,False
2026-04-05 19:50:30+00:00,226.0,1.0,8:14,12.0,7.0,5.0,0.796,0.8348747830399207,0.81,0.038874783039920646,72594.0,75,False
2026-04-05 19:51:00+00:00,250.0,1.0,7:50,12.0,9.0,3.0,0.724,0.7986599011189174,0.81,0.0746599011189174,3843.0,23,False
2026-04-05 19:51:30+00:00,250.0,1.0,7:50,12.0,10.0,2.0,0.74,0.8036372665872069,0.79,0.06363726658720692,15102.0,35,False
2026-04-05 19:52:00+00:00,250.0,1.0,7:50,12.0,10.0,2.0,0.74,0.796255740021194,0.8,0.056255740021194045,5662.0,33,False
2026-04-05 19:52:30+00:00,281.0,1.0,7:19,12.0,10.0,2.0,0.739,0.7840651404636383,0.78,0.0450651404636383,13847.0,66,False
2026-04-05 19:53:00+00:00,291.0,1.0,7:09,12.0,12.0,0.0,0.696,0.7692530699030055,0.81,0.07325306990300551,83716.0,65,False
2026-04-05 19:53:30+00:00,333.0,1.0,6:27,15.0,12.0,3.0,0.758,0.8102743614001893,0.8200000000000001,0.05227436140018926,6342.0,43,False
2026-04-05 19:54:00+00:00,370.0,1.0,5:50,17.0,12.0,5.0,0.796,0.8278473830477071,0.82,0.03184738304770707,8636.0,32,False
2026-04-05 19:54:30+00:00,392.0,1.0,5:28,19.0,15.0,4.0,0.776,0.824143142286855,0.81,0.04814314228685501,10521.0,26,False
2026-04-05 19:55:00+00:00,402.0,1.0,5:18,19.0,15.0,4.0,0.776,0.8389614885331024,0.85,0.06296148853310235,2311.0,26,False
2026-04-05 19:55:30+00:00,423.0,1.0,4:57,22.0,15.0,7.0,0.812,0.8492154187276136,0.84,0.03721541872761358,5863.0,33,False
2026-04-05 19:56:00+00:00,433.0,1.0,4:47,22.0,15.0,7.0,0.831,0.8408570330514988,0.84,0.009857033051498876,5204.0,27,False
2026-04-05 19:56:30+00:00,446.0,1.0,4:34,22.0,15.0,7.0,0.785,0.8423896191439164,0.84,0.05738961914391638,5934.0,26,False
2026-04-05 19:57:00+00:00,446.0,1.0,4:34,22.0,16.0,6.0,0.781,0.8423340248962655,0.84,0.06133402489626549,964.0,19,False
2026-04-05 19:57:30+00:00,472.0,1.0,4:08,22.0,17.0,5.0,0.777,0.8338912310286678,0.83,0.05689123102866778,2372.0,20,False
2026-04-05 19:58:00+00:00,501.0,1.0,3:39,22.0,17.0,5.0,0.791,0.8279488158899925,0.83,0.03694881588999244,5236.0,24,False
2026-04-05 19:58:30+00:00,516.0,1.0,3:24,22.0,17.0,5.0,0.776,0.8210178359096315,0.8200000000000001,0.04501783590963149,4205.0,31,False
2026-04-05 19:59:00+00:00,531.0,1.0,3:09,22.0,17.0,5.0,0.761,0.818823080279232,0.81,0.057823080279232,9168.0,24,False
2026-04-05 19:59:30+00:00,531.0,1.0,3:09,22.0,18.0,4.0,0.739,0.8107307917888562,0.8,0.07173079178885622,8525.0,42,True
2026-04-05 20:00:00+00:00,549.0,1.0,2:51,22.0,19.0,3.0,0.733,0.7885525060930381,0.78,0.05555250609303808,9437.0,63,True
2026-04-05 20:00:30+00:00,553.0,1.0,2:47,22.0,21.0,1.0,0.713,0.7833045416550569,0.79,0.07030454165505695,7178.0,42,True
2026-04-05 20:01:00+00:00,553.0,1.0,2:47,22.0,21.0,1.0,0.713,0.7884916139675556,0.78,0.07549161396755566,18185.0,38,True
2026-04-05 20:01:30+00:00,553.0,1.0,2:47,22.0,21.0,1.0,0.713,0.7812015648286139,0.78,0.06820156482861395,16104.0,27,False
2026-04-05 20:02:00+00:00,553.0,1.0,2:47,22.0,21.0,1.0,0.713,0.7833338562911828,0.78,0.07033385629118283,6374.0,25,False
2026-04-05 20:02:30+00:00,553.0,1.0,2:47,22.0,21.0,1.0,0.713,0.781058064516129,0.79,0.06805806451612906,4650.0,21,False
2026-04-05 20:03:00+00:00,553.0,1.0,2:47,22.0,21.0,1.0,0.713,0.7730380344909049,0.76,0.060038034490904946,4233.0,48,False
2026-04-05 20:03:30+00:00,575.0,1.0,2:25,22.0,24.0,-2.0,0.636,0.7552197113635445,0.75,0.11921971136354448,24737.0,91,False
2026-04-05 20:04:00+00:00,616.0,1.0,1:44,22.0,24.0,-2.0,0.615,0.7532406962207905,0.76,0.1382406962207905,10399.0,82,False
2026-04-05 20:04:30+00:00,645.0,1.0,1:15,24.0,24.0,0.0,0.685,0.7619605325403798,0.77,0.07696053254037971,14797.0,56,False
2026-04-05 20:05:00+00:00,654.0,1.0,1:06,24.0,24.0,0.0,0.722,0.7646225513616818,0.76,0.042622551361681804,4186.0,31,False
2026-04-05 20:05:30+00:00,668.6,1.0,51.4,24.0,24.0,0.0,0.659,0.7608360436196672,0.77,0.10183604361966714,5227.0,60,False
2026-04-05 20:06:00+00:00,687.9,1.0,32.1,26.0,24.0,2.0,0.709,0.771890284757119,0.76,0.062890284757119,11940.0,35,False
2026-04-05 20:06:30+00:00,719.9,1.0,0.1,26.0,26.0,0.0,0.679,0.7680004604581557,0.77,0.08900046045815568,8687.0,39,False
2026-04-05 20:07:00+00:00,720.0,1.0,0.0,26.0,26.0,0.0,0.669,0.7615569510610654,0.76,0.09255695106106532,4618.0,38,False
2026-04-05 20:07:30+00:00,720.0,1.0,0.0,26.0,26.0,0.0,0.669,0.7616751740139212,0.77,0.09267517401392111,8620.0,25,False
2026-04-05 20:08:00+00:00,720.0,1.0,0.0,26.0,26.0,0.0,0.669,0.7673453177257527,0.77,0.09834531772575261,2392.0,25,False
2026-04-05 20:08:30+00:00,720.0,1.0,0.0,26.0,26.0,0.0,0.669,0.7652176585066065,0.76,0.09621765850660646,9763.0,25,False
2026-04-05 20:09:00+00:00,720.0,2.0,12:00,26.0,26.0,0.0,0.669,0.7662766201053356,0.77,0.09727662010533555,4367.0,26,False
2026-04-05 20:09:30+00:00,733.0,2.0,11:47,26.0,26.0,0.0,0.682,0.7598781014023732,0.74,0.07787810140237317,9270.0,46,False
2026-04-05 20:10:00+00:00,759.0,2.0,11:21,26.0,28.0,-2.0,0.627,0.7332153170119271,0.73,0.1062153170119271,15930.0,56,False
2026-04-05 20:10:30+00:00,769.0,2.0,11:11,26.0,28.0,-2.0,0.598,0.7421063982746225,0.76,0.14410639827462257,27820.0,62,False
2026-04-05 20:11:00+00:00,789.0,2.0,10:51,29.0,28.0,1.0,0.724,0.7736873259052925,0.78,0.04968732590529257,5744.0,36,False
2026-04-05 20:11:30+00:00,801.0,2.0,10:39,30.0,31.0,-1.0,0.655,0.7487753497877694,0.75,0.09377534978776936,6361.0,33,False
2026-04-05 20:12:00+00:00,827.0,2.0,10:13,30.0,31.0,-1.0,0.622,0.7378499552772809,0.74,0.11584995527728092,26832.0,66,True
2026-04-05 20:12:30+00:00,829.0,2.0,10:11,30.0,31.0,-1.0,0.625,0.722814838055703,0.69,0.09781483805570301,41434.0,65,True
2026-04-05 20:13:00+00:00,837.0,2.0,10:03,30.0,34.0,-4.0,0.567,0.7014406163686583,0.71,0.13444061636865834,6879.0,59,True
2026-04-05 20:13:30+00:00,837.0,2.0,10:03,30.0,34.0,-4.0,0.567,0.7050978508824589,0.71,0.13809785088245896,16658.0,60,True
2026-04-05 20:14:00+00:00,837.0,2.0,10:03,30.0,34.0,-4.0,0.567,0.7013533012680366,0.71,0.13435330126803668,9148.0,45,False
2026-04-05 20:14:30+00:00,837.0,2.0,10:03,30.0,34.0,-4.0,0.567,0.7051085141903171,0.7,0.1381085141903171,16173.0,53,False
2026-04-05 20:15:00+00:00,837.0,2.0,10:03,30.0,34.0,-4.0,0.567,0.7075108425168861,0.7,0.14051084251688617,14065.0,51,False
2026-04-05 20:15:30+00:00,837.0,2.0,10:03,30.0,34.0,-4.0,0.567,0.7035356542983663,0.7,0.13653565429836634,13098.0,49,False
2026-04-05 20:16:00+00:00,855.0,2.0,9:45,30.0,34.0,-4.0,0.534,0.7070057349833988,0.69,0.17300573498339877,9939.0,62,False
2026-04-05 20:16:30+00:00,881.0,2.0,9:19,30.0,34.0,-4.0,0.532,0.6623963898198227,0.66,0.1303963898198227,30137.0,114,False
2026-04-05 20:17:00+00:00,898.0,2.0,9:02,30.0,36.0,-6.0,0.47,0.6337028058182973,0.6,0.16370280581829733,50324.0,151,False
2026-04-05 20:17:30+00:00,917.0,2.0,8:43,30.0,38.0,-8.0,0.404,0.6077910636949403,0.61,0.20379106369494027,47335.0,155,False
2026-04-05 20:18:00+00:00,927.0,2.0,8:33,30.0,38.0,-8.0,0.427,0.6315601540570532,0.65,0.20456015405705325,15319.0,95,False
2026-04-05 20:18:30+00:00,956.0,2.0,8:04,30.0,38.0,-8.0,0.408,0.6394897486633268,0.65,0.23148974866332678,23753.0,121,False
2026-04-05 20:19:00+00:00,987.0,2.0,7:33,32.0,38.0,-6.0,0.495,0.6543718057253943,0.64,0.15937180572539433,31893.0,115,False
2026-04-05 20:19:30+00:00,1006.0,2.0,7:14,32.0,38.0,-6.0,0.46,0.6402015896786085,0.65,0.1802015896786085,17362.0,79,False
2026-04-05 20:20:00+00:00,1015.0,2.0,7:05,32.0,38.0,-6.0,0.492,0.6719983370288249,0.68,0.17999833702882495,10824.0,76,False
2026-04-05 20:20:30+00:00,1039.0,2.0,6:41,34.0,38.0,-4.0,0.522,0.6799410153102338,0.69,0.15794101531023375,31025.0,85,False
2026-04-05 20:21:00+00:00,1048.0,2.0,6:32,34.0,38.0,-4.0,0.553,0.6976652213900933,0.71,0.1446652213900933,7611.0,64,True
2026-04-05 20:21:30+00:00,1067.0,2.0,6:13,36.0,38.0,-2.0,0.58,0.7156946334824033,0.72,0.1356946334824033,20572.0,76,True
2026-04-05 20:22:00+00:00,1073.0,2.0,6:07,36.0,38.0,-2.0,0.58,0.7083264579036189,0.71,0.12832645790361896,10666.0,48,True
2026-04-05 20:22:30+00:00,1073.0,2.0,6:07,36.0,38.0,-2.0,0.58,0.7042214734659495,0.7,0.12422147346594958,15433.0,43,True
2026-04-05 20:23:00+00:00,1073.0,2.0,6:07,36.0,38.0,-2.0,0.58,0.7011049723756907,0.7,0.12110497237569073,30951.0,54,False
2026-04-05 20:23:30+00:00,1073.0,2.0,6:07,36.0,38.0,-2.0,0.58,0.7050941671237886,0.7,0.12509416712378862,5469.0,32,False
2026-04-05 20:24:00+00:00,1073.0,2.0,6:07,36.0,38.0,-2.0,0.58,0.7095015259409968,0.7,0.12950152594099684,2949.0,35,False
2026-04-05 20:24:30+00:00,1073.0,2.0,6:07,36.0,38.0,-2.0,0.58,0.7028278388278387,0.7,0.12282783882783876,2730.0,33,False
2026-04-05 20:25:00+00:00,1087.0,2.0,5:53,36.0,38.0,-2.0,0.58,0.7042160507325607,0.72,0.1242160507325607,4573.0,48,False
2026-04-05 20:25:30+00:00,1103.0,2.0,5:37,36.0,38.0,-2.0,0.612,0.7108792995622263,0.71,0.0988792995622263,7995.0,48,False
2026-04-05 20:26:00+00:00,1117.0,2.0,5:23,36.0,38.0,-2.0,0.577,0.7092009871972852,0.7,0.13220098719728524,12966.0,48,False
2026-04-05 20:26:30+00:00,1137.0,2.0,5:03,36.0,38.0,-2.0,0.53,0.7140266674897373,0.73,0.18402666748973728,64798.0,74,False
2026-04-05 20:27:00+00:00,1149.0,2.0,4:51,36.0,38.0,-2.0,0.608,0.7172597402597403,0.7,0.10925974025974028,2310.0,41,False
2026-04-05 20:27:30+00:00,1166.0,2.0,4:34,36.0,38.0,-2.0,0.608,0.7150074294205051,0.72,0.10700742942050512,2692.0,33,False
2026-04-05 20:28:00+00:00,1166.0,2.0,4:34,36.0,38.0,-2.0,0.608,0.7275287187039766,0.71,0.11952871870397663,3395.0,37,False
2026-04-05 20:28:30+00:00,1195.0,2.0,4:05,38.0,40.0,-2.0,0.606,0.7260280842527582,0.71,0.12002808425275824,2991.0,45,False
2026-04-05 20:29:00+00:00,1231.0,2.0,3:29,40.0,42.0,-2.0,0.603,0.7144306506849314,0.71,0.11143065068493141,9344.0,55,False
2026-04-05 20:29:30+00:00,1247.0,2.0,3:13,40.0,42.0,-2.0,0.65,0.7218874312314854,0.72,0.07188743123148533,4726.0,49,False
2026-04-05 20:30:00+00:00,1247.0,2.0,3:13,41.0,42.0,-1.0,0.657,0.7286932707355241,0.72,0.07169327073552412,8946.0,45,False
2026-04-05 20:30:30+00:00,1261.0,2.0,2:59,42.0,42.0,0.0,0.656,0.7656520609629371,0.78,0.10965206096293711,11548.0,59,False
2026-04-05 20:31:00+00:00,1274.0,2.0,2:46,45.0,42.0,3.0,0.72,0.780334495136035,0.78,0.06033449513603506,19223.0,72,False
2026-04-05 20:31:30+00:00,1307.0,2.0,2:13,47.0,44.0,3.0,0.72,0.7741926985321793,0.77,0.05419269853217934,7971.0,52,False
2026-04-05 20:32:00+00:00,1349.0,2.0,1:31,49.0,46.0,3.0,0.719,0.7931670378619154,0.8200000000000001,0.07416703786191547,8980.0,67,False
2026-04-05 20:32:30+00:00,1374.0,2.0,1:06,52.0,46.0,6.0,0.794,0.8389262736915317,0.84,0.04492627369153168,11502.0,78,False
2026-04-05 20:33:00+00:00,1399.3,2.0,40.7,52.0,46.0,6.0,0.819,0.8541798571228464,0.85,0.035179857122846436,7139.0,63,False
2026-04-05 20:33:30+00:00,1434.6,2.0,5.4,54.0,46.0,8.0,0.855,0.8638533114395182,0.87,0.008853311439518174,12789.0,62,False
2026-04-05 20:34:00+00:00,1439.8,2.0,0.2,54.0,46.0,8.0,0.839,0.8768835289679809,0.87,0.03788352896798097,45067.0,53,False
2026-04-05 20:34:30+00:00,1440.0,2.0,0.0,54.0,46.0,8.0,0.848,0.8624222797927461,0.87,0.014422279792746129,3860.0,41,False
2026-04-05 20:35:00+00:00,1440.0,2.0,0.0,54.0,46.0,8.0,0.848,0.8650459242250286,0.87,0.017045924225028597,10452.0,41,False
2026-04-05 20:35:30+00:00,1440.0,2.0,0.0,54.0,46.0,8.0,0.848,0.8654820319657944,0.87,0.017482031965794453,9823.0,34,False
2026-04-05 20:36:00+00:00,1440.0,2.0,0.0,54.0,46.0,8.0,0.848,0.868035294117647,0.87,0.02003529411764704,3400.0,28,False
2026-04-05 20:36:30+00:00,1440.0,2.0,0.0,54.0,46.0,8.0,0.848,0.8642363697934304,0.87,0.01623636979343046,2953.0,50,False
2026-04-05 20:37:00+00:00,1440.0,2.0,0.0,54.0,46.0,8.0,0.848,0.8608153544410199,0.87,0.012815354441019888,3569.0,25,False
2026-04-05 20:37:30+00:00,1440.0,2.0,0.0,54.0,46.0,8.0,0.848,0.86679151261855,0.86,0.018791512618550055,6221.0,27,False
2026-04-05 20:38:00+00:00,1440.0,2.0,0.0,54.0,46.0,8.0,0.848,0.8603531598513012,0.86,0.012353159851301254,3228.0,15,False
2026-04-05 20:38:30+00:00,1440.0,2.0,0.0,54.0,46.0,8.0,0.848,0.8622125501002004,0.87,0.014212550100200394,15968.0,23,False
2026-04-05 20:39:00+00:00,1440.0,2.0,0.0,54.0,46.0,8.0,0.848,0.8606911196911196,0.86,0.012691119691119579,2590.0,16,False
2026-04-05 20:39:30+00:00,1440.0,2.0,0.0,54.0,46.0,8.0,0.848,0.8671921853702862,0.87,0.01919218537028622,2201.0,19,False
2026-04-05 20:40:00+00:00,1440.0,2.0,0.0,54.0,46.0,8.0,0.848,0.8645153168275285,0.87,0.016515316827528492,2383.0,22,False
2026-04-05 20:40:30+00:00,1440.0,2.0,0.0,54.0,46.0,8.0,0.848,0.8670839644777095,0.86,0.019083964477709547,33669.0,18,False
2026-04-05 20:41:00+00:00,1440.0,2.0,0.0,54.0,46.0,8.0,0.848,0.8631288981288983,0.87,0.015128898128898283,962.0,14,False
2026-04-05 20:41:30+00:00,1440.0,2.0,0.0,54.0,46.0,8.0,0.848,0.86271838729383,0.87,0.014718387293830015,3274.0,14,False
2026-04-05 20:42:00+00:00,1440.0,2.0,0.0,54.0,46.0,8.0,0.848,0.8670511841100077,0.87,0.019051184110007724,1309.0,8,False
2026-04-05 20:42:30+00:00,1440.0,2.0,0.0,54.0,46.0,8.0,0.848,0.8660559305689488,0.86,0.01805593056894883,2074.0,18,False
2026-04-05 20:43:00+00:00,1440.0,2.0,0.0,54.0,46.0,8.0,0.848,0.8663680682510665,0.87,0.018368068251066516,1641.0,16,False
2026-04-05 20:43:30+00:00,1440.0,2.0,0.0,54.0,46.0,8.0,0.848,0.8613873626373627,0.87,0.013387362637362732,728.0,10,False
2026-04-05 20:44:00+00:00,1440.0,2.0,0.0,54.0,46.0,8.0,0.848,0.8636979405034324,0.86,0.015697940503432428,2185.0,11,False
2026-04-05 20:44:30+00:00,1440.0,2.0,0.0,54.0,46.0,8.0,0.848,0.8702768372834097,0.86,0.02227683728340968,5021.0,29,False
2026-04-05 20:45:00+00:00,1440.0,2.0,0.0,54.0,46.0,8.0,0.848,0.8709921671018278,0.88,0.022992167101827832,383.0,12,False
2026-04-05 20:45:30+00:00,1440.0,2.0,0.0,54.0,46.0,8.0,0.848,0.8643522906793049,0.87,0.01635229067930488,1266.0,18,False
2026-04-05 20:46:00+00:00,1440.0,2.0,0.0,54.0,46.0,8.0,0.848,0.8632576409814895,0.86,0.015257640981489518,9292.0,26,False
2026-04-05 20:46:30+00:00,1440.0,2.0,0.0,54.0,46.0,8.0,0.848,0.8617579028527371,0.86,0.013757902852737147,1297.0,14,False
2026-04-05 20:47:00+00:00,1440.0,2.0,0.0,54.0,46.0,8.0,0.848,0.8732819247378161,0.86,0.025281924737816097,1621.0,10,False
2026-04-05 20:47:30+00:00,1440.0,2.0,0.0,54.0,46.0,8.0,0.848,0.8685460170146947,0.86,0.020546017014694717,1293.0,14,False
2026-04-05 20:48:00+00:00,1440.0,2.0,0.0,54.0,46.0,8.0,0.848,0.8714527845036318,0.88,0.023452784503631863,1652.0,18,False
2026-04-05 20:48:30+00:00,1440.0,2.0,0.0,54.0,46.0,8.0,0.848,0.8685207612456749,0.86,0.020520761245674923,2312.0,15,False
2026-04-05 20:49:00+00:00,1440.0,2.0,0.0,54.0,46.0,8.0,0.848,0.877996067507783,0.87,0.029996067507783053,6103.0,19,False
2026-04-05 20:49:30+00:00,1440.0,3.0,12:00,54.0,46.0,8.0,0.848,0.8794073235183089,0.88,0.03140732351830888,2649.0,16,False
2026-04-05 20:50:00+00:00,1471.0,3.0,11:29,54.0,46.0,8.0,0.856,0.8761711711711713,0.87,0.020171171171171287,4662.0,33,False
2026-04-05 20:50:30+00:00,1492.0,3.0,11:08,54.0,48.0,6.0,0.824,0.8596526813003612,0.85,0.035652681300361255,7198.0,43,False
2026-04-05 20:51:00+00:00,1507.0,3.0,10:53,54.0,48.0,6.0,0.798,0.8521511534118406,0.84,0.054151153411840514,12398.0,54,False
2026-04-05 20:51:30+00:00,1539.0,3.0,10:21,56.0,50.0,6.0,0.799,0.8423196130687987,0.84,0.04331961306879861,10131.0,51,False
2026-04-05 20:52:00+00:00,1568.0,3.0,9:52,56.0,50.0,6.0,0.826,0.8660870952304994,0.87,0.04008709523049947,12538.0,46,False
2026-04-05 20:52:30+00:00,1572.0,3.0,9:48,56.0,50.0,6.0,0.855,0.863157720344599,0.87,0.008157720344599051,9054.0,47,False
2026-04-05 20:53:00+00:00,1572.0,3.0,9:48,58.0,50.0,8.0,0.844,0.8782130325814537,0.87,0.034213032581453695,3990.0,25,False
2026-04-05 20:53:30+00:00,1572.0,3.0,9:48,58.0,50.0,8.0,0.844,0.8596433153707982,0.85,0.015643315370798216,11691.0,45,False
2026-04-05 20:54:00+00:00,1604.0,3.0,9:16,58.0,53.0,5.0,0.779,0.8457635517799352,0.85,0.0667635517799352,9888.0,44,False
2026-04-05 20:54:30+00:00,1625.0,3.0,8:55,58.0,53.0,5.0,0.8,0.8503585122699387,0.86,0.050358512269938704,5216.0,44,False
2026-04-05 20:55:00+00:00,1642.0,3.0,8:38,60.0,53.0,7.0,0.825,0.8532174928160922,0.84,0.028217492816092204,11136.0,53,False
2026-04-05 20:55:30+00:00,1668.0,3.0,8:12,60.0,57.0,3.0,0.745,0.8099712898679334,0.8,0.06497128986793343,38314.0,77,False
2026-04-05 20:56:00+00:00,1687.0,3.0,7:53,60.0,57.0,3.0,0.714,0.8108656957928804,0.8200000000000001,0.0968656957928804,8652.0,65,False
2026-04-05 20:56:30+00:00,1706.0,3.0,7:34,60.0,57.0,3.0,0.787,0.8212510566356719,0.83,0.03425105663567185,13013.0,63,False
2026-04-05 20:57:00+00:00,1706.0,3.0,7:34,61.0,57.0,4.0,0.795,0.8287639177203245,0.82,0.0337639177203245,15897.0,46,True
2026-04-05 20:57:30+00:00,1717.0,3.0,7:23,62.0,59.0,3.0,0.745,0.8285721414551382,0.8200000000000001,0.08357214145513825,30059.0,37,True
2026-04-05 20:58:00+00:00,1723.0,3.0,7:17,64.0,59.0,5.0,0.712,0.8223229374711938,0.8200000000000001,0.11032293747119382,6509.0,32,True
2026-04-05 20:58:30+00:00,1723.0,3.0,7:17,64.0,59.0,5.0,0.712,0.8364233072316904,0.8200000000000001,0.12442330723169048,4342.0,36,True
2026-04-05 20:59:00+00:00,1723.0,3.0,7:17,64.0,59.0,5.0,0.712,0.8323769793972415,0.84,0.12037697939724157,5873.0,33,False
2026-04-05 20:59:30+00:00,1723.0,3.0,7:17,64.0,59.0,5.0,0.712,0.831547487270312,0.83,0.11954748727031206,4517.0,37,False
2026-04-05 21:00:00+00:00,1723.0,3.0,7:17,64.0,59.0,5.0,0.712,0.8391394702180595,0.83,0.1271394702180595,6833.0,29,False
2026-04-05 21:00:30+00:00,1723.0,3.0,7:17,64.0,59.0,5.0,0.712,0.83787757893537,0.81,0.12587757893537,35092.0,48,False
2026-04-05 21:01:00+00:00,1737.0,3.0,7:03,64.0,61.0,3.0,0.745,0.8221704458109147,0.8200000000000001,0.0771704458109147,10408.0,50,False
2026-04-05 21:01:30+00:00,1743.0,3.0,6:57,64.0,61.0,3.0,0.788,0.8167221308363911,0.81,0.02872213083639108,15806.0,46,False
2026-04-05 21:02:00+00:00,1743.0,3.0,6:57,65.0,61.0,4.0,0.745,0.8136630640041783,0.8,0.06866306400417832,24889.0,62,False
2026-04-05 21:02:30+00:00,1759.0,3.0,6:41,65.0,61.0,4.0,0.695,0.8048790774299835,0.81,0.1098790774299836,15175.0,62,False
2026-04-05 21:03:00+00:00,1759.0,3.0,6:41,65.0,61.0,4.0,0.744,0.8104233243411497,0.79,0.06642332434114973,19276.0,57,True
2026-04-05 21:03:30+00:00,1777.0,3.0,6:23,65.0,62.0,3.0,0.712,0.7725296940516239,0.77,0.060529694051623895,62723.0,97,True
2026-04-05 21:04:00+00:00,1778.0,3.0,6:22,65.0,64.0,1.0,0.678,0.7729865058191239,0.77,0.09498650581912382,25863.0,88,True
2026-04-05 21:04:30+00:00,1778.0,3.0,6:22,65.0,64.0,1.0,0.678,0.7710228036485837,0.77,0.09302280364858362,41660.0,85,True
2026-04-05 21:05:00+00:00,1778.0,3.0,6:22,65.0,64.0,1.0,0.678,0.7691477705389625,0.77,0.0911477705389625,47276.0,80,False
2026-04-05 21:05:30+00:00,1778.0,3.0,6:22,65.0,64.0,1.0,0.678,0.7774589127686473,0.77,0.09945891276864727,22148.0,63,False
2026-04-05 21:06:00+00:00,1778.0,3.0,6:22,65.0,64.0,1.0,0.678,0.7726025917926567,0.78,0.09460259179265662,4630.0,48,False
2026-04-05 21:06:30+00:00,1778.0,3.0,6:22,65.0,64.0,1.0,0.678,0.776802751776249,0.79,0.09880275177624898,8867.0,72,False
2026-04-05 21:07:00+00:00,1801.0,3.0,5:59,67.0,64.0,3.0,0.712,0.8065043761059831,0.8,0.09450437610598317,20909.0,81,False
2026-04-05 21:07:30+00:00,1820.0,3.0,5:40,67.0,64.0,3.0,0.746,0.8231461614173228,0.8,0.07714616141732278,20320.0,96,False
2026-04-05 21:08:00+00:00,1844.0,3.0,5:16,69.0,67.0,2.0,0.712,0.7605681524611991,0.75,0.048568152461199166,50321.0,141,False
2026-04-05 21:08:30+00:00,1863.0,3.0,4:57,69.0,69.0,0.0,0.639,0.7536572122868967,0.75,0.11465721228689674,26337.0,109,False
2026-04-05 21:09:00+00:00,1898.0,3.0,4:22,71.0,69.0,2.0,0.615,0.7468419474157751,0.76,0.13184194741577515,10003.0,89,False
2026-04-05 21:09:30+00:00,1898.0,3.0,4:22,71.0,69.0,2.0,0.675,0.7613440860215055,0.75,0.08634408602150545,4464.0,60,False
2026-04-05 21:10:00+00:00,1898.0,3.0,4:22,71.0,70.0,1.0,0.676,0.7870808171908087,0.81,0.11108081719080865,51004.0,140,False
2026-04-05 21:10:30+00:00,1932.0,3.0,3:48,75.0,70.0,5.0,0.777,0.813134674175382,0.78,0.036134674175381964,31075.0,111,False
2026-04-05 21:11:00+00:00,1944.0,3.0,3:36,75.0,73.0,2.0,0.711,0.7567646776208322,0.78,0.04576467762083225,10407.0,124,False
2026-04-05 21:11:30+00:00,1986.0,3.0,2:54,75.0,73.0,2.0,0.711,0.7819629734313172,0.78,0.07096297343131719,14152.0,71,False
2026-04-05 21:12:00+00:00,1987.0,3.0,2:53,75.0,73.0,2.0,0.711,0.7719995178980354,0.74,0.06099951789803548,16594.0,73,False
2026-04-05 21:12:30+00:00,2013.0,3.0,2:27,75.0,73.0,2.0,0.609,0.7340383476458394,0.73,0.12503834764583943,27016.0,106,False
2026-04-05 21:13:00+00:00,2013.0,3.0,2:27,75.0,74.0,1.0,0.599,0.7215791102035766,0.72,0.12257911020357659,16161.0,102,True
2026-04-05 21:13:30+00:00,2013.0,3.0,2:27,75.0,75.0,0.0,0.631,0.7577172133065082,0.77,0.1267172133065082,42746.0,125,True
2026-04-05 21:14:00+00:00,2048.0,3.0,1:52,78.0,75.0,3.0,0.712,0.7736865086437354,0.77,0.06168650864373548,11222.0,56,True
2026-04-05 21:14:30+00:00,2048.0,3.0,1:52,78.0,75.0,3.0,0.712,0.777700491819733,0.78,0.06570049181973303,9963.0,54,True
2026-04-05 21:15:00+00:00,2048.0,3.0,1:52,78.0,75.0,3.0,0.712,0.7753325380256487,0.78,0.06333253802564875,3353.0,49,False
2026-04-05 21:15:30+00:00,2048.0,3.0,1:52,78.0,75.0,3.0,0.712,0.7909733022291343,0.8200000000000001,0.07897330222913435,7716.0,92,False
2026-04-05 21:16:00+00:00,2078.0,3.0,1:22,80.0,75.0,5.0,0.782,0.8284344766930518,0.8,0.046434476693051785,21603.0,85,False
2026-04-05 21:16:30+00:00,2103.1,3.0,56.9,80.0,77.0,3.0,0.751,0.8040211390553486,0.8,0.053021139055348554,21193.0,72,False
2026-04-05 21:17:00+00:00,2126.7,3.0,33.3,80.0,77.0,3.0,0.722,0.7963568414707655,0.8,0.07435684147076549,8295.0,52,False
2026-04-05 21:17:30+00:00,2126.7,3.0,33.3,80.0,77.0,3.0,0.751,0.7850374251497005,0.77,0.03403742514970054,14696.0,64,False
2026-04-05 21:18:00+00:00,2146.1,3.0,13.9,80.0,77.0,3.0,0.71,0.7808943341604632,0.79,0.0708943341604632,9672.0,53,False
2026-04-05 21:18:30+00:00,2160.0,3.0,0.0,80.0,77.0,3.0,0.731,0.7868484130119847,0.79,0.05584841301198473,7593.0,28,False
2026-04-05 21:19:00+00:00,2160.0,3.0,0.0,80.0,77.0,3.0,0.731,0.7829789330455591,0.79,0.05197893304555912,21313.0,42,False
2026-04-05 21:19:30+00:00,2160.0,3.0,0.0,80.0,77.0,3.0,0.731,0.7871943090239778,0.78,0.05619430902397782,10051.0,33,False
2026-04-05 21:20:00+00:00,2160.0,3.0,0.0,80.0,77.0,3.0,0.731,0.7806450453226511,0.78,0.04964504532265113,38943.0,45,False
2026-04-05 21:20:30+00:00,2160.0,4.0,12:00,80.0,77.0,3.0,0.731,0.7971418240257133,0.79,0.06614182402571334,112005.0,49,False
2026-04-05 21:21:00+00:00,2160.0,4.0,12:00,80.0,77.0,3.0,0.731,0.8377671318475318,0.85,0.10676713184753184,14403.0,96,False
2026-04-05 21:21:30+00:00,2178.0,4.0,11:42,83.0,77.0,6.0,0.825,0.8695341275621682,0.89,0.044534127562168235,38444.0,146,False
2026-04-05 21:22:00+00:00,2221.0,4.0,10:59,85.0,79.0,6.0,0.859,0.8909262132805393,0.9,0.03192621328053935,18689.0,100,False
2026-04-05 21:22:30+00:00,2242.0,4.0,10:38,87.0,79.0,8.0,0.888,0.9060037326872075,0.92,0.018003732687207452,61082.0,174,True
2026-04-05 21:23:00+00:00,2254.0,4.0,10:26,87.0,79.0,8.0,0.912,0.9282610973875288,0.9299999999999999,0.01626109738752879,26718.0,125,True
2026-04-05 21:23:30+00:00,2270.0,4.0,10:10,87.0,79.0,8.0,0.942,0.9343468184276263,0.94,-0.007653181572373602,38833.0,102,True
2026-04-05 21:24:00+00:00,2270.0,4.0,10:10,87.0,79.0,8.0,0.942,0.9339974630520075,0.9299999999999999,-0.008002536947992467,33899.0,67,True
2026-04-05 21:24:30+00:00,2270.0,4.0,10:10,87.0,79.0,8.0,0.942,0.9337022753567297,0.9299999999999999,-0.008297724643270277,10372.0,46,True
2026-04-05 21:25:00+00:00,2270.0,4.0,10:10,87.0,79.0,8.0,0.942,0.9344270656239375,0.94,-0.007572934376062435,11764.0,59,False
2026-04-05 21:25:30+00:00,2270.0,4.0,10:10,87.0,79.0,8.0,0.942,0.9325353883739312,0.9299999999999999,-0.009464611626068709,27834.0,46,False
2026-04-05 21:26:00+00:00,2270.0,4.0,10:10,87.0,79.0,8.0,0.942,0.9354819876900798,0.94,-0.006518012309920107,22096.0,51,False
2026-04-05 21:26:30+00:00,2270.0,4.0,10:10,87.0,79.0,8.0,0.942,0.9357697082557418,0.94,-0.006230291744258154,6444.0,37,False
2026-04-05 21:27:00+00:00,2270.0,4.0,10:10,88.0,79.0,9.0,0.933,0.9380507819212923,0.95,0.005050781921292269,23276.0,61,False
2026-04-05 21:27:30+00:00,2283.0,4.0,9:57,89.0,79.0,10.0,0.949,0.9518722796076138,0.95,0.0028722796076138257,15393.0,95,False
2026-04-05 21:28:00+00:00,2308.0,4.0,9:32,91.0,81.0,10.0,0.951,0.9602510955487605,0.95,0.00925109554876058,70969.0,111,False
2026-04-05 21:28:30+00:00,2341.0,4.0,8:59,93.0,83.0,10.0,0.954,0.9511234145359372,0.94,-0.0028765854640627753,14901.0,82,False
2026-04-05 21:29:00+00:00,2365.0,4.0,8:35,93.0,83.0,10.0,0.941,0.9675306441440205,0.98,0.02653064414402051,72934.0,130,False
2026-04-05 21:29:30+00:00,2395.0,4.0,8:05,95.0,83.0,12.0,0.988,0.9731631759178148,0.97,-0.01483682408218523,25114.0,72,False
2026-04-05 21:30:00+00:00,2395.0,4.0,8:05,96.0,83.0,13.0,0.979,0.9822147413182138,0.97,0.003214741318213865,8466.0,44,False
2026-04-05 21:30:30+00:00,2412.0,4.0,7:48,96.0,83.0,13.0,0.98,0.9767466856060606,0.98,-0.0032533143939393883,21120.0,53,False
2026-04-05 21:31:00+00:00,2421.0,4.0,7:39,96.0,83.0,13.0,0.963,0.9783550913838119,0.98,0.01535509138381197,16852.0,53,False
2026-04-05 21:31:30+00:00,2421.0,4.0,7:39,96.0,84.0,12.0,0.963,0.9783961742591774,0.98,0.015396174259177386,36176.0,59,False
2026-04-05 21:32:00+00:00,2428.0,4.0,7:32,96.0,85.0,11.0,0.975,0.9743837329018974,0.97,-0.0006162670981025853,13598.0,43,False
2026-04-05 21:32:30+00:00,2450.0,4.0,7:10,98.0,85.0,13.0,0.982,0.9758978476124939,0.98,-0.00610215238750611,26157.0,67,False
2026-04-05 21:33:00+00:00,2461.0,4.0,6:59,98.0,85.0,13.0,0.967,0.9745478682821133,0.97,0.00754786828211329,32767.0,68,False
2026-04-05 21:33:30+00:00,2461.0,4.0,6:59,98.0,85.0,13.0,0.976,0.9790567489200543,0.98,0.003056748920054364,16899.0,55,False
2026-04-05 21:34:00+00:00,2461.0,4.0,6:59,98.0,85.0,13.0,0.976,0.9897207399832667,0.98,0.013720739983266728,107570.0,64,False
2026-04-05 21:34:30+00:00,2485.0,4.0,6:35,98.0,85.0,13.0,0.983,0.9826697366867401,0.98,-0.0003302633132599153,8469.0,33,False
2026-04-05 21:35:00+00:00,2501.0,4.0,6:19,98.0,85.0,13.0,0.983,0.9805467928496318,0.98,-0.0024532071503682307,5706.0,25,False
2026-04-05 21:35:30+00:00,2521.0,4.0,5:59,98.0,87.0,11.0,0.988,0.9868973410811763,0.98,-0.0011026589188236624,17037.0,26,False
2026-04-05 21:36:00+00:00,2535.0,4.0,5:45,98.0,87.0,11.0,0.982,0.9802479132926372,0.98,-0.001752086707362821,8027.0,25,False
2026-04-05 21:36:30+00:00,2535.0,4.0,5:45,98.0,87.0,11.0,0.973,0.9815171970427518,0.98,0.008517197042751778,9333.0,33,False
2026-04-05 21:37:00+00:00,2578.0,4.0,5:02,98.0,89.0,9.0,0.954,0.9694842362344582,0.95,0.01548423623445827,45040.0,125,True
2026-04-05 21:37:30+00:00,2603.0,4.0,4:37,100.0,91.0,9.0,0.958,0.9839821505685908,0.98,0.025982150568590878,69470.0,106,True
2026-04-05 21:38:00+00:00,2628.0,4.0,4:12,103.0,91.0,12.0,0.989,0.9854909549095489,0.98,-0.003509045090451135,11111.0,29,True
2026-04-05 21:38:30+00:00,2628.0,4.0,4:12,103.0,91.0,12.0,0.989,0.9810003830788595,0.99,-0.007999616921140484,18273.0,28,True
2026-04-05 21:39:00+00:00,2628.0,4.0,4:12,103.0,91.0,12.0,0.989,0.9868383060635226,0.99,-0.00216169393647736,4156.0,26,False
2026-04-05 21:39:30+00:00,2628.0,4.0,4:12,103.0,91.0,12.0,0.989,0.9871695602585223,0.99,-0.001830439741477674,15782.0,20,False
2026-04-05 21:40:00+00:00,2628.0,4.0,4:12,103.0,91.0,12.0,0.989,0.9809752843255607,0.98,-0.008024715674439298,15739.0,22,False
2026-04-05 21:40:30+00:00,2628.0,4.0,4:12,103.0,91.0,12.0,0.989,0.9881783746556473,0.98,-0.0008216253443527055,11616.0,23,False
2026-04-05 21:41:00+00:00,2642.0,4.0,3:58,103.0,91.0,12.0,0.976,0.9897444216691068,0.99,0.013744421669106832,85375.0,45,False
2026-04-05 21:41:30+00:00,2642.0,4.0,3:58,103.0,92.0,11.0,0.977,0.9873954222573006,0.98,0.010395422257300613,3801.0,29,False
2026-04-05 21:42:00+00:00,2642.0,4.0,3:58,103.0,93.0,10.0,0.985,0.989371187631764,0.99,0.004371187631764029,35575.0,21,False
2026-04-05 21:42:30+00:00,2659.0,4.0,3:41,105.0,93.0,12.0,0.996,0.9899999999999999,0.99,-0.006000000000000116,555.0,10,False
2026-04-05 21:43:00+00:00,2674.0,4.0,3:26,109.0,93.0,16.0,0.999,0.99,0.99,-0.009000000000000008,7166.0,8,True
2026-04-05 21:43:30+00:00,2712.0,4.0,2:48,111.0,95.0,16.0,0.999,0.9900000000000001,0.99,-0.008999999999999897,8121.0,14,True
2026-04-05 21:44:00+00:00,2714.0,4.0,2:46,111.0,95.0,16.0,0.999,0.99,0.99,-0.009000000000000008,2271.0,8,True
2026-04-05 21:44:30+00:00,2714.0,4.0,2:46,111.0,95.0,16.0,0.999,0.99,0.99,-0.009000000000000008,1051.0,7,True
2026-04-05 21:45:00+00:00,2714.0,4.0,2:46,111.0,95.0,16.0,0.999,0.9899999999999999,0.99,-0.009000000000000119,2728.0,9,False
2026-04-05 21:45:30+00:00,2723.0,4.0,2:37,113.0,95.0,18.0,0.999,0.9900000000000001,0.99,-0.008999999999999897,2568.0,6,False
2026-04-05 21:46:00+00:00,2736.0,4.0,2:24,113.0,95.0,18.0,0.999,0.9899999999999999,0.99,-0.009000000000000119,4881.0,16,False
2026-04-05 21:46:30+00:00,2759.0,4.0,2:01,113.0,95.0,18.0,0.999,0.99,0.99,-0.009000000000000008,456.0,7,False
2026-04-05 21:47:00+00:00,2776.0,4.0,1:44,113.0,97.0,16.0,0.999,0.9899999999999999,0.99,-0.009000000000000119,965.0,5,False
2026-04-05 21:47:30+00:00,2806.0,4.0,1:14,113.0,97.0,16.0,0.999,0.99,0.99,-0.009000000000000008,7421.0,4,False
2026-04-05 21:48:00+00:00,2812.0,4.0,1:08,113.0,99.0,14.0,0.999,0.99,0.99,-0.009000000000000008,797.0,5,False
2026-04-05 21:48:30+00:00,2812.0,4.0,1:08,114.0,99.0,15.0,0.999,0.99,0.99,-0.009000000000000008,120.0,2,False
2026-04-05 21:49:00+00:00,2812.0,4.0,1:08,115.0,99.0,16.0,0.999,0.9900000000000002,0.99,-0.008999999999999786,2827.0,7,False
2026-04-05 21:49:30+00:00,2833.7,4.0,46.3,115.0,101.0,14.0,0.999,0.9900000000000001,0.99,-0.008999999999999897,195.0,4,False
2026-04-05 21:50:00+00:00,2857.9,4.0,22.1,115.0,101.0,14.0,0.999,0.99,0.99,-0.009000000000000008,116.0,1,False
2026-04-05 21:50:30+00:00,2880.0,4.0,0.0,115.0,101.0,14.0,1.0,0.99,0.99,-0.010000000000000009,897.0,3,False
2026-04-05 21:51:00+00:00,2880.0,4.0,0.0,115.0,101.0,14.0,1.0,0.99,0.99,-0.010000000000000009,1967.0,10,False
2026-04-05 21:51:30+00:00,2880.0,4.0,0.0,115.0,101.0,14.0,1.0,0.99,0.99,-0.010000000000000009,0.0,0,False
