bucket_start_utc,game_seconds_elapsed,period,game_clock,fav_score,dog_score,score_margin,fav_wp_espn,fav_kalshi_vwap,fav_kalshi_last,delta,kalshi_volume,kalshi_trade_count,is_timeout_window
2026-03-17 13:29:30+00:00,,,,,,,,0.62,0.62,,10.0,1,False
2026-03-17 13:30:00+00:00,,,,,,,,0.62,0.62,,0.0,0,False
2026-03-17 13:30:30+00:00,,,,,,,,0.62,0.62,,0.0,0,False
2026-03-17 13:31:00+00:00,,,,,,,,0.62,0.62,,0.0,0,False
2026-03-17 13:31:30+00:00,,,,,,,,0.62,0.62,,0.0,0,False
2026-03-17 13:32:00+00:00,,,,,,,,0.62,0.62,,0.0,0,False
2026-03-17 13:32:30+00:00,,,,,,,,0.62,0.62,,0.0,0,False
2026-03-17 13:33:00+00:00,,,,,,,,0.62,0.62,,0.0,0,False
2026-03-17 13:33:30+00:00,,,,,,,,0.62,0.62,,0.0,0,False
2026-03-17 13:34:00+00:00,,,,,,,,0.62,0.62,,0.0,0,False
2026-03-17 13:34:30+00:00,,,,,,,,0.62,0.62,,0.0,0,False
2026-03-17 13:35:00+00:00,,,,,,,,0.62,0.62,,0.0,0,False
2026-03-17 13:35:30+00:00,,,,,,,,0.62,0.62,,0.0,0,False
2026-03-17 13:36:00+00:00,,,,,,,,0.62,0.62,,0.0,0,False
2026-03-17 13:36:30+00:00,,,,,,,,0.62,0.62,,0.0,0,False
2026-03-17 13:37:00+00:00,,,,,,,,0.62,0.62,,0.0,0,False
2026-03-17 13:37:30+00:00,,,,,,,,0.62,0.62,,0.0,0,False
2026-03-17 13:38:00+00:00,,,,,,,,0.62,0.62,,0.0,0,False
2026-03-17 13:38:30+00:00,,,,,,,,0.62,0.62,,0.0,0,False
2026-03-17 13:39:00+00:00,,,,,,,,0.62,0.62,,0.0,0,False
2026-03-17 13:39:30+00:00,,,,,,,,0.62,0.62,,0.0,0,False
2026-03-17 13:40:00+00:00,,,,,,,,0.65,0.65,,22.0,1,False
2026-03-17 13:40:30+00:00,,,,,,,,0.65,0.65,,0.0,0,False
2026-03-17 13:41:00+00:00,,,,,,,,0.65,0.65,,0.0,0,False
2026-03-17 13:41:30+00:00,,,,,,,,0.65,0.65,,0.0,0,False
2026-03-17 13:42:00+00:00,,,,,,,,0.65,0.65,,0.0,0,False
2026-03-17 13:42:30+00:00,,,,,,,,0.65,0.65,,0.0,0,False
2026-03-17 13:43:00+00:00,,,,,,,,0.65,0.65,,0.0,0,False
2026-03-17 13:43:30+00:00,,,,,,,,0.65,0.65,,0.0,0,False
2026-03-17 13:44:00+00:00,,,,,,,,0.65,0.65,,0.0,0,False
2026-03-17 13:44:30+00:00,,,,,,,,0.65,0.65,,0.0,0,False
2026-03-17 13:45:00+00:00,,,,,,,,0.65,0.65,,0.0,0,False
2026-03-17 13:45:30+00:00,,,,,,,,0.65,0.65,,0.0,0,False
2026-03-17 13:46:00+00:00,,,,,,,,0.65,0.65,,0.0,0,False
2026-03-17 13:46:30+00:00,,,,,,,,0.65,0.65,,0.0,0,False
2026-03-17 13:47:00+00:00,,,,,,,,0.65,0.65,,0.0,0,False
2026-03-17 13:47:30+00:00,,,,,,,,0.65,0.65,,0.0,0,False
2026-03-17 13:48:00+00:00,,,,,,,,0.65,0.65,,0.0,0,False
2026-03-17 13:48:30+00:00,,,,,,,,0.65,0.65,,0.0,0,False
2026-03-17 13:49:00+00:00,,,,,,,,0.65,0.65,,0.0,0,False
2026-03-17 13:49:30+00:00,,,,,,,,0.65,0.65,,0.0,0,False
2026-03-17 13:50:00+00:00,,,,,,,,0.65,0.65,,0.0,0,False
2026-03-17 13:50:30+00:00,,,,,,,,0.65,0.65,,0.0,0,False
2026-03-17 13:51:00+00:00,,,,,,,,0.65,0.65,,0.0,0,False
2026-03-17 13:51:30+00:00,,,,,,,,0.64,0.64,,1.0,1,False
2026-03-17 13:52:00+00:00,,,,,,,,0.64,0.64,,0.0,0,False
2026-03-17 13:52:30+00:00,,,,,,,,0.64,0.64,,0.0,0,False
2026-03-17 13:53:00+00:00,,,,,,,,0.64,0.64,,0.0,0,False
2026-03-17 13:53:30+00:00,,,,,,,,0.64,0.64,,0.0,0,False
2026-03-17 13:54:00+00:00,,,,,,,,0.64,0.64,,0.0,0,False
2026-03-17 13:54:30+00:00,,,,,,,,0.64,0.64,,0.0,0,False
2026-03-17 13:55:00+00:00,,,,,,,,0.64,0.64,,0.0,0,False
2026-03-17 13:55:30+00:00,,,,,,,,0.64,0.64,,0.0,0,False
2026-03-17 13:56:00+00:00,,,,,,,,0.64,0.64,,0.0,0,False
2026-03-17 13:56:30+00:00,,,,,,,,0.64,0.64,,0.0,0,False
2026-03-17 13:57:00+00:00,,,,,,,,0.62,0.62,,50.0,1,False
2026-03-17 13:57:30+00:00,,,,,,,,0.62,0.62,,0.0,0,False
2026-03-17 13:58:00+00:00,,,,,,,,0.62,0.62,,0.0,0,False
2026-03-17 13:58:30+00:00,,,,,,,,0.62,0.62,,0.0,0,False
2026-03-17 13:59:00+00:00,,,,,,,,0.62,0.62,,0.0,0,False
2026-03-17 13:59:30+00:00,,,,,,,,0.62,0.62,,0.0,0,False
2026-03-17 14:00:00+00:00,,,,,,,,0.62,0.62,,0.0,0,False
2026-03-17 14:00:30+00:00,,,,,,,,0.62,0.62,,0.0,0,False
2026-03-17 14:01:00+00:00,,,,,,,,0.62,0.62,,0.0,0,False
2026-03-17 14:01:30+00:00,,,,,,,,0.62,0.62,,0.0,0,False
2026-03-17 14:02:00+00:00,,,,,,,,0.62,0.62,,0.0,0,False
2026-03-17 14:02:30+00:00,,,,,,,,0.64,0.64,,1.0,1,False
2026-03-17 14:03:00+00:00,,,,,,,,0.64,0.64,,0.0,0,False
2026-03-17 14:03:30+00:00,,,,,,,,0.64,0.64,,0.0,0,False
2026-03-17 14:04:00+00:00,,,,,,,,0.63,0.63,,1.0,1,False
2026-03-17 14:04:30+00:00,,,,,,,,0.63,0.63,,0.0,0,False
2026-03-17 14:05:00+00:00,,,,,,,,0.63,0.63,,0.0,0,False
2026-03-17 14:05:30+00:00,,,,,,,,0.63,0.63,,0.0,0,False
2026-03-17 14:06:00+00:00,,,,,,,,0.63,0.63,,0.0,0,False
2026-03-17 14:06:30+00:00,,,,,,,,0.63,0.63,,0.0,0,False
2026-03-17 14:07:00+00:00,,,,,,,,0.63,0.63,,0.0,0,False
2026-03-17 14:07:30+00:00,,,,,,,,0.63,0.63,,0.0,0,False
2026-03-17 14:08:00+00:00,,,,,,,,0.63,0.63,,0.0,0,False
2026-03-17 14:08:30+00:00,,,,,,,,0.63,0.63,,0.0,0,False
2026-03-17 14:09:00+00:00,,,,,,,,0.63,0.63,,0.0,0,False
2026-03-17 14:09:30+00:00,,,,,,,,0.64,0.64,,15.0,1,False
2026-03-17 14:10:00+00:00,,,,,,,,0.64,0.64,,0.0,0,False
2026-03-17 14:10:30+00:00,,,,,,,,0.64,0.64,,0.0,0,False
2026-03-17 14:11:00+00:00,,,,,,,,0.64,0.64,,0.0,0,False
2026-03-17 14:11:30+00:00,,,,,,,,0.64,0.64,,0.0,0,False
2026-03-17 14:12:00+00:00,,,,,,,,0.64,0.64,,0.0,0,False
2026-03-17 14:12:30+00:00,,,,,,,,0.64,0.64,,0.0,0,False
2026-03-17 14:13:00+00:00,,,,,,,,0.64,0.64,,0.0,0,False
2026-03-17 14:13:30+00:00,,,,,,,,0.64,0.64,,0.0,0,False
2026-03-17 14:14:00+00:00,,,,,,,,0.64,0.64,,0.0,0,False
2026-03-17 14:14:30+00:00,,,,,,,,0.64,0.64,,0.0,0,False
2026-03-17 14:15:00+00:00,,,,,,,,0.64,0.64,,0.0,0,False
2026-03-17 14:15:30+00:00,,,,,,,,0.62,0.62,,1.0,1,False
2026-03-17 14:16:00+00:00,,,,,,,,0.62,0.62,,0.0,0,False
2026-03-17 14:16:30+00:00,,,,,,,,0.62,0.62,,0.0,0,False
2026-03-17 14:17:00+00:00,,,,,,,,0.62,0.62,,0.0,0,False
2026-03-17 14:17:30+00:00,,,,,,,,0.62,0.62,,0.0,0,False
2026-03-17 14:18:00+00:00,,,,,,,,0.62,0.62,,0.0,0,False
2026-03-17 14:18:30+00:00,,,,,,,,0.62,0.62,,0.0,0,False
2026-03-17 14:19:00+00:00,,,,,,,,0.62,0.62,,0.0,0,False
2026-03-17 14:19:30+00:00,,,,,,,,0.62,0.62,,0.0,0,False
2026-03-17 14:20:00+00:00,,,,,,,,0.62,0.62,,0.0,0,False
2026-03-17 14:20:30+00:00,,,,,,,,0.62,0.62,,0.0,0,False
2026-03-17 14:21:00+00:00,,,,,,,,0.62,0.62,,1.0,1,False
2026-03-17 14:21:30+00:00,,,,,,,,0.62,0.62,,0.0,0,False
2026-03-17 14:22:00+00:00,,,,,,,,0.62,0.62,,0.0,0,False
2026-03-17 14:22:30+00:00,,,,,,,,0.62,0.62,,0.0,0,False
2026-03-17 14:23:00+00:00,,,,,,,,0.62,0.62,,0.0,0,False
2026-03-17 14:23:30+00:00,,,,,,,,0.62,0.62,,0.0,0,False
2026-03-17 14:24:00+00:00,,,,,,,,0.62,0.62,,0.0,0,False
2026-03-17 14:24:30+00:00,,,,,,,,0.62,0.62,,0.0,0,False
2026-03-17 14:25:00+00:00,,,,,,,,0.62,0.62,,0.0,0,False
2026-03-17 14:25:30+00:00,,,,,,,,0.62,0.62,,0.0,0,False
2026-03-17 14:26:00+00:00,,,,,,,,0.62,0.62,,0.0,0,False
2026-03-17 14:26:30+00:00,,,,,,,,0.62,0.62,,0.0,0,False
2026-03-17 14:27:00+00:00,,,,,,,,0.62,0.62,,0.0,0,False
2026-03-17 14:27:30+00:00,,,,,,,,0.62,0.62,,0.0,0,False
2026-03-17 14:28:00+00:00,,,,,,,,0.62,0.62,,0.0,0,False
2026-03-17 14:28:30+00:00,,,,,,,,0.62,0.62,,0.0,0,False
2026-03-17 14:29:00+00:00,,,,,,,,0.62,0.62,,0.0,0,False
2026-03-17 14:29:30+00:00,,,,,,,,0.62,0.62,,0.0,0,False
2026-03-17 14:30:00+00:00,,,,,,,,0.62,0.62,,0.0,0,False
2026-03-17 14:30:30+00:00,,,,,,,,0.62,0.62,,0.0,0,False
2026-03-17 14:31:00+00:00,,,,,,,,0.62,0.62,,0.0,0,False
2026-03-17 14:31:30+00:00,,,,,,,,0.62,0.62,,0.0,0,False
2026-03-17 14:32:00+00:00,,,,,,,,0.63,0.63,,12.0,1,False
2026-03-17 14:32:30+00:00,,,,,,,,0.63,0.63,,0.0,0,False
2026-03-17 14:33:00+00:00,,,,,,,,0.65,0.65,,7.0,1,False
2026-03-17 14:33:30+00:00,,,,,,,,0.65,0.65,,0.0,0,False
2026-03-17 14:34:00+00:00,,,,,,,,0.65,0.65,,0.0,0,False
2026-03-17 14:34:30+00:00,,,,,,,,0.65,0.65,,0.0,0,False
2026-03-17 14:35:00+00:00,,,,,,,,0.65,0.65,,0.0,0,False
2026-03-17 14:35:30+00:00,,,,,,,,0.65,0.65,,0.0,0,False
2026-03-17 14:36:00+00:00,,,,,,,,0.65,0.65,,0.0,0,False
2026-03-17 14:36:30+00:00,,,,,,,,0.65,0.65,,0.0,0,False
2026-03-17 14:37:00+00:00,,,,,,,,0.65,0.65,,0.0,0,False
2026-03-17 14:37:30+00:00,,,,,,,,0.65,0.65,,0.0,0,False
2026-03-17 14:38:00+00:00,,,,,,,,0.65,0.65,,0.0,0,False
2026-03-17 14:38:30+00:00,,,,,,,,0.65,0.65,,0.0,0,False
2026-03-17 14:39:00+00:00,,,,,,,,0.65,0.65,,0.0,0,False
2026-03-17 14:39:30+00:00,,,,,,,,0.65,0.65,,0.0,0,False
2026-03-17 14:40:00+00:00,,,,,,,,0.65,0.65,,0.0,0,False
2026-03-17 14:40:30+00:00,,,,,,,,0.65,0.65,,0.0,0,False
2026-03-17 14:41:00+00:00,,,,,,,,0.65,0.65,,0.0,0,False
2026-03-17 14:41:30+00:00,,,,,,,,0.65,0.65,,0.0,0,False
2026-03-17 14:42:00+00:00,,,,,,,,0.65,0.65,,0.0,0,False
2026-03-17 14:42:30+00:00,,,,,,,,0.65,0.65,,0.0,0,False
2026-03-17 14:43:00+00:00,,,,,,,,0.65,0.65,,0.0,0,False
2026-03-17 14:43:30+00:00,,,,,,,,0.65,0.65,,0.0,0,False
2026-03-17 14:44:00+00:00,,,,,,,,0.65,0.65,,0.0,0,False
2026-03-17 14:44:30+00:00,,,,,,,,0.65,0.65,,0.0,0,False
2026-03-17 14:45:00+00:00,,,,,,,,0.65,0.65,,0.0,0,False
2026-03-17 14:45:30+00:00,,,,,,,,0.65,0.65,,0.0,0,False
2026-03-17 14:46:00+00:00,,,,,,,,0.65,0.65,,0.0,0,False
2026-03-17 14:46:30+00:00,,,,,,,,0.65,0.65,,0.0,0,False
2026-03-17 14:47:00+00:00,,,,,,,,0.65,0.65,,0.0,0,False
2026-03-17 14:47:30+00:00,,,,,,,,0.65,0.65,,0.0,0,False
2026-03-17 14:48:00+00:00,,,,,,,,0.65,0.65,,0.0,0,False
2026-03-17 14:48:30+00:00,,,,,,,,0.65,0.65,,0.0,0,False
2026-03-17 14:49:00+00:00,,,,,,,,0.65,0.65,,0.0,0,False
2026-03-17 14:49:30+00:00,,,,,,,,0.65,0.65,,0.0,0,False
2026-03-17 14:50:00+00:00,,,,,,,,0.65,0.65,,0.0,0,False
2026-03-17 14:50:30+00:00,,,,,,,,0.65,0.65,,0.0,0,False
2026-03-17 14:51:00+00:00,,,,,,,,0.65,0.65,,0.0,0,False
2026-03-17 14:51:30+00:00,,,,,,,,0.65,0.65,,0.0,0,False
2026-03-17 14:52:00+00:00,,,,,,,,0.65,0.65,,0.0,0,False
2026-03-17 14:52:30+00:00,,,,,,,,0.65,0.65,,0.0,0,False
2026-03-17 14:53:00+00:00,,,,,,,,0.65,0.65,,0.0,0,False
2026-03-17 14:53:30+00:00,,,,,,,,0.65,0.65,,0.0,0,False
2026-03-17 14:54:00+00:00,,,,,,,,0.65,0.65,,0.0,0,False
2026-03-17 14:54:30+00:00,,,,,,,,0.65,0.65,,0.0,0,False
2026-03-17 14:55:00+00:00,,,,,,,,0.65,0.65,,0.0,0,False
2026-03-17 14:55:30+00:00,,,,,,,,0.65,0.65,,0.0,0,False
2026-03-17 14:56:00+00:00,,,,,,,,0.65,0.65,,0.0,0,False
2026-03-17 14:56:30+00:00,,,,,,,,0.65,0.65,,0.0,0,False
2026-03-17 14:57:00+00:00,,,,,,,,0.65,0.65,,0.0,0,False
2026-03-17 14:57:30+00:00,,,,,,,,0.65,0.65,,0.0,0,False
2026-03-17 14:58:00+00:00,,,,,,,,0.65,0.65,,0.0,0,False
2026-03-17 14:58:30+00:00,,,,,,,,0.65,0.65,,0.0,0,False
2026-03-17 14:59:00+00:00,,,,,,,,0.65,0.65,,0.0,0,False
2026-03-17 14:59:30+00:00,,,,,,,,0.65,0.65,,0.0,0,False
2026-03-17 15:00:00+00:00,,,,,,,,0.65,0.65,,0.0,0,False
2026-03-17 15:00:30+00:00,,,,,,,,0.65,0.65,,7.0,1,False
2026-03-17 15:01:00+00:00,,,,,,,,0.65,0.65,,0.0,0,False
2026-03-17 15:01:30+00:00,,,,,,,,0.65,0.65,,0.0,0,False
2026-03-17 15:02:00+00:00,,,,,,,,0.65,0.65,,0.0,0,False
2026-03-17 15:02:30+00:00,,,,,,,,0.65,0.65,,0.0,0,False
2026-03-17 15:03:00+00:00,,,,,,,,0.65,0.65,,0.0,0,False
2026-03-17 15:03:30+00:00,,,,,,,,0.65,0.65,,0.0,0,False
2026-03-17 15:04:00+00:00,,,,,,,,0.65,0.65,,0.0,0,False
2026-03-17 15:04:30+00:00,,,,,,,,0.65,0.65,,0.0,0,False
2026-03-17 15:05:00+00:00,,,,,,,,0.65,0.65,,0.0,0,False
2026-03-17 15:05:30+00:00,,,,,,,,0.65,0.65,,0.0,0,False
2026-03-17 15:06:00+00:00,,,,,,,,0.65,0.65,,0.0,0,False
2026-03-17 15:06:30+00:00,,,,,,,,0.65,0.65,,0.0,0,False
2026-03-17 15:07:00+00:00,,,,,,,,0.65,0.65,,0.0,0,False
2026-03-17 15:07:30+00:00,,,,,,,,0.65,0.65,,0.0,0,False
2026-03-17 15:08:00+00:00,,,,,,,,0.65,0.65,,0.0,0,False
2026-03-17 15:08:30+00:00,,,,,,,,0.65,0.65,,0.0,0,False
2026-03-17 15:09:00+00:00,,,,,,,,0.65,0.65,,0.0,0,False
2026-03-17 15:09:30+00:00,,,,,,,,0.65,0.65,,0.0,0,False
2026-03-17 15:10:00+00:00,,,,,,,,0.65,0.65,,0.0,0,False
2026-03-17 15:10:30+00:00,,,,,,,,0.65,0.65,,0.0,0,False
2026-03-17 15:11:00+00:00,,,,,,,,0.65,0.65,,0.0,0,False
2026-03-17 15:11:30+00:00,,,,,,,,0.65,0.65,,0.0,0,False
2026-03-17 15:12:00+00:00,,,,,,,,0.65,0.65,,0.0,0,False
2026-03-17 15:12:30+00:00,,,,,,,,0.65,0.65,,0.0,0,False
2026-03-17 15:13:00+00:00,,,,,,,,0.65,0.65,,0.0,0,False
2026-03-17 15:13:30+00:00,,,,,,,,0.65,0.65,,0.0,0,False
2026-03-17 15:14:00+00:00,,,,,,,,0.65,0.65,,0.0,0,False
2026-03-17 15:14:30+00:00,,,,,,,,0.65,0.65,,0.0,0,False
2026-03-17 15:15:00+00:00,,,,,,,,0.65,0.65,,0.0,0,False
2026-03-17 15:15:30+00:00,,,,,,,,0.65,0.65,,0.0,0,False
2026-03-17 15:16:00+00:00,,,,,,,,0.65,0.65,,0.0,0,False
2026-03-17 15:16:30+00:00,,,,,,,,0.65,0.65,,0.0,0,False
2026-03-17 15:17:00+00:00,,,,,,,,0.65,0.65,,0.0,0,False
2026-03-17 15:17:30+00:00,,,,,,,,0.65,0.65,,0.0,0,False
2026-03-17 15:18:00+00:00,,,,,,,,0.65,0.65,,0.0,0,False
2026-03-17 15:18:30+00:00,,,,,,,,0.65,0.65,,0.0,0,False
2026-03-17 15:19:00+00:00,,,,,,,,0.65,0.65,,0.0,0,False
2026-03-17 15:19:30+00:00,,,,,,,,0.65,0.65,,0.0,0,False
2026-03-17 15:20:00+00:00,,,,,,,,0.65,0.65,,0.0,0,False
2026-03-17 15:20:30+00:00,,,,,,,,0.65,0.65,,0.0,0,False
2026-03-17 15:21:00+00:00,,,,,,,,0.65,0.65,,0.0,0,False
2026-03-17 15:21:30+00:00,,,,,,,,0.65,0.65,,0.0,0,False
2026-03-17 15:22:00+00:00,,,,,,,,0.65,0.65,,0.0,0,False
2026-03-17 15:22:30+00:00,,,,,,,,0.65,0.65,,0.0,0,False
2026-03-17 15:23:00+00:00,,,,,,,,0.65,0.65,,0.0,0,False
2026-03-17 15:23:30+00:00,,,,,,,,0.65,0.65,,0.0,0,False
2026-03-17 15:24:00+00:00,,,,,,,,0.65,0.65,,0.0,0,False
2026-03-17 15:24:30+00:00,,,,,,,,0.65,0.65,,0.0,0,False
2026-03-17 15:25:00+00:00,,,,,,,,0.65,0.65,,0.0,0,False
2026-03-17 15:25:30+00:00,,,,,,,,0.65,0.65,,0.0,0,False
2026-03-17 15:26:00+00:00,,,,,,,,0.65,0.65,,0.0,0,False
2026-03-17 15:26:30+00:00,,,,,,,,0.65,0.65,,0.0,0,False
2026-03-17 15:27:00+00:00,,,,,,,,0.65,0.65,,0.0,0,False
2026-03-17 15:27:30+00:00,,,,,,,,0.65,0.65,,0.0,0,False
2026-03-17 15:28:00+00:00,,,,,,,,0.65,0.65,,0.0,0,False
2026-03-17 15:28:30+00:00,,,,,,,,0.65,0.65,,0.0,0,False
2026-03-17 15:29:00+00:00,,,,,,,,0.65,0.65,,0.0,0,False
2026-03-17 15:29:30+00:00,,,,,,,,0.65,0.65,,0.0,0,False
2026-03-17 15:30:00+00:00,,,,,,,,0.65,0.65,,0.0,0,False
2026-03-17 15:30:30+00:00,,,,,,,,0.65,0.65,,0.0,0,False
2026-03-17 15:31:00+00:00,,,,,,,,0.65,0.65,,0.0,0,False
2026-03-17 15:31:30+00:00,,,,,,,,0.65,0.65,,0.0,0,False
2026-03-17 15:32:00+00:00,,,,,,,,0.65,0.65,,0.0,0,False
2026-03-17 15:32:30+00:00,,,,,,,,0.65,0.65,,0.0,0,False
2026-03-17 15:33:00+00:00,,,,,,,,0.65,0.65,,0.0,0,False
2026-03-17 15:33:30+00:00,,,,,,,,0.65,0.65,,0.0,0,False
2026-03-17 15:34:00+00:00,,,,,,,,0.65,0.65,,0.0,0,False
2026-03-17 15:34:30+00:00,,,,,,,,0.65,0.65,,0.0,0,False
2026-03-17 15:35:00+00:00,,,,,,,,0.65,0.65,,0.0,0,False
2026-03-17 15:35:30+00:00,,,,,,,,0.65,0.65,,0.0,0,False
2026-03-17 15:36:00+00:00,,,,,,,,0.65,0.65,,0.0,0,False
2026-03-17 15:36:30+00:00,,,,,,,,0.65,0.65,,0.0,0,False
2026-03-17 15:37:00+00:00,,,,,,,,0.65,0.65,,0.0,0,False
2026-03-17 15:37:30+00:00,,,,,,,,0.65,0.65,,0.0,0,False
2026-03-17 15:38:00+00:00,,,,,,,,0.65,0.65,,0.0,0,False
2026-03-17 15:38:30+00:00,,,,,,,,0.65,0.65,,0.0,0,False
2026-03-17 15:39:00+00:00,,,,,,,,0.65,0.65,,0.0,0,False
2026-03-17 15:39:30+00:00,,,,,,,,0.65,0.65,,0.0,0,False
2026-03-17 15:40:00+00:00,,,,,,,,0.65,0.65,,0.0,0,False
2026-03-17 15:40:30+00:00,,,,,,,,0.65,0.65,,0.0,0,False
2026-03-17 15:41:00+00:00,,,,,,,,0.65,0.65,,0.0,0,False
2026-03-17 15:41:30+00:00,,,,,,,,0.65,0.65,,0.0,0,False
2026-03-17 15:42:00+00:00,,,,,,,,0.65,0.65,,0.0,0,False
2026-03-17 15:42:30+00:00,,,,,,,,0.65,0.65,,0.0,0,False
2026-03-17 15:43:00+00:00,,,,,,,,0.65,0.65,,0.0,0,False
2026-03-17 15:43:30+00:00,,,,,,,,0.65,0.65,,0.0,0,False
2026-03-17 15:44:00+00:00,,,,,,,,0.65,0.65,,0.0,0,False
2026-03-17 15:44:30+00:00,,,,,,,,0.65,0.65,,0.0,0,False
2026-03-17 15:45:00+00:00,,,,,,,,0.65,0.65,,0.0,0,False
2026-03-17 15:45:30+00:00,,,,,,,,0.65,0.65,,0.0,0,False
2026-03-17 15:46:00+00:00,,,,,,,,0.65,0.65,,0.0,0,False
2026-03-17 15:46:30+00:00,,,,,,,,0.65,0.65,,0.0,0,False
2026-03-17 15:47:00+00:00,,,,,,,,0.65,0.65,,0.0,0,False
2026-03-17 15:47:30+00:00,,,,,,,,0.65,0.65,,0.0,0,False
2026-03-17 15:48:00+00:00,,,,,,,,0.65,0.65,,0.0,0,False
2026-03-17 15:48:30+00:00,,,,,,,,0.65,0.65,,0.0,0,False
2026-03-17 15:49:00+00:00,,,,,,,,0.65,0.65,,0.0,0,False
2026-03-17 15:49:30+00:00,,,,,,,,0.65,0.65,,0.0,0,False
2026-03-17 15:50:00+00:00,,,,,,,,0.65,0.65,,0.0,0,False
2026-03-17 15:50:30+00:00,,,,,,,,0.65,0.65,,0.0,0,False
2026-03-17 15:51:00+00:00,,,,,,,,0.65,0.65,,0.0,0,False
2026-03-17 15:51:30+00:00,,,,,,,,0.65,0.65,,0.0,0,False
2026-03-17 15:52:00+00:00,,,,,,,,0.65,0.65,,0.0,0,False
2026-03-17 15:52:30+00:00,,,,,,,,0.65,0.65,,0.0,0,False
2026-03-17 15:53:00+00:00,,,,,,,,0.65,0.65,,0.0,0,False
2026-03-17 15:53:30+00:00,,,,,,,,0.65,0.65,,0.0,0,False
2026-03-17 15:54:00+00:00,,,,,,,,0.65,0.65,,0.0,0,False
2026-03-17 15:54:30+00:00,,,,,,,,0.65,0.65,,0.0,0,False
2026-03-17 15:55:00+00:00,,,,,,,,0.65,0.65,,0.0,0,False
2026-03-17 15:55:30+00:00,,,,,,,,0.65,0.65,,0.0,0,False
2026-03-17 15:56:00+00:00,,,,,,,,0.65,0.65,,0.0,0,False
2026-03-17 15:56:30+00:00,,,,,,,,0.65,0.65,,0.0,0,False
2026-03-17 15:57:00+00:00,,,,,,,,0.65,0.65,,0.0,0,False
2026-03-17 15:57:30+00:00,,,,,,,,0.65,0.65,,0.0,0,False
2026-03-17 15:58:00+00:00,,,,,,,,0.65,0.65,,0.0,0,False
2026-03-17 15:58:30+00:00,,,,,,,,0.65,0.65,,0.0,0,False
2026-03-17 15:59:00+00:00,,,,,,,,0.65,0.65,,0.0,0,False
2026-03-17 15:59:30+00:00,,,,,,,,0.65,0.65,,0.0,0,False
2026-03-17 16:00:00+00:00,,,,,,,,0.65,0.65,,0.0,0,False
2026-03-17 16:00:30+00:00,,,,,,,,0.65,0.65,,0.0,0,False
2026-03-17 16:01:00+00:00,,,,,,,,0.65,0.65,,0.0,0,False
2026-03-17 16:01:30+00:00,,,,,,,,0.65,0.65,,0.0,0,False
2026-03-17 16:02:00+00:00,,,,,,,,0.65,0.65,,0.0,0,False
2026-03-17 16:02:30+00:00,,,,,,,,0.65,0.65,,0.0,0,False
2026-03-17 16:03:00+00:00,,,,,,,,0.65,0.65,,0.0,0,False
2026-03-17 16:03:30+00:00,,,,,,,,0.65,0.65,,0.0,0,False
2026-03-17 16:04:00+00:00,,,,,,,,0.65,0.65,,0.0,0,False
2026-03-17 16:04:30+00:00,,,,,,,,0.65,0.65,,0.0,0,False
2026-03-17 16:05:00+00:00,,,,,,,,0.65,0.65,,0.0,0,False
2026-03-17 16:05:30+00:00,,,,,,,,0.65,0.65,,0.0,0,False
2026-03-17 16:06:00+00:00,,,,,,,,0.65,0.65,,0.0,0,False
2026-03-17 16:06:30+00:00,,,,,,,,0.65,0.65,,0.0,0,False
2026-03-17 16:07:00+00:00,,,,,,,,0.65,0.65,,0.0,0,False
2026-03-17 16:07:30+00:00,,,,,,,,0.63,0.63,,5.0,1,False
2026-03-17 16:08:00+00:00,,,,,,,,0.63,0.63,,0.0,0,False
2026-03-17 16:08:30+00:00,,,,,,,,0.63,0.63,,0.0,0,False
2026-03-17 16:09:00+00:00,,,,,,,,0.63,0.63,,0.0,0,False
2026-03-17 16:09:30+00:00,,,,,,,,0.63,0.63,,0.0,0,False
2026-03-17 16:10:00+00:00,,,,,,,,0.63,0.63,,0.0,0,False
2026-03-17 16:10:30+00:00,,,,,,,,0.63,0.63,,0.0,0,False
2026-03-17 16:11:00+00:00,,,,,,,,0.63,0.63,,0.0,0,False
2026-03-17 16:11:30+00:00,,,,,,,,0.63,0.63,,0.0,0,False
2026-03-17 16:12:00+00:00,,,,,,,,0.63,0.63,,0.0,0,False
2026-03-17 16:12:30+00:00,,,,,,,,0.63,0.63,,0.0,0,False
2026-03-17 16:13:00+00:00,,,,,,,,0.63,0.63,,0.0,0,False
2026-03-17 16:13:30+00:00,,,,,,,,0.63,0.63,,0.0,0,False
2026-03-17 16:14:00+00:00,,,,,,,,0.63,0.63,,0.0,0,False
2026-03-17 16:14:30+00:00,,,,,,,,0.63,0.63,,0.0,0,False
2026-03-17 16:15:00+00:00,,,,,,,,0.63,0.63,,0.0,0,False
2026-03-17 16:15:30+00:00,,,,,,,,0.63,0.63,,0.0,0,False
2026-03-17 16:16:00+00:00,,,,,,,,0.63,0.63,,0.0,0,False
2026-03-17 16:16:30+00:00,,,,,,,,0.63,0.63,,0.0,0,False
2026-03-17 16:17:00+00:00,,,,,,,,0.63,0.63,,0.0,0,False
2026-03-17 16:17:30+00:00,,,,,,,,0.63,0.63,,0.0,0,False
2026-03-17 16:18:00+00:00,,,,,,,,0.63,0.63,,0.0,0,False
2026-03-17 16:18:30+00:00,,,,,,,,0.63,0.63,,0.0,0,False
2026-03-17 16:19:00+00:00,,,,,,,,0.63,0.63,,0.0,0,False
2026-03-17 16:19:30+00:00,,,,,,,,0.63,0.63,,0.0,0,False
2026-03-17 16:20:00+00:00,,,,,,,,0.63,0.63,,0.0,0,False
2026-03-17 16:20:30+00:00,,,,,,,,0.63,0.63,,0.0,0,False
2026-03-17 16:21:00+00:00,,,,,,,,0.63,0.63,,270.0,2,False
2026-03-17 16:21:30+00:00,,,,,,,,0.63,0.63,,0.0,0,False
2026-03-17 16:22:00+00:00,,,,,,,,0.63,0.63,,0.0,0,False
2026-03-17 16:22:30+00:00,,,,,,,,0.63,0.63,,0.0,0,False
2026-03-17 16:23:00+00:00,,,,,,,,0.63,0.63,,0.0,0,False
2026-03-17 16:23:30+00:00,,,,,,,,0.63,0.63,,0.0,0,False
2026-03-17 16:24:00+00:00,,,,,,,,0.63,0.63,,0.0,0,False
2026-03-17 16:24:30+00:00,,,,,,,,0.63,0.63,,0.0,0,False
2026-03-17 16:25:00+00:00,,,,,,,,0.63,0.63,,0.0,0,False
2026-03-17 16:25:30+00:00,,,,,,,,0.63,0.63,,0.0,0,False
2026-03-17 16:26:00+00:00,,,,,,,,0.63,0.63,,0.0,0,False
2026-03-17 16:26:30+00:00,,,,,,,,0.63,0.63,,0.0,0,False
2026-03-17 16:27:00+00:00,,,,,,,,0.63,0.63,,0.0,0,False
2026-03-17 16:27:30+00:00,,,,,,,,0.63,0.63,,0.0,0,False
2026-03-17 16:28:00+00:00,,,,,,,,0.63,0.63,,0.0,0,False
2026-03-17 16:28:30+00:00,,,,,,,,0.63,0.63,,0.0,0,False
2026-03-17 16:29:00+00:00,,,,,,,,0.63,0.63,,0.0,0,False
2026-03-17 16:29:30+00:00,,,,,,,,0.63,0.63,,0.0,0,False
2026-03-17 16:30:00+00:00,,,,,,,,0.63,0.63,,0.0,0,False
2026-03-17 16:30:30+00:00,,,,,,,,0.63,0.63,,0.0,0,False
2026-03-17 16:31:00+00:00,,,,,,,,0.63,0.63,,0.0,0,False
2026-03-17 16:31:30+00:00,,,,,,,,0.63,0.63,,0.0,0,False
2026-03-17 16:32:00+00:00,,,,,,,,0.63,0.63,,0.0,0,False
2026-03-17 16:32:30+00:00,,,,,,,,0.63,0.63,,0.0,0,False
2026-03-17 16:33:00+00:00,,,,,,,,0.63,0.63,,0.0,0,False
2026-03-17 16:33:30+00:00,,,,,,,,0.63,0.63,,0.0,0,False
2026-03-17 16:34:00+00:00,,,,,,,,0.63,0.63,,0.0,0,False
2026-03-17 16:34:30+00:00,,,,,,,,0.63,0.63,,0.0,0,False
2026-03-17 16:35:00+00:00,,,,,,,,0.63,0.63,,0.0,0,False
2026-03-17 16:35:30+00:00,,,,,,,,0.63,0.63,,0.0,0,False
2026-03-17 16:36:00+00:00,,,,,,,,0.63,0.63,,0.0,0,False
2026-03-17 16:36:30+00:00,,,,,,,,0.63,0.63,,0.0,0,False
2026-03-17 16:37:00+00:00,,,,,,,,0.63,0.63,,0.0,0,False
2026-03-17 16:37:30+00:00,,,,,,,,0.63,0.63,,25.0,1,False
2026-03-17 16:38:00+00:00,,,,,,,,0.63,0.63,,0.0,0,False
2026-03-17 16:38:30+00:00,,,,,,,,0.63,0.63,,2.0,1,False
2026-03-17 16:39:00+00:00,,,,,,,,0.63,0.63,,0.0,0,False
2026-03-17 16:39:30+00:00,,,,,,,,0.63,0.63,,0.0,0,False
2026-03-17 16:40:00+00:00,,,,,,,,0.63,0.63,,0.0,0,False
2026-03-17 16:40:30+00:00,,,,,,,,0.63,0.63,,0.0,0,False
2026-03-17 16:41:00+00:00,,,,,,,,0.63,0.63,,0.0,0,False
2026-03-17 16:41:30+00:00,,,,,,,,0.63,0.63,,0.0,0,False
2026-03-17 16:42:00+00:00,,,,,,,,0.63,0.63,,0.0,0,False
2026-03-17 16:42:30+00:00,,,,,,,,0.63,0.63,,0.0,0,False
2026-03-17 16:43:00+00:00,,,,,,,,0.63,0.63,,0.0,0,False
2026-03-17 16:43:30+00:00,,,,,,,,0.63,0.63,,0.0,0,False
2026-03-17 16:44:00+00:00,,,,,,,,0.63,0.63,,0.0,0,False
2026-03-17 16:44:30+00:00,,,,,,,,0.63,0.63,,0.0,0,False
2026-03-17 16:45:00+00:00,,,,,,,,0.63,0.63,,0.0,0,False
2026-03-17 16:45:30+00:00,,,,,,,,0.63,0.63,,0.0,0,False
2026-03-17 16:46:00+00:00,,,,,,,,0.63,0.63,,0.0,0,False
2026-03-17 16:46:30+00:00,,,,,,,,0.63,0.63,,0.0,0,False
2026-03-17 16:47:00+00:00,,,,,,,,0.63,0.63,,0.0,0,False
2026-03-17 16:47:30+00:00,,,,,,,,0.63,0.63,,0.0,0,False
2026-03-17 16:48:00+00:00,,,,,,,,0.63,0.63,,0.0,0,False
2026-03-17 16:48:30+00:00,,,,,,,,0.63,0.63,,0.0,0,False
2026-03-17 16:49:00+00:00,,,,,,,,0.63,0.63,,0.0,0,False
2026-03-17 16:49:30+00:00,,,,,,,,0.63,0.63,,0.0,0,False
2026-03-17 16:50:00+00:00,,,,,,,,0.63,0.63,,0.0,0,False
2026-03-17 16:50:30+00:00,,,,,,,,0.63,0.63,,0.0,0,False
2026-03-17 16:51:00+00:00,,,,,,,,0.63,0.63,,0.0,0,False
2026-03-17 16:51:30+00:00,,,,,,,,0.63,0.63,,0.0,0,False
2026-03-17 16:52:00+00:00,,,,,,,,0.63,0.63,,0.0,0,False
2026-03-17 16:52:30+00:00,,,,,,,,0.64,0.64,,27.0,1,False
2026-03-17 16:53:00+00:00,,,,,,,,0.64,0.64,,0.0,0,False
2026-03-17 16:53:30+00:00,,,,,,,,0.64,0.64,,27.0,1,False
2026-03-17 16:54:00+00:00,,,,,,,,0.64,0.64,,0.0,0,False
2026-03-17 16:54:30+00:00,,,,,,,,0.64,0.64,,0.0,0,False
2026-03-17 16:55:00+00:00,,,,,,,,0.64,0.64,,0.0,0,False
2026-03-17 16:55:30+00:00,,,,,,,,0.64,0.64,,0.0,0,False
2026-03-17 16:56:00+00:00,,,,,,,,0.64,0.64,,0.0,0,False
2026-03-17 16:56:30+00:00,,,,,,,,0.64,0.64,,0.0,0,False
2026-03-17 16:57:00+00:00,,,,,,,,0.64,0.64,,0.0,0,False
2026-03-17 16:57:30+00:00,,,,,,,,0.64,0.64,,0.0,0,False
2026-03-17 16:58:00+00:00,,,,,,,,0.64,0.64,,0.0,0,False
2026-03-17 16:58:30+00:00,,,,,,,,0.64,0.64,,0.0,0,False
2026-03-17 16:59:00+00:00,,,,,,,,0.64,0.64,,0.0,0,False
2026-03-17 16:59:30+00:00,,,,,,,,0.64,0.64,,0.0,0,False
2026-03-17 17:00:00+00:00,,,,,,,,0.64,0.64,,0.0,0,False
2026-03-17 17:00:30+00:00,,,,,,,,0.64,0.64,,0.0,0,False
2026-03-17 17:01:00+00:00,,,,,,,,0.64,0.64,,0.0,0,False
2026-03-17 17:01:30+00:00,,,,,,,,0.64,0.64,,0.0,0,False
2026-03-17 17:02:00+00:00,,,,,,,,0.64,0.64,,0.0,0,False
2026-03-17 17:02:30+00:00,,,,,,,,0.64,0.64,,0.0,0,False
2026-03-17 17:03:00+00:00,,,,,,,,0.64,0.64,,0.0,0,False
2026-03-17 17:03:30+00:00,,,,,,,,0.64,0.64,,0.0,0,False
2026-03-17 17:04:00+00:00,,,,,,,,0.64,0.64,,0.0,0,False
2026-03-17 17:04:30+00:00,,,,,,,,0.64,0.64,,0.0,0,False
2026-03-17 17:05:00+00:00,,,,,,,,0.64,0.64,,0.0,0,False
2026-03-17 17:05:30+00:00,,,,,,,,0.64,0.64,,0.0,0,False
2026-03-17 17:06:00+00:00,,,,,,,,0.64,0.64,,0.0,0,False
2026-03-17 17:06:30+00:00,,,,,,,,0.64,0.64,,0.0,0,False
2026-03-17 17:07:00+00:00,,,,,,,,0.64,0.64,,0.0,0,False
2026-03-17 17:07:30+00:00,,,,,,,,0.64,0.64,,0.0,0,False
2026-03-17 17:08:00+00:00,,,,,,,,0.64,0.64,,0.0,0,False
2026-03-17 17:08:30+00:00,,,,,,,,0.64,0.64,,0.0,0,False
2026-03-17 17:09:00+00:00,,,,,,,,0.64,0.64,,0.0,0,False
2026-03-17 17:09:30+00:00,,,,,,,,0.64,0.64,,0.0,0,False
2026-03-17 17:10:00+00:00,,,,,,,,0.6380555555555556,0.63,,36.0,3,False
2026-03-17 17:10:30+00:00,,,,,,,,0.6380555555555556,0.63,,0.0,0,False
2026-03-17 17:11:00+00:00,,,,,,,,0.6380555555555556,0.63,,0.0,0,False
2026-03-17 17:11:30+00:00,,,,,,,,0.6380555555555556,0.63,,0.0,0,False
2026-03-17 17:12:00+00:00,,,,,,,,0.6380555555555556,0.63,,0.0,0,False
2026-03-17 17:12:30+00:00,,,,,,,,0.6380555555555556,0.63,,0.0,0,False
2026-03-17 17:13:00+00:00,,,,,,,,0.6380555555555556,0.63,,0.0,0,False
2026-03-17 17:13:30+00:00,,,,,,,,0.6380555555555556,0.63,,0.0,0,False
2026-03-17 17:14:00+00:00,,,,,,,,0.6380555555555556,0.63,,0.0,0,False
2026-03-17 17:14:30+00:00,,,,,,,,0.6380555555555556,0.63,,0.0,0,False
2026-03-17 17:15:00+00:00,,,,,,,,0.6380555555555556,0.63,,0.0,0,False
2026-03-17 17:15:30+00:00,,,,,,,,0.64,0.64,,9.0,1,False
2026-03-17 17:16:00+00:00,,,,,,,,0.64,0.64,,0.0,0,False
2026-03-17 17:16:30+00:00,,,,,,,,0.64,0.64,,0.0,0,False
2026-03-17 17:17:00+00:00,,,,,,,,0.64,0.64,,0.0,0,False
2026-03-17 17:17:30+00:00,,,,,,,,0.64,0.64,,0.0,0,False
2026-03-17 17:18:00+00:00,,,,,,,,0.64,0.64,,0.0,0,False
2026-03-17 17:18:30+00:00,,,,,,,,0.64,0.64,,0.0,0,False
2026-03-17 17:19:00+00:00,,,,,,,,0.64,0.64,,0.0,0,False
2026-03-17 17:19:30+00:00,,,,,,,,0.64,0.64,,0.0,0,False
2026-03-17 17:20:00+00:00,,,,,,,,0.64,0.64,,0.0,0,False
2026-03-17 17:20:30+00:00,,,,,,,,0.64,0.64,,0.0,0,False
2026-03-17 17:21:00+00:00,,,,,,,,0.64,0.64,,0.0,0,False
2026-03-17 17:21:30+00:00,,,,,,,,0.64,0.64,,0.0,0,False
2026-03-17 17:22:00+00:00,,,,,,,,0.64,0.64,,0.0,0,False
2026-03-17 17:22:30+00:00,,,,,,,,0.64,0.64,,0.0,0,False
2026-03-17 17:23:00+00:00,,,,,,,,0.64,0.64,,0.0,0,False
2026-03-17 17:23:30+00:00,,,,,,,,0.64,0.64,,0.0,0,False
2026-03-17 17:24:00+00:00,,,,,,,,0.64,0.64,,0.0,0,False
2026-03-17 17:24:30+00:00,,,,,,,,0.64,0.64,,0.0,0,False
2026-03-17 17:25:00+00:00,,,,,,,,0.64,0.64,,0.0,0,False
2026-03-17 17:25:30+00:00,,,,,,,,0.64,0.64,,0.0,0,False
2026-03-17 17:26:00+00:00,,,,,,,,0.64,0.64,,0.0,0,False
2026-03-17 17:26:30+00:00,,,,,,,,0.64,0.64,,0.0,0,False
2026-03-17 17:27:00+00:00,,,,,,,,0.64,0.64,,0.0,0,False
2026-03-17 17:27:30+00:00,,,,,,,,0.64,0.64,,0.0,0,False
2026-03-17 17:28:00+00:00,,,,,,,,0.64,0.64,,0.0,0,False
2026-03-17 17:28:30+00:00,,,,,,,,0.64,0.64,,0.0,0,False
2026-03-17 17:29:00+00:00,,,,,,,,0.64,0.64,,0.0,0,False
2026-03-17 17:29:30+00:00,,,,,,,,0.64,0.64,,0.0,0,False
2026-03-17 17:30:00+00:00,,,,,,,,0.64,0.64,,0.0,0,False
2026-03-17 17:30:30+00:00,,,,,,,,0.64,0.64,,0.0,0,False
2026-03-17 17:31:00+00:00,,,,,,,,0.64,0.64,,0.0,0,False
2026-03-17 17:31:30+00:00,,,,,,,,0.64,0.64,,0.0,0,False
2026-03-17 17:32:00+00:00,,,,,,,,0.64,0.64,,0.0,0,False
2026-03-17 17:32:30+00:00,,,,,,,,0.64,0.64,,0.0,0,False
2026-03-17 17:33:00+00:00,,,,,,,,0.64,0.64,,0.0,0,False
2026-03-17 17:33:30+00:00,,,,,,,,0.64,0.64,,0.0,0,False
2026-03-17 17:34:00+00:00,,,,,,,,0.64,0.64,,0.0,0,False
2026-03-17 17:34:30+00:00,,,,,,,,0.64,0.64,,0.0,0,False
2026-03-17 17:35:00+00:00,,,,,,,,0.64,0.64,,0.0,0,False
2026-03-17 17:35:30+00:00,,,,,,,,0.64,0.64,,0.0,0,False
2026-03-17 17:36:00+00:00,,,,,,,,0.64,0.64,,0.0,0,False
2026-03-17 17:36:30+00:00,,,,,,,,0.64,0.64,,0.0,0,False
2026-03-17 17:37:00+00:00,,,,,,,,0.64,0.64,,0.0,0,False
2026-03-17 17:37:30+00:00,,,,,,,,0.64,0.64,,0.0,0,False
2026-03-17 17:38:00+00:00,,,,,,,,0.64,0.64,,0.0,0,False
2026-03-17 17:38:30+00:00,,,,,,,,0.64,0.64,,0.0,0,False
2026-03-17 17:39:00+00:00,,,,,,,,0.64,0.64,,0.0,0,False
2026-03-17 17:39:30+00:00,,,,,,,,0.64,0.64,,0.0,0,False
2026-03-17 17:40:00+00:00,,,,,,,,0.64,0.64,,0.0,0,False
2026-03-17 17:40:30+00:00,,,,,,,,0.64,0.64,,0.0,0,False
2026-03-17 17:41:00+00:00,,,,,,,,0.64,0.64,,0.0,0,False
2026-03-17 17:41:30+00:00,,,,,,,,0.64,0.64,,0.0,0,False
2026-03-17 17:42:00+00:00,,,,,,,,0.64,0.64,,0.0,0,False
2026-03-17 17:42:30+00:00,,,,,,,,0.64,0.64,,0.0,0,False
2026-03-17 17:43:00+00:00,,,,,,,,0.64,0.64,,0.0,0,False
2026-03-17 17:43:30+00:00,,,,,,,,0.64,0.64,,0.0,0,False
2026-03-17 17:44:00+00:00,,,,,,,,0.64,0.64,,0.0,0,False
2026-03-17 17:44:30+00:00,,,,,,,,0.64,0.64,,0.0,0,False
2026-03-17 17:45:00+00:00,,,,,,,,0.64,0.64,,0.0,0,False
2026-03-17 17:45:30+00:00,,,,,,,,0.64,0.64,,0.0,0,False
2026-03-17 17:46:00+00:00,,,,,,,,0.64,0.64,,0.0,0,False
2026-03-17 17:46:30+00:00,,,,,,,,0.64,0.64,,0.0,0,False
2026-03-17 17:47:00+00:00,,,,,,,,0.64,0.64,,0.0,0,False
2026-03-17 17:47:30+00:00,,,,,,,,0.64,0.64,,0.0,0,False
2026-03-17 17:48:00+00:00,,,,,,,,0.64,0.64,,0.0,0,False
2026-03-17 17:48:30+00:00,,,,,,,,0.64,0.64,,0.0,0,False
2026-03-17 17:49:00+00:00,,,,,,,,0.64,0.64,,0.0,0,False
2026-03-17 17:49:30+00:00,,,,,,,,0.64,0.64,,0.0,0,False
2026-03-17 17:50:00+00:00,,,,,,,,0.64,0.64,,0.0,0,False
2026-03-17 17:50:30+00:00,,,,,,,,0.64,0.64,,0.0,0,False
2026-03-17 17:51:00+00:00,,,,,,,,0.64,0.64,,0.0,0,False
2026-03-17 17:51:30+00:00,,,,,,,,0.64,0.64,,0.0,0,False
2026-03-17 17:52:00+00:00,,,,,,,,0.64,0.64,,0.0,0,False
2026-03-17 17:52:30+00:00,,,,,,,,0.64,0.64,,0.0,0,False
2026-03-17 17:53:00+00:00,,,,,,,,0.64,0.64,,0.0,0,False
2026-03-17 17:53:30+00:00,,,,,,,,0.64,0.64,,0.0,0,False
2026-03-17 17:54:00+00:00,,,,,,,,0.64,0.64,,0.0,0,False
2026-03-17 17:54:30+00:00,,,,,,,,0.64,0.64,,0.0,0,False
2026-03-17 17:55:00+00:00,,,,,,,,0.64,0.64,,0.0,0,False
2026-03-17 17:55:30+00:00,,,,,,,,0.64,0.64,,0.0,0,False
2026-03-17 17:56:00+00:00,,,,,,,,0.64,0.64,,0.0,0,False
2026-03-17 17:56:30+00:00,,,,,,,,0.64,0.64,,0.0,0,False
2026-03-17 17:57:00+00:00,,,,,,,,0.64,0.64,,0.0,0,False
2026-03-17 17:57:30+00:00,,,,,,,,0.64,0.64,,0.0,0,False
2026-03-17 17:58:00+00:00,,,,,,,,0.64,0.64,,0.0,0,False
2026-03-17 17:58:30+00:00,,,,,,,,0.64,0.64,,0.0,0,False
2026-03-17 17:59:00+00:00,,,,,,,,0.64,0.64,,0.0,0,False
2026-03-17 17:59:30+00:00,,,,,,,,0.64,0.64,,0.0,0,False
2026-03-17 18:00:00+00:00,,,,,,,,0.64,0.64,,0.0,0,False
2026-03-17 18:00:30+00:00,,,,,,,,0.64,0.64,,0.0,0,False
2026-03-17 18:01:00+00:00,,,,,,,,0.64,0.64,,0.0,0,False
2026-03-17 18:01:30+00:00,,,,,,,,0.64,0.64,,0.0,0,False
2026-03-17 18:02:00+00:00,,,,,,,,0.64,0.64,,0.0,0,False
2026-03-17 18:02:30+00:00,,,,,,,,0.64,0.64,,0.0,0,False
2026-03-17 18:03:00+00:00,,,,,,,,0.64,0.64,,0.0,0,False
2026-03-17 18:03:30+00:00,,,,,,,,0.64,0.64,,0.0,0,False
2026-03-17 18:04:00+00:00,,,,,,,,0.64,0.64,,0.0,0,False
2026-03-17 18:04:30+00:00,,,,,,,,0.64,0.64,,0.0,0,False
2026-03-17 18:05:00+00:00,,,,,,,,0.64,0.64,,0.0,0,False
2026-03-17 18:05:30+00:00,,,,,,,,0.64,0.64,,0.0,0,False
2026-03-17 18:06:00+00:00,,,,,,,,0.64,0.64,,0.0,0,False
2026-03-17 18:06:30+00:00,,,,,,,,0.64,0.64,,0.0,0,False
2026-03-17 18:07:00+00:00,,,,,,,,0.64,0.64,,0.0,0,False
2026-03-17 18:07:30+00:00,,,,,,,,0.64,0.64,,0.0,0,False
2026-03-17 18:08:00+00:00,,,,,,,,0.64,0.64,,0.0,0,False
2026-03-17 18:08:30+00:00,,,,,,,,0.64,0.64,,0.0,0,False
2026-03-17 18:09:00+00:00,,,,,,,,0.64,0.64,,0.0,0,False
2026-03-17 18:09:30+00:00,,,,,,,,0.64,0.64,,0.0,0,False
2026-03-17 18:10:00+00:00,,,,,,,,0.64,0.64,,0.0,0,False
2026-03-17 18:10:30+00:00,,,,,,,,0.64,0.64,,0.0,0,False
2026-03-17 18:11:00+00:00,,,,,,,,0.64,0.64,,0.0,0,False
2026-03-17 18:11:30+00:00,,,,,,,,0.64,0.64,,0.0,0,False
2026-03-17 18:12:00+00:00,,,,,,,,0.64,0.64,,0.0,0,False
2026-03-17 18:12:30+00:00,,,,,,,,0.64,0.64,,0.0,0,False
2026-03-17 18:13:00+00:00,,,,,,,,0.64,0.64,,0.0,0,False
2026-03-17 18:13:30+00:00,,,,,,,,0.64,0.64,,0.0,0,False
2026-03-17 18:14:00+00:00,,,,,,,,0.64,0.64,,0.0,0,False
2026-03-17 18:14:30+00:00,,,,,,,,0.64,0.64,,0.0,0,False
2026-03-17 18:15:00+00:00,,,,,,,,0.64,0.64,,0.0,0,False
2026-03-17 18:15:30+00:00,,,,,,,,0.64,0.64,,0.0,0,False
2026-03-17 18:16:00+00:00,,,,,,,,0.64,0.64,,0.0,0,False
2026-03-17 18:16:30+00:00,,,,,,,,0.65,0.65,,22.0,1,False
2026-03-17 18:17:00+00:00,,,,,,,,0.65,0.65,,0.0,0,False
2026-03-17 18:17:30+00:00,,,,,,,,0.65,0.65,,0.0,0,False
2026-03-17 18:18:00+00:00,,,,,,,,0.65,0.65,,0.0,0,False
2026-03-17 18:18:30+00:00,,,,,,,,0.65,0.65,,0.0,0,False
2026-03-17 18:19:00+00:00,,,,,,,,0.65,0.65,,0.0,0,False
2026-03-17 18:19:30+00:00,,,,,,,,0.65,0.65,,0.0,0,False
2026-03-17 18:20:00+00:00,,,,,,,,0.65,0.65,,0.0,0,False
2026-03-17 18:20:30+00:00,,,,,,,,0.65,0.65,,0.0,0,False
2026-03-17 18:21:00+00:00,,,,,,,,0.65,0.65,,0.0,0,False
2026-03-17 18:21:30+00:00,,,,,,,,0.65,0.65,,0.0,0,False
2026-03-17 18:22:00+00:00,,,,,,,,0.65,0.65,,0.0,0,False
2026-03-17 18:22:30+00:00,,,,,,,,0.65,0.65,,0.0,0,False
2026-03-17 18:23:00+00:00,,,,,,,,0.65,0.65,,0.0,0,False
2026-03-17 18:23:30+00:00,,,,,,,,0.65,0.65,,0.0,0,False
2026-03-17 18:24:00+00:00,,,,,,,,0.65,0.65,,0.0,0,False
2026-03-17 18:24:30+00:00,,,,,,,,0.65,0.65,,0.0,0,False
2026-03-17 18:25:00+00:00,,,,,,,,0.65,0.65,,0.0,0,False
2026-03-17 18:25:30+00:00,,,,,,,,0.65,0.65,,0.0,0,False
2026-03-17 18:26:00+00:00,,,,,,,,0.65,0.65,,0.0,0,False
2026-03-17 18:26:30+00:00,,,,,,,,0.65,0.65,,0.0,0,False
2026-03-17 18:27:00+00:00,,,,,,,,0.65,0.65,,0.0,0,False
2026-03-17 18:27:30+00:00,,,,,,,,0.65,0.65,,0.0,0,False
2026-03-17 18:28:00+00:00,,,,,,,,0.65,0.65,,0.0,0,False
2026-03-17 18:28:30+00:00,,,,,,,,0.65,0.65,,0.0,0,False
2026-03-17 18:29:00+00:00,,,,,,,,0.65,0.65,,0.0,0,False
2026-03-17 18:29:30+00:00,,,,,,,,0.65,0.65,,0.0,0,False
2026-03-17 18:30:00+00:00,,,,,,,,0.65,0.65,,0.0,0,False
2026-03-17 18:30:30+00:00,,,,,,,,0.65,0.65,,0.0,0,False
2026-03-17 18:31:00+00:00,,,,,,,,0.65,0.65,,0.0,0,False
2026-03-17 18:31:30+00:00,,,,,,,,0.65,0.65,,0.0,0,False
2026-03-17 18:32:00+00:00,,,,,,,,0.65,0.65,,0.0,0,False
2026-03-17 18:32:30+00:00,,,,,,,,0.65,0.65,,0.0,0,False
2026-03-17 18:33:00+00:00,,,,,,,,0.65,0.65,,0.0,0,False
2026-03-17 18:33:30+00:00,,,,,,,,0.65,0.65,,0.0,0,False
2026-03-17 18:34:00+00:00,,,,,,,,0.65,0.65,,0.0,0,False
2026-03-17 18:34:30+00:00,,,,,,,,0.65,0.65,,0.0,0,False
2026-03-17 18:35:00+00:00,,,,,,,,0.65,0.65,,0.0,0,False
2026-03-17 18:35:30+00:00,,,,,,,,0.65,0.65,,0.0,0,False
2026-03-17 18:36:00+00:00,,,,,,,,0.65,0.65,,0.0,0,False
2026-03-17 18:36:30+00:00,,,,,,,,0.65,0.65,,0.0,0,False
2026-03-17 18:37:00+00:00,,,,,,,,0.65,0.65,,0.0,0,False
2026-03-17 18:37:30+00:00,,,,,,,,0.65,0.65,,0.0,0,False
2026-03-17 18:38:00+00:00,,,,,,,,0.65,0.65,,0.0,0,False
2026-03-17 18:38:30+00:00,,,,,,,,0.65,0.65,,0.0,0,False
2026-03-17 18:39:00+00:00,,,,,,,,0.65,0.65,,0.0,0,False
2026-03-17 18:39:30+00:00,,,,,,,,0.65,0.65,,0.0,0,False
2026-03-17 18:40:00+00:00,,,,,,,,0.65,0.65,,0.0,0,False
2026-03-17 18:40:30+00:00,,,,,,,,0.65,0.65,,0.0,0,False
2026-03-17 18:41:00+00:00,,,,,,,,0.65,0.65,,0.0,0,False
2026-03-17 18:41:30+00:00,,,,,,,,0.65,0.65,,0.0,0,False
2026-03-17 18:42:00+00:00,,,,,,,,0.65,0.65,,0.0,0,False
2026-03-17 18:42:30+00:00,,,,,,,,0.65,0.65,,0.0,0,False
2026-03-17 18:43:00+00:00,,,,,,,,0.65,0.65,,0.0,0,False
2026-03-17 18:43:30+00:00,,,,,,,,0.65,0.65,,0.0,0,False
2026-03-17 18:44:00+00:00,,,,,,,,0.65,0.65,,0.0,0,False
2026-03-17 18:44:30+00:00,,,,,,,,0.65,0.65,,0.0,0,False
2026-03-17 18:45:00+00:00,,,,,,,,0.65,0.65,,0.0,0,False
2026-03-17 18:45:30+00:00,,,,,,,,0.65,0.65,,0.0,0,False
2026-03-17 18:46:00+00:00,,,,,,,,0.65,0.65,,0.0,0,False
2026-03-17 18:46:30+00:00,,,,,,,,0.65,0.65,,0.0,0,False
2026-03-17 18:47:00+00:00,,,,,,,,0.65,0.65,,0.0,0,False
2026-03-17 18:47:30+00:00,,,,,,,,0.65,0.65,,0.0,0,False
2026-03-17 18:48:00+00:00,,,,,,,,0.65,0.65,,0.0,0,False
2026-03-17 18:48:30+00:00,,,,,,,,0.65,0.65,,0.0,0,False
2026-03-17 18:49:00+00:00,,,,,,,,0.65,0.65,,0.0,0,False
2026-03-17 18:49:30+00:00,,,,,,,,0.65,0.65,,0.0,0,False
2026-03-17 18:50:00+00:00,,,,,,,,0.65,0.65,,0.0,0,False
2026-03-17 18:50:30+00:00,,,,,,,,0.65,0.65,,0.0,0,False
2026-03-17 18:51:00+00:00,,,,,,,,0.65,0.65,,0.0,0,False
2026-03-17 18:51:30+00:00,,,,,,,,0.65,0.65,,0.0,0,False
2026-03-17 18:52:00+00:00,,,,,,,,0.65,0.65,,0.0,0,False
2026-03-17 18:52:30+00:00,,,,,,,,0.65,0.65,,0.0,0,False
2026-03-17 18:53:00+00:00,,,,,,,,0.65,0.65,,0.0,0,False
2026-03-17 18:53:30+00:00,,,,,,,,0.65,0.65,,0.0,0,False
2026-03-17 18:54:00+00:00,,,,,,,,0.65,0.65,,0.0,0,False
2026-03-17 18:54:30+00:00,,,,,,,,0.65,0.65,,0.0,0,False
2026-03-17 18:55:00+00:00,,,,,,,,0.65,0.65,,0.0,0,False
2026-03-17 18:55:30+00:00,,,,,,,,0.65,0.65,,0.0,0,False
2026-03-17 18:56:00+00:00,,,,,,,,0.65,0.65,,0.0,0,False
2026-03-17 18:56:30+00:00,,,,,,,,0.65,0.65,,0.0,0,False
2026-03-17 18:57:00+00:00,,,,,,,,0.65,0.65,,0.0,0,False
2026-03-17 18:57:30+00:00,,,,,,,,0.65,0.65,,0.0,0,False
2026-03-17 18:58:00+00:00,,,,,,,,0.65,0.65,,0.0,0,False
2026-03-17 18:58:30+00:00,,,,,,,,0.65,0.65,,0.0,0,False
2026-03-17 18:59:00+00:00,,,,,,,,0.65,0.65,,0.0,0,False
2026-03-17 18:59:30+00:00,,,,,,,,0.65,0.65,,0.0,0,False
2026-03-17 19:00:00+00:00,,,,,,,,0.65,0.65,,0.0,0,False
2026-03-17 19:00:30+00:00,,,,,,,,0.65,0.65,,0.0,0,False
2026-03-17 19:01:00+00:00,,,,,,,,0.65,0.65,,0.0,0,False
2026-03-17 19:01:30+00:00,,,,,,,,0.65,0.65,,0.0,0,False
2026-03-17 19:02:00+00:00,,,,,,,,0.65,0.65,,0.0,0,False
2026-03-17 19:02:30+00:00,,,,,,,,0.65,0.65,,0.0,0,False
2026-03-17 19:03:00+00:00,,,,,,,,0.65,0.65,,0.0,0,False
2026-03-17 19:03:30+00:00,,,,,,,,0.65,0.65,,0.0,0,False
2026-03-17 19:04:00+00:00,,,,,,,,0.65,0.65,,0.0,0,False
2026-03-17 19:04:30+00:00,,,,,,,,0.65,0.65,,0.0,0,False
2026-03-17 19:05:00+00:00,,,,,,,,0.65,0.65,,0.0,0,False
2026-03-17 19:05:30+00:00,,,,,,,,0.65,0.65,,0.0,0,False
2026-03-17 19:06:00+00:00,,,,,,,,0.65,0.65,,0.0,0,False
2026-03-17 19:06:30+00:00,,,,,,,,0.65,0.65,,0.0,0,False
2026-03-17 19:07:00+00:00,,,,,,,,0.65,0.65,,0.0,0,False
2026-03-17 19:07:30+00:00,,,,,,,,0.65,0.65,,0.0,0,False
2026-03-17 19:08:00+00:00,,,,,,,,0.65,0.65,,0.0,0,False
2026-03-17 19:08:30+00:00,,,,,,,,0.65,0.65,,0.0,0,False
2026-03-17 19:09:00+00:00,,,,,,,,0.65,0.65,,0.0,0,False
2026-03-17 19:09:30+00:00,,,,,,,,0.65,0.65,,0.0,0,False
2026-03-17 19:10:00+00:00,,,,,,,,0.65,0.65,,0.0,0,False
2026-03-17 19:10:30+00:00,,,,,,,,0.65,0.65,,0.0,0,False
2026-03-17 19:11:00+00:00,,,,,,,,0.65,0.65,,0.0,0,False
2026-03-17 19:11:30+00:00,,,,,,,,0.65,0.65,,0.0,0,False
2026-03-17 19:12:00+00:00,,,,,,,,0.65,0.65,,0.0,0,False
2026-03-17 19:12:30+00:00,,,,,,,,0.65,0.65,,0.0,0,False
2026-03-17 19:13:00+00:00,,,,,,,,0.65,0.65,,0.0,0,False
2026-03-17 19:13:30+00:00,,,,,,,,0.65,0.65,,0.0,0,False
2026-03-17 19:14:00+00:00,,,,,,,,0.65,0.65,,0.0,0,False
2026-03-17 19:14:30+00:00,,,,,,,,0.65,0.65,,0.0,0,False
2026-03-17 19:15:00+00:00,,,,,,,,0.65,0.65,,0.0,0,False
2026-03-17 19:15:30+00:00,,,,,,,,0.65,0.65,,0.0,0,False
2026-03-17 19:16:00+00:00,,,,,,,,0.65,0.65,,0.0,0,False
2026-03-17 19:16:30+00:00,,,,,,,,0.65,0.65,,0.0,0,False
2026-03-17 19:17:00+00:00,,,,,,,,0.65,0.65,,0.0,0,False
2026-03-17 19:17:30+00:00,,,,,,,,0.65,0.65,,0.0,0,False
2026-03-17 19:18:00+00:00,,,,,,,,0.65,0.65,,0.0,0,False
2026-03-17 19:18:30+00:00,,,,,,,,0.65,0.65,,0.0,0,False
2026-03-17 19:19:00+00:00,,,,,,,,0.65,0.65,,0.0,0,False
2026-03-17 19:19:30+00:00,,,,,,,,0.65,0.65,,0.0,0,False
2026-03-17 19:20:00+00:00,,,,,,,,0.65,0.65,,0.0,0,False
2026-03-17 19:20:30+00:00,,,,,,,,0.65,0.65,,0.0,0,False
2026-03-17 19:21:00+00:00,,,,,,,,0.65,0.65,,0.0,0,False
2026-03-17 19:21:30+00:00,,,,,,,,0.65,0.65,,0.0,0,False
2026-03-17 19:22:00+00:00,,,,,,,,0.65,0.65,,0.0,0,False
2026-03-17 19:22:30+00:00,,,,,,,,0.65,0.65,,0.0,0,False
2026-03-17 19:23:00+00:00,,,,,,,,0.65,0.65,,0.0,0,False
2026-03-17 19:23:30+00:00,,,,,,,,0.65,0.65,,0.0,0,False
2026-03-17 19:24:00+00:00,,,,,,,,0.65,0.65,,0.0,0,False
2026-03-17 19:24:30+00:00,,,,,,,,0.65,0.65,,0.0,0,False
2026-03-17 19:25:00+00:00,,,,,,,,0.65,0.65,,0.0,0,False
2026-03-17 19:25:30+00:00,,,,,,,,0.65,0.65,,0.0,0,False
2026-03-17 19:26:00+00:00,,,,,,,,0.65,0.65,,0.0,0,False
2026-03-17 19:26:30+00:00,,,,,,,,0.65,0.65,,0.0,0,False
2026-03-17 19:27:00+00:00,,,,,,,,0.65,0.65,,0.0,0,False
2026-03-17 19:27:30+00:00,,,,,,,,0.65,0.65,,0.0,0,False
2026-03-17 19:28:00+00:00,,,,,,,,0.65,0.65,,0.0,0,False
2026-03-17 19:28:30+00:00,,,,,,,,0.65,0.65,,0.0,0,False
2026-03-17 19:29:00+00:00,,,,,,,,0.65,0.65,,0.0,0,False
2026-03-17 19:29:30+00:00,,,,,,,,0.65,0.65,,0.0,0,False
2026-03-17 19:30:00+00:00,,,,,,,,0.65,0.65,,0.0,0,False
2026-03-17 19:30:30+00:00,,,,,,,,0.65,0.65,,0.0,0,False
2026-03-17 19:31:00+00:00,,,,,,,,0.66,0.66,,5.0,1,False
2026-03-17 19:31:30+00:00,,,,,,,,0.66,0.66,,0.0,0,False
2026-03-17 19:32:00+00:00,,,,,,,,0.66,0.66,,0.0,0,False
2026-03-17 19:32:30+00:00,,,,,,,,0.66,0.66,,0.0,0,False
2026-03-17 19:33:00+00:00,,,,,,,,0.66,0.66,,0.0,0,False
2026-03-17 19:33:30+00:00,,,,,,,,0.66,0.66,,0.0,0,False
2026-03-17 19:34:00+00:00,,,,,,,,0.66,0.66,,0.0,0,False
2026-03-17 19:34:30+00:00,,,,,,,,0.66,0.66,,0.0,0,False
2026-03-17 19:35:00+00:00,,,,,,,,0.66,0.66,,0.0,0,False
2026-03-17 19:35:30+00:00,,,,,,,,0.66,0.66,,0.0,0,False
2026-03-17 19:36:00+00:00,,,,,,,,0.66,0.66,,0.0,0,False
2026-03-17 19:36:30+00:00,,,,,,,,0.66,0.66,,0.0,0,False
2026-03-17 19:37:00+00:00,,,,,,,,0.66,0.66,,0.0,0,False
2026-03-17 19:37:30+00:00,,,,,,,,0.66,0.66,,0.0,0,False
2026-03-17 19:38:00+00:00,,,,,,,,0.66,0.66,,0.0,0,False
2026-03-17 19:38:30+00:00,,,,,,,,0.66,0.66,,0.0,0,False
2026-03-17 19:39:00+00:00,,,,,,,,0.66,0.66,,0.0,0,False
2026-03-17 19:39:30+00:00,,,,,,,,0.66,0.66,,0.0,0,False
2026-03-17 19:40:00+00:00,,,,,,,,0.66,0.66,,0.0,0,False
2026-03-17 19:40:30+00:00,,,,,,,,0.66,0.66,,0.0,0,False
2026-03-17 19:41:00+00:00,,,,,,,,0.66,0.66,,0.0,0,False
2026-03-17 19:41:30+00:00,,,,,,,,0.66,0.66,,0.0,0,False
2026-03-17 19:42:00+00:00,,,,,,,,0.66,0.66,,0.0,0,False
2026-03-17 19:42:30+00:00,,,,,,,,0.66,0.66,,0.0,0,False
2026-03-17 19:43:00+00:00,,,,,,,,0.66,0.66,,0.0,0,False
2026-03-17 19:43:30+00:00,,,,,,,,0.66,0.66,,0.0,0,False
2026-03-17 19:44:00+00:00,,,,,,,,0.66,0.66,,0.0,0,False
2026-03-17 19:44:30+00:00,,,,,,,,0.66,0.66,,0.0,0,False
2026-03-17 19:45:00+00:00,,,,,,,,0.66,0.66,,0.0,0,False
2026-03-17 19:45:30+00:00,,,,,,,,0.66,0.66,,0.0,0,False
2026-03-17 19:46:00+00:00,,,,,,,,0.66,0.66,,0.0,0,False
2026-03-17 19:46:30+00:00,,,,,,,,0.66,0.66,,0.0,0,False
2026-03-17 19:47:00+00:00,,,,,,,,0.66,0.66,,0.0,0,False
2026-03-17 19:47:30+00:00,,,,,,,,0.66,0.66,,0.0,0,False
2026-03-17 19:48:00+00:00,,,,,,,,0.66,0.66,,0.0,0,False
2026-03-17 19:48:30+00:00,,,,,,,,0.66,0.66,,0.0,0,False
2026-03-17 19:49:00+00:00,,,,,,,,0.66,0.66,,0.0,0,False
2026-03-17 19:49:30+00:00,,,,,,,,0.66,0.66,,0.0,0,False
2026-03-17 19:50:00+00:00,,,,,,,,0.66,0.66,,0.0,0,False
2026-03-17 19:50:30+00:00,,,,,,,,0.66,0.66,,0.0,0,False
2026-03-17 19:51:00+00:00,,,,,,,,0.66,0.66,,0.0,0,False
2026-03-17 19:51:30+00:00,,,,,,,,0.66,0.66,,0.0,0,False
2026-03-17 19:52:00+00:00,,,,,,,,0.66,0.66,,0.0,0,False
2026-03-17 19:52:30+00:00,,,,,,,,0.66,0.66,,0.0,0,False
2026-03-17 19:53:00+00:00,,,,,,,,0.66,0.66,,0.0,0,False
2026-03-17 19:53:30+00:00,,,,,,,,0.66,0.66,,0.0,0,False
2026-03-17 19:54:00+00:00,,,,,,,,0.66,0.66,,0.0,0,False
2026-03-17 19:54:30+00:00,,,,,,,,0.66,0.66,,0.0,0,False
2026-03-17 19:55:00+00:00,,,,,,,,0.66,0.66,,0.0,0,False
2026-03-17 19:55:30+00:00,,,,,,,,0.66,0.66,,0.0,0,False
2026-03-17 19:56:00+00:00,,,,,,,,0.66,0.66,,0.0,0,False
2026-03-17 19:56:30+00:00,,,,,,,,0.66,0.66,,0.0,0,False
2026-03-17 19:57:00+00:00,,,,,,,,0.66,0.66,,0.0,0,False
2026-03-17 19:57:30+00:00,,,,,,,,0.66,0.66,,0.0,0,False
2026-03-17 19:58:00+00:00,,,,,,,,0.66,0.66,,0.0,0,False
2026-03-17 19:58:30+00:00,,,,,,,,0.66,0.66,,0.0,0,False
2026-03-17 19:59:00+00:00,,,,,,,,0.66,0.66,,0.0,0,False
2026-03-17 19:59:30+00:00,,,,,,,,0.66,0.66,,0.0,0,False
2026-03-17 20:00:00+00:00,,,,,,,,0.66,0.66,,0.0,0,False
2026-03-17 20:00:30+00:00,,,,,,,,0.66,0.66,,0.0,0,False
2026-03-17 20:01:00+00:00,,,,,,,,0.66,0.66,,0.0,0,False
2026-03-17 20:01:30+00:00,,,,,,,,0.66,0.66,,0.0,0,False
2026-03-17 20:02:00+00:00,,,,,,,,0.66,0.66,,0.0,0,False
2026-03-17 20:02:30+00:00,,,,,,,,0.66,0.66,,0.0,0,False
2026-03-17 20:03:00+00:00,,,,,,,,0.66,0.66,,0.0,0,False
2026-03-17 20:03:30+00:00,,,,,,,,0.66,0.66,,0.0,0,False
2026-03-17 20:04:00+00:00,,,,,,,,0.66,0.66,,0.0,0,False
2026-03-17 20:04:30+00:00,,,,,,,,0.66,0.66,,0.0,0,False
2026-03-17 20:05:00+00:00,,,,,,,,0.66,0.66,,0.0,0,False
2026-03-17 20:05:30+00:00,,,,,,,,0.66,0.66,,0.0,0,False
2026-03-17 20:06:00+00:00,,,,,,,,0.66,0.66,,0.0,0,False
2026-03-17 20:06:30+00:00,,,,,,,,0.66,0.66,,0.0,0,False
2026-03-17 20:07:00+00:00,,,,,,,,0.66,0.66,,0.0,0,False
2026-03-17 20:07:30+00:00,,,,,,,,0.66,0.66,,0.0,0,False
2026-03-17 20:08:00+00:00,,,,,,,,0.66,0.66,,0.0,0,False
2026-03-17 20:08:30+00:00,,,,,,,,0.66,0.66,,0.0,0,False
2026-03-17 20:09:00+00:00,,,,,,,,0.66,0.66,,0.0,0,False
2026-03-17 20:09:30+00:00,,,,,,,,0.66,0.66,,0.0,0,False
2026-03-17 20:10:00+00:00,,,,,,,,0.66,0.66,,0.0,0,False
2026-03-17 20:10:30+00:00,,,,,,,,0.66,0.66,,0.0,0,False
2026-03-17 20:11:00+00:00,,,,,,,,0.66,0.66,,0.0,0,False
2026-03-17 20:11:30+00:00,,,,,,,,0.66,0.66,,0.0,0,False
2026-03-17 20:12:00+00:00,,,,,,,,0.66,0.66,,0.0,0,False
2026-03-17 20:12:30+00:00,,,,,,,,0.6599999999999999,0.6599999999999999,,7.0,1,False
2026-03-17 20:13:00+00:00,,,,,,,,0.6599999999999999,0.6599999999999999,,0.0,0,False
2026-03-17 20:13:30+00:00,,,,,,,,0.6599999999999999,0.6599999999999999,,0.0,0,False
2026-03-17 20:14:00+00:00,,,,,,,,0.6599999999999999,0.6599999999999999,,0.0,0,False
2026-03-17 20:14:30+00:00,,,,,,,,0.6599999999999999,0.6599999999999999,,0.0,0,False
2026-03-17 20:15:00+00:00,,,,,,,,0.6599999999999999,0.6599999999999999,,0.0,0,False
2026-03-17 20:15:30+00:00,,,,,,,,0.6599999999999999,0.6599999999999999,,0.0,0,False
2026-03-17 20:16:00+00:00,,,,,,,,0.6599999999999999,0.6599999999999999,,0.0,0,False
2026-03-17 20:16:30+00:00,,,,,,,,0.6599999999999999,0.6599999999999999,,0.0,0,False
2026-03-17 20:17:00+00:00,,,,,,,,0.6599999999999999,0.6599999999999999,,0.0,0,False
2026-03-17 20:17:30+00:00,,,,,,,,0.6599999999999999,0.6599999999999999,,0.0,0,False
2026-03-17 20:18:00+00:00,,,,,,,,0.6599999999999999,0.6599999999999999,,0.0,0,False
2026-03-17 20:18:30+00:00,,,,,,,,0.6599999999999999,0.6599999999999999,,0.0,0,False
2026-03-17 20:19:00+00:00,,,,,,,,0.6599999999999999,0.6599999999999999,,0.0,0,False
2026-03-17 20:19:30+00:00,,,,,,,,0.6599999999999999,0.6599999999999999,,0.0,0,False
2026-03-17 20:20:00+00:00,,,,,,,,0.6599999999999999,0.6599999999999999,,0.0,0,False
2026-03-17 20:20:30+00:00,,,,,,,,0.6599999999999999,0.6599999999999999,,0.0,0,False
2026-03-17 20:21:00+00:00,,,,,,,,0.6599999999999999,0.6599999999999999,,0.0,0,False
2026-03-17 20:21:30+00:00,,,,,,,,0.6599999999999999,0.6599999999999999,,0.0,0,False
2026-03-17 20:22:00+00:00,,,,,,,,0.64,0.64,,52.0,1,False
2026-03-17 20:22:30+00:00,,,,,,,,0.64,0.64,,0.0,0,False
2026-03-17 20:23:00+00:00,,,,,,,,0.64,0.64,,0.0,0,False
2026-03-17 20:23:30+00:00,,,,,,,,0.64,0.64,,0.0,0,False
2026-03-17 20:24:00+00:00,,,,,,,,0.64,0.64,,0.0,0,False
2026-03-17 20:24:30+00:00,,,,,,,,0.64,0.64,,0.0,0,False
2026-03-17 20:25:00+00:00,,,,,,,,0.64,0.64,,0.0,0,False
2026-03-17 20:25:30+00:00,,,,,,,,0.64,0.64,,0.0,0,False
2026-03-17 20:26:00+00:00,,,,,,,,0.64,0.64,,0.0,0,False
2026-03-17 20:26:30+00:00,,,,,,,,0.64,0.64,,0.0,0,False
2026-03-17 20:27:00+00:00,,,,,,,,0.64,0.64,,0.0,0,False
2026-03-17 20:27:30+00:00,,,,,,,,0.6599999999999999,0.6599999999999999,,7.0,1,False
2026-03-17 20:28:00+00:00,,,,,,,,0.6599999999999999,0.6599999999999999,,0.0,0,False
2026-03-17 20:28:30+00:00,,,,,,,,0.6599999999999999,0.6599999999999999,,0.0,0,False
2026-03-17 20:29:00+00:00,,,,,,,,0.6599999999999999,0.6599999999999999,,0.0,0,False
2026-03-17 20:29:30+00:00,,,,,,,,0.6599999999999999,0.6599999999999999,,0.0,0,False
2026-03-17 20:30:00+00:00,,,,,,,,0.6599999999999999,0.6599999999999999,,0.0,0,False
2026-03-17 20:30:30+00:00,,,,,,,,0.6599999999999999,0.6599999999999999,,0.0,0,False
2026-03-17 20:31:00+00:00,,,,,,,,0.6599999999999999,0.6599999999999999,,0.0,0,False
2026-03-17 20:31:30+00:00,,,,,,,,0.6599999999999999,0.6599999999999999,,0.0,0,False
2026-03-17 20:32:00+00:00,,,,,,,,0.6599999999999999,0.6599999999999999,,0.0,0,False
2026-03-17 20:32:30+00:00,,,,,,,,0.6599999999999999,0.6599999999999999,,0.0,0,False
2026-03-17 20:33:00+00:00,,,,,,,,0.6599999999999999,0.6599999999999999,,0.0,0,False
2026-03-17 20:33:30+00:00,,,,,,,,0.6599999999999999,0.6599999999999999,,0.0,0,False
2026-03-17 20:34:00+00:00,,,,,,,,0.6599999999999999,0.6599999999999999,,0.0,0,False
2026-03-17 20:34:30+00:00,,,,,,,,0.6599999999999999,0.6599999999999999,,0.0,0,False
2026-03-17 20:35:00+00:00,,,,,,,,0.6599999999999999,0.6599999999999999,,0.0,0,False
2026-03-17 20:35:30+00:00,,,,,,,,0.6599999999999999,0.6599999999999999,,0.0,0,False
2026-03-17 20:36:00+00:00,,,,,,,,0.6599999999999999,0.6599999999999999,,0.0,0,False
2026-03-17 20:36:30+00:00,,,,,,,,0.6599999999999999,0.6599999999999999,,0.0,0,False
2026-03-17 20:37:00+00:00,,,,,,,,0.6599999999999999,0.6599999999999999,,0.0,0,False
2026-03-17 20:37:30+00:00,,,,,,,,0.6599999999999999,0.6599999999999999,,0.0,0,False
2026-03-17 20:38:00+00:00,,,,,,,,0.6599999999999999,0.6599999999999999,,0.0,0,False
2026-03-17 20:38:30+00:00,,,,,,,,0.6599999999999999,0.6599999999999999,,0.0,0,False
2026-03-17 20:39:00+00:00,,,,,,,,0.6599999999999999,0.6599999999999999,,0.0,0,False
2026-03-17 20:39:30+00:00,,,,,,,,0.6599999999999999,0.6599999999999999,,0.0,0,False
2026-03-17 20:40:00+00:00,,,,,,,,0.6599999999999999,0.6599999999999999,,0.0,0,False
2026-03-17 20:40:30+00:00,,,,,,,,0.6599999999999999,0.6599999999999999,,0.0,0,False
2026-03-17 20:41:00+00:00,,,,,,,,0.6599999999999999,0.6599999999999999,,0.0,0,False
2026-03-17 20:41:30+00:00,,,,,,,,0.6599999999999999,0.6599999999999999,,0.0,0,False
2026-03-17 20:42:00+00:00,,,,,,,,0.6599999999999999,0.6599999999999999,,0.0,0,False
2026-03-17 20:42:30+00:00,,,,,,,,0.6599999999999999,0.6599999999999999,,0.0,0,False
2026-03-17 20:43:00+00:00,,,,,,,,0.6599999999999999,0.6599999999999999,,0.0,0,False
2026-03-17 20:43:30+00:00,,,,,,,,0.6599999999999999,0.6599999999999999,,0.0,0,False
2026-03-17 20:44:00+00:00,,,,,,,,0.6599999999999999,0.6599999999999999,,0.0,0,False
2026-03-17 20:44:30+00:00,,,,,,,,0.6599999999999999,0.6599999999999999,,0.0,0,False
2026-03-17 20:45:00+00:00,,,,,,,,0.6599999999999999,0.6599999999999999,,0.0,0,False
2026-03-17 20:45:30+00:00,,,,,,,,0.6599999999999999,0.6599999999999999,,0.0,0,False
2026-03-17 20:46:00+00:00,,,,,,,,0.6599999999999999,0.6599999999999999,,0.0,0,False
2026-03-17 20:46:30+00:00,,,,,,,,0.6599999999999999,0.6599999999999999,,0.0,0,False
2026-03-17 20:47:00+00:00,,,,,,,,0.6599999999999999,0.6599999999999999,,0.0,0,False
2026-03-17 20:47:30+00:00,,,,,,,,0.6599999999999999,0.6599999999999999,,0.0,0,False
2026-03-17 20:48:00+00:00,,,,,,,,0.6599999999999999,0.6599999999999999,,0.0,0,False
2026-03-17 20:48:30+00:00,,,,,,,,0.6599999999999999,0.6599999999999999,,0.0,0,False
2026-03-17 20:49:00+00:00,,,,,,,,0.6599999999999999,0.6599999999999999,,0.0,0,False
2026-03-17 20:49:30+00:00,,,,,,,,0.6599999999999999,0.6599999999999999,,0.0,0,False
2026-03-17 20:50:00+00:00,,,,,,,,0.6599999999999999,0.6599999999999999,,0.0,0,False
2026-03-17 20:50:30+00:00,,,,,,,,0.6599999999999999,0.6599999999999999,,0.0,0,False
2026-03-17 20:51:00+00:00,,,,,,,,0.6599999999999999,0.6599999999999999,,0.0,0,False
2026-03-17 20:51:30+00:00,,,,,,,,0.6599999999999999,0.6599999999999999,,0.0,0,False
2026-03-17 20:52:00+00:00,,,,,,,,0.6599999999999999,0.6599999999999999,,0.0,0,False
2026-03-17 20:52:30+00:00,,,,,,,,0.6599999999999999,0.6599999999999999,,52.0,1,False
2026-03-17 20:53:00+00:00,,,,,,,,0.6599999999999999,0.6599999999999999,,0.0,0,False
2026-03-17 20:53:30+00:00,,,,,,,,0.6599999999999999,0.6599999999999999,,0.0,0,False
2026-03-17 20:54:00+00:00,,,,,,,,0.6599999999999999,0.6599999999999999,,0.0,0,False
2026-03-17 20:54:30+00:00,,,,,,,,0.6599999999999999,0.6599999999999999,,0.0,0,False
2026-03-17 20:55:00+00:00,,,,,,,,0.6599999999999999,0.6599999999999999,,0.0,0,False
2026-03-17 20:55:30+00:00,,,,,,,,0.6599999999999999,0.6599999999999999,,0.0,0,False
2026-03-17 20:56:00+00:00,,,,,,,,0.6599999999999999,0.6599999999999999,,0.0,0,False
2026-03-17 20:56:30+00:00,,,,,,,,0.6599999999999999,0.6599999999999999,,0.0,0,False
2026-03-17 20:57:00+00:00,,,,,,,,0.6599999999999999,0.6599999999999999,,0.0,0,False
2026-03-17 20:57:30+00:00,,,,,,,,0.6599999999999999,0.6599999999999999,,0.0,0,False
2026-03-17 20:58:00+00:00,,,,,,,,0.6599999999999999,0.6599999999999999,,0.0,0,False
2026-03-17 20:58:30+00:00,,,,,,,,0.6599999999999999,0.6599999999999999,,0.0,0,False
2026-03-17 20:59:00+00:00,,,,,,,,0.6599999999999999,0.6599999999999999,,0.0,0,False
2026-03-17 20:59:30+00:00,,,,,,,,0.6599999999999999,0.6599999999999999,,0.0,0,False
2026-03-17 21:00:00+00:00,,,,,,,,0.6599999999999999,0.6599999999999999,,0.0,0,False
2026-03-17 21:00:30+00:00,,,,,,,,0.6599999999999999,0.6599999999999999,,0.0,0,False
2026-03-17 21:01:00+00:00,,,,,,,,0.6599999999999999,0.6599999999999999,,0.0,0,False
2026-03-17 21:01:30+00:00,,,,,,,,0.6599999999999999,0.6599999999999999,,0.0,0,False
2026-03-17 21:02:00+00:00,,,,,,,,0.6599999999999999,0.6599999999999999,,0.0,0,False
2026-03-17 21:02:30+00:00,,,,,,,,0.6599999999999999,0.6599999999999999,,0.0,0,False
2026-03-17 21:03:00+00:00,,,,,,,,0.6599999999999999,0.6599999999999999,,0.0,0,False
2026-03-17 21:03:30+00:00,,,,,,,,0.6599999999999999,0.6599999999999999,,0.0,0,False
2026-03-17 21:04:00+00:00,,,,,,,,0.6599999999999999,0.6599999999999999,,0.0,0,False
2026-03-17 21:04:30+00:00,,,,,,,,0.6599999999999999,0.6599999999999999,,0.0,0,False
2026-03-17 21:05:00+00:00,,,,,,,,0.6599999999999999,0.6599999999999999,,0.0,0,False
2026-03-17 21:05:30+00:00,,,,,,,,0.6599999999999999,0.6599999999999999,,0.0,0,False
2026-03-17 21:06:00+00:00,,,,,,,,0.6599999999999999,0.6599999999999999,,0.0,0,False
2026-03-17 21:06:30+00:00,,,,,,,,0.6599999999999999,0.6599999999999999,,0.0,0,False
2026-03-17 21:07:00+00:00,,,,,,,,0.6599999999999999,0.6599999999999999,,0.0,0,False
2026-03-17 21:07:30+00:00,,,,,,,,0.6599999999999999,0.6599999999999999,,0.0,0,False
2026-03-17 21:08:00+00:00,,,,,,,,0.6599999999999999,0.6599999999999999,,0.0,0,False
2026-03-17 21:08:30+00:00,,,,,,,,0.6599999999999999,0.6599999999999999,,0.0,0,False
2026-03-17 21:09:00+00:00,,,,,,,,0.6599999999999999,0.6599999999999999,,0.0,0,False
2026-03-17 21:09:30+00:00,,,,,,,,0.63,0.63,,12.0,1,False
2026-03-17 21:10:00+00:00,,,,,,,,0.63,0.63,,0.0,0,False
2026-03-17 21:10:30+00:00,,,,,,,,0.63,0.63,,0.0,0,False
2026-03-17 21:11:00+00:00,,,,,,,,0.63,0.63,,0.0,0,False
2026-03-17 21:11:30+00:00,,,,,,,,0.63,0.63,,0.0,0,False
2026-03-17 21:12:00+00:00,,,,,,,,0.63,0.63,,0.0,0,False
2026-03-17 21:12:30+00:00,,,,,,,,0.63,0.63,,0.0,0,False
2026-03-17 21:13:00+00:00,,,,,,,,0.63,0.63,,0.0,0,False
2026-03-17 21:13:30+00:00,,,,,,,,0.63,0.63,,0.0,0,False
2026-03-17 21:14:00+00:00,,,,,,,,0.63,0.63,,0.0,0,False
2026-03-17 21:14:30+00:00,,,,,,,,0.63,0.63,,0.0,0,False
2026-03-17 21:15:00+00:00,,,,,,,,0.63,0.63,,0.0,0,False
2026-03-17 21:15:30+00:00,,,,,,,,0.63,0.63,,0.0,0,False
2026-03-17 21:16:00+00:00,,,,,,,,0.63,0.63,,0.0,0,False
2026-03-17 21:16:30+00:00,,,,,,,,0.63,0.63,,0.0,0,False
2026-03-17 21:17:00+00:00,,,,,,,,0.63,0.63,,0.0,0,False
2026-03-17 21:17:30+00:00,,,,,,,,0.63,0.63,,0.0,0,False
2026-03-17 21:18:00+00:00,,,,,,,,0.63,0.63,,0.0,0,False
2026-03-17 21:18:30+00:00,,,,,,,,0.63,0.63,,0.0,0,False
2026-03-17 21:19:00+00:00,,,,,,,,0.63,0.63,,0.0,0,False
2026-03-17 21:19:30+00:00,,,,,,,,0.63,0.63,,0.0,0,False
2026-03-17 21:20:00+00:00,,,,,,,,0.63,0.63,,0.0,0,False
2026-03-17 21:20:30+00:00,,,,,,,,0.63,0.63,,0.0,0,False
2026-03-17 21:21:00+00:00,,,,,,,,0.63,0.63,,0.0,0,False
2026-03-17 21:21:30+00:00,,,,,,,,0.63,0.63,,0.0,0,False
2026-03-17 21:22:00+00:00,,,,,,,,0.64,0.64,,39.0,1,False
2026-03-17 21:22:30+00:00,,,,,,,,0.64,0.64,,0.0,0,False
2026-03-17 21:23:00+00:00,,,,,,,,0.64,0.64,,0.0,0,False
2026-03-17 21:23:30+00:00,,,,,,,,0.64,0.64,,0.0,0,False
2026-03-17 21:24:00+00:00,,,,,,,,0.64,0.64,,0.0,0,False
2026-03-17 21:24:30+00:00,,,,,,,,0.64,0.64,,0.0,0,False
2026-03-17 21:25:00+00:00,,,,,,,,0.64,0.64,,0.0,0,False
2026-03-17 21:25:30+00:00,,,,,,,,0.64,0.64,,0.0,0,False
2026-03-17 21:26:00+00:00,,,,,,,,0.64,0.64,,0.0,0,False
2026-03-17 21:26:30+00:00,,,,,,,,0.64,0.64,,0.0,0,False
2026-03-17 21:27:00+00:00,,,,,,,,0.64,0.64,,0.0,0,False
2026-03-17 21:27:30+00:00,,,,,,,,0.64,0.64,,0.0,0,False
2026-03-17 21:28:00+00:00,,,,,,,,0.64,0.64,,0.0,0,False
2026-03-17 21:28:30+00:00,,,,,,,,0.64,0.64,,0.0,0,False
2026-03-17 21:29:00+00:00,,,,,,,,0.64,0.64,,0.0,0,False
2026-03-17 21:29:30+00:00,,,,,,,,0.64,0.64,,0.0,0,False
2026-03-17 21:30:00+00:00,,,,,,,,0.64,0.64,,0.0,0,False
2026-03-17 21:30:30+00:00,,,,,,,,0.64,0.64,,0.0,0,False
2026-03-17 21:31:00+00:00,,,,,,,,0.64,0.64,,0.0,0,False
2026-03-17 21:31:30+00:00,,,,,,,,0.64,0.64,,0.0,0,False
2026-03-17 21:32:00+00:00,,,,,,,,0.64,0.64,,0.0,0,False
2026-03-17 21:32:30+00:00,,,,,,,,0.64,0.64,,0.0,0,False
2026-03-17 21:33:00+00:00,,,,,,,,0.64,0.64,,0.0,0,False
2026-03-17 21:33:30+00:00,,,,,,,,0.64,0.64,,0.0,0,False
2026-03-17 21:34:00+00:00,,,,,,,,0.64,0.64,,0.0,0,False
2026-03-17 21:34:30+00:00,,,,,,,,0.64,0.64,,0.0,0,False
2026-03-17 21:35:00+00:00,,,,,,,,0.64,0.64,,0.0,0,False
2026-03-17 21:35:30+00:00,,,,,,,,0.64,0.64,,0.0,0,False
2026-03-17 21:36:00+00:00,,,,,,,,0.64,0.64,,0.0,0,False
2026-03-17 21:36:30+00:00,,,,,,,,0.64,0.64,,0.0,0,False
2026-03-17 21:37:00+00:00,,,,,,,,0.64,0.64,,0.0,0,False
2026-03-17 21:37:30+00:00,,,,,,,,0.64,0.64,,0.0,0,False
2026-03-17 21:38:00+00:00,,,,,,,,0.64,0.64,,0.0,0,False
2026-03-17 21:38:30+00:00,,,,,,,,0.64,0.64,,0.0,0,False
2026-03-17 21:39:00+00:00,,,,,,,,0.64,0.64,,0.0,0,False
2026-03-17 21:39:30+00:00,,,,,,,,0.64,0.64,,0.0,0,False
2026-03-17 21:40:00+00:00,,,,,,,,0.64,0.64,,0.0,0,False
2026-03-17 21:40:30+00:00,,,,,,,,0.64,0.64,,0.0,0,False
2026-03-17 21:41:00+00:00,,,,,,,,0.64,0.64,,0.0,0,False
2026-03-17 21:41:30+00:00,,,,,,,,0.64,0.64,,0.0,0,False
2026-03-17 21:42:00+00:00,,,,,,,,0.64,0.64,,0.0,0,False
2026-03-17 21:42:30+00:00,,,,,,,,0.64,0.64,,0.0,0,False
2026-03-17 21:43:00+00:00,,,,,,,,0.64,0.64,,0.0,0,False
2026-03-17 21:43:30+00:00,,,,,,,,0.64,0.64,,0.0,0,False
2026-03-17 21:44:00+00:00,,,,,,,,0.64,0.64,,0.0,0,False
2026-03-17 21:44:30+00:00,,,,,,,,0.64,0.64,,0.0,0,False
2026-03-17 21:45:00+00:00,,,,,,,,0.64,0.64,,0.0,0,False
2026-03-17 21:45:30+00:00,,,,,,,,0.64,0.64,,0.0,0,False
2026-03-17 21:46:00+00:00,,,,,,,,0.64,0.64,,0.0,0,False
2026-03-17 21:46:30+00:00,,,,,,,,0.64,0.64,,0.0,0,False
2026-03-17 21:47:00+00:00,,,,,,,,0.64,0.64,,0.0,0,False
2026-03-17 21:47:30+00:00,,,,,,,,0.64,0.64,,0.0,0,False
2026-03-17 21:48:00+00:00,,,,,,,,0.64,0.64,,0.0,0,False
2026-03-17 21:48:30+00:00,,,,,,,,0.64,0.64,,0.0,0,False
2026-03-17 21:49:00+00:00,,,,,,,,0.64,0.64,,0.0,0,False
2026-03-17 21:49:30+00:00,,,,,,,,0.64,0.64,,0.0,0,False
2026-03-17 21:50:00+00:00,,,,,,,,0.64,0.64,,0.0,0,False
2026-03-17 21:50:30+00:00,,,,,,,,0.64,0.64,,0.0,0,False
2026-03-17 21:51:00+00:00,,,,,,,,0.64,0.64,,0.0,0,False
2026-03-17 21:51:30+00:00,,,,,,,,0.64,0.64,,0.0,0,False
2026-03-17 21:52:00+00:00,,,,,,,,0.64,0.64,,0.0,0,False
2026-03-17 21:52:30+00:00,,,,,,,,0.64,0.64,,0.0,0,False
2026-03-17 21:53:00+00:00,,,,,,,,0.64,0.64,,0.0,0,False
2026-03-17 21:53:30+00:00,,,,,,,,0.64,0.64,,0.0,0,False
2026-03-17 21:54:00+00:00,,,,,,,,0.64,0.64,,0.0,0,False
2026-03-17 21:54:30+00:00,,,,,,,,0.64,0.64,,0.0,0,False
2026-03-17 21:55:00+00:00,,,,,,,,0.64,0.64,,0.0,0,False
2026-03-17 21:55:30+00:00,,,,,,,,0.64,0.64,,0.0,0,False
2026-03-17 21:56:00+00:00,,,,,,,,0.64,0.64,,0.0,0,False
2026-03-17 21:56:30+00:00,,,,,,,,0.64,0.64,,0.0,0,False
2026-03-17 21:57:00+00:00,,,,,,,,0.64,0.64,,0.0,0,False
2026-03-17 21:57:30+00:00,,,,,,,,0.64,0.64,,0.0,0,False
2026-03-17 21:58:00+00:00,,,,,,,,0.64,0.64,,0.0,0,False
2026-03-17 21:58:30+00:00,,,,,,,,0.64,0.64,,0.0,0,False
2026-03-17 21:59:00+00:00,,,,,,,,0.64,0.64,,0.0,0,False
2026-03-17 21:59:30+00:00,,,,,,,,0.64,0.64,,0.0,0,False
2026-03-17 22:00:00+00:00,,,,,,,,0.64,0.64,,0.0,0,False
2026-03-17 22:00:30+00:00,,,,,,,,0.64,0.64,,0.0,0,False
2026-03-17 22:01:00+00:00,,,,,,,,0.64,0.64,,0.0,0,False
2026-03-17 22:01:30+00:00,,,,,,,,0.64,0.64,,0.0,0,False
2026-03-17 22:02:00+00:00,,,,,,,,0.64,0.64,,0.0,0,False
2026-03-17 22:02:30+00:00,,,,,,,,0.64,0.64,,0.0,0,False
2026-03-17 22:03:00+00:00,,,,,,,,0.64,0.64,,0.0,0,False
2026-03-17 22:03:30+00:00,,,,,,,,0.64,0.64,,0.0,0,False
2026-03-17 22:04:00+00:00,,,,,,,,0.64,0.64,,0.0,0,False
2026-03-17 22:04:30+00:00,,,,,,,,0.64,0.64,,0.0,0,False
2026-03-17 22:05:00+00:00,,,,,,,,0.64,0.64,,0.0,0,False
2026-03-17 22:05:30+00:00,,,,,,,,0.64,0.64,,0.0,0,False
2026-03-17 22:06:00+00:00,,,,,,,,0.64,0.64,,0.0,0,False
2026-03-17 22:06:30+00:00,,,,,,,,0.64,0.64,,0.0,0,False
2026-03-17 22:07:00+00:00,,,,,,,,0.64,0.64,,0.0,0,False
2026-03-17 22:07:30+00:00,,,,,,,,0.64,0.64,,0.0,0,False
2026-03-17 22:08:00+00:00,,,,,,,,0.64,0.64,,0.0,0,False
2026-03-17 22:08:30+00:00,,,,,,,,0.64,0.64,,0.0,0,False
2026-03-17 22:09:00+00:00,,,,,,,,0.64,0.64,,0.0,0,False
2026-03-17 22:09:30+00:00,,,,,,,,0.64,0.64,,0.0,0,False
2026-03-17 22:10:00+00:00,,,,,,,,0.64,0.64,,0.0,0,False
2026-03-17 22:10:30+00:00,,,,,,,,0.64,0.64,,0.0,0,False
2026-03-17 22:11:00+00:00,,,,,,,,0.64,0.64,,0.0,0,False
2026-03-17 22:11:30+00:00,,,,,,,,0.64,0.64,,0.0,0,False
2026-03-17 22:12:00+00:00,,,,,,,,0.64,0.64,,0.0,0,False
2026-03-17 22:12:30+00:00,,,,,,,,0.64,0.64,,0.0,0,False
2026-03-17 22:13:00+00:00,,,,,,,,0.64,0.64,,0.0,0,False
2026-03-17 22:13:30+00:00,,,,,,,,0.64,0.64,,0.0,0,False
2026-03-17 22:14:00+00:00,,,,,,,,0.64,0.64,,0.0,0,False
2026-03-17 22:14:30+00:00,,,,,,,,0.64,0.64,,0.0,0,False
2026-03-17 22:15:00+00:00,,,,,,,,0.64,0.64,,0.0,0,False
2026-03-17 22:15:30+00:00,,,,,,,,0.64,0.64,,0.0,0,False
2026-03-17 22:16:00+00:00,,,,,,,,0.64,0.64,,0.0,0,False
2026-03-17 22:16:30+00:00,,,,,,,,0.64,0.64,,0.0,0,False
2026-03-17 22:17:00+00:00,,,,,,,,0.64,0.64,,0.0,0,False
2026-03-17 22:17:30+00:00,,,,,,,,0.64,0.64,,0.0,0,False
2026-03-17 22:18:00+00:00,,,,,,,,0.64,0.64,,0.0,0,False
2026-03-17 22:18:30+00:00,,,,,,,,0.64,0.64,,0.0,0,False
2026-03-17 22:19:00+00:00,,,,,,,,0.64,0.64,,0.0,0,False
2026-03-17 22:19:30+00:00,,,,,,,,0.64,0.64,,0.0,0,False
2026-03-17 22:20:00+00:00,,,,,,,,0.64,0.64,,0.0,0,False
2026-03-17 22:20:30+00:00,,,,,,,,0.64,0.64,,0.0,0,False
2026-03-17 22:21:00+00:00,,,,,,,,0.64,0.64,,0.0,0,False
2026-03-17 22:21:30+00:00,,,,,,,,0.64,0.64,,0.0,0,False
2026-03-17 22:22:00+00:00,,,,,,,,0.64,0.64,,0.0,0,False
2026-03-17 22:22:30+00:00,,,,,,,,0.64,0.64,,0.0,0,False
2026-03-17 22:23:00+00:00,,,,,,,,0.64,0.64,,0.0,0,False
2026-03-17 22:23:30+00:00,,,,,,,,0.64,0.64,,0.0,0,False
2026-03-17 22:24:00+00:00,,,,,,,,0.64,0.64,,0.0,0,False
2026-03-17 22:24:30+00:00,,,,,,,,0.64,0.64,,0.0,0,False
2026-03-17 22:25:00+00:00,,,,,,,,0.64,0.64,,0.0,0,False
2026-03-17 22:25:30+00:00,,,,,,,,0.64,0.64,,0.0,0,False
2026-03-17 22:26:00+00:00,,,,,,,,0.64,0.64,,0.0,0,False
2026-03-17 22:26:30+00:00,,,,,,,,0.64,0.64,,0.0,0,False
2026-03-17 22:27:00+00:00,,,,,,,,0.64,0.64,,0.0,0,False
2026-03-17 22:27:30+00:00,,,,,,,,0.64,0.64,,0.0,0,False
2026-03-17 22:28:00+00:00,,,,,,,,0.64,0.64,,0.0,0,False
2026-03-17 22:28:30+00:00,,,,,,,,0.64,0.64,,0.0,0,False
2026-03-17 22:29:00+00:00,,,,,,,,0.64,0.64,,0.0,0,False
2026-03-17 22:29:30+00:00,,,,,,,,0.64,0.64,,0.0,0,False
2026-03-17 22:30:00+00:00,,,,,,,,0.64,0.64,,0.0,0,False
2026-03-17 22:30:30+00:00,,,,,,,,0.64,0.64,,0.0,0,False
2026-03-17 22:31:00+00:00,,,,,,,,0.64,0.64,,0.0,0,False
2026-03-17 22:31:30+00:00,,,,,,,,0.64,0.64,,0.0,0,False
2026-03-17 22:32:00+00:00,,,,,,,,0.64,0.64,,0.0,0,False
2026-03-17 22:32:30+00:00,,,,,,,,0.64,0.64,,0.0,0,False
2026-03-17 22:33:00+00:00,,,,,,,,0.64,0.64,,0.0,0,False
2026-03-17 22:33:30+00:00,,,,,,,,0.64,0.64,,0.0,0,False
2026-03-17 22:34:00+00:00,,,,,,,,0.64,0.64,,0.0,0,False
2026-03-17 22:34:30+00:00,,,,,,,,0.64,0.64,,0.0,0,False
2026-03-17 22:35:00+00:00,,,,,,,,0.64,0.64,,0.0,0,False
2026-03-17 22:35:30+00:00,,,,,,,,0.64,0.64,,0.0,0,False
2026-03-17 22:36:00+00:00,,,,,,,,0.64,0.64,,0.0,0,False
2026-03-17 22:36:30+00:00,,,,,,,,0.64,0.64,,0.0,0,False
2026-03-17 22:37:00+00:00,,,,,,,,0.64,0.64,,0.0,0,False
2026-03-17 22:37:30+00:00,,,,,,,,0.64,0.64,,0.0,0,False
2026-03-17 22:38:00+00:00,,,,,,,,0.64,0.64,,0.0,0,False
2026-03-17 22:38:30+00:00,,,,,,,,0.64,0.64,,0.0,0,False
2026-03-17 22:39:00+00:00,,,,,,,,0.64,0.64,,0.0,0,False
2026-03-17 22:39:30+00:00,,,,,,,,0.64,0.64,,0.0,0,False
2026-03-17 22:40:00+00:00,,,,,,,,0.64,0.64,,0.0,0,False
2026-03-17 22:40:30+00:00,,,,,,,,0.64,0.64,,0.0,0,False
2026-03-17 22:41:00+00:00,,,,,,,,0.64,0.64,,0.0,0,False
2026-03-17 22:41:30+00:00,,,,,,,,0.64,0.64,,0.0,0,False
2026-03-17 22:42:00+00:00,,,,,,,,0.64,0.64,,0.0,0,False
2026-03-17 22:42:30+00:00,,,,,,,,0.64,0.64,,0.0,0,False
2026-03-17 22:43:00+00:00,,,,,,,,0.64,0.64,,0.0,0,False
2026-03-17 22:43:30+00:00,,,,,,,,0.64,0.64,,0.0,0,False
2026-03-17 22:44:00+00:00,,,,,,,,0.64,0.64,,0.0,0,False
2026-03-17 22:44:30+00:00,,,,,,,,0.64,0.64,,0.0,0,False
2026-03-17 22:45:00+00:00,,,,,,,,0.64,0.64,,0.0,0,False
2026-03-17 22:45:30+00:00,,,,,,,,0.64,0.64,,0.0,0,False
2026-03-17 22:46:00+00:00,,,,,,,,0.64,0.64,,0.0,0,False
2026-03-17 22:46:30+00:00,,,,,,,,0.64,0.64,,0.0,0,False
2026-03-17 22:47:00+00:00,,,,,,,,0.64,0.64,,0.0,0,False
2026-03-17 22:47:30+00:00,,,,,,,,0.64,0.64,,0.0,0,False
2026-03-17 22:48:00+00:00,,,,,,,,0.64,0.64,,0.0,0,False
2026-03-17 22:48:30+00:00,,,,,,,,0.64,0.64,,0.0,0,False
2026-03-17 22:49:00+00:00,,,,,,,,0.64,0.64,,0.0,0,False
2026-03-17 22:49:30+00:00,,,,,,,,0.64,0.64,,0.0,0,False
2026-03-17 22:50:00+00:00,,,,,,,,0.64,0.64,,0.0,0,False
2026-03-17 22:50:30+00:00,,,,,,,,0.64,0.64,,0.0,0,False
2026-03-17 22:51:00+00:00,,,,,,,,0.64,0.64,,0.0,0,False
2026-03-17 22:51:30+00:00,,,,,,,,0.64,0.64,,0.0,0,False
2026-03-17 22:52:00+00:00,,,,,,,,0.64,0.64,,0.0,0,False
2026-03-17 22:52:30+00:00,,,,,,,,0.64,0.64,,0.0,0,False
2026-03-17 22:53:00+00:00,,,,,,,,0.64,0.64,,0.0,0,False
2026-03-17 22:53:30+00:00,,,,,,,,0.64,0.64,,0.0,0,False
2026-03-17 22:54:00+00:00,,,,,,,,0.64,0.64,,0.0,0,False
2026-03-17 22:54:30+00:00,,,,,,,,0.64,0.64,,0.0,0,False
2026-03-17 22:55:00+00:00,,,,,,,,0.64,0.64,,0.0,0,False
2026-03-17 22:55:30+00:00,,,,,,,,0.64,0.64,,0.0,0,False
2026-03-17 22:56:00+00:00,,,,,,,,0.64,0.64,,0.0,0,False
2026-03-17 22:56:30+00:00,,,,,,,,0.64,0.64,,0.0,0,False
2026-03-17 22:57:00+00:00,,,,,,,,0.64,0.64,,0.0,0,False
2026-03-17 22:57:30+00:00,,,,,,,,0.64,0.64,,0.0,0,False
2026-03-17 22:58:00+00:00,,,,,,,,0.64,0.64,,0.0,0,False
2026-03-17 22:58:30+00:00,,,,,,,,0.64,0.64,,0.0,0,False
2026-03-17 22:59:00+00:00,,,,,,,,0.64,0.64,,0.0,0,False
2026-03-17 22:59:30+00:00,,,,,,,,0.64,0.64,,0.0,0,False
2026-03-17 23:00:00+00:00,,,,,,,,0.64,0.64,,0.0,0,False
2026-03-17 23:00:30+00:00,,,,,,,,0.64,0.64,,0.0,0,False
2026-03-17 23:01:00+00:00,,,,,,,,0.64,0.64,,0.0,0,False
2026-03-17 23:01:30+00:00,,,,,,,,0.64,0.64,,0.0,0,False
2026-03-17 23:02:00+00:00,,,,,,,,0.64,0.64,,52.0,1,False
2026-03-17 23:02:30+00:00,,,,,,,,0.64,0.64,,0.0,0,False
2026-03-17 23:03:00+00:00,,,,,,,,0.64,0.64,,0.0,0,False
2026-03-17 23:03:30+00:00,,,,,,,,0.64,0.64,,0.0,0,False
2026-03-17 23:04:00+00:00,,,,,,,,0.64,0.64,,0.0,0,False
2026-03-17 23:04:30+00:00,,,,,,,,0.64,0.64,,0.0,0,False
2026-03-17 23:05:00+00:00,,,,,,,,0.64,0.64,,0.0,0,False
2026-03-17 23:05:30+00:00,,,,,,,,0.64,0.64,,0.0,0,False
2026-03-17 23:06:00+00:00,,,,,,,,0.64,0.64,,0.0,0,False
2026-03-17 23:06:30+00:00,,,,,,,,0.64,0.64,,0.0,0,False
2026-03-17 23:07:00+00:00,,,,,,,,0.64,0.64,,0.0,0,False
2026-03-17 23:07:30+00:00,,,,,,,,0.64,0.64,,0.0,0,False
2026-03-17 23:08:00+00:00,,,,,,,,0.64,0.64,,0.0,0,False
2026-03-17 23:08:30+00:00,,,,,,,,0.64,0.64,,0.0,0,False
2026-03-17 23:09:00+00:00,,,,,,,,0.64,0.64,,0.0,0,False
2026-03-17 23:09:30+00:00,,,,,,,,0.64,0.64,,0.0,0,False
2026-03-17 23:10:00+00:00,,,,,,,,0.64,0.64,,0.0,0,False
2026-03-17 23:10:30+00:00,,,,,,,,0.64,0.64,,3.0,1,False
2026-03-17 23:11:00+00:00,,,,,,,,0.64,0.64,,0.0,0,False
2026-03-17 23:11:30+00:00,,,,,,,,0.64,0.64,,0.0,0,False
2026-03-17 23:12:00+00:00,,,,,,,,0.64,0.64,,0.0,0,False
2026-03-17 23:12:30+00:00,,,,,,,,0.65,0.65,,74.0,1,False
2026-03-17 23:13:00+00:00,,,,,,,,0.65,0.65,,0.0,0,False
2026-03-17 23:13:30+00:00,,,,,,,,0.65,0.65,,0.0,0,False
2026-03-17 23:14:00+00:00,,,,,,,,0.65,0.65,,0.0,0,False
2026-03-17 23:14:30+00:00,,,,,,,,0.65,0.65,,0.0,0,False
2026-03-17 23:15:00+00:00,,,,,,,,0.65,0.65,,0.0,0,False
2026-03-17 23:15:30+00:00,,,,,,,,0.65,0.65,,0.0,0,False
2026-03-17 23:16:00+00:00,,,,,,,,0.65,0.65,,0.0,0,False
2026-03-17 23:16:30+00:00,,,,,,,,0.65,0.65,,0.0,0,False
2026-03-17 23:17:00+00:00,,,,,,,,0.65,0.65,,0.0,0,False
2026-03-17 23:17:30+00:00,,,,,,,,0.65,0.65,,0.0,0,False
2026-03-17 23:18:00+00:00,,,,,,,,0.65,0.65,,0.0,0,False
2026-03-17 23:18:30+00:00,,,,,,,,0.65,0.65,,0.0,0,False
2026-03-17 23:19:00+00:00,,,,,,,,0.65,0.65,,0.0,0,False
2026-03-17 23:19:30+00:00,,,,,,,,0.65,0.65,,0.0,0,False
2026-03-17 23:20:00+00:00,,,,,,,,0.65,0.65,,0.0,0,False
2026-03-17 23:20:30+00:00,,,,,,,,0.65,0.65,,0.0,0,False
2026-03-17 23:21:00+00:00,,,,,,,,0.65,0.65,,0.0,0,False
2026-03-17 23:21:30+00:00,,,,,,,,0.65,0.65,,0.0,0,False
2026-03-17 23:22:00+00:00,,,,,,,,0.65,0.65,,0.0,0,False
2026-03-17 23:22:30+00:00,,,,,,,,0.65,0.65,,5.0,1,False
2026-03-17 23:23:00+00:00,,,,,,,,0.65,0.65,,0.0,0,False
2026-03-17 23:23:30+00:00,,,,,,,,0.65,0.65,,0.0,0,False
2026-03-17 23:24:00+00:00,,,,,,,,0.65,0.65,,0.0,0,False
2026-03-17 23:24:30+00:00,,,,,,,,0.65,0.65,,0.0,0,False
2026-03-17 23:25:00+00:00,,,,,,,,0.65,0.65,,0.0,0,False
2026-03-17 23:25:30+00:00,,,,,,,,0.65,0.65,,0.0,0,False
2026-03-17 23:26:00+00:00,,,,,,,,0.65,0.65,,0.0,0,False
2026-03-17 23:26:30+00:00,,,,,,,,0.65,0.65,,0.0,0,False
2026-03-17 23:27:00+00:00,,,,,,,,0.62,0.62,,5.0,1,False
2026-03-17 23:27:30+00:00,,,,,,,,0.62,0.62,,0.0,0,False
2026-03-17 23:28:00+00:00,,,,,,,,0.62,0.62,,0.0,0,False
2026-03-17 23:28:30+00:00,,,,,,,,0.62,0.62,,0.0,0,False
2026-03-17 23:29:00+00:00,,,,,,,,0.62,0.62,,0.0,0,False
2026-03-17 23:29:30+00:00,,,,,,,,0.62,0.62,,0.0,0,False
2026-03-17 23:30:00+00:00,,,,,,,,0.64,0.64,,10.0,1,False
2026-03-17 23:30:30+00:00,,,,,,,,0.64,0.64,,0.0,0,False
2026-03-17 23:31:00+00:00,,,,,,,,0.64,0.64,,0.0,0,False
2026-03-17 23:31:30+00:00,,,,,,,,0.64,0.64,,0.0,0,False
2026-03-17 23:32:00+00:00,,,,,,,,0.64,0.64,,0.0,0,False
2026-03-17 23:32:30+00:00,,,,,,,,0.64,0.64,,0.0,0,False
2026-03-17 23:33:00+00:00,,,,,,,,0.64,0.64,,0.0,0,False
2026-03-17 23:33:30+00:00,,,,,,,,0.64,0.64,,0.0,0,False
2026-03-17 23:34:00+00:00,,,,,,,,0.64,0.64,,0.0,0,False
2026-03-17 23:34:30+00:00,,,,,,,,0.64,0.64,,0.0,0,False
2026-03-17 23:35:00+00:00,,,,,,,,0.64,0.64,,0.0,0,False
2026-03-17 23:35:30+00:00,,,,,,,,0.64,0.64,,0.0,0,False
2026-03-17 23:36:00+00:00,,,,,,,,0.64,0.64,,0.0,0,False
2026-03-17 23:36:30+00:00,,,,,,,,0.64,0.64,,0.0,0,False
2026-03-17 23:37:00+00:00,,,,,,,,0.64,0.64,,0.0,0,False
2026-03-17 23:37:30+00:00,,,,,,,,0.64,0.64,,0.0,0,False
2026-03-17 23:38:00+00:00,,,,,,,,0.64,0.64,,0.0,0,False
2026-03-17 23:38:30+00:00,,,,,,,,0.64,0.64,,0.0,0,False
2026-03-17 23:39:00+00:00,,,,,,,,0.64,0.64,,0.0,0,False
2026-03-17 23:39:30+00:00,,,,,,,,0.64,0.64,,0.0,0,False
2026-03-17 23:40:00+00:00,,,,,,,,0.64,0.64,,0.0,0,False
2026-03-17 23:40:30+00:00,,,,,,,,0.64,0.64,,0.0,0,False
2026-03-17 23:41:00+00:00,,,,,,,,0.64,0.64,,0.0,0,False
2026-03-17 23:41:30+00:00,,,,,,,,0.64,0.64,,0.0,0,False
2026-03-17 23:42:00+00:00,,,,,,,,0.64,0.64,,0.0,0,False
2026-03-17 23:42:30+00:00,,,,,,,,0.64,0.64,,0.0,0,False
2026-03-17 23:43:00+00:00,,,,,,,,0.64,0.64,,0.0,0,False
2026-03-17 23:43:30+00:00,,,,,,,,0.64,0.64,,0.0,0,False
2026-03-17 23:44:00+00:00,,,,,,,,0.64,0.64,,0.0,0,False
2026-03-17 23:44:30+00:00,,,,,,,,0.64,0.64,,0.0,0,False
2026-03-17 23:45:00+00:00,,,,,,,,0.64,0.64,,0.0,0,False
2026-03-17 23:45:30+00:00,,,,,,,,0.64,0.64,,0.0,0,False
2026-03-17 23:46:00+00:00,,,,,,,,0.64,0.64,,0.0,0,False
2026-03-17 23:46:30+00:00,,,,,,,,0.64,0.64,,0.0,0,False
2026-03-17 23:47:00+00:00,,,,,,,,0.64,0.64,,0.0,0,False
2026-03-17 23:47:30+00:00,,,,,,,,0.64,0.64,,0.0,0,False
2026-03-17 23:48:00+00:00,,,,,,,,0.64,0.64,,0.0,0,False
2026-03-17 23:48:30+00:00,,,,,,,,0.6353846153846155,0.63,,52.0,6,False
2026-03-17 23:49:00+00:00,,,,,,,,0.6353846153846155,0.63,,0.0,0,False
2026-03-17 23:49:30+00:00,,,,,,,,0.6353846153846155,0.63,,0.0,0,False
2026-03-17 23:50:00+00:00,,,,,,,,0.6353846153846155,0.63,,0.0,0,False
2026-03-17 23:50:30+00:00,,,,,,,,0.6353846153846155,0.63,,0.0,0,False
2026-03-17 23:51:00+00:00,,,,,,,,0.6353846153846155,0.63,,0.0,0,False
2026-03-17 23:51:30+00:00,,,,,,,,0.6353846153846155,0.63,,0.0,0,False
2026-03-17 23:52:00+00:00,,,,,,,,0.6353846153846155,0.63,,0.0,0,False
2026-03-17 23:52:30+00:00,,,,,,,,0.6353846153846155,0.63,,0.0,0,False
2026-03-17 23:53:00+00:00,,,,,,,,0.6353846153846155,0.63,,0.0,0,False
2026-03-17 23:53:30+00:00,,,,,,,,0.6353846153846155,0.63,,0.0,0,False
2026-03-17 23:54:00+00:00,,,,,,,,0.6353846153846155,0.63,,0.0,0,False
2026-03-17 23:54:30+00:00,,,,,,,,0.6353846153846155,0.63,,0.0,0,False
2026-03-17 23:55:00+00:00,,,,,,,,0.6353846153846155,0.63,,0.0,0,False
2026-03-17 23:55:30+00:00,,,,,,,,0.6353846153846155,0.63,,0.0,0,False
2026-03-17 23:56:00+00:00,,,,,,,,0.6353846153846155,0.63,,0.0,0,False
2026-03-17 23:56:30+00:00,,,,,,,,0.6353846153846155,0.63,,0.0,0,False
2026-03-17 23:57:00+00:00,,,,,,,,0.64,0.64,,1.0,1,False
2026-03-17 23:57:30+00:00,,,,,,,,0.63,0.63,,9.0,2,False
2026-03-17 23:58:00+00:00,,,,,,,,0.63,0.63,,0.0,0,False
2026-03-17 23:58:30+00:00,,,,,,,,0.63,0.63,,0.0,0,False
2026-03-17 23:59:00+00:00,,,,,,,,0.63,0.63,,0.0,0,False
2026-03-17 23:59:30+00:00,,,,,,,,0.63,0.63,,0.0,0,False
2026-03-18 00:00:00+00:00,,,,,,,,0.63,0.63,,0.0,0,False
2026-03-18 00:00:30+00:00,,,,,,,,0.63,0.63,,0.0,0,False
2026-03-18 00:01:00+00:00,,,,,,,,0.63,0.63,,0.0,0,False
2026-03-18 00:01:30+00:00,,,,,,,,0.63,0.63,,0.0,0,False
2026-03-18 00:02:00+00:00,,,,,,,,0.63,0.63,,0.0,0,False
2026-03-18 00:02:30+00:00,,,,,,,,0.63,0.63,,0.0,0,False
2026-03-18 00:03:00+00:00,,,,,,,,0.63,0.63,,0.0,0,False
2026-03-18 00:03:30+00:00,,,,,,,,0.63,0.63,,0.0,0,False
2026-03-18 00:04:00+00:00,,,,,,,,0.63,0.63,,0.0,0,False
2026-03-18 00:04:30+00:00,,,,,,,,0.63,0.63,,0.0,0,False
2026-03-18 00:05:00+00:00,,,,,,,,0.63,0.63,,0.0,0,False
2026-03-18 00:05:30+00:00,,,,,,,,0.63,0.63,,0.0,0,False
2026-03-18 00:06:00+00:00,,,,,,,,0.63,0.63,,0.0,0,False
2026-03-18 00:06:30+00:00,,,,,,,,0.63,0.63,,0.0,0,False
2026-03-18 00:07:00+00:00,,,,,,,,0.63,0.63,,0.0,0,False
2026-03-18 00:07:30+00:00,,,,,,,,0.63,0.63,,0.0,0,False
2026-03-18 00:08:00+00:00,,,,,,,,0.63,0.63,,0.0,0,False
2026-03-18 00:08:30+00:00,,,,,,,,0.63,0.63,,0.0,0,False
2026-03-18 00:09:00+00:00,,,,,,,,0.63,0.63,,0.0,0,False
2026-03-18 00:09:30+00:00,,,,,,,,0.63,0.63,,0.0,0,False
2026-03-18 00:10:00+00:00,,,,,,,,0.63,0.63,,0.0,0,False
2026-03-18 00:10:30+00:00,,,,,,,,0.63,0.63,,0.0,0,False
2026-03-18 00:11:00+00:00,,,,,,,,0.63,0.63,,0.0,0,False
2026-03-18 00:11:30+00:00,,,,,,,,0.63,0.63,,0.0,0,False
2026-03-18 00:12:00+00:00,,,,,,,,0.63,0.63,,0.0,0,False
2026-03-18 00:12:30+00:00,,,,,,,,0.63,0.63,,0.0,0,False
2026-03-18 00:13:00+00:00,,,,,,,,0.63,0.63,,0.0,0,False
2026-03-18 00:13:30+00:00,,,,,,,,0.63,0.63,,0.0,0,False
2026-03-18 00:14:00+00:00,,,,,,,,0.6559615384615383,0.65,,52.0,4,False
2026-03-18 00:14:30+00:00,,,,,,,,0.6559615384615383,0.65,,0.0,0,False
2026-03-18 00:15:00+00:00,,,,,,,,0.6559615384615383,0.65,,0.0,0,False
2026-03-18 00:15:30+00:00,,,,,,,,0.6559615384615383,0.65,,0.0,0,False
2026-03-18 00:16:00+00:00,,,,,,,,0.6559615384615383,0.65,,0.0,0,False
2026-03-18 00:16:30+00:00,,,,,,,,0.6559615384615383,0.65,,0.0,0,False
2026-03-18 00:17:00+00:00,,,,,,,,0.6559615384615383,0.65,,0.0,0,False
2026-03-18 00:17:30+00:00,,,,,,,,0.6559615384615383,0.65,,0.0,0,False
2026-03-18 00:18:00+00:00,,,,,,,,0.6559615384615383,0.65,,0.0,0,False
2026-03-18 00:18:30+00:00,,,,,,,,0.6559615384615383,0.65,,0.0,0,False
2026-03-18 00:19:00+00:00,,,,,,,,0.6559615384615383,0.65,,0.0,0,False
2026-03-18 00:19:30+00:00,,,,,,,,0.6559615384615383,0.65,,0.0,0,False
2026-03-18 00:20:00+00:00,,,,,,,,0.6559615384615383,0.65,,0.0,0,False
2026-03-18 00:20:30+00:00,,,,,,,,0.6559615384615383,0.65,,0.0,0,False
2026-03-18 00:21:00+00:00,,,,,,,,0.6559615384615383,0.65,,0.0,0,False
2026-03-18 00:21:30+00:00,,,,,,,,0.6559615384615383,0.65,,0.0,0,False
2026-03-18 00:22:00+00:00,,,,,,,,0.6559615384615383,0.65,,0.0,0,False
2026-03-18 00:22:30+00:00,,,,,,,,0.6559615384615383,0.65,,0.0,0,False
2026-03-18 00:23:00+00:00,,,,,,,,0.6559615384615383,0.65,,0.0,0,False
2026-03-18 00:23:30+00:00,,,,,,,,0.6559615384615383,0.65,,0.0,0,False
2026-03-18 00:24:00+00:00,,,,,,,,0.6559615384615383,0.65,,0.0,0,False
2026-03-18 00:24:30+00:00,,,,,,,,0.6559615384615383,0.65,,0.0,0,False
2026-03-18 00:25:00+00:00,,,,,,,,0.6559615384615383,0.65,,0.0,0,False
2026-03-18 00:25:30+00:00,,,,,,,,0.6559615384615383,0.65,,0.0,0,False
2026-03-18 00:26:00+00:00,,,,,,,,0.6559615384615383,0.65,,0.0,0,False
2026-03-18 00:26:30+00:00,,,,,,,,0.6559615384615383,0.65,,0.0,0,False
2026-03-18 00:27:00+00:00,,,,,,,,0.6559615384615383,0.65,,0.0,0,False
2026-03-18 00:27:30+00:00,,,,,,,,0.6559615384615383,0.65,,0.0,0,False
2026-03-18 00:28:00+00:00,,,,,,,,0.64,0.64,,1.0,1,False
2026-03-18 00:28:30+00:00,,,,,,,,0.64,0.64,,0.0,0,False
2026-03-18 00:29:00+00:00,,,,,,,,0.64,0.64,,0.0,0,False
2026-03-18 00:29:30+00:00,,,,,,,,0.64,0.64,,0.0,0,False
2026-03-18 00:30:00+00:00,,,,,,,,0.64,0.64,,0.0,0,False
2026-03-18 00:30:30+00:00,,,,,,,,0.64,0.64,,0.0,0,False
2026-03-18 00:31:00+00:00,,,,,,,,0.65,0.65,,2.0,1,False
2026-03-18 00:31:30+00:00,,,,,,,,0.65,0.65,,0.0,0,False
2026-03-18 00:32:00+00:00,,,,,,,,0.6572972972972974,0.66,,37.0,4,False
2026-03-18 00:32:30+00:00,,,,,,,,0.6572972972972974,0.66,,0.0,0,False
2026-03-18 00:33:00+00:00,,,,,,,,0.6572972972972974,0.66,,0.0,0,False
2026-03-18 00:33:30+00:00,,,,,,,,0.6572972972972974,0.66,,0.0,0,False
2026-03-18 00:34:00+00:00,,,,,,,,0.6572972972972974,0.66,,0.0,0,False
2026-03-18 00:34:30+00:00,,,,,,,,0.6572972972972974,0.66,,0.0,0,False
2026-03-18 00:35:00+00:00,,,,,,,,0.6572972972972974,0.66,,0.0,0,False
2026-03-18 00:35:30+00:00,,,,,,,,0.6572972972972974,0.66,,0.0,0,False
2026-03-18 00:36:00+00:00,,,,,,,,0.6572972972972974,0.66,,0.0,0,False
2026-03-18 00:36:30+00:00,,,,,,,,0.6572972972972974,0.66,,0.0,0,False
2026-03-18 00:37:00+00:00,,,,,,,,0.6572972972972974,0.66,,0.0,0,False
2026-03-18 00:37:30+00:00,,,,,,,,0.6572972972972974,0.66,,0.0,0,False
2026-03-18 00:38:00+00:00,,,,,,,,0.6572972972972974,0.66,,0.0,0,False
2026-03-18 00:38:30+00:00,,,,,,,,0.6572972972972974,0.66,,0.0,0,False
2026-03-18 00:39:00+00:00,,,,,,,,0.6572972972972974,0.66,,0.0,0,False
2026-03-18 00:39:30+00:00,,,,,,,,0.6572972972972974,0.66,,0.0,0,False
2026-03-18 00:40:00+00:00,,,,,,,,0.6572972972972974,0.66,,0.0,0,False
2026-03-18 00:40:30+00:00,,,,,,,,0.6572972972972974,0.66,,0.0,0,False
2026-03-18 00:41:00+00:00,,,,,,,,0.6572972972972974,0.66,,0.0,0,False
2026-03-18 00:41:30+00:00,,,,,,,,0.6572972972972974,0.66,,0.0,0,False
2026-03-18 00:42:00+00:00,,,,,,,,0.6572972972972974,0.66,,0.0,0,False
2026-03-18 00:42:30+00:00,,,,,,,,0.6572972972972974,0.66,,0.0,0,False
2026-03-18 00:43:00+00:00,,,,,,,,0.6572972972972974,0.66,,0.0,0,False
2026-03-18 00:43:30+00:00,,,,,,,,0.6572972972972974,0.66,,0.0,0,False
2026-03-18 00:44:00+00:00,,,,,,,,0.6572972972972974,0.66,,0.0,0,False
2026-03-18 00:44:30+00:00,,,,,,,,0.6572972972972974,0.66,,0.0,0,False
2026-03-18 00:45:00+00:00,,,,,,,,0.6572972972972974,0.66,,0.0,0,False
2026-03-18 00:45:30+00:00,,,,,,,,0.6572972972972974,0.66,,0.0,0,False
2026-03-18 00:46:00+00:00,,,,,,,,0.6572972972972974,0.66,,0.0,0,False
2026-03-18 00:46:30+00:00,,,,,,,,0.6572972972972974,0.66,,0.0,0,False
2026-03-18 00:47:00+00:00,,,,,,,,0.6572972972972974,0.66,,0.0,0,False
2026-03-18 00:47:30+00:00,,,,,,,,0.6572972972972974,0.66,,0.0,0,False
2026-03-18 00:48:00+00:00,,,,,,,,0.6572972972972974,0.66,,0.0,0,False
2026-03-18 00:48:30+00:00,,,,,,,,0.6572972972972974,0.66,,0.0,0,False
2026-03-18 00:49:00+00:00,,,,,,,,0.6572972972972974,0.66,,0.0,0,False
2026-03-18 00:49:30+00:00,,,,,,,,0.6572972972972974,0.66,,0.0,0,False
2026-03-18 00:50:00+00:00,,,,,,,,0.6572972972972974,0.66,,0.0,0,False
2026-03-18 00:50:30+00:00,,,,,,,,0.6572972972972974,0.66,,0.0,0,False
2026-03-18 00:51:00+00:00,,,,,,,,0.6572972972972974,0.66,,0.0,0,False
2026-03-18 00:51:30+00:00,,,,,,,,0.6572972972972974,0.66,,0.0,0,False
2026-03-18 00:52:00+00:00,,,,,,,,0.6572972972972974,0.66,,0.0,0,False
2026-03-18 00:52:30+00:00,,,,,,,,0.6572972972972974,0.66,,0.0,0,False
2026-03-18 00:53:00+00:00,,,,,,,,0.6572972972972974,0.66,,0.0,0,False
2026-03-18 00:53:30+00:00,,,,,,,,0.6572972972972974,0.66,,0.0,0,False
2026-03-18 00:54:00+00:00,,,,,,,,0.6572972972972974,0.66,,0.0,0,False
2026-03-18 00:54:30+00:00,,,,,,,,0.6572972972972974,0.66,,0.0,0,False
2026-03-18 00:55:00+00:00,,,,,,,,0.6572972972972974,0.66,,0.0,0,False
2026-03-18 00:55:30+00:00,,,,,,,,0.6572972972972974,0.66,,0.0,0,False
2026-03-18 00:56:00+00:00,,,,,,,,0.62,0.62,,1.0,1,False
2026-03-18 00:56:30+00:00,,,,,,,,0.62,0.62,,0.0,0,False
2026-03-18 00:57:00+00:00,,,,,,,,0.62,0.62,,0.0,0,False
2026-03-18 00:57:30+00:00,,,,,,,,0.62,0.62,,0.0,0,False
2026-03-18 00:58:00+00:00,,,,,,,,0.62,0.62,,0.0,0,False
2026-03-18 00:58:30+00:00,,,,,,,,0.62,0.62,,0.0,0,False
2026-03-18 00:59:00+00:00,,,,,,,,0.62,0.62,,0.0,0,False
2026-03-18 00:59:30+00:00,,,,,,,,0.62,0.62,,0.0,0,False
2026-03-18 01:00:00+00:00,,,,,,,,0.62,0.62,,0.0,0,False
2026-03-18 01:00:30+00:00,,,,,,,,0.64,0.64,,2.0,2,False
2026-03-18 01:01:00+00:00,,,,,,,,0.64,0.64,,0.0,0,False
2026-03-18 01:01:30+00:00,,,,,,,,0.64,0.64,,0.0,0,False
2026-03-18 01:02:00+00:00,,,,,,,,0.64,0.64,,0.0,0,False
2026-03-18 01:02:30+00:00,,,,,,,,0.64,0.64,,0.0,0,False
2026-03-18 01:03:00+00:00,,,,,,,,0.64,0.64,,0.0,0,False
2026-03-18 01:03:30+00:00,,,,,,,,0.64,0.64,,0.0,0,False
2026-03-18 01:04:00+00:00,,,,,,,,0.64,0.64,,0.0,0,False
2026-03-18 01:04:30+00:00,,,,,,,,0.64,0.64,,0.0,0,False
2026-03-18 01:05:00+00:00,,,,,,,,0.6575,0.66,,8.0,3,False
2026-03-18 01:05:30+00:00,,,,,,,,0.6575,0.66,,0.0,0,False
2026-03-18 01:06:00+00:00,,,,,,,,0.65,0.65,,2.0,2,False
2026-03-18 01:06:30+00:00,,,,,,,,0.65,0.65,,0.0,0,False
2026-03-18 01:07:00+00:00,,,,,,,,0.65,0.65,,0.0,0,False
2026-03-18 01:07:30+00:00,,,,,,,,0.65,0.65,,0.0,0,False
2026-03-18 01:08:00+00:00,,,,,,,,0.65,0.65,,0.0,0,False
2026-03-18 01:08:30+00:00,,,,,,,,0.65,0.65,,0.0,0,False
2026-03-18 01:09:00+00:00,,,,,,,,0.65,0.65,,0.0,0,False
2026-03-18 01:09:30+00:00,,,,,,,,0.65,0.65,,0.0,0,False
2026-03-18 01:10:00+00:00,,,,,,,,0.65,0.65,,0.0,0,False
2026-03-18 01:10:30+00:00,,,,,,,,0.65,0.65,,0.0,0,False
2026-03-18 01:11:00+00:00,,,,,,,,0.65,0.65,,0.0,0,False
2026-03-18 01:11:30+00:00,,,,,,,,0.65,0.65,,0.0,0,False
2026-03-18 01:12:00+00:00,,,,,,,,0.65,0.65,,0.0,0,False
2026-03-18 01:12:30+00:00,,,,,,,,0.65,0.65,,0.0,0,False
2026-03-18 01:13:00+00:00,,,,,,,,0.65,0.65,,0.0,0,False
2026-03-18 01:13:30+00:00,,,,,,,,0.65,0.65,,0.0,0,False
2026-03-18 01:14:00+00:00,,,,,,,,0.65,0.65,,0.0,0,False
2026-03-18 01:14:30+00:00,,,,,,,,0.65,0.65,,0.0,0,False
2026-03-18 01:15:00+00:00,,,,,,,,0.65,0.65,,0.0,0,False
2026-03-18 01:15:30+00:00,,,,,,,,0.65,0.65,,0.0,0,False
2026-03-18 01:16:00+00:00,,,,,,,,0.65,0.65,,0.0,0,False
2026-03-18 01:16:30+00:00,,,,,,,,0.65,0.65,,0.0,0,False
2026-03-18 01:17:00+00:00,,,,,,,,0.65,0.65,,0.0,0,False
2026-03-18 01:17:30+00:00,,,,,,,,0.65,0.65,,0.0,0,False
2026-03-18 01:18:00+00:00,,,,,,,,0.65,0.65,,0.0,0,False
2026-03-18 01:18:30+00:00,,,,,,,,0.65,0.65,,0.0,0,False
2026-03-18 01:19:00+00:00,,,,,,,,0.65,0.65,,0.0,0,False
2026-03-18 01:19:30+00:00,,,,,,,,0.65,0.65,,0.0,0,False
2026-03-18 01:20:00+00:00,,,,,,,,0.65,0.65,,0.0,0,False
2026-03-18 01:20:30+00:00,,,,,,,,0.65,0.65,,0.0,0,False
2026-03-18 01:21:00+00:00,,,,,,,,0.65,0.65,,0.0,0,False
2026-03-18 01:21:30+00:00,,,,,,,,0.65,0.65,,0.0,0,False
2026-03-18 01:22:00+00:00,,,,,,,,0.65,0.65,,0.0,0,False
2026-03-18 01:22:30+00:00,,,,,,,,0.65,0.65,,0.0,0,False
2026-03-18 01:23:00+00:00,,,,,,,,0.65,0.65,,0.0,0,False
2026-03-18 01:23:30+00:00,,,,,,,,0.65,0.65,,0.0,0,False
2026-03-18 01:24:00+00:00,,,,,,,,0.65,0.65,,0.0,0,False
2026-03-18 01:24:30+00:00,,,,,,,,0.65,0.65,,0.0,0,False
2026-03-18 01:25:00+00:00,,,,,,,,0.65,0.65,,0.0,0,False
2026-03-18 01:25:30+00:00,,,,,,,,0.65,0.65,,0.0,0,False
2026-03-18 01:26:00+00:00,,,,,,,,0.65,0.65,,0.0,0,False
2026-03-18 01:26:30+00:00,,,,,,,,0.65,0.65,,0.0,0,False
2026-03-18 01:27:00+00:00,,,,,,,,0.65,0.65,,0.0,0,False
2026-03-18 01:27:30+00:00,,,,,,,,0.65,0.65,,0.0,0,False
2026-03-18 01:28:00+00:00,,,,,,,,0.65,0.65,,27.0,2,False
2026-03-18 01:28:30+00:00,,,,,,,,0.65,0.65,,0.0,0,False
2026-03-18 01:29:00+00:00,,,,,,,,0.65,0.65,,0.0,0,False
2026-03-18 01:29:30+00:00,,,,,,,,0.65,0.65,,0.0,0,False
2026-03-18 01:30:00+00:00,,,,,,,,0.65,0.65,,0.0,0,False
2026-03-18 01:30:30+00:00,,,,,,,,0.65,0.65,,0.0,0,False
2026-03-18 01:31:00+00:00,,,,,,,,0.65,0.65,,0.0,0,False
2026-03-18 01:31:30+00:00,,,,,,,,0.65,0.65,,0.0,0,False
2026-03-18 01:32:00+00:00,,,,,,,,0.65,0.65,,0.0,0,False
2026-03-18 01:32:30+00:00,,,,,,,,0.65,0.65,,0.0,0,False
2026-03-18 01:33:00+00:00,,,,,,,,0.65,0.65,,0.0,0,False
2026-03-18 01:33:30+00:00,,,,,,,,0.65,0.65,,0.0,0,False
2026-03-18 01:34:00+00:00,,,,,,,,0.65,0.65,,0.0,0,False
2026-03-18 01:34:30+00:00,,,,,,,,0.65,0.65,,0.0,0,False
2026-03-18 01:35:00+00:00,,,,,,,,0.65,0.65,,0.0,0,False
2026-03-18 01:35:30+00:00,,,,,,,,0.65,0.65,,0.0,0,False
2026-03-18 01:36:00+00:00,,,,,,,,0.65,0.65,,0.0,0,False
2026-03-18 01:36:30+00:00,,,,,,,,0.65,0.65,,0.0,0,False
2026-03-18 01:37:00+00:00,,,,,,,,0.65,0.65,,0.0,0,False
2026-03-18 01:37:30+00:00,,,,,,,,0.65,0.65,,0.0,0,False
2026-03-18 01:38:00+00:00,,,,,,,,0.65,0.65,,0.0,0,False
2026-03-18 01:38:30+00:00,,,,,,,,0.65,0.65,,0.0,0,False
2026-03-18 01:39:00+00:00,,,,,,,,0.65,0.65,,0.0,0,False
2026-03-18 01:39:30+00:00,,,,,,,,0.65,0.65,,0.0,0,False
2026-03-18 01:40:00+00:00,,,,,,,,0.65,0.65,,0.0,0,False
2026-03-18 01:40:30+00:00,,,,,,,,0.65,0.65,,0.0,0,False
2026-03-18 01:41:00+00:00,,,,,,,,0.65,0.65,,0.0,0,False
2026-03-18 01:41:30+00:00,,,,,,,,0.65,0.65,,0.0,0,False
2026-03-18 01:42:00+00:00,,,,,,,,0.65,0.65,,0.0,0,False
2026-03-18 01:42:30+00:00,,,,,,,,0.65,0.65,,0.0,0,False
2026-03-18 01:43:00+00:00,,,,,,,,0.65,0.65,,0.0,0,False
2026-03-18 01:43:30+00:00,,,,,,,,0.65,0.65,,0.0,0,False
2026-03-18 01:44:00+00:00,,,,,,,,0.65,0.65,,0.0,0,False
2026-03-18 01:44:30+00:00,,,,,,,,0.65,0.65,,0.0,0,False
2026-03-18 01:45:00+00:00,,,,,,,,0.65,0.65,,0.0,0,False
2026-03-18 01:45:30+00:00,,,,,,,,0.65,0.65,,0.0,0,False
2026-03-18 01:46:00+00:00,,,,,,,,0.65,0.65,,0.0,0,False
2026-03-18 01:46:30+00:00,,,,,,,,0.65,0.65,,0.0,0,False
2026-03-18 01:47:00+00:00,,,,,,,,0.65,0.65,,0.0,0,False
2026-03-18 01:47:30+00:00,,,,,,,,0.65,0.65,,0.0,0,False
2026-03-18 01:48:00+00:00,,,,,,,,0.65,0.65,,0.0,0,False
2026-03-18 01:48:30+00:00,,,,,,,,0.65,0.65,,0.0,0,False
2026-03-18 01:49:00+00:00,,,,,,,,0.65,0.65,,0.0,0,False
2026-03-18 01:49:30+00:00,,,,,,,,0.65,0.65,,0.0,0,False
2026-03-18 01:50:00+00:00,,,,,,,,0.65,0.65,,0.0,0,False
2026-03-18 01:50:30+00:00,,,,,,,,0.65,0.65,,0.0,0,False
2026-03-18 01:51:00+00:00,,,,,,,,0.65,0.65,,0.0,0,False
2026-03-18 01:51:30+00:00,,,,,,,,0.65,0.65,,0.0,0,False
2026-03-18 01:52:00+00:00,,,,,,,,0.65,0.65,,0.0,0,False
2026-03-18 01:52:30+00:00,,,,,,,,0.65,0.65,,0.0,0,False
2026-03-18 01:53:00+00:00,,,,,,,,0.65,0.65,,0.0,0,False
2026-03-18 01:53:30+00:00,,,,,,,,0.65,0.65,,0.0,0,False
2026-03-18 01:54:00+00:00,,,,,,,,0.65,0.65,,0.0,0,False
2026-03-18 01:54:30+00:00,,,,,,,,0.65,0.65,,0.0,0,False
2026-03-18 01:55:00+00:00,,,,,,,,0.65,0.65,,0.0,0,False
2026-03-18 01:55:30+00:00,,,,,,,,0.65,0.65,,0.0,0,False
2026-03-18 01:56:00+00:00,,,,,,,,0.65,0.65,,0.0,0,False
2026-03-18 01:56:30+00:00,,,,,,,,0.64,0.64,,2.0,2,False
2026-03-18 01:57:00+00:00,,,,,,,,0.64,0.64,,0.0,0,False
2026-03-18 01:57:30+00:00,,,,,,,,0.64,0.64,,0.0,0,False
2026-03-18 01:58:00+00:00,,,,,,,,0.64,0.64,,0.0,0,False
2026-03-18 01:58:30+00:00,,,,,,,,0.64,0.64,,0.0,0,False
2026-03-18 01:59:00+00:00,,,,,,,,0.64,0.64,,0.0,0,False
2026-03-18 01:59:30+00:00,,,,,,,,0.64,0.64,,0.0,0,False
2026-03-18 02:00:00+00:00,,,,,,,,0.64,0.64,,0.0,0,False
2026-03-18 02:00:30+00:00,,,,,,,,0.64,0.64,,0.0,0,False
2026-03-18 02:01:00+00:00,,,,,,,,0.64,0.64,,0.0,0,False
2026-03-18 02:01:30+00:00,,,,,,,,0.64,0.64,,0.0,0,False
2026-03-18 02:02:00+00:00,,,,,,,,0.64,0.64,,0.0,0,False
2026-03-18 02:02:30+00:00,,,,,,,,0.64,0.64,,0.0,0,False
2026-03-18 02:03:00+00:00,,,,,,,,0.64,0.64,,0.0,0,False
2026-03-18 02:03:30+00:00,,,,,,,,0.64,0.64,,0.0,0,False
2026-03-18 02:04:00+00:00,,,,,,,,0.64,0.64,,0.0,0,False
2026-03-18 02:04:30+00:00,,,,,,,,0.64,0.64,,0.0,0,False
2026-03-18 02:05:00+00:00,,,,,,,,0.63,0.63,,15.0,1,False
2026-03-18 02:05:30+00:00,,,,,,,,0.63,0.63,,0.0,0,False
2026-03-18 02:06:00+00:00,,,,,,,,0.63,0.63,,0.0,0,False
2026-03-18 02:06:30+00:00,,,,,,,,0.63,0.63,,0.0,0,False
2026-03-18 02:07:00+00:00,,,,,,,,0.63,0.63,,0.0,0,False
2026-03-18 02:07:30+00:00,,,,,,,,0.63,0.63,,0.0,0,False
2026-03-18 02:08:00+00:00,,,,,,,,0.63,0.63,,0.0,0,False
2026-03-18 02:08:30+00:00,,,,,,,,0.63,0.63,,0.0,0,False
2026-03-18 02:09:00+00:00,,,,,,,,0.63,0.63,,12.0,1,False
2026-03-18 02:09:30+00:00,,,,,,,,0.63,0.63,,0.0,0,False
2026-03-18 02:10:00+00:00,,,,,,,,0.66,0.66,,100.0,3,False
2026-03-18 02:10:30+00:00,,,,,,,,0.66,0.66,,0.0,0,False
2026-03-18 02:11:00+00:00,,,,,,,,0.66,0.66,,0.0,0,False
2026-03-18 02:11:30+00:00,,,,,,,,0.66,0.66,,0.0,0,False
2026-03-18 02:12:00+00:00,,,,,,,,0.66,0.66,,0.0,0,False
2026-03-18 02:12:30+00:00,,,,,,,,0.66,0.66,,0.0,0,False
2026-03-18 02:13:00+00:00,,,,,,,,0.66,0.66,,0.0,0,False
2026-03-18 02:13:30+00:00,,,,,,,,0.66,0.66,,0.0,0,False
2026-03-18 02:14:00+00:00,,,,,,,,0.66,0.66,,0.0,0,False
2026-03-18 02:14:30+00:00,,,,,,,,0.66,0.66,,0.0,0,False
2026-03-18 02:15:00+00:00,,,,,,,,0.66,0.66,,0.0,0,False
2026-03-18 02:15:30+00:00,,,,,,,,0.66,0.66,,0.0,0,False
2026-03-18 02:16:00+00:00,,,,,,,,0.66,0.66,,0.0,0,False
2026-03-18 02:16:30+00:00,,,,,,,,0.66,0.66,,0.0,0,False
2026-03-18 02:17:00+00:00,,,,,,,,0.66,0.66,,0.0,0,False
2026-03-18 02:17:30+00:00,,,,,,,,0.66,0.66,,0.0,0,False
2026-03-18 02:18:00+00:00,,,,,,,,0.66,0.66,,0.0,0,False
2026-03-18 02:18:30+00:00,,,,,,,,0.66,0.66,,0.0,0,False
2026-03-18 02:19:00+00:00,,,,,,,,0.66,0.66,,0.0,0,False
2026-03-18 02:19:30+00:00,,,,,,,,0.66,0.66,,0.0,0,False
2026-03-18 02:20:00+00:00,,,,,,,,0.66,0.66,,0.0,0,False
2026-03-18 02:20:30+00:00,,,,,,,,0.66,0.66,,0.0,0,False
2026-03-18 02:21:00+00:00,,,,,,,,0.66,0.66,,0.0,0,False
2026-03-18 02:21:30+00:00,,,,,,,,0.66,0.66,,0.0,0,False
2026-03-18 02:22:00+00:00,,,,,,,,0.66,0.66,,0.0,0,False
2026-03-18 02:22:30+00:00,,,,,,,,0.66,0.66,,0.0,0,False
2026-03-18 02:23:00+00:00,,,,,,,,0.66,0.66,,0.0,0,False
2026-03-18 02:23:30+00:00,,,,,,,,0.66,0.66,,0.0,0,False
2026-03-18 02:24:00+00:00,,,,,,,,0.66,0.66,,0.0,0,False
2026-03-18 02:24:30+00:00,,,,,,,,0.66,0.66,,0.0,0,False
2026-03-18 02:25:00+00:00,,,,,,,,0.66,0.66,,0.0,0,False
2026-03-18 02:25:30+00:00,,,,,,,,0.66,0.66,,0.0,0,False
2026-03-18 02:26:00+00:00,,,,,,,,0.66,0.66,,0.0,0,False
2026-03-18 02:26:30+00:00,,,,,,,,0.66,0.66,,0.0,0,False
2026-03-18 02:27:00+00:00,,,,,,,,0.66,0.66,,0.0,0,False
2026-03-18 02:27:30+00:00,,,,,,,,0.66,0.66,,0.0,0,False
2026-03-18 02:28:00+00:00,,,,,,,,0.66,0.66,,0.0,0,False
2026-03-18 02:28:30+00:00,,,,,,,,0.64,0.64,,5.0,1,False
2026-03-18 02:29:00+00:00,,,,,,,,0.64,0.64,,0.0,0,False
2026-03-18 02:29:30+00:00,,,,,,,,0.64,0.64,,21.0,1,False
2026-03-18 02:30:00+00:00,,,,,,,,0.64,0.64,,0.0,0,False
2026-03-18 02:30:30+00:00,,,,,,,,0.64,0.64,,0.0,0,False
2026-03-18 02:31:00+00:00,,,,,,,,0.64,0.64,,0.0,0,False
2026-03-18 02:31:30+00:00,,,,,,,,0.64,0.64,,0.0,0,False
2026-03-18 02:32:00+00:00,,,,,,,,0.64,0.64,,0.0,0,False
2026-03-18 02:32:30+00:00,,,,,,,,0.64,0.64,,0.0,0,False
2026-03-18 02:33:00+00:00,,,,,,,,0.64,0.64,,0.0,0,False
2026-03-18 02:33:30+00:00,,,,,,,,0.64,0.64,,1.0,1,False
2026-03-18 02:34:00+00:00,,,,,,,,0.64,0.64,,0.0,0,False
2026-03-18 02:34:30+00:00,,,,,,,,0.64,0.64,,0.0,0,False
2026-03-18 02:35:00+00:00,,,,,,,,0.64,0.64,,0.0,0,False
2026-03-18 02:35:30+00:00,,,,,,,,0.64,0.64,,0.0,0,False
2026-03-18 02:36:00+00:00,,,,,,,,0.64,0.64,,0.0,0,False
2026-03-18 02:36:30+00:00,,,,,,,,0.64,0.64,,0.0,0,False
2026-03-18 02:37:00+00:00,,,,,,,,0.64,0.64,,0.0,0,False
2026-03-18 02:37:30+00:00,,,,,,,,0.64,0.64,,0.0,0,False
2026-03-18 02:38:00+00:00,,,,,,,,0.64,0.64,,0.0,0,False
2026-03-18 02:38:30+00:00,,,,,,,,0.64,0.64,,0.0,0,False
2026-03-18 02:39:00+00:00,,,,,,,,0.64,0.64,,0.0,0,False
2026-03-18 02:39:30+00:00,,,,,,,,0.64,0.64,,0.0,0,False
2026-03-18 02:40:00+00:00,,,,,,,,0.64,0.64,,0.0,0,False
2026-03-18 02:40:30+00:00,,,,,,,,0.64,0.64,,0.0,0,False
2026-03-18 02:41:00+00:00,,,,,,,,0.64,0.64,,0.0,0,False
2026-03-18 02:41:30+00:00,,,,,,,,0.64,0.64,,0.0,0,False
2026-03-18 02:42:00+00:00,,,,,,,,0.63,0.63,,12.0,1,False
2026-03-18 02:42:30+00:00,,,,,,,,0.63,0.63,,0.0,0,False
2026-03-18 02:43:00+00:00,,,,,,,,0.63,0.63,,0.0,0,False
2026-03-18 02:43:30+00:00,,,,,,,,0.63,0.63,,0.0,0,False
2026-03-18 02:44:00+00:00,,,,,,,,0.65,0.65,,1.0,1,False
2026-03-18 02:44:30+00:00,,,,,,,,0.65,0.65,,0.0,0,False
2026-03-18 02:45:00+00:00,,,,,,,,0.63,0.63,,25.0,1,False
2026-03-18 02:45:30+00:00,,,,,,,,0.63,0.63,,0.0,0,False
2026-03-18 02:46:00+00:00,,,,,,,,0.63,0.63,,0.0,0,False
2026-03-18 02:46:30+00:00,,,,,,,,0.63,0.63,,0.0,0,False
2026-03-18 02:47:00+00:00,,,,,,,,0.66,0.66,,5.0,2,False
2026-03-18 02:47:30+00:00,,,,,,,,0.67,0.67,,22.0,2,False
2026-03-18 02:48:00+00:00,,,,,,,,0.67,0.67,,0.0,0,False
2026-03-18 02:48:30+00:00,,,,,,,,0.67,0.67,,0.0,0,False
2026-03-18 02:49:00+00:00,,,,,,,,0.67,0.67,,0.0,0,False
2026-03-18 02:49:30+00:00,,,,,,,,0.65,0.65,,1.0,1,False
2026-03-18 02:50:00+00:00,,,,,,,,0.63,0.63,,1.0,1,False
2026-03-18 02:50:30+00:00,,,,,,,,0.63,0.63,,0.0,0,False
2026-03-18 02:51:00+00:00,,,,,,,,0.63,0.63,,0.0,0,False
2026-03-18 02:51:30+00:00,,,,,,,,0.63,0.63,,0.0,0,False
2026-03-18 02:52:00+00:00,,,,,,,,0.63,0.63,,0.0,0,False
2026-03-18 02:52:30+00:00,,,,,,,,0.63,0.63,,0.0,0,False
2026-03-18 02:53:00+00:00,,,,,,,,0.63,0.63,,0.0,0,False
2026-03-18 02:53:30+00:00,,,,,,,,0.63,0.63,,0.0,0,False
2026-03-18 02:54:00+00:00,,,,,,,,0.63,0.63,,0.0,0,False
2026-03-18 02:54:30+00:00,,,,,,,,0.63,0.63,,0.0,0,False
2026-03-18 02:55:00+00:00,,,,,,,,0.63,0.63,,0.0,0,False
2026-03-18 02:55:30+00:00,,,,,,,,0.63,0.63,,0.0,0,False
2026-03-18 02:56:00+00:00,,,,,,,,0.63,0.63,,0.0,0,False
2026-03-18 02:56:30+00:00,,,,,,,,0.63,0.63,,0.0,0,False
2026-03-18 02:57:00+00:00,,,,,,,,0.63,0.63,,0.0,0,False
2026-03-18 02:57:30+00:00,,,,,,,,0.63,0.63,,0.0,0,False
2026-03-18 02:58:00+00:00,,,,,,,,0.63,0.63,,0.0,0,False
2026-03-18 02:58:30+00:00,,,,,,,,0.63,0.63,,0.0,0,False
2026-03-18 02:59:00+00:00,,,,,,,,0.63,0.63,,0.0,0,False
2026-03-18 02:59:30+00:00,,,,,,,,0.64,0.64,,102.0,2,False
2026-03-18 03:00:00+00:00,,,,,,,,0.64,0.64,,22.0,1,False
2026-03-18 03:00:30+00:00,,,,,,,,0.64,0.64,,0.0,0,False
2026-03-18 03:01:00+00:00,,,,,,,,0.64,0.64,,0.0,0,False
2026-03-18 03:01:30+00:00,,,,,,,,0.64,0.64,,0.0,0,False
2026-03-18 03:02:00+00:00,,,,,,,,0.64,0.64,,0.0,0,False
2026-03-18 03:02:30+00:00,,,,,,,,0.63,0.63,,25.0,1,False
2026-03-18 03:03:00+00:00,,,,,,,,0.63,0.63,,0.0,0,False
2026-03-18 03:03:30+00:00,,,,,,,,0.63,0.63,,0.0,0,False
2026-03-18 03:04:00+00:00,,,,,,,,0.63,0.63,,0.0,0,False
2026-03-18 03:04:30+00:00,,,,,,,,0.63,0.63,,0.0,0,False
2026-03-18 03:05:00+00:00,,,,,,,,0.62,0.62,,1.0,1,False
2026-03-18 03:05:30+00:00,,,,,,,,0.62,0.62,,0.0,0,False
2026-03-18 03:06:00+00:00,,,,,,,,0.64,0.64,,5.0,1,False
2026-03-18 03:06:30+00:00,,,,,,,,0.64,0.64,,0.0,0,False
2026-03-18 03:07:00+00:00,,,,,,,,0.64,0.64,,0.0,0,False
2026-03-18 03:07:30+00:00,,,,,,,,0.64,0.64,,0.0,0,False
2026-03-18 03:08:00+00:00,,,,,,,,0.64,0.64,,0.0,0,False
2026-03-18 03:08:30+00:00,,,,,,,,0.64,0.64,,0.0,0,False
2026-03-18 03:09:00+00:00,,,,,,,,0.64,0.64,,0.0,0,False
2026-03-18 03:09:30+00:00,,,,,,,,0.64,0.64,,0.0,0,False
2026-03-18 03:10:00+00:00,,,,,,,,0.64,0.64,,0.0,0,False
2026-03-18 03:10:30+00:00,,,,,,,,0.64,0.64,,0.0,0,False
2026-03-18 03:11:00+00:00,,,,,,,,0.64,0.64,,0.0,0,False
2026-03-18 03:11:30+00:00,,,,,,,,0.64,0.64,,0.0,0,False
2026-03-18 03:12:00+00:00,,,,,,,,0.64,0.64,,0.0,0,False
2026-03-18 03:12:30+00:00,,,,,,,,0.64,0.64,,0.0,0,False
2026-03-18 03:13:00+00:00,,,,,,,,0.64,0.64,,0.0,0,False
2026-03-18 03:13:30+00:00,,,,,,,,0.64,0.64,,0.0,0,False
2026-03-18 03:14:00+00:00,,,,,,,,0.64,0.64,,0.0,0,False
2026-03-18 03:14:30+00:00,,,,,,,,0.64,0.64,,0.0,0,False
2026-03-18 03:15:00+00:00,,,,,,,,0.64,0.64,,0.0,0,False
2026-03-18 03:15:30+00:00,,,,,,,,0.64,0.64,,0.0,0,False
2026-03-18 03:16:00+00:00,,,,,,,,0.64,0.64,,0.0,0,False
2026-03-18 03:16:30+00:00,,,,,,,,0.64,0.64,,0.0,0,False
2026-03-18 03:17:00+00:00,,,,,,,,0.64,0.64,,0.0,0,False
2026-03-18 03:17:30+00:00,,,,,,,,0.64,0.64,,0.0,0,False
2026-03-18 03:18:00+00:00,,,,,,,,0.63,0.63,,26.0,2,False
2026-03-18 03:18:30+00:00,,,,,,,,0.63,0.63,,0.0,0,False
2026-03-18 03:19:00+00:00,,,,,,,,0.63,0.63,,0.0,0,False
2026-03-18 03:19:30+00:00,,,,,,,,0.63,0.63,,0.0,0,False
2026-03-18 03:20:00+00:00,,,,,,,,0.63,0.63,,10.0,1,False
2026-03-18 03:20:30+00:00,,,,,,,,0.63,0.63,,25.0,1,False
2026-03-18 03:21:00+00:00,,,,,,,,0.63,0.63,,0.0,0,False
2026-03-18 03:21:30+00:00,,,,,,,,0.63,0.63,,0.0,0,False
2026-03-18 03:22:00+00:00,,,,,,,,0.63,0.63,,0.0,0,False
2026-03-18 03:22:30+00:00,,,,,,,,0.63,0.63,,0.0,0,False
2026-03-18 03:23:00+00:00,,,,,,,,0.63,0.63,,0.0,0,False
2026-03-18 03:23:30+00:00,,,,,,,,0.63,0.63,,0.0,0,False
2026-03-18 03:24:00+00:00,,,,,,,,0.63,0.63,,0.0,0,False
2026-03-18 03:24:30+00:00,,,,,,,,0.63,0.63,,0.0,0,False
2026-03-18 03:25:00+00:00,,,,,,,,0.63,0.63,,0.0,0,False
2026-03-18 03:25:30+00:00,,,,,,,,0.64,0.64,,263.0,1,False
2026-03-18 03:26:00+00:00,,,,,,,,0.64,0.64,,0.0,0,False
2026-03-18 03:26:30+00:00,,,,,,,,0.64,0.64,,0.0,0,False
2026-03-18 03:27:00+00:00,,,,,,,,0.64,0.64,,0.0,0,False
2026-03-18 03:27:30+00:00,,,,,,,,0.64,0.64,,0.0,0,False
2026-03-18 03:28:00+00:00,,,,,,,,0.64,0.64,,0.0,0,False
2026-03-18 03:28:30+00:00,,,,,,,,0.64,0.64,,0.0,0,False
2026-03-18 03:29:00+00:00,,,,,,,,0.64,0.64,,0.0,0,False
2026-03-18 03:29:30+00:00,,,,,,,,0.64,0.64,,0.0,0,False
2026-03-18 03:30:00+00:00,,,,,,,,0.64,0.64,,0.0,0,False
2026-03-18 03:30:30+00:00,,,,,,,,0.64,0.64,,0.0,0,False
2026-03-18 03:31:00+00:00,,,,,,,,0.64,0.64,,0.0,0,False
2026-03-18 03:31:30+00:00,,,,,,,,0.64,0.64,,0.0,0,False
2026-03-18 03:32:00+00:00,,,,,,,,0.64,0.64,,0.0,0,False
2026-03-18 03:32:30+00:00,,,,,,,,0.64,0.64,,0.0,0,False
2026-03-18 03:33:00+00:00,,,,,,,,0.64,0.64,,7.0,1,False
2026-03-18 03:33:30+00:00,,,,,,,,0.64,0.64,,0.0,0,False
2026-03-18 03:34:00+00:00,,,,,,,,0.64,0.64,,0.0,0,False
2026-03-18 03:34:30+00:00,,,,,,,,0.64,0.64,,0.0,0,False
2026-03-18 03:35:00+00:00,,,,,,,,0.64,0.64,,0.0,0,False
2026-03-18 03:35:30+00:00,,,,,,,,0.64,0.64,,2.0,1,False
2026-03-18 03:36:00+00:00,,,,,,,,0.64,0.64,,0.0,0,False
2026-03-18 03:36:30+00:00,,,,,,,,0.64,0.64,,0.0,0,False
2026-03-18 03:37:00+00:00,,,,,,,,0.64,0.64,,0.0,0,False
2026-03-18 03:37:30+00:00,,,,,,,,0.64,0.64,,0.0,0,False
2026-03-18 03:38:00+00:00,,,,,,,,0.64,0.64,,0.0,0,False
2026-03-18 03:38:30+00:00,,,,,,,,0.64,0.64,,0.0,0,False
2026-03-18 03:39:00+00:00,,,,,,,,0.64,0.64,,0.0,0,False
2026-03-18 03:39:30+00:00,,,,,,,,0.64,0.64,,0.0,0,False
2026-03-18 03:40:00+00:00,,,,,,,,0.64,0.64,,0.0,0,False
2026-03-18 03:40:30+00:00,,,,,,,,0.64,0.64,,0.0,0,False
2026-03-18 03:41:00+00:00,,,,,,,,0.64,0.64,,0.0,0,False
2026-03-18 03:41:30+00:00,,,,,,,,0.64,0.64,,0.0,0,False
2026-03-18 03:42:00+00:00,,,,,,,,0.64,0.64,,0.0,0,False
2026-03-18 03:42:30+00:00,,,,,,,,0.64,0.64,,0.0,0,False
2026-03-18 03:43:00+00:00,,,,,,,,0.64,0.64,,0.0,0,False
2026-03-18 03:43:30+00:00,,,,,,,,0.64,0.64,,0.0,0,False
2026-03-18 03:44:00+00:00,,,,,,,,0.64,0.64,,0.0,0,False
2026-03-18 03:44:30+00:00,,,,,,,,0.64,0.64,,0.0,0,False
2026-03-18 03:45:00+00:00,,,,,,,,0.64,0.64,,0.0,0,False
2026-03-18 03:45:30+00:00,,,,,,,,0.64,0.64,,0.0,0,False
2026-03-18 03:46:00+00:00,,,,,,,,0.64,0.64,,0.0,0,False
2026-03-18 03:46:30+00:00,,,,,,,,0.64,0.64,,0.0,0,False
2026-03-18 03:47:00+00:00,,,,,,,,0.64,0.64,,0.0,0,False
2026-03-18 03:47:30+00:00,,,,,,,,0.64,0.64,,0.0,0,False
2026-03-18 03:48:00+00:00,,,,,,,,0.64,0.64,,0.0,0,False
2026-03-18 03:48:30+00:00,,,,,,,,0.64,0.64,,0.0,0,False
2026-03-18 03:49:00+00:00,,,,,,,,0.64,0.64,,38.0,1,False
2026-03-18 03:49:30+00:00,,,,,,,,0.64,0.64,,0.0,0,False
2026-03-18 03:50:00+00:00,,,,,,,,0.64,0.64,,0.0,0,False
2026-03-18 03:50:30+00:00,,,,,,,,0.64,0.64,,0.0,0,False
2026-03-18 03:51:00+00:00,,,,,,,,0.64,0.64,,0.0,0,False
2026-03-18 03:51:30+00:00,,,,,,,,0.64,0.64,,0.0,0,False
2026-03-18 03:52:00+00:00,,,,,,,,0.64,0.64,,0.0,0,False
2026-03-18 03:52:30+00:00,,,,,,,,0.64,0.64,,0.0,0,False
2026-03-18 03:53:00+00:00,,,,,,,,0.64,0.64,,0.0,0,False
2026-03-18 03:53:30+00:00,,,,,,,,0.64,0.64,,0.0,0,False
2026-03-18 03:54:00+00:00,,,,,,,,0.64,0.64,,0.0,0,False
2026-03-18 03:54:30+00:00,,,,,,,,0.64,0.64,,0.0,0,False
2026-03-18 03:55:00+00:00,,,,,,,,0.64,0.64,,0.0,0,False
2026-03-18 03:55:30+00:00,,,,,,,,0.64,0.64,,0.0,0,False
2026-03-18 03:56:00+00:00,,,,,,,,0.64,0.64,,0.0,0,False
2026-03-18 03:56:30+00:00,,,,,,,,0.64,0.64,,0.0,0,False
2026-03-18 03:57:00+00:00,,,,,,,,0.64,0.64,,0.0,0,False
2026-03-18 03:57:30+00:00,,,,,,,,0.64,0.64,,0.0,0,False
2026-03-18 03:58:00+00:00,,,,,,,,0.64,0.64,,0.0,0,False
2026-03-18 03:58:30+00:00,,,,,,,,0.64,0.64,,0.0,0,False
2026-03-18 03:59:00+00:00,,,,,,,,0.64,0.64,,0.0,0,False
2026-03-18 03:59:30+00:00,,,,,,,,0.64,0.64,,0.0,0,False
2026-03-18 04:00:00+00:00,,,,,,,,0.64,0.64,,0.0,0,False
2026-03-18 04:00:30+00:00,,,,,,,,0.64,0.64,,0.0,0,False
2026-03-18 04:01:00+00:00,,,,,,,,0.64,0.64,,11.0,1,False
2026-03-18 04:01:30+00:00,,,,,,,,0.64,0.64,,0.0,0,False
2026-03-18 04:02:00+00:00,,,,,,,,0.64,0.64,,0.0,0,False
2026-03-18 04:02:30+00:00,,,,,,,,0.64,0.64,,0.0,0,False
2026-03-18 04:03:00+00:00,,,,,,,,0.64,0.64,,0.0,0,False
2026-03-18 04:03:30+00:00,,,,,,,,0.64,0.64,,0.0,0,False
2026-03-18 04:04:00+00:00,,,,,,,,0.64,0.64,,0.0,0,False
2026-03-18 04:04:30+00:00,,,,,,,,0.64,0.64,,0.0,0,False
2026-03-18 04:05:00+00:00,,,,,,,,0.64,0.64,,0.0,0,False
2026-03-18 04:05:30+00:00,,,,,,,,0.64,0.64,,0.0,0,False
2026-03-18 04:06:00+00:00,,,,,,,,0.64,0.64,,0.0,0,False
2026-03-18 04:06:30+00:00,,,,,,,,0.64,0.64,,0.0,0,False
2026-03-18 04:07:00+00:00,,,,,,,,0.64,0.64,,105.0,1,False
2026-03-18 04:07:30+00:00,,,,,,,,0.64,0.64,,0.0,0,False
2026-03-18 04:08:00+00:00,,,,,,,,0.64,0.64,,0.0,0,False
2026-03-18 04:08:30+00:00,,,,,,,,0.64,0.64,,0.0,0,False
2026-03-18 04:09:00+00:00,,,,,,,,0.64,0.64,,0.0,0,False
2026-03-18 04:09:30+00:00,,,,,,,,0.64,0.64,,0.0,0,False
2026-03-18 04:10:00+00:00,,,,,,,,0.64,0.64,,0.0,0,False
2026-03-18 04:10:30+00:00,,,,,,,,0.64,0.64,,1.0,1,False
2026-03-18 04:11:00+00:00,,,,,,,,0.64,0.64,,0.0,0,False
2026-03-18 04:11:30+00:00,,,,,,,,0.64,0.64,,5.0,1,False
2026-03-18 04:12:00+00:00,,,,,,,,0.64,0.64,,0.0,0,False
2026-03-18 04:12:30+00:00,,,,,,,,0.64,0.64,,0.0,0,False
2026-03-18 04:13:00+00:00,,,,,,,,0.64,0.64,,0.0,0,False
2026-03-18 04:13:30+00:00,,,,,,,,0.64,0.64,,0.0,0,False
2026-03-18 04:14:00+00:00,,,,,,,,0.64,0.64,,0.0,0,False
2026-03-18 04:14:30+00:00,,,,,,,,0.64,0.64,,0.0,0,False
2026-03-18 04:15:00+00:00,,,,,,,,0.64,0.64,,0.0,0,False
2026-03-18 04:15:30+00:00,,,,,,,,0.67,0.67,,202.0,1,False
2026-03-18 04:16:00+00:00,,,,,,,,0.67,0.67,,0.0,0,False
2026-03-18 04:16:30+00:00,,,,,,,,0.67,0.67,,0.0,0,False
2026-03-18 04:17:00+00:00,,,,,,,,0.67,0.67,,0.0,0,False
2026-03-18 04:17:30+00:00,,,,,,,,0.67,0.67,,0.0,0,False
2026-03-18 04:18:00+00:00,,,,,,,,0.67,0.67,,0.0,0,False
2026-03-18 04:18:30+00:00,,,,,,,,0.67,0.67,,0.0,0,False
2026-03-18 04:19:00+00:00,,,,,,,,0.67,0.67,,0.0,0,False
2026-03-18 04:19:30+00:00,,,,,,,,0.64,0.64,,13.0,1,False
2026-03-18 04:20:00+00:00,,,,,,,,0.64,0.64,,0.0,0,False
2026-03-18 04:20:30+00:00,,,,,,,,0.64,0.64,,0.0,0,False
2026-03-18 04:21:00+00:00,,,,,,,,0.64,0.64,,0.0,0,False
2026-03-18 04:21:30+00:00,,,,,,,,0.64,0.64,,0.0,0,False
2026-03-18 04:22:00+00:00,,,,,,,,0.64,0.64,,0.0,0,False
2026-03-18 04:22:30+00:00,,,,,,,,0.64,0.64,,0.0,0,False
2026-03-18 04:23:00+00:00,,,,,,,,0.64,0.64,,0.0,0,False
2026-03-18 04:23:30+00:00,,,,,,,,0.64,0.64,,0.0,0,False
2026-03-18 04:24:00+00:00,,,,,,,,0.64,0.64,,0.0,0,False
2026-03-18 04:24:30+00:00,,,,,,,,0.64,0.64,,0.0,0,False
2026-03-18 04:25:00+00:00,,,,,,,,0.64,0.64,,0.0,0,False
2026-03-18 04:25:30+00:00,,,,,,,,0.64,0.64,,0.0,0,False
2026-03-18 04:26:00+00:00,,,,,,,,0.64,0.64,,0.0,0,False
2026-03-18 04:26:30+00:00,,,,,,,,0.64,0.64,,0.0,0,False
2026-03-18 04:27:00+00:00,,,,,,,,0.64,0.64,,0.0,0,False
2026-03-18 04:27:30+00:00,,,,,,,,0.64,0.64,,0.0,0,False
2026-03-18 04:28:00+00:00,,,,,,,,0.64,0.64,,0.0,0,False
2026-03-18 04:28:30+00:00,,,,,,,,0.64,0.64,,0.0,0,False
2026-03-18 04:29:00+00:00,,,,,,,,0.64,0.64,,0.0,0,False
2026-03-18 04:29:30+00:00,,,,,,,,0.64,0.64,,0.0,0,False
2026-03-18 04:30:00+00:00,,,,,,,,0.64,0.64,,263.0,1,False
2026-03-18 04:30:30+00:00,,,,,,,,0.64,0.64,,0.0,0,False
2026-03-18 04:31:00+00:00,,,,,,,,0.64,0.64,,0.0,0,False
2026-03-18 04:31:30+00:00,,,,,,,,0.64,0.64,,0.0,0,False
2026-03-18 04:32:00+00:00,,,,,,,,0.64,0.64,,0.0,0,False
2026-03-18 04:32:30+00:00,,,,,,,,0.64,0.64,,0.0,0,False
2026-03-18 04:33:00+00:00,,,,,,,,0.64,0.64,,0.0,0,False
2026-03-18 04:33:30+00:00,,,,,,,,0.64,0.64,,0.0,0,False
2026-03-18 04:34:00+00:00,,,,,,,,0.64,0.64,,6.0,1,False
2026-03-18 04:34:30+00:00,,,,,,,,0.64,0.64,,39.0,1,False
2026-03-18 04:35:00+00:00,,,,,,,,0.64,0.64,,0.0,0,False
2026-03-18 04:35:30+00:00,,,,,,,,0.64,0.64,,0.0,0,False
2026-03-18 04:36:00+00:00,,,,,,,,0.64,0.64,,0.0,0,False
2026-03-18 04:36:30+00:00,,,,,,,,0.64,0.64,,0.0,0,False
2026-03-18 04:37:00+00:00,,,,,,,,0.64,0.64,,0.0,0,False
2026-03-18 04:37:30+00:00,,,,,,,,0.64,0.64,,0.0,0,False
2026-03-18 04:38:00+00:00,,,,,,,,0.64,0.64,,0.0,0,False
2026-03-18 04:38:30+00:00,,,,,,,,0.64,0.64,,0.0,0,False
2026-03-18 04:39:00+00:00,,,,,,,,0.64,0.64,,0.0,0,False
2026-03-18 04:39:30+00:00,,,,,,,,0.64,0.64,,0.0,0,False
2026-03-18 04:40:00+00:00,,,,,,,,0.64,0.64,,0.0,0,False
2026-03-18 04:40:30+00:00,,,,,,,,0.64,0.64,,0.0,0,False
2026-03-18 04:41:00+00:00,,,,,,,,0.64,0.64,,0.0,0,False
2026-03-18 04:41:30+00:00,,,,,,,,0.64,0.64,,0.0,0,False
2026-03-18 04:42:00+00:00,,,,,,,,0.64,0.64,,0.0,0,False
2026-03-18 04:42:30+00:00,,,,,,,,0.64,0.64,,0.0,0,False
2026-03-18 04:43:00+00:00,,,,,,,,0.64,0.64,,0.0,0,False
2026-03-18 04:43:30+00:00,,,,,,,,0.64,0.64,,0.0,0,False
2026-03-18 04:44:00+00:00,,,,,,,,0.66,0.66,,1.0,1,False
2026-03-18 04:44:30+00:00,,,,,,,,0.66,0.66,,0.0,0,False
2026-03-18 04:45:00+00:00,,,,,,,,0.66,0.66,,0.0,0,False
2026-03-18 04:45:30+00:00,,,,,,,,0.66,0.66,,0.0,0,False
2026-03-18 04:46:00+00:00,,,,,,,,0.66,0.66,,0.0,0,False
2026-03-18 04:46:30+00:00,,,,,,,,0.68,0.68,,1.0,1,False
2026-03-18 04:47:00+00:00,,,,,,,,0.68,0.68,,0.0,0,False
2026-03-18 04:47:30+00:00,,,,,,,,0.68,0.68,,0.0,0,False
2026-03-18 04:48:00+00:00,,,,,,,,0.68,0.68,,0.0,0,False
2026-03-18 04:48:30+00:00,,,,,,,,0.68,0.68,,0.0,0,False
2026-03-18 04:49:00+00:00,,,,,,,,0.68,0.68,,0.0,0,False
2026-03-18 04:49:30+00:00,,,,,,,,0.68,0.68,,0.0,0,False
2026-03-18 04:50:00+00:00,,,,,,,,0.68,0.68,,0.0,0,False
2026-03-18 04:50:30+00:00,,,,,,,,0.68,0.68,,8.0,1,False
2026-03-18 04:51:00+00:00,,,,,,,,0.68,0.68,,0.0,0,False
2026-03-18 04:51:30+00:00,,,,,,,,0.68,0.68,,0.0,0,False
2026-03-18 04:52:00+00:00,,,,,,,,0.68,0.68,,0.0,0,False
2026-03-18 04:52:30+00:00,,,,,,,,0.68,0.68,,0.0,0,False
2026-03-18 04:53:00+00:00,,,,,,,,0.68,0.68,,0.0,0,False
2026-03-18 04:53:30+00:00,,,,,,,,0.68,0.68,,0.0,0,False
2026-03-18 04:54:00+00:00,,,,,,,,0.68,0.68,,0.0,0,False
2026-03-18 04:54:30+00:00,,,,,,,,0.68,0.68,,0.0,0,False
2026-03-18 04:55:00+00:00,,,,,,,,0.68,0.68,,0.0,0,False
2026-03-18 04:55:30+00:00,,,,,,,,0.68,0.68,,0.0,0,False
2026-03-18 04:56:00+00:00,,,,,,,,0.68,0.68,,0.0,0,False
2026-03-18 04:56:30+00:00,,,,,,,,0.68,0.68,,0.0,0,False
2026-03-18 04:57:00+00:00,,,,,,,,0.68,0.68,,0.0,0,False
2026-03-18 04:57:30+00:00,,,,,,,,0.64,0.64,,20.0,1,False
2026-03-18 04:58:00+00:00,,,,,,,,0.64,0.64,,0.0,0,False
2026-03-18 04:58:30+00:00,,,,,,,,0.64,0.64,,0.0,0,False
2026-03-18 04:59:00+00:00,,,,,,,,0.64,0.64,,0.0,0,False
2026-03-18 04:59:30+00:00,,,,,,,,0.64,0.64,,0.0,0,False
2026-03-18 05:00:00+00:00,,,,,,,,0.64,0.64,,0.0,0,False
2026-03-18 05:00:30+00:00,,,,,,,,0.64,0.64,,0.0,0,False
2026-03-18 05:01:00+00:00,,,,,,,,0.64,0.64,,0.0,0,False
2026-03-18 05:01:30+00:00,,,,,,,,0.64,0.64,,0.0,0,False
2026-03-18 05:02:00+00:00,,,,,,,,0.64,0.64,,0.0,0,False
2026-03-18 05:02:30+00:00,,,,,,,,0.64,0.64,,0.0,0,False
2026-03-18 05:03:00+00:00,,,,,,,,0.64,0.64,,0.0,0,False
2026-03-18 05:03:30+00:00,,,,,,,,0.64,0.64,,0.0,0,False
2026-03-18 05:04:00+00:00,,,,,,,,0.64,0.64,,0.0,0,False
2026-03-18 05:04:30+00:00,,,,,,,,0.64,0.64,,0.0,0,False
2026-03-18 05:05:00+00:00,,,,,,,,0.64,0.64,,0.0,0,False
2026-03-18 05:05:30+00:00,,,,,,,,0.64,0.64,,0.0,0,False
2026-03-18 05:06:00+00:00,,,,,,,,0.64,0.64,,0.0,0,False
2026-03-18 05:06:30+00:00,,,,,,,,0.64,0.64,,0.0,0,False
2026-03-18 05:07:00+00:00,,,,,,,,0.64,0.64,,0.0,0,False
2026-03-18 05:07:30+00:00,,,,,,,,0.645,0.67,,6.0,2,False
2026-03-18 05:08:00+00:00,,,,,,,,0.645,0.67,,0.0,0,False
2026-03-18 05:08:30+00:00,,,,,,,,0.645,0.67,,0.0,0,False
2026-03-18 05:09:00+00:00,,,,,,,,0.645,0.67,,0.0,0,False
2026-03-18 05:09:30+00:00,,,,,,,,0.645,0.67,,0.0,0,False
2026-03-18 05:10:00+00:00,,,,,,,,0.645,0.67,,0.0,0,False
2026-03-18 05:10:30+00:00,,,,,,,,0.645,0.67,,0.0,0,False
2026-03-18 05:11:00+00:00,,,,,,,,0.645,0.67,,0.0,0,False
2026-03-18 05:11:30+00:00,,,,,,,,0.645,0.67,,0.0,0,False
2026-03-18 05:12:00+00:00,,,,,,,,0.645,0.67,,0.0,0,False
2026-03-18 05:12:30+00:00,,,,,,,,0.645,0.67,,0.0,0,False
2026-03-18 05:13:00+00:00,,,,,,,,0.645,0.67,,0.0,0,False
2026-03-18 05:13:30+00:00,,,,,,,,0.645,0.67,,0.0,0,False
2026-03-18 05:14:00+00:00,,,,,,,,0.645,0.67,,0.0,0,False
2026-03-18 05:14:30+00:00,,,,,,,,0.645,0.67,,0.0,0,False
2026-03-18 05:15:00+00:00,,,,,,,,0.645,0.67,,0.0,0,False
2026-03-18 05:15:30+00:00,,,,,,,,0.645,0.67,,0.0,0,False
2026-03-18 05:16:00+00:00,,,,,,,,0.645,0.67,,0.0,0,False
2026-03-18 05:16:30+00:00,,,,,,,,0.645,0.67,,0.0,0,False
2026-03-18 05:17:00+00:00,,,,,,,,0.645,0.67,,0.0,0,False
2026-03-18 05:17:30+00:00,,,,,,,,0.645,0.67,,0.0,0,False
2026-03-18 05:18:00+00:00,,,,,,,,0.645,0.67,,0.0,0,False
2026-03-18 05:18:30+00:00,,,,,,,,0.645,0.67,,0.0,0,False
2026-03-18 05:19:00+00:00,,,,,,,,0.645,0.67,,0.0,0,False
2026-03-18 05:19:30+00:00,,,,,,,,0.645,0.67,,0.0,0,False
2026-03-18 05:20:00+00:00,,,,,,,,0.645,0.67,,0.0,0,False
2026-03-18 05:20:30+00:00,,,,,,,,0.645,0.67,,0.0,0,False
2026-03-18 05:21:00+00:00,,,,,,,,0.645,0.67,,0.0,0,False
2026-03-18 05:21:30+00:00,,,,,,,,0.645,0.67,,0.0,0,False
2026-03-18 05:22:00+00:00,,,,,,,,0.645,0.67,,0.0,0,False
2026-03-18 05:22:30+00:00,,,,,,,,0.645,0.67,,0.0,0,False
2026-03-18 05:23:00+00:00,,,,,,,,0.645,0.67,,0.0,0,False
2026-03-18 05:23:30+00:00,,,,,,,,0.645,0.67,,0.0,0,False
2026-03-18 05:24:00+00:00,,,,,,,,0.645,0.67,,0.0,0,False
2026-03-18 05:24:30+00:00,,,,,,,,0.645,0.67,,0.0,0,False
2026-03-18 05:25:00+00:00,,,,,,,,0.645,0.67,,0.0,0,False
2026-03-18 05:25:30+00:00,,,,,,,,0.645,0.67,,0.0,0,False
2026-03-18 05:26:00+00:00,,,,,,,,0.645,0.67,,0.0,0,False
2026-03-18 05:26:30+00:00,,,,,,,,0.645,0.67,,0.0,0,False
2026-03-18 05:27:00+00:00,,,,,,,,0.645,0.67,,0.0,0,False
2026-03-18 05:27:30+00:00,,,,,,,,0.645,0.67,,0.0,0,False
2026-03-18 05:28:00+00:00,,,,,,,,0.645,0.67,,0.0,0,False
2026-03-18 05:28:30+00:00,,,,,,,,0.645,0.67,,0.0,0,False
2026-03-18 05:29:00+00:00,,,,,,,,0.645,0.67,,0.0,0,False
2026-03-18 05:29:30+00:00,,,,,,,,0.645,0.67,,0.0,0,False
2026-03-18 05:30:00+00:00,,,,,,,,0.645,0.67,,0.0,0,False
2026-03-18 05:30:30+00:00,,,,,,,,0.645,0.67,,0.0,0,False
2026-03-18 05:31:00+00:00,,,,,,,,0.645,0.67,,0.0,0,False
2026-03-18 05:31:30+00:00,,,,,,,,0.645,0.67,,0.0,0,False
2026-03-18 05:32:00+00:00,,,,,,,,0.645,0.67,,0.0,0,False
2026-03-18 05:32:30+00:00,,,,,,,,0.645,0.67,,0.0,0,False
2026-03-18 05:33:00+00:00,,,,,,,,0.645,0.67,,0.0,0,False
2026-03-18 05:33:30+00:00,,,,,,,,0.645,0.67,,0.0,0,False
2026-03-18 05:34:00+00:00,,,,,,,,0.645,0.67,,0.0,0,False
2026-03-18 05:34:30+00:00,,,,,,,,0.645,0.67,,0.0,0,False
2026-03-18 05:35:00+00:00,,,,,,,,0.645,0.67,,0.0,0,False
2026-03-18 05:35:30+00:00,,,,,,,,0.645,0.67,,0.0,0,False
2026-03-18 05:36:00+00:00,,,,,,,,0.645,0.67,,0.0,0,False
2026-03-18 05:36:30+00:00,,,,,,,,0.645,0.67,,0.0,0,False
2026-03-18 05:37:00+00:00,,,,,,,,0.645,0.67,,0.0,0,False
2026-03-18 05:37:30+00:00,,,,,,,,0.645,0.67,,0.0,0,False
2026-03-18 05:38:00+00:00,,,,,,,,0.645,0.67,,0.0,0,False
2026-03-18 05:38:30+00:00,,,,,,,,0.645,0.67,,0.0,0,False
2026-03-18 05:39:00+00:00,,,,,,,,0.645,0.67,,0.0,0,False
2026-03-18 05:39:30+00:00,,,,,,,,0.645,0.67,,0.0,0,False
2026-03-18 05:40:00+00:00,,,,,,,,0.645,0.67,,0.0,0,False
2026-03-18 05:40:30+00:00,,,,,,,,0.645,0.67,,0.0,0,False
2026-03-18 05:41:00+00:00,,,,,,,,0.645,0.67,,0.0,0,False
2026-03-18 05:41:30+00:00,,,,,,,,0.645,0.67,,0.0,0,False
2026-03-18 05:42:00+00:00,,,,,,,,0.645,0.67,,0.0,0,False
2026-03-18 05:42:30+00:00,,,,,,,,0.645,0.67,,0.0,0,False
2026-03-18 05:43:00+00:00,,,,,,,,0.645,0.67,,0.0,0,False
2026-03-18 05:43:30+00:00,,,,,,,,0.645,0.67,,0.0,0,False
2026-03-18 05:44:00+00:00,,,,,,,,0.645,0.67,,0.0,0,False
2026-03-18 05:44:30+00:00,,,,,,,,0.645,0.67,,0.0,0,False
2026-03-18 05:45:00+00:00,,,,,,,,0.645,0.67,,0.0,0,False
2026-03-18 05:45:30+00:00,,,,,,,,0.645,0.67,,0.0,0,False
2026-03-18 05:46:00+00:00,,,,,,,,0.645,0.67,,0.0,0,False
2026-03-18 05:46:30+00:00,,,,,,,,0.645,0.67,,0.0,0,False
2026-03-18 05:47:00+00:00,,,,,,,,0.645,0.67,,0.0,0,False
2026-03-18 05:47:30+00:00,,,,,,,,0.645,0.67,,0.0,0,False
2026-03-18 05:48:00+00:00,,,,,,,,0.645,0.67,,0.0,0,False
2026-03-18 05:48:30+00:00,,,,,,,,0.645,0.67,,0.0,0,False
2026-03-18 05:49:00+00:00,,,,,,,,0.645,0.67,,0.0,0,False
2026-03-18 05:49:30+00:00,,,,,,,,0.645,0.67,,0.0,0,False
2026-03-18 05:50:00+00:00,,,,,,,,0.645,0.67,,0.0,0,False
2026-03-18 05:50:30+00:00,,,,,,,,0.645,0.67,,0.0,0,False
2026-03-18 05:51:00+00:00,,,,,,,,0.645,0.67,,0.0,0,False
2026-03-18 05:51:30+00:00,,,,,,,,0.645,0.67,,0.0,0,False
2026-03-18 05:52:00+00:00,,,,,,,,0.645,0.67,,0.0,0,False
2026-03-18 05:52:30+00:00,,,,,,,,0.645,0.67,,0.0,0,False
2026-03-18 05:53:00+00:00,,,,,,,,0.645,0.67,,0.0,0,False
2026-03-18 05:53:30+00:00,,,,,,,,0.645,0.67,,0.0,0,False
2026-03-18 05:54:00+00:00,,,,,,,,0.645,0.67,,0.0,0,False
2026-03-18 05:54:30+00:00,,,,,,,,0.645,0.67,,0.0,0,False
2026-03-18 05:55:00+00:00,,,,,,,,0.645,0.67,,0.0,0,False
2026-03-18 05:55:30+00:00,,,,,,,,0.645,0.67,,0.0,0,False
2026-03-18 05:56:00+00:00,,,,,,,,0.645,0.67,,0.0,0,False
2026-03-18 05:56:30+00:00,,,,,,,,0.645,0.67,,0.0,0,False
2026-03-18 05:57:00+00:00,,,,,,,,0.645,0.67,,0.0,0,False
2026-03-18 05:57:30+00:00,,,,,,,,0.645,0.67,,0.0,0,False
2026-03-18 05:58:00+00:00,,,,,,,,0.645,0.67,,0.0,0,False
2026-03-18 05:58:30+00:00,,,,,,,,0.645,0.67,,0.0,0,False
2026-03-18 05:59:00+00:00,,,,,,,,0.645,0.67,,0.0,0,False
2026-03-18 05:59:30+00:00,,,,,,,,0.645,0.67,,0.0,0,False
2026-03-18 06:00:00+00:00,,,,,,,,0.645,0.67,,0.0,0,False
2026-03-18 06:00:30+00:00,,,,,,,,0.645,0.67,,0.0,0,False
2026-03-18 06:01:00+00:00,,,,,,,,0.645,0.67,,0.0,0,False
2026-03-18 06:01:30+00:00,,,,,,,,0.645,0.67,,0.0,0,False
2026-03-18 06:02:00+00:00,,,,,,,,0.645,0.67,,0.0,0,False
2026-03-18 06:02:30+00:00,,,,,,,,0.645,0.67,,0.0,0,False
2026-03-18 06:03:00+00:00,,,,,,,,0.645,0.67,,0.0,0,False
2026-03-18 06:03:30+00:00,,,,,,,,0.645,0.67,,0.0,0,False
2026-03-18 06:04:00+00:00,,,,,,,,0.645,0.67,,0.0,0,False
2026-03-18 06:04:30+00:00,,,,,,,,0.645,0.67,,0.0,0,False
2026-03-18 06:05:00+00:00,,,,,,,,0.645,0.67,,0.0,0,False
2026-03-18 06:05:30+00:00,,,,,,,,0.645,0.67,,0.0,0,False
2026-03-18 06:06:00+00:00,,,,,,,,0.645,0.67,,0.0,0,False
2026-03-18 06:06:30+00:00,,,,,,,,0.645,0.67,,0.0,0,False
2026-03-18 06:07:00+00:00,,,,,,,,0.645,0.67,,0.0,0,False
2026-03-18 06:07:30+00:00,,,,,,,,0.645,0.67,,0.0,0,False
2026-03-18 06:08:00+00:00,,,,,,,,0.645,0.67,,0.0,0,False
2026-03-18 06:08:30+00:00,,,,,,,,0.645,0.67,,0.0,0,False
2026-03-18 06:09:00+00:00,,,,,,,,0.645,0.67,,0.0,0,False
2026-03-18 06:09:30+00:00,,,,,,,,0.645,0.67,,0.0,0,False
2026-03-18 06:10:00+00:00,,,,,,,,0.645,0.67,,0.0,0,False
2026-03-18 06:10:30+00:00,,,,,,,,0.645,0.67,,0.0,0,False
2026-03-18 06:11:00+00:00,,,,,,,,0.645,0.67,,0.0,0,False
2026-03-18 06:11:30+00:00,,,,,,,,0.645,0.67,,0.0,0,False
2026-03-18 06:12:00+00:00,,,,,,,,0.645,0.67,,0.0,0,False
2026-03-18 06:12:30+00:00,,,,,,,,0.645,0.67,,0.0,0,False
2026-03-18 06:13:00+00:00,,,,,,,,0.645,0.67,,0.0,0,False
2026-03-18 06:13:30+00:00,,,,,,,,0.645,0.67,,0.0,0,False
2026-03-18 06:14:00+00:00,,,,,,,,0.645,0.67,,0.0,0,False
2026-03-18 06:14:30+00:00,,,,,,,,0.645,0.67,,0.0,0,False
2026-03-18 06:15:00+00:00,,,,,,,,0.645,0.67,,0.0,0,False
2026-03-18 06:15:30+00:00,,,,,,,,0.645,0.67,,0.0,0,False
2026-03-18 06:16:00+00:00,,,,,,,,0.645,0.67,,0.0,0,False
2026-03-18 06:16:30+00:00,,,,,,,,0.645,0.67,,0.0,0,False
2026-03-18 06:17:00+00:00,,,,,,,,0.67,0.67,,95.0,2,False
2026-03-18 06:17:30+00:00,,,,,,,,0.67,0.67,,0.0,0,False
2026-03-18 06:18:00+00:00,,,,,,,,0.67,0.67,,0.0,0,False
2026-03-18 06:18:30+00:00,,,,,,,,0.67,0.67,,0.0,0,False
2026-03-18 06:19:00+00:00,,,,,,,,0.67,0.67,,0.0,0,False
2026-03-18 06:19:30+00:00,,,,,,,,0.67,0.67,,0.0,0,False
2026-03-18 06:20:00+00:00,,,,,,,,0.67,0.67,,0.0,0,False
2026-03-18 06:20:30+00:00,,,,,,,,0.67,0.67,,0.0,0,False
2026-03-18 06:21:00+00:00,,,,,,,,0.67,0.67,,0.0,0,False
2026-03-18 06:21:30+00:00,,,,,,,,0.67,0.67,,0.0,0,False
2026-03-18 06:22:00+00:00,,,,,,,,0.64,0.64,,5.0,1,False
2026-03-18 06:22:30+00:00,,,,,,,,0.64,0.64,,0.0,0,False
2026-03-18 06:23:00+00:00,,,,,,,,0.64,0.64,,0.0,0,False
2026-03-18 06:23:30+00:00,,,,,,,,0.64,0.64,,0.0,0,False
2026-03-18 06:24:00+00:00,,,,,,,,0.64,0.64,,13.0,1,False
2026-03-18 06:24:30+00:00,,,,,,,,0.64,0.64,,0.0,0,False
2026-03-18 06:25:00+00:00,,,,,,,,0.64,0.64,,0.0,0,False
2026-03-18 06:25:30+00:00,,,,,,,,0.64,0.64,,0.0,0,False
2026-03-18 06:26:00+00:00,,,,,,,,0.64,0.64,,0.0,0,False
2026-03-18 06:26:30+00:00,,,,,,,,0.64,0.64,,0.0,0,False
2026-03-18 06:27:00+00:00,,,,,,,,0.64,0.64,,0.0,0,False
2026-03-18 06:27:30+00:00,,,,,,,,0.64,0.64,,0.0,0,False
2026-03-18 06:28:00+00:00,,,,,,,,0.67,0.67,,7.0,1,False
2026-03-18 06:28:30+00:00,,,,,,,,0.67,0.67,,0.0,0,False
2026-03-18 06:29:00+00:00,,,,,,,,0.67,0.67,,0.0,0,False
2026-03-18 06:29:30+00:00,,,,,,,,0.67,0.67,,0.0,0,False
2026-03-18 06:30:00+00:00,,,,,,,,0.67,0.67,,0.0,0,False
2026-03-18 06:30:30+00:00,,,,,,,,0.67,0.67,,0.0,0,False
2026-03-18 06:31:00+00:00,,,,,,,,0.67,0.67,,0.0,0,False
2026-03-18 06:31:30+00:00,,,,,,,,0.67,0.67,,0.0,0,False
2026-03-18 06:32:00+00:00,,,,,,,,0.67,0.67,,0.0,0,False
2026-03-18 06:32:30+00:00,,,,,,,,0.67,0.67,,0.0,0,False
2026-03-18 06:33:00+00:00,,,,,,,,0.67,0.67,,0.0,0,False
2026-03-18 06:33:30+00:00,,,,,,,,0.67,0.67,,0.0,0,False
2026-03-18 06:34:00+00:00,,,,,,,,0.67,0.67,,0.0,0,False
2026-03-18 06:34:30+00:00,,,,,,,,0.67,0.67,,0.0,0,False
2026-03-18 06:35:00+00:00,,,,,,,,0.67,0.67,,0.0,0,False
2026-03-18 06:35:30+00:00,,,,,,,,0.67,0.67,,0.0,0,False
2026-03-18 06:36:00+00:00,,,,,,,,0.67,0.67,,0.0,0,False
2026-03-18 06:36:30+00:00,,,,,,,,0.67,0.67,,0.0,0,False
2026-03-18 06:37:00+00:00,,,,,,,,0.67,0.67,,0.0,0,False
2026-03-18 06:37:30+00:00,,,,,,,,0.67,0.67,,0.0,0,False
2026-03-18 06:38:00+00:00,,,,,,,,0.67,0.67,,0.0,0,False
2026-03-18 06:38:30+00:00,,,,,,,,0.67,0.67,,0.0,0,False
2026-03-18 06:39:00+00:00,,,,,,,,0.67,0.67,,0.0,0,False
2026-03-18 06:39:30+00:00,,,,,,,,0.67,0.67,,0.0,0,False
2026-03-18 06:40:00+00:00,,,,,,,,0.67,0.67,,0.0,0,False
2026-03-18 06:40:30+00:00,,,,,,,,0.67,0.67,,0.0,0,False
2026-03-18 06:41:00+00:00,,,,,,,,0.67,0.67,,0.0,0,False
2026-03-18 06:41:30+00:00,,,,,,,,0.67,0.67,,0.0,0,False
2026-03-18 06:42:00+00:00,,,,,,,,0.67,0.67,,0.0,0,False
2026-03-18 06:42:30+00:00,,,,,,,,0.67,0.67,,0.0,0,False
2026-03-18 06:43:00+00:00,,,,,,,,0.67,0.67,,0.0,0,False
2026-03-18 06:43:30+00:00,,,,,,,,0.67,0.67,,0.0,0,False
2026-03-18 06:44:00+00:00,,,,,,,,0.67,0.67,,0.0,0,False
2026-03-18 06:44:30+00:00,,,,,,,,0.67,0.67,,0.0,0,False
2026-03-18 06:45:00+00:00,,,,,,,,0.67,0.67,,0.0,0,False
2026-03-18 06:45:30+00:00,,,,,,,,0.67,0.67,,0.0,0,False
2026-03-18 06:46:00+00:00,,,,,,,,0.67,0.67,,0.0,0,False
2026-03-18 06:46:30+00:00,,,,,,,,0.67,0.67,,0.0,0,False
2026-03-18 06:47:00+00:00,,,,,,,,0.67,0.67,,0.0,0,False
2026-03-18 06:47:30+00:00,,,,,,,,0.67,0.67,,0.0,0,False
2026-03-18 06:48:00+00:00,,,,,,,,0.67,0.67,,0.0,0,False
2026-03-18 06:48:30+00:00,,,,,,,,0.68,0.68,,1.0,1,False
2026-03-18 06:49:00+00:00,,,,,,,,0.68,0.68,,0.0,0,False
2026-03-18 06:49:30+00:00,,,,,,,,0.68,0.68,,0.0,0,False
2026-03-18 06:50:00+00:00,,,,,,,,0.68,0.68,,0.0,0,False
2026-03-18 06:50:30+00:00,,,,,,,,0.68,0.68,,0.0,0,False
2026-03-18 06:51:00+00:00,,,,,,,,0.68,0.68,,0.0,0,False
2026-03-18 06:51:30+00:00,,,,,,,,0.68,0.68,,0.0,0,False
2026-03-18 06:52:00+00:00,,,,,,,,0.68,0.68,,0.0,0,False
2026-03-18 06:52:30+00:00,,,,,,,,0.68,0.68,,0.0,0,False
2026-03-18 06:53:00+00:00,,,,,,,,0.68,0.68,,0.0,0,False
2026-03-18 06:53:30+00:00,,,,,,,,0.68,0.68,,0.0,0,False
2026-03-18 06:54:00+00:00,,,,,,,,0.68,0.68,,0.0,0,False
2026-03-18 06:54:30+00:00,,,,,,,,0.68,0.68,,0.0,0,False
2026-03-18 06:55:00+00:00,,,,,,,,0.68,0.68,,0.0,0,False
2026-03-18 06:55:30+00:00,,,,,,,,0.64,0.64,,26.0,1,False
2026-03-18 06:56:00+00:00,,,,,,,,0.64,0.64,,0.0,0,False
2026-03-18 06:56:30+00:00,,,,,,,,0.64,0.64,,0.0,0,False
2026-03-18 06:57:00+00:00,,,,,,,,0.64,0.64,,0.0,0,False
2026-03-18 06:57:30+00:00,,,,,,,,0.64,0.64,,0.0,0,False
2026-03-18 06:58:00+00:00,,,,,,,,0.64,0.64,,0.0,0,False
2026-03-18 06:58:30+00:00,,,,,,,,0.64,0.64,,0.0,0,False
2026-03-18 06:59:00+00:00,,,,,,,,0.64,0.64,,0.0,0,False
2026-03-18 06:59:30+00:00,,,,,,,,0.64,0.64,,0.0,0,False
2026-03-18 07:00:00+00:00,,,,,,,,0.64,0.64,,0.0,0,False
2026-03-18 07:00:30+00:00,,,,,,,,0.64,0.64,,0.0,0,False
2026-03-18 07:01:00+00:00,,,,,,,,0.64,0.64,,0.0,0,False
2026-03-18 07:01:30+00:00,,,,,,,,0.64,0.64,,0.0,0,False
2026-03-18 07:02:00+00:00,,,,,,,,0.64,0.64,,0.0,0,False
2026-03-18 07:02:30+00:00,,,,,,,,0.64,0.64,,0.0,0,False
2026-03-18 07:03:00+00:00,,,,,,,,0.64,0.64,,0.0,0,False
2026-03-18 07:03:30+00:00,,,,,,,,0.64,0.64,,0.0,0,False
2026-03-18 07:04:00+00:00,,,,,,,,0.64,0.64,,0.0,0,False
2026-03-18 07:04:30+00:00,,,,,,,,0.64,0.64,,0.0,0,False
2026-03-18 07:05:00+00:00,,,,,,,,0.64,0.64,,0.0,0,False
2026-03-18 07:05:30+00:00,,,,,,,,0.64,0.64,,0.0,0,False
2026-03-18 07:06:00+00:00,,,,,,,,0.64,0.64,,0.0,0,False
2026-03-18 07:06:30+00:00,,,,,,,,0.64,0.64,,0.0,0,False
2026-03-18 07:07:00+00:00,,,,,,,,0.64,0.64,,0.0,0,False
2026-03-18 07:07:30+00:00,,,,,,,,0.64,0.64,,0.0,0,False
2026-03-18 07:08:00+00:00,,,,,,,,0.64,0.64,,0.0,0,False
2026-03-18 07:08:30+00:00,,,,,,,,0.64,0.64,,0.0,0,False
2026-03-18 07:09:00+00:00,,,,,,,,0.64,0.64,,0.0,0,False
2026-03-18 07:09:30+00:00,,,,,,,,0.64,0.64,,0.0,0,False
2026-03-18 07:10:00+00:00,,,,,,,,0.64,0.64,,0.0,0,False
2026-03-18 07:10:30+00:00,,,,,,,,0.64,0.64,,0.0,0,False
2026-03-18 07:11:00+00:00,,,,,,,,0.64,0.64,,20.0,1,False
2026-03-18 07:11:30+00:00,,,,,,,,0.64,0.64,,0.0,0,False
2026-03-18 07:12:00+00:00,,,,,,,,0.64,0.64,,0.0,0,False
2026-03-18 07:12:30+00:00,,,,,,,,0.64,0.64,,0.0,0,False
2026-03-18 07:13:00+00:00,,,,,,,,0.64,0.64,,0.0,0,False
2026-03-18 07:13:30+00:00,,,,,,,,0.64,0.64,,0.0,0,False
2026-03-18 07:14:00+00:00,,,,,,,,0.68,0.68,,10.0,1,False
2026-03-18 07:14:30+00:00,,,,,,,,0.68,0.68,,0.0,0,False
2026-03-18 07:15:00+00:00,,,,,,,,0.68,0.68,,0.0,0,False
2026-03-18 07:15:30+00:00,,,,,,,,0.68,0.68,,0.0,0,False
2026-03-18 07:16:00+00:00,,,,,,,,0.64,0.64,,39.0,1,False
2026-03-18 07:16:30+00:00,,,,,,,,0.68,0.68,,220.0,1,False
2026-03-18 07:17:00+00:00,,,,,,,,0.64,0.64,,10.0,1,False
2026-03-18 07:17:30+00:00,,,,,,,,0.64,0.64,,0.0,0,False
2026-03-18 07:18:00+00:00,,,,,,,,0.64,0.64,,0.0,0,False
2026-03-18 07:18:30+00:00,,,,,,,,0.64,0.64,,0.0,0,False
2026-03-18 07:19:00+00:00,,,,,,,,0.64,0.64,,0.0,0,False
2026-03-18 07:19:30+00:00,,,,,,,,0.64,0.64,,0.0,0,False
2026-03-18 07:20:00+00:00,,,,,,,,0.64,0.64,,0.0,0,False
2026-03-18 07:20:30+00:00,,,,,,,,0.64,0.64,,0.0,0,False
2026-03-18 07:21:00+00:00,,,,,,,,0.64,0.64,,3.0,1,False
2026-03-18 07:21:30+00:00,,,,,,,,0.64,0.64,,0.0,0,False
2026-03-18 07:22:00+00:00,,,,,,,,0.64,0.64,,0.0,0,False
2026-03-18 07:22:30+00:00,,,,,,,,0.64,0.64,,0.0,0,False
2026-03-18 07:23:00+00:00,,,,,,,,0.64,0.64,,0.0,0,False
2026-03-18 07:23:30+00:00,,,,,,,,0.64,0.64,,0.0,0,False
2026-03-18 07:24:00+00:00,,,,,,,,0.64,0.64,,0.0,0,False
2026-03-18 07:24:30+00:00,,,,,,,,0.64,0.64,,0.0,0,False
2026-03-18 07:25:00+00:00,,,,,,,,0.64,0.64,,0.0,0,False
2026-03-18 07:25:30+00:00,,,,,,,,0.64,0.64,,0.0,0,False
2026-03-18 07:26:00+00:00,,,,,,,,0.64,0.64,,0.0,0,False
2026-03-18 07:26:30+00:00,,,,,,,,0.68,0.68,,1.0,1,False
2026-03-18 07:27:00+00:00,,,,,,,,0.68,0.68,,0.0,0,False
2026-03-18 07:27:30+00:00,,,,,,,,0.68,0.68,,0.0,0,False
2026-03-18 07:28:00+00:00,,,,,,,,0.68,0.68,,0.0,0,False
2026-03-18 07:28:30+00:00,,,,,,,,0.68,0.68,,0.0,0,False
2026-03-18 07:29:00+00:00,,,,,,,,0.68,0.68,,0.0,0,False
2026-03-18 07:29:30+00:00,,,,,,,,0.68,0.68,,0.0,0,False
2026-03-18 07:30:00+00:00,,,,,,,,0.68,0.68,,0.0,0,False
2026-03-18 07:30:30+00:00,,,,,,,,0.68,0.68,,0.0,0,False
2026-03-18 07:31:00+00:00,,,,,,,,0.68,0.68,,0.0,0,False
2026-03-18 07:31:30+00:00,,,,,,,,0.68,0.68,,0.0,0,False
2026-03-18 07:32:00+00:00,,,,,,,,0.68,0.68,,0.0,0,False
2026-03-18 07:32:30+00:00,,,,,,,,0.68,0.68,,0.0,0,False
2026-03-18 07:33:00+00:00,,,,,,,,0.68,0.68,,0.0,0,False
2026-03-18 07:33:30+00:00,,,,,,,,0.68,0.68,,0.0,0,False
2026-03-18 07:34:00+00:00,,,,,,,,0.68,0.68,,0.0,0,False
2026-03-18 07:34:30+00:00,,,,,,,,0.68,0.68,,0.0,0,False
2026-03-18 07:35:00+00:00,,,,,,,,0.68,0.68,,0.0,0,False
2026-03-18 07:35:30+00:00,,,,,,,,0.68,0.68,,0.0,0,False
2026-03-18 07:36:00+00:00,,,,,,,,0.68,0.68,,0.0,0,False
2026-03-18 07:36:30+00:00,,,,,,,,0.68,0.68,,0.0,0,False
2026-03-18 07:37:00+00:00,,,,,,,,0.64,0.64,,13.0,1,False
2026-03-18 07:37:30+00:00,,,,,,,,0.64,0.64,,0.0,0,False
2026-03-18 07:38:00+00:00,,,,,,,,0.64,0.64,,0.0,0,False
2026-03-18 07:38:30+00:00,,,,,,,,0.64,0.64,,0.0,0,False
2026-03-18 07:39:00+00:00,,,,,,,,0.64,0.64,,0.0,0,False
2026-03-18 07:39:30+00:00,,,,,,,,0.64,0.64,,0.0,0,False
2026-03-18 07:40:00+00:00,,,,,,,,0.64,0.64,,0.0,0,False
2026-03-18 07:40:30+00:00,,,,,,,,0.64,0.64,,0.0,0,False
2026-03-18 07:41:00+00:00,,,,,,,,0.64,0.64,,0.0,0,False
2026-03-18 07:41:30+00:00,,,,,,,,0.64,0.64,,0.0,0,False
2026-03-18 07:42:00+00:00,,,,,,,,0.64,0.64,,0.0,0,False
2026-03-18 07:42:30+00:00,,,,,,,,0.64,0.64,,0.0,0,False
2026-03-18 07:43:00+00:00,,,,,,,,0.64,0.64,,0.0,0,False
2026-03-18 07:43:30+00:00,,,,,,,,0.64,0.64,,0.0,0,False
2026-03-18 07:44:00+00:00,,,,,,,,0.64,0.64,,0.0,0,False
2026-03-18 07:44:30+00:00,,,,,,,,0.64,0.64,,0.0,0,False
2026-03-18 07:45:00+00:00,,,,,,,,0.64,0.64,,0.0,0,False
2026-03-18 07:45:30+00:00,,,,,,,,0.64,0.64,,0.0,0,False
2026-03-18 07:46:00+00:00,,,,,,,,0.64,0.64,,0.0,0,False
2026-03-18 07:46:30+00:00,,,,,,,,0.64,0.64,,0.0,0,False
2026-03-18 07:47:00+00:00,,,,,,,,0.64,0.64,,0.0,0,False
2026-03-18 07:47:30+00:00,,,,,,,,0.64,0.64,,0.0,0,False
2026-03-18 07:48:00+00:00,,,,,,,,0.64,0.64,,0.0,0,False
2026-03-18 07:48:30+00:00,,,,,,,,0.64,0.64,,0.0,0,False
2026-03-18 07:49:00+00:00,,,,,,,,0.64,0.64,,0.0,0,False
2026-03-18 07:49:30+00:00,,,,,,,,0.64,0.64,,0.0,0,False
2026-03-18 07:50:00+00:00,,,,,,,,0.64,0.64,,0.0,0,False
2026-03-18 07:50:30+00:00,,,,,,,,0.64,0.64,,0.0,0,False
2026-03-18 07:51:00+00:00,,,,,,,,0.64,0.64,,0.0,0,False
2026-03-18 07:51:30+00:00,,,,,,,,0.64,0.64,,0.0,0,False
2026-03-18 07:52:00+00:00,,,,,,,,0.64,0.64,,0.0,0,False
2026-03-18 07:52:30+00:00,,,,,,,,0.64,0.64,,0.0,0,False
2026-03-18 07:53:00+00:00,,,,,,,,0.64,0.64,,0.0,0,False
2026-03-18 07:53:30+00:00,,,,,,,,0.64,0.64,,0.0,0,False
2026-03-18 07:54:00+00:00,,,,,,,,0.64,0.64,,0.0,0,False
2026-03-18 07:54:30+00:00,,,,,,,,0.64,0.64,,0.0,0,False
2026-03-18 07:55:00+00:00,,,,,,,,0.64,0.64,,0.0,0,False
2026-03-18 07:55:30+00:00,,,,,,,,0.64,0.64,,0.0,0,False
2026-03-18 07:56:00+00:00,,,,,,,,0.64,0.64,,0.0,0,False
2026-03-18 07:56:30+00:00,,,,,,,,0.64,0.64,,0.0,0,False
2026-03-18 07:57:00+00:00,,,,,,,,0.64,0.64,,0.0,0,False
2026-03-18 07:57:30+00:00,,,,,,,,0.64,0.64,,0.0,0,False
2026-03-18 07:58:00+00:00,,,,,,,,0.64,0.64,,0.0,0,False
2026-03-18 07:58:30+00:00,,,,,,,,0.64,0.64,,0.0,0,False
2026-03-18 07:59:00+00:00,,,,,,,,0.64,0.64,,0.0,0,False
2026-03-18 07:59:30+00:00,,,,,,,,0.64,0.64,,53.0,2,False
2026-03-18 08:00:00+00:00,,,,,,,,0.64,0.64,,0.0,0,False
2026-03-18 08:00:30+00:00,,,,,,,,0.64,0.64,,0.0,0,False
2026-03-18 08:01:00+00:00,,,,,,,,0.64,0.64,,0.0,0,False
2026-03-18 08:01:30+00:00,,,,,,,,0.64,0.64,,0.0,0,False
2026-03-18 08:02:00+00:00,,,,,,,,0.64,0.64,,0.0,0,False
2026-03-18 08:02:30+00:00,,,,,,,,0.64,0.64,,0.0,0,False
2026-03-18 08:03:00+00:00,,,,,,,,0.64,0.64,,0.0,0,False
2026-03-18 08:03:30+00:00,,,,,,,,0.64,0.64,,0.0,0,False
2026-03-18 08:04:00+00:00,,,,,,,,0.64,0.64,,0.0,0,False
2026-03-18 08:04:30+00:00,,,,,,,,0.64,0.64,,0.0,0,False
2026-03-18 08:05:00+00:00,,,,,,,,0.64,0.64,,0.0,0,False
2026-03-18 08:05:30+00:00,,,,,,,,0.64,0.64,,0.0,0,False
2026-03-18 08:06:00+00:00,,,,,,,,0.64,0.64,,0.0,0,False
2026-03-18 08:06:30+00:00,,,,,,,,0.64,0.64,,0.0,0,False
2026-03-18 08:07:00+00:00,,,,,,,,0.64,0.64,,0.0,0,False
2026-03-18 08:07:30+00:00,,,,,,,,0.64,0.64,,0.0,0,False
2026-03-18 08:08:00+00:00,,,,,,,,0.64,0.64,,0.0,0,False
2026-03-18 08:08:30+00:00,,,,,,,,0.64,0.64,,0.0,0,False
2026-03-18 08:09:00+00:00,,,,,,,,0.64,0.64,,0.0,0,False
2026-03-18 08:09:30+00:00,,,,,,,,0.64,0.64,,0.0,0,False
2026-03-18 08:10:00+00:00,,,,,,,,0.64,0.64,,0.0,0,False
2026-03-18 08:10:30+00:00,,,,,,,,0.64,0.64,,0.0,0,False
2026-03-18 08:11:00+00:00,,,,,,,,0.64,0.64,,0.0,0,False
2026-03-18 08:11:30+00:00,,,,,,,,0.64,0.64,,0.0,0,False
2026-03-18 08:12:00+00:00,,,,,,,,0.64,0.64,,0.0,0,False
2026-03-18 08:12:30+00:00,,,,,,,,0.64,0.64,,0.0,0,False
2026-03-18 08:13:00+00:00,,,,,,,,0.64,0.64,,0.0,0,False
2026-03-18 08:13:30+00:00,,,,,,,,0.6533333333333333,0.65,,3.0,3,False
2026-03-18 08:14:00+00:00,,,,,,,,0.6533333333333333,0.65,,0.0,0,False
2026-03-18 08:14:30+00:00,,,,,,,,0.6533333333333333,0.65,,0.0,0,False
2026-03-18 08:15:00+00:00,,,,,,,,0.6533333333333333,0.65,,0.0,0,False
2026-03-18 08:15:30+00:00,,,,,,,,0.6533333333333333,0.65,,0.0,0,False
2026-03-18 08:16:00+00:00,,,,,,,,0.6533333333333333,0.65,,0.0,0,False
2026-03-18 08:16:30+00:00,,,,,,,,0.6533333333333333,0.65,,0.0,0,False
2026-03-18 08:17:00+00:00,,,,,,,,0.6533333333333333,0.65,,0.0,0,False
2026-03-18 08:17:30+00:00,,,,,,,,0.6533333333333333,0.65,,0.0,0,False
2026-03-18 08:18:00+00:00,,,,,,,,0.64,0.64,,5.0,1,False
2026-03-18 08:18:30+00:00,,,,,,,,0.64,0.64,,0.0,0,False
2026-03-18 08:19:00+00:00,,,,,,,,0.64,0.64,,0.0,0,False
2026-03-18 08:19:30+00:00,,,,,,,,0.64,0.64,,0.0,0,False
2026-03-18 08:20:00+00:00,,,,,,,,0.64,0.64,,0.0,0,False
2026-03-18 08:20:30+00:00,,,,,,,,0.64,0.64,,0.0,0,False
2026-03-18 08:21:00+00:00,,,,,,,,0.64,0.64,,0.0,0,False
2026-03-18 08:21:30+00:00,,,,,,,,0.64,0.64,,0.0,0,False
2026-03-18 08:22:00+00:00,,,,,,,,0.64,0.64,,0.0,0,False
2026-03-18 08:22:30+00:00,,,,,,,,0.64,0.64,,0.0,0,False
2026-03-18 08:23:00+00:00,,,,,,,,0.64,0.64,,0.0,0,False
2026-03-18 08:23:30+00:00,,,,,,,,0.64,0.64,,0.0,0,False
2026-03-18 08:24:00+00:00,,,,,,,,0.64,0.64,,0.0,0,False
2026-03-18 08:24:30+00:00,,,,,,,,0.64,0.64,,0.0,0,False
2026-03-18 08:25:00+00:00,,,,,,,,0.64,0.64,,0.0,0,False
2026-03-18 08:25:30+00:00,,,,,,,,0.64,0.64,,0.0,0,False
2026-03-18 08:26:00+00:00,,,,,,,,0.64,0.64,,0.0,0,False
2026-03-18 08:26:30+00:00,,,,,,,,0.64,0.64,,0.0,0,False
2026-03-18 08:27:00+00:00,,,,,,,,0.64,0.64,,0.0,0,False
2026-03-18 08:27:30+00:00,,,,,,,,0.64,0.64,,0.0,0,False
2026-03-18 08:28:00+00:00,,,,,,,,0.64,0.64,,0.0,0,False
2026-03-18 08:28:30+00:00,,,,,,,,0.64,0.64,,0.0,0,False
2026-03-18 08:29:00+00:00,,,,,,,,0.64,0.64,,0.0,0,False
2026-03-18 08:29:30+00:00,,,,,,,,0.64,0.64,,0.0,0,False
2026-03-18 08:30:00+00:00,,,,,,,,0.64,0.64,,0.0,0,False
2026-03-18 08:30:30+00:00,,,,,,,,0.64,0.64,,0.0,0,False
2026-03-18 08:31:00+00:00,,,,,,,,0.64,0.64,,0.0,0,False
2026-03-18 08:31:30+00:00,,,,,,,,0.64,0.64,,0.0,0,False
2026-03-18 08:32:00+00:00,,,,,,,,0.64,0.64,,0.0,0,False
2026-03-18 08:32:30+00:00,,,,,,,,0.64,0.64,,0.0,0,False
2026-03-18 08:33:00+00:00,,,,,,,,0.64,0.64,,0.0,0,False
2026-03-18 08:33:30+00:00,,,,,,,,0.64,0.64,,0.0,0,False
2026-03-18 08:34:00+00:00,,,,,,,,0.64,0.64,,0.0,0,False
2026-03-18 08:34:30+00:00,,,,,,,,0.64,0.64,,0.0,0,False
2026-03-18 08:35:00+00:00,,,,,,,,0.64,0.64,,0.0,0,False
2026-03-18 08:35:30+00:00,,,,,,,,0.64,0.64,,0.0,0,False
2026-03-18 08:36:00+00:00,,,,,,,,0.64,0.64,,0.0,0,False
2026-03-18 08:36:30+00:00,,,,,,,,0.64,0.64,,0.0,0,False
2026-03-18 08:37:00+00:00,,,,,,,,0.64,0.64,,0.0,0,False
2026-03-18 08:37:30+00:00,,,,,,,,0.64,0.64,,0.0,0,False
2026-03-18 08:38:00+00:00,,,,,,,,0.64,0.64,,0.0,0,False
2026-03-18 08:38:30+00:00,,,,,,,,0.64,0.64,,0.0,0,False
2026-03-18 08:39:00+00:00,,,,,,,,0.64,0.64,,0.0,0,False
2026-03-18 08:39:30+00:00,,,,,,,,0.64,0.64,,0.0,0,False
2026-03-18 08:40:00+00:00,,,,,,,,0.64,0.64,,0.0,0,False
2026-03-18 08:40:30+00:00,,,,,,,,0.64,0.64,,0.0,0,False
2026-03-18 08:41:00+00:00,,,,,,,,0.64,0.64,,0.0,0,False
2026-03-18 08:41:30+00:00,,,,,,,,0.64,0.64,,0.0,0,False
2026-03-18 08:42:00+00:00,,,,,,,,0.64,0.64,,0.0,0,False
2026-03-18 08:42:30+00:00,,,,,,,,0.64,0.64,,0.0,0,False
2026-03-18 08:43:00+00:00,,,,,,,,0.64,0.64,,0.0,0,False
2026-03-18 08:43:30+00:00,,,,,,,,0.64,0.64,,0.0,0,False
2026-03-18 08:44:00+00:00,,,,,,,,0.64,0.64,,0.0,0,False
2026-03-18 08:44:30+00:00,,,,,,,,0.64,0.64,,0.0,0,False
2026-03-18 08:45:00+00:00,,,,,,,,0.64,0.64,,0.0,0,False
2026-03-18 08:45:30+00:00,,,,,,,,0.64,0.64,,0.0,0,False
2026-03-18 08:46:00+00:00,,,,,,,,0.64,0.64,,0.0,0,False
2026-03-18 08:46:30+00:00,,,,,,,,0.64,0.64,,13.0,1,False
2026-03-18 08:47:00+00:00,,,,,,,,0.64,0.64,,0.0,0,False
2026-03-18 08:47:30+00:00,,,,,,,,0.64,0.64,,0.0,0,False
2026-03-18 08:48:00+00:00,,,,,,,,0.64,0.64,,0.0,0,False
2026-03-18 08:48:30+00:00,,,,,,,,0.64,0.64,,0.0,0,False
2026-03-18 08:49:00+00:00,,,,,,,,0.64,0.64,,0.0,0,False
2026-03-18 08:49:30+00:00,,,,,,,,0.64,0.64,,0.0,0,False
2026-03-18 08:50:00+00:00,,,,,,,,0.64,0.64,,0.0,0,False
2026-03-18 08:50:30+00:00,,,,,,,,0.64,0.64,,0.0,0,False
2026-03-18 08:51:00+00:00,,,,,,,,0.64,0.64,,0.0,0,False
2026-03-18 08:51:30+00:00,,,,,,,,0.6599999999999999,0.66,,97.0,1,False
2026-03-18 08:52:00+00:00,,,,,,,,0.67,0.67,,121.0,2,False
2026-03-18 08:52:30+00:00,,,,,,,,0.67,0.67,,0.0,0,False
2026-03-18 08:53:00+00:00,,,,,,,,0.67,0.67,,0.0,0,False
2026-03-18 08:53:30+00:00,,,,,,,,0.67,0.67,,0.0,0,False
2026-03-18 08:54:00+00:00,,,,,,,,0.67,0.67,,0.0,0,False
2026-03-18 08:54:30+00:00,,,,,,,,0.67,0.67,,0.0,0,False
2026-03-18 08:55:00+00:00,,,,,,,,0.67,0.67,,0.0,0,False
2026-03-18 08:55:30+00:00,,,,,,,,0.67,0.67,,0.0,0,False
2026-03-18 08:56:00+00:00,,,,,,,,0.67,0.67,,0.0,0,False
2026-03-18 08:56:30+00:00,,,,,,,,0.67,0.67,,0.0,0,False
2026-03-18 08:57:00+00:00,,,,,,,,0.67,0.67,,0.0,0,False
2026-03-18 08:57:30+00:00,,,,,,,,0.67,0.67,,0.0,0,False
2026-03-18 08:58:00+00:00,,,,,,,,0.67,0.67,,0.0,0,False
2026-03-18 08:58:30+00:00,,,,,,,,0.67,0.67,,0.0,0,False
2026-03-18 08:59:00+00:00,,,,,,,,0.67,0.67,,0.0,0,False
2026-03-18 08:59:30+00:00,,,,,,,,0.67,0.67,,0.0,0,False
2026-03-18 09:00:00+00:00,,,,,,,,0.67,0.67,,0.0,0,False
2026-03-18 09:00:30+00:00,,,,,,,,0.67,0.67,,0.0,0,False
2026-03-18 09:01:00+00:00,,,,,,,,0.67,0.67,,0.0,0,False
2026-03-18 09:01:30+00:00,,,,,,,,0.67,0.67,,0.0,0,False
2026-03-18 09:02:00+00:00,,,,,,,,0.67,0.67,,0.0,0,False
2026-03-18 09:02:30+00:00,,,,,,,,0.67,0.67,,0.0,0,False
2026-03-18 09:03:00+00:00,,,,,,,,0.67,0.67,,0.0,0,False
2026-03-18 09:03:30+00:00,,,,,,,,0.67,0.67,,0.0,0,False
2026-03-18 09:04:00+00:00,,,,,,,,0.67,0.67,,0.0,0,False
2026-03-18 09:04:30+00:00,,,,,,,,0.67,0.67,,0.0,0,False
2026-03-18 09:05:00+00:00,,,,,,,,0.67,0.67,,0.0,0,False
2026-03-18 09:05:30+00:00,,,,,,,,0.67,0.67,,0.0,0,False
2026-03-18 09:06:00+00:00,,,,,,,,0.67,0.67,,0.0,0,False
2026-03-18 09:06:30+00:00,,,,,,,,0.67,0.67,,0.0,0,False
2026-03-18 09:07:00+00:00,,,,,,,,0.67,0.67,,0.0,0,False
2026-03-18 09:07:30+00:00,,,,,,,,0.67,0.67,,0.0,0,False
2026-03-18 09:08:00+00:00,,,,,,,,0.67,0.67,,0.0,0,False
2026-03-18 09:08:30+00:00,,,,,,,,0.67,0.67,,0.0,0,False
2026-03-18 09:09:00+00:00,,,,,,,,0.67,0.67,,0.0,0,False
2026-03-18 09:09:30+00:00,,,,,,,,0.67,0.67,,0.0,0,False
2026-03-18 09:10:00+00:00,,,,,,,,0.67,0.67,,0.0,0,False
2026-03-18 09:10:30+00:00,,,,,,,,0.67,0.67,,0.0,0,False
2026-03-18 09:11:00+00:00,,,,,,,,0.67,0.67,,0.0,0,False
2026-03-18 09:11:30+00:00,,,,,,,,0.67,0.67,,0.0,0,False
2026-03-18 09:12:00+00:00,,,,,,,,0.67,0.67,,0.0,0,False
2026-03-18 09:12:30+00:00,,,,,,,,0.67,0.67,,0.0,0,False
2026-03-18 09:13:00+00:00,,,,,,,,0.67,0.67,,0.0,0,False
2026-03-18 09:13:30+00:00,,,,,,,,0.67,0.67,,0.0,0,False
2026-03-18 09:14:00+00:00,,,,,,,,0.67,0.67,,0.0,0,False
2026-03-18 09:14:30+00:00,,,,,,,,0.67,0.67,,0.0,0,False
2026-03-18 09:15:00+00:00,,,,,,,,0.67,0.67,,0.0,0,False
2026-03-18 09:15:30+00:00,,,,,,,,0.67,0.67,,0.0,0,False
2026-03-18 09:16:00+00:00,,,,,,,,0.67,0.67,,0.0,0,False
2026-03-18 09:16:30+00:00,,,,,,,,0.67,0.67,,0.0,0,False
2026-03-18 09:17:00+00:00,,,,,,,,0.67,0.67,,0.0,0,False
2026-03-18 09:17:30+00:00,,,,,,,,0.67,0.67,,0.0,0,False
2026-03-18 09:18:00+00:00,,,,,,,,0.67,0.67,,0.0,0,False
2026-03-18 09:18:30+00:00,,,,,,,,0.67,0.67,,0.0,0,False
2026-03-18 09:19:00+00:00,,,,,,,,0.67,0.67,,0.0,0,False
2026-03-18 09:19:30+00:00,,,,,,,,0.67,0.67,,0.0,0,False
2026-03-18 09:20:00+00:00,,,,,,,,0.67,0.67,,0.0,0,False
2026-03-18 09:20:30+00:00,,,,,,,,0.67,0.67,,0.0,0,False
2026-03-18 09:21:00+00:00,,,,,,,,0.67,0.67,,0.0,0,False
2026-03-18 09:21:30+00:00,,,,,,,,0.67,0.67,,0.0,0,False
2026-03-18 09:22:00+00:00,,,,,,,,0.67,0.67,,0.0,0,False
2026-03-18 09:22:30+00:00,,,,,,,,0.67,0.67,,0.0,0,False
2026-03-18 09:23:00+00:00,,,,,,,,0.67,0.67,,0.0,0,False
2026-03-18 09:23:30+00:00,,,,,,,,0.67,0.67,,0.0,0,False
2026-03-18 09:24:00+00:00,,,,,,,,0.67,0.67,,0.0,0,False
2026-03-18 09:24:30+00:00,,,,,,,,0.67,0.67,,0.0,0,False
2026-03-18 09:25:00+00:00,,,,,,,,0.67,0.67,,0.0,0,False
2026-03-18 09:25:30+00:00,,,,,,,,0.67,0.67,,0.0,0,False
2026-03-18 09:26:00+00:00,,,,,,,,0.67,0.67,,0.0,0,False
2026-03-18 09:26:30+00:00,,,,,,,,0.67,0.67,,0.0,0,False
2026-03-18 09:27:00+00:00,,,,,,,,0.67,0.67,,0.0,0,False
2026-03-18 09:27:30+00:00,,,,,,,,0.67,0.67,,0.0,0,False
2026-03-18 09:28:00+00:00,,,,,,,,0.67,0.67,,0.0,0,False
2026-03-18 09:28:30+00:00,,,,,,,,0.67,0.67,,0.0,0,False
2026-03-18 09:29:00+00:00,,,,,,,,0.67,0.67,,0.0,0,False
2026-03-18 09:29:30+00:00,,,,,,,,0.67,0.67,,0.0,0,False
2026-03-18 09:30:00+00:00,,,,,,,,0.67,0.67,,0.0,0,False
2026-03-18 09:30:30+00:00,,,,,,,,0.67,0.67,,0.0,0,False
2026-03-18 09:31:00+00:00,,,,,,,,0.67,0.67,,0.0,0,False
2026-03-18 09:31:30+00:00,,,,,,,,0.67,0.67,,0.0,0,False
2026-03-18 09:32:00+00:00,,,,,,,,0.67,0.67,,0.0,0,False
2026-03-18 09:32:30+00:00,,,,,,,,0.67,0.67,,0.0,0,False
2026-03-18 09:33:00+00:00,,,,,,,,0.67,0.67,,0.0,0,False
2026-03-18 09:33:30+00:00,,,,,,,,0.67,0.67,,0.0,0,False
2026-03-18 09:34:00+00:00,,,,,,,,0.67,0.67,,0.0,0,False
2026-03-18 09:34:30+00:00,,,,,,,,0.67,0.67,,0.0,0,False
2026-03-18 09:35:00+00:00,,,,,,,,0.67,0.67,,0.0,0,False
2026-03-18 09:35:30+00:00,,,,,,,,0.67,0.67,,0.0,0,False
2026-03-18 09:36:00+00:00,,,,,,,,0.67,0.67,,0.0,0,False
2026-03-18 09:36:30+00:00,,,,,,,,0.67,0.67,,0.0,0,False
2026-03-18 09:37:00+00:00,,,,,,,,0.67,0.67,,0.0,0,False
2026-03-18 09:37:30+00:00,,,,,,,,0.67,0.67,,0.0,0,False
2026-03-18 09:38:00+00:00,,,,,,,,0.67,0.67,,0.0,0,False
2026-03-18 09:38:30+00:00,,,,,,,,0.67,0.67,,0.0,0,False
2026-03-18 09:39:00+00:00,,,,,,,,0.67,0.67,,0.0,0,False
2026-03-18 09:39:30+00:00,,,,,,,,0.67,0.67,,0.0,0,False
2026-03-18 09:40:00+00:00,,,,,,,,0.67,0.67,,0.0,0,False
2026-03-18 09:40:30+00:00,,,,,,,,0.67,0.67,,0.0,0,False
2026-03-18 09:41:00+00:00,,,,,,,,0.67,0.67,,0.0,0,False
2026-03-18 09:41:30+00:00,,,,,,,,0.67,0.67,,0.0,0,False
2026-03-18 09:42:00+00:00,,,,,,,,0.67,0.67,,0.0,0,False
2026-03-18 09:42:30+00:00,,,,,,,,0.67,0.67,,0.0,0,False
2026-03-18 09:43:00+00:00,,,,,,,,0.67,0.67,,0.0,0,False
2026-03-18 09:43:30+00:00,,,,,,,,0.67,0.67,,0.0,0,False
2026-03-18 09:44:00+00:00,,,,,,,,0.67,0.67,,0.0,0,False
2026-03-18 09:44:30+00:00,,,,,,,,0.67,0.67,,0.0,0,False
2026-03-18 09:45:00+00:00,,,,,,,,0.67,0.67,,0.0,0,False
2026-03-18 09:45:30+00:00,,,,,,,,0.67,0.67,,0.0,0,False
2026-03-18 09:46:00+00:00,,,,,,,,0.67,0.67,,0.0,0,False
2026-03-18 09:46:30+00:00,,,,,,,,0.67,0.67,,0.0,0,False
2026-03-18 09:47:00+00:00,,,,,,,,0.67,0.67,,0.0,0,False
2026-03-18 09:47:30+00:00,,,,,,,,0.67,0.67,,0.0,0,False
2026-03-18 09:48:00+00:00,,,,,,,,0.66,0.66,,1.0,1,False
2026-03-18 09:48:30+00:00,,,,,,,,0.66,0.66,,0.0,0,False
2026-03-18 09:49:00+00:00,,,,,,,,0.66,0.66,,0.0,0,False
2026-03-18 09:49:30+00:00,,,,,,,,0.66,0.66,,0.0,0,False
2026-03-18 09:50:00+00:00,,,,,,,,0.66,0.66,,0.0,0,False
2026-03-18 09:50:30+00:00,,,,,,,,0.66,0.66,,0.0,0,False
2026-03-18 09:51:00+00:00,,,,,,,,0.66,0.66,,0.0,0,False
2026-03-18 09:51:30+00:00,,,,,,,,0.66,0.66,,0.0,0,False
2026-03-18 09:52:00+00:00,,,,,,,,0.66,0.66,,0.0,0,False
2026-03-18 09:52:30+00:00,,,,,,,,0.66,0.66,,0.0,0,False
2026-03-18 09:53:00+00:00,,,,,,,,0.66,0.66,,0.0,0,False
2026-03-18 09:53:30+00:00,,,,,,,,0.66,0.66,,0.0,0,False
2026-03-18 09:54:00+00:00,,,,,,,,0.66,0.66,,0.0,0,False
2026-03-18 09:54:30+00:00,,,,,,,,0.66,0.66,,0.0,0,False
2026-03-18 09:55:00+00:00,,,,,,,,0.66,0.66,,0.0,0,False
2026-03-18 09:55:30+00:00,,,,,,,,0.66,0.66,,0.0,0,False
2026-03-18 09:56:00+00:00,,,,,,,,0.66,0.66,,0.0,0,False
2026-03-18 09:56:30+00:00,,,,,,,,0.66,0.66,,0.0,0,False
2026-03-18 09:57:00+00:00,,,,,,,,0.66,0.66,,0.0,0,False
2026-03-18 09:57:30+00:00,,,,,,,,0.66,0.66,,0.0,0,False
2026-03-18 09:58:00+00:00,,,,,,,,0.66,0.66,,0.0,0,False
2026-03-18 09:58:30+00:00,,,,,,,,0.66,0.66,,0.0,0,False
2026-03-18 09:59:00+00:00,,,,,,,,0.66,0.66,,0.0,0,False
2026-03-18 09:59:30+00:00,,,,,,,,0.66,0.66,,0.0,0,False
2026-03-18 10:00:00+00:00,,,,,,,,0.66,0.66,,0.0,0,False
2026-03-18 10:00:30+00:00,,,,,,,,0.66,0.66,,0.0,0,False
2026-03-18 10:01:00+00:00,,,,,,,,0.66,0.66,,0.0,0,False
2026-03-18 10:01:30+00:00,,,,,,,,0.66,0.66,,0.0,0,False
2026-03-18 10:02:00+00:00,,,,,,,,0.66,0.66,,0.0,0,False
2026-03-18 10:02:30+00:00,,,,,,,,0.66,0.66,,0.0,0,False
2026-03-18 10:03:00+00:00,,,,,,,,0.66,0.66,,0.0,0,False
2026-03-18 10:03:30+00:00,,,,,,,,0.66,0.66,,0.0,0,False
2026-03-18 10:04:00+00:00,,,,,,,,0.66,0.66,,0.0,0,False
2026-03-18 10:04:30+00:00,,,,,,,,0.66,0.66,,0.0,0,False
2026-03-18 10:05:00+00:00,,,,,,,,0.66,0.66,,0.0,0,False
2026-03-18 10:05:30+00:00,,,,,,,,0.66,0.66,,0.0,0,False
2026-03-18 10:06:00+00:00,,,,,,,,0.66,0.66,,0.0,0,False
2026-03-18 10:06:30+00:00,,,,,,,,0.66,0.66,,0.0,0,False
2026-03-18 10:07:00+00:00,,,,,,,,0.66,0.66,,0.0,0,False
2026-03-18 10:07:30+00:00,,,,,,,,0.66,0.66,,0.0,0,False
2026-03-18 10:08:00+00:00,,,,,,,,0.66,0.66,,0.0,0,False
2026-03-18 10:08:30+00:00,,,,,,,,0.66,0.66,,0.0,0,False
2026-03-18 10:09:00+00:00,,,,,,,,0.66,0.66,,0.0,0,False
2026-03-18 10:09:30+00:00,,,,,,,,0.66,0.66,,0.0,0,False
2026-03-18 10:10:00+00:00,,,,,,,,0.66,0.66,,0.0,0,False
2026-03-18 10:10:30+00:00,,,,,,,,0.66,0.66,,0.0,0,False
2026-03-18 10:11:00+00:00,,,,,,,,0.66,0.66,,0.0,0,False
2026-03-18 10:11:30+00:00,,,,,,,,0.66,0.66,,0.0,0,False
2026-03-18 10:12:00+00:00,,,,,,,,0.66,0.66,,0.0,0,False
2026-03-18 10:12:30+00:00,,,,,,,,0.66,0.66,,0.0,0,False
2026-03-18 10:13:00+00:00,,,,,,,,0.66,0.66,,0.0,0,False
2026-03-18 10:13:30+00:00,,,,,,,,0.66,0.66,,0.0,0,False
2026-03-18 10:14:00+00:00,,,,,,,,0.66,0.66,,0.0,0,False
2026-03-18 10:14:30+00:00,,,,,,,,0.66,0.66,,0.0,0,False
2026-03-18 10:15:00+00:00,,,,,,,,0.66,0.66,,0.0,0,False
2026-03-18 10:15:30+00:00,,,,,,,,0.66,0.66,,0.0,0,False
2026-03-18 10:16:00+00:00,,,,,,,,0.66,0.66,,0.0,0,False
2026-03-18 10:16:30+00:00,,,,,,,,0.66,0.66,,0.0,0,False
2026-03-18 10:17:00+00:00,,,,,,,,0.66,0.66,,0.0,0,False
2026-03-18 10:17:30+00:00,,,,,,,,0.66,0.66,,0.0,0,False
2026-03-18 10:18:00+00:00,,,,,,,,0.66,0.66,,0.0,0,False
2026-03-18 10:18:30+00:00,,,,,,,,0.66,0.66,,0.0,0,False
2026-03-18 10:19:00+00:00,,,,,,,,0.66,0.66,,0.0,0,False
2026-03-18 10:19:30+00:00,,,,,,,,0.66,0.66,,0.0,0,False
2026-03-18 10:20:00+00:00,,,,,,,,0.66,0.66,,0.0,0,False
2026-03-18 10:20:30+00:00,,,,,,,,0.66,0.66,,0.0,0,False
2026-03-18 10:21:00+00:00,,,,,,,,0.66,0.66,,0.0,0,False
2026-03-18 10:21:30+00:00,,,,,,,,0.66,0.66,,0.0,0,False
2026-03-18 10:22:00+00:00,,,,,,,,0.66,0.66,,0.0,0,False
2026-03-18 10:22:30+00:00,,,,,,,,0.66,0.66,,0.0,0,False
2026-03-18 10:23:00+00:00,,,,,,,,0.66,0.66,,0.0,0,False
2026-03-18 10:23:30+00:00,,,,,,,,0.66,0.66,,0.0,0,False
2026-03-18 10:24:00+00:00,,,,,,,,0.66,0.66,,0.0,0,False
2026-03-18 10:24:30+00:00,,,,,,,,0.66,0.66,,0.0,0,False
2026-03-18 10:25:00+00:00,,,,,,,,0.66,0.66,,0.0,0,False
2026-03-18 10:25:30+00:00,,,,,,,,0.66,0.66,,0.0,0,False
2026-03-18 10:26:00+00:00,,,,,,,,0.66,0.66,,0.0,0,False
2026-03-18 10:26:30+00:00,,,,,,,,0.66,0.66,,0.0,0,False
2026-03-18 10:27:00+00:00,,,,,,,,0.66,0.66,,0.0,0,False
2026-03-18 10:27:30+00:00,,,,,,,,0.66,0.66,,0.0,0,False
2026-03-18 10:28:00+00:00,,,,,,,,0.66,0.66,,0.0,0,False
2026-03-18 10:28:30+00:00,,,,,,,,0.66,0.66,,0.0,0,False
2026-03-18 10:29:00+00:00,,,,,,,,0.66,0.66,,0.0,0,False
2026-03-18 10:29:30+00:00,,,,,,,,0.66,0.66,,0.0,0,False
2026-03-18 10:30:00+00:00,,,,,,,,0.66,0.66,,0.0,0,False
2026-03-18 10:30:30+00:00,,,,,,,,0.66,0.66,,0.0,0,False
2026-03-18 10:31:00+00:00,,,,,,,,0.66,0.66,,0.0,0,False
2026-03-18 10:31:30+00:00,,,,,,,,0.66,0.66,,0.0,0,False
2026-03-18 10:32:00+00:00,,,,,,,,0.66,0.66,,0.0,0,False
2026-03-18 10:32:30+00:00,,,,,,,,0.66,0.66,,0.0,0,False
2026-03-18 10:33:00+00:00,,,,,,,,0.66,0.66,,0.0,0,False
2026-03-18 10:33:30+00:00,,,,,,,,0.66,0.66,,0.0,0,False
2026-03-18 10:34:00+00:00,,,,,,,,0.66,0.66,,0.0,0,False
2026-03-18 10:34:30+00:00,,,,,,,,0.66,0.66,,0.0,0,False
2026-03-18 10:35:00+00:00,,,,,,,,0.66,0.66,,0.0,0,False
2026-03-18 10:35:30+00:00,,,,,,,,0.66,0.66,,0.0,0,False
2026-03-18 10:36:00+00:00,,,,,,,,0.66,0.66,,0.0,0,False
2026-03-18 10:36:30+00:00,,,,,,,,0.66,0.66,,0.0,0,False
2026-03-18 10:37:00+00:00,,,,,,,,0.66,0.66,,0.0,0,False
2026-03-18 10:37:30+00:00,,,,,,,,0.66,0.66,,0.0,0,False
2026-03-18 10:38:00+00:00,,,,,,,,0.66,0.66,,0.0,0,False
2026-03-18 10:38:30+00:00,,,,,,,,0.66,0.66,,0.0,0,False
2026-03-18 10:39:00+00:00,,,,,,,,0.66,0.66,,0.0,0,False
2026-03-18 10:39:30+00:00,,,,,,,,0.66,0.66,,0.0,0,False
2026-03-18 10:40:00+00:00,,,,,,,,0.66,0.66,,0.0,0,False
2026-03-18 10:40:30+00:00,,,,,,,,0.66,0.66,,0.0,0,False
2026-03-18 10:41:00+00:00,,,,,,,,0.66,0.66,,0.0,0,False
2026-03-18 10:41:30+00:00,,,,,,,,0.66,0.66,,0.0,0,False
2026-03-18 10:42:00+00:00,,,,,,,,0.66,0.66,,0.0,0,False
2026-03-18 10:42:30+00:00,,,,,,,,0.66,0.66,,0.0,0,False
2026-03-18 10:43:00+00:00,,,,,,,,0.66,0.66,,0.0,0,False
2026-03-18 10:43:30+00:00,,,,,,,,0.66,0.66,,0.0,0,False
2026-03-18 10:44:00+00:00,,,,,,,,0.66,0.66,,0.0,0,False
2026-03-18 10:44:30+00:00,,,,,,,,0.66,0.66,,0.0,0,False
2026-03-18 10:45:00+00:00,,,,,,,,0.66,0.66,,0.0,0,False
2026-03-18 10:45:30+00:00,,,,,,,,0.66,0.66,,0.0,0,False
2026-03-18 10:46:00+00:00,,,,,,,,0.66,0.66,,0.0,0,False
2026-03-18 10:46:30+00:00,,,,,,,,0.66,0.66,,0.0,0,False
2026-03-18 10:47:00+00:00,,,,,,,,0.66,0.66,,0.0,0,False
2026-03-18 10:47:30+00:00,,,,,,,,0.66,0.66,,0.0,0,False
2026-03-18 10:48:00+00:00,,,,,,,,0.66,0.66,,0.0,0,False
2026-03-18 10:48:30+00:00,,,,,,,,0.66,0.66,,0.0,0,False
2026-03-18 10:49:00+00:00,,,,,,,,0.66,0.66,,0.0,0,False
2026-03-18 10:49:30+00:00,,,,,,,,0.66,0.66,,0.0,0,False
2026-03-18 10:50:00+00:00,,,,,,,,0.66,0.66,,0.0,0,False
2026-03-18 10:50:30+00:00,,,,,,,,0.66,0.66,,0.0,0,False
2026-03-18 10:51:00+00:00,,,,,,,,0.66,0.66,,0.0,0,False
2026-03-18 10:51:30+00:00,,,,,,,,0.66,0.66,,0.0,0,False
2026-03-18 10:52:00+00:00,,,,,,,,0.66,0.66,,0.0,0,False
2026-03-18 10:52:30+00:00,,,,,,,,0.64,0.64,,8.0,1,False
2026-03-18 10:53:00+00:00,,,,,,,,0.64,0.64,,0.0,0,False
2026-03-18 10:53:30+00:00,,,,,,,,0.64,0.64,,0.0,0,False
2026-03-18 10:54:00+00:00,,,,,,,,0.64,0.64,,0.0,0,False
2026-03-18 10:54:30+00:00,,,,,,,,0.64,0.64,,0.0,0,False
2026-03-18 10:55:00+00:00,,,,,,,,0.64,0.64,,0.0,0,False
2026-03-18 10:55:30+00:00,,,,,,,,0.64,0.64,,0.0,0,False
2026-03-18 10:56:00+00:00,,,,,,,,0.64,0.64,,0.0,0,False
2026-03-18 10:56:30+00:00,,,,,,,,0.64,0.64,,0.0,0,False
2026-03-18 10:57:00+00:00,,,,,,,,0.64,0.64,,0.0,0,False
2026-03-18 10:57:30+00:00,,,,,,,,0.64,0.64,,0.0,0,False
2026-03-18 10:58:00+00:00,,,,,,,,0.64,0.64,,0.0,0,False
2026-03-18 10:58:30+00:00,,,,,,,,0.64,0.64,,0.0,0,False
2026-03-18 10:59:00+00:00,,,,,,,,0.64,0.64,,0.0,0,False
2026-03-18 10:59:30+00:00,,,,,,,,0.64,0.64,,0.0,0,False
2026-03-18 11:00:00+00:00,,,,,,,,0.64,0.64,,0.0,0,False
2026-03-18 11:00:30+00:00,,,,,,,,0.64,0.64,,0.0,0,False
2026-03-18 11:01:00+00:00,,,,,,,,0.64,0.64,,0.0,0,False
2026-03-18 11:01:30+00:00,,,,,,,,0.64,0.64,,0.0,0,False
2026-03-18 11:02:00+00:00,,,,,,,,0.64,0.64,,0.0,0,False
2026-03-18 11:02:30+00:00,,,,,,,,0.64,0.64,,0.0,0,False
2026-03-18 11:03:00+00:00,,,,,,,,0.64,0.64,,0.0,0,False
2026-03-18 11:03:30+00:00,,,,,,,,0.64,0.64,,0.0,0,False
2026-03-18 11:04:00+00:00,,,,,,,,0.64,0.64,,0.0,0,False
2026-03-18 11:04:30+00:00,,,,,,,,0.64,0.64,,0.0,0,False
2026-03-18 11:05:00+00:00,,,,,,,,0.64,0.64,,0.0,0,False
2026-03-18 11:05:30+00:00,,,,,,,,0.64,0.64,,0.0,0,False
2026-03-18 11:06:00+00:00,,,,,,,,0.64,0.64,,0.0,0,False
2026-03-18 11:06:30+00:00,,,,,,,,0.64,0.64,,0.0,0,False
2026-03-18 11:07:00+00:00,,,,,,,,0.64,0.64,,5.0,1,False
2026-03-18 11:07:30+00:00,,,,,,,,0.64,0.64,,0.0,0,False
2026-03-18 11:08:00+00:00,,,,,,,,0.64,0.64,,0.0,0,False
2026-03-18 11:08:30+00:00,,,,,,,,0.64,0.64,,0.0,0,False
2026-03-18 11:09:00+00:00,,,,,,,,0.64,0.64,,0.0,0,False
2026-03-18 11:09:30+00:00,,,,,,,,0.64,0.64,,0.0,0,False
2026-03-18 11:10:00+00:00,,,,,,,,0.64,0.64,,0.0,0,False
2026-03-18 11:10:30+00:00,,,,,,,,0.64,0.64,,0.0,0,False
2026-03-18 11:11:00+00:00,,,,,,,,0.64,0.64,,0.0,0,False
2026-03-18 11:11:30+00:00,,,,,,,,0.64,0.64,,0.0,0,False
2026-03-18 11:12:00+00:00,,,,,,,,0.64,0.64,,0.0,0,False
2026-03-18 11:12:30+00:00,,,,,,,,0.64,0.64,,0.0,0,False
2026-03-18 11:13:00+00:00,,,,,,,,0.64,0.64,,0.0,0,False
2026-03-18 11:13:30+00:00,,,,,,,,0.64,0.64,,0.0,0,False
2026-03-18 11:14:00+00:00,,,,,,,,0.64,0.64,,0.0,0,False
2026-03-18 11:14:30+00:00,,,,,,,,0.64,0.64,,0.0,0,False
2026-03-18 11:15:00+00:00,,,,,,,,0.64,0.64,,0.0,0,False
2026-03-18 11:15:30+00:00,,,,,,,,0.64,0.64,,0.0,0,False
2026-03-18 11:16:00+00:00,,,,,,,,0.64,0.64,,0.0,0,False
2026-03-18 11:16:30+00:00,,,,,,,,0.64,0.64,,0.0,0,False
2026-03-18 11:17:00+00:00,,,,,,,,0.64,0.64,,0.0,0,False
2026-03-18 11:17:30+00:00,,,,,,,,0.64,0.64,,0.0,0,False
2026-03-18 11:18:00+00:00,,,,,,,,0.64,0.64,,0.0,0,False
2026-03-18 11:18:30+00:00,,,,,,,,0.64,0.64,,0.0,0,False
2026-03-18 11:19:00+00:00,,,,,,,,0.64,0.64,,0.0,0,False
2026-03-18 11:19:30+00:00,,,,,,,,0.64,0.64,,0.0,0,False
2026-03-18 11:20:00+00:00,,,,,,,,0.64,0.64,,0.0,0,False
2026-03-18 11:20:30+00:00,,,,,,,,0.64,0.64,,0.0,0,False
2026-03-18 11:21:00+00:00,,,,,,,,0.64,0.64,,0.0,0,False
2026-03-18 11:21:30+00:00,,,,,,,,0.64,0.64,,0.0,0,False
2026-03-18 11:22:00+00:00,,,,,,,,0.64,0.64,,0.0,0,False
2026-03-18 11:22:30+00:00,,,,,,,,0.64,0.64,,0.0,0,False
2026-03-18 11:23:00+00:00,,,,,,,,0.64,0.64,,0.0,0,False
2026-03-18 11:23:30+00:00,,,,,,,,0.64,0.64,,0.0,0,False
2026-03-18 11:24:00+00:00,,,,,,,,0.64,0.64,,0.0,0,False
2026-03-18 11:24:30+00:00,,,,,,,,0.64,0.64,,0.0,0,False
2026-03-18 11:25:00+00:00,,,,,,,,0.64,0.64,,0.0,0,False
2026-03-18 11:25:30+00:00,,,,,,,,0.64,0.64,,0.0,0,False
2026-03-18 11:26:00+00:00,,,,,,,,0.64,0.64,,0.0,0,False
2026-03-18 11:26:30+00:00,,,,,,,,0.64,0.64,,0.0,0,False
2026-03-18 11:27:00+00:00,,,,,,,,0.64,0.64,,0.0,0,False
2026-03-18 11:27:30+00:00,,,,,,,,0.64,0.64,,0.0,0,False
2026-03-18 11:28:00+00:00,,,,,,,,0.64,0.64,,0.0,0,False
2026-03-18 11:28:30+00:00,,,,,,,,0.64,0.64,,0.0,0,False
2026-03-18 11:29:00+00:00,,,,,,,,0.64,0.64,,0.0,0,False
2026-03-18 11:29:30+00:00,,,,,,,,0.64,0.64,,0.0,0,False
2026-03-18 11:30:00+00:00,,,,,,,,0.64,0.64,,0.0,0,False
2026-03-18 11:30:30+00:00,,,,,,,,0.64,0.64,,0.0,0,False
2026-03-18 11:31:00+00:00,,,,,,,,0.64,0.64,,0.0,0,False
2026-03-18 11:31:30+00:00,,,,,,,,0.64,0.64,,0.0,0,False
2026-03-18 11:32:00+00:00,,,,,,,,0.64,0.64,,0.0,0,False
2026-03-18 11:32:30+00:00,,,,,,,,0.64,0.64,,0.0,0,False
2026-03-18 11:33:00+00:00,,,,,,,,0.64,0.64,,0.0,0,False
2026-03-18 11:33:30+00:00,,,,,,,,0.64,0.64,,0.0,0,False
2026-03-18 11:34:00+00:00,,,,,,,,0.64,0.64,,0.0,0,False
2026-03-18 11:34:30+00:00,,,,,,,,0.64,0.64,,0.0,0,False
2026-03-18 11:35:00+00:00,,,,,,,,0.64,0.64,,0.0,0,False
2026-03-18 11:35:30+00:00,,,,,,,,0.64,0.64,,0.0,0,False
2026-03-18 11:36:00+00:00,,,,,,,,0.64,0.64,,0.0,0,False
2026-03-18 11:36:30+00:00,,,,,,,,0.64,0.64,,0.0,0,False
2026-03-18 11:37:00+00:00,,,,,,,,0.64,0.64,,0.0,0,False
2026-03-18 11:37:30+00:00,,,,,,,,0.64,0.64,,0.0,0,False
2026-03-18 11:38:00+00:00,,,,,,,,0.64,0.64,,0.0,0,False
2026-03-18 11:38:30+00:00,,,,,,,,0.64,0.64,,0.0,0,False
2026-03-18 11:39:00+00:00,,,,,,,,0.64,0.64,,0.0,0,False
2026-03-18 11:39:30+00:00,,,,,,,,0.64,0.64,,0.0,0,False
2026-03-18 11:40:00+00:00,,,,,,,,0.64,0.64,,0.0,0,False
2026-03-18 11:40:30+00:00,,,,,,,,0.64,0.64,,0.0,0,False
2026-03-18 11:41:00+00:00,,,,,,,,0.64,0.64,,0.0,0,False
2026-03-18 11:41:30+00:00,,,,,,,,0.64,0.64,,0.0,0,False
2026-03-18 11:42:00+00:00,,,,,,,,0.64,0.64,,0.0,0,False
2026-03-18 11:42:30+00:00,,,,,,,,0.64,0.64,,0.0,0,False
2026-03-18 11:43:00+00:00,,,,,,,,0.64,0.64,,0.0,0,False
2026-03-18 11:43:30+00:00,,,,,,,,0.64,0.64,,0.0,0,False
2026-03-18 11:44:00+00:00,,,,,,,,0.64,0.64,,0.0,0,False
2026-03-18 11:44:30+00:00,,,,,,,,0.64,0.64,,0.0,0,False
2026-03-18 11:45:00+00:00,,,,,,,,0.64,0.64,,0.0,0,False
2026-03-18 11:45:30+00:00,,,,,,,,0.64,0.64,,0.0,0,False
2026-03-18 11:46:00+00:00,,,,,,,,0.64,0.64,,0.0,0,False
2026-03-18 11:46:30+00:00,,,,,,,,0.64,0.64,,0.0,0,False
2026-03-18 11:47:00+00:00,,,,,,,,0.64,0.64,,0.0,0,False
2026-03-18 11:47:30+00:00,,,,,,,,0.64,0.64,,0.0,0,False
2026-03-18 11:48:00+00:00,,,,,,,,0.64,0.64,,0.0,0,False
2026-03-18 11:48:30+00:00,,,,,,,,0.64,0.64,,0.0,0,False
2026-03-18 11:49:00+00:00,,,,,,,,0.64,0.64,,0.0,0,False
2026-03-18 11:49:30+00:00,,,,,,,,0.64,0.64,,0.0,0,False
2026-03-18 11:50:00+00:00,,,,,,,,0.64,0.64,,0.0,0,False
2026-03-18 11:50:30+00:00,,,,,,,,0.64,0.64,,0.0,0,False
2026-03-18 11:51:00+00:00,,,,,,,,0.64,0.64,,0.0,0,False
2026-03-18 11:51:30+00:00,,,,,,,,0.64,0.64,,65.0,1,False
2026-03-18 11:52:00+00:00,,,,,,,,0.64,0.64,,0.0,0,False
2026-03-18 11:52:30+00:00,,,,,,,,0.64,0.64,,0.0,0,False
2026-03-18 11:53:00+00:00,,,,,,,,0.64,0.64,,0.0,0,False
2026-03-18 11:53:30+00:00,,,,,,,,0.64,0.64,,0.0,0,False
2026-03-18 11:54:00+00:00,,,,,,,,0.64,0.64,,0.0,0,False
2026-03-18 11:54:30+00:00,,,,,,,,0.6399999999999999,0.64,,116.0,1,False
2026-03-18 11:55:00+00:00,,,,,,,,0.6399999999999999,0.64,,0.0,0,False
2026-03-18 11:55:30+00:00,,,,,,,,0.64,0.64,,26.0,1,False
2026-03-18 11:56:00+00:00,,,,,,,,0.64,0.64,,0.0,0,False
2026-03-18 11:56:30+00:00,,,,,,,,0.64,0.64,,0.0,0,False
2026-03-18 11:57:00+00:00,,,,,,,,0.64,0.64,,0.0,0,False
2026-03-18 11:57:30+00:00,,,,,,,,0.64,0.64,,0.0,0,False
2026-03-18 11:58:00+00:00,,,,,,,,0.64,0.64,,0.0,0,False
2026-03-18 11:58:30+00:00,,,,,,,,0.64,0.64,,0.0,0,False
2026-03-18 11:59:00+00:00,,,,,,,,0.64,0.64,,0.0,0,False
2026-03-18 11:59:30+00:00,,,,,,,,0.64,0.64,,0.0,0,False
2026-03-18 12:00:00+00:00,,,,,,,,0.64,0.64,,0.0,0,False
2026-03-18 12:00:30+00:00,,,,,,,,0.64,0.64,,0.0,0,False
2026-03-18 12:01:00+00:00,,,,,,,,0.64,0.64,,0.0,0,False
2026-03-18 12:01:30+00:00,,,,,,,,0.64,0.64,,0.0,0,False
2026-03-18 12:02:00+00:00,,,,,,,,0.64,0.64,,0.0,0,False
2026-03-18 12:02:30+00:00,,,,,,,,0.64,0.64,,0.0,0,False
2026-03-18 12:03:00+00:00,,,,,,,,0.64,0.64,,0.0,0,False
2026-03-18 12:03:30+00:00,,,,,,,,0.64,0.64,,0.0,0,False
2026-03-18 12:04:00+00:00,,,,,,,,0.64,0.64,,0.0,0,False
2026-03-18 12:04:30+00:00,,,,,,,,0.64,0.64,,0.0,0,False
2026-03-18 12:05:00+00:00,,,,,,,,0.64,0.64,,0.0,0,False
2026-03-18 12:05:30+00:00,,,,,,,,0.64,0.64,,0.0,0,False
2026-03-18 12:06:00+00:00,,,,,,,,0.64,0.64,,0.0,0,False
2026-03-18 12:06:30+00:00,,,,,,,,0.64,0.64,,0.0,0,False
2026-03-18 12:07:00+00:00,,,,,,,,0.64,0.64,,0.0,0,False
2026-03-18 12:07:30+00:00,,,,,,,,0.64,0.64,,0.0,0,False
2026-03-18 12:08:00+00:00,,,,,,,,0.64,0.64,,0.0,0,False
2026-03-18 12:08:30+00:00,,,,,,,,0.64,0.64,,0.0,0,False
2026-03-18 12:09:00+00:00,,,,,,,,0.64,0.64,,0.0,0,False
2026-03-18 12:09:30+00:00,,,,,,,,0.64,0.64,,0.0,0,False
2026-03-18 12:10:00+00:00,,,,,,,,0.64,0.64,,0.0,0,False
2026-03-18 12:10:30+00:00,,,,,,,,0.64,0.64,,0.0,0,False
2026-03-18 12:11:00+00:00,,,,,,,,0.64,0.64,,0.0,0,False
2026-03-18 12:11:30+00:00,,,,,,,,0.64,0.64,,0.0,0,False
2026-03-18 12:12:00+00:00,,,,,,,,0.64,0.64,,0.0,0,False
2026-03-18 12:12:30+00:00,,,,,,,,0.64,0.64,,0.0,0,False
2026-03-18 12:13:00+00:00,,,,,,,,0.64,0.64,,0.0,0,False
2026-03-18 12:13:30+00:00,,,,,,,,0.64,0.64,,0.0,0,False
2026-03-18 12:14:00+00:00,,,,,,,,0.64,0.64,,0.0,0,False
2026-03-18 12:14:30+00:00,,,,,,,,0.64,0.64,,0.0,0,False
2026-03-18 12:15:00+00:00,,,,,,,,0.67,0.67,,2.0,1,False
2026-03-18 12:15:30+00:00,,,,,,,,0.67,0.67,,0.0,0,False
2026-03-18 12:16:00+00:00,,,,,,,,0.67,0.67,,0.0,0,False
2026-03-18 12:16:30+00:00,,,,,,,,0.67,0.67,,0.0,0,False
2026-03-18 12:17:00+00:00,,,,,,,,0.67,0.67,,0.0,0,False
2026-03-18 12:17:30+00:00,,,,,,,,0.64,0.64,,120.0,2,False
2026-03-18 12:18:00+00:00,,,,,,,,0.64,0.64,,0.0,0,False
2026-03-18 12:18:30+00:00,,,,,,,,0.64,0.64,,0.0,0,False
2026-03-18 12:19:00+00:00,,,,,,,,0.64,0.64,,0.0,0,False
2026-03-18 12:19:30+00:00,,,,,,,,0.64,0.64,,0.0,0,False
2026-03-18 12:20:00+00:00,,,,,,,,0.64,0.64,,0.0,0,False
2026-03-18 12:20:30+00:00,,,,,,,,0.6400000000000001,0.64,,57.0,1,False
2026-03-18 12:21:00+00:00,,,,,,,,0.6400000000000001,0.64,,0.0,0,False
2026-03-18 12:21:30+00:00,,,,,,,,0.6400000000000001,0.64,,0.0,0,False
2026-03-18 12:22:00+00:00,,,,,,,,0.6400000000000001,0.64,,0.0,0,False
2026-03-18 12:22:30+00:00,,,,,,,,0.6400000000000001,0.64,,0.0,0,False
2026-03-18 12:23:00+00:00,,,,,,,,0.6400000000000001,0.64,,0.0,0,False
2026-03-18 12:23:30+00:00,,,,,,,,0.6400000000000001,0.64,,0.0,0,False
2026-03-18 12:24:00+00:00,,,,,,,,0.6400000000000001,0.64,,0.0,0,False
2026-03-18 12:24:30+00:00,,,,,,,,0.6400000000000001,0.64,,0.0,0,False
2026-03-18 12:25:00+00:00,,,,,,,,0.6400000000000001,0.64,,0.0,0,False
2026-03-18 12:25:30+00:00,,,,,,,,0.6400000000000001,0.64,,0.0,0,False
2026-03-18 12:26:00+00:00,,,,,,,,0.6400000000000001,0.64,,0.0,0,False
2026-03-18 12:26:30+00:00,,,,,,,,0.6400000000000001,0.64,,0.0,0,False
2026-03-18 12:27:00+00:00,,,,,,,,0.6400000000000001,0.64,,0.0,0,False
2026-03-18 12:27:30+00:00,,,,,,,,0.6400000000000001,0.64,,0.0,0,False
2026-03-18 12:28:00+00:00,,,,,,,,0.6400000000000001,0.64,,0.0,0,False
2026-03-18 12:28:30+00:00,,,,,,,,0.6400000000000001,0.64,,0.0,0,False
2026-03-18 12:29:00+00:00,,,,,,,,0.6400000000000001,0.64,,0.0,0,False
2026-03-18 12:29:30+00:00,,,,,,,,0.6400000000000001,0.64,,0.0,0,False
2026-03-18 12:30:00+00:00,,,,,,,,0.6400000000000001,0.64,,0.0,0,False
2026-03-18 12:30:30+00:00,,,,,,,,0.6400000000000001,0.64,,0.0,0,False
2026-03-18 12:31:00+00:00,,,,,,,,0.6400000000000001,0.64,,0.0,0,False
2026-03-18 12:31:30+00:00,,,,,,,,0.6400000000000001,0.64,,0.0,0,False
2026-03-18 12:32:00+00:00,,,,,,,,0.6400000000000001,0.64,,0.0,0,False
2026-03-18 12:32:30+00:00,,,,,,,,0.64,0.64,,3.0,1,False
2026-03-18 12:33:00+00:00,,,,,,,,0.64,0.64,,0.0,0,False
2026-03-18 12:33:30+00:00,,,,,,,,0.64,0.64,,0.0,0,False
2026-03-18 12:34:00+00:00,,,,,,,,0.64,0.64,,0.0,0,False
2026-03-18 12:34:30+00:00,,,,,,,,0.64,0.64,,0.0,0,False
2026-03-18 12:35:00+00:00,,,,,,,,0.64,0.64,,0.0,0,False
2026-03-18 12:35:30+00:00,,,,,,,,0.64,0.64,,5.0,1,False
2026-03-18 12:36:00+00:00,,,,,,,,0.64,0.64,,0.0,0,False
2026-03-18 12:36:30+00:00,,,,,,,,0.64,0.64,,76.0,1,False
2026-03-18 12:37:00+00:00,,,,,,,,0.64,0.64,,0.0,0,False
2026-03-18 12:37:30+00:00,,,,,,,,0.64,0.64,,0.0,0,False
2026-03-18 12:38:00+00:00,,,,,,,,0.64,0.64,,0.0,0,False
2026-03-18 12:38:30+00:00,,,,,,,,0.64,0.64,,0.0,0,False
2026-03-18 12:39:00+00:00,,,,,,,,0.64,0.64,,0.0,0,False
2026-03-18 12:39:30+00:00,,,,,,,,0.64,0.64,,0.0,0,False
2026-03-18 12:40:00+00:00,,,,,,,,0.64,0.64,,0.0,0,False
2026-03-18 12:40:30+00:00,,,,,,,,0.64,0.64,,0.0,0,False
2026-03-18 12:41:00+00:00,,,,,,,,0.64,0.64,,0.0,0,False
2026-03-18 12:41:30+00:00,,,,,,,,0.64,0.64,,0.0,0,False
2026-03-18 12:42:00+00:00,,,,,,,,0.64,0.64,,0.0,0,False
2026-03-18 12:42:30+00:00,,,,,,,,0.64,0.64,,0.0,0,False
2026-03-18 12:43:00+00:00,,,,,,,,0.64,0.64,,0.0,0,False
2026-03-18 12:43:30+00:00,,,,,,,,0.64,0.64,,0.0,0,False
2026-03-18 12:44:00+00:00,,,,,,,,0.64,0.64,,0.0,0,False
2026-03-18 12:44:30+00:00,,,,,,,,0.64,0.64,,0.0,0,False
2026-03-18 12:45:00+00:00,,,,,,,,0.64,0.64,,0.0,0,False
2026-03-18 12:45:30+00:00,,,,,,,,0.64,0.64,,0.0,0,False
2026-03-18 12:46:00+00:00,,,,,,,,0.64,0.64,,0.0,0,False
2026-03-18 12:46:30+00:00,,,,,,,,0.64,0.64,,0.0,0,False
2026-03-18 12:47:00+00:00,,,,,,,,0.64,0.64,,0.0,0,False
2026-03-18 12:47:30+00:00,,,,,,,,0.64,0.64,,0.0,0,False
2026-03-18 12:48:00+00:00,,,,,,,,0.64,0.64,,0.0,0,False
2026-03-18 12:48:30+00:00,,,,,,,,0.64,0.64,,0.0,0,False
2026-03-18 12:49:00+00:00,,,,,,,,0.64,0.64,,0.0,0,False
2026-03-18 12:49:30+00:00,,,,,,,,0.64,0.64,,0.0,0,False
2026-03-18 12:50:00+00:00,,,,,,,,0.64,0.64,,0.0,0,False
2026-03-18 12:50:30+00:00,,,,,,,,0.64,0.64,,0.0,0,False
2026-03-18 12:51:00+00:00,,,,,,,,0.64,0.64,,0.0,0,False
2026-03-18 12:51:30+00:00,,,,,,,,0.64,0.64,,0.0,0,False
2026-03-18 12:52:00+00:00,,,,,,,,0.64,0.64,,0.0,0,False
2026-03-18 12:52:30+00:00,,,,,,,,0.64,0.64,,0.0,0,False
2026-03-18 12:53:00+00:00,,,,,,,,0.64,0.64,,0.0,0,False
2026-03-18 12:53:30+00:00,,,,,,,,0.64,0.64,,0.0,0,False
2026-03-18 12:54:00+00:00,,,,,,,,0.64,0.64,,0.0,0,False
2026-03-18 12:54:30+00:00,,,,,,,,0.64,0.64,,0.0,0,False
2026-03-18 12:55:00+00:00,,,,,,,,0.63,0.63,,236.0,4,False
2026-03-18 12:55:30+00:00,,,,,,,,0.63,0.63,,0.0,0,False
2026-03-18 12:56:00+00:00,,,,,,,,0.63,0.63,,0.0,0,False
2026-03-18 12:56:30+00:00,,,,,,,,0.63,0.63,,0.0,0,False
2026-03-18 12:57:00+00:00,,,,,,,,0.63,0.63,,0.0,0,False
2026-03-18 12:57:30+00:00,,,,,,,,0.63,0.63,,0.0,0,False
2026-03-18 12:58:00+00:00,,,,,,,,0.63,0.63,,0.0,0,False
2026-03-18 12:58:30+00:00,,,,,,,,0.63,0.63,,0.0,0,False
2026-03-18 12:59:00+00:00,,,,,,,,0.63,0.63,,0.0,0,False
2026-03-18 12:59:30+00:00,,,,,,,,0.63,0.63,,0.0,0,False
2026-03-18 13:00:00+00:00,,,,,,,,0.63,0.63,,0.0,0,False
2026-03-18 13:00:30+00:00,,,,,,,,0.63,0.63,,0.0,0,False
2026-03-18 13:01:00+00:00,,,,,,,,0.63,0.63,,0.0,0,False
2026-03-18 13:01:30+00:00,,,,,,,,0.63,0.63,,0.0,0,False
2026-03-18 13:02:00+00:00,,,,,,,,0.63,0.63,,0.0,0,False
2026-03-18 13:02:30+00:00,,,,,,,,0.63,0.63,,0.0,0,False
2026-03-18 13:03:00+00:00,,,,,,,,0.63,0.63,,0.0,0,False
2026-03-18 13:03:30+00:00,,,,,,,,0.63,0.63,,0.0,0,False
2026-03-18 13:04:00+00:00,,,,,,,,0.63,0.63,,0.0,0,False
2026-03-18 13:04:30+00:00,,,,,,,,0.63,0.63,,0.0,0,False
2026-03-18 13:05:00+00:00,,,,,,,,0.63,0.63,,0.0,0,False
2026-03-18 13:05:30+00:00,,,,,,,,0.63,0.63,,0.0,0,False
2026-03-18 13:06:00+00:00,,,,,,,,0.63,0.63,,0.0,0,False
2026-03-18 13:06:30+00:00,,,,,,,,0.63,0.63,,0.0,0,False
2026-03-18 13:07:00+00:00,,,,,,,,0.63,0.63,,0.0,0,False
2026-03-18 13:07:30+00:00,,,,,,,,0.63,0.63,,0.0,0,False
2026-03-18 13:08:00+00:00,,,,,,,,0.63,0.63,,0.0,0,False
2026-03-18 13:08:30+00:00,,,,,,,,0.63,0.63,,0.0,0,False
2026-03-18 13:09:00+00:00,,,,,,,,0.63,0.63,,0.0,0,False
2026-03-18 13:09:30+00:00,,,,,,,,0.63,0.63,,0.0,0,False
2026-03-18 13:10:00+00:00,,,,,,,,0.63,0.63,,0.0,0,False
2026-03-18 13:10:30+00:00,,,,,,,,0.63,0.63,,0.0,0,False
2026-03-18 13:11:00+00:00,,,,,,,,0.63,0.63,,0.0,0,False
2026-03-18 13:11:30+00:00,,,,,,,,0.63,0.63,,0.0,0,False
2026-03-18 13:12:00+00:00,,,,,,,,0.63,0.63,,0.0,0,False
2026-03-18 13:12:30+00:00,,,,,,,,0.63,0.63,,0.0,0,False
2026-03-18 13:13:00+00:00,,,,,,,,0.63,0.63,,0.0,0,False
2026-03-18 13:13:30+00:00,,,,,,,,0.63,0.63,,0.0,0,False
2026-03-18 13:14:00+00:00,,,,,,,,0.63,0.63,,0.0,0,False
2026-03-18 13:14:30+00:00,,,,,,,,0.63,0.63,,0.0,0,False
2026-03-18 13:15:00+00:00,,,,,,,,0.63,0.63,,0.0,0,False
2026-03-18 13:15:30+00:00,,,,,,,,0.63,0.63,,0.0,0,False
2026-03-18 13:16:00+00:00,,,,,,,,0.63,0.63,,0.0,0,False
2026-03-18 13:16:30+00:00,,,,,,,,0.63,0.63,,0.0,0,False
2026-03-18 13:17:00+00:00,,,,,,,,0.63,0.63,,0.0,0,False
2026-03-18 13:17:30+00:00,,,,,,,,0.63,0.63,,0.0,0,False
2026-03-18 13:18:00+00:00,,,,,,,,0.63,0.63,,0.0,0,False
2026-03-18 13:18:30+00:00,,,,,,,,0.63,0.63,,0.0,0,False
2026-03-18 13:19:00+00:00,,,,,,,,0.63,0.63,,0.0,0,False
2026-03-18 13:19:30+00:00,,,,,,,,0.63,0.63,,0.0,0,False
2026-03-18 13:20:00+00:00,,,,,,,,0.63,0.63,,0.0,0,False
2026-03-18 13:20:30+00:00,,,,,,,,0.63,0.63,,0.0,0,False
2026-03-18 13:21:00+00:00,,,,,,,,0.63,0.63,,0.0,0,False
2026-03-18 13:21:30+00:00,,,,,,,,0.63,0.63,,0.0,0,False
2026-03-18 13:22:00+00:00,,,,,,,,0.63,0.63,,0.0,0,False
2026-03-18 13:22:30+00:00,,,,,,,,0.63,0.63,,0.0,0,False
2026-03-18 13:23:00+00:00,,,,,,,,0.63,0.63,,0.0,0,False
2026-03-18 13:23:30+00:00,,,,,,,,0.63,0.63,,0.0,0,False
2026-03-18 13:24:00+00:00,,,,,,,,0.63,0.63,,0.0,0,False
2026-03-18 13:24:30+00:00,,,,,,,,0.62,0.62,,3.0,1,False
2026-03-18 13:25:00+00:00,,,,,,,,0.62,0.62,,0.0,0,False
2026-03-18 13:25:30+00:00,,,,,,,,0.66,0.66,,10.0,1,False
2026-03-18 13:26:00+00:00,,,,,,,,0.66,0.66,,0.0,0,False
2026-03-18 13:26:30+00:00,,,,,,,,0.66,0.66,,0.0,0,False
2026-03-18 13:27:00+00:00,,,,,,,,0.66,0.66,,0.0,0,False
2026-03-18 13:27:30+00:00,,,,,,,,0.66,0.66,,0.0,0,False
2026-03-18 13:28:00+00:00,,,,,,,,0.66,0.66,,0.0,0,False
2026-03-18 13:28:30+00:00,,,,,,,,0.66,0.66,,0.0,0,False
2026-03-18 13:29:00+00:00,,,,,,,,0.66,0.66,,0.0,0,False
2026-03-18 13:29:30+00:00,,,,,,,,0.66,0.66,,20.0,1,False
2026-03-18 13:30:00+00:00,,,,,,,,0.66,0.66,,0.0,0,False
2026-03-18 13:30:30+00:00,,,,,,,,0.66,0.66,,0.0,0,False
2026-03-18 13:31:00+00:00,,,,,,,,0.66,0.66,,0.0,0,False
2026-03-18 13:31:30+00:00,,,,,,,,0.66,0.66,,0.0,0,False
2026-03-18 13:32:00+00:00,,,,,,,,0.66,0.66,,0.0,0,False
2026-03-18 13:32:30+00:00,,,,,,,,0.66,0.66,,0.0,0,False
2026-03-18 13:33:00+00:00,,,,,,,,0.66,0.66,,0.0,0,False
2026-03-18 13:33:30+00:00,,,,,,,,0.66,0.66,,0.0,0,False
2026-03-18 13:34:00+00:00,,,,,,,,0.66,0.66,,0.0,0,False
2026-03-18 13:34:30+00:00,,,,,,,,0.66,0.66,,0.0,0,False
2026-03-18 13:35:00+00:00,,,,,,,,0.66,0.66,,0.0,0,False
2026-03-18 13:35:30+00:00,,,,,,,,0.66,0.66,,0.0,0,False
2026-03-18 13:36:00+00:00,,,,,,,,0.66,0.66,,0.0,0,False
2026-03-18 13:36:30+00:00,,,,,,,,0.66,0.66,,0.0,0,False
2026-03-18 13:37:00+00:00,,,,,,,,0.66,0.66,,0.0,0,False
2026-03-18 13:37:30+00:00,,,,,,,,0.66,0.66,,0.0,0,False
2026-03-18 13:38:00+00:00,,,,,,,,0.66,0.66,,0.0,0,False
2026-03-18 13:38:30+00:00,,,,,,,,0.66,0.66,,0.0,0,False
2026-03-18 13:39:00+00:00,,,,,,,,0.66,0.66,,0.0,0,False
2026-03-18 13:39:30+00:00,,,,,,,,0.66,0.66,,29.0,1,False
2026-03-18 13:40:00+00:00,,,,,,,,0.66,0.66,,0.0,0,False
2026-03-18 13:40:30+00:00,,,,,,,,0.66,0.66,,0.0,0,False
2026-03-18 13:41:00+00:00,,,,,,,,0.62,0.62,,375.0,3,False
2026-03-18 13:41:30+00:00,,,,,,,,0.62,0.62,,0.0,0,False
2026-03-18 13:42:00+00:00,,,,,,,,0.62,0.62,,0.0,0,False
2026-03-18 13:42:30+00:00,,,,,,,,0.62,0.62,,0.0,0,False
2026-03-18 13:43:00+00:00,,,,,,,,0.62,0.62,,0.0,0,False
2026-03-18 13:43:30+00:00,,,,,,,,0.62,0.62,,0.0,0,False
2026-03-18 13:44:00+00:00,,,,,,,,0.62,0.62,,0.0,0,False
2026-03-18 13:44:30+00:00,,,,,,,,0.62,0.62,,0.0,0,False
2026-03-18 13:45:00+00:00,,,,,,,,0.62,0.62,,0.0,0,False
2026-03-18 13:45:30+00:00,,,,,,,,0.62,0.62,,0.0,0,False
2026-03-18 13:46:00+00:00,,,,,,,,0.62,0.62,,0.0,0,False
2026-03-18 13:46:30+00:00,,,,,,,,0.62,0.62,,0.0,0,False
2026-03-18 13:47:00+00:00,,,,,,,,0.62,0.62,,0.0,0,False
2026-03-18 13:47:30+00:00,,,,,,,,0.62,0.62,,0.0,0,False
2026-03-18 13:48:00+00:00,,,,,,,,0.62,0.62,,0.0,0,False
2026-03-18 13:48:30+00:00,,,,,,,,0.62,0.62,,0.0,0,False
2026-03-18 13:49:00+00:00,,,,,,,,0.62,0.62,,0.0,0,False
2026-03-18 13:49:30+00:00,,,,,,,,0.62,0.62,,0.0,0,False
2026-03-18 13:50:00+00:00,,,,,,,,0.62,0.62,,37.0,1,False
2026-03-18 13:50:30+00:00,,,,,,,,0.62,0.62,,0.0,0,False
2026-03-18 13:51:00+00:00,,,,,,,,0.62,0.62,,0.0,0,False
2026-03-18 13:51:30+00:00,,,,,,,,0.62,0.62,,0.0,0,False
2026-03-18 13:52:00+00:00,,,,,,,,0.62,0.62,,0.0,0,False
2026-03-18 13:52:30+00:00,,,,,,,,0.62,0.62,,0.0,0,False
2026-03-18 13:53:00+00:00,,,,,,,,0.66,0.66,,5.0,1,False
2026-03-18 13:53:30+00:00,,,,,,,,0.66,0.66,,0.0,0,False
2026-03-18 13:54:00+00:00,,,,,,,,0.66,0.66,,0.0,0,False
2026-03-18 13:54:30+00:00,,,,,,,,0.66,0.66,,0.0,0,False
2026-03-18 13:55:00+00:00,,,,,,,,0.66,0.66,,0.0,0,False
2026-03-18 13:55:30+00:00,,,,,,,,0.66,0.66,,0.0,0,False
2026-03-18 13:56:00+00:00,,,,,,,,0.66,0.66,,0.0,0,False
2026-03-18 13:56:30+00:00,,,,,,,,0.66,0.66,,0.0,0,False
2026-03-18 13:57:00+00:00,,,,,,,,0.66,0.66,,0.0,0,False
2026-03-18 13:57:30+00:00,,,,,,,,0.66,0.66,,0.0,0,False
2026-03-18 13:58:00+00:00,,,,,,,,0.66,0.66,,0.0,0,False
2026-03-18 13:58:30+00:00,,,,,,,,0.66,0.66,,0.0,0,False
2026-03-18 13:59:00+00:00,,,,,,,,0.66,0.66,,0.0,0,False
2026-03-18 13:59:30+00:00,,,,,,,,0.66,0.66,,0.0,0,False
2026-03-18 14:00:00+00:00,,,,,,,,0.66,0.66,,0.0,0,False
2026-03-18 14:00:30+00:00,,,,,,,,0.66,0.66,,0.0,0,False
2026-03-18 14:01:00+00:00,,,,,,,,0.66,0.66,,0.0,0,False
2026-03-18 14:01:30+00:00,,,,,,,,0.66,0.66,,0.0,0,False
2026-03-18 14:02:00+00:00,,,,,,,,0.66,0.66,,0.0,0,False
2026-03-18 14:02:30+00:00,,,,,,,,0.66,0.66,,0.0,0,False
2026-03-18 14:03:00+00:00,,,,,,,,0.66,0.66,,0.0,0,False
2026-03-18 14:03:30+00:00,,,,,,,,0.66,0.66,,0.0,0,False
2026-03-18 14:04:00+00:00,,,,,,,,0.66,0.66,,0.0,0,False
2026-03-18 14:04:30+00:00,,,,,,,,0.63,0.63,,64.0,1,False
2026-03-18 14:05:00+00:00,,,,,,,,0.63,0.63,,0.0,0,False
2026-03-18 14:05:30+00:00,,,,,,,,0.63,0.63,,0.0,0,False
2026-03-18 14:06:00+00:00,,,,,,,,0.63,0.63,,0.0,0,False
2026-03-18 14:06:30+00:00,,,,,,,,0.63,0.63,,0.0,0,False
2026-03-18 14:07:00+00:00,,,,,,,,0.63,0.63,,0.0,0,False
2026-03-18 14:07:30+00:00,,,,,,,,0.63,0.63,,0.0,0,False
2026-03-18 14:08:00+00:00,,,,,,,,0.63,0.63,,0.0,0,False
2026-03-18 14:08:30+00:00,,,,,,,,0.63,0.63,,0.0,0,False
2026-03-18 14:09:00+00:00,,,,,,,,0.63,0.63,,0.0,0,False
2026-03-18 14:09:30+00:00,,,,,,,,0.63,0.63,,0.0,0,False
2026-03-18 14:10:00+00:00,,,,,,,,0.63,0.63,,0.0,0,False
2026-03-18 14:10:30+00:00,,,,,,,,0.63,0.63,,0.0,0,False
2026-03-18 14:11:00+00:00,,,,,,,,0.63,0.63,,0.0,0,False
2026-03-18 14:11:30+00:00,,,,,,,,0.63,0.63,,0.0,0,False
2026-03-18 14:12:00+00:00,,,,,,,,0.63,0.63,,0.0,0,False
2026-03-18 14:12:30+00:00,,,,,,,,0.63,0.63,,0.0,0,False
2026-03-18 14:13:00+00:00,,,,,,,,0.63,0.63,,0.0,0,False
2026-03-18 14:13:30+00:00,,,,,,,,0.63,0.63,,0.0,0,False
2026-03-18 14:14:00+00:00,,,,,,,,0.63,0.63,,0.0,0,False
2026-03-18 14:14:30+00:00,,,,,,,,0.63,0.63,,0.0,0,False
2026-03-18 14:15:00+00:00,,,,,,,,0.65,0.65,,149.0,1,False
2026-03-18 14:15:30+00:00,,,,,,,,0.65,0.65,,0.0,0,False
2026-03-18 14:16:00+00:00,,,,,,,,0.65,0.65,,0.0,0,False
2026-03-18 14:16:30+00:00,,,,,,,,0.63,0.63,,16.0,1,False
2026-03-18 14:17:00+00:00,,,,,,,,0.63,0.63,,0.0,0,False
2026-03-18 14:17:30+00:00,,,,,,,,0.65,0.65,,44.0,1,False
2026-03-18 14:18:00+00:00,,,,,,,,0.65,0.65,,0.0,0,False
2026-03-18 14:18:30+00:00,,,,,,,,0.65,0.65,,0.0,0,False
2026-03-18 14:19:00+00:00,,,,,,,,0.65,0.65,,0.0,0,False
2026-03-18 14:19:30+00:00,,,,,,,,0.65,0.65,,0.0,0,False
2026-03-18 14:20:00+00:00,,,,,,,,0.65,0.65,,0.0,0,False
2026-03-18 14:20:30+00:00,,,,,,,,0.65,0.65,,0.0,0,False
2026-03-18 14:21:00+00:00,,,,,,,,0.63,0.63,,4.0,1,False
2026-03-18 14:21:30+00:00,,,,,,,,0.63,0.63,,0.0,0,False
2026-03-18 14:22:00+00:00,,,,,,,,0.63,0.63,,0.0,0,False
2026-03-18 14:22:30+00:00,,,,,,,,0.63,0.63,,0.0,0,False
2026-03-18 14:23:00+00:00,,,,,,,,0.63,0.63,,0.0,0,False
2026-03-18 14:23:30+00:00,,,,,,,,0.63,0.63,,0.0,0,False
2026-03-18 14:24:00+00:00,,,,,,,,0.63,0.63,,0.0,0,False
2026-03-18 14:24:30+00:00,,,,,,,,0.63,0.63,,0.0,0,False
2026-03-18 14:25:00+00:00,,,,,,,,0.63,0.63,,0.0,0,False
2026-03-18 14:25:30+00:00,,,,,,,,0.63,0.63,,0.0,0,False
2026-03-18 14:26:00+00:00,,,,,,,,0.63,0.63,,0.0,0,False
2026-03-18 14:26:30+00:00,,,,,,,,0.63,0.63,,0.0,0,False
2026-03-18 14:27:00+00:00,,,,,,,,0.63,0.63,,0.0,0,False
2026-03-18 14:27:30+00:00,,,,,,,,0.63,0.63,,0.0,0,False
2026-03-18 14:28:00+00:00,,,,,,,,0.63,0.63,,0.0,0,False
2026-03-18 14:28:30+00:00,,,,,,,,0.63,0.63,,0.0,0,False
2026-03-18 14:29:00+00:00,,,,,,,,0.63,0.63,,0.0,0,False
2026-03-18 14:29:30+00:00,,,,,,,,0.63,0.63,,0.0,0,False
2026-03-18 14:30:00+00:00,,,,,,,,0.63,0.63,,0.0,0,False
2026-03-18 14:30:30+00:00,,,,,,,,0.63,0.63,,0.0,0,False
2026-03-18 14:31:00+00:00,,,,,,,,0.63,0.63,,0.0,0,False
2026-03-18 14:31:30+00:00,,,,,,,,0.63,0.63,,0.0,0,False
2026-03-18 14:32:00+00:00,,,,,,,,0.63,0.63,,0.0,0,False
2026-03-18 14:32:30+00:00,,,,,,,,0.63,0.63,,0.0,0,False
2026-03-18 14:33:00+00:00,,,,,,,,0.63,0.63,,0.0,0,False
2026-03-18 14:33:30+00:00,,,,,,,,0.63,0.63,,0.0,0,False
2026-03-18 14:34:00+00:00,,,,,,,,0.63,0.63,,0.0,0,False
2026-03-18 14:34:30+00:00,,,,,,,,0.63,0.63,,0.0,0,False
2026-03-18 14:35:00+00:00,,,,,,,,0.63,0.63,,0.0,0,False
2026-03-18 14:35:30+00:00,,,,,,,,0.63,0.63,,0.0,0,False
2026-03-18 14:36:00+00:00,,,,,,,,0.63,0.63,,0.0,0,False
2026-03-18 14:36:30+00:00,,,,,,,,0.63,0.63,,0.0,0,False
2026-03-18 14:37:00+00:00,,,,,,,,0.63,0.63,,0.0,0,False
2026-03-18 14:37:30+00:00,,,,,,,,0.63,0.63,,0.0,0,False
2026-03-18 14:38:00+00:00,,,,,,,,0.63,0.63,,0.0,0,False
2026-03-18 14:38:30+00:00,,,,,,,,0.62,0.62,,2.0,1,False
2026-03-18 14:39:00+00:00,,,,,,,,0.62,0.62,,12.0,1,False
2026-03-18 14:39:30+00:00,,,,,,,,0.62,0.62,,0.0,0,False
2026-03-18 14:40:00+00:00,,,,,,,,0.62,0.62,,0.0,0,False
2026-03-18 14:40:30+00:00,,,,,,,,0.62,0.62,,0.0,0,False
2026-03-18 14:41:00+00:00,,,,,,,,0.62,0.62,,37.0,1,False
2026-03-18 14:41:30+00:00,,,,,,,,0.62,0.62,,0.0,0,False
2026-03-18 14:42:00+00:00,,,,,,,,0.62,0.62,,0.0,0,False
2026-03-18 14:42:30+00:00,,,,,,,,0.62,0.62,,0.0,0,False
2026-03-18 14:43:00+00:00,,,,,,,,0.62,0.62,,0.0,0,False
2026-03-18 14:43:30+00:00,,,,,,,,0.62,0.62,,0.0,0,False
2026-03-18 14:44:00+00:00,,,,,,,,0.62,0.62,,0.0,0,False
2026-03-18 14:44:30+00:00,,,,,,,,0.62,0.62,,0.0,0,False
2026-03-18 14:45:00+00:00,,,,,,,,0.62,0.62,,0.0,0,False
2026-03-18 14:45:30+00:00,,,,,,,,0.62,0.62,,0.0,0,False
2026-03-18 14:46:00+00:00,,,,,,,,0.62,0.62,,0.0,0,False
2026-03-18 14:46:30+00:00,,,,,,,,0.62,0.62,,0.0,0,False
2026-03-18 14:47:00+00:00,,,,,,,,0.62,0.62,,0.0,0,False
2026-03-18 14:47:30+00:00,,,,,,,,0.62,0.62,,0.0,0,False
2026-03-18 14:48:00+00:00,,,,,,,,0.62,0.62,,0.0,0,False
2026-03-18 14:48:30+00:00,,,,,,,,0.62,0.62,,0.0,0,False
2026-03-18 14:49:00+00:00,,,,,,,,0.62,0.62,,0.0,0,False
2026-03-18 14:49:30+00:00,,,,,,,,0.62,0.62,,0.0,0,False
2026-03-18 14:50:00+00:00,,,,,,,,0.62,0.62,,0.0,0,False
2026-03-18 14:50:30+00:00,,,,,,,,0.65,0.65,,14.0,1,False
2026-03-18 14:51:00+00:00,,,,,,,,0.65,0.65,,0.0,0,False
2026-03-18 14:51:30+00:00,,,,,,,,0.65,0.65,,0.0,0,False
2026-03-18 14:52:00+00:00,,,,,,,,0.65,0.65,,0.0,0,False
2026-03-18 14:52:30+00:00,,,,,,,,0.65,0.65,,0.0,0,False
2026-03-18 14:53:00+00:00,,,,,,,,0.65,0.65,,0.0,0,False
2026-03-18 14:53:30+00:00,,,,,,,,0.65,0.65,,0.0,0,False
2026-03-18 14:54:00+00:00,,,,,,,,0.65,0.65,,0.0,0,False
2026-03-18 14:54:30+00:00,,,,,,,,0.65,0.65,,17.0,2,False
2026-03-18 14:55:00+00:00,,,,,,,,0.65,0.65,,0.0,0,False
2026-03-18 14:55:30+00:00,,,,,,,,0.65,0.65,,0.0,0,False
2026-03-18 14:56:00+00:00,,,,,,,,0.628,0.62,,25.0,2,False
2026-03-18 14:56:30+00:00,,,,,,,,0.628,0.62,,0.0,0,False
2026-03-18 14:57:00+00:00,,,,,,,,0.628,0.62,,0.0,0,False
2026-03-18 14:57:30+00:00,,,,,,,,0.6494214876033059,0.65,,121.0,3,False
2026-03-18 14:58:00+00:00,,,,,,,,0.6494214876033059,0.65,,0.0,0,False
2026-03-18 14:58:30+00:00,,,,,,,,0.6494214876033059,0.65,,0.0,0,False
2026-03-18 14:59:00+00:00,,,,,,,,0.65,0.65,,7.0,1,False
2026-03-18 14:59:30+00:00,,,,,,,,0.65,0.65,,0.0,0,False
2026-03-18 15:00:00+00:00,,,,,,,,0.65,0.65,,0.0,0,False
2026-03-18 15:00:30+00:00,,,,,,,,0.65,0.65,,0.0,0,False
2026-03-18 15:01:00+00:00,,,,,,,,0.65,0.65,,0.0,0,False
2026-03-18 15:01:30+00:00,,,,,,,,0.65,0.65,,0.0,0,False
2026-03-18 15:02:00+00:00,,,,,,,,0.62,0.62,,34.0,1,False
2026-03-18 15:02:30+00:00,,,,,,,,0.62,0.62,,0.0,0,False
2026-03-18 15:03:00+00:00,,,,,,,,0.62,0.62,,0.0,0,False
2026-03-18 15:03:30+00:00,,,,,,,,0.62,0.62,,0.0,0,False
2026-03-18 15:04:00+00:00,,,,,,,,0.62,0.62,,0.0,0,False
2026-03-18 15:04:30+00:00,,,,,,,,0.62,0.62,,0.0,0,False
2026-03-18 15:05:00+00:00,,,,,,,,0.62,0.62,,0.0,0,False
2026-03-18 15:05:30+00:00,,,,,,,,0.62,0.62,,0.0,0,False
2026-03-18 15:06:00+00:00,,,,,,,,0.62,0.62,,0.0,0,False
2026-03-18 15:06:30+00:00,,,,,,,,0.62,0.62,,0.0,0,False
2026-03-18 15:07:00+00:00,,,,,,,,0.62,0.62,,0.0,0,False
2026-03-18 15:07:30+00:00,,,,,,,,0.62,0.62,,0.0,0,False
2026-03-18 15:08:00+00:00,,,,,,,,0.62,0.62,,0.0,0,False
2026-03-18 15:08:30+00:00,,,,,,,,0.62,0.62,,0.0,0,False
2026-03-18 15:09:00+00:00,,,,,,,,0.62,0.62,,0.0,0,False
2026-03-18 15:09:30+00:00,,,,,,,,0.62,0.62,,0.0,0,False
2026-03-18 15:10:00+00:00,,,,,,,,0.62,0.62,,0.0,0,False
2026-03-18 15:10:30+00:00,,,,,,,,0.62,0.62,,0.0,0,False
2026-03-18 15:11:00+00:00,,,,,,,,0.63,0.63,,9.0,2,False
2026-03-18 15:11:30+00:00,,,,,,,,0.63,0.63,,0.0,0,False
2026-03-18 15:12:00+00:00,,,,,,,,0.63,0.63,,0.0,0,False
2026-03-18 15:12:30+00:00,,,,,,,,0.63,0.63,,0.0,0,False
2026-03-18 15:13:00+00:00,,,,,,,,0.63,0.63,,0.0,0,False
2026-03-18 15:13:30+00:00,,,,,,,,0.63,0.63,,0.0,0,False
2026-03-18 15:14:00+00:00,,,,,,,,0.63,0.63,,0.0,0,False
2026-03-18 15:14:30+00:00,,,,,,,,0.63,0.63,,0.0,0,False
2026-03-18 15:15:00+00:00,,,,,,,,0.63,0.63,,0.0,0,False
2026-03-18 15:15:30+00:00,,,,,,,,0.63,0.63,,0.0,0,False
2026-03-18 15:16:00+00:00,,,,,,,,0.63,0.63,,0.0,0,False
2026-03-18 15:16:30+00:00,,,,,,,,0.63,0.63,,0.0,0,False
2026-03-18 15:17:00+00:00,,,,,,,,0.63,0.63,,0.0,0,False
2026-03-18 15:17:30+00:00,,,,,,,,0.63,0.63,,0.0,0,False
2026-03-18 15:18:00+00:00,,,,,,,,0.6166666666666666,0.62,,24.0,3,False
2026-03-18 15:18:30+00:00,,,,,,,,0.61,0.61,,12.0,1,False
2026-03-18 15:19:00+00:00,,,,,,,,0.61,0.61,,0.0,0,False
2026-03-18 15:19:30+00:00,,,,,,,,0.61,0.61,,0.0,0,False
2026-03-18 15:20:00+00:00,,,,,,,,0.61,0.61,,0.0,0,False
2026-03-18 15:20:30+00:00,,,,,,,,0.61,0.61,,7.0,1,False
2026-03-18 15:21:00+00:00,,,,,,,,0.61,0.61,,0.0,0,False
2026-03-18 15:21:30+00:00,,,,,,,,0.61,0.61,,0.0,0,False
2026-03-18 15:22:00+00:00,,,,,,,,0.61,0.61,,0.0,0,False
2026-03-18 15:22:30+00:00,,,,,,,,0.61,0.61,,0.0,0,False
2026-03-18 15:23:00+00:00,,,,,,,,0.61,0.61,,0.0,0,False
2026-03-18 15:23:30+00:00,,,,,,,,0.61,0.61,,0.0,0,False
2026-03-18 15:24:00+00:00,,,,,,,,0.61,0.61,,0.0,0,False
2026-03-18 15:24:30+00:00,,,,,,,,0.61,0.61,,0.0,0,False
2026-03-18 15:25:00+00:00,,,,,,,,0.61,0.61,,0.0,0,False
2026-03-18 15:25:30+00:00,,,,,,,,0.61,0.61,,0.0,0,False
2026-03-18 15:26:00+00:00,,,,,,,,0.61,0.61,,0.0,0,False
2026-03-18 15:26:30+00:00,,,,,,,,0.61,0.61,,0.0,0,False
2026-03-18 15:27:00+00:00,,,,,,,,0.61,0.61,,0.0,0,False
2026-03-18 15:27:30+00:00,,,,,,,,0.61,0.61,,0.0,0,False
2026-03-18 15:28:00+00:00,,,,,,,,0.61,0.61,,0.0,0,False
2026-03-18 15:28:30+00:00,,,,,,,,0.61,0.61,,0.0,0,False
2026-03-18 15:29:00+00:00,,,,,,,,0.61,0.61,,0.0,0,False
2026-03-18 15:29:30+00:00,,,,,,,,0.65,0.65,,6.0,1,False
2026-03-18 15:30:00+00:00,,,,,,,,0.65,0.65,,0.0,0,False
2026-03-18 15:30:30+00:00,,,,,,,,0.65,0.65,,0.0,0,False
2026-03-18 15:31:00+00:00,,,,,,,,0.65,0.65,,223.0,3,False
2026-03-18 15:31:30+00:00,,,,,,,,0.65,0.65,,0.0,0,False
2026-03-18 15:32:00+00:00,,,,,,,,0.65,0.65,,22.0,1,False
2026-03-18 15:32:30+00:00,,,,,,,,0.65,0.65,,0.0,0,False
2026-03-18 15:33:00+00:00,,,,,,,,0.65,0.65,,0.0,0,False
2026-03-18 15:33:30+00:00,,,,,,,,0.65,0.65,,0.0,0,False
2026-03-18 15:34:00+00:00,,,,,,,,0.65,0.65,,0.0,0,False
2026-03-18 15:34:30+00:00,,,,,,,,0.65,0.65,,0.0,0,False
2026-03-18 15:35:00+00:00,,,,,,,,0.65,0.65,,0.0,0,False
2026-03-18 15:35:30+00:00,,,,,,,,0.65,0.65,,0.0,0,False
2026-03-18 15:36:00+00:00,,,,,,,,0.65,0.65,,0.0,0,False
2026-03-18 15:36:30+00:00,,,,,,,,0.61,0.61,,12.0,1,False
2026-03-18 15:37:00+00:00,,,,,,,,0.61,0.61,,0.0,0,False
2026-03-18 15:37:30+00:00,,,,,,,,0.61,0.61,,0.0,0,False
2026-03-18 15:38:00+00:00,,,,,,,,0.61,0.61,,0.0,0,False
2026-03-18 15:38:30+00:00,,,,,,,,0.61,0.61,,0.0,0,False
2026-03-18 15:39:00+00:00,,,,,,,,0.6400000000000001,0.64,,57.0,1,False
2026-03-18 15:39:30+00:00,,,,,,,,0.6400000000000001,0.64,,0.0,0,False
2026-03-18 15:40:00+00:00,,,,,,,,0.6400000000000001,0.64,,0.0,0,False
2026-03-18 15:40:30+00:00,,,,,,,,0.6400000000000001,0.64,,0.0,0,False
2026-03-18 15:41:00+00:00,,,,,,,,0.6400000000000001,0.64,,0.0,0,False
2026-03-18 15:41:30+00:00,,,,,,,,0.6400000000000001,0.64,,0.0,0,False
2026-03-18 15:42:00+00:00,,,,,,,,0.6400000000000001,0.64,,0.0,0,False
2026-03-18 15:42:30+00:00,,,,,,,,0.6400000000000001,0.64,,0.0,0,False
2026-03-18 15:43:00+00:00,,,,,,,,0.6400000000000001,0.64,,0.0,0,False
2026-03-18 15:43:30+00:00,,,,,,,,0.6400000000000001,0.64,,0.0,0,False
2026-03-18 15:44:00+00:00,,,,,,,,0.6400000000000001,0.64,,0.0,0,False
2026-03-18 15:44:30+00:00,,,,,,,,0.6400000000000001,0.64,,0.0,0,False
2026-03-18 15:45:00+00:00,,,,,,,,0.64,0.64,,21.0,1,False
2026-03-18 15:45:30+00:00,,,,,,,,0.64,0.64,,0.0,0,False
2026-03-18 15:46:00+00:00,,,,,,,,0.64,0.64,,0.0,0,False
2026-03-18 15:46:30+00:00,,,,,,,,0.64,0.64,,0.0,0,False
2026-03-18 15:47:00+00:00,,,,,,,,0.64,0.64,,0.0,0,False
2026-03-18 15:47:30+00:00,,,,,,,,0.64,0.64,,0.0,0,False
2026-03-18 15:48:00+00:00,,,,,,,,0.64,0.64,,0.0,0,False
2026-03-18 15:48:30+00:00,,,,,,,,0.64,0.64,,0.0,0,False
2026-03-18 15:49:00+00:00,,,,,,,,0.64,0.64,,0.0,0,False
2026-03-18 15:49:30+00:00,,,,,,,,0.64,0.64,,0.0,0,False
2026-03-18 15:50:00+00:00,,,,,,,,0.64,0.64,,0.0,0,False
2026-03-18 15:50:30+00:00,,,,,,,,0.64,0.64,,0.0,0,False
2026-03-18 15:51:00+00:00,,,,,,,,0.64,0.64,,0.0,0,False
2026-03-18 15:51:30+00:00,,,,,,,,0.64,0.64,,0.0,0,False
2026-03-18 15:52:00+00:00,,,,,,,,0.64,0.64,,0.0,0,False
2026-03-18 15:52:30+00:00,,,,,,,,0.64,0.64,,0.0,0,False
2026-03-18 15:53:00+00:00,,,,,,,,0.64,0.64,,0.0,0,False
2026-03-18 15:53:30+00:00,,,,,,,,0.64,0.64,,0.0,0,False
2026-03-18 15:54:00+00:00,,,,,,,,0.64,0.64,,0.0,0,False
2026-03-18 15:54:30+00:00,,,,,,,,0.64,0.64,,0.0,0,False
2026-03-18 15:55:00+00:00,,,,,,,,0.64,0.64,,0.0,0,False
2026-03-18 15:55:30+00:00,,,,,,,,0.64,0.64,,0.0,0,False
2026-03-18 15:56:00+00:00,,,,,,,,0.64,0.64,,0.0,0,False
2026-03-18 15:56:30+00:00,,,,,,,,0.64,0.64,,0.0,0,False
2026-03-18 15:57:00+00:00,,,,,,,,0.64,0.64,,0.0,0,False
2026-03-18 15:57:30+00:00,,,,,,,,0.64,0.64,,0.0,0,False
2026-03-18 15:58:00+00:00,,,,,,,,0.64,0.64,,0.0,0,False
2026-03-18 15:58:30+00:00,,,,,,,,0.64,0.64,,0.0,0,False
2026-03-18 15:59:00+00:00,,,,,,,,0.64,0.64,,0.0,0,False
2026-03-18 15:59:30+00:00,,,,,,,,0.64,0.64,,0.0,0,False
2026-03-18 16:00:00+00:00,,,,,,,,0.64,0.64,,0.0,0,False
2026-03-18 16:00:30+00:00,,,,,,,,0.64,0.64,,0.0,0,False
2026-03-18 16:01:00+00:00,,,,,,,,0.64,0.64,,0.0,0,False
2026-03-18 16:01:30+00:00,,,,,,,,0.64,0.64,,0.0,0,False
2026-03-18 16:02:00+00:00,,,,,,,,0.64,0.64,,0.0,0,False
2026-03-18 16:02:30+00:00,,,,,,,,0.64,0.64,,0.0,0,False
2026-03-18 16:03:00+00:00,,,,,,,,0.64,0.64,,0.0,0,False
2026-03-18 16:03:30+00:00,,,,,,,,0.61,0.61,,24.0,1,False
2026-03-18 16:04:00+00:00,,,,,,,,0.64,0.64,,1.0,1,False
2026-03-18 16:04:30+00:00,,,,,,,,0.64,0.64,,30.0,1,False
2026-03-18 16:05:00+00:00,,,,,,,,0.64,0.64,,0.0,0,False
2026-03-18 16:05:30+00:00,,,,,,,,0.64,0.64,,151.0,2,False
2026-03-18 16:06:00+00:00,,,,,,,,0.64,0.64,,0.0,0,False
2026-03-18 16:06:30+00:00,,,,,,,,0.64,0.64,,0.0,0,False
2026-03-18 16:07:00+00:00,,,,,,,,0.64,0.64,,0.0,0,False
2026-03-18 16:07:30+00:00,,,,,,,,0.64,0.64,,0.0,0,False
2026-03-18 16:08:00+00:00,,,,,,,,0.64,0.64,,0.0,0,False
2026-03-18 16:08:30+00:00,,,,,,,,0.64,0.64,,0.0,0,False
2026-03-18 16:09:00+00:00,,,,,,,,0.64,0.64,,0.0,0,False
2026-03-18 16:09:30+00:00,,,,,,,,0.64,0.64,,0.0,0,False
2026-03-18 16:10:00+00:00,,,,,,,,0.64,0.64,,3.0,1,False
2026-03-18 16:10:30+00:00,,,,,,,,0.64,0.64,,0.0,0,False
2026-03-18 16:11:00+00:00,,,,,,,,0.64,0.64,,0.0,0,False
2026-03-18 16:11:30+00:00,,,,,,,,0.64,0.64,,0.0,0,False
2026-03-18 16:12:00+00:00,,,,,,,,0.64,0.64,,0.0,0,False
2026-03-18 16:12:30+00:00,,,,,,,,0.64,0.64,,0.0,0,False
2026-03-18 16:13:00+00:00,,,,,,,,0.64,0.64,,75.0,2,False
2026-03-18 16:13:30+00:00,,,,,,,,0.64,0.64,,0.0,0,False
2026-03-18 16:14:00+00:00,,,,,,,,0.64,0.64,,0.0,0,False
2026-03-18 16:14:30+00:00,,,,,,,,0.64,0.64,,0.0,0,False
2026-03-18 16:15:00+00:00,,,,,,,,0.64,0.64,,0.0,0,False
2026-03-18 16:15:30+00:00,,,,,,,,0.64,0.64,,0.0,0,False
2026-03-18 16:16:00+00:00,,,,,,,,0.64,0.64,,0.0,0,False
2026-03-18 16:16:30+00:00,,,,,,,,0.64,0.64,,0.0,0,False
2026-03-18 16:17:00+00:00,,,,,,,,0.64,0.64,,0.0,0,False
2026-03-18 16:17:30+00:00,,,,,,,,0.64,0.64,,0.0,0,False
2026-03-18 16:18:00+00:00,,,,,,,,0.64,0.64,,0.0,0,False
2026-03-18 16:18:30+00:00,,,,,,,,0.64,0.64,,0.0,0,False
2026-03-18 16:19:00+00:00,,,,,,,,0.64,0.64,,0.0,0,False
2026-03-18 16:19:30+00:00,,,,,,,,0.64,0.64,,0.0,0,False
2026-03-18 16:20:00+00:00,,,,,,,,0.64,0.64,,0.0,0,False
2026-03-18 16:20:30+00:00,,,,,,,,0.64,0.64,,0.0,0,False
2026-03-18 16:21:00+00:00,,,,,,,,0.64,0.64,,0.0,0,False
2026-03-18 16:21:30+00:00,,,,,,,,0.64,0.64,,0.0,0,False
2026-03-18 16:22:00+00:00,,,,,,,,0.64,0.64,,0.0,0,False
2026-03-18 16:22:30+00:00,,,,,,,,0.64,0.64,,0.0,0,False
2026-03-18 16:23:00+00:00,,,,,,,,0.64,0.64,,0.0,0,False
2026-03-18 16:23:30+00:00,,,,,,,,0.6222556390977443,0.62,,133.0,2,False
2026-03-18 16:24:00+00:00,,,,,,,,0.6222556390977443,0.62,,0.0,0,False
2026-03-18 16:24:30+00:00,,,,,,,,0.6222556390977443,0.62,,0.0,0,False
2026-03-18 16:25:00+00:00,,,,,,,,0.6222556390977443,0.62,,0.0,0,False
2026-03-18 16:25:30+00:00,,,,,,,,0.6222556390977443,0.62,,0.0,0,False
2026-03-18 16:26:00+00:00,,,,,,,,0.6222556390977443,0.62,,0.0,0,False
2026-03-18 16:26:30+00:00,,,,,,,,0.6222556390977443,0.62,,0.0,0,False
2026-03-18 16:27:00+00:00,,,,,,,,0.6222556390977443,0.62,,0.0,0,False
2026-03-18 16:27:30+00:00,,,,,,,,0.6222556390977443,0.62,,0.0,0,False
2026-03-18 16:28:00+00:00,,,,,,,,0.6222556390977443,0.62,,0.0,0,False
2026-03-18 16:28:30+00:00,,,,,,,,0.6222556390977443,0.62,,0.0,0,False
2026-03-18 16:29:00+00:00,,,,,,,,0.6222556390977443,0.62,,0.0,0,False
2026-03-18 16:29:30+00:00,,,,,,,,0.6222556390977443,0.62,,0.0,0,False
2026-03-18 16:30:00+00:00,,,,,,,,0.6222556390977443,0.62,,0.0,0,False
2026-03-18 16:30:30+00:00,,,,,,,,0.6222556390977443,0.62,,0.0,0,False
2026-03-18 16:31:00+00:00,,,,,,,,0.6222556390977443,0.62,,0.0,0,False
2026-03-18 16:31:30+00:00,,,,,,,,0.6222556390977443,0.62,,0.0,0,False
2026-03-18 16:32:00+00:00,,,,,,,,0.6222556390977443,0.62,,0.0,0,False
2026-03-18 16:32:30+00:00,,,,,,,,0.6222556390977443,0.62,,0.0,0,False
2026-03-18 16:33:00+00:00,,,,,,,,0.6222556390977443,0.62,,0.0,0,False
2026-03-18 16:33:30+00:00,,,,,,,,0.6222556390977443,0.62,,0.0,0,False
2026-03-18 16:34:00+00:00,,,,,,,,0.61,0.61,,12.0,1,False
2026-03-18 16:34:30+00:00,,,,,,,,0.61,0.61,,0.0,0,False
2026-03-18 16:35:00+00:00,,,,,,,,0.61,0.61,,24.0,1,False
2026-03-18 16:35:30+00:00,,,,,,,,0.61,0.61,,0.0,0,False
2026-03-18 16:36:00+00:00,,,,,,,,0.61,0.61,,0.0,0,False
2026-03-18 16:36:30+00:00,,,,,,,,0.61,0.61,,0.0,0,False
2026-03-18 16:37:00+00:00,,,,,,,,0.61,0.61,,0.0,0,False
2026-03-18 16:37:30+00:00,,,,,,,,0.61,0.61,,0.0,0,False
2026-03-18 16:38:00+00:00,,,,,,,,0.61,0.61,,0.0,0,False
2026-03-18 16:38:30+00:00,,,,,,,,0.61,0.61,,0.0,0,False
2026-03-18 16:39:00+00:00,,,,,,,,0.61,0.61,,0.0,0,False
2026-03-18 16:39:30+00:00,,,,,,,,0.61,0.61,,0.0,0,False
2026-03-18 16:40:00+00:00,,,,,,,,0.61,0.61,,0.0,0,False
2026-03-18 16:40:30+00:00,,,,,,,,0.61,0.61,,0.0,0,False
2026-03-18 16:41:00+00:00,,,,,,,,0.61,0.61,,0.0,0,False
2026-03-18 16:41:30+00:00,,,,,,,,0.61,0.61,,0.0,0,False
2026-03-18 16:42:00+00:00,,,,,,,,0.61,0.61,,0.0,0,False
2026-03-18 16:42:30+00:00,,,,,,,,0.64,0.64,,30.0,3,False
2026-03-18 16:43:00+00:00,,,,,,,,0.64,0.64,,0.0,0,False
2026-03-18 16:43:30+00:00,,,,,,,,0.64,0.64,,0.0,0,False
2026-03-18 16:44:00+00:00,,,,,,,,0.64,0.64,,0.0,0,False
2026-03-18 16:44:30+00:00,,,,,,,,0.64,0.64,,0.0,0,False
2026-03-18 16:45:00+00:00,,,,,,,,0.64,0.64,,0.0,0,False
2026-03-18 16:45:30+00:00,,,,,,,,0.64,0.64,,0.0,0,False
2026-03-18 16:46:00+00:00,,,,,,,,0.64,0.64,,0.0,0,False
2026-03-18 16:46:30+00:00,,,,,,,,0.64,0.64,,0.0,0,False
2026-03-18 16:47:00+00:00,,,,,,,,0.64,0.64,,0.0,0,False
2026-03-18 16:47:30+00:00,,,,,,,,0.64,0.64,,0.0,0,False
2026-03-18 16:48:00+00:00,,,,,,,,0.64,0.64,,0.0,0,False
2026-03-18 16:48:30+00:00,,,,,,,,0.64,0.64,,0.0,0,False
2026-03-18 16:49:00+00:00,,,,,,,,0.64,0.64,,0.0,0,False
2026-03-18 16:49:30+00:00,,,,,,,,0.64,0.64,,23.0,1,False
2026-03-18 16:50:00+00:00,,,,,,,,0.64,0.64,,0.0,0,False
2026-03-18 16:50:30+00:00,,,,,,,,0.64,0.64,,0.0,0,False
2026-03-18 16:51:00+00:00,,,,,,,,0.64,0.64,,0.0,0,False
2026-03-18 16:51:30+00:00,,,,,,,,0.64,0.64,,0.0,0,False
2026-03-18 16:52:00+00:00,,,,,,,,0.64,0.64,,0.0,0,False
2026-03-18 16:52:30+00:00,,,,,,,,0.64,0.64,,0.0,0,False
2026-03-18 16:53:00+00:00,,,,,,,,0.64,0.64,,0.0,0,False
2026-03-18 16:53:30+00:00,,,,,,,,0.64,0.64,,0.0,0,False
2026-03-18 16:54:00+00:00,,,,,,,,0.64,0.64,,0.0,0,False
2026-03-18 16:54:30+00:00,,,,,,,,0.64,0.64,,0.0,0,False
2026-03-18 16:55:00+00:00,,,,,,,,0.625,0.64,,2.0,2,False
2026-03-18 16:55:30+00:00,,,,,,,,0.625,0.64,,0.0,0,False
2026-03-18 16:56:00+00:00,,,,,,,,0.625,0.64,,0.0,0,False
2026-03-18 16:56:30+00:00,,,,,,,,0.625,0.64,,0.0,0,False
2026-03-18 16:57:00+00:00,,,,,,,,0.625,0.64,,2.0,2,False
2026-03-18 16:57:30+00:00,,,,,,,,0.625,0.64,,0.0,0,False
2026-03-18 16:58:00+00:00,,,,,,,,0.625,0.64,,0.0,0,False
2026-03-18 16:58:30+00:00,,,,,,,,0.6399999999999999,0.64,,89.0,2,False
2026-03-18 16:59:00+00:00,,,,,,,,0.625,0.64,,2.0,2,False
2026-03-18 16:59:30+00:00,,,,,,,,0.625,0.64,,0.0,0,False
2026-03-18 17:00:00+00:00,,,,,,,,0.625,0.64,,0.0,0,False
2026-03-18 17:00:30+00:00,,,,,,,,0.625,0.64,,0.0,0,False
2026-03-18 17:01:00+00:00,,,,,,,,0.625,0.64,,2.0,2,False
2026-03-18 17:01:30+00:00,,,,,,,,0.64,0.64,,118.0,2,False
2026-03-18 17:02:00+00:00,,,,,,,,0.64,0.64,,0.0,0,False
2026-03-18 17:02:30+00:00,,,,,,,,0.64,0.64,,15.0,1,False
2026-03-18 17:03:00+00:00,,,,,,,,0.64,0.64,,0.0,0,False
2026-03-18 17:03:30+00:00,,,,,,,,0.64,0.64,,0.0,0,False
2026-03-18 17:04:00+00:00,,,,,,,,0.64,0.64,,0.0,0,False
2026-03-18 17:04:30+00:00,,,,,,,,0.64,0.64,,0.0,0,False
2026-03-18 17:05:00+00:00,,,,,,,,0.64,0.64,,3.0,1,False
2026-03-18 17:05:30+00:00,,,,,,,,0.64,0.64,,0.0,0,False
2026-03-18 17:06:00+00:00,,,,,,,,0.64,0.64,,0.0,0,False
2026-03-18 17:06:30+00:00,,,,,,,,0.64,0.64,,0.0,0,False
2026-03-18 17:07:00+00:00,,,,,,,,0.64,0.64,,0.0,0,False
2026-03-18 17:07:30+00:00,,,,,,,,0.64,0.64,,0.0,0,False
2026-03-18 17:08:00+00:00,,,,,,,,0.64,0.64,,0.0,0,False
2026-03-18 17:08:30+00:00,,,,,,,,0.64,0.64,,0.0,0,False
2026-03-18 17:09:00+00:00,,,,,,,,0.64,0.64,,0.0,0,False
2026-03-18 17:09:30+00:00,,,,,,,,0.64,0.64,,0.0,0,False
2026-03-18 17:10:00+00:00,,,,,,,,0.64,0.64,,0.0,0,False
2026-03-18 17:10:30+00:00,,,,,,,,0.64,0.64,,0.0,0,False
2026-03-18 17:11:00+00:00,,,,,,,,0.64,0.64,,0.0,0,False
2026-03-18 17:11:30+00:00,,,,,,,,0.64,0.64,,0.0,0,False
2026-03-18 17:12:00+00:00,,,,,,,,0.64,0.64,,0.0,0,False
2026-03-18 17:12:30+00:00,,,,,,,,0.64,0.64,,0.0,0,False
2026-03-18 17:13:00+00:00,,,,,,,,0.64,0.64,,0.0,0,False
2026-03-18 17:13:30+00:00,,,,,,,,0.64,0.64,,0.0,0,False
2026-03-18 17:14:00+00:00,,,,,,,,0.64,0.64,,0.0,0,False
2026-03-18 17:14:30+00:00,,,,,,,,0.64,0.64,,0.0,0,False
2026-03-18 17:15:00+00:00,,,,,,,,0.64,0.64,,0.0,0,False
2026-03-18 17:15:30+00:00,,,,,,,,0.6201923076923077,0.62,,52.0,3,False
2026-03-18 17:16:00+00:00,,,,,,,,0.6201923076923077,0.62,,0.0,0,False
2026-03-18 17:16:30+00:00,,,,,,,,0.6201923076923077,0.62,,0.0,0,False
2026-03-18 17:17:00+00:00,,,,,,,,0.6201923076923077,0.62,,0.0,0,False
2026-03-18 17:17:30+00:00,,,,,,,,0.6201923076923077,0.62,,0.0,0,False
2026-03-18 17:18:00+00:00,,,,,,,,0.6201923076923077,0.62,,0.0,0,False
2026-03-18 17:18:30+00:00,,,,,,,,0.6201923076923077,0.62,,0.0,0,False
2026-03-18 17:19:00+00:00,,,,,,,,0.6201923076923077,0.62,,0.0,0,False
2026-03-18 17:19:30+00:00,,,,,,,,0.6201923076923077,0.62,,0.0,0,False
2026-03-18 17:20:00+00:00,,,,,,,,0.6201923076923077,0.62,,0.0,0,False
2026-03-18 17:20:30+00:00,,,,,,,,0.6201923076923077,0.62,,0.0,0,False
2026-03-18 17:21:00+00:00,,,,,,,,0.6201923076923077,0.62,,0.0,0,False
2026-03-18 17:21:30+00:00,,,,,,,,0.6201923076923077,0.62,,0.0,0,False
2026-03-18 17:22:00+00:00,,,,,,,,0.6201923076923077,0.62,,0.0,0,False
2026-03-18 17:22:30+00:00,,,,,,,,0.6201923076923077,0.62,,0.0,0,False
2026-03-18 17:23:00+00:00,,,,,,,,0.6201923076923077,0.62,,0.0,0,False
2026-03-18 17:23:30+00:00,,,,,,,,0.6201923076923077,0.62,,0.0,0,False
2026-03-18 17:24:00+00:00,,,,,,,,0.6201923076923077,0.62,,0.0,0,False
2026-03-18 17:24:30+00:00,,,,,,,,0.6201923076923077,0.62,,0.0,0,False
2026-03-18 17:25:00+00:00,,,,,,,,0.6201923076923077,0.62,,0.0,0,False
2026-03-18 17:25:30+00:00,,,,,,,,0.6201923076923077,0.62,,0.0,0,False
2026-03-18 17:26:00+00:00,,,,,,,,0.62,0.62,,7.0,1,False
2026-03-18 17:26:30+00:00,,,,,,,,0.62,0.62,,0.0,0,False
2026-03-18 17:27:00+00:00,,,,,,,,0.62,0.62,,0.0,0,False
2026-03-18 17:27:30+00:00,,,,,,,,0.62,0.62,,0.0,0,False
2026-03-18 17:28:00+00:00,,,,,,,,0.62,0.62,,0.0,0,False
2026-03-18 17:28:30+00:00,,,,,,,,0.62,0.62,,0.0,0,False
2026-03-18 17:29:00+00:00,,,,,,,,0.62,0.62,,0.0,0,False
2026-03-18 17:29:30+00:00,,,,,,,,0.6038842975206612,0.61,,242.0,4,False
2026-03-18 17:30:00+00:00,,,,,,,,0.6038842975206612,0.61,,0.0,0,False
2026-03-18 17:30:30+00:00,,,,,,,,0.6038842975206612,0.61,,0.0,0,False
2026-03-18 17:31:00+00:00,,,,,,,,0.6,0.6,,11.0,1,False
2026-03-18 17:31:30+00:00,,,,,,,,0.6,0.6,,0.0,0,False
2026-03-18 17:32:00+00:00,,,,,,,,0.6,0.6,,0.0,0,False
2026-03-18 17:32:30+00:00,,,,,,,,0.6,0.6,,0.0,0,False
2026-03-18 17:33:00+00:00,,,,,,,,0.6200000000000001,0.62,,117.0,1,False
2026-03-18 17:33:30+00:00,,,,,,,,0.6200000000000001,0.62,,0.0,0,False
2026-03-18 17:34:00+00:00,,,,,,,,0.6200000000000001,0.62,,0.0,0,False
2026-03-18 17:34:30+00:00,,,,,,,,0.6200000000000001,0.62,,0.0,0,False
2026-03-18 17:35:00+00:00,,,,,,,,0.6200000000000001,0.62,,0.0,0,False
2026-03-18 17:35:30+00:00,,,,,,,,0.6200000000000001,0.62,,0.0,0,False
2026-03-18 17:36:00+00:00,,,,,,,,0.6200000000000001,0.62,,0.0,0,False
2026-03-18 17:36:30+00:00,,,,,,,,0.6200000000000001,0.62,,0.0,0,False
2026-03-18 17:37:00+00:00,,,,,,,,0.6200000000000001,0.62,,0.0,0,False
2026-03-18 17:37:30+00:00,,,,,,,,0.6200000000000001,0.62,,0.0,0,False
2026-03-18 17:38:00+00:00,,,,,,,,0.6200000000000001,0.62,,0.0,0,False
2026-03-18 17:38:30+00:00,,,,,,,,0.6200000000000001,0.62,,0.0,0,False
2026-03-18 17:39:00+00:00,,,,,,,,0.6200000000000001,0.62,,0.0,0,False
2026-03-18 17:39:30+00:00,,,,,,,,0.6200000000000001,0.62,,0.0,0,False
2026-03-18 17:40:00+00:00,,,,,,,,0.6200000000000001,0.62,,0.0,0,False
2026-03-18 17:40:30+00:00,,,,,,,,0.6200000000000001,0.62,,0.0,0,False
2026-03-18 17:41:00+00:00,,,,,,,,0.6200000000000001,0.62,,0.0,0,False
2026-03-18 17:41:30+00:00,,,,,,,,0.6200000000000001,0.62,,0.0,0,False
2026-03-18 17:42:00+00:00,,,,,,,,0.6200000000000001,0.62,,0.0,0,False
2026-03-18 17:42:30+00:00,,,,,,,,0.6200000000000001,0.62,,0.0,0,False
2026-03-18 17:43:00+00:00,,,,,,,,0.6200000000000001,0.62,,0.0,0,False
2026-03-18 17:43:30+00:00,,,,,,,,0.6200000000000001,0.62,,0.0,0,False
2026-03-18 17:44:00+00:00,,,,,,,,0.6200000000000001,0.62,,0.0,0,False
2026-03-18 17:44:30+00:00,,,,,,,,0.6,0.6,,4.0,1,False
2026-03-18 17:45:00+00:00,,,,,,,,0.6,0.6,,0.0,0,False
2026-03-18 17:45:30+00:00,,,,,,,,0.6,0.6,,0.0,0,False
2026-03-18 17:46:00+00:00,,,,,,,,0.6,0.6,,0.0,0,False
2026-03-18 17:46:30+00:00,,,,,,,,0.6,0.6,,0.0,0,False
2026-03-18 17:47:00+00:00,,,,,,,,0.6,0.6,,0.0,0,False
2026-03-18 17:47:30+00:00,,,,,,,,0.6,0.6,,0.0,0,False
2026-03-18 17:48:00+00:00,,,,,,,,0.6,0.6,,50.0,1,False
2026-03-18 17:48:30+00:00,,,,,,,,0.6,0.6,,0.0,0,False
2026-03-18 17:49:00+00:00,,,,,,,,0.6,0.6,,0.0,0,False
2026-03-18 17:49:30+00:00,,,,,,,,0.62,0.62,,3.0,1,False
2026-03-18 17:50:00+00:00,,,,,,,,0.62,0.62,,0.0,0,False
2026-03-18 17:50:30+00:00,,,,,,,,0.62,0.62,,0.0,0,False
2026-03-18 17:51:00+00:00,,,,,,,,0.62,0.62,,0.0,0,False
2026-03-18 17:51:30+00:00,,,,,,,,0.62,0.62,,0.0,0,False
2026-03-18 17:52:00+00:00,,,,,,,,0.62,0.62,,0.0,0,False
2026-03-18 17:52:30+00:00,,,,,,,,0.62,0.62,,0.0,0,False
2026-03-18 17:53:00+00:00,,,,,,,,0.62,0.62,,0.0,0,False
2026-03-18 17:53:30+00:00,,,,,,,,0.62,0.62,,0.0,0,False
2026-03-18 17:54:00+00:00,,,,,,,,0.62,0.62,,0.0,0,False
2026-03-18 17:54:30+00:00,,,,,,,,0.62,0.62,,0.0,0,False
2026-03-18 17:55:00+00:00,,,,,,,,0.62,0.62,,0.0,0,False
2026-03-18 17:55:30+00:00,,,,,,,,0.62,0.62,,0.0,0,False
2026-03-18 17:56:00+00:00,,,,,,,,0.62,0.62,,0.0,0,False
2026-03-18 17:56:30+00:00,,,,,,,,0.62,0.62,,0.0,0,False
2026-03-18 17:57:00+00:00,,,,,,,,0.62,0.62,,0.0,0,False
2026-03-18 17:57:30+00:00,,,,,,,,0.62,0.62,,0.0,0,False
2026-03-18 17:58:00+00:00,,,,,,,,0.62,0.62,,0.0,0,False
2026-03-18 17:58:30+00:00,,,,,,,,0.62,0.62,,0.0,0,False
2026-03-18 17:59:00+00:00,,,,,,,,0.62,0.62,,0.0,0,False
2026-03-18 17:59:30+00:00,,,,,,,,0.62,0.62,,0.0,0,False
2026-03-18 18:00:00+00:00,,,,,,,,0.62,0.62,,0.0,0,False
2026-03-18 18:00:30+00:00,,,,,,,,0.62,0.62,,0.0,0,False
2026-03-18 18:01:00+00:00,,,,,,,,0.62,0.62,,0.0,0,False
2026-03-18 18:01:30+00:00,,,,,,,,0.62,0.62,,0.0,0,False
2026-03-18 18:02:00+00:00,,,,,,,,0.62,0.62,,0.0,0,False
2026-03-18 18:02:30+00:00,,,,,,,,0.62,0.62,,0.0,0,False
2026-03-18 18:03:00+00:00,,,,,,,,0.62,0.62,,0.0,0,False
2026-03-18 18:03:30+00:00,,,,,,,,0.62,0.62,,0.0,0,False
2026-03-18 18:04:00+00:00,,,,,,,,0.62,0.62,,0.0,0,False
2026-03-18 18:04:30+00:00,,,,,,,,0.62,0.62,,0.0,0,False
2026-03-18 18:05:00+00:00,,,,,,,,0.62,0.62,,0.0,0,False
2026-03-18 18:05:30+00:00,,,,,,,,0.62,0.62,,0.0,0,False
2026-03-18 18:06:00+00:00,,,,,,,,0.62,0.62,,0.0,0,False
2026-03-18 18:06:30+00:00,,,,,,,,0.62,0.62,,0.0,0,False
2026-03-18 18:07:00+00:00,,,,,,,,0.62,0.62,,0.0,0,False
2026-03-18 18:07:30+00:00,,,,,,,,0.62,0.62,,0.0,0,False
2026-03-18 18:08:00+00:00,,,,,,,,0.62,0.62,,0.0,0,False
2026-03-18 18:08:30+00:00,,,,,,,,0.62,0.62,,0.0,0,False
2026-03-18 18:09:00+00:00,,,,,,,,0.62,0.62,,0.0,0,False
2026-03-18 18:09:30+00:00,,,,,,,,0.62,0.62,,0.0,0,False
2026-03-18 18:10:00+00:00,,,,,,,,0.62,0.62,,3.0,1,False
2026-03-18 18:10:30+00:00,,,,,,,,0.62,0.62,,0.0,0,False
2026-03-18 18:11:00+00:00,,,,,,,,0.62,0.62,,0.0,0,False
2026-03-18 18:11:30+00:00,,,,,,,,0.62,0.62,,0.0,0,False
2026-03-18 18:12:00+00:00,,,,,,,,0.62,0.62,,0.0,0,False
2026-03-18 18:12:30+00:00,,,,,,,,0.62,0.62,,0.0,0,False
2026-03-18 18:13:00+00:00,,,,,,,,0.62,0.62,,0.0,0,False
2026-03-18 18:13:30+00:00,,,,,,,,0.62,0.62,,0.0,0,False
2026-03-18 18:14:00+00:00,,,,,,,,0.62,0.62,,0.0,0,False
2026-03-18 18:14:30+00:00,,,,,,,,0.62,0.62,,0.0,0,False
2026-03-18 18:15:00+00:00,,,,,,,,0.62,0.62,,17.0,1,False
2026-03-18 18:15:30+00:00,,,,,,,,0.62,0.62,,0.0,0,False
2026-03-18 18:16:00+00:00,,,,,,,,0.62,0.62,,0.0,0,False
2026-03-18 18:16:30+00:00,,,,,,,,0.62,0.62,,0.0,0,False
2026-03-18 18:17:00+00:00,,,,,,,,0.62,0.62,,0.0,0,False
2026-03-18 18:17:30+00:00,,,,,,,,0.62,0.62,,0.0,0,False
2026-03-18 18:18:00+00:00,,,,,,,,0.62,0.62,,0.0,0,False
2026-03-18 18:18:30+00:00,,,,,,,,0.62,0.62,,0.0,0,False
2026-03-18 18:19:00+00:00,,,,,,,,0.62,0.62,,0.0,0,False
2026-03-18 18:19:30+00:00,,,,,,,,0.62,0.62,,0.0,0,False
2026-03-18 18:20:00+00:00,,,,,,,,0.62,0.62,,0.0,0,False
2026-03-18 18:20:30+00:00,,,,,,,,0.62,0.62,,0.0,0,False
2026-03-18 18:21:00+00:00,,,,,,,,0.62,0.62,,0.0,0,False
2026-03-18 18:21:30+00:00,,,,,,,,0.62,0.62,,0.0,0,False
2026-03-18 18:22:00+00:00,,,,,,,,0.62,0.62,,0.0,0,False
2026-03-18 18:22:30+00:00,,,,,,,,0.62,0.62,,0.0,0,False
2026-03-18 18:23:00+00:00,,,,,,,,0.62,0.62,,0.0,0,False
2026-03-18 18:23:30+00:00,,,,,,,,0.62,0.62,,0.0,0,False
2026-03-18 18:24:00+00:00,,,,,,,,0.62,0.62,,0.0,0,False
2026-03-18 18:24:30+00:00,,,,,,,,0.62,0.62,,0.0,0,False
2026-03-18 18:25:00+00:00,,,,,,,,0.62,0.62,,0.0,0,False
2026-03-18 18:25:30+00:00,,,,,,,,0.62,0.62,,0.0,0,False
2026-03-18 18:26:00+00:00,,,,,,,,0.62,0.62,,0.0,0,False
2026-03-18 18:26:30+00:00,,,,,,,,0.62,0.62,,0.0,0,False
2026-03-18 18:27:00+00:00,,,,,,,,0.62,0.62,,0.0,0,False
2026-03-18 18:27:30+00:00,,,,,,,,0.62,0.62,,0.0,0,False
2026-03-18 18:28:00+00:00,,,,,,,,0.62,0.62,,0.0,0,False
2026-03-18 18:28:30+00:00,,,,,,,,0.63,0.63,,15.0,1,False
2026-03-18 18:29:00+00:00,,,,,,,,0.63,0.63,,0.0,0,False
2026-03-18 18:29:30+00:00,,,,,,,,0.63,0.63,,0.0,0,False
2026-03-18 18:30:00+00:00,,,,,,,,0.63,0.63,,0.0,0,False
2026-03-18 18:30:30+00:00,,,,,,,,0.63,0.63,,0.0,0,False
2026-03-18 18:31:00+00:00,,,,,,,,0.63,0.63,,0.0,0,False
2026-03-18 18:31:30+00:00,,,,,,,,0.63,0.63,,0.0,0,False
2026-03-18 18:32:00+00:00,,,,,,,,0.6,0.6,,25.0,2,False
2026-03-18 18:32:30+00:00,,,,,,,,0.6,0.6,,0.0,0,False
2026-03-18 18:33:00+00:00,,,,,,,,0.6,0.6,,0.0,0,False
2026-03-18 18:33:30+00:00,,,,,,,,0.6,0.6,,0.0,0,False
2026-03-18 18:34:00+00:00,,,,,,,,0.6,0.6,,0.0,0,False
2026-03-18 18:34:30+00:00,,,,,,,,0.6,0.6,,0.0,0,False
2026-03-18 18:35:00+00:00,,,,,,,,0.6,0.6,,0.0,0,False
2026-03-18 18:35:30+00:00,,,,,,,,0.6,0.6,,0.0,0,False
2026-03-18 18:36:00+00:00,,,,,,,,0.6,0.6,,0.0,0,False
2026-03-18 18:36:30+00:00,,,,,,,,0.6,0.6,,0.0,0,False
2026-03-18 18:37:00+00:00,,,,,,,,0.6,0.6,,0.0,0,False
2026-03-18 18:37:30+00:00,,,,,,,,0.6,0.6,,0.0,0,False
2026-03-18 18:38:00+00:00,,,,,,,,0.6,0.6,,0.0,0,False
2026-03-18 18:38:30+00:00,,,,,,,,0.6,0.6,,0.0,0,False
2026-03-18 18:39:00+00:00,,,,,,,,0.6,0.6,,0.0,0,False
2026-03-18 18:39:30+00:00,,,,,,,,0.6,0.6,,0.0,0,False
2026-03-18 18:40:00+00:00,,,,,,,,0.6,0.6,,0.0,0,False
2026-03-18 18:40:30+00:00,,,,,,,,0.6,0.6,,0.0,0,False
2026-03-18 18:41:00+00:00,,,,,,,,0.6,0.6,,0.0,0,False
2026-03-18 18:41:30+00:00,,,,,,,,0.63,0.63,,11.0,1,False
2026-03-18 18:42:00+00:00,,,,,,,,0.63,0.63,,0.0,0,False
2026-03-18 18:42:30+00:00,,,,,,,,0.63,0.63,,0.0,0,False
2026-03-18 18:43:00+00:00,,,,,,,,0.63,0.63,,0.0,0,False
2026-03-18 18:43:30+00:00,,,,,,,,0.63,0.63,,0.0,0,False
2026-03-18 18:44:00+00:00,,,,,,,,0.63,0.63,,0.0,0,False
2026-03-18 18:44:30+00:00,,,,,,,,0.6394039735099337,0.64,,151.0,2,False
2026-03-18 18:45:00+00:00,,,,,,,,0.6394039735099337,0.64,,0.0,0,False
2026-03-18 18:45:30+00:00,,,,,,,,0.6394039735099337,0.64,,0.0,0,False
2026-03-18 18:46:00+00:00,,,,,,,,0.6394039735099337,0.64,,0.0,0,False
2026-03-18 18:46:30+00:00,,,,,,,,0.63032,0.64,,375.0,4,False
2026-03-18 18:47:00+00:00,,,,,,,,0.6,0.6,,15.0,1,False
2026-03-18 18:47:30+00:00,,,,,,,,0.6,0.6,,0.0,0,False
2026-03-18 18:48:00+00:00,,,,,,,,0.6,0.6,,0.0,0,False
2026-03-18 18:48:30+00:00,,,,,,,,0.6,0.6,,0.0,0,False
2026-03-18 18:49:00+00:00,,,,,,,,0.6,0.6,,0.0,0,False
2026-03-18 18:49:30+00:00,,,,,,,,0.6,0.6,,0.0,0,False
2026-03-18 18:50:00+00:00,,,,,,,,0.6,0.6,,0.0,0,False
2026-03-18 18:50:30+00:00,,,,,,,,0.6,0.6,,0.0,0,False
2026-03-18 18:51:00+00:00,,,,,,,,0.6,0.6,,0.0,0,False
2026-03-18 18:51:30+00:00,,,,,,,,0.6,0.6,,0.0,0,False
2026-03-18 18:52:00+00:00,,,,,,,,0.6,0.6,,0.0,0,False
2026-03-18 18:52:30+00:00,,,,,,,,0.6,0.6,,0.0,0,False
2026-03-18 18:53:00+00:00,,,,,,,,0.6,0.6,,0.0,0,False
2026-03-18 18:53:30+00:00,,,,,,,,0.6,0.6,,0.0,0,False
2026-03-18 18:54:00+00:00,,,,,,,,0.6,0.6,,0.0,0,False
2026-03-18 18:54:30+00:00,,,,,,,,0.6,0.6,,0.0,0,False
2026-03-18 18:55:00+00:00,,,,,,,,0.6,0.6,,0.0,0,False
2026-03-18 18:55:30+00:00,,,,,,,,0.64,0.64,,1.0,1,False
2026-03-18 18:56:00+00:00,,,,,,,,0.64,0.64,,0.0,0,False
2026-03-18 18:56:30+00:00,,,,,,,,0.64,0.64,,0.0,0,False
2026-03-18 18:57:00+00:00,,,,,,,,0.6,0.6,,2.0,1,False
2026-03-18 18:57:30+00:00,,,,,,,,0.6,0.6,,0.0,0,False
2026-03-18 18:58:00+00:00,,,,,,,,0.6,0.6,,0.0,0,False
2026-03-18 18:58:30+00:00,,,,,,,,0.6,0.6,,0.0,0,False
2026-03-18 18:59:00+00:00,,,,,,,,0.6,0.6,,0.0,0,False
2026-03-18 18:59:30+00:00,,,,,,,,0.6,0.6,,0.0,0,False
2026-03-18 19:00:00+00:00,,,,,,,,0.6,0.6,,0.0,0,False
2026-03-18 19:00:30+00:00,,,,,,,,0.6,0.6,,0.0,0,False
2026-03-18 19:01:00+00:00,,,,,,,,0.6,0.6,,0.0,0,False
2026-03-18 19:01:30+00:00,,,,,,,,0.6,0.6,,0.0,0,False
2026-03-18 19:02:00+00:00,,,,,,,,0.6222222222222221,0.6,,54.0,3,False
2026-03-18 19:02:30+00:00,,,,,,,,0.6222222222222221,0.6,,0.0,0,False
2026-03-18 19:03:00+00:00,,,,,,,,0.6222222222222221,0.6,,0.0,0,False
2026-03-18 19:03:30+00:00,,,,,,,,0.6222222222222221,0.6,,0.0,0,False
2026-03-18 19:04:00+00:00,,,,,,,,0.6222222222222221,0.6,,0.0,0,False
2026-03-18 19:04:30+00:00,,,,,,,,0.64,0.64,,15.0,1,False
2026-03-18 19:05:00+00:00,,,,,,,,0.64,0.64,,0.0,0,False
2026-03-18 19:05:30+00:00,,,,,,,,0.64,0.64,,0.0,0,False
2026-03-18 19:06:00+00:00,,,,,,,,0.64,0.64,,0.0,0,False
2026-03-18 19:06:30+00:00,,,,,,,,0.64,0.64,,0.0,0,False
2026-03-18 19:07:00+00:00,,,,,,,,0.64,0.64,,0.0,0,False
2026-03-18 19:07:30+00:00,,,,,,,,0.64,0.64,,0.0,0,False
2026-03-18 19:08:00+00:00,,,,,,,,0.6,0.6,,23.0,1,False
2026-03-18 19:08:30+00:00,,,,,,,,0.6,0.6,,0.0,0,False
2026-03-18 19:09:00+00:00,,,,,,,,0.6,0.6,,0.0,0,False
2026-03-18 19:09:30+00:00,,,,,,,,0.6,0.6,,0.0,0,False
2026-03-18 19:10:00+00:00,,,,,,,,0.6,0.6,,0.0,0,False
2026-03-18 19:10:30+00:00,,,,,,,,0.6,0.6,,0.0,0,False
2026-03-18 19:11:00+00:00,,,,,,,,0.6,0.6,,0.0,0,False
2026-03-18 19:11:30+00:00,,,,,,,,0.6,0.6,,0.0,0,False
2026-03-18 19:12:00+00:00,,,,,,,,0.6,0.6,,0.0,0,False
2026-03-18 19:12:30+00:00,,,,,,,,0.6,0.6,,0.0,0,False
2026-03-18 19:13:00+00:00,,,,,,,,0.6,0.6,,0.0,0,False
2026-03-18 19:13:30+00:00,,,,,,,,0.6,0.6,,0.0,0,False
2026-03-18 19:14:00+00:00,,,,,,,,0.6,0.6,,0.0,0,False
2026-03-18 19:14:30+00:00,,,,,,,,0.6,0.6,,0.0,0,False
2026-03-18 19:15:00+00:00,,,,,,,,0.6,0.6,,0.0,0,False
2026-03-18 19:15:30+00:00,,,,,,,,0.6,0.6,,0.0,0,False
2026-03-18 19:16:00+00:00,,,,,,,,0.6,0.6,,0.0,0,False
2026-03-18 19:16:30+00:00,,,,,,,,0.6,0.6,,0.0,0,False
2026-03-18 19:17:00+00:00,,,,,,,,0.6,0.6,,0.0,0,False
2026-03-18 19:17:30+00:00,,,,,,,,0.6,0.6,,0.0,0,False
2026-03-18 19:18:00+00:00,,,,,,,,0.6,0.6,,0.0,0,False
2026-03-18 19:18:30+00:00,,,,,,,,0.6,0.6,,0.0,0,False
2026-03-18 19:19:00+00:00,,,,,,,,0.6,0.6,,0.0,0,False
2026-03-18 19:19:30+00:00,,,,,,,,0.6,0.6,,0.0,0,False
2026-03-18 19:20:00+00:00,,,,,,,,0.6,0.6,,0.0,0,False
2026-03-18 19:20:30+00:00,,,,,,,,0.6,0.6,,0.0,0,False
2026-03-18 19:21:00+00:00,,,,,,,,0.6,0.6,,0.0,0,False
2026-03-18 19:21:30+00:00,,,,,,,,0.6,0.6,,0.0,0,False
2026-03-18 19:22:00+00:00,,,,,,,,0.6333333333333333,0.63,,30.0,2,False
2026-03-18 19:22:30+00:00,,,,,,,,0.6333333333333333,0.63,,0.0,0,False
2026-03-18 19:23:00+00:00,,,,,,,,0.64,0.64,,12.0,1,False
2026-03-18 19:23:30+00:00,,,,,,,,0.64,0.64,,0.0,0,False
2026-03-18 19:24:00+00:00,,,,,,,,0.64,0.64,,0.0,0,False
2026-03-18 19:24:30+00:00,,,,,,,,0.64,0.64,,0.0,0,False
2026-03-18 19:25:00+00:00,,,,,,,,0.64,0.64,,0.0,0,False
2026-03-18 19:25:30+00:00,,,,,,,,0.64,0.64,,0.0,0,False
2026-03-18 19:26:00+00:00,,,,,,,,0.64,0.64,,0.0,0,False
2026-03-18 19:26:30+00:00,,,,,,,,0.64,0.64,,0.0,0,False
2026-03-18 19:27:00+00:00,,,,,,,,0.64,0.64,,0.0,0,False
2026-03-18 19:27:30+00:00,,,,,,,,0.64,0.64,,0.0,0,False
2026-03-18 19:28:00+00:00,,,,,,,,0.64,0.64,,0.0,0,False
2026-03-18 19:28:30+00:00,,,,,,,,0.64,0.64,,0.0,0,False
2026-03-18 19:29:00+00:00,,,,,,,,0.64,0.64,,0.0,0,False
2026-03-18 19:29:30+00:00,,,,,,,,0.64,0.64,,0.0,0,False
2026-03-18 19:30:00+00:00,,,,,,,,0.64,0.64,,0.0,0,False
2026-03-18 19:30:30+00:00,,,,,,,,0.64,0.64,,0.0,0,False
2026-03-18 19:31:00+00:00,,,,,,,,0.64,0.64,,0.0,0,False
2026-03-18 19:31:30+00:00,,,,,,,,0.64,0.64,,0.0,0,False
2026-03-18 19:32:00+00:00,,,,,,,,0.64,0.64,,0.0,0,False
2026-03-18 19:32:30+00:00,,,,,,,,0.64,0.64,,0.0,0,False
2026-03-18 19:33:00+00:00,,,,,,,,0.64,0.64,,0.0,0,False
2026-03-18 19:33:30+00:00,,,,,,,,0.6,0.6,,23.0,1,False
2026-03-18 19:34:00+00:00,,,,,,,,0.6,0.6,,0.0,0,False
2026-03-18 19:34:30+00:00,,,,,,,,0.6,0.6,,0.0,0,False
2026-03-18 19:35:00+00:00,,,,,,,,0.6,0.6,,0.0,0,False
2026-03-18 19:35:30+00:00,,,,,,,,0.62,0.62,,1.0,1,False
2026-03-18 19:36:00+00:00,,,,,,,,0.62,0.62,,0.0,0,False
2026-03-18 19:36:30+00:00,,,,,,,,0.62,0.62,,0.0,0,False
2026-03-18 19:37:00+00:00,,,,,,,,0.62,0.62,,0.0,0,False
2026-03-18 19:37:30+00:00,,,,,,,,0.62,0.62,,0.0,0,False
2026-03-18 19:38:00+00:00,,,,,,,,0.62,0.62,,0.0,0,False
2026-03-18 19:38:30+00:00,,,,,,,,0.62,0.62,,0.0,0,False
2026-03-18 19:39:00+00:00,,,,,,,,0.64,0.64,,53.0,1,False
2026-03-18 19:39:30+00:00,,,,,,,,0.64,0.64,,0.0,0,False
2026-03-18 19:40:00+00:00,,,,,,,,0.62,0.62,,20.0,1,False
2026-03-18 19:40:30+00:00,,,,,,,,0.62,0.62,,0.0,0,False
2026-03-18 19:41:00+00:00,,,,,,,,0.62,0.62,,0.0,0,False
2026-03-18 19:41:30+00:00,,,,,,,,0.62,0.62,,5.0,1,False
2026-03-18 19:42:00+00:00,,,,,,,,0.62,0.62,,0.0,0,False
2026-03-18 19:42:30+00:00,,,,,,,,0.62,0.62,,0.0,0,False
2026-03-18 19:43:00+00:00,,,,,,,,0.62,0.62,,0.0,0,False
2026-03-18 19:43:30+00:00,,,,,,,,0.62,0.62,,0.0,0,False
2026-03-18 19:44:00+00:00,,,,,,,,0.62,0.62,,0.0,0,False
2026-03-18 19:44:30+00:00,,,,,,,,0.62,0.62,,0.0,0,False
2026-03-18 19:45:00+00:00,,,,,,,,0.62,0.62,,0.0,0,False
2026-03-18 19:45:30+00:00,,,,,,,,0.62,0.62,,0.0,0,False
2026-03-18 19:46:00+00:00,,,,,,,,0.64,0.64,,22.0,1,False
2026-03-18 19:46:30+00:00,,,,,,,,0.64,0.64,,0.0,0,False
2026-03-18 19:47:00+00:00,,,,,,,,0.64,0.64,,0.0,0,False
2026-03-18 19:47:30+00:00,,,,,,,,0.64,0.64,,0.0,0,False
2026-03-18 19:48:00+00:00,,,,,,,,0.64,0.64,,0.0,0,False
2026-03-18 19:48:30+00:00,,,,,,,,0.6199999999999999,0.62,,37.0,2,False
2026-03-18 19:49:00+00:00,,,,,,,,0.6199999999999999,0.62,,0.0,0,False
2026-03-18 19:49:30+00:00,,,,,,,,0.6199999999999999,0.62,,0.0,0,False
2026-03-18 19:50:00+00:00,,,,,,,,0.62,0.62,,9.0,1,False
2026-03-18 19:50:30+00:00,,,,,,,,0.62,0.62,,0.0,0,False
2026-03-18 19:51:00+00:00,,,,,,,,0.62,0.62,,0.0,0,False
2026-03-18 19:51:30+00:00,,,,,,,,0.62,0.62,,0.0,0,False
2026-03-18 19:52:00+00:00,,,,,,,,0.62,0.62,,0.0,0,False
2026-03-18 19:52:30+00:00,,,,,,,,0.62,0.62,,25.0,1,False
2026-03-18 19:53:00+00:00,,,,,,,,0.62,0.62,,0.0,0,False
2026-03-18 19:53:30+00:00,,,,,,,,0.62,0.62,,0.0,0,False
2026-03-18 19:54:00+00:00,,,,,,,,0.62,0.62,,0.0,0,False
2026-03-18 19:54:30+00:00,,,,,,,,0.62,0.62,,0.0,0,False
2026-03-18 19:55:00+00:00,,,,,,,,0.62,0.62,,0.0,0,False
2026-03-18 19:55:30+00:00,,,,,,,,0.62,0.62,,0.0,0,False
2026-03-18 19:56:00+00:00,,,,,,,,0.62,0.62,,0.0,0,False
2026-03-18 19:56:30+00:00,,,,,,,,0.64,0.64,,6.0,1,False
2026-03-18 19:57:00+00:00,,,,,,,,0.64,0.64,,0.0,0,False
2026-03-18 19:57:30+00:00,,,,,,,,0.64,0.64,,0.0,0,False
2026-03-18 19:58:00+00:00,,,,,,,,0.64,0.64,,0.0,0,False
2026-03-18 19:58:30+00:00,,,,,,,,0.64,0.64,,0.0,0,False
2026-03-18 19:59:00+00:00,,,,,,,,0.6365660377358492,0.64,,265.0,3,False
2026-03-18 19:59:30+00:00,,,,,,,,0.6365660377358492,0.64,,0.0,0,False
2026-03-18 20:00:00+00:00,,,,,,,,0.6365660377358492,0.64,,0.0,0,False
2026-03-18 20:00:30+00:00,,,,,,,,0.6365660377358492,0.64,,0.0,0,False
2026-03-18 20:01:00+00:00,,,,,,,,0.6365660377358492,0.64,,0.0,0,False
2026-03-18 20:01:30+00:00,,,,,,,,0.6365660377358492,0.64,,0.0,0,False
2026-03-18 20:02:00+00:00,,,,,,,,0.6365660377358492,0.64,,0.0,0,False
2026-03-18 20:02:30+00:00,,,,,,,,0.6365660377358492,0.64,,0.0,0,False
2026-03-18 20:03:00+00:00,,,,,,,,0.6365660377358492,0.64,,0.0,0,False
2026-03-18 20:03:30+00:00,,,,,,,,0.6365660377358492,0.64,,0.0,0,False
2026-03-18 20:04:00+00:00,,,,,,,,0.63,0.63,,1.0,1,False
2026-03-18 20:04:30+00:00,,,,,,,,0.63,0.63,,4.0,1,False
2026-03-18 20:05:00+00:00,,,,,,,,0.63,0.63,,0.0,0,False
2026-03-18 20:05:30+00:00,,,,,,,,0.63,0.63,,0.0,0,False
2026-03-18 20:06:00+00:00,,,,,,,,0.63,0.63,,0.0,0,False
2026-03-18 20:06:30+00:00,,,,,,,,0.63,0.63,,0.0,0,False
2026-03-18 20:07:00+00:00,,,,,,,,0.63,0.63,,0.0,0,False
2026-03-18 20:07:30+00:00,,,,,,,,0.63,0.63,,0.0,0,False
2026-03-18 20:08:00+00:00,,,,,,,,0.63,0.63,,0.0,0,False
2026-03-18 20:08:30+00:00,,,,,,,,0.63,0.63,,0.0,0,False
2026-03-18 20:09:00+00:00,,,,,,,,0.63,0.63,,0.0,0,False
2026-03-18 20:09:30+00:00,,,,,,,,0.63,0.63,,0.0,0,False
2026-03-18 20:10:00+00:00,,,,,,,,0.63,0.63,,0.0,0,False
2026-03-18 20:10:30+00:00,,,,,,,,0.63,0.63,,0.0,0,False
2026-03-18 20:11:00+00:00,,,,,,,,0.63,0.63,,0.0,0,False
2026-03-18 20:11:30+00:00,,,,,,,,0.63,0.63,,0.0,0,False
2026-03-18 20:12:00+00:00,,,,,,,,0.63,0.63,,0.0,0,False
2026-03-18 20:12:30+00:00,,,,,,,,0.63,0.63,,0.0,0,False
2026-03-18 20:13:00+00:00,,,,,,,,0.63,0.63,,0.0,0,False
2026-03-18 20:13:30+00:00,,,,,,,,0.63,0.63,,0.0,0,False
2026-03-18 20:14:00+00:00,,,,,,,,0.63,0.63,,0.0,0,False
2026-03-18 20:14:30+00:00,,,,,,,,0.63,0.63,,0.0,0,False
2026-03-18 20:15:00+00:00,,,,,,,,0.63,0.63,,0.0,0,False
2026-03-18 20:15:30+00:00,,,,,,,,0.63,0.63,,0.0,0,False
2026-03-18 20:16:00+00:00,,,,,,,,0.6293333333333333,0.63,,15.0,2,False
2026-03-18 20:16:30+00:00,,,,,,,,0.6293333333333333,0.63,,0.0,0,False
2026-03-18 20:17:00+00:00,,,,,,,,0.6293333333333333,0.63,,0.0,0,False
2026-03-18 20:17:30+00:00,,,,,,,,0.6293333333333333,0.63,,0.0,0,False
2026-03-18 20:18:00+00:00,,,,,,,,0.6293333333333333,0.63,,0.0,0,False
2026-03-18 20:18:30+00:00,,,,,,,,0.6293333333333333,0.63,,0.0,0,False
2026-03-18 20:19:00+00:00,,,,,,,,0.6293333333333333,0.63,,0.0,0,False
2026-03-18 20:19:30+00:00,,,,,,,,0.6293333333333333,0.63,,0.0,0,False
2026-03-18 20:20:00+00:00,,,,,,,,0.6293333333333333,0.63,,0.0,0,False
2026-03-18 20:20:30+00:00,,,,,,,,0.63,0.63,,7.0,1,False
2026-03-18 20:21:00+00:00,,,,,,,,0.63,0.63,,0.0,0,False
2026-03-18 20:21:30+00:00,,,,,,,,0.63,0.63,,0.0,0,False
2026-03-18 20:22:00+00:00,,,,,,,,0.63,0.63,,0.0,0,False
2026-03-18 20:22:30+00:00,,,,,,,,0.6277777777777778,0.63,,9.0,4,False
2026-03-18 20:23:00+00:00,,,,,,,,0.6277777777777778,0.63,,0.0,0,False
2026-03-18 20:23:30+00:00,,,,,,,,0.6277777777777778,0.63,,0.0,0,False
2026-03-18 20:24:00+00:00,,,,,,,,0.6277777777777778,0.63,,0.0,0,False
2026-03-18 20:24:30+00:00,,,,,,,,0.6277777777777778,0.63,,0.0,0,False
2026-03-18 20:25:00+00:00,,,,,,,,0.6277777777777778,0.63,,0.0,0,False
2026-03-18 20:25:30+00:00,,,,,,,,0.6277777777777778,0.63,,0.0,0,False
2026-03-18 20:26:00+00:00,,,,,,,,0.6277777777777778,0.63,,0.0,0,False
2026-03-18 20:26:30+00:00,,,,,,,,0.6277777777777778,0.63,,0.0,0,False
2026-03-18 20:27:00+00:00,,,,,,,,0.6277777777777778,0.63,,0.0,0,False
2026-03-18 20:27:30+00:00,,,,,,,,0.6277777777777778,0.63,,0.0,0,False
2026-03-18 20:28:00+00:00,,,,,,,,0.6277777777777778,0.63,,0.0,0,False
2026-03-18 20:28:30+00:00,,,,,,,,0.6277777777777778,0.63,,0.0,0,False
2026-03-18 20:29:00+00:00,,,,,,,,0.6277777777777778,0.63,,0.0,0,False
2026-03-18 20:29:30+00:00,,,,,,,,0.6277777777777778,0.63,,0.0,0,False
2026-03-18 20:30:00+00:00,,,,,,,,0.6277777777777778,0.63,,0.0,0,False
2026-03-18 20:30:30+00:00,,,,,,,,0.6277777777777778,0.63,,0.0,0,False
2026-03-18 20:31:00+00:00,,,,,,,,0.6277777777777778,0.63,,0.0,0,False
2026-03-18 20:31:30+00:00,,,,,,,,0.6277777777777778,0.63,,0.0,0,False
2026-03-18 20:32:00+00:00,,,,,,,,0.6277777777777778,0.63,,0.0,0,False
2026-03-18 20:32:30+00:00,,,,,,,,0.6277777777777778,0.63,,0.0,0,False
2026-03-18 20:33:00+00:00,,,,,,,,0.6277777777777778,0.63,,0.0,0,False
2026-03-18 20:33:30+00:00,,,,,,,,0.6277777777777778,0.63,,0.0,0,False
2026-03-18 20:34:00+00:00,,,,,,,,0.6277777777777778,0.63,,0.0,0,False
2026-03-18 20:34:30+00:00,,,,,,,,0.6277777777777778,0.63,,0.0,0,False
2026-03-18 20:35:00+00:00,,,,,,,,0.6277777777777778,0.63,,0.0,0,False
2026-03-18 20:35:30+00:00,,,,,,,,0.6277777777777778,0.63,,0.0,0,False
2026-03-18 20:36:00+00:00,,,,,,,,0.6277777777777778,0.63,,0.0,0,False
2026-03-18 20:36:30+00:00,,,,,,,,0.6277777777777778,0.63,,0.0,0,False
2026-03-18 20:37:00+00:00,,,,,,,,0.6277777777777778,0.63,,0.0,0,False
2026-03-18 20:37:30+00:00,,,,,,,,0.6277777777777778,0.63,,0.0,0,False
2026-03-18 20:38:00+00:00,,,,,,,,0.6277777777777778,0.63,,0.0,0,False
2026-03-18 20:38:30+00:00,,,,,,,,0.6277777777777778,0.63,,0.0,0,False
2026-03-18 20:39:00+00:00,,,,,,,,0.6277777777777778,0.63,,0.0,0,False
2026-03-18 20:39:30+00:00,,,,,,,,0.6277777777777778,0.63,,0.0,0,False
2026-03-18 20:40:00+00:00,,,,,,,,0.6277777777777778,0.63,,0.0,0,False
2026-03-18 20:40:30+00:00,,,,,,,,0.62,0.62,,7.0,2,False
2026-03-18 20:41:00+00:00,,,,,,,,0.62,0.62,,0.0,0,False
2026-03-18 20:41:30+00:00,,,,,,,,0.62,0.62,,0.0,0,False
2026-03-18 20:42:00+00:00,,,,,,,,0.62,0.62,,0.0,0,False
2026-03-18 20:42:30+00:00,,,,,,,,0.62,0.62,,0.0,0,False
2026-03-18 20:43:00+00:00,,,,,,,,0.62,0.62,,0.0,0,False
2026-03-18 20:43:30+00:00,,,,,,,,0.62,0.62,,0.0,0,False
2026-03-18 20:44:00+00:00,,,,,,,,0.62,0.62,,0.0,0,False
2026-03-18 20:44:30+00:00,,,,,,,,0.62,0.62,,0.0,0,False
2026-03-18 20:45:00+00:00,,,,,,,,0.62,0.62,,12.0,1,False
2026-03-18 20:45:30+00:00,,,,,,,,0.62,0.62,,0.0,0,False
2026-03-18 20:46:00+00:00,,,,,,,,0.62,0.62,,0.0,0,False
2026-03-18 20:46:30+00:00,,,,,,,,0.62,0.62,,0.0,0,False
2026-03-18 20:47:00+00:00,,,,,,,,0.62,0.62,,0.0,0,False
2026-03-18 20:47:30+00:00,,,,,,,,0.62,0.62,,0.0,0,False
2026-03-18 20:48:00+00:00,,,,,,,,0.62,0.62,,0.0,0,False
2026-03-18 20:48:30+00:00,,,,,,,,0.62,0.62,,0.0,0,False
2026-03-18 20:49:00+00:00,,,,,,,,0.62,0.62,,0.0,0,False
2026-03-18 20:49:30+00:00,,,,,,,,0.62,0.62,,0.0,0,False
2026-03-18 20:50:00+00:00,,,,,,,,0.62,0.62,,0.0,0,False
2026-03-18 20:50:30+00:00,,,,,,,,0.62,0.62,,0.0,0,False
2026-03-18 20:51:00+00:00,,,,,,,,0.62,0.62,,0.0,0,False
2026-03-18 20:51:30+00:00,,,,,,,,0.62,0.62,,0.0,0,False
2026-03-18 20:52:00+00:00,,,,,,,,0.62,0.62,,0.0,0,False
2026-03-18 20:52:30+00:00,,,,,,,,0.62,0.62,,0.0,0,False
2026-03-18 20:53:00+00:00,,,,,,,,0.62,0.62,,0.0,0,False
2026-03-18 20:53:30+00:00,,,,,,,,0.63,0.63,,7.0,1,False
2026-03-18 20:54:00+00:00,,,,,,,,0.63,0.63,,0.0,0,False
2026-03-18 20:54:30+00:00,,,,,,,,0.63,0.63,,5.0,1,False
2026-03-18 20:55:00+00:00,,,,,,,,0.63,0.63,,3.0,1,False
2026-03-18 20:55:30+00:00,,,,,,,,0.63,0.63,,0.0,0,False
2026-03-18 20:56:00+00:00,,,,,,,,0.63,0.63,,0.0,0,False
2026-03-18 20:56:30+00:00,,,,,,,,0.63,0.63,,0.0,0,False
2026-03-18 20:57:00+00:00,,,,,,,,0.63,0.63,,0.0,0,False
2026-03-18 20:57:30+00:00,,,,,,,,0.63,0.63,,0.0,0,False
2026-03-18 20:58:00+00:00,,,,,,,,0.63,0.63,,0.0,0,False
2026-03-18 20:58:30+00:00,,,,,,,,0.63,0.63,,0.0,0,False
2026-03-18 20:59:00+00:00,,,,,,,,0.63,0.63,,0.0,0,False
2026-03-18 20:59:30+00:00,,,,,,,,0.63,0.63,,0.0,0,False
2026-03-18 21:00:00+00:00,,,,,,,,0.63,0.63,,0.0,0,False
2026-03-18 21:00:30+00:00,,,,,,,,0.63,0.63,,0.0,0,False
2026-03-18 21:01:00+00:00,,,,,,,,0.63,0.63,,0.0,0,False
2026-03-18 21:01:30+00:00,,,,,,,,0.63,0.63,,0.0,0,False
2026-03-18 21:02:00+00:00,,,,,,,,0.63,0.63,,0.0,0,False
2026-03-18 21:02:30+00:00,,,,,,,,0.63,0.63,,0.0,0,False
2026-03-18 21:03:00+00:00,,,,,,,,0.63,0.63,,0.0,0,False
2026-03-18 21:03:30+00:00,,,,,,,,0.63,0.63,,0.0,0,False
2026-03-18 21:04:00+00:00,,,,,,,,0.63,0.63,,0.0,0,False
2026-03-18 21:04:30+00:00,,,,,,,,0.63,0.63,,0.0,0,False
2026-03-18 21:05:00+00:00,,,,,,,,0.63,0.63,,0.0,0,False
2026-03-18 21:05:30+00:00,,,,,,,,0.62,0.62,,19.0,2,False
2026-03-18 21:06:00+00:00,,,,,,,,0.6002489626556017,0.63,,241.0,6,False
2026-03-18 21:06:30+00:00,,,,,,,,0.6000883002207505,0.64,,453.0,3,False
2026-03-18 21:07:00+00:00,,,,,,,,0.6000883002207505,0.64,,0.0,0,False
2026-03-18 21:07:30+00:00,,,,,,,,0.6106060606060607,0.61,,33.0,4,False
2026-03-18 21:08:00+00:00,,,,,,,,0.6,0.6,,83.0,1,False
2026-03-18 21:08:30+00:00,,,,,,,,0.6,0.6,,0.0,0,False
2026-03-18 21:09:00+00:00,,,,,,,,0.6,0.6,,0.0,0,False
2026-03-18 21:09:30+00:00,,,,,,,,0.6,0.6,,0.0,0,False
2026-03-18 21:10:00+00:00,,,,,,,,0.6,0.6,,0.0,0,False
2026-03-18 21:10:30+00:00,,,,,,,,0.6,0.6,,0.0,0,False
2026-03-18 21:11:00+00:00,,,,,,,,0.6,0.6,,0.0,0,False
2026-03-18 21:11:30+00:00,,,,,,,,0.6,0.6,,0.0,0,False
2026-03-18 21:12:00+00:00,,,,,,,,0.6,0.6,,0.0,0,False
2026-03-18 21:12:30+00:00,,,,,,,,0.6,0.6,,0.0,0,False
2026-03-18 21:13:00+00:00,,,,,,,,0.6,0.6,,0.0,0,False
2026-03-18 21:13:30+00:00,,,,,,,,0.6,0.6,,0.0,0,False
2026-03-18 21:14:00+00:00,,,,,,,,0.6,0.6,,0.0,0,False
2026-03-18 21:14:30+00:00,,,,,,,,0.6,0.6,,0.0,0,False
2026-03-18 21:15:00+00:00,,,,,,,,0.6,0.6,,0.0,0,False
2026-03-18 21:15:30+00:00,,,,,,,,0.6,0.6,,0.0,0,False
2026-03-18 21:16:00+00:00,,,,,,,,0.6,0.6,,0.0,0,False
2026-03-18 21:16:30+00:00,,,,,,,,0.6,0.6,,0.0,0,False
2026-03-18 21:17:00+00:00,,,,,,,,0.6,0.6,,0.0,0,False
2026-03-18 21:17:30+00:00,,,,,,,,0.6,0.6,,0.0,0,False
2026-03-18 21:18:00+00:00,,,,,,,,0.6,0.6,,0.0,0,False
2026-03-18 21:18:30+00:00,,,,,,,,0.6,0.6,,0.0,0,False
2026-03-18 21:19:00+00:00,,,,,,,,0.6,0.6,,0.0,0,False
2026-03-18 21:19:30+00:00,,,,,,,,0.6,0.6,,0.0,0,False
2026-03-18 21:20:00+00:00,,,,,,,,0.6,0.6,,0.0,0,False
2026-03-18 21:20:30+00:00,,,,,,,,0.6,0.6,,0.0,0,False
2026-03-18 21:21:00+00:00,,,,,,,,0.6,0.6,,0.0,0,False
2026-03-18 21:21:30+00:00,,,,,,,,0.62,0.62,,30.0,2,False
2026-03-18 21:22:00+00:00,,,,,,,,0.64,0.64,,10.0,1,False
2026-03-18 21:22:30+00:00,,,,,,,,0.64,0.64,,0.0,0,False
2026-03-18 21:23:00+00:00,,,,,,,,0.64,0.64,,0.0,0,False
2026-03-18 21:23:30+00:00,,,,,,,,0.64,0.64,,0.0,0,False
2026-03-18 21:24:00+00:00,,,,,,,,0.64,0.64,,0.0,0,False
2026-03-18 21:24:30+00:00,,,,,,,,0.64,0.64,,0.0,0,False
2026-03-18 21:25:00+00:00,,,,,,,,0.64,0.64,,0.0,0,False
2026-03-18 21:25:30+00:00,,,,,,,,0.64,0.64,,0.0,0,False
2026-03-18 21:26:00+00:00,,,,,,,,0.64,0.64,,0.0,0,False
2026-03-18 21:26:30+00:00,,,,,,,,0.63,0.63,,4.0,1,False
2026-03-18 21:27:00+00:00,,,,,,,,0.63,0.63,,9.0,1,False
2026-03-18 21:27:30+00:00,,,,,,,,0.63,0.63,,0.0,0,False
2026-03-18 21:28:00+00:00,,,,,,,,0.63,0.63,,0.0,0,False
2026-03-18 21:28:30+00:00,,,,,,,,0.63,0.63,,0.0,0,False
2026-03-18 21:29:00+00:00,,,,,,,,0.63,0.63,,0.0,0,False
2026-03-18 21:29:30+00:00,,,,,,,,0.63,0.63,,0.0,0,False
2026-03-18 21:30:00+00:00,,,,,,,,0.63,0.63,,0.0,0,False
2026-03-18 21:30:30+00:00,,,,,,,,0.63,0.63,,0.0,0,False
2026-03-18 21:31:00+00:00,,,,,,,,0.6155823293172691,0.62,,249.0,3,False
2026-03-18 21:31:30+00:00,,,,,,,,0.6155823293172691,0.62,,0.0,0,False
2026-03-18 21:32:00+00:00,,,,,,,,0.6155823293172691,0.62,,0.0,0,False
2026-03-18 21:32:30+00:00,,,,,,,,0.6155823293172691,0.62,,0.0,0,False
2026-03-18 21:33:00+00:00,,,,,,,,0.6155823293172691,0.62,,0.0,0,False
2026-03-18 21:33:30+00:00,,,,,,,,0.6155823293172691,0.62,,0.0,0,False
2026-03-18 21:34:00+00:00,,,,,,,,0.6155823293172691,0.62,,0.0,0,False
2026-03-18 21:34:30+00:00,,,,,,,,0.5999999999999999,0.6,,13.0,2,False
2026-03-18 21:35:00+00:00,,,,,,,,0.5999999999999999,0.6,,0.0,0,False
2026-03-18 21:35:30+00:00,,,,,,,,0.5999999999999999,0.6,,0.0,0,False
2026-03-18 21:36:00+00:00,,,,,,,,0.5999999999999999,0.6,,0.0,0,False
2026-03-18 21:36:30+00:00,,,,,,,,0.5999999999999999,0.6,,0.0,0,False
2026-03-18 21:37:00+00:00,,,,,,,,0.5999999999999999,0.6,,0.0,0,False
2026-03-18 21:37:30+00:00,,,,,,,,0.63,0.63,,30.0,1,False
2026-03-18 21:38:00+00:00,,,,,,,,0.63,0.63,,0.0,0,False
2026-03-18 21:38:30+00:00,,,,,,,,0.63,0.63,,0.0,0,False
2026-03-18 21:39:00+00:00,,,,,,,,0.63,0.63,,30.0,1,False
2026-03-18 21:39:30+00:00,,,,,,,,0.63,0.63,,0.0,0,False
2026-03-18 21:40:00+00:00,,,,,,,,0.63,0.63,,0.0,0,False
2026-03-18 21:40:30+00:00,,,,,,,,0.63,0.63,,0.0,0,False
2026-03-18 21:41:00+00:00,,,,,,,,0.63,0.63,,0.0,0,False
2026-03-18 21:41:30+00:00,,,,,,,,0.63,0.63,,0.0,0,False
2026-03-18 21:42:00+00:00,,,,,,,,0.63,0.63,,0.0,0,False
2026-03-18 21:42:30+00:00,,,,,,,,0.63,0.63,,0.0,0,False
2026-03-18 21:43:00+00:00,,,,,,,,0.63,0.63,,0.0,0,False
2026-03-18 21:43:30+00:00,,,,,,,,0.63,0.63,,0.0,0,False
2026-03-18 21:44:00+00:00,,,,,,,,0.63,0.63,,20.0,2,False
2026-03-18 21:44:30+00:00,,,,,,,,0.64,0.64,,10.0,1,False
2026-03-18 21:45:00+00:00,,,,,,,,0.64,0.64,,0.0,0,False
2026-03-18 21:45:30+00:00,,,,,,,,0.64,0.64,,0.0,0,False
2026-03-18 21:46:00+00:00,,,,,,,,0.64,0.64,,0.0,0,False
2026-03-18 21:46:30+00:00,,,,,,,,0.64,0.64,,0.0,0,False
2026-03-18 21:47:00+00:00,,,,,,,,0.64,0.64,,0.0,0,False
2026-03-18 21:47:30+00:00,,,,,,,,0.64,0.64,,0.0,0,False
2026-03-18 21:48:00+00:00,,,,,,,,0.6,0.6,,59.0,1,False
2026-03-18 21:48:30+00:00,,,,,,,,0.6,0.6,,0.0,0,False
2026-03-18 21:49:00+00:00,,,,,,,,0.6,0.6,,0.0,0,False
2026-03-18 21:49:30+00:00,,,,,,,,0.6,0.6,,0.0,0,False
2026-03-18 21:50:00+00:00,,,,,,,,0.6,0.6,,30.0,1,False
2026-03-18 21:50:30+00:00,,,,,,,,0.6,0.6,,0.0,0,False
2026-03-18 21:51:00+00:00,,,,,,,,0.6,0.6,,0.0,0,False
2026-03-18 21:51:30+00:00,,,,,,,,0.6,0.6,,0.0,0,False
2026-03-18 21:52:00+00:00,,,,,,,,0.6,0.6,,0.0,0,False
2026-03-18 21:52:30+00:00,,,,,,,,0.6,0.6,,0.0,0,False
2026-03-18 21:53:00+00:00,,,,,,,,0.6,0.6,,0.0,0,False
2026-03-18 21:53:30+00:00,,,,,,,,0.6,0.6,,0.0,0,False
2026-03-18 21:54:00+00:00,,,,,,,,0.6,0.6,,0.0,0,False
2026-03-18 21:54:30+00:00,,,,,,,,0.6,0.6,,0.0,0,False
2026-03-18 21:55:00+00:00,,,,,,,,0.6,0.6,,0.0,0,False
2026-03-18 21:55:30+00:00,,,,,,,,0.6,0.6,,0.0,0,False
2026-03-18 21:56:00+00:00,,,,,,,,0.6,0.6,,0.0,0,False
2026-03-18 21:56:30+00:00,,,,,,,,0.6,0.6,,0.0,0,False
2026-03-18 21:57:00+00:00,,,,,,,,0.63,0.63,,7.0,1,False
2026-03-18 21:57:30+00:00,,,,,,,,0.63,0.63,,0.0,0,False
2026-03-18 21:58:00+00:00,,,,,,,,0.63,0.63,,0.0,0,False
2026-03-18 21:58:30+00:00,,,,,,,,0.63,0.63,,0.0,0,False
2026-03-18 21:59:00+00:00,,,,,,,,0.63,0.63,,0.0,0,False
2026-03-18 21:59:30+00:00,,,,,,,,0.63,0.63,,0.0,0,False
2026-03-18 22:00:00+00:00,,,,,,,,0.6,0.6,,23.0,1,False
2026-03-18 22:00:30+00:00,,,,,,,,0.6,0.6,,0.0,0,False
2026-03-18 22:01:00+00:00,,,,,,,,0.6,0.6,,0.0,0,False
2026-03-18 22:01:30+00:00,,,,,,,,0.6,0.6,,0.0,0,False
2026-03-18 22:02:00+00:00,,,,,,,,0.6,0.6,,0.0,0,False
2026-03-18 22:02:30+00:00,,,,,,,,0.6360606060606061,0.63,,33.0,2,False
2026-03-18 22:03:00+00:00,,,,,,,,0.6360606060606061,0.63,,0.0,0,False
2026-03-18 22:03:30+00:00,,,,,,,,0.6360606060606061,0.63,,0.0,0,False
2026-03-18 22:04:00+00:00,,,,,,,,0.64,0.64,,1.0,1,False
2026-03-18 22:04:30+00:00,,,,,,,,0.64,0.64,,0.0,0,False
2026-03-18 22:05:00+00:00,,,,,,,,0.64,0.64,,0.0,0,False
2026-03-18 22:05:30+00:00,,,,,,,,0.64,0.64,,0.0,0,False
2026-03-18 22:06:00+00:00,,,,,,,,0.6,0.6,,59.0,1,False
2026-03-18 22:06:30+00:00,,,,,,,,0.6399212598425197,0.64,,381.0,2,False
2026-03-18 22:07:00+00:00,,,,,,,,0.6399212598425197,0.64,,0.0,0,False
2026-03-18 22:07:30+00:00,,,,,,,,0.6399212598425197,0.64,,0.0,0,False
2026-03-18 22:08:00+00:00,,,,,,,,0.64,0.64,,4.0,1,False
2026-03-18 22:08:30+00:00,,,,,,,,0.64,0.64,,0.0,0,False
2026-03-18 22:09:00+00:00,,,,,,,,0.64,0.64,,0.0,0,False
2026-03-18 22:09:30+00:00,,,,,,,,0.64,0.64,,0.0,0,False
2026-03-18 22:10:00+00:00,,,,,,,,0.64,0.64,,0.0,0,False
2026-03-18 22:10:30+00:00,,,,,,,,0.64,0.64,,0.0,0,False
2026-03-18 22:11:00+00:00,,,,,,,,0.64,0.64,,0.0,0,False
2026-03-18 22:11:30+00:00,,,,,,,,0.64,0.64,,0.0,0,False
2026-03-18 22:12:00+00:00,,,,,,,,0.64,0.64,,0.0,0,False
2026-03-18 22:12:30+00:00,,,,,,,,0.64,0.64,,0.0,0,False
2026-03-18 22:13:00+00:00,,,,,,,,0.64,0.64,,0.0,0,False
2026-03-18 22:13:30+00:00,,,,,,,,0.64,0.64,,0.0,0,False
2026-03-18 22:14:00+00:00,,,,,,,,0.64,0.64,,0.0,0,False
2026-03-18 22:14:30+00:00,,,,,,,,0.6,0.6,,47.0,1,False
2026-03-18 22:15:00+00:00,,,,,,,,0.6,0.6,,0.0,0,False
2026-03-18 22:15:30+00:00,,,,,,,,0.6,0.6,,0.0,0,False
2026-03-18 22:16:00+00:00,,,,,,,,0.6,0.6,,0.0,0,False
2026-03-18 22:16:30+00:00,,,,,,,,0.6,0.6,,0.0,0,False
2026-03-18 22:17:00+00:00,,,,,,,,0.6,0.6,,0.0,0,False
2026-03-18 22:17:30+00:00,,,,,,,,0.6,0.6,,0.0,0,False
2026-03-18 22:18:00+00:00,,,,,,,,0.6,0.6,,2.0,1,False
2026-03-18 22:18:30+00:00,,,,,,,,0.6,0.6,,0.0,0,False
2026-03-18 22:19:00+00:00,,,,,,,,0.6,0.6,,0.0,0,False
2026-03-18 22:19:30+00:00,,,,,,,,0.6,0.6,,0.0,0,False
2026-03-18 22:20:00+00:00,,,,,,,,0.6,0.6,,0.0,0,False
2026-03-18 22:20:30+00:00,,,,,,,,0.6,0.6,,0.0,0,False
2026-03-18 22:21:00+00:00,,,,,,,,0.6,0.6,,0.0,0,False
2026-03-18 22:21:30+00:00,,,,,,,,0.6,0.6,,23.0,1,False
2026-03-18 22:22:00+00:00,,,,,,,,0.6,0.6,,0.0,0,False
2026-03-18 22:22:30+00:00,,,,,,,,0.6,0.6,,0.0,0,False
2026-03-18 22:23:00+00:00,,,,,,,,0.6,0.6,,0.0,0,False
2026-03-18 22:23:30+00:00,,,,,,,,0.6,0.6,,0.0,0,False
2026-03-18 22:24:00+00:00,,,,,,,,0.6,0.6,,0.0,0,False
2026-03-18 22:24:30+00:00,,,,,,,,0.6,0.6,,0.0,0,False
2026-03-18 22:25:00+00:00,,,,,,,,0.63,0.63,,15.0,1,False
2026-03-18 22:25:30+00:00,,,,,,,,0.63,0.63,,0.0,0,False
2026-03-18 22:26:00+00:00,,,,,,,,0.6,0.6,,1.0,1,False
2026-03-18 22:26:30+00:00,,,,,,,,0.6,0.6,,0.0,0,False
2026-03-18 22:27:00+00:00,,,,,,,,0.6,0.6,,0.0,0,False
2026-03-18 22:27:30+00:00,,,,,,,,0.6,0.6,,0.0,0,False
2026-03-18 22:28:00+00:00,,,,,,,,0.6,0.6,,0.0,0,False
2026-03-18 22:28:30+00:00,,,,,,,,0.6,0.6,,0.0,0,False
2026-03-18 22:29:00+00:00,,,,,,,,0.6,0.6,,0.0,0,False
2026-03-18 22:29:30+00:00,,,,,,,,0.6,0.6,,0.0,0,False
2026-03-18 22:30:00+00:00,,,,,,,,0.6,0.6,,0.0,0,False
2026-03-18 22:30:30+00:00,,,,,,,,0.63,0.63,,9.0,1,False
2026-03-18 22:31:00+00:00,,,,,,,,0.63,0.63,,7.0,1,False
2026-03-18 22:31:30+00:00,,,,,,,,0.63,0.63,,0.0,0,False
2026-03-18 22:32:00+00:00,,,,,,,,0.63,0.63,,0.0,0,False
2026-03-18 22:32:30+00:00,,,,,,,,0.63,0.63,,0.0,0,False
2026-03-18 22:33:00+00:00,,,,,,,,0.63,0.63,,0.0,0,False
2026-03-18 22:33:30+00:00,,,,,,,,0.61,0.61,,7.0,2,False
2026-03-18 22:34:00+00:00,,,,,,,,0.61,0.61,,0.0,0,False
2026-03-18 22:34:30+00:00,,,,,,,,0.6000000000000001,0.6,,119.0,2,False
2026-03-18 22:35:00+00:00,,,,,,,,0.6000000000000001,0.6,,0.0,0,False
2026-03-18 22:35:30+00:00,,,,,,,,0.6000000000000001,0.6,,0.0,0,False
2026-03-18 22:36:00+00:00,,,,,,,,0.6000000000000001,0.6,,0.0,0,False
2026-03-18 22:36:30+00:00,,,,,,,,0.6000000000000001,0.6,,0.0,0,False
2026-03-18 22:37:00+00:00,,,,,,,,0.6000000000000001,0.6,,0.0,0,False
2026-03-18 22:37:30+00:00,,,,,,,,0.6000000000000001,0.6,,0.0,0,False
2026-03-18 22:38:00+00:00,,,,,,,,0.6000000000000001,0.6,,0.0,0,False
2026-03-18 22:38:30+00:00,,,,,,,,0.6000000000000001,0.6,,0.0,0,False
2026-03-18 22:39:00+00:00,,,,,,,,0.6000000000000001,0.6,,0.0,0,False
2026-03-18 22:39:30+00:00,,,,,,,,0.6000000000000001,0.6,,0.0,0,False
2026-03-18 22:40:00+00:00,,,,,,,,0.6,0.6,,11.0,1,False
2026-03-18 22:40:30+00:00,,,,,,,,0.6294736842105263,0.61,,38.0,2,False
2026-03-18 22:41:00+00:00,,,,,,,,0.6294736842105263,0.61,,0.0,0,False
2026-03-18 22:41:30+00:00,,,,,,,,0.6294736842105263,0.61,,0.0,0,False
2026-03-18 22:42:00+00:00,,,,,,,,0.6294736842105263,0.61,,0.0,0,False
2026-03-18 22:42:30+00:00,,,,,,,,0.6294736842105263,0.61,,0.0,0,False
2026-03-18 22:43:00+00:00,,,,,,,,0.6294736842105263,0.61,,0.0,0,False
2026-03-18 22:43:30+00:00,,,,,,,,0.6294736842105263,0.61,,0.0,0,False
2026-03-18 22:44:00+00:00,,,,,,,,0.6,0.6,,2.0,1,False
2026-03-18 22:44:30+00:00,,,,,,,,0.6,0.6,,0.0,0,False
2026-03-18 22:45:00+00:00,,,,,,,,0.63,0.63,,15.0,1,False
2026-03-18 22:45:30+00:00,,,,,,,,0.63,0.63,,0.0,0,False
2026-03-18 22:46:00+00:00,,,,,,,,0.63,0.63,,0.0,0,False
2026-03-18 22:46:30+00:00,,,,,,,,0.63,0.63,,53.0,2,False
2026-03-18 22:47:00+00:00,,,,,,,,0.63,0.63,,0.0,0,False
2026-03-18 22:47:30+00:00,,,,,,,,0.63,0.63,,0.0,0,False
2026-03-18 22:48:00+00:00,,,,,,,,0.63,0.63,,0.0,0,False
2026-03-18 22:48:30+00:00,,,,,,,,0.63,0.63,,0.0,0,False
2026-03-18 22:49:00+00:00,,,,,,,,0.63,0.63,,0.0,0,False
2026-03-18 22:49:30+00:00,,,,,,,,0.63,0.63,,0.0,0,False
2026-03-18 22:50:00+00:00,,,,,,,,0.63,0.63,,0.0,0,False
2026-03-18 22:50:30+00:00,,,,,,,,0.63,0.63,,0.0,0,False
2026-03-18 22:51:00+00:00,,,,,,,,0.63,0.63,,0.0,0,False
2026-03-18 22:51:30+00:00,,,,,,,,0.63,0.63,,0.0,0,False
2026-03-18 22:52:00+00:00,,,,,,,,0.63,0.63,,0.0,0,False
2026-03-18 22:52:30+00:00,,,,,,,,0.63,0.63,,0.0,0,False
2026-03-18 22:53:00+00:00,,,,,,,,0.63,0.63,,0.0,0,False
2026-03-18 22:53:30+00:00,,,,,,,,0.63,0.63,,15.0,1,False
2026-03-18 22:54:00+00:00,,,,,,,,0.63,0.63,,0.0,0,False
2026-03-18 22:54:30+00:00,,,,,,,,0.63,0.63,,0.0,0,False
2026-03-18 22:55:00+00:00,,,,,,,,0.63,0.63,,0.0,0,False
2026-03-18 22:55:30+00:00,,,,,,,,0.63,0.63,,0.0,0,False
2026-03-18 22:56:00+00:00,,,,,,,,0.63,0.63,,0.0,0,False
2026-03-18 22:56:30+00:00,,,,,,,,0.63,0.63,,92.0,2,False
2026-03-18 22:57:00+00:00,,,,,,,,0.63,0.63,,0.0,0,False
2026-03-18 22:57:30+00:00,,,,,,,,0.63,0.63,,0.0,0,False
2026-03-18 22:58:00+00:00,,,,,,,,0.5999999999999999,0.6,,109.0,1,False
2026-03-18 22:58:30+00:00,,,,,,,,0.61,0.61,,4.0,2,False
2026-03-18 22:59:00+00:00,,,,,,,,0.63,0.63,,105.0,1,False
2026-03-18 22:59:30+00:00,,,,,,,,0.63,0.63,,0.0,0,False
2026-03-18 23:00:00+00:00,,,,,,,,0.63,0.63,,0.0,0,False
2026-03-18 23:00:30+00:00,,,,,,,,0.63,0.63,,0.0,0,False
2026-03-18 23:01:00+00:00,,,,,,,,0.6,0.6,,47.0,3,False
2026-03-18 23:01:30+00:00,,,,,,,,0.6,0.6,,0.0,0,False
2026-03-18 23:02:00+00:00,,,,,,,,0.6254545454545455,0.63,,22.0,3,False
2026-03-18 23:02:30+00:00,,,,,,,,0.6254545454545455,0.63,,0.0,0,False
2026-03-18 23:03:00+00:00,,,,,,,,0.6254545454545455,0.63,,0.0,0,False
2026-03-18 23:03:30+00:00,,,,,,,,0.6254545454545455,0.63,,0.0,0,False
2026-03-18 23:04:00+00:00,,,,,,,,0.6254545454545455,0.63,,0.0,0,False
2026-03-18 23:04:30+00:00,,,,,,,,0.6254545454545455,0.63,,0.0,0,False
2026-03-18 23:05:00+00:00,,,,,,,,0.6,0.6,,11.0,1,False
2026-03-18 23:05:30+00:00,,,,,,,,0.6,0.6,,0.0,0,False
2026-03-18 23:06:00+00:00,,,,,,,,0.63,0.63,,7.0,1,False
2026-03-18 23:06:30+00:00,,,,,,,,0.63,0.63,,0.0,0,False
2026-03-18 23:07:00+00:00,,,,,,,,0.63,0.63,,0.0,0,False
2026-03-18 23:07:30+00:00,,,,,,,,0.63,0.63,,0.0,0,False
2026-03-18 23:08:00+00:00,,,,,,,,0.63,0.63,,0.0,0,False
2026-03-18 23:08:30+00:00,,,,,,,,0.6034615384615385,0.63,,26.0,2,False
2026-03-18 23:09:00+00:00,,,,,,,,0.6,0.6,,11.0,1,False
2026-03-18 23:09:30+00:00,,,,,,,,0.6,0.6,,0.0,0,False
2026-03-18 23:10:00+00:00,,,,,,,,0.6,0.6,,0.0,0,False
2026-03-18 23:10:30+00:00,,,,,,,,0.6,0.6,,0.0,0,False
2026-03-18 23:11:00+00:00,,,,,,,,0.6,0.6,,0.0,0,False
2026-03-18 23:11:30+00:00,,,,,,,,0.6,0.6,,0.0,0,False
2026-03-18 23:12:00+00:00,,,,,,,,0.6,0.6,,0.0,0,False
2026-03-18 23:12:30+00:00,,,,,,,,0.6,0.6,,0.0,0,False
2026-03-18 23:13:00+00:00,,,,,,,,0.6,0.6,,0.0,0,False
2026-03-18 23:13:30+00:00,,,,,,,,0.6,0.6,,0.0,0,False
2026-03-18 23:14:00+00:00,,,,,,,,0.6,0.6,,0.0,0,False
2026-03-18 23:14:30+00:00,,,,,,,,0.6,0.6,,0.0,0,False
2026-03-18 23:15:00+00:00,,,,,,,,0.6,0.6,,0.0,0,False
2026-03-18 23:15:30+00:00,,,,,,,,0.6,0.6,,0.0,0,False
2026-03-18 23:16:00+00:00,,,,,,,,0.6,0.6,,0.0,0,False
2026-03-18 23:16:30+00:00,,,,,,,,0.6,0.6,,0.0,0,False
2026-03-18 23:17:00+00:00,,,,,,,,0.6,0.6,,0.0,0,False
2026-03-18 23:17:30+00:00,,,,,,,,0.6,0.6,,45.0,4,False
2026-03-18 23:18:00+00:00,,,,,,,,0.6,0.6,,0.0,0,False
2026-03-18 23:18:30+00:00,,,,,,,,0.6,0.6,,0.0,0,False
2026-03-18 23:19:00+00:00,,,,,,,,0.6,0.6,,0.0,0,False
2026-03-18 23:19:30+00:00,,,,,,,,0.63,0.63,,15.0,1,False
2026-03-18 23:20:00+00:00,,,,,,,,0.63,0.63,,0.0,0,False
2026-03-18 23:20:30+00:00,,,,,,,,0.63,0.63,,0.0,0,False
2026-03-18 23:21:00+00:00,,,,,,,,0.63,0.63,,0.0,0,False
2026-03-18 23:21:30+00:00,,,,,,,,0.63,0.63,,0.0,0,False
2026-03-18 23:22:00+00:00,,,,,,,,0.6,0.6,,50.0,2,False
2026-03-18 23:22:30+00:00,,,,,,,,0.63,0.63,,21.0,2,False
2026-03-18 23:23:00+00:00,,,,,,,,0.63,0.63,,0.0,0,False
2026-03-18 23:23:30+00:00,,,,,,,,0.63,0.63,,0.0,0,False
2026-03-18 23:24:00+00:00,,,,,,,,0.6,0.6,,11.0,1,False
2026-03-18 23:24:30+00:00,,,,,,,,0.6,0.6,,0.0,0,False
2026-03-18 23:25:00+00:00,,,,,,,,0.6,0.6,,0.0,0,False
2026-03-18 23:25:30+00:00,,,,,,,,0.6,0.6,,0.0,0,False
2026-03-18 23:26:00+00:00,,,,,,,,0.6,0.6,,0.0,0,False
2026-03-18 23:26:30+00:00,,,,,,,,0.6,0.6,,0.0,0,False
2026-03-18 23:27:00+00:00,,,,,,,,0.6,0.6,,0.0,0,False
2026-03-18 23:27:30+00:00,,,,,,,,0.6,0.6,,0.0,0,False
2026-03-18 23:28:00+00:00,,,,,,,,0.6,0.6,,0.0,0,False
2026-03-18 23:28:30+00:00,,,,,,,,0.6,0.6,,0.0,0,False
2026-03-18 23:29:00+00:00,,,,,,,,0.6,0.6,,0.0,0,False
2026-03-18 23:29:30+00:00,,,,,,,,0.63,0.63,,20.0,1,False
2026-03-18 23:30:00+00:00,,,,,,,,0.63,0.63,,0.0,0,False
2026-03-18 23:30:30+00:00,,,,,,,,0.640625,0.61,,16.0,4,False
2026-03-18 23:31:00+00:00,,,,,,,,0.640625,0.61,,0.0,0,False
2026-03-18 23:31:30+00:00,,,,,,,,0.640625,0.61,,0.0,0,False
2026-03-18 23:32:00+00:00,,,,,,,,0.640625,0.61,,0.0,0,False
2026-03-18 23:32:30+00:00,,,,,,,,0.640625,0.61,,0.0,0,False
2026-03-18 23:33:00+00:00,,,,,,,,0.65,0.65,,10.0,1,False
2026-03-18 23:33:30+00:00,,,,,,,,0.65,0.65,,0.0,0,False
2026-03-18 23:34:00+00:00,,,,,,,,0.65,0.65,,0.0,0,False
2026-03-18 23:34:30+00:00,,,,,,,,0.65,0.65,,0.0,0,False
2026-03-18 23:35:00+00:00,,,,,,,,0.65,0.65,,0.0,0,False
2026-03-18 23:35:30+00:00,,,,,,,,0.65,0.65,,0.0,0,False
2026-03-18 23:36:00+00:00,,,,,,,,0.6497115384615385,0.64,,104.0,2,False
2026-03-18 23:36:30+00:00,,,,,,,,0.6497115384615385,0.64,,0.0,0,False
2026-03-18 23:37:00+00:00,,,,,,,,0.61,0.61,,12.0,1,False
2026-03-18 23:37:30+00:00,,,,,,,,0.61,0.61,,0.0,0,False
2026-03-18 23:38:00+00:00,,,,,,,,0.61,0.61,,0.0,0,False
2026-03-18 23:38:30+00:00,,,,,,,,0.61,0.61,,0.0,0,False
2026-03-18 23:39:00+00:00,,,,,,,,0.61,0.61,,0.0,0,False
2026-03-18 23:39:30+00:00,,,,,,,,0.61,0.61,,0.0,0,False
2026-03-18 23:40:00+00:00,,,,,,,,0.61,0.61,,0.0,0,False
2026-03-18 23:40:30+00:00,,,,,,,,0.61,0.61,,0.0,0,False
2026-03-18 23:41:00+00:00,,,,,,,,0.61,0.61,,0.0,0,False
2026-03-18 23:41:30+00:00,,,,,,,,0.61,0.61,,36.0,1,False
2026-03-18 23:42:00+00:00,,,,,,,,0.61,0.61,,125.0,1,False
2026-03-18 23:42:30+00:00,,,,,,,,0.61,0.61,,0.0,0,False
2026-03-18 23:43:00+00:00,,,,,,,,0.61,0.61,,0.0,0,False
2026-03-18 23:43:30+00:00,,,,,,,,0.61,0.61,,0.0,0,False
2026-03-18 23:44:00+00:00,,,,,,,,0.61,0.61,,0.0,0,False
2026-03-18 23:44:30+00:00,,,,,,,,0.61,0.61,,0.0,0,False
2026-03-18 23:45:00+00:00,,,,,,,,0.6459999999999999,0.65,,25.0,3,False
2026-03-18 23:45:30+00:00,,,,,,,,0.61,0.61,,5.0,1,False
2026-03-18 23:46:00+00:00,,,,,,,,0.61,0.61,,0.0,0,False
2026-03-18 23:46:30+00:00,,,,,,,,0.61,0.61,,0.0,0,False
2026-03-18 23:47:00+00:00,,,,,,,,0.61,0.61,,0.0,0,False
2026-03-18 23:47:30+00:00,,,,,,,,0.61,0.61,,0.0,0,False
2026-03-18 23:48:00+00:00,,,,,,,,0.61,0.61,,0.0,0,False
2026-03-18 23:48:30+00:00,,,,,,,,0.61,0.61,,0.0,0,False
2026-03-18 23:49:00+00:00,,,,,,,,0.61,0.61,,0.0,0,False
2026-03-18 23:49:30+00:00,,,,,,,,0.61,0.61,,0.0,0,False
2026-03-18 23:50:00+00:00,,,,,,,,0.61,0.61,,0.0,0,False
2026-03-18 23:50:30+00:00,,,,,,,,0.61,0.61,,0.0,0,False
2026-03-18 23:51:00+00:00,,,,,,,,0.61,0.61,,0.0,0,False
2026-03-18 23:51:30+00:00,,,,,,,,0.61,0.61,,0.0,0,False
2026-03-18 23:52:00+00:00,,,,,,,,0.61,0.61,,0.0,0,False
2026-03-18 23:52:30+00:00,,,,,,,,0.61,0.61,,0.0,0,False
2026-03-18 23:53:00+00:00,,,,,,,,0.61,0.61,,0.0,0,False
2026-03-18 23:53:30+00:00,,,,,,,,0.64,0.64,,15.0,1,False
2026-03-18 23:54:00+00:00,,,,,,,,0.64,0.64,,0.0,0,False
2026-03-18 23:54:30+00:00,,,,,,,,0.64,0.64,,0.0,0,False
2026-03-18 23:55:00+00:00,,,,,,,,0.64,0.64,,0.0,0,False
2026-03-18 23:55:30+00:00,,,,,,,,0.64,0.64,,0.0,0,False
2026-03-18 23:56:00+00:00,,,,,,,,0.64,0.64,,0.0,0,False
2026-03-18 23:56:30+00:00,,,,,,,,0.64,0.64,,0.0,0,False
2026-03-18 23:57:00+00:00,,,,,,,,0.64,0.64,,0.0,0,False
2026-03-18 23:57:30+00:00,,,,,,,,0.64,0.64,,0.0,0,False
2026-03-18 23:58:00+00:00,,,,,,,,0.64,0.64,,0.0,0,False
2026-03-18 23:58:30+00:00,,,,,,,,0.6391666666666667,0.63,,12.0,2,False
2026-03-18 23:59:00+00:00,,,,,,,,0.6391666666666667,0.63,,0.0,0,False
2026-03-18 23:59:30+00:00,,,,,,,,0.6391666666666667,0.63,,0.0,0,False
2026-03-19 00:00:00+00:00,,,,,,,,0.6391666666666667,0.63,,0.0,0,False
2026-03-19 00:00:30+00:00,,,,,,,,0.6391666666666667,0.63,,0.0,0,False
2026-03-19 00:01:00+00:00,,,,,,,,0.6391666666666667,0.63,,0.0,0,False
2026-03-19 00:01:30+00:00,,,,,,,,0.6391666666666667,0.63,,0.0,0,False
2026-03-19 00:02:00+00:00,,,,,,,,0.61,0.61,,24.0,1,False
2026-03-19 00:02:30+00:00,,,,,,,,0.61,0.61,,0.0,0,False
2026-03-19 00:03:00+00:00,,,,,,,,0.61,0.61,,0.0,0,False
2026-03-19 00:03:30+00:00,,,,,,,,0.61,0.61,,0.0,0,False
2026-03-19 00:04:00+00:00,,,,,,,,0.61,0.61,,0.0,0,False
2026-03-19 00:04:30+00:00,,,,,,,,0.61,0.61,,0.0,0,False
2026-03-19 00:05:00+00:00,,,,,,,,0.61,0.61,,0.0,0,False
2026-03-19 00:05:30+00:00,,,,,,,,0.61,0.61,,0.0,0,False
2026-03-19 00:06:00+00:00,,,,,,,,0.61,0.61,,0.0,0,False
2026-03-19 00:06:30+00:00,,,,,,,,0.61,0.61,,0.0,0,False
2026-03-19 00:07:00+00:00,,,,,,,,0.61,0.61,,0.0,0,False
2026-03-19 00:07:30+00:00,,,,,,,,0.61,0.61,,0.0,0,False
2026-03-19 00:08:00+00:00,,,,,,,,0.61,0.61,,0.0,0,False
2026-03-19 00:08:30+00:00,,,,,,,,0.61,0.61,,0.0,0,False
2026-03-19 00:09:00+00:00,,,,,,,,0.64,0.64,,7.0,1,False
2026-03-19 00:09:30+00:00,,,,,,,,0.64,0.64,,0.0,0,False
2026-03-19 00:10:00+00:00,,,,,,,,0.64,0.64,,0.0,0,False
2026-03-19 00:10:30+00:00,,,,,,,,0.64,0.64,,0.0,0,False
2026-03-19 00:11:00+00:00,,,,,,,,0.64,0.64,,0.0,0,False
2026-03-19 00:11:30+00:00,,,,,,,,0.64,0.64,,0.0,0,False
2026-03-19 00:12:00+00:00,,,,,,,,0.61,0.61,,2.0,1,False
2026-03-19 00:12:30+00:00,,,,,,,,0.61,0.61,,36.0,1,False
2026-03-19 00:13:00+00:00,,,,,,,,0.6556756756756758,0.65,,148.0,2,False
2026-03-19 00:13:30+00:00,,,,,,,,0.6556756756756758,0.65,,0.0,0,False
2026-03-19 00:14:00+00:00,,,,,,,,0.6556756756756758,0.65,,0.0,0,False
2026-03-19 00:14:30+00:00,,,,,,,,0.6556756756756758,0.65,,0.0,0,False
2026-03-19 00:15:00+00:00,,,,,,,,0.635,0.62,,4.0,3,False
2026-03-19 00:15:30+00:00,,,,,,,,0.635,0.62,,0.0,0,False
2026-03-19 00:16:00+00:00,,,,,,,,0.635,0.62,,0.0,0,False
2026-03-19 00:16:30+00:00,,,,,,,,0.635,0.62,,0.0,0,False
2026-03-19 00:17:00+00:00,,,,,,,,0.635,0.62,,0.0,0,False
2026-03-19 00:17:30+00:00,,,,,,,,0.635,0.62,,0.0,0,False
2026-03-19 00:18:00+00:00,,,,,,,,0.635,0.62,,0.0,0,False
2026-03-19 00:18:30+00:00,,,,,,,,0.635,0.62,,0.0,0,False
2026-03-19 00:19:00+00:00,,,,,,,,0.635,0.62,,0.0,0,False
2026-03-19 00:19:30+00:00,,,,,,,,0.635,0.62,,0.0,0,False
2026-03-19 00:20:00+00:00,,,,,,,,0.635,0.62,,0.0,0,False
2026-03-19 00:20:30+00:00,,,,,,,,0.635,0.62,,0.0,0,False
2026-03-19 00:21:00+00:00,,,,,,,,0.635,0.62,,0.0,0,False
2026-03-19 00:21:30+00:00,,,,,,,,0.63,0.63,,1.0,1,False
2026-03-19 00:22:00+00:00,,,,,,,,0.63,0.63,,0.0,0,False
2026-03-19 00:22:30+00:00,,,,,,,,0.62,0.62,,20.0,1,False
2026-03-19 00:23:00+00:00,,,,,,,,0.62,0.62,,0.0,0,False
2026-03-19 00:23:30+00:00,,,,,,,,0.6223157894736843,0.62,,760.0,5,False
2026-03-19 00:24:00+00:00,,,,,,,,0.6223157894736843,0.62,,0.0,0,False
2026-03-19 00:24:30+00:00,,,,,,,,0.6223157894736843,0.62,,0.0,0,False
2026-03-19 00:25:00+00:00,,,,,,,,0.6223157894736843,0.62,,0.0,0,False
2026-03-19 00:25:30+00:00,,,,,,,,0.6223157894736843,0.62,,0.0,0,False
2026-03-19 00:26:00+00:00,,,,,,,,0.6223157894736843,0.62,,0.0,0,False
2026-03-19 00:26:30+00:00,,,,,,,,0.6223157894736843,0.62,,0.0,0,False
2026-03-19 00:27:00+00:00,,,,,,,,0.6223157894736843,0.62,,0.0,0,False
2026-03-19 00:27:30+00:00,,,,,,,,0.62,0.62,,5.0,1,False
2026-03-19 00:28:00+00:00,,,,,,,,0.62,0.62,,0.0,0,False
2026-03-19 00:28:30+00:00,,,,,,,,0.62,0.62,,30.0,1,False
2026-03-19 00:29:00+00:00,,,,,,,,0.61,0.61,,195.0,5,False
2026-03-19 00:29:30+00:00,,,,,,,,0.61,0.61,,0.0,0,False
2026-03-19 00:30:00+00:00,,,,,,,,0.61,0.61,,0.0,0,False
2026-03-19 00:30:30+00:00,,,,,,,,0.61,0.61,,0.0,0,False
2026-03-19 00:31:00+00:00,,,,,,,,0.6433333333333333,0.65,,30.0,2,False
2026-03-19 00:31:30+00:00,,,,,,,,0.62,0.62,,15.0,1,False
2026-03-19 00:32:00+00:00,,,,,,,,0.62,0.62,,0.0,0,False
2026-03-19 00:32:30+00:00,,,,,,,,0.62,0.62,,0.0,0,False
2026-03-19 00:33:00+00:00,,,,,,,,0.62,0.62,,0.0,0,False
2026-03-19 00:33:30+00:00,,,,,,,,0.62,0.62,,0.0,0,False
2026-03-19 00:34:00+00:00,,,,,,,,0.62,0.62,,0.0,0,False
2026-03-19 00:34:30+00:00,,,,,,,,0.62,0.62,,0.0,0,False
2026-03-19 00:35:00+00:00,,,,,,,,0.62,0.62,,0.0,0,False
2026-03-19 00:35:30+00:00,,,,,,,,0.62,0.62,,0.0,0,False
2026-03-19 00:36:00+00:00,,,,,,,,0.62,0.62,,0.0,0,False
2026-03-19 00:36:30+00:00,,,,,,,,0.6499999999999999,0.65,,298.0,2,False
2026-03-19 00:37:00+00:00,,,,,,,,0.6499999999999999,0.65,,0.0,0,False
2026-03-19 00:37:30+00:00,,,,,,,,0.6499999999999999,0.65,,0.0,0,False
2026-03-19 00:38:00+00:00,,,,,,,,0.6499999999999999,0.65,,0.0,0,False
2026-03-19 00:38:30+00:00,,,,,,,,0.6499999999999999,0.65,,0.0,0,False
2026-03-19 00:39:00+00:00,,,,,,,,0.6499999999999999,0.65,,0.0,0,False
2026-03-19 00:39:30+00:00,,,,,,,,0.6499999999999999,0.65,,0.0,0,False
2026-03-19 00:40:00+00:00,,,,,,,,0.65,0.65,,14.0,1,False
2026-03-19 00:40:30+00:00,,,,,,,,0.6496052631578947,0.62,,152.0,3,False
2026-03-19 00:41:00+00:00,,,,,,,,0.6496052631578947,0.62,,0.0,0,False
2026-03-19 00:41:30+00:00,,,,,,,,0.62,0.62,,62.0,2,False
2026-03-19 00:42:00+00:00,,,,,,,,0.65,0.65,,15.0,1,False
2026-03-19 00:42:30+00:00,,,,,,,,0.65,0.65,,0.0,0,False
2026-03-19 00:43:00+00:00,,,,,,,,0.65,0.65,,0.0,0,False
2026-03-19 00:43:30+00:00,,,,,,,,0.65,0.65,,0.0,0,False
2026-03-19 00:44:00+00:00,,,,,,,,0.65,0.65,,0.0,0,False
2026-03-19 00:44:30+00:00,,,,,,,,0.65,0.65,,0.0,0,False
2026-03-19 00:45:00+00:00,,,,,,,,0.62,0.62,,12.0,1,False
2026-03-19 00:45:30+00:00,,,,,,,,0.65,0.65,,30.0,1,False
2026-03-19 00:46:00+00:00,,,,,,,,0.65,0.65,,0.0,0,False
2026-03-19 00:46:30+00:00,,,,,,,,0.65,0.65,,0.0,0,False
2026-03-19 00:47:00+00:00,,,,,,,,0.65,0.65,,15.0,1,False
2026-03-19 00:47:30+00:00,,,,,,,,0.65,0.65,,0.0,0,False
2026-03-19 00:48:00+00:00,,,,,,,,0.65,0.65,,0.0,0,False
2026-03-19 00:48:30+00:00,,,,,,,,0.65,0.65,,0.0,0,False
2026-03-19 00:49:00+00:00,,,,,,,,0.65,0.65,,0.0,0,False
2026-03-19 00:49:30+00:00,,,,,,,,0.65,0.65,,0.0,0,False
2026-03-19 00:50:00+00:00,,,,,,,,0.65,0.65,,0.0,0,False
2026-03-19 00:50:30+00:00,,,,,,,,0.65,0.65,,0.0,0,False
2026-03-19 00:51:00+00:00,,,,,,,,0.62,0.62,,5.0,1,False
2026-03-19 00:51:30+00:00,,,,,,,,0.62,0.62,,0.0,0,False
2026-03-19 00:52:00+00:00,,,,,,,,0.62,0.62,,0.0,0,False
2026-03-19 00:52:30+00:00,,,,,,,,0.62,0.62,,0.0,0,False
2026-03-19 00:53:00+00:00,,,,,,,,0.62,0.62,,0.0,0,False
2026-03-19 00:53:30+00:00,,,,,,,,0.62,0.62,,2.0,1,False
2026-03-19 00:54:00+00:00,,,,,,,,0.62,0.62,,0.0,0,False
2026-03-19 00:54:30+00:00,,,,,,,,0.6565486725663716,0.63,,113.0,2,False
2026-03-19 00:55:00+00:00,,,,,,,,0.62,0.62,,335.0,3,False
2026-03-19 00:55:30+00:00,,,,,,,,0.62,0.62,,0.0,0,False
2026-03-19 00:56:00+00:00,,,,,,,,0.62,0.62,,0.0,0,False
2026-03-19 00:56:30+00:00,,,,,,,,0.62,0.62,,0.0,0,False
2026-03-19 00:57:00+00:00,,,,,,,,0.65,0.65,,2.0,1,False
2026-03-19 00:57:30+00:00,,,,,,,,0.65,0.65,,0.0,0,False
2026-03-19 00:58:00+00:00,,,,,,,,0.66,0.66,,73.0,1,False
2026-03-19 00:58:30+00:00,,,,,,,,0.66,0.66,,0.0,0,False
2026-03-19 00:59:00+00:00,,,,,,,,0.66,0.66,,0.0,0,False
2026-03-19 00:59:30+00:00,,,,,,,,0.66,0.66,,16.0,2,False
2026-03-19 01:00:00+00:00,,,,,,,,0.66,0.66,,0.0,0,False
2026-03-19 01:00:30+00:00,,,,,,,,0.66,0.66,,0.0,0,False
2026-03-19 01:01:00+00:00,,,,,,,,0.66,0.66,,0.0,0,False
2026-03-19 01:01:30+00:00,,,,,,,,0.6303846153846154,0.63,,26.0,2,False
2026-03-19 01:02:00+00:00,,,,,,,,0.6406666666666667,0.64,,15.0,2,False
2026-03-19 01:02:30+00:00,,,,,,,,0.66,0.66,,118.0,1,False
2026-03-19 01:03:00+00:00,,,,,,,,0.63,0.63,,3.0,1,False
2026-03-19 01:03:30+00:00,,,,,,,,0.63,0.63,,5.0,1,False
2026-03-19 01:04:00+00:00,,,,,,,,0.63,0.63,,0.0,0,False
2026-03-19 01:04:30+00:00,,,,,,,,0.63,0.63,,103.0,3,False
2026-03-19 01:05:00+00:00,,,,,,,,0.63,0.63,,0.0,0,False
2026-03-19 01:05:30+00:00,,,,,,,,0.63,0.63,,0.0,0,False
2026-03-19 01:06:00+00:00,,,,,,,,0.63,0.63,,0.0,0,False
2026-03-19 01:06:30+00:00,,,,,,,,0.63,0.63,,0.0,0,False
2026-03-19 01:07:00+00:00,,,,,,,,0.63,0.63,,0.0,0,False
2026-03-19 01:07:30+00:00,,,,,,,,0.6361538461538461,0.65,,26.0,2,False
2026-03-19 01:08:00+00:00,,,,,,,,0.6361538461538461,0.65,,0.0,0,False
2026-03-19 01:08:30+00:00,,,,,,,,0.6361538461538461,0.65,,0.0,0,False
2026-03-19 01:09:00+00:00,,,,,,,,0.6123684210526316,0.61,,38.0,4,False
2026-03-19 01:09:30+00:00,,,,,,,,0.6123684210526316,0.61,,0.0,0,False
2026-03-19 01:10:00+00:00,,,,,,,,0.6123684210526316,0.61,,0.0,0,False
2026-03-19 01:10:30+00:00,,,,,,,,0.64,0.64,,4.0,1,False
2026-03-19 01:11:00+00:00,,,,,,,,0.61,0.61,,4.0,1,False
2026-03-19 01:11:30+00:00,,,,,,,,0.61,0.61,,0.0,0,False
2026-03-19 01:12:00+00:00,,,,,,,,0.63,0.63,,30.0,1,False
2026-03-19 01:12:30+00:00,,,,,,,,0.63,0.63,,0.0,0,False
2026-03-19 01:13:00+00:00,,,,,,,,0.63,0.63,,34.0,1,False
2026-03-19 01:13:30+00:00,,,,,,,,0.63,0.63,,0.0,0,False
2026-03-19 01:14:00+00:00,,,,,,,,0.63,0.63,,0.0,0,False
2026-03-19 01:14:30+00:00,,,,,,,,0.63,0.63,,0.0,0,False
2026-03-19 01:15:00+00:00,,,,,,,,0.63,0.63,,0.0,0,False
2026-03-19 01:15:30+00:00,,,,,,,,0.63,0.63,,0.0,0,False
2026-03-19 01:16:00+00:00,,,,,,,,0.63,0.63,,0.0,0,False
2026-03-19 01:16:30+00:00,,,,,,,,0.61,0.61,,24.0,1,False
2026-03-19 01:17:00+00:00,,,,,,,,0.61,0.61,,0.0,0,False
2026-03-19 01:17:30+00:00,,,,,,,,0.61,0.61,,0.0,0,False
2026-03-19 01:18:00+00:00,,,,,,,,0.61,0.61,,0.0,0,False
2026-03-19 01:18:30+00:00,,,,,,,,0.61,0.61,,0.0,0,False
2026-03-19 01:19:00+00:00,,,,,,,,0.61,0.61,,0.0,0,False
2026-03-19 01:19:30+00:00,,,,,,,,0.6128484848484849,0.61,,330.0,3,False
2026-03-19 01:20:00+00:00,,,,,,,,0.6128484848484849,0.61,,0.0,0,False
2026-03-19 01:20:30+00:00,,,,,,,,0.6128484848484849,0.61,,0.0,0,False
2026-03-19 01:21:00+00:00,,,,,,,,0.6128484848484849,0.61,,0.0,0,False
2026-03-19 01:21:30+00:00,,,,,,,,0.6128484848484849,0.61,,0.0,0,False
2026-03-19 01:22:00+00:00,,,,,,,,0.61,0.61,,12.0,1,False
2026-03-19 01:22:30+00:00,,,,,,,,0.61,0.61,,0.0,0,False
2026-03-19 01:23:00+00:00,,,,,,,,0.61,0.61,,0.0,0,False
2026-03-19 01:23:30+00:00,,,,,,,,0.61,0.61,,62.0,2,False
2026-03-19 01:24:00+00:00,,,,,,,,0.61,0.61,,0.0,0,False
2026-03-19 01:24:30+00:00,,,,,,,,0.61,0.61,,0.0,0,False
2026-03-19 01:25:00+00:00,,,,,,,,0.61,0.61,,83.0,1,False
2026-03-19 01:25:30+00:00,,,,,,,,0.63,0.63,,18.0,1,False
2026-03-19 01:26:00+00:00,,,,,,,,0.64,0.64,,16.0,1,False
2026-03-19 01:26:30+00:00,,,,,,,,0.64,0.64,,0.0,0,False
2026-03-19 01:27:00+00:00,,,,,,,,0.64,0.64,,0.0,0,False
2026-03-19 01:27:30+00:00,,,,,,,,0.64,0.64,,0.0,0,False
2026-03-19 01:28:00+00:00,,,,,,,,0.64,0.64,,0.0,0,False
2026-03-19 01:28:30+00:00,,,,,,,,0.64,0.64,,3.0,1,False
2026-03-19 01:29:00+00:00,,,,,,,,0.64,0.64,,0.0,0,False
2026-03-19 01:29:30+00:00,,,,,,,,0.64,0.64,,0.0,0,False
2026-03-19 01:30:00+00:00,,,,,,,,0.61,0.61,,36.0,1,False
2026-03-19 01:30:30+00:00,,,,,,,,0.61,0.61,,37.0,3,False
2026-03-19 01:31:00+00:00,,,,,,,,0.61,0.61,,0.0,0,False
2026-03-19 01:31:30+00:00,,,,,,,,0.61,0.61,,0.0,0,False
2026-03-19 01:32:00+00:00,,,,,,,,0.64,0.64,,7.0,1,False
2026-03-19 01:32:30+00:00,,,,,,,,0.63,0.63,,6.0,1,False
2026-03-19 01:33:00+00:00,,,,,,,,0.63,0.63,,0.0,0,False
2026-03-19 01:33:30+00:00,,,,,,,,0.63,0.63,,0.0,0,False
2026-03-19 01:34:00+00:00,,,,,,,,0.63,0.63,,0.0,0,False
2026-03-19 01:34:30+00:00,,,,,,,,0.63,0.63,,0.0,0,False
2026-03-19 01:35:00+00:00,,,,,,,,0.63,0.63,,0.0,0,False
2026-03-19 01:35:30+00:00,,,,,,,,0.63,0.63,,0.0,0,False
2026-03-19 01:36:00+00:00,,,,,,,,0.63,0.63,,0.0,0,False
2026-03-19 01:36:30+00:00,,,,,,,,0.63,0.63,,0.0,0,False
2026-03-19 01:37:00+00:00,,,,,,,,0.63,0.63,,0.0,0,False
2026-03-19 01:37:30+00:00,,,,,,,,0.63,0.63,,0.0,0,False
2026-03-19 01:38:00+00:00,,,,,,,,0.63,0.63,,7.0,1,False
2026-03-19 01:38:30+00:00,,,,,,,,0.63,0.63,,0.0,0,False
2026-03-19 01:39:00+00:00,,,,,,,,0.63,0.63,,0.0,0,False
2026-03-19 01:39:30+00:00,,,,,,,,0.63,0.63,,0.0,0,False
2026-03-19 01:40:00+00:00,,,,,,,,0.61,0.61,,12.0,1,False
2026-03-19 01:40:30+00:00,,,,,,,,0.61,0.61,,0.0,0,False
2026-03-19 01:41:00+00:00,,,,,,,,0.61,0.61,,13.0,1,False
2026-03-19 01:41:30+00:00,,,,,,,,0.61,0.61,,0.0,0,False
2026-03-19 01:42:00+00:00,,,,,,,,0.61,0.61,,0.0,0,False
2026-03-19 01:42:30+00:00,,,,,,,,0.63,0.63,,7.0,1,False
2026-03-19 01:43:00+00:00,,,,,,,,0.61,0.61,,24.0,1,False
2026-03-19 01:43:30+00:00,,,,,,,,0.61,0.61,,0.0,0,False
2026-03-19 01:44:00+00:00,,,,,,,,0.61,0.61,,0.0,0,False
2026-03-19 01:44:30+00:00,,,,,,,,0.63,0.63,,1.0,1,False
2026-03-19 01:45:00+00:00,,,,,,,,0.63,0.63,,0.0,0,False
2026-03-19 01:45:30+00:00,,,,,,,,0.62,0.62,,5.0,1,False
2026-03-19 01:46:00+00:00,,,,,,,,0.61,0.61,,16.0,2,False
2026-03-19 01:46:30+00:00,,,,,,,,0.61,0.61,,0.0,0,False
2026-03-19 01:47:00+00:00,,,,,,,,0.61,0.61,,0.0,0,False
2026-03-19 01:47:30+00:00,,,,,,,,0.61,0.61,,122.0,1,False
2026-03-19 01:48:00+00:00,,,,,,,,0.62,0.62,,9.0,2,False
2026-03-19 01:48:30+00:00,,,,,,,,0.63,0.63,,38.0,2,False
2026-03-19 01:49:00+00:00,,,,,,,,0.63,0.63,,0.0,0,False
2026-03-19 01:49:30+00:00,,,,,,,,0.63,0.63,,0.0,0,False
2026-03-19 01:50:00+00:00,,,,,,,,0.61,0.61,,7.0,1,False
2026-03-19 01:50:30+00:00,,,,,,,,0.61,0.61,,0.0,0,False
2026-03-19 01:51:00+00:00,,,,,,,,0.61,0.61,,0.0,0,False
2026-03-19 01:51:30+00:00,,,,,,,,0.61,0.61,,0.0,0,False
2026-03-19 01:52:00+00:00,,,,,,,,0.63,0.63,,153.0,2,False
2026-03-19 01:52:30+00:00,,,,,,,,0.63,0.63,,0.0,0,False
2026-03-19 01:53:00+00:00,,,,,,,,0.63,0.63,,0.0,0,False
2026-03-19 01:53:30+00:00,,,,,,,,0.63,0.63,,0.0,0,False
2026-03-19 01:54:00+00:00,,,,,,,,0.63,0.63,,0.0,0,False
2026-03-19 01:54:30+00:00,,,,,,,,0.61,0.61,,4.0,1,False
2026-03-19 01:55:00+00:00,,,,,,,,0.61,0.61,,0.0,0,False
2026-03-19 01:55:30+00:00,,,,,,,,0.63,0.63,,38.0,1,False
2026-03-19 01:56:00+00:00,,,,,,,,0.63,0.63,,0.0,0,False
2026-03-19 01:56:30+00:00,,,,,,,,0.63,0.63,,0.0,0,False
2026-03-19 01:57:00+00:00,,,,,,,,0.63,0.63,,0.0,0,False
2026-03-19 01:57:30+00:00,,,,,,,,0.63,0.63,,0.0,0,False
2026-03-19 01:58:00+00:00,,,,,,,,0.63,0.63,,0.0,0,False
2026-03-19 01:58:30+00:00,,,,,,,,0.63,0.63,,0.0,0,False
2026-03-19 01:59:00+00:00,,,,,,,,0.63,0.63,,0.0,0,False
2026-03-19 01:59:30+00:00,,,,,,,,0.61,0.61,,49.0,1,False
2026-03-19 02:00:00+00:00,,,,,,,,0.61,0.61,,0.0,0,False
2026-03-19 02:00:30+00:00,,,,,,,,0.61,0.61,,0.0,0,False
2026-03-19 02:01:00+00:00,,,,,,,,0.61,0.61,,0.0,0,False
2026-03-19 02:01:30+00:00,,,,,,,,0.61,0.61,,0.0,0,False
2026-03-19 02:02:00+00:00,,,,,,,,0.61,0.61,,0.0,0,False
2026-03-19 02:02:30+00:00,,,,,,,,0.61,0.61,,0.0,0,False
2026-03-19 02:03:00+00:00,,,,,,,,0.61,0.61,,0.0,0,False
2026-03-19 02:03:30+00:00,,,,,,,,0.61,0.61,,0.0,0,False
2026-03-19 02:04:00+00:00,,,,,,,,0.61,0.61,,0.0,0,False
2026-03-19 02:04:30+00:00,,,,,,,,0.61,0.61,,0.0,0,False
2026-03-19 02:05:00+00:00,,,,,,,,0.63,0.63,,7.0,1,False
2026-03-19 02:05:30+00:00,,,,,,,,0.63,0.63,,0.0,0,False
2026-03-19 02:06:00+00:00,,,,,,,,0.61,0.61,,2.0,1,False
2026-03-19 02:06:30+00:00,,,,,,,,0.63,0.63,,125.0,1,False
2026-03-19 02:07:00+00:00,,,,,,,,0.63,0.63,,0.0,0,False
2026-03-19 02:07:30+00:00,,,,,,,,0.63,0.63,,0.0,0,False
2026-03-19 02:08:00+00:00,,,,,,,,0.63,0.63,,263.0,4,False
2026-03-19 02:08:30+00:00,,,,,,,,0.63,0.63,,0.0,0,False
2026-03-19 02:09:00+00:00,,,,,,,,0.63,0.63,,0.0,0,False
2026-03-19 02:09:30+00:00,,,,,,,,0.63,0.63,,1.0,1,False
2026-03-19 02:10:00+00:00,,,,,,,,0.62,0.62,,5.0,1,False
2026-03-19 02:10:30+00:00,,,,,,,,0.6200000000000001,0.62,,65.0,2,False
2026-03-19 02:11:00+00:00,,,,,,,,0.62,0.62,,504.0,1,False
2026-03-19 02:11:30+00:00,,,,,,,,0.62,0.62,,110.0,1,False
2026-03-19 02:12:00+00:00,,,,,,,,0.62,0.62,,0.0,0,False
2026-03-19 02:12:30+00:00,,,,,,,,0.62,0.62,,0.0,0,False
2026-03-19 02:13:00+00:00,,,,,,,,0.62,0.62,,0.0,0,False
2026-03-19 02:13:30+00:00,,,,,,,,0.62,0.62,,0.0,0,False
2026-03-19 02:14:00+00:00,,,,,,,,0.62,0.62,,15.0,1,False
2026-03-19 02:14:30+00:00,,,,,,,,0.62,0.62,,0.0,0,False
2026-03-19 02:15:00+00:00,,,,,,,,0.62,0.62,,0.0,0,False
2026-03-19 02:15:30+00:00,,,,,,,,0.6200000000000001,0.62,,117.0,1,False
2026-03-19 02:16:00+00:00,,,,,,,,0.62,0.62,,15.0,1,False
2026-03-19 02:16:30+00:00,,,,,,,,0.62,0.62,,0.0,0,False
2026-03-19 02:17:00+00:00,,,,,,,,0.62,0.62,,0.0,0,False
2026-03-19 02:17:30+00:00,,,,,,,,0.62,0.62,,0.0,0,False
2026-03-19 02:18:00+00:00,,,,,,,,0.62,0.62,,39.0,1,False
2026-03-19 02:18:30+00:00,,,,,,,,0.62,0.62,,31.0,1,False
2026-03-19 02:19:00+00:00,,,,,,,,0.62,0.62,,0.0,0,False
2026-03-19 02:19:30+00:00,,,,,,,,0.62,0.62,,25.0,1,False
2026-03-19 02:20:00+00:00,,,,,,,,0.62,0.62,,0.0,0,False
2026-03-19 02:20:30+00:00,,,,,,,,0.62,0.62,,40.0,1,False
2026-03-19 02:21:00+00:00,,,,,,,,0.62,0.62,,87.0,2,False
2026-03-19 02:21:30+00:00,,,,,,,,0.62,0.62,,0.0,0,False
2026-03-19 02:22:00+00:00,,,,,,,,0.62,0.62,,31.0,1,False
2026-03-19 02:22:30+00:00,,,,,,,,0.62,0.62,,0.0,0,False
2026-03-19 02:23:00+00:00,,,,,,,,0.62,0.62,,7.0,1,False
2026-03-19 02:23:30+00:00,,,,,,,,0.62,0.62,,15.0,1,False
2026-03-19 02:24:00+00:00,,,,,,,,0.62,0.62,,0.0,0,False
2026-03-19 02:24:30+00:00,,,,,,,,0.62,0.62,,31.0,1,False
2026-03-19 02:25:00+00:00,,,,,,,,0.62,0.62,,0.0,0,False
2026-03-19 02:25:30+00:00,,,,,,,,0.62,0.62,,0.0,0,False
2026-03-19 02:26:00+00:00,,,,,,,,0.62,0.62,,0.0,0,False
2026-03-19 02:26:30+00:00,,,,,,,,0.62,0.62,,15.0,1,False
2026-03-19 02:27:00+00:00,,,,,,,,0.62,0.62,,0.0,0,False
2026-03-19 02:27:30+00:00,,,,,,,,0.62,0.62,,0.0,0,False
2026-03-19 02:28:00+00:00,,,,,,,,0.62,0.62,,0.0,0,False
2026-03-19 02:28:30+00:00,,,,,,,,0.62,0.62,,439.0,3,False
2026-03-19 02:29:00+00:00,,,,,,,,0.6268888888888889,0.61,,45.0,2,False
2026-03-19 02:29:30+00:00,,,,,,,,0.6273529411764707,0.63,,340.0,3,False
2026-03-19 02:30:00+00:00,,,,,,,,0.62,0.62,,1.0,1,False
2026-03-19 02:30:30+00:00,,,,,,,,0.62,0.62,,27.0,2,False
2026-03-19 02:31:00+00:00,,,,,,,,0.63,0.63,,1538.0,1,False
2026-03-19 02:31:30+00:00,,,,,,,,0.63,0.63,,13.0,1,False
2026-03-19 02:32:00+00:00,,,,,,,,0.63,0.63,,1030.0,1,False
2026-03-19 02:32:30+00:00,,,,,,,,0.63,0.63,,0.0,0,False
2026-03-19 02:33:00+00:00,,,,,,,,0.62,0.62,,1.0,1,False
2026-03-19 02:33:30+00:00,,,,,,,,0.63,0.63,,15.0,1,False
2026-03-19 02:34:00+00:00,,,,,,,,0.62,0.62,,4.0,1,False
2026-03-19 02:34:30+00:00,,,,,,,,0.63,0.63,,11.0,2,False
2026-03-19 02:35:00+00:00,,,,,,,,0.63,0.63,,0.0,0,False
2026-03-19 02:35:30+00:00,,,,,,,,0.62,0.62,,2.0,1,False
2026-03-19 02:36:00+00:00,,,,,,,,0.62,0.62,,0.0,0,False
2026-03-19 02:36:30+00:00,,,,,,,,0.62,0.62,,0.0,0,False
2026-03-19 02:37:00+00:00,,,,,,,,0.62,0.62,,0.0,0,False
2026-03-19 02:37:30+00:00,,,,,,,,0.62,0.62,,401.0,1,False
2026-03-19 02:38:00+00:00,,,,,,,,0.62,0.62,,0.0,0,False
2026-03-19 02:38:30+00:00,,,,,,,,0.62,0.62,,16.0,2,False
2026-03-19 02:39:00+00:00,,,,,,,,0.62,0.62,,15.0,1,False
2026-03-19 02:39:30+00:00,,,,,,,,0.62,0.62,,1.0,1,False
2026-03-19 02:40:00+00:00,,,,,,,,0.62,0.62,,0.0,0,False
2026-03-19 02:40:30+00:00,,,,,,,,0.62,0.62,,0.0,0,False
2026-03-19 02:41:00+00:00,,,,,,,,0.62,0.62,,0.0,0,False
2026-03-19 02:41:30+00:00,,,,,,,,0.62,0.62,,0.0,0,False
2026-03-19 02:42:00+00:00,,,,,,,,0.62,0.62,,0.0,0,False
2026-03-19 02:42:30+00:00,,,,,,,,0.62,0.62,,0.0,0,False
2026-03-19 02:43:00+00:00,,,,,,,,0.62,0.62,,0.0,0,False
2026-03-19 02:43:30+00:00,,,,,,,,0.62,0.62,,0.0,0,False
2026-03-19 02:44:00+00:00,,,,,,,,0.62,0.62,,0.0,0,False
2026-03-19 02:44:30+00:00,,,,,,,,0.62,0.62,,3.0,1,False
2026-03-19 02:45:00+00:00,,,,,,,,0.63,0.63,,9.0,1,False
2026-03-19 02:45:30+00:00,,,,,,,,0.63,0.63,,0.0,0,False
2026-03-19 02:46:00+00:00,,,,,,,,0.63,0.63,,0.0,0,False
2026-03-19 02:46:30+00:00,,,,,,,,0.61,0.61,,9.0,1,False
2026-03-19 02:47:00+00:00,,,,,,,,0.61,0.61,,0.0,0,False
2026-03-19 02:47:30+00:00,,,,,,,,0.6284210526315789,0.63,,19.0,2,False
2026-03-19 02:48:00+00:00,,,,,,,,0.62,0.62,,75.0,1,False
2026-03-19 02:48:30+00:00,,,,,,,,0.62,0.62,,0.0,0,False
2026-03-19 02:49:00+00:00,,,,,,,,0.62,0.62,,0.0,0,False
2026-03-19 02:49:30+00:00,,,,,,,,0.63,0.63,,4.0,1,False
2026-03-19 02:50:00+00:00,,,,,,,,0.62,0.62,,50.0,1,False
2026-03-19 02:50:30+00:00,,,,,,,,0.62,0.62,,0.0,0,False
2026-03-19 02:51:00+00:00,,,,,,,,0.62,0.62,,0.0,0,False
2026-03-19 02:51:30+00:00,,,,,,,,0.62,0.62,,0.0,0,False
2026-03-19 02:52:00+00:00,,,,,,,,0.62,0.62,,252.0,1,False
2026-03-19 02:52:30+00:00,,,,,,,,0.62,0.62,,75.0,1,False
2026-03-19 02:53:00+00:00,,,,,,,,0.62,0.62,,0.0,0,False
2026-03-19 02:53:30+00:00,,,,,,,,0.63,0.63,,136.0,2,False
2026-03-19 02:54:00+00:00,,,,,,,,0.62,0.62,,2.0,1,False
2026-03-19 02:54:30+00:00,,,,,,,,0.6102962962962963,0.63,,135.0,4,False
2026-03-19 02:55:00+00:00,,,,,,,,0.6102962962962963,0.63,,0.0,0,False
2026-03-19 02:55:30+00:00,,,,,,,,0.62,0.62,,12.0,1,False
2026-03-19 02:56:00+00:00,,,,,,,,0.62,0.62,,55.0,2,False
2026-03-19 02:56:30+00:00,,,,,,,,0.62,0.62,,0.0,0,False
2026-03-19 02:57:00+00:00,,,,,,,,0.62,0.62,,0.0,0,False
2026-03-19 02:57:30+00:00,,,,,,,,0.62,0.62,,50.0,1,False
2026-03-19 02:58:00+00:00,,,,,,,,0.63,0.63,,30.0,1,False
2026-03-19 02:58:30+00:00,,,,,,,,0.63,0.63,,0.0,0,False
2026-03-19 02:59:00+00:00,,,,,,,,0.62,0.62,,125.0,1,False
2026-03-19 02:59:30+00:00,,,,,,,,0.62,0.62,,0.0,0,False
2026-03-19 03:00:00+00:00,,,,,,,,0.62,0.62,,0.0,0,False
2026-03-19 03:00:30+00:00,,,,,,,,0.63,0.63,,15.0,1,False
2026-03-19 03:01:00+00:00,,,,,,,,0.62,0.62,,37.0,1,False
2026-03-19 03:01:30+00:00,,,,,,,,0.63,0.63,,7.0,1,False
2026-03-19 03:02:00+00:00,,,,,,,,0.63,0.63,,0.0,0,False
2026-03-19 03:02:30+00:00,,,,,,,,0.63,0.63,,0.0,0,False
2026-03-19 03:03:00+00:00,,,,,,,,0.63,0.63,,0.0,0,False
2026-03-19 03:03:30+00:00,,,,,,,,0.63,0.63,,0.0,0,False
2026-03-19 03:04:00+00:00,,,,,,,,0.63,0.63,,0.0,0,False
2026-03-19 03:04:30+00:00,,,,,,,,0.63,0.63,,0.0,0,False
2026-03-19 03:05:00+00:00,,,,,,,,0.63,0.63,,0.0,0,False
2026-03-19 03:05:30+00:00,,,,,,,,0.63,0.63,,9.0,1,False
2026-03-19 03:06:00+00:00,,,,,,,,0.62,0.62,,2.0,1,False
2026-03-19 03:06:30+00:00,,,,,,,,0.62,0.62,,0.0,0,False
2026-03-19 03:07:00+00:00,,,,,,,,0.6275510204081632,0.63,,49.0,3,False
2026-03-19 03:07:30+00:00,,,,,,,,0.6252631578947367,0.63,,19.0,3,False
2026-03-19 03:08:00+00:00,,,,,,,,0.62,0.62,,25.0,1,False
2026-03-19 03:08:30+00:00,,,,,,,,0.63,0.63,,15.0,1,False
2026-03-19 03:09:00+00:00,,,,,,,,0.63,0.63,,0.0,0,False
2026-03-19 03:09:30+00:00,,,,,,,,0.63,0.63,,0.0,0,False
2026-03-19 03:10:00+00:00,,,,,,,,0.63,0.63,,0.0,0,False
2026-03-19 03:10:30+00:00,,,,,,,,0.62,0.62,,5.0,1,False
2026-03-19 03:11:00+00:00,,,,,,,,0.63,0.63,,22.0,1,False
2026-03-19 03:11:30+00:00,,,,,,,,0.63,0.63,,0.0,0,False
2026-03-19 03:12:00+00:00,,,,,,,,0.63,0.63,,0.0,0,False
2026-03-19 03:12:30+00:00,,,,,,,,0.63,0.63,,1.0,1,False
2026-03-19 03:13:00+00:00,,,,,,,,0.63,0.63,,0.0,0,False
2026-03-19 03:13:30+00:00,,,,,,,,0.63,0.63,,0.0,0,False
2026-03-19 03:14:00+00:00,,,,,,,,0.63,0.63,,30.0,1,False
2026-03-19 03:14:30+00:00,,,,,,,,0.63,0.63,,0.0,0,False
2026-03-19 03:15:00+00:00,,,,,,,,0.62,0.62,,5.0,1,False
2026-03-19 03:15:30+00:00,,,,,,,,0.62,0.62,,0.0,0,False
2026-03-19 03:16:00+00:00,,,,,,,,0.62,0.62,,0.0,0,False
2026-03-19 03:16:30+00:00,,,,,,,,0.62,0.62,,0.0,0,False
2026-03-19 03:17:00+00:00,,,,,,,,0.62,0.62,,0.0,0,False
2026-03-19 03:17:30+00:00,,,,,,,,0.62,0.62,,3.0,1,False
2026-03-19 03:18:00+00:00,,,,,,,,0.62,0.62,,25.0,1,False
2026-03-19 03:18:30+00:00,,,,,,,,0.62,0.62,,0.0,0,False
2026-03-19 03:19:00+00:00,,,,,,,,0.62,0.62,,63.0,1,False
2026-03-19 03:19:30+00:00,,,,,,,,0.63,0.63,,23.0,1,False
2026-03-19 03:20:00+00:00,,,,,,,,0.63,0.63,,0.0,0,False
2026-03-19 03:20:30+00:00,,,,,,,,0.63,0.63,,137.0,1,False
2026-03-19 03:21:00+00:00,,,,,,,,0.63,0.63,,12.0,1,False
2026-03-19 03:21:30+00:00,,,,,,,,0.63,0.63,,0.0,0,False
2026-03-19 03:22:00+00:00,,,,,,,,0.6277777777777778,0.63,,9.0,2,False
2026-03-19 03:22:30+00:00,,,,,,,,0.62,0.62,,2.0,1,False
2026-03-19 03:23:00+00:00,,,,,,,,0.62,0.62,,12.0,1,False
2026-03-19 03:23:30+00:00,,,,,,,,0.6282142857142857,0.63,,28.0,3,False
2026-03-19 03:24:00+00:00,,,,,,,,0.62,0.62,,10.0,1,False
2026-03-19 03:24:30+00:00,,,,,,,,0.61,0.61,,38.0,1,False
2026-03-19 03:25:00+00:00,,,,,,,,0.62,0.62,,23.0,1,False
2026-03-19 03:25:30+00:00,,,,,,,,0.62,0.62,,0.0,0,False
2026-03-19 03:26:00+00:00,,,,,,,,0.62,0.62,,78.0,1,False
2026-03-19 03:26:30+00:00,,,,,,,,0.6199999999999999,0.62,,36.0,3,False
2026-03-19 03:27:00+00:00,,,,,,,,0.6199999999999999,0.62,,0.0,0,False
2026-03-19 03:27:30+00:00,,,,,,,,0.6199999999999999,0.62,,0.0,0,False
2026-03-19 03:28:00+00:00,,,,,,,,0.6243181818181818,0.63,,88.0,2,False
2026-03-19 03:28:30+00:00,,,,,,,,0.6298039215686274,0.63,,102.0,2,False
2026-03-19 03:29:00+00:00,,,,,,,,0.62,0.62,,40.0,2,False
2026-03-19 03:29:30+00:00,,,,,,,,0.62,0.62,,0.0,0,False
2026-03-19 03:30:00+00:00,,,,,,,,0.62,0.62,,0.0,0,False
2026-03-19 03:30:30+00:00,,,,,,,,0.6299999999999999,0.63,,468.0,2,False
2026-03-19 03:31:00+00:00,,,,,,,,0.63,0.63,,123.0,1,False
2026-03-19 03:31:30+00:00,,,,,,,,0.63,0.63,,0.0,0,False
2026-03-19 03:32:00+00:00,,,,,,,,0.63,0.63,,0.0,0,False
2026-03-19 03:32:30+00:00,,,,,,,,0.63,0.63,,0.0,0,False
2026-03-19 03:33:00+00:00,,,,,,,,0.63,0.63,,0.0,0,False
2026-03-19 03:33:30+00:00,,,,,,,,0.62,0.62,,36.0,1,False
2026-03-19 03:34:00+00:00,,,,,,,,0.62,0.62,,0.0,0,False
2026-03-19 03:34:30+00:00,,,,,,,,0.62,0.62,,0.0,0,False
2026-03-19 03:35:00+00:00,,,,,,,,0.62,0.62,,0.0,0,False
2026-03-19 03:35:30+00:00,,,,,,,,0.62,0.62,,50.0,1,False
2026-03-19 03:36:00+00:00,,,,,,,,0.61,0.61,,15.0,1,False
2026-03-19 03:36:30+00:00,,,,,,,,0.61,0.61,,0.0,0,False
2026-03-19 03:37:00+00:00,,,,,,,,0.61,0.61,,0.0,0,False
2026-03-19 03:37:30+00:00,,,,,,,,0.6260000000000001,0.63,,50.0,3,False
2026-03-19 03:38:00+00:00,,,,,,,,0.6260000000000001,0.63,,0.0,0,False
2026-03-19 03:38:30+00:00,,,,,,,,0.6260000000000001,0.63,,0.0,0,False
2026-03-19 03:39:00+00:00,,,,,,,,0.6260000000000001,0.63,,0.0,0,False
2026-03-19 03:39:30+00:00,,,,,,,,0.63,0.63,,1.0,1,False
2026-03-19 03:40:00+00:00,,,,,,,,0.63,0.63,,0.0,0,False
2026-03-19 03:40:30+00:00,,,,,,,,0.63,0.63,,0.0,0,False
2026-03-19 03:41:00+00:00,,,,,,,,0.63,0.63,,30.0,1,False
2026-03-19 03:41:30+00:00,,,,,,,,0.62,0.62,,23.0,1,False
2026-03-19 03:42:00+00:00,,,,,,,,0.62,0.62,,0.0,0,False
2026-03-19 03:42:30+00:00,,,,,,,,0.62,0.62,,0.0,0,False
2026-03-19 03:43:00+00:00,,,,,,,,0.62,0.62,,0.0,0,False
2026-03-19 03:43:30+00:00,,,,,,,,0.62,0.62,,0.0,0,False
2026-03-19 03:44:00+00:00,,,,,,,,0.62,0.62,,0.0,0,False
2026-03-19 03:44:30+00:00,,,,,,,,0.62,0.62,,0.0,0,False
2026-03-19 03:45:00+00:00,,,,,,,,0.62,0.62,,0.0,0,False
2026-03-19 03:45:30+00:00,,,,,,,,0.62,0.62,,0.0,0,False
2026-03-19 03:46:00+00:00,,,,,,,,0.62,0.62,,12.0,1,False
2026-03-19 03:46:30+00:00,,,,,,,,0.62,0.62,,0.0,0,False
2026-03-19 03:47:00+00:00,,,,,,,,0.629796511627907,0.62,,344.0,4,False
2026-03-19 03:47:30+00:00,,,,,,,,0.629796511627907,0.62,,0.0,0,False
2026-03-19 03:48:00+00:00,,,,,,,,0.629796511627907,0.62,,0.0,0,False
2026-03-19 03:48:30+00:00,,,,,,,,0.62,0.62,,1.0,1,False
2026-03-19 03:49:00+00:00,,,,,,,,0.6226315789473684,0.63,,19.0,2,False
2026-03-19 03:49:30+00:00,,,,,,,,0.6226315789473684,0.63,,0.0,0,False
2026-03-19 03:50:00+00:00,,,,,,,,0.6226315789473684,0.63,,0.0,0,False
2026-03-19 03:50:30+00:00,,,,,,,,0.6226315789473684,0.63,,0.0,0,False
2026-03-19 03:51:00+00:00,,,,,,,,0.62,0.62,,25.0,1,False
2026-03-19 03:51:30+00:00,,,,,,,,0.6205263157894737,0.63,,133.0,2,False
2026-03-19 03:52:00+00:00,,,,,,,,0.6205263157894737,0.63,,0.0,0,False
2026-03-19 03:52:30+00:00,,,,,,,,0.6205263157894737,0.63,,0.0,0,False
2026-03-19 03:53:00+00:00,,,,,,,,0.6259999999999999,0.63,,25.0,2,False
2026-03-19 03:53:30+00:00,,,,,,,,0.6259999999999999,0.63,,0.0,0,False
2026-03-19 03:54:00+00:00,,,,,,,,0.625,0.63,,2.0,2,False
2026-03-19 03:54:30+00:00,,,,,,,,0.62,0.62,,12.0,1,False
2026-03-19 03:55:00+00:00,,,,,,,,0.62,0.62,,7.0,1,False
2026-03-19 03:55:30+00:00,,,,,,,,0.6218987341772151,0.63,,79.0,4,False
2026-03-19 03:56:00+00:00,,,,,,,,0.6218987341772151,0.63,,0.0,0,False
2026-03-19 03:56:30+00:00,,,,,,,,0.6218987341772151,0.63,,0.0,0,False
2026-03-19 03:57:00+00:00,,,,,,,,0.6242748091603053,0.63,,131.0,3,False
2026-03-19 03:57:30+00:00,,,,,,,,0.6292727272727273,0.62,,165.0,2,False
2026-03-19 03:58:00+00:00,,,,,,,,0.63,0.63,,7.0,1,False
2026-03-19 03:58:30+00:00,,,,,,,,0.62,0.62,,50.0,1,False
2026-03-19 03:59:00+00:00,,,,,,,,0.62,0.62,,0.0,0,False
2026-03-19 03:59:30+00:00,,,,,,,,0.62,0.62,,250.0,1,False
2026-03-19 04:00:00+00:00,,,,,,,,0.6280645161290322,0.62,,62.0,2,False
2026-03-19 04:00:30+00:00,,,,,,,,0.6280645161290322,0.62,,0.0,0,False
2026-03-19 04:01:00+00:00,,,,,,,,0.6280645161290322,0.62,,0.0,0,False
2026-03-19 04:01:30+00:00,,,,,,,,0.63,0.63,,73.0,2,False
2026-03-19 04:02:00+00:00,,,,,,,,0.63,0.63,,77.0,1,False
2026-03-19 04:02:30+00:00,,,,,,,,0.63,0.63,,0.0,0,False
2026-03-19 04:03:00+00:00,,,,,,,,0.63,0.63,,15.0,1,False
2026-03-19 04:03:30+00:00,,,,,,,,0.62,0.62,,1465.0,1,False
2026-03-19 04:04:00+00:00,,,,,,,,0.62,0.62,,50.0,1,False
2026-03-19 04:04:30+00:00,,,,,,,,0.6276555023923446,0.63,,209.0,4,False
2026-03-19 04:05:00+00:00,,,,,,,,0.62,0.62,,149.0,1,False
2026-03-19 04:05:30+00:00,,,,,,,,0.6299961270333075,0.63,,7746.0,3,False
2026-03-19 04:06:00+00:00,,,,,,,,0.6283443708609272,0.63,,151.0,4,False
2026-03-19 04:06:30+00:00,,,,,,,,0.6283443708609272,0.63,,0.0,0,False
2026-03-19 04:07:00+00:00,,,,,,,,0.62375,0.62,,40.0,2,False
2026-03-19 04:07:30+00:00,,,,,,,,0.62,0.62,,9.0,1,False
2026-03-19 04:08:00+00:00,,,,,,,,0.63,0.63,,30.0,1,False
2026-03-19 04:08:30+00:00,,,,,,,,0.62,0.62,,500.0,1,False
2026-03-19 04:09:00+00:00,,,,,,,,0.63,0.63,,42.0,2,False
2026-03-19 04:09:30+00:00,,,,,,,,0.6295829031591987,0.63,,4843.0,3,False
2026-03-19 04:10:00+00:00,,,,,,,,0.62,0.62,,25.0,1,False
2026-03-19 04:10:30+00:00,,,,,,,,0.6277777777777778,0.63,,9.0,2,False
2026-03-19 04:11:00+00:00,,,,,,,,0.6277777777777778,0.63,,0.0,0,False
2026-03-19 04:11:30+00:00,,,,,,,,0.63,0.63,,316.0,2,False
2026-03-19 04:12:00+00:00,,,,,,,,0.62,0.62,,262.0,2,False
2026-03-19 04:12:30+00:00,,,,,,,,0.62,0.62,,0.0,0,False
2026-03-19 04:13:00+00:00,,,,,,,,0.62,0.62,,50.0,1,False
2026-03-19 04:13:30+00:00,,,,,,,,0.62,0.62,,375.0,1,False
2026-03-19 04:14:00+00:00,,,,,,,,0.62,0.62,,0.0,0,False
2026-03-19 04:14:30+00:00,,,,,,,,0.6230065359477125,0.63,,153.0,3,False
2026-03-19 04:15:00+00:00,,,,,,,,0.63,0.63,,183.0,2,False
2026-03-19 04:15:30+00:00,,,,,,,,0.62,0.62,,100.0,1,False
2026-03-19 04:16:00+00:00,,,,,,,,0.6288898756660746,0.62,,1126.0,3,False
2026-03-19 04:16:30+00:00,,,,,,,,0.6288898756660746,0.62,,0.0,0,False
2026-03-19 04:17:00+00:00,,,,,,,,0.62,0.62,,625.0,1,False
2026-03-19 04:17:30+00:00,,,,,,,,0.62,0.62,,5117.0,4,False
2026-03-19 04:18:00+00:00,,,,,,,,0.62,0.62,,0.0,0,False
2026-03-19 04:18:30+00:00,,,,,,,,0.6130150753768845,0.63,,199.0,3,False
2026-03-19 04:19:00+00:00,,,,,,,,0.61,0.61,,7070.0,2,False
2026-03-19 04:19:30+00:00,,,,,,,,0.61,0.61,,9.0,1,False
2026-03-19 04:20:00+00:00,,,,,,,,0.61,0.61,,0.0,0,False
2026-03-19 04:20:30+00:00,,,,,,,,0.63,0.63,,60.0,1,False
2026-03-19 04:21:00+00:00,,,,,,,,0.61,0.61,,34.0,1,False
2026-03-19 04:21:30+00:00,,,,,,,,0.61,0.61,,50.0,2,False
2026-03-19 04:22:00+00:00,,,,,,,,0.61,0.61,,295.0,1,False
2026-03-19 04:22:30+00:00,,,,,,,,0.61,0.61,,2.0,1,False
2026-03-19 04:23:00+00:00,,,,,,,,0.63,0.63,,15.0,1,False
2026-03-19 04:23:30+00:00,,,,,,,,0.6100980392156863,0.61,,612.0,2,False
2026-03-19 04:24:00+00:00,,,,,,,,0.621304347826087,0.61,,115.0,3,False
2026-03-19 04:24:30+00:00,,,,,,,,0.621304347826087,0.61,,0.0,0,False
2026-03-19 04:25:00+00:00,,,,,,,,0.63,0.63,,3.0,1,False
2026-03-19 04:25:30+00:00,,,,,,,,0.61,0.61,,739.0,2,False
2026-03-19 04:26:00+00:00,,,,,,,,0.63,0.63,,372.0,3,False
2026-03-19 04:26:30+00:00,,,,,,,,0.61,0.61,,38.0,1,False
2026-03-19 04:27:00+00:00,,,,,,,,0.63,0.63,,115.0,1,False
2026-03-19 04:27:30+00:00,,,,,,,,0.63,0.63,,0.0,0,False
2026-03-19 04:28:00+00:00,,,,,,,,0.6300000000000001,0.63,,77.0,2,False
2026-03-19 04:28:30+00:00,,,,,,,,0.6300000000000001,0.63,,0.0,0,False
2026-03-19 04:29:00+00:00,,,,,,,,0.6300000000000001,0.63,,0.0,0,False
2026-03-19 04:29:30+00:00,,,,,,,,0.61,0.61,,24.0,1,False
2026-03-19 04:30:00+00:00,,,,,,,,0.63,0.63,,98.0,1,False
2026-03-19 04:30:30+00:00,,,,,,,,0.61,0.61,,12.0,1,False
2026-03-19 04:31:00+00:00,,,,,,,,0.61,0.61,,500.0,1,False
2026-03-19 04:31:30+00:00,,,,,,,,0.6261497326203209,0.61,,187.0,2,False
2026-03-19 04:32:00+00:00,,,,,,,,0.61,0.61,,12.0,1,False
2026-03-19 04:32:30+00:00,,,,,,,,0.6139473684210526,0.63,,76.0,3,False
2026-03-19 04:33:00+00:00,,,,,,,,0.63,0.63,,236.0,1,False
2026-03-19 04:33:30+00:00,,,,,,,,0.622,0.61,,25.0,3,False
2026-03-19 04:34:00+00:00,,,,,,,,0.622,0.61,,0.0,0,False
2026-03-19 04:34:30+00:00,,,,,,,,0.63,0.63,,248.0,2,False
2026-03-19 04:35:00+00:00,,,,,,,,0.614,0.63,,5.0,2,False
2026-03-19 04:35:30+00:00,,,,,,,,0.63,0.63,,68.0,1,False
2026-03-19 04:36:00+00:00,,,,,,,,0.63,0.63,,20000.0,1,False
2026-03-19 04:36:30+00:00,,,,,,,,0.61,0.61,,7.0,1,False
2026-03-19 04:37:00+00:00,,,,,,,,0.61,0.61,,27.0,2,False
2026-03-19 04:37:30+00:00,,,,,,,,0.6117391304347827,0.61,,345.0,5,False
2026-03-19 04:38:00+00:00,,,,,,,,0.61,0.61,,4.0,1,False
2026-03-19 04:38:30+00:00,,,,,,,,0.61,0.61,,0.0,0,False
2026-03-19 04:39:00+00:00,,,,,,,,0.627,0.63,,10.0,2,False
2026-03-19 04:39:30+00:00,,,,,,,,0.612396694214876,0.61,,121.0,2,False
2026-03-19 04:40:00+00:00,,,,,,,,0.612396694214876,0.61,,0.0,0,False
2026-03-19 04:40:30+00:00,,,,,,,,0.612396694214876,0.61,,0.0,0,False
2026-03-19 04:41:00+00:00,,,,,,,,0.61,0.61,,7.0,1,False
2026-03-19 04:41:30+00:00,,,,,,,,0.63,0.63,,13.0,2,False
2026-03-19 04:42:00+00:00,,,,,,,,0.6206666666666667,0.63,,45.0,2,False
2026-03-19 04:42:30+00:00,,,,,,,,0.6100000000000001,0.61,,34.0,2,False
2026-03-19 04:43:00+00:00,,,,,,,,0.63,0.63,,7.0,1,False
2026-03-19 04:43:30+00:00,,,,,,,,0.63,0.63,,0.0,0,False
2026-03-19 04:44:00+00:00,,,,,,,,0.63,0.63,,7.0,1,False
2026-03-19 04:44:30+00:00,,,,,,,,0.61,0.61,,47.0,1,False
2026-03-19 04:45:00+00:00,,,,,,,,0.63,0.63,,22.0,2,False
2026-03-19 04:45:30+00:00,,,,,,,,0.63,0.63,,23042.0,6,False
2026-03-19 04:46:00+00:00,,,,,,,,0.6220000000000001,0.63,,5.0,2,False
2026-03-19 04:46:30+00:00,,,,,,,,0.6298684210526315,0.62,,152.0,3,False
2026-03-19 04:47:00+00:00,,,,,,,,0.6294405594405593,0.62,,143.0,2,False
2026-03-19 04:47:30+00:00,,,,,,,,0.63,0.63,,90.0,1,False
2026-03-19 04:48:00+00:00,,,,,,,,0.63,0.63,,0.0,0,False
2026-03-19 04:48:30+00:00,,,,,,,,0.63,0.63,,0.0,0,False
2026-03-19 04:49:00+00:00,,,,,,,,0.6298214285714285,0.63,,56.0,2,False
2026-03-19 04:49:30+00:00,,,,,,,,0.62,0.62,,17.0,1,False
2026-03-19 04:50:00+00:00,,,,,,,,0.635798319327731,0.64,,119.0,2,False
2026-03-19 04:50:30+00:00,,,,,,,,0.64,0.64,,113.0,1,False
2026-03-19 04:51:00+00:00,,,,,,,,0.6300747198007471,0.63,,1606.0,5,False
2026-03-19 04:51:30+00:00,,,,,,,,0.6300747198007471,0.63,,0.0,0,False
2026-03-19 04:52:00+00:00,,,,,,,,0.63,0.63,,46.0,1,False
2026-03-19 04:52:30+00:00,,,,,,,,0.63,0.63,,5.0,1,False
2026-03-19 04:53:00+00:00,,,,,,,,0.63,0.63,,0.0,0,False
2026-03-19 04:53:30+00:00,,,,,,,,0.64,0.64,,318.0,2,False
2026-03-19 04:54:00+00:00,,,,,,,,0.64,0.64,,75.0,2,False
2026-03-19 04:54:30+00:00,,,,,,,,0.6301595744680851,0.63,,188.0,4,False
2026-03-19 04:55:00+00:00,,,,,,,,0.63,0.63,,69.0,2,False
2026-03-19 04:55:30+00:00,,,,,,,,0.64,0.64,,31.0,1,False
2026-03-19 04:56:00+00:00,,,,,,,,0.64,0.64,,0.0,0,False
2026-03-19 04:56:30+00:00,,,,,,,,0.6399999999999999,0.64,,25355.0,6,False
2026-03-19 04:57:00+00:00,,,,,,,,0.64,0.64,,187.0,2,False
2026-03-19 04:57:30+00:00,,,,,,,,0.64,0.64,,1066.0,1,False
2026-03-19 04:58:00+00:00,,,,,,,,0.64,0.64,,15.0,1,False
2026-03-19 04:58:30+00:00,,,,,,,,0.63,0.63,,112.0,2,False
2026-03-19 04:59:00+00:00,,,,,,,,0.63,0.63,,250.0,1,False
2026-03-19 04:59:30+00:00,,,,,,,,0.6388372093023256,0.64,,43.0,2,False
2026-03-19 05:00:00+00:00,,,,,,,,0.64,0.64,,16.0,1,False
2026-03-19 05:00:30+00:00,,,,,,,,0.64,0.64,,319.0,2,False
2026-03-19 05:01:00+00:00,,,,,,,,0.6372164948453608,0.63,,97.0,5,False
2026-03-19 05:01:30+00:00,,,,,,,,0.64,0.64,,217.0,2,False
2026-03-19 05:02:00+00:00,,,,,,,,0.64,0.64,,52.0,2,False
2026-03-19 05:02:30+00:00,,,,,,,,0.63,0.63,,540.0,3,False
2026-03-19 05:03:00+00:00,,,,,,,,0.6402222222222222,0.64,,180.0,4,False
2026-03-19 05:03:30+00:00,,,,,,,,0.65,0.65,,746.0,1,False
2026-03-19 05:04:00+00:00,,,,,,,,0.63,0.63,,5.0,1,False
2026-03-19 05:04:30+00:00,,,,,,,,0.63,0.63,,64.0,1,False
2026-03-19 05:05:00+00:00,,,,,,,,0.63,0.63,,139.0,2,False
2026-03-19 05:05:30+00:00,,,,,,,,0.633529921942758,0.64,,1153.0,3,False
2026-03-19 05:06:00+00:00,,,,,,,,0.63,0.63,,128.0,1,False
2026-03-19 05:06:30+00:00,,,,,,,,0.63,0.63,,0.0,0,False
2026-03-19 05:07:00+00:00,,,,,,,,0.64,0.64,,124.0,1,False
2026-03-19 05:07:30+00:00,,,,,,,,0.64,0.64,,0.0,0,False
2026-03-19 05:08:00+00:00,,,,,,,,0.64,0.64,,0.0,0,False
2026-03-19 05:08:30+00:00,,,,,,,,0.64,0.64,,0.0,0,False
2026-03-19 05:09:00+00:00,,,,,,,,0.6402209944751381,0.65,,181.0,3,False
2026-03-19 05:09:30+00:00,,,,,,,,0.6402209944751381,0.65,,0.0,0,False
2026-03-19 05:10:00+00:00,,,,,,,,0.64,0.64,,1515.0,2,False
2026-03-19 05:10:30+00:00,,,,,,,,0.6321951219512195,0.64,,82.0,3,False
2026-03-19 05:11:00+00:00,,,,,,,,0.63,0.63,,20.0,1,False
2026-03-19 05:11:30+00:00,,,,,,,,0.63,0.63,,0.0,0,False
2026-03-19 05:12:00+00:00,,,,,,,,0.64,0.64,,60.0,2,False
2026-03-19 05:12:30+00:00,,,,,,,,0.6312377850162866,0.63,,307.0,3,False
2026-03-19 05:13:00+00:00,,,,,,,,0.6312377850162866,0.63,,0.0,0,False
2026-03-19 05:13:30+00:00,,,,,,,,0.63,0.63,,12.0,1,False
2026-03-19 05:14:00+00:00,,,,,,,,0.6303846153846154,0.63,,26.0,2,False
2026-03-19 05:14:30+00:00,,,,,,,,0.64,0.64,,7.0,2,False
2026-03-19 05:15:00+00:00,,,,,,,,0.64,0.64,,8.0,2,False
2026-03-19 05:15:30+00:00,,,,,,,,0.64,0.64,,0.0,0,False
2026-03-19 05:16:00+00:00,,,,,,,,0.63,0.63,,5.0,1,False
2026-03-19 05:16:30+00:00,,,,,,,,0.63,0.63,,2.0,1,False
2026-03-19 05:17:00+00:00,,,,,,,,0.63,0.63,,0.0,0,False
2026-03-19 05:17:30+00:00,,,,,,,,0.6399999999999999,0.64,,410.0,3,False
2026-03-19 05:18:00+00:00,,,,,,,,0.64,0.64,,46.0,1,False
2026-03-19 05:18:30+00:00,,,,,,,,0.65,0.65,,31.0,1,False
2026-03-19 05:19:00+00:00,,,,,,,,0.65,0.65,,7.0,1,False
2026-03-19 05:19:30+00:00,,,,,,,,0.65,0.65,,0.0,0,False
2026-03-19 05:20:00+00:00,,,,,,,,0.65,0.65,,15.0,1,False
2026-03-19 05:20:30+00:00,,,,,,,,0.65,0.65,,2.0,1,False
2026-03-19 05:21:00+00:00,,,,,,,,0.6344776119402985,0.65,,67.0,2,False
2026-03-19 05:21:30+00:00,,,,,,,,0.6471428571428571,0.65,,35.0,3,False
2026-03-19 05:22:00+00:00,,,,,,,,0.65,0.65,,30.0,1,False
2026-03-19 05:22:30+00:00,,,,,,,,0.6441463414634148,0.65,,41.0,2,False
2026-03-19 05:23:00+00:00,,,,,,,,0.63,0.63,,12.0,1,False
2026-03-19 05:23:30+00:00,,,,,,,,0.65,0.65,,158.0,2,False
2026-03-19 05:24:00+00:00,,,,,,,,0.65,0.65,,0.0,0,False
2026-03-19 05:24:30+00:00,,,,,,,,0.65,0.65,,15.0,1,False
2026-03-19 05:25:00+00:00,,,,,,,,0.65,0.65,,0.0,0,False
2026-03-19 05:25:30+00:00,,,,,,,,0.63,0.63,,153.0,3,False
2026-03-19 05:26:00+00:00,,,,,,,,0.63,0.63,,0.0,0,False
2026-03-19 05:26:30+00:00,,,,,,,,0.63,0.63,,12.0,1,False
2026-03-19 05:27:00+00:00,,,,,,,,0.6462962962962963,0.65,,27.0,2,False
2026-03-19 05:27:30+00:00,,,,,,,,0.63,0.63,,259.0,2,False
2026-03-19 05:28:00+00:00,,,,,,,,0.6490322580645161,0.63,,62.0,2,False
2026-03-19 05:28:30+00:00,,,,,,,,0.6434375,0.64,,64.0,3,False
2026-03-19 05:29:00+00:00,,,,,,,,0.6434375,0.64,,0.0,0,False
2026-03-19 05:29:30+00:00,,,,,,,,0.63,0.63,,24.0,3,False
2026-03-19 05:30:00+00:00,,,,,,,,0.63,0.63,,0.0,0,False
2026-03-19 05:30:30+00:00,,,,,,,,0.65,0.65,,5.0,1,False
2026-03-19 05:31:00+00:00,,,,,,,,0.65,0.65,,7.0,1,False
2026-03-19 05:31:30+00:00,,,,,,,,0.63,0.63,,5.0,1,False
2026-03-19 05:32:00+00:00,,,,,,,,0.6498191681735985,0.63,,1659.0,3,False
2026-03-19 05:32:30+00:00,,,,,,,,0.65,0.65,,73.0,1,False
2026-03-19 05:33:00+00:00,,,,,,,,0.65,0.65,,0.0,0,False
2026-03-19 05:33:30+00:00,,,,,,,,0.65,0.65,,0.0,0,False
2026-03-19 05:34:00+00:00,,,,,,,,0.63,0.63,,200.0,1,False
2026-03-19 05:34:30+00:00,,,,,,,,0.6466666666666667,0.63,,72.0,2,False
2026-03-19 05:35:00+00:00,,,,,,,,0.65,0.65,,37.0,1,False
2026-03-19 05:35:30+00:00,,,,,,,,0.63,0.63,,128.0,1,False
2026-03-19 05:36:00+00:00,,,,,,,,0.631909090909091,0.65,,220.0,3,False
2026-03-19 05:36:30+00:00,,,,,,,,0.631909090909091,0.65,,0.0,0,False
2026-03-19 05:37:00+00:00,,,,,,,,0.6350467289719626,0.65,,535.0,3,False
2026-03-19 05:37:30+00:00,,,,,,,,0.65,0.65,,10.0,2,False
2026-03-19 05:38:00+00:00,,,,,,,,0.63,0.63,,104.0,3,False
2026-03-19 05:38:30+00:00,,,,,,,,0.6353571428571428,0.63,,112.0,3,False
2026-03-19 05:39:00+00:00,,,,,,,,0.63,0.63,,51.0,1,False
2026-03-19 05:39:30+00:00,,,,,,,,0.63375,0.64,,8.0,2,False
2026-03-19 05:40:00+00:00,,,,,,,,0.63375,0.64,,0.0,0,False
2026-03-19 05:40:30+00:00,,,,,,,,0.6453191489361702,0.65,,141.0,4,False
2026-03-19 05:41:00+00:00,,,,,,,,0.64,0.64,,50.0,1,False
2026-03-19 05:41:30+00:00,,,,,,,,0.6419230769230769,0.65,,390.0,2,False
2026-03-19 05:42:00+00:00,,,,,,,,0.6423333333333333,0.65,,30.0,2,False
2026-03-19 05:42:30+00:00,,,,,,,,0.6470454545454545,0.65,,44.0,3,False
2026-03-19 05:43:00+00:00,,,,,,,,0.65,0.65,,21.0,2,False
2026-03-19 05:43:30+00:00,,,,,,,,0.65,0.65,,22.0,1,False
2026-03-19 05:44:00+00:00,,,,,,,,0.64,0.64,,43.0,3,False
2026-03-19 05:44:30+00:00,,,,,,,,0.65,0.65,,2.0,1,False
2026-03-19 05:45:00+00:00,,,,,,,,0.6437,0.64,,100.0,4,False
2026-03-19 05:45:30+00:00,,,,,,,,0.64,0.64,,10.0,1,False
2026-03-19 05:46:00+00:00,,,,,,,,0.64,0.64,,0.0,0,False
2026-03-19 05:46:30+00:00,,,,,,,,0.64,0.64,,789.0,1,False
2026-03-19 05:47:00+00:00,,,,,,,,0.640421686746988,0.64,,166.0,2,False
2026-03-19 05:47:30+00:00,,,,,,,,0.640421686746988,0.64,,0.0,0,False
2026-03-19 05:48:00+00:00,,,,,,,,0.640421686746988,0.64,,0.0,0,False
2026-03-19 05:48:30+00:00,,,,,,,,0.64,0.64,,26.0,1,False
2026-03-19 05:49:00+00:00,,,,,,,,0.64,0.64,,0.0,0,False
2026-03-19 05:49:30+00:00,,,,,,,,0.64,0.64,,0.0,0,False
2026-03-19 05:50:00+00:00,,,,,,,,0.64,0.64,,0.0,0,False
2026-03-19 05:50:30+00:00,,,,,,,,0.65,0.65,,150.0,1,False
2026-03-19 05:51:00+00:00,,,,,,,,0.65,0.65,,0.0,0,False
2026-03-19 05:51:30+00:00,,,,,,,,0.65,0.65,,0.0,0,False
2026-03-19 05:52:00+00:00,,,,,,,,0.64,0.64,,434.0,1,False
2026-03-19 05:52:30+00:00,,,,,,,,0.64,0.64,,0.0,0,False
2026-03-19 05:53:00+00:00,,,,,,,,0.641875,0.64,,16.0,2,False
2026-03-19 05:53:30+00:00,,,,,,,,0.6500000000000001,0.65,,13.0,1,False
2026-03-19 05:54:00+00:00,,,,,,,,0.6500000000000001,0.65,,0.0,0,False
2026-03-19 05:54:30+00:00,,,,,,,,0.63,0.63,,25.0,1,False
2026-03-19 05:55:00+00:00,,,,,,,,0.6489346733668342,0.65,,995.0,4,False
2026-03-19 05:55:30+00:00,,,,,,,,0.6489346733668342,0.65,,0.0,0,False
2026-03-19 05:56:00+00:00,,,,,,,,0.63,0.63,,1302.0,2,False
2026-03-19 05:56:30+00:00,,,,,,,,0.63,0.63,,0.0,0,False
2026-03-19 05:57:00+00:00,,,,,,,,0.63,0.63,,14.0,1,False
2026-03-19 05:57:30+00:00,,,,,,,,0.649056603773585,0.65,,106.0,2,False
2026-03-19 05:58:00+00:00,,,,,,,,0.65,0.65,,30.0,1,False
2026-03-19 05:58:30+00:00,,,,,,,,0.65,0.65,,0.0,0,False
2026-03-19 05:59:00+00:00,,,,,,,,0.65,0.65,,0.0,0,False
2026-03-19 05:59:30+00:00,,,,,,,,0.65,0.65,,0.0,0,False
2026-03-19 06:00:00+00:00,,,,,,,,0.63,0.63,,25.0,1,False
2026-03-19 06:00:30+00:00,,,,,,,,0.63,0.63,,0.0,0,False
2026-03-19 06:01:00+00:00,,,,,,,,0.6299999999999999,0.63,,68.0,2,False
2026-03-19 06:01:30+00:00,,,,,,,,0.6299999999999999,0.63,,0.0,0,False
2026-03-19 06:02:00+00:00,,,,,,,,0.63,0.63,,2.0,1,False
2026-03-19 06:02:30+00:00,,,,,,,,0.65,0.65,,7.0,1,False
2026-03-19 06:03:00+00:00,,,,,,,,0.63,0.63,,14.0,1,False
2026-03-19 06:03:30+00:00,,,,,,,,0.63,0.63,,14.0,2,False
2026-03-19 06:04:00+00:00,,,,,,,,0.6412533333333333,0.63,,375.0,3,False
2026-03-19 06:04:30+00:00,,,,,,,,0.6354545454545455,0.63,,11.0,3,False
2026-03-19 06:05:00+00:00,,,,,,,,0.6337974683544304,0.63,,158.0,2,False
2026-03-19 06:05:30+00:00,,,,,,,,0.65,0.65,,15.0,1,False
2026-03-19 06:06:00+00:00,,,,,,,,0.65,0.65,,0.0,0,False
2026-03-19 06:06:30+00:00,,,,,,,,0.6388832487309645,0.63,,1970.0,2,False
2026-03-19 06:07:00+00:00,,,,,,,,0.65,0.65,,29.0,1,False
2026-03-19 06:07:30+00:00,,,,,,,,0.6484,0.63,,250.0,4,False
2026-03-19 06:08:00+00:00,,,,,,,,0.63,0.63,,105.0,2,False
2026-03-19 06:08:30+00:00,,,,,,,,0.6494117647058824,0.63,,34.0,3,False
2026-03-19 06:09:00+00:00,,,,,,,,0.6366666666666667,0.63,,192.0,4,False
2026-03-19 06:09:30+00:00,,,,,,,,0.6366666666666667,0.63,,0.0,0,False
2026-03-19 06:10:00+00:00,,,,,,,,0.63,0.63,,13.0,1,False
2026-03-19 06:10:30+00:00,,,,,,,,0.63,0.63,,0.0,0,False
2026-03-19 06:11:00+00:00,,,,,,,,0.65,0.65,,40.0,1,False
2026-03-19 06:11:30+00:00,,,,,,,,0.6499999999999999,0.65,,26.0,2,False
2026-03-19 06:12:00+00:00,,,,,,,,0.6433333333333334,0.65,,36.0,2,False
2026-03-19 06:12:30+00:00,,,,,,,,0.6409463722397477,0.64,,317.0,2,False
2026-03-19 06:13:00+00:00,,,,,,,,0.63,0.63,,3.0,2,False
2026-03-19 06:13:30+00:00,,,,,,,,0.63,0.63,,0.0,0,False
2026-03-19 06:14:00+00:00,,,,,,,,0.65,0.65,,29.0,1,False
2026-03-19 06:14:30+00:00,,,,,,,,0.65,0.65,,0.0,0,False
2026-03-19 06:15:00+00:00,,,,,,,,0.6443478260869565,0.65,,23.0,2,False
2026-03-19 06:15:30+00:00,,,,,,,,0.64,0.64,,2.0,2,False
2026-03-19 06:16:00+00:00,,,,,,,,0.65,0.65,,7519.0,8,False
2026-03-19 06:16:30+00:00,,,,,,,,0.63,0.63,,3.0,1,False
2026-03-19 06:17:00+00:00,,,,,,,,0.63,0.63,,25.0,1,False
2026-03-19 06:17:30+00:00,,,,,,,,0.6361111111111111,0.65,,36.0,3,False
2026-03-19 06:18:00+00:00,,,,,,,,0.6361111111111111,0.65,,0.0,0,False
2026-03-19 06:18:30+00:00,,,,,,,,0.63,0.63,,128.0,1,False
2026-03-19 06:19:00+00:00,,,,,,,,0.6411111111111112,0.63,,27.0,3,False
2026-03-19 06:19:30+00:00,,,,,,,,0.63,0.63,,12.0,1,False
2026-03-19 06:20:00+00:00,,,,,,,,0.65,0.65,,5.0,1,False
2026-03-19 06:20:30+00:00,,,,,,,,0.6388235294117647,0.63,,17.0,2,False
2026-03-19 06:21:00+00:00,,,,,,,,0.65,0.65,,15.0,1,False
2026-03-19 06:21:30+00:00,,,,,,,,0.63,0.63,,769.0,1,False
2026-03-19 06:22:00+00:00,,,,,,,,0.63,0.63,,0.0,0,False
2026-03-19 06:22:30+00:00,,,,,,,,0.64,0.64,,13.0,1,False
2026-03-19 06:23:00+00:00,,,,,,,,0.64,0.64,,0.0,0,False
2026-03-19 06:23:30+00:00,,,,,,,,0.6347619047619049,0.65,,84.0,3,False
2026-03-19 06:24:00+00:00,,,,,,,,0.6325935596170583,0.63,,1149.0,3,False
2026-03-19 06:24:30+00:00,,,,,,,,0.6325935596170583,0.63,,0.0,0,False
2026-03-19 06:25:00+00:00,,,,,,,,0.65,0.65,,333.0,1,False
2026-03-19 06:25:30+00:00,,,,,,,,0.643,0.65,,20.0,2,False
2026-03-19 06:26:00+00:00,,,,,,,,0.643,0.65,,0.0,0,False
2026-03-19 06:26:30+00:00,,,,,,,,0.63,0.63,,26.0,1,False
2026-03-19 06:27:00+00:00,,,,,,,,0.63,0.63,,0.0,0,False
2026-03-19 06:27:30+00:00,,,,,,,,0.63,0.63,,0.0,0,False
2026-03-19 06:28:00+00:00,,,,,,,,0.63,0.63,,650.0,2,False
2026-03-19 06:28:30+00:00,,,,,,,,0.63,0.63,,0.0,0,False
2026-03-19 06:29:00+00:00,,,,,,,,0.63,0.63,,0.0,0,False
2026-03-19 06:29:30+00:00,,,,,,,,0.63,0.63,,0.0,0,False
2026-03-19 06:30:00+00:00,,,,,,,,0.65,0.65,,4.0,1,False
2026-03-19 06:30:30+00:00,,,,,,,,0.65,0.65,,74.0,1,False
2026-03-19 06:31:00+00:00,,,,,,,,0.63,0.63,,15.0,1,False
2026-03-19 06:31:30+00:00,,,,,,,,0.6458333333333334,0.65,,12.0,2,False
2026-03-19 06:32:00+00:00,,,,,,,,0.6458333333333334,0.65,,0.0,0,False
2026-03-19 06:32:30+00:00,,,,,,,,0.6314364640883978,0.64,,181.0,2,False
2026-03-19 06:33:00+00:00,,,,,,,,0.6366666666666667,0.63,,30.0,2,False
2026-03-19 06:33:30+00:00,,,,,,,,0.65,0.65,,540.0,1,False
2026-03-19 06:34:00+00:00,,,,,,,,0.6380239520958084,0.65,,167.0,4,False
2026-03-19 06:34:30+00:00,,,,,,,,0.63,0.63,,12.0,1,False
2026-03-19 06:35:00+00:00,,,,,,,,0.64,0.64,,65.0,1,False
2026-03-19 06:35:30+00:00,,,,,,,,0.64,0.64,,0.0,0,False
2026-03-19 06:36:00+00:00,,,,,,,,0.64,0.64,,0.0,0,False
2026-03-19 06:36:30+00:00,,,,,,,,0.6499999999999999,0.65,,18.0,2,False
2026-03-19 06:37:00+00:00,,,,,,,,0.6499999999999999,0.65,,0.0,0,False
2026-03-19 06:37:30+00:00,,,,,,,,0.6499999999999999,0.65,,0.0,0,False
2026-03-19 06:38:00+00:00,,,,,,,,0.65,0.65,,470.0,1,False
2026-03-19 06:38:30+00:00,,,,,,,,0.65,0.65,,0.0,0,False
2026-03-19 06:39:00+00:00,,,,,,,,0.63,0.63,,64.0,1,False
2026-03-19 06:39:30+00:00,,,,,,,,0.65,0.65,,75.0,1,False
2026-03-19 06:40:00+00:00,,,,,,,,0.64,0.63,,204.0,2,False
2026-03-19 06:40:30+00:00,,,,,,,,0.64,0.63,,0.0,0,False
2026-03-19 06:41:00+00:00,,,,,,,,0.65,0.65,,75.0,1,False
2026-03-19 06:41:30+00:00,,,,,,,,0.64,0.64,,22.0,1,False
2026-03-19 06:42:00+00:00,,,,,,,,0.65,0.65,,15.0,1,False
2026-03-19 06:42:30+00:00,,,,,,,,0.65,0.65,,31.0,3,False
2026-03-19 06:43:00+00:00,,,,,,,,0.65,0.65,,0.0,0,False
2026-03-19 06:43:30+00:00,,,,,,,,0.6451020408163265,0.65,,49.0,2,False
2026-03-19 06:44:00+00:00,,,,,,,,0.63,0.63,,12.0,1,False
2026-03-19 06:44:30+00:00,,,,,,,,0.65,0.65,,7.0,1,False
2026-03-19 06:45:00+00:00,,,,,,,,0.65,0.65,,0.0,0,False
2026-03-19 06:45:30+00:00,,,,,,,,0.65,0.65,,0.0,0,False
2026-03-19 06:46:00+00:00,,,,,,,,0.649225806451613,0.63,,310.0,2,False
2026-03-19 06:46:30+00:00,,,,,,,,0.6486638830897704,0.63,,479.0,3,False
2026-03-19 06:47:00+00:00,,,,,,,,0.63,0.63,,410.0,1,False
2026-03-19 06:47:30+00:00,,,,,,,,0.65,0.65,,3003.0,5,False
2026-03-19 06:48:00+00:00,,,,,,,,0.65,0.65,,7.0,1,False
2026-03-19 06:48:30+00:00,,,,,,,,0.6301785714285716,0.63,,112.0,2,False
2026-03-19 06:49:00+00:00,,,,,,,,0.6301785714285716,0.63,,0.0,0,False
2026-03-19 06:49:30+00:00,,,,,,,,0.6301785714285716,0.63,,0.0,0,False
2026-03-19 06:50:00+00:00,,,,,,,,0.6447368421052632,0.63,,95.0,3,False
2026-03-19 06:50:30+00:00,,,,,,,,0.6447368421052632,0.63,,0.0,0,False
2026-03-19 06:51:00+00:00,,,,,,,,0.6447368421052632,0.63,,0.0,0,False
2026-03-19 06:51:30+00:00,,,,,,,,0.6447368421052632,0.63,,0.0,0,False
2026-03-19 06:52:00+00:00,,,,,,,,0.6447368421052632,0.63,,0.0,0,False
2026-03-19 06:52:30+00:00,,,,,,,,0.65,0.65,,9.0,1,False
2026-03-19 06:53:00+00:00,,,,,,,,0.65,0.65,,14.0,1,False
2026-03-19 06:53:30+00:00,,,,,,,,0.65,0.65,,0.0,0,False
2026-03-19 06:54:00+00:00,,,,,,,,0.65,0.65,,0.0,0,False
2026-03-19 06:54:30+00:00,,,,,,,,0.65,0.65,,0.0,0,False
2026-03-19 06:55:00+00:00,,,,,,,,0.65,0.65,,0.0,0,False
2026-03-19 06:55:30+00:00,,,,,,,,0.636,0.65,,40.0,2,False
2026-03-19 06:56:00+00:00,,,,,,,,0.636,0.65,,0.0,0,False
2026-03-19 06:56:30+00:00,,,,,,,,0.63,0.63,,10.0,1,False
2026-03-19 06:57:00+00:00,,,,,,,,0.63,0.63,,152.0,2,False
2026-03-19 06:57:30+00:00,,,,,,,,0.64,0.64,,13.0,1,False
2026-03-19 06:58:00+00:00,,,,,,,,0.63,0.63,,2564.0,1,False
2026-03-19 06:58:30+00:00,,,,,,,,0.63,0.63,,0.0,0,False
2026-03-19 06:59:00+00:00,,,,,,,,0.645,0.63,,20.0,2,False
2026-03-19 06:59:30+00:00,,,,,,,,0.645,0.63,,0.0,0,False
2026-03-19 07:00:00+00:00,,,,,,,,0.645,0.63,,0.0,0,False
2026-03-19 07:00:30+00:00,,,,,,,,0.645,0.63,,0.0,0,False
2026-03-19 07:01:00+00:00,,,,,,,,0.645,0.63,,0.0,0,False
2026-03-19 07:01:30+00:00,,,,,,,,0.645,0.63,,0.0,0,False
2026-03-19 07:02:00+00:00,,,,,,,,0.645,0.63,,0.0,0,False
2026-03-19 07:02:30+00:00,,,,,,,,0.645,0.63,,0.0,0,False
2026-03-19 07:03:00+00:00,,,,,,,,0.645,0.63,,0.0,0,False
2026-03-19 07:03:30+00:00,,,,,,,,0.645,0.63,,0.0,0,False
2026-03-19 07:04:00+00:00,,,,,,,,0.645,0.63,,0.0,0,False
2026-03-19 07:04:30+00:00,,,,,,,,0.645,0.63,,0.0,0,False
2026-03-19 07:05:00+00:00,,,,,,,,0.645,0.63,,0.0,0,False
2026-03-19 07:05:30+00:00,,,,,,,,0.645,0.63,,0.0,0,False
2026-03-19 07:06:00+00:00,,,,,,,,0.645,0.63,,0.0,0,False
2026-03-19 07:06:30+00:00,,,,,,,,0.645,0.63,,0.0,0,False
2026-03-19 07:07:00+00:00,,,,,,,,0.645,0.63,,0.0,0,False
2026-03-19 07:07:30+00:00,,,,,,,,0.645,0.63,,0.0,0,False
2026-03-19 07:08:00+00:00,,,,,,,,0.645,0.63,,0.0,0,False
2026-03-19 07:08:30+00:00,,,,,,,,0.645,0.63,,0.0,0,False
2026-03-19 07:09:00+00:00,,,,,,,,0.645,0.63,,0.0,0,False
2026-03-19 07:09:30+00:00,,,,,,,,0.645,0.63,,0.0,0,False
2026-03-19 07:10:00+00:00,,,,,,,,0.645,0.63,,0.0,0,False
2026-03-19 07:10:30+00:00,,,,,,,,0.645,0.63,,0.0,0,False
2026-03-19 07:11:00+00:00,,,,,,,,0.645,0.63,,0.0,0,False
2026-03-19 07:11:30+00:00,,,,,,,,0.645,0.63,,0.0,0,False
2026-03-19 07:12:00+00:00,,,,,,,,0.645,0.63,,0.0,0,False
2026-03-19 07:12:30+00:00,,,,,,,,0.645,0.63,,0.0,0,False
2026-03-19 07:13:00+00:00,,,,,,,,0.645,0.63,,0.0,0,False
2026-03-19 07:13:30+00:00,,,,,,,,0.645,0.63,,0.0,0,False
2026-03-19 07:14:00+00:00,,,,,,,,0.645,0.63,,0.0,0,False
2026-03-19 07:14:30+00:00,,,,,,,,0.645,0.63,,0.0,0,False
2026-03-19 07:15:00+00:00,,,,,,,,0.645,0.63,,0.0,0,False
2026-03-19 07:15:30+00:00,,,,,,,,0.645,0.63,,0.0,0,False
2026-03-19 07:16:00+00:00,,,,,,,,0.645,0.63,,0.0,0,False
2026-03-19 07:16:30+00:00,,,,,,,,0.645,0.63,,0.0,0,False
2026-03-19 07:17:00+00:00,,,,,,,,0.645,0.63,,0.0,0,False
2026-03-19 07:17:30+00:00,,,,,,,,0.645,0.63,,0.0,0,False
2026-03-19 07:18:00+00:00,,,,,,,,0.645,0.63,,0.0,0,False
2026-03-19 07:18:30+00:00,,,,,,,,0.645,0.63,,0.0,0,False
2026-03-19 07:19:00+00:00,,,,,,,,0.645,0.63,,0.0,0,False
2026-03-19 07:19:30+00:00,,,,,,,,0.645,0.63,,0.0,0,False
2026-03-19 07:20:00+00:00,,,,,,,,0.645,0.63,,0.0,0,False
2026-03-19 07:20:30+00:00,,,,,,,,0.645,0.63,,0.0,0,False
2026-03-19 07:21:00+00:00,,,,,,,,0.645,0.63,,0.0,0,False
2026-03-19 07:21:30+00:00,,,,,,,,0.645,0.63,,0.0,0,False
2026-03-19 07:22:00+00:00,,,,,,,,0.645,0.63,,0.0,0,False
2026-03-19 07:22:30+00:00,,,,,,,,0.645,0.63,,0.0,0,False
2026-03-19 07:23:00+00:00,,,,,,,,0.645,0.63,,0.0,0,False
2026-03-19 07:23:30+00:00,,,,,,,,0.645,0.63,,0.0,0,False
2026-03-19 07:24:00+00:00,,,,,,,,0.645,0.63,,0.0,0,False
2026-03-19 07:24:30+00:00,,,,,,,,0.645,0.63,,0.0,0,False
2026-03-19 07:25:00+00:00,,,,,,,,0.645,0.63,,0.0,0,False
2026-03-19 07:25:30+00:00,,,,,,,,0.645,0.63,,0.0,0,False
2026-03-19 07:26:00+00:00,,,,,,,,0.645,0.63,,0.0,0,False
2026-03-19 07:26:30+00:00,,,,,,,,0.645,0.63,,0.0,0,False
2026-03-19 07:27:00+00:00,,,,,,,,0.645,0.63,,0.0,0,False
2026-03-19 07:27:30+00:00,,,,,,,,0.645,0.63,,0.0,0,False
2026-03-19 07:28:00+00:00,,,,,,,,0.645,0.63,,0.0,0,False
2026-03-19 07:28:30+00:00,,,,,,,,0.645,0.63,,0.0,0,False
2026-03-19 07:29:00+00:00,,,,,,,,0.645,0.63,,0.0,0,False
2026-03-19 07:29:30+00:00,,,,,,,,0.645,0.63,,0.0,0,False
2026-03-19 07:30:00+00:00,,,,,,,,0.645,0.63,,0.0,0,False
2026-03-19 07:30:30+00:00,,,,,,,,0.645,0.63,,0.0,0,False
2026-03-19 07:31:00+00:00,,,,,,,,0.645,0.63,,0.0,0,False
2026-03-19 07:31:30+00:00,,,,,,,,0.645,0.63,,0.0,0,False
2026-03-19 07:32:00+00:00,,,,,,,,0.645,0.63,,0.0,0,False
2026-03-19 07:32:30+00:00,,,,,,,,0.645,0.63,,0.0,0,False
2026-03-19 07:33:00+00:00,,,,,,,,0.645,0.63,,0.0,0,False
2026-03-19 07:33:30+00:00,,,,,,,,0.645,0.63,,0.0,0,False
2026-03-19 07:34:00+00:00,,,,,,,,0.645,0.63,,0.0,0,False
2026-03-19 07:34:30+00:00,,,,,,,,0.645,0.63,,0.0,0,False
2026-03-19 07:35:00+00:00,,,,,,,,0.645,0.63,,0.0,0,False
2026-03-19 07:35:30+00:00,,,,,,,,0.645,0.63,,0.0,0,False
2026-03-19 07:36:00+00:00,,,,,,,,0.645,0.63,,0.0,0,False
2026-03-19 07:36:30+00:00,,,,,,,,0.645,0.63,,0.0,0,False
2026-03-19 07:37:00+00:00,,,,,,,,0.645,0.63,,0.0,0,False
2026-03-19 07:37:30+00:00,,,,,,,,0.645,0.63,,0.0,0,False
2026-03-19 07:38:00+00:00,,,,,,,,0.645,0.63,,0.0,0,False
2026-03-19 07:38:30+00:00,,,,,,,,0.645,0.63,,0.0,0,False
2026-03-19 07:39:00+00:00,,,,,,,,0.645,0.63,,0.0,0,False
2026-03-19 07:39:30+00:00,,,,,,,,0.645,0.63,,0.0,0,False
2026-03-19 07:40:00+00:00,,,,,,,,0.645,0.63,,0.0,0,False
2026-03-19 07:40:30+00:00,,,,,,,,0.645,0.63,,0.0,0,False
2026-03-19 07:41:00+00:00,,,,,,,,0.645,0.63,,0.0,0,False
2026-03-19 07:41:30+00:00,,,,,,,,0.645,0.63,,0.0,0,False
2026-03-19 07:42:00+00:00,,,,,,,,0.645,0.63,,0.0,0,False
2026-03-19 07:42:30+00:00,,,,,,,,0.645,0.63,,0.0,0,False
2026-03-19 07:43:00+00:00,,,,,,,,0.645,0.63,,0.0,0,False
2026-03-19 07:43:30+00:00,,,,,,,,0.645,0.63,,0.0,0,False
2026-03-19 07:44:00+00:00,,,,,,,,0.645,0.63,,0.0,0,False
2026-03-19 07:44:30+00:00,,,,,,,,0.645,0.63,,0.0,0,False
2026-03-19 07:45:00+00:00,,,,,,,,0.645,0.63,,0.0,0,False
2026-03-19 07:45:30+00:00,,,,,,,,0.645,0.63,,0.0,0,False
2026-03-19 07:46:00+00:00,,,,,,,,0.645,0.63,,0.0,0,False
2026-03-19 07:46:30+00:00,,,,,,,,0.645,0.63,,0.0,0,False
2026-03-19 07:47:00+00:00,,,,,,,,0.645,0.63,,0.0,0,False
2026-03-19 07:47:30+00:00,,,,,,,,0.645,0.63,,0.0,0,False
2026-03-19 07:48:00+00:00,,,,,,,,0.645,0.63,,0.0,0,False
2026-03-19 07:48:30+00:00,,,,,,,,0.645,0.63,,0.0,0,False
2026-03-19 07:49:00+00:00,,,,,,,,0.645,0.63,,0.0,0,False
2026-03-19 07:49:30+00:00,,,,,,,,0.645,0.63,,0.0,0,False
2026-03-19 07:50:00+00:00,,,,,,,,0.645,0.63,,0.0,0,False
2026-03-19 07:50:30+00:00,,,,,,,,0.645,0.63,,0.0,0,False
2026-03-19 07:51:00+00:00,,,,,,,,0.645,0.63,,0.0,0,False
2026-03-19 07:51:30+00:00,,,,,,,,0.645,0.63,,0.0,0,False
2026-03-19 07:52:00+00:00,,,,,,,,0.645,0.63,,0.0,0,False
2026-03-19 07:52:30+00:00,,,,,,,,0.645,0.63,,0.0,0,False
2026-03-19 07:53:00+00:00,,,,,,,,0.645,0.63,,0.0,0,False
2026-03-19 07:53:30+00:00,,,,,,,,0.645,0.63,,0.0,0,False
2026-03-19 07:54:00+00:00,,,,,,,,0.645,0.63,,0.0,0,False
2026-03-19 07:54:30+00:00,,,,,,,,0.645,0.63,,0.0,0,False
2026-03-19 07:55:00+00:00,,,,,,,,0.645,0.63,,0.0,0,False
2026-03-19 07:55:30+00:00,,,,,,,,0.645,0.63,,0.0,0,False
2026-03-19 07:56:00+00:00,,,,,,,,0.645,0.63,,0.0,0,False
2026-03-19 07:56:30+00:00,,,,,,,,0.645,0.63,,0.0,0,False
2026-03-19 07:57:00+00:00,,,,,,,,0.645,0.63,,0.0,0,False
2026-03-19 07:57:30+00:00,,,,,,,,0.645,0.63,,0.0,0,False
2026-03-19 07:58:00+00:00,,,,,,,,0.645,0.63,,0.0,0,False
2026-03-19 07:58:30+00:00,,,,,,,,0.645,0.63,,0.0,0,False
2026-03-19 07:59:00+00:00,,,,,,,,0.645,0.63,,0.0,0,False
2026-03-19 07:59:30+00:00,,,,,,,,0.645,0.63,,0.0,0,False
2026-03-19 08:00:00+00:00,,,,,,,,0.645,0.63,,0.0,0,False
2026-03-19 08:00:30+00:00,,,,,,,,0.645,0.63,,0.0,0,False
2026-03-19 08:01:00+00:00,,,,,,,,0.645,0.63,,0.0,0,False
2026-03-19 08:01:30+00:00,,,,,,,,0.645,0.63,,0.0,0,False
2026-03-19 08:02:00+00:00,,,,,,,,0.645,0.63,,0.0,0,False
2026-03-19 08:02:30+00:00,,,,,,,,0.645,0.63,,0.0,0,False
2026-03-19 08:03:00+00:00,,,,,,,,0.645,0.63,,0.0,0,False
2026-03-19 08:03:30+00:00,,,,,,,,0.645,0.63,,0.0,0,False
2026-03-19 08:04:00+00:00,,,,,,,,0.645,0.63,,0.0,0,False
2026-03-19 08:04:30+00:00,,,,,,,,0.645,0.63,,0.0,0,False
2026-03-19 08:05:00+00:00,,,,,,,,0.645,0.63,,0.0,0,False
2026-03-19 08:05:30+00:00,,,,,,,,0.645,0.63,,0.0,0,False
2026-03-19 08:06:00+00:00,,,,,,,,0.645,0.63,,0.0,0,False
2026-03-19 08:06:30+00:00,,,,,,,,0.645,0.63,,0.0,0,False
2026-03-19 08:07:00+00:00,,,,,,,,0.645,0.63,,0.0,0,False
2026-03-19 08:07:30+00:00,,,,,,,,0.645,0.63,,0.0,0,False
2026-03-19 08:08:00+00:00,,,,,,,,0.645,0.63,,0.0,0,False
2026-03-19 08:08:30+00:00,,,,,,,,0.645,0.63,,0.0,0,False
2026-03-19 08:09:00+00:00,,,,,,,,0.645,0.63,,0.0,0,False
2026-03-19 08:09:30+00:00,,,,,,,,0.645,0.63,,0.0,0,False
2026-03-19 08:10:00+00:00,,,,,,,,0.645,0.63,,0.0,0,False
2026-03-19 08:10:30+00:00,,,,,,,,0.645,0.63,,0.0,0,False
2026-03-19 08:11:00+00:00,,,,,,,,0.645,0.63,,0.0,0,False
2026-03-19 08:11:30+00:00,,,,,,,,0.645,0.63,,0.0,0,False
2026-03-19 08:12:00+00:00,,,,,,,,0.645,0.63,,0.0,0,False
2026-03-19 08:12:30+00:00,,,,,,,,0.645,0.63,,0.0,0,False
2026-03-19 08:13:00+00:00,,,,,,,,0.645,0.63,,0.0,0,False
2026-03-19 08:13:30+00:00,,,,,,,,0.645,0.63,,0.0,0,False
2026-03-19 08:14:00+00:00,,,,,,,,0.645,0.63,,0.0,0,False
2026-03-19 08:14:30+00:00,,,,,,,,0.645,0.63,,0.0,0,False
2026-03-19 08:15:00+00:00,,,,,,,,0.645,0.63,,0.0,0,False
2026-03-19 08:15:30+00:00,,,,,,,,0.645,0.63,,0.0,0,False
2026-03-19 08:16:00+00:00,,,,,,,,0.645,0.63,,0.0,0,False
2026-03-19 08:16:30+00:00,,,,,,,,0.645,0.63,,0.0,0,False
2026-03-19 08:17:00+00:00,,,,,,,,0.645,0.63,,0.0,0,False
2026-03-19 08:17:30+00:00,,,,,,,,0.645,0.63,,0.0,0,False
2026-03-19 08:18:00+00:00,,,,,,,,0.645,0.63,,0.0,0,False
2026-03-19 08:18:30+00:00,,,,,,,,0.645,0.63,,0.0,0,False
2026-03-19 08:19:00+00:00,,,,,,,,0.645,0.63,,0.0,0,False
2026-03-19 08:19:30+00:00,,,,,,,,0.645,0.63,,0.0,0,False
2026-03-19 08:20:00+00:00,,,,,,,,0.645,0.63,,0.0,0,False
2026-03-19 08:20:30+00:00,,,,,,,,0.645,0.63,,0.0,0,False
2026-03-19 08:21:00+00:00,,,,,,,,0.645,0.63,,0.0,0,False
2026-03-19 08:21:30+00:00,,,,,,,,0.645,0.63,,0.0,0,False
2026-03-19 08:22:00+00:00,,,,,,,,0.645,0.63,,0.0,0,False
2026-03-19 08:22:30+00:00,,,,,,,,0.645,0.63,,0.0,0,False
2026-03-19 08:23:00+00:00,,,,,,,,0.645,0.63,,0.0,0,False
2026-03-19 08:23:30+00:00,,,,,,,,0.645,0.63,,0.0,0,False
2026-03-19 08:24:00+00:00,,,,,,,,0.645,0.63,,0.0,0,False
2026-03-19 08:24:30+00:00,,,,,,,,0.645,0.63,,0.0,0,False
2026-03-19 08:25:00+00:00,,,,,,,,0.645,0.63,,0.0,0,False
2026-03-19 08:25:30+00:00,,,,,,,,0.645,0.63,,0.0,0,False
2026-03-19 08:26:00+00:00,,,,,,,,0.645,0.63,,0.0,0,False
2026-03-19 08:26:30+00:00,,,,,,,,0.645,0.63,,0.0,0,False
2026-03-19 08:27:00+00:00,,,,,,,,0.645,0.63,,0.0,0,False
2026-03-19 08:27:30+00:00,,,,,,,,0.645,0.63,,0.0,0,False
2026-03-19 08:28:00+00:00,,,,,,,,0.645,0.63,,0.0,0,False
2026-03-19 08:28:30+00:00,,,,,,,,0.645,0.63,,0.0,0,False
2026-03-19 08:29:00+00:00,,,,,,,,0.645,0.63,,0.0,0,False
2026-03-19 08:29:30+00:00,,,,,,,,0.645,0.63,,0.0,0,False
2026-03-19 08:30:00+00:00,,,,,,,,0.645,0.63,,0.0,0,False
2026-03-19 08:30:30+00:00,,,,,,,,0.645,0.63,,0.0,0,False
2026-03-19 08:31:00+00:00,,,,,,,,0.645,0.63,,0.0,0,False
2026-03-19 08:31:30+00:00,,,,,,,,0.645,0.63,,0.0,0,False
2026-03-19 08:32:00+00:00,,,,,,,,0.645,0.63,,0.0,0,False
2026-03-19 08:32:30+00:00,,,,,,,,0.645,0.63,,0.0,0,False
2026-03-19 08:33:00+00:00,,,,,,,,0.645,0.63,,0.0,0,False
2026-03-19 08:33:30+00:00,,,,,,,,0.645,0.63,,0.0,0,False
2026-03-19 08:34:00+00:00,,,,,,,,0.645,0.63,,0.0,0,False
2026-03-19 08:34:30+00:00,,,,,,,,0.645,0.63,,0.0,0,False
2026-03-19 08:35:00+00:00,,,,,,,,0.645,0.63,,0.0,0,False
2026-03-19 08:35:30+00:00,,,,,,,,0.645,0.63,,0.0,0,False
2026-03-19 08:36:00+00:00,,,,,,,,0.645,0.63,,0.0,0,False
2026-03-19 08:36:30+00:00,,,,,,,,0.645,0.63,,0.0,0,False
2026-03-19 08:37:00+00:00,,,,,,,,0.645,0.63,,0.0,0,False
2026-03-19 08:37:30+00:00,,,,,,,,0.645,0.63,,0.0,0,False
2026-03-19 08:38:00+00:00,,,,,,,,0.645,0.63,,0.0,0,False
2026-03-19 08:38:30+00:00,,,,,,,,0.645,0.63,,0.0,0,False
2026-03-19 08:39:00+00:00,,,,,,,,0.645,0.63,,0.0,0,False
2026-03-19 08:39:30+00:00,,,,,,,,0.645,0.63,,0.0,0,False
2026-03-19 08:40:00+00:00,,,,,,,,0.645,0.63,,0.0,0,False
2026-03-19 08:40:30+00:00,,,,,,,,0.645,0.63,,0.0,0,False
2026-03-19 08:41:00+00:00,,,,,,,,0.645,0.63,,0.0,0,False
2026-03-19 08:41:30+00:00,,,,,,,,0.645,0.63,,0.0,0,False
2026-03-19 08:42:00+00:00,,,,,,,,0.645,0.63,,0.0,0,False
2026-03-19 08:42:30+00:00,,,,,,,,0.645,0.63,,0.0,0,False
2026-03-19 08:43:00+00:00,,,,,,,,0.645,0.63,,0.0,0,False
2026-03-19 08:43:30+00:00,,,,,,,,0.645,0.63,,0.0,0,False
2026-03-19 08:44:00+00:00,,,,,,,,0.645,0.63,,0.0,0,False
2026-03-19 08:44:30+00:00,,,,,,,,0.645,0.63,,0.0,0,False
2026-03-19 08:45:00+00:00,,,,,,,,0.645,0.63,,0.0,0,False
2026-03-19 08:45:30+00:00,,,,,,,,0.645,0.63,,0.0,0,False
2026-03-19 08:46:00+00:00,,,,,,,,0.645,0.63,,0.0,0,False
2026-03-19 08:46:30+00:00,,,,,,,,0.645,0.63,,0.0,0,False
2026-03-19 08:47:00+00:00,,,,,,,,0.645,0.63,,0.0,0,False
2026-03-19 08:47:30+00:00,,,,,,,,0.645,0.63,,0.0,0,False
2026-03-19 08:48:00+00:00,,,,,,,,0.645,0.63,,0.0,0,False
2026-03-19 08:48:30+00:00,,,,,,,,0.645,0.63,,0.0,0,False
2026-03-19 08:49:00+00:00,,,,,,,,0.645,0.63,,0.0,0,False
2026-03-19 08:49:30+00:00,,,,,,,,0.645,0.63,,0.0,0,False
2026-03-19 08:50:00+00:00,,,,,,,,0.645,0.63,,0.0,0,False
2026-03-19 08:50:30+00:00,,,,,,,,0.645,0.63,,0.0,0,False
2026-03-19 08:51:00+00:00,,,,,,,,0.645,0.63,,0.0,0,False
2026-03-19 08:51:30+00:00,,,,,,,,0.645,0.63,,0.0,0,False
2026-03-19 08:52:00+00:00,,,,,,,,0.645,0.63,,0.0,0,False
2026-03-19 08:52:30+00:00,,,,,,,,0.645,0.63,,0.0,0,False
2026-03-19 08:53:00+00:00,,,,,,,,0.645,0.63,,0.0,0,False
2026-03-19 08:53:30+00:00,,,,,,,,0.645,0.63,,0.0,0,False
2026-03-19 08:54:00+00:00,,,,,,,,0.645,0.63,,0.0,0,False
2026-03-19 08:54:30+00:00,,,,,,,,0.645,0.63,,0.0,0,False
2026-03-19 08:55:00+00:00,,,,,,,,0.645,0.63,,0.0,0,False
2026-03-19 08:55:30+00:00,,,,,,,,0.645,0.63,,0.0,0,False
2026-03-19 08:56:00+00:00,,,,,,,,0.645,0.63,,0.0,0,False
2026-03-19 08:56:30+00:00,,,,,,,,0.645,0.63,,0.0,0,False
2026-03-19 08:57:00+00:00,,,,,,,,0.645,0.63,,0.0,0,False
2026-03-19 08:57:30+00:00,,,,,,,,0.645,0.63,,0.0,0,False
2026-03-19 08:58:00+00:00,,,,,,,,0.645,0.63,,0.0,0,False
2026-03-19 08:58:30+00:00,,,,,,,,0.645,0.63,,0.0,0,False
2026-03-19 08:59:00+00:00,,,,,,,,0.645,0.63,,0.0,0,False
2026-03-19 08:59:30+00:00,,,,,,,,0.645,0.63,,0.0,0,False
2026-03-19 09:00:00+00:00,,,,,,,,0.64,0.64,,376.0,1,False
2026-03-19 09:00:30+00:00,,,,,,,,0.64,0.64,,0.0,0,False
2026-03-19 09:01:00+00:00,,,,,,,,0.64,0.64,,0.0,0,False
2026-03-19 09:01:30+00:00,,,,,,,,0.64,0.64,,0.0,0,False
2026-03-19 09:02:00+00:00,,,,,,,,0.64,0.64,,101.0,1,False
2026-03-19 09:02:30+00:00,,,,,,,,0.64,0.64,,13.0,1,False
2026-03-19 09:03:00+00:00,,,,,,,,0.64,0.64,,0.0,0,False
2026-03-19 09:03:30+00:00,,,,,,,,0.64,0.64,,0.0,0,False
2026-03-19 09:04:00+00:00,,,,,,,,0.64,0.64,,0.0,0,False
2026-03-19 09:04:30+00:00,,,,,,,,0.64,0.64,,0.0,0,False
2026-03-19 09:05:00+00:00,,,,,,,,0.64,0.64,,0.0,0,False
2026-03-19 09:05:30+00:00,,,,,,,,0.64,0.64,,0.0,0,False
2026-03-19 09:06:00+00:00,,,,,,,,0.64,0.64,,0.0,0,False
2026-03-19 09:06:30+00:00,,,,,,,,0.6593975903614459,0.66,,166.0,3,False
2026-03-19 09:07:00+00:00,,,,,,,,0.6588235294117648,0.66,,17.0,2,False
2026-03-19 09:07:30+00:00,,,,,,,,0.6588235294117648,0.66,,0.0,0,False
2026-03-19 09:08:00+00:00,,,,,,,,0.6588235294117648,0.66,,0.0,0,False
2026-03-19 09:08:30+00:00,,,,,,,,0.64,0.64,,8175.0,2,False
2026-03-19 09:09:00+00:00,,,,,,,,0.64,0.64,,659.0,1,False
2026-03-19 09:09:30+00:00,,,,,,,,0.64,0.64,,0.0,0,False
2026-03-19 09:10:00+00:00,,,,,,,,0.66,0.66,,7.0,1,False
2026-03-19 09:10:30+00:00,,,,,,,,0.64,0.64,,30.0,1,False
2026-03-19 09:11:00+00:00,,,,,,,,0.64,0.64,,0.0,0,False
2026-03-19 09:11:30+00:00,,,,,,,,0.64,0.64,,0.0,0,False
2026-03-19 09:12:00+00:00,,,,,,,,0.64,0.64,,63.0,1,False
2026-03-19 09:12:30+00:00,,,,,,,,0.6486138613861386,0.66,,202.0,3,False
2026-03-19 09:13:00+00:00,,,,,,,,0.6486138613861386,0.66,,0.0,0,False
2026-03-19 09:13:30+00:00,,,,,,,,0.6486138613861386,0.66,,0.0,0,False
2026-03-19 09:14:00+00:00,,,,,,,,0.6486138613861386,0.66,,0.0,0,False
2026-03-19 09:14:30+00:00,,,,,,,,0.66,0.66,,2.0,1,False
2026-03-19 09:15:00+00:00,,,,,,,,0.66,0.66,,18.0,2,False
2026-03-19 09:15:30+00:00,,,,,,,,0.64,0.64,,5.0,1,False
2026-03-19 09:16:00+00:00,,,,,,,,0.64,0.64,,0.0,0,False
2026-03-19 09:16:30+00:00,,,,,,,,0.64,0.64,,392.0,1,False
2026-03-19 09:17:00+00:00,,,,,,,,0.658375,0.64,,160.0,2,False
2026-03-19 09:17:30+00:00,,,,,,,,0.658375,0.64,,0.0,0,False
2026-03-19 09:18:00+00:00,,,,,,,,0.66,0.66,,5.0,1,False
2026-03-19 09:18:30+00:00,,,,,,,,0.64,0.64,,65.0,1,False
2026-03-19 09:19:00+00:00,,,,,,,,0.6442424242424243,0.66,,33.0,2,False
2026-03-19 09:19:30+00:00,,,,,,,,0.6442424242424243,0.66,,0.0,0,False
2026-03-19 09:20:00+00:00,,,,,,,,0.6442424242424243,0.66,,0.0,0,False
2026-03-19 09:20:30+00:00,,,,,,,,0.6442424242424243,0.66,,0.0,0,False
2026-03-19 09:21:00+00:00,,,,,,,,0.6565714285714286,0.66,,35.0,2,False
2026-03-19 09:21:30+00:00,,,,,,,,0.66,0.66,,4.0,1,False
2026-03-19 09:22:00+00:00,,,,,,,,0.66,0.66,,2.0,1,False
2026-03-19 09:22:30+00:00,,,,,,,,0.66,0.66,,220.0,2,False
2026-03-19 09:23:00+00:00,,,,,,,,0.66,0.66,,0.0,0,False
2026-03-19 09:23:30+00:00,,,,,,,,0.6555555555555556,0.65,,9.0,2,False
2026-03-19 09:24:00+00:00,,,,,,,,0.6555555555555556,0.65,,0.0,0,False
2026-03-19 09:24:30+00:00,,,,,,,,0.66,0.66,,147.0,1,False
2026-03-19 09:25:00+00:00,,,,,,,,0.66,0.66,,0.0,0,False
2026-03-19 09:25:30+00:00,,,,,,,,0.66,0.66,,0.0,0,False
2026-03-19 09:26:00+00:00,,,,,,,,0.6400000000000001,0.64,,57.0,1,False
2026-03-19 09:26:30+00:00,,,,,,,,0.6400000000000001,0.64,,0.0,0,False
2026-03-19 09:27:00+00:00,,,,,,,,0.6400000000000001,0.64,,0.0,0,False
2026-03-19 09:27:30+00:00,,,,,,,,0.64,0.64,,53.0,1,False
2026-03-19 09:28:00+00:00,,,,,,,,0.66,0.66,,30.0,2,False
2026-03-19 09:28:30+00:00,,,,,,,,0.66,0.66,,0.0,0,False
2026-03-19 09:29:00+00:00,,,,,,,,0.66,0.66,,0.0,0,False
2026-03-19 09:29:30+00:00,,,,,,,,0.66,0.66,,0.0,0,False
2026-03-19 09:30:00+00:00,,,,,,,,0.66,0.66,,36.0,1,False
2026-03-19 09:30:30+00:00,,,,,,,,0.66,0.66,,0.0,0,False
2026-03-19 09:31:00+00:00,,,,,,,,0.66,0.66,,0.0,0,False
2026-03-19 09:31:30+00:00,,,,,,,,0.64,0.64,,133.0,1,False
2026-03-19 09:32:00+00:00,,,,,,,,0.6599999999999999,0.66,,21.0,2,False
2026-03-19 09:32:30+00:00,,,,,,,,0.6599999999999999,0.66,,0.0,0,False
2026-03-19 09:33:00+00:00,,,,,,,,0.64,0.64,,13.0,1,False
2026-03-19 09:33:30+00:00,,,,,,,,0.64,0.64,,13.0,1,False
2026-03-19 09:34:00+00:00,,,,,,,,0.64,0.64,,13.0,1,False
2026-03-19 09:34:30+00:00,,,,,,,,0.64,0.64,,0.0,0,False
2026-03-19 09:35:00+00:00,,,,,,,,0.64,0.64,,0.0,0,False
2026-03-19 09:35:30+00:00,,,,,,,,0.64,0.64,,5.0,1,False
2026-03-19 09:36:00+00:00,,,,,,,,0.64,0.64,,0.0,0,False
2026-03-19 09:36:30+00:00,,,,,,,,0.64,0.64,,0.0,0,False
2026-03-19 09:37:00+00:00,,,,,,,,0.64,0.64,,5.0,1,False
2026-03-19 09:37:30+00:00,,,,,,,,0.64,0.64,,0.0,0,False
2026-03-19 09:38:00+00:00,,,,,,,,0.64,0.64,,0.0,0,False
2026-03-19 09:38:30+00:00,,,,,,,,0.64,0.64,,0.0,0,False
2026-03-19 09:39:00+00:00,,,,,,,,0.66,0.66,,147.0,1,False
2026-03-19 09:39:30+00:00,,,,,,,,0.66,0.66,,14.0,1,False
2026-03-19 09:40:00+00:00,,,,,,,,0.66,0.66,,0.0,0,False
2026-03-19 09:40:30+00:00,,,,,,,,0.66,0.66,,0.0,0,False
2026-03-19 09:41:00+00:00,,,,,,,,0.66,0.66,,14.0,1,False
2026-03-19 09:41:30+00:00,,,,,,,,0.66,0.66,,36.0,1,False
2026-03-19 09:42:00+00:00,,,,,,,,0.66,0.66,,0.0,0,False
2026-03-19 09:42:30+00:00,,,,,,,,0.66,0.66,,0.0,0,False
2026-03-19 09:43:00+00:00,,,,,,,,0.66,0.66,,0.0,0,False
2026-03-19 09:43:30+00:00,,,,,,,,0.65,0.65,,2.0,1,False
2026-03-19 09:44:00+00:00,,,,,,,,0.65,0.65,,0.0,0,False
2026-03-19 09:44:30+00:00,,,,,,,,0.65,0.65,,0.0,0,False
2026-03-19 09:45:00+00:00,,,,,,,,0.66,0.66,,29.0,1,False
2026-03-19 09:45:30+00:00,,,,,,,,0.66,0.66,,7.0,1,False
2026-03-19 09:46:00+00:00,,,,,,,,0.66,0.66,,0.0,0,False
2026-03-19 09:46:30+00:00,,,,,,,,0.66,0.66,,0.0,0,False
2026-03-19 09:47:00+00:00,,,,,,,,0.66,0.66,,739.0,1,False
2026-03-19 09:47:30+00:00,,,,,,,,0.66,0.66,,34.0,1,False
2026-03-19 09:48:00+00:00,,,,,,,,0.66,0.66,,0.0,0,False
2026-03-19 09:48:30+00:00,,,,,,,,0.66,0.66,,735.0,1,False
2026-03-19 09:49:00+00:00,,,,,,,,0.66,0.66,,0.0,0,False
2026-03-19 09:49:30+00:00,,,,,,,,0.64,0.64,,131.0,1,False
2026-03-19 09:50:00+00:00,,,,,,,,0.64,0.64,,36.0,1,False
2026-03-19 09:50:30+00:00,,,,,,,,0.64,0.64,,0.0,0,False
2026-03-19 09:51:00+00:00,,,,,,,,0.64,0.64,,33.0,1,False
2026-03-19 09:51:30+00:00,,,,,,,,0.64,0.64,,26.0,1,False
2026-03-19 09:52:00+00:00,,,,,,,,0.64,0.64,,0.0,0,False
2026-03-19 09:52:30+00:00,,,,,,,,0.64,0.64,,0.0,0,False
2026-03-19 09:53:00+00:00,,,,,,,,0.64,0.64,,0.0,0,False
2026-03-19 09:53:30+00:00,,,,,,,,0.64,0.64,,0.0,0,False
2026-03-19 09:54:00+00:00,,,,,,,,0.66,0.66,,235.0,2,False
2026-03-19 09:54:30+00:00,,,,,,,,0.66,0.66,,0.0,0,False
2026-03-19 09:55:00+00:00,,,,,,,,0.66,0.66,,0.0,0,False
2026-03-19 09:55:30+00:00,,,,,,,,0.6399999999999999,0.64,,29.0,1,False
2026-03-19 09:56:00+00:00,,,,,,,,0.66,0.66,,8.0,1,False
2026-03-19 09:56:30+00:00,,,,,,,,0.66,0.66,,0.0,0,False
2026-03-19 09:57:00+00:00,,,,,,,,0.66,0.66,,29.0,1,False
2026-03-19 09:57:30+00:00,,,,,,,,0.66,0.66,,0.0,0,False
2026-03-19 09:58:00+00:00,,,,,,,,0.66,0.66,,0.0,0,False
2026-03-19 09:58:30+00:00,,,,,,,,0.64,0.64,,26.0,1,False
2026-03-19 09:59:00+00:00,,,,,,,,0.64,0.64,,0.0,0,False
2026-03-19 09:59:30+00:00,,,,,,,,0.6514285714285715,0.66,,7.0,2,False
2026-03-19 10:00:00+00:00,,,,,,,,0.6514285714285715,0.66,,0.0,0,False
2026-03-19 10:00:30+00:00,,,,,,,,0.64,0.64,,31.0,1,False
2026-03-19 10:01:00+00:00,,,,,,,,0.66,0.66,,22.0,1,False
2026-03-19 10:01:30+00:00,,,,,,,,0.66,0.66,,0.0,0,False
2026-03-19 10:02:00+00:00,,,,,,,,0.66,0.66,,0.0,0,False
2026-03-19 10:02:30+00:00,,,,,,,,0.66,0.66,,14.0,1,False
2026-03-19 10:03:00+00:00,,,,,,,,0.66,0.66,,0.0,0,False
2026-03-19 10:03:30+00:00,,,,,,,,0.66,0.66,,0.0,0,False
2026-03-19 10:04:00+00:00,,,,,,,,0.66,0.66,,7.0,1,False
2026-03-19 10:04:30+00:00,,,,,,,,0.66,0.66,,0.0,0,False
2026-03-19 10:05:00+00:00,,,,,,,,0.66,0.66,,0.0,0,False
2026-03-19 10:05:30+00:00,,,,,,,,0.64,0.64,,53.0,1,False
2026-03-19 10:06:00+00:00,,,,,,,,0.64,0.64,,0.0,0,False
2026-03-19 10:06:30+00:00,,,,,,,,0.64,0.64,,0.0,0,False
2026-03-19 10:07:00+00:00,,,,,,,,0.64,0.64,,0.0,0,False
2026-03-19 10:07:30+00:00,,,,,,,,0.66,0.66,,735.0,1,False
2026-03-19 10:08:00+00:00,,,,,,,,0.65,0.65,,64.0,2,False
2026-03-19 10:08:30+00:00,,,,,,,,0.6598305084745762,0.66,,59.0,3,False
2026-03-19 10:09:00+00:00,,,,,,,,0.6598305084745762,0.66,,0.0,0,False
2026-03-19 10:09:30+00:00,,,,,,,,0.6598305084745762,0.66,,0.0,0,False
2026-03-19 10:10:00+00:00,,,,,,,,0.66,0.66,,44.0,1,False
2026-03-19 10:10:30+00:00,,,,,,,,0.66,0.66,,0.0,0,False
2026-03-19 10:11:00+00:00,,,,,,,,0.66,0.66,,0.0,0,False
2026-03-19 10:11:30+00:00,,,,,,,,0.66,0.66,,0.0,0,False
2026-03-19 10:12:00+00:00,,,,,,,,0.64,0.64,,27.0,1,False
2026-03-19 10:12:30+00:00,,,,,,,,0.64,0.64,,0.0,0,False
2026-03-19 10:13:00+00:00,,,,,,,,0.64,0.64,,0.0,0,False
2026-03-19 10:13:30+00:00,,,,,,,,0.64,0.64,,0.0,0,False
2026-03-19 10:14:00+00:00,,,,,,,,0.64,0.64,,0.0,0,False
2026-03-19 10:14:30+00:00,,,,,,,,0.64,0.64,,0.0,0,False
2026-03-19 10:15:00+00:00,,,,,,,,0.66,0.66,,2.0,1,False
2026-03-19 10:15:30+00:00,,,,,,,,0.66,0.66,,0.0,0,False
2026-03-19 10:16:00+00:00,,,,,,,,0.64,0.64,,79.0,2,False
2026-03-19 10:16:30+00:00,,,,,,,,0.64,0.64,,0.0,0,False
2026-03-19 10:17:00+00:00,,,,,,,,0.66,0.66,,26.0,1,False
2026-03-19 10:17:30+00:00,,,,,,,,0.66,0.66,,0.0,0,False
2026-03-19 10:18:00+00:00,,,,,,,,0.6598882681564247,0.66,,179.0,3,False
2026-03-19 10:18:30+00:00,,,,,,,,0.6598882681564247,0.66,,0.0,0,False
2026-03-19 10:19:00+00:00,,,,,,,,0.6598882681564247,0.66,,0.0,0,False
2026-03-19 10:19:30+00:00,,,,,,,,0.6598882681564247,0.66,,0.0,0,False
2026-03-19 10:20:00+00:00,,,,,,,,0.6696052631578947,0.67,,304.0,5,False
2026-03-19 10:20:30+00:00,,,,,,,,0.6696052631578947,0.67,,0.0,0,False
2026-03-19 10:21:00+00:00,,,,,,,,0.6696052631578947,0.67,,0.0,0,False
2026-03-19 10:21:30+00:00,,,,,,,,0.6696052631578947,0.67,,0.0,0,False
2026-03-19 10:22:00+00:00,,,,,,,,0.6696052631578947,0.67,,0.0,0,False
2026-03-19 10:22:30+00:00,,,,,,,,0.6696052631578947,0.67,,0.0,0,False
2026-03-19 10:23:00+00:00,,,,,,,,0.64,0.64,,256.0,1,False
2026-03-19 10:23:30+00:00,,,,,,,,0.64,0.64,,0.0,0,False
2026-03-19 10:24:00+00:00,,,,,,,,0.64,0.64,,0.0,0,False
2026-03-19 10:24:30+00:00,,,,,,,,0.67,0.67,,14.0,1,False
2026-03-19 10:25:00+00:00,,,,,,,,0.64,0.64,,7.0,1,False
2026-03-19 10:25:30+00:00,,,,,,,,0.64,0.64,,144.0,2,False
2026-03-19 10:26:00+00:00,,,,,,,,0.67,0.67,,14.0,2,False
2026-03-19 10:26:30+00:00,,,,,,,,0.64,0.64,,78.0,1,False
2026-03-19 10:27:00+00:00,,,,,,,,0.67,0.67,,72.0,1,False
2026-03-19 10:27:30+00:00,,,,,,,,0.64,0.64,,1.0,1,False
2026-03-19 10:28:00+00:00,,,,,,,,0.64,0.64,,0.0,0,False
2026-03-19 10:28:30+00:00,,,,,,,,0.64,0.64,,1000.0,1,False
2026-03-19 10:29:00+00:00,,,,,,,,0.64,0.64,,50.0,1,False
2026-03-19 10:29:30+00:00,,,,,,,,0.64,0.64,,13.0,1,False
2026-03-19 10:30:00+00:00,,,,,,,,0.6427999999999999,0.65,,125.0,2,False
2026-03-19 10:30:30+00:00,,,,,,,,0.6427999999999999,0.65,,0.0,0,False
2026-03-19 10:31:00+00:00,,,,,,,,0.64109243697479,0.64,,119.0,2,False
2026-03-19 10:31:30+00:00,,,,,,,,0.64109243697479,0.64,,0.0,0,False
2026-03-19 10:32:00+00:00,,,,,,,,0.64109243697479,0.64,,0.0,0,False
2026-03-19 10:32:30+00:00,,,,,,,,0.64109243697479,0.64,,0.0,0,False
2026-03-19 10:33:00+00:00,,,,,,,,0.64109243697479,0.64,,0.0,0,False
2026-03-19 10:33:30+00:00,,,,,,,,0.64109243697479,0.64,,0.0,0,False
2026-03-19 10:34:00+00:00,,,,,,,,0.64109243697479,0.64,,0.0,0,False
2026-03-19 10:34:30+00:00,,,,,,,,0.64109243697479,0.64,,0.0,0,False
2026-03-19 10:35:00+00:00,,,,,,,,0.64109243697479,0.64,,0.0,0,False
2026-03-19 10:35:30+00:00,,,,,,,,0.64,0.64,,132.0,1,False
2026-03-19 10:36:00+00:00,,,,,,,,0.64,0.64,,26.0,1,False
2026-03-19 10:36:30+00:00,,,,,,,,0.64,0.64,,0.0,0,False
2026-03-19 10:37:00+00:00,,,,,,,,0.64,0.64,,0.0,0,False
2026-03-19 10:37:30+00:00,,,,,,,,0.64,0.64,,0.0,0,False
2026-03-19 10:38:00+00:00,,,,,,,,0.64,0.64,,0.0,0,False
2026-03-19 10:38:30+00:00,,,,,,,,0.67,0.67,,21.0,1,False
2026-03-19 10:39:00+00:00,,,,,,,,0.65,0.65,,5.0,1,False
2026-03-19 10:39:30+00:00,,,,,,,,0.64,0.64,,53.0,1,False
2026-03-19 10:40:00+00:00,,,,,,,,0.67,0.67,,1.0,1,False
2026-03-19 10:40:30+00:00,,,,,,,,0.65,0.65,,1.0,1,False
2026-03-19 10:41:00+00:00,,,,,,,,0.65,0.65,,0.0,0,False
2026-03-19 10:41:30+00:00,,,,,,,,0.65,0.65,,289.0,1,False
2026-03-19 10:42:00+00:00,,,,,,,,0.65,0.65,,0.0,0,False
2026-03-19 10:42:30+00:00,,,,,,,,0.6673684210526316,0.67,,38.0,2,False
2026-03-19 10:43:00+00:00,,,,,,,,0.6673684210526316,0.67,,0.0,0,False
2026-03-19 10:43:30+00:00,,,,,,,,0.6673684210526316,0.67,,0.0,0,False
2026-03-19 10:44:00+00:00,,,,,,,,0.6673684210526316,0.67,,0.0,0,False
2026-03-19 10:44:30+00:00,,,,,,,,0.6673684210526316,0.67,,0.0,0,False
2026-03-19 10:45:00+00:00,,,,,,,,0.6673684210526316,0.67,,0.0,0,False
2026-03-19 10:45:30+00:00,,,,,,,,0.6673684210526316,0.67,,0.0,0,False
2026-03-19 10:46:00+00:00,,,,,,,,0.6527659574468085,0.65,,94.0,2,False
2026-03-19 10:46:30+00:00,,,,,,,,0.6527659574468085,0.65,,0.0,0,False
2026-03-19 10:47:00+00:00,,,,,,,,0.67,0.67,,2.0,1,False
2026-03-19 10:47:30+00:00,,,,,,,,0.67,0.67,,1.0,1,False
2026-03-19 10:48:00+00:00,,,,,,,,0.65,0.65,,3.0,1,False
2026-03-19 10:48:30+00:00,,,,,,,,0.65,0.65,,0.0,0,False
2026-03-19 10:49:00+00:00,,,,,,,,0.65,0.65,,16.0,1,False
2026-03-19 10:49:30+00:00,,,,,,,,0.65,0.65,,1.0,1,False
2026-03-19 10:50:00+00:00,,,,,,,,0.65,0.65,,0.0,0,False
2026-03-19 10:50:30+00:00,,,,,,,,0.65,0.65,,0.0,0,False
2026-03-19 10:51:00+00:00,,,,,,,,0.65,0.65,,0.0,0,False
2026-03-19 10:51:30+00:00,,,,,,,,0.67,0.67,,7.0,1,False
2026-03-19 10:52:00+00:00,,,,,,,,0.67,0.67,,0.0,0,False
2026-03-19 10:52:30+00:00,,,,,,,,0.67,0.67,,0.0,0,False
2026-03-19 10:53:00+00:00,,,,,,,,0.67,0.67,,0.0,0,False
2026-03-19 10:53:30+00:00,,,,,,,,0.67,0.67,,7.0,1,False
2026-03-19 10:54:00+00:00,,,,,,,,0.67,0.67,,0.0,0,False
2026-03-19 10:54:30+00:00,,,,,,,,0.67,0.67,,0.0,0,False
2026-03-19 10:55:00+00:00,,,,,,,,0.67,0.67,,14.0,1,False
2026-03-19 10:55:30+00:00,,,,,,,,0.67,0.67,,0.0,0,False
2026-03-19 10:56:00+00:00,,,,,,,,0.67,0.67,,0.0,0,False
2026-03-19 10:56:30+00:00,,,,,,,,0.65,0.65,,44.0,1,False
2026-03-19 10:57:00+00:00,,,,,,,,0.65,0.65,,20.0,1,False
2026-03-19 10:57:30+00:00,,,,,,,,0.65,0.65,,5.0,1,False
2026-03-19 10:58:00+00:00,,,,,,,,0.6516744186046513,0.65,,215.0,2,False
2026-03-19 10:58:30+00:00,,,,,,,,0.6516744186046513,0.65,,0.0,0,False
2026-03-19 10:59:00+00:00,,,,,,,,0.6533333333333333,0.67,,6.0,2,False
2026-03-19 10:59:30+00:00,,,,,,,,0.6533333333333333,0.67,,0.0,0,False
2026-03-19 11:00:00+00:00,,,,,,,,0.65,0.65,,141.0,2,False
2026-03-19 11:00:30+00:00,,,,,,,,0.65,0.65,,0.0,0,False
2026-03-19 11:01:00+00:00,,,,,,,,0.6500000000000001,0.65,,52.0,1,False
2026-03-19 11:01:30+00:00,,,,,,,,0.67,0.67,,14.0,1,False
2026-03-19 11:02:00+00:00,,,,,,,,0.6599999999999999,0.6599999999999999,,5.0,1,False
2026-03-19 11:02:30+00:00,,,,,,,,0.6599999999999999,0.6599999999999999,,0.0,0,False
2026-03-19 11:03:00+00:00,,,,,,,,0.67,0.67,,43.0,1,False
2026-03-19 11:03:30+00:00,,,,,,,,0.67,0.67,,14.0,1,False
2026-03-19 11:04:00+00:00,,,,,,,,0.67,0.67,,13.0,1,False
2026-03-19 11:04:30+00:00,,,,,,,,0.67,0.67,,4.0,1,False
2026-03-19 11:05:00+00:00,,,,,,,,0.67,0.67,,0.0,0,False
2026-03-19 11:05:30+00:00,,,,,,,,0.67,0.67,,0.0,0,False
2026-03-19 11:06:00+00:00,,,,,,,,0.67,0.67,,223.0,2,False
2026-03-19 11:06:30+00:00,,,,,,,,0.65,0.65,,723.0,1,False
2026-03-19 11:07:00+00:00,,,,,,,,0.65,0.65,,0.0,0,False
2026-03-19 11:07:30+00:00,,,,,,,,0.65,0.65,,0.0,0,False
2026-03-19 11:08:00+00:00,,,,,,,,0.65,0.65,,0.0,0,False
2026-03-19 11:08:30+00:00,,,,,,,,0.6500000000000001,0.65,,13.0,1,False
2026-03-19 11:09:00+00:00,,,,,,,,0.66,0.66,,50.0,1,False
2026-03-19 11:09:30+00:00,,,,,,,,0.66,0.66,,147.0,1,False
2026-03-19 11:10:00+00:00,,,,,,,,0.66,0.66,,10.0,1,False
2026-03-19 11:10:30+00:00,,,,,,,,0.65,0.65,,290.0,2,False
2026-03-19 11:11:00+00:00,,,,,,,,0.6500000000000001,0.65,,26.0,1,False
2026-03-19 11:11:30+00:00,,,,,,,,0.6500000000000001,0.65,,0.0,0,False
2026-03-19 11:12:00+00:00,,,,,,,,0.6500000000000001,0.65,,0.0,0,False
2026-03-19 11:12:30+00:00,,,,,,,,0.65,0.65,,25.0,1,False
2026-03-19 11:13:00+00:00,,,,,,,,0.65,0.65,,0.0,0,False
2026-03-19 11:13:30+00:00,,,,,,,,0.65,0.65,,121.0,1,False
2026-03-19 11:14:00+00:00,,,,,,,,0.65,0.65,,0.0,0,False
2026-03-19 11:14:30+00:00,,,,,,,,0.66,0.66,,40.0,1,False
2026-03-19 11:15:00+00:00,,,,,,,,0.6599999999999999,0.6599999999999999,,2.0,1,False
2026-03-19 11:15:30+00:00,,,,,,,,0.6599999999999999,0.6599999999999999,,0.0,0,False
2026-03-19 11:16:00+00:00,,,,,,,,0.6590243902439025,0.66,,82.0,3,False
2026-03-19 11:16:30+00:00,,,,,,,,0.65,0.65,,1.0,1,False
2026-03-19 11:17:00+00:00,,,,,,,,0.65,0.65,,0.0,0,False
2026-03-19 11:17:30+00:00,,,,,,,,0.66,0.66,,7.0,1,False
2026-03-19 11:18:00+00:00,,,,,,,,0.66,0.66,,3.0,1,False
2026-03-19 11:18:30+00:00,,,,,,,,0.67,0.67,,14.0,1,False
2026-03-19 11:19:00+00:00,,,,,,,,0.67,0.67,,3.0,1,False
2026-03-19 11:19:30+00:00,,,,,,,,0.67,0.67,,10.0,1,False
2026-03-19 11:20:00+00:00,,,,,,,,0.67,0.67,,0.0,0,False
2026-03-19 11:20:30+00:00,,,,,,,,0.67,0.67,,0.0,0,False
2026-03-19 11:21:00+00:00,,,,,,,,0.6599999999999998,0.6599999999999999,,25.0,1,False
2026-03-19 11:21:30+00:00,,,,,,,,0.6593333333333333,0.65,,15.0,2,False
2026-03-19 11:22:00+00:00,,,,,,,,0.6593333333333333,0.65,,0.0,0,False
2026-03-19 11:22:30+00:00,,,,,,,,0.66,0.66,,15.0,1,False
2026-03-19 11:23:00+00:00,,,,,,,,0.6500000000000001,0.65,,13.0,1,False
2026-03-19 11:23:30+00:00,,,,,,,,0.6500000000000001,0.65,,0.0,0,False
2026-03-19 11:24:00+00:00,,,,,,,,0.6500000000000001,0.65,,0.0,0,False
2026-03-19 11:24:30+00:00,,,,,,,,0.67,0.67,,36.0,1,False
2026-03-19 11:25:00+00:00,,,,,,,,0.65,0.65,,27.0,1,False
2026-03-19 11:25:30+00:00,,,,,,,,0.65,0.65,,0.0,0,False
2026-03-19 11:26:00+00:00,,,,,,,,0.6507142857142858,0.65,,14.0,2,False
2026-03-19 11:26:30+00:00,,,,,,,,0.67,0.67,,76.0,2,False
2026-03-19 11:27:00+00:00,,,,,,,,0.67,0.67,,0.0,0,False
2026-03-19 11:27:30+00:00,,,,,,,,0.67,0.67,,28.0,1,False
2026-03-19 11:28:00+00:00,,,,,,,,0.67,0.67,,2.0,1,False
2026-03-19 11:28:30+00:00,,,,,,,,0.67,0.67,,0.0,0,False
2026-03-19 11:29:00+00:00,,,,,,,,0.65,0.65,,2.0,1,False
2026-03-19 11:29:30+00:00,,,,,,,,0.65,0.65,,0.0,0,False
2026-03-19 11:30:00+00:00,,,,,,,,0.67,0.67,,14.0,1,False
2026-03-19 11:30:30+00:00,,,,,,,,0.67,0.67,,0.0,0,False
2026-03-19 11:31:00+00:00,,,,,,,,0.6500000000000001,0.65,,21.0,2,False
2026-03-19 11:31:30+00:00,,,,,,,,0.6500000000000001,0.65,,0.0,0,False
2026-03-19 11:32:00+00:00,,,,,,,,0.65,0.65,,27.0,1,False
2026-03-19 11:32:30+00:00,,,,,,,,0.65,0.65,,0.0,0,False
2026-03-19 11:33:00+00:00,,,,,,,,0.65,0.65,,0.0,0,False
2026-03-19 11:33:30+00:00,,,,,,,,0.65,0.65,,0.0,0,False
2026-03-19 11:34:00+00:00,,,,,,,,0.65,0.65,,0.0,0,False
2026-03-19 11:34:30+00:00,,,,,,,,0.65,0.65,,0.0,0,False
2026-03-19 11:35:00+00:00,,,,,,,,0.65,0.65,,0.0,0,False
2026-03-19 11:35:30+00:00,,,,,,,,0.65,0.65,,0.0,0,False
2026-03-19 11:36:00+00:00,,,,,,,,0.66,0.66,,4.0,1,False
2026-03-19 11:36:30+00:00,,,,,,,,0.66,0.66,,0.0,0,False
2026-03-19 11:37:00+00:00,,,,,,,,0.66,0.66,,0.0,0,False
2026-03-19 11:37:30+00:00,,,,,,,,0.66,0.66,,0.0,0,False
2026-03-19 11:38:00+00:00,,,,,,,,0.66,0.66,,0.0,0,False
2026-03-19 11:38:30+00:00,,,,,,,,0.66,0.66,,0.0,0,False
2026-03-19 11:39:00+00:00,,,,,,,,0.67,0.67,,16.0,1,False
2026-03-19 11:39:30+00:00,,,,,,,,0.65,0.65,,27.0,1,False
2026-03-19 11:40:00+00:00,,,,,,,,0.65,0.65,,270.0,1,False
2026-03-19 11:40:30+00:00,,,,,,,,0.6507142857142858,0.67,,28.0,2,False
2026-03-19 11:41:00+00:00,,,,,,,,0.6507142857142858,0.67,,0.0,0,False
2026-03-19 11:41:30+00:00,,,,,,,,0.67,0.67,,340.0,1,False
2026-03-19 11:42:00+00:00,,,,,,,,0.65,0.65,,27.0,1,False
2026-03-19 11:42:30+00:00,,,,,,,,0.65,0.65,,0.0,0,False
2026-03-19 11:43:00+00:00,,,,,,,,0.65,0.65,,135.0,1,False
2026-03-19 11:43:30+00:00,,,,,,,,0.67,0.67,,7.0,1,False
2026-03-19 11:44:00+00:00,,,,,,,,0.67,0.67,,0.0,0,False
2026-03-19 11:44:30+00:00,,,,,,,,0.67,0.67,,0.0,0,False
2026-03-19 11:45:00+00:00,,,,,,,,0.67,0.67,,0.0,0,False
2026-03-19 11:45:30+00:00,,,,,,,,0.65,0.65,,30.0,1,False
2026-03-19 11:46:00+00:00,,,,,,,,0.65,0.65,,27.0,1,False
2026-03-19 11:46:30+00:00,,,,,,,,0.65,0.65,,0.0,0,False
2026-03-19 11:47:00+00:00,,,,,,,,0.65,0.65,,27.0,1,False
2026-03-19 11:47:30+00:00,,,,,,,,0.6518918918918919,0.65,,74.0,2,False
2026-03-19 11:48:00+00:00,,,,,,,,0.65,0.65,,74.0,3,False
2026-03-19 11:48:30+00:00,,,,,,,,0.67,0.67,,72.0,1,False
2026-03-19 11:49:00+00:00,,,,,,,,0.67,0.67,,0.0,0,False
2026-03-19 11:49:30+00:00,,,,,,,,0.67,0.67,,0.0,0,False
2026-03-19 11:50:00+00:00,,,,,,,,0.6507142857142858,0.67,,28.0,2,False
2026-03-19 11:50:30+00:00,,,,,,,,0.6507142857142858,0.67,,0.0,0,False
2026-03-19 11:51:00+00:00,,,,,,,,0.6507142857142858,0.67,,0.0,0,False
2026-03-19 11:51:30+00:00,,,,,,,,0.6507142857142858,0.67,,0.0,0,False
2026-03-19 11:52:00+00:00,,,,,,,,0.67,0.67,,7.0,1,False
2026-03-19 11:52:30+00:00,,,,,,,,0.67,0.67,,0.0,0,False
2026-03-19 11:53:00+00:00,,,,,,,,0.67,0.67,,0.0,0,False
2026-03-19 11:53:30+00:00,,,,,,,,0.67,0.67,,0.0,0,False
2026-03-19 11:54:00+00:00,,,,,,,,0.65,0.65,,8.0,1,False
2026-03-19 11:54:30+00:00,,,,,,,,0.65,0.65,,6.0,2,False
2026-03-19 11:55:00+00:00,,,,,,,,0.67,0.67,,21.0,1,False
2026-03-19 11:55:30+00:00,,,,,,,,0.67,0.67,,0.0,0,False
2026-03-19 11:56:00+00:00,,,,,,,,0.65,0.65,,27.0,1,False
2026-03-19 11:56:30+00:00,,,,,,,,0.6597222222222222,0.65,,36.0,3,False
2026-03-19 11:57:00+00:00,,,,,,,,0.67,0.67,,47.0,2,False
2026-03-19 11:57:30+00:00,,,,,,,,0.669,0.67,,80.0,2,False
2026-03-19 11:58:00+00:00,,,,,,,,0.67,0.67,,130.0,2,False
2026-03-19 11:58:30+00:00,,,,,,,,0.67,0.67,,291.0,1,False
2026-03-19 11:59:00+00:00,,,,,,,,0.6500000000000001,0.65,,26.0,1,False
2026-03-19 11:59:30+00:00,,,,,,,,0.6500000000000001,0.65,,0.0,0,False
2026-03-19 12:00:00+00:00,,,,,,,,0.65,0.65,,53.0,2,False
2026-03-19 12:00:30+00:00,,,,,,,,0.65,0.65,,0.0,0,False
2026-03-19 12:01:00+00:00,,,,,,,,0.65,0.65,,0.0,0,False
2026-03-19 12:01:30+00:00,,,,,,,,0.66,0.65,,42.0,3,False
2026-03-19 12:02:00+00:00,,,,,,,,0.6699999999999999,0.67,,98.0,2,False
2026-03-19 12:02:30+00:00,,,,,,,,0.6699999999999999,0.67,,0.0,0,False
2026-03-19 12:03:00+00:00,,,,,,,,0.6633333333333333,0.65,,15.0,3,False
2026-03-19 12:03:30+00:00,,,,,,,,0.6566666666666667,0.65,,3.0,2,False
2026-03-19 12:04:00+00:00,,,,,,,,0.6566666666666667,0.65,,0.0,0,False
2026-03-19 12:04:30+00:00,,,,,,,,0.65,0.65,,35.0,4,False
2026-03-19 12:05:00+00:00,,,,,,,,0.65,0.65,,0.0,0,False
2026-03-19 12:05:30+00:00,,,,,,,,0.6500000000000001,0.65,,52.0,1,False
2026-03-19 12:06:00+00:00,,,,,,,,0.67,0.67,,1.0,1,False
2026-03-19 12:06:30+00:00,,,,,,,,0.67,0.67,,72.0,1,False
2026-03-19 12:07:00+00:00,,,,,,,,0.67,0.67,,57.0,1,False
2026-03-19 12:07:30+00:00,,,,,,,,0.67,0.67,,1.0,1,False
2026-03-19 12:08:00+00:00,,,,,,,,0.6599999999999999,0.6599999999999999,,90.0,1,False
2026-03-19 12:08:30+00:00,,,,,,,,0.6599999999999999,0.6599999999999999,,0.0,0,False
2026-03-19 12:09:00+00:00,,,,,,,,0.65,0.65,,170.0,2,False
2026-03-19 12:09:30+00:00,,,,,,,,0.67,0.67,,1.0,1,False
2026-03-19 12:10:00+00:00,,,,,,,,0.67,0.67,,0.0,0,False
2026-03-19 12:10:30+00:00,,,,,,,,0.67,0.67,,28.0,1,False
2026-03-19 12:11:00+00:00,,,,,,,,0.6663636363636364,0.67,,44.0,2,False
2026-03-19 12:11:30+00:00,,,,,,,,0.67,0.67,,23.0,2,False
2026-03-19 12:12:00+00:00,,,,,,,,0.65,0.65,,27.0,1,False
2026-03-19 12:12:30+00:00,,,,,,,,0.6534567901234569,0.67,,81.0,2,False
2026-03-19 12:13:00+00:00,,,,,,,,0.6534567901234569,0.67,,0.0,0,False
2026-03-19 12:13:30+00:00,,,,,,,,0.67,0.67,,7.0,1,False
2026-03-19 12:14:00+00:00,,,,,,,,0.66,0.66,,18.0,2,False
2026-03-19 12:14:30+00:00,,,,,,,,0.65,0.65,,135.0,2,False
2026-03-19 12:15:00+00:00,,,,,,,,0.65,0.65,,0.0,0,False
2026-03-19 12:15:30+00:00,,,,,,,,0.65,0.65,,0.0,0,False
2026-03-19 12:16:00+00:00,,,,,,,,0.65,0.65,,15.0,1,False
2026-03-19 12:16:30+00:00,,,,,,,,0.65,0.65,,0.0,0,False
2026-03-19 12:17:00+00:00,,,,,,,,0.6587500000000001,0.65,,48.0,2,False
2026-03-19 12:17:30+00:00,,,,,,,,0.6687012987012987,0.65,,77.0,2,False
2026-03-19 12:18:00+00:00,,,,,,,,0.67,0.67,,7.0,1,False
2026-03-19 12:18:30+00:00,,,,,,,,0.67,0.67,,0.0,0,False
2026-03-19 12:19:00+00:00,,,,,,,,0.67,0.67,,0.0,0,False
2026-03-19 12:19:30+00:00,,,,,,,,0.67,0.67,,0.0,0,False
2026-03-19 12:20:00+00:00,,,,,,,,0.67,0.67,,0.0,0,False
2026-03-19 12:20:30+00:00,,,,,,,,0.67,0.67,,0.0,0,False
2026-03-19 12:21:00+00:00,,,,,,,,0.67,0.67,,0.0,0,False
2026-03-19 12:21:30+00:00,,,,,,,,0.67,0.67,,289.0,1,False
2026-03-19 12:22:00+00:00,,,,,,,,0.67,0.67,,0.0,0,False
2026-03-19 12:22:30+00:00,,,,,,,,0.67,0.67,,58.0,1,False
2026-03-19 12:23:00+00:00,,,,,,,,0.67,0.67,,4.0,1,False
2026-03-19 12:23:30+00:00,,,,,,,,0.67,0.67,,0.0,0,False
2026-03-19 12:24:00+00:00,,,,,,,,0.67,0.67,,14.0,1,False
2026-03-19 12:24:30+00:00,,,,,,,,0.67,0.67,,50.0,2,False
2026-03-19 12:25:00+00:00,,,,,,,,0.67,0.67,,7.0,1,False
2026-03-19 12:25:30+00:00,,,,,,,,0.6565000000000001,0.67,,40.0,2,False
2026-03-19 12:26:00+00:00,,,,,,,,0.67,0.67,,36.0,1,False
2026-03-19 12:26:30+00:00,,,,,,,,0.67,0.67,,25.0,2,False
2026-03-19 12:27:00+00:00,,,,,,,,0.67,0.67,,0.0,0,False
2026-03-19 12:27:30+00:00,,,,,,,,0.67,0.67,,0.0,0,False
2026-03-19 12:28:00+00:00,,,,,,,,0.67,0.67,,0.0,0,False
2026-03-19 12:28:30+00:00,,,,,,,,0.67,0.67,,0.0,0,False
2026-03-19 12:29:00+00:00,,,,,,,,0.66,0.66,,10.0,1,False
2026-03-19 12:29:30+00:00,,,,,,,,0.66,0.66,,0.0,0,False
2026-03-19 12:30:00+00:00,,,,,,,,0.65,0.65,,78.0,1,False
2026-03-19 12:30:30+00:00,,,,,,,,0.6582608695652175,0.67,,46.0,3,False
2026-03-19 12:31:00+00:00,,,,,,,,0.6583333333333333,0.66,,12.0,2,False
2026-03-19 12:31:30+00:00,,,,,,,,0.67,0.67,,72.0,1,False
2026-03-19 12:32:00+00:00,,,,,,,,0.67,0.67,,0.0,0,False
2026-03-19 12:32:30+00:00,,,,,,,,0.65,0.65,,10.0,2,False
2026-03-19 12:33:00+00:00,,,,,,,,0.65,0.65,,0.0,0,False
2026-03-19 12:33:30+00:00,,,,,,,,0.6599999999999999,0.6599999999999999,,7.0,1,False
2026-03-19 12:34:00+00:00,,,,,,,,0.6517073170731708,0.65,,82.0,2,False
2026-03-19 12:34:30+00:00,,,,,,,,0.67,0.67,,7.0,1,False
2026-03-19 12:35:00+00:00,,,,,,,,0.67,0.67,,7.0,1,False
2026-03-19 12:35:30+00:00,,,,,,,,0.65,0.65,,27.0,1,False
2026-03-19 12:36:00+00:00,,,,,,,,0.65,0.65,,0.0,0,False
2026-03-19 12:36:30+00:00,,,,,,,,0.6501529051987768,0.65,,327.0,2,False
2026-03-19 12:37:00+00:00,,,,,,,,0.65,0.65,,1.0,1,False
2026-03-19 12:37:30+00:00,,,,,,,,0.65,0.65,,0.0,0,False
2026-03-19 12:38:00+00:00,,,,,,,,0.65,0.65,,0.0,0,False
2026-03-19 12:38:30+00:00,,,,,,,,0.65,0.65,,0.0,0,False
2026-03-19 12:39:00+00:00,,,,,,,,0.65,0.65,,0.0,0,False
2026-03-19 12:39:30+00:00,,,,,,,,0.65,0.65,,0.0,0,False
2026-03-19 12:40:00+00:00,,,,,,,,0.65,0.65,,0.0,0,False
2026-03-19 12:40:30+00:00,,,,,,,,0.65,0.65,,0.0,0,False
2026-03-19 12:41:00+00:00,,,,,,,,0.65,0.65,,0.0,0,False
2026-03-19 12:41:30+00:00,,,,,,,,0.65,0.65,,0.0,0,False
2026-03-19 12:42:00+00:00,,,,,,,,0.65,0.65,,54.0,1,False
2026-03-19 12:42:30+00:00,,,,,,,,0.65,0.65,,64.0,1,False
2026-03-19 12:43:00+00:00,,,,,,,,0.6599999999999999,0.65,,10.0,2,False
2026-03-19 12:43:30+00:00,,,,,,,,0.6697260273972603,0.67,,146.0,2,False
2026-03-19 12:44:00+00:00,,,,,,,,0.6697260273972603,0.67,,0.0,0,False
2026-03-19 12:44:30+00:00,,,,,,,,0.67,0.67,,2.0,1,False
2026-03-19 12:45:00+00:00,,,,,,,,0.65,0.65,,18.0,2,False
2026-03-19 12:45:30+00:00,,,,,,,,0.6500000000000001,0.65,,13.0,1,False
2026-03-19 12:46:00+00:00,,,,,,,,0.6500000000000001,0.65,,0.0,0,False
2026-03-19 12:46:30+00:00,,,,,,,,0.6500000000000001,0.65,,0.0,0,False
2026-03-19 12:47:00+00:00,,,,,,,,0.6500000000000001,0.65,,0.0,0,False
2026-03-19 12:47:30+00:00,,,,,,,,0.6500000000000001,0.65,,0.0,0,False
2026-03-19 12:48:00+00:00,,,,,,,,0.6500000000000001,0.65,,0.0,0,False
2026-03-19 12:48:30+00:00,,,,,,,,0.6500000000000001,0.65,,0.0,0,False
2026-03-19 12:49:00+00:00,,,,,,,,0.6566666666666667,0.65,,3.0,2,False
2026-03-19 12:49:30+00:00,,,,,,,,0.6566666666666667,0.65,,0.0,0,False
2026-03-19 12:50:00+00:00,,,,,,,,0.65,0.65,,136.0,1,False
2026-03-19 12:50:30+00:00,,,,,,,,0.65,0.65,,0.0,0,False
2026-03-19 12:51:00+00:00,,,,,,,,0.65,0.65,,0.0,0,False
2026-03-19 12:51:30+00:00,,,,,,,,0.65,0.65,,0.0,0,False
2026-03-19 12:52:00+00:00,,,,,,,,0.65,0.65,,0.0,0,False
2026-03-19 12:52:30+00:00,,,,,,,,0.65,0.65,,0.0,0,False
2026-03-19 12:53:00+00:00,,,,,,,,0.65,0.65,,0.0,0,False
2026-03-19 12:53:30+00:00,,,,,,,,0.65,0.65,,16.0,1,False
2026-03-19 12:54:00+00:00,,,,,,,,0.6602994011976049,0.67,,167.0,3,False
2026-03-19 12:54:30+00:00,,,,,,,,0.6602994011976049,0.67,,0.0,0,False
2026-03-19 12:55:00+00:00,,,,,,,,0.6602994011976049,0.67,,0.0,0,False
2026-03-19 12:55:30+00:00,,,,,,,,0.6602994011976049,0.67,,0.0,0,False
2026-03-19 12:56:00+00:00,,,,,,,,0.6602994011976049,0.67,,0.0,0,False
2026-03-19 12:56:30+00:00,,,,,,,,0.65,0.65,,900.0,1,False
2026-03-19 12:57:00+00:00,,,,,,,,0.6603571428571429,0.67,,280.0,2,False
2026-03-19 12:57:30+00:00,,,,,,,,0.65,0.65,,6.0,1,False
2026-03-19 12:58:00+00:00,,,,,,,,0.67,0.67,,28.0,1,False
2026-03-19 12:58:30+00:00,,,,,,,,0.67,0.67,,2.0,1,False
2026-03-19 12:59:00+00:00,,,,,,,,0.67,0.67,,0.0,0,False
2026-03-19 12:59:30+00:00,,,,,,,,0.65,0.65,,27.0,1,False
2026-03-19 13:00:00+00:00,,,,,,,,0.65,0.65,,542.0,2,False
2026-03-19 13:00:30+00:00,,,,,,,,0.65,0.65,,0.0,0,False
2026-03-19 13:01:00+00:00,,,,,,,,0.655,0.67,,36.0,3,False
2026-03-19 13:01:30+00:00,,,,,,,,0.67,0.67,,72.0,1,False
2026-03-19 13:02:00+00:00,,,,,,,,0.65,0.65,,16.0,1,False
2026-03-19 13:02:30+00:00,,,,,,,,0.65,0.65,,0.0,0,False
2026-03-19 13:03:00+00:00,,,,,,,,0.65,0.65,,2.0,1,False
2026-03-19 13:03:30+00:00,,,,,,,,0.67,0.67,,22.0,1,False
2026-03-19 13:04:00+00:00,,,,,,,,0.67,0.67,,43.0,1,False
2026-03-19 13:04:30+00:00,,,,,,,,0.67,0.67,,0.0,0,False
2026-03-19 13:05:00+00:00,,,,,,,,0.67,0.67,,0.0,0,False
2026-03-19 13:05:30+00:00,,,,,,,,0.67,0.67,,0.0,0,False
2026-03-19 13:06:00+00:00,,,,,,,,0.6522950819672131,0.67,,61.0,2,False
2026-03-19 13:06:30+00:00,,,,,,,,0.67,0.67,,14.0,1,False
2026-03-19 13:07:00+00:00,,,,,,,,0.67,0.67,,72.0,1,False
2026-03-19 13:07:30+00:00,,,,,,,,0.67,0.67,,0.0,0,False
2026-03-19 13:08:00+00:00,,,,,,,,0.67,0.67,,0.0,0,False
2026-03-19 13:08:30+00:00,,,,,,,,0.67,0.67,,0.0,0,False
2026-03-19 13:09:00+00:00,,,,,,,,0.65,0.65,,250.0,1,False
2026-03-19 13:09:30+00:00,,,,,,,,0.65,0.65,,0.0,0,False
2026-03-19 13:10:00+00:00,,,,,,,,0.65,0.65,,78.0,4,False
2026-03-19 13:10:30+00:00,,,,,,,,0.65,0.65,,0.0,0,False
2026-03-19 13:11:00+00:00,,,,,,,,0.65,0.65,,0.0,0,False
2026-03-19 13:11:30+00:00,,,,,,,,0.65,0.65,,0.0,0,False
2026-03-19 13:12:00+00:00,,,,,,,,0.67,0.67,,40.0,1,False
2026-03-19 13:12:30+00:00,,,,,,,,0.6500000000000001,0.65,,13.0,1,False
2026-03-19 13:13:00+00:00,,,,,,,,0.6500000000000001,0.65,,0.0,0,False
2026-03-19 13:13:30+00:00,,,,,,,,0.6500000000000001,0.65,,0.0,0,False
2026-03-19 13:14:00+00:00,,,,,,,,0.6535365853658537,0.67,,164.0,2,False
2026-03-19 13:14:30+00:00,,,,,,,,0.6535365853658537,0.67,,0.0,0,False
2026-03-19 13:15:00+00:00,,,,,,,,0.6535365853658537,0.67,,0.0,0,False
2026-03-19 13:15:30+00:00,,,,,,,,0.6535365853658537,0.67,,0.0,0,False
2026-03-19 13:16:00+00:00,,,,,,,,0.6535365853658537,0.67,,0.0,0,False
2026-03-19 13:16:30+00:00,,,,,,,,0.65,0.65,,4.0,1,False
2026-03-19 13:17:00+00:00,,,,,,,,0.65,0.65,,1.0,1,False
2026-03-19 13:17:30+00:00,,,,,,,,0.65,0.65,,0.0,0,False
2026-03-19 13:18:00+00:00,,,,,,,,0.65,0.65,,551.0,2,False
2026-03-19 13:18:30+00:00,,,,,,,,0.65375,0.65,,8.0,2,False
2026-03-19 13:19:00+00:00,,,,,,,,0.65,0.65,,18.0,1,False
2026-03-19 13:19:30+00:00,,,,,,,,0.65,0.65,,0.0,0,False
2026-03-19 13:20:00+00:00,,,,,,,,0.65,0.65,,0.0,0,False
2026-03-19 13:20:30+00:00,,,,,,,,0.65,0.65,,0.0,0,False
2026-03-19 13:21:00+00:00,,,,,,,,0.65,0.65,,0.0,0,False
2026-03-19 13:21:30+00:00,,,,,,,,0.6655555555555556,0.65,,9.0,2,False
2026-03-19 13:22:00+00:00,,,,,,,,0.67,0.67,,7.0,1,False
2026-03-19 13:22:30+00:00,,,,,,,,0.67,0.67,,0.0,0,False
2026-03-19 13:23:00+00:00,,,,,,,,0.6499999999999999,0.65,,82.0,3,False
2026-03-19 13:23:30+00:00,,,,,,,,0.6582352941176471,0.65,,34.0,3,False
2026-03-19 13:24:00+00:00,,,,,,,,0.6645454545454547,0.67,,99.0,2,False
2026-03-19 13:24:30+00:00,,,,,,,,0.6645454545454547,0.67,,0.0,0,False
2026-03-19 13:25:00+00:00,,,,,,,,0.65,0.65,,3.0,1,False
2026-03-19 13:25:30+00:00,,,,,,,,0.6500000000000001,0.65,,13.0,1,False
2026-03-19 13:26:00+00:00,,,,,,,,0.6500000000000001,0.65,,0.0,0,False
2026-03-19 13:26:30+00:00,,,,,,,,0.65,0.65,,54.0,1,False
2026-03-19 13:27:00+00:00,,,,,,,,0.6616666666666667,0.65,,12.0,2,False
2026-03-19 13:27:30+00:00,,,,,,,,0.65025069637883,0.67,,718.0,5,False
2026-03-19 13:28:00+00:00,,,,,,,,0.65025069637883,0.67,,0.0,0,False
2026-03-19 13:28:30+00:00,,,,,,,,0.65,0.65,,5.0,1,False
2026-03-19 13:29:00+00:00,,,,,,,,0.6500000000000001,0.65,,13.0,1,False
2026-03-19 13:29:30+00:00,,,,,,,,0.657,0.65,,20.0,2,False
2026-03-19 13:30:00+00:00,,,,,,,,0.67,0.67,,3.0,1,False
2026-03-19 13:30:30+00:00,,,,,,,,0.67,0.67,,0.0,0,False
2026-03-19 13:31:00+00:00,,,,,,,,0.67,0.67,,44.0,2,False
2026-03-19 13:31:30+00:00,,,,,,,,0.67,0.67,,30.0,1,False
2026-03-19 13:32:00+00:00,,,,,,,,0.6509621993127148,0.67,,291.0,3,False
2026-03-19 13:32:30+00:00,,,,,,,,0.6500000000000001,0.65,,13.0,1,False
2026-03-19 13:33:00+00:00,,,,,,,,0.66,0.66,,13.0,1,False
2026-03-19 13:33:30+00:00,,,,,,,,0.6509859154929577,0.65,,142.0,2,False
2026-03-19 13:34:00+00:00,,,,,,,,0.6512048192771085,0.67,,166.0,4,False
2026-03-19 13:34:30+00:00,,,,,,,,0.65,0.65,,40.0,1,False
2026-03-19 13:35:00+00:00,,,,,,,,0.67,0.67,,19.0,2,False
2026-03-19 13:35:30+00:00,,,,,,,,0.67,0.67,,0.0,0,False
2026-03-19 13:36:00+00:00,,,,,,,,0.6538095238095238,0.65,,21.0,2,False
2026-03-19 13:36:30+00:00,,,,,,,,0.6538095238095238,0.65,,0.0,0,False
2026-03-19 13:37:00+00:00,,,,,,,,0.6538095238095238,0.65,,0.0,0,False
2026-03-19 13:37:30+00:00,,,,,,,,0.6538095238095238,0.65,,0.0,0,False
2026-03-19 13:38:00+00:00,,,,,,,,0.6620792079207921,0.67,,101.0,2,False
2026-03-19 13:38:30+00:00,,,,,,,,0.6656756756756758,0.67,,37.0,4,False
2026-03-19 13:39:00+00:00,,,,,,,,0.6614285714285715,0.67,,63.0,2,False
2026-03-19 13:39:30+00:00,,,,,,,,0.65,0.65,,17.0,2,False
2026-03-19 13:40:00+00:00,,,,,,,,0.6500000000000001,0.65,,21.0,2,False
2026-03-19 13:40:30+00:00,,,,,,,,0.67,0.67,,36.0,1,False
2026-03-19 13:41:00+00:00,,,,,,,,0.67,0.67,,0.0,0,False
2026-03-19 13:41:30+00:00,,,,,,,,0.6501470588235294,0.67,,272.0,2,False
2026-03-19 13:42:00+00:00,,,,,,,,0.67,0.67,,38.0,3,False
2026-03-19 13:42:30+00:00,,,,,,,,0.67,0.67,,37.0,1,False
2026-03-19 13:43:00+00:00,,,,,,,,0.65,0.65,,2.0,1,False
2026-03-19 13:43:30+00:00,,,,,,,,0.65,0.65,,8.0,1,False
2026-03-19 13:44:00+00:00,,,,,,,,0.657,0.65,,20.0,2,False
2026-03-19 13:44:30+00:00,,,,,,,,0.65,0.65,,27.0,1,False
2026-03-19 13:45:00+00:00,,,,,,,,0.6500000000000001,0.65,,13.0,1,False
2026-03-19 13:45:30+00:00,,,,,,,,0.65,0.65,,22.0,2,False
2026-03-19 13:46:00+00:00,,,,,,,,0.65,0.65,,0.0,0,False
2026-03-19 13:46:30+00:00,,,,,,,,0.65,0.65,,18.0,2,False
2026-03-19 13:47:00+00:00,,,,,,,,0.65,0.65,,41.0,1,False
2026-03-19 13:47:30+00:00,,,,,,,,0.67,0.67,,144.0,1,False
2026-03-19 13:48:00+00:00,,,,,,,,0.6587500000000001,0.65,,48.0,3,False
2026-03-19 13:48:30+00:00,,,,,,,,0.6571100917431193,0.65,,218.0,3,False
2026-03-19 13:49:00+00:00,,,,,,,,0.6571100917431193,0.65,,0.0,0,False
2026-03-19 13:49:30+00:00,,,,,,,,0.6612903225806451,0.67,,62.0,2,False
2026-03-19 13:50:00+00:00,,,,,,,,0.65,0.65,,270.0,1,False
2026-03-19 13:50:30+00:00,,,,,,,,0.65,0.65,,0.0,0,False
2026-03-19 13:51:00+00:00,,,,,,,,0.65,0.65,,7.0,2,False
2026-03-19 13:51:30+00:00,,,,,,,,0.6627272727272728,0.67,,22.0,2,False
2026-03-19 13:52:00+00:00,,,,,,,,0.6627272727272728,0.67,,0.0,0,False
2026-03-19 13:52:30+00:00,,,,,,,,0.65,0.65,,45.0,2,False
2026-03-19 13:53:00+00:00,,,,,,,,0.6605882352941176,0.67,,51.0,3,False
2026-03-19 13:53:30+00:00,,,,,,,,0.6605882352941176,0.67,,0.0,0,False
2026-03-19 13:54:00+00:00,,,,,,,,0.6605882352941176,0.67,,0.0,0,False
2026-03-19 13:54:30+00:00,,,,,,,,0.6689795918367347,0.67,,98.0,4,False
2026-03-19 13:55:00+00:00,,,,,,,,0.6689795918367347,0.67,,0.0,0,False
2026-03-19 13:55:30+00:00,,,,,,,,0.65,0.65,,27.0,1,False
2026-03-19 13:56:00+00:00,,,,,,,,0.65,0.65,,6.0,1,False
2026-03-19 13:56:30+00:00,,,,,,,,0.67,0.67,,1.0,1,False
2026-03-19 13:57:00+00:00,,,,,,,,0.67,0.67,,76.0,2,False
2026-03-19 13:57:30+00:00,,,,,,,,0.67,0.67,,0.0,0,False
2026-03-19 13:58:00+00:00,,,,,,,,0.6507506702412869,0.65,,373.0,2,False
2026-03-19 13:58:30+00:00,,,,,,,,0.67,0.67,,499.0,3,False
2026-03-19 13:59:00+00:00,,,,,,,,0.6555555555555556,0.67,,18.0,3,False
2026-03-19 13:59:30+00:00,,,,,,,,0.6555555555555556,0.67,,0.0,0,False
2026-03-19 14:00:00+00:00,,,,,,,,0.6649999999999999,0.65,,52.0,3,False
2026-03-19 14:00:30+00:00,,,,,,,,0.6639344262295082,0.67,,61.0,2,False
2026-03-19 14:01:00+00:00,,,,,,,,0.6639344262295082,0.67,,0.0,0,False
2026-03-19 14:01:30+00:00,,,,,,,,0.6639344262295082,0.67,,0.0,0,False
2026-03-19 14:02:00+00:00,,,,,,,,0.67,0.67,,5.0,2,False
2026-03-19 14:02:30+00:00,,,,,,,,0.67,0.67,,0.0,0,False
2026-03-19 14:03:00+00:00,,,,,,,,0.6684049079754601,0.67,,163.0,2,False
2026-03-19 14:03:30+00:00,,,,,,,,0.67,0.67,,300.0,1,False
2026-03-19 14:04:00+00:00,,,,,,,,0.67,0.67,,0.0,0,False
2026-03-19 14:04:30+00:00,,,,,,,,0.67,0.67,,0.0,0,False
2026-03-19 14:05:00+00:00,,,,,,,,0.67,0.67,,0.0,0,False
2026-03-19 14:05:30+00:00,,,,,,,,0.67,0.67,,14.0,1,False
2026-03-19 14:06:00+00:00,,,,,,,,0.6636585365853659,0.67,,41.0,2,False
2026-03-19 14:06:30+00:00,,,,,,,,0.67,0.67,,72.0,1,False
2026-03-19 14:07:00+00:00,,,,,,,,0.67,0.67,,17.0,1,False
2026-03-19 14:07:30+00:00,,,,,,,,0.67,0.67,,7.0,2,False
2026-03-19 14:08:00+00:00,,,,,,,,0.6522950819672131,0.65,,61.0,2,False
2026-03-19 14:08:30+00:00,,,,,,,,0.6522950819672131,0.65,,0.0,0,False
2026-03-19 14:09:00+00:00,,,,,,,,0.67,0.67,,4.0,1,False
2026-03-19 14:09:30+00:00,,,,,,,,0.67,0.67,,0.0,0,False
2026-03-19 14:10:00+00:00,,,,,,,,0.67,0.67,,0.0,0,False
2026-03-19 14:10:30+00:00,,,,,,,,0.652046204620462,0.65,,303.0,4,False
2026-03-19 14:11:00+00:00,,,,,,,,0.65,0.65,,163.0,1,False
2026-03-19 14:11:30+00:00,,,,,,,,0.65,0.65,,0.0,0,False
2026-03-19 14:12:00+00:00,,,,,,,,0.6500000000000001,0.65,,13.0,1,False
2026-03-19 14:12:30+00:00,,,,,,,,0.65,0.65,,25.0,1,False
2026-03-19 14:13:00+00:00,,,,,,,,0.67,0.67,,100.0,1,False
2026-03-19 14:13:30+00:00,,,,,,,,0.67,0.67,,0.0,0,False
2026-03-19 14:14:00+00:00,,,,,,,,0.67,0.67,,56.0,1,False
2026-03-19 14:14:30+00:00,,,,,,,,0.67,0.67,,0.0,0,False
2026-03-19 14:15:00+00:00,,,,,,,,0.65,0.65,,118.0,1,False
2026-03-19 14:15:30+00:00,,,,,,,,0.67,0.67,,373.0,1,False
2026-03-19 14:16:00+00:00,,,,,,,,0.6675000000000001,0.65,,16.0,2,False
2026-03-19 14:16:30+00:00,,,,,,,,0.6675000000000001,0.65,,0.0,0,False
2026-03-19 14:17:00+00:00,,,,,,,,0.6675000000000001,0.65,,0.0,0,False
2026-03-19 14:17:30+00:00,,,,,,,,0.6500816993464053,0.65,,612.0,3,False
2026-03-19 14:18:00+00:00,,,,,,,,0.6700000000000002,0.67,,108.0,2,False
2026-03-19 14:18:30+00:00,,,,,,,,0.6700000000000002,0.67,,0.0,0,False
2026-03-19 14:19:00+00:00,,,,,,,,0.65,0.65,,8.0,1,False
2026-03-19 14:19:30+00:00,,,,,,,,0.65,0.65,,0.0,0,False
2026-03-19 14:20:00+00:00,,,,,,,,0.65,0.65,,0.0,0,False
2026-03-19 14:20:30+00:00,,,,,,,,0.65,0.65,,0.0,0,False
2026-03-19 14:21:00+00:00,,,,,,,,0.66,0.67,,30.0,2,False
2026-03-19 14:21:30+00:00,,,,,,,,0.6577007299270075,0.66,,274.0,4,False
2026-03-19 14:22:00+00:00,,,,,,,,0.65,0.65,,121.0,2,False
2026-03-19 14:22:30+00:00,,,,,,,,0.65,0.65,,0.0,0,False
2026-03-19 14:23:00+00:00,,,,,,,,0.65,0.65,,0.0,0,False
2026-03-19 14:23:30+00:00,,,,,,,,0.6699999999999999,0.67,,214.0,2,False
2026-03-19 14:24:00+00:00,,,,,,,,0.6538356164383562,0.65,,73.0,3,False
2026-03-19 14:24:30+00:00,,,,,,,,0.65,0.65,,683.0,1,False
2026-03-19 14:25:00+00:00,,,,,,,,0.65,0.65,,0.0,0,False
2026-03-19 14:25:30+00:00,,,,,,,,0.6666486486486487,0.67,,185.0,3,False
2026-03-19 14:26:00+00:00,,,,,,,,0.65,0.65,,40.0,1,False
2026-03-19 14:26:30+00:00,,,,,,,,0.66,0.66,,7.0,1,False
2026-03-19 14:27:00+00:00,,,,,,,,0.6677777777777778,0.65,,9.0,2,False
2026-03-19 14:27:30+00:00,,,,,,,,0.67,0.67,,7.0,1,False
2026-03-19 14:28:00+00:00,,,,,,,,0.67,0.67,,0.0,0,False
2026-03-19 14:28:30+00:00,,,,,,,,0.6700000000000002,0.67,,435.0,2,False
2026-03-19 14:29:00+00:00,,,,,,,,0.67,0.67,,1.0,1,False
2026-03-19 14:29:30+00:00,,,,,,,,0.65,0.65,,15.0,1,False
2026-03-19 14:30:00+00:00,,,,,,,,0.65,0.65,,3.0,1,False
2026-03-19 14:30:30+00:00,,,,,,,,0.6700000000000002,0.67,,827.0,3,False
2026-03-19 14:31:00+00:00,,,,,,,,0.65,0.65,,2.0,1,False
2026-03-19 14:31:30+00:00,,,,,,,,0.65,0.65,,0.0,0,False
2026-03-19 14:32:00+00:00,,,,,,,,0.65,0.65,,0.0,0,False
2026-03-19 14:32:30+00:00,,,,,,,,0.67,0.67,,7.0,1,False
2026-03-19 14:33:00+00:00,,,,,,,,0.67,0.67,,0.0,0,False
2026-03-19 14:33:30+00:00,,,,,,,,0.65,0.65,,5.0,1,False
2026-03-19 14:34:00+00:00,,,,,,,,0.67,0.67,,7.0,1,False
2026-03-19 14:34:30+00:00,,,,,,,,0.6500378787878789,0.6599999999999999,,264.0,2,False
2026-03-19 14:35:00+00:00,,,,,,,,0.67,0.67,,1.0,1,False
2026-03-19 14:35:30+00:00,,,,,,,,0.67,0.67,,117.0,4,False
2026-03-19 14:36:00+00:00,,,,,,,,0.67,0.67,,0.0,0,False
2026-03-19 14:36:30+00:00,,,,,,,,0.6500737327188939,0.65,,1085.0,2,False
2026-03-19 14:37:00+00:00,,,,,,,,0.67,0.67,,7.0,1,False
2026-03-19 14:37:30+00:00,,,,,,,,0.67,0.67,,15.0,1,False
2026-03-19 14:38:00+00:00,,,,,,,,0.67,0.67,,0.0,0,False
2026-03-19 14:38:30+00:00,,,,,,,,0.65,0.65,,405.0,2,False
2026-03-19 14:39:00+00:00,,,,,,,,0.67,0.67,,1.0,1,False
2026-03-19 14:39:30+00:00,,,,,,,,0.65,0.65,,27.0,1,False
2026-03-19 14:40:00+00:00,,,,,,,,0.67,0.67,,15.0,2,False
2026-03-19 14:40:30+00:00,,,,,,,,0.65,0.65,,18.0,1,False
2026-03-19 14:41:00+00:00,,,,,,,,0.65,0.65,,0.0,0,False
2026-03-19 14:41:30+00:00,,,,,,,,0.67,0.67,,67.0,3,False
2026-03-19 14:42:00+00:00,,,,,,,,0.65,0.65,,270.0,1,False
2026-03-19 14:42:30+00:00,,,,,,,,0.67,0.67,,2.0,1,False
2026-03-19 14:43:00+00:00,,,,,,,,0.67,0.67,,7.0,1,False
2026-03-19 14:43:30+00:00,,,,,,,,0.67,0.67,,10.0,1,False
2026-03-19 14:44:00+00:00,,,,,,,,0.6526666666666667,0.67,,15.0,2,False
2026-03-19 14:44:30+00:00,,,,,,,,0.67,0.67,,72.0,1,False
2026-03-19 14:45:00+00:00,,,,,,,,0.67,0.67,,0.0,0,False
2026-03-19 14:45:30+00:00,,,,,,,,0.67,0.67,,11.0,1,False
2026-03-19 14:46:00+00:00,,,,,,,,0.67,0.67,,10.0,1,False
2026-03-19 14:46:30+00:00,,,,,,,,0.65,0.65,,27.0,1,False
2026-03-19 14:47:00+00:00,,,,,,,,0.6525316455696203,0.65,,79.0,3,False
2026-03-19 14:47:30+00:00,,,,,,,,0.6525316455696203,0.65,,0.0,0,False
2026-03-19 14:48:00+00:00,,,,,,,,0.65,0.65,,5.0,1,False
2026-03-19 14:48:30+00:00,,,,,,,,0.67,0.67,,7.0,1,False
2026-03-19 14:49:00+00:00,,,,,,,,0.655,0.65,,8.0,2,False
2026-03-19 14:49:30+00:00,,,,,,,,0.6665454545454544,0.67,,110.0,4,False
2026-03-19 14:50:00+00:00,,,,,,,,0.6684573002754821,0.6599999999999999,,363.0,6,False
2026-03-19 14:50:30+00:00,,,,,,,,0.6684573002754821,0.6599999999999999,,0.0,0,False
2026-03-19 14:51:00+00:00,,,,,,,,0.6599999999999999,0.6599999999999999,,13.0,1,False
2026-03-19 14:51:30+00:00,,,,,,,,0.67,0.67,,16.0,1,False
2026-03-19 14:52:00+00:00,,,,,,,,0.67,0.67,,0.0,0,False
2026-03-19 14:52:30+00:00,,,,,,,,0.67,0.67,,0.0,0,False
2026-03-19 14:53:00+00:00,,,,,,,,0.67,0.67,,0.0,0,False
2026-03-19 14:53:30+00:00,,,,,,,,0.6699450926561428,0.6599999999999999,,1457.0,2,False
2026-03-19 14:54:00+00:00,,,,,,,,0.6699450926561428,0.6599999999999999,,0.0,0,False
2026-03-19 14:54:30+00:00,,,,,,,,0.67,0.67,,5.0,1,False
2026-03-19 14:55:00+00:00,,,,,,,,0.6623943661971831,0.67,,71.0,3,False
2026-03-19 14:55:30+00:00,,,,,,,,0.6599999999999999,0.6599999999999999,,55.0,2,False
2026-03-19 14:56:00+00:00,,,,,,,,0.67,0.67,,17.0,2,False
2026-03-19 14:56:30+00:00,,,,,,,,0.6599999999999999,0.6599999999999999,,15.0,1,False
2026-03-19 14:57:00+00:00,,,,,,,,0.6599999999999999,0.6599999999999999,,0.0,0,False
2026-03-19 14:57:30+00:00,,,,,,,,0.67,0.67,,1.0,1,False
2026-03-19 14:58:00+00:00,,,,,,,,0.67,0.67,,43.0,1,False
2026-03-19 14:58:30+00:00,,,,,,,,0.67,0.67,,0.0,0,False
2026-03-19 14:59:00+00:00,,,,,,,,0.6662068965517242,0.67,,116.0,3,False
2026-03-19 14:59:30+00:00,,,,,,,,0.6599999999999998,0.6599999999999999,,25.0,1,False
2026-03-19 15:00:00+00:00,,,,,,,,0.67,0.67,,166.0,2,False
2026-03-19 15:00:30+00:00,,,,,,,,0.6599999999999999,0.6599999999999999,,52.0,2,False
2026-03-19 15:01:00+00:00,,,,,,,,0.6599999999999999,0.6599999999999999,,2.0,1,False
2026-03-19 15:01:30+00:00,,,,,,,,0.6599999999999999,0.6599999999999999,,27.0,1,False
2026-03-19 15:02:00+00:00,,,,,,,,0.6700000000000002,0.67,,98.0,1,False
2026-03-19 15:02:30+00:00,,,,,,,,0.67,0.67,,3.0,1,False
2026-03-19 15:03:00+00:00,,,,,,,,0.67,0.67,,19.0,2,False
2026-03-19 15:03:30+00:00,,,,,,,,0.67,0.67,,0.0,0,False
2026-03-19 15:04:00+00:00,,,,,,,,0.67,0.67,,32.0,3,False
2026-03-19 15:04:30+00:00,,,,,,,,0.67,0.67,,15.0,1,False
2026-03-19 15:05:00+00:00,,,,,,,,0.67,0.67,,359.0,1,False
2026-03-19 15:05:30+00:00,,,,,,,,0.67,0.67,,0.0,0,False
2026-03-19 15:06:00+00:00,,,,,,,,0.6599999999999998,0.6599999999999999,,307.0,3,False
2026-03-19 15:06:30+00:00,,,,,,,,0.6687500000000001,0.6599999999999999,,16.0,2,False
2026-03-19 15:07:00+00:00,,,,,,,,0.67,0.67,,8.0,1,False
2026-03-19 15:07:30+00:00,,,,,,,,0.67,0.67,,437.0,1,False
2026-03-19 15:08:00+00:00,,,,,,,,0.6699999999999999,0.67,,39.0,3,False
2026-03-19 15:08:30+00:00,,,,,,,,0.6673,0.67,,200.0,4,False
2026-03-19 15:09:00+00:00,,,,,,,,0.6673,0.67,,0.0,0,False
2026-03-19 15:09:30+00:00,,,,,,,,0.6673,0.67,,0.0,0,False
2026-03-19 15:10:00+00:00,,,,,,,,0.6673,0.67,,0.0,0,False
2026-03-19 15:10:30+00:00,,,,,,,,0.6678461538461538,0.6599999999999999,,65.0,2,False
2026-03-19 15:11:00+00:00,,,,,,,,0.6678461538461538,0.6599999999999999,,0.0,0,False
2026-03-19 15:11:30+00:00,,,,,,,,0.6678461538461538,0.6599999999999999,,0.0,0,False
2026-03-19 15:12:00+00:00,,,,,,,,0.67,0.67,,16.0,2,False
2026-03-19 15:12:30+00:00,,,,,,,,0.67,0.67,,1.0,1,False
2026-03-19 15:13:00+00:00,,,,,,,,0.6599999999999999,0.6599999999999999,,5.0,1,False
2026-03-19 15:13:30+00:00,,,,,,,,0.6599999999999999,0.6599999999999999,,14.0,1,False
2026-03-19 15:14:00+00:00,,,,,,,,0.665,0.6599999999999999,,2.0,2,False
2026-03-19 15:14:30+00:00,,,,,,,,0.665,0.6599999999999999,,0.0,0,False
2026-03-19 15:15:00+00:00,,,,,,,,0.6618264840182648,0.67,,219.0,4,False
2026-03-19 15:15:30+00:00,,,,,,,,0.6697435897435897,0.67,,39.0,2,False
2026-03-19 15:16:00+00:00,,,,,,,,0.6663529411764707,0.67,,255.0,7,False
2026-03-19 15:16:30+00:00,,,,,,,,0.6663529411764707,0.67,,0.0,0,False
2026-03-19 15:17:00+00:00,,,,,,,,0.6663529411764707,0.67,,0.0,0,False
2026-03-19 15:17:30+00:00,,,,,,,,0.6663529411764707,0.67,,0.0,0,False
2026-03-19 15:18:00+00:00,,,,,,,,0.6599999999999999,0.6599999999999999,,83.0,3,False
2026-03-19 15:18:30+00:00,,,,,,,,0.6618918918918919,0.67,,37.0,2,False
2026-03-19 15:19:00+00:00,,,,,,,,0.6691139240506329,0.6599999999999999,,158.0,2,False
2026-03-19 15:19:30+00:00,,,,,,,,0.6691139240506329,0.6599999999999999,,0.0,0,False
2026-03-19 15:20:00+00:00,,,,,,,,0.6597058823529411,0.6599999999999999,,34.0,3,False
2026-03-19 15:20:30+00:00,,,,,,,,0.6499999999999999,0.65,,18.0,2,False
2026-03-19 15:21:00+00:00,,,,,,,,0.67,0.67,,652.0,2,False
2026-03-19 15:21:30+00:00,,,,,,,,0.65,0.65,,27.0,1,False
2026-03-19 15:22:00+00:00,,,,,,,,0.65,0.65,,675.0,1,False
2026-03-19 15:22:30+00:00,,,,,,,,0.65,0.65,,0.0,0,False
2026-03-19 15:23:00+00:00,,,,,,,,0.67,0.67,,25.0,2,False
2026-03-19 15:23:30+00:00,,,,,,,,0.65,0.65,,105.0,1,False
2026-03-19 15:24:00+00:00,,,,,,,,0.67,0.67,,21.0,2,False
2026-03-19 15:24:30+00:00,,,,,,,,0.6500000000000001,0.65,,13.0,1,False
2026-03-19 15:25:00+00:00,,,,,,,,0.65,0.65,,53.0,2,False
2026-03-19 15:25:30+00:00,,,,,,,,0.6526666666666667,0.65,,30.0,2,False
2026-03-19 15:26:00+00:00,,,,,,,,0.6500000000000001,0.65,,13.0,1,False
2026-03-19 15:26:30+00:00,,,,,,,,0.6586153846153846,0.65,,65.0,5,False
2026-03-19 15:27:00+00:00,,,,,,,,0.6586153846153846,0.65,,0.0,0,False
2026-03-19 15:27:30+00:00,,,,,,,,0.67,0.67,,4.0,1,False
2026-03-19 15:28:00+00:00,,,,,,,,0.67,0.67,,0.0,0,False
2026-03-19 15:28:30+00:00,,,,,,,,0.6601579778830965,0.66,,633.0,6,False
2026-03-19 15:29:00+00:00,,,,,,,,0.67,0.67,,21.0,1,False
2026-03-19 15:29:30+00:00,,,,,,,,0.67,0.67,,0.0,0,False
2026-03-19 15:30:00+00:00,,,,,,,,0.6700000000000002,0.67,,29.0,3,False
2026-03-19 15:30:30+00:00,,,,,,,,0.67,0.67,,2.0,1,False
2026-03-19 15:31:00+00:00,,,,,,,,0.67,0.67,,0.0,0,False
2026-03-19 15:31:30+00:00,,,,,,,,0.6592727272727273,0.67,,55.0,3,False
2026-03-19 15:32:00+00:00,,,,,,,,0.6592727272727273,0.67,,0.0,0,False
2026-03-19 15:32:30+00:00,,,,,,,,0.6560240963855422,0.67,,83.0,3,False
2026-03-19 15:33:00+00:00,,,,,,,,0.6560240963855422,0.67,,0.0,0,False
2026-03-19 15:33:30+00:00,,,,,,,,0.6553846153846155,0.65,,39.0,3,False
2026-03-19 15:34:00+00:00,,,,,,,,0.6553846153846155,0.65,,0.0,0,False
2026-03-19 15:34:30+00:00,,,,,,,,0.66125,0.67,,8.0,2,False
2026-03-19 15:35:00+00:00,,,,,,,,0.6699999999999999,0.6699999999999999,,60.0,4,False
2026-03-19 15:35:30+00:00,,,,,,,,0.67,0.67,,157.0,4,False
2026-03-19 15:36:00+00:00,,,,,,,,0.669975,0.6599999999999999,,400.0,3,False
2026-03-19 15:36:30+00:00,,,,,,,,0.669975,0.6599999999999999,,0.0,0,False
2026-03-19 15:37:00+00:00,,,,,,,,0.669975,0.6599999999999999,,0.0,0,False
2026-03-19 15:37:30+00:00,,,,,,,,0.6522105263157895,0.6599999999999999,,190.0,2,False
2026-03-19 15:38:00+00:00,,,,,,,,0.6522105263157895,0.6599999999999999,,0.0,0,False
2026-03-19 15:38:30+00:00,,,,,,,,0.6666871165644171,0.65,,163.0,4,False
2026-03-19 15:39:00+00:00,,,,,,,,0.6636656891495601,0.67,,341.0,6,False
2026-03-19 15:39:30+00:00,,,,,,,,0.67,0.67,,29.0,1,False
2026-03-19 15:40:00+00:00,,,,,,,,0.67,0.67,,138.0,2,False
2026-03-19 15:40:30+00:00,,,,,,,,0.67,0.67,,50.0,1,False
2026-03-19 15:41:00+00:00,,,,,,,,0.6656034482758622,0.67,,116.0,2,False
2026-03-19 15:41:30+00:00,,,,,,,,0.6656034482758622,0.67,,0.0,0,False
2026-03-19 15:42:00+00:00,,,,,,,,0.65,0.65,,59.0,2,False
2026-03-19 15:42:30+00:00,,,,,,,,0.65,0.65,,0.0,0,False
2026-03-19 15:43:00+00:00,,,,,,,,0.67,0.67,,4.0,1,False
2026-03-19 15:43:30+00:00,,,,,,,,0.6593023255813953,0.67,,43.0,3,False
2026-03-19 15:44:00+00:00,,,,,,,,0.65,0.65,,30.0,1,False
2026-03-19 15:44:30+00:00,,,,,,,,0.6499999999999999,0.65,,26.0,2,False
2026-03-19 15:45:00+00:00,,,,,,,,0.6578181818181819,0.65,,110.0,4,False
2026-03-19 15:45:30+00:00,,,,,,,,0.67,0.67,,7.0,1,False
2026-03-19 15:46:00+00:00,,,,,,,,0.6572916666666667,0.67,,96.0,3,False
2026-03-19 15:46:30+00:00,,,,,,,,0.67,0.67,,5.0,1,False
2026-03-19 15:47:00+00:00,,,,,,,,0.6653956834532374,0.6599999999999999,,278.0,3,False
2026-03-19 15:47:30+00:00,,,,,,,,0.6658333333333334,0.66,,24.0,2,False
2026-03-19 15:48:00+00:00,,,,,,,,0.65,0.65,,16.0,1,False
2026-03-19 15:48:30+00:00,,,,,,,,0.65,0.65,,0.0,0,False
2026-03-19 15:49:00+00:00,,,,,,,,0.65,0.65,,0.0,0,False
2026-03-19 15:49:30+00:00,,,,,,,,0.65,0.65,,0.0,0,False
2026-03-19 15:50:00+00:00,,,,,,,,0.66,0.66,,36.0,3,False
2026-03-19 15:50:30+00:00,,,,,,,,0.66,0.66,,1.0,1,False
2026-03-19 15:51:00+00:00,,,,,,,,0.6507142857142858,0.66,,14.0,2,False
2026-03-19 15:51:30+00:00,,,,,,,,0.65,0.65,,5.0,1,False
2026-03-19 15:52:00+00:00,,,,,,,,0.65,0.65,,3.0,1,False
2026-03-19 15:52:30+00:00,,,,,,,,0.65,0.65,,10.0,1,False
2026-03-19 15:53:00+00:00,,,,,,,,0.65,0.65,,0.0,0,False
2026-03-19 15:53:30+00:00,,,,,,,,0.65796875,0.66,,64.0,3,False
2026-03-19 15:54:00+00:00,,,,,,,,0.65796875,0.66,,0.0,0,False
2026-03-19 15:54:30+00:00,,,,,,,,0.65796875,0.66,,0.0,0,False
2026-03-19 15:55:00+00:00,,,,,,,,0.66,0.66,,29.0,1,False
2026-03-19 15:55:30+00:00,,,,,,,,0.66,0.66,,0.0,0,False
2026-03-19 15:56:00+00:00,,,,,,,,0.65,0.65,,3.0,1,False
2026-03-19 15:56:30+00:00,,,,,,,,0.65,0.65,,0.0,0,False
2026-03-19 15:57:00+00:00,,,,,,,,0.6587500000000001,0.65,,16.0,2,False
2026-03-19 15:57:30+00:00,,,,,,,,0.65,0.65,,5.0,1,False
2026-03-19 15:58:00+00:00,,,,,,,,0.6620754716981133,0.65,,106.0,6,False
2026-03-19 15:58:30+00:00,,,,,,,,0.6694444444444445,0.67,,36.0,3,False
2026-03-19 15:59:00+00:00,,,,,,,,0.6513461538461539,0.67,,208.0,2,False
2026-03-19 15:59:30+00:00,,,,,,,,0.6513461538461539,0.67,,0.0,0,False
2026-03-19 16:00:00+00:00,,,,,,,,0.67,0.67,,116.0,1,False
2026-03-19 16:00:30+00:00,,,,,,,,0.65,0.65,,30.0,1,False
2026-03-19 16:01:00+00:00,,,,,,,,0.6603703703703704,0.67,,27.0,2,False
2026-03-19 16:01:30+00:00,,,,,,,,0.65,0.65,,4.0,1,False
2026-03-19 16:02:00+00:00,,,,,,,,0.6648453608247423,0.67,,97.0,4,False
2026-03-19 16:02:30+00:00,,,,,,,,0.6648453608247423,0.67,,0.0,0,False
2026-03-19 16:03:00+00:00,,,,,,,,0.65,0.65,,27.0,1,False
2026-03-19 16:03:30+00:00,,,,,,,,0.65,0.65,,5405.0,1,False
2026-03-19 16:04:00+00:00,,,,,,,,0.65,0.65,,88.0,5,False
2026-03-19 16:04:30+00:00,,,,,,,,0.65,0.65,,0.0,0,False
2026-03-19 16:05:00+00:00,,,,,,,,0.65,0.65,,54.0,1,False
2026-03-19 16:05:30+00:00,,,,,,,,0.65,0.65,,135.0,1,False
2026-03-19 16:06:00+00:00,,,,,,,,0.6618032786885246,0.65,,122.0,2,False
2026-03-19 16:06:30+00:00,,,,,,,,0.67,0.67,,109.0,2,False
2026-03-19 16:07:00+00:00,,,,,,,,0.65,0.65,,2.0,1,False
2026-03-19 16:07:30+00:00,,,,,,,,0.65,0.65,,0.0,0,False
2026-03-19 16:08:00+00:00,,,,,,,,0.65,0.65,,0.0,0,False
2026-03-19 16:08:30+00:00,,,,,,,,0.67,0.67,,72.0,1,False
2026-03-19 16:09:00+00:00,,,,,,,,0.67,0.67,,0.0,0,False
2026-03-19 16:09:30+00:00,,,,,,,,0.6527777777777778,0.65,,144.0,3,False
2026-03-19 16:10:00+00:00,,,,,,,,0.6546938775510204,0.65,,392.0,3,False
2026-03-19 16:10:30+00:00,,,,,,,,0.6546938775510204,0.65,,0.0,0,False
2026-03-19 16:11:00+00:00,,,,,,,,0.6500000000000001,0.65,,13.0,1,False
2026-03-19 16:11:30+00:00,,,,,,,,0.67,0.67,,1.0,1,False
2026-03-19 16:12:00+00:00,,,,,,,,0.65,0.65,,8.0,1,False
2026-03-19 16:12:30+00:00,,,,,,,,0.67,0.67,,21.0,2,False
2026-03-19 16:13:00+00:00,,,,,,,,0.67,0.67,,0.0,0,False
2026-03-19 16:13:30+00:00,,,,,,,,0.65,0.65,,27.0,1,False
2026-03-19 16:14:00+00:00,,,,,,,,0.65,0.65,,0.0,0,False
2026-03-19 16:14:30+00:00,,,,,,,,0.67,0.67,,290.0,2,False
2026-03-19 16:15:00+00:00,,,,,,,,0.6506172839506172,0.65,,162.0,2,False
2026-03-19 16:15:30+00:00,,,,,,,,0.6506172839506172,0.65,,0.0,0,False
2026-03-19 16:16:00+00:00,,,,,,,,0.6506172839506172,0.65,,0.0,0,False
2026-03-19 16:16:30+00:00,,,,,,,,0.6500000000000001,0.65,,13.0,1,False
2026-03-19 16:17:00+00:00,,,,,,,,0.65,0.65,,5.0,1,False
2026-03-19 16:17:30+00:00,,,,,,,,0.67,0.67,,15.0,1,False
2026-03-19 16:18:00+00:00,,,,,,,,0.65,0.65,,85.0,1,False
2026-03-19 16:18:30+00:00,,,,,,,,0.65,0.65,,0.0,0,False
2026-03-19 16:19:00+00:00,,,,,,,,0.6500000000000001,0.65,,13.0,1,False
2026-03-19 16:19:30+00:00,,,,,,,,0.6500000000000001,0.65,,0.0,0,False
2026-03-19 16:20:00+00:00,,,,,,,,0.6504610492845787,0.67,,1258.0,2,False
2026-03-19 16:20:30+00:00,,,,,,,,0.65,0.65,,373.0,1,False
2026-03-19 16:21:00+00:00,,,,,,,,0.658,0.67,,35.0,3,False
2026-03-19 16:21:30+00:00,,,,,,,,0.67,0.67,,108.0,1,False
2026-03-19 16:22:00+00:00,,,,,,,,0.67,0.67,,14.0,1,False
2026-03-19 16:22:30+00:00,,,,,,,,0.67,0.67,,0.0,0,False
2026-03-19 16:23:00+00:00,,,,,,,,0.67,0.67,,1.0,1,False
2026-03-19 16:23:30+00:00,,,,,,,,0.67,0.67,,13.0,1,False
2026-03-19 16:24:00+00:00,,,,,,,,0.6603703703703704,0.67,,27.0,2,False
2026-03-19 16:24:30+00:00,,,,,,,,0.67,0.67,,144.0,1,False
2026-03-19 16:25:00+00:00,,,,,,,,0.65,0.65,,42.0,2,False
2026-03-19 16:25:30+00:00,,,,,,,,0.6675000000000001,0.67,,16.0,2,False
2026-03-19 16:26:00+00:00,,,,,,,,0.6678205128205129,0.65,,1248.0,2,False
2026-03-19 16:26:30+00:00,,,,,,,,0.6678205128205129,0.65,,0.0,0,False
2026-03-19 16:27:00+00:00,,,,,,,,0.6499999999999999,0.65,,20403.0,5,False
2026-03-19 16:27:30+00:00,,,,,,,,0.67,0.67,,29.0,1,False
2026-03-19 16:28:00+00:00,,,,,,,,0.67,0.67,,0.0,0,False
2026-03-19 16:28:30+00:00,,,,,,,,0.6598498498498498,0.67,,333.0,5,False
2026-03-19 16:29:00+00:00,,,,,,,,0.65,0.65,,5.0,1,False
2026-03-19 16:29:30+00:00,,,,,,,,0.65,0.65,,2.0,1,False
2026-03-19 16:30:00+00:00,,,,,,,,0.65,0.65,,0.0,0,False
2026-03-19 16:30:30+00:00,,,,,,,,0.65,0.65,,0.0,0,False
2026-03-19 16:31:00+00:00,,,,,,,,0.6517073170731708,0.66,,41.0,4,False
2026-03-19 16:31:30+00:00,,,,,,,,0.66,0.66,,14.0,1,False
2026-03-19 16:32:00+00:00,,,,,,,,0.66,0.66,,36.0,1,False
2026-03-19 16:32:30+00:00,,,,,,,,0.65,0.65,,2.0,1,False
2026-03-19 16:33:00+00:00,,,,,,,,0.66,0.66,,75.0,1,False
2026-03-19 16:33:30+00:00,,,,,,,,0.6574358974358975,0.65,,39.0,4,False
2026-03-19 16:34:00+00:00,,,,,,,,0.65,0.65,,5.0,1,False
2026-03-19 16:34:30+00:00,,,,,,,,0.65,0.65,,0.0,0,False
2026-03-19 16:35:00+00:00,,,,,,,,0.66,0.66,,14.0,1,False
2026-03-19 16:35:30+00:00,,,,,,,,0.6699999999999999,0.6699999999999999,,26.0,1,False
2026-03-19 16:36:00+00:00,,,,,,,,0.6687755102040818,0.67,,490.0,5,False
2026-03-19 16:36:30+00:00,,,,,,,,0.67,0.67,,14.0,1,False
2026-03-19 16:37:00+00:00,,,,,,,,0.67,0.67,,1.0,1,False
2026-03-19 16:37:30+00:00,,,,,,,,0.6692982456140352,0.67,,114.0,4,False
2026-03-19 16:38:00+00:00,,,,,,,,0.6692982456140352,0.67,,0.0,0,False
2026-03-19 16:38:30+00:00,,,,,,,,0.6692982456140352,0.67,,0.0,0,False
2026-03-19 16:39:00+00:00,,,,,,,,0.67,0.67,,2.0,1,False
2026-03-19 16:39:30+00:00,,,,,,,,0.6500000000000001,0.65,,109.0,2,False
2026-03-19 16:40:00+00:00,,,,,,,,0.6511267605633804,0.67,,71.0,3,False
2026-03-19 16:40:30+00:00,,,,,,,,0.6511267605633804,0.67,,0.0,0,False
2026-03-19 16:41:00+00:00,,,,,,,,0.6676595744680852,0.66,,47.0,2,False
2026-03-19 16:41:30+00:00,,,,,,,,0.6599999999999999,0.6599999999999999,,28.0,1,False
2026-03-19 16:42:00+00:00,,,,,,,,0.65,0.65,,111.0,1,False
2026-03-19 16:42:30+00:00,,,,,,,,0.65,0.65,,0.0,0,False
2026-03-19 16:43:00+00:00,,,,,,,,0.6581818181818182,0.65,,44.0,2,False
2026-03-19 16:43:30+00:00,,,,,,,,0.6581818181818182,0.65,,0.0,0,False
2026-03-19 16:44:00+00:00,,,,,,,,0.6557894736842105,0.65,,38.0,2,False
2026-03-19 16:44:30+00:00,,,,,,,,0.6557894736842105,0.65,,0.0,0,False
2026-03-19 16:45:00+00:00,,,,,,,,0.65,0.65,,11.0,2,False
2026-03-19 16:45:30+00:00,,,,,,,,0.65,0.65,,50.0,1,False
2026-03-19 16:46:00+00:00,,,,,,,,0.6677238805970149,0.66,,268.0,3,False
2026-03-19 16:46:30+00:00,,,,,,,,0.66,0.66,,98.0,3,False
2026-03-19 16:47:00+00:00,,,,,,,,0.6599999999999999,0.66,,213.0,4,False
2026-03-19 16:47:30+00:00,,,,,,,,0.66,0.66,,65.0,1,False
2026-03-19 16:48:00+00:00,,,,,,,,0.66,0.66,,11.0,2,False
2026-03-19 16:48:30+00:00,,,,,,,,0.66,0.66,,15.0,3,False
2026-03-19 16:49:00+00:00,,,,,,,,0.6647826086956522,0.67,,161.0,3,False
2026-03-19 16:49:30+00:00,,,,,,,,0.67,0.67,,145.0,1,False
2026-03-19 16:50:00+00:00,,,,,,,,0.67,0.67,,1174.0,4,False
2026-03-19 16:50:30+00:00,,,,,,,,0.65,0.65,,113.0,3,False
2026-03-19 16:51:00+00:00,,,,,,,,0.65,0.65,,2.0,1,False
2026-03-19 16:51:30+00:00,,,,,,,,0.65,0.65,,0.0,0,False
2026-03-19 16:52:00+00:00,,,,,,,,0.65,0.65,,48.0,2,False
2026-03-19 16:52:30+00:00,,,,,,,,0.67,0.67,,191.0,2,False
2026-03-19 16:53:00+00:00,,,,,,,,0.67,0.67,,0.0,0,False
2026-03-19 16:53:30+00:00,,,,,,,,0.67,0.67,,29.0,1,False
2026-03-19 16:54:00+00:00,,,,,,,,0.67,0.67,,0.0,0,False
2026-03-19 16:54:30+00:00,,,,,,,,0.67,0.67,,0.0,0,False
2026-03-19 16:55:00+00:00,,,,,,,,0.6692857142857144,0.67,,14.0,2,False
2026-03-19 16:55:30+00:00,,,,,,,,0.65,0.65,,21.0,1,False
2026-03-19 16:56:00+00:00,,,,,,,,0.65,0.65,,21.0,1,False
2026-03-19 16:56:30+00:00,,,,,,,,0.65,0.65,,0.0,0,False
2026-03-19 16:57:00+00:00,,,,,,,,0.656829268292683,0.65,,41.0,2,False
2026-03-19 16:57:30+00:00,,,,,,,,0.65,0.65,,5.0,1,False
2026-03-19 16:58:00+00:00,,,,,,,,0.65,0.65,,40.0,1,False
2026-03-19 16:58:30+00:00,,,,,,,,0.67,0.67,,1.0,1,False
2026-03-19 16:59:00+00:00,,,,,,,,0.67,0.67,,0.0,0,False
2026-03-19 16:59:30+00:00,,,,,,,,0.65,0.65,,70.0,1,False
2026-03-19 17:00:00+00:00,,,,,,,,0.6500000000000001,0.65,,15.0,2,False
2026-03-19 17:00:30+00:00,,,,,,,,0.6500207684319834,0.65,,963.0,4,False
2026-03-19 17:01:00+00:00,,,,,,,,0.6500207684319834,0.65,,0.0,0,False
2026-03-19 17:01:30+00:00,,,,,,,,0.6500207684319834,0.65,,0.0,0,False
2026-03-19 17:02:00+00:00,,,,,,,,0.6500207684319834,0.65,,0.0,0,False
2026-03-19 17:02:30+00:00,,,,,,,,0.6500207684319834,0.65,,0.0,0,False
2026-03-19 17:03:00+00:00,,,,,,,,0.6500207684319834,0.65,,0.0,0,False
2026-03-19 17:03:30+00:00,,,,,,,,0.6526666666666667,0.65,,315.0,2,False
2026-03-19 17:04:00+00:00,,,,,,,,0.6526666666666667,0.65,,0.0,0,False
2026-03-19 17:04:30+00:00,,,,,,,,0.67,0.67,,36.0,1,False
2026-03-19 17:05:00+00:00,,,,,,,,0.6500000000000001,0.65,,13.0,1,False
2026-03-19 17:05:30+00:00,,,,,,,,0.65,0.65,,59.0,2,False
2026-03-19 17:06:00+00:00,,,,,,,,0.65,0.65,,68.0,1,False
2026-03-19 17:06:30+00:00,,,,,,,,0.65,0.65,,0.0,0,False
2026-03-19 17:07:00+00:00,,,,,,,,0.65,0.65,,0.0,0,False
2026-03-19 17:07:30+00:00,,,,,,,,0.6673737373737374,0.65,,99.0,3,False
2026-03-19 17:08:00+00:00,,,,,,,,0.65,0.65,,40.0,2,False
2026-03-19 17:08:30+00:00,,,,,,,,0.67,0.67,,3.0,1,False
2026-03-19 17:09:00+00:00,,,,,,,,0.65,0.65,,27.0,1,False
2026-03-19 17:09:30+00:00,,,,,,,,0.67,0.67,,55.0,3,False
2026-03-19 17:10:00+00:00,,,,,,,,0.67,0.67,,29.0,1,False
2026-03-19 17:10:30+00:00,,,,,,,,0.65,0.65,,2.0,1,False
2026-03-19 17:11:00+00:00,,,,,,,,0.664011090573013,0.65,,1623.0,3,False
2026-03-19 17:11:30+00:00,,,,,,,,0.67,0.67,,10.0,1,False
2026-03-19 17:12:00+00:00,,,,,,,,0.6507462686567165,0.65,,134.0,2,False
2026-03-19 17:12:30+00:00,,,,,,,,0.6551851851851852,0.65,,54.0,4,False
2026-03-19 17:13:00+00:00,,,,,,,,0.6623936170212766,0.67,,376.0,3,False
2026-03-19 17:13:30+00:00,,,,,,,,0.6566666666666667,0.67,,3.0,2,False
2026-03-19 17:14:00+00:00,,,,,,,,0.665,0.66,,28.0,2,False
2026-03-19 17:14:30+00:00,,,,,,,,0.65,0.65,,82.0,1,False
2026-03-19 17:15:00+00:00,,,,,,,,0.65,0.65,,27.0,1,False
2026-03-19 17:15:30+00:00,,,,,,,,0.65,0.65,,5.0,2,False
2026-03-19 17:16:00+00:00,,,,,,,,0.65,0.65,,0.0,0,False
2026-03-19 17:16:30+00:00,,,,,,,,0.65,0.65,,0.0,0,False
2026-03-19 17:17:00+00:00,,,,,,,,0.67,0.67,,260.0,1,False
2026-03-19 17:17:30+00:00,,,,,,,,0.6699667221297837,0.65,,1202.0,2,False
2026-03-19 17:18:00+00:00,,,,,,,,0.6699667221297837,0.65,,0.0,0,False
2026-03-19 17:18:30+00:00,,,,,,,,0.6700000000000002,0.67,,29.0,2,False
2026-03-19 17:19:00+00:00,,,,,,,,0.65,0.65,,21.0,1,False
2026-03-19 17:19:30+00:00,,,,,,,,0.6525,0.65,,8.0,2,False
2026-03-19 17:20:00+00:00,,,,,,,,0.66,0.66,,5.0,1,False
2026-03-19 17:20:30+00:00,,,,,,,,0.6500000000000001,0.65,,490.0,2,False
2026-03-19 17:21:00+00:00,,,,,,,,0.6500000000000001,0.65,,0.0,0,False
2026-03-19 17:21:30+00:00,,,,,,,,0.66,0.66,,118.0,4,False
2026-03-19 17:22:00+00:00,,,,,,,,0.66,0.66,,14.0,1,False
2026-03-19 17:22:30+00:00,,,,,,,,0.66,0.66,,17.0,2,False
2026-03-19 17:23:00+00:00,,,,,,,,0.6583098591549297,0.65,,355.0,5,False
2026-03-19 17:23:30+00:00,,,,,,,,0.66,0.66,,38.0,1,False
2026-03-19 17:24:00+00:00,,,,,,,,0.66,0.66,,0.0,0,False
2026-03-19 17:24:30+00:00,,,,,,,,0.65,0.65,,547.0,2,False
2026-03-19 17:25:00+00:00,,,,,,,,0.6500000000000001,0.65,,26.0,1,False
2026-03-19 17:25:30+00:00,,,,,,,,0.65,0.65,,14.0,1,False
2026-03-19 17:26:00+00:00,,,,,,,,0.65,0.65,,959.0,1,False
2026-03-19 17:26:30+00:00,,,,,,,,0.66,0.66,,6.0,2,False
2026-03-19 17:27:00+00:00,,,,,,,,0.6511111111111112,0.65,,9.0,2,False
2026-03-19 17:27:30+00:00,,,,,,,,0.6563043478260869,0.66,,46.0,2,False
2026-03-19 17:28:00+00:00,,,,,,,,0.6605084745762712,0.67,,59.0,2,False
2026-03-19 17:28:30+00:00,,,,,,,,0.6605084745762712,0.67,,0.0,0,False
2026-03-19 17:29:00+00:00,,,,,,,,0.65,0.65,,1.0,1,False
2026-03-19 17:29:30+00:00,,,,,,,,0.65,0.65,,0.0,0,False
2026-03-19 17:30:00+00:00,,,,,,,,0.6500000000000001,0.65,,26.0,1,False
2026-03-19 17:30:30+00:00,,,,,,,,0.6500000000000001,0.65,,0.0,0,False
2026-03-19 17:31:00+00:00,,,,,,,,0.6500000000000001,0.65,,15.0,2,False
2026-03-19 17:31:30+00:00,,,,,,,,0.65,0.65,,2.0,1,False
2026-03-19 17:32:00+00:00,,,,,,,,0.65,0.65,,1.0,1,False
2026-03-19 17:32:30+00:00,,,,,,,,0.66,0.67,,2.0,2,False
2026-03-19 17:33:00+00:00,,,,,,,,0.6511494252873564,0.65,,87.0,4,False
2026-03-19 17:33:30+00:00,,,,,,,,0.65,0.65,,18.0,1,False
2026-03-19 17:34:00+00:00,,,,,,,,0.6500000000000001,0.65,,28.0,2,False
2026-03-19 17:34:30+00:00,,,,,,,,0.65,0.65,,85.0,2,False
2026-03-19 17:35:00+00:00,,,,,,,,0.65,0.65,,0.0,0,False
2026-03-19 17:35:30+00:00,,,,,,,,0.6699999999999999,0.67,,57.0,2,False
2026-03-19 17:36:00+00:00,,,,,,,,0.6699999999999999,0.67,,0.0,0,False
2026-03-19 17:36:30+00:00,,,,,,,,0.67,0.67,,144.0,1,False
2026-03-19 17:37:00+00:00,,,,,,,,0.67,0.67,,8.0,1,False
2026-03-19 17:37:30+00:00,,,,,,,,0.65,0.65,,50.0,1,False
2026-03-19 17:38:00+00:00,,,,,,,,0.6599999999999999,0.6599999999999999,,15.0,2,False
2026-03-19 17:38:30+00:00,,,,,,,,0.6599999999999999,0.6599999999999999,,11.0,1,False
2026-03-19 17:39:00+00:00,,,,,,,,0.6635643564356437,0.67,,101.0,3,False
2026-03-19 17:39:30+00:00,,,,,,,,0.6514814814814814,0.65,,54.0,2,False
2026-03-19 17:40:00+00:00,,,,,,,,0.65,0.65,,27.0,1,False
2026-03-19 17:40:30+00:00,,,,,,,,0.65,0.65,,2.0,1,False
2026-03-19 17:41:00+00:00,,,,,,,,0.65,0.65,,0.0,0,False
2026-03-19 17:41:30+00:00,,,,,,,,0.67,0.67,,100.0,1,False
2026-03-19 17:42:00+00:00,,,,,,,,0.67,0.67,,126.0,2,False
2026-03-19 17:42:30+00:00,,,,,,,,0.67,0.67,,0.0,0,False
2026-03-19 17:43:00+00:00,,,,,,,,0.6599999999999999,0.6599999999999999,,27.0,1,False
2026-03-19 17:43:30+00:00,,,,,,,,0.67,0.67,,51.0,1,False
2026-03-19 17:44:00+00:00,,,,,,,,0.6606849315068493,0.6599999999999999,,73.0,4,False
2026-03-19 17:44:30+00:00,,,,,,,,0.6606849315068493,0.6599999999999999,,0.0,0,False
2026-03-19 17:45:00+00:00,,,,,,,,0.6678378378378379,0.67,,37.0,2,False
2026-03-19 17:45:30+00:00,,,,,,,,0.6678378378378379,0.67,,0.0,0,False
2026-03-19 17:46:00+00:00,,,,,,,,0.6678378378378379,0.67,,0.0,0,False
2026-03-19 17:46:30+00:00,,,,,,,,0.6599999999999999,0.6599999999999999,,55.0,1,False
2026-03-19 17:47:00+00:00,,,,,,,,0.67,0.67,,357.0,2,False
2026-03-19 17:47:30+00:00,,,,,,,,0.67,0.67,,72.0,1,False
2026-03-19 17:48:00+00:00,,,,,,,,0.67,0.67,,42.0,2,False
2026-03-19 17:48:30+00:00,,,,,,,,0.67,0.67,,50.0,1,False
2026-03-19 17:49:00+00:00,,,,,,,,0.67,0.67,,0.0,0,False
2026-03-19 17:49:30+00:00,,,,,,,,0.6690248226950355,0.67,,564.0,3,False
2026-03-19 17:50:00+00:00,,,,,,,,0.6599999999999999,0.6599999999999999,,14.0,1,False
2026-03-19 17:50:30+00:00,,,,,,,,0.6599999999999999,0.6599999999999999,,2530.0,2,False
2026-03-19 17:51:00+00:00,,,,,,,,0.6599999999999999,0.6599999999999999,,0.0,0,False
2026-03-19 17:51:30+00:00,,,,,,,,0.67,0.67,,29.0,1,False
2026-03-19 17:52:00+00:00,,,,,,,,0.6599999999999999,0.6599999999999999,,18.0,2,False
2026-03-19 17:52:30+00:00,,,,,,,,0.6619999999999999,0.66,,50.0,3,False
2026-03-19 17:53:00+00:00,,,,,,,,0.6599999999999999,0.6599999999999999,,14.0,1,False
2026-03-19 17:53:30+00:00,,,,,,,,0.6619117647058823,0.67,,68.0,3,False
2026-03-19 17:54:00+00:00,,,,,,,,0.6599999999999999,0.6599999999999999,,277.0,1,False
2026-03-19 17:54:30+00:00,,,,,,,,0.6699999999999999,0.6699999999999999,,15.0,1,False
2026-03-19 17:55:00+00:00,,,,,,,,0.67,0.67,,297.0,3,False
2026-03-19 17:55:30+00:00,,,,,,,,0.6599999999999999,0.6599999999999999,,18.0,1,False
2026-03-19 17:56:00+00:00,,,,,,,,0.67,0.67,,14.0,1,False
2026-03-19 17:56:30+00:00,,,,,,,,0.6599999999999999,0.6599999999999999,,28.0,1,False
2026-03-19 17:57:00+00:00,,,,,,,,0.6657142857142857,0.67,,63.0,2,False
2026-03-19 17:57:30+00:00,,,,,,,,0.6601092896174863,0.67,,366.0,3,False
2026-03-19 17:58:00+00:00,,,,,,,,0.6601092896174863,0.67,,0.0,0,False
2026-03-19 17:58:30+00:00,,,,,,,,0.6599999999999999,0.6599999999999999,,2.0,1,False
2026-03-19 17:59:00+00:00,,,,,,,,0.6695886889460155,0.67,,389.0,3,False
2026-03-19 17:59:30+00:00,,,,,,,,0.6695886889460155,0.67,,0.0,0,False
2026-03-19 18:00:00+00:00,,,,,,,,0.6695886889460155,0.67,,0.0,0,False
2026-03-19 18:00:30+00:00,,,,,,,,0.6599999999999999,0.6599999999999999,,122.0,2,False
2026-03-19 18:01:00+00:00,,,,,,,,0.6692857142857143,0.67,,70.0,4,False
2026-03-19 18:01:30+00:00,,,,,,,,0.66,0.6599999999999999,,6.0,2,False
2026-03-19 18:02:00+00:00,,,,,,,,0.66,0.6599999999999999,,0.0,0,False
2026-03-19 18:02:30+00:00,,,,,,,,0.6689333333333334,0.67,,300.0,8,False
2026-03-19 18:03:00+00:00,,,,,,,,0.6635,0.6599999999999999,,20.0,2,False
2026-03-19 18:03:30+00:00,,,,,,,,0.6681818181818181,0.67,,44.0,2,False
2026-03-19 18:04:00+00:00,,,,,,,,0.666111111111111,0.67,,36.0,3,False
2026-03-19 18:04:30+00:00,,,,,,,,0.666111111111111,0.67,,0.0,0,False
2026-03-19 18:05:00+00:00,,,,,,,,0.6599999999999999,0.6599999999999999,,2.0,1,False
2026-03-19 18:05:30+00:00,,,,,,,,0.6599999999999999,0.6599999999999999,,27.0,1,False
2026-03-19 18:06:00+00:00,,,,,,,,0.6599999999999999,0.6599999999999999,,0.0,0,False
2026-03-19 18:06:30+00:00,,,,,,,,0.6599999999999999,0.6599999999999999,,5.0,1,False
2026-03-19 18:07:00+00:00,,,,,,,,0.6599999999999999,0.6599999999999999,,10.0,1,False
2026-03-19 18:07:30+00:00,,,,,,,,0.6599999999999999,0.6599999999999999,,0.0,0,False
2026-03-19 18:08:00+00:00,,,,,,,,0.6651418439716312,0.67,,282.0,2,False
2026-03-19 18:08:30+00:00,,,,,,,,0.6599999999999999,0.6599999999999999,,14.0,1,False
2026-03-19 18:09:00+00:00,,,,,,,,0.6599999999999999,0.6599999999999999,,0.0,0,False
2026-03-19 18:09:30+00:00,,,,,,,,0.6599999999999999,0.6599999999999999,,37.0,1,False
2026-03-19 18:10:00+00:00,,,,,,,,0.6647619047619048,0.6599999999999999,,105.0,2,False
2026-03-19 18:10:30+00:00,,,,,,,,0.6649999999999999,0.67,,30.0,3,False
2026-03-19 18:11:00+00:00,,,,,,,,0.6636363636363636,0.67,,22.0,3,False
2026-03-19 18:11:30+00:00,,,,,,,,0.6693333333333334,0.67,,15.0,2,False
2026-03-19 18:12:00+00:00,,,,,,,,0.6693333333333334,0.67,,0.0,0,False
2026-03-19 18:12:30+00:00,,,,,,,,0.6599999999999999,0.6599999999999999,,27.0,1,False
2026-03-19 18:13:00+00:00,,,,,,,,0.6599999999999999,0.6599999999999999,,707.0,2,False
2026-03-19 18:13:30+00:00,,,,,,,,0.6599999999999999,0.6599999999999999,,0.0,0,False
2026-03-19 18:14:00+00:00,,,,,,,,0.6599999999999999,0.6599999999999999,,0.0,0,False
2026-03-19 18:14:30+00:00,,,,,,,,0.6599999999999999,0.6599999999999999,,0.0,0,False
2026-03-19 18:15:00+00:00,,,,,,,,0.6659183673469388,0.67,,245.0,2,False
2026-03-19 18:15:30+00:00,,,,,,,,0.662654867256637,0.6599999999999999,,226.0,3,False
2026-03-19 18:16:00+00:00,,,,,,,,0.662654867256637,0.6599999999999999,,0.0,0,False
2026-03-19 18:16:30+00:00,,,,,,,,0.6660952380952381,0.6599999999999999,,105.0,2,False
2026-03-19 18:17:00+00:00,,,,,,,,0.6599999999999999,0.6599999999999999,,2.0,1,False
2026-03-19 18:17:30+00:00,,,,,,,,0.6599999999999999,0.6599999999999999,,27.0,1,False
2026-03-19 18:18:00+00:00,,,,,,,,0.668936170212766,0.6599999999999999,,47.0,3,False
2026-03-19 18:18:30+00:00,,,,,,,,0.67,0.67,,16.0,2,False
2026-03-19 18:19:00+00:00,,,,,,,,0.67,0.67,,118.0,2,False
2026-03-19 18:19:30+00:00,,,,,,,,0.67,0.67,,7.0,1,False
2026-03-19 18:20:00+00:00,,,,,,,,0.67,0.67,,0.0,0,False
2026-03-19 18:20:30+00:00,,,,,,,,0.67,0.67,,0.0,0,False
2026-03-19 18:21:00+00:00,,,,,,,,0.6599999999999999,0.6599999999999999,,70.0,1,False
2026-03-19 18:21:30+00:00,,,,,,,,0.6693495934959349,0.67,,123.0,4,False
2026-03-19 18:22:00+00:00,,,,,,,,0.6641860465116279,0.67,,86.0,2,False
2026-03-19 18:22:30+00:00,,,,,,,,0.6599999999999999,0.6599999999999999,,40.0,1,False
2026-03-19 18:23:00+00:00,,,,,,,,0.6599999999999999,0.6599999999999999,,13.0,1,False
2026-03-19 18:23:30+00:00,,,,,,,,0.6606666666666666,0.67,,150.0,2,False
2026-03-19 18:24:00+00:00,,,,,,,,0.6628947368421052,0.6599999999999999,,38.0,3,False
2026-03-19 18:24:30+00:00,,,,,,,,0.6599999999999999,0.6599999999999999,,71.0,2,False
2026-03-19 18:25:00+00:00,,,,,,,,0.6599999999999999,0.6599999999999999,,0.0,0,False
2026-03-19 18:25:30+00:00,,,,,,,,0.6599999999999999,0.6599999999999999,,13.0,1,False
2026-03-19 18:26:00+00:00,,,,,,,,0.6599999999999999,0.6599999999999999,,47.0,2,False
2026-03-19 18:26:30+00:00,,,,,,,,0.67,0.67,,22.0,3,False
2026-03-19 18:27:00+00:00,,,,,,,,0.67,0.67,,0.0,0,False
2026-03-19 18:27:30+00:00,,,,,,,,0.67,0.67,,0.0,0,False
2026-03-19 18:28:00+00:00,,,,,,,,0.67,0.67,,2917.0,1,False
2026-03-19 18:28:30+00:00,,,,,,,,0.6637810945273631,0.6599999999999999,,201.0,4,False
2026-03-19 18:29:00+00:00,,,,,,,,0.6637810945273631,0.6599999999999999,,0.0,0,False
2026-03-19 18:29:30+00:00,,,,,,,,0.6637810945273631,0.6599999999999999,,0.0,0,False
2026-03-19 18:30:00+00:00,,,,,,,,0.6599999999999999,0.6599999999999999,,8.0,1,False
2026-03-19 18:30:30+00:00,,,,,,,,0.67,0.67,,21.0,1,False
2026-03-19 18:31:00+00:00,,,,,,,,0.67,0.67,,55.0,1,False
2026-03-19 18:31:30+00:00,,,,,,,,0.6695789473684212,0.6599999999999999,,380.0,2,False
2026-03-19 18:32:00+00:00,,,,,,,,0.6604938271604939,0.67,,243.0,4,False
2026-03-19 18:32:30+00:00,,,,,,,,0.6599999999999999,0.6599999999999999,,138.0,1,False
2026-03-19 18:33:00+00:00,,,,,,,,0.6599999999999999,0.6599999999999999,,0.0,0,False
2026-03-19 18:33:30+00:00,,,,,,,,0.6689575289575289,0.67,,259.0,3,False
2026-03-19 18:34:00+00:00,,,,,,,,0.6689575289575289,0.67,,0.0,0,False
2026-03-19 18:34:30+00:00,,,,,,,,0.6691954022988506,0.67,,174.0,2,False
2026-03-19 18:35:00+00:00,,,,,,,,0.6691954022988506,0.67,,0.0,0,False
2026-03-19 18:35:30+00:00,,,,,,,,0.6599999999999999,0.6599999999999999,,127.0,3,False
2026-03-19 18:36:00+00:00,,,,,,,,0.6599999999999999,0.6599999999999999,,0.0,0,False
2026-03-19 18:36:30+00:00,,,,,,,,0.6641666666666666,0.67,,24.0,2,False
2026-03-19 18:37:00+00:00,,,,,,,,0.6641666666666666,0.67,,0.0,0,False
2026-03-19 18:37:30+00:00,,,,,,,,0.67,0.67,,122.0,2,False
2026-03-19 18:38:00+00:00,,,,,,,,0.67,0.67,,50.0,1,False
2026-03-19 18:38:30+00:00,,,,,,,,0.67,0.67,,0.0,0,False
2026-03-19 18:39:00+00:00,,,,,,,,0.6700000000000002,0.67,,20.0,2,False
2026-03-19 18:39:30+00:00,,,,,,,,0.6599999999999999,0.6599999999999999,,28.0,1,False
2026-03-19 18:40:00+00:00,,,,,,,,0.6599999999999999,0.6599999999999999,,169.0,2,False
2026-03-19 18:40:30+00:00,,,,,,,,0.67,0.67,,90.0,1,False
2026-03-19 18:41:00+00:00,,,,,,,,0.6599999999999999,0.6599999999999999,,17.0,2,False
2026-03-19 18:41:30+00:00,,,,,,,,0.6599999999999999,0.6599999999999999,,135.0,1,False
2026-03-19 18:42:00+00:00,,,,,,,,0.669459677419355,0.67,,1240.0,3,False
2026-03-19 18:42:30+00:00,,,,,,,,0.6599999999999999,0.6599999999999999,,14.0,1,False
2026-03-19 18:43:00+00:00,,,,,,,,0.6599999999999999,0.6599999999999999,,55.0,1,False
2026-03-19 18:43:30+00:00,,,,,,,,0.6601058444546709,0.6599999999999999,,2173.0,4,False
2026-03-19 18:44:00+00:00,,,,,,,,0.6635897435897435,0.67,,39.0,4,False
2026-03-19 18:44:30+00:00,,,,,,,,0.6699999999999999,0.67,,199.0,3,False
2026-03-19 18:45:00+00:00,,,,,,,,0.67,0.67,,7.0,1,False
2026-03-19 18:45:30+00:00,,,,,,,,0.664750593824228,0.6599999999999999,,421.0,3,False
2026-03-19 18:46:00+00:00,,,,,,,,0.6675078534031413,0.67,,955.0,4,False
2026-03-19 18:46:30+00:00,,,,,,,,0.6695575221238939,0.67,,2260.0,4,False
2026-03-19 18:47:00+00:00,,,,,,,,0.67,0.67,,13.0,1,False
2026-03-19 18:47:30+00:00,,,,,,,,0.67,0.67,,0.0,0,False
2026-03-19 18:48:00+00:00,,,,,,,,0.67,0.67,,0.0,0,False
2026-03-19 18:48:30+00:00,,,,,,,,0.6599999999999999,0.6599999999999999,,502.0,2,False
2026-03-19 18:49:00+00:00,,,,,,,,0.6599999999999999,0.6599999999999999,,0.0,0,False
2026-03-19 18:49:30+00:00,,,,,,,,0.6599999999999999,0.6599999999999999,,14.0,1,False
2026-03-19 18:50:00+00:00,,,,,,,,0.665524193548387,0.67,,248.0,5,False
2026-03-19 18:50:30+00:00,,,,,,,,0.6599999999999999,0.6599999999999999,,1.0,1,False
2026-03-19 18:51:00+00:00,,,,,,,,0.6599999999999999,0.6599999999999999,,13.0,1,False
2026-03-19 18:51:30+00:00,,,,,,,,0.67,0.67,,14.0,1,False
2026-03-19 18:52:00+00:00,,,,,,,,0.668695652173913,0.6599999999999999,,138.0,5,False
2026-03-19 18:52:30+00:00,,,,,,,,0.6656603773584906,0.6599999999999999,,212.0,5,False
2026-03-19 18:53:00+00:00,,,,,,,,0.6656603773584906,0.6599999999999999,,0.0,0,False
2026-03-19 18:53:30+00:00,,,,,,,,0.67,0.67,,36.0,2,False
2026-03-19 18:54:00+00:00,,,,,,,,0.6599999999999999,0.6599999999999999,,351.0,2,False
2026-03-19 18:54:30+00:00,,,,,,,,0.6599999999999999,0.6599999999999999,,1306.0,2,False
2026-03-19 18:55:00+00:00,,,,,,,,0.6599999999999999,0.6599999999999999,,112.0,3,False
2026-03-19 18:55:30+00:00,,,,,,,,0.67,0.6699999999999999,,15.0,3,False
2026-03-19 18:56:00+00:00,,,,,,,,0.6599999999999998,0.6599999999999999,,400.0,1,False
2026-03-19 18:56:30+00:00,,,,,,,,0.6599999999999999,0.6599999999999999,,208.0,4,False
2026-03-19 18:57:00+00:00,,,,,,,,0.6599999999999999,0.6599999999999999,,0.0,0,False
2026-03-19 18:57:30+00:00,,,,,,,,0.6599999999999999,0.6599999999999999,,0.0,0,False
2026-03-19 18:58:00+00:00,,,,,,,,0.668878923766816,0.68,,223.0,6,False
2026-03-19 18:58:30+00:00,,,,,,,,0.6783850931677019,0.68,,161.0,5,False
2026-03-19 18:59:00+00:00,,,,,,,,0.6742857142857144,0.6599999999999999,,7.0,2,False
2026-03-19 18:59:30+00:00,,,,,,,,0.6674838709677419,0.6599999999999999,,310.0,4,False
2026-03-19 19:00:00+00:00,,,,,,,,0.6797222222222222,0.6599999999999999,,72.0,2,False
2026-03-19 19:00:30+00:00,,,,,,,,0.6599999999999998,0.6599999999999999,,248.0,3,False
2026-03-19 19:01:00+00:00,,,,,,,,0.6599999999999999,0.6599999999999999,,70.0,1,False
2026-03-19 19:01:30+00:00,,,,,,,,0.6604918032786885,0.6599999999999999,,854.0,3,False
2026-03-19 19:02:00+00:00,,,,,,,,0.68,0.68,,59.0,2,False
2026-03-19 19:02:30+00:00,,,,,,,,0.68,0.68,,112.0,1,False
2026-03-19 19:03:00+00:00,,,,,,,,0.667,0.68,,20.0,2,False
2026-03-19 19:03:30+00:00,,,,,,,,0.6745833333333332,0.68,,48.0,2,False
2026-03-19 19:04:00+00:00,,,,,,,,0.6800000000000002,0.68,,415.0,2,False
2026-03-19 19:04:30+00:00,,,,,,,,0.6723529411764707,0.68,,34.0,5,False
2026-03-19 19:05:00+00:00,,,,,,,,0.6775000000000001,0.6599999999999999,,16.0,2,False
2026-03-19 19:05:30+00:00,,,,,,,,0.6599999999999999,0.6599999999999999,,555.0,1,False
2026-03-19 19:06:00+00:00,,,,,,,,0.6704794520547944,0.68,,876.0,3,False
2026-03-19 19:06:30+00:00,,,,,,,,0.6674349442379182,0.6599999999999999,,269.0,3,False
2026-03-19 19:07:00+00:00,,,,,,,,0.6799860696517414,0.6699999999999999,,5025.0,3,False
2026-03-19 19:07:30+00:00,,,,,,,,0.6716279069767441,0.6699999999999999,,129.0,4,False
2026-03-19 19:08:00+00:00,,,,,,,,0.6699999999999999,0.6699999999999999,,28.0,1,False
2026-03-19 19:08:30+00:00,,,,,,,,0.6733333333333333,0.68,,21.0,2,False
2026-03-19 19:09:00+00:00,,,,,,,,0.6644366197183098,0.68,,284.0,3,False
2026-03-19 19:09:30+00:00,,,,,,,,0.6633766233766234,0.6599999999999999,,77.0,3,False
2026-03-19 19:10:00+00:00,,,,,,,,0.6622222222222222,0.68,,9.0,2,False
2026-03-19 19:10:30+00:00,,,,,,,,0.6666666666666666,0.68,,21.0,2,False
2026-03-19 19:11:00+00:00,,,,,,,,0.6798317248205891,0.6599999999999999,,16164.0,6,False
2026-03-19 19:11:30+00:00,,,,,,,,0.6798317248205891,0.6599999999999999,,0.0,0,False
2026-03-19 19:12:00+00:00,,,,,,,,0.6656856187290969,0.68,,299.0,3,False
2026-03-19 19:12:30+00:00,,,,,,,,0.6599999999999998,0.6599999999999999,,123.0,2,False
2026-03-19 19:13:00+00:00,,,,,,,,0.68,0.68,,115.0,1,False
2026-03-19 19:13:30+00:00,,,,,,,,0.6761095890410959,0.68,,365.0,4,False
2026-03-19 19:14:00+00:00,,,,,,,,0.68,0.68,,143.0,1,False
2026-03-19 19:14:30+00:00,,,,,,,,0.6734710743801653,0.6699999999999999,,121.0,4,False
2026-03-19 19:15:00+00:00,,,,,,,,0.6759722222222222,0.6699999999999999,,144.0,4,False
2026-03-19 19:15:30+00:00,,,,,,,,0.68,0.68,,73.0,2,False
2026-03-19 19:16:00+00:00,,,,,,,,0.6799512195121952,0.67,,1435.0,3,False
2026-03-19 19:16:30+00:00,,,,,,,,0.6691525423728815,0.68,,177.0,7,False
2026-03-19 19:17:00+00:00,,,,,,,,0.6599999999999999,0.6599999999999999,,16.0,1,False
2026-03-19 19:17:30+00:00,,,,,,,,0.6691803278688525,0.6599999999999999,,61.0,4,False
2026-03-19 19:18:00+00:00,,,,,,,,0.68,0.68,,8.0,2,False
2026-03-19 19:18:30+00:00,,,,,,,,0.68,0.68,,0.0,0,False
2026-03-19 19:19:00+00:00,,,,,,,,0.6599999999999999,0.6599999999999999,,56.0,1,False
2026-03-19 19:19:30+00:00,,,,,,,,0.6599999999999999,0.6599999999999999,,0.0,0,False
2026-03-19 19:20:00+00:00,,,,,,,,0.6599999999999999,0.6599999999999999,,6.0,1,False
2026-03-19 19:20:30+00:00,,,,,,,,0.6717355371900826,0.68,,242.0,2,False
2026-03-19 19:21:00+00:00,,,,,,,,0.68,0.68,,7.0,1,False
2026-03-19 19:21:30+00:00,,,,,,,,0.678918918918919,0.6599999999999999,,37.0,2,False
2026-03-19 19:22:00+00:00,,,,,,,,0.6599999999999999,0.6599999999999999,,86.0,1,False
2026-03-19 19:22:30+00:00,,,,,,,,0.6599999999999999,0.6599999999999999,,5.0,1,False
2026-03-19 19:23:00+00:00,,,,,,,,0.6726315789473684,0.68,,38.0,3,False
2026-03-19 19:23:30+00:00,,,,,,,,0.6799999999999999,0.68,,112.0,2,False
2026-03-19 19:24:00+00:00,,,,,,,,0.6599999999999998,0.6599999999999999,,140.0,3,False
2026-03-19 19:24:30+00:00,,,,,,,,0.6738515901060071,0.66,,849.0,3,False
2026-03-19 19:25:00+00:00,,,,,,,,0.6658333333333333,0.6599999999999999,,48.0,4,False
2026-03-19 19:25:30+00:00,,,,,,,,0.6796483516483517,0.68,,455.0,5,False
2026-03-19 19:26:00+00:00,,,,,,,,0.6796483516483517,0.68,,0.0,0,False
2026-03-19 19:26:30+00:00,,,,,,,,0.6606060606060605,0.68,,66.0,3,False
2026-03-19 19:27:00+00:00,,,,,,,,0.68,0.68,,28.0,1,False
2026-03-19 19:27:30+00:00,,,,,,,,0.6599999999999999,0.6599999999999999,,14.0,1,False
2026-03-19 19:28:00+00:00,,,,,,,,0.6797629473545583,0.6599999999999999,,30373.0,7,False
2026-03-19 19:28:30+00:00,,,,,,,,0.68,0.68,,4214.0,4,False
2026-03-19 19:29:00+00:00,,,,,,,,0.6599999999999999,0.6599999999999999,,30.0,1,False
2026-03-19 19:29:30+00:00,,,,,,,,0.6599999999999999,0.6599999999999999,,0.0,0,False
2026-03-19 19:30:00+00:00,,,,,,,,0.6779166666666666,0.68,,96.0,3,False
2026-03-19 19:30:30+00:00,,,,,,,,0.6779166666666666,0.68,,0.0,0,False
2026-03-19 19:31:00+00:00,,,,,,,,0.6779166666666666,0.68,,0.0,0,False
2026-03-19 19:31:30+00:00,,,,,,,,0.68,0.68,,422.0,2,False
2026-03-19 19:32:00+00:00,,,,,,,,0.68,0.68,,0.0,0,False
2026-03-19 19:32:30+00:00,,,,,,,,0.6699999999999999,0.6699999999999999,,8.0,1,False
2026-03-19 19:33:00+00:00,,,,,,,,0.6703355704697986,0.6699999999999999,,149.0,2,False
2026-03-19 19:33:30+00:00,,,,,,,,0.6716279069767441,0.6699999999999999,,86.0,2,False
2026-03-19 19:34:00+00:00,,,,,,,,0.68,0.68,,107.0,1,False
2026-03-19 19:34:30+00:00,,,,,,,,0.6784782608695652,0.68,,92.0,3,False
2026-03-19 19:35:00+00:00,,,,,,,,0.6791452991452992,0.6699999999999999,,117.0,3,False
2026-03-19 19:35:30+00:00,,,,,,,,0.6791452991452992,0.6699999999999999,,0.0,0,False
2026-03-19 19:36:00+00:00,,,,,,,,0.6706837606837607,0.6699999999999999,,117.0,5,False
2026-03-19 19:36:30+00:00,,,,,,,,0.6699999999999999,0.6699999999999999,,57.0,1,False
2026-03-19 19:37:00+00:00,,,,,,,,0.6749480968858131,0.6699999999999999,,289.0,2,False
2026-03-19 19:37:30+00:00,,,,,,,,0.6699999999999999,0.6699999999999999,,416.0,1,False
2026-03-19 19:38:00+00:00,,,,,,,,0.6732006920415224,0.68,,578.0,3,False
2026-03-19 19:38:30+00:00,,,,,,,,0.6732006920415224,0.68,,0.0,0,False
2026-03-19 19:39:00+00:00,,,,,,,,0.6706666666666666,0.6699999999999999,,15.0,2,False
2026-03-19 19:39:30+00:00,,,,,,,,0.6799999999999999,0.6799999999999999,,7.0,2,False
2026-03-19 19:40:00+00:00,,,,,,,,0.6777127659574469,0.6699999999999999,,376.0,3,False
2026-03-19 19:40:30+00:00,,,,,,,,0.6777127659574469,0.6699999999999999,,0.0,0,False
2026-03-19 19:41:00+00:00,,,,,,,,0.6777127659574469,0.6699999999999999,,0.0,0,False
2026-03-19 19:41:30+00:00,,,,,,,,0.674274193548387,0.6699999999999999,,248.0,3,False
2026-03-19 19:42:00+00:00,,,,,,,,0.68,0.68,,150.0,3,False
2026-03-19 19:42:30+00:00,,,,,,,,0.6755555555555556,0.68,,18.0,2,False
2026-03-19 19:43:00+00:00,,,,,,,,0.6708588957055214,0.6699999999999999,,652.0,4,False
2026-03-19 19:43:30+00:00,,,,,,,,0.6708588957055214,0.6699999999999999,,0.0,0,False
2026-03-19 19:44:00+00:00,,,,,,,,0.6794505494505495,0.6699999999999999,,364.0,3,False
2026-03-19 19:44:30+00:00,,,,,,,,0.6729455445544554,0.68,,404.0,3,False
2026-03-19 19:45:00+00:00,,,,,,,,0.6764102564102564,0.68,,39.0,2,False
2026-03-19 19:45:30+00:00,,,,,,,,0.68,0.68,,35.0,1,False
2026-03-19 19:46:00+00:00,,,,,,,,0.66,0.66,,10.0,1,False
2026-03-19 19:46:30+00:00,,,,,,,,0.66,0.66,,0.0,0,False
2026-03-19 19:47:00+00:00,,,,,,,,0.68,0.68,,35.0,1,False
2026-03-19 19:47:30+00:00,,,,,,,,0.68,0.68,,0.0,0,False
2026-03-19 19:48:00+00:00,,,,,,,,0.68,0.68,,0.0,0,False
2026-03-19 19:48:30+00:00,,,,,,,,0.67002457002457,0.68,,4070.0,2,False
2026-03-19 19:49:00+00:00,,,,,,,,0.68,0.68,,50.0,1,False
2026-03-19 19:49:30+00:00,,,,,,,,0.68,0.68,,0.0,0,False
2026-03-19 19:50:00+00:00,,,,,,,,0.68,0.68,,911.0,2,False
2026-03-19 19:50:30+00:00,,,,,,,,0.6699999999999999,0.6699999999999999,,14.0,1,False
2026-03-19 19:51:00+00:00,,,,,,,,0.68,0.68,,71.0,1,False
2026-03-19 19:51:30+00:00,,,,,,,,0.68,0.68,,17.0,1,False
2026-03-19 19:52:00+00:00,,,,,,,,0.6710743801652892,0.6699999999999999,,121.0,6,False
2026-03-19 19:52:30+00:00,,,,,,,,0.6799999999999999,0.6799999999999999,,14.0,1,False
2026-03-19 19:53:00+00:00,,,,,,,,0.6699999999999999,0.6699999999999999,,47.0,1,False
2026-03-19 19:53:30+00:00,,,,,,,,0.68,0.68,,10.0,1,False
2026-03-19 19:54:00+00:00,,,,,,,,0.68,0.68,,100.0,1,False
2026-03-19 19:54:30+00:00,,,,,,,,0.68,0.68,,35.0,1,False
2026-03-19 19:55:00+00:00,,,,,,,,0.6699999999999999,0.6699999999999999,,312.0,2,False
2026-03-19 19:55:30+00:00,,,,,,,,0.68,0.68,,14.0,1,False
2026-03-19 19:56:00+00:00,,,,,,,,0.6699999999999999,0.6699999999999999,,285.0,1,False
2026-03-19 19:56:30+00:00,,,,,,,,0.6799999999999999,0.68,,53.0,1,False
2026-03-19 19:57:00+00:00,,,,,,,,0.6705844155844155,0.6699999999999999,,462.0,4,False
2026-03-19 19:57:30+00:00,,,,,,,,0.6699999999999999,0.6699999999999999,,8.0,1,False
2026-03-19 19:58:00+00:00,,,,,,,,0.6699999999999999,0.6699999999999999,,0.0,0,False
2026-03-19 19:58:30+00:00,,,,,,,,0.6699999999999999,0.6699999999999999,,0.0,0,False
2026-03-19 19:59:00+00:00,,,,,,,,0.6729787234042554,0.68,,47.0,4,False
2026-03-19 19:59:30+00:00,,,,,,,,0.6743030303030303,0.6699999999999999,,165.0,3,False
2026-03-19 20:00:00+00:00,,,,,,,,0.6743030303030303,0.6699999999999999,,0.0,0,False
2026-03-19 20:00:30+00:00,,,,,,,,0.6699999999999999,0.6699999999999999,,428.0,1,False
2026-03-19 20:01:00+00:00,,,,,,,,0.6707667731629392,0.6699999999999999,,313.0,2,False
2026-03-19 20:01:30+00:00,,,,,,,,0.6699999999999999,0.6699999999999999,,14.0,1,False
2026-03-19 20:02:00+00:00,,,,,,,,0.68,0.68,,22.0,1,False
2026-03-19 20:02:30+00:00,,,,,,,,0.68,0.68,,7.0,1,False
2026-03-19 20:03:00+00:00,,,,,,,,0.68,0.68,,28.0,1,False
2026-03-19 20:03:30+00:00,,,,,,,,0.6777297297297298,0.6699999999999999,,185.0,2,False
2026-03-19 20:04:00+00:00,,,,,,,,0.6777297297297298,0.6699999999999999,,0.0,0,False
2026-03-19 20:04:30+00:00,,,,,,,,0.6699999999999999,0.6699999999999999,,57.0,1,False
2026-03-19 20:05:00+00:00,,,,,,,,0.677704918032787,0.6699999999999999,,61.0,4,False
2026-03-19 20:05:30+00:00,,,,,,,,0.6783496732026144,0.68,,1224.0,5,False
2026-03-19 20:06:00+00:00,,,,,,,,0.6699999999999999,0.6699999999999999,,99.0,2,False
2026-03-19 20:06:30+00:00,,,,,,,,0.6795541401273886,0.6799999999999999,,314.0,6,False
2026-03-19 20:07:00+00:00,,,,,,,,0.6721259842519683,0.6699999999999999,,127.0,3,False
2026-03-19 20:07:30+00:00,,,,,,,,0.6738709677419356,0.6699999999999999,,93.0,2,False
2026-03-19 20:08:00+00:00,,,,,,,,0.68,0.68,,142.0,1,False
2026-03-19 20:08:30+00:00,,,,,,,,0.68,0.68,,0.0,0,False
2026-03-19 20:09:00+00:00,,,,,,,,0.6749999999999999,0.6699999999999999,,56.0,2,False
2026-03-19 20:09:30+00:00,,,,,,,,0.6783673469387755,0.68,,49.0,4,False
2026-03-19 20:10:00+00:00,,,,,,,,0.6699999999999999,0.6699999999999999,,14.0,2,False
2026-03-19 20:10:30+00:00,,,,,,,,0.68,0.68,,21.0,1,False
2026-03-19 20:11:00+00:00,,,,,,,,0.6745222929936306,0.68,,157.0,4,False
2026-03-19 20:11:30+00:00,,,,,,,,0.6798039215686275,0.68,,408.0,2,False
2026-03-19 20:12:00+00:00,,,,,,,,0.6717283950617284,0.68,,162.0,4,False
2026-03-19 20:12:30+00:00,,,,,,,,0.6656716417910447,0.68,,134.0,5,False
2026-03-19 20:13:00+00:00,,,,,,,,0.6599999999999999,0.6599999999999999,,83.0,1,False
2026-03-19 20:13:30+00:00,,,,,,,,0.6599999999999999,0.6599999999999999,,13.0,1,False
2026-03-19 20:14:00+00:00,,,,,,,,0.6599999999999999,0.6599999999999999,,140.0,1,False
2026-03-19 20:14:30+00:00,,,,,,,,0.6599999999999998,0.6599999999999999,,972.0,1,False
2026-03-19 20:15:00+00:00,,,,,,,,0.6599999999999999,0.6599999999999999,,41.0,1,False
2026-03-19 20:15:30+00:00,,,,,,,,0.676,0.68,,90.0,4,False
2026-03-19 20:16:00+00:00,,,,,,,,0.6727272727272727,0.6599999999999999,,11.0,2,False
2026-03-19 20:16:30+00:00,,,,,,,,0.68,0.68,,1.0,1,False
2026-03-19 20:17:00+00:00,,,,,,,,0.6796424010217114,0.6599999999999999,,783.0,2,False
2026-03-19 20:17:30+00:00,,,,,,,,0.68,0.68,,35.0,1,False
2026-03-19 20:18:00+00:00,,,,,,,,0.6601413427561837,0.68,,283.0,2,False
2026-03-19 20:18:30+00:00,,,,,,,,0.6601413427561837,0.68,,0.0,0,False
2026-03-19 20:19:00+00:00,,,,,,,,0.6599999999999999,0.6599999999999999,,1.0,1,False
2026-03-19 20:19:30+00:00,,,,,,,,0.6790390390390391,0.68,,333.0,5,False
2026-03-19 20:20:00+00:00,,,,,,,,0.6599999999999999,0.6599999999999999,,79.0,3,False
2026-03-19 20:20:30+00:00,,,,,,,,0.6725925925925926,0.6599999999999999,,27.0,3,False
2026-03-19 20:21:00+00:00,,,,,,,,0.6771428571428573,0.68,,35.0,2,False
2026-03-19 20:21:30+00:00,,,,,,,,0.6599999999999999,0.6599999999999999,,14.0,1,False
2026-03-19 20:22:00+00:00,,,,,,,,0.6793548387096775,0.6599999999999999,,155.0,2,False
2026-03-19 20:22:30+00:00,,,,,,,,0.68,0.68,,21.0,2,False
2026-03-19 20:23:00+00:00,,,,,,,,0.6775,0.6599999999999999,,40.0,2,False
2026-03-19 20:23:30+00:00,,,,,,,,0.6699999999999999,0.6699999999999999,,2.0,1,False
2026-03-19 20:24:00+00:00,,,,,,,,0.6623529411764705,0.6599999999999999,,17.0,3,False
2026-03-19 20:24:30+00:00,,,,,,,,0.6599999999999999,0.6599999999999999,,55.0,1,False
2026-03-19 20:25:00+00:00,,,,,,,,0.6641025641025641,0.68,,351.0,3,False
2026-03-19 20:25:30+00:00,,,,,,,,0.6778802992518704,0.67,,401.0,5,False
2026-03-19 20:26:00+00:00,,,,,,,,0.6705882352941176,0.68,,68.0,4,False
2026-03-19 20:26:30+00:00,,,,,,,,0.68,0.68,,71.0,1,False
2026-03-19 20:27:00+00:00,,,,,,,,0.6799734351652,0.68,,6023.0,4,False
2026-03-19 20:27:30+00:00,,,,,,,,0.6599999999999999,0.6599999999999999,,70.0,1,False
2026-03-19 20:28:00+00:00,,,,,,,,0.68,0.68,,81.0,2,False
2026-03-19 20:28:30+00:00,,,,,,,,0.6599999999999998,0.6599999999999999,,25.0,1,False
2026-03-19 20:29:00+00:00,,,,,,,,0.6599999999999998,0.6599999999999999,,0.0,0,False
2026-03-19 20:29:30+00:00,,,,,,,,0.6712903225806451,0.6599999999999999,,62.0,2,False
2026-03-19 20:30:00+00:00,,,,,,,,0.6599999999999999,0.6599999999999999,,5.0,1,False
2026-03-19 20:30:30+00:00,,,,,,,,0.660587002096436,0.6599999999999999,,477.0,2,False
2026-03-19 20:31:00+00:00,,,,,,,,0.660587002096436,0.6599999999999999,,0.0,0,False
2026-03-19 20:31:30+00:00,,,,,,,,0.67,0.67,,57.0,1,False
2026-03-19 20:32:00+00:00,,,,,,,,0.6599999999999999,0.6599999999999999,,39.0,2,False
2026-03-19 20:32:30+00:00,,,,,,,,0.6776190476190477,0.6599999999999999,,42.0,3,False
2026-03-19 20:33:00+00:00,,,,,,,,0.68,0.68,,19.0,1,False
2026-03-19 20:33:30+00:00,,,,,,,,0.6599999999999999,0.6599999999999999,,15.0,2,False
2026-03-19 20:34:00+00:00,,,,,,,,0.6602469135802468,0.68,,81.0,3,False
2026-03-19 20:34:30+00:00,,,,,,,,0.68,0.68,,234.0,2,False
2026-03-19 20:35:00+00:00,,,,,,,,0.6777777777777778,0.6599999999999999,,18.0,3,False
2026-03-19 20:35:30+00:00,,,,,,,,0.6599999999999999,0.6599999999999999,,84.0,2,False
2026-03-19 20:36:00+00:00,,,,,,,,0.68,0.68,,1.0,1,False
2026-03-19 20:36:30+00:00,,,,,,,,0.6715436241610737,0.6599999999999999,,149.0,4,False
2026-03-19 20:37:00+00:00,,,,,,,,0.6797422487859546,0.6599999999999999,,5354.0,4,False
2026-03-19 20:37:30+00:00,,,,,,,,0.6692810457516339,0.68,,153.0,3,False
2026-03-19 20:38:00+00:00,,,,,,,,0.6799999999999999,0.68,,307.0,3,False
2026-03-19 20:38:30+00:00,,,,,,,,0.6799999999999999,0.68,,0.0,0,False
2026-03-19 20:39:00+00:00,,,,,,,,0.6599999999999999,0.6599999999999999,,55.0,1,False
2026-03-19 20:39:30+00:00,,,,,,,,0.67,0.67,,9.0,1,False
2026-03-19 20:40:00+00:00,,,,,,,,0.6642105263157895,0.68,,171.0,3,False
2026-03-19 20:40:30+00:00,,,,,,,,0.68,0.68,,181.0,3,False
2026-03-19 20:41:00+00:00,,,,,,,,0.6599999999999999,0.6599999999999999,,33.0,1,False
2026-03-19 20:41:30+00:00,,,,,,,,0.6599999999999999,0.6599999999999999,,0.0,0,False
2026-03-19 20:42:00+00:00,,,,,,,,0.6799797160243408,0.68,,493.0,2,False
2026-03-19 20:42:30+00:00,,,,,,,,0.6673684210526316,0.6599999999999999,,38.0,3,False
2026-03-19 20:43:00+00:00,,,,,,,,0.6599999999999999,0.6599999999999999,,312.0,3,False
2026-03-19 20:43:30+00:00,,,,,,,,0.6734117647058824,0.6599999999999999,,85.0,2,False
2026-03-19 20:44:00+00:00,,,,,,,,0.6626470588235293,0.6599999999999999,,34.0,2,False
2026-03-19 20:44:30+00:00,,,,,,,,0.6776388888888889,0.6599999999999999,,144.0,2,False
2026-03-19 20:45:00+00:00,,,,,,,,0.6776388888888889,0.6599999999999999,,0.0,0,False
2026-03-19 20:45:30+00:00,,,,,,,,0.68,0.68,,4.0,1,False
2026-03-19 20:46:00+00:00,,,,,,,,0.68,0.68,,178.0,2,False
2026-03-19 20:46:30+00:00,,,,,,,,0.66,0.6599999999999999,,75.0,2,False
2026-03-19 20:47:00+00:00,,,,,,,,0.68,0.68,,100.0,1,False
2026-03-19 20:47:30+00:00,,,,,,,,0.68,0.68,,0.0,0,False
2026-03-19 20:48:00+00:00,,,,,,,,0.68,0.68,,22.0,2,False
2026-03-19 20:48:30+00:00,,,,,,,,0.68,0.68,,1.0,1,False
2026-03-19 20:49:00+00:00,,,,,,,,0.68,0.68,,0.0,0,False
2026-03-19 20:49:30+00:00,,,,,,,,0.666060606060606,0.68,,99.0,2,False
2026-03-19 20:50:00+00:00,,,,,,,,0.6599999999999999,0.6599999999999999,,14.0,1,False
2026-03-19 20:50:30+00:00,,,,,,,,0.6626923076923076,0.6599999999999999,,1040.0,2,False
2026-03-19 20:51:00+00:00,,,,,,,,0.6599999999999998,0.6599999999999999,,139.0,2,False
2026-03-19 20:51:30+00:00,,,,,,,,0.6599999999999998,0.6599999999999999,,0.0,0,False
2026-03-19 20:52:00+00:00,,,,,,,,0.68,0.68,,285.0,1,False
2026-03-19 20:52:30+00:00,,,,,,,,0.6637837837837839,0.6599999999999999,,74.0,4,False
2026-03-19 20:53:00+00:00,,,,,,,,0.6774193548387096,0.6599999999999999,,62.0,3,False
2026-03-19 20:53:30+00:00,,,,,,,,0.6599999999999999,0.6599999999999999,,15.0,1,False
2026-03-19 20:54:00+00:00,,,,,,,,0.672463768115942,0.68,,69.0,5,False
2026-03-19 20:54:30+00:00,,,,,,,,0.67,0.6699999999999999,,29.0,2,False
2026-03-19 20:55:00+00:00,,,,,,,,0.679651567944251,0.6599999999999999,,287.0,3,False
2026-03-19 20:55:30+00:00,,,,,,,,0.668695652173913,0.68,,23.0,2,False
2026-03-19 20:56:00+00:00,,,,,,,,0.6669565217391303,0.6699999999999999,,23.0,3,False
2026-03-19 20:56:30+00:00,,,,,,,,0.6669565217391303,0.6699999999999999,,0.0,0,False
2026-03-19 20:57:00+00:00,,,,,,,,0.6783870967741936,0.6599999999999999,,62.0,2,False
2026-03-19 20:57:30+00:00,,,,,,,,0.6599999999999999,0.6599999999999999,,20.0,1,False
2026-03-19 20:58:00+00:00,,,,,,,,0.664526558891455,0.6599999999999999,,433.0,4,False
2026-03-19 20:58:30+00:00,,,,,,,,0.6600924092409239,0.6599999999999999,,3030.0,6,False
2026-03-19 20:59:00+00:00,,,,,,,,0.6788079470198676,0.6599999999999999,,302.0,4,False
2026-03-19 20:59:30+00:00,,,,,,,,0.6658620689655173,0.6599999999999999,,58.0,4,False
2026-03-19 21:00:00+00:00,,,,,,,,0.6744897959183673,0.68,,196.0,3,False
2026-03-19 21:00:30+00:00,,,,,,,,0.6760169491525425,0.67,,118.0,4,False
2026-03-19 21:01:00+00:00,,,,,,,,0.6621052631578949,0.67,,38.0,3,False
2026-03-19 21:01:30+00:00,,,,,,,,0.6600102861417616,0.6599999999999999,,10694.0,4,False
2026-03-19 21:02:00+00:00,,,,,,,,0.6682142857142858,0.67,,140.0,3,False
2026-03-19 21:02:30+00:00,,,,,,,,0.6603571428571428,0.6599999999999999,,28.0,2,False
2026-03-19 21:03:00+00:00,,,,,,,,0.661355421686747,0.6599999999999999,,332.0,4,False
2026-03-19 21:03:30+00:00,,,,,,,,0.6600358765845491,0.6599999999999999,,4181.0,2,False
2026-03-19 21:04:00+00:00,,,,,,,,0.6671527777777777,0.6599999999999999,,144.0,3,False
2026-03-19 21:04:30+00:00,,,,,,,,0.6604920913884006,0.6599999999999999,,569.0,4,False
2026-03-19 21:05:00+00:00,,,,,,,,0.6599999999999999,0.6599999999999999,,2.0,1,False
2026-03-19 21:05:30+00:00,,,,,,,,0.6644696969696969,0.67,,132.0,4,False
2026-03-19 21:06:00+00:00,,,,,,,,0.666574074074074,0.6599999999999999,,216.0,3,False
2026-03-19 21:06:30+00:00,,,,,,,,0.6735377358490567,0.68,,424.0,3,False
2026-03-19 21:07:00+00:00,,,,,,,,0.6670886075949366,0.6699999999999999,,474.0,3,False
2026-03-19 21:07:30+00:00,,,,,,,,0.6710932475884245,0.68,,622.0,4,False
2026-03-19 21:08:00+00:00,,,,,,,,0.6599999999999999,0.6599999999999999,,378.0,4,False
2026-03-19 21:08:30+00:00,,,,,,,,0.67,0.67,,152.0,2,False
2026-03-19 21:09:00+00:00,,,,,,,,0.6599999999999999,0.6599999999999999,,203.0,3,False
2026-03-19 21:09:30+00:00,,,,,,,,0.6634170854271357,0.68,,199.0,5,False
2026-03-19 21:10:00+00:00,,,,,,,,0.68,0.68,,377.0,4,False
2026-03-19 21:10:30+00:00,,,,,,,,0.6599999999999999,0.6599999999999999,,600.0,1,False
2026-03-19 21:11:00+00:00,,,,,,,,0.6599999999999998,0.6599999999999999,,113.0,3,False
2026-03-19 21:11:30+00:00,,,,,,,,0.6794314381270904,0.68,,2990.0,7,False
2026-03-19 21:12:00+00:00,,,,,,,,0.6699142040038132,0.6699999999999999,,1049.0,4,False
2026-03-19 21:12:30+00:00,,,,,,,,0.6755875831485586,0.68,,902.0,7,False
2026-03-19 21:13:00+00:00,,,,,,,,0.6599999999999999,0.6599999999999999,,1035.0,3,False
2026-03-19 21:13:30+00:00,,,,,,,,0.66,0.6599999999999999,,12.0,2,False
2026-03-19 21:14:00+00:00,,,,,,,,0.6716666666666667,0.6599999999999999,,24.0,2,False
2026-03-19 21:14:30+00:00,,,,,,,,0.6643558282208588,0.6599999999999999,,652.0,5,False
2026-03-19 21:15:00+00:00,,,,,,,,0.6677777777777778,0.6599999999999999,,54.0,2,False
2026-03-19 21:15:30+00:00,,,,,,,,0.6789473684210526,0.68,,570.0,5,False
2026-03-19 21:16:00+00:00,,,,,,,,0.6623276407337128,0.68,,1581.0,8,False
2026-03-19 21:16:30+00:00,,,,,,,,0.6688537549407114,0.68,,253.0,5,False
2026-03-19 21:17:00+00:00,,,,,,,,0.6693333333333332,0.6599999999999999,,15.0,2,False
2026-03-19 21:17:30+00:00,,,,,,,,0.6599999999999999,0.6599999999999999,,212.0,3,False
2026-03-19 21:18:00+00:00,,,,,,,,0.6736657433056326,0.6599999999999999,,1083.0,6,False
2026-03-19 21:18:30+00:00,,,,,,,,0.6733463035019455,0.6699999999999999,,771.0,6,False
2026-03-19 21:19:00+00:00,,,,,,,,0.6599999999999999,0.6599999999999999,,47.0,3,False
2026-03-19 21:19:30+00:00,,,,,,,,0.6782165605095541,0.68,,157.0,2,False
2026-03-19 21:20:00+00:00,,,,,,,,0.6686324786324787,0.6599999999999999,,234.0,4,False
2026-03-19 21:20:30+00:00,,,,,,,,0.6782214156079854,0.6599999999999999,,2204.0,6,False
2026-03-19 21:21:00+00:00,,,,,,,,0.6771568971568971,0.68,,2849.0,12,False
2026-03-19 21:21:30+00:00,,,,,,,,0.6599999999999999,0.6599999999999999,,55.0,2,False
2026-03-19 21:22:00+00:00,,,,,,,,0.6719285714285714,0.68,,280.0,5,False
2026-03-19 21:22:30+00:00,,,,,,,,0.6633333333333333,0.68,,24.0,3,False
2026-03-19 21:23:00+00:00,,,,,,,,0.6599999999999999,0.6599999999999999,,1419.0,2,False
2026-03-19 21:23:30+00:00,,,,,,,,0.6599999999999998,0.6599999999999999,,499.0,4,False
2026-03-19 21:24:00+00:00,,,,,,,,0.68,0.68,,20.0,2,False
2026-03-19 21:24:30+00:00,,,,,,,,0.6774863387978142,0.68,,549.0,3,False
2026-03-19 21:25:00+00:00,,,,,,,,0.6603523693803158,0.6599999999999999,,1646.0,8,False
2026-03-19 21:25:30+00:00,,,,,,,,0.6716666666666667,0.6599999999999999,,24.0,2,False
2026-03-19 21:26:00+00:00,,,,,,,,0.68,0.68,,194.0,3,False
2026-03-19 21:26:30+00:00,,,,,,,,0.6599999999999998,0.6599999999999999,,1747.0,3,False
2026-03-19 21:27:00+00:00,,,,,,,,0.664923076923077,0.6599999999999999,,130.0,6,False
2026-03-19 21:27:30+00:00,,,,,,,,0.6637121212121211,0.68,,264.0,7,False
2026-03-19 21:28:00+00:00,,,,,,,,0.6599999999999999,0.6599999999999999,,14.0,1,False
2026-03-19 21:28:30+00:00,,,,,,,,0.6602846975088966,0.6599999999999999,,562.0,3,False
2026-03-19 21:29:00+00:00,,,,,,,,0.6782627578718785,0.68,,921.0,5,False
2026-03-19 21:29:30+00:00,,,,,,,,0.6654054054054054,0.68,,37.0,2,False
2026-03-19 21:30:00+00:00,,,,,,,,0.6732142857142857,0.66,,336.0,5,False
2026-03-19 21:30:30+00:00,,,,,,,,0.6601142131979695,0.6599999999999999,,1576.0,7,False
2026-03-19 21:31:00+00:00,,,,,,,,0.6599999999999999,0.6599999999999999,,86.0,3,False
2026-03-19 21:31:30+00:00,,,,,,,,0.6603378378378377,0.6599999999999999,,592.0,4,False
2026-03-19 21:32:00+00:00,,,,,,,,0.6603378378378377,0.6599999999999999,,0.0,0,False
2026-03-19 21:32:30+00:00,,,,,,,,0.6798601398601398,0.68,,143.0,2,False
2026-03-19 21:33:00+00:00,,,,,,,,0.68,0.68,,14.0,1,False
2026-03-19 21:33:30+00:00,,,,,,,,0.6663636363636363,0.6599999999999999,,44.0,3,False
2026-03-19 21:34:00+00:00,,,,,,,,0.6633333333333333,0.6599999999999999,,6.0,2,False
2026-03-19 21:34:30+00:00,,,,,,,,0.6599999999999999,0.6599999999999999,,399.0,4,False
2026-03-19 21:35:00+00:00,,,,,,,,0.6606249999999999,0.6699999999999999,,32.0,2,False
2026-03-19 21:35:30+00:00,,,,,,,,0.6723280423280423,0.68,,378.0,7,False
2026-03-19 21:36:00+00:00,,,,,,,,0.6797718011409943,0.68,,2454.0,6,False
2026-03-19 21:36:30+00:00,,,,,,,,0.6632612966601178,0.6599999999999999,,509.0,7,False
2026-03-19 21:37:00+00:00,,,,,,,,0.6676086956521738,0.6599999999999999,,92.0,4,False
2026-03-19 21:37:30+00:00,,,,,,,,0.6784368737474951,0.68,,499.0,3,False
2026-03-19 21:38:00+00:00,,,,,,,,0.6740285714285713,0.68,,700.0,5,False
2026-03-19 21:38:30+00:00,,,,,,,,0.6639999999999999,0.68,,500.0,3,False
2026-03-19 21:39:00+00:00,,,,,,,,0.6666666666666666,0.6599999999999999,,42.0,3,False
2026-03-19 21:39:30+00:00,,,,,,,,0.6599999999999999,0.6599999999999999,,530.0,2,False
2026-03-19 21:40:00+00:00,,,,,,,,0.6734939759036145,0.68,,83.0,3,False
2026-03-19 21:40:30+00:00,,,,,,,,0.6788392857142858,0.68,,224.0,4,False
2026-03-19 21:41:00+00:00,,,,,,,,0.6767010309278351,0.68,,97.0,2,False
2026-03-19 21:41:30+00:00,,,,,,,,0.661206896551724,0.6599999999999999,,174.0,6,False
2026-03-19 21:42:00+00:00,,,,,,,,0.68,0.68,,4.0,1,False
2026-03-19 21:42:30+00:00,,,,,,,,0.6657142857142856,0.68,,77.0,4,False
2026-03-19 21:43:00+00:00,,,,,,,,0.6659047619047618,0.6599999999999999,,105.0,5,False
2026-03-19 21:43:30+00:00,,,,,,,,0.6659047619047618,0.6599999999999999,,0.0,0,False
2026-03-19 21:44:00+00:00,,,,,,,,0.679655172413793,0.68,,145.0,2,False
2026-03-19 21:44:30+00:00,,,,,,,,0.6799923327582902,0.68,,5217.0,6,False
2026-03-19 21:45:00+00:00,,,,,,,,0.6605309734513273,0.68,,791.0,5,False
2026-03-19 21:45:30+00:00,,,,,,,,0.6599999999999999,0.6599999999999999,,17.0,1,False
2026-03-19 21:46:00+00:00,,,,,,,,0.6764705882352943,0.68,,17.0,2,False
2026-03-19 21:46:30+00:00,,,,,,,,0.6599999999999998,0.6599999999999999,,66.0,2,False
2026-03-19 21:47:00+00:00,,,,,,,,0.66112,0.6599999999999999,,500.0,4,False
2026-03-19 21:47:30+00:00,,,,,,,,0.6601497386636529,0.6599999999999999,,7079.0,7,False
2026-03-19 21:48:00+00:00,,,,,,,,0.6787356321839081,0.6599999999999999,,174.0,3,False
2026-03-19 21:48:30+00:00,,,,,,,,0.6627592371871275,0.68,,1678.0,6,False
2026-03-19 21:49:00+00:00,,,,,,,,0.6733333333333332,0.6599999999999999,,123.0,3,False
2026-03-19 21:49:30+00:00,,,,,,,,0.6599999999999999,0.6599999999999999,,355.0,1,False
2026-03-19 21:50:00+00:00,,,,,,,,0.6725,0.68,,28.0,3,False
2026-03-19 21:50:30+00:00,,,,,,,,0.6732255892255893,0.6599999999999999,,1485.0,4,False
2026-03-19 21:51:00+00:00,,,,,,,,0.6599999999999999,0.6599999999999999,,28.0,1,False
2026-03-19 21:51:30+00:00,,,,,,,,0.6599999999999999,0.6599999999999999,,1402.0,2,False
2026-03-19 21:52:00+00:00,,,,,,,,0.679736147757256,0.68,,379.0,5,False
2026-03-19 21:52:30+00:00,,,,,,,,0.675360824742268,0.68,,97.0,3,False
2026-03-19 21:53:00+00:00,,,,,,,,0.66062874251497,0.68,,668.0,4,False
2026-03-19 21:53:30+00:00,,,,,,,,0.6766666666666667,0.6699999999999999,,21.0,2,False
2026-03-19 21:54:00+00:00,,,,,,,,0.663050847457627,0.68,,118.0,3,False
2026-03-19 21:54:30+00:00,,,,,,,,0.6599999999999999,0.6599999999999999,,327.0,2,False
2026-03-19 21:55:00+00:00,,,,,,,,0.675,0.6599999999999999,,40.0,2,False
2026-03-19 21:55:30+00:00,,,,,,,,0.6599999999999999,0.6599999999999999,,3.0,1,False
2026-03-19 21:56:00+00:00,,,,,,,,0.6691160809371671,0.6599999999999999,,939.0,4,False
2026-03-19 21:56:30+00:00,,,,,,,,0.6599999999999999,0.6599999999999999,,119.0,2,False
2026-03-19 21:57:00+00:00,,,,,,,,0.6599999999999999,0.6599999999999999,,194.0,2,False
2026-03-19 21:57:30+00:00,,,,,,,,0.68,0.68,,116.0,1,False
2026-03-19 21:58:00+00:00,,,,,,,,0.6798762035763412,0.68,,727.0,3,False
2026-03-19 21:58:30+00:00,,,,,,,,0.6599999999999999,0.6599999999999999,,241.0,3,False
2026-03-19 21:59:00+00:00,,,,,,,,0.66,0.6599999999999999,,54.0,2,False
2026-03-19 21:59:30+00:00,,,,,,,,0.6599999999999999,0.6599999999999999,,283.0,3,False
2026-03-19 22:00:00+00:00,,,,,,,,0.674514174945481,0.68,,4127.0,8,False
2026-03-19 22:00:30+00:00,,,,,,,,0.6599999999999999,0.6599999999999999,,22.0,1,False
2026-03-19 22:01:00+00:00,,,,,,,,0.6684731182795698,0.68,,465.0,5,False
2026-03-19 22:01:30+00:00,,,,,,,,0.6684731182795698,0.68,,0.0,0,False
2026-03-19 22:02:00+00:00,,,,,,,,0.6603049124788256,0.6699999999999999,,1771.0,4,False
2026-03-19 22:02:30+00:00,,,,,,,,0.6790909090909092,0.68,,44.0,3,False
2026-03-19 22:03:00+00:00,,,,,,,,0.6714150943396227,0.6599999999999999,,212.0,5,False
2026-03-19 22:03:30+00:00,,,,,,,,0.6639999999999998,0.6599999999999999,,190.0,6,False
2026-03-19 22:04:00+00:00,,,,,,,,0.6601634590034273,0.68,,3793.0,5,False
2026-03-19 22:04:30+00:00,,,,,,,,0.6620833333333334,0.67,,192.0,3,False
2026-03-19 22:05:00+00:00,,,,,,,,0.6599999999999999,0.6599999999999999,,40.0,2,False
2026-03-19 22:05:30+00:00,,,,,,,,0.6751434878587197,0.68,,453.0,8,False
2026-03-19 22:06:00+00:00,,,,,,,,0.6599999999999999,0.6599999999999999,,255.0,5,False
2026-03-19 22:06:30+00:00,,,,,,,,0.6637333333333333,0.6599999999999999,,150.0,4,False
2026-03-19 22:07:00+00:00,,,,,,,,0.6734222222222223,0.6599999999999999,,450.0,5,False
2026-03-19 22:07:30+00:00,,,,,,,,0.6621176470588236,0.67,,425.0,5,False
2026-03-19 22:08:00+00:00,,,,,,,,0.6599999999999999,0.6599999999999999,,14.0,1,False
2026-03-19 22:08:30+00:00,,,,,,,,0.6637075718015666,0.6599999999999999,,383.0,4,False
2026-03-19 22:09:00+00:00,,,,,,,,0.668385269121813,0.68,,353.0,6,False
2026-03-19 22:09:30+00:00,,,,,,,,0.6695221843003413,0.6599999999999999,,293.0,4,False
2026-03-19 22:10:00+00:00,,,,,,,,0.667314578005115,0.68,,391.0,4,False
2026-03-19 22:10:30+00:00,,,,,,,,0.6773575129533678,0.6699999999999999,,193.0,2,False
2026-03-19 22:11:00+00:00,,,,,,,,0.678498023715415,0.68,,253.0,4,False
2026-03-19 22:11:30+00:00,,,,,,,,0.6797938144329898,0.6699999999999999,,291.0,2,False
2026-03-19 22:12:00+00:00,,,,,,,,0.6773793103448276,0.6599999999999999,,145.0,4,False
2026-03-19 22:12:30+00:00,,,,,,,,0.6606333122229259,0.68,,1579.0,3,False
2026-03-19 22:13:00+00:00,,,,,,,,0.68,0.68,,2736.0,3,False
2026-03-19 22:13:30+00:00,,,,,,,,0.6614399999999999,0.6599999999999999,,625.0,4,False
2026-03-19 22:14:00+00:00,,,,,,,,0.677925925925926,0.6599999999999999,,270.0,4,False
2026-03-19 22:14:30+00:00,,,,,,,,0.6604810360777056,0.6599999999999999,,1081.0,4,False
2026-03-19 22:15:00+00:00,,,,,,,,0.68,0.68,,5.0,1,False
2026-03-19 22:15:30+00:00,,,,,,,,0.6798714202220923,0.6599999999999999,,1711.0,3,False
2026-03-19 22:16:00+00:00,,,,,,,,0.6747916666666667,0.68,,96.0,2,False
2026-03-19 22:16:30+00:00,,,,,,,,0.6727176781002638,0.68,,758.0,7,False
2026-03-19 22:17:00+00:00,,,,,,,,0.6610889042039971,0.6599999999999999,,1451.0,6,False
2026-03-19 22:17:30+00:00,,,,,,,,0.6634146341463415,0.6599999999999999,,41.0,4,False
2026-03-19 22:18:00+00:00,,,,,,,,0.6793337371290128,0.6599999999999999,,1651.0,6,False
2026-03-19 22:18:30+00:00,,,,,,,,0.6662240663900415,0.6599999999999999,,964.0,8,False
2026-03-19 22:19:00+00:00,,,,,,,,0.6698159509202454,0.68,,489.0,3,False
2026-03-19 22:19:30+00:00,,,,,,,,0.6713705583756344,0.68,,197.0,4,False
2026-03-19 22:20:00+00:00,,,,,,,,0.6713705583756344,0.68,,0.0,0,False
2026-03-19 22:20:30+00:00,,,,,,,,0.68,0.68,,138.0,2,False
2026-03-19 22:21:00+00:00,,,,,,,,0.6795403422982886,0.68,,2045.0,4,False
2026-03-19 22:21:30+00:00,,,,,,,,0.6781515711645103,0.6599999999999999,,1082.0,4,False
2026-03-19 22:22:00+00:00,,,,,,,,0.6605665722379602,0.6599999999999999,,353.0,4,False
2026-03-19 22:22:30+00:00,,,,,,,,0.6611336032388663,0.68,,247.0,3,False
2026-03-19 22:23:00+00:00,,,,,,,,0.6613740458015267,0.68,,1441.0,8,False
2026-03-19 22:23:30+00:00,,,,,,,,0.6639080459770115,0.68,,174.0,4,False
2026-03-19 22:24:00+00:00,,,,,,,,0.6640189125295508,0.6599999999999999,,423.0,4,False
2026-03-19 22:24:30+00:00,,,,,,,,0.6611764705882351,0.6599999999999999,,119.0,3,False
2026-03-19 22:25:00+00:00,,,,,,,,0.6787298665439485,0.68,,2173.0,8,False
2026-03-19 22:25:30+00:00,,,,,,,,0.6676504854368932,0.67,,515.0,9,False
2026-03-19 22:26:00+00:00,,,,,,,,0.6726090468497576,0.67,,1238.0,7,False
2026-03-19 22:26:30+00:00,,,,,,,,0.678403524229075,0.6599999999999999,,5675.0,12,False
2026-03-19 22:27:00+00:00,,,,,,,,0.6635114503816794,0.68,,131.0,5,False
2026-03-19 22:27:30+00:00,,,,,,,,0.6599999999999999,0.6599999999999999,,640.0,4,False
2026-03-19 22:28:00+00:00,,,,,,,,0.6667699115044248,0.68,,226.0,7,False
2026-03-19 22:28:30+00:00,,,,,,,,0.6599999999999998,0.6599999999999999,,96.0,2,False
2026-03-19 22:29:00+00:00,,,,,,,,0.6602439024390242,0.6599999999999999,,574.0,6,False
2026-03-19 22:29:30+00:00,,,,,,,,0.6729826464208243,0.6599999999999999,,922.0,5,False
2026-03-19 22:30:00+00:00,,,,,,,,0.667625,0.6599999999999999,,480.0,7,False
2026-03-19 22:30:30+00:00,,,,,,,,0.66,0.6599999999999999,,1472.0,3,False
2026-03-19 22:31:00+00:00,,,,,,,,0.6711818181818182,0.68,,440.0,7,False
2026-03-19 22:31:30+00:00,,,,,,,,0.6645438898450946,0.68,,581.0,9,False
2026-03-19 22:32:00+00:00,,,,,,,,0.6747524752475248,0.68,,1616.0,5,False
2026-03-19 22:32:30+00:00,,,,,,,,0.6605308056872037,0.6599999999999999,,1055.0,3,False
2026-03-19 22:33:00+00:00,,,,,,,,0.662728731942215,0.6599999999999999,,623.0,10,False
2026-03-19 22:33:30+00:00,,,,,,,,0.6788760330578512,0.6599999999999999,,605.0,6,False
2026-03-19 22:34:00+00:00,,,,,,,,0.6792909896602659,0.6599999999999999,,677.0,5,False
2026-03-19 22:34:30+00:00,,,,,,,,0.68,0.68,,23.0,2,False
2026-03-19 22:35:00+00:00,,,,,,,,0.6789528899445764,0.6599999999999999,,10104.0,13,False
2026-03-19 22:35:30+00:00,,,,,,,,0.6606290531776913,0.67,,4626.0,10,False
2026-03-19 22:36:00+00:00,,,,,,,,0.6599999999999999,0.6599999999999999,,180.0,2,False
2026-03-19 22:36:30+00:00,,,,,,,,0.6600967351874244,0.6599999999999999,,827.0,7,False
2026-03-19 22:37:00+00:00,,,,,,,,0.6600829383886255,0.6599999999999999,,844.0,4,False
2026-03-19 22:37:30+00:00,,,,,,,,0.6642874180083482,0.6599999999999999,,1677.0,7,False
2026-03-19 22:38:00+00:00,,,,,,,,0.6630441176470586,0.6599999999999999,,680.0,9,False
2026-03-19 22:38:30+00:00,,,,,,,,0.6634042553191488,0.67,,188.0,6,False
2026-03-19 22:39:00+00:00,,,,,,,,0.662744630071599,0.6599999999999999,,419.0,8,False
2026-03-19 22:39:30+00:00,,,,,,,,0.6603571428571428,0.6599999999999999,,196.0,7,False
2026-03-19 22:40:00+00:00,,,,,,,,0.6683846153846152,0.67,,260.0,7,False
2026-03-19 22:40:30+00:00,,,,,,,,0.668125,0.6599999999999999,,160.0,4,False
2026-03-19 22:41:00+00:00,,,,,,,,0.6606825938566552,0.6599999999999999,,879.0,8,False
2026-03-19 22:41:30+00:00,,,,,,,,0.660910344827586,0.6599999999999999,,725.0,7,False
2026-03-19 22:42:00+00:00,,,,,,,,0.661879877039489,0.6599999999999999,,4229.0,10,False
2026-03-19 22:42:30+00:00,,,,,,,,0.667627365356623,0.67,,2061.0,8,False
2026-03-19 22:43:00+00:00,,,,,,,,0.6688475390156062,0.6599999999999999,,833.0,8,False
2026-03-19 22:43:30+00:00,,,,,,,,0.6698773507767785,0.67,,1223.0,7,False
2026-03-19 22:44:00+00:00,,,,,,,,0.6629394812680114,0.67,,347.0,8,False
2026-03-19 22:44:30+00:00,,,,,,,,0.6603703703703703,0.6599999999999999,,432.0,8,False
2026-03-19 22:45:00+00:00,,,,,,,,0.6638957816377171,0.6599999999999999,,1209.0,8,False
2026-03-19 22:45:30+00:00,,,,,,,,0.6637168141592921,0.6599999999999999,,339.0,5,False
2026-03-19 22:46:00+00:00,,,,,,,,0.6683768444948921,0.6599999999999999,,881.0,7,False
2026-03-19 22:46:30+00:00,,,,,,,,0.6699075158042613,0.67,,8542.0,9,False
2026-03-19 22:47:00+00:00,,,,,,,,0.6613632404181184,0.6599999999999999,,4592.0,6,False
2026-03-19 22:47:30+00:00,,,,,,,,0.6635087719298246,0.67,,171.0,9,False
2026-03-19 22:48:00+00:00,,,,,,,,0.6611485774499473,0.6599999999999999,,1898.0,11,False
2026-03-19 22:48:30+00:00,,,,,,,,0.6693283582089552,0.67,,268.0,5,False
2026-03-19 22:49:00+00:00,,,,,,,,0.6667529683377309,0.67,,6064.0,14,False
2026-03-19 22:49:30+00:00,,,,,,,,0.6659884393063584,0.6599999999999999,,2595.0,16,False
2026-03-19 22:50:00+00:00,,,,,,,,0.6605039370078739,0.6599999999999999,,635.0,10,False
2026-03-19 22:50:30+00:00,,,,,,,,0.6661016949152543,0.6599999999999999,,295.0,9,False
2026-03-19 22:51:00+00:00,,,,,,,,0.6692727572559367,0.67,,6064.0,10,False
2026-03-19 22:51:30+00:00,,,,,,,,0.6601636661211129,0.6599999999999999,,1222.0,8,False
2026-03-19 22:52:00+00:00,,,,,,,,0.6699746291227674,0.67,,80013.0,23,False
2026-03-19 22:52:30+00:00,,,,,,,,0.67,0.67,,218.0,8,False
2026-03-19 22:53:00+00:00,,,,,,,,0.6699999999999999,0.67,,566.0,6,False
2026-03-19 22:53:30+00:00,,,,,,,,0.6700000000000002,0.6699999999999999,,1100.0,12,False
2026-03-19 22:54:00+00:00,,,,,,,,0.67,0.6699999999999999,,1753.0,9,False
2026-03-19 22:54:30+00:00,,,,,,,,0.6699999999999998,0.67,,1619.0,11,False
2026-03-19 22:55:00+00:00,,,,,,,,0.67,0.67,,1363.0,10,False
2026-03-19 22:55:30+00:00,,,,,,,,0.6699999999999999,0.67,,70.0,7,False
2026-03-19 22:56:00+00:00,,,,,,,,0.6699999999999999,0.67,,1323.0,11,False
2026-03-19 22:56:30+00:00,,,,,,,,0.6699999999999999,0.6699999999999999,,198.0,6,False
2026-03-19 22:57:00+00:00,,,,,,,,0.6703344343517752,0.68,,2422.0,13,False
2026-03-19 22:57:30+00:00,,,,,,,,0.6702666101031196,0.6699999999999999,,30644.0,11,False
2026-03-19 22:58:00+00:00,,,,,,,,0.6777969174977335,0.68,,1103.0,8,False
2026-03-19 22:58:30+00:00,,,,,,,,0.672971214511041,0.68,,5072.0,14,False
2026-03-19 22:59:00+00:00,,,,,,,,0.6724346793349167,0.68,,842.0,17,False
2026-03-19 22:59:30+00:00,,,,,,,,0.6791576542269613,0.6699999999999999,,6565.0,11,False
2026-03-19 23:00:00+00:00,,,,,,,,0.6726121593291405,0.6699999999999999,,4770.0,18,False
2026-03-19 23:00:30+00:00,,,,,,,,0.6729076358786262,0.68,,2999.0,14,False
2026-03-19 23:01:00+00:00,,,,,,,,0.6741577825159913,0.68,,1876.0,16,False
2026-03-19 23:01:30+00:00,,,,,,,,0.6711729323308271,0.6699999999999999,,665.0,7,False
2026-03-19 23:02:00+00:00,,,,,,,,0.6773223350253808,0.68,,3152.0,16,False
2026-03-19 23:02:30+00:00,,,,,,,,0.6702863688430697,0.68,,873.0,9,False
2026-03-19 23:03:00+00:00,,,,,,,,0.6769348086124403,0.68,,3344.0,12,False
2026-03-19 23:03:30+00:00,,,,,,,,0.6724376731301939,0.68,,2166.0,19,False
2026-03-19 23:04:00+00:00,,,,,,,,0.6781595806639488,0.68,,1717.0,10,False
2026-03-19 23:04:30+00:00,,,,,,,,0.6721952453211938,0.68,,1977.0,11,False
2026-03-19 23:05:00+00:00,,,,,,,,0.6733469018543644,0.68,,8844.0,15,False
2026-03-19 23:05:30+00:00,,,,,,,,0.6677294685990338,0.6599999999999999,,414.0,10,False
2026-03-19 23:06:00+00:00,,,,,,,,0.6614891655140618,0.6599999999999999,,4338.0,13,False
2026-03-19 23:06:30+00:00,,,,,,,,0.6633928571428571,0.6599999999999999,,1512.0,13,False
2026-03-19 23:07:00+00:00,,,,,,,,0.6604411764705882,0.6599999999999999,,1496.0,8,False
2026-03-19 23:07:30+00:00,,,,,,,,0.6691975748930099,0.67,,2804.0,13,False
2026-03-19 23:08:00+00:00,,,,,,,,0.6622697421111645,0.6599999999999999,,6243.0,11,False
2026-03-19 23:08:30+00:00,,,,,,,,0.6603910614525138,0.6599999999999999,,716.0,7,False
2026-03-19 23:09:00+00:00,,,,,,,,0.6631297709923663,0.6599999999999999,,786.0,10,False
2026-03-19 23:09:30+00:00,,,,,,,,0.6668181818181818,0.6599999999999999,,1144.0,12,False
2026-03-19 23:10:00+00:00,,,,,,,,0.6684897959183673,0.68,,1225.0,18,False
2026-03-19 23:10:30+00:00,,,,,,,,0.6550847457627119,0.64,,1947.0,21,False
2026-03-19 23:11:00+00:00,12.0,1.0,11:48,0.0,2.0,-2.0,0.618,0.6559790050205385,0.67,0.037979005020538525,2191.0,37,False
2026-03-19 23:11:30+00:00,38.0,1.0,11:22,2.0,2.0,0.0,0.644,0.6601347087378641,0.6599999999999999,0.016134708737864045,8240.0,30,False
2026-03-19 23:12:00+00:00,47.0,1.0,11:13,2.0,2.0,0.0,0.662,0.6922003218020918,0.7,0.030200321802091756,2486.0,31,False
2026-03-19 23:12:30+00:00,79.0,1.0,10:41,5.0,2.0,3.0,0.676,0.7011000970177584,0.7,0.025100097017758394,23707.0,49,False
2026-03-19 23:13:00+00:00,79.0,1.0,10:41,5.0,4.0,1.0,0.686,0.698654811715481,0.69,0.012654811715480996,9560.0,37,False
2026-03-19 23:13:30+00:00,87.0,1.0,10:33,5.0,4.0,1.0,0.718,0.6961415001637734,0.71,-0.021858499836226564,3053.0,34,False
2026-03-19 23:14:00+00:00,87.0,1.0,10:33,6.0,4.0,2.0,0.724,0.6883800481119695,0.69,-0.035619951888030466,54872.0,58,False
2026-03-19 23:14:30+00:00,112.0,1.0,10:08,7.0,7.0,0.0,0.639,0.6229337402861658,0.61,-0.01606625971383424,46197.0,131,False
2026-03-19 23:15:00+00:00,141.0,1.0,9:39,7.0,10.0,-3.0,0.571,0.6191822187662,0.62,0.0481822187662001,15432.0,59,False
2026-03-19 23:15:30+00:00,153.0,1.0,9:27,9.0,10.0,-1.0,0.616,0.6147998557518933,0.6,-0.0012001442481066604,27730.0,84,False
2026-03-19 23:16:00+00:00,198.0,1.0,8:42,9.0,15.0,-6.0,0.51,0.5615147580714965,0.56,0.051514758071496525,23106.0,109,False
2026-03-19 23:16:30+00:00,209.0,1.0,8:31,9.0,15.0,-6.0,0.483,0.5322363405336722,0.52,0.04923634053367221,19675.0,113,False
2026-03-19 23:17:00+00:00,233.0,1.0,8:07,9.0,17.0,-8.0,0.427,0.5143712018579447,0.52,0.08737120185794472,25835.0,141,False
2026-03-19 23:17:30+00:00,253.0,1.0,7:47,11.0,17.0,-6.0,0.48,0.5271648670002634,0.53,0.047164867000263455,22782.0,120,False
2026-03-19 23:18:00+00:00,261.0,1.0,7:39,11.0,19.0,-8.0,0.454,0.5282901340666897,0.53,0.07429013406668966,43635.0,98,False
2026-03-19 23:18:30+00:00,298.0,1.0,7:02,13.0,19.0,-6.0,0.498,0.5411294911665454,0.55,0.04312949116654541,30226.0,108,True
2026-03-19 23:19:00+00:00,323.0,1.0,6:37,15.0,19.0,-4.0,0.53,0.56400104139547,0.5700000000000001,0.03400104139547,19205.0,84,True
2026-03-19 23:19:30+00:00,323.0,1.0,6:37,15.0,19.0,-4.0,0.53,0.566675788795879,0.56,0.03667578879587896,6212.0,49,True
2026-03-19 23:20:00+00:00,323.0,1.0,6:37,15.0,19.0,-4.0,0.53,0.5700153846153846,0.56,0.040015384615384564,17550.0,57,True
2026-03-19 23:20:30+00:00,323.0,1.0,6:37,15.0,19.0,-4.0,0.53,0.5728143946802269,0.5700000000000001,0.04281439468022685,5113.0,51,False
2026-03-19 23:21:00+00:00,323.0,1.0,6:37,15.0,19.0,-4.0,0.53,0.5755158096454808,0.5700000000000001,0.04551580964548074,3131.0,44,False
2026-03-19 23:21:30+00:00,323.0,1.0,6:37,15.0,19.0,-4.0,0.53,0.5728575216077205,0.5700000000000001,0.042857521607720495,18859.0,36,False
2026-03-19 23:22:00+00:00,323.0,1.0,6:37,15.0,19.0,-4.0,0.53,0.579333162568306,0.5700000000000001,0.049333162568306,11712.0,46,False
2026-03-19 23:22:30+00:00,344.0,1.0,6:16,15.0,19.0,-4.0,0.529,0.5793064985451019,0.58,0.05030649854510183,2062.0,37,False
2026-03-19 23:23:00+00:00,374.0,1.0,5:46,17.0,21.0,-4.0,0.527,0.5778501135503407,0.5700000000000001,0.050850113550340637,22457.0,74,False
2026-03-19 23:23:30+00:00,385.0,1.0,5:35,17.0,21.0,-4.0,0.574,0.5925039200313602,0.6,0.018503920031360255,10204.0,54,False
2026-03-19 23:24:00+00:00,385.0,1.0,5:35,18.0,21.0,-3.0,0.58,0.599272394092918,0.62,0.019272394092918033,9277.0,57,False
2026-03-19 23:24:30+00:00,396.0,1.0,5:24,18.0,21.0,-3.0,0.579,0.6138123046068542,0.61,0.03481230460685425,16953.0,59,False
2026-03-19 23:25:00+00:00,426.0,1.0,4:54,18.0,23.0,-5.0,0.526,0.5972652659225214,0.6,0.07126526592252136,9138.0,43,False
2026-03-19 23:25:30+00:00,429.0,1.0,4:51,19.0,23.0,-4.0,0.571,0.5931641086186541,0.6,0.022164108618654144,4235.0,45,False
2026-03-19 23:26:00+00:00,429.0,1.0,4:51,20.0,23.0,-3.0,0.551,0.5923233215547704,0.58,0.041323321554770365,4528.0,55,False
2026-03-19 23:26:30+00:00,456.0,1.0,4:24,20.0,26.0,-6.0,0.467,0.573393609370184,0.5700000000000001,0.106393609370184,38932.0,62,False
2026-03-19 23:27:00+00:00,456.0,1.0,4:24,20.0,26.0,-6.0,0.467,0.5502867641760933,0.54,0.08328676417609332,13879.0,63,False
2026-03-19 23:27:30+00:00,481.0,1.0,3:59,22.0,28.0,-6.0,0.465,0.5434580461656274,0.54,0.0784580461656274,9141.0,62,False
2026-03-19 23:28:00+00:00,498.0,1.0,3:42,22.0,28.0,-6.0,0.485,0.5467102615694166,0.54,0.06171026156941661,1988.0,32,False
2026-03-19 23:28:30+00:00,519.0,1.0,3:21,22.0,28.0,-6.0,0.463,0.5415281329923274,0.54,0.07852813299232736,7820.0,43,True
2026-03-19 23:29:00+00:00,527.0,1.0,3:13,22.0,30.0,-8.0,0.435,0.5312763504611331,0.52,0.09627635046113309,6072.0,67,True
2026-03-19 23:29:30+00:00,528.0,1.0,3:12,22.0,30.0,-8.0,0.49,0.5285431863833386,0.53,0.038543186383338646,9459.0,80,True
2026-03-19 23:30:00+00:00,528.0,1.0,3:12,22.0,30.0,-8.0,0.49,0.5323919055649241,0.54,0.042391905564924115,14825.0,85,True
2026-03-19 23:30:30+00:00,528.0,1.0,3:12,22.0,30.0,-8.0,0.49,0.5305068012286092,0.53,0.04050680122860917,13674.0,51,False
2026-03-19 23:31:00+00:00,528.0,1.0,3:12,22.0,30.0,-8.0,0.49,0.5316416623555786,0.53,0.041641662355578646,11598.0,57,False
2026-03-19 23:31:30+00:00,528.0,1.0,3:12,22.0,30.0,-8.0,0.49,0.5320683229813664,0.55,0.042068322981366424,3220.0,47,False
2026-03-19 23:32:00+00:00,528.0,1.0,3:12,22.0,30.0,-8.0,0.49,0.5294344886790427,0.52,0.039434488679042756,9319.0,44,False
2026-03-19 23:32:30+00:00,546.0,1.0,2:54,22.0,30.0,-8.0,0.404,0.5214429993460727,0.54,0.11744299934607272,13763.0,55,False
2026-03-19 23:33:00+00:00,579.0,1.0,2:21,24.0,30.0,-6.0,0.459,0.5348014261661879,0.55,0.07580142616618785,10097.0,55,False
2026-03-19 23:33:30+00:00,612.0,1.0,1:48,26.0,30.0,-4.0,0.512,0.5706805359661495,0.58,0.05868053596614953,14180.0,71,False
2026-03-19 23:34:00+00:00,632.0,1.0,1:28,26.0,30.0,-4.0,0.47,0.5765137485970819,0.5700000000000001,0.10651374859708196,7128.0,40,False
2026-03-19 23:34:30+00:00,649.0,1.0,1:11,29.0,32.0,-3.0,0.541,0.5883867909622374,0.6,0.04738679096223741,6329.0,47,False
2026-03-19 23:35:00+00:00,658.0,1.0,1:02,29.0,32.0,-3.0,0.561,0.6203789356366677,0.63,0.05937893563666763,7178.0,58,False
2026-03-19 23:35:30+00:00,675.3,1.0,44.7,32.0,32.0,0.0,0.624,0.637088176042151,0.63,0.013088176042150956,12906.0,70,False
2026-03-19 23:36:00+00:00,695.1,1.0,24.9,32.0,32.0,0.0,0.648,0.6620958244111349,0.6799999999999999,0.014095824411134883,26152.0,72,False
2026-03-19 23:36:30+00:00,720.0,1.0,0.0,34.0,32.0,2.0,0.673,0.6959167529203019,0.69,0.02291675292030182,13526.0,62,False
2026-03-19 23:37:00+00:00,720.0,2.0,12:00,34.0,32.0,2.0,0.685,0.69168928854202,0.69,0.00668928854202,17682.0,57,False
2026-03-19 23:37:30+00:00,720.0,2.0,12:00,34.0,32.0,2.0,0.685,0.6918557300756253,0.69,0.006855730075625233,6876.0,44,False
2026-03-19 23:38:00+00:00,720.0,2.0,12:00,34.0,32.0,2.0,0.685,0.6910256410256409,0.69,0.006025641025640849,4719.0,51,False
2026-03-19 23:38:30+00:00,720.0,2.0,12:00,34.0,32.0,2.0,0.685,0.6928178063331804,0.69,0.0078178063331803,4358.0,36,False
2026-03-19 23:39:00+00:00,720.0,2.0,12:00,34.0,32.0,2.0,0.685,0.7240798938473357,0.74,0.03907989384733568,28638.0,57,False
2026-03-19 23:39:30+00:00,735.0,2.0,11:45,37.0,32.0,5.0,0.745,0.7401741018030391,0.77,-0.004825898196960887,22573.0,72,False
2026-03-19 23:40:00+00:00,773.0,2.0,11:07,37.0,32.0,5.0,0.768,0.7612552268855505,0.76,-0.006744773114449543,12914.0,52,False
2026-03-19 23:40:30+00:00,782.0,2.0,10:58,37.0,32.0,5.0,0.746,0.7516557089634013,0.75,0.005655708963401285,9126.0,59,False
2026-03-19 23:41:00+00:00,797.0,2.0,10:43,37.0,32.0,5.0,0.769,0.7601854557716085,0.76,-0.008814544228391563,26691.0,73,False
2026-03-19 23:41:30+00:00,825.0,2.0,10:15,40.0,35.0,5.0,0.769,0.7510639938319198,0.72,-0.01793600616808022,5188.0,46,False
2026-03-19 23:42:00+00:00,840.0,2.0,10:00,40.0,37.0,3.0,0.724,0.719044395465995,0.71,-0.004955604534005009,12704.0,60,False
2026-03-19 23:42:30+00:00,856.0,2.0,9:44,40.0,37.0,3.0,0.721,0.7133155815152036,0.71,-0.007684418484796396,5821.0,66,False
2026-03-19 23:43:00+00:00,869.0,2.0,9:31,40.0,37.0,3.0,0.721,0.7127625669998553,0.72,-0.008237433000144678,6903.0,38,False
2026-03-19 23:43:30+00:00,869.0,2.0,9:31,40.0,37.0,3.0,0.721,0.7101056738741668,0.72,-0.010894326125833187,24604.0,40,False
2026-03-19 23:44:00+00:00,887.0,2.0,9:13,40.0,37.0,3.0,0.715,0.7035916702447401,0.71,-0.01140832975525985,4658.0,47,False
2026-03-19 23:44:30+00:00,899.0,2.0,9:01,40.0,37.0,3.0,0.721,0.6980263501174014,0.71,-0.022973649882598535,7666.0,39,False
2026-03-19 23:45:00+00:00,921.0,2.0,8:39,42.0,37.0,5.0,0.746,0.7387161926871735,0.74,-0.007283807312826518,17230.0,55,False
2026-03-19 23:45:30+00:00,960.0,2.0,8:00,42.0,37.0,5.0,0.746,0.7506332107199158,0.76,0.004633210719915848,15224.0,54,False
2026-03-19 23:46:00+00:00,978.0,2.0,7:42,45.0,37.0,8.0,0.842,0.7784509888840768,0.78,-0.06354901111592315,6927.0,49,False
2026-03-19 23:46:30+00:00,978.0,2.0,7:42,46.0,37.0,9.0,0.83,0.7970328430228032,0.8,-0.032967156977196765,25698.0,81,True
2026-03-19 23:47:00+00:00,1007.0,2.0,7:13,49.0,37.0,12.0,0.879,0.8219998477466504,0.84,-0.057000152253349645,26272.0,83,True
2026-03-19 23:47:30+00:00,1007.0,2.0,7:13,49.0,37.0,12.0,0.879,0.8411470259556793,0.85,-0.03785297404432075,47427.0,100,True
2026-03-19 23:48:00+00:00,1007.0,2.0,7:13,49.0,37.0,12.0,0.879,0.8396733859187847,0.83,-0.039326614081215294,17115.0,67,True
2026-03-19 23:48:30+00:00,1007.0,2.0,7:13,49.0,37.0,12.0,0.879,0.8343279924599436,0.85,-0.0446720075400564,5305.0,46,False
2026-03-19 23:49:00+00:00,1007.0,2.0,7:13,49.0,37.0,12.0,0.879,0.8428477584418578,0.85,-0.03615224155814223,8677.0,48,False
2026-03-19 23:49:30+00:00,1007.0,2.0,7:13,49.0,37.0,12.0,0.879,0.8412305025996534,0.85,-0.03776949740034663,9232.0,56,False
2026-03-19 23:50:00+00:00,1007.0,2.0,7:13,49.0,37.0,12.0,0.879,0.8413378336913165,0.85,-0.037662166308683465,3259.0,45,True
2026-03-19 23:50:30+00:00,1020.0,2.0,7:00,49.0,37.0,12.0,0.893,0.8478615776081425,0.85,-0.0451384223918575,9825.0,41,True
2026-03-19 23:51:00+00:00,1020.0,2.0,7:00,49.0,37.0,12.0,0.879,0.8473544303797469,0.85,-0.03164556962025311,4740.0,33,True
2026-03-19 23:51:30+00:00,1020.0,2.0,7:00,49.0,37.0,12.0,0.879,0.8418001390894987,0.84,-0.037199860910501314,18693.0,44,True
2026-03-19 23:52:00+00:00,1020.0,2.0,7:00,49.0,37.0,12.0,0.879,0.8413174640584492,0.84,-0.0376825359415508,4243.0,25,False
2026-03-19 23:52:30+00:00,1020.0,2.0,7:00,49.0,37.0,12.0,0.879,0.839951605807303,0.84,-0.03904839419269701,4546.0,42,False
2026-03-19 23:53:00+00:00,1020.0,2.0,7:00,49.0,37.0,12.0,0.879,0.8383363406712377,0.85,-0.04066365932876226,2771.0,30,False
2026-03-19 23:53:30+00:00,1020.0,2.0,7:00,49.0,37.0,12.0,0.879,0.8333509454949944,0.83,-0.04564905450500556,3596.0,30,False
2026-03-19 23:54:00+00:00,1020.0,2.0,7:00,49.0,37.0,12.0,0.879,0.8442197183098592,0.84,-0.0347802816901408,5325.0,32,False
2026-03-19 23:54:30+00:00,1036.0,2.0,6:44,50.0,37.0,13.0,0.915,0.8600682824341563,0.87,-0.054931717565843696,13327.0,57,False
2026-03-19 23:55:00+00:00,1036.0,2.0,6:44,51.0,37.0,14.0,0.906,0.8542347178070769,0.85,-0.05176528219292309,38378.0,54,False
2026-03-19 23:55:30+00:00,1057.0,2.0,6:23,51.0,37.0,14.0,0.888,0.8571359084406297,0.86,-0.03086409155937031,3495.0,47,False
2026-03-19 23:56:00+00:00,1058.0,2.0,6:22,51.0,38.0,13.0,0.895,0.8555200567980122,0.87,-0.03947994320198778,2817.0,23,False
2026-03-19 23:56:30+00:00,1058.0,2.0,6:22,51.0,38.0,13.0,0.895,0.8504998829313979,0.84,-0.04450011706860213,8542.0,65,False
2026-03-19 23:57:00+00:00,1077.0,2.0,6:03,54.0,41.0,13.0,0.895,0.8534644277507734,0.85,-0.04153557224922666,6789.0,54,False
2026-03-19 23:57:30+00:00,1095.0,2.0,5:45,54.0,41.0,13.0,0.909,0.8611976186080856,0.87,-0.047802381391914395,21668.0,52,False
2026-03-19 23:58:00+00:00,1100.0,2.0,5:40,54.0,41.0,13.0,0.926,0.876486152324431,0.87,-0.0495138476755691,4044.0,55,False
2026-03-19 23:58:30+00:00,1100.0,2.0,5:40,56.0,41.0,15.0,0.921,0.8809157221411738,0.88,-0.04008427785882629,8911.0,50,False
2026-03-19 23:59:00+00:00,1114.0,2.0,5:26,56.0,41.0,15.0,0.921,0.8774417555989779,0.88,-0.043558244401022184,6653.0,44,False
2026-03-19 23:59:30+00:00,1126.0,2.0,5:14,56.0,41.0,15.0,0.913,0.8886412199369325,0.9,-0.024358780063067575,21247.0,39,False
2026-03-20 00:00:00+00:00,1126.0,2.0,5:14,56.0,41.0,15.0,0.913,0.8935098238663741,0.9,-0.019490176133625914,18679.0,53,False
2026-03-20 00:00:30+00:00,1126.0,2.0,5:14,58.0,41.0,17.0,0.942,0.9020668906775026,0.91,-0.039933109322497384,12797.0,49,False
2026-03-20 00:01:00+00:00,1140.0,2.0,5:00,58.0,41.0,17.0,0.942,0.9089714083384969,0.91,-0.03302859166150307,11297.0,48,True
2026-03-20 00:01:30+00:00,1143.0,2.0,4:57,58.0,41.0,17.0,0.942,0.9087246596066563,0.9,-0.03327534039334368,6610.0,30,True
2026-03-20 00:02:00+00:00,1143.0,2.0,4:57,58.0,41.0,17.0,0.95,0.9022025789401744,0.91,-0.04779742105982554,21947.0,44,True
2026-03-20 00:02:30+00:00,1143.0,2.0,4:57,58.0,41.0,17.0,0.95,0.9086384976525822,0.91,-0.041361502347417756,9798.0,32,True
2026-03-20 00:03:00+00:00,1143.0,2.0,4:57,58.0,41.0,17.0,0.95,0.9049521410579345,0.9,-0.04504785894206542,3970.0,30,False
2026-03-20 00:03:30+00:00,1143.0,2.0,4:57,58.0,41.0,17.0,0.95,0.9080988903394256,0.9,-0.041901109660574365,12256.0,34,False
2026-03-20 00:04:00+00:00,1143.0,2.0,4:57,58.0,41.0,17.0,0.95,0.9033184875477187,0.91,-0.04668151245228125,11002.0,35,False
2026-03-20 00:04:30+00:00,1143.0,2.0,4:57,58.0,41.0,17.0,0.95,0.908621414913958,0.91,-0.041378585086041975,5230.0,18,False
2026-03-20 00:05:00+00:00,1160.0,2.0,4:40,58.0,41.0,17.0,0.951,0.9155283627395181,0.92,-0.03547163726048186,5271.0,35,False
2026-03-20 00:05:30+00:00,1172.0,2.0,4:28,60.0,41.0,19.0,0.947,0.920043174458899,0.92,-0.026956825541100904,17603.0,54,False
2026-03-20 00:06:00+00:00,1182.0,2.0,4:18,60.0,41.0,19.0,0.947,0.9256147647517545,0.92,-0.021385235248245427,11541.0,43,False
2026-03-20 00:06:30+00:00,1182.0,2.0,4:18,60.0,42.0,18.0,0.945,0.9213884974162807,0.92,-0.023611502583719246,29802.0,52,False
2026-03-20 00:07:00+00:00,1203.0,2.0,3:57,63.0,45.0,18.0,0.958,0.9261224489795922,0.9299999999999999,-0.03187755102040779,11711.0,35,False
2026-03-20 00:07:30+00:00,1212.0,2.0,3:48,63.0,45.0,18.0,0.953,0.9201822625698327,0.92,-0.03281773743016725,14320.0,45,False
2026-03-20 00:08:00+00:00,1227.0,2.0,3:33,63.0,45.0,18.0,0.94,0.9229784490698102,0.91,-0.017021550930189755,16287.0,40,False
2026-03-20 00:08:30+00:00,1227.0,2.0,3:33,63.0,46.0,17.0,0.938,0.9175737838387952,0.92,-0.02042621616120477,9826.0,29,False
2026-03-20 00:09:00+00:00,1246.0,2.0,3:14,63.0,47.0,16.0,0.936,0.9135775526110678,0.91,-0.022422447388932287,1283.0,20,False
2026-03-20 00:09:30+00:00,1269.0,2.0,2:51,65.0,47.0,18.0,0.954,0.9286792740582585,0.9299999999999999,-0.025320725941741506,6557.0,35,False
2026-03-20 00:10:00+00:00,1305.0,2.0,2:15,67.0,47.0,20.0,0.969,0.9287865821043783,0.94,-0.04021341789562172,13087.0,41,False
2026-03-20 00:10:30+00:00,1305.0,2.0,2:15,67.0,47.0,20.0,0.969,0.933094856736074,0.9299999999999999,-0.03590514326392602,11238.0,34,False
2026-03-20 00:11:00+00:00,1314.0,2.0,2:06,67.0,47.0,20.0,0.959,0.9284670250155056,0.93,-0.030532974984494365,9674.0,25,False
2026-03-20 00:11:30+00:00,1314.0,2.0,2:06,67.0,49.0,18.0,0.961,0.9267932960893853,0.92,-0.034206703910614644,5370.0,32,False
2026-03-20 00:12:00+00:00,1338.0,2.0,1:42,69.0,49.0,20.0,0.97,0.9290587009378258,0.92,-0.04094129906217414,20153.0,29,False
2026-03-20 00:12:30+00:00,1365.0,2.0,1:15,69.0,51.0,18.0,0.957,0.9339120756816918,0.9299999999999999,-0.023087924318308195,1797.0,23,False
2026-03-20 00:13:00+00:00,1365.0,2.0,1:15,69.0,51.0,18.0,0.957,0.9397445578150014,0.9299999999999999,-0.017255442184998526,41849.0,46,False
2026-03-20 00:13:30+00:00,1376.0,2.0,1:04,69.0,51.0,18.0,0.946,0.9314084845571446,0.93,-0.014591515442855307,8321.0,31,False
2026-03-20 00:14:00+00:00,1376.0,2.0,1:04,69.0,53.0,16.0,0.952,0.9264316007495809,0.92,-0.025568399250419094,10139.0,44,False
2026-03-20 00:14:30+00:00,1395.1,2.0,44.9,69.0,53.0,16.0,0.942,0.9244115728661946,0.92,-0.017588427133805373,21464.0,54,False
2026-03-20 00:15:00+00:00,1407.2,2.0,32.8,69.0,53.0,16.0,0.953,0.9341297642652566,0.94,-0.018870235734743335,27234.0,29,False
2026-03-20 00:15:30+00:00,1440.0,2.0,0.0,72.0,53.0,19.0,0.969,0.9397484308310319,0.94,-0.029251569168968095,19915.0,34,False
2026-03-20 00:16:00+00:00,1440.0,2.0,0.0,72.0,53.0,19.0,0.969,0.9455135475740389,0.95,-0.023486452425961035,11109.0,35,False
2026-03-20 00:16:30+00:00,1440.0,2.0,0.0,72.0,53.0,19.0,0.969,0.944218958611482,0.95,-0.024781041388518,2996.0,22,False
2026-03-20 00:17:00+00:00,1440.0,2.0,0.0,72.0,53.0,19.0,0.969,0.9425920679886686,0.94,-0.026407932011331403,2824.0,19,False
2026-03-20 00:17:30+00:00,1440.0,2.0,0.0,72.0,53.0,19.0,0.969,0.9424158686730505,0.94,-0.02658413132694948,3655.0,14,False
2026-03-20 00:18:00+00:00,1440.0,2.0,0.0,72.0,53.0,19.0,0.969,0.9416533095874147,0.94,-0.027346690412585306,3369.0,19,False
2026-03-20 00:18:30+00:00,1440.0,2.0,0.0,72.0,53.0,19.0,0.969,0.9463133514986377,0.95,-0.02268664850136226,3670.0,21,False
2026-03-20 00:19:00+00:00,1440.0,2.0,0.0,72.0,53.0,19.0,0.969,0.9417723504369259,0.94,-0.027227649563074108,4463.0,15,False
2026-03-20 00:19:30+00:00,1440.0,2.0,0.0,72.0,53.0,19.0,0.969,0.9438758581235698,0.95,-0.025124141876430195,3496.0,25,False
2026-03-20 00:20:00+00:00,1440.0,2.0,0.0,72.0,53.0,19.0,0.969,0.9463048738333909,0.95,-0.02269512616660907,2893.0,19,False
2026-03-20 00:20:30+00:00,1440.0,2.0,0.0,72.0,53.0,19.0,0.969,0.9452964779313421,0.95,-0.02370352206865789,4486.0,24,False
2026-03-20 00:21:00+00:00,1440.0,2.0,0.0,72.0,53.0,19.0,0.969,0.9440663080469865,0.95,-0.024933691953013426,9109.0,29,False
2026-03-20 00:21:30+00:00,1440.0,2.0,0.0,72.0,53.0,19.0,0.969,0.9464578278863993,0.94,-0.022542172113600656,7007.0,20,False
2026-03-20 00:22:00+00:00,1440.0,2.0,0.0,72.0,53.0,19.0,0.969,0.9413092063492061,0.94,-0.027690793650793855,7875.0,19,False
2026-03-20 00:22:30+00:00,1440.0,2.0,0.0,72.0,53.0,19.0,0.969,0.9431420963447106,0.94,-0.025857903655289394,4131.0,14,False
2026-03-20 00:23:00+00:00,1440.0,2.0,0.0,72.0,53.0,19.0,0.969,0.9402311557788945,0.94,-0.028768844221105483,995.0,10,False
2026-03-20 00:23:30+00:00,1440.0,2.0,0.0,72.0,53.0,19.0,0.969,0.940014637716516,0.94,-0.028985362283483918,4099.0,15,False
2026-03-20 00:24:00+00:00,1440.0,2.0,0.0,72.0,53.0,19.0,0.969,0.940677966101695,0.94,-0.02832203389830501,8437.0,24,False
2026-03-20 00:24:30+00:00,1440.0,2.0,0.0,72.0,53.0,19.0,0.969,0.941394351090454,0.94,-0.027605648909545977,2797.0,11,False
2026-03-20 00:25:00+00:00,1440.0,2.0,0.0,72.0,53.0,19.0,0.969,0.9461862678450035,0.95,-0.02281373215499649,1471.0,18,False
2026-03-20 00:25:30+00:00,1440.0,2.0,0.0,72.0,53.0,19.0,0.969,0.9447605829285217,0.94,-0.024239417071478253,1441.0,12,False
2026-03-20 00:26:00+00:00,1440.0,2.0,0.0,72.0,53.0,19.0,0.969,0.9440558139534885,0.95,-0.024944186046511496,1075.0,7,False
2026-03-20 00:26:30+00:00,1440.0,2.0,0.0,72.0,53.0,19.0,0.969,0.9403311258278146,0.94,-0.028668874172185332,1208.0,14,False
2026-03-20 00:27:00+00:00,1440.0,2.0,0.0,72.0,53.0,19.0,0.969,0.94,0.94,-0.029000000000000026,920.0,8,False
2026-03-20 00:27:30+00:00,1440.0,2.0,0.0,72.0,53.0,19.0,0.969,0.9467874526771227,0.95,-0.022212547322877252,1849.0,13,False
2026-03-20 00:28:00+00:00,1440.0,2.0,0.0,72.0,53.0,19.0,0.969,0.9428341384863124,0.95,-0.026165861513687605,621.0,8,False
2026-03-20 00:28:30+00:00,1440.0,2.0,0.0,72.0,53.0,19.0,0.969,0.9468067226890757,0.95,-0.022193277310924242,4284.0,10,False
2026-03-20 00:29:00+00:00,1440.0,2.0,0.0,72.0,53.0,19.0,0.969,0.9491175204476969,0.94,-0.019882479552303045,11615.0,17,False
2026-03-20 00:29:30+00:00,1440.0,2.0,0.0,72.0,53.0,19.0,0.969,0.9439944134078212,0.94,-0.025005586592178775,358.0,8,False
2026-03-20 00:30:00+00:00,1440.0,2.0,0.0,72.0,53.0,19.0,0.969,0.9470982766651143,0.95,-0.021901723334885714,2147.0,15,False
2026-03-20 00:30:30+00:00,1440.0,2.0,0.0,72.0,53.0,19.0,0.969,0.9402209698947055,0.95,-0.02877903010529448,6743.0,16,False
2026-03-20 00:31:00+00:00,1440.0,2.0,0.0,72.0,53.0,19.0,0.969,0.9435592060232717,0.95,-0.02544079397672827,1461.0,7,False
2026-03-20 00:31:30+00:00,1440.0,2.0,0.0,72.0,53.0,19.0,0.969,0.94133088443063,0.94,-0.027669115569370017,3539.0,14,False
2026-03-20 00:32:00+00:00,1440.0,2.0,0.0,72.0,53.0,19.0,0.969,0.940439330543933,0.94,-0.028560669456066945,1912.0,11,False
2026-03-20 00:32:30+00:00,1440.0,2.0,0.0,72.0,53.0,19.0,0.969,0.9406547085201793,0.94,-0.028345291479820678,1115.0,9,False
2026-03-20 00:33:00+00:00,1440.0,2.0,0.0,72.0,53.0,19.0,0.969,0.9498344552480679,0.95,-0.019165544751932106,60165.0,25,False
2026-03-20 00:33:30+00:00,1440.0,2.0,0.0,72.0,53.0,19.0,0.969,0.9556857301499166,0.95,-0.013314269850083327,5403.0,14,False
2026-03-20 00:34:00+00:00,1440.0,2.0,0.0,72.0,53.0,19.0,0.969,0.954215003866976,0.95,-0.014784996133023975,1293.0,14,False
2026-03-20 00:34:30+00:00,1440.0,2.0,0.0,72.0,53.0,19.0,0.969,0.9508333333333334,0.95,-0.018166666666666553,1488.0,12,False
2026-03-20 00:35:00+00:00,1440.0,2.0,0.0,72.0,53.0,19.0,0.969,0.9565500794912559,0.96,-0.01244992050874405,629.0,6,False
2026-03-20 00:35:30+00:00,1440.0,2.0,0.0,72.0,53.0,19.0,0.969,0.9533333333333334,0.96,-0.015666666666666607,4113.0,12,False
2026-03-20 00:36:00+00:00,1440.0,2.0,0.0,72.0,53.0,19.0,0.969,0.9542257865515114,0.96,-0.014774213448488616,1621.0,13,False
2026-03-20 00:36:30+00:00,1440.0,2.0,0.0,72.0,53.0,19.0,0.969,0.9531598736652128,0.95,-0.015840126334787152,6649.0,14,False
2026-03-20 00:37:00+00:00,1440.0,2.0,0.0,72.0,53.0,19.0,0.969,0.9489902568644817,0.95,-0.020009743135518288,1129.0,11,False
2026-03-20 00:37:30+00:00,1440.0,2.0,0.0,72.0,53.0,19.0,0.969,0.9503858210754762,0.96,-0.018614178924523772,4147.0,15,False
2026-03-20 00:38:00+00:00,1440.0,2.0,0.0,72.0,53.0,19.0,0.969,0.9506550618415024,0.95,-0.01834493815849758,2183.0,9,False
2026-03-20 00:38:30+00:00,1440.0,2.0,0.0,72.0,53.0,19.0,0.969,0.9536576889661162,0.96,-0.015342311033883727,1151.0,11,False
2026-03-20 00:39:00+00:00,1440.0,2.0,0.0,72.0,53.0,19.0,0.969,0.9597315554511278,0.96,-0.009268444548872212,34048.0,17,False
2026-03-20 00:39:30+00:00,1440.0,2.0,0.0,72.0,53.0,19.0,0.969,0.9508519660755591,0.96,-0.018148033924440865,2594.0,18,False
2026-03-20 00:40:00+00:00,1440.0,2.0,0.0,72.0,53.0,19.0,0.969,0.9588373648422694,0.95,-0.010162635157730526,8971.0,13,False
2026-03-20 00:40:30+00:00,1440.0,2.0,0.0,72.0,53.0,19.0,0.969,0.9501255060728746,0.96,-0.01887449392712537,2470.0,8,False
2026-03-20 00:41:00+00:00,1440.0,2.0,0.0,72.0,53.0,19.0,0.969,0.9583221476510068,0.95,-0.010677852348993211,1341.0,9,False
2026-03-20 00:41:30+00:00,1440.0,2.0,0.0,72.0,53.0,19.0,0.969,0.9570093457943926,0.95,-0.01199065420560741,428.0,7,False
2026-03-20 00:42:00+00:00,1440.0,2.0,0.0,72.0,53.0,19.0,0.969,0.9500553097345131,0.95,-0.01894469026548684,1808.0,7,False
2026-03-20 00:42:30+00:00,1440.0,2.0,0.0,72.0,53.0,19.0,0.969,0.9528044871794871,0.96,-0.016195512820512903,624.0,8,False
2026-03-20 00:43:00+00:00,1440.0,2.0,0.0,72.0,53.0,19.0,0.969,0.9506015037593986,0.96,-0.018398496240601414,532.0,9,False
2026-03-20 00:43:30+00:00,1440.0,2.0,0.0,72.0,53.0,19.0,0.969,0.9546641791044777,0.95,-0.014335820895522322,536.0,9,False
2026-03-20 00:44:00+00:00,1440.0,2.0,0.0,72.0,53.0,19.0,0.969,0.9504343105320303,0.95,-0.01856568946796966,921.0,10,False
2026-03-20 00:44:30+00:00,1440.0,3.0,12:00,72.0,53.0,19.0,0.969,0.950284474445516,0.95,-0.01871552555448397,2074.0,9,False
2026-03-20 00:45:00+00:00,1440.0,3.0,12:00,72.0,53.0,19.0,0.969,0.9549999999999998,0.96,-0.014000000000000123,100.0,5,False
2026-03-20 00:45:30+00:00,1457.0,3.0,11:43,72.0,53.0,19.0,0.98,0.9583820346320345,0.95,-0.021617965367965453,5544.0,14,False
2026-03-20 00:46:00+00:00,1457.0,3.0,11:43,73.0,53.0,20.0,0.981,0.9568755328218246,0.96,-0.0241244671781754,2346.0,20,False
2026-03-20 00:46:30+00:00,1457.0,3.0,11:43,74.0,53.0,21.0,0.977,0.959981634527089,0.96,-0.017018365472911023,5445.0,12,False
2026-03-20 00:47:00+00:00,1480.0,3.0,11:20,74.0,55.0,19.0,0.974,0.950238847910081,0.95,-0.023761152089919024,2847.0,15,False
2026-03-20 00:47:30+00:00,1510.0,3.0,10:50,74.0,55.0,19.0,0.975,0.9542276104810324,0.96,-0.020772389518967538,2557.0,14,False
2026-03-20 00:48:00+00:00,1519.0,3.0,10:41,77.0,55.0,22.0,0.984,0.9634077912794853,0.96,-0.020592208720514704,11192.0,48,False
2026-03-20 00:48:30+00:00,1543.0,3.0,10:17,77.0,58.0,19.0,0.976,0.9501367989056089,0.95,-0.02586320109439111,731.0,15,False
2026-03-20 00:49:00+00:00,1565.0,3.0,9:55,77.0,60.0,17.0,0.952,0.9498827998706758,0.95,-0.0021172001293241483,12372.0,27,False
2026-03-20 00:49:30+00:00,1578.0,3.0,9:42,80.0,61.0,19.0,0.972,0.9628513202197413,0.96,-0.009148679780258684,5643.0,22,False
2026-03-20 00:50:00+00:00,1599.0,3.0,9:21,83.0,61.0,22.0,0.986,0.9762088726134235,0.98,-0.009791127386576504,35773.0,25,False
2026-03-20 00:50:30+00:00,1618.0,3.0,9:02,83.0,63.0,20.0,0.983,0.9788530701754385,0.98,-0.0041469298245614405,4560.0,21,False
2026-03-20 00:51:00+00:00,1633.0,3.0,8:47,83.0,63.0,20.0,0.982,0.9787544665645737,0.98,-0.0032455334354263288,5877.0,23,False
2026-03-20 00:51:30+00:00,1647.0,3.0,8:33,86.0,63.0,23.0,0.99,0.9792486834406086,0.97,-0.010751316559391433,8545.0,44,False
2026-03-20 00:52:00+00:00,1668.0,3.0,8:12,86.0,65.0,21.0,0.99,0.9797384898710865,0.98,-0.01026151012891352,2715.0,13,False
2026-03-20 00:52:30+00:00,1691.0,3.0,7:49,89.0,65.0,24.0,0.994,0.9838600962900029,0.99,-0.010139903709997067,3531.0,14,False
2026-03-20 00:53:00+00:00,1706.0,3.0,7:34,89.0,65.0,24.0,0.994,0.9865635507733692,0.98,-0.007436449226630781,2974.0,18,True
2026-03-20 00:53:30+00:00,1743.0,3.0,6:57,89.0,67.0,22.0,0.988,0.980016835016835,0.98,-0.007983164983164981,1188.0,6,True
2026-03-20 00:54:00+00:00,1743.0,3.0,6:57,89.0,67.0,22.0,0.988,0.9804044943820226,0.99,-0.007595505617977394,1335.0,9,True
2026-03-20 00:54:30+00:00,1743.0,3.0,6:57,89.0,67.0,22.0,0.988,0.9801312335958005,0.99,-0.007868766404199534,3429.0,12,True
2026-03-20 00:55:00+00:00,1743.0,3.0,6:57,89.0,67.0,22.0,0.988,0.9820582781456954,0.99,-0.005941721854304638,3775.0,10,False
2026-03-20 00:55:30+00:00,1743.0,3.0,6:57,89.0,67.0,22.0,0.988,0.9813392857142856,0.98,-0.006660714285714353,672.0,14,False
2026-03-20 00:56:00+00:00,1743.0,3.0,6:57,89.0,67.0,22.0,0.988,0.9883544514838281,0.99,0.00035445148382806657,5998.0,12,False
2026-03-20 00:56:30+00:00,1743.0,3.0,6:57,89.0,67.0,22.0,0.988,0.9800055586436909,0.98,-0.007994441356309112,8995.0,14,False
2026-03-20 00:57:00+00:00,1759.0,3.0,6:41,89.0,67.0,22.0,0.984,0.9802166064981949,0.98,-0.0037833935018051212,277.0,8,False
2026-03-20 00:57:30+00:00,1759.0,3.0,6:41,89.0,68.0,21.0,0.983,0.9836227689339123,0.98,0.0006227689339123321,2073.0,13,False
2026-03-20 00:58:00+00:00,1771.0,3.0,6:29,91.0,69.0,22.0,0.989,0.9799999999999999,0.98,-0.009000000000000119,2848.0,9,False
2026-03-20 00:58:30+00:00,1806.0,3.0,5:54,94.0,69.0,25.0,0.995,0.9895135499948081,0.99,-0.0054864500051918785,19262.0,30,False
2026-03-20 00:59:00+00:00,1821.0,3.0,5:39,94.0,71.0,23.0,0.994,0.9835582822085889,0.99,-0.01044171779141112,6846.0,12,False
2026-03-20 00:59:30+00:00,1830.0,3.0,5:30,95.0,71.0,24.0,0.996,0.987131854590265,0.98,-0.008868145409735018,3246.0,7,False
2026-03-20 01:00:00+00:00,1830.0,3.0,5:30,95.0,71.0,24.0,0.995,0.9847928683796539,0.98,-0.010207131620346144,1907.0,12,True
2026-03-20 01:00:30+00:00,1853.0,3.0,5:07,95.0,71.0,24.0,0.995,0.9863842592592593,0.99,-0.008615740740740674,2160.0,15,True
2026-03-20 01:01:00+00:00,1863.0,3.0,4:57,98.0,71.0,27.0,0.998,0.9881442997219376,0.99,-0.009855700278062374,13666.0,35,True
2026-03-20 01:01:30+00:00,1863.0,3.0,4:57,98.0,71.0,27.0,0.998,0.9899667729930887,0.99,-0.008033227006911337,15048.0,20,True
2026-03-20 01:02:00+00:00,1863.0,3.0,4:57,98.0,71.0,27.0,0.998,0.99,0.99,-0.008000000000000007,10882.0,8,False
2026-03-20 01:02:30+00:00,1863.0,3.0,4:57,98.0,71.0,27.0,0.998,0.99,0.99,-0.008000000000000007,4029.0,8,False
2026-03-20 01:03:00+00:00,1863.0,3.0,4:57,98.0,71.0,27.0,0.998,0.9900000000000001,0.99,-0.007999999999999896,2399.0,8,False
2026-03-20 01:03:30+00:00,1863.0,3.0,4:57,98.0,71.0,27.0,0.998,0.99,0.99,-0.008000000000000007,599.0,2,False
2026-03-20 01:04:00+00:00,1863.0,3.0,4:57,98.0,71.0,27.0,0.998,0.9899999999999999,0.99,-0.008000000000000118,32594.0,18,False
2026-03-20 01:04:30+00:00,1899.0,3.0,4:21,100.0,73.0,27.0,0.998,0.99,0.99,-0.008000000000000007,3685.0,9,False
2026-03-20 01:05:00+00:00,1928.0,3.0,3:52,100.0,73.0,27.0,0.998,0.9900000000000001,0.99,-0.007999999999999896,1484.0,9,False
2026-03-20 01:05:30+00:00,1943.0,3.0,3:37,103.0,73.0,30.0,0.999,0.9899999999999999,0.99,-0.009000000000000119,401.0,3,False
2026-03-20 01:06:00+00:00,1970.0,3.0,3:10,103.0,73.0,30.0,0.999,0.9899999999999999,0.99,-0.009000000000000119,257.0,3,False
2026-03-20 01:06:30+00:00,1979.0,3.0,3:01,103.0,73.0,30.0,0.999,0.99,0.99,-0.009000000000000008,1748.0,6,False
2026-03-20 01:07:00+00:00,1992.0,3.0,2:48,105.0,73.0,32.0,0.999,0.99,0.99,-0.009000000000000008,1068.0,7,False
2026-03-20 01:07:30+00:00,2005.0,3.0,2:35,105.0,74.0,31.0,0.999,0.9899999999999998,0.99,-0.00900000000000023,2784.0,9,False
2026-03-20 01:08:00+00:00,2005.0,3.0,2:35,105.0,75.0,30.0,0.999,0.99,0.99,-0.009000000000000008,100.0,4,False
2026-03-20 01:08:30+00:00,2040.0,3.0,2:00,108.0,75.0,33.0,0.999,0.9899999999999999,0.99,-0.009000000000000119,608.0,2,False
2026-03-20 01:09:00+00:00,2054.0,3.0,1:46,110.0,75.0,35.0,0.999,0.99,0.99,-0.009000000000000008,737.0,5,False
2026-03-20 01:09:30+00:00,2103.1,3.0,56.9,110.0,75.0,35.0,0.999,0.99,0.99,-0.009000000000000008,0.0,0,False
2026-03-20 01:10:00+00:00,2103.1,3.0,56.9,110.0,75.0,35.0,0.999,0.99,0.99,-0.009000000000000008,4918.0,4,False
2026-03-20 01:10:30+00:00,2128.2,3.0,31.8,110.0,75.0,35.0,0.999,0.9900000000000001,0.99,-0.008999999999999897,1236.0,9,False
2026-03-20 01:11:00+00:00,2156.3,3.0,3.7,110.0,75.0,35.0,0.999,0.9900000000000001,0.99,-0.008999999999999897,1338.0,5,False
2026-03-20 01:11:30+00:00,2156.3,3.0,3.7,110.0,77.0,33.0,0.999,0.9900000000000001,0.99,-0.008999999999999897,679.0,7,False
2026-03-20 01:12:00+00:00,2160.0,3.0,0.0,110.0,77.0,33.0,0.999,0.99,0.99,-0.009000000000000008,267.0,3,False
2026-03-20 01:12:30+00:00,2160.0,4.0,12:00,110.0,77.0,33.0,0.999,0.99,0.99,-0.009000000000000008,1028.0,2,False
2026-03-20 01:13:00+00:00,2160.0,4.0,12:00,110.0,77.0,33.0,0.999,0.99,0.99,-0.009000000000000008,160.0,4,False
2026-03-20 01:13:30+00:00,2160.0,4.0,12:00,110.0,77.0,33.0,0.999,0.9900000000000001,0.99,-0.008999999999999897,278.0,5,False
2026-03-20 01:14:00+00:00,2160.0,4.0,12:00,110.0,77.0,33.0,0.999,0.99,0.99,-0.009000000000000008,626.0,4,False
2026-03-20 01:14:30+00:00,2160.0,4.0,12:00,110.0,77.0,33.0,0.999,0.9900000000000001,0.99,-0.008999999999999897,5835.0,10,False
2026-03-20 01:15:00+00:00,2175.0,4.0,11:45,110.0,77.0,33.0,0.999,0.9900000000000001,0.99,-0.008999999999999897,1780.0,4,False
2026-03-20 01:15:30+00:00,2175.0,4.0,11:45,110.0,77.0,33.0,0.999,0.99,0.99,-0.009000000000000008,325.0,1,False
2026-03-20 01:16:00+00:00,2175.0,4.0,11:45,110.0,78.0,32.0,0.999,0.99,0.99,-0.009000000000000008,1299.0,3,False
2026-03-20 01:16:30+00:00,2202.0,4.0,11:18,113.0,78.0,35.0,0.999,0.99,0.99,-0.009000000000000008,207.0,3,False
2026-03-20 01:17:00+00:00,2221.0,4.0,10:59,113.0,81.0,32.0,0.999,0.99,0.99,-0.009000000000000008,954.0,7,False
2026-03-20 01:17:30+00:00,2250.0,4.0,10:30,113.0,84.0,29.0,0.999,0.99,0.99,-0.009000000000000008,370.0,2,False
2026-03-20 01:18:00+00:00,2261.0,4.0,10:19,113.0,84.0,29.0,0.999,0.9900000000000001,0.99,-0.008999999999999897,830.0,3,False
2026-03-20 01:18:30+00:00,2261.0,4.0,10:19,115.0,84.0,31.0,0.999,0.99,0.99,-0.009000000000000008,1144.0,2,False
2026-03-20 01:19:00+00:00,2301.0,4.0,9:39,115.0,87.0,28.0,0.999,0.99,0.99,-0.009000000000000008,1978.0,4,False
2026-03-20 01:19:30+00:00,2304.0,4.0,9:36,115.0,87.0,28.0,0.999,0.99,0.99,-0.009000000000000008,343.0,2,False
2026-03-20 01:20:00+00:00,2321.0,4.0,9:19,115.0,90.0,25.0,0.999,0.99,0.99,-0.009000000000000008,2156.0,5,False
2026-03-20 01:20:30+00:00,2357.0,4.0,8:43,115.0,93.0,22.0,0.999,0.99,0.99,-0.009000000000000008,4726.0,3,False
2026-03-20 01:21:00+00:00,2365.0,4.0,8:35,116.0,93.0,23.0,0.999,0.9900000000000001,0.99,-0.008999999999999897,15334.0,12,False
2026-03-20 01:21:30+00:00,2377.0,4.0,8:23,117.0,93.0,24.0,0.999,0.9899999999999998,0.99,-0.00900000000000023,174.0,5,False
2026-03-20 01:22:00+00:00,2386.0,4.0,8:14,117.0,95.0,22.0,0.999,0.99,0.99,-0.009000000000000008,288.0,3,False
2026-03-20 01:22:30+00:00,2410.0,4.0,7:50,118.0,95.0,23.0,0.999,0.99,0.99,-0.009000000000000008,106.0,2,False
2026-03-20 01:23:00+00:00,2428.0,4.0,7:32,119.0,95.0,24.0,0.999,0.99,0.99,-0.009000000000000008,351.0,2,False
2026-03-20 01:23:30+00:00,2436.0,4.0,7:24,119.0,95.0,24.0,0.999,0.9899999999999999,0.99,-0.009000000000000119,3125.0,11,True
2026-03-20 01:24:00+00:00,2436.0,4.0,7:24,119.0,95.0,24.0,0.999,0.9899999999999999,0.99,-0.009000000000000119,333.0,3,True
2026-03-20 01:24:30+00:00,2470.0,4.0,6:50,122.0,95.0,27.0,0.999,0.99,0.99,-0.009000000000000008,52.0,1,True
2026-03-20 01:25:00+00:00,2470.0,4.0,6:50,122.0,95.0,27.0,0.999,0.99,0.99,-0.009000000000000008,166.0,1,True
2026-03-20 01:25:30+00:00,2470.0,4.0,6:50,122.0,95.0,27.0,0.999,0.99,0.99,-0.009000000000000008,100.0,1,False
2026-03-20 01:26:00+00:00,2470.0,4.0,6:50,122.0,95.0,27.0,0.999,0.99,0.99,-0.009000000000000008,301.0,4,False
2026-03-20 01:26:30+00:00,2470.0,4.0,6:50,122.0,95.0,27.0,0.999,0.9900000000000002,0.99,-0.008999999999999786,1070.0,3,False
2026-03-20 01:27:00+00:00,2470.0,4.0,6:50,122.0,95.0,27.0,0.999,0.9900000000000001,0.99,-0.008999999999999897,367.0,2,False
2026-03-20 01:27:30+00:00,2484.0,4.0,6:36,122.0,98.0,24.0,0.999,0.99,0.99,-0.009000000000000008,1120.0,5,False
2026-03-20 01:28:00+00:00,2514.0,4.0,6:06,122.0,98.0,24.0,0.999,0.99,0.99,-0.009000000000000008,1199.0,3,False
2026-03-20 01:28:30+00:00,2539.0,4.0,5:41,122.0,102.0,20.0,0.999,0.99,0.99,-0.009000000000000008,899.0,4,False
2026-03-20 01:29:00+00:00,2568.0,4.0,5:12,125.0,102.0,23.0,0.999,0.9899999999999999,0.99,-0.009000000000000119,1090.0,5,False
2026-03-20 01:29:30+00:00,2591.0,4.0,4:49,125.0,102.0,23.0,0.999,0.9900000000000001,0.99,-0.008999999999999897,151.0,3,False
2026-03-20 01:30:00+00:00,2607.0,4.0,4:33,125.0,102.0,23.0,0.999,0.99,0.99,-0.009000000000000008,2069.0,5,False
2026-03-20 01:30:30+00:00,2616.0,4.0,4:24,125.0,102.0,23.0,0.999,0.9899999999999999,0.99,-0.009000000000000119,12.0,1,True
2026-03-20 01:31:00+00:00,2633.0,4.0,4:07,125.0,102.0,23.0,0.999,0.9899999999999999,0.99,-0.009000000000000119,71.0,3,True
2026-03-20 01:31:30+00:00,2657.0,4.0,3:43,125.0,104.0,21.0,0.999,0.9899999999999999,0.99,-0.009000000000000119,93.0,1,True
2026-03-20 01:32:00+00:00,2657.0,4.0,3:43,125.0,104.0,21.0,0.999,0.9900000000000001,0.99,-0.008999999999999897,543.0,5,True
2026-03-20 01:32:30+00:00,2657.0,4.0,3:43,125.0,104.0,21.0,0.999,0.99,0.99,-0.009000000000000008,10366.0,8,True
2026-03-20 01:33:00+00:00,2657.0,4.0,3:43,125.0,104.0,21.0,0.999,0.99,0.99,-0.009000000000000008,46.0,1,False
2026-03-20 01:33:30+00:00,2657.0,4.0,3:43,125.0,104.0,21.0,0.999,0.99,0.99,-0.009000000000000008,2246.0,3,False
2026-03-20 01:34:00+00:00,2657.0,4.0,3:43,125.0,104.0,21.0,0.999,0.9899999999999999,0.99,-0.009000000000000119,2578.0,6,False
2026-03-20 01:34:30+00:00,2657.0,4.0,3:43,125.0,104.0,21.0,0.999,0.99,0.99,-0.009000000000000008,1225.0,3,False
2026-03-20 01:35:00+00:00,2683.0,4.0,3:17,125.0,104.0,21.0,0.999,0.99,0.99,-0.009000000000000008,1096.0,3,False
2026-03-20 01:35:30+00:00,2698.0,4.0,3:02,125.0,104.0,21.0,0.999,0.99,0.99,-0.009000000000000008,166.0,1,False
2026-03-20 01:36:00+00:00,2698.0,4.0,3:02,125.0,104.0,21.0,0.999,0.99,0.99,-0.009000000000000008,703.0,2,False
2026-03-20 01:36:30+00:00,2716.0,4.0,2:44,125.0,104.0,21.0,0.999,0.99,0.99,-0.009000000000000008,825.0,4,False
2026-03-20 01:37:00+00:00,2716.0,4.0,2:44,125.0,104.0,21.0,0.999,0.9900000000000001,0.99,-0.008999999999999897,340.0,5,False
2026-03-20 01:37:30+00:00,2729.0,4.0,2:31,125.0,104.0,21.0,0.999,0.9899999999999999,0.99,-0.009000000000000119,397.0,4,False
2026-03-20 01:38:00+00:00,2757.0,4.0,2:03,125.0,104.0,21.0,0.999,0.99,0.99,-0.009000000000000008,760.0,5,False
2026-03-20 01:38:30+00:00,2764.0,4.0,1:56,125.0,104.0,21.0,0.999,0.99,0.99,-0.009000000000000008,35.0,1,False
2026-03-20 01:39:00+00:00,2764.0,4.0,1:56,126.0,104.0,22.0,0.999,0.99,0.99,-0.009000000000000008,407.0,2,False
2026-03-20 01:39:30+00:00,2787.0,4.0,1:33,127.0,106.0,21.0,0.999,0.99,0.99,-0.009000000000000008,31.0,1,False
2026-03-20 01:40:00+00:00,2809.0,4.0,1:11,130.0,106.0,24.0,0.999,0.99,0.99,-0.009000000000000008,84.0,1,False
2026-03-20 01:40:30+00:00,2841.8,4.0,38.2,130.0,109.0,21.0,0.999,0.99,0.99,-0.009000000000000008,15.0,2,False
2026-03-20 01:41:00+00:00,2845.8,4.0,34.2,130.0,109.0,21.0,0.999,0.9900000000000001,0.99,-0.008999999999999897,581.0,3,False
2026-03-20 01:41:30+00:00,2861.5,4.0,18.5,130.0,111.0,19.0,0.999,0.99,0.99,-0.009000000000000008,144.0,3,False
2026-03-20 01:42:00+00:00,2880.0,4.0,0.0,130.0,111.0,19.0,1.0,0.9900000000000001,0.99,-0.009999999999999898,359.0,1,False
2026-03-20 01:42:30+00:00,2880.0,4.0,0.0,130.0,111.0,19.0,1.0,0.9900000000000001,0.99,-0.009999999999999898,0.0,0,False
2026-03-20 01:43:00+00:00,2880.0,4.0,0.0,130.0,111.0,19.0,1.0,0.9900000000000001,0.99,-0.009999999999999898,0.0,0,False
