bucket_start_utc,game_seconds_elapsed,period,game_clock,fav_score,dog_score,score_margin,fav_wp_espn,fav_kalshi_vwap,fav_kalshi_last,delta,kalshi_volume,kalshi_trade_count,is_timeout_window
2026-02-22 19:49:30+00:00,,,,,,,,0.7,0.7,,8.0,1,False
2026-02-22 19:50:00+00:00,,,,,,,,0.7,0.7,,0.0,0,False
2026-02-22 19:50:30+00:00,,,,,,,,0.7,0.7,,0.0,0,False
2026-02-22 19:51:00+00:00,,,,,,,,0.7,0.7,,0.0,0,False
2026-02-22 19:51:30+00:00,,,,,,,,0.7,0.7,,0.0,0,False
2026-02-22 19:52:00+00:00,,,,,,,,0.7,0.7,,0.0,0,False
2026-02-22 19:52:30+00:00,,,,,,,,0.7,0.7,,0.0,0,False
2026-02-22 19:53:00+00:00,,,,,,,,0.7,0.7,,0.0,0,False
2026-02-22 19:53:30+00:00,,,,,,,,0.7,0.7,,0.0,0,False
2026-02-22 19:54:00+00:00,,,,,,,,0.7,0.7,,0.0,0,False
2026-02-22 19:54:30+00:00,,,,,,,,0.7,0.7,,0.0,0,False
2026-02-22 19:55:00+00:00,,,,,,,,0.7,0.7,,0.0,0,False
2026-02-22 19:55:30+00:00,,,,,,,,0.7,0.7,,0.0,0,False
2026-02-22 19:56:00+00:00,,,,,,,,0.7,0.7,,0.0,0,False
2026-02-22 19:56:30+00:00,,,,,,,,0.7,0.7,,0.0,0,False
2026-02-22 19:57:00+00:00,,,,,,,,0.7,0.7,,0.0,0,False
2026-02-22 19:57:30+00:00,,,,,,,,0.7,0.7,,0.0,0,False
2026-02-22 19:58:00+00:00,,,,,,,,0.68,0.68,,100.0,1,False
2026-02-22 19:58:30+00:00,,,,,,,,0.66,0.66,,46.0,2,False
2026-02-22 19:59:00+00:00,,,,,,,,0.68,0.68,,50.0,1,False
2026-02-22 19:59:30+00:00,,,,,,,,0.64,0.64,,5.0,2,False
2026-02-22 20:00:00+00:00,,,,,,,,0.68,0.68,,142.0,2,False
2026-02-22 20:00:30+00:00,,,,,,,,0.7173584905660377,0.74,,265.0,3,False
2026-02-22 20:01:00+00:00,,,,,,,,0.7447222222222223,0.75,,36.0,2,False
2026-02-22 20:01:30+00:00,,,,,,,,0.64,0.64,,20.0,1,False
2026-02-22 20:02:00+00:00,,,,,,,,0.64,0.64,,6.0,1,False
2026-02-22 20:02:30+00:00,,,,,,,,0.6509090909090909,0.65,,22.0,2,False
2026-02-22 20:03:00+00:00,,,,,,,,0.6509090909090909,0.65,,0.0,0,False
2026-02-22 20:03:30+00:00,,,,,,,,0.6509090909090909,0.65,,0.0,0,False
2026-02-22 20:04:00+00:00,,,,,,,,0.6509090909090909,0.65,,0.0,0,False
2026-02-22 20:04:30+00:00,,,,,,,,0.6509090909090909,0.65,,0.0,0,False
2026-02-22 20:05:00+00:00,,,,,,,,0.6509090909090909,0.65,,0.0,0,False
2026-02-22 20:05:30+00:00,,,,,,,,0.6509090909090909,0.65,,0.0,0,False
2026-02-22 20:06:00+00:00,,,,,,,,0.6509090909090909,0.65,,0.0,0,False
2026-02-22 20:06:30+00:00,,,,,,,,0.615,0.63,,4.0,2,False
2026-02-22 20:07:00+00:00,,,,,,,,0.615,0.63,,0.0,0,False
2026-02-22 20:07:30+00:00,,,,,,,,0.615,0.63,,0.0,0,False
2026-02-22 20:08:00+00:00,,,,,,,,0.615,0.63,,0.0,0,False
2026-02-22 20:08:30+00:00,,,,,,,,0.615,0.63,,0.0,0,False
2026-02-22 20:09:00+00:00,,,,,,,,0.615,0.63,,0.0,0,False
2026-02-22 20:09:30+00:00,,,,,,,,0.615,0.63,,0.0,0,False
2026-02-22 20:10:00+00:00,,,,,,,,0.615,0.63,,0.0,0,False
2026-02-22 20:10:30+00:00,,,,,,,,0.615,0.63,,0.0,0,False
2026-02-22 20:11:00+00:00,,,,,,,,0.615,0.63,,0.0,0,False
2026-02-22 20:11:30+00:00,,,,,,,,0.615,0.63,,0.0,0,False
2026-02-22 20:12:00+00:00,,,,,,,,0.615,0.63,,0.0,0,False
2026-02-22 20:12:30+00:00,,,,,,,,0.615,0.63,,0.0,0,False
2026-02-22 20:13:00+00:00,,,,,,,,0.615,0.63,,0.0,0,False
2026-02-22 20:13:30+00:00,,,,,,,,0.615,0.63,,0.0,0,False
2026-02-22 20:14:00+00:00,,,,,,,,0.615,0.63,,0.0,0,False
2026-02-22 20:14:30+00:00,,,,,,,,0.615,0.63,,0.0,0,False
2026-02-22 20:15:00+00:00,,,,,,,,0.615,0.63,,0.0,0,False
2026-02-22 20:15:30+00:00,,,,,,,,0.615,0.63,,0.0,0,False
2026-02-22 20:16:00+00:00,,,,,,,,0.615,0.63,,0.0,0,False
2026-02-22 20:16:30+00:00,,,,,,,,0.615,0.63,,0.0,0,False
2026-02-22 20:17:00+00:00,,,,,,,,0.615,0.63,,0.0,0,False
2026-02-22 20:17:30+00:00,,,,,,,,0.615,0.63,,0.0,0,False
2026-02-22 20:18:00+00:00,,,,,,,,0.615,0.63,,0.0,0,False
2026-02-22 20:18:30+00:00,,,,,,,,0.615,0.63,,0.0,0,False
2026-02-22 20:19:00+00:00,,,,,,,,0.615,0.63,,0.0,0,False
2026-02-22 20:19:30+00:00,,,,,,,,0.615,0.63,,0.0,0,False
2026-02-22 20:20:00+00:00,,,,,,,,0.615,0.63,,0.0,0,False
2026-02-22 20:20:30+00:00,,,,,,,,0.615,0.63,,0.0,0,False
2026-02-22 20:21:00+00:00,,,,,,,,0.615,0.63,,0.0,0,False
2026-02-22 20:21:30+00:00,,,,,,,,0.615,0.63,,0.0,0,False
2026-02-22 20:22:00+00:00,,,,,,,,0.615,0.63,,0.0,0,False
2026-02-22 20:22:30+00:00,,,,,,,,0.615,0.63,,0.0,0,False
2026-02-22 20:23:00+00:00,,,,,,,,0.615,0.63,,0.0,0,False
2026-02-22 20:23:30+00:00,,,,,,,,0.615,0.63,,0.0,0,False
2026-02-22 20:24:00+00:00,,,,,,,,0.615,0.63,,0.0,0,False
2026-02-22 20:24:30+00:00,,,,,,,,0.615,0.63,,0.0,0,False
2026-02-22 20:25:00+00:00,,,,,,,,0.615,0.63,,0.0,0,False
2026-02-22 20:25:30+00:00,,,,,,,,0.615,0.63,,0.0,0,False
2026-02-22 20:26:00+00:00,,,,,,,,0.615,0.63,,0.0,0,False
2026-02-22 20:26:30+00:00,,,,,,,,0.615,0.63,,0.0,0,False
2026-02-22 20:27:00+00:00,,,,,,,,0.615,0.63,,0.0,0,False
2026-02-22 20:27:30+00:00,,,,,,,,0.615,0.63,,0.0,0,False
2026-02-22 20:28:00+00:00,,,,,,,,0.615,0.63,,0.0,0,False
2026-02-22 20:28:30+00:00,,,,,,,,0.615,0.63,,0.0,0,False
2026-02-22 20:29:00+00:00,,,,,,,,0.615,0.63,,0.0,0,False
2026-02-22 20:29:30+00:00,,,,,,,,0.615,0.63,,0.0,0,False
2026-02-22 20:30:00+00:00,,,,,,,,0.615,0.63,,0.0,0,False
2026-02-22 20:30:30+00:00,,,,,,,,0.615,0.63,,0.0,0,False
2026-02-22 20:31:00+00:00,,,,,,,,0.615,0.63,,0.0,0,False
2026-02-22 20:31:30+00:00,,,,,,,,0.615,0.63,,0.0,0,False
2026-02-22 20:32:00+00:00,,,,,,,,0.615,0.63,,0.0,0,False
2026-02-22 20:32:30+00:00,,,,,,,,0.615,0.63,,0.0,0,False
2026-02-22 20:33:00+00:00,,,,,,,,0.615,0.63,,0.0,0,False
2026-02-22 20:33:30+00:00,,,,,,,,0.615,0.63,,0.0,0,False
2026-02-22 20:34:00+00:00,,,,,,,,0.615,0.63,,0.0,0,False
2026-02-22 20:34:30+00:00,,,,,,,,0.615,0.63,,0.0,0,False
2026-02-22 20:35:00+00:00,,,,,,,,0.615,0.63,,0.0,0,False
2026-02-22 20:35:30+00:00,,,,,,,,0.615,0.63,,0.0,0,False
2026-02-22 20:36:00+00:00,,,,,,,,0.615,0.63,,0.0,0,False
2026-02-22 20:36:30+00:00,,,,,,,,0.615,0.63,,0.0,0,False
2026-02-22 20:37:00+00:00,,,,,,,,0.615,0.63,,0.0,0,False
2026-02-22 20:37:30+00:00,,,,,,,,0.615,0.63,,0.0,0,False
2026-02-22 20:38:00+00:00,,,,,,,,0.615,0.63,,0.0,0,False
2026-02-22 20:38:30+00:00,,,,,,,,0.615,0.63,,0.0,0,False
2026-02-22 20:39:00+00:00,,,,,,,,0.615,0.63,,0.0,0,False
2026-02-22 20:39:30+00:00,,,,,,,,0.615,0.63,,0.0,0,False
2026-02-22 20:40:00+00:00,,,,,,,,0.615,0.63,,0.0,0,False
2026-02-22 20:40:30+00:00,,,,,,,,0.615,0.63,,0.0,0,False
2026-02-22 20:41:00+00:00,,,,,,,,0.615,0.63,,0.0,0,False
2026-02-22 20:41:30+00:00,,,,,,,,0.615,0.63,,0.0,0,False
2026-02-22 20:42:00+00:00,,,,,,,,0.615,0.63,,0.0,0,False
2026-02-22 20:42:30+00:00,,,,,,,,0.615,0.63,,0.0,0,False
2026-02-22 20:43:00+00:00,,,,,,,,0.615,0.63,,0.0,0,False
2026-02-22 20:43:30+00:00,,,,,,,,0.615,0.63,,0.0,0,False
2026-02-22 20:44:00+00:00,,,,,,,,0.615,0.63,,0.0,0,False
2026-02-22 20:44:30+00:00,,,,,,,,0.615,0.63,,0.0,0,False
2026-02-22 20:45:00+00:00,,,,,,,,0.66,0.66,,400.0,1,False
2026-02-22 20:45:30+00:00,,,,,,,,0.66,0.66,,0.0,0,False
2026-02-22 20:46:00+00:00,,,,,,,,0.66,0.66,,0.0,0,False
2026-02-22 20:46:30+00:00,,,,,,,,0.56,0.56,,4.0,1,False
2026-02-22 20:47:00+00:00,,,,,,,,0.56,0.56,,0.0,0,False
2026-02-22 20:47:30+00:00,,,,,,,,0.56,0.56,,0.0,0,False
2026-02-22 20:48:00+00:00,,,,,,,,0.56,0.56,,0.0,0,False
2026-02-22 20:48:30+00:00,,,,,,,,0.56,0.56,,0.0,0,False
2026-02-22 20:49:00+00:00,,,,,,,,0.56,0.56,,0.0,0,False
2026-02-22 20:49:30+00:00,,,,,,,,0.56,0.56,,0.0,0,False
2026-02-22 20:50:00+00:00,,,,,,,,0.56,0.56,,0.0,0,False
2026-02-22 20:50:30+00:00,,,,,,,,0.56,0.56,,0.0,0,False
2026-02-22 20:51:00+00:00,,,,,,,,0.56,0.56,,0.0,0,False
2026-02-22 20:51:30+00:00,,,,,,,,0.56,0.56,,0.0,0,False
2026-02-22 20:52:00+00:00,,,,,,,,0.56,0.56,,0.0,0,False
2026-02-22 20:52:30+00:00,,,,,,,,0.56,0.56,,0.0,0,False
2026-02-22 20:53:00+00:00,,,,,,,,0.56,0.56,,0.0,0,False
2026-02-22 20:53:30+00:00,,,,,,,,0.56,0.56,,0.0,0,False
2026-02-22 20:54:00+00:00,,,,,,,,0.56,0.56,,0.0,0,False
2026-02-22 20:54:30+00:00,,,,,,,,0.56,0.56,,0.0,0,False
2026-02-22 20:55:00+00:00,,,,,,,,0.56,0.56,,0.0,0,False
2026-02-22 20:55:30+00:00,,,,,,,,0.56,0.56,,0.0,0,False
2026-02-22 20:56:00+00:00,,,,,,,,0.56,0.56,,0.0,0,False
2026-02-22 20:56:30+00:00,,,,,,,,0.56,0.56,,0.0,0,False
2026-02-22 20:57:00+00:00,,,,,,,,0.56,0.56,,0.0,0,False
2026-02-22 20:57:30+00:00,,,,,,,,0.66,0.66,,14.0,1,False
2026-02-22 20:58:00+00:00,,,,,,,,0.66,0.66,,0.0,0,False
2026-02-22 20:58:30+00:00,,,,,,,,0.66,0.66,,0.0,0,False
2026-02-22 20:59:00+00:00,,,,,,,,0.66,0.66,,0.0,0,False
2026-02-22 20:59:30+00:00,,,,,,,,0.66,0.66,,0.0,0,False
2026-02-22 21:00:00+00:00,,,,,,,,0.66,0.66,,0.0,0,False
2026-02-22 21:00:30+00:00,,,,,,,,0.66,0.66,,0.0,0,False
2026-02-22 21:01:00+00:00,,,,,,,,0.66,0.66,,0.0,0,False
2026-02-22 21:01:30+00:00,,,,,,,,0.66,0.66,,0.0,0,False
2026-02-22 21:02:00+00:00,,,,,,,,0.66,0.66,,0.0,0,False
2026-02-22 21:02:30+00:00,,,,,,,,0.66,0.66,,0.0,0,False
2026-02-22 21:03:00+00:00,,,,,,,,0.66,0.66,,0.0,0,False
2026-02-22 21:03:30+00:00,,,,,,,,0.66,0.66,,0.0,0,False
2026-02-22 21:04:00+00:00,,,,,,,,0.66,0.66,,0.0,0,False
2026-02-22 21:04:30+00:00,,,,,,,,0.66,0.66,,0.0,0,False
2026-02-22 21:05:00+00:00,,,,,,,,0.66,0.66,,0.0,0,False
2026-02-22 21:05:30+00:00,,,,,,,,0.66,0.66,,0.0,0,False
2026-02-22 21:06:00+00:00,,,,,,,,0.66,0.66,,0.0,0,False
2026-02-22 21:06:30+00:00,,,,,,,,0.66,0.66,,0.0,0,False
2026-02-22 21:07:00+00:00,,,,,,,,0.66,0.66,,0.0,0,False
2026-02-22 21:07:30+00:00,,,,,,,,0.66,0.66,,0.0,0,False
2026-02-22 21:08:00+00:00,,,,,,,,0.66,0.66,,0.0,0,False
2026-02-22 21:08:30+00:00,,,,,,,,0.66,0.66,,0.0,0,False
2026-02-22 21:09:00+00:00,,,,,,,,0.66,0.66,,0.0,0,False
2026-02-22 21:09:30+00:00,,,,,,,,0.66,0.66,,0.0,0,False
2026-02-22 21:10:00+00:00,,,,,,,,0.66,0.66,,0.0,0,False
2026-02-22 21:10:30+00:00,,,,,,,,0.66,0.66,,0.0,0,False
2026-02-22 21:11:00+00:00,,,,,,,,0.66,0.66,,0.0,0,False
2026-02-22 21:11:30+00:00,,,,,,,,0.66,0.66,,0.0,0,False
2026-02-22 21:12:00+00:00,,,,,,,,0.66,0.66,,0.0,0,False
2026-02-22 21:12:30+00:00,,,,,,,,0.66,0.66,,0.0,0,False
2026-02-22 21:13:00+00:00,,,,,,,,0.66,0.66,,0.0,0,False
2026-02-22 21:13:30+00:00,,,,,,,,0.66,0.66,,0.0,0,False
2026-02-22 21:14:00+00:00,,,,,,,,0.66,0.66,,0.0,0,False
2026-02-22 21:14:30+00:00,,,,,,,,0.66,0.66,,0.0,0,False
2026-02-22 21:15:00+00:00,,,,,,,,0.66,0.66,,0.0,0,False
2026-02-22 21:15:30+00:00,,,,,,,,0.66,0.66,,0.0,0,False
2026-02-22 21:16:00+00:00,,,,,,,,0.66,0.66,,0.0,0,False
2026-02-22 21:16:30+00:00,,,,,,,,0.66,0.66,,0.0,0,False
2026-02-22 21:17:00+00:00,,,,,,,,0.66,0.66,,0.0,0,False
2026-02-22 21:17:30+00:00,,,,,,,,0.66,0.66,,0.0,0,False
2026-02-22 21:18:00+00:00,,,,,,,,0.66,0.66,,0.0,0,False
2026-02-22 21:18:30+00:00,,,,,,,,0.66,0.66,,0.0,0,False
2026-02-22 21:19:00+00:00,,,,,,,,0.66,0.66,,0.0,0,False
2026-02-22 21:19:30+00:00,,,,,,,,0.66,0.66,,0.0,0,False
2026-02-22 21:20:00+00:00,,,,,,,,0.66,0.66,,0.0,0,False
2026-02-22 21:20:30+00:00,,,,,,,,0.66,0.66,,0.0,0,False
2026-02-22 21:21:00+00:00,,,,,,,,0.66,0.66,,0.0,0,False
2026-02-22 21:21:30+00:00,,,,,,,,0.66,0.66,,0.0,0,False
2026-02-22 21:22:00+00:00,,,,,,,,0.66,0.66,,0.0,0,False
2026-02-22 21:22:30+00:00,,,,,,,,0.66,0.66,,0.0,0,False
2026-02-22 21:23:00+00:00,,,,,,,,0.66,0.66,,0.0,0,False
2026-02-22 21:23:30+00:00,,,,,,,,0.66,0.66,,0.0,0,False
2026-02-22 21:24:00+00:00,,,,,,,,0.66,0.66,,0.0,0,False
2026-02-22 21:24:30+00:00,,,,,,,,0.66,0.66,,0.0,0,False
2026-02-22 21:25:00+00:00,,,,,,,,0.66,0.66,,0.0,0,False
2026-02-22 21:25:30+00:00,,,,,,,,0.66,0.66,,0.0,0,False
2026-02-22 21:26:00+00:00,,,,,,,,0.66,0.66,,0.0,0,False
2026-02-22 21:26:30+00:00,,,,,,,,0.66,0.66,,0.0,0,False
2026-02-22 21:27:00+00:00,,,,,,,,0.66,0.66,,0.0,0,False
2026-02-22 21:27:30+00:00,,,,,,,,0.66,0.66,,0.0,0,False
2026-02-22 21:28:00+00:00,,,,,,,,0.66,0.66,,0.0,0,False
2026-02-22 21:28:30+00:00,,,,,,,,0.66,0.66,,0.0,0,False
2026-02-22 21:29:00+00:00,,,,,,,,0.66,0.66,,0.0,0,False
2026-02-22 21:29:30+00:00,,,,,,,,0.66,0.66,,0.0,0,False
2026-02-22 21:30:00+00:00,,,,,,,,0.66,0.66,,0.0,0,False
2026-02-22 21:30:30+00:00,,,,,,,,0.66,0.66,,0.0,0,False
2026-02-22 21:31:00+00:00,,,,,,,,0.66,0.66,,0.0,0,False
2026-02-22 21:31:30+00:00,,,,,,,,0.66,0.66,,0.0,0,False
2026-02-22 21:32:00+00:00,,,,,,,,0.66,0.66,,0.0,0,False
2026-02-22 21:32:30+00:00,,,,,,,,0.66,0.66,,0.0,0,False
2026-02-22 21:33:00+00:00,,,,,,,,0.66,0.66,,0.0,0,False
2026-02-22 21:33:30+00:00,,,,,,,,0.66,0.66,,0.0,0,False
2026-02-22 21:34:00+00:00,,,,,,,,0.66,0.66,,0.0,0,False
2026-02-22 21:34:30+00:00,,,,,,,,0.66,0.66,,0.0,0,False
2026-02-22 21:35:00+00:00,,,,,,,,0.66,0.66,,0.0,0,False
2026-02-22 21:35:30+00:00,,,,,,,,0.66,0.66,,0.0,0,False
2026-02-22 21:36:00+00:00,,,,,,,,0.66,0.66,,0.0,0,False
2026-02-22 21:36:30+00:00,,,,,,,,0.66,0.66,,0.0,0,False
2026-02-22 21:37:00+00:00,,,,,,,,0.66,0.66,,0.0,0,False
2026-02-22 21:37:30+00:00,,,,,,,,0.66,0.66,,0.0,0,False
2026-02-22 21:38:00+00:00,,,,,,,,0.66,0.66,,0.0,0,False
2026-02-22 21:38:30+00:00,,,,,,,,0.66,0.66,,0.0,0,False
2026-02-22 21:39:00+00:00,,,,,,,,0.66,0.66,,0.0,0,False
2026-02-22 21:39:30+00:00,,,,,,,,0.66,0.66,,0.0,0,False
2026-02-22 21:40:00+00:00,,,,,,,,0.66,0.66,,0.0,0,False
2026-02-22 21:40:30+00:00,,,,,,,,0.66,0.66,,0.0,0,False
2026-02-22 21:41:00+00:00,,,,,,,,0.66,0.66,,0.0,0,False
2026-02-22 21:41:30+00:00,,,,,,,,0.66,0.66,,0.0,0,False
2026-02-22 21:42:00+00:00,,,,,,,,0.66,0.66,,0.0,0,False
2026-02-22 21:42:30+00:00,,,,,,,,0.66,0.66,,0.0,0,False
2026-02-22 21:43:00+00:00,,,,,,,,0.66,0.66,,0.0,0,False
2026-02-22 21:43:30+00:00,,,,,,,,0.66,0.66,,0.0,0,False
2026-02-22 21:44:00+00:00,,,,,,,,0.66,0.66,,0.0,0,False
2026-02-22 21:44:30+00:00,,,,,,,,0.66,0.66,,0.0,0,False
2026-02-22 21:45:00+00:00,,,,,,,,0.66,0.66,,0.0,0,False
2026-02-22 21:45:30+00:00,,,,,,,,0.66,0.66,,0.0,0,False
2026-02-22 21:46:00+00:00,,,,,,,,0.66,0.66,,0.0,0,False
2026-02-22 21:46:30+00:00,,,,,,,,0.66,0.66,,0.0,0,False
2026-02-22 21:47:00+00:00,,,,,,,,0.66,0.66,,0.0,0,False
2026-02-22 21:47:30+00:00,,,,,,,,0.66,0.66,,0.0,0,False
2026-02-22 21:48:00+00:00,,,,,,,,0.66,0.66,,0.0,0,False
2026-02-22 21:48:30+00:00,,,,,,,,0.66,0.66,,0.0,0,False
2026-02-22 21:49:00+00:00,,,,,,,,0.66,0.66,,0.0,0,False
2026-02-22 21:49:30+00:00,,,,,,,,0.66,0.66,,0.0,0,False
2026-02-22 21:50:00+00:00,,,,,,,,0.66,0.66,,0.0,0,False
2026-02-22 21:50:30+00:00,,,,,,,,0.66,0.66,,0.0,0,False
2026-02-22 21:51:00+00:00,,,,,,,,0.66,0.66,,0.0,0,False
2026-02-22 21:51:30+00:00,,,,,,,,0.66,0.66,,0.0,0,False
2026-02-22 21:52:00+00:00,,,,,,,,0.66,0.66,,0.0,0,False
2026-02-22 21:52:30+00:00,,,,,,,,0.66,0.66,,0.0,0,False
2026-02-22 21:53:00+00:00,,,,,,,,0.66,0.66,,0.0,0,False
2026-02-22 21:53:30+00:00,,,,,,,,0.66,0.66,,0.0,0,False
2026-02-22 21:54:00+00:00,,,,,,,,0.66,0.66,,0.0,0,False
2026-02-22 21:54:30+00:00,,,,,,,,0.65,0.65,,10.0,1,False
2026-02-22 21:55:00+00:00,,,,,,,,0.65,0.65,,0.0,0,False
2026-02-22 21:55:30+00:00,,,,,,,,0.65,0.65,,0.0,0,False
2026-02-22 21:56:00+00:00,,,,,,,,0.65,0.65,,0.0,0,False
2026-02-22 21:56:30+00:00,,,,,,,,0.65,0.65,,0.0,0,False
2026-02-22 21:57:00+00:00,,,,,,,,0.65,0.65,,0.0,0,False
2026-02-22 21:57:30+00:00,,,,,,,,0.65,0.65,,0.0,0,False
2026-02-22 21:58:00+00:00,,,,,,,,0.65,0.65,,0.0,0,False
2026-02-22 21:58:30+00:00,,,,,,,,0.65,0.65,,0.0,0,False
2026-02-22 21:59:00+00:00,,,,,,,,0.65,0.65,,0.0,0,False
2026-02-22 21:59:30+00:00,,,,,,,,0.65,0.65,,0.0,0,False
2026-02-22 22:00:00+00:00,,,,,,,,0.65,0.65,,0.0,0,False
2026-02-22 22:00:30+00:00,,,,,,,,0.65,0.65,,0.0,0,False
2026-02-22 22:01:00+00:00,,,,,,,,0.65,0.65,,0.0,0,False
2026-02-22 22:01:30+00:00,,,,,,,,0.65,0.65,,0.0,0,False
2026-02-22 22:02:00+00:00,,,,,,,,0.65,0.65,,0.0,0,False
2026-02-22 22:02:30+00:00,,,,,,,,0.65,0.65,,0.0,0,False
2026-02-22 22:03:00+00:00,,,,,,,,0.65,0.65,,0.0,0,False
2026-02-22 22:03:30+00:00,,,,,,,,0.65,0.65,,0.0,0,False
2026-02-22 22:04:00+00:00,,,,,,,,0.65,0.65,,0.0,0,False
2026-02-22 22:04:30+00:00,,,,,,,,0.65,0.65,,0.0,0,False
2026-02-22 22:05:00+00:00,,,,,,,,0.65,0.65,,0.0,0,False
2026-02-22 22:05:30+00:00,,,,,,,,0.65,0.65,,0.0,0,False
2026-02-22 22:06:00+00:00,,,,,,,,0.65,0.65,,0.0,0,False
2026-02-22 22:06:30+00:00,,,,,,,,0.65,0.65,,0.0,0,False
2026-02-22 22:07:00+00:00,,,,,,,,0.65,0.65,,0.0,0,False
2026-02-22 22:07:30+00:00,,,,,,,,0.65,0.65,,0.0,0,False
2026-02-22 22:08:00+00:00,,,,,,,,0.65,0.65,,0.0,0,False
2026-02-22 22:08:30+00:00,,,,,,,,0.65,0.65,,0.0,0,False
2026-02-22 22:09:00+00:00,,,,,,,,0.65,0.65,,0.0,0,False
2026-02-22 22:09:30+00:00,,,,,,,,0.65,0.65,,0.0,0,False
2026-02-22 22:10:00+00:00,,,,,,,,0.65,0.65,,0.0,0,False
2026-02-22 22:10:30+00:00,,,,,,,,0.65,0.65,,0.0,0,False
2026-02-22 22:11:00+00:00,,,,,,,,0.65,0.65,,0.0,0,False
2026-02-22 22:11:30+00:00,,,,,,,,0.65,0.65,,0.0,0,False
2026-02-22 22:12:00+00:00,,,,,,,,0.65,0.65,,0.0,0,False
2026-02-22 22:12:30+00:00,,,,,,,,0.65,0.65,,0.0,0,False
2026-02-22 22:13:00+00:00,,,,,,,,0.65,0.65,,0.0,0,False
2026-02-22 22:13:30+00:00,,,,,,,,0.65,0.65,,0.0,0,False
2026-02-22 22:14:00+00:00,,,,,,,,0.65,0.65,,15.0,1,False
2026-02-22 22:14:30+00:00,,,,,,,,0.65,0.65,,0.0,0,False
2026-02-22 22:15:00+00:00,,,,,,,,0.65,0.65,,0.0,0,False
2026-02-22 22:15:30+00:00,,,,,,,,0.65,0.65,,0.0,0,False
2026-02-22 22:16:00+00:00,,,,,,,,0.65,0.65,,0.0,0,False
2026-02-22 22:16:30+00:00,,,,,,,,0.65,0.65,,0.0,0,False
2026-02-22 22:17:00+00:00,,,,,,,,0.65,0.65,,0.0,0,False
2026-02-22 22:17:30+00:00,,,,,,,,0.65,0.65,,0.0,0,False
2026-02-22 22:18:00+00:00,,,,,,,,0.65,0.65,,1.0,1,False
2026-02-22 22:18:30+00:00,,,,,,,,0.65,0.65,,0.0,0,False
2026-02-22 22:19:00+00:00,,,,,,,,0.65,0.65,,0.0,0,False
2026-02-22 22:19:30+00:00,,,,,,,,0.65,0.65,,1.0,1,False
2026-02-22 22:20:00+00:00,,,,,,,,0.65,0.65,,0.0,0,False
2026-02-22 22:20:30+00:00,,,,,,,,0.65,0.65,,0.0,0,False
2026-02-22 22:21:00+00:00,,,,,,,,0.65,0.65,,0.0,0,False
2026-02-22 22:21:30+00:00,,,,,,,,0.65,0.65,,0.0,0,False
2026-02-22 22:22:00+00:00,,,,,,,,0.65,0.65,,0.0,0,False
2026-02-22 22:22:30+00:00,,,,,,,,0.65,0.65,,0.0,0,False
2026-02-22 22:23:00+00:00,,,,,,,,0.65,0.65,,0.0,0,False
2026-02-22 22:23:30+00:00,,,,,,,,0.65,0.65,,0.0,0,False
2026-02-22 22:24:00+00:00,,,,,,,,0.65,0.65,,7.0,1,False
2026-02-22 22:24:30+00:00,,,,,,,,0.65,0.65,,0.0,0,False
2026-02-22 22:25:00+00:00,,,,,,,,0.65,0.65,,0.0,0,False
2026-02-22 22:25:30+00:00,,,,,,,,0.65,0.65,,0.0,0,False
2026-02-22 22:26:00+00:00,,,,,,,,0.65,0.65,,0.0,0,False
2026-02-22 22:26:30+00:00,,,,,,,,0.65,0.65,,0.0,0,False
2026-02-22 22:27:00+00:00,,,,,,,,0.65,0.65,,0.0,0,False
2026-02-22 22:27:30+00:00,,,,,,,,0.65,0.65,,0.0,0,False
2026-02-22 22:28:00+00:00,,,,,,,,0.65,0.65,,0.0,0,False
2026-02-22 22:28:30+00:00,,,,,,,,0.65,0.65,,0.0,0,False
2026-02-22 22:29:00+00:00,,,,,,,,0.65,0.65,,0.0,0,False
2026-02-22 22:29:30+00:00,,,,,,,,0.65,0.65,,0.0,0,False
2026-02-22 22:30:00+00:00,,,,,,,,0.65,0.65,,0.0,0,False
2026-02-22 22:30:30+00:00,,,,,,,,0.65,0.65,,0.0,0,False
2026-02-22 22:31:00+00:00,,,,,,,,0.65,0.65,,0.0,0,False
2026-02-22 22:31:30+00:00,,,,,,,,0.65,0.65,,0.0,0,False
2026-02-22 22:32:00+00:00,,,,,,,,0.65,0.65,,0.0,0,False
2026-02-22 22:32:30+00:00,,,,,,,,0.65,0.65,,0.0,0,False
2026-02-22 22:33:00+00:00,,,,,,,,0.65,0.65,,0.0,0,False
2026-02-22 22:33:30+00:00,,,,,,,,0.65,0.65,,0.0,0,False
2026-02-22 22:34:00+00:00,,,,,,,,0.65,0.65,,0.0,0,False
2026-02-22 22:34:30+00:00,,,,,,,,0.65,0.65,,0.0,0,False
2026-02-22 22:35:00+00:00,,,,,,,,0.65,0.65,,0.0,0,False
2026-02-22 22:35:30+00:00,,,,,,,,0.65,0.65,,0.0,0,False
2026-02-22 22:36:00+00:00,,,,,,,,0.65,0.65,,0.0,0,False
2026-02-22 22:36:30+00:00,,,,,,,,0.65,0.65,,0.0,0,False
2026-02-22 22:37:00+00:00,,,,,,,,0.65,0.65,,0.0,0,False
2026-02-22 22:37:30+00:00,,,,,,,,0.65,0.65,,0.0,0,False
2026-02-22 22:38:00+00:00,,,,,,,,0.65,0.65,,0.0,0,False
2026-02-22 22:38:30+00:00,,,,,,,,0.65,0.65,,0.0,0,False
2026-02-22 22:39:00+00:00,,,,,,,,0.65,0.65,,0.0,0,False
2026-02-22 22:39:30+00:00,,,,,,,,0.65,0.65,,0.0,0,False
2026-02-22 22:40:00+00:00,,,,,,,,0.65,0.65,,0.0,0,False
2026-02-22 22:40:30+00:00,,,,,,,,0.65,0.65,,0.0,0,False
2026-02-22 22:41:00+00:00,,,,,,,,0.65,0.65,,4.0,1,False
2026-02-22 22:41:30+00:00,,,,,,,,0.65,0.65,,0.0,0,False
2026-02-22 22:42:00+00:00,,,,,,,,0.65,0.65,,0.0,0,False
2026-02-22 22:42:30+00:00,,,,,,,,0.65,0.65,,0.0,0,False
2026-02-22 22:43:00+00:00,,,,,,,,0.65,0.65,,0.0,0,False
2026-02-22 22:43:30+00:00,,,,,,,,0.65,0.65,,0.0,0,False
2026-02-22 22:44:00+00:00,,,,,,,,0.65,0.65,,0.0,0,False
2026-02-22 22:44:30+00:00,,,,,,,,0.65,0.65,,0.0,0,False
2026-02-22 22:45:00+00:00,,,,,,,,0.65,0.65,,0.0,0,False
2026-02-22 22:45:30+00:00,,,,,,,,0.65,0.65,,0.0,0,False
2026-02-22 22:46:00+00:00,,,,,,,,0.65,0.65,,0.0,0,False
2026-02-22 22:46:30+00:00,,,,,,,,0.65,0.65,,0.0,0,False
2026-02-22 22:47:00+00:00,,,,,,,,0.65,0.65,,0.0,0,False
2026-02-22 22:47:30+00:00,,,,,,,,0.65,0.65,,0.0,0,False
2026-02-22 22:48:00+00:00,,,,,,,,0.65,0.65,,0.0,0,False
2026-02-22 22:48:30+00:00,,,,,,,,0.65,0.65,,0.0,0,False
2026-02-22 22:49:00+00:00,,,,,,,,0.65,0.65,,0.0,0,False
2026-02-22 22:49:30+00:00,,,,,,,,0.65,0.65,,0.0,0,False
2026-02-22 22:50:00+00:00,,,,,,,,0.653108108108108,0.66,,74.0,2,False
2026-02-22 22:50:30+00:00,,,,,,,,0.653108108108108,0.66,,0.0,0,False
2026-02-22 22:51:00+00:00,,,,,,,,0.653108108108108,0.66,,0.0,0,False
2026-02-22 22:51:30+00:00,,,,,,,,0.653108108108108,0.66,,0.0,0,False
2026-02-22 22:52:00+00:00,,,,,,,,0.653108108108108,0.66,,0.0,0,False
2026-02-22 22:52:30+00:00,,,,,,,,0.653108108108108,0.66,,0.0,0,False
2026-02-22 22:53:00+00:00,,,,,,,,0.653108108108108,0.66,,0.0,0,False
2026-02-22 22:53:30+00:00,,,,,,,,0.653108108108108,0.66,,0.0,0,False
2026-02-22 22:54:00+00:00,,,,,,,,0.653108108108108,0.66,,0.0,0,False
2026-02-22 22:54:30+00:00,,,,,,,,0.653108108108108,0.66,,0.0,0,False
2026-02-22 22:55:00+00:00,,,,,,,,0.653108108108108,0.66,,0.0,0,False
2026-02-22 22:55:30+00:00,,,,,,,,0.653108108108108,0.66,,0.0,0,False
2026-02-22 22:56:00+00:00,,,,,,,,0.653108108108108,0.66,,0.0,0,False
2026-02-22 22:56:30+00:00,,,,,,,,0.653108108108108,0.66,,0.0,0,False
2026-02-22 22:57:00+00:00,,,,,,,,0.653108108108108,0.66,,0.0,0,False
2026-02-22 22:57:30+00:00,,,,,,,,0.653108108108108,0.66,,0.0,0,False
2026-02-22 22:58:00+00:00,,,,,,,,0.653108108108108,0.66,,0.0,0,False
2026-02-22 22:58:30+00:00,,,,,,,,0.653108108108108,0.66,,0.0,0,False
2026-02-22 22:59:00+00:00,,,,,,,,0.653108108108108,0.66,,0.0,0,False
2026-02-22 22:59:30+00:00,,,,,,,,0.653108108108108,0.66,,0.0,0,False
2026-02-22 23:00:00+00:00,,,,,,,,0.653108108108108,0.66,,0.0,0,False
2026-02-22 23:00:30+00:00,,,,,,,,0.653108108108108,0.66,,0.0,0,False
2026-02-22 23:01:00+00:00,,,,,,,,0.653108108108108,0.66,,0.0,0,False
2026-02-22 23:01:30+00:00,,,,,,,,0.653108108108108,0.66,,0.0,0,False
2026-02-22 23:02:00+00:00,,,,,,,,0.653108108108108,0.66,,0.0,0,False
2026-02-22 23:02:30+00:00,,,,,,,,0.653108108108108,0.66,,0.0,0,False
2026-02-22 23:03:00+00:00,,,,,,,,0.653108108108108,0.66,,0.0,0,False
2026-02-22 23:03:30+00:00,,,,,,,,0.653108108108108,0.66,,0.0,0,False
2026-02-22 23:04:00+00:00,,,,,,,,0.653108108108108,0.66,,0.0,0,False
2026-02-22 23:04:30+00:00,,,,,,,,0.653108108108108,0.66,,0.0,0,False
2026-02-22 23:05:00+00:00,,,,,,,,0.653108108108108,0.66,,0.0,0,False
2026-02-22 23:05:30+00:00,,,,,,,,0.653108108108108,0.66,,0.0,0,False
2026-02-22 23:06:00+00:00,,,,,,,,0.653108108108108,0.66,,0.0,0,False
2026-02-22 23:06:30+00:00,,,,,,,,0.653108108108108,0.66,,0.0,0,False
2026-02-22 23:07:00+00:00,,,,,,,,0.68,0.68,,7.0,1,False
2026-02-22 23:07:30+00:00,,,,,,,,0.68,0.68,,0.0,0,False
2026-02-22 23:08:00+00:00,,,,,,,,0.68,0.68,,0.0,0,False
2026-02-22 23:08:30+00:00,,,,,,,,0.68,0.68,,10.0,1,False
2026-02-22 23:09:00+00:00,,,,,,,,0.6950000000000001,0.68,,20.0,2,False
2026-02-22 23:09:30+00:00,,,,,,,,0.6950000000000001,0.68,,0.0,0,False
2026-02-22 23:10:00+00:00,,,,,,,,0.6950000000000001,0.68,,0.0,0,False
2026-02-22 23:10:30+00:00,,,,,,,,0.6950000000000001,0.68,,0.0,0,False
2026-02-22 23:11:00+00:00,,,,,,,,0.6950000000000001,0.68,,0.0,0,False
2026-02-22 23:11:30+00:00,,,,,,,,0.6950000000000001,0.68,,0.0,0,False
2026-02-22 23:12:00+00:00,,,,,,,,0.6950000000000001,0.68,,0.0,0,False
2026-02-22 23:12:30+00:00,,,,,,,,0.6950000000000001,0.68,,0.0,0,False
2026-02-22 23:13:00+00:00,,,,,,,,0.6950000000000001,0.68,,0.0,0,False
2026-02-22 23:13:30+00:00,,,,,,,,0.6950000000000001,0.68,,0.0,0,False
2026-02-22 23:14:00+00:00,,,,,,,,0.6950000000000001,0.68,,0.0,0,False
2026-02-22 23:14:30+00:00,,,,,,,,0.6950000000000001,0.68,,0.0,0,False
2026-02-22 23:15:00+00:00,,,,,,,,0.68,0.68,,100.0,2,False
2026-02-22 23:15:30+00:00,,,,,,,,0.68,0.68,,0.0,0,False
2026-02-22 23:16:00+00:00,,,,,,,,0.68,0.68,,0.0,0,False
2026-02-22 23:16:30+00:00,,,,,,,,0.68,0.68,,0.0,0,False
2026-02-22 23:17:00+00:00,,,,,,,,0.68,0.68,,0.0,0,False
2026-02-22 23:17:30+00:00,,,,,,,,0.68,0.68,,0.0,0,False
2026-02-22 23:18:00+00:00,,,,,,,,0.68,0.68,,0.0,0,False
2026-02-22 23:18:30+00:00,,,,,,,,0.68,0.68,,0.0,0,False
2026-02-22 23:19:00+00:00,,,,,,,,0.68,0.68,,0.0,0,False
2026-02-22 23:19:30+00:00,,,,,,,,0.68,0.68,,0.0,0,False
2026-02-22 23:20:00+00:00,,,,,,,,0.68,0.68,,0.0,0,False
2026-02-22 23:20:30+00:00,,,,,,,,0.68,0.68,,0.0,0,False
2026-02-22 23:21:00+00:00,,,,,,,,0.68,0.68,,0.0,0,False
2026-02-22 23:21:30+00:00,,,,,,,,0.68,0.68,,0.0,0,False
2026-02-22 23:22:00+00:00,,,,,,,,0.68,0.68,,0.0,0,False
2026-02-22 23:22:30+00:00,,,,,,,,0.68,0.68,,0.0,0,False
2026-02-22 23:23:00+00:00,,,,,,,,0.68,0.68,,0.0,0,False
2026-02-22 23:23:30+00:00,,,,,,,,0.68,0.68,,0.0,0,False
2026-02-22 23:24:00+00:00,,,,,,,,0.68,0.68,,0.0,0,False
2026-02-22 23:24:30+00:00,,,,,,,,0.68,0.68,,0.0,0,False
2026-02-22 23:25:00+00:00,,,,,,,,0.68,0.68,,0.0,0,False
2026-02-22 23:25:30+00:00,,,,,,,,0.68,0.68,,0.0,0,False
2026-02-22 23:26:00+00:00,,,,,,,,0.68,0.68,,0.0,0,False
2026-02-22 23:26:30+00:00,,,,,,,,0.68,0.68,,0.0,0,False
2026-02-22 23:27:00+00:00,,,,,,,,0.64,0.64,,1.0,1,False
2026-02-22 23:27:30+00:00,,,,,,,,0.64,0.64,,0.0,0,False
2026-02-22 23:28:00+00:00,,,,,,,,0.64,0.64,,0.0,0,False
2026-02-22 23:28:30+00:00,,,,,,,,0.64,0.64,,0.0,0,False
2026-02-22 23:29:00+00:00,,,,,,,,0.64,0.64,,0.0,0,False
2026-02-22 23:29:30+00:00,,,,,,,,0.6599999999999999,0.6599999999999999,,8.0,1,False
2026-02-22 23:30:00+00:00,,,,,,,,0.73,0.73,,1.0,1,False
2026-02-22 23:30:30+00:00,,,,,,,,0.73,0.73,,0.0,0,False
2026-02-22 23:31:00+00:00,,,,,,,,0.73,0.73,,0.0,0,False
2026-02-22 23:31:30+00:00,,,,,,,,0.73,0.73,,0.0,0,False
2026-02-22 23:32:00+00:00,,,,,,,,0.73,0.73,,0.0,0,False
2026-02-22 23:32:30+00:00,,,,,,,,0.73,0.73,,0.0,0,False
2026-02-22 23:33:00+00:00,,,,,,,,0.73,0.73,,0.0,0,False
2026-02-22 23:33:30+00:00,,,,,,,,0.73,0.73,,0.0,0,False
2026-02-22 23:34:00+00:00,,,,,,,,0.73,0.73,,0.0,0,False
2026-02-22 23:34:30+00:00,,,,,,,,0.73,0.73,,0.0,0,False
2026-02-22 23:35:00+00:00,,,,,,,,0.73,0.73,,0.0,0,False
2026-02-22 23:35:30+00:00,,,,,,,,0.73,0.73,,0.0,0,False
2026-02-22 23:36:00+00:00,,,,,,,,0.7,0.7,,1.0,1,False
2026-02-22 23:36:30+00:00,,,,,,,,0.7,0.7,,0.0,0,False
2026-02-22 23:37:00+00:00,,,,,,,,0.7,0.7,,0.0,0,False
2026-02-22 23:37:30+00:00,,,,,,,,0.7,0.7,,0.0,0,False
2026-02-22 23:38:00+00:00,,,,,,,,0.7,0.7,,0.0,0,False
2026-02-22 23:38:30+00:00,,,,,,,,0.7,0.7,,0.0,0,False
2026-02-22 23:39:00+00:00,,,,,,,,0.7,0.7,,0.0,0,False
2026-02-22 23:39:30+00:00,,,,,,,,0.7,0.7,,0.0,0,False
2026-02-22 23:40:00+00:00,,,,,,,,0.7,0.7,,0.0,0,False
2026-02-22 23:40:30+00:00,,,,,,,,0.7,0.7,,0.0,0,False
2026-02-22 23:41:00+00:00,,,,,,,,0.7,0.7,,0.0,0,False
2026-02-22 23:41:30+00:00,,,,,,,,0.7,0.7,,0.0,0,False
2026-02-22 23:42:00+00:00,,,,,,,,0.7,0.7,,0.0,0,False
2026-02-22 23:42:30+00:00,,,,,,,,0.7,0.7,,0.0,0,False
2026-02-22 23:43:00+00:00,,,,,,,,0.7,0.7,,0.0,0,False
2026-02-22 23:43:30+00:00,,,,,,,,0.6799999999999999,0.69,,16.0,3,False
2026-02-22 23:44:00+00:00,,,,,,,,0.6799999999999999,0.69,,0.0,0,False
2026-02-22 23:44:30+00:00,,,,,,,,0.6799999999999999,0.69,,0.0,0,False
2026-02-22 23:45:00+00:00,,,,,,,,0.6799999999999999,0.69,,0.0,0,False
2026-02-22 23:45:30+00:00,,,,,,,,0.6799999999999999,0.69,,0.0,0,False
2026-02-22 23:46:00+00:00,,,,,,,,0.6799999999999999,0.69,,0.0,0,False
2026-02-22 23:46:30+00:00,,,,,,,,0.6799999999999999,0.69,,0.0,0,False
2026-02-22 23:47:00+00:00,,,,,,,,0.6799999999999999,0.69,,0.0,0,False
2026-02-22 23:47:30+00:00,,,,,,,,0.6799999999999999,0.69,,0.0,0,False
2026-02-22 23:48:00+00:00,,,,,,,,0.6799999999999999,0.69,,0.0,0,False
2026-02-22 23:48:30+00:00,,,,,,,,0.6799999999999999,0.69,,0.0,0,False
2026-02-22 23:49:00+00:00,,,,,,,,0.6799999999999999,0.69,,0.0,0,False
2026-02-22 23:49:30+00:00,,,,,,,,0.6799999999999999,0.69,,0.0,0,False
2026-02-22 23:50:00+00:00,,,,,,,,0.72,0.72,,2.0,1,False
2026-02-22 23:50:30+00:00,,,,,,,,0.72,0.72,,0.0,0,False
2026-02-22 23:51:00+00:00,,,,,,,,0.72,0.72,,0.0,0,False
2026-02-22 23:51:30+00:00,,,,,,,,0.72,0.72,,0.0,0,False
2026-02-22 23:52:00+00:00,,,,,,,,0.72,0.72,,0.0,0,False
2026-02-22 23:52:30+00:00,,,,,,,,0.72,0.72,,0.0,0,False
2026-02-22 23:53:00+00:00,,,,,,,,0.72,0.72,,0.0,0,False
2026-02-22 23:53:30+00:00,,,,,,,,0.72,0.72,,0.0,0,False
2026-02-22 23:54:00+00:00,,,,,,,,0.72,0.72,,0.0,0,False
2026-02-22 23:54:30+00:00,,,,,,,,0.72,0.72,,0.0,0,False
2026-02-22 23:55:00+00:00,,,,,,,,0.72,0.72,,0.0,0,False
2026-02-22 23:55:30+00:00,,,,,,,,0.72,0.72,,0.0,0,False
2026-02-22 23:56:00+00:00,,,,,,,,0.72,0.72,,0.0,0,False
2026-02-22 23:56:30+00:00,,,,,,,,0.72,0.72,,0.0,0,False
2026-02-22 23:57:00+00:00,,,,,,,,0.72,0.72,,0.0,0,False
2026-02-22 23:57:30+00:00,,,,,,,,0.72,0.72,,0.0,0,False
2026-02-22 23:58:00+00:00,,,,,,,,0.72,0.72,,0.0,0,False
2026-02-22 23:58:30+00:00,,,,,,,,0.72,0.72,,0.0,0,False
2026-02-22 23:59:00+00:00,,,,,,,,0.72,0.72,,0.0,0,False
2026-02-22 23:59:30+00:00,,,,,,,,0.72,0.72,,0.0,0,False
2026-02-23 00:00:00+00:00,,,,,,,,0.72,0.72,,0.0,0,False
2026-02-23 00:00:30+00:00,,,,,,,,0.72,0.72,,0.0,0,False
2026-02-23 00:01:00+00:00,,,,,,,,0.72,0.72,,0.0,0,False
2026-02-23 00:01:30+00:00,,,,,,,,0.72,0.72,,0.0,0,False
2026-02-23 00:02:00+00:00,,,,,,,,0.6799999999999999,0.68,,26.0,1,False
2026-02-23 00:02:30+00:00,,,,,,,,0.6799999999999999,0.68,,0.0,0,False
2026-02-23 00:03:00+00:00,,,,,,,,0.6799999999999999,0.68,,0.0,0,False
2026-02-23 00:03:30+00:00,,,,,,,,0.6799999999999999,0.68,,0.0,0,False
2026-02-23 00:04:00+00:00,,,,,,,,0.6799999999999999,0.68,,0.0,0,False
2026-02-23 00:04:30+00:00,,,,,,,,0.6799999999999999,0.68,,0.0,0,False
2026-02-23 00:05:00+00:00,,,,,,,,0.6799999999999999,0.68,,0.0,0,False
2026-02-23 00:05:30+00:00,,,,,,,,0.6799999999999999,0.68,,0.0,0,False
2026-02-23 00:06:00+00:00,,,,,,,,0.6799999999999999,0.68,,0.0,0,False
2026-02-23 00:06:30+00:00,,,,,,,,0.6799999999999999,0.68,,0.0,0,False
2026-02-23 00:07:00+00:00,,,,,,,,0.6799999999999999,0.68,,0.0,0,False
2026-02-23 00:07:30+00:00,,,,,,,,0.6799999999999999,0.68,,0.0,0,False
2026-02-23 00:08:00+00:00,,,,,,,,0.6799999999999999,0.68,,0.0,0,False
2026-02-23 00:08:30+00:00,,,,,,,,0.6799999999999999,0.68,,0.0,0,False
2026-02-23 00:09:00+00:00,,,,,,,,0.6799999999999999,0.68,,0.0,0,False
2026-02-23 00:09:30+00:00,,,,,,,,0.6799999999999999,0.68,,0.0,0,False
2026-02-23 00:10:00+00:00,,,,,,,,0.6799999999999999,0.68,,0.0,0,False
2026-02-23 00:10:30+00:00,,,,,,,,0.6799999999999999,0.68,,0.0,0,False
2026-02-23 00:11:00+00:00,,,,,,,,0.6799999999999999,0.68,,0.0,0,False
2026-02-23 00:11:30+00:00,,,,,,,,0.6799999999999999,0.68,,0.0,0,False
2026-02-23 00:12:00+00:00,,,,,,,,0.68,0.68,,2.0,1,False
2026-02-23 00:12:30+00:00,,,,,,,,0.68,0.68,,0.0,0,False
2026-02-23 00:13:00+00:00,,,,,,,,0.68,0.68,,0.0,0,False
2026-02-23 00:13:30+00:00,,,,,,,,0.68,0.68,,0.0,0,False
2026-02-23 00:14:00+00:00,,,,,,,,0.68,0.68,,0.0,0,False
2026-02-23 00:14:30+00:00,,,,,,,,0.68,0.68,,0.0,0,False
2026-02-23 00:15:00+00:00,,,,,,,,0.68,0.68,,0.0,0,False
2026-02-23 00:15:30+00:00,,,,,,,,0.71,0.71,,20.0,1,False
2026-02-23 00:16:00+00:00,,,,,,,,0.71,0.71,,0.0,0,False
2026-02-23 00:16:30+00:00,,,,,,,,0.71,0.71,,0.0,0,False
2026-02-23 00:17:00+00:00,,,,,,,,0.71,0.71,,0.0,0,False
2026-02-23 00:17:30+00:00,,,,,,,,0.71,0.71,,0.0,0,False
2026-02-23 00:18:00+00:00,,,,,,,,0.71,0.71,,0.0,0,False
2026-02-23 00:18:30+00:00,,,,,,,,0.71,0.71,,0.0,0,False
2026-02-23 00:19:00+00:00,,,,,,,,0.71,0.71,,9.0,1,False
2026-02-23 00:19:30+00:00,,,,,,,,0.71,0.71,,0.0,0,False
2026-02-23 00:20:00+00:00,,,,,,,,0.71,0.71,,0.0,0,False
2026-02-23 00:20:30+00:00,,,,,,,,0.71,0.71,,0.0,0,False
2026-02-23 00:21:00+00:00,,,,,,,,0.71,0.71,,0.0,0,False
2026-02-23 00:21:30+00:00,,,,,,,,0.71,0.71,,0.0,0,False
2026-02-23 00:22:00+00:00,,,,,,,,0.71,0.71,,0.0,0,False
2026-02-23 00:22:30+00:00,,,,,,,,0.71,0.71,,0.0,0,False
2026-02-23 00:23:00+00:00,,,,,,,,0.71,0.71,,0.0,0,False
2026-02-23 00:23:30+00:00,,,,,,,,0.71,0.71,,0.0,0,False
2026-02-23 00:24:00+00:00,,,,,,,,0.71,0.71,,0.0,0,False
2026-02-23 00:24:30+00:00,,,,,,,,0.71,0.71,,0.0,0,False
2026-02-23 00:25:00+00:00,,,,,,,,0.71,0.71,,0.0,0,False
2026-02-23 00:25:30+00:00,,,,,,,,0.71,0.71,,0.0,0,False
2026-02-23 00:26:00+00:00,,,,,,,,0.71,0.71,,0.0,0,False
2026-02-23 00:26:30+00:00,,,,,,,,0.71,0.71,,0.0,0,False
2026-02-23 00:27:00+00:00,,,,,,,,0.71,0.71,,0.0,0,False
2026-02-23 00:27:30+00:00,,,,,,,,0.71,0.71,,0.0,0,False
2026-02-23 00:28:00+00:00,,,,,,,,0.71,0.71,,0.0,0,False
2026-02-23 00:28:30+00:00,,,,,,,,0.71,0.71,,0.0,0,False
2026-02-23 00:29:00+00:00,,,,,,,,0.71,0.71,,0.0,0,False
2026-02-23 00:29:30+00:00,,,,,,,,0.71,0.71,,0.0,0,False
2026-02-23 00:30:00+00:00,,,,,,,,0.71,0.71,,0.0,0,False
2026-02-23 00:30:30+00:00,,,,,,,,0.71,0.71,,0.0,0,False
2026-02-23 00:31:00+00:00,,,,,,,,0.71,0.71,,0.0,0,False
2026-02-23 00:31:30+00:00,,,,,,,,0.71,0.71,,0.0,0,False
2026-02-23 00:32:00+00:00,,,,,,,,0.71,0.71,,0.0,0,False
2026-02-23 00:32:30+00:00,,,,,,,,0.71,0.71,,0.0,0,False
2026-02-23 00:33:00+00:00,,,,,,,,0.71,0.71,,0.0,0,False
2026-02-23 00:33:30+00:00,,,,,,,,0.71,0.71,,0.0,0,False
2026-02-23 00:34:00+00:00,,,,,,,,0.71,0.71,,0.0,0,False
2026-02-23 00:34:30+00:00,,,,,,,,0.71,0.71,,0.0,0,False
2026-02-23 00:35:00+00:00,,,,,,,,0.6699999999999999,0.6699999999999999,,20.0,1,False
2026-02-23 00:35:30+00:00,,,,,,,,0.6699999999999999,0.6699999999999999,,20.0,1,False
2026-02-23 00:36:00+00:00,,,,,,,,0.6699999999999999,0.6699999999999999,,0.0,0,False
2026-02-23 00:36:30+00:00,,,,,,,,0.6699999999999999,0.6699999999999999,,20.0,1,False
2026-02-23 00:37:00+00:00,,,,,,,,0.6699999999999999,0.6699999999999999,,0.0,0,False
2026-02-23 00:37:30+00:00,,,,,,,,0.6699999999999999,0.6699999999999999,,0.0,0,False
2026-02-23 00:38:00+00:00,,,,,,,,0.71,0.71,,1.0,1,False
2026-02-23 00:38:30+00:00,,,,,,,,0.71,0.71,,0.0,0,False
2026-02-23 00:39:00+00:00,,,,,,,,0.71,0.71,,0.0,0,False
2026-02-23 00:39:30+00:00,,,,,,,,0.71,0.71,,9.0,1,False
2026-02-23 00:40:00+00:00,,,,,,,,0.71,0.71,,0.0,0,False
2026-02-23 00:40:30+00:00,,,,,,,,0.71,0.71,,0.0,0,False
2026-02-23 00:41:00+00:00,,,,,,,,0.71,0.71,,0.0,0,False
2026-02-23 00:41:30+00:00,,,,,,,,0.71,0.71,,0.0,0,False
2026-02-23 00:42:00+00:00,,,,,,,,0.71,0.71,,0.0,0,False
2026-02-23 00:42:30+00:00,,,,,,,,0.6699999999999999,0.6699999999999999,,60.0,5,False
2026-02-23 00:43:00+00:00,,,,,,,,0.6699999999999999,0.6699999999999999,,40.0,3,False
2026-02-23 00:43:30+00:00,,,,,,,,0.671111111111111,0.6699999999999999,,45.0,5,False
2026-02-23 00:44:00+00:00,,,,,,,,0.6699999999999999,0.6699999999999999,,20.0,2,False
2026-02-23 00:44:30+00:00,,,,,,,,0.67,0.68,,40.0,3,False
2026-02-23 00:45:00+00:00,,,,,,,,0.64,0.64,,31.0,4,False
2026-02-23 00:45:30+00:00,,,,,,,,0.64,0.64,,0.0,0,False
2026-02-23 00:46:00+00:00,,,,,,,,0.575,0.59,,40.0,2,False
2026-02-23 00:46:30+00:00,,,,,,,,0.63,0.63,,20.0,1,False
2026-02-23 00:47:00+00:00,,,,,,,,0.63,0.63,,0.0,0,False
2026-02-23 00:47:30+00:00,,,,,,,,0.63,0.63,,0.0,0,False
2026-02-23 00:48:00+00:00,,,,,,,,0.63,0.63,,0.0,0,False
2026-02-23 00:48:30+00:00,,,,,,,,0.63,0.63,,0.0,0,False
2026-02-23 00:49:00+00:00,,,,,,,,0.63,0.63,,0.0,0,False
2026-02-23 00:49:30+00:00,,,,,,,,0.63,0.63,,0.0,0,False
2026-02-23 00:50:00+00:00,,,,,,,,0.63,0.63,,0.0,0,False
2026-02-23 00:50:30+00:00,,,,,,,,0.63,0.63,,0.0,0,False
2026-02-23 00:51:00+00:00,,,,,,,,0.63,0.63,,0.0,0,False
2026-02-23 00:51:30+00:00,,,,,,,,0.63,0.63,,0.0,0,False
2026-02-23 00:52:00+00:00,,,,,,,,0.63,0.63,,0.0,0,False
2026-02-23 00:52:30+00:00,,,,,,,,0.63,0.63,,0.0,0,False
2026-02-23 00:53:00+00:00,,,,,,,,0.72,0.72,,125.0,1,False
2026-02-23 00:53:30+00:00,,,,,,,,0.72,0.72,,0.0,0,False
2026-02-23 00:54:00+00:00,,,,,,,,0.72,0.72,,0.0,0,False
2026-02-23 00:54:30+00:00,,,,,,,,0.72,0.72,,0.0,0,False
2026-02-23 00:55:00+00:00,,,,,,,,0.72,0.72,,0.0,0,False
2026-02-23 00:55:30+00:00,,,,,,,,0.72,0.72,,0.0,0,False
2026-02-23 00:56:00+00:00,,,,,,,,0.72,0.72,,0.0,0,False
2026-02-23 00:56:30+00:00,,,,,,,,0.72,0.72,,0.0,0,False
2026-02-23 00:57:00+00:00,,,,,,,,0.72,0.72,,0.0,0,False
2026-02-23 00:57:30+00:00,,,,,,,,0.72,0.72,,0.0,0,False
2026-02-23 00:58:00+00:00,,,,,,,,0.72,0.72,,0.0,0,False
2026-02-23 00:58:30+00:00,,,,,,,,0.72,0.72,,0.0,0,False
2026-02-23 00:59:00+00:00,,,,,,,,0.72,0.72,,0.0,0,False
2026-02-23 00:59:30+00:00,,,,,,,,0.72,0.72,,0.0,0,False
2026-02-23 01:00:00+00:00,,,,,,,,0.72,0.72,,0.0,0,False
2026-02-23 01:00:30+00:00,,,,,,,,0.72,0.72,,0.0,0,False
2026-02-23 01:01:00+00:00,,,,,,,,0.72,0.72,,0.0,0,False
2026-02-23 01:01:30+00:00,,,,,,,,0.72,0.72,,0.0,0,False
2026-02-23 01:02:00+00:00,,,,,,,,0.72,0.72,,0.0,0,False
2026-02-23 01:02:30+00:00,,,,,,,,0.72,0.72,,0.0,0,False
2026-02-23 01:03:00+00:00,,,,,,,,0.72,0.72,,0.0,0,False
2026-02-23 01:03:30+00:00,,,,,,,,0.72,0.72,,0.0,0,False
2026-02-23 01:04:00+00:00,,,,,,,,0.72,0.72,,0.0,0,False
2026-02-23 01:04:30+00:00,,,,,,,,0.72,0.72,,0.0,0,False
2026-02-23 01:05:00+00:00,,,,,,,,0.72,0.72,,0.0,0,False
2026-02-23 01:05:30+00:00,,,,,,,,0.72,0.72,,0.0,0,False
2026-02-23 01:06:00+00:00,,,,,,,,0.72,0.72,,0.0,0,False
2026-02-23 01:06:30+00:00,,,,,,,,0.72,0.72,,0.0,0,False
2026-02-23 01:07:00+00:00,,,,,,,,0.72,0.72,,0.0,0,False
2026-02-23 01:07:30+00:00,,,,,,,,0.62,0.62,,100.0,1,False
2026-02-23 01:08:00+00:00,,,,,,,,0.62,0.62,,0.0,0,False
2026-02-23 01:08:30+00:00,,,,,,,,0.62,0.62,,25.0,1,False
2026-02-23 01:09:00+00:00,,,,,,,,0.62,0.62,,0.0,0,False
2026-02-23 01:09:30+00:00,,,,,,,,0.62,0.62,,0.0,0,False
2026-02-23 01:10:00+00:00,,,,,,,,0.62,0.62,,0.0,0,False
2026-02-23 01:10:30+00:00,,,,,,,,0.62,0.62,,0.0,0,False
2026-02-23 01:11:00+00:00,,,,,,,,0.62,0.62,,0.0,0,False
2026-02-23 01:11:30+00:00,,,,,,,,0.62,0.62,,0.0,0,False
2026-02-23 01:12:00+00:00,,,,,,,,0.62,0.62,,0.0,0,False
2026-02-23 01:12:30+00:00,,,,,,,,0.62,0.62,,0.0,0,False
2026-02-23 01:13:00+00:00,,,,,,,,0.62,0.62,,0.0,0,False
2026-02-23 01:13:30+00:00,,,,,,,,0.62,0.62,,0.0,0,False
2026-02-23 01:14:00+00:00,,,,,,,,0.62,0.62,,0.0,0,False
2026-02-23 01:14:30+00:00,,,,,,,,0.62,0.62,,0.0,0,False
2026-02-23 01:15:00+00:00,,,,,,,,0.7,0.7,,4.0,1,False
2026-02-23 01:15:30+00:00,,,,,,,,0.7,0.7,,0.0,0,False
2026-02-23 01:16:00+00:00,,,,,,,,0.7,0.7,,0.0,0,False
2026-02-23 01:16:30+00:00,,,,,,,,0.7,0.7,,0.0,0,False
2026-02-23 01:17:00+00:00,,,,,,,,0.7,0.7,,0.0,0,False
2026-02-23 01:17:30+00:00,,,,,,,,0.7,0.7,,0.0,0,False
2026-02-23 01:18:00+00:00,,,,,,,,0.7,0.7,,0.0,0,False
2026-02-23 01:18:30+00:00,,,,,,,,0.7,0.7,,0.0,0,False
2026-02-23 01:19:00+00:00,,,,,,,,0.7,0.7,,0.0,0,False
2026-02-23 01:19:30+00:00,,,,,,,,0.7,0.7,,0.0,0,False
2026-02-23 01:20:00+00:00,,,,,,,,0.7,0.7,,0.0,0,False
2026-02-23 01:20:30+00:00,,,,,,,,0.7,0.7,,0.0,0,False
2026-02-23 01:21:00+00:00,,,,,,,,0.7,0.7,,0.0,0,False
2026-02-23 01:21:30+00:00,,,,,,,,0.7,0.7,,0.0,0,False
2026-02-23 01:22:00+00:00,,,,,,,,0.7,0.7,,0.0,0,False
2026-02-23 01:22:30+00:00,,,,,,,,0.7,0.7,,0.0,0,False
2026-02-23 01:23:00+00:00,,,,,,,,0.7,0.7,,0.0,0,False
2026-02-23 01:23:30+00:00,,,,,,,,0.7,0.7,,0.0,0,False
2026-02-23 01:24:00+00:00,,,,,,,,0.7,0.7,,0.0,0,False
2026-02-23 01:24:30+00:00,,,,,,,,0.7,0.7,,0.0,0,False
2026-02-23 01:25:00+00:00,,,,,,,,0.7,0.7,,0.0,0,False
2026-02-23 01:25:30+00:00,,,,,,,,0.7,0.7,,0.0,0,False
2026-02-23 01:26:00+00:00,,,,,,,,0.7,0.7,,0.0,0,False
2026-02-23 01:26:30+00:00,,,,,,,,0.7,0.7,,0.0,0,False
2026-02-23 01:27:00+00:00,,,,,,,,0.7,0.7,,0.0,0,False
2026-02-23 01:27:30+00:00,,,,,,,,0.67,0.67,,2.0,1,False
2026-02-23 01:28:00+00:00,,,,,,,,0.7,0.7,,11.0,1,False
2026-02-23 01:28:30+00:00,,,,,,,,0.7,0.7,,0.0,0,False
2026-02-23 01:29:00+00:00,,,,,,,,0.7,0.7,,0.0,0,False
2026-02-23 01:29:30+00:00,,,,,,,,0.7,0.7,,0.0,0,False
2026-02-23 01:30:00+00:00,,,,,,,,0.7,0.7,,0.0,0,False
2026-02-23 01:30:30+00:00,,,,,,,,0.7,0.7,,0.0,0,False
2026-02-23 01:31:00+00:00,,,,,,,,0.7,0.7,,0.0,0,False
2026-02-23 01:31:30+00:00,,,,,,,,0.7,0.7,,0.0,0,False
2026-02-23 01:32:00+00:00,,,,,,,,0.7,0.7,,0.0,0,False
2026-02-23 01:32:30+00:00,,,,,,,,0.7,0.7,,0.0,0,False
2026-02-23 01:33:00+00:00,,,,,,,,0.7,0.7,,0.0,0,False
2026-02-23 01:33:30+00:00,,,,,,,,0.7,0.7,,0.0,0,False
2026-02-23 01:34:00+00:00,,,,,,,,0.7,0.7,,0.0,0,False
2026-02-23 01:34:30+00:00,,,,,,,,0.7,0.7,,0.0,0,False
2026-02-23 01:35:00+00:00,,,,,,,,0.7,0.7,,0.0,0,False
2026-02-23 01:35:30+00:00,,,,,,,,0.7,0.7,,0.0,0,False
2026-02-23 01:36:00+00:00,,,,,,,,0.7,0.7,,0.0,0,False
2026-02-23 01:36:30+00:00,,,,,,,,0.7,0.7,,0.0,0,False
2026-02-23 01:37:00+00:00,,,,,,,,0.7,0.7,,0.0,0,False
2026-02-23 01:37:30+00:00,,,,,,,,0.7,0.7,,0.0,0,False
2026-02-23 01:38:00+00:00,,,,,,,,0.7,0.7,,0.0,0,False
2026-02-23 01:38:30+00:00,,,,,,,,0.7,0.7,,0.0,0,False
2026-02-23 01:39:00+00:00,,,,,,,,0.7,0.7,,0.0,0,False
2026-02-23 01:39:30+00:00,,,,,,,,0.7,0.7,,0.0,0,False
2026-02-23 01:40:00+00:00,,,,,,,,0.7,0.7,,0.0,0,False
2026-02-23 01:40:30+00:00,,,,,,,,0.7,0.7,,0.0,0,False
2026-02-23 01:41:00+00:00,,,,,,,,0.7,0.7,,0.0,0,False
2026-02-23 01:41:30+00:00,,,,,,,,0.7,0.7,,0.0,0,False
2026-02-23 01:42:00+00:00,,,,,,,,0.7,0.7,,0.0,0,False
2026-02-23 01:42:30+00:00,,,,,,,,0.7,0.7,,0.0,0,False
2026-02-23 01:43:00+00:00,,,,,,,,0.7,0.7,,0.0,0,False
2026-02-23 01:43:30+00:00,,,,,,,,0.7,0.7,,0.0,0,False
2026-02-23 01:44:00+00:00,,,,,,,,0.7200000000000001,0.72,,6.0,1,False
2026-02-23 01:44:30+00:00,,,,,,,,0.7200000000000001,0.72,,0.0,0,False
2026-02-23 01:45:00+00:00,,,,,,,,0.7200000000000001,0.72,,0.0,0,False
2026-02-23 01:45:30+00:00,,,,,,,,0.7200000000000001,0.72,,0.0,0,False
2026-02-23 01:46:00+00:00,,,,,,,,0.7200000000000001,0.72,,0.0,0,False
2026-02-23 01:46:30+00:00,,,,,,,,0.7200000000000001,0.72,,0.0,0,False
2026-02-23 01:47:00+00:00,,,,,,,,0.7200000000000001,0.72,,0.0,0,False
2026-02-23 01:47:30+00:00,,,,,,,,0.7200000000000001,0.72,,0.0,0,False
2026-02-23 01:48:00+00:00,,,,,,,,0.7200000000000001,0.72,,0.0,0,False
2026-02-23 01:48:30+00:00,,,,,,,,0.7200000000000001,0.72,,0.0,0,False
2026-02-23 01:49:00+00:00,,,,,,,,0.7200000000000001,0.72,,0.0,0,False
2026-02-23 01:49:30+00:00,,,,,,,,0.7200000000000001,0.72,,0.0,0,False
2026-02-23 01:50:00+00:00,,,,,,,,0.7200000000000001,0.72,,0.0,0,False
2026-02-23 01:50:30+00:00,,,,,,,,0.7200000000000001,0.72,,0.0,0,False
2026-02-23 01:51:00+00:00,,,,,,,,0.7200000000000001,0.72,,0.0,0,False
2026-02-23 01:51:30+00:00,,,,,,,,0.7200000000000001,0.72,,0.0,0,False
2026-02-23 01:52:00+00:00,,,,,,,,0.7200000000000001,0.72,,0.0,0,False
2026-02-23 01:52:30+00:00,,,,,,,,0.7200000000000001,0.72,,0.0,0,False
2026-02-23 01:53:00+00:00,,,,,,,,0.7200000000000001,0.72,,0.0,0,False
2026-02-23 01:53:30+00:00,,,,,,,,0.7,0.7,,14.0,1,False
2026-02-23 01:54:00+00:00,,,,,,,,0.7,0.7,,0.0,0,False
2026-02-23 01:54:30+00:00,,,,,,,,0.7,0.7,,0.0,0,False
2026-02-23 01:55:00+00:00,,,,,,,,0.7,0.7,,0.0,0,False
2026-02-23 01:55:30+00:00,,,,,,,,0.7,0.7,,0.0,0,False
2026-02-23 01:56:00+00:00,,,,,,,,0.7,0.7,,0.0,0,False
2026-02-23 01:56:30+00:00,,,,,,,,0.7,0.7,,0.0,0,False
2026-02-23 01:57:00+00:00,,,,,,,,0.7,0.7,,0.0,0,False
2026-02-23 01:57:30+00:00,,,,,,,,0.7,0.7,,0.0,0,False
2026-02-23 01:58:00+00:00,,,,,,,,0.7,0.7,,0.0,0,False
2026-02-23 01:58:30+00:00,,,,,,,,0.7,0.7,,0.0,0,False
2026-02-23 01:59:00+00:00,,,,,,,,0.7,0.7,,0.0,0,False
2026-02-23 01:59:30+00:00,,,,,,,,0.7,0.7,,34.0,1,False
2026-02-23 02:00:00+00:00,,,,,,,,0.7,0.7,,1.0,1,False
2026-02-23 02:00:30+00:00,,,,,,,,0.7,0.7,,0.0,0,False
2026-02-23 02:01:00+00:00,,,,,,,,0.69,0.69,,3.0,1,False
2026-02-23 02:01:30+00:00,,,,,,,,0.69,0.69,,0.0,0,False
2026-02-23 02:02:00+00:00,,,,,,,,0.69,0.69,,0.0,0,False
2026-02-23 02:02:30+00:00,,,,,,,,0.69,0.69,,0.0,0,False
2026-02-23 02:03:00+00:00,,,,,,,,0.69,0.69,,0.0,0,False
2026-02-23 02:03:30+00:00,,,,,,,,0.69,0.69,,0.0,0,False
2026-02-23 02:04:00+00:00,,,,,,,,0.69,0.69,,0.0,0,False
2026-02-23 02:04:30+00:00,,,,,,,,0.69,0.69,,0.0,0,False
2026-02-23 02:05:00+00:00,,,,,,,,0.69,0.69,,0.0,0,False
2026-02-23 02:05:30+00:00,,,,,,,,0.69,0.69,,0.0,0,False
2026-02-23 02:06:00+00:00,,,,,,,,0.6789599999999999,0.63,,250.0,3,False
2026-02-23 02:06:30+00:00,,,,,,,,0.6789599999999999,0.63,,0.0,0,False
2026-02-23 02:07:00+00:00,,,,,,,,0.6789599999999999,0.63,,0.0,0,False
2026-02-23 02:07:30+00:00,,,,,,,,0.6789599999999999,0.63,,0.0,0,False
2026-02-23 02:08:00+00:00,,,,,,,,0.6789599999999999,0.63,,0.0,0,False
2026-02-23 02:08:30+00:00,,,,,,,,0.6789599999999999,0.63,,0.0,0,False
2026-02-23 02:09:00+00:00,,,,,,,,0.6789599999999999,0.63,,0.0,0,False
2026-02-23 02:09:30+00:00,,,,,,,,0.6789599999999999,0.63,,0.0,0,False
2026-02-23 02:10:00+00:00,,,,,,,,0.6789599999999999,0.63,,0.0,0,False
2026-02-23 02:10:30+00:00,,,,,,,,0.6789599999999999,0.63,,0.0,0,False
2026-02-23 02:11:00+00:00,,,,,,,,0.6789599999999999,0.63,,0.0,0,False
2026-02-23 02:11:30+00:00,,,,,,,,0.6789599999999999,0.63,,0.0,0,False
2026-02-23 02:12:00+00:00,,,,,,,,0.6789599999999999,0.63,,0.0,0,False
2026-02-23 02:12:30+00:00,,,,,,,,0.6789599999999999,0.63,,0.0,0,False
2026-02-23 02:13:00+00:00,,,,,,,,0.6789599999999999,0.63,,0.0,0,False
2026-02-23 02:13:30+00:00,,,,,,,,0.7,0.7,,27.0,1,False
2026-02-23 02:14:00+00:00,,,,,,,,0.7,0.7,,0.0,0,False
2026-02-23 02:14:30+00:00,,,,,,,,0.7,0.7,,26.0,1,False
2026-02-23 02:15:00+00:00,,,,,,,,0.7,0.7,,0.0,0,False
2026-02-23 02:15:30+00:00,,,,,,,,0.7,0.7,,0.0,0,False
2026-02-23 02:16:00+00:00,,,,,,,,0.7,0.7,,0.0,0,False
2026-02-23 02:16:30+00:00,,,,,,,,0.7,0.7,,0.0,0,False
2026-02-23 02:17:00+00:00,,,,,,,,0.7,0.7,,0.0,0,False
2026-02-23 02:17:30+00:00,,,,,,,,0.7,0.7,,0.0,0,False
2026-02-23 02:18:00+00:00,,,,,,,,0.7004999999999999,0.71,,20.0,3,False
2026-02-23 02:18:30+00:00,,,,,,,,0.7004999999999999,0.71,,0.0,0,False
2026-02-23 02:19:00+00:00,,,,,,,,0.7026315789473684,0.69,,38.0,3,False
2026-02-23 02:19:30+00:00,,,,,,,,0.7026315789473684,0.69,,0.0,0,False
2026-02-23 02:20:00+00:00,,,,,,,,0.7026315789473684,0.69,,0.0,0,False
2026-02-23 02:20:30+00:00,,,,,,,,0.7026315789473684,0.69,,0.0,0,False
2026-02-23 02:21:00+00:00,,,,,,,,0.7026315789473684,0.69,,0.0,0,False
2026-02-23 02:21:30+00:00,,,,,,,,0.7026315789473684,0.69,,0.0,0,False
2026-02-23 02:22:00+00:00,,,,,,,,0.7026315789473684,0.69,,0.0,0,False
2026-02-23 02:22:30+00:00,,,,,,,,0.7026315789473684,0.69,,0.0,0,False
2026-02-23 02:23:00+00:00,,,,,,,,0.7026315789473684,0.69,,0.0,0,False
2026-02-23 02:23:30+00:00,,,,,,,,0.7,0.69,,2.0,2,False
2026-02-23 02:24:00+00:00,,,,,,,,0.71,0.71,,136.0,2,False
2026-02-23 02:24:30+00:00,,,,,,,,0.71,0.71,,0.0,0,False
2026-02-23 02:25:00+00:00,,,,,,,,0.71,0.71,,0.0,0,False
2026-02-23 02:25:30+00:00,,,,,,,,0.71,0.71,,0.0,0,False
2026-02-23 02:26:00+00:00,,,,,,,,0.73,0.73,,2.0,1,False
2026-02-23 02:26:30+00:00,,,,,,,,0.73,0.73,,0.0,0,False
2026-02-23 02:27:00+00:00,,,,,,,,0.73,0.73,,0.0,0,False
2026-02-23 02:27:30+00:00,,,,,,,,0.73,0.73,,0.0,0,False
2026-02-23 02:28:00+00:00,,,,,,,,0.73,0.73,,0.0,0,False
2026-02-23 02:28:30+00:00,,,,,,,,0.73,0.73,,0.0,0,False
2026-02-23 02:29:00+00:00,,,,,,,,0.73,0.73,,0.0,0,False
2026-02-23 02:29:30+00:00,,,,,,,,0.73,0.73,,0.0,0,False
2026-02-23 02:30:00+00:00,,,,,,,,0.73,0.73,,0.0,0,False
2026-02-23 02:30:30+00:00,,,,,,,,0.73,0.73,,0.0,0,False
2026-02-23 02:31:00+00:00,,,,,,,,0.73,0.73,,0.0,0,False
2026-02-23 02:31:30+00:00,,,,,,,,0.73,0.73,,0.0,0,False
2026-02-23 02:32:00+00:00,,,,,,,,0.65,0.65,,15.0,1,False
2026-02-23 02:32:30+00:00,,,,,,,,0.65,0.65,,0.0,0,False
2026-02-23 02:33:00+00:00,,,,,,,,0.7,0.7,,69.0,1,False
2026-02-23 02:33:30+00:00,,,,,,,,0.7,0.7,,0.0,0,False
2026-02-23 02:34:00+00:00,,,,,,,,0.7,0.7,,0.0,0,False
2026-02-23 02:34:30+00:00,,,,,,,,0.7,0.7,,0.0,0,False
2026-02-23 02:35:00+00:00,,,,,,,,0.7,0.7,,0.0,0,False
2026-02-23 02:35:30+00:00,,,,,,,,0.64985,0.64,,1000.0,2,False
2026-02-23 02:36:00+00:00,,,,,,,,0.64985,0.64,,0.0,0,False
2026-02-23 02:36:30+00:00,,,,,,,,0.64985,0.64,,0.0,0,False
2026-02-23 02:37:00+00:00,,,,,,,,0.7,0.7,,42.0,1,False
2026-02-23 02:37:30+00:00,,,,,,,,0.7,0.7,,0.0,0,False
2026-02-23 02:38:00+00:00,,,,,,,,0.7,0.7,,0.0,0,False
2026-02-23 02:38:30+00:00,,,,,,,,0.7,0.7,,0.0,0,False
2026-02-23 02:39:00+00:00,,,,,,,,0.6999999999999998,0.7,,6.0,1,False
2026-02-23 02:39:30+00:00,,,,,,,,0.6999999999999998,0.7,,0.0,0,False
2026-02-23 02:40:00+00:00,,,,,,,,0.6999999999999998,0.7,,0.0,0,False
2026-02-23 02:40:30+00:00,,,,,,,,0.6999999999999998,0.7,,0.0,0,False
2026-02-23 02:41:00+00:00,,,,,,,,0.6999999999999998,0.7,,0.0,0,False
2026-02-23 02:41:30+00:00,,,,,,,,0.6999999999999998,0.7,,0.0,0,False
2026-02-23 02:42:00+00:00,,,,,,,,0.6999999999999998,0.7,,0.0,0,False
2026-02-23 02:42:30+00:00,,,,,,,,0.6999999999999998,0.7,,0.0,0,False
2026-02-23 02:43:00+00:00,,,,,,,,0.7,0.7,,4.0,1,False
2026-02-23 02:43:30+00:00,,,,,,,,0.7,0.7,,486.0,1,False
2026-02-23 02:44:00+00:00,,,,,,,,0.7,0.7,,0.0,0,False
2026-02-23 02:44:30+00:00,,,,,,,,0.7,0.7,,0.0,0,False
2026-02-23 02:45:00+00:00,,,,,,,,0.7,0.7,,0.0,0,False
2026-02-23 02:45:30+00:00,,,,,,,,0.7,0.7,,0.0,0,False
2026-02-23 02:46:00+00:00,,,,,,,,0.7,0.7,,0.0,0,False
2026-02-23 02:46:30+00:00,,,,,,,,0.7,0.7,,0.0,0,False
2026-02-23 02:47:00+00:00,,,,,,,,0.7,0.7,,0.0,0,False
2026-02-23 02:47:30+00:00,,,,,,,,0.69,0.69,,9.0,2,False
2026-02-23 02:48:00+00:00,,,,,,,,0.69,0.69,,0.0,0,False
2026-02-23 02:48:30+00:00,,,,,,,,0.69,0.69,,0.0,0,False
2026-02-23 02:49:00+00:00,,,,,,,,0.7,0.7,,191.0,2,False
2026-02-23 02:49:30+00:00,,,,,,,,0.7,0.7,,0.0,0,False
2026-02-23 02:50:00+00:00,,,,,,,,0.6799999999999999,0.69,,142.0,2,False
2026-02-23 02:50:30+00:00,,,,,,,,0.6799999999999999,0.69,,0.0,0,False
2026-02-23 02:51:00+00:00,,,,,,,,0.6799999999999999,0.69,,0.0,0,False
2026-02-23 02:51:30+00:00,,,,,,,,0.6799999999999999,0.69,,0.0,0,False
2026-02-23 02:52:00+00:00,,,,,,,,0.6799999999999999,0.69,,0.0,0,False
2026-02-23 02:52:30+00:00,,,,,,,,0.6799999999999999,0.69,,0.0,0,False
2026-02-23 02:53:00+00:00,,,,,,,,0.6799999999999999,0.69,,0.0,0,False
2026-02-23 02:53:30+00:00,,,,,,,,0.6799999999999999,0.69,,0.0,0,False
2026-02-23 02:54:00+00:00,,,,,,,,0.6799999999999999,0.69,,0.0,0,False
2026-02-23 02:54:30+00:00,,,,,,,,0.69,0.69,,10.0,1,False
2026-02-23 02:55:00+00:00,,,,,,,,0.69,0.69,,0.0,0,False
2026-02-23 02:55:30+00:00,,,,,,,,0.69,0.69,,0.0,0,False
2026-02-23 02:56:00+00:00,,,,,,,,0.69,0.69,,0.0,0,False
2026-02-23 02:56:30+00:00,,,,,,,,0.69,0.69,,0.0,0,False
2026-02-23 02:57:00+00:00,,,,,,,,0.69,0.69,,0.0,0,False
2026-02-23 02:57:30+00:00,,,,,,,,0.69,0.69,,0.0,0,False
2026-02-23 02:58:00+00:00,,,,,,,,0.7,0.7,,139.0,1,False
2026-02-23 02:58:30+00:00,,,,,,,,0.7,0.7,,0.0,0,False
2026-02-23 02:59:00+00:00,,,,,,,,0.7,0.7,,0.0,0,False
2026-02-23 02:59:30+00:00,,,,,,,,0.7,0.7,,0.0,0,False
2026-02-23 03:00:00+00:00,,,,,,,,0.7,0.7,,0.0,0,False
2026-02-23 03:00:30+00:00,,,,,,,,0.7,0.7,,0.0,0,False
2026-02-23 03:01:00+00:00,,,,,,,,0.7,0.7,,0.0,0,False
2026-02-23 03:01:30+00:00,,,,,,,,0.7,0.7,,0.0,0,False
2026-02-23 03:02:00+00:00,,,,,,,,0.7,0.7,,0.0,0,False
2026-02-23 03:02:30+00:00,,,,,,,,0.7,0.7,,0.0,0,False
2026-02-23 03:03:00+00:00,,,,,,,,0.7,0.7,,0.0,0,False
2026-02-23 03:03:30+00:00,,,,,,,,0.7,0.7,,0.0,0,False
2026-02-23 03:04:00+00:00,,,,,,,,0.7,0.7,,0.0,0,False
2026-02-23 03:04:30+00:00,,,,,,,,0.7,0.7,,0.0,0,False
2026-02-23 03:05:00+00:00,,,,,,,,0.7,0.7,,0.0,0,False
2026-02-23 03:05:30+00:00,,,,,,,,0.7,0.7,,0.0,0,False
2026-02-23 03:06:00+00:00,,,,,,,,0.7,0.7,,0.0,0,False
2026-02-23 03:06:30+00:00,,,,,,,,0.7,0.7,,0.0,0,False
2026-02-23 03:07:00+00:00,,,,,,,,0.7,0.7,,0.0,0,False
2026-02-23 03:07:30+00:00,,,,,,,,0.7,0.7,,0.0,0,False
2026-02-23 03:08:00+00:00,,,,,,,,0.7,0.7,,0.0,0,False
2026-02-23 03:08:30+00:00,,,,,,,,0.7,0.7,,0.0,0,False
2026-02-23 03:09:00+00:00,,,,,,,,0.7,0.7,,2.0,1,False
2026-02-23 03:09:30+00:00,,,,,,,,0.7,0.7,,13.0,1,False
2026-02-23 03:10:00+00:00,,,,,,,,0.6999999999999998,0.7,,6.0,1,False
2026-02-23 03:10:30+00:00,,,,,,,,0.6999999999999998,0.7,,0.0,0,False
2026-02-23 03:11:00+00:00,,,,,,,,0.6999999999999998,0.7,,0.0,0,False
2026-02-23 03:11:30+00:00,,,,,,,,0.7,0.7,,13.0,1,False
2026-02-23 03:12:00+00:00,,,,,,,,0.7,0.7,,0.0,0,False
2026-02-23 03:12:30+00:00,,,,,,,,0.7,0.7,,0.0,0,False
2026-02-23 03:13:00+00:00,,,,,,,,0.7,0.7,,0.0,0,False
2026-02-23 03:13:30+00:00,,,,,,,,0.7,0.7,,0.0,0,False
2026-02-23 03:14:00+00:00,,,,,,,,0.7,0.7,,0.0,0,False
2026-02-23 03:14:30+00:00,,,,,,,,0.7,0.7,,0.0,0,False
2026-02-23 03:15:00+00:00,,,,,,,,0.7,0.7,,0.0,0,False
2026-02-23 03:15:30+00:00,,,,,,,,0.7,0.7,,0.0,0,False
2026-02-23 03:16:00+00:00,,,,,,,,0.7,0.7,,0.0,0,False
2026-02-23 03:16:30+00:00,,,,,,,,0.7,0.7,,0.0,0,False
2026-02-23 03:17:00+00:00,,,,,,,,0.7,0.7,,0.0,0,False
2026-02-23 03:17:30+00:00,,,,,,,,0.6799999999999999,0.69,,28.0,2,False
2026-02-23 03:18:00+00:00,,,,,,,,0.6799999999999999,0.69,,0.0,0,False
2026-02-23 03:18:30+00:00,,,,,,,,0.6799999999999999,0.69,,0.0,0,False
2026-02-23 03:19:00+00:00,,,,,,,,0.6799999999999999,0.69,,0.0,0,False
2026-02-23 03:19:30+00:00,,,,,,,,0.6799999999999999,0.69,,0.0,0,False
2026-02-23 03:20:00+00:00,,,,,,,,0.6799999999999999,0.69,,0.0,0,False
2026-02-23 03:20:30+00:00,,,,,,,,0.6799999999999999,0.69,,0.0,0,False
2026-02-23 03:21:00+00:00,,,,,,,,0.6799999999999999,0.69,,28.0,2,False
2026-02-23 03:21:30+00:00,,,,,,,,0.6799999999999999,0.69,,0.0,0,False
2026-02-23 03:22:00+00:00,,,,,,,,0.6799999999999999,0.69,,0.0,0,False
2026-02-23 03:22:30+00:00,,,,,,,,0.6799999999999999,0.69,,0.0,0,False
2026-02-23 03:23:00+00:00,,,,,,,,0.7,0.7,,108.0,4,False
2026-02-23 03:23:30+00:00,,,,,,,,0.7,0.7,,0.0,0,False
2026-02-23 03:24:00+00:00,,,,,,,,0.7157142857142856,0.7,,7.0,3,False
2026-02-23 03:24:30+00:00,,,,,,,,0.6799999999999999,0.69,,56.0,2,False
2026-02-23 03:25:00+00:00,,,,,,,,0.6799999999999999,0.69,,0.0,0,False
2026-02-23 03:25:30+00:00,,,,,,,,0.6799999999999999,0.69,,0.0,0,False
2026-02-23 03:26:00+00:00,,,,,,,,0.71,0.7,,2.0,2,False
2026-02-23 03:26:30+00:00,,,,,,,,0.71,0.7,,0.0,0,False
2026-02-23 03:27:00+00:00,,,,,,,,0.71,0.7,,0.0,0,False
2026-02-23 03:27:30+00:00,,,,,,,,0.71,0.7,,0.0,0,False
2026-02-23 03:28:00+00:00,,,,,,,,0.71,0.7,,0.0,0,False
2026-02-23 03:28:30+00:00,,,,,,,,0.71,0.7,,0.0,0,False
2026-02-23 03:29:00+00:00,,,,,,,,0.71,0.7,,0.0,0,False
2026-02-23 03:29:30+00:00,,,,,,,,0.71,0.7,,0.0,0,False
2026-02-23 03:30:00+00:00,,,,,,,,0.71,0.7,,0.0,0,False
2026-02-23 03:30:30+00:00,,,,,,,,0.71,0.7,,0.0,0,False
2026-02-23 03:31:00+00:00,,,,,,,,0.71,0.7,,0.0,0,False
2026-02-23 03:31:30+00:00,,,,,,,,0.71,0.7,,0.0,0,False
2026-02-23 03:32:00+00:00,,,,,,,,0.71,0.7,,0.0,0,False
2026-02-23 03:32:30+00:00,,,,,,,,0.71,0.7,,0.0,0,False
2026-02-23 03:33:00+00:00,,,,,,,,0.71,0.7,,0.0,0,False
2026-02-23 03:33:30+00:00,,,,,,,,0.71,0.7,,0.0,0,False
2026-02-23 03:34:00+00:00,,,,,,,,0.71,0.71,,8.0,1,False
2026-02-23 03:34:30+00:00,,,,,,,,0.71,0.71,,0.0,0,False
2026-02-23 03:35:00+00:00,,,,,,,,0.685,0.7,,4.0,3,False
2026-02-23 03:35:30+00:00,,,,,,,,0.71,0.7,,188.0,4,False
2026-02-23 03:36:00+00:00,,,,,,,,0.71,0.7,,0.0,0,False
2026-02-23 03:36:30+00:00,,,,,,,,0.71,0.7,,0.0,0,False
2026-02-23 03:37:00+00:00,,,,,,,,0.71,0.7,,0.0,0,False
2026-02-23 03:37:30+00:00,,,,,,,,0.71,0.7,,0.0,0,False
2026-02-23 03:38:00+00:00,,,,,,,,0.71,0.7,,0.0,0,False
2026-02-23 03:38:30+00:00,,,,,,,,0.71,0.7,,0.0,0,False
2026-02-23 03:39:00+00:00,,,,,,,,0.6849999999999999,0.7,,10.0,3,False
2026-02-23 03:39:30+00:00,,,,,,,,0.6849999999999999,0.7,,0.0,0,False
2026-02-23 03:40:00+00:00,,,,,,,,0.6849999999999999,0.7,,0.0,0,False
2026-02-23 03:40:30+00:00,,,,,,,,0.6849999999999999,0.7,,0.0,0,False
2026-02-23 03:41:00+00:00,,,,,,,,0.6799999999999999,0.69,,2.0,2,False
2026-02-23 03:41:30+00:00,,,,,,,,0.6799999999999999,0.69,,0.0,0,False
2026-02-23 03:42:00+00:00,,,,,,,,0.6799999999999999,0.69,,0.0,0,False
2026-02-23 03:42:30+00:00,,,,,,,,0.6799999999999999,0.69,,0.0,0,False
2026-02-23 03:43:00+00:00,,,,,,,,0.6799999999999999,0.69,,0.0,0,False
2026-02-23 03:43:30+00:00,,,,,,,,0.6799999999999999,0.69,,0.0,0,False
2026-02-23 03:44:00+00:00,,,,,,,,0.6799999999999999,0.69,,0.0,0,False
2026-02-23 03:44:30+00:00,,,,,,,,0.6799999999999999,0.69,,10.0,2,False
2026-02-23 03:45:00+00:00,,,,,,,,0.6799999999999999,0.69,,0.0,0,False
2026-02-23 03:45:30+00:00,,,,,,,,0.6799999999999999,0.69,,0.0,0,False
2026-02-23 03:46:00+00:00,,,,,,,,0.6799999999999999,0.69,,0.0,0,False
2026-02-23 03:46:30+00:00,,,,,,,,0.6799999999999999,0.69,,0.0,0,False
2026-02-23 03:47:00+00:00,,,,,,,,0.6799999999999999,0.69,,0.0,0,False
2026-02-23 03:47:30+00:00,,,,,,,,0.6799999999999999,0.69,,0.0,0,False
2026-02-23 03:48:00+00:00,,,,,,,,0.6799999999999999,0.69,,0.0,0,False
2026-02-23 03:48:30+00:00,,,,,,,,0.6799999999999999,0.69,,0.0,0,False
2026-02-23 03:49:00+00:00,,,,,,,,0.6799999999999999,0.69,,0.0,0,False
2026-02-23 03:49:30+00:00,,,,,,,,0.6799999999999999,0.69,,0.0,0,False
2026-02-23 03:50:00+00:00,,,,,,,,0.71,0.7,,66.0,3,False
2026-02-23 03:50:30+00:00,,,,,,,,0.71,0.7,,0.0,0,False
2026-02-23 03:51:00+00:00,,,,,,,,0.71,0.7,,0.0,0,False
2026-02-23 03:51:30+00:00,,,,,,,,0.71,0.7,,0.0,0,False
2026-02-23 03:52:00+00:00,,,,,,,,0.71,0.7,,0.0,0,False
2026-02-23 03:52:30+00:00,,,,,,,,0.71,0.7,,0.0,0,False
2026-02-23 03:53:00+00:00,,,,,,,,0.71,0.7,,0.0,0,False
2026-02-23 03:53:30+00:00,,,,,,,,0.71,0.7,,0.0,0,False
2026-02-23 03:54:00+00:00,,,,,,,,0.6799999999999999,0.69,,114.0,3,False
2026-02-23 03:54:30+00:00,,,,,,,,0.6799999999999999,0.69,,0.0,0,False
2026-02-23 03:55:00+00:00,,,,,,,,0.6799999999999999,0.69,,0.0,0,False
2026-02-23 03:55:30+00:00,,,,,,,,0.7199999999999999,0.72,,135.0,2,False
2026-02-23 03:56:00+00:00,,,,,,,,0.7199999999999999,0.72,,0.0,0,False
2026-02-23 03:56:30+00:00,,,,,,,,0.71,0.7,,54.0,2,False
2026-02-23 03:57:00+00:00,,,,,,,,0.71,0.7,,0.0,0,False
2026-02-23 03:57:30+00:00,,,,,,,,0.7168683274021352,0.72,,281.0,8,False
2026-02-23 03:58:00+00:00,,,,,,,,0.7168683274021352,0.72,,0.0,0,False
2026-02-23 03:58:30+00:00,,,,,,,,0.7420000000000001,0.74,,15.0,3,False
2026-02-23 03:59:00+00:00,,,,,,,,0.7399999999999999,0.74,,27.0,2,False
2026-02-23 03:59:30+00:00,,,,,,,,0.7396923076923076,0.72,,65.0,3,False
2026-02-23 04:00:00+00:00,,,,,,,,0.7396923076923076,0.72,,0.0,0,False
2026-02-23 04:00:30+00:00,,,,,,,,0.7396923076923076,0.72,,0.0,0,False
2026-02-23 04:01:00+00:00,,,,,,,,0.75,0.75,,100.0,1,False
2026-02-23 04:01:30+00:00,,,,,,,,0.75,0.75,,13.0,1,False
2026-02-23 04:02:00+00:00,,,,,,,,0.75,0.75,,50.0,1,False
2026-02-23 04:02:30+00:00,,,,,,,,0.75,0.75,,0.0,0,False
2026-02-23 04:03:00+00:00,,,,,,,,0.74,0.74,,100.0,1,False
2026-02-23 04:03:30+00:00,,,,,,,,0.74,0.74,,0.0,0,False
2026-02-23 04:04:00+00:00,,,,,,,,0.74,0.74,,0.0,0,False
2026-02-23 04:04:30+00:00,,,,,,,,0.74,0.74,,0.0,0,False
2026-02-23 04:05:00+00:00,,,,,,,,0.74,0.74,,0.0,0,False
2026-02-23 04:05:30+00:00,,,,,,,,0.74,0.74,,0.0,0,False
2026-02-23 04:06:00+00:00,,,,,,,,0.74,0.74,,0.0,0,False
2026-02-23 04:06:30+00:00,,,,,,,,0.74,0.74,,0.0,0,False
2026-02-23 04:07:00+00:00,,,,,,,,0.74,0.74,,0.0,0,False
2026-02-23 04:07:30+00:00,,,,,,,,0.73,0.73,,8.0,1,False
2026-02-23 04:08:00+00:00,,,,,,,,0.73,0.73,,0.0,0,False
2026-02-23 04:08:30+00:00,,,,,,,,0.73,0.73,,1.0,1,False
2026-02-23 04:09:00+00:00,,,,,,,,0.73,0.73,,0.0,0,False
2026-02-23 04:09:30+00:00,,,,,,,,0.73,0.73,,0.0,0,False
2026-02-23 04:10:00+00:00,,,,,,,,0.73,0.73,,0.0,0,False
2026-02-23 04:10:30+00:00,,,,,,,,0.73,0.73,,0.0,0,False
2026-02-23 04:11:00+00:00,,,,,,,,0.73,0.73,,0.0,0,False
2026-02-23 04:11:30+00:00,,,,,,,,0.73,0.73,,0.0,0,False
2026-02-23 04:12:00+00:00,,,,,,,,0.73,0.73,,0.0,0,False
2026-02-23 04:12:30+00:00,,,,,,,,0.73,0.73,,0.0,0,False
2026-02-23 04:13:00+00:00,,,,,,,,0.73,0.73,,0.0,0,False
2026-02-23 04:13:30+00:00,,,,,,,,0.73,0.73,,0.0,0,False
2026-02-23 04:14:00+00:00,,,,,,,,0.73,0.73,,0.0,0,False
2026-02-23 04:14:30+00:00,,,,,,,,0.73,0.73,,658.0,1,False
2026-02-23 04:15:00+00:00,,,,,,,,0.73,0.73,,0.0,0,False
2026-02-23 04:15:30+00:00,,,,,,,,0.73,0.73,,18.0,1,False
2026-02-23 04:16:00+00:00,,,,,,,,0.73,0.73,,0.0,0,False
2026-02-23 04:16:30+00:00,,,,,,,,0.73,0.73,,0.0,0,False
2026-02-23 04:17:00+00:00,,,,,,,,0.73,0.73,,0.0,0,False
2026-02-23 04:17:30+00:00,,,,,,,,0.73,0.73,,0.0,0,False
2026-02-23 04:18:00+00:00,,,,,,,,0.73,0.73,,0.0,0,False
2026-02-23 04:18:30+00:00,,,,,,,,0.73,0.73,,0.0,0,False
2026-02-23 04:19:00+00:00,,,,,,,,0.73,0.73,,0.0,0,False
2026-02-23 04:19:30+00:00,,,,,,,,0.73,0.73,,0.0,0,False
2026-02-23 04:20:00+00:00,,,,,,,,0.73,0.73,,0.0,0,False
2026-02-23 04:20:30+00:00,,,,,,,,0.73,0.73,,0.0,0,False
2026-02-23 04:21:00+00:00,,,,,,,,0.73,0.73,,66.0,1,False
2026-02-23 04:21:30+00:00,,,,,,,,0.73,0.73,,0.0,0,False
2026-02-23 04:22:00+00:00,,,,,,,,0.73,0.73,,53.0,2,False
2026-02-23 04:22:30+00:00,,,,,,,,0.73,0.73,,0.0,0,False
2026-02-23 04:23:00+00:00,,,,,,,,0.73,0.73,,0.0,0,False
2026-02-23 04:23:30+00:00,,,,,,,,0.73,0.73,,0.0,0,False
2026-02-23 04:24:00+00:00,,,,,,,,0.73,0.73,,0.0,0,False
2026-02-23 04:24:30+00:00,,,,,,,,0.73,0.73,,0.0,0,False
2026-02-23 04:25:00+00:00,,,,,,,,0.73,0.73,,0.0,0,False
2026-02-23 04:25:30+00:00,,,,,,,,0.73,0.73,,0.0,0,False
2026-02-23 04:26:00+00:00,,,,,,,,0.73,0.73,,0.0,0,False
2026-02-23 04:26:30+00:00,,,,,,,,0.73,0.73,,0.0,0,False
2026-02-23 04:27:00+00:00,,,,,,,,0.73,0.73,,0.0,0,False
2026-02-23 04:27:30+00:00,,,,,,,,0.73,0.73,,0.0,0,False
2026-02-23 04:28:00+00:00,,,,,,,,0.73,0.73,,1.0,1,False
2026-02-23 04:28:30+00:00,,,,,,,,0.73,0.73,,16.0,1,False
2026-02-23 04:29:00+00:00,,,,,,,,0.73,0.73,,0.0,0,False
2026-02-23 04:29:30+00:00,,,,,,,,0.73,0.73,,0.0,0,False
2026-02-23 04:30:00+00:00,,,,,,,,0.69,0.69,,40.0,1,False
2026-02-23 04:30:30+00:00,,,,,,,,0.69,0.69,,0.0,0,False
2026-02-23 04:31:00+00:00,,,,,,,,0.74,0.74,,34.0,1,False
2026-02-23 04:31:30+00:00,,,,,,,,0.74,0.74,,0.0,0,False
2026-02-23 04:32:00+00:00,,,,,,,,0.74,0.74,,0.0,0,False
2026-02-23 04:32:30+00:00,,,,,,,,0.7236363636363635,0.7,,44.0,2,False
2026-02-23 04:33:00+00:00,,,,,,,,0.7236363636363635,0.7,,0.0,0,False
2026-02-23 04:33:30+00:00,,,,,,,,0.7236363636363635,0.7,,0.0,0,False
2026-02-23 04:34:00+00:00,,,,,,,,0.7236363636363635,0.7,,0.0,0,False
2026-02-23 04:34:30+00:00,,,,,,,,0.7382817869415808,0.73,,291.0,3,False
2026-02-23 04:35:00+00:00,,,,,,,,0.7382817869415808,0.73,,0.0,0,False
2026-02-23 04:35:30+00:00,,,,,,,,0.7382817869415808,0.73,,0.0,0,False
2026-02-23 04:36:00+00:00,,,,,,,,0.69024,0.69,,1000.0,4,False
2026-02-23 04:36:30+00:00,,,,,,,,0.7399999999999999,0.74,,124.0,3,False
2026-02-23 04:37:00+00:00,,,,,,,,0.7399999999999999,0.74,,0.0,0,False
2026-02-23 04:37:30+00:00,,,,,,,,0.74,0.74,,300.0,1,False
2026-02-23 04:38:00+00:00,,,,,,,,0.7377941176470588,0.74,,68.0,2,False
2026-02-23 04:38:30+00:00,,,,,,,,0.74,0.74,,66.0,1,False
2026-02-23 04:39:00+00:00,,,,,,,,0.69,0.69,,30.0,1,False
2026-02-23 04:39:30+00:00,,,,,,,,0.69,0.69,,0.0,0,False
2026-02-23 04:40:00+00:00,,,,,,,,0.69,0.69,,0.0,0,False
2026-02-23 04:40:30+00:00,,,,,,,,0.69,0.69,,0.0,0,False
2026-02-23 04:41:00+00:00,,,,,,,,0.7375,0.74,,20.0,2,False
2026-02-23 04:41:30+00:00,,,,,,,,0.7400000000000001,0.74,,99.0,1,False
2026-02-23 04:42:00+00:00,,,,,,,,0.7400000000000001,0.74,,0.0,0,False
2026-02-23 04:42:30+00:00,,,,,,,,0.7400000000000001,0.74,,0.0,0,False
2026-02-23 04:43:00+00:00,,,,,,,,0.7400000000000001,0.74,,0.0,0,False
2026-02-23 04:43:30+00:00,,,,,,,,0.7400000000000001,0.74,,0.0,0,False
2026-02-23 04:44:00+00:00,,,,,,,,0.7400000000000001,0.74,,0.0,0,False
2026-02-23 04:44:30+00:00,,,,,,,,0.74,0.74,,76.0,1,False
2026-02-23 04:45:00+00:00,,,,,,,,0.74,0.74,,0.0,0,False
2026-02-23 04:45:30+00:00,,,,,,,,0.74,0.74,,0.0,0,False
2026-02-23 04:46:00+00:00,,,,,,,,0.74,0.74,,0.0,0,False
2026-02-23 04:46:30+00:00,,,,,,,,0.74,0.74,,0.0,0,False
2026-02-23 04:47:00+00:00,,,,,,,,0.74,0.74,,0.0,0,False
2026-02-23 04:47:30+00:00,,,,,,,,0.74,0.74,,0.0,0,False
2026-02-23 04:48:00+00:00,,,,,,,,0.74,0.74,,0.0,0,False
2026-02-23 04:48:30+00:00,,,,,,,,0.74,0.74,,0.0,0,False
2026-02-23 04:49:00+00:00,,,,,,,,0.74,0.74,,345.0,2,False
2026-02-23 04:49:30+00:00,,,,,,,,0.7,0.7,,39.0,3,False
2026-02-23 04:50:00+00:00,,,,,,,,0.7256,0.7,,50.0,4,False
2026-02-23 04:50:30+00:00,,,,,,,,0.7256,0.7,,0.0,0,False
2026-02-23 04:51:00+00:00,,,,,,,,0.73,0.73,,53.0,1,False
2026-02-23 04:51:30+00:00,,,,,,,,0.73,0.73,,0.0,0,False
2026-02-23 04:52:00+00:00,,,,,,,,0.73,0.73,,0.0,0,False
2026-02-23 04:52:30+00:00,,,,,,,,0.73,0.73,,0.0,0,False
2026-02-23 04:53:00+00:00,,,,,,,,0.73,0.73,,0.0,0,False
2026-02-23 04:53:30+00:00,,,,,,,,0.73,0.73,,67.0,1,False
2026-02-23 04:54:00+00:00,,,,,,,,0.73,0.73,,0.0,0,False
2026-02-23 04:54:30+00:00,,,,,,,,0.73,0.73,,0.0,0,False
2026-02-23 04:55:00+00:00,,,,,,,,0.73,0.73,,0.0,0,False
2026-02-23 04:55:30+00:00,,,,,,,,0.73,0.73,,8.0,1,False
2026-02-23 04:56:00+00:00,,,,,,,,0.73,0.73,,0.0,0,False
2026-02-23 04:56:30+00:00,,,,,,,,0.73,0.73,,0.0,0,False
2026-02-23 04:57:00+00:00,,,,,,,,0.73,0.73,,0.0,0,False
2026-02-23 04:57:30+00:00,,,,,,,,0.73,0.73,,4.0,1,False
2026-02-23 04:58:00+00:00,,,,,,,,0.73,0.73,,0.0,0,False
2026-02-23 04:58:30+00:00,,,,,,,,0.73,0.73,,0.0,0,False
2026-02-23 04:59:00+00:00,,,,,,,,0.73,0.73,,0.0,0,False
2026-02-23 04:59:30+00:00,,,,,,,,0.73,0.73,,0.0,0,False
2026-02-23 05:00:00+00:00,,,,,,,,0.73,0.73,,33.0,1,False
2026-02-23 05:00:30+00:00,,,,,,,,0.7296153846153846,0.72,,26.0,2,False
2026-02-23 05:01:00+00:00,,,,,,,,0.7297058823529411,0.72,,136.0,4,False
2026-02-23 05:01:30+00:00,,,,,,,,0.73,0.73,,40.0,1,False
2026-02-23 05:02:00+00:00,,,,,,,,0.6900000000000001,0.69,,106.0,1,False
2026-02-23 05:02:30+00:00,,,,,,,,0.71,0.72,,3.0,3,False
2026-02-23 05:03:00+00:00,,,,,,,,0.7440351771603366,0.75,,3923.0,8,False
2026-02-23 05:03:30+00:00,,,,,,,,0.7440351771603366,0.75,,0.0,0,False
2026-02-23 05:04:00+00:00,,,,,,,,0.7440351771603366,0.75,,0.0,0,False
2026-02-23 05:04:30+00:00,,,,,,,,0.74,0.74,,45.0,1,False
2026-02-23 05:05:00+00:00,,,,,,,,0.74,0.74,,13.0,1,False
2026-02-23 05:05:30+00:00,,,,,,,,0.72,0.72,,1.0,1,False
2026-02-23 05:06:00+00:00,,,,,,,,0.72,0.72,,0.0,0,False
2026-02-23 05:06:30+00:00,,,,,,,,0.72,0.72,,0.0,0,False
2026-02-23 05:07:00+00:00,,,,,,,,0.72,0.72,,0.0,0,False
2026-02-23 05:07:30+00:00,,,,,,,,0.72,0.72,,0.0,0,False
2026-02-23 05:08:00+00:00,,,,,,,,0.74,0.74,,9.0,1,False
2026-02-23 05:08:30+00:00,,,,,,,,0.74,0.74,,0.0,0,False
2026-02-23 05:09:00+00:00,,,,,,,,0.74,0.74,,0.0,0,False
2026-02-23 05:09:30+00:00,,,,,,,,0.74,0.74,,0.0,0,False
2026-02-23 05:10:00+00:00,,,,,,,,0.74,0.74,,0.0,0,False
2026-02-23 05:10:30+00:00,,,,,,,,0.74,0.74,,0.0,0,False
2026-02-23 05:11:00+00:00,,,,,,,,0.74,0.74,,0.0,0,False
2026-02-23 05:11:30+00:00,,,,,,,,0.74,0.74,,0.0,0,False
2026-02-23 05:12:00+00:00,,,,,,,,0.74,0.74,,0.0,0,False
2026-02-23 05:12:30+00:00,,,,,,,,0.74,0.74,,0.0,0,False
2026-02-23 05:13:00+00:00,,,,,,,,0.74,0.74,,0.0,0,False
2026-02-23 05:13:30+00:00,,,,,,,,0.74,0.74,,0.0,0,False
2026-02-23 05:14:00+00:00,,,,,,,,0.74,0.74,,0.0,0,False
2026-02-23 05:14:30+00:00,,,,,,,,0.74,0.74,,0.0,0,False
2026-02-23 05:15:00+00:00,,,,,,,,0.72,0.72,,100.0,1,False
2026-02-23 05:15:30+00:00,,,,,,,,0.75,0.75,,64.0,1,False
2026-02-23 05:16:00+00:00,,,,,,,,0.75,0.75,,0.0,0,False
2026-02-23 05:16:30+00:00,,,,,,,,0.75,0.75,,0.0,0,False
2026-02-23 05:17:00+00:00,,,,,,,,0.75,0.75,,0.0,0,False
2026-02-23 05:17:30+00:00,,,,,,,,0.75,0.75,,0.0,0,False
2026-02-23 05:18:00+00:00,,,,,,,,0.7200000000000001,0.72,,66.0,2,False
2026-02-23 05:18:30+00:00,,,,,,,,0.744,0.75,,80.0,2,False
2026-02-23 05:19:00+00:00,,,,,,,,0.744,0.75,,0.0,0,False
2026-02-23 05:19:30+00:00,,,,,,,,0.744,0.75,,0.0,0,False
2026-02-23 05:20:00+00:00,,,,,,,,0.744,0.75,,0.0,0,False
2026-02-23 05:20:30+00:00,,,,,,,,0.744,0.75,,0.0,0,False
2026-02-23 05:21:00+00:00,,,,,,,,0.72,0.72,,26.0,3,False
2026-02-23 05:21:30+00:00,,,,,,,,0.72,0.72,,0.0,0,False
2026-02-23 05:22:00+00:00,,,,,,,,0.7099999999999999,0.71,,141.0,4,False
2026-02-23 05:22:30+00:00,,,,,,,,0.7099999999999999,0.71,,0.0,0,False
2026-02-23 05:23:00+00:00,,,,,,,,0.7099999999999999,0.71,,0.0,0,False
2026-02-23 05:23:30+00:00,,,,,,,,0.7099999999999999,0.71,,0.0,0,False
2026-02-23 05:24:00+00:00,,,,,,,,0.71,0.71,,8.0,1,False
2026-02-23 05:24:30+00:00,,,,,,,,0.71,0.71,,0.0,0,False
2026-02-23 05:25:00+00:00,,,,,,,,0.71,0.71,,0.0,0,False
2026-02-23 05:25:30+00:00,,,,,,,,0.74,0.74,,35.0,1,False
2026-02-23 05:26:00+00:00,,,,,,,,0.75,0.75,,32.0,1,False
2026-02-23 05:26:30+00:00,,,,,,,,0.75,0.75,,0.0,0,False
2026-02-23 05:27:00+00:00,,,,,,,,0.75,0.75,,0.0,0,False
2026-02-23 05:27:30+00:00,,,,,,,,0.75,0.75,,0.0,0,False
2026-02-23 05:28:00+00:00,,,,,,,,0.75,0.75,,52.0,1,False
2026-02-23 05:28:30+00:00,,,,,,,,0.75,0.75,,0.0,0,False
2026-02-23 05:29:00+00:00,,,,,,,,0.75,0.75,,0.0,0,False
2026-02-23 05:29:30+00:00,,,,,,,,0.75,0.75,,0.0,0,False
2026-02-23 05:30:00+00:00,,,,,,,,0.75,0.75,,0.0,0,False
2026-02-23 05:30:30+00:00,,,,,,,,0.75,0.75,,0.0,0,False
2026-02-23 05:31:00+00:00,,,,,,,,0.75,0.75,,0.0,0,False
2026-02-23 05:31:30+00:00,,,,,,,,0.75,0.75,,0.0,0,False
2026-02-23 05:32:00+00:00,,,,,,,,0.75,0.75,,0.0,0,False
2026-02-23 05:32:30+00:00,,,,,,,,0.75,0.75,,1.0,1,False
2026-02-23 05:33:00+00:00,,,,,,,,0.75,0.75,,0.0,0,False
2026-02-23 05:33:30+00:00,,,,,,,,0.75,0.75,,0.0,0,False
2026-02-23 05:34:00+00:00,,,,,,,,0.75,0.75,,0.0,0,False
2026-02-23 05:34:30+00:00,,,,,,,,0.75,0.75,,0.0,0,False
2026-02-23 05:35:00+00:00,,,,,,,,0.75,0.75,,0.0,0,False
2026-02-23 05:35:30+00:00,,,,,,,,0.75,0.75,,0.0,0,False
2026-02-23 05:36:00+00:00,,,,,,,,0.75,0.75,,0.0,0,False
2026-02-23 05:36:30+00:00,,,,,,,,0.75,0.75,,0.0,0,False
2026-02-23 05:37:00+00:00,,,,,,,,0.75,0.75,,0.0,0,False
2026-02-23 05:37:30+00:00,,,,,,,,0.75,0.75,,0.0,0,False
2026-02-23 05:38:00+00:00,,,,,,,,0.75,0.75,,0.0,0,False
2026-02-23 05:38:30+00:00,,,,,,,,0.75,0.75,,0.0,0,False
2026-02-23 05:39:00+00:00,,,,,,,,0.75,0.75,,0.0,0,False
2026-02-23 05:39:30+00:00,,,,,,,,0.71,0.71,,5.0,2,False
2026-02-23 05:40:00+00:00,,,,,,,,0.74,0.74,,1.0,1,False
2026-02-23 05:40:30+00:00,,,,,,,,0.74,0.74,,0.0,0,False
2026-02-23 05:41:00+00:00,,,,,,,,0.74,0.74,,0.0,0,False
2026-02-23 05:41:30+00:00,,,,,,,,0.74,0.74,,0.0,0,False
2026-02-23 05:42:00+00:00,,,,,,,,0.74,0.74,,0.0,0,False
2026-02-23 05:42:30+00:00,,,,,,,,0.74,0.74,,0.0,0,False
2026-02-23 05:43:00+00:00,,,,,,,,0.74,0.74,,0.0,0,False
2026-02-23 05:43:30+00:00,,,,,,,,0.7478125,0.75,,64.0,2,False
2026-02-23 05:44:00+00:00,,,,,,,,0.7478125,0.75,,0.0,0,False
2026-02-23 05:44:30+00:00,,,,,,,,0.71,0.71,,64.0,1,False
2026-02-23 05:45:00+00:00,,,,,,,,0.71,0.71,,0.0,0,False
2026-02-23 05:45:30+00:00,,,,,,,,0.71,0.71,,0.0,0,False
2026-02-23 05:46:00+00:00,,,,,,,,0.71,0.71,,0.0,0,False
2026-02-23 05:46:30+00:00,,,,,,,,0.71,0.71,,0.0,0,False
2026-02-23 05:47:00+00:00,,,,,,,,0.71,0.71,,0.0,0,False
2026-02-23 05:47:30+00:00,,,,,,,,0.71,0.71,,0.0,0,False
2026-02-23 05:48:00+00:00,,,,,,,,0.71,0.71,,0.0,0,False
2026-02-23 05:48:30+00:00,,,,,,,,0.71,0.71,,0.0,0,False
2026-02-23 05:49:00+00:00,,,,,,,,0.71,0.71,,0.0,0,False
2026-02-23 05:49:30+00:00,,,,,,,,0.71,0.71,,0.0,0,False
2026-02-23 05:50:00+00:00,,,,,,,,0.71,0.71,,0.0,0,False
2026-02-23 05:50:30+00:00,,,,,,,,0.71,0.71,,0.0,0,False
2026-02-23 05:51:00+00:00,,,,,,,,0.71,0.71,,0.0,0,False
2026-02-23 05:51:30+00:00,,,,,,,,0.71,0.71,,0.0,0,False
2026-02-23 05:52:00+00:00,,,,,,,,0.7477272727272727,0.75,,352.0,2,False
2026-02-23 05:52:30+00:00,,,,,,,,0.7477272727272727,0.75,,0.0,0,False
2026-02-23 05:53:00+00:00,,,,,,,,0.7477272727272727,0.75,,0.0,0,False
2026-02-23 05:53:30+00:00,,,,,,,,0.74,0.74,,13.0,1,False
2026-02-23 05:54:00+00:00,,,,,,,,0.74,0.74,,0.0,0,False
2026-02-23 05:54:30+00:00,,,,,,,,0.74,0.74,,0.0,0,False
2026-02-23 05:55:00+00:00,,,,,,,,0.74,0.74,,0.0,0,False
2026-02-23 05:55:30+00:00,,,,,,,,0.74,0.74,,0.0,0,False
2026-02-23 05:56:00+00:00,,,,,,,,0.74,0.74,,0.0,0,False
2026-02-23 05:56:30+00:00,,,,,,,,0.74,0.74,,0.0,0,False
2026-02-23 05:57:00+00:00,,,,,,,,0.74,0.74,,0.0,0,False
2026-02-23 05:57:30+00:00,,,,,,,,0.74,0.74,,0.0,0,False
2026-02-23 05:58:00+00:00,,,,,,,,0.74,0.74,,0.0,0,False
2026-02-23 05:58:30+00:00,,,,,,,,0.74,0.74,,0.0,0,False
2026-02-23 05:59:00+00:00,,,,,,,,0.74,0.74,,0.0,0,False
2026-02-23 05:59:30+00:00,,,,,,,,0.74,0.74,,0.0,0,False
2026-02-23 06:00:00+00:00,,,,,,,,0.74,0.74,,0.0,0,False
2026-02-23 06:00:30+00:00,,,,,,,,0.74,0.74,,66.0,1,False
2026-02-23 06:01:00+00:00,,,,,,,,0.74,0.74,,0.0,0,False
2026-02-23 06:01:30+00:00,,,,,,,,0.74,0.74,,0.0,0,False
2026-02-23 06:02:00+00:00,,,,,,,,0.74,0.74,,0.0,0,False
2026-02-23 06:02:30+00:00,,,,,,,,0.74,0.74,,0.0,0,False
2026-02-23 06:03:00+00:00,,,,,,,,0.74,0.74,,0.0,0,False
2026-02-23 06:03:30+00:00,,,,,,,,0.74,0.74,,0.0,0,False
2026-02-23 06:04:00+00:00,,,,,,,,0.74,0.74,,0.0,0,False
2026-02-23 06:04:30+00:00,,,,,,,,0.74,0.74,,0.0,0,False
2026-02-23 06:05:00+00:00,,,,,,,,0.74,0.74,,0.0,0,False
2026-02-23 06:05:30+00:00,,,,,,,,0.74,0.74,,0.0,0,False
2026-02-23 06:06:00+00:00,,,,,,,,0.74,0.74,,0.0,0,False
2026-02-23 06:06:30+00:00,,,,,,,,0.74,0.74,,9.0,1,False
2026-02-23 06:07:00+00:00,,,,,,,,0.7033333333333333,0.7,,102.0,2,False
2026-02-23 06:07:30+00:00,,,,,,,,0.7033333333333333,0.7,,0.0,0,False
2026-02-23 06:08:00+00:00,,,,,,,,0.7033333333333333,0.7,,0.0,0,False
2026-02-23 06:08:30+00:00,,,,,,,,0.7033333333333333,0.7,,0.0,0,False
2026-02-23 06:09:00+00:00,,,,,,,,0.7033333333333333,0.7,,0.0,0,False
2026-02-23 06:09:30+00:00,,,,,,,,0.7033333333333333,0.7,,0.0,0,False
2026-02-23 06:10:00+00:00,,,,,,,,0.7033333333333333,0.7,,0.0,0,False
2026-02-23 06:10:30+00:00,,,,,,,,0.7033333333333333,0.7,,0.0,0,False
2026-02-23 06:11:00+00:00,,,,,,,,0.7033333333333333,0.7,,0.0,0,False
2026-02-23 06:11:30+00:00,,,,,,,,0.7033333333333333,0.7,,0.0,0,False
2026-02-23 06:12:00+00:00,,,,,,,,0.7033333333333333,0.7,,0.0,0,False
2026-02-23 06:12:30+00:00,,,,,,,,0.7033333333333333,0.7,,0.0,0,False
2026-02-23 06:13:00+00:00,,,,,,,,0.7033333333333333,0.7,,0.0,0,False
2026-02-23 06:13:30+00:00,,,,,,,,0.7033333333333333,0.7,,0.0,0,False
2026-02-23 06:14:00+00:00,,,,,,,,0.7033333333333333,0.7,,0.0,0,False
2026-02-23 06:14:30+00:00,,,,,,,,0.7033333333333333,0.7,,0.0,0,False
2026-02-23 06:15:00+00:00,,,,,,,,0.7033333333333333,0.7,,0.0,0,False
2026-02-23 06:15:30+00:00,,,,,,,,0.7033333333333333,0.7,,0.0,0,False
2026-02-23 06:16:00+00:00,,,,,,,,0.7,0.7,,47.0,1,False
2026-02-23 06:16:30+00:00,,,,,,,,0.7,0.7,,0.0,0,False
2026-02-23 06:17:00+00:00,,,,,,,,0.7,0.7,,0.0,0,False
2026-02-23 06:17:30+00:00,,,,,,,,0.7,0.7,,0.0,0,False
2026-02-23 06:18:00+00:00,,,,,,,,0.7,0.7,,0.0,0,False
2026-02-23 06:18:30+00:00,,,,,,,,0.7,0.7,,0.0,0,False
2026-02-23 06:19:00+00:00,,,,,,,,0.7,0.7,,0.0,0,False
2026-02-23 06:19:30+00:00,,,,,,,,0.7,0.7,,0.0,0,False
2026-02-23 06:20:00+00:00,,,,,,,,0.7,0.7,,0.0,0,False
2026-02-23 06:20:30+00:00,,,,,,,,0.7,0.7,,0.0,0,False
2026-02-23 06:21:00+00:00,,,,,,,,0.7,0.7,,0.0,0,False
2026-02-23 06:21:30+00:00,,,,,,,,0.7,0.7,,0.0,0,False
2026-02-23 06:22:00+00:00,,,,,,,,0.7,0.7,,0.0,0,False
2026-02-23 06:22:30+00:00,,,,,,,,0.7,0.7,,0.0,0,False
2026-02-23 06:23:00+00:00,,,,,,,,0.73,0.73,,33.0,1,False
2026-02-23 06:23:30+00:00,,,,,,,,0.73,0.73,,0.0,0,False
2026-02-23 06:24:00+00:00,,,,,,,,0.71,0.71,,1.0,1,False
2026-02-23 06:24:30+00:00,,,,,,,,0.71,0.71,,0.0,0,False
2026-02-23 06:25:00+00:00,,,,,,,,0.71,0.71,,0.0,0,False
2026-02-23 06:25:30+00:00,,,,,,,,0.74,0.74,,5.0,1,False
2026-02-23 06:26:00+00:00,,,,,,,,0.74,0.74,,0.0,0,False
2026-02-23 06:26:30+00:00,,,,,,,,0.74,0.74,,0.0,0,False
2026-02-23 06:27:00+00:00,,,,,,,,0.74,0.74,,0.0,0,False
2026-02-23 06:27:30+00:00,,,,,,,,0.74,0.74,,0.0,0,False
2026-02-23 06:28:00+00:00,,,,,,,,0.74,0.74,,0.0,0,False
2026-02-23 06:28:30+00:00,,,,,,,,0.74,0.74,,0.0,0,False
2026-02-23 06:29:00+00:00,,,,,,,,0.74,0.74,,0.0,0,False
2026-02-23 06:29:30+00:00,,,,,,,,0.71,0.71,,3.0,1,False
2026-02-23 06:30:00+00:00,,,,,,,,0.71,0.71,,0.0,0,False
2026-02-23 06:30:30+00:00,,,,,,,,0.71,0.71,,0.0,0,False
2026-02-23 06:31:00+00:00,,,,,,,,0.71,0.71,,6.0,1,False
2026-02-23 06:31:30+00:00,,,,,,,,0.71,0.71,,0.0,0,False
2026-02-23 06:32:00+00:00,,,,,,,,0.71,0.71,,0.0,0,False
2026-02-23 06:32:30+00:00,,,,,,,,0.71,0.71,,0.0,0,False
2026-02-23 06:33:00+00:00,,,,,,,,0.708125,0.7,,16.0,2,False
2026-02-23 06:33:30+00:00,,,,,,,,0.708125,0.7,,0.0,0,False
2026-02-23 06:34:00+00:00,,,,,,,,0.708125,0.7,,0.0,0,False
2026-02-23 06:34:30+00:00,,,,,,,,0.708125,0.7,,0.0,0,False
2026-02-23 06:35:00+00:00,,,,,,,,0.708125,0.7,,0.0,0,False
2026-02-23 06:35:30+00:00,,,,,,,,0.708125,0.7,,0.0,0,False
2026-02-23 06:36:00+00:00,,,,,,,,0.708125,0.7,,0.0,0,False
2026-02-23 06:36:30+00:00,,,,,,,,0.708125,0.7,,0.0,0,False
2026-02-23 06:37:00+00:00,,,,,,,,0.708125,0.7,,0.0,0,False
2026-02-23 06:37:30+00:00,,,,,,,,0.74,0.74,,87.0,2,False
2026-02-23 06:38:00+00:00,,,,,,,,0.74,0.74,,0.0,0,False
2026-02-23 06:38:30+00:00,,,,,,,,0.74,0.74,,0.0,0,False
2026-02-23 06:39:00+00:00,,,,,,,,0.74,0.74,,0.0,0,False
2026-02-23 06:39:30+00:00,,,,,,,,0.71,0.71,,3.0,1,False
2026-02-23 06:40:00+00:00,,,,,,,,0.71,0.71,,0.0,0,False
2026-02-23 06:40:30+00:00,,,,,,,,0.71,0.71,,0.0,0,False
2026-02-23 06:41:00+00:00,,,,,,,,0.7225,0.74,,12.0,2,False
2026-02-23 06:41:30+00:00,,,,,,,,0.7225,0.74,,0.0,0,False
2026-02-23 06:42:00+00:00,,,,,,,,0.7225,0.74,,0.0,0,False
2026-02-23 06:42:30+00:00,,,,,,,,0.7225,0.74,,0.0,0,False
2026-02-23 06:43:00+00:00,,,,,,,,0.7225,0.74,,0.0,0,False
2026-02-23 06:43:30+00:00,,,,,,,,0.71,0.71,,2.0,1,False
2026-02-23 06:44:00+00:00,,,,,,,,0.71,0.71,,0.0,0,False
2026-02-23 06:44:30+00:00,,,,,,,,0.71,0.71,,0.0,0,False
2026-02-23 06:45:00+00:00,,,,,,,,0.71,0.71,,0.0,0,False
2026-02-23 06:45:30+00:00,,,,,,,,0.71,0.71,,0.0,0,False
2026-02-23 06:46:00+00:00,,,,,,,,0.71,0.71,,0.0,0,False
2026-02-23 06:46:30+00:00,,,,,,,,0.71,0.71,,0.0,0,False
2026-02-23 06:47:00+00:00,,,,,,,,0.71,0.71,,0.0,0,False
2026-02-23 06:47:30+00:00,,,,,,,,0.71,0.71,,0.0,0,False
2026-02-23 06:48:00+00:00,,,,,,,,0.71,0.71,,0.0,0,False
2026-02-23 06:48:30+00:00,,,,,,,,0.71,0.71,,0.0,0,False
2026-02-23 06:49:00+00:00,,,,,,,,0.74,0.74,,5.0,1,False
2026-02-23 06:49:30+00:00,,,,,,,,0.74,0.74,,0.0,0,False
2026-02-23 06:50:00+00:00,,,,,,,,0.74,0.74,,1.0,1,False
2026-02-23 06:50:30+00:00,,,,,,,,0.74,0.74,,0.0,0,False
2026-02-23 06:51:00+00:00,,,,,,,,0.74,0.74,,0.0,0,False
2026-02-23 06:51:30+00:00,,,,,,,,0.74,0.74,,0.0,0,False
2026-02-23 06:52:00+00:00,,,,,,,,0.74,0.74,,0.0,0,False
2026-02-23 06:52:30+00:00,,,,,,,,0.74,0.74,,0.0,0,False
2026-02-23 06:53:00+00:00,,,,,,,,0.74,0.74,,0.0,0,False
2026-02-23 06:53:30+00:00,,,,,,,,0.74,0.74,,0.0,0,False
2026-02-23 06:54:00+00:00,,,,,,,,0.74,0.74,,0.0,0,False
2026-02-23 06:54:30+00:00,,,,,,,,0.74,0.74,,0.0,0,False
2026-02-23 06:55:00+00:00,,,,,,,,0.74,0.74,,0.0,0,False
2026-02-23 06:55:30+00:00,,,,,,,,0.74,0.74,,0.0,0,False
2026-02-23 06:56:00+00:00,,,,,,,,0.74,0.74,,0.0,0,False
2026-02-23 06:56:30+00:00,,,,,,,,0.74,0.74,,0.0,0,False
2026-02-23 06:57:00+00:00,,,,,,,,0.74,0.74,,0.0,0,False
2026-02-23 06:57:30+00:00,,,,,,,,0.74,0.74,,0.0,0,False
2026-02-23 06:58:00+00:00,,,,,,,,0.74,0.74,,0.0,0,False
2026-02-23 06:58:30+00:00,,,,,,,,0.74,0.74,,0.0,0,False
2026-02-23 06:59:00+00:00,,,,,,,,0.74,0.74,,0.0,0,False
2026-02-23 06:59:30+00:00,,,,,,,,0.74,0.74,,0.0,0,False
2026-02-23 07:00:00+00:00,,,,,,,,0.74,0.74,,0.0,0,False
2026-02-23 07:00:30+00:00,,,,,,,,0.74,0.74,,0.0,0,False
2026-02-23 07:01:00+00:00,,,,,,,,0.74,0.74,,0.0,0,False
2026-02-23 07:01:30+00:00,,,,,,,,0.74,0.74,,0.0,0,False
2026-02-23 07:02:00+00:00,,,,,,,,0.74,0.74,,0.0,0,False
2026-02-23 07:02:30+00:00,,,,,,,,0.72,0.72,,13.0,1,False
2026-02-23 07:03:00+00:00,,,,,,,,0.72,0.72,,0.0,0,False
2026-02-23 07:03:30+00:00,,,,,,,,0.72,0.72,,0.0,0,False
2026-02-23 07:04:00+00:00,,,,,,,,0.72,0.72,,0.0,0,False
2026-02-23 07:04:30+00:00,,,,,,,,0.72,0.72,,0.0,0,False
2026-02-23 07:05:00+00:00,,,,,,,,0.72,0.72,,0.0,0,False
2026-02-23 07:05:30+00:00,,,,,,,,0.72,0.72,,0.0,0,False
2026-02-23 07:06:00+00:00,,,,,,,,0.72,0.72,,0.0,0,False
2026-02-23 07:06:30+00:00,,,,,,,,0.72,0.72,,0.0,0,False
2026-02-23 07:07:00+00:00,,,,,,,,0.72,0.72,,0.0,0,False
2026-02-23 07:07:30+00:00,,,,,,,,0.72,0.72,,0.0,0,False
2026-02-23 07:08:00+00:00,,,,,,,,0.72,0.72,,0.0,0,False
2026-02-23 07:08:30+00:00,,,,,,,,0.72,0.72,,0.0,0,False
2026-02-23 07:09:00+00:00,,,,,,,,0.72,0.72,,0.0,0,False
2026-02-23 07:09:30+00:00,,,,,,,,0.72,0.72,,0.0,0,False
2026-02-23 07:10:00+00:00,,,,,,,,0.72,0.72,,0.0,0,False
2026-02-23 07:10:30+00:00,,,,,,,,0.69,0.69,,3.0,2,False
2026-02-23 07:11:00+00:00,,,,,,,,0.69,0.69,,0.0,0,False
2026-02-23 07:11:30+00:00,,,,,,,,0.69,0.69,,0.0,0,False
2026-02-23 07:12:00+00:00,,,,,,,,0.69,0.69,,0.0,0,False
2026-02-23 07:12:30+00:00,,,,,,,,0.69,0.69,,0.0,0,False
2026-02-23 07:13:00+00:00,,,,,,,,0.69,0.69,,0.0,0,False
2026-02-23 07:13:30+00:00,,,,,,,,0.69,0.69,,0.0,0,False
2026-02-23 07:14:00+00:00,,,,,,,,0.69,0.69,,0.0,0,False
2026-02-23 07:14:30+00:00,,,,,,,,0.72,0.72,,100.0,2,False
2026-02-23 07:15:00+00:00,,,,,,,,0.72,0.72,,0.0,0,False
2026-02-23 07:15:30+00:00,,,,,,,,0.72,0.72,,0.0,0,False
2026-02-23 07:16:00+00:00,,,,,,,,0.72,0.72,,0.0,0,False
2026-02-23 07:16:30+00:00,,,,,,,,0.72,0.72,,0.0,0,False
2026-02-23 07:17:00+00:00,,,,,,,,0.72,0.72,,0.0,0,False
2026-02-23 07:17:30+00:00,,,,,,,,0.72,0.72,,0.0,0,False
2026-02-23 07:18:00+00:00,,,,,,,,0.73,0.73,,1.0,1,False
2026-02-23 07:18:30+00:00,,,,,,,,0.73,0.73,,0.0,0,False
2026-02-23 07:19:00+00:00,,,,,,,,0.73,0.73,,5.0,1,False
2026-02-23 07:19:30+00:00,,,,,,,,0.73,0.73,,0.0,0,False
2026-02-23 07:20:00+00:00,,,,,,,,0.73,0.73,,0.0,0,False
2026-02-23 07:20:30+00:00,,,,,,,,0.73,0.73,,1.0,1,False
2026-02-23 07:21:00+00:00,,,,,,,,0.73,0.73,,0.0,0,False
2026-02-23 07:21:30+00:00,,,,,,,,0.73,0.73,,0.0,0,False
2026-02-23 07:22:00+00:00,,,,,,,,0.73,0.73,,0.0,0,False
2026-02-23 07:22:30+00:00,,,,,,,,0.73,0.73,,0.0,0,False
2026-02-23 07:23:00+00:00,,,,,,,,0.73,0.73,,0.0,0,False
2026-02-23 07:23:30+00:00,,,,,,,,0.73,0.73,,0.0,0,False
2026-02-23 07:24:00+00:00,,,,,,,,0.73,0.73,,0.0,0,False
2026-02-23 07:24:30+00:00,,,,,,,,0.73,0.73,,0.0,0,False
2026-02-23 07:25:00+00:00,,,,,,,,0.73,0.73,,0.0,0,False
2026-02-23 07:25:30+00:00,,,,,,,,0.73,0.73,,0.0,0,False
2026-02-23 07:26:00+00:00,,,,,,,,0.73,0.73,,0.0,0,False
2026-02-23 07:26:30+00:00,,,,,,,,0.73,0.73,,0.0,0,False
2026-02-23 07:27:00+00:00,,,,,,,,0.73,0.73,,0.0,0,False
2026-02-23 07:27:30+00:00,,,,,,,,0.73,0.73,,0.0,0,False
2026-02-23 07:28:00+00:00,,,,,,,,0.73,0.73,,0.0,0,False
2026-02-23 07:28:30+00:00,,,,,,,,0.73,0.73,,0.0,0,False
2026-02-23 07:29:00+00:00,,,,,,,,0.73,0.73,,0.0,0,False
2026-02-23 07:29:30+00:00,,,,,,,,0.73,0.73,,0.0,0,False
2026-02-23 07:30:00+00:00,,,,,,,,0.73,0.73,,0.0,0,False
2026-02-23 07:30:30+00:00,,,,,,,,0.73,0.73,,0.0,0,False
2026-02-23 07:31:00+00:00,,,,,,,,0.73,0.73,,0.0,0,False
2026-02-23 07:31:30+00:00,,,,,,,,0.73,0.73,,0.0,0,False
2026-02-23 07:32:00+00:00,,,,,,,,0.73,0.73,,0.0,0,False
2026-02-23 07:32:30+00:00,,,,,,,,0.73,0.73,,0.0,0,False
2026-02-23 07:33:00+00:00,,,,,,,,0.73,0.73,,0.0,0,False
2026-02-23 07:33:30+00:00,,,,,,,,0.73,0.73,,0.0,0,False
2026-02-23 07:34:00+00:00,,,,,,,,0.73,0.73,,0.0,0,False
2026-02-23 07:34:30+00:00,,,,,,,,0.73,0.73,,0.0,0,False
2026-02-23 07:35:00+00:00,,,,,,,,0.73,0.73,,0.0,0,False
2026-02-23 07:35:30+00:00,,,,,,,,0.73,0.73,,0.0,0,False
2026-02-23 07:36:00+00:00,,,,,,,,0.73,0.73,,0.0,0,False
2026-02-23 07:36:30+00:00,,,,,,,,0.73,0.73,,0.0,0,False
2026-02-23 07:37:00+00:00,,,,,,,,0.73,0.73,,0.0,0,False
2026-02-23 07:37:30+00:00,,,,,,,,0.73,0.73,,0.0,0,False
2026-02-23 07:38:00+00:00,,,,,,,,0.73,0.73,,0.0,0,False
2026-02-23 07:38:30+00:00,,,,,,,,0.73,0.73,,0.0,0,False
2026-02-23 07:39:00+00:00,,,,,,,,0.73,0.73,,0.0,0,False
2026-02-23 07:39:30+00:00,,,,,,,,0.73,0.73,,0.0,0,False
2026-02-23 07:40:00+00:00,,,,,,,,0.73,0.73,,0.0,0,False
2026-02-23 07:40:30+00:00,,,,,,,,0.73,0.73,,0.0,0,False
2026-02-23 07:41:00+00:00,,,,,,,,0.73,0.73,,0.0,0,False
2026-02-23 07:41:30+00:00,,,,,,,,0.73,0.73,,0.0,0,False
2026-02-23 07:42:00+00:00,,,,,,,,0.73,0.73,,0.0,0,False
2026-02-23 07:42:30+00:00,,,,,,,,0.73,0.73,,0.0,0,False
2026-02-23 07:43:00+00:00,,,,,,,,0.73,0.73,,0.0,0,False
2026-02-23 07:43:30+00:00,,,,,,,,0.73,0.73,,0.0,0,False
2026-02-23 07:44:00+00:00,,,,,,,,0.7244897959183674,0.7,,49.0,3,False
2026-02-23 07:44:30+00:00,,,,,,,,0.7244897959183674,0.7,,0.0,0,False
2026-02-23 07:45:00+00:00,,,,,,,,0.7244897959183674,0.7,,0.0,0,False
2026-02-23 07:45:30+00:00,,,,,,,,0.73,0.73,,1.0,1,False
2026-02-23 07:46:00+00:00,,,,,,,,0.73,0.73,,0.0,0,False
2026-02-23 07:46:30+00:00,,,,,,,,0.73,0.73,,0.0,0,False
2026-02-23 07:47:00+00:00,,,,,,,,0.73,0.73,,0.0,0,False
2026-02-23 07:47:30+00:00,,,,,,,,0.73,0.73,,0.0,0,False
2026-02-23 07:48:00+00:00,,,,,,,,0.73,0.73,,0.0,0,False
2026-02-23 07:48:30+00:00,,,,,,,,0.73,0.73,,0.0,0,False
2026-02-23 07:49:00+00:00,,,,,,,,0.73,0.73,,0.0,0,False
2026-02-23 07:49:30+00:00,,,,,,,,0.73,0.73,,0.0,0,False
2026-02-23 07:50:00+00:00,,,,,,,,0.73,0.73,,0.0,0,False
2026-02-23 07:50:30+00:00,,,,,,,,0.73,0.73,,0.0,0,False
2026-02-23 07:51:00+00:00,,,,,,,,0.7299999999999999,0.73,,7.0,1,False
2026-02-23 07:51:30+00:00,,,,,,,,0.7299999999999999,0.73,,0.0,0,False
2026-02-23 07:52:00+00:00,,,,,,,,0.7299999999999999,0.73,,0.0,0,False
2026-02-23 07:52:30+00:00,,,,,,,,0.7299999999999999,0.73,,0.0,0,False
2026-02-23 07:53:00+00:00,,,,,,,,0.7299999999999999,0.73,,0.0,0,False
2026-02-23 07:53:30+00:00,,,,,,,,0.7299999999999999,0.73,,0.0,0,False
2026-02-23 07:54:00+00:00,,,,,,,,0.7299999999999999,0.73,,0.0,0,False
2026-02-23 07:54:30+00:00,,,,,,,,0.7299999999999999,0.73,,0.0,0,False
2026-02-23 07:55:00+00:00,,,,,,,,0.7299999999999999,0.73,,0.0,0,False
2026-02-23 07:55:30+00:00,,,,,,,,0.7299999999999999,0.73,,0.0,0,False
2026-02-23 07:56:00+00:00,,,,,,,,0.7299999999999999,0.73,,0.0,0,False
2026-02-23 07:56:30+00:00,,,,,,,,0.7299999999999999,0.73,,0.0,0,False
2026-02-23 07:57:00+00:00,,,,,,,,0.7299999999999999,0.73,,0.0,0,False
2026-02-23 07:57:30+00:00,,,,,,,,0.7299999999999999,0.73,,0.0,0,False
2026-02-23 07:58:00+00:00,,,,,,,,0.7299999999999999,0.73,,0.0,0,False
2026-02-23 07:58:30+00:00,,,,,,,,0.7299999999999999,0.73,,0.0,0,False
2026-02-23 07:59:00+00:00,,,,,,,,0.7299999999999999,0.73,,0.0,0,False
2026-02-23 07:59:30+00:00,,,,,,,,0.7299999999999999,0.73,,0.0,0,False
2026-02-23 08:00:00+00:00,,,,,,,,0.73,0.73,,13.0,1,False
2026-02-23 08:00:30+00:00,,,,,,,,0.73,0.73,,0.0,0,False
2026-02-23 08:01:00+00:00,,,,,,,,0.73,0.73,,0.0,0,False
2026-02-23 08:01:30+00:00,,,,,,,,0.73,0.73,,0.0,0,False
2026-02-23 08:02:00+00:00,,,,,,,,0.73,0.73,,0.0,0,False
2026-02-23 08:02:30+00:00,,,,,,,,0.73,0.73,,33.0,1,False
2026-02-23 08:03:00+00:00,,,,,,,,0.73,0.73,,0.0,0,False
2026-02-23 08:03:30+00:00,,,,,,,,0.73,0.73,,0.0,0,False
2026-02-23 08:04:00+00:00,,,,,,,,0.73,0.73,,0.0,0,False
2026-02-23 08:04:30+00:00,,,,,,,,0.73,0.73,,0.0,0,False
2026-02-23 08:05:00+00:00,,,,,,,,0.73,0.73,,0.0,0,False
2026-02-23 08:05:30+00:00,,,,,,,,0.73,0.73,,0.0,0,False
2026-02-23 08:06:00+00:00,,,,,,,,0.73,0.73,,0.0,0,False
2026-02-23 08:06:30+00:00,,,,,,,,0.73,0.73,,0.0,0,False
2026-02-23 08:07:00+00:00,,,,,,,,0.73,0.73,,0.0,0,False
2026-02-23 08:07:30+00:00,,,,,,,,0.73,0.73,,0.0,0,False
2026-02-23 08:08:00+00:00,,,,,,,,0.73,0.73,,0.0,0,False
2026-02-23 08:08:30+00:00,,,,,,,,0.73,0.73,,0.0,0,False
2026-02-23 08:09:00+00:00,,,,,,,,0.73,0.73,,0.0,0,False
2026-02-23 08:09:30+00:00,,,,,,,,0.73,0.73,,0.0,0,False
2026-02-23 08:10:00+00:00,,,,,,,,0.73,0.73,,0.0,0,False
2026-02-23 08:10:30+00:00,,,,,,,,0.73,0.73,,0.0,0,False
2026-02-23 08:11:00+00:00,,,,,,,,0.73,0.73,,0.0,0,False
2026-02-23 08:11:30+00:00,,,,,,,,0.73,0.73,,0.0,0,False
2026-02-23 08:12:00+00:00,,,,,,,,0.73,0.73,,0.0,0,False
2026-02-23 08:12:30+00:00,,,,,,,,0.73,0.73,,0.0,0,False
2026-02-23 08:13:00+00:00,,,,,,,,0.73,0.73,,0.0,0,False
2026-02-23 08:13:30+00:00,,,,,,,,0.73,0.73,,0.0,0,False
2026-02-23 08:14:00+00:00,,,,,,,,0.73,0.73,,0.0,0,False
2026-02-23 08:14:30+00:00,,,,,,,,0.73,0.73,,0.0,0,False
2026-02-23 08:15:00+00:00,,,,,,,,0.73,0.73,,0.0,0,False
2026-02-23 08:15:30+00:00,,,,,,,,0.73,0.73,,0.0,0,False
2026-02-23 08:16:00+00:00,,,,,,,,0.73,0.73,,0.0,0,False
2026-02-23 08:16:30+00:00,,,,,,,,0.73,0.73,,0.0,0,False
2026-02-23 08:17:00+00:00,,,,,,,,0.73,0.73,,0.0,0,False
2026-02-23 08:17:30+00:00,,,,,,,,0.73,0.73,,0.0,0,False
2026-02-23 08:18:00+00:00,,,,,,,,0.73,0.73,,0.0,0,False
2026-02-23 08:18:30+00:00,,,,,,,,0.73,0.73,,0.0,0,False
2026-02-23 08:19:00+00:00,,,,,,,,0.73,0.73,,0.0,0,False
2026-02-23 08:19:30+00:00,,,,,,,,0.73,0.73,,0.0,0,False
2026-02-23 08:20:00+00:00,,,,,,,,0.73,0.73,,0.0,0,False
2026-02-23 08:20:30+00:00,,,,,,,,0.73,0.73,,0.0,0,False
2026-02-23 08:21:00+00:00,,,,,,,,0.73,0.73,,0.0,0,False
2026-02-23 08:21:30+00:00,,,,,,,,0.73,0.73,,0.0,0,False
2026-02-23 08:22:00+00:00,,,,,,,,0.73,0.73,,0.0,0,False
2026-02-23 08:22:30+00:00,,,,,,,,0.73,0.73,,0.0,0,False
2026-02-23 08:23:00+00:00,,,,,,,,0.73,0.73,,0.0,0,False
2026-02-23 08:23:30+00:00,,,,,,,,0.73,0.73,,0.0,0,False
2026-02-23 08:24:00+00:00,,,,,,,,0.73,0.73,,0.0,0,False
2026-02-23 08:24:30+00:00,,,,,,,,0.73,0.73,,0.0,0,False
2026-02-23 08:25:00+00:00,,,,,,,,0.69,0.69,,15.0,2,False
2026-02-23 08:25:30+00:00,,,,,,,,0.69,0.69,,0.0,0,False
2026-02-23 08:26:00+00:00,,,,,,,,0.69,0.69,,0.0,0,False
2026-02-23 08:26:30+00:00,,,,,,,,0.69,0.69,,0.0,0,False
2026-02-23 08:27:00+00:00,,,,,,,,0.69,0.69,,0.0,0,False
2026-02-23 08:27:30+00:00,,,,,,,,0.69,0.69,,0.0,0,False
2026-02-23 08:28:00+00:00,,,,,,,,0.69,0.69,,0.0,0,False
2026-02-23 08:28:30+00:00,,,,,,,,0.69,0.69,,0.0,0,False
2026-02-23 08:29:00+00:00,,,,,,,,0.69,0.69,,0.0,0,False
2026-02-23 08:29:30+00:00,,,,,,,,0.69,0.69,,0.0,0,False
2026-02-23 08:30:00+00:00,,,,,,,,0.69,0.69,,0.0,0,False
2026-02-23 08:30:30+00:00,,,,,,,,0.69,0.69,,0.0,0,False
2026-02-23 08:31:00+00:00,,,,,,,,0.69,0.69,,0.0,0,False
2026-02-23 08:31:30+00:00,,,,,,,,0.69,0.69,,0.0,0,False
2026-02-23 08:32:00+00:00,,,,,,,,0.69,0.69,,0.0,0,False
2026-02-23 08:32:30+00:00,,,,,,,,0.69,0.69,,0.0,0,False
2026-02-23 08:33:00+00:00,,,,,,,,0.69,0.69,,0.0,0,False
2026-02-23 08:33:30+00:00,,,,,,,,0.69,0.69,,0.0,0,False
2026-02-23 08:34:00+00:00,,,,,,,,0.69,0.69,,0.0,0,False
2026-02-23 08:34:30+00:00,,,,,,,,0.69,0.69,,0.0,0,False
2026-02-23 08:35:00+00:00,,,,,,,,0.69,0.69,,0.0,0,False
2026-02-23 08:35:30+00:00,,,,,,,,0.69,0.69,,0.0,0,False
2026-02-23 08:36:00+00:00,,,,,,,,0.69,0.69,,0.0,0,False
2026-02-23 08:36:30+00:00,,,,,,,,0.7299999999999999,0.73,,14.0,1,False
2026-02-23 08:37:00+00:00,,,,,,,,0.7299999999999999,0.73,,0.0,0,False
2026-02-23 08:37:30+00:00,,,,,,,,0.7299999999999999,0.73,,0.0,0,False
2026-02-23 08:38:00+00:00,,,,,,,,0.7299999999999999,0.73,,0.0,0,False
2026-02-23 08:38:30+00:00,,,,,,,,0.73,0.73,,133.0,1,False
2026-02-23 08:39:00+00:00,,,,,,,,0.73,0.73,,0.0,0,False
2026-02-23 08:39:30+00:00,,,,,,,,0.73,0.73,,0.0,0,False
2026-02-23 08:40:00+00:00,,,,,,,,0.73,0.73,,0.0,0,False
2026-02-23 08:40:30+00:00,,,,,,,,0.73,0.73,,0.0,0,False
2026-02-23 08:41:00+00:00,,,,,,,,0.73,0.73,,0.0,0,False
2026-02-23 08:41:30+00:00,,,,,,,,0.73,0.73,,0.0,0,False
2026-02-23 08:42:00+00:00,,,,,,,,0.73,0.73,,0.0,0,False
2026-02-23 08:42:30+00:00,,,,,,,,0.73,0.73,,0.0,0,False
2026-02-23 08:43:00+00:00,,,,,,,,0.73,0.73,,0.0,0,False
2026-02-23 08:43:30+00:00,,,,,,,,0.73,0.73,,0.0,0,False
2026-02-23 08:44:00+00:00,,,,,,,,0.7200000000000001,0.72,,6.0,1,False
2026-02-23 08:44:30+00:00,,,,,,,,0.7200000000000001,0.72,,0.0,0,False
2026-02-23 08:45:00+00:00,,,,,,,,0.7200000000000001,0.72,,0.0,0,False
2026-02-23 08:45:30+00:00,,,,,,,,0.7200000000000001,0.72,,0.0,0,False
2026-02-23 08:46:00+00:00,,,,,,,,0.7200000000000001,0.72,,0.0,0,False
2026-02-23 08:46:30+00:00,,,,,,,,0.7200000000000001,0.72,,0.0,0,False
2026-02-23 08:47:00+00:00,,,,,,,,0.7200000000000001,0.72,,12.0,1,False
2026-02-23 08:47:30+00:00,,,,,,,,0.7200000000000001,0.72,,0.0,0,False
2026-02-23 08:48:00+00:00,,,,,,,,0.7200000000000001,0.72,,3.0,1,False
2026-02-23 08:48:30+00:00,,,,,,,,0.7200000000000001,0.72,,0.0,0,False
2026-02-23 08:49:00+00:00,,,,,,,,0.7200000000000001,0.72,,0.0,0,False
2026-02-23 08:49:30+00:00,,,,,,,,0.7200000000000001,0.72,,0.0,0,False
2026-02-23 08:50:00+00:00,,,,,,,,0.7200000000000001,0.72,,0.0,0,False
2026-02-23 08:50:30+00:00,,,,,,,,0.7200000000000001,0.72,,0.0,0,False
2026-02-23 08:51:00+00:00,,,,,,,,0.7200000000000001,0.72,,0.0,0,False
2026-02-23 08:51:30+00:00,,,,,,,,0.7200000000000001,0.72,,0.0,0,False
2026-02-23 08:52:00+00:00,,,,,,,,0.7200000000000001,0.72,,0.0,0,False
2026-02-23 08:52:30+00:00,,,,,,,,0.7200000000000001,0.72,,0.0,0,False
2026-02-23 08:53:00+00:00,,,,,,,,0.7200000000000001,0.72,,0.0,0,False
2026-02-23 08:53:30+00:00,,,,,,,,0.7200000000000001,0.72,,0.0,0,False
2026-02-23 08:54:00+00:00,,,,,,,,0.7200000000000001,0.72,,0.0,0,False
2026-02-23 08:54:30+00:00,,,,,,,,0.7200000000000001,0.72,,0.0,0,False
2026-02-23 08:55:00+00:00,,,,,,,,0.7200000000000001,0.72,,0.0,0,False
2026-02-23 08:55:30+00:00,,,,,,,,0.7200000000000001,0.72,,0.0,0,False
2026-02-23 08:56:00+00:00,,,,,,,,0.7200000000000001,0.72,,0.0,0,False
2026-02-23 08:56:30+00:00,,,,,,,,0.7200000000000001,0.72,,0.0,0,False
2026-02-23 08:57:00+00:00,,,,,,,,0.7200000000000001,0.72,,0.0,0,False
2026-02-23 08:57:30+00:00,,,,,,,,0.7200000000000001,0.72,,0.0,0,False
2026-02-23 08:58:00+00:00,,,,,,,,0.7199999999999999,0.72,,405.0,1,False
2026-02-23 08:58:30+00:00,,,,,,,,0.7199999999999999,0.72,,0.0,0,False
2026-02-23 08:59:00+00:00,,,,,,,,0.7199999999999999,0.72,,0.0,0,False
2026-02-23 08:59:30+00:00,,,,,,,,0.7199999999999999,0.72,,0.0,0,False
2026-02-23 09:00:00+00:00,,,,,,,,0.7199999999999999,0.72,,0.0,0,False
2026-02-23 09:00:30+00:00,,,,,,,,0.7199999999999999,0.72,,0.0,0,False
2026-02-23 09:01:00+00:00,,,,,,,,0.7199999999999999,0.72,,0.0,0,False
2026-02-23 09:01:30+00:00,,,,,,,,0.7199999999999999,0.72,,0.0,0,False
2026-02-23 09:02:00+00:00,,,,,,,,0.7199999999999999,0.72,,0.0,0,False
2026-02-23 09:02:30+00:00,,,,,,,,0.72,0.72,,4.0,1,False
2026-02-23 09:03:00+00:00,,,,,,,,0.72,0.72,,1.0,1,False
2026-02-23 09:03:30+00:00,,,,,,,,0.72,0.72,,0.0,0,False
2026-02-23 09:04:00+00:00,,,,,,,,0.72,0.72,,0.0,0,False
2026-02-23 09:04:30+00:00,,,,,,,,0.72,0.72,,0.0,0,False
2026-02-23 09:05:00+00:00,,,,,,,,0.72,0.72,,0.0,0,False
2026-02-23 09:05:30+00:00,,,,,,,,0.72,0.72,,0.0,0,False
2026-02-23 09:06:00+00:00,,,,,,,,0.72,0.72,,0.0,0,False
2026-02-23 09:06:30+00:00,,,,,,,,0.72,0.72,,0.0,0,False
2026-02-23 09:07:00+00:00,,,,,,,,0.72,0.72,,0.0,0,False
2026-02-23 09:07:30+00:00,,,,,,,,0.72,0.72,,0.0,0,False
2026-02-23 09:08:00+00:00,,,,,,,,0.72,0.72,,0.0,0,False
2026-02-23 09:08:30+00:00,,,,,,,,0.72,0.72,,0.0,0,False
2026-02-23 09:09:00+00:00,,,,,,,,0.72,0.72,,0.0,0,False
2026-02-23 09:09:30+00:00,,,,,,,,0.72,0.72,,0.0,0,False
2026-02-23 09:10:00+00:00,,,,,,,,0.72,0.72,,0.0,0,False
2026-02-23 09:10:30+00:00,,,,,,,,0.72,0.72,,33.0,1,False
2026-02-23 09:11:00+00:00,,,,,,,,0.72,0.72,,0.0,0,False
2026-02-23 09:11:30+00:00,,,,,,,,0.72,0.72,,0.0,0,False
2026-02-23 09:12:00+00:00,,,,,,,,0.72,0.72,,0.0,0,False
2026-02-23 09:12:30+00:00,,,,,,,,0.72,0.72,,0.0,0,False
2026-02-23 09:13:00+00:00,,,,,,,,0.72,0.72,,0.0,0,False
2026-02-23 09:13:30+00:00,,,,,,,,0.72,0.72,,0.0,0,False
2026-02-23 09:14:00+00:00,,,,,,,,0.72,0.72,,0.0,0,False
2026-02-23 09:14:30+00:00,,,,,,,,0.72,0.72,,0.0,0,False
2026-02-23 09:15:00+00:00,,,,,,,,0.72,0.72,,0.0,0,False
2026-02-23 09:15:30+00:00,,,,,,,,0.72,0.72,,0.0,0,False
2026-02-23 09:16:00+00:00,,,,,,,,0.72,0.72,,0.0,0,False
2026-02-23 09:16:30+00:00,,,,,,,,0.72,0.72,,0.0,0,False
2026-02-23 09:17:00+00:00,,,,,,,,0.72,0.72,,0.0,0,False
2026-02-23 09:17:30+00:00,,,,,,,,0.72,0.72,,0.0,0,False
2026-02-23 09:18:00+00:00,,,,,,,,0.72,0.72,,0.0,0,False
2026-02-23 09:18:30+00:00,,,,,,,,0.72,0.72,,0.0,0,False
2026-02-23 09:19:00+00:00,,,,,,,,0.72,0.72,,0.0,0,False
2026-02-23 09:19:30+00:00,,,,,,,,0.72,0.72,,0.0,0,False
2026-02-23 09:20:00+00:00,,,,,,,,0.72,0.72,,0.0,0,False
2026-02-23 09:20:30+00:00,,,,,,,,0.7075,0.71,,16.0,2,False
2026-02-23 09:21:00+00:00,,,,,,,,0.7075,0.71,,0.0,0,False
2026-02-23 09:21:30+00:00,,,,,,,,0.7075,0.71,,0.0,0,False
2026-02-23 09:22:00+00:00,,,,,,,,0.7075,0.71,,0.0,0,False
2026-02-23 09:22:30+00:00,,,,,,,,0.7075,0.71,,0.0,0,False
2026-02-23 09:23:00+00:00,,,,,,,,0.7075,0.71,,0.0,0,False
2026-02-23 09:23:30+00:00,,,,,,,,0.7075,0.71,,0.0,0,False
2026-02-23 09:24:00+00:00,,,,,,,,0.7075,0.71,,0.0,0,False
2026-02-23 09:24:30+00:00,,,,,,,,0.7075,0.71,,0.0,0,False
2026-02-23 09:25:00+00:00,,,,,,,,0.7075,0.71,,0.0,0,False
2026-02-23 09:25:30+00:00,,,,,,,,0.7075,0.71,,0.0,0,False
2026-02-23 09:26:00+00:00,,,,,,,,0.7075,0.71,,0.0,0,False
2026-02-23 09:26:30+00:00,,,,,,,,0.7075,0.71,,0.0,0,False
2026-02-23 09:27:00+00:00,,,,,,,,0.7075,0.71,,0.0,0,False
2026-02-23 09:27:30+00:00,,,,,,,,0.7075,0.71,,0.0,0,False
2026-02-23 09:28:00+00:00,,,,,,,,0.7075,0.71,,0.0,0,False
2026-02-23 09:28:30+00:00,,,,,,,,0.7075,0.71,,0.0,0,False
2026-02-23 09:29:00+00:00,,,,,,,,0.7075,0.71,,0.0,0,False
2026-02-23 09:29:30+00:00,,,,,,,,0.7075,0.71,,0.0,0,False
2026-02-23 09:30:00+00:00,,,,,,,,0.7075,0.71,,0.0,0,False
2026-02-23 09:30:30+00:00,,,,,,,,0.7075,0.71,,0.0,0,False
2026-02-23 09:31:00+00:00,,,,,,,,0.7075,0.71,,0.0,0,False
2026-02-23 09:31:30+00:00,,,,,,,,0.7075,0.71,,0.0,0,False
2026-02-23 09:32:00+00:00,,,,,,,,0.7075,0.71,,0.0,0,False
2026-02-23 09:32:30+00:00,,,,,,,,0.7075,0.71,,0.0,0,False
2026-02-23 09:33:00+00:00,,,,,,,,0.7075,0.71,,0.0,0,False
2026-02-23 09:33:30+00:00,,,,,,,,0.7075,0.71,,0.0,0,False
2026-02-23 09:34:00+00:00,,,,,,,,0.72,0.72,,160.0,1,False
2026-02-23 09:34:30+00:00,,,,,,,,0.72,0.72,,0.0,0,False
2026-02-23 09:35:00+00:00,,,,,,,,0.7309159733153436,0.73,,13341.0,27,False
2026-02-23 09:35:30+00:00,,,,,,,,0.7309159733153436,0.73,,0.0,0,False
2026-02-23 09:36:00+00:00,,,,,,,,0.7309159733153436,0.73,,0.0,0,False
2026-02-23 09:36:30+00:00,,,,,,,,0.7309159733153436,0.73,,0.0,0,False
2026-02-23 09:37:00+00:00,,,,,,,,0.7309159733153436,0.73,,0.0,0,False
2026-02-23 09:37:30+00:00,,,,,,,,0.7309159733153436,0.73,,0.0,0,False
2026-02-23 09:38:00+00:00,,,,,,,,0.71,0.71,,96.0,1,False
2026-02-23 09:38:30+00:00,,,,,,,,0.71,0.71,,0.0,0,False
2026-02-23 09:39:00+00:00,,,,,,,,0.71,0.71,,0.0,0,False
2026-02-23 09:39:30+00:00,,,,,,,,0.71,0.71,,0.0,0,False
2026-02-23 09:40:00+00:00,,,,,,,,0.71,0.71,,0.0,0,False
2026-02-23 09:40:30+00:00,,,,,,,,0.71,0.71,,0.0,0,False
2026-02-23 09:41:00+00:00,,,,,,,,0.71,0.71,,0.0,0,False
2026-02-23 09:41:30+00:00,,,,,,,,0.71,0.71,,0.0,0,False
2026-02-23 09:42:00+00:00,,,,,,,,0.71,0.71,,0.0,0,False
2026-02-23 09:42:30+00:00,,,,,,,,0.71,0.71,,0.0,0,False
2026-02-23 09:43:00+00:00,,,,,,,,0.71,0.71,,0.0,0,False
2026-02-23 09:43:30+00:00,,,,,,,,0.71,0.71,,0.0,0,False
2026-02-23 09:44:00+00:00,,,,,,,,0.71,0.71,,0.0,0,False
2026-02-23 09:44:30+00:00,,,,,,,,0.73,0.73,,57.0,1,False
2026-02-23 09:45:00+00:00,,,,,,,,0.73,0.73,,0.0,0,False
2026-02-23 09:45:30+00:00,,,,,,,,0.73,0.73,,0.0,0,False
2026-02-23 09:46:00+00:00,,,,,,,,0.73,0.73,,0.0,0,False
2026-02-23 09:46:30+00:00,,,,,,,,0.73,0.73,,0.0,0,False
2026-02-23 09:47:00+00:00,,,,,,,,0.73,0.73,,0.0,0,False
2026-02-23 09:47:30+00:00,,,,,,,,0.73,0.73,,0.0,0,False
2026-02-23 09:48:00+00:00,,,,,,,,0.73,0.73,,0.0,0,False
2026-02-23 09:48:30+00:00,,,,,,,,0.73,0.73,,6.0,1,False
2026-02-23 09:49:00+00:00,,,,,,,,0.73,0.73,,0.0,0,False
2026-02-23 09:49:30+00:00,,,,,,,,0.73,0.73,,0.0,0,False
2026-02-23 09:50:00+00:00,,,,,,,,0.73,0.73,,0.0,0,False
2026-02-23 09:50:30+00:00,,,,,,,,0.73,0.73,,0.0,0,False
2026-02-23 09:51:00+00:00,,,,,,,,0.73,0.73,,0.0,0,False
2026-02-23 09:51:30+00:00,,,,,,,,0.73,0.73,,0.0,0,False
2026-02-23 09:52:00+00:00,,,,,,,,0.73,0.73,,0.0,0,False
2026-02-23 09:52:30+00:00,,,,,,,,0.73,0.73,,0.0,0,False
2026-02-23 09:53:00+00:00,,,,,,,,0.73,0.73,,0.0,0,False
2026-02-23 09:53:30+00:00,,,,,,,,0.73,0.73,,0.0,0,False
2026-02-23 09:54:00+00:00,,,,,,,,0.73,0.73,,0.0,0,False
2026-02-23 09:54:30+00:00,,,,,,,,0.73,0.73,,0.0,0,False
2026-02-23 09:55:00+00:00,,,,,,,,0.73,0.73,,0.0,0,False
2026-02-23 09:55:30+00:00,,,,,,,,0.73,0.73,,0.0,0,False
2026-02-23 09:56:00+00:00,,,,,,,,0.73,0.73,,0.0,0,False
2026-02-23 09:56:30+00:00,,,,,,,,0.7,0.7,,31.0,1,False
2026-02-23 09:57:00+00:00,,,,,,,,0.7,0.7,,0.0,0,False
2026-02-23 09:57:30+00:00,,,,,,,,0.72,0.72,,13.0,1,False
2026-02-23 09:58:00+00:00,,,,,,,,0.72,0.72,,0.0,0,False
2026-02-23 09:58:30+00:00,,,,,,,,0.72,0.72,,0.0,0,False
2026-02-23 09:59:00+00:00,,,,,,,,0.72,0.72,,0.0,0,False
2026-02-23 09:59:30+00:00,,,,,,,,0.72,0.72,,0.0,0,False
2026-02-23 10:00:00+00:00,,,,,,,,0.72,0.72,,0.0,0,False
2026-02-23 10:00:30+00:00,,,,,,,,0.7,0.7,,62.0,1,False
2026-02-23 10:01:00+00:00,,,,,,,,0.7,0.7,,0.0,0,False
2026-02-23 10:01:30+00:00,,,,,,,,0.7,0.7,,15.0,1,False
2026-02-23 10:02:00+00:00,,,,,,,,0.72,0.72,,18.0,1,False
2026-02-23 10:02:30+00:00,,,,,,,,0.72,0.72,,0.0,0,False
2026-02-23 10:03:00+00:00,,,,,,,,0.72,0.72,,0.0,0,False
2026-02-23 10:03:30+00:00,,,,,,,,0.72,0.72,,0.0,0,False
2026-02-23 10:04:00+00:00,,,,,,,,0.72,0.72,,0.0,0,False
2026-02-23 10:04:30+00:00,,,,,,,,0.72,0.72,,0.0,0,False
2026-02-23 10:05:00+00:00,,,,,,,,0.72,0.72,,0.0,0,False
2026-02-23 10:05:30+00:00,,,,,,,,0.72,0.72,,0.0,0,False
2026-02-23 10:06:00+00:00,,,,,,,,0.72,0.72,,0.0,0,False
2026-02-23 10:06:30+00:00,,,,,,,,0.72,0.72,,0.0,0,False
2026-02-23 10:07:00+00:00,,,,,,,,0.72,0.72,,0.0,0,False
2026-02-23 10:07:30+00:00,,,,,,,,0.72,0.72,,0.0,0,False
2026-02-23 10:08:00+00:00,,,,,,,,0.72,0.72,,0.0,0,False
2026-02-23 10:08:30+00:00,,,,,,,,0.72,0.72,,4.0,1,False
2026-02-23 10:09:00+00:00,,,,,,,,0.72,0.72,,0.0,0,False
2026-02-23 10:09:30+00:00,,,,,,,,0.72,0.72,,0.0,0,False
2026-02-23 10:10:00+00:00,,,,,,,,0.72,0.72,,0.0,0,False
2026-02-23 10:10:30+00:00,,,,,,,,0.72,0.72,,0.0,0,False
2026-02-23 10:11:00+00:00,,,,,,,,0.72,0.72,,0.0,0,False
2026-02-23 10:11:30+00:00,,,,,,,,0.72,0.72,,0.0,0,False
2026-02-23 10:12:00+00:00,,,,,,,,0.72,0.72,,0.0,0,False
2026-02-23 10:12:30+00:00,,,,,,,,0.72,0.72,,0.0,0,False
2026-02-23 10:13:00+00:00,,,,,,,,0.72,0.72,,0.0,0,False
2026-02-23 10:13:30+00:00,,,,,,,,0.72,0.72,,0.0,0,False
2026-02-23 10:14:00+00:00,,,,,,,,0.72,0.72,,0.0,0,False
2026-02-23 10:14:30+00:00,,,,,,,,0.72,0.72,,0.0,0,False
2026-02-23 10:15:00+00:00,,,,,,,,0.72,0.72,,0.0,0,False
2026-02-23 10:15:30+00:00,,,,,,,,0.72,0.72,,0.0,0,False
2026-02-23 10:16:00+00:00,,,,,,,,0.72,0.72,,0.0,0,False
2026-02-23 10:16:30+00:00,,,,,,,,0.72,0.72,,0.0,0,False
2026-02-23 10:17:00+00:00,,,,,,,,0.72,0.72,,0.0,0,False
2026-02-23 10:17:30+00:00,,,,,,,,0.72,0.72,,0.0,0,False
2026-02-23 10:18:00+00:00,,,,,,,,0.72,0.72,,0.0,0,False
2026-02-23 10:18:30+00:00,,,,,,,,0.72,0.72,,0.0,0,False
2026-02-23 10:19:00+00:00,,,,,,,,0.72,0.72,,0.0,0,False
2026-02-23 10:19:30+00:00,,,,,,,,0.72,0.72,,0.0,0,False
2026-02-23 10:20:00+00:00,,,,,,,,0.72,0.72,,0.0,0,False
2026-02-23 10:20:30+00:00,,,,,,,,0.72,0.72,,0.0,0,False
2026-02-23 10:21:00+00:00,,,,,,,,0.72,0.72,,0.0,0,False
2026-02-23 10:21:30+00:00,,,,,,,,0.72,0.72,,0.0,0,False
2026-02-23 10:22:00+00:00,,,,,,,,0.72,0.72,,0.0,0,False
2026-02-23 10:22:30+00:00,,,,,,,,0.72,0.72,,0.0,0,False
2026-02-23 10:23:00+00:00,,,,,,,,0.72,0.72,,0.0,0,False
2026-02-23 10:23:30+00:00,,,,,,,,0.72,0.72,,0.0,0,False
2026-02-23 10:24:00+00:00,,,,,,,,0.72,0.72,,0.0,0,False
2026-02-23 10:24:30+00:00,,,,,,,,0.72,0.72,,0.0,0,False
2026-02-23 10:25:00+00:00,,,,,,,,0.72,0.72,,0.0,0,False
2026-02-23 10:25:30+00:00,,,,,,,,0.72,0.72,,0.0,0,False
2026-02-23 10:26:00+00:00,,,,,,,,0.72,0.72,,0.0,0,False
2026-02-23 10:26:30+00:00,,,,,,,,0.72,0.72,,0.0,0,False
2026-02-23 10:27:00+00:00,,,,,,,,0.72,0.72,,0.0,0,False
2026-02-23 10:27:30+00:00,,,,,,,,0.72,0.72,,0.0,0,False
2026-02-23 10:28:00+00:00,,,,,,,,0.72,0.72,,0.0,0,False
2026-02-23 10:28:30+00:00,,,,,,,,0.72,0.72,,34.0,1,False
2026-02-23 10:29:00+00:00,,,,,,,,0.72,0.72,,0.0,0,False
2026-02-23 10:29:30+00:00,,,,,,,,0.72,0.72,,0.0,0,False
2026-02-23 10:30:00+00:00,,,,,,,,0.72,0.72,,0.0,0,False
2026-02-23 10:30:30+00:00,,,,,,,,0.7200000000000001,0.72,,3.0,1,False
2026-02-23 10:31:00+00:00,,,,,,,,0.7200000000000001,0.72,,0.0,0,False
2026-02-23 10:31:30+00:00,,,,,,,,0.7200000000000001,0.72,,0.0,0,False
2026-02-23 10:32:00+00:00,,,,,,,,0.7200000000000001,0.72,,0.0,0,False
2026-02-23 10:32:30+00:00,,,,,,,,0.7200000000000001,0.72,,0.0,0,False
2026-02-23 10:33:00+00:00,,,,,,,,0.7200000000000001,0.72,,0.0,0,False
2026-02-23 10:33:30+00:00,,,,,,,,0.7200000000000001,0.72,,0.0,0,False
2026-02-23 10:34:00+00:00,,,,,,,,0.7200000000000001,0.72,,0.0,0,False
2026-02-23 10:34:30+00:00,,,,,,,,0.7200000000000001,0.72,,0.0,0,False
2026-02-23 10:35:00+00:00,,,,,,,,0.72,0.72,,136.0,1,False
2026-02-23 10:35:30+00:00,,,,,,,,0.72,0.72,,0.0,0,False
2026-02-23 10:36:00+00:00,,,,,,,,0.7,0.7,,30.0,1,False
2026-02-23 10:36:30+00:00,,,,,,,,0.72,0.72,,2.0,1,False
2026-02-23 10:37:00+00:00,,,,,,,,0.72,0.72,,0.0,0,False
2026-02-23 10:37:30+00:00,,,,,,,,0.72,0.72,,0.0,0,False
2026-02-23 10:38:00+00:00,,,,,,,,0.72,0.72,,0.0,0,False
2026-02-23 10:38:30+00:00,,,,,,,,0.72,0.72,,0.0,0,False
2026-02-23 10:39:00+00:00,,,,,,,,0.72,0.72,,0.0,0,False
2026-02-23 10:39:30+00:00,,,,,,,,0.72,0.72,,0.0,0,False
2026-02-23 10:40:00+00:00,,,,,,,,0.72,0.72,,0.0,0,False
2026-02-23 10:40:30+00:00,,,,,,,,0.72,0.72,,0.0,0,False
2026-02-23 10:41:00+00:00,,,,,,,,0.72,0.72,,0.0,0,False
2026-02-23 10:41:30+00:00,,,,,,,,0.72,0.72,,0.0,0,False
2026-02-23 10:42:00+00:00,,,,,,,,0.72,0.72,,135.0,1,False
2026-02-23 10:42:30+00:00,,,,,,,,0.72,0.72,,0.0,0,False
2026-02-23 10:43:00+00:00,,,,,,,,0.72,0.72,,0.0,0,False
2026-02-23 10:43:30+00:00,,,,,,,,0.72,0.72,,0.0,0,False
2026-02-23 10:44:00+00:00,,,,,,,,0.72,0.72,,0.0,0,False
2026-02-23 10:44:30+00:00,,,,,,,,0.7199999999999999,0.72,,27.0,1,False
2026-02-23 10:45:00+00:00,,,,,,,,0.7199999999999999,0.72,,0.0,0,False
2026-02-23 10:45:30+00:00,,,,,,,,0.7199999999999999,0.72,,0.0,0,False
2026-02-23 10:46:00+00:00,,,,,,,,0.7199999999999999,0.72,,0.0,0,False
2026-02-23 10:46:30+00:00,,,,,,,,0.7199999999999999,0.72,,0.0,0,False
2026-02-23 10:47:00+00:00,,,,,,,,0.7199999999999999,0.72,,0.0,0,False
2026-02-23 10:47:30+00:00,,,,,,,,0.7199999999999999,0.72,,0.0,0,False
2026-02-23 10:48:00+00:00,,,,,,,,0.7199999999999999,0.72,,0.0,0,False
2026-02-23 10:48:30+00:00,,,,,,,,0.7199999999999999,0.72,,0.0,0,False
2026-02-23 10:49:00+00:00,,,,,,,,0.7199999999999999,0.72,,0.0,0,False
2026-02-23 10:49:30+00:00,,,,,,,,0.7199999999999999,0.72,,0.0,0,False
2026-02-23 10:50:00+00:00,,,,,,,,0.7199999999999999,0.72,,0.0,0,False
2026-02-23 10:50:30+00:00,,,,,,,,0.7199999999999999,0.72,,0.0,0,False
2026-02-23 10:51:00+00:00,,,,,,,,0.7199999999999999,0.72,,0.0,0,False
2026-02-23 10:51:30+00:00,,,,,,,,0.7199999999999999,0.72,,0.0,0,False
2026-02-23 10:52:00+00:00,,,,,,,,0.7199999999999999,0.72,,0.0,0,False
2026-02-23 10:52:30+00:00,,,,,,,,0.7199999999999999,0.72,,0.0,0,False
2026-02-23 10:53:00+00:00,,,,,,,,0.7199999999999999,0.72,,0.0,0,False
2026-02-23 10:53:30+00:00,,,,,,,,0.7199999999999999,0.72,,0.0,0,False
2026-02-23 10:54:00+00:00,,,,,,,,0.7199999999999999,0.72,,0.0,0,False
2026-02-23 10:54:30+00:00,,,,,,,,0.7199999999999999,0.72,,0.0,0,False
2026-02-23 10:55:00+00:00,,,,,,,,0.7199999999999999,0.72,,0.0,0,False
2026-02-23 10:55:30+00:00,,,,,,,,0.7199999999999999,0.72,,0.0,0,False
2026-02-23 10:56:00+00:00,,,,,,,,0.7199999999999999,0.72,,0.0,0,False
2026-02-23 10:56:30+00:00,,,,,,,,0.7199999999999999,0.72,,0.0,0,False
2026-02-23 10:57:00+00:00,,,,,,,,0.7199999999999999,0.72,,0.0,0,False
2026-02-23 10:57:30+00:00,,,,,,,,0.7199999999999999,0.72,,0.0,0,False
2026-02-23 10:58:00+00:00,,,,,,,,0.7199999999999999,0.72,,0.0,0,False
2026-02-23 10:58:30+00:00,,,,,,,,0.7199999999999999,0.72,,0.0,0,False
2026-02-23 10:59:00+00:00,,,,,,,,0.7199999999999999,0.72,,0.0,0,False
2026-02-23 10:59:30+00:00,,,,,,,,0.7199999999999999,0.72,,0.0,0,False
2026-02-23 11:00:00+00:00,,,,,,,,0.7200000000000001,0.72,,6.0,1,False
2026-02-23 11:00:30+00:00,,,,,,,,0.7200000000000001,0.72,,0.0,0,False
2026-02-23 11:01:00+00:00,,,,,,,,0.7200000000000001,0.72,,0.0,0,False
2026-02-23 11:01:30+00:00,,,,,,,,0.7200000000000001,0.72,,0.0,0,False
2026-02-23 11:02:00+00:00,,,,,,,,0.69,0.69,,3.0,1,False
2026-02-23 11:02:30+00:00,,,,,,,,0.72,0.72,,337.0,1,False
2026-02-23 11:03:00+00:00,,,,,,,,0.72,0.72,,0.0,0,False
2026-02-23 11:03:30+00:00,,,,,,,,0.72,0.72,,0.0,0,False
2026-02-23 11:04:00+00:00,,,,,,,,0.72,0.72,,4.0,1,False
2026-02-23 11:04:30+00:00,,,,,,,,0.72,0.72,,0.0,0,False
2026-02-23 11:05:00+00:00,,,,,,,,0.72,0.72,,0.0,0,False
2026-02-23 11:05:30+00:00,,,,,,,,0.72,0.72,,0.0,0,False
2026-02-23 11:06:00+00:00,,,,,,,,0.72,0.72,,0.0,0,False
2026-02-23 11:06:30+00:00,,,,,,,,0.72,0.72,,0.0,0,False
2026-02-23 11:07:00+00:00,,,,,,,,0.72,0.72,,0.0,0,False
2026-02-23 11:07:30+00:00,,,,,,,,0.72,0.72,,0.0,0,False
2026-02-23 11:08:00+00:00,,,,,,,,0.72,0.72,,0.0,0,False
2026-02-23 11:08:30+00:00,,,,,,,,0.72,0.72,,0.0,0,False
2026-02-23 11:09:00+00:00,,,,,,,,0.72,0.72,,0.0,0,False
2026-02-23 11:09:30+00:00,,,,,,,,0.72,0.72,,0.0,0,False
2026-02-23 11:10:00+00:00,,,,,,,,0.72,0.72,,0.0,0,False
2026-02-23 11:10:30+00:00,,,,,,,,0.72,0.72,,0.0,0,False
2026-02-23 11:11:00+00:00,,,,,,,,0.72,0.72,,0.0,0,False
2026-02-23 11:11:30+00:00,,,,,,,,0.72,0.72,,0.0,0,False
2026-02-23 11:12:00+00:00,,,,,,,,0.72,0.72,,0.0,0,False
2026-02-23 11:12:30+00:00,,,,,,,,0.72,0.72,,0.0,0,False
2026-02-23 11:13:00+00:00,,,,,,,,0.72,0.72,,0.0,0,False
2026-02-23 11:13:30+00:00,,,,,,,,0.72,0.72,,0.0,0,False
2026-02-23 11:14:00+00:00,,,,,,,,0.72,0.72,,0.0,0,False
2026-02-23 11:14:30+00:00,,,,,,,,0.72,0.72,,0.0,0,False
2026-02-23 11:15:00+00:00,,,,,,,,0.72,0.72,,0.0,0,False
2026-02-23 11:15:30+00:00,,,,,,,,0.72,0.72,,0.0,0,False
2026-02-23 11:16:00+00:00,,,,,,,,0.72,0.72,,0.0,0,False
2026-02-23 11:16:30+00:00,,,,,,,,0.72,0.72,,0.0,0,False
2026-02-23 11:17:00+00:00,,,,,,,,0.72,0.72,,0.0,0,False
2026-02-23 11:17:30+00:00,,,,,,,,0.72,0.72,,0.0,0,False
2026-02-23 11:18:00+00:00,,,,,,,,0.72,0.72,,0.0,0,False
2026-02-23 11:18:30+00:00,,,,,,,,0.72,0.72,,0.0,0,False
2026-02-23 11:19:00+00:00,,,,,,,,0.72,0.72,,0.0,0,False
2026-02-23 11:19:30+00:00,,,,,,,,0.72,0.72,,0.0,0,False
2026-02-23 11:20:00+00:00,,,,,,,,0.72,0.72,,0.0,0,False
2026-02-23 11:20:30+00:00,,,,,,,,0.72,0.72,,0.0,0,False
2026-02-23 11:21:00+00:00,,,,,,,,0.72,0.72,,0.0,0,False
2026-02-23 11:21:30+00:00,,,,,,,,0.72,0.72,,0.0,0,False
2026-02-23 11:22:00+00:00,,,,,,,,0.72,0.72,,0.0,0,False
2026-02-23 11:22:30+00:00,,,,,,,,0.72,0.72,,0.0,0,False
2026-02-23 11:23:00+00:00,,,,,,,,0.72,0.72,,0.0,0,False
2026-02-23 11:23:30+00:00,,,,,,,,0.72,0.72,,0.0,0,False
2026-02-23 11:24:00+00:00,,,,,,,,0.72,0.72,,0.0,0,False
2026-02-23 11:24:30+00:00,,,,,,,,0.72,0.72,,0.0,0,False
2026-02-23 11:25:00+00:00,,,,,,,,0.72,0.72,,0.0,0,False
2026-02-23 11:25:30+00:00,,,,,,,,0.69,0.69,,15.0,1,False
2026-02-23 11:26:00+00:00,,,,,,,,0.69,0.69,,0.0,0,False
2026-02-23 11:26:30+00:00,,,,,,,,0.69,0.69,,0.0,0,False
2026-02-23 11:27:00+00:00,,,,,,,,0.72,0.72,,42.0,2,False
2026-02-23 11:27:30+00:00,,,,,,,,0.72,0.72,,0.0,0,False
2026-02-23 11:28:00+00:00,,,,,,,,0.72,0.72,,0.0,0,False
2026-02-23 11:28:30+00:00,,,,,,,,0.72,0.72,,0.0,0,False
2026-02-23 11:29:00+00:00,,,,,,,,0.72,0.72,,18.0,1,False
2026-02-23 11:29:30+00:00,,,,,,,,0.72,0.72,,0.0,0,False
2026-02-23 11:30:00+00:00,,,,,,,,0.72,0.72,,0.0,0,False
2026-02-23 11:30:30+00:00,,,,,,,,0.72,0.72,,0.0,0,False
2026-02-23 11:31:00+00:00,,,,,,,,0.72,0.72,,0.0,0,False
2026-02-23 11:31:30+00:00,,,,,,,,0.72,0.72,,0.0,0,False
2026-02-23 11:32:00+00:00,,,,,,,,0.72,0.72,,0.0,0,False
2026-02-23 11:32:30+00:00,,,,,,,,0.72,0.72,,0.0,0,False
2026-02-23 11:33:00+00:00,,,,,,,,0.72,0.72,,0.0,0,False
2026-02-23 11:33:30+00:00,,,,,,,,0.72,0.72,,0.0,0,False
2026-02-23 11:34:00+00:00,,,,,,,,0.72,0.72,,0.0,0,False
2026-02-23 11:34:30+00:00,,,,,,,,0.72,0.72,,0.0,0,False
2026-02-23 11:35:00+00:00,,,,,,,,0.72,0.72,,0.0,0,False
2026-02-23 11:35:30+00:00,,,,,,,,0.72,0.72,,0.0,0,False
2026-02-23 11:36:00+00:00,,,,,,,,0.72,0.72,,0.0,0,False
2026-02-23 11:36:30+00:00,,,,,,,,0.72,0.72,,0.0,0,False
2026-02-23 11:37:00+00:00,,,,,,,,0.72,0.72,,0.0,0,False
2026-02-23 11:37:30+00:00,,,,,,,,0.72,0.72,,0.0,0,False
2026-02-23 11:38:00+00:00,,,,,,,,0.72,0.72,,0.0,0,False
2026-02-23 11:38:30+00:00,,,,,,,,0.72,0.72,,0.0,0,False
2026-02-23 11:39:00+00:00,,,,,,,,0.72,0.72,,0.0,0,False
2026-02-23 11:39:30+00:00,,,,,,,,0.72,0.72,,5.0,1,False
2026-02-23 11:40:00+00:00,,,,,,,,0.72,0.72,,0.0,0,False
2026-02-23 11:40:30+00:00,,,,,,,,0.72,0.72,,0.0,0,False
2026-02-23 11:41:00+00:00,,,,,,,,0.72,0.72,,0.0,0,False
2026-02-23 11:41:30+00:00,,,,,,,,0.72,0.72,,0.0,0,False
2026-02-23 11:42:00+00:00,,,,,,,,0.72,0.72,,0.0,0,False
2026-02-23 11:42:30+00:00,,,,,,,,0.72,0.72,,0.0,0,False
2026-02-23 11:43:00+00:00,,,,,,,,0.72,0.72,,0.0,0,False
2026-02-23 11:43:30+00:00,,,,,,,,0.72,0.72,,0.0,0,False
2026-02-23 11:44:00+00:00,,,,,,,,0.72,0.72,,0.0,0,False
2026-02-23 11:44:30+00:00,,,,,,,,0.72,0.72,,0.0,0,False
2026-02-23 11:45:00+00:00,,,,,,,,0.72,0.72,,0.0,0,False
2026-02-23 11:45:30+00:00,,,,,,,,0.72,0.72,,0.0,0,False
2026-02-23 11:46:00+00:00,,,,,,,,0.69,0.69,,75.0,1,False
2026-02-23 11:46:30+00:00,,,,,,,,0.69,0.69,,0.0,0,False
2026-02-23 11:47:00+00:00,,,,,,,,0.69,0.69,,0.0,0,False
2026-02-23 11:47:30+00:00,,,,,,,,0.69,0.69,,0.0,0,False
2026-02-23 11:48:00+00:00,,,,,,,,0.69,0.69,,0.0,0,False
2026-02-23 11:48:30+00:00,,,,,,,,0.69,0.69,,0.0,0,False
2026-02-23 11:49:00+00:00,,,,,,,,0.69,0.69,,0.0,0,False
2026-02-23 11:49:30+00:00,,,,,,,,0.69,0.69,,0.0,0,False
2026-02-23 11:50:00+00:00,,,,,,,,0.69,0.69,,0.0,0,False
2026-02-23 11:50:30+00:00,,,,,,,,0.69,0.69,,0.0,0,False
2026-02-23 11:51:00+00:00,,,,,,,,0.69,0.69,,0.0,0,False
2026-02-23 11:51:30+00:00,,,,,,,,0.69,0.69,,0.0,0,False
2026-02-23 11:52:00+00:00,,,,,,,,0.69,0.69,,0.0,0,False
2026-02-23 11:52:30+00:00,,,,,,,,0.69,0.69,,0.0,0,False
2026-02-23 11:53:00+00:00,,,,,,,,0.69,0.69,,0.0,0,False
2026-02-23 11:53:30+00:00,,,,,,,,0.69,0.69,,0.0,0,False
2026-02-23 11:54:00+00:00,,,,,,,,0.69,0.69,,0.0,0,False
2026-02-23 11:54:30+00:00,,,,,,,,0.69,0.69,,0.0,0,False
2026-02-23 11:55:00+00:00,,,,,,,,0.72,0.72,,34.0,1,False
2026-02-23 11:55:30+00:00,,,,,,,,0.69,0.69,,5.0,1,False
2026-02-23 11:56:00+00:00,,,,,,,,0.69,0.69,,0.0,0,False
2026-02-23 11:56:30+00:00,,,,,,,,0.69,0.69,,0.0,0,False
2026-02-23 11:57:00+00:00,,,,,,,,0.69,0.69,,0.0,0,False
2026-02-23 11:57:30+00:00,,,,,,,,0.69,0.69,,0.0,0,False
2026-02-23 11:58:00+00:00,,,,,,,,0.69,0.69,,0.0,0,False
2026-02-23 11:58:30+00:00,,,,,,,,0.69,0.69,,0.0,0,False
2026-02-23 11:59:00+00:00,,,,,,,,0.71,0.71,,7.0,2,False
2026-02-23 11:59:30+00:00,,,,,,,,0.71,0.71,,0.0,0,False
2026-02-23 12:00:00+00:00,,,,,,,,0.71,0.71,,0.0,0,False
2026-02-23 12:00:30+00:00,,,,,,,,0.71,0.71,,0.0,0,False
2026-02-23 12:01:00+00:00,,,,,,,,0.71,0.71,,0.0,0,False
2026-02-23 12:01:30+00:00,,,,,,,,0.71,0.71,,0.0,0,False
2026-02-23 12:02:00+00:00,,,,,,,,0.71,0.71,,0.0,0,False
2026-02-23 12:02:30+00:00,,,,,,,,0.71,0.71,,0.0,0,False
2026-02-23 12:03:00+00:00,,,,,,,,0.71,0.71,,0.0,0,False
2026-02-23 12:03:30+00:00,,,,,,,,0.71,0.71,,0.0,0,False
2026-02-23 12:04:00+00:00,,,,,,,,0.71,0.71,,0.0,0,False
2026-02-23 12:04:30+00:00,,,,,,,,0.71,0.71,,0.0,0,False
2026-02-23 12:05:00+00:00,,,,,,,,0.71,0.71,,0.0,0,False
2026-02-23 12:05:30+00:00,,,,,,,,0.71,0.71,,0.0,0,False
2026-02-23 12:06:00+00:00,,,,,,,,0.71,0.71,,0.0,0,False
2026-02-23 12:06:30+00:00,,,,,,,,0.71,0.71,,0.0,0,False
2026-02-23 12:07:00+00:00,,,,,,,,0.7200000000000001,0.72,,6.0,1,False
2026-02-23 12:07:30+00:00,,,,,,,,0.7200000000000001,0.72,,0.0,0,False
2026-02-23 12:08:00+00:00,,,,,,,,0.7200000000000001,0.72,,0.0,0,False
2026-02-23 12:08:30+00:00,,,,,,,,0.7200000000000001,0.72,,0.0,0,False
2026-02-23 12:09:00+00:00,,,,,,,,0.7200000000000001,0.72,,0.0,0,False
2026-02-23 12:09:30+00:00,,,,,,,,0.7200000000000001,0.72,,0.0,0,False
2026-02-23 12:10:00+00:00,,,,,,,,0.7200000000000001,0.72,,0.0,0,False
2026-02-23 12:10:30+00:00,,,,,,,,0.7200000000000001,0.72,,0.0,0,False
2026-02-23 12:11:00+00:00,,,,,,,,0.7200000000000001,0.72,,0.0,0,False
2026-02-23 12:11:30+00:00,,,,,,,,0.7200000000000001,0.72,,0.0,0,False
2026-02-23 12:12:00+00:00,,,,,,,,0.7200000000000001,0.72,,0.0,0,False
2026-02-23 12:12:30+00:00,,,,,,,,0.7199999999999999,0.72,,191.0,3,False
2026-02-23 12:13:00+00:00,,,,,,,,0.7199999999999999,0.72,,0.0,0,False
2026-02-23 12:13:30+00:00,,,,,,,,0.7199999999999999,0.72,,0.0,0,False
2026-02-23 12:14:00+00:00,,,,,,,,0.7199999999999999,0.72,,0.0,0,False
2026-02-23 12:14:30+00:00,,,,,,,,0.7199999999999999,0.72,,0.0,0,False
2026-02-23 12:15:00+00:00,,,,,,,,0.7199999999999999,0.72,,0.0,0,False
2026-02-23 12:15:30+00:00,,,,,,,,0.7199999999999999,0.72,,0.0,0,False
2026-02-23 12:16:00+00:00,,,,,,,,0.7200000000000001,0.72,,6.0,1,False
2026-02-23 12:16:30+00:00,,,,,,,,0.7200000000000001,0.72,,0.0,0,False
2026-02-23 12:17:00+00:00,,,,,,,,0.7200000000000001,0.72,,0.0,0,False
2026-02-23 12:17:30+00:00,,,,,,,,0.7200000000000001,0.72,,0.0,0,False
2026-02-23 12:18:00+00:00,,,,,,,,0.7200000000000001,0.72,,0.0,0,False
2026-02-23 12:18:30+00:00,,,,,,,,0.7200000000000001,0.72,,0.0,0,False
2026-02-23 12:19:00+00:00,,,,,,,,0.7200000000000001,0.72,,0.0,0,False
2026-02-23 12:19:30+00:00,,,,,,,,0.7200000000000001,0.72,,0.0,0,False
2026-02-23 12:20:00+00:00,,,,,,,,0.7200000000000001,0.72,,0.0,0,False
2026-02-23 12:20:30+00:00,,,,,,,,0.7200000000000001,0.72,,0.0,0,False
2026-02-23 12:21:00+00:00,,,,,,,,0.7200000000000001,0.72,,0.0,0,False
2026-02-23 12:21:30+00:00,,,,,,,,0.7200000000000001,0.72,,0.0,0,False
2026-02-23 12:22:00+00:00,,,,,,,,0.7200000000000001,0.72,,0.0,0,False
2026-02-23 12:22:30+00:00,,,,,,,,0.7200000000000001,0.72,,0.0,0,False
2026-02-23 12:23:00+00:00,,,,,,,,0.7200000000000001,0.72,,0.0,0,False
2026-02-23 12:23:30+00:00,,,,,,,,0.7200000000000001,0.72,,0.0,0,False
2026-02-23 12:24:00+00:00,,,,,,,,0.7200000000000001,0.72,,0.0,0,False
2026-02-23 12:24:30+00:00,,,,,,,,0.7200000000000001,0.72,,0.0,0,False
2026-02-23 12:25:00+00:00,,,,,,,,0.7200000000000001,0.72,,0.0,0,False
2026-02-23 12:25:30+00:00,,,,,,,,0.72,0.72,,51.0,1,False
2026-02-23 12:26:00+00:00,,,,,,,,0.72,0.72,,0.0,0,False
2026-02-23 12:26:30+00:00,,,,,,,,0.72,0.72,,0.0,0,False
2026-02-23 12:27:00+00:00,,,,,,,,0.72,0.72,,0.0,0,False
2026-02-23 12:27:30+00:00,,,,,,,,0.72,0.72,,0.0,0,False
2026-02-23 12:28:00+00:00,,,,,,,,0.72,0.72,,0.0,0,False
2026-02-23 12:28:30+00:00,,,,,,,,0.72,0.72,,0.0,0,False
2026-02-23 12:29:00+00:00,,,,,,,,0.72,0.72,,0.0,0,False
2026-02-23 12:29:30+00:00,,,,,,,,0.72,0.72,,0.0,0,False
2026-02-23 12:30:00+00:00,,,,,,,,0.72,0.72,,0.0,0,False
2026-02-23 12:30:30+00:00,,,,,,,,0.72,0.72,,0.0,0,False
2026-02-23 12:31:00+00:00,,,,,,,,0.72,0.72,,0.0,0,False
2026-02-23 12:31:30+00:00,,,,,,,,0.72,0.72,,0.0,0,False
2026-02-23 12:32:00+00:00,,,,,,,,0.72,0.72,,0.0,0,False
2026-02-23 12:32:30+00:00,,,,,,,,0.72,0.72,,0.0,0,False
2026-02-23 12:33:00+00:00,,,,,,,,0.69,0.69,,300.0,1,False
2026-02-23 12:33:30+00:00,,,,,,,,0.7199999999999999,0.72,,27.0,1,False
2026-02-23 12:34:00+00:00,,,,,,,,0.7199999999999999,0.72,,0.0,0,False
2026-02-23 12:34:30+00:00,,,,,,,,0.7199999999999999,0.72,,0.0,0,False
2026-02-23 12:35:00+00:00,,,,,,,,0.7199999999999999,0.72,,0.0,0,False
2026-02-23 12:35:30+00:00,,,,,,,,0.7199999999999999,0.72,,0.0,0,False
2026-02-23 12:36:00+00:00,,,,,,,,0.7199999999999999,0.72,,0.0,0,False
2026-02-23 12:36:30+00:00,,,,,,,,0.7199999999999999,0.72,,0.0,0,False
2026-02-23 12:37:00+00:00,,,,,,,,0.7199999999999999,0.72,,0.0,0,False
2026-02-23 12:37:30+00:00,,,,,,,,0.7199999999999999,0.72,,0.0,0,False
2026-02-23 12:38:00+00:00,,,,,,,,0.7199999999999999,0.72,,0.0,0,False
2026-02-23 12:38:30+00:00,,,,,,,,0.7199999999999999,0.72,,0.0,0,False
2026-02-23 12:39:00+00:00,,,,,,,,0.7199999999999999,0.72,,0.0,0,False
2026-02-23 12:39:30+00:00,,,,,,,,0.7199999999999999,0.72,,0.0,0,False
2026-02-23 12:40:00+00:00,,,,,,,,0.7199999999999999,0.72,,27.0,1,False
2026-02-23 12:40:30+00:00,,,,,,,,0.7199999999999999,0.72,,0.0,0,False
2026-02-23 12:41:00+00:00,,,,,,,,0.7199999999999999,0.72,,0.0,0,False
2026-02-23 12:41:30+00:00,,,,,,,,0.7199999999999999,0.72,,0.0,0,False
2026-02-23 12:42:00+00:00,,,,,,,,0.7199999999999999,0.72,,0.0,0,False
2026-02-23 12:42:30+00:00,,,,,,,,0.7199999999999999,0.72,,0.0,0,False
2026-02-23 12:43:00+00:00,,,,,,,,0.7000000000000001,0.71,,76.0,5,False
2026-02-23 12:43:30+00:00,,,,,,,,0.7000000000000001,0.71,,0.0,0,False
2026-02-23 12:44:00+00:00,,,,,,,,0.7000000000000001,0.71,,0.0,0,False
2026-02-23 12:44:30+00:00,,,,,,,,0.7000000000000001,0.71,,0.0,0,False
2026-02-23 12:45:00+00:00,,,,,,,,0.7000000000000001,0.71,,0.0,0,False
2026-02-23 12:45:30+00:00,,,,,,,,0.7000000000000001,0.71,,0.0,0,False
2026-02-23 12:46:00+00:00,,,,,,,,0.7189,0.72,,100.0,2,False
2026-02-23 12:46:30+00:00,,,,,,,,0.7189,0.72,,0.0,0,False
2026-02-23 12:47:00+00:00,,,,,,,,0.7189,0.72,,0.0,0,False
2026-02-23 12:47:30+00:00,,,,,,,,0.7189,0.72,,0.0,0,False
2026-02-23 12:48:00+00:00,,,,,,,,0.7189,0.72,,0.0,0,False
2026-02-23 12:48:30+00:00,,,,,,,,0.71,0.71,,5.0,1,False
2026-02-23 12:49:00+00:00,,,,,,,,0.718,0.72,,20.0,2,False
2026-02-23 12:49:30+00:00,,,,,,,,0.72,0.72,,2.0,1,False
2026-02-23 12:50:00+00:00,,,,,,,,0.72,0.72,,0.0,0,False
2026-02-23 12:50:30+00:00,,,,,,,,0.72,0.72,,0.0,0,False
2026-02-23 12:51:00+00:00,,,,,,,,0.72,0.72,,67.0,2,False
2026-02-23 12:51:30+00:00,,,,,,,,0.72,0.72,,0.0,0,False
2026-02-23 12:52:00+00:00,,,,,,,,0.72,0.72,,0.0,0,False
2026-02-23 12:52:30+00:00,,,,,,,,0.72,0.72,,0.0,0,False
2026-02-23 12:53:00+00:00,,,,,,,,0.72,0.72,,0.0,0,False
2026-02-23 12:53:30+00:00,,,,,,,,0.72,0.72,,0.0,0,False
2026-02-23 12:54:00+00:00,,,,,,,,0.72,0.72,,0.0,0,False
2026-02-23 12:54:30+00:00,,,,,,,,0.71,0.72,,44.0,2,False
2026-02-23 12:55:00+00:00,,,,,,,,0.71,0.72,,0.0,0,False
2026-02-23 12:55:30+00:00,,,,,,,,0.71,0.72,,0.0,0,False
2026-02-23 12:56:00+00:00,,,,,,,,0.71,0.71,,46.0,1,False
2026-02-23 12:56:30+00:00,,,,,,,,0.71,0.71,,0.0,0,False
2026-02-23 12:57:00+00:00,,,,,,,,0.71,0.71,,0.0,0,False
2026-02-23 12:57:30+00:00,,,,,,,,0.71,0.71,,0.0,0,False
2026-02-23 12:58:00+00:00,,,,,,,,0.71,0.71,,0.0,0,False
2026-02-23 12:58:30+00:00,,,,,,,,0.71,0.71,,0.0,0,False
2026-02-23 12:59:00+00:00,,,,,,,,0.6799999999999999,0.6799999999999999,,14.0,1,False
2026-02-23 12:59:30+00:00,,,,,,,,0.6799999999999999,0.6799999999999999,,0.0,0,False
2026-02-23 13:00:00+00:00,,,,,,,,0.6799999999999999,0.6799999999999999,,0.0,0,False
2026-02-23 13:00:30+00:00,,,,,,,,0.6799999999999999,0.6799999999999999,,0.0,0,False
2026-02-23 13:01:00+00:00,,,,,,,,0.6799999999999999,0.6799999999999999,,0.0,0,False
2026-02-23 13:01:30+00:00,,,,,,,,0.6799999999999999,0.6799999999999999,,0.0,0,False
2026-02-23 13:02:00+00:00,,,,,,,,0.6799999999999999,0.6799999999999999,,0.0,0,False
2026-02-23 13:02:30+00:00,,,,,,,,0.6799999999999999,0.6799999999999999,,0.0,0,False
2026-02-23 13:03:00+00:00,,,,,,,,0.6799999999999999,0.6799999999999999,,0.0,0,False
2026-02-23 13:03:30+00:00,,,,,,,,0.6799999999999999,0.6799999999999999,,0.0,0,False
2026-02-23 13:04:00+00:00,,,,,,,,0.6799999999999999,0.6799999999999999,,0.0,0,False
2026-02-23 13:04:30+00:00,,,,,,,,0.6799999999999999,0.6799999999999999,,0.0,0,False
2026-02-23 13:05:00+00:00,,,,,,,,0.6799999999999999,0.6799999999999999,,0.0,0,False
2026-02-23 13:05:30+00:00,,,,,,,,0.6799999999999999,0.6799999999999999,,0.0,0,False
2026-02-23 13:06:00+00:00,,,,,,,,0.71,0.71,,110.0,1,False
2026-02-23 13:06:30+00:00,,,,,,,,0.71,0.71,,0.0,0,False
2026-02-23 13:07:00+00:00,,,,,,,,0.71,0.71,,0.0,0,False
2026-02-23 13:07:30+00:00,,,,,,,,0.71,0.71,,0.0,0,False
2026-02-23 13:08:00+00:00,,,,,,,,0.71,0.71,,0.0,0,False
2026-02-23 13:08:30+00:00,,,,,,,,0.71,0.71,,0.0,0,False
2026-02-23 13:09:00+00:00,,,,,,,,0.71,0.71,,0.0,0,False
2026-02-23 13:09:30+00:00,,,,,,,,0.71,0.71,,0.0,0,False
2026-02-23 13:10:00+00:00,,,,,,,,0.71,0.71,,0.0,0,False
2026-02-23 13:10:30+00:00,,,,,,,,0.71,0.71,,0.0,0,False
2026-02-23 13:11:00+00:00,,,,,,,,0.71,0.71,,0.0,0,False
2026-02-23 13:11:30+00:00,,,,,,,,0.71,0.71,,0.0,0,False
2026-02-23 13:12:00+00:00,,,,,,,,0.71,0.71,,4.0,1,False
2026-02-23 13:12:30+00:00,,,,,,,,0.71,0.71,,0.0,0,False
2026-02-23 13:13:00+00:00,,,,,,,,0.71,0.71,,0.0,0,False
2026-02-23 13:13:30+00:00,,,,,,,,0.71,0.71,,0.0,0,False
2026-02-23 13:14:00+00:00,,,,,,,,0.71,0.71,,0.0,0,False
2026-02-23 13:14:30+00:00,,,,,,,,0.71,0.71,,0.0,0,False
2026-02-23 13:15:00+00:00,,,,,,,,0.71,0.71,,0.0,0,False
2026-02-23 13:15:30+00:00,,,,,,,,0.71,0.71,,273.0,2,False
2026-02-23 13:16:00+00:00,,,,,,,,0.71,0.71,,0.0,0,False
2026-02-23 13:16:30+00:00,,,,,,,,0.71,0.71,,0.0,0,False
2026-02-23 13:17:00+00:00,,,,,,,,0.71,0.71,,0.0,0,False
2026-02-23 13:17:30+00:00,,,,,,,,0.71,0.71,,0.0,0,False
2026-02-23 13:18:00+00:00,,,,,,,,0.71,0.71,,0.0,0,False
2026-02-23 13:18:30+00:00,,,,,,,,0.71,0.71,,0.0,0,False
2026-02-23 13:19:00+00:00,,,,,,,,0.71,0.71,,0.0,0,False
2026-02-23 13:19:30+00:00,,,,,,,,0.71,0.71,,0.0,0,False
2026-02-23 13:20:00+00:00,,,,,,,,0.71,0.71,,0.0,0,False
2026-02-23 13:20:30+00:00,,,,,,,,0.71,0.71,,0.0,0,False
2026-02-23 13:21:00+00:00,,,,,,,,0.71,0.71,,0.0,0,False
2026-02-23 13:21:30+00:00,,,,,,,,0.71,0.71,,0.0,0,False
2026-02-23 13:22:00+00:00,,,,,,,,0.71,0.71,,0.0,0,False
2026-02-23 13:22:30+00:00,,,,,,,,0.71,0.71,,0.0,0,False
2026-02-23 13:23:00+00:00,,,,,,,,0.71,0.71,,0.0,0,False
2026-02-23 13:23:30+00:00,,,,,,,,0.71,0.71,,0.0,0,False
2026-02-23 13:24:00+00:00,,,,,,,,0.71,0.71,,0.0,0,False
2026-02-23 13:24:30+00:00,,,,,,,,0.71,0.71,,0.0,0,False
2026-02-23 13:25:00+00:00,,,,,,,,0.71,0.71,,0.0,0,False
2026-02-23 13:25:30+00:00,,,,,,,,0.71,0.71,,0.0,0,False
2026-02-23 13:26:00+00:00,,,,,,,,0.71,0.71,,0.0,0,False
2026-02-23 13:26:30+00:00,,,,,,,,0.71,0.71,,0.0,0,False
2026-02-23 13:27:00+00:00,,,,,,,,0.71,0.71,,0.0,0,False
2026-02-23 13:27:30+00:00,,,,,,,,0.71,0.71,,10.0,1,False
2026-02-23 13:28:00+00:00,,,,,,,,0.71,0.71,,0.0,0,False
2026-02-23 13:28:30+00:00,,,,,,,,0.71,0.71,,0.0,0,False
2026-02-23 13:29:00+00:00,,,,,,,,0.71,0.71,,0.0,0,False
2026-02-23 13:29:30+00:00,,,,,,,,0.71,0.71,,0.0,0,False
2026-02-23 13:30:00+00:00,,,,,,,,0.71,0.71,,0.0,0,False
2026-02-23 13:30:30+00:00,,,,,,,,0.71,0.71,,0.0,0,False
2026-02-23 13:31:00+00:00,,,,,,,,0.71,0.71,,0.0,0,False
2026-02-23 13:31:30+00:00,,,,,,,,0.71,0.71,,0.0,0,False
2026-02-23 13:32:00+00:00,,,,,,,,0.71,0.71,,0.0,0,False
2026-02-23 13:32:30+00:00,,,,,,,,0.71,0.71,,0.0,0,False
2026-02-23 13:33:00+00:00,,,,,,,,0.71,0.71,,0.0,0,False
2026-02-23 13:33:30+00:00,,,,,,,,0.71,0.71,,0.0,0,False
2026-02-23 13:34:00+00:00,,,,,,,,0.71,0.71,,0.0,0,False
2026-02-23 13:34:30+00:00,,,,,,,,0.71,0.71,,0.0,0,False
2026-02-23 13:35:00+00:00,,,,,,,,0.71,0.71,,0.0,0,False
2026-02-23 13:35:30+00:00,,,,,,,,0.71,0.71,,101.0,2,False
2026-02-23 13:36:00+00:00,,,,,,,,0.727659574468085,0.72,,564.0,3,False
2026-02-23 13:36:30+00:00,,,,,,,,0.727659574468085,0.72,,0.0,0,False
2026-02-23 13:37:00+00:00,,,,,,,,0.727659574468085,0.72,,0.0,0,False
2026-02-23 13:37:30+00:00,,,,,,,,0.73,0.73,,26.0,1,False
2026-02-23 13:38:00+00:00,,,,,,,,0.73,0.73,,0.0,0,False
2026-02-23 13:38:30+00:00,,,,,,,,0.73,0.73,,13.0,1,False
2026-02-23 13:39:00+00:00,,,,,,,,0.73,0.73,,0.0,0,False
2026-02-23 13:39:30+00:00,,,,,,,,0.73,0.73,,0.0,0,False
2026-02-23 13:40:00+00:00,,,,,,,,0.73,0.73,,0.0,0,False
2026-02-23 13:40:30+00:00,,,,,,,,0.73,0.73,,0.0,0,False
2026-02-23 13:41:00+00:00,,,,,,,,0.73,0.73,,0.0,0,False
2026-02-23 13:41:30+00:00,,,,,,,,0.73,0.73,,0.0,0,False
2026-02-23 13:42:00+00:00,,,,,,,,0.73,0.73,,0.0,0,False
2026-02-23 13:42:30+00:00,,,,,,,,0.7385714285714287,0.72,,133.0,4,False
2026-02-23 13:43:00+00:00,,,,,,,,0.7385714285714287,0.72,,0.0,0,False
2026-02-23 13:43:30+00:00,,,,,,,,0.7385714285714287,0.72,,0.0,0,False
2026-02-23 13:44:00+00:00,,,,,,,,0.7385714285714287,0.72,,0.0,0,False
2026-02-23 13:44:30+00:00,,,,,,,,0.7385714285714287,0.72,,0.0,0,False
2026-02-23 13:45:00+00:00,,,,,,,,0.7385714285714287,0.72,,0.0,0,False
2026-02-23 13:45:30+00:00,,,,,,,,0.7385714285714287,0.72,,0.0,0,False
2026-02-23 13:46:00+00:00,,,,,,,,0.7385714285714287,0.72,,0.0,0,False
2026-02-23 13:46:30+00:00,,,,,,,,0.7385714285714287,0.72,,0.0,0,False
2026-02-23 13:47:00+00:00,,,,,,,,0.7385714285714287,0.72,,0.0,0,False
2026-02-23 13:47:30+00:00,,,,,,,,0.7385714285714287,0.72,,0.0,0,False
2026-02-23 13:48:00+00:00,,,,,,,,0.7,0.7,,1.0,1,False
2026-02-23 13:48:30+00:00,,,,,,,,0.74,0.74,,1024.0,1,False
2026-02-23 13:49:00+00:00,,,,,,,,0.74,0.74,,0.0,0,False
2026-02-23 13:49:30+00:00,,,,,,,,0.74,0.74,,0.0,0,False
2026-02-23 13:50:00+00:00,,,,,,,,0.71,0.71,,45.0,1,False
2026-02-23 13:50:30+00:00,,,,,,,,0.7433333333333333,0.72,,6.0,4,False
2026-02-23 13:51:00+00:00,,,,,,,,0.7433333333333333,0.72,,0.0,0,False
2026-02-23 13:51:30+00:00,,,,,,,,0.7433333333333333,0.72,,0.0,0,False
2026-02-23 13:52:00+00:00,,,,,,,,0.7433333333333333,0.72,,0.0,0,False
2026-02-23 13:52:30+00:00,,,,,,,,0.7433333333333333,0.72,,0.0,0,False
2026-02-23 13:53:00+00:00,,,,,,,,0.7433333333333333,0.72,,0.0,0,False
2026-02-23 13:53:30+00:00,,,,,,,,0.7393939393939394,0.72,,33.0,4,False
2026-02-23 13:54:00+00:00,,,,,,,,0.7393939393939394,0.72,,0.0,0,False
2026-02-23 13:54:30+00:00,,,,,,,,0.7393939393939394,0.72,,0.0,0,False
2026-02-23 13:55:00+00:00,,,,,,,,0.7393939393939394,0.72,,0.0,0,False
2026-02-23 13:55:30+00:00,,,,,,,,0.7393939393939394,0.72,,0.0,0,False
2026-02-23 13:56:00+00:00,,,,,,,,0.74,0.74,,1.0,1,False
2026-02-23 13:56:30+00:00,,,,,,,,0.74,0.74,,0.0,0,False
2026-02-23 13:57:00+00:00,,,,,,,,0.74,0.74,,0.0,0,False
2026-02-23 13:57:30+00:00,,,,,,,,0.74,0.74,,0.0,0,False
2026-02-23 13:58:00+00:00,,,,,,,,0.74,0.74,,0.0,0,False
2026-02-23 13:58:30+00:00,,,,,,,,0.74,0.74,,0.0,0,False
2026-02-23 13:59:00+00:00,,,,,,,,0.74,0.74,,0.0,0,False
2026-02-23 13:59:30+00:00,,,,,,,,0.74,0.74,,0.0,0,False
2026-02-23 14:00:00+00:00,,,,,,,,0.74,0.74,,0.0,0,False
2026-02-23 14:00:30+00:00,,,,,,,,0.74,0.74,,0.0,0,False
2026-02-23 14:01:00+00:00,,,,,,,,0.74,0.74,,0.0,0,False
2026-02-23 14:01:30+00:00,,,,,,,,0.74,0.74,,0.0,0,False
2026-02-23 14:02:00+00:00,,,,,,,,0.74,0.74,,0.0,0,False
2026-02-23 14:02:30+00:00,,,,,,,,0.74,0.74,,0.0,0,False
2026-02-23 14:03:00+00:00,,,,,,,,0.74,0.74,,0.0,0,False
2026-02-23 14:03:30+00:00,,,,,,,,0.73,0.73,,2.0,1,False
2026-02-23 14:04:00+00:00,,,,,,,,0.73,0.73,,0.0,0,False
2026-02-23 14:04:30+00:00,,,,,,,,0.73,0.73,,0.0,0,False
2026-02-23 14:05:00+00:00,,,,,,,,0.73,0.73,,0.0,0,False
2026-02-23 14:05:30+00:00,,,,,,,,0.73,0.73,,0.0,0,False
2026-02-23 14:06:00+00:00,,,,,,,,0.73,0.73,,0.0,0,False
2026-02-23 14:06:30+00:00,,,,,,,,0.73,0.73,,6.0,1,False
2026-02-23 14:07:00+00:00,,,,,,,,0.73,0.73,,25.0,1,False
2026-02-23 14:07:30+00:00,,,,,,,,0.73,0.73,,0.0,0,False
2026-02-23 14:08:00+00:00,,,,,,,,0.73,0.73,,0.0,0,False
2026-02-23 14:08:30+00:00,,,,,,,,0.73,0.73,,0.0,0,False
2026-02-23 14:09:00+00:00,,,,,,,,0.73,0.73,,146.0,2,False
2026-02-23 14:09:30+00:00,,,,,,,,0.73,0.73,,6.0,1,False
2026-02-23 14:10:00+00:00,,,,,,,,0.73,0.73,,0.0,0,False
2026-02-23 14:10:30+00:00,,,,,,,,0.73,0.73,,0.0,0,False
2026-02-23 14:11:00+00:00,,,,,,,,0.7288571428571429,0.71,,105.0,3,False
2026-02-23 14:11:30+00:00,,,,,,,,0.71,0.71,,24.0,1,False
2026-02-23 14:12:00+00:00,,,,,,,,0.71,0.71,,0.0,0,False
2026-02-23 14:12:30+00:00,,,,,,,,0.71,0.71,,0.0,0,False
2026-02-23 14:13:00+00:00,,,,,,,,0.71,0.71,,0.0,0,False
2026-02-23 14:13:30+00:00,,,,,,,,0.73,0.73,,20.0,1,False
2026-02-23 14:14:00+00:00,,,,,,,,0.73,0.73,,0.0,0,False
2026-02-23 14:14:30+00:00,,,,,,,,0.73,0.73,,0.0,0,False
2026-02-23 14:15:00+00:00,,,,,,,,0.73,0.73,,0.0,0,False
2026-02-23 14:15:30+00:00,,,,,,,,0.73,0.73,,0.0,0,False
2026-02-23 14:16:00+00:00,,,,,,,,0.73,0.73,,1.0,1,False
2026-02-23 14:16:30+00:00,,,,,,,,0.73,0.73,,0.0,0,False
2026-02-23 14:17:00+00:00,,,,,,,,0.73,0.73,,0.0,0,False
2026-02-23 14:17:30+00:00,,,,,,,,0.7,0.7,,50.0,1,False
2026-02-23 14:18:00+00:00,,,,,,,,0.7,0.7,,0.0,0,False
2026-02-23 14:18:30+00:00,,,,,,,,0.6999999999999998,0.7,,12.0,1,False
2026-02-23 14:19:00+00:00,,,,,,,,0.6999999999999998,0.7,,0.0,0,False
2026-02-23 14:19:30+00:00,,,,,,,,0.6999999999999998,0.7,,0.0,0,False
2026-02-23 14:20:00+00:00,,,,,,,,0.6999999999999998,0.7,,0.0,0,False
2026-02-23 14:20:30+00:00,,,,,,,,0.6999999999999998,0.7,,0.0,0,False
2026-02-23 14:21:00+00:00,,,,,,,,0.6999999999999998,0.7,,0.0,0,False
2026-02-23 14:21:30+00:00,,,,,,,,0.6999999999999998,0.7,,0.0,0,False
2026-02-23 14:22:00+00:00,,,,,,,,0.6999999999999998,0.7,,0.0,0,False
2026-02-23 14:22:30+00:00,,,,,,,,0.6999999999999998,0.7,,0.0,0,False
2026-02-23 14:23:00+00:00,,,,,,,,0.6999999999999998,0.7,,0.0,0,False
2026-02-23 14:23:30+00:00,,,,,,,,0.6999999999999998,0.7,,0.0,0,False
2026-02-23 14:24:00+00:00,,,,,,,,0.6999999999999998,0.7,,0.0,0,False
2026-02-23 14:24:30+00:00,,,,,,,,0.6999999999999998,0.7,,0.0,0,False
2026-02-23 14:25:00+00:00,,,,,,,,0.6999999999999998,0.7,,0.0,0,False
2026-02-23 14:25:30+00:00,,,,,,,,0.6999999999999998,0.7,,0.0,0,False
2026-02-23 14:26:00+00:00,,,,,,,,0.6999999999999998,0.7,,0.0,0,False
2026-02-23 14:26:30+00:00,,,,,,,,0.6999999999999998,0.7,,3.0,1,False
2026-02-23 14:27:00+00:00,,,,,,,,0.6999999999999998,0.7,,0.0,0,False
2026-02-23 14:27:30+00:00,,,,,,,,0.73,0.73,,15.0,1,False
2026-02-23 14:28:00+00:00,,,,,,,,0.73,0.73,,0.0,0,False
2026-02-23 14:28:30+00:00,,,,,,,,0.73,0.73,,0.0,0,False
2026-02-23 14:29:00+00:00,,,,,,,,0.73,0.73,,8.0,1,False
2026-02-23 14:29:30+00:00,,,,,,,,0.73,0.73,,0.0,0,False
2026-02-23 14:30:00+00:00,,,,,,,,0.73,0.73,,0.0,0,False
2026-02-23 14:30:30+00:00,,,,,,,,0.73,0.73,,0.0,0,False
2026-02-23 14:31:00+00:00,,,,,,,,0.73,0.73,,0.0,0,False
2026-02-23 14:31:30+00:00,,,,,,,,0.73,0.73,,0.0,0,False
2026-02-23 14:32:00+00:00,,,,,,,,0.73,0.73,,0.0,0,False
2026-02-23 14:32:30+00:00,,,,,,,,0.73,0.73,,6.0,1,False
2026-02-23 14:33:00+00:00,,,,,,,,0.73,0.73,,0.0,0,False
2026-02-23 14:33:30+00:00,,,,,,,,0.73,0.73,,0.0,0,False
2026-02-23 14:34:00+00:00,,,,,,,,0.73,0.73,,12.0,1,False
2026-02-23 14:34:30+00:00,,,,,,,,0.73,0.73,,20.0,1,False
2026-02-23 14:35:00+00:00,,,,,,,,0.73,0.73,,0.0,0,False
2026-02-23 14:35:30+00:00,,,,,,,,0.73,0.73,,0.0,0,False
2026-02-23 14:36:00+00:00,,,,,,,,0.73,0.73,,0.0,0,False
2026-02-23 14:36:30+00:00,,,,,,,,0.73,0.73,,0.0,0,False
2026-02-23 14:37:00+00:00,,,,,,,,0.73,0.73,,0.0,0,False
2026-02-23 14:37:30+00:00,,,,,,,,0.73,0.73,,0.0,0,False
2026-02-23 14:38:00+00:00,,,,,,,,0.7325872093023256,0.73,,344.0,4,False
2026-02-23 14:38:30+00:00,,,,,,,,0.73,0.73,,20.0,1,False
2026-02-23 14:39:00+00:00,,,,,,,,0.73,0.73,,0.0,0,False
2026-02-23 14:39:30+00:00,,,,,,,,0.74,0.74,,13.0,1,False
2026-02-23 14:40:00+00:00,,,,,,,,0.74,0.74,,0.0,0,False
2026-02-23 14:40:30+00:00,,,,,,,,0.74,0.74,,0.0,0,False
2026-02-23 14:41:00+00:00,,,,,,,,0.74,0.74,,0.0,0,False
2026-02-23 14:41:30+00:00,,,,,,,,0.73,0.73,,30.0,1,False
2026-02-23 14:42:00+00:00,,,,,,,,0.73,0.73,,0.0,0,False
2026-02-23 14:42:30+00:00,,,,,,,,0.73,0.73,,0.0,0,False
2026-02-23 14:43:00+00:00,,,,,,,,0.73,0.73,,0.0,0,False
2026-02-23 14:43:30+00:00,,,,,,,,0.73,0.73,,0.0,0,False
2026-02-23 14:44:00+00:00,,,,,,,,0.73,0.73,,0.0,0,False
2026-02-23 14:44:30+00:00,,,,,,,,0.73,0.73,,0.0,0,False
2026-02-23 14:45:00+00:00,,,,,,,,0.73,0.73,,0.0,0,False
2026-02-23 14:45:30+00:00,,,,,,,,0.7,0.7,,15.0,1,False
2026-02-23 14:46:00+00:00,,,,,,,,0.7,0.7,,0.0,0,False
2026-02-23 14:46:30+00:00,,,,,,,,0.7,0.7,,0.0,0,False
2026-02-23 14:47:00+00:00,,,,,,,,0.7,0.7,,0.0,0,False
2026-02-23 14:47:30+00:00,,,,,,,,0.7,0.7,,0.0,0,False
2026-02-23 14:48:00+00:00,,,,,,,,0.7,0.7,,0.0,0,False
2026-02-23 14:48:30+00:00,,,,,,,,0.7,0.7,,0.0,0,False
2026-02-23 14:49:00+00:00,,,,,,,,0.7,0.7,,0.0,0,False
2026-02-23 14:49:30+00:00,,,,,,,,0.7,0.7,,0.0,0,False
2026-02-23 14:50:00+00:00,,,,,,,,0.73,0.73,,20.0,1,False
2026-02-23 14:50:30+00:00,,,,,,,,0.73,0.73,,384.0,2,False
2026-02-23 14:51:00+00:00,,,,,,,,0.73,0.73,,0.0,0,False
2026-02-23 14:51:30+00:00,,,,,,,,0.7,0.7,,46.0,1,False
2026-02-23 14:52:00+00:00,,,,,,,,0.7,0.7,,0.0,0,False
2026-02-23 14:52:30+00:00,,,,,,,,0.7,0.7,,0.0,0,False
2026-02-23 14:53:00+00:00,,,,,,,,0.7,0.7,,0.0,0,False
2026-02-23 14:53:30+00:00,,,,,,,,0.7,0.7,,0.0,0,False
2026-02-23 14:54:00+00:00,,,,,,,,0.7,0.7,,0.0,0,False
2026-02-23 14:54:30+00:00,,,,,,,,0.7,0.7,,0.0,0,False
2026-02-23 14:55:00+00:00,,,,,,,,0.7,0.7,,0.0,0,False
2026-02-23 14:55:30+00:00,,,,,,,,0.7,0.7,,0.0,0,False
2026-02-23 14:56:00+00:00,,,,,,,,0.7,0.7,,0.0,0,False
2026-02-23 14:56:30+00:00,,,,,,,,0.7,0.7,,0.0,0,False
2026-02-23 14:57:00+00:00,,,,,,,,0.73,0.73,,13.0,1,False
2026-02-23 14:57:30+00:00,,,,,,,,0.73,0.73,,0.0,0,False
2026-02-23 14:58:00+00:00,,,,,,,,0.73,0.73,,0.0,0,False
2026-02-23 14:58:30+00:00,,,,,,,,0.73,0.73,,0.0,0,False
2026-02-23 14:59:00+00:00,,,,,,,,0.73,0.73,,0.0,0,False
2026-02-23 14:59:30+00:00,,,,,,,,0.73,0.73,,0.0,0,False
2026-02-23 15:00:00+00:00,,,,,,,,0.73,0.73,,0.0,0,False
2026-02-23 15:00:30+00:00,,,,,,,,0.73,0.73,,0.0,0,False
2026-02-23 15:01:00+00:00,,,,,,,,0.71,0.71,,25.0,1,False
2026-02-23 15:01:30+00:00,,,,,,,,0.71,0.71,,0.0,0,False
2026-02-23 15:02:00+00:00,,,,,,,,0.71,0.71,,0.0,0,False
2026-02-23 15:02:30+00:00,,,,,,,,0.71,0.71,,32.0,1,False
2026-02-23 15:03:00+00:00,,,,,,,,0.71,0.71,,0.0,0,False
2026-02-23 15:03:30+00:00,,,,,,,,0.746588679245283,0.75,,1325.0,10,False
2026-02-23 15:04:00+00:00,,,,,,,,0.746588679245283,0.75,,0.0,0,False
2026-02-23 15:04:30+00:00,,,,,,,,0.72,0.72,,1.0,1,False
2026-02-23 15:05:00+00:00,,,,,,,,0.74,0.74,,2.0,1,False
2026-02-23 15:05:30+00:00,,,,,,,,0.74,0.74,,0.0,0,False
2026-02-23 15:06:00+00:00,,,,,,,,0.74,0.74,,0.0,0,False
2026-02-23 15:06:30+00:00,,,,,,,,0.7397014925373133,0.74,,67.0,2,False
2026-02-23 15:07:00+00:00,,,,,,,,0.7397014925373133,0.74,,0.0,0,False
2026-02-23 15:07:30+00:00,,,,,,,,0.7397014925373133,0.74,,0.0,0,False
2026-02-23 15:08:00+00:00,,,,,,,,0.72,0.72,,1.0,1,False
2026-02-23 15:08:30+00:00,,,,,,,,0.72,0.72,,0.0,0,False
2026-02-23 15:09:00+00:00,,,,,,,,0.72,0.72,,0.0,0,False
2026-02-23 15:09:30+00:00,,,,,,,,0.72,0.72,,0.0,0,False
2026-02-23 15:10:00+00:00,,,,,,,,0.72,0.72,,0.0,0,False
2026-02-23 15:10:30+00:00,,,,,,,,0.72,0.72,,0.0,0,False
2026-02-23 15:11:00+00:00,,,,,,,,0.7497859327217126,0.75,,327.0,2,False
2026-02-23 15:11:30+00:00,,,,,,,,0.7497859327217126,0.75,,0.0,0,False
2026-02-23 15:12:00+00:00,,,,,,,,0.7358536585365854,0.74,,82.0,2,False
2026-02-23 15:12:30+00:00,,,,,,,,0.7400000000000001,0.74,,13.0,2,False
2026-02-23 15:13:00+00:00,,,,,,,,0.7400000000000001,0.74,,0.0,0,False
2026-02-23 15:13:30+00:00,,,,,,,,0.7400000000000001,0.74,,0.0,0,False
2026-02-23 15:14:00+00:00,,,,,,,,0.7400000000000001,0.74,,0.0,0,False
2026-02-23 15:14:30+00:00,,,,,,,,0.7400000000000001,0.74,,0.0,0,False
2026-02-23 15:15:00+00:00,,,,,,,,0.7400000000000001,0.74,,0.0,0,False
2026-02-23 15:15:30+00:00,,,,,,,,0.7399999999999999,0.74,,19.0,2,False
2026-02-23 15:16:00+00:00,,,,,,,,0.7399999999999999,0.74,,0.0,0,False
2026-02-23 15:16:30+00:00,,,,,,,,0.7399999999999999,0.74,,0.0,0,False
2026-02-23 15:17:00+00:00,,,,,,,,0.7399999999999999,0.74,,0.0,0,False
2026-02-23 15:17:30+00:00,,,,,,,,0.7399999999999999,0.74,,0.0,0,False
2026-02-23 15:18:00+00:00,,,,,,,,0.7399999999999999,0.74,,0.0,0,False
2026-02-23 15:18:30+00:00,,,,,,,,0.74,0.74,,15.0,2,False
2026-02-23 15:19:00+00:00,,,,,,,,0.72,0.72,,8.0,1,False
2026-02-23 15:19:30+00:00,,,,,,,,0.72,0.72,,0.0,0,False
2026-02-23 15:20:00+00:00,,,,,,,,0.72,0.72,,0.0,0,False
2026-02-23 15:20:30+00:00,,,,,,,,0.72,0.72,,0.0,0,False
2026-02-23 15:21:00+00:00,,,,,,,,0.72,0.72,,0.0,0,False
2026-02-23 15:21:30+00:00,,,,,,,,0.72,0.72,,0.0,0,False
2026-02-23 15:22:00+00:00,,,,,,,,0.72,0.72,,0.0,0,False
2026-02-23 15:22:30+00:00,,,,,,,,0.72,0.72,,0.0,0,False
2026-02-23 15:23:00+00:00,,,,,,,,0.72,0.72,,0.0,0,False
2026-02-23 15:23:30+00:00,,,,,,,,0.72,0.72,,14.0,1,False
2026-02-23 15:24:00+00:00,,,,,,,,0.72,0.72,,0.0,0,False
2026-02-23 15:24:30+00:00,,,,,,,,0.7399999999999999,0.74,,6.0,1,False
2026-02-23 15:25:00+00:00,,,,,,,,0.7399999999999999,0.74,,0.0,0,False
2026-02-23 15:25:30+00:00,,,,,,,,0.7399999999999999,0.74,,0.0,0,False
2026-02-23 15:26:00+00:00,,,,,,,,0.74,0.74,,41.0,2,False
2026-02-23 15:26:30+00:00,,,,,,,,0.74,0.74,,0.0,0,False
2026-02-23 15:27:00+00:00,,,,,,,,0.74,0.74,,0.0,0,False
2026-02-23 15:27:30+00:00,,,,,,,,0.74,0.74,,0.0,0,False
2026-02-23 15:28:00+00:00,,,,,,,,0.74,0.74,,0.0,0,False
2026-02-23 15:28:30+00:00,,,,,,,,0.74,0.74,,0.0,0,False
2026-02-23 15:29:00+00:00,,,,,,,,0.74,0.74,,0.0,0,False
2026-02-23 15:29:30+00:00,,,,,,,,0.74,0.74,,0.0,0,False
2026-02-23 15:30:00+00:00,,,,,,,,0.74,0.74,,0.0,0,False
2026-02-23 15:30:30+00:00,,,,,,,,0.74,0.74,,0.0,0,False
2026-02-23 15:31:00+00:00,,,,,,,,0.74,0.74,,0.0,0,False
2026-02-23 15:31:30+00:00,,,,,,,,0.74,0.74,,0.0,0,False
2026-02-23 15:32:00+00:00,,,,,,,,0.74,0.74,,0.0,0,False
2026-02-23 15:32:30+00:00,,,,,,,,0.74,0.74,,0.0,0,False
2026-02-23 15:33:00+00:00,,,,,,,,0.74,0.74,,0.0,0,False
2026-02-23 15:33:30+00:00,,,,,,,,0.74,0.74,,0.0,0,False
2026-02-23 15:34:00+00:00,,,,,,,,0.74,0.74,,0.0,0,False
2026-02-23 15:34:30+00:00,,,,,,,,0.71,0.71,,16.0,1,False
2026-02-23 15:35:00+00:00,,,,,,,,0.71,0.71,,0.0,0,False
2026-02-23 15:35:30+00:00,,,,,,,,0.71,0.71,,0.0,0,False
2026-02-23 15:36:00+00:00,,,,,,,,0.71,0.71,,0.0,0,False
2026-02-23 15:36:30+00:00,,,,,,,,0.71,0.71,,0.0,0,False
2026-02-23 15:37:00+00:00,,,,,,,,0.71,0.71,,0.0,0,False
2026-02-23 15:37:30+00:00,,,,,,,,0.71,0.71,,0.0,0,False
2026-02-23 15:38:00+00:00,,,,,,,,0.71,0.71,,0.0,0,False
2026-02-23 15:38:30+00:00,,,,,,,,0.71,0.71,,0.0,0,False
2026-02-23 15:39:00+00:00,,,,,,,,0.71,0.71,,0.0,0,False
2026-02-23 15:39:30+00:00,,,,,,,,0.71,0.71,,0.0,0,False
2026-02-23 15:40:00+00:00,,,,,,,,0.71,0.71,,0.0,0,False
2026-02-23 15:40:30+00:00,,,,,,,,0.71,0.71,,0.0,0,False
2026-02-23 15:41:00+00:00,,,,,,,,0.71,0.71,,16.0,1,False
2026-02-23 15:41:30+00:00,,,,,,,,0.71,0.71,,0.0,0,False
2026-02-23 15:42:00+00:00,,,,,,,,0.73,0.73,,4.0,1,False
2026-02-23 15:42:30+00:00,,,,,,,,0.73,0.73,,1.0,1,False
2026-02-23 15:43:00+00:00,,,,,,,,0.73,0.73,,0.0,0,False
2026-02-23 15:43:30+00:00,,,,,,,,0.73,0.73,,0.0,0,False
2026-02-23 15:44:00+00:00,,,,,,,,0.7399478317574177,0.73,,3067.0,12,False
2026-02-23 15:44:30+00:00,,,,,,,,0.701195652173913,0.7,,92.0,2,False
2026-02-23 15:45:00+00:00,,,,,,,,0.701195652173913,0.7,,0.0,0,False
2026-02-23 15:45:30+00:00,,,,,,,,0.701195652173913,0.7,,0.0,0,False
2026-02-23 15:46:00+00:00,,,,,,,,0.701195652173913,0.7,,0.0,0,False
2026-02-23 15:46:30+00:00,,,,,,,,0.701195652173913,0.7,,0.0,0,False
2026-02-23 15:47:00+00:00,,,,,,,,0.6966874180865007,0.71,,3052.0,10,False
2026-02-23 15:47:30+00:00,,,,,,,,0.6966874180865007,0.71,,0.0,0,False
2026-02-23 15:48:00+00:00,,,,,,,,0.7388888888888888,0.74,,9.0,3,False
2026-02-23 15:48:30+00:00,,,,,,,,0.7388888888888888,0.74,,0.0,0,False
2026-02-23 15:49:00+00:00,,,,,,,,0.74,0.74,,86.0,2,False
2026-02-23 15:49:30+00:00,,,,,,,,0.73,0.73,,12.0,1,False
2026-02-23 15:50:00+00:00,,,,,,,,0.73,0.73,,0.0,0,False
2026-02-23 15:50:30+00:00,,,,,,,,0.73,0.73,,0.0,0,False
2026-02-23 15:51:00+00:00,,,,,,,,0.73,0.73,,0.0,0,False
2026-02-23 15:51:30+00:00,,,,,,,,0.73,0.73,,0.0,0,False
2026-02-23 15:52:00+00:00,,,,,,,,0.73,0.73,,0.0,0,False
2026-02-23 15:52:30+00:00,,,,,,,,0.73,0.73,,0.0,0,False
2026-02-23 15:53:00+00:00,,,,,,,,0.73,0.73,,0.0,0,False
2026-02-23 15:53:30+00:00,,,,,,,,0.73,0.73,,0.0,0,False
2026-02-23 15:54:00+00:00,,,,,,,,0.74,0.74,,50.0,1,False
2026-02-23 15:54:30+00:00,,,,,,,,0.74,0.74,,0.0,0,False
2026-02-23 15:55:00+00:00,,,,,,,,0.74,0.74,,13.0,1,False
2026-02-23 15:55:30+00:00,,,,,,,,0.71,0.71,,5.0,1,False
2026-02-23 15:56:00+00:00,,,,,,,,0.71,0.71,,2.0,1,False
2026-02-23 15:56:30+00:00,,,,,,,,0.71,0.71,,0.0,0,False
2026-02-23 15:57:00+00:00,,,,,,,,0.71,0.71,,0.0,0,False
2026-02-23 15:57:30+00:00,,,,,,,,0.71,0.71,,0.0,0,False
2026-02-23 15:58:00+00:00,,,,,,,,0.71,0.71,,16.0,1,False
2026-02-23 15:58:30+00:00,,,,,,,,0.71,0.71,,0.0,0,False
2026-02-23 15:59:00+00:00,,,,,,,,0.71,0.71,,0.0,0,False
2026-02-23 15:59:30+00:00,,,,,,,,0.71,0.71,,0.0,0,False
2026-02-23 16:00:00+00:00,,,,,,,,0.71,0.71,,0.0,0,False
2026-02-23 16:00:30+00:00,,,,,,,,0.71,0.71,,29.0,1,False
2026-02-23 16:01:00+00:00,,,,,,,,0.71,0.71,,0.0,0,False
2026-02-23 16:01:30+00:00,,,,,,,,0.73,0.73,,6.0,1,False
2026-02-23 16:02:00+00:00,,,,,,,,0.73,0.73,,0.0,0,False
2026-02-23 16:02:30+00:00,,,,,,,,0.73,0.73,,0.0,0,False
2026-02-23 16:03:00+00:00,,,,,,,,0.73,0.73,,0.0,0,False
2026-02-23 16:03:30+00:00,,,,,,,,0.73,0.73,,0.0,0,False
2026-02-23 16:04:00+00:00,,,,,,,,0.73,0.73,,0.0,0,False
2026-02-23 16:04:30+00:00,,,,,,,,0.7392424242424243,0.74,,66.0,2,False
2026-02-23 16:05:00+00:00,,,,,,,,0.7392424242424243,0.74,,0.0,0,False
2026-02-23 16:05:30+00:00,,,,,,,,0.73,0.73,,2.0,2,False
2026-02-23 16:06:00+00:00,,,,,,,,0.7,0.7,,4.0,2,False
2026-02-23 16:06:30+00:00,,,,,,,,0.7,0.7,,0.0,0,False
2026-02-23 16:07:00+00:00,,,,,,,,0.7,0.7,,0.0,0,False
2026-02-23 16:07:30+00:00,,,,,,,,0.7,0.7,,0.0,0,False
2026-02-23 16:08:00+00:00,,,,,,,,0.7,0.7,,0.0,0,False
2026-02-23 16:08:30+00:00,,,,,,,,0.7,0.7,,0.0,0,False
2026-02-23 16:09:00+00:00,,,,,,,,0.7,0.7,,0.0,0,False
2026-02-23 16:09:30+00:00,,,,,,,,0.7,0.7,,0.0,0,False
2026-02-23 16:10:00+00:00,,,,,,,,0.73,0.73,,21.0,1,False
2026-02-23 16:10:30+00:00,,,,,,,,0.73,0.73,,5.0,1,False
2026-02-23 16:11:00+00:00,,,,,,,,0.7399242424242425,0.73,,132.0,2,False
2026-02-23 16:11:30+00:00,,,,,,,,0.73,0.73,,6.0,1,False
2026-02-23 16:12:00+00:00,,,,,,,,0.74,0.74,,360.0,4,False
2026-02-23 16:12:30+00:00,,,,,,,,0.74,0.74,,0.0,0,False
2026-02-23 16:13:00+00:00,,,,,,,,0.74,0.74,,0.0,0,False
2026-02-23 16:13:30+00:00,,,,,,,,0.74,0.74,,0.0,0,False
2026-02-23 16:14:00+00:00,,,,,,,,0.7400000000000001,0.74,,66.0,2,False
2026-02-23 16:14:30+00:00,,,,,,,,0.71,0.71,,48.0,4,False
2026-02-23 16:15:00+00:00,,,,,,,,0.71,0.71,,32.0,1,False
2026-02-23 16:15:30+00:00,,,,,,,,0.71,0.71,,0.0,0,False
2026-02-23 16:16:00+00:00,,,,,,,,0.73,0.73,,10.0,1,False
2026-02-23 16:16:30+00:00,,,,,,,,0.71,0.71,,19.0,1,False
2026-02-23 16:17:00+00:00,,,,,,,,0.71,0.71,,0.0,0,False
2026-02-23 16:17:30+00:00,,,,,,,,0.71,0.71,,0.0,0,False
2026-02-23 16:18:00+00:00,,,,,,,,0.71,0.71,,0.0,0,False
2026-02-23 16:18:30+00:00,,,,,,,,0.71,0.71,,0.0,0,False
2026-02-23 16:19:00+00:00,,,,,,,,0.71,0.71,,0.0,0,False
2026-02-23 16:19:30+00:00,,,,,,,,0.71,0.71,,0.0,0,False
2026-02-23 16:20:00+00:00,,,,,,,,0.71,0.71,,0.0,0,False
2026-02-23 16:20:30+00:00,,,,,,,,0.73,0.73,,26.0,1,False
2026-02-23 16:21:00+00:00,,,,,,,,0.73,0.73,,0.0,0,False
2026-02-23 16:21:30+00:00,,,,,,,,0.73,0.73,,0.0,0,False
2026-02-23 16:22:00+00:00,,,,,,,,0.73,0.73,,0.0,0,False
2026-02-23 16:22:30+00:00,,,,,,,,0.73,0.73,,0.0,0,False
2026-02-23 16:23:00+00:00,,,,,,,,0.73,0.73,,0.0,0,False
2026-02-23 16:23:30+00:00,,,,,,,,0.73,0.73,,0.0,0,False
2026-02-23 16:24:00+00:00,,,,,,,,0.73,0.73,,0.0,0,False
2026-02-23 16:24:30+00:00,,,,,,,,0.73,0.73,,0.0,0,False
2026-02-23 16:25:00+00:00,,,,,,,,0.6999999999999998,0.7,,6.0,2,False
2026-02-23 16:25:30+00:00,,,,,,,,0.6999999999999998,0.7,,0.0,0,False
2026-02-23 16:26:00+00:00,,,,,,,,0.6999999999999998,0.7,,0.0,0,False
2026-02-23 16:26:30+00:00,,,,,,,,0.6999999999999998,0.7,,0.0,0,False
2026-02-23 16:27:00+00:00,,,,,,,,0.6999999999999998,0.7,,0.0,0,False
2026-02-23 16:27:30+00:00,,,,,,,,0.7299999999999999,0.73,,33.0,2,False
2026-02-23 16:28:00+00:00,,,,,,,,0.72,0.72,,14.0,1,False
2026-02-23 16:28:30+00:00,,,,,,,,0.7225,0.72,,8.0,2,False
2026-02-23 16:29:00+00:00,,,,,,,,0.7225,0.72,,0.0,0,False
2026-02-23 16:29:30+00:00,,,,,,,,0.7225,0.72,,0.0,0,False
2026-02-23 16:30:00+00:00,,,,,,,,0.7225,0.72,,0.0,0,False
2026-02-23 16:30:30+00:00,,,,,,,,0.7225,0.72,,0.0,0,False
2026-02-23 16:31:00+00:00,,,,,,,,0.7225,0.72,,0.0,0,False
2026-02-23 16:31:30+00:00,,,,,,,,0.7225,0.72,,0.0,0,False
2026-02-23 16:32:00+00:00,,,,,,,,0.7225,0.72,,0.0,0,False
2026-02-23 16:32:30+00:00,,,,,,,,0.7225,0.72,,0.0,0,False
2026-02-23 16:33:00+00:00,,,,,,,,0.7225,0.72,,0.0,0,False
2026-02-23 16:33:30+00:00,,,,,,,,0.7225,0.72,,0.0,0,False
2026-02-23 16:34:00+00:00,,,,,,,,0.7225,0.72,,0.0,0,False
2026-02-23 16:34:30+00:00,,,,,,,,0.7225,0.72,,0.0,0,False
2026-02-23 16:35:00+00:00,,,,,,,,0.7393670886075949,0.73,,79.0,3,False
2026-02-23 16:35:30+00:00,,,,,,,,0.7393670886075949,0.73,,0.0,0,False
2026-02-23 16:36:00+00:00,,,,,,,,0.74,0.74,,13.0,1,False
2026-02-23 16:36:30+00:00,,,,,,,,0.74,0.74,,0.0,0,False
2026-02-23 16:37:00+00:00,,,,,,,,0.7399999999999999,0.74,,3.0,1,False
2026-02-23 16:37:30+00:00,,,,,,,,0.7399999999999999,0.74,,0.0,0,False
2026-02-23 16:38:00+00:00,,,,,,,,0.71,0.71,,3.0,1,False
2026-02-23 16:38:30+00:00,,,,,,,,0.71,0.71,,0.0,0,False
2026-02-23 16:39:00+00:00,,,,,,,,0.71,0.71,,0.0,0,False
2026-02-23 16:39:30+00:00,,,,,,,,0.71,0.71,,0.0,0,False
2026-02-23 16:40:00+00:00,,,,,,,,0.71,0.71,,0.0,0,False
2026-02-23 16:40:30+00:00,,,,,,,,0.71,0.71,,0.0,0,False
2026-02-23 16:41:00+00:00,,,,,,,,0.71,0.71,,0.0,0,False
2026-02-23 16:41:30+00:00,,,,,,,,0.71,0.71,,0.0,0,False
2026-02-23 16:42:00+00:00,,,,,,,,0.71,0.71,,4.0,1,False
2026-02-23 16:42:30+00:00,,,,,,,,0.7399999999999999,0.74,,6.0,1,False
2026-02-23 16:43:00+00:00,,,,,,,,0.7399999999999999,0.74,,0.0,0,False
2026-02-23 16:43:30+00:00,,,,,,,,0.74,0.74,,13.0,1,False
2026-02-23 16:44:00+00:00,,,,,,,,0.74,0.74,,184.0,4,False
2026-02-23 16:44:30+00:00,,,,,,,,0.74,0.74,,0.0,0,False
2026-02-23 16:45:00+00:00,,,,,,,,0.74,0.74,,0.0,0,False
2026-02-23 16:45:30+00:00,,,,,,,,0.74,0.74,,10.0,1,False
2026-02-23 16:46:00+00:00,,,,,,,,0.74,0.74,,0.0,0,False
2026-02-23 16:46:30+00:00,,,,,,,,0.71,0.71,,20.0,1,False
2026-02-23 16:47:00+00:00,,,,,,,,0.71,0.71,,0.0,0,False
2026-02-23 16:47:30+00:00,,,,,,,,0.71,0.71,,0.0,0,False
2026-02-23 16:48:00+00:00,,,,,,,,0.73,0.73,,15.0,1,False
2026-02-23 16:48:30+00:00,,,,,,,,0.7398591549295774,0.73,,142.0,2,False
2026-02-23 16:49:00+00:00,,,,,,,,0.73,0.73,,3.0,1,False
2026-02-23 16:49:30+00:00,,,,,,,,0.73,0.73,,0.0,0,False
2026-02-23 16:50:00+00:00,,,,,,,,0.73,0.73,,0.0,0,False
2026-02-23 16:50:30+00:00,,,,,,,,0.73,0.73,,0.0,0,False
2026-02-23 16:51:00+00:00,,,,,,,,0.73,0.73,,0.0,0,False
2026-02-23 16:51:30+00:00,,,,,,,,0.71,0.71,,45.0,1,False
2026-02-23 16:52:00+00:00,,,,,,,,0.71,0.71,,0.0,0,False
2026-02-23 16:52:30+00:00,,,,,,,,0.71,0.71,,0.0,0,False
2026-02-23 16:53:00+00:00,,,,,,,,0.71,0.71,,0.0,0,False
2026-02-23 16:53:30+00:00,,,,,,,,0.71,0.71,,0.0,0,False
2026-02-23 16:54:00+00:00,,,,,,,,0.71,0.71,,0.0,0,False
2026-02-23 16:54:30+00:00,,,,,,,,0.71,0.71,,0.0,0,False
2026-02-23 16:55:00+00:00,,,,,,,,0.7278947368421053,0.73,,38.0,3,False
2026-02-23 16:55:30+00:00,,,,,,,,0.7278947368421053,0.73,,0.0,0,False
2026-02-23 16:56:00+00:00,,,,,,,,0.7278947368421053,0.73,,0.0,0,False
2026-02-23 16:56:30+00:00,,,,,,,,0.7330769230769232,0.74,,13.0,2,False
2026-02-23 16:57:00+00:00,,,,,,,,0.7330769230769232,0.74,,0.0,0,False
2026-02-23 16:57:30+00:00,,,,,,,,0.7330769230769232,0.74,,0.0,0,False
2026-02-23 16:58:00+00:00,,,,,,,,0.7330769230769232,0.74,,0.0,0,False
2026-02-23 16:58:30+00:00,,,,,,,,0.7394871794871795,0.74,,39.0,2,False
2026-02-23 16:59:00+00:00,,,,,,,,0.7373333333333334,0.73,,30.0,2,False
2026-02-23 16:59:30+00:00,,,,,,,,0.74,0.74,,8.0,2,False
2026-02-23 17:00:00+00:00,,,,,,,,0.71,0.71,,10.0,1,False
2026-02-23 17:00:30+00:00,,,,,,,,0.7390816326530611,0.74,,98.0,3,False
2026-02-23 17:01:00+00:00,,,,,,,,0.7390816326530611,0.74,,0.0,0,False
2026-02-23 17:01:30+00:00,,,,,,,,0.7390816326530611,0.74,,0.0,0,False
2026-02-23 17:02:00+00:00,,,,,,,,0.7390816326530611,0.74,,0.0,0,False
2026-02-23 17:02:30+00:00,,,,,,,,0.71,0.71,,32.0,1,False
2026-02-23 17:03:00+00:00,,,,,,,,0.71,0.71,,0.0,0,False
2026-02-23 17:03:30+00:00,,,,,,,,0.71,0.71,,0.0,0,False
2026-02-23 17:04:00+00:00,,,,,,,,0.71,0.71,,0.0,0,False
2026-02-23 17:04:30+00:00,,,,,,,,0.71,0.71,,0.0,0,False
2026-02-23 17:05:00+00:00,,,,,,,,0.71,0.71,,0.0,0,False
2026-02-23 17:05:30+00:00,,,,,,,,0.71,0.71,,0.0,0,False
2026-02-23 17:06:00+00:00,,,,,,,,0.71,0.71,,0.0,0,False
2026-02-23 17:06:30+00:00,,,,,,,,0.71,0.71,,32.0,1,False
2026-02-23 17:07:00+00:00,,,,,,,,0.71,0.71,,0.0,0,False
2026-02-23 17:07:30+00:00,,,,,,,,0.71,0.71,,110.0,1,False
2026-02-23 17:08:00+00:00,,,,,,,,0.71,0.71,,0.0,0,False
2026-02-23 17:08:30+00:00,,,,,,,,0.71,0.71,,0.0,0,False
2026-02-23 17:09:00+00:00,,,,,,,,0.71,0.71,,0.0,0,False
2026-02-23 17:09:30+00:00,,,,,,,,0.71,0.71,,1.0,1,False
2026-02-23 17:10:00+00:00,,,,,,,,0.71,0.71,,0.0,0,False
2026-02-23 17:10:30+00:00,,,,,,,,0.7235353535353535,0.71,,99.0,3,False
2026-02-23 17:11:00+00:00,,,,,,,,0.7235353535353535,0.71,,0.0,0,False
2026-02-23 17:11:30+00:00,,,,,,,,0.73,0.73,,32.0,1,False
2026-02-23 17:12:00+00:00,,,,,,,,0.73,0.73,,0.0,0,False
2026-02-23 17:12:30+00:00,,,,,,,,0.73,0.73,,0.0,0,False
2026-02-23 17:13:00+00:00,,,,,,,,0.73,0.73,,0.0,0,False
2026-02-23 17:13:30+00:00,,,,,,,,0.73,0.73,,0.0,0,False
2026-02-23 17:14:00+00:00,,,,,,,,0.73,0.73,,0.0,0,False
2026-02-23 17:14:30+00:00,,,,,,,,0.73,0.73,,0.0,0,False
2026-02-23 17:15:00+00:00,,,,,,,,0.73,0.73,,67.0,1,False
2026-02-23 17:15:30+00:00,,,,,,,,0.73,0.73,,0.0,0,False
2026-02-23 17:16:00+00:00,,,,,,,,0.71,0.71,,32.0,1,False
2026-02-23 17:16:30+00:00,,,,,,,,0.71,0.71,,0.0,0,False
2026-02-23 17:17:00+00:00,,,,,,,,0.71,0.71,,0.0,0,False
2026-02-23 17:17:30+00:00,,,,,,,,0.71,0.71,,0.0,0,False
2026-02-23 17:18:00+00:00,,,,,,,,0.71,0.71,,0.0,0,False
2026-02-23 17:18:30+00:00,,,,,,,,0.71,0.71,,0.0,0,False
2026-02-23 17:19:00+00:00,,,,,,,,0.71,0.71,,0.0,0,False
2026-02-23 17:19:30+00:00,,,,,,,,0.73,0.73,,55.0,3,False
2026-02-23 17:20:00+00:00,,,,,,,,0.71,0.71,,16.0,1,False
2026-02-23 17:20:30+00:00,,,,,,,,0.71,0.71,,0.0,0,False
2026-02-23 17:21:00+00:00,,,,,,,,0.71,0.71,,32.0,1,False
2026-02-23 17:21:30+00:00,,,,,,,,0.71,0.71,,0.0,0,False
2026-02-23 17:22:00+00:00,,,,,,,,0.71,0.71,,0.0,0,False
2026-02-23 17:22:30+00:00,,,,,,,,0.71,0.71,,0.0,0,False
2026-02-23 17:23:00+00:00,,,,,,,,0.71,0.71,,32.0,1,False
2026-02-23 17:23:30+00:00,,,,,,,,0.71,0.71,,0.0,0,False
2026-02-23 17:24:00+00:00,,,,,,,,0.71,0.71,,0.0,0,False
2026-02-23 17:24:30+00:00,,,,,,,,0.71,0.71,,0.0,0,False
2026-02-23 17:25:00+00:00,,,,,,,,0.71,0.71,,0.0,0,False
2026-02-23 17:25:30+00:00,,,,,,,,0.7299999999999999,0.73,,7.0,1,False
2026-02-23 17:26:00+00:00,,,,,,,,0.7299999999999999,0.73,,0.0,0,False
2026-02-23 17:26:30+00:00,,,,,,,,0.7299999999999999,0.73,,0.0,0,False
2026-02-23 17:27:00+00:00,,,,,,,,0.73,0.73,,32.0,1,False
2026-02-23 17:27:30+00:00,,,,,,,,0.73,0.73,,0.0,0,False
2026-02-23 17:28:00+00:00,,,,,,,,0.73,0.73,,0.0,0,False
2026-02-23 17:28:30+00:00,,,,,,,,0.71,0.71,,10.0,2,False
2026-02-23 17:29:00+00:00,,,,,,,,0.71,0.71,,0.0,0,False
2026-02-23 17:29:30+00:00,,,,,,,,0.71,0.71,,0.0,0,False
2026-02-23 17:30:00+00:00,,,,,,,,0.71,0.71,,0.0,0,False
2026-02-23 17:30:30+00:00,,,,,,,,0.73,0.73,,13.0,1,False
2026-02-23 17:31:00+00:00,,,,,,,,0.71,0.71,,5.0,1,False
2026-02-23 17:31:30+00:00,,,,,,,,0.73,0.73,,1.0,1,False
2026-02-23 17:32:00+00:00,,,,,,,,0.73,0.73,,400.0,1,False
2026-02-23 17:32:30+00:00,,,,,,,,0.73,0.73,,0.0,0,False
2026-02-23 17:33:00+00:00,,,,,,,,0.73,0.73,,0.0,0,False
2026-02-23 17:33:30+00:00,,,,,,,,0.73,0.73,,0.0,0,False
2026-02-23 17:34:00+00:00,,,,,,,,0.73,0.73,,0.0,0,False
2026-02-23 17:34:30+00:00,,,,,,,,0.73,0.73,,0.0,0,False
2026-02-23 17:35:00+00:00,,,,,,,,0.73,0.73,,22.0,2,False
2026-02-23 17:35:30+00:00,,,,,,,,0.71,0.71,,1.0,1,False
2026-02-23 17:36:00+00:00,,,,,,,,0.71,0.71,,0.0,0,False
2026-02-23 17:36:30+00:00,,,,,,,,0.73,0.73,,6.0,1,False
2026-02-23 17:37:00+00:00,,,,,,,,0.7154545454545453,0.73,,22.0,2,False
2026-02-23 17:37:30+00:00,,,,,,,,0.7154545454545453,0.73,,0.0,0,False
2026-02-23 17:38:00+00:00,,,,,,,,0.7154545454545453,0.73,,0.0,0,False
2026-02-23 17:38:30+00:00,,,,,,,,0.7154545454545453,0.73,,0.0,0,False
2026-02-23 17:39:00+00:00,,,,,,,,0.7154545454545453,0.73,,0.0,0,False
2026-02-23 17:39:30+00:00,,,,,,,,0.7154545454545453,0.73,,0.0,0,False
2026-02-23 17:40:00+00:00,,,,,,,,0.7154545454545453,0.73,,0.0,0,False
2026-02-23 17:40:30+00:00,,,,,,,,0.73,0.73,,40.0,1,False
2026-02-23 17:41:00+00:00,,,,,,,,0.73,0.73,,0.0,0,False
2026-02-23 17:41:30+00:00,,,,,,,,0.73,0.73,,0.0,0,False
2026-02-23 17:42:00+00:00,,,,,,,,0.73,0.73,,0.0,0,False
2026-02-23 17:42:30+00:00,,,,,,,,0.73,0.73,,0.0,0,False
2026-02-23 17:43:00+00:00,,,,,,,,0.73,0.73,,0.0,0,False
2026-02-23 17:43:30+00:00,,,,,,,,0.73,0.73,,0.0,0,False
2026-02-23 17:44:00+00:00,,,,,,,,0.73,0.73,,0.0,0,False
2026-02-23 17:44:30+00:00,,,,,,,,0.73,0.73,,0.0,0,False
2026-02-23 17:45:00+00:00,,,,,,,,0.73,0.73,,0.0,0,False
2026-02-23 17:45:30+00:00,,,,,,,,0.71,0.71,,32.0,1,False
2026-02-23 17:46:00+00:00,,,,,,,,0.73,0.73,,50.0,1,False
2026-02-23 17:46:30+00:00,,,,,,,,0.73,0.73,,133.0,2,False
2026-02-23 17:47:00+00:00,,,,,,,,0.73,0.73,,0.0,0,False
2026-02-23 17:47:30+00:00,,,,,,,,0.73,0.73,,0.0,0,False
2026-02-23 17:48:00+00:00,,,,,,,,0.73,0.73,,0.0,0,False
2026-02-23 17:48:30+00:00,,,,,,,,0.73,0.73,,0.0,0,False
2026-02-23 17:49:00+00:00,,,,,,,,0.73,0.73,,0.0,0,False
2026-02-23 17:49:30+00:00,,,,,,,,0.73,0.73,,22.0,1,False
2026-02-23 17:50:00+00:00,,,,,,,,0.73,0.73,,0.0,0,False
2026-02-23 17:50:30+00:00,,,,,,,,0.73,0.73,,33.0,1,False
2026-02-23 17:51:00+00:00,,,,,,,,0.73,0.73,,0.0,0,False
2026-02-23 17:51:30+00:00,,,,,,,,0.73,0.73,,0.0,0,False
2026-02-23 17:52:00+00:00,,,,,,,,0.73,0.73,,0.0,0,False
2026-02-23 17:52:30+00:00,,,,,,,,0.73,0.73,,6.0,1,False
2026-02-23 17:53:00+00:00,,,,,,,,0.73,0.73,,0.0,0,False
2026-02-23 17:53:30+00:00,,,,,,,,0.73,0.73,,0.0,0,False
2026-02-23 17:54:00+00:00,,,,,,,,0.73,0.73,,25.0,1,False
2026-02-23 17:54:30+00:00,,,,,,,,0.73,0.73,,0.0,0,False
2026-02-23 17:55:00+00:00,,,,,,,,0.73,0.73,,0.0,0,False
2026-02-23 17:55:30+00:00,,,,,,,,0.704375,0.7,,16.0,2,False
2026-02-23 17:56:00+00:00,,,,,,,,0.704375,0.7,,0.0,0,False
2026-02-23 17:56:30+00:00,,,,,,,,0.704375,0.7,,0.0,0,False
2026-02-23 17:57:00+00:00,,,,,,,,0.704375,0.7,,0.0,0,False
2026-02-23 17:57:30+00:00,,,,,,,,0.704375,0.7,,0.0,0,False
2026-02-23 17:58:00+00:00,,,,,,,,0.73,0.73,,123.0,1,False
2026-02-23 17:58:30+00:00,,,,,,,,0.73,0.73,,0.0,0,False
2026-02-23 17:59:00+00:00,,,,,,,,0.73,0.73,,0.0,0,False
2026-02-23 17:59:30+00:00,,,,,,,,0.73,0.73,,50.0,1,False
2026-02-23 18:00:00+00:00,,,,,,,,0.73,0.73,,33.0,1,False
2026-02-23 18:00:30+00:00,,,,,,,,0.73,0.73,,0.0,0,False
2026-02-23 18:01:00+00:00,,,,,,,,0.73,0.73,,0.0,0,False
2026-02-23 18:01:30+00:00,,,,,,,,0.73,0.73,,0.0,0,False
2026-02-23 18:02:00+00:00,,,,,,,,0.73,0.73,,0.0,0,False
2026-02-23 18:02:30+00:00,,,,,,,,0.73,0.73,,167.0,1,False
2026-02-23 18:03:00+00:00,,,,,,,,0.73,0.73,,0.0,0,False
2026-02-23 18:03:30+00:00,,,,,,,,0.7,0.7,,15.0,1,False
2026-02-23 18:04:00+00:00,,,,,,,,0.7,0.7,,0.0,0,False
2026-02-23 18:04:30+00:00,,,,,,,,0.7282815057283143,0.73,,611.0,4,False
2026-02-23 18:05:00+00:00,,,,,,,,0.7282815057283143,0.73,,0.0,0,False
2026-02-23 18:05:30+00:00,,,,,,,,0.7282815057283143,0.73,,0.0,0,False
2026-02-23 18:06:00+00:00,,,,,,,,0.7282815057283143,0.73,,0.0,0,False
2026-02-23 18:06:30+00:00,,,,,,,,0.7282815057283143,0.73,,0.0,0,False
2026-02-23 18:07:00+00:00,,,,,,,,0.7282815057283143,0.73,,0.0,0,False
2026-02-23 18:07:30+00:00,,,,,,,,0.7,0.7,,15.0,1,False
2026-02-23 18:08:00+00:00,,,,,,,,0.73,0.73,,1000.0,1,False
2026-02-23 18:08:30+00:00,,,,,,,,0.73,0.73,,26.0,1,False
2026-02-23 18:09:00+00:00,,,,,,,,0.73,0.73,,0.0,0,False
2026-02-23 18:09:30+00:00,,,,,,,,0.73,0.73,,0.0,0,False
2026-02-23 18:10:00+00:00,,,,,,,,0.7299999999999999,0.73,,28.0,1,False
2026-02-23 18:10:30+00:00,,,,,,,,0.7,0.7,,31.0,1,False
2026-02-23 18:11:00+00:00,,,,,,,,0.7,0.7,,0.0,0,False
2026-02-23 18:11:30+00:00,,,,,,,,0.7,0.7,,0.0,0,False
2026-02-23 18:12:00+00:00,,,,,,,,0.7,0.7,,0.0,0,False
2026-02-23 18:12:30+00:00,,,,,,,,0.7,0.7,,0.0,0,False
2026-02-23 18:13:00+00:00,,,,,,,,0.7,0.7,,0.0,0,False
2026-02-23 18:13:30+00:00,,,,,,,,0.7,0.7,,0.0,0,False
2026-02-23 18:14:00+00:00,,,,,,,,0.7,0.7,,0.0,0,False
2026-02-23 18:14:30+00:00,,,,,,,,0.7,0.7,,0.0,0,False
2026-02-23 18:15:00+00:00,,,,,,,,0.7,0.7,,0.0,0,False
2026-02-23 18:15:30+00:00,,,,,,,,0.7,0.7,,0.0,0,False
2026-02-23 18:16:00+00:00,,,,,,,,0.7,0.7,,0.0,0,False
2026-02-23 18:16:30+00:00,,,,,,,,0.7,0.7,,0.0,0,False
2026-02-23 18:17:00+00:00,,,,,,,,0.7,0.7,,0.0,0,False
2026-02-23 18:17:30+00:00,,,,,,,,0.7,0.7,,0.0,0,False
2026-02-23 18:18:00+00:00,,,,,,,,0.7,0.7,,0.0,0,False
2026-02-23 18:18:30+00:00,,,,,,,,0.73,0.73,,13.0,1,False
2026-02-23 18:19:00+00:00,,,,,,,,0.73,0.73,,0.0,0,False
2026-02-23 18:19:30+00:00,,,,,,,,0.73,0.73,,0.0,0,False
2026-02-23 18:20:00+00:00,,,,,,,,0.73,0.73,,0.0,0,False
2026-02-23 18:20:30+00:00,,,,,,,,0.73,0.73,,0.0,0,False
2026-02-23 18:21:00+00:00,,,,,,,,0.73,0.73,,0.0,0,False
2026-02-23 18:21:30+00:00,,,,,,,,0.73,0.73,,6.0,1,False
2026-02-23 18:22:00+00:00,,,,,,,,0.73,0.73,,0.0,0,False
2026-02-23 18:22:30+00:00,,,,,,,,0.7,0.7,,16.0,1,False
2026-02-23 18:23:00+00:00,,,,,,,,0.7,0.7,,0.0,0,False
2026-02-23 18:23:30+00:00,,,,,,,,0.7,0.7,,0.0,0,False
2026-02-23 18:24:00+00:00,,,,,,,,0.7,0.7,,0.0,0,False
2026-02-23 18:24:30+00:00,,,,,,,,0.7,0.7,,0.0,0,False
2026-02-23 18:25:00+00:00,,,,,,,,0.7,0.7,,0.0,0,False
2026-02-23 18:25:30+00:00,,,,,,,,0.7,0.7,,0.0,0,False
2026-02-23 18:26:00+00:00,,,,,,,,0.7,0.7,,0.0,0,False
2026-02-23 18:26:30+00:00,,,,,,,,0.7,0.7,,0.0,0,False
2026-02-23 18:27:00+00:00,,,,,,,,0.7,0.7,,0.0,0,False
2026-02-23 18:27:30+00:00,,,,,,,,0.7,0.7,,0.0,0,False
2026-02-23 18:28:00+00:00,,,,,,,,0.7,0.7,,0.0,0,False
2026-02-23 18:28:30+00:00,,,,,,,,0.7,0.7,,0.0,0,False
2026-02-23 18:29:00+00:00,,,,,,,,0.7,0.7,,0.0,0,False
2026-02-23 18:29:30+00:00,,,,,,,,0.7,0.7,,0.0,0,False
2026-02-23 18:30:00+00:00,,,,,,,,0.7,0.7,,0.0,0,False
2026-02-23 18:30:30+00:00,,,,,,,,0.7,0.7,,0.0,0,False
2026-02-23 18:31:00+00:00,,,,,,,,0.7,0.7,,0.0,0,False
2026-02-23 18:31:30+00:00,,,,,,,,0.73,0.73,,1.0,1,False
2026-02-23 18:32:00+00:00,,,,,,,,0.73,0.73,,0.0,0,False
2026-02-23 18:32:30+00:00,,,,,,,,0.73,0.73,,0.0,0,False
2026-02-23 18:33:00+00:00,,,,,,,,0.73,0.73,,0.0,0,False
2026-02-23 18:33:30+00:00,,,,,,,,0.73,0.73,,0.0,0,False
2026-02-23 18:34:00+00:00,,,,,,,,0.73,0.73,,0.0,0,False
2026-02-23 18:34:30+00:00,,,,,,,,0.73,0.73,,0.0,0,False
2026-02-23 18:35:00+00:00,,,,,,,,0.73,0.73,,0.0,0,False
2026-02-23 18:35:30+00:00,,,,,,,,0.73,0.73,,0.0,0,False
2026-02-23 18:36:00+00:00,,,,,,,,0.73,0.73,,0.0,0,False
2026-02-23 18:36:30+00:00,,,,,,,,0.72,0.72,,2.0,1,False
2026-02-23 18:37:00+00:00,,,,,,,,0.72,0.72,,0.0,0,False
2026-02-23 18:37:30+00:00,,,,,,,,0.72,0.72,,0.0,0,False
2026-02-23 18:38:00+00:00,,,,,,,,0.72,0.72,,0.0,0,False
2026-02-23 18:38:30+00:00,,,,,,,,0.72,0.72,,0.0,0,False
2026-02-23 18:39:00+00:00,,,,,,,,0.72,0.72,,0.0,0,False
2026-02-23 18:39:30+00:00,,,,,,,,0.72,0.72,,0.0,0,False
2026-02-23 18:40:00+00:00,,,,,,,,0.72,0.72,,0.0,0,False
2026-02-23 18:40:30+00:00,,,,,,,,0.72,0.72,,0.0,0,False
2026-02-23 18:41:00+00:00,,,,,,,,0.72,0.72,,0.0,0,False
2026-02-23 18:41:30+00:00,,,,,,,,0.72,0.72,,0.0,0,False
2026-02-23 18:42:00+00:00,,,,,,,,0.72,0.72,,0.0,0,False
2026-02-23 18:42:30+00:00,,,,,,,,0.72,0.72,,0.0,0,False
2026-02-23 18:43:00+00:00,,,,,,,,0.72,0.72,,0.0,0,False
2026-02-23 18:43:30+00:00,,,,,,,,0.72,0.72,,0.0,0,False
2026-02-23 18:44:00+00:00,,,,,,,,0.72,0.72,,0.0,0,False
2026-02-23 18:44:30+00:00,,,,,,,,0.72,0.72,,0.0,0,False
2026-02-23 18:45:00+00:00,,,,,,,,0.72,0.72,,0.0,0,False
2026-02-23 18:45:30+00:00,,,,,,,,0.72,0.72,,68.0,1,False
2026-02-23 18:46:00+00:00,,,,,,,,0.72,0.72,,0.0,0,False
2026-02-23 18:46:30+00:00,,,,,,,,0.72,0.72,,0.0,0,False
2026-02-23 18:47:00+00:00,,,,,,,,0.72,0.72,,0.0,0,False
2026-02-23 18:47:30+00:00,,,,,,,,0.72,0.72,,0.0,0,False
2026-02-23 18:48:00+00:00,,,,,,,,0.7,0.7,,1.0,1,False
2026-02-23 18:48:30+00:00,,,,,,,,0.7,0.71,,38.0,2,False
2026-02-23 18:49:00+00:00,,,,,,,,0.72,0.72,,13.0,1,False
2026-02-23 18:49:30+00:00,,,,,,,,0.72,0.72,,0.0,0,False
2026-02-23 18:50:00+00:00,,,,,,,,0.72,0.72,,0.0,0,False
2026-02-23 18:50:30+00:00,,,,,,,,0.72,0.72,,0.0,0,False
2026-02-23 18:51:00+00:00,,,,,,,,0.72,0.72,,0.0,0,False
2026-02-23 18:51:30+00:00,,,,,,,,0.72,0.72,,0.0,0,False
2026-02-23 18:52:00+00:00,,,,,,,,0.72,0.72,,0.0,0,False
2026-02-23 18:52:30+00:00,,,,,,,,0.72,0.72,,0.0,0,False
2026-02-23 18:53:00+00:00,,,,,,,,0.72,0.72,,0.0,0,False
2026-02-23 18:53:30+00:00,,,,,,,,0.72,0.72,,0.0,0,False
2026-02-23 18:54:00+00:00,,,,,,,,0.72,0.72,,0.0,0,False
2026-02-23 18:54:30+00:00,,,,,,,,0.72,0.72,,0.0,0,False
2026-02-23 18:55:00+00:00,,,,,,,,0.72,0.72,,13.0,1,False
2026-02-23 18:55:30+00:00,,,,,,,,0.72,0.72,,13.0,2,False
2026-02-23 18:56:00+00:00,,,,,,,,0.72,0.72,,0.0,0,False
2026-02-23 18:56:30+00:00,,,,,,,,0.72,0.72,,0.0,0,False
2026-02-23 18:57:00+00:00,,,,,,,,0.72,0.72,,0.0,0,False
2026-02-23 18:57:30+00:00,,,,,,,,0.72,0.72,,0.0,0,False
2026-02-23 18:58:00+00:00,,,,,,,,0.72,0.72,,0.0,0,False
2026-02-23 18:58:30+00:00,,,,,,,,0.72,0.72,,0.0,0,False
2026-02-23 18:59:00+00:00,,,,,,,,0.72,0.72,,44.0,2,False
2026-02-23 18:59:30+00:00,,,,,,,,0.72,0.72,,0.0,0,False
2026-02-23 19:00:00+00:00,,,,,,,,0.72,0.72,,0.0,0,False
2026-02-23 19:00:30+00:00,,,,,,,,0.72,0.72,,0.0,0,False
2026-02-23 19:01:00+00:00,,,,,,,,0.72,0.72,,0.0,0,False
2026-02-23 19:01:30+00:00,,,,,,,,0.72,0.72,,0.0,0,False
2026-02-23 19:02:00+00:00,,,,,,,,0.72,0.72,,26.0,1,False
2026-02-23 19:02:30+00:00,,,,,,,,0.72,0.72,,10.0,1,False
2026-02-23 19:03:00+00:00,,,,,,,,0.72,0.72,,0.0,0,False
2026-02-23 19:03:30+00:00,,,,,,,,0.72,0.72,,0.0,0,False
2026-02-23 19:04:00+00:00,,,,,,,,0.72,0.72,,0.0,0,False
2026-02-23 19:04:30+00:00,,,,,,,,0.72,0.72,,0.0,0,False
2026-02-23 19:05:00+00:00,,,,,,,,0.72,0.72,,67.0,1,False
2026-02-23 19:05:30+00:00,,,,,,,,0.72,0.72,,0.0,0,False
2026-02-23 19:06:00+00:00,,,,,,,,0.72,0.72,,0.0,0,False
2026-02-23 19:06:30+00:00,,,,,,,,0.7,0.71,,46.0,2,False
2026-02-23 19:07:00+00:00,,,,,,,,0.7,0.71,,0.0,0,False
2026-02-23 19:07:30+00:00,,,,,,,,0.7,0.71,,0.0,0,False
2026-02-23 19:08:00+00:00,,,,,,,,0.71,0.71,,137.0,2,False
2026-02-23 19:08:30+00:00,,,,,,,,0.71,0.71,,0.0,0,False
2026-02-23 19:09:00+00:00,,,,,,,,0.71,0.71,,0.0,0,False
2026-02-23 19:09:30+00:00,,,,,,,,0.71,0.71,,2.0,1,False
2026-02-23 19:10:00+00:00,,,,,,,,0.71,0.71,,25.0,1,False
2026-02-23 19:10:30+00:00,,,,,,,,0.71,0.71,,0.0,0,False
2026-02-23 19:11:00+00:00,,,,,,,,0.71,0.71,,0.0,0,False
2026-02-23 19:11:30+00:00,,,,,,,,0.71,0.71,,0.0,0,False
2026-02-23 19:12:00+00:00,,,,,,,,0.71,0.71,,0.0,0,False
2026-02-23 19:12:30+00:00,,,,,,,,0.71,0.71,,0.0,0,False
2026-02-23 19:13:00+00:00,,,,,,,,0.71,0.71,,0.0,0,False
2026-02-23 19:13:30+00:00,,,,,,,,0.71,0.71,,0.0,0,False
2026-02-23 19:14:00+00:00,,,,,,,,0.71,0.71,,6.0,1,False
2026-02-23 19:14:30+00:00,,,,,,,,0.71,0.71,,0.0,0,False
2026-02-23 19:15:00+00:00,,,,,,,,0.69,0.69,,10.0,1,False
2026-02-23 19:15:30+00:00,,,,,,,,0.69,0.69,,0.0,0,False
2026-02-23 19:16:00+00:00,,,,,,,,0.69,0.69,,0.0,0,False
2026-02-23 19:16:30+00:00,,,,,,,,0.69,0.69,,0.0,0,False
2026-02-23 19:17:00+00:00,,,,,,,,0.69,0.69,,0.0,0,False
2026-02-23 19:17:30+00:00,,,,,,,,0.69,0.69,,0.0,0,False
2026-02-23 19:18:00+00:00,,,,,,,,0.71,0.71,,27.0,1,False
2026-02-23 19:18:30+00:00,,,,,,,,0.71,0.71,,0.0,0,False
2026-02-23 19:19:00+00:00,,,,,,,,0.71,0.71,,136.0,1,False
2026-02-23 19:19:30+00:00,,,,,,,,0.71,0.71,,47.0,2,False
2026-02-23 19:20:00+00:00,,,,,,,,0.71,0.71,,0.0,0,False
2026-02-23 19:20:30+00:00,,,,,,,,0.7100000000000001,0.71,,13.0,1,False
2026-02-23 19:21:00+00:00,,,,,,,,0.7100000000000001,0.71,,0.0,0,False
2026-02-23 19:21:30+00:00,,,,,,,,0.7100000000000001,0.71,,0.0,0,False
2026-02-23 19:22:00+00:00,,,,,,,,0.7100000000000001,0.71,,0.0,0,False
2026-02-23 19:22:30+00:00,,,,,,,,0.7100000000000001,0.71,,0.0,0,False
2026-02-23 19:23:00+00:00,,,,,,,,0.7100000000000001,0.71,,0.0,0,False
2026-02-23 19:23:30+00:00,,,,,,,,0.69,0.69,,15.0,1,False
2026-02-23 19:24:00+00:00,,,,,,,,0.69,0.69,,0.0,0,False
2026-02-23 19:24:30+00:00,,,,,,,,0.69,0.69,,0.0,0,False
2026-02-23 19:25:00+00:00,,,,,,,,0.69,0.69,,0.0,0,False
2026-02-23 19:25:30+00:00,,,,,,,,0.69,0.69,,0.0,0,False
2026-02-23 19:26:00+00:00,,,,,,,,0.69,0.69,,0.0,0,False
2026-02-23 19:26:30+00:00,,,,,,,,0.69,0.69,,0.0,0,False
2026-02-23 19:27:00+00:00,,,,,,,,0.69,0.69,,0.0,0,False
2026-02-23 19:27:30+00:00,,,,,,,,0.69,0.69,,0.0,0,False
2026-02-23 19:28:00+00:00,,,,,,,,0.69,0.69,,0.0,0,False
2026-02-23 19:28:30+00:00,,,,,,,,0.69,0.69,,0.0,0,False
2026-02-23 19:29:00+00:00,,,,,,,,0.69,0.69,,0.0,0,False
2026-02-23 19:29:30+00:00,,,,,,,,0.69,0.69,,0.0,0,False
2026-02-23 19:30:00+00:00,,,,,,,,0.69,0.69,,0.0,0,False
2026-02-23 19:30:30+00:00,,,,,,,,0.71,0.71,,41.0,1,False
2026-02-23 19:31:00+00:00,,,,,,,,0.71,0.71,,0.0,0,False
2026-02-23 19:31:30+00:00,,,,,,,,0.71,0.71,,67.0,1,False
2026-02-23 19:32:00+00:00,,,,,,,,0.71,0.71,,0.0,0,False
2026-02-23 19:32:30+00:00,,,,,,,,0.71,0.71,,0.0,0,False
2026-02-23 19:33:00+00:00,,,,,,,,0.71,0.71,,0.0,0,False
2026-02-23 19:33:30+00:00,,,,,,,,0.71,0.71,,0.0,0,False
2026-02-23 19:34:00+00:00,,,,,,,,0.71,0.71,,0.0,0,False
2026-02-23 19:34:30+00:00,,,,,,,,0.7100000000000001,0.71,,13.0,1,False
2026-02-23 19:35:00+00:00,,,,,,,,0.7100000000000001,0.71,,0.0,0,False
2026-02-23 19:35:30+00:00,,,,,,,,0.7100000000000001,0.71,,0.0,0,False
2026-02-23 19:36:00+00:00,,,,,,,,0.7100000000000001,0.71,,0.0,0,False
2026-02-23 19:36:30+00:00,,,,,,,,0.7100000000000001,0.71,,0.0,0,False
2026-02-23 19:37:00+00:00,,,,,,,,0.71,0.71,,6.0,1,False
2026-02-23 19:37:30+00:00,,,,,,,,0.71,0.71,,0.0,0,False
2026-02-23 19:38:00+00:00,,,,,,,,0.71,0.71,,0.0,0,False
2026-02-23 19:38:30+00:00,,,,,,,,0.71,0.71,,0.0,0,False
2026-02-23 19:39:00+00:00,,,,,,,,0.71,0.71,,0.0,0,False
2026-02-23 19:39:30+00:00,,,,,,,,0.71,0.71,,0.0,0,False
2026-02-23 19:40:00+00:00,,,,,,,,0.71,0.71,,9.0,1,False
2026-02-23 19:40:30+00:00,,,,,,,,0.71,0.71,,0.0,0,False
2026-02-23 19:41:00+00:00,,,,,,,,0.71,0.71,,0.0,0,False
2026-02-23 19:41:30+00:00,,,,,,,,0.71,0.71,,0.0,0,False
2026-02-23 19:42:00+00:00,,,,,,,,0.71,0.71,,0.0,0,False
2026-02-23 19:42:30+00:00,,,,,,,,0.71,0.71,,0.0,0,False
2026-02-23 19:43:00+00:00,,,,,,,,0.71,0.71,,0.0,0,False
2026-02-23 19:43:30+00:00,,,,,,,,0.71,0.71,,0.0,0,False
2026-02-23 19:44:00+00:00,,,,,,,,0.71,0.71,,0.0,0,False
2026-02-23 19:44:30+00:00,,,,,,,,0.71,0.71,,0.0,0,False
2026-02-23 19:45:00+00:00,,,,,,,,0.71,0.71,,1.0,1,False
2026-02-23 19:45:30+00:00,,,,,,,,0.7041747572815534,0.69,,206.0,4,False
2026-02-23 19:46:00+00:00,,,,,,,,0.71,0.71,,303.0,3,False
2026-02-23 19:46:30+00:00,,,,,,,,0.7087671232876711,0.69,,146.0,2,False
2026-02-23 19:47:00+00:00,,,,,,,,0.7087671232876711,0.69,,0.0,0,False
2026-02-23 19:47:30+00:00,,,,,,,,0.7087671232876711,0.69,,0.0,0,False
2026-02-23 19:48:00+00:00,,,,,,,,0.7087671232876711,0.69,,0.0,0,False
2026-02-23 19:48:30+00:00,,,,,,,,0.7087671232876711,0.69,,0.0,0,False
2026-02-23 19:49:00+00:00,,,,,,,,0.7087671232876711,0.69,,0.0,0,False
2026-02-23 19:49:30+00:00,,,,,,,,0.7087671232876711,0.69,,0.0,0,False
2026-02-23 19:50:00+00:00,,,,,,,,0.7087671232876711,0.69,,0.0,0,False
2026-02-23 19:50:30+00:00,,,,,,,,0.7087671232876711,0.69,,0.0,0,False
2026-02-23 19:51:00+00:00,,,,,,,,0.7083177570093457,0.71,,107.0,2,False
2026-02-23 19:51:30+00:00,,,,,,,,0.7100000000000001,0.71,,13.0,1,False
2026-02-23 19:52:00+00:00,,,,,,,,0.7100000000000001,0.71,,0.0,0,False
2026-02-23 19:52:30+00:00,,,,,,,,0.7100000000000001,0.71,,0.0,0,False
2026-02-23 19:53:00+00:00,,,,,,,,0.7100000000000001,0.71,,0.0,0,False
2026-02-23 19:53:30+00:00,,,,,,,,0.71,0.71,,113.0,1,False
2026-02-23 19:54:00+00:00,,,,,,,,0.71,0.71,,0.0,0,False
2026-02-23 19:54:30+00:00,,,,,,,,0.71,0.71,,0.0,0,False
2026-02-23 19:55:00+00:00,,,,,,,,0.71,0.71,,0.0,0,False
2026-02-23 19:55:30+00:00,,,,,,,,0.71,0.71,,0.0,0,False
2026-02-23 19:56:00+00:00,,,,,,,,0.71,0.71,,0.0,0,False
2026-02-23 19:56:30+00:00,,,,,,,,0.71,0.71,,0.0,0,False
2026-02-23 19:57:00+00:00,,,,,,,,0.71,0.71,,0.0,0,False
2026-02-23 19:57:30+00:00,,,,,,,,0.71,0.71,,1.0,1,False
2026-02-23 19:58:00+00:00,,,,,,,,0.71,0.71,,10.0,1,False
2026-02-23 19:58:30+00:00,,,,,,,,0.7100000000000001,0.71,,151.0,2,False
2026-02-23 19:59:00+00:00,,,,,,,,0.7100000000000001,0.71,,0.0,0,False
2026-02-23 19:59:30+00:00,,,,,,,,0.7100000000000001,0.71,,0.0,0,False
2026-02-23 20:00:00+00:00,,,,,,,,0.7100000000000001,0.71,,0.0,0,False
2026-02-23 20:00:30+00:00,,,,,,,,0.7100000000000001,0.71,,0.0,0,False
2026-02-23 20:01:00+00:00,,,,,,,,0.7100000000000001,0.71,,0.0,0,False
2026-02-23 20:01:30+00:00,,,,,,,,0.71,0.71,,20.0,1,False
2026-02-23 20:02:00+00:00,,,,,,,,0.71,0.71,,0.0,0,False
2026-02-23 20:02:30+00:00,,,,,,,,0.71,0.71,,0.0,0,False
2026-02-23 20:03:00+00:00,,,,,,,,0.71,0.71,,0.0,0,False
2026-02-23 20:03:30+00:00,,,,,,,,0.71,0.71,,0.0,0,False
2026-02-23 20:04:00+00:00,,,,,,,,0.71,0.71,,0.0,0,False
2026-02-23 20:04:30+00:00,,,,,,,,0.71,0.71,,0.0,0,False
2026-02-23 20:05:00+00:00,,,,,,,,0.71,0.71,,0.0,0,False
2026-02-23 20:05:30+00:00,,,,,,,,0.71,0.71,,0.0,0,False
2026-02-23 20:06:00+00:00,,,,,,,,0.7057446808510639,0.71,,47.0,2,False
2026-02-23 20:06:30+00:00,,,,,,,,0.71,0.71,,102.0,2,False
2026-02-23 20:07:00+00:00,,,,,,,,0.71,0.71,,0.0,0,False
2026-02-23 20:07:30+00:00,,,,,,,,0.71,0.71,,0.0,0,False
2026-02-23 20:08:00+00:00,,,,,,,,0.71,0.71,,0.0,0,False
2026-02-23 20:08:30+00:00,,,,,,,,0.71,0.71,,0.0,0,False
2026-02-23 20:09:00+00:00,,,,,,,,0.71,0.71,,0.0,0,False
2026-02-23 20:09:30+00:00,,,,,,,,0.71,0.71,,0.0,0,False
2026-02-23 20:10:00+00:00,,,,,,,,0.71,0.71,,32.0,2,False
2026-02-23 20:10:30+00:00,,,,,,,,0.71,0.71,,0.0,0,False
2026-02-23 20:11:00+00:00,,,,,,,,0.69,0.69,,18.0,1,False
2026-02-23 20:11:30+00:00,,,,,,,,0.71,0.71,,68.0,1,False
2026-02-23 20:12:00+00:00,,,,,,,,0.71,0.71,,0.0,0,False
2026-02-23 20:12:30+00:00,,,,,,,,0.71,0.71,,0.0,0,False
2026-02-23 20:13:00+00:00,,,,,,,,0.71,0.71,,0.0,0,False
2026-02-23 20:13:30+00:00,,,,,,,,0.71,0.71,,0.0,0,False
2026-02-23 20:14:00+00:00,,,,,,,,0.71,0.71,,0.0,0,False
2026-02-23 20:14:30+00:00,,,,,,,,0.71,0.71,,5.0,1,False
2026-02-23 20:15:00+00:00,,,,,,,,0.71,0.71,,0.0,0,False
2026-02-23 20:15:30+00:00,,,,,,,,0.71,0.71,,0.0,0,False
2026-02-23 20:16:00+00:00,,,,,,,,0.71,0.71,,0.0,0,False
2026-02-23 20:16:30+00:00,,,,,,,,0.71,0.71,,2.0,1,False
2026-02-23 20:17:00+00:00,,,,,,,,0.71,0.71,,0.0,0,False
2026-02-23 20:17:30+00:00,,,,,,,,0.71,0.71,,2.0,1,False
2026-02-23 20:18:00+00:00,,,,,,,,0.71,0.71,,48.0,1,False
2026-02-23 20:18:30+00:00,,,,,,,,0.71,0.71,,0.0,0,False
2026-02-23 20:19:00+00:00,,,,,,,,0.71,0.71,,135.0,1,False
2026-02-23 20:19:30+00:00,,,,,,,,0.71,0.71,,0.0,0,False
2026-02-23 20:20:00+00:00,,,,,,,,0.7100000000000001,0.71,,13.0,1,False
2026-02-23 20:20:30+00:00,,,,,,,,0.7100000000000001,0.71,,0.0,0,False
2026-02-23 20:21:00+00:00,,,,,,,,0.7100000000000001,0.71,,0.0,0,False
2026-02-23 20:21:30+00:00,,,,,,,,0.7100000000000001,0.71,,0.0,0,False
2026-02-23 20:22:00+00:00,,,,,,,,0.7100000000000001,0.71,,0.0,0,False
2026-02-23 20:22:30+00:00,,,,,,,,0.7100000000000001,0.71,,0.0,0,False
2026-02-23 20:23:00+00:00,,,,,,,,0.7100000000000001,0.71,,0.0,0,False
2026-02-23 20:23:30+00:00,,,,,,,,0.7100000000000001,0.71,,0.0,0,False
2026-02-23 20:24:00+00:00,,,,,,,,0.7100000000000001,0.71,,0.0,0,False
2026-02-23 20:24:30+00:00,,,,,,,,0.7100000000000001,0.71,,0.0,0,False
2026-02-23 20:25:00+00:00,,,,,,,,0.6932876712328767,0.69,,73.0,2,False
2026-02-23 20:25:30+00:00,,,,,,,,0.6932876712328767,0.69,,0.0,0,False
2026-02-23 20:26:00+00:00,,,,,,,,0.6932876712328767,0.69,,0.0,0,False
2026-02-23 20:26:30+00:00,,,,,,,,0.6932876712328767,0.69,,0.0,0,False
2026-02-23 20:27:00+00:00,,,,,,,,0.6932876712328767,0.69,,0.0,0,False
2026-02-23 20:27:30+00:00,,,,,,,,0.6932876712328767,0.69,,0.0,0,False
2026-02-23 20:28:00+00:00,,,,,,,,0.6932876712328767,0.69,,0.0,0,False
2026-02-23 20:28:30+00:00,,,,,,,,0.6932876712328767,0.69,,0.0,0,False
2026-02-23 20:29:00+00:00,,,,,,,,0.6932876712328767,0.69,,0.0,0,False
2026-02-23 20:29:30+00:00,,,,,,,,0.71,0.71,,102.0,1,False
2026-02-23 20:30:00+00:00,,,,,,,,0.71,0.71,,0.0,0,False
2026-02-23 20:30:30+00:00,,,,,,,,0.71,0.71,,0.0,0,False
2026-02-23 20:31:00+00:00,,,,,,,,0.71,0.71,,0.0,0,False
2026-02-23 20:31:30+00:00,,,,,,,,0.71,0.71,,0.0,0,False
2026-02-23 20:32:00+00:00,,,,,,,,0.71,0.71,,0.0,0,False
2026-02-23 20:32:30+00:00,,,,,,,,0.71,0.71,,0.0,0,False
2026-02-23 20:33:00+00:00,,,,,,,,0.6800680272108842,0.6799999999999999,,147.0,2,False
2026-02-23 20:33:30+00:00,,,,,,,,0.6800680272108842,0.6799999999999999,,0.0,0,False
2026-02-23 20:34:00+00:00,,,,,,,,0.6799999999999999,0.6799999999999999,,8.0,1,False
2026-02-23 20:34:30+00:00,,,,,,,,0.6799999999999999,0.6799999999999999,,0.0,0,False
2026-02-23 20:35:00+00:00,,,,,,,,0.71,0.71,,20.0,1,False
2026-02-23 20:35:30+00:00,,,,,,,,0.71,0.71,,0.0,0,False
2026-02-23 20:36:00+00:00,,,,,,,,0.71,0.71,,0.0,0,False
2026-02-23 20:36:30+00:00,,,,,,,,0.71,0.71,,0.0,0,False
2026-02-23 20:37:00+00:00,,,,,,,,0.71,0.71,,0.0,0,False
2026-02-23 20:37:30+00:00,,,,,,,,0.71,0.71,,0.0,0,False
2026-02-23 20:38:00+00:00,,,,,,,,0.71,0.71,,5.0,1,False
2026-02-23 20:38:30+00:00,,,,,,,,0.71,0.71,,0.0,0,False
2026-02-23 20:39:00+00:00,,,,,,,,0.71,0.71,,0.0,0,False
2026-02-23 20:39:30+00:00,,,,,,,,0.71,0.71,,0.0,0,False
2026-02-23 20:40:00+00:00,,,,,,,,0.71,0.71,,38.0,1,False
2026-02-23 20:40:30+00:00,,,,,,,,0.71,0.71,,0.0,0,False
2026-02-23 20:41:00+00:00,,,,,,,,0.71,0.71,,0.0,0,False
2026-02-23 20:41:30+00:00,,,,,,,,0.71,0.71,,0.0,0,False
2026-02-23 20:42:00+00:00,,,,,,,,0.71,0.71,,5.0,1,False
2026-02-23 20:42:30+00:00,,,,,,,,0.6799999999999999,0.6799999999999999,,137.0,3,False
2026-02-23 20:43:00+00:00,,,,,,,,0.6799999999999999,0.6799999999999999,,0.0,0,False
2026-02-23 20:43:30+00:00,,,,,,,,0.6799999999999999,0.6799999999999999,,29.0,1,False
2026-02-23 20:44:00+00:00,,,,,,,,0.6799999999999999,0.6799999999999999,,0.0,0,False
2026-02-23 20:44:30+00:00,,,,,,,,0.71,0.71,,4.0,1,False
2026-02-23 20:45:00+00:00,,,,,,,,0.71,0.71,,0.0,0,False
2026-02-23 20:45:30+00:00,,,,,,,,0.71,0.71,,0.0,0,False
2026-02-23 20:46:00+00:00,,,,,,,,0.7100000000000001,0.71,,13.0,1,False
2026-02-23 20:46:30+00:00,,,,,,,,0.7100000000000001,0.71,,0.0,0,False
2026-02-23 20:47:00+00:00,,,,,,,,0.7100000000000001,0.71,,0.0,0,False
2026-02-23 20:47:30+00:00,,,,,,,,0.7100000000000001,0.71,,13.0,1,False
2026-02-23 20:48:00+00:00,,,,,,,,0.7032558139534884,0.71,,129.0,2,False
2026-02-23 20:48:30+00:00,,,,,,,,0.7032558139534884,0.71,,0.0,0,False
2026-02-23 20:49:00+00:00,,,,,,,,0.7032558139534884,0.71,,0.0,0,False
2026-02-23 20:49:30+00:00,,,,,,,,0.7,0.7,,32.0,2,False
2026-02-23 20:50:00+00:00,,,,,,,,0.71,0.71,,50.0,1,False
2026-02-23 20:50:30+00:00,,,,,,,,0.71,0.71,,0.0,0,False
2026-02-23 20:51:00+00:00,,,,,,,,0.71,0.71,,0.0,0,False
2026-02-23 20:51:30+00:00,,,,,,,,0.71,0.71,,34.0,1,False
2026-02-23 20:52:00+00:00,,,,,,,,0.71,0.71,,0.0,0,False
2026-02-23 20:52:30+00:00,,,,,,,,0.71,0.71,,0.0,0,False
2026-02-23 20:53:00+00:00,,,,,,,,0.71,0.71,,0.0,0,False
2026-02-23 20:53:30+00:00,,,,,,,,0.71,0.71,,0.0,0,False
2026-02-23 20:54:00+00:00,,,,,,,,0.71,0.71,,0.0,0,False
2026-02-23 20:54:30+00:00,,,,,,,,0.71,0.71,,27.0,1,False
2026-02-23 20:55:00+00:00,,,,,,,,0.71,0.71,,0.0,0,False
2026-02-23 20:55:30+00:00,,,,,,,,0.71,0.71,,0.0,0,False
2026-02-23 20:56:00+00:00,,,,,,,,0.71,0.71,,69.0,1,False
2026-02-23 20:56:30+00:00,,,,,,,,0.71,0.71,,0.0,0,False
2026-02-23 20:57:00+00:00,,,,,,,,0.69,0.69,,3.0,1,False
2026-02-23 20:57:30+00:00,,,,,,,,0.69,0.69,,0.0,0,False
2026-02-23 20:58:00+00:00,,,,,,,,0.71,0.71,,2508.0,2,False
2026-02-23 20:58:30+00:00,,,,,,,,0.71,0.71,,0.0,0,False
2026-02-23 20:59:00+00:00,,,,,,,,0.71,0.71,,0.0,0,False
2026-02-23 20:59:30+00:00,,,,,,,,0.71,0.71,,0.0,0,False
2026-02-23 21:00:00+00:00,,,,,,,,0.71,0.71,,0.0,0,False
2026-02-23 21:00:30+00:00,,,,,,,,0.71,0.71,,0.0,0,False
2026-02-23 21:01:00+00:00,,,,,,,,0.71,0.71,,0.0,0,False
2026-02-23 21:01:30+00:00,,,,,,,,0.71,0.71,,0.0,0,False
2026-02-23 21:02:00+00:00,,,,,,,,0.71,0.71,,0.0,0,False
2026-02-23 21:02:30+00:00,,,,,,,,0.71,0.71,,0.0,0,False
2026-02-23 21:03:00+00:00,,,,,,,,0.71,0.71,,0.0,0,False
2026-02-23 21:03:30+00:00,,,,,,,,0.71,0.71,,1.0,1,False
2026-02-23 21:04:00+00:00,,,,,,,,0.71,0.71,,0.0,0,False
2026-02-23 21:04:30+00:00,,,,,,,,0.71,0.71,,0.0,0,False
2026-02-23 21:05:00+00:00,,,,,,,,0.71,0.71,,0.0,0,False
2026-02-23 21:05:30+00:00,,,,,,,,0.71,0.71,,0.0,0,False
2026-02-23 21:06:00+00:00,,,,,,,,0.71,0.71,,20.0,1,False
2026-02-23 21:06:30+00:00,,,,,,,,0.71,0.71,,0.0,0,False
2026-02-23 21:07:00+00:00,,,,,,,,0.71,0.71,,0.0,0,False
2026-02-23 21:07:30+00:00,,,,,,,,0.71,0.71,,0.0,0,False
2026-02-23 21:08:00+00:00,,,,,,,,0.71,0.71,,0.0,0,False
2026-02-23 21:08:30+00:00,,,,,,,,0.71,0.71,,0.0,0,False
2026-02-23 21:09:00+00:00,,,,,,,,0.71,0.71,,0.0,0,False
2026-02-23 21:09:30+00:00,,,,,,,,0.71,0.71,,0.0,0,False
2026-02-23 21:10:00+00:00,,,,,,,,0.71,0.71,,4.0,1,False
2026-02-23 21:10:30+00:00,,,,,,,,0.71,0.71,,0.0,0,False
2026-02-23 21:11:00+00:00,,,,,,,,0.6799999999999999,0.6799999999999999,,29.0,1,False
2026-02-23 21:11:30+00:00,,,,,,,,0.6799999999999999,0.6799999999999999,,0.0,0,False
2026-02-23 21:12:00+00:00,,,,,,,,0.6799999999999999,0.6799999999999999,,29.0,1,False
2026-02-23 21:12:30+00:00,,,,,,,,0.6799999999999999,0.6799999999999999,,0.0,0,False
2026-02-23 21:13:00+00:00,,,,,,,,0.6799999999999999,0.6799999999999999,,0.0,0,False
2026-02-23 21:13:30+00:00,,,,,,,,0.6799999999999999,0.6799999999999999,,0.0,0,False
2026-02-23 21:14:00+00:00,,,,,,,,0.6799999999999999,0.6799999999999999,,8.0,1,False
2026-02-23 21:14:30+00:00,,,,,,,,0.6799999999999999,0.6799999999999999,,0.0,0,False
2026-02-23 21:15:00+00:00,,,,,,,,0.6799999999999999,0.6799999999999999,,0.0,0,False
2026-02-23 21:15:30+00:00,,,,,,,,0.6799999999999999,0.6799999999999999,,0.0,0,False
2026-02-23 21:16:00+00:00,,,,,,,,0.6799999999999999,0.6799999999999999,,0.0,0,False
2026-02-23 21:16:30+00:00,,,,,,,,0.7100000000000001,0.71,,13.0,1,False
2026-02-23 21:17:00+00:00,,,,,,,,0.6999999999999998,0.7,,3.0,1,False
2026-02-23 21:17:30+00:00,,,,,,,,0.6999999999999998,0.7,,0.0,0,False
2026-02-23 21:18:00+00:00,,,,,,,,0.6999999999999998,0.7,,0.0,0,False
2026-02-23 21:18:30+00:00,,,,,,,,0.6999999999999998,0.7,,0.0,0,False
2026-02-23 21:19:00+00:00,,,,,,,,0.6999999999999998,0.7,,0.0,0,False
2026-02-23 21:19:30+00:00,,,,,,,,0.6999999999999998,0.7,,0.0,0,False
2026-02-23 21:20:00+00:00,,,,,,,,0.6799999999999999,0.6799999999999999,,62.0,1,False
2026-02-23 21:20:30+00:00,,,,,,,,0.6799999999999999,0.6799999999999999,,0.0,0,False
2026-02-23 21:21:00+00:00,,,,,,,,0.6799999999999999,0.6799999999999999,,0.0,0,False
2026-02-23 21:21:30+00:00,,,,,,,,0.6799999999999999,0.6799999999999999,,0.0,0,False
2026-02-23 21:22:00+00:00,,,,,,,,0.6799999999999999,0.6799999999999999,,0.0,0,False
2026-02-23 21:22:30+00:00,,,,,,,,0.6799999999999999,0.6799999999999999,,0.0,0,False
2026-02-23 21:23:00+00:00,,,,,,,,0.6799999999999999,0.6799999999999999,,0.0,0,False
2026-02-23 21:23:30+00:00,,,,,,,,0.6799999999999999,0.6799999999999999,,5.0,1,False
2026-02-23 21:24:00+00:00,,,,,,,,0.6799999999999999,0.6799999999999999,,0.0,0,False
2026-02-23 21:24:30+00:00,,,,,,,,0.6799999999999999,0.6799999999999999,,0.0,0,False
2026-02-23 21:25:00+00:00,,,,,,,,0.6799999999999999,0.6799999999999999,,0.0,0,False
2026-02-23 21:25:30+00:00,,,,,,,,0.71,0.71,,2.0,1,False
2026-02-23 21:26:00+00:00,,,,,,,,0.7094285714285715,0.71,,105.0,4,False
2026-02-23 21:26:30+00:00,,,,,,,,0.7094285714285715,0.71,,0.0,0,False
2026-02-23 21:27:00+00:00,,,,,,,,0.7094285714285715,0.71,,0.0,0,False
2026-02-23 21:27:30+00:00,,,,,,,,0.7094285714285715,0.71,,0.0,0,False
2026-02-23 21:28:00+00:00,,,,,,,,0.7094285714285715,0.71,,0.0,0,False
2026-02-23 21:28:30+00:00,,,,,,,,0.7100000000000001,0.71,,13.0,1,False
2026-02-23 21:29:00+00:00,,,,,,,,0.7100000000000001,0.71,,0.0,0,False
2026-02-23 21:29:30+00:00,,,,,,,,0.71,0.71,,6.0,1,False
2026-02-23 21:30:00+00:00,,,,,,,,0.71,0.71,,0.0,0,False
2026-02-23 21:30:30+00:00,,,,,,,,0.71,0.71,,0.0,0,False
2026-02-23 21:31:00+00:00,,,,,,,,0.71,0.71,,0.0,0,False
2026-02-23 21:31:30+00:00,,,,,,,,0.71,0.71,,0.0,0,False
2026-02-23 21:32:00+00:00,,,,,,,,0.71,0.71,,0.0,0,False
2026-02-23 21:32:30+00:00,,,,,,,,0.71,0.71,,0.0,0,False
2026-02-23 21:33:00+00:00,,,,,,,,0.71,0.71,,0.0,0,False
2026-02-23 21:33:30+00:00,,,,,,,,0.71,0.71,,0.0,0,False
2026-02-23 21:34:00+00:00,,,,,,,,0.71,0.71,,0.0,0,False
2026-02-23 21:34:30+00:00,,,,,,,,0.71,0.71,,0.0,0,False
2026-02-23 21:35:00+00:00,,,,,,,,0.71,0.71,,0.0,0,False
2026-02-23 21:35:30+00:00,,,,,,,,0.71,0.71,,0.0,0,False
2026-02-23 21:36:00+00:00,,,,,,,,0.71,0.71,,0.0,0,False
2026-02-23 21:36:30+00:00,,,,,,,,0.71,0.71,,0.0,0,False
2026-02-23 21:37:00+00:00,,,,,,,,0.71,0.71,,0.0,0,False
2026-02-23 21:37:30+00:00,,,,,,,,0.71,0.71,,0.0,0,False
2026-02-23 21:38:00+00:00,,,,,,,,0.71,0.71,,0.0,0,False
2026-02-23 21:38:30+00:00,,,,,,,,0.71,0.71,,27.0,1,False
2026-02-23 21:39:00+00:00,,,,,,,,0.71,0.71,,0.0,0,False
2026-02-23 21:39:30+00:00,,,,,,,,0.71,0.71,,0.0,0,False
2026-02-23 21:40:00+00:00,,,,,,,,0.71,0.71,,0.0,0,False
2026-02-23 21:40:30+00:00,,,,,,,,0.71,0.71,,0.0,0,False
2026-02-23 21:41:00+00:00,,,,,,,,0.71,0.71,,0.0,0,False
2026-02-23 21:41:30+00:00,,,,,,,,0.71,0.71,,0.0,0,False
2026-02-23 21:42:00+00:00,,,,,,,,0.71,0.71,,0.0,0,False
2026-02-23 21:42:30+00:00,,,,,,,,0.71,0.71,,0.0,0,False
2026-02-23 21:43:00+00:00,,,,,,,,0.6999999999999998,0.7,,6.0,1,False
2026-02-23 21:43:30+00:00,,,,,,,,0.71,0.71,,10.0,1,False
2026-02-23 21:44:00+00:00,,,,,,,,0.71,0.71,,0.0,0,False
2026-02-23 21:44:30+00:00,,,,,,,,0.71,0.71,,4.0,1,False
2026-02-23 21:45:00+00:00,,,,,,,,0.71,0.71,,0.0,0,False
2026-02-23 21:45:30+00:00,,,,,,,,0.7100000000000001,0.71,,13.0,1,False
2026-02-23 21:46:00+00:00,,,,,,,,0.7100000000000001,0.71,,0.0,0,False
2026-02-23 21:46:30+00:00,,,,,,,,0.71,0.71,,69.0,1,False
2026-02-23 21:47:00+00:00,,,,,,,,0.71,0.71,,0.0,0,False
2026-02-23 21:47:30+00:00,,,,,,,,0.71,0.71,,0.0,0,False
2026-02-23 21:48:00+00:00,,,,,,,,0.71,0.71,,0.0,0,False
2026-02-23 21:48:30+00:00,,,,,,,,0.71,0.71,,0.0,0,False
2026-02-23 21:49:00+00:00,,,,,,,,0.6799999999999999,0.6799999999999999,,14.0,1,False
2026-02-23 21:49:30+00:00,,,,,,,,0.6799999999999999,0.6799999999999999,,0.0,0,False
2026-02-23 21:50:00+00:00,,,,,,,,0.6799999999999999,0.6799999999999999,,0.0,0,False
2026-02-23 21:50:30+00:00,,,,,,,,0.6799999999999999,0.6799999999999999,,0.0,0,False
2026-02-23 21:51:00+00:00,,,,,,,,0.6799999999999999,0.6799999999999999,,0.0,0,False
2026-02-23 21:51:30+00:00,,,,,,,,0.6799999999999999,0.6799999999999999,,0.0,0,False
2026-02-23 21:52:00+00:00,,,,,,,,0.6799999999999999,0.6799999999999999,,0.0,0,False
2026-02-23 21:52:30+00:00,,,,,,,,0.6799999999999999,0.6799999999999999,,0.0,0,False
2026-02-23 21:53:00+00:00,,,,,,,,0.7048780487804878,0.71,,82.0,2,False
2026-02-23 21:53:30+00:00,,,,,,,,0.7048780487804878,0.71,,0.0,0,False
2026-02-23 21:54:00+00:00,,,,,,,,0.7048780487804878,0.71,,0.0,0,False
2026-02-23 21:54:30+00:00,,,,,,,,0.7048780487804878,0.71,,0.0,0,False
2026-02-23 21:55:00+00:00,,,,,,,,0.7048780487804878,0.71,,0.0,0,False
2026-02-23 21:55:30+00:00,,,,,,,,0.7048780487804878,0.71,,0.0,0,False
2026-02-23 21:56:00+00:00,,,,,,,,0.71,0.71,,68.0,1,False
2026-02-23 21:56:30+00:00,,,,,,,,0.71,0.71,,0.0,0,False
2026-02-23 21:57:00+00:00,,,,,,,,0.71,0.71,,0.0,0,False
2026-02-23 21:57:30+00:00,,,,,,,,0.71,0.71,,0.0,0,False
2026-02-23 21:58:00+00:00,,,,,,,,0.71,0.71,,0.0,0,False
2026-02-23 21:58:30+00:00,,,,,,,,0.71,0.71,,0.0,0,False
2026-02-23 21:59:00+00:00,,,,,,,,0.71,0.71,,0.0,0,False
2026-02-23 21:59:30+00:00,,,,,,,,0.71,0.71,,0.0,0,False
2026-02-23 22:00:00+00:00,,,,,,,,0.71,0.71,,4.0,1,False
2026-02-23 22:00:30+00:00,,,,,,,,0.71,0.71,,0.0,0,False
2026-02-23 22:01:00+00:00,,,,,,,,0.71,0.71,,0.0,0,False
2026-02-23 22:01:30+00:00,,,,,,,,0.71,0.71,,0.0,0,False
2026-02-23 22:02:00+00:00,,,,,,,,0.71,0.71,,0.0,0,False
2026-02-23 22:02:30+00:00,,,,,,,,0.71,0.71,,0.0,0,False
2026-02-23 22:03:00+00:00,,,,,,,,0.71,0.71,,0.0,0,False
2026-02-23 22:03:30+00:00,,,,,,,,0.71,0.71,,1.0,1,False
2026-02-23 22:04:00+00:00,,,,,,,,0.71,0.71,,6.0,1,False
2026-02-23 22:04:30+00:00,,,,,,,,0.71,0.71,,0.0,0,False
2026-02-23 22:05:00+00:00,,,,,,,,0.71,0.71,,0.0,0,False
2026-02-23 22:05:30+00:00,,,,,,,,0.71,0.71,,0.0,0,False
2026-02-23 22:06:00+00:00,,,,,,,,0.71,0.71,,0.0,0,False
2026-02-23 22:06:30+00:00,,,,,,,,0.71,0.71,,0.0,0,False
2026-02-23 22:07:00+00:00,,,,,,,,0.71,0.71,,0.0,0,False
2026-02-23 22:07:30+00:00,,,,,,,,0.71,0.71,,0.0,0,False
2026-02-23 22:08:00+00:00,,,,,,,,0.71,0.71,,0.0,0,False
2026-02-23 22:08:30+00:00,,,,,,,,0.71,0.71,,0.0,0,False
2026-02-23 22:09:00+00:00,,,,,,,,0.71,0.71,,0.0,0,False
2026-02-23 22:09:30+00:00,,,,,,,,0.7026243093922651,0.71,,362.0,2,False
2026-02-23 22:10:00+00:00,,,,,,,,0.6799999999999999,0.6799999999999999,,5.0,1,False
2026-02-23 22:10:30+00:00,,,,,,,,0.6799999999999999,0.6799999999999999,,0.0,0,False
2026-02-23 22:11:00+00:00,,,,,,,,0.6799999999999999,0.6799999999999999,,0.0,0,False
2026-02-23 22:11:30+00:00,,,,,,,,0.7042857142857143,0.71,,7.0,2,False
2026-02-23 22:12:00+00:00,,,,,,,,0.7042857142857143,0.71,,0.0,0,False
2026-02-23 22:12:30+00:00,,,,,,,,0.7042857142857143,0.71,,0.0,0,False
2026-02-23 22:13:00+00:00,,,,,,,,0.7042857142857143,0.71,,0.0,0,False
2026-02-23 22:13:30+00:00,,,,,,,,0.7042857142857143,0.71,,0.0,0,False
2026-02-23 22:14:00+00:00,,,,,,,,0.7042857142857143,0.71,,0.0,0,False
2026-02-23 22:14:30+00:00,,,,,,,,0.7042857142857143,0.71,,0.0,0,False
2026-02-23 22:15:00+00:00,,,,,,,,0.7042857142857143,0.71,,0.0,0,False
2026-02-23 22:15:30+00:00,,,,,,,,0.71,0.71,,138.0,1,False
2026-02-23 22:16:00+00:00,,,,,,,,0.71,0.71,,0.0,0,False
2026-02-23 22:16:30+00:00,,,,,,,,0.71,0.71,,0.0,0,False
2026-02-23 22:17:00+00:00,,,,,,,,0.71,0.71,,0.0,0,False
2026-02-23 22:17:30+00:00,,,,,,,,0.71,0.71,,0.0,0,False
2026-02-23 22:18:00+00:00,,,,,,,,0.71,0.71,,71.0,2,False
2026-02-23 22:18:30+00:00,,,,,,,,0.71,0.71,,0.0,0,False
2026-02-23 22:19:00+00:00,,,,,,,,0.71,0.71,,0.0,0,False
2026-02-23 22:19:30+00:00,,,,,,,,0.71,0.71,,68.0,1,False
2026-02-23 22:20:00+00:00,,,,,,,,0.71,0.71,,0.0,0,False
2026-02-23 22:20:30+00:00,,,,,,,,0.71,0.71,,0.0,0,False
2026-02-23 22:21:00+00:00,,,,,,,,0.72,0.72,,13.0,1,False
2026-02-23 22:21:30+00:00,,,,,,,,0.71,0.71,,1.0,1,False
2026-02-23 22:22:00+00:00,,,,,,,,0.71,0.71,,0.0,0,False
2026-02-23 22:22:30+00:00,,,,,,,,0.71,0.71,,0.0,0,False
2026-02-23 22:23:00+00:00,,,,,,,,0.71,0.71,,0.0,0,False
2026-02-23 22:23:30+00:00,,,,,,,,0.71,0.71,,0.0,0,False
2026-02-23 22:24:00+00:00,,,,,,,,0.71,0.71,,0.0,0,False
2026-02-23 22:24:30+00:00,,,,,,,,0.71,0.71,,0.0,0,False
2026-02-23 22:25:00+00:00,,,,,,,,0.71,0.71,,0.0,0,False
2026-02-23 22:25:30+00:00,,,,,,,,0.71,0.71,,0.0,0,False
2026-02-23 22:26:00+00:00,,,,,,,,0.71,0.71,,4.0,1,False
2026-02-23 22:26:30+00:00,,,,,,,,0.71,0.71,,0.0,0,False
2026-02-23 22:27:00+00:00,,,,,,,,0.7100000000000001,0.71,,18.0,2,False
2026-02-23 22:27:30+00:00,,,,,,,,0.7100000000000001,0.71,,0.0,0,False
2026-02-23 22:28:00+00:00,,,,,,,,0.7100000000000001,0.71,,0.0,0,False
2026-02-23 22:28:30+00:00,,,,,,,,0.7100000000000001,0.71,,0.0,0,False
2026-02-23 22:29:00+00:00,,,,,,,,0.71,0.71,,46.0,1,False
2026-02-23 22:29:30+00:00,,,,,,,,0.7199999999999999,0.72,,54.0,1,False
2026-02-23 22:30:00+00:00,,,,,,,,0.7199999999999999,0.72,,0.0,0,False
2026-02-23 22:30:30+00:00,,,,,,,,0.7199999999999999,0.72,,0.0,0,False
2026-02-23 22:31:00+00:00,,,,,,,,0.7199999999999999,0.72,,27.0,1,False
2026-02-23 22:31:30+00:00,,,,,,,,0.7199999999999999,0.72,,0.0,0,False
2026-02-23 22:32:00+00:00,,,,,,,,0.7199999999999999,0.72,,0.0,0,False
2026-02-23 22:32:30+00:00,,,,,,,,0.7199999999999999,0.72,,0.0,0,False
2026-02-23 22:33:00+00:00,,,,,,,,0.7199999999999999,0.72,,0.0,0,False
2026-02-23 22:33:30+00:00,,,,,,,,0.6809230769230769,0.6799999999999999,,65.0,2,False
2026-02-23 22:34:00+00:00,,,,,,,,0.7192307692307693,0.71,,13.0,2,False
2026-02-23 22:34:30+00:00,,,,,,,,0.7192307692307693,0.71,,0.0,0,False
2026-02-23 22:35:00+00:00,,,,,,,,0.7192307692307693,0.71,,0.0,0,False
2026-02-23 22:35:30+00:00,,,,,,,,0.72,0.72,,13.0,1,False
2026-02-23 22:36:00+00:00,,,,,,,,0.72,0.72,,0.0,0,False
2026-02-23 22:36:30+00:00,,,,,,,,0.72,0.72,,0.0,0,False
2026-02-23 22:37:00+00:00,,,,,,,,0.72,0.72,,0.0,0,False
2026-02-23 22:37:30+00:00,,,,,,,,0.72,0.72,,0.0,0,False
2026-02-23 22:38:00+00:00,,,,,,,,0.72,0.72,,0.0,0,False
2026-02-23 22:38:30+00:00,,,,,,,,0.72,0.72,,0.0,0,False
2026-02-23 22:39:00+00:00,,,,,,,,0.72,0.72,,0.0,0,False
2026-02-23 22:39:30+00:00,,,,,,,,0.72,0.72,,0.0,0,False
2026-02-23 22:40:00+00:00,,,,,,,,0.7075,0.71,,4.0,2,False
2026-02-23 22:40:30+00:00,,,,,,,,0.7075,0.71,,0.0,0,False
2026-02-23 22:41:00+00:00,,,,,,,,0.7075,0.71,,0.0,0,False
2026-02-23 22:41:30+00:00,,,,,,,,0.7,0.7,,27.0,1,False
2026-02-23 22:42:00+00:00,,,,,,,,0.7,0.7,,0.0,0,False
2026-02-23 22:42:30+00:00,,,,,,,,0.7,0.7,,0.0,0,False
2026-02-23 22:43:00+00:00,,,,,,,,0.7,0.7,,0.0,0,False
2026-02-23 22:43:30+00:00,,,,,,,,0.7,0.7,,0.0,0,False
2026-02-23 22:44:00+00:00,,,,,,,,0.7,0.7,,0.0,0,False
2026-02-23 22:44:30+00:00,,,,,,,,0.72,0.72,,14.0,1,False
2026-02-23 22:45:00+00:00,,,,,,,,0.69,0.69,,2.0,1,False
2026-02-23 22:45:30+00:00,,,,,,,,0.69,0.69,,0.0,0,False
2026-02-23 22:46:00+00:00,,,,,,,,0.69,0.69,,0.0,0,False
2026-02-23 22:46:30+00:00,,,,,,,,0.6806276150627615,0.69,,239.0,2,False
2026-02-23 22:47:00+00:00,,,,,,,,0.6806276150627615,0.69,,0.0,0,False
2026-02-23 22:47:30+00:00,,,,,,,,0.6806276150627615,0.69,,0.0,0,False
2026-02-23 22:48:00+00:00,,,,,,,,0.6806276150627615,0.69,,0.0,0,False
2026-02-23 22:48:30+00:00,,,,,,,,0.6806276150627615,0.69,,0.0,0,False
2026-02-23 22:49:00+00:00,,,,,,,,0.6806276150627615,0.69,,0.0,0,False
2026-02-23 22:49:30+00:00,,,,,,,,0.6806276150627615,0.69,,0.0,0,False
2026-02-23 22:50:00+00:00,,,,,,,,0.72,0.72,,68.0,1,False
2026-02-23 22:50:30+00:00,,,,,,,,0.72,0.72,,0.0,0,False
2026-02-23 22:51:00+00:00,,,,,,,,0.72,0.72,,9.0,1,False
2026-02-23 22:51:30+00:00,,,,,,,,0.69,0.69,,1.0,1,False
2026-02-23 22:52:00+00:00,,,,,,,,0.69,0.69,,0.0,0,False
2026-02-23 22:52:30+00:00,,,,,,,,0.69,0.69,,0.0,0,False
2026-02-23 22:53:00+00:00,,,,,,,,0.69,0.69,,0.0,0,False
2026-02-23 22:53:30+00:00,,,,,,,,0.69,0.69,,0.0,0,False
2026-02-23 22:54:00+00:00,,,,,,,,0.69,0.69,,0.0,0,False
2026-02-23 22:54:30+00:00,,,,,,,,0.69,0.69,,0.0,0,False
2026-02-23 22:55:00+00:00,,,,,,,,0.72,0.72,,1.0,1,False
2026-02-23 22:55:30+00:00,,,,,,,,0.72,0.72,,13.0,1,False
2026-02-23 22:56:00+00:00,,,,,,,,0.72,0.72,,0.0,0,False
2026-02-23 22:56:30+00:00,,,,,,,,0.72,0.72,,0.0,0,False
2026-02-23 22:57:00+00:00,,,,,,,,0.72,0.72,,0.0,0,False
2026-02-23 22:57:30+00:00,,,,,,,,0.72,0.72,,0.0,0,False
2026-02-23 22:58:00+00:00,,,,,,,,0.72,0.72,,135.0,1,False
2026-02-23 22:58:30+00:00,,,,,,,,0.72,0.72,,0.0,0,False
2026-02-23 22:59:00+00:00,,,,,,,,0.72,0.72,,0.0,0,False
2026-02-23 22:59:30+00:00,,,,,,,,0.72,0.72,,0.0,0,False
2026-02-23 23:00:00+00:00,,,,,,,,0.72,0.72,,0.0,0,False
2026-02-23 23:00:30+00:00,,,,,,,,0.72,0.72,,0.0,0,False
2026-02-23 23:01:00+00:00,,,,,,,,0.72,0.72,,0.0,0,False
2026-02-23 23:01:30+00:00,,,,,,,,0.72,0.72,,0.0,0,False
2026-02-23 23:02:00+00:00,,,,,,,,0.72,0.72,,0.0,0,False
2026-02-23 23:02:30+00:00,,,,,,,,0.72,0.72,,0.0,0,False
2026-02-23 23:03:00+00:00,,,,,,,,0.72,0.72,,0.0,0,False
2026-02-23 23:03:30+00:00,,,,,,,,0.72,0.72,,0.0,0,False
2026-02-23 23:04:00+00:00,,,,,,,,0.72,0.72,,18.0,1,False
2026-02-23 23:04:30+00:00,,,,,,,,0.72,0.72,,0.0,0,False
2026-02-23 23:05:00+00:00,,,,,,,,0.72,0.72,,0.0,0,False
2026-02-23 23:05:30+00:00,,,,,,,,0.72,0.72,,0.0,0,False
2026-02-23 23:06:00+00:00,,,,,,,,0.72,0.72,,14.0,1,False
2026-02-23 23:06:30+00:00,,,,,,,,0.72,0.72,,0.0,0,False
2026-02-23 23:07:00+00:00,,,,,,,,0.7200000000000001,0.72,,3.0,3,False
2026-02-23 23:07:30+00:00,,,,,,,,0.7200000000000001,0.72,,0.0,0,False
2026-02-23 23:08:00+00:00,,,,,,,,0.69,0.69,,35.0,2,False
2026-02-23 23:08:30+00:00,,,,,,,,0.69,0.69,,0.0,0,False
2026-02-23 23:09:00+00:00,,,,,,,,0.69,0.69,,0.0,0,False
2026-02-23 23:09:30+00:00,,,,,,,,0.7050000000000001,0.72,,6.0,2,False
2026-02-23 23:10:00+00:00,,,,,,,,0.69,0.69,,6.0,1,False
2026-02-23 23:10:30+00:00,,,,,,,,0.69,0.69,,0.0,0,False
2026-02-23 23:11:00+00:00,,,,,,,,0.69,0.69,,0.0,0,False
2026-02-23 23:11:30+00:00,,,,,,,,0.69,0.69,,0.0,0,False
2026-02-23 23:12:00+00:00,,,,,,,,0.69,0.69,,0.0,0,False
2026-02-23 23:12:30+00:00,,,,,,,,0.69,0.69,,0.0,0,False
2026-02-23 23:13:00+00:00,,,,,,,,0.71,0.71,,27.0,1,False
2026-02-23 23:13:30+00:00,,,,,,,,0.72,0.72,,33.0,1,False
2026-02-23 23:14:00+00:00,,,,,,,,0.72,0.72,,0.0,0,False
2026-02-23 23:14:30+00:00,,,,,,,,0.72,0.72,,0.0,0,False
2026-02-23 23:15:00+00:00,,,,,,,,0.72,0.72,,0.0,0,False
2026-02-23 23:15:30+00:00,,,,,,,,0.72,0.72,,0.0,0,False
2026-02-23 23:16:00+00:00,,,,,,,,0.7,0.7,,98.0,1,False
2026-02-23 23:16:30+00:00,,,,,,,,0.7,0.7,,0.0,0,False
2026-02-23 23:17:00+00:00,,,,,,,,0.72,0.72,,40.0,1,False
2026-02-23 23:17:30+00:00,,,,,,,,0.72,0.72,,68.0,1,False
2026-02-23 23:18:00+00:00,,,,,,,,0.72,0.72,,0.0,0,False
2026-02-23 23:18:30+00:00,,,,,,,,0.73,0.73,,53.0,1,False
2026-02-23 23:19:00+00:00,,,,,,,,0.73,0.73,,20.0,1,False
2026-02-23 23:19:30+00:00,,,,,,,,0.73,0.73,,0.0,0,False
2026-02-23 23:20:00+00:00,,,,,,,,0.73,0.73,,0.0,0,False
2026-02-23 23:20:30+00:00,,,,,,,,0.73,0.73,,11.0,1,False
2026-02-23 23:21:00+00:00,,,,,,,,0.73,0.73,,0.0,0,False
2026-02-23 23:21:30+00:00,,,,,,,,0.73,0.73,,0.0,0,False
2026-02-23 23:22:00+00:00,,,,,,,,0.73,0.73,,0.0,0,False
2026-02-23 23:22:30+00:00,,,,,,,,0.73,0.73,,0.0,0,False
2026-02-23 23:23:00+00:00,,,,,,,,0.73,0.73,,0.0,0,False
2026-02-23 23:23:30+00:00,,,,,,,,0.73,0.73,,0.0,0,False
2026-02-23 23:24:00+00:00,,,,,,,,0.72,0.71,,80.0,2,False
2026-02-23 23:24:30+00:00,,,,,,,,0.72,0.71,,0.0,0,False
2026-02-23 23:25:00+00:00,,,,,,,,0.72,0.71,,0.0,0,False
2026-02-23 23:25:30+00:00,,,,,,,,0.72,0.71,,0.0,0,False
2026-02-23 23:26:00+00:00,,,,,,,,0.6999999999999998,0.7,,3.0,1,False
2026-02-23 23:26:30+00:00,,,,,,,,0.6999999999999998,0.7,,0.0,0,False
2026-02-23 23:27:00+00:00,,,,,,,,0.6999999999999998,0.7,,0.0,0,False
2026-02-23 23:27:30+00:00,,,,,,,,0.6999999999999998,0.7,,0.0,0,False
2026-02-23 23:28:00+00:00,,,,,,,,0.6999999999999998,0.7,,31.0,2,False
2026-02-23 23:28:30+00:00,,,,,,,,0.6999999999999998,0.7,,0.0,0,False
2026-02-23 23:29:00+00:00,,,,,,,,0.6999999999999998,0.7,,0.0,0,False
2026-02-23 23:29:30+00:00,,,,,,,,0.72,0.72,,15.0,1,False
2026-02-23 23:30:00+00:00,,,,,,,,0.72,0.72,,0.0,0,False
2026-02-23 23:30:30+00:00,,,,,,,,0.72,0.72,,0.0,0,False
2026-02-23 23:31:00+00:00,,,,,,,,0.6993895348837209,0.7,,1032.0,11,False
2026-02-23 23:31:30+00:00,,,,,,,,0.6745232952792348,0.65,,3241.0,17,False
2026-02-23 23:32:00+00:00,,,,,,,,0.6696859903381642,0.6599999999999999,,414.0,3,False
2026-02-23 23:32:30+00:00,,,,,,,,0.6696859903381642,0.6599999999999999,,0.0,0,False
2026-02-23 23:33:00+00:00,,,,,,,,0.6696859903381642,0.6599999999999999,,0.0,0,False
2026-02-23 23:33:30+00:00,,,,,,,,0.68,0.68,,71.0,3,False
2026-02-23 23:34:00+00:00,,,,,,,,0.68,0.68,,0.0,0,False
2026-02-23 23:34:30+00:00,,,,,,,,0.68,0.68,,0.0,0,False
2026-02-23 23:35:00+00:00,,,,,,,,0.68,0.68,,0.0,0,False
2026-02-23 23:35:30+00:00,,,,,,,,0.68,0.68,,0.0,0,False
2026-02-23 23:36:00+00:00,,,,,,,,0.68,0.68,,0.0,0,False
2026-02-23 23:36:30+00:00,,,,,,,,0.6599999999999999,0.6599999999999999,,2.0,1,False
2026-02-23 23:37:00+00:00,,,,,,,,0.6599999999999999,0.6599999999999999,,0.0,0,False
2026-02-23 23:37:30+00:00,,,,,,,,0.69,0.69,,32.0,1,False
2026-02-23 23:38:00+00:00,,,,,,,,0.69,0.69,,0.0,0,False
2026-02-23 23:38:30+00:00,,,,,,,,0.69,0.69,,98.0,2,False
2026-02-23 23:39:00+00:00,,,,,,,,0.69,0.69,,0.0,0,False
2026-02-23 23:39:30+00:00,,,,,,,,0.69,0.69,,0.0,0,False
2026-02-23 23:40:00+00:00,,,,,,,,0.6900000000000001,0.69,,14.0,1,False
2026-02-23 23:40:30+00:00,,,,,,,,0.6900000000000001,0.69,,7.0,1,False
2026-02-23 23:41:00+00:00,,,,,,,,0.6900000000000001,0.69,,0.0,0,False
2026-02-23 23:41:30+00:00,,,,,,,,0.6875,0.69,,8.0,2,False
2026-02-23 23:42:00+00:00,,,,,,,,0.6875,0.69,,0.0,0,False
2026-02-23 23:42:30+00:00,,,,,,,,0.6875,0.69,,0.0,0,False
2026-02-23 23:43:00+00:00,,,,,,,,0.6875,0.69,,0.0,0,False
2026-02-23 23:43:30+00:00,,,,,,,,0.6875,0.69,,0.0,0,False
2026-02-23 23:44:00+00:00,,,,,,,,0.6875,0.69,,0.0,0,False
2026-02-23 23:44:30+00:00,,,,,,,,0.6875,0.69,,0.0,0,False
2026-02-23 23:45:00+00:00,,,,,,,,0.6875,0.69,,0.0,0,False
2026-02-23 23:45:30+00:00,,,,,,,,0.6875,0.69,,0.0,0,False
2026-02-23 23:46:00+00:00,,,,,,,,0.6875,0.69,,0.0,0,False
2026-02-23 23:46:30+00:00,,,,,,,,0.69,0.69,,8.0,1,False
2026-02-23 23:47:00+00:00,,,,,,,,0.69,0.69,,0.0,0,False
2026-02-23 23:47:30+00:00,,,,,,,,0.69,0.69,,0.0,0,False
2026-02-23 23:48:00+00:00,,,,,,,,0.6900000000000001,0.69,,14.0,1,False
2026-02-23 23:48:30+00:00,,,,,,,,0.6900000000000001,0.69,,0.0,0,False
2026-02-23 23:49:00+00:00,,,,,,,,0.69,0.69,,5.0,1,False
2026-02-23 23:49:30+00:00,,,,,,,,0.69,0.69,,0.0,0,False
2026-02-23 23:50:00+00:00,,,,,,,,0.69,0.69,,0.0,0,False
2026-02-23 23:50:30+00:00,,,,,,,,0.6900000000000001,0.69,,7.0,1,False
2026-02-23 23:51:00+00:00,,,,,,,,0.6900000000000001,0.69,,0.0,0,False
2026-02-23 23:51:30+00:00,,,,,,,,0.6900000000000001,0.69,,0.0,0,False
2026-02-23 23:52:00+00:00,,,,,,,,0.6900000000000001,0.69,,0.0,0,False
2026-02-23 23:52:30+00:00,,,,,,,,0.6900000000000001,0.69,,0.0,0,False
2026-02-23 23:53:00+00:00,,,,,,,,0.6900000000000001,0.69,,0.0,0,False
2026-02-23 23:53:30+00:00,,,,,,,,0.6699999999999999,0.6699999999999999,,13.0,1,False
2026-02-23 23:54:00+00:00,,,,,,,,0.6699999999999999,0.6699999999999999,,0.0,0,False
2026-02-23 23:54:30+00:00,,,,,,,,0.6699999999999999,0.6699999999999999,,0.0,0,False
2026-02-23 23:55:00+00:00,,,,,,,,0.6699999999999999,0.6699999999999999,,0.0,0,False
2026-02-23 23:55:30+00:00,,,,,,,,0.6900000000000001,0.69,,28.0,1,False
2026-02-23 23:56:00+00:00,,,,,,,,0.6900000000000001,0.69,,0.0,0,False
2026-02-23 23:56:30+00:00,,,,,,,,0.6900000000000001,0.69,,0.0,0,False
2026-02-23 23:57:00+00:00,,,,,,,,0.6900000000000001,0.69,,0.0,0,False
2026-02-23 23:57:30+00:00,,,,,,,,0.6699999999999999,0.6699999999999999,,6.0,1,False
2026-02-23 23:58:00+00:00,,,,,,,,0.6699999999999999,0.6699999999999999,,0.0,0,False
2026-02-23 23:58:30+00:00,,,,,,,,0.6599999999999998,0.6599999999999999,,50.0,1,False
2026-02-23 23:59:00+00:00,,,,,,,,0.69,0.69,,130.0,1,False
2026-02-23 23:59:30+00:00,,,,,,,,0.69,0.69,,0.0,0,False
2026-02-24 00:00:00+00:00,,,,,,,,0.69,0.69,,0.0,0,False
2026-02-24 00:00:30+00:00,,,,,,,,0.69,0.69,,84.0,1,False
2026-02-24 00:01:00+00:00,,,,,,,,0.69,0.69,,0.0,0,False
2026-02-24 00:01:30+00:00,,,,,,,,0.69,0.69,,0.0,0,False
2026-02-24 00:02:00+00:00,,,,,,,,0.69,0.69,,0.0,0,False
2026-02-24 00:02:30+00:00,,,,,,,,0.69,0.69,,0.0,0,False
2026-02-24 00:03:00+00:00,,,,,,,,0.69,0.69,,0.0,0,False
2026-02-24 00:03:30+00:00,,,,,,,,0.69,0.69,,0.0,0,False
2026-02-24 00:04:00+00:00,,,,,,,,0.69,0.69,,0.0,0,False
2026-02-24 00:04:30+00:00,,,,,,,,0.69,0.69,,0.0,0,False
2026-02-24 00:05:00+00:00,,,,,,,,0.6900000000000001,0.69,,7.0,1,False
2026-02-24 00:05:30+00:00,,,,,,,,0.6900000000000001,0.69,,0.0,0,False
2026-02-24 00:06:00+00:00,,,,,,,,0.6900000000000001,0.69,,0.0,0,False
2026-02-24 00:06:30+00:00,,,,,,,,0.6900000000000001,0.69,,0.0,0,False
2026-02-24 00:07:00+00:00,,,,,,,,0.6900000000000001,0.69,,0.0,0,False
2026-02-24 00:07:30+00:00,,,,,,,,0.6900000000000001,0.69,,0.0,0,False
2026-02-24 00:08:00+00:00,,,,,,,,0.6900000000000001,0.69,,0.0,0,False
2026-02-24 00:08:30+00:00,,,,,,,,0.6900000000000001,0.69,,0.0,0,False
2026-02-24 00:09:00+00:00,,,,,,,,0.6900000000000001,0.69,,0.0,0,False
2026-02-24 00:09:30+00:00,,,,,,,,0.6900000000000001,0.69,,0.0,0,False
2026-02-24 00:10:00+00:00,,,,,,,,0.6900000000000001,0.69,,0.0,0,False
2026-02-24 00:10:30+00:00,,,,,,,,0.6900000000000001,0.69,,0.0,0,False
2026-02-24 00:11:00+00:00,,,,,,,,0.6900000000000001,0.69,,0.0,0,False
2026-02-24 00:11:30+00:00,,,,,,,,0.6900000000000001,0.69,,0.0,0,False
2026-02-24 00:12:00+00:00,,,,,,,,0.6900000000000001,0.69,,0.0,0,False
2026-02-24 00:12:30+00:00,,,,,,,,0.6900000000000001,0.69,,0.0,0,False
2026-02-24 00:13:00+00:00,,,,,,,,0.6900000000000001,0.69,,0.0,0,False
2026-02-24 00:13:30+00:00,,,,,,,,0.6900000000000001,0.69,,0.0,0,False
2026-02-24 00:14:00+00:00,,,,,,,,0.6900000000000001,0.69,,0.0,0,False
2026-02-24 00:14:30+00:00,,,,,,,,0.6599999999999999,0.6599999999999999,,2.0,1,False
2026-02-24 00:15:00+00:00,,,,,,,,0.6599999999999999,0.6599999999999999,,0.0,0,False
2026-02-24 00:15:30+00:00,,,,,,,,0.6599999999999999,0.6599999999999999,,0.0,0,False
2026-02-24 00:16:00+00:00,,,,,,,,0.6733734939759034,0.6699999999999999,,83.0,3,False
2026-02-24 00:16:30+00:00,,,,,,,,0.69,0.69,,49.0,1,False
2026-02-24 00:17:00+00:00,,,,,,,,0.69,0.69,,0.0,0,False
2026-02-24 00:17:30+00:00,,,,,,,,0.69,0.69,,0.0,0,False
2026-02-24 00:18:00+00:00,,,,,,,,0.69,0.69,,20.0,1,False
2026-02-24 00:18:30+00:00,,,,,,,,0.69,0.69,,0.0,0,False
2026-02-24 00:19:00+00:00,,,,,,,,0.69,0.69,,0.0,0,False
2026-02-24 00:19:30+00:00,,,,,,,,0.69,0.69,,0.0,0,False
2026-02-24 00:20:00+00:00,,,,,,,,0.69,0.69,,0.0,0,False
2026-02-24 00:20:30+00:00,,,,,,,,0.69,0.69,,0.0,0,False
2026-02-24 00:21:00+00:00,,,,,,,,0.69,0.69,,0.0,0,False
2026-02-24 00:21:30+00:00,,,,,,,,0.69,0.69,,0.0,0,False
2026-02-24 00:22:00+00:00,,,,,,,,0.69,0.69,,0.0,0,False
2026-02-24 00:22:30+00:00,,,,,,,,0.69,0.69,,0.0,0,False
2026-02-24 00:23:00+00:00,,,,,,,,0.69,0.69,,0.0,0,False
2026-02-24 00:23:30+00:00,,,,,,,,0.69,0.69,,0.0,0,False
2026-02-24 00:24:00+00:00,,,,,,,,0.69,0.69,,0.0,0,False
2026-02-24 00:24:30+00:00,,,,,,,,0.69,0.69,,0.0,0,False
2026-02-24 00:25:00+00:00,,,,,,,,0.69,0.69,,0.0,0,False
2026-02-24 00:25:30+00:00,,,,,,,,0.69,0.69,,0.0,0,False
2026-02-24 00:26:00+00:00,,,,,,,,0.69,0.69,,0.0,0,False
2026-02-24 00:26:30+00:00,,,,,,,,0.69,0.69,,0.0,0,False
2026-02-24 00:27:00+00:00,,,,,,,,0.69,0.69,,0.0,0,False
2026-02-24 00:27:30+00:00,,,,,,,,0.69,0.69,,0.0,0,False
2026-02-24 00:28:00+00:00,,,,,,,,0.69,0.69,,0.0,0,False
2026-02-24 00:28:30+00:00,,,,,,,,0.69,0.69,,0.0,0,False
2026-02-24 00:29:00+00:00,,,,,,,,0.69,0.69,,0.0,0,False
2026-02-24 00:29:30+00:00,,,,,,,,0.69,0.69,,0.0,0,False
2026-02-24 00:30:00+00:00,,,,,,,,0.69,0.69,,21.0,1,False
2026-02-24 00:30:30+00:00,,,,,,,,0.69,0.69,,0.0,0,False
2026-02-24 00:31:00+00:00,,,,,,,,0.69,0.69,,0.0,0,False
2026-02-24 00:31:30+00:00,,,,,,,,0.69,0.69,,10.0,1,False
2026-02-24 00:32:00+00:00,,,,,,,,0.69,0.69,,0.0,0,False
2026-02-24 00:32:30+00:00,,,,,,,,0.69,0.69,,16.0,2,False
2026-02-24 00:33:00+00:00,,,,,,,,0.69,0.69,,0.0,0,False
2026-02-24 00:33:30+00:00,,,,,,,,0.69,0.69,,0.0,0,False
2026-02-24 00:34:00+00:00,,,,,,,,0.69,0.69,,0.0,0,False
2026-02-24 00:34:30+00:00,,,,,,,,0.69,0.69,,0.0,0,False
2026-02-24 00:35:00+00:00,,,,,,,,0.6799999999999999,0.6799999999999999,,22.0,2,False
2026-02-24 00:35:30+00:00,,,,,,,,0.6799999999999999,0.6799999999999999,,0.0,0,False
2026-02-24 00:36:00+00:00,,,,,,,,0.6799999999999999,0.6799999999999999,,0.0,0,False
2026-02-24 00:36:30+00:00,,,,,,,,0.6799999999999999,0.6799999999999999,,0.0,0,False
2026-02-24 00:37:00+00:00,,,,,,,,0.6799999999999999,0.6799999999999999,,0.0,0,False
2026-02-24 00:37:30+00:00,,,,,,,,0.6799999999999999,0.6799999999999999,,0.0,0,False
2026-02-24 00:38:00+00:00,,,,,,,,0.69,0.69,,1.0,1,False
2026-02-24 00:38:30+00:00,,,,,,,,0.69,0.69,,0.0,0,False
2026-02-24 00:39:00+00:00,,,,,,,,0.69,0.69,,0.0,0,False
2026-02-24 00:39:30+00:00,,,,,,,,0.6808695652173914,0.68,,23.0,3,False
2026-02-24 00:40:00+00:00,,,,,,,,0.67,0.67,,79.0,2,False
2026-02-24 00:40:30+00:00,,,,,,,,0.67,0.67,,0.0,0,False
2026-02-24 00:41:00+00:00,,,,,,,,0.67,0.67,,0.0,0,False
2026-02-24 00:41:30+00:00,,,,,,,,0.68,0.68,,3.0,1,False
2026-02-24 00:42:00+00:00,,,,,,,,0.68,0.68,,0.0,0,False
2026-02-24 00:42:30+00:00,,,,,,,,0.68,0.68,,0.0,0,False
2026-02-24 00:43:00+00:00,,,,,,,,0.69,0.69,,140.0,2,False
2026-02-24 00:43:30+00:00,,,,,,,,0.69,0.69,,0.0,0,False
2026-02-24 00:44:00+00:00,,,,,,,,0.6799999999999999,0.6799999999999999,,28.0,1,False
2026-02-24 00:44:30+00:00,,,,,,,,0.69,0.69,,1.0,1,False
2026-02-24 00:45:00+00:00,,,,,,,,0.69,0.69,,0.0,0,False
2026-02-24 00:45:30+00:00,,,,,,,,0.69,0.69,,0.0,0,False
2026-02-24 00:46:00+00:00,,,,,,,,0.69,0.69,,0.0,0,False
2026-02-24 00:46:30+00:00,,,,,,,,0.69,0.69,,0.0,0,False
2026-02-24 00:47:00+00:00,,,,,,,,0.6896078431372548,0.69,,51.0,4,False
2026-02-24 00:47:30+00:00,,,,,,,,0.6896078431372548,0.69,,0.0,0,False
2026-02-24 00:48:00+00:00,,,,,,,,0.6896078431372548,0.69,,0.0,0,False
2026-02-24 00:48:30+00:00,,,,,,,,0.6896078431372548,0.69,,0.0,0,False
2026-02-24 00:49:00+00:00,,,,,,,,0.6896078431372548,0.69,,0.0,0,False
2026-02-24 00:49:30+00:00,,,,,,,,0.6900000000000001,0.69,,14.0,1,False
2026-02-24 00:50:00+00:00,,,,,,,,0.6799999999999999,0.6799999999999999,,125.0,2,False
2026-02-24 00:50:30+00:00,,,,,,,,0.6799999999999999,0.6799999999999999,,0.0,0,False
2026-02-24 00:51:00+00:00,,,,,,,,0.6799999999999999,0.6799999999999999,,0.0,0,False
2026-02-24 00:51:30+00:00,,,,,,,,0.6799999999999999,0.6799999999999999,,0.0,0,False
2026-02-24 00:52:00+00:00,,,,,,,,0.6799999999999999,0.6799999999999999,,0.0,0,False
2026-02-24 00:52:30+00:00,,,,,,,,0.6799999999999999,0.6799999999999999,,0.0,0,False
2026-02-24 00:53:00+00:00,,,,,,,,0.6799999999999999,0.6799999999999999,,0.0,0,False
2026-02-24 00:53:30+00:00,,,,,,,,0.6799999999999999,0.6799999999999999,,0.0,0,False
2026-02-24 00:54:00+00:00,,,,,,,,0.6799999999999999,0.6799999999999999,,0.0,0,False
2026-02-24 00:54:30+00:00,,,,,,,,0.6799999999999999,0.6799999999999999,,0.0,0,False
2026-02-24 00:55:00+00:00,,,,,,,,0.6799999999999999,0.6799999999999999,,0.0,0,False
2026-02-24 00:55:30+00:00,,,,,,,,0.6799999999999999,0.6799999999999999,,0.0,0,False
2026-02-24 00:56:00+00:00,,,,,,,,0.6799999999999999,0.6799999999999999,,0.0,0,False
2026-02-24 00:56:30+00:00,,,,,,,,0.6799999999999999,0.6799999999999999,,0.0,0,False
2026-02-24 00:57:00+00:00,,,,,,,,0.6799999999999999,0.6799999999999999,,0.0,0,False
2026-02-24 00:57:30+00:00,,,,,,,,0.6799999999999999,0.6799999999999999,,0.0,0,False
2026-02-24 00:58:00+00:00,,,,,,,,0.6799999999999999,0.6799999999999999,,0.0,0,False
2026-02-24 00:58:30+00:00,,,,,,,,0.6799999999999999,0.6799999999999999,,0.0,0,False
2026-02-24 00:59:00+00:00,,,,,,,,0.6900000000000001,0.69,,140.0,7,False
2026-02-24 00:59:30+00:00,,,,,,,,0.6900000000000001,0.69,,14.0,3,False
2026-02-24 01:00:00+00:00,,,,,,,,0.69,0.69,,16.0,2,False
2026-02-24 01:00:30+00:00,,,,,,,,0.69,0.69,,0.0,0,False
2026-02-24 01:01:00+00:00,,,,,,,,0.69,0.69,,0.0,0,False
2026-02-24 01:01:30+00:00,,,,,,,,0.69,0.69,,0.0,0,False
2026-02-24 01:02:00+00:00,,,,,,,,0.69,0.69,,0.0,0,False
2026-02-24 01:02:30+00:00,,,,,,,,0.69,0.69,,0.0,0,False
2026-02-24 01:03:00+00:00,,,,,,,,0.69,0.69,,0.0,0,False
2026-02-24 01:03:30+00:00,,,,,,,,0.69,0.69,,0.0,0,False
2026-02-24 01:04:00+00:00,,,,,,,,0.69,0.69,,0.0,0,False
2026-02-24 01:04:30+00:00,,,,,,,,0.6899999999999998,0.69,,14.0,2,False
2026-02-24 01:05:00+00:00,,,,,,,,0.6799999999999999,0.6799999999999999,,28.0,1,False
2026-02-24 01:05:30+00:00,,,,,,,,0.6799999999999999,0.6799999999999999,,0.0,0,False
2026-02-24 01:06:00+00:00,,,,,,,,0.6770748299319728,0.6699999999999999,,147.0,2,False
2026-02-24 01:06:30+00:00,,,,,,,,0.6770748299319728,0.6699999999999999,,0.0,0,False
2026-02-24 01:07:00+00:00,,,,,,,,0.6770748299319728,0.6699999999999999,,0.0,0,False
2026-02-24 01:07:30+00:00,,,,,,,,0.6770748299319728,0.6699999999999999,,0.0,0,False
2026-02-24 01:08:00+00:00,,,,,,,,0.6699999999999999,0.6699999999999999,,57.0,1,False
2026-02-24 01:08:30+00:00,,,,,,,,0.6699999999999999,0.6699999999999999,,0.0,0,False
2026-02-24 01:09:00+00:00,,,,,,,,0.6699999999999999,0.6699999999999999,,0.0,0,False
2026-02-24 01:09:30+00:00,,,,,,,,0.6699999999999999,0.6699999999999999,,0.0,0,False
2026-02-24 01:10:00+00:00,,,,,,,,0.6928571428571428,0.7,,7.0,2,False
2026-02-24 01:10:30+00:00,,,,,,,,0.7000000000000001,0.7,,43.0,2,False
2026-02-24 01:11:00+00:00,,,,,,,,0.7000000000000001,0.7,,0.0,0,False
2026-02-24 01:11:30+00:00,,,,,,,,0.7000000000000001,0.7,,0.0,0,False
2026-02-24 01:12:00+00:00,,,,,,,,0.7000000000000001,0.7,,0.0,0,False
2026-02-24 01:12:30+00:00,,,,,,,,0.7000000000000001,0.7,,0.0,0,False
2026-02-24 01:13:00+00:00,,,,,,,,0.7000000000000001,0.7,,0.0,0,False
2026-02-24 01:13:30+00:00,,,,,,,,0.7000000000000001,0.7,,0.0,0,False
2026-02-24 01:14:00+00:00,,,,,,,,0.7000000000000001,0.7,,0.0,0,False
2026-02-24 01:14:30+00:00,,,,,,,,0.7000000000000001,0.7,,0.0,0,False
2026-02-24 01:15:00+00:00,,,,,,,,0.7000000000000001,0.7,,0.0,0,False
2026-02-24 01:15:30+00:00,,,,,,,,0.7000000000000001,0.7,,0.0,0,False
2026-02-24 01:16:00+00:00,,,,,,,,0.7000000000000001,0.7,,0.0,0,False
2026-02-24 01:16:30+00:00,,,,,,,,0.7000000000000001,0.7,,0.0,0,False
2026-02-24 01:17:00+00:00,,,,,,,,0.7000000000000001,0.7,,0.0,0,False
2026-02-24 01:17:30+00:00,,,,,,,,0.7000000000000001,0.7,,0.0,0,False
2026-02-24 01:18:00+00:00,,,,,,,,0.7069230769230768,0.7,,13.0,3,False
2026-02-24 01:18:30+00:00,,,,,,,,0.7069230769230768,0.7,,0.0,0,False
2026-02-24 01:19:00+00:00,,,,,,,,0.6799999999999999,0.6799999999999999,,29.0,2,False
2026-02-24 01:19:30+00:00,,,,,,,,0.6799999999999999,0.6799999999999999,,0.0,0,False
2026-02-24 01:20:00+00:00,,,,,,,,0.6799999999999999,0.6799999999999999,,0.0,0,False
2026-02-24 01:20:30+00:00,,,,,,,,0.6799999999999999,0.6799999999999999,,0.0,0,False
2026-02-24 01:21:00+00:00,,,,,,,,0.6799999999999999,0.6799999999999999,,0.0,0,False
2026-02-24 01:21:30+00:00,,,,,,,,0.6799999999999999,0.6799999999999999,,0.0,0,False
2026-02-24 01:22:00+00:00,,,,,,,,0.6799999999999999,0.6799999999999999,,0.0,0,False
2026-02-24 01:22:30+00:00,,,,,,,,0.6799999999999999,0.6799999999999999,,58.0,1,False
2026-02-24 01:23:00+00:00,,,,,,,,0.6799999999999999,0.6799999999999999,,0.0,0,False
2026-02-24 01:23:30+00:00,,,,,,,,0.6799999999999999,0.6799999999999999,,0.0,0,False
2026-02-24 01:24:00+00:00,,,,,,,,0.6799999999999999,0.6799999999999999,,0.0,0,False
2026-02-24 01:24:30+00:00,,,,,,,,0.6799999999999999,0.6799999999999999,,0.0,0,False
2026-02-24 01:25:00+00:00,,,,,,,,0.6799999999999999,0.6799999999999999,,0.0,0,False
2026-02-24 01:25:30+00:00,,,,,,,,0.6799999999999999,0.6799999999999999,,0.0,0,False
2026-02-24 01:26:00+00:00,,,,,,,,0.6799999999999999,0.6799999999999999,,0.0,0,False
2026-02-24 01:26:30+00:00,,,,,,,,0.6799999999999999,0.6799999999999999,,0.0,0,False
2026-02-24 01:27:00+00:00,,,,,,,,0.6799999999999999,0.6799999999999999,,0.0,0,False
2026-02-24 01:27:30+00:00,,,,,,,,0.6799999999999999,0.6799999999999999,,0.0,0,False
2026-02-24 01:28:00+00:00,,,,,,,,0.6799999999999999,0.6799999999999999,,0.0,0,False
2026-02-24 01:28:30+00:00,,,,,,,,0.6799999999999999,0.6799999999999999,,0.0,0,False
2026-02-24 01:29:00+00:00,,,,,,,,0.6799999999999999,0.6799999999999999,,0.0,0,False
2026-02-24 01:29:30+00:00,,,,,,,,0.6799999999999999,0.6799999999999999,,0.0,0,False
2026-02-24 01:30:00+00:00,,,,,,,,0.6799999999999999,0.6799999999999999,,0.0,0,False
2026-02-24 01:30:30+00:00,,,,,,,,0.6799999999999999,0.6799999999999999,,0.0,0,False
2026-02-24 01:31:00+00:00,,,,,,,,0.6799999999999999,0.6799999999999999,,0.0,0,False
2026-02-24 01:31:30+00:00,,,,,,,,0.6799999999999999,0.6799999999999999,,0.0,0,False
2026-02-24 01:32:00+00:00,,,,,,,,0.71,0.71,,100.0,1,False
2026-02-24 01:32:30+00:00,,,,,,,,0.71,0.71,,0.0,0,False
2026-02-24 01:33:00+00:00,,,,,,,,0.71,0.71,,0.0,0,False
2026-02-24 01:33:30+00:00,,,,,,,,0.71,0.71,,0.0,0,False
2026-02-24 01:34:00+00:00,,,,,,,,0.71,0.71,,0.0,0,False
2026-02-24 01:34:30+00:00,,,,,,,,0.71,0.71,,0.0,0,False
2026-02-24 01:35:00+00:00,,,,,,,,0.6799999999999999,0.6799999999999999,,10.0,1,False
2026-02-24 01:35:30+00:00,,,,,,,,0.6799999999999999,0.6799999999999999,,0.0,0,False
2026-02-24 01:36:00+00:00,,,,,,,,0.6799999999999999,0.6799999999999999,,0.0,0,False
2026-02-24 01:36:30+00:00,,,,,,,,0.6799999999999999,0.6799999999999999,,0.0,0,False
2026-02-24 01:37:00+00:00,,,,,,,,0.7,0.7,,251.0,3,False
2026-02-24 01:37:30+00:00,,,,,,,,0.7,0.7,,0.0,0,False
2026-02-24 01:38:00+00:00,,,,,,,,0.71,0.71,,27.0,1,False
2026-02-24 01:38:30+00:00,,,,,,,,0.71,0.71,,0.0,0,False
2026-02-24 01:39:00+00:00,,,,,,,,0.71,0.71,,0.0,0,False
2026-02-24 01:39:30+00:00,,,,,,,,0.71,0.71,,0.0,0,False
2026-02-24 01:40:00+00:00,,,,,,,,0.71,0.71,,0.0,0,False
2026-02-24 01:40:30+00:00,,,,,,,,0.71,0.71,,0.0,0,False
2026-02-24 01:41:00+00:00,,,,,,,,0.71,0.71,,0.0,0,False
2026-02-24 01:41:30+00:00,,,,,,,,0.71,0.71,,0.0,0,False
2026-02-24 01:42:00+00:00,,,,,,,,0.71,0.71,,0.0,0,False
2026-02-24 01:42:30+00:00,,,,,,,,0.71,0.71,,0.0,0,False
2026-02-24 01:43:00+00:00,,,,,,,,0.71,0.71,,0.0,0,False
2026-02-24 01:43:30+00:00,,,,,,,,0.71,0.71,,0.0,0,False
2026-02-24 01:44:00+00:00,,,,,,,,0.71,0.71,,0.0,0,False
2026-02-24 01:44:30+00:00,,,,,,,,0.71,0.71,,0.0,0,False
2026-02-24 01:45:00+00:00,,,,,,,,0.71,0.71,,0.0,0,False
2026-02-24 01:45:30+00:00,,,,,,,,0.71,0.71,,0.0,0,False
2026-02-24 01:46:00+00:00,,,,,,,,0.71,0.71,,0.0,0,False
2026-02-24 01:46:30+00:00,,,,,,,,0.71,0.71,,0.0,0,False
2026-02-24 01:47:00+00:00,,,,,,,,0.71,0.71,,0.0,0,False
2026-02-24 01:47:30+00:00,,,,,,,,0.71,0.71,,0.0,0,False
2026-02-24 01:48:00+00:00,,,,,,,,0.7,0.7,,45.0,1,False
2026-02-24 01:48:30+00:00,,,,,,,,0.71,0.71,,3.0,1,False
2026-02-24 01:49:00+00:00,,,,,,,,0.71,0.71,,0.0,0,False
2026-02-24 01:49:30+00:00,,,,,,,,0.71,0.71,,0.0,0,False
2026-02-24 01:50:00+00:00,,,,,,,,0.71,0.71,,0.0,0,False
2026-02-24 01:50:30+00:00,,,,,,,,0.71,0.71,,0.0,0,False
2026-02-24 01:51:00+00:00,,,,,,,,0.71,0.71,,0.0,0,False
2026-02-24 01:51:30+00:00,,,,,,,,0.71,0.71,,0.0,0,False
2026-02-24 01:52:00+00:00,,,,,,,,0.71,0.71,,0.0,0,False
2026-02-24 01:52:30+00:00,,,,,,,,0.71,0.71,,0.0,0,False
2026-02-24 01:53:00+00:00,,,,,,,,0.71,0.71,,9.0,1,False
2026-02-24 01:53:30+00:00,,,,,,,,0.71,0.71,,0.0,0,False
2026-02-24 01:54:00+00:00,,,,,,,,0.6999999999999998,0.7,,24.0,1,False
2026-02-24 01:54:30+00:00,,,,,,,,0.6999999999999998,0.7,,0.0,0,False
2026-02-24 01:55:00+00:00,,,,,,,,0.6999999999999998,0.7,,0.0,0,False
2026-02-24 01:55:30+00:00,,,,,,,,0.6999999999999998,0.7,,0.0,0,False
2026-02-24 01:56:00+00:00,,,,,,,,0.6999999999999998,0.7,,0.0,0,False
2026-02-24 01:56:30+00:00,,,,,,,,0.6999999999999998,0.7,,0.0,0,False
2026-02-24 01:57:00+00:00,,,,,,,,0.6999999999999998,0.7,,0.0,0,False
2026-02-24 01:57:30+00:00,,,,,,,,0.6999999999999998,0.7,,0.0,0,False
2026-02-24 01:58:00+00:00,,,,,,,,0.6999999999999998,0.7,,0.0,0,False
2026-02-24 01:58:30+00:00,,,,,,,,0.6999999999999998,0.7,,0.0,0,False
2026-02-24 01:59:00+00:00,,,,,,,,0.71,0.71,,34.0,1,False
2026-02-24 01:59:30+00:00,,,,,,,,0.71,0.71,,0.0,0,False
2026-02-24 02:00:00+00:00,,,,,,,,0.71,0.71,,0.0,0,False
2026-02-24 02:00:30+00:00,,,,,,,,0.71,0.71,,0.0,0,False
2026-02-24 02:01:00+00:00,,,,,,,,0.71,0.71,,6.0,1,False
2026-02-24 02:01:30+00:00,,,,,,,,0.71,0.71,,0.0,0,False
2026-02-24 02:02:00+00:00,,,,,,,,0.71,0.71,,0.0,0,False
2026-02-24 02:02:30+00:00,,,,,,,,0.71,0.71,,0.0,0,False
2026-02-24 02:03:00+00:00,,,,,,,,0.71,0.71,,0.0,0,False
2026-02-24 02:03:30+00:00,,,,,,,,0.71,0.71,,0.0,0,False
2026-02-24 02:04:00+00:00,,,,,,,,0.71,0.71,,0.0,0,False
2026-02-24 02:04:30+00:00,,,,,,,,0.71,0.71,,0.0,0,False
2026-02-24 02:05:00+00:00,,,,,,,,0.71,0.71,,41.0,1,False
2026-02-24 02:05:30+00:00,,,,,,,,0.71,0.71,,0.0,0,False
2026-02-24 02:06:00+00:00,,,,,,,,0.7,0.7,,74.0,1,False
2026-02-24 02:06:30+00:00,,,,,,,,0.7,0.7,,0.0,0,False
2026-02-24 02:07:00+00:00,,,,,,,,0.7,0.7,,0.0,0,False
2026-02-24 02:07:30+00:00,,,,,,,,0.7,0.7,,0.0,0,False
2026-02-24 02:08:00+00:00,,,,,,,,0.7,0.7,,0.0,0,False
2026-02-24 02:08:30+00:00,,,,,,,,0.7,0.7,,0.0,0,False
2026-02-24 02:09:00+00:00,,,,,,,,0.7,0.7,,0.0,0,False
2026-02-24 02:09:30+00:00,,,,,,,,0.7,0.7,,0.0,0,False
2026-02-24 02:10:00+00:00,,,,,,,,0.71,0.71,,47.0,1,False
2026-02-24 02:10:30+00:00,,,,,,,,0.71,0.71,,0.0,0,False
2026-02-24 02:11:00+00:00,,,,,,,,0.71,0.71,,0.0,0,False
2026-02-24 02:11:30+00:00,,,,,,,,0.71,0.71,,0.0,0,False
2026-02-24 02:12:00+00:00,,,,,,,,0.71,0.71,,0.0,0,False
2026-02-24 02:12:30+00:00,,,,,,,,0.71,0.71,,0.0,0,False
2026-02-24 02:13:00+00:00,,,,,,,,0.71,0.71,,0.0,0,False
2026-02-24 02:13:30+00:00,,,,,,,,0.71,0.71,,0.0,0,False
2026-02-24 02:14:00+00:00,,,,,,,,0.71,0.71,,4.0,1,False
2026-02-24 02:14:30+00:00,,,,,,,,0.71,0.71,,0.0,0,False
2026-02-24 02:15:00+00:00,,,,,,,,0.71,0.71,,0.0,0,False
2026-02-24 02:15:30+00:00,,,,,,,,0.71,0.71,,0.0,0,False
2026-02-24 02:16:00+00:00,,,,,,,,0.71,0.71,,0.0,0,False
2026-02-24 02:16:30+00:00,,,,,,,,0.71,0.71,,0.0,0,False
2026-02-24 02:17:00+00:00,,,,,,,,0.71,0.71,,0.0,0,False
2026-02-24 02:17:30+00:00,,,,,,,,0.71,0.71,,2.0,1,False
2026-02-24 02:18:00+00:00,,,,,,,,0.7059090909090909,0.71,,22.0,2,False
2026-02-24 02:18:30+00:00,,,,,,,,0.71,0.71,,27.0,1,False
2026-02-24 02:19:00+00:00,,,,,,,,0.71,0.71,,0.0,0,False
2026-02-24 02:19:30+00:00,,,,,,,,0.71,0.71,,0.0,0,False
2026-02-24 02:20:00+00:00,,,,,,,,0.71,0.71,,0.0,0,False
2026-02-24 02:20:30+00:00,,,,,,,,0.71,0.71,,0.0,0,False
2026-02-24 02:21:00+00:00,,,,,,,,0.71,0.71,,0.0,0,False
2026-02-24 02:21:30+00:00,,,,,,,,0.71,0.71,,0.0,0,False
2026-02-24 02:22:00+00:00,,,,,,,,0.71,0.71,,45.0,1,False
2026-02-24 02:22:30+00:00,,,,,,,,0.71,0.71,,0.0,0,False
2026-02-24 02:23:00+00:00,,,,,,,,0.71,0.71,,6.0,1,False
2026-02-24 02:23:30+00:00,,,,,,,,0.71,0.71,,0.0,0,False
2026-02-24 02:24:00+00:00,,,,,,,,0.71,0.71,,0.0,0,False
2026-02-24 02:24:30+00:00,,,,,,,,0.71,0.71,,0.0,0,False
2026-02-24 02:25:00+00:00,,,,,,,,0.71,0.71,,0.0,0,False
2026-02-24 02:25:30+00:00,,,,,,,,0.7,0.7,,49.0,1,False
2026-02-24 02:26:00+00:00,,,,,,,,0.7,0.7,,500.0,1,False
2026-02-24 02:26:30+00:00,,,,,,,,0.7,0.7,,0.0,0,False
2026-02-24 02:27:00+00:00,,,,,,,,0.7,0.7,,0.0,0,False
2026-02-24 02:27:30+00:00,,,,,,,,0.7,0.7,,0.0,0,False
2026-02-24 02:28:00+00:00,,,,,,,,0.7,0.7,,0.0,0,False
2026-02-24 02:28:30+00:00,,,,,,,,0.7,0.7,,0.0,0,False
2026-02-24 02:29:00+00:00,,,,,,,,0.7,0.7,,0.0,0,False
2026-02-24 02:29:30+00:00,,,,,,,,0.69,0.69,,90.0,1,False
2026-02-24 02:30:00+00:00,,,,,,,,0.7,0.7,,69.0,1,False
2026-02-24 02:30:30+00:00,,,,,,,,0.7,0.7,,0.0,0,False
2026-02-24 02:31:00+00:00,,,,,,,,0.7,0.7,,0.0,0,False
2026-02-24 02:31:30+00:00,,,,,,,,0.7,0.7,,0.0,0,False
2026-02-24 02:32:00+00:00,,,,,,,,0.7,0.7,,0.0,0,False
2026-02-24 02:32:30+00:00,,,,,,,,0.7,0.7,,0.0,0,False
2026-02-24 02:33:00+00:00,,,,,,,,0.7,0.7,,0.0,0,False
2026-02-24 02:33:30+00:00,,,,,,,,0.7,0.7,,0.0,0,False
2026-02-24 02:34:00+00:00,,,,,,,,0.7,0.7,,83.0,1,False
2026-02-24 02:34:30+00:00,,,,,,,,0.7,0.7,,0.0,0,False
2026-02-24 02:35:00+00:00,,,,,,,,0.7,0.7,,0.0,0,False
2026-02-24 02:35:30+00:00,,,,,,,,0.7,0.7,,0.0,0,False
2026-02-24 02:36:00+00:00,,,,,,,,0.7,0.7,,0.0,0,False
2026-02-24 02:36:30+00:00,,,,,,,,0.7,0.7,,1.0,1,False
2026-02-24 02:37:00+00:00,,,,,,,,0.7,0.7,,0.0,0,False
2026-02-24 02:37:30+00:00,,,,,,,,0.69,0.69,,30.0,1,False
2026-02-24 02:38:00+00:00,,,,,,,,0.69,0.69,,0.0,0,False
2026-02-24 02:38:30+00:00,,,,,,,,0.69,0.69,,9.0,1,False
2026-02-24 02:39:00+00:00,,,,,,,,0.69,0.69,,0.0,0,False
2026-02-24 02:39:30+00:00,,,,,,,,0.69,0.69,,0.0,0,False
2026-02-24 02:40:00+00:00,,,,,,,,0.7,0.7,,34.0,1,False
2026-02-24 02:40:30+00:00,,,,,,,,0.7,0.7,,69.0,1,False
2026-02-24 02:41:00+00:00,,,,,,,,0.7,0.7,,0.0,0,False
2026-02-24 02:41:30+00:00,,,,,,,,0.7,0.7,,0.0,0,False
2026-02-24 02:42:00+00:00,,,,,,,,0.7,0.7,,0.0,0,False
2026-02-24 02:42:30+00:00,,,,,,,,0.7,0.7,,0.0,0,False
2026-02-24 02:43:00+00:00,,,,,,,,0.7,0.7,,0.0,0,False
2026-02-24 02:43:30+00:00,,,,,,,,0.7,0.7,,0.0,0,False
2026-02-24 02:44:00+00:00,,,,,,,,0.7,0.7,,0.0,0,False
2026-02-24 02:44:30+00:00,,,,,,,,0.7,0.7,,699.0,1,False
2026-02-24 02:45:00+00:00,,,,,,,,0.7,0.7,,0.0,0,False
2026-02-24 02:45:30+00:00,,,,,,,,0.7,0.7,,25.0,2,False
2026-02-24 02:46:00+00:00,,,,,,,,0.69,0.69,,75.0,1,False
2026-02-24 02:46:30+00:00,,,,,,,,0.69,0.69,,0.0,0,False
2026-02-24 02:47:00+00:00,,,,,,,,0.69,0.69,,0.0,0,False
2026-02-24 02:47:30+00:00,,,,,,,,0.69,0.69,,0.0,0,False
2026-02-24 02:48:00+00:00,,,,,,,,0.6999999999999998,0.7,,6.0,1,False
2026-02-24 02:48:30+00:00,,,,,,,,0.7,0.7,,2.0,1,False
2026-02-24 02:49:00+00:00,,,,,,,,0.7,0.7,,0.0,0,False
2026-02-24 02:49:30+00:00,,,,,,,,0.7,0.7,,0.0,0,False
2026-02-24 02:50:00+00:00,,,,,,,,0.7,0.7,,0.0,0,False
2026-02-24 02:50:30+00:00,,,,,,,,0.7,0.7,,0.0,0,False
2026-02-24 02:51:00+00:00,,,,,,,,0.7,0.7,,0.0,0,False
2026-02-24 02:51:30+00:00,,,,,,,,0.7,0.7,,0.0,0,False
2026-02-24 02:52:00+00:00,,,,,,,,0.7,0.7,,0.0,0,False
2026-02-24 02:52:30+00:00,,,,,,,,0.7,0.7,,0.0,0,False
2026-02-24 02:53:00+00:00,,,,,,,,0.7,0.7,,0.0,0,False
2026-02-24 02:53:30+00:00,,,,,,,,0.6999999999999998,0.7,,6.0,1,False
2026-02-24 02:54:00+00:00,,,,,,,,0.6999999999999998,0.7,,0.0,0,False
2026-02-24 02:54:30+00:00,,,,,,,,0.6999999999999998,0.7,,0.0,0,False
2026-02-24 02:55:00+00:00,,,,,,,,0.6999999999999998,0.7,,0.0,0,False
2026-02-24 02:55:30+00:00,,,,,,,,0.6999999999999998,0.7,,0.0,0,False
2026-02-24 02:56:00+00:00,,,,,,,,0.7,0.7,,34.0,1,False
2026-02-24 02:56:30+00:00,,,,,,,,0.7,0.7,,0.0,0,False
2026-02-24 02:57:00+00:00,,,,,,,,0.7,0.7,,0.0,0,False
2026-02-24 02:57:30+00:00,,,,,,,,0.7,0.7,,7.0,1,False
2026-02-24 02:58:00+00:00,,,,,,,,0.7,0.7,,0.0,0,False
2026-02-24 02:58:30+00:00,,,,,,,,0.7,0.7,,0.0,0,False
2026-02-24 02:59:00+00:00,,,,,,,,0.7,0.7,,0.0,0,False
2026-02-24 02:59:30+00:00,,,,,,,,0.7,0.7,,200.0,5,False
2026-02-24 03:00:00+00:00,,,,,,,,0.7,0.7,,0.0,0,False
2026-02-24 03:00:30+00:00,,,,,,,,0.7,0.7,,0.0,0,False
2026-02-24 03:01:00+00:00,,,,,,,,0.7,0.7,,0.0,0,False
2026-02-24 03:01:30+00:00,,,,,,,,0.7,0.7,,0.0,0,False
2026-02-24 03:02:00+00:00,,,,,,,,0.7,0.7,,0.0,0,False
2026-02-24 03:02:30+00:00,,,,,,,,0.7,0.7,,0.0,0,False
2026-02-24 03:03:00+00:00,,,,,,,,0.69,0.69,,15.0,1,False
2026-02-24 03:03:30+00:00,,,,,,,,0.69,0.69,,0.0,0,False
2026-02-24 03:04:00+00:00,,,,,,,,0.69,0.69,,0.0,0,False
2026-02-24 03:04:30+00:00,,,,,,,,0.69,0.69,,0.0,0,False
2026-02-24 03:05:00+00:00,,,,,,,,0.69,0.69,,0.0,0,False
2026-02-24 03:05:30+00:00,,,,,,,,0.7,0.7,,572.0,4,False
2026-02-24 03:06:00+00:00,,,,,,,,0.7,0.7,,0.0,0,False
2026-02-24 03:06:30+00:00,,,,,,,,0.7100000000000001,0.71,,13.0,1,False
2026-02-24 03:07:00+00:00,,,,,,,,0.7100000000000001,0.71,,0.0,0,False
2026-02-24 03:07:30+00:00,,,,,,,,0.7100000000000001,0.71,,0.0,0,False
2026-02-24 03:08:00+00:00,,,,,,,,0.69,0.69,,30.0,1,False
2026-02-24 03:08:30+00:00,,,,,,,,0.69,0.69,,0.0,0,False
2026-02-24 03:09:00+00:00,,,,,,,,0.69,0.69,,0.0,0,False
2026-02-24 03:09:30+00:00,,,,,,,,0.69,0.69,,0.0,0,False
2026-02-24 03:10:00+00:00,,,,,,,,0.69,0.69,,0.0,0,False
2026-02-24 03:10:30+00:00,,,,,,,,0.7000000000000001,0.7,,1273.0,2,False
2026-02-24 03:11:00+00:00,,,,,,,,0.7,0.7,,139.0,1,False
2026-02-24 03:11:30+00:00,,,,,,,,0.7,0.7,,69.0,1,False
2026-02-24 03:12:00+00:00,,,,,,,,0.69,0.69,,5000.0,15,False
2026-02-24 03:12:30+00:00,,,,,,,,0.69,0.69,,0.0,0,False
2026-02-24 03:13:00+00:00,,,,,,,,0.7,0.7,,28.0,2,False
2026-02-24 03:13:30+00:00,,,,,,,,0.7,0.7,,43.0,2,False
2026-02-24 03:14:00+00:00,,,,,,,,0.7,0.7,,208.0,1,False
2026-02-24 03:14:30+00:00,,,,,,,,0.7,0.7,,139.0,1,False
2026-02-24 03:15:00+00:00,,,,,,,,0.6809243697478992,0.68,,595.0,5,False
2026-02-24 03:15:30+00:00,,,,,,,,0.6809243697478992,0.68,,0.0,0,False
2026-02-24 03:16:00+00:00,,,,,,,,0.7,0.7,,27.0,1,False
2026-02-24 03:16:30+00:00,,,,,,,,0.7,0.7,,0.0,0,False
2026-02-24 03:17:00+00:00,,,,,,,,0.6930952380952381,0.7,,84.0,2,False
2026-02-24 03:17:30+00:00,,,,,,,,0.6799999999999999,0.6799999999999999,,8.0,1,False
2026-02-24 03:18:00+00:00,,,,,,,,0.6999999999999998,0.7,,6.0,1,False
2026-02-24 03:18:30+00:00,,,,,,,,0.7,0.7,,28.0,1,False
2026-02-24 03:19:00+00:00,,,,,,,,0.7,0.7,,0.0,0,False
2026-02-24 03:19:30+00:00,,,,,,,,0.7,0.7,,0.0,0,False
2026-02-24 03:20:00+00:00,,,,,,,,0.7,0.7,,0.0,0,False
2026-02-24 03:20:30+00:00,,,,,,,,0.7,0.7,,0.0,0,False
2026-02-24 03:21:00+00:00,,,,,,,,0.7,0.7,,0.0,0,False
2026-02-24 03:21:30+00:00,,,,,,,,0.7,0.7,,27.0,1,False
2026-02-24 03:22:00+00:00,,,,,,,,0.7,0.7,,34.0,1,False
2026-02-24 03:22:30+00:00,,,,,,,,0.7,0.7,,0.0,0,False
2026-02-24 03:23:00+00:00,,,,,,,,0.6999999999999998,0.7,,12.0,1,False
2026-02-24 03:23:30+00:00,,,,,,,,0.7,0.7,,127.0,1,False
2026-02-24 03:24:00+00:00,,,,,,,,0.7,0.7,,0.0,0,False
2026-02-24 03:24:30+00:00,,,,,,,,0.7,0.7,,0.0,0,False
2026-02-24 03:25:00+00:00,,,,,,,,0.7,0.7,,0.0,0,False
2026-02-24 03:25:30+00:00,,,,,,,,0.7,0.7,,0.0,0,False
2026-02-24 03:26:00+00:00,,,,,,,,0.6799999999999999,0.6799999999999999,,2.0,1,False
2026-02-24 03:26:30+00:00,,,,,,,,0.6799999999999999,0.6799999999999999,,0.0,0,False
2026-02-24 03:27:00+00:00,,,,,,,,0.6799999999999999,0.6799999999999999,,0.0,0,False
2026-02-24 03:27:30+00:00,,,,,,,,0.7000000000000001,0.7,,763.0,2,False
2026-02-24 03:28:00+00:00,,,,,,,,0.7,0.7,,28.0,2,False
2026-02-24 03:28:30+00:00,,,,,,,,0.7,0.7,,155.0,2,False
2026-02-24 03:29:00+00:00,,,,,,,,0.7,0.7,,0.0,0,False
2026-02-24 03:29:30+00:00,,,,,,,,0.7,0.7,,139.0,1,False
2026-02-24 03:30:00+00:00,,,,,,,,0.7,0.7,,0.0,0,False
2026-02-24 03:30:30+00:00,,,,,,,,0.6799999999999999,0.6799999999999999,,14.0,1,False
2026-02-24 03:31:00+00:00,,,,,,,,0.6799999999999999,0.6799999999999999,,73.0,1,False
2026-02-24 03:31:30+00:00,,,,,,,,0.6799999999999999,0.6799999999999999,,0.0,0,False
2026-02-24 03:32:00+00:00,,,,,,,,0.6799999999999999,0.6799999999999999,,0.0,0,False
2026-02-24 03:32:30+00:00,,,,,,,,0.6799999999999999,0.6799999999999999,,0.0,0,False
2026-02-24 03:33:00+00:00,,,,,,,,0.6799999999999999,0.6799999999999999,,114.0,1,False
2026-02-24 03:33:30+00:00,,,,,,,,0.6799999999999999,0.6799999999999999,,0.0,0,False
2026-02-24 03:34:00+00:00,,,,,,,,0.6799999999999999,0.6799999999999999,,0.0,0,False
2026-02-24 03:34:30+00:00,,,,,,,,0.7,0.7,,200.0,1,False
2026-02-24 03:35:00+00:00,,,,,,,,0.7,0.7,,0.0,0,False
2026-02-24 03:35:30+00:00,,,,,,,,0.7,0.7,,99.0,2,False
2026-02-24 03:36:00+00:00,,,,,,,,0.7,0.7,,1.0,1,False
2026-02-24 03:36:30+00:00,,,,,,,,0.7,0.7,,300.0,1,False
2026-02-24 03:37:00+00:00,,,,,,,,0.68,0.68,,1301.0,3,False
2026-02-24 03:37:30+00:00,,,,,,,,0.68,0.68,,0.0,0,False
2026-02-24 03:38:00+00:00,,,,,,,,0.7,0.7,,83.0,2,False
2026-02-24 03:38:30+00:00,,,,,,,,0.7,0.7,,18.0,1,False
2026-02-24 03:39:00+00:00,,,,,,,,0.7,0.7,,0.0,0,False
2026-02-24 03:39:30+00:00,,,,,,,,0.7,0.7,,22.0,1,False
2026-02-24 03:40:00+00:00,,,,,,,,0.68,0.6799999999999999,,50.0,1,False
2026-02-24 03:40:30+00:00,,,,,,,,0.68,0.6799999999999999,,0.0,0,False
2026-02-24 03:41:00+00:00,,,,,,,,0.7,0.7,,8.0,1,False
2026-02-24 03:41:30+00:00,,,,,,,,0.7,0.7,,0.0,0,False
2026-02-24 03:42:00+00:00,,,,,,,,0.7,0.7,,0.0,0,False
2026-02-24 03:42:30+00:00,,,,,,,,0.7,0.7,,0.0,0,False
2026-02-24 03:43:00+00:00,,,,,,,,0.7,0.7,,0.0,0,False
2026-02-24 03:43:30+00:00,,,,,,,,0.7,0.7,,0.0,0,False
2026-02-24 03:44:00+00:00,,,,,,,,0.7,0.7,,0.0,0,False
2026-02-24 03:44:30+00:00,,,,,,,,0.7,0.7,,40.0,1,False
2026-02-24 03:45:00+00:00,,,,,,,,0.7,0.7,,61.0,1,False
2026-02-24 03:45:30+00:00,,,,,,,,0.6999999999999998,0.7,,8306.0,3,False
2026-02-24 03:46:00+00:00,,,,,,,,0.6999999999999998,0.7,,0.0,0,False
2026-02-24 03:46:30+00:00,,,,,,,,0.68,0.6799999999999999,,3.0,1,False
2026-02-24 03:47:00+00:00,,,,,,,,0.6999999999999998,0.7,,6.0,1,False
2026-02-24 03:47:30+00:00,,,,,,,,0.7,0.7,,1.0,1,False
2026-02-24 03:48:00+00:00,,,,,,,,0.7,0.7,,0.0,0,False
2026-02-24 03:48:30+00:00,,,,,,,,0.7,0.7,,0.0,0,False
2026-02-24 03:49:00+00:00,,,,,,,,0.7,0.7,,0.0,0,False
2026-02-24 03:49:30+00:00,,,,,,,,0.6799999999999999,0.6799999999999999,,339.0,5,False
2026-02-24 03:50:00+00:00,,,,,,,,0.6799999999999999,0.6799999999999999,,0.0,0,False
2026-02-24 03:50:30+00:00,,,,,,,,0.6803947368421052,0.7,,304.0,5,False
2026-02-24 03:51:00+00:00,,,,,,,,0.7,0.7,,4.0,1,False
2026-02-24 03:51:30+00:00,,,,,,,,0.7,0.7,,141.0,1,False
2026-02-24 03:52:00+00:00,,,,,,,,0.6998818897637795,0.7,,508.0,3,False
2026-02-24 03:52:30+00:00,,,,,,,,0.7,0.7,,105.0,3,False
2026-02-24 03:53:00+00:00,,,,,,,,0.7,0.7,,130.0,1,False
2026-02-24 03:53:30+00:00,,,,,,,,0.7,0.7,,0.0,0,False
2026-02-24 03:54:00+00:00,,,,,,,,0.68,0.6799999999999999,,100.0,1,False
2026-02-24 03:54:30+00:00,,,,,,,,0.7,0.7,,104.0,1,False
2026-02-24 03:55:00+00:00,,,,,,,,0.6799999999999999,0.6799999999999999,,5.0,1,False
2026-02-24 03:55:30+00:00,,,,,,,,0.6799999999999999,0.6799999999999999,,0.0,0,False
2026-02-24 03:56:00+00:00,,,,,,,,0.7,0.7,,2776.0,2,False
2026-02-24 03:56:30+00:00,,,,,,,,0.7,0.7,,13.0,1,False
2026-02-24 03:57:00+00:00,,,,,,,,0.7000000000000001,0.7,,83.0,2,False
2026-02-24 03:57:30+00:00,,,,,,,,0.7000000000000001,0.7,,0.0,0,False
2026-02-24 03:58:00+00:00,,,,,,,,0.7,0.7,,20.0,1,False
2026-02-24 03:58:30+00:00,,,,,,,,0.7,0.7,,277.0,2,False
2026-02-24 03:59:00+00:00,,,,,,,,0.7,0.7,,0.0,0,False
2026-02-24 03:59:30+00:00,,,,,,,,0.69,0.69,,649.0,5,False
2026-02-24 04:00:00+00:00,,,,,,,,0.7,0.7,,5.0,1,False
2026-02-24 04:00:30+00:00,,,,,,,,0.7,0.7,,0.0,0,False
2026-02-24 04:01:00+00:00,,,,,,,,0.7,0.7,,16.0,1,False
2026-02-24 04:01:30+00:00,,,,,,,,0.6954545454545453,0.6799999999999999,,44.0,2,False
2026-02-24 04:02:00+00:00,,,,,,,,0.7,0.7,,1.0,1,False
2026-02-24 04:02:30+00:00,,,,,,,,0.6799999999999999,0.6799999999999999,,117.0,1,False
2026-02-24 04:03:00+00:00,,,,,,,,0.6974358974358973,0.7,,39.0,2,False
2026-02-24 04:03:30+00:00,,,,,,,,0.6799999999999999,0.6799999999999999,,45.0,1,False
2026-02-24 04:04:00+00:00,,,,,,,,0.7,0.7,,42.0,2,False
2026-02-24 04:04:30+00:00,,,,,,,,0.6999999999999998,0.7,,6.0,1,False
2026-02-24 04:05:00+00:00,,,,,,,,0.7000000000000001,0.7,,88.0,3,False
2026-02-24 04:05:30+00:00,,,,,,,,0.7,0.7,,15.0,1,False
2026-02-24 04:06:00+00:00,,,,,,,,0.7,0.7,,14.0,1,False
2026-02-24 04:06:30+00:00,,,,,,,,0.7,0.7,,0.0,0,False
2026-02-24 04:07:00+00:00,,,,,,,,0.7,0.7,,1.0,1,False
2026-02-24 04:07:30+00:00,,,,,,,,0.6799999999999999,0.6799999999999999,,143.0,2,False
2026-02-24 04:08:00+00:00,,,,,,,,0.6799999999999999,0.6799999999999999,,29.0,1,False
2026-02-24 04:08:30+00:00,,,,,,,,0.6999999999999998,0.7,,6.0,1,False
2026-02-24 04:09:00+00:00,,,,,,,,0.6999999999999998,0.7,,6.0,1,False
2026-02-24 04:09:30+00:00,,,,,,,,0.6999999999999998,0.7,,0.0,0,False
2026-02-24 04:10:00+00:00,,,,,,,,0.6999999999999998,0.7,,0.0,0,False
2026-02-24 04:10:30+00:00,,,,,,,,0.6999999999999998,0.7,,0.0,0,False
2026-02-24 04:11:00+00:00,,,,,,,,0.7,0.7,,139.0,1,False
2026-02-24 04:11:30+00:00,,,,,,,,0.7,0.7,,150.0,1,False
2026-02-24 04:12:00+00:00,,,,,,,,0.7,0.7,,0.0,0,False
2026-02-24 04:12:30+00:00,,,,,,,,0.7,0.7,,0.0,0,False
2026-02-24 04:13:00+00:00,,,,,,,,0.6931132075471698,0.6799999999999999,,212.0,2,False
2026-02-24 04:13:30+00:00,,,,,,,,0.6931132075471698,0.6799999999999999,,0.0,0,False
2026-02-24 04:14:00+00:00,,,,,,,,0.7000000000000001,0.7,,56.0,2,False
2026-02-24 04:14:30+00:00,,,,,,,,0.6999999999999998,0.7,,6.0,1,False
2026-02-24 04:15:00+00:00,,,,,,,,0.6799999999999999,0.6799999999999999,,8.0,1,False
2026-02-24 04:15:30+00:00,,,,,,,,0.6799999999999999,0.6799999999999999,,0.0,0,False
2026-02-24 04:16:00+00:00,,,,,,,,0.7,0.7,,74.0,1,False
2026-02-24 04:16:30+00:00,,,,,,,,0.6965517241379309,0.7,,58.0,2,False
2026-02-24 04:17:00+00:00,,,,,,,,0.6965517241379309,0.7,,0.0,0,False
2026-02-24 04:17:30+00:00,,,,,,,,0.6965517241379309,0.7,,0.0,0,False
2026-02-24 04:18:00+00:00,,,,,,,,0.7,0.7,,487.0,2,False
2026-02-24 04:18:30+00:00,,,,,,,,0.7,0.7,,69.0,1,False
2026-02-24 04:19:00+00:00,,,,,,,,0.7,0.7,,0.0,0,False
2026-02-24 04:19:30+00:00,,,,,,,,0.7,0.7,,25.0,1,False
2026-02-24 04:20:00+00:00,,,,,,,,0.7,0.7,,0.0,0,False
2026-02-24 04:20:30+00:00,,,,,,,,0.7,0.7,,0.0,0,False
2026-02-24 04:21:00+00:00,,,,,,,,0.7,0.7,,0.0,0,False
2026-02-24 04:21:30+00:00,,,,,,,,0.6799999999999999,0.6799999999999999,,11.0,1,False
2026-02-24 04:22:00+00:00,,,,,,,,0.7,0.7,,7.0,1,False
2026-02-24 04:22:30+00:00,,,,,,,,0.7,0.7,,138.0,1,False
2026-02-24 04:23:00+00:00,,,,,,,,0.7,0.7,,0.0,0,False
2026-02-24 04:23:30+00:00,,,,,,,,0.7,0.7,,0.0,0,False
2026-02-24 04:24:00+00:00,,,,,,,,0.7,0.7,,0.0,0,False
2026-02-24 04:24:30+00:00,,,,,,,,0.7,0.7,,0.0,0,False
2026-02-24 04:25:00+00:00,,,,,,,,0.7,0.7,,0.0,0,False
2026-02-24 04:25:30+00:00,,,,,,,,0.7,0.7,,0.0,0,False
2026-02-24 04:26:00+00:00,,,,,,,,0.7,0.7,,0.0,0,False
2026-02-24 04:26:30+00:00,,,,,,,,0.7,0.7,,327.0,2,False
2026-02-24 04:27:00+00:00,,,,,,,,0.7,0.7,,0.0,0,False
2026-02-24 04:27:30+00:00,,,,,,,,0.7,0.7,,28.0,1,False
2026-02-24 04:28:00+00:00,,,,,,,,0.7,0.7,,0.0,0,False
2026-02-24 04:28:30+00:00,,,,,,,,0.7,0.7,,27.0,1,False
2026-02-24 04:29:00+00:00,,,,,,,,0.7,0.7,,0.0,0,False
2026-02-24 04:29:30+00:00,,,,,,,,0.7,0.7,,0.0,0,False
2026-02-24 04:30:00+00:00,,,,,,,,0.7,0.7,,0.0,0,False
2026-02-24 04:30:30+00:00,,,,,,,,0.7,0.7,,15.0,1,False
2026-02-24 04:31:00+00:00,,,,,,,,0.7,0.7,,16.0,1,False
2026-02-24 04:31:30+00:00,,,,,,,,0.7,0.7,,170.0,1,False
2026-02-24 04:32:00+00:00,,,,,,,,0.7,0.7,,0.0,0,False
2026-02-24 04:32:30+00:00,,,,,,,,0.7,0.7,,0.0,0,False
2026-02-24 04:33:00+00:00,,,,,,,,0.7,0.7,,0.0,0,False
2026-02-24 04:33:30+00:00,,,,,,,,0.7,0.7,,0.0,0,False
2026-02-24 04:34:00+00:00,,,,,,,,0.7,0.7,,0.0,0,False
2026-02-24 04:34:30+00:00,,,,,,,,0.6990344827586206,0.7,,290.0,3,False
2026-02-24 04:35:00+00:00,,,,,,,,0.6990344827586206,0.7,,0.0,0,False
2026-02-24 04:35:30+00:00,,,,,,,,0.6990344827586206,0.7,,0.0,0,False
2026-02-24 04:36:00+00:00,,,,,,,,0.6990344827586206,0.7,,0.0,0,False
2026-02-24 04:36:30+00:00,,,,,,,,0.6990344827586206,0.7,,0.0,0,False
2026-02-24 04:37:00+00:00,,,,,,,,0.6990344827586206,0.7,,0.0,0,False
2026-02-24 04:37:30+00:00,,,,,,,,0.6990344827586206,0.7,,0.0,0,False
2026-02-24 04:38:00+00:00,,,,,,,,0.6880701754385965,0.6799999999999999,,342.0,3,False
2026-02-24 04:38:30+00:00,,,,,,,,0.7,0.7,,50.0,1,False
2026-02-24 04:39:00+00:00,,,,,,,,0.7,0.7,,0.0,0,False
2026-02-24 04:39:30+00:00,,,,,,,,0.7,0.7,,1.0,1,False
2026-02-24 04:40:00+00:00,,,,,,,,0.7,0.7,,1.0,1,False
2026-02-24 04:40:30+00:00,,,,,,,,0.7,0.7,,0.0,0,False
2026-02-24 04:41:00+00:00,,,,,,,,0.7,0.7,,0.0,0,False
2026-02-24 04:41:30+00:00,,,,,,,,0.7,0.7,,10.0,1,False
2026-02-24 04:42:00+00:00,,,,,,,,0.7,0.7,,13.0,1,False
2026-02-24 04:42:30+00:00,,,,,,,,0.7,0.7,,41.0,1,False
2026-02-24 04:43:00+00:00,,,,,,,,0.7,0.7,,0.0,0,False
2026-02-24 04:43:30+00:00,,,,,,,,0.7,0.7,,138.0,1,False
2026-02-24 04:44:00+00:00,,,,,,,,0.7,0.7,,20.0,1,False
2026-02-24 04:44:30+00:00,,,,,,,,0.7,0.7,,0.0,0,False
2026-02-24 04:45:00+00:00,,,,,,,,0.7,0.7,,0.0,0,False
2026-02-24 04:45:30+00:00,,,,,,,,0.7,0.7,,0.0,0,False
2026-02-24 04:46:00+00:00,,,,,,,,0.7,0.7,,28.0,1,False
2026-02-24 04:46:30+00:00,,,,,,,,0.6799999999999999,0.6799999999999999,,37.0,2,False
2026-02-24 04:47:00+00:00,,,,,,,,0.7,0.7,,290.0,2,False
2026-02-24 04:47:30+00:00,,,,,,,,0.7,0.7,,20.0,1,False
2026-02-24 04:48:00+00:00,,,,,,,,0.7,0.7,,0.0,0,False
2026-02-24 04:48:30+00:00,,,,,,,,0.7,0.7,,4.0,1,False
2026-02-24 04:49:00+00:00,,,,,,,,0.7,0.7,,0.0,0,False
2026-02-24 04:49:30+00:00,,,,,,,,0.7,0.7,,0.0,0,False
2026-02-24 04:50:00+00:00,,,,,,,,0.7,0.7,,0.0,0,False
2026-02-24 04:50:30+00:00,,,,,,,,0.7,0.7,,0.0,0,False
2026-02-24 04:51:00+00:00,,,,,,,,0.7,0.7,,0.0,0,False
2026-02-24 04:51:30+00:00,,,,,,,,0.7,0.7,,0.0,0,False
2026-02-24 04:52:00+00:00,,,,,,,,0.7,0.7,,5.0,1,False
2026-02-24 04:52:30+00:00,,,,,,,,0.7,0.7,,1.0,1,False
2026-02-24 04:53:00+00:00,,,,,,,,0.7,0.7,,0.0,0,False
2026-02-24 04:53:30+00:00,,,,,,,,0.7,0.7,,0.0,0,False
2026-02-24 04:54:00+00:00,,,,,,,,0.7000000000000001,0.7,,132.0,2,False
2026-02-24 04:54:30+00:00,,,,,,,,0.7000000000000001,0.7,,0.0,0,False
2026-02-24 04:55:00+00:00,,,,,,,,0.7000000000000001,0.7,,0.0,0,False
2026-02-24 04:55:30+00:00,,,,,,,,0.699967663702506,0.69,,4948.0,6,False
2026-02-24 04:56:00+00:00,,,,,,,,0.699967663702506,0.69,,0.0,0,False
2026-02-24 04:56:30+00:00,,,,,,,,0.6810204081632653,0.69,,49.0,3,False
2026-02-24 04:57:00+00:00,,,,,,,,0.6900000000000001,0.69,,42.0,2,False
2026-02-24 04:57:30+00:00,,,,,,,,0.6799999999999999,0.6799999999999999,,29.0,2,False
2026-02-24 04:58:00+00:00,,,,,,,,0.6799999999999999,0.6799999999999999,,5.0,1,False
2026-02-24 04:58:30+00:00,,,,,,,,0.6799999999999999,0.6799999999999999,,0.0,0,False
2026-02-24 04:59:00+00:00,,,,,,,,0.69,0.69,,1416.0,5,False
2026-02-24 04:59:30+00:00,,,,,,,,0.69,0.69,,84.0,2,False
2026-02-24 05:00:00+00:00,,,,,,,,0.69,0.69,,2.0,1,False
2026-02-24 05:00:30+00:00,,,,,,,,0.6859999999999999,0.69,,5.0,3,False
2026-02-24 05:01:00+00:00,,,,,,,,0.6859999999999999,0.69,,0.0,0,False
2026-02-24 05:01:30+00:00,,,,,,,,0.6859999999999999,0.69,,0.0,0,False
2026-02-24 05:02:00+00:00,,,,,,,,0.6799999999999999,0.68,,26.0,4,False
2026-02-24 05:02:30+00:00,,,,,,,,0.6799999999999999,0.68,,0.0,0,False
2026-02-24 05:03:00+00:00,,,,,,,,0.6893162393162392,0.69,,117.0,2,False
2026-02-24 05:03:30+00:00,,,,,,,,0.6839130434782608,0.69,,23.0,2,False
2026-02-24 05:04:00+00:00,,,,,,,,0.6839130434782608,0.69,,0.0,0,False
2026-02-24 05:04:30+00:00,,,,,,,,0.69,0.69,,279.0,1,False
2026-02-24 05:05:00+00:00,,,,,,,,0.69,0.69,,0.0,0,False
2026-02-24 05:05:30+00:00,,,,,,,,0.69,0.69,,0.0,0,False
2026-02-24 05:06:00+00:00,,,,,,,,0.69,0.69,,0.0,0,False
2026-02-24 05:06:30+00:00,,,,,,,,0.69,0.69,,11.0,2,False
2026-02-24 05:07:00+00:00,,,,,,,,0.6799999999999999,0.6799999999999999,,11.0,1,False
2026-02-24 05:07:30+00:00,,,,,,,,0.6880769230769229,0.6799999999999999,,26.0,2,False
2026-02-24 05:08:00+00:00,,,,,,,,0.6900000000000001,0.69,,28.0,1,False
2026-02-24 05:08:30+00:00,,,,,,,,0.6900000000000001,0.69,,98.0,2,False
2026-02-24 05:09:00+00:00,,,,,,,,0.69,0.69,,1408.0,1,False
2026-02-24 05:09:30+00:00,,,,,,,,0.69,0.69,,638.0,1,False
2026-02-24 05:10:00+00:00,,,,,,,,0.69,0.69,,0.0,0,False
2026-02-24 05:10:30+00:00,,,,,,,,0.69,0.69,,281.0,1,False
2026-02-24 05:11:00+00:00,,,,,,,,0.6900000000000001,0.69,,7.0,1,False
2026-02-24 05:11:30+00:00,,,,,,,,0.6900000000000001,0.69,,0.0,0,False
2026-02-24 05:12:00+00:00,,,,,,,,0.69,0.69,,70.0,1,False
2026-02-24 05:12:30+00:00,,,,,,,,0.69,0.69,,105.0,1,False
2026-02-24 05:13:00+00:00,,,,,,,,0.69,0.69,,0.0,0,False
2026-02-24 05:13:30+00:00,,,,,,,,0.69,0.69,,70.0,1,False
2026-02-24 05:14:00+00:00,,,,,,,,0.69,0.69,,0.0,0,False
2026-02-24 05:14:30+00:00,,,,,,,,0.69,0.69,,0.0,0,False
2026-02-24 05:15:00+00:00,,,,,,,,0.6828571428571428,0.6799999999999999,,21.0,2,False
2026-02-24 05:15:30+00:00,,,,,,,,0.6894444444444443,0.6799999999999999,,18.0,2,False
2026-02-24 05:16:00+00:00,,,,,,,,0.6894444444444443,0.6799999999999999,,0.0,0,False
2026-02-24 05:16:30+00:00,,,,,,,,0.6894444444444443,0.6799999999999999,,0.0,0,False
2026-02-24 05:17:00+00:00,,,,,,,,0.6900000000000001,0.69,,28.0,1,False
2026-02-24 05:17:30+00:00,,,,,,,,0.68,0.6799999999999999,,100.0,1,False
2026-02-24 05:18:00+00:00,,,,,,,,0.69,0.69,,994.0,2,False
2026-02-24 05:18:30+00:00,,,,,,,,0.69,0.69,,155.0,2,False
2026-02-24 05:19:00+00:00,,,,,,,,0.69,0.69,,0.0,0,False
2026-02-24 05:19:30+00:00,,,,,,,,0.6900000000000001,0.69,,7.0,1,False
2026-02-24 05:20:00+00:00,,,,,,,,0.6899999999999998,0.69,,14.0,2,False
2026-02-24 05:20:30+00:00,,,,,,,,0.6799999999999999,0.6799999999999999,,14.0,1,False
2026-02-24 05:21:00+00:00,,,,,,,,0.69,0.69,,20.0,1,False
2026-02-24 05:21:30+00:00,,,,,,,,0.6900000000000001,0.69,,14.0,1,False
2026-02-24 05:22:00+00:00,,,,,,,,0.6900000000000001,0.69,,0.0,0,False
2026-02-24 05:22:30+00:00,,,,,,,,0.6900000000000001,0.69,,0.0,0,False
2026-02-24 05:23:00+00:00,,,,,,,,0.6900000000000001,0.69,,0.0,0,False
2026-02-24 05:23:30+00:00,,,,,,,,0.6900000000000001,0.69,,14.0,1,False
2026-02-24 05:24:00+00:00,,,,,,,,0.6900000000000001,0.69,,274.0,2,False
2026-02-24 05:24:30+00:00,,,,,,,,0.6900000000000001,0.69,,56.0,2,False
2026-02-24 05:25:00+00:00,,,,,,,,0.6900000000000001,0.69,,0.0,0,False
2026-02-24 05:25:30+00:00,,,,,,,,0.69,0.69,,10.0,2,False
2026-02-24 05:26:00+00:00,,,,,,,,0.69,0.69,,0.0,0,False
2026-02-24 05:26:30+00:00,,,,,,,,0.69,0.69,,0.0,0,False
2026-02-24 05:27:00+00:00,,,,,,,,0.69,0.69,,0.0,0,False
2026-02-24 05:27:30+00:00,,,,,,,,0.69,0.69,,0.0,0,False
2026-02-24 05:28:00+00:00,,,,,,,,0.69,0.69,,0.0,0,False
2026-02-24 05:28:30+00:00,,,,,,,,0.69,0.69,,0.0,0,False
2026-02-24 05:29:00+00:00,,,,,,,,0.69,0.69,,0.0,0,False
2026-02-24 05:29:30+00:00,,,,,,,,0.69,0.69,,0.0,0,False
2026-02-24 05:30:00+00:00,,,,,,,,0.68,0.6799999999999999,,100.0,1,False
2026-02-24 05:30:30+00:00,,,,,,,,0.69,0.69,,50.0,2,False
2026-02-24 05:31:00+00:00,,,,,,,,0.69,0.69,,148.0,1,False
2026-02-24 05:31:30+00:00,,,,,,,,0.69,0.69,,140.0,2,False
2026-02-24 05:32:00+00:00,,,,,,,,0.6900000000000001,0.69,,7.0,1,False
2026-02-24 05:32:30+00:00,,,,,,,,0.69,0.69,,2.0,1,False
2026-02-24 05:33:00+00:00,,,,,,,,0.69,0.69,,9.0,1,False
2026-02-24 05:33:30+00:00,,,,,,,,0.6899999999999998,0.69,,99.0,1,False
2026-02-24 05:34:00+00:00,,,,,,,,0.69,0.69,,107.0,2,False
2026-02-24 05:34:30+00:00,,,,,,,,0.69,0.69,,0.0,0,False
2026-02-24 05:35:00+00:00,,,,,,,,0.69,0.69,,0.0,0,False
2026-02-24 05:35:30+00:00,,,,,,,,0.69,0.69,,0.0,0,False
2026-02-24 05:36:00+00:00,,,,,,,,0.69,0.69,,0.0,0,False
2026-02-24 05:36:30+00:00,,,,,,,,0.69,0.69,,105.0,1,False
2026-02-24 05:37:00+00:00,,,,,,,,0.69,0.69,,121.0,1,False
2026-02-24 05:37:30+00:00,,,,,,,,0.69,0.69,,30.0,1,False
2026-02-24 05:38:00+00:00,,,,,,,,0.69,0.69,,0.0,0,False
2026-02-24 05:38:30+00:00,,,,,,,,0.69,0.69,,0.0,0,False
2026-02-24 05:39:00+00:00,,,,,,,,0.69,0.69,,0.0,0,False
2026-02-24 05:39:30+00:00,,,,,,,,0.69,0.69,,50.0,1,False
2026-02-24 05:40:00+00:00,,,,,,,,0.6899999999999998,0.69,,422.0,1,False
2026-02-24 05:40:30+00:00,,,,,,,,0.69,0.69,,255.0,1,False
2026-02-24 05:41:00+00:00,,,,,,,,0.69,0.69,,0.0,0,False
2026-02-24 05:41:30+00:00,,,,,,,,0.69,0.69,,0.0,0,False
2026-02-24 05:42:00+00:00,,,,,,,,0.6834210526315789,0.6799999999999999,,76.0,3,False
2026-02-24 05:42:30+00:00,,,,,,,,0.69,0.69,,1570.0,3,False
2026-02-24 05:43:00+00:00,,,,,,,,0.69,0.69,,0.0,0,False
2026-02-24 05:43:30+00:00,,,,,,,,0.69,0.69,,0.0,0,False
2026-02-24 05:44:00+00:00,,,,,,,,0.69,0.69,,0.0,0,False
2026-02-24 05:44:30+00:00,,,,,,,,0.6799999999999999,0.6799999999999999,,29.0,1,False
2026-02-24 05:45:00+00:00,,,,,,,,0.69,0.69,,30.0,1,False
2026-02-24 05:45:30+00:00,,,,,,,,0.69,0.69,,0.0,0,False
2026-02-24 05:46:00+00:00,,,,,,,,0.69,0.69,,0.0,0,False
2026-02-24 05:46:30+00:00,,,,,,,,0.69,0.69,,0.0,0,False
2026-02-24 05:47:00+00:00,,,,,,,,0.69,0.69,,0.0,0,False
2026-02-24 05:47:30+00:00,,,,,,,,0.6900000000000001,0.69,,112.0,1,False
2026-02-24 05:48:00+00:00,,,,,,,,0.69,0.69,,4.0,1,False
2026-02-24 05:48:30+00:00,,,,,,,,0.69,0.69,,0.0,0,False
2026-02-24 05:49:00+00:00,,,,,,,,0.69,0.69,,0.0,0,False
2026-02-24 05:49:30+00:00,,,,,,,,0.69,0.69,,20.0,1,False
2026-02-24 05:50:00+00:00,,,,,,,,0.69,0.69,,0.0,0,False
2026-02-24 05:50:30+00:00,,,,,,,,0.69,0.69,,0.0,0,False
2026-02-24 05:51:00+00:00,,,,,,,,0.69,0.69,,1629.0,3,False
2026-02-24 05:51:30+00:00,,,,,,,,0.69,0.69,,425.0,1,False
2026-02-24 05:52:00+00:00,,,,,,,,0.69,0.69,,0.0,0,False
2026-02-24 05:52:30+00:00,,,,,,,,0.6900000000000001,0.69,,7.0,1,False
2026-02-24 05:53:00+00:00,,,,,,,,0.69,0.69,,281.0,1,False
2026-02-24 05:53:30+00:00,,,,,,,,0.69,0.69,,0.0,0,False
2026-02-24 05:54:00+00:00,,,,,,,,0.69,0.69,,35.0,1,False
2026-02-24 05:54:30+00:00,,,,,,,,0.69,0.69,,0.0,0,False
2026-02-24 05:55:00+00:00,,,,,,,,0.69,0.69,,0.0,0,False
2026-02-24 05:55:30+00:00,,,,,,,,0.69,0.69,,20.0,3,False
2026-02-24 05:56:00+00:00,,,,,,,,0.6799999999999999,0.6799999999999999,,29.0,1,False
2026-02-24 05:56:30+00:00,,,,,,,,0.6799999999999999,0.6799999999999999,,0.0,0,False
2026-02-24 05:57:00+00:00,,,,,,,,0.69,0.69,,154.0,2,False
2026-02-24 05:57:30+00:00,,,,,,,,0.6900000000000001,0.69,,7.0,1,False
2026-02-24 05:58:00+00:00,,,,,,,,0.6900000000000001,0.69,,0.0,0,False
2026-02-24 05:58:30+00:00,,,,,,,,0.6900000000000001,0.69,,0.0,0,False
2026-02-24 05:59:00+00:00,,,,,,,,0.69,0.69,,35.0,1,False
2026-02-24 05:59:30+00:00,,,,,,,,0.69,0.69,,0.0,0,False
2026-02-24 06:00:00+00:00,,,,,,,,0.69,0.69,,27.0,1,False
2026-02-24 06:00:30+00:00,,,,,,,,0.69,0.69,,0.0,0,False
2026-02-24 06:01:00+00:00,,,,,,,,0.69,0.69,,0.0,0,False
2026-02-24 06:01:30+00:00,,,,,,,,0.69,0.69,,0.0,0,False
2026-02-24 06:02:00+00:00,,,,,,,,0.69,0.69,,70.0,1,False
2026-02-24 06:02:30+00:00,,,,,,,,0.6900000000000001,0.69,,7.0,1,False
2026-02-24 06:03:00+00:00,,,,,,,,0.69,0.69,,21.0,1,False
2026-02-24 06:03:30+00:00,,,,,,,,0.69,0.69,,69.0,1,False
2026-02-24 06:04:00+00:00,,,,,,,,0.69,0.69,,0.0,0,False
2026-02-24 06:04:30+00:00,,,,,,,,0.69,0.69,,0.0,0,False
2026-02-24 06:05:00+00:00,,,,,,,,0.69,0.69,,9911.0,1,False
2026-02-24 06:05:30+00:00,,,,,,,,0.6900000000000001,0.69,,21.0,2,False
2026-02-24 06:06:00+00:00,,,,,,,,0.6926190476190476,0.7,,42.0,4,False
2026-02-24 06:06:30+00:00,,,,,,,,0.6926190476190476,0.7,,0.0,0,False
2026-02-24 06:07:00+00:00,,,,,,,,0.6972727272727273,0.7,,110.0,2,False
2026-02-24 06:07:30+00:00,,,,,,,,0.6972727272727273,0.7,,0.0,0,False
2026-02-24 06:08:00+00:00,,,,,,,,0.6972727272727273,0.7,,0.0,0,False
2026-02-24 06:08:30+00:00,,,,,,,,0.69,0.69,,45.0,1,False
2026-02-24 06:09:00+00:00,,,,,,,,0.69,0.69,,0.0,0,False
2026-02-24 06:09:30+00:00,,,,,,,,0.69,0.69,,0.0,0,False
2026-02-24 06:10:00+00:00,,,,,,,,0.69,0.69,,0.0,0,False
2026-02-24 06:10:30+00:00,,,,,,,,0.69,0.69,,0.0,0,False
2026-02-24 06:11:00+00:00,,,,,,,,0.69,0.69,,0.0,0,False
2026-02-24 06:11:30+00:00,,,,,,,,0.6999999999999998,0.7,,6.0,1,False
2026-02-24 06:12:00+00:00,,,,,,,,0.7,0.7,,45.0,2,False
2026-02-24 06:12:30+00:00,,,,,,,,0.7,0.7,,2.0,1,False
2026-02-24 06:13:00+00:00,,,,,,,,0.7,0.7,,0.0,0,False
2026-02-24 06:13:30+00:00,,,,,,,,0.7,0.7,,61.0,2,False
2026-02-24 06:14:00+00:00,,,,,,,,0.7,0.7,,0.0,0,False
2026-02-24 06:14:30+00:00,,,,,,,,0.7,0.7,,0.0,0,False
2026-02-24 06:15:00+00:00,,,,,,,,0.7,0.7,,0.0,0,False
2026-02-24 06:15:30+00:00,,,,,,,,0.7,0.7,,0.0,0,False
2026-02-24 06:16:00+00:00,,,,,,,,0.7,0.7,,0.0,0,False
2026-02-24 06:16:30+00:00,,,,,,,,0.7,0.7,,0.0,0,False
2026-02-24 06:17:00+00:00,,,,,,,,0.7,0.7,,0.0,0,False
2026-02-24 06:17:30+00:00,,,,,,,,0.7,0.7,,0.0,0,False
2026-02-24 06:18:00+00:00,,,,,,,,0.69,0.69,,92.0,1,False
2026-02-24 06:18:30+00:00,,,,,,,,0.7,0.7,,40.0,1,False
2026-02-24 06:19:00+00:00,,,,,,,,0.7,0.7,,0.0,0,False
2026-02-24 06:19:30+00:00,,,,,,,,0.7,0.7,,0.0,0,False
2026-02-24 06:20:00+00:00,,,,,,,,0.7,0.7,,0.0,0,False
2026-02-24 06:20:30+00:00,,,,,,,,0.6999999999999998,0.7,,6.0,1,False
2026-02-24 06:21:00+00:00,,,,,,,,0.6999999999999998,0.7,,0.0,0,False
2026-02-24 06:21:30+00:00,,,,,,,,0.6999999999999998,0.7,,0.0,0,False
2026-02-24 06:22:00+00:00,,,,,,,,0.69,0.69,,6.0,1,False
2026-02-24 06:22:30+00:00,,,,,,,,0.6999999999999998,0.7,,41.0,2,False
2026-02-24 06:23:00+00:00,,,,,,,,0.7,0.7,,27.0,1,False
2026-02-24 06:23:30+00:00,,,,,,,,0.7,0.7,,507.0,1,False
2026-02-24 06:24:00+00:00,,,,,,,,0.6799999999999999,0.6799999999999999,,79.0,2,False
2026-02-24 06:24:30+00:00,,,,,,,,0.6799999999999999,0.6799999999999999,,0.0,0,False
2026-02-24 06:25:00+00:00,,,,,,,,0.6852631578947368,0.7,,19.0,2,False
2026-02-24 06:25:30+00:00,,,,,,,,0.6852631578947368,0.7,,0.0,0,False
2026-02-24 06:26:00+00:00,,,,,,,,0.6852631578947368,0.7,,0.0,0,False
2026-02-24 06:26:30+00:00,,,,,,,,0.6852631578947368,0.7,,0.0,0,False
2026-02-24 06:27:00+00:00,,,,,,,,0.6852631578947368,0.7,,0.0,0,False
2026-02-24 06:27:30+00:00,,,,,,,,0.6852631578947368,0.7,,0.0,0,False
2026-02-24 06:28:00+00:00,,,,,,,,0.6852631578947368,0.7,,0.0,0,False
2026-02-24 06:28:30+00:00,,,,,,,,0.6852631578947368,0.7,,0.0,0,False
2026-02-24 06:29:00+00:00,,,,,,,,0.6852631578947368,0.7,,0.0,0,False
2026-02-24 06:29:30+00:00,,,,,,,,0.7,0.7,,34.0,1,False
2026-02-24 06:30:00+00:00,,,,,,,,0.7,0.7,,0.0,0,False
2026-02-24 06:30:30+00:00,,,,,,,,0.7,0.7,,0.0,0,False
2026-02-24 06:31:00+00:00,,,,,,,,0.7000000000000001,0.7,,324.0,2,False
2026-02-24 06:31:30+00:00,,,,,,,,0.7000000000000001,0.7,,0.0,0,False
2026-02-24 06:32:00+00:00,,,,,,,,0.7000000000000001,0.7,,0.0,0,False
2026-02-24 06:32:30+00:00,,,,,,,,0.7,0.7,,13.0,1,False
2026-02-24 06:33:00+00:00,,,,,,,,0.7,0.7,,37.0,2,False
2026-02-24 06:33:30+00:00,,,,,,,,0.7,0.7,,0.0,0,False
2026-02-24 06:34:00+00:00,,,,,,,,0.7,0.7,,1.0,1,False
2026-02-24 06:34:30+00:00,,,,,,,,0.7,0.7,,0.0,0,False
2026-02-24 06:35:00+00:00,,,,,,,,0.7,0.7,,20.0,1,False
2026-02-24 06:35:30+00:00,,,,,,,,0.7,0.7,,0.0,0,False
2026-02-24 06:36:00+00:00,,,,,,,,0.7,0.7,,0.0,0,False
2026-02-24 06:36:30+00:00,,,,,,,,0.7,0.7,,17.0,1,False
2026-02-24 06:37:00+00:00,,,,,,,,0.7,0.7,,27.0,1,False
2026-02-24 06:37:30+00:00,,,,,,,,0.7,0.7,,0.0,0,False
2026-02-24 06:38:00+00:00,,,,,,,,0.6999999999999998,0.7,,419.0,1,False
2026-02-24 06:38:30+00:00,,,,,,,,0.6999999999999998,0.7,,0.0,0,False
2026-02-24 06:39:00+00:00,,,,,,,,0.6999999999999998,0.7,,0.0,0,False
2026-02-24 06:39:30+00:00,,,,,,,,0.7,0.7,,55.0,2,False
2026-02-24 06:40:00+00:00,,,,,,,,0.7,0.7,,0.0,0,False
2026-02-24 06:40:30+00:00,,,,,,,,0.7,0.7,,0.0,0,False
2026-02-24 06:41:00+00:00,,,,,,,,0.7,0.7,,0.0,0,False
2026-02-24 06:41:30+00:00,,,,,,,,0.7,0.7,,10.0,1,False
2026-02-24 06:42:00+00:00,,,,,,,,0.7,0.7,,47.0,1,False
2026-02-24 06:42:30+00:00,,,,,,,,0.7,0.7,,1.0,1,False
2026-02-24 06:43:00+00:00,,,,,,,,0.7,0.7,,0.0,0,False
2026-02-24 06:43:30+00:00,,,,,,,,0.7,0.7,,34.0,1,False
2026-02-24 06:44:00+00:00,,,,,,,,0.6999999999999998,0.7,,6.0,1,False
2026-02-24 06:44:30+00:00,,,,,,,,0.689931506849315,0.7,,292.0,3,False
2026-02-24 06:45:00+00:00,,,,,,,,0.689931506849315,0.7,,0.0,0,False
2026-02-24 06:45:30+00:00,,,,,,,,0.6999999999999998,0.7,,6.0,1,False
2026-02-24 06:46:00+00:00,,,,,,,,0.6799999999999999,0.6799999999999999,,57.0,2,False
2026-02-24 06:46:30+00:00,,,,,,,,0.6799999999999999,0.6799999999999999,,0.0,0,False
2026-02-24 06:47:00+00:00,,,,,,,,0.6799999999999999,0.6799999999999999,,0.0,0,False
2026-02-24 06:47:30+00:00,,,,,,,,0.6799999999999999,0.6799999999999999,,0.0,0,False
2026-02-24 06:48:00+00:00,,,,,,,,0.6799999999999999,0.6799999999999999,,0.0,0,False
2026-02-24 06:48:30+00:00,,,,,,,,0.7,0.7,,1.0,1,False
2026-02-24 06:49:00+00:00,,,,,,,,0.7,0.7,,0.0,0,False
2026-02-24 06:49:30+00:00,,,,,,,,0.7,0.7,,0.0,0,False
2026-02-24 06:50:00+00:00,,,,,,,,0.7,0.7,,0.0,0,False
2026-02-24 06:50:30+00:00,,,,,,,,0.7,0.7,,0.0,0,False
2026-02-24 06:51:00+00:00,,,,,,,,0.7,0.7,,0.0,0,False
2026-02-24 06:51:30+00:00,,,,,,,,0.7,0.7,,0.0,0,False
2026-02-24 06:52:00+00:00,,,,,,,,0.7,0.7,,0.0,0,False
2026-02-24 06:52:30+00:00,,,,,,,,0.7,0.7,,0.0,0,False
2026-02-24 06:53:00+00:00,,,,,,,,0.7,0.7,,0.0,0,False
2026-02-24 06:53:30+00:00,,,,,,,,0.7,0.7,,69.0,1,False
2026-02-24 06:54:00+00:00,,,,,,,,0.7,0.7,,0.0,0,False
2026-02-24 06:54:30+00:00,,,,,,,,0.7,0.7,,0.0,0,False
2026-02-24 06:55:00+00:00,,,,,,,,0.7,0.7,,7.0,1,False
2026-02-24 06:55:30+00:00,,,,,,,,0.7,0.7,,34.0,1,False
2026-02-24 06:56:00+00:00,,,,,,,,0.7,0.7,,0.0,0,False
2026-02-24 06:56:30+00:00,,,,,,,,0.7,0.7,,69.0,1,False
2026-02-24 06:57:00+00:00,,,,,,,,0.7,0.7,,13.0,1,False
2026-02-24 06:57:30+00:00,,,,,,,,0.7,0.7,,0.0,0,False
2026-02-24 06:58:00+00:00,,,,,,,,0.7,0.7,,0.0,0,False
2026-02-24 06:58:30+00:00,,,,,,,,0.7,0.7,,35.0,3,False
2026-02-24 06:59:00+00:00,,,,,,,,0.7,0.7,,39.0,2,False
2026-02-24 06:59:30+00:00,,,,,,,,0.7,0.7,,0.0,0,False
2026-02-24 07:00:00+00:00,,,,,,,,0.6799999999999999,0.6799999999999999,,29.0,2,False
2026-02-24 07:00:30+00:00,,,,,,,,0.7,0.7,,277.0,1,False
2026-02-24 07:01:00+00:00,,,,,,,,0.7,0.7,,0.0,0,False
2026-02-24 07:01:30+00:00,,,,,,,,0.7,0.7,,0.0,0,False
2026-02-24 07:02:00+00:00,,,,,,,,0.7,0.7,,0.0,0,False
2026-02-24 07:02:30+00:00,,,,,,,,0.7,0.7,,7.0,1,False
2026-02-24 07:03:00+00:00,,,,,,,,0.6799999999999999,0.6799999999999999,,14.0,1,False
2026-02-24 07:03:30+00:00,,,,,,,,0.6799999999999999,0.6799999999999999,,0.0,0,False
2026-02-24 07:04:00+00:00,,,,,,,,0.7,0.7,,74.0,2,False
2026-02-24 07:04:30+00:00,,,,,,,,0.7,0.7,,0.0,0,False
2026-02-24 07:05:00+00:00,,,,,,,,0.7,0.7,,0.0,0,False
2026-02-24 07:05:30+00:00,,,,,,,,0.7,0.7,,0.0,0,False
2026-02-24 07:06:00+00:00,,,,,,,,0.7,0.7,,0.0,0,False
2026-02-24 07:06:30+00:00,,,,,,,,0.7,0.7,,0.0,0,False
2026-02-24 07:07:00+00:00,,,,,,,,0.7,0.7,,0.0,0,False
2026-02-24 07:07:30+00:00,,,,,,,,0.7,0.7,,0.0,0,False
2026-02-24 07:08:00+00:00,,,,,,,,0.7,0.7,,13.0,1,False
2026-02-24 07:08:30+00:00,,,,,,,,0.7,0.7,,0.0,0,False
2026-02-24 07:09:00+00:00,,,,,,,,0.7,0.7,,0.0,0,False
2026-02-24 07:09:30+00:00,,,,,,,,0.7,0.7,,55.0,1,False
2026-02-24 07:10:00+00:00,,,,,,,,0.7,0.7,,0.0,0,False
2026-02-24 07:10:30+00:00,,,,,,,,0.7,0.7,,0.0,0,False
2026-02-24 07:11:00+00:00,,,,,,,,0.7,0.7,,416.0,1,False
2026-02-24 07:11:30+00:00,,,,,,,,0.7,0.7,,0.0,0,False
2026-02-24 07:12:00+00:00,,,,,,,,0.7,0.7,,0.0,0,False
2026-02-24 07:12:30+00:00,,,,,,,,0.7,0.7,,0.0,0,False
2026-02-24 07:13:00+00:00,,,,,,,,0.7,0.7,,0.0,0,False
2026-02-24 07:13:30+00:00,,,,,,,,0.7,0.7,,0.0,0,False
2026-02-24 07:14:00+00:00,,,,,,,,0.7,0.7,,0.0,0,False
2026-02-24 07:14:30+00:00,,,,,,,,0.7,0.7,,1388.0,2,False
2026-02-24 07:15:00+00:00,,,,,,,,0.7,0.7,,0.0,0,False
2026-02-24 07:15:30+00:00,,,,,,,,0.7,0.7,,0.0,0,False
2026-02-24 07:16:00+00:00,,,,,,,,0.7,0.7,,0.0,0,False
2026-02-24 07:16:30+00:00,,,,,,,,0.7,0.7,,70.0,1,False
2026-02-24 07:17:00+00:00,,,,,,,,0.7,0.7,,35.0,2,False
2026-02-24 07:17:30+00:00,,,,,,,,0.7,0.7,,0.0,0,False
2026-02-24 07:18:00+00:00,,,,,,,,0.7,0.7,,0.0,0,False
2026-02-24 07:18:30+00:00,,,,,,,,0.7,0.7,,0.0,0,False
2026-02-24 07:19:00+00:00,,,,,,,,0.7,0.7,,0.0,0,False
2026-02-24 07:19:30+00:00,,,,,,,,0.7,0.7,,154.0,2,False
2026-02-24 07:20:00+00:00,,,,,,,,0.7,0.7,,0.0,0,False
2026-02-24 07:20:30+00:00,,,,,,,,0.7,0.7,,55.0,1,False
2026-02-24 07:21:00+00:00,,,,,,,,0.7,0.7,,41.0,1,False
2026-02-24 07:21:30+00:00,,,,,,,,0.7,0.7,,0.0,0,False
2026-02-24 07:22:00+00:00,,,,,,,,0.7,0.7,,8.0,1,False
2026-02-24 07:22:30+00:00,,,,,,,,0.6999999999999998,0.7,,217.0,1,False
2026-02-24 07:23:00+00:00,,,,,,,,0.6999999999999998,0.7,,0.0,0,False
2026-02-24 07:23:30+00:00,,,,,,,,0.7,0.7,,13.0,1,False
2026-02-24 07:24:00+00:00,,,,,,,,0.7,0.7,,30.0,2,False
2026-02-24 07:24:30+00:00,,,,,,,,0.69,0.69,,11.0,1,False
2026-02-24 07:25:00+00:00,,,,,,,,0.7,0.7,,2.0,1,False
2026-02-24 07:25:30+00:00,,,,,,,,0.7,0.7,,0.0,0,False
2026-02-24 07:26:00+00:00,,,,,,,,0.7,0.7,,1000.0,1,False
2026-02-24 07:26:30+00:00,,,,,,,,0.7,0.7,,66.0,1,False
2026-02-24 07:27:00+00:00,,,,,,,,0.7,0.7,,0.0,0,False
2026-02-24 07:27:30+00:00,,,,,,,,0.6799999999999999,0.6799999999999999,,14.0,1,False
2026-02-24 07:28:00+00:00,,,,,,,,0.6799999999999999,0.6799999999999999,,0.0,0,False
2026-02-24 07:28:30+00:00,,,,,,,,0.6799999999999999,0.6799999999999999,,0.0,0,False
2026-02-24 07:29:00+00:00,,,,,,,,0.7,0.7,,69.0,1,False
2026-02-24 07:29:30+00:00,,,,,,,,0.7,0.7,,0.0,0,False
2026-02-24 07:30:00+00:00,,,,,,,,0.7,0.7,,0.0,0,False
2026-02-24 07:30:30+00:00,,,,,,,,0.7,0.7,,0.0,0,False
2026-02-24 07:31:00+00:00,,,,,,,,0.7,0.7,,0.0,0,False
2026-02-24 07:31:30+00:00,,,,,,,,0.7,0.7,,0.0,0,False
2026-02-24 07:32:00+00:00,,,,,,,,0.7,0.7,,0.0,0,False
2026-02-24 07:32:30+00:00,,,,,,,,0.7,0.7,,0.0,0,False
2026-02-24 07:33:00+00:00,,,,,,,,0.7,0.7,,0.0,0,False
2026-02-24 07:33:30+00:00,,,,,,,,0.7,0.7,,0.0,0,False
2026-02-24 07:34:00+00:00,,,,,,,,0.7,0.7,,0.0,0,False
2026-02-24 07:34:30+00:00,,,,,,,,0.7,0.7,,0.0,0,False
2026-02-24 07:35:00+00:00,,,,,,,,0.7,0.7,,139.0,1,False
2026-02-24 07:35:30+00:00,,,,,,,,0.7,0.7,,0.0,0,False
2026-02-24 07:36:00+00:00,,,,,,,,0.7,0.7,,0.0,0,False
2026-02-24 07:36:30+00:00,,,,,,,,0.6999999999999998,0.7,,3.0,1,False
2026-02-24 07:37:00+00:00,,,,,,,,0.7,0.7,,41.0,1,False
2026-02-24 07:37:30+00:00,,,,,,,,0.7,0.7,,139.0,1,False
2026-02-24 07:38:00+00:00,,,,,,,,0.7,0.7,,0.0,0,False
2026-02-24 07:38:30+00:00,,,,,,,,0.6799999999999999,0.6799999999999999,,5.0,1,False
2026-02-24 07:39:00+00:00,,,,,,,,0.6799999999999999,0.6799999999999999,,0.0,0,False
2026-02-24 07:39:30+00:00,,,,,,,,0.6799999999999999,0.6799999999999999,,0.0,0,False
2026-02-24 07:40:00+00:00,,,,,,,,0.6799999999999999,0.6799999999999999,,0.0,0,False
2026-02-24 07:40:30+00:00,,,,,,,,0.6799999999999999,0.6799999999999999,,0.0,0,False
2026-02-24 07:41:00+00:00,,,,,,,,0.6799999999999999,0.6799999999999999,,0.0,0,False
2026-02-24 07:41:30+00:00,,,,,,,,0.6799999999999999,0.6799999999999999,,0.0,0,False
2026-02-24 07:42:00+00:00,,,,,,,,0.7,0.7,,191.0,4,False
2026-02-24 07:42:30+00:00,,,,,,,,0.7,0.7,,0.0,0,False
2026-02-24 07:43:00+00:00,,,,,,,,0.7,0.7,,0.0,0,False
2026-02-24 07:43:30+00:00,,,,,,,,0.7,0.7,,0.0,0,False
2026-02-24 07:44:00+00:00,,,,,,,,0.7,0.7,,0.0,0,False
2026-02-24 07:44:30+00:00,,,,,,,,0.7,0.7,,0.0,0,False
2026-02-24 07:45:00+00:00,,,,,,,,0.7,0.7,,0.0,0,False
2026-02-24 07:45:30+00:00,,,,,,,,0.7,0.7,,0.0,0,False
2026-02-24 07:46:00+00:00,,,,,,,,0.7,0.7,,0.0,0,False
2026-02-24 07:46:30+00:00,,,,,,,,0.7,0.7,,0.0,0,False
2026-02-24 07:47:00+00:00,,,,,,,,0.7,0.7,,0.0,0,False
2026-02-24 07:47:30+00:00,,,,,,,,0.7,0.7,,45.0,1,False
2026-02-24 07:48:00+00:00,,,,,,,,0.7,0.7,,0.0,0,False
2026-02-24 07:48:30+00:00,,,,,,,,0.7,0.7,,0.0,0,False
2026-02-24 07:49:00+00:00,,,,,,,,0.7,0.7,,0.0,0,False
2026-02-24 07:49:30+00:00,,,,,,,,0.7,0.7,,0.0,0,False
2026-02-24 07:50:00+00:00,,,,,,,,0.7,0.7,,0.0,0,False
2026-02-24 07:50:30+00:00,,,,,,,,0.7,0.7,,0.0,0,False
2026-02-24 07:51:00+00:00,,,,,,,,0.7,0.7,,0.0,0,False
2026-02-24 07:51:30+00:00,,,,,,,,0.7,0.7,,200.0,2,False
2026-02-24 07:52:00+00:00,,,,,,,,0.7,0.7,,0.0,0,False
2026-02-24 07:52:30+00:00,,,,,,,,0.698,0.68,,100.0,3,False
2026-02-24 07:53:00+00:00,,,,,,,,0.698,0.68,,0.0,0,False
2026-02-24 07:53:30+00:00,,,,,,,,0.7,0.7,,694.0,2,False
2026-02-24 07:54:00+00:00,,,,,,,,0.7,0.7,,13.0,1,False
2026-02-24 07:54:30+00:00,,,,,,,,0.7,0.7,,0.0,0,False
2026-02-24 07:55:00+00:00,,,,,,,,0.7,0.7,,0.0,0,False
2026-02-24 07:55:30+00:00,,,,,,,,0.7,0.7,,0.0,0,False
2026-02-24 07:56:00+00:00,,,,,,,,0.7,0.7,,0.0,0,False
2026-02-24 07:56:30+00:00,,,,,,,,0.6799999999999999,0.6799999999999999,,5.0,1,False
2026-02-24 07:57:00+00:00,,,,,,,,0.6799999999999999,0.6799999999999999,,0.0,0,False
2026-02-24 07:57:30+00:00,,,,,,,,0.7,0.7,,20.0,1,False
2026-02-24 07:58:00+00:00,,,,,,,,0.7,0.7,,13.0,1,False
2026-02-24 07:58:30+00:00,,,,,,,,0.7,0.7,,0.0,0,False
2026-02-24 07:59:00+00:00,,,,,,,,0.7,0.7,,0.0,0,False
2026-02-24 07:59:30+00:00,,,,,,,,0.7,0.7,,0.0,0,False
2026-02-24 08:00:00+00:00,,,,,,,,0.7,0.7,,0.0,0,False
2026-02-24 08:00:30+00:00,,,,,,,,0.7,0.7,,0.0,0,False
2026-02-24 08:01:00+00:00,,,,,,,,0.7,0.7,,0.0,0,False
2026-02-24 08:01:30+00:00,,,,,,,,0.7,0.7,,0.0,0,False
2026-02-24 08:02:00+00:00,,,,,,,,0.7,0.7,,0.0,0,False
2026-02-24 08:02:30+00:00,,,,,,,,0.7,0.7,,0.0,0,False
2026-02-24 08:03:00+00:00,,,,,,,,0.7,0.7,,0.0,0,False
2026-02-24 08:03:30+00:00,,,,,,,,0.7,0.7,,0.0,0,False
2026-02-24 08:04:00+00:00,,,,,,,,0.7,0.7,,0.0,0,False
2026-02-24 08:04:30+00:00,,,,,,,,0.7,0.7,,0.0,0,False
2026-02-24 08:05:00+00:00,,,,,,,,0.7,0.7,,0.0,0,False
2026-02-24 08:05:30+00:00,,,,,,,,0.6999999999999998,0.7,,48.0,1,False
2026-02-24 08:06:00+00:00,,,,,,,,0.7,0.7,,278.0,1,False
2026-02-24 08:06:30+00:00,,,,,,,,0.7,0.7,,0.0,0,False
2026-02-24 08:07:00+00:00,,,,,,,,0.6999999999999998,0.7,,6.0,1,False
2026-02-24 08:07:30+00:00,,,,,,,,0.6799999999999999,0.6799999999999999,,14.0,1,False
2026-02-24 08:08:00+00:00,,,,,,,,0.6799999999999999,0.6799999999999999,,0.0,0,False
2026-02-24 08:08:30+00:00,,,,,,,,0.6799999999999999,0.6799999999999999,,0.0,0,False
2026-02-24 08:09:00+00:00,,,,,,,,0.6799999999999999,0.6799999999999999,,0.0,0,False
2026-02-24 08:09:30+00:00,,,,,,,,0.6799999999999999,0.6799999999999999,,0.0,0,False
2026-02-24 08:10:00+00:00,,,,,,,,0.6799999999999999,0.6799999999999999,,0.0,0,False
2026-02-24 08:10:30+00:00,,,,,,,,0.6799999999999999,0.6799999999999999,,0.0,0,False
2026-02-24 08:11:00+00:00,,,,,,,,0.6799999999999999,0.6799999999999999,,0.0,0,False
2026-02-24 08:11:30+00:00,,,,,,,,0.6799999999999999,0.6799999999999999,,0.0,0,False
2026-02-24 08:12:00+00:00,,,,,,,,0.6799999999999999,0.6799999999999999,,0.0,0,False
2026-02-24 08:12:30+00:00,,,,,,,,0.6799999999999999,0.6799999999999999,,0.0,0,False
2026-02-24 08:13:00+00:00,,,,,,,,0.6866666666666665,0.6799999999999999,,3.0,2,False
2026-02-24 08:13:30+00:00,,,,,,,,0.7,0.7,,65.0,1,False
2026-02-24 08:14:00+00:00,,,,,,,,0.7,0.7,,0.0,0,False
2026-02-24 08:14:30+00:00,,,,,,,,0.7,0.7,,0.0,0,False
2026-02-24 08:15:00+00:00,,,,,,,,0.7,0.7,,0.0,0,False
2026-02-24 08:15:30+00:00,,,,,,,,0.7,0.7,,0.0,0,False
2026-02-24 08:16:00+00:00,,,,,,,,0.7,0.7,,0.0,0,False
2026-02-24 08:16:30+00:00,,,,,,,,0.7,0.7,,0.0,0,False
2026-02-24 08:17:00+00:00,,,,,,,,0.7,0.7,,0.0,0,False
2026-02-24 08:17:30+00:00,,,,,,,,0.6799999999999999,0.6799999999999999,,14.0,1,False
2026-02-24 08:18:00+00:00,,,,,,,,0.6799999999999999,0.6799999999999999,,29.0,1,False
2026-02-24 08:18:30+00:00,,,,,,,,0.6799999999999999,0.6799999999999999,,0.0,0,False
2026-02-24 08:19:00+00:00,,,,,,,,0.6799999999999999,0.6799999999999999,,0.0,0,False
2026-02-24 08:19:30+00:00,,,,,,,,0.6799999999999999,0.6799999999999999,,2.0,1,False
2026-02-24 08:20:00+00:00,,,,,,,,0.6799999999999999,0.6799999999999999,,1.0,1,False
2026-02-24 08:20:30+00:00,,,,,,,,0.6799999999999999,0.6799999999999999,,0.0,0,False
2026-02-24 08:21:00+00:00,,,,,,,,0.6799999999999999,0.6799999999999999,,0.0,0,False
2026-02-24 08:21:30+00:00,,,,,,,,0.6799999999999999,0.6799999999999999,,0.0,0,False
2026-02-24 08:22:00+00:00,,,,,,,,0.7,0.7,,209.0,1,False
2026-02-24 08:22:30+00:00,,,,,,,,0.7,0.7,,0.0,0,False
2026-02-24 08:23:00+00:00,,,,,,,,0.7,0.7,,0.0,0,False
2026-02-24 08:23:30+00:00,,,,,,,,0.7,0.7,,0.0,0,False
2026-02-24 08:24:00+00:00,,,,,,,,0.7,0.7,,0.0,0,False
2026-02-24 08:24:30+00:00,,,,,,,,0.7,0.7,,139.0,2,False
2026-02-24 08:25:00+00:00,,,,,,,,0.7,0.7,,0.0,0,False
2026-02-24 08:25:30+00:00,,,,,,,,0.7,0.7,,0.0,0,False
2026-02-24 08:26:00+00:00,,,,,,,,0.7,0.7,,2.0,1,False
2026-02-24 08:26:30+00:00,,,,,,,,0.7,0.7,,0.0,0,False
2026-02-24 08:27:00+00:00,,,,,,,,0.7,0.7,,0.0,0,False
2026-02-24 08:27:30+00:00,,,,,,,,0.6799999999999999,0.6799999999999999,,14.0,1,False
2026-02-24 08:28:00+00:00,,,,,,,,0.6799999999999999,0.6799999999999999,,0.0,0,False
2026-02-24 08:28:30+00:00,,,,,,,,0.6799999999999999,0.6799999999999999,,0.0,0,False
2026-02-24 08:29:00+00:00,,,,,,,,0.7,0.7,,2.0,1,False
2026-02-24 08:29:30+00:00,,,,,,,,0.7,0.7,,0.0,0,False
2026-02-24 08:30:00+00:00,,,,,,,,0.7,0.7,,684.0,2,False
2026-02-24 08:30:30+00:00,,,,,,,,0.7,0.7,,0.0,0,False
2026-02-24 08:31:00+00:00,,,,,,,,0.7,0.7,,25.0,1,False
2026-02-24 08:31:30+00:00,,,,,,,,0.7,0.7,,0.0,0,False
2026-02-24 08:32:00+00:00,,,,,,,,0.7,0.7,,0.0,0,False
2026-02-24 08:32:30+00:00,,,,,,,,0.7,0.7,,0.0,0,False
2026-02-24 08:33:00+00:00,,,,,,,,0.7,0.7,,0.0,0,False
2026-02-24 08:33:30+00:00,,,,,,,,0.7,0.7,,421.0,1,False
2026-02-24 08:34:00+00:00,,,,,,,,0.7,0.7,,0.0,0,False
2026-02-24 08:34:30+00:00,,,,,,,,0.6799999999999999,0.6799999999999999,,65.0,1,False
2026-02-24 08:35:00+00:00,,,,,,,,0.6799999999999999,0.6799999999999999,,0.0,0,False
2026-02-24 08:35:30+00:00,,,,,,,,0.7,0.7,,69.0,1,False
2026-02-24 08:36:00+00:00,,,,,,,,0.7,0.7,,8.0,1,False
2026-02-24 08:36:30+00:00,,,,,,,,0.7,0.7,,34.0,1,False
2026-02-24 08:37:00+00:00,,,,,,,,0.7,0.7,,0.0,0,False
2026-02-24 08:37:30+00:00,,,,,,,,0.7,0.7,,1000.0,1,False
2026-02-24 08:38:00+00:00,,,,,,,,0.7,0.7,,0.0,0,False
2026-02-24 08:38:30+00:00,,,,,,,,0.7,0.7,,0.0,0,False
2026-02-24 08:39:00+00:00,,,,,,,,0.7,0.7,,4.0,1,False
2026-02-24 08:39:30+00:00,,,,,,,,0.7,0.7,,0.0,0,False
2026-02-24 08:40:00+00:00,,,,,,,,0.7,0.7,,0.0,0,False
2026-02-24 08:40:30+00:00,,,,,,,,0.7,0.7,,0.0,0,False
2026-02-24 08:41:00+00:00,,,,,,,,0.7,0.7,,0.0,0,False
2026-02-24 08:41:30+00:00,,,,,,,,0.7,0.7,,0.0,0,False
2026-02-24 08:42:00+00:00,,,,,,,,0.7,0.7,,0.0,0,False
2026-02-24 08:42:30+00:00,,,,,,,,0.7,0.7,,0.0,0,False
2026-02-24 08:43:00+00:00,,,,,,,,0.7,0.7,,0.0,0,False
2026-02-24 08:43:30+00:00,,,,,,,,0.7,0.7,,0.0,0,False
2026-02-24 08:44:00+00:00,,,,,,,,0.7,0.7,,0.0,0,False
2026-02-24 08:44:30+00:00,,,,,,,,0.7,0.7,,69.0,1,False
2026-02-24 08:45:00+00:00,,,,,,,,0.7,0.7,,140.0,1,False
2026-02-24 08:45:30+00:00,,,,,,,,0.7,0.7,,0.0,0,False
2026-02-24 08:46:00+00:00,,,,,,,,0.7,0.7,,0.0,0,False
2026-02-24 08:46:30+00:00,,,,,,,,0.7,0.7,,13.0,1,False
2026-02-24 08:47:00+00:00,,,,,,,,0.6811607142857142,0.6799999999999999,,224.0,2,False
2026-02-24 08:47:30+00:00,,,,,,,,0.6811607142857142,0.6799999999999999,,0.0,0,False
2026-02-24 08:48:00+00:00,,,,,,,,0.6811607142857142,0.6799999999999999,,0.0,0,False
2026-02-24 08:48:30+00:00,,,,,,,,0.6811607142857142,0.6799999999999999,,0.0,0,False
2026-02-24 08:49:00+00:00,,,,,,,,0.6811607142857142,0.6799999999999999,,0.0,0,False
2026-02-24 08:49:30+00:00,,,,,,,,0.6811607142857142,0.6799999999999999,,0.0,0,False
2026-02-24 08:50:00+00:00,,,,,,,,0.6811607142857142,0.6799999999999999,,0.0,0,False
2026-02-24 08:50:30+00:00,,,,,,,,0.6811607142857142,0.6799999999999999,,0.0,0,False
2026-02-24 08:51:00+00:00,,,,,,,,0.6811607142857142,0.6799999999999999,,0.0,0,False
2026-02-24 08:51:30+00:00,,,,,,,,0.7,0.7,,277.0,1,False
2026-02-24 08:52:00+00:00,,,,,,,,0.7,0.7,,0.0,0,False
2026-02-24 08:52:30+00:00,,,,,,,,0.7,0.7,,26.0,2,False
2026-02-24 08:53:00+00:00,,,,,,,,0.7,0.7,,0.0,0,False
2026-02-24 08:53:30+00:00,,,,,,,,0.7,0.7,,0.0,0,False
2026-02-24 08:54:00+00:00,,,,,,,,0.7,0.7,,0.0,0,False
2026-02-24 08:54:30+00:00,,,,,,,,0.7,0.7,,0.0,0,False
2026-02-24 08:55:00+00:00,,,,,,,,0.7,0.7,,0.0,0,False
2026-02-24 08:55:30+00:00,,,,,,,,0.7,0.7,,0.0,0,False
2026-02-24 08:56:00+00:00,,,,,,,,0.7,0.7,,136.0,1,False
2026-02-24 08:56:30+00:00,,,,,,,,0.7,0.7,,0.0,0,False
2026-02-24 08:57:00+00:00,,,,,,,,0.7,0.7,,0.0,0,False
2026-02-24 08:57:30+00:00,,,,,,,,0.7,0.7,,0.0,0,False
2026-02-24 08:58:00+00:00,,,,,,,,0.7,0.7,,0.0,0,False
2026-02-24 08:58:30+00:00,,,,,,,,0.7,0.7,,0.0,0,False
2026-02-24 08:59:00+00:00,,,,,,,,0.7,0.7,,0.0,0,False
2026-02-24 08:59:30+00:00,,,,,,,,0.7,0.7,,0.0,0,False
2026-02-24 09:00:00+00:00,,,,,,,,0.7,0.7,,0.0,0,False
2026-02-24 09:00:30+00:00,,,,,,,,0.7,0.7,,0.0,0,False
2026-02-24 09:01:00+00:00,,,,,,,,0.7,0.7,,0.0,0,False
2026-02-24 09:01:30+00:00,,,,,,,,0.7,0.7,,0.0,0,False
2026-02-24 09:02:00+00:00,,,,,,,,0.7,0.7,,0.0,0,False
2026-02-24 09:02:30+00:00,,,,,,,,0.7,0.7,,0.0,0,False
2026-02-24 09:03:00+00:00,,,,,,,,0.7,0.7,,0.0,0,False
2026-02-24 09:03:30+00:00,,,,,,,,0.7,0.7,,0.0,0,False
2026-02-24 09:04:00+00:00,,,,,,,,0.7,0.7,,0.0,0,False
2026-02-24 09:04:30+00:00,,,,,,,,0.7,0.7,,0.0,0,False
2026-02-24 09:05:00+00:00,,,,,,,,0.7,0.7,,34.0,1,False
2026-02-24 09:05:30+00:00,,,,,,,,0.7,0.7,,0.0,0,False
2026-02-24 09:06:00+00:00,,,,,,,,0.7,0.7,,0.0,0,False
2026-02-24 09:06:30+00:00,,,,,,,,0.7,0.7,,0.0,0,False
2026-02-24 09:07:00+00:00,,,,,,,,0.7,0.7,,0.0,0,False
2026-02-24 09:07:30+00:00,,,,,,,,0.7,0.7,,0.0,0,False
2026-02-24 09:08:00+00:00,,,,,,,,0.7,0.7,,0.0,0,False
2026-02-24 09:08:30+00:00,,,,,,,,0.7,0.7,,0.0,0,False
2026-02-24 09:09:00+00:00,,,,,,,,0.7,0.7,,0.0,0,False
2026-02-24 09:09:30+00:00,,,,,,,,0.7,0.7,,0.0,0,False
2026-02-24 09:10:00+00:00,,,,,,,,0.7,0.7,,0.0,0,False
2026-02-24 09:10:30+00:00,,,,,,,,0.7,0.7,,0.0,0,False
2026-02-24 09:11:00+00:00,,,,,,,,0.7,0.7,,0.0,0,False
2026-02-24 09:11:30+00:00,,,,,,,,0.7,0.7,,0.0,0,False
2026-02-24 09:12:00+00:00,,,,,,,,0.7,0.7,,0.0,0,False
2026-02-24 09:12:30+00:00,,,,,,,,0.7,0.7,,0.0,0,False
2026-02-24 09:13:00+00:00,,,,,,,,0.7,0.7,,0.0,0,False
2026-02-24 09:13:30+00:00,,,,,,,,0.7,0.7,,0.0,0,False
2026-02-24 09:14:00+00:00,,,,,,,,0.7,0.7,,0.0,0,False
2026-02-24 09:14:30+00:00,,,,,,,,0.7,0.7,,0.0,0,False
2026-02-24 09:15:00+00:00,,,,,,,,0.7,0.7,,0.0,0,False
2026-02-24 09:15:30+00:00,,,,,,,,0.7,0.7,,0.0,0,False
2026-02-24 09:16:00+00:00,,,,,,,,0.7,0.7,,0.0,0,False
2026-02-24 09:16:30+00:00,,,,,,,,0.7,0.7,,0.0,0,False
2026-02-24 09:17:00+00:00,,,,,,,,0.7,0.7,,1.0,1,False
2026-02-24 09:17:30+00:00,,,,,,,,0.7,0.7,,0.0,0,False
2026-02-24 09:18:00+00:00,,,,,,,,0.7,0.7,,0.0,0,False
2026-02-24 09:18:30+00:00,,,,,,,,0.7,0.7,,0.0,0,False
2026-02-24 09:19:00+00:00,,,,,,,,0.7,0.7,,0.0,0,False
2026-02-24 09:19:30+00:00,,,,,,,,0.7,0.7,,0.0,0,False
2026-02-24 09:20:00+00:00,,,,,,,,0.7,0.7,,0.0,0,False
2026-02-24 09:20:30+00:00,,,,,,,,0.7,0.7,,0.0,0,False
2026-02-24 09:21:00+00:00,,,,,,,,0.7,0.7,,0.0,0,False
2026-02-24 09:21:30+00:00,,,,,,,,0.7,0.7,,0.0,0,False
2026-02-24 09:22:00+00:00,,,,,,,,0.7,0.7,,0.0,0,False
2026-02-24 09:22:30+00:00,,,,,,,,0.7,0.7,,486.0,1,False
2026-02-24 09:23:00+00:00,,,,,,,,0.7,0.7,,416.0,1,False
2026-02-24 09:23:30+00:00,,,,,,,,0.7,0.7,,0.0,0,False
2026-02-24 09:24:00+00:00,,,,,,,,0.7,0.7,,0.0,0,False
2026-02-24 09:24:30+00:00,,,,,,,,0.7,0.7,,0.0,0,False
2026-02-24 09:25:00+00:00,,,,,,,,0.7,0.7,,0.0,0,False
2026-02-24 09:25:30+00:00,,,,,,,,0.7,0.7,,0.0,0,False
2026-02-24 09:26:00+00:00,,,,,,,,0.7,0.7,,0.0,0,False
2026-02-24 09:26:30+00:00,,,,,,,,0.7,0.7,,0.0,0,False
2026-02-24 09:27:00+00:00,,,,,,,,0.7,0.7,,2.0,1,False
2026-02-24 09:27:30+00:00,,,,,,,,0.7,0.7,,0.0,0,False
2026-02-24 09:28:00+00:00,,,,,,,,0.7,0.7,,0.0,0,False
2026-02-24 09:28:30+00:00,,,,,,,,0.7,0.7,,0.0,0,False
2026-02-24 09:29:00+00:00,,,,,,,,0.7,0.7,,154.0,1,False
2026-02-24 09:29:30+00:00,,,,,,,,0.7,0.7,,0.0,0,False
2026-02-24 09:30:00+00:00,,,,,,,,0.7,0.7,,0.0,0,False
2026-02-24 09:30:30+00:00,,,,,,,,0.69,0.69,,3.0,1,False
2026-02-24 09:31:00+00:00,,,,,,,,0.69,0.69,,0.0,0,False
2026-02-24 09:31:30+00:00,,,,,,,,0.7,0.7,,9722.0,1,False
2026-02-24 09:32:00+00:00,,,,,,,,0.7,0.7,,0.0,0,False
2026-02-24 09:32:30+00:00,,,,,,,,0.7,0.7,,0.0,0,False
2026-02-24 09:33:00+00:00,,,,,,,,0.7,0.7,,0.0,0,False
2026-02-24 09:33:30+00:00,,,,,,,,0.7,0.7,,0.0,0,False
2026-02-24 09:34:00+00:00,,,,,,,,0.7,0.7,,0.0,0,False
2026-02-24 09:34:30+00:00,,,,,,,,0.7,0.7,,0.0,0,False
2026-02-24 09:35:00+00:00,,,,,,,,0.7,0.7,,0.0,0,False
2026-02-24 09:35:30+00:00,,,,,,,,0.7,0.7,,0.0,0,False
2026-02-24 09:36:00+00:00,,,,,,,,0.7,0.7,,0.0,0,False
2026-02-24 09:36:30+00:00,,,,,,,,0.6799999999999999,0.6799999999999999,,5.0,1,False
2026-02-24 09:37:00+00:00,,,,,,,,0.6799999999999999,0.6799999999999999,,0.0,0,False
2026-02-24 09:37:30+00:00,,,,,,,,0.6799999999999999,0.6799999999999999,,0.0,0,False
2026-02-24 09:38:00+00:00,,,,,,,,0.6799999999999999,0.6799999999999999,,0.0,0,False
2026-02-24 09:38:30+00:00,,,,,,,,0.6799999999999999,0.6799999999999999,,0.0,0,False
2026-02-24 09:39:00+00:00,,,,,,,,0.6799999999999999,0.6799999999999999,,0.0,0,False
2026-02-24 09:39:30+00:00,,,,,,,,0.7,0.7,,139.0,1,False
2026-02-24 09:40:00+00:00,,,,,,,,0.7,0.7,,0.0,0,False
2026-02-24 09:40:30+00:00,,,,,,,,0.7,0.7,,0.0,0,False
2026-02-24 09:41:00+00:00,,,,,,,,0.7,0.7,,0.0,0,False
2026-02-24 09:41:30+00:00,,,,,,,,0.7,0.7,,0.0,0,False
2026-02-24 09:42:00+00:00,,,,,,,,0.7,0.7,,0.0,0,False
2026-02-24 09:42:30+00:00,,,,,,,,0.7,0.7,,0.0,0,False
2026-02-24 09:43:00+00:00,,,,,,,,0.7,0.7,,0.0,0,False
2026-02-24 09:43:30+00:00,,,,,,,,0.7,0.7,,0.0,0,False
2026-02-24 09:44:00+00:00,,,,,,,,0.7,0.7,,0.0,0,False
2026-02-24 09:44:30+00:00,,,,,,,,0.7,0.7,,0.0,0,False
2026-02-24 09:45:00+00:00,,,,,,,,0.7,0.7,,0.0,0,False
2026-02-24 09:45:30+00:00,,,,,,,,0.7,0.7,,0.0,0,False
2026-02-24 09:46:00+00:00,,,,,,,,0.7,0.7,,0.0,0,False
2026-02-24 09:46:30+00:00,,,,,,,,0.7,0.7,,0.0,0,False
2026-02-24 09:47:00+00:00,,,,,,,,0.7,0.7,,0.0,0,False
2026-02-24 09:47:30+00:00,,,,,,,,0.7,0.7,,0.0,0,False
2026-02-24 09:48:00+00:00,,,,,,,,0.7,0.7,,0.0,0,False
2026-02-24 09:48:30+00:00,,,,,,,,0.7,0.7,,0.0,0,False
2026-02-24 09:49:00+00:00,,,,,,,,0.7,0.7,,0.0,0,False
2026-02-24 09:49:30+00:00,,,,,,,,0.7,0.7,,0.0,0,False
2026-02-24 09:50:00+00:00,,,,,,,,0.7,0.7,,139.0,1,False
2026-02-24 09:50:30+00:00,,,,,,,,0.7,0.7,,0.0,0,False
2026-02-24 09:51:00+00:00,,,,,,,,0.7,0.7,,0.0,0,False
2026-02-24 09:51:30+00:00,,,,,,,,0.7,0.7,,0.0,0,False
2026-02-24 09:52:00+00:00,,,,,,,,0.7,0.7,,0.0,0,False
2026-02-24 09:52:30+00:00,,,,,,,,0.7,0.7,,0.0,0,False
2026-02-24 09:53:00+00:00,,,,,,,,0.7,0.7,,0.0,0,False
2026-02-24 09:53:30+00:00,,,,,,,,0.7,0.7,,0.0,0,False
2026-02-24 09:54:00+00:00,,,,,,,,0.7,0.7,,0.0,0,False
2026-02-24 09:54:30+00:00,,,,,,,,0.7,0.7,,34.0,1,False
2026-02-24 09:55:00+00:00,,,,,,,,0.7,0.7,,0.0,0,False
2026-02-24 09:55:30+00:00,,,,,,,,0.7,0.7,,0.0,0,False
2026-02-24 09:56:00+00:00,,,,,,,,0.7,0.7,,0.0,0,False
2026-02-24 09:56:30+00:00,,,,,,,,0.7,0.7,,0.0,0,False
2026-02-24 09:57:00+00:00,,,,,,,,0.7,0.7,,0.0,0,False
2026-02-24 09:57:30+00:00,,,,,,,,0.7,0.7,,0.0,0,False
2026-02-24 09:58:00+00:00,,,,,,,,0.7,0.7,,69.0,1,False
2026-02-24 09:58:30+00:00,,,,,,,,0.7,0.7,,69.0,1,False
2026-02-24 09:59:00+00:00,,,,,,,,0.7,0.7,,0.0,0,False
2026-02-24 09:59:30+00:00,,,,,,,,0.7,0.7,,0.0,0,False
2026-02-24 10:00:00+00:00,,,,,,,,0.7,0.7,,0.0,0,False
2026-02-24 10:00:30+00:00,,,,,,,,0.7,0.7,,0.0,0,False
2026-02-24 10:01:00+00:00,,,,,,,,0.7,0.7,,0.0,0,False
2026-02-24 10:01:30+00:00,,,,,,,,0.7,0.7,,0.0,0,False
2026-02-24 10:02:00+00:00,,,,,,,,0.7,0.7,,1.0,1,False
2026-02-24 10:02:30+00:00,,,,,,,,0.7,0.7,,0.0,0,False
2026-02-24 10:03:00+00:00,,,,,,,,0.7,0.7,,0.0,0,False
2026-02-24 10:03:30+00:00,,,,,,,,0.7,0.7,,41.0,1,False
2026-02-24 10:04:00+00:00,,,,,,,,0.7,0.7,,0.0,0,False
2026-02-24 10:04:30+00:00,,,,,,,,0.7,0.7,,0.0,0,False
2026-02-24 10:05:00+00:00,,,,,,,,0.7,0.7,,30.0,3,False
2026-02-24 10:05:30+00:00,,,,,,,,0.7,0.7,,0.0,0,False
2026-02-24 10:06:00+00:00,,,,,,,,0.7,0.7,,0.0,0,False
2026-02-24 10:06:30+00:00,,,,,,,,0.7,0.7,,1.0,1,False
2026-02-24 10:07:00+00:00,,,,,,,,0.7,0.7,,0.0,0,False
2026-02-24 10:07:30+00:00,,,,,,,,0.7,0.7,,0.0,0,False
2026-02-24 10:08:00+00:00,,,,,,,,0.7,0.7,,0.0,0,False
2026-02-24 10:08:30+00:00,,,,,,,,0.7,0.7,,0.0,0,False
2026-02-24 10:09:00+00:00,,,,,,,,0.7,0.7,,0.0,0,False
2026-02-24 10:09:30+00:00,,,,,,,,0.7,0.7,,266.0,1,False
2026-02-24 10:10:00+00:00,,,,,,,,0.7,0.7,,0.0,0,False
2026-02-24 10:10:30+00:00,,,,,,,,0.7,0.7,,0.0,0,False
2026-02-24 10:11:00+00:00,,,,,,,,0.7,0.7,,0.0,0,False
2026-02-24 10:11:30+00:00,,,,,,,,0.7,0.7,,27.0,1,False
2026-02-24 10:12:00+00:00,,,,,,,,0.7,0.7,,0.0,0,False
2026-02-24 10:12:30+00:00,,,,,,,,0.7,0.7,,0.0,0,False
2026-02-24 10:13:00+00:00,,,,,,,,0.7,0.7,,0.0,0,False
2026-02-24 10:13:30+00:00,,,,,,,,0.7,0.7,,0.0,0,False
2026-02-24 10:14:00+00:00,,,,,,,,0.7,0.7,,0.0,0,False
2026-02-24 10:14:30+00:00,,,,,,,,0.7,0.7,,0.0,0,False
2026-02-24 10:15:00+00:00,,,,,,,,0.7,0.7,,0.0,0,False
2026-02-24 10:15:30+00:00,,,,,,,,0.7,0.7,,34.0,1,False
2026-02-24 10:16:00+00:00,,,,,,,,0.7,0.7,,0.0,0,False
2026-02-24 10:16:30+00:00,,,,,,,,0.7,0.7,,1.0,1,False
2026-02-24 10:17:00+00:00,,,,,,,,0.7,0.7,,0.0,0,False
2026-02-24 10:17:30+00:00,,,,,,,,0.7,0.7,,0.0,0,False
2026-02-24 10:18:00+00:00,,,,,,,,0.7,0.7,,0.0,0,False
2026-02-24 10:18:30+00:00,,,,,,,,0.69,0.69,,3.0,1,False
2026-02-24 10:19:00+00:00,,,,,,,,0.69,0.69,,0.0,0,False
2026-02-24 10:19:30+00:00,,,,,,,,0.69,0.69,,0.0,0,False
2026-02-24 10:20:00+00:00,,,,,,,,0.69,0.69,,0.0,0,False
2026-02-24 10:20:30+00:00,,,,,,,,0.69,0.69,,0.0,0,False
2026-02-24 10:21:00+00:00,,,,,,,,0.69,0.69,,0.0,0,False
2026-02-24 10:21:30+00:00,,,,,,,,0.7,0.7,,1.0,1,False
2026-02-24 10:22:00+00:00,,,,,,,,0.7,0.7,,0.0,0,False
2026-02-24 10:22:30+00:00,,,,,,,,0.7,0.7,,0.0,0,False
2026-02-24 10:23:00+00:00,,,,,,,,0.7,0.7,,0.0,0,False
2026-02-24 10:23:30+00:00,,,,,,,,0.7,0.7,,0.0,0,False
2026-02-24 10:24:00+00:00,,,,,,,,0.7,0.7,,0.0,0,False
2026-02-24 10:24:30+00:00,,,,,,,,0.7,0.7,,0.0,0,False
2026-02-24 10:25:00+00:00,,,,,,,,0.7,0.7,,0.0,0,False
2026-02-24 10:25:30+00:00,,,,,,,,0.7,0.7,,0.0,0,False
2026-02-24 10:26:00+00:00,,,,,,,,0.7,0.7,,0.0,0,False
2026-02-24 10:26:30+00:00,,,,,,,,0.7,0.7,,0.0,0,False
2026-02-24 10:27:00+00:00,,,,,,,,0.7,0.7,,0.0,0,False
2026-02-24 10:27:30+00:00,,,,,,,,0.7,0.7,,0.0,0,False
2026-02-24 10:28:00+00:00,,,,,,,,0.7,0.7,,1.0,1,False
2026-02-24 10:28:30+00:00,,,,,,,,0.7,0.7,,45.0,1,False
2026-02-24 10:29:00+00:00,,,,,,,,0.7,0.7,,0.0,0,False
2026-02-24 10:29:30+00:00,,,,,,,,0.7,0.7,,0.0,0,False
2026-02-24 10:30:00+00:00,,,,,,,,0.7,0.7,,0.0,0,False
2026-02-24 10:30:30+00:00,,,,,,,,0.7,0.7,,0.0,0,False
2026-02-24 10:31:00+00:00,,,,,,,,0.7,0.7,,0.0,0,False
2026-02-24 10:31:30+00:00,,,,,,,,0.7,0.7,,0.0,0,False
2026-02-24 10:32:00+00:00,,,,,,,,0.7,0.7,,0.0,0,False
2026-02-24 10:32:30+00:00,,,,,,,,0.7,0.7,,0.0,0,False
2026-02-24 10:33:00+00:00,,,,,,,,0.7,0.7,,0.0,0,False
2026-02-24 10:33:30+00:00,,,,,,,,0.7,0.7,,0.0,0,False
2026-02-24 10:34:00+00:00,,,,,,,,0.7,0.7,,0.0,0,False
2026-02-24 10:34:30+00:00,,,,,,,,0.7,0.7,,0.0,0,False
2026-02-24 10:35:00+00:00,,,,,,,,0.7,0.7,,0.0,0,False
2026-02-24 10:35:30+00:00,,,,,,,,0.7,0.7,,0.0,0,False
2026-02-24 10:36:00+00:00,,,,,,,,0.7,0.7,,0.0,0,False
2026-02-24 10:36:30+00:00,,,,,,,,0.7,0.7,,1.0,1,False
2026-02-24 10:37:00+00:00,,,,,,,,0.7,0.7,,0.0,0,False
2026-02-24 10:37:30+00:00,,,,,,,,0.7,0.7,,0.0,0,False
2026-02-24 10:38:00+00:00,,,,,,,,0.7,0.7,,0.0,0,False
2026-02-24 10:38:30+00:00,,,,,,,,0.7,0.7,,0.0,0,False
2026-02-24 10:39:00+00:00,,,,,,,,0.7,0.7,,0.0,0,False
2026-02-24 10:39:30+00:00,,,,,,,,0.7,0.7,,0.0,0,False
2026-02-24 10:40:00+00:00,,,,,,,,0.7,0.7,,0.0,0,False
2026-02-24 10:40:30+00:00,,,,,,,,0.7,0.7,,35.0,2,False
2026-02-24 10:41:00+00:00,,,,,,,,0.7,0.7,,0.0,0,False
2026-02-24 10:41:30+00:00,,,,,,,,0.7,0.7,,128.0,2,False
2026-02-24 10:42:00+00:00,,,,,,,,0.7,0.7,,0.0,0,False
2026-02-24 10:42:30+00:00,,,,,,,,0.7,0.7,,0.0,0,False
2026-02-24 10:43:00+00:00,,,,,,,,0.7,0.7,,0.0,0,False
2026-02-24 10:43:30+00:00,,,,,,,,0.7,0.7,,0.0,0,False
2026-02-24 10:44:00+00:00,,,,,,,,0.7,0.7,,0.0,0,False
2026-02-24 10:44:30+00:00,,,,,,,,0.7,0.7,,0.0,0,False
2026-02-24 10:45:00+00:00,,,,,,,,0.7,0.7,,0.0,0,False
2026-02-24 10:45:30+00:00,,,,,,,,0.7,0.7,,0.0,0,False
2026-02-24 10:46:00+00:00,,,,,,,,0.7,0.7,,0.0,0,False
2026-02-24 10:46:30+00:00,,,,,,,,0.7,0.7,,0.0,0,False
2026-02-24 10:47:00+00:00,,,,,,,,0.6999999999999998,0.7,,6.0,1,False
2026-02-24 10:47:30+00:00,,,,,,,,0.6999999999999998,0.7,,0.0,0,False
2026-02-24 10:48:00+00:00,,,,,,,,0.6999999999999998,0.7,,0.0,0,False
2026-02-24 10:48:30+00:00,,,,,,,,0.6999999999999998,0.7,,0.0,0,False
2026-02-24 10:49:00+00:00,,,,,,,,0.69,0.69,,9.0,1,False
2026-02-24 10:49:30+00:00,,,,,,,,0.69,0.69,,0.0,0,False
2026-02-24 10:50:00+00:00,,,,,,,,0.69,0.69,,0.0,0,False
2026-02-24 10:50:30+00:00,,,,,,,,0.7,0.7,,55.0,1,False
2026-02-24 10:51:00+00:00,,,,,,,,0.7,0.7,,0.0,0,False
2026-02-24 10:51:30+00:00,,,,,,,,0.7,0.7,,0.0,0,False
2026-02-24 10:52:00+00:00,,,,,,,,0.7,0.7,,0.0,0,False
2026-02-24 10:52:30+00:00,,,,,,,,0.7,0.7,,0.0,0,False
2026-02-24 10:53:00+00:00,,,,,,,,0.7,0.7,,0.0,0,False
2026-02-24 10:53:30+00:00,,,,,,,,0.7,0.7,,0.0,0,False
2026-02-24 10:54:00+00:00,,,,,,,,0.7,0.7,,1.0,1,False
2026-02-24 10:54:30+00:00,,,,,,,,0.7,0.7,,0.0,0,False
2026-02-24 10:55:00+00:00,,,,,,,,0.7,0.7,,0.0,0,False
2026-02-24 10:55:30+00:00,,,,,,,,0.7,0.7,,104.0,1,False
2026-02-24 10:56:00+00:00,,,,,,,,0.7,0.7,,0.0,0,False
2026-02-24 10:56:30+00:00,,,,,,,,0.7,0.7,,138.0,1,False
2026-02-24 10:57:00+00:00,,,,,,,,0.7,0.7,,0.0,0,False
2026-02-24 10:57:30+00:00,,,,,,,,0.7,0.7,,0.0,0,False
2026-02-24 10:58:00+00:00,,,,,,,,0.7,0.7,,0.0,0,False
2026-02-24 10:58:30+00:00,,,,,,,,0.7,0.7,,0.0,0,False
2026-02-24 10:59:00+00:00,,,,,,,,0.7,0.7,,0.0,0,False
2026-02-24 10:59:30+00:00,,,,,,,,0.7,0.7,,0.0,0,False
2026-02-24 11:00:00+00:00,,,,,,,,0.7,0.7,,21.0,1,False
2026-02-24 11:00:30+00:00,,,,,,,,0.7,0.7,,0.0,0,False
2026-02-24 11:01:00+00:00,,,,,,,,0.7,0.7,,0.0,0,False
2026-02-24 11:01:30+00:00,,,,,,,,0.7,0.7,,0.0,0,False
2026-02-24 11:02:00+00:00,,,,,,,,0.7,0.7,,0.0,0,False
2026-02-24 11:02:30+00:00,,,,,,,,0.7,0.7,,0.0,0,False
2026-02-24 11:03:00+00:00,,,,,,,,0.7,0.7,,34.0,1,False
2026-02-24 11:03:30+00:00,,,,,,,,0.7,0.7,,0.0,0,False
2026-02-24 11:04:00+00:00,,,,,,,,0.7,0.7,,0.0,0,False
2026-02-24 11:04:30+00:00,,,,,,,,0.7,0.7,,0.0,0,False
2026-02-24 11:05:00+00:00,,,,,,,,0.7,0.7,,0.0,0,False
2026-02-24 11:05:30+00:00,,,,,,,,0.7,0.7,,0.0,0,False
2026-02-24 11:06:00+00:00,,,,,,,,0.7,0.7,,0.0,0,False
2026-02-24 11:06:30+00:00,,,,,,,,0.7,0.7,,0.0,0,False
2026-02-24 11:07:00+00:00,,,,,,,,0.7,0.7,,0.0,0,False
2026-02-24 11:07:30+00:00,,,,,,,,0.7,0.7,,0.0,0,False
2026-02-24 11:08:00+00:00,,,,,,,,0.7,0.7,,0.0,0,False
2026-02-24 11:08:30+00:00,,,,,,,,0.7,0.7,,0.0,0,False
2026-02-24 11:09:00+00:00,,,,,,,,0.7,0.7,,0.0,0,False
2026-02-24 11:09:30+00:00,,,,,,,,0.7,0.7,,11.0,1,False
2026-02-24 11:10:00+00:00,,,,,,,,0.7,0.7,,0.0,0,False
2026-02-24 11:10:30+00:00,,,,,,,,0.7,0.7,,2.0,1,False
2026-02-24 11:11:00+00:00,,,,,,,,0.7,0.7,,0.0,0,False
2026-02-24 11:11:30+00:00,,,,,,,,0.69,0.69,,3.0,1,False
2026-02-24 11:12:00+00:00,,,,,,,,0.69,0.69,,0.0,0,False
2026-02-24 11:12:30+00:00,,,,,,,,0.7,0.7,,69.0,1,False
2026-02-24 11:13:00+00:00,,,,,,,,0.7,0.7,,11.0,1,False
2026-02-24 11:13:30+00:00,,,,,,,,0.7,0.7,,0.0,0,False
2026-02-24 11:14:00+00:00,,,,,,,,0.7,0.7,,1.0,1,False
2026-02-24 11:14:30+00:00,,,,,,,,0.7,0.7,,0.0,0,False
2026-02-24 11:15:00+00:00,,,,,,,,0.7,0.7,,0.0,0,False
2026-02-24 11:15:30+00:00,,,,,,,,0.7,0.7,,0.0,0,False
2026-02-24 11:16:00+00:00,,,,,,,,0.7,0.7,,0.0,0,False
2026-02-24 11:16:30+00:00,,,,,,,,0.7,0.7,,0.0,0,False
2026-02-24 11:17:00+00:00,,,,,,,,0.7,0.7,,0.0,0,False
2026-02-24 11:17:30+00:00,,,,,,,,0.7,0.7,,0.0,0,False
2026-02-24 11:18:00+00:00,,,,,,,,0.7,0.7,,0.0,0,False
2026-02-24 11:18:30+00:00,,,,,,,,0.7,0.7,,141.0,1,False
2026-02-24 11:19:00+00:00,,,,,,,,0.7,0.7,,0.0,0,False
2026-02-24 11:19:30+00:00,,,,,,,,0.7,0.7,,0.0,0,False
2026-02-24 11:20:00+00:00,,,,,,,,0.7,0.7,,0.0,0,False
2026-02-24 11:20:30+00:00,,,,,,,,0.7,0.7,,0.0,0,False
2026-02-24 11:21:00+00:00,,,,,,,,0.7,0.7,,0.0,0,False
2026-02-24 11:21:30+00:00,,,,,,,,0.7,0.7,,0.0,0,False
2026-02-24 11:22:00+00:00,,,,,,,,0.7,0.7,,0.0,0,False
2026-02-24 11:22:30+00:00,,,,,,,,0.7,0.7,,0.0,0,False
2026-02-24 11:23:00+00:00,,,,,,,,0.7,0.7,,0.0,0,False
2026-02-24 11:23:30+00:00,,,,,,,,0.7,0.7,,0.0,0,False
2026-02-24 11:24:00+00:00,,,,,,,,0.7,0.7,,0.0,0,False
2026-02-24 11:24:30+00:00,,,,,,,,0.7,0.7,,0.0,0,False
2026-02-24 11:25:00+00:00,,,,,,,,0.69,0.69,,342.0,1,False
2026-02-24 11:25:30+00:00,,,,,,,,0.69,0.69,,0.0,0,False
2026-02-24 11:26:00+00:00,,,,,,,,0.69,0.69,,0.0,0,False
2026-02-24 11:26:30+00:00,,,,,,,,0.69,0.69,,0.0,0,False
2026-02-24 11:27:00+00:00,,,,,,,,0.69,0.69,,0.0,0,False
2026-02-24 11:27:30+00:00,,,,,,,,0.69,0.69,,0.0,0,False
2026-02-24 11:28:00+00:00,,,,,,,,0.69,0.69,,0.0,0,False
2026-02-24 11:28:30+00:00,,,,,,,,0.69,0.69,,0.0,0,False
2026-02-24 11:29:00+00:00,,,,,,,,0.69,0.69,,0.0,0,False
2026-02-24 11:29:30+00:00,,,,,,,,0.69,0.69,,0.0,0,False
2026-02-24 11:30:00+00:00,,,,,,,,0.69,0.69,,0.0,0,False
2026-02-24 11:30:30+00:00,,,,,,,,0.69,0.69,,0.0,0,False
2026-02-24 11:31:00+00:00,,,,,,,,0.69,0.69,,0.0,0,False
2026-02-24 11:31:30+00:00,,,,,,,,0.69,0.69,,0.0,0,False
2026-02-24 11:32:00+00:00,,,,,,,,0.7,0.7,,4.0,1,False
2026-02-24 11:32:30+00:00,,,,,,,,0.7,0.7,,0.0,0,False
2026-02-24 11:33:00+00:00,,,,,,,,0.7,0.7,,0.0,0,False
2026-02-24 11:33:30+00:00,,,,,,,,0.7,0.7,,0.0,0,False
2026-02-24 11:34:00+00:00,,,,,,,,0.7,0.7,,0.0,0,False
2026-02-24 11:34:30+00:00,,,,,,,,0.7,0.7,,0.0,0,False
2026-02-24 11:35:00+00:00,,,,,,,,0.7,0.7,,1.0,1,False
2026-02-24 11:35:30+00:00,,,,,,,,0.6799999999999999,0.6799999999999999,,29.0,1,False
2026-02-24 11:36:00+00:00,,,,,,,,0.6799999999999999,0.6799999999999999,,0.0,0,False
2026-02-24 11:36:30+00:00,,,,,,,,0.6799999999999999,0.6799999999999999,,0.0,0,False
2026-02-24 11:37:00+00:00,,,,,,,,0.6799999999999999,0.6799999999999999,,0.0,0,False
2026-02-24 11:37:30+00:00,,,,,,,,0.6799999999999999,0.6799999999999999,,0.0,0,False
2026-02-24 11:38:00+00:00,,,,,,,,0.6799999999999999,0.6799999999999999,,0.0,0,False
2026-02-24 11:38:30+00:00,,,,,,,,0.6799999999999999,0.6799999999999999,,0.0,0,False
2026-02-24 11:39:00+00:00,,,,,,,,0.7,0.7,,1399.0,1,False
2026-02-24 11:39:30+00:00,,,,,,,,0.7,0.7,,0.0,0,False
2026-02-24 11:40:00+00:00,,,,,,,,0.68,0.6799999999999999,,3.0,1,False
2026-02-24 11:40:30+00:00,,,,,,,,0.68,0.6799999999999999,,0.0,0,False
2026-02-24 11:41:00+00:00,,,,,,,,0.68,0.6799999999999999,,0.0,0,False
2026-02-24 11:41:30+00:00,,,,,,,,0.68,0.6799999999999999,,0.0,0,False
2026-02-24 11:42:00+00:00,,,,,,,,0.68,0.6799999999999999,,0.0,0,False
2026-02-24 11:42:30+00:00,,,,,,,,0.68,0.6799999999999999,,0.0,0,False
2026-02-24 11:43:00+00:00,,,,,,,,0.68,0.6799999999999999,,0.0,0,False
2026-02-24 11:43:30+00:00,,,,,,,,0.68,0.6799999999999999,,0.0,0,False
2026-02-24 11:44:00+00:00,,,,,,,,0.68,0.6799999999999999,,0.0,0,False
2026-02-24 11:44:30+00:00,,,,,,,,0.68,0.6799999999999999,,0.0,0,False
2026-02-24 11:45:00+00:00,,,,,,,,0.68,0.6799999999999999,,0.0,0,False
2026-02-24 11:45:30+00:00,,,,,,,,0.7,0.7,,2.0,1,False
2026-02-24 11:46:00+00:00,,,,,,,,0.7,0.7,,0.0,0,False
2026-02-24 11:46:30+00:00,,,,,,,,0.7,0.7,,2.0,1,False
2026-02-24 11:47:00+00:00,,,,,,,,0.7,0.7,,0.0,0,False
2026-02-24 11:47:30+00:00,,,,,,,,0.7,0.7,,1.0,1,False
2026-02-24 11:48:00+00:00,,,,,,,,0.7,0.7,,0.0,0,False
2026-02-24 11:48:30+00:00,,,,,,,,0.7,0.7,,68.0,1,False
2026-02-24 11:49:00+00:00,,,,,,,,0.68,0.6799999999999999,,200.0,1,False
2026-02-24 11:49:30+00:00,,,,,,,,0.68,0.6799999999999999,,0.0,0,False
2026-02-24 11:50:00+00:00,,,,,,,,0.68,0.6799999999999999,,0.0,0,False
2026-02-24 11:50:30+00:00,,,,,,,,0.68,0.6799999999999999,,0.0,0,False
2026-02-24 11:51:00+00:00,,,,,,,,0.68,0.6799999999999999,,0.0,0,False
2026-02-24 11:51:30+00:00,,,,,,,,0.68,0.6799999999999999,,0.0,0,False
2026-02-24 11:52:00+00:00,,,,,,,,0.68,0.6799999999999999,,0.0,0,False
2026-02-24 11:52:30+00:00,,,,,,,,0.7,0.7,,208.0,1,False
2026-02-24 11:53:00+00:00,,,,,,,,0.7,0.7,,0.0,0,False
2026-02-24 11:53:30+00:00,,,,,,,,0.7,0.7,,0.0,0,False
2026-02-24 11:54:00+00:00,,,,,,,,0.7,0.7,,0.0,0,False
2026-02-24 11:54:30+00:00,,,,,,,,0.7,0.7,,0.0,0,False
2026-02-24 11:55:00+00:00,,,,,,,,0.7,0.7,,10.0,1,False
2026-02-24 11:55:30+00:00,,,,,,,,0.7,0.7,,0.0,0,False
2026-02-24 11:56:00+00:00,,,,,,,,0.6989887640449438,0.6799999999999999,,178.0,3,False
2026-02-24 11:56:30+00:00,,,,,,,,0.6989887640449438,0.6799999999999999,,0.0,0,False
2026-02-24 11:57:00+00:00,,,,,,,,0.6989887640449438,0.6799999999999999,,0.0,0,False
2026-02-24 11:57:30+00:00,,,,,,,,0.6989887640449438,0.6799999999999999,,0.0,0,False
2026-02-24 11:58:00+00:00,,,,,,,,0.6989887640449438,0.6799999999999999,,0.0,0,False
2026-02-24 11:58:30+00:00,,,,,,,,0.6989887640449438,0.6799999999999999,,0.0,0,False
2026-02-24 11:59:00+00:00,,,,,,,,0.6989887640449438,0.6799999999999999,,0.0,0,False
2026-02-24 11:59:30+00:00,,,,,,,,0.6989887640449438,0.6799999999999999,,0.0,0,False
2026-02-24 12:00:00+00:00,,,,,,,,0.6989887640449438,0.6799999999999999,,0.0,0,False
2026-02-24 12:00:30+00:00,,,,,,,,0.7,0.7,,1.0,1,False
2026-02-24 12:01:00+00:00,,,,,,,,0.7,0.7,,0.0,0,False
2026-02-24 12:01:30+00:00,,,,,,,,0.7,0.7,,20.0,1,False
2026-02-24 12:02:00+00:00,,,,,,,,0.7,0.7,,0.0,0,False
2026-02-24 12:02:30+00:00,,,,,,,,0.7,0.7,,0.0,0,False
2026-02-24 12:03:00+00:00,,,,,,,,0.7,0.7,,1.0,1,False
2026-02-24 12:03:30+00:00,,,,,,,,0.6833333333333332,0.6799999999999999,,24.0,2,False
2026-02-24 12:04:00+00:00,,,,,,,,0.6833333333333332,0.6799999999999999,,0.0,0,False
2026-02-24 12:04:30+00:00,,,,,,,,0.6799999999999999,0.6799999999999999,,10.0,1,False
2026-02-24 12:05:00+00:00,,,,,,,,0.7,0.7,,20.0,1,False
2026-02-24 12:05:30+00:00,,,,,,,,0.7,0.7,,0.0,0,False
2026-02-24 12:06:00+00:00,,,,,,,,0.7,0.7,,0.0,0,False
2026-02-24 12:06:30+00:00,,,,,,,,0.7,0.7,,0.0,0,False
2026-02-24 12:07:00+00:00,,,,,,,,0.7,0.7,,0.0,0,False
2026-02-24 12:07:30+00:00,,,,,,,,0.7,0.7,,0.0,0,False
2026-02-24 12:08:00+00:00,,,,,,,,0.7,0.7,,0.0,0,False
2026-02-24 12:08:30+00:00,,,,,,,,0.7,0.7,,0.0,0,False
2026-02-24 12:09:00+00:00,,,,,,,,0.7,0.7,,416.0,1,False
2026-02-24 12:09:30+00:00,,,,,,,,0.7,0.7,,2.0,1,False
2026-02-24 12:10:00+00:00,,,,,,,,0.7,0.7,,0.0,0,False
2026-02-24 12:10:30+00:00,,,,,,,,0.7,0.7,,0.0,0,False
2026-02-24 12:11:00+00:00,,,,,,,,0.7,0.7,,76.0,1,False
2026-02-24 12:11:30+00:00,,,,,,,,0.6799999999999999,0.6799999999999999,,14.0,1,False
2026-02-24 12:12:00+00:00,,,,,,,,0.7,0.7,,138.0,1,False
2026-02-24 12:12:30+00:00,,,,,,,,0.7,0.7,,0.0,0,False
2026-02-24 12:13:00+00:00,,,,,,,,0.7,0.7,,0.0,0,False
2026-02-24 12:13:30+00:00,,,,,,,,0.7,0.7,,0.0,0,False
2026-02-24 12:14:00+00:00,,,,,,,,0.7,0.7,,0.0,0,False
2026-02-24 12:14:30+00:00,,,,,,,,0.7,0.7,,0.0,0,False
2026-02-24 12:15:00+00:00,,,,,,,,0.7,0.7,,0.0,0,False
2026-02-24 12:15:30+00:00,,,,,,,,0.7,0.7,,0.0,0,False
2026-02-24 12:16:00+00:00,,,,,,,,0.7,0.7,,0.0,0,False
2026-02-24 12:16:30+00:00,,,,,,,,0.7,0.7,,0.0,0,False
2026-02-24 12:17:00+00:00,,,,,,,,0.7,0.7,,0.0,0,False
2026-02-24 12:17:30+00:00,,,,,,,,0.7,0.7,,0.0,0,False
2026-02-24 12:18:00+00:00,,,,,,,,0.7,0.7,,0.0,0,False
2026-02-24 12:18:30+00:00,,,,,,,,0.7,0.7,,1.0,1,False
2026-02-24 12:19:00+00:00,,,,,,,,0.7,0.7,,0.0,0,False
2026-02-24 12:19:30+00:00,,,,,,,,0.7,0.7,,0.0,0,False
2026-02-24 12:20:00+00:00,,,,,,,,0.7,0.7,,0.0,0,False
2026-02-24 12:20:30+00:00,,,,,,,,0.7,0.7,,0.0,0,False
2026-02-24 12:21:00+00:00,,,,,,,,0.7,0.7,,0.0,0,False
2026-02-24 12:21:30+00:00,,,,,,,,0.7,0.7,,0.0,0,False
2026-02-24 12:22:00+00:00,,,,,,,,0.7,0.7,,34.0,1,False
2026-02-24 12:22:30+00:00,,,,,,,,0.7,0.7,,0.0,0,False
2026-02-24 12:23:00+00:00,,,,,,,,0.7,0.7,,0.0,0,False
2026-02-24 12:23:30+00:00,,,,,,,,0.7,0.7,,0.0,0,False
2026-02-24 12:24:00+00:00,,,,,,,,0.7,0.7,,0.0,0,False
2026-02-24 12:24:30+00:00,,,,,,,,0.6799999999999999,0.6799999999999999,,58.0,1,False
2026-02-24 12:25:00+00:00,,,,,,,,0.6799999999999999,0.6799999999999999,,0.0,0,False
2026-02-24 12:25:30+00:00,,,,,,,,0.6799999999999999,0.6799999999999999,,0.0,0,False
2026-02-24 12:26:00+00:00,,,,,,,,0.6799999999999999,0.6799999999999999,,5.0,1,False
2026-02-24 12:26:30+00:00,,,,,,,,0.7,0.7,,15.0,1,False
2026-02-24 12:27:00+00:00,,,,,,,,0.7,0.7,,0.0,0,False
2026-02-24 12:27:30+00:00,,,,,,,,0.7,0.7,,0.0,0,False
2026-02-24 12:28:00+00:00,,,,,,,,0.7,0.7,,0.0,0,False
2026-02-24 12:28:30+00:00,,,,,,,,0.7,0.7,,0.0,0,False
2026-02-24 12:29:00+00:00,,,,,,,,0.7,0.7,,170.0,1,False
2026-02-24 12:29:30+00:00,,,,,,,,0.7,0.7,,27.0,1,False
2026-02-24 12:30:00+00:00,,,,,,,,0.7,0.7,,0.0,0,False
2026-02-24 12:30:30+00:00,,,,,,,,0.7,0.7,,0.0,0,False
2026-02-24 12:31:00+00:00,,,,,,,,0.7,0.7,,0.0,0,False
2026-02-24 12:31:30+00:00,,,,,,,,0.7,0.7,,0.0,0,False
2026-02-24 12:32:00+00:00,,,,,,,,0.7,0.7,,1.0,1,False
2026-02-24 12:32:30+00:00,,,,,,,,0.7,0.7,,0.0,0,False
2026-02-24 12:33:00+00:00,,,,,,,,0.7,0.7,,0.0,0,False
2026-02-24 12:33:30+00:00,,,,,,,,0.7,0.7,,0.0,0,False
2026-02-24 12:34:00+00:00,,,,,,,,0.6999283154121863,0.6799999999999999,,279.0,3,False
2026-02-24 12:34:30+00:00,,,,,,,,0.6999283154121863,0.6799999999999999,,0.0,0,False
2026-02-24 12:35:00+00:00,,,,,,,,0.6999283154121863,0.6799999999999999,,0.0,0,False
2026-02-24 12:35:30+00:00,,,,,,,,0.6999283154121863,0.6799999999999999,,0.0,0,False
2026-02-24 12:36:00+00:00,,,,,,,,0.6999283154121863,0.6799999999999999,,0.0,0,False
2026-02-24 12:36:30+00:00,,,,,,,,0.6799999999999999,0.6799999999999999,,14.0,1,False
2026-02-24 12:37:00+00:00,,,,,,,,0.6799999999999999,0.6799999999999999,,0.0,0,False
2026-02-24 12:37:30+00:00,,,,,,,,0.7,0.7,,729.0,1,False
2026-02-24 12:38:00+00:00,,,,,,,,0.7,0.7,,0.0,0,False
2026-02-24 12:38:30+00:00,,,,,,,,0.7,0.7,,0.0,0,False
2026-02-24 12:39:00+00:00,,,,,,,,0.7,0.7,,0.0,0,False
2026-02-24 12:39:30+00:00,,,,,,,,0.7,0.7,,0.0,0,False
2026-02-24 12:40:00+00:00,,,,,,,,0.6799999999999999,0.6799999999999999,,14.0,1,False
2026-02-24 12:40:30+00:00,,,,,,,,0.6799999999999999,0.6799999999999999,,15.0,1,False
2026-02-24 12:41:00+00:00,,,,,,,,0.6799999999999999,0.6799999999999999,,0.0,0,False
2026-02-24 12:41:30+00:00,,,,,,,,0.6799999999999999,0.6799999999999999,,0.0,0,False
2026-02-24 12:42:00+00:00,,,,,,,,0.6799999999999999,0.6799999999999999,,74.0,1,False
2026-02-24 12:42:30+00:00,,,,,,,,0.6799999999999999,0.6799999999999999,,0.0,0,False
2026-02-24 12:43:00+00:00,,,,,,,,0.6799999999999999,0.6799999999999999,,0.0,0,False
2026-02-24 12:43:30+00:00,,,,,,,,0.7,0.7,,1.0,1,False
2026-02-24 12:44:00+00:00,,,,,,,,0.7,0.7,,0.0,0,False
2026-02-24 12:44:30+00:00,,,,,,,,0.7,0.7,,63.0,1,False
2026-02-24 12:45:00+00:00,,,,,,,,0.7,0.7,,0.0,0,False
2026-02-24 12:45:30+00:00,,,,,,,,0.7,0.7,,0.0,0,False
2026-02-24 12:46:00+00:00,,,,,,,,0.7,0.7,,0.0,0,False
2026-02-24 12:46:30+00:00,,,,,,,,0.7,0.7,,13.0,1,False
2026-02-24 12:47:00+00:00,,,,,,,,0.7,0.7,,0.0,0,False
2026-02-24 12:47:30+00:00,,,,,,,,0.7,0.7,,0.0,0,False
2026-02-24 12:48:00+00:00,,,,,,,,0.7,0.7,,0.0,0,False
2026-02-24 12:48:30+00:00,,,,,,,,0.7,0.7,,0.0,0,False
2026-02-24 12:49:00+00:00,,,,,,,,0.7,0.7,,44.0,1,False
2026-02-24 12:49:30+00:00,,,,,,,,0.7,0.7,,0.0,0,False
2026-02-24 12:50:00+00:00,,,,,,,,0.7,0.7,,13.0,1,False
2026-02-24 12:50:30+00:00,,,,,,,,0.7,0.7,,0.0,0,False
2026-02-24 12:51:00+00:00,,,,,,,,0.7,0.7,,27.0,1,False
2026-02-24 12:51:30+00:00,,,,,,,,0.7,0.7,,0.0,0,False
2026-02-24 12:52:00+00:00,,,,,,,,0.7,0.7,,0.0,0,False
2026-02-24 12:52:30+00:00,,,,,,,,0.7,0.7,,0.0,0,False
2026-02-24 12:53:00+00:00,,,,,,,,0.7,0.7,,0.0,0,False
2026-02-24 12:53:30+00:00,,,,,,,,0.7,0.7,,0.0,0,False
2026-02-24 12:54:00+00:00,,,,,,,,0.7,0.7,,0.0,0,False
2026-02-24 12:54:30+00:00,,,,,,,,0.7,0.7,,0.0,0,False
2026-02-24 12:55:00+00:00,,,,,,,,0.7,0.7,,0.0,0,False
2026-02-24 12:55:30+00:00,,,,,,,,0.7,0.7,,0.0,0,False
2026-02-24 12:56:00+00:00,,,,,,,,0.7,0.7,,0.0,0,False
2026-02-24 12:56:30+00:00,,,,,,,,0.7,0.7,,0.0,0,False
2026-02-24 12:57:00+00:00,,,,,,,,0.7,0.7,,0.0,0,False
2026-02-24 12:57:30+00:00,,,,,,,,0.7,0.7,,0.0,0,False
2026-02-24 12:58:00+00:00,,,,,,,,0.7,0.7,,0.0,0,False
2026-02-24 12:58:30+00:00,,,,,,,,0.7,0.7,,0.0,0,False
2026-02-24 12:59:00+00:00,,,,,,,,0.7,0.7,,0.0,0,False
2026-02-24 12:59:30+00:00,,,,,,,,0.7,0.7,,0.0,0,False
2026-02-24 13:00:00+00:00,,,,,,,,0.6799999999999999,0.6799999999999999,,10.0,1,False
2026-02-24 13:00:30+00:00,,,,,,,,0.6799999999999999,0.6799999999999999,,10.0,1,False
2026-02-24 13:01:00+00:00,,,,,,,,0.6799999999999999,0.6799999999999999,,4.0,1,False
2026-02-24 13:01:30+00:00,,,,,,,,0.7,0.7,,13.0,1,False
2026-02-24 13:02:00+00:00,,,,,,,,0.7,0.7,,75.0,1,False
2026-02-24 13:02:30+00:00,,,,,,,,0.7,0.7,,0.0,0,False
2026-02-24 13:03:00+00:00,,,,,,,,0.6999999999999998,0.7,,6.0,1,False
2026-02-24 13:03:30+00:00,,,,,,,,0.7,0.7,,27.0,1,False
2026-02-24 13:04:00+00:00,,,,,,,,0.7,0.7,,0.0,0,False
2026-02-24 13:04:30+00:00,,,,,,,,0.7,0.7,,0.0,0,False
2026-02-24 13:05:00+00:00,,,,,,,,0.7,0.7,,10.0,2,False
2026-02-24 13:05:30+00:00,,,,,,,,0.7,0.7,,981.0,1,False
2026-02-24 13:06:00+00:00,,,,,,,,0.6999430199430199,0.69,,351.0,2,False
2026-02-24 13:06:30+00:00,,,,,,,,0.6999430199430199,0.69,,0.0,0,False
2026-02-24 13:07:00+00:00,,,,,,,,0.6999430199430199,0.69,,0.0,0,False
2026-02-24 13:07:30+00:00,,,,,,,,0.6999430199430199,0.69,,0.0,0,False
2026-02-24 13:08:00+00:00,,,,,,,,0.6999430199430199,0.69,,0.0,0,False
2026-02-24 13:08:30+00:00,,,,,,,,0.6799999999999999,0.6799999999999999,,1.0,1,False
2026-02-24 13:09:00+00:00,,,,,,,,0.6799999999999999,0.6799999999999999,,0.0,0,False
2026-02-24 13:09:30+00:00,,,,,,,,0.6799999999999999,0.6799999999999999,,0.0,0,False
2026-02-24 13:10:00+00:00,,,,,,,,0.7,0.7,,34.0,1,False
2026-02-24 13:10:30+00:00,,,,,,,,0.7,0.7,,0.0,0,False
2026-02-24 13:11:00+00:00,,,,,,,,0.6851655629139072,0.69,,151.0,4,False
2026-02-24 13:11:30+00:00,,,,,,,,0.7,0.7,,371.0,2,False
2026-02-24 13:12:00+00:00,,,,,,,,0.7,0.7,,0.0,0,False
2026-02-24 13:12:30+00:00,,,,,,,,0.7,0.7,,0.0,0,False
2026-02-24 13:13:00+00:00,,,,,,,,0.7,0.7,,0.0,0,False
2026-02-24 13:13:30+00:00,,,,,,,,0.7,0.7,,0.0,0,False
2026-02-24 13:14:00+00:00,,,,,,,,0.7,0.7,,0.0,0,False
2026-02-24 13:14:30+00:00,,,,,,,,0.7,0.7,,0.0,0,False
2026-02-24 13:15:00+00:00,,,,,,,,0.7,0.7,,0.0,0,False
2026-02-24 13:15:30+00:00,,,,,,,,0.7,0.7,,0.0,0,False
2026-02-24 13:16:00+00:00,,,,,,,,0.7,0.7,,1.0,1,False
2026-02-24 13:16:30+00:00,,,,,,,,0.7,0.7,,34.0,1,False
2026-02-24 13:17:00+00:00,,,,,,,,0.7,0.7,,0.0,0,False
2026-02-24 13:17:30+00:00,,,,,,,,0.7,0.7,,20.0,1,False
2026-02-24 13:18:00+00:00,,,,,,,,0.7,0.7,,20.0,1,False
2026-02-24 13:18:30+00:00,,,,,,,,0.69,0.69,,15.0,1,False
2026-02-24 13:19:00+00:00,,,,,,,,0.69,0.69,,0.0,0,False
2026-02-24 13:19:30+00:00,,,,,,,,0.69,0.69,,3.0,1,False
2026-02-24 13:20:00+00:00,,,,,,,,0.69,0.69,,0.0,0,False
2026-02-24 13:20:30+00:00,,,,,,,,0.69,0.69,,0.0,0,False
2026-02-24 13:21:00+00:00,,,,,,,,0.7,0.7,,1.0,1,False
2026-02-24 13:21:30+00:00,,,,,,,,0.7,0.7,,69.0,1,False
2026-02-24 13:22:00+00:00,,,,,,,,0.7,0.7,,0.0,0,False
2026-02-24 13:22:30+00:00,,,,,,,,0.7,0.7,,0.0,0,False
2026-02-24 13:23:00+00:00,,,,,,,,0.7,0.7,,0.0,0,False
2026-02-24 13:23:30+00:00,,,,,,,,0.7,0.7,,0.0,0,False
2026-02-24 13:24:00+00:00,,,,,,,,0.7,0.7,,173.0,1,False
2026-02-24 13:24:30+00:00,,,,,,,,0.7,0.7,,5.0,1,False
2026-02-24 13:25:00+00:00,,,,,,,,0.7,0.7,,0.0,0,False
2026-02-24 13:25:30+00:00,,,,,,,,0.7,0.7,,0.0,0,False
2026-02-24 13:26:00+00:00,,,,,,,,0.7,0.7,,0.0,0,False
2026-02-24 13:26:30+00:00,,,,,,,,0.7,0.7,,174.0,1,False
2026-02-24 13:27:00+00:00,,,,,,,,0.7,0.7,,13.0,1,False
2026-02-24 13:27:30+00:00,,,,,,,,0.7,0.7,,0.0,0,False
2026-02-24 13:28:00+00:00,,,,,,,,0.6999999999999998,0.7,,6.0,1,False
2026-02-24 13:28:30+00:00,,,,,,,,0.6999999999999998,0.7,,0.0,0,False
2026-02-24 13:29:00+00:00,,,,,,,,0.7,0.7,,15.0,1,False
2026-02-24 13:29:30+00:00,,,,,,,,0.7,0.7,,0.0,0,False
2026-02-24 13:30:00+00:00,,,,,,,,0.7,0.7,,27.0,1,False
2026-02-24 13:30:30+00:00,,,,,,,,0.7,0.7,,16.0,1,False
2026-02-24 13:31:00+00:00,,,,,,,,0.7,0.7,,0.0,0,False
2026-02-24 13:31:30+00:00,,,,,,,,0.7,0.7,,20.0,1,False
2026-02-24 13:32:00+00:00,,,,,,,,0.7,0.7,,0.0,0,False
2026-02-24 13:32:30+00:00,,,,,,,,0.7,0.7,,0.0,0,False
2026-02-24 13:33:00+00:00,,,,,,,,0.7,0.7,,0.0,0,False
2026-02-24 13:33:30+00:00,,,,,,,,0.7,0.7,,0.0,0,False
2026-02-24 13:34:00+00:00,,,,,,,,0.69,0.69,,3.0,1,False
2026-02-24 13:34:30+00:00,,,,,,,,0.7,0.7,,104.0,3,False
2026-02-24 13:35:00+00:00,,,,,,,,0.7,0.7,,27.0,1,False
2026-02-24 13:35:30+00:00,,,,,,,,0.7,0.7,,0.0,0,False
2026-02-24 13:36:00+00:00,,,,,,,,0.7,0.7,,82.0,1,False
2026-02-24 13:36:30+00:00,,,,,,,,0.7,0.7,,165.0,2,False
2026-02-24 13:37:00+00:00,,,,,,,,0.7,0.7,,0.0,0,False
2026-02-24 13:37:30+00:00,,,,,,,,0.7,0.7,,0.0,0,False
2026-02-24 13:38:00+00:00,,,,,,,,0.69,0.69,,1.0,1,False
2026-02-24 13:38:30+00:00,,,,,,,,0.69,0.69,,30.0,1,False
2026-02-24 13:39:00+00:00,,,,,,,,0.69,0.69,,27.0,1,False
2026-02-24 13:39:30+00:00,,,,,,,,0.7,0.7,,33.0,1,False
2026-02-24 13:40:00+00:00,,,,,,,,0.7,0.7,,0.0,0,False
2026-02-24 13:40:30+00:00,,,,,,,,0.7,0.7,,0.0,0,False
2026-02-24 13:41:00+00:00,,,,,,,,0.7,0.7,,0.0,0,False
2026-02-24 13:41:30+00:00,,,,,,,,0.7,0.7,,0.0,0,False
2026-02-24 13:42:00+00:00,,,,,,,,0.7,0.7,,0.0,0,False
2026-02-24 13:42:30+00:00,,,,,,,,0.7,0.7,,0.0,0,False
2026-02-24 13:43:00+00:00,,,,,,,,0.7000000000000001,0.7,,187.0,1,False
2026-02-24 13:43:30+00:00,,,,,,,,0.7000000000000001,0.7,,0.0,0,False
2026-02-24 13:44:00+00:00,,,,,,,,0.7000000000000001,0.7,,0.0,0,False
2026-02-24 13:44:30+00:00,,,,,,,,0.7000000000000001,0.7,,0.0,0,False
2026-02-24 13:45:00+00:00,,,,,,,,0.7000000000000001,0.7,,0.0,0,False
2026-02-24 13:45:30+00:00,,,,,,,,0.7000000000000001,0.7,,0.0,0,False
2026-02-24 13:46:00+00:00,,,,,,,,0.7,0.7,,1.0,1,False
2026-02-24 13:46:30+00:00,,,,,,,,0.7,0.7,,1.0,1,False
2026-02-24 13:47:00+00:00,,,,,,,,0.7,0.7,,0.0,0,False
2026-02-24 13:47:30+00:00,,,,,,,,0.7,0.7,,0.0,0,False
2026-02-24 13:48:00+00:00,,,,,,,,0.7,0.7,,2000.0,1,False
2026-02-24 13:48:30+00:00,,,,,,,,0.7,0.7,,0.0,0,False
2026-02-24 13:49:00+00:00,,,,,,,,0.7,0.7,,0.0,0,False
2026-02-24 13:49:30+00:00,,,,,,,,0.7,0.7,,0.0,0,False
2026-02-24 13:50:00+00:00,,,,,,,,0.7,0.7,,0.0,0,False
2026-02-24 13:50:30+00:00,,,,,,,,0.7,0.7,,34.0,1,False
2026-02-24 13:51:00+00:00,,,,,,,,0.7,0.7,,0.0,0,False
2026-02-24 13:51:30+00:00,,,,,,,,0.7,0.7,,0.0,0,False
2026-02-24 13:52:00+00:00,,,,,,,,0.7,0.7,,0.0,0,False
2026-02-24 13:52:30+00:00,,,,,,,,0.7,0.7,,0.0,0,False
2026-02-24 13:53:00+00:00,,,,,,,,0.6999999999999998,0.7,,6.0,1,False
2026-02-24 13:53:30+00:00,,,,,,,,0.6999999999999998,0.7,,6944.0,1,False
2026-02-24 13:54:00+00:00,,,,,,,,0.6999999999999998,0.7,,0.0,0,False
2026-02-24 13:54:30+00:00,,,,,,,,0.6999999999999998,0.7,,0.0,0,False
2026-02-24 13:55:00+00:00,,,,,,,,0.699608938547486,0.7,,179.0,3,False
2026-02-24 13:55:30+00:00,,,,,,,,0.699608938547486,0.7,,0.0,0,False
2026-02-24 13:56:00+00:00,,,,,,,,0.699608938547486,0.7,,0.0,0,False
2026-02-24 13:56:30+00:00,,,,,,,,0.6955378486055777,0.7,,251.0,2,False
2026-02-24 13:57:00+00:00,,,,,,,,0.6955378486055777,0.7,,0.0,0,False
2026-02-24 13:57:30+00:00,,,,,,,,0.6955378486055777,0.7,,0.0,0,False
2026-02-24 13:58:00+00:00,,,,,,,,0.6999999999999998,0.7,,6.0,1,False
2026-02-24 13:58:30+00:00,,,,,,,,0.6999999999999998,0.7,,0.0,0,False
2026-02-24 13:59:00+00:00,,,,,,,,0.6999999999999998,0.7,,0.0,0,False
2026-02-24 13:59:30+00:00,,,,,,,,0.6999999999999998,0.7,,0.0,0,False
2026-02-24 14:00:00+00:00,,,,,,,,0.6999999999999998,0.7,,0.0,0,False
2026-02-24 14:00:30+00:00,,,,,,,,0.7,0.7,,555.0,1,False
2026-02-24 14:01:00+00:00,,,,,,,,0.7,0.7,,11.0,1,False
2026-02-24 14:01:30+00:00,,,,,,,,0.7,0.7,,4.0,1,False
2026-02-24 14:02:00+00:00,,,,,,,,0.7,0.7,,759.0,2,False
2026-02-24 14:02:30+00:00,,,,,,,,0.7,0.7,,279.0,1,False
2026-02-24 14:03:00+00:00,,,,,,,,0.7,0.7,,20.0,1,False
2026-02-24 14:03:30+00:00,,,,,,,,0.69,0.69,,75.0,1,False
2026-02-24 14:04:00+00:00,,,,,,,,0.69,0.69,,0.0,0,False
2026-02-24 14:04:30+00:00,,,,,,,,0.69,0.69,,25.0,1,False
2026-02-24 14:05:00+00:00,,,,,,,,0.69,0.69,,0.0,0,False
2026-02-24 14:05:30+00:00,,,,,,,,0.6999999999999998,0.7,,6.0,1,False
2026-02-24 14:06:00+00:00,,,,,,,,0.6999999999999998,0.7,,0.0,0,False
2026-02-24 14:06:30+00:00,,,,,,,,0.7,0.7,,416.0,1,False
2026-02-24 14:07:00+00:00,,,,,,,,0.7,0.7,,0.0,0,False
2026-02-24 14:07:30+00:00,,,,,,,,0.7,0.7,,0.0,0,False
2026-02-24 14:08:00+00:00,,,,,,,,0.7,0.7,,142.0,2,False
2026-02-24 14:08:30+00:00,,,,,,,,0.7,0.7,,13.0,1,False
2026-02-24 14:09:00+00:00,,,,,,,,0.7,0.7,,4.0,1,False
2026-02-24 14:09:30+00:00,,,,,,,,0.6994887525562371,0.69,,489.0,4,False
2026-02-24 14:10:00+00:00,,,,,,,,0.6994887525562371,0.69,,0.0,0,False
2026-02-24 14:10:30+00:00,,,,,,,,0.6994887525562371,0.69,,0.0,0,False
2026-02-24 14:11:00+00:00,,,,,,,,0.7,0.7,,97.0,1,False
2026-02-24 14:11:30+00:00,,,,,,,,0.7,0.7,,0.0,0,False
2026-02-24 14:12:00+00:00,,,,,,,,0.7,0.7,,0.0,0,False
2026-02-24 14:12:30+00:00,,,,,,,,0.7,0.7,,256.0,1,False
2026-02-24 14:13:00+00:00,,,,,,,,0.7,0.7,,14.0,1,False
2026-02-24 14:13:30+00:00,,,,,,,,0.7,0.7,,0.0,0,False
2026-02-24 14:14:00+00:00,,,,,,,,0.7,0.7,,132.0,1,False
2026-02-24 14:14:30+00:00,,,,,,,,0.7,0.7,,0.0,0,False
2026-02-24 14:15:00+00:00,,,,,,,,0.7,0.7,,0.0,0,False
2026-02-24 14:15:30+00:00,,,,,,,,0.7,0.7,,1.0,1,False
2026-02-24 14:16:00+00:00,,,,,,,,0.6999168975069252,0.69,,361.0,3,False
2026-02-24 14:16:30+00:00,,,,,,,,0.6999168975069252,0.69,,0.0,0,False
2026-02-24 14:17:00+00:00,,,,,,,,0.69,0.69,,3.0,1,False
2026-02-24 14:17:30+00:00,,,,,,,,0.6999999999999998,0.7,,3.0,1,False
2026-02-24 14:18:00+00:00,,,,,,,,0.6999999999999998,0.7,,0.0,0,False
2026-02-24 14:18:30+00:00,,,,,,,,0.6999999999999998,0.7,,0.0,0,False
2026-02-24 14:19:00+00:00,,,,,,,,0.7,0.7,,1.0,1,False
2026-02-24 14:19:30+00:00,,,,,,,,0.7,0.7,,1.0,1,False
2026-02-24 14:20:00+00:00,,,,,,,,0.7,0.7,,0.0,0,False
2026-02-24 14:20:30+00:00,,,,,,,,0.7,0.7,,0.0,0,False
2026-02-24 14:21:00+00:00,,,,,,,,0.69,0.69,,5.0,1,False
2026-02-24 14:21:30+00:00,,,,,,,,0.69,0.69,,0.0,0,False
2026-02-24 14:22:00+00:00,,,,,,,,0.7,0.7,,11.0,1,False
2026-02-24 14:22:30+00:00,,,,,,,,0.7,0.7,,0.0,0,False
2026-02-24 14:23:00+00:00,,,,,,,,0.69,0.69,,3.0,1,False
2026-02-24 14:23:30+00:00,,,,,,,,0.692181818181818,0.7,,55.0,2,False
2026-02-24 14:24:00+00:00,,,,,,,,0.692181818181818,0.7,,0.0,0,False
2026-02-24 14:24:30+00:00,,,,,,,,0.7,0.7,,1.0,1,False
2026-02-24 14:25:00+00:00,,,,,,,,0.7,0.7,,0.0,0,False
2026-02-24 14:25:30+00:00,,,,,,,,0.7,0.7,,0.0,0,False
2026-02-24 14:26:00+00:00,,,,,,,,0.7,0.7,,0.0,0,False
2026-02-24 14:26:30+00:00,,,,,,,,0.7,0.7,,1.0,1,False
2026-02-24 14:27:00+00:00,,,,,,,,0.7,0.7,,0.0,0,False
2026-02-24 14:27:30+00:00,,,,,,,,0.7,0.7,,0.0,0,False
2026-02-24 14:28:00+00:00,,,,,,,,0.7,0.7,,0.0,0,False
2026-02-24 14:28:30+00:00,,,,,,,,0.7,0.7,,0.0,0,False
2026-02-24 14:29:00+00:00,,,,,,,,0.7,0.7,,0.0,0,False
2026-02-24 14:29:30+00:00,,,,,,,,0.7,0.7,,0.0,0,False
2026-02-24 14:30:00+00:00,,,,,,,,0.7,0.7,,0.0,0,False
2026-02-24 14:30:30+00:00,,,,,,,,0.7,0.7,,0.0,0,False
2026-02-24 14:31:00+00:00,,,,,,,,0.7,0.7,,0.0,0,False
2026-02-24 14:31:30+00:00,,,,,,,,0.69,0.69,,15.0,1,False
2026-02-24 14:32:00+00:00,,,,,,,,0.69,0.69,,0.0,0,False
2026-02-24 14:32:30+00:00,,,,,,,,0.69,0.69,,0.0,0,False
2026-02-24 14:33:00+00:00,,,,,,,,0.69,0.69,,15.0,1,False
2026-02-24 14:33:30+00:00,,,,,,,,0.69,0.69,,0.0,0,False
2026-02-24 14:34:00+00:00,,,,,,,,0.7,0.7,,27.0,1,False
2026-02-24 14:34:30+00:00,,,,,,,,0.69,0.69,,3.0,1,False
2026-02-24 14:35:00+00:00,,,,,,,,0.6903314917127072,0.7,,181.0,3,False
2026-02-24 14:35:30+00:00,,,,,,,,0.6903314917127072,0.7,,0.0,0,False
2026-02-24 14:36:00+00:00,,,,,,,,0.7,0.7,,5.0,1,False
2026-02-24 14:36:30+00:00,,,,,,,,0.7,0.7,,20.0,1,False
2026-02-24 14:37:00+00:00,,,,,,,,0.6991240875912409,0.7,,137.0,2,False
2026-02-24 14:37:30+00:00,,,,,,,,0.7,0.7,,71.0,1,False
2026-02-24 14:38:00+00:00,,,,,,,,0.7,0.7,,13.0,1,False
2026-02-24 14:38:30+00:00,,,,,,,,0.69,0.69,,15.0,1,False
2026-02-24 14:39:00+00:00,,,,,,,,0.69,0.69,,3.0,1,False
2026-02-24 14:39:30+00:00,,,,,,,,0.6992682926829268,0.7,,410.0,3,False
2026-02-24 14:40:00+00:00,,,,,,,,0.6995698924731182,0.7,,372.0,3,False
2026-02-24 14:40:30+00:00,,,,,,,,0.69,0.69,,9.0,1,False
2026-02-24 14:41:00+00:00,,,,,,,,0.7000000000000001,0.7,,122.0,2,False
2026-02-24 14:41:30+00:00,,,,,,,,0.7,0.7,,1.0,1,False
2026-02-24 14:42:00+00:00,,,,,,,,0.6909900990099009,0.69,,101.0,2,False
2026-02-24 14:42:30+00:00,,,,,,,,0.69,0.69,,3.0,1,False
2026-02-24 14:43:00+00:00,,,,,,,,0.7,0.7,,34.0,1,False
2026-02-24 14:43:30+00:00,,,,,,,,0.7,0.7,,0.0,0,False
2026-02-24 14:44:00+00:00,,,,,,,,0.69,0.69,,15.0,1,False
2026-02-24 14:44:30+00:00,,,,,,,,0.7,0.7,,706.0,2,False
2026-02-24 14:45:00+00:00,,,,,,,,0.69,0.69,,15.0,1,False
2026-02-24 14:45:30+00:00,,,,,,,,0.69,0.69,,0.0,0,False
2026-02-24 14:46:00+00:00,,,,,,,,0.7,0.7,,20.0,1,False
2026-02-24 14:46:30+00:00,,,,,,,,0.7,0.7,,0.0,0,False
2026-02-24 14:47:00+00:00,,,,,,,,0.7,0.7,,0.0,0,False
2026-02-24 14:47:30+00:00,,,,,,,,0.7,0.7,,0.0,0,False
2026-02-24 14:48:00+00:00,,,,,,,,0.7,0.7,,44.0,1,False
2026-02-24 14:48:30+00:00,,,,,,,,0.7,0.7,,18.0,3,False
2026-02-24 14:49:00+00:00,,,,,,,,0.7,0.7,,0.0,0,False
2026-02-24 14:49:30+00:00,,,,,,,,0.7,0.7,,0.0,0,False
2026-02-24 14:50:00+00:00,,,,,,,,0.7,0.7,,83.0,2,False
2026-02-24 14:50:30+00:00,,,,,,,,0.7,0.7,,0.0,0,False
2026-02-24 14:51:00+00:00,,,,,,,,0.7,0.7,,0.0,0,False
2026-02-24 14:51:30+00:00,,,,,,,,0.7,0.7,,0.0,0,False
2026-02-24 14:52:00+00:00,,,,,,,,0.7,0.7,,4.0,1,False
2026-02-24 14:52:30+00:00,,,,,,,,0.7,0.7,,0.0,0,False
2026-02-24 14:53:00+00:00,,,,,,,,0.6993258426966291,0.69,,89.0,2,False
2026-02-24 14:53:30+00:00,,,,,,,,0.6993258426966291,0.69,,0.0,0,False
2026-02-24 14:54:00+00:00,,,,,,,,0.6993258426966291,0.69,,0.0,0,False
2026-02-24 14:54:30+00:00,,,,,,,,0.6993258426966291,0.69,,0.0,0,False
2026-02-24 14:55:00+00:00,,,,,,,,0.69,0.69,,3.0,1,False
2026-02-24 14:55:30+00:00,,,,,,,,0.6999999999999998,0.7,,6.0,1,False
2026-02-24 14:56:00+00:00,,,,,,,,0.6999999999999998,0.7,,0.0,0,False
2026-02-24 14:56:30+00:00,,,,,,,,0.6999999999999998,0.7,,0.0,0,False
2026-02-24 14:57:00+00:00,,,,,,,,0.7,0.7,,20.0,1,False
2026-02-24 14:57:30+00:00,,,,,,,,0.7,0.7,,0.0,0,False
2026-02-24 14:58:00+00:00,,,,,,,,0.69,0.69,,15.0,1,False
2026-02-24 14:58:30+00:00,,,,,,,,0.69,0.69,,0.0,0,False
2026-02-24 14:59:00+00:00,,,,,,,,0.69,0.69,,0.0,0,False
2026-02-24 14:59:30+00:00,,,,,,,,0.7,0.7,,8.0,2,False
2026-02-24 15:00:00+00:00,,,,,,,,0.6934782608695652,0.7,,23.0,2,False
2026-02-24 15:00:30+00:00,,,,,,,,0.6934782608695652,0.7,,0.0,0,False
2026-02-24 15:01:00+00:00,,,,,,,,0.69,0.69,,44.0,1,False
2026-02-24 15:01:30+00:00,,,,,,,,0.698051948051948,0.69,,77.0,2,False
2026-02-24 15:02:00+00:00,,,,,,,,0.7,0.7,,15.0,1,False
2026-02-24 15:02:30+00:00,,,,,,,,0.7,0.7,,0.0,0,False
2026-02-24 15:03:00+00:00,,,,,,,,0.7,0.7,,0.0,0,False
2026-02-24 15:03:30+00:00,,,,,,,,0.7,0.7,,1.0,1,False
2026-02-24 15:04:00+00:00,,,,,,,,0.7,0.7,,13.0,1,False
2026-02-24 15:04:30+00:00,,,,,,,,0.7,0.7,,0.0,0,False
2026-02-24 15:05:00+00:00,,,,,,,,0.7,0.7,,0.0,0,False
2026-02-24 15:05:30+00:00,,,,,,,,0.7,0.7,,158.0,3,False
2026-02-24 15:06:00+00:00,,,,,,,,0.7,0.7,,0.0,0,False
2026-02-24 15:06:30+00:00,,,,,,,,0.7,0.7,,0.0,0,False
2026-02-24 15:07:00+00:00,,,,,,,,0.7,0.7,,70.0,1,False
2026-02-24 15:07:30+00:00,,,,,,,,0.7,0.7,,74.0,3,False
2026-02-24 15:08:00+00:00,,,,,,,,0.7,0.7,,0.0,0,False
2026-02-24 15:08:30+00:00,,,,,,,,0.7,0.7,,500.0,1,False
2026-02-24 15:09:00+00:00,,,,,,,,0.7,0.7,,0.0,0,False
2026-02-24 15:09:30+00:00,,,,,,,,0.7,0.7,,0.0,0,False
2026-02-24 15:10:00+00:00,,,,,,,,0.7,0.7,,0.0,0,False
2026-02-24 15:10:30+00:00,,,,,,,,0.7,0.7,,34.0,1,False
2026-02-24 15:11:00+00:00,,,,,,,,0.6954999999999999,0.69,,40.0,2,False
2026-02-24 15:11:30+00:00,,,,,,,,0.6954999999999999,0.69,,0.0,0,False
2026-02-24 15:12:00+00:00,,,,,,,,0.7,0.7,,50.0,1,False
2026-02-24 15:12:30+00:00,,,,,,,,0.7,0.7,,0.0,0,False
2026-02-24 15:13:00+00:00,,,,,,,,0.7,0.7,,183.0,3,False
2026-02-24 15:13:30+00:00,,,,,,,,0.7,0.7,,0.0,0,False
2026-02-24 15:14:00+00:00,,,,,,,,0.7,0.7,,34.0,1,False
2026-02-24 15:14:30+00:00,,,,,,,,0.7,0.7,,4.0,1,False
2026-02-24 15:15:00+00:00,,,,,,,,0.6992042440318301,0.69,,377.0,2,False
2026-02-24 15:15:30+00:00,,,,,,,,0.6992042440318301,0.69,,0.0,0,False
2026-02-24 15:16:00+00:00,,,,,,,,0.6992042440318301,0.69,,0.0,0,False
2026-02-24 15:16:30+00:00,,,,,,,,0.7,0.7,,34.0,1,False
2026-02-24 15:17:00+00:00,,,,,,,,0.7,0.7,,2950.0,5,False
2026-02-24 15:17:30+00:00,,,,,,,,0.7,0.7,,0.0,0,False
2026-02-24 15:18:00+00:00,,,,,,,,0.7,0.7,,28.0,1,False
2026-02-24 15:18:30+00:00,,,,,,,,0.7,0.7,,0.0,0,False
2026-02-24 15:19:00+00:00,,,,,,,,0.7,0.7,,15.0,1,False
2026-02-24 15:19:30+00:00,,,,,,,,0.7,0.7,,0.0,0,False
2026-02-24 15:20:00+00:00,,,,,,,,0.7,0.7,,1.0,1,False
2026-02-24 15:20:30+00:00,,,,,,,,0.7,0.7,,0.0,0,False
2026-02-24 15:21:00+00:00,,,,,,,,0.7,0.7,,15.0,1,False
2026-02-24 15:21:30+00:00,,,,,,,,0.7,0.7,,0.0,0,False
2026-02-24 15:22:00+00:00,,,,,,,,0.6925855713533438,0.69,,1899.0,5,False
2026-02-24 15:22:30+00:00,,,,,,,,0.7,0.7,,34.0,1,False
2026-02-24 15:23:00+00:00,,,,,,,,0.7,0.7,,32.0,1,False
2026-02-24 15:23:30+00:00,,,,,,,,0.7,0.7,,93.0,3,False
2026-02-24 15:24:00+00:00,,,,,,,,0.7,0.7,,8.0,1,False
2026-02-24 15:24:30+00:00,,,,,,,,0.7,0.7,,0.0,0,False
2026-02-24 15:25:00+00:00,,,,,,,,0.7,0.7,,27.0,1,False
2026-02-24 15:25:30+00:00,,,,,,,,0.7,0.7,,0.0,0,False
2026-02-24 15:26:00+00:00,,,,,,,,0.7,0.7,,5.0,1,False
2026-02-24 15:26:30+00:00,,,,,,,,0.7,0.7,,0.0,0,False
2026-02-24 15:27:00+00:00,,,,,,,,0.7,0.7,,11.0,2,False
2026-02-24 15:27:30+00:00,,,,,,,,0.7,0.7,,0.0,0,False
2026-02-24 15:28:00+00:00,,,,,,,,0.7,0.7,,11.0,1,False
2026-02-24 15:28:30+00:00,,,,,,,,0.7,0.7,,40.0,1,False
2026-02-24 15:29:00+00:00,,,,,,,,0.6999335548172757,0.69,,301.0,3,False
2026-02-24 15:29:30+00:00,,,,,,,,0.6999335548172757,0.69,,0.0,0,False
2026-02-24 15:30:00+00:00,,,,,,,,0.7,0.7,,1.0,1,False
2026-02-24 15:30:30+00:00,,,,,,,,0.7,0.7,,5.0,1,False
2026-02-24 15:31:00+00:00,,,,,,,,0.7,0.7,,0.0,0,False
2026-02-24 15:31:30+00:00,,,,,,,,0.7,0.7,,850.0,2,False
2026-02-24 15:32:00+00:00,,,,,,,,0.7,0.7,,0.0,0,False
2026-02-24 15:32:30+00:00,,,,,,,,0.7,0.7,,186.0,2,False
2026-02-24 15:33:00+00:00,,,,,,,,0.6924999999999999,0.69,,8.0,2,False
2026-02-24 15:33:30+00:00,,,,,,,,0.6924999999999999,0.69,,0.0,0,False
2026-02-24 15:34:00+00:00,,,,,,,,0.69,0.69,,60.0,1,False
2026-02-24 15:34:30+00:00,,,,,,,,0.69,0.69,,0.0,0,False
2026-02-24 15:35:00+00:00,,,,,,,,0.7,0.7,,1.0,1,False
2026-02-24 15:35:30+00:00,,,,,,,,0.7,0.7,,4.0,1,False
2026-02-24 15:36:00+00:00,,,,,,,,0.7,0.7,,20.0,1,False
2026-02-24 15:36:30+00:00,,,,,,,,0.7,0.7,,0.0,0,False
2026-02-24 15:37:00+00:00,,,,,,,,0.7,0.7,,70.0,2,False
2026-02-24 15:37:30+00:00,,,,,,,,0.7,0.7,,0.0,0,False
2026-02-24 15:38:00+00:00,,,,,,,,0.7,0.7,,0.0,0,False
2026-02-24 15:38:30+00:00,,,,,,,,0.69,0.69,,42.0,2,False
2026-02-24 15:39:00+00:00,,,,,,,,0.7000000000000001,0.7,,1621.0,4,False
2026-02-24 15:39:30+00:00,,,,,,,,0.7000000000000001,0.7,,0.0,0,False
2026-02-24 15:40:00+00:00,,,,,,,,0.7,0.7,,46.0,1,False
2026-02-24 15:40:30+00:00,,,,,,,,0.69,0.69,,11.0,1,False
2026-02-24 15:41:00+00:00,,,,,,,,0.69,0.69,,0.0,0,False
2026-02-24 15:41:30+00:00,,,,,,,,0.69,0.69,,0.0,0,False
2026-02-24 15:42:00+00:00,,,,,,,,0.6999999999999998,0.7,,6.0,1,False
2026-02-24 15:42:30+00:00,,,,,,,,0.6998797595190381,0.69,,998.0,3,False
2026-02-24 15:43:00+00:00,,,,,,,,0.7,0.7,,138.0,1,False
2026-02-24 15:43:30+00:00,,,,,,,,0.7,0.7,,75.0,3,False
2026-02-24 15:44:00+00:00,,,,,,,,0.7,0.7,,0.0,0,False
2026-02-24 15:44:30+00:00,,,,,,,,0.7,0.7,,4.0,1,False
2026-02-24 15:45:00+00:00,,,,,,,,0.7,0.7,,4.0,1,False
2026-02-24 15:45:30+00:00,,,,,,,,0.6999999999999998,0.7,,6.0,1,False
2026-02-24 15:46:00+00:00,,,,,,,,0.6985714285714284,0.69,,7.0,2,False
2026-02-24 15:46:30+00:00,,,,,,,,0.7,0.7,,817.0,1,False
2026-02-24 15:47:00+00:00,,,,,,,,0.7,0.7,,0.0,0,False
2026-02-24 15:47:30+00:00,,,,,,,,0.6989473684210525,0.7,,38.0,2,False
2026-02-24 15:48:00+00:00,,,,,,,,0.6989473684210525,0.7,,0.0,0,False
2026-02-24 15:48:30+00:00,,,,,,,,0.7,0.7,,28.0,1,False
2026-02-24 15:49:00+00:00,,,,,,,,0.7,0.7,,0.0,0,False
2026-02-24 15:49:30+00:00,,,,,,,,0.7,0.7,,0.0,0,False
2026-02-24 15:50:00+00:00,,,,,,,,0.7,0.7,,0.0,0,False
2026-02-24 15:50:30+00:00,,,,,,,,0.695,0.69,,12.0,2,False
2026-02-24 15:51:00+00:00,,,,,,,,0.7,0.7,,13.0,1,False
2026-02-24 15:51:30+00:00,,,,,,,,0.7,0.7,,41.0,1,False
2026-02-24 15:52:00+00:00,,,,,,,,0.7,0.7,,0.0,0,False
2026-02-24 15:52:30+00:00,,,,,,,,0.7,0.7,,2.0,1,False
2026-02-24 15:53:00+00:00,,,,,,,,0.7,0.7,,0.0,0,False
2026-02-24 15:53:30+00:00,,,,,,,,0.7,0.7,,0.0,0,False
2026-02-24 15:54:00+00:00,,,,,,,,0.7,0.7,,20.0,2,False
2026-02-24 15:54:30+00:00,,,,,,,,0.7,0.7,,22.0,2,False
2026-02-24 15:55:00+00:00,,,,,,,,0.7,0.7,,8.0,1,False
2026-02-24 15:55:30+00:00,,,,,,,,0.6987421383647798,0.69,,159.0,2,False
2026-02-24 15:56:00+00:00,,,,,,,,0.7,0.7,,238.0,2,False
2026-02-24 15:56:30+00:00,,,,,,,,0.7,0.7,,0.0,0,False
2026-02-24 15:57:00+00:00,,,,,,,,0.7,0.7,,139.0,1,False
2026-02-24 15:57:30+00:00,,,,,,,,0.7,0.7,,25.0,1,False
2026-02-24 15:58:00+00:00,,,,,,,,0.6903571428571428,0.69,,28.0,3,False
2026-02-24 15:58:30+00:00,,,,,,,,0.7,0.7,,1.0,1,False
2026-02-24 15:59:00+00:00,,,,,,,,0.7,0.7,,0.0,0,False
2026-02-24 15:59:30+00:00,,,,,,,,0.7,0.7,,0.0,0,False
2026-02-24 16:00:00+00:00,,,,,,,,0.7,0.7,,34.0,1,False
2026-02-24 16:00:30+00:00,,,,,,,,0.7,0.7,,1.0,1,False
2026-02-24 16:01:00+00:00,,,,,,,,0.7,0.7,,139.0,1,False
2026-02-24 16:01:30+00:00,,,,,,,,0.7,0.7,,0.0,0,False
2026-02-24 16:02:00+00:00,,,,,,,,0.69,0.69,,61.0,3,False
2026-02-24 16:02:30+00:00,,,,,,,,0.6964285714285714,0.69,,42.0,2,False
2026-02-24 16:03:00+00:00,,,,,,,,0.6964285714285714,0.69,,0.0,0,False
2026-02-24 16:03:30+00:00,,,,,,,,0.7,0.7,,10.0,1,False
2026-02-24 16:04:00+00:00,,,,,,,,0.6919753086419753,0.69,,81.0,4,False
2026-02-24 16:04:30+00:00,,,,,,,,0.6919753086419753,0.69,,0.0,0,False
2026-02-24 16:05:00+00:00,,,,,,,,0.7,0.7,,694.0,1,False
2026-02-24 16:05:30+00:00,,,,,,,,0.69,0.69,,30.0,1,False
2026-02-24 16:06:00+00:00,,,,,,,,0.7,0.7,,20.0,1,False
2026-02-24 16:06:30+00:00,,,,,,,,0.6990000000000001,0.69,,10.0,2,False
2026-02-24 16:07:00+00:00,,,,,,,,0.6999009900990099,0.7,,1010.0,2,False
2026-02-24 16:07:30+00:00,,,,,,,,0.6989285714285713,0.7,,140.0,2,False
2026-02-24 16:08:00+00:00,,,,,,,,0.69,0.69,,30.0,1,False
2026-02-24 16:08:30+00:00,,,,,,,,0.69,0.69,,0.0,0,False
2026-02-24 16:09:00+00:00,,,,,,,,0.6921052631578947,0.7,,76.0,4,False
2026-02-24 16:09:30+00:00,,,,,,,,0.6902597402597401,0.7,,77.0,2,False
2026-02-24 16:10:00+00:00,,,,,,,,0.7,0.7,,1.0,1,False
2026-02-24 16:10:30+00:00,,,,,,,,0.7,0.7,,37.0,2,False
2026-02-24 16:11:00+00:00,,,,,,,,0.7,0.7,,0.0,0,False
2026-02-24 16:11:30+00:00,,,,,,,,0.7,0.7,,0.0,0,False
2026-02-24 16:12:00+00:00,,,,,,,,0.71,0.71,,22.0,2,False
2026-02-24 16:12:30+00:00,,,,,,,,0.71,0.71,,27.0,1,False
2026-02-24 16:13:00+00:00,,,,,,,,0.71,0.71,,0.0,0,False
2026-02-24 16:13:30+00:00,,,,,,,,0.7,0.7,,29.0,1,False
2026-02-24 16:14:00+00:00,,,,,,,,0.7,0.7,,0.0,0,False
2026-02-24 16:14:30+00:00,,,,,,,,0.71,0.71,,103.0,1,False
2026-02-24 16:15:00+00:00,,,,,,,,0.71,0.71,,0.0,0,False
2026-02-24 16:15:30+00:00,,,,,,,,0.69,0.69,,200.0,1,False
2026-02-24 16:16:00+00:00,,,,,,,,0.71,0.71,,34.0,1,False
2026-02-24 16:16:30+00:00,,,,,,,,0.7073214285714284,0.69,,112.0,2,False
2026-02-24 16:17:00+00:00,,,,,,,,0.7073214285714284,0.69,,0.0,0,False
2026-02-24 16:17:30+00:00,,,,,,,,0.69,0.69,,80.0,1,False
2026-02-24 16:18:00+00:00,,,,,,,,0.69,0.69,,0.0,0,False
2026-02-24 16:18:30+00:00,,,,,,,,0.69,0.69,,0.0,0,False
2026-02-24 16:19:00+00:00,,,,,,,,0.69,0.69,,0.0,0,False
2026-02-24 16:19:30+00:00,,,,,,,,0.69,0.69,,22.0,1,False
2026-02-24 16:20:00+00:00,,,,,,,,0.69,0.69,,0.0,0,False
2026-02-24 16:20:30+00:00,,,,,,,,0.71,0.71,,6.0,1,False
2026-02-24 16:21:00+00:00,,,,,,,,0.69,0.69,,16.0,1,False
2026-02-24 16:21:30+00:00,,,,,,,,0.69,0.69,,0.0,0,False
2026-02-24 16:22:00+00:00,,,,,,,,0.6924528301886792,0.71,,106.0,4,False
2026-02-24 16:22:30+00:00,,,,,,,,0.71,0.71,,2.0,1,False
2026-02-24 16:23:00+00:00,,,,,,,,0.71,0.71,,0.0,0,False
2026-02-24 16:23:30+00:00,,,,,,,,0.71,0.71,,0.0,0,False
2026-02-24 16:24:00+00:00,,,,,,,,0.71,0.71,,34.0,2,False
2026-02-24 16:24:30+00:00,,,,,,,,0.7044791666666667,0.69,,96.0,3,False
2026-02-24 16:25:00+00:00,,,,,,,,0.7046428571428571,0.71,,56.0,2,False
2026-02-24 16:25:30+00:00,,,,,,,,0.7046428571428571,0.71,,0.0,0,False
2026-02-24 16:26:00+00:00,,,,,,,,0.7046428571428571,0.71,,0.0,0,False
2026-02-24 16:26:30+00:00,,,,,,,,0.7046428571428571,0.71,,0.0,0,False
2026-02-24 16:27:00+00:00,,,,,,,,0.7046428571428571,0.71,,0.0,0,False
2026-02-24 16:27:30+00:00,,,,,,,,0.6985714285714284,0.7,,7.0,2,False
2026-02-24 16:28:00+00:00,,,,,,,,0.7,0.7,,40.0,3,False
2026-02-24 16:28:30+00:00,,,,,,,,0.6960251046025103,0.7,,239.0,5,False
2026-02-24 16:29:00+00:00,,,,,,,,0.6960251046025103,0.7,,0.0,0,False
2026-02-24 16:29:30+00:00,,,,,,,,0.6960251046025103,0.7,,0.0,0,False
2026-02-24 16:30:00+00:00,,,,,,,,0.6960251046025103,0.7,,0.0,0,False
2026-02-24 16:30:30+00:00,,,,,,,,0.6960251046025103,0.7,,0.0,0,False
2026-02-24 16:31:00+00:00,,,,,,,,0.6973722627737226,0.7,,137.0,5,False
2026-02-24 16:31:30+00:00,,,,,,,,0.6973722627737226,0.7,,0.0,0,False
2026-02-24 16:32:00+00:00,,,,,,,,0.6973722627737226,0.7,,0.0,0,False
2026-02-24 16:32:30+00:00,,,,,,,,0.6986315789473683,0.7,,95.0,6,False
2026-02-24 16:33:00+00:00,,,,,,,,0.7,0.7,,7.0,1,False
2026-02-24 16:33:30+00:00,,,,,,,,0.7,0.7,,29.0,3,False
2026-02-24 16:34:00+00:00,,,,,,,,0.7,0.7,,0.0,0,False
2026-02-24 16:34:30+00:00,,,,,,,,0.6991999999999999,0.69,,75.0,3,False
2026-02-24 16:35:00+00:00,,,,,,,,0.6991999999999999,0.69,,0.0,0,False
2026-02-24 16:35:30+00:00,,,,,,,,0.7,0.7,,98.0,3,False
2026-02-24 16:36:00+00:00,,,,,,,,0.7,0.7,,0.0,0,False
2026-02-24 16:36:30+00:00,,,,,,,,0.7,0.7,,0.0,0,False
2026-02-24 16:37:00+00:00,,,,,,,,0.6999999999999998,0.7,,6.0,1,False
2026-02-24 16:37:30+00:00,,,,,,,,0.7,0.7,,13.0,1,False
2026-02-24 16:38:00+00:00,,,,,,,,0.7,0.7,,0.0,0,False
2026-02-24 16:38:30+00:00,,,,,,,,0.7,0.7,,13.0,1,False
2026-02-24 16:39:00+00:00,,,,,,,,0.7,0.7,,0.0,0,False
2026-02-24 16:39:30+00:00,,,,,,,,0.7092529488859763,0.7,,763.0,7,False
2026-02-24 16:40:00+00:00,,,,,,,,0.7,0.7,,21.0,2,False
2026-02-24 16:40:30+00:00,,,,,,,,0.7,0.7,,0.0,0,False
2026-02-24 16:41:00+00:00,,,,,,,,0.7,0.7,,0.0,0,False
2026-02-24 16:41:30+00:00,,,,,,,,0.7,0.7,,0.0,0,False
2026-02-24 16:42:00+00:00,,,,,,,,0.7,0.7,,4.0,1,False
2026-02-24 16:42:30+00:00,,,,,,,,0.7,0.7,,0.0,0,False
2026-02-24 16:43:00+00:00,,,,,,,,0.7,0.7,,0.0,0,False
2026-02-24 16:43:30+00:00,,,,,,,,0.7,0.7,,0.0,0,False
2026-02-24 16:44:00+00:00,,,,,,,,0.7,0.7,,0.0,0,False
2026-02-24 16:44:30+00:00,,,,,,,,0.69,0.69,,125.0,2,False
2026-02-24 16:45:00+00:00,,,,,,,,0.6999999999999998,0.7,,55.0,2,False
2026-02-24 16:45:30+00:00,,,,,,,,0.69,0.69,,55.0,1,False
2026-02-24 16:46:00+00:00,,,,,,,,0.6998376623376623,0.69,,924.0,4,False
2026-02-24 16:46:30+00:00,,,,,,,,0.7,0.7,,370.0,3,False
2026-02-24 16:47:00+00:00,,,,,,,,0.7,0.7,,0.0,0,False
2026-02-24 16:47:30+00:00,,,,,,,,0.7,0.7,,0.0,0,False
2026-02-24 16:48:00+00:00,,,,,,,,0.7,0.7,,174.0,3,False
2026-02-24 16:48:30+00:00,,,,,,,,0.7,0.7,,0.0,0,False
2026-02-24 16:49:00+00:00,,,,,,,,0.7,0.7,,0.0,0,False
2026-02-24 16:49:30+00:00,,,,,,,,0.7,0.7,,0.0,0,False
2026-02-24 16:50:00+00:00,,,,,,,,0.7,0.7,,11.0,2,False
2026-02-24 16:50:30+00:00,,,,,,,,0.7,0.7,,0.0,0,False
2026-02-24 16:51:00+00:00,,,,,,,,0.71,0.71,,93.0,2,False
2026-02-24 16:51:30+00:00,,,,,,,,0.71,0.71,,34.0,1,False
2026-02-24 16:52:00+00:00,,,,,,,,0.7099999999999999,0.71,,75.0,2,False
2026-02-24 16:52:30+00:00,,,,,,,,0.7099999999999999,0.71,,0.0,0,False
2026-02-24 16:53:00+00:00,,,,,,,,0.7100000000000001,0.71,,13.0,1,False
2026-02-24 16:53:30+00:00,,,,,,,,0.71,0.71,,1.0,1,False
2026-02-24 16:54:00+00:00,,,,,,,,0.71,0.71,,0.0,0,False
2026-02-24 16:54:30+00:00,,,,,,,,0.71,0.71,,0.0,0,False
2026-02-24 16:55:00+00:00,,,,,,,,0.7099999999999999,0.71,,567.0,4,False
2026-02-24 16:55:30+00:00,,,,,,,,0.7099999999999999,0.71,,30.0,1,False
2026-02-24 16:56:00+00:00,,,,,,,,0.7099999999999999,0.71,,0.0,0,False
2026-02-24 16:56:30+00:00,,,,,,,,0.7100000000000001,0.71,,13.0,1,False
2026-02-24 16:57:00+00:00,,,,,,,,0.7100000000000001,0.71,,0.0,0,False
2026-02-24 16:57:30+00:00,,,,,,,,0.69,0.69,,5.0,1,False
2026-02-24 16:58:00+00:00,,,,,,,,0.69,0.69,,3.0,1,False
2026-02-24 16:58:30+00:00,,,,,,,,0.69,0.69,,30.0,1,False
2026-02-24 16:59:00+00:00,,,,,,,,0.6932608695652174,0.71,,92.0,2,False
2026-02-24 16:59:30+00:00,,,,,,,,0.7066666666666667,0.69,,18.0,3,False
2026-02-24 17:00:00+00:00,,,,,,,,0.7066666666666667,0.69,,0.0,0,False
2026-02-24 17:00:30+00:00,,,,,,,,0.7066666666666667,0.69,,0.0,0,False
2026-02-24 17:01:00+00:00,,,,,,,,0.7066666666666667,0.69,,0.0,0,False
2026-02-24 17:01:30+00:00,,,,,,,,0.6901831262262916,0.71,,1529.0,3,False
2026-02-24 17:02:00+00:00,,,,,,,,0.6901831262262916,0.71,,0.0,0,False
2026-02-24 17:02:30+00:00,,,,,,,,0.71,0.71,,68.0,1,False
2026-02-24 17:03:00+00:00,,,,,,,,0.71,0.71,,164.0,3,False
2026-02-24 17:03:30+00:00,,,,,,,,0.7100000000000001,0.71,,44.0,2,False
2026-02-24 17:04:00+00:00,,,,,,,,0.71,0.71,,1104.0,3,False
2026-02-24 17:04:30+00:00,,,,,,,,0.69,0.69,,20.0,1,False
2026-02-24 17:05:00+00:00,,,,,,,,0.69,0.69,,0.0,0,False
2026-02-24 17:05:30+00:00,,,,,,,,0.69,0.69,,3.0,1,False
2026-02-24 17:06:00+00:00,,,,,,,,0.6915873015873016,0.69,,63.0,3,False
2026-02-24 17:06:30+00:00,,,,,,,,0.6915873015873016,0.69,,0.0,0,False
2026-02-24 17:07:00+00:00,,,,,,,,0.6899999999999998,0.69,,23.0,3,False
2026-02-24 17:07:30+00:00,,,,,,,,0.71,0.71,,36.0,1,False
2026-02-24 17:08:00+00:00,,,,,,,,0.71,0.71,,0.0,0,False
2026-02-24 17:08:30+00:00,,,,,,,,0.71,0.71,,0.0,0,False
2026-02-24 17:09:00+00:00,,,,,,,,0.71,0.71,,0.0,0,False
2026-02-24 17:09:30+00:00,,,,,,,,0.71,0.71,,0.0,0,False
2026-02-24 17:10:00+00:00,,,,,,,,0.69,0.69,,1.0,1,False
2026-02-24 17:10:30+00:00,,,,,,,,0.71,0.71,,9.0,1,False
2026-02-24 17:11:00+00:00,,,,,,,,0.71,0.71,,51.0,1,False
2026-02-24 17:11:30+00:00,,,,,,,,0.71,0.71,,207.0,2,False
2026-02-24 17:12:00+00:00,,,,,,,,0.69,0.69,,3.0,1,False
2026-02-24 17:12:30+00:00,,,,,,,,0.69,0.69,,286.0,1,False
2026-02-24 17:13:00+00:00,,,,,,,,0.69,0.69,,29.0,1,False
2026-02-24 17:13:30+00:00,,,,,,,,0.69,0.69,,0.0,0,False
2026-02-24 17:14:00+00:00,,,,,,,,0.69,0.69,,0.0,0,False
2026-02-24 17:14:30+00:00,,,,,,,,0.69,0.69,,0.0,0,False
2026-02-24 17:15:00+00:00,,,,,,,,0.7100000000000001,0.71,,13.0,1,False
2026-02-24 17:15:30+00:00,,,,,,,,0.69,0.69,,6.0,1,False
2026-02-24 17:16:00+00:00,,,,,,,,0.71,0.71,,14.0,2,False
2026-02-24 17:16:30+00:00,,,,,,,,0.71,0.71,,0.0,0,False
2026-02-24 17:17:00+00:00,,,,,,,,0.71,0.71,,27.0,1,False
2026-02-24 17:17:30+00:00,,,,,,,,0.69,0.69,,83.0,1,False
2026-02-24 17:18:00+00:00,,,,,,,,0.69,0.69,,0.0,0,False
2026-02-24 17:18:30+00:00,,,,,,,,0.69,0.69,,0.0,0,False
2026-02-24 17:19:00+00:00,,,,,,,,0.69,0.69,,0.0,0,False
2026-02-24 17:19:30+00:00,,,,,,,,0.6912499999999999,0.71,,16.0,2,False
2026-02-24 17:20:00+00:00,,,,,,,,0.7100000000000001,0.71,,15.0,2,False
2026-02-24 17:20:30+00:00,,,,,,,,0.7100000000000001,0.71,,0.0,0,False
2026-02-24 17:21:00+00:00,,,,,,,,0.7100000000000001,0.71,,0.0,0,False
2026-02-24 17:21:30+00:00,,,,,,,,0.69,0.69,,76.0,1,False
2026-02-24 17:22:00+00:00,,,,,,,,0.7099999999999999,0.71,,604.0,2,False
2026-02-24 17:22:30+00:00,,,,,,,,0.71,0.71,,6.0,1,False
2026-02-24 17:23:00+00:00,,,,,,,,0.71,0.71,,0.0,0,False
2026-02-24 17:23:30+00:00,,,,,,,,0.69,0.69,,6.0,1,False
2026-02-24 17:24:00+00:00,,,,,,,,0.69,0.69,,30.0,1,False
2026-02-24 17:24:30+00:00,,,,,,,,0.71,0.71,,6.0,1,False
2026-02-24 17:25:00+00:00,,,,,,,,0.706076923076923,0.69,,260.0,3,False
2026-02-24 17:25:30+00:00,,,,,,,,0.6994845360824742,0.69,,291.0,2,False
2026-02-24 17:26:00+00:00,,,,,,,,0.71,0.71,,69.0,1,False
2026-02-24 17:26:30+00:00,,,,,,,,0.69,0.69,,15.0,1,False
2026-02-24 17:27:00+00:00,,,,,,,,0.6911320754716982,0.69,,106.0,2,False
2026-02-24 17:27:30+00:00,,,,,,,,0.6911320754716982,0.69,,0.0,0,False
2026-02-24 17:28:00+00:00,,,,,,,,0.71,0.71,,18.0,1,False
2026-02-24 17:28:30+00:00,,,,,,,,0.7,0.7,,34.0,1,False
2026-02-24 17:29:00+00:00,,,,,,,,0.7099999999999999,0.71,,22.0,3,False
2026-02-24 17:29:30+00:00,,,,,,,,0.69,0.69,,3.0,1,False
2026-02-24 17:30:00+00:00,,,,,,,,0.7094285714285715,0.71,,35.0,2,False
2026-02-24 17:30:30+00:00,,,,,,,,0.71,0.71,,5.0,1,False
2026-02-24 17:31:00+00:00,,,,,,,,0.71,0.71,,0.0,0,False
2026-02-24 17:31:30+00:00,,,,,,,,0.71,0.71,,0.0,0,False
2026-02-24 17:32:00+00:00,,,,,,,,0.69,0.69,,92.0,3,False
2026-02-24 17:32:30+00:00,,,,,,,,0.71,0.71,,9.0,1,False
2026-02-24 17:33:00+00:00,,,,,,,,0.71,0.71,,0.0,0,False
2026-02-24 17:33:30+00:00,,,,,,,,0.71,0.71,,0.0,0,False
2026-02-24 17:34:00+00:00,,,,,,,,0.71,0.71,,0.0,0,False
2026-02-24 17:34:30+00:00,,,,,,,,0.71,0.71,,0.0,0,False
2026-02-24 17:35:00+00:00,,,,,,,,0.69,0.69,,52.0,1,False
2026-02-24 17:35:30+00:00,,,,,,,,0.69,0.69,,5.0,1,False
2026-02-24 17:36:00+00:00,,,,,,,,0.69,0.69,,12.0,1,False
2026-02-24 17:36:30+00:00,,,,,,,,0.7096090225563909,0.71,,1330.0,6,False
2026-02-24 17:37:00+00:00,,,,,,,,0.7044827586206897,0.7,,29.0,2,False
2026-02-24 17:37:30+00:00,,,,,,,,0.71,0.71,,20.0,1,False
2026-02-24 17:38:00+00:00,,,,,,,,0.71,0.71,,0.0,0,False
2026-02-24 17:38:30+00:00,,,,,,,,0.71,0.71,,0.0,0,False
2026-02-24 17:39:00+00:00,,,,,,,,0.71,0.71,,0.0,0,False
2026-02-24 17:39:30+00:00,,,,,,,,0.71,0.71,,10.0,2,False
2026-02-24 17:40:00+00:00,,,,,,,,0.6942105263157895,0.71,,38.0,2,False
2026-02-24 17:40:30+00:00,,,,,,,,0.71,0.71,,5.0,1,False
2026-02-24 17:41:00+00:00,,,,,,,,0.69,0.69,,92.0,1,False
2026-02-24 17:41:30+00:00,,,,,,,,0.69,0.69,,0.0,0,False
2026-02-24 17:42:00+00:00,,,,,,,,0.7056962025316456,0.7,,79.0,2,False
2026-02-24 17:42:30+00:00,,,,,,,,0.7056962025316456,0.7,,0.0,0,False
2026-02-24 17:43:00+00:00,,,,,,,,0.6941450777202073,0.71,,193.0,2,False
2026-02-24 17:43:30+00:00,,,,,,,,0.7,0.7,,405.0,3,False
2026-02-24 17:44:00+00:00,,,,,,,,0.71,0.71,,315.0,4,False
2026-02-24 17:44:30+00:00,,,,,,,,0.71,0.71,,0.0,0,False
2026-02-24 17:45:00+00:00,,,,,,,,0.7025443786982248,0.71,,169.0,4,False
2026-02-24 17:45:30+00:00,,,,,,,,0.71,0.71,,1.0,1,False
2026-02-24 17:46:00+00:00,,,,,,,,0.71,0.71,,580.0,2,False
2026-02-24 17:46:30+00:00,,,,,,,,0.7,0.7,,30.0,1,False
2026-02-24 17:47:00+00:00,,,,,,,,0.7096671105193075,0.7,,751.0,4,False
2026-02-24 17:47:30+00:00,,,,,,,,0.7096671105193075,0.7,,0.0,0,False
2026-02-24 17:48:00+00:00,,,,,,,,0.7096671105193075,0.7,,0.0,0,False
2026-02-24 17:48:30+00:00,,,,,,,,0.7038,0.7,,50.0,2,False
2026-02-24 17:49:00+00:00,,,,,,,,0.71,0.71,,23.0,1,False
2026-02-24 17:49:30+00:00,,,,,,,,0.71,0.71,,0.0,0,False
2026-02-24 17:50:00+00:00,,,,,,,,0.71,0.71,,0.0,0,False
2026-02-24 17:50:30+00:00,,,,,,,,0.6999999999999998,0.7,,6.0,1,False
2026-02-24 17:51:00+00:00,,,,,,,,0.6999999999999998,0.7,,0.0,0,False
2026-02-24 17:51:30+00:00,,,,,,,,0.71,0.71,,3424.0,7,False
2026-02-24 17:52:00+00:00,,,,,,,,0.7,0.7,,19.0,1,False
2026-02-24 17:52:30+00:00,,,,,,,,0.71,0.71,,1.0,1,False
2026-02-24 17:53:00+00:00,,,,,,,,0.71,0.71,,0.0,0,False
2026-02-24 17:53:30+00:00,,,,,,,,0.7092105263157895,0.7,,38.0,3,False
2026-02-24 17:54:00+00:00,,,,,,,,0.7092105263157895,0.7,,0.0,0,False
2026-02-24 17:54:30+00:00,,,,,,,,0.71,0.71,,110.0,2,False
2026-02-24 17:55:00+00:00,,,,,,,,0.71,0.71,,0.0,0,False
2026-02-24 17:55:30+00:00,,,,,,,,0.709770395701026,0.7,,4094.0,6,False
2026-02-24 17:56:00+00:00,,,,,,,,0.709770395701026,0.7,,0.0,0,False
2026-02-24 17:56:30+00:00,,,,,,,,0.709770395701026,0.7,,0.0,0,False
2026-02-24 17:57:00+00:00,,,,,,,,0.7071818181818181,0.71,,110.0,4,False
2026-02-24 17:57:30+00:00,,,,,,,,0.71,0.71,,138.0,2,False
2026-02-24 17:58:00+00:00,,,,,,,,0.71,0.71,,0.0,0,False
2026-02-24 17:58:30+00:00,,,,,,,,0.71,0.71,,0.0,0,False
2026-02-24 17:59:00+00:00,,,,,,,,0.71,0.71,,27.0,1,False
2026-02-24 17:59:30+00:00,,,,,,,,0.69,0.69,,2.0,1,False
2026-02-24 18:00:00+00:00,,,,,,,,0.7075983146067415,0.7,,712.0,4,False
2026-02-24 18:00:30+00:00,,,,,,,,0.71,0.71,,6.0,1,False
2026-02-24 18:01:00+00:00,,,,,,,,0.71,0.71,,1.0,1,False
2026-02-24 18:01:30+00:00,,,,,,,,0.7,0.7,,93.0,1,False
2026-02-24 18:02:00+00:00,,,,,,,,0.71,0.71,,1380.0,1,False
2026-02-24 18:02:30+00:00,,,,,,,,0.71,0.71,,59.0,1,False
2026-02-24 18:03:00+00:00,,,,,,,,0.71,0.71,,0.0,0,False
2026-02-24 18:03:30+00:00,,,,,,,,0.71,0.71,,10.0,1,False
2026-02-24 18:04:00+00:00,,,,,,,,0.71,0.71,,68.0,1,False
2026-02-24 18:04:30+00:00,,,,,,,,0.71,0.71,,2.0,1,False
2026-02-24 18:05:00+00:00,,,,,,,,0.71,0.71,,0.0,0,False
2026-02-24 18:05:30+00:00,,,,,,,,0.703404255319149,0.71,,47.0,3,False
2026-02-24 18:06:00+00:00,,,,,,,,0.71,0.71,,1.0,1,False
2026-02-24 18:06:30+00:00,,,,,,,,0.71,0.71,,0.0,0,False
2026-02-24 18:07:00+00:00,,,,,,,,0.71,0.71,,0.0,0,False
2026-02-24 18:07:30+00:00,,,,,,,,0.7,0.7,,30.0,1,False
2026-02-24 18:08:00+00:00,,,,,,,,0.7,0.7,,0.0,0,False
2026-02-24 18:08:30+00:00,,,,,,,,0.7100000000000001,0.71,,13.0,1,False
2026-02-24 18:09:00+00:00,,,,,,,,0.71,0.71,,34.0,1,False
2026-02-24 18:09:30+00:00,,,,,,,,0.7002127659574467,0.7,,94.0,2,False
2026-02-24 18:10:00+00:00,,,,,,,,0.71,0.71,,3.0,1,False
2026-02-24 18:10:30+00:00,,,,,,,,0.7,0.7,,22.0,1,False
2026-02-24 18:11:00+00:00,,,,,,,,0.7099182561307903,0.7,,367.0,2,False
2026-02-24 18:11:30+00:00,,,,,,,,0.71,0.71,,25.0,1,False
2026-02-24 18:12:00+00:00,,,,,,,,0.71,0.71,,40.0,1,False
2026-02-24 18:12:30+00:00,,,,,,,,0.71,0.71,,0.0,0,False
2026-02-24 18:13:00+00:00,,,,,,,,0.71,0.71,,33.0,2,False
2026-02-24 18:13:30+00:00,,,,,,,,0.71,0.71,,342.0,1,False
2026-02-24 18:14:00+00:00,,,,,,,,0.7,0.7,,15.0,1,False
2026-02-24 18:14:30+00:00,,,,,,,,0.7,0.7,,0.0,0,False
2026-02-24 18:15:00+00:00,,,,,,,,0.71,0.71,,85.0,1,False
2026-02-24 18:15:30+00:00,,,,,,,,0.6925842696629213,0.69,,89.0,3,False
2026-02-24 18:16:00+00:00,,,,,,,,0.7099999999999999,0.71,,74.0,3,False
2026-02-24 18:16:30+00:00,,,,,,,,0.71,0.71,,27.0,1,False
2026-02-24 18:17:00+00:00,,,,,,,,0.71,0.71,,0.0,0,False
2026-02-24 18:17:30+00:00,,,,,,,,0.71,0.71,,76.0,3,False
2026-02-24 18:18:00+00:00,,,,,,,,0.6923837209302326,0.69,,688.0,2,False
2026-02-24 18:18:30+00:00,,,,,,,,0.7092941176470587,0.71,,425.0,2,False
2026-02-24 18:19:00+00:00,,,,,,,,0.71,0.71,,345.0,1,False
2026-02-24 18:19:30+00:00,,,,,,,,0.71,0.71,,1.0,1,False
2026-02-24 18:20:00+00:00,,,,,,,,0.71,0.71,,3439.0,2,False
2026-02-24 18:20:30+00:00,,,,,,,,0.71,0.71,,0.0,0,False
2026-02-24 18:21:00+00:00,,,,,,,,0.71,0.71,,0.0,0,False
2026-02-24 18:21:30+00:00,,,,,,,,0.6999999999999998,0.7,,96.0,2,False
2026-02-24 18:22:00+00:00,,,,,,,,0.6999999999999998,0.7,,0.0,0,False
2026-02-24 18:22:30+00:00,,,,,,,,0.6999999999999998,0.7,,0.0,0,False
2026-02-24 18:23:00+00:00,,,,,,,,0.6983486238532111,0.7,,109.0,3,False
2026-02-24 18:23:30+00:00,,,,,,,,0.7,0.7,,138.0,1,False
2026-02-24 18:24:00+00:00,,,,,,,,0.6924999999999999,0.69,,8.0,2,False
2026-02-24 18:24:30+00:00,,,,,,,,0.7,0.7,,13.0,1,False
2026-02-24 18:25:00+00:00,,,,,,,,0.7,0.7,,62.0,1,False
2026-02-24 18:25:30+00:00,,,,,,,,0.7,0.7,,27.0,1,False
2026-02-24 18:26:00+00:00,,,,,,,,0.7,0.7,,14.0,1,False
2026-02-24 18:26:30+00:00,,,,,,,,0.7,0.7,,13.0,1,False
2026-02-24 18:27:00+00:00,,,,,,,,0.7,0.7,,38.0,1,False
2026-02-24 18:27:30+00:00,,,,,,,,0.7,0.7,,10.0,1,False
2026-02-24 18:28:00+00:00,,,,,,,,0.7,0.7,,13.0,1,False
2026-02-24 18:28:30+00:00,,,,,,,,0.7,0.7,,34.0,1,False
2026-02-24 18:29:00+00:00,,,,,,,,0.7,0.7,,0.0,0,False
2026-02-24 18:29:30+00:00,,,,,,,,0.7,0.7,,0.0,0,False
2026-02-24 18:30:00+00:00,,,,,,,,0.7,0.7,,0.0,0,False
2026-02-24 18:30:30+00:00,,,,,,,,0.7,0.7,,4.0,1,False
2026-02-24 18:31:00+00:00,,,,,,,,0.7,0.7,,347.0,1,False
2026-02-24 18:31:30+00:00,,,,,,,,0.7,0.7,,69.0,1,False
2026-02-24 18:32:00+00:00,,,,,,,,0.7,0.7,,0.0,0,False
2026-02-24 18:32:30+00:00,,,,,,,,0.7,0.7,,0.0,0,False
2026-02-24 18:33:00+00:00,,,,,,,,0.7,0.7,,0.0,0,False
2026-02-24 18:33:30+00:00,,,,,,,,0.7,0.7,,0.0,0,False
2026-02-24 18:34:00+00:00,,,,,,,,0.7,0.7,,20.0,1,False
2026-02-24 18:34:30+00:00,,,,,,,,0.7,0.7,,0.0,0,False
2026-02-24 18:35:00+00:00,,,,,,,,0.7,0.7,,0.0,0,False
2026-02-24 18:35:30+00:00,,,,,,,,0.7,0.7,,0.0,0,False
2026-02-24 18:36:00+00:00,,,,,,,,0.7,0.7,,249.0,2,False
2026-02-24 18:36:30+00:00,,,,,,,,0.69,0.69,,3.0,1,False
2026-02-24 18:37:00+00:00,,,,,,,,0.69,0.69,,0.0,0,False
2026-02-24 18:37:30+00:00,,,,,,,,0.69,0.69,,0.0,0,False
2026-02-24 18:38:00+00:00,,,,,,,,0.69,0.69,,342.0,2,False
2026-02-24 18:38:30+00:00,,,,,,,,0.69,0.69,,0.0,0,False
2026-02-24 18:39:00+00:00,,,,,,,,0.7,0.7,,13.0,1,False
2026-02-24 18:39:30+00:00,,,,,,,,0.6999954379562043,0.69,,2192.0,2,False
2026-02-24 18:40:00+00:00,,,,,,,,0.7,0.7,,80.0,2,False
2026-02-24 18:40:30+00:00,,,,,,,,0.69,0.69,,929.0,11,False
2026-02-24 18:41:00+00:00,,,,,,,,0.6791640253186375,0.65,,104429.0,77,False
2026-02-24 18:41:30+00:00,,,,,,,,0.6558875219683655,0.65,,1138.0,13,False
2026-02-24 18:42:00+00:00,,,,,,,,0.6499466382070438,0.65,,937.0,7,False
2026-02-24 18:42:30+00:00,,,,,,,,0.6346989374262102,0.63,,847.0,10,False
2026-02-24 18:43:00+00:00,,,,,,,,0.6360852713178294,0.63,,258.0,6,False
2026-02-24 18:43:30+00:00,,,,,,,,0.6464935064935066,0.64,,1155.0,5,False
2026-02-24 18:44:00+00:00,,,,,,,,0.64,0.64,,178.0,6,False
2026-02-24 18:44:30+00:00,,,,,,,,0.6345726495726496,0.64,,702.0,11,False
2026-02-24 18:45:00+00:00,,,,,,,,0.6421342925659473,0.64,,417.0,7,False
2026-02-24 18:45:30+00:00,,,,,,,,0.65,0.65,,68.0,5,False
2026-02-24 18:46:00+00:00,,,,,,,,0.65,0.65,,579.0,1,False
2026-02-24 18:46:30+00:00,,,,,,,,0.6471428571428571,0.65,,91.0,3,False
2026-02-24 18:47:00+00:00,,,,,,,,0.64,0.64,,105.0,1,False
2026-02-24 18:47:30+00:00,,,,,,,,0.65,0.65,,135.0,2,False
2026-02-24 18:48:00+00:00,,,,,,,,0.64,0.64,,146.0,3,False
2026-02-24 18:48:30+00:00,,,,,,,,0.6495744680851064,0.64,,47.0,3,False
2026-02-24 18:49:00+00:00,,,,,,,,0.6403571428571428,0.65,,28.0,2,False
2026-02-24 18:49:30+00:00,,,,,,,,0.65,0.65,,24.0,3,False
2026-02-24 18:50:00+00:00,,,,,,,,0.6476712328767124,0.64,,146.0,7,False
2026-02-24 18:50:30+00:00,,,,,,,,0.6476712328767124,0.64,,0.0,0,False
2026-02-24 18:51:00+00:00,,,,,,,,0.65,0.65,,12.0,1,False
2026-02-24 18:51:30+00:00,,,,,,,,0.6483076923076924,0.65,,260.0,6,False
2026-02-24 18:52:00+00:00,,,,,,,,0.6483076923076924,0.65,,0.0,0,False
2026-02-24 18:52:30+00:00,,,,,,,,0.65,0.65,,7.0,1,False
2026-02-24 18:53:00+00:00,,,,,,,,0.65,0.65,,494.0,4,False
2026-02-24 18:53:30+00:00,,,,,,,,0.6407491289198608,0.65,,574.0,3,False
2026-02-24 18:54:00+00:00,,,,,,,,0.6402573529411765,0.65,,272.0,3,False
2026-02-24 18:54:30+00:00,,,,,,,,0.65,0.65,,120.0,5,False
2026-02-24 18:55:00+00:00,,,,,,,,0.65,0.65,,179.0,2,False
2026-02-24 18:55:30+00:00,,,,,,,,0.65,0.65,,5.0,2,False
2026-02-24 18:56:00+00:00,,,,,,,,0.6499999999999999,0.65,,26279.0,6,False
2026-02-24 18:56:30+00:00,,,,,,,,0.6499999999999999,0.65,,0.0,0,False
2026-02-24 18:57:00+00:00,,,,,,,,0.6400460122699385,0.65,,1956.0,6,False
2026-02-24 18:57:30+00:00,,,,,,,,0.6500869565217391,0.65,,115.0,5,False
2026-02-24 18:58:00+00:00,,,,,,,,0.65,0.65,,273.0,1,False
2026-02-24 18:58:30+00:00,,,,,,,,0.65,0.65,,105.0,2,False
2026-02-24 18:59:00+00:00,,,,,,,,0.65,0.65,,2.0,1,False
2026-02-24 18:59:30+00:00,,,,,,,,0.66,0.66,,14.0,1,False
2026-02-24 19:00:00+00:00,,,,,,,,0.66,0.66,,370.0,2,False
2026-02-24 19:00:30+00:00,,,,,,,,0.66,0.66,,243.0,2,False
2026-02-24 19:01:00+00:00,,,,,,,,0.6594230769230769,0.66,,260.0,7,False
2026-02-24 19:01:30+00:00,,,,,,,,0.6500917431192662,0.65,,545.0,3,False
2026-02-24 19:02:00+00:00,,,,,,,,0.6500917431192662,0.65,,0.0,0,False
2026-02-24 19:02:30+00:00,,,,,,,,0.65,0.65,,8.0,1,False
2026-02-24 19:03:00+00:00,,,,,,,,0.66,0.66,,64.0,1,False
2026-02-24 19:03:30+00:00,,,,,,,,0.6597864768683271,0.6599999999999999,,2529.0,6,False
2026-02-24 19:04:00+00:00,,,,,,,,0.6597864768683271,0.6599999999999999,,0.0,0,False
2026-02-24 19:04:30+00:00,,,,,,,,0.6597864768683271,0.6599999999999999,,0.0,0,False
2026-02-24 19:05:00+00:00,,,,,,,,0.6600000000000001,0.66,,520.0,3,False
2026-02-24 19:05:30+00:00,,,,,,,,0.6600000000000001,0.66,,0.0,0,False
2026-02-24 19:06:00+00:00,,,,,,,,0.66,0.6599999999999999,,117.0,3,False
2026-02-24 19:06:30+00:00,,,,,,,,0.66,0.66,,25.0,3,False
2026-02-24 19:07:00+00:00,,,,,,,,0.66,0.66,,174.0,2,False
2026-02-24 19:07:30+00:00,,,,,,,,0.6600000000000001,0.66,,69.0,2,False
2026-02-24 19:08:00+00:00,,,,,,,,0.6635205479452055,0.66,,730.0,2,False
2026-02-24 19:08:30+00:00,,,,,,,,0.6599999999999999,0.6599999999999999,,229.0,1,False
2026-02-24 19:09:00+00:00,,,,,,,,0.6601645123384253,0.66,,851.0,4,False
2026-02-24 19:09:30+00:00,,,,,,,,0.6694716242661449,0.67,,1533.0,6,False
2026-02-24 19:10:00+00:00,,,,,,,,0.6699999999999999,0.6699999999999999,,155.0,2,False
2026-02-24 19:10:30+00:00,,,,,,,,0.6699999999999998,0.6699999999999999,,54.0,1,False
2026-02-24 19:11:00+00:00,,,,,,,,0.6699999999999998,0.6699999999999999,,0.0,0,False
2026-02-24 19:11:30+00:00,,,,,,,,0.6612044817927171,0.6599999999999999,,357.0,3,False
2026-02-24 19:12:00+00:00,,,,,,,,0.6612044817927171,0.6599999999999999,,0.0,0,False
2026-02-24 19:12:30+00:00,,,,,,,,0.67,0.67,,1.0,1,False
2026-02-24 19:13:00+00:00,,,,,,,,0.666770538243626,0.6599999999999999,,353.0,3,False
2026-02-24 19:13:30+00:00,,,,,,,,0.67,0.67,,21.0,1,False
2026-02-24 19:14:00+00:00,,,,,,,,0.660923772609819,0.6599999999999999,,1548.0,3,False
2026-02-24 19:14:30+00:00,,,,,,,,0.67,0.67,,74.0,2,False
2026-02-24 19:15:00+00:00,,,,,,,,0.67,0.67,,72.0,1,False
2026-02-24 19:15:30+00:00,,,,,,,,0.67,0.67,,21.0,2,False
2026-02-24 19:16:00+00:00,,,,,,,,0.67,0.67,,979.0,3,False
2026-02-24 19:16:30+00:00,,,,,,,,0.67,0.67,,344.0,5,False
2026-02-24 19:17:00+00:00,,,,,,,,0.67,0.67,,0.0,0,False
2026-02-24 19:17:30+00:00,,,,,,,,0.67,0.67,,0.0,0,False
2026-02-24 19:18:00+00:00,,,,,,,,0.67,0.67,,47.0,3,False
2026-02-24 19:18:30+00:00,,,,,,,,0.67,0.67,,0.0,0,False
2026-02-24 19:19:00+00:00,,,,,,,,0.6657303370786518,0.66,,89.0,3,False
2026-02-24 19:19:30+00:00,,,,,,,,0.66,0.66,,125.0,1,False
2026-02-24 19:20:00+00:00,,,,,,,,0.66,0.66,,0.0,0,False
2026-02-24 19:20:30+00:00,,,,,,,,0.66,0.66,,0.0,0,False
2026-02-24 19:21:00+00:00,,,,,,,,0.66,0.66,,46.0,2,False
2026-02-24 19:21:30+00:00,,,,,,,,0.66,0.6599999999999999,,41.0,2,False
2026-02-24 19:22:00+00:00,,,,,,,,0.66,0.66,,5.0,1,False
2026-02-24 19:22:30+00:00,,,,,,,,0.66,0.66,,100.0,1,False
2026-02-24 19:23:00+00:00,,,,,,,,0.66,0.66,,9.0,1,False
2026-02-24 19:23:30+00:00,,,,,,,,0.66,0.66,,14.0,2,False
2026-02-24 19:24:00+00:00,,,,,,,,0.653411214953271,0.65,,214.0,4,False
2026-02-24 19:24:30+00:00,,,,,,,,0.6599999999999999,0.66,,78.0,5,False
2026-02-24 19:25:00+00:00,,,,,,,,0.6599999999999999,0.66,,153.0,4,False
2026-02-24 19:25:30+00:00,,,,,,,,0.6599999999999999,0.6599999999999999,,69.0,1,False
2026-02-24 19:26:00+00:00,,,,,,,,0.66,0.66,,14.0,1,False
2026-02-24 19:26:30+00:00,,,,,,,,0.6672413793103449,0.67,,58.0,2,False
2026-02-24 19:27:00+00:00,,,,,,,,0.666578947368421,0.67,,38.0,2,False
2026-02-24 19:27:30+00:00,,,,,,,,0.666578947368421,0.67,,0.0,0,False
2026-02-24 19:28:00+00:00,,,,,,,,0.6663888888888888,0.6599999999999999,,36.0,2,False
2026-02-24 19:28:30+00:00,,,,,,,,0.6663888888888888,0.6599999999999999,,0.0,0,False
2026-02-24 19:29:00+00:00,,,,,,,,0.6636734693877551,0.6599999999999999,,98.0,3,False
2026-02-24 19:29:30+00:00,,,,,,,,0.6599999999999999,0.6599999999999999,,135.0,1,False
2026-02-24 19:30:00+00:00,,,,,,,,0.667,0.67,,10.0,2,False
2026-02-24 19:30:30+00:00,,,,,,,,0.6599999999999999,0.6599999999999999,,3.0,1,False
2026-02-24 19:31:00+00:00,,,,,,,,0.6599999999999999,0.6599999999999999,,0.0,0,False
2026-02-24 19:31:30+00:00,,,,,,,,0.6639130434782609,0.67,,92.0,2,False
2026-02-24 19:32:00+00:00,,,,,,,,0.67,0.67,,108.0,2,False
2026-02-24 19:32:30+00:00,,,,,,,,0.6599999999999999,0.6599999999999999,,3.0,1,False
2026-02-24 19:33:00+00:00,,,,,,,,0.6644736842105263,0.67,,76.0,3,False
2026-02-24 19:33:30+00:00,,,,,,,,0.6599999999999999,0.6599999999999999,,28.0,1,False
2026-02-24 19:34:00+00:00,,,,,,,,0.6599999999999999,0.6599999999999999,,5.0,1,False
2026-02-24 19:34:30+00:00,,,,,,,,0.6599999999999999,0.6599999999999999,,724.0,2,False
2026-02-24 19:35:00+00:00,,,,,,,,0.6599999999999999,0.6599999999999999,,2.0,1,False
2026-02-24 19:35:30+00:00,,,,,,,,0.67,0.67,,3.0,1,False
2026-02-24 19:36:00+00:00,,,,,,,,0.67,0.67,,0.0,0,False
2026-02-24 19:36:30+00:00,,,,,,,,0.6616666666666666,0.6599999999999999,,6.0,2,False
2026-02-24 19:37:00+00:00,,,,,,,,0.6700000000000002,0.67,,106.0,3,False
2026-02-24 19:37:30+00:00,,,,,,,,0.6680769230769231,0.67,,26.0,3,False
2026-02-24 19:38:00+00:00,,,,,,,,0.6683696682464456,0.6599999999999999,,1055.0,6,False
2026-02-24 19:38:30+00:00,,,,,,,,0.67,0.6699999999999999,,110.0,3,False
2026-02-24 19:39:00+00:00,,,,,,,,0.67,0.67,,1.0,1,False
2026-02-24 19:39:30+00:00,,,,,,,,0.6699130434782609,0.67,,575.0,5,False
2026-02-24 19:40:00+00:00,,,,,,,,0.6699130434782609,0.67,,0.0,0,False
2026-02-24 19:40:30+00:00,,,,,,,,0.6699130434782609,0.67,,0.0,0,False
2026-02-24 19:41:00+00:00,,,,,,,,0.67,0.67,,225.0,4,False
2026-02-24 19:41:30+00:00,,,,,,,,0.67,0.67,,149.0,2,False
2026-02-24 19:42:00+00:00,,,,,,,,0.67,0.67,,56.0,2,False
2026-02-24 19:42:30+00:00,,,,,,,,0.66986013986014,0.67,,572.0,7,False
2026-02-24 19:43:00+00:00,,,,,,,,0.66986013986014,0.67,,0.0,0,False
2026-02-24 19:43:30+00:00,,,,,,,,0.6620588235294117,0.6599999999999999,,34.0,2,False
2026-02-24 19:44:00+00:00,,,,,,,,0.6688636363636363,0.6599999999999999,,132.0,5,False
2026-02-24 19:44:30+00:00,,,,,,,,0.67,0.67,,445.0,3,False
2026-02-24 19:45:00+00:00,,,,,,,,0.6599999999999999,0.6599999999999999,,11.0,1,False
2026-02-24 19:45:30+00:00,,,,,,,,0.6646982758620689,0.67,,232.0,4,False
2026-02-24 19:46:00+00:00,,,,,,,,0.67,0.67,,72.0,1,False
2026-02-24 19:46:30+00:00,,,,,,,,0.6616666666666666,0.6599999999999999,,6.0,2,False
2026-02-24 19:47:00+00:00,,,,,,,,0.6691935483870969,0.67,,186.0,3,False
2026-02-24 19:47:30+00:00,,,,,,,,0.6599999999999999,0.6599999999999999,,2.0,1,False
2026-02-24 19:48:00+00:00,,,,,,,,0.6599999999999999,0.6599999999999999,,0.0,0,False
2026-02-24 19:48:30+00:00,,,,,,,,0.67,0.67,,63.0,2,False
2026-02-24 19:49:00+00:00,,,,,,,,0.6599999999999999,0.6599999999999999,,29.0,2,False
2026-02-24 19:49:30+00:00,,,,,,,,0.6599999999999999,0.6599999999999999,,0.0,0,False
2026-02-24 19:50:00+00:00,,,,,,,,0.6602492211838006,0.67,,321.0,2,False
2026-02-24 19:50:30+00:00,,,,,,,,0.67,0.67,,59.0,2,False
2026-02-24 19:51:00+00:00,,,,,,,,0.6635514018691588,0.6599999999999999,,107.0,3,False
2026-02-24 19:51:30+00:00,,,,,,,,0.6635514018691588,0.6599999999999999,,0.0,0,False
2026-02-24 19:52:00+00:00,,,,,,,,0.6698539751216873,0.6599999999999999,,1849.0,2,False
2026-02-24 19:52:30+00:00,,,,,,,,0.6599999999999999,0.6599999999999999,,61.0,1,False
2026-02-24 19:53:00+00:00,,,,,,,,0.67,0.67,,59.0,4,False
2026-02-24 19:53:30+00:00,,,,,,,,0.6601408450704225,0.6599999999999999,,71.0,2,False
2026-02-24 19:54:00+00:00,,,,,,,,0.67,0.67,,1.0,1,False
2026-02-24 19:54:30+00:00,,,,,,,,0.67,0.67,,0.0,0,False
2026-02-24 19:55:00+00:00,,,,,,,,0.67,0.67,,26.0,2,False
2026-02-24 19:55:30+00:00,,,,,,,,0.6653191489361703,0.67,,564.0,3,False
2026-02-24 19:56:00+00:00,,,,,,,,0.6700000000000002,0.67,,7251.0,2,False
2026-02-24 19:56:30+00:00,,,,,,,,0.67,0.67,,12.0,2,False
2026-02-24 19:57:00+00:00,,,,,,,,0.6649397590361444,0.6599999999999999,,166.0,3,False
2026-02-24 19:57:30+00:00,,,,,,,,0.67,0.67,,700.0,4,False
2026-02-24 19:58:00+00:00,,,,,,,,0.67,0.67,,36.0,2,False
2026-02-24 19:58:30+00:00,,,,,,,,0.67,0.67,,1.0,1,False
2026-02-24 19:59:00+00:00,,,,,,,,0.67,0.67,,21.0,2,False
2026-02-24 19:59:30+00:00,,,,,,,,0.67,0.67,,7.0,1,False
2026-02-24 20:00:00+00:00,,,,,,,,0.66,0.66,,1.0,1,False
2026-02-24 20:00:30+00:00,,,,,,,,0.67,0.67,,302.0,1,False
2026-02-24 20:01:00+00:00,,,,,,,,0.67,0.67,,93.0,1,False
2026-02-24 20:01:30+00:00,,,,,,,,0.67,0.67,,25.0,1,False
2026-02-24 20:02:00+00:00,,,,,,,,0.67,0.67,,0.0,0,False
2026-02-24 20:02:30+00:00,,,,,,,,0.67,0.67,,14.0,1,False
2026-02-24 20:03:00+00:00,,,,,,,,0.67,0.67,,58.0,1,False
2026-02-24 20:03:30+00:00,,,,,,,,0.67,0.67,,0.0,0,False
2026-02-24 20:04:00+00:00,,,,,,,,0.67,0.67,,13.0,1,False
2026-02-24 20:04:30+00:00,,,,,,,,0.67,0.67,,0.0,0,False
2026-02-24 20:05:00+00:00,,,,,,,,0.67,0.67,,57.0,1,False
2026-02-24 20:05:30+00:00,,,,,,,,0.67,0.67,,0.0,0,False
2026-02-24 20:06:00+00:00,,,,,,,,0.67,0.67,,14.0,1,False
2026-02-24 20:06:30+00:00,,,,,,,,0.67,0.67,,16.0,1,False
2026-02-24 20:07:00+00:00,,,,,,,,0.67,0.67,,29.0,1,False
2026-02-24 20:07:30+00:00,,,,,,,,0.67,0.67,,249.0,2,False
2026-02-24 20:08:00+00:00,,,,,,,,0.67,0.67,,0.0,0,False
2026-02-24 20:08:30+00:00,,,,,,,,0.6699999999999999,0.67,,45.0,2,False
2026-02-24 20:09:00+00:00,,,,,,,,0.6680821917808218,0.67,,73.0,3,False
2026-02-24 20:09:30+00:00,,,,,,,,0.6599999999999999,0.6599999999999999,,271.0,2,False
2026-02-24 20:10:00+00:00,,,,,,,,0.6608235294117646,0.67,,85.0,2,False
2026-02-24 20:10:30+00:00,,,,,,,,0.6693170731707317,0.67,,205.0,4,False
2026-02-24 20:11:00+00:00,,,,,,,,0.6693170731707317,0.67,,0.0,0,False
2026-02-24 20:11:30+00:00,,,,,,,,0.6693170731707317,0.67,,0.0,0,False
2026-02-24 20:12:00+00:00,,,,,,,,0.6599999999999999,0.6599999999999999,,1.0,1,False
2026-02-24 20:12:30+00:00,,,,,,,,0.6688286334056399,0.67,,461.0,4,False
2026-02-24 20:13:00+00:00,,,,,,,,0.67,0.67,,37.0,2,False
2026-02-24 20:13:30+00:00,,,,,,,,0.67,0.67,,0.0,0,False
2026-02-24 20:14:00+00:00,,,,,,,,0.67,0.67,,0.0,0,False
2026-02-24 20:14:30+00:00,,,,,,,,0.67,0.67,,4.0,1,False
2026-02-24 20:15:00+00:00,,,,,,,,0.67,0.67,,0.0,0,False
2026-02-24 20:15:30+00:00,,,,,,,,0.6672,0.6599999999999999,,50.0,2,False
2026-02-24 20:16:00+00:00,,,,,,,,0.6599999999999999,0.6599999999999999,,42.0,2,False
2026-02-24 20:16:30+00:00,,,,,,,,0.67,0.67,,301.0,2,False
2026-02-24 20:17:00+00:00,,,,,,,,0.67,0.67,,275.0,3,False
2026-02-24 20:17:30+00:00,,,,,,,,0.6599999999999999,0.6599999999999999,,13.0,1,False
2026-02-24 20:18:00+00:00,,,,,,,,0.67,0.67,,58.0,1,False
2026-02-24 20:18:30+00:00,,,,,,,,0.67,0.67,,94.0,1,False
2026-02-24 20:19:00+00:00,,,,,,,,0.67,0.67,,0.0,0,False
2026-02-24 20:19:30+00:00,,,,,,,,0.6699999999999999,0.67,,305.0,2,False
2026-02-24 20:20:00+00:00,,,,,,,,0.669171974522293,0.6599999999999999,,157.0,2,False
2026-02-24 20:20:30+00:00,,,,,,,,0.669171974522293,0.6599999999999999,,0.0,0,False
2026-02-24 20:21:00+00:00,,,,,,,,0.67,0.67,,7.0,1,False
2026-02-24 20:21:30+00:00,,,,,,,,0.6654117647058823,0.6699999999999999,,170.0,2,False
2026-02-24 20:22:00+00:00,,,,,,,,0.6599999999999999,0.6599999999999999,,138.0,1,False
2026-02-24 20:22:30+00:00,,,,,,,,0.6667939814814815,0.67,,864.0,3,False
2026-02-24 20:23:00+00:00,,,,,,,,0.6690849673202613,0.67,,153.0,4,False
2026-02-24 20:23:30+00:00,,,,,,,,0.6673684210526316,0.67,,19.0,2,False
2026-02-24 20:24:00+00:00,,,,,,,,0.67,0.67,,36.0,1,False
2026-02-24 20:24:30+00:00,,,,,,,,0.67,0.67,,14.0,1,False
2026-02-24 20:25:00+00:00,,,,,,,,0.67,0.67,,71.0,1,False
2026-02-24 20:25:30+00:00,,,,,,,,0.6602777777777777,0.67,,72.0,2,False
2026-02-24 20:26:00+00:00,,,,,,,,0.67,0.67,,47.0,3,False
2026-02-24 20:26:30+00:00,,,,,,,,0.6599999999999999,0.6599999999999999,,2.0,2,False
2026-02-24 20:27:00+00:00,,,,,,,,0.67,0.67,,36.0,1,False
2026-02-24 20:27:30+00:00,,,,,,,,0.67,0.67,,7.0,1,False
2026-02-24 20:28:00+00:00,,,,,,,,0.6616161616161617,0.67,,99.0,3,False
2026-02-24 20:28:30+00:00,,,,,,,,0.67,0.67,,21.0,1,False
2026-02-24 20:29:00+00:00,,,,,,,,0.6696373056994819,0.67,,193.0,4,False
2026-02-24 20:29:30+00:00,,,,,,,,0.67,0.67,,29.0,1,False
2026-02-24 20:30:00+00:00,,,,,,,,0.67,0.67,,69.0,3,False
2026-02-24 20:30:30+00:00,,,,,,,,0.6599999999999999,0.6599999999999999,,28.0,2,False
2026-02-24 20:31:00+00:00,,,,,,,,0.6599999999999999,0.6599999999999999,,0.0,0,False
2026-02-24 20:31:30+00:00,,,,,,,,0.6599999999999999,0.6599999999999999,,0.0,0,False
2026-02-24 20:32:00+00:00,,,,,,,,0.6599999999999999,0.6599999999999999,,0.0,0,False
2026-02-24 20:32:30+00:00,,,,,,,,0.67,0.67,,517.0,2,False
2026-02-24 20:33:00+00:00,,,,,,,,0.6599999999999999,0.6599999999999999,,140.0,1,False
2026-02-24 20:33:30+00:00,,,,,,,,0.6674193548387096,0.67,,31.0,2,False
2026-02-24 20:34:00+00:00,,,,,,,,0.67,0.67,,28.0,1,False
2026-02-24 20:34:30+00:00,,,,,,,,0.6644444444444445,0.67,,9.0,2,False
2026-02-24 20:35:00+00:00,,,,,,,,0.6644444444444445,0.67,,0.0,0,False
2026-02-24 20:35:30+00:00,,,,,,,,0.6693506493506494,0.6599999999999999,,77.0,2,False
2026-02-24 20:36:00+00:00,,,,,,,,0.6693506493506494,0.6599999999999999,,0.0,0,False
2026-02-24 20:36:30+00:00,,,,,,,,0.6599999999999999,0.6599999999999999,,125.0,2,False
2026-02-24 20:37:00+00:00,,,,,,,,0.6613821138211382,0.6599999999999999,,123.0,3,False
2026-02-24 20:37:30+00:00,,,,,,,,0.67,0.67,,14.0,1,False
2026-02-24 20:38:00+00:00,,,,,,,,0.67,0.67,,0.0,0,False
2026-02-24 20:38:30+00:00,,,,,,,,0.67,0.67,,4.0,1,False
2026-02-24 20:39:00+00:00,,,,,,,,0.67,0.67,,36.0,2,False
2026-02-24 20:39:30+00:00,,,,,,,,0.668,0.67,,70.0,4,False
2026-02-24 20:40:00+00:00,,,,,,,,0.67,0.67,,55.0,2,False
2026-02-24 20:40:30+00:00,,,,,,,,0.67,0.67,,29.0,1,False
2026-02-24 20:41:00+00:00,,,,,,,,0.6599999999999999,0.6599999999999999,,33.0,1,False
2026-02-24 20:41:30+00:00,,,,,,,,0.67,0.67,,10.0,3,False
2026-02-24 20:42:00+00:00,,,,,,,,0.6686206896551724,0.67,,58.0,2,False
2026-02-24 20:42:30+00:00,,,,,,,,0.67,0.67,,13.0,1,False
2026-02-24 20:43:00+00:00,,,,,,,,0.6700000000000002,0.67,,5126.0,2,False
2026-02-24 20:43:30+00:00,,,,,,,,0.67,0.67,,146.0,2,False
2026-02-24 20:44:00+00:00,,,,,,,,0.6599999999999999,0.6599999999999999,,14.0,1,False
2026-02-24 20:44:30+00:00,,,,,,,,0.6599999999999999,0.6599999999999999,,0.0,0,False
2026-02-24 20:45:00+00:00,,,,,,,,0.6657714285714286,0.6599999999999999,,175.0,4,False
2026-02-24 20:45:30+00:00,,,,,,,,0.6644278606965175,0.6599999999999999,,402.0,7,False
2026-02-24 20:46:00+00:00,,,,,,,,0.6599999999999998,0.6599999999999999,,139.0,2,False
2026-02-24 20:46:30+00:00,,,,,,,,0.6599999999999999,0.6599999999999999,,294.0,2,False
2026-02-24 20:47:00+00:00,,,,,,,,0.6606422018348623,0.67,,109.0,4,False
2026-02-24 20:47:30+00:00,,,,,,,,0.67,0.67,,43.0,1,False
2026-02-24 20:48:00+00:00,,,,,,,,0.6642105263157895,0.6599999999999999,,95.0,3,False
2026-02-24 20:48:30+00:00,,,,,,,,0.67,0.67,,42.0,1,False
2026-02-24 20:49:00+00:00,,,,,,,,0.6599999999999999,0.6599999999999999,,369.0,2,False
2026-02-24 20:49:30+00:00,,,,,,,,0.6599999999999999,0.6599999999999999,,0.0,0,False
2026-02-24 20:50:00+00:00,,,,,,,,0.6599999999999999,0.6599999999999999,,77.0,2,False
2026-02-24 20:50:30+00:00,,,,,,,,0.67,0.67,,38.0,2,False
2026-02-24 20:51:00+00:00,,,,,,,,0.6599999999999999,0.6599999999999999,,6.0,1,False
2026-02-24 20:51:30+00:00,,,,,,,,0.662112676056338,0.67,,71.0,3,False
2026-02-24 20:52:00+00:00,,,,,,,,0.67,0.67,,183.0,6,False
2026-02-24 20:52:30+00:00,,,,,,,,0.6599999999999999,0.6599999999999999,,138.0,1,False
2026-02-24 20:53:00+00:00,,,,,,,,0.6599999999999999,0.6599999999999999,,6.0,1,False
2026-02-24 20:53:30+00:00,,,,,,,,0.6599999999999999,0.6599999999999999,,0.0,0,False
2026-02-24 20:54:00+00:00,,,,,,,,0.67,0.67,,6.0,1,False
2026-02-24 20:54:30+00:00,,,,,,,,0.67,0.67,,24.0,3,False
2026-02-24 20:55:00+00:00,,,,,,,,0.67,0.67,,0.0,0,False
2026-02-24 20:55:30+00:00,,,,,,,,0.67,0.67,,0.0,0,False
2026-02-24 20:56:00+00:00,,,,,,,,0.67,0.67,,0.0,0,False
2026-02-24 20:56:30+00:00,,,,,,,,0.6620588235294117,0.6599999999999999,,34.0,2,False
2026-02-24 20:57:00+00:00,,,,,,,,0.6698102981029811,0.6599999999999999,,1476.0,2,False
2026-02-24 20:57:30+00:00,,,,,,,,0.6691455696202532,0.67,,316.0,2,False
2026-02-24 20:58:00+00:00,,,,,,,,0.6599999999999999,0.6599999999999999,,70.0,1,False
2026-02-24 20:58:30+00:00,,,,,,,,0.67,0.67,,10.0,1,False
2026-02-24 20:59:00+00:00,,,,,,,,0.6599999999999999,0.6599999999999999,,5555.0,1,False
2026-02-24 20:59:30+00:00,,,,,,,,0.67,0.67,,29.0,1,False
2026-02-24 21:00:00+00:00,,,,,,,,0.67,0.67,,0.0,0,False
2026-02-24 21:00:30+00:00,,,,,,,,0.6600541271989174,0.6599999999999999,,1478.0,2,False
2026-02-24 21:01:00+00:00,,,,,,,,0.67,0.67,,50.0,1,False
2026-02-24 21:01:30+00:00,,,,,,,,0.67,0.67,,70.0,3,False
2026-02-24 21:02:00+00:00,,,,,,,,0.6616666666666666,0.67,,6.0,2,False
2026-02-24 21:02:30+00:00,,,,,,,,0.67,0.67,,309.0,1,False
2026-02-24 21:03:00+00:00,,,,,,,,0.6599999999999999,0.6599999999999999,,140.0,1,False
2026-02-24 21:03:30+00:00,,,,,,,,0.6672413793103449,0.67,,29.0,2,False
2026-02-24 21:04:00+00:00,,,,,,,,0.6599999999999999,0.6599999999999999,,165.0,2,False
2026-02-24 21:04:30+00:00,,,,,,,,0.666,0.67,,210.0,3,False
2026-02-24 21:05:00+00:00,,,,,,,,0.6599999999999999,0.6599999999999999,,154.0,2,False
2026-02-24 21:05:30+00:00,,,,,,,,0.6599999999999999,0.6599999999999999,,5.0,1,False
2026-02-24 21:06:00+00:00,,,,,,,,0.67,0.67,,509.0,2,False
2026-02-24 21:06:30+00:00,,,,,,,,0.67,0.67,,0.0,0,False
2026-02-24 21:07:00+00:00,,,,,,,,0.67,0.67,,144.0,1,False
2026-02-24 21:07:30+00:00,,,,,,,,0.6603623188405796,0.67,,138.0,3,False
2026-02-24 21:08:00+00:00,,,,,,,,0.67,0.67,,397.0,4,False
2026-02-24 21:08:30+00:00,,,,,,,,0.67,0.67,,43.0,3,False
2026-02-24 21:09:00+00:00,,,,,,,,0.67,0.67,,34.0,2,False
2026-02-24 21:09:30+00:00,,,,,,,,0.67,0.67,,2.0,1,False
2026-02-24 21:10:00+00:00,,,,,,,,0.6599999999999999,0.66,,135.0,4,False
2026-02-24 21:10:30+00:00,,,,,,,,0.6667757009345794,0.6599999999999999,,214.0,2,False
2026-02-24 21:11:00+00:00,,,,,,,,0.6699999999999999,0.6699999999999999,,49.0,3,False
2026-02-24 21:11:30+00:00,,,,,,,,0.6599999999999999,0.6599999999999999,,75.0,2,False
2026-02-24 21:12:00+00:00,,,,,,,,0.6620588235294117,0.67,,34.0,2,False
2026-02-24 21:12:30+00:00,,,,,,,,0.6620588235294117,0.67,,0.0,0,False
2026-02-24 21:13:00+00:00,,,,,,,,0.6661111111111111,0.6699999999999999,,180.0,4,False
2026-02-24 21:13:30+00:00,,,,,,,,0.67,0.67,,21.0,1,False
2026-02-24 21:14:00+00:00,,,,,,,,0.67,0.67,,0.0,0,False
2026-02-24 21:14:30+00:00,,,,,,,,0.67,0.67,,34.0,2,False
2026-02-24 21:15:00+00:00,,,,,,,,0.67,0.67,,393.0,3,False
2026-02-24 21:15:30+00:00,,,,,,,,0.6636764705882352,0.6599999999999999,,136.0,4,False
2026-02-24 21:16:00+00:00,,,,,,,,0.6700000000000002,0.67,,205.0,4,False
2026-02-24 21:16:30+00:00,,,,,,,,0.6620588235294117,0.67,,34.0,3,False
2026-02-24 21:17:00+00:00,,,,,,,,0.6620588235294117,0.67,,0.0,0,False
2026-02-24 21:17:30+00:00,,,,,,,,0.6599999999999999,0.6599999999999999,,56.0,1,False
2026-02-24 21:18:00+00:00,,,,,,,,0.67,0.67,,79.0,2,False
2026-02-24 21:18:30+00:00,,,,,,,,0.669,0.6599999999999999,,80.0,2,False
2026-02-24 21:19:00+00:00,,,,,,,,0.67,0.67,,72.0,1,False
2026-02-24 21:19:30+00:00,,,,,,,,0.668507462686567,0.67,,134.0,4,False
2026-02-24 21:20:00+00:00,,,,,,,,0.668507462686567,0.67,,0.0,0,False
2026-02-24 21:20:30+00:00,,,,,,,,0.67,0.67,,100.0,2,False
2026-02-24 21:21:00+00:00,,,,,,,,0.67,0.67,,7338.0,3,False
2026-02-24 21:21:30+00:00,,,,,,,,0.67,0.67,,111.0,3,False
2026-02-24 21:22:00+00:00,,,,,,,,0.67,0.67,,0.0,0,False
2026-02-24 21:22:30+00:00,,,,,,,,0.667741935483871,0.6599999999999999,,186.0,2,False
2026-02-24 21:23:00+00:00,,,,,,,,0.67,0.67,,7.0,1,False
2026-02-24 21:23:30+00:00,,,,,,,,0.67,0.67,,67.0,2,False
2026-02-24 21:24:00+00:00,,,,,,,,0.67,0.67,,0.0,0,False
2026-02-24 21:24:30+00:00,,,,,,,,0.6692879256965945,0.67,,323.0,3,False
2026-02-24 21:25:00+00:00,,,,,,,,0.6692879256965945,0.67,,0.0,0,False
2026-02-24 21:25:30+00:00,,,,,,,,0.6599999999999999,0.6599999999999999,,13.0,1,False
2026-02-24 21:26:00+00:00,,,,,,,,0.6599999999999999,0.6599999999999999,,5.0,1,False
2026-02-24 21:26:30+00:00,,,,,,,,0.6599999999999998,0.6599999999999999,,50.0,1,False
2026-02-24 21:27:00+00:00,,,,,,,,0.67,0.67,,181.0,3,False
2026-02-24 21:27:30+00:00,,,,,,,,0.6599999999999999,0.6599999999999999,,80.0,2,False
2026-02-24 21:28:00+00:00,,,,,,,,0.6599999999999999,0.6599999999999999,,2.0,1,False
2026-02-24 21:28:30+00:00,,,,,,,,0.67,0.67,,500.0,1,False
2026-02-24 21:29:00+00:00,,,,,,,,0.67,0.67,,16.0,2,False
2026-02-24 21:29:30+00:00,,,,,,,,0.67,0.67,,13.0,1,False
2026-02-24 21:30:00+00:00,,,,,,,,0.6608917197452229,0.6599999999999999,,314.0,3,False
2026-02-24 21:30:30+00:00,,,,,,,,0.6646774193548386,0.67,,62.0,2,False
2026-02-24 21:31:00+00:00,,,,,,,,0.6599999999999999,0.6599999999999999,,15.0,2,False
2026-02-24 21:31:30+00:00,,,,,,,,0.6653020134228188,0.6699999999999999,,298.0,3,False
2026-02-24 21:32:00+00:00,,,,,,,,0.67,0.67,,8.0,1,False
2026-02-24 21:32:30+00:00,,,,,,,,0.6689876543209876,0.67,,405.0,2,False
2026-02-24 21:33:00+00:00,,,,,,,,0.661111111111111,0.67,,27.0,3,False
2026-02-24 21:33:30+00:00,,,,,,,,0.661111111111111,0.67,,0.0,0,False
2026-02-24 21:34:00+00:00,,,,,,,,0.6599999999999999,0.6599999999999999,,3.0,1,False
2026-02-24 21:34:30+00:00,,,,,,,,0.6627835051546391,0.6699999999999999,,97.0,3,False
2026-02-24 21:35:00+00:00,,,,,,,,0.6674869109947644,0.6599999999999999,,191.0,3,False
2026-02-24 21:35:30+00:00,,,,,,,,0.6700000000000002,0.67,,3637.0,2,False
2026-02-24 21:36:00+00:00,,,,,,,,0.67,0.67,,87.0,1,False
2026-02-24 21:36:30+00:00,,,,,,,,0.67,0.67,,77.0,1,False
2026-02-24 21:37:00+00:00,,,,,,,,0.6700000000000002,0.67,,89.0,5,False
2026-02-24 21:37:30+00:00,,,,,,,,0.6691139240506329,0.6599999999999999,,158.0,2,False
2026-02-24 21:38:00+00:00,,,,,,,,0.6683333333333333,0.6599999999999999,,12.0,2,False
2026-02-24 21:38:30+00:00,,,,,,,,0.6683333333333333,0.6599999999999999,,0.0,0,False
2026-02-24 21:39:00+00:00,,,,,,,,0.67,0.67,,21.0,1,False
2026-02-24 21:39:30+00:00,,,,,,,,0.6640909090909091,0.6599999999999999,,22.0,3,False
2026-02-24 21:40:00+00:00,,,,,,,,0.6682434514637904,0.67,,649.0,4,False
2026-02-24 21:40:30+00:00,,,,,,,,0.67,0.67,,72.0,1,False
2026-02-24 21:41:00+00:00,,,,,,,,0.6693333333333334,0.67,,30.0,3,False
2026-02-24 21:41:30+00:00,,,,,,,,0.6599999999999999,0.6599999999999999,,2.0,1,False
2026-02-24 21:42:00+00:00,,,,,,,,0.6622680412371134,0.67,,388.0,3,False
2026-02-24 21:42:30+00:00,,,,,,,,0.6613043478260868,0.67,,230.0,2,False
2026-02-24 21:43:00+00:00,,,,,,,,0.6613043478260868,0.67,,0.0,0,False
2026-02-24 21:43:30+00:00,,,,,,,,0.6614848484848485,0.67,,660.0,2,False
2026-02-24 21:44:00+00:00,,,,,,,,0.6643113772455089,0.6599999999999999,,501.0,6,False
2026-02-24 21:44:30+00:00,,,,,,,,0.6618181818181817,0.66,,198.0,2,False
2026-02-24 21:45:00+00:00,,,,,,,,0.6675,0.67,,48.0,2,False
2026-02-24 21:45:30+00:00,,,,,,,,0.6673076923076923,0.66,,78.0,3,False
2026-02-24 21:46:00+00:00,,,,,,,,0.660753768844221,0.67,,199.0,4,False
2026-02-24 21:46:30+00:00,,,,,,,,0.6622857142857143,0.67,,105.0,4,False
2026-02-24 21:47:00+00:00,,,,,,,,0.6690638297872341,0.67,,235.0,9,False
2026-02-24 21:47:30+00:00,,,,,,,,0.6629999999999998,0.67,,100.0,3,False
2026-02-24 21:48:00+00:00,,,,,,,,0.6692400000000001,0.67,,250.0,4,False
2026-02-24 21:48:30+00:00,,,,,,,,0.6599999999999999,0.6599999999999999,,96.0,1,False
2026-02-24 21:49:00+00:00,,,,,,,,0.67,0.67,,10449.0,3,False
2026-02-24 21:49:30+00:00,,,,,,,,0.67,0.67,,7.0,1,False
2026-02-24 21:50:00+00:00,,,,,,,,0.6599999999999999,0.6599999999999999,,13.0,1,False
2026-02-24 21:50:30+00:00,,,,,,,,0.6699999999999999,0.67,,857.0,2,False
2026-02-24 21:51:00+00:00,,,,,,,,0.6699999999999999,0.67,,0.0,0,False
2026-02-24 21:51:30+00:00,,,,,,,,0.6676785714285715,0.67,,56.0,3,False
2026-02-24 21:52:00+00:00,,,,,,,,0.6599999999999999,0.6599999999999999,,300.0,1,False
2026-02-24 21:52:30+00:00,,,,,,,,0.6663636363636364,0.67,,22.0,3,False
2026-02-24 21:53:00+00:00,,,,,,,,0.67,0.67,,286.0,5,False
2026-02-24 21:53:30+00:00,,,,,,,,0.6599999999999999,0.6599999999999999,,27.0,1,False
2026-02-24 21:54:00+00:00,,,,,,,,0.67,0.67,,1486.0,2,False
2026-02-24 21:54:30+00:00,,,,,,,,0.67,0.67,,0.0,0,False
2026-02-24 21:55:00+00:00,,,,,,,,0.67,0.67,,180.0,2,False
2026-02-24 21:55:30+00:00,,,,,,,,0.67,0.67,,237.0,3,False
2026-02-24 21:56:00+00:00,,,,,,,,0.6629090909090908,0.6599999999999999,,110.0,3,False
2026-02-24 21:56:30+00:00,,,,,,,,0.67,0.67,,10.0,1,False
2026-02-24 21:57:00+00:00,,,,,,,,0.67,0.67,,195.0,4,False
2026-02-24 21:57:30+00:00,,,,,,,,0.67,0.67,,41.0,2,False
2026-02-24 21:58:00+00:00,,,,,,,,0.6601923076923076,0.67,,208.0,2,False
2026-02-24 21:58:30+00:00,,,,,,,,0.6696940726577438,0.6599999999999999,,1046.0,5,False
2026-02-24 21:59:00+00:00,,,,,,,,0.6699999999999999,0.67,,1087.0,2,False
2026-02-24 21:59:30+00:00,,,,,,,,0.6670588235294117,0.67,,204.0,3,False
2026-02-24 22:00:00+00:00,,,,,,,,0.6620833333333332,0.67,,24.0,2,False
2026-02-24 22:00:30+00:00,,,,,,,,0.6699999999999999,0.67,,1012.0,3,False
2026-02-24 22:01:00+00:00,,,,,,,,0.67,0.67,,253.0,2,False
2026-02-24 22:01:30+00:00,,,,,,,,0.6671659919028341,0.67,,247.0,5,False
2026-02-24 22:02:00+00:00,,,,,,,,0.6692857142857144,0.6599999999999999,,392.0,2,False
2026-02-24 22:02:30+00:00,,,,,,,,0.67,0.67,,4347.0,1,False
2026-02-24 22:03:00+00:00,,,,,,,,0.6699999999999999,0.6699999999999999,,28.0,1,False
2026-02-24 22:03:30+00:00,,,,,,,,0.67,0.67,,217.0,1,False
2026-02-24 22:04:00+00:00,,,,,,,,0.67,0.67,,30.0,1,False
2026-02-24 22:04:30+00:00,,,,,,,,0.6690090090090091,0.67,,555.0,2,False
2026-02-24 22:05:00+00:00,,,,,,,,0.6678399999999999,0.67,,125.0,4,False
2026-02-24 22:05:30+00:00,,,,,,,,0.6700000000000002,0.67,,101.0,3,False
2026-02-24 22:06:00+00:00,,,,,,,,0.67,0.67,,416.0,3,False
2026-02-24 22:06:30+00:00,,,,,,,,0.6699999999999999,0.67,,132.0,5,False
2026-02-24 22:07:00+00:00,,,,,,,,0.6698086124401914,0.67,,418.0,3,False
2026-02-24 22:07:30+00:00,,,,,,,,0.6698086124401914,0.67,,0.0,0,False
2026-02-24 22:08:00+00:00,,,,,,,,0.6599999999999999,0.6599999999999999,,49.0,2,False
2026-02-24 22:08:30+00:00,,,,,,,,0.6694345238095238,0.67,,336.0,4,False
2026-02-24 22:09:00+00:00,,,,,,,,0.6693506493506494,0.6599999999999999,,77.0,2,False
2026-02-24 22:09:30+00:00,,,,,,,,0.67,0.67,,5.0,1,False
2026-02-24 22:10:00+00:00,,,,,,,,0.6665957446808511,0.6599999999999999,,94.0,4,False
2026-02-24 22:10:30+00:00,,,,,,,,0.67,0.67,,28.0,1,False
2026-02-24 22:11:00+00:00,,,,,,,,0.6674999999999999,0.67,,56.0,3,False
2026-02-24 22:11:30+00:00,,,,,,,,0.6630434782608695,0.67,,69.0,4,False
2026-02-24 22:12:00+00:00,,,,,,,,0.6699331550802139,0.67,,748.0,3,False
2026-02-24 22:12:30+00:00,,,,,,,,0.663170731707317,0.67,,205.0,2,False
2026-02-24 22:13:00+00:00,,,,,,,,0.67,0.67,,32.0,2,False
2026-02-24 22:13:30+00:00,,,,,,,,0.6700000000000002,0.67,,318.0,3,False
2026-02-24 22:14:00+00:00,,,,,,,,0.67,0.67,,304.0,3,False
2026-02-24 22:14:30+00:00,,,,,,,,0.67,0.67,,7.0,1,False
2026-02-24 22:15:00+00:00,,,,,,,,0.6693548387096774,0.67,,155.0,3,False
2026-02-24 22:15:30+00:00,,,,,,,,0.67,0.67,,5.0,1,False
2026-02-24 22:16:00+00:00,,,,,,,,0.667459349593496,0.67,,1968.0,3,False
2026-02-24 22:16:30+00:00,,,,,,,,0.6699999999999999,0.67,,49.0,3,False
2026-02-24 22:17:00+00:00,,,,,,,,0.6646268656716416,0.6599999999999999,,201.0,3,False
2026-02-24 22:17:30+00:00,,,,,,,,0.6609999999999998,0.67,,70.0,3,False
2026-02-24 22:18:00+00:00,,,,,,,,0.6609210526315789,0.67,,76.0,3,False
2026-02-24 22:18:30+00:00,,,,,,,,0.6599999999999999,0.6599999999999999,,380.0,3,False
2026-02-24 22:19:00+00:00,,,,,,,,0.67,0.67,,2347.0,4,False
2026-02-24 22:19:30+00:00,,,,,,,,0.67,0.67,,9.0,2,False
2026-02-24 22:20:00+00:00,,,,,,,,0.67,0.67,,97.0,3,False
2026-02-24 22:20:30+00:00,,,,,,,,0.67,0.67,,203.0,5,False
2026-02-24 22:21:00+00:00,,,,,,,,0.67,0.67,,0.0,0,False
2026-02-24 22:21:30+00:00,,,,,,,,0.6662162162162163,0.67,,74.0,3,False
2026-02-24 22:22:00+00:00,,,,,,,,0.6616666666666666,0.67,,18.0,3,False
2026-02-24 22:22:30+00:00,,,,,,,,0.6698712446351932,0.67,,233.0,5,False
2026-02-24 22:23:00+00:00,,,,,,,,0.6665853658536586,0.67,,82.0,6,False
2026-02-24 22:23:30+00:00,,,,,,,,0.6611811023622047,0.6599999999999999,,127.0,4,False
2026-02-24 22:24:00+00:00,,,,,,,,0.6599999999999999,0.6599999999999999,,131.0,2,False
2026-02-24 22:24:30+00:00,,,,,,,,0.67,0.67,,748.0,2,False
2026-02-24 22:25:00+00:00,,,,,,,,0.6699999999999999,0.6699999999999999,,5.0,2,False
2026-02-24 22:25:30+00:00,,,,,,,,0.6599999999999999,0.6599999999999999,,70.0,1,False
2026-02-24 22:26:00+00:00,,,,,,,,0.67,0.67,,186.0,5,False
2026-02-24 22:26:30+00:00,,,,,,,,0.67,0.67,,224.0,4,False
2026-02-24 22:27:00+00:00,,,,,,,,0.6599999999999999,0.6599999999999999,,56.0,1,False
2026-02-24 22:27:30+00:00,,,,,,,,0.6621348314606741,0.6599999999999999,,178.0,4,False
2026-02-24 22:28:00+00:00,,,,,,,,0.67,0.67,,23.0,3,False
2026-02-24 22:28:30+00:00,,,,,,,,0.6679310344827586,0.67,,319.0,7,False
2026-02-24 22:29:00+00:00,,,,,,,,0.67,0.67,,172.0,3,False
2026-02-24 22:29:30+00:00,,,,,,,,0.6652989130434782,0.6599999999999999,,368.0,4,False
2026-02-24 22:30:00+00:00,,,,,,,,0.6652989130434782,0.6599999999999999,,0.0,0,False
2026-02-24 22:30:30+00:00,,,,,,,,0.6666666666666666,0.6599999999999999,,15.0,2,False
2026-02-24 22:31:00+00:00,,,,,,,,0.6699999999999999,0.6699999999999999,,365.0,1,False
2026-02-24 22:31:30+00:00,,,,,,,,0.6699999999999999,0.6699999999999999,,0.0,0,False
2026-02-24 22:32:00+00:00,,,,,,,,0.67,0.67,,28.0,1,False
2026-02-24 22:32:30+00:00,,,,,,,,0.67,0.67,,0.0,0,False
2026-02-24 22:33:00+00:00,,,,,,,,0.67,0.67,,267.0,2,False
2026-02-24 22:33:30+00:00,,,,,,,,0.6599999999999999,0.6599999999999999,,94.0,2,False
2026-02-24 22:34:00+00:00,,,,,,,,0.6599999999999999,0.6599999999999999,,0.0,0,False
2026-02-24 22:34:30+00:00,,,,,,,,0.67,0.67,,164.0,1,False
2026-02-24 22:35:00+00:00,,,,,,,,0.67,0.67,,0.0,0,False
2026-02-24 22:35:30+00:00,,,,,,,,0.67,0.67,,51.0,2,False
2026-02-24 22:36:00+00:00,,,,,,,,0.67,0.67,,86.0,2,False
2026-02-24 22:36:30+00:00,,,,,,,,0.67,0.67,,0.0,0,False
2026-02-24 22:37:00+00:00,,,,,,,,0.6699999999999999,0.67,,146.0,2,False
2026-02-24 22:37:30+00:00,,,,,,,,0.67,0.67,,318.0,2,False
2026-02-24 22:38:00+00:00,,,,,,,,0.6599999999999999,0.6599999999999999,,40.0,2,False
2026-02-24 22:38:30+00:00,,,,,,,,0.669468085106383,0.67,,1034.0,3,False
2026-02-24 22:39:00+00:00,,,,,,,,0.6599999999999999,0.6599999999999999,,5.0,1,False
2026-02-24 22:39:30+00:00,,,,,,,,0.6602766798418973,0.6599999999999999,,253.0,4,False
2026-02-24 22:40:00+00:00,,,,,,,,0.67,0.67,,455.0,2,False
2026-02-24 22:40:30+00:00,,,,,,,,0.67,0.67,,92.0,2,False
2026-02-24 22:41:00+00:00,,,,,,,,0.67,0.67,,8.0,2,False
2026-02-24 22:41:30+00:00,,,,,,,,0.6683720930232558,0.67,,86.0,2,False
2026-02-24 22:42:00+00:00,,,,,,,,0.67,0.67,,44.0,1,False
2026-02-24 22:42:30+00:00,,,,,,,,0.6693939393939395,0.67,,462.0,4,False
2026-02-24 22:43:00+00:00,,,,,,,,0.6664255319148935,0.6599999999999999,,235.0,3,False
2026-02-24 22:43:30+00:00,,,,,,,,0.6664255319148935,0.6599999999999999,,0.0,0,False
2026-02-24 22:44:00+00:00,,,,,,,,0.67,0.67,,415.0,2,False
2026-02-24 22:44:30+00:00,,,,,,,,0.67,0.67,,155.0,2,False
2026-02-24 22:45:00+00:00,,,,,,,,0.67,0.67,,0.0,0,False
2026-02-24 22:45:30+00:00,,,,,,,,0.6692947813822285,0.67,,709.0,4,False
2026-02-24 22:46:00+00:00,,,,,,,,0.67,0.67,,10036.0,2,False
2026-02-24 22:46:30+00:00,,,,,,,,0.67,0.67,,9.0,2,False
2026-02-24 22:47:00+00:00,,,,,,,,0.6699999999999999,0.67,,272.0,5,False
2026-02-24 22:47:30+00:00,,,,,,,,0.67,0.67,,145.0,1,False
2026-02-24 22:48:00+00:00,,,,,,,,0.67,0.67,,122.0,2,False
2026-02-24 22:48:30+00:00,,,,,,,,0.6698572664359862,0.66,,2312.0,7,False
2026-02-24 22:49:00+00:00,,,,,,,,0.6609090909090908,0.67,,77.0,2,False
2026-02-24 22:49:30+00:00,,,,,,,,0.67,0.67,,2.0,1,False
2026-02-24 22:50:00+00:00,,,,,,,,0.6686868686868687,0.67,,99.0,3,False
2026-02-24 22:50:30+00:00,,,,,,,,0.6599999999999999,0.6599999999999999,,138.0,1,False
2026-02-24 22:51:00+00:00,,,,,,,,0.67,0.67,,14.0,1,False
2026-02-24 22:51:30+00:00,,,,,,,,0.6614285714285714,0.67,,49.0,2,False
2026-02-24 22:52:00+00:00,,,,,,,,0.67,0.67,,5.0,2,False
2026-02-24 22:52:30+00:00,,,,,,,,0.6681779884149552,0.6599999999999999,,1899.0,6,False
2026-02-24 22:53:00+00:00,,,,,,,,0.6629687499999999,0.6599999999999999,,64.0,3,False
2026-02-24 22:53:30+00:00,,,,,,,,0.67,0.67,,416.0,4,False
2026-02-24 22:54:00+00:00,,,,,,,,0.67,0.67,,1254.0,2,False
2026-02-24 22:54:30+00:00,,,,,,,,0.6696050601666154,0.6599999999999999,,3241.0,11,False
2026-02-24 22:55:00+00:00,,,,,,,,0.67,0.67,,174.0,2,False
2026-02-24 22:55:30+00:00,,,,,,,,0.67,0.67,,23.0,1,False
2026-02-24 22:56:00+00:00,,,,,,,,0.6696187683284458,0.67,,341.0,4,False
2026-02-24 22:56:30+00:00,,,,,,,,0.6617006802721087,0.67,,294.0,4,False
2026-02-24 22:57:00+00:00,,,,,,,,0.6670979020979021,0.6699999999999999,,286.0,4,False
2026-02-24 22:57:30+00:00,,,,,,,,0.6631666666666667,0.67,,60.0,5,False
2026-02-24 22:58:00+00:00,,,,,,,,0.667878787878788,0.67,,66.0,4,False
2026-02-24 22:58:30+00:00,,,,,,,,0.6608974358974359,0.6599999999999999,,78.0,3,False
2026-02-24 22:59:00+00:00,,,,,,,,0.6696923076923077,0.67,,65.0,3,False
2026-02-24 22:59:30+00:00,,,,,,,,0.67,0.67,,43.0,1,False
2026-02-24 23:00:00+00:00,,,,,,,,0.6630607476635513,0.67,,428.0,6,False
2026-02-24 23:00:30+00:00,,,,,,,,0.6680444444444444,0.6599999999999999,,225.0,3,False
2026-02-24 23:01:00+00:00,,,,,,,,0.6691187739463603,0.6599999999999999,,1305.0,6,False
2026-02-24 23:01:30+00:00,,,,,,,,0.6678947368421052,0.67,,38.0,3,False
2026-02-24 23:02:00+00:00,,,,,,,,0.67,0.67,,440.0,3,False
2026-02-24 23:02:30+00:00,,,,,,,,0.6622330097087378,0.6599999999999999,,412.0,8,False
2026-02-24 23:03:00+00:00,,,,,,,,0.6639215686274511,0.67,,51.0,4,False
2026-02-24 23:03:30+00:00,,,,,,,,0.6630666666666666,0.67,,150.0,4,False
2026-02-24 23:04:00+00:00,,,,,,,,0.6616770186335403,0.6599999999999999,,161.0,3,False
2026-02-24 23:04:30+00:00,,,,,,,,0.6616770186335403,0.6599999999999999,,0.0,0,False
2026-02-24 23:05:00+00:00,,,,,,,,0.67,0.67,,30.0,2,False
2026-02-24 23:05:30+00:00,,,,,,,,0.67,0.67,,0.0,0,False
2026-02-24 23:06:00+00:00,,,,,,,,0.67,0.67,,42.0,1,False
2026-02-24 23:06:30+00:00,,,,,,,,0.67,0.67,,36.0,1,False
2026-02-24 23:07:00+00:00,,,,,,,,0.6699999999999999,0.67,,453.0,1,False
2026-02-24 23:07:30+00:00,,,,,,,,0.6645833333333333,0.67,,24.0,2,False
2026-02-24 23:08:00+00:00,,,,,,,,0.6698056801195815,0.67,,669.0,2,False
2026-02-24 23:08:30+00:00,,,,,,,,0.67,0.67,,73.0,3,False
2026-02-24 23:09:00+00:00,,,,,,,,0.67,0.67,,0.0,0,False
2026-02-24 23:09:30+00:00,,,,,,,,0.67,0.67,,108.0,2,False
2026-02-24 23:10:00+00:00,,,,,,,,0.67,0.67,,78.0,2,False
2026-02-24 23:10:30+00:00,,,,,,,,0.67,0.67,,139.0,3,False
2026-02-24 23:11:00+00:00,,,,,,,,0.6656440281030445,0.67,,427.0,5,False
2026-02-24 23:11:30+00:00,,,,,,,,0.66578125,0.67,,64.0,3,False
2026-02-24 23:12:00+00:00,,,,,,,,0.6677380952380952,0.67,,84.0,4,False
2026-02-24 23:12:30+00:00,,,,,,,,0.66,0.66,,1611.0,2,False
2026-02-24 23:13:00+00:00,,,,,,,,0.668875502008032,0.6599999999999999,,249.0,5,False
2026-02-24 23:13:30+00:00,,,,,,,,0.6682113821138211,0.67,,123.0,3,False
2026-02-24 23:14:00+00:00,,,,,,,,0.67,0.67,,14.0,1,False
2026-02-24 23:14:30+00:00,,,,,,,,0.6694909090909091,0.67,,275.0,6,False
2026-02-24 23:15:00+00:00,,,,,,,,0.67,0.67,,2.0,1,False
2026-02-24 23:15:30+00:00,,,,,,,,0.67,0.67,,174.0,3,False
2026-02-24 23:16:00+00:00,,,,,,,,0.67,0.67,,8.0,1,False
2026-02-24 23:16:30+00:00,,,,,,,,0.67,0.67,,73.0,2,False
2026-02-24 23:17:00+00:00,,,,,,,,0.67,0.67,,434.0,3,False
2026-02-24 23:17:30+00:00,,,,,,,,0.66453125,0.6599999999999999,,256.0,4,False
2026-02-24 23:18:00+00:00,,,,,,,,0.6649999999999999,0.6599999999999999,,14.0,2,False
2026-02-24 23:18:30+00:00,,,,,,,,0.6699999999999999,0.6699999999999999,,10.0,1,False
2026-02-24 23:19:00+00:00,,,,,,,,0.67,0.67,,14.0,2,False
2026-02-24 23:19:30+00:00,,,,,,,,0.6629357798165136,0.67,,218.0,6,False
2026-02-24 23:20:00+00:00,,,,,,,,0.67,0.67,,190.0,4,False
2026-02-24 23:20:30+00:00,,,,,,,,0.669727626459144,0.67,,1028.0,2,False
2026-02-24 23:21:00+00:00,,,,,,,,0.6700000000000002,0.67,,1064.0,10,False
2026-02-24 23:21:30+00:00,,,,,,,,0.6799999999999999,0.68,,49592.0,10,False
2026-02-24 23:22:00+00:00,,,,,,,,0.6799866666666667,0.67,,750.0,3,False
2026-02-24 23:22:30+00:00,,,,,,,,0.6699999999999999,0.6599999999999999,,2.0,2,False
2026-02-24 23:23:00+00:00,,,,,,,,0.68,0.68,,64.0,2,False
2026-02-24 23:23:30+00:00,,,,,,,,0.68,0.68,,7.0,1,False
2026-02-24 23:24:00+00:00,,,,,,,,0.6782352941176472,0.68,,51.0,3,False
2026-02-24 23:24:30+00:00,,,,,,,,0.6737369519832983,0.68,,958.0,6,False
2026-02-24 23:25:00+00:00,,,,,,,,0.6793750000000001,0.6599999999999999,,448.0,5,False
2026-02-24 23:25:30+00:00,,,,,,,,0.68,0.68,,7.0,1,False
2026-02-24 23:26:00+00:00,,,,,,,,0.6781818181818181,0.68,,110.0,2,False
2026-02-24 23:26:30+00:00,,,,,,,,0.6789753320683112,0.68,,527.0,2,False
2026-02-24 23:27:00+00:00,,,,,,,,0.68,0.68,,45.0,2,False
2026-02-24 23:27:30+00:00,,,,,,,,0.6699999999999999,0.6599999999999999,,4.0,2,False
2026-02-24 23:28:00+00:00,,,,,,,,0.68,0.68,,1162.0,2,False
2026-02-24 23:28:30+00:00,,,,,,,,0.68,0.68,,7.0,1,False
2026-02-24 23:29:00+00:00,,,,,,,,0.68,0.68,,123.0,3,False
2026-02-24 23:29:30+00:00,,,,,,,,0.6634871794871795,0.68,,390.0,5,False
2026-02-24 23:30:00+00:00,,,,,,,,0.6795833333333334,0.68,,72.0,5,False
2026-02-24 23:30:30+00:00,,,,,,,,0.6785943775100401,0.6699999999999999,,249.0,2,False
2026-02-24 23:31:00+00:00,,,,,,,,0.68,0.68,,50.0,3,False
2026-02-24 23:31:30+00:00,,,,,,,,0.68,0.68,,50.0,2,False
2026-02-24 23:32:00+00:00,,,,,,,,0.68,0.68,,36.0,2,False
2026-02-24 23:32:30+00:00,,,,,,,,0.6776190476190477,0.6599999999999999,,42.0,3,False
2026-02-24 23:33:00+00:00,,,,,,,,0.6752564102564103,0.6599999999999999,,468.0,2,False
2026-02-24 23:33:30+00:00,,,,,,,,0.6727368421052632,0.68,,190.0,6,False
2026-02-24 23:34:00+00:00,,,,,,,,0.6628112449799196,0.6599999999999999,,249.0,3,False
2026-02-24 23:34:30+00:00,,,,,,,,0.6742857142857143,0.6599999999999999,,49.0,2,False
2026-02-24 23:35:00+00:00,,,,,,,,0.6618550724637681,0.6599999999999999,,690.0,4,False
2026-02-24 23:35:30+00:00,,,,,,,,0.68,0.68,,2.0,1,False
2026-02-24 23:36:00+00:00,,,,,,,,0.6715337423312883,0.68,,163.0,6,False
2026-02-24 23:36:30+00:00,,,,,,,,0.6615686274509803,0.6599999999999999,,306.0,3,False
2026-02-24 23:37:00+00:00,,,,,,,,0.68,0.68,,101.0,3,False
2026-02-24 23:37:30+00:00,,,,,,,,0.6731277533039648,0.6599999999999999,,2043.0,3,False
2026-02-24 23:38:00+00:00,,,,,,,,0.66935960591133,0.6599999999999999,,203.0,5,False
2026-02-24 23:38:30+00:00,,,,,,,,0.68,0.68,,1844.0,3,False
2026-02-24 23:39:00+00:00,,,,,,,,0.6799999999999999,0.68,,139.0,5,False
2026-02-24 23:39:30+00:00,,,,,,,,0.68,0.68,,1568.0,6,False
2026-02-24 23:40:00+00:00,,,,,,,,0.68,0.68,,143.0,1,False
2026-02-24 23:40:30+00:00,,,,,,,,0.68,0.68,,85.0,2,False
2026-02-24 23:41:00+00:00,,,,,,,,0.6726222222222222,0.68,,225.0,3,False
2026-02-24 23:41:30+00:00,,,,,,,,0.6790458015267176,0.6599999999999999,,524.0,6,False
2026-02-24 23:42:00+00:00,,,,,,,,0.67975,0.6599999999999999,,160.0,4,False
2026-02-24 23:42:30+00:00,,,,,,,,0.68,0.68,,1799.0,5,False
2026-02-24 23:43:00+00:00,,,,,,,,0.6786341463414635,0.68,,205.0,4,False
2026-02-24 23:43:30+00:00,,,,,,,,0.68,0.68,,85.0,2,False
2026-02-24 23:44:00+00:00,,,,,,,,0.6766666666666667,0.68,,84.0,3,False
2026-02-24 23:44:30+00:00,,,,,,,,0.6668749999999998,0.6599999999999999,,192.0,7,False
2026-02-24 23:45:00+00:00,,,,,,,,0.6799339365884298,0.68,,42989.0,7,False
2026-02-24 23:45:30+00:00,,,,,,,,0.6762059620596206,0.68,,369.0,5,False
2026-02-24 23:46:00+00:00,,,,,,,,0.6797905759162304,0.6599999999999999,,1337.0,4,False
2026-02-24 23:46:30+00:00,,,,,,,,0.68,0.68,,179.0,2,False
2026-02-24 23:47:00+00:00,,,,,,,,0.68,0.68,,285.0,2,False
2026-02-24 23:47:30+00:00,,,,,,,,0.6659999999999999,0.6599999999999999,,155.0,6,False
2026-02-24 23:48:00+00:00,,,,,,,,0.68,0.68,,132.0,2,False
2026-02-24 23:48:30+00:00,,,,,,,,0.679994405203161,0.68,,14299.0,4,False
2026-02-24 23:49:00+00:00,,,,,,,,0.6692307692307692,0.6599999999999999,,26.0,3,False
2026-02-24 23:49:30+00:00,,,,,,,,0.68,0.68,,586.0,5,False
2026-02-24 23:50:00+00:00,,,,,,,,0.6701818181818182,0.6599999999999999,,55.0,4,False
2026-02-24 23:50:30+00:00,,,,,,,,0.6767164179104478,0.68,,67.0,3,False
2026-02-24 23:51:00+00:00,,,,,,,,0.6617301038062283,0.68,,289.0,5,False
2026-02-24 23:51:30+00:00,,,,,,,,0.68,0.68,,16.0,2,False
2026-02-24 23:52:00+00:00,,,,,,,,0.68,0.68,,0.0,0,False
2026-02-24 23:52:30+00:00,,,,,,,,0.6783333333333333,0.6599999999999999,,24.0,3,False
2026-02-24 23:53:00+00:00,,,,,,,,0.678360655737705,0.6699999999999999,,427.0,3,False
2026-02-24 23:53:30+00:00,,,,,,,,0.662716049382716,0.6599999999999999,,81.0,4,False
2026-02-24 23:54:00+00:00,,,,,,,,0.68,0.68,,493.0,2,False
2026-02-24 23:54:30+00:00,,,,,,,,0.68,0.68,,1208.0,1,False
2026-02-24 23:55:00+00:00,,,,,,,,0.6714818449460255,0.67,,1019.0,2,False
2026-02-24 23:55:30+00:00,,,,,,,,0.6758974358974359,0.68,,78.0,5,False
2026-02-24 23:56:00+00:00,,,,,,,,0.6739622641509434,0.68,,53.0,4,False
2026-02-24 23:56:30+00:00,,,,,,,,0.68,0.68,,35.0,1,False
2026-02-24 23:57:00+00:00,,,,,,,,0.6695449735449734,0.6599999999999999,,945.0,5,False
2026-02-24 23:57:30+00:00,,,,,,,,0.68,0.68,,49.0,2,False
2026-02-24 23:58:00+00:00,,,,,,,,0.6673913043478261,0.68,,46.0,5,False
2026-02-24 23:58:30+00:00,,,,,,,,0.6702807775377969,0.6599999999999999,,2778.0,3,False
2026-02-24 23:59:00+00:00,,,,,,,,0.6639779005524862,0.68,,181.0,4,False
2026-02-24 23:59:30+00:00,,,,,,,,0.6757575757575757,0.68,,66.0,3,False
2026-02-25 00:00:00+00:00,,,,,,,,0.68,0.68,,355.0,1,False
2026-02-25 00:00:30+00:00,,,,,,,,0.6680851063829787,0.68,,94.0,3,False
2026-02-25 00:01:00+00:00,,,,,,,,0.6778593913955928,0.68,,953.0,6,False
2026-02-25 00:01:30+00:00,,,,,,,,0.6770767613038906,0.68,,951.0,4,False
2026-02-25 00:02:00+00:00,,,,,,,,0.6634670487106016,0.6599999999999999,,698.0,4,False
2026-02-25 00:02:30+00:00,,,,,,,,0.68,0.68,,578.0,4,False
2026-02-25 00:03:00+00:00,,,,,,,,0.6599999999999999,0.6599999999999999,,56.0,1,False
2026-02-25 00:03:30+00:00,,,,,,,,0.68,0.68,,39.0,3,False
2026-02-25 00:04:00+00:00,,,,,,,,0.6768888888888889,0.68,,90.0,4,False
2026-02-25 00:04:30+00:00,,,,,,,,0.6599999999999999,0.6599999999999999,,562.0,1,False
2026-02-25 00:05:00+00:00,,,,,,,,0.6675757575757575,0.68,,66.0,3,False
2026-02-25 00:05:30+00:00,,,,,,,,0.6799999999999999,0.68,,79.0,4,False
2026-02-25 00:06:00+00:00,,,,,,,,0.6778947368421053,0.68,,95.0,4,False
2026-02-25 00:06:30+00:00,,,,,,,,0.68,0.68,,28.0,2,False
2026-02-25 00:07:00+00:00,,,,,,,,0.6783960625361899,0.68,,3454.0,3,False
2026-02-25 00:07:30+00:00,,,,,,,,0.676056338028169,0.6599999999999999,,71.0,5,False
2026-02-25 00:08:00+00:00,,,,,,,,0.6675675675675675,0.68,,111.0,4,False
2026-02-25 00:08:30+00:00,,,,,,,,0.6675675675675675,0.68,,0.0,0,False
2026-02-25 00:09:00+00:00,,,,,,,,0.6786842105263158,0.68,,76.0,2,False
2026-02-25 00:09:30+00:00,,,,,,,,0.6800000000000002,0.68,,35.0,2,False
2026-02-25 00:10:00+00:00,,,,,,,,0.6613333333333332,0.6599999999999999,,15.0,2,False
2026-02-25 00:10:30+00:00,,,,,,,,0.6751948051948052,0.6599999999999999,,77.0,4,False
2026-02-25 00:11:00+00:00,,,,,,,,0.68,0.68,,32.0,1,False
2026-02-25 00:11:30+00:00,,,,,,,,0.68,0.68,,1.0,1,False
2026-02-25 00:12:00+00:00,,,,,,,,0.6799623220764722,0.68,,14332.0,4,False
2026-02-25 00:12:30+00:00,,,,,,,,0.665249343832021,0.6599999999999999,,381.0,2,False
2026-02-25 00:13:00+00:00,,,,,,,,0.665249343832021,0.6599999999999999,,0.0,0,False
2026-02-25 00:13:30+00:00,,,,,,,,0.6599999999999999,0.6599999999999999,,19.0,2,False
2026-02-25 00:14:00+00:00,,,,,,,,0.6782959641255606,0.68,,1561.0,4,False
2026-02-25 00:14:30+00:00,,,,,,,,0.6771428571428573,0.68,,35.0,3,False
2026-02-25 00:15:00+00:00,,,,,,,,0.6604713804713803,0.68,,297.0,3,False
2026-02-25 00:15:30+00:00,,,,,,,,0.68,0.68,,71.0,5,False
2026-02-25 00:16:00+00:00,,,,,,,,0.6663157894736841,0.68,,19.0,3,False
2026-02-25 00:16:30+00:00,,,,,,,,0.68,0.68,,126.0,5,False
2026-02-25 00:17:00+00:00,,,,,,,,0.6599999999999999,0.6599999999999999,,28.0,1,False
2026-02-25 00:17:30+00:00,,,,,,,,0.679045996592845,0.68,,587.0,9,False
2026-02-25 00:18:00+00:00,,,,,,,,0.6778666666666667,0.68,,75.0,5,False
2026-02-25 00:18:30+00:00,,,,,,,,0.6783774250440917,0.68,,567.0,4,False
2026-02-25 00:19:00+00:00,,,,,,,,0.6778350515463918,0.6599999999999999,,194.0,4,False
2026-02-25 00:19:30+00:00,,,,,,,,0.68,0.68,,92.0,1,False
2026-02-25 00:20:00+00:00,,,,,,,,0.6684210526315789,0.6599999999999999,,95.0,2,False
2026-02-25 00:20:30+00:00,,,,,,,,0.68,0.68,,128.0,4,False
2026-02-25 00:21:00+00:00,,,,,,,,0.6799999999999999,0.68,,7143.0,6,False
2026-02-25 00:21:30+00:00,,,,,,,,0.68,0.68,,37.0,3,False
2026-02-25 00:22:00+00:00,,,,,,,,0.6678260869565217,0.68,,23.0,2,False
2026-02-25 00:22:30+00:00,,,,,,,,0.6624999999999999,0.6599999999999999,,24.0,3,False
2026-02-25 00:23:00+00:00,,,,,,,,0.6735668789808917,0.68,,314.0,3,False
2026-02-25 00:23:30+00:00,,,,,,,,0.6711578947368421,0.6599999999999999,,95.0,6,False
2026-02-25 00:24:00+00:00,,,,,,,,0.6796000000000001,0.68,,50.0,3,False
2026-02-25 00:24:30+00:00,,,,,,,,0.6721126760563381,0.68,,355.0,5,False
2026-02-25 00:25:00+00:00,,,,,,,,0.6687626774847869,0.68,,493.0,3,False
2026-02-25 00:25:30+00:00,,,,,,,,0.6752718676122931,0.68,,423.0,4,False
2026-02-25 00:26:00+00:00,,,,,,,,0.6718181818181819,0.68,,66.0,3,False
2026-02-25 00:26:30+00:00,,,,,,,,0.6780716253443526,0.68,,363.0,8,False
2026-02-25 00:27:00+00:00,,,,,,,,0.6800000000000002,0.68,,104.0,4,False
2026-02-25 00:27:30+00:00,,,,,,,,0.6702620087336244,0.6599999999999999,,458.0,7,False
2026-02-25 00:28:00+00:00,,,,,,,,0.6744803695150116,0.6599999999999999,,433.0,6,False
2026-02-25 00:28:30+00:00,,,,,,,,0.6787116564417177,0.67,,163.0,2,False
2026-02-25 00:29:00+00:00,,,,,,,,0.6749899799599199,0.6599999999999999,,499.0,8,False
2026-02-25 00:29:30+00:00,,,,,,,,0.668142857142857,0.68,,140.0,4,False
2026-02-25 00:30:00+00:00,,,,,,,,0.6794052044609665,0.68,,269.0,3,False
2026-02-25 00:30:30+00:00,,,,,,,,0.68,0.68,,7.0,1,False
2026-02-25 00:31:00+00:00,,,,,,,,0.6751470588235293,0.68,,136.0,5,False
2026-02-25 00:31:30+00:00,,,,,,,,0.6751470588235293,0.68,,0.0,0,False
2026-02-25 00:32:00+00:00,,,,,,,,0.68,0.68,,740.0,3,False
2026-02-25 00:32:30+00:00,,,,,,,,0.6697727272727273,0.6599999999999999,,88.0,5,False
2026-02-25 00:33:00+00:00,,,,,,,,0.68,0.68,,67.0,4,False
2026-02-25 00:33:30+00:00,,,,,,,,0.6780419580419581,0.68,,286.0,5,False
2026-02-25 00:34:00+00:00,,,,,,,,0.6611285266457679,0.68,,319.0,5,False
2026-02-25 00:34:30+00:00,,,,,,,,0.6670967741935484,0.68,,31.0,2,False
2026-02-25 00:35:00+00:00,,,,,,,,0.6699999999999999,0.6699999999999999,,8.0,1,False
2026-02-25 00:35:30+00:00,,,,,,,,0.68,0.68,,221.0,2,False
2026-02-25 00:36:00+00:00,,,,,,,,0.68,0.68,,21.0,1,False
2026-02-25 00:36:30+00:00,,,,,,,,0.6800000000000002,0.68,,68.0,2,False
2026-02-25 00:37:00+00:00,,,,,,,,0.6800000000000002,0.68,,49.0,2,False
2026-02-25 00:37:30+00:00,,,,,,,,0.68,0.68,,28.0,2,False
2026-02-25 00:38:00+00:00,,,,,,,,0.6786699507389161,0.6599999999999999,,406.0,4,False
2026-02-25 00:38:30+00:00,,,,,,,,0.6665384615384615,0.68,,104.0,4,False
2026-02-25 00:39:00+00:00,,,,,,,,0.6777777777777778,0.68,,18.0,2,False
2026-02-25 00:39:30+00:00,,,,,,,,0.68,0.68,,42.0,2,False
2026-02-25 00:40:00+00:00,,,,,,,,0.68,0.68,,43.0,1,False
2026-02-25 00:40:30+00:00,,,,,,,,0.6791666666666667,0.68,,120.0,2,False
2026-02-25 00:41:00+00:00,,,,,,,,0.6609605488850772,0.6599999999999999,,583.0,2,False
2026-02-25 00:41:30+00:00,,,,,,,,0.68,0.68,,254.0,4,False
2026-02-25 00:42:00+00:00,,,,,,,,0.68,0.68,,260.0,2,False
2026-02-25 00:42:30+00:00,,,,,,,,0.6599999999999999,0.6599999999999999,,55.0,1,False
2026-02-25 00:43:00+00:00,,,,,,,,0.6719148936170213,0.68,,47.0,3,False
2026-02-25 00:43:30+00:00,,,,,,,,0.6606451612903225,0.6599999999999999,,248.0,3,False
2026-02-25 00:44:00+00:00,,,,,,,,0.68,0.68,,35.0,1,False
2026-02-25 00:44:30+00:00,,,,,,,,0.6644444444444444,0.68,,18.0,2,False
2026-02-25 00:45:00+00:00,,,,,,,,0.6721739130434783,0.6599999999999999,,46.0,2,False
2026-02-25 00:45:30+00:00,,,,,,,,0.6672413793103449,0.68,,58.0,2,False
2026-02-25 00:46:00+00:00,,,,,,,,0.68,0.68,,40.0,1,False
2026-02-25 00:46:30+00:00,,,,,,,,0.6799999999999999,0.68,,1003.0,2,False
2026-02-25 00:47:00+00:00,,,,,,,,0.6786842105263158,0.68,,152.0,5,False
2026-02-25 00:47:30+00:00,,,,,,,,0.6599999999999999,0.6599999999999999,,13.0,1,False
2026-02-25 00:48:00+00:00,,,,,,,,0.6679518072289157,0.6599999999999999,,83.0,2,False
2026-02-25 00:48:30+00:00,,,,,,,,0.6695695364238411,0.6599999999999999,,302.0,6,False
2026-02-25 00:49:00+00:00,,,,,,,,0.6716666666666667,0.6599999999999999,,12.0,2,False
2026-02-25 00:49:30+00:00,,,,,,,,0.6748275862068965,0.6599999999999999,,58.0,2,False
2026-02-25 00:50:00+00:00,,,,,,,,0.6799639114442363,0.6599999999999999,,14409.0,8,False
2026-02-25 00:50:30+00:00,,,,,,,,0.68,0.68,,29.0,1,False
2026-02-25 00:51:00+00:00,,,,,,,,0.6799999999999999,0.68,,276.0,5,False
2026-02-25 00:51:30+00:00,,,,,,,,0.6748275862068965,0.67,,29.0,2,False
2026-02-25 00:52:00+00:00,,,,,,,,0.6748571428571428,0.6599999999999999,,105.0,3,False
2026-02-25 00:52:30+00:00,,,,,,,,0.6674025974025974,0.68,,154.0,2,False
2026-02-25 00:53:00+00:00,,,,,,,,0.6599999999999999,0.6599999999999999,,2.0,1,False
2026-02-25 00:53:30+00:00,,,,,,,,0.6798148148148149,0.68,,216.0,4,False
2026-02-25 00:54:00+00:00,,,,,,,,0.68,0.68,,84.0,2,False
2026-02-25 00:54:30+00:00,,,,,,,,0.674,0.68,,70.0,4,False
2026-02-25 00:55:00+00:00,,,,,,,,0.6796923076923078,0.6599999999999999,,65.0,4,False
2026-02-25 00:55:30+00:00,,,,,,,,0.68,0.68,,14314.0,3,False
2026-02-25 00:56:00+00:00,,,,,,,,0.660241610738255,0.6599999999999999,,745.0,4,False
2026-02-25 00:56:30+00:00,,,,,,,,0.6716184971098267,0.68,,173.0,5,False
2026-02-25 00:57:00+00:00,,,,,,,,0.6691860465116278,0.67,,172.0,4,False
2026-02-25 00:57:30+00:00,,,,,,,,0.6659090909090909,0.68,,132.0,5,False
2026-02-25 00:58:00+00:00,,,,,,,,0.6795437262357414,0.6699999999999999,,526.0,3,False
2026-02-25 00:58:30+00:00,,,,,,,,0.6752093683463449,0.68,,1409.0,8,False
2026-02-25 00:59:00+00:00,,,,,,,,0.6697222222222222,0.6599999999999999,,36.0,3,False
2026-02-25 00:59:30+00:00,,,,,,,,0.6799999999999999,0.68,,108.0,3,False
2026-02-25 01:00:00+00:00,,,,,,,,0.6751428571428573,0.68,,70.0,4,False
2026-02-25 01:00:30+00:00,,,,,,,,0.6614285714285713,0.6599999999999999,,14.0,2,False
2026-02-25 01:01:00+00:00,,,,,,,,0.68,0.68,,294.0,3,False
2026-02-25 01:01:30+00:00,,,,,,,,0.6687323943661972,0.68,,71.0,3,False
2026-02-25 01:02:00+00:00,,,,,,,,0.68,0.68,,271.0,3,False
2026-02-25 01:02:30+00:00,,,,,,,,0.6745374449339208,0.67,,454.0,9,False
2026-02-25 01:03:00+00:00,,,,,,,,0.6611200923787529,0.6699999999999999,,1732.0,9,False
2026-02-25 01:03:30+00:00,,,,,,,,0.6782608695652175,0.68,,92.0,4,False
2026-02-25 01:04:00+00:00,,,,,,,,0.6707692307692308,0.67,,91.0,4,False
2026-02-25 01:04:30+00:00,,,,,,,,0.6799999999999999,0.68,,145.0,4,False
2026-02-25 01:05:00+00:00,,,,,,,,0.6688607594936709,0.68,,79.0,3,False
2026-02-25 01:05:30+00:00,,,,,,,,0.68,0.68,,147.0,3,False
2026-02-25 01:06:00+00:00,,,,,,,,0.6775661375661376,0.6599999999999999,,567.0,5,False
2026-02-25 01:06:30+00:00,,,,,,,,0.68,0.68,,97.0,4,False
2026-02-25 01:07:00+00:00,,,,,,,,0.6762222222222222,0.6599999999999999,,90.0,3,False
2026-02-25 01:07:30+00:00,,,,,,,,0.6699999999999999,0.6699999999999999,,78.0,1,False
2026-02-25 01:08:00+00:00,,,,,,,,0.6739285714285714,0.6599999999999999,,56.0,3,False
2026-02-25 01:08:30+00:00,,,,,,,,0.68,0.68,,2826.0,3,False
2026-02-25 01:09:00+00:00,,,,,,,,0.68,0.68,,14.0,1,False
2026-02-25 01:09:30+00:00,,,,,,,,0.6790886075949367,0.68,,1580.0,4,False
2026-02-25 01:10:00+00:00,,,,,,,,0.6799248120300753,0.68,,1330.0,4,False
2026-02-25 01:10:30+00:00,,,,,,,,0.6599999999999999,0.6599999999999999,,281.0,1,False
2026-02-25 01:11:00+00:00,,,,,,,,0.6793788819875776,0.6599999999999999,,161.0,3,False
2026-02-25 01:11:30+00:00,,,,,,,,0.6782832618025751,0.68,,466.0,7,False
2026-02-25 01:12:00+00:00,,,,,,,,0.6758571428571429,0.68,,350.0,8,False
2026-02-25 01:12:30+00:00,,,,,,,,0.6747468354430379,0.68,,316.0,5,False
2026-02-25 01:13:00+00:00,,,,,,,,0.68,0.68,,84.0,3,False
2026-02-25 01:13:30+00:00,,,,,,,,0.6685770862800566,0.6599999999999999,,3535.0,7,False
2026-02-25 01:14:00+00:00,,,,,,,,0.6756880733944954,0.68,,109.0,7,False
2026-02-25 01:14:30+00:00,,,,,,,,0.6599999999999999,0.6599999999999999,,28.0,1,False
2026-02-25 01:15:00+00:00,,,,,,,,0.68,0.68,,285.0,1,False
2026-02-25 01:15:30+00:00,,,,,,,,0.679859649122807,0.68,,1140.0,6,False
2026-02-25 01:16:00+00:00,,,,,,,,0.6613888888888888,0.6599999999999999,,36.0,3,False
2026-02-25 01:16:30+00:00,,,,,,,,0.674,0.6599999999999999,,20.0,2,False
2026-02-25 01:17:00+00:00,,,,,,,,0.68,0.68,,786.0,2,False
2026-02-25 01:17:30+00:00,,,,,,,,0.6748571428571428,0.6599999999999999,,105.0,4,False
2026-02-25 01:18:00+00:00,,,,,,,,0.6738095238095239,0.6599999999999999,,42.0,3,False
2026-02-25 01:18:30+00:00,,,,,,,,0.6616625310173697,0.68,,1612.0,6,False
2026-02-25 01:19:00+00:00,,,,,,,,0.6745989304812834,0.68,,374.0,4,False
2026-02-25 01:19:30+00:00,,,,,,,,0.6722063037249284,0.68,,349.0,4,False
2026-02-25 01:20:00+00:00,,,,,,,,0.6795229982964226,0.6599999999999999,,587.0,3,False
2026-02-25 01:20:30+00:00,,,,,,,,0.6656410256410257,0.6599999999999999,,195.0,3,False
2026-02-25 01:21:00+00:00,,,,,,,,0.68,0.68,,484.0,6,False
2026-02-25 01:21:30+00:00,,,,,,,,0.6794539249146758,0.6599999999999999,,293.0,2,False
2026-02-25 01:22:00+00:00,,,,,,,,0.6786666666666668,0.68,,30.0,2,False
2026-02-25 01:22:30+00:00,,,,,,,,0.6799999999999999,0.68,,1528.0,5,False
2026-02-25 01:23:00+00:00,,,,,,,,0.68,0.68,,135.0,3,False
2026-02-25 01:23:30+00:00,,,,,,,,0.6606666666666665,0.6599999999999999,,60.0,3,False
2026-02-25 01:24:00+00:00,,,,,,,,0.6747572815533981,0.68,,103.0,3,False
2026-02-25 01:24:30+00:00,,,,,,,,0.6599999999999999,0.6599999999999999,,2557.0,3,False
2026-02-25 01:25:00+00:00,,,,,,,,0.661578947368421,0.6599999999999999,,266.0,6,False
2026-02-25 01:25:30+00:00,,,,,,,,0.68,0.68,,21.0,1,False
2026-02-25 01:26:00+00:00,,,,,,,,0.68,0.68,,7.0,1,False
2026-02-25 01:26:30+00:00,,,,,,,,0.6799805892547661,0.68,,14425.0,4,False
2026-02-25 01:27:00+00:00,,,,,,,,0.6792678868552413,0.6599999999999999,,1202.0,3,False
2026-02-25 01:27:30+00:00,,,,,,,,0.6797908032366292,0.6599999999999999,,10134.0,5,False
2026-02-25 01:28:00+00:00,,,,,,,,0.6614285714285713,0.6599999999999999,,14.0,2,False
2026-02-25 01:28:30+00:00,,,,,,,,0.68,0.68,,827.0,3,False
2026-02-25 01:29:00+00:00,,,,,,,,0.68,0.68,,7.0,1,False
2026-02-25 01:29:30+00:00,,,,,,,,0.6798099117447386,0.68,,1473.0,5,False
2026-02-25 01:30:00+00:00,,,,,,,,0.6751050788091069,0.6599999999999999,,1142.0,7,False
2026-02-25 01:30:30+00:00,,,,,,,,0.6628571428571428,0.6599999999999999,,49.0,2,False
2026-02-25 01:31:00+00:00,,,,,,,,0.6772,0.68,,375.0,4,False
2026-02-25 01:31:30+00:00,,,,,,,,0.6799942791762015,0.67,,1748.0,6,False
2026-02-25 01:32:00+00:00,,,,,,,,0.6775280898876406,0.6599999999999999,,445.0,5,False
2026-02-25 01:32:30+00:00,,,,,,,,0.68,0.68,,48.0,1,False
2026-02-25 01:33:00+00:00,,,,,,,,0.68,0.68,,256.0,2,False
2026-02-25 01:33:30+00:00,,,,,,,,0.670754716981132,0.6599999999999999,,106.0,3,False
2026-02-25 01:34:00+00:00,,,,,,,,0.6799734923790591,0.68,,1509.0,6,False
2026-02-25 01:34:30+00:00,,,,,,,,0.6793846153846155,0.68,,65.0,4,False
2026-02-25 01:35:00+00:00,,,,,,,,0.6778571428571428,0.68,,280.0,5,False
2026-02-25 01:35:30+00:00,,,,,,,,0.6685714285714285,0.68,,98.0,3,False
2026-02-25 01:36:00+00:00,,,,,,,,0.68,0.68,,21.0,1,False
2026-02-25 01:36:30+00:00,,,,,,,,0.6750160771704181,0.68,,622.0,5,False
2026-02-25 01:37:00+00:00,,,,,,,,0.6668146370725855,0.6599999999999999,,1667.0,9,False
2026-02-25 01:37:30+00:00,,,,,,,,0.6746153846153846,0.67,,247.0,4,False
2026-02-25 01:38:00+00:00,,,,,,,,0.6799291152533473,0.6599999999999999,,7618.0,7,False
2026-02-25 01:38:30+00:00,,,,,,,,0.6793806771263419,0.68,,2422.0,8,False
2026-02-25 01:39:00+00:00,,,,,,,,0.6621999999999999,0.68,,200.0,4,False
2026-02-25 01:39:30+00:00,,,,,,,,0.674873949579832,0.6599999999999999,,238.0,7,False
2026-02-25 01:40:00+00:00,,,,,,,,0.66084142394822,0.6599999999999999,,309.0,5,False
2026-02-25 01:40:30+00:00,,,,,,,,0.6666666666666666,0.68,,21.0,2,False
2026-02-25 01:41:00+00:00,,,,,,,,0.6799999999999999,0.68,,407.0,2,False
2026-02-25 01:41:30+00:00,,,,,,,,0.6743379663496708,0.68,,1367.0,10,False
2026-02-25 01:42:00+00:00,,,,,,,,0.6762857142857144,0.6599999999999999,,70.0,2,False
2026-02-25 01:42:30+00:00,,,,,,,,0.677142857142857,0.6599999999999999,,147.0,5,False
2026-02-25 01:43:00+00:00,,,,,,,,0.6764335664335664,0.68,,429.0,7,False
2026-02-25 01:43:30+00:00,,,,,,,,0.6618412698412698,0.68,,315.0,5,False
2026-02-25 01:44:00+00:00,,,,,,,,0.6756568364611261,0.6599999999999999,,373.0,7,False
2026-02-25 01:44:30+00:00,,,,,,,,0.68,0.68,,5.0,2,False
2026-02-25 01:45:00+00:00,,,,,,,,0.6799818840579711,0.68,,2208.0,6,False
2026-02-25 01:45:30+00:00,,,,,,,,0.6601570306923625,0.68,,33624.0,5,False
2026-02-25 01:46:00+00:00,,,,,,,,0.6746091644204851,0.6599999999999999,,1113.0,12,False
2026-02-25 01:46:30+00:00,,,,,,,,0.6702633559066967,0.68,,5316.0,13,False
2026-02-25 01:47:00+00:00,,,,,,,,0.6735260115606937,0.6599999999999999,,519.0,5,False
2026-02-25 01:47:30+00:00,,,,,,,,0.6791973684210526,0.6599999999999999,,1520.0,6,False
2026-02-25 01:48:00+00:00,,,,,,,,0.6732941176470588,0.67,,255.0,7,False
2026-02-25 01:48:30+00:00,,,,,,,,0.6673716012084592,0.68,,662.0,9,False
2026-02-25 01:49:00+00:00,,,,,,,,0.6747844827586207,0.68,,464.0,5,False
2026-02-25 01:49:30+00:00,,,,,,,,0.6760215053763441,0.6699999999999999,,837.0,6,False
2026-02-25 01:50:00+00:00,,,,,,,,0.6769791666666668,0.68,,192.0,6,False
2026-02-25 01:50:30+00:00,,,,,,,,0.6770695970695971,0.68,,1365.0,12,False
2026-02-25 01:51:00+00:00,,,,,,,,0.6782978041352782,0.68,,6239.0,6,False
2026-02-25 01:51:30+00:00,,,,,,,,0.679965457685665,0.68,,1158.0,6,False
2026-02-25 01:52:00+00:00,,,,,,,,0.6757083333333334,0.68,,480.0,12,False
2026-02-25 01:52:30+00:00,,,,,,,,0.6643162393162393,0.6599999999999999,,468.0,6,False
2026-02-25 01:53:00+00:00,,,,,,,,0.6754250386398764,0.6599999999999999,,647.0,9,False
2026-02-25 01:53:30+00:00,,,,,,,,0.6696336996336996,0.6599999999999999,,819.0,10,False
2026-02-25 01:54:00+00:00,,,,,,,,0.674268727705113,0.6599999999999999,,2523.0,12,False
2026-02-25 01:54:30+00:00,,,,,,,,0.67980198019802,0.68,,202.0,7,False
2026-02-25 01:55:00+00:00,,,,,,,,0.6650088967971529,0.68,,2248.0,10,False
2026-02-25 01:55:30+00:00,,,,,,,,0.6648,0.68,,925.0,10,False
2026-02-25 01:56:00+00:00,,,,,,,,0.6760501043841336,0.68,,2395.0,12,False
2026-02-25 01:56:30+00:00,,,,,,,,0.676727976766699,0.68,,1033.0,8,False
2026-02-25 01:57:00+00:00,,,,,,,,0.6700197641927349,0.67,,29346.0,11,False
2026-02-25 01:57:30+00:00,,,,,,,,0.6696187831355719,0.67,,7922.0,12,False
2026-02-25 01:58:00+00:00,,,,,,,,0.6693983484073929,0.6599999999999999,,2543.0,7,False
2026-02-25 01:58:30+00:00,,,,,,,,0.6699719521316381,0.67,,5348.0,10,False
2026-02-25 01:59:00+00:00,,,,,,,,0.6689400921658987,0.6599999999999999,,651.0,10,False
2026-02-25 01:59:30+00:00,,,,,,,,0.6645833333333333,0.67,,1128.0,9,False
2026-02-25 02:00:00+00:00,,,,,,,,0.6669489870637052,0.6599999999999999,,4097.0,10,False
2026-02-25 02:00:30+00:00,,,,,,,,0.6673913043478261,0.67,,184.0,8,False
2026-02-25 02:01:00+00:00,,,,,,,,0.6687632508833923,0.67,,1132.0,8,False
2026-02-25 02:01:30+00:00,,,,,,,,0.6699949849548648,0.6599999999999999,,1994.0,7,False
2026-02-25 02:02:00+00:00,,,,,,,,0.6697890869506055,0.67,,7349.0,14,False
2026-02-25 02:02:30+00:00,,,,,,,,0.6662376237623763,0.67,,1818.0,8,False
2026-02-25 02:03:00+00:00,,,,,,,,0.6697940691927513,0.67,,2428.0,15,False
2026-02-25 02:03:30+00:00,,,,,,,,0.6689705882352941,0.67,,612.0,8,False
2026-02-25 02:04:00+00:00,,,,,,,,0.6652542372881355,0.67,,236.0,7,False
2026-02-25 02:04:30+00:00,,,,,,,,0.6685185185185186,0.67,,621.0,9,False
2026-02-25 02:05:00+00:00,,,,,,,,0.6689627507163324,0.67,,1745.0,15,False
2026-02-25 02:05:30+00:00,,,,,,,,0.6643212871919294,0.67,,7831.0,45,False
2026-02-25 02:06:00+00:00,,,,,,,,0.664344163658243,0.6599999999999999,,831.0,9,False
2026-02-25 02:06:30+00:00,,,,,,,,0.6657361963190184,0.67,,652.0,8,False
2026-02-25 02:07:00+00:00,,,,,,,,0.6679041604754827,0.67,,13460.0,10,False
2026-02-25 02:07:30+00:00,,,,,,,,0.6612717481358742,0.6599999999999999,,2414.0,10,False
2026-02-25 02:08:00+00:00,,,,,,,,0.6636993603411513,0.6599999999999999,,938.0,9,False
2026-02-25 02:08:30+00:00,,,,,,,,0.6679338842975208,0.67,,1210.0,5,False
2026-02-25 02:09:00+00:00,,,,,,,,0.6604415736934821,0.6599999999999999,,8515.0,11,False
2026-02-25 02:09:30+00:00,,,,,,,,0.6696405648267009,0.67,,779.0,8,False
2026-02-25 02:10:00+00:00,,,,,,,,0.6688267770876466,0.67,,1449.0,18,False
2026-02-25 02:10:30+00:00,0.0,1.0,12:00,0.0,0.0,0.0,0.638,0.6678458249245708,0.66,0.029845824924570774,50047.0,52,False
2026-02-25 02:11:00+00:00,36.0,1.0,11:24,3.0,3.0,0.0,0.656,0.6763184509659852,0.68,0.02031845096598517,23137.0,32,False
2026-02-25 02:11:30+00:00,70.0,1.0,10:50,6.0,3.0,3.0,0.724,0.6853810489713127,0.72,-0.03861895102868729,6902.0,27,False
2026-02-25 02:12:00+00:00,87.0,1.0,10:33,8.0,3.0,5.0,0.742,0.7175145436308926,0.72,-0.024485456369107372,4985.0,31,False
2026-02-25 02:12:30+00:00,108.0,1.0,10:12,8.0,3.0,5.0,0.743,0.7134494401990404,0.72,-0.029550559800959553,5627.0,36,False
2026-02-25 02:13:00+00:00,125.0,1.0,9:55,8.0,3.0,5.0,0.742,0.7116736652669465,0.72,-0.03032633473305346,1667.0,16,False
2026-02-25 02:13:30+00:00,144.0,1.0,9:36,8.0,5.0,3.0,0.723,0.7145359378372544,0.73,-0.008464062162745534,9266.0,139,False
2026-02-25 02:14:00+00:00,179.0,1.0,9:01,10.0,7.0,3.0,0.723,0.6931252497801935,0.6699999999999999,-0.029874750219806456,25022.0,60,False
2026-02-25 02:14:30+00:00,204.0,1.0,8:36,10.0,10.0,0.0,0.654,0.6704631083202511,0.68,0.016463108320251107,5096.0,24,False
2026-02-25 02:15:00+00:00,239.0,1.0,8:01,10.0,10.0,0.0,0.632,0.6629797012638835,0.6599999999999999,0.030979701263883497,2611.0,25,False
2026-02-25 02:15:30+00:00,257.0,1.0,7:43,10.0,12.0,-2.0,0.606,0.6548293723339428,0.65,0.0488293723339428,6564.0,37,False
2026-02-25 02:16:00+00:00,274.0,1.0,7:26,10.0,12.0,-2.0,0.579,0.6520835212992202,0.64,0.07308352129922024,15517.0,48,False
2026-02-25 02:16:30+00:00,296.0,1.0,7:04,10.0,12.0,-2.0,0.604,0.6434601948887662,0.64,0.039460194888766176,5439.0,44,False
2026-02-25 02:17:00+00:00,326.0,1.0,6:34,10.0,12.0,-2.0,0.603,0.6252726120033814,0.62,0.022272612003381376,9464.0,44,True
2026-02-25 02:17:30+00:00,354.0,1.0,6:06,10.0,15.0,-5.0,0.521,0.6051927616050352,0.6,0.0841927616050352,5084.0,38,True
2026-02-25 02:18:00+00:00,375.0,1.0,5:45,12.0,15.0,-3.0,0.548,0.6105947599923504,0.62,0.06259475999235031,5229.0,41,True
2026-02-25 02:18:30+00:00,375.0,1.0,5:45,12.0,15.0,-3.0,0.548,0.618684317718941,0.62,0.0706843177189409,4910.0,34,True
2026-02-25 02:19:00+00:00,375.0,1.0,5:45,12.0,15.0,-3.0,0.548,0.6142919075144508,0.62,0.0662919075144508,1384.0,24,False
2026-02-25 02:19:30+00:00,375.0,1.0,5:45,12.0,15.0,-3.0,0.548,0.6171150097465887,0.62,0.06911500974658868,2052.0,20,False
2026-02-25 02:20:00+00:00,375.0,1.0,5:45,12.0,15.0,-3.0,0.548,0.6179199518909531,0.6,0.06991995189095301,14966.0,35,False
2026-02-25 02:20:30+00:00,375.0,1.0,5:45,12.0,15.0,-3.0,0.548,0.6124234079173838,0.6,0.06442340791738377,2905.0,32,False
2026-02-25 02:21:00+00:00,393.0,1.0,5:27,12.0,15.0,-3.0,0.5660000000000001,0.610065592471125,0.63,0.04406559247112496,14026.0,46,False
2026-02-25 02:21:30+00:00,412.0,1.0,5:08,15.0,17.0,-2.0,0.573,0.6139593735814799,0.6,0.04095937358147994,8812.0,46,False
2026-02-25 02:22:00+00:00,457.0,1.0,4:23,15.0,20.0,-5.0,0.493,0.5921582031249999,0.58,0.0991582031249999,4096.0,67,False
2026-02-25 02:22:30+00:00,484.0,1.0,3:56,15.0,20.0,-5.0,0.507,0.6084455014674628,0.61,0.10144550146746278,9881.0,49,False
2026-02-25 02:23:00+00:00,517.0,1.0,3:23,17.0,20.0,-3.0,0.5609999999999999,0.620688952303302,0.62,0.05968895230330207,4906.0,53,False
2026-02-25 02:23:30+00:00,525.0,1.0,3:15,17.0,20.0,-3.0,0.542,0.6114549483013294,0.6,0.06945494830132937,2708.0,37,True
2026-02-25 02:24:00+00:00,549.0,1.0,2:51,17.0,22.0,-5.0,0.482,0.5822097292335934,0.5700000000000001,0.10020972923359339,4358.0,43,True
2026-02-25 02:24:30+00:00,549.0,1.0,2:51,17.0,22.0,-5.0,0.482,0.5726625793737684,0.58,0.09066257937376843,4567.0,34,True
2026-02-25 02:25:00+00:00,549.0,1.0,2:51,17.0,22.0,-5.0,0.482,0.5715489390828201,0.57,0.08954893908282013,14610.0,40,True
2026-02-25 02:25:30+00:00,549.0,1.0,2:51,17.0,22.0,-5.0,0.482,0.5726291716076571,0.57,0.09062917160765716,11806.0,50,False
2026-02-25 02:26:00+00:00,549.0,1.0,2:51,17.0,22.0,-5.0,0.482,0.5701535531484347,0.58,0.08815355314843476,8401.0,37,False
2026-02-25 02:26:30+00:00,549.0,1.0,2:51,17.0,22.0,-5.0,0.482,0.5773550524572061,0.56,0.0953550524572061,1811.0,25,False
2026-02-25 02:27:00+00:00,549.0,1.0,2:51,17.0,22.0,-5.0,0.482,0.5606798759258087,0.57,0.07867987592580872,31594.0,42,False
2026-02-25 02:27:30+00:00,557.0,1.0,2:43,17.0,22.0,-5.0,0.43700000000000006,0.5605152766308836,0.56,0.12351527663088357,6055.0,37,False
2026-02-25 02:28:00+00:00,578.0,1.0,2:22,17.0,24.0,-7.0,0.45199999999999996,0.5560392640197201,0.55,0.10403926401972019,11359.0,55,False
2026-02-25 02:28:30+00:00,592.0,1.0,2:08,17.0,24.0,-7.0,0.41900000000000004,0.5547207717497125,0.56,0.13572077174971242,11299.0,48,False
2026-02-25 02:29:00+00:00,617.0,1.0,1:43,17.0,24.0,-7.0,0.44799999999999995,0.5708882030178326,0.58,0.12288820301783265,8748.0,49,False
2026-02-25 02:29:30+00:00,646.0,1.0,1:14,19.0,24.0,-5.0,0.508,0.6094223054292592,0.63,0.10142230542925923,3739.0,52,False
2026-02-25 02:30:00+00:00,670.4,1.0,49.6,21.0,24.0,-3.0,0.563,0.6118740849194728,0.6,0.04887408491947287,5464.0,46,False
2026-02-25 02:30:30+00:00,709.0,1.0,11.0,21.0,24.0,-3.0,0.488,0.6153179594689029,0.6,0.1273179594689029,4293.0,33,False
2026-02-25 02:31:00+00:00,709.0,1.0,11.0,21.0,24.0,-3.0,0.488,0.6027454769014579,0.59,0.11474547690145787,5693.0,34,False
2026-02-25 02:31:30+00:00,709.0,1.0,11.0,21.0,26.0,-5.0,0.505,0.593752995911462,0.5800000000000001,0.08875299591146202,7093.0,33,False
2026-02-25 02:32:00+00:00,720.0,1.0,0.0,21.0,26.0,-5.0,0.489,0.5828102010789604,0.58,0.09381020107896043,2039.0,18,False
2026-02-25 02:32:30+00:00,720.0,1.0,0.0,21.0,26.0,-5.0,0.489,0.5868407960199004,0.58,0.09784079601990037,4020.0,31,False
2026-02-25 02:33:00+00:00,720.0,2.0,12:00,21.0,26.0,-5.0,0.489,0.578036339754816,0.58,0.08903633975481606,4568.0,33,False
2026-02-25 02:33:30+00:00,720.0,2.0,12:00,21.0,26.0,-5.0,0.489,0.5697143145568343,0.58,0.08071431455683431,19812.0,42,False
2026-02-25 02:34:00+00:00,720.0,2.0,12:00,21.0,26.0,-5.0,0.489,0.5705436991869919,0.5700000000000001,0.08154369918699189,1968.0,22,False
2026-02-25 02:34:30+00:00,720.0,2.0,12:00,21.0,26.0,-5.0,0.489,0.578747067605033,0.58,0.08974706760503304,18756.0,25,False
2026-02-25 02:35:00+00:00,730.0,2.0,11:50,21.0,26.0,-5.0,0.5,0.5787317631353104,0.58,0.07873176313531038,10487.0,26,False
2026-02-25 02:35:30+00:00,742.0,2.0,11:38,21.0,26.0,-5.0,0.499,0.5463373846294436,0.55,0.04733738462944359,21886.0,50,False
2026-02-25 02:36:00+00:00,778.0,2.0,11:02,23.0,28.0,-5.0,0.46599999999999997,0.5600674292594823,0.5800000000000001,0.0940674292594823,8305.0,53,False
2026-02-25 02:36:30+00:00,800.0,2.0,10:40,25.0,28.0,-3.0,0.526,0.5822481751824818,0.59,0.05624817518248182,5480.0,38,False
2026-02-25 02:37:00+00:00,811.0,2.0,10:29,25.0,28.0,-3.0,0.479,0.5862083060824068,0.5800000000000001,0.10720830608240683,6116.0,48,False
2026-02-25 02:37:30+00:00,811.0,2.0,10:29,25.0,29.0,-4.0,0.471,0.5790466128029832,0.5700000000000001,0.10804661280298322,8045.0,32,False
2026-02-25 02:38:00+00:00,811.0,2.0,10:29,25.0,30.0,-5.0,0.494,0.5753315824031515,0.58,0.08133158240315153,1523.0,23,False
2026-02-25 02:38:30+00:00,828.0,2.0,10:12,25.0,30.0,-5.0,0.492,0.5773195368317319,0.58,0.08531953683173188,4059.0,34,False
2026-02-25 02:39:00+00:00,830.0,2.0,10:10,25.0,30.0,-5.0,0.538,0.5710816179126039,0.58,0.03308161791260389,5538.0,18,False
2026-02-25 02:39:30+00:00,848.0,2.0,9:52,25.0,30.0,-5.0,0.45999999999999996,0.5376447014891388,0.55,0.07764470148913882,43918.0,76,False
2026-02-25 02:40:00+00:00,884.0,2.0,9:16,28.0,33.0,-5.0,0.45799999999999996,0.5496679609050743,0.5800000000000001,0.09166796090507434,7469.0,51,True
2026-02-25 02:40:30+00:00,903.0,2.0,8:57,28.0,33.0,-5.0,0.488,0.5546769639594752,0.52,0.0666769639594752,12042.0,65,True
2026-02-25 02:41:00+00:00,932.0,2.0,8:28,28.0,35.0,-7.0,0.42400000000000004,0.525945689327763,0.53,0.10194568932776293,5266.0,48,True
2026-02-25 02:41:30+00:00,932.0,2.0,8:28,28.0,35.0,-7.0,0.42400000000000004,0.5239166383508891,0.53,0.09991663835088904,8829.0,61,True
2026-02-25 02:42:00+00:00,932.0,2.0,8:28,28.0,35.0,-7.0,0.42400000000000004,0.5261705662467119,0.52,0.10217056624671184,14446.0,52,False
2026-02-25 02:42:30+00:00,932.0,2.0,8:28,28.0,35.0,-7.0,0.42400000000000004,0.5251983503534957,0.51,0.10119835035349567,5092.0,39,False
2026-02-25 02:43:00+00:00,932.0,2.0,8:28,28.0,35.0,-7.0,0.42400000000000004,0.5203351773511228,0.52,0.09633517735112274,3073.0,55,False
2026-02-25 02:43:30+00:00,932.0,2.0,8:28,28.0,35.0,-7.0,0.42400000000000004,0.5214096136832792,0.51,0.09740961368327916,3391.0,35,False
2026-02-25 02:44:00+00:00,932.0,2.0,8:28,28.0,35.0,-7.0,0.42400000000000004,0.501312585603409,0.44999999999999996,0.07731258560340892,13142.0,75,False
2026-02-25 02:44:30+00:00,963.0,2.0,7:57,28.0,38.0,-10.0,0.33199999999999996,0.4404305955959026,0.46,0.10843059559590262,16303.0,73,False
2026-02-25 02:45:00+00:00,1002.0,2.0,7:18,28.0,38.0,-10.0,0.32799999999999996,0.4533338076266363,0.43999999999999995,0.12533380762663632,14056.0,72,False
2026-02-25 02:45:30+00:00,1023.0,2.0,6:57,28.0,38.0,-10.0,0.369,0.4501697595951075,0.46,0.08116975959510753,9484.0,65,False
2026-02-25 02:46:00+00:00,1023.0,2.0,6:57,29.0,38.0,-9.0,0.376,0.44699060665362045,0.44,0.07099060665362045,25550.0,62,False
2026-02-25 02:46:30+00:00,1039.0,2.0,6:41,30.0,41.0,-11.0,0.29200000000000004,0.4116946027489105,0.42,0.11969460274891047,5966.0,58,False
2026-02-25 02:47:00+00:00,1058.0,2.0,6:22,30.0,41.0,-11.0,0.33599999999999997,0.41329240340537,0.41000000000000003,0.07729240340537002,12216.0,61,False
2026-02-25 02:47:30+00:00,1058.0,2.0,6:22,31.0,41.0,-10.0,0.34299999999999997,0.4171558836300478,0.41000000000000003,0.07415588363004783,2303.0,45,False
2026-02-25 02:48:00+00:00,1078.0,2.0,6:02,32.0,41.0,-9.0,0.348,0.4412736565824009,0.44999999999999996,0.09327365658240094,7239.0,42,False
2026-02-25 02:48:30+00:00,1088.0,2.0,5:52,32.0,41.0,-9.0,0.347,0.44064009090048295,0.45,0.09364009090048298,10561.0,56,False
2026-02-25 02:49:00+00:00,1112.0,2.0,5:28,32.0,41.0,-9.0,0.344,0.46456519447665223,0.5,0.12056519447665226,18974.0,72,True
2026-02-25 02:49:30+00:00,1132.0,2.0,5:08,35.0,41.0,-6.0,0.40800000000000003,0.5184847477350177,0.56,0.11048474773501771,84217.0,67,True
2026-02-25 02:50:00+00:00,1162.0,2.0,4:38,37.0,41.0,-4.0,0.46799999999999997,0.5631043062200958,0.56,0.0951043062200958,26125.0,46,True
2026-02-25 02:50:30+00:00,1162.0,2.0,4:38,37.0,41.0,-4.0,0.46799999999999997,0.5603445512820513,0.5700000000000001,0.09234455128205132,2496.0,28,True
2026-02-25 02:51:00+00:00,1162.0,2.0,4:38,37.0,41.0,-4.0,0.46799999999999997,0.5588739946380697,0.56,0.09087399463806978,6714.0,34,False
2026-02-25 02:51:30+00:00,1162.0,2.0,4:38,37.0,41.0,-4.0,0.46799999999999997,0.5569620253164558,0.55,0.0889620253164558,1659.0,24,False
2026-02-25 02:52:00+00:00,1162.0,2.0,4:38,37.0,41.0,-4.0,0.46799999999999997,0.5558999651850992,0.55,0.08789996518509924,8617.0,36,False
2026-02-25 02:52:30+00:00,1162.0,2.0,4:38,37.0,41.0,-4.0,0.46799999999999997,0.5591752486576886,0.55,0.09117524865768867,11361.0,33,False
2026-02-25 02:53:00+00:00,1172.0,2.0,4:28,37.0,41.0,-4.0,0.503,0.5600215053763441,0.6,0.057021505376344095,10230.0,50,False
2026-02-25 02:53:30+00:00,1187.0,2.0,4:13,39.0,41.0,-2.0,0.531,0.6106198476468746,0.64,0.07961984764687458,19166.0,88,False
2026-02-25 02:54:00+00:00,1221.0,2.0,3:39,42.0,41.0,1.0,0.628,0.6678594249201278,0.67,0.03985942492012784,6886.0,80,False
2026-02-25 02:54:30+00:00,1240.0,2.0,3:20,42.0,41.0,1.0,0.657,0.6745558150397012,0.67,0.01755581503970116,21410.0,96,False
2026-02-25 02:55:00+00:00,1261.0,2.0,2:59,42.0,41.0,1.0,0.657,0.6914123965742487,0.6799999999999999,0.03441239657424866,13778.0,73,False
2026-02-25 02:55:30+00:00,1262.0,2.0,2:58,42.0,41.0,1.0,0.7010000000000001,0.7024149757073448,0.69,0.0014149757073447233,6998.0,51,False
2026-02-25 02:56:00+00:00,1262.0,2.0,2:58,44.0,41.0,3.0,0.685,0.6913971838650431,0.65,0.006397183865043066,29402.0,65,False
2026-02-25 02:56:30+00:00,1284.0,2.0,2:36,44.0,41.0,3.0,0.641,0.662583315129008,0.67,0.02158331512900802,41199.0,72,False
2026-02-25 02:57:00+00:00,1284.0,2.0,2:36,44.0,41.0,3.0,0.714,0.6759540780556206,0.68,-0.03804592194437939,17116.0,53,False
2026-02-25 02:57:30+00:00,1284.0,2.0,2:36,44.0,41.0,3.0,0.714,0.6747965815009347,0.6599999999999999,-0.03920341849906528,11233.0,58,False
2026-02-25 02:58:00+00:00,1284.0,2.0,2:36,44.0,41.0,3.0,0.714,0.6778776290630977,0.6599999999999999,-0.03612237093690229,3661.0,41,False
2026-02-25 02:58:30+00:00,1284.0,2.0,2:36,44.0,41.0,3.0,0.714,0.6745550811272418,0.66,-0.03944491887275814,5855.0,50,False
2026-02-25 02:59:00+00:00,1284.0,2.0,2:36,44.0,43.0,1.0,0.603,0.6561906761864762,0.64,0.053190676186476216,9524.0,48,False
2026-02-25 02:59:30+00:00,1299.0,2.0,2:21,44.0,44.0,0.0,0.627,0.6581382479834927,0.7,0.03113824798349274,10662.0,43,False
2026-02-25 03:00:00+00:00,1327.0,2.0,1:53,46.0,44.0,2.0,0.6579999999999999,0.6879642342571405,0.72,0.029964234257140565,11799.0,49,False
2026-02-25 03:00:30+00:00,1349.0,2.0,1:31,48.0,44.0,4.0,0.716,0.7081834287271737,0.69,-0.007816571272826311,7338.0,60,False
2026-02-25 03:01:00+00:00,1373.0,2.0,1:07,48.0,46.0,2.0,0.6839999999999999,0.7075612027674294,0.71,0.023561202767429457,7516.0,66,False
2026-02-25 03:01:30+00:00,1406.9,2.0,33.1,50.0,46.0,4.0,0.738,0.7182505720823799,0.73,-0.019749427917620133,8740.0,48,False
2026-02-25 03:02:00+00:00,1435.7,2.0,4.3,50.0,46.0,4.0,0.669,0.7081646168401134,0.7,0.03916461684011341,4228.0,34,False
2026-02-25 03:02:30+00:00,1435.7,2.0,4.3,50.0,46.0,4.0,0.669,0.7173747078680861,0.71,0.048374707868086064,3851.0,38,False
2026-02-25 03:03:00+00:00,1440.0,2.0,0.0,50.0,46.0,4.0,0.726,0.7106309566895886,0.71,-0.015369043310411334,8289.0,30,False
2026-02-25 03:03:30+00:00,1440.0,2.0,0.0,50.0,46.0,4.0,0.726,0.7176800509878904,0.72,-0.008319949012109529,1569.0,28,False
2026-02-25 03:04:00+00:00,1440.0,2.0,0.0,50.0,46.0,4.0,0.726,0.7176476329917033,0.72,-0.008352367008296668,4098.0,20,False
2026-02-25 03:04:30+00:00,1440.0,2.0,0.0,50.0,46.0,4.0,0.726,0.7123683641552675,0.71,-0.013631635844732481,69377.0,34,False
2026-02-25 03:05:00+00:00,1440.0,2.0,0.0,50.0,46.0,4.0,0.726,0.719498266739646,0.72,-0.00650173326035397,21924.0,60,False
2026-02-25 03:05:30+00:00,1440.0,2.0,0.0,50.0,46.0,4.0,0.726,0.7177657935285053,0.72,-0.008234206471494643,3245.0,26,False
2026-02-25 03:06:00+00:00,1440.0,2.0,0.0,50.0,46.0,4.0,0.726,0.7222010178117048,0.73,-0.003798982188295219,5502.0,37,False
2026-02-25 03:06:30+00:00,1440.0,2.0,0.0,50.0,46.0,4.0,0.726,0.7137251297033194,0.71,-0.012274870296680618,39706.0,31,False
2026-02-25 03:07:00+00:00,1440.0,2.0,0.0,50.0,46.0,4.0,0.726,0.7171364402021336,0.73,-0.00886355979786635,1781.0,16,False
2026-02-25 03:07:30+00:00,1440.0,2.0,0.0,50.0,46.0,4.0,0.726,0.7204316256555062,0.72,-0.005568374344493754,2479.0,27,False
2026-02-25 03:08:00+00:00,1440.0,2.0,0.0,50.0,46.0,4.0,0.726,0.7215790681661693,0.73,-0.0044209318338306325,4357.0,30,False
2026-02-25 03:08:30+00:00,1440.0,2.0,0.0,50.0,46.0,4.0,0.726,0.7220108869676594,0.71,-0.003989113032340619,3123.0,29,False
2026-02-25 03:09:00+00:00,1440.0,2.0,0.0,50.0,46.0,4.0,0.726,0.7190894952636786,0.72,-0.006910504736321377,7073.0,28,False
2026-02-25 03:09:30+00:00,1440.0,2.0,0.0,50.0,46.0,4.0,0.726,0.7198018356278681,0.71,-0.006198164372131831,4794.0,27,False
2026-02-25 03:10:00+00:00,1440.0,2.0,0.0,50.0,46.0,4.0,0.726,0.7213318284424379,0.73,-0.004668171557562051,2658.0,27,False
2026-02-25 03:10:30+00:00,1440.0,2.0,0.0,50.0,46.0,4.0,0.726,0.7143975535168196,0.72,-0.011602446483180429,1635.0,25,False
2026-02-25 03:11:00+00:00,1440.0,2.0,0.0,50.0,46.0,4.0,0.726,0.7167971678467304,0.73,-0.009202832153269558,2401.0,24,False
2026-02-25 03:11:30+00:00,1440.0,2.0,0.0,50.0,46.0,4.0,0.726,0.7181492265696088,0.71,-0.0078507734303912,5495.0,26,False
2026-02-25 03:12:00+00:00,1440.0,2.0,0.0,50.0,46.0,4.0,0.726,0.7205074971164936,0.72,-0.005492502883506334,5202.0,22,False
2026-02-25 03:12:30+00:00,1440.0,2.0,0.0,50.0,46.0,4.0,0.726,0.7234887168506012,0.73,-0.0025112831493987464,12142.0,29,False
2026-02-25 03:13:00+00:00,1440.0,3.0,12:00,50.0,46.0,4.0,0.726,0.729746385288475,0.73,0.0037463852884750404,21371.0,28,False
2026-02-25 03:13:30+00:00,1440.0,3.0,12:00,50.0,46.0,4.0,0.726,0.7293172009864364,0.72,0.003317200986436397,6488.0,22,False
2026-02-25 03:14:00+00:00,1440.0,3.0,12:00,50.0,46.0,4.0,0.726,0.727241910631741,0.72,0.001241910631741061,649.0,17,False
2026-02-25 03:14:30+00:00,1440.0,3.0,12:00,50.0,46.0,4.0,0.726,0.7214731785428342,0.72,-0.004526821457165764,2498.0,23,False
2026-02-25 03:15:00+00:00,1440.0,3.0,12:00,50.0,46.0,4.0,0.726,0.7278611202096298,0.72,0.0018611202096298074,6106.0,25,False
2026-02-25 03:15:30+00:00,1440.0,3.0,12:00,50.0,46.0,4.0,0.726,0.727050635949124,0.72,0.0010506359491240236,4167.0,33,False
2026-02-25 03:16:00+00:00,1440.0,3.0,12:00,50.0,46.0,4.0,0.726,0.720895406177005,0.72,-0.005104593822994996,3853.0,27,False
2026-02-25 03:16:30+00:00,1440.0,3.0,12:00,50.0,46.0,4.0,0.726,0.7277418527072106,0.73,0.0017418527072106116,3897.0,36,False
2026-02-25 03:17:00+00:00,1440.0,3.0,12:00,50.0,46.0,4.0,0.726,0.7247822822822823,0.72,-0.0012177177177177256,1332.0,34,False
2026-02-25 03:17:30+00:00,1440.0,3.0,12:00,50.0,46.0,4.0,0.726,0.7258178951517541,0.73,-0.0001821048482458787,2537.0,23,False
2026-02-25 03:18:00+00:00,1440.0,3.0,12:00,50.0,46.0,4.0,0.726,0.7210301737275221,0.72,-0.004969826272477884,3281.0,23,False
2026-02-25 03:18:30+00:00,1440.0,3.0,12:00,50.0,46.0,4.0,0.726,0.7298150623885917,0.73,0.00381506238859175,4488.0,35,False
2026-02-25 03:19:00+00:00,1462.0,3.0,11:38,50.0,46.0,4.0,0.7150000000000001,0.7344792762465812,0.75,0.01947927624658108,4753.0,47,False
2026-02-25 03:19:30+00:00,1493.0,3.0,11:07,53.0,46.0,7.0,0.8009999999999999,0.779115672921464,0.78,-0.021884327078535937,20411.0,50,False
2026-02-25 03:20:00+00:00,1504.0,3.0,10:56,53.0,46.0,7.0,0.827,0.8014073204149541,0.8,-0.025592679585045852,10218.0,78,False
2026-02-25 03:20:30+00:00,1530.0,3.0,10:30,55.0,46.0,9.0,0.812,0.8106158401184308,0.81,-0.001384159881569258,20265.0,91,False
2026-02-25 03:21:00+00:00,1530.0,3.0,10:30,55.0,47.0,8.0,0.8069999999999999,0.8170257355450884,0.83,0.010025735545088454,14649.0,68,False
2026-02-25 03:21:30+00:00,1544.0,3.0,10:16,57.0,48.0,9.0,0.848,0.8222522919605076,0.82,-0.025747708039492334,11344.0,65,False
2026-02-25 03:22:00+00:00,1568.0,3.0,9:52,57.0,48.0,9.0,0.849,0.8437775708965911,0.85,-0.0052224291034088655,13964.0,61,False
2026-02-25 03:22:30+00:00,1582.0,3.0,9:38,57.0,48.0,9.0,0.894,0.855646392514159,0.85,-0.038353607485841046,8122.0,57,False
2026-02-25 03:23:00+00:00,1582.0,3.0,9:38,59.0,48.0,11.0,0.886,0.8604201143052118,0.87,-0.025579885694788196,23446.0,63,False
2026-02-25 03:23:30+00:00,1599.0,3.0,9:21,59.0,48.0,11.0,0.904,0.8816382685998517,0.88,-0.0223617314001483,9449.0,86,True
2026-02-25 03:24:00+00:00,1630.0,3.0,8:50,61.0,50.0,11.0,0.905,0.8789376457591751,0.87,-0.026062354240824925,16294.0,74,True
2026-02-25 03:24:30+00:00,1646.0,3.0,8:34,61.0,50.0,11.0,0.89,0.8815401301518437,0.89,-0.008459869848156276,15213.0,66,True
2026-02-25 03:25:00+00:00,1646.0,3.0,8:34,61.0,50.0,11.0,0.89,0.878478550220129,0.87,-0.011521449779871018,9767.0,71,True
2026-02-25 03:25:30+00:00,1646.0,3.0,8:34,61.0,50.0,11.0,0.89,0.8789538617542674,0.88,-0.01104613824573264,17751.0,48,False
2026-02-25 03:26:00+00:00,1646.0,3.0,8:34,61.0,50.0,11.0,0.89,0.8800167566261179,0.87,-0.009983243373882122,62065.0,83,False
2026-02-25 03:26:30+00:00,1646.0,3.0,8:34,61.0,50.0,11.0,0.89,0.8657443820224718,0.87,-0.024255617977528177,6408.0,43,False
2026-02-25 03:27:00+00:00,1646.0,3.0,8:34,61.0,50.0,11.0,0.89,0.8647111344537814,0.86,-0.025288865546218564,5712.0,51,False
2026-02-25 03:27:30+00:00,1646.0,3.0,8:34,61.0,50.0,11.0,0.89,0.8850214123006832,0.89,-0.0049785876993168054,10975.0,64,False
2026-02-25 03:28:00+00:00,1689.0,3.0,7:51,64.0,52.0,12.0,0.923,0.889720217854082,0.88,-0.03327978214591809,36171.0,54,False
2026-02-25 03:28:30+00:00,1703.0,3.0,7:37,64.0,52.0,12.0,0.91,0.8958509756995583,0.89,-0.014149024300441737,21728.0,52,False
2026-02-25 03:29:00+00:00,1734.0,3.0,7:06,64.0,52.0,12.0,0.912,0.8922355769230768,0.9,-0.019764423076923276,12480.0,56,False
2026-02-25 03:29:30+00:00,1759.0,3.0,6:41,67.0,52.0,15.0,0.951,0.9158881098451652,0.93,-0.035111890154834735,13692.0,69,True
2026-02-25 03:30:00+00:00,1785.0,3.0,6:15,67.0,52.0,15.0,0.961,0.9452322712718492,0.95,-0.0157677287281508,19051.0,79,True
2026-02-25 03:30:30+00:00,1796.0,3.0,6:04,69.0,52.0,17.0,0.97,0.9407502679528401,0.93,-0.02924973204715986,17727.0,66,True
2026-02-25 03:31:00+00:00,1796.0,3.0,6:04,69.0,52.0,17.0,0.97,0.9465571515892419,0.95,-0.023442848410758055,19632.0,73,True
2026-02-25 03:31:30+00:00,1796.0,3.0,6:04,69.0,52.0,17.0,0.97,0.9461123906034087,0.94,-0.02388760939659129,21710.0,84,False
2026-02-25 03:32:00+00:00,1796.0,3.0,6:04,69.0,52.0,17.0,0.97,0.9566168522764492,0.95,-0.013383147723550759,24424.0,88,False
2026-02-25 03:32:30+00:00,1796.0,3.0,6:04,69.0,52.0,17.0,0.97,0.9485748915539678,0.95,-0.02142510844603218,15676.0,59,False
2026-02-25 03:33:00+00:00,1796.0,3.0,6:04,69.0,52.0,17.0,0.97,0.9566863819965377,0.96,-0.013313618003462313,20796.0,67,False
2026-02-25 03:33:30+00:00,1825.0,3.0,5:35,69.0,52.0,17.0,0.971,0.9512992902208202,0.95,-0.019700709779179815,10144.0,69,False
2026-02-25 03:34:00+00:00,1842.0,3.0,5:18,69.0,52.0,17.0,0.977,0.9554963823399124,0.96,-0.02150361766008757,20317.0,49,False
2026-02-25 03:34:30+00:00,1857.0,3.0,5:03,69.0,52.0,17.0,0.972,0.9528849072020543,0.95,-0.019115092797945654,17134.0,62,False
2026-02-25 03:35:00+00:00,1879.0,3.0,4:41,69.0,52.0,17.0,0.973,0.9510357618661999,0.95,-0.021964238133800107,38281.0,58,False
2026-02-25 03:35:30+00:00,1900.0,3.0,4:20,71.0,52.0,19.0,0.984,0.9643004279032741,0.97,-0.019699572096725904,20098.0,64,False
2026-02-25 03:36:00+00:00,1912.0,3.0,4:08,71.0,52.0,19.0,0.984,0.9727017980107115,0.98,-0.011298201989288437,20912.0,61,False
2026-02-25 03:36:30+00:00,1929.0,3.0,3:51,71.0,52.0,19.0,0.985,0.9735527888856825,0.98,-0.011447211114317457,24257.0,61,False
2026-02-25 03:37:00+00:00,1945.0,3.0,3:35,71.0,52.0,19.0,0.989,0.9776088926649675,0.98,-0.011391107335032458,35310.0,63,False
2026-02-25 03:37:30+00:00,1985.0,3.0,2:55,73.0,52.0,21.0,0.995,0.9840974242344106,0.98,-0.010902575765589395,18907.0,63,True
2026-02-25 03:38:00+00:00,2014.0,3.0,2:26,75.0,52.0,23.0,0.997,0.9805105591067238,0.99,-0.016489440893276197,12359.0,33,True
2026-02-25 03:38:30+00:00,2015.0,3.0,2:25,75.0,52.0,23.0,0.997,0.9898723557692308,0.99,-0.00712764423076917,83200.0,84,True
2026-02-25 03:39:00+00:00,2015.0,3.0,2:25,75.0,52.0,23.0,0.997,0.9898770428669458,0.98,-0.00712295713305422,71407.0,71,True
2026-02-25 03:39:30+00:00,2015.0,3.0,2:25,75.0,52.0,23.0,0.997,0.9859549042697021,0.99,-0.011045095730297882,22929.0,56,False
2026-02-25 03:40:00+00:00,2032.0,3.0,2:08,75.0,52.0,23.0,0.998,0.9899588219496912,0.99,-0.008041178050308795,11171.0,43,False
2026-02-25 03:40:30+00:00,2058.0,3.0,1:42,78.0,52.0,26.0,0.999,0.99,0.99,-0.009000000000000008,9698.0,23,False
2026-02-25 03:41:00+00:00,2076.0,3.0,1:24,80.0,55.0,25.0,0.999,0.9899999999999999,0.99,-0.009000000000000119,8207.0,30,False
2026-02-25 03:41:30+00:00,2104.0,3.0,56.0,80.0,55.0,25.0,0.999,0.99,0.99,-0.009000000000000008,6641.0,14,False
2026-02-25 03:42:00+00:00,2135.6,3.0,24.4,80.0,57.0,23.0,0.999,0.9900000000000001,0.99,-0.008999999999999897,21851.0,27,False
2026-02-25 03:42:30+00:00,2156.0,3.0,4.0,80.0,57.0,23.0,0.999,0.9899999999999999,0.99,-0.009000000000000119,739.0,13,False
2026-02-25 03:43:00+00:00,2160.0,3.0,0.0,80.0,57.0,23.0,0.999,0.9900000000000002,0.99,-0.008999999999999786,1681.0,13,False
2026-02-25 03:43:30+00:00,2160.0,3.0,0.0,80.0,57.0,23.0,0.999,0.99,0.99,-0.009000000000000008,10485.0,23,False
2026-02-25 03:44:00+00:00,2160.0,3.0,0.0,80.0,57.0,23.0,0.999,0.99,0.99,-0.009000000000000008,32721.0,33,False
2026-02-25 03:44:30+00:00,2160.0,3.0,0.0,80.0,57.0,23.0,0.999,0.99,0.99,-0.009000000000000008,3905.0,18,False
2026-02-25 03:45:00+00:00,2160.0,3.0,0.0,80.0,57.0,23.0,0.999,0.99,0.99,-0.009000000000000008,5649.0,16,False
2026-02-25 03:45:30+00:00,2160.0,3.0,0.0,80.0,57.0,23.0,0.999,0.9900000000000003,0.99,-0.008999999999999675,3635.0,15,False
2026-02-25 03:46:00+00:00,2177.0,4.0,11:43,80.0,57.0,23.0,0.999,0.9900000000000001,0.99,-0.008999999999999897,3957.0,16,False
2026-02-25 03:46:30+00:00,2204.0,4.0,11:16,80.0,59.0,21.0,0.998,0.99,0.99,-0.008000000000000007,839.0,9,False
2026-02-25 03:47:00+00:00,2229.0,4.0,10:51,80.0,59.0,21.0,0.997,0.99,0.99,-0.007000000000000006,1249.0,11,True
2026-02-25 03:47:30+00:00,2257.0,4.0,10:23,80.0,61.0,19.0,0.995,0.9899999999999998,0.99,-0.0050000000000002265,85815.0,46,True
2026-02-25 03:48:00+00:00,2274.0,4.0,10:06,80.0,64.0,16.0,0.99,0.9886549186298064,0.99,-0.0013450813701936237,91987.0,54,True
2026-02-25 03:48:30+00:00,2274.0,4.0,10:06,80.0,64.0,16.0,0.99,0.9834355319854159,0.99,-0.006564468014584102,12068.0,34,True
2026-02-25 03:49:00+00:00,2274.0,4.0,10:06,80.0,64.0,16.0,0.99,0.9807526644210064,0.99,-0.009247335578993598,18109.0,35,False
2026-02-25 03:49:30+00:00,2274.0,4.0,10:06,80.0,64.0,16.0,0.99,0.9804809956273126,0.98,-0.009519004372687379,2973.0,30,False
2026-02-25 03:50:00+00:00,2274.0,4.0,10:06,80.0,64.0,16.0,0.99,0.9812435439014698,0.98,-0.008756456098530152,2517.0,21,False
2026-02-25 03:50:30+00:00,2274.0,4.0,10:06,80.0,64.0,16.0,0.99,0.9845778281112368,0.99,-0.00542217188876315,15894.0,33,False
2026-02-25 03:51:00+00:00,2274.0,4.0,10:06,80.0,64.0,16.0,0.99,0.979340936616875,0.98,-0.010659063383124945,19816.0,29,False
2026-02-25 03:51:30+00:00,2316.0,4.0,9:24,80.0,64.0,16.0,0.979,0.9725051712250057,0.97,-0.006494828774994299,4351.0,27,False
2026-02-25 03:52:00+00:00,2316.0,4.0,9:24,80.0,64.0,16.0,0.988,0.9763364055299538,0.98,-0.011663594470046168,16926.0,28,False
2026-02-25 03:52:30+00:00,2316.0,4.0,9:24,80.0,66.0,14.0,0.984,0.9708501552795032,0.97,-0.01314984472049674,10304.0,51,False
2026-02-25 03:53:00+00:00,2341.0,4.0,8:59,80.0,66.0,14.0,0.985,0.9800338807585526,0.97,-0.004966119241447409,21251.0,51,False
2026-02-25 03:53:30+00:00,2352.0,4.0,8:48,80.0,66.0,14.0,0.979,0.9695742119702143,0.98,-0.009425788029785664,35722.0,51,False
2026-02-25 03:54:00+00:00,2386.0,4.0,8:14,80.0,66.0,14.0,0.988,0.9834770926627626,0.98,-0.00452290733723737,14515.0,37,False
2026-02-25 03:54:30+00:00,2407.0,4.0,7:53,82.0,66.0,16.0,0.992,0.9772333103922919,0.98,-0.014766689607708106,23248.0,27,False
2026-02-25 03:55:00+00:00,2436.0,4.0,7:24,82.0,68.0,14.0,0.99,0.9884602481495286,0.99,-0.0015397518504713936,37558.0,38,False
2026-02-25 03:55:30+00:00,2482.0,4.0,6:38,85.0,68.0,17.0,0.998,0.9900000000000001,0.99,-0.007999999999999896,5015.0,18,False
2026-02-25 03:56:00+00:00,2500.0,4.0,6:20,87.0,68.0,19.0,0.999,0.9899999999999999,0.99,-0.009000000000000119,2530.0,12,False
2026-02-25 03:56:30+00:00,2500.0,4.0,6:20,87.0,68.0,19.0,0.999,0.9899999999999999,0.99,-0.009000000000000119,842.0,7,True
2026-02-25 03:57:00+00:00,2529.0,4.0,5:51,90.0,68.0,22.0,0.999,0.9900000000000001,0.99,-0.008999999999999897,493.0,6,True
2026-02-25 03:57:30+00:00,2532.0,4.0,5:48,90.0,68.0,22.0,0.999,0.9899999999999999,0.99,-0.009000000000000119,1307.0,5,True
2026-02-25 03:58:00+00:00,2532.0,4.0,5:48,90.0,68.0,22.0,0.999,0.99,0.99,-0.009000000000000008,138.0,2,True
2026-02-25 03:58:30+00:00,2532.0,4.0,5:48,90.0,68.0,22.0,0.999,0.9900000000000001,0.99,-0.008999999999999897,943.0,4,False
2026-02-25 03:59:00+00:00,2532.0,4.0,5:48,90.0,68.0,22.0,0.999,0.99,0.99,-0.009000000000000008,109.0,4,False
2026-02-25 03:59:30+00:00,2532.0,4.0,5:48,90.0,68.0,22.0,0.999,0.99,0.99,-0.009000000000000008,2186.0,12,False
2026-02-25 04:00:00+00:00,2532.0,4.0,5:48,90.0,68.0,22.0,0.999,0.99,0.99,-0.009000000000000008,476.0,6,False
2026-02-25 04:00:30+00:00,2552.0,4.0,5:28,90.0,70.0,20.0,0.999,0.9900000000000001,0.99,-0.008999999999999897,616.0,5,False
2026-02-25 04:01:00+00:00,2592.0,4.0,4:48,92.0,70.0,22.0,0.999,0.99,0.99,-0.009000000000000008,201.0,3,True
2026-02-25 04:01:30+00:00,2616.0,4.0,4:24,94.0,70.0,24.0,0.999,0.99,0.99,-0.009000000000000008,15161.0,10,True
2026-02-25 04:02:00+00:00,2644.0,4.0,3:56,94.0,70.0,24.0,0.999,0.9899999999999999,0.99,-0.009000000000000119,1325.0,5,True
2026-02-25 04:02:30+00:00,2644.0,4.0,3:56,94.0,70.0,24.0,0.999,0.9900000000000001,0.99,-0.008999999999999897,1716.0,6,True
2026-02-25 04:03:00+00:00,2644.0,4.0,3:56,94.0,70.0,24.0,0.999,0.9899999999999999,0.99,-0.009000000000000119,259.0,2,False
2026-02-25 04:03:30+00:00,2644.0,4.0,3:56,94.0,70.0,24.0,0.999,0.9900000000000001,0.99,-0.008999999999999897,969.0,4,False
2026-02-25 04:04:00+00:00,2652.0,4.0,3:48,94.0,70.0,24.0,0.999,0.99,0.99,-0.009000000000000008,709.0,5,False
2026-02-25 04:04:30+00:00,2683.0,4.0,3:17,94.0,73.0,21.0,0.999,0.99,0.99,-0.009000000000000008,678.0,2,False
2026-02-25 04:05:00+00:00,2712.0,4.0,2:48,94.0,73.0,21.0,0.999,0.9899999999999999,0.99,-0.009000000000000119,508.0,4,False
2026-02-25 04:05:30+00:00,2740.0,4.0,2:20,97.0,75.0,22.0,0.999,0.9899999999999999,0.99,-0.009000000000000119,332.0,3,False
2026-02-25 04:06:00+00:00,2743.0,4.0,2:17,97.0,75.0,22.0,0.999,0.9900000000000001,0.99,-0.008999999999999897,447.0,5,False
2026-02-25 04:06:30+00:00,2758.0,4.0,2:02,97.0,75.0,22.0,0.999,0.99,0.99,-0.009000000000000008,1743.0,4,False
2026-02-25 04:07:00+00:00,2780.0,4.0,1:40,97.0,75.0,22.0,0.999,0.9899999999999999,0.99,-0.009000000000000119,93.0,3,False
2026-02-25 04:07:30+00:00,2789.0,4.0,1:31,97.0,78.0,19.0,0.999,0.99,0.99,-0.009000000000000008,144.0,3,False
2026-02-25 04:08:00+00:00,2826.5,4.0,53.5,97.0,78.0,19.0,0.999,0.9899999999999999,0.99,-0.009000000000000119,136.0,3,False
2026-02-25 04:08:30+00:00,2826.5,4.0,53.5,97.0,78.0,19.0,0.999,0.99,0.99,-0.009000000000000008,7335.0,4,False
2026-02-25 04:09:00+00:00,2849.7,4.0,30.3,97.0,81.0,16.0,0.999,0.99,0.99,-0.009000000000000008,2857.0,5,False
2026-02-25 04:09:30+00:00,2876.1,4.0,3.9,97.0,81.0,16.0,0.999,0.99,0.99,-0.009000000000000008,49.0,2,False
2026-02-25 04:10:00+00:00,2880.0,4.0,0.0,97.0,81.0,16.0,1.0,0.99,0.99,-0.010000000000000009,59.0,1,False
2026-02-25 04:10:30+00:00,2880.0,4.0,0.0,97.0,81.0,16.0,1.0,0.99,0.99,-0.010000000000000009,35.0,1,False
