bucket_start_utc,game_seconds_elapsed,period,game_clock,fav_score,dog_score,score_margin,fav_wp_espn,fav_kalshi_vwap,fav_kalshi_last,delta,kalshi_volume,kalshi_trade_count,is_timeout_window
2026-03-19 17:48:00+00:00,,,,,,,,0.635,0.57,,2.0,2,False
2026-03-19 17:48:30+00:00,,,,,,,,0.635,0.57,,0.0,0,False
2026-03-19 17:49:00+00:00,,,,,,,,0.635,0.57,,0.0,0,False
2026-03-19 17:49:30+00:00,,,,,,,,0.635,0.57,,0.0,0,False
2026-03-19 17:50:00+00:00,,,,,,,,0.635,0.57,,0.0,0,False
2026-03-19 17:50:30+00:00,,,,,,,,0.635,0.57,,0.0,0,False
2026-03-19 17:51:00+00:00,,,,,,,,0.635,0.57,,0.0,0,False
2026-03-19 17:51:30+00:00,,,,,,,,0.635,0.57,,0.0,0,False
2026-03-19 17:52:00+00:00,,,,,,,,0.635,0.57,,0.0,0,False
2026-03-19 17:52:30+00:00,,,,,,,,0.635,0.57,,0.0,0,False
2026-03-19 17:53:00+00:00,,,,,,,,0.635,0.57,,0.0,0,False
2026-03-19 17:53:30+00:00,,,,,,,,0.635,0.57,,0.0,0,False
2026-03-19 17:54:00+00:00,,,,,,,,0.635,0.57,,0.0,0,False
2026-03-19 17:54:30+00:00,,,,,,,,0.635,0.57,,0.0,0,False
2026-03-19 17:55:00+00:00,,,,,,,,0.635,0.57,,0.0,0,False
2026-03-19 17:55:30+00:00,,,,,,,,0.635,0.57,,0.0,0,False
2026-03-19 17:56:00+00:00,,,,,,,,0.635,0.57,,0.0,0,False
2026-03-19 17:56:30+00:00,,,,,,,,0.635,0.57,,0.0,0,False
2026-03-19 17:57:00+00:00,,,,,,,,0.635,0.57,,0.0,0,False
2026-03-19 17:57:30+00:00,,,,,,,,0.635,0.57,,0.0,0,False
2026-03-19 17:58:00+00:00,,,,,,,,0.635,0.57,,0.0,0,False
2026-03-19 17:58:30+00:00,,,,,,,,0.635,0.57,,0.0,0,False
2026-03-19 17:59:00+00:00,,,,,,,,0.635,0.57,,0.0,0,False
2026-03-19 17:59:30+00:00,,,,,,,,0.635,0.57,,0.0,0,False
2026-03-19 18:00:00+00:00,,,,,,,,0.71,0.71,,1.0,1,False
2026-03-19 18:00:30+00:00,,,,,,,,0.71,0.71,,0.0,0,False
2026-03-19 18:01:00+00:00,,,,,,,,0.71,0.71,,0.0,0,False
2026-03-19 18:01:30+00:00,,,,,,,,0.71,0.71,,0.0,0,False
2026-03-19 18:02:00+00:00,,,,,,,,0.71,0.71,,0.0,0,False
2026-03-19 18:02:30+00:00,,,,,,,,0.71,0.71,,0.0,0,False
2026-03-19 18:03:00+00:00,,,,,,,,0.71,0.71,,0.0,0,False
2026-03-19 18:03:30+00:00,,,,,,,,0.71,0.71,,0.0,0,False
2026-03-19 18:04:00+00:00,,,,,,,,0.71,0.71,,0.0,0,False
2026-03-19 18:04:30+00:00,,,,,,,,0.71,0.71,,0.0,0,False
2026-03-19 18:05:00+00:00,,,,,,,,0.71,0.71,,0.0,0,False
2026-03-19 18:05:30+00:00,,,,,,,,0.71,0.71,,0.0,0,False
2026-03-19 18:06:00+00:00,,,,,,,,0.71,0.71,,0.0,0,False
2026-03-19 18:06:30+00:00,,,,,,,,0.71,0.71,,0.0,0,False
2026-03-19 18:07:00+00:00,,,,,,,,0.71,0.71,,0.0,0,False
2026-03-19 18:07:30+00:00,,,,,,,,0.71,0.71,,0.0,0,False
2026-03-19 18:08:00+00:00,,,,,,,,0.71,0.71,,0.0,0,False
2026-03-19 18:08:30+00:00,,,,,,,,0.71,0.71,,0.0,0,False
2026-03-19 18:09:00+00:00,,,,,,,,0.71,0.71,,0.0,0,False
2026-03-19 18:09:30+00:00,,,,,,,,0.71,0.71,,0.0,0,False
2026-03-19 18:10:00+00:00,,,,,,,,0.71,0.71,,0.0,0,False
2026-03-19 18:10:30+00:00,,,,,,,,0.71,0.71,,0.0,0,False
2026-03-19 18:11:00+00:00,,,,,,,,0.71,0.71,,0.0,0,False
2026-03-19 18:11:30+00:00,,,,,,,,0.71,0.71,,0.0,0,False
2026-03-19 18:12:00+00:00,,,,,,,,0.71,0.71,,0.0,0,False
2026-03-19 18:12:30+00:00,,,,,,,,0.71,0.71,,0.0,0,False
2026-03-19 18:13:00+00:00,,,,,,,,0.77,0.77,,1.0,1,False
2026-03-19 18:13:30+00:00,,,,,,,,0.77,0.77,,0.0,0,False
2026-03-19 18:14:00+00:00,,,,,,,,0.77,0.77,,0.0,0,False
2026-03-19 18:14:30+00:00,,,,,,,,0.77,0.77,,0.0,0,False
2026-03-19 18:15:00+00:00,,,,,,,,0.77,0.77,,0.0,0,False
2026-03-19 18:15:30+00:00,,,,,,,,0.6199999999999999,0.57,,2.0,2,False
2026-03-19 18:16:00+00:00,,,,,,,,0.6199999999999999,0.57,,0.0,0,False
2026-03-19 18:16:30+00:00,,,,,,,,0.6199999999999999,0.57,,0.0,0,False
2026-03-19 18:17:00+00:00,,,,,,,,0.6199999999999999,0.57,,0.0,0,False
2026-03-19 18:17:30+00:00,,,,,,,,0.6199999999999999,0.57,,0.0,0,False
2026-03-19 18:18:00+00:00,,,,,,,,0.6199999999999999,0.57,,0.0,0,False
2026-03-19 18:18:30+00:00,,,,,,,,0.6199999999999999,0.57,,0.0,0,False
2026-03-19 18:19:00+00:00,,,,,,,,0.6199999999999999,0.57,,0.0,0,False
2026-03-19 18:19:30+00:00,,,,,,,,0.6199999999999999,0.57,,0.0,0,False
2026-03-19 18:20:00+00:00,,,,,,,,0.6199999999999999,0.57,,0.0,0,False
2026-03-19 18:20:30+00:00,,,,,,,,0.6199999999999999,0.57,,0.0,0,False
2026-03-19 18:21:00+00:00,,,,,,,,0.6199999999999999,0.57,,0.0,0,False
2026-03-19 18:21:30+00:00,,,,,,,,0.6199999999999999,0.57,,0.0,0,False
2026-03-19 18:22:00+00:00,,,,,,,,0.6199999999999999,0.57,,0.0,0,False
2026-03-19 18:22:30+00:00,,,,,,,,0.6199999999999999,0.57,,0.0,0,False
2026-03-19 18:23:00+00:00,,,,,,,,0.6199999999999999,0.57,,0.0,0,False
2026-03-19 18:23:30+00:00,,,,,,,,0.6199999999999999,0.57,,0.0,0,False
2026-03-19 18:24:00+00:00,,,,,,,,0.6199999999999999,0.57,,0.0,0,False
2026-03-19 18:24:30+00:00,,,,,,,,0.6199999999999999,0.57,,0.0,0,False
2026-03-19 18:25:00+00:00,,,,,,,,0.6199999999999999,0.57,,0.0,0,False
2026-03-19 18:25:30+00:00,,,,,,,,0.6199999999999999,0.57,,0.0,0,False
2026-03-19 18:26:00+00:00,,,,,,,,0.6199999999999999,0.57,,0.0,0,False
2026-03-19 18:26:30+00:00,,,,,,,,0.6199999999999999,0.57,,0.0,0,False
2026-03-19 18:27:00+00:00,,,,,,,,0.6199999999999999,0.57,,0.0,0,False
2026-03-19 18:27:30+00:00,,,,,,,,0.6199999999999999,0.57,,0.0,0,False
2026-03-19 18:28:00+00:00,,,,,,,,0.6199999999999999,0.57,,0.0,0,False
2026-03-19 18:28:30+00:00,,,,,,,,0.6199999999999999,0.57,,0.0,0,False
2026-03-19 18:29:00+00:00,,,,,,,,0.6199999999999999,0.57,,0.0,0,False
2026-03-19 18:29:30+00:00,,,,,,,,0.6199999999999999,0.57,,0.0,0,False
2026-03-19 18:30:00+00:00,,,,,,,,0.6199999999999999,0.57,,0.0,0,False
2026-03-19 18:30:30+00:00,,,,,,,,0.6199999999999999,0.57,,0.0,0,False
2026-03-19 18:31:00+00:00,,,,,,,,0.6199999999999999,0.57,,0.0,0,False
2026-03-19 18:31:30+00:00,,,,,,,,0.6199999999999999,0.57,,0.0,0,False
2026-03-19 18:32:00+00:00,,,,,,,,0.6199999999999999,0.57,,0.0,0,False
2026-03-19 18:32:30+00:00,,,,,,,,0.6199999999999999,0.57,,0.0,0,False
2026-03-19 18:33:00+00:00,,,,,,,,0.6199999999999999,0.57,,0.0,0,False
2026-03-19 18:33:30+00:00,,,,,,,,0.6199999999999999,0.57,,0.0,0,False
2026-03-19 18:34:00+00:00,,,,,,,,0.6199999999999999,0.57,,0.0,0,False
2026-03-19 18:34:30+00:00,,,,,,,,0.6199999999999999,0.57,,0.0,0,False
2026-03-19 18:35:00+00:00,,,,,,,,0.6199999999999999,0.57,,0.0,0,False
2026-03-19 18:35:30+00:00,,,,,,,,0.6199999999999999,0.57,,0.0,0,False
2026-03-19 18:36:00+00:00,,,,,,,,0.6199999999999999,0.57,,0.0,0,False
2026-03-19 18:36:30+00:00,,,,,,,,0.6199999999999999,0.57,,0.0,0,False
2026-03-19 18:37:00+00:00,,,,,,,,0.6199999999999999,0.57,,0.0,0,False
2026-03-19 18:37:30+00:00,,,,,,,,0.6199999999999999,0.57,,0.0,0,False
2026-03-19 18:38:00+00:00,,,,,,,,0.6199999999999999,0.57,,0.0,0,False
2026-03-19 18:38:30+00:00,,,,,,,,0.6199999999999999,0.57,,0.0,0,False
2026-03-19 18:39:00+00:00,,,,,,,,0.6199999999999999,0.57,,0.0,0,False
2026-03-19 18:39:30+00:00,,,,,,,,0.6199999999999999,0.57,,0.0,0,False
2026-03-19 18:40:00+00:00,,,,,,,,0.6199999999999999,0.57,,0.0,0,False
2026-03-19 18:40:30+00:00,,,,,,,,0.6199999999999999,0.57,,0.0,0,False
2026-03-19 18:41:00+00:00,,,,,,,,0.6199999999999999,0.57,,0.0,0,False
2026-03-19 18:41:30+00:00,,,,,,,,0.6199999999999999,0.57,,0.0,0,False
2026-03-19 18:42:00+00:00,,,,,,,,0.6199999999999999,0.57,,0.0,0,False
2026-03-19 18:42:30+00:00,,,,,,,,0.6199999999999999,0.57,,0.0,0,False
2026-03-19 18:43:00+00:00,,,,,,,,0.6199999999999999,0.57,,0.0,0,False
2026-03-19 18:43:30+00:00,,,,,,,,0.6199999999999999,0.57,,0.0,0,False
2026-03-19 18:44:00+00:00,,,,,,,,0.6199999999999999,0.57,,0.0,0,False
2026-03-19 18:44:30+00:00,,,,,,,,0.6199999999999999,0.57,,0.0,0,False
2026-03-19 18:45:00+00:00,,,,,,,,0.6199999999999999,0.57,,0.0,0,False
2026-03-19 18:45:30+00:00,,,,,,,,0.6199999999999999,0.57,,0.0,0,False
2026-03-19 18:46:00+00:00,,,,,,,,0.6199999999999999,0.57,,0.0,0,False
2026-03-19 18:46:30+00:00,,,,,,,,0.6199999999999999,0.57,,0.0,0,False
2026-03-19 18:47:00+00:00,,,,,,,,0.6199999999999999,0.57,,0.0,0,False
2026-03-19 18:47:30+00:00,,,,,,,,0.6199999999999999,0.57,,0.0,0,False
2026-03-19 18:48:00+00:00,,,,,,,,0.6199999999999999,0.57,,0.0,0,False
2026-03-19 18:48:30+00:00,,,,,,,,0.6199999999999999,0.57,,0.0,0,False
2026-03-19 18:49:00+00:00,,,,,,,,0.6199999999999999,0.57,,0.0,0,False
2026-03-19 18:49:30+00:00,,,,,,,,0.6199999999999999,0.57,,0.0,0,False
2026-03-19 18:50:00+00:00,,,,,,,,0.6199999999999999,0.57,,0.0,0,False
2026-03-19 18:50:30+00:00,,,,,,,,0.6199999999999999,0.57,,0.0,0,False
2026-03-19 18:51:00+00:00,,,,,,,,0.6199999999999999,0.57,,0.0,0,False
2026-03-19 18:51:30+00:00,,,,,,,,0.6199999999999999,0.57,,0.0,0,False
2026-03-19 18:52:00+00:00,,,,,,,,0.6199999999999999,0.57,,0.0,0,False
2026-03-19 18:52:30+00:00,,,,,,,,0.6199999999999999,0.57,,0.0,0,False
2026-03-19 18:53:00+00:00,,,,,,,,0.6199999999999999,0.57,,0.0,0,False
2026-03-19 18:53:30+00:00,,,,,,,,0.6199999999999999,0.57,,0.0,0,False
2026-03-19 18:54:00+00:00,,,,,,,,0.6199999999999999,0.57,,0.0,0,False
2026-03-19 18:54:30+00:00,,,,,,,,0.6199999999999999,0.57,,0.0,0,False
2026-03-19 18:55:00+00:00,,,,,,,,0.6199999999999999,0.57,,0.0,0,False
2026-03-19 18:55:30+00:00,,,,,,,,0.6199999999999999,0.57,,0.0,0,False
2026-03-19 18:56:00+00:00,,,,,,,,0.6199999999999999,0.57,,0.0,0,False
2026-03-19 18:56:30+00:00,,,,,,,,0.6199999999999999,0.57,,0.0,0,False
2026-03-19 18:57:00+00:00,,,,,,,,0.6199999999999999,0.57,,0.0,0,False
2026-03-19 18:57:30+00:00,,,,,,,,0.6199999999999999,0.57,,0.0,0,False
2026-03-19 18:58:00+00:00,,,,,,,,0.6199999999999999,0.57,,0.0,0,False
2026-03-19 18:58:30+00:00,,,,,,,,0.6199999999999999,0.57,,0.0,0,False
2026-03-19 18:59:00+00:00,,,,,,,,0.6199999999999999,0.57,,0.0,0,False
2026-03-19 18:59:30+00:00,,,,,,,,0.6199999999999999,0.57,,0.0,0,False
2026-03-19 19:00:00+00:00,,,,,,,,0.6199999999999999,0.57,,0.0,0,False
2026-03-19 19:00:30+00:00,,,,,,,,0.6199999999999999,0.57,,0.0,0,False
2026-03-19 19:01:00+00:00,,,,,,,,0.6199999999999999,0.57,,0.0,0,False
2026-03-19 19:01:30+00:00,,,,,,,,0.6199999999999999,0.57,,0.0,0,False
2026-03-19 19:02:00+00:00,,,,,,,,0.6199999999999999,0.57,,0.0,0,False
2026-03-19 19:02:30+00:00,,,,,,,,0.6199999999999999,0.57,,0.0,0,False
2026-03-19 19:03:00+00:00,,,,,,,,0.6199999999999999,0.57,,0.0,0,False
2026-03-19 19:03:30+00:00,,,,,,,,0.6199999999999999,0.57,,0.0,0,False
2026-03-19 19:04:00+00:00,,,,,,,,0.6199999999999999,0.57,,0.0,0,False
2026-03-19 19:04:30+00:00,,,,,,,,0.6199999999999999,0.57,,0.0,0,False
2026-03-19 19:05:00+00:00,,,,,,,,0.6199999999999999,0.57,,0.0,0,False
2026-03-19 19:05:30+00:00,,,,,,,,0.6199999999999999,0.57,,0.0,0,False
2026-03-19 19:06:00+00:00,,,,,,,,0.6199999999999999,0.57,,0.0,0,False
2026-03-19 19:06:30+00:00,,,,,,,,0.6199999999999999,0.57,,0.0,0,False
2026-03-19 19:07:00+00:00,,,,,,,,0.6199999999999999,0.57,,0.0,0,False
2026-03-19 19:07:30+00:00,,,,,,,,0.67,0.67,,5.0,1,False
2026-03-19 19:08:00+00:00,,,,,,,,0.67,0.67,,0.0,0,False
2026-03-19 19:08:30+00:00,,,,,,,,0.67,0.67,,0.0,0,False
2026-03-19 19:09:00+00:00,,,,,,,,0.67,0.67,,0.0,0,False
2026-03-19 19:09:30+00:00,,,,,,,,0.67,0.67,,0.0,0,False
2026-03-19 19:10:00+00:00,,,,,,,,0.67,0.67,,0.0,0,False
2026-03-19 19:10:30+00:00,,,,,,,,0.67,0.67,,0.0,0,False
2026-03-19 19:11:00+00:00,,,,,,,,0.67,0.67,,0.0,0,False
2026-03-19 19:11:30+00:00,,,,,,,,0.67,0.67,,0.0,0,False
2026-03-19 19:12:00+00:00,,,,,,,,0.67,0.67,,0.0,0,False
2026-03-19 19:12:30+00:00,,,,,,,,0.67,0.67,,0.0,0,False
2026-03-19 19:13:00+00:00,,,,,,,,0.67,0.67,,0.0,0,False
2026-03-19 19:13:30+00:00,,,,,,,,0.67,0.67,,0.0,0,False
2026-03-19 19:14:00+00:00,,,,,,,,0.67,0.67,,0.0,0,False
2026-03-19 19:14:30+00:00,,,,,,,,0.67,0.67,,0.0,0,False
2026-03-19 19:15:00+00:00,,,,,,,,0.67,0.67,,0.0,0,False
2026-03-19 19:15:30+00:00,,,,,,,,0.67,0.67,,0.0,0,False
2026-03-19 19:16:00+00:00,,,,,,,,0.7,0.7,,27.0,1,False
2026-03-19 19:16:30+00:00,,,,,,,,0.7,0.7,,0.0,0,False
2026-03-19 19:17:00+00:00,,,,,,,,0.7,0.7,,0.0,0,False
2026-03-19 19:17:30+00:00,,,,,,,,0.7,0.7,,0.0,0,False
2026-03-19 19:18:00+00:00,,,,,,,,0.7,0.7,,0.0,0,False
2026-03-19 19:18:30+00:00,,,,,,,,0.7,0.7,,0.0,0,False
2026-03-19 19:19:00+00:00,,,,,,,,0.7,0.7,,0.0,0,False
2026-03-19 19:19:30+00:00,,,,,,,,0.7,0.7,,0.0,0,False
2026-03-19 19:20:00+00:00,,,,,,,,0.7,0.7,,0.0,0,False
2026-03-19 19:20:30+00:00,,,,,,,,0.7,0.7,,0.0,0,False
2026-03-19 19:21:00+00:00,,,,,,,,0.7,0.7,,0.0,0,False
2026-03-19 19:21:30+00:00,,,,,,,,0.7,0.7,,0.0,0,False
2026-03-19 19:22:00+00:00,,,,,,,,0.7,0.7,,0.0,0,False
2026-03-19 19:22:30+00:00,,,,,,,,0.7,0.7,,0.0,0,False
2026-03-19 19:23:00+00:00,,,,,,,,0.7,0.7,,0.0,0,False
2026-03-19 19:23:30+00:00,,,,,,,,0.7,0.7,,0.0,0,False
2026-03-19 19:24:00+00:00,,,,,,,,0.7,0.7,,0.0,0,False
2026-03-19 19:24:30+00:00,,,,,,,,0.7,0.7,,0.0,0,False
2026-03-19 19:25:00+00:00,,,,,,,,0.7,0.7,,0.0,0,False
2026-03-19 19:25:30+00:00,,,,,,,,0.7,0.7,,0.0,0,False
2026-03-19 19:26:00+00:00,,,,,,,,0.7,0.7,,0.0,0,False
2026-03-19 19:26:30+00:00,,,,,,,,0.7,0.7,,0.0,0,False
2026-03-19 19:27:00+00:00,,,,,,,,0.7,0.7,,0.0,0,False
2026-03-19 19:27:30+00:00,,,,,,,,0.7,0.7,,0.0,0,False
2026-03-19 19:28:00+00:00,,,,,,,,0.7,0.7,,0.0,0,False
2026-03-19 19:28:30+00:00,,,,,,,,0.7,0.7,,0.0,0,False
2026-03-19 19:29:00+00:00,,,,,,,,0.7,0.7,,0.0,0,False
2026-03-19 19:29:30+00:00,,,,,,,,0.7,0.7,,0.0,0,False
2026-03-19 19:30:00+00:00,,,,,,,,0.7,0.7,,0.0,0,False
2026-03-19 19:30:30+00:00,,,,,,,,0.7,0.7,,0.0,0,False
2026-03-19 19:31:00+00:00,,,,,,,,0.7,0.7,,0.0,0,False
2026-03-19 19:31:30+00:00,,,,,,,,0.7,0.7,,0.0,0,False
2026-03-19 19:32:00+00:00,,,,,,,,0.7,0.7,,0.0,0,False
2026-03-19 19:32:30+00:00,,,,,,,,0.7,0.7,,0.0,0,False
2026-03-19 19:33:00+00:00,,,,,,,,0.7,0.7,,0.0,0,False
2026-03-19 19:33:30+00:00,,,,,,,,0.7,0.7,,0.0,0,False
2026-03-19 19:34:00+00:00,,,,,,,,0.7,0.7,,0.0,0,False
2026-03-19 19:34:30+00:00,,,,,,,,0.7,0.7,,0.0,0,False
2026-03-19 19:35:00+00:00,,,,,,,,0.7,0.7,,0.0,0,False
2026-03-19 19:35:30+00:00,,,,,,,,0.7,0.7,,0.0,0,False
2026-03-19 19:36:00+00:00,,,,,,,,0.7,0.7,,0.0,0,False
2026-03-19 19:36:30+00:00,,,,,,,,0.7,0.7,,0.0,0,False
2026-03-19 19:37:00+00:00,,,,,,,,0.7,0.7,,0.0,0,False
2026-03-19 19:37:30+00:00,,,,,,,,0.7,0.7,,0.0,0,False
2026-03-19 19:38:00+00:00,,,,,,,,0.7,0.7,,0.0,0,False
2026-03-19 19:38:30+00:00,,,,,,,,0.7,0.7,,0.0,0,False
2026-03-19 19:39:00+00:00,,,,,,,,0.7,0.7,,0.0,0,False
2026-03-19 19:39:30+00:00,,,,,,,,0.7,0.7,,0.0,0,False
2026-03-19 19:40:00+00:00,,,,,,,,0.7,0.7,,0.0,0,False
2026-03-19 19:40:30+00:00,,,,,,,,0.7,0.7,,0.0,0,False
2026-03-19 19:41:00+00:00,,,,,,,,0.7,0.7,,0.0,0,False
2026-03-19 19:41:30+00:00,,,,,,,,0.7,0.7,,0.0,0,False
2026-03-19 19:42:00+00:00,,,,,,,,0.7,0.7,,0.0,0,False
2026-03-19 19:42:30+00:00,,,,,,,,0.7,0.7,,0.0,0,False
2026-03-19 19:43:00+00:00,,,,,,,,0.7,0.7,,0.0,0,False
2026-03-19 19:43:30+00:00,,,,,,,,0.7,0.7,,0.0,0,False
2026-03-19 19:44:00+00:00,,,,,,,,0.7,0.7,,0.0,0,False
2026-03-19 19:44:30+00:00,,,,,,,,0.7,0.7,,0.0,0,False
2026-03-19 19:45:00+00:00,,,,,,,,0.7,0.7,,0.0,0,False
2026-03-19 19:45:30+00:00,,,,,,,,0.7,0.7,,0.0,0,False
2026-03-19 19:46:00+00:00,,,,,,,,0.7,0.7,,0.0,0,False
2026-03-19 19:46:30+00:00,,,,,,,,0.7,0.7,,0.0,0,False
2026-03-19 19:47:00+00:00,,,,,,,,0.7,0.7,,0.0,0,False
2026-03-19 19:47:30+00:00,,,,,,,,0.7,0.7,,0.0,0,False
2026-03-19 19:48:00+00:00,,,,,,,,0.7,0.7,,0.0,0,False
2026-03-19 19:48:30+00:00,,,,,,,,0.7,0.7,,0.0,0,False
2026-03-19 19:49:00+00:00,,,,,,,,0.7,0.7,,0.0,0,False
2026-03-19 19:49:30+00:00,,,,,,,,0.7,0.7,,0.0,0,False
2026-03-19 19:50:00+00:00,,,,,,,,0.7,0.7,,0.0,0,False
2026-03-19 19:50:30+00:00,,,,,,,,0.7,0.7,,0.0,0,False
2026-03-19 19:51:00+00:00,,,,,,,,0.7,0.7,,0.0,0,False
2026-03-19 19:51:30+00:00,,,,,,,,0.7,0.7,,0.0,0,False
2026-03-19 19:52:00+00:00,,,,,,,,0.7,0.7,,0.0,0,False
2026-03-19 19:52:30+00:00,,,,,,,,0.7,0.7,,0.0,0,False
2026-03-19 19:53:00+00:00,,,,,,,,0.7,0.7,,0.0,0,False
2026-03-19 19:53:30+00:00,,,,,,,,0.7,0.7,,0.0,0,False
2026-03-19 19:54:00+00:00,,,,,,,,0.7,0.7,,0.0,0,False
2026-03-19 19:54:30+00:00,,,,,,,,0.7,0.7,,0.0,0,False
2026-03-19 19:55:00+00:00,,,,,,,,0.7,0.7,,0.0,0,False
2026-03-19 19:55:30+00:00,,,,,,,,0.7,0.7,,0.0,0,False
2026-03-19 19:56:00+00:00,,,,,,,,0.7,0.7,,0.0,0,False
2026-03-19 19:56:30+00:00,,,,,,,,0.7,0.7,,0.0,0,False
2026-03-19 19:57:00+00:00,,,,,,,,0.7,0.7,,0.0,0,False
2026-03-19 19:57:30+00:00,,,,,,,,0.7,0.7,,0.0,0,False
2026-03-19 19:58:00+00:00,,,,,,,,0.7,0.7,,0.0,0,False
2026-03-19 19:58:30+00:00,,,,,,,,0.7,0.7,,0.0,0,False
2026-03-19 19:59:00+00:00,,,,,,,,0.7,0.7,,0.0,0,False
2026-03-19 19:59:30+00:00,,,,,,,,0.7,0.7,,0.0,0,False
2026-03-19 20:00:00+00:00,,,,,,,,0.7,0.7,,0.0,0,False
2026-03-19 20:00:30+00:00,,,,,,,,0.7,0.7,,0.0,0,False
2026-03-19 20:01:00+00:00,,,,,,,,0.7,0.7,,0.0,0,False
2026-03-19 20:01:30+00:00,,,,,,,,0.7,0.7,,0.0,0,False
2026-03-19 20:02:00+00:00,,,,,,,,0.7,0.7,,0.0,0,False
2026-03-19 20:02:30+00:00,,,,,,,,0.7,0.7,,0.0,0,False
2026-03-19 20:03:00+00:00,,,,,,,,0.7,0.7,,0.0,0,False
2026-03-19 20:03:30+00:00,,,,,,,,0.7,0.7,,0.0,0,False
2026-03-19 20:04:00+00:00,,,,,,,,0.7,0.7,,0.0,0,False
2026-03-19 20:04:30+00:00,,,,,,,,0.7,0.7,,0.0,0,False
2026-03-19 20:05:00+00:00,,,,,,,,0.7,0.7,,0.0,0,False
2026-03-19 20:05:30+00:00,,,,,,,,0.7,0.7,,0.0,0,False
2026-03-19 20:06:00+00:00,,,,,,,,0.7,0.7,,0.0,0,False
2026-03-19 20:06:30+00:00,,,,,,,,0.7,0.7,,0.0,0,False
2026-03-19 20:07:00+00:00,,,,,,,,0.7,0.7,,0.0,0,False
2026-03-19 20:07:30+00:00,,,,,,,,0.7,0.7,,0.0,0,False
2026-03-19 20:08:00+00:00,,,,,,,,0.7,0.7,,0.0,0,False
2026-03-19 20:08:30+00:00,,,,,,,,0.7,0.7,,0.0,0,False
2026-03-19 20:09:00+00:00,,,,,,,,0.67,0.67,,100.0,2,False
2026-03-19 20:09:30+00:00,,,,,,,,0.67,0.67,,0.0,0,False
2026-03-19 20:10:00+00:00,,,,,,,,0.67,0.67,,0.0,0,False
2026-03-19 20:10:30+00:00,,,,,,,,0.67,0.67,,0.0,0,False
2026-03-19 20:11:00+00:00,,,,,,,,0.67,0.67,,0.0,0,False
2026-03-19 20:11:30+00:00,,,,,,,,0.67,0.67,,0.0,0,False
2026-03-19 20:12:00+00:00,,,,,,,,0.67,0.67,,0.0,0,False
2026-03-19 20:12:30+00:00,,,,,,,,0.67,0.67,,0.0,0,False
2026-03-19 20:13:00+00:00,,,,,,,,0.67,0.67,,0.0,0,False
2026-03-19 20:13:30+00:00,,,,,,,,0.67,0.67,,0.0,0,False
2026-03-19 20:14:00+00:00,,,,,,,,0.67,0.67,,0.0,0,False
2026-03-19 20:14:30+00:00,,,,,,,,0.67,0.67,,0.0,0,False
2026-03-19 20:15:00+00:00,,,,,,,,0.67,0.67,,0.0,0,False
2026-03-19 20:15:30+00:00,,,,,,,,0.67,0.67,,0.0,0,False
2026-03-19 20:16:00+00:00,,,,,,,,0.67,0.67,,0.0,0,False
2026-03-19 20:16:30+00:00,,,,,,,,0.67,0.67,,0.0,0,False
2026-03-19 20:17:00+00:00,,,,,,,,0.67,0.67,,0.0,0,False
2026-03-19 20:17:30+00:00,,,,,,,,0.67,0.67,,0.0,0,False
2026-03-19 20:18:00+00:00,,,,,,,,0.67,0.67,,0.0,0,False
2026-03-19 20:18:30+00:00,,,,,,,,0.67,0.67,,0.0,0,False
2026-03-19 20:19:00+00:00,,,,,,,,0.67,0.67,,0.0,0,False
2026-03-19 20:19:30+00:00,,,,,,,,0.67,0.67,,0.0,0,False
2026-03-19 20:20:00+00:00,,,,,,,,0.67,0.67,,0.0,0,False
2026-03-19 20:20:30+00:00,,,,,,,,0.67,0.67,,0.0,0,False
2026-03-19 20:21:00+00:00,,,,,,,,0.67,0.67,,0.0,0,False
2026-03-19 20:21:30+00:00,,,,,,,,0.67,0.67,,0.0,0,False
2026-03-19 20:22:00+00:00,,,,,,,,0.67,0.67,,1.0,1,False
2026-03-19 20:22:30+00:00,,,,,,,,0.67,0.67,,0.0,0,False
2026-03-19 20:23:00+00:00,,,,,,,,0.67,0.67,,0.0,0,False
2026-03-19 20:23:30+00:00,,,,,,,,0.67,0.67,,0.0,0,False
2026-03-19 20:24:00+00:00,,,,,,,,0.67,0.67,,0.0,0,False
2026-03-19 20:24:30+00:00,,,,,,,,0.67,0.67,,0.0,0,False
2026-03-19 20:25:00+00:00,,,,,,,,0.67,0.67,,0.0,0,False
2026-03-19 20:25:30+00:00,,,,,,,,0.67,0.67,,0.0,0,False
2026-03-19 20:26:00+00:00,,,,,,,,0.67,0.67,,0.0,0,False
2026-03-19 20:26:30+00:00,,,,,,,,0.67,0.67,,0.0,0,False
2026-03-19 20:27:00+00:00,,,,,,,,0.67,0.67,,0.0,0,False
2026-03-19 20:27:30+00:00,,,,,,,,0.67,0.67,,0.0,0,False
2026-03-19 20:28:00+00:00,,,,,,,,0.67,0.67,,0.0,0,False
2026-03-19 20:28:30+00:00,,,,,,,,0.67,0.67,,0.0,0,False
2026-03-19 20:29:00+00:00,,,,,,,,0.67,0.67,,0.0,0,False
2026-03-19 20:29:30+00:00,,,,,,,,0.67,0.67,,0.0,0,False
2026-03-19 20:30:00+00:00,,,,,,,,0.67,0.67,,0.0,0,False
2026-03-19 20:30:30+00:00,,,,,,,,0.67,0.67,,0.0,0,False
2026-03-19 20:31:00+00:00,,,,,,,,0.67,0.67,,0.0,0,False
2026-03-19 20:31:30+00:00,,,,,,,,0.67,0.67,,0.0,0,False
2026-03-19 20:32:00+00:00,,,,,,,,0.67,0.67,,0.0,0,False
2026-03-19 20:32:30+00:00,,,,,,,,0.67,0.67,,0.0,0,False
2026-03-19 20:33:00+00:00,,,,,,,,0.67,0.67,,0.0,0,False
2026-03-19 20:33:30+00:00,,,,,,,,0.67,0.67,,0.0,0,False
2026-03-19 20:34:00+00:00,,,,,,,,0.67,0.67,,0.0,0,False
2026-03-19 20:34:30+00:00,,,,,,,,0.67,0.67,,0.0,0,False
2026-03-19 20:35:00+00:00,,,,,,,,0.67,0.67,,0.0,0,False
2026-03-19 20:35:30+00:00,,,,,,,,0.67,0.67,,0.0,0,False
2026-03-19 20:36:00+00:00,,,,,,,,0.67,0.67,,0.0,0,False
2026-03-19 20:36:30+00:00,,,,,,,,0.67,0.67,,0.0,0,False
2026-03-19 20:37:00+00:00,,,,,,,,0.67,0.67,,0.0,0,False
2026-03-19 20:37:30+00:00,,,,,,,,0.67,0.67,,0.0,0,False
2026-03-19 20:38:00+00:00,,,,,,,,0.67,0.67,,0.0,0,False
2026-03-19 20:38:30+00:00,,,,,,,,0.67,0.67,,0.0,0,False
2026-03-19 20:39:00+00:00,,,,,,,,0.67,0.67,,0.0,0,False
2026-03-19 20:39:30+00:00,,,,,,,,0.67,0.67,,0.0,0,False
2026-03-19 20:40:00+00:00,,,,,,,,0.67,0.67,,0.0,0,False
2026-03-19 20:40:30+00:00,,,,,,,,0.67,0.67,,0.0,0,False
2026-03-19 20:41:00+00:00,,,,,,,,0.67,0.67,,0.0,0,False
2026-03-19 20:41:30+00:00,,,,,,,,0.67,0.67,,0.0,0,False
2026-03-19 20:42:00+00:00,,,,,,,,0.67,0.67,,0.0,0,False
2026-03-19 20:42:30+00:00,,,,,,,,0.67,0.67,,0.0,0,False
2026-03-19 20:43:00+00:00,,,,,,,,0.67,0.67,,0.0,0,False
2026-03-19 20:43:30+00:00,,,,,,,,0.67,0.67,,0.0,0,False
2026-03-19 20:44:00+00:00,,,,,,,,0.67,0.67,,0.0,0,False
2026-03-19 20:44:30+00:00,,,,,,,,0.67,0.67,,0.0,0,False
2026-03-19 20:45:00+00:00,,,,,,,,0.67,0.67,,0.0,0,False
2026-03-19 20:45:30+00:00,,,,,,,,0.67,0.67,,0.0,0,False
2026-03-19 20:46:00+00:00,,,,,,,,0.67,0.67,,0.0,0,False
2026-03-19 20:46:30+00:00,,,,,,,,0.67,0.67,,0.0,0,False
2026-03-19 20:47:00+00:00,,,,,,,,0.67,0.67,,0.0,0,False
2026-03-19 20:47:30+00:00,,,,,,,,0.67,0.67,,0.0,0,False
2026-03-19 20:48:00+00:00,,,,,,,,0.67,0.67,,0.0,0,False
2026-03-19 20:48:30+00:00,,,,,,,,0.67,0.67,,0.0,0,False
2026-03-19 20:49:00+00:00,,,,,,,,0.67,0.67,,0.0,0,False
2026-03-19 20:49:30+00:00,,,,,,,,0.67,0.67,,0.0,0,False
2026-03-19 20:50:00+00:00,,,,,,,,0.67,0.67,,0.0,0,False
2026-03-19 20:50:30+00:00,,,,,,,,0.67,0.67,,0.0,0,False
2026-03-19 20:51:00+00:00,,,,,,,,0.67,0.67,,0.0,0,False
2026-03-19 20:51:30+00:00,,,,,,,,0.67,0.67,,0.0,0,False
2026-03-19 20:52:00+00:00,,,,,,,,0.67,0.67,,0.0,0,False
2026-03-19 20:52:30+00:00,,,,,,,,0.67,0.67,,0.0,0,False
2026-03-19 20:53:00+00:00,,,,,,,,0.67,0.67,,0.0,0,False
2026-03-19 20:53:30+00:00,,,,,,,,0.64,0.64,,1.0,1,False
2026-03-19 20:54:00+00:00,,,,,,,,0.64,0.64,,0.0,0,False
2026-03-19 20:54:30+00:00,,,,,,,,0.64,0.64,,0.0,0,False
2026-03-19 20:55:00+00:00,,,,,,,,0.64,0.64,,0.0,0,False
2026-03-19 20:55:30+00:00,,,,,,,,0.64,0.64,,0.0,0,False
2026-03-19 20:56:00+00:00,,,,,,,,0.64,0.64,,0.0,0,False
2026-03-19 20:56:30+00:00,,,,,,,,0.64,0.64,,0.0,0,False
2026-03-19 20:57:00+00:00,,,,,,,,0.64,0.64,,0.0,0,False
2026-03-19 20:57:30+00:00,,,,,,,,0.64,0.64,,0.0,0,False
2026-03-19 20:58:00+00:00,,,,,,,,0.64,0.64,,0.0,0,False
2026-03-19 20:58:30+00:00,,,,,,,,0.64,0.64,,0.0,0,False
2026-03-19 20:59:00+00:00,,,,,,,,0.64,0.64,,0.0,0,False
2026-03-19 20:59:30+00:00,,,,,,,,0.64,0.64,,0.0,0,False
2026-03-19 21:00:00+00:00,,,,,,,,0.64,0.64,,0.0,0,False
2026-03-19 21:00:30+00:00,,,,,,,,0.64,0.64,,0.0,0,False
2026-03-19 21:01:00+00:00,,,,,,,,0.64,0.64,,0.0,0,False
2026-03-19 21:01:30+00:00,,,,,,,,0.64,0.64,,0.0,0,False
2026-03-19 21:02:00+00:00,,,,,,,,0.64,0.64,,0.0,0,False
2026-03-19 21:02:30+00:00,,,,,,,,0.64,0.64,,0.0,0,False
2026-03-19 21:03:00+00:00,,,,,,,,0.64,0.64,,0.0,0,False
2026-03-19 21:03:30+00:00,,,,,,,,0.64,0.64,,0.0,0,False
2026-03-19 21:04:00+00:00,,,,,,,,0.64,0.64,,0.0,0,False
2026-03-19 21:04:30+00:00,,,,,,,,0.64,0.64,,0.0,0,False
2026-03-19 21:05:00+00:00,,,,,,,,0.64,0.64,,0.0,0,False
2026-03-19 21:05:30+00:00,,,,,,,,0.64,0.64,,0.0,0,False
2026-03-19 21:06:00+00:00,,,,,,,,0.64,0.64,,0.0,0,False
2026-03-19 21:06:30+00:00,,,,,,,,0.64,0.64,,0.0,0,False
2026-03-19 21:07:00+00:00,,,,,,,,0.64,0.64,,0.0,0,False
2026-03-19 21:07:30+00:00,,,,,,,,0.64,0.64,,0.0,0,False
2026-03-19 21:08:00+00:00,,,,,,,,0.64,0.64,,0.0,0,False
2026-03-19 21:08:30+00:00,,,,,,,,0.64,0.64,,0.0,0,False
2026-03-19 21:09:00+00:00,,,,,,,,0.64,0.64,,0.0,0,False
2026-03-19 21:09:30+00:00,,,,,,,,0.64,0.64,,0.0,0,False
2026-03-19 21:10:00+00:00,,,,,,,,0.64,0.64,,0.0,0,False
2026-03-19 21:10:30+00:00,,,,,,,,0.64,0.64,,0.0,0,False
2026-03-19 21:11:00+00:00,,,,,,,,0.22,0.22,,6.0,1,False
2026-03-19 21:11:30+00:00,,,,,,,,0.22,0.22,,0.0,0,False
2026-03-19 21:12:00+00:00,,,,,,,,0.22,0.22,,0.0,0,False
2026-03-19 21:12:30+00:00,,,,,,,,0.22,0.22,,0.0,0,False
2026-03-19 21:13:00+00:00,,,,,,,,0.22,0.22,,0.0,0,False
2026-03-19 21:13:30+00:00,,,,,,,,0.22,0.22,,0.0,0,False
2026-03-19 21:14:00+00:00,,,,,,,,0.65,0.65,,6.0,2,False
2026-03-19 21:14:30+00:00,,,,,,,,0.65,0.65,,0.0,0,False
2026-03-19 21:15:00+00:00,,,,,,,,0.65,0.65,,0.0,0,False
2026-03-19 21:15:30+00:00,,,,,,,,0.65,0.65,,0.0,0,False
2026-03-19 21:16:00+00:00,,,,,,,,0.65,0.65,,0.0,0,False
2026-03-19 21:16:30+00:00,,,,,,,,0.65,0.65,,0.0,0,False
2026-03-19 21:17:00+00:00,,,,,,,,0.65,0.65,,0.0,0,False
2026-03-19 21:17:30+00:00,,,,,,,,0.65,0.65,,0.0,0,False
2026-03-19 21:18:00+00:00,,,,,,,,0.65,0.65,,0.0,0,False
2026-03-19 21:18:30+00:00,,,,,,,,0.65,0.65,,0.0,0,False
2026-03-19 21:19:00+00:00,,,,,,,,0.65,0.65,,0.0,0,False
2026-03-19 21:19:30+00:00,,,,,,,,0.65,0.65,,0.0,0,False
2026-03-19 21:20:00+00:00,,,,,,,,0.65,0.65,,0.0,0,False
2026-03-19 21:20:30+00:00,,,,,,,,0.65,0.65,,0.0,0,False
2026-03-19 21:21:00+00:00,,,,,,,,0.65,0.65,,0.0,0,False
2026-03-19 21:21:30+00:00,,,,,,,,0.65,0.65,,0.0,0,False
2026-03-19 21:22:00+00:00,,,,,,,,0.65,0.65,,0.0,0,False
2026-03-19 21:22:30+00:00,,,,,,,,0.65,0.65,,0.0,0,False
2026-03-19 21:23:00+00:00,,,,,,,,0.65,0.65,,0.0,0,False
2026-03-19 21:23:30+00:00,,,,,,,,0.65,0.65,,0.0,0,False
2026-03-19 21:24:00+00:00,,,,,,,,0.65,0.65,,0.0,0,False
2026-03-19 21:24:30+00:00,,,,,,,,0.65,0.65,,0.0,0,False
2026-03-19 21:25:00+00:00,,,,,,,,0.65,0.65,,0.0,0,False
2026-03-19 21:25:30+00:00,,,,,,,,0.65,0.65,,0.0,0,False
2026-03-19 21:26:00+00:00,,,,,,,,0.65,0.65,,0.0,0,False
2026-03-19 21:26:30+00:00,,,,,,,,0.65,0.65,,0.0,0,False
2026-03-19 21:27:00+00:00,,,,,,,,0.65,0.65,,0.0,0,False
2026-03-19 21:27:30+00:00,,,,,,,,0.65,0.65,,0.0,0,False
2026-03-19 21:28:00+00:00,,,,,,,,0.65,0.65,,0.0,0,False
2026-03-19 21:28:30+00:00,,,,,,,,0.65,0.65,,0.0,0,False
2026-03-19 21:29:00+00:00,,,,,,,,0.65,0.65,,0.0,0,False
2026-03-19 21:29:30+00:00,,,,,,,,0.65,0.65,,0.0,0,False
2026-03-19 21:30:00+00:00,,,,,,,,0.65,0.65,,0.0,0,False
2026-03-19 21:30:30+00:00,,,,,,,,0.65,0.65,,0.0,0,False
2026-03-19 21:31:00+00:00,,,,,,,,0.65,0.65,,0.0,0,False
2026-03-19 21:31:30+00:00,,,,,,,,0.65,0.65,,0.0,0,False
2026-03-19 21:32:00+00:00,,,,,,,,0.65,0.65,,0.0,0,False
2026-03-19 21:32:30+00:00,,,,,,,,0.65,0.65,,0.0,0,False
2026-03-19 21:33:00+00:00,,,,,,,,0.65,0.65,,0.0,0,False
2026-03-19 21:33:30+00:00,,,,,,,,0.65,0.65,,0.0,0,False
2026-03-19 21:34:00+00:00,,,,,,,,0.65,0.65,,0.0,0,False
2026-03-19 21:34:30+00:00,,,,,,,,0.65,0.65,,0.0,0,False
2026-03-19 21:35:00+00:00,,,,,,,,0.65,0.65,,0.0,0,False
2026-03-19 21:35:30+00:00,,,,,,,,0.65,0.65,,0.0,0,False
2026-03-19 21:36:00+00:00,,,,,,,,0.65,0.65,,0.0,0,False
2026-03-19 21:36:30+00:00,,,,,,,,0.65,0.65,,0.0,0,False
2026-03-19 21:37:00+00:00,,,,,,,,0.65,0.65,,0.0,0,False
2026-03-19 21:37:30+00:00,,,,,,,,0.65,0.65,,0.0,0,False
2026-03-19 21:38:00+00:00,,,,,,,,0.65,0.65,,0.0,0,False
2026-03-19 21:38:30+00:00,,,,,,,,0.65,0.65,,0.0,0,False
2026-03-19 21:39:00+00:00,,,,,,,,0.65,0.65,,0.0,0,False
2026-03-19 21:39:30+00:00,,,,,,,,0.65,0.65,,0.0,0,False
2026-03-19 21:40:00+00:00,,,,,,,,0.65,0.65,,0.0,0,False
2026-03-19 21:40:30+00:00,,,,,,,,0.65,0.65,,0.0,0,False
2026-03-19 21:41:00+00:00,,,,,,,,0.65,0.65,,0.0,0,False
2026-03-19 21:41:30+00:00,,,,,,,,0.65,0.65,,0.0,0,False
2026-03-19 21:42:00+00:00,,,,,,,,0.65,0.65,,0.0,0,False
2026-03-19 21:42:30+00:00,,,,,,,,0.65,0.65,,0.0,0,False
2026-03-19 21:43:00+00:00,,,,,,,,0.65,0.65,,0.0,0,False
2026-03-19 21:43:30+00:00,,,,,,,,0.68,0.68,,71.0,1,False
2026-03-19 21:44:00+00:00,,,,,,,,0.68,0.68,,0.0,0,False
2026-03-19 21:44:30+00:00,,,,,,,,0.68,0.68,,0.0,0,False
2026-03-19 21:45:00+00:00,,,,,,,,0.68,0.68,,0.0,0,False
2026-03-19 21:45:30+00:00,,,,,,,,0.68,0.68,,0.0,0,False
2026-03-19 21:46:00+00:00,,,,,,,,0.68,0.68,,0.0,0,False
2026-03-19 21:46:30+00:00,,,,,,,,0.68,0.68,,0.0,0,False
2026-03-19 21:47:00+00:00,,,,,,,,0.68,0.68,,0.0,0,False
2026-03-19 21:47:30+00:00,,,,,,,,0.68,0.68,,0.0,0,False
2026-03-19 21:48:00+00:00,,,,,,,,0.68,0.68,,0.0,0,False
2026-03-19 21:48:30+00:00,,,,,,,,0.68,0.68,,0.0,0,False
2026-03-19 21:49:00+00:00,,,,,,,,0.68,0.68,,0.0,0,False
2026-03-19 21:49:30+00:00,,,,,,,,0.68,0.68,,0.0,0,False
2026-03-19 21:50:00+00:00,,,,,,,,0.68,0.68,,0.0,0,False
2026-03-19 21:50:30+00:00,,,,,,,,0.68,0.68,,0.0,0,False
2026-03-19 21:51:00+00:00,,,,,,,,0.68,0.68,,0.0,0,False
2026-03-19 21:51:30+00:00,,,,,,,,0.68,0.68,,0.0,0,False
2026-03-19 21:52:00+00:00,,,,,,,,0.68,0.68,,0.0,0,False
2026-03-19 21:52:30+00:00,,,,,,,,0.68,0.68,,0.0,0,False
2026-03-19 21:53:00+00:00,,,,,,,,0.68,0.68,,0.0,0,False
2026-03-19 21:53:30+00:00,,,,,,,,0.68,0.68,,0.0,0,False
2026-03-19 21:54:00+00:00,,,,,,,,0.68,0.68,,0.0,0,False
2026-03-19 21:54:30+00:00,,,,,,,,0.68,0.68,,0.0,0,False
2026-03-19 21:55:00+00:00,,,,,,,,0.68,0.68,,0.0,0,False
2026-03-19 21:55:30+00:00,,,,,,,,0.68,0.68,,0.0,0,False
2026-03-19 21:56:00+00:00,,,,,,,,0.68,0.68,,0.0,0,False
2026-03-19 21:56:30+00:00,,,,,,,,0.68,0.68,,0.0,0,False
2026-03-19 21:57:00+00:00,,,,,,,,0.68,0.68,,0.0,0,False
2026-03-19 21:57:30+00:00,,,,,,,,0.68,0.68,,0.0,0,False
2026-03-19 21:58:00+00:00,,,,,,,,0.68,0.68,,0.0,0,False
2026-03-19 21:58:30+00:00,,,,,,,,0.68,0.68,,0.0,0,False
2026-03-19 21:59:00+00:00,,,,,,,,0.68,0.68,,0.0,0,False
2026-03-19 21:59:30+00:00,,,,,,,,0.68,0.68,,0.0,0,False
2026-03-19 22:00:00+00:00,,,,,,,,0.68,0.68,,0.0,0,False
2026-03-19 22:00:30+00:00,,,,,,,,0.68,0.68,,0.0,0,False
2026-03-19 22:01:00+00:00,,,,,,,,0.68,0.68,,0.0,0,False
2026-03-19 22:01:30+00:00,,,,,,,,0.68,0.68,,0.0,0,False
2026-03-19 22:02:00+00:00,,,,,,,,0.68,0.68,,0.0,0,False
2026-03-19 22:02:30+00:00,,,,,,,,0.68,0.68,,0.0,0,False
2026-03-19 22:03:00+00:00,,,,,,,,0.68,0.68,,0.0,0,False
2026-03-19 22:03:30+00:00,,,,,,,,0.68,0.68,,0.0,0,False
2026-03-19 22:04:00+00:00,,,,,,,,0.68,0.68,,0.0,0,False
2026-03-19 22:04:30+00:00,,,,,,,,0.68,0.68,,0.0,0,False
2026-03-19 22:05:00+00:00,,,,,,,,0.68,0.68,,0.0,0,False
2026-03-19 22:05:30+00:00,,,,,,,,0.68,0.68,,0.0,0,False
2026-03-19 22:06:00+00:00,,,,,,,,0.68,0.68,,0.0,0,False
2026-03-19 22:06:30+00:00,,,,,,,,0.68,0.68,,0.0,0,False
2026-03-19 22:07:00+00:00,,,,,,,,0.68,0.68,,0.0,0,False
2026-03-19 22:07:30+00:00,,,,,,,,0.68,0.68,,0.0,0,False
2026-03-19 22:08:00+00:00,,,,,,,,0.68,0.68,,0.0,0,False
2026-03-19 22:08:30+00:00,,,,,,,,0.68,0.68,,0.0,0,False
2026-03-19 22:09:00+00:00,,,,,,,,0.68,0.68,,0.0,0,False
2026-03-19 22:09:30+00:00,,,,,,,,0.68,0.68,,0.0,0,False
2026-03-19 22:10:00+00:00,,,,,,,,0.68,0.68,,0.0,0,False
2026-03-19 22:10:30+00:00,,,,,,,,0.68,0.68,,0.0,0,False
2026-03-19 22:11:00+00:00,,,,,,,,0.68,0.68,,0.0,0,False
2026-03-19 22:11:30+00:00,,,,,,,,0.68,0.68,,0.0,0,False
2026-03-19 22:12:00+00:00,,,,,,,,0.68,0.68,,0.0,0,False
2026-03-19 22:12:30+00:00,,,,,,,,0.68,0.68,,0.0,0,False
2026-03-19 22:13:00+00:00,,,,,,,,0.68,0.68,,0.0,0,False
2026-03-19 22:13:30+00:00,,,,,,,,0.68,0.68,,0.0,0,False
2026-03-19 22:14:00+00:00,,,,,,,,0.68,0.68,,0.0,0,False
2026-03-19 22:14:30+00:00,,,,,,,,0.68,0.68,,0.0,0,False
2026-03-19 22:15:00+00:00,,,,,,,,0.68,0.68,,0.0,0,False
2026-03-19 22:15:30+00:00,,,,,,,,0.68,0.68,,0.0,0,False
2026-03-19 22:16:00+00:00,,,,,,,,0.68,0.68,,0.0,0,False
2026-03-19 22:16:30+00:00,,,,,,,,0.68,0.68,,0.0,0,False
2026-03-19 22:17:00+00:00,,,,,,,,0.68,0.68,,0.0,0,False
2026-03-19 22:17:30+00:00,,,,,,,,0.68,0.68,,0.0,0,False
2026-03-19 22:18:00+00:00,,,,,,,,0.68,0.68,,0.0,0,False
2026-03-19 22:18:30+00:00,,,,,,,,0.68,0.68,,0.0,0,False
2026-03-19 22:19:00+00:00,,,,,,,,0.68,0.68,,0.0,0,False
2026-03-19 22:19:30+00:00,,,,,,,,0.68,0.68,,0.0,0,False
2026-03-19 22:20:00+00:00,,,,,,,,0.68,0.68,,0.0,0,False
2026-03-19 22:20:30+00:00,,,,,,,,0.68,0.68,,0.0,0,False
2026-03-19 22:21:00+00:00,,,,,,,,0.68,0.68,,0.0,0,False
2026-03-19 22:21:30+00:00,,,,,,,,0.68,0.68,,0.0,0,False
2026-03-19 22:22:00+00:00,,,,,,,,0.68,0.68,,0.0,0,False
2026-03-19 22:22:30+00:00,,,,,,,,0.68,0.68,,0.0,0,False
2026-03-19 22:23:00+00:00,,,,,,,,0.68,0.68,,0.0,0,False
2026-03-19 22:23:30+00:00,,,,,,,,0.68,0.68,,0.0,0,False
2026-03-19 22:24:00+00:00,,,,,,,,0.68,0.68,,0.0,0,False
2026-03-19 22:24:30+00:00,,,,,,,,0.68,0.68,,0.0,0,False
2026-03-19 22:25:00+00:00,,,,,,,,0.68,0.68,,0.0,0,False
2026-03-19 22:25:30+00:00,,,,,,,,0.68,0.68,,0.0,0,False
2026-03-19 22:26:00+00:00,,,,,,,,0.64,0.64,,13.0,1,False
2026-03-19 22:26:30+00:00,,,,,,,,0.64,0.64,,0.0,0,False
2026-03-19 22:27:00+00:00,,,,,,,,0.64,0.64,,0.0,0,False
2026-03-19 22:27:30+00:00,,,,,,,,0.64,0.64,,0.0,0,False
2026-03-19 22:28:00+00:00,,,,,,,,0.64,0.64,,0.0,0,False
2026-03-19 22:28:30+00:00,,,,,,,,0.64,0.64,,0.0,0,False
2026-03-19 22:29:00+00:00,,,,,,,,0.64,0.64,,0.0,0,False
2026-03-19 22:29:30+00:00,,,,,,,,0.64,0.64,,0.0,0,False
2026-03-19 22:30:00+00:00,,,,,,,,0.64,0.64,,0.0,0,False
2026-03-19 22:30:30+00:00,,,,,,,,0.7,0.7,,4.0,1,False
2026-03-19 22:31:00+00:00,,,,,,,,0.7,0.7,,0.0,0,False
2026-03-19 22:31:30+00:00,,,,,,,,0.7,0.7,,0.0,0,False
2026-03-19 22:32:00+00:00,,,,,,,,0.7,0.7,,0.0,0,False
2026-03-19 22:32:30+00:00,,,,,,,,0.7,0.7,,0.0,0,False
2026-03-19 22:33:00+00:00,,,,,,,,0.7,0.7,,0.0,0,False
2026-03-19 22:33:30+00:00,,,,,,,,0.7,0.7,,0.0,0,False
2026-03-19 22:34:00+00:00,,,,,,,,0.7,0.7,,0.0,0,False
2026-03-19 22:34:30+00:00,,,,,,,,0.7,0.7,,0.0,0,False
2026-03-19 22:35:00+00:00,,,,,,,,0.7,0.7,,0.0,0,False
2026-03-19 22:35:30+00:00,,,,,,,,0.7,0.7,,0.0,0,False
2026-03-19 22:36:00+00:00,,,,,,,,0.7,0.7,,0.0,0,False
2026-03-19 22:36:30+00:00,,,,,,,,0.7,0.7,,0.0,0,False
2026-03-19 22:37:00+00:00,,,,,,,,0.7,0.7,,0.0,0,False
2026-03-19 22:37:30+00:00,,,,,,,,0.7,0.7,,0.0,0,False
2026-03-19 22:38:00+00:00,,,,,,,,0.7,0.7,,0.0,0,False
2026-03-19 22:38:30+00:00,,,,,,,,0.7,0.7,,0.0,0,False
2026-03-19 22:39:00+00:00,,,,,,,,0.7,0.7,,0.0,0,False
2026-03-19 22:39:30+00:00,,,,,,,,0.7,0.7,,0.0,0,False
2026-03-19 22:40:00+00:00,,,,,,,,0.7,0.7,,0.0,0,False
2026-03-19 22:40:30+00:00,,,,,,,,0.7,0.7,,0.0,0,False
2026-03-19 22:41:00+00:00,,,,,,,,0.7,0.7,,0.0,0,False
2026-03-19 22:41:30+00:00,,,,,,,,0.7,0.7,,0.0,0,False
2026-03-19 22:42:00+00:00,,,,,,,,0.7,0.7,,0.0,0,False
2026-03-19 22:42:30+00:00,,,,,,,,0.7,0.7,,0.0,0,False
2026-03-19 22:43:00+00:00,,,,,,,,0.7,0.7,,0.0,0,False
2026-03-19 22:43:30+00:00,,,,,,,,0.7,0.7,,0.0,0,False
2026-03-19 22:44:00+00:00,,,,,,,,0.7,0.7,,0.0,0,False
2026-03-19 22:44:30+00:00,,,,,,,,0.7,0.7,,0.0,0,False
2026-03-19 22:45:00+00:00,,,,,,,,0.7,0.7,,0.0,0,False
2026-03-19 22:45:30+00:00,,,,,,,,0.7,0.7,,0.0,0,False
2026-03-19 22:46:00+00:00,,,,,,,,0.7,0.7,,0.0,0,False
2026-03-19 22:46:30+00:00,,,,,,,,0.7,0.7,,0.0,0,False
2026-03-19 22:47:00+00:00,,,,,,,,0.7,0.7,,0.0,0,False
2026-03-19 22:47:30+00:00,,,,,,,,0.7,0.7,,0.0,0,False
2026-03-19 22:48:00+00:00,,,,,,,,0.7,0.7,,0.0,0,False
2026-03-19 22:48:30+00:00,,,,,,,,0.7,0.7,,0.0,0,False
2026-03-19 22:49:00+00:00,,,,,,,,0.7,0.7,,0.0,0,False
2026-03-19 22:49:30+00:00,,,,,,,,0.7,0.7,,0.0,0,False
2026-03-19 22:50:00+00:00,,,,,,,,0.7,0.7,,0.0,0,False
2026-03-19 22:50:30+00:00,,,,,,,,0.27,0.27,,6.0,1,False
2026-03-19 22:51:00+00:00,,,,,,,,0.27,0.27,,0.0,0,False
2026-03-19 22:51:30+00:00,,,,,,,,0.27,0.27,,0.0,0,False
2026-03-19 22:52:00+00:00,,,,,,,,0.27,0.27,,0.0,0,False
2026-03-19 22:52:30+00:00,,,,,,,,0.27,0.27,,0.0,0,False
2026-03-19 22:53:00+00:00,,,,,,,,0.27,0.27,,0.0,0,False
2026-03-19 22:53:30+00:00,,,,,,,,0.27,0.27,,0.0,0,False
2026-03-19 22:54:00+00:00,,,,,,,,0.27,0.27,,0.0,0,False
2026-03-19 22:54:30+00:00,,,,,,,,0.27,0.27,,0.0,0,False
2026-03-19 22:55:00+00:00,,,,,,,,0.27,0.27,,0.0,0,False
2026-03-19 22:55:30+00:00,,,,,,,,0.27,0.27,,0.0,0,False
2026-03-19 22:56:00+00:00,,,,,,,,0.27,0.27,,0.0,0,False
2026-03-19 22:56:30+00:00,,,,,,,,0.27,0.27,,0.0,0,False
2026-03-19 22:57:00+00:00,,,,,,,,0.27,0.27,,0.0,0,False
2026-03-19 22:57:30+00:00,,,,,,,,0.27,0.27,,0.0,0,False
2026-03-19 22:58:00+00:00,,,,,,,,0.27,0.27,,0.0,0,False
2026-03-19 22:58:30+00:00,,,,,,,,0.27,0.27,,0.0,0,False
2026-03-19 22:59:00+00:00,,,,,,,,0.27,0.27,,0.0,0,False
2026-03-19 22:59:30+00:00,,,,,,,,0.27,0.27,,0.0,0,False
2026-03-19 23:00:00+00:00,,,,,,,,0.27,0.27,,0.0,0,False
2026-03-19 23:00:30+00:00,,,,,,,,0.27,0.27,,0.0,0,False
2026-03-19 23:01:00+00:00,,,,,,,,0.27,0.27,,0.0,0,False
2026-03-19 23:01:30+00:00,,,,,,,,0.27,0.27,,0.0,0,False
2026-03-19 23:02:00+00:00,,,,,,,,0.27,0.27,,0.0,0,False
2026-03-19 23:02:30+00:00,,,,,,,,0.27,0.27,,0.0,0,False
2026-03-19 23:03:00+00:00,,,,,,,,0.27,0.27,,0.0,0,False
2026-03-19 23:03:30+00:00,,,,,,,,0.27,0.27,,0.0,0,False
2026-03-19 23:04:00+00:00,,,,,,,,0.27,0.27,,0.0,0,False
2026-03-19 23:04:30+00:00,,,,,,,,0.27,0.27,,0.0,0,False
2026-03-19 23:05:00+00:00,,,,,,,,0.27,0.27,,0.0,0,False
2026-03-19 23:05:30+00:00,,,,,,,,0.27,0.27,,0.0,0,False
2026-03-19 23:06:00+00:00,,,,,,,,0.27,0.27,,0.0,0,False
2026-03-19 23:06:30+00:00,,,,,,,,0.27,0.27,,0.0,0,False
2026-03-19 23:07:00+00:00,,,,,,,,0.27,0.27,,0.0,0,False
2026-03-19 23:07:30+00:00,,,,,,,,0.27,0.27,,0.0,0,False
2026-03-19 23:08:00+00:00,,,,,,,,0.27,0.27,,0.0,0,False
2026-03-19 23:08:30+00:00,,,,,,,,0.27,0.27,,0.0,0,False
2026-03-19 23:09:00+00:00,,,,,,,,0.27,0.27,,0.0,0,False
2026-03-19 23:09:30+00:00,,,,,,,,0.27,0.27,,0.0,0,False
2026-03-19 23:10:00+00:00,,,,,,,,0.27,0.27,,0.0,0,False
2026-03-19 23:10:30+00:00,,,,,,,,0.27,0.27,,0.0,0,False
2026-03-19 23:11:00+00:00,,,,,,,,0.27,0.27,,0.0,0,False
2026-03-19 23:11:30+00:00,,,,,,,,0.27,0.27,,0.0,0,False
2026-03-19 23:12:00+00:00,,,,,,,,0.27,0.27,,0.0,0,False
2026-03-19 23:12:30+00:00,,,,,,,,0.27,0.27,,0.0,0,False
2026-03-19 23:13:00+00:00,,,,,,,,0.27,0.27,,0.0,0,False
2026-03-19 23:13:30+00:00,,,,,,,,0.27,0.27,,0.0,0,False
2026-03-19 23:14:00+00:00,,,,,,,,0.27,0.27,,0.0,0,False
2026-03-19 23:14:30+00:00,,,,,,,,0.27,0.27,,0.0,0,False
2026-03-19 23:15:00+00:00,,,,,,,,0.27,0.27,,0.0,0,False
2026-03-19 23:15:30+00:00,,,,,,,,0.27,0.27,,0.0,0,False
2026-03-19 23:16:00+00:00,,,,,,,,0.27,0.27,,0.0,0,False
2026-03-19 23:16:30+00:00,,,,,,,,0.27,0.27,,0.0,0,False
2026-03-19 23:17:00+00:00,,,,,,,,0.27,0.27,,0.0,0,False
2026-03-19 23:17:30+00:00,,,,,,,,0.27,0.27,,0.0,0,False
2026-03-19 23:18:00+00:00,,,,,,,,0.27,0.27,,0.0,0,False
2026-03-19 23:18:30+00:00,,,,,,,,0.27,0.27,,0.0,0,False
2026-03-19 23:19:00+00:00,,,,,,,,0.27,0.27,,0.0,0,False
2026-03-19 23:19:30+00:00,,,,,,,,0.27,0.27,,0.0,0,False
2026-03-19 23:20:00+00:00,,,,,,,,0.27,0.27,,0.0,0,False
2026-03-19 23:20:30+00:00,,,,,,,,0.27,0.27,,0.0,0,False
2026-03-19 23:21:00+00:00,,,,,,,,0.27,0.27,,0.0,0,False
2026-03-19 23:21:30+00:00,,,,,,,,0.27,0.27,,0.0,0,False
2026-03-19 23:22:00+00:00,,,,,,,,0.27,0.27,,0.0,0,False
2026-03-19 23:22:30+00:00,,,,,,,,0.27,0.27,,0.0,0,False
2026-03-19 23:23:00+00:00,,,,,,,,0.27,0.27,,0.0,0,False
2026-03-19 23:23:30+00:00,,,,,,,,0.27,0.27,,0.0,0,False
2026-03-19 23:24:00+00:00,,,,,,,,0.27,0.27,,0.0,0,False
2026-03-19 23:24:30+00:00,,,,,,,,0.27,0.27,,0.0,0,False
2026-03-19 23:25:00+00:00,,,,,,,,0.27,0.27,,0.0,0,False
2026-03-19 23:25:30+00:00,,,,,,,,0.27,0.27,,0.0,0,False
2026-03-19 23:26:00+00:00,,,,,,,,0.27,0.27,,0.0,0,False
2026-03-19 23:26:30+00:00,,,,,,,,0.75,0.75,,10.0,2,False
2026-03-19 23:27:00+00:00,,,,,,,,0.75,0.75,,0.0,0,False
2026-03-19 23:27:30+00:00,,,,,,,,0.75,0.75,,0.0,0,False
2026-03-19 23:28:00+00:00,,,,,,,,0.75,0.75,,0.0,0,False
2026-03-19 23:28:30+00:00,,,,,,,,0.75,0.75,,0.0,0,False
2026-03-19 23:29:00+00:00,,,,,,,,0.75,0.75,,0.0,0,False
2026-03-19 23:29:30+00:00,,,,,,,,0.75,0.75,,0.0,0,False
2026-03-19 23:30:00+00:00,,,,,,,,0.75,0.75,,0.0,0,False
2026-03-19 23:30:30+00:00,,,,,,,,0.75,0.75,,0.0,0,False
2026-03-19 23:31:00+00:00,,,,,,,,0.75,0.75,,0.0,0,False
2026-03-19 23:31:30+00:00,,,,,,,,0.75,0.75,,0.0,0,False
2026-03-19 23:32:00+00:00,,,,,,,,0.75,0.75,,0.0,0,False
2026-03-19 23:32:30+00:00,,,,,,,,0.75,0.75,,0.0,0,False
2026-03-19 23:33:00+00:00,,,,,,,,0.75,0.75,,0.0,0,False
2026-03-19 23:33:30+00:00,,,,,,,,0.75,0.75,,0.0,0,False
2026-03-19 23:34:00+00:00,,,,,,,,0.75,0.75,,0.0,0,False
2026-03-19 23:34:30+00:00,,,,,,,,0.75,0.75,,0.0,0,False
2026-03-19 23:35:00+00:00,,,,,,,,0.75,0.75,,0.0,0,False
2026-03-19 23:35:30+00:00,,,,,,,,0.75,0.75,,0.0,0,False
2026-03-19 23:36:00+00:00,,,,,,,,0.75,0.75,,0.0,0,False
2026-03-19 23:36:30+00:00,,,,,,,,0.75,0.75,,0.0,0,False
2026-03-19 23:37:00+00:00,,,,,,,,0.75,0.75,,0.0,0,False
2026-03-19 23:37:30+00:00,,,,,,,,0.75,0.75,,0.0,0,False
2026-03-19 23:38:00+00:00,,,,,,,,0.75,0.75,,0.0,0,False
2026-03-19 23:38:30+00:00,,,,,,,,0.75,0.75,,0.0,0,False
2026-03-19 23:39:00+00:00,,,,,,,,0.75,0.75,,0.0,0,False
2026-03-19 23:39:30+00:00,,,,,,,,0.75,0.75,,0.0,0,False
2026-03-19 23:40:00+00:00,,,,,,,,0.75,0.75,,0.0,0,False
2026-03-19 23:40:30+00:00,,,,,,,,0.75,0.75,,0.0,0,False
2026-03-19 23:41:00+00:00,,,,,,,,0.75,0.75,,0.0,0,False
2026-03-19 23:41:30+00:00,,,,,,,,0.75,0.75,,0.0,0,False
2026-03-19 23:42:00+00:00,,,,,,,,0.75,0.75,,0.0,0,False
2026-03-19 23:42:30+00:00,,,,,,,,0.75,0.75,,0.0,0,False
2026-03-19 23:43:00+00:00,,,,,,,,0.75,0.75,,0.0,0,False
2026-03-19 23:43:30+00:00,,,,,,,,0.75,0.75,,0.0,0,False
2026-03-19 23:44:00+00:00,,,,,,,,0.75,0.75,,0.0,0,False
2026-03-19 23:44:30+00:00,,,,,,,,0.75,0.75,,0.0,0,False
2026-03-19 23:45:00+00:00,,,,,,,,0.75,0.75,,0.0,0,False
2026-03-19 23:45:30+00:00,,,,,,,,0.75,0.75,,0.0,0,False
2026-03-19 23:46:00+00:00,,,,,,,,0.75,0.75,,0.0,0,False
2026-03-19 23:46:30+00:00,,,,,,,,0.75,0.75,,0.0,0,False
2026-03-19 23:47:00+00:00,,,,,,,,0.75,0.75,,0.0,0,False
2026-03-19 23:47:30+00:00,,,,,,,,0.75,0.75,,0.0,0,False
2026-03-19 23:48:00+00:00,,,,,,,,0.75,0.75,,0.0,0,False
2026-03-19 23:48:30+00:00,,,,,,,,0.75,0.75,,0.0,0,False
2026-03-19 23:49:00+00:00,,,,,,,,0.6699999999999999,0.6699999999999999,,14.0,1,False
2026-03-19 23:49:30+00:00,,,,,,,,0.6699999999999999,0.6699999999999999,,0.0,0,False
2026-03-19 23:50:00+00:00,,,,,,,,0.6699999999999999,0.6699999999999999,,0.0,0,False
2026-03-19 23:50:30+00:00,,,,,,,,0.6699999999999999,0.6699999999999999,,0.0,0,False
2026-03-19 23:51:00+00:00,,,,,,,,0.6699999999999999,0.6699999999999999,,0.0,0,False
2026-03-19 23:51:30+00:00,,,,,,,,0.6699999999999999,0.6699999999999999,,0.0,0,False
2026-03-19 23:52:00+00:00,,,,,,,,0.6699999999999999,0.6699999999999999,,0.0,0,False
2026-03-19 23:52:30+00:00,,,,,,,,0.6699999999999999,0.6699999999999999,,0.0,0,False
2026-03-19 23:53:00+00:00,,,,,,,,0.6699999999999999,0.6699999999999999,,0.0,0,False
2026-03-19 23:53:30+00:00,,,,,,,,0.6699999999999999,0.6699999999999999,,0.0,0,False
2026-03-19 23:54:00+00:00,,,,,,,,0.6699999999999999,0.6699999999999999,,14.0,1,False
2026-03-19 23:54:30+00:00,,,,,,,,0.6699999999999999,0.6699999999999999,,0.0,0,False
2026-03-19 23:55:00+00:00,,,,,,,,0.6699999999999999,0.6699999999999999,,0.0,0,False
2026-03-19 23:55:30+00:00,,,,,,,,0.6699999999999999,0.6699999999999999,,0.0,0,False
2026-03-19 23:56:00+00:00,,,,,,,,0.6699999999999999,0.6699999999999999,,0.0,0,False
2026-03-19 23:56:30+00:00,,,,,,,,0.6699999999999999,0.6699999999999999,,0.0,0,False
2026-03-19 23:57:00+00:00,,,,,,,,0.6699999999999999,0.6699999999999999,,0.0,0,False
2026-03-19 23:57:30+00:00,,,,,,,,0.6699999999999999,0.6699999999999999,,0.0,0,False
2026-03-19 23:58:00+00:00,,,,,,,,0.6699999999999999,0.6699999999999999,,0.0,0,False
2026-03-19 23:58:30+00:00,,,,,,,,0.6699999999999999,0.6699999999999999,,0.0,0,False
2026-03-19 23:59:00+00:00,,,,,,,,0.6699999999999999,0.6699999999999999,,0.0,0,False
2026-03-19 23:59:30+00:00,,,,,,,,0.6699999999999999,0.6699999999999999,,0.0,0,False
2026-03-20 00:00:00+00:00,,,,,,,,0.6699999999999999,0.6699999999999999,,0.0,0,False
2026-03-20 00:00:30+00:00,,,,,,,,0.6699999999999999,0.6699999999999999,,0.0,0,False
2026-03-20 00:01:00+00:00,,,,,,,,0.6699999999999999,0.6699999999999999,,0.0,0,False
2026-03-20 00:01:30+00:00,,,,,,,,0.6699999999999999,0.6699999999999999,,0.0,0,False
2026-03-20 00:02:00+00:00,,,,,,,,0.6699999999999999,0.6699999999999999,,0.0,0,False
2026-03-20 00:02:30+00:00,,,,,,,,0.6699999999999999,0.6699999999999999,,0.0,0,False
2026-03-20 00:03:00+00:00,,,,,,,,0.6699999999999999,0.6699999999999999,,0.0,0,False
2026-03-20 00:03:30+00:00,,,,,,,,0.6699999999999999,0.6699999999999999,,0.0,0,False
2026-03-20 00:04:00+00:00,,,,,,,,0.6699999999999999,0.6699999999999999,,0.0,0,False
2026-03-20 00:04:30+00:00,,,,,,,,0.6699999999999999,0.6699999999999999,,0.0,0,False
2026-03-20 00:05:00+00:00,,,,,,,,0.6699999999999999,0.6699999999999999,,0.0,0,False
2026-03-20 00:05:30+00:00,,,,,,,,0.6699999999999999,0.6699999999999999,,0.0,0,False
2026-03-20 00:06:00+00:00,,,,,,,,0.6699999999999999,0.6699999999999999,,0.0,0,False
2026-03-20 00:06:30+00:00,,,,,,,,0.6699999999999999,0.6699999999999999,,0.0,0,False
2026-03-20 00:07:00+00:00,,,,,,,,0.6699999999999999,0.6699999999999999,,0.0,0,False
2026-03-20 00:07:30+00:00,,,,,,,,0.6699999999999999,0.6699999999999999,,0.0,0,False
2026-03-20 00:08:00+00:00,,,,,,,,0.6699999999999999,0.6699999999999999,,0.0,0,False
2026-03-20 00:08:30+00:00,,,,,,,,0.6699999999999999,0.6699999999999999,,0.0,0,False
2026-03-20 00:09:00+00:00,,,,,,,,0.6699999999999999,0.6699999999999999,,0.0,0,False
2026-03-20 00:09:30+00:00,,,,,,,,0.6699999999999999,0.6699999999999999,,0.0,0,False
2026-03-20 00:10:00+00:00,,,,,,,,0.6699999999999999,0.6699999999999999,,0.0,0,False
2026-03-20 00:10:30+00:00,,,,,,,,0.6699999999999999,0.6699999999999999,,0.0,0,False
2026-03-20 00:11:00+00:00,,,,,,,,0.6699999999999999,0.6699999999999999,,0.0,0,False
2026-03-20 00:11:30+00:00,,,,,,,,0.6699999999999999,0.6699999999999999,,0.0,0,False
2026-03-20 00:12:00+00:00,,,,,,,,0.6699999999999999,0.6699999999999999,,0.0,0,False
2026-03-20 00:12:30+00:00,,,,,,,,0.6699999999999999,0.6699999999999999,,0.0,0,False
2026-03-20 00:13:00+00:00,,,,,,,,0.6699999999999999,0.6699999999999999,,0.0,0,False
2026-03-20 00:13:30+00:00,,,,,,,,0.6699999999999999,0.6699999999999999,,0.0,0,False
2026-03-20 00:14:00+00:00,,,,,,,,0.6699999999999999,0.6699999999999999,,0.0,0,False
2026-03-20 00:14:30+00:00,,,,,,,,0.6699999999999999,0.6699999999999999,,0.0,0,False
2026-03-20 00:15:00+00:00,,,,,,,,0.6699999999999999,0.6699999999999999,,0.0,0,False
2026-03-20 00:15:30+00:00,,,,,,,,0.6699999999999999,0.6699999999999999,,0.0,0,False
2026-03-20 00:16:00+00:00,,,,,,,,0.7592,0.75,,25.0,2,False
2026-03-20 00:16:30+00:00,,,,,,,,0.7592,0.75,,0.0,0,False
2026-03-20 00:17:00+00:00,,,,,,,,0.7592,0.75,,0.0,0,False
2026-03-20 00:17:30+00:00,,,,,,,,0.7592,0.75,,0.0,0,False
2026-03-20 00:18:00+00:00,,,,,,,,0.7592,0.75,,0.0,0,False
2026-03-20 00:18:30+00:00,,,,,,,,0.7592,0.75,,0.0,0,False
2026-03-20 00:19:00+00:00,,,,,,,,0.7592,0.75,,0.0,0,False
2026-03-20 00:19:30+00:00,,,,,,,,0.7592,0.75,,0.0,0,False
2026-03-20 00:20:00+00:00,,,,,,,,0.7592,0.75,,0.0,0,False
2026-03-20 00:20:30+00:00,,,,,,,,0.7592,0.75,,0.0,0,False
2026-03-20 00:21:00+00:00,,,,,,,,0.7592,0.75,,0.0,0,False
2026-03-20 00:21:30+00:00,,,,,,,,0.77,0.77,,1.0,1,False
2026-03-20 00:22:00+00:00,,,,,,,,0.77,0.77,,0.0,0,False
2026-03-20 00:22:30+00:00,,,,,,,,0.77,0.77,,0.0,0,False
2026-03-20 00:23:00+00:00,,,,,,,,0.77,0.77,,0.0,0,False
2026-03-20 00:23:30+00:00,,,,,,,,0.77,0.77,,0.0,0,False
2026-03-20 00:24:00+00:00,,,,,,,,0.77,0.77,,0.0,0,False
2026-03-20 00:24:30+00:00,,,,,,,,0.77,0.77,,0.0,0,False
2026-03-20 00:25:00+00:00,,,,,,,,0.77,0.77,,0.0,0,False
2026-03-20 00:25:30+00:00,,,,,,,,0.77,0.77,,0.0,0,False
2026-03-20 00:26:00+00:00,,,,,,,,0.77,0.77,,0.0,0,False
2026-03-20 00:26:30+00:00,,,,,,,,0.77,0.77,,0.0,0,False
2026-03-20 00:27:00+00:00,,,,,,,,0.77,0.77,,0.0,0,False
2026-03-20 00:27:30+00:00,,,,,,,,0.77,0.77,,0.0,0,False
2026-03-20 00:28:00+00:00,,,,,,,,0.77,0.77,,0.0,0,False
2026-03-20 00:28:30+00:00,,,,,,,,0.77,0.77,,0.0,0,False
2026-03-20 00:29:00+00:00,,,,,,,,0.77,0.77,,0.0,0,False
2026-03-20 00:29:30+00:00,,,,,,,,0.56,0.56,,1.0,1,False
2026-03-20 00:30:00+00:00,,,,,,,,0.56,0.56,,0.0,0,False
2026-03-20 00:30:30+00:00,,,,,,,,0.56,0.56,,0.0,0,False
2026-03-20 00:31:00+00:00,,,,,,,,0.56,0.56,,0.0,0,False
2026-03-20 00:31:30+00:00,,,,,,,,0.56,0.56,,0.0,0,False
2026-03-20 00:32:00+00:00,,,,,,,,0.56,0.56,,0.0,0,False
2026-03-20 00:32:30+00:00,,,,,,,,0.56,0.56,,0.0,0,False
2026-03-20 00:33:00+00:00,,,,,,,,0.6699999999999999,0.6699999999999999,,20.0,1,False
2026-03-20 00:33:30+00:00,,,,,,,,0.6699999999999999,0.6699999999999999,,0.0,0,False
2026-03-20 00:34:00+00:00,,,,,,,,0.6699999999999999,0.6699999999999999,,0.0,0,False
2026-03-20 00:34:30+00:00,,,,,,,,0.6699999999999999,0.6699999999999999,,0.0,0,False
2026-03-20 00:35:00+00:00,,,,,,,,0.6699999999999999,0.6699999999999999,,0.0,0,False
2026-03-20 00:35:30+00:00,,,,,,,,0.6699999999999999,0.6699999999999999,,0.0,0,False
2026-03-20 00:36:00+00:00,,,,,,,,0.6699999999999999,0.6699999999999999,,0.0,0,False
2026-03-20 00:36:30+00:00,,,,,,,,0.6699999999999999,0.6699999999999999,,0.0,0,False
2026-03-20 00:37:00+00:00,,,,,,,,0.6699999999999999,0.6699999999999999,,0.0,0,False
2026-03-20 00:37:30+00:00,,,,,,,,0.6699999999999999,0.6699999999999999,,0.0,0,False
2026-03-20 00:38:00+00:00,,,,,,,,0.6699999999999999,0.6699999999999999,,0.0,0,False
2026-03-20 00:38:30+00:00,,,,,,,,0.6699999999999999,0.6699999999999999,,0.0,0,False
2026-03-20 00:39:00+00:00,,,,,,,,0.6699999999999999,0.6699999999999999,,0.0,0,False
2026-03-20 00:39:30+00:00,,,,,,,,0.6699999999999999,0.6699999999999999,,0.0,0,False
2026-03-20 00:40:00+00:00,,,,,,,,0.6699999999999999,0.6699999999999999,,0.0,0,False
2026-03-20 00:40:30+00:00,,,,,,,,0.6699999999999999,0.6699999999999999,,0.0,0,False
2026-03-20 00:41:00+00:00,,,,,,,,0.6699999999999999,0.6699999999999999,,0.0,0,False
2026-03-20 00:41:30+00:00,,,,,,,,0.6699999999999999,0.6699999999999999,,0.0,0,False
2026-03-20 00:42:00+00:00,,,,,,,,0.6699999999999999,0.6699999999999999,,0.0,0,False
2026-03-20 00:42:30+00:00,,,,,,,,0.6699999999999999,0.6699999999999999,,0.0,0,False
2026-03-20 00:43:00+00:00,,,,,,,,0.6699999999999999,0.6699999999999999,,0.0,0,False
2026-03-20 00:43:30+00:00,,,,,,,,0.6699999999999999,0.6699999999999999,,0.0,0,False
2026-03-20 00:44:00+00:00,,,,,,,,0.6699999999999999,0.6699999999999999,,0.0,0,False
2026-03-20 00:44:30+00:00,,,,,,,,0.6699999999999999,0.6699999999999999,,0.0,0,False
2026-03-20 00:45:00+00:00,,,,,,,,0.6699999999999999,0.6699999999999999,,0.0,0,False
2026-03-20 00:45:30+00:00,,,,,,,,0.6699999999999999,0.6699999999999999,,0.0,0,False
2026-03-20 00:46:00+00:00,,,,,,,,0.6699999999999999,0.6699999999999999,,0.0,0,False
2026-03-20 00:46:30+00:00,,,,,,,,0.6699999999999999,0.6699999999999999,,0.0,0,False
2026-03-20 00:47:00+00:00,,,,,,,,0.6699999999999999,0.6699999999999999,,0.0,0,False
2026-03-20 00:47:30+00:00,,,,,,,,0.6699999999999999,0.6699999999999999,,0.0,0,False
2026-03-20 00:48:00+00:00,,,,,,,,0.6699999999999999,0.6699999999999999,,0.0,0,False
2026-03-20 00:48:30+00:00,,,,,,,,0.6699999999999999,0.6699999999999999,,0.0,0,False
2026-03-20 00:49:00+00:00,,,,,,,,0.6699999999999999,0.6699999999999999,,0.0,0,False
2026-03-20 00:49:30+00:00,,,,,,,,0.6699999999999999,0.6699999999999999,,0.0,0,False
2026-03-20 00:50:00+00:00,,,,,,,,0.6699999999999999,0.6699999999999999,,0.0,0,False
2026-03-20 00:50:30+00:00,,,,,,,,0.6699999999999999,0.6699999999999999,,0.0,0,False
2026-03-20 00:51:00+00:00,,,,,,,,0.6699999999999999,0.6699999999999999,,0.0,0,False
2026-03-20 00:51:30+00:00,,,,,,,,0.6699999999999999,0.6699999999999999,,0.0,0,False
2026-03-20 00:52:00+00:00,,,,,,,,0.6699999999999999,0.6699999999999999,,0.0,0,False
2026-03-20 00:52:30+00:00,,,,,,,,0.6699999999999999,0.6699999999999999,,0.0,0,False
2026-03-20 00:53:00+00:00,,,,,,,,0.6699999999999999,0.6699999999999999,,0.0,0,False
2026-03-20 00:53:30+00:00,,,,,,,,0.6699999999999999,0.6699999999999999,,0.0,0,False
2026-03-20 00:54:00+00:00,,,,,,,,0.6699999999999999,0.6699999999999999,,0.0,0,False
2026-03-20 00:54:30+00:00,,,,,,,,0.6699999999999999,0.6699999999999999,,0.0,0,False
2026-03-20 00:55:00+00:00,,,,,,,,0.69,0.69,,4.0,1,False
2026-03-20 00:55:30+00:00,,,,,,,,0.69,0.69,,30.0,1,False
2026-03-20 00:56:00+00:00,,,,,,,,0.69,0.69,,0.0,0,False
2026-03-20 00:56:30+00:00,,,,,,,,0.69,0.69,,0.0,0,False
2026-03-20 00:57:00+00:00,,,,,,,,0.69,0.69,,0.0,0,False
2026-03-20 00:57:30+00:00,,,,,,,,0.69,0.69,,0.0,0,False
2026-03-20 00:58:00+00:00,,,,,,,,0.69,0.69,,0.0,0,False
2026-03-20 00:58:30+00:00,,,,,,,,0.69,0.69,,0.0,0,False
2026-03-20 00:59:00+00:00,,,,,,,,0.69,0.69,,0.0,0,False
2026-03-20 00:59:30+00:00,,,,,,,,0.69,0.69,,0.0,0,False
2026-03-20 01:00:00+00:00,,,,,,,,0.69,0.69,,0.0,0,False
2026-03-20 01:00:30+00:00,,,,,,,,0.69,0.69,,0.0,0,False
2026-03-20 01:01:00+00:00,,,,,,,,0.69,0.69,,0.0,0,False
2026-03-20 01:01:30+00:00,,,,,,,,0.69,0.69,,15.0,1,False
2026-03-20 01:02:00+00:00,,,,,,,,0.69,0.69,,0.0,0,False
2026-03-20 01:02:30+00:00,,,,,,,,0.69,0.69,,0.0,0,False
2026-03-20 01:03:00+00:00,,,,,,,,0.69,0.69,,0.0,0,False
2026-03-20 01:03:30+00:00,,,,,,,,0.69,0.69,,0.0,0,False
2026-03-20 01:04:00+00:00,,,,,,,,0.69,0.69,,0.0,0,False
2026-03-20 01:04:30+00:00,,,,,,,,0.69,0.69,,0.0,0,False
2026-03-20 01:05:00+00:00,,,,,,,,0.69,0.69,,0.0,0,False
2026-03-20 01:05:30+00:00,,,,,,,,0.69,0.69,,0.0,0,False
2026-03-20 01:06:00+00:00,,,,,,,,0.69,0.69,,0.0,0,False
2026-03-20 01:06:30+00:00,,,,,,,,0.69,0.69,,0.0,0,False
2026-03-20 01:07:00+00:00,,,,,,,,0.69,0.69,,0.0,0,False
2026-03-20 01:07:30+00:00,,,,,,,,0.69,0.69,,0.0,0,False
2026-03-20 01:08:00+00:00,,,,,,,,0.69,0.69,,0.0,0,False
2026-03-20 01:08:30+00:00,,,,,,,,0.69,0.69,,0.0,0,False
2026-03-20 01:09:00+00:00,,,,,,,,0.69,0.69,,0.0,0,False
2026-03-20 01:09:30+00:00,,,,,,,,0.69,0.69,,0.0,0,False
2026-03-20 01:10:00+00:00,,,,,,,,0.69,0.69,,0.0,0,False
2026-03-20 01:10:30+00:00,,,,,,,,0.69,0.69,,0.0,0,False
2026-03-20 01:11:00+00:00,,,,,,,,0.69,0.69,,0.0,0,False
2026-03-20 01:11:30+00:00,,,,,,,,0.69,0.69,,0.0,0,False
2026-03-20 01:12:00+00:00,,,,,,,,0.69,0.69,,0.0,0,False
2026-03-20 01:12:30+00:00,,,,,,,,0.69,0.69,,0.0,0,False
2026-03-20 01:13:00+00:00,,,,,,,,0.69,0.69,,0.0,0,False
2026-03-20 01:13:30+00:00,,,,,,,,0.69,0.69,,0.0,0,False
2026-03-20 01:14:00+00:00,,,,,,,,0.69,0.69,,0.0,0,False
2026-03-20 01:14:30+00:00,,,,,,,,0.69,0.69,,0.0,0,False
2026-03-20 01:15:00+00:00,,,,,,,,0.69,0.69,,0.0,0,False
2026-03-20 01:15:30+00:00,,,,,,,,0.69,0.69,,0.0,0,False
2026-03-20 01:16:00+00:00,,,,,,,,0.69,0.69,,0.0,0,False
2026-03-20 01:16:30+00:00,,,,,,,,0.69,0.69,,0.0,0,False
2026-03-20 01:17:00+00:00,,,,,,,,0.69,0.69,,0.0,0,False
2026-03-20 01:17:30+00:00,,,,,,,,0.69,0.69,,0.0,0,False
2026-03-20 01:18:00+00:00,,,,,,,,0.7899999999999999,0.75,,14.0,2,False
2026-03-20 01:18:30+00:00,,,,,,,,0.7899999999999999,0.75,,0.0,0,False
2026-03-20 01:19:00+00:00,,,,,,,,0.7899999999999999,0.75,,0.0,0,False
2026-03-20 01:19:30+00:00,,,,,,,,0.7899999999999999,0.75,,0.0,0,False
2026-03-20 01:20:00+00:00,,,,,,,,0.7899999999999999,0.75,,0.0,0,False
2026-03-20 01:20:30+00:00,,,,,,,,0.7899999999999999,0.75,,0.0,0,False
2026-03-20 01:21:00+00:00,,,,,,,,0.7899999999999999,0.75,,0.0,0,False
2026-03-20 01:21:30+00:00,,,,,,,,0.7899999999999999,0.75,,0.0,0,False
2026-03-20 01:22:00+00:00,,,,,,,,0.7899999999999999,0.75,,0.0,0,False
2026-03-20 01:22:30+00:00,,,,,,,,0.7899999999999999,0.75,,0.0,0,False
2026-03-20 01:23:00+00:00,,,,,,,,0.7899999999999999,0.75,,0.0,0,False
2026-03-20 01:23:30+00:00,,,,,,,,0.7899999999999999,0.75,,0.0,0,False
2026-03-20 01:24:00+00:00,,,,,,,,0.7899999999999999,0.75,,0.0,0,False
2026-03-20 01:24:30+00:00,,,,,,,,0.7899999999999999,0.75,,0.0,0,False
2026-03-20 01:25:00+00:00,,,,,,,,0.7899999999999999,0.75,,0.0,0,False
2026-03-20 01:25:30+00:00,,,,,,,,0.7899999999999999,0.75,,0.0,0,False
2026-03-20 01:26:00+00:00,,,,,,,,0.7899999999999999,0.75,,0.0,0,False
2026-03-20 01:26:30+00:00,,,,,,,,0.7899999999999999,0.75,,0.0,0,False
2026-03-20 01:27:00+00:00,,,,,,,,0.7899999999999999,0.75,,0.0,0,False
2026-03-20 01:27:30+00:00,,,,,,,,0.7675000000000001,0.74,,24.0,3,False
2026-03-20 01:28:00+00:00,,,,,,,,0.7675000000000001,0.74,,0.0,0,False
2026-03-20 01:28:30+00:00,,,,,,,,0.7675000000000001,0.74,,0.0,0,False
2026-03-20 01:29:00+00:00,,,,,,,,0.7675000000000001,0.74,,0.0,0,False
2026-03-20 01:29:30+00:00,,,,,,,,0.7675000000000001,0.74,,0.0,0,False
2026-03-20 01:30:00+00:00,,,,,,,,0.7675000000000001,0.74,,0.0,0,False
2026-03-20 01:30:30+00:00,,,,,,,,0.7675000000000001,0.74,,0.0,0,False
2026-03-20 01:31:00+00:00,,,,,,,,0.7675000000000001,0.74,,0.0,0,False
2026-03-20 01:31:30+00:00,,,,,,,,0.7675000000000001,0.74,,0.0,0,False
2026-03-20 01:32:00+00:00,,,,,,,,0.7675000000000001,0.74,,0.0,0,False
2026-03-20 01:32:30+00:00,,,,,,,,0.7675000000000001,0.74,,0.0,0,False
2026-03-20 01:33:00+00:00,,,,,,,,0.7675000000000001,0.74,,0.0,0,False
2026-03-20 01:33:30+00:00,,,,,,,,0.7675000000000001,0.74,,0.0,0,False
2026-03-20 01:34:00+00:00,,,,,,,,0.7675000000000001,0.74,,0.0,0,False
2026-03-20 01:34:30+00:00,,,,,,,,0.7675000000000001,0.74,,0.0,0,False
2026-03-20 01:35:00+00:00,,,,,,,,0.7675000000000001,0.74,,0.0,0,False
2026-03-20 01:35:30+00:00,,,,,,,,0.7675000000000001,0.74,,0.0,0,False
2026-03-20 01:36:00+00:00,,,,,,,,0.7675000000000001,0.74,,0.0,0,False
2026-03-20 01:36:30+00:00,,,,,,,,0.79,0.79,,6.0,2,False
2026-03-20 01:37:00+00:00,,,,,,,,0.79,0.79,,0.0,0,False
2026-03-20 01:37:30+00:00,,,,,,,,0.79,0.79,,0.0,0,False
2026-03-20 01:38:00+00:00,,,,,,,,0.79,0.79,,0.0,0,False
2026-03-20 01:38:30+00:00,,,,,,,,0.79,0.79,,0.0,0,False
2026-03-20 01:39:00+00:00,,,,,,,,0.79,0.79,,0.0,0,False
2026-03-20 01:39:30+00:00,,,,,,,,0.79,0.79,,0.0,0,False
2026-03-20 01:40:00+00:00,,,,,,,,0.79,0.79,,0.0,0,False
2026-03-20 01:40:30+00:00,,,,,,,,0.79,0.79,,0.0,0,False
2026-03-20 01:41:00+00:00,,,,,,,,0.79,0.79,,0.0,0,False
2026-03-20 01:41:30+00:00,,,,,,,,0.79,0.79,,0.0,0,False
2026-03-20 01:42:00+00:00,,,,,,,,0.79,0.79,,0.0,0,False
2026-03-20 01:42:30+00:00,,,,,,,,0.79,0.79,,0.0,0,False
2026-03-20 01:43:00+00:00,,,,,,,,0.79,0.79,,0.0,0,False
2026-03-20 01:43:30+00:00,,,,,,,,0.79,0.79,,0.0,0,False
2026-03-20 01:44:00+00:00,,,,,,,,0.79,0.79,,0.0,0,False
2026-03-20 01:44:30+00:00,,,,,,,,0.79,0.79,,0.0,0,False
2026-03-20 01:45:00+00:00,,,,,,,,0.79,0.79,,0.0,0,False
2026-03-20 01:45:30+00:00,,,,,,,,0.79,0.79,,0.0,0,False
2026-03-20 01:46:00+00:00,,,,,,,,0.79,0.79,,0.0,0,False
2026-03-20 01:46:30+00:00,,,,,,,,0.79,0.79,,0.0,0,False
2026-03-20 01:47:00+00:00,,,,,,,,0.79,0.79,,0.0,0,False
2026-03-20 01:47:30+00:00,,,,,,,,0.79,0.79,,0.0,0,False
2026-03-20 01:48:00+00:00,,,,,,,,0.79,0.79,,0.0,0,False
2026-03-20 01:48:30+00:00,,,,,,,,0.79,0.79,,0.0,0,False
2026-03-20 01:49:00+00:00,,,,,,,,0.79,0.79,,0.0,0,False
2026-03-20 01:49:30+00:00,,,,,,,,0.79,0.79,,0.0,0,False
2026-03-20 01:50:00+00:00,,,,,,,,0.79,0.79,,0.0,0,False
2026-03-20 01:50:30+00:00,,,,,,,,0.79,0.79,,0.0,0,False
2026-03-20 01:51:00+00:00,,,,,,,,0.79,0.79,,0.0,0,False
2026-03-20 01:51:30+00:00,,,,,,,,0.79,0.79,,0.0,0,False
2026-03-20 01:52:00+00:00,,,,,,,,0.79,0.79,,0.0,0,False
2026-03-20 01:52:30+00:00,,,,,,,,0.79,0.79,,0.0,0,False
2026-03-20 01:53:00+00:00,,,,,,,,0.79,0.79,,0.0,0,False
2026-03-20 01:53:30+00:00,,,,,,,,0.79,0.79,,0.0,0,False
2026-03-20 01:54:00+00:00,,,,,,,,0.79,0.79,,0.0,0,False
2026-03-20 01:54:30+00:00,,,,,,,,0.79,0.79,,0.0,0,False
2026-03-20 01:55:00+00:00,,,,,,,,0.79,0.79,,0.0,0,False
2026-03-20 01:55:30+00:00,,,,,,,,0.79,0.79,,0.0,0,False
2026-03-20 01:56:00+00:00,,,,,,,,0.79,0.79,,0.0,0,False
2026-03-20 01:56:30+00:00,,,,,,,,0.79,0.79,,0.0,0,False
2026-03-20 01:57:00+00:00,,,,,,,,0.79,0.79,,0.0,0,False
2026-03-20 01:57:30+00:00,,,,,,,,0.79,0.79,,0.0,0,False
2026-03-20 01:58:00+00:00,,,,,,,,0.79,0.79,,0.0,0,False
2026-03-20 01:58:30+00:00,,,,,,,,0.79,0.79,,0.0,0,False
2026-03-20 01:59:00+00:00,,,,,,,,0.79,0.79,,0.0,0,False
2026-03-20 01:59:30+00:00,,,,,,,,0.79,0.79,,0.0,0,False
2026-03-20 02:00:00+00:00,,,,,,,,0.77,0.77,,6.0,1,False
2026-03-20 02:00:30+00:00,,,,,,,,0.77,0.77,,0.0,0,False
2026-03-20 02:01:00+00:00,,,,,,,,0.77,0.77,,0.0,0,False
2026-03-20 02:01:30+00:00,,,,,,,,0.77,0.77,,0.0,0,False
2026-03-20 02:02:00+00:00,,,,,,,,0.77,0.77,,0.0,0,False
2026-03-20 02:02:30+00:00,,,,,,,,0.77,0.77,,0.0,0,False
2026-03-20 02:03:00+00:00,,,,,,,,0.77,0.77,,0.0,0,False
2026-03-20 02:03:30+00:00,,,,,,,,0.77,0.77,,0.0,0,False
2026-03-20 02:04:00+00:00,,,,,,,,0.77,0.77,,0.0,0,False
2026-03-20 02:04:30+00:00,,,,,,,,0.77,0.77,,0.0,0,False
2026-03-20 02:05:00+00:00,,,,,,,,0.77,0.77,,0.0,0,False
2026-03-20 02:05:30+00:00,,,,,,,,0.77,0.77,,0.0,0,False
2026-03-20 02:06:00+00:00,,,,,,,,0.77,0.77,,0.0,0,False
2026-03-20 02:06:30+00:00,,,,,,,,0.77,0.77,,0.0,0,False
2026-03-20 02:07:00+00:00,,,,,,,,0.77,0.77,,0.0,0,False
2026-03-20 02:07:30+00:00,,,,,,,,0.77,0.77,,0.0,0,False
2026-03-20 02:08:00+00:00,,,,,,,,0.77,0.77,,0.0,0,False
2026-03-20 02:08:30+00:00,,,,,,,,0.77,0.77,,0.0,0,False
2026-03-20 02:09:00+00:00,,,,,,,,0.77,0.77,,0.0,0,False
2026-03-20 02:09:30+00:00,,,,,,,,0.77,0.77,,0.0,0,False
2026-03-20 02:10:00+00:00,,,,,,,,0.77,0.77,,0.0,0,False
2026-03-20 02:10:30+00:00,,,,,,,,0.77,0.77,,0.0,0,False
2026-03-20 02:11:00+00:00,,,,,,,,0.77,0.77,,0.0,0,False
2026-03-20 02:11:30+00:00,,,,,,,,0.77,0.77,,0.0,0,False
2026-03-20 02:12:00+00:00,,,,,,,,0.77,0.77,,0.0,0,False
2026-03-20 02:12:30+00:00,,,,,,,,0.77,0.77,,0.0,0,False
2026-03-20 02:13:00+00:00,,,,,,,,0.77,0.77,,0.0,0,False
2026-03-20 02:13:30+00:00,,,,,,,,0.77,0.77,,0.0,0,False
2026-03-20 02:14:00+00:00,,,,,,,,0.77,0.77,,0.0,0,False
2026-03-20 02:14:30+00:00,,,,,,,,0.77,0.77,,0.0,0,False
2026-03-20 02:15:00+00:00,,,,,,,,0.77,0.77,,0.0,0,False
2026-03-20 02:15:30+00:00,,,,,,,,0.77,0.77,,0.0,0,False
2026-03-20 02:16:00+00:00,,,,,,,,0.77,0.77,,0.0,0,False
2026-03-20 02:16:30+00:00,,,,,,,,0.77,0.77,,0.0,0,False
2026-03-20 02:17:00+00:00,,,,,,,,0.77,0.77,,0.0,0,False
2026-03-20 02:17:30+00:00,,,,,,,,0.77,0.77,,0.0,0,False
2026-03-20 02:18:00+00:00,,,,,,,,0.77,0.77,,0.0,0,False
2026-03-20 02:18:30+00:00,,,,,,,,0.77,0.77,,0.0,0,False
2026-03-20 02:19:00+00:00,,,,,,,,0.77,0.77,,0.0,0,False
2026-03-20 02:19:30+00:00,,,,,,,,0.77,0.77,,0.0,0,False
2026-03-20 02:20:00+00:00,,,,,,,,0.77,0.77,,0.0,0,False
2026-03-20 02:20:30+00:00,,,,,,,,0.77,0.77,,0.0,0,False
2026-03-20 02:21:00+00:00,,,,,,,,0.77,0.77,,0.0,0,False
2026-03-20 02:21:30+00:00,,,,,,,,0.77,0.76,,12.0,2,False
2026-03-20 02:22:00+00:00,,,,,,,,0.77,0.76,,0.0,0,False
2026-03-20 02:22:30+00:00,,,,,,,,0.77,0.76,,0.0,0,False
2026-03-20 02:23:00+00:00,,,,,,,,0.77,0.76,,0.0,0,False
2026-03-20 02:23:30+00:00,,,,,,,,0.77,0.76,,0.0,0,False
2026-03-20 02:24:00+00:00,,,,,,,,0.77,0.76,,0.0,0,False
2026-03-20 02:24:30+00:00,,,,,,,,0.77,0.76,,0.0,0,False
2026-03-20 02:25:00+00:00,,,,,,,,0.77,0.76,,0.0,0,False
2026-03-20 02:25:30+00:00,,,,,,,,0.77,0.76,,0.0,0,False
2026-03-20 02:26:00+00:00,,,,,,,,0.77,0.76,,0.0,0,False
2026-03-20 02:26:30+00:00,,,,,,,,0.77,0.76,,0.0,0,False
2026-03-20 02:27:00+00:00,,,,,,,,0.77,0.76,,0.0,0,False
2026-03-20 02:27:30+00:00,,,,,,,,0.77,0.76,,0.0,0,False
2026-03-20 02:28:00+00:00,,,,,,,,0.77,0.76,,0.0,0,False
2026-03-20 02:28:30+00:00,,,,,,,,0.77,0.76,,0.0,0,False
2026-03-20 02:29:00+00:00,,,,,,,,0.77,0.76,,0.0,0,False
2026-03-20 02:29:30+00:00,,,,,,,,0.77,0.76,,0.0,0,False
2026-03-20 02:30:00+00:00,,,,,,,,0.77,0.76,,0.0,0,False
2026-03-20 02:30:30+00:00,,,,,,,,0.77,0.76,,0.0,0,False
2026-03-20 02:31:00+00:00,,,,,,,,0.77,0.76,,0.0,0,False
2026-03-20 02:31:30+00:00,,,,,,,,0.77,0.76,,0.0,0,False
2026-03-20 02:32:00+00:00,,,,,,,,0.77,0.76,,0.0,0,False
2026-03-20 02:32:30+00:00,,,,,,,,0.77,0.76,,0.0,0,False
2026-03-20 02:33:00+00:00,,,,,,,,0.77,0.76,,0.0,0,False
2026-03-20 02:33:30+00:00,,,,,,,,0.77,0.76,,0.0,0,False
2026-03-20 02:34:00+00:00,,,,,,,,0.77,0.76,,0.0,0,False
2026-03-20 02:34:30+00:00,,,,,,,,0.77,0.76,,0.0,0,False
2026-03-20 02:35:00+00:00,,,,,,,,0.77,0.76,,0.0,0,False
2026-03-20 02:35:30+00:00,,,,,,,,0.77,0.76,,0.0,0,False
2026-03-20 02:36:00+00:00,,,,,,,,0.77,0.76,,0.0,0,False
2026-03-20 02:36:30+00:00,,,,,,,,0.77,0.76,,0.0,0,False
2026-03-20 02:37:00+00:00,,,,,,,,0.77,0.76,,0.0,0,False
2026-03-20 02:37:30+00:00,,,,,,,,0.77,0.76,,0.0,0,False
2026-03-20 02:38:00+00:00,,,,,,,,0.77,0.76,,0.0,0,False
2026-03-20 02:38:30+00:00,,,,,,,,0.77,0.76,,0.0,0,False
2026-03-20 02:39:00+00:00,,,,,,,,0.77,0.76,,0.0,0,False
2026-03-20 02:39:30+00:00,,,,,,,,0.77,0.76,,0.0,0,False
2026-03-20 02:40:00+00:00,,,,,,,,0.77,0.76,,0.0,0,False
2026-03-20 02:40:30+00:00,,,,,,,,0.77,0.76,,0.0,0,False
2026-03-20 02:41:00+00:00,,,,,,,,0.77,0.76,,0.0,0,False
2026-03-20 02:41:30+00:00,,,,,,,,0.77,0.76,,0.0,0,False
2026-03-20 02:42:00+00:00,,,,,,,,0.77,0.76,,0.0,0,False
2026-03-20 02:42:30+00:00,,,,,,,,0.77,0.76,,0.0,0,False
2026-03-20 02:43:00+00:00,,,,,,,,0.77,0.76,,0.0,0,False
2026-03-20 02:43:30+00:00,,,,,,,,0.77,0.76,,0.0,0,False
2026-03-20 02:44:00+00:00,,,,,,,,0.77,0.76,,0.0,0,False
2026-03-20 02:44:30+00:00,,,,,,,,0.77,0.76,,0.0,0,False
2026-03-20 02:45:00+00:00,,,,,,,,0.77,0.76,,0.0,0,False
2026-03-20 02:45:30+00:00,,,,,,,,0.77,0.76,,0.0,0,False
2026-03-20 02:46:00+00:00,,,,,,,,0.77,0.76,,0.0,0,False
2026-03-20 02:46:30+00:00,,,,,,,,0.77,0.76,,0.0,0,False
2026-03-20 02:47:00+00:00,,,,,,,,0.77,0.76,,0.0,0,False
2026-03-20 02:47:30+00:00,,,,,,,,0.77,0.76,,0.0,0,False
2026-03-20 02:48:00+00:00,,,,,,,,0.77,0.76,,0.0,0,False
2026-03-20 02:48:30+00:00,,,,,,,,0.77,0.76,,0.0,0,False
2026-03-20 02:49:00+00:00,,,,,,,,0.77,0.76,,0.0,0,False
2026-03-20 02:49:30+00:00,,,,,,,,0.77,0.76,,0.0,0,False
2026-03-20 02:50:00+00:00,,,,,,,,0.77,0.76,,0.0,0,False
2026-03-20 02:50:30+00:00,,,,,,,,0.77,0.76,,0.0,0,False
2026-03-20 02:51:00+00:00,,,,,,,,0.77,0.76,,0.0,0,False
2026-03-20 02:51:30+00:00,,,,,,,,0.77,0.76,,0.0,0,False
2026-03-20 02:52:00+00:00,,,,,,,,0.77,0.76,,0.0,0,False
2026-03-20 02:52:30+00:00,,,,,,,,0.77,0.76,,0.0,0,False
2026-03-20 02:53:00+00:00,,,,,,,,0.77,0.76,,0.0,0,False
2026-03-20 02:53:30+00:00,,,,,,,,0.77,0.76,,0.0,0,False
2026-03-20 02:54:00+00:00,,,,,,,,0.77,0.76,,0.0,0,False
2026-03-20 02:54:30+00:00,,,,,,,,0.77,0.76,,0.0,0,False
2026-03-20 02:55:00+00:00,,,,,,,,0.7314285714285714,0.73,,14.0,2,False
2026-03-20 02:55:30+00:00,,,,,,,,0.7314285714285714,0.73,,0.0,0,False
2026-03-20 02:56:00+00:00,,,,,,,,0.7314285714285714,0.73,,0.0,0,False
2026-03-20 02:56:30+00:00,,,,,,,,0.75,0.75,,131.0,1,False
2026-03-20 02:57:00+00:00,,,,,,,,0.75,0.75,,0.0,0,False
2026-03-20 02:57:30+00:00,,,,,,,,0.75,0.75,,6.0,1,False
2026-03-20 02:58:00+00:00,,,,,,,,0.75,0.75,,0.0,0,False
2026-03-20 02:58:30+00:00,,,,,,,,0.75,0.75,,0.0,0,False
2026-03-20 02:59:00+00:00,,,,,,,,0.75,0.75,,0.0,0,False
2026-03-20 02:59:30+00:00,,,,,,,,0.75,0.75,,0.0,0,False
2026-03-20 03:00:00+00:00,,,,,,,,0.75,0.75,,0.0,0,False
2026-03-20 03:00:30+00:00,,,,,,,,0.75,0.75,,0.0,0,False
2026-03-20 03:01:00+00:00,,,,,,,,0.75,0.75,,0.0,0,False
2026-03-20 03:01:30+00:00,,,,,,,,0.75,0.75,,0.0,0,False
2026-03-20 03:02:00+00:00,,,,,,,,0.75,0.75,,0.0,0,False
2026-03-20 03:02:30+00:00,,,,,,,,0.75,0.75,,0.0,0,False
2026-03-20 03:03:00+00:00,,,,,,,,0.75,0.75,,0.0,0,False
2026-03-20 03:03:30+00:00,,,,,,,,0.75,0.75,,0.0,0,False
2026-03-20 03:04:00+00:00,,,,,,,,0.75,0.75,,0.0,0,False
2026-03-20 03:04:30+00:00,,,,,,,,0.75,0.75,,0.0,0,False
2026-03-20 03:05:00+00:00,,,,,,,,0.75,0.75,,0.0,0,False
2026-03-20 03:05:30+00:00,,,,,,,,0.75,0.75,,0.0,0,False
2026-03-20 03:06:00+00:00,,,,,,,,0.75,0.75,,0.0,0,False
2026-03-20 03:06:30+00:00,,,,,,,,0.75,0.75,,0.0,0,False
2026-03-20 03:07:00+00:00,,,,,,,,0.75,0.75,,0.0,0,False
2026-03-20 03:07:30+00:00,,,,,,,,0.75,0.75,,0.0,0,False
2026-03-20 03:08:00+00:00,,,,,,,,0.75,0.75,,0.0,0,False
2026-03-20 03:08:30+00:00,,,,,,,,0.75,0.75,,0.0,0,False
2026-03-20 03:09:00+00:00,,,,,,,,0.65,0.65,,1.0,1,False
2026-03-20 03:09:30+00:00,,,,,,,,0.65,0.65,,0.0,0,False
2026-03-20 03:10:00+00:00,,,,,,,,0.65,0.65,,0.0,0,False
2026-03-20 03:10:30+00:00,,,,,,,,0.65,0.65,,0.0,0,False
2026-03-20 03:11:00+00:00,,,,,,,,0.65,0.65,,0.0,0,False
2026-03-20 03:11:30+00:00,,,,,,,,0.65,0.65,,0.0,0,False
2026-03-20 03:12:00+00:00,,,,,,,,0.65,0.65,,0.0,0,False
2026-03-20 03:12:30+00:00,,,,,,,,0.65,0.65,,0.0,0,False
2026-03-20 03:13:00+00:00,,,,,,,,0.65,0.65,,0.0,0,False
2026-03-20 03:13:30+00:00,,,,,,,,0.65,0.65,,0.0,0,False
2026-03-20 03:14:00+00:00,,,,,,,,0.65,0.65,,0.0,0,False
2026-03-20 03:14:30+00:00,,,,,,,,0.69,0.69,,8.0,2,False
2026-03-20 03:15:00+00:00,,,,,,,,0.69,0.69,,0.0,0,False
2026-03-20 03:15:30+00:00,,,,,,,,0.69,0.69,,0.0,0,False
2026-03-20 03:16:00+00:00,,,,,,,,0.72,0.72,,105.0,4,False
2026-03-20 03:16:30+00:00,,,,,,,,0.73,0.73,,26.0,1,False
2026-03-20 03:17:00+00:00,,,,,,,,0.72,0.72,,21.0,2,False
2026-03-20 03:17:30+00:00,,,,,,,,0.72,0.72,,0.0,0,False
2026-03-20 03:18:00+00:00,,,,,,,,0.72,0.72,,5.0,1,False
2026-03-20 03:18:30+00:00,,,,,,,,0.72,0.72,,0.0,0,False
2026-03-20 03:19:00+00:00,,,,,,,,0.72,0.72,,0.0,0,False
2026-03-20 03:19:30+00:00,,,,,,,,0.72,0.72,,0.0,0,False
2026-03-20 03:20:00+00:00,,,,,,,,0.72,0.72,,0.0,0,False
2026-03-20 03:20:30+00:00,,,,,,,,0.72,0.72,,0.0,0,False
2026-03-20 03:21:00+00:00,,,,,,,,0.72,0.72,,0.0,0,False
2026-03-20 03:21:30+00:00,,,,,,,,0.72,0.72,,0.0,0,False
2026-03-20 03:22:00+00:00,,,,,,,,0.7200000000000001,0.72,,6.0,1,False
2026-03-20 03:22:30+00:00,,,,,,,,0.73,0.73,,20.0,1,False
2026-03-20 03:23:00+00:00,,,,,,,,0.73,0.73,,0.0,0,False
2026-03-20 03:23:30+00:00,,,,,,,,0.73,0.73,,0.0,0,False
2026-03-20 03:24:00+00:00,,,,,,,,0.73,0.73,,0.0,0,False
2026-03-20 03:24:30+00:00,,,,,,,,0.73,0.73,,0.0,0,False
2026-03-20 03:25:00+00:00,,,,,,,,0.73,0.73,,0.0,0,False
2026-03-20 03:25:30+00:00,,,,,,,,0.73,0.73,,0.0,0,False
2026-03-20 03:26:00+00:00,,,,,,,,0.73,0.73,,0.0,0,False
2026-03-20 03:26:30+00:00,,,,,,,,0.73,0.73,,0.0,0,False
2026-03-20 03:27:00+00:00,,,,,,,,0.73,0.73,,0.0,0,False
2026-03-20 03:27:30+00:00,,,,,,,,0.73,0.73,,0.0,0,False
2026-03-20 03:28:00+00:00,,,,,,,,0.73,0.73,,0.0,0,False
2026-03-20 03:28:30+00:00,,,,,,,,0.73,0.73,,0.0,0,False
2026-03-20 03:29:00+00:00,,,,,,,,0.73,0.73,,0.0,0,False
2026-03-20 03:29:30+00:00,,,,,,,,0.73,0.73,,0.0,0,False
2026-03-20 03:30:00+00:00,,,,,,,,0.73,0.73,,0.0,0,False
2026-03-20 03:30:30+00:00,,,,,,,,0.73,0.73,,0.0,0,False
2026-03-20 03:31:00+00:00,,,,,,,,0.73,0.73,,0.0,0,False
2026-03-20 03:31:30+00:00,,,,,,,,0.74,0.74,,33.0,1,False
2026-03-20 03:32:00+00:00,,,,,,,,0.74,0.74,,0.0,0,False
2026-03-20 03:32:30+00:00,,,,,,,,0.74,0.74,,0.0,0,False
2026-03-20 03:33:00+00:00,,,,,,,,0.74,0.74,,0.0,0,False
2026-03-20 03:33:30+00:00,,,,,,,,0.74,0.74,,0.0,0,False
2026-03-20 03:34:00+00:00,,,,,,,,0.74,0.74,,0.0,0,False
2026-03-20 03:34:30+00:00,,,,,,,,0.74,0.74,,0.0,0,False
2026-03-20 03:35:00+00:00,,,,,,,,0.74,0.74,,5.0,1,False
2026-03-20 03:35:30+00:00,,,,,,,,0.74,0.74,,0.0,0,False
2026-03-20 03:36:00+00:00,,,,,,,,0.74,0.74,,0.0,0,False
2026-03-20 03:36:30+00:00,,,,,,,,0.74,0.74,,0.0,0,False
2026-03-20 03:37:00+00:00,,,,,,,,0.74,0.74,,0.0,0,False
2026-03-20 03:37:30+00:00,,,,,,,,0.7171840068787617,0.72,,2326.0,4,False
2026-03-20 03:38:00+00:00,,,,,,,,0.7171840068787617,0.72,,0.0,0,False
2026-03-20 03:38:30+00:00,,,,,,,,0.7171840068787617,0.72,,0.0,0,False
2026-03-20 03:39:00+00:00,,,,,,,,0.7171840068787617,0.72,,0.0,0,False
2026-03-20 03:39:30+00:00,,,,,,,,0.6999999999999998,0.7,,3.0,1,False
2026-03-20 03:40:00+00:00,,,,,,,,0.6999999999999998,0.7,,0.0,0,False
2026-03-20 03:40:30+00:00,,,,,,,,0.6999999999999998,0.7,,0.0,0,False
2026-03-20 03:41:00+00:00,,,,,,,,0.6999999999999998,0.7,,0.0,0,False
2026-03-20 03:41:30+00:00,,,,,,,,0.6999999999999998,0.7,,0.0,0,False
2026-03-20 03:42:00+00:00,,,,,,,,0.6999999999999998,0.7,,0.0,0,False
2026-03-20 03:42:30+00:00,,,,,,,,0.6999999999999998,0.7,,0.0,0,False
2026-03-20 03:43:00+00:00,,,,,,,,0.6999999999999998,0.7,,0.0,0,False
2026-03-20 03:43:30+00:00,,,,,,,,0.6999999999999998,0.7,,0.0,0,False
2026-03-20 03:44:00+00:00,,,,,,,,0.6999999999999998,0.7,,0.0,0,False
2026-03-20 03:44:30+00:00,,,,,,,,0.6999999999999998,0.7,,0.0,0,False
2026-03-20 03:45:00+00:00,,,,,,,,0.6999999999999998,0.7,,0.0,0,False
2026-03-20 03:45:30+00:00,,,,,,,,0.6999999999999998,0.7,,0.0,0,False
2026-03-20 03:46:00+00:00,,,,,,,,0.6999999999999998,0.7,,0.0,0,False
2026-03-20 03:46:30+00:00,,,,,,,,0.6999999999999998,0.7,,0.0,0,False
2026-03-20 03:47:00+00:00,,,,,,,,0.6999999999999998,0.7,,0.0,0,False
2026-03-20 03:47:30+00:00,,,,,,,,0.6999999999999998,0.7,,0.0,0,False
2026-03-20 03:48:00+00:00,,,,,,,,0.6999999999999998,0.7,,0.0,0,False
2026-03-20 03:48:30+00:00,,,,,,,,0.6999999999999998,0.7,,0.0,0,False
2026-03-20 03:49:00+00:00,,,,,,,,0.6999999999999998,0.7,,0.0,0,False
2026-03-20 03:49:30+00:00,,,,,,,,0.6999999999999998,0.7,,0.0,0,False
2026-03-20 03:50:00+00:00,,,,,,,,0.6999999999999998,0.7,,0.0,0,False
2026-03-20 03:50:30+00:00,,,,,,,,0.6999999999999998,0.7,,0.0,0,False
2026-03-20 03:51:00+00:00,,,,,,,,0.6999999999999998,0.7,,0.0,0,False
2026-03-20 03:51:30+00:00,,,,,,,,0.6999999999999998,0.7,,0.0,0,False
2026-03-20 03:52:00+00:00,,,,,,,,0.6999999999999998,0.7,,0.0,0,False
2026-03-20 03:52:30+00:00,,,,,,,,0.6999999999999998,0.7,,0.0,0,False
2026-03-20 03:53:00+00:00,,,,,,,,0.6999999999999998,0.7,,0.0,0,False
2026-03-20 03:53:30+00:00,,,,,,,,0.6999999999999998,0.7,,0.0,0,False
2026-03-20 03:54:00+00:00,,,,,,,,0.6999999999999998,0.7,,0.0,0,False
2026-03-20 03:54:30+00:00,,,,,,,,0.6999999999999998,0.7,,0.0,0,False
2026-03-20 03:55:00+00:00,,,,,,,,0.6999999999999998,0.7,,0.0,0,False
2026-03-20 03:55:30+00:00,,,,,,,,0.6999999999999998,0.7,,0.0,0,False
2026-03-20 03:56:00+00:00,,,,,,,,0.6999999999999998,0.7,,0.0,0,False
2026-03-20 03:56:30+00:00,,,,,,,,0.7,0.7,,31.0,1,False
2026-03-20 03:57:00+00:00,,,,,,,,0.7,0.7,,0.0,0,False
2026-03-20 03:57:30+00:00,,,,,,,,0.7,0.7,,0.0,0,False
2026-03-20 03:58:00+00:00,,,,,,,,0.7,0.7,,0.0,0,False
2026-03-20 03:58:30+00:00,,,,,,,,0.7,0.7,,0.0,0,False
2026-03-20 03:59:00+00:00,,,,,,,,0.7,0.7,,0.0,0,False
2026-03-20 03:59:30+00:00,,,,,,,,0.7,0.7,,0.0,0,False
2026-03-20 04:00:00+00:00,,,,,,,,0.7,0.7,,0.0,0,False
2026-03-20 04:00:30+00:00,,,,,,,,0.7,0.7,,0.0,0,False
2026-03-20 04:01:00+00:00,,,,,,,,0.7,0.7,,0.0,0,False
2026-03-20 04:01:30+00:00,,,,,,,,0.7,0.7,,21.0,1,False
2026-03-20 04:02:00+00:00,,,,,,,,0.7,0.7,,0.0,0,False
2026-03-20 04:02:30+00:00,,,,,,,,0.7,0.7,,0.0,0,False
2026-03-20 04:03:00+00:00,,,,,,,,0.7,0.7,,0.0,0,False
2026-03-20 04:03:30+00:00,,,,,,,,0.7,0.7,,0.0,0,False
2026-03-20 04:04:00+00:00,,,,,,,,0.7,0.7,,0.0,0,False
2026-03-20 04:04:30+00:00,,,,,,,,0.7,0.7,,0.0,0,False
2026-03-20 04:05:00+00:00,,,,,,,,0.7,0.7,,0.0,0,False
2026-03-20 04:05:30+00:00,,,,,,,,0.7,0.7,,0.0,0,False
2026-03-20 04:06:00+00:00,,,,,,,,0.7,0.7,,0.0,0,False
2026-03-20 04:06:30+00:00,,,,,,,,0.7,0.7,,0.0,0,False
2026-03-20 04:07:00+00:00,,,,,,,,0.7,0.7,,0.0,0,False
2026-03-20 04:07:30+00:00,,,,,,,,0.7,0.7,,0.0,0,False
2026-03-20 04:08:00+00:00,,,,,,,,0.7,0.7,,0.0,0,False
2026-03-20 04:08:30+00:00,,,,,,,,0.7,0.7,,0.0,0,False
2026-03-20 04:09:00+00:00,,,,,,,,0.7,0.7,,0.0,0,False
2026-03-20 04:09:30+00:00,,,,,,,,0.73,0.73,,26.0,1,False
2026-03-20 04:10:00+00:00,,,,,,,,0.73,0.73,,0.0,0,False
2026-03-20 04:10:30+00:00,,,,,,,,0.73,0.73,,0.0,0,False
2026-03-20 04:11:00+00:00,,,,,,,,0.73,0.73,,0.0,0,False
2026-03-20 04:11:30+00:00,,,,,,,,0.73,0.73,,0.0,0,False
2026-03-20 04:12:00+00:00,,,,,,,,0.73,0.73,,0.0,0,False
2026-03-20 04:12:30+00:00,,,,,,,,0.73,0.73,,0.0,0,False
2026-03-20 04:13:00+00:00,,,,,,,,0.7,0.7,,79.0,1,False
2026-03-20 04:13:30+00:00,,,,,,,,0.7,0.7,,0.0,0,False
2026-03-20 04:14:00+00:00,,,,,,,,0.7,0.7,,0.0,0,False
2026-03-20 04:14:30+00:00,,,,,,,,0.7,0.7,,0.0,0,False
2026-03-20 04:15:00+00:00,,,,,,,,0.7,0.7,,0.0,0,False
2026-03-20 04:15:30+00:00,,,,,,,,0.7399999999999999,0.74,,19.0,2,False
2026-03-20 04:16:00+00:00,,,,,,,,0.7399999999999999,0.74,,0.0,0,False
2026-03-20 04:16:30+00:00,,,,,,,,0.7399999999999999,0.74,,0.0,0,False
2026-03-20 04:17:00+00:00,,,,,,,,0.7399999999999999,0.74,,0.0,0,False
2026-03-20 04:17:30+00:00,,,,,,,,0.7399999999999999,0.74,,0.0,0,False
2026-03-20 04:18:00+00:00,,,,,,,,0.7399999999999999,0.74,,0.0,0,False
2026-03-20 04:18:30+00:00,,,,,,,,0.7399999999999999,0.74,,0.0,0,False
2026-03-20 04:19:00+00:00,,,,,,,,0.7399999999999999,0.74,,0.0,0,False
2026-03-20 04:19:30+00:00,,,,,,,,0.7399999999999999,0.74,,0.0,0,False
2026-03-20 04:20:00+00:00,,,,,,,,0.7399999999999999,0.74,,0.0,0,False
2026-03-20 04:20:30+00:00,,,,,,,,0.7399999999999999,0.74,,0.0,0,False
2026-03-20 04:21:00+00:00,,,,,,,,0.7,0.7,,60.0,1,False
2026-03-20 04:21:30+00:00,,,,,,,,0.7,0.7,,0.0,0,False
2026-03-20 04:22:00+00:00,,,,,,,,0.7,0.7,,0.0,0,False
2026-03-20 04:22:30+00:00,,,,,,,,0.7,0.7,,0.0,0,False
2026-03-20 04:23:00+00:00,,,,,,,,0.7,0.7,,0.0,0,False
2026-03-20 04:23:30+00:00,,,,,,,,0.7,0.7,,15.0,1,False
2026-03-20 04:24:00+00:00,,,,,,,,0.7,0.7,,0.0,0,False
2026-03-20 04:24:30+00:00,,,,,,,,0.7,0.7,,0.0,0,False
2026-03-20 04:25:00+00:00,,,,,,,,0.7,0.7,,0.0,0,False
2026-03-20 04:25:30+00:00,,,,,,,,0.7,0.7,,0.0,0,False
2026-03-20 04:26:00+00:00,,,,,,,,0.7,0.7,,15.0,1,False
2026-03-20 04:26:30+00:00,,,,,,,,0.7,0.7,,0.0,0,False
2026-03-20 04:27:00+00:00,,,,,,,,0.7,0.7,,0.0,0,False
2026-03-20 04:27:30+00:00,,,,,,,,0.7,0.7,,0.0,0,False
2026-03-20 04:28:00+00:00,,,,,,,,0.7,0.7,,1.0,1,False
2026-03-20 04:28:30+00:00,,,,,,,,0.7,0.7,,0.0,0,False
2026-03-20 04:29:00+00:00,,,,,,,,0.7,0.7,,0.0,0,False
2026-03-20 04:29:30+00:00,,,,,,,,0.7,0.7,,0.0,0,False
2026-03-20 04:30:00+00:00,,,,,,,,0.7,0.7,,0.0,0,False
2026-03-20 04:30:30+00:00,,,,,,,,0.7,0.7,,0.0,0,False
2026-03-20 04:31:00+00:00,,,,,,,,0.7,0.7,,0.0,0,False
2026-03-20 04:31:30+00:00,,,,,,,,0.7,0.7,,0.0,0,False
2026-03-20 04:32:00+00:00,,,,,,,,0.7,0.7,,0.0,0,False
2026-03-20 04:32:30+00:00,,,,,,,,0.7,0.7,,0.0,0,False
2026-03-20 04:33:00+00:00,,,,,,,,0.7,0.7,,0.0,0,False
2026-03-20 04:33:30+00:00,,,,,,,,0.7,0.7,,0.0,0,False
2026-03-20 04:34:00+00:00,,,,,,,,0.7,0.7,,0.0,0,False
2026-03-20 04:34:30+00:00,,,,,,,,0.7,0.7,,0.0,0,False
2026-03-20 04:35:00+00:00,,,,,,,,0.7,0.7,,0.0,0,False
2026-03-20 04:35:30+00:00,,,,,,,,0.7,0.7,,0.0,0,False
2026-03-20 04:36:00+00:00,,,,,,,,0.74,0.74,,1.0,1,False
2026-03-20 04:36:30+00:00,,,,,,,,0.74,0.74,,0.0,0,False
2026-03-20 04:37:00+00:00,,,,,,,,0.74,0.74,,0.0,0,False
2026-03-20 04:37:30+00:00,,,,,,,,0.74,0.74,,0.0,0,False
2026-03-20 04:38:00+00:00,,,,,,,,0.74,0.74,,0.0,0,False
2026-03-20 04:38:30+00:00,,,,,,,,0.74,0.74,,0.0,0,False
2026-03-20 04:39:00+00:00,,,,,,,,0.74,0.74,,0.0,0,False
2026-03-20 04:39:30+00:00,,,,,,,,0.74,0.74,,0.0,0,False
2026-03-20 04:40:00+00:00,,,,,,,,0.74,0.74,,0.0,0,False
2026-03-20 04:40:30+00:00,,,,,,,,0.74,0.74,,0.0,0,False
2026-03-20 04:41:00+00:00,,,,,,,,0.74,0.74,,0.0,0,False
2026-03-20 04:41:30+00:00,,,,,,,,0.74,0.74,,0.0,0,False
2026-03-20 04:42:00+00:00,,,,,,,,0.74,0.74,,0.0,0,False
2026-03-20 04:42:30+00:00,,,,,,,,0.7,0.7,,25.0,1,False
2026-03-20 04:43:00+00:00,,,,,,,,0.7,0.7,,0.0,0,False
2026-03-20 04:43:30+00:00,,,,,,,,0.7,0.7,,0.0,0,False
2026-03-20 04:44:00+00:00,,,,,,,,0.7,0.7,,0.0,0,False
2026-03-20 04:44:30+00:00,,,,,,,,0.7,0.7,,0.0,0,False
2026-03-20 04:45:00+00:00,,,,,,,,0.7,0.7,,0.0,0,False
2026-03-20 04:45:30+00:00,,,,,,,,0.7,0.7,,0.0,0,False
2026-03-20 04:46:00+00:00,,,,,,,,0.7,0.7,,0.0,0,False
2026-03-20 04:46:30+00:00,,,,,,,,0.7,0.7,,0.0,0,False
2026-03-20 04:47:00+00:00,,,,,,,,0.7,0.7,,0.0,0,False
2026-03-20 04:47:30+00:00,,,,,,,,0.7,0.7,,0.0,0,False
2026-03-20 04:48:00+00:00,,,,,,,,0.74,0.74,,30.0,1,False
2026-03-20 04:48:30+00:00,,,,,,,,0.74,0.74,,0.0,0,False
2026-03-20 04:49:00+00:00,,,,,,,,0.74,0.74,,0.0,0,False
2026-03-20 04:49:30+00:00,,,,,,,,0.74,0.74,,0.0,0,False
2026-03-20 04:50:00+00:00,,,,,,,,0.74,0.74,,0.0,0,False
2026-03-20 04:50:30+00:00,,,,,,,,0.74,0.74,,0.0,0,False
2026-03-20 04:51:00+00:00,,,,,,,,0.74,0.74,,30.0,1,False
2026-03-20 04:51:30+00:00,,,,,,,,0.74,0.74,,0.0,0,False
2026-03-20 04:52:00+00:00,,,,,,,,0.74,0.74,,0.0,0,False
2026-03-20 04:52:30+00:00,,,,,,,,0.74,0.74,,0.0,0,False
2026-03-20 04:53:00+00:00,,,,,,,,0.74,0.74,,0.0,0,False
2026-03-20 04:53:30+00:00,,,,,,,,0.74,0.74,,0.0,0,False
2026-03-20 04:54:00+00:00,,,,,,,,0.74,0.74,,0.0,0,False
2026-03-20 04:54:30+00:00,,,,,,,,0.6999999999999998,0.7,,3.0,1,False
2026-03-20 04:55:00+00:00,,,,,,,,0.6999999999999998,0.7,,0.0,0,False
2026-03-20 04:55:30+00:00,,,,,,,,0.6999999999999998,0.7,,0.0,0,False
2026-03-20 04:56:00+00:00,,,,,,,,0.6999999999999998,0.7,,0.0,0,False
2026-03-20 04:56:30+00:00,,,,,,,,0.6999999999999998,0.7,,0.0,0,False
2026-03-20 04:57:00+00:00,,,,,,,,0.74,0.74,,13.0,1,False
2026-03-20 04:57:30+00:00,,,,,,,,0.74,0.74,,0.0,0,False
2026-03-20 04:58:00+00:00,,,,,,,,0.74,0.74,,0.0,0,False
2026-03-20 04:58:30+00:00,,,,,,,,0.74,0.74,,0.0,0,False
2026-03-20 04:59:00+00:00,,,,,,,,0.74,0.74,,0.0,0,False
2026-03-20 04:59:30+00:00,,,,,,,,0.74,0.74,,0.0,0,False
2026-03-20 05:00:00+00:00,,,,,,,,0.74,0.74,,0.0,0,False
2026-03-20 05:00:30+00:00,,,,,,,,0.74,0.74,,0.0,0,False
2026-03-20 05:01:00+00:00,,,,,,,,0.74,0.74,,0.0,0,False
2026-03-20 05:01:30+00:00,,,,,,,,0.74,0.74,,0.0,0,False
2026-03-20 05:02:00+00:00,,,,,,,,0.74,0.74,,0.0,0,False
2026-03-20 05:02:30+00:00,,,,,,,,0.74,0.74,,0.0,0,False
2026-03-20 05:03:00+00:00,,,,,,,,0.74,0.74,,0.0,0,False
2026-03-20 05:03:30+00:00,,,,,,,,0.74,0.74,,0.0,0,False
2026-03-20 05:04:00+00:00,,,,,,,,0.74,0.74,,0.0,0,False
2026-03-20 05:04:30+00:00,,,,,,,,0.74,0.74,,0.0,0,False
2026-03-20 05:05:00+00:00,,,,,,,,0.7,0.7,,9.0,1,False
2026-03-20 05:05:30+00:00,,,,,,,,0.7,0.7,,0.0,0,False
2026-03-20 05:06:00+00:00,,,,,,,,0.7,0.7,,0.0,0,False
2026-03-20 05:06:30+00:00,,,,,,,,0.7,0.7,,0.0,0,False
2026-03-20 05:07:00+00:00,,,,,,,,0.7,0.7,,0.0,0,False
2026-03-20 05:07:30+00:00,,,,,,,,0.7,0.7,,15.0,1,False
2026-03-20 05:08:00+00:00,,,,,,,,0.7,0.7,,0.0,0,False
2026-03-20 05:08:30+00:00,,,,,,,,0.7,0.7,,0.0,0,False
2026-03-20 05:09:00+00:00,,,,,,,,0.7,0.7,,0.0,0,False
2026-03-20 05:09:30+00:00,,,,,,,,0.7,0.7,,0.0,0,False
2026-03-20 05:10:00+00:00,,,,,,,,0.7,0.7,,0.0,0,False
2026-03-20 05:10:30+00:00,,,,,,,,0.7,0.7,,5.0,1,False
2026-03-20 05:11:00+00:00,,,,,,,,0.7,0.7,,0.0,0,False
2026-03-20 05:11:30+00:00,,,,,,,,0.7,0.7,,0.0,0,False
2026-03-20 05:12:00+00:00,,,,,,,,0.7,0.7,,0.0,0,False
2026-03-20 05:12:30+00:00,,,,,,,,0.7,0.7,,0.0,0,False
2026-03-20 05:13:00+00:00,,,,,,,,0.7,0.7,,0.0,0,False
2026-03-20 05:13:30+00:00,,,,,,,,0.7,0.7,,0.0,0,False
2026-03-20 05:14:00+00:00,,,,,,,,0.74,0.74,,1.0,1,False
2026-03-20 05:14:30+00:00,,,,,,,,0.74,0.74,,0.0,0,False
2026-03-20 05:15:00+00:00,,,,,,,,0.74,0.74,,0.0,0,False
2026-03-20 05:15:30+00:00,,,,,,,,0.74,0.74,,0.0,0,False
2026-03-20 05:16:00+00:00,,,,,,,,0.74,0.74,,0.0,0,False
2026-03-20 05:16:30+00:00,,,,,,,,0.74,0.74,,0.0,0,False
2026-03-20 05:17:00+00:00,,,,,,,,0.74,0.74,,0.0,0,False
2026-03-20 05:17:30+00:00,,,,,,,,0.74,0.74,,0.0,0,False
2026-03-20 05:18:00+00:00,,,,,,,,0.74,0.74,,0.0,0,False
2026-03-20 05:18:30+00:00,,,,,,,,0.74,0.74,,0.0,0,False
2026-03-20 05:19:00+00:00,,,,,,,,0.74,0.74,,0.0,0,False
2026-03-20 05:19:30+00:00,,,,,,,,0.6999999999999998,0.7,,3.0,1,False
2026-03-20 05:20:00+00:00,,,,,,,,0.7,0.7,,15.0,1,False
2026-03-20 05:20:30+00:00,,,,,,,,0.7,0.7,,0.0,0,False
2026-03-20 05:21:00+00:00,,,,,,,,0.7,0.7,,312.0,1,False
2026-03-20 05:21:30+00:00,,,,,,,,0.7,0.7,,0.0,0,False
2026-03-20 05:22:00+00:00,,,,,,,,0.7,0.7,,0.0,0,False
2026-03-20 05:22:30+00:00,,,,,,,,0.7,0.7,,0.0,0,False
2026-03-20 05:23:00+00:00,,,,,,,,0.7,0.7,,0.0,0,False
2026-03-20 05:23:30+00:00,,,,,,,,0.7,0.7,,0.0,0,False
2026-03-20 05:24:00+00:00,,,,,,,,0.7,0.7,,0.0,0,False
2026-03-20 05:24:30+00:00,,,,,,,,0.7,0.7,,0.0,0,False
2026-03-20 05:25:00+00:00,,,,,,,,0.7,0.7,,0.0,0,False
2026-03-20 05:25:30+00:00,,,,,,,,0.7,0.7,,0.0,0,False
2026-03-20 05:26:00+00:00,,,,,,,,0.7,0.7,,0.0,0,False
2026-03-20 05:26:30+00:00,,,,,,,,0.7,0.7,,0.0,0,False
2026-03-20 05:27:00+00:00,,,,,,,,0.7,0.7,,0.0,0,False
2026-03-20 05:27:30+00:00,,,,,,,,0.7,0.7,,0.0,0,False
2026-03-20 05:28:00+00:00,,,,,,,,0.7,0.7,,0.0,0,False
2026-03-20 05:28:30+00:00,,,,,,,,0.74,0.74,,5.0,1,False
2026-03-20 05:29:00+00:00,,,,,,,,0.74,0.74,,0.0,0,False
2026-03-20 05:29:30+00:00,,,,,,,,0.74,0.74,,0.0,0,False
2026-03-20 05:30:00+00:00,,,,,,,,0.74,0.74,,0.0,0,False
2026-03-20 05:30:30+00:00,,,,,,,,0.74,0.74,,0.0,0,False
2026-03-20 05:31:00+00:00,,,,,,,,0.74,0.74,,0.0,0,False
2026-03-20 05:31:30+00:00,,,,,,,,0.74,0.74,,0.0,0,False
2026-03-20 05:32:00+00:00,,,,,,,,0.74,0.74,,0.0,0,False
2026-03-20 05:32:30+00:00,,,,,,,,0.74,0.74,,0.0,0,False
2026-03-20 05:33:00+00:00,,,,,,,,0.74,0.74,,0.0,0,False
2026-03-20 05:33:30+00:00,,,,,,,,0.74,0.74,,0.0,0,False
2026-03-20 05:34:00+00:00,,,,,,,,0.74,0.74,,0.0,0,False
2026-03-20 05:34:30+00:00,,,,,,,,0.74,0.74,,0.0,0,False
2026-03-20 05:35:00+00:00,,,,,,,,0.74,0.74,,0.0,0,False
2026-03-20 05:35:30+00:00,,,,,,,,0.74,0.74,,0.0,0,False
2026-03-20 05:36:00+00:00,,,,,,,,0.74,0.74,,0.0,0,False
2026-03-20 05:36:30+00:00,,,,,,,,0.74,0.74,,0.0,0,False
2026-03-20 05:37:00+00:00,,,,,,,,0.74,0.74,,0.0,0,False
2026-03-20 05:37:30+00:00,,,,,,,,0.74,0.74,,0.0,0,False
2026-03-20 05:38:00+00:00,,,,,,,,0.74,0.74,,0.0,0,False
2026-03-20 05:38:30+00:00,,,,,,,,0.74,0.74,,0.0,0,False
2026-03-20 05:39:00+00:00,,,,,,,,0.74,0.74,,0.0,0,False
2026-03-20 05:39:30+00:00,,,,,,,,0.74,0.74,,0.0,0,False
2026-03-20 05:40:00+00:00,,,,,,,,0.74,0.74,,0.0,0,False
2026-03-20 05:40:30+00:00,,,,,,,,0.74,0.74,,0.0,0,False
2026-03-20 05:41:00+00:00,,,,,,,,0.74,0.74,,0.0,0,False
2026-03-20 05:41:30+00:00,,,,,,,,0.74,0.74,,0.0,0,False
2026-03-20 05:42:00+00:00,,,,,,,,0.74,0.74,,0.0,0,False
2026-03-20 05:42:30+00:00,,,,,,,,0.7,0.7,,60.0,2,False
2026-03-20 05:43:00+00:00,,,,,,,,0.7,0.7,,0.0,0,False
2026-03-20 05:43:30+00:00,,,,,,,,0.7,0.7,,0.0,0,False
2026-03-20 05:44:00+00:00,,,,,,,,0.7,0.7,,0.0,0,False
2026-03-20 05:44:30+00:00,,,,,,,,0.7,0.7,,0.0,0,False
2026-03-20 05:45:00+00:00,,,,,,,,0.7,0.7,,0.0,0,False
2026-03-20 05:45:30+00:00,,,,,,,,0.7,0.7,,0.0,0,False
2026-03-20 05:46:00+00:00,,,,,,,,0.7,0.7,,0.0,0,False
2026-03-20 05:46:30+00:00,,,,,,,,0.7,0.7,,0.0,0,False
2026-03-20 05:47:00+00:00,,,,,,,,0.7,0.7,,0.0,0,False
2026-03-20 05:47:30+00:00,,,,,,,,0.7,0.7,,0.0,0,False
2026-03-20 05:48:00+00:00,,,,,,,,0.7,0.7,,0.0,0,False
2026-03-20 05:48:30+00:00,,,,,,,,0.6999999999999998,0.7,,6.0,1,False
2026-03-20 05:49:00+00:00,,,,,,,,0.6999999999999998,0.7,,0.0,0,False
2026-03-20 05:49:30+00:00,,,,,,,,0.6999999999999998,0.7,,0.0,0,False
2026-03-20 05:50:00+00:00,,,,,,,,0.6999999999999998,0.7,,0.0,0,False
2026-03-20 05:50:30+00:00,,,,,,,,0.6999999999999998,0.7,,0.0,0,False
2026-03-20 05:51:00+00:00,,,,,,,,0.6999999999999998,0.7,,0.0,0,False
2026-03-20 05:51:30+00:00,,,,,,,,0.6999999999999998,0.7,,0.0,0,False
2026-03-20 05:52:00+00:00,,,,,,,,0.6999999999999998,0.7,,0.0,0,False
2026-03-20 05:52:30+00:00,,,,,,,,0.6999999999999998,0.7,,0.0,0,False
2026-03-20 05:53:00+00:00,,,,,,,,0.6999999999999998,0.7,,0.0,0,False
2026-03-20 05:53:30+00:00,,,,,,,,0.6999999999999998,0.7,,0.0,0,False
2026-03-20 05:54:00+00:00,,,,,,,,0.6999999999999998,0.7,,0.0,0,False
2026-03-20 05:54:30+00:00,,,,,,,,0.6999999999999998,0.7,,0.0,0,False
2026-03-20 05:55:00+00:00,,,,,,,,0.6999999999999998,0.7,,0.0,0,False
2026-03-20 05:55:30+00:00,,,,,,,,0.6999999999999998,0.7,,0.0,0,False
2026-03-20 05:56:00+00:00,,,,,,,,0.6999999999999998,0.7,,0.0,0,False
2026-03-20 05:56:30+00:00,,,,,,,,0.6999999999999998,0.7,,0.0,0,False
2026-03-20 05:57:00+00:00,,,,,,,,0.6999999999999998,0.7,,0.0,0,False
2026-03-20 05:57:30+00:00,,,,,,,,0.6999999999999998,0.7,,0.0,0,False
2026-03-20 05:58:00+00:00,,,,,,,,0.6999999999999998,0.7,,0.0,0,False
2026-03-20 05:58:30+00:00,,,,,,,,0.6999999999999998,0.7,,0.0,0,False
2026-03-20 05:59:00+00:00,,,,,,,,0.6999999999999998,0.7,,0.0,0,False
2026-03-20 05:59:30+00:00,,,,,,,,0.6999999999999998,0.7,,0.0,0,False
2026-03-20 06:00:00+00:00,,,,,,,,0.6999999999999998,0.7,,0.0,0,False
2026-03-20 06:00:30+00:00,,,,,,,,0.6999999999999998,0.7,,0.0,0,False
2026-03-20 06:01:00+00:00,,,,,,,,0.74,0.74,,13.0,1,False
2026-03-20 06:01:30+00:00,,,,,,,,0.74,0.74,,0.0,0,False
2026-03-20 06:02:00+00:00,,,,,,,,0.74,0.74,,0.0,0,False
2026-03-20 06:02:30+00:00,,,,,,,,0.74,0.74,,0.0,0,False
2026-03-20 06:03:00+00:00,,,,,,,,0.74,0.74,,0.0,0,False
2026-03-20 06:03:30+00:00,,,,,,,,0.74,0.74,,0.0,0,False
2026-03-20 06:04:00+00:00,,,,,,,,0.74,0.74,,0.0,0,False
2026-03-20 06:04:30+00:00,,,,,,,,0.74,0.74,,0.0,0,False
2026-03-20 06:05:00+00:00,,,,,,,,0.74,0.74,,0.0,0,False
2026-03-20 06:05:30+00:00,,,,,,,,0.74,0.74,,0.0,0,False
2026-03-20 06:06:00+00:00,,,,,,,,0.74,0.74,,0.0,0,False
2026-03-20 06:06:30+00:00,,,,,,,,0.74,0.74,,0.0,0,False
2026-03-20 06:07:00+00:00,,,,,,,,0.74,0.74,,0.0,0,False
2026-03-20 06:07:30+00:00,,,,,,,,0.74,0.74,,0.0,0,False
2026-03-20 06:08:00+00:00,,,,,,,,0.74,0.74,,0.0,0,False
2026-03-20 06:08:30+00:00,,,,,,,,0.74,0.74,,0.0,0,False
2026-03-20 06:09:00+00:00,,,,,,,,0.74,0.74,,0.0,0,False
2026-03-20 06:09:30+00:00,,,,,,,,0.74,0.74,,0.0,0,False
2026-03-20 06:10:00+00:00,,,,,,,,0.74,0.74,,0.0,0,False
2026-03-20 06:10:30+00:00,,,,,,,,0.74,0.74,,0.0,0,False
2026-03-20 06:11:00+00:00,,,,,,,,0.74,0.74,,0.0,0,False
2026-03-20 06:11:30+00:00,,,,,,,,0.74,0.74,,0.0,0,False
2026-03-20 06:12:00+00:00,,,,,,,,0.74,0.74,,0.0,0,False
2026-03-20 06:12:30+00:00,,,,,,,,0.74,0.74,,0.0,0,False
2026-03-20 06:13:00+00:00,,,,,,,,0.74,0.74,,0.0,0,False
2026-03-20 06:13:30+00:00,,,,,,,,0.74,0.74,,0.0,0,False
2026-03-20 06:14:00+00:00,,,,,,,,0.74,0.74,,0.0,0,False
2026-03-20 06:14:30+00:00,,,,,,,,0.74,0.74,,0.0,0,False
2026-03-20 06:15:00+00:00,,,,,,,,0.74,0.74,,0.0,0,False
2026-03-20 06:15:30+00:00,,,,,,,,0.74,0.74,,0.0,0,False
2026-03-20 06:16:00+00:00,,,,,,,,0.74,0.74,,0.0,0,False
2026-03-20 06:16:30+00:00,,,,,,,,0.74,0.74,,0.0,0,False
2026-03-20 06:17:00+00:00,,,,,,,,0.74,0.74,,0.0,0,False
2026-03-20 06:17:30+00:00,,,,,,,,0.74,0.74,,0.0,0,False
2026-03-20 06:18:00+00:00,,,,,,,,0.74,0.74,,0.0,0,False
2026-03-20 06:18:30+00:00,,,,,,,,0.74,0.74,,0.0,0,False
2026-03-20 06:19:00+00:00,,,,,,,,0.74,0.74,,0.0,0,False
2026-03-20 06:19:30+00:00,,,,,,,,0.74,0.74,,0.0,0,False
2026-03-20 06:20:00+00:00,,,,,,,,0.74,0.74,,0.0,0,False
2026-03-20 06:20:30+00:00,,,,,,,,0.74,0.74,,0.0,0,False
2026-03-20 06:21:00+00:00,,,,,,,,0.74,0.74,,0.0,0,False
2026-03-20 06:21:30+00:00,,,,,,,,0.74,0.74,,0.0,0,False
2026-03-20 06:22:00+00:00,,,,,,,,0.74,0.74,,0.0,0,False
2026-03-20 06:22:30+00:00,,,,,,,,0.74,0.74,,0.0,0,False
2026-03-20 06:23:00+00:00,,,,,,,,0.74,0.74,,0.0,0,False
2026-03-20 06:23:30+00:00,,,,,,,,0.74,0.74,,0.0,0,False
2026-03-20 06:24:00+00:00,,,,,,,,0.74,0.74,,0.0,0,False
2026-03-20 06:24:30+00:00,,,,,,,,0.74,0.74,,0.0,0,False
2026-03-20 06:25:00+00:00,,,,,,,,0.74,0.74,,0.0,0,False
2026-03-20 06:25:30+00:00,,,,,,,,0.74,0.74,,0.0,0,False
2026-03-20 06:26:00+00:00,,,,,,,,0.74,0.74,,0.0,0,False
2026-03-20 06:26:30+00:00,,,,,,,,0.74,0.74,,0.0,0,False
2026-03-20 06:27:00+00:00,,,,,,,,0.74,0.74,,0.0,0,False
2026-03-20 06:27:30+00:00,,,,,,,,0.74,0.74,,0.0,0,False
2026-03-20 06:28:00+00:00,,,,,,,,0.74,0.74,,0.0,0,False
2026-03-20 06:28:30+00:00,,,,,,,,0.74,0.74,,0.0,0,False
2026-03-20 06:29:00+00:00,,,,,,,,0.74,0.74,,1.0,1,False
2026-03-20 06:29:30+00:00,,,,,,,,0.74,0.74,,0.0,0,False
2026-03-20 06:30:00+00:00,,,,,,,,0.74,0.74,,0.0,0,False
2026-03-20 06:30:30+00:00,,,,,,,,0.74,0.74,,0.0,0,False
2026-03-20 06:31:00+00:00,,,,,,,,0.74,0.74,,0.0,0,False
2026-03-20 06:31:30+00:00,,,,,,,,0.74,0.74,,0.0,0,False
2026-03-20 06:32:00+00:00,,,,,,,,0.74,0.74,,0.0,0,False
2026-03-20 06:32:30+00:00,,,,,,,,0.74,0.74,,0.0,0,False
2026-03-20 06:33:00+00:00,,,,,,,,0.74,0.74,,0.0,0,False
2026-03-20 06:33:30+00:00,,,,,,,,0.74,0.74,,0.0,0,False
2026-03-20 06:34:00+00:00,,,,,,,,0.74,0.74,,0.0,0,False
2026-03-20 06:34:30+00:00,,,,,,,,0.74,0.74,,13.0,1,False
2026-03-20 06:35:00+00:00,,,,,,,,0.74,0.74,,0.0,0,False
2026-03-20 06:35:30+00:00,,,,,,,,0.74,0.74,,0.0,0,False
2026-03-20 06:36:00+00:00,,,,,,,,0.74,0.74,,0.0,0,False
2026-03-20 06:36:30+00:00,,,,,,,,0.74,0.74,,0.0,0,False
2026-03-20 06:37:00+00:00,,,,,,,,0.74,0.74,,0.0,0,False
2026-03-20 06:37:30+00:00,,,,,,,,0.74,0.74,,0.0,0,False
2026-03-20 06:38:00+00:00,,,,,,,,0.74,0.74,,0.0,0,False
2026-03-20 06:38:30+00:00,,,,,,,,0.74,0.74,,0.0,0,False
2026-03-20 06:39:00+00:00,,,,,,,,0.74,0.74,,0.0,0,False
2026-03-20 06:39:30+00:00,,,,,,,,0.74,0.74,,0.0,0,False
2026-03-20 06:40:00+00:00,,,,,,,,0.74,0.74,,0.0,0,False
2026-03-20 06:40:30+00:00,,,,,,,,0.74,0.74,,0.0,0,False
2026-03-20 06:41:00+00:00,,,,,,,,0.74,0.74,,0.0,0,False
2026-03-20 06:41:30+00:00,,,,,,,,0.74,0.74,,0.0,0,False
2026-03-20 06:42:00+00:00,,,,,,,,0.74,0.74,,0.0,0,False
2026-03-20 06:42:30+00:00,,,,,,,,0.74,0.74,,0.0,0,False
2026-03-20 06:43:00+00:00,,,,,,,,0.74,0.74,,0.0,0,False
2026-03-20 06:43:30+00:00,,,,,,,,0.74,0.74,,0.0,0,False
2026-03-20 06:44:00+00:00,,,,,,,,0.74,0.74,,0.0,0,False
2026-03-20 06:44:30+00:00,,,,,,,,0.74,0.74,,0.0,0,False
2026-03-20 06:45:00+00:00,,,,,,,,0.74,0.74,,0.0,0,False
2026-03-20 06:45:30+00:00,,,,,,,,0.74,0.74,,0.0,0,False
2026-03-20 06:46:00+00:00,,,,,,,,0.74,0.74,,0.0,0,False
2026-03-20 06:46:30+00:00,,,,,,,,0.74,0.74,,0.0,0,False
2026-03-20 06:47:00+00:00,,,,,,,,0.74,0.74,,0.0,0,False
2026-03-20 06:47:30+00:00,,,,,,,,0.74,0.74,,0.0,0,False
2026-03-20 06:48:00+00:00,,,,,,,,0.74,0.74,,0.0,0,False
2026-03-20 06:48:30+00:00,,,,,,,,0.74,0.74,,0.0,0,False
2026-03-20 06:49:00+00:00,,,,,,,,0.74,0.74,,0.0,0,False
2026-03-20 06:49:30+00:00,,,,,,,,0.74,0.74,,0.0,0,False
2026-03-20 06:50:00+00:00,,,,,,,,0.74,0.74,,0.0,0,False
2026-03-20 06:50:30+00:00,,,,,,,,0.74,0.74,,0.0,0,False
2026-03-20 06:51:00+00:00,,,,,,,,0.74,0.74,,0.0,0,False
2026-03-20 06:51:30+00:00,,,,,,,,0.74,0.74,,0.0,0,False
2026-03-20 06:52:00+00:00,,,,,,,,0.74,0.74,,0.0,0,False
2026-03-20 06:52:30+00:00,,,,,,,,0.74,0.74,,0.0,0,False
2026-03-20 06:53:00+00:00,,,,,,,,0.74,0.74,,0.0,0,False
2026-03-20 06:53:30+00:00,,,,,,,,0.74,0.74,,0.0,0,False
2026-03-20 06:54:00+00:00,,,,,,,,0.74,0.74,,0.0,0,False
2026-03-20 06:54:30+00:00,,,,,,,,0.74,0.74,,0.0,0,False
2026-03-20 06:55:00+00:00,,,,,,,,0.74,0.74,,0.0,0,False
2026-03-20 06:55:30+00:00,,,,,,,,0.74,0.74,,0.0,0,False
2026-03-20 06:56:00+00:00,,,,,,,,0.74,0.74,,0.0,0,False
2026-03-20 06:56:30+00:00,,,,,,,,0.74,0.74,,0.0,0,False
2026-03-20 06:57:00+00:00,,,,,,,,0.74,0.74,,0.0,0,False
2026-03-20 06:57:30+00:00,,,,,,,,0.74,0.74,,0.0,0,False
2026-03-20 06:58:00+00:00,,,,,,,,0.74,0.74,,0.0,0,False
2026-03-20 06:58:30+00:00,,,,,,,,0.74,0.74,,0.0,0,False
2026-03-20 06:59:00+00:00,,,,,,,,0.74,0.74,,0.0,0,False
2026-03-20 06:59:30+00:00,,,,,,,,0.74,0.74,,0.0,0,False
2026-03-20 07:00:00+00:00,,,,,,,,0.74,0.74,,0.0,0,False
2026-03-20 07:00:30+00:00,,,,,,,,0.74,0.74,,0.0,0,False
2026-03-20 07:01:00+00:00,,,,,,,,0.74,0.74,,0.0,0,False
2026-03-20 07:01:30+00:00,,,,,,,,0.74,0.74,,0.0,0,False
2026-03-20 07:02:00+00:00,,,,,,,,0.74,0.74,,0.0,0,False
2026-03-20 07:02:30+00:00,,,,,,,,0.74,0.74,,0.0,0,False
2026-03-20 07:03:00+00:00,,,,,,,,0.74,0.74,,0.0,0,False
2026-03-20 07:03:30+00:00,,,,,,,,0.74,0.74,,0.0,0,False
2026-03-20 07:04:00+00:00,,,,,,,,0.74,0.74,,0.0,0,False
2026-03-20 07:04:30+00:00,,,,,,,,0.74,0.74,,0.0,0,False
2026-03-20 07:05:00+00:00,,,,,,,,0.74,0.74,,0.0,0,False
2026-03-20 07:05:30+00:00,,,,,,,,0.74,0.74,,0.0,0,False
2026-03-20 07:06:00+00:00,,,,,,,,0.74,0.74,,0.0,0,False
2026-03-20 07:06:30+00:00,,,,,,,,0.74,0.74,,0.0,0,False
2026-03-20 07:07:00+00:00,,,,,,,,0.74,0.74,,0.0,0,False
2026-03-20 07:07:30+00:00,,,,,,,,0.74,0.74,,0.0,0,False
2026-03-20 07:08:00+00:00,,,,,,,,0.74,0.74,,0.0,0,False
2026-03-20 07:08:30+00:00,,,,,,,,0.74,0.74,,0.0,0,False
2026-03-20 07:09:00+00:00,,,,,,,,0.74,0.74,,0.0,0,False
2026-03-20 07:09:30+00:00,,,,,,,,0.74,0.74,,0.0,0,False
2026-03-20 07:10:00+00:00,,,,,,,,0.74,0.74,,0.0,0,False
2026-03-20 07:10:30+00:00,,,,,,,,0.7357142857142858,0.74,,35.0,2,False
2026-03-20 07:11:00+00:00,,,,,,,,0.7357142857142858,0.74,,0.0,0,False
2026-03-20 07:11:30+00:00,,,,,,,,0.7357142857142858,0.74,,0.0,0,False
2026-03-20 07:12:00+00:00,,,,,,,,0.7,0.7,,30.0,1,False
2026-03-20 07:12:30+00:00,,,,,,,,0.7,0.7,,0.0,0,False
2026-03-20 07:13:00+00:00,,,,,,,,0.7,0.7,,0.0,0,False
2026-03-20 07:13:30+00:00,,,,,,,,0.7,0.7,,0.0,0,False
2026-03-20 07:14:00+00:00,,,,,,,,0.7,0.7,,0.0,0,False
2026-03-20 07:14:30+00:00,,,,,,,,0.7,0.7,,0.0,0,False
2026-03-20 07:15:00+00:00,,,,,,,,0.7,0.7,,0.0,0,False
2026-03-20 07:15:30+00:00,,,,,,,,0.7,0.7,,0.0,0,False
2026-03-20 07:16:00+00:00,,,,,,,,0.7,0.7,,0.0,0,False
2026-03-20 07:16:30+00:00,,,,,,,,0.7,0.7,,0.0,0,False
2026-03-20 07:17:00+00:00,,,,,,,,0.7,0.7,,0.0,0,False
2026-03-20 07:17:30+00:00,,,,,,,,0.7,0.7,,0.0,0,False
2026-03-20 07:18:00+00:00,,,,,,,,0.7,0.7,,0.0,0,False
2026-03-20 07:18:30+00:00,,,,,,,,0.7,0.7,,0.0,0,False
2026-03-20 07:19:00+00:00,,,,,,,,0.7,0.7,,0.0,0,False
2026-03-20 07:19:30+00:00,,,,,,,,0.7,0.7,,0.0,0,False
2026-03-20 07:20:00+00:00,,,,,,,,0.7,0.7,,0.0,0,False
2026-03-20 07:20:30+00:00,,,,,,,,0.7,0.7,,0.0,0,False
2026-03-20 07:21:00+00:00,,,,,,,,0.7,0.7,,0.0,0,False
2026-03-20 07:21:30+00:00,,,,,,,,0.7,0.7,,0.0,0,False
2026-03-20 07:22:00+00:00,,,,,,,,0.7,0.7,,0.0,0,False
2026-03-20 07:22:30+00:00,,,,,,,,0.7,0.7,,0.0,0,False
2026-03-20 07:23:00+00:00,,,,,,,,0.7,0.7,,0.0,0,False
2026-03-20 07:23:30+00:00,,,,,,,,0.7,0.7,,0.0,0,False
2026-03-20 07:24:00+00:00,,,,,,,,0.7,0.7,,0.0,0,False
2026-03-20 07:24:30+00:00,,,,,,,,0.7,0.7,,0.0,0,False
2026-03-20 07:25:00+00:00,,,,,,,,0.7,0.7,,0.0,0,False
2026-03-20 07:25:30+00:00,,,,,,,,0.7,0.7,,0.0,0,False
2026-03-20 07:26:00+00:00,,,,,,,,0.7,0.7,,0.0,0,False
2026-03-20 07:26:30+00:00,,,,,,,,0.7,0.7,,0.0,0,False
2026-03-20 07:27:00+00:00,,,,,,,,0.7,0.7,,0.0,0,False
2026-03-20 07:27:30+00:00,,,,,,,,0.7,0.7,,0.0,0,False
2026-03-20 07:28:00+00:00,,,,,,,,0.7,0.7,,0.0,0,False
2026-03-20 07:28:30+00:00,,,,,,,,0.7,0.7,,0.0,0,False
2026-03-20 07:29:00+00:00,,,,,,,,0.7,0.7,,0.0,0,False
2026-03-20 07:29:30+00:00,,,,,,,,0.7,0.7,,0.0,0,False
2026-03-20 07:30:00+00:00,,,,,,,,0.7,0.7,,0.0,0,False
2026-03-20 07:30:30+00:00,,,,,,,,0.7,0.7,,0.0,0,False
2026-03-20 07:31:00+00:00,,,,,,,,0.74,0.74,,30.0,1,False
2026-03-20 07:31:30+00:00,,,,,,,,0.74,0.74,,0.0,0,False
2026-03-20 07:32:00+00:00,,,,,,,,0.74,0.74,,0.0,0,False
2026-03-20 07:32:30+00:00,,,,,,,,0.74,0.74,,0.0,0,False
2026-03-20 07:33:00+00:00,,,,,,,,0.7,0.7,,30.0,1,False
2026-03-20 07:33:30+00:00,,,,,,,,0.7,0.7,,0.0,0,False
2026-03-20 07:34:00+00:00,,,,,,,,0.7,0.7,,0.0,0,False
2026-03-20 07:34:30+00:00,,,,,,,,0.7,0.7,,0.0,0,False
2026-03-20 07:35:00+00:00,,,,,,,,0.7,0.7,,0.0,0,False
2026-03-20 07:35:30+00:00,,,,,,,,0.7,0.7,,0.0,0,False
2026-03-20 07:36:00+00:00,,,,,,,,0.7,0.7,,0.0,0,False
2026-03-20 07:36:30+00:00,,,,,,,,0.7,0.7,,0.0,0,False
2026-03-20 07:37:00+00:00,,,,,,,,0.7,0.7,,0.0,0,False
2026-03-20 07:37:30+00:00,,,,,,,,0.7,0.7,,0.0,0,False
2026-03-20 07:38:00+00:00,,,,,,,,0.7,0.7,,0.0,0,False
2026-03-20 07:38:30+00:00,,,,,,,,0.7,0.7,,0.0,0,False
2026-03-20 07:39:00+00:00,,,,,,,,0.7,0.7,,0.0,0,False
2026-03-20 07:39:30+00:00,,,,,,,,0.7,0.7,,0.0,0,False
2026-03-20 07:40:00+00:00,,,,,,,,0.7,0.7,,0.0,0,False
2026-03-20 07:40:30+00:00,,,,,,,,0.71,0.71,,5.0,1,False
2026-03-20 07:41:00+00:00,,,,,,,,0.71,0.71,,0.0,0,False
2026-03-20 07:41:30+00:00,,,,,,,,0.71,0.71,,0.0,0,False
2026-03-20 07:42:00+00:00,,,,,,,,0.71,0.71,,0.0,0,False
2026-03-20 07:42:30+00:00,,,,,,,,0.71,0.71,,0.0,0,False
2026-03-20 07:43:00+00:00,,,,,,,,0.71,0.71,,32.0,1,False
2026-03-20 07:43:30+00:00,,,,,,,,0.71,0.71,,0.0,0,False
2026-03-20 07:44:00+00:00,,,,,,,,0.71,0.71,,0.0,0,False
2026-03-20 07:44:30+00:00,,,,,,,,0.71,0.71,,0.0,0,False
2026-03-20 07:45:00+00:00,,,,,,,,0.71,0.71,,0.0,0,False
2026-03-20 07:45:30+00:00,,,,,,,,0.71,0.71,,0.0,0,False
2026-03-20 07:46:00+00:00,,,,,,,,0.71,0.71,,0.0,0,False
2026-03-20 07:46:30+00:00,,,,,,,,0.71,0.71,,0.0,0,False
2026-03-20 07:47:00+00:00,,,,,,,,0.71,0.71,,0.0,0,False
2026-03-20 07:47:30+00:00,,,,,,,,0.71,0.71,,0.0,0,False
2026-03-20 07:48:00+00:00,,,,,,,,0.71,0.71,,0.0,0,False
2026-03-20 07:48:30+00:00,,,,,,,,0.71,0.71,,0.0,0,False
2026-03-20 07:49:00+00:00,,,,,,,,0.71,0.71,,0.0,0,False
2026-03-20 07:49:30+00:00,,,,,,,,0.71,0.71,,0.0,0,False
2026-03-20 07:50:00+00:00,,,,,,,,0.71,0.71,,0.0,0,False
2026-03-20 07:50:30+00:00,,,,,,,,0.71,0.71,,0.0,0,False
2026-03-20 07:51:00+00:00,,,,,,,,0.71,0.71,,0.0,0,False
2026-03-20 07:51:30+00:00,,,,,,,,0.71,0.71,,16.0,1,False
2026-03-20 07:52:00+00:00,,,,,,,,0.71,0.71,,0.0,0,False
2026-03-20 07:52:30+00:00,,,,,,,,0.71,0.71,,0.0,0,False
2026-03-20 07:53:00+00:00,,,,,,,,0.71,0.71,,0.0,0,False
2026-03-20 07:53:30+00:00,,,,,,,,0.71,0.71,,0.0,0,False
2026-03-20 07:54:00+00:00,,,,,,,,0.71,0.71,,0.0,0,False
2026-03-20 07:54:30+00:00,,,,,,,,0.71,0.71,,0.0,0,False
2026-03-20 07:55:00+00:00,,,,,,,,0.71,0.71,,0.0,0,False
2026-03-20 07:55:30+00:00,,,,,,,,0.71,0.71,,0.0,0,False
2026-03-20 07:56:00+00:00,,,,,,,,0.71,0.71,,0.0,0,False
2026-03-20 07:56:30+00:00,,,,,,,,0.71,0.71,,0.0,0,False
2026-03-20 07:57:00+00:00,,,,,,,,0.71,0.71,,0.0,0,False
2026-03-20 07:57:30+00:00,,,,,,,,0.71,0.71,,0.0,0,False
2026-03-20 07:58:00+00:00,,,,,,,,0.71,0.71,,0.0,0,False
2026-03-20 07:58:30+00:00,,,,,,,,0.71,0.71,,0.0,0,False
2026-03-20 07:59:00+00:00,,,,,,,,0.71,0.71,,0.0,0,False
2026-03-20 07:59:30+00:00,,,,,,,,0.71,0.71,,0.0,0,False
2026-03-20 08:00:00+00:00,,,,,,,,0.71,0.71,,0.0,0,False
2026-03-20 08:00:30+00:00,,,,,,,,0.71,0.71,,0.0,0,False
2026-03-20 08:01:00+00:00,,,,,,,,0.71,0.71,,0.0,0,False
2026-03-20 08:01:30+00:00,,,,,,,,0.71,0.71,,0.0,0,False
2026-03-20 08:02:00+00:00,,,,,,,,0.71,0.71,,0.0,0,False
2026-03-20 08:02:30+00:00,,,,,,,,0.71,0.71,,0.0,0,False
2026-03-20 08:03:00+00:00,,,,,,,,0.71,0.71,,0.0,0,False
2026-03-20 08:03:30+00:00,,,,,,,,0.71,0.71,,0.0,0,False
2026-03-20 08:04:00+00:00,,,,,,,,0.71,0.71,,0.0,0,False
2026-03-20 08:04:30+00:00,,,,,,,,0.71,0.71,,0.0,0,False
2026-03-20 08:05:00+00:00,,,,,,,,0.71,0.71,,0.0,0,False
2026-03-20 08:05:30+00:00,,,,,,,,0.71,0.71,,0.0,0,False
2026-03-20 08:06:00+00:00,,,,,,,,0.71,0.71,,0.0,0,False
2026-03-20 08:06:30+00:00,,,,,,,,0.71,0.71,,0.0,0,False
2026-03-20 08:07:00+00:00,,,,,,,,0.71,0.71,,0.0,0,False
2026-03-20 08:07:30+00:00,,,,,,,,0.71,0.71,,0.0,0,False
2026-03-20 08:08:00+00:00,,,,,,,,0.71,0.71,,0.0,0,False
2026-03-20 08:08:30+00:00,,,,,,,,0.71,0.71,,0.0,0,False
2026-03-20 08:09:00+00:00,,,,,,,,0.71,0.71,,0.0,0,False
2026-03-20 08:09:30+00:00,,,,,,,,0.71,0.71,,0.0,0,False
2026-03-20 08:10:00+00:00,,,,,,,,0.71,0.71,,0.0,0,False
2026-03-20 08:10:30+00:00,,,,,,,,0.71,0.71,,5.0,1,False
2026-03-20 08:11:00+00:00,,,,,,,,0.71,0.71,,0.0,0,False
2026-03-20 08:11:30+00:00,,,,,,,,0.71,0.71,,0.0,0,False
2026-03-20 08:12:00+00:00,,,,,,,,0.71,0.71,,0.0,0,False
2026-03-20 08:12:30+00:00,,,,,,,,0.71,0.71,,0.0,0,False
2026-03-20 08:13:00+00:00,,,,,,,,0.71,0.71,,0.0,0,False
2026-03-20 08:13:30+00:00,,,,,,,,0.71,0.71,,0.0,0,False
2026-03-20 08:14:00+00:00,,,,,,,,0.71,0.71,,0.0,0,False
2026-03-20 08:14:30+00:00,,,,,,,,0.71,0.71,,0.0,0,False
2026-03-20 08:15:00+00:00,,,,,,,,0.71,0.71,,0.0,0,False
2026-03-20 08:15:30+00:00,,,,,,,,0.74,0.74,,39.0,1,False
2026-03-20 08:16:00+00:00,,,,,,,,0.74,0.74,,0.0,0,False
2026-03-20 08:16:30+00:00,,,,,,,,0.74,0.74,,0.0,0,False
2026-03-20 08:17:00+00:00,,,,,,,,0.74,0.74,,0.0,0,False
2026-03-20 08:17:30+00:00,,,,,,,,0.74,0.74,,0.0,0,False
2026-03-20 08:18:00+00:00,,,,,,,,0.74,0.74,,0.0,0,False
2026-03-20 08:18:30+00:00,,,,,,,,0.74,0.74,,0.0,0,False
2026-03-20 08:19:00+00:00,,,,,,,,0.74,0.74,,0.0,0,False
2026-03-20 08:19:30+00:00,,,,,,,,0.74,0.74,,0.0,0,False
2026-03-20 08:20:00+00:00,,,,,,,,0.74,0.74,,0.0,0,False
2026-03-20 08:20:30+00:00,,,,,,,,0.74,0.74,,0.0,0,False
2026-03-20 08:21:00+00:00,,,,,,,,0.74,0.74,,0.0,0,False
2026-03-20 08:21:30+00:00,,,,,,,,0.74,0.74,,0.0,0,False
2026-03-20 08:22:00+00:00,,,,,,,,0.74,0.74,,0.0,0,False
2026-03-20 08:22:30+00:00,,,,,,,,0.74,0.74,,0.0,0,False
2026-03-20 08:23:00+00:00,,,,,,,,0.74,0.74,,0.0,0,False
2026-03-20 08:23:30+00:00,,,,,,,,0.74,0.74,,0.0,0,False
2026-03-20 08:24:00+00:00,,,,,,,,0.74,0.74,,0.0,0,False
2026-03-20 08:24:30+00:00,,,,,,,,0.74,0.74,,0.0,0,False
2026-03-20 08:25:00+00:00,,,,,,,,0.74,0.74,,0.0,0,False
2026-03-20 08:25:30+00:00,,,,,,,,0.74,0.74,,0.0,0,False
2026-03-20 08:26:00+00:00,,,,,,,,0.74,0.74,,0.0,0,False
2026-03-20 08:26:30+00:00,,,,,,,,0.74,0.74,,0.0,0,False
2026-03-20 08:27:00+00:00,,,,,,,,0.74,0.74,,0.0,0,False
2026-03-20 08:27:30+00:00,,,,,,,,0.74,0.74,,0.0,0,False
2026-03-20 08:28:00+00:00,,,,,,,,0.74,0.74,,0.0,0,False
2026-03-20 08:28:30+00:00,,,,,,,,0.71,0.71,,65.0,1,False
2026-03-20 08:29:00+00:00,,,,,,,,0.71,0.71,,0.0,0,False
2026-03-20 08:29:30+00:00,,,,,,,,0.71,0.71,,0.0,0,False
2026-03-20 08:30:00+00:00,,,,,,,,0.71,0.71,,0.0,0,False
2026-03-20 08:30:30+00:00,,,,,,,,0.71,0.71,,0.0,0,False
2026-03-20 08:31:00+00:00,,,,,,,,0.71,0.71,,0.0,0,False
2026-03-20 08:31:30+00:00,,,,,,,,0.71,0.71,,0.0,0,False
2026-03-20 08:32:00+00:00,,,,,,,,0.71,0.71,,0.0,0,False
2026-03-20 08:32:30+00:00,,,,,,,,0.71,0.71,,0.0,0,False
2026-03-20 08:33:00+00:00,,,,,,,,0.71,0.71,,0.0,0,False
2026-03-20 08:33:30+00:00,,,,,,,,0.71,0.71,,0.0,0,False
2026-03-20 08:34:00+00:00,,,,,,,,0.71,0.71,,0.0,0,False
2026-03-20 08:34:30+00:00,,,,,,,,0.71,0.71,,0.0,0,False
2026-03-20 08:35:00+00:00,,,,,,,,0.71,0.71,,0.0,0,False
2026-03-20 08:35:30+00:00,,,,,,,,0.71,0.71,,0.0,0,False
2026-03-20 08:36:00+00:00,,,,,,,,0.71,0.71,,0.0,0,False
2026-03-20 08:36:30+00:00,,,,,,,,0.71,0.71,,0.0,0,False
2026-03-20 08:37:00+00:00,,,,,,,,0.71,0.71,,0.0,0,False
2026-03-20 08:37:30+00:00,,,,,,,,0.71,0.71,,0.0,0,False
2026-03-20 08:38:00+00:00,,,,,,,,0.71,0.71,,0.0,0,False
2026-03-20 08:38:30+00:00,,,,,,,,0.71,0.71,,0.0,0,False
2026-03-20 08:39:00+00:00,,,,,,,,0.71,0.71,,0.0,0,False
2026-03-20 08:39:30+00:00,,,,,,,,0.71,0.71,,0.0,0,False
2026-03-20 08:40:00+00:00,,,,,,,,0.71,0.71,,0.0,0,False
2026-03-20 08:40:30+00:00,,,,,,,,0.71,0.71,,5.0,1,False
2026-03-20 08:41:00+00:00,,,,,,,,0.71,0.71,,0.0,0,False
2026-03-20 08:41:30+00:00,,,,,,,,0.71,0.71,,0.0,0,False
2026-03-20 08:42:00+00:00,,,,,,,,0.71,0.71,,0.0,0,False
2026-03-20 08:42:30+00:00,,,,,,,,0.71,0.71,,0.0,0,False
2026-03-20 08:43:00+00:00,,,,,,,,0.71,0.71,,0.0,0,False
2026-03-20 08:43:30+00:00,,,,,,,,0.71,0.71,,0.0,0,False
2026-03-20 08:44:00+00:00,,,,,,,,0.71,0.71,,0.0,0,False
2026-03-20 08:44:30+00:00,,,,,,,,0.71,0.71,,0.0,0,False
2026-03-20 08:45:00+00:00,,,,,,,,0.71,0.71,,0.0,0,False
2026-03-20 08:45:30+00:00,,,,,,,,0.71,0.71,,0.0,0,False
2026-03-20 08:46:00+00:00,,,,,,,,0.71,0.71,,0.0,0,False
2026-03-20 08:46:30+00:00,,,,,,,,0.71,0.71,,0.0,0,False
2026-03-20 08:47:00+00:00,,,,,,,,0.71,0.71,,0.0,0,False
2026-03-20 08:47:30+00:00,,,,,,,,0.71,0.71,,0.0,0,False
2026-03-20 08:48:00+00:00,,,,,,,,0.71,0.71,,0.0,0,False
2026-03-20 08:48:30+00:00,,,,,,,,0.71,0.71,,0.0,0,False
2026-03-20 08:49:00+00:00,,,,,,,,0.71,0.71,,0.0,0,False
2026-03-20 08:49:30+00:00,,,,,,,,0.71,0.71,,0.0,0,False
2026-03-20 08:50:00+00:00,,,,,,,,0.71,0.71,,0.0,0,False
2026-03-20 08:50:30+00:00,,,,,,,,0.71,0.71,,0.0,0,False
2026-03-20 08:51:00+00:00,,,,,,,,0.71,0.71,,0.0,0,False
2026-03-20 08:51:30+00:00,,,,,,,,0.71,0.71,,0.0,0,False
2026-03-20 08:52:00+00:00,,,,,,,,0.71,0.71,,0.0,0,False
2026-03-20 08:52:30+00:00,,,,,,,,0.71,0.71,,0.0,0,False
2026-03-20 08:53:00+00:00,,,,,,,,0.71,0.71,,0.0,0,False
2026-03-20 08:53:30+00:00,,,,,,,,0.71,0.71,,0.0,0,False
2026-03-20 08:54:00+00:00,,,,,,,,0.71,0.71,,0.0,0,False
2026-03-20 08:54:30+00:00,,,,,,,,0.71,0.71,,0.0,0,False
2026-03-20 08:55:00+00:00,,,,,,,,0.71,0.71,,0.0,0,False
2026-03-20 08:55:30+00:00,,,,,,,,0.71,0.71,,0.0,0,False
2026-03-20 08:56:00+00:00,,,,,,,,0.71,0.71,,0.0,0,False
2026-03-20 08:56:30+00:00,,,,,,,,0.71,0.71,,0.0,0,False
2026-03-20 08:57:00+00:00,,,,,,,,0.71,0.71,,0.0,0,False
2026-03-20 08:57:30+00:00,,,,,,,,0.71,0.71,,0.0,0,False
2026-03-20 08:58:00+00:00,,,,,,,,0.71,0.71,,0.0,0,False
2026-03-20 08:58:30+00:00,,,,,,,,0.71,0.71,,0.0,0,False
2026-03-20 08:59:00+00:00,,,,,,,,0.71,0.71,,0.0,0,False
2026-03-20 08:59:30+00:00,,,,,,,,0.71,0.71,,0.0,0,False
2026-03-20 09:00:00+00:00,,,,,,,,0.71,0.71,,0.0,0,False
2026-03-20 09:00:30+00:00,,,,,,,,0.71,0.71,,0.0,0,False
2026-03-20 09:01:00+00:00,,,,,,,,0.71,0.71,,0.0,0,False
2026-03-20 09:01:30+00:00,,,,,,,,0.71,0.71,,0.0,0,False
2026-03-20 09:02:00+00:00,,,,,,,,0.71,0.71,,0.0,0,False
2026-03-20 09:02:30+00:00,,,,,,,,0.71,0.71,,0.0,0,False
2026-03-20 09:03:00+00:00,,,,,,,,0.71,0.71,,0.0,0,False
2026-03-20 09:03:30+00:00,,,,,,,,0.71,0.71,,0.0,0,False
2026-03-20 09:04:00+00:00,,,,,,,,0.71,0.71,,0.0,0,False
2026-03-20 09:04:30+00:00,,,,,,,,0.71,0.71,,0.0,0,False
2026-03-20 09:05:00+00:00,,,,,,,,0.71,0.71,,0.0,0,False
2026-03-20 09:05:30+00:00,,,,,,,,0.71,0.71,,0.0,0,False
2026-03-20 09:06:00+00:00,,,,,,,,0.71,0.71,,0.0,0,False
2026-03-20 09:06:30+00:00,,,,,,,,0.71,0.71,,0.0,0,False
2026-03-20 09:07:00+00:00,,,,,,,,0.71,0.71,,0.0,0,False
2026-03-20 09:07:30+00:00,,,,,,,,0.71,0.71,,0.0,0,False
2026-03-20 09:08:00+00:00,,,,,,,,0.71,0.71,,0.0,0,False
2026-03-20 09:08:30+00:00,,,,,,,,0.71,0.71,,0.0,0,False
2026-03-20 09:09:00+00:00,,,,,,,,0.71,0.71,,0.0,0,False
2026-03-20 09:09:30+00:00,,,,,,,,0.71,0.71,,0.0,0,False
2026-03-20 09:10:00+00:00,,,,,,,,0.71,0.71,,0.0,0,False
2026-03-20 09:10:30+00:00,,,,,,,,0.71,0.71,,5.0,1,False
2026-03-20 09:11:00+00:00,,,,,,,,0.71,0.71,,0.0,0,False
2026-03-20 09:11:30+00:00,,,,,,,,0.71,0.71,,0.0,0,False
2026-03-20 09:12:00+00:00,,,,,,,,0.71,0.71,,0.0,0,False
2026-03-20 09:12:30+00:00,,,,,,,,0.71,0.71,,0.0,0,False
2026-03-20 09:13:00+00:00,,,,,,,,0.71,0.71,,0.0,0,False
2026-03-20 09:13:30+00:00,,,,,,,,0.71,0.71,,0.0,0,False
2026-03-20 09:14:00+00:00,,,,,,,,0.71,0.71,,0.0,0,False
2026-03-20 09:14:30+00:00,,,,,,,,0.71,0.71,,0.0,0,False
2026-03-20 09:15:00+00:00,,,,,,,,0.71,0.71,,0.0,0,False
2026-03-20 09:15:30+00:00,,,,,,,,0.71,0.71,,0.0,0,False
2026-03-20 09:16:00+00:00,,,,,,,,0.71,0.71,,0.0,0,False
2026-03-20 09:16:30+00:00,,,,,,,,0.71,0.71,,0.0,0,False
2026-03-20 09:17:00+00:00,,,,,,,,0.71,0.71,,0.0,0,False
2026-03-20 09:17:30+00:00,,,,,,,,0.71,0.71,,0.0,0,False
2026-03-20 09:18:00+00:00,,,,,,,,0.71,0.71,,0.0,0,False
2026-03-20 09:18:30+00:00,,,,,,,,0.71,0.71,,0.0,0,False
2026-03-20 09:19:00+00:00,,,,,,,,0.71,0.71,,0.0,0,False
2026-03-20 09:19:30+00:00,,,,,,,,0.71,0.71,,0.0,0,False
2026-03-20 09:20:00+00:00,,,,,,,,0.71,0.71,,0.0,0,False
2026-03-20 09:20:30+00:00,,,,,,,,0.71,0.71,,0.0,0,False
2026-03-20 09:21:00+00:00,,,,,,,,0.71,0.71,,0.0,0,False
2026-03-20 09:21:30+00:00,,,,,,,,0.71,0.71,,0.0,0,False
2026-03-20 09:22:00+00:00,,,,,,,,0.71,0.71,,0.0,0,False
2026-03-20 09:22:30+00:00,,,,,,,,0.71,0.71,,0.0,0,False
2026-03-20 09:23:00+00:00,,,,,,,,0.71,0.71,,0.0,0,False
2026-03-20 09:23:30+00:00,,,,,,,,0.71,0.71,,0.0,0,False
2026-03-20 09:24:00+00:00,,,,,,,,0.71,0.71,,0.0,0,False
2026-03-20 09:24:30+00:00,,,,,,,,0.71,0.71,,0.0,0,False
2026-03-20 09:25:00+00:00,,,,,,,,0.71,0.71,,0.0,0,False
2026-03-20 09:25:30+00:00,,,,,,,,0.71,0.71,,0.0,0,False
2026-03-20 09:26:00+00:00,,,,,,,,0.71,0.71,,0.0,0,False
2026-03-20 09:26:30+00:00,,,,,,,,0.71,0.71,,0.0,0,False
2026-03-20 09:27:00+00:00,,,,,,,,0.71,0.71,,0.0,0,False
2026-03-20 09:27:30+00:00,,,,,,,,0.71,0.71,,0.0,0,False
2026-03-20 09:28:00+00:00,,,,,,,,0.71,0.71,,0.0,0,False
2026-03-20 09:28:30+00:00,,,,,,,,0.71,0.71,,0.0,0,False
2026-03-20 09:29:00+00:00,,,,,,,,0.73,0.73,,1.0,1,False
2026-03-20 09:29:30+00:00,,,,,,,,0.73,0.73,,0.0,0,False
2026-03-20 09:30:00+00:00,,,,,,,,0.73,0.73,,0.0,0,False
2026-03-20 09:30:30+00:00,,,,,,,,0.73,0.73,,0.0,0,False
2026-03-20 09:31:00+00:00,,,,,,,,0.73,0.73,,0.0,0,False
2026-03-20 09:31:30+00:00,,,,,,,,0.73,0.73,,0.0,0,False
2026-03-20 09:32:00+00:00,,,,,,,,0.73,0.73,,0.0,0,False
2026-03-20 09:32:30+00:00,,,,,,,,0.73,0.73,,0.0,0,False
2026-03-20 09:33:00+00:00,,,,,,,,0.73,0.73,,0.0,0,False
2026-03-20 09:33:30+00:00,,,,,,,,0.73,0.73,,0.0,0,False
2026-03-20 09:34:00+00:00,,,,,,,,0.73,0.73,,0.0,0,False
2026-03-20 09:34:30+00:00,,,,,,,,0.73,0.73,,0.0,0,False
2026-03-20 09:35:00+00:00,,,,,,,,0.73,0.73,,0.0,0,False
2026-03-20 09:35:30+00:00,,,,,,,,0.73,0.73,,0.0,0,False
2026-03-20 09:36:00+00:00,,,,,,,,0.73,0.73,,0.0,0,False
2026-03-20 09:36:30+00:00,,,,,,,,0.73,0.73,,0.0,0,False
2026-03-20 09:37:00+00:00,,,,,,,,0.73,0.73,,0.0,0,False
2026-03-20 09:37:30+00:00,,,,,,,,0.73,0.73,,0.0,0,False
2026-03-20 09:38:00+00:00,,,,,,,,0.73,0.73,,0.0,0,False
2026-03-20 09:38:30+00:00,,,,,,,,0.73,0.73,,0.0,0,False
2026-03-20 09:39:00+00:00,,,,,,,,0.73,0.73,,0.0,0,False
2026-03-20 09:39:30+00:00,,,,,,,,0.73,0.73,,0.0,0,False
2026-03-20 09:40:00+00:00,,,,,,,,0.73,0.73,,0.0,0,False
2026-03-20 09:40:30+00:00,,,,,,,,0.71,0.71,,5.0,1,False
2026-03-20 09:41:00+00:00,,,,,,,,0.71,0.71,,0.0,0,False
2026-03-20 09:41:30+00:00,,,,,,,,0.71,0.71,,0.0,0,False
2026-03-20 09:42:00+00:00,,,,,,,,0.71,0.71,,0.0,0,False
2026-03-20 09:42:30+00:00,,,,,,,,0.73,0.73,,12.0,1,False
2026-03-20 09:43:00+00:00,,,,,,,,0.73,0.73,,0.0,0,False
2026-03-20 09:43:30+00:00,,,,,,,,0.73,0.73,,0.0,0,False
2026-03-20 09:44:00+00:00,,,,,,,,0.73,0.73,,0.0,0,False
2026-03-20 09:44:30+00:00,,,,,,,,0.73,0.73,,0.0,0,False
2026-03-20 09:45:00+00:00,,,,,,,,0.73,0.73,,0.0,0,False
2026-03-20 09:45:30+00:00,,,,,,,,0.73,0.73,,0.0,0,False
2026-03-20 09:46:00+00:00,,,,,,,,0.73,0.73,,0.0,0,False
2026-03-20 09:46:30+00:00,,,,,,,,0.73,0.73,,0.0,0,False
2026-03-20 09:47:00+00:00,,,,,,,,0.73,0.73,,0.0,0,False
2026-03-20 09:47:30+00:00,,,,,,,,0.73,0.73,,0.0,0,False
2026-03-20 09:48:00+00:00,,,,,,,,0.73,0.73,,0.0,0,False
2026-03-20 09:48:30+00:00,,,,,,,,0.73,0.73,,0.0,0,False
2026-03-20 09:49:00+00:00,,,,,,,,0.73,0.73,,0.0,0,False
2026-03-20 09:49:30+00:00,,,,,,,,0.73,0.73,,0.0,0,False
2026-03-20 09:50:00+00:00,,,,,,,,0.73,0.73,,0.0,0,False
2026-03-20 09:50:30+00:00,,,,,,,,0.73,0.73,,0.0,0,False
2026-03-20 09:51:00+00:00,,,,,,,,0.73,0.73,,0.0,0,False
2026-03-20 09:51:30+00:00,,,,,,,,0.73,0.73,,0.0,0,False
2026-03-20 09:52:00+00:00,,,,,,,,0.73,0.73,,0.0,0,False
2026-03-20 09:52:30+00:00,,,,,,,,0.73,0.73,,0.0,0,False
2026-03-20 09:53:00+00:00,,,,,,,,0.73,0.73,,0.0,0,False
2026-03-20 09:53:30+00:00,,,,,,,,0.73,0.73,,0.0,0,False
2026-03-20 09:54:00+00:00,,,,,,,,0.73,0.73,,0.0,0,False
2026-03-20 09:54:30+00:00,,,,,,,,0.73,0.73,,0.0,0,False
2026-03-20 09:55:00+00:00,,,,,,,,0.73,0.73,,0.0,0,False
2026-03-20 09:55:30+00:00,,,,,,,,0.73,0.73,,0.0,0,False
2026-03-20 09:56:00+00:00,,,,,,,,0.73,0.73,,0.0,0,False
2026-03-20 09:56:30+00:00,,,,,,,,0.73,0.73,,0.0,0,False
2026-03-20 09:57:00+00:00,,,,,,,,0.73,0.73,,0.0,0,False
2026-03-20 09:57:30+00:00,,,,,,,,0.73,0.73,,0.0,0,False
2026-03-20 09:58:00+00:00,,,,,,,,0.73,0.73,,0.0,0,False
2026-03-20 09:58:30+00:00,,,,,,,,0.73,0.73,,0.0,0,False
2026-03-20 09:59:00+00:00,,,,,,,,0.73,0.73,,0.0,0,False
2026-03-20 09:59:30+00:00,,,,,,,,0.73,0.73,,0.0,0,False
2026-03-20 10:00:00+00:00,,,,,,,,0.73,0.73,,0.0,0,False
2026-03-20 10:00:30+00:00,,,,,,,,0.71,0.71,,328.0,1,False
2026-03-20 10:01:00+00:00,,,,,,,,0.71,0.71,,0.0,0,False
2026-03-20 10:01:30+00:00,,,,,,,,0.71,0.71,,0.0,0,False
2026-03-20 10:02:00+00:00,,,,,,,,0.71,0.71,,0.0,0,False
2026-03-20 10:02:30+00:00,,,,,,,,0.71,0.71,,0.0,0,False
2026-03-20 10:03:00+00:00,,,,,,,,0.71,0.71,,0.0,0,False
2026-03-20 10:03:30+00:00,,,,,,,,0.71,0.71,,0.0,0,False
2026-03-20 10:04:00+00:00,,,,,,,,0.71,0.71,,0.0,0,False
2026-03-20 10:04:30+00:00,,,,,,,,0.71,0.71,,0.0,0,False
2026-03-20 10:05:00+00:00,,,,,,,,0.71,0.71,,0.0,0,False
2026-03-20 10:05:30+00:00,,,,,,,,0.71,0.71,,0.0,0,False
2026-03-20 10:06:00+00:00,,,,,,,,0.71,0.71,,0.0,0,False
2026-03-20 10:06:30+00:00,,,,,,,,0.71,0.71,,0.0,0,False
2026-03-20 10:07:00+00:00,,,,,,,,0.71,0.71,,0.0,0,False
2026-03-20 10:07:30+00:00,,,,,,,,0.71,0.71,,0.0,0,False
2026-03-20 10:08:00+00:00,,,,,,,,0.71,0.71,,0.0,0,False
2026-03-20 10:08:30+00:00,,,,,,,,0.71,0.71,,0.0,0,False
2026-03-20 10:09:00+00:00,,,,,,,,0.71,0.71,,0.0,0,False
2026-03-20 10:09:30+00:00,,,,,,,,0.71,0.71,,0.0,0,False
2026-03-20 10:10:00+00:00,,,,,,,,0.71,0.71,,0.0,0,False
2026-03-20 10:10:30+00:00,,,,,,,,0.71,0.71,,5.0,1,False
2026-03-20 10:11:00+00:00,,,,,,,,0.71,0.71,,0.0,0,False
2026-03-20 10:11:30+00:00,,,,,,,,0.71,0.71,,0.0,0,False
2026-03-20 10:12:00+00:00,,,,,,,,0.71,0.71,,0.0,0,False
2026-03-20 10:12:30+00:00,,,,,,,,0.71,0.71,,0.0,0,False
2026-03-20 10:13:00+00:00,,,,,,,,0.71,0.71,,0.0,0,False
2026-03-20 10:13:30+00:00,,,,,,,,0.71,0.71,,0.0,0,False
2026-03-20 10:14:00+00:00,,,,,,,,0.71,0.71,,0.0,0,False
2026-03-20 10:14:30+00:00,,,,,,,,0.71,0.71,,0.0,0,False
2026-03-20 10:15:00+00:00,,,,,,,,0.71,0.71,,0.0,0,False
2026-03-20 10:15:30+00:00,,,,,,,,0.71,0.71,,0.0,0,False
2026-03-20 10:16:00+00:00,,,,,,,,0.71,0.71,,0.0,0,False
2026-03-20 10:16:30+00:00,,,,,,,,0.71,0.71,,0.0,0,False
2026-03-20 10:17:00+00:00,,,,,,,,0.71,0.71,,0.0,0,False
2026-03-20 10:17:30+00:00,,,,,,,,0.71,0.71,,0.0,0,False
2026-03-20 10:18:00+00:00,,,,,,,,0.71,0.71,,0.0,0,False
2026-03-20 10:18:30+00:00,,,,,,,,0.71,0.71,,0.0,0,False
2026-03-20 10:19:00+00:00,,,,,,,,0.71,0.71,,0.0,0,False
2026-03-20 10:19:30+00:00,,,,,,,,0.71,0.71,,0.0,0,False
2026-03-20 10:20:00+00:00,,,,,,,,0.71,0.71,,0.0,0,False
2026-03-20 10:20:30+00:00,,,,,,,,0.71,0.71,,1.0,1,False
2026-03-20 10:21:00+00:00,,,,,,,,0.71,0.71,,0.0,0,False
2026-03-20 10:21:30+00:00,,,,,,,,0.71,0.71,,0.0,0,False
2026-03-20 10:22:00+00:00,,,,,,,,0.71,0.71,,0.0,0,False
2026-03-20 10:22:30+00:00,,,,,,,,0.71,0.71,,0.0,0,False
2026-03-20 10:23:00+00:00,,,,,,,,0.71,0.71,,0.0,0,False
2026-03-20 10:23:30+00:00,,,,,,,,0.71,0.71,,0.0,0,False
2026-03-20 10:24:00+00:00,,,,,,,,0.71,0.71,,0.0,0,False
2026-03-20 10:24:30+00:00,,,,,,,,0.71,0.71,,0.0,0,False
2026-03-20 10:25:00+00:00,,,,,,,,0.71,0.71,,0.0,0,False
2026-03-20 10:25:30+00:00,,,,,,,,0.71,0.71,,0.0,0,False
2026-03-20 10:26:00+00:00,,,,,,,,0.71,0.71,,0.0,0,False
2026-03-20 10:26:30+00:00,,,,,,,,0.71,0.71,,0.0,0,False
2026-03-20 10:27:00+00:00,,,,,,,,0.71,0.71,,0.0,0,False
2026-03-20 10:27:30+00:00,,,,,,,,0.71,0.71,,0.0,0,False
2026-03-20 10:28:00+00:00,,,,,,,,0.71,0.71,,0.0,0,False
2026-03-20 10:28:30+00:00,,,,,,,,0.71,0.71,,0.0,0,False
2026-03-20 10:29:00+00:00,,,,,,,,0.71,0.71,,0.0,0,False
2026-03-20 10:29:30+00:00,,,,,,,,0.71,0.71,,0.0,0,False
2026-03-20 10:30:00+00:00,,,,,,,,0.71,0.71,,0.0,0,False
2026-03-20 10:30:30+00:00,,,,,,,,0.71,0.71,,0.0,0,False
2026-03-20 10:31:00+00:00,,,,,,,,0.71,0.71,,0.0,0,False
2026-03-20 10:31:30+00:00,,,,,,,,0.71,0.71,,0.0,0,False
2026-03-20 10:32:00+00:00,,,,,,,,0.71,0.71,,0.0,0,False
2026-03-20 10:32:30+00:00,,,,,,,,0.71,0.71,,0.0,0,False
2026-03-20 10:33:00+00:00,,,,,,,,0.71,0.71,,0.0,0,False
2026-03-20 10:33:30+00:00,,,,,,,,0.71,0.71,,0.0,0,False
2026-03-20 10:34:00+00:00,,,,,,,,0.71,0.71,,0.0,0,False
2026-03-20 10:34:30+00:00,,,,,,,,0.71,0.71,,0.0,0,False
2026-03-20 10:35:00+00:00,,,,,,,,0.71,0.71,,0.0,0,False
2026-03-20 10:35:30+00:00,,,,,,,,0.71,0.71,,0.0,0,False
2026-03-20 10:36:00+00:00,,,,,,,,0.71,0.71,,0.0,0,False
2026-03-20 10:36:30+00:00,,,,,,,,0.71,0.71,,0.0,0,False
2026-03-20 10:37:00+00:00,,,,,,,,0.71,0.71,,0.0,0,False
2026-03-20 10:37:30+00:00,,,,,,,,0.71,0.71,,0.0,0,False
2026-03-20 10:38:00+00:00,,,,,,,,0.71,0.71,,0.0,0,False
2026-03-20 10:38:30+00:00,,,,,,,,0.71,0.71,,0.0,0,False
2026-03-20 10:39:00+00:00,,,,,,,,0.71,0.71,,0.0,0,False
2026-03-20 10:39:30+00:00,,,,,,,,0.71,0.71,,0.0,0,False
2026-03-20 10:40:00+00:00,,,,,,,,0.71,0.71,,0.0,0,False
2026-03-20 10:40:30+00:00,,,,,,,,0.71,0.71,,5.0,1,False
2026-03-20 10:41:00+00:00,,,,,,,,0.71,0.71,,0.0,0,False
2026-03-20 10:41:30+00:00,,,,,,,,0.71,0.71,,0.0,0,False
2026-03-20 10:42:00+00:00,,,,,,,,0.71,0.71,,0.0,0,False
2026-03-20 10:42:30+00:00,,,,,,,,0.71,0.71,,0.0,0,False
2026-03-20 10:43:00+00:00,,,,,,,,0.71,0.71,,0.0,0,False
2026-03-20 10:43:30+00:00,,,,,,,,0.71,0.71,,0.0,0,False
2026-03-20 10:44:00+00:00,,,,,,,,0.71,0.71,,0.0,0,False
2026-03-20 10:44:30+00:00,,,,,,,,0.71,0.71,,0.0,0,False
2026-03-20 10:45:00+00:00,,,,,,,,0.71,0.71,,0.0,0,False
2026-03-20 10:45:30+00:00,,,,,,,,0.71,0.71,,0.0,0,False
2026-03-20 10:46:00+00:00,,,,,,,,0.71,0.71,,0.0,0,False
2026-03-20 10:46:30+00:00,,,,,,,,0.71,0.71,,0.0,0,False
2026-03-20 10:47:00+00:00,,,,,,,,0.71,0.71,,0.0,0,False
2026-03-20 10:47:30+00:00,,,,,,,,0.71,0.71,,0.0,0,False
2026-03-20 10:48:00+00:00,,,,,,,,0.71,0.71,,0.0,0,False
2026-03-20 10:48:30+00:00,,,,,,,,0.71,0.71,,0.0,0,False
2026-03-20 10:49:00+00:00,,,,,,,,0.71,0.71,,0.0,0,False
2026-03-20 10:49:30+00:00,,,,,,,,0.71,0.71,,0.0,0,False
2026-03-20 10:50:00+00:00,,,,,,,,0.71,0.71,,0.0,0,False
2026-03-20 10:50:30+00:00,,,,,,,,0.71,0.71,,0.0,0,False
2026-03-20 10:51:00+00:00,,,,,,,,0.71,0.71,,0.0,0,False
2026-03-20 10:51:30+00:00,,,,,,,,0.71,0.71,,0.0,0,False
2026-03-20 10:52:00+00:00,,,,,,,,0.71,0.71,,0.0,0,False
2026-03-20 10:52:30+00:00,,,,,,,,0.71,0.71,,0.0,0,False
2026-03-20 10:53:00+00:00,,,,,,,,0.71,0.71,,0.0,0,False
2026-03-20 10:53:30+00:00,,,,,,,,0.71,0.71,,0.0,0,False
2026-03-20 10:54:00+00:00,,,,,,,,0.71,0.71,,0.0,0,False
2026-03-20 10:54:30+00:00,,,,,,,,0.71,0.71,,0.0,0,False
2026-03-20 10:55:00+00:00,,,,,,,,0.71,0.71,,0.0,0,False
2026-03-20 10:55:30+00:00,,,,,,,,0.71,0.71,,0.0,0,False
2026-03-20 10:56:00+00:00,,,,,,,,0.71,0.71,,0.0,0,False
2026-03-20 10:56:30+00:00,,,,,,,,0.71,0.71,,0.0,0,False
2026-03-20 10:57:00+00:00,,,,,,,,0.71,0.71,,0.0,0,False
2026-03-20 10:57:30+00:00,,,,,,,,0.71,0.71,,0.0,0,False
2026-03-20 10:58:00+00:00,,,,,,,,0.71,0.71,,0.0,0,False
2026-03-20 10:58:30+00:00,,,,,,,,0.71,0.71,,0.0,0,False
2026-03-20 10:59:00+00:00,,,,,,,,0.71,0.71,,0.0,0,False
2026-03-20 10:59:30+00:00,,,,,,,,0.71,0.71,,0.0,0,False
2026-03-20 11:00:00+00:00,,,,,,,,0.71,0.71,,0.0,0,False
2026-03-20 11:00:30+00:00,,,,,,,,0.71,0.71,,0.0,0,False
2026-03-20 11:01:00+00:00,,,,,,,,0.71,0.71,,0.0,0,False
2026-03-20 11:01:30+00:00,,,,,,,,0.71,0.71,,0.0,0,False
2026-03-20 11:02:00+00:00,,,,,,,,0.71,0.71,,0.0,0,False
2026-03-20 11:02:30+00:00,,,,,,,,0.71,0.71,,0.0,0,False
2026-03-20 11:03:00+00:00,,,,,,,,0.71,0.71,,0.0,0,False
2026-03-20 11:03:30+00:00,,,,,,,,0.71,0.71,,0.0,0,False
2026-03-20 11:04:00+00:00,,,,,,,,0.71,0.71,,0.0,0,False
2026-03-20 11:04:30+00:00,,,,,,,,0.71,0.71,,0.0,0,False
2026-03-20 11:05:00+00:00,,,,,,,,0.71,0.71,,0.0,0,False
2026-03-20 11:05:30+00:00,,,,,,,,0.71,0.71,,0.0,0,False
2026-03-20 11:06:00+00:00,,,,,,,,0.71,0.71,,0.0,0,False
2026-03-20 11:06:30+00:00,,,,,,,,0.71,0.71,,0.0,0,False
2026-03-20 11:07:00+00:00,,,,,,,,0.71,0.71,,0.0,0,False
2026-03-20 11:07:30+00:00,,,,,,,,0.71,0.71,,0.0,0,False
2026-03-20 11:08:00+00:00,,,,,,,,0.71,0.71,,0.0,0,False
2026-03-20 11:08:30+00:00,,,,,,,,0.71,0.71,,0.0,0,False
2026-03-20 11:09:00+00:00,,,,,,,,0.71,0.71,,0.0,0,False
2026-03-20 11:09:30+00:00,,,,,,,,0.71,0.71,,0.0,0,False
2026-03-20 11:10:00+00:00,,,,,,,,0.71,0.71,,0.0,0,False
2026-03-20 11:10:30+00:00,,,,,,,,0.71,0.71,,5.0,1,False
2026-03-20 11:11:00+00:00,,,,,,,,0.71,0.71,,0.0,0,False
2026-03-20 11:11:30+00:00,,,,,,,,0.71,0.71,,0.0,0,False
2026-03-20 11:12:00+00:00,,,,,,,,0.71,0.71,,0.0,0,False
2026-03-20 11:12:30+00:00,,,,,,,,0.71,0.71,,0.0,0,False
2026-03-20 11:13:00+00:00,,,,,,,,0.71,0.71,,0.0,0,False
2026-03-20 11:13:30+00:00,,,,,,,,0.71,0.71,,0.0,0,False
2026-03-20 11:14:00+00:00,,,,,,,,0.71,0.71,,0.0,0,False
2026-03-20 11:14:30+00:00,,,,,,,,0.71,0.71,,0.0,0,False
2026-03-20 11:15:00+00:00,,,,,,,,0.71,0.71,,0.0,0,False
2026-03-20 11:15:30+00:00,,,,,,,,0.71,0.71,,0.0,0,False
2026-03-20 11:16:00+00:00,,,,,,,,0.71,0.71,,0.0,0,False
2026-03-20 11:16:30+00:00,,,,,,,,0.71,0.71,,0.0,0,False
2026-03-20 11:17:00+00:00,,,,,,,,0.71,0.71,,0.0,0,False
2026-03-20 11:17:30+00:00,,,,,,,,0.71,0.71,,0.0,0,False
2026-03-20 11:18:00+00:00,,,,,,,,0.71,0.71,,0.0,0,False
2026-03-20 11:18:30+00:00,,,,,,,,0.71,0.71,,0.0,0,False
2026-03-20 11:19:00+00:00,,,,,,,,0.71,0.71,,0.0,0,False
2026-03-20 11:19:30+00:00,,,,,,,,0.71,0.71,,0.0,0,False
2026-03-20 11:20:00+00:00,,,,,,,,0.71,0.71,,0.0,0,False
2026-03-20 11:20:30+00:00,,,,,,,,0.71,0.71,,0.0,0,False
2026-03-20 11:21:00+00:00,,,,,,,,0.71,0.71,,0.0,0,False
2026-03-20 11:21:30+00:00,,,,,,,,0.71,0.71,,0.0,0,False
2026-03-20 11:22:00+00:00,,,,,,,,0.71,0.71,,0.0,0,False
2026-03-20 11:22:30+00:00,,,,,,,,0.71,0.71,,0.0,0,False
2026-03-20 11:23:00+00:00,,,,,,,,0.71,0.71,,0.0,0,False
2026-03-20 11:23:30+00:00,,,,,,,,0.71,0.71,,0.0,0,False
2026-03-20 11:24:00+00:00,,,,,,,,0.71,0.71,,0.0,0,False
2026-03-20 11:24:30+00:00,,,,,,,,0.71,0.71,,0.0,0,False
2026-03-20 11:25:00+00:00,,,,,,,,0.71,0.71,,0.0,0,False
2026-03-20 11:25:30+00:00,,,,,,,,0.71,0.71,,0.0,0,False
2026-03-20 11:26:00+00:00,,,,,,,,0.71,0.71,,0.0,0,False
2026-03-20 11:26:30+00:00,,,,,,,,0.71,0.71,,0.0,0,False
2026-03-20 11:27:00+00:00,,,,,,,,0.71,0.71,,0.0,0,False
2026-03-20 11:27:30+00:00,,,,,,,,0.71,0.71,,0.0,0,False
2026-03-20 11:28:00+00:00,,,,,,,,0.71,0.71,,0.0,0,False
2026-03-20 11:28:30+00:00,,,,,,,,0.71,0.71,,0.0,0,False
2026-03-20 11:29:00+00:00,,,,,,,,0.71,0.71,,0.0,0,False
2026-03-20 11:29:30+00:00,,,,,,,,0.71,0.71,,0.0,0,False
2026-03-20 11:30:00+00:00,,,,,,,,0.71,0.71,,0.0,0,False
2026-03-20 11:30:30+00:00,,,,,,,,0.71,0.71,,0.0,0,False
2026-03-20 11:31:00+00:00,,,,,,,,0.71,0.71,,0.0,0,False
2026-03-20 11:31:30+00:00,,,,,,,,0.71,0.71,,0.0,0,False
2026-03-20 11:32:00+00:00,,,,,,,,0.71,0.71,,0.0,0,False
2026-03-20 11:32:30+00:00,,,,,,,,0.71,0.71,,0.0,0,False
2026-03-20 11:33:00+00:00,,,,,,,,0.71,0.71,,0.0,0,False
2026-03-20 11:33:30+00:00,,,,,,,,0.71,0.71,,0.0,0,False
2026-03-20 11:34:00+00:00,,,,,,,,0.71,0.71,,0.0,0,False
2026-03-20 11:34:30+00:00,,,,,,,,0.71,0.71,,0.0,0,False
2026-03-20 11:35:00+00:00,,,,,,,,0.71,0.71,,0.0,0,False
2026-03-20 11:35:30+00:00,,,,,,,,0.71,0.71,,0.0,0,False
2026-03-20 11:36:00+00:00,,,,,,,,0.71,0.71,,0.0,0,False
2026-03-20 11:36:30+00:00,,,,,,,,0.71,0.71,,0.0,0,False
2026-03-20 11:37:00+00:00,,,,,,,,0.71,0.71,,0.0,0,False
2026-03-20 11:37:30+00:00,,,,,,,,0.71,0.71,,0.0,0,False
2026-03-20 11:38:00+00:00,,,,,,,,0.71,0.71,,0.0,0,False
2026-03-20 11:38:30+00:00,,,,,,,,0.71,0.71,,0.0,0,False
2026-03-20 11:39:00+00:00,,,,,,,,0.71,0.71,,0.0,0,False
2026-03-20 11:39:30+00:00,,,,,,,,0.71,0.71,,0.0,0,False
2026-03-20 11:40:00+00:00,,,,,,,,0.71,0.71,,0.0,0,False
2026-03-20 11:40:30+00:00,,,,,,,,0.71,0.71,,5.0,1,False
2026-03-20 11:41:00+00:00,,,,,,,,0.71,0.71,,0.0,0,False
2026-03-20 11:41:30+00:00,,,,,,,,0.71,0.71,,0.0,0,False
2026-03-20 11:42:00+00:00,,,,,,,,0.71,0.71,,0.0,0,False
2026-03-20 11:42:30+00:00,,,,,,,,0.71,0.71,,0.0,0,False
2026-03-20 11:43:00+00:00,,,,,,,,0.71,0.71,,0.0,0,False
2026-03-20 11:43:30+00:00,,,,,,,,0.71,0.71,,0.0,0,False
2026-03-20 11:44:00+00:00,,,,,,,,0.71,0.71,,0.0,0,False
2026-03-20 11:44:30+00:00,,,,,,,,0.71,0.71,,0.0,0,False
2026-03-20 11:45:00+00:00,,,,,,,,0.71,0.71,,0.0,0,False
2026-03-20 11:45:30+00:00,,,,,,,,0.71,0.71,,0.0,0,False
2026-03-20 11:46:00+00:00,,,,,,,,0.71,0.71,,0.0,0,False
2026-03-20 11:46:30+00:00,,,,,,,,0.71,0.71,,0.0,0,False
2026-03-20 11:47:00+00:00,,,,,,,,0.71,0.71,,0.0,0,False
2026-03-20 11:47:30+00:00,,,,,,,,0.71,0.71,,0.0,0,False
2026-03-20 11:48:00+00:00,,,,,,,,0.71,0.71,,0.0,0,False
2026-03-20 11:48:30+00:00,,,,,,,,0.71,0.71,,0.0,0,False
2026-03-20 11:49:00+00:00,,,,,,,,0.71,0.71,,0.0,0,False
2026-03-20 11:49:30+00:00,,,,,,,,0.71,0.71,,0.0,0,False
2026-03-20 11:50:00+00:00,,,,,,,,0.71,0.71,,0.0,0,False
2026-03-20 11:50:30+00:00,,,,,,,,0.71,0.71,,0.0,0,False
2026-03-20 11:51:00+00:00,,,,,,,,0.71,0.71,,0.0,0,False
2026-03-20 11:51:30+00:00,,,,,,,,0.71,0.71,,0.0,0,False
2026-03-20 11:52:00+00:00,,,,,,,,0.71,0.71,,0.0,0,False
2026-03-20 11:52:30+00:00,,,,,,,,0.71,0.71,,0.0,0,False
2026-03-20 11:53:00+00:00,,,,,,,,0.71,0.71,,0.0,0,False
2026-03-20 11:53:30+00:00,,,,,,,,0.71,0.71,,0.0,0,False
2026-03-20 11:54:00+00:00,,,,,,,,0.71,0.71,,0.0,0,False
2026-03-20 11:54:30+00:00,,,,,,,,0.71,0.71,,0.0,0,False
2026-03-20 11:55:00+00:00,,,,,,,,0.71,0.71,,0.0,0,False
2026-03-20 11:55:30+00:00,,,,,,,,0.71,0.71,,0.0,0,False
2026-03-20 11:56:00+00:00,,,,,,,,0.71,0.71,,0.0,0,False
2026-03-20 11:56:30+00:00,,,,,,,,0.71,0.71,,0.0,0,False
2026-03-20 11:57:00+00:00,,,,,,,,0.71,0.71,,0.0,0,False
2026-03-20 11:57:30+00:00,,,,,,,,0.71,0.71,,0.0,0,False
2026-03-20 11:58:00+00:00,,,,,,,,0.71,0.71,,0.0,0,False
2026-03-20 11:58:30+00:00,,,,,,,,0.71,0.71,,0.0,0,False
2026-03-20 11:59:00+00:00,,,,,,,,0.71,0.71,,0.0,0,False
2026-03-20 11:59:30+00:00,,,,,,,,0.71,0.71,,0.0,0,False
2026-03-20 12:00:00+00:00,,,,,,,,0.71,0.71,,0.0,0,False
2026-03-20 12:00:30+00:00,,,,,,,,0.71,0.71,,0.0,0,False
2026-03-20 12:01:00+00:00,,,,,,,,0.71,0.71,,0.0,0,False
2026-03-20 12:01:30+00:00,,,,,,,,0.71,0.71,,0.0,0,False
2026-03-20 12:02:00+00:00,,,,,,,,0.71,0.71,,0.0,0,False
2026-03-20 12:02:30+00:00,,,,,,,,0.74,0.74,,66.0,1,False
2026-03-20 12:03:00+00:00,,,,,,,,0.74,0.74,,0.0,0,False
2026-03-20 12:03:30+00:00,,,,,,,,0.74,0.74,,0.0,0,False
2026-03-20 12:04:00+00:00,,,,,,,,0.74,0.74,,0.0,0,False
2026-03-20 12:04:30+00:00,,,,,,,,0.74,0.74,,0.0,0,False
2026-03-20 12:05:00+00:00,,,,,,,,0.74,0.74,,0.0,0,False
2026-03-20 12:05:30+00:00,,,,,,,,0.74,0.74,,0.0,0,False
2026-03-20 12:06:00+00:00,,,,,,,,0.74,0.74,,0.0,0,False
2026-03-20 12:06:30+00:00,,,,,,,,0.74,0.74,,0.0,0,False
2026-03-20 12:07:00+00:00,,,,,,,,0.74,0.74,,0.0,0,False
2026-03-20 12:07:30+00:00,,,,,,,,0.74,0.74,,0.0,0,False
2026-03-20 12:08:00+00:00,,,,,,,,0.74,0.74,,0.0,0,False
2026-03-20 12:08:30+00:00,,,,,,,,0.74,0.74,,0.0,0,False
2026-03-20 12:09:00+00:00,,,,,,,,0.74,0.74,,0.0,0,False
2026-03-20 12:09:30+00:00,,,,,,,,0.74,0.74,,0.0,0,False
2026-03-20 12:10:00+00:00,,,,,,,,0.74,0.74,,0.0,0,False
2026-03-20 12:10:30+00:00,,,,,,,,0.71,0.71,,5.0,1,False
2026-03-20 12:11:00+00:00,,,,,,,,0.71,0.71,,0.0,0,False
2026-03-20 12:11:30+00:00,,,,,,,,0.71,0.71,,0.0,0,False
2026-03-20 12:12:00+00:00,,,,,,,,0.74,0.74,,1.0,1,False
2026-03-20 12:12:30+00:00,,,,,,,,0.74,0.74,,0.0,0,False
2026-03-20 12:13:00+00:00,,,,,,,,0.7099999999999999,0.71,,15.0,1,False
2026-03-20 12:13:30+00:00,,,,,,,,0.7099999999999999,0.71,,0.0,0,False
2026-03-20 12:14:00+00:00,,,,,,,,0.7099999999999999,0.71,,0.0,0,False
2026-03-20 12:14:30+00:00,,,,,,,,0.7099999999999999,0.71,,0.0,0,False
2026-03-20 12:15:00+00:00,,,,,,,,0.7099999999999999,0.71,,0.0,0,False
2026-03-20 12:15:30+00:00,,,,,,,,0.7099999999999999,0.71,,0.0,0,False
2026-03-20 12:16:00+00:00,,,,,,,,0.7099999999999999,0.71,,0.0,0,False
2026-03-20 12:16:30+00:00,,,,,,,,0.7099999999999999,0.71,,0.0,0,False
2026-03-20 12:17:00+00:00,,,,,,,,0.7099999999999999,0.71,,0.0,0,False
2026-03-20 12:17:30+00:00,,,,,,,,0.7099999999999999,0.71,,0.0,0,False
2026-03-20 12:18:00+00:00,,,,,,,,0.7099999999999999,0.71,,0.0,0,False
2026-03-20 12:18:30+00:00,,,,,,,,0.7099999999999999,0.71,,0.0,0,False
2026-03-20 12:19:00+00:00,,,,,,,,0.7099999999999999,0.71,,0.0,0,False
2026-03-20 12:19:30+00:00,,,,,,,,0.7099999999999999,0.71,,0.0,0,False
2026-03-20 12:20:00+00:00,,,,,,,,0.7099999999999999,0.71,,0.0,0,False
2026-03-20 12:20:30+00:00,,,,,,,,0.7099999999999999,0.71,,0.0,0,False
2026-03-20 12:21:00+00:00,,,,,,,,0.7099999999999999,0.71,,0.0,0,False
2026-03-20 12:21:30+00:00,,,,,,,,0.7099999999999999,0.71,,0.0,0,False
2026-03-20 12:22:00+00:00,,,,,,,,0.7099999999999999,0.71,,0.0,0,False
2026-03-20 12:22:30+00:00,,,,,,,,0.7099999999999999,0.71,,0.0,0,False
2026-03-20 12:23:00+00:00,,,,,,,,0.7099999999999999,0.71,,0.0,0,False
2026-03-20 12:23:30+00:00,,,,,,,,0.74,0.74,,2.0,1,False
2026-03-20 12:24:00+00:00,,,,,,,,0.74,0.74,,0.0,0,False
2026-03-20 12:24:30+00:00,,,,,,,,0.74,0.74,,0.0,0,False
2026-03-20 12:25:00+00:00,,,,,,,,0.74,0.74,,0.0,0,False
2026-03-20 12:25:30+00:00,,,,,,,,0.74,0.74,,0.0,0,False
2026-03-20 12:26:00+00:00,,,,,,,,0.74,0.74,,0.0,0,False
2026-03-20 12:26:30+00:00,,,,,,,,0.74,0.74,,0.0,0,False
2026-03-20 12:27:00+00:00,,,,,,,,0.74,0.74,,0.0,0,False
2026-03-20 12:27:30+00:00,,,,,,,,0.74,0.74,,0.0,0,False
2026-03-20 12:28:00+00:00,,,,,,,,0.74,0.74,,0.0,0,False
2026-03-20 12:28:30+00:00,,,,,,,,0.74,0.74,,0.0,0,False
2026-03-20 12:29:00+00:00,,,,,,,,0.74,0.74,,0.0,0,False
2026-03-20 12:29:30+00:00,,,,,,,,0.74,0.74,,0.0,0,False
2026-03-20 12:30:00+00:00,,,,,,,,0.74,0.74,,0.0,0,False
2026-03-20 12:30:30+00:00,,,,,,,,0.74,0.74,,0.0,0,False
2026-03-20 12:31:00+00:00,,,,,,,,0.74,0.74,,0.0,0,False
2026-03-20 12:31:30+00:00,,,,,,,,0.74,0.74,,0.0,0,False
2026-03-20 12:32:00+00:00,,,,,,,,0.74,0.74,,0.0,0,False
2026-03-20 12:32:30+00:00,,,,,,,,0.74,0.74,,0.0,0,False
2026-03-20 12:33:00+00:00,,,,,,,,0.74,0.74,,0.0,0,False
2026-03-20 12:33:30+00:00,,,,,,,,0.74,0.74,,0.0,0,False
2026-03-20 12:34:00+00:00,,,,,,,,0.74,0.74,,0.0,0,False
2026-03-20 12:34:30+00:00,,,,,,,,0.74,0.74,,0.0,0,False
2026-03-20 12:35:00+00:00,,,,,,,,0.74,0.74,,0.0,0,False
2026-03-20 12:35:30+00:00,,,,,,,,0.74,0.74,,0.0,0,False
2026-03-20 12:36:00+00:00,,,,,,,,0.74,0.74,,0.0,0,False
2026-03-20 12:36:30+00:00,,,,,,,,0.74,0.74,,0.0,0,False
2026-03-20 12:37:00+00:00,,,,,,,,0.74,0.74,,0.0,0,False
2026-03-20 12:37:30+00:00,,,,,,,,0.74,0.74,,0.0,0,False
2026-03-20 12:38:00+00:00,,,,,,,,0.74,0.74,,1.0,1,False
2026-03-20 12:38:30+00:00,,,,,,,,0.74,0.74,,0.0,0,False
2026-03-20 12:39:00+00:00,,,,,,,,0.74,0.74,,0.0,0,False
2026-03-20 12:39:30+00:00,,,,,,,,0.74,0.74,,0.0,0,False
2026-03-20 12:40:00+00:00,,,,,,,,0.74,0.74,,0.0,0,False
2026-03-20 12:40:30+00:00,,,,,,,,0.71,0.71,,5.0,1,False
2026-03-20 12:41:00+00:00,,,,,,,,0.71,0.71,,0.0,0,False
2026-03-20 12:41:30+00:00,,,,,,,,0.71,0.71,,0.0,0,False
2026-03-20 12:42:00+00:00,,,,,,,,0.71,0.71,,0.0,0,False
2026-03-20 12:42:30+00:00,,,,,,,,0.71,0.71,,0.0,0,False
2026-03-20 12:43:00+00:00,,,,,,,,0.71,0.71,,0.0,0,False
2026-03-20 12:43:30+00:00,,,,,,,,0.71,0.71,,0.0,0,False
2026-03-20 12:44:00+00:00,,,,,,,,0.71,0.71,,0.0,0,False
2026-03-20 12:44:30+00:00,,,,,,,,0.71,0.71,,0.0,0,False
2026-03-20 12:45:00+00:00,,,,,,,,0.71,0.71,,0.0,0,False
2026-03-20 12:45:30+00:00,,,,,,,,0.71,0.71,,0.0,0,False
2026-03-20 12:46:00+00:00,,,,,,,,0.71,0.71,,0.0,0,False
2026-03-20 12:46:30+00:00,,,,,,,,0.71,0.71,,0.0,0,False
2026-03-20 12:47:00+00:00,,,,,,,,0.71,0.71,,0.0,0,False
2026-03-20 12:47:30+00:00,,,,,,,,0.71,0.71,,0.0,0,False
2026-03-20 12:48:00+00:00,,,,,,,,0.71,0.71,,0.0,0,False
2026-03-20 12:48:30+00:00,,,,,,,,0.71,0.71,,0.0,0,False
2026-03-20 12:49:00+00:00,,,,,,,,0.71,0.71,,0.0,0,False
2026-03-20 12:49:30+00:00,,,,,,,,0.71,0.71,,0.0,0,False
2026-03-20 12:50:00+00:00,,,,,,,,0.71,0.71,,0.0,0,False
2026-03-20 12:50:30+00:00,,,,,,,,0.71,0.71,,0.0,0,False
2026-03-20 12:51:00+00:00,,,,,,,,0.71,0.71,,0.0,0,False
2026-03-20 12:51:30+00:00,,,,,,,,0.71,0.71,,0.0,0,False
2026-03-20 12:52:00+00:00,,,,,,,,0.71,0.71,,0.0,0,False
2026-03-20 12:52:30+00:00,,,,,,,,0.71,0.71,,0.0,0,False
2026-03-20 12:53:00+00:00,,,,,,,,0.71,0.71,,0.0,0,False
2026-03-20 12:53:30+00:00,,,,,,,,0.71,0.71,,0.0,0,False
2026-03-20 12:54:00+00:00,,,,,,,,0.71,0.71,,0.0,0,False
2026-03-20 12:54:30+00:00,,,,,,,,0.71,0.71,,0.0,0,False
2026-03-20 12:55:00+00:00,,,,,,,,0.71,0.71,,0.0,0,False
2026-03-20 12:55:30+00:00,,,,,,,,0.71,0.71,,0.0,0,False
2026-03-20 12:56:00+00:00,,,,,,,,0.71,0.71,,0.0,0,False
2026-03-20 12:56:30+00:00,,,,,,,,0.71,0.71,,0.0,0,False
2026-03-20 12:57:00+00:00,,,,,,,,0.71,0.71,,0.0,0,False
2026-03-20 12:57:30+00:00,,,,,,,,0.71,0.71,,0.0,0,False
2026-03-20 12:58:00+00:00,,,,,,,,0.71,0.71,,0.0,0,False
2026-03-20 12:58:30+00:00,,,,,,,,0.71,0.71,,0.0,0,False
2026-03-20 12:59:00+00:00,,,,,,,,0.71,0.71,,0.0,0,False
2026-03-20 12:59:30+00:00,,,,,,,,0.71,0.71,,0.0,0,False
2026-03-20 13:00:00+00:00,,,,,,,,0.71,0.71,,0.0,0,False
2026-03-20 13:00:30+00:00,,,,,,,,0.71,0.71,,0.0,0,False
2026-03-20 13:01:00+00:00,,,,,,,,0.71,0.71,,0.0,0,False
2026-03-20 13:01:30+00:00,,,,,,,,0.71,0.71,,0.0,0,False
2026-03-20 13:02:00+00:00,,,,,,,,0.71,0.71,,0.0,0,False
2026-03-20 13:02:30+00:00,,,,,,,,0.71,0.71,,0.0,0,False
2026-03-20 13:03:00+00:00,,,,,,,,0.71,0.71,,0.0,0,False
2026-03-20 13:03:30+00:00,,,,,,,,0.71,0.71,,0.0,0,False
2026-03-20 13:04:00+00:00,,,,,,,,0.71,0.71,,0.0,0,False
2026-03-20 13:04:30+00:00,,,,,,,,0.71,0.71,,0.0,0,False
2026-03-20 13:05:00+00:00,,,,,,,,0.71,0.71,,0.0,0,False
2026-03-20 13:05:30+00:00,,,,,,,,0.71,0.71,,0.0,0,False
2026-03-20 13:06:00+00:00,,,,,,,,0.71,0.71,,0.0,0,False
2026-03-20 13:06:30+00:00,,,,,,,,0.71,0.71,,0.0,0,False
2026-03-20 13:07:00+00:00,,,,,,,,0.71,0.71,,0.0,0,False
2026-03-20 13:07:30+00:00,,,,,,,,0.71,0.71,,0.0,0,False
2026-03-20 13:08:00+00:00,,,,,,,,0.71,0.71,,0.0,0,False
2026-03-20 13:08:30+00:00,,,,,,,,0.71,0.71,,0.0,0,False
2026-03-20 13:09:00+00:00,,,,,,,,0.71,0.71,,0.0,0,False
2026-03-20 13:09:30+00:00,,,,,,,,0.71,0.71,,0.0,0,False
2026-03-20 13:10:00+00:00,,,,,,,,0.71,0.71,,0.0,0,False
2026-03-20 13:10:30+00:00,,,,,,,,0.71,0.71,,5.0,1,False
2026-03-20 13:11:00+00:00,,,,,,,,0.71,0.71,,0.0,0,False
2026-03-20 13:11:30+00:00,,,,,,,,0.71,0.71,,0.0,0,False
2026-03-20 13:12:00+00:00,,,,,,,,0.71,0.71,,0.0,0,False
2026-03-20 13:12:30+00:00,,,,,,,,0.71,0.71,,0.0,0,False
2026-03-20 13:13:00+00:00,,,,,,,,0.74,0.74,,30.0,1,False
2026-03-20 13:13:30+00:00,,,,,,,,0.74,0.74,,0.0,0,False
2026-03-20 13:14:00+00:00,,,,,,,,0.74,0.74,,0.0,0,False
2026-03-20 13:14:30+00:00,,,,,,,,0.71,0.71,,3.0,1,False
2026-03-20 13:15:00+00:00,,,,,,,,0.71,0.71,,0.0,0,False
2026-03-20 13:15:30+00:00,,,,,,,,0.71,0.71,,0.0,0,False
2026-03-20 13:16:00+00:00,,,,,,,,0.71,0.71,,0.0,0,False
2026-03-20 13:16:30+00:00,,,,,,,,0.71,0.71,,0.0,0,False
2026-03-20 13:17:00+00:00,,,,,,,,0.71,0.71,,0.0,0,False
2026-03-20 13:17:30+00:00,,,,,,,,0.71,0.71,,0.0,0,False
2026-03-20 13:18:00+00:00,,,,,,,,0.71,0.71,,0.0,0,False
2026-03-20 13:18:30+00:00,,,,,,,,0.71,0.71,,0.0,0,False
2026-03-20 13:19:00+00:00,,,,,,,,0.71,0.71,,0.0,0,False
2026-03-20 13:19:30+00:00,,,,,,,,0.71,0.71,,0.0,0,False
2026-03-20 13:20:00+00:00,,,,,,,,0.71,0.71,,0.0,0,False
2026-03-20 13:20:30+00:00,,,,,,,,0.71,0.71,,32.0,1,False
2026-03-20 13:21:00+00:00,,,,,,,,0.71,0.71,,0.0,0,False
2026-03-20 13:21:30+00:00,,,,,,,,0.71,0.71,,0.0,0,False
2026-03-20 13:22:00+00:00,,,,,,,,0.71,0.71,,0.0,0,False
2026-03-20 13:22:30+00:00,,,,,,,,0.71,0.71,,0.0,0,False
2026-03-20 13:23:00+00:00,,,,,,,,0.71,0.71,,0.0,0,False
2026-03-20 13:23:30+00:00,,,,,,,,0.71,0.71,,0.0,0,False
2026-03-20 13:24:00+00:00,,,,,,,,0.71,0.71,,0.0,0,False
2026-03-20 13:24:30+00:00,,,,,,,,0.71,0.71,,0.0,0,False
2026-03-20 13:25:00+00:00,,,,,,,,0.71,0.71,,0.0,0,False
2026-03-20 13:25:30+00:00,,,,,,,,0.71,0.71,,0.0,0,False
2026-03-20 13:26:00+00:00,,,,,,,,0.71,0.71,,0.0,0,False
2026-03-20 13:26:30+00:00,,,,,,,,0.71,0.71,,0.0,0,False
2026-03-20 13:27:00+00:00,,,,,,,,0.71,0.71,,0.0,0,False
2026-03-20 13:27:30+00:00,,,,,,,,0.71,0.71,,0.0,0,False
2026-03-20 13:28:00+00:00,,,,,,,,0.71,0.71,,0.0,0,False
2026-03-20 13:28:30+00:00,,,,,,,,0.71,0.71,,0.0,0,False
2026-03-20 13:29:00+00:00,,,,,,,,0.71,0.71,,0.0,0,False
2026-03-20 13:29:30+00:00,,,,,,,,0.71,0.71,,0.0,0,False
2026-03-20 13:30:00+00:00,,,,,,,,0.71,0.71,,0.0,0,False
2026-03-20 13:30:30+00:00,,,,,,,,0.71,0.71,,0.0,0,False
2026-03-20 13:31:00+00:00,,,,,,,,0.71,0.71,,0.0,0,False
2026-03-20 13:31:30+00:00,,,,,,,,0.71,0.71,,3.0,1,False
2026-03-20 13:32:00+00:00,,,,,,,,0.74,0.74,,5.0,2,False
2026-03-20 13:32:30+00:00,,,,,,,,0.74,0.74,,0.0,0,False
2026-03-20 13:33:00+00:00,,,,,,,,0.74,0.74,,0.0,0,False
2026-03-20 13:33:30+00:00,,,,,,,,0.74,0.74,,0.0,0,False
2026-03-20 13:34:00+00:00,,,,,,,,0.74,0.74,,0.0,0,False
2026-03-20 13:34:30+00:00,,,,,,,,0.74,0.74,,0.0,0,False
2026-03-20 13:35:00+00:00,,,,,,,,0.74,0.74,,0.0,0,False
2026-03-20 13:35:30+00:00,,,,,,,,0.74,0.74,,0.0,0,False
2026-03-20 13:36:00+00:00,,,,,,,,0.74,0.74,,0.0,0,False
2026-03-20 13:36:30+00:00,,,,,,,,0.74,0.74,,0.0,0,False
2026-03-20 13:37:00+00:00,,,,,,,,0.74,0.74,,0.0,0,False
2026-03-20 13:37:30+00:00,,,,,,,,0.74,0.74,,0.0,0,False
2026-03-20 13:38:00+00:00,,,,,,,,0.74,0.74,,0.0,0,False
2026-03-20 13:38:30+00:00,,,,,,,,0.73,0.73,,1.0,1,False
2026-03-20 13:39:00+00:00,,,,,,,,0.73,0.73,,0.0,0,False
2026-03-20 13:39:30+00:00,,,,,,,,0.73,0.73,,0.0,0,False
2026-03-20 13:40:00+00:00,,,,,,,,0.73,0.73,,0.0,0,False
2026-03-20 13:40:30+00:00,,,,,,,,0.71,0.71,,5.0,1,False
2026-03-20 13:41:00+00:00,,,,,,,,0.71,0.71,,0.0,0,False
2026-03-20 13:41:30+00:00,,,,,,,,0.71,0.71,,0.0,0,False
2026-03-20 13:42:00+00:00,,,,,,,,0.71,0.71,,0.0,0,False
2026-03-20 13:42:30+00:00,,,,,,,,0.71,0.71,,0.0,0,False
2026-03-20 13:43:00+00:00,,,,,,,,0.73,0.73,,1.0,1,False
2026-03-20 13:43:30+00:00,,,,,,,,0.73,0.73,,0.0,0,False
2026-03-20 13:44:00+00:00,,,,,,,,0.73,0.73,,0.0,0,False
2026-03-20 13:44:30+00:00,,,,,,,,0.73,0.73,,0.0,0,False
2026-03-20 13:45:00+00:00,,,,,,,,0.73,0.73,,0.0,0,False
2026-03-20 13:45:30+00:00,,,,,,,,0.73,0.73,,0.0,0,False
2026-03-20 13:46:00+00:00,,,,,,,,0.73,0.73,,0.0,0,False
2026-03-20 13:46:30+00:00,,,,,,,,0.73,0.73,,0.0,0,False
2026-03-20 13:47:00+00:00,,,,,,,,0.73,0.73,,0.0,0,False
2026-03-20 13:47:30+00:00,,,,,,,,0.73,0.73,,0.0,0,False
2026-03-20 13:48:00+00:00,,,,,,,,0.73,0.73,,0.0,0,False
2026-03-20 13:48:30+00:00,,,,,,,,0.7099999999999999,0.71,,30.0,1,False
2026-03-20 13:49:00+00:00,,,,,,,,0.7099999999999999,0.71,,0.0,0,False
2026-03-20 13:49:30+00:00,,,,,,,,0.7099999999999999,0.71,,0.0,0,False
2026-03-20 13:50:00+00:00,,,,,,,,0.7099999999999999,0.71,,0.0,0,False
2026-03-20 13:50:30+00:00,,,,,,,,0.7099999999999999,0.71,,0.0,0,False
2026-03-20 13:51:00+00:00,,,,,,,,0.7099999999999999,0.71,,0.0,0,False
2026-03-20 13:51:30+00:00,,,,,,,,0.7099999999999999,0.71,,0.0,0,False
2026-03-20 13:52:00+00:00,,,,,,,,0.7099999999999999,0.71,,0.0,0,False
2026-03-20 13:52:30+00:00,,,,,,,,0.7099999999999999,0.71,,0.0,0,False
2026-03-20 13:53:00+00:00,,,,,,,,0.7099999999999999,0.71,,0.0,0,False
2026-03-20 13:53:30+00:00,,,,,,,,0.7099999999999999,0.71,,0.0,0,False
2026-03-20 13:54:00+00:00,,,,,,,,0.71,0.71,,3.0,1,False
2026-03-20 13:54:30+00:00,,,,,,,,0.71,0.71,,0.0,0,False
2026-03-20 13:55:00+00:00,,,,,,,,0.71,0.71,,0.0,0,False
2026-03-20 13:55:30+00:00,,,,,,,,0.71,0.71,,0.0,0,False
2026-03-20 13:56:00+00:00,,,,,,,,0.71,0.71,,0.0,0,False
2026-03-20 13:56:30+00:00,,,,,,,,0.71,0.71,,0.0,0,False
2026-03-20 13:57:00+00:00,,,,,,,,0.71,0.71,,0.0,0,False
2026-03-20 13:57:30+00:00,,,,,,,,0.71,0.71,,0.0,0,False
2026-03-20 13:58:00+00:00,,,,,,,,0.71,0.71,,0.0,0,False
2026-03-20 13:58:30+00:00,,,,,,,,0.71,0.71,,0.0,0,False
2026-03-20 13:59:00+00:00,,,,,,,,0.71,0.71,,0.0,0,False
2026-03-20 13:59:30+00:00,,,,,,,,0.71,0.71,,0.0,0,False
2026-03-20 14:00:00+00:00,,,,,,,,0.73,0.73,,33.0,1,False
2026-03-20 14:00:30+00:00,,,,,,,,0.73,0.73,,0.0,0,False
2026-03-20 14:01:00+00:00,,,,,,,,0.73,0.73,,0.0,0,False
2026-03-20 14:01:30+00:00,,,,,,,,0.73,0.73,,0.0,0,False
2026-03-20 14:02:00+00:00,,,,,,,,0.73,0.73,,0.0,0,False
2026-03-20 14:02:30+00:00,,,,,,,,0.73,0.73,,0.0,0,False
2026-03-20 14:03:00+00:00,,,,,,,,0.73,0.73,,0.0,0,False
2026-03-20 14:03:30+00:00,,,,,,,,0.73,0.73,,0.0,0,False
2026-03-20 14:04:00+00:00,,,,,,,,0.73,0.73,,0.0,0,False
2026-03-20 14:04:30+00:00,,,,,,,,0.73,0.73,,0.0,0,False
2026-03-20 14:05:00+00:00,,,,,,,,0.73,0.73,,0.0,0,False
2026-03-20 14:05:30+00:00,,,,,,,,0.73,0.73,,0.0,0,False
2026-03-20 14:06:00+00:00,,,,,,,,0.73,0.73,,0.0,0,False
2026-03-20 14:06:30+00:00,,,,,,,,0.73,0.73,,0.0,0,False
2026-03-20 14:07:00+00:00,,,,,,,,0.73,0.73,,0.0,0,False
2026-03-20 14:07:30+00:00,,,,,,,,0.73,0.73,,0.0,0,False
2026-03-20 14:08:00+00:00,,,,,,,,0.73,0.73,,0.0,0,False
2026-03-20 14:08:30+00:00,,,,,,,,0.73,0.73,,0.0,0,False
2026-03-20 14:09:00+00:00,,,,,,,,0.73,0.73,,0.0,0,False
2026-03-20 14:09:30+00:00,,,,,,,,0.73,0.73,,0.0,0,False
2026-03-20 14:10:00+00:00,,,,,,,,0.73,0.73,,0.0,0,False
2026-03-20 14:10:30+00:00,,,,,,,,0.71,0.71,,5.0,1,False
2026-03-20 14:11:00+00:00,,,,,,,,0.71,0.71,,0.0,0,False
2026-03-20 14:11:30+00:00,,,,,,,,0.71,0.71,,0.0,0,False
2026-03-20 14:12:00+00:00,,,,,,,,0.71,0.71,,0.0,0,False
2026-03-20 14:12:30+00:00,,,,,,,,0.71,0.71,,32.0,1,False
2026-03-20 14:13:00+00:00,,,,,,,,0.71,0.71,,0.0,0,False
2026-03-20 14:13:30+00:00,,,,,,,,0.71,0.71,,0.0,0,False
2026-03-20 14:14:00+00:00,,,,,,,,0.71,0.71,,0.0,0,False
2026-03-20 14:14:30+00:00,,,,,,,,0.71,0.71,,0.0,0,False
2026-03-20 14:15:00+00:00,,,,,,,,0.71,0.71,,0.0,0,False
2026-03-20 14:15:30+00:00,,,,,,,,0.71,0.71,,0.0,0,False
2026-03-20 14:16:00+00:00,,,,,,,,0.71,0.71,,0.0,0,False
2026-03-20 14:16:30+00:00,,,,,,,,0.71,0.71,,0.0,0,False
2026-03-20 14:17:00+00:00,,,,,,,,0.71,0.71,,0.0,0,False
2026-03-20 14:17:30+00:00,,,,,,,,0.71,0.71,,0.0,0,False
2026-03-20 14:18:00+00:00,,,,,,,,0.73,0.73,,30.0,1,False
2026-03-20 14:18:30+00:00,,,,,,,,0.73,0.73,,0.0,0,False
2026-03-20 14:19:00+00:00,,,,,,,,0.73,0.73,,0.0,0,False
2026-03-20 14:19:30+00:00,,,,,,,,0.73,0.73,,0.0,0,False
2026-03-20 14:20:00+00:00,,,,,,,,0.73,0.73,,0.0,0,False
2026-03-20 14:20:30+00:00,,,,,,,,0.73,0.73,,0.0,0,False
2026-03-20 14:21:00+00:00,,,,,,,,0.73,0.73,,0.0,0,False
2026-03-20 14:21:30+00:00,,,,,,,,0.73,0.73,,0.0,0,False
2026-03-20 14:22:00+00:00,,,,,,,,0.73,0.73,,0.0,0,False
2026-03-20 14:22:30+00:00,,,,,,,,0.73,0.73,,0.0,0,False
2026-03-20 14:23:00+00:00,,,,,,,,0.73,0.73,,0.0,0,False
2026-03-20 14:23:30+00:00,,,,,,,,0.73,0.73,,0.0,0,False
2026-03-20 14:24:00+00:00,,,,,,,,0.73,0.73,,0.0,0,False
2026-03-20 14:24:30+00:00,,,,,,,,0.73,0.73,,0.0,0,False
2026-03-20 14:25:00+00:00,,,,,,,,0.73,0.73,,0.0,0,False
2026-03-20 14:25:30+00:00,,,,,,,,0.73,0.73,,0.0,0,False
2026-03-20 14:26:00+00:00,,,,,,,,0.73,0.73,,0.0,0,False
2026-03-20 14:26:30+00:00,,,,,,,,0.73,0.73,,0.0,0,False
2026-03-20 14:27:00+00:00,,,,,,,,0.73,0.73,,0.0,0,False
2026-03-20 14:27:30+00:00,,,,,,,,0.73,0.73,,0.0,0,False
2026-03-20 14:28:00+00:00,,,,,,,,0.73,0.73,,0.0,0,False
2026-03-20 14:28:30+00:00,,,,,,,,0.73,0.73,,0.0,0,False
2026-03-20 14:29:00+00:00,,,,,,,,0.73,0.73,,0.0,0,False
2026-03-20 14:29:30+00:00,,,,,,,,0.73,0.73,,0.0,0,False
2026-03-20 14:30:00+00:00,,,,,,,,0.73,0.73,,0.0,0,False
2026-03-20 14:30:30+00:00,,,,,,,,0.73,0.73,,0.0,0,False
2026-03-20 14:31:00+00:00,,,,,,,,0.73,0.73,,0.0,0,False
2026-03-20 14:31:30+00:00,,,,,,,,0.73,0.73,,0.0,0,False
2026-03-20 14:32:00+00:00,,,,,,,,0.73,0.73,,0.0,0,False
2026-03-20 14:32:30+00:00,,,,,,,,0.73,0.73,,0.0,0,False
2026-03-20 14:33:00+00:00,,,,,,,,0.73,0.73,,0.0,0,False
2026-03-20 14:33:30+00:00,,,,,,,,0.73,0.73,,0.0,0,False
2026-03-20 14:34:00+00:00,,,,,,,,0.73,0.73,,0.0,0,False
2026-03-20 14:34:30+00:00,,,,,,,,0.73,0.73,,0.0,0,False
2026-03-20 14:35:00+00:00,,,,,,,,0.73,0.73,,0.0,0,False
2026-03-20 14:35:30+00:00,,,,,,,,0.73,0.73,,0.0,0,False
2026-03-20 14:36:00+00:00,,,,,,,,0.73,0.73,,0.0,0,False
2026-03-20 14:36:30+00:00,,,,,,,,0.73,0.73,,0.0,0,False
2026-03-20 14:37:00+00:00,,,,,,,,0.73,0.73,,0.0,0,False
2026-03-20 14:37:30+00:00,,,,,,,,0.71,0.71,,174.0,1,False
2026-03-20 14:38:00+00:00,,,,,,,,0.71,0.71,,0.0,0,False
2026-03-20 14:38:30+00:00,,,,,,,,0.71,0.71,,0.0,0,False
2026-03-20 14:39:00+00:00,,,,,,,,0.71,0.71,,0.0,0,False
2026-03-20 14:39:30+00:00,,,,,,,,0.71,0.71,,0.0,0,False
2026-03-20 14:40:00+00:00,,,,,,,,0.71,0.71,,0.0,0,False
2026-03-20 14:40:30+00:00,,,,,,,,0.71,0.71,,5.0,1,False
2026-03-20 14:41:00+00:00,,,,,,,,0.71,0.71,,0.0,0,False
2026-03-20 14:41:30+00:00,,,,,,,,0.71,0.71,,0.0,0,False
2026-03-20 14:42:00+00:00,,,,,,,,0.71,0.71,,0.0,0,False
2026-03-20 14:42:30+00:00,,,,,,,,0.71,0.71,,0.0,0,False
2026-03-20 14:43:00+00:00,,,,,,,,0.71,0.71,,0.0,0,False
2026-03-20 14:43:30+00:00,,,,,,,,0.71,0.71,,0.0,0,False
2026-03-20 14:44:00+00:00,,,,,,,,0.71,0.71,,0.0,0,False
2026-03-20 14:44:30+00:00,,,,,,,,0.71,0.71,,0.0,0,False
2026-03-20 14:45:00+00:00,,,,,,,,0.71,0.71,,0.0,0,False
2026-03-20 14:45:30+00:00,,,,,,,,0.71,0.71,,0.0,0,False
2026-03-20 14:46:00+00:00,,,,,,,,0.71,0.71,,0.0,0,False
2026-03-20 14:46:30+00:00,,,,,,,,0.71,0.71,,0.0,0,False
2026-03-20 14:47:00+00:00,,,,,,,,0.71,0.71,,0.0,0,False
2026-03-20 14:47:30+00:00,,,,,,,,0.71,0.71,,6.0,1,False
2026-03-20 14:48:00+00:00,,,,,,,,0.71,0.71,,0.0,0,False
2026-03-20 14:48:30+00:00,,,,,,,,0.71,0.71,,0.0,0,False
2026-03-20 14:49:00+00:00,,,,,,,,0.71,0.71,,0.0,0,False
2026-03-20 14:49:30+00:00,,,,,,,,0.71,0.71,,0.0,0,False
2026-03-20 14:50:00+00:00,,,,,,,,0.71,0.71,,0.0,0,False
2026-03-20 14:50:30+00:00,,,,,,,,0.71,0.71,,0.0,0,False
2026-03-20 14:51:00+00:00,,,,,,,,0.71,0.71,,0.0,0,False
2026-03-20 14:51:30+00:00,,,,,,,,0.71,0.71,,0.0,0,False
2026-03-20 14:52:00+00:00,,,,,,,,0.71,0.71,,0.0,0,False
2026-03-20 14:52:30+00:00,,,,,,,,0.71,0.71,,0.0,0,False
2026-03-20 14:53:00+00:00,,,,,,,,0.71,0.71,,0.0,0,False
2026-03-20 14:53:30+00:00,,,,,,,,0.71,0.71,,0.0,0,False
2026-03-20 14:54:00+00:00,,,,,,,,0.71,0.71,,0.0,0,False
2026-03-20 14:54:30+00:00,,,,,,,,0.71,0.71,,0.0,0,False
2026-03-20 14:55:00+00:00,,,,,,,,0.71,0.71,,0.0,0,False
2026-03-20 14:55:30+00:00,,,,,,,,0.71,0.71,,0.0,0,False
2026-03-20 14:56:00+00:00,,,,,,,,0.71,0.71,,0.0,0,False
2026-03-20 14:56:30+00:00,,,,,,,,0.71,0.71,,0.0,0,False
2026-03-20 14:57:00+00:00,,,,,,,,0.71,0.71,,0.0,0,False
2026-03-20 14:57:30+00:00,,,,,,,,0.71,0.71,,0.0,0,False
2026-03-20 14:58:00+00:00,,,,,,,,0.71,0.71,,0.0,0,False
2026-03-20 14:58:30+00:00,,,,,,,,0.71,0.71,,0.0,0,False
2026-03-20 14:59:00+00:00,,,,,,,,0.71,0.71,,0.0,0,False
2026-03-20 14:59:30+00:00,,,,,,,,0.71,0.71,,3.0,1,False
2026-03-20 15:00:00+00:00,,,,,,,,0.71,0.71,,0.0,0,False
2026-03-20 15:00:30+00:00,,,,,,,,0.71,0.71,,0.0,0,False
2026-03-20 15:01:00+00:00,,,,,,,,0.71,0.71,,0.0,0,False
2026-03-20 15:01:30+00:00,,,,,,,,0.71,0.71,,0.0,0,False
2026-03-20 15:02:00+00:00,,,,,,,,0.71,0.71,,0.0,0,False
2026-03-20 15:02:30+00:00,,,,,,,,0.71,0.71,,0.0,0,False
2026-03-20 15:03:00+00:00,,,,,,,,0.71,0.71,,0.0,0,False
2026-03-20 15:03:30+00:00,,,,,,,,0.71,0.71,,0.0,0,False
2026-03-20 15:04:00+00:00,,,,,,,,0.71,0.71,,0.0,0,False
2026-03-20 15:04:30+00:00,,,,,,,,0.71,0.71,,0.0,0,False
2026-03-20 15:05:00+00:00,,,,,,,,0.71,0.71,,0.0,0,False
2026-03-20 15:05:30+00:00,,,,,,,,0.71,0.71,,0.0,0,False
2026-03-20 15:06:00+00:00,,,,,,,,0.71,0.71,,0.0,0,False
2026-03-20 15:06:30+00:00,,,,,,,,0.71,0.71,,0.0,0,False
2026-03-20 15:07:00+00:00,,,,,,,,0.71,0.71,,0.0,0,False
2026-03-20 15:07:30+00:00,,,,,,,,0.73,0.73,,33.0,1,False
2026-03-20 15:08:00+00:00,,,,,,,,0.73,0.73,,0.0,0,False
2026-03-20 15:08:30+00:00,,,,,,,,0.73,0.73,,0.0,0,False
2026-03-20 15:09:00+00:00,,,,,,,,0.73,0.73,,0.0,0,False
2026-03-20 15:09:30+00:00,,,,,,,,0.73,0.73,,0.0,0,False
2026-03-20 15:10:00+00:00,,,,,,,,0.73,0.73,,0.0,0,False
2026-03-20 15:10:30+00:00,,,,,,,,0.71,0.71,,5.0,1,False
2026-03-20 15:11:00+00:00,,,,,,,,0.71,0.71,,0.0,0,False
2026-03-20 15:11:30+00:00,,,,,,,,0.71,0.71,,0.0,0,False
2026-03-20 15:12:00+00:00,,,,,,,,0.71,0.71,,0.0,0,False
2026-03-20 15:12:30+00:00,,,,,,,,0.73,0.73,,13.0,1,False
2026-03-20 15:13:00+00:00,,,,,,,,0.73,0.73,,0.0,0,False
2026-03-20 15:13:30+00:00,,,,,,,,0.73,0.73,,0.0,0,False
2026-03-20 15:14:00+00:00,,,,,,,,0.73,0.73,,0.0,0,False
2026-03-20 15:14:30+00:00,,,,,,,,0.73,0.73,,0.0,0,False
2026-03-20 15:15:00+00:00,,,,,,,,0.73,0.73,,0.0,0,False
2026-03-20 15:15:30+00:00,,,,,,,,0.73,0.73,,0.0,0,False
2026-03-20 15:16:00+00:00,,,,,,,,0.73,0.73,,0.0,0,False
2026-03-20 15:16:30+00:00,,,,,,,,0.73,0.73,,0.0,0,False
2026-03-20 15:17:00+00:00,,,,,,,,0.73,0.73,,0.0,0,False
2026-03-20 15:17:30+00:00,,,,,,,,0.73,0.73,,0.0,0,False
2026-03-20 15:18:00+00:00,,,,,,,,0.73,0.73,,0.0,0,False
2026-03-20 15:18:30+00:00,,,,,,,,0.73,0.73,,0.0,0,False
2026-03-20 15:19:00+00:00,,,,,,,,0.73,0.73,,0.0,0,False
2026-03-20 15:19:30+00:00,,,,,,,,0.73,0.73,,0.0,0,False
2026-03-20 15:20:00+00:00,,,,,,,,0.73,0.73,,0.0,0,False
2026-03-20 15:20:30+00:00,,,,,,,,0.71,0.71,,16.0,1,False
2026-03-20 15:21:00+00:00,,,,,,,,0.71,0.71,,0.0,0,False
2026-03-20 15:21:30+00:00,,,,,,,,0.71,0.71,,0.0,0,False
2026-03-20 15:22:00+00:00,,,,,,,,0.71,0.71,,0.0,0,False
2026-03-20 15:22:30+00:00,,,,,,,,0.71,0.71,,0.0,0,False
2026-03-20 15:23:00+00:00,,,,,,,,0.71,0.71,,0.0,0,False
2026-03-20 15:23:30+00:00,,,,,,,,0.71,0.71,,0.0,0,False
2026-03-20 15:24:00+00:00,,,,,,,,0.71,0.71,,0.0,0,False
2026-03-20 15:24:30+00:00,,,,,,,,0.71,0.71,,0.0,0,False
2026-03-20 15:25:00+00:00,,,,,,,,0.71,0.71,,0.0,0,False
2026-03-20 15:25:30+00:00,,,,,,,,0.71,0.71,,0.0,0,False
2026-03-20 15:26:00+00:00,,,,,,,,0.71,0.71,,0.0,0,False
2026-03-20 15:26:30+00:00,,,,,,,,0.71,0.71,,0.0,0,False
2026-03-20 15:27:00+00:00,,,,,,,,0.71,0.71,,0.0,0,False
2026-03-20 15:27:30+00:00,,,,,,,,0.71,0.71,,0.0,0,False
2026-03-20 15:28:00+00:00,,,,,,,,0.73,0.73,,2.0,1,False
2026-03-20 15:28:30+00:00,,,,,,,,0.71,0.71,,6.0,1,False
2026-03-20 15:29:00+00:00,,,,,,,,0.71,0.71,,0.0,0,False
2026-03-20 15:29:30+00:00,,,,,,,,0.71,0.71,,0.0,0,False
2026-03-20 15:30:00+00:00,,,,,,,,0.71,0.71,,0.0,0,False
2026-03-20 15:30:30+00:00,,,,,,,,0.71,0.71,,0.0,0,False
2026-03-20 15:31:00+00:00,,,,,,,,0.71,0.71,,0.0,0,False
2026-03-20 15:31:30+00:00,,,,,,,,0.71,0.71,,0.0,0,False
2026-03-20 15:32:00+00:00,,,,,,,,0.71,0.71,,0.0,0,False
2026-03-20 15:32:30+00:00,,,,,,,,0.71,0.71,,0.0,0,False
2026-03-20 15:33:00+00:00,,,,,,,,0.71,0.71,,0.0,0,False
2026-03-20 15:33:30+00:00,,,,,,,,0.71,0.71,,0.0,0,False
2026-03-20 15:34:00+00:00,,,,,,,,0.71,0.71,,0.0,0,False
2026-03-20 15:34:30+00:00,,,,,,,,0.71,0.71,,0.0,0,False
2026-03-20 15:35:00+00:00,,,,,,,,0.71,0.71,,0.0,0,False
2026-03-20 15:35:30+00:00,,,,,,,,0.71,0.71,,0.0,0,False
2026-03-20 15:36:00+00:00,,,,,,,,0.71,0.71,,0.0,0,False
2026-03-20 15:36:30+00:00,,,,,,,,0.71,0.71,,0.0,0,False
2026-03-20 15:37:00+00:00,,,,,,,,0.71,0.71,,0.0,0,False
2026-03-20 15:37:30+00:00,,,,,,,,0.71,0.71,,0.0,0,False
2026-03-20 15:38:00+00:00,,,,,,,,0.71,0.71,,0.0,0,False
2026-03-20 15:38:30+00:00,,,,,,,,0.71,0.71,,0.0,0,False
2026-03-20 15:39:00+00:00,,,,,,,,0.71,0.71,,0.0,0,False
2026-03-20 15:39:30+00:00,,,,,,,,0.71,0.71,,0.0,0,False
2026-03-20 15:40:00+00:00,,,,,,,,0.71,0.71,,0.0,0,False
2026-03-20 15:40:30+00:00,,,,,,,,0.71,0.71,,5.0,1,False
2026-03-20 15:41:00+00:00,,,,,,,,0.71,0.71,,0.0,0,False
2026-03-20 15:41:30+00:00,,,,,,,,0.71,0.71,,0.0,0,False
2026-03-20 15:42:00+00:00,,,,,,,,0.71,0.71,,0.0,0,False
2026-03-20 15:42:30+00:00,,,,,,,,0.71,0.71,,0.0,0,False
2026-03-20 15:43:00+00:00,,,,,,,,0.71,0.71,,0.0,0,False
2026-03-20 15:43:30+00:00,,,,,,,,0.71,0.71,,0.0,0,False
2026-03-20 15:44:00+00:00,,,,,,,,0.71,0.71,,0.0,0,False
2026-03-20 15:44:30+00:00,,,,,,,,0.71,0.71,,0.0,0,False
2026-03-20 15:45:00+00:00,,,,,,,,0.71,0.71,,0.0,0,False
2026-03-20 15:45:30+00:00,,,,,,,,0.71,0.71,,0.0,0,False
2026-03-20 15:46:00+00:00,,,,,,,,0.71,0.71,,0.0,0,False
2026-03-20 15:46:30+00:00,,,,,,,,0.71,0.71,,0.0,0,False
2026-03-20 15:47:00+00:00,,,,,,,,0.71,0.71,,0.0,0,False
2026-03-20 15:47:30+00:00,,,,,,,,0.71,0.71,,0.0,0,False
2026-03-20 15:48:00+00:00,,,,,,,,0.71,0.71,,0.0,0,False
2026-03-20 15:48:30+00:00,,,,,,,,0.71,0.71,,0.0,0,False
2026-03-20 15:49:00+00:00,,,,,,,,0.71,0.71,,0.0,0,False
2026-03-20 15:49:30+00:00,,,,,,,,0.71,0.71,,0.0,0,False
2026-03-20 15:50:00+00:00,,,,,,,,0.71,0.71,,0.0,0,False
2026-03-20 15:50:30+00:00,,,,,,,,0.71,0.71,,0.0,0,False
2026-03-20 15:51:00+00:00,,,,,,,,0.71,0.71,,0.0,0,False
2026-03-20 15:51:30+00:00,,,,,,,,0.71,0.71,,0.0,0,False
2026-03-20 15:52:00+00:00,,,,,,,,0.71,0.71,,0.0,0,False
2026-03-20 15:52:30+00:00,,,,,,,,0.71,0.71,,0.0,0,False
2026-03-20 15:53:00+00:00,,,,,,,,0.71,0.71,,0.0,0,False
2026-03-20 15:53:30+00:00,,,,,,,,0.71,0.71,,0.0,0,False
2026-03-20 15:54:00+00:00,,,,,,,,0.71,0.71,,65.0,1,False
2026-03-20 15:54:30+00:00,,,,,,,,0.71,0.71,,0.0,0,False
2026-03-20 15:55:00+00:00,,,,,,,,0.71,0.71,,0.0,0,False
2026-03-20 15:55:30+00:00,,,,,,,,0.71,0.71,,12.0,1,False
2026-03-20 15:56:00+00:00,,,,,,,,0.71,0.71,,0.0,0,False
2026-03-20 15:56:30+00:00,,,,,,,,0.71,0.71,,0.0,0,False
2026-03-20 15:57:00+00:00,,,,,,,,0.71,0.71,,0.0,0,False
2026-03-20 15:57:30+00:00,,,,,,,,0.71,0.71,,0.0,0,False
2026-03-20 15:58:00+00:00,,,,,,,,0.71,0.71,,0.0,0,False
2026-03-20 15:58:30+00:00,,,,,,,,0.71,0.71,,0.0,0,False
2026-03-20 15:59:00+00:00,,,,,,,,0.71,0.71,,0.0,0,False
2026-03-20 15:59:30+00:00,,,,,,,,0.71,0.71,,0.0,0,False
2026-03-20 16:00:00+00:00,,,,,,,,0.71,0.71,,0.0,0,False
2026-03-20 16:00:30+00:00,,,,,,,,0.71,0.71,,0.0,0,False
2026-03-20 16:01:00+00:00,,,,,,,,0.71,0.71,,0.0,0,False
2026-03-20 16:01:30+00:00,,,,,,,,0.71,0.71,,0.0,0,False
2026-03-20 16:02:00+00:00,,,,,,,,0.71,0.71,,0.0,0,False
2026-03-20 16:02:30+00:00,,,,,,,,0.71,0.71,,0.0,0,False
2026-03-20 16:03:00+00:00,,,,,,,,0.71,0.71,,0.0,0,False
2026-03-20 16:03:30+00:00,,,,,,,,0.71,0.71,,0.0,0,False
2026-03-20 16:04:00+00:00,,,,,,,,0.73,0.73,,6.0,1,False
2026-03-20 16:04:30+00:00,,,,,,,,0.71,0.71,,19.0,1,False
2026-03-20 16:05:00+00:00,,,,,,,,0.71,0.71,,0.0,0,False
2026-03-20 16:05:30+00:00,,,,,,,,0.71,0.71,,0.0,0,False
2026-03-20 16:06:00+00:00,,,,,,,,0.71,0.71,,0.0,0,False
2026-03-20 16:06:30+00:00,,,,,,,,0.71,0.71,,0.0,0,False
2026-03-20 16:07:00+00:00,,,,,,,,0.71,0.71,,0.0,0,False
2026-03-20 16:07:30+00:00,,,,,,,,0.71,0.71,,0.0,0,False
2026-03-20 16:08:00+00:00,,,,,,,,0.71,0.71,,0.0,0,False
2026-03-20 16:08:30+00:00,,,,,,,,0.71,0.71,,0.0,0,False
2026-03-20 16:09:00+00:00,,,,,,,,0.71,0.71,,0.0,0,False
2026-03-20 16:09:30+00:00,,,,,,,,0.71,0.71,,0.0,0,False
2026-03-20 16:10:00+00:00,,,,,,,,0.71,0.71,,0.0,0,False
2026-03-20 16:10:30+00:00,,,,,,,,0.71,0.71,,5.0,1,False
2026-03-20 16:11:00+00:00,,,,,,,,0.71,0.71,,0.0,0,False
2026-03-20 16:11:30+00:00,,,,,,,,0.71,0.71,,0.0,0,False
2026-03-20 16:12:00+00:00,,,,,,,,0.71,0.71,,0.0,0,False
2026-03-20 16:12:30+00:00,,,,,,,,0.71,0.71,,0.0,0,False
2026-03-20 16:13:00+00:00,,,,,,,,0.71,0.71,,0.0,0,False
2026-03-20 16:13:30+00:00,,,,,,,,0.71,0.71,,0.0,0,False
2026-03-20 16:14:00+00:00,,,,,,,,0.71,0.71,,0.0,0,False
2026-03-20 16:14:30+00:00,,,,,,,,0.71,0.71,,0.0,0,False
2026-03-20 16:15:00+00:00,,,,,,,,0.71,0.71,,12.0,1,False
2026-03-20 16:15:30+00:00,,,,,,,,0.71,0.71,,0.0,0,False
2026-03-20 16:16:00+00:00,,,,,,,,0.71,0.71,,0.0,0,False
2026-03-20 16:16:30+00:00,,,,,,,,0.71,0.71,,0.0,0,False
2026-03-20 16:17:00+00:00,,,,,,,,0.71,0.71,,0.0,0,False
2026-03-20 16:17:30+00:00,,,,,,,,0.71,0.71,,0.0,0,False
2026-03-20 16:18:00+00:00,,,,,,,,0.71,0.71,,0.0,0,False
2026-03-20 16:18:30+00:00,,,,,,,,0.71,0.71,,0.0,0,False
2026-03-20 16:19:00+00:00,,,,,,,,0.71,0.71,,0.0,0,False
2026-03-20 16:19:30+00:00,,,,,,,,0.71,0.71,,0.0,0,False
2026-03-20 16:20:00+00:00,,,,,,,,0.71,0.71,,0.0,0,False
2026-03-20 16:20:30+00:00,,,,,,,,0.71,0.71,,0.0,0,False
2026-03-20 16:21:00+00:00,,,,,,,,0.71,0.71,,0.0,0,False
2026-03-20 16:21:30+00:00,,,,,,,,0.71,0.71,,0.0,0,False
2026-03-20 16:22:00+00:00,,,,,,,,0.71,0.71,,0.0,0,False
2026-03-20 16:22:30+00:00,,,,,,,,0.71,0.71,,0.0,0,False
2026-03-20 16:23:00+00:00,,,,,,,,0.71,0.71,,0.0,0,False
2026-03-20 16:23:30+00:00,,,,,,,,0.71,0.71,,0.0,0,False
2026-03-20 16:24:00+00:00,,,,,,,,0.71,0.71,,0.0,0,False
2026-03-20 16:24:30+00:00,,,,,,,,0.71,0.71,,0.0,0,False
2026-03-20 16:25:00+00:00,,,,,,,,0.71,0.71,,0.0,0,False
2026-03-20 16:25:30+00:00,,,,,,,,0.71,0.71,,0.0,0,False
2026-03-20 16:26:00+00:00,,,,,,,,0.71,0.71,,0.0,0,False
2026-03-20 16:26:30+00:00,,,,,,,,0.71,0.71,,0.0,0,False
2026-03-20 16:27:00+00:00,,,,,,,,0.71,0.71,,0.0,0,False
2026-03-20 16:27:30+00:00,,,,,,,,0.71,0.71,,0.0,0,False
2026-03-20 16:28:00+00:00,,,,,,,,0.71,0.71,,0.0,0,False
2026-03-20 16:28:30+00:00,,,,,,,,0.71,0.71,,0.0,0,False
2026-03-20 16:29:00+00:00,,,,,,,,0.71,0.71,,0.0,0,False
2026-03-20 16:29:30+00:00,,,,,,,,0.71,0.71,,0.0,0,False
2026-03-20 16:30:00+00:00,,,,,,,,0.71,0.71,,0.0,0,False
2026-03-20 16:30:30+00:00,,,,,,,,0.71,0.71,,0.0,0,False
2026-03-20 16:31:00+00:00,,,,,,,,0.71,0.71,,0.0,0,False
2026-03-20 16:31:30+00:00,,,,,,,,0.71,0.71,,0.0,0,False
2026-03-20 16:32:00+00:00,,,,,,,,0.71,0.71,,0.0,0,False
2026-03-20 16:32:30+00:00,,,,,,,,0.71,0.71,,0.0,0,False
2026-03-20 16:33:00+00:00,,,,,,,,0.71,0.71,,34.0,1,False
2026-03-20 16:33:30+00:00,,,,,,,,0.71,0.71,,0.0,0,False
2026-03-20 16:34:00+00:00,,,,,,,,0.71,0.71,,0.0,0,False
2026-03-20 16:34:30+00:00,,,,,,,,0.71,0.71,,0.0,0,False
2026-03-20 16:35:00+00:00,,,,,,,,0.71,0.71,,0.0,0,False
2026-03-20 16:35:30+00:00,,,,,,,,0.71,0.71,,0.0,0,False
2026-03-20 16:36:00+00:00,,,,,,,,0.71,0.71,,0.0,0,False
2026-03-20 16:36:30+00:00,,,,,,,,0.71,0.71,,0.0,0,False
2026-03-20 16:37:00+00:00,,,,,,,,0.71,0.71,,0.0,0,False
2026-03-20 16:37:30+00:00,,,,,,,,0.71,0.71,,0.0,0,False
2026-03-20 16:38:00+00:00,,,,,,,,0.71,0.71,,0.0,0,False
2026-03-20 16:38:30+00:00,,,,,,,,0.71,0.71,,0.0,0,False
2026-03-20 16:39:00+00:00,,,,,,,,0.71,0.71,,0.0,0,False
2026-03-20 16:39:30+00:00,,,,,,,,0.71,0.71,,0.0,0,False
2026-03-20 16:40:00+00:00,,,,,,,,0.71,0.71,,0.0,0,False
2026-03-20 16:40:30+00:00,,,,,,,,0.71,0.71,,5.0,1,False
2026-03-20 16:41:00+00:00,,,,,,,,0.71,0.71,,0.0,0,False
2026-03-20 16:41:30+00:00,,,,,,,,0.71,0.71,,0.0,0,False
2026-03-20 16:42:00+00:00,,,,,,,,0.71,0.71,,0.0,0,False
2026-03-20 16:42:30+00:00,,,,,,,,0.71,0.71,,0.0,0,False
2026-03-20 16:43:00+00:00,,,,,,,,0.71,0.71,,0.0,0,False
2026-03-20 16:43:30+00:00,,,,,,,,0.71,0.71,,0.0,0,False
2026-03-20 16:44:00+00:00,,,,,,,,0.71,0.71,,0.0,0,False
2026-03-20 16:44:30+00:00,,,,,,,,0.71,0.71,,0.0,0,False
2026-03-20 16:45:00+00:00,,,,,,,,0.71,0.71,,0.0,0,False
2026-03-20 16:45:30+00:00,,,,,,,,0.71,0.71,,0.0,0,False
2026-03-20 16:46:00+00:00,,,,,,,,0.71,0.71,,0.0,0,False
2026-03-20 16:46:30+00:00,,,,,,,,0.71,0.71,,0.0,0,False
2026-03-20 16:47:00+00:00,,,,,,,,0.71,0.71,,0.0,0,False
2026-03-20 16:47:30+00:00,,,,,,,,0.71,0.71,,0.0,0,False
2026-03-20 16:48:00+00:00,,,,,,,,0.71,0.71,,0.0,0,False
2026-03-20 16:48:30+00:00,,,,,,,,0.71,0.71,,0.0,0,False
2026-03-20 16:49:00+00:00,,,,,,,,0.71,0.71,,0.0,0,False
2026-03-20 16:49:30+00:00,,,,,,,,0.71,0.71,,0.0,0,False
2026-03-20 16:50:00+00:00,,,,,,,,0.71,0.71,,0.0,0,False
2026-03-20 16:50:30+00:00,,,,,,,,0.71,0.71,,0.0,0,False
2026-03-20 16:51:00+00:00,,,,,,,,0.71,0.71,,0.0,0,False
2026-03-20 16:51:30+00:00,,,,,,,,0.71,0.71,,0.0,0,False
2026-03-20 16:52:00+00:00,,,,,,,,0.71,0.71,,0.0,0,False
2026-03-20 16:52:30+00:00,,,,,,,,0.71,0.71,,0.0,0,False
2026-03-20 16:53:00+00:00,,,,,,,,0.71,0.71,,0.0,0,False
2026-03-20 16:53:30+00:00,,,,,,,,0.71,0.71,,0.0,0,False
2026-03-20 16:54:00+00:00,,,,,,,,0.71,0.71,,0.0,0,False
2026-03-20 16:54:30+00:00,,,,,,,,0.71,0.71,,0.0,0,False
2026-03-20 16:55:00+00:00,,,,,,,,0.71,0.71,,0.0,0,False
2026-03-20 16:55:30+00:00,,,,,,,,0.71,0.71,,0.0,0,False
2026-03-20 16:56:00+00:00,,,,,,,,0.71,0.71,,0.0,0,False
2026-03-20 16:56:30+00:00,,,,,,,,0.71,0.71,,0.0,0,False
2026-03-20 16:57:00+00:00,,,,,,,,0.71,0.71,,0.0,0,False
2026-03-20 16:57:30+00:00,,,,,,,,0.71,0.71,,0.0,0,False
2026-03-20 16:58:00+00:00,,,,,,,,0.71,0.71,,0.0,0,False
2026-03-20 16:58:30+00:00,,,,,,,,0.71,0.71,,0.0,0,False
2026-03-20 16:59:00+00:00,,,,,,,,0.71,0.71,,0.0,0,False
2026-03-20 16:59:30+00:00,,,,,,,,0.71,0.71,,0.0,0,False
2026-03-20 17:00:00+00:00,,,,,,,,0.71,0.71,,0.0,0,False
2026-03-20 17:00:30+00:00,,,,,,,,0.71,0.71,,0.0,0,False
2026-03-20 17:01:00+00:00,,,,,,,,0.71,0.71,,0.0,0,False
2026-03-20 17:01:30+00:00,,,,,,,,0.71,0.71,,0.0,0,False
2026-03-20 17:02:00+00:00,,,,,,,,0.71,0.71,,0.0,0,False
2026-03-20 17:02:30+00:00,,,,,,,,0.71,0.71,,0.0,0,False
2026-03-20 17:03:00+00:00,,,,,,,,0.71,0.71,,0.0,0,False
2026-03-20 17:03:30+00:00,,,,,,,,0.71,0.71,,0.0,0,False
2026-03-20 17:04:00+00:00,,,,,,,,0.71,0.71,,0.0,0,False
2026-03-20 17:04:30+00:00,,,,,,,,0.71,0.71,,0.0,0,False
2026-03-20 17:05:00+00:00,,,,,,,,0.71,0.71,,0.0,0,False
2026-03-20 17:05:30+00:00,,,,,,,,0.71,0.71,,0.0,0,False
2026-03-20 17:06:00+00:00,,,,,,,,0.71,0.71,,0.0,0,False
2026-03-20 17:06:30+00:00,,,,,,,,0.71,0.71,,0.0,0,False
2026-03-20 17:07:00+00:00,,,,,,,,0.71,0.71,,0.0,0,False
2026-03-20 17:07:30+00:00,,,,,,,,0.71,0.71,,0.0,0,False
2026-03-20 17:08:00+00:00,,,,,,,,0.71,0.71,,0.0,0,False
2026-03-20 17:08:30+00:00,,,,,,,,0.71,0.71,,0.0,0,False
2026-03-20 17:09:00+00:00,,,,,,,,0.71,0.71,,0.0,0,False
2026-03-20 17:09:30+00:00,,,,,,,,0.71,0.71,,28.0,1,False
2026-03-20 17:10:00+00:00,,,,,,,,0.71,0.71,,0.0,0,False
2026-03-20 17:10:30+00:00,,,,,,,,0.71,0.71,,5.0,1,False
2026-03-20 17:11:00+00:00,,,,,,,,0.71,0.71,,0.0,0,False
2026-03-20 17:11:30+00:00,,,,,,,,0.71,0.71,,0.0,0,False
2026-03-20 17:12:00+00:00,,,,,,,,0.71,0.71,,0.0,0,False
2026-03-20 17:12:30+00:00,,,,,,,,0.71,0.71,,0.0,0,False
2026-03-20 17:13:00+00:00,,,,,,,,0.71,0.71,,0.0,0,False
2026-03-20 17:13:30+00:00,,,,,,,,0.71,0.71,,0.0,0,False
2026-03-20 17:14:00+00:00,,,,,,,,0.71,0.71,,0.0,0,False
2026-03-20 17:14:30+00:00,,,,,,,,0.71,0.71,,0.0,0,False
2026-03-20 17:15:00+00:00,,,,,,,,0.71,0.71,,0.0,0,False
2026-03-20 17:15:30+00:00,,,,,,,,0.71,0.71,,0.0,0,False
2026-03-20 17:16:00+00:00,,,,,,,,0.71,0.71,,0.0,0,False
2026-03-20 17:16:30+00:00,,,,,,,,0.71,0.71,,0.0,0,False
2026-03-20 17:17:00+00:00,,,,,,,,0.71,0.71,,0.0,0,False
2026-03-20 17:17:30+00:00,,,,,,,,0.71,0.71,,0.0,0,False
2026-03-20 17:18:00+00:00,,,,,,,,0.71,0.71,,0.0,0,False
2026-03-20 17:18:30+00:00,,,,,,,,0.71,0.71,,0.0,0,False
2026-03-20 17:19:00+00:00,,,,,,,,0.71,0.71,,0.0,0,False
2026-03-20 17:19:30+00:00,,,,,,,,0.71,0.71,,0.0,0,False
2026-03-20 17:20:00+00:00,,,,,,,,0.71,0.71,,0.0,0,False
2026-03-20 17:20:30+00:00,,,,,,,,0.71,0.71,,0.0,0,False
2026-03-20 17:21:00+00:00,,,,,,,,0.71,0.71,,0.0,0,False
2026-03-20 17:21:30+00:00,,,,,,,,0.71,0.71,,0.0,0,False
2026-03-20 17:22:00+00:00,,,,,,,,0.71,0.71,,0.0,0,False
2026-03-20 17:22:30+00:00,,,,,,,,0.71,0.71,,0.0,0,False
2026-03-20 17:23:00+00:00,,,,,,,,0.71,0.71,,0.0,0,False
2026-03-20 17:23:30+00:00,,,,,,,,0.71,0.71,,0.0,0,False
2026-03-20 17:24:00+00:00,,,,,,,,0.71,0.71,,0.0,0,False
2026-03-20 17:24:30+00:00,,,,,,,,0.71,0.71,,0.0,0,False
2026-03-20 17:25:00+00:00,,,,,,,,0.71,0.71,,0.0,0,False
2026-03-20 17:25:30+00:00,,,,,,,,0.71,0.71,,0.0,0,False
2026-03-20 17:26:00+00:00,,,,,,,,0.71,0.71,,0.0,0,False
2026-03-20 17:26:30+00:00,,,,,,,,0.71,0.71,,0.0,0,False
2026-03-20 17:27:00+00:00,,,,,,,,0.71,0.71,,0.0,0,False
2026-03-20 17:27:30+00:00,,,,,,,,0.71,0.71,,0.0,0,False
2026-03-20 17:28:00+00:00,,,,,,,,0.71,0.71,,0.0,0,False
2026-03-20 17:28:30+00:00,,,,,,,,0.71,0.71,,0.0,0,False
2026-03-20 17:29:00+00:00,,,,,,,,0.71,0.71,,0.0,0,False
2026-03-20 17:29:30+00:00,,,,,,,,0.71,0.71,,0.0,0,False
2026-03-20 17:30:00+00:00,,,,,,,,0.71,0.71,,0.0,0,False
2026-03-20 17:30:30+00:00,,,,,,,,0.71,0.71,,0.0,0,False
2026-03-20 17:31:00+00:00,,,,,,,,0.71,0.71,,0.0,0,False
2026-03-20 17:31:30+00:00,,,,,,,,0.71,0.71,,0.0,0,False
2026-03-20 17:32:00+00:00,,,,,,,,0.71,0.71,,0.0,0,False
2026-03-20 17:32:30+00:00,,,,,,,,0.71,0.71,,0.0,0,False
2026-03-20 17:33:00+00:00,,,,,,,,0.71,0.71,,0.0,0,False
2026-03-20 17:33:30+00:00,,,,,,,,0.71,0.71,,0.0,0,False
2026-03-20 17:34:00+00:00,,,,,,,,0.71,0.71,,0.0,0,False
2026-03-20 17:34:30+00:00,,,,,,,,0.71,0.71,,0.0,0,False
2026-03-20 17:35:00+00:00,,,,,,,,0.71,0.71,,0.0,0,False
2026-03-20 17:35:30+00:00,,,,,,,,0.71,0.71,,0.0,0,False
2026-03-20 17:36:00+00:00,,,,,,,,0.71,0.71,,0.0,0,False
2026-03-20 17:36:30+00:00,,,,,,,,0.71,0.71,,0.0,0,False
2026-03-20 17:37:00+00:00,,,,,,,,0.71,0.71,,0.0,0,False
2026-03-20 17:37:30+00:00,,,,,,,,0.71,0.71,,0.0,0,False
2026-03-20 17:38:00+00:00,,,,,,,,0.71,0.71,,0.0,0,False
2026-03-20 17:38:30+00:00,,,,,,,,0.71,0.71,,0.0,0,False
2026-03-20 17:39:00+00:00,,,,,,,,0.71,0.71,,0.0,0,False
2026-03-20 17:39:30+00:00,,,,,,,,0.71,0.71,,0.0,0,False
2026-03-20 17:40:00+00:00,,,,,,,,0.71,0.71,,0.0,0,False
2026-03-20 17:40:30+00:00,,,,,,,,0.71,0.71,,5.0,2,False
2026-03-20 17:41:00+00:00,,,,,,,,0.71,0.71,,0.0,0,False
2026-03-20 17:41:30+00:00,,,,,,,,0.71,0.71,,0.0,0,False
2026-03-20 17:42:00+00:00,,,,,,,,0.71,0.71,,0.0,0,False
2026-03-20 17:42:30+00:00,,,,,,,,0.71,0.71,,0.0,0,False
2026-03-20 17:43:00+00:00,,,,,,,,0.71,0.71,,0.0,0,False
2026-03-20 17:43:30+00:00,,,,,,,,0.71,0.71,,0.0,0,False
2026-03-20 17:44:00+00:00,,,,,,,,0.71,0.71,,0.0,0,False
2026-03-20 17:44:30+00:00,,,,,,,,0.71,0.71,,0.0,0,False
2026-03-20 17:45:00+00:00,,,,,,,,0.71,0.71,,0.0,0,False
2026-03-20 17:45:30+00:00,,,,,,,,0.71,0.71,,0.0,0,False
2026-03-20 17:46:00+00:00,,,,,,,,0.71,0.71,,0.0,0,False
2026-03-20 17:46:30+00:00,,,,,,,,0.71,0.71,,0.0,0,False
2026-03-20 17:47:00+00:00,,,,,,,,0.71,0.71,,0.0,0,False
2026-03-20 17:47:30+00:00,,,,,,,,0.71,0.71,,0.0,0,False
2026-03-20 17:48:00+00:00,,,,,,,,0.71,0.71,,0.0,0,False
2026-03-20 17:48:30+00:00,,,,,,,,0.71,0.71,,0.0,0,False
2026-03-20 17:49:00+00:00,,,,,,,,0.71,0.71,,0.0,0,False
2026-03-20 17:49:30+00:00,,,,,,,,0.71,0.71,,0.0,0,False
2026-03-20 17:50:00+00:00,,,,,,,,0.71,0.71,,0.0,0,False
2026-03-20 17:50:30+00:00,,,,,,,,0.71,0.71,,0.0,0,False
2026-03-20 17:51:00+00:00,,,,,,,,0.71,0.71,,0.0,0,False
2026-03-20 17:51:30+00:00,,,,,,,,0.71,0.71,,0.0,0,False
2026-03-20 17:52:00+00:00,,,,,,,,0.71,0.71,,0.0,0,False
2026-03-20 17:52:30+00:00,,,,,,,,0.71,0.71,,0.0,0,False
2026-03-20 17:53:00+00:00,,,,,,,,0.71,0.71,,0.0,0,False
2026-03-20 17:53:30+00:00,,,,,,,,0.71,0.71,,0.0,0,False
2026-03-20 17:54:00+00:00,,,,,,,,0.71,0.71,,0.0,0,False
2026-03-20 17:54:30+00:00,,,,,,,,0.71,0.71,,0.0,0,False
2026-03-20 17:55:00+00:00,,,,,,,,0.71,0.71,,0.0,0,False
2026-03-20 17:55:30+00:00,,,,,,,,0.71,0.71,,0.0,0,False
2026-03-20 17:56:00+00:00,,,,,,,,0.71,0.71,,0.0,0,False
2026-03-20 17:56:30+00:00,,,,,,,,0.71,0.71,,0.0,0,False
2026-03-20 17:57:00+00:00,,,,,,,,0.71,0.71,,0.0,0,False
2026-03-20 17:57:30+00:00,,,,,,,,0.71,0.71,,0.0,0,False
2026-03-20 17:58:00+00:00,,,,,,,,0.71,0.71,,0.0,0,False
2026-03-20 17:58:30+00:00,,,,,,,,0.71,0.71,,32.0,2,False
2026-03-20 17:59:00+00:00,,,,,,,,0.71,0.71,,0.0,0,False
2026-03-20 17:59:30+00:00,,,,,,,,0.71,0.71,,0.0,0,False
2026-03-20 18:00:00+00:00,,,,,,,,0.71,0.71,,0.0,0,False
2026-03-20 18:00:30+00:00,,,,,,,,0.71,0.71,,0.0,0,False
2026-03-20 18:01:00+00:00,,,,,,,,0.71,0.71,,0.0,0,False
2026-03-20 18:01:30+00:00,,,,,,,,0.71,0.71,,0.0,0,False
2026-03-20 18:02:00+00:00,,,,,,,,0.71,0.71,,0.0,0,False
2026-03-20 18:02:30+00:00,,,,,,,,0.71,0.71,,0.0,0,False
2026-03-20 18:03:00+00:00,,,,,,,,0.7,0.7,,2.0,1,False
2026-03-20 18:03:30+00:00,,,,,,,,0.7,0.7,,0.0,0,False
2026-03-20 18:04:00+00:00,,,,,,,,0.7,0.7,,0.0,0,False
2026-03-20 18:04:30+00:00,,,,,,,,0.7399999999999999,0.74,,3.0,1,False
2026-03-20 18:05:00+00:00,,,,,,,,0.7399999999999999,0.74,,0.0,0,False
2026-03-20 18:05:30+00:00,,,,,,,,0.7399999999999999,0.74,,0.0,0,False
2026-03-20 18:06:00+00:00,,,,,,,,0.7399999999999999,0.74,,0.0,0,False
2026-03-20 18:06:30+00:00,,,,,,,,0.7399999999999999,0.74,,0.0,0,False
2026-03-20 18:07:00+00:00,,,,,,,,0.7399999999999999,0.74,,0.0,0,False
2026-03-20 18:07:30+00:00,,,,,,,,0.7399999999999999,0.74,,0.0,0,False
2026-03-20 18:08:00+00:00,,,,,,,,0.7399999999999999,0.74,,0.0,0,False
2026-03-20 18:08:30+00:00,,,,,,,,0.7399999999999999,0.74,,0.0,0,False
2026-03-20 18:09:00+00:00,,,,,,,,0.7399999999999999,0.74,,0.0,0,False
2026-03-20 18:09:30+00:00,,,,,,,,0.7399999999999999,0.74,,0.0,0,False
2026-03-20 18:10:00+00:00,,,,,,,,0.7399999999999999,0.74,,0.0,0,False
2026-03-20 18:10:30+00:00,,,,,,,,0.71,0.71,,5.0,1,False
2026-03-20 18:11:00+00:00,,,,,,,,0.71,0.71,,0.0,0,False
2026-03-20 18:11:30+00:00,,,,,,,,0.71,0.71,,0.0,0,False
2026-03-20 18:12:00+00:00,,,,,,,,0.71,0.71,,0.0,0,False
2026-03-20 18:12:30+00:00,,,,,,,,0.71,0.71,,0.0,0,False
2026-03-20 18:13:00+00:00,,,,,,,,0.71,0.71,,0.0,0,False
2026-03-20 18:13:30+00:00,,,,,,,,0.71,0.71,,0.0,0,False
2026-03-20 18:14:00+00:00,,,,,,,,0.71,0.71,,0.0,0,False
2026-03-20 18:14:30+00:00,,,,,,,,0.71,0.71,,0.0,0,False
2026-03-20 18:15:00+00:00,,,,,,,,0.71,0.71,,0.0,0,False
2026-03-20 18:15:30+00:00,,,,,,,,0.71,0.71,,0.0,0,False
2026-03-20 18:16:00+00:00,,,,,,,,0.71,0.71,,0.0,0,False
2026-03-20 18:16:30+00:00,,,,,,,,0.71,0.71,,0.0,0,False
2026-03-20 18:17:00+00:00,,,,,,,,0.71,0.71,,0.0,0,False
2026-03-20 18:17:30+00:00,,,,,,,,0.71,0.71,,0.0,0,False
2026-03-20 18:18:00+00:00,,,,,,,,0.71,0.71,,0.0,0,False
2026-03-20 18:18:30+00:00,,,,,,,,0.71,0.71,,0.0,0,False
2026-03-20 18:19:00+00:00,,,,,,,,0.71,0.71,,0.0,0,False
2026-03-20 18:19:30+00:00,,,,,,,,0.71,0.71,,0.0,0,False
2026-03-20 18:20:00+00:00,,,,,,,,0.71,0.71,,0.0,0,False
2026-03-20 18:20:30+00:00,,,,,,,,0.71,0.71,,0.0,0,False
2026-03-20 18:21:00+00:00,,,,,,,,0.71,0.71,,0.0,0,False
2026-03-20 18:21:30+00:00,,,,,,,,0.71,0.71,,0.0,0,False
2026-03-20 18:22:00+00:00,,,,,,,,0.71,0.71,,0.0,0,False
2026-03-20 18:22:30+00:00,,,,,,,,0.71,0.71,,16.0,1,False
2026-03-20 18:23:00+00:00,,,,,,,,0.71,0.71,,0.0,0,False
2026-03-20 18:23:30+00:00,,,,,,,,0.71,0.71,,0.0,0,False
2026-03-20 18:24:00+00:00,,,,,,,,0.71,0.71,,0.0,0,False
2026-03-20 18:24:30+00:00,,,,,,,,0.71,0.71,,0.0,0,False
2026-03-20 18:25:00+00:00,,,,,,,,0.71,0.71,,0.0,0,False
2026-03-20 18:25:30+00:00,,,,,,,,0.71,0.71,,0.0,0,False
2026-03-20 18:26:00+00:00,,,,,,,,0.71,0.71,,0.0,0,False
2026-03-20 18:26:30+00:00,,,,,,,,0.71,0.71,,0.0,0,False
2026-03-20 18:27:00+00:00,,,,,,,,0.71,0.71,,0.0,0,False
2026-03-20 18:27:30+00:00,,,,,,,,0.71,0.71,,0.0,0,False
2026-03-20 18:28:00+00:00,,,,,,,,0.71,0.71,,0.0,0,False
2026-03-20 18:28:30+00:00,,,,,,,,0.71,0.71,,0.0,0,False
2026-03-20 18:29:00+00:00,,,,,,,,0.71,0.71,,0.0,0,False
2026-03-20 18:29:30+00:00,,,,,,,,0.71,0.71,,0.0,0,False
2026-03-20 18:30:00+00:00,,,,,,,,0.71,0.71,,0.0,0,False
2026-03-20 18:30:30+00:00,,,,,,,,0.71,0.71,,0.0,0,False
2026-03-20 18:31:00+00:00,,,,,,,,0.71,0.71,,0.0,0,False
2026-03-20 18:31:30+00:00,,,,,,,,0.71,0.71,,0.0,0,False
2026-03-20 18:32:00+00:00,,,,,,,,0.71,0.71,,0.0,0,False
2026-03-20 18:32:30+00:00,,,,,,,,0.71,0.71,,0.0,0,False
2026-03-20 18:33:00+00:00,,,,,,,,0.71,0.71,,0.0,0,False
2026-03-20 18:33:30+00:00,,,,,,,,0.71,0.71,,0.0,0,False
2026-03-20 18:34:00+00:00,,,,,,,,0.71,0.71,,0.0,0,False
2026-03-20 18:34:30+00:00,,,,,,,,0.71,0.71,,0.0,0,False
2026-03-20 18:35:00+00:00,,,,,,,,0.71,0.71,,0.0,0,False
2026-03-20 18:35:30+00:00,,,,,,,,0.71,0.71,,0.0,0,False
2026-03-20 18:36:00+00:00,,,,,,,,0.71,0.71,,0.0,0,False
2026-03-20 18:36:30+00:00,,,,,,,,0.71,0.71,,0.0,0,False
2026-03-20 18:37:00+00:00,,,,,,,,0.71,0.71,,0.0,0,False
2026-03-20 18:37:30+00:00,,,,,,,,0.71,0.71,,0.0,0,False
2026-03-20 18:38:00+00:00,,,,,,,,0.71,0.71,,0.0,0,False
2026-03-20 18:38:30+00:00,,,,,,,,0.71,0.71,,0.0,0,False
2026-03-20 18:39:00+00:00,,,,,,,,0.71,0.71,,0.0,0,False
2026-03-20 18:39:30+00:00,,,,,,,,0.71,0.71,,0.0,0,False
2026-03-20 18:40:00+00:00,,,,,,,,0.71,0.71,,0.0,0,False
2026-03-20 18:40:30+00:00,,,,,,,,0.71,0.71,,5.0,1,False
2026-03-20 18:41:00+00:00,,,,,,,,0.71,0.71,,0.0,0,False
2026-03-20 18:41:30+00:00,,,,,,,,0.71,0.71,,0.0,0,False
2026-03-20 18:42:00+00:00,,,,,,,,0.71,0.71,,0.0,0,False
2026-03-20 18:42:30+00:00,,,,,,,,0.73,0.73,,13.0,2,False
2026-03-20 18:43:00+00:00,,,,,,,,0.73,0.73,,0.0,0,False
2026-03-20 18:43:30+00:00,,,,,,,,0.73,0.73,,0.0,0,False
2026-03-20 18:44:00+00:00,,,,,,,,0.73,0.73,,0.0,0,False
2026-03-20 18:44:30+00:00,,,,,,,,0.73,0.73,,0.0,0,False
2026-03-20 18:45:00+00:00,,,,,,,,0.73,0.73,,0.0,0,False
2026-03-20 18:45:30+00:00,,,,,,,,0.73,0.73,,0.0,0,False
2026-03-20 18:46:00+00:00,,,,,,,,0.73,0.73,,0.0,0,False
2026-03-20 18:46:30+00:00,,,,,,,,0.73,0.73,,0.0,0,False
2026-03-20 18:47:00+00:00,,,,,,,,0.73,0.73,,33.0,3,False
2026-03-20 18:47:30+00:00,,,,,,,,0.73,0.73,,0.0,0,False
2026-03-20 18:48:00+00:00,,,,,,,,0.73,0.73,,0.0,0,False
2026-03-20 18:48:30+00:00,,,,,,,,0.73,0.73,,0.0,0,False
2026-03-20 18:49:00+00:00,,,,,,,,0.73,0.73,,0.0,0,False
2026-03-20 18:49:30+00:00,,,,,,,,0.73,0.73,,0.0,0,False
2026-03-20 18:50:00+00:00,,,,,,,,0.73,0.73,,0.0,0,False
2026-03-20 18:50:30+00:00,,,,,,,,0.73,0.73,,1.0,1,False
2026-03-20 18:51:00+00:00,,,,,,,,0.73,0.73,,0.0,0,False
2026-03-20 18:51:30+00:00,,,,,,,,0.73,0.73,,0.0,0,False
2026-03-20 18:52:00+00:00,,,,,,,,0.73,0.73,,0.0,0,False
2026-03-20 18:52:30+00:00,,,,,,,,0.73,0.73,,0.0,0,False
2026-03-20 18:53:00+00:00,,,,,,,,0.73,0.73,,0.0,0,False
2026-03-20 18:53:30+00:00,,,,,,,,0.73,0.73,,0.0,0,False
2026-03-20 18:54:00+00:00,,,,,,,,0.73,0.73,,0.0,0,False
2026-03-20 18:54:30+00:00,,,,,,,,0.73,0.73,,0.0,0,False
2026-03-20 18:55:00+00:00,,,,,,,,0.73,0.73,,0.0,0,False
2026-03-20 18:55:30+00:00,,,,,,,,0.73,0.73,,0.0,0,False
2026-03-20 18:56:00+00:00,,,,,,,,0.73,0.73,,0.0,0,False
2026-03-20 18:56:30+00:00,,,,,,,,0.7300000000000001,0.73,,14.0,2,False
2026-03-20 18:57:00+00:00,,,,,,,,0.7300000000000001,0.73,,0.0,0,False
2026-03-20 18:57:30+00:00,,,,,,,,0.7300000000000001,0.73,,0.0,0,False
2026-03-20 18:58:00+00:00,,,,,,,,0.7300000000000001,0.73,,0.0,0,False
2026-03-20 18:58:30+00:00,,,,,,,,0.7300000000000001,0.73,,0.0,0,False
2026-03-20 18:59:00+00:00,,,,,,,,0.7300000000000001,0.73,,0.0,0,False
2026-03-20 18:59:30+00:00,,,,,,,,0.7300000000000001,0.73,,0.0,0,False
2026-03-20 19:00:00+00:00,,,,,,,,0.7300000000000001,0.73,,0.0,0,False
2026-03-20 19:00:30+00:00,,,,,,,,0.7300000000000001,0.73,,0.0,0,False
2026-03-20 19:01:00+00:00,,,,,,,,0.7300000000000001,0.73,,0.0,0,False
2026-03-20 19:01:30+00:00,,,,,,,,0.7300000000000001,0.73,,0.0,0,False
2026-03-20 19:02:00+00:00,,,,,,,,0.7300000000000001,0.73,,0.0,0,False
2026-03-20 19:02:30+00:00,,,,,,,,0.7300000000000001,0.73,,0.0,0,False
2026-03-20 19:03:00+00:00,,,,,,,,0.7300000000000001,0.73,,0.0,0,False
2026-03-20 19:03:30+00:00,,,,,,,,0.7300000000000001,0.73,,0.0,0,False
2026-03-20 19:04:00+00:00,,,,,,,,0.7300000000000001,0.73,,0.0,0,False
2026-03-20 19:04:30+00:00,,,,,,,,0.7300000000000001,0.73,,0.0,0,False
2026-03-20 19:05:00+00:00,,,,,,,,0.7300000000000001,0.73,,0.0,0,False
2026-03-20 19:05:30+00:00,,,,,,,,0.7300000000000001,0.73,,0.0,0,False
2026-03-20 19:06:00+00:00,,,,,,,,0.7300000000000001,0.73,,0.0,0,False
2026-03-20 19:06:30+00:00,,,,,,,,0.7300000000000001,0.73,,0.0,0,False
2026-03-20 19:07:00+00:00,,,,,,,,0.7300000000000001,0.73,,0.0,0,False
2026-03-20 19:07:30+00:00,,,,,,,,0.7300000000000001,0.73,,0.0,0,False
2026-03-20 19:08:00+00:00,,,,,,,,0.7300000000000001,0.73,,0.0,0,False
2026-03-20 19:08:30+00:00,,,,,,,,0.7300000000000001,0.73,,0.0,0,False
2026-03-20 19:09:00+00:00,,,,,,,,0.7300000000000001,0.73,,0.0,0,False
2026-03-20 19:09:30+00:00,,,,,,,,0.7300000000000001,0.73,,0.0,0,False
2026-03-20 19:10:00+00:00,,,,,,,,0.7300000000000001,0.73,,0.0,0,False
2026-03-20 19:10:30+00:00,,,,,,,,0.71,0.71,,5.0,1,False
2026-03-20 19:11:00+00:00,,,,,,,,0.71,0.71,,0.0,0,False
2026-03-20 19:11:30+00:00,,,,,,,,0.71,0.71,,0.0,0,False
2026-03-20 19:12:00+00:00,,,,,,,,0.71,0.71,,0.0,0,False
2026-03-20 19:12:30+00:00,,,,,,,,0.71,0.71,,0.0,0,False
2026-03-20 19:13:00+00:00,,,,,,,,0.71,0.71,,0.0,0,False
2026-03-20 19:13:30+00:00,,,,,,,,0.71,0.71,,0.0,0,False
2026-03-20 19:14:00+00:00,,,,,,,,0.71,0.71,,0.0,0,False
2026-03-20 19:14:30+00:00,,,,,,,,0.71,0.71,,0.0,0,False
2026-03-20 19:15:00+00:00,,,,,,,,0.71,0.71,,0.0,0,False
2026-03-20 19:15:30+00:00,,,,,,,,0.71,0.71,,0.0,0,False
2026-03-20 19:16:00+00:00,,,,,,,,0.71,0.71,,0.0,0,False
2026-03-20 19:16:30+00:00,,,,,,,,0.73,0.73,,45.0,1,False
2026-03-20 19:17:00+00:00,,,,,,,,0.73,0.73,,0.0,0,False
2026-03-20 19:17:30+00:00,,,,,,,,0.73,0.73,,0.0,0,False
2026-03-20 19:18:00+00:00,,,,,,,,0.73,0.73,,0.0,0,False
2026-03-20 19:18:30+00:00,,,,,,,,0.73,0.73,,0.0,0,False
2026-03-20 19:19:00+00:00,,,,,,,,0.73,0.73,,0.0,0,False
2026-03-20 19:19:30+00:00,,,,,,,,0.73,0.73,,0.0,0,False
2026-03-20 19:20:00+00:00,,,,,,,,0.73,0.73,,0.0,0,False
2026-03-20 19:20:30+00:00,,,,,,,,0.73,0.73,,0.0,0,False
2026-03-20 19:21:00+00:00,,,,,,,,0.73,0.73,,0.0,0,False
2026-03-20 19:21:30+00:00,,,,,,,,0.73,0.73,,0.0,0,False
2026-03-20 19:22:00+00:00,,,,,,,,0.73,0.73,,0.0,0,False
2026-03-20 19:22:30+00:00,,,,,,,,0.73,0.73,,0.0,0,False
2026-03-20 19:23:00+00:00,,,,,,,,0.71,0.71,,9.0,1,False
2026-03-20 19:23:30+00:00,,,,,,,,0.71,0.71,,0.0,0,False
2026-03-20 19:24:00+00:00,,,,,,,,0.71,0.71,,0.0,0,False
2026-03-20 19:24:30+00:00,,,,,,,,0.71,0.71,,0.0,0,False
2026-03-20 19:25:00+00:00,,,,,,,,0.71,0.71,,0.0,0,False
2026-03-20 19:25:30+00:00,,,,,,,,0.71,0.71,,0.0,0,False
2026-03-20 19:26:00+00:00,,,,,,,,0.71,0.71,,0.0,0,False
2026-03-20 19:26:30+00:00,,,,,,,,0.71,0.71,,0.0,0,False
2026-03-20 19:27:00+00:00,,,,,,,,0.71,0.71,,0.0,0,False
2026-03-20 19:27:30+00:00,,,,,,,,0.71,0.71,,0.0,0,False
2026-03-20 19:28:00+00:00,,,,,,,,0.71,0.71,,0.0,0,False
2026-03-20 19:28:30+00:00,,,,,,,,0.71,0.71,,0.0,0,False
2026-03-20 19:29:00+00:00,,,,,,,,0.71,0.71,,0.0,0,False
2026-03-20 19:29:30+00:00,,,,,,,,0.71,0.71,,0.0,0,False
2026-03-20 19:30:00+00:00,,,,,,,,0.71,0.71,,0.0,0,False
2026-03-20 19:30:30+00:00,,,,,,,,0.71,0.71,,0.0,0,False
2026-03-20 19:31:00+00:00,,,,,,,,0.71,0.71,,0.0,0,False
2026-03-20 19:31:30+00:00,,,,,,,,0.71,0.71,,0.0,0,False
2026-03-20 19:32:00+00:00,,,,,,,,0.71,0.71,,0.0,0,False
2026-03-20 19:32:30+00:00,,,,,,,,0.71,0.71,,0.0,0,False
2026-03-20 19:33:00+00:00,,,,,,,,0.71,0.71,,0.0,0,False
2026-03-20 19:33:30+00:00,,,,,,,,0.71,0.71,,0.0,0,False
2026-03-20 19:34:00+00:00,,,,,,,,0.71,0.71,,0.0,0,False
2026-03-20 19:34:30+00:00,,,,,,,,0.71,0.71,,0.0,0,False
2026-03-20 19:35:00+00:00,,,,,,,,0.71,0.71,,0.0,0,False
2026-03-20 19:35:30+00:00,,,,,,,,0.71,0.71,,0.0,0,False
2026-03-20 19:36:00+00:00,,,,,,,,0.71,0.71,,0.0,0,False
2026-03-20 19:36:30+00:00,,,,,,,,0.71,0.71,,0.0,0,False
2026-03-20 19:37:00+00:00,,,,,,,,0.71,0.71,,0.0,0,False
2026-03-20 19:37:30+00:00,,,,,,,,0.71,0.71,,0.0,0,False
2026-03-20 19:38:00+00:00,,,,,,,,0.71,0.71,,0.0,0,False
2026-03-20 19:38:30+00:00,,,,,,,,0.71,0.71,,0.0,0,False
2026-03-20 19:39:00+00:00,,,,,,,,0.71,0.71,,0.0,0,False
2026-03-20 19:39:30+00:00,,,,,,,,0.71,0.71,,0.0,0,False
2026-03-20 19:40:00+00:00,,,,,,,,0.71,0.71,,0.0,0,False
2026-03-20 19:40:30+00:00,,,,,,,,0.71,0.71,,5.0,1,False
2026-03-20 19:41:00+00:00,,,,,,,,0.71,0.71,,0.0,0,False
2026-03-20 19:41:30+00:00,,,,,,,,0.71,0.71,,0.0,0,False
2026-03-20 19:42:00+00:00,,,,,,,,0.71,0.71,,0.0,0,False
2026-03-20 19:42:30+00:00,,,,,,,,0.71,0.71,,0.0,0,False
2026-03-20 19:43:00+00:00,,,,,,,,0.71,0.71,,0.0,0,False
2026-03-20 19:43:30+00:00,,,,,,,,0.71,0.71,,0.0,0,False
2026-03-20 19:44:00+00:00,,,,,,,,0.71,0.71,,0.0,0,False
2026-03-20 19:44:30+00:00,,,,,,,,0.71,0.71,,0.0,0,False
2026-03-20 19:45:00+00:00,,,,,,,,0.71,0.71,,0.0,0,False
2026-03-20 19:45:30+00:00,,,,,,,,0.71,0.71,,0.0,0,False
2026-03-20 19:46:00+00:00,,,,,,,,0.71,0.71,,16.0,1,False
2026-03-20 19:46:30+00:00,,,,,,,,0.71,0.71,,0.0,0,False
2026-03-20 19:47:00+00:00,,,,,,,,0.71,0.71,,0.0,0,False
2026-03-20 19:47:30+00:00,,,,,,,,0.71,0.71,,0.0,0,False
2026-03-20 19:48:00+00:00,,,,,,,,0.71,0.71,,0.0,0,False
2026-03-20 19:48:30+00:00,,,,,,,,0.71,0.71,,0.0,0,False
2026-03-20 19:49:00+00:00,,,,,,,,0.71,0.71,,0.0,0,False
2026-03-20 19:49:30+00:00,,,,,,,,0.71,0.71,,0.0,0,False
2026-03-20 19:50:00+00:00,,,,,,,,0.71,0.71,,0.0,0,False
2026-03-20 19:50:30+00:00,,,,,,,,0.71,0.71,,0.0,0,False
2026-03-20 19:51:00+00:00,,,,,,,,0.71,0.71,,0.0,0,False
2026-03-20 19:51:30+00:00,,,,,,,,0.71,0.71,,0.0,0,False
2026-03-20 19:52:00+00:00,,,,,,,,0.71,0.71,,0.0,0,False
2026-03-20 19:52:30+00:00,,,,,,,,0.71,0.71,,0.0,0,False
2026-03-20 19:53:00+00:00,,,,,,,,0.71,0.71,,0.0,0,False
2026-03-20 19:53:30+00:00,,,,,,,,0.71,0.71,,0.0,0,False
2026-03-20 19:54:00+00:00,,,,,,,,0.71,0.71,,0.0,0,False
2026-03-20 19:54:30+00:00,,,,,,,,0.71,0.71,,0.0,0,False
2026-03-20 19:55:00+00:00,,,,,,,,0.71,0.71,,0.0,0,False
2026-03-20 19:55:30+00:00,,,,,,,,0.71,0.71,,0.0,0,False
2026-03-20 19:56:00+00:00,,,,,,,,0.71,0.71,,0.0,0,False
2026-03-20 19:56:30+00:00,,,,,,,,0.71,0.71,,0.0,0,False
2026-03-20 19:57:00+00:00,,,,,,,,0.71,0.71,,0.0,0,False
2026-03-20 19:57:30+00:00,,,,,,,,0.71,0.71,,0.0,0,False
2026-03-20 19:58:00+00:00,,,,,,,,0.71,0.71,,0.0,0,False
2026-03-20 19:58:30+00:00,,,,,,,,0.71,0.71,,0.0,0,False
2026-03-20 19:59:00+00:00,,,,,,,,0.71,0.71,,0.0,0,False
2026-03-20 19:59:30+00:00,,,,,,,,0.71,0.71,,0.0,0,False
2026-03-20 20:00:00+00:00,,,,,,,,0.71,0.71,,0.0,0,False
2026-03-20 20:00:30+00:00,,,,,,,,0.71,0.71,,0.0,0,False
2026-03-20 20:01:00+00:00,,,,,,,,0.71,0.71,,0.0,0,False
2026-03-20 20:01:30+00:00,,,,,,,,0.71,0.71,,0.0,0,False
2026-03-20 20:02:00+00:00,,,,,,,,0.71,0.71,,0.0,0,False
2026-03-20 20:02:30+00:00,,,,,,,,0.71,0.71,,0.0,0,False
2026-03-20 20:03:00+00:00,,,,,,,,0.71,0.71,,0.0,0,False
2026-03-20 20:03:30+00:00,,,,,,,,0.71,0.71,,0.0,0,False
2026-03-20 20:04:00+00:00,,,,,,,,0.71,0.71,,0.0,0,False
2026-03-20 20:04:30+00:00,,,,,,,,0.71,0.71,,0.0,0,False
2026-03-20 20:05:00+00:00,,,,,,,,0.71,0.71,,0.0,0,False
2026-03-20 20:05:30+00:00,,,,,,,,0.71,0.71,,0.0,0,False
2026-03-20 20:06:00+00:00,,,,,,,,0.71,0.71,,0.0,0,False
2026-03-20 20:06:30+00:00,,,,,,,,0.71,0.71,,0.0,0,False
2026-03-20 20:07:00+00:00,,,,,,,,0.71,0.71,,0.0,0,False
2026-03-20 20:07:30+00:00,,,,,,,,0.71,0.71,,0.0,0,False
2026-03-20 20:08:00+00:00,,,,,,,,0.71,0.71,,0.0,0,False
2026-03-20 20:08:30+00:00,,,,,,,,0.71,0.71,,0.0,0,False
2026-03-20 20:09:00+00:00,,,,,,,,0.71,0.71,,0.0,0,False
2026-03-20 20:09:30+00:00,,,,,,,,0.71,0.71,,0.0,0,False
2026-03-20 20:10:00+00:00,,,,,,,,0.71,0.71,,0.0,0,False
2026-03-20 20:10:30+00:00,,,,,,,,0.71,0.71,,5.0,1,False
2026-03-20 20:11:00+00:00,,,,,,,,0.71,0.71,,0.0,0,False
2026-03-20 20:11:30+00:00,,,,,,,,0.71,0.71,,0.0,0,False
2026-03-20 20:12:00+00:00,,,,,,,,0.71,0.71,,0.0,0,False
2026-03-20 20:12:30+00:00,,,,,,,,0.71,0.71,,0.0,0,False
2026-03-20 20:13:00+00:00,,,,,,,,0.71,0.71,,0.0,0,False
2026-03-20 20:13:30+00:00,,,,,,,,0.71,0.71,,0.0,0,False
2026-03-20 20:14:00+00:00,,,,,,,,0.71,0.71,,0.0,0,False
2026-03-20 20:14:30+00:00,,,,,,,,0.71,0.71,,0.0,0,False
2026-03-20 20:15:00+00:00,,,,,,,,0.71,0.71,,0.0,0,False
2026-03-20 20:15:30+00:00,,,,,,,,0.71,0.71,,0.0,0,False
2026-03-20 20:16:00+00:00,,,,,,,,0.71,0.71,,0.0,0,False
2026-03-20 20:16:30+00:00,,,,,,,,0.71,0.71,,0.0,0,False
2026-03-20 20:17:00+00:00,,,,,,,,0.71,0.71,,0.0,0,False
2026-03-20 20:17:30+00:00,,,,,,,,0.71,0.71,,0.0,0,False
2026-03-20 20:18:00+00:00,,,,,,,,0.71,0.71,,0.0,0,False
2026-03-20 20:18:30+00:00,,,,,,,,0.71,0.71,,0.0,0,False
2026-03-20 20:19:00+00:00,,,,,,,,0.73,0.73,,2.0,1,False
2026-03-20 20:19:30+00:00,,,,,,,,0.73,0.73,,0.0,0,False
2026-03-20 20:20:00+00:00,,,,,,,,0.73,0.73,,0.0,0,False
2026-03-20 20:20:30+00:00,,,,,,,,0.73,0.73,,0.0,0,False
2026-03-20 20:21:00+00:00,,,,,,,,0.73,0.73,,0.0,0,False
2026-03-20 20:21:30+00:00,,,,,,,,0.73,0.73,,0.0,0,False
2026-03-20 20:22:00+00:00,,,,,,,,0.73,0.73,,0.0,0,False
2026-03-20 20:22:30+00:00,,,,,,,,0.73,0.73,,0.0,0,False
2026-03-20 20:23:00+00:00,,,,,,,,0.73,0.73,,0.0,0,False
2026-03-20 20:23:30+00:00,,,,,,,,0.73,0.73,,0.0,0,False
2026-03-20 20:24:00+00:00,,,,,,,,0.73,0.73,,0.0,0,False
2026-03-20 20:24:30+00:00,,,,,,,,0.73,0.73,,0.0,0,False
2026-03-20 20:25:00+00:00,,,,,,,,0.73,0.73,,0.0,0,False
2026-03-20 20:25:30+00:00,,,,,,,,0.73,0.73,,0.0,0,False
2026-03-20 20:26:00+00:00,,,,,,,,0.73,0.73,,0.0,0,False
2026-03-20 20:26:30+00:00,,,,,,,,0.73,0.73,,0.0,0,False
2026-03-20 20:27:00+00:00,,,,,,,,0.73,0.73,,0.0,0,False
2026-03-20 20:27:30+00:00,,,,,,,,0.73,0.73,,0.0,0,False
2026-03-20 20:28:00+00:00,,,,,,,,0.73,0.73,,0.0,0,False
2026-03-20 20:28:30+00:00,,,,,,,,0.73,0.73,,26.0,1,False
2026-03-20 20:29:00+00:00,,,,,,,,0.73,0.73,,0.0,0,False
2026-03-20 20:29:30+00:00,,,,,,,,0.73,0.73,,0.0,0,False
2026-03-20 20:30:00+00:00,,,,,,,,0.73,0.73,,0.0,0,False
2026-03-20 20:30:30+00:00,,,,,,,,0.73,0.73,,0.0,0,False
2026-03-20 20:31:00+00:00,,,,,,,,0.73,0.73,,0.0,0,False
2026-03-20 20:31:30+00:00,,,,,,,,0.73,0.73,,0.0,0,False
2026-03-20 20:32:00+00:00,,,,,,,,0.73,0.73,,0.0,0,False
2026-03-20 20:32:30+00:00,,,,,,,,0.73,0.73,,0.0,0,False
2026-03-20 20:33:00+00:00,,,,,,,,0.73,0.73,,0.0,0,False
2026-03-20 20:33:30+00:00,,,,,,,,0.73,0.73,,0.0,0,False
2026-03-20 20:34:00+00:00,,,,,,,,0.73,0.73,,0.0,0,False
2026-03-20 20:34:30+00:00,,,,,,,,0.73,0.73,,0.0,0,False
2026-03-20 20:35:00+00:00,,,,,,,,0.73,0.73,,0.0,0,False
2026-03-20 20:35:30+00:00,,,,,,,,0.73,0.73,,0.0,0,False
2026-03-20 20:36:00+00:00,,,,,,,,0.73,0.73,,0.0,0,False
2026-03-20 20:36:30+00:00,,,,,,,,0.73,0.73,,0.0,0,False
2026-03-20 20:37:00+00:00,,,,,,,,0.73,0.73,,0.0,0,False
2026-03-20 20:37:30+00:00,,,,,,,,0.73,0.73,,0.0,0,False
2026-03-20 20:38:00+00:00,,,,,,,,0.73,0.73,,0.0,0,False
2026-03-20 20:38:30+00:00,,,,,,,,0.73,0.73,,0.0,0,False
2026-03-20 20:39:00+00:00,,,,,,,,0.73,0.73,,0.0,0,False
2026-03-20 20:39:30+00:00,,,,,,,,0.73,0.73,,0.0,0,False
2026-03-20 20:40:00+00:00,,,,,,,,0.73,0.73,,0.0,0,False
2026-03-20 20:40:30+00:00,,,,,,,,0.71,0.71,,5.0,1,False
2026-03-20 20:41:00+00:00,,,,,,,,0.71,0.71,,0.0,0,False
2026-03-20 20:41:30+00:00,,,,,,,,0.71,0.71,,0.0,0,False
2026-03-20 20:42:00+00:00,,,,,,,,0.71,0.71,,0.0,0,False
2026-03-20 20:42:30+00:00,,,,,,,,0.71,0.71,,0.0,0,False
2026-03-20 20:43:00+00:00,,,,,,,,0.71,0.71,,0.0,0,False
2026-03-20 20:43:30+00:00,,,,,,,,0.71,0.71,,0.0,0,False
2026-03-20 20:44:00+00:00,,,,,,,,0.71,0.71,,0.0,0,False
2026-03-20 20:44:30+00:00,,,,,,,,0.71,0.71,,0.0,0,False
2026-03-20 20:45:00+00:00,,,,,,,,0.71,0.71,,0.0,0,False
2026-03-20 20:45:30+00:00,,,,,,,,0.71,0.71,,32.0,1,False
2026-03-20 20:46:00+00:00,,,,,,,,0.71,0.71,,0.0,0,False
2026-03-20 20:46:30+00:00,,,,,,,,0.71,0.71,,0.0,0,False
2026-03-20 20:47:00+00:00,,,,,,,,0.71,0.71,,0.0,0,False
2026-03-20 20:47:30+00:00,,,,,,,,0.71,0.71,,0.0,0,False
2026-03-20 20:48:00+00:00,,,,,,,,0.71,0.71,,0.0,0,False
2026-03-20 20:48:30+00:00,,,,,,,,0.71,0.71,,0.0,0,False
2026-03-20 20:49:00+00:00,,,,,,,,0.71,0.71,,0.0,0,False
2026-03-20 20:49:30+00:00,,,,,,,,0.71,0.71,,0.0,0,False
2026-03-20 20:50:00+00:00,,,,,,,,0.71,0.71,,0.0,0,False
2026-03-20 20:50:30+00:00,,,,,,,,0.71,0.71,,0.0,0,False
2026-03-20 20:51:00+00:00,,,,,,,,0.71,0.71,,0.0,0,False
2026-03-20 20:51:30+00:00,,,,,,,,0.71,0.71,,0.0,0,False
2026-03-20 20:52:00+00:00,,,,,,,,0.71,0.71,,0.0,0,False
2026-03-20 20:52:30+00:00,,,,,,,,0.71,0.71,,0.0,0,False
2026-03-20 20:53:00+00:00,,,,,,,,0.71,0.71,,0.0,0,False
2026-03-20 20:53:30+00:00,,,,,,,,0.71,0.71,,0.0,0,False
2026-03-20 20:54:00+00:00,,,,,,,,0.71,0.71,,0.0,0,False
2026-03-20 20:54:30+00:00,,,,,,,,0.71,0.71,,0.0,0,False
2026-03-20 20:55:00+00:00,,,,,,,,0.71,0.71,,0.0,0,False
2026-03-20 20:55:30+00:00,,,,,,,,0.71,0.71,,0.0,0,False
2026-03-20 20:56:00+00:00,,,,,,,,0.71,0.71,,0.0,0,False
2026-03-20 20:56:30+00:00,,,,,,,,0.71,0.71,,0.0,0,False
2026-03-20 20:57:00+00:00,,,,,,,,0.71,0.71,,0.0,0,False
2026-03-20 20:57:30+00:00,,,,,,,,0.71,0.71,,0.0,0,False
2026-03-20 20:58:00+00:00,,,,,,,,0.71,0.71,,0.0,0,False
2026-03-20 20:58:30+00:00,,,,,,,,0.71,0.71,,0.0,0,False
2026-03-20 20:59:00+00:00,,,,,,,,0.71,0.71,,0.0,0,False
2026-03-20 20:59:30+00:00,,,,,,,,0.71,0.71,,0.0,0,False
2026-03-20 21:00:00+00:00,,,,,,,,0.71,0.71,,0.0,0,False
2026-03-20 21:00:30+00:00,,,,,,,,0.71,0.71,,0.0,0,False
2026-03-20 21:01:00+00:00,,,,,,,,0.71,0.71,,0.0,0,False
2026-03-20 21:01:30+00:00,,,,,,,,0.71,0.71,,0.0,0,False
2026-03-20 21:02:00+00:00,,,,,,,,0.71,0.71,,0.0,0,False
2026-03-20 21:02:30+00:00,,,,,,,,0.71,0.71,,0.0,0,False
2026-03-20 21:03:00+00:00,,,,,,,,0.71,0.71,,0.0,0,False
2026-03-20 21:03:30+00:00,,,,,,,,0.71,0.71,,0.0,0,False
2026-03-20 21:04:00+00:00,,,,,,,,0.71,0.71,,0.0,0,False
2026-03-20 21:04:30+00:00,,,,,,,,0.71,0.71,,0.0,0,False
2026-03-20 21:05:00+00:00,,,,,,,,0.71,0.71,,0.0,0,False
2026-03-20 21:05:30+00:00,,,,,,,,0.73,0.73,,66.0,1,False
2026-03-20 21:06:00+00:00,,,,,,,,0.73,0.73,,0.0,0,False
2026-03-20 21:06:30+00:00,,,,,,,,0.73,0.73,,0.0,0,False
2026-03-20 21:07:00+00:00,,,,,,,,0.73,0.73,,0.0,0,False
2026-03-20 21:07:30+00:00,,,,,,,,0.73,0.73,,0.0,0,False
2026-03-20 21:08:00+00:00,,,,,,,,0.73,0.73,,0.0,0,False
2026-03-20 21:08:30+00:00,,,,,,,,0.73,0.73,,0.0,0,False
2026-03-20 21:09:00+00:00,,,,,,,,0.73,0.73,,0.0,0,False
2026-03-20 21:09:30+00:00,,,,,,,,0.73,0.73,,0.0,0,False
2026-03-20 21:10:00+00:00,,,,,,,,0.73,0.73,,0.0,0,False
2026-03-20 21:10:30+00:00,,,,,,,,0.71,0.71,,5.0,1,False
2026-03-20 21:11:00+00:00,,,,,,,,0.71,0.71,,0.0,0,False
2026-03-20 21:11:30+00:00,,,,,,,,0.71,0.71,,0.0,0,False
2026-03-20 21:12:00+00:00,,,,,,,,0.71,0.71,,0.0,0,False
2026-03-20 21:12:30+00:00,,,,,,,,0.71,0.71,,0.0,0,False
2026-03-20 21:13:00+00:00,,,,,,,,0.71,0.71,,0.0,0,False
2026-03-20 21:13:30+00:00,,,,,,,,0.71,0.71,,0.0,0,False
2026-03-20 21:14:00+00:00,,,,,,,,0.71,0.71,,78.0,1,False
2026-03-20 21:14:30+00:00,,,,,,,,0.71,0.71,,0.0,0,False
2026-03-20 21:15:00+00:00,,,,,,,,0.71,0.71,,0.0,0,False
2026-03-20 21:15:30+00:00,,,,,,,,0.71,0.71,,0.0,0,False
2026-03-20 21:16:00+00:00,,,,,,,,0.71,0.71,,0.0,0,False
2026-03-20 21:16:30+00:00,,,,,,,,0.71,0.71,,0.0,0,False
2026-03-20 21:17:00+00:00,,,,,,,,0.71,0.71,,0.0,0,False
2026-03-20 21:17:30+00:00,,,,,,,,0.71,0.71,,0.0,0,False
2026-03-20 21:18:00+00:00,,,,,,,,0.71,0.71,,0.0,0,False
2026-03-20 21:18:30+00:00,,,,,,,,0.71,0.71,,0.0,0,False
2026-03-20 21:19:00+00:00,,,,,,,,0.71,0.71,,0.0,0,False
2026-03-20 21:19:30+00:00,,,,,,,,0.71,0.71,,0.0,0,False
2026-03-20 21:20:00+00:00,,,,,,,,0.71,0.71,,0.0,0,False
2026-03-20 21:20:30+00:00,,,,,,,,0.71,0.71,,0.0,0,False
2026-03-20 21:21:00+00:00,,,,,,,,0.71,0.71,,0.0,0,False
2026-03-20 21:21:30+00:00,,,,,,,,0.71,0.71,,0.0,0,False
2026-03-20 21:22:00+00:00,,,,,,,,0.71,0.71,,0.0,0,False
2026-03-20 21:22:30+00:00,,,,,,,,0.71,0.71,,0.0,0,False
2026-03-20 21:23:00+00:00,,,,,,,,0.71,0.71,,0.0,0,False
2026-03-20 21:23:30+00:00,,,,,,,,0.71,0.71,,0.0,0,False
2026-03-20 21:24:00+00:00,,,,,,,,0.71,0.71,,0.0,0,False
2026-03-20 21:24:30+00:00,,,,,,,,0.71,0.71,,0.0,0,False
2026-03-20 21:25:00+00:00,,,,,,,,0.71,0.71,,0.0,0,False
2026-03-20 21:25:30+00:00,,,,,,,,0.71,0.71,,0.0,0,False
2026-03-20 21:26:00+00:00,,,,,,,,0.71,0.71,,0.0,0,False
2026-03-20 21:26:30+00:00,,,,,,,,0.71,0.71,,0.0,0,False
2026-03-20 21:27:00+00:00,,,,,,,,0.71,0.71,,0.0,0,False
2026-03-20 21:27:30+00:00,,,,,,,,0.71,0.71,,0.0,0,False
2026-03-20 21:28:00+00:00,,,,,,,,0.71,0.71,,0.0,0,False
2026-03-20 21:28:30+00:00,,,,,,,,0.71,0.71,,0.0,0,False
2026-03-20 21:29:00+00:00,,,,,,,,0.71,0.71,,0.0,0,False
2026-03-20 21:29:30+00:00,,,,,,,,0.71,0.71,,0.0,0,False
2026-03-20 21:30:00+00:00,,,,,,,,0.71,0.71,,0.0,0,False
2026-03-20 21:30:30+00:00,,,,,,,,0.71,0.71,,0.0,0,False
2026-03-20 21:31:00+00:00,,,,,,,,0.71,0.71,,0.0,0,False
2026-03-20 21:31:30+00:00,,,,,,,,0.71,0.71,,0.0,0,False
2026-03-20 21:32:00+00:00,,,,,,,,0.71,0.71,,0.0,0,False
2026-03-20 21:32:30+00:00,,,,,,,,0.71,0.71,,0.0,0,False
2026-03-20 21:33:00+00:00,,,,,,,,0.71,0.71,,0.0,0,False
2026-03-20 21:33:30+00:00,,,,,,,,0.71,0.71,,0.0,0,False
2026-03-20 21:34:00+00:00,,,,,,,,0.71,0.71,,0.0,0,False
2026-03-20 21:34:30+00:00,,,,,,,,0.71,0.71,,0.0,0,False
2026-03-20 21:35:00+00:00,,,,,,,,0.71,0.71,,0.0,0,False
2026-03-20 21:35:30+00:00,,,,,,,,0.71,0.71,,0.0,0,False
2026-03-20 21:36:00+00:00,,,,,,,,0.71,0.71,,0.0,0,False
2026-03-20 21:36:30+00:00,,,,,,,,0.71,0.71,,0.0,0,False
2026-03-20 21:37:00+00:00,,,,,,,,0.71,0.71,,0.0,0,False
2026-03-20 21:37:30+00:00,,,,,,,,0.71,0.71,,0.0,0,False
2026-03-20 21:38:00+00:00,,,,,,,,0.71,0.71,,0.0,0,False
2026-03-20 21:38:30+00:00,,,,,,,,0.71,0.71,,0.0,0,False
2026-03-20 21:39:00+00:00,,,,,,,,0.71,0.71,,0.0,0,False
2026-03-20 21:39:30+00:00,,,,,,,,0.71,0.71,,0.0,0,False
2026-03-20 21:40:00+00:00,,,,,,,,0.71,0.71,,0.0,0,False
2026-03-20 21:40:30+00:00,,,,,,,,0.71,0.71,,5.0,1,False
2026-03-20 21:41:00+00:00,,,,,,,,0.71,0.71,,0.0,0,False
2026-03-20 21:41:30+00:00,,,,,,,,0.71,0.71,,0.0,0,False
2026-03-20 21:42:00+00:00,,,,,,,,0.71,0.71,,0.0,0,False
2026-03-20 21:42:30+00:00,,,,,,,,0.71,0.71,,0.0,0,False
2026-03-20 21:43:00+00:00,,,,,,,,0.71,0.71,,0.0,0,False
2026-03-20 21:43:30+00:00,,,,,,,,0.71,0.71,,0.0,0,False
2026-03-20 21:44:00+00:00,,,,,,,,0.71,0.71,,0.0,0,False
2026-03-20 21:44:30+00:00,,,,,,,,0.71,0.71,,0.0,0,False
2026-03-20 21:45:00+00:00,,,,,,,,0.71,0.71,,0.0,0,False
2026-03-20 21:45:30+00:00,,,,,,,,0.71,0.71,,0.0,0,False
2026-03-20 21:46:00+00:00,,,,,,,,0.71,0.71,,0.0,0,False
2026-03-20 21:46:30+00:00,,,,,,,,0.71,0.71,,0.0,0,False
2026-03-20 21:47:00+00:00,,,,,,,,0.71,0.71,,0.0,0,False
2026-03-20 21:47:30+00:00,,,,,,,,0.71,0.71,,0.0,0,False
2026-03-20 21:48:00+00:00,,,,,,,,0.71,0.71,,0.0,0,False
2026-03-20 21:48:30+00:00,,,,,,,,0.71,0.71,,0.0,0,False
2026-03-20 21:49:00+00:00,,,,,,,,0.71,0.71,,0.0,0,False
2026-03-20 21:49:30+00:00,,,,,,,,0.71,0.71,,0.0,0,False
2026-03-20 21:50:00+00:00,,,,,,,,0.71,0.71,,0.0,0,False
2026-03-20 21:50:30+00:00,,,,,,,,0.71,0.71,,0.0,0,False
2026-03-20 21:51:00+00:00,,,,,,,,0.71,0.71,,0.0,0,False
2026-03-20 21:51:30+00:00,,,,,,,,0.71,0.71,,0.0,0,False
2026-03-20 21:52:00+00:00,,,,,,,,0.71,0.71,,0.0,0,False
2026-03-20 21:52:30+00:00,,,,,,,,0.71,0.71,,0.0,0,False
2026-03-20 21:53:00+00:00,,,,,,,,0.71,0.71,,0.0,0,False
2026-03-20 21:53:30+00:00,,,,,,,,0.71,0.71,,0.0,0,False
2026-03-20 21:54:00+00:00,,,,,,,,0.71,0.71,,0.0,0,False
2026-03-20 21:54:30+00:00,,,,,,,,0.71,0.71,,0.0,0,False
2026-03-20 21:55:00+00:00,,,,,,,,0.71,0.71,,0.0,0,False
2026-03-20 21:55:30+00:00,,,,,,,,0.71,0.71,,9.0,1,False
2026-03-20 21:56:00+00:00,,,,,,,,0.71,0.71,,0.0,0,False
2026-03-20 21:56:30+00:00,,,,,,,,0.71,0.71,,0.0,0,False
2026-03-20 21:57:00+00:00,,,,,,,,0.71,0.71,,0.0,0,False
2026-03-20 21:57:30+00:00,,,,,,,,0.71,0.71,,0.0,0,False
2026-03-20 21:58:00+00:00,,,,,,,,0.71,0.71,,0.0,0,False
2026-03-20 21:58:30+00:00,,,,,,,,0.71,0.71,,0.0,0,False
2026-03-20 21:59:00+00:00,,,,,,,,0.71,0.71,,0.0,0,False
2026-03-20 21:59:30+00:00,,,,,,,,0.71,0.71,,0.0,0,False
2026-03-20 22:00:00+00:00,,,,,,,,0.71,0.71,,0.0,0,False
2026-03-20 22:00:30+00:00,,,,,,,,0.71,0.71,,0.0,0,False
2026-03-20 22:01:00+00:00,,,,,,,,0.71,0.71,,0.0,0,False
2026-03-20 22:01:30+00:00,,,,,,,,0.71,0.71,,0.0,0,False
2026-03-20 22:02:00+00:00,,,,,,,,0.71,0.71,,0.0,0,False
2026-03-20 22:02:30+00:00,,,,,,,,0.71,0.71,,0.0,0,False
2026-03-20 22:03:00+00:00,,,,,,,,0.71,0.71,,0.0,0,False
2026-03-20 22:03:30+00:00,,,,,,,,0.71,0.71,,0.0,0,False
2026-03-20 22:04:00+00:00,,,,,,,,0.71,0.71,,0.0,0,False
2026-03-20 22:04:30+00:00,,,,,,,,0.71,0.71,,0.0,0,False
2026-03-20 22:05:00+00:00,,,,,,,,0.71,0.71,,0.0,0,False
2026-03-20 22:05:30+00:00,,,,,,,,0.71,0.71,,0.0,0,False
2026-03-20 22:06:00+00:00,,,,,,,,0.71,0.71,,0.0,0,False
2026-03-20 22:06:30+00:00,,,,,,,,0.71,0.71,,0.0,0,False
2026-03-20 22:07:00+00:00,,,,,,,,0.71,0.71,,0.0,0,False
2026-03-20 22:07:30+00:00,,,,,,,,0.71,0.71,,0.0,0,False
2026-03-20 22:08:00+00:00,,,,,,,,0.71,0.71,,0.0,0,False
2026-03-20 22:08:30+00:00,,,,,,,,0.71,0.71,,0.0,0,False
2026-03-20 22:09:00+00:00,,,,,,,,0.71,0.71,,0.0,0,False
2026-03-20 22:09:30+00:00,,,,,,,,0.71,0.71,,0.0,0,False
2026-03-20 22:10:00+00:00,,,,,,,,0.71,0.71,,0.0,0,False
2026-03-20 22:10:30+00:00,,,,,,,,0.71,0.71,,0.0,0,False
2026-03-20 22:11:00+00:00,,,,,,,,0.71,0.71,,0.0,0,False
2026-03-20 22:11:30+00:00,,,,,,,,0.71,0.71,,0.0,0,False
2026-03-20 22:12:00+00:00,,,,,,,,0.71,0.71,,0.0,0,False
2026-03-20 22:12:30+00:00,,,,,,,,0.71,0.71,,0.0,0,False
2026-03-20 22:13:00+00:00,,,,,,,,0.71,0.71,,0.0,0,False
2026-03-20 22:13:30+00:00,,,,,,,,0.71,0.71,,0.0,0,False
2026-03-20 22:14:00+00:00,,,,,,,,0.71,0.71,,0.0,0,False
2026-03-20 22:14:30+00:00,,,,,,,,0.71,0.71,,0.0,0,False
2026-03-20 22:15:00+00:00,,,,,,,,0.71,0.71,,0.0,0,False
2026-03-20 22:15:30+00:00,,,,,,,,0.71,0.71,,0.0,0,False
2026-03-20 22:16:00+00:00,,,,,,,,0.71,0.71,,0.0,0,False
2026-03-20 22:16:30+00:00,,,,,,,,0.71,0.71,,0.0,0,False
2026-03-20 22:17:00+00:00,,,,,,,,0.71,0.71,,0.0,0,False
2026-03-20 22:17:30+00:00,,,,,,,,0.71,0.71,,0.0,0,False
2026-03-20 22:18:00+00:00,,,,,,,,0.71,0.71,,0.0,0,False
2026-03-20 22:18:30+00:00,,,,,,,,0.71,0.71,,0.0,0,False
2026-03-20 22:19:00+00:00,,,,,,,,0.71,0.71,,0.0,0,False
2026-03-20 22:19:30+00:00,,,,,,,,0.73,0.73,,4.0,1,False
2026-03-20 22:20:00+00:00,,,,,,,,0.73,0.73,,0.0,0,False
2026-03-20 22:20:30+00:00,,,,,,,,0.73,0.73,,0.0,0,False
2026-03-20 22:21:00+00:00,,,,,,,,0.73,0.73,,0.0,0,False
2026-03-20 22:21:30+00:00,,,,,,,,0.73,0.73,,0.0,0,False
2026-03-20 22:22:00+00:00,,,,,,,,0.73,0.73,,0.0,0,False
2026-03-20 22:22:30+00:00,,,,,,,,0.73,0.73,,0.0,0,False
2026-03-20 22:23:00+00:00,,,,,,,,0.73,0.73,,0.0,0,False
2026-03-20 22:23:30+00:00,,,,,,,,0.73,0.73,,0.0,0,False
2026-03-20 22:24:00+00:00,,,,,,,,0.73,0.73,,0.0,0,False
2026-03-20 22:24:30+00:00,,,,,,,,0.73,0.73,,0.0,0,False
2026-03-20 22:25:00+00:00,,,,,,,,0.71,0.71,,16.0,1,False
2026-03-20 22:25:30+00:00,,,,,,,,0.71,0.71,,0.0,0,False
2026-03-20 22:26:00+00:00,,,,,,,,0.71,0.71,,0.0,0,False
2026-03-20 22:26:30+00:00,,,,,,,,0.71,0.71,,0.0,0,False
2026-03-20 22:27:00+00:00,,,,,,,,0.71,0.71,,0.0,0,False
2026-03-20 22:27:30+00:00,,,,,,,,0.71,0.71,,0.0,0,False
2026-03-20 22:28:00+00:00,,,,,,,,0.71,0.71,,0.0,0,False
2026-03-20 22:28:30+00:00,,,,,,,,0.71,0.71,,0.0,0,False
2026-03-20 22:29:00+00:00,,,,,,,,0.71,0.71,,0.0,0,False
2026-03-20 22:29:30+00:00,,,,,,,,0.71,0.71,,0.0,0,False
2026-03-20 22:30:00+00:00,,,,,,,,0.71,0.71,,0.0,0,False
2026-03-20 22:30:30+00:00,,,,,,,,0.71,0.71,,0.0,0,False
2026-03-20 22:31:00+00:00,,,,,,,,0.71,0.71,,0.0,0,False
2026-03-20 22:31:30+00:00,,,,,,,,0.71,0.71,,0.0,0,False
2026-03-20 22:32:00+00:00,,,,,,,,0.71,0.71,,0.0,0,False
2026-03-20 22:32:30+00:00,,,,,,,,0.71,0.71,,0.0,0,False
2026-03-20 22:33:00+00:00,,,,,,,,0.71,0.71,,0.0,0,False
2026-03-20 22:33:30+00:00,,,,,,,,0.71,0.71,,0.0,0,False
2026-03-20 22:34:00+00:00,,,,,,,,0.71,0.71,,0.0,0,False
2026-03-20 22:34:30+00:00,,,,,,,,0.71,0.71,,0.0,0,False
2026-03-20 22:35:00+00:00,,,,,,,,0.71,0.71,,0.0,0,False
2026-03-20 22:35:30+00:00,,,,,,,,0.71,0.71,,4.0,1,False
2026-03-20 22:36:00+00:00,,,,,,,,0.71,0.71,,0.0,0,False
2026-03-20 22:36:30+00:00,,,,,,,,0.71,0.71,,0.0,0,False
2026-03-20 22:37:00+00:00,,,,,,,,0.71,0.71,,0.0,0,False
2026-03-20 22:37:30+00:00,,,,,,,,0.71,0.71,,0.0,0,False
2026-03-20 22:38:00+00:00,,,,,,,,0.71,0.71,,161.0,1,False
2026-03-20 22:38:30+00:00,,,,,,,,0.71,0.71,,0.0,0,False
2026-03-20 22:39:00+00:00,,,,,,,,0.71,0.71,,0.0,0,False
2026-03-20 22:39:30+00:00,,,,,,,,0.73,0.73,,4.0,1,False
2026-03-20 22:40:00+00:00,,,,,,,,0.73,0.73,,0.0,0,False
2026-03-20 22:40:30+00:00,,,,,,,,0.73,0.73,,0.0,0,False
2026-03-20 22:41:00+00:00,,,,,,,,0.73,0.73,,0.0,0,False
2026-03-20 22:41:30+00:00,,,,,,,,0.73,0.73,,0.0,0,False
2026-03-20 22:42:00+00:00,,,,,,,,0.73,0.73,,0.0,0,False
2026-03-20 22:42:30+00:00,,,,,,,,0.73,0.73,,1.0,1,False
2026-03-20 22:43:00+00:00,,,,,,,,0.73,0.73,,0.0,0,False
2026-03-20 22:43:30+00:00,,,,,,,,0.73,0.73,,0.0,0,False
2026-03-20 22:44:00+00:00,,,,,,,,0.73,0.73,,0.0,0,False
2026-03-20 22:44:30+00:00,,,,,,,,0.73,0.73,,0.0,0,False
2026-03-20 22:45:00+00:00,,,,,,,,0.73,0.73,,0.0,0,False
2026-03-20 22:45:30+00:00,,,,,,,,0.73,0.73,,0.0,0,False
2026-03-20 22:46:00+00:00,,,,,,,,0.73,0.73,,0.0,0,False
2026-03-20 22:46:30+00:00,,,,,,,,0.73,0.73,,0.0,0,False
2026-03-20 22:47:00+00:00,,,,,,,,0.73,0.73,,0.0,0,False
2026-03-20 22:47:30+00:00,,,,,,,,0.73,0.73,,0.0,0,False
2026-03-20 22:48:00+00:00,,,,,,,,0.73,0.73,,0.0,0,False
2026-03-20 22:48:30+00:00,,,,,,,,0.73,0.73,,0.0,0,False
2026-03-20 22:49:00+00:00,,,,,,,,0.73,0.73,,0.0,0,False
2026-03-20 22:49:30+00:00,,,,,,,,0.73,0.73,,0.0,0,False
2026-03-20 22:50:00+00:00,,,,,,,,0.73,0.73,,0.0,0,False
2026-03-20 22:50:30+00:00,,,,,,,,0.73,0.73,,0.0,0,False
2026-03-20 22:51:00+00:00,,,,,,,,0.73,0.73,,0.0,0,False
2026-03-20 22:51:30+00:00,,,,,,,,0.73,0.73,,0.0,0,False
2026-03-20 22:52:00+00:00,,,,,,,,0.73,0.73,,0.0,0,False
2026-03-20 22:52:30+00:00,,,,,,,,0.73,0.73,,0.0,0,False
2026-03-20 22:53:00+00:00,,,,,,,,0.73,0.73,,0.0,0,False
2026-03-20 22:53:30+00:00,,,,,,,,0.73,0.73,,0.0,0,False
2026-03-20 22:54:00+00:00,,,,,,,,0.73,0.73,,0.0,0,False
2026-03-20 22:54:30+00:00,,,,,,,,0.71,0.71,,4.0,1,False
2026-03-20 22:55:00+00:00,,,,,,,,0.73,0.73,,4.0,1,False
2026-03-20 22:55:30+00:00,,,,,,,,0.73,0.73,,0.0,0,False
2026-03-20 22:56:00+00:00,,,,,,,,0.73,0.73,,0.0,0,False
2026-03-20 22:56:30+00:00,,,,,,,,0.73,0.73,,0.0,0,False
2026-03-20 22:57:00+00:00,,,,,,,,0.73,0.73,,0.0,0,False
2026-03-20 22:57:30+00:00,,,,,,,,0.73,0.73,,0.0,0,False
2026-03-20 22:58:00+00:00,,,,,,,,0.73,0.73,,0.0,0,False
2026-03-20 22:58:30+00:00,,,,,,,,0.73,0.73,,0.0,0,False
2026-03-20 22:59:00+00:00,,,,,,,,0.73,0.73,,0.0,0,False
2026-03-20 22:59:30+00:00,,,,,,,,0.73,0.73,,0.0,0,False
2026-03-20 23:00:00+00:00,,,,,,,,0.73,0.73,,0.0,0,False
2026-03-20 23:00:30+00:00,,,,,,,,0.73,0.73,,0.0,0,False
2026-03-20 23:01:00+00:00,,,,,,,,0.71,0.71,,3.0,1,False
2026-03-20 23:01:30+00:00,,,,,,,,0.71,0.71,,0.0,0,False
2026-03-20 23:02:00+00:00,,,,,,,,0.71,0.71,,0.0,0,False
2026-03-20 23:02:30+00:00,,,,,,,,0.71,0.71,,0.0,0,False
2026-03-20 23:03:00+00:00,,,,,,,,0.71,0.71,,0.0,0,False
2026-03-20 23:03:30+00:00,,,,,,,,0.71,0.71,,0.0,0,False
2026-03-20 23:04:00+00:00,,,,,,,,0.71,0.71,,0.0,0,False
2026-03-20 23:04:30+00:00,,,,,,,,0.71,0.71,,0.0,0,False
2026-03-20 23:05:00+00:00,,,,,,,,0.71,0.71,,0.0,0,False
2026-03-20 23:05:30+00:00,,,,,,,,0.71,0.71,,0.0,0,False
2026-03-20 23:06:00+00:00,,,,,,,,0.71,0.71,,0.0,0,False
2026-03-20 23:06:30+00:00,,,,,,,,0.71,0.71,,0.0,0,False
2026-03-20 23:07:00+00:00,,,,,,,,0.71,0.71,,0.0,0,False
2026-03-20 23:07:30+00:00,,,,,,,,0.71,0.71,,0.0,0,False
2026-03-20 23:08:00+00:00,,,,,,,,0.71,0.71,,0.0,0,False
2026-03-20 23:08:30+00:00,,,,,,,,0.71,0.71,,0.0,0,False
2026-03-20 23:09:00+00:00,,,,,,,,0.71,0.71,,0.0,0,False
2026-03-20 23:09:30+00:00,,,,,,,,0.71,0.71,,0.0,0,False
2026-03-20 23:10:00+00:00,,,,,,,,0.71,0.71,,0.0,0,False
2026-03-20 23:10:30+00:00,,,,,,,,0.71,0.71,,4.0,1,False
2026-03-20 23:11:00+00:00,,,,,,,,0.71,0.71,,0.0,0,False
2026-03-20 23:11:30+00:00,,,,,,,,0.73,0.73,,4.0,1,False
2026-03-20 23:12:00+00:00,,,,,,,,0.73,0.73,,0.0,0,False
2026-03-20 23:12:30+00:00,,,,,,,,0.73,0.73,,0.0,0,False
2026-03-20 23:13:00+00:00,,,,,,,,0.73,0.73,,0.0,0,False
2026-03-20 23:13:30+00:00,,,,,,,,0.73,0.73,,0.0,0,False
2026-03-20 23:14:00+00:00,,,,,,,,0.73,0.73,,0.0,0,False
2026-03-20 23:14:30+00:00,,,,,,,,0.73,0.73,,0.0,0,False
2026-03-20 23:15:00+00:00,,,,,,,,0.73,0.73,,0.0,0,False
2026-03-20 23:15:30+00:00,,,,,,,,0.73,0.73,,0.0,0,False
2026-03-20 23:16:00+00:00,,,,,,,,0.73,0.73,,0.0,0,False
2026-03-20 23:16:30+00:00,,,,,,,,0.73,0.73,,0.0,0,False
2026-03-20 23:17:00+00:00,,,,,,,,0.73,0.73,,0.0,0,False
2026-03-20 23:17:30+00:00,,,,,,,,0.73,0.73,,0.0,0,False
2026-03-20 23:18:00+00:00,,,,,,,,0.73,0.73,,0.0,0,False
2026-03-20 23:18:30+00:00,,,,,,,,0.73,0.73,,0.0,0,False
2026-03-20 23:19:00+00:00,,,,,,,,0.73,0.73,,0.0,0,False
2026-03-20 23:19:30+00:00,,,,,,,,0.73,0.73,,0.0,0,False
2026-03-20 23:20:00+00:00,,,,,,,,0.73,0.73,,0.0,0,False
2026-03-20 23:20:30+00:00,,,,,,,,0.73,0.73,,0.0,0,False
2026-03-20 23:21:00+00:00,,,,,,,,0.73,0.73,,0.0,0,False
2026-03-20 23:21:30+00:00,,,,,,,,0.71,0.71,,38.0,1,False
2026-03-20 23:22:00+00:00,,,,,,,,0.71,0.71,,0.0,0,False
2026-03-20 23:22:30+00:00,,,,,,,,0.71,0.71,,0.0,0,False
2026-03-20 23:23:00+00:00,,,,,,,,0.71,0.71,,0.0,0,False
2026-03-20 23:23:30+00:00,,,,,,,,0.71,0.71,,0.0,0,False
2026-03-20 23:24:00+00:00,,,,,,,,0.71,0.71,,0.0,0,False
2026-03-20 23:24:30+00:00,,,,,,,,0.71,0.71,,0.0,0,False
2026-03-20 23:25:00+00:00,,,,,,,,0.71,0.71,,0.0,0,False
2026-03-20 23:25:30+00:00,,,,,,,,0.71,0.71,,0.0,0,False
2026-03-20 23:26:00+00:00,,,,,,,,0.71,0.71,,0.0,0,False
2026-03-20 23:26:30+00:00,,,,,,,,0.71,0.71,,0.0,0,False
2026-03-20 23:27:00+00:00,,,,,,,,0.71,0.71,,0.0,0,False
2026-03-20 23:27:30+00:00,,,,,,,,0.71,0.71,,0.0,0,False
2026-03-20 23:28:00+00:00,,,,,,,,0.71,0.71,,0.0,0,False
2026-03-20 23:28:30+00:00,,,,,,,,0.71,0.71,,0.0,0,False
2026-03-20 23:29:00+00:00,,,,,,,,0.71,0.71,,0.0,0,False
2026-03-20 23:29:30+00:00,,,,,,,,0.71,0.71,,0.0,0,False
2026-03-20 23:30:00+00:00,,,,,,,,0.71,0.71,,0.0,0,False
2026-03-20 23:30:30+00:00,,,,,,,,0.71,0.71,,0.0,0,False
2026-03-20 23:31:00+00:00,,,,,,,,0.71,0.71,,0.0,0,False
2026-03-20 23:31:30+00:00,,,,,,,,0.71,0.71,,0.0,0,False
2026-03-20 23:32:00+00:00,,,,,,,,0.71,0.71,,0.0,0,False
2026-03-20 23:32:30+00:00,,,,,,,,0.71,0.71,,0.0,0,False
2026-03-20 23:33:00+00:00,,,,,,,,0.71,0.71,,0.0,0,False
2026-03-20 23:33:30+00:00,,,,,,,,0.71,0.71,,0.0,0,False
2026-03-20 23:34:00+00:00,,,,,,,,0.71,0.71,,0.0,0,False
2026-03-20 23:34:30+00:00,,,,,,,,0.71,0.71,,0.0,0,False
2026-03-20 23:35:00+00:00,,,,,,,,0.71,0.71,,0.0,0,False
2026-03-20 23:35:30+00:00,,,,,,,,0.73,0.73,,13.0,1,False
2026-03-20 23:36:00+00:00,,,,,,,,0.73,0.73,,0.0,0,False
2026-03-20 23:36:30+00:00,,,,,,,,0.73,0.73,,0.0,0,False
2026-03-20 23:37:00+00:00,,,,,,,,0.73,0.73,,0.0,0,False
2026-03-20 23:37:30+00:00,,,,,,,,0.73,0.73,,0.0,0,False
2026-03-20 23:38:00+00:00,,,,,,,,0.73,0.73,,0.0,0,False
2026-03-20 23:38:30+00:00,,,,,,,,0.73,0.73,,0.0,0,False
2026-03-20 23:39:00+00:00,,,,,,,,0.73,0.73,,0.0,0,False
2026-03-20 23:39:30+00:00,,,,,,,,0.73,0.73,,0.0,0,False
2026-03-20 23:40:00+00:00,,,,,,,,0.73,0.73,,0.0,0,False
2026-03-20 23:40:30+00:00,,,,,,,,0.73,0.73,,0.0,0,False
2026-03-20 23:41:00+00:00,,,,,,,,0.73,0.73,,0.0,0,False
2026-03-20 23:41:30+00:00,,,,,,,,0.73,0.73,,0.0,0,False
2026-03-20 23:42:00+00:00,,,,,,,,0.73,0.73,,0.0,0,False
2026-03-20 23:42:30+00:00,,,,,,,,0.73,0.73,,0.0,0,False
2026-03-20 23:43:00+00:00,,,,,,,,0.73,0.73,,0.0,0,False
2026-03-20 23:43:30+00:00,,,,,,,,0.73,0.73,,0.0,0,False
2026-03-20 23:44:00+00:00,,,,,,,,0.73,0.73,,0.0,0,False
2026-03-20 23:44:30+00:00,,,,,,,,0.73,0.73,,0.0,0,False
2026-03-20 23:45:00+00:00,,,,,,,,0.73,0.73,,0.0,0,False
2026-03-20 23:45:30+00:00,,,,,,,,0.73,0.73,,155.0,2,False
2026-03-20 23:46:00+00:00,,,,,,,,0.73,0.73,,0.0,0,False
2026-03-20 23:46:30+00:00,,,,,,,,0.73,0.73,,0.0,0,False
2026-03-20 23:47:00+00:00,,,,,,,,0.73,0.73,,0.0,0,False
2026-03-20 23:47:30+00:00,,,,,,,,0.73,0.73,,0.0,0,False
2026-03-20 23:48:00+00:00,,,,,,,,0.73,0.73,,0.0,0,False
2026-03-20 23:48:30+00:00,,,,,,,,0.73,0.73,,0.0,0,False
2026-03-20 23:49:00+00:00,,,,,,,,0.73,0.73,,0.0,0,False
2026-03-20 23:49:30+00:00,,,,,,,,0.73,0.73,,0.0,0,False
2026-03-20 23:50:00+00:00,,,,,,,,0.73,0.73,,0.0,0,False
2026-03-20 23:50:30+00:00,,,,,,,,0.73,0.73,,0.0,0,False
2026-03-20 23:51:00+00:00,,,,,,,,0.73,0.73,,0.0,0,False
2026-03-20 23:51:30+00:00,,,,,,,,0.73,0.73,,0.0,0,False
2026-03-20 23:52:00+00:00,,,,,,,,0.73,0.73,,0.0,0,False
2026-03-20 23:52:30+00:00,,,,,,,,0.73,0.73,,0.0,0,False
2026-03-20 23:53:00+00:00,,,,,,,,0.73,0.73,,0.0,0,False
2026-03-20 23:53:30+00:00,,,,,,,,0.73,0.73,,0.0,0,False
2026-03-20 23:54:00+00:00,,,,,,,,0.73,0.73,,6.0,1,False
2026-03-20 23:54:30+00:00,,,,,,,,0.73,0.73,,0.0,0,False
2026-03-20 23:55:00+00:00,,,,,,,,0.73,0.73,,0.0,0,False
2026-03-20 23:55:30+00:00,,,,,,,,0.73,0.73,,0.0,0,False
2026-03-20 23:56:00+00:00,,,,,,,,0.73,0.73,,0.0,0,False
2026-03-20 23:56:30+00:00,,,,,,,,0.73,0.73,,0.0,0,False
2026-03-20 23:57:00+00:00,,,,,,,,0.73,0.73,,0.0,0,False
2026-03-20 23:57:30+00:00,,,,,,,,0.73,0.73,,0.0,0,False
2026-03-20 23:58:00+00:00,,,,,,,,0.73,0.73,,0.0,0,False
2026-03-20 23:58:30+00:00,,,,,,,,0.73,0.73,,0.0,0,False
2026-03-20 23:59:00+00:00,,,,,,,,0.73,0.73,,0.0,0,False
2026-03-20 23:59:30+00:00,,,,,,,,0.73,0.73,,0.0,0,False
2026-03-21 00:00:00+00:00,,,,,,,,0.73,0.73,,0.0,0,False
2026-03-21 00:00:30+00:00,,,,,,,,0.73,0.73,,0.0,0,False
2026-03-21 00:01:00+00:00,,,,,,,,0.73,0.73,,0.0,0,False
2026-03-21 00:01:30+00:00,,,,,,,,0.73,0.73,,0.0,0,False
2026-03-21 00:02:00+00:00,,,,,,,,0.7200000000000001,0.72,,6.0,2,False
2026-03-21 00:02:30+00:00,,,,,,,,0.7200000000000001,0.72,,0.0,0,False
2026-03-21 00:03:00+00:00,,,,,,,,0.7200000000000001,0.72,,0.0,0,False
2026-03-21 00:03:30+00:00,,,,,,,,0.7200000000000001,0.72,,0.0,0,False
2026-03-21 00:04:00+00:00,,,,,,,,0.7200000000000001,0.72,,0.0,0,False
2026-03-21 00:04:30+00:00,,,,,,,,0.7200000000000001,0.72,,0.0,0,False
2026-03-21 00:05:00+00:00,,,,,,,,0.7200000000000001,0.72,,0.0,0,False
2026-03-21 00:05:30+00:00,,,,,,,,0.7200000000000001,0.72,,0.0,0,False
2026-03-21 00:06:00+00:00,,,,,,,,0.7200000000000001,0.72,,0.0,0,False
2026-03-21 00:06:30+00:00,,,,,,,,0.7200000000000001,0.72,,0.0,0,False
2026-03-21 00:07:00+00:00,,,,,,,,0.7200000000000001,0.72,,0.0,0,False
2026-03-21 00:07:30+00:00,,,,,,,,0.7,0.7,,4.0,1,False
2026-03-21 00:08:00+00:00,,,,,,,,0.7,0.7,,0.0,0,False
2026-03-21 00:08:30+00:00,,,,,,,,0.7,0.7,,0.0,0,False
2026-03-21 00:09:00+00:00,,,,,,,,0.7,0.7,,0.0,0,False
2026-03-21 00:09:30+00:00,,,,,,,,0.7,0.7,,0.0,0,False
2026-03-21 00:10:00+00:00,,,,,,,,0.7,0.7,,0.0,0,False
2026-03-21 00:10:30+00:00,,,,,,,,0.7,0.7,,0.0,0,False
2026-03-21 00:11:00+00:00,,,,,,,,0.7,0.7,,0.0,0,False
2026-03-21 00:11:30+00:00,,,,,,,,0.7,0.7,,0.0,0,False
2026-03-21 00:12:00+00:00,,,,,,,,0.7,0.7,,0.0,0,False
2026-03-21 00:12:30+00:00,,,,,,,,0.7,0.7,,0.0,0,False
2026-03-21 00:13:00+00:00,,,,,,,,0.7,0.7,,0.0,0,False
2026-03-21 00:13:30+00:00,,,,,,,,0.7,0.7,,0.0,0,False
2026-03-21 00:14:00+00:00,,,,,,,,0.7,0.7,,0.0,0,False
2026-03-21 00:14:30+00:00,,,,,,,,0.7,0.7,,0.0,0,False
2026-03-21 00:15:00+00:00,,,,,,,,0.7,0.7,,0.0,0,False
2026-03-21 00:15:30+00:00,,,,,,,,0.7,0.7,,0.0,0,False
2026-03-21 00:16:00+00:00,,,,,,,,0.7,0.7,,0.0,0,False
2026-03-21 00:16:30+00:00,,,,,,,,0.7,0.7,,0.0,0,False
2026-03-21 00:17:00+00:00,,,,,,,,0.7,0.7,,0.0,0,False
2026-03-21 00:17:30+00:00,,,,,,,,0.7,0.7,,0.0,0,False
2026-03-21 00:18:00+00:00,,,,,,,,0.71,0.71,,3.0,1,False
2026-03-21 00:18:30+00:00,,,,,,,,0.71,0.71,,0.0,0,False
2026-03-21 00:19:00+00:00,,,,,,,,0.71,0.71,,0.0,0,False
2026-03-21 00:19:30+00:00,,,,,,,,0.71,0.71,,0.0,0,False
2026-03-21 00:20:00+00:00,,,,,,,,0.71,0.71,,0.0,0,False
2026-03-21 00:20:30+00:00,,,,,,,,0.71,0.71,,0.0,0,False
2026-03-21 00:21:00+00:00,,,,,,,,0.71,0.71,,0.0,0,False
2026-03-21 00:21:30+00:00,,,,,,,,0.71,0.71,,0.0,0,False
2026-03-21 00:22:00+00:00,,,,,,,,0.71,0.71,,0.0,0,False
2026-03-21 00:22:30+00:00,,,,,,,,0.71,0.71,,0.0,0,False
2026-03-21 00:23:00+00:00,,,,,,,,0.71,0.71,,0.0,0,False
2026-03-21 00:23:30+00:00,,,,,,,,0.71,0.71,,16.0,1,False
2026-03-21 00:24:00+00:00,,,,,,,,0.73,0.73,,29.0,1,False
2026-03-21 00:24:30+00:00,,,,,,,,0.73,0.73,,0.0,0,False
2026-03-21 00:25:00+00:00,,,,,,,,0.73,0.73,,0.0,0,False
2026-03-21 00:25:30+00:00,,,,,,,,0.73,0.73,,0.0,0,False
2026-03-21 00:26:00+00:00,,,,,,,,0.73,0.73,,0.0,0,False
2026-03-21 00:26:30+00:00,,,,,,,,0.73,0.73,,0.0,0,False
2026-03-21 00:27:00+00:00,,,,,,,,0.73,0.73,,0.0,0,False
2026-03-21 00:27:30+00:00,,,,,,,,0.73,0.73,,0.0,0,False
2026-03-21 00:28:00+00:00,,,,,,,,0.73,0.73,,0.0,0,False
2026-03-21 00:28:30+00:00,,,,,,,,0.73,0.73,,0.0,0,False
2026-03-21 00:29:00+00:00,,,,,,,,0.73,0.73,,0.0,0,False
2026-03-21 00:29:30+00:00,,,,,,,,0.73,0.73,,0.0,0,False
2026-03-21 00:30:00+00:00,,,,,,,,0.73,0.73,,0.0,0,False
2026-03-21 00:30:30+00:00,,,,,,,,0.73,0.73,,0.0,0,False
2026-03-21 00:31:00+00:00,,,,,,,,0.73,0.73,,0.0,0,False
2026-03-21 00:31:30+00:00,,,,,,,,0.73,0.73,,0.0,0,False
2026-03-21 00:32:00+00:00,,,,,,,,0.73,0.73,,0.0,0,False
2026-03-21 00:32:30+00:00,,,,,,,,0.73,0.73,,0.0,0,False
2026-03-21 00:33:00+00:00,,,,,,,,0.73,0.73,,0.0,0,False
2026-03-21 00:33:30+00:00,,,,,,,,0.73,0.73,,0.0,0,False
2026-03-21 00:34:00+00:00,,,,,,,,0.73,0.73,,0.0,0,False
2026-03-21 00:34:30+00:00,,,,,,,,0.73,0.73,,0.0,0,False
2026-03-21 00:35:00+00:00,,,,,,,,0.73,0.73,,0.0,0,False
2026-03-21 00:35:30+00:00,,,,,,,,0.73,0.73,,0.0,0,False
2026-03-21 00:36:00+00:00,,,,,,,,0.73,0.73,,0.0,0,False
2026-03-21 00:36:30+00:00,,,,,,,,0.73,0.73,,0.0,0,False
2026-03-21 00:37:00+00:00,,,,,,,,0.73,0.73,,0.0,0,False
2026-03-21 00:37:30+00:00,,,,,,,,0.73,0.73,,0.0,0,False
2026-03-21 00:38:00+00:00,,,,,,,,0.73,0.73,,0.0,0,False
2026-03-21 00:38:30+00:00,,,,,,,,0.73,0.73,,0.0,0,False
2026-03-21 00:39:00+00:00,,,,,,,,0.73,0.73,,0.0,0,False
2026-03-21 00:39:30+00:00,,,,,,,,0.73,0.73,,0.0,0,False
2026-03-21 00:40:00+00:00,,,,,,,,0.73,0.73,,0.0,0,False
2026-03-21 00:40:30+00:00,,,,,,,,0.73,0.73,,0.0,0,False
2026-03-21 00:41:00+00:00,,,,,,,,0.73,0.73,,0.0,0,False
2026-03-21 00:41:30+00:00,,,,,,,,0.73,0.73,,0.0,0,False
2026-03-21 00:42:00+00:00,,,,,,,,0.73,0.73,,0.0,0,False
2026-03-21 00:42:30+00:00,,,,,,,,0.73,0.73,,0.0,0,False
2026-03-21 00:43:00+00:00,,,,,,,,0.73,0.73,,0.0,0,False
2026-03-21 00:43:30+00:00,,,,,,,,0.73,0.73,,0.0,0,False
2026-03-21 00:44:00+00:00,,,,,,,,0.73,0.73,,0.0,0,False
2026-03-21 00:44:30+00:00,,,,,,,,0.73,0.73,,0.0,0,False
2026-03-21 00:45:00+00:00,,,,,,,,0.73,0.73,,0.0,0,False
2026-03-21 00:45:30+00:00,,,,,,,,0.73,0.73,,0.0,0,False
2026-03-21 00:46:00+00:00,,,,,,,,0.73,0.73,,0.0,0,False
2026-03-21 00:46:30+00:00,,,,,,,,0.73,0.73,,0.0,0,False
2026-03-21 00:47:00+00:00,,,,,,,,0.73,0.73,,0.0,0,False
2026-03-21 00:47:30+00:00,,,,,,,,0.73,0.73,,0.0,0,False
2026-03-21 00:48:00+00:00,,,,,,,,0.73,0.73,,0.0,0,False
2026-03-21 00:48:30+00:00,,,,,,,,0.73,0.73,,0.0,0,False
2026-03-21 00:49:00+00:00,,,,,,,,0.73,0.73,,0.0,0,False
2026-03-21 00:49:30+00:00,,,,,,,,0.73,0.73,,0.0,0,False
2026-03-21 00:50:00+00:00,,,,,,,,0.73,0.73,,0.0,0,False
2026-03-21 00:50:30+00:00,,,,,,,,0.73,0.73,,0.0,0,False
2026-03-21 00:51:00+00:00,,,,,,,,0.73,0.73,,0.0,0,False
2026-03-21 00:51:30+00:00,,,,,,,,0.73,0.73,,0.0,0,False
2026-03-21 00:52:00+00:00,,,,,,,,0.73,0.73,,0.0,0,False
2026-03-21 00:52:30+00:00,,,,,,,,0.73,0.73,,0.0,0,False
2026-03-21 00:53:00+00:00,,,,,,,,0.73,0.73,,0.0,0,False
2026-03-21 00:53:30+00:00,,,,,,,,0.73,0.73,,0.0,0,False
2026-03-21 00:54:00+00:00,,,,,,,,0.73,0.73,,0.0,0,False
2026-03-21 00:54:30+00:00,,,,,,,,0.73,0.73,,0.0,0,False
2026-03-21 00:55:00+00:00,,,,,,,,0.73,0.73,,0.0,0,False
2026-03-21 00:55:30+00:00,,,,,,,,0.73,0.73,,0.0,0,False
2026-03-21 00:56:00+00:00,,,,,,,,0.73,0.73,,0.0,0,False
2026-03-21 00:56:30+00:00,,,,,,,,0.73,0.73,,0.0,0,False
2026-03-21 00:57:00+00:00,,,,,,,,0.73,0.73,,0.0,0,False
2026-03-21 00:57:30+00:00,,,,,,,,0.73,0.73,,0.0,0,False
2026-03-21 00:58:00+00:00,,,,,,,,0.73,0.73,,0.0,0,False
2026-03-21 00:58:30+00:00,,,,,,,,0.73,0.73,,0.0,0,False
2026-03-21 00:59:00+00:00,,,,,,,,0.73,0.73,,0.0,0,False
2026-03-21 00:59:30+00:00,,,,,,,,0.73,0.73,,0.0,0,False
2026-03-21 01:00:00+00:00,,,,,,,,0.73,0.73,,0.0,0,False
2026-03-21 01:00:30+00:00,,,,,,,,0.73,0.73,,0.0,0,False
2026-03-21 01:01:00+00:00,,,,,,,,0.73,0.73,,0.0,0,False
2026-03-21 01:01:30+00:00,,,,,,,,0.73,0.73,,0.0,0,False
2026-03-21 01:02:00+00:00,,,,,,,,0.73,0.73,,0.0,0,False
2026-03-21 01:02:30+00:00,,,,,,,,0.73,0.73,,0.0,0,False
2026-03-21 01:03:00+00:00,,,,,,,,0.73,0.73,,0.0,0,False
2026-03-21 01:03:30+00:00,,,,,,,,0.73,0.73,,0.0,0,False
2026-03-21 01:04:00+00:00,,,,,,,,0.73,0.73,,0.0,0,False
2026-03-21 01:04:30+00:00,,,,,,,,0.72,0.72,,13.0,1,False
2026-03-21 01:05:00+00:00,,,,,,,,0.72,0.72,,0.0,0,False
2026-03-21 01:05:30+00:00,,,,,,,,0.72,0.72,,0.0,0,False
2026-03-21 01:06:00+00:00,,,,,,,,0.72,0.72,,0.0,0,False
2026-03-21 01:06:30+00:00,,,,,,,,0.72,0.72,,0.0,0,False
2026-03-21 01:07:00+00:00,,,,,,,,0.72,0.72,,0.0,0,False
2026-03-21 01:07:30+00:00,,,,,,,,0.72,0.72,,0.0,0,False
2026-03-21 01:08:00+00:00,,,,,,,,0.72,0.72,,0.0,0,False
2026-03-21 01:08:30+00:00,,,,,,,,0.72,0.72,,0.0,0,False
2026-03-21 01:09:00+00:00,,,,,,,,0.72,0.72,,0.0,0,False
2026-03-21 01:09:30+00:00,,,,,,,,0.72,0.72,,0.0,0,False
2026-03-21 01:10:00+00:00,,,,,,,,0.72,0.72,,0.0,0,False
2026-03-21 01:10:30+00:00,,,,,,,,0.72,0.72,,0.0,0,False
2026-03-21 01:11:00+00:00,,,,,,,,0.72,0.72,,0.0,0,False
2026-03-21 01:11:30+00:00,,,,,,,,0.72,0.72,,0.0,0,False
2026-03-21 01:12:00+00:00,,,,,,,,0.72,0.72,,0.0,0,False
2026-03-21 01:12:30+00:00,,,,,,,,0.72,0.72,,0.0,0,False
2026-03-21 01:13:00+00:00,,,,,,,,0.72,0.72,,0.0,0,False
2026-03-21 01:13:30+00:00,,,,,,,,0.72,0.72,,0.0,0,False
2026-03-21 01:14:00+00:00,,,,,,,,0.72,0.72,,0.0,0,False
2026-03-21 01:14:30+00:00,,,,,,,,0.72,0.72,,0.0,0,False
2026-03-21 01:15:00+00:00,,,,,,,,0.72,0.72,,0.0,0,False
2026-03-21 01:15:30+00:00,,,,,,,,0.72,0.72,,0.0,0,False
2026-03-21 01:16:00+00:00,,,,,,,,0.72,0.72,,0.0,0,False
2026-03-21 01:16:30+00:00,,,,,,,,0.72,0.72,,0.0,0,False
2026-03-21 01:17:00+00:00,,,,,,,,0.72,0.72,,0.0,0,False
2026-03-21 01:17:30+00:00,,,,,,,,0.72,0.72,,0.0,0,False
2026-03-21 01:18:00+00:00,,,,,,,,0.72,0.72,,0.0,0,False
2026-03-21 01:18:30+00:00,,,,,,,,0.72,0.72,,0.0,0,False
2026-03-21 01:19:00+00:00,,,,,,,,0.72,0.72,,0.0,0,False
2026-03-21 01:19:30+00:00,,,,,,,,0.72,0.72,,0.0,0,False
2026-03-21 01:20:00+00:00,,,,,,,,0.72,0.72,,0.0,0,False
2026-03-21 01:20:30+00:00,,,,,,,,0.72,0.72,,0.0,0,False
2026-03-21 01:21:00+00:00,,,,,,,,0.72,0.72,,0.0,0,False
2026-03-21 01:21:30+00:00,,,,,,,,0.72,0.72,,0.0,0,False
2026-03-21 01:22:00+00:00,,,,,,,,0.73,0.73,,33.0,1,False
2026-03-21 01:22:30+00:00,,,,,,,,0.73,0.73,,0.0,0,False
2026-03-21 01:23:00+00:00,,,,,,,,0.73,0.73,,0.0,0,False
2026-03-21 01:23:30+00:00,,,,,,,,0.73,0.73,,0.0,0,False
2026-03-21 01:24:00+00:00,,,,,,,,0.73,0.73,,0.0,0,False
2026-03-21 01:24:30+00:00,,,,,,,,0.73,0.73,,0.0,0,False
2026-03-21 01:25:00+00:00,,,,,,,,0.73,0.73,,0.0,0,False
2026-03-21 01:25:30+00:00,,,,,,,,0.73,0.73,,0.0,0,False
2026-03-21 01:26:00+00:00,,,,,,,,0.73,0.73,,0.0,0,False
2026-03-21 01:26:30+00:00,,,,,,,,0.73,0.73,,0.0,0,False
2026-03-21 01:27:00+00:00,,,,,,,,0.73,0.73,,0.0,0,False
2026-03-21 01:27:30+00:00,,,,,,,,0.73,0.73,,0.0,0,False
2026-03-21 01:28:00+00:00,,,,,,,,0.73,0.73,,0.0,0,False
2026-03-21 01:28:30+00:00,,,,,,,,0.73,0.73,,0.0,0,False
2026-03-21 01:29:00+00:00,,,,,,,,0.73,0.73,,0.0,0,False
2026-03-21 01:29:30+00:00,,,,,,,,0.7300000000000001,0.73,,94.0,1,False
2026-03-21 01:30:00+00:00,,,,,,,,0.7300000000000001,0.73,,0.0,0,False
2026-03-21 01:30:30+00:00,,,,,,,,0.7300000000000001,0.73,,0.0,0,False
2026-03-21 01:31:00+00:00,,,,,,,,0.7300000000000001,0.73,,0.0,0,False
2026-03-21 01:31:30+00:00,,,,,,,,0.7300000000000001,0.73,,0.0,0,False
2026-03-21 01:32:00+00:00,,,,,,,,0.7300000000000001,0.73,,0.0,0,False
2026-03-21 01:32:30+00:00,,,,,,,,0.7300000000000001,0.73,,0.0,0,False
2026-03-21 01:33:00+00:00,,,,,,,,0.7300000000000001,0.73,,0.0,0,False
2026-03-21 01:33:30+00:00,,,,,,,,0.7300000000000001,0.73,,0.0,0,False
2026-03-21 01:34:00+00:00,,,,,,,,0.7300000000000001,0.73,,0.0,0,False
2026-03-21 01:34:30+00:00,,,,,,,,0.7,0.7,,15.0,1,False
2026-03-21 01:35:00+00:00,,,,,,,,0.7,0.7,,0.0,0,False
2026-03-21 01:35:30+00:00,,,,,,,,0.7,0.7,,0.0,0,False
2026-03-21 01:36:00+00:00,,,,,,,,0.7,0.7,,0.0,0,False
2026-03-21 01:36:30+00:00,,,,,,,,0.7,0.7,,0.0,0,False
2026-03-21 01:37:00+00:00,,,,,,,,0.7,0.7,,0.0,0,False
2026-03-21 01:37:30+00:00,,,,,,,,0.7,0.7,,0.0,0,False
2026-03-21 01:38:00+00:00,,,,,,,,0.7,0.7,,0.0,0,False
2026-03-21 01:38:30+00:00,,,,,,,,0.7,0.7,,0.0,0,False
2026-03-21 01:39:00+00:00,,,,,,,,0.7,0.7,,0.0,0,False
2026-03-21 01:39:30+00:00,,,,,,,,0.7,0.7,,0.0,0,False
2026-03-21 01:40:00+00:00,,,,,,,,0.7,0.7,,0.0,0,False
2026-03-21 01:40:30+00:00,,,,,,,,0.73,0.73,,20.0,1,False
2026-03-21 01:41:00+00:00,,,,,,,,0.73,0.73,,0.0,0,False
2026-03-21 01:41:30+00:00,,,,,,,,0.73,0.73,,0.0,0,False
2026-03-21 01:42:00+00:00,,,,,,,,0.73,0.73,,0.0,0,False
2026-03-21 01:42:30+00:00,,,,,,,,0.74,0.74,,26.0,1,False
2026-03-21 01:43:00+00:00,,,,,,,,0.74,0.74,,0.0,0,False
2026-03-21 01:43:30+00:00,,,,,,,,0.74,0.74,,0.0,0,False
2026-03-21 01:44:00+00:00,,,,,,,,0.74,0.74,,0.0,0,False
2026-03-21 01:44:30+00:00,,,,,,,,0.74,0.74,,0.0,0,False
2026-03-21 01:45:00+00:00,,,,,,,,0.74,0.74,,0.0,0,False
2026-03-21 01:45:30+00:00,,,,,,,,0.74,0.74,,0.0,0,False
2026-03-21 01:46:00+00:00,,,,,,,,0.74,0.74,,0.0,0,False
2026-03-21 01:46:30+00:00,,,,,,,,0.74,0.74,,0.0,0,False
2026-03-21 01:47:00+00:00,,,,,,,,0.74,0.74,,0.0,0,False
2026-03-21 01:47:30+00:00,,,,,,,,0.74,0.74,,0.0,0,False
2026-03-21 01:48:00+00:00,,,,,,,,0.74,0.74,,0.0,0,False
2026-03-21 01:48:30+00:00,,,,,,,,0.74,0.74,,0.0,0,False
2026-03-21 01:49:00+00:00,,,,,,,,0.7082051282051282,0.73,,195.0,4,False
2026-03-21 01:49:30+00:00,,,,,,,,0.7082051282051282,0.73,,0.0,0,False
2026-03-21 01:50:00+00:00,,,,,,,,0.7082051282051282,0.73,,0.0,0,False
2026-03-21 01:50:30+00:00,,,,,,,,0.7082051282051282,0.73,,0.0,0,False
2026-03-21 01:51:00+00:00,,,,,,,,0.7082051282051282,0.73,,0.0,0,False
2026-03-21 01:51:30+00:00,,,,,,,,0.7103973509933775,0.7,,604.0,5,False
2026-03-21 01:52:00+00:00,,,,,,,,0.7103973509933775,0.7,,0.0,0,False
2026-03-21 01:52:30+00:00,,,,,,,,0.7103973509933775,0.7,,0.0,0,False
2026-03-21 01:53:00+00:00,,,,,,,,0.7103973509933775,0.7,,0.0,0,False
2026-03-21 01:53:30+00:00,,,,,,,,0.7103973509933775,0.7,,0.0,0,False
2026-03-21 01:54:00+00:00,,,,,,,,0.7103973509933775,0.7,,0.0,0,False
2026-03-21 01:54:30+00:00,,,,,,,,0.7103973509933775,0.7,,0.0,0,False
2026-03-21 01:55:00+00:00,,,,,,,,0.73,0.73,,20.0,1,False
2026-03-21 01:55:30+00:00,,,,,,,,0.73,0.73,,26.0,1,False
2026-03-21 01:56:00+00:00,,,,,,,,0.73,0.73,,0.0,0,False
2026-03-21 01:56:30+00:00,,,,,,,,0.73,0.73,,0.0,0,False
2026-03-21 01:57:00+00:00,,,,,,,,0.73,0.73,,0.0,0,False
2026-03-21 01:57:30+00:00,,,,,,,,0.73,0.73,,0.0,0,False
2026-03-21 01:58:00+00:00,,,,,,,,0.73,0.73,,0.0,0,False
2026-03-21 01:58:30+00:00,,,,,,,,0.73,0.73,,0.0,0,False
2026-03-21 01:59:00+00:00,,,,,,,,0.73,0.73,,0.0,0,False
2026-03-21 01:59:30+00:00,,,,,,,,0.73,0.73,,0.0,0,False
2026-03-21 02:00:00+00:00,,,,,,,,0.73,0.73,,0.0,0,False
2026-03-21 02:00:30+00:00,,,,,,,,0.7,0.7,,64.0,2,False
2026-03-21 02:01:00+00:00,,,,,,,,0.7,0.7,,0.0,0,False
2026-03-21 02:01:30+00:00,,,,,,,,0.7,0.7,,0.0,0,False
2026-03-21 02:02:00+00:00,,,,,,,,0.7,0.7,,0.0,0,False
2026-03-21 02:02:30+00:00,,,,,,,,0.7,0.7,,0.0,0,False
2026-03-21 02:03:00+00:00,,,,,,,,0.7,0.7,,0.0,0,False
2026-03-21 02:03:30+00:00,,,,,,,,0.7,0.7,,0.0,0,False
2026-03-21 02:04:00+00:00,,,,,,,,0.7,0.7,,0.0,0,False
2026-03-21 02:04:30+00:00,,,,,,,,0.7,0.7,,0.0,0,False
2026-03-21 02:05:00+00:00,,,,,,,,0.7,0.7,,0.0,0,False
2026-03-21 02:05:30+00:00,,,,,,,,0.7,0.7,,15.0,1,False
2026-03-21 02:06:00+00:00,,,,,,,,0.7,0.7,,0.0,0,False
2026-03-21 02:06:30+00:00,,,,,,,,0.7,0.7,,0.0,0,False
2026-03-21 02:07:00+00:00,,,,,,,,0.72,0.72,,2.0,1,False
2026-03-21 02:07:30+00:00,,,,,,,,0.72,0.72,,0.0,0,False
2026-03-21 02:08:00+00:00,,,,,,,,0.72,0.72,,0.0,0,False
2026-03-21 02:08:30+00:00,,,,,,,,0.72,0.72,,0.0,0,False
2026-03-21 02:09:00+00:00,,,,,,,,0.72,0.72,,0.0,0,False
2026-03-21 02:09:30+00:00,,,,,,,,0.72,0.72,,0.0,0,False
2026-03-21 02:10:00+00:00,,,,,,,,0.72,0.72,,0.0,0,False
2026-03-21 02:10:30+00:00,,,,,,,,0.72,0.72,,0.0,0,False
2026-03-21 02:11:00+00:00,,,,,,,,0.72,0.72,,32.0,1,False
2026-03-21 02:11:30+00:00,,,,,,,,0.7006666666666665,0.71,,15.0,2,False
2026-03-21 02:12:00+00:00,,,,,,,,0.7006666666666665,0.71,,0.0,0,False
2026-03-21 02:12:30+00:00,,,,,,,,0.7006666666666665,0.71,,0.0,0,False
2026-03-21 02:13:00+00:00,,,,,,,,0.7006666666666665,0.71,,0.0,0,False
2026-03-21 02:13:30+00:00,,,,,,,,0.7006666666666665,0.71,,0.0,0,False
2026-03-21 02:14:00+00:00,,,,,,,,0.7006666666666665,0.71,,0.0,0,False
2026-03-21 02:14:30+00:00,,,,,,,,0.7006666666666665,0.71,,0.0,0,False
2026-03-21 02:15:00+00:00,,,,,,,,0.7006666666666665,0.71,,0.0,0,False
2026-03-21 02:15:30+00:00,,,,,,,,0.7006666666666665,0.71,,0.0,0,False
2026-03-21 02:16:00+00:00,,,,,,,,0.7006666666666665,0.71,,0.0,0,False
2026-03-21 02:16:30+00:00,,,,,,,,0.7006666666666665,0.71,,0.0,0,False
2026-03-21 02:17:00+00:00,,,,,,,,0.7006666666666665,0.71,,0.0,0,False
2026-03-21 02:17:30+00:00,,,,,,,,0.7006666666666665,0.71,,0.0,0,False
2026-03-21 02:18:00+00:00,,,,,,,,0.72,0.72,,1.0,1,False
2026-03-21 02:18:30+00:00,,,,,,,,0.72,0.72,,0.0,0,False
2026-03-21 02:19:00+00:00,,,,,,,,0.72,0.72,,0.0,0,False
2026-03-21 02:19:30+00:00,,,,,,,,0.72,0.72,,0.0,0,False
2026-03-21 02:20:00+00:00,,,,,,,,0.72,0.72,,0.0,0,False
2026-03-21 02:20:30+00:00,,,,,,,,0.72,0.72,,0.0,0,False
2026-03-21 02:21:00+00:00,,,,,,,,0.72,0.72,,0.0,0,False
2026-03-21 02:21:30+00:00,,,,,,,,0.72,0.72,,0.0,0,False
2026-03-21 02:22:00+00:00,,,,,,,,0.71,0.71,,32.0,2,False
2026-03-21 02:22:30+00:00,,,,,,,,0.71,0.71,,80.0,1,False
2026-03-21 02:23:00+00:00,,,,,,,,0.71,0.71,,0.0,0,False
2026-03-21 02:23:30+00:00,,,,,,,,0.71,0.71,,0.0,0,False
2026-03-21 02:24:00+00:00,,,,,,,,0.71,0.71,,0.0,0,False
2026-03-21 02:24:30+00:00,,,,,,,,0.71,0.71,,0.0,0,False
2026-03-21 02:25:00+00:00,,,,,,,,0.71,0.71,,0.0,0,False
2026-03-21 02:25:30+00:00,,,,,,,,0.71,0.71,,0.0,0,False
2026-03-21 02:26:00+00:00,,,,,,,,0.71,0.71,,0.0,0,False
2026-03-21 02:26:30+00:00,,,,,,,,0.71,0.71,,0.0,0,False
2026-03-21 02:27:00+00:00,,,,,,,,0.71,0.71,,0.0,0,False
2026-03-21 02:27:30+00:00,,,,,,,,0.71,0.71,,0.0,0,False
2026-03-21 02:28:00+00:00,,,,,,,,0.72,0.72,,1.0,1,False
2026-03-21 02:28:30+00:00,,,,,,,,0.72,0.72,,8.0,2,False
2026-03-21 02:29:00+00:00,,,,,,,,0.72,0.72,,0.0,0,False
2026-03-21 02:29:30+00:00,,,,,,,,0.72,0.72,,0.0,0,False
2026-03-21 02:30:00+00:00,,,,,,,,0.71,0.71,,3.0,1,False
2026-03-21 02:30:30+00:00,,,,,,,,0.71,0.71,,20.0,1,False
2026-03-21 02:31:00+00:00,,,,,,,,0.71,0.71,,0.0,0,False
2026-03-21 02:31:30+00:00,,,,,,,,0.71,0.71,,0.0,0,False
2026-03-21 02:32:00+00:00,,,,,,,,0.71,0.71,,0.0,0,False
2026-03-21 02:32:30+00:00,,,,,,,,0.71,0.71,,0.0,0,False
2026-03-21 02:33:00+00:00,,,,,,,,0.71,0.71,,0.0,0,False
2026-03-21 02:33:30+00:00,,,,,,,,0.71,0.71,,0.0,0,False
2026-03-21 02:34:00+00:00,,,,,,,,0.71,0.71,,0.0,0,False
2026-03-21 02:34:30+00:00,,,,,,,,0.71,0.71,,0.0,0,False
2026-03-21 02:35:00+00:00,,,,,,,,0.71,0.71,,0.0,0,False
2026-03-21 02:35:30+00:00,,,,,,,,0.71,0.71,,0.0,0,False
2026-03-21 02:36:00+00:00,,,,,,,,0.71,0.71,,0.0,0,False
2026-03-21 02:36:30+00:00,,,,,,,,0.72,0.72,,18.0,1,False
2026-03-21 02:37:00+00:00,,,,,,,,0.72,0.72,,0.0,0,False
2026-03-21 02:37:30+00:00,,,,,,,,0.72,0.72,,0.0,0,False
2026-03-21 02:38:00+00:00,,,,,,,,0.72,0.72,,0.0,0,False
2026-03-21 02:38:30+00:00,,,,,,,,0.71,0.71,,16.0,1,False
2026-03-21 02:39:00+00:00,,,,,,,,0.71,0.71,,0.0,0,False
2026-03-21 02:39:30+00:00,,,,,,,,0.71,0.71,,0.0,0,False
2026-03-21 02:40:00+00:00,,,,,,,,0.71,0.71,,0.0,0,False
2026-03-21 02:40:30+00:00,,,,,,,,0.71,0.71,,0.0,0,False
2026-03-21 02:41:00+00:00,,,,,,,,0.71,0.71,,0.0,0,False
2026-03-21 02:41:30+00:00,,,,,,,,0.71,0.71,,0.0,0,False
2026-03-21 02:42:00+00:00,,,,,,,,0.71,0.71,,0.0,0,False
2026-03-21 02:42:30+00:00,,,,,,,,0.71,0.71,,0.0,0,False
2026-03-21 02:43:00+00:00,,,,,,,,0.71,0.71,,0.0,0,False
2026-03-21 02:43:30+00:00,,,,,,,,0.71,0.71,,0.0,0,False
2026-03-21 02:44:00+00:00,,,,,,,,0.71,0.71,,0.0,0,False
2026-03-21 02:44:30+00:00,,,,,,,,0.71,0.71,,0.0,0,False
2026-03-21 02:45:00+00:00,,,,,,,,0.71,0.71,,0.0,0,False
2026-03-21 02:45:30+00:00,,,,,,,,0.71,0.71,,0.0,0,False
2026-03-21 02:46:00+00:00,,,,,,,,0.71,0.71,,0.0,0,False
2026-03-21 02:46:30+00:00,,,,,,,,0.72,0.72,,20.0,1,False
2026-03-21 02:47:00+00:00,,,,,,,,0.72,0.72,,0.0,0,False
2026-03-21 02:47:30+00:00,,,,,,,,0.72,0.72,,0.0,0,False
2026-03-21 02:48:00+00:00,,,,,,,,0.72,0.72,,0.0,0,False
2026-03-21 02:48:30+00:00,,,,,,,,0.72,0.72,,0.0,0,False
2026-03-21 02:49:00+00:00,,,,,,,,0.71,0.71,,5.0,1,False
2026-03-21 02:49:30+00:00,,,,,,,,0.71,0.71,,65.0,1,False
2026-03-21 02:50:00+00:00,,,,,,,,0.71,0.71,,0.0,0,False
2026-03-21 02:50:30+00:00,,,,,,,,0.71,0.71,,0.0,0,False
2026-03-21 02:51:00+00:00,,,,,,,,0.71,0.71,,3.0,1,False
2026-03-21 02:51:30+00:00,,,,,,,,0.71,0.71,,0.0,0,False
2026-03-21 02:52:00+00:00,,,,,,,,0.71,0.71,,0.0,0,False
2026-03-21 02:52:30+00:00,,,,,,,,0.71,0.71,,0.0,0,False
2026-03-21 02:53:00+00:00,,,,,,,,0.73,0.73,,10.0,1,False
2026-03-21 02:53:30+00:00,,,,,,,,0.715,0.72,,2.0,2,False
2026-03-21 02:54:00+00:00,,,,,,,,0.715,0.72,,0.0,0,False
2026-03-21 02:54:30+00:00,,,,,,,,0.715,0.72,,0.0,0,False
2026-03-21 02:55:00+00:00,,,,,,,,0.715,0.72,,0.0,0,False
2026-03-21 02:55:30+00:00,,,,,,,,0.715,0.72,,0.0,0,False
2026-03-21 02:56:00+00:00,,,,,,,,0.715,0.72,,0.0,0,False
2026-03-21 02:56:30+00:00,,,,,,,,0.7199999999999999,0.72,,27.0,1,False
2026-03-21 02:57:00+00:00,,,,,,,,0.7199999999999999,0.72,,0.0,0,False
2026-03-21 02:57:30+00:00,,,,,,,,0.73,0.73,,1.0,1,False
2026-03-21 02:58:00+00:00,,,,,,,,0.73,0.73,,0.0,0,False
2026-03-21 02:58:30+00:00,,,,,,,,0.73,0.73,,0.0,0,False
2026-03-21 02:59:00+00:00,,,,,,,,0.73,0.73,,0.0,0,False
2026-03-21 02:59:30+00:00,,,,,,,,0.73,0.73,,0.0,0,False
2026-03-21 03:00:00+00:00,,,,,,,,0.73,0.73,,0.0,0,False
2026-03-21 03:00:30+00:00,,,,,,,,0.73,0.73,,0.0,0,False
2026-03-21 03:01:00+00:00,,,,,,,,0.72,0.72,,135.0,1,False
2026-03-21 03:01:30+00:00,,,,,,,,0.72,0.72,,135.0,1,False
2026-03-21 03:02:00+00:00,,,,,,,,0.72,0.72,,0.0,0,False
2026-03-21 03:02:30+00:00,,,,,,,,0.72,0.72,,0.0,0,False
2026-03-21 03:03:00+00:00,,,,,,,,0.72,0.72,,0.0,0,False
2026-03-21 03:03:30+00:00,,,,,,,,0.72,0.72,,0.0,0,False
2026-03-21 03:04:00+00:00,,,,,,,,0.72,0.72,,0.0,0,False
2026-03-21 03:04:30+00:00,,,,,,,,0.72,0.72,,0.0,0,False
2026-03-21 03:05:00+00:00,,,,,,,,0.72,0.72,,0.0,0,False
2026-03-21 03:05:30+00:00,,,,,,,,0.72,0.72,,0.0,0,False
2026-03-21 03:06:00+00:00,,,,,,,,0.72,0.72,,0.0,0,False
2026-03-21 03:06:30+00:00,,,,,,,,0.72,0.72,,0.0,0,False
2026-03-21 03:07:00+00:00,,,,,,,,0.72,0.72,,0.0,0,False
2026-03-21 03:07:30+00:00,,,,,,,,0.72,0.72,,0.0,0,False
2026-03-21 03:08:00+00:00,,,,,,,,0.72,0.72,,0.0,0,False
2026-03-21 03:08:30+00:00,,,,,,,,0.72,0.72,,0.0,0,False
2026-03-21 03:09:00+00:00,,,,,,,,0.72,0.72,,0.0,0,False
2026-03-21 03:09:30+00:00,,,,,,,,0.72,0.72,,0.0,0,False
2026-03-21 03:10:00+00:00,,,,,,,,0.71,0.71,,1.0,1,False
2026-03-21 03:10:30+00:00,,,,,,,,0.71,0.71,,0.0,0,False
2026-03-21 03:11:00+00:00,,,,,,,,0.71,0.71,,0.0,0,False
2026-03-21 03:11:30+00:00,,,,,,,,0.71,0.71,,0.0,0,False
2026-03-21 03:12:00+00:00,,,,,,,,0.71,0.71,,0.0,0,False
2026-03-21 03:12:30+00:00,,,,,,,,0.71,0.71,,0.0,0,False
2026-03-21 03:13:00+00:00,,,,,,,,0.71,0.71,,0.0,0,False
2026-03-21 03:13:30+00:00,,,,,,,,0.71,0.71,,0.0,0,False
2026-03-21 03:14:00+00:00,,,,,,,,0.71,0.71,,486.0,3,False
2026-03-21 03:14:30+00:00,,,,,,,,0.71,0.71,,0.0,0,False
2026-03-21 03:15:00+00:00,,,,,,,,0.71,0.71,,0.0,0,False
2026-03-21 03:15:30+00:00,,,,,,,,0.71,0.71,,0.0,0,False
2026-03-21 03:16:00+00:00,,,,,,,,0.72,0.72,,1.0,1,False
2026-03-21 03:16:30+00:00,,,,,,,,0.72,0.72,,0.0,0,False
2026-03-21 03:17:00+00:00,,,,,,,,0.72,0.72,,0.0,0,False
2026-03-21 03:17:30+00:00,,,,,,,,0.72,0.72,,0.0,0,False
2026-03-21 03:18:00+00:00,,,,,,,,0.72,0.72,,0.0,0,False
2026-03-21 03:18:30+00:00,,,,,,,,0.72,0.72,,0.0,0,False
2026-03-21 03:19:00+00:00,,,,,,,,0.72,0.72,,0.0,0,False
2026-03-21 03:19:30+00:00,,,,,,,,0.72,0.72,,0.0,0,False
2026-03-21 03:20:00+00:00,,,,,,,,0.72,0.72,,0.0,0,False
2026-03-21 03:20:30+00:00,,,,,,,,0.72,0.72,,0.0,0,False
2026-03-21 03:21:00+00:00,,,,,,,,0.72,0.72,,0.0,0,False
2026-03-21 03:21:30+00:00,,,,,,,,0.72,0.72,,0.0,0,False
2026-03-21 03:22:00+00:00,,,,,,,,0.72,0.72,,0.0,0,False
2026-03-21 03:22:30+00:00,,,,,,,,0.72,0.72,,0.0,0,False
2026-03-21 03:23:00+00:00,,,,,,,,0.72,0.72,,0.0,0,False
2026-03-21 03:23:30+00:00,,,,,,,,0.72,0.72,,0.0,0,False
2026-03-21 03:24:00+00:00,,,,,,,,0.71,0.71,,6.0,1,False
2026-03-21 03:24:30+00:00,,,,,,,,0.71,0.71,,0.0,0,False
2026-03-21 03:25:00+00:00,,,,,,,,0.7,0.7,,8.0,1,False
2026-03-21 03:25:30+00:00,,,,,,,,0.7,0.7,,0.0,0,False
2026-03-21 03:26:00+00:00,,,,,,,,0.7,0.7,,0.0,0,False
2026-03-21 03:26:30+00:00,,,,,,,,0.7200000000000001,0.72,,170.0,2,False
2026-03-21 03:27:00+00:00,,,,,,,,0.7200000000000001,0.72,,0.0,0,False
2026-03-21 03:27:30+00:00,,,,,,,,0.7200000000000001,0.72,,0.0,0,False
2026-03-21 03:28:00+00:00,,,,,,,,0.7200000000000001,0.72,,0.0,0,False
2026-03-21 03:28:30+00:00,,,,,,,,0.7200000000000001,0.72,,0.0,0,False
2026-03-21 03:29:00+00:00,,,,,,,,0.7200000000000001,0.72,,0.0,0,False
2026-03-21 03:29:30+00:00,,,,,,,,0.7001724137931035,0.71,,58.0,2,False
2026-03-21 03:30:00+00:00,,,,,,,,0.73,0.73,,13.0,1,False
2026-03-21 03:30:30+00:00,,,,,,,,0.73,0.73,,0.0,0,False
2026-03-21 03:31:00+00:00,,,,,,,,0.73,0.73,,0.0,0,False
2026-03-21 03:31:30+00:00,,,,,,,,0.7,0.7,,50.0,1,False
2026-03-21 03:32:00+00:00,,,,,,,,0.73,0.73,,5.0,2,False
2026-03-21 03:32:30+00:00,,,,,,,,0.73,0.73,,46.0,1,False
2026-03-21 03:33:00+00:00,,,,,,,,0.73,0.73,,0.0,0,False
2026-03-21 03:33:30+00:00,,,,,,,,0.73,0.73,,0.0,0,False
2026-03-21 03:34:00+00:00,,,,,,,,0.73,0.73,,0.0,0,False
2026-03-21 03:34:30+00:00,,,,,,,,0.73,0.73,,133.0,1,False
2026-03-21 03:35:00+00:00,,,,,,,,0.73,0.73,,0.0,0,False
2026-03-21 03:35:30+00:00,,,,,,,,0.73,0.73,,0.0,0,False
2026-03-21 03:36:00+00:00,,,,,,,,0.73,0.73,,21.0,2,False
2026-03-21 03:36:30+00:00,,,,,,,,0.73,0.73,,0.0,0,False
2026-03-21 03:37:00+00:00,,,,,,,,0.73,0.73,,0.0,0,False
2026-03-21 03:37:30+00:00,,,,,,,,0.73,0.73,,0.0,0,False
2026-03-21 03:38:00+00:00,,,,,,,,0.73,0.73,,0.0,0,False
2026-03-21 03:38:30+00:00,,,,,,,,0.73,0.73,,13.0,1,False
2026-03-21 03:39:00+00:00,,,,,,,,0.73,0.73,,0.0,0,False
2026-03-21 03:39:30+00:00,,,,,,,,0.73,0.73,,0.0,0,False
2026-03-21 03:40:00+00:00,,,,,,,,0.73,0.73,,0.0,0,False
2026-03-21 03:40:30+00:00,,,,,,,,0.73,0.73,,10.0,1,False
2026-03-21 03:41:00+00:00,,,,,,,,0.73,0.73,,0.0,0,False
2026-03-21 03:41:30+00:00,,,,,,,,0.73,0.73,,0.0,0,False
2026-03-21 03:42:00+00:00,,,,,,,,0.73,0.73,,0.0,0,False
2026-03-21 03:42:30+00:00,,,,,,,,0.73,0.73,,0.0,0,False
2026-03-21 03:43:00+00:00,,,,,,,,0.73,0.73,,0.0,0,False
2026-03-21 03:43:30+00:00,,,,,,,,0.73,0.73,,0.0,0,False
2026-03-21 03:44:00+00:00,,,,,,,,0.73,0.73,,0.0,0,False
2026-03-21 03:44:30+00:00,,,,,,,,0.73,0.73,,0.0,0,False
2026-03-21 03:45:00+00:00,,,,,,,,0.73,0.73,,0.0,0,False
2026-03-21 03:45:30+00:00,,,,,,,,0.73,0.73,,0.0,0,False
2026-03-21 03:46:00+00:00,,,,,,,,0.73,0.73,,0.0,0,False
2026-03-21 03:46:30+00:00,,,,,,,,0.73,0.73,,13.0,1,False
2026-03-21 03:47:00+00:00,,,,,,,,0.73,0.73,,0.0,0,False
2026-03-21 03:47:30+00:00,,,,,,,,0.73,0.73,,0.0,0,False
2026-03-21 03:48:00+00:00,,,,,,,,0.73,0.73,,0.0,0,False
2026-03-21 03:48:30+00:00,,,,,,,,0.73,0.73,,0.0,0,False
2026-03-21 03:49:00+00:00,,,,,,,,0.73,0.73,,4.0,1,False
2026-03-21 03:49:30+00:00,,,,,,,,0.73,0.73,,0.0,0,False
2026-03-21 03:50:00+00:00,,,,,,,,0.73,0.73,,0.0,0,False
2026-03-21 03:50:30+00:00,,,,,,,,0.7,0.7,,965.0,1,False
2026-03-21 03:51:00+00:00,,,,,,,,0.7,0.7,,0.0,0,False
2026-03-21 03:51:30+00:00,,,,,,,,0.7,0.7,,0.0,0,False
2026-03-21 03:52:00+00:00,,,,,,,,0.7,0.7,,0.0,0,False
2026-03-21 03:52:30+00:00,,,,,,,,0.7,0.7,,0.0,0,False
2026-03-21 03:53:00+00:00,,,,,,,,0.7,0.7,,0.0,0,False
2026-03-21 03:53:30+00:00,,,,,,,,0.73,0.73,,1.0,1,False
2026-03-21 03:54:00+00:00,,,,,,,,0.7,0.7,,93.0,2,False
2026-03-21 03:54:30+00:00,,,,,,,,0.7,0.7,,5.0,1,False
2026-03-21 03:55:00+00:00,,,,,,,,0.7,0.7,,0.0,0,False
2026-03-21 03:55:30+00:00,,,,,,,,0.73,0.73,,17.0,1,False
2026-03-21 03:56:00+00:00,,,,,,,,0.73,0.73,,0.0,0,False
2026-03-21 03:56:30+00:00,,,,,,,,0.73,0.73,,0.0,0,False
2026-03-21 03:57:00+00:00,,,,,,,,0.73,0.73,,0.0,0,False
2026-03-21 03:57:30+00:00,,,,,,,,0.73,0.73,,0.0,0,False
2026-03-21 03:58:00+00:00,,,,,,,,0.73,0.73,,0.0,0,False
2026-03-21 03:58:30+00:00,,,,,,,,0.73,0.73,,0.0,0,False
2026-03-21 03:59:00+00:00,,,,,,,,0.73,0.73,,0.0,0,False
2026-03-21 03:59:30+00:00,,,,,,,,0.73,0.73,,0.0,0,False
2026-03-21 04:00:00+00:00,,,,,,,,0.7299999999999999,0.73,,112.0,1,False
2026-03-21 04:00:30+00:00,,,,,,,,0.7299999999999999,0.73,,0.0,0,False
2026-03-21 04:01:00+00:00,,,,,,,,0.7299999999999999,0.73,,0.0,0,False
2026-03-21 04:01:30+00:00,,,,,,,,0.73,0.73,,24.0,1,False
2026-03-21 04:02:00+00:00,,,,,,,,0.7,0.7,,78.0,1,False
2026-03-21 04:02:30+00:00,,,,,,,,0.73,0.73,,1.0,1,False
2026-03-21 04:03:00+00:00,,,,,,,,0.73,0.73,,0.0,0,False
2026-03-21 04:03:30+00:00,,,,,,,,0.7,0.7,,40.0,1,False
2026-03-21 04:04:00+00:00,,,,,,,,0.7,0.7,,0.0,0,False
2026-03-21 04:04:30+00:00,,,,,,,,0.7,0.7,,0.0,0,False
2026-03-21 04:05:00+00:00,,,,,,,,0.7,0.7,,0.0,0,False
2026-03-21 04:05:30+00:00,,,,,,,,0.7,0.7,,2.0,2,False
2026-03-21 04:06:00+00:00,,,,,,,,0.7,0.7,,0.0,0,False
2026-03-21 04:06:30+00:00,,,,,,,,0.73,0.73,,66.0,1,False
2026-03-21 04:07:00+00:00,,,,,,,,0.73,0.73,,13.0,1,False
2026-03-21 04:07:30+00:00,,,,,,,,0.73,0.73,,133.0,1,False
2026-03-21 04:08:00+00:00,,,,,,,,0.73,0.73,,0.0,0,False
2026-03-21 04:08:30+00:00,,,,,,,,0.73,0.73,,0.0,0,False
2026-03-21 04:09:00+00:00,,,,,,,,0.73,0.73,,0.0,0,False
2026-03-21 04:09:30+00:00,,,,,,,,0.73,0.73,,0.0,0,False
2026-03-21 04:10:00+00:00,,,,,,,,0.73,0.73,,0.0,0,False
2026-03-21 04:10:30+00:00,,,,,,,,0.73,0.73,,0.0,0,False
2026-03-21 04:11:00+00:00,,,,,,,,0.73,0.73,,0.0,0,False
2026-03-21 04:11:30+00:00,,,,,,,,0.73,0.73,,0.0,0,False
2026-03-21 04:12:00+00:00,,,,,,,,0.73,0.73,,0.0,0,False
2026-03-21 04:12:30+00:00,,,,,,,,0.73,0.73,,266.0,1,False
2026-03-21 04:13:00+00:00,,,,,,,,0.73,0.73,,55.0,1,False
2026-03-21 04:13:30+00:00,,,,,,,,0.73,0.73,,26.0,1,False
2026-03-21 04:14:00+00:00,,,,,,,,0.73,0.73,,0.0,0,False
2026-03-21 04:14:30+00:00,,,,,,,,0.73,0.73,,0.0,0,False
2026-03-21 04:15:00+00:00,,,,,,,,0.73,0.73,,20.0,1,False
2026-03-21 04:15:30+00:00,,,,,,,,0.73,0.73,,0.0,0,False
2026-03-21 04:16:00+00:00,,,,,,,,0.73,0.73,,0.0,0,False
2026-03-21 04:16:30+00:00,,,,,,,,0.73,0.73,,0.0,0,False
2026-03-21 04:17:00+00:00,,,,,,,,0.73,0.73,,0.0,0,False
2026-03-21 04:17:30+00:00,,,,,,,,0.73,0.73,,0.0,0,False
2026-03-21 04:18:00+00:00,,,,,,,,0.73,0.73,,0.0,0,False
2026-03-21 04:18:30+00:00,,,,,,,,0.7,0.7,,91.0,1,False
2026-03-21 04:19:00+00:00,,,,,,,,0.7,0.7,,0.0,0,False
2026-03-21 04:19:30+00:00,,,,,,,,0.7,0.7,,0.0,0,False
2026-03-21 04:20:00+00:00,,,,,,,,0.7199999999999999,0.72,,27.0,1,False
2026-03-21 04:20:30+00:00,,,,,,,,0.7199999999999999,0.72,,0.0,0,False
2026-03-21 04:21:00+00:00,,,,,,,,0.7199999999999999,0.72,,0.0,0,False
2026-03-21 04:21:30+00:00,,,,,,,,0.7199999999999999,0.72,,0.0,0,False
2026-03-21 04:22:00+00:00,,,,,,,,0.72,0.72,,20.0,1,False
2026-03-21 04:22:30+00:00,,,,,,,,0.72,0.72,,1.0,1,False
2026-03-21 04:23:00+00:00,,,,,,,,0.72,0.72,,9.0,1,False
2026-03-21 04:23:30+00:00,,,,,,,,0.7,0.7,,4.0,1,False
2026-03-21 04:24:00+00:00,,,,,,,,0.7,0.7,,0.0,0,False
2026-03-21 04:24:30+00:00,,,,,,,,0.7,0.7,,0.0,0,False
2026-03-21 04:25:00+00:00,,,,,,,,0.7,0.7,,0.0,0,False
2026-03-21 04:25:30+00:00,,,,,,,,0.7,0.7,,0.0,0,False
2026-03-21 04:26:00+00:00,,,,,,,,0.7,0.7,,15.0,1,False
2026-03-21 04:26:30+00:00,,,,,,,,0.7114821124361158,0.7,,587.0,3,False
2026-03-21 04:27:00+00:00,,,,,,,,0.7114821124361158,0.7,,0.0,0,False
2026-03-21 04:27:30+00:00,,,,,,,,0.7114821124361158,0.7,,0.0,0,False
2026-03-21 04:28:00+00:00,,,,,,,,0.7114821124361158,0.7,,0.0,0,False
2026-03-21 04:28:30+00:00,,,,,,,,0.7114821124361158,0.7,,0.0,0,False
2026-03-21 04:29:00+00:00,,,,,,,,0.7,0.7,,63.0,1,False
2026-03-21 04:29:30+00:00,,,,,,,,0.7,0.7,,0.0,0,False
2026-03-21 04:30:00+00:00,,,,,,,,0.7,0.7,,0.0,0,False
2026-03-21 04:30:30+00:00,,,,,,,,0.7,0.7,,0.0,0,False
2026-03-21 04:31:00+00:00,,,,,,,,0.7,0.7,,0.0,0,False
2026-03-21 04:31:30+00:00,,,,,,,,0.71,0.7,,2.0,2,False
2026-03-21 04:32:00+00:00,,,,,,,,0.71,0.7,,0.0,0,False
2026-03-21 04:32:30+00:00,,,,,,,,0.71,0.7,,0.0,0,False
2026-03-21 04:33:00+00:00,,,,,,,,0.7,0.7,,158.0,1,False
2026-03-21 04:33:30+00:00,,,,,,,,0.7,0.7,,0.0,0,False
2026-03-21 04:34:00+00:00,,,,,,,,0.72,0.72,,817.0,1,False
2026-03-21 04:34:30+00:00,,,,,,,,0.72,0.72,,0.0,0,False
2026-03-21 04:35:00+00:00,,,,,,,,0.72,0.72,,0.0,0,False
2026-03-21 04:35:30+00:00,,,,,,,,0.72,0.72,,0.0,0,False
2026-03-21 04:36:00+00:00,,,,,,,,0.72,0.72,,0.0,0,False
2026-03-21 04:36:30+00:00,,,,,,,,0.72,0.72,,0.0,0,False
2026-03-21 04:37:00+00:00,,,,,,,,0.72,0.72,,0.0,0,False
2026-03-21 04:37:30+00:00,,,,,,,,0.72,0.72,,0.0,0,False
2026-03-21 04:38:00+00:00,,,,,,,,0.72,0.72,,0.0,0,False
2026-03-21 04:38:30+00:00,,,,,,,,0.7200000000000001,0.72,,3.0,1,False
2026-03-21 04:39:00+00:00,,,,,,,,0.7,0.7,,371.0,2,False
2026-03-21 04:39:30+00:00,,,,,,,,0.7,0.7,,0.0,0,False
2026-03-21 04:40:00+00:00,,,,,,,,0.7,0.7,,0.0,0,False
2026-03-21 04:40:30+00:00,,,,,,,,0.7,0.7,,0.0,0,False
2026-03-21 04:41:00+00:00,,,,,,,,0.7,0.7,,0.0,0,False
2026-03-21 04:41:30+00:00,,,,,,,,0.7,0.7,,0.0,0,False
2026-03-21 04:42:00+00:00,,,,,,,,0.7199999999999999,0.72,,17.0,2,False
2026-03-21 04:42:30+00:00,,,,,,,,0.72,0.72,,67.0,1,False
2026-03-21 04:43:00+00:00,,,,,,,,0.7,0.7,,26.0,1,False
2026-03-21 04:43:30+00:00,,,,,,,,0.7,0.7,,0.0,0,False
2026-03-21 04:44:00+00:00,,,,,,,,0.7,0.7,,0.0,0,False
2026-03-21 04:44:30+00:00,,,,,,,,0.7,0.7,,0.0,0,False
2026-03-21 04:45:00+00:00,,,,,,,,0.72,0.72,,34.0,1,False
2026-03-21 04:45:30+00:00,,,,,,,,0.72,0.72,,0.0,0,False
2026-03-21 04:46:00+00:00,,,,,,,,0.72,0.72,,13.0,1,False
2026-03-21 04:46:30+00:00,,,,,,,,0.72,0.72,,0.0,0,False
2026-03-21 04:47:00+00:00,,,,,,,,0.7200000000000001,0.72,,6.0,1,False
2026-03-21 04:47:30+00:00,,,,,,,,0.7200000000000001,0.72,,0.0,0,False
2026-03-21 04:48:00+00:00,,,,,,,,0.7200000000000001,0.72,,0.0,0,False
2026-03-21 04:48:30+00:00,,,,,,,,0.7164772727272728,0.7,,352.0,3,False
2026-03-21 04:49:00+00:00,,,,,,,,0.72,0.72,,66.0,1,False
2026-03-21 04:49:30+00:00,,,,,,,,0.7189655172413794,0.7,,290.0,2,False
2026-03-21 04:50:00+00:00,,,,,,,,0.7189655172413794,0.7,,0.0,0,False
2026-03-21 04:50:30+00:00,,,,,,,,0.7189655172413794,0.7,,0.0,0,False
2026-03-21 04:51:00+00:00,,,,,,,,0.7189655172413794,0.7,,0.0,0,False
2026-03-21 04:51:30+00:00,,,,,,,,0.7189655172413794,0.7,,0.0,0,False
2026-03-21 04:52:00+00:00,,,,,,,,0.72,0.72,,68.0,1,False
2026-03-21 04:52:30+00:00,,,,,,,,0.72,0.72,,0.0,0,False
2026-03-21 04:53:00+00:00,,,,,,,,0.7200000000000001,0.72,,6.0,1,False
2026-03-21 04:53:30+00:00,,,,,,,,0.7200000000000001,0.72,,0.0,0,False
2026-03-21 04:54:00+00:00,,,,,,,,0.72,0.72,,100.0,1,False
2026-03-21 04:54:30+00:00,,,,,,,,0.7199999999999999,0.72,,27.0,1,False
2026-03-21 04:55:00+00:00,,,,,,,,0.7199999999999999,0.72,,0.0,0,False
2026-03-21 04:55:30+00:00,,,,,,,,0.7199999999999999,0.72,,0.0,0,False
2026-03-21 04:56:00+00:00,,,,,,,,0.7199999999999999,0.72,,0.0,0,False
2026-03-21 04:56:30+00:00,,,,,,,,0.7199999999999999,0.72,,0.0,0,False
2026-03-21 04:57:00+00:00,,,,,,,,0.7,0.7,,156.0,1,False
2026-03-21 04:57:30+00:00,,,,,,,,0.7,0.7,,0.0,0,False
2026-03-21 04:58:00+00:00,,,,,,,,0.7,0.7,,0.0,0,False
2026-03-21 04:58:30+00:00,,,,,,,,0.7,0.7,,0.0,0,False
2026-03-21 04:59:00+00:00,,,,,,,,0.6999999999999998,0.7,,3.0,1,False
2026-03-21 04:59:30+00:00,,,,,,,,0.6999999999999998,0.7,,0.0,0,False
2026-03-21 05:00:00+00:00,,,,,,,,0.71,0.71,,1.0,1,False
2026-03-21 05:00:30+00:00,,,,,,,,0.7,0.7,,81.0,1,False
2026-03-21 05:01:00+00:00,,,,,,,,0.72,0.72,,16.0,1,False
2026-03-21 05:01:30+00:00,,,,,,,,0.72,0.72,,0.0,0,False
2026-03-21 05:02:00+00:00,,,,,,,,0.72,0.72,,0.0,0,False
2026-03-21 05:02:30+00:00,,,,,,,,0.72,0.72,,0.0,0,False
2026-03-21 05:03:00+00:00,,,,,,,,0.72,0.72,,0.0,0,False
2026-03-21 05:03:30+00:00,,,,,,,,0.71,0.71,,16.0,1,False
2026-03-21 05:04:00+00:00,,,,,,,,0.71,0.71,,0.0,0,False
2026-03-21 05:04:30+00:00,,,,,,,,0.71,0.71,,0.0,0,False
2026-03-21 05:05:00+00:00,,,,,,,,0.7162499999999999,0.71,,16.0,2,False
2026-03-21 05:05:30+00:00,,,,,,,,0.7162499999999999,0.71,,0.0,0,False
2026-03-21 05:06:00+00:00,,,,,,,,0.7162499999999999,0.71,,0.0,0,False
2026-03-21 05:06:30+00:00,,,,,,,,0.7162499999999999,0.71,,0.0,0,False
2026-03-21 05:07:00+00:00,,,,,,,,0.72,0.72,,5.0,1,False
2026-03-21 05:07:30+00:00,,,,,,,,0.72,0.72,,0.0,0,False
2026-03-21 05:08:00+00:00,,,,,,,,0.72,0.72,,0.0,0,False
2026-03-21 05:08:30+00:00,,,,,,,,0.6999999999999998,0.7,,3.0,1,False
2026-03-21 05:09:00+00:00,,,,,,,,0.6999999999999998,0.7,,0.0,0,False
2026-03-21 05:09:30+00:00,,,,,,,,0.72,0.72,,13.0,1,False
2026-03-21 05:10:00+00:00,,,,,,,,0.72,0.72,,0.0,0,False
2026-03-21 05:10:30+00:00,,,,,,,,0.72,0.72,,30.0,1,False
2026-03-21 05:11:00+00:00,,,,,,,,0.72,0.72,,0.0,0,False
2026-03-21 05:11:30+00:00,,,,,,,,0.72,0.72,,0.0,0,False
2026-03-21 05:12:00+00:00,,,,,,,,0.72,0.72,,0.0,0,False
2026-03-21 05:12:30+00:00,,,,,,,,0.72,0.72,,2027.0,1,False
2026-03-21 05:13:00+00:00,,,,,,,,0.7199999999999999,0.72,,405.0,1,False
2026-03-21 05:13:30+00:00,,,,,,,,0.7199999999999999,0.72,,0.0,0,False
2026-03-21 05:14:00+00:00,,,,,,,,0.7199999999999999,0.72,,0.0,0,False
2026-03-21 05:14:30+00:00,,,,,,,,0.7199999999999999,0.72,,0.0,0,False
2026-03-21 05:15:00+00:00,,,,,,,,0.72,0.72,,272.0,1,False
2026-03-21 05:15:30+00:00,,,,,,,,0.6999999999999998,0.7,,12.0,1,False
2026-03-21 05:16:00+00:00,,,,,,,,0.6999999999999998,0.7,,0.0,0,False
2026-03-21 05:16:30+00:00,,,,,,,,0.7,0.7,,31.0,1,False
2026-03-21 05:17:00+00:00,,,,,,,,0.7,0.7,,0.0,0,False
2026-03-21 05:17:30+00:00,,,,,,,,0.7,0.7,,0.0,0,False
2026-03-21 05:18:00+00:00,,,,,,,,0.7,0.7,,0.0,0,False
2026-03-21 05:18:30+00:00,,,,,,,,0.7,0.7,,0.0,0,False
2026-03-21 05:19:00+00:00,,,,,,,,0.7,0.7,,0.0,0,False
2026-03-21 05:19:30+00:00,,,,,,,,0.7,0.7,,0.0,0,False
2026-03-21 05:20:00+00:00,,,,,,,,0.7200000000000001,0.72,,6.0,1,False
2026-03-21 05:20:30+00:00,,,,,,,,0.7200000000000001,0.72,,0.0,0,False
2026-03-21 05:21:00+00:00,,,,,,,,0.7200000000000001,0.72,,0.0,0,False
2026-03-21 05:21:30+00:00,,,,,,,,0.7200000000000001,0.72,,0.0,0,False
2026-03-21 05:22:00+00:00,,,,,,,,0.7200000000000001,0.72,,0.0,0,False
2026-03-21 05:22:30+00:00,,,,,,,,0.7200000000000001,0.72,,0.0,0,False
2026-03-21 05:23:00+00:00,,,,,,,,0.7200000000000001,0.72,,0.0,0,False
2026-03-21 05:23:30+00:00,,,,,,,,0.72,0.72,,20.0,1,False
2026-03-21 05:24:00+00:00,,,,,,,,0.72,0.72,,0.0,0,False
2026-03-21 05:24:30+00:00,,,,,,,,0.72,0.72,,0.0,0,False
2026-03-21 05:25:00+00:00,,,,,,,,0.72,0.72,,20.0,1,False
2026-03-21 05:25:30+00:00,,,,,,,,0.7051612903225807,0.7,,31.0,3,False
2026-03-21 05:26:00+00:00,,,,,,,,0.7051612903225807,0.7,,0.0,0,False
2026-03-21 05:26:30+00:00,,,,,,,,0.7051612903225807,0.7,,0.0,0,False
2026-03-21 05:27:00+00:00,,,,,,,,0.72,0.72,,136.0,1,False
2026-03-21 05:27:30+00:00,,,,,,,,0.72,0.72,,0.0,0,False
2026-03-21 05:28:00+00:00,,,,,,,,0.72,0.72,,0.0,0,False
2026-03-21 05:28:30+00:00,,,,,,,,0.72,0.72,,0.0,0,False
2026-03-21 05:29:00+00:00,,,,,,,,0.72,0.72,,0.0,0,False
2026-03-21 05:29:30+00:00,,,,,,,,0.72,0.72,,0.0,0,False
2026-03-21 05:30:00+00:00,,,,,,,,0.72,0.72,,0.0,0,False
2026-03-21 05:30:30+00:00,,,,,,,,0.72,0.72,,0.0,0,False
2026-03-21 05:31:00+00:00,,,,,,,,0.72,0.72,,0.0,0,False
2026-03-21 05:31:30+00:00,,,,,,,,0.72,0.72,,0.0,0,False
2026-03-21 05:32:00+00:00,,,,,,,,0.72,0.72,,0.0,0,False
2026-03-21 05:32:30+00:00,,,,,,,,0.72,0.72,,0.0,0,False
2026-03-21 05:33:00+00:00,,,,,,,,0.72,0.72,,0.0,0,False
2026-03-21 05:33:30+00:00,,,,,,,,0.72,0.72,,0.0,0,False
2026-03-21 05:34:00+00:00,,,,,,,,0.72,0.72,,0.0,0,False
2026-03-21 05:34:30+00:00,,,,,,,,0.72,0.72,,0.0,0,False
2026-03-21 05:35:00+00:00,,,,,,,,0.72,0.72,,0.0,0,False
2026-03-21 05:35:30+00:00,,,,,,,,0.72,0.72,,0.0,0,False
2026-03-21 05:36:00+00:00,,,,,,,,0.72,0.72,,0.0,0,False
2026-03-21 05:36:30+00:00,,,,,,,,0.72,0.72,,0.0,0,False
2026-03-21 05:37:00+00:00,,,,,,,,0.72,0.72,,0.0,0,False
2026-03-21 05:37:30+00:00,,,,,,,,0.72,0.72,,0.0,0,False
2026-03-21 05:38:00+00:00,,,,,,,,0.72,0.72,,0.0,0,False
2026-03-21 05:38:30+00:00,,,,,,,,0.72,0.72,,0.0,0,False
2026-03-21 05:39:00+00:00,,,,,,,,0.7,0.7,,156.0,1,False
2026-03-21 05:39:30+00:00,,,,,,,,0.7,0.7,,0.0,0,False
2026-03-21 05:40:00+00:00,,,,,,,,0.7,0.7,,41.0,1,False
2026-03-21 05:40:30+00:00,,,,,,,,0.6999999999999998,0.7,,3.0,1,False
2026-03-21 05:41:00+00:00,,,,,,,,0.6999999999999998,0.7,,0.0,0,False
2026-03-21 05:41:30+00:00,,,,,,,,0.7,0.7,,390.0,1,False
2026-03-21 05:42:00+00:00,,,,,,,,0.7,0.7,,0.0,0,False
2026-03-21 05:42:30+00:00,,,,,,,,0.7194459338695264,0.7,,1119.0,2,False
2026-03-21 05:43:00+00:00,,,,,,,,0.7194459338695264,0.7,,0.0,0,False
2026-03-21 05:43:30+00:00,,,,,,,,0.7194459338695264,0.7,,0.0,0,False
2026-03-21 05:44:00+00:00,,,,,,,,0.7194459338695264,0.7,,0.0,0,False
2026-03-21 05:44:30+00:00,,,,,,,,0.7194459338695264,0.7,,0.0,0,False
2026-03-21 05:45:00+00:00,,,,,,,,0.7,0.7,,2.0,1,False
2026-03-21 05:45:30+00:00,,,,,,,,0.7,0.7,,0.0,0,False
2026-03-21 05:46:00+00:00,,,,,,,,0.7,0.7,,0.0,0,False
2026-03-21 05:46:30+00:00,,,,,,,,0.7,0.7,,0.0,0,False
2026-03-21 05:47:00+00:00,,,,,,,,0.7,0.7,,0.0,0,False
2026-03-21 05:47:30+00:00,,,,,,,,0.7,0.7,,0.0,0,False
2026-03-21 05:48:00+00:00,,,,,,,,0.7,0.7,,0.0,0,False
2026-03-21 05:48:30+00:00,,,,,,,,0.7,0.7,,0.0,0,False
2026-03-21 05:49:00+00:00,,,,,,,,0.71,0.71,,48.0,1,False
2026-03-21 05:49:30+00:00,,,,,,,,0.7,0.7,,10.0,1,False
2026-03-21 05:50:00+00:00,,,,,,,,0.7,0.7,,0.0,0,False
2026-03-21 05:50:30+00:00,,,,,,,,0.7,0.7,,0.0,0,False
2026-03-21 05:51:00+00:00,,,,,,,,0.7,0.7,,0.0,0,False
2026-03-21 05:51:30+00:00,,,,,,,,0.7,0.7,,0.0,0,False
2026-03-21 05:52:00+00:00,,,,,,,,0.72,0.72,,2.0,1,False
2026-03-21 05:52:30+00:00,,,,,,,,0.72,0.72,,0.0,0,False
2026-03-21 05:53:00+00:00,,,,,,,,0.72,0.72,,1.0,1,False
2026-03-21 05:53:30+00:00,,,,,,,,0.7164999999999999,0.71,,20.0,2,False
2026-03-21 05:54:00+00:00,,,,,,,,0.72,0.72,,20.0,1,False
2026-03-21 05:54:30+00:00,,,,,,,,0.72,0.72,,0.0,0,False
2026-03-21 05:55:00+00:00,,,,,,,,0.72,0.72,,0.0,0,False
2026-03-21 05:55:30+00:00,,,,,,,,0.72,0.72,,2.0,1,False
2026-03-21 05:56:00+00:00,,,,,,,,0.7,0.7,,8.0,1,False
2026-03-21 05:56:30+00:00,,,,,,,,0.7,0.7,,0.0,0,False
2026-03-21 05:57:00+00:00,,,,,,,,0.7,0.7,,0.0,0,False
2026-03-21 05:57:30+00:00,,,,,,,,0.7,0.7,,31.0,1,False
2026-03-21 05:58:00+00:00,,,,,,,,0.6999999999999998,0.7,,3.0,1,False
2026-03-21 05:58:30+00:00,,,,,,,,0.6999999999999998,0.7,,0.0,0,False
2026-03-21 05:59:00+00:00,,,,,,,,0.72,0.72,,2.0,1,False
2026-03-21 05:59:30+00:00,,,,,,,,0.72,0.72,,0.0,0,False
2026-03-21 06:00:00+00:00,,,,,,,,0.72,0.72,,0.0,0,False
2026-03-21 06:00:30+00:00,,,,,,,,0.72,0.72,,0.0,0,False
2026-03-21 06:01:00+00:00,,,,,,,,0.72,0.72,,0.0,0,False
2026-03-21 06:01:30+00:00,,,,,,,,0.72,0.72,,0.0,0,False
2026-03-21 06:02:00+00:00,,,,,,,,0.72,0.72,,13.0,1,False
2026-03-21 06:02:30+00:00,,,,,,,,0.72,0.72,,0.0,0,False
2026-03-21 06:03:00+00:00,,,,,,,,0.72,0.72,,0.0,0,False
2026-03-21 06:03:30+00:00,,,,,,,,0.72,0.72,,5.0,1,False
2026-03-21 06:04:00+00:00,,,,,,,,0.72,0.72,,0.0,0,False
2026-03-21 06:04:30+00:00,,,,,,,,0.7,0.7,,90.0,1,False
2026-03-21 06:05:00+00:00,,,,,,,,0.7,0.7,,0.0,0,False
2026-03-21 06:05:30+00:00,,,,,,,,0.7,0.7,,0.0,0,False
2026-03-21 06:06:00+00:00,,,,,,,,0.7,0.7,,0.0,0,False
2026-03-21 06:06:30+00:00,,,,,,,,0.72,0.72,,1.0,1,False
2026-03-21 06:07:00+00:00,,,,,,,,0.72,0.72,,0.0,0,False
2026-03-21 06:07:30+00:00,,,,,,,,0.7,0.7,,10.0,1,False
2026-03-21 06:08:00+00:00,,,,,,,,0.7,0.7,,0.0,0,False
2026-03-21 06:08:30+00:00,,,,,,,,0.7,0.7,,0.0,0,False
2026-03-21 06:09:00+00:00,,,,,,,,0.7,0.7,,0.0,0,False
2026-03-21 06:09:30+00:00,,,,,,,,0.7,0.7,,0.0,0,False
2026-03-21 06:10:00+00:00,,,,,,,,0.7,0.7,,0.0,0,False
2026-03-21 06:10:30+00:00,,,,,,,,0.7,0.7,,0.0,0,False
2026-03-21 06:11:00+00:00,,,,,,,,0.7,0.7,,10.0,1,False
2026-03-21 06:11:30+00:00,,,,,,,,0.7,0.7,,0.0,0,False
2026-03-21 06:12:00+00:00,,,,,,,,0.7,0.7,,0.0,0,False
2026-03-21 06:12:30+00:00,,,,,,,,0.7,0.7,,0.0,0,False
2026-03-21 06:13:00+00:00,,,,,,,,0.7,0.7,,0.0,0,False
2026-03-21 06:13:30+00:00,,,,,,,,0.7,0.7,,0.0,0,False
2026-03-21 06:14:00+00:00,,,,,,,,0.7,0.7,,0.0,0,False
2026-03-21 06:14:30+00:00,,,,,,,,0.7045454545454545,0.7,,88.0,2,False
2026-03-21 06:15:00+00:00,,,,,,,,0.7045454545454545,0.7,,0.0,0,False
2026-03-21 06:15:30+00:00,,,,,,,,0.7045454545454545,0.7,,0.0,0,False
2026-03-21 06:16:00+00:00,,,,,,,,0.7045454545454545,0.7,,0.0,0,False
2026-03-21 06:16:30+00:00,,,,,,,,0.7045454545454545,0.7,,0.0,0,False
2026-03-21 06:17:00+00:00,,,,,,,,0.7045454545454545,0.7,,0.0,0,False
2026-03-21 06:17:30+00:00,,,,,,,,0.7038805970149253,0.7,,67.0,2,False
2026-03-21 06:18:00+00:00,,,,,,,,0.7049999999999998,0.7,,4.0,2,False
2026-03-21 06:18:30+00:00,,,,,,,,0.7049999999999998,0.7,,0.0,0,False
2026-03-21 06:19:00+00:00,,,,,,,,0.7049999999999998,0.7,,0.0,0,False
2026-03-21 06:19:30+00:00,,,,,,,,0.72,0.72,,67.0,1,False
2026-03-21 06:20:00+00:00,,,,,,,,0.72,0.72,,270.0,1,False
2026-03-21 06:20:30+00:00,,,,,,,,0.72,0.72,,0.0,0,False
2026-03-21 06:21:00+00:00,,,,,,,,0.72,0.72,,0.0,0,False
2026-03-21 06:21:30+00:00,,,,,,,,0.72,0.72,,4.0,1,False
2026-03-21 06:22:00+00:00,,,,,,,,0.72,0.72,,0.0,0,False
2026-03-21 06:22:30+00:00,,,,,,,,0.72,0.72,,0.0,0,False
2026-03-21 06:23:00+00:00,,,,,,,,0.72,0.72,,0.0,0,False
2026-03-21 06:23:30+00:00,,,,,,,,0.72,0.72,,0.0,0,False
2026-03-21 06:24:00+00:00,,,,,,,,0.72,0.72,,0.0,0,False
2026-03-21 06:24:30+00:00,,,,,,,,0.72,0.72,,0.0,0,False
2026-03-21 06:25:00+00:00,,,,,,,,0.72,0.72,,0.0,0,False
2026-03-21 06:25:30+00:00,,,,,,,,0.72,0.72,,0.0,0,False
2026-03-21 06:26:00+00:00,,,,,,,,0.72,0.72,,0.0,0,False
2026-03-21 06:26:30+00:00,,,,,,,,0.72,0.72,,0.0,0,False
2026-03-21 06:27:00+00:00,,,,,,,,0.72,0.72,,0.0,0,False
2026-03-21 06:27:30+00:00,,,,,,,,0.72,0.72,,0.0,0,False
2026-03-21 06:28:00+00:00,,,,,,,,0.72,0.72,,0.0,0,False
2026-03-21 06:28:30+00:00,,,,,,,,0.72,0.72,,0.0,0,False
2026-03-21 06:29:00+00:00,,,,,,,,0.6999999999999998,0.7,,318.0,3,False
2026-03-21 06:29:30+00:00,,,,,,,,0.6999999999999998,0.7,,0.0,0,False
2026-03-21 06:30:00+00:00,,,,,,,,0.7023529411764704,0.72,,51.0,2,False
2026-03-21 06:30:30+00:00,,,,,,,,0.7199999999999999,0.72,,108.0,1,False
2026-03-21 06:31:00+00:00,,,,,,,,0.7199999999999999,0.72,,0.0,0,False
2026-03-21 06:31:30+00:00,,,,,,,,0.7199999999999999,0.72,,0.0,0,False
2026-03-21 06:32:00+00:00,,,,,,,,0.7199999999999999,0.72,,0.0,0,False
2026-03-21 06:32:30+00:00,,,,,,,,0.7199999999999999,0.72,,0.0,0,False
2026-03-21 06:33:00+00:00,,,,,,,,0.7199999999999999,0.72,,0.0,0,False
2026-03-21 06:33:30+00:00,,,,,,,,0.7199999999999999,0.72,,0.0,0,False
2026-03-21 06:34:00+00:00,,,,,,,,0.7199999999999999,0.72,,0.0,0,False
2026-03-21 06:34:30+00:00,,,,,,,,0.7199999999999999,0.72,,0.0,0,False
2026-03-21 06:35:00+00:00,,,,,,,,0.72,0.72,,1.0,1,False
2026-03-21 06:35:30+00:00,,,,,,,,0.72,0.72,,0.0,0,False
2026-03-21 06:36:00+00:00,,,,,,,,0.71,0.71,,4.0,1,False
2026-03-21 06:36:30+00:00,,,,,,,,0.71,0.71,,0.0,0,False
2026-03-21 06:37:00+00:00,,,,,,,,0.71,0.71,,0.0,0,False
2026-03-21 06:37:30+00:00,,,,,,,,0.71,0.71,,0.0,0,False
2026-03-21 06:38:00+00:00,,,,,,,,0.7138095238095238,0.72,,105.0,3,False
2026-03-21 06:38:30+00:00,,,,,,,,0.7138095238095238,0.72,,0.0,0,False
2026-03-21 06:39:00+00:00,,,,,,,,0.7199999999999999,0.72,,54.0,1,False
2026-03-21 06:39:30+00:00,,,,,,,,0.7199999999999999,0.72,,0.0,0,False
2026-03-21 06:40:00+00:00,,,,,,,,0.7199999999999999,0.72,,0.0,0,False
2026-03-21 06:40:30+00:00,,,,,,,,0.7199999999999999,0.72,,0.0,0,False
2026-03-21 06:41:00+00:00,,,,,,,,0.7199999999999999,0.72,,0.0,0,False
2026-03-21 06:41:30+00:00,,,,,,,,0.7200000000000001,0.72,,6.0,1,False
2026-03-21 06:42:00+00:00,,,,,,,,0.7200000000000001,0.72,,0.0,0,False
2026-03-21 06:42:30+00:00,,,,,,,,0.7200000000000001,0.72,,0.0,0,False
2026-03-21 06:43:00+00:00,,,,,,,,0.7200000000000001,0.72,,0.0,0,False
2026-03-21 06:43:30+00:00,,,,,,,,0.7200000000000001,0.72,,0.0,0,False
2026-03-21 06:44:00+00:00,,,,,,,,0.7200000000000001,0.72,,0.0,0,False
2026-03-21 06:44:30+00:00,,,,,,,,0.71,0.71,,7.0,1,False
2026-03-21 06:45:00+00:00,,,,,,,,0.7,0.7,,306.0,1,False
2026-03-21 06:45:30+00:00,,,,,,,,0.72,0.72,,1.0,1,False
2026-03-21 06:46:00+00:00,,,,,,,,0.72,0.72,,0.0,0,False
2026-03-21 06:46:30+00:00,,,,,,,,0.72,0.72,,0.0,0,False
2026-03-21 06:47:00+00:00,,,,,,,,0.72,0.72,,0.0,0,False
2026-03-21 06:47:30+00:00,,,,,,,,0.72,0.72,,0.0,0,False
2026-03-21 06:48:00+00:00,,,,,,,,0.72,0.72,,0.0,0,False
2026-03-21 06:48:30+00:00,,,,,,,,0.72,0.72,,0.0,0,False
2026-03-21 06:49:00+00:00,,,,,,,,0.72,0.72,,0.0,0,False
2026-03-21 06:49:30+00:00,,,,,,,,0.7,0.7,,142.0,1,False
2026-03-21 06:50:00+00:00,,,,,,,,0.72,0.72,,13.0,1,False
2026-03-21 06:50:30+00:00,,,,,,,,0.72,0.72,,0.0,0,False
2026-03-21 06:51:00+00:00,,,,,,,,0.72,0.72,,0.0,0,False
2026-03-21 06:51:30+00:00,,,,,,,,0.72,0.72,,0.0,0,False
2026-03-21 06:52:00+00:00,,,,,,,,0.72,0.72,,0.0,0,False
2026-03-21 06:52:30+00:00,,,,,,,,0.72,0.72,,0.0,0,False
2026-03-21 06:53:00+00:00,,,,,,,,0.72,0.72,,0.0,0,False
2026-03-21 06:53:30+00:00,,,,,,,,0.72,0.72,,0.0,0,False
2026-03-21 06:54:00+00:00,,,,,,,,0.72,0.72,,0.0,0,False
2026-03-21 06:54:30+00:00,,,,,,,,0.72,0.72,,0.0,0,False
2026-03-21 06:55:00+00:00,,,,,,,,0.7,0.7,,15.0,1,False
2026-03-21 06:55:30+00:00,,,,,,,,0.7,0.7,,0.0,0,False
2026-03-21 06:56:00+00:00,,,,,,,,0.7,0.7,,0.0,0,False
2026-03-21 06:56:30+00:00,,,,,,,,0.7,0.7,,0.0,0,False
2026-03-21 06:57:00+00:00,,,,,,,,0.7,0.7,,0.0,0,False
2026-03-21 06:57:30+00:00,,,,,,,,0.7,0.7,,0.0,0,False
2026-03-21 06:58:00+00:00,,,,,,,,0.7,0.7,,0.0,0,False
2026-03-21 06:58:30+00:00,,,,,,,,0.7,0.7,,0.0,0,False
2026-03-21 06:59:00+00:00,,,,,,,,0.7,0.7,,0.0,0,False
2026-03-21 06:59:30+00:00,,,,,,,,0.7,0.7,,0.0,0,False
2026-03-21 07:00:00+00:00,,,,,,,,0.7200000000000001,0.72,,6.0,1,False
2026-03-21 07:00:30+00:00,,,,,,,,0.7200000000000001,0.72,,0.0,0,False
2026-03-21 07:01:00+00:00,,,,,,,,0.7200000000000001,0.72,,0.0,0,False
2026-03-21 07:01:30+00:00,,,,,,,,0.6999999999999998,0.7,,104.0,2,False
2026-03-21 07:02:00+00:00,,,,,,,,0.6999999999999998,0.7,,0.0,0,False
2026-03-21 07:02:30+00:00,,,,,,,,0.6999999999999998,0.7,,0.0,0,False
2026-03-21 07:03:00+00:00,,,,,,,,0.72,0.72,,202.0,1,False
2026-03-21 07:03:30+00:00,,,,,,,,0.72,0.72,,0.0,0,False
2026-03-21 07:04:00+00:00,,,,,,,,0.72,0.72,,0.0,0,False
2026-03-21 07:04:30+00:00,,,,,,,,0.72,0.72,,0.0,0,False
2026-03-21 07:05:00+00:00,,,,,,,,0.72,0.72,,0.0,0,False
2026-03-21 07:05:30+00:00,,,,,,,,0.72,0.72,,0.0,0,False
2026-03-21 07:06:00+00:00,,,,,,,,0.72,0.72,,0.0,0,False
2026-03-21 07:06:30+00:00,,,,,,,,0.72,0.72,,0.0,0,False
2026-03-21 07:07:00+00:00,,,,,,,,0.72,0.72,,0.0,0,False
2026-03-21 07:07:30+00:00,,,,,,,,0.72,0.72,,0.0,0,False
2026-03-21 07:08:00+00:00,,,,,,,,0.72,0.72,,0.0,0,False
2026-03-21 07:08:30+00:00,,,,,,,,0.72,0.72,,0.0,0,False
2026-03-21 07:09:00+00:00,,,,,,,,0.72,0.72,,0.0,0,False
2026-03-21 07:09:30+00:00,,,,,,,,0.72,0.72,,0.0,0,False
2026-03-21 07:10:00+00:00,,,,,,,,0.72,0.72,,0.0,0,False
2026-03-21 07:10:30+00:00,,,,,,,,0.7,0.7,,124.0,2,False
2026-03-21 07:11:00+00:00,,,,,,,,0.7,0.7,,0.0,0,False
2026-03-21 07:11:30+00:00,,,,,,,,0.7,0.7,,0.0,0,False
2026-03-21 07:12:00+00:00,,,,,,,,0.7,0.7,,0.0,0,False
2026-03-21 07:12:30+00:00,,,,,,,,0.7,0.7,,0.0,0,False
2026-03-21 07:13:00+00:00,,,,,,,,0.7,0.7,,0.0,0,False
2026-03-21 07:13:30+00:00,,,,,,,,0.7,0.7,,0.0,0,False
2026-03-21 07:14:00+00:00,,,,,,,,0.71875,0.7,,144.0,2,False
2026-03-21 07:14:30+00:00,,,,,,,,0.71875,0.7,,0.0,0,False
2026-03-21 07:15:00+00:00,,,,,,,,0.71875,0.7,,0.0,0,False
2026-03-21 07:15:30+00:00,,,,,,,,0.71875,0.7,,0.0,0,False
2026-03-21 07:16:00+00:00,,,,,,,,0.71875,0.7,,0.0,0,False
2026-03-21 07:16:30+00:00,,,,,,,,0.72,0.72,,1.0,1,False
2026-03-21 07:17:00+00:00,,,,,,,,0.72,0.72,,0.0,0,False
2026-03-21 07:17:30+00:00,,,,,,,,0.72,0.72,,0.0,0,False
2026-03-21 07:18:00+00:00,,,,,,,,0.72,0.72,,0.0,0,False
2026-03-21 07:18:30+00:00,,,,,,,,0.72,0.72,,0.0,0,False
2026-03-21 07:19:00+00:00,,,,,,,,0.72,0.72,,0.0,0,False
2026-03-21 07:19:30+00:00,,,,,,,,0.72,0.72,,0.0,0,False
2026-03-21 07:20:00+00:00,,,,,,,,0.72,0.72,,0.0,0,False
2026-03-21 07:20:30+00:00,,,,,,,,0.72,0.72,,0.0,0,False
2026-03-21 07:21:00+00:00,,,,,,,,0.72,0.72,,0.0,0,False
2026-03-21 07:21:30+00:00,,,,,,,,0.72,0.72,,0.0,0,False
2026-03-21 07:22:00+00:00,,,,,,,,0.72,0.72,,0.0,0,False
2026-03-21 07:22:30+00:00,,,,,,,,0.72,0.72,,0.0,0,False
2026-03-21 07:23:00+00:00,,,,,,,,0.72,0.72,,0.0,0,False
2026-03-21 07:23:30+00:00,,,,,,,,0.72,0.72,,0.0,0,False
2026-03-21 07:24:00+00:00,,,,,,,,0.72,0.72,,0.0,0,False
2026-03-21 07:24:30+00:00,,,,,,,,0.72,0.72,,0.0,0,False
2026-03-21 07:25:00+00:00,,,,,,,,0.6999999999999998,0.7,,6.0,1,False
2026-03-21 07:25:30+00:00,,,,,,,,0.7,0.7,,158.0,1,False
2026-03-21 07:26:00+00:00,,,,,,,,0.7,0.7,,0.0,0,False
2026-03-21 07:26:30+00:00,,,,,,,,0.7199999999999999,0.72,,34.0,2,False
2026-03-21 07:27:00+00:00,,,,,,,,0.7199999999999999,0.72,,0.0,0,False
2026-03-21 07:27:30+00:00,,,,,,,,0.7199999999999999,0.72,,0.0,0,False
2026-03-21 07:28:00+00:00,,,,,,,,0.7199999999999999,0.72,,0.0,0,False
2026-03-21 07:28:30+00:00,,,,,,,,0.7199999999999999,0.72,,0.0,0,False
2026-03-21 07:29:00+00:00,,,,,,,,0.7199999999999999,0.72,,0.0,0,False
2026-03-21 07:29:30+00:00,,,,,,,,0.7,0.7,,79.0,1,False
2026-03-21 07:30:00+00:00,,,,,,,,0.7,0.7,,0.0,0,False
2026-03-21 07:30:30+00:00,,,,,,,,0.7,0.7,,0.0,0,False
2026-03-21 07:31:00+00:00,,,,,,,,0.7,0.7,,0.0,0,False
2026-03-21 07:31:30+00:00,,,,,,,,0.7,0.7,,0.0,0,False
2026-03-21 07:32:00+00:00,,,,,,,,0.7,0.7,,0.0,0,False
2026-03-21 07:32:30+00:00,,,,,,,,0.7,0.7,,0.0,0,False
2026-03-21 07:33:00+00:00,,,,,,,,0.7,0.7,,0.0,0,False
2026-03-21 07:33:30+00:00,,,,,,,,0.7,0.7,,0.0,0,False
2026-03-21 07:34:00+00:00,,,,,,,,0.7,0.7,,1.0,1,False
2026-03-21 07:34:30+00:00,,,,,,,,0.7,0.7,,0.0,0,False
2026-03-21 07:35:00+00:00,,,,,,,,0.7,0.7,,0.0,0,False
2026-03-21 07:35:30+00:00,,,,,,,,0.7,0.7,,0.0,0,False
2026-03-21 07:36:00+00:00,,,,,,,,0.7,0.7,,0.0,0,False
2026-03-21 07:36:30+00:00,,,,,,,,0.7,0.7,,0.0,0,False
2026-03-21 07:37:00+00:00,,,,,,,,0.7,0.7,,0.0,0,False
2026-03-21 07:37:30+00:00,,,,,,,,0.7,0.7,,0.0,0,False
2026-03-21 07:38:00+00:00,,,,,,,,0.7,0.7,,0.0,0,False
2026-03-21 07:38:30+00:00,,,,,,,,0.7,0.7,,0.0,0,False
2026-03-21 07:39:00+00:00,,,,,,,,0.7,0.7,,0.0,0,False
2026-03-21 07:39:30+00:00,,,,,,,,0.7,0.7,,0.0,0,False
2026-03-21 07:40:00+00:00,,,,,,,,0.7,0.7,,0.0,0,False
2026-03-21 07:40:30+00:00,,,,,,,,0.7,0.7,,0.0,0,False
2026-03-21 07:41:00+00:00,,,,,,,,0.7199999999999999,0.72,,140.0,2,False
2026-03-21 07:41:30+00:00,,,,,,,,0.7199999999999999,0.72,,0.0,0,False
2026-03-21 07:42:00+00:00,,,,,,,,0.7199999999999999,0.72,,0.0,0,False
2026-03-21 07:42:30+00:00,,,,,,,,0.7199999999999999,0.72,,0.0,0,False
2026-03-21 07:43:00+00:00,,,,,,,,0.7199999999999999,0.72,,0.0,0,False
2026-03-21 07:43:30+00:00,,,,,,,,0.7199999999999999,0.72,,0.0,0,False
2026-03-21 07:44:00+00:00,,,,,,,,0.7199999999999999,0.72,,0.0,0,False
2026-03-21 07:44:30+00:00,,,,,,,,0.7199999999999999,0.72,,0.0,0,False
2026-03-21 07:45:00+00:00,,,,,,,,0.7199999999999999,0.72,,0.0,0,False
2026-03-21 07:45:30+00:00,,,,,,,,0.7199999999999999,0.72,,0.0,0,False
2026-03-21 07:46:00+00:00,,,,,,,,0.7199999999999999,0.72,,0.0,0,False
2026-03-21 07:46:30+00:00,,,,,,,,0.72,0.72,,1.0,1,False
2026-03-21 07:47:00+00:00,,,,,,,,0.72,0.72,,0.0,0,False
2026-03-21 07:47:30+00:00,,,,,,,,0.72,0.72,,0.0,0,False
2026-03-21 07:48:00+00:00,,,,,,,,0.72,0.72,,0.0,0,False
2026-03-21 07:48:30+00:00,,,,,,,,0.72,0.72,,0.0,0,False
2026-03-21 07:49:00+00:00,,,,,,,,0.7099999999999999,0.71,,30.0,1,False
2026-03-21 07:49:30+00:00,,,,,,,,0.7099999999999999,0.71,,0.0,0,False
2026-03-21 07:50:00+00:00,,,,,,,,0.7099999999999999,0.71,,0.0,0,False
2026-03-21 07:50:30+00:00,,,,,,,,0.7072527472527472,0.71,,182.0,5,False
2026-03-21 07:51:00+00:00,,,,,,,,0.7072527472527472,0.71,,0.0,0,False
2026-03-21 07:51:30+00:00,,,,,,,,0.7072527472527472,0.71,,0.0,0,False
2026-03-21 07:52:00+00:00,,,,,,,,0.72,0.72,,4.0,1,False
2026-03-21 07:52:30+00:00,,,,,,,,0.72,0.72,,0.0,0,False
2026-03-21 07:53:00+00:00,,,,,,,,0.72,0.72,,0.0,0,False
2026-03-21 07:53:30+00:00,,,,,,,,0.72,0.72,,0.0,0,False
2026-03-21 07:54:00+00:00,,,,,,,,0.72,0.72,,0.0,0,False
2026-03-21 07:54:30+00:00,,,,,,,,0.72,0.72,,0.0,0,False
2026-03-21 07:55:00+00:00,,,,,,,,0.72,0.72,,66.0,2,False
2026-03-21 07:55:30+00:00,,,,,,,,0.72,0.72,,0.0,0,False
2026-03-21 07:56:00+00:00,,,,,,,,0.72,0.72,,0.0,0,False
2026-03-21 07:56:30+00:00,,,,,,,,0.72,0.72,,0.0,0,False
2026-03-21 07:57:00+00:00,,,,,,,,0.72,0.72,,0.0,0,False
2026-03-21 07:57:30+00:00,,,,,,,,0.72,0.72,,0.0,0,False
2026-03-21 07:58:00+00:00,,,,,,,,0.72,0.72,,0.0,0,False
2026-03-21 07:58:30+00:00,,,,,,,,0.72,0.72,,0.0,0,False
2026-03-21 07:59:00+00:00,,,,,,,,0.73,0.73,,100.0,1,False
2026-03-21 07:59:30+00:00,,,,,,,,0.73,0.73,,0.0,0,False
2026-03-21 08:00:00+00:00,,,,,,,,0.73,0.73,,0.0,0,False
2026-03-21 08:00:30+00:00,,,,,,,,0.73,0.73,,0.0,0,False
2026-03-21 08:01:00+00:00,,,,,,,,0.73,0.73,,0.0,0,False
2026-03-21 08:01:30+00:00,,,,,,,,0.7,0.7,,40.0,1,False
2026-03-21 08:02:00+00:00,,,,,,,,0.7,0.7,,0.0,0,False
2026-03-21 08:02:30+00:00,,,,,,,,0.7,0.7,,0.0,0,False
2026-03-21 08:03:00+00:00,,,,,,,,0.7,0.7,,0.0,0,False
2026-03-21 08:03:30+00:00,,,,,,,,0.7,0.7,,0.0,0,False
2026-03-21 08:04:00+00:00,,,,,,,,0.7,0.7,,0.0,0,False
2026-03-21 08:04:30+00:00,,,,,,,,0.7,0.7,,0.0,0,False
2026-03-21 08:05:00+00:00,,,,,,,,0.7,0.7,,0.0,0,False
2026-03-21 08:05:30+00:00,,,,,,,,0.7,0.7,,0.0,0,False
2026-03-21 08:06:00+00:00,,,,,,,,0.73,0.73,,1.0,1,False
2026-03-21 08:06:30+00:00,,,,,,,,0.73,0.73,,0.0,0,False
2026-03-21 08:07:00+00:00,,,,,,,,0.73,0.73,,0.0,0,False
2026-03-21 08:07:30+00:00,,,,,,,,0.73,0.73,,50.0,1,False
2026-03-21 08:08:00+00:00,,,,,,,,0.7,0.7,,30.0,1,False
2026-03-21 08:08:30+00:00,,,,,,,,0.7,0.7,,0.0,0,False
2026-03-21 08:09:00+00:00,,,,,,,,0.7,0.7,,0.0,0,False
2026-03-21 08:09:30+00:00,,,,,,,,0.7,0.7,,0.0,0,False
2026-03-21 08:10:00+00:00,,,,,,,,0.7,0.7,,0.0,0,False
2026-03-21 08:10:30+00:00,,,,,,,,0.7,0.7,,0.0,0,False
2026-03-21 08:11:00+00:00,,,,,,,,0.73,0.73,,3.0,1,False
2026-03-21 08:11:30+00:00,,,,,,,,0.7,0.7,,62.0,1,False
2026-03-21 08:12:00+00:00,,,,,,,,0.7,0.7,,0.0,0,False
2026-03-21 08:12:30+00:00,,,,,,,,0.7,0.7,,0.0,0,False
2026-03-21 08:13:00+00:00,,,,,,,,0.73,0.73,,2.0,1,False
2026-03-21 08:13:30+00:00,,,,,,,,0.73,0.73,,0.0,0,False
2026-03-21 08:14:00+00:00,,,,,,,,0.73,0.73,,0.0,0,False
2026-03-21 08:14:30+00:00,,,,,,,,0.73,0.73,,0.0,0,False
2026-03-21 08:15:00+00:00,,,,,,,,0.73,0.73,,0.0,0,False
2026-03-21 08:15:30+00:00,,,,,,,,0.73,0.73,,0.0,0,False
2026-03-21 08:16:00+00:00,,,,,,,,0.73,0.73,,0.0,0,False
2026-03-21 08:16:30+00:00,,,,,,,,0.73,0.73,,33.0,1,False
2026-03-21 08:17:00+00:00,,,,,,,,0.73,0.73,,0.0,0,False
2026-03-21 08:17:30+00:00,,,,,,,,0.7099999999999999,0.71,,30.0,1,False
2026-03-21 08:18:00+00:00,,,,,,,,0.7099999999999999,0.71,,0.0,0,False
2026-03-21 08:18:30+00:00,,,,,,,,0.7099999999999999,0.71,,0.0,0,False
2026-03-21 08:19:00+00:00,,,,,,,,0.7099999999999999,0.71,,0.0,0,False
2026-03-21 08:19:30+00:00,,,,,,,,0.7099999999999999,0.71,,0.0,0,False
2026-03-21 08:20:00+00:00,,,,,,,,0.7099999999999999,0.71,,0.0,0,False
2026-03-21 08:20:30+00:00,,,,,,,,0.7099999999999999,0.71,,0.0,0,False
2026-03-21 08:21:00+00:00,,,,,,,,0.73,0.73,,1.0,1,False
2026-03-21 08:21:30+00:00,,,,,,,,0.73,0.73,,0.0,0,False
2026-03-21 08:22:00+00:00,,,,,,,,0.73,0.73,,0.0,0,False
2026-03-21 08:22:30+00:00,,,,,,,,0.73,0.73,,0.0,0,False
2026-03-21 08:23:00+00:00,,,,,,,,0.73,0.73,,0.0,0,False
2026-03-21 08:23:30+00:00,,,,,,,,0.73,0.73,,0.0,0,False
2026-03-21 08:24:00+00:00,,,,,,,,0.73,0.73,,0.0,0,False
2026-03-21 08:24:30+00:00,,,,,,,,0.71,0.71,,6.0,1,False
2026-03-21 08:25:00+00:00,,,,,,,,0.71,0.71,,0.0,0,False
2026-03-21 08:25:30+00:00,,,,,,,,0.71,0.71,,0.0,0,False
2026-03-21 08:26:00+00:00,,,,,,,,0.71,0.71,,0.0,0,False
2026-03-21 08:26:30+00:00,,,,,,,,0.71,0.71,,0.0,0,False
2026-03-21 08:27:00+00:00,,,,,,,,0.71,0.71,,0.0,0,False
2026-03-21 08:27:30+00:00,,,,,,,,0.71,0.71,,0.0,0,False
2026-03-21 08:28:00+00:00,,,,,,,,0.71,0.71,,0.0,0,False
2026-03-21 08:28:30+00:00,,,,,,,,0.71,0.71,,0.0,0,False
2026-03-21 08:29:00+00:00,,,,,,,,0.71,0.71,,0.0,0,False
2026-03-21 08:29:30+00:00,,,,,,,,0.71,0.71,,0.0,0,False
2026-03-21 08:30:00+00:00,,,,,,,,0.71,0.71,,0.0,0,False
2026-03-21 08:30:30+00:00,,,,,,,,0.71,0.71,,0.0,0,False
2026-03-21 08:31:00+00:00,,,,,,,,0.71,0.71,,3.0,1,False
2026-03-21 08:31:30+00:00,,,,,,,,0.71,0.71,,68.0,2,False
2026-03-21 08:32:00+00:00,,,,,,,,0.71,0.71,,0.0,0,False
2026-03-21 08:32:30+00:00,,,,,,,,0.71,0.71,,0.0,0,False
2026-03-21 08:33:00+00:00,,,,,,,,0.71,0.71,,0.0,0,False
2026-03-21 08:33:30+00:00,,,,,,,,0.71,0.71,,0.0,0,False
2026-03-21 08:34:00+00:00,,,,,,,,0.71,0.71,,0.0,0,False
2026-03-21 08:34:30+00:00,,,,,,,,0.71,0.71,,0.0,0,False
2026-03-21 08:35:00+00:00,,,,,,,,0.71,0.71,,0.0,0,False
2026-03-21 08:35:30+00:00,,,,,,,,0.71,0.71,,0.0,0,False
2026-03-21 08:36:00+00:00,,,,,,,,0.71,0.71,,0.0,0,False
2026-03-21 08:36:30+00:00,,,,,,,,0.71,0.71,,0.0,0,False
2026-03-21 08:37:00+00:00,,,,,,,,0.71,0.71,,0.0,0,False
2026-03-21 08:37:30+00:00,,,,,,,,0.71,0.71,,0.0,0,False
2026-03-21 08:38:00+00:00,,,,,,,,0.71,0.71,,0.0,0,False
2026-03-21 08:38:30+00:00,,,,,,,,0.71,0.71,,3.0,1,False
2026-03-21 08:39:00+00:00,,,,,,,,0.71,0.71,,0.0,0,False
2026-03-21 08:39:30+00:00,,,,,,,,0.71,0.71,,0.0,0,False
2026-03-21 08:40:00+00:00,,,,,,,,0.71,0.71,,0.0,0,False
2026-03-21 08:40:30+00:00,,,,,,,,0.71,0.71,,0.0,0,False
2026-03-21 08:41:00+00:00,,,,,,,,0.71,0.71,,0.0,0,False
2026-03-21 08:41:30+00:00,,,,,,,,0.71,0.71,,0.0,0,False
2026-03-21 08:42:00+00:00,,,,,,,,0.71,0.71,,0.0,0,False
2026-03-21 08:42:30+00:00,,,,,,,,0.71,0.71,,1.0,1,False
2026-03-21 08:43:00+00:00,,,,,,,,0.73,0.73,,13.0,1,False
2026-03-21 08:43:30+00:00,,,,,,,,0.73,0.73,,0.0,0,False
2026-03-21 08:44:00+00:00,,,,,,,,0.73,0.73,,0.0,0,False
2026-03-21 08:44:30+00:00,,,,,,,,0.73,0.73,,0.0,0,False
2026-03-21 08:45:00+00:00,,,,,,,,0.73,0.73,,0.0,0,False
2026-03-21 08:45:30+00:00,,,,,,,,0.73,0.73,,0.0,0,False
2026-03-21 08:46:00+00:00,,,,,,,,0.73,0.73,,1.0,1,False
2026-03-21 08:46:30+00:00,,,,,,,,0.73,0.73,,0.0,0,False
2026-03-21 08:47:00+00:00,,,,,,,,0.73,0.73,,0.0,0,False
2026-03-21 08:47:30+00:00,,,,,,,,0.73,0.73,,0.0,0,False
2026-03-21 08:48:00+00:00,,,,,,,,0.73,0.73,,0.0,0,False
2026-03-21 08:48:30+00:00,,,,,,,,0.73,0.73,,0.0,0,False
2026-03-21 08:49:00+00:00,,,,,,,,0.73,0.73,,0.0,0,False
2026-03-21 08:49:30+00:00,,,,,,,,0.73,0.73,,0.0,0,False
2026-03-21 08:50:00+00:00,,,,,,,,0.73,0.73,,0.0,0,False
2026-03-21 08:50:30+00:00,,,,,,,,0.71,0.71,,11.0,1,False
2026-03-21 08:51:00+00:00,,,,,,,,0.71,0.71,,0.0,0,False
2026-03-21 08:51:30+00:00,,,,,,,,0.71,0.71,,0.0,0,False
2026-03-21 08:52:00+00:00,,,,,,,,0.71,0.71,,0.0,0,False
2026-03-21 08:52:30+00:00,,,,,,,,0.71,0.71,,0.0,0,False
2026-03-21 08:53:00+00:00,,,,,,,,0.71,0.71,,0.0,0,False
2026-03-21 08:53:30+00:00,,,,,,,,0.71,0.71,,0.0,0,False
2026-03-21 08:54:00+00:00,,,,,,,,0.71,0.71,,0.0,0,False
2026-03-21 08:54:30+00:00,,,,,,,,0.71,0.71,,0.0,0,False
2026-03-21 08:55:00+00:00,,,,,,,,0.71,0.71,,0.0,0,False
2026-03-21 08:55:30+00:00,,,,,,,,0.71,0.71,,0.0,0,False
2026-03-21 08:56:00+00:00,,,,,,,,0.73,0.73,,20.0,1,False
2026-03-21 08:56:30+00:00,,,,,,,,0.73,0.73,,0.0,0,False
2026-03-21 08:57:00+00:00,,,,,,,,0.73,0.73,,0.0,0,False
2026-03-21 08:57:30+00:00,,,,,,,,0.73,0.73,,0.0,0,False
2026-03-21 08:58:00+00:00,,,,,,,,0.73,0.73,,0.0,0,False
2026-03-21 08:58:30+00:00,,,,,,,,0.73,0.73,,0.0,0,False
2026-03-21 08:59:00+00:00,,,,,,,,0.73,0.73,,0.0,0,False
2026-03-21 08:59:30+00:00,,,,,,,,0.73,0.73,,0.0,0,False
2026-03-21 09:00:00+00:00,,,,,,,,0.73,0.73,,0.0,0,False
2026-03-21 09:00:30+00:00,,,,,,,,0.73,0.73,,0.0,0,False
2026-03-21 09:01:00+00:00,,,,,,,,0.73,0.73,,0.0,0,False
2026-03-21 09:01:30+00:00,,,,,,,,0.73,0.73,,0.0,0,False
2026-03-21 09:02:00+00:00,,,,,,,,0.73,0.73,,0.0,0,False
2026-03-21 09:02:30+00:00,,,,,,,,0.73,0.73,,0.0,0,False
2026-03-21 09:03:00+00:00,,,,,,,,0.73,0.73,,0.0,0,False
2026-03-21 09:03:30+00:00,,,,,,,,0.73,0.73,,0.0,0,False
2026-03-21 09:04:00+00:00,,,,,,,,0.73,0.73,,0.0,0,False
2026-03-21 09:04:30+00:00,,,,,,,,0.73,0.73,,0.0,0,False
2026-03-21 09:05:00+00:00,,,,,,,,0.73,0.73,,0.0,0,False
2026-03-21 09:05:30+00:00,,,,,,,,0.73,0.73,,0.0,0,False
2026-03-21 09:06:00+00:00,,,,,,,,0.73,0.73,,0.0,0,False
2026-03-21 09:06:30+00:00,,,,,,,,0.73,0.73,,0.0,0,False
2026-03-21 09:07:00+00:00,,,,,,,,0.73,0.73,,0.0,0,False
2026-03-21 09:07:30+00:00,,,,,,,,0.73,0.73,,0.0,0,False
2026-03-21 09:08:00+00:00,,,,,,,,0.73,0.73,,0.0,0,False
2026-03-21 09:08:30+00:00,,,,,,,,0.73,0.73,,0.0,0,False
2026-03-21 09:09:00+00:00,,,,,,,,0.71,0.71,,1.0,1,False
2026-03-21 09:09:30+00:00,,,,,,,,0.71,0.71,,0.0,0,False
2026-03-21 09:10:00+00:00,,,,,,,,0.71,0.71,,0.0,0,False
2026-03-21 09:10:30+00:00,,,,,,,,0.71,0.71,,0.0,0,False
2026-03-21 09:11:00+00:00,,,,,,,,0.71,0.71,,0.0,0,False
2026-03-21 09:11:30+00:00,,,,,,,,0.71,0.71,,0.0,0,False
2026-03-21 09:12:00+00:00,,,,,,,,0.71,0.71,,64.0,1,False
2026-03-21 09:12:30+00:00,,,,,,,,0.71,0.71,,0.0,0,False
2026-03-21 09:13:00+00:00,,,,,,,,0.71,0.71,,9.0,1,False
2026-03-21 09:13:30+00:00,,,,,,,,0.71,0.71,,0.0,0,False
2026-03-21 09:14:00+00:00,,,,,,,,0.71,0.71,,0.0,0,False
2026-03-21 09:14:30+00:00,,,,,,,,0.71,0.71,,0.0,0,False
2026-03-21 09:15:00+00:00,,,,,,,,0.71,0.71,,0.0,0,False
2026-03-21 09:15:30+00:00,,,,,,,,0.71,0.71,,0.0,0,False
2026-03-21 09:16:00+00:00,,,,,,,,0.71,0.71,,0.0,0,False
2026-03-21 09:16:30+00:00,,,,,,,,0.71,0.71,,0.0,0,False
2026-03-21 09:17:00+00:00,,,,,,,,0.71,0.71,,0.0,0,False
2026-03-21 09:17:30+00:00,,,,,,,,0.71,0.71,,0.0,0,False
2026-03-21 09:18:00+00:00,,,,,,,,0.71,0.71,,0.0,0,False
2026-03-21 09:18:30+00:00,,,,,,,,0.71,0.71,,0.0,0,False
2026-03-21 09:19:00+00:00,,,,,,,,0.71,0.71,,0.0,0,False
2026-03-21 09:19:30+00:00,,,,,,,,0.71,0.71,,0.0,0,False
2026-03-21 09:20:00+00:00,,,,,,,,0.71,0.71,,0.0,0,False
2026-03-21 09:20:30+00:00,,,,,,,,0.71,0.71,,0.0,0,False
2026-03-21 09:21:00+00:00,,,,,,,,0.71,0.71,,0.0,0,False
2026-03-21 09:21:30+00:00,,,,,,,,0.71,0.71,,0.0,0,False
2026-03-21 09:22:00+00:00,,,,,,,,0.71,0.71,,0.0,0,False
2026-03-21 09:22:30+00:00,,,,,,,,0.71,0.71,,0.0,0,False
2026-03-21 09:23:00+00:00,,,,,,,,0.71,0.71,,0.0,0,False
2026-03-21 09:23:30+00:00,,,,,,,,0.71,0.71,,0.0,0,False
2026-03-21 09:24:00+00:00,,,,,,,,0.71,0.71,,0.0,0,False
2026-03-21 09:24:30+00:00,,,,,,,,0.71,0.71,,0.0,0,False
2026-03-21 09:25:00+00:00,,,,,,,,0.71,0.71,,0.0,0,False
2026-03-21 09:25:30+00:00,,,,,,,,0.71,0.71,,0.0,0,False
2026-03-21 09:26:00+00:00,,,,,,,,0.71,0.71,,0.0,0,False
2026-03-21 09:26:30+00:00,,,,,,,,0.71,0.71,,0.0,0,False
2026-03-21 09:27:00+00:00,,,,,,,,0.71,0.71,,0.0,0,False
2026-03-21 09:27:30+00:00,,,,,,,,0.71,0.71,,0.0,0,False
2026-03-21 09:28:00+00:00,,,,,,,,0.71,0.71,,0.0,0,False
2026-03-21 09:28:30+00:00,,,,,,,,0.71,0.71,,0.0,0,False
2026-03-21 09:29:00+00:00,,,,,,,,0.71,0.71,,0.0,0,False
2026-03-21 09:29:30+00:00,,,,,,,,0.71,0.71,,0.0,0,False
2026-03-21 09:30:00+00:00,,,,,,,,0.71,0.71,,0.0,0,False
2026-03-21 09:30:30+00:00,,,,,,,,0.71,0.71,,0.0,0,False
2026-03-21 09:31:00+00:00,,,,,,,,0.71,0.71,,0.0,0,False
2026-03-21 09:31:30+00:00,,,,,,,,0.71,0.71,,0.0,0,False
2026-03-21 09:32:00+00:00,,,,,,,,0.71,0.71,,0.0,0,False
2026-03-21 09:32:30+00:00,,,,,,,,0.71,0.71,,0.0,0,False
2026-03-21 09:33:00+00:00,,,,,,,,0.71,0.71,,0.0,0,False
2026-03-21 09:33:30+00:00,,,,,,,,0.71,0.71,,0.0,0,False
2026-03-21 09:34:00+00:00,,,,,,,,0.71,0.71,,0.0,0,False
2026-03-21 09:34:30+00:00,,,,,,,,0.71,0.71,,0.0,0,False
2026-03-21 09:35:00+00:00,,,,,,,,0.71,0.71,,0.0,0,False
2026-03-21 09:35:30+00:00,,,,,,,,0.71,0.71,,0.0,0,False
2026-03-21 09:36:00+00:00,,,,,,,,0.71,0.71,,0.0,0,False
2026-03-21 09:36:30+00:00,,,,,,,,0.71,0.71,,0.0,0,False
2026-03-21 09:37:00+00:00,,,,,,,,0.71,0.71,,0.0,0,False
2026-03-21 09:37:30+00:00,,,,,,,,0.71,0.71,,0.0,0,False
2026-03-21 09:38:00+00:00,,,,,,,,0.70062893081761,0.7,,318.0,2,False
2026-03-21 09:38:30+00:00,,,,,,,,0.70062893081761,0.7,,0.0,0,False
2026-03-21 09:39:00+00:00,,,,,,,,0.70062893081761,0.7,,0.0,0,False
2026-03-21 09:39:30+00:00,,,,,,,,0.70062893081761,0.7,,0.0,0,False
2026-03-21 09:40:00+00:00,,,,,,,,0.70062893081761,0.7,,0.0,0,False
2026-03-21 09:40:30+00:00,,,,,,,,0.70062893081761,0.7,,0.0,0,False
2026-03-21 09:41:00+00:00,,,,,,,,0.70062893081761,0.7,,0.0,0,False
2026-03-21 09:41:30+00:00,,,,,,,,0.70062893081761,0.7,,0.0,0,False
2026-03-21 09:42:00+00:00,,,,,,,,0.7,0.7,,156.0,1,False
2026-03-21 09:42:30+00:00,,,,,,,,0.7,0.7,,0.0,0,False
2026-03-21 09:43:00+00:00,,,,,,,,0.7,0.7,,0.0,0,False
2026-03-21 09:43:30+00:00,,,,,,,,0.7,0.7,,0.0,0,False
2026-03-21 09:44:00+00:00,,,,,,,,0.7,0.7,,0.0,0,False
2026-03-21 09:44:30+00:00,,,,,,,,0.7,0.7,,0.0,0,False
2026-03-21 09:45:00+00:00,,,,,,,,0.7,0.7,,0.0,0,False
2026-03-21 09:45:30+00:00,,,,,,,,0.72,0.72,,13.0,1,False
2026-03-21 09:46:00+00:00,,,,,,,,0.7168749999999999,0.72,,96.0,2,False
2026-03-21 09:46:30+00:00,,,,,,,,0.7168749999999999,0.72,,0.0,0,False
2026-03-21 09:47:00+00:00,,,,,,,,0.7168749999999999,0.72,,0.0,0,False
2026-03-21 09:47:30+00:00,,,,,,,,0.7168749999999999,0.72,,0.0,0,False
2026-03-21 09:48:00+00:00,,,,,,,,0.7168749999999999,0.72,,0.0,0,False
2026-03-21 09:48:30+00:00,,,,,,,,0.7168749999999999,0.72,,0.0,0,False
2026-03-21 09:49:00+00:00,,,,,,,,0.7168749999999999,0.72,,0.0,0,False
2026-03-21 09:49:30+00:00,,,,,,,,0.7168749999999999,0.72,,0.0,0,False
2026-03-21 09:50:00+00:00,,,,,,,,0.7168749999999999,0.72,,0.0,0,False
2026-03-21 09:50:30+00:00,,,,,,,,0.7168749999999999,0.72,,0.0,0,False
2026-03-21 09:51:00+00:00,,,,,,,,0.7168749999999999,0.72,,0.0,0,False
2026-03-21 09:51:30+00:00,,,,,,,,0.7168749999999999,0.72,,0.0,0,False
2026-03-21 09:52:00+00:00,,,,,,,,0.71,0.71,,2.0,2,False
2026-03-21 09:52:30+00:00,,,,,,,,0.71,0.71,,0.0,0,False
2026-03-21 09:53:00+00:00,,,,,,,,0.71,0.71,,0.0,0,False
2026-03-21 09:53:30+00:00,,,,,,,,0.71,0.71,,0.0,0,False
2026-03-21 09:54:00+00:00,,,,,,,,0.71,0.71,,0.0,0,False
2026-03-21 09:54:30+00:00,,,,,,,,0.72,0.72,,135.0,1,False
2026-03-21 09:55:00+00:00,,,,,,,,0.72,0.72,,0.0,0,False
2026-03-21 09:55:30+00:00,,,,,,,,0.72,0.72,,0.0,0,False
2026-03-21 09:56:00+00:00,,,,,,,,0.72,0.72,,0.0,0,False
2026-03-21 09:56:30+00:00,,,,,,,,0.72,0.72,,0.0,0,False
2026-03-21 09:57:00+00:00,,,,,,,,0.72,0.72,,0.0,0,False
2026-03-21 09:57:30+00:00,,,,,,,,0.72,0.72,,0.0,0,False
2026-03-21 09:58:00+00:00,,,,,,,,0.72,0.72,,0.0,0,False
2026-03-21 09:58:30+00:00,,,,,,,,0.72,0.72,,0.0,0,False
2026-03-21 09:59:00+00:00,,,,,,,,0.72,0.72,,0.0,0,False
2026-03-21 09:59:30+00:00,,,,,,,,0.72,0.72,,4.0,1,False
2026-03-21 10:00:00+00:00,,,,,,,,0.72,0.72,,0.0,0,False
2026-03-21 10:00:30+00:00,,,,,,,,0.72,0.72,,0.0,0,False
2026-03-21 10:01:00+00:00,,,,,,,,0.72,0.72,,0.0,0,False
2026-03-21 10:01:30+00:00,,,,,,,,0.72,0.72,,0.0,0,False
2026-03-21 10:02:00+00:00,,,,,,,,0.7,0.7,,15.0,1,False
2026-03-21 10:02:30+00:00,,,,,,,,0.7,0.7,,0.0,0,False
2026-03-21 10:03:00+00:00,,,,,,,,0.7,0.7,,0.0,0,False
2026-03-21 10:03:30+00:00,,,,,,,,0.7,0.7,,0.0,0,False
2026-03-21 10:04:00+00:00,,,,,,,,0.7,0.7,,0.0,0,False
2026-03-21 10:04:30+00:00,,,,,,,,0.7,0.7,,0.0,0,False
2026-03-21 10:05:00+00:00,,,,,,,,0.7,0.7,,0.0,0,False
2026-03-21 10:05:30+00:00,,,,,,,,0.7,0.7,,0.0,0,False
2026-03-21 10:06:00+00:00,,,,,,,,0.7,0.7,,0.0,0,False
2026-03-21 10:06:30+00:00,,,,,,,,0.7,0.7,,0.0,0,False
2026-03-21 10:07:00+00:00,,,,,,,,0.72,0.72,,136.0,1,False
2026-03-21 10:07:30+00:00,,,,,,,,0.72,0.72,,0.0,0,False
2026-03-21 10:08:00+00:00,,,,,,,,0.72,0.72,,0.0,0,False
2026-03-21 10:08:30+00:00,,,,,,,,0.72,0.72,,0.0,0,False
2026-03-21 10:09:00+00:00,,,,,,,,0.72,0.72,,4.0,1,False
2026-03-21 10:09:30+00:00,,,,,,,,0.72,0.72,,0.0,0,False
2026-03-21 10:10:00+00:00,,,,,,,,0.72,0.72,,0.0,0,False
2026-03-21 10:10:30+00:00,,,,,,,,0.72,0.72,,0.0,0,False
2026-03-21 10:11:00+00:00,,,,,,,,0.72,0.72,,0.0,0,False
2026-03-21 10:11:30+00:00,,,,,,,,0.72,0.72,,0.0,0,False
2026-03-21 10:12:00+00:00,,,,,,,,0.72,0.72,,0.0,0,False
2026-03-21 10:12:30+00:00,,,,,,,,0.72,0.72,,0.0,0,False
2026-03-21 10:13:00+00:00,,,,,,,,0.72,0.72,,0.0,0,False
2026-03-21 10:13:30+00:00,,,,,,,,0.72,0.72,,0.0,0,False
2026-03-21 10:14:00+00:00,,,,,,,,0.72,0.72,,0.0,0,False
2026-03-21 10:14:30+00:00,,,,,,,,0.72,0.72,,0.0,0,False
2026-03-21 10:15:00+00:00,,,,,,,,0.72,0.72,,0.0,0,False
2026-03-21 10:15:30+00:00,,,,,,,,0.72,0.72,,0.0,0,False
2026-03-21 10:16:00+00:00,,,,,,,,0.72,0.72,,0.0,0,False
2026-03-21 10:16:30+00:00,,,,,,,,0.72,0.72,,0.0,0,False
2026-03-21 10:17:00+00:00,,,,,,,,0.72,0.72,,0.0,0,False
2026-03-21 10:17:30+00:00,,,,,,,,0.72,0.72,,0.0,0,False
2026-03-21 10:18:00+00:00,,,,,,,,0.72,0.72,,0.0,0,False
2026-03-21 10:18:30+00:00,,,,,,,,0.72,0.72,,0.0,0,False
2026-03-21 10:19:00+00:00,,,,,,,,0.71,0.71,,33.0,1,False
2026-03-21 10:19:30+00:00,,,,,,,,0.71,0.71,,0.0,0,False
2026-03-21 10:20:00+00:00,,,,,,,,0.71,0.71,,0.0,0,False
2026-03-21 10:20:30+00:00,,,,,,,,0.7,0.7,,353.0,1,False
2026-03-21 10:21:00+00:00,,,,,,,,0.7,0.7,,0.0,0,False
2026-03-21 10:21:30+00:00,,,,,,,,0.7,0.7,,0.0,0,False
2026-03-21 10:22:00+00:00,,,,,,,,0.7,0.7,,0.0,0,False
2026-03-21 10:22:30+00:00,,,,,,,,0.7,0.7,,0.0,0,False
2026-03-21 10:23:00+00:00,,,,,,,,0.7199999999999999,0.72,,27.0,1,False
2026-03-21 10:23:30+00:00,,,,,,,,0.7200000000000001,0.72,,9.0,2,False
2026-03-21 10:24:00+00:00,,,,,,,,0.7200000000000001,0.72,,0.0,0,False
2026-03-21 10:24:30+00:00,,,,,,,,0.7200000000000001,0.72,,0.0,0,False
2026-03-21 10:25:00+00:00,,,,,,,,0.7200000000000001,0.72,,0.0,0,False
2026-03-21 10:25:30+00:00,,,,,,,,0.7,0.7,,15.0,1,False
2026-03-21 10:26:00+00:00,,,,,,,,0.7,0.7,,13.0,1,False
2026-03-21 10:26:30+00:00,,,,,,,,0.7,0.7,,0.0,0,False
2026-03-21 10:27:00+00:00,,,,,,,,0.7,0.7,,0.0,0,False
2026-03-21 10:27:30+00:00,,,,,,,,0.7,0.7,,0.0,0,False
2026-03-21 10:28:00+00:00,,,,,,,,0.7094444444444444,0.71,,54.0,2,False
2026-03-21 10:28:30+00:00,,,,,,,,0.7094444444444444,0.71,,0.0,0,False
2026-03-21 10:29:00+00:00,,,,,,,,0.7094444444444444,0.71,,0.0,0,False
2026-03-21 10:29:30+00:00,,,,,,,,0.7094444444444444,0.71,,0.0,0,False
2026-03-21 10:30:00+00:00,,,,,,,,0.7094444444444444,0.71,,0.0,0,False
2026-03-21 10:30:30+00:00,,,,,,,,0.7094444444444444,0.71,,0.0,0,False
2026-03-21 10:31:00+00:00,,,,,,,,0.7094444444444444,0.71,,0.0,0,False
2026-03-21 10:31:30+00:00,,,,,,,,0.7094444444444444,0.71,,0.0,0,False
2026-03-21 10:32:00+00:00,,,,,,,,0.7,0.7,,31.0,1,False
2026-03-21 10:32:30+00:00,,,,,,,,0.72,0.72,,31.0,1,False
2026-03-21 10:33:00+00:00,,,,,,,,0.72,0.72,,0.0,0,False
2026-03-21 10:33:30+00:00,,,,,,,,0.72,0.72,,0.0,0,False
2026-03-21 10:34:00+00:00,,,,,,,,0.72,0.72,,33.0,1,False
2026-03-21 10:34:30+00:00,,,,,,,,0.72,0.72,,0.0,0,False
2026-03-21 10:35:00+00:00,,,,,,,,0.72,0.72,,0.0,0,False
2026-03-21 10:35:30+00:00,,,,,,,,0.72,0.72,,0.0,0,False
2026-03-21 10:36:00+00:00,,,,,,,,0.72,0.72,,5.0,1,False
2026-03-21 10:36:30+00:00,,,,,,,,0.72,0.72,,0.0,0,False
2026-03-21 10:37:00+00:00,,,,,,,,0.72,0.72,,0.0,0,False
2026-03-21 10:37:30+00:00,,,,,,,,0.72,0.72,,0.0,0,False
2026-03-21 10:38:00+00:00,,,,,,,,0.72,0.72,,0.0,0,False
2026-03-21 10:38:30+00:00,,,,,,,,0.72,0.72,,0.0,0,False
2026-03-21 10:39:00+00:00,,,,,,,,0.7,0.7,,15.0,1,False
2026-03-21 10:39:30+00:00,,,,,,,,0.7,0.7,,0.0,0,False
2026-03-21 10:40:00+00:00,,,,,,,,0.7,0.7,,0.0,0,False
2026-03-21 10:40:30+00:00,,,,,,,,0.7,0.7,,0.0,0,False
2026-03-21 10:41:00+00:00,,,,,,,,0.7,0.7,,0.0,0,False
2026-03-21 10:41:30+00:00,,,,,,,,0.7,0.7,,15.0,1,False
2026-03-21 10:42:00+00:00,,,,,,,,0.7200000000000001,0.72,,12.0,1,False
2026-03-21 10:42:30+00:00,,,,,,,,0.7200000000000001,0.72,,0.0,0,False
2026-03-21 10:43:00+00:00,,,,,,,,0.7200000000000001,0.72,,0.0,0,False
2026-03-21 10:43:30+00:00,,,,,,,,0.7200000000000001,0.72,,0.0,0,False
2026-03-21 10:44:00+00:00,,,,,,,,0.7200000000000001,0.72,,0.0,0,False
2026-03-21 10:44:30+00:00,,,,,,,,0.7200000000000001,0.72,,0.0,0,False
2026-03-21 10:45:00+00:00,,,,,,,,0.7200000000000001,0.72,,0.0,0,False
2026-03-21 10:45:30+00:00,,,,,,,,0.7200000000000001,0.72,,0.0,0,False
2026-03-21 10:46:00+00:00,,,,,,,,0.7200000000000001,0.72,,0.0,0,False
2026-03-21 10:46:30+00:00,,,,,,,,0.7200000000000001,0.72,,0.0,0,False
2026-03-21 10:47:00+00:00,,,,,,,,0.7200000000000001,0.72,,0.0,0,False
2026-03-21 10:47:30+00:00,,,,,,,,0.7200000000000001,0.72,,0.0,0,False
2026-03-21 10:48:00+00:00,,,,,,,,0.7200000000000001,0.72,,0.0,0,False
2026-03-21 10:48:30+00:00,,,,,,,,0.7200000000000001,0.72,,0.0,0,False
2026-03-21 10:49:00+00:00,,,,,,,,0.7,0.7,,62.0,1,False
2026-03-21 10:49:30+00:00,,,,,,,,0.7,0.7,,0.0,0,False
2026-03-21 10:50:00+00:00,,,,,,,,0.7,0.7,,0.0,0,False
2026-03-21 10:50:30+00:00,,,,,,,,0.7,0.7,,0.0,0,False
2026-03-21 10:51:00+00:00,,,,,,,,0.7,0.7,,0.0,0,False
2026-03-21 10:51:30+00:00,,,,,,,,0.72,0.72,,135.0,1,False
2026-03-21 10:52:00+00:00,,,,,,,,0.72,0.72,,0.0,0,False
2026-03-21 10:52:30+00:00,,,,,,,,0.72,0.72,,0.0,0,False
2026-03-21 10:53:00+00:00,,,,,,,,0.72,0.72,,0.0,0,False
2026-03-21 10:53:30+00:00,,,,,,,,0.72,0.72,,0.0,0,False
2026-03-21 10:54:00+00:00,,,,,,,,0.72,0.72,,0.0,0,False
2026-03-21 10:54:30+00:00,,,,,,,,0.72,0.72,,0.0,0,False
2026-03-21 10:55:00+00:00,,,,,,,,0.72,0.72,,0.0,0,False
2026-03-21 10:55:30+00:00,,,,,,,,0.72,0.72,,0.0,0,False
2026-03-21 10:56:00+00:00,,,,,,,,0.7200000000000001,0.72,,6.0,1,False
2026-03-21 10:56:30+00:00,,,,,,,,0.7200000000000001,0.72,,0.0,0,False
2026-03-21 10:57:00+00:00,,,,,,,,0.7200000000000001,0.72,,0.0,0,False
2026-03-21 10:57:30+00:00,,,,,,,,0.7200000000000001,0.72,,0.0,0,False
2026-03-21 10:58:00+00:00,,,,,,,,0.7200000000000001,0.72,,0.0,0,False
2026-03-21 10:58:30+00:00,,,,,,,,0.7200000000000001,0.72,,0.0,0,False
2026-03-21 10:59:00+00:00,,,,,,,,0.7200000000000001,0.72,,0.0,0,False
2026-03-21 10:59:30+00:00,,,,,,,,0.7200000000000001,0.72,,0.0,0,False
2026-03-21 11:00:00+00:00,,,,,,,,0.7200000000000001,0.72,,0.0,0,False
2026-03-21 11:00:30+00:00,,,,,,,,0.7200000000000001,0.72,,0.0,0,False
2026-03-21 11:01:00+00:00,,,,,,,,0.7200000000000001,0.72,,0.0,0,False
2026-03-21 11:01:30+00:00,,,,,,,,0.7200000000000001,0.72,,0.0,0,False
2026-03-21 11:02:00+00:00,,,,,,,,0.7200000000000001,0.72,,0.0,0,False
2026-03-21 11:02:30+00:00,,,,,,,,0.7200000000000001,0.72,,0.0,0,False
2026-03-21 11:03:00+00:00,,,,,,,,0.7200000000000001,0.72,,0.0,0,False
2026-03-21 11:03:30+00:00,,,,,,,,0.7200000000000001,0.72,,0.0,0,False
2026-03-21 11:04:00+00:00,,,,,,,,0.7200000000000001,0.72,,0.0,0,False
2026-03-21 11:04:30+00:00,,,,,,,,0.7200000000000001,0.72,,0.0,0,False
2026-03-21 11:05:00+00:00,,,,,,,,0.7200000000000001,0.72,,0.0,0,False
2026-03-21 11:05:30+00:00,,,,,,,,0.7200000000000001,0.72,,0.0,0,False
2026-03-21 11:06:00+00:00,,,,,,,,0.6999999999999998,0.7,,111.0,1,False
2026-03-21 11:06:30+00:00,,,,,,,,0.7,0.7,,15.0,1,False
2026-03-21 11:07:00+00:00,,,,,,,,0.7,0.7,,0.0,0,False
2026-03-21 11:07:30+00:00,,,,,,,,0.7,0.7,,0.0,0,False
2026-03-21 11:08:00+00:00,,,,,,,,0.7,0.7,,0.0,0,False
2026-03-21 11:08:30+00:00,,,,,,,,0.7,0.7,,0.0,0,False
2026-03-21 11:09:00+00:00,,,,,,,,0.7,0.7,,0.0,0,False
2026-03-21 11:09:30+00:00,,,,,,,,0.7,0.7,,0.0,0,False
2026-03-21 11:10:00+00:00,,,,,,,,0.7,0.7,,0.0,0,False
2026-03-21 11:10:30+00:00,,,,,,,,0.7,0.7,,0.0,0,False
2026-03-21 11:11:00+00:00,,,,,,,,0.7,0.7,,0.0,0,False
2026-03-21 11:11:30+00:00,,,,,,,,0.7,0.7,,0.0,0,False
2026-03-21 11:12:00+00:00,,,,,,,,0.7,0.7,,0.0,0,False
2026-03-21 11:12:30+00:00,,,,,,,,0.7,0.7,,0.0,0,False
2026-03-21 11:13:00+00:00,,,,,,,,0.7,0.7,,0.0,0,False
2026-03-21 11:13:30+00:00,,,,,,,,0.7,0.7,,0.0,0,False
2026-03-21 11:14:00+00:00,,,,,,,,0.72,0.72,,25.0,1,False
2026-03-21 11:14:30+00:00,,,,,,,,0.72,0.72,,0.0,0,False
2026-03-21 11:15:00+00:00,,,,,,,,0.72,0.72,,0.0,0,False
2026-03-21 11:15:30+00:00,,,,,,,,0.72,0.72,,0.0,0,False
2026-03-21 11:16:00+00:00,,,,,,,,0.72,0.72,,0.0,0,False
2026-03-21 11:16:30+00:00,,,,,,,,0.72,0.72,,0.0,0,False
2026-03-21 11:17:00+00:00,,,,,,,,0.72,0.72,,2.0,1,False
2026-03-21 11:17:30+00:00,,,,,,,,0.72,0.72,,0.0,0,False
2026-03-21 11:18:00+00:00,,,,,,,,0.72,0.72,,0.0,0,False
2026-03-21 11:18:30+00:00,,,,,,,,0.72,0.72,,0.0,0,False
2026-03-21 11:19:00+00:00,,,,,,,,0.72,0.72,,0.0,0,False
2026-03-21 11:19:30+00:00,,,,,,,,0.7,0.7,,31.0,1,False
2026-03-21 11:20:00+00:00,,,,,,,,0.7,0.7,,0.0,0,False
2026-03-21 11:20:30+00:00,,,,,,,,0.7,0.7,,0.0,0,False
2026-03-21 11:21:00+00:00,,,,,,,,0.7,0.7,,0.0,0,False
2026-03-21 11:21:30+00:00,,,,,,,,0.7,0.7,,0.0,0,False
2026-03-21 11:22:00+00:00,,,,,,,,0.7,0.7,,0.0,0,False
2026-03-21 11:22:30+00:00,,,,,,,,0.7,0.7,,0.0,0,False
2026-03-21 11:23:00+00:00,,,,,,,,0.7,0.7,,0.0,0,False
2026-03-21 11:23:30+00:00,,,,,,,,0.7,0.7,,0.0,0,False
2026-03-21 11:24:00+00:00,,,,,,,,0.7,0.7,,0.0,0,False
2026-03-21 11:24:30+00:00,,,,,,,,0.7,0.7,,0.0,0,False
2026-03-21 11:25:00+00:00,,,,,,,,0.7,0.7,,15.0,1,False
2026-03-21 11:25:30+00:00,,,,,,,,0.7,0.7,,0.0,0,False
2026-03-21 11:26:00+00:00,,,,,,,,0.7,0.7,,0.0,0,False
2026-03-21 11:26:30+00:00,,,,,,,,0.7,0.7,,0.0,0,False
2026-03-21 11:27:00+00:00,,,,,,,,0.7,0.7,,0.0,0,False
2026-03-21 11:27:30+00:00,,,,,,,,0.7,0.7,,0.0,0,False
2026-03-21 11:28:00+00:00,,,,,,,,0.7,0.7,,0.0,0,False
2026-03-21 11:28:30+00:00,,,,,,,,0.7,0.7,,15.0,1,False
2026-03-21 11:29:00+00:00,,,,,,,,0.7,0.7,,0.0,0,False
2026-03-21 11:29:30+00:00,,,,,,,,0.7,0.7,,0.0,0,False
2026-03-21 11:30:00+00:00,,,,,,,,0.7,0.7,,0.0,0,False
2026-03-21 11:30:30+00:00,,,,,,,,0.7,0.7,,0.0,0,False
2026-03-21 11:31:00+00:00,,,,,,,,0.7,0.7,,0.0,0,False
2026-03-21 11:31:30+00:00,,,,,,,,0.7,0.7,,0.0,0,False
2026-03-21 11:32:00+00:00,,,,,,,,0.7,0.7,,0.0,0,False
2026-03-21 11:32:30+00:00,,,,,,,,0.7,0.7,,0.0,0,False
2026-03-21 11:33:00+00:00,,,,,,,,0.7,0.7,,0.0,0,False
2026-03-21 11:33:30+00:00,,,,,,,,0.7,0.7,,0.0,0,False
2026-03-21 11:34:00+00:00,,,,,,,,0.7,0.7,,0.0,0,False
2026-03-21 11:34:30+00:00,,,,,,,,0.7,0.7,,0.0,0,False
2026-03-21 11:35:00+00:00,,,,,,,,0.72,0.72,,20.0,2,False
2026-03-21 11:35:30+00:00,,,,,,,,0.72,0.72,,0.0,0,False
2026-03-21 11:36:00+00:00,,,,,,,,0.72,0.72,,0.0,0,False
2026-03-21 11:36:30+00:00,,,,,,,,0.72,0.72,,0.0,0,False
2026-03-21 11:37:00+00:00,,,,,,,,0.72,0.72,,0.0,0,False
2026-03-21 11:37:30+00:00,,,,,,,,0.72,0.72,,0.0,0,False
2026-03-21 11:38:00+00:00,,,,,,,,0.72,0.72,,0.0,0,False
2026-03-21 11:38:30+00:00,,,,,,,,0.72,0.72,,14.0,1,False
2026-03-21 11:39:00+00:00,,,,,,,,0.72,0.72,,0.0,0,False
2026-03-21 11:39:30+00:00,,,,,,,,0.72,0.72,,0.0,0,False
2026-03-21 11:40:00+00:00,,,,,,,,0.72,0.72,,0.0,0,False
2026-03-21 11:40:30+00:00,,,,,,,,0.72,0.72,,0.0,0,False
2026-03-21 11:41:00+00:00,,,,,,,,0.72,0.72,,0.0,0,False
2026-03-21 11:41:30+00:00,,,,,,,,0.72,0.72,,0.0,0,False
2026-03-21 11:42:00+00:00,,,,,,,,0.72,0.72,,1.0,1,False
2026-03-21 11:42:30+00:00,,,,,,,,0.72,0.72,,0.0,0,False
2026-03-21 11:43:00+00:00,,,,,,,,0.72,0.72,,0.0,0,False
2026-03-21 11:43:30+00:00,,,,,,,,0.72,0.72,,0.0,0,False
2026-03-21 11:44:00+00:00,,,,,,,,0.72,0.72,,0.0,0,False
2026-03-21 11:44:30+00:00,,,,,,,,0.72,0.72,,0.0,0,False
2026-03-21 11:45:00+00:00,,,,,,,,0.72,0.72,,0.0,0,False
2026-03-21 11:45:30+00:00,,,,,,,,0.72,0.72,,0.0,0,False
2026-03-21 11:46:00+00:00,,,,,,,,0.72,0.72,,0.0,0,False
2026-03-21 11:46:30+00:00,,,,,,,,0.72,0.72,,0.0,0,False
2026-03-21 11:47:00+00:00,,,,,,,,0.72,0.72,,13.0,1,False
2026-03-21 11:47:30+00:00,,,,,,,,0.72,0.72,,0.0,0,False
2026-03-21 11:48:00+00:00,,,,,,,,0.72,0.72,,0.0,0,False
2026-03-21 11:48:30+00:00,,,,,,,,0.72,0.72,,0.0,0,False
2026-03-21 11:49:00+00:00,,,,,,,,0.72,0.72,,1.0,1,False
2026-03-21 11:49:30+00:00,,,,,,,,0.72,0.72,,136.0,1,False
2026-03-21 11:50:00+00:00,,,,,,,,0.72,0.72,,0.0,0,False
2026-03-21 11:50:30+00:00,,,,,,,,0.72,0.72,,1.0,1,False
2026-03-21 11:51:00+00:00,,,,,,,,0.72,0.72,,0.0,0,False
2026-03-21 11:51:30+00:00,,,,,,,,0.72,0.72,,0.0,0,False
2026-03-21 11:52:00+00:00,,,,,,,,0.72,0.72,,0.0,0,False
2026-03-21 11:52:30+00:00,,,,,,,,0.72,0.72,,0.0,0,False
2026-03-21 11:53:00+00:00,,,,,,,,0.72,0.72,,0.0,0,False
2026-03-21 11:53:30+00:00,,,,,,,,0.72,0.72,,0.0,0,False
2026-03-21 11:54:00+00:00,,,,,,,,0.72,0.72,,0.0,0,False
2026-03-21 11:54:30+00:00,,,,,,,,0.72,0.72,,0.0,0,False
2026-03-21 11:55:00+00:00,,,,,,,,0.72,0.72,,0.0,0,False
2026-03-21 11:55:30+00:00,,,,,,,,0.72,0.72,,0.0,0,False
2026-03-21 11:56:00+00:00,,,,,,,,0.72,0.72,,0.0,0,False
2026-03-21 11:56:30+00:00,,,,,,,,0.72,0.72,,0.0,0,False
2026-03-21 11:57:00+00:00,,,,,,,,0.72,0.72,,0.0,0,False
2026-03-21 11:57:30+00:00,,,,,,,,0.72,0.72,,0.0,0,False
2026-03-21 11:58:00+00:00,,,,,,,,0.72,0.72,,0.0,0,False
2026-03-21 11:58:30+00:00,,,,,,,,0.72,0.72,,0.0,0,False
2026-03-21 11:59:00+00:00,,,,,,,,0.72,0.72,,0.0,0,False
2026-03-21 11:59:30+00:00,,,,,,,,0.72,0.72,,0.0,0,False
2026-03-21 12:00:00+00:00,,,,,,,,0.72,0.72,,0.0,0,False
2026-03-21 12:00:30+00:00,,,,,,,,0.71,0.71,,40.0,1,False
2026-03-21 12:01:00+00:00,,,,,,,,0.72,0.72,,2.0,1,False
2026-03-21 12:01:30+00:00,,,,,,,,0.72,0.72,,0.0,0,False
2026-03-21 12:02:00+00:00,,,,,,,,0.72,0.72,,13.0,1,False
2026-03-21 12:02:30+00:00,,,,,,,,0.72,0.72,,2.0,1,False
2026-03-21 12:03:00+00:00,,,,,,,,0.72,0.72,,0.0,0,False
2026-03-21 12:03:30+00:00,,,,,,,,0.72,0.72,,0.0,0,False
2026-03-21 12:04:00+00:00,,,,,,,,0.7,0.7,,45.0,1,False
2026-03-21 12:04:30+00:00,,,,,,,,0.7,0.7,,0.0,0,False
2026-03-21 12:05:00+00:00,,,,,,,,0.7,0.7,,0.0,0,False
2026-03-21 12:05:30+00:00,,,,,,,,0.6999999999999998,0.7,,3.0,1,False
2026-03-21 12:06:00+00:00,,,,,,,,0.6999999999999998,0.7,,0.0,0,False
2026-03-21 12:06:30+00:00,,,,,,,,0.6999999999999998,0.7,,0.0,0,False
2026-03-21 12:07:00+00:00,,,,,,,,0.6999999999999998,0.7,,0.0,0,False
2026-03-21 12:07:30+00:00,,,,,,,,0.6999999999999998,0.7,,0.0,0,False
2026-03-21 12:08:00+00:00,,,,,,,,0.72,0.72,,68.0,1,False
2026-03-21 12:08:30+00:00,,,,,,,,0.72,0.72,,0.0,0,False
2026-03-21 12:09:00+00:00,,,,,,,,0.72,0.72,,0.0,0,False
2026-03-21 12:09:30+00:00,,,,,,,,0.7,0.7,,63.0,1,False
2026-03-21 12:10:00+00:00,,,,,,,,0.71,0.71,,3.0,1,False
2026-03-21 12:10:30+00:00,,,,,,,,0.7,0.7,,93.0,1,False
2026-03-21 12:11:00+00:00,,,,,,,,0.7,0.7,,0.0,0,False
2026-03-21 12:11:30+00:00,,,,,,,,0.7,0.7,,0.0,0,False
2026-03-21 12:12:00+00:00,,,,,,,,0.6999999999999998,0.7,,3.0,1,False
2026-03-21 12:12:30+00:00,,,,,,,,0.6999999999999998,0.7,,0.0,0,False
2026-03-21 12:13:00+00:00,,,,,,,,0.6999999999999998,0.7,,0.0,0,False
2026-03-21 12:13:30+00:00,,,,,,,,0.71,0.71,,41.0,1,False
2026-03-21 12:14:00+00:00,,,,,,,,0.71,0.71,,0.0,0,False
2026-03-21 12:14:30+00:00,,,,,,,,0.7099999999999999,0.71,,67.0,2,False
2026-03-21 12:15:00+00:00,,,,,,,,0.71,0.71,,1.0,1,False
2026-03-21 12:15:30+00:00,,,,,,,,0.71,0.71,,0.0,0,False
2026-03-21 12:16:00+00:00,,,,,,,,0.71,0.71,,0.0,0,False
2026-03-21 12:16:30+00:00,,,,,,,,0.71,0.71,,0.0,0,False
2026-03-21 12:17:00+00:00,,,,,,,,0.71,0.71,,0.0,0,False
2026-03-21 12:17:30+00:00,,,,,,,,0.71,0.71,,0.0,0,False
2026-03-21 12:18:00+00:00,,,,,,,,0.71,0.71,,0.0,0,False
2026-03-21 12:18:30+00:00,,,,,,,,0.71,0.71,,0.0,0,False
2026-03-21 12:19:00+00:00,,,,,,,,0.71,0.71,,0.0,0,False
2026-03-21 12:19:30+00:00,,,,,,,,0.71,0.71,,0.0,0,False
2026-03-21 12:20:00+00:00,,,,,,,,0.71,0.71,,6.0,2,False
2026-03-21 12:20:30+00:00,,,,,,,,0.71,0.71,,0.0,0,False
2026-03-21 12:21:00+00:00,,,,,,,,0.71,0.71,,6.0,1,False
2026-03-21 12:21:30+00:00,,,,,,,,0.71,0.71,,0.0,0,False
2026-03-21 12:22:00+00:00,,,,,,,,0.71,0.71,,0.0,0,False
2026-03-21 12:22:30+00:00,,,,,,,,0.7,0.7,,156.0,1,False
2026-03-21 12:23:00+00:00,,,,,,,,0.7,0.7,,156.0,1,False
2026-03-21 12:23:30+00:00,,,,,,,,0.7,0.7,,0.0,0,False
2026-03-21 12:24:00+00:00,,,,,,,,0.71,0.71,,6.0,1,False
2026-03-21 12:24:30+00:00,,,,,,,,0.7,0.7,,666.0,3,False
2026-03-21 12:25:00+00:00,,,,,,,,0.7100000000000001,0.71,,26.0,1,False
2026-03-21 12:25:30+00:00,,,,,,,,0.7100000000000001,0.71,,0.0,0,False
2026-03-21 12:26:00+00:00,,,,,,,,0.7,0.7,,15.0,1,False
2026-03-21 12:26:30+00:00,,,,,,,,0.71,0.71,,100.0,1,False
2026-03-21 12:27:00+00:00,,,,,,,,0.71,0.71,,0.0,0,False
2026-03-21 12:27:30+00:00,,,,,,,,0.71,0.71,,43.0,1,False
2026-03-21 12:28:00+00:00,,,,,,,,0.71,0.71,,0.0,0,False
2026-03-21 12:28:30+00:00,,,,,,,,0.71,0.71,,0.0,0,False
2026-03-21 12:29:00+00:00,,,,,,,,0.71,0.71,,6.0,1,False
2026-03-21 12:29:30+00:00,,,,,,,,0.7,0.7,,156.0,1,False
2026-03-21 12:30:00+00:00,,,,,,,,0.7,0.7,,0.0,0,False
2026-03-21 12:30:30+00:00,,,,,,,,0.7,0.7,,0.0,0,False
2026-03-21 12:31:00+00:00,,,,,,,,0.7,0.7,,0.0,0,False
2026-03-21 12:31:30+00:00,,,,,,,,0.7,0.7,,0.0,0,False
2026-03-21 12:32:00+00:00,,,,,,,,0.7,0.7,,0.0,0,False
2026-03-21 12:32:30+00:00,,,,,,,,0.7,0.7,,0.0,0,False
2026-03-21 12:33:00+00:00,,,,,,,,0.7099999999999999,0.71,,30.0,2,False
2026-03-21 12:33:30+00:00,,,,,,,,0.7099999999999999,0.71,,0.0,0,False
2026-03-21 12:34:00+00:00,,,,,,,,0.7,0.7,,31.0,1,False
2026-03-21 12:34:30+00:00,,,,,,,,0.7,0.7,,0.0,0,False
2026-03-21 12:35:00+00:00,,,,,,,,0.7,0.7,,0.0,0,False
2026-03-21 12:35:30+00:00,,,,,,,,0.71,0.71,,1.0,1,False
2026-03-21 12:36:00+00:00,,,,,,,,0.71,0.71,,0.0,0,False
2026-03-21 12:36:30+00:00,,,,,,,,0.71,0.71,,0.0,0,False
2026-03-21 12:37:00+00:00,,,,,,,,0.71,0.71,,0.0,0,False
2026-03-21 12:37:30+00:00,,,,,,,,0.7,0.7,,73.0,1,False
2026-03-21 12:38:00+00:00,,,,,,,,0.7,0.7,,0.0,0,False
2026-03-21 12:38:30+00:00,,,,,,,,0.7,0.7,,0.0,0,False
2026-03-21 12:39:00+00:00,,,,,,,,0.7,0.7,,0.0,0,False
2026-03-21 12:39:30+00:00,,,,,,,,0.7,0.7,,0.0,0,False
2026-03-21 12:40:00+00:00,,,,,,,,0.7,0.7,,0.0,0,False
2026-03-21 12:40:30+00:00,,,,,,,,0.7,0.7,,34.0,1,False
2026-03-21 12:41:00+00:00,,,,,,,,0.7,0.7,,0.0,0,False
2026-03-21 12:41:30+00:00,,,,,,,,0.7,0.7,,312.0,1,False
2026-03-21 12:42:00+00:00,,,,,,,,0.7,0.7,,0.0,0,False
2026-03-21 12:42:30+00:00,,,,,,,,0.7,0.7,,0.0,0,False
2026-03-21 12:43:00+00:00,,,,,,,,0.7,0.7,,0.0,0,False
2026-03-21 12:43:30+00:00,,,,,,,,0.7,0.7,,0.0,0,False
2026-03-21 12:44:00+00:00,,,,,,,,0.7,0.7,,0.0,0,False
2026-03-21 12:44:30+00:00,,,,,,,,0.7,0.7,,0.0,0,False
2026-03-21 12:45:00+00:00,,,,,,,,0.7,0.7,,0.0,0,False
2026-03-21 12:45:30+00:00,,,,,,,,0.7,0.7,,0.0,0,False
2026-03-21 12:46:00+00:00,,,,,,,,0.7,0.7,,0.0,0,False
2026-03-21 12:46:30+00:00,,,,,,,,0.7,0.7,,0.0,0,False
2026-03-21 12:47:00+00:00,,,,,,,,0.7,0.7,,0.0,0,False
2026-03-21 12:47:30+00:00,,,,,,,,0.7,0.7,,0.0,0,False
2026-03-21 12:48:00+00:00,,,,,,,,0.71,0.71,,67.0,1,False
2026-03-21 12:48:30+00:00,,,,,,,,0.71,0.71,,0.0,0,False
2026-03-21 12:49:00+00:00,,,,,,,,0.71,0.71,,0.0,0,False
2026-03-21 12:49:30+00:00,,,,,,,,0.71,0.71,,0.0,0,False
2026-03-21 12:50:00+00:00,,,,,,,,0.71,0.71,,0.0,0,False
2026-03-21 12:50:30+00:00,,,,,,,,0.71,0.71,,0.0,0,False
2026-03-21 12:51:00+00:00,,,,,,,,0.7100000000000001,0.71,,13.0,1,False
2026-03-21 12:51:30+00:00,,,,,,,,0.71,0.71,,106.0,2,False
2026-03-21 12:52:00+00:00,,,,,,,,0.71,0.71,,0.0,0,False
2026-03-21 12:52:30+00:00,,,,,,,,0.71,0.71,,0.0,0,False
2026-03-21 12:53:00+00:00,,,,,,,,0.71,0.71,,0.0,0,False
2026-03-21 12:53:30+00:00,,,,,,,,0.71,0.71,,0.0,0,False
2026-03-21 12:54:00+00:00,,,,,,,,0.71,0.71,,0.0,0,False
2026-03-21 12:54:30+00:00,,,,,,,,0.71,0.71,,27.0,1,False
2026-03-21 12:55:00+00:00,,,,,,,,0.71,0.71,,0.0,0,False
2026-03-21 12:55:30+00:00,,,,,,,,0.71,0.71,,42.0,1,False
2026-03-21 12:56:00+00:00,,,,,,,,0.7200000000000001,0.72,,635.0,2,False
2026-03-21 12:56:30+00:00,,,,,,,,0.7200000000000001,0.72,,0.0,0,False
2026-03-21 12:57:00+00:00,,,,,,,,0.72,0.72,,1.0,1,False
2026-03-21 12:57:30+00:00,,,,,,,,0.72,0.72,,1.0,1,False
2026-03-21 12:58:00+00:00,,,,,,,,0.72,0.72,,0.0,0,False
2026-03-21 12:58:30+00:00,,,,,,,,0.72,0.72,,0.0,0,False
2026-03-21 12:59:00+00:00,,,,,,,,0.7,0.7,,4.0,1,False
2026-03-21 12:59:30+00:00,,,,,,,,0.7,0.7,,0.0,0,False
2026-03-21 13:00:00+00:00,,,,,,,,0.7,0.7,,0.0,0,False
2026-03-21 13:00:30+00:00,,,,,,,,0.7,0.7,,0.0,0,False
2026-03-21 13:01:00+00:00,,,,,,,,0.7,0.7,,0.0,0,False
2026-03-21 13:01:30+00:00,,,,,,,,0.7,0.7,,0.0,0,False
2026-03-21 13:02:00+00:00,,,,,,,,0.6999999999999998,0.7,,3.0,1,False
2026-03-21 13:02:30+00:00,,,,,,,,0.6999999999999998,0.7,,0.0,0,False
2026-03-21 13:03:00+00:00,,,,,,,,0.7200000000000001,0.72,,6.0,1,False
2026-03-21 13:03:30+00:00,,,,,,,,0.72,0.72,,20.0,1,False
2026-03-21 13:04:00+00:00,,,,,,,,0.72,0.72,,0.0,0,False
2026-03-21 13:04:30+00:00,,,,,,,,0.72,0.72,,0.0,0,False
2026-03-21 13:05:00+00:00,,,,,,,,0.72,0.72,,8.0,1,False
2026-03-21 13:05:30+00:00,,,,,,,,0.7,0.7,,31.0,1,False
2026-03-21 13:06:00+00:00,,,,,,,,0.7,0.7,,0.0,0,False
2026-03-21 13:06:30+00:00,,,,,,,,0.7,0.7,,5.0,1,False
2026-03-21 13:07:00+00:00,,,,,,,,0.7,0.7,,0.0,0,False
2026-03-21 13:07:30+00:00,,,,,,,,0.7,0.7,,0.0,0,False
2026-03-21 13:08:00+00:00,,,,,,,,0.7,0.7,,0.0,0,False
2026-03-21 13:08:30+00:00,,,,,,,,0.7,0.7,,0.0,0,False
2026-03-21 13:09:00+00:00,,,,,,,,0.7,0.7,,0.0,0,False
2026-03-21 13:09:30+00:00,,,,,,,,0.72,0.72,,1.0,1,False
2026-03-21 13:10:00+00:00,,,,,,,,0.72,0.72,,0.0,0,False
2026-03-21 13:10:30+00:00,,,,,,,,0.72,0.72,,0.0,0,False
2026-03-21 13:11:00+00:00,,,,,,,,0.72,0.72,,0.0,0,False
2026-03-21 13:11:30+00:00,,,,,,,,0.72,0.72,,0.0,0,False
2026-03-21 13:12:00+00:00,,,,,,,,0.72,0.72,,0.0,0,False
2026-03-21 13:12:30+00:00,,,,,,,,0.72,0.72,,0.0,0,False
2026-03-21 13:13:00+00:00,,,,,,,,0.72,0.72,,0.0,0,False
2026-03-21 13:13:30+00:00,,,,,,,,0.72,0.72,,1.0,1,False
2026-03-21 13:14:00+00:00,,,,,,,,0.72,0.72,,0.0,0,False
2026-03-21 13:14:30+00:00,,,,,,,,0.72,0.72,,0.0,0,False
2026-03-21 13:15:00+00:00,,,,,,,,0.72,0.72,,0.0,0,False
2026-03-21 13:15:30+00:00,,,,,,,,0.72,0.72,,0.0,0,False
2026-03-21 13:16:00+00:00,,,,,,,,0.72,0.72,,0.0,0,False
2026-03-21 13:16:30+00:00,,,,,,,,0.72,0.72,,0.0,0,False
2026-03-21 13:17:00+00:00,,,,,,,,0.72,0.72,,0.0,0,False
2026-03-21 13:17:30+00:00,,,,,,,,0.72,0.72,,0.0,0,False
2026-03-21 13:18:00+00:00,,,,,,,,0.7,0.7,,315.0,2,False
2026-03-21 13:18:30+00:00,,,,,,,,0.7,0.7,,234.0,1,False
2026-03-21 13:19:00+00:00,,,,,,,,0.7,0.7,,0.0,0,False
2026-03-21 13:19:30+00:00,,,,,,,,0.7,0.7,,0.0,0,False
2026-03-21 13:20:00+00:00,,,,,,,,0.7,0.7,,0.0,0,False
2026-03-21 13:20:30+00:00,,,,,,,,0.7,0.7,,0.0,0,False
2026-03-21 13:21:00+00:00,,,,,,,,0.7,0.7,,0.0,0,False
2026-03-21 13:21:30+00:00,,,,,,,,0.72,0.72,,1.0,1,False
2026-03-21 13:22:00+00:00,,,,,,,,0.72,0.72,,0.0,0,False
2026-03-21 13:22:30+00:00,,,,,,,,0.72,0.72,,0.0,0,False
2026-03-21 13:23:00+00:00,,,,,,,,0.72,0.72,,0.0,0,False
2026-03-21 13:23:30+00:00,,,,,,,,0.72,0.72,,0.0,0,False
2026-03-21 13:24:00+00:00,,,,,,,,0.72,0.72,,0.0,0,False
2026-03-21 13:24:30+00:00,,,,,,,,0.72,0.72,,0.0,0,False
2026-03-21 13:25:00+00:00,,,,,,,,0.72,0.72,,0.0,0,False
2026-03-21 13:25:30+00:00,,,,,,,,0.72,0.72,,0.0,0,False
2026-03-21 13:26:00+00:00,,,,,,,,0.7200000000000001,0.72,,6.0,1,False
2026-03-21 13:26:30+00:00,,,,,,,,0.7200000000000001,0.72,,0.0,0,False
2026-03-21 13:27:00+00:00,,,,,,,,0.7200000000000001,0.72,,0.0,0,False
2026-03-21 13:27:30+00:00,,,,,,,,0.7200000000000001,0.72,,0.0,0,False
2026-03-21 13:28:00+00:00,,,,,,,,0.7,0.7,,95.0,1,False
2026-03-21 13:28:30+00:00,,,,,,,,0.7,0.7,,0.0,0,False
2026-03-21 13:29:00+00:00,,,,,,,,0.7,0.7,,0.0,0,False
2026-03-21 13:29:30+00:00,,,,,,,,0.7,0.7,,0.0,0,False
2026-03-21 13:30:00+00:00,,,,,,,,0.7,0.7,,0.0,0,False
2026-03-21 13:30:30+00:00,,,,,,,,0.7,0.7,,0.0,0,False
2026-03-21 13:31:00+00:00,,,,,,,,0.7,0.7,,0.0,0,False
2026-03-21 13:31:30+00:00,,,,,,,,0.7,0.7,,0.0,0,False
2026-03-21 13:32:00+00:00,,,,,,,,0.7,0.7,,0.0,0,False
2026-03-21 13:32:30+00:00,,,,,,,,0.72,0.72,,68.0,1,False
2026-03-21 13:33:00+00:00,,,,,,,,0.72,0.72,,0.0,0,False
2026-03-21 13:33:30+00:00,,,,,,,,0.72,0.72,,0.0,0,False
2026-03-21 13:34:00+00:00,,,,,,,,0.72,0.72,,270.0,1,False
2026-03-21 13:34:30+00:00,,,,,,,,0.72,0.72,,0.0,0,False
2026-03-21 13:35:00+00:00,,,,,,,,0.72,0.72,,0.0,0,False
2026-03-21 13:35:30+00:00,,,,,,,,0.72,0.72,,33.0,1,False
2026-03-21 13:36:00+00:00,,,,,,,,0.72,0.72,,0.0,0,False
2026-03-21 13:36:30+00:00,,,,,,,,0.71,0.71,,124.0,2,False
2026-03-21 13:37:00+00:00,,,,,,,,0.71,0.71,,0.0,0,False
2026-03-21 13:37:30+00:00,,,,,,,,0.71,0.71,,0.0,0,False
2026-03-21 13:38:00+00:00,,,,,,,,0.71,0.71,,0.0,0,False
2026-03-21 13:38:30+00:00,,,,,,,,0.7,0.7,,15.0,1,False
2026-03-21 13:39:00+00:00,,,,,,,,0.7,0.7,,0.0,0,False
2026-03-21 13:39:30+00:00,,,,,,,,0.7,0.7,,0.0,0,False
2026-03-21 13:40:00+00:00,,,,,,,,0.7,0.7,,0.0,0,False
2026-03-21 13:40:30+00:00,,,,,,,,0.7,0.7,,0.0,0,False
2026-03-21 13:41:00+00:00,,,,,,,,0.7,0.7,,0.0,0,False
2026-03-21 13:41:30+00:00,,,,,,,,0.7,0.7,,0.0,0,False
2026-03-21 13:42:00+00:00,,,,,,,,0.7,0.7,,0.0,0,False
2026-03-21 13:42:30+00:00,,,,,,,,0.71,0.71,,137.0,2,False
2026-03-21 13:43:00+00:00,,,,,,,,0.71,0.71,,0.0,0,False
2026-03-21 13:43:30+00:00,,,,,,,,0.71,0.71,,0.0,0,False
2026-03-21 13:44:00+00:00,,,,,,,,0.71,0.71,,250.0,1,False
2026-03-21 13:44:30+00:00,,,,,,,,0.71,0.71,,0.0,0,False
2026-03-21 13:45:00+00:00,,,,,,,,0.71,0.71,,0.0,0,False
2026-03-21 13:45:30+00:00,,,,,,,,0.71,0.71,,0.0,0,False
2026-03-21 13:46:00+00:00,,,,,,,,0.71,0.71,,0.0,0,False
2026-03-21 13:46:30+00:00,,,,,,,,0.71,0.71,,0.0,0,False
2026-03-21 13:47:00+00:00,,,,,,,,0.71,0.71,,0.0,0,False
2026-03-21 13:47:30+00:00,,,,,,,,0.71,0.71,,0.0,0,False
2026-03-21 13:48:00+00:00,,,,,,,,0.71,0.71,,34.0,1,False
2026-03-21 13:48:30+00:00,,,,,,,,0.7,0.7,,15.0,1,False
2026-03-21 13:49:00+00:00,,,,,,,,0.6999999999999998,0.7,,12.0,1,False
2026-03-21 13:49:30+00:00,,,,,,,,0.6999999999999998,0.7,,0.0,0,False
2026-03-21 13:50:00+00:00,,,,,,,,0.6999999999999998,0.7,,0.0,0,False
2026-03-21 13:50:30+00:00,,,,,,,,0.6999999999999998,0.7,,0.0,0,False
2026-03-21 13:51:00+00:00,,,,,,,,0.71,0.71,,50.0,1,False
2026-03-21 13:51:30+00:00,,,,,,,,0.71,0.71,,0.0,0,False
2026-03-21 13:52:00+00:00,,,,,,,,0.71,0.71,,0.0,0,False
2026-03-21 13:52:30+00:00,,,,,,,,0.71,0.71,,0.0,0,False
2026-03-21 13:53:00+00:00,,,,,,,,0.7,0.7,,136.0,1,False
2026-03-21 13:53:30+00:00,,,,,,,,0.7,0.7,,0.0,0,False
2026-03-21 13:54:00+00:00,,,,,,,,0.7,0.7,,0.0,0,False
2026-03-21 13:54:30+00:00,,,,,,,,0.7,0.7,,0.0,0,False
2026-03-21 13:55:00+00:00,,,,,,,,0.7,0.7,,0.0,0,False
2026-03-21 13:55:30+00:00,,,,,,,,0.7,0.7,,10.0,1,False
2026-03-21 13:56:00+00:00,,,,,,,,0.7,0.7,,0.0,0,False
2026-03-21 13:56:30+00:00,,,,,,,,0.7048377581120944,0.7,,339.0,4,False
2026-03-21 13:57:00+00:00,,,,,,,,0.7048377581120944,0.7,,0.0,0,False
2026-03-21 13:57:30+00:00,,,,,,,,0.7048377581120944,0.7,,0.0,0,False
2026-03-21 13:58:00+00:00,,,,,,,,0.6999999999999998,0.7,,6.0,1,False
2026-03-21 13:58:30+00:00,,,,,,,,0.6999999999999998,0.7,,0.0,0,False
2026-03-21 13:59:00+00:00,,,,,,,,0.6999999999999998,0.7,,0.0,0,False
2026-03-21 13:59:30+00:00,,,,,,,,0.6999999999999998,0.7,,0.0,0,False
2026-03-21 14:00:00+00:00,,,,,,,,0.7,0.7,,1271.0,1,False
2026-03-21 14:00:30+00:00,,,,,,,,0.7,0.7,,0.0,0,False
2026-03-21 14:01:00+00:00,,,,,,,,0.71,0.71,,1.0,1,False
2026-03-21 14:01:30+00:00,,,,,,,,0.71,0.71,,0.0,0,False
2026-03-21 14:02:00+00:00,,,,,,,,0.71,0.71,,0.0,0,False
2026-03-21 14:02:30+00:00,,,,,,,,0.71,0.71,,0.0,0,False
2026-03-21 14:03:00+00:00,,,,,,,,0.71,0.71,,0.0,0,False
2026-03-21 14:03:30+00:00,,,,,,,,0.71,0.71,,1.0,1,False
2026-03-21 14:04:00+00:00,,,,,,,,0.71,0.71,,0.0,0,False
2026-03-21 14:04:30+00:00,,,,,,,,0.71,0.71,,68.0,1,False
2026-03-21 14:05:00+00:00,,,,,,,,0.71,0.71,,0.0,0,False
2026-03-21 14:05:30+00:00,,,,,,,,0.71,0.71,,0.0,0,False
2026-03-21 14:06:00+00:00,,,,,,,,0.71,0.71,,0.0,0,False
2026-03-21 14:06:30+00:00,,,,,,,,0.71,0.71,,0.0,0,False
2026-03-21 14:07:00+00:00,,,,,,,,0.71,0.71,,0.0,0,False
2026-03-21 14:07:30+00:00,,,,,,,,0.71,0.71,,0.0,0,False
2026-03-21 14:08:00+00:00,,,,,,,,0.71,0.71,,0.0,0,False
2026-03-21 14:08:30+00:00,,,,,,,,0.71,0.71,,0.0,0,False
2026-03-21 14:09:00+00:00,,,,,,,,0.71,0.71,,0.0,0,False
2026-03-21 14:09:30+00:00,,,,,,,,0.71,0.71,,0.0,0,False
2026-03-21 14:10:00+00:00,,,,,,,,0.71,0.71,,0.0,0,False
2026-03-21 14:10:30+00:00,,,,,,,,0.7,0.7,,32.0,1,False
2026-03-21 14:11:00+00:00,,,,,,,,0.7,0.7,,0.0,0,False
2026-03-21 14:11:30+00:00,,,,,,,,0.71,0.71,,27.0,1,False
2026-03-21 14:12:00+00:00,,,,,,,,0.71,0.71,,0.0,0,False
2026-03-21 14:12:30+00:00,,,,,,,,0.6999999999999998,0.7,,3.0,1,False
2026-03-21 14:13:00+00:00,,,,,,,,0.6999999999999998,0.7,,0.0,0,False
2026-03-21 14:13:30+00:00,,,,,,,,0.7,0.7,,15.0,1,False
2026-03-21 14:14:00+00:00,,,,,,,,0.7,0.7,,0.0,0,False
2026-03-21 14:14:30+00:00,,,,,,,,0.7,0.7,,0.0,0,False
2026-03-21 14:15:00+00:00,,,,,,,,0.6999999999999998,0.7,,3.0,1,False
2026-03-21 14:15:30+00:00,,,,,,,,0.7,0.7,,10.0,1,False
2026-03-21 14:16:00+00:00,,,,,,,,0.7,0.7,,0.0,0,False
2026-03-21 14:16:30+00:00,,,,,,,,0.7,0.7,,0.0,0,False
2026-03-21 14:17:00+00:00,,,,,,,,0.7,0.7,,0.0,0,False
2026-03-21 14:17:30+00:00,,,,,,,,0.7,0.7,,0.0,0,False
2026-03-21 14:18:00+00:00,,,,,,,,0.7,0.7,,0.0,0,False
2026-03-21 14:18:30+00:00,,,,,,,,0.7100000000000001,0.71,,13.0,1,False
2026-03-21 14:19:00+00:00,,,,,,,,0.704655172413793,0.7,,58.0,2,False
2026-03-21 14:19:30+00:00,,,,,,,,0.7100000000000001,0.71,,13.0,1,False
2026-03-21 14:20:00+00:00,,,,,,,,0.7100000000000001,0.71,,0.0,0,False
2026-03-21 14:20:30+00:00,,,,,,,,0.7100000000000001,0.71,,0.0,0,False
2026-03-21 14:21:00+00:00,,,,,,,,0.7100000000000001,0.71,,0.0,0,False
2026-03-21 14:21:30+00:00,,,,,,,,0.71,0.71,,1.0,1,False
2026-03-21 14:22:00+00:00,,,,,,,,0.71,0.71,,33.0,1,False
2026-03-21 14:22:30+00:00,,,,,,,,0.7,0.7,,33.0,2,False
2026-03-21 14:23:00+00:00,,,,,,,,0.7,0.7,,0.0,0,False
2026-03-21 14:23:30+00:00,,,,,,,,0.7,0.7,,0.0,0,False
2026-03-21 14:24:00+00:00,,,,,,,,0.7,0.7,,0.0,0,False
2026-03-21 14:24:30+00:00,,,,,,,,0.71,0.71,,23.0,2,False
2026-03-21 14:25:00+00:00,,,,,,,,0.71,0.71,,0.0,0,False
2026-03-21 14:25:30+00:00,,,,,,,,0.7,0.7,,15.0,1,False
2026-03-21 14:26:00+00:00,,,,,,,,0.7,0.7,,0.0,0,False
2026-03-21 14:26:30+00:00,,,,,,,,0.7,0.7,,1.0,1,False
2026-03-21 14:27:00+00:00,,,,,,,,0.71,0.71,,448.0,2,False
2026-03-21 14:27:30+00:00,,,,,,,,0.71,0.71,,0.0,0,False
2026-03-21 14:28:00+00:00,,,,,,,,0.71,0.71,,0.0,0,False
2026-03-21 14:28:30+00:00,,,,,,,,0.71,0.71,,0.0,0,False
2026-03-21 14:29:00+00:00,,,,,,,,0.71,0.71,,0.0,0,False
2026-03-21 14:29:30+00:00,,,,,,,,0.71,0.71,,0.0,0,False
2026-03-21 14:30:00+00:00,,,,,,,,0.7100000000000001,0.71,,13.0,1,False
2026-03-21 14:30:30+00:00,,,,,,,,0.7100000000000001,0.71,,0.0,0,False
2026-03-21 14:31:00+00:00,,,,,,,,0.7100000000000001,0.71,,0.0,0,False
2026-03-21 14:31:30+00:00,,,,,,,,0.7000000000000001,0.7,,78.0,2,False
2026-03-21 14:32:00+00:00,,,,,,,,0.7000000000000001,0.7,,0.0,0,False
2026-03-21 14:32:30+00:00,,,,,,,,0.7100000000000001,0.71,,111.0,2,False
2026-03-21 14:33:00+00:00,,,,,,,,0.7100000000000001,0.71,,0.0,0,False
2026-03-21 14:33:30+00:00,,,,,,,,0.7,0.7,,15.0,1,False
2026-03-21 14:34:00+00:00,,,,,,,,0.7,0.7,,0.0,0,False
2026-03-21 14:34:30+00:00,,,,,,,,0.71,0.71,,414.0,1,False
2026-03-21 14:35:00+00:00,,,,,,,,0.7,0.7,,32.0,1,False
2026-03-21 14:35:30+00:00,,,,,,,,0.7,0.7,,0.0,0,False
2026-03-21 14:36:00+00:00,,,,,,,,0.7,0.7,,0.0,0,False
2026-03-21 14:36:30+00:00,,,,,,,,0.6999999999999998,0.7,,6.0,1,False
2026-03-21 14:37:00+00:00,,,,,,,,0.71,0.71,,6.0,1,False
2026-03-21 14:37:30+00:00,,,,,,,,0.7041071428571428,0.7,,168.0,3,False
2026-03-21 14:38:00+00:00,,,,,,,,0.7,0.7,,937.0,2,False
2026-03-21 14:38:30+00:00,,,,,,,,0.71,0.71,,6.0,1,False
2026-03-21 14:39:00+00:00,,,,,,,,0.6999999999999998,0.7,,6.0,1,False
2026-03-21 14:39:30+00:00,,,,,,,,0.6999999999999998,0.7,,0.0,0,False
2026-03-21 14:40:00+00:00,,,,,,,,0.71,0.71,,50.0,1,False
2026-03-21 14:40:30+00:00,,,,,,,,0.7,0.7,,31.0,1,False
2026-03-21 14:41:00+00:00,,,,,,,,0.71,0.71,,2.0,2,False
2026-03-21 14:41:30+00:00,,,,,,,,0.71,0.71,,0.0,0,False
2026-03-21 14:42:00+00:00,,,,,,,,0.71,0.71,,0.0,0,False
2026-03-21 14:42:30+00:00,,,,,,,,0.71,0.71,,0.0,0,False
2026-03-21 14:43:00+00:00,,,,,,,,0.71,0.71,,0.0,0,False
2026-03-21 14:43:30+00:00,,,,,,,,0.71,0.71,,0.0,0,False
2026-03-21 14:44:00+00:00,,,,,,,,0.71,0.71,,50.0,2,False
2026-03-21 14:44:30+00:00,,,,,,,,0.71,0.71,,0.0,0,False
2026-03-21 14:45:00+00:00,,,,,,,,0.71,0.71,,0.0,0,False
2026-03-21 14:45:30+00:00,,,,,,,,0.71,0.71,,0.0,0,False
2026-03-21 14:46:00+00:00,,,,,,,,0.71,0.71,,0.0,0,False
2026-03-21 14:46:30+00:00,,,,,,,,0.71,0.71,,0.0,0,False
2026-03-21 14:47:00+00:00,,,,,,,,0.71,0.71,,0.0,0,False
2026-03-21 14:47:30+00:00,,,,,,,,0.71,0.71,,0.0,0,False
2026-03-21 14:48:00+00:00,,,,,,,,0.7004761904761905,0.71,,105.0,2,False
2026-03-21 14:48:30+00:00,,,,,,,,0.7004761904761905,0.71,,0.0,0,False
2026-03-21 14:49:00+00:00,,,,,,,,0.7004761904761905,0.71,,0.0,0,False
2026-03-21 14:49:30+00:00,,,,,,,,0.7004761904761905,0.71,,0.0,0,False
2026-03-21 14:50:00+00:00,,,,,,,,0.7004761904761905,0.71,,0.0,0,False
2026-03-21 14:50:30+00:00,,,,,,,,0.7004761904761905,0.71,,0.0,0,False
2026-03-21 14:51:00+00:00,,,,,,,,0.7100000000000001,0.71,,13.0,2,False
2026-03-21 14:51:30+00:00,,,,,,,,0.7100000000000001,0.71,,0.0,0,False
2026-03-21 14:52:00+00:00,,,,,,,,0.71,0.71,,9.0,1,False
2026-03-21 14:52:30+00:00,,,,,,,,0.71,0.71,,0.0,0,False
2026-03-21 14:53:00+00:00,,,,,,,,0.71,0.71,,50.0,1,False
2026-03-21 14:53:30+00:00,,,,,,,,0.71,0.71,,11.0,1,False
2026-03-21 14:54:00+00:00,,,,,,,,0.71,0.71,,1.0,1,False
2026-03-21 14:54:30+00:00,,,,,,,,0.7100000000000001,0.71,,13.0,1,False
2026-03-21 14:55:00+00:00,,,,,,,,0.7100000000000001,0.71,,0.0,0,False
2026-03-21 14:55:30+00:00,,,,,,,,0.7100000000000001,0.71,,0.0,0,False
2026-03-21 14:56:00+00:00,,,,,,,,0.7,0.7,,15.0,1,False
2026-03-21 14:56:30+00:00,,,,,,,,0.7,0.7,,0.0,0,False
2026-03-21 14:57:00+00:00,,,,,,,,0.7,0.7,,0.0,0,False
2026-03-21 14:57:30+00:00,,,,,,,,0.71,0.71,,3.0,1,False
2026-03-21 14:58:00+00:00,,,,,,,,0.71,0.71,,0.0,0,False
2026-03-21 14:58:30+00:00,,,,,,,,0.7,0.7,,93.0,2,False
2026-03-21 14:59:00+00:00,,,,,,,,0.7,0.7,,317.0,1,False
2026-03-21 14:59:30+00:00,,,,,,,,0.7,0.7,,0.0,0,False
2026-03-21 15:00:00+00:00,,,,,,,,0.7,0.7,,0.0,0,False
2026-03-21 15:00:30+00:00,,,,,,,,0.7,0.7,,16.0,1,False
2026-03-21 15:01:00+00:00,,,,,,,,0.7,0.7,,0.0,0,False
2026-03-21 15:01:30+00:00,,,,,,,,0.71,0.71,,27.0,1,False
2026-03-21 15:02:00+00:00,,,,,,,,0.7,0.7,,31.0,1,False
2026-03-21 15:02:30+00:00,,,,,,,,0.7,0.7,,0.0,0,False
2026-03-21 15:03:00+00:00,,,,,,,,0.7,0.7,,0.0,0,False
2026-03-21 15:03:30+00:00,,,,,,,,0.7,0.7,,0.0,0,False
2026-03-21 15:04:00+00:00,,,,,,,,0.7,0.7,,0.0,0,False
2026-03-21 15:04:30+00:00,,,,,,,,0.7,0.7,,0.0,0,False
2026-03-21 15:05:00+00:00,,,,,,,,0.7,0.7,,0.0,0,False
2026-03-21 15:05:30+00:00,,,,,,,,0.7,0.7,,0.0,0,False
2026-03-21 15:06:00+00:00,,,,,,,,0.7,0.7,,0.0,0,False
2026-03-21 15:06:30+00:00,,,,,,,,0.7,0.7,,0.0,0,False
2026-03-21 15:07:00+00:00,,,,,,,,0.7,0.7,,0.0,0,False
2026-03-21 15:07:30+00:00,,,,,,,,0.71,0.71,,10.0,1,False
2026-03-21 15:08:00+00:00,,,,,,,,0.71,0.71,,0.0,0,False
2026-03-21 15:08:30+00:00,,,,,,,,0.71,0.71,,0.0,0,False
2026-03-21 15:09:00+00:00,,,,,,,,0.71,0.71,,0.0,0,False
2026-03-21 15:09:30+00:00,,,,,,,,0.71,0.71,,12.0,1,False
2026-03-21 15:10:00+00:00,,,,,,,,0.7,0.7,,19.0,1,False
2026-03-21 15:10:30+00:00,,,,,,,,0.7,0.7,,0.0,0,False
2026-03-21 15:11:00+00:00,,,,,,,,0.7,0.7,,0.0,0,False
2026-03-21 15:11:30+00:00,,,,,,,,0.7,0.7,,0.0,0,False
2026-03-21 15:12:00+00:00,,,,,,,,0.71,0.71,,70.0,1,False
2026-03-21 15:12:30+00:00,,,,,,,,0.71,0.71,,88.0,1,False
2026-03-21 15:13:00+00:00,,,,,,,,0.71,0.71,,0.0,0,False
2026-03-21 15:13:30+00:00,,,,,,,,0.72,0.72,,13.0,1,False
2026-03-21 15:14:00+00:00,,,,,,,,0.72,0.72,,13.0,1,False
2026-03-21 15:14:30+00:00,,,,,,,,0.72,0.72,,0.0,0,False
2026-03-21 15:15:00+00:00,,,,,,,,0.7118181818181818,0.7,,22.0,3,False
2026-03-21 15:15:30+00:00,,,,,,,,0.7118181818181818,0.7,,0.0,0,False
2026-03-21 15:16:00+00:00,,,,,,,,0.7118181818181818,0.7,,0.0,0,False
2026-03-21 15:16:30+00:00,,,,,,,,0.7118181818181818,0.7,,0.0,0,False
2026-03-21 15:17:00+00:00,,,,,,,,0.72,0.72,,34.0,1,False
2026-03-21 15:17:30+00:00,,,,,,,,0.72,0.72,,0.0,0,False
2026-03-21 15:18:00+00:00,,,,,,,,0.72,0.72,,0.0,0,False
2026-03-21 15:18:30+00:00,,,,,,,,0.72,0.72,,0.0,0,False
2026-03-21 15:19:00+00:00,,,,,,,,0.72,0.72,,0.0,0,False
2026-03-21 15:19:30+00:00,,,,,,,,0.72,0.72,,0.0,0,False
2026-03-21 15:20:00+00:00,,,,,,,,0.72,0.72,,0.0,0,False
2026-03-21 15:20:30+00:00,,,,,,,,0.72,0.72,,0.0,0,False
2026-03-21 15:21:00+00:00,,,,,,,,0.7011764705882353,0.7,,17.0,2,False
2026-03-21 15:21:30+00:00,,,,,,,,0.7011764705882353,0.7,,0.0,0,False
2026-03-21 15:22:00+00:00,,,,,,,,0.7011764705882353,0.7,,0.0,0,False
2026-03-21 15:22:30+00:00,,,,,,,,0.7011764705882353,0.7,,0.0,0,False
2026-03-21 15:23:00+00:00,,,,,,,,0.7011764705882353,0.7,,0.0,0,False
2026-03-21 15:23:30+00:00,,,,,,,,0.7011764705882353,0.7,,0.0,0,False
2026-03-21 15:24:00+00:00,,,,,,,,0.7011764705882353,0.7,,0.0,0,False
2026-03-21 15:24:30+00:00,,,,,,,,0.7011764705882353,0.7,,0.0,0,False
2026-03-21 15:25:00+00:00,,,,,,,,0.7011764705882353,0.7,,0.0,0,False
2026-03-21 15:25:30+00:00,,,,,,,,0.72,0.72,,39.0,2,False
2026-03-21 15:26:00+00:00,,,,,,,,0.72,0.72,,0.0,0,False
2026-03-21 15:26:30+00:00,,,,,,,,0.72,0.72,,0.0,0,False
2026-03-21 15:27:00+00:00,,,,,,,,0.6999999999999998,0.7,,12.0,1,False
2026-03-21 15:27:30+00:00,,,,,,,,0.72,0.72,,2.0,1,False
2026-03-21 15:28:00+00:00,,,,,,,,0.71,0.71,,383.0,4,False
2026-03-21 15:28:30+00:00,,,,,,,,0.72,0.72,,2.0,1,False
2026-03-21 15:29:00+00:00,,,,,,,,0.72,0.72,,0.0,0,False
2026-03-21 15:29:30+00:00,,,,,,,,0.72,0.72,,0.0,0,False
2026-03-21 15:30:00+00:00,,,,,,,,0.72,0.72,,0.0,0,False
2026-03-21 15:30:30+00:00,,,,,,,,0.72,0.72,,0.0,0,False
2026-03-21 15:31:00+00:00,,,,,,,,0.71,0.71,,61.0,1,False
2026-03-21 15:31:30+00:00,,,,,,,,0.71,0.71,,0.0,0,False
2026-03-21 15:32:00+00:00,,,,,,,,0.71,0.71,,6.0,1,False
2026-03-21 15:32:30+00:00,,,,,,,,0.72,0.72,,1.0,1,False
2026-03-21 15:33:00+00:00,,,,,,,,0.72,0.72,,0.0,0,False
2026-03-21 15:33:30+00:00,,,,,,,,0.72,0.72,,0.0,0,False
2026-03-21 15:34:00+00:00,,,,,,,,0.71,0.71,,5.0,1,False
2026-03-21 15:34:30+00:00,,,,,,,,0.71,0.71,,0.0,0,False
2026-03-21 15:35:00+00:00,,,,,,,,0.71,0.71,,16.0,1,False
2026-03-21 15:35:30+00:00,,,,,,,,0.71,0.71,,0.0,0,False
2026-03-21 15:36:00+00:00,,,,,,,,0.72,0.72,,304.0,1,False
2026-03-21 15:36:30+00:00,,,,,,,,0.72,0.72,,0.0,0,False
2026-03-21 15:37:00+00:00,,,,,,,,0.72,0.72,,0.0,0,False
2026-03-21 15:37:30+00:00,,,,,,,,0.7199999999999999,0.72,,27.0,1,False
2026-03-21 15:38:00+00:00,,,,,,,,0.7124999999999999,0.71,,8.0,2,False
2026-03-21 15:38:30+00:00,,,,,,,,0.72,0.72,,1.0,1,False
2026-03-21 15:39:00+00:00,,,,,,,,0.72,0.72,,0.0,0,False
2026-03-21 15:39:30+00:00,,,,,,,,0.72,0.72,,0.0,0,False
2026-03-21 15:40:00+00:00,,,,,,,,0.72,0.72,,13.0,1,False
2026-03-21 15:40:30+00:00,,,,,,,,0.72,0.72,,0.0,0,False
2026-03-21 15:41:00+00:00,,,,,,,,0.72,0.72,,0.0,0,False
2026-03-21 15:41:30+00:00,,,,,,,,0.72,0.72,,0.0,0,False
2026-03-21 15:42:00+00:00,,,,,,,,0.72,0.72,,0.0,0,False
2026-03-21 15:42:30+00:00,,,,,,,,0.7200000000000001,0.72,,24.0,1,False
2026-03-21 15:43:00+00:00,,,,,,,,0.72,0.72,,61.0,1,False
2026-03-21 15:43:30+00:00,,,,,,,,0.72,0.72,,0.0,0,False
2026-03-21 15:44:00+00:00,,,,,,,,0.72,0.72,,8.0,1,False
2026-03-21 15:44:30+00:00,,,,,,,,0.72,0.72,,14.0,1,False
2026-03-21 15:45:00+00:00,,,,,,,,0.72,0.72,,0.0,0,False
2026-03-21 15:45:30+00:00,,,,,,,,0.72,0.72,,0.0,0,False
2026-03-21 15:46:00+00:00,,,,,,,,0.72,0.72,,0.0,0,False
2026-03-21 15:46:30+00:00,,,,,,,,0.72,0.72,,0.0,0,False
2026-03-21 15:47:00+00:00,,,,,,,,0.72,0.72,,0.0,0,False
2026-03-21 15:47:30+00:00,,,,,,,,0.72,0.72,,13.0,1,False
2026-03-21 15:48:00+00:00,,,,,,,,0.72,0.72,,0.0,0,False
2026-03-21 15:48:30+00:00,,,,,,,,0.71,0.71,,16.0,1,False
2026-03-21 15:49:00+00:00,,,,,,,,0.71,0.71,,0.0,0,False
2026-03-21 15:49:30+00:00,,,,,,,,0.71,0.71,,0.0,0,False
2026-03-21 15:50:00+00:00,,,,,,,,0.71,0.71,,0.0,0,False
2026-03-21 15:50:30+00:00,,,,,,,,0.71,0.71,,0.0,0,False
2026-03-21 15:51:00+00:00,,,,,,,,0.71,0.71,,0.0,0,False
2026-03-21 15:51:30+00:00,,,,,,,,0.71,0.71,,16.0,1,False
2026-03-21 15:52:00+00:00,,,,,,,,0.71,0.71,,3.0,1,False
2026-03-21 15:52:30+00:00,,,,,,,,0.71,0.71,,16.0,1,False
2026-03-21 15:53:00+00:00,,,,,,,,0.71,0.71,,0.0,0,False
2026-03-21 15:53:30+00:00,,,,,,,,0.71,0.71,,0.0,0,False
2026-03-21 15:54:00+00:00,,,,,,,,0.72,0.72,,67.0,1,False
2026-03-21 15:54:30+00:00,,,,,,,,0.72,0.72,,0.0,0,False
2026-03-21 15:55:00+00:00,,,,,,,,0.711,0.72,,10.0,2,False
2026-03-21 15:55:30+00:00,,,,,,,,0.711,0.72,,0.0,0,False
2026-03-21 15:56:00+00:00,,,,,,,,0.71,0.71,,3.0,1,False
2026-03-21 15:56:30+00:00,,,,,,,,0.72,0.72,,45.0,1,False
2026-03-21 15:57:00+00:00,,,,,,,,0.72,0.72,,0.0,0,False
2026-03-21 15:57:30+00:00,,,,,,,,0.72,0.72,,0.0,0,False
2026-03-21 15:58:00+00:00,,,,,,,,0.72,0.72,,21.0,1,False
2026-03-21 15:58:30+00:00,,,,,,,,0.72,0.72,,371.0,1,False
2026-03-21 15:59:00+00:00,,,,,,,,0.72,0.72,,0.0,0,False
2026-03-21 15:59:30+00:00,,,,,,,,0.72,0.72,,0.0,0,False
2026-03-21 16:00:00+00:00,,,,,,,,0.72,0.72,,13.0,1,False
2026-03-21 16:00:30+00:00,,,,,,,,0.72,0.72,,0.0,0,False
2026-03-21 16:01:00+00:00,,,,,,,,0.72,0.72,,0.0,0,False
2026-03-21 16:01:30+00:00,,,,,,,,0.71,0.71,,35.0,2,False
2026-03-21 16:02:00+00:00,,,,,,,,0.71,0.71,,32.0,1,False
2026-03-21 16:02:30+00:00,,,,,,,,0.71,0.71,,0.0,0,False
2026-03-21 16:03:00+00:00,,,,,,,,0.71,0.71,,6.0,1,False
2026-03-21 16:03:30+00:00,,,,,,,,0.71,0.71,,0.0,0,False
2026-03-21 16:04:00+00:00,,,,,,,,0.72,0.72,,25.0,1,False
2026-03-21 16:04:30+00:00,,,,,,,,0.72,0.72,,0.0,0,False
2026-03-21 16:05:00+00:00,,,,,,,,0.72,0.72,,0.0,0,False
2026-03-21 16:05:30+00:00,,,,,,,,0.72,0.72,,0.0,0,False
2026-03-21 16:06:00+00:00,,,,,,,,0.72,0.72,,0.0,0,False
2026-03-21 16:06:30+00:00,,,,,,,,0.71,0.71,,4.0,1,False
2026-03-21 16:07:00+00:00,,,,,,,,0.72,0.72,,4.0,1,False
2026-03-21 16:07:30+00:00,,,,,,,,0.72,0.72,,0.0,0,False
2026-03-21 16:08:00+00:00,,,,,,,,0.71,0.71,,328.0,1,False
2026-03-21 16:08:30+00:00,,,,,,,,0.71,0.71,,0.0,0,False
2026-03-21 16:09:00+00:00,,,,,,,,0.71,0.71,,100.0,1,False
2026-03-21 16:09:30+00:00,,,,,,,,0.71,0.71,,0.0,0,False
2026-03-21 16:10:00+00:00,,,,,,,,0.71,0.71,,0.0,0,False
2026-03-21 16:10:30+00:00,,,,,,,,0.7200000000000001,0.72,,340.0,2,False
2026-03-21 16:11:00+00:00,,,,,,,,0.71,0.71,,470.0,1,False
2026-03-21 16:11:30+00:00,,,,,,,,0.71,0.71,,0.0,0,False
2026-03-21 16:12:00+00:00,,,,,,,,0.71,0.71,,0.0,0,False
2026-03-21 16:12:30+00:00,,,,,,,,0.71,0.71,,0.0,0,False
2026-03-21 16:13:00+00:00,,,,,,,,0.72,0.72,,44.0,2,False
2026-03-21 16:13:30+00:00,,,,,,,,0.72,0.72,,0.0,0,False
2026-03-21 16:14:00+00:00,,,,,,,,0.72,0.72,,0.0,0,False
2026-03-21 16:14:30+00:00,,,,,,,,0.72,0.72,,0.0,0,False
2026-03-21 16:15:00+00:00,,,,,,,,0.72,0.72,,13.0,1,False
2026-03-21 16:15:30+00:00,,,,,,,,0.72,0.72,,0.0,0,False
2026-03-21 16:16:00+00:00,,,,,,,,0.72,0.72,,0.0,0,False
2026-03-21 16:16:30+00:00,,,,,,,,0.72,0.72,,0.0,0,False
2026-03-21 16:17:00+00:00,,,,,,,,0.72,0.72,,0.0,0,False
2026-03-21 16:17:30+00:00,,,,,,,,0.72,0.72,,13.0,1,False
2026-03-21 16:18:00+00:00,,,,,,,,0.7133333333333333,0.71,,15.0,2,False
2026-03-21 16:18:30+00:00,,,,,,,,0.7114529914529916,0.71,,234.0,3,False
2026-03-21 16:19:00+00:00,,,,,,,,0.7114529914529916,0.71,,0.0,0,False
2026-03-21 16:19:30+00:00,,,,,,,,0.71,0.71,,492.0,1,False
2026-03-21 16:20:00+00:00,,,,,,,,0.71,0.71,,0.0,0,False
2026-03-21 16:20:30+00:00,,,,,,,,0.72,0.72,,1.0,1,False
2026-03-21 16:21:00+00:00,,,,,,,,0.72,0.72,,0.0,0,False
2026-03-21 16:21:30+00:00,,,,,,,,0.72,0.72,,0.0,0,False
2026-03-21 16:22:00+00:00,,,,,,,,0.72,0.72,,0.0,0,False
2026-03-21 16:22:30+00:00,,,,,,,,0.72,0.72,,0.0,0,False
2026-03-21 16:23:00+00:00,,,,,,,,0.72,0.72,,0.0,0,False
2026-03-21 16:23:30+00:00,,,,,,,,0.72,0.72,,340.0,1,False
2026-03-21 16:24:00+00:00,,,,,,,,0.72,0.72,,0.0,0,False
2026-03-21 16:24:30+00:00,,,,,,,,0.72,0.72,,0.0,0,False
2026-03-21 16:25:00+00:00,,,,,,,,0.72,0.72,,0.0,0,False
2026-03-21 16:25:30+00:00,,,,,,,,0.7200000000000001,0.72,,6.0,1,False
2026-03-21 16:26:00+00:00,,,,,,,,0.7200000000000001,0.72,,0.0,0,False
2026-03-21 16:26:30+00:00,,,,,,,,0.7200000000000001,0.72,,0.0,0,False
2026-03-21 16:27:00+00:00,,,,,,,,0.7099999999999999,0.71,,30.0,1,False
2026-03-21 16:27:30+00:00,,,,,,,,0.72,0.72,,38.0,1,False
2026-03-21 16:28:00+00:00,,,,,,,,0.71,0.71,,6.0,1,False
2026-03-21 16:28:30+00:00,,,,,,,,0.71,0.71,,0.0,0,False
2026-03-21 16:29:00+00:00,,,,,,,,0.71,0.71,,0.0,0,False
2026-03-21 16:29:30+00:00,,,,,,,,0.71,0.71,,0.0,0,False
2026-03-21 16:30:00+00:00,,,,,,,,0.71,0.71,,0.0,0,False
2026-03-21 16:30:30+00:00,,,,,,,,0.71,0.71,,3.0,1,False
2026-03-21 16:31:00+00:00,,,,,,,,0.71,0.71,,0.0,0,False
2026-03-21 16:31:30+00:00,,,,,,,,0.71,0.71,,0.0,0,False
2026-03-21 16:32:00+00:00,,,,,,,,0.71,0.71,,0.0,0,False
2026-03-21 16:32:30+00:00,,,,,,,,0.7154285714285714,0.71,,35.0,3,False
2026-03-21 16:33:00+00:00,,,,,,,,0.7154285714285714,0.71,,0.0,0,False
2026-03-21 16:33:30+00:00,,,,,,,,0.7154285714285714,0.71,,0.0,0,False
2026-03-21 16:34:00+00:00,,,,,,,,0.7154285714285714,0.71,,0.0,0,False
2026-03-21 16:34:30+00:00,,,,,,,,0.7154285714285714,0.71,,0.0,0,False
2026-03-21 16:35:00+00:00,,,,,,,,0.7185714285714286,0.72,,7.0,2,False
2026-03-21 16:35:30+00:00,,,,,,,,0.7185714285714286,0.72,,0.0,0,False
2026-03-21 16:36:00+00:00,,,,,,,,0.7185714285714286,0.72,,0.0,0,False
2026-03-21 16:36:30+00:00,,,,,,,,0.7185714285714286,0.72,,0.0,0,False
2026-03-21 16:37:00+00:00,,,,,,,,0.7185714285714286,0.72,,0.0,0,False
2026-03-21 16:37:30+00:00,,,,,,,,0.7185714285714286,0.72,,0.0,0,False
2026-03-21 16:38:00+00:00,,,,,,,,0.7185714285714286,0.72,,0.0,0,False
2026-03-21 16:38:30+00:00,,,,,,,,0.7185714285714286,0.72,,0.0,0,False
2026-03-21 16:39:00+00:00,,,,,,,,0.7185714285714286,0.72,,0.0,0,False
2026-03-21 16:39:30+00:00,,,,,,,,0.7185714285714286,0.72,,0.0,0,False
2026-03-21 16:40:00+00:00,,,,,,,,0.72,0.72,,408.0,1,False
2026-03-21 16:40:30+00:00,,,,,,,,0.72,0.72,,0.0,0,False
2026-03-21 16:41:00+00:00,,,,,,,,0.72,0.72,,0.0,0,False
2026-03-21 16:41:30+00:00,,,,,,,,0.72,0.72,,0.0,0,False
2026-03-21 16:42:00+00:00,,,,,,,,0.72,0.72,,0.0,0,False
2026-03-21 16:42:30+00:00,,,,,,,,0.71,0.71,,322.0,1,False
2026-03-21 16:43:00+00:00,,,,,,,,0.71,0.71,,0.0,0,False
2026-03-21 16:43:30+00:00,,,,,,,,0.71,0.71,,0.0,0,False
2026-03-21 16:44:00+00:00,,,,,,,,0.71,0.71,,0.0,0,False
2026-03-21 16:44:30+00:00,,,,,,,,0.7199999999999999,0.72,,27.0,1,False
2026-03-21 16:45:00+00:00,,,,,,,,0.7199999999999999,0.72,,0.0,0,False
2026-03-21 16:45:30+00:00,,,,,,,,0.72,0.72,,20.0,1,False
2026-03-21 16:46:00+00:00,,,,,,,,0.72,0.72,,0.0,0,False
2026-03-21 16:46:30+00:00,,,,,,,,0.72,0.72,,0.0,0,False
2026-03-21 16:47:00+00:00,,,,,,,,0.72,0.72,,0.0,0,False
2026-03-21 16:47:30+00:00,,,,,,,,0.72,0.72,,136.0,1,False
2026-03-21 16:48:00+00:00,,,,,,,,0.72,0.72,,0.0,0,False
2026-03-21 16:48:30+00:00,,,,,,,,0.72,0.72,,0.0,0,False
2026-03-21 16:49:00+00:00,,,,,,,,0.71,0.71,,3.0,1,False
2026-03-21 16:49:30+00:00,,,,,,,,0.71,0.71,,16.0,1,False
2026-03-21 16:50:00+00:00,,,,,,,,0.71,0.71,,0.0,0,False
2026-03-21 16:50:30+00:00,,,,,,,,0.71,0.71,,0.0,0,False
2026-03-21 16:51:00+00:00,,,,,,,,0.71,0.71,,0.0,0,False
2026-03-21 16:51:30+00:00,,,,,,,,0.71,0.71,,0.0,0,False
2026-03-21 16:52:00+00:00,,,,,,,,0.71,0.71,,9.0,1,False
2026-03-21 16:52:30+00:00,,,,,,,,0.71,0.71,,10.0,1,False
2026-03-21 16:53:00+00:00,,,,,,,,0.71,0.71,,0.0,0,False
2026-03-21 16:53:30+00:00,,,,,,,,0.71,0.71,,0.0,0,False
2026-03-21 16:54:00+00:00,,,,,,,,0.71,0.71,,0.0,0,False
2026-03-21 16:54:30+00:00,,,,,,,,0.71,0.71,,0.0,0,False
2026-03-21 16:55:00+00:00,,,,,,,,0.71,0.71,,0.0,0,False
2026-03-21 16:55:30+00:00,,,,,,,,0.71,0.71,,0.0,0,False
2026-03-21 16:56:00+00:00,,,,,,,,0.71,0.71,,0.0,0,False
2026-03-21 16:56:30+00:00,,,,,,,,0.71,0.71,,0.0,0,False
2026-03-21 16:57:00+00:00,,,,,,,,0.71,0.71,,0.0,0,False
2026-03-21 16:57:30+00:00,,,,,,,,0.71,0.71,,0.0,0,False
2026-03-21 16:58:00+00:00,,,,,,,,0.71,0.71,,0.0,0,False
2026-03-21 16:58:30+00:00,,,,,,,,0.71,0.71,,96.0,1,False
2026-03-21 16:59:00+00:00,,,,,,,,0.72,0.72,,68.0,1,False
2026-03-21 16:59:30+00:00,,,,,,,,0.72,0.72,,0.0,0,False
2026-03-21 17:00:00+00:00,,,,,,,,0.72,0.72,,0.0,0,False
2026-03-21 17:00:30+00:00,,,,,,,,0.72,0.72,,0.0,0,False
2026-03-21 17:01:00+00:00,,,,,,,,0.72,0.72,,0.0,0,False
2026-03-21 17:01:30+00:00,,,,,,,,0.72,0.72,,135.0,1,False
2026-03-21 17:02:00+00:00,,,,,,,,0.72,0.72,,0.0,0,False
2026-03-21 17:02:30+00:00,,,,,,,,0.71,0.71,,105.0,2,False
2026-03-21 17:03:00+00:00,,,,,,,,0.71,0.71,,0.0,0,False
2026-03-21 17:03:30+00:00,,,,,,,,0.72,0.72,,100.0,1,False
2026-03-21 17:04:00+00:00,,,,,,,,0.72,0.72,,0.0,0,False
2026-03-21 17:04:30+00:00,,,,,,,,0.72,0.72,,0.0,0,False
2026-03-21 17:05:00+00:00,,,,,,,,0.71,0.71,,32.0,2,False
2026-03-21 17:05:30+00:00,,,,,,,,0.72,0.72,,100.0,1,False
2026-03-21 17:06:00+00:00,,,,,,,,0.7200000000000001,0.72,,12.0,1,False
2026-03-21 17:06:30+00:00,,,,,,,,0.72,0.72,,100.0,1,False
2026-03-21 17:07:00+00:00,,,,,,,,0.72,0.72,,0.0,0,False
2026-03-21 17:07:30+00:00,,,,,,,,0.72,0.72,,0.0,0,False
2026-03-21 17:08:00+00:00,,,,,,,,0.72,0.72,,0.0,0,False
2026-03-21 17:08:30+00:00,,,,,,,,0.72,0.72,,0.0,0,False
2026-03-21 17:09:00+00:00,,,,,,,,0.72,0.72,,8.0,2,False
2026-03-21 17:09:30+00:00,,,,,,,,0.72,0.72,,0.0,0,False
2026-03-21 17:10:00+00:00,,,,,,,,0.72,0.72,,0.0,0,False
2026-03-21 17:10:30+00:00,,,,,,,,0.72,0.72,,0.0,0,False
2026-03-21 17:11:00+00:00,,,,,,,,0.72,0.72,,0.0,0,False
2026-03-21 17:11:30+00:00,,,,,,,,0.7200000000000001,0.72,,6.0,1,False
2026-03-21 17:12:00+00:00,,,,,,,,0.7200000000000001,0.72,,0.0,0,False
2026-03-21 17:12:30+00:00,,,,,,,,0.7200000000000001,0.72,,0.0,0,False
2026-03-21 17:13:00+00:00,,,,,,,,0.7200000000000001,0.72,,0.0,0,False
2026-03-21 17:13:30+00:00,,,,,,,,0.72,0.72,,101.0,2,False
2026-03-21 17:14:00+00:00,,,,,,,,0.72,0.72,,0.0,0,False
2026-03-21 17:14:30+00:00,,,,,,,,0.72,0.72,,0.0,0,False
2026-03-21 17:15:00+00:00,,,,,,,,0.72,0.72,,0.0,0,False
2026-03-21 17:15:30+00:00,,,,,,,,0.71,0.71,,31.0,1,False
2026-03-21 17:16:00+00:00,,,,,,,,0.71,0.71,,0.0,0,False
2026-03-21 17:16:30+00:00,,,,,,,,0.71,0.71,,0.0,0,False
2026-03-21 17:17:00+00:00,,,,,,,,0.71,0.71,,6.0,1,False
2026-03-21 17:17:30+00:00,,,,,,,,0.71,0.71,,200.0,1,False
2026-03-21 17:18:00+00:00,,,,,,,,0.72,0.72,,1.0,1,False
2026-03-21 17:18:30+00:00,,,,,,,,0.72,0.72,,0.0,0,False
2026-03-21 17:19:00+00:00,,,,,,,,0.72,0.72,,0.0,0,False
2026-03-21 17:19:30+00:00,,,,,,,,0.72,0.72,,0.0,0,False
2026-03-21 17:20:00+00:00,,,,,,,,0.72,0.72,,0.0,0,False
2026-03-21 17:20:30+00:00,,,,,,,,0.72,0.72,,0.0,0,False
2026-03-21 17:21:00+00:00,,,,,,,,0.72,0.72,,0.0,0,False
2026-03-21 17:21:30+00:00,,,,,,,,0.72,0.72,,0.0,0,False
2026-03-21 17:22:00+00:00,,,,,,,,0.72,0.72,,0.0,0,False
2026-03-21 17:22:30+00:00,,,,,,,,0.72,0.72,,0.0,0,False
2026-03-21 17:23:00+00:00,,,,,,,,0.72,0.72,,0.0,0,False
2026-03-21 17:23:30+00:00,,,,,,,,0.72,0.72,,0.0,0,False
2026-03-21 17:24:00+00:00,,,,,,,,0.72,0.72,,0.0,0,False
2026-03-21 17:24:30+00:00,,,,,,,,0.72,0.72,,0.0,0,False
2026-03-21 17:25:00+00:00,,,,,,,,0.71,0.71,,82.0,1,False
2026-03-21 17:25:30+00:00,,,,,,,,0.71,0.71,,0.0,0,False
2026-03-21 17:26:00+00:00,,,,,,,,0.71,0.71,,0.0,0,False
2026-03-21 17:26:30+00:00,,,,,,,,0.72,0.72,,1.0,1,False
2026-03-21 17:27:00+00:00,,,,,,,,0.7100000000000001,0.71,,26.0,1,False
2026-03-21 17:27:30+00:00,,,,,,,,0.71,0.71,,3.0,1,False
2026-03-21 17:28:00+00:00,,,,,,,,0.71,0.71,,0.0,0,False
2026-03-21 17:28:30+00:00,,,,,,,,0.71,0.71,,0.0,0,False
2026-03-21 17:29:00+00:00,,,,,,,,0.71,0.71,,0.0,0,False
2026-03-21 17:29:30+00:00,,,,,,,,0.71,0.71,,0.0,0,False
2026-03-21 17:30:00+00:00,,,,,,,,0.71,0.71,,0.0,0,False
2026-03-21 17:30:30+00:00,,,,,,,,0.71,0.71,,0.0,0,False
2026-03-21 17:31:00+00:00,,,,,,,,0.71,0.71,,0.0,0,False
2026-03-21 17:31:30+00:00,,,,,,,,0.71,0.71,,0.0,0,False
2026-03-21 17:32:00+00:00,,,,,,,,0.71,0.71,,0.0,0,False
2026-03-21 17:32:30+00:00,,,,,,,,0.71,0.71,,0.0,0,False
2026-03-21 17:33:00+00:00,,,,,,,,0.71,0.71,,1612.0,1,False
2026-03-21 17:33:30+00:00,,,,,,,,0.71,0.71,,0.0,0,False
2026-03-21 17:34:00+00:00,,,,,,,,0.72,0.72,,20.0,1,False
2026-03-21 17:34:30+00:00,,,,,,,,0.72,0.72,,0.0,0,False
2026-03-21 17:35:00+00:00,,,,,,,,0.71,0.71,,49.0,1,False
2026-03-21 17:35:30+00:00,,,,,,,,0.71,0.71,,0.0,0,False
2026-03-21 17:36:00+00:00,,,,,,,,0.71,0.71,,0.0,0,False
2026-03-21 17:36:30+00:00,,,,,,,,0.71,0.71,,0.0,0,False
2026-03-21 17:37:00+00:00,,,,,,,,0.71,0.71,,0.0,0,False
2026-03-21 17:37:30+00:00,,,,,,,,0.71,0.71,,66.0,1,False
2026-03-21 17:38:00+00:00,,,,,,,,0.71375,0.71,,72.0,2,False
2026-03-21 17:38:30+00:00,,,,,,,,0.72,0.72,,33.0,1,False
2026-03-21 17:39:00+00:00,,,,,,,,0.72,0.72,,0.0,0,False
2026-03-21 17:39:30+00:00,,,,,,,,0.72,0.72,,1.0,1,False
2026-03-21 17:40:00+00:00,,,,,,,,0.72,0.72,,0.0,0,False
2026-03-21 17:40:30+00:00,,,,,,,,0.72,0.72,,0.0,0,False
2026-03-21 17:41:00+00:00,,,,,,,,0.72,0.72,,0.0,0,False
2026-03-21 17:41:30+00:00,,,,,,,,0.72,0.72,,0.0,0,False
2026-03-21 17:42:00+00:00,,,,,,,,0.72,0.72,,0.0,0,False
2026-03-21 17:42:30+00:00,,,,,,,,0.72,0.72,,0.0,0,False
2026-03-21 17:43:00+00:00,,,,,,,,0.7099999999999999,0.71,,30.0,1,False
2026-03-21 17:43:30+00:00,,,,,,,,0.72,0.72,,100.0,1,False
2026-03-21 17:44:00+00:00,,,,,,,,0.72,0.72,,0.0,0,False
2026-03-21 17:44:30+00:00,,,,,,,,0.7105882352941176,0.72,,17.0,2,False
2026-03-21 17:45:00+00:00,,,,,,,,0.7105882352941176,0.72,,0.0,0,False
2026-03-21 17:45:30+00:00,,,,,,,,0.7105882352941176,0.72,,0.0,0,False
2026-03-21 17:46:00+00:00,,,,,,,,0.7105882352941176,0.72,,0.0,0,False
2026-03-21 17:46:30+00:00,,,,,,,,0.7105882352941176,0.72,,0.0,0,False
2026-03-21 17:47:00+00:00,,,,,,,,0.7105882352941176,0.72,,0.0,0,False
2026-03-21 17:47:30+00:00,,,,,,,,0.7105882352941176,0.72,,0.0,0,False
2026-03-21 17:48:00+00:00,,,,,,,,0.71,0.71,,32.0,1,False
2026-03-21 17:48:30+00:00,,,,,,,,0.71,0.71,,0.0,0,False
2026-03-21 17:49:00+00:00,,,,,,,,0.71,0.71,,0.0,0,False
2026-03-21 17:49:30+00:00,,,,,,,,0.71,0.71,,0.0,0,False
2026-03-21 17:50:00+00:00,,,,,,,,0.71,0.71,,0.0,0,False
2026-03-21 17:50:30+00:00,,,,,,,,0.71,0.71,,0.0,0,False
2026-03-21 17:51:00+00:00,,,,,,,,0.71,0.71,,645.0,1,False
2026-03-21 17:51:30+00:00,,,,,,,,0.71,0.71,,0.0,0,False
2026-03-21 17:52:00+00:00,,,,,,,,0.71,0.71,,0.0,0,False
2026-03-21 17:52:30+00:00,,,,,,,,0.71,0.71,,0.0,0,False
2026-03-21 17:53:00+00:00,,,,,,,,0.72,0.72,,13.0,1,False
2026-03-21 17:53:30+00:00,,,,,,,,0.72,0.72,,0.0,0,False
2026-03-21 17:54:00+00:00,,,,,,,,0.72,0.72,,0.0,0,False
2026-03-21 17:54:30+00:00,,,,,,,,0.71,0.71,,16.0,1,False
2026-03-21 17:55:00+00:00,,,,,,,,0.72,0.72,,100.0,1,False
2026-03-21 17:55:30+00:00,,,,,,,,0.72,0.72,,0.0,0,False
2026-03-21 17:56:00+00:00,,,,,,,,0.72,0.72,,0.0,0,False
2026-03-21 17:56:30+00:00,,,,,,,,0.72,0.72,,67.0,1,False
2026-03-21 17:57:00+00:00,,,,,,,,0.71,0.71,,6.0,1,False
2026-03-21 17:57:30+00:00,,,,,,,,0.712,0.71,,20.0,2,False
2026-03-21 17:58:00+00:00,,,,,,,,0.712,0.71,,0.0,0,False
2026-03-21 17:58:30+00:00,,,,,,,,0.71,0.71,,177.0,2,False
2026-03-21 17:59:00+00:00,,,,,,,,0.71,0.71,,0.0,0,False
2026-03-21 17:59:30+00:00,,,,,,,,0.71,0.71,,0.0,0,False
2026-03-21 18:00:00+00:00,,,,,,,,0.71,0.71,,0.0,0,False
2026-03-21 18:00:30+00:00,,,,,,,,0.71,0.71,,0.0,0,False
2026-03-21 18:01:00+00:00,,,,,,,,0.71,0.71,,3.0,1,False
2026-03-21 18:01:30+00:00,,,,,,,,0.71,0.71,,0.0,0,False
2026-03-21 18:02:00+00:00,,,,,,,,0.71,0.71,,0.0,0,False
2026-03-21 18:02:30+00:00,,,,,,,,0.72,0.72,,101.0,2,False
2026-03-21 18:03:00+00:00,,,,,,,,0.72,0.72,,0.0,0,False
2026-03-21 18:03:30+00:00,,,,,,,,0.71,0.71,,114.0,1,False
2026-03-21 18:04:00+00:00,,,,,,,,0.71,0.71,,3.0,1,False
2026-03-21 18:04:30+00:00,,,,,,,,0.71,0.71,,0.0,0,False
2026-03-21 18:05:00+00:00,,,,,,,,0.71,0.71,,16.0,1,False
2026-03-21 18:05:30+00:00,,,,,,,,0.71,0.71,,0.0,0,False
2026-03-21 18:06:00+00:00,,,,,,,,0.7200000000000001,0.72,,6.0,1,False
2026-03-21 18:06:30+00:00,,,,,,,,0.7200000000000001,0.72,,0.0,0,False
2026-03-21 18:07:00+00:00,,,,,,,,0.72,0.72,,63.0,3,False
2026-03-21 18:07:30+00:00,,,,,,,,0.71,0.71,,6.0,1,False
2026-03-21 18:08:00+00:00,,,,,,,,0.7127027027027028,0.73,,37.0,3,False
2026-03-21 18:08:30+00:00,,,,,,,,0.71,0.71,,16.0,1,False
2026-03-21 18:09:00+00:00,,,,,,,,0.73,0.73,,53.0,1,False
2026-03-21 18:09:30+00:00,,,,,,,,0.73,0.73,,0.0,0,False
2026-03-21 18:10:00+00:00,,,,,,,,0.73,0.73,,0.0,0,False
2026-03-21 18:10:30+00:00,,,,,,,,0.73,0.73,,0.0,0,False
2026-03-21 18:11:00+00:00,,,,,,,,0.73,0.73,,0.0,0,False
2026-03-21 18:11:30+00:00,,,,,,,,0.73,0.73,,13.0,1,False
2026-03-21 18:12:00+00:00,,,,,,,,0.73,0.73,,66.0,1,False
2026-03-21 18:12:30+00:00,,,,,,,,0.73,0.73,,0.0,0,False
2026-03-21 18:13:00+00:00,,,,,,,,0.71,0.71,,50.0,1,False
2026-03-21 18:13:30+00:00,,,,,,,,0.71,0.71,,0.0,0,False
2026-03-21 18:14:00+00:00,,,,,,,,0.71,0.71,,0.0,0,False
2026-03-21 18:14:30+00:00,,,,,,,,0.71,0.71,,0.0,0,False
2026-03-21 18:15:00+00:00,,,,,,,,0.71,0.71,,0.0,0,False
2026-03-21 18:15:30+00:00,,,,,,,,0.71,0.71,,0.0,0,False
2026-03-21 18:16:00+00:00,,,,,,,,0.71,0.71,,0.0,0,False
2026-03-21 18:16:30+00:00,,,,,,,,0.71,0.71,,0.0,0,False
2026-03-21 18:17:00+00:00,,,,,,,,0.71,0.71,,44.0,2,False
2026-03-21 18:17:30+00:00,,,,,,,,0.71,0.71,,74.0,2,False
2026-03-21 18:18:00+00:00,,,,,,,,0.71,0.71,,9.0,1,False
2026-03-21 18:18:30+00:00,,,,,,,,0.71,0.71,,0.0,0,False
2026-03-21 18:19:00+00:00,,,,,,,,0.71,0.71,,6.0,1,False
2026-03-21 18:19:30+00:00,,,,,,,,0.71,0.71,,0.0,0,False
2026-03-21 18:20:00+00:00,,,,,,,,0.71,0.71,,0.0,0,False
2026-03-21 18:20:30+00:00,,,,,,,,0.71,0.71,,0.0,0,False
2026-03-21 18:21:00+00:00,,,,,,,,0.71,0.71,,0.0,0,False
2026-03-21 18:21:30+00:00,,,,,,,,0.71,0.71,,0.0,0,False
2026-03-21 18:22:00+00:00,,,,,,,,0.71,0.71,,0.0,0,False
2026-03-21 18:22:30+00:00,,,,,,,,0.71,0.71,,3.0,1,False
2026-03-21 18:23:00+00:00,,,,,,,,0.7099999999999999,0.71,,15.0,1,False
2026-03-21 18:23:30+00:00,,,,,,,,0.71,0.71,,32.0,1,False
2026-03-21 18:24:00+00:00,,,,,,,,0.71,0.71,,0.0,0,False
2026-03-21 18:24:30+00:00,,,,,,,,0.71,0.71,,32.0,1,False
2026-03-21 18:25:00+00:00,,,,,,,,0.71,0.71,,0.0,0,False
2026-03-21 18:25:30+00:00,,,,,,,,0.71,0.71,,0.0,0,False
2026-03-21 18:26:00+00:00,,,,,,,,0.73,0.73,,1.0,1,False
2026-03-21 18:26:30+00:00,,,,,,,,0.73,0.73,,0.0,0,False
2026-03-21 18:27:00+00:00,,,,,,,,0.73,0.73,,0.0,0,False
2026-03-21 18:27:30+00:00,,,,,,,,0.71,0.71,,101.0,1,False
2026-03-21 18:28:00+00:00,,,,,,,,0.71,0.71,,322.0,1,False
2026-03-21 18:28:30+00:00,,,,,,,,0.71,0.71,,0.0,0,False
2026-03-21 18:29:00+00:00,,,,,,,,0.71,0.71,,0.0,0,False
2026-03-21 18:29:30+00:00,,,,,,,,0.71,0.71,,0.0,0,False
2026-03-21 18:30:00+00:00,,,,,,,,0.71,0.71,,32.0,1,False
2026-03-21 18:30:30+00:00,,,,,,,,0.73,0.73,,13.0,1,False
2026-03-21 18:31:00+00:00,,,,,,,,0.73,0.73,,0.0,0,False
2026-03-21 18:31:30+00:00,,,,,,,,0.73,0.73,,0.0,0,False
2026-03-21 18:32:00+00:00,,,,,,,,0.73,0.73,,0.0,0,False
2026-03-21 18:32:30+00:00,,,,,,,,0.73,0.73,,0.0,0,False
2026-03-21 18:33:00+00:00,,,,,,,,0.73,0.73,,0.0,0,False
2026-03-21 18:33:30+00:00,,,,,,,,0.73,0.73,,0.0,0,False
2026-03-21 18:34:00+00:00,,,,,,,,0.73,0.73,,0.0,0,False
2026-03-21 18:34:30+00:00,,,,,,,,0.73,0.73,,0.0,0,False
2026-03-21 18:35:00+00:00,,,,,,,,0.73,0.73,,0.0,0,False
2026-03-21 18:35:30+00:00,,,,,,,,0.73,0.73,,0.0,0,False
2026-03-21 18:36:00+00:00,,,,,,,,0.73,0.73,,0.0,0,False
2026-03-21 18:36:30+00:00,,,,,,,,0.73,0.73,,0.0,0,False
2026-03-21 18:37:00+00:00,,,,,,,,0.73,0.73,,0.0,0,False
2026-03-21 18:37:30+00:00,,,,,,,,0.73,0.73,,50.0,1,False
2026-03-21 18:38:00+00:00,,,,,,,,0.73,0.73,,0.0,0,False
2026-03-21 18:38:30+00:00,,,,,,,,0.73,0.73,,0.0,0,False
2026-03-21 18:39:00+00:00,,,,,,,,0.73,0.73,,0.0,0,False
2026-03-21 18:39:30+00:00,,,,,,,,0.73,0.73,,0.0,0,False
2026-03-21 18:40:00+00:00,,,,,,,,0.73,0.73,,0.0,0,False
2026-03-21 18:40:30+00:00,,,,,,,,0.716153846153846,0.71,,13.0,2,False
2026-03-21 18:41:00+00:00,,,,,,,,0.716153846153846,0.71,,0.0,0,False
2026-03-21 18:41:30+00:00,,,,,,,,0.716153846153846,0.71,,0.0,0,False
2026-03-21 18:42:00+00:00,,,,,,,,0.716153846153846,0.71,,0.0,0,False
2026-03-21 18:42:30+00:00,,,,,,,,0.716153846153846,0.71,,0.0,0,False
2026-03-21 18:43:00+00:00,,,,,,,,0.716153846153846,0.71,,0.0,0,False
2026-03-21 18:43:30+00:00,,,,,,,,0.716153846153846,0.71,,0.0,0,False
2026-03-21 18:44:00+00:00,,,,,,,,0.73,0.73,,125.0,2,False
2026-03-21 18:44:30+00:00,,,,,,,,0.73,0.73,,0.0,0,False
2026-03-21 18:45:00+00:00,,,,,,,,0.73,0.73,,0.0,0,False
2026-03-21 18:45:30+00:00,,,,,,,,0.72,0.72,,304.0,2,False
2026-03-21 18:46:00+00:00,,,,,,,,0.72,0.72,,0.0,0,False
2026-03-21 18:46:30+00:00,,,,,,,,0.72,0.72,,0.0,0,False
2026-03-21 18:47:00+00:00,,,,,,,,0.72,0.72,,100.0,3,False
2026-03-21 18:47:30+00:00,,,,,,,,0.73,0.73,,1.0,1,False
2026-03-21 18:48:00+00:00,,,,,,,,0.73,0.73,,0.0,0,False
2026-03-21 18:48:30+00:00,,,,,,,,0.72,0.72,,32.0,3,False
2026-03-21 18:49:00+00:00,,,,,,,,0.71,0.71,,16.0,1,False
2026-03-21 18:49:30+00:00,,,,,,,,0.73,0.73,,2.0,1,False
2026-03-21 18:50:00+00:00,,,,,,,,0.73,0.73,,0.0,0,False
2026-03-21 18:50:30+00:00,,,,,,,,0.73,0.73,,0.0,0,False
2026-03-21 18:51:00+00:00,,,,,,,,0.73,0.73,,0.0,0,False
2026-03-21 18:51:30+00:00,,,,,,,,0.71,0.71,,248.0,1,False
2026-03-21 18:52:00+00:00,,,,,,,,0.73,0.73,,20.0,1,False
2026-03-21 18:52:30+00:00,,,,,,,,0.71,0.71,,5.0,1,False
2026-03-21 18:53:00+00:00,,,,,,,,0.71,0.71,,0.0,0,False
2026-03-21 18:53:30+00:00,,,,,,,,0.71,0.71,,0.0,0,False
2026-03-21 18:54:00+00:00,,,,,,,,0.71,0.71,,0.0,0,False
2026-03-21 18:54:30+00:00,,,,,,,,0.7120030120481926,0.71,,664.0,3,False
2026-03-21 18:55:00+00:00,,,,,,,,0.71,0.71,,164.0,1,False
2026-03-21 18:55:30+00:00,,,,,,,,0.71,0.71,,0.0,0,False
2026-03-21 18:56:00+00:00,,,,,,,,0.7199999999999999,0.72,,136.0,2,False
2026-03-21 18:56:30+00:00,,,,,,,,0.7199999999999999,0.72,,0.0,0,False
2026-03-21 18:57:00+00:00,,,,,,,,0.7199999999999999,0.72,,0.0,0,False
2026-03-21 18:57:30+00:00,,,,,,,,0.72,0.72,,1.0,1,False
2026-03-21 18:58:00+00:00,,,,,,,,0.72,0.72,,5.0,1,False
2026-03-21 18:58:30+00:00,,,,,,,,0.7106,0.71,,100.0,2,False
2026-03-21 18:59:00+00:00,,,,,,,,0.7106,0.71,,0.0,0,False
2026-03-21 18:59:30+00:00,,,,,,,,0.7200000000000001,0.72,,79.0,2,False
2026-03-21 19:00:00+00:00,,,,,,,,0.71,0.71,,160.0,2,False
2026-03-21 19:00:30+00:00,,,,,,,,0.71,0.71,,6.0,1,False
2026-03-21 19:01:00+00:00,,,,,,,,0.71,0.71,,0.0,0,False
2026-03-21 19:01:30+00:00,,,,,,,,0.71,0.71,,0.0,0,False
2026-03-21 19:02:00+00:00,,,,,,,,0.71,0.71,,0.0,0,False
2026-03-21 19:02:30+00:00,,,,,,,,0.71,0.71,,48.0,1,False
2026-03-21 19:03:00+00:00,,,,,,,,0.71,0.71,,0.0,0,False
2026-03-21 19:03:30+00:00,,,,,,,,0.71,0.71,,0.0,0,False
2026-03-21 19:04:00+00:00,,,,,,,,0.71,0.71,,0.0,0,False
2026-03-21 19:04:30+00:00,,,,,,,,0.71,0.71,,0.0,0,False
2026-03-21 19:05:00+00:00,,,,,,,,0.71,0.71,,0.0,0,False
2026-03-21 19:05:30+00:00,,,,,,,,0.71,0.71,,3.0,1,False
2026-03-21 19:06:00+00:00,,,,,,,,0.71,0.71,,0.0,0,False
2026-03-21 19:06:30+00:00,,,,,,,,0.71,0.71,,49.0,1,False
2026-03-21 19:07:00+00:00,,,,,,,,0.71,0.71,,0.0,0,False
2026-03-21 19:07:30+00:00,,,,,,,,0.71,0.71,,0.0,0,False
2026-03-21 19:08:00+00:00,,,,,,,,0.71,0.71,,0.0,0,False
2026-03-21 19:08:30+00:00,,,,,,,,0.7099999999999999,0.71,,18.0,2,False
2026-03-21 19:09:00+00:00,,,,,,,,0.7099999999999999,0.71,,0.0,0,False
2026-03-21 19:09:30+00:00,,,,,,,,0.7099999999999999,0.71,,0.0,0,False
2026-03-21 19:10:00+00:00,,,,,,,,0.7099999999999999,0.71,,0.0,0,False
2026-03-21 19:10:30+00:00,,,,,,,,0.7099999999999999,0.71,,0.0,0,False
2026-03-21 19:11:00+00:00,,,,,,,,0.7099999999999999,0.71,,0.0,0,False
2026-03-21 19:11:30+00:00,,,,,,,,0.7099999999999999,0.71,,0.0,0,False
2026-03-21 19:12:00+00:00,,,,,,,,0.7099999999999999,0.71,,0.0,0,False
2026-03-21 19:12:30+00:00,,,,,,,,0.7099999999999999,0.71,,0.0,0,False
2026-03-21 19:13:00+00:00,,,,,,,,0.7099999999999999,0.71,,0.0,0,False
2026-03-21 19:13:30+00:00,,,,,,,,0.7099999999999999,0.71,,0.0,0,False
2026-03-21 19:14:00+00:00,,,,,,,,0.7099999999999999,0.71,,0.0,0,False
2026-03-21 19:14:30+00:00,,,,,,,,0.7099999999999999,0.71,,0.0,0,False
2026-03-21 19:15:00+00:00,,,,,,,,0.7099999999999999,0.71,,0.0,0,False
2026-03-21 19:15:30+00:00,,,,,,,,0.72,0.72,,13.0,1,False
2026-03-21 19:16:00+00:00,,,,,,,,0.72,0.72,,0.0,0,False
2026-03-21 19:16:30+00:00,,,,,,,,0.72,0.72,,0.0,0,False
2026-03-21 19:17:00+00:00,,,,,,,,0.7200000000000001,0.72,,6.0,1,False
2026-03-21 19:17:30+00:00,,,,,,,,0.7199999999999999,0.72,,27.0,1,False
2026-03-21 19:18:00+00:00,,,,,,,,0.7199999999999999,0.72,,0.0,0,False
2026-03-21 19:18:30+00:00,,,,,,,,0.7199999999999999,0.72,,0.0,0,False
2026-03-21 19:19:00+00:00,,,,,,,,0.71,0.71,,32.0,2,False
2026-03-21 19:19:30+00:00,,,,,,,,0.71,0.71,,0.0,0,False
2026-03-21 19:20:00+00:00,,,,,,,,0.72,0.72,,20.0,1,False
2026-03-21 19:20:30+00:00,,,,,,,,0.72,0.72,,0.0,0,False
2026-03-21 19:21:00+00:00,,,,,,,,0.72,0.72,,0.0,0,False
2026-03-21 19:21:30+00:00,,,,,,,,0.72,0.72,,10.0,1,False
2026-03-21 19:22:00+00:00,,,,,,,,0.72,0.72,,0.0,0,False
2026-03-21 19:22:30+00:00,,,,,,,,0.72,0.72,,0.0,0,False
2026-03-21 19:23:00+00:00,,,,,,,,0.72,0.72,,0.0,0,False
2026-03-21 19:23:30+00:00,,,,,,,,0.72,0.72,,0.0,0,False
2026-03-21 19:24:00+00:00,,,,,,,,0.72,0.72,,0.0,0,False
2026-03-21 19:24:30+00:00,,,,,,,,0.7186206896551725,0.72,,116.0,2,False
2026-03-21 19:25:00+00:00,,,,,,,,0.7186206896551725,0.72,,0.0,0,False
2026-03-21 19:25:30+00:00,,,,,,,,0.7186206896551725,0.72,,0.0,0,False
2026-03-21 19:26:00+00:00,,,,,,,,0.71,0.71,,16.0,1,False
2026-03-21 19:26:30+00:00,,,,,,,,0.72,0.72,,4.0,1,False
2026-03-21 19:27:00+00:00,,,,,,,,0.72,0.72,,0.0,0,False
2026-03-21 19:27:30+00:00,,,,,,,,0.72,0.72,,33.0,1,False
2026-03-21 19:28:00+00:00,,,,,,,,0.72,0.72,,1.0,1,False
2026-03-21 19:28:30+00:00,,,,,,,,0.7200000000000001,0.72,,6.0,1,False
2026-03-21 19:29:00+00:00,,,,,,,,0.7200000000000001,0.72,,0.0,0,False
2026-03-21 19:29:30+00:00,,,,,,,,0.7200000000000001,0.72,,0.0,0,False
2026-03-21 19:30:00+00:00,,,,,,,,0.72,0.72,,20.0,1,False
2026-03-21 19:30:30+00:00,,,,,,,,0.72,0.72,,0.0,0,False
2026-03-21 19:31:00+00:00,,,,,,,,0.72,0.72,,4.0,1,False
2026-03-21 19:31:30+00:00,,,,,,,,0.72,0.72,,0.0,0,False
2026-03-21 19:32:00+00:00,,,,,,,,0.72,0.72,,0.0,0,False
2026-03-21 19:32:30+00:00,,,,,,,,0.72,0.72,,0.0,0,False
2026-03-21 19:33:00+00:00,,,,,,,,0.72,0.72,,0.0,0,False
2026-03-21 19:33:30+00:00,,,,,,,,0.7099999999999999,0.71,,15.0,1,False
2026-03-21 19:34:00+00:00,,,,,,,,0.7099999999999999,0.71,,0.0,0,False
2026-03-21 19:34:30+00:00,,,,,,,,0.7099999999999999,0.71,,0.0,0,False
2026-03-21 19:35:00+00:00,,,,,,,,0.7099999999999999,0.71,,0.0,0,False
2026-03-21 19:35:30+00:00,,,,,,,,0.7099999999999999,0.71,,0.0,0,False
2026-03-21 19:36:00+00:00,,,,,,,,0.72,0.72,,80.0,1,False
2026-03-21 19:36:30+00:00,,,,,,,,0.72,0.72,,0.0,0,False
2026-03-21 19:37:00+00:00,,,,,,,,0.72,0.72,,13.0,1,False
2026-03-21 19:37:30+00:00,,,,,,,,0.72,0.72,,0.0,0,False
2026-03-21 19:38:00+00:00,,,,,,,,0.718,0.71,,40.0,2,False
2026-03-21 19:38:30+00:00,,,,,,,,0.718,0.71,,0.0,0,False
2026-03-21 19:39:00+00:00,,,,,,,,0.718,0.71,,0.0,0,False
2026-03-21 19:39:30+00:00,,,,,,,,0.71,0.71,,3.0,1,False
2026-03-21 19:40:00+00:00,,,,,,,,0.71,0.71,,0.0,0,False
2026-03-21 19:40:30+00:00,,,,,,,,0.71,0.71,,0.0,0,False
2026-03-21 19:41:00+00:00,,,,,,,,0.71,0.71,,0.0,0,False
2026-03-21 19:41:30+00:00,,,,,,,,0.71,0.71,,0.0,0,False
2026-03-21 19:42:00+00:00,,,,,,,,0.71,0.71,,0.0,0,False
2026-03-21 19:42:30+00:00,,,,,,,,0.71,0.71,,500.0,2,False
2026-03-21 19:43:00+00:00,,,,,,,,0.71,0.71,,0.0,0,False
2026-03-21 19:43:30+00:00,,,,,,,,0.71,0.71,,0.0,0,False
2026-03-21 19:44:00+00:00,,,,,,,,0.7199999999999999,0.72,,27.0,1,False
2026-03-21 19:44:30+00:00,,,,,,,,0.7199999999999999,0.72,,0.0,0,False
2026-03-21 19:45:00+00:00,,,,,,,,0.7199999999999999,0.72,,0.0,0,False
2026-03-21 19:45:30+00:00,,,,,,,,0.7199999999999999,0.72,,0.0,0,False
2026-03-21 19:46:00+00:00,,,,,,,,0.7199999999999999,0.72,,0.0,0,False
2026-03-21 19:46:30+00:00,,,,,,,,0.7199999999999999,0.72,,0.0,0,False
2026-03-21 19:47:00+00:00,,,,,,,,0.7199999999999999,0.72,,0.0,0,False
2026-03-21 19:47:30+00:00,,,,,,,,0.7199999999999999,0.72,,0.0,0,False
2026-03-21 19:48:00+00:00,,,,,,,,0.71,0.71,,3.0,1,False
2026-03-21 19:48:30+00:00,,,,,,,,0.7113513513513514,0.72,,37.0,2,False
2026-03-21 19:49:00+00:00,,,,,,,,0.7185714285714286,0.72,,7.0,2,False
2026-03-21 19:49:30+00:00,,,,,,,,0.7185714285714286,0.72,,0.0,0,False
2026-03-21 19:50:00+00:00,,,,,,,,0.7185714285714286,0.72,,0.0,0,False
2026-03-21 19:50:30+00:00,,,,,,,,0.7185714285714286,0.72,,0.0,0,False
2026-03-21 19:51:00+00:00,,,,,,,,0.7185714285714286,0.72,,0.0,0,False
2026-03-21 19:51:30+00:00,,,,,,,,0.7185714285714286,0.72,,0.0,0,False
2026-03-21 19:52:00+00:00,,,,,,,,0.72,0.72,,9.0,1,False
2026-03-21 19:52:30+00:00,,,,,,,,0.72,0.72,,0.0,0,False
2026-03-21 19:53:00+00:00,,,,,,,,0.72,0.72,,0.0,0,False
2026-03-21 19:53:30+00:00,,,,,,,,0.72,0.72,,0.0,0,False
2026-03-21 19:54:00+00:00,,,,,,,,0.719438202247191,0.72,,178.0,2,False
2026-03-21 19:54:30+00:00,,,,,,,,0.72,0.72,,13.0,1,False
2026-03-21 19:55:00+00:00,,,,,,,,0.72,0.72,,0.0,0,False
2026-03-21 19:55:30+00:00,,,,,,,,0.72,0.72,,0.0,0,False
2026-03-21 19:56:00+00:00,,,,,,,,0.72,0.72,,0.0,0,False
2026-03-21 19:56:30+00:00,,,,,,,,0.72,0.72,,0.0,0,False
2026-03-21 19:57:00+00:00,,,,,,,,0.72,0.72,,68.0,1,False
2026-03-21 19:57:30+00:00,,,,,,,,0.72,0.72,,0.0,0,False
2026-03-21 19:58:00+00:00,,,,,,,,0.72,0.72,,0.0,0,False
2026-03-21 19:58:30+00:00,,,,,,,,0.72,0.72,,0.0,0,False
2026-03-21 19:59:00+00:00,,,,,,,,0.72,0.72,,0.0,0,False
2026-03-21 19:59:30+00:00,,,,,,,,0.72,0.72,,0.0,0,False
2026-03-21 20:00:00+00:00,,,,,,,,0.72,0.72,,0.0,0,False
2026-03-21 20:00:30+00:00,,,,,,,,0.72,0.72,,0.0,0,False
2026-03-21 20:01:00+00:00,,,,,,,,0.72,0.72,,0.0,0,False
2026-03-21 20:01:30+00:00,,,,,,,,0.7127027027027026,0.71,,74.0,2,False
2026-03-21 20:02:00+00:00,,,,,,,,0.71,0.71,,1.0,1,False
2026-03-21 20:02:30+00:00,,,,,,,,0.71,0.71,,50.0,1,False
2026-03-21 20:03:00+00:00,,,,,,,,0.72,0.72,,10.0,1,False
2026-03-21 20:03:30+00:00,,,,,,,,0.72,0.72,,0.0,0,False
2026-03-21 20:04:00+00:00,,,,,,,,0.7099999999999999,0.71,,15.0,1,False
2026-03-21 20:04:30+00:00,,,,,,,,0.72,0.72,,33.0,2,False
2026-03-21 20:05:00+00:00,,,,,,,,0.711,0.72,,10.0,2,False
2026-03-21 20:05:30+00:00,,,,,,,,0.711,0.72,,0.0,0,False
2026-03-21 20:06:00+00:00,,,,,,,,0.713690036900369,0.71,,271.0,3,False
2026-03-21 20:06:30+00:00,,,,,,,,0.713690036900369,0.71,,0.0,0,False
2026-03-21 20:07:00+00:00,,,,,,,,0.72,0.72,,2702.0,1,False
2026-03-21 20:07:30+00:00,,,,,,,,0.72,0.72,,0.0,0,False
2026-03-21 20:08:00+00:00,,,,,,,,0.72,0.72,,0.0,0,False
2026-03-21 20:08:30+00:00,,,,,,,,0.72,0.72,,0.0,0,False
2026-03-21 20:09:00+00:00,,,,,,,,0.71,0.71,,5.0,1,False
2026-03-21 20:09:30+00:00,,,,,,,,0.72,0.72,,204.0,2,False
2026-03-21 20:10:00+00:00,,,,,,,,0.72,0.72,,0.0,0,False
2026-03-21 20:10:30+00:00,,,,,,,,0.72,0.72,,0.0,0,False
2026-03-21 20:11:00+00:00,,,,,,,,0.72,0.72,,0.0,0,False
2026-03-21 20:11:30+00:00,,,,,,,,0.72,0.72,,8.0,1,False
2026-03-21 20:12:00+00:00,,,,,,,,0.72,0.72,,0.0,0,False
2026-03-21 20:12:30+00:00,,,,,,,,0.72,0.72,,0.0,0,False
2026-03-21 20:13:00+00:00,,,,,,,,0.7194392523364487,0.72,,107.0,2,False
2026-03-21 20:13:30+00:00,,,,,,,,0.7194392523364487,0.72,,0.0,0,False
2026-03-21 20:14:00+00:00,,,,,,,,0.7194392523364487,0.72,,0.0,0,False
2026-03-21 20:14:30+00:00,,,,,,,,0.72,0.72,,5.0,1,False
2026-03-21 20:15:00+00:00,,,,,,,,0.72,0.72,,0.0,0,False
2026-03-21 20:15:30+00:00,,,,,,,,0.71,0.71,,16.0,1,False
2026-03-21 20:16:00+00:00,,,,,,,,0.72,0.72,,1.0,1,False
2026-03-21 20:16:30+00:00,,,,,,,,0.72,0.72,,0.0,0,False
2026-03-21 20:17:00+00:00,,,,,,,,0.72,0.72,,0.0,0,False
2026-03-21 20:17:30+00:00,,,,,,,,0.71,0.71,,338.0,4,False
2026-03-21 20:18:00+00:00,,,,,,,,0.71,0.71,,0.0,0,False
2026-03-21 20:18:30+00:00,,,,,,,,0.71,0.71,,0.0,0,False
2026-03-21 20:19:00+00:00,,,,,,,,0.71,0.71,,0.0,0,False
2026-03-21 20:19:30+00:00,,,,,,,,0.71,0.71,,0.0,0,False
2026-03-21 20:20:00+00:00,,,,,,,,0.72,0.72,,61.0,1,False
2026-03-21 20:20:30+00:00,,,,,,,,0.71,0.71,,65.0,1,False
2026-03-21 20:21:00+00:00,,,,,,,,0.71,0.71,,167.0,1,False
2026-03-21 20:21:30+00:00,,,,,,,,0.7152631578947367,0.71,,19.0,3,False
2026-03-21 20:22:00+00:00,,,,,,,,0.71,0.71,,32.0,1,False
2026-03-21 20:22:30+00:00,,,,,,,,0.71,0.71,,1.0,1,False
2026-03-21 20:23:00+00:00,,,,,,,,0.71,0.71,,0.0,0,False
2026-03-21 20:23:30+00:00,,,,,,,,0.72,0.72,,1.0,1,False
2026-03-21 20:24:00+00:00,,,,,,,,0.72,0.72,,0.0,0,False
2026-03-21 20:24:30+00:00,,,,,,,,0.72,0.72,,0.0,0,False
2026-03-21 20:25:00+00:00,,,,,,,,0.72,0.72,,13.0,1,False
2026-03-21 20:25:30+00:00,,,,,,,,0.72,0.72,,0.0,0,False
2026-03-21 20:26:00+00:00,,,,,,,,0.72,0.72,,0.0,0,False
2026-03-21 20:26:30+00:00,,,,,,,,0.72,0.72,,4.0,1,False
2026-03-21 20:27:00+00:00,,,,,,,,0.72,0.72,,0.0,0,False
2026-03-21 20:27:30+00:00,,,,,,,,0.72,0.72,,0.0,0,False
2026-03-21 20:28:00+00:00,,,,,,,,0.72,0.72,,133.0,1,False
2026-03-21 20:28:30+00:00,,,,,,,,0.72,0.72,,0.0,0,False
2026-03-21 20:29:00+00:00,,,,,,,,0.72,0.72,,0.0,0,False
2026-03-21 20:29:30+00:00,,,,,,,,0.7113333333333334,0.72,,30.0,3,False
2026-03-21 20:30:00+00:00,,,,,,,,0.7113333333333334,0.72,,0.0,0,False
2026-03-21 20:30:30+00:00,,,,,,,,0.72,0.72,,136.0,1,False
2026-03-21 20:31:00+00:00,,,,,,,,0.72,0.72,,0.0,0,False
2026-03-21 20:31:30+00:00,,,,,,,,0.72,0.72,,0.0,0,False
2026-03-21 20:32:00+00:00,,,,,,,,0.72,0.72,,136.0,1,False
2026-03-21 20:32:30+00:00,,,,,,,,0.72,0.72,,0.0,0,False
2026-03-21 20:33:00+00:00,,,,,,,,0.72,0.72,,0.0,0,False
2026-03-21 20:33:30+00:00,,,,,,,,0.72,0.72,,0.0,0,False
2026-03-21 20:34:00+00:00,,,,,,,,0.72,0.72,,0.0,0,False
2026-03-21 20:34:30+00:00,,,,,,,,0.7099999999999999,0.71,,15.0,1,False
2026-03-21 20:35:00+00:00,,,,,,,,0.71,0.71,,20.0,1,False
2026-03-21 20:35:30+00:00,,,,,,,,0.71,0.71,,0.0,0,False
2026-03-21 20:36:00+00:00,,,,,,,,0.71,0.71,,0.0,0,False
2026-03-21 20:36:30+00:00,,,,,,,,0.71,0.71,,62.0,1,False
2026-03-21 20:37:00+00:00,,,,,,,,0.71,0.71,,9.0,1,False
2026-03-21 20:37:30+00:00,,,,,,,,0.72,0.72,,1.0,1,False
2026-03-21 20:38:00+00:00,,,,,,,,0.72,0.72,,0.0,0,False
2026-03-21 20:38:30+00:00,,,,,,,,0.72,0.72,,0.0,0,False
2026-03-21 20:39:00+00:00,,,,,,,,0.72,0.72,,0.0,0,False
2026-03-21 20:39:30+00:00,,,,,,,,0.72,0.72,,0.0,0,False
2026-03-21 20:40:00+00:00,,,,,,,,0.72,0.72,,0.0,0,False
2026-03-21 20:40:30+00:00,,,,,,,,0.7199950690335306,0.71,,2028.0,2,False
2026-03-21 20:41:00+00:00,,,,,,,,0.7100000000000001,0.71,,95.0,1,False
2026-03-21 20:41:30+00:00,,,,,,,,0.7100000000000001,0.71,,0.0,0,False
2026-03-21 20:42:00+00:00,,,,,,,,0.7100000000000001,0.71,,0.0,0,False
2026-03-21 20:42:30+00:00,,,,,,,,0.7100000000000001,0.71,,0.0,0,False
2026-03-21 20:43:00+00:00,,,,,,,,0.71,0.71,,46.0,1,False
2026-03-21 20:43:30+00:00,,,,,,,,0.71,0.71,,0.0,0,False
2026-03-21 20:44:00+00:00,,,,,,,,0.72,0.72,,445.0,3,False
2026-03-21 20:44:30+00:00,,,,,,,,0.71,0.71,,16.0,1,False
2026-03-21 20:45:00+00:00,,,,,,,,0.72,0.72,,136.0,1,False
2026-03-21 20:45:30+00:00,,,,,,,,0.72,0.72,,0.0,0,False
2026-03-21 20:46:00+00:00,,,,,,,,0.72,0.72,,0.0,0,False
2026-03-21 20:46:30+00:00,,,,,,,,0.72,0.72,,0.0,0,False
2026-03-21 20:47:00+00:00,,,,,,,,0.7056,0.7,,325.0,6,False
2026-03-21 20:47:30+00:00,,,,,,,,0.7,0.7,,18.0,1,False
2026-03-21 20:48:00+00:00,,,,,,,,0.71,0.71,,1.0,1,False
2026-03-21 20:48:30+00:00,,,,,,,,0.71,0.71,,144.0,2,False
2026-03-21 20:49:00+00:00,,,,,,,,0.71,0.71,,0.0,0,False
2026-03-21 20:49:30+00:00,,,,,,,,0.71,0.71,,8.0,1,False
2026-03-21 20:50:00+00:00,,,,,,,,0.7010802469135803,0.71,,324.0,4,False
2026-03-21 20:50:30+00:00,,,,,,,,0.7010802469135803,0.71,,0.0,0,False
2026-03-21 20:51:00+00:00,,,,,,,,0.7010802469135803,0.71,,0.0,0,False
2026-03-21 20:51:30+00:00,,,,,,,,0.7010802469135803,0.71,,0.0,0,False
2026-03-21 20:52:00+00:00,,,,,,,,0.7010802469135803,0.71,,0.0,0,False
2026-03-21 20:52:30+00:00,,,,,,,,0.7010802469135803,0.71,,0.0,0,False
2026-03-21 20:53:00+00:00,,,,,,,,0.7010802469135803,0.71,,0.0,0,False
2026-03-21 20:53:30+00:00,,,,,,,,0.6999999999999998,0.7,,3.0,1,False
2026-03-21 20:54:00+00:00,,,,,,,,0.6999999999999998,0.7,,0.0,0,False
2026-03-21 20:54:30+00:00,,,,,,,,0.6999999999999998,0.7,,0.0,0,False
2026-03-21 20:55:00+00:00,,,,,,,,0.6999999999999998,0.7,,0.0,0,False
2026-03-21 20:55:30+00:00,,,,,,,,0.6999999999999998,0.7,,0.0,0,False
2026-03-21 20:56:00+00:00,,,,,,,,0.7100000000000001,0.71,,13.0,1,False
2026-03-21 20:56:30+00:00,,,,,,,,0.71,0.71,,4.0,1,False
2026-03-21 20:57:00+00:00,,,,,,,,0.7100000000000001,0.71,,13.0,1,False
2026-03-21 20:57:30+00:00,,,,,,,,0.7,0.7,,158.0,3,False
2026-03-21 20:58:00+00:00,,,,,,,,0.71,0.71,,20.0,1,False
2026-03-21 20:58:30+00:00,,,,,,,,0.71,0.71,,0.0,0,False
2026-03-21 20:59:00+00:00,,,,,,,,0.71,0.71,,34.0,1,False
2026-03-21 20:59:30+00:00,,,,,,,,0.7025,0.71,,24.0,2,False
2026-03-21 21:00:00+00:00,,,,,,,,0.7025,0.71,,0.0,0,False
2026-03-21 21:00:30+00:00,,,,,,,,0.700125786163522,0.7,,159.0,3,False
2026-03-21 21:01:00+00:00,,,,,,,,0.7003846153846154,0.7,,130.0,2,False
2026-03-21 21:01:30+00:00,,,,,,,,0.7100000000000001,0.71,,47.0,2,False
2026-03-21 21:02:00+00:00,,,,,,,,0.7000000000000001,0.7,,317.0,2,False
2026-03-21 21:02:30+00:00,,,,,,,,0.7,0.7,,13.0,1,False
2026-03-21 21:03:00+00:00,,,,,,,,0.7,0.7,,0.0,0,False
2026-03-21 21:03:30+00:00,,,,,,,,0.71,0.71,,2.0,2,False
2026-03-21 21:04:00+00:00,,,,,,,,0.7,0.7,,1715.0,6,False
2026-03-21 21:04:30+00:00,,,,,,,,0.7,0.7,,15.0,1,False
2026-03-21 21:05:00+00:00,,,,,,,,0.7,0.7,,0.0,0,False
2026-03-21 21:05:30+00:00,,,,,,,,0.7,0.7,,0.0,0,False
2026-03-21 21:06:00+00:00,,,,,,,,0.7,0.7,,0.0,0,False
2026-03-21 21:06:30+00:00,,,,,,,,0.7,0.7,,0.0,0,False
2026-03-21 21:07:00+00:00,,,,,,,,0.7,0.7,,0.0,0,False
2026-03-21 21:07:30+00:00,,,,,,,,0.7,0.7,,0.0,0,False
2026-03-21 21:08:00+00:00,,,,,,,,0.7,0.7,,0.0,0,False
2026-03-21 21:08:30+00:00,,,,,,,,0.7,0.7,,15.0,1,False
2026-03-21 21:09:00+00:00,,,,,,,,0.7,0.7,,41.0,1,False
2026-03-21 21:09:30+00:00,,,,,,,,0.71,0.71,,20.0,1,False
2026-03-21 21:10:00+00:00,,,,,,,,0.71,0.71,,0.0,0,False
2026-03-21 21:10:30+00:00,,,,,,,,0.71,0.71,,0.0,0,False
2026-03-21 21:11:00+00:00,,,,,,,,0.71,0.71,,276.0,1,False
2026-03-21 21:11:30+00:00,,,,,,,,0.71,0.71,,0.0,0,False
2026-03-21 21:12:00+00:00,,,,,,,,0.71,0.71,,2.0,1,False
2026-03-21 21:12:30+00:00,,,,,,,,0.71,0.71,,1.0,1,False
2026-03-21 21:13:00+00:00,,,,,,,,0.71,0.71,,0.0,0,False
2026-03-21 21:13:30+00:00,,,,,,,,0.71,0.71,,0.0,0,False
2026-03-21 21:14:00+00:00,,,,,,,,0.71,0.71,,0.0,0,False
2026-03-21 21:14:30+00:00,,,,,,,,0.71,0.71,,0.0,0,False
2026-03-21 21:15:00+00:00,,,,,,,,0.700027397260274,0.7,,365.0,3,False
2026-03-21 21:15:30+00:00,,,,,,,,0.7091891891891893,0.7,,37.0,2,False
2026-03-21 21:16:00+00:00,,,,,,,,0.71,0.71,,9.0,1,False
2026-03-21 21:16:30+00:00,,,,,,,,0.71,0.71,,5.0,1,False
2026-03-21 21:17:00+00:00,,,,,,,,0.71,0.71,,0.0,0,False
2026-03-21 21:17:30+00:00,,,,,,,,0.71,0.71,,0.0,0,False
2026-03-21 21:18:00+00:00,,,,,,,,0.71,0.71,,9588.0,3,False
2026-03-21 21:18:30+00:00,,,,,,,,0.71,0.71,,0.0,0,False
2026-03-21 21:19:00+00:00,,,,,,,,0.71,0.71,,0.0,0,False
2026-03-21 21:19:30+00:00,,,,,,,,0.71,0.71,,1.0,1,False
2026-03-21 21:20:00+00:00,,,,,,,,0.7,0.7,,476.0,1,False
2026-03-21 21:20:30+00:00,,,,,,,,0.7,0.7,,15.0,1,False
2026-03-21 21:21:00+00:00,,,,,,,,0.7,0.7,,0.0,0,False
2026-03-21 21:21:30+00:00,,,,,,,,0.7,0.7,,0.0,0,False
2026-03-21 21:22:00+00:00,,,,,,,,0.71,0.71,,4.0,1,False
2026-03-21 21:22:30+00:00,,,,,,,,0.71,0.71,,17.0,1,False
2026-03-21 21:23:00+00:00,,,,,,,,0.71,0.71,,0.0,0,False
2026-03-21 21:23:30+00:00,,,,,,,,0.71,0.71,,0.0,0,False
2026-03-21 21:24:00+00:00,,,,,,,,0.71,0.71,,0.0,0,False
2026-03-21 21:24:30+00:00,,,,,,,,0.71,0.71,,0.0,0,False
2026-03-21 21:25:00+00:00,,,,,,,,0.71,0.71,,0.0,0,False
2026-03-21 21:25:30+00:00,,,,,,,,0.71,0.71,,0.0,0,False
2026-03-21 21:26:00+00:00,,,,,,,,0.71,0.71,,0.0,0,False
2026-03-21 21:26:30+00:00,,,,,,,,0.71,0.71,,0.0,0,False
2026-03-21 21:27:00+00:00,,,,,,,,0.71,0.71,,31.0,1,False
2026-03-21 21:27:30+00:00,,,,,,,,0.7100000000000001,0.71,,13.0,1,False
2026-03-21 21:28:00+00:00,,,,,,,,0.7100000000000001,0.71,,0.0,0,False
2026-03-21 21:28:30+00:00,,,,,,,,0.7,0.7,,78.0,1,False
2026-03-21 21:29:00+00:00,,,,,,,,0.7,0.7,,0.0,0,False
2026-03-21 21:29:30+00:00,,,,,,,,0.7064,0.7,,25.0,3,False
2026-03-21 21:30:00+00:00,,,,,,,,0.7064,0.7,,0.0,0,False
2026-03-21 21:30:30+00:00,,,,,,,,0.7064,0.7,,0.0,0,False
2026-03-21 21:31:00+00:00,,,,,,,,0.7064,0.7,,0.0,0,False
2026-03-21 21:31:30+00:00,,,,,,,,0.7064,0.7,,0.0,0,False
2026-03-21 21:32:00+00:00,,,,,,,,0.7064,0.7,,0.0,0,False
2026-03-21 21:32:30+00:00,,,,,,,,0.7,0.7,,80.0,1,False
2026-03-21 21:33:00+00:00,,,,,,,,0.71,0.71,,27.0,1,False
2026-03-21 21:33:30+00:00,,,,,,,,0.71,0.71,,11.0,1,False
2026-03-21 21:34:00+00:00,,,,,,,,0.71,0.71,,2.0,1,False
2026-03-21 21:34:30+00:00,,,,,,,,0.7,0.7,,882.0,1,False
2026-03-21 21:35:00+00:00,,,,,,,,0.71,0.71,,38.0,1,False
2026-03-21 21:35:30+00:00,,,,,,,,0.71,0.71,,0.0,0,False
2026-03-21 21:36:00+00:00,,,,,,,,0.705,0.71,,24.0,2,False
2026-03-21 21:36:30+00:00,,,,,,,,0.705,0.71,,0.0,0,False
2026-03-21 21:37:00+00:00,,,,,,,,0.705,0.71,,0.0,0,False
2026-03-21 21:37:30+00:00,,,,,,,,0.71,0.71,,2.0,1,False
2026-03-21 21:38:00+00:00,,,,,,,,0.71,0.71,,0.0,0,False
2026-03-21 21:38:30+00:00,,,,,,,,0.71,0.71,,0.0,0,False
2026-03-21 21:39:00+00:00,,,,,,,,0.71,0.71,,34.0,1,False
2026-03-21 21:39:30+00:00,,,,,,,,0.71,0.71,,0.0,0,False
2026-03-21 21:40:00+00:00,,,,,,,,0.6999999999999998,0.7,,12.0,1,False
2026-03-21 21:40:30+00:00,,,,,,,,0.71,0.71,,20.0,1,False
2026-03-21 21:41:00+00:00,,,,,,,,0.71,0.71,,0.0,0,False
2026-03-21 21:41:30+00:00,,,,,,,,0.71,0.71,,0.0,0,False
2026-03-21 21:42:00+00:00,,,,,,,,0.71,0.71,,0.0,0,False
2026-03-21 21:42:30+00:00,,,,,,,,0.71,0.71,,0.0,0,False
2026-03-21 21:43:00+00:00,,,,,,,,0.71,0.71,,11.0,1,False
2026-03-21 21:43:30+00:00,,,,,,,,0.71,0.71,,0.0,0,False
2026-03-21 21:44:00+00:00,,,,,,,,0.7,0.7,,146.0,1,False
2026-03-21 21:44:30+00:00,,,,,,,,0.7,0.7,,0.0,0,False
2026-03-21 21:45:00+00:00,,,,,,,,0.7,0.7,,78.0,1,False
2026-03-21 21:45:30+00:00,,,,,,,,0.7,0.7,,0.0,0,False
2026-03-21 21:46:00+00:00,,,,,,,,0.7,0.7,,10.0,1,False
2026-03-21 21:46:30+00:00,,,,,,,,0.7,0.7,,0.0,0,False
2026-03-21 21:47:00+00:00,,,,,,,,0.7,0.7,,0.0,0,False
2026-03-21 21:47:30+00:00,,,,,,,,0.7,0.7,,0.0,0,False
2026-03-21 21:48:00+00:00,,,,,,,,0.6999999999999998,0.7,,3.0,1,False
2026-03-21 21:48:30+00:00,,,,,,,,0.71,0.71,,4.0,1,False
2026-03-21 21:49:00+00:00,,,,,,,,0.71,0.71,,0.0,0,False
2026-03-21 21:49:30+00:00,,,,,,,,0.71,0.71,,0.0,0,False
2026-03-21 21:50:00+00:00,,,,,,,,0.71,0.71,,24.0,1,False
2026-03-21 21:50:30+00:00,,,,,,,,0.7051562499999999,0.71,,64.0,2,False
2026-03-21 21:51:00+00:00,,,,,,,,0.71,0.71,,138.0,1,False
2026-03-21 21:51:30+00:00,,,,,,,,0.71,0.71,,34.0,1,False
2026-03-21 21:52:00+00:00,,,,,,,,0.71,0.71,,0.0,0,False
2026-03-21 21:52:30+00:00,,,,,,,,0.7090963855421686,0.7,,166.0,3,False
2026-03-21 21:53:00+00:00,,,,,,,,0.7023300970873787,0.7,,103.0,2,False
2026-03-21 21:53:30+00:00,,,,,,,,0.7023300970873787,0.7,,0.0,0,False
2026-03-21 21:54:00+00:00,,,,,,,,0.71,0.71,,1.0,1,False
2026-03-21 21:54:30+00:00,,,,,,,,0.6999999999999998,0.7,,3.0,1,False
2026-03-21 21:55:00+00:00,,,,,,,,0.7,0.7,,34.0,1,False
2026-03-21 21:55:30+00:00,,,,,,,,0.71,0.71,,27.0,1,False
2026-03-21 21:56:00+00:00,,,,,,,,0.71,0.71,,0.0,0,False
2026-03-21 21:56:30+00:00,,,,,,,,0.7001086956521739,0.71,,92.0,3,False
2026-03-21 21:57:00+00:00,,,,,,,,0.71,0.71,,1000.0,1,False
2026-03-21 21:57:30+00:00,,,,,,,,0.7,0.7,,82.0,2,False
2026-03-21 21:58:00+00:00,,,,,,,,0.71,0.71,,16.0,1,False
2026-03-21 21:58:30+00:00,,,,,,,,0.71,0.71,,0.0,0,False
2026-03-21 21:59:00+00:00,,,,,,,,0.71,0.71,,0.0,0,False
2026-03-21 21:59:30+00:00,,,,,,,,0.71,0.71,,103.0,1,False
2026-03-21 22:00:00+00:00,,,,,,,,0.71,0.71,,0.0,0,False
2026-03-21 22:00:30+00:00,,,,,,,,0.71,0.71,,0.0,0,False
2026-03-21 22:01:00+00:00,,,,,,,,0.71,0.71,,0.0,0,False
2026-03-21 22:01:30+00:00,,,,,,,,0.7,0.7,,63.0,1,False
2026-03-21 22:02:00+00:00,,,,,,,,0.7,0.7,,25.0,1,False
2026-03-21 22:02:30+00:00,,,,,,,,0.71,0.71,,306.0,2,False
2026-03-21 22:03:00+00:00,,,,,,,,0.71,0.71,,0.0,0,False
2026-03-21 22:03:30+00:00,,,,,,,,0.7100000000000001,0.71,,14.0,2,False
2026-03-21 22:04:00+00:00,,,,,,,,0.7099999999999999,0.71,,1437.0,2,False
2026-03-21 22:04:30+00:00,,,,,,,,0.7099999999999999,0.71,,0.0,0,False
2026-03-21 22:05:00+00:00,,,,,,,,0.7099999999999999,0.71,,0.0,0,False
2026-03-21 22:05:30+00:00,,,,,,,,0.7073404255319148,0.7,,376.0,2,False
2026-03-21 22:06:00+00:00,,,,,,,,0.7073404255319148,0.7,,0.0,0,False
2026-03-21 22:06:30+00:00,,,,,,,,0.7073404255319148,0.7,,0.0,0,False
2026-03-21 22:07:00+00:00,,,,,,,,0.7001197604790418,0.7,,167.0,3,False
2026-03-21 22:07:30+00:00,,,,,,,,0.71,0.71,,1.0,1,False
2026-03-21 22:08:00+00:00,,,,,,,,0.7099999999999999,0.71,,37.0,2,False
2026-03-21 22:08:30+00:00,,,,,,,,0.71,0.71,,14.0,1,False
2026-03-21 22:09:00+00:00,,,,,,,,0.71,0.71,,34.0,1,False
2026-03-21 22:09:30+00:00,,,,,,,,0.7,0.7,,31.0,1,False
2026-03-21 22:10:00+00:00,,,,,,,,0.7,0.7,,0.0,0,False
2026-03-21 22:10:30+00:00,,,,,,,,0.7,0.7,,0.0,0,False
2026-03-21 22:11:00+00:00,,,,,,,,0.7,0.7,,0.0,0,False
2026-03-21 22:11:30+00:00,,,,,,,,0.7,0.7,,0.0,0,False
2026-03-21 22:12:00+00:00,,,,,,,,0.7,0.7,,0.0,0,False
2026-03-21 22:12:30+00:00,,,,,,,,0.7,0.7,,0.0,0,False
2026-03-21 22:13:00+00:00,,,,,,,,0.7,0.7,,0.0,0,False
2026-03-21 22:13:30+00:00,,,,,,,,0.7,0.7,,15.0,1,False
2026-03-21 22:14:00+00:00,,,,,,,,0.71,0.71,,136.0,1,False
2026-03-21 22:14:30+00:00,,,,,,,,0.71,0.71,,0.0,0,False
2026-03-21 22:15:00+00:00,,,,,,,,0.7081999999999999,0.7,,50.0,2,False
2026-03-21 22:15:30+00:00,,,,,,,,0.7081999999999999,0.7,,0.0,0,False
2026-03-21 22:16:00+00:00,,,,,,,,0.7008029197080291,0.7,,411.0,4,False
2026-03-21 22:16:30+00:00,,,,,,,,0.7008029197080291,0.7,,0.0,0,False
2026-03-21 22:17:00+00:00,,,,,,,,0.7,0.7,,32.0,1,False
2026-03-21 22:17:30+00:00,,,,,,,,0.71,0.71,,273.0,1,False
2026-03-21 22:18:00+00:00,,,,,,,,0.71,0.71,,0.0,0,False
2026-03-21 22:18:30+00:00,,,,,,,,0.7,0.7,,79.0,1,False
2026-03-21 22:19:00+00:00,,,,,,,,0.7014054054054053,0.71,,185.0,6,False
2026-03-21 22:19:30+00:00,,,,,,,,0.71,0.71,,71.0,1,False
2026-03-21 22:20:00+00:00,,,,,,,,0.71,0.71,,0.0,0,False
2026-03-21 22:20:30+00:00,,,,,,,,0.71,0.71,,0.0,0,False
2026-03-21 22:21:00+00:00,,,,,,,,0.71,0.71,,0.0,0,False
2026-03-21 22:21:30+00:00,,,,,,,,0.71,0.71,,0.0,0,False
2026-03-21 22:22:00+00:00,,,,,,,,0.71,0.71,,0.0,0,False
2026-03-21 22:22:30+00:00,,,,,,,,0.71,0.71,,0.0,0,False
2026-03-21 22:23:00+00:00,,,,,,,,0.71,0.71,,273.0,1,False
2026-03-21 22:23:30+00:00,,,,,,,,0.6999999999999998,0.7,,3.0,1,False
2026-03-21 22:24:00+00:00,,,,,,,,0.7,0.7,,65.0,1,False
2026-03-21 22:24:30+00:00,,,,,,,,0.7,0.7,,25.0,1,False
2026-03-21 22:25:00+00:00,,,,,,,,0.7,0.7,,15.0,1,False
2026-03-21 22:25:30+00:00,,,,,,,,0.71,0.71,,20.0,1,False
2026-03-21 22:26:00+00:00,,,,,,,,0.71,0.71,,0.0,0,False
2026-03-21 22:26:30+00:00,,,,,,,,0.71,0.71,,0.0,0,False
2026-03-21 22:27:00+00:00,,,,,,,,0.71,0.71,,10.0,1,False
2026-03-21 22:27:30+00:00,,,,,,,,0.7004186046511629,0.71,,645.0,3,False
2026-03-21 22:28:00+00:00,,,,,,,,0.7004186046511629,0.71,,0.0,0,False
2026-03-21 22:28:30+00:00,,,,,,,,0.7004186046511629,0.71,,0.0,0,False
2026-03-21 22:29:00+00:00,,,,,,,,0.7013084112149532,0.7,,107.0,3,False
2026-03-21 22:29:30+00:00,,,,,,,,0.7013084112149532,0.7,,0.0,0,False
2026-03-21 22:30:00+00:00,,,,,,,,0.7,0.7,,93.0,2,False
2026-03-21 22:30:30+00:00,,,,,,,,0.71,0.71,,207.0,1,False
2026-03-21 22:31:00+00:00,,,,,,,,0.71,0.71,,0.0,0,False
2026-03-21 22:31:30+00:00,,,,,,,,0.7001754385964911,0.7,,57.0,2,False
2026-03-21 22:32:00+00:00,,,,,,,,0.7001754385964911,0.7,,0.0,0,False
2026-03-21 22:32:30+00:00,,,,,,,,0.7007780979827088,0.71,,347.0,3,False
2026-03-21 22:33:00+00:00,,,,,,,,0.7,0.7,,25.0,2,False
2026-03-21 22:33:30+00:00,,,,,,,,0.7086864406779659,0.7,,472.0,5,False
2026-03-21 22:34:00+00:00,,,,,,,,0.7024999999999999,0.71,,4.0,2,False
2026-03-21 22:34:30+00:00,,,,,,,,0.7024999999999999,0.71,,0.0,0,False
2026-03-21 22:35:00+00:00,,,,,,,,0.71,0.71,,1.0,1,False
2026-03-21 22:35:30+00:00,,,,,,,,0.7,0.7,,50.0,1,False
2026-03-21 22:36:00+00:00,,,,,,,,0.7,0.7,,1588.0,1,False
2026-03-21 22:36:30+00:00,,,,,,,,0.71,0.71,,6.0,1,False
2026-03-21 22:37:00+00:00,,,,,,,,0.71,0.71,,0.0,0,False
2026-03-21 22:37:30+00:00,,,,,,,,0.7012745098039216,0.7,,204.0,4,False
2026-03-21 22:38:00+00:00,,,,,,,,0.7046511627906976,0.7,,86.0,3,False
2026-03-21 22:38:30+00:00,,,,,,,,0.7046511627906976,0.7,,0.0,0,False
2026-03-21 22:39:00+00:00,,,,,,,,0.7098795180722892,0.71,,83.0,2,False
2026-03-21 22:39:30+00:00,,,,,,,,0.7,0.7,,10.0,1,False
2026-03-21 22:40:00+00:00,,,,,,,,0.7,0.7,,5.0,1,False
2026-03-21 22:40:30+00:00,,,,,,,,0.7000000000000001,0.7,,4682.0,16,False
2026-03-21 22:41:00+00:00,,,,,,,,0.7013157894736842,0.71,,38.0,3,False
2026-03-21 22:41:30+00:00,,,,,,,,0.7013157894736842,0.71,,0.0,0,False
2026-03-21 22:42:00+00:00,,,,,,,,0.7000000000000001,0.7,,317.0,3,False
2026-03-21 22:42:30+00:00,,,,,,,,0.7000000000000001,0.7,,0.0,0,False
2026-03-21 22:43:00+00:00,,,,,,,,0.7000000000000001,0.7,,0.0,0,False
2026-03-21 22:43:30+00:00,,,,,,,,0.7000000000000001,0.7,,0.0,0,False
2026-03-21 22:44:00+00:00,,,,,,,,0.7000000000000001,0.7,,0.0,0,False
2026-03-21 22:44:30+00:00,,,,,,,,0.7160557768924304,0.72,,251.0,7,False
2026-03-21 22:45:00+00:00,,,,,,,,0.7280769230769231,0.72,,26.0,4,False
2026-03-21 22:45:30+00:00,,,,,,,,0.71,0.71,,1.0,1,False
2026-03-21 22:46:00+00:00,,,,,,,,0.71,0.71,,7.0,1,False
2026-03-21 22:46:30+00:00,,,,,,,,0.7094455852156056,0.7,,487.0,3,False
2026-03-21 22:47:00+00:00,,,,,,,,0.71,0.71,,6.0,1,False
2026-03-21 22:47:30+00:00,,,,,,,,0.7,0.7,,325.0,2,False
2026-03-21 22:48:00+00:00,,,,,,,,0.7,0.7,,0.0,0,False
2026-03-21 22:48:30+00:00,,,,,,,,0.7,0.7,,31.0,1,False
2026-03-21 22:49:00+00:00,,,,,,,,0.7,0.7,,31.0,1,False
2026-03-21 22:49:30+00:00,,,,,,,,0.71,0.71,,136.0,1,False
2026-03-21 22:50:00+00:00,,,,,,,,0.6999999999999998,0.7,,9.0,2,False
2026-03-21 22:50:30+00:00,,,,,,,,0.6999999999999998,0.7,,0.0,0,False
2026-03-21 22:51:00+00:00,,,,,,,,0.6999999999999998,0.7,,0.0,0,False
2026-03-21 22:51:30+00:00,,,,,,,,0.71,0.71,,5.0,1,False
2026-03-21 22:52:00+00:00,,,,,,,,0.71,0.71,,0.0,0,False
2026-03-21 22:52:30+00:00,,,,,,,,0.71,0.71,,0.0,0,False
2026-03-21 22:53:00+00:00,,,,,,,,0.701025641025641,0.7,,156.0,2,False
2026-03-21 22:53:30+00:00,,,,,,,,0.69,0.69,,76.0,3,False
2026-03-21 22:54:00+00:00,,,,,,,,0.69,0.69,,0.0,0,False
2026-03-21 22:54:30+00:00,,,,,,,,0.69,0.69,,0.0,0,False
2026-03-21 22:55:00+00:00,,,,,,,,0.6978571428571428,0.69,,70.0,2,False
2026-03-21 22:55:30+00:00,,,,,,,,0.6999495586380832,0.69,,793.0,4,False
2026-03-21 22:56:00+00:00,,,,,,,,0.69,0.69,,79.0,2,False
2026-03-21 22:56:30+00:00,,,,,,,,0.7,0.7,,35.0,2,False
2026-03-21 22:57:00+00:00,,,,,,,,0.7,0.7,,95.0,1,False
2026-03-21 22:57:30+00:00,,,,,,,,0.7,0.7,,4.0,1,False
2026-03-21 22:58:00+00:00,,,,,,,,0.6917808219178082,0.69,,73.0,2,False
2026-03-21 22:58:30+00:00,,,,,,,,0.6917808219178082,0.69,,0.0,0,False
2026-03-21 22:59:00+00:00,,,,,,,,0.71,0.71,,20.0,1,False
2026-03-21 22:59:30+00:00,,,,,,,,0.7151612903225806,0.72,,31.0,8,False
2026-03-21 23:00:00+00:00,,,,,,,,0.71,0.71,,94.0,2,False
2026-03-21 23:00:30+00:00,,,,,,,,0.72,0.72,,1.0,1,False
2026-03-21 23:01:00+00:00,,,,,,,,0.73,0.73,,18.0,1,False
2026-03-21 23:01:30+00:00,,,,,,,,0.71,0.71,,177.0,2,False
2026-03-21 23:02:00+00:00,,,,,,,,0.71,0.71,,0.0,0,False
2026-03-21 23:02:30+00:00,,,,,,,,0.72,0.72,,20.0,1,False
2026-03-21 23:03:00+00:00,,,,,,,,0.72,0.72,,0.0,0,False
2026-03-21 23:03:30+00:00,,,,,,,,0.7133057851239668,0.73,,121.0,2,False
2026-03-21 23:04:00+00:00,,,,,,,,0.7133057851239668,0.73,,0.0,0,False
2026-03-21 23:04:30+00:00,,,,,,,,0.7298921832884098,0.73,,2968.0,3,False
2026-03-21 23:05:00+00:00,,,,,,,,0.7144927536231883,0.71,,69.0,3,False
2026-03-21 23:05:30+00:00,,,,,,,,0.71,0.71,,8.0,3,False
2026-03-21 23:06:00+00:00,,,,,,,,0.71,0.71,,9.0,1,False
2026-03-21 23:06:30+00:00,,,,,,,,0.71,0.71,,0.0,0,False
2026-03-21 23:07:00+00:00,,,,,,,,0.7174999999999999,0.72,,12.0,3,False
2026-03-21 23:07:30+00:00,,,,,,,,0.71,0.71,,82.0,1,False
2026-03-21 23:08:00+00:00,,,,,,,,0.71,0.71,,0.0,0,False
2026-03-21 23:08:30+00:00,,,,,,,,0.7105714285714286,0.72,,35.0,2,False
2026-03-21 23:09:00+00:00,,,,,,,,0.710983606557377,0.71,,244.0,5,False
2026-03-21 23:09:30+00:00,,,,,,,,0.71,0.71,,3.0,1,False
2026-03-21 23:10:00+00:00,,,,,,,,0.71,0.71,,16.0,1,False
2026-03-21 23:10:30+00:00,,,,,,,,0.72,0.72,,250.0,2,False
2026-03-21 23:11:00+00:00,,,,,,,,0.7160593220338982,0.73,,236.0,3,False
2026-03-21 23:11:30+00:00,,,,,,,,0.7235353535353535,0.71,,99.0,2,False
2026-03-21 23:12:00+00:00,,,,,,,,0.7176923076923075,0.71,,13.0,2,False
2026-03-21 23:12:30+00:00,,,,,,,,0.71,0.71,,32.0,2,False
2026-03-21 23:13:00+00:00,,,,,,,,0.71,0.71,,0.0,0,False
2026-03-21 23:13:30+00:00,,,,,,,,0.7184615384615384,0.72,,39.0,3,False
2026-03-21 23:14:00+00:00,,,,,,,,0.7200000000000001,0.72,,15.0,2,False
2026-03-21 23:14:30+00:00,,,,,,,,0.7200000000000001,0.72,,0.0,0,False
2026-03-21 23:15:00+00:00,,,,,,,,0.7200000000000001,0.72,,0.0,0,False
2026-03-21 23:15:30+00:00,,,,,,,,0.72,0.72,,1.0,1,False
2026-03-21 23:16:00+00:00,,,,,,,,0.7157142857142857,0.72,,21.0,2,False
2026-03-21 23:16:30+00:00,,,,,,,,0.7157142857142857,0.72,,0.0,0,False
2026-03-21 23:17:00+00:00,,,,,,,,0.7200000000000001,0.72,,6.0,1,False
2026-03-21 23:17:30+00:00,,,,,,,,0.711869918699187,0.72,,123.0,3,False
2026-03-21 23:18:00+00:00,,,,,,,,0.711869918699187,0.72,,0.0,0,False
2026-03-21 23:18:30+00:00,,,,,,,,0.711869918699187,0.72,,0.0,0,False
2026-03-21 23:19:00+00:00,,,,,,,,0.711869918699187,0.72,,0.0,0,False
2026-03-21 23:19:30+00:00,,,,,,,,0.72,0.72,,2.0,1,False
2026-03-21 23:20:00+00:00,,,,,,,,0.72,0.72,,2.0,1,False
2026-03-21 23:20:30+00:00,,,,,,,,0.71,0.71,,259.0,2,False
2026-03-21 23:21:00+00:00,,,,,,,,0.71,0.71,,0.0,0,False
2026-03-21 23:21:30+00:00,,,,,,,,0.72,0.72,,270.0,2,False
2026-03-21 23:22:00+00:00,,,,,,,,0.71,0.71,,32.0,1,False
2026-03-21 23:22:30+00:00,,,,,,,,0.72,0.72,,20.0,1,False
2026-03-21 23:23:00+00:00,,,,,,,,0.7100000000000001,0.71,,13.0,1,False
2026-03-21 23:23:30+00:00,,,,,,,,0.7200000000000001,0.72,,6.0,1,False
2026-03-21 23:24:00+00:00,,,,,,,,0.711578947368421,0.72,,76.0,2,False
2026-03-21 23:24:30+00:00,,,,,,,,0.711578947368421,0.72,,0.0,0,False
2026-03-21 23:25:00+00:00,,,,,,,,0.71,0.71,,16.0,1,False
2026-03-21 23:25:30+00:00,,,,,,,,0.71,0.71,,32.0,1,False
2026-03-21 23:26:00+00:00,,,,,,,,0.71,0.71,,0.0,0,False
2026-03-21 23:26:30+00:00,,,,,,,,0.71,0.71,,0.0,0,False
2026-03-21 23:27:00+00:00,,,,,,,,0.71,0.71,,64.0,1,False
2026-03-21 23:27:30+00:00,,,,,,,,0.7198039215686275,0.72,,51.0,2,False
2026-03-21 23:28:00+00:00,,,,,,,,0.7199999999999999,0.72,,27.0,1,False
2026-03-21 23:28:30+00:00,,,,,,,,0.71,0.71,,6.0,1,False
2026-03-21 23:29:00+00:00,,,,,,,,0.7100593471810088,0.72,,337.0,3,False
2026-03-21 23:29:30+00:00,,,,,,,,0.71,0.71,,16.0,1,False
2026-03-21 23:30:00+00:00,,,,,,,,0.71,0.71,,64.0,3,False
2026-03-21 23:30:30+00:00,,,,,,,,0.7099999999999999,0.71,,349.0,2,False
2026-03-21 23:31:00+00:00,,,,,,,,0.7099999999999999,0.71,,0.0,0,False
2026-03-21 23:31:30+00:00,,,,,,,,0.7100000000000001,0.71,,1576.0,1,False
2026-03-21 23:32:00+00:00,,,,,,,,0.72,0.72,,156.0,3,False
2026-03-21 23:32:30+00:00,,,,,,,,0.7133554817275748,0.72,,301.0,3,False
2026-03-21 23:33:00+00:00,,,,,,,,0.7133554817275748,0.72,,0.0,0,False
2026-03-21 23:33:30+00:00,,,,,,,,0.7133554817275748,0.72,,0.0,0,False
2026-03-21 23:34:00+00:00,,,,,,,,0.7133554817275748,0.72,,0.0,0,False
2026-03-21 23:34:30+00:00,,,,,,,,0.72,0.72,,4.0,1,False
2026-03-21 23:35:00+00:00,,,,,,,,0.711578947368421,0.71,,38.0,2,False
2026-03-21 23:35:30+00:00,,,,,,,,0.71,0.71,,1000.0,1,False
2026-03-21 23:36:00+00:00,,,,,,,,0.71,0.71,,0.0,0,False
2026-03-21 23:36:30+00:00,,,,,,,,0.71,0.71,,0.0,0,False
2026-03-21 23:37:00+00:00,,,,,,,,0.71,0.71,,0.0,0,False
2026-03-21 23:37:30+00:00,,,,,,,,0.71,0.71,,16.0,1,False
2026-03-21 23:38:00+00:00,,,,,,,,0.71,0.71,,141.0,1,False
2026-03-21 23:38:30+00:00,,,,,,,,0.7200000000000001,0.72,,6.0,1,False
2026-03-21 23:39:00+00:00,,,,,,,,0.71,0.71,,32.0,1,False
2026-03-21 23:39:30+00:00,,,,,,,,0.7130612244897959,0.72,,98.0,3,False
2026-03-21 23:40:00+00:00,,,,,,,,0.7200000000000001,0.72,,2315.0,3,False
2026-03-21 23:40:30+00:00,,,,,,,,0.72,0.72,,20.0,1,False
2026-03-21 23:41:00+00:00,,,,,,,,0.71,0.71,,1286.0,3,False
2026-03-21 23:41:30+00:00,,,,,,,,0.7104934687953556,0.72,,689.0,4,False
2026-03-21 23:42:00+00:00,,,,,,,,0.7189115646258503,0.71,,147.0,3,False
2026-03-21 23:42:30+00:00,,,,,,,,0.72,0.72,,2.0,1,False
2026-03-21 23:43:00+00:00,,,,,,,,0.7178048780487805,0.72,,41.0,4,False
2026-03-21 23:43:30+00:00,,,,,,,,0.7178048780487805,0.72,,0.0,0,False
2026-03-21 23:44:00+00:00,,,,,,,,0.72,0.72,,136.0,1,False
2026-03-21 23:44:30+00:00,,,,,,,,0.7171428571428571,0.71,,56.0,2,False
2026-03-21 23:45:00+00:00,,,,,,,,0.72,0.72,,675.0,1,False
2026-03-21 23:45:30+00:00,,,,,,,,0.71,0.71,,17.0,1,False
2026-03-21 23:46:00+00:00,,,,,,,,0.71,0.71,,0.0,0,False
2026-03-21 23:46:30+00:00,,,,,,,,0.71,0.71,,81.0,2,False
2026-03-21 23:47:00+00:00,,,,,,,,0.71,0.71,,0.0,0,False
2026-03-21 23:47:30+00:00,,,,,,,,0.71,0.71,,0.0,0,False
2026-03-21 23:48:00+00:00,,,,,,,,0.7199999999999999,0.72,,27.0,1,False
2026-03-21 23:48:30+00:00,,,,,,,,0.7199558823529411,0.72,,2720.0,4,False
2026-03-21 23:49:00+00:00,,,,,,,,0.7194444444444444,0.72,,288.0,2,False
2026-03-21 23:49:30+00:00,,,,,,,,0.7179577464788732,0.72,,142.0,3,False
2026-03-21 23:50:00+00:00,,,,,,,,0.72,0.72,,1.0,1,False
2026-03-21 23:50:30+00:00,,,,,,,,0.7200000000000001,0.72,,3.0,1,False
2026-03-21 23:51:00+00:00,,,,,,,,0.7200000000000001,0.72,,0.0,0,False
2026-03-21 23:51:30+00:00,,,,,,,,0.71,0.71,,16.0,1,False
2026-03-21 23:52:00+00:00,,,,,,,,0.71,0.71,,91.0,4,False
2026-03-21 23:52:30+00:00,,,,,,,,0.71,0.71,,0.0,0,False
2026-03-21 23:53:00+00:00,,,,,,,,0.72,0.72,,101.0,1,False
2026-03-21 23:53:30+00:00,,,,,,,,0.72,0.72,,0.0,0,False
2026-03-21 23:54:00+00:00,,,,,,,,0.7100884955752212,0.71,,113.0,3,False
2026-03-21 23:54:30+00:00,,,,,,,,0.7100884955752212,0.71,,0.0,0,False
2026-03-21 23:55:00+00:00,,,,,,,,0.7140880503144654,0.71,,159.0,7,False
2026-03-21 23:55:30+00:00,,,,,,,,0.7140880503144654,0.71,,0.0,0,False
2026-03-21 23:56:00+00:00,,,,,,,,0.7140880503144654,0.71,,0.0,0,False
2026-03-21 23:56:30+00:00,,,,,,,,0.7162499999999999,0.71,,16.0,2,False
2026-03-21 23:57:00+00:00,,,,,,,,0.71,0.71,,6.0,1,False
2026-03-21 23:57:30+00:00,,,,,,,,0.71,0.71,,0.0,0,False
2026-03-21 23:58:00+00:00,,,,,,,,0.712183908045977,0.72,,87.0,3,False
2026-03-21 23:58:30+00:00,,,,,,,,0.71,0.71,,18.0,2,False
2026-03-21 23:59:00+00:00,,,,,,,,0.71,0.71,,96.0,2,False
2026-03-21 23:59:30+00:00,,,,,,,,0.71,0.71,,322.0,1,False
2026-03-22 00:00:00+00:00,,,,,,,,0.7162499999999999,0.71,,8.0,3,False
2026-03-22 00:00:30+00:00,,,,,,,,0.71,0.71,,969.0,1,False
2026-03-22 00:01:00+00:00,,,,,,,,0.7103015075376883,0.72,,199.0,3,False
2026-03-22 00:01:30+00:00,,,,,,,,0.7199999999999999,0.72,,54.0,1,False
2026-03-22 00:02:00+00:00,,,,,,,,0.7152941176470589,0.72,,34.0,2,False
2026-03-22 00:02:30+00:00,,,,,,,,0.71,0.71,,16.0,1,False
2026-03-22 00:03:00+00:00,,,,,,,,0.71,0.71,,31.0,1,False
2026-03-22 00:03:30+00:00,,,,,,,,0.7197841726618704,0.71,,139.0,2,False
2026-03-22 00:04:00+00:00,,,,,,,,0.72,0.72,,11.0,1,False
2026-03-22 00:04:30+00:00,,,,,,,,0.719985020970641,0.71,,10014.0,2,False
2026-03-22 00:05:00+00:00,,,,,,,,0.71,0.71,,3.0,1,False
2026-03-22 00:05:30+00:00,,,,,,,,0.7,0.7,,31.0,1,False
2026-03-22 00:06:00+00:00,,,,,,,,0.7025714285714285,0.71,,420.0,4,False
2026-03-22 00:06:30+00:00,,,,,,,,0.7025714285714285,0.71,,0.0,0,False
2026-03-22 00:07:00+00:00,,,,,,,,0.7099999999999999,0.71,,353.0,2,False
2026-03-22 00:07:30+00:00,,,,,,,,0.7100000000000001,0.71,,488.0,3,False
2026-03-22 00:08:00+00:00,,,,,,,,0.7100000000000001,0.71,,0.0,0,False
2026-03-22 00:08:30+00:00,,,,,,,,0.71,0.71,,73.0,2,False
2026-03-22 00:09:00+00:00,,,,,,,,0.7,0.7,,85.0,1,False
2026-03-22 00:09:30+00:00,,,,,,,,0.7,0.7,,0.0,0,False
2026-03-22 00:10:00+00:00,,,,,,,,0.71,0.71,,31.0,2,False
2026-03-22 00:10:30+00:00,,,,,,,,0.7017333333333333,0.7,,75.0,2,False
2026-03-22 00:11:00+00:00,,,,,,,,0.7020300751879699,0.71,,133.0,2,False
2026-03-22 00:11:30+00:00,,,,,,,,0.7020300751879699,0.71,,0.0,0,False
2026-03-22 00:12:00+00:00,,,,,,,,0.7068965517241378,0.7,,29.0,4,False
2026-03-22 00:12:30+00:00,,,,,,,,0.7001612903225806,0.7,,62.0,4,False
2026-03-22 00:13:00+00:00,,,,,,,,0.7032608695652173,0.71,,46.0,2,False
2026-03-22 00:13:30+00:00,,,,,,,,0.7074285714285714,0.7,,35.0,4,False
2026-03-22 00:14:00+00:00,,,,,,,,0.7014285714285714,0.71,,98.0,3,False
2026-03-22 00:14:30+00:00,,,,,,,,0.704186046511628,0.71,,43.0,3,False
2026-03-22 00:15:00+00:00,,,,,,,,0.704186046511628,0.71,,0.0,0,False
2026-03-22 00:15:30+00:00,,,,,,,,0.704186046511628,0.71,,0.0,0,False
2026-03-22 00:16:00+00:00,,,,,,,,0.7014346895074947,0.71,,467.0,2,False
2026-03-22 00:16:30+00:00,,,,,,,,0.7014346895074947,0.71,,0.0,0,False
2026-03-22 00:17:00+00:00,,,,,,,,0.7049999999999998,0.71,,62.0,3,False
2026-03-22 00:17:30+00:00,,,,,,,,0.7079738562091503,0.71,,459.0,4,False
2026-03-22 00:18:00+00:00,,,,,,,,0.71,0.71,,3.0,1,False
2026-03-22 00:18:30+00:00,,,,,,,,0.7078571428571429,0.7,,28.0,3,False
2026-03-22 00:19:00+00:00,,,,,,,,0.7003125,0.71,,32.0,2,False
2026-03-22 00:19:30+00:00,,,,,,,,0.70003003003003,0.7,,333.0,3,False
2026-03-22 00:20:00+00:00,,,,,,,,0.7,0.7,,13.0,3,False
2026-03-22 00:20:30+00:00,,,,,,,,0.709775175644028,0.71,,2135.0,4,False
2026-03-22 00:21:00+00:00,,,,,,,,0.71,0.71,,20.0,1,False
2026-03-22 00:21:30+00:00,,,,,,,,0.7100000000000001,0.71,,26.0,1,False
2026-03-22 00:22:00+00:00,,,,,,,,0.71,0.71,,36.0,2,False
2026-03-22 00:22:30+00:00,,,,,,,,0.7079775280898876,0.71,,89.0,5,False
2026-03-22 00:23:00+00:00,,,,,,,,0.7,0.7,,34.0,2,False
2026-03-22 00:23:30+00:00,,,,,,,,0.7071794871794871,0.71,,78.0,3,False
2026-03-22 00:24:00+00:00,,,,,,,,0.71,0.71,,716.0,2,False
2026-03-22 00:24:30+00:00,,,,,,,,0.7004870624048706,0.71,,657.0,3,False
2026-03-22 00:25:00+00:00,,,,,,,,0.7,0.7,,19.0,1,False
2026-03-22 00:25:30+00:00,,,,,,,,0.7,0.7,,47.0,1,False
2026-03-22 00:26:00+00:00,,,,,,,,0.7049685534591195,0.7,,159.0,7,False
2026-03-22 00:26:30+00:00,,,,,,,,0.7103663003663003,0.72,,819.0,8,False
2026-03-22 00:27:00+00:00,,,,,,,,0.702240663900415,0.71,,241.0,5,False
2026-03-22 00:27:30+00:00,,,,,,,,0.6999999999999998,0.7,,6.0,1,False
2026-03-22 00:28:00+00:00,,,,,,,,0.6999999999999998,0.7,,0.0,0,False
2026-03-22 00:28:30+00:00,,,,,,,,0.7000000000000001,0.7,,292.0,3,False
2026-03-22 00:29:00+00:00,,,,,,,,0.72,0.72,,133.0,1,False
2026-03-22 00:29:30+00:00,,,,,,,,0.7,0.7,,529.0,2,False
2026-03-22 00:30:00+00:00,,,,,,,,0.7064957264957265,0.72,,234.0,4,False
2026-03-22 00:30:30+00:00,,,,,,,,0.6999999999999998,0.7,,212.0,1,False
2026-03-22 00:31:00+00:00,,,,,,,,0.7,0.7,,1562.0,1,False
2026-03-22 00:31:30+00:00,,,,,,,,0.7177777777777778,0.7,,135.0,3,False
2026-03-22 00:32:00+00:00,,,,,,,,0.7162064825930372,0.72,,833.0,2,False
2026-03-22 00:32:30+00:00,,,,,,,,0.7151897256275541,0.72,,1713.0,5,False
2026-03-22 00:33:00+00:00,,,,,,,,0.7181818181818181,0.72,,110.0,2,False
2026-03-22 00:33:30+00:00,,,,,,,,0.7161958041958041,0.7,,715.0,6,False
2026-03-22 00:34:00+00:00,,,,,,,,0.719268817204301,0.72,,465.0,4,False
2026-03-22 00:34:30+00:00,,,,,,,,0.7161290322580645,0.72,,31.0,3,False
2026-03-22 00:35:00+00:00,,,,,,,,0.7101249999999999,0.7,,1600.0,4,False
2026-03-22 00:35:30+00:00,,,,,,,,0.72,0.72,,1063.0,2,False
2026-03-22 00:36:00+00:00,,,,,,,,0.7000775694893342,0.7,,1547.0,6,False
2026-03-22 00:36:30+00:00,,,,,,,,0.7163595505617978,0.72,,445.0,7,False
2026-03-22 00:37:00+00:00,,,,,,,,0.7099999999999999,0.71,,30.0,1,False
2026-03-22 00:37:30+00:00,,,,,,,,0.7200000000000001,0.72,,158.0,3,False
2026-03-22 00:38:00+00:00,,,,,,,,0.7193338457596721,0.7,,3903.0,9,False
2026-03-22 00:38:30+00:00,,,,,,,,0.7045360824742268,0.71,,97.0,4,False
2026-03-22 00:39:00+00:00,,,,,,,,0.7196551724137931,0.71,,29.0,3,False
2026-03-22 00:39:30+00:00,,,,,,,,0.7288701684836473,0.73,,1009.0,3,False
2026-03-22 00:40:00+00:00,,,,,,,,0.7100964467005075,0.72,,3940.0,4,False
2026-03-22 00:40:30+00:00,,,,,,,,0.7194257178526842,0.72,,1602.0,10,False
2026-03-22 00:41:00+00:00,0.0,1.0,12:00,0.0,0.0,0.0,0.64,0.7078388998035363,0.71,0.0678388998035363,509.0,7,False
2026-03-22 00:41:30+00:00,30.0,1.0,11:30,0.0,0.0,0.0,0.657,0.7275229357798165,0.74,0.0705229357798165,545.0,9,False
2026-03-22 00:42:00+00:00,63.0,1.0,10:57,2.0,2.0,0.0,0.657,0.7191297468354431,0.72,0.062129746835443034,2528.0,11,False
2026-03-22 00:42:30+00:00,85.0,1.0,10:35,2.0,2.0,0.0,0.637,0.7478140703517588,0.74,0.11081407035175883,1990.0,10,False
2026-03-22 00:43:00+00:00,112.0,1.0,10:08,2.0,2.0,0.0,0.6910000000000001,0.73,0.73,0.038999999999999924,2.0,2,False
2026-03-22 00:43:30+00:00,112.0,1.0,10:08,3.0,2.0,1.0,0.6970000000000001,0.7417195767195768,0.75,0.044719576719576715,378.0,5,False
2026-03-22 00:44:00+00:00,112.0,1.0,10:08,4.0,2.0,2.0,0.6799999999999999,0.7369825918762088,0.72,0.05698259187620891,517.0,9,False
2026-03-22 00:44:30+00:00,147.0,1.0,9:33,4.0,4.0,0.0,0.655,0.7276694915254238,0.73,0.07266949152542379,2124.0,11,False
2026-03-22 00:45:00+00:00,189.0,1.0,8:51,6.0,6.0,0.0,0.632,0.7032862903225806,0.69,0.0712862903225806,496.0,7,False
2026-03-22 00:45:30+00:00,205.0,1.0,8:35,6.0,8.0,-2.0,0.607,0.694881154499151,0.69,0.08788115449915102,1178.0,21,False
2026-03-22 00:46:00+00:00,238.0,1.0,8:02,8.0,10.0,-2.0,0.562,0.6834712643678161,0.7,0.12147126436781608,3480.0,26,False
2026-03-22 00:46:30+00:00,238.0,1.0,8:02,8.0,11.0,-3.0,0.5800000000000001,0.6814693381906496,0.6799999999999999,0.10146933819064952,1647.0,33,False
2026-03-22 00:47:00+00:00,268.0,1.0,7:32,11.0,13.0,-2.0,0.5609999999999999,0.696657894736842,0.69,0.1356578947368421,380.0,11,False
2026-03-22 00:47:30+00:00,282.0,1.0,7:18,13.0,14.0,-1.0,0.606,0.690164124909223,0.69,0.08416412490922298,6885.0,6,False
2026-03-22 00:48:00+00:00,304.0,1.0,6:56,13.0,17.0,-4.0,0.552,0.661915422885572,0.66,0.10991542288557199,1608.0,15,False
2026-03-22 00:48:30+00:00,339.0,1.0,6:21,13.0,17.0,-4.0,0.5509999999999999,0.6557774968394436,0.6599999999999999,0.1047774968394437,791.0,20,True
2026-03-22 00:49:00+00:00,367.0,1.0,5:53,13.0,17.0,-4.0,0.589,0.6685447263017357,0.6599999999999999,0.0795447263017357,749.0,11,True
2026-03-22 00:49:30+00:00,367.0,1.0,5:53,13.0,17.0,-4.0,0.589,0.6722735674676523,0.68,0.08327356746765235,541.0,9,True
2026-03-22 00:50:00+00:00,367.0,1.0,5:53,13.0,17.0,-4.0,0.589,0.6636042402826855,0.6599999999999999,0.07460424028268553,849.0,10,True
2026-03-22 00:50:30+00:00,367.0,1.0,5:53,13.0,17.0,-4.0,0.589,0.6790783410138249,0.68,0.09007834101382495,217.0,3,False
2026-03-22 00:51:00+00:00,367.0,1.0,5:53,13.0,17.0,-4.0,0.589,0.6654076086956522,0.68,0.07640760869565222,368.0,13,False
2026-03-22 00:51:30+00:00,367.0,1.0,5:53,13.0,17.0,-4.0,0.589,0.6786842105263158,0.6599999999999999,0.08968421052631581,228.0,5,False
2026-03-22 00:52:00+00:00,367.0,1.0,5:53,13.0,17.0,-4.0,0.589,0.6603914795624639,0.66,0.07139147956246394,1737.0,11,False
2026-03-22 00:52:30+00:00,367.0,1.0,5:53,13.0,17.0,-4.0,0.5489999999999999,0.6589882854100106,0.65,0.10998828541001071,939.0,15,False
2026-03-22 00:53:00+00:00,385.0,1.0,5:35,14.0,20.0,-6.0,0.493,0.6404373368146214,0.65,0.14743733681462146,4596.0,10,False
2026-03-22 00:53:30+00:00,408.0,1.0,5:12,16.0,20.0,-4.0,0.518,0.6390619621342513,0.64,0.12106196213425124,2324.0,18,False
2026-03-22 00:54:00+00:00,440.0,1.0,4:40,19.0,22.0,-3.0,0.546,0.6472581344902387,0.63,0.10125813449023868,2305.0,18,False
2026-03-22 00:54:30+00:00,480.0,1.0,4:00,21.0,25.0,-4.0,0.544,0.6310365853658537,0.63,0.08703658536585368,492.0,14,False
2026-03-22 00:55:00+00:00,492.0,1.0,3:48,21.0,27.0,-6.0,0.43700000000000006,0.6122679846238331,0.61,0.17526798462383308,1821.0,25,False
2026-03-22 00:55:30+00:00,492.0,1.0,3:48,21.0,27.0,-6.0,0.487,0.6216321243523316,0.63,0.13463212435233163,2316.0,22,False
2026-03-22 00:56:00+00:00,529.0,1.0,3:11,23.0,30.0,-7.0,0.45699999999999996,0.6208611111111111,0.63,0.16386111111111112,1440.0,16,True
2026-03-22 00:56:30+00:00,548.0,1.0,2:52,26.0,30.0,-4.0,0.511,0.6196616871704744,0.6,0.10866168717047442,4552.0,16,True
2026-03-22 00:57:00+00:00,574.0,1.0,2:26,26.0,30.0,-4.0,0.469,0.6056374501992032,0.62,0.13663745019920326,502.0,11,True
2026-03-22 00:57:30+00:00,574.0,1.0,2:26,26.0,30.0,-4.0,0.469,0.6196046128500823,0.62,0.1506046128500823,607.0,9,True
2026-03-22 00:58:00+00:00,574.0,1.0,2:26,26.0,30.0,-4.0,0.469,0.6189648437499999,0.61,0.14996484374999997,2560.0,10,False
2026-03-22 00:58:30+00:00,574.0,1.0,2:26,26.0,30.0,-4.0,0.469,0.612,0.61,0.14300000000000002,325.0,11,False
2026-03-22 00:59:00+00:00,574.0,1.0,2:26,26.0,30.0,-4.0,0.469,0.6101355013550135,0.61,0.14113550135501352,369.0,8,False
2026-03-22 00:59:30+00:00,574.0,1.0,2:26,26.0,30.0,-4.0,0.469,0.6087264150943397,0.62,0.1397264150943397,212.0,6,False
2026-03-22 01:00:00+00:00,574.0,1.0,2:26,26.0,30.0,-4.0,0.511,0.6203692307692308,0.62,0.10936923076923077,650.0,4,False
2026-03-22 01:00:30+00:00,574.0,1.0,2:26,26.0,31.0,-5.0,0.514,0.6114980544747081,0.62,0.09749805447470805,2056.0,6,False
2026-03-22 01:01:00+00:00,592.0,1.0,2:08,26.0,31.0,-5.0,0.482,0.6096189327277887,0.61,0.12761893272778868,14092.0,25,False
2026-03-22 01:01:30+00:00,633.0,1.0,1:27,28.0,34.0,-6.0,0.45099999999999996,0.6131829896907216,0.5700000000000001,0.16218298969072165,776.0,11,False
2026-03-22 01:02:00+00:00,653.0,1.0,1:07,28.0,34.0,-6.0,0.401,0.6020359281437125,0.5800000000000001,0.20103592814371252,1670.0,9,False
2026-03-22 01:02:30+00:00,653.0,1.0,1:07,28.0,35.0,-7.0,0.394,0.5817975567190226,0.58,0.18779755671902254,2292.0,21,False
2026-03-22 01:03:00+00:00,663.3,1.0,56.7,30.0,36.0,-6.0,0.44799999999999995,0.5997876447876448,0.55,0.15178764478764484,1036.0,16,False
2026-03-22 01:03:30+00:00,681.2,1.0,38.8,30.0,39.0,-9.0,0.43400000000000005,0.5718649045521292,0.5700000000000001,0.13786490455212919,681.0,14,False
2026-03-22 01:04:00+00:00,681.2,1.0,38.8,31.0,39.0,-8.0,0.43999999999999995,0.5754522035145828,0.57,0.13545220351458287,10869.0,25,False
2026-03-22 01:04:30+00:00,686.3,1.0,33.7,32.0,42.0,-10.0,0.361,0.5452618025751073,0.54,0.18426180257510727,2330.0,21,False
2026-03-22 01:05:00+00:00,719.7,1.0,0.3,32.0,42.0,-10.0,0.362,0.521231422505308,0.52,0.15923142250530797,1413.0,20,False
2026-03-22 01:05:30+00:00,720.0,1.0,0.0,32.0,42.0,-10.0,0.347,0.5247976878612717,0.54,0.1777976878612717,1557.0,14,False
2026-03-22 01:06:00+00:00,720.0,1.0,0.0,32.0,42.0,-10.0,0.347,0.521637347767253,0.52,0.17463734776725304,2956.0,14,False
2026-03-22 01:06:30+00:00,720.0,1.0,0.0,32.0,42.0,-10.0,0.347,0.5355498007968128,0.52,0.18854980079681283,2510.0,19,False
2026-03-22 01:07:00+00:00,720.0,2.0,12:00,32.0,42.0,-10.0,0.347,0.5241679312089024,0.52,0.1771679312089024,1977.0,10,False
2026-03-22 01:07:30+00:00,720.0,2.0,12:00,32.0,42.0,-10.0,0.347,0.5376275738585498,0.55,0.19062757385854978,5585.0,26,False
2026-03-22 01:08:00+00:00,734.0,2.0,11:46,35.0,42.0,-7.0,0.41200000000000003,0.607847976307996,0.63,0.195847976307996,1013.0,17,False
2026-03-22 01:08:30+00:00,760.0,2.0,11:20,38.0,42.0,-4.0,0.496,0.6434959349593495,0.65,0.14749593495934954,2706.0,20,False
2026-03-22 01:09:00+00:00,797.0,2.0,10:43,40.0,42.0,-2.0,0.511,0.6543601798855276,0.66,0.14336017988552763,4892.0,29,False
2026-03-22 01:09:30+00:00,800.0,2.0,10:40,40.0,43.0,-3.0,0.556,0.6604041641151256,0.6699999999999999,0.10440416411512554,1633.0,19,False
2026-03-22 01:10:00+00:00,806.0,2.0,10:34,40.0,43.0,-3.0,0.556,0.6608088235294118,0.66,0.10480882352941179,408.0,16,False
2026-03-22 01:10:30+00:00,816.0,2.0,10:24,40.0,43.0,-3.0,0.525,0.6588495339547271,0.65,0.1338495339547271,3755.0,18,False
2026-03-22 01:11:00+00:00,834.0,2.0,10:06,40.0,43.0,-3.0,0.524,0.6574944567627494,0.6599999999999999,0.1334944567627494,451.0,8,False
2026-03-22 01:11:30+00:00,853.0,2.0,9:47,42.0,43.0,-1.0,0.583,0.6785123966942149,0.6799999999999999,0.09551239669421496,968.0,14,False
2026-03-22 01:12:00+00:00,866.0,2.0,9:34,42.0,43.0,-1.0,0.5389999999999999,0.6583074753173483,0.66,0.11930747531734842,4963.0,14,False
2026-03-22 01:12:30+00:00,866.0,2.0,9:34,42.0,45.0,-3.0,0.554,0.6548559670781893,0.6599999999999999,0.10085596707818922,486.0,9,False
2026-03-22 01:13:00+00:00,902.0,2.0,8:58,42.0,45.0,-3.0,0.522,0.6490454750112563,0.6,0.1270454750112563,2221.0,14,False
2026-03-22 01:13:30+00:00,932.0,2.0,8:28,42.0,48.0,-6.0,0.383,0.5459374211455968,0.54,0.16293742114559684,3963.0,20,False
2026-03-22 01:14:00+00:00,932.0,2.0,8:28,42.0,48.0,-6.0,0.383,0.54590625,0.54,0.16290625000000003,1280.0,21,False
2026-03-22 01:14:30+00:00,932.0,2.0,8:28,42.0,50.0,-8.0,0.397,0.5488702049395691,0.53,0.15187020493956904,1903.0,30,False
2026-03-22 01:15:00+00:00,958.0,2.0,8:02,42.0,52.0,-10.0,0.33399999999999996,0.5232281481481482,0.51,0.18922814814814826,6750.0,46,False
2026-03-22 01:15:30+00:00,964.0,2.0,7:56,42.0,52.0,-10.0,0.33499999999999996,0.5011795316565482,0.5,0.1661795316565482,3459.0,43,True
2026-03-22 01:16:00+00:00,975.0,2.0,7:45,42.0,52.0,-10.0,0.30200000000000005,0.4768554861730596,0.46,0.17485548617305957,2242.0,27,True
2026-03-22 01:16:30+00:00,995.0,2.0,7:25,42.0,54.0,-12.0,0.274,0.4536109260493005,0.45,0.17961092604930046,1501.0,33,True
2026-03-22 01:17:00+00:00,995.0,2.0,7:25,42.0,54.0,-12.0,0.274,0.4518781603660004,0.47,0.1778781603660004,4153.0,24,True
2026-03-22 01:17:30+00:00,995.0,2.0,7:25,42.0,54.0,-12.0,0.274,0.45097886029411755,0.44999999999999996,0.17697886029411752,6528.0,24,False
2026-03-22 01:18:00+00:00,995.0,2.0,7:25,42.0,54.0,-12.0,0.274,0.4572351256761057,0.46,0.18323512567610567,3143.0,21,False
2026-03-22 01:18:30+00:00,995.0,2.0,7:25,42.0,54.0,-12.0,0.274,0.45337628865979385,0.46,0.17937628865979383,3880.0,16,False
2026-03-22 01:19:00+00:00,995.0,2.0,7:25,42.0,54.0,-12.0,0.274,0.45929174788823923,0.46,0.1852917478882392,6156.0,28,False
2026-03-22 01:19:30+00:00,995.0,2.0,7:25,42.0,54.0,-12.0,0.274,0.46474230626622165,0.49,0.19074230626622163,2697.0,24,False
2026-03-22 01:20:00+00:00,1012.0,2.0,7:08,45.0,54.0,-9.0,0.32599999999999996,0.5182050838665053,0.55,0.19220508386650537,5783.0,43,False
2026-03-22 01:20:30+00:00,1045.0,2.0,6:35,48.0,54.0,-6.0,0.41900000000000004,0.539914093625498,0.53,0.12091409362549799,8032.0,39,False
2026-03-22 01:21:00+00:00,1057.0,2.0,6:23,48.0,56.0,-8.0,0.385,0.5354589567327134,0.51,0.15045895673271337,2473.0,24,False
2026-03-22 01:21:30+00:00,1105.0,2.0,5:35,50.0,59.0,-9.0,0.348,0.5197508963955465,0.52,0.17175089639554653,10598.0,22,False
2026-03-22 01:22:00+00:00,1105.0,2.0,5:35,50.0,59.0,-9.0,0.395,0.5057357859531773,0.51,0.11073578595317723,1794.0,17,False
2026-03-22 01:22:30+00:00,1105.0,2.0,5:35,51.0,59.0,-8.0,0.346,0.5148717948717948,0.51,0.16887179487179482,1794.0,24,False
2026-03-22 01:23:00+00:00,1133.0,2.0,5:07,51.0,59.0,-8.0,0.376,0.5512947067238911,0.58,0.17529470672389114,4194.0,25,False
2026-03-22 01:23:30+00:00,1150.0,2.0,4:50,53.0,59.0,-6.0,0.44099999999999995,0.5870188566297516,0.55,0.14601885662975167,3341.0,19,False
2026-03-22 01:24:00+00:00,1184.0,2.0,4:16,53.0,62.0,-9.0,0.33899999999999997,0.5197479747974798,0.52,0.18074797479747984,1111.0,18,False
2026-03-22 01:24:30+00:00,1209.0,2.0,3:51,55.0,64.0,-9.0,0.33699999999999997,0.5036777892106423,0.52,0.16667778921064236,6803.0,40,False
2026-03-22 01:25:00+00:00,1234.0,2.0,3:26,57.0,64.0,-7.0,0.42500000000000004,0.5376910911966263,0.54,0.11269109119662624,3794.0,30,False
2026-03-22 01:25:30+00:00,1234.0,2.0,3:26,58.0,64.0,-6.0,0.399,0.5168433852140079,0.49,0.11784338521400783,2056.0,22,True
2026-03-22 01:26:00+00:00,1263.0,2.0,2:57,58.0,66.0,-8.0,0.32899999999999996,0.4695089581950895,0.45999999999999996,0.14050895819508952,3014.0,27,True
2026-03-22 01:26:30+00:00,1275.0,2.0,2:45,58.0,68.0,-10.0,0.29900000000000004,0.46518351383874834,0.47,0.1661835138387483,3324.0,23,True
2026-03-22 01:27:00+00:00,1275.0,2.0,2:45,58.0,68.0,-10.0,0.29900000000000004,0.46920648109680096,0.45999999999999996,0.17020648109680092,2407.0,30,True
2026-03-22 01:27:30+00:00,1275.0,2.0,2:45,58.0,68.0,-10.0,0.29900000000000004,0.46976115107913663,0.45999999999999996,0.17076115107913659,3475.0,29,False
2026-03-22 01:28:00+00:00,1275.0,2.0,2:45,58.0,68.0,-10.0,0.29900000000000004,0.47155256723716377,0.48,0.17255256723716372,4090.0,30,False
2026-03-22 01:28:30+00:00,1275.0,2.0,2:45,58.0,68.0,-10.0,0.29900000000000004,0.47889532777978994,0.47,0.1798953277797899,11044.0,29,False
2026-03-22 01:29:00+00:00,1275.0,2.0,2:45,58.0,68.0,-10.0,0.29900000000000004,0.47664181244622883,0.48,0.1776418124462288,6974.0,33,False
2026-03-22 01:29:30+00:00,1291.0,2.0,2:29,61.0,68.0,-7.0,0.357,0.5041377280753384,0.53,0.14713772807533843,5097.0,34,False
2026-03-22 01:30:00+00:00,1312.0,2.0,2:08,61.0,68.0,-7.0,0.391,0.5035437024972856,0.49,0.11254370249728562,7368.0,39,False
2026-03-22 01:30:30+00:00,1328.0,2.0,1:52,61.0,68.0,-7.0,0.30900000000000005,0.5085581874356334,0.5,0.19955818743563336,2913.0,35,False
2026-03-22 01:31:00+00:00,1353.0,2.0,1:27,61.0,68.0,-7.0,0.35,0.49250542560887384,0.48,0.14250542560887386,4147.0,32,False
2026-03-22 01:31:30+00:00,1378.0,2.0,1:02,61.0,70.0,-9.0,0.31599999999999995,0.470575733118106,0.4,0.15457573311810607,7434.0,45,False
2026-03-22 01:32:00+00:00,1400.5,2.0,39.5,61.0,72.0,-11.0,0.22199999999999998,0.3825135336942319,0.38,0.16051353369423194,10714.0,58,False
2026-03-22 01:32:30+00:00,1410.7,2.0,29.3,61.0,72.0,-11.0,0.246,0.383720798182998,0.42,0.13772079818299798,12328.0,61,False
2026-03-22 01:33:00+00:00,1418.6,2.0,21.4,61.0,72.0,-11.0,0.29600000000000004,0.42450724293516984,0.42000000000000004,0.1285072429351698,4211.0,38,False
2026-03-22 01:33:30+00:00,1418.6,2.0,21.4,62.0,72.0,-10.0,0.30300000000000005,0.43574964639321073,0.44,0.13274964639321069,2828.0,36,False
2026-03-22 01:34:00+00:00,1440.0,2.0,0.0,63.0,72.0,-9.0,0.29700000000000004,0.43483793517406966,0.43000000000000005,0.13783793517406961,2499.0,26,False
2026-03-22 01:34:30+00:00,1440.0,2.0,0.0,63.0,72.0,-9.0,0.29700000000000004,0.43300884955752206,0.43000000000000005,0.13600884955752202,3616.0,24,False
2026-03-22 01:35:00+00:00,1440.0,2.0,0.0,63.0,72.0,-9.0,0.29700000000000004,0.4387936507936509,0.44,0.14179365079365086,945.0,13,False
2026-03-22 01:35:30+00:00,1440.0,2.0,0.0,63.0,72.0,-9.0,0.29700000000000004,0.43316932270916336,0.44,0.13616932270916332,5020.0,17,False
2026-03-22 01:36:00+00:00,1440.0,2.0,0.0,63.0,72.0,-9.0,0.29700000000000004,0.4387284005316792,0.43000000000000005,0.14172840053167918,2257.0,24,False
2026-03-22 01:36:30+00:00,1440.0,2.0,0.0,63.0,72.0,-9.0,0.29700000000000004,0.43765031353744005,0.43000000000000005,0.14065031353744,2711.0,20,False
2026-03-22 01:37:00+00:00,1440.0,2.0,0.0,63.0,72.0,-9.0,0.29700000000000004,0.43527729636048534,0.44,0.1382772963604853,1154.0,18,False
2026-03-22 01:37:30+00:00,1440.0,2.0,0.0,63.0,72.0,-9.0,0.29700000000000004,0.4393624161073825,0.43000000000000005,0.14236241610738248,894.0,16,False
2026-03-22 01:38:00+00:00,1440.0,2.0,0.0,63.0,72.0,-9.0,0.29700000000000004,0.4367200610221206,0.43999999999999995,0.13972006102212053,1311.0,20,False
2026-03-22 01:38:30+00:00,1440.0,2.0,0.0,63.0,72.0,-9.0,0.29700000000000004,0.44548842801322514,0.45,0.1484884280132251,3327.0,20,False
2026-03-22 01:39:00+00:00,1440.0,2.0,0.0,63.0,72.0,-9.0,0.29700000000000004,0.44952900631820786,0.45,0.15252900631820782,8705.0,15,False
2026-03-22 01:39:30+00:00,1440.0,2.0,0.0,63.0,72.0,-9.0,0.29700000000000004,0.4458372502937721,0.43999999999999995,0.14883725029377204,3404.0,10,False
2026-03-22 01:40:00+00:00,1440.0,2.0,0.0,63.0,72.0,-9.0,0.29700000000000004,0.4422110091743119,0.45,0.14521100917431184,5450.0,21,False
2026-03-22 01:40:30+00:00,1440.0,2.0,0.0,63.0,72.0,-9.0,0.29700000000000004,0.44479497354497355,0.43999999999999995,0.1477949735449735,1512.0,20,False
2026-03-22 01:41:00+00:00,1440.0,2.0,0.0,63.0,72.0,-9.0,0.29700000000000004,0.4484886484714367,0.43999999999999995,0.15148864847143667,12201.0,35,False
2026-03-22 01:41:30+00:00,1440.0,2.0,0.0,63.0,72.0,-9.0,0.29700000000000004,0.4469340425531915,0.45,0.14993404255319148,4700.0,32,False
2026-03-22 01:42:00+00:00,1440.0,2.0,0.0,63.0,72.0,-9.0,0.29700000000000004,0.445026790750141,0.45,0.14802679075014097,7092.0,50,False
2026-03-22 01:42:30+00:00,1440.0,2.0,0.0,63.0,72.0,-9.0,0.29700000000000004,0.4486525208560029,0.45,0.15165252085600284,11028.0,45,False
2026-03-22 01:43:00+00:00,1440.0,2.0,0.0,63.0,72.0,-9.0,0.29700000000000004,0.44920045615813486,0.45,0.15220045615813482,15784.0,42,False
2026-03-22 01:43:30+00:00,1440.0,2.0,0.0,63.0,72.0,-9.0,0.29700000000000004,0.44298108377186746,0.45,0.14598108377186741,7031.0,43,False
2026-03-22 01:44:00+00:00,1440.0,2.0,0.0,63.0,72.0,-9.0,0.29700000000000004,0.4472820204449789,0.45,0.15028202044497885,4989.0,47,False
2026-03-22 01:44:30+00:00,1440.0,2.0,0.0,63.0,72.0,-9.0,0.29700000000000004,0.44432033719704955,0.45,0.1473203371970495,20878.0,58,False
2026-03-22 01:45:00+00:00,1440.0,2.0,0.0,63.0,72.0,-9.0,0.29700000000000004,0.4468513302034429,0.45,0.14985133020344288,6390.0,38,False
2026-03-22 01:45:30+00:00,1440.0,2.0,0.0,63.0,72.0,-9.0,0.29700000000000004,0.4491805006587615,0.43999999999999995,0.15218050065876143,7590.0,47,False
2026-03-22 01:46:00+00:00,1440.0,2.0,0.0,63.0,72.0,-9.0,0.29700000000000004,0.4457173070144519,0.43999999999999995,0.14871730701445185,2837.0,35,False
2026-03-22 01:46:30+00:00,1440.0,2.0,0.0,63.0,72.0,-9.0,0.29700000000000004,0.45460224678052796,0.46,0.15760224678052792,10949.0,40,False
2026-03-22 01:47:00+00:00,1440.0,2.0,0.0,63.0,72.0,-9.0,0.29700000000000004,0.45758625392063285,0.46,0.1605862539206328,7333.0,38,False
2026-03-22 01:47:30+00:00,1440.0,2.0,0.0,63.0,72.0,-9.0,0.29700000000000004,0.45551133734382226,0.43999999999999995,0.15851133734382222,4322.0,38,False
2026-03-22 01:48:00+00:00,1440.0,2.0,0.0,63.0,72.0,-9.0,0.29700000000000004,0.45843468156919154,0.45999999999999996,0.1614346815691915,18073.0,43,False
2026-03-22 01:48:30+00:00,1440.0,2.0,0.0,63.0,72.0,-9.0,0.29700000000000004,0.4562736640306734,0.46,0.15927366403067333,4173.0,28,False
2026-03-22 01:49:00+00:00,1440.0,3.0,12:00,63.0,72.0,-9.0,0.29700000000000004,0.45641284555537165,0.46,0.1594128455553716,6041.0,35,False
2026-03-22 01:49:30+00:00,1440.0,3.0,12:00,63.0,72.0,-9.0,0.29700000000000004,0.45018378650553875,0.44,0.1531837865055387,19860.0,56,False
2026-03-22 01:50:00+00:00,1450.0,3.0,11:50,63.0,72.0,-9.0,0.274,0.46505517704634874,0.5,0.19105517704634872,41684.0,116,False
2026-03-22 01:50:30+00:00,1482.0,3.0,11:18,66.0,72.0,-6.0,0.367,0.5175247040407006,0.51,0.15052470404070062,20442.0,99,False
2026-03-22 01:51:00+00:00,1510.0,3.0,10:50,66.0,72.0,-6.0,0.363,0.5067521180050997,0.51,0.14375211800509968,36473.0,98,False
2026-03-22 01:51:30+00:00,1518.0,3.0,10:42,66.0,72.0,-6.0,0.31399999999999995,0.5069514424223158,0.51,0.19295144242231588,12583.0,72,False
2026-03-22 01:52:00+00:00,1518.0,3.0,10:42,66.0,73.0,-7.0,0.366,0.5265969149826618,0.55,0.16059691498266182,8363.0,97,False
2026-03-22 01:52:30+00:00,1550.0,3.0,10:10,68.0,73.0,-5.0,0.43799999999999994,0.6026461688101157,0.62,0.16464616881011573,18506.0,125,False
2026-03-22 01:53:00+00:00,1568.0,3.0,9:52,71.0,73.0,-2.0,0.51,0.6105851755526658,0.64,0.10058517555266577,33067.0,148,True
2026-03-22 01:53:30+00:00,1607.0,3.0,9:13,74.0,75.0,-1.0,0.5449999999999999,0.6621831844029245,0.69,0.11718318440292452,24620.0,117,True
2026-03-22 01:54:00+00:00,1625.0,3.0,8:55,76.0,75.0,1.0,0.618,0.6958484400529058,0.69,0.07784844005290581,25706.0,131,True
2026-03-22 01:54:30+00:00,1625.0,3.0,8:55,76.0,75.0,1.0,0.618,0.6988624709960181,0.7,0.08086247099601807,34909.0,86,True
2026-03-22 01:55:00+00:00,1625.0,3.0,8:55,76.0,75.0,1.0,0.618,0.697825552233047,0.69,0.07982555223304699,41468.0,84,False
2026-03-22 01:55:30+00:00,1625.0,3.0,8:55,76.0,75.0,1.0,0.618,0.6975284350352842,0.69,0.07952843503528417,12045.0,79,False
2026-03-22 01:56:00+00:00,1625.0,3.0,8:55,76.0,75.0,1.0,0.618,0.7007700152983171,0.69,0.08277001529831707,11766.0,70,False
2026-03-22 01:56:30+00:00,1625.0,3.0,8:55,76.0,75.0,1.0,0.618,0.6944510483737824,0.69,0.07645104837378236,12114.0,74,False
2026-03-22 01:57:00+00:00,1625.0,3.0,8:55,76.0,75.0,1.0,0.618,0.6826249999999999,0.6699999999999999,0.06462499999999993,18080.0,75,False
2026-03-22 01:57:30+00:00,1640.0,3.0,8:40,76.0,77.0,-1.0,0.581,0.6943069073041671,0.71,0.11330690730416715,31749.0,110,False
2026-03-22 01:58:00+00:00,1680.0,3.0,8:00,79.0,77.0,2.0,0.652,0.7235689354275741,0.73,0.07156893542757403,13752.0,86,False
2026-03-22 01:58:30+00:00,1687.0,3.0,7:53,79.0,77.0,2.0,0.688,0.7475504729634336,0.76,0.05955047296343363,14166.0,96,False
2026-03-22 01:59:00+00:00,1698.0,3.0,7:42,79.0,77.0,2.0,0.736,0.7662190456071168,0.76,0.030219045607116857,42603.0,128,False
2026-03-22 01:59:30+00:00,1698.0,3.0,7:42,81.0,77.0,4.0,0.721,0.7779942944919904,0.78,0.05699429449199045,22785.0,85,False
2026-03-22 02:00:00+00:00,1712.0,3.0,7:28,81.0,77.0,4.0,0.721,0.7499599524005676,0.78,0.02895995240056759,43698.0,94,False
2026-03-22 02:00:30+00:00,1740.0,3.0,7:00,84.0,77.0,7.0,0.81,0.8078669441874808,0.85,-0.0021330558125192134,12972.0,103,True
2026-03-22 02:01:00+00:00,1771.0,3.0,6:29,87.0,77.0,10.0,0.837,0.8528239005211666,0.84,0.015823900521166667,21874.0,87,True
2026-03-22 02:01:30+00:00,1772.0,3.0,6:28,87.0,77.0,10.0,0.848,0.8654122714081716,0.85,0.017412271408171587,43418.0,91,True
2026-03-22 02:02:00+00:00,1772.0,3.0,6:28,87.0,77.0,10.0,0.848,0.8613741223671014,0.87,0.013374122367101449,22931.0,84,True
2026-03-22 02:02:30+00:00,1772.0,3.0,6:28,87.0,77.0,10.0,0.848,0.868599274705349,0.87,0.020599274705349058,33090.0,60,False
2026-03-22 02:03:00+00:00,1772.0,3.0,6:28,87.0,77.0,10.0,0.848,0.8650987708516242,0.86,0.017098770851624256,4556.0,46,False
2026-03-22 02:03:30+00:00,1772.0,3.0,6:28,87.0,77.0,10.0,0.848,0.8709351763290243,0.88,0.02293517632902431,32411.0,65,False
2026-03-22 02:04:00+00:00,1772.0,3.0,6:28,87.0,77.0,10.0,0.848,0.8841899568279937,0.89,0.03618995682799375,8802.0,38,False
2026-03-22 02:04:30+00:00,1780.0,3.0,6:20,87.0,79.0,8.0,0.8180000000000001,0.8695576433744372,0.87,0.051557643374437134,20436.0,77,False
2026-03-22 02:05:00+00:00,1780.0,3.0,6:20,87.0,80.0,7.0,0.838,0.8667311752287121,0.87,0.028731175228712158,11368.0,69,False
2026-03-22 02:05:30+00:00,1800.0,3.0,6:00,87.0,80.0,7.0,0.871,0.8690792644261254,0.86,-0.0019207355738746212,7885.0,54,False
2026-03-22 02:06:00+00:00,1800.0,3.0,6:00,87.0,80.0,7.0,0.839,0.8479207856399584,0.85,0.008920785639958462,15376.0,68,False
2026-03-22 02:06:30+00:00,1815.0,3.0,5:45,87.0,80.0,7.0,0.84,0.8162956958741995,0.81,-0.02370430412580049,12337.0,72,False
2026-03-22 02:07:00+00:00,1832.0,3.0,5:28,87.0,80.0,7.0,0.841,0.8203034083669569,0.8200000000000001,-0.02069659163304305,37672.0,75,False
2026-03-22 02:07:30+00:00,1832.0,3.0,5:28,87.0,80.0,7.0,0.841,0.8520660010312661,0.86,0.011066001031266093,106665.0,121,False
2026-03-22 02:08:00+00:00,1832.0,3.0,5:28,87.0,80.0,7.0,0.841,0.8574962126130806,0.86,0.016496212613080652,92412.0,102,False
2026-03-22 02:08:30+00:00,1832.0,3.0,5:28,87.0,80.0,7.0,0.841,0.8559354377848833,0.85,0.014935437784883376,29398.0,64,False
2026-03-22 02:09:00+00:00,1832.0,3.0,5:28,87.0,80.0,7.0,0.841,0.8546665561175139,0.85,0.013666556117513884,36183.0,79,False
2026-03-22 02:09:30+00:00,1832.0,3.0,5:28,87.0,80.0,7.0,0.841,0.8484263448969329,0.84,0.007426344896932946,45747.0,65,False
2026-03-22 02:10:00+00:00,1832.0,3.0,5:28,87.0,80.0,7.0,0.841,0.8487686639519099,0.85,0.007768663951909893,61884.0,60,False
2026-03-22 02:10:30+00:00,1832.0,3.0,5:28,87.0,80.0,7.0,0.841,0.8448114075436982,0.86,0.003811407543698242,38045.0,69,False
2026-03-22 02:11:00+00:00,1832.0,3.0,5:28,87.0,80.0,7.0,0.841,0.8499764227642277,0.79,0.00897642276422772,12300.0,65,False
2026-03-22 02:11:30+00:00,1874.0,3.0,4:46,87.0,82.0,5.0,0.788,0.8175462413032412,0.83,0.029546241303241128,5893.0,46,False
2026-03-22 02:12:00+00:00,1908.0,3.0,4:12,89.0,85.0,4.0,0.759,0.7590117007939825,0.74,1.170079398249424e-05,9572.0,80,False
2026-03-22 02:12:30+00:00,1941.0,3.0,3:39,89.0,87.0,2.0,0.618,0.7147946228528752,0.72,0.09679462285287521,14729.0,82,False
2026-03-22 02:13:00+00:00,1941.0,3.0,3:39,89.0,87.0,2.0,0.618,0.7091316065279235,0.7,0.09113160652792351,13358.0,110,False
2026-03-22 02:13:30+00:00,1960.0,3.0,3:20,92.0,88.0,4.0,0.727,0.7245744096650193,0.68,-0.0024255903349806873,10926.0,103,False
2026-03-22 02:14:00+00:00,1985.0,3.0,2:55,92.0,91.0,1.0,0.606,0.6590718624172527,0.65,0.0530718624172527,14653.0,119,False
2026-03-22 02:14:30+00:00,2003.0,3.0,2:37,92.0,93.0,-1.0,0.562,0.6568772398285432,0.6599999999999999,0.09487723982854313,14231.0,82,False
2026-03-22 02:15:00+00:00,2025.0,3.0,2:15,92.0,93.0,-1.0,0.628,0.673475602916433,0.6799999999999999,0.045475602916433044,17830.0,81,False
2026-03-22 02:15:30+00:00,2025.0,3.0,2:15,93.0,93.0,0.0,0.64,0.6799495606898794,0.6699999999999999,0.039949560689879426,12292.0,76,False
2026-03-22 02:16:00+00:00,2040.0,3.0,2:00,94.0,93.0,1.0,0.604,0.6608996256434253,0.62,0.05689962564342532,17096.0,85,False
2026-03-22 02:16:30+00:00,2048.0,3.0,1:52,94.0,95.0,-1.0,0.5589999999999999,0.6274638645029706,0.6,0.0684638645029707,11277.0,107,False
2026-03-22 02:17:00+00:00,2060.0,3.0,1:40,94.0,95.0,-1.0,0.509,0.610927851458886,0.6,0.10192785145888594,18850.0,92,False
2026-03-22 02:17:30+00:00,2060.0,3.0,1:40,94.0,95.0,-1.0,0.509,0.6572695496667208,0.65,0.1482695496667208,12302.0,74,False
2026-03-22 02:18:00+00:00,2103.8,3.0,56.2,96.0,97.0,-1.0,0.556,0.64254792746114,0.65,0.08654792746113993,7720.0,90,False
2026-03-22 02:18:30+00:00,2114.3,3.0,45.7,98.0,97.0,1.0,0.601,0.649939718118526,0.64,0.04893971811852604,11778.0,73,False
2026-03-22 02:19:00+00:00,2127.1,3.0,32.9,98.0,97.0,1.0,0.638,0.6548937811119682,0.6699999999999999,0.016893781111968154,14263.0,50,False
2026-03-22 02:19:30+00:00,2127.1,3.0,32.9,98.0,97.0,1.0,0.638,0.6937743623283192,0.71,0.05577436232831923,15290.0,66,False
2026-03-22 02:20:00+00:00,2130.3,3.0,29.7,98.0,97.0,1.0,0.651,0.7250161952062188,0.71,0.07401619520621883,4631.0,51,False
2026-03-22 02:20:30+00:00,2159.9,3.0,0.1,100.0,99.0,1.0,0.637,0.7045463071512308,0.7,0.06754630715123078,4265.0,58,False
2026-03-22 02:21:00+00:00,2160.0,3.0,0.0,100.0,99.0,1.0,0.614,0.6988775779313254,0.69,0.08487757793132544,18959.0,60,False
2026-03-22 02:21:30+00:00,2160.0,3.0,0.0,100.0,99.0,1.0,0.614,0.6964347933526903,0.69,0.08243479335269033,16187.0,58,False
2026-03-22 02:22:00+00:00,2160.0,3.0,0.0,100.0,99.0,1.0,0.614,0.6927708192281651,0.69,0.07877081922816509,5908.0,44,False
2026-03-22 02:22:30+00:00,2160.0,3.0,0.0,100.0,99.0,1.0,0.614,0.693498614105328,0.6799999999999999,0.07949861410532799,3247.0,41,False
2026-03-22 02:23:00+00:00,2160.0,4.0,12:00,100.0,99.0,1.0,0.614,0.6824639562212789,0.6599999999999999,0.06846395622127888,85521.0,60,False
2026-03-22 02:23:30+00:00,2160.0,4.0,12:00,100.0,99.0,1.0,0.614,0.6419398711524694,0.63,0.02793987115246943,16764.0,92,False
2026-03-22 02:24:00+00:00,2180.0,4.0,11:40,100.0,99.0,1.0,0.595,0.6053933072577141,0.59,0.010393307257714146,9204.0,67,False
2026-03-22 02:24:30+00:00,2201.0,4.0,11:19,100.0,101.0,-1.0,0.5,0.628192995529061,0.64,0.12819299552906105,8052.0,94,False
2026-03-22 02:25:00+00:00,2223.0,4.0,10:57,100.0,101.0,-1.0,0.638,0.6509150326797386,0.6599999999999999,0.012915032679738592,5661.0,48,False
2026-03-22 02:25:30+00:00,2223.0,4.0,10:57,102.0,101.0,1.0,0.602,0.73761457825451,0.78,0.13561457825451007,16408.0,91,False
2026-03-22 02:26:00+00:00,2244.0,4.0,10:36,102.0,101.0,1.0,0.671,0.7238511683567423,0.63,0.052851168356742306,31754.0,123,False
2026-03-22 02:26:30+00:00,2263.0,4.0,10:17,102.0,101.0,1.0,0.594,0.6646898432174505,0.7,0.07068984321745053,4401.0,55,False
2026-03-22 02:27:00+00:00,2281.0,4.0,9:59,102.0,101.0,1.0,0.655,0.7014963238631206,0.65,0.046496323863120526,22034.0,124,False
2026-03-22 02:27:30+00:00,2290.0,4.0,9:50,102.0,101.0,1.0,0.602,0.7567366492146598,0.78,0.1547366492146598,38200.0,184,False
2026-03-22 02:28:00+00:00,2322.0,4.0,9:18,105.0,101.0,4.0,0.735,0.7642328597310954,0.77,0.029232859731095462,20974.0,182,False
2026-03-22 02:28:30+00:00,2337.0,4.0,9:03,105.0,101.0,4.0,0.777,0.7794363065655245,0.78,0.0024363065655245153,30584.0,206,False
2026-03-22 02:29:00+00:00,2363.0,4.0,8:37,105.0,101.0,4.0,0.651,0.7629110451229747,0.78,0.11191104512297467,30982.0,164,False
2026-03-22 02:29:30+00:00,2369.0,4.0,8:31,105.0,101.0,4.0,0.783,0.7862272429664521,0.78,0.0032272429664520486,102331.0,224,True
2026-03-22 02:30:00+00:00,2369.0,4.0,8:31,105.0,101.0,4.0,0.783,0.8313818932468298,0.85,0.04838189324682973,16955.0,192,True
2026-03-22 02:30:30+00:00,2384.0,4.0,8:16,107.0,101.0,6.0,0.821,0.8396394191548378,0.83,0.0186394191548378,18387.0,128,True
2026-03-22 02:31:00+00:00,2384.0,4.0,8:16,107.0,101.0,6.0,0.821,0.843817924606807,0.84,0.022817924606807094,24034.0,109,True
2026-03-22 02:31:30+00:00,2384.0,4.0,8:16,107.0,101.0,6.0,0.821,0.8420422624319879,0.84,0.021042262431987924,7903.0,89,False
2026-03-22 02:32:00+00:00,2384.0,4.0,8:16,107.0,101.0,6.0,0.821,0.8424022152994117,0.84,0.021402215299411775,14445.0,102,False
2026-03-22 02:32:30+00:00,2384.0,4.0,8:16,107.0,101.0,6.0,0.821,0.8417008433934183,0.84,0.020700843393418378,12094.0,81,False
2026-03-22 02:33:00+00:00,2384.0,4.0,8:16,107.0,101.0,6.0,0.821,0.8414692139350564,0.83,0.020469213935056407,16907.0,87,False
2026-03-22 02:33:30+00:00,2384.0,4.0,8:16,107.0,101.0,6.0,0.821,0.8073880653171795,0.77,-0.013611934682820404,13289.0,96,False
2026-03-22 02:34:00+00:00,2425.0,4.0,7:35,107.0,103.0,4.0,0.743,0.7474636487957355,0.73,0.004463648795735464,35831.0,143,False
2026-03-22 02:34:30+00:00,2448.0,4.0,7:12,107.0,105.0,2.0,0.696,0.7594845813366499,0.76,0.06348458133664991,27337.0,178,False
2026-03-22 02:35:00+00:00,2471.0,4.0,6:49,109.0,105.0,4.0,0.655,0.7876324039280005,0.8200000000000001,0.13263240392800046,48167.0,194,False
2026-03-22 02:35:30+00:00,2494.0,4.0,6:26,109.0,105.0,4.0,0.8069999999999999,0.8244442816681317,0.83,0.017444281668131723,20478.0,142,False
2026-03-22 02:36:00+00:00,2494.0,4.0,6:26,109.0,105.0,4.0,0.8069999999999999,0.8173349503524595,0.77,0.010334950352459571,26386.0,123,False
2026-03-22 02:36:30+00:00,2512.0,4.0,6:08,109.0,105.0,4.0,0.6659999999999999,0.7505314262239982,0.74,0.08453142622399823,53554.0,140,False
2026-03-22 02:37:00+00:00,2512.0,4.0,6:08,109.0,105.0,4.0,0.6659999999999999,0.7376019945602902,0.72,0.07160199456029026,19854.0,120,False
2026-03-22 02:37:30+00:00,2512.0,4.0,6:08,109.0,107.0,2.0,0.7,0.7444934223841327,0.74,0.044493422384132786,24705.0,185,False
2026-03-22 02:38:00+00:00,2540.0,4.0,5:40,111.0,109.0,2.0,0.702,0.768046164256535,0.76,0.06604616425653509,39901.0,186,False
2026-03-22 02:38:30+00:00,2564.0,4.0,5:16,113.0,109.0,4.0,0.758,0.7553438820776135,0.73,-0.002656117922386514,28629.0,125,False
2026-03-22 02:39:00+00:00,2579.0,4.0,5:01,113.0,110.0,3.0,0.654,0.7352577404479578,0.76,0.08125774044795775,12144.0,127,False
2026-03-22 02:39:30+00:00,2592.0,4.0,4:48,115.0,111.0,4.0,0.761,0.7533274224917058,0.75,-0.007672577508294198,34964.0,123,False
2026-03-22 02:40:00+00:00,2600.0,4.0,4:40,115.0,111.0,4.0,0.6699999999999999,0.7505360215744189,0.75,0.08053602157441897,38935.0,111,False
2026-03-22 02:40:30+00:00,2600.0,4.0,4:40,115.0,113.0,2.0,0.7070000000000001,0.7305980104001809,0.69,0.023598010400180836,26538.0,153,False
2026-03-22 02:41:00+00:00,2622.0,4.0,4:18,115.0,113.0,2.0,0.639,0.6579391289583156,0.67,0.01893912895831562,47116.0,217,True
2026-03-22 02:41:30+00:00,2626.0,4.0,4:14,115.0,113.0,2.0,0.639,0.7022934973637962,0.7,0.06329349736379619,18208.0,145,True
2026-03-22 02:42:00+00:00,2626.0,4.0,4:14,115.0,113.0,2.0,0.639,0.7120311427590942,0.71,0.07303114275909417,23312.0,117,True
2026-03-22 02:42:30+00:00,2626.0,4.0,4:14,115.0,113.0,2.0,0.639,0.7029035554838362,0.7,0.0639035554838362,18591.0,82,True
2026-03-22 02:43:00+00:00,2626.0,4.0,4:14,115.0,113.0,2.0,0.639,0.7043817405232248,0.7,0.06538174052322476,18730.0,110,False
2026-03-22 02:43:30+00:00,2626.0,4.0,4:14,115.0,113.0,2.0,0.639,0.7006222707423579,0.71,0.06162227074235793,11908.0,71,False
2026-03-22 02:44:00+00:00,2626.0,4.0,4:14,115.0,113.0,2.0,0.639,0.6983552080424462,0.7,0.059355208042446206,7162.0,85,False
2026-03-22 02:44:30+00:00,2626.0,4.0,4:14,115.0,113.0,2.0,0.639,0.7021015281641869,0.7,0.0631015281641869,24801.0,93,False
2026-03-22 02:45:00+00:00,2626.0,4.0,4:14,115.0,113.0,2.0,0.639,0.6962958741736949,0.69,0.05729587417369486,13161.0,88,False
2026-03-22 02:45:30+00:00,2626.0,4.0,4:14,115.0,114.0,1.0,0.643,0.7724543957710472,0.84,0.12945439577104723,46158.0,206,False
2026-03-22 02:46:00+00:00,2668.0,4.0,3:32,118.0,114.0,4.0,0.83,0.7851477842231956,0.75,-0.044852215776804316,25341.0,187,False
2026-03-22 02:46:30+00:00,2685.0,4.0,3:15,118.0,116.0,2.0,0.7150000000000001,0.8165417558886511,0.83,0.101541755888651,43898.0,214,False
2026-03-22 02:47:00+00:00,2733.0,4.0,2:27,120.0,116.0,4.0,0.852,0.8842932445290201,0.86,0.03229324452902016,52550.0,315,False
2026-03-22 02:47:30+00:00,2758.0,4.0,2:02,120.0,116.0,4.0,0.8009999999999999,0.8912107184957303,0.92,0.09021071849573037,34781.0,233,False
2026-03-22 02:48:00+00:00,2777.0,4.0,1:43,120.0,116.0,4.0,0.868,0.9466256829002937,0.95,0.0786256829002937,85481.0,348,False
2026-03-22 02:48:30+00:00,2792.0,4.0,1:28,120.0,116.0,4.0,0.842,0.9029088980199351,0.96,0.060908898019935154,126309.0,390,False
2026-03-22 02:49:00+00:00,2792.0,4.0,1:28,120.0,116.0,4.0,0.842,0.9650350756676865,0.96,0.12303507566768657,48039.0,203,False
2026-03-22 02:49:30+00:00,2792.0,4.0,1:28,120.0,116.0,4.0,0.915,0.9564027532252604,0.95,0.041402753225260325,26587.0,131,False
2026-03-22 02:50:00+00:00,2792.0,4.0,1:28,120.0,116.0,4.0,0.915,0.9556097046166114,0.96,0.0406097046166114,85279.0,160,False
2026-03-22 02:50:30+00:00,2792.0,4.0,1:28,120.0,116.0,4.0,0.915,0.9285443731413365,0.9,0.013544373141336497,51112.0,168,False
2026-03-22 02:51:00+00:00,2792.0,4.0,1:28,120.0,116.0,4.0,0.915,0.8974225467629705,0.89,-0.017577453237029528,37797.0,137,False
2026-03-22 02:51:30+00:00,2792.0,4.0,1:28,120.0,116.0,4.0,0.915,0.8682274150105554,0.86,-0.04677258498944459,27474.0,150,False
2026-03-22 02:52:00+00:00,2810.0,4.0,1:10,120.0,116.0,4.0,0.6839999999999999,0.8705246856872882,0.86,0.1865246856872883,38099.0,125,False
2026-03-22 02:52:30+00:00,2810.0,4.0,1:10,120.0,116.0,4.0,0.6839999999999999,0.8613571037503421,0.85,0.1773571037503422,14612.0,104,False
2026-03-22 02:53:00+00:00,2810.0,4.0,1:10,120.0,117.0,3.0,0.6599999999999999,0.7884921596316399,0.82,0.12849215963163996,149419.0,198,False
2026-03-22 02:53:30+00:00,2831.2,4.0,48.8,120.0,118.0,2.0,0.6659999999999999,0.6722888432907044,0.55,0.006288843290704449,125736.0,493,True
2026-03-22 02:54:00+00:00,2846.9,4.0,33.1,120.0,120.0,0.0,0.52,0.4900953293686809,0.28,-0.02990467063131913,157559.0,764,True
2026-03-22 02:54:30+00:00,2856.4,4.0,23.6,120.0,122.0,-2.0,0.28200000000000003,0.2699407605810531,0.28,-0.012059239418946932,165768.0,789,True
2026-03-22 02:55:00+00:00,2856.4,4.0,23.6,120.0,122.0,-2.0,0.28200000000000003,0.289165209565441,0.31000000000000005,0.0071652095654409775,77780.0,523,True
2026-03-22 02:55:30+00:00,2856.4,4.0,23.6,120.0,122.0,-2.0,0.28200000000000003,0.31097071548144445,0.29,0.02897071548144442,91994.0,441,False
2026-03-22 02:56:00+00:00,2856.4,4.0,23.6,120.0,122.0,-2.0,0.28200000000000003,0.3061537257707528,0.46,0.024153725770752754,44729.0,401,False
2026-03-22 02:56:30+00:00,2860.9,4.0,19.1,122.0,122.0,0.0,0.46599999999999997,0.3928297752583122,0.37,-0.07317022474168777,49746.0,494,False
2026-03-22 02:57:00+00:00,2880.0,4.0,0.0,122.0,122.0,0.0,0.5,0.4552405467779158,0.5700000000000001,-0.04475945322208419,22532.0,428,False
2026-03-22 02:57:30+00:00,2880.0,4.0,0.0,122.0,122.0,0.0,0.5,0.618693334939251,0.61,0.11869333493925105,66421.0,361,False
2026-03-22 02:58:00+00:00,2880.0,4.0,0.0,122.0,122.0,0.0,0.5,0.6124961856438279,0.6,0.1124961856438279,28183.0,215,False
2026-03-22 02:58:30+00:00,2880.0,4.0,0.0,122.0,122.0,0.0,0.5,0.6161192197517392,0.61,0.11611921975173922,21993.0,180,False
2026-03-22 02:59:00+00:00,2880.0,5.0,5:00,122.0,122.0,0.0,0.5,0.6169843756275857,0.61,0.11698437562758568,24897.0,165,False
2026-03-22 02:59:30+00:00,2880.0,5.0,5:00,122.0,122.0,0.0,0.5,0.614813500815035,0.62,0.11481350081503505,20858.0,158,False
2026-03-22 03:00:00+00:00,2880.0,5.0,5:00,122.0,122.0,0.0,0.5,0.6104961832061069,0.6,0.11049618320610688,13100.0,122,False
2026-03-22 03:00:30+00:00,2880.0,5.0,5:00,122.0,122.0,0.0,0.5,0.6056151779171077,0.63,0.10561517791710773,12281.0,144,False
2026-03-22 03:01:00+00:00,2880.0,5.0,5:00,122.0,122.0,0.0,0.5,0.5948533127889061,0.5700000000000001,0.09485331278890607,32450.0,378,False
2026-03-22 03:01:30+00:00,2920.0,5.0,4:20,125.0,124.0,1.0,0.5349999999999999,0.6652529929784977,0.71,0.1302529929784978,59389.0,383,False
2026-03-22 03:02:00+00:00,2954.0,5.0,3:46,128.0,124.0,4.0,0.758,0.8670207659516107,0.88,0.1090207659516107,87499.0,546,False
2026-03-22 03:02:30+00:00,2981.0,5.0,3:19,130.0,124.0,6.0,0.876,0.9167979893367958,0.96,0.04079798933679579,101658.0,505,True
2026-03-22 03:03:00+00:00,3012.0,5.0,2:48,133.0,124.0,9.0,0.969,0.9720683126239833,0.97,0.003068312623983327,265661.0,514,True
2026-03-22 03:03:30+00:00,3013.0,5.0,2:47,133.0,124.0,9.0,0.969,0.9770840025398722,0.98,0.008084002539872182,107092.0,321,True
2026-03-22 03:04:00+00:00,3013.0,5.0,2:47,133.0,124.0,9.0,0.969,0.9747083240561085,0.97,0.005708324056108549,62878.0,194,True
2026-03-22 03:04:30+00:00,3013.0,5.0,2:47,133.0,124.0,9.0,0.969,0.9800264618451122,0.98,0.011026461845112245,58197.0,184,False
2026-03-22 03:05:00+00:00,3013.0,5.0,2:47,133.0,124.0,9.0,0.969,0.9771861708847431,0.98,0.00818617088474316,23747.0,116,False
2026-03-22 03:05:30+00:00,3035.0,5.0,2:25,133.0,126.0,7.0,0.957,0.9719298419757006,0.97,0.014929841975700686,50372.0,138,False
2026-03-22 03:06:00+00:00,3076.0,5.0,1:44,133.0,126.0,7.0,0.969,0.9756810424354243,0.98,0.006681042435424334,43360.0,130,False
2026-03-22 03:06:30+00:00,3076.0,5.0,1:44,133.0,126.0,7.0,0.988,0.9869467862166635,0.99,-0.0010532137833364486,104503.0,162,False
2026-03-22 03:07:00+00:00,3098.0,5.0,1:22,136.0,128.0,8.0,0.989,0.99,0.99,0.0010000000000000009,16406.0,65,False
2026-03-22 03:07:30+00:00,3132.5,5.0,47.5,138.0,128.0,10.0,0.999,0.9899999999999999,0.99,-0.009000000000000119,16258.0,50,False
2026-03-22 03:08:00+00:00,3132.5,5.0,47.5,138.0,128.0,10.0,0.999,0.9899999999999999,0.99,-0.009000000000000119,6071.0,30,False
2026-03-22 03:08:30+00:00,3160.9,5.0,19.1,138.0,131.0,7.0,0.992,0.9899999999999998,0.99,-0.002000000000000224,12002.0,26,False
2026-03-22 03:09:00+00:00,3160.9,5.0,19.1,138.0,131.0,7.0,0.992,0.99,0.99,-0.0020000000000000018,5772.0,22,False
2026-03-22 03:09:30+00:00,3180.0,5.0,0.0,138.0,131.0,7.0,1.0,0.9899999999999997,0.99,-0.010000000000000342,2491.0,17,False
2026-03-22 03:10:00+00:00,3180.0,5.0,0.0,138.0,131.0,7.0,1.0,0.99,0.99,-0.010000000000000009,2054.0,16,False
