bucket_start_utc,game_seconds_elapsed,period,game_clock,fav_score,dog_score,score_margin,fav_wp_espn,fav_kalshi_vwap,fav_kalshi_last,delta,kalshi_volume,kalshi_trade_count,is_timeout_window
2026-02-22 17:47:00+00:00,,,,,,,,0.52,0.52,,20.0,1,False
2026-02-22 17:47:30+00:00,,,,,,,,0.52,0.52,,0.0,0,False
2026-02-22 17:48:00+00:00,,,,,,,,0.52,0.52,,0.0,0,False
2026-02-22 17:48:30+00:00,,,,,,,,0.52,0.52,,0.0,0,False
2026-02-22 17:49:00+00:00,,,,,,,,0.52,0.52,,0.0,0,False
2026-02-22 17:49:30+00:00,,,,,,,,0.52,0.52,,0.0,0,False
2026-02-22 17:50:00+00:00,,,,,,,,0.52,0.52,,0.0,0,False
2026-02-22 17:50:30+00:00,,,,,,,,0.52,0.52,,0.0,0,False
2026-02-22 17:51:00+00:00,,,,,,,,0.52,0.52,,0.0,0,False
2026-02-22 17:51:30+00:00,,,,,,,,0.52,0.52,,0.0,0,False
2026-02-22 17:52:00+00:00,,,,,,,,0.52,0.52,,0.0,0,False
2026-02-22 17:52:30+00:00,,,,,,,,0.52,0.52,,0.0,0,False
2026-02-22 17:53:00+00:00,,,,,,,,0.52,0.52,,0.0,0,False
2026-02-22 17:53:30+00:00,,,,,,,,0.52,0.52,,0.0,0,False
2026-02-22 17:54:00+00:00,,,,,,,,0.52,0.52,,0.0,0,False
2026-02-22 17:54:30+00:00,,,,,,,,0.52,0.52,,0.0,0,False
2026-02-22 17:55:00+00:00,,,,,,,,0.52,0.52,,0.0,0,False
2026-02-22 17:55:30+00:00,,,,,,,,0.52,0.52,,0.0,0,False
2026-02-22 17:56:00+00:00,,,,,,,,0.52,0.52,,0.0,0,False
2026-02-22 17:56:30+00:00,,,,,,,,0.52,0.52,,0.0,0,False
2026-02-22 17:57:00+00:00,,,,,,,,0.52,0.52,,0.0,0,False
2026-02-22 17:57:30+00:00,,,,,,,,0.52,0.52,,0.0,0,False
2026-02-22 17:58:00+00:00,,,,,,,,0.52,0.52,,0.0,0,False
2026-02-22 17:58:30+00:00,,,,,,,,0.52,0.52,,0.0,0,False
2026-02-22 17:59:00+00:00,,,,,,,,0.52,0.52,,0.0,0,False
2026-02-22 17:59:30+00:00,,,,,,,,0.52,0.52,,0.0,0,False
2026-02-22 18:00:00+00:00,,,,,,,,0.52,0.52,,0.0,0,False
2026-02-22 18:00:30+00:00,,,,,,,,0.52,0.52,,0.0,0,False
2026-02-22 18:01:00+00:00,,,,,,,,0.52,0.52,,0.0,0,False
2026-02-22 18:01:30+00:00,,,,,,,,0.52,0.52,,0.0,0,False
2026-02-22 18:02:00+00:00,,,,,,,,0.52,0.52,,0.0,0,False
2026-02-22 18:02:30+00:00,,,,,,,,0.52,0.52,,0.0,0,False
2026-02-22 18:03:00+00:00,,,,,,,,0.52,0.52,,0.0,0,False
2026-02-22 18:03:30+00:00,,,,,,,,0.52,0.52,,0.0,0,False
2026-02-22 18:04:00+00:00,,,,,,,,0.52,0.52,,0.0,0,False
2026-02-22 18:04:30+00:00,,,,,,,,0.52,0.52,,0.0,0,False
2026-02-22 18:05:00+00:00,,,,,,,,0.52,0.52,,0.0,0,False
2026-02-22 18:05:30+00:00,,,,,,,,0.52,0.52,,0.0,0,False
2026-02-22 18:06:00+00:00,,,,,,,,0.52,0.52,,0.0,0,False
2026-02-22 18:06:30+00:00,,,,,,,,0.52,0.52,,0.0,0,False
2026-02-22 18:07:00+00:00,,,,,,,,0.52,0.52,,0.0,0,False
2026-02-22 18:07:30+00:00,,,,,,,,0.52,0.52,,0.0,0,False
2026-02-22 18:08:00+00:00,,,,,,,,0.52,0.52,,0.0,0,False
2026-02-22 18:08:30+00:00,,,,,,,,0.52,0.52,,0.0,0,False
2026-02-22 18:09:00+00:00,,,,,,,,0.52,0.52,,0.0,0,False
2026-02-22 18:09:30+00:00,,,,,,,,0.52,0.52,,0.0,0,False
2026-02-22 18:10:00+00:00,,,,,,,,0.52,0.52,,0.0,0,False
2026-02-22 18:10:30+00:00,,,,,,,,0.52,0.52,,0.0,0,False
2026-02-22 18:11:00+00:00,,,,,,,,0.52,0.52,,0.0,0,False
2026-02-22 18:11:30+00:00,,,,,,,,0.52,0.52,,0.0,0,False
2026-02-22 18:12:00+00:00,,,,,,,,0.52,0.52,,0.0,0,False
2026-02-22 18:12:30+00:00,,,,,,,,0.52,0.52,,0.0,0,False
2026-02-22 18:13:00+00:00,,,,,,,,0.52,0.52,,0.0,0,False
2026-02-22 18:13:30+00:00,,,,,,,,0.52,0.52,,0.0,0,False
2026-02-22 18:14:00+00:00,,,,,,,,0.52,0.52,,0.0,0,False
2026-02-22 18:14:30+00:00,,,,,,,,0.52,0.52,,0.0,0,False
2026-02-22 18:15:00+00:00,,,,,,,,0.52,0.52,,0.0,0,False
2026-02-22 18:15:30+00:00,,,,,,,,0.52,0.52,,0.0,0,False
2026-02-22 18:16:00+00:00,,,,,,,,0.52,0.52,,0.0,0,False
2026-02-22 18:16:30+00:00,,,,,,,,0.52,0.52,,0.0,0,False
2026-02-22 18:17:00+00:00,,,,,,,,0.52,0.52,,0.0,0,False
2026-02-22 18:17:30+00:00,,,,,,,,0.52,0.52,,0.0,0,False
2026-02-22 18:18:00+00:00,,,,,,,,0.52,0.52,,0.0,0,False
2026-02-22 18:18:30+00:00,,,,,,,,0.52,0.52,,0.0,0,False
2026-02-22 18:19:00+00:00,,,,,,,,0.52,0.52,,0.0,0,False
2026-02-22 18:19:30+00:00,,,,,,,,0.52,0.52,,0.0,0,False
2026-02-22 18:20:00+00:00,,,,,,,,0.52,0.52,,0.0,0,False
2026-02-22 18:20:30+00:00,,,,,,,,0.52,0.52,,0.0,0,False
2026-02-22 18:21:00+00:00,,,,,,,,0.52,0.52,,0.0,0,False
2026-02-22 18:21:30+00:00,,,,,,,,0.52,0.52,,0.0,0,False
2026-02-22 18:22:00+00:00,,,,,,,,0.63,0.63,,61.0,1,False
2026-02-22 18:22:30+00:00,,,,,,,,0.63,0.63,,0.0,0,False
2026-02-22 18:23:00+00:00,,,,,,,,0.63,0.63,,0.0,0,False
2026-02-22 18:23:30+00:00,,,,,,,,0.63,0.63,,0.0,0,False
2026-02-22 18:24:00+00:00,,,,,,,,0.63,0.63,,0.0,0,False
2026-02-22 18:24:30+00:00,,,,,,,,0.63,0.63,,0.0,0,False
2026-02-22 18:25:00+00:00,,,,,,,,0.63,0.63,,0.0,0,False
2026-02-22 18:25:30+00:00,,,,,,,,0.63,0.63,,0.0,0,False
2026-02-22 18:26:00+00:00,,,,,,,,0.63,0.63,,0.0,0,False
2026-02-22 18:26:30+00:00,,,,,,,,0.63,0.63,,0.0,0,False
2026-02-22 18:27:00+00:00,,,,,,,,0.63,0.63,,0.0,0,False
2026-02-22 18:27:30+00:00,,,,,,,,0.63,0.63,,0.0,0,False
2026-02-22 18:28:00+00:00,,,,,,,,0.63,0.63,,0.0,0,False
2026-02-22 18:28:30+00:00,,,,,,,,0.63,0.63,,0.0,0,False
2026-02-22 18:29:00+00:00,,,,,,,,0.63,0.63,,0.0,0,False
2026-02-22 18:29:30+00:00,,,,,,,,0.63,0.63,,0.0,0,False
2026-02-22 18:30:00+00:00,,,,,,,,0.63,0.63,,0.0,0,False
2026-02-22 18:30:30+00:00,,,,,,,,0.63,0.63,,0.0,0,False
2026-02-22 18:31:00+00:00,,,,,,,,0.63,0.63,,0.0,0,False
2026-02-22 18:31:30+00:00,,,,,,,,0.63,0.63,,0.0,0,False
2026-02-22 18:32:00+00:00,,,,,,,,0.63,0.63,,0.0,0,False
2026-02-22 18:32:30+00:00,,,,,,,,0.63,0.63,,0.0,0,False
2026-02-22 18:33:00+00:00,,,,,,,,0.63,0.63,,0.0,0,False
2026-02-22 18:33:30+00:00,,,,,,,,0.63,0.63,,0.0,0,False
2026-02-22 18:34:00+00:00,,,,,,,,0.63,0.63,,0.0,0,False
2026-02-22 18:34:30+00:00,,,,,,,,0.63,0.63,,0.0,0,False
2026-02-22 18:35:00+00:00,,,,,,,,0.63,0.63,,0.0,0,False
2026-02-22 18:35:30+00:00,,,,,,,,0.63,0.63,,0.0,0,False
2026-02-22 18:36:00+00:00,,,,,,,,0.63,0.63,,0.0,0,False
2026-02-22 18:36:30+00:00,,,,,,,,0.63,0.63,,0.0,0,False
2026-02-22 18:37:00+00:00,,,,,,,,0.63,0.63,,0.0,0,False
2026-02-22 18:37:30+00:00,,,,,,,,0.63,0.63,,0.0,0,False
2026-02-22 18:38:00+00:00,,,,,,,,0.63,0.63,,0.0,0,False
2026-02-22 18:38:30+00:00,,,,,,,,0.63,0.63,,0.0,0,False
2026-02-22 18:39:00+00:00,,,,,,,,0.63,0.63,,0.0,0,False
2026-02-22 18:39:30+00:00,,,,,,,,0.63,0.63,,0.0,0,False
2026-02-22 18:40:00+00:00,,,,,,,,0.63,0.63,,0.0,0,False
2026-02-22 18:40:30+00:00,,,,,,,,0.63,0.63,,0.0,0,False
2026-02-22 18:41:00+00:00,,,,,,,,0.63,0.63,,0.0,0,False
2026-02-22 18:41:30+00:00,,,,,,,,0.63,0.63,,0.0,0,False
2026-02-22 18:42:00+00:00,,,,,,,,0.63,0.63,,0.0,0,False
2026-02-22 18:42:30+00:00,,,,,,,,0.63,0.63,,0.0,0,False
2026-02-22 18:43:00+00:00,,,,,,,,0.63,0.63,,0.0,0,False
2026-02-22 18:43:30+00:00,,,,,,,,0.63,0.63,,0.0,0,False
2026-02-22 18:44:00+00:00,,,,,,,,0.63,0.63,,0.0,0,False
2026-02-22 18:44:30+00:00,,,,,,,,0.63,0.63,,0.0,0,False
2026-02-22 18:45:00+00:00,,,,,,,,0.63,0.63,,0.0,0,False
2026-02-22 18:45:30+00:00,,,,,,,,0.63,0.63,,0.0,0,False
2026-02-22 18:46:00+00:00,,,,,,,,0.63,0.63,,0.0,0,False
2026-02-22 18:46:30+00:00,,,,,,,,0.63,0.63,,0.0,0,False
2026-02-22 18:47:00+00:00,,,,,,,,0.63,0.63,,0.0,0,False
2026-02-22 18:47:30+00:00,,,,,,,,0.63,0.63,,0.0,0,False
2026-02-22 18:48:00+00:00,,,,,,,,0.63,0.63,,0.0,0,False
2026-02-22 18:48:30+00:00,,,,,,,,0.63,0.63,,0.0,0,False
2026-02-22 18:49:00+00:00,,,,,,,,0.63,0.63,,0.0,0,False
2026-02-22 18:49:30+00:00,,,,,,,,0.63,0.63,,0.0,0,False
2026-02-22 18:50:00+00:00,,,,,,,,0.63,0.63,,0.0,0,False
2026-02-22 18:50:30+00:00,,,,,,,,0.63,0.63,,0.0,0,False
2026-02-22 18:51:00+00:00,,,,,,,,0.63,0.63,,0.0,0,False
2026-02-22 18:51:30+00:00,,,,,,,,0.63,0.63,,0.0,0,False
2026-02-22 18:52:00+00:00,,,,,,,,0.63,0.63,,0.0,0,False
2026-02-22 18:52:30+00:00,,,,,,,,0.63,0.63,,0.0,0,False
2026-02-22 18:53:00+00:00,,,,,,,,0.63,0.63,,0.0,0,False
2026-02-22 18:53:30+00:00,,,,,,,,0.63,0.63,,0.0,0,False
2026-02-22 18:54:00+00:00,,,,,,,,0.63,0.63,,0.0,0,False
2026-02-22 18:54:30+00:00,,,,,,,,0.63,0.63,,0.0,0,False
2026-02-22 18:55:00+00:00,,,,,,,,0.63,0.63,,0.0,0,False
2026-02-22 18:55:30+00:00,,,,,,,,0.63,0.63,,0.0,0,False
2026-02-22 18:56:00+00:00,,,,,,,,0.63,0.63,,0.0,0,False
2026-02-22 18:56:30+00:00,,,,,,,,0.63,0.63,,0.0,0,False
2026-02-22 18:57:00+00:00,,,,,,,,0.63,0.63,,0.0,0,False
2026-02-22 18:57:30+00:00,,,,,,,,0.63,0.63,,0.0,0,False
2026-02-22 18:58:00+00:00,,,,,,,,0.63,0.63,,0.0,0,False
2026-02-22 18:58:30+00:00,,,,,,,,0.63,0.63,,0.0,0,False
2026-02-22 18:59:00+00:00,,,,,,,,0.63,0.63,,0.0,0,False
2026-02-22 18:59:30+00:00,,,,,,,,0.63,0.63,,0.0,0,False
2026-02-22 19:00:00+00:00,,,,,,,,0.63,0.63,,0.0,0,False
2026-02-22 19:00:30+00:00,,,,,,,,0.63,0.63,,0.0,0,False
2026-02-22 19:01:00+00:00,,,,,,,,0.63,0.63,,0.0,0,False
2026-02-22 19:01:30+00:00,,,,,,,,0.63,0.63,,0.0,0,False
2026-02-22 19:02:00+00:00,,,,,,,,0.63,0.63,,0.0,0,False
2026-02-22 19:02:30+00:00,,,,,,,,0.63,0.63,,0.0,0,False
2026-02-22 19:03:00+00:00,,,,,,,,0.63,0.63,,0.0,0,False
2026-02-22 19:03:30+00:00,,,,,,,,0.63,0.63,,0.0,0,False
2026-02-22 19:04:00+00:00,,,,,,,,0.63,0.63,,0.0,0,False
2026-02-22 19:04:30+00:00,,,,,,,,0.63,0.63,,0.0,0,False
2026-02-22 19:05:00+00:00,,,,,,,,0.63,0.63,,0.0,0,False
2026-02-22 19:05:30+00:00,,,,,,,,0.63,0.63,,0.0,0,False
2026-02-22 19:06:00+00:00,,,,,,,,0.63,0.63,,0.0,0,False
2026-02-22 19:06:30+00:00,,,,,,,,0.63,0.63,,0.0,0,False
2026-02-22 19:07:00+00:00,,,,,,,,0.63,0.63,,0.0,0,False
2026-02-22 19:07:30+00:00,,,,,,,,0.63,0.63,,0.0,0,False
2026-02-22 19:08:00+00:00,,,,,,,,0.63,0.63,,0.0,0,False
2026-02-22 19:08:30+00:00,,,,,,,,0.63,0.63,,0.0,0,False
2026-02-22 19:09:00+00:00,,,,,,,,0.63,0.63,,0.0,0,False
2026-02-22 19:09:30+00:00,,,,,,,,0.63,0.63,,0.0,0,False
2026-02-22 19:10:00+00:00,,,,,,,,0.63,0.63,,0.0,0,False
2026-02-22 19:10:30+00:00,,,,,,,,0.63,0.63,,0.0,0,False
2026-02-22 19:11:00+00:00,,,,,,,,0.63,0.63,,0.0,0,False
2026-02-22 19:11:30+00:00,,,,,,,,0.63,0.63,,0.0,0,False
2026-02-22 19:12:00+00:00,,,,,,,,0.63,0.63,,0.0,0,False
2026-02-22 19:12:30+00:00,,,,,,,,0.63,0.63,,0.0,0,False
2026-02-22 19:13:00+00:00,,,,,,,,0.63,0.63,,0.0,0,False
2026-02-22 19:13:30+00:00,,,,,,,,0.63,0.63,,0.0,0,False
2026-02-22 19:14:00+00:00,,,,,,,,0.63,0.63,,0.0,0,False
2026-02-22 19:14:30+00:00,,,,,,,,0.63,0.63,,0.0,0,False
2026-02-22 19:15:00+00:00,,,,,,,,0.63,0.63,,0.0,0,False
2026-02-22 19:15:30+00:00,,,,,,,,0.63,0.63,,0.0,0,False
2026-02-22 19:16:00+00:00,,,,,,,,0.63,0.63,,0.0,0,False
2026-02-22 19:16:30+00:00,,,,,,,,0.63,0.63,,0.0,0,False
2026-02-22 19:17:00+00:00,,,,,,,,0.63,0.63,,0.0,0,False
2026-02-22 19:17:30+00:00,,,,,,,,0.63,0.63,,0.0,0,False
2026-02-22 19:18:00+00:00,,,,,,,,0.63,0.63,,0.0,0,False
2026-02-22 19:18:30+00:00,,,,,,,,0.63,0.63,,0.0,0,False
2026-02-22 19:19:00+00:00,,,,,,,,0.63,0.63,,0.0,0,False
2026-02-22 19:19:30+00:00,,,,,,,,0.63,0.63,,0.0,0,False
2026-02-22 19:20:00+00:00,,,,,,,,0.63,0.63,,0.0,0,False
2026-02-22 19:20:30+00:00,,,,,,,,0.63,0.63,,0.0,0,False
2026-02-22 19:21:00+00:00,,,,,,,,0.63,0.63,,0.0,0,False
2026-02-22 19:21:30+00:00,,,,,,,,0.63,0.63,,0.0,0,False
2026-02-22 19:22:00+00:00,,,,,,,,0.63,0.63,,0.0,0,False
2026-02-22 19:22:30+00:00,,,,,,,,0.63,0.63,,0.0,0,False
2026-02-22 19:23:00+00:00,,,,,,,,0.58,0.58,,4.0,1,False
2026-02-22 19:23:30+00:00,,,,,,,,0.58,0.58,,0.0,0,False
2026-02-22 19:24:00+00:00,,,,,,,,0.58,0.58,,0.0,0,False
2026-02-22 19:24:30+00:00,,,,,,,,0.58,0.58,,0.0,0,False
2026-02-22 19:25:00+00:00,,,,,,,,0.58,0.58,,0.0,0,False
2026-02-22 19:25:30+00:00,,,,,,,,0.58,0.58,,0.0,0,False
2026-02-22 19:26:00+00:00,,,,,,,,0.58,0.58,,0.0,0,False
2026-02-22 19:26:30+00:00,,,,,,,,0.58,0.58,,0.0,0,False
2026-02-22 19:27:00+00:00,,,,,,,,0.58,0.58,,0.0,0,False
2026-02-22 19:27:30+00:00,,,,,,,,0.58,0.58,,0.0,0,False
2026-02-22 19:28:00+00:00,,,,,,,,0.58,0.58,,0.0,0,False
2026-02-22 19:28:30+00:00,,,,,,,,0.59,0.59,,4.0,1,False
2026-02-22 19:29:00+00:00,,,,,,,,0.59,0.59,,0.0,0,False
2026-02-22 19:29:30+00:00,,,,,,,,0.59,0.59,,0.0,0,False
2026-02-22 19:30:00+00:00,,,,,,,,0.59,0.59,,0.0,0,False
2026-02-22 19:30:30+00:00,,,,,,,,0.59,0.59,,0.0,0,False
2026-02-22 19:31:00+00:00,,,,,,,,0.59,0.59,,0.0,0,False
2026-02-22 19:31:30+00:00,,,,,,,,0.59,0.59,,0.0,0,False
2026-02-22 19:32:00+00:00,,,,,,,,0.59,0.59,,0.0,0,False
2026-02-22 19:32:30+00:00,,,,,,,,0.59,0.59,,0.0,0,False
2026-02-22 19:33:00+00:00,,,,,,,,0.59,0.59,,0.0,0,False
2026-02-22 19:33:30+00:00,,,,,,,,0.59,0.59,,0.0,0,False
2026-02-22 19:34:00+00:00,,,,,,,,0.59,0.59,,0.0,0,False
2026-02-22 19:34:30+00:00,,,,,,,,0.59,0.59,,0.0,0,False
2026-02-22 19:35:00+00:00,,,,,,,,0.59,0.59,,0.0,0,False
2026-02-22 19:35:30+00:00,,,,,,,,0.59,0.59,,0.0,0,False
2026-02-22 19:36:00+00:00,,,,,,,,0.59,0.59,,0.0,0,False
2026-02-22 19:36:30+00:00,,,,,,,,0.59,0.59,,0.0,0,False
2026-02-22 19:37:00+00:00,,,,,,,,0.59,0.59,,0.0,0,False
2026-02-22 19:37:30+00:00,,,,,,,,0.59,0.59,,0.0,0,False
2026-02-22 19:38:00+00:00,,,,,,,,0.59,0.59,,0.0,0,False
2026-02-22 19:38:30+00:00,,,,,,,,0.59,0.59,,0.0,0,False
2026-02-22 19:39:00+00:00,,,,,,,,0.59,0.59,,0.0,0,False
2026-02-22 19:39:30+00:00,,,,,,,,0.59,0.59,,0.0,0,False
2026-02-22 19:40:00+00:00,,,,,,,,0.59,0.59,,0.0,0,False
2026-02-22 19:40:30+00:00,,,,,,,,0.59,0.59,,0.0,0,False
2026-02-22 19:41:00+00:00,,,,,,,,0.59,0.59,,0.0,0,False
2026-02-22 19:41:30+00:00,,,,,,,,0.59,0.59,,0.0,0,False
2026-02-22 19:42:00+00:00,,,,,,,,0.59,0.59,,0.0,0,False
2026-02-22 19:42:30+00:00,,,,,,,,0.59,0.59,,0.0,0,False
2026-02-22 19:43:00+00:00,,,,,,,,0.59,0.59,,0.0,0,False
2026-02-22 19:43:30+00:00,,,,,,,,0.59,0.59,,0.0,0,False
2026-02-22 19:44:00+00:00,,,,,,,,0.59,0.59,,0.0,0,False
2026-02-22 19:44:30+00:00,,,,,,,,0.59,0.59,,0.0,0,False
2026-02-22 19:45:00+00:00,,,,,,,,0.59,0.59,,0.0,0,False
2026-02-22 19:45:30+00:00,,,,,,,,0.59,0.59,,0.0,0,False
2026-02-22 19:46:00+00:00,,,,,,,,0.59,0.59,,0.0,0,False
2026-02-22 19:46:30+00:00,,,,,,,,0.59,0.59,,0.0,0,False
2026-02-22 19:47:00+00:00,,,,,,,,0.59,0.59,,0.0,0,False
2026-02-22 19:47:30+00:00,,,,,,,,0.59,0.59,,0.0,0,False
2026-02-22 19:48:00+00:00,,,,,,,,0.59,0.59,,0.0,0,False
2026-02-22 19:48:30+00:00,,,,,,,,0.59,0.59,,0.0,0,False
2026-02-22 19:49:00+00:00,,,,,,,,0.59,0.59,,0.0,0,False
2026-02-22 19:49:30+00:00,,,,,,,,0.59,0.59,,0.0,0,False
2026-02-22 19:50:00+00:00,,,,,,,,0.58,0.58,,4.0,1,False
2026-02-22 19:50:30+00:00,,,,,,,,0.58,0.58,,0.0,0,False
2026-02-22 19:51:00+00:00,,,,,,,,0.58,0.58,,0.0,0,False
2026-02-22 19:51:30+00:00,,,,,,,,0.58,0.58,,0.0,0,False
2026-02-22 19:52:00+00:00,,,,,,,,0.58,0.58,,0.0,0,False
2026-02-22 19:52:30+00:00,,,,,,,,0.58,0.58,,0.0,0,False
2026-02-22 19:53:00+00:00,,,,,,,,0.58,0.58,,0.0,0,False
2026-02-22 19:53:30+00:00,,,,,,,,0.59,0.59,,6.0,1,False
2026-02-22 19:54:00+00:00,,,,,,,,0.59,0.59,,5.0,1,False
2026-02-22 19:54:30+00:00,,,,,,,,0.59,0.59,,0.0,0,False
2026-02-22 19:55:00+00:00,,,,,,,,0.59,0.59,,0.0,0,False
2026-02-22 19:55:30+00:00,,,,,,,,0.59,0.59,,0.0,0,False
2026-02-22 19:56:00+00:00,,,,,,,,0.59,0.59,,4.0,1,False
2026-02-22 19:56:30+00:00,,,,,,,,0.59,0.59,,0.0,0,False
2026-02-22 19:57:00+00:00,,,,,,,,0.59,0.59,,0.0,0,False
2026-02-22 19:57:30+00:00,,,,,,,,0.59,0.59,,0.0,0,False
2026-02-22 19:58:00+00:00,,,,,,,,0.59,0.59,,0.0,0,False
2026-02-22 19:58:30+00:00,,,,,,,,0.59,0.59,,0.0,0,False
2026-02-22 19:59:00+00:00,,,,,,,,0.59,0.59,,0.0,0,False
2026-02-22 19:59:30+00:00,,,,,,,,0.59,0.59,,0.0,0,False
2026-02-22 20:00:00+00:00,,,,,,,,0.59,0.59,,0.0,0,False
2026-02-22 20:00:30+00:00,,,,,,,,0.59,0.59,,0.0,0,False
2026-02-22 20:01:00+00:00,,,,,,,,0.59,0.59,,0.0,0,False
2026-02-22 20:01:30+00:00,,,,,,,,0.59,0.59,,0.0,0,False
2026-02-22 20:02:00+00:00,,,,,,,,0.59,0.59,,0.0,0,False
2026-02-22 20:02:30+00:00,,,,,,,,0.59,0.59,,0.0,0,False
2026-02-22 20:03:00+00:00,,,,,,,,0.59,0.59,,0.0,0,False
2026-02-22 20:03:30+00:00,,,,,,,,0.59,0.59,,0.0,0,False
2026-02-22 20:04:00+00:00,,,,,,,,0.59,0.59,,0.0,0,False
2026-02-22 20:04:30+00:00,,,,,,,,0.59,0.59,,0.0,0,False
2026-02-22 20:05:00+00:00,,,,,,,,0.59,0.59,,0.0,0,False
2026-02-22 20:05:30+00:00,,,,,,,,0.59,0.59,,0.0,0,False
2026-02-22 20:06:00+00:00,,,,,,,,0.59,0.59,,0.0,0,False
2026-02-22 20:06:30+00:00,,,,,,,,0.59,0.59,,0.0,0,False
2026-02-22 20:07:00+00:00,,,,,,,,0.59,0.59,,0.0,0,False
2026-02-22 20:07:30+00:00,,,,,,,,0.59,0.59,,0.0,0,False
2026-02-22 20:08:00+00:00,,,,,,,,0.59,0.59,,0.0,0,False
2026-02-22 20:08:30+00:00,,,,,,,,0.59,0.59,,0.0,0,False
2026-02-22 20:09:00+00:00,,,,,,,,0.59,0.59,,0.0,0,False
2026-02-22 20:09:30+00:00,,,,,,,,0.59,0.59,,0.0,0,False
2026-02-22 20:10:00+00:00,,,,,,,,0.59,0.59,,0.0,0,False
2026-02-22 20:10:30+00:00,,,,,,,,0.59,0.59,,0.0,0,False
2026-02-22 20:11:00+00:00,,,,,,,,0.59,0.59,,0.0,0,False
2026-02-22 20:11:30+00:00,,,,,,,,0.59,0.59,,0.0,0,False
2026-02-22 20:12:00+00:00,,,,,,,,0.59,0.59,,0.0,0,False
2026-02-22 20:12:30+00:00,,,,,,,,0.59,0.59,,0.0,0,False
2026-02-22 20:13:00+00:00,,,,,,,,0.59,0.59,,0.0,0,False
2026-02-22 20:13:30+00:00,,,,,,,,0.59,0.59,,0.0,0,False
2026-02-22 20:14:00+00:00,,,,,,,,0.59,0.59,,0.0,0,False
2026-02-22 20:14:30+00:00,,,,,,,,0.59,0.59,,0.0,0,False
2026-02-22 20:15:00+00:00,,,,,,,,0.59,0.59,,0.0,0,False
2026-02-22 20:15:30+00:00,,,,,,,,0.59,0.59,,0.0,0,False
2026-02-22 20:16:00+00:00,,,,,,,,0.59,0.59,,0.0,0,False
2026-02-22 20:16:30+00:00,,,,,,,,0.59,0.59,,0.0,0,False
2026-02-22 20:17:00+00:00,,,,,,,,0.59,0.59,,0.0,0,False
2026-02-22 20:17:30+00:00,,,,,,,,0.59,0.59,,0.0,0,False
2026-02-22 20:18:00+00:00,,,,,,,,0.59,0.59,,0.0,0,False
2026-02-22 20:18:30+00:00,,,,,,,,0.59,0.59,,0.0,0,False
2026-02-22 20:19:00+00:00,,,,,,,,0.59,0.59,,0.0,0,False
2026-02-22 20:19:30+00:00,,,,,,,,0.59,0.59,,0.0,0,False
2026-02-22 20:20:00+00:00,,,,,,,,0.59,0.59,,0.0,0,False
2026-02-22 20:20:30+00:00,,,,,,,,0.59,0.59,,0.0,0,False
2026-02-22 20:21:00+00:00,,,,,,,,0.59,0.59,,0.0,0,False
2026-02-22 20:21:30+00:00,,,,,,,,0.59,0.59,,0.0,0,False
2026-02-22 20:22:00+00:00,,,,,,,,0.59,0.59,,0.0,0,False
2026-02-22 20:22:30+00:00,,,,,,,,0.59,0.59,,0.0,0,False
2026-02-22 20:23:00+00:00,,,,,,,,0.59,0.59,,0.0,0,False
2026-02-22 20:23:30+00:00,,,,,,,,0.59,0.59,,0.0,0,False
2026-02-22 20:24:00+00:00,,,,,,,,0.59,0.59,,0.0,0,False
2026-02-22 20:24:30+00:00,,,,,,,,0.59,0.59,,0.0,0,False
2026-02-22 20:25:00+00:00,,,,,,,,0.59,0.59,,0.0,0,False
2026-02-22 20:25:30+00:00,,,,,,,,0.59,0.59,,0.0,0,False
2026-02-22 20:26:00+00:00,,,,,,,,0.59,0.59,,0.0,0,False
2026-02-22 20:26:30+00:00,,,,,,,,0.59,0.59,,0.0,0,False
2026-02-22 20:27:00+00:00,,,,,,,,0.59,0.59,,0.0,0,False
2026-02-22 20:27:30+00:00,,,,,,,,0.59,0.59,,0.0,0,False
2026-02-22 20:28:00+00:00,,,,,,,,0.59,0.59,,0.0,0,False
2026-02-22 20:28:30+00:00,,,,,,,,0.59,0.59,,0.0,0,False
2026-02-22 20:29:00+00:00,,,,,,,,0.59,0.59,,0.0,0,False
2026-02-22 20:29:30+00:00,,,,,,,,0.59,0.59,,0.0,0,False
2026-02-22 20:30:00+00:00,,,,,,,,0.59,0.59,,0.0,0,False
2026-02-22 20:30:30+00:00,,,,,,,,0.59,0.59,,0.0,0,False
2026-02-22 20:31:00+00:00,,,,,,,,0.59,0.59,,0.0,0,False
2026-02-22 20:31:30+00:00,,,,,,,,0.59,0.59,,0.0,0,False
2026-02-22 20:32:00+00:00,,,,,,,,0.59,0.59,,0.0,0,False
2026-02-22 20:32:30+00:00,,,,,,,,0.59,0.59,,0.0,0,False
2026-02-22 20:33:00+00:00,,,,,,,,0.59,0.59,,0.0,0,False
2026-02-22 20:33:30+00:00,,,,,,,,0.59,0.59,,0.0,0,False
2026-02-22 20:34:00+00:00,,,,,,,,0.59,0.59,,0.0,0,False
2026-02-22 20:34:30+00:00,,,,,,,,0.59,0.59,,0.0,0,False
2026-02-22 20:35:00+00:00,,,,,,,,0.59,0.59,,0.0,0,False
2026-02-22 20:35:30+00:00,,,,,,,,0.59,0.59,,0.0,0,False
2026-02-22 20:36:00+00:00,,,,,,,,0.59,0.59,,0.0,0,False
2026-02-22 20:36:30+00:00,,,,,,,,0.59,0.59,,0.0,0,False
2026-02-22 20:37:00+00:00,,,,,,,,0.59,0.59,,0.0,0,False
2026-02-22 20:37:30+00:00,,,,,,,,0.59,0.59,,0.0,0,False
2026-02-22 20:38:00+00:00,,,,,,,,0.59,0.59,,0.0,0,False
2026-02-22 20:38:30+00:00,,,,,,,,0.59,0.59,,0.0,0,False
2026-02-22 20:39:00+00:00,,,,,,,,0.59,0.59,,0.0,0,False
2026-02-22 20:39:30+00:00,,,,,,,,0.59,0.59,,0.0,0,False
2026-02-22 20:40:00+00:00,,,,,,,,0.59,0.59,,0.0,0,False
2026-02-22 20:40:30+00:00,,,,,,,,0.59,0.59,,0.0,0,False
2026-02-22 20:41:00+00:00,,,,,,,,0.59,0.59,,0.0,0,False
2026-02-22 20:41:30+00:00,,,,,,,,0.59,0.59,,0.0,0,False
2026-02-22 20:42:00+00:00,,,,,,,,0.59,0.59,,0.0,0,False
2026-02-22 20:42:30+00:00,,,,,,,,0.59,0.59,,0.0,0,False
2026-02-22 20:43:00+00:00,,,,,,,,0.59,0.59,,0.0,0,False
2026-02-22 20:43:30+00:00,,,,,,,,0.59,0.59,,0.0,0,False
2026-02-22 20:44:00+00:00,,,,,,,,0.59,0.59,,0.0,0,False
2026-02-22 20:44:30+00:00,,,,,,,,0.59,0.59,,0.0,0,False
2026-02-22 20:45:00+00:00,,,,,,,,0.59,0.59,,0.0,0,False
2026-02-22 20:45:30+00:00,,,,,,,,0.59,0.59,,0.0,0,False
2026-02-22 20:46:00+00:00,,,,,,,,0.59,0.59,,0.0,0,False
2026-02-22 20:46:30+00:00,,,,,,,,0.59,0.59,,0.0,0,False
2026-02-22 20:47:00+00:00,,,,,,,,0.53,0.53,,4.0,1,False
2026-02-22 20:47:30+00:00,,,,,,,,0.53,0.53,,0.0,0,False
2026-02-22 20:48:00+00:00,,,,,,,,0.53,0.53,,0.0,0,False
2026-02-22 20:48:30+00:00,,,,,,,,0.53,0.53,,0.0,0,False
2026-02-22 20:49:00+00:00,,,,,,,,0.53,0.53,,0.0,0,False
2026-02-22 20:49:30+00:00,,,,,,,,0.53,0.53,,0.0,0,False
2026-02-22 20:50:00+00:00,,,,,,,,0.53,0.53,,0.0,0,False
2026-02-22 20:50:30+00:00,,,,,,,,0.53,0.53,,0.0,0,False
2026-02-22 20:51:00+00:00,,,,,,,,0.53,0.53,,0.0,0,False
2026-02-22 20:51:30+00:00,,,,,,,,0.53,0.53,,0.0,0,False
2026-02-22 20:52:00+00:00,,,,,,,,0.53,0.53,,0.0,0,False
2026-02-22 20:52:30+00:00,,,,,,,,0.53,0.53,,0.0,0,False
2026-02-22 20:53:00+00:00,,,,,,,,0.53,0.53,,0.0,0,False
2026-02-22 20:53:30+00:00,,,,,,,,0.53,0.53,,0.0,0,False
2026-02-22 20:54:00+00:00,,,,,,,,0.53,0.53,,0.0,0,False
2026-02-22 20:54:30+00:00,,,,,,,,0.53,0.53,,0.0,0,False
2026-02-22 20:55:00+00:00,,,,,,,,0.53,0.53,,0.0,0,False
2026-02-22 20:55:30+00:00,,,,,,,,0.53,0.53,,0.0,0,False
2026-02-22 20:56:00+00:00,,,,,,,,0.53,0.53,,0.0,0,False
2026-02-22 20:56:30+00:00,,,,,,,,0.53,0.53,,0.0,0,False
2026-02-22 20:57:00+00:00,,,,,,,,0.53,0.53,,0.0,0,False
2026-02-22 20:57:30+00:00,,,,,,,,0.53,0.53,,0.0,0,False
2026-02-22 20:58:00+00:00,,,,,,,,0.53,0.53,,0.0,0,False
2026-02-22 20:58:30+00:00,,,,,,,,0.53,0.53,,0.0,0,False
2026-02-22 20:59:00+00:00,,,,,,,,0.53,0.53,,0.0,0,False
2026-02-22 20:59:30+00:00,,,,,,,,0.53,0.53,,0.0,0,False
2026-02-22 21:00:00+00:00,,,,,,,,0.53,0.53,,0.0,0,False
2026-02-22 21:00:30+00:00,,,,,,,,0.53,0.53,,0.0,0,False
2026-02-22 21:01:00+00:00,,,,,,,,0.53,0.53,,0.0,0,False
2026-02-22 21:01:30+00:00,,,,,,,,0.53,0.53,,0.0,0,False
2026-02-22 21:02:00+00:00,,,,,,,,0.53,0.53,,0.0,0,False
2026-02-22 21:02:30+00:00,,,,,,,,0.53,0.53,,0.0,0,False
2026-02-22 21:03:00+00:00,,,,,,,,0.53,0.53,,0.0,0,False
2026-02-22 21:03:30+00:00,,,,,,,,0.53,0.53,,0.0,0,False
2026-02-22 21:04:00+00:00,,,,,,,,0.53,0.53,,0.0,0,False
2026-02-22 21:04:30+00:00,,,,,,,,0.53,0.53,,0.0,0,False
2026-02-22 21:05:00+00:00,,,,,,,,0.53,0.53,,0.0,0,False
2026-02-22 21:05:30+00:00,,,,,,,,0.53,0.53,,0.0,0,False
2026-02-22 21:06:00+00:00,,,,,,,,0.53,0.53,,0.0,0,False
2026-02-22 21:06:30+00:00,,,,,,,,0.53,0.53,,0.0,0,False
2026-02-22 21:07:00+00:00,,,,,,,,0.53,0.53,,0.0,0,False
2026-02-22 21:07:30+00:00,,,,,,,,0.53,0.53,,0.0,0,False
2026-02-22 21:08:00+00:00,,,,,,,,0.53,0.53,,0.0,0,False
2026-02-22 21:08:30+00:00,,,,,,,,0.53,0.53,,0.0,0,False
2026-02-22 21:09:00+00:00,,,,,,,,0.53,0.53,,0.0,0,False
2026-02-22 21:09:30+00:00,,,,,,,,0.53,0.53,,0.0,0,False
2026-02-22 21:10:00+00:00,,,,,,,,0.53,0.53,,0.0,0,False
2026-02-22 21:10:30+00:00,,,,,,,,0.53,0.53,,0.0,0,False
2026-02-22 21:11:00+00:00,,,,,,,,0.53,0.53,,0.0,0,False
2026-02-22 21:11:30+00:00,,,,,,,,0.53,0.53,,0.0,0,False
2026-02-22 21:12:00+00:00,,,,,,,,0.53,0.53,,0.0,0,False
2026-02-22 21:12:30+00:00,,,,,,,,0.53,0.53,,0.0,0,False
2026-02-22 21:13:00+00:00,,,,,,,,0.53,0.53,,0.0,0,False
2026-02-22 21:13:30+00:00,,,,,,,,0.53,0.53,,0.0,0,False
2026-02-22 21:14:00+00:00,,,,,,,,0.53,0.53,,0.0,0,False
2026-02-22 21:14:30+00:00,,,,,,,,0.53,0.53,,0.0,0,False
2026-02-22 21:15:00+00:00,,,,,,,,0.53,0.53,,0.0,0,False
2026-02-22 21:15:30+00:00,,,,,,,,0.53,0.53,,0.0,0,False
2026-02-22 21:16:00+00:00,,,,,,,,0.53,0.53,,0.0,0,False
2026-02-22 21:16:30+00:00,,,,,,,,0.53,0.53,,0.0,0,False
2026-02-22 21:17:00+00:00,,,,,,,,0.53,0.53,,0.0,0,False
2026-02-22 21:17:30+00:00,,,,,,,,0.5900000000000001,0.5900000000000001,,125.0,1,False
2026-02-22 21:18:00+00:00,,,,,,,,0.5900000000000001,0.5900000000000001,,0.0,0,False
2026-02-22 21:18:30+00:00,,,,,,,,0.59,0.59,,16.0,1,False
2026-02-22 21:19:00+00:00,,,,,,,,0.59,0.59,,0.0,0,False
2026-02-22 21:19:30+00:00,,,,,,,,0.59,0.59,,0.0,0,False
2026-02-22 21:20:00+00:00,,,,,,,,0.59,0.59,,0.0,0,False
2026-02-22 21:20:30+00:00,,,,,,,,0.59,0.59,,0.0,0,False
2026-02-22 21:21:00+00:00,,,,,,,,0.59,0.59,,0.0,0,False
2026-02-22 21:21:30+00:00,,,,,,,,0.59,0.59,,16.0,1,False
2026-02-22 21:22:00+00:00,,,,,,,,0.59,0.59,,0.0,0,False
2026-02-22 21:22:30+00:00,,,,,,,,0.59,0.59,,0.0,0,False
2026-02-22 21:23:00+00:00,,,,,,,,0.59,0.59,,0.0,0,False
2026-02-22 21:23:30+00:00,,,,,,,,0.59,0.59,,0.0,0,False
2026-02-22 21:24:00+00:00,,,,,,,,0.59,0.59,,0.0,0,False
2026-02-22 21:24:30+00:00,,,,,,,,0.59,0.59,,0.0,0,False
2026-02-22 21:25:00+00:00,,,,,,,,0.59,0.59,,0.0,0,False
2026-02-22 21:25:30+00:00,,,,,,,,0.59,0.59,,0.0,0,False
2026-02-22 21:26:00+00:00,,,,,,,,0.59,0.59,,0.0,0,False
2026-02-22 21:26:30+00:00,,,,,,,,0.59,0.59,,0.0,0,False
2026-02-22 21:27:00+00:00,,,,,,,,0.59,0.59,,10.0,1,False
2026-02-22 21:27:30+00:00,,,,,,,,0.59,0.59,,0.0,0,False
2026-02-22 21:28:00+00:00,,,,,,,,0.59,0.59,,0.0,0,False
2026-02-22 21:28:30+00:00,,,,,,,,0.59,0.59,,0.0,0,False
2026-02-22 21:29:00+00:00,,,,,,,,0.59,0.59,,0.0,0,False
2026-02-22 21:29:30+00:00,,,,,,,,0.59,0.59,,0.0,0,False
2026-02-22 21:30:00+00:00,,,,,,,,0.59,0.59,,0.0,0,False
2026-02-22 21:30:30+00:00,,,,,,,,0.59,0.59,,0.0,0,False
2026-02-22 21:31:00+00:00,,,,,,,,0.59,0.59,,0.0,0,False
2026-02-22 21:31:30+00:00,,,,,,,,0.59,0.59,,0.0,0,False
2026-02-22 21:32:00+00:00,,,,,,,,0.59,0.59,,0.0,0,False
2026-02-22 21:32:30+00:00,,,,,,,,0.59,0.59,,0.0,0,False
2026-02-22 21:33:00+00:00,,,,,,,,0.59,0.59,,0.0,0,False
2026-02-22 21:33:30+00:00,,,,,,,,0.59,0.59,,0.0,0,False
2026-02-22 21:34:00+00:00,,,,,,,,0.59,0.59,,0.0,0,False
2026-02-22 21:34:30+00:00,,,,,,,,0.59,0.59,,0.0,0,False
2026-02-22 21:35:00+00:00,,,,,,,,0.59,0.59,,0.0,0,False
2026-02-22 21:35:30+00:00,,,,,,,,0.59,0.59,,0.0,0,False
2026-02-22 21:36:00+00:00,,,,,,,,0.59,0.59,,0.0,0,False
2026-02-22 21:36:30+00:00,,,,,,,,0.59,0.59,,0.0,0,False
2026-02-22 21:37:00+00:00,,,,,,,,0.59,0.59,,0.0,0,False
2026-02-22 21:37:30+00:00,,,,,,,,0.59,0.59,,0.0,0,False
2026-02-22 21:38:00+00:00,,,,,,,,0.59,0.59,,0.0,0,False
2026-02-22 21:38:30+00:00,,,,,,,,0.59,0.59,,0.0,0,False
2026-02-22 21:39:00+00:00,,,,,,,,0.59,0.59,,0.0,0,False
2026-02-22 21:39:30+00:00,,,,,,,,0.59,0.59,,0.0,0,False
2026-02-22 21:40:00+00:00,,,,,,,,0.59,0.59,,0.0,0,False
2026-02-22 21:40:30+00:00,,,,,,,,0.59,0.59,,0.0,0,False
2026-02-22 21:41:00+00:00,,,,,,,,0.59,0.59,,0.0,0,False
2026-02-22 21:41:30+00:00,,,,,,,,0.59,0.59,,0.0,0,False
2026-02-22 21:42:00+00:00,,,,,,,,0.59,0.59,,0.0,0,False
2026-02-22 21:42:30+00:00,,,,,,,,0.59,0.59,,0.0,0,False
2026-02-22 21:43:00+00:00,,,,,,,,0.59,0.59,,0.0,0,False
2026-02-22 21:43:30+00:00,,,,,,,,0.59,0.59,,0.0,0,False
2026-02-22 21:44:00+00:00,,,,,,,,0.59,0.59,,0.0,0,False
2026-02-22 21:44:30+00:00,,,,,,,,0.59,0.59,,0.0,0,False
2026-02-22 21:45:00+00:00,,,,,,,,0.59,0.59,,0.0,0,False
2026-02-22 21:45:30+00:00,,,,,,,,0.59,0.59,,0.0,0,False
2026-02-22 21:46:00+00:00,,,,,,,,0.59,0.59,,0.0,0,False
2026-02-22 21:46:30+00:00,,,,,,,,0.59,0.59,,0.0,0,False
2026-02-22 21:47:00+00:00,,,,,,,,0.59,0.59,,0.0,0,False
2026-02-22 21:47:30+00:00,,,,,,,,0.59,0.59,,0.0,0,False
2026-02-22 21:48:00+00:00,,,,,,,,0.59,0.59,,0.0,0,False
2026-02-22 21:48:30+00:00,,,,,,,,0.59,0.59,,0.0,0,False
2026-02-22 21:49:00+00:00,,,,,,,,0.59,0.59,,0.0,0,False
2026-02-22 21:49:30+00:00,,,,,,,,0.59,0.59,,0.0,0,False
2026-02-22 21:50:00+00:00,,,,,,,,0.59,0.59,,0.0,0,False
2026-02-22 21:50:30+00:00,,,,,,,,0.59,0.59,,0.0,0,False
2026-02-22 21:51:00+00:00,,,,,,,,0.59,0.59,,0.0,0,False
2026-02-22 21:51:30+00:00,,,,,,,,0.59,0.59,,0.0,0,False
2026-02-22 21:52:00+00:00,,,,,,,,0.59,0.59,,0.0,0,False
2026-02-22 21:52:30+00:00,,,,,,,,0.59,0.59,,0.0,0,False
2026-02-22 21:53:00+00:00,,,,,,,,0.59,0.59,,0.0,0,False
2026-02-22 21:53:30+00:00,,,,,,,,0.59,0.59,,0.0,0,False
2026-02-22 21:54:00+00:00,,,,,,,,0.59,0.59,,0.0,0,False
2026-02-22 21:54:30+00:00,,,,,,,,0.59,0.59,,0.0,0,False
2026-02-22 21:55:00+00:00,,,,,,,,0.59,0.59,,0.0,0,False
2026-02-22 21:55:30+00:00,,,,,,,,0.59,0.59,,0.0,0,False
2026-02-22 21:56:00+00:00,,,,,,,,0.59,0.59,,0.0,0,False
2026-02-22 21:56:30+00:00,,,,,,,,0.59,0.59,,0.0,0,False
2026-02-22 21:57:00+00:00,,,,,,,,0.59,0.59,,0.0,0,False
2026-02-22 21:57:30+00:00,,,,,,,,0.59,0.59,,0.0,0,False
2026-02-22 21:58:00+00:00,,,,,,,,0.59,0.59,,0.0,0,False
2026-02-22 21:58:30+00:00,,,,,,,,0.59,0.59,,0.0,0,False
2026-02-22 21:59:00+00:00,,,,,,,,0.59,0.59,,0.0,0,False
2026-02-22 21:59:30+00:00,,,,,,,,0.59,0.59,,0.0,0,False
2026-02-22 22:00:00+00:00,,,,,,,,0.59,0.59,,0.0,0,False
2026-02-22 22:00:30+00:00,,,,,,,,0.59,0.59,,0.0,0,False
2026-02-22 22:01:00+00:00,,,,,,,,0.59,0.59,,0.0,0,False
2026-02-22 22:01:30+00:00,,,,,,,,0.59,0.59,,0.0,0,False
2026-02-22 22:02:00+00:00,,,,,,,,0.59,0.59,,0.0,0,False
2026-02-22 22:02:30+00:00,,,,,,,,0.59,0.59,,0.0,0,False
2026-02-22 22:03:00+00:00,,,,,,,,0.59,0.59,,0.0,0,False
2026-02-22 22:03:30+00:00,,,,,,,,0.59,0.59,,0.0,0,False
2026-02-22 22:04:00+00:00,,,,,,,,0.59,0.59,,0.0,0,False
2026-02-22 22:04:30+00:00,,,,,,,,0.59,0.59,,20.0,1,False
2026-02-22 22:05:00+00:00,,,,,,,,0.59,0.59,,0.0,0,False
2026-02-22 22:05:30+00:00,,,,,,,,0.59,0.59,,0.0,0,False
2026-02-22 22:06:00+00:00,,,,,,,,0.59,0.59,,0.0,0,False
2026-02-22 22:06:30+00:00,,,,,,,,0.59,0.59,,0.0,0,False
2026-02-22 22:07:00+00:00,,,,,,,,0.59,0.59,,0.0,0,False
2026-02-22 22:07:30+00:00,,,,,,,,0.59,0.59,,0.0,0,False
2026-02-22 22:08:00+00:00,,,,,,,,0.59,0.59,,0.0,0,False
2026-02-22 22:08:30+00:00,,,,,,,,0.59,0.59,,0.0,0,False
2026-02-22 22:09:00+00:00,,,,,,,,0.59,0.59,,0.0,0,False
2026-02-22 22:09:30+00:00,,,,,,,,0.59,0.59,,0.0,0,False
2026-02-22 22:10:00+00:00,,,,,,,,0.59,0.59,,0.0,0,False
2026-02-22 22:10:30+00:00,,,,,,,,0.59,0.59,,0.0,0,False
2026-02-22 22:11:00+00:00,,,,,,,,0.59,0.59,,0.0,0,False
2026-02-22 22:11:30+00:00,,,,,,,,0.59,0.59,,0.0,0,False
2026-02-22 22:12:00+00:00,,,,,,,,0.59,0.59,,0.0,0,False
2026-02-22 22:12:30+00:00,,,,,,,,0.59,0.59,,0.0,0,False
2026-02-22 22:13:00+00:00,,,,,,,,0.59,0.59,,0.0,0,False
2026-02-22 22:13:30+00:00,,,,,,,,0.59,0.59,,0.0,0,False
2026-02-22 22:14:00+00:00,,,,,,,,0.59,0.59,,0.0,0,False
2026-02-22 22:14:30+00:00,,,,,,,,0.59,0.59,,0.0,0,False
2026-02-22 22:15:00+00:00,,,,,,,,0.59,0.59,,40.0,1,False
2026-02-22 22:15:30+00:00,,,,,,,,0.59,0.59,,0.0,0,False
2026-02-22 22:16:00+00:00,,,,,,,,0.59,0.59,,0.0,0,False
2026-02-22 22:16:30+00:00,,,,,,,,0.59,0.59,,0.0,0,False
2026-02-22 22:17:00+00:00,,,,,,,,0.59,0.59,,0.0,0,False
2026-02-22 22:17:30+00:00,,,,,,,,0.59,0.59,,0.0,0,False
2026-02-22 22:18:00+00:00,,,,,,,,0.59,0.59,,0.0,0,False
2026-02-22 22:18:30+00:00,,,,,,,,0.59,0.59,,0.0,0,False
2026-02-22 22:19:00+00:00,,,,,,,,0.59,0.59,,2.0,2,False
2026-02-22 22:19:30+00:00,,,,,,,,0.59,0.59,,0.0,0,False
2026-02-22 22:20:00+00:00,,,,,,,,0.59,0.59,,0.0,0,False
2026-02-22 22:20:30+00:00,,,,,,,,0.59,0.59,,0.0,0,False
2026-02-22 22:21:00+00:00,,,,,,,,0.59,0.59,,0.0,0,False
2026-02-22 22:21:30+00:00,,,,,,,,0.59,0.59,,0.0,0,False
2026-02-22 22:22:00+00:00,,,,,,,,0.59,0.59,,0.0,0,False
2026-02-22 22:22:30+00:00,,,,,,,,0.59,0.59,,0.0,0,False
2026-02-22 22:23:00+00:00,,,,,,,,0.59,0.59,,0.0,0,False
2026-02-22 22:23:30+00:00,,,,,,,,0.59,0.59,,0.0,0,False
2026-02-22 22:24:00+00:00,,,,,,,,0.59,0.59,,0.0,0,False
2026-02-22 22:24:30+00:00,,,,,,,,0.59,0.59,,0.0,0,False
2026-02-22 22:25:00+00:00,,,,,,,,0.59,0.59,,0.0,0,False
2026-02-22 22:25:30+00:00,,,,,,,,0.59,0.59,,0.0,0,False
2026-02-22 22:26:00+00:00,,,,,,,,0.59,0.59,,0.0,0,False
2026-02-22 22:26:30+00:00,,,,,,,,0.59,0.59,,16.0,1,False
2026-02-22 22:27:00+00:00,,,,,,,,0.59,0.59,,0.0,0,False
2026-02-22 22:27:30+00:00,,,,,,,,0.59,0.59,,0.0,0,False
2026-02-22 22:28:00+00:00,,,,,,,,0.59,0.59,,20.0,1,False
2026-02-22 22:28:30+00:00,,,,,,,,0.59,0.59,,0.0,0,False
2026-02-22 22:29:00+00:00,,,,,,,,0.59,0.59,,18.0,1,False
2026-02-22 22:29:30+00:00,,,,,,,,0.59,0.59,,0.0,0,False
2026-02-22 22:30:00+00:00,,,,,,,,0.59,0.59,,0.0,0,False
2026-02-22 22:30:30+00:00,,,,,,,,0.59,0.59,,0.0,0,False
2026-02-22 22:31:00+00:00,,,,,,,,0.59,0.59,,0.0,0,False
2026-02-22 22:31:30+00:00,,,,,,,,0.59,0.59,,0.0,0,False
2026-02-22 22:32:00+00:00,,,,,,,,0.59,0.59,,0.0,0,False
2026-02-22 22:32:30+00:00,,,,,,,,0.59,0.59,,0.0,0,False
2026-02-22 22:33:00+00:00,,,,,,,,0.59,0.59,,0.0,0,False
2026-02-22 22:33:30+00:00,,,,,,,,0.59,0.59,,0.0,0,False
2026-02-22 22:34:00+00:00,,,,,,,,0.59,0.59,,0.0,0,False
2026-02-22 22:34:30+00:00,,,,,,,,0.59,0.59,,0.0,0,False
2026-02-22 22:35:00+00:00,,,,,,,,0.59,0.59,,0.0,0,False
2026-02-22 22:35:30+00:00,,,,,,,,0.59,0.59,,0.0,0,False
2026-02-22 22:36:00+00:00,,,,,,,,0.59,0.59,,0.0,0,False
2026-02-22 22:36:30+00:00,,,,,,,,0.59,0.59,,0.0,0,False
2026-02-22 22:37:00+00:00,,,,,,,,0.59,0.59,,0.0,0,False
2026-02-22 22:37:30+00:00,,,,,,,,0.59,0.59,,19.0,1,False
2026-02-22 22:38:00+00:00,,,,,,,,0.59,0.59,,0.0,0,False
2026-02-22 22:38:30+00:00,,,,,,,,0.59,0.59,,0.0,0,False
2026-02-22 22:39:00+00:00,,,,,,,,0.59,0.59,,0.0,0,False
2026-02-22 22:39:30+00:00,,,,,,,,0.53,0.53,,59.0,1,False
2026-02-22 22:40:00+00:00,,,,,,,,0.53,0.53,,30.0,1,False
2026-02-22 22:40:30+00:00,,,,,,,,0.53,0.53,,0.0,0,False
2026-02-22 22:41:00+00:00,,,,,,,,0.53,0.53,,0.0,0,False
2026-02-22 22:41:30+00:00,,,,,,,,0.53,0.53,,0.0,0,False
2026-02-22 22:42:00+00:00,,,,,,,,0.53,0.53,,0.0,0,False
2026-02-22 22:42:30+00:00,,,,,,,,0.53,0.53,,0.0,0,False
2026-02-22 22:43:00+00:00,,,,,,,,0.53,0.53,,0.0,0,False
2026-02-22 22:43:30+00:00,,,,,,,,0.53,0.53,,0.0,0,False
2026-02-22 22:44:00+00:00,,,,,,,,0.53,0.53,,0.0,0,False
2026-02-22 22:44:30+00:00,,,,,,,,0.53,0.53,,0.0,0,False
2026-02-22 22:45:00+00:00,,,,,,,,0.53,0.53,,0.0,0,False
2026-02-22 22:45:30+00:00,,,,,,,,0.53,0.53,,0.0,0,False
2026-02-22 22:46:00+00:00,,,,,,,,0.53,0.53,,0.0,0,False
2026-02-22 22:46:30+00:00,,,,,,,,0.53,0.53,,0.0,0,False
2026-02-22 22:47:00+00:00,,,,,,,,0.53,0.53,,0.0,0,False
2026-02-22 22:47:30+00:00,,,,,,,,0.53,0.53,,0.0,0,False
2026-02-22 22:48:00+00:00,,,,,,,,0.53,0.53,,0.0,0,False
2026-02-22 22:48:30+00:00,,,,,,,,0.53,0.53,,0.0,0,False
2026-02-22 22:49:00+00:00,,,,,,,,0.53,0.53,,0.0,0,False
2026-02-22 22:49:30+00:00,,,,,,,,0.53,0.53,,0.0,0,False
2026-02-22 22:50:00+00:00,,,,,,,,0.53,0.53,,0.0,0,False
2026-02-22 22:50:30+00:00,,,,,,,,0.59,0.59,,9.0,1,False
2026-02-22 22:51:00+00:00,,,,,,,,0.59,0.59,,0.0,0,False
2026-02-22 22:51:30+00:00,,,,,,,,0.59,0.59,,0.0,0,False
2026-02-22 22:52:00+00:00,,,,,,,,0.59,0.59,,0.0,0,False
2026-02-22 22:52:30+00:00,,,,,,,,0.59,0.59,,0.0,0,False
2026-02-22 22:53:00+00:00,,,,,,,,0.59,0.59,,0.0,0,False
2026-02-22 22:53:30+00:00,,,,,,,,0.59,0.59,,0.0,0,False
2026-02-22 22:54:00+00:00,,,,,,,,0.59,0.59,,0.0,0,False
2026-02-22 22:54:30+00:00,,,,,,,,0.59,0.59,,0.0,0,False
2026-02-22 22:55:00+00:00,,,,,,,,0.59,0.59,,0.0,0,False
2026-02-22 22:55:30+00:00,,,,,,,,0.59,0.59,,0.0,0,False
2026-02-22 22:56:00+00:00,,,,,,,,0.59,0.59,,0.0,0,False
2026-02-22 22:56:30+00:00,,,,,,,,0.59,0.59,,0.0,0,False
2026-02-22 22:57:00+00:00,,,,,,,,0.59,0.59,,0.0,0,False
2026-02-22 22:57:30+00:00,,,,,,,,0.59,0.59,,0.0,0,False
2026-02-22 22:58:00+00:00,,,,,,,,0.59,0.59,,0.0,0,False
2026-02-22 22:58:30+00:00,,,,,,,,0.59,0.59,,0.0,0,False
2026-02-22 22:59:00+00:00,,,,,,,,0.59,0.59,,0.0,0,False
2026-02-22 22:59:30+00:00,,,,,,,,0.59,0.59,,0.0,0,False
2026-02-22 23:00:00+00:00,,,,,,,,0.59,0.59,,0.0,0,False
2026-02-22 23:00:30+00:00,,,,,,,,0.59,0.59,,0.0,0,False
2026-02-22 23:01:00+00:00,,,,,,,,0.59,0.59,,16.0,1,False
2026-02-22 23:01:30+00:00,,,,,,,,0.59,0.59,,0.0,0,False
2026-02-22 23:02:00+00:00,,,,,,,,0.59,0.59,,0.0,0,False
2026-02-22 23:02:30+00:00,,,,,,,,0.59,0.59,,0.0,0,False
2026-02-22 23:03:00+00:00,,,,,,,,0.59,0.59,,0.0,0,False
2026-02-22 23:03:30+00:00,,,,,,,,0.59,0.59,,0.0,0,False
2026-02-22 23:04:00+00:00,,,,,,,,0.59,0.59,,0.0,0,False
2026-02-22 23:04:30+00:00,,,,,,,,0.59,0.59,,0.0,0,False
2026-02-22 23:05:00+00:00,,,,,,,,0.59,0.59,,0.0,0,False
2026-02-22 23:05:30+00:00,,,,,,,,0.59,0.59,,0.0,0,False
2026-02-22 23:06:00+00:00,,,,,,,,0.59,0.59,,0.0,0,False
2026-02-22 23:06:30+00:00,,,,,,,,0.58,0.58,,16.0,1,False
2026-02-22 23:07:00+00:00,,,,,,,,0.58,0.58,,0.0,0,False
2026-02-22 23:07:30+00:00,,,,,,,,0.58,0.58,,0.0,0,False
2026-02-22 23:08:00+00:00,,,,,,,,0.575,0.5700000000000001,,20.0,2,False
2026-02-22 23:08:30+00:00,,,,,,,,0.575,0.5700000000000001,,0.0,0,False
2026-02-22 23:09:00+00:00,,,,,,,,0.58,0.58,,13.0,1,False
2026-02-22 23:09:30+00:00,,,,,,,,0.58,0.58,,0.0,0,False
2026-02-22 23:10:00+00:00,,,,,,,,0.58,0.58,,0.0,0,False
2026-02-22 23:10:30+00:00,,,,,,,,0.58,0.58,,0.0,0,False
2026-02-22 23:11:00+00:00,,,,,,,,0.58,0.58,,0.0,0,False
2026-02-22 23:11:30+00:00,,,,,,,,0.58,0.58,,0.0,0,False
2026-02-22 23:12:00+00:00,,,,,,,,0.58,0.58,,0.0,0,False
2026-02-22 23:12:30+00:00,,,,,,,,0.58,0.58,,0.0,0,False
2026-02-22 23:13:00+00:00,,,,,,,,0.58,0.58,,0.0,0,False
2026-02-22 23:13:30+00:00,,,,,,,,0.58,0.58,,0.0,0,False
2026-02-22 23:14:00+00:00,,,,,,,,0.58,0.58,,0.0,0,False
2026-02-22 23:14:30+00:00,,,,,,,,0.58,0.58,,0.0,0,False
2026-02-22 23:15:00+00:00,,,,,,,,0.58,0.58,,0.0,0,False
2026-02-22 23:15:30+00:00,,,,,,,,0.58,0.58,,0.0,0,False
2026-02-22 23:16:00+00:00,,,,,,,,0.58,0.58,,0.0,0,False
2026-02-22 23:16:30+00:00,,,,,,,,0.58,0.58,,0.0,0,False
2026-02-22 23:17:00+00:00,,,,,,,,0.58,0.58,,0.0,0,False
2026-02-22 23:17:30+00:00,,,,,,,,0.58,0.58,,0.0,0,False
2026-02-22 23:18:00+00:00,,,,,,,,0.58,0.58,,0.0,0,False
2026-02-22 23:18:30+00:00,,,,,,,,0.58,0.58,,0.0,0,False
2026-02-22 23:19:00+00:00,,,,,,,,0.58,0.58,,0.0,0,False
2026-02-22 23:19:30+00:00,,,,,,,,0.58,0.58,,0.0,0,False
2026-02-22 23:20:00+00:00,,,,,,,,0.58,0.58,,0.0,0,False
2026-02-22 23:20:30+00:00,,,,,,,,0.58,0.58,,0.0,0,False
2026-02-22 23:21:00+00:00,,,,,,,,0.58,0.58,,0.0,0,False
2026-02-22 23:21:30+00:00,,,,,,,,0.58,0.58,,0.0,0,False
2026-02-22 23:22:00+00:00,,,,,,,,0.58,0.58,,0.0,0,False
2026-02-22 23:22:30+00:00,,,,,,,,0.58,0.58,,0.0,0,False
2026-02-22 23:23:00+00:00,,,,,,,,0.55,0.55,,10.0,1,False
2026-02-22 23:23:30+00:00,,,,,,,,0.55,0.55,,0.0,0,False
2026-02-22 23:24:00+00:00,,,,,,,,0.55,0.55,,0.0,0,False
2026-02-22 23:24:30+00:00,,,,,,,,0.55,0.55,,0.0,0,False
2026-02-22 23:25:00+00:00,,,,,,,,0.55,0.55,,0.0,0,False
2026-02-22 23:25:30+00:00,,,,,,,,0.55,0.55,,0.0,0,False
2026-02-22 23:26:00+00:00,,,,,,,,0.55,0.55,,0.0,0,False
2026-02-22 23:26:30+00:00,,,,,,,,0.55,0.55,,0.0,0,False
2026-02-22 23:27:00+00:00,,,,,,,,0.53,0.53,,47.0,1,False
2026-02-22 23:27:30+00:00,,,,,,,,0.53,0.53,,0.0,0,False
2026-02-22 23:28:00+00:00,,,,,,,,0.53,0.53,,0.0,0,False
2026-02-22 23:28:30+00:00,,,,,,,,0.53,0.53,,0.0,0,False
2026-02-22 23:29:00+00:00,,,,,,,,0.53,0.53,,0.0,0,False
2026-02-22 23:29:30+00:00,,,,,,,,0.53,0.53,,0.0,0,False
2026-02-22 23:30:00+00:00,,,,,,,,0.59,0.59,,16.0,1,False
2026-02-22 23:30:30+00:00,,,,,,,,0.59,0.59,,1.0,1,False
2026-02-22 23:31:00+00:00,,,,,,,,0.59,0.59,,0.0,0,False
2026-02-22 23:31:30+00:00,,,,,,,,0.59,0.59,,0.0,0,False
2026-02-22 23:32:00+00:00,,,,,,,,0.59,0.59,,0.0,0,False
2026-02-22 23:32:30+00:00,,,,,,,,0.59,0.59,,0.0,0,False
2026-02-22 23:33:00+00:00,,,,,,,,0.59,0.59,,0.0,0,False
2026-02-22 23:33:30+00:00,,,,,,,,0.59,0.59,,0.0,0,False
2026-02-22 23:34:00+00:00,,,,,,,,0.59,0.59,,0.0,0,False
2026-02-22 23:34:30+00:00,,,,,,,,0.59,0.59,,0.0,0,False
2026-02-22 23:35:00+00:00,,,,,,,,0.59,0.59,,0.0,0,False
2026-02-22 23:35:30+00:00,,,,,,,,0.59,0.59,,0.0,0,False
2026-02-22 23:36:00+00:00,,,,,,,,0.59,0.59,,0.0,0,False
2026-02-22 23:36:30+00:00,,,,,,,,0.59,0.59,,0.0,0,False
2026-02-22 23:37:00+00:00,,,,,,,,0.59,0.59,,0.0,0,False
2026-02-22 23:37:30+00:00,,,,,,,,0.59,0.59,,0.0,0,False
2026-02-22 23:38:00+00:00,,,,,,,,0.59,0.59,,0.0,0,False
2026-02-22 23:38:30+00:00,,,,,,,,0.59,0.59,,0.0,0,False
2026-02-22 23:39:00+00:00,,,,,,,,0.59,0.59,,0.0,0,False
2026-02-22 23:39:30+00:00,,,,,,,,0.59,0.59,,0.0,0,False
2026-02-22 23:40:00+00:00,,,,,,,,0.59,0.59,,0.0,0,False
2026-02-22 23:40:30+00:00,,,,,,,,0.59,0.59,,0.0,0,False
2026-02-22 23:41:00+00:00,,,,,,,,0.59,0.59,,0.0,0,False
2026-02-22 23:41:30+00:00,,,,,,,,0.59,0.59,,0.0,0,False
2026-02-22 23:42:00+00:00,,,,,,,,0.59,0.59,,0.0,0,False
2026-02-22 23:42:30+00:00,,,,,,,,0.59,0.59,,0.0,0,False
2026-02-22 23:43:00+00:00,,,,,,,,0.59,0.59,,0.0,0,False
2026-02-22 23:43:30+00:00,,,,,,,,0.59,0.59,,0.0,0,False
2026-02-22 23:44:00+00:00,,,,,,,,0.59,0.59,,0.0,0,False
2026-02-22 23:44:30+00:00,,,,,,,,0.59,0.59,,0.0,0,False
2026-02-22 23:45:00+00:00,,,,,,,,0.59,0.59,,0.0,0,False
2026-02-22 23:45:30+00:00,,,,,,,,0.59,0.59,,0.0,0,False
2026-02-22 23:46:00+00:00,,,,,,,,0.59,0.59,,0.0,0,False
2026-02-22 23:46:30+00:00,,,,,,,,0.59,0.59,,0.0,0,False
2026-02-22 23:47:00+00:00,,,,,,,,0.59,0.59,,200.0,3,False
2026-02-22 23:47:30+00:00,,,,,,,,0.59,0.59,,0.0,0,False
2026-02-22 23:48:00+00:00,,,,,,,,0.59,0.59,,0.0,0,False
2026-02-22 23:48:30+00:00,,,,,,,,0.59,0.59,,0.0,0,False
2026-02-22 23:49:00+00:00,,,,,,,,0.59,0.59,,0.0,0,False
2026-02-22 23:49:30+00:00,,,,,,,,0.59,0.59,,4.0,1,False
2026-02-22 23:50:00+00:00,,,,,,,,0.59,0.59,,82.0,1,False
2026-02-22 23:50:30+00:00,,,,,,,,0.59,0.59,,0.0,0,False
2026-02-22 23:51:00+00:00,,,,,,,,0.59,0.59,,0.0,0,False
2026-02-22 23:51:30+00:00,,,,,,,,0.59,0.59,,32.0,1,False
2026-02-22 23:52:00+00:00,,,,,,,,0.59,0.59,,0.0,0,False
2026-02-22 23:52:30+00:00,,,,,,,,0.59,0.59,,0.0,0,False
2026-02-22 23:53:00+00:00,,,,,,,,0.59,0.59,,32.0,1,False
2026-02-22 23:53:30+00:00,,,,,,,,0.59,0.59,,0.0,0,False
2026-02-22 23:54:00+00:00,,,,,,,,0.59,0.59,,0.0,0,False
2026-02-22 23:54:30+00:00,,,,,,,,0.59,0.59,,16.0,1,False
2026-02-22 23:55:00+00:00,,,,,,,,0.59,0.59,,0.0,0,False
2026-02-22 23:55:30+00:00,,,,,,,,0.59,0.59,,0.0,0,False
2026-02-22 23:56:00+00:00,,,,,,,,0.59,0.59,,0.0,0,False
2026-02-22 23:56:30+00:00,,,,,,,,0.59,0.59,,0.0,0,False
2026-02-22 23:57:00+00:00,,,,,,,,0.59,0.59,,0.0,0,False
2026-02-22 23:57:30+00:00,,,,,,,,0.59,0.59,,0.0,0,False
2026-02-22 23:58:00+00:00,,,,,,,,0.59,0.59,,0.0,0,False
2026-02-22 23:58:30+00:00,,,,,,,,0.59,0.59,,0.0,0,False
2026-02-22 23:59:00+00:00,,,,,,,,0.59,0.59,,0.0,0,False
2026-02-22 23:59:30+00:00,,,,,,,,0.59,0.59,,0.0,0,False
2026-02-23 00:00:00+00:00,,,,,,,,0.59,0.59,,0.0,0,False
2026-02-23 00:00:30+00:00,,,,,,,,0.59,0.59,,0.0,0,False
2026-02-23 00:01:00+00:00,,,,,,,,0.59,0.59,,0.0,0,False
2026-02-23 00:01:30+00:00,,,,,,,,0.59,0.59,,0.0,0,False
2026-02-23 00:02:00+00:00,,,,,,,,0.59,0.59,,0.0,0,False
2026-02-23 00:02:30+00:00,,,,,,,,0.59,0.59,,0.0,0,False
2026-02-23 00:03:00+00:00,,,,,,,,0.59,0.59,,0.0,0,False
2026-02-23 00:03:30+00:00,,,,,,,,0.59,0.59,,0.0,0,False
2026-02-23 00:04:00+00:00,,,,,,,,0.59,0.59,,0.0,0,False
2026-02-23 00:04:30+00:00,,,,,,,,0.59,0.59,,0.0,0,False
2026-02-23 00:05:00+00:00,,,,,,,,0.59,0.59,,0.0,0,False
2026-02-23 00:05:30+00:00,,,,,,,,0.59,0.59,,0.0,0,False
2026-02-23 00:06:00+00:00,,,,,,,,0.59,0.59,,0.0,0,False
2026-02-23 00:06:30+00:00,,,,,,,,0.59,0.59,,0.0,0,False
2026-02-23 00:07:00+00:00,,,,,,,,0.59,0.59,,0.0,0,False
2026-02-23 00:07:30+00:00,,,,,,,,0.59,0.59,,0.0,0,False
2026-02-23 00:08:00+00:00,,,,,,,,0.59,0.59,,0.0,0,False
2026-02-23 00:08:30+00:00,,,,,,,,0.59,0.59,,0.0,0,False
2026-02-23 00:09:00+00:00,,,,,,,,0.59,0.59,,0.0,0,False
2026-02-23 00:09:30+00:00,,,,,,,,0.59,0.59,,0.0,0,False
2026-02-23 00:10:00+00:00,,,,,,,,0.59,0.59,,0.0,0,False
2026-02-23 00:10:30+00:00,,,,,,,,0.59,0.59,,0.0,0,False
2026-02-23 00:11:00+00:00,,,,,,,,0.59,0.59,,0.0,0,False
2026-02-23 00:11:30+00:00,,,,,,,,0.59,0.59,,0.0,0,False
2026-02-23 00:12:00+00:00,,,,,,,,0.59,0.59,,0.0,0,False
2026-02-23 00:12:30+00:00,,,,,,,,0.59,0.59,,0.0,0,False
2026-02-23 00:13:00+00:00,,,,,,,,0.59,0.59,,0.0,0,False
2026-02-23 00:13:30+00:00,,,,,,,,0.59,0.59,,0.0,0,False
2026-02-23 00:14:00+00:00,,,,,,,,0.59,0.59,,0.0,0,False
2026-02-23 00:14:30+00:00,,,,,,,,0.59,0.59,,0.0,0,False
2026-02-23 00:15:00+00:00,,,,,,,,0.59,0.59,,0.0,0,False
2026-02-23 00:15:30+00:00,,,,,,,,0.59,0.59,,0.0,0,False
2026-02-23 00:16:00+00:00,,,,,,,,0.59,0.59,,0.0,0,False
2026-02-23 00:16:30+00:00,,,,,,,,0.59,0.59,,0.0,0,False
2026-02-23 00:17:00+00:00,,,,,,,,0.59,0.59,,0.0,0,False
2026-02-23 00:17:30+00:00,,,,,,,,0.58,0.58,,25.0,1,False
2026-02-23 00:18:00+00:00,,,,,,,,0.58,0.58,,0.0,0,False
2026-02-23 00:18:30+00:00,,,,,,,,0.58,0.58,,0.0,0,False
2026-02-23 00:19:00+00:00,,,,,,,,0.58,0.58,,0.0,0,False
2026-02-23 00:19:30+00:00,,,,,,,,0.58,0.58,,0.0,0,False
2026-02-23 00:20:00+00:00,,,,,,,,0.58,0.58,,0.0,0,False
2026-02-23 00:20:30+00:00,,,,,,,,0.58,0.58,,0.0,0,False
2026-02-23 00:21:00+00:00,,,,,,,,0.58,0.58,,0.0,0,False
2026-02-23 00:21:30+00:00,,,,,,,,0.58,0.58,,0.0,0,False
2026-02-23 00:22:00+00:00,,,,,,,,0.58,0.58,,0.0,0,False
2026-02-23 00:22:30+00:00,,,,,,,,0.58,0.58,,0.0,0,False
2026-02-23 00:23:00+00:00,,,,,,,,0.58,0.58,,0.0,0,False
2026-02-23 00:23:30+00:00,,,,,,,,0.58,0.58,,27.0,1,False
2026-02-23 00:24:00+00:00,,,,,,,,0.58,0.58,,0.0,0,False
2026-02-23 00:24:30+00:00,,,,,,,,0.58,0.58,,0.0,0,False
2026-02-23 00:25:00+00:00,,,,,,,,0.58,0.58,,0.0,0,False
2026-02-23 00:25:30+00:00,,,,,,,,0.58,0.58,,0.0,0,False
2026-02-23 00:26:00+00:00,,,,,,,,0.58,0.58,,125.0,1,False
2026-02-23 00:26:30+00:00,,,,,,,,0.58,0.58,,0.0,0,False
2026-02-23 00:27:00+00:00,,,,,,,,0.58,0.58,,0.0,0,False
2026-02-23 00:27:30+00:00,,,,,,,,0.58,0.58,,0.0,0,False
2026-02-23 00:28:00+00:00,,,,,,,,0.575,0.56,,16.0,2,False
2026-02-23 00:28:30+00:00,,,,,,,,0.575,0.56,,0.0,0,False
2026-02-23 00:29:00+00:00,,,,,,,,0.575,0.56,,0.0,0,False
2026-02-23 00:29:30+00:00,,,,,,,,0.575,0.56,,0.0,0,False
2026-02-23 00:30:00+00:00,,,,,,,,0.575,0.56,,0.0,0,False
2026-02-23 00:30:30+00:00,,,,,,,,0.575,0.56,,0.0,0,False
2026-02-23 00:31:00+00:00,,,,,,,,0.59,0.59,,3.0,1,False
2026-02-23 00:31:30+00:00,,,,,,,,0.59,0.59,,0.0,0,False
2026-02-23 00:32:00+00:00,,,,,,,,0.59,0.59,,0.0,0,False
2026-02-23 00:32:30+00:00,,,,,,,,0.59,0.59,,0.0,0,False
2026-02-23 00:33:00+00:00,,,,,,,,0.59,0.59,,0.0,0,False
2026-02-23 00:33:30+00:00,,,,,,,,0.59,0.59,,0.0,0,False
2026-02-23 00:34:00+00:00,,,,,,,,0.59,0.59,,8.0,1,False
2026-02-23 00:34:30+00:00,,,,,,,,0.59,0.59,,0.0,0,False
2026-02-23 00:35:00+00:00,,,,,,,,0.59,0.59,,0.0,0,False
2026-02-23 00:35:30+00:00,,,,,,,,0.59,0.59,,0.0,0,False
2026-02-23 00:36:00+00:00,,,,,,,,0.59,0.59,,0.0,0,False
2026-02-23 00:36:30+00:00,,,,,,,,0.59,0.59,,0.0,0,False
2026-02-23 00:37:00+00:00,,,,,,,,0.59,0.59,,0.0,0,False
2026-02-23 00:37:30+00:00,,,,,,,,0.59,0.59,,1.0,1,False
2026-02-23 00:38:00+00:00,,,,,,,,0.59,0.59,,0.0,0,False
2026-02-23 00:38:30+00:00,,,,,,,,0.59,0.59,,0.0,0,False
2026-02-23 00:39:00+00:00,,,,,,,,0.59,0.59,,0.0,0,False
2026-02-23 00:39:30+00:00,,,,,,,,0.59,0.59,,0.0,0,False
2026-02-23 00:40:00+00:00,,,,,,,,0.59,0.59,,0.0,0,False
2026-02-23 00:40:30+00:00,,,,,,,,0.59,0.59,,0.0,0,False
2026-02-23 00:41:00+00:00,,,,,,,,0.59,0.59,,0.0,0,False
2026-02-23 00:41:30+00:00,,,,,,,,0.59,0.59,,0.0,0,False
2026-02-23 00:42:00+00:00,,,,,,,,0.59,0.59,,0.0,0,False
2026-02-23 00:42:30+00:00,,,,,,,,0.59,0.59,,0.0,0,False
2026-02-23 00:43:00+00:00,,,,,,,,0.59,0.59,,0.0,0,False
2026-02-23 00:43:30+00:00,,,,,,,,0.56,0.56,,5.0,1,False
2026-02-23 00:44:00+00:00,,,,,,,,0.55,0.55,,10.0,1,False
2026-02-23 00:44:30+00:00,,,,,,,,0.55,0.55,,0.0,0,False
2026-02-23 00:45:00+00:00,,,,,,,,0.55,0.55,,0.0,0,False
2026-02-23 00:45:30+00:00,,,,,,,,0.55,0.55,,0.0,0,False
2026-02-23 00:46:00+00:00,,,,,,,,0.55,0.55,,0.0,0,False
2026-02-23 00:46:30+00:00,,,,,,,,0.55,0.55,,0.0,0,False
2026-02-23 00:47:00+00:00,,,,,,,,0.55,0.55,,0.0,0,False
2026-02-23 00:47:30+00:00,,,,,,,,0.55,0.55,,0.0,0,False
2026-02-23 00:48:00+00:00,,,,,,,,0.55,0.55,,0.0,0,False
2026-02-23 00:48:30+00:00,,,,,,,,0.55,0.55,,0.0,0,False
2026-02-23 00:49:00+00:00,,,,,,,,0.55,0.55,,0.0,0,False
2026-02-23 00:49:30+00:00,,,,,,,,0.55,0.55,,0.0,0,False
2026-02-23 00:50:00+00:00,,,,,,,,0.55,0.55,,0.0,0,False
2026-02-23 00:50:30+00:00,,,,,,,,0.55,0.55,,0.0,0,False
2026-02-23 00:51:00+00:00,,,,,,,,0.55,0.55,,0.0,0,False
2026-02-23 00:51:30+00:00,,,,,,,,0.55,0.55,,0.0,0,False
2026-02-23 00:52:00+00:00,,,,,,,,0.55,0.55,,0.0,0,False
2026-02-23 00:52:30+00:00,,,,,,,,0.55,0.55,,0.0,0,False
2026-02-23 00:53:00+00:00,,,,,,,,0.55,0.55,,0.0,0,False
2026-02-23 00:53:30+00:00,,,,,,,,0.55,0.55,,0.0,0,False
2026-02-23 00:54:00+00:00,,,,,,,,0.55,0.55,,0.0,0,False
2026-02-23 00:54:30+00:00,,,,,,,,0.55,0.55,,0.0,0,False
2026-02-23 00:55:00+00:00,,,,,,,,0.55,0.55,,0.0,0,False
2026-02-23 00:55:30+00:00,,,,,,,,0.55,0.55,,0.0,0,False
2026-02-23 00:56:00+00:00,,,,,,,,0.55,0.55,,0.0,0,False
2026-02-23 00:56:30+00:00,,,,,,,,0.55,0.55,,0.0,0,False
2026-02-23 00:57:00+00:00,,,,,,,,0.55,0.55,,0.0,0,False
2026-02-23 00:57:30+00:00,,,,,,,,0.55,0.55,,0.0,0,False
2026-02-23 00:58:00+00:00,,,,,,,,0.55,0.55,,0.0,0,False
2026-02-23 00:58:30+00:00,,,,,,,,0.55,0.55,,0.0,0,False
2026-02-23 00:59:00+00:00,,,,,,,,0.55,0.55,,0.0,0,False
2026-02-23 00:59:30+00:00,,,,,,,,0.55,0.55,,0.0,0,False
2026-02-23 01:00:00+00:00,,,,,,,,0.55,0.55,,0.0,0,False
2026-02-23 01:00:30+00:00,,,,,,,,0.55,0.55,,0.0,0,False
2026-02-23 01:01:00+00:00,,,,,,,,0.55,0.55,,0.0,0,False
2026-02-23 01:01:30+00:00,,,,,,,,0.55,0.55,,0.0,0,False
2026-02-23 01:02:00+00:00,,,,,,,,0.55,0.55,,0.0,0,False
2026-02-23 01:02:30+00:00,,,,,,,,0.55,0.55,,0.0,0,False
2026-02-23 01:03:00+00:00,,,,,,,,0.55,0.55,,0.0,0,False
2026-02-23 01:03:30+00:00,,,,,,,,0.55,0.55,,0.0,0,False
2026-02-23 01:04:00+00:00,,,,,,,,0.55,0.55,,0.0,0,False
2026-02-23 01:04:30+00:00,,,,,,,,0.55,0.55,,0.0,0,False
2026-02-23 01:05:00+00:00,,,,,,,,0.55,0.55,,0.0,0,False
2026-02-23 01:05:30+00:00,,,,,,,,0.55,0.55,,0.0,0,False
2026-02-23 01:06:00+00:00,,,,,,,,0.55,0.55,,0.0,0,False
2026-02-23 01:06:30+00:00,,,,,,,,0.55,0.55,,0.0,0,False
2026-02-23 01:07:00+00:00,,,,,,,,0.55,0.55,,0.0,0,False
2026-02-23 01:07:30+00:00,,,,,,,,0.55,0.55,,0.0,0,False
2026-02-23 01:08:00+00:00,,,,,,,,0.55,0.55,,0.0,0,False
2026-02-23 01:08:30+00:00,,,,,,,,0.55,0.55,,0.0,0,False
2026-02-23 01:09:00+00:00,,,,,,,,0.55,0.55,,0.0,0,False
2026-02-23 01:09:30+00:00,,,,,,,,0.55,0.55,,0.0,0,False
2026-02-23 01:10:00+00:00,,,,,,,,0.55,0.55,,0.0,0,False
2026-02-23 01:10:30+00:00,,,,,,,,0.55,0.55,,0.0,0,False
2026-02-23 01:11:00+00:00,,,,,,,,0.59,0.59,,81.0,2,False
2026-02-23 01:11:30+00:00,,,,,,,,0.59,0.59,,0.0,0,False
2026-02-23 01:12:00+00:00,,,,,,,,0.59,0.59,,0.0,0,False
2026-02-23 01:12:30+00:00,,,,,,,,0.59,0.59,,0.0,0,False
2026-02-23 01:13:00+00:00,,,,,,,,0.59,0.59,,0.0,0,False
2026-02-23 01:13:30+00:00,,,,,,,,0.59,0.59,,0.0,0,False
2026-02-23 01:14:00+00:00,,,,,,,,0.59,0.59,,0.0,0,False
2026-02-23 01:14:30+00:00,,,,,,,,0.59,0.59,,0.0,0,False
2026-02-23 01:15:00+00:00,,,,,,,,0.59,0.59,,0.0,0,False
2026-02-23 01:15:30+00:00,,,,,,,,0.59,0.59,,0.0,0,False
2026-02-23 01:16:00+00:00,,,,,,,,0.59,0.59,,0.0,0,False
2026-02-23 01:16:30+00:00,,,,,,,,0.59,0.59,,0.0,0,False
2026-02-23 01:17:00+00:00,,,,,,,,0.59,0.59,,0.0,0,False
2026-02-23 01:17:30+00:00,,,,,,,,0.59,0.59,,0.0,0,False
2026-02-23 01:18:00+00:00,,,,,,,,0.59,0.59,,0.0,0,False
2026-02-23 01:18:30+00:00,,,,,,,,0.59,0.59,,0.0,0,False
2026-02-23 01:19:00+00:00,,,,,,,,0.59,0.59,,0.0,0,False
2026-02-23 01:19:30+00:00,,,,,,,,0.59,0.59,,0.0,0,False
2026-02-23 01:20:00+00:00,,,,,,,,0.59,0.59,,0.0,0,False
2026-02-23 01:20:30+00:00,,,,,,,,0.59,0.59,,0.0,0,False
2026-02-23 01:21:00+00:00,,,,,,,,0.59,0.59,,0.0,0,False
2026-02-23 01:21:30+00:00,,,,,,,,0.59,0.59,,0.0,0,False
2026-02-23 01:22:00+00:00,,,,,,,,0.59,0.59,,0.0,0,False
2026-02-23 01:22:30+00:00,,,,,,,,0.59,0.59,,0.0,0,False
2026-02-23 01:23:00+00:00,,,,,,,,0.59,0.59,,0.0,0,False
2026-02-23 01:23:30+00:00,,,,,,,,0.59,0.59,,0.0,0,False
2026-02-23 01:24:00+00:00,,,,,,,,0.59,0.59,,0.0,0,False
2026-02-23 01:24:30+00:00,,,,,,,,0.59,0.59,,0.0,0,False
2026-02-23 01:25:00+00:00,,,,,,,,0.59,0.59,,0.0,0,False
2026-02-23 01:25:30+00:00,,,,,,,,0.59,0.59,,0.0,0,False
2026-02-23 01:26:00+00:00,,,,,,,,0.59,0.59,,0.0,0,False
2026-02-23 01:26:30+00:00,,,,,,,,0.59,0.59,,26.0,2,False
2026-02-23 01:27:00+00:00,,,,,,,,0.59,0.59,,0.0,0,False
2026-02-23 01:27:30+00:00,,,,,,,,0.59,0.59,,0.0,0,False
2026-02-23 01:28:00+00:00,,,,,,,,0.59,0.59,,0.0,0,False
2026-02-23 01:28:30+00:00,,,,,,,,0.59,0.59,,0.0,0,False
2026-02-23 01:29:00+00:00,,,,,,,,0.59,0.59,,0.0,0,False
2026-02-23 01:29:30+00:00,,,,,,,,0.59,0.59,,0.0,0,False
2026-02-23 01:30:00+00:00,,,,,,,,0.59,0.59,,0.0,0,False
2026-02-23 01:30:30+00:00,,,,,,,,0.59,0.59,,0.0,0,False
2026-02-23 01:31:00+00:00,,,,,,,,0.59,0.59,,0.0,0,False
2026-02-23 01:31:30+00:00,,,,,,,,0.59,0.59,,0.0,0,False
2026-02-23 01:32:00+00:00,,,,,,,,0.59,0.59,,0.0,0,False
2026-02-23 01:32:30+00:00,,,,,,,,0.59,0.59,,0.0,0,False
2026-02-23 01:33:00+00:00,,,,,,,,0.59,0.59,,0.0,0,False
2026-02-23 01:33:30+00:00,,,,,,,,0.59,0.59,,0.0,0,False
2026-02-23 01:34:00+00:00,,,,,,,,0.59,0.59,,0.0,0,False
2026-02-23 01:34:30+00:00,,,,,,,,0.59,0.59,,0.0,0,False
2026-02-23 01:35:00+00:00,,,,,,,,0.59,0.59,,0.0,0,False
2026-02-23 01:35:30+00:00,,,,,,,,0.59,0.59,,0.0,0,False
2026-02-23 01:36:00+00:00,,,,,,,,0.59,0.59,,0.0,0,False
2026-02-23 01:36:30+00:00,,,,,,,,0.59,0.59,,0.0,0,False
2026-02-23 01:37:00+00:00,,,,,,,,0.59,0.59,,0.0,0,False
2026-02-23 01:37:30+00:00,,,,,,,,0.59,0.59,,0.0,0,False
2026-02-23 01:38:00+00:00,,,,,,,,0.59,0.59,,0.0,0,False
2026-02-23 01:38:30+00:00,,,,,,,,0.59,0.59,,13.0,1,False
2026-02-23 01:39:00+00:00,,,,,,,,0.59,0.59,,0.0,0,False
2026-02-23 01:39:30+00:00,,,,,,,,0.59,0.59,,0.0,0,False
2026-02-23 01:40:00+00:00,,,,,,,,0.59,0.59,,0.0,0,False
2026-02-23 01:40:30+00:00,,,,,,,,0.59,0.59,,0.0,0,False
2026-02-23 01:41:00+00:00,,,,,,,,0.59,0.59,,0.0,0,False
2026-02-23 01:41:30+00:00,,,,,,,,0.59,0.59,,0.0,0,False
2026-02-23 01:42:00+00:00,,,,,,,,0.59,0.59,,4.0,1,False
2026-02-23 01:42:30+00:00,,,,,,,,0.6,0.6,,40.0,1,False
2026-02-23 01:43:00+00:00,,,,,,,,0.6307042253521127,0.5800000000000001,,142.0,7,False
2026-02-23 01:43:30+00:00,,,,,,,,0.6307042253521127,0.5800000000000001,,0.0,0,False
2026-02-23 01:44:00+00:00,,,,,,,,0.62,0.5700000000000001,,14.0,2,False
2026-02-23 01:44:30+00:00,,,,,,,,0.62,0.5700000000000001,,0.0,0,False
2026-02-23 01:45:00+00:00,,,,,,,,0.62,0.5700000000000001,,0.0,0,False
2026-02-23 01:45:30+00:00,,,,,,,,0.62,0.5700000000000001,,0.0,0,False
2026-02-23 01:46:00+00:00,,,,,,,,0.62,0.5700000000000001,,0.0,0,False
2026-02-23 01:46:30+00:00,,,,,,,,0.62,0.5700000000000001,,0.0,0,False
2026-02-23 01:47:00+00:00,,,,,,,,0.62,0.5700000000000001,,0.0,0,False
2026-02-23 01:47:30+00:00,,,,,,,,0.62,0.5700000000000001,,0.0,0,False
2026-02-23 01:48:00+00:00,,,,,,,,0.62,0.5700000000000001,,0.0,0,False
2026-02-23 01:48:30+00:00,,,,,,,,0.62,0.5700000000000001,,0.0,0,False
2026-02-23 01:49:00+00:00,,,,,,,,0.62,0.5700000000000001,,0.0,0,False
2026-02-23 01:49:30+00:00,,,,,,,,0.62,0.5700000000000001,,0.0,0,False
2026-02-23 01:50:00+00:00,,,,,,,,0.62,0.5700000000000001,,0.0,0,False
2026-02-23 01:50:30+00:00,,,,,,,,0.62,0.5700000000000001,,0.0,0,False
2026-02-23 01:51:00+00:00,,,,,,,,0.62,0.5700000000000001,,0.0,0,False
2026-02-23 01:51:30+00:00,,,,,,,,0.61,0.61,,1.0,1,False
2026-02-23 01:52:00+00:00,,,,,,,,0.61,0.61,,0.0,0,False
2026-02-23 01:52:30+00:00,,,,,,,,0.61,0.61,,2.0,1,False
2026-02-23 01:53:00+00:00,,,,,,,,0.61,0.61,,0.0,0,False
2026-02-23 01:53:30+00:00,,,,,,,,0.61,0.61,,0.0,0,False
2026-02-23 01:54:00+00:00,,,,,,,,0.61,0.61,,0.0,0,False
2026-02-23 01:54:30+00:00,,,,,,,,0.61,0.61,,0.0,0,False
2026-02-23 01:55:00+00:00,,,,,,,,0.61,0.61,,0.0,0,False
2026-02-23 01:55:30+00:00,,,,,,,,0.61,0.61,,0.0,0,False
2026-02-23 01:56:00+00:00,,,,,,,,0.61,0.61,,0.0,0,False
2026-02-23 01:56:30+00:00,,,,,,,,0.61,0.61,,0.0,0,False
2026-02-23 01:57:00+00:00,,,,,,,,0.5992682926829268,0.5700000000000001,,41.0,3,False
2026-02-23 01:57:30+00:00,,,,,,,,0.5992682926829268,0.5700000000000001,,0.0,0,False
2026-02-23 01:58:00+00:00,,,,,,,,0.5992682926829268,0.5700000000000001,,0.0,0,False
2026-02-23 01:58:30+00:00,,,,,,,,0.5992682926829268,0.5700000000000001,,0.0,0,False
2026-02-23 01:59:00+00:00,,,,,,,,0.5992682926829268,0.5700000000000001,,0.0,0,False
2026-02-23 01:59:30+00:00,,,,,,,,0.5992682926829268,0.5700000000000001,,0.0,0,False
2026-02-23 02:00:00+00:00,,,,,,,,0.5992682926829268,0.5700000000000001,,0.0,0,False
2026-02-23 02:00:30+00:00,,,,,,,,0.5950000000000001,0.5700000000000001,,40.0,2,False
2026-02-23 02:01:00+00:00,,,,,,,,0.595,0.5700000000000001,,62.0,2,False
2026-02-23 02:01:30+00:00,,,,,,,,0.595,0.5700000000000001,,0.0,0,False
2026-02-23 02:02:00+00:00,,,,,,,,0.595,0.5700000000000001,,0.0,0,False
2026-02-23 02:02:30+00:00,,,,,,,,0.595,0.5700000000000001,,0.0,0,False
2026-02-23 02:03:00+00:00,,,,,,,,0.595,0.5700000000000001,,0.0,0,False
2026-02-23 02:03:30+00:00,,,,,,,,0.595,0.5700000000000001,,0.0,0,False
2026-02-23 02:04:00+00:00,,,,,,,,0.595,0.5700000000000001,,0.0,0,False
2026-02-23 02:04:30+00:00,,,,,,,,0.595,0.5700000000000001,,0.0,0,False
2026-02-23 02:05:00+00:00,,,,,,,,0.595,0.5700000000000001,,0.0,0,False
2026-02-23 02:05:30+00:00,,,,,,,,0.595,0.5700000000000001,,0.0,0,False
2026-02-23 02:06:00+00:00,,,,,,,,0.595,0.5700000000000001,,0.0,0,False
2026-02-23 02:06:30+00:00,,,,,,,,0.595,0.5700000000000001,,0.0,0,False
2026-02-23 02:07:00+00:00,,,,,,,,0.595,0.5700000000000001,,0.0,0,False
2026-02-23 02:07:30+00:00,,,,,,,,0.595,0.5700000000000001,,0.0,0,False
2026-02-23 02:08:00+00:00,,,,,,,,0.595,0.5700000000000001,,0.0,0,False
2026-02-23 02:08:30+00:00,,,,,,,,0.595,0.5700000000000001,,0.0,0,False
2026-02-23 02:09:00+00:00,,,,,,,,0.595,0.5700000000000001,,0.0,0,False
2026-02-23 02:09:30+00:00,,,,,,,,0.595,0.5700000000000001,,0.0,0,False
2026-02-23 02:10:00+00:00,,,,,,,,0.595,0.5700000000000001,,0.0,0,False
2026-02-23 02:10:30+00:00,,,,,,,,0.595,0.5700000000000001,,0.0,0,False
2026-02-23 02:11:00+00:00,,,,,,,,0.595,0.5700000000000001,,0.0,0,False
2026-02-23 02:11:30+00:00,,,,,,,,0.595,0.5700000000000001,,0.0,0,False
2026-02-23 02:12:00+00:00,,,,,,,,0.585,0.5700000000000001,,138.0,3,False
2026-02-23 02:12:30+00:00,,,,,,,,0.585,0.5700000000000001,,0.0,0,False
2026-02-23 02:13:00+00:00,,,,,,,,0.585,0.5700000000000001,,0.0,0,False
2026-02-23 02:13:30+00:00,,,,,,,,0.585,0.5700000000000001,,0.0,0,False
2026-02-23 02:14:00+00:00,,,,,,,,0.585,0.5700000000000001,,0.0,0,False
2026-02-23 02:14:30+00:00,,,,,,,,0.585,0.5700000000000001,,0.0,0,False
2026-02-23 02:15:00+00:00,,,,,,,,0.585,0.5700000000000001,,0.0,0,False
2026-02-23 02:15:30+00:00,,,,,,,,0.585,0.5700000000000001,,0.0,0,False
2026-02-23 02:16:00+00:00,,,,,,,,0.585,0.5700000000000001,,0.0,0,False
2026-02-23 02:16:30+00:00,,,,,,,,0.585,0.5700000000000001,,0.0,0,False
2026-02-23 02:17:00+00:00,,,,,,,,0.585,0.5700000000000001,,0.0,0,False
2026-02-23 02:17:30+00:00,,,,,,,,0.585,0.5700000000000001,,0.0,0,False
2026-02-23 02:18:00+00:00,,,,,,,,0.62,0.62,,10.0,1,False
2026-02-23 02:18:30+00:00,,,,,,,,0.62,0.62,,0.0,0,False
2026-02-23 02:19:00+00:00,,,,,,,,0.62,0.62,,0.0,0,False
2026-02-23 02:19:30+00:00,,,,,,,,0.62,0.62,,0.0,0,False
2026-02-23 02:20:00+00:00,,,,,,,,0.62,0.62,,0.0,0,False
2026-02-23 02:20:30+00:00,,,,,,,,0.62,0.62,,0.0,0,False
2026-02-23 02:21:00+00:00,,,,,,,,0.62,0.62,,0.0,0,False
2026-02-23 02:21:30+00:00,,,,,,,,0.62,0.62,,0.0,0,False
2026-02-23 02:22:00+00:00,,,,,,,,0.62,0.62,,0.0,0,False
2026-02-23 02:22:30+00:00,,,,,,,,0.62,0.62,,0.0,0,False
2026-02-23 02:23:00+00:00,,,,,,,,0.62,0.62,,0.0,0,False
2026-02-23 02:23:30+00:00,,,,,,,,0.62,0.62,,6.0,1,False
2026-02-23 02:24:00+00:00,,,,,,,,0.62,0.62,,0.0,0,False
2026-02-23 02:24:30+00:00,,,,,,,,0.62,0.62,,0.0,0,False
2026-02-23 02:25:00+00:00,,,,,,,,0.62,0.62,,0.0,0,False
2026-02-23 02:25:30+00:00,,,,,,,,0.6819707207207207,0.5900000000000001,,888.0,7,False
2026-02-23 02:26:00+00:00,,,,,,,,0.6819707207207207,0.5900000000000001,,0.0,0,False
2026-02-23 02:26:30+00:00,,,,,,,,0.6819707207207207,0.5900000000000001,,0.0,0,False
2026-02-23 02:27:00+00:00,,,,,,,,0.6819707207207207,0.5900000000000001,,0.0,0,False
2026-02-23 02:27:30+00:00,,,,,,,,0.6819707207207207,0.5900000000000001,,0.0,0,False
2026-02-23 02:28:00+00:00,,,,,,,,0.6819707207207207,0.5900000000000001,,0.0,0,False
2026-02-23 02:28:30+00:00,,,,,,,,0.6819707207207207,0.5900000000000001,,0.0,0,False
2026-02-23 02:29:00+00:00,,,,,,,,0.6819707207207207,0.5900000000000001,,0.0,0,False
2026-02-23 02:29:30+00:00,,,,,,,,0.6819707207207207,0.5900000000000001,,0.0,0,False
2026-02-23 02:30:00+00:00,,,,,,,,0.6819707207207207,0.5900000000000001,,0.0,0,False
2026-02-23 02:30:30+00:00,,,,,,,,0.6819707207207207,0.5900000000000001,,0.0,0,False
2026-02-23 02:31:00+00:00,,,,,,,,0.6819707207207207,0.5900000000000001,,0.0,0,False
2026-02-23 02:31:30+00:00,,,,,,,,0.6819707207207207,0.5900000000000001,,0.0,0,False
2026-02-23 02:32:00+00:00,,,,,,,,0.6819707207207207,0.5900000000000001,,0.0,0,False
2026-02-23 02:32:30+00:00,,,,,,,,0.6819707207207207,0.5900000000000001,,0.0,0,False
2026-02-23 02:33:00+00:00,,,,,,,,0.6819707207207207,0.5900000000000001,,0.0,0,False
2026-02-23 02:33:30+00:00,,,,,,,,0.6819707207207207,0.5900000000000001,,0.0,0,False
2026-02-23 02:34:00+00:00,,,,,,,,0.6819707207207207,0.5900000000000001,,0.0,0,False
2026-02-23 02:34:30+00:00,,,,,,,,0.6819707207207207,0.5900000000000001,,0.0,0,False
2026-02-23 02:35:00+00:00,,,,,,,,0.6819707207207207,0.5900000000000001,,0.0,0,False
2026-02-23 02:35:30+00:00,,,,,,,,0.6819707207207207,0.5900000000000001,,0.0,0,False
2026-02-23 02:36:00+00:00,,,,,,,,0.6819707207207207,0.5900000000000001,,0.0,0,False
2026-02-23 02:36:30+00:00,,,,,,,,0.6819707207207207,0.5900000000000001,,0.0,0,False
2026-02-23 02:37:00+00:00,,,,,,,,0.6819707207207207,0.5900000000000001,,0.0,0,False
2026-02-23 02:37:30+00:00,,,,,,,,0.6819707207207207,0.5900000000000001,,0.0,0,False
2026-02-23 02:38:00+00:00,,,,,,,,0.5911304347826086,0.5700000000000001,,115.0,3,False
2026-02-23 02:38:30+00:00,,,,,,,,0.5911304347826086,0.5700000000000001,,0.0,0,False
2026-02-23 02:39:00+00:00,,,,,,,,0.6,0.6,,100.0,1,False
2026-02-23 02:39:30+00:00,,,,,,,,0.53,0.53,,30.0,2,False
2026-02-23 02:40:00+00:00,,,,,,,,0.6,0.6,,40.0,1,False
2026-02-23 02:40:30+00:00,,,,,,,,0.6,0.6,,0.0,0,False
2026-02-23 02:41:00+00:00,,,,,,,,0.6,0.6,,0.0,0,False
2026-02-23 02:41:30+00:00,,,,,,,,0.6,0.6,,0.0,0,False
2026-02-23 02:42:00+00:00,,,,,,,,0.6,0.6,,0.0,0,False
2026-02-23 02:42:30+00:00,,,,,,,,0.6,0.6,,10.0,1,False
2026-02-23 02:43:00+00:00,,,,,,,,0.6,0.6,,0.0,0,False
2026-02-23 02:43:30+00:00,,,,,,,,0.6,0.6,,100.0,1,False
2026-02-23 02:44:00+00:00,,,,,,,,0.5700000000000001,0.5700000000000001,,3.0,1,False
2026-02-23 02:44:30+00:00,,,,,,,,0.5700000000000001,0.5700000000000001,,0.0,0,False
2026-02-23 02:45:00+00:00,,,,,,,,0.5700000000000001,0.5700000000000001,,0.0,0,False
2026-02-23 02:45:30+00:00,,,,,,,,0.6,0.6,,48.0,1,False
2026-02-23 02:46:00+00:00,,,,,,,,0.6,0.6,,0.0,0,False
2026-02-23 02:46:30+00:00,,,,,,,,0.6,0.6,,0.0,0,False
2026-02-23 02:47:00+00:00,,,,,,,,0.6,0.6,,0.0,0,False
2026-02-23 02:47:30+00:00,,,,,,,,0.6,0.6,,0.0,0,False
2026-02-23 02:48:00+00:00,,,,,,,,0.6,0.6,,25.0,1,False
2026-02-23 02:48:30+00:00,,,,,,,,0.6,0.6,,287.0,2,False
2026-02-23 02:49:00+00:00,,,,,,,,0.6,0.6,,0.0,0,False
2026-02-23 02:49:30+00:00,,,,,,,,0.5700000000000001,0.5700000000000001,,14.0,1,False
2026-02-23 02:50:00+00:00,,,,,,,,0.5700000000000001,0.5700000000000001,,0.0,0,False
2026-02-23 02:50:30+00:00,,,,,,,,0.5700000000000001,0.5700000000000001,,0.0,0,False
2026-02-23 02:51:00+00:00,,,,,,,,0.5700000000000001,0.5700000000000001,,0.0,0,False
2026-02-23 02:51:30+00:00,,,,,,,,0.5700000000000001,0.5700000000000001,,0.0,0,False
2026-02-23 02:52:00+00:00,,,,,,,,0.5700000000000001,0.5700000000000001,,0.0,0,False
2026-02-23 02:52:30+00:00,,,,,,,,0.5700000000000001,0.5700000000000001,,0.0,0,False
2026-02-23 02:53:00+00:00,,,,,,,,0.5700000000000001,0.5700000000000001,,0.0,0,False
2026-02-23 02:53:30+00:00,,,,,,,,0.5700000000000001,0.5700000000000001,,0.0,0,False
2026-02-23 02:54:00+00:00,,,,,,,,0.5700000000000001,0.5700000000000001,,0.0,0,False
2026-02-23 02:54:30+00:00,,,,,,,,0.5700000000000001,0.5700000000000001,,0.0,0,False
2026-02-23 02:55:00+00:00,,,,,,,,0.5700000000000001,0.5700000000000001,,0.0,0,False
2026-02-23 02:55:30+00:00,,,,,,,,0.6,0.6,,24.0,1,False
2026-02-23 02:56:00+00:00,,,,,,,,0.6,0.6,,0.0,0,False
2026-02-23 02:56:30+00:00,,,,,,,,0.6,0.6,,0.0,0,False
2026-02-23 02:57:00+00:00,,,,,,,,0.6,0.6,,0.0,0,False
2026-02-23 02:57:30+00:00,,,,,,,,0.6,0.6,,0.0,0,False
2026-02-23 02:58:00+00:00,,,,,,,,0.6,0.6,,0.0,0,False
2026-02-23 02:58:30+00:00,,,,,,,,0.6,0.6,,162.0,1,False
2026-02-23 02:59:00+00:00,,,,,,,,0.6,0.6,,0.0,0,False
2026-02-23 02:59:30+00:00,,,,,,,,0.6,0.6,,0.0,0,False
2026-02-23 03:00:00+00:00,,,,,,,,0.6,0.6,,0.0,0,False
2026-02-23 03:00:30+00:00,,,,,,,,0.6,0.6,,0.0,0,False
2026-02-23 03:01:00+00:00,,,,,,,,0.6,0.6,,0.0,0,False
2026-02-23 03:01:30+00:00,,,,,,,,0.6,0.6,,0.0,0,False
2026-02-23 03:02:00+00:00,,,,,,,,0.6,0.6,,159.0,3,False
2026-02-23 03:02:30+00:00,,,,,,,,0.6,0.6,,0.0,0,False
2026-02-23 03:03:00+00:00,,,,,,,,0.61,0.61,,11.0,1,False
2026-02-23 03:03:30+00:00,,,,,,,,0.61,0.61,,0.0,0,False
2026-02-23 03:04:00+00:00,,,,,,,,0.61,0.61,,0.0,0,False
2026-02-23 03:04:30+00:00,,,,,,,,0.61,0.61,,0.0,0,False
2026-02-23 03:05:00+00:00,,,,,,,,0.6,0.6,,19.0,1,False
2026-02-23 03:05:30+00:00,,,,,,,,0.6,0.6,,0.0,0,False
2026-02-23 03:06:00+00:00,,,,,,,,0.6,0.6,,0.0,0,False
2026-02-23 03:06:30+00:00,,,,,,,,0.6,0.6,,0.0,0,False
2026-02-23 03:07:00+00:00,,,,,,,,0.6,0.6,,0.0,0,False
2026-02-23 03:07:30+00:00,,,,,,,,0.6,0.6,,0.0,0,False
2026-02-23 03:08:00+00:00,,,,,,,,0.6,0.6,,3.0,1,False
2026-02-23 03:08:30+00:00,,,,,,,,0.6,0.6,,0.0,0,False
2026-02-23 03:09:00+00:00,,,,,,,,0.6,0.6,,0.0,0,False
2026-02-23 03:09:30+00:00,,,,,,,,0.6,0.6,,0.0,0,False
2026-02-23 03:10:00+00:00,,,,,,,,0.6,0.6,,0.0,0,False
2026-02-23 03:10:30+00:00,,,,,,,,0.6,0.6,,0.0,0,False
2026-02-23 03:11:00+00:00,,,,,,,,0.6,0.6,,0.0,0,False
2026-02-23 03:11:30+00:00,,,,,,,,0.6,0.6,,0.0,0,False
2026-02-23 03:12:00+00:00,,,,,,,,0.6,0.6,,64.0,1,False
2026-02-23 03:12:30+00:00,,,,,,,,0.6,0.6,,16.0,1,False
2026-02-23 03:13:00+00:00,,,,,,,,0.6,0.6,,0.0,0,False
2026-02-23 03:13:30+00:00,,,,,,,,0.6,0.6,,0.0,0,False
2026-02-23 03:14:00+00:00,,,,,,,,0.6,0.6,,0.0,0,False
2026-02-23 03:14:30+00:00,,,,,,,,0.6,0.6,,0.0,0,False
2026-02-23 03:15:00+00:00,,,,,,,,0.6,0.6,,0.0,0,False
2026-02-23 03:15:30+00:00,,,,,,,,0.6,0.6,,10.0,1,False
2026-02-23 03:16:00+00:00,,,,,,,,0.6,0.6,,0.0,0,False
2026-02-23 03:16:30+00:00,,,,,,,,0.6,0.6,,667.0,1,False
2026-02-23 03:17:00+00:00,,,,,,,,0.6,0.6,,0.0,0,False
2026-02-23 03:17:30+00:00,,,,,,,,0.6,0.6,,16.0,1,False
2026-02-23 03:18:00+00:00,,,,,,,,0.6,0.6,,0.0,0,False
2026-02-23 03:18:30+00:00,,,,,,,,0.6,0.6,,0.0,0,False
2026-02-23 03:19:00+00:00,,,,,,,,0.6,0.6,,0.0,0,False
2026-02-23 03:19:30+00:00,,,,,,,,0.6,0.6,,0.0,0,False
2026-02-23 03:20:00+00:00,,,,,,,,0.6,0.6,,0.0,0,False
2026-02-23 03:20:30+00:00,,,,,,,,0.6,0.6,,0.0,0,False
2026-02-23 03:21:00+00:00,,,,,,,,0.6,0.6,,0.0,0,False
2026-02-23 03:21:30+00:00,,,,,,,,0.6,0.6,,0.0,0,False
2026-02-23 03:22:00+00:00,,,,,,,,0.6,0.6,,40.0,1,False
2026-02-23 03:22:30+00:00,,,,,,,,0.6,0.6,,0.0,0,False
2026-02-23 03:23:00+00:00,,,,,,,,0.6,0.6,,0.0,0,False
2026-02-23 03:23:30+00:00,,,,,,,,0.6,0.6,,0.0,0,False
2026-02-23 03:24:00+00:00,,,,,,,,0.6,0.6,,0.0,0,False
2026-02-23 03:24:30+00:00,,,,,,,,0.6,0.6,,0.0,0,False
2026-02-23 03:25:00+00:00,,,,,,,,0.6,0.6,,0.0,0,False
2026-02-23 03:25:30+00:00,,,,,,,,0.6,0.6,,50.0,1,False
2026-02-23 03:26:00+00:00,,,,,,,,0.6,0.6,,0.0,0,False
2026-02-23 03:26:30+00:00,,,,,,,,0.6,0.6,,0.0,0,False
2026-02-23 03:27:00+00:00,,,,,,,,0.6,0.6,,0.0,0,False
2026-02-23 03:27:30+00:00,,,,,,,,0.6027272727272727,0.61,,55.0,2,False
2026-02-23 03:28:00+00:00,,,,,,,,0.6027272727272727,0.61,,0.0,0,False
2026-02-23 03:28:30+00:00,,,,,,,,0.54,0.54,,2.0,1,False
2026-02-23 03:29:00+00:00,,,,,,,,0.54,0.54,,0.0,0,False
2026-02-23 03:29:30+00:00,,,,,,,,0.54,0.54,,0.0,0,False
2026-02-23 03:30:00+00:00,,,,,,,,0.61,0.61,,7.0,1,False
2026-02-23 03:30:30+00:00,,,,,,,,0.6100000000000001,0.61,,79.0,2,False
2026-02-23 03:31:00+00:00,,,,,,,,0.6100000000000001,0.61,,0.0,0,False
2026-02-23 03:31:30+00:00,,,,,,,,0.6100000000000001,0.61,,0.0,0,False
2026-02-23 03:32:00+00:00,,,,,,,,0.6100000000000001,0.61,,0.0,0,False
2026-02-23 03:32:30+00:00,,,,,,,,0.6100000000000001,0.61,,0.0,0,False
2026-02-23 03:33:00+00:00,,,,,,,,0.6100000000000001,0.61,,0.0,0,False
2026-02-23 03:33:30+00:00,,,,,,,,0.6100000000000001,0.61,,0.0,0,False
2026-02-23 03:34:00+00:00,,,,,,,,0.6100000000000001,0.61,,0.0,0,False
2026-02-23 03:34:30+00:00,,,,,,,,0.6100000000000001,0.61,,0.0,0,False
2026-02-23 03:35:00+00:00,,,,,,,,0.6100000000000001,0.61,,0.0,0,False
2026-02-23 03:35:30+00:00,,,,,,,,0.6100000000000001,0.61,,0.0,0,False
2026-02-23 03:36:00+00:00,,,,,,,,0.6100000000000001,0.61,,0.0,0,False
2026-02-23 03:36:30+00:00,,,,,,,,0.6100000000000001,0.61,,0.0,0,False
2026-02-23 03:37:00+00:00,,,,,,,,0.6100000000000001,0.61,,0.0,0,False
2026-02-23 03:37:30+00:00,,,,,,,,0.61,0.61,,798.0,2,False
2026-02-23 03:38:00+00:00,,,,,,,,0.61,0.61,,0.0,0,False
2026-02-23 03:38:30+00:00,,,,,,,,0.61,0.61,,0.0,0,False
2026-02-23 03:39:00+00:00,,,,,,,,0.61,0.61,,0.0,0,False
2026-02-23 03:39:30+00:00,,,,,,,,0.61,0.61,,0.0,0,False
2026-02-23 03:40:00+00:00,,,,,,,,0.61,0.61,,0.0,0,False
2026-02-23 03:40:30+00:00,,,,,,,,0.61,0.61,,0.0,0,False
2026-02-23 03:41:00+00:00,,,,,,,,0.61,0.61,,0.0,0,False
2026-02-23 03:41:30+00:00,,,,,,,,0.61,0.61,,0.0,0,False
2026-02-23 03:42:00+00:00,,,,,,,,0.61,0.61,,0.0,0,False
2026-02-23 03:42:30+00:00,,,,,,,,0.61,0.61,,0.0,0,False
2026-02-23 03:43:00+00:00,,,,,,,,0.6,0.6,,1.0,1,False
2026-02-23 03:43:30+00:00,,,,,,,,0.6,0.6,,0.0,0,False
2026-02-23 03:44:00+00:00,,,,,,,,0.57,0.57,,76.0,1,False
2026-02-23 03:44:30+00:00,,,,,,,,0.57,0.57,,0.0,0,False
2026-02-23 03:45:00+00:00,,,,,,,,0.57,0.57,,0.0,0,False
2026-02-23 03:45:30+00:00,,,,,,,,0.57,0.57,,0.0,0,False
2026-02-23 03:46:00+00:00,,,,,,,,0.57,0.57,,0.0,0,False
2026-02-23 03:46:30+00:00,,,,,,,,0.57,0.57,,0.0,0,False
2026-02-23 03:47:00+00:00,,,,,,,,0.57,0.57,,0.0,0,False
2026-02-23 03:47:30+00:00,,,,,,,,0.57,0.57,,0.0,0,False
2026-02-23 03:48:00+00:00,,,,,,,,0.57,0.57,,0.0,0,False
2026-02-23 03:48:30+00:00,,,,,,,,0.57,0.57,,0.0,0,False
2026-02-23 03:49:00+00:00,,,,,,,,0.57,0.57,,0.0,0,False
2026-02-23 03:49:30+00:00,,,,,,,,0.57,0.57,,0.0,0,False
2026-02-23 03:50:00+00:00,,,,,,,,0.57,0.57,,0.0,0,False
2026-02-23 03:50:30+00:00,,,,,,,,0.57,0.57,,0.0,0,False
2026-02-23 03:51:00+00:00,,,,,,,,0.57,0.57,,0.0,0,False
2026-02-23 03:51:30+00:00,,,,,,,,0.57,0.57,,43.0,1,False
2026-02-23 03:52:00+00:00,,,,,,,,0.57,0.57,,0.0,0,False
2026-02-23 03:52:30+00:00,,,,,,,,0.57,0.57,,0.0,0,False
2026-02-23 03:53:00+00:00,,,,,,,,0.57,0.57,,34.0,1,False
2026-02-23 03:53:30+00:00,,,,,,,,0.57,0.57,,17.0,1,False
2026-02-23 03:54:00+00:00,,,,,,,,0.57,0.57,,18.0,1,False
2026-02-23 03:54:30+00:00,,,,,,,,0.57,0.57,,0.0,0,False
2026-02-23 03:55:00+00:00,,,,,,,,0.57,0.57,,0.0,0,False
2026-02-23 03:55:30+00:00,,,,,,,,0.57,0.57,,0.0,0,False
2026-02-23 03:56:00+00:00,,,,,,,,0.57,0.57,,0.0,0,False
2026-02-23 03:56:30+00:00,,,,,,,,0.57,0.57,,0.0,0,False
2026-02-23 03:57:00+00:00,,,,,,,,0.57,0.57,,0.0,0,False
2026-02-23 03:57:30+00:00,,,,,,,,0.57,0.57,,0.0,0,False
2026-02-23 03:58:00+00:00,,,,,,,,0.57,0.57,,25.0,1,False
2026-02-23 03:58:30+00:00,,,,,,,,0.57,0.57,,0.0,0,False
2026-02-23 03:59:00+00:00,,,,,,,,0.57,0.57,,75.0,1,False
2026-02-23 03:59:30+00:00,,,,,,,,0.57,0.57,,0.0,0,False
2026-02-23 04:00:00+00:00,,,,,,,,0.57,0.57,,0.0,0,False
2026-02-23 04:00:30+00:00,,,,,,,,0.57,0.57,,0.0,0,False
2026-02-23 04:01:00+00:00,,,,,,,,0.57,0.57,,8.0,1,False
2026-02-23 04:01:30+00:00,,,,,,,,0.57,0.57,,0.0,0,False
2026-02-23 04:02:00+00:00,,,,,,,,0.57,0.57,,0.0,0,False
2026-02-23 04:02:30+00:00,,,,,,,,0.57,0.57,,0.0,0,False
2026-02-23 04:03:00+00:00,,,,,,,,0.57,0.57,,0.0,0,False
2026-02-23 04:03:30+00:00,,,,,,,,0.57,0.57,,0.0,0,False
2026-02-23 04:04:00+00:00,,,,,,,,0.57,0.57,,0.0,0,False
2026-02-23 04:04:30+00:00,,,,,,,,0.57,0.57,,0.0,0,False
2026-02-23 04:05:00+00:00,,,,,,,,0.57,0.57,,0.0,0,False
2026-02-23 04:05:30+00:00,,,,,,,,0.57,0.57,,0.0,0,False
2026-02-23 04:06:00+00:00,,,,,,,,0.57,0.57,,0.0,0,False
2026-02-23 04:06:30+00:00,,,,,,,,0.57,0.57,,16.0,1,False
2026-02-23 04:07:00+00:00,,,,,,,,0.57,0.57,,0.0,0,False
2026-02-23 04:07:30+00:00,,,,,,,,0.57,0.57,,0.0,0,False
2026-02-23 04:08:00+00:00,,,,,,,,0.57,0.57,,0.0,0,False
2026-02-23 04:08:30+00:00,,,,,,,,0.57,0.57,,0.0,0,False
2026-02-23 04:09:00+00:00,,,,,,,,0.57,0.57,,0.0,0,False
2026-02-23 04:09:30+00:00,,,,,,,,0.57,0.57,,0.0,0,False
2026-02-23 04:10:00+00:00,,,,,,,,0.57,0.57,,0.0,0,False
2026-02-23 04:10:30+00:00,,,,,,,,0.57,0.57,,0.0,0,False
2026-02-23 04:11:00+00:00,,,,,,,,0.57,0.57,,0.0,0,False
2026-02-23 04:11:30+00:00,,,,,,,,0.57,0.57,,0.0,0,False
2026-02-23 04:12:00+00:00,,,,,,,,0.57,0.57,,6.0,1,False
2026-02-23 04:12:30+00:00,,,,,,,,0.56,0.56,,6.0,2,False
2026-02-23 04:13:00+00:00,,,,,,,,0.56,0.56,,0.0,0,False
2026-02-23 04:13:30+00:00,,,,,,,,0.56,0.56,,0.0,0,False
2026-02-23 04:14:00+00:00,,,,,,,,0.56,0.56,,0.0,0,False
2026-02-23 04:14:30+00:00,,,,,,,,0.56,0.56,,0.0,0,False
2026-02-23 04:15:00+00:00,,,,,,,,0.56,0.56,,0.0,0,False
2026-02-23 04:15:30+00:00,,,,,,,,0.56,0.56,,0.0,0,False
2026-02-23 04:16:00+00:00,,,,,,,,0.55,0.55,,32.0,1,False
2026-02-23 04:16:30+00:00,,,,,,,,0.57,0.57,,25.0,1,False
2026-02-23 04:17:00+00:00,,,,,,,,0.57,0.57,,0.0,0,False
2026-02-23 04:17:30+00:00,,,,,,,,0.57,0.57,,0.0,0,False
2026-02-23 04:18:00+00:00,,,,,,,,0.57,0.57,,0.0,0,False
2026-02-23 04:18:30+00:00,,,,,,,,0.57,0.57,,0.0,0,False
2026-02-23 04:19:00+00:00,,,,,,,,0.57,0.57,,0.0,0,False
2026-02-23 04:19:30+00:00,,,,,,,,0.57,0.57,,0.0,0,False
2026-02-23 04:20:00+00:00,,,,,,,,0.57,0.57,,0.0,0,False
2026-02-23 04:20:30+00:00,,,,,,,,0.57,0.57,,0.0,0,False
2026-02-23 04:21:00+00:00,,,,,,,,0.57,0.57,,0.0,0,False
2026-02-23 04:21:30+00:00,,,,,,,,0.57,0.57,,0.0,0,False
2026-02-23 04:22:00+00:00,,,,,,,,0.57,0.57,,0.0,0,False
2026-02-23 04:22:30+00:00,,,,,,,,0.57,0.57,,0.0,0,False
2026-02-23 04:23:00+00:00,,,,,,,,0.57,0.57,,0.0,0,False
2026-02-23 04:23:30+00:00,,,,,,,,0.57,0.57,,0.0,0,False
2026-02-23 04:24:00+00:00,,,,,,,,0.57,0.57,,33.0,1,False
2026-02-23 04:24:30+00:00,,,,,,,,0.57,0.57,,0.0,0,False
2026-02-23 04:25:00+00:00,,,,,,,,0.57,0.57,,0.0,0,False
2026-02-23 04:25:30+00:00,,,,,,,,0.5677192982456141,0.59,,171.0,5,False
2026-02-23 04:26:00+00:00,,,,,,,,0.5677192982456141,0.59,,0.0,0,False
2026-02-23 04:26:30+00:00,,,,,,,,0.58,0.58,,5.0,2,False
2026-02-23 04:27:00+00:00,,,,,,,,0.6,0.6,,90.0,1,False
2026-02-23 04:27:30+00:00,,,,,,,,0.6,0.6,,0.0,0,False
2026-02-23 04:28:00+00:00,,,,,,,,0.6,0.6,,0.0,0,False
2026-02-23 04:28:30+00:00,,,,,,,,0.6,0.6,,0.0,0,False
2026-02-23 04:29:00+00:00,,,,,,,,0.6,0.6,,0.0,0,False
2026-02-23 04:29:30+00:00,,,,,,,,0.6,0.6,,0.0,0,False
2026-02-23 04:30:00+00:00,,,,,,,,0.6,0.6,,0.0,0,False
2026-02-23 04:30:30+00:00,,,,,,,,0.6,0.6,,13.0,1,False
2026-02-23 04:31:00+00:00,,,,,,,,0.6,0.6,,0.0,0,False
2026-02-23 04:31:30+00:00,,,,,,,,0.6,0.6,,0.0,0,False
2026-02-23 04:32:00+00:00,,,,,,,,0.6,0.6,,0.0,0,False
2026-02-23 04:32:30+00:00,,,,,,,,0.6,0.6,,0.0,0,False
2026-02-23 04:33:00+00:00,,,,,,,,0.6,0.6,,0.0,0,False
2026-02-23 04:33:30+00:00,,,,,,,,0.6,0.6,,0.0,0,False
2026-02-23 04:34:00+00:00,,,,,,,,0.6,0.6,,0.0,0,False
2026-02-23 04:34:30+00:00,,,,,,,,0.6,0.6,,0.0,0,False
2026-02-23 04:35:00+00:00,,,,,,,,0.6,0.6,,0.0,0,False
2026-02-23 04:35:30+00:00,,,,,,,,0.6,0.6,,24.0,1,False
2026-02-23 04:36:00+00:00,,,,,,,,0.6,0.6,,0.0,0,False
2026-02-23 04:36:30+00:00,,,,,,,,0.6,0.6,,0.0,0,False
2026-02-23 04:37:00+00:00,,,,,,,,0.6,0.6,,0.0,0,False
2026-02-23 04:37:30+00:00,,,,,,,,0.6,0.6,,161.0,1,False
2026-02-23 04:38:00+00:00,,,,,,,,0.6,0.6,,0.0,0,False
2026-02-23 04:38:30+00:00,,,,,,,,0.6,0.6,,0.0,0,False
2026-02-23 04:39:00+00:00,,,,,,,,0.6,0.6,,0.0,0,False
2026-02-23 04:39:30+00:00,,,,,,,,0.6,0.6,,40.0,1,False
2026-02-23 04:40:00+00:00,,,,,,,,0.6,0.6,,0.0,0,False
2026-02-23 04:40:30+00:00,,,,,,,,0.6,0.6,,0.0,0,False
2026-02-23 04:41:00+00:00,,,,,,,,0.6,0.6,,0.0,0,False
2026-02-23 04:41:30+00:00,,,,,,,,0.6,0.6,,0.0,0,False
2026-02-23 04:42:00+00:00,,,,,,,,0.6,0.6,,0.0,0,False
2026-02-23 04:42:30+00:00,,,,,,,,0.6,0.6,,0.0,0,False
2026-02-23 04:43:00+00:00,,,,,,,,0.5523809523809524,0.55,,21.0,2,False
2026-02-23 04:43:30+00:00,,,,,,,,0.5523809523809524,0.55,,0.0,0,False
2026-02-23 04:44:00+00:00,,,,,,,,0.6,0.6,,80.0,1,False
2026-02-23 04:44:30+00:00,,,,,,,,0.6,0.6,,0.0,0,False
2026-02-23 04:45:00+00:00,,,,,,,,0.6,0.6,,403.0,1,False
2026-02-23 04:45:30+00:00,,,,,,,,0.6,0.6,,0.0,0,False
2026-02-23 04:46:00+00:00,,,,,,,,0.6,0.6,,0.0,0,False
2026-02-23 04:46:30+00:00,,,,,,,,0.6,0.6,,0.0,0,False
2026-02-23 04:47:00+00:00,,,,,,,,0.6,0.6,,0.0,0,False
2026-02-23 04:47:30+00:00,,,,,,,,0.6,0.6,,12.0,1,False
2026-02-23 04:48:00+00:00,,,,,,,,0.6,0.6,,0.0,0,False
2026-02-23 04:48:30+00:00,,,,,,,,0.6,0.6,,8.0,1,False
2026-02-23 04:49:00+00:00,,,,,,,,0.6,0.6,,0.0,0,False
2026-02-23 04:49:30+00:00,,,,,,,,0.6,0.6,,0.0,0,False
2026-02-23 04:50:00+00:00,,,,,,,,0.6,0.6,,0.0,0,False
2026-02-23 04:50:30+00:00,,,,,,,,0.6,0.6,,0.0,0,False
2026-02-23 04:51:00+00:00,,,,,,,,0.55,0.55,,10.0,1,False
2026-02-23 04:51:30+00:00,,,,,,,,0.6,0.6,,16.0,1,False
2026-02-23 04:52:00+00:00,,,,,,,,0.6,0.6,,0.0,0,False
2026-02-23 04:52:30+00:00,,,,,,,,0.6,0.6,,33.0,2,False
2026-02-23 04:53:00+00:00,,,,,,,,0.6,0.6,,40.0,1,False
2026-02-23 04:53:30+00:00,,,,,,,,0.6,0.6,,0.0,0,False
2026-02-23 04:54:00+00:00,,,,,,,,0.6,0.6,,0.0,0,False
2026-02-23 04:54:30+00:00,,,,,,,,0.6,0.6,,0.0,0,False
2026-02-23 04:55:00+00:00,,,,,,,,0.58,0.58,,32.0,1,False
2026-02-23 04:55:30+00:00,,,,,,,,0.58,0.58,,0.0,0,False
2026-02-23 04:56:00+00:00,,,,,,,,0.58,0.58,,26.0,3,False
2026-02-23 04:56:30+00:00,,,,,,,,0.58,0.58,,0.0,0,False
2026-02-23 04:57:00+00:00,,,,,,,,0.58,0.58,,0.0,0,False
2026-02-23 04:57:30+00:00,,,,,,,,0.58,0.58,,20.0,1,False
2026-02-23 04:58:00+00:00,,,,,,,,0.58,0.58,,0.0,0,False
2026-02-23 04:58:30+00:00,,,,,,,,0.58,0.58,,0.0,0,False
2026-02-23 04:59:00+00:00,,,,,,,,0.58,0.58,,74.0,1,False
2026-02-23 04:59:30+00:00,,,,,,,,0.58,0.58,,0.0,0,False
2026-02-23 05:00:00+00:00,,,,,,,,0.5728571428571428,0.56,,56.0,2,False
2026-02-23 05:00:30+00:00,,,,,,,,0.59,0.59,,35.0,2,False
2026-02-23 05:01:00+00:00,,,,,,,,0.59,0.59,,0.0,0,False
2026-02-23 05:01:30+00:00,,,,,,,,0.59,0.59,,0.0,0,False
2026-02-23 05:02:00+00:00,,,,,,,,0.59,0.59,,6.0,1,False
2026-02-23 05:02:30+00:00,,,,,,,,0.59,0.59,,113.0,1,False
2026-02-23 05:03:00+00:00,,,,,,,,0.59,0.59,,0.0,0,False
2026-02-23 05:03:30+00:00,,,,,,,,0.59,0.59,,0.0,0,False
2026-02-23 05:04:00+00:00,,,,,,,,0.59,0.59,,0.0,0,False
2026-02-23 05:04:30+00:00,,,,,,,,0.59,0.59,,0.0,0,False
2026-02-23 05:05:00+00:00,,,,,,,,0.59,0.59,,40.0,1,False
2026-02-23 05:05:30+00:00,,,,,,,,0.59,0.59,,0.0,0,False
2026-02-23 05:06:00+00:00,,,,,,,,0.59,0.59,,163.0,2,False
2026-02-23 05:06:30+00:00,,,,,,,,0.56,0.56,,55.0,2,False
2026-02-23 05:07:00+00:00,,,,,,,,0.59,0.59,,39.0,1,False
2026-02-23 05:07:30+00:00,,,,,,,,0.59,0.59,,192.0,4,False
2026-02-23 05:08:00+00:00,,,,,,,,0.59,0.59,,92.0,2,False
2026-02-23 05:08:30+00:00,,,,,,,,0.59,0.59,,0.0,0,False
2026-02-23 05:09:00+00:00,,,,,,,,0.59,0.59,,0.0,0,False
2026-02-23 05:09:30+00:00,,,,,,,,0.59,0.59,,0.0,0,False
2026-02-23 05:10:00+00:00,,,,,,,,0.5903296703296702,0.6,,91.0,2,False
2026-02-23 05:10:30+00:00,,,,,,,,0.5903296703296702,0.6,,0.0,0,False
2026-02-23 05:11:00+00:00,,,,,,,,0.5903296703296702,0.6,,0.0,0,False
2026-02-23 05:11:30+00:00,,,,,,,,0.5903296703296702,0.6,,0.0,0,False
2026-02-23 05:12:00+00:00,,,,,,,,0.5903296703296702,0.6,,0.0,0,False
2026-02-23 05:12:30+00:00,,,,,,,,0.5903296703296702,0.6,,0.0,0,False
2026-02-23 05:13:00+00:00,,,,,,,,0.5903296703296702,0.6,,0.0,0,False
2026-02-23 05:13:30+00:00,,,,,,,,0.5903296703296702,0.6,,0.0,0,False
2026-02-23 05:14:00+00:00,,,,,,,,0.5903296703296702,0.6,,0.0,0,False
2026-02-23 05:14:30+00:00,,,,,,,,0.5903296703296702,0.6,,0.0,0,False
2026-02-23 05:15:00+00:00,,,,,,,,0.6,0.6,,6.0,1,False
2026-02-23 05:15:30+00:00,,,,,,,,0.6,0.6,,0.0,0,False
2026-02-23 05:16:00+00:00,,,,,,,,0.6,0.6,,0.0,0,False
2026-02-23 05:16:30+00:00,,,,,,,,0.6,0.6,,16.0,1,False
2026-02-23 05:17:00+00:00,,,,,,,,0.6,0.6,,0.0,0,False
2026-02-23 05:17:30+00:00,,,,,,,,0.6,0.6,,0.0,0,False
2026-02-23 05:18:00+00:00,,,,,,,,0.6,0.6,,40.0,1,False
2026-02-23 05:18:30+00:00,,,,,,,,0.6,0.6,,32.0,2,False
2026-02-23 05:19:00+00:00,,,,,,,,0.6,0.6,,0.0,0,False
2026-02-23 05:19:30+00:00,,,,,,,,0.6,0.6,,0.0,0,False
2026-02-23 05:20:00+00:00,,,,,,,,0.6,0.6,,0.0,0,False
2026-02-23 05:20:30+00:00,,,,,,,,0.6,0.6,,0.0,0,False
2026-02-23 05:21:00+00:00,,,,,,,,0.6,0.6,,0.0,0,False
2026-02-23 05:21:30+00:00,,,,,,,,0.6,0.6,,0.0,0,False
2026-02-23 05:22:00+00:00,,,,,,,,0.6,0.6,,0.0,0,False
2026-02-23 05:22:30+00:00,,,,,,,,0.6,0.6,,0.0,0,False
2026-02-23 05:23:00+00:00,,,,,,,,0.6,0.6,,0.0,0,False
2026-02-23 05:23:30+00:00,,,,,,,,0.6,0.6,,0.0,0,False
2026-02-23 05:24:00+00:00,,,,,,,,0.6,0.6,,0.0,0,False
2026-02-23 05:24:30+00:00,,,,,,,,0.6,0.6,,0.0,0,False
2026-02-23 05:25:00+00:00,,,,,,,,0.6,0.6,,0.0,0,False
2026-02-23 05:25:30+00:00,,,,,,,,0.6,0.6,,0.0,0,False
2026-02-23 05:26:00+00:00,,,,,,,,0.6,0.6,,0.0,0,False
2026-02-23 05:26:30+00:00,,,,,,,,0.6,0.6,,0.0,0,False
2026-02-23 05:27:00+00:00,,,,,,,,0.6,0.6,,0.0,0,False
2026-02-23 05:27:30+00:00,,,,,,,,0.6,0.6,,0.0,0,False
2026-02-23 05:28:00+00:00,,,,,,,,0.6,0.6,,0.0,0,False
2026-02-23 05:28:30+00:00,,,,,,,,0.6,0.6,,0.0,0,False
2026-02-23 05:29:00+00:00,,,,,,,,0.6,0.6,,0.0,0,False
2026-02-23 05:29:30+00:00,,,,,,,,0.6,0.6,,0.0,0,False
2026-02-23 05:30:00+00:00,,,,,,,,0.6,0.6,,0.0,0,False
2026-02-23 05:30:30+00:00,,,,,,,,0.6,0.6,,0.0,0,False
2026-02-23 05:31:00+00:00,,,,,,,,0.6,0.6,,0.0,0,False
2026-02-23 05:31:30+00:00,,,,,,,,0.6,0.6,,5.0,1,False
2026-02-23 05:32:00+00:00,,,,,,,,0.6,0.6,,0.0,0,False
2026-02-23 05:32:30+00:00,,,,,,,,0.5991137370753323,0.5700000000000001,,677.0,8,False
2026-02-23 05:33:00+00:00,,,,,,,,0.6119412166780589,0.62,,4389.0,7,False
2026-02-23 05:33:30+00:00,,,,,,,,0.6201883948756595,0.63,,3981.0,3,False
2026-02-23 05:34:00+00:00,,,,,,,,0.62,0.62,,1.0,1,False
2026-02-23 05:34:30+00:00,,,,,,,,0.62,0.62,,0.0,0,False
2026-02-23 05:35:00+00:00,,,,,,,,0.62,0.62,,0.0,0,False
2026-02-23 05:35:30+00:00,,,,,,,,0.62,0.62,,0.0,0,False
2026-02-23 05:36:00+00:00,,,,,,,,0.62,0.62,,0.0,0,False
2026-02-23 05:36:30+00:00,,,,,,,,0.62,0.62,,0.0,0,False
2026-02-23 05:37:00+00:00,,,,,,,,0.63,0.63,,30.0,1,False
2026-02-23 05:37:30+00:00,,,,,,,,0.5900000000000001,0.5900000000000001,,23.0,1,False
2026-02-23 05:38:00+00:00,,,,,,,,0.5900000000000001,0.5900000000000001,,11.0,1,False
2026-02-23 05:38:30+00:00,,,,,,,,0.5900000000000001,0.5900000000000001,,0.0,0,False
2026-02-23 05:39:00+00:00,,,,,,,,0.5900000000000001,0.5900000000000001,,0.0,0,False
2026-02-23 05:39:30+00:00,,,,,,,,0.5900000000000001,0.5900000000000001,,0.0,0,False
2026-02-23 05:40:00+00:00,,,,,,,,0.63,0.63,,1.0,1,False
2026-02-23 05:40:30+00:00,,,,,,,,0.63,0.63,,0.0,0,False
2026-02-23 05:41:00+00:00,,,,,,,,0.63,0.63,,0.0,0,False
2026-02-23 05:41:30+00:00,,,,,,,,0.6299999999999999,0.63,,31.0,2,False
2026-02-23 05:42:00+00:00,,,,,,,,0.6299999999999999,0.63,,0.0,0,False
2026-02-23 05:42:30+00:00,,,,,,,,0.6299999999999999,0.63,,0.0,0,False
2026-02-23 05:43:00+00:00,,,,,,,,0.63,0.63,,18.0,1,False
2026-02-23 05:43:30+00:00,,,,,,,,0.63,0.63,,0.0,0,False
2026-02-23 05:44:00+00:00,,,,,,,,0.63,0.63,,0.0,0,False
2026-02-23 05:44:30+00:00,,,,,,,,0.63,0.63,,0.0,0,False
2026-02-23 05:45:00+00:00,,,,,,,,0.63,0.63,,0.0,0,False
2026-02-23 05:45:30+00:00,,,,,,,,0.63,0.63,,0.0,0,False
2026-02-23 05:46:00+00:00,,,,,,,,0.63,0.63,,0.0,0,False
2026-02-23 05:46:30+00:00,,,,,,,,0.63,0.63,,0.0,0,False
2026-02-23 05:47:00+00:00,,,,,,,,0.63,0.63,,0.0,0,False
2026-02-23 05:47:30+00:00,,,,,,,,0.63,0.63,,7.0,1,False
2026-02-23 05:48:00+00:00,,,,,,,,0.63,0.63,,0.0,0,False
2026-02-23 05:48:30+00:00,,,,,,,,0.63,0.63,,0.0,0,False
2026-02-23 05:49:00+00:00,,,,,,,,0.63,0.63,,0.0,0,False
2026-02-23 05:49:30+00:00,,,,,,,,0.63,0.63,,76.0,1,False
2026-02-23 05:50:00+00:00,,,,,,,,0.63,0.63,,0.0,0,False
2026-02-23 05:50:30+00:00,,,,,,,,0.63,0.63,,153.0,1,False
2026-02-23 05:51:00+00:00,,,,,,,,0.63,0.63,,0.0,0,False
2026-02-23 05:51:30+00:00,,,,,,,,0.63,0.63,,0.0,0,False
2026-02-23 05:52:00+00:00,,,,,,,,0.63,0.63,,0.0,0,False
2026-02-23 05:52:30+00:00,,,,,,,,0.63,0.63,,0.0,0,False
2026-02-23 05:53:00+00:00,,,,,,,,0.63,0.63,,0.0,0,False
2026-02-23 05:53:30+00:00,,,,,,,,0.63,0.63,,0.0,0,False
2026-02-23 05:54:00+00:00,,,,,,,,0.63,0.63,,0.0,0,False
2026-02-23 05:54:30+00:00,,,,,,,,0.63,0.63,,0.0,0,False
2026-02-23 05:55:00+00:00,,,,,,,,0.63,0.63,,0.0,0,False
2026-02-23 05:55:30+00:00,,,,,,,,0.63,0.63,,0.0,0,False
2026-02-23 05:56:00+00:00,,,,,,,,0.63,0.63,,0.0,0,False
2026-02-23 05:56:30+00:00,,,,,,,,0.63,0.63,,0.0,0,False
2026-02-23 05:57:00+00:00,,,,,,,,0.63,0.63,,0.0,0,False
2026-02-23 05:57:30+00:00,,,,,,,,0.63,0.63,,0.0,0,False
2026-02-23 05:58:00+00:00,,,,,,,,0.63,0.63,,0.0,0,False
2026-02-23 05:58:30+00:00,,,,,,,,0.63,0.63,,4.0,1,False
2026-02-23 05:59:00+00:00,,,,,,,,0.63,0.63,,0.0,0,False
2026-02-23 05:59:30+00:00,,,,,,,,0.63,0.63,,0.0,0,False
2026-02-23 06:00:00+00:00,,,,,,,,0.63,0.63,,6.0,1,False
2026-02-23 06:00:30+00:00,,,,,,,,0.6065517241379311,0.63,,58.0,2,False
2026-02-23 06:01:00+00:00,,,,,,,,0.6065517241379311,0.63,,0.0,0,False
2026-02-23 06:01:30+00:00,,,,,,,,0.6065517241379311,0.63,,0.0,0,False
2026-02-23 06:02:00+00:00,,,,,,,,0.6065517241379311,0.63,,0.0,0,False
2026-02-23 06:02:30+00:00,,,,,,,,0.6065517241379311,0.63,,0.0,0,False
2026-02-23 06:03:00+00:00,,,,,,,,0.6065517241379311,0.63,,0.0,0,False
2026-02-23 06:03:30+00:00,,,,,,,,0.6065517241379311,0.63,,0.0,0,False
2026-02-23 06:04:00+00:00,,,,,,,,0.6065517241379311,0.63,,0.0,0,False
2026-02-23 06:04:30+00:00,,,,,,,,0.6065517241379311,0.63,,0.0,0,False
2026-02-23 06:05:00+00:00,,,,,,,,0.6065517241379311,0.63,,0.0,0,False
2026-02-23 06:05:30+00:00,,,,,,,,0.6065517241379311,0.63,,0.0,0,False
2026-02-23 06:06:00+00:00,,,,,,,,0.5915384615384617,0.5900000000000001,,104.0,2,False
2026-02-23 06:06:30+00:00,,,,,,,,0.5915384615384617,0.5900000000000001,,0.0,0,False
2026-02-23 06:07:00+00:00,,,,,,,,0.5915384615384617,0.5900000000000001,,0.0,0,False
2026-02-23 06:07:30+00:00,,,,,,,,0.5915384615384617,0.5900000000000001,,0.0,0,False
2026-02-23 06:08:00+00:00,,,,,,,,0.5900000000000001,0.5900000000000001,,2.0,1,False
2026-02-23 06:08:30+00:00,,,,,,,,0.63,0.63,,21.0,1,False
2026-02-23 06:09:00+00:00,,,,,,,,0.63,0.63,,0.0,0,False
2026-02-23 06:09:30+00:00,,,,,,,,0.63,0.63,,6.0,1,False
2026-02-23 06:10:00+00:00,,,,,,,,0.63,0.63,,45.0,1,False
2026-02-23 06:10:30+00:00,,,,,,,,0.63,0.63,,0.0,0,False
2026-02-23 06:11:00+00:00,,,,,,,,0.63,0.63,,0.0,0,False
2026-02-23 06:11:30+00:00,,,,,,,,0.63,0.63,,0.0,0,False
2026-02-23 06:12:00+00:00,,,,,,,,0.63,0.63,,0.0,0,False
2026-02-23 06:12:30+00:00,,,,,,,,0.63,0.63,,0.0,0,False
2026-02-23 06:13:00+00:00,,,,,,,,0.63,0.63,,0.0,0,False
2026-02-23 06:13:30+00:00,,,,,,,,0.63,0.63,,0.0,0,False
2026-02-23 06:14:00+00:00,,,,,,,,0.63,0.63,,30.0,1,False
2026-02-23 06:14:30+00:00,,,,,,,,0.63,0.63,,4.0,1,False
2026-02-23 06:15:00+00:00,,,,,,,,0.63,0.63,,0.0,0,False
2026-02-23 06:15:30+00:00,,,,,,,,0.63,0.63,,0.0,0,False
2026-02-23 06:16:00+00:00,,,,,,,,0.63,0.63,,0.0,0,False
2026-02-23 06:16:30+00:00,,,,,,,,0.63,0.63,,0.0,0,False
2026-02-23 06:17:00+00:00,,,,,,,,0.63,0.63,,0.0,0,False
2026-02-23 06:17:30+00:00,,,,,,,,0.63,0.63,,0.0,0,False
2026-02-23 06:18:00+00:00,,,,,,,,0.62,0.62,,312.0,1,False
2026-02-23 06:18:30+00:00,,,,,,,,0.62,0.62,,23.0,1,False
2026-02-23 06:19:00+00:00,,,,,,,,0.62,0.62,,0.0,0,False
2026-02-23 06:19:30+00:00,,,,,,,,0.62,0.62,,0.0,0,False
2026-02-23 06:20:00+00:00,,,,,,,,0.62,0.62,,0.0,0,False
2026-02-23 06:20:30+00:00,,,,,,,,0.62,0.62,,0.0,0,False
2026-02-23 06:21:00+00:00,,,,,,,,0.5900000000000001,0.5900000000000001,,316.0,2,False
2026-02-23 06:21:30+00:00,,,,,,,,0.5900000000000001,0.5900000000000001,,0.0,0,False
2026-02-23 06:22:00+00:00,,,,,,,,0.62,0.62,,87.0,2,False
2026-02-23 06:22:30+00:00,,,,,,,,0.62,0.62,,245.0,1,False
2026-02-23 06:23:00+00:00,,,,,,,,0.63,0.63,,144.0,1,False
2026-02-23 06:23:30+00:00,,,,,,,,0.63,0.63,,53.0,1,False
2026-02-23 06:24:00+00:00,,,,,,,,0.63,0.63,,0.0,0,False
2026-02-23 06:24:30+00:00,,,,,,,,0.63,0.63,,35.0,1,False
2026-02-23 06:25:00+00:00,,,,,,,,0.63,0.63,,0.0,0,False
2026-02-23 06:25:30+00:00,,,,,,,,0.63,0.63,,235.0,3,False
2026-02-23 06:26:00+00:00,,,,,,,,0.63,0.63,,0.0,0,False
2026-02-23 06:26:30+00:00,,,,,,,,0.63,0.63,,23.0,1,False
2026-02-23 06:27:00+00:00,,,,,,,,0.63,0.63,,0.0,0,False
2026-02-23 06:27:30+00:00,,,,,,,,0.63,0.63,,0.0,0,False
2026-02-23 06:28:00+00:00,,,,,,,,0.63,0.63,,0.0,0,False
2026-02-23 06:28:30+00:00,,,,,,,,0.63,0.63,,6.0,1,False
2026-02-23 06:29:00+00:00,,,,,,,,0.63,0.63,,0.0,0,False
2026-02-23 06:29:30+00:00,,,,,,,,0.63,0.63,,0.0,0,False
2026-02-23 06:30:00+00:00,,,,,,,,0.63,0.63,,0.0,0,False
2026-02-23 06:30:30+00:00,,,,,,,,0.63,0.63,,0.0,0,False
2026-02-23 06:31:00+00:00,,,,,,,,0.63,0.63,,0.0,0,False
2026-02-23 06:31:30+00:00,,,,,,,,0.63,0.63,,0.0,0,False
2026-02-23 06:32:00+00:00,,,,,,,,0.63,0.63,,4.0,1,False
2026-02-23 06:32:30+00:00,,,,,,,,0.5900000000000001,0.5900000000000001,,23.0,1,False
2026-02-23 06:33:00+00:00,,,,,,,,0.5900000000000001,0.5900000000000001,,0.0,0,False
2026-02-23 06:33:30+00:00,,,,,,,,0.5900000000000001,0.5900000000000001,,0.0,0,False
2026-02-23 06:34:00+00:00,,,,,,,,0.5900000000000001,0.5900000000000001,,0.0,0,False
2026-02-23 06:34:30+00:00,,,,,,,,0.5900000000000001,0.5900000000000001,,0.0,0,False
2026-02-23 06:35:00+00:00,,,,,,,,0.5900000000000001,0.5900000000000001,,0.0,0,False
2026-02-23 06:35:30+00:00,,,,,,,,0.5900000000000001,0.5900000000000001,,0.0,0,False
2026-02-23 06:36:00+00:00,,,,,,,,0.5900000000000001,0.5900000000000001,,0.0,0,False
2026-02-23 06:36:30+00:00,,,,,,,,0.5900000000000001,0.5900000000000001,,0.0,0,False
2026-02-23 06:37:00+00:00,,,,,,,,0.5900000000000001,0.5900000000000001,,0.0,0,False
2026-02-23 06:37:30+00:00,,,,,,,,0.5900000000000001,0.5900000000000001,,46.0,1,False
2026-02-23 06:38:00+00:00,,,,,,,,0.5900000000000001,0.5900000000000001,,0.0,0,False
2026-02-23 06:38:30+00:00,,,,,,,,0.5900000000000001,0.5900000000000001,,0.0,0,False
2026-02-23 06:39:00+00:00,,,,,,,,0.5900000000000001,0.5900000000000001,,0.0,0,False
2026-02-23 06:39:30+00:00,,,,,,,,0.5900000000000001,0.5900000000000001,,0.0,0,False
2026-02-23 06:40:00+00:00,,,,,,,,0.5900000000000001,0.5900000000000001,,0.0,0,False
2026-02-23 06:40:30+00:00,,,,,,,,0.63,0.63,,6.0,1,False
2026-02-23 06:41:00+00:00,,,,,,,,0.63,0.63,,0.0,0,False
2026-02-23 06:41:30+00:00,,,,,,,,0.63,0.63,,0.0,0,False
2026-02-23 06:42:00+00:00,,,,,,,,0.63,0.63,,0.0,0,False
2026-02-23 06:42:30+00:00,,,,,,,,0.63,0.63,,0.0,0,False
2026-02-23 06:43:00+00:00,,,,,,,,0.63,0.63,,0.0,0,False
2026-02-23 06:43:30+00:00,,,,,,,,0.63,0.63,,0.0,0,False
2026-02-23 06:44:00+00:00,,,,,,,,0.63,0.63,,0.0,0,False
2026-02-23 06:44:30+00:00,,,,,,,,0.63,0.63,,153.0,1,False
2026-02-23 06:45:00+00:00,,,,,,,,0.63,0.63,,0.0,0,False
2026-02-23 06:45:30+00:00,,,,,,,,0.63,0.63,,15.0,1,False
2026-02-23 06:46:00+00:00,,,,,,,,0.63,0.63,,0.0,0,False
2026-02-23 06:46:30+00:00,,,,,,,,0.63,0.63,,0.0,0,False
2026-02-23 06:47:00+00:00,,,,,,,,0.63,0.63,,0.0,0,False
2026-02-23 06:47:30+00:00,,,,,,,,0.63,0.63,,0.0,0,False
2026-02-23 06:48:00+00:00,,,,,,,,0.63,0.63,,0.0,0,False
2026-02-23 06:48:30+00:00,,,,,,,,0.63,0.63,,8.0,1,False
2026-02-23 06:49:00+00:00,,,,,,,,0.63,0.63,,0.0,0,False
2026-02-23 06:49:30+00:00,,,,,,,,0.63,0.63,,0.0,0,False
2026-02-23 06:50:00+00:00,,,,,,,,0.63,0.63,,0.0,0,False
2026-02-23 06:50:30+00:00,,,,,,,,0.63,0.63,,0.0,0,False
2026-02-23 06:51:00+00:00,,,,,,,,0.63,0.63,,0.0,0,False
2026-02-23 06:51:30+00:00,,,,,,,,0.63,0.63,,3.0,1,False
2026-02-23 06:52:00+00:00,,,,,,,,0.63,0.63,,0.0,0,False
2026-02-23 06:52:30+00:00,,,,,,,,0.63,0.63,,0.0,0,False
2026-02-23 06:53:00+00:00,,,,,,,,0.63,0.63,,0.0,0,False
2026-02-23 06:53:30+00:00,,,,,,,,0.63,0.63,,0.0,0,False
2026-02-23 06:54:00+00:00,,,,,,,,0.63,0.63,,0.0,0,False
2026-02-23 06:54:30+00:00,,,,,,,,0.63,0.63,,160.0,2,False
2026-02-23 06:55:00+00:00,,,,,,,,0.63,0.63,,0.0,0,False
2026-02-23 06:55:30+00:00,,,,,,,,0.63,0.63,,0.0,0,False
2026-02-23 06:56:00+00:00,,,,,,,,0.63,0.63,,0.0,0,False
2026-02-23 06:56:30+00:00,,,,,,,,0.63,0.63,,0.0,0,False
2026-02-23 06:57:00+00:00,,,,,,,,0.63,0.63,,0.0,0,False
2026-02-23 06:57:30+00:00,,,,,,,,0.63,0.63,,0.0,0,False
2026-02-23 06:58:00+00:00,,,,,,,,0.63,0.63,,0.0,0,False
2026-02-23 06:58:30+00:00,,,,,,,,0.63,0.63,,0.0,0,False
2026-02-23 06:59:00+00:00,,,,,,,,0.63,0.63,,0.0,0,False
2026-02-23 06:59:30+00:00,,,,,,,,0.63,0.63,,325.0,1,False
2026-02-23 07:00:00+00:00,,,,,,,,0.63,0.63,,15.0,1,False
2026-02-23 07:00:30+00:00,,,,,,,,0.63,0.63,,0.0,0,False
2026-02-23 07:01:00+00:00,,,,,,,,0.63,0.63,,1.0,1,False
2026-02-23 07:01:30+00:00,,,,,,,,0.63,0.63,,0.0,0,False
2026-02-23 07:02:00+00:00,,,,,,,,0.63,0.63,,0.0,0,False
2026-02-23 07:02:30+00:00,,,,,,,,0.63,0.63,,0.0,0,False
2026-02-23 07:03:00+00:00,,,,,,,,0.63,0.63,,0.0,0,False
2026-02-23 07:03:30+00:00,,,,,,,,0.63,0.63,,0.0,0,False
2026-02-23 07:04:00+00:00,,,,,,,,0.63,0.63,,0.0,0,False
2026-02-23 07:04:30+00:00,,,,,,,,0.6,0.6,,3.0,1,False
2026-02-23 07:05:00+00:00,,,,,,,,0.5900000000000001,0.5900000000000001,,117.0,1,False
2026-02-23 07:05:30+00:00,,,,,,,,0.5900000000000001,0.5900000000000001,,0.0,0,False
2026-02-23 07:06:00+00:00,,,,,,,,0.63,0.63,,15.0,1,False
2026-02-23 07:06:30+00:00,,,,,,,,0.63,0.63,,0.0,0,False
2026-02-23 07:07:00+00:00,,,,,,,,0.63,0.63,,0.0,0,False
2026-02-23 07:07:30+00:00,,,,,,,,0.63,0.63,,1.0,1,False
2026-02-23 07:08:00+00:00,,,,,,,,0.63,0.63,,1.0,1,False
2026-02-23 07:08:30+00:00,,,,,,,,0.63,0.63,,0.0,0,False
2026-02-23 07:09:00+00:00,,,,,,,,0.63,0.63,,0.0,0,False
2026-02-23 07:09:30+00:00,,,,,,,,0.63,0.63,,0.0,0,False
2026-02-23 07:10:00+00:00,,,,,,,,0.63,0.63,,0.0,0,False
2026-02-23 07:10:30+00:00,,,,,,,,0.63,0.63,,46.0,1,False
2026-02-23 07:11:00+00:00,,,,,,,,0.63,0.63,,0.0,0,False
2026-02-23 07:11:30+00:00,,,,,,,,0.63,0.63,,0.0,0,False
2026-02-23 07:12:00+00:00,,,,,,,,0.63,0.63,,0.0,0,False
2026-02-23 07:12:30+00:00,,,,,,,,0.5900000000000001,0.5900000000000001,,110.0,1,False
2026-02-23 07:13:00+00:00,,,,,,,,0.5900000000000001,0.5900000000000001,,0.0,0,False
2026-02-23 07:13:30+00:00,,,,,,,,0.5900000000000001,0.5900000000000001,,0.0,0,False
2026-02-23 07:14:00+00:00,,,,,,,,0.5900000000000001,0.5900000000000001,,0.0,0,False
2026-02-23 07:14:30+00:00,,,,,,,,0.5900000000000001,0.5900000000000001,,0.0,0,False
2026-02-23 07:15:00+00:00,,,,,,,,0.5900000000000001,0.5900000000000001,,0.0,0,False
2026-02-23 07:15:30+00:00,,,,,,,,0.5900000000000001,0.5900000000000001,,0.0,0,False
2026-02-23 07:16:00+00:00,,,,,,,,0.5900000000000001,0.5900000000000001,,0.0,0,False
2026-02-23 07:16:30+00:00,,,,,,,,0.5900000000000001,0.5900000000000001,,0.0,0,False
2026-02-23 07:17:00+00:00,,,,,,,,0.5900000000000001,0.5900000000000001,,0.0,0,False
2026-02-23 07:17:30+00:00,,,,,,,,0.5900000000000001,0.5900000000000001,,0.0,0,False
2026-02-23 07:18:00+00:00,,,,,,,,0.5900000000000001,0.5900000000000001,,0.0,0,False
2026-02-23 07:18:30+00:00,,,,,,,,0.5900000000000001,0.5900000000000001,,0.0,0,False
2026-02-23 07:19:00+00:00,,,,,,,,0.5900000000000001,0.5900000000000001,,0.0,0,False
2026-02-23 07:19:30+00:00,,,,,,,,0.5900000000000001,0.5900000000000001,,0.0,0,False
2026-02-23 07:20:00+00:00,,,,,,,,0.63,0.63,,5.0,1,False
2026-02-23 07:20:30+00:00,,,,,,,,0.63,0.63,,0.0,0,False
2026-02-23 07:21:00+00:00,,,,,,,,0.63,0.63,,0.0,0,False
2026-02-23 07:21:30+00:00,,,,,,,,0.63,0.63,,46.0,1,False
2026-02-23 07:22:00+00:00,,,,,,,,0.63,0.63,,0.0,0,False
2026-02-23 07:22:30+00:00,,,,,,,,0.63,0.63,,0.0,0,False
2026-02-23 07:23:00+00:00,,,,,,,,0.63,0.63,,0.0,0,False
2026-02-23 07:23:30+00:00,,,,,,,,0.6787331536388141,0.6,,371.0,8,False
2026-02-23 07:24:00+00:00,,,,,,,,0.6,0.6,,5.0,2,False
2026-02-23 07:24:30+00:00,,,,,,,,0.5999999999999999,0.6,,7.0,2,False
2026-02-23 07:25:00+00:00,,,,,,,,0.6,0.6,,3.0,1,False
2026-02-23 07:25:30+00:00,,,,,,,,0.6,0.6,,0.0,0,False
2026-02-23 07:26:00+00:00,,,,,,,,0.6,0.6,,0.0,0,False
2026-02-23 07:26:30+00:00,,,,,,,,0.6,0.6,,0.0,0,False
2026-02-23 07:27:00+00:00,,,,,,,,0.6,0.6,,0.0,0,False
2026-02-23 07:27:30+00:00,,,,,,,,0.6,0.6,,0.0,0,False
2026-02-23 07:28:00+00:00,,,,,,,,0.6,0.6,,0.0,0,False
2026-02-23 07:28:30+00:00,,,,,,,,0.615,0.6,,38.0,2,False
2026-02-23 07:29:00+00:00,,,,,,,,0.615,0.6,,0.0,0,False
2026-02-23 07:29:30+00:00,,,,,,,,0.615,0.6,,0.0,0,False
2026-02-23 07:30:00+00:00,,,,,,,,0.615,0.6,,0.0,0,False
2026-02-23 07:30:30+00:00,,,,,,,,0.615,0.6,,0.0,0,False
2026-02-23 07:31:00+00:00,,,,,,,,0.615,0.6,,0.0,0,False
2026-02-23 07:31:30+00:00,,,,,,,,0.615,0.6,,0.0,0,False
2026-02-23 07:32:00+00:00,,,,,,,,0.615,0.6,,0.0,0,False
2026-02-23 07:32:30+00:00,,,,,,,,0.615,0.6,,0.0,0,False
2026-02-23 07:33:00+00:00,,,,,,,,0.615,0.6,,0.0,0,False
2026-02-23 07:33:30+00:00,,,,,,,,0.615,0.6,,0.0,0,False
2026-02-23 07:34:00+00:00,,,,,,,,0.615,0.6,,0.0,0,False
2026-02-23 07:34:30+00:00,,,,,,,,0.615,0.6,,0.0,0,False
2026-02-23 07:35:00+00:00,,,,,,,,0.615,0.6,,0.0,0,False
2026-02-23 07:35:30+00:00,,,,,,,,0.615,0.6,,0.0,0,False
2026-02-23 07:36:00+00:00,,,,,,,,0.6161538461538462,0.63,,52.0,2,False
2026-02-23 07:36:30+00:00,,,,,,,,0.6161538461538462,0.63,,0.0,0,False
2026-02-23 07:37:00+00:00,,,,,,,,0.6161538461538462,0.63,,0.0,0,False
2026-02-23 07:37:30+00:00,,,,,,,,0.6161538461538462,0.63,,0.0,0,False
2026-02-23 07:38:00+00:00,,,,,,,,0.6161538461538462,0.63,,0.0,0,False
2026-02-23 07:38:30+00:00,,,,,,,,0.6161538461538462,0.63,,0.0,0,False
2026-02-23 07:39:00+00:00,,,,,,,,0.6161538461538462,0.63,,0.0,0,False
2026-02-23 07:39:30+00:00,,,,,,,,0.6161538461538462,0.63,,0.0,0,False
2026-02-23 07:40:00+00:00,,,,,,,,0.6161538461538462,0.63,,0.0,0,False
2026-02-23 07:40:30+00:00,,,,,,,,0.6161538461538462,0.63,,0.0,0,False
2026-02-23 07:41:00+00:00,,,,,,,,0.6161538461538462,0.63,,0.0,0,False
2026-02-23 07:41:30+00:00,,,,,,,,0.6161538461538462,0.63,,0.0,0,False
2026-02-23 07:42:00+00:00,,,,,,,,0.6161538461538462,0.63,,0.0,0,False
2026-02-23 07:42:30+00:00,,,,,,,,0.6161538461538462,0.63,,0.0,0,False
2026-02-23 07:43:00+00:00,,,,,,,,0.6161538461538462,0.63,,0.0,0,False
2026-02-23 07:43:30+00:00,,,,,,,,0.6161538461538462,0.63,,0.0,0,False
2026-02-23 07:44:00+00:00,,,,,,,,0.615,0.61,,2.0,2,False
2026-02-23 07:44:30+00:00,,,,,,,,0.615,0.61,,0.0,0,False
2026-02-23 07:45:00+00:00,,,,,,,,0.63,0.63,,27.0,1,False
2026-02-23 07:45:30+00:00,,,,,,,,0.63,0.63,,0.0,0,False
2026-02-23 07:46:00+00:00,,,,,,,,0.63,0.63,,0.0,0,False
2026-02-23 07:46:30+00:00,,,,,,,,0.63,0.63,,0.0,0,False
2026-02-23 07:47:00+00:00,,,,,,,,0.63,0.63,,0.0,0,False
2026-02-23 07:47:30+00:00,,,,,,,,0.63,0.63,,0.0,0,False
2026-02-23 07:48:00+00:00,,,,,,,,0.64,0.64,,8.0,1,False
2026-02-23 07:48:30+00:00,,,,,,,,0.64,0.64,,12.0,1,False
2026-02-23 07:49:00+00:00,,,,,,,,0.64,0.64,,0.0,0,False
2026-02-23 07:49:30+00:00,,,,,,,,0.64,0.64,,0.0,0,False
2026-02-23 07:50:00+00:00,,,,,,,,0.64,0.64,,0.0,0,False
2026-02-23 07:50:30+00:00,,,,,,,,0.64,0.64,,0.0,0,False
2026-02-23 07:51:00+00:00,,,,,,,,0.64,0.64,,0.0,0,False
2026-02-23 07:51:30+00:00,,,,,,,,0.64,0.64,,0.0,0,False
2026-02-23 07:52:00+00:00,,,,,,,,0.64,0.64,,0.0,0,False
2026-02-23 07:52:30+00:00,,,,,,,,0.64,0.64,,0.0,0,False
2026-02-23 07:53:00+00:00,,,,,,,,0.64,0.64,,0.0,0,False
2026-02-23 07:53:30+00:00,,,,,,,,0.64,0.64,,0.0,0,False
2026-02-23 07:54:00+00:00,,,,,,,,0.64,0.64,,0.0,0,False
2026-02-23 07:54:30+00:00,,,,,,,,0.64,0.64,,0.0,0,False
2026-02-23 07:55:00+00:00,,,,,,,,0.64,0.64,,0.0,0,False
2026-02-23 07:55:30+00:00,,,,,,,,0.64,0.64,,0.0,0,False
2026-02-23 07:56:00+00:00,,,,,,,,0.64,0.64,,0.0,0,False
2026-02-23 07:56:30+00:00,,,,,,,,0.64,0.64,,0.0,0,False
2026-02-23 07:57:00+00:00,,,,,,,,0.64,0.64,,0.0,0,False
2026-02-23 07:57:30+00:00,,,,,,,,0.64,0.64,,0.0,0,False
2026-02-23 07:58:00+00:00,,,,,,,,0.64,0.64,,0.0,0,False
2026-02-23 07:58:30+00:00,,,,,,,,0.64,0.64,,0.0,0,False
2026-02-23 07:59:00+00:00,,,,,,,,0.64,0.64,,0.0,0,False
2026-02-23 07:59:30+00:00,,,,,,,,0.64,0.64,,0.0,0,False
2026-02-23 08:00:00+00:00,,,,,,,,0.64,0.64,,0.0,0,False
2026-02-23 08:00:30+00:00,,,,,,,,0.61,0.61,,2.0,1,False
2026-02-23 08:01:00+00:00,,,,,,,,0.61,0.61,,0.0,0,False
2026-02-23 08:01:30+00:00,,,,,,,,0.61,0.61,,0.0,0,False
2026-02-23 08:02:00+00:00,,,,,,,,0.64,0.64,,41.0,1,False
2026-02-23 08:02:30+00:00,,,,,,,,0.64,0.64,,0.0,0,False
2026-02-23 08:03:00+00:00,,,,,,,,0.65,0.65,,72.0,1,False
2026-02-23 08:03:30+00:00,,,,,,,,0.65,0.65,,0.0,0,False
2026-02-23 08:04:00+00:00,,,,,,,,0.65,0.65,,119.0,1,False
2026-02-23 08:04:30+00:00,,,,,,,,0.65,0.65,,0.0,0,False
2026-02-23 08:05:00+00:00,,,,,,,,0.65,0.65,,0.0,0,False
2026-02-23 08:05:30+00:00,,,,,,,,0.65,0.65,,0.0,0,False
2026-02-23 08:06:00+00:00,,,,,,,,0.65,0.65,,0.0,0,False
2026-02-23 08:06:30+00:00,,,,,,,,0.65,0.65,,25.0,2,False
2026-02-23 08:07:00+00:00,,,,,,,,0.65,0.65,,0.0,0,False
2026-02-23 08:07:30+00:00,,,,,,,,0.65,0.65,,0.0,0,False
2026-02-23 08:08:00+00:00,,,,,,,,0.65,0.65,,0.0,0,False
2026-02-23 08:08:30+00:00,,,,,,,,0.65,0.65,,14.0,1,False
2026-02-23 08:09:00+00:00,,,,,,,,0.65,0.65,,0.0,0,False
2026-02-23 08:09:30+00:00,,,,,,,,0.65,0.65,,0.0,0,False
2026-02-23 08:10:00+00:00,,,,,,,,0.65,0.65,,0.0,0,False
2026-02-23 08:10:30+00:00,,,,,,,,0.65,0.65,,0.0,0,False
2026-02-23 08:11:00+00:00,,,,,,,,0.65,0.65,,0.0,0,False
2026-02-23 08:11:30+00:00,,,,,,,,0.65,0.65,,0.0,0,False
2026-02-23 08:12:00+00:00,,,,,,,,0.65,0.65,,0.0,0,False
2026-02-23 08:12:30+00:00,,,,,,,,0.65,0.65,,0.0,0,False
2026-02-23 08:13:00+00:00,,,,,,,,0.65,0.65,,0.0,0,False
2026-02-23 08:13:30+00:00,,,,,,,,0.65,0.65,,0.0,0,False
2026-02-23 08:14:00+00:00,,,,,,,,0.65,0.65,,0.0,0,False
2026-02-23 08:14:30+00:00,,,,,,,,0.65,0.65,,0.0,0,False
2026-02-23 08:15:00+00:00,,,,,,,,0.65,0.65,,0.0,0,False
2026-02-23 08:15:30+00:00,,,,,,,,0.65,0.65,,0.0,0,False
2026-02-23 08:16:00+00:00,,,,,,,,0.65,0.65,,0.0,0,False
2026-02-23 08:16:30+00:00,,,,,,,,0.62,0.62,,15.0,1,False
2026-02-23 08:17:00+00:00,,,,,,,,0.62,0.62,,0.0,0,False
2026-02-23 08:17:30+00:00,,,,,,,,0.62,0.62,,0.0,0,False
2026-02-23 08:18:00+00:00,,,,,,,,0.62,0.62,,0.0,0,False
2026-02-23 08:18:30+00:00,,,,,,,,0.62,0.62,,0.0,0,False
2026-02-23 08:19:00+00:00,,,,,,,,0.62,0.62,,0.0,0,False
2026-02-23 08:19:30+00:00,,,,,,,,0.62,0.62,,0.0,0,False
2026-02-23 08:20:00+00:00,,,,,,,,0.62,0.62,,23.0,1,False
2026-02-23 08:20:30+00:00,,,,,,,,0.62,0.62,,0.0,0,False
2026-02-23 08:21:00+00:00,,,,,,,,0.62,0.62,,0.0,0,False
2026-02-23 08:21:30+00:00,,,,,,,,0.62,0.62,,0.0,0,False
2026-02-23 08:22:00+00:00,,,,,,,,0.62,0.62,,0.0,0,False
2026-02-23 08:22:30+00:00,,,,,,,,0.62,0.62,,0.0,0,False
2026-02-23 08:23:00+00:00,,,,,,,,0.62,0.62,,0.0,0,False
2026-02-23 08:23:30+00:00,,,,,,,,0.62,0.62,,0.0,0,False
2026-02-23 08:24:00+00:00,,,,,,,,0.62,0.62,,0.0,0,False
2026-02-23 08:24:30+00:00,,,,,,,,0.62,0.62,,0.0,0,False
2026-02-23 08:25:00+00:00,,,,,,,,0.62,0.62,,0.0,0,False
2026-02-23 08:25:30+00:00,,,,,,,,0.62,0.62,,50.0,1,False
2026-02-23 08:26:00+00:00,,,,,,,,0.62,0.62,,0.0,0,False
2026-02-23 08:26:30+00:00,,,,,,,,0.62,0.62,,0.0,0,False
2026-02-23 08:27:00+00:00,,,,,,,,0.62,0.62,,0.0,0,False
2026-02-23 08:27:30+00:00,,,,,,,,0.62,0.62,,0.0,0,False
2026-02-23 08:28:00+00:00,,,,,,,,0.62,0.62,,156.0,1,False
2026-02-23 08:28:30+00:00,,,,,,,,0.62,0.62,,0.0,0,False
2026-02-23 08:29:00+00:00,,,,,,,,0.62,0.62,,0.0,0,False
2026-02-23 08:29:30+00:00,,,,,,,,0.62,0.62,,0.0,0,False
2026-02-23 08:30:00+00:00,,,,,,,,0.61,0.61,,101.0,2,False
2026-02-23 08:30:30+00:00,,,,,,,,0.61,0.61,,0.0,0,False
2026-02-23 08:31:00+00:00,,,,,,,,0.61,0.61,,0.0,0,False
2026-02-23 08:31:30+00:00,,,,,,,,0.61,0.61,,0.0,0,False
2026-02-23 08:32:00+00:00,,,,,,,,0.61,0.61,,0.0,0,False
2026-02-23 08:32:30+00:00,,,,,,,,0.61,0.61,,0.0,0,False
2026-02-23 08:33:00+00:00,,,,,,,,0.61,0.61,,0.0,0,False
2026-02-23 08:33:30+00:00,,,,,,,,0.61,0.61,,0.0,0,False
2026-02-23 08:34:00+00:00,,,,,,,,0.61,0.61,,0.0,0,False
2026-02-23 08:34:30+00:00,,,,,,,,0.61,0.61,,0.0,0,False
2026-02-23 08:35:00+00:00,,,,,,,,0.61,0.61,,0.0,0,False
2026-02-23 08:35:30+00:00,,,,,,,,0.61,0.61,,15.0,1,False
2026-02-23 08:36:00+00:00,,,,,,,,0.61,0.61,,0.0,0,False
2026-02-23 08:36:30+00:00,,,,,,,,0.61,0.61,,0.0,0,False
2026-02-23 08:37:00+00:00,,,,,,,,0.61,0.61,,0.0,0,False
2026-02-23 08:37:30+00:00,,,,,,,,0.61,0.61,,0.0,0,False
2026-02-23 08:38:00+00:00,,,,,,,,0.61,0.61,,0.0,0,False
2026-02-23 08:38:30+00:00,,,,,,,,0.61,0.61,,0.0,0,False
2026-02-23 08:39:00+00:00,,,,,,,,0.61,0.61,,0.0,0,False
2026-02-23 08:39:30+00:00,,,,,,,,0.61,0.61,,0.0,0,False
2026-02-23 08:40:00+00:00,,,,,,,,0.5908695652173914,0.5900000000000001,,23.0,2,False
2026-02-23 08:40:30+00:00,,,,,,,,0.5908695652173914,0.5900000000000001,,0.0,0,False
2026-02-23 08:41:00+00:00,,,,,,,,0.5908695652173914,0.5900000000000001,,0.0,0,False
2026-02-23 08:41:30+00:00,,,,,,,,0.5908695652173914,0.5900000000000001,,0.0,0,False
2026-02-23 08:42:00+00:00,,,,,,,,0.5908695652173914,0.5900000000000001,,0.0,0,False
2026-02-23 08:42:30+00:00,,,,,,,,0.61,0.61,,100.0,1,False
2026-02-23 08:43:00+00:00,,,,,,,,0.61,0.61,,19.0,1,False
2026-02-23 08:43:30+00:00,,,,,,,,0.61,0.61,,0.0,0,False
2026-02-23 08:44:00+00:00,,,,,,,,0.61,0.61,,7.0,1,False
2026-02-23 08:44:30+00:00,,,,,,,,0.61,0.61,,0.0,0,False
2026-02-23 08:45:00+00:00,,,,,,,,0.61,0.61,,0.0,0,False
2026-02-23 08:45:30+00:00,,,,,,,,0.61,0.61,,0.0,0,False
2026-02-23 08:46:00+00:00,,,,,,,,0.61,0.61,,0.0,0,False
2026-02-23 08:46:30+00:00,,,,,,,,0.61,0.61,,0.0,0,False
2026-02-23 08:47:00+00:00,,,,,,,,0.61,0.61,,0.0,0,False
2026-02-23 08:47:30+00:00,,,,,,,,0.61,0.61,,0.0,0,False
2026-02-23 08:48:00+00:00,,,,,,,,0.61,0.61,,3.0,1,False
2026-02-23 08:48:30+00:00,,,,,,,,0.61,0.61,,0.0,0,False
2026-02-23 08:49:00+00:00,,,,,,,,0.61,0.61,,0.0,0,False
2026-02-23 08:49:30+00:00,,,,,,,,0.61,0.61,,0.0,0,False
2026-02-23 08:50:00+00:00,,,,,,,,0.61,0.61,,0.0,0,False
2026-02-23 08:50:30+00:00,,,,,,,,0.61,0.61,,0.0,0,False
2026-02-23 08:51:00+00:00,,,,,,,,0.61,0.61,,0.0,0,False
2026-02-23 08:51:30+00:00,,,,,,,,0.61,0.61,,0.0,0,False
2026-02-23 08:52:00+00:00,,,,,,,,0.61,0.61,,0.0,0,False
2026-02-23 08:52:30+00:00,,,,,,,,0.61,0.61,,0.0,0,False
2026-02-23 08:53:00+00:00,,,,,,,,0.61,0.61,,0.0,0,False
2026-02-23 08:53:30+00:00,,,,,,,,0.61,0.61,,0.0,0,False
2026-02-23 08:54:00+00:00,,,,,,,,0.61,0.61,,0.0,0,False
2026-02-23 08:54:30+00:00,,,,,,,,0.61,0.61,,6.0,1,False
2026-02-23 08:55:00+00:00,,,,,,,,0.61,0.61,,0.0,0,False
2026-02-23 08:55:30+00:00,,,,,,,,0.61,0.61,,0.0,0,False
2026-02-23 08:56:00+00:00,,,,,,,,0.61,0.61,,0.0,0,False
2026-02-23 08:56:30+00:00,,,,,,,,0.61,0.61,,0.0,0,False
2026-02-23 08:57:00+00:00,,,,,,,,0.61,0.61,,0.0,0,False
2026-02-23 08:57:30+00:00,,,,,,,,0.61,0.61,,0.0,0,False
2026-02-23 08:58:00+00:00,,,,,,,,0.61,0.61,,0.0,0,False
2026-02-23 08:58:30+00:00,,,,,,,,0.61,0.61,,0.0,0,False
2026-02-23 08:59:00+00:00,,,,,,,,0.61,0.61,,0.0,0,False
2026-02-23 08:59:30+00:00,,,,,,,,0.61,0.61,,0.0,0,False
2026-02-23 09:00:00+00:00,,,,,,,,0.61,0.61,,0.0,0,False
2026-02-23 09:00:30+00:00,,,,,,,,0.61,0.61,,0.0,0,False
2026-02-23 09:01:00+00:00,,,,,,,,0.61,0.61,,0.0,0,False
2026-02-23 09:01:30+00:00,,,,,,,,0.61,0.61,,0.0,0,False
2026-02-23 09:02:00+00:00,,,,,,,,0.61,0.61,,0.0,0,False
2026-02-23 09:02:30+00:00,,,,,,,,0.61,0.61,,31.0,1,False
2026-02-23 09:03:00+00:00,,,,,,,,0.61,0.61,,0.0,0,False
2026-02-23 09:03:30+00:00,,,,,,,,0.61,0.61,,0.0,0,False
2026-02-23 09:04:00+00:00,,,,,,,,0.61,0.61,,0.0,0,False
2026-02-23 09:04:30+00:00,,,,,,,,0.61,0.61,,0.0,0,False
2026-02-23 09:05:00+00:00,,,,,,,,0.61,0.61,,0.0,0,False
2026-02-23 09:05:30+00:00,,,,,,,,0.61,0.61,,0.0,0,False
2026-02-23 09:06:00+00:00,,,,,,,,0.61,0.61,,0.0,0,False
2026-02-23 09:06:30+00:00,,,,,,,,0.61,0.61,,15.0,1,False
2026-02-23 09:07:00+00:00,,,,,,,,0.61,0.61,,0.0,0,False
2026-02-23 09:07:30+00:00,,,,,,,,0.61,0.61,,6.0,1,False
2026-02-23 09:08:00+00:00,,,,,,,,0.61,0.61,,0.0,0,False
2026-02-23 09:08:30+00:00,,,,,,,,0.61,0.61,,0.0,0,False
2026-02-23 09:09:00+00:00,,,,,,,,0.61,0.61,,7.0,1,False
2026-02-23 09:09:30+00:00,,,,,,,,0.61,0.61,,0.0,0,False
2026-02-23 09:10:00+00:00,,,,,,,,0.61,0.61,,0.0,0,False
2026-02-23 09:10:30+00:00,,,,,,,,0.61,0.61,,39.0,1,False
2026-02-23 09:11:00+00:00,,,,,,,,0.61,0.61,,0.0,0,False
2026-02-23 09:11:30+00:00,,,,,,,,0.61,0.61,,0.0,0,False
2026-02-23 09:12:00+00:00,,,,,,,,0.61,0.61,,0.0,0,False
2026-02-23 09:12:30+00:00,,,,,,,,0.61,0.61,,0.0,0,False
2026-02-23 09:13:00+00:00,,,,,,,,0.61,0.61,,0.0,0,False
2026-02-23 09:13:30+00:00,,,,,,,,0.61,0.61,,0.0,0,False
2026-02-23 09:14:00+00:00,,,,,,,,0.61,0.61,,0.0,0,False
2026-02-23 09:14:30+00:00,,,,,,,,0.61,0.61,,0.0,0,False
2026-02-23 09:15:00+00:00,,,,,,,,0.61,0.61,,0.0,0,False
2026-02-23 09:15:30+00:00,,,,,,,,0.61,0.61,,0.0,0,False
2026-02-23 09:16:00+00:00,,,,,,,,0.61,0.61,,0.0,0,False
2026-02-23 09:16:30+00:00,,,,,,,,0.61,0.61,,0.0,0,False
2026-02-23 09:17:00+00:00,,,,,,,,0.61,0.61,,0.0,0,False
2026-02-23 09:17:30+00:00,,,,,,,,0.61,0.61,,0.0,0,False
2026-02-23 09:18:00+00:00,,,,,,,,0.61,0.61,,0.0,0,False
2026-02-23 09:18:30+00:00,,,,,,,,0.61,0.61,,79.0,1,False
2026-02-23 09:19:00+00:00,,,,,,,,0.61,0.61,,0.0,0,False
2026-02-23 09:19:30+00:00,,,,,,,,0.61,0.61,,0.0,0,False
2026-02-23 09:20:00+00:00,,,,,,,,0.61,0.61,,0.0,0,False
2026-02-23 09:20:30+00:00,,,,,,,,0.61,0.61,,0.0,0,False
2026-02-23 09:21:00+00:00,,,,,,,,0.61,0.61,,79.0,1,False
2026-02-23 09:21:30+00:00,,,,,,,,0.61,0.61,,0.0,0,False
2026-02-23 09:22:00+00:00,,,,,,,,0.61,0.61,,0.0,0,False
2026-02-23 09:22:30+00:00,,,,,,,,0.61,0.61,,0.0,0,False
2026-02-23 09:23:00+00:00,,,,,,,,0.61,0.61,,0.0,0,False
2026-02-23 09:23:30+00:00,,,,,,,,0.61,0.61,,0.0,0,False
2026-02-23 09:24:00+00:00,,,,,,,,0.61,0.61,,0.0,0,False
2026-02-23 09:24:30+00:00,,,,,,,,0.61,0.61,,0.0,0,False
2026-02-23 09:25:00+00:00,,,,,,,,0.61,0.61,,0.0,0,False
2026-02-23 09:25:30+00:00,,,,,,,,0.61,0.61,,0.0,0,False
2026-02-23 09:26:00+00:00,,,,,,,,0.61,0.61,,0.0,0,False
2026-02-23 09:26:30+00:00,,,,,,,,0.61,0.61,,0.0,0,False
2026-02-23 09:27:00+00:00,,,,,,,,0.61,0.61,,15.0,1,False
2026-02-23 09:27:30+00:00,,,,,,,,0.61,0.61,,0.0,0,False
2026-02-23 09:28:00+00:00,,,,,,,,0.61,0.61,,0.0,0,False
2026-02-23 09:28:30+00:00,,,,,,,,0.61,0.61,,0.0,0,False
2026-02-23 09:29:00+00:00,,,,,,,,0.61,0.61,,0.0,0,False
2026-02-23 09:29:30+00:00,,,,,,,,0.61,0.61,,0.0,0,False
2026-02-23 09:30:00+00:00,,,,,,,,0.61,0.61,,0.0,0,False
2026-02-23 09:30:30+00:00,,,,,,,,0.61,0.61,,0.0,0,False
2026-02-23 09:31:00+00:00,,,,,,,,0.61,0.61,,0.0,0,False
2026-02-23 09:31:30+00:00,,,,,,,,0.61,0.61,,0.0,0,False
2026-02-23 09:32:00+00:00,,,,,,,,0.61,0.61,,0.0,0,False
2026-02-23 09:32:30+00:00,,,,,,,,0.61,0.61,,0.0,0,False
2026-02-23 09:33:00+00:00,,,,,,,,0.61,0.61,,0.0,0,False
2026-02-23 09:33:30+00:00,,,,,,,,0.61,0.61,,0.0,0,False
2026-02-23 09:34:00+00:00,,,,,,,,0.61,0.61,,0.0,0,False
2026-02-23 09:34:30+00:00,,,,,,,,0.61,0.61,,0.0,0,False
2026-02-23 09:35:00+00:00,,,,,,,,0.61,0.61,,0.0,0,False
2026-02-23 09:35:30+00:00,,,,,,,,0.61,0.61,,0.0,0,False
2026-02-23 09:36:00+00:00,,,,,,,,0.61,0.61,,0.0,0,False
2026-02-23 09:36:30+00:00,,,,,,,,0.61,0.61,,0.0,0,False
2026-02-23 09:37:00+00:00,,,,,,,,0.61,0.61,,12.0,1,False
2026-02-23 09:37:30+00:00,,,,,,,,0.61,0.61,,0.0,0,False
2026-02-23 09:38:00+00:00,,,,,,,,0.61,0.61,,0.0,0,False
2026-02-23 09:38:30+00:00,,,,,,,,0.61,0.61,,0.0,0,False
2026-02-23 09:39:00+00:00,,,,,,,,0.61,0.61,,0.0,0,False
2026-02-23 09:39:30+00:00,,,,,,,,0.61,0.61,,0.0,0,False
2026-02-23 09:40:00+00:00,,,,,,,,0.61,0.61,,0.0,0,False
2026-02-23 09:40:30+00:00,,,,,,,,0.61,0.61,,398.0,1,False
2026-02-23 09:41:00+00:00,,,,,,,,0.61,0.61,,0.0,0,False
2026-02-23 09:41:30+00:00,,,,,,,,0.61,0.61,,79.0,1,False
2026-02-23 09:42:00+00:00,,,,,,,,0.61,0.61,,0.0,0,False
2026-02-23 09:42:30+00:00,,,,,,,,0.61,0.61,,0.0,0,False
2026-02-23 09:43:00+00:00,,,,,,,,0.61,0.61,,0.0,0,False
2026-02-23 09:43:30+00:00,,,,,,,,0.5900492610837439,0.5900000000000001,,203.0,3,False
2026-02-23 09:44:00+00:00,,,,,,,,0.5900492610837439,0.5900000000000001,,0.0,0,False
2026-02-23 09:44:30+00:00,,,,,,,,0.5900492610837439,0.5900000000000001,,0.0,0,False
2026-02-23 09:45:00+00:00,,,,,,,,0.5900492610837439,0.5900000000000001,,0.0,0,False
2026-02-23 09:45:30+00:00,,,,,,,,0.5900492610837439,0.5900000000000001,,0.0,0,False
2026-02-23 09:46:00+00:00,,,,,,,,0.5900492610837439,0.5900000000000001,,0.0,0,False
2026-02-23 09:46:30+00:00,,,,,,,,0.5900492610837439,0.5900000000000001,,0.0,0,False
2026-02-23 09:47:00+00:00,,,,,,,,0.5900492610837439,0.5900000000000001,,0.0,0,False
2026-02-23 09:47:30+00:00,,,,,,,,0.5900492610837439,0.5900000000000001,,0.0,0,False
2026-02-23 09:48:00+00:00,,,,,,,,0.5900492610837439,0.5900000000000001,,0.0,0,False
2026-02-23 09:48:30+00:00,,,,,,,,0.5900492610837439,0.5900000000000001,,0.0,0,False
2026-02-23 09:49:00+00:00,,,,,,,,0.5900492610837439,0.5900000000000001,,0.0,0,False
2026-02-23 09:49:30+00:00,,,,,,,,0.61,0.61,,7.0,1,False
2026-02-23 09:50:00+00:00,,,,,,,,0.61,0.61,,0.0,0,False
2026-02-23 09:50:30+00:00,,,,,,,,0.61,0.61,,0.0,0,False
2026-02-23 09:51:00+00:00,,,,,,,,0.61,0.61,,0.0,0,False
2026-02-23 09:51:30+00:00,,,,,,,,0.61,0.61,,0.0,0,False
2026-02-23 09:52:00+00:00,,,,,,,,0.61,0.61,,0.0,0,False
2026-02-23 09:52:30+00:00,,,,,,,,0.61,0.61,,0.0,0,False
2026-02-23 09:53:00+00:00,,,,,,,,0.61,0.61,,0.0,0,False
2026-02-23 09:53:30+00:00,,,,,,,,0.61,0.61,,0.0,0,False
2026-02-23 09:54:00+00:00,,,,,,,,0.61,0.61,,0.0,0,False
2026-02-23 09:54:30+00:00,,,,,,,,0.61,0.61,,0.0,0,False
2026-02-23 09:55:00+00:00,,,,,,,,0.61,0.61,,0.0,0,False
2026-02-23 09:55:30+00:00,,,,,,,,0.61,0.61,,0.0,0,False
2026-02-23 09:56:00+00:00,,,,,,,,0.61,0.61,,0.0,0,False
2026-02-23 09:56:30+00:00,,,,,,,,0.61,0.61,,0.0,0,False
2026-02-23 09:57:00+00:00,,,,,,,,0.61,0.61,,0.0,0,False
2026-02-23 09:57:30+00:00,,,,,,,,0.61,0.61,,0.0,0,False
2026-02-23 09:58:00+00:00,,,,,,,,0.61,0.61,,0.0,0,False
2026-02-23 09:58:30+00:00,,,,,,,,0.61,0.61,,0.0,0,False
2026-02-23 09:59:00+00:00,,,,,,,,0.61,0.61,,0.0,0,False
2026-02-23 09:59:30+00:00,,,,,,,,0.61,0.61,,2.0,1,False
2026-02-23 10:00:00+00:00,,,,,,,,0.61,0.61,,0.0,0,False
2026-02-23 10:00:30+00:00,,,,,,,,0.61,0.61,,0.0,0,False
2026-02-23 10:01:00+00:00,,,,,,,,0.61,0.61,,0.0,0,False
2026-02-23 10:01:30+00:00,,,,,,,,0.61,0.61,,0.0,0,False
2026-02-23 10:02:00+00:00,,,,,,,,0.5700000000000001,0.5700000000000001,,10.0,2,False
2026-02-23 10:02:30+00:00,,,,,,,,0.5700000000000001,0.5700000000000001,,0.0,0,False
2026-02-23 10:03:00+00:00,,,,,,,,0.5700000000000001,0.5700000000000001,,0.0,0,False
2026-02-23 10:03:30+00:00,,,,,,,,0.5700000000000001,0.5700000000000001,,0.0,0,False
2026-02-23 10:04:00+00:00,,,,,,,,0.5700000000000001,0.5700000000000001,,0.0,0,False
2026-02-23 10:04:30+00:00,,,,,,,,0.5700000000000001,0.5700000000000001,,0.0,0,False
2026-02-23 10:05:00+00:00,,,,,,,,0.5700000000000001,0.5700000000000001,,0.0,0,False
2026-02-23 10:05:30+00:00,,,,,,,,0.5700000000000001,0.5700000000000001,,0.0,0,False
2026-02-23 10:06:00+00:00,,,,,,,,0.5700000000000001,0.5700000000000001,,0.0,0,False
2026-02-23 10:06:30+00:00,,,,,,,,0.5700000000000001,0.5700000000000001,,0.0,0,False
2026-02-23 10:07:00+00:00,,,,,,,,0.5700000000000001,0.5700000000000001,,0.0,0,False
2026-02-23 10:07:30+00:00,,,,,,,,0.5700000000000001,0.5700000000000001,,0.0,0,False
2026-02-23 10:08:00+00:00,,,,,,,,0.5700000000000001,0.5700000000000001,,0.0,0,False
2026-02-23 10:08:30+00:00,,,,,,,,0.5700000000000001,0.5700000000000001,,0.0,0,False
2026-02-23 10:09:00+00:00,,,,,,,,0.61,0.61,,47.0,1,False
2026-02-23 10:09:30+00:00,,,,,,,,0.61,0.61,,0.0,0,False
2026-02-23 10:10:00+00:00,,,,,,,,0.61,0.61,,0.0,0,False
2026-02-23 10:10:30+00:00,,,,,,,,0.61,0.61,,31.0,1,False
2026-02-23 10:11:00+00:00,,,,,,,,0.61,0.61,,0.0,0,False
2026-02-23 10:11:30+00:00,,,,,,,,0.61,0.61,,0.0,0,False
2026-02-23 10:12:00+00:00,,,,,,,,0.61,0.61,,0.0,0,False
2026-02-23 10:12:30+00:00,,,,,,,,0.61,0.61,,0.0,0,False
2026-02-23 10:13:00+00:00,,,,,,,,0.61,0.61,,0.0,0,False
2026-02-23 10:13:30+00:00,,,,,,,,0.61,0.61,,0.0,0,False
2026-02-23 10:14:00+00:00,,,,,,,,0.61,0.61,,31.0,1,False
2026-02-23 10:14:30+00:00,,,,,,,,0.61,0.61,,0.0,0,False
2026-02-23 10:15:00+00:00,,,,,,,,0.61,0.61,,0.0,0,False
2026-02-23 10:15:30+00:00,,,,,,,,0.61,0.61,,0.0,0,False
2026-02-23 10:16:00+00:00,,,,,,,,0.61,0.61,,0.0,0,False
2026-02-23 10:16:30+00:00,,,,,,,,0.61,0.61,,0.0,0,False
2026-02-23 10:17:00+00:00,,,,,,,,0.61,0.61,,0.0,0,False
2026-02-23 10:17:30+00:00,,,,,,,,0.61,0.61,,0.0,0,False
2026-02-23 10:18:00+00:00,,,,,,,,0.61,0.61,,0.0,0,False
2026-02-23 10:18:30+00:00,,,,,,,,0.61,0.61,,0.0,0,False
2026-02-23 10:19:00+00:00,,,,,,,,0.61,0.61,,0.0,0,False
2026-02-23 10:19:30+00:00,,,,,,,,0.61,0.61,,0.0,0,False
2026-02-23 10:20:00+00:00,,,,,,,,0.61,0.61,,0.0,0,False
2026-02-23 10:20:30+00:00,,,,,,,,0.61,0.61,,134.0,1,False
2026-02-23 10:21:00+00:00,,,,,,,,0.61,0.61,,0.0,0,False
2026-02-23 10:21:30+00:00,,,,,,,,0.61,0.61,,0.0,0,False
2026-02-23 10:22:00+00:00,,,,,,,,0.61,0.61,,0.0,0,False
2026-02-23 10:22:30+00:00,,,,,,,,0.61,0.61,,0.0,0,False
2026-02-23 10:23:00+00:00,,,,,,,,0.61,0.61,,0.0,0,False
2026-02-23 10:23:30+00:00,,,,,,,,0.61,0.61,,0.0,0,False
2026-02-23 10:24:00+00:00,,,,,,,,0.61,0.61,,0.0,0,False
2026-02-23 10:24:30+00:00,,,,,,,,0.61,0.61,,0.0,0,False
2026-02-23 10:25:00+00:00,,,,,,,,0.61,0.61,,0.0,0,False
2026-02-23 10:25:30+00:00,,,,,,,,0.61,0.61,,0.0,0,False
2026-02-23 10:26:00+00:00,,,,,,,,0.61,0.61,,0.0,0,False
2026-02-23 10:26:30+00:00,,,,,,,,0.61,0.61,,0.0,0,False
2026-02-23 10:27:00+00:00,,,,,,,,0.61,0.61,,14.0,1,False
2026-02-23 10:27:30+00:00,,,,,,,,0.61,0.61,,0.0,0,False
2026-02-23 10:28:00+00:00,,,,,,,,0.61,0.61,,0.0,0,False
2026-02-23 10:28:30+00:00,,,,,,,,0.61,0.61,,0.0,0,False
2026-02-23 10:29:00+00:00,,,,,,,,0.61,0.61,,0.0,0,False
2026-02-23 10:29:30+00:00,,,,,,,,0.61,0.61,,0.0,0,False
2026-02-23 10:30:00+00:00,,,,,,,,0.61,0.61,,0.0,0,False
2026-02-23 10:30:30+00:00,,,,,,,,0.61,0.61,,0.0,0,False
2026-02-23 10:31:00+00:00,,,,,,,,0.61,0.61,,0.0,0,False
2026-02-23 10:31:30+00:00,,,,,,,,0.61,0.61,,0.0,0,False
2026-02-23 10:32:00+00:00,,,,,,,,0.61,0.61,,0.0,0,False
2026-02-23 10:32:30+00:00,,,,,,,,0.61,0.61,,0.0,0,False
2026-02-23 10:33:00+00:00,,,,,,,,0.61,0.61,,15.0,1,False
2026-02-23 10:33:30+00:00,,,,,,,,0.61,0.61,,0.0,0,False
2026-02-23 10:34:00+00:00,,,,,,,,0.61,0.61,,0.0,0,False
2026-02-23 10:34:30+00:00,,,,,,,,0.61,0.61,,0.0,0,False
2026-02-23 10:35:00+00:00,,,,,,,,0.61,0.61,,0.0,0,False
2026-02-23 10:35:30+00:00,,,,,,,,0.61,0.61,,0.0,0,False
2026-02-23 10:36:00+00:00,,,,,,,,0.61,0.61,,0.0,0,False
2026-02-23 10:36:30+00:00,,,,,,,,0.61,0.61,,0.0,0,False
2026-02-23 10:37:00+00:00,,,,,,,,0.61,0.61,,0.0,0,False
2026-02-23 10:37:30+00:00,,,,,,,,0.61,0.61,,0.0,0,False
2026-02-23 10:38:00+00:00,,,,,,,,0.61,0.61,,0.0,0,False
2026-02-23 10:38:30+00:00,,,,,,,,0.61,0.61,,0.0,0,False
2026-02-23 10:39:00+00:00,,,,,,,,0.61,0.61,,0.0,0,False
2026-02-23 10:39:30+00:00,,,,,,,,0.61,0.61,,0.0,0,False
2026-02-23 10:40:00+00:00,,,,,,,,0.61,0.61,,0.0,0,False
2026-02-23 10:40:30+00:00,,,,,,,,0.61,0.61,,0.0,0,False
2026-02-23 10:41:00+00:00,,,,,,,,0.61,0.61,,0.0,0,False
2026-02-23 10:41:30+00:00,,,,,,,,0.61,0.61,,0.0,0,False
2026-02-23 10:42:00+00:00,,,,,,,,0.61,0.61,,0.0,0,False
2026-02-23 10:42:30+00:00,,,,,,,,0.61,0.61,,0.0,0,False
2026-02-23 10:43:00+00:00,,,,,,,,0.61,0.61,,0.0,0,False
2026-02-23 10:43:30+00:00,,,,,,,,0.61,0.61,,0.0,0,False
2026-02-23 10:44:00+00:00,,,,,,,,0.61,0.61,,0.0,0,False
2026-02-23 10:44:30+00:00,,,,,,,,0.61,0.61,,0.0,0,False
2026-02-23 10:45:00+00:00,,,,,,,,0.61,0.61,,20.0,1,False
2026-02-23 10:45:30+00:00,,,,,,,,0.61,0.61,,0.0,0,False
2026-02-23 10:46:00+00:00,,,,,,,,0.61,0.61,,0.0,0,False
2026-02-23 10:46:30+00:00,,,,,,,,0.61,0.61,,0.0,0,False
2026-02-23 10:47:00+00:00,,,,,,,,0.61,0.61,,0.0,0,False
2026-02-23 10:47:30+00:00,,,,,,,,0.61,0.61,,0.0,0,False
2026-02-23 10:48:00+00:00,,,,,,,,0.61,0.61,,25.0,1,False
2026-02-23 10:48:30+00:00,,,,,,,,0.61,0.61,,0.0,0,False
2026-02-23 10:49:00+00:00,,,,,,,,0.61,0.61,,0.0,0,False
2026-02-23 10:49:30+00:00,,,,,,,,0.61,0.61,,17.0,1,False
2026-02-23 10:50:00+00:00,,,,,,,,0.61,0.61,,0.0,0,False
2026-02-23 10:50:30+00:00,,,,,,,,0.61,0.61,,0.0,0,False
2026-02-23 10:51:00+00:00,,,,,,,,0.61,0.61,,0.0,0,False
2026-02-23 10:51:30+00:00,,,,,,,,0.61,0.61,,0.0,0,False
2026-02-23 10:52:00+00:00,,,,,,,,0.61,0.61,,0.0,0,False
2026-02-23 10:52:30+00:00,,,,,,,,0.61,0.61,,0.0,0,False
2026-02-23 10:53:00+00:00,,,,,,,,0.61,0.61,,0.0,0,False
2026-02-23 10:53:30+00:00,,,,,,,,0.61,0.61,,0.0,0,False
2026-02-23 10:54:00+00:00,,,,,,,,0.61,0.61,,6.0,1,False
2026-02-23 10:54:30+00:00,,,,,,,,0.61,0.61,,0.0,0,False
2026-02-23 10:55:00+00:00,,,,,,,,0.61,0.61,,0.0,0,False
2026-02-23 10:55:30+00:00,,,,,,,,0.61,0.61,,0.0,0,False
2026-02-23 10:56:00+00:00,,,,,,,,0.61,0.61,,0.0,0,False
2026-02-23 10:56:30+00:00,,,,,,,,0.61,0.61,,0.0,0,False
2026-02-23 10:57:00+00:00,,,,,,,,0.61,0.61,,0.0,0,False
2026-02-23 10:57:30+00:00,,,,,,,,0.61,0.61,,0.0,0,False
2026-02-23 10:58:00+00:00,,,,,,,,0.61,0.61,,0.0,0,False
2026-02-23 10:58:30+00:00,,,,,,,,0.61,0.61,,0.0,0,False
2026-02-23 10:59:00+00:00,,,,,,,,0.61,0.61,,0.0,0,False
2026-02-23 10:59:30+00:00,,,,,,,,0.61,0.61,,0.0,0,False
2026-02-23 11:00:00+00:00,,,,,,,,0.61,0.61,,15.0,1,False
2026-02-23 11:00:30+00:00,,,,,,,,0.61,0.61,,0.0,0,False
2026-02-23 11:01:00+00:00,,,,,,,,0.61,0.61,,0.0,0,False
2026-02-23 11:01:30+00:00,,,,,,,,0.61,0.61,,0.0,0,False
2026-02-23 11:02:00+00:00,,,,,,,,0.61,0.61,,0.0,0,False
2026-02-23 11:02:30+00:00,,,,,,,,0.61,0.61,,0.0,0,False
2026-02-23 11:03:00+00:00,,,,,,,,0.61,0.61,,0.0,0,False
2026-02-23 11:03:30+00:00,,,,,,,,0.61,0.61,,0.0,0,False
2026-02-23 11:04:00+00:00,,,,,,,,0.61,0.61,,79.0,1,False
2026-02-23 11:04:30+00:00,,,,,,,,0.61,0.61,,79.0,1,False
2026-02-23 11:05:00+00:00,,,,,,,,0.61,0.61,,0.0,0,False
2026-02-23 11:05:30+00:00,,,,,,,,0.61,0.61,,0.0,0,False
2026-02-23 11:06:00+00:00,,,,,,,,0.61,0.61,,0.0,0,False
2026-02-23 11:06:30+00:00,,,,,,,,0.61,0.61,,0.0,0,False
2026-02-23 11:07:00+00:00,,,,,,,,0.61,0.61,,0.0,0,False
2026-02-23 11:07:30+00:00,,,,,,,,0.61,0.61,,0.0,0,False
2026-02-23 11:08:00+00:00,,,,,,,,0.61,0.61,,0.0,0,False
2026-02-23 11:08:30+00:00,,,,,,,,0.61,0.61,,0.0,0,False
2026-02-23 11:09:00+00:00,,,,,,,,0.61,0.61,,0.0,0,False
2026-02-23 11:09:30+00:00,,,,,,,,0.61,0.61,,1.0,1,False
2026-02-23 11:10:00+00:00,,,,,,,,0.61,0.61,,0.0,0,False
2026-02-23 11:10:30+00:00,,,,,,,,0.61,0.61,,0.0,0,False
2026-02-23 11:11:00+00:00,,,,,,,,0.61,0.61,,0.0,0,False
2026-02-23 11:11:30+00:00,,,,,,,,0.61,0.61,,0.0,0,False
2026-02-23 11:12:00+00:00,,,,,,,,0.61,0.61,,0.0,0,False
2026-02-23 11:12:30+00:00,,,,,,,,0.61,0.61,,0.0,0,False
2026-02-23 11:13:00+00:00,,,,,,,,0.61,0.61,,0.0,0,False
2026-02-23 11:13:30+00:00,,,,,,,,0.61,0.61,,0.0,0,False
2026-02-23 11:14:00+00:00,,,,,,,,0.61,0.61,,0.0,0,False
2026-02-23 11:14:30+00:00,,,,,,,,0.61,0.61,,0.0,0,False
2026-02-23 11:15:00+00:00,,,,,,,,0.61,0.61,,0.0,0,False
2026-02-23 11:15:30+00:00,,,,,,,,0.61,0.61,,0.0,0,False
2026-02-23 11:16:00+00:00,,,,,,,,0.61,0.61,,0.0,0,False
2026-02-23 11:16:30+00:00,,,,,,,,0.61,0.61,,0.0,0,False
2026-02-23 11:17:00+00:00,,,,,,,,0.61,0.61,,0.0,0,False
2026-02-23 11:17:30+00:00,,,,,,,,0.61,0.61,,0.0,0,False
2026-02-23 11:18:00+00:00,,,,,,,,0.61,0.61,,0.0,0,False
2026-02-23 11:18:30+00:00,,,,,,,,0.61,0.61,,0.0,0,False
2026-02-23 11:19:00+00:00,,,,,,,,0.61,0.61,,0.0,0,False
2026-02-23 11:19:30+00:00,,,,,,,,0.61,0.61,,0.0,0,False
2026-02-23 11:20:00+00:00,,,,,,,,0.61,0.61,,0.0,0,False
2026-02-23 11:20:30+00:00,,,,,,,,0.61,0.61,,0.0,0,False
2026-02-23 11:21:00+00:00,,,,,,,,0.61,0.61,,0.0,0,False
2026-02-23 11:21:30+00:00,,,,,,,,0.61,0.61,,0.0,0,False
2026-02-23 11:22:00+00:00,,,,,,,,0.61,0.61,,0.0,0,False
2026-02-23 11:22:30+00:00,,,,,,,,0.61,0.61,,0.0,0,False
2026-02-23 11:23:00+00:00,,,,,,,,0.61,0.61,,0.0,0,False
2026-02-23 11:23:30+00:00,,,,,,,,0.61,0.61,,0.0,0,False
2026-02-23 11:24:00+00:00,,,,,,,,0.61,0.61,,0.0,0,False
2026-02-23 11:24:30+00:00,,,,,,,,0.61,0.61,,0.0,0,False
2026-02-23 11:25:00+00:00,,,,,,,,0.61,0.61,,0.0,0,False
2026-02-23 11:25:30+00:00,,,,,,,,0.61,0.61,,1.0,1,False
2026-02-23 11:26:00+00:00,,,,,,,,0.61,0.61,,0.0,0,False
2026-02-23 11:26:30+00:00,,,,,,,,0.61,0.61,,0.0,0,False
2026-02-23 11:27:00+00:00,,,,,,,,0.61,0.61,,0.0,0,False
2026-02-23 11:27:30+00:00,,,,,,,,0.61,0.61,,0.0,0,False
2026-02-23 11:28:00+00:00,,,,,,,,0.61,0.61,,0.0,0,False
2026-02-23 11:28:30+00:00,,,,,,,,0.61,0.61,,0.0,0,False
2026-02-23 11:29:00+00:00,,,,,,,,0.61,0.61,,0.0,0,False
2026-02-23 11:29:30+00:00,,,,,,,,0.61,0.61,,0.0,0,False
2026-02-23 11:30:00+00:00,,,,,,,,0.61,0.61,,0.0,0,False
2026-02-23 11:30:30+00:00,,,,,,,,0.61,0.61,,0.0,0,False
2026-02-23 11:31:00+00:00,,,,,,,,0.61,0.61,,0.0,0,False
2026-02-23 11:31:30+00:00,,,,,,,,0.61,0.61,,0.0,0,False
2026-02-23 11:32:00+00:00,,,,,,,,0.61,0.61,,0.0,0,False
2026-02-23 11:32:30+00:00,,,,,,,,0.61,0.61,,0.0,0,False
2026-02-23 11:33:00+00:00,,,,,,,,0.61,0.61,,0.0,0,False
2026-02-23 11:33:30+00:00,,,,,,,,0.61,0.61,,0.0,0,False
2026-02-23 11:34:00+00:00,,,,,,,,0.61,0.61,,0.0,0,False
2026-02-23 11:34:30+00:00,,,,,,,,0.61,0.61,,0.0,0,False
2026-02-23 11:35:00+00:00,,,,,,,,0.61,0.61,,0.0,0,False
2026-02-23 11:35:30+00:00,,,,,,,,0.61,0.61,,0.0,0,False
2026-02-23 11:36:00+00:00,,,,,,,,0.61,0.61,,0.0,0,False
2026-02-23 11:36:30+00:00,,,,,,,,0.61,0.61,,0.0,0,False
2026-02-23 11:37:00+00:00,,,,,,,,0.61,0.61,,0.0,0,False
2026-02-23 11:37:30+00:00,,,,,,,,0.61,0.61,,0.0,0,False
2026-02-23 11:38:00+00:00,,,,,,,,0.61,0.61,,0.0,0,False
2026-02-23 11:38:30+00:00,,,,,,,,0.61,0.61,,0.0,0,False
2026-02-23 11:39:00+00:00,,,,,,,,0.61,0.61,,0.0,0,False
2026-02-23 11:39:30+00:00,,,,,,,,0.61,0.61,,0.0,0,False
2026-02-23 11:40:00+00:00,,,,,,,,0.61,0.61,,0.0,0,False
2026-02-23 11:40:30+00:00,,,,,,,,0.61,0.61,,0.0,0,False
2026-02-23 11:41:00+00:00,,,,,,,,0.61,0.61,,0.0,0,False
2026-02-23 11:41:30+00:00,,,,,,,,0.61,0.61,,0.0,0,False
2026-02-23 11:42:00+00:00,,,,,,,,0.61,0.61,,0.0,0,False
2026-02-23 11:42:30+00:00,,,,,,,,0.61,0.61,,0.0,0,False
2026-02-23 11:43:00+00:00,,,,,,,,0.61,0.61,,0.0,0,False
2026-02-23 11:43:30+00:00,,,,,,,,0.61,0.61,,0.0,0,False
2026-02-23 11:44:00+00:00,,,,,,,,0.61,0.61,,0.0,0,False
2026-02-23 11:44:30+00:00,,,,,,,,0.61,0.61,,0.0,0,False
2026-02-23 11:45:00+00:00,,,,,,,,0.61,0.61,,0.0,0,False
2026-02-23 11:45:30+00:00,,,,,,,,0.61,0.61,,0.0,0,False
2026-02-23 11:46:00+00:00,,,,,,,,0.61,0.61,,0.0,0,False
2026-02-23 11:46:30+00:00,,,,,,,,0.61,0.61,,0.0,0,False
2026-02-23 11:47:00+00:00,,,,,,,,0.61,0.61,,0.0,0,False
2026-02-23 11:47:30+00:00,,,,,,,,0.61,0.61,,0.0,0,False
2026-02-23 11:48:00+00:00,,,,,,,,0.61,0.61,,0.0,0,False
2026-02-23 11:48:30+00:00,,,,,,,,0.61,0.61,,0.0,0,False
2026-02-23 11:49:00+00:00,,,,,,,,0.61,0.61,,0.0,0,False
2026-02-23 11:49:30+00:00,,,,,,,,0.61,0.61,,0.0,0,False
2026-02-23 11:50:00+00:00,,,,,,,,0.61,0.61,,0.0,0,False
2026-02-23 11:50:30+00:00,,,,,,,,0.61,0.61,,0.0,0,False
2026-02-23 11:51:00+00:00,,,,,,,,0.61,0.61,,0.0,0,False
2026-02-23 11:51:30+00:00,,,,,,,,0.61,0.61,,0.0,0,False
2026-02-23 11:52:00+00:00,,,,,,,,0.61,0.61,,0.0,0,False
2026-02-23 11:52:30+00:00,,,,,,,,0.61,0.61,,0.0,0,False
2026-02-23 11:53:00+00:00,,,,,,,,0.61,0.61,,0.0,0,False
2026-02-23 11:53:30+00:00,,,,,,,,0.5700000000000001,0.5700000000000001,,2.0,2,False
2026-02-23 11:54:00+00:00,,,,,,,,0.5700000000000001,0.5700000000000001,,0.0,0,False
2026-02-23 11:54:30+00:00,,,,,,,,0.5700000000000001,0.5700000000000001,,0.0,0,False
2026-02-23 11:55:00+00:00,,,,,,,,0.5700000000000001,0.5700000000000001,,4.0,1,False
2026-02-23 11:55:30+00:00,,,,,,,,0.5700000000000001,0.5700000000000001,,0.0,0,False
2026-02-23 11:56:00+00:00,,,,,,,,0.5700000000000001,0.5700000000000001,,0.0,0,False
2026-02-23 11:56:30+00:00,,,,,,,,0.5700000000000001,0.5700000000000001,,0.0,0,False
2026-02-23 11:57:00+00:00,,,,,,,,0.5700000000000001,0.5700000000000001,,0.0,0,False
2026-02-23 11:57:30+00:00,,,,,,,,0.5700000000000001,0.5700000000000001,,0.0,0,False
2026-02-23 11:58:00+00:00,,,,,,,,0.61,0.61,,39.0,1,False
2026-02-23 11:58:30+00:00,,,,,,,,0.61,0.61,,0.0,0,False
2026-02-23 11:59:00+00:00,,,,,,,,0.61,0.61,,0.0,0,False
2026-02-23 11:59:30+00:00,,,,,,,,0.61,0.61,,2.0,1,False
2026-02-23 12:00:00+00:00,,,,,,,,0.61,0.61,,0.0,0,False
2026-02-23 12:00:30+00:00,,,,,,,,0.61,0.61,,0.0,0,False
2026-02-23 12:01:00+00:00,,,,,,,,0.61,0.61,,0.0,0,False
2026-02-23 12:01:30+00:00,,,,,,,,0.61,0.61,,0.0,0,False
2026-02-23 12:02:00+00:00,,,,,,,,0.61,0.61,,0.0,0,False
2026-02-23 12:02:30+00:00,,,,,,,,0.61,0.61,,0.0,0,False
2026-02-23 12:03:00+00:00,,,,,,,,0.61,0.61,,0.0,0,False
2026-02-23 12:03:30+00:00,,,,,,,,0.61,0.61,,0.0,0,False
2026-02-23 12:04:00+00:00,,,,,,,,0.61,0.61,,0.0,0,False
2026-02-23 12:04:30+00:00,,,,,,,,0.61,0.61,,0.0,0,False
2026-02-23 12:05:00+00:00,,,,,,,,0.61,0.61,,0.0,0,False
2026-02-23 12:05:30+00:00,,,,,,,,0.61,0.61,,0.0,0,False
2026-02-23 12:06:00+00:00,,,,,,,,0.61,0.61,,0.0,0,False
2026-02-23 12:06:30+00:00,,,,,,,,0.61,0.61,,0.0,0,False
2026-02-23 12:07:00+00:00,,,,,,,,0.61,0.61,,0.0,0,False
2026-02-23 12:07:30+00:00,,,,,,,,0.61,0.61,,0.0,0,False
2026-02-23 12:08:00+00:00,,,,,,,,0.61,0.61,,0.0,0,False
2026-02-23 12:08:30+00:00,,,,,,,,0.61,0.61,,0.0,0,False
2026-02-23 12:09:00+00:00,,,,,,,,0.61,0.61,,0.0,0,False
2026-02-23 12:09:30+00:00,,,,,,,,0.61,0.61,,0.0,0,False
2026-02-23 12:10:00+00:00,,,,,,,,0.61,0.61,,7.0,1,False
2026-02-23 12:10:30+00:00,,,,,,,,0.61,0.61,,0.0,0,False
2026-02-23 12:11:00+00:00,,,,,,,,0.61,0.61,,0.0,0,False
2026-02-23 12:11:30+00:00,,,,,,,,0.61,0.61,,0.0,0,False
2026-02-23 12:12:00+00:00,,,,,,,,0.61,0.61,,79.0,1,False
2026-02-23 12:12:30+00:00,,,,,,,,0.61,0.61,,0.0,0,False
2026-02-23 12:13:00+00:00,,,,,,,,0.61,0.61,,0.0,0,False
2026-02-23 12:13:30+00:00,,,,,,,,0.61,0.61,,0.0,0,False
2026-02-23 12:14:00+00:00,,,,,,,,0.61,0.61,,0.0,0,False
2026-02-23 12:14:30+00:00,,,,,,,,0.61,0.61,,0.0,0,False
2026-02-23 12:15:00+00:00,,,,,,,,0.61,0.61,,0.0,0,False
2026-02-23 12:15:30+00:00,,,,,,,,0.61,0.61,,0.0,0,False
2026-02-23 12:16:00+00:00,,,,,,,,0.61,0.61,,0.0,0,False
2026-02-23 12:16:30+00:00,,,,,,,,0.61,0.61,,0.0,0,False
2026-02-23 12:17:00+00:00,,,,,,,,0.61,0.61,,0.0,0,False
2026-02-23 12:17:30+00:00,,,,,,,,0.61,0.61,,159.0,1,False
2026-02-23 12:18:00+00:00,,,,,,,,0.61,0.61,,0.0,0,False
2026-02-23 12:18:30+00:00,,,,,,,,0.61,0.61,,0.0,0,False
2026-02-23 12:19:00+00:00,,,,,,,,0.61,0.61,,0.0,0,False
2026-02-23 12:19:30+00:00,,,,,,,,0.61,0.61,,0.0,0,False
2026-02-23 12:20:00+00:00,,,,,,,,0.61,0.61,,0.0,0,False
2026-02-23 12:20:30+00:00,,,,,,,,0.61,0.61,,0.0,0,False
2026-02-23 12:21:00+00:00,,,,,,,,0.61,0.61,,0.0,0,False
2026-02-23 12:21:30+00:00,,,,,,,,0.61,0.61,,0.0,0,False
2026-02-23 12:22:00+00:00,,,,,,,,0.61,0.61,,0.0,0,False
2026-02-23 12:22:30+00:00,,,,,,,,0.61,0.61,,0.0,0,False
2026-02-23 12:23:00+00:00,,,,,,,,0.61,0.61,,0.0,0,False
2026-02-23 12:23:30+00:00,,,,,,,,0.61,0.61,,0.0,0,False
2026-02-23 12:24:00+00:00,,,,,,,,0.61,0.61,,0.0,0,False
2026-02-23 12:24:30+00:00,,,,,,,,0.61,0.61,,0.0,0,False
2026-02-23 12:25:00+00:00,,,,,,,,0.61,0.61,,0.0,0,False
2026-02-23 12:25:30+00:00,,,,,,,,0.61,0.61,,0.0,0,False
2026-02-23 12:26:00+00:00,,,,,,,,0.61,0.61,,0.0,0,False
2026-02-23 12:26:30+00:00,,,,,,,,0.61,0.61,,0.0,0,False
2026-02-23 12:27:00+00:00,,,,,,,,0.61,0.61,,0.0,0,False
2026-02-23 12:27:30+00:00,,,,,,,,0.61,0.61,,0.0,0,False
2026-02-23 12:28:00+00:00,,,,,,,,0.61,0.61,,0.0,0,False
2026-02-23 12:28:30+00:00,,,,,,,,0.61,0.61,,0.0,0,False
2026-02-23 12:29:00+00:00,,,,,,,,0.61,0.61,,0.0,0,False
2026-02-23 12:29:30+00:00,,,,,,,,0.61,0.61,,0.0,0,False
2026-02-23 12:30:00+00:00,,,,,,,,0.61,0.61,,0.0,0,False
2026-02-23 12:30:30+00:00,,,,,,,,0.61,0.61,,0.0,0,False
2026-02-23 12:31:00+00:00,,,,,,,,0.61,0.61,,0.0,0,False
2026-02-23 12:31:30+00:00,,,,,,,,0.61,0.61,,0.0,0,False
2026-02-23 12:32:00+00:00,,,,,,,,0.61,0.61,,0.0,0,False
2026-02-23 12:32:30+00:00,,,,,,,,0.61,0.61,,0.0,0,False
2026-02-23 12:33:00+00:00,,,,,,,,0.61,0.61,,0.0,0,False
2026-02-23 12:33:30+00:00,,,,,,,,0.61,0.61,,0.0,0,False
2026-02-23 12:34:00+00:00,,,,,,,,0.61,0.61,,0.0,0,False
2026-02-23 12:34:30+00:00,,,,,,,,0.61,0.61,,0.0,0,False
2026-02-23 12:35:00+00:00,,,,,,,,0.61,0.61,,0.0,0,False
2026-02-23 12:35:30+00:00,,,,,,,,0.61,0.61,,0.0,0,False
2026-02-23 12:36:00+00:00,,,,,,,,0.61,0.61,,0.0,0,False
2026-02-23 12:36:30+00:00,,,,,,,,0.61,0.61,,0.0,0,False
2026-02-23 12:37:00+00:00,,,,,,,,0.61,0.61,,0.0,0,False
2026-02-23 12:37:30+00:00,,,,,,,,0.61,0.61,,0.0,0,False
2026-02-23 12:38:00+00:00,,,,,,,,0.61,0.61,,0.0,0,False
2026-02-23 12:38:30+00:00,,,,,,,,0.61,0.61,,0.0,0,False
2026-02-23 12:39:00+00:00,,,,,,,,0.61,0.61,,0.0,0,False
2026-02-23 12:39:30+00:00,,,,,,,,0.61,0.61,,0.0,0,False
2026-02-23 12:40:00+00:00,,,,,,,,0.61,0.61,,0.0,0,False
2026-02-23 12:40:30+00:00,,,,,,,,0.5700000000000001,0.5700000000000001,,23.0,2,False
2026-02-23 12:41:00+00:00,,,,,,,,0.5700000000000001,0.5700000000000001,,0.0,0,False
2026-02-23 12:41:30+00:00,,,,,,,,0.5700000000000001,0.5700000000000001,,0.0,0,False
2026-02-23 12:42:00+00:00,,,,,,,,0.5700000000000001,0.5700000000000001,,0.0,0,False
2026-02-23 12:42:30+00:00,,,,,,,,0.5700000000000001,0.5700000000000001,,0.0,0,False
2026-02-23 12:43:00+00:00,,,,,,,,0.5700000000000001,0.5700000000000001,,0.0,0,False
2026-02-23 12:43:30+00:00,,,,,,,,0.5700000000000001,0.5700000000000001,,0.0,0,False
2026-02-23 12:44:00+00:00,,,,,,,,0.5700000000000001,0.5700000000000001,,0.0,0,False
2026-02-23 12:44:30+00:00,,,,,,,,0.5700000000000001,0.5700000000000001,,0.0,0,False
2026-02-23 12:45:00+00:00,,,,,,,,0.5700000000000001,0.5700000000000001,,0.0,0,False
2026-02-23 12:45:30+00:00,,,,,,,,0.5700000000000001,0.5700000000000001,,0.0,0,False
2026-02-23 12:46:00+00:00,,,,,,,,0.5700000000000001,0.5700000000000001,,0.0,0,False
2026-02-23 12:46:30+00:00,,,,,,,,0.61,0.61,,1.0,1,False
2026-02-23 12:47:00+00:00,,,,,,,,0.61,0.61,,0.0,0,False
2026-02-23 12:47:30+00:00,,,,,,,,0.61,0.61,,0.0,0,False
2026-02-23 12:48:00+00:00,,,,,,,,0.61,0.61,,3.0,1,False
2026-02-23 12:48:30+00:00,,,,,,,,0.61,0.61,,0.0,0,False
2026-02-23 12:49:00+00:00,,,,,,,,0.61,0.61,,0.0,0,False
2026-02-23 12:49:30+00:00,,,,,,,,0.61,0.61,,0.0,0,False
2026-02-23 12:50:00+00:00,,,,,,,,0.61,0.61,,0.0,0,False
2026-02-23 12:50:30+00:00,,,,,,,,0.61,0.61,,0.0,0,False
2026-02-23 12:51:00+00:00,,,,,,,,0.61,0.61,,0.0,0,False
2026-02-23 12:51:30+00:00,,,,,,,,0.61,0.61,,0.0,0,False
2026-02-23 12:52:00+00:00,,,,,,,,0.61,0.61,,79.0,1,False
2026-02-23 12:52:30+00:00,,,,,,,,0.61,0.61,,0.0,0,False
2026-02-23 12:53:00+00:00,,,,,,,,0.61,0.61,,31.0,1,False
2026-02-23 12:53:30+00:00,,,,,,,,0.61,0.61,,0.0,0,False
2026-02-23 12:54:00+00:00,,,,,,,,0.61,0.61,,0.0,0,False
2026-02-23 12:54:30+00:00,,,,,,,,0.61,0.61,,0.0,0,False
2026-02-23 12:55:00+00:00,,,,,,,,0.61,0.61,,0.0,0,False
2026-02-23 12:55:30+00:00,,,,,,,,0.61,0.61,,7.0,1,False
2026-02-23 12:56:00+00:00,,,,,,,,0.61,0.61,,0.0,0,False
2026-02-23 12:56:30+00:00,,,,,,,,0.61,0.61,,0.0,0,False
2026-02-23 12:57:00+00:00,,,,,,,,0.61,0.61,,0.0,0,False
2026-02-23 12:57:30+00:00,,,,,,,,0.61,0.61,,0.0,0,False
2026-02-23 12:58:00+00:00,,,,,,,,0.61,0.61,,0.0,0,False
2026-02-23 12:58:30+00:00,,,,,,,,0.61,0.61,,0.0,0,False
2026-02-23 12:59:00+00:00,,,,,,,,0.61,0.61,,0.0,0,False
2026-02-23 12:59:30+00:00,,,,,,,,0.61,0.61,,0.0,0,False
2026-02-23 13:00:00+00:00,,,,,,,,0.61,0.61,,0.0,0,False
2026-02-23 13:00:30+00:00,,,,,,,,0.61,0.61,,0.0,0,False
2026-02-23 13:01:00+00:00,,,,,,,,0.61,0.61,,0.0,0,False
2026-02-23 13:01:30+00:00,,,,,,,,0.61,0.61,,0.0,0,False
2026-02-23 13:02:00+00:00,,,,,,,,0.61,0.61,,0.0,0,False
2026-02-23 13:02:30+00:00,,,,,,,,0.61,0.61,,0.0,0,False
2026-02-23 13:03:00+00:00,,,,,,,,0.61,0.61,,0.0,0,False
2026-02-23 13:03:30+00:00,,,,,,,,0.61,0.61,,0.0,0,False
2026-02-23 13:04:00+00:00,,,,,,,,0.61,0.61,,0.0,0,False
2026-02-23 13:04:30+00:00,,,,,,,,0.61,0.61,,0.0,0,False
2026-02-23 13:05:00+00:00,,,,,,,,0.61,0.61,,0.0,0,False
2026-02-23 13:05:30+00:00,,,,,,,,0.61,0.61,,0.0,0,False
2026-02-23 13:06:00+00:00,,,,,,,,0.61,0.61,,0.0,0,False
2026-02-23 13:06:30+00:00,,,,,,,,0.61,0.61,,0.0,0,False
2026-02-23 13:07:00+00:00,,,,,,,,0.61,0.61,,0.0,0,False
2026-02-23 13:07:30+00:00,,,,,,,,0.61,0.61,,0.0,0,False
2026-02-23 13:08:00+00:00,,,,,,,,0.61,0.61,,0.0,0,False
2026-02-23 13:08:30+00:00,,,,,,,,0.61,0.61,,0.0,0,False
2026-02-23 13:09:00+00:00,,,,,,,,0.61,0.61,,0.0,0,False
2026-02-23 13:09:30+00:00,,,,,,,,0.61,0.61,,0.0,0,False
2026-02-23 13:10:00+00:00,,,,,,,,0.6,0.6,,45.0,6,False
2026-02-23 13:10:30+00:00,,,,,,,,0.6,0.6,,0.0,0,False
2026-02-23 13:11:00+00:00,,,,,,,,0.6,0.6,,0.0,0,False
2026-02-23 13:11:30+00:00,,,,,,,,0.6,0.6,,0.0,0,False
2026-02-23 13:12:00+00:00,,,,,,,,0.6,0.6,,0.0,0,False
2026-02-23 13:12:30+00:00,,,,,,,,0.6,0.6,,0.0,0,False
2026-02-23 13:13:00+00:00,,,,,,,,0.6,0.6,,0.0,0,False
2026-02-23 13:13:30+00:00,,,,,,,,0.6,0.6,,0.0,0,False
2026-02-23 13:14:00+00:00,,,,,,,,0.6,0.6,,0.0,0,False
2026-02-23 13:14:30+00:00,,,,,,,,0.6,0.6,,0.0,0,False
2026-02-23 13:15:00+00:00,,,,,,,,0.5800000000000001,0.5800000000000001,,5.0,1,False
2026-02-23 13:15:30+00:00,,,,,,,,0.6,0.6,,80.0,1,False
2026-02-23 13:16:00+00:00,,,,,,,,0.6,0.6,,0.0,0,False
2026-02-23 13:16:30+00:00,,,,,,,,0.6,0.6,,241.0,1,False
2026-02-23 13:17:00+00:00,,,,,,,,0.6,0.6,,0.0,0,False
2026-02-23 13:17:30+00:00,,,,,,,,0.6,0.6,,0.0,0,False
2026-02-23 13:18:00+00:00,,,,,,,,0.6,0.6,,1.0,1,False
2026-02-23 13:18:30+00:00,,,,,,,,0.6,0.6,,1.0,1,False
2026-02-23 13:19:00+00:00,,,,,,,,0.6,0.6,,0.0,0,False
2026-02-23 13:19:30+00:00,,,,,,,,0.6,0.6,,0.0,0,False
2026-02-23 13:20:00+00:00,,,,,,,,0.6,0.6,,0.0,0,False
2026-02-23 13:20:30+00:00,,,,,,,,0.6,0.6,,0.0,0,False
2026-02-23 13:21:00+00:00,,,,,,,,0.6,0.6,,24.0,1,False
2026-02-23 13:21:30+00:00,,,,,,,,0.6,0.6,,0.0,0,False
2026-02-23 13:22:00+00:00,,,,,,,,0.6,0.6,,0.0,0,False
2026-02-23 13:22:30+00:00,,,,,,,,0.6,0.6,,40.0,1,False
2026-02-23 13:23:00+00:00,,,,,,,,0.6,0.6,,0.0,0,False
2026-02-23 13:23:30+00:00,,,,,,,,0.6,0.6,,0.0,0,False
2026-02-23 13:24:00+00:00,,,,,,,,0.6,0.6,,0.0,0,False
2026-02-23 13:24:30+00:00,,,,,,,,0.6,0.6,,0.0,0,False
2026-02-23 13:25:00+00:00,,,,,,,,0.6,0.6,,0.0,0,False
2026-02-23 13:25:30+00:00,,,,,,,,0.6,0.6,,32.0,1,False
2026-02-23 13:26:00+00:00,,,,,,,,0.6,0.6,,0.0,0,False
2026-02-23 13:26:30+00:00,,,,,,,,0.6,0.6,,0.0,0,False
2026-02-23 13:27:00+00:00,,,,,,,,0.6,0.6,,0.0,0,False
2026-02-23 13:27:30+00:00,,,,,,,,0.6,0.6,,1.0,1,False
2026-02-23 13:28:00+00:00,,,,,,,,0.6,0.6,,4.0,1,False
2026-02-23 13:28:30+00:00,,,,,,,,0.6,0.6,,0.0,0,False
2026-02-23 13:29:00+00:00,,,,,,,,0.6,0.6,,0.0,0,False
2026-02-23 13:29:30+00:00,,,,,,,,0.6,0.6,,0.0,0,False
2026-02-23 13:30:00+00:00,,,,,,,,0.6,0.6,,0.0,0,False
2026-02-23 13:30:30+00:00,,,,,,,,0.6,0.6,,0.0,0,False
2026-02-23 13:31:00+00:00,,,,,,,,0.6,0.6,,0.0,0,False
2026-02-23 13:31:30+00:00,,,,,,,,0.6,0.6,,0.0,0,False
2026-02-23 13:32:00+00:00,,,,,,,,0.6,0.6,,0.0,0,False
2026-02-23 13:32:30+00:00,,,,,,,,0.6,0.6,,0.0,0,False
2026-02-23 13:33:00+00:00,,,,,,,,0.6,0.6,,87.0,2,False
2026-02-23 13:33:30+00:00,,,,,,,,0.6,0.6,,0.0,0,False
2026-02-23 13:34:00+00:00,,,,,,,,0.6,0.6,,0.0,0,False
2026-02-23 13:34:30+00:00,,,,,,,,0.6,0.6,,0.0,0,False
2026-02-23 13:35:00+00:00,,,,,,,,0.6,0.6,,0.0,0,False
2026-02-23 13:35:30+00:00,,,,,,,,0.6,0.6,,0.0,0,False
2026-02-23 13:36:00+00:00,,,,,,,,0.6,0.6,,0.0,0,False
2026-02-23 13:36:30+00:00,,,,,,,,0.6,0.6,,0.0,0,False
2026-02-23 13:37:00+00:00,,,,,,,,0.6,0.6,,0.0,0,False
2026-02-23 13:37:30+00:00,,,,,,,,0.6,0.6,,0.0,0,False
2026-02-23 13:38:00+00:00,,,,,,,,0.6,0.6,,0.0,0,False
2026-02-23 13:38:30+00:00,,,,,,,,0.6,0.6,,0.0,0,False
2026-02-23 13:39:00+00:00,,,,,,,,0.6,0.6,,0.0,0,False
2026-02-23 13:39:30+00:00,,,,,,,,0.6,0.6,,0.0,0,False
2026-02-23 13:40:00+00:00,,,,,,,,0.6,0.6,,0.0,0,False
2026-02-23 13:40:30+00:00,,,,,,,,0.6,0.6,,0.0,0,False
2026-02-23 13:41:00+00:00,,,,,,,,0.6,0.6,,0.0,0,False
2026-02-23 13:41:30+00:00,,,,,,,,0.59,0.59,,10.0,1,False
2026-02-23 13:42:00+00:00,,,,,,,,0.59,0.59,,0.0,0,False
2026-02-23 13:42:30+00:00,,,,,,,,0.59,0.59,,0.0,0,False
2026-02-23 13:43:00+00:00,,,,,,,,0.59,0.59,,0.0,0,False
2026-02-23 13:43:30+00:00,,,,,,,,0.5700000000000001,0.5700000000000001,,9.0,2,False
2026-02-23 13:44:00+00:00,,,,,,,,0.5700000000000001,0.5700000000000001,,0.0,0,False
2026-02-23 13:44:30+00:00,,,,,,,,0.5700000000000001,0.5700000000000001,,0.0,0,False
2026-02-23 13:45:00+00:00,,,,,,,,0.6,0.6,,81.0,1,False
2026-02-23 13:45:30+00:00,,,,,,,,0.6,0.6,,0.0,0,False
2026-02-23 13:46:00+00:00,,,,,,,,0.6,0.6,,0.0,0,False
2026-02-23 13:46:30+00:00,,,,,,,,0.6,0.6,,0.0,0,False
2026-02-23 13:47:00+00:00,,,,,,,,0.6,0.6,,0.0,0,False
2026-02-23 13:47:30+00:00,,,,,,,,0.6,0.6,,0.0,0,False
2026-02-23 13:48:00+00:00,,,,,,,,0.6,0.6,,0.0,0,False
2026-02-23 13:48:30+00:00,,,,,,,,0.6,0.6,,0.0,0,False
2026-02-23 13:49:00+00:00,,,,,,,,0.6,0.6,,0.0,0,False
2026-02-23 13:49:30+00:00,,,,,,,,0.6,0.6,,8.0,1,False
2026-02-23 13:50:00+00:00,,,,,,,,0.6,0.6,,0.0,0,False
2026-02-23 13:50:30+00:00,,,,,,,,0.6,0.6,,0.0,0,False
2026-02-23 13:51:00+00:00,,,,,,,,0.6,0.6,,0.0,0,False
2026-02-23 13:51:30+00:00,,,,,,,,0.6,0.6,,0.0,0,False
2026-02-23 13:52:00+00:00,,,,,,,,0.6,0.6,,0.0,0,False
2026-02-23 13:52:30+00:00,,,,,,,,0.6,0.6,,0.0,0,False
2026-02-23 13:53:00+00:00,,,,,,,,0.6,0.6,,40.0,1,False
2026-02-23 13:53:30+00:00,,,,,,,,0.6,0.6,,0.0,0,False
2026-02-23 13:54:00+00:00,,,,,,,,0.6,0.6,,2.0,1,False
2026-02-23 13:54:30+00:00,,,,,,,,0.6,0.6,,0.0,0,False
2026-02-23 13:55:00+00:00,,,,,,,,0.6,0.6,,0.0,0,False
2026-02-23 13:55:30+00:00,,,,,,,,0.6,0.6,,0.0,0,False
2026-02-23 13:56:00+00:00,,,,,,,,0.6,0.6,,40.0,1,False
2026-02-23 13:56:30+00:00,,,,,,,,0.6,0.6,,8.0,1,False
2026-02-23 13:57:00+00:00,,,,,,,,0.6,0.6,,0.0,0,False
2026-02-23 13:57:30+00:00,,,,,,,,0.6,0.6,,0.0,0,False
2026-02-23 13:58:00+00:00,,,,,,,,0.6,0.6,,0.0,0,False
2026-02-23 13:58:30+00:00,,,,,,,,0.6,0.6,,0.0,0,False
2026-02-23 13:59:00+00:00,,,,,,,,0.6,0.6,,0.0,0,False
2026-02-23 13:59:30+00:00,,,,,,,,0.6,0.6,,0.0,0,False
2026-02-23 14:00:00+00:00,,,,,,,,0.6,0.6,,0.0,0,False
2026-02-23 14:00:30+00:00,,,,,,,,0.6,0.6,,0.0,0,False
2026-02-23 14:01:00+00:00,,,,,,,,0.6,0.6,,0.0,0,False
2026-02-23 14:01:30+00:00,,,,,,,,0.6,0.6,,0.0,0,False
2026-02-23 14:02:00+00:00,,,,,,,,0.6,0.6,,0.0,0,False
2026-02-23 14:02:30+00:00,,,,,,,,0.6,0.6,,0.0,0,False
2026-02-23 14:03:00+00:00,,,,,,,,0.6,0.6,,0.0,0,False
2026-02-23 14:03:30+00:00,,,,,,,,0.6,0.6,,16.0,1,False
2026-02-23 14:04:00+00:00,,,,,,,,0.6,0.6,,33.0,2,False
2026-02-23 14:04:30+00:00,,,,,,,,0.6,0.6,,0.0,0,False
2026-02-23 14:05:00+00:00,,,,,,,,0.6,0.6,,0.0,0,False
2026-02-23 14:05:30+00:00,,,,,,,,0.6,0.6,,0.0,0,False
2026-02-23 14:06:00+00:00,,,,,,,,0.6,0.6,,0.0,0,False
2026-02-23 14:06:30+00:00,,,,,,,,0.6,0.6,,0.0,0,False
2026-02-23 14:07:00+00:00,,,,,,,,0.6,0.6,,0.0,0,False
2026-02-23 14:07:30+00:00,,,,,,,,0.6,0.6,,0.0,0,False
2026-02-23 14:08:00+00:00,,,,,,,,0.6,0.6,,0.0,0,False
2026-02-23 14:08:30+00:00,,,,,,,,0.6,0.6,,0.0,0,False
2026-02-23 14:09:00+00:00,,,,,,,,0.6,0.6,,0.0,0,False
2026-02-23 14:09:30+00:00,,,,,,,,0.6,0.6,,0.0,0,False
2026-02-23 14:10:00+00:00,,,,,,,,0.6,0.6,,0.0,0,False
2026-02-23 14:10:30+00:00,,,,,,,,0.6,0.6,,0.0,0,False
2026-02-23 14:11:00+00:00,,,,,,,,0.6,0.6,,0.0,0,False
2026-02-23 14:11:30+00:00,,,,,,,,0.6,0.6,,8.0,1,False
2026-02-23 14:12:00+00:00,,,,,,,,0.6,0.6,,0.0,0,False
2026-02-23 14:12:30+00:00,,,,,,,,0.6,0.6,,0.0,0,False
2026-02-23 14:13:00+00:00,,,,,,,,0.6,0.6,,10.0,1,False
2026-02-23 14:13:30+00:00,,,,,,,,0.6,0.6,,0.0,0,False
2026-02-23 14:14:00+00:00,,,,,,,,0.6,0.6,,0.0,0,False
2026-02-23 14:14:30+00:00,,,,,,,,0.6,0.6,,0.0,0,False
2026-02-23 14:15:00+00:00,,,,,,,,0.6,0.6,,0.0,0,False
2026-02-23 14:15:30+00:00,,,,,,,,0.6,0.6,,0.0,0,False
2026-02-23 14:16:00+00:00,,,,,,,,0.6,0.6,,0.0,0,False
2026-02-23 14:16:30+00:00,,,,,,,,0.6,0.6,,0.0,0,False
2026-02-23 14:17:00+00:00,,,,,,,,0.6,0.6,,0.0,0,False
2026-02-23 14:17:30+00:00,,,,,,,,0.6,0.6,,0.0,0,False
2026-02-23 14:18:00+00:00,,,,,,,,0.6,0.6,,50.0,1,False
2026-02-23 14:18:30+00:00,,,,,,,,0.6,0.6,,0.0,0,False
2026-02-23 14:19:00+00:00,,,,,,,,0.6,0.6,,0.0,0,False
2026-02-23 14:19:30+00:00,,,,,,,,0.6,0.6,,0.0,0,False
2026-02-23 14:20:00+00:00,,,,,,,,0.6,0.6,,0.0,0,False
2026-02-23 14:20:30+00:00,,,,,,,,0.6,0.6,,0.0,0,False
2026-02-23 14:21:00+00:00,,,,,,,,0.6,0.6,,0.0,0,False
2026-02-23 14:21:30+00:00,,,,,,,,0.6,0.6,,0.0,0,False
2026-02-23 14:22:00+00:00,,,,,,,,0.6,0.6,,0.0,0,False
2026-02-23 14:22:30+00:00,,,,,,,,0.6,0.6,,0.0,0,False
2026-02-23 14:23:00+00:00,,,,,,,,0.6,0.6,,0.0,0,False
2026-02-23 14:23:30+00:00,,,,,,,,0.6,0.6,,0.0,0,False
2026-02-23 14:24:00+00:00,,,,,,,,0.6,0.6,,0.0,0,False
2026-02-23 14:24:30+00:00,,,,,,,,0.6,0.6,,0.0,0,False
2026-02-23 14:25:00+00:00,,,,,,,,0.6,0.6,,0.0,0,False
2026-02-23 14:25:30+00:00,,,,,,,,0.6,0.6,,0.0,0,False
2026-02-23 14:26:00+00:00,,,,,,,,0.6,0.6,,0.0,0,False
2026-02-23 14:26:30+00:00,,,,,,,,0.6,0.6,,0.0,0,False
2026-02-23 14:27:00+00:00,,,,,,,,0.6,0.6,,0.0,0,False
2026-02-23 14:27:30+00:00,,,,,,,,0.6,0.6,,32.0,1,False
2026-02-23 14:28:00+00:00,,,,,,,,0.6,0.6,,0.0,0,False
2026-02-23 14:28:30+00:00,,,,,,,,0.6,0.6,,0.0,0,False
2026-02-23 14:29:00+00:00,,,,,,,,0.6,0.6,,0.0,0,False
2026-02-23 14:29:30+00:00,,,,,,,,0.6,0.6,,9.0,1,False
2026-02-23 14:30:00+00:00,,,,,,,,0.6,0.6,,0.0,0,False
2026-02-23 14:30:30+00:00,,,,,,,,0.6,0.6,,0.0,0,False
2026-02-23 14:31:00+00:00,,,,,,,,0.6,0.6,,0.0,0,False
2026-02-23 14:31:30+00:00,,,,,,,,0.6,0.6,,0.0,0,False
2026-02-23 14:32:00+00:00,,,,,,,,0.6,0.6,,0.0,0,False
2026-02-23 14:32:30+00:00,,,,,,,,0.6,0.6,,0.0,0,False
2026-02-23 14:33:00+00:00,,,,,,,,0.6,0.6,,0.0,0,False
2026-02-23 14:33:30+00:00,,,,,,,,0.575,0.59,,4.0,2,False
2026-02-23 14:34:00+00:00,,,,,,,,0.575,0.59,,0.0,0,False
2026-02-23 14:34:30+00:00,,,,,,,,0.59,0.59,,26.0,1,False
2026-02-23 14:35:00+00:00,,,,,,,,0.59,0.59,,0.0,0,False
2026-02-23 14:35:30+00:00,,,,,,,,0.59,0.59,,0.0,0,False
2026-02-23 14:36:00+00:00,,,,,,,,0.58,0.58,,25.0,1,False
2026-02-23 14:36:30+00:00,,,,,,,,0.58,0.58,,404.0,2,False
2026-02-23 14:37:00+00:00,,,,,,,,0.5739080459770115,0.55,,522.0,2,False
2026-02-23 14:37:30+00:00,,,,,,,,0.58,0.58,,166.0,2,False
2026-02-23 14:38:00+00:00,,,,,,,,0.58,0.58,,0.0,0,False
2026-02-23 14:38:30+00:00,,,,,,,,0.58,0.58,,0.0,0,False
2026-02-23 14:39:00+00:00,,,,,,,,0.59,0.59,,40.0,1,False
2026-02-23 14:39:30+00:00,,,,,,,,0.59,0.59,,0.0,0,False
2026-02-23 14:40:00+00:00,,,,,,,,0.59,0.59,,0.0,0,False
2026-02-23 14:40:30+00:00,,,,,,,,0.59,0.59,,0.0,0,False
2026-02-23 14:41:00+00:00,,,,,,,,0.59,0.59,,0.0,0,False
2026-02-23 14:41:30+00:00,,,,,,,,0.59,0.59,,0.0,0,False
2026-02-23 14:42:00+00:00,,,,,,,,0.59,0.59,,0.0,0,False
2026-02-23 14:42:30+00:00,,,,,,,,0.59,0.59,,0.0,0,False
2026-02-23 14:43:00+00:00,,,,,,,,0.59,0.59,,1.0,1,False
2026-02-23 14:43:30+00:00,,,,,,,,0.59,0.59,,0.0,0,False
2026-02-23 14:44:00+00:00,,,,,,,,0.59,0.59,,0.0,0,False
2026-02-23 14:44:30+00:00,,,,,,,,0.55,0.55,,7.0,1,False
2026-02-23 14:45:00+00:00,,,,,,,,0.59,0.59,,49.0,1,False
2026-02-23 14:45:30+00:00,,,,,,,,0.59,0.59,,0.0,0,False
2026-02-23 14:46:00+00:00,,,,,,,,0.59,0.59,,0.0,0,False
2026-02-23 14:46:30+00:00,,,,,,,,0.59,0.59,,0.0,0,False
2026-02-23 14:47:00+00:00,,,,,,,,0.59,0.59,,26.0,1,False
2026-02-23 14:47:30+00:00,,,,,,,,0.59,0.59,,0.0,0,False
2026-02-23 14:48:00+00:00,,,,,,,,0.59,0.59,,0.0,0,False
2026-02-23 14:48:30+00:00,,,,,,,,0.59,0.59,,0.0,0,False
2026-02-23 14:49:00+00:00,,,,,,,,0.59,0.59,,0.0,0,False
2026-02-23 14:49:30+00:00,,,,,,,,0.59,0.59,,0.0,0,False
2026-02-23 14:50:00+00:00,,,,,,,,0.59,0.59,,0.0,0,False
2026-02-23 14:50:30+00:00,,,,,,,,0.59,0.59,,32.0,1,False
2026-02-23 14:51:00+00:00,,,,,,,,0.59,0.59,,100.0,1,False
2026-02-23 14:51:30+00:00,,,,,,,,0.59,0.59,,0.0,0,False
2026-02-23 14:52:00+00:00,,,,,,,,0.59,0.59,,0.0,0,False
2026-02-23 14:52:30+00:00,,,,,,,,0.59,0.59,,0.0,0,False
2026-02-23 14:53:00+00:00,,,,,,,,0.59,0.59,,0.0,0,False
2026-02-23 14:53:30+00:00,,,,,,,,0.59,0.59,,0.0,0,False
2026-02-23 14:54:00+00:00,,,,,,,,0.59,0.59,,6.0,1,False
2026-02-23 14:54:30+00:00,,,,,,,,0.59,0.59,,24.0,1,False
2026-02-23 14:55:00+00:00,,,,,,,,0.59,0.59,,0.0,0,False
2026-02-23 14:55:30+00:00,,,,,,,,0.59,0.59,,0.0,0,False
2026-02-23 14:56:00+00:00,,,,,,,,0.59,0.59,,0.0,0,False
2026-02-23 14:56:30+00:00,,,,,,,,0.59,0.59,,0.0,0,False
2026-02-23 14:57:00+00:00,,,,,,,,0.59,0.59,,0.0,0,False
2026-02-23 14:57:30+00:00,,,,,,,,0.59,0.59,,0.0,0,False
2026-02-23 14:58:00+00:00,,,,,,,,0.59,0.59,,8.0,1,False
2026-02-23 14:58:30+00:00,,,,,,,,0.59,0.59,,0.0,0,False
2026-02-23 14:59:00+00:00,,,,,,,,0.59,0.59,,0.0,0,False
2026-02-23 14:59:30+00:00,,,,,,,,0.55,0.55,,32.0,1,False
2026-02-23 15:00:00+00:00,,,,,,,,0.55,0.55,,0.0,0,False
2026-02-23 15:00:30+00:00,,,,,,,,0.55,0.55,,0.0,0,False
2026-02-23 15:01:00+00:00,,,,,,,,0.55,0.55,,0.0,0,False
2026-02-23 15:01:30+00:00,,,,,,,,0.55,0.55,,0.0,0,False
2026-02-23 15:02:00+00:00,,,,,,,,0.55,0.55,,0.0,0,False
2026-02-23 15:02:30+00:00,,,,,,,,0.55,0.55,,0.0,0,False
2026-02-23 15:03:00+00:00,,,,,,,,0.55,0.55,,0.0,0,False
2026-02-23 15:03:30+00:00,,,,,,,,0.55,0.55,,0.0,0,False
2026-02-23 15:04:00+00:00,,,,,,,,0.55,0.55,,0.0,0,False
2026-02-23 15:04:30+00:00,,,,,,,,0.55,0.55,,0.0,0,False
2026-02-23 15:05:00+00:00,,,,,,,,0.55,0.55,,0.0,0,False
2026-02-23 15:05:30+00:00,,,,,,,,0.55,0.55,,0.0,0,False
2026-02-23 15:06:00+00:00,,,,,,,,0.55,0.55,,0.0,0,False
2026-02-23 15:06:30+00:00,,,,,,,,0.55,0.55,,21.0,1,False
2026-02-23 15:07:00+00:00,,,,,,,,0.58,0.58,,38.0,1,False
2026-02-23 15:07:30+00:00,,,,,,,,0.58,0.58,,0.0,0,False
2026-02-23 15:08:00+00:00,,,,,,,,0.58,0.58,,0.0,0,False
2026-02-23 15:08:30+00:00,,,,,,,,0.58,0.58,,0.0,0,False
2026-02-23 15:09:00+00:00,,,,,,,,0.58,0.58,,0.0,0,False
2026-02-23 15:09:30+00:00,,,,,,,,0.58,0.58,,0.0,0,False
2026-02-23 15:10:00+00:00,,,,,,,,0.59,0.59,,3.0,1,False
2026-02-23 15:10:30+00:00,,,,,,,,0.59,0.59,,0.0,0,False
2026-02-23 15:11:00+00:00,,,,,,,,0.59,0.59,,0.0,0,False
2026-02-23 15:11:30+00:00,,,,,,,,0.5896341463414634,0.56,,82.0,4,False
2026-02-23 15:12:00+00:00,,,,,,,,0.5896341463414634,0.56,,0.0,0,False
2026-02-23 15:12:30+00:00,,,,,,,,0.5896341463414634,0.56,,0.0,0,False
2026-02-23 15:13:00+00:00,,,,,,,,0.5896341463414634,0.56,,0.0,0,False
2026-02-23 15:13:30+00:00,,,,,,,,0.59,0.59,,8.0,1,False
2026-02-23 15:14:00+00:00,,,,,,,,0.59,0.59,,11.0,1,False
2026-02-23 15:14:30+00:00,,,,,,,,0.59,0.59,,0.0,0,False
2026-02-23 15:15:00+00:00,,,,,,,,0.59,0.59,,0.0,0,False
2026-02-23 15:15:30+00:00,,,,,,,,0.59,0.59,,0.0,0,False
2026-02-23 15:16:00+00:00,,,,,,,,0.59,0.59,,0.0,0,False
2026-02-23 15:16:30+00:00,,,,,,,,0.59,0.59,,0.0,0,False
2026-02-23 15:17:00+00:00,,,,,,,,0.59,0.59,,16.0,1,False
2026-02-23 15:17:30+00:00,,,,,,,,0.59,0.59,,0.0,0,False
2026-02-23 15:18:00+00:00,,,,,,,,0.59,0.59,,0.0,0,False
2026-02-23 15:18:30+00:00,,,,,,,,0.59,0.59,,49.0,1,False
2026-02-23 15:19:00+00:00,,,,,,,,0.59,0.59,,0.0,0,False
2026-02-23 15:19:30+00:00,,,,,,,,0.59,0.59,,0.0,0,False
2026-02-23 15:20:00+00:00,,,,,,,,0.59,0.59,,0.0,0,False
2026-02-23 15:20:30+00:00,,,,,,,,0.59,0.59,,0.0,0,False
2026-02-23 15:21:00+00:00,,,,,,,,0.59,0.59,,0.0,0,False
2026-02-23 15:21:30+00:00,,,,,,,,0.59,0.59,,0.0,0,False
2026-02-23 15:22:00+00:00,,,,,,,,0.59,0.59,,0.0,0,False
2026-02-23 15:22:30+00:00,,,,,,,,0.59,0.59,,0.0,0,False
2026-02-23 15:23:00+00:00,,,,,,,,0.59,0.59,,0.0,0,False
2026-02-23 15:23:30+00:00,,,,,,,,0.59,0.59,,8.0,1,False
2026-02-23 15:24:00+00:00,,,,,,,,0.59,0.59,,8.0,1,False
2026-02-23 15:24:30+00:00,,,,,,,,0.59,0.59,,0.0,0,False
2026-02-23 15:25:00+00:00,,,,,,,,0.59,0.59,,0.0,0,False
2026-02-23 15:25:30+00:00,,,,,,,,0.59,0.59,,16.0,1,False
2026-02-23 15:26:00+00:00,,,,,,,,0.59,0.59,,0.0,0,False
2026-02-23 15:26:30+00:00,,,,,,,,0.59,0.59,,0.0,0,False
2026-02-23 15:27:00+00:00,,,,,,,,0.59,0.59,,0.0,0,False
2026-02-23 15:27:30+00:00,,,,,,,,0.59,0.59,,0.0,0,False
2026-02-23 15:28:00+00:00,,,,,,,,0.59,0.59,,215.0,4,False
2026-02-23 15:28:30+00:00,,,,,,,,0.59,0.59,,0.0,0,False
2026-02-23 15:29:00+00:00,,,,,,,,0.5700000000000001,0.5700000000000001,,36.0,1,False
2026-02-23 15:29:30+00:00,,,,,,,,0.5700000000000001,0.5700000000000001,,0.0,0,False
2026-02-23 15:30:00+00:00,,,,,,,,0.5700000000000001,0.5700000000000001,,0.0,0,False
2026-02-23 15:30:30+00:00,,,,,,,,0.5700000000000001,0.5700000000000001,,0.0,0,False
2026-02-23 15:31:00+00:00,,,,,,,,0.5700000000000001,0.5700000000000001,,0.0,0,False
2026-02-23 15:31:30+00:00,,,,,,,,0.5700000000000001,0.5700000000000001,,0.0,0,False
2026-02-23 15:32:00+00:00,,,,,,,,0.5700000000000001,0.5700000000000001,,0.0,0,False
2026-02-23 15:32:30+00:00,,,,,,,,0.5700000000000001,0.5700000000000001,,0.0,0,False
2026-02-23 15:33:00+00:00,,,,,,,,0.5700000000000001,0.5700000000000001,,0.0,0,False
2026-02-23 15:33:30+00:00,,,,,,,,0.5700000000000001,0.5700000000000001,,0.0,0,False
2026-02-23 15:34:00+00:00,,,,,,,,0.5700000000000001,0.5700000000000001,,0.0,0,False
2026-02-23 15:34:30+00:00,,,,,,,,0.5700000000000001,0.5700000000000001,,0.0,0,False
2026-02-23 15:35:00+00:00,,,,,,,,0.5700000000000001,0.5700000000000001,,0.0,0,False
2026-02-23 15:35:30+00:00,,,,,,,,0.5700000000000001,0.5700000000000001,,0.0,0,False
2026-02-23 15:36:00+00:00,,,,,,,,0.5700000000000001,0.5700000000000001,,0.0,0,False
2026-02-23 15:36:30+00:00,,,,,,,,0.5700000000000001,0.5700000000000001,,0.0,0,False
2026-02-23 15:37:00+00:00,,,,,,,,0.5700000000000001,0.5700000000000001,,0.0,0,False
2026-02-23 15:37:30+00:00,,,,,,,,0.5700000000000001,0.5700000000000001,,0.0,0,False
2026-02-23 15:38:00+00:00,,,,,,,,0.5700000000000001,0.5700000000000001,,0.0,0,False
2026-02-23 15:38:30+00:00,,,,,,,,0.59,0.59,,17.0,1,False
2026-02-23 15:39:00+00:00,,,,,,,,0.59,0.59,,0.0,0,False
2026-02-23 15:39:30+00:00,,,,,,,,0.59,0.59,,0.0,0,False
2026-02-23 15:40:00+00:00,,,,,,,,0.59,0.59,,0.0,0,False
2026-02-23 15:40:30+00:00,,,,,,,,0.59,0.59,,0.0,0,False
2026-02-23 15:41:00+00:00,,,,,,,,0.59,0.59,,0.0,0,False
2026-02-23 15:41:30+00:00,,,,,,,,0.59,0.59,,0.0,0,False
2026-02-23 15:42:00+00:00,,,,,,,,0.59,0.59,,0.0,0,False
2026-02-23 15:42:30+00:00,,,,,,,,0.59,0.59,,0.0,0,False
2026-02-23 15:43:00+00:00,,,,,,,,0.59,0.59,,1.0,1,False
2026-02-23 15:43:30+00:00,,,,,,,,0.59,0.59,,100.0,1,False
2026-02-23 15:44:00+00:00,,,,,,,,0.59,0.59,,0.0,0,False
2026-02-23 15:44:30+00:00,,,,,,,,0.59,0.59,,0.0,0,False
2026-02-23 15:45:00+00:00,,,,,,,,0.59,0.59,,0.0,0,False
2026-02-23 15:45:30+00:00,,,,,,,,0.59,0.59,,0.0,0,False
2026-02-23 15:46:00+00:00,,,,,,,,0.59,0.59,,17.0,2,False
2026-02-23 15:46:30+00:00,,,,,,,,0.59,0.59,,0.0,0,False
2026-02-23 15:47:00+00:00,,,,,,,,0.59,0.59,,22.0,1,False
2026-02-23 15:47:30+00:00,,,,,,,,0.59,0.59,,0.0,0,False
2026-02-23 15:48:00+00:00,,,,,,,,0.59,0.59,,0.0,0,False
2026-02-23 15:48:30+00:00,,,,,,,,0.59,0.59,,14.0,1,False
2026-02-23 15:49:00+00:00,,,,,,,,0.59,0.59,,0.0,0,False
2026-02-23 15:49:30+00:00,,,,,,,,0.59,0.59,,0.0,0,False
2026-02-23 15:50:00+00:00,,,,,,,,0.59,0.59,,45.0,1,False
2026-02-23 15:50:30+00:00,,,,,,,,0.59,0.59,,0.0,0,False
2026-02-23 15:51:00+00:00,,,,,,,,0.59,0.59,,0.0,0,False
2026-02-23 15:51:30+00:00,,,,,,,,0.59,0.59,,0.0,0,False
2026-02-23 15:52:00+00:00,,,,,,,,0.59,0.59,,0.0,0,False
2026-02-23 15:52:30+00:00,,,,,,,,0.5700000000000001,0.5700000000000001,,21.0,1,False
2026-02-23 15:53:00+00:00,,,,,,,,0.5700000000000001,0.5700000000000001,,0.0,0,False
2026-02-23 15:53:30+00:00,,,,,,,,0.5700000000000001,0.5700000000000001,,0.0,0,False
2026-02-23 15:54:00+00:00,,,,,,,,0.5700000000000001,0.5700000000000001,,0.0,0,False
2026-02-23 15:54:30+00:00,,,,,,,,0.5700000000000001,0.5700000000000001,,0.0,0,False
2026-02-23 15:55:00+00:00,,,,,,,,0.5700000000000001,0.5700000000000001,,0.0,0,False
2026-02-23 15:55:30+00:00,,,,,,,,0.5700000000000001,0.5700000000000001,,22.0,1,False
2026-02-23 15:56:00+00:00,,,,,,,,0.5700000000000001,0.5700000000000001,,0.0,0,False
2026-02-23 15:56:30+00:00,,,,,,,,0.5700000000000001,0.5700000000000001,,0.0,0,False
2026-02-23 15:57:00+00:00,,,,,,,,0.6,0.6,,8.0,1,False
2026-02-23 15:57:30+00:00,,,,,,,,0.6,0.6,,0.0,0,False
2026-02-23 15:58:00+00:00,,,,,,,,0.6,0.6,,161.0,1,False
2026-02-23 15:58:30+00:00,,,,,,,,0.6,0.6,,0.0,0,False
2026-02-23 15:59:00+00:00,,,,,,,,0.6,0.6,,0.0,0,False
2026-02-23 15:59:30+00:00,,,,,,,,0.6,0.6,,0.0,0,False
2026-02-23 16:00:00+00:00,,,,,,,,0.6,0.6,,16.0,1,False
2026-02-23 16:00:30+00:00,,,,,,,,0.6,0.6,,0.0,0,False
2026-02-23 16:01:00+00:00,,,,,,,,0.6,0.6,,0.0,0,False
2026-02-23 16:01:30+00:00,,,,,,,,0.6,0.6,,0.0,0,False
2026-02-23 16:02:00+00:00,,,,,,,,0.6,0.6,,40.0,1,False
2026-02-23 16:02:30+00:00,,,,,,,,0.5700000000000001,0.5700000000000001,,2.0,1,False
2026-02-23 16:03:00+00:00,,,,,,,,0.5700000000000001,0.5700000000000001,,0.0,0,False
2026-02-23 16:03:30+00:00,,,,,,,,0.5700000000000001,0.5700000000000001,,0.0,0,False
2026-02-23 16:04:00+00:00,,,,,,,,0.5700000000000001,0.5700000000000001,,0.0,0,False
2026-02-23 16:04:30+00:00,,,,,,,,0.5700000000000001,0.5700000000000001,,0.0,0,False
2026-02-23 16:05:00+00:00,,,,,,,,0.5700000000000001,0.5700000000000001,,0.0,0,False
2026-02-23 16:05:30+00:00,,,,,,,,0.5700000000000001,0.5700000000000001,,0.0,0,False
2026-02-23 16:06:00+00:00,,,,,,,,0.5700000000000001,0.5700000000000001,,0.0,0,False
2026-02-23 16:06:30+00:00,,,,,,,,0.5700000000000001,0.5700000000000001,,0.0,0,False
2026-02-23 16:07:00+00:00,,,,,,,,0.5700000000000001,0.5700000000000001,,0.0,0,False
2026-02-23 16:07:30+00:00,,,,,,,,0.5700000000000001,0.5700000000000001,,0.0,0,False
2026-02-23 16:08:00+00:00,,,,,,,,0.5700000000000001,0.5700000000000001,,0.0,0,False
2026-02-23 16:08:30+00:00,,,,,,,,0.6,0.6,,16.0,1,False
2026-02-23 16:09:00+00:00,,,,,,,,0.6,0.6,,0.0,0,False
2026-02-23 16:09:30+00:00,,,,,,,,0.6,0.6,,0.0,0,False
2026-02-23 16:10:00+00:00,,,,,,,,0.6,0.6,,0.0,0,False
2026-02-23 16:10:30+00:00,,,,,,,,0.6,0.6,,0.0,0,False
2026-02-23 16:11:00+00:00,,,,,,,,0.6,0.6,,0.0,0,False
2026-02-23 16:11:30+00:00,,,,,,,,0.6,0.6,,0.0,0,False
2026-02-23 16:12:00+00:00,,,,,,,,0.6,0.6,,0.0,0,False
2026-02-23 16:12:30+00:00,,,,,,,,0.6,0.6,,0.0,0,False
2026-02-23 16:13:00+00:00,,,,,,,,0.6,0.6,,161.0,1,False
2026-02-23 16:13:30+00:00,,,,,,,,0.6,0.6,,0.0,0,False
2026-02-23 16:14:00+00:00,,,,,,,,0.6,0.6,,16.0,1,False
2026-02-23 16:14:30+00:00,,,,,,,,0.6,0.6,,0.0,0,False
2026-02-23 16:15:00+00:00,,,,,,,,0.6,0.6,,0.0,0,False
2026-02-23 16:15:30+00:00,,,,,,,,0.6,0.6,,16.0,1,False
2026-02-23 16:16:00+00:00,,,,,,,,0.6,0.6,,0.0,0,False
2026-02-23 16:16:30+00:00,,,,,,,,0.6,0.6,,0.0,0,False
2026-02-23 16:17:00+00:00,,,,,,,,0.6,0.6,,0.0,0,False
2026-02-23 16:17:30+00:00,,,,,,,,0.6,0.6,,40.0,1,False
2026-02-23 16:18:00+00:00,,,,,,,,0.6,0.6,,0.0,0,False
2026-02-23 16:18:30+00:00,,,,,,,,0.6,0.6,,0.0,0,False
2026-02-23 16:19:00+00:00,,,,,,,,0.6,0.6,,0.0,0,False
2026-02-23 16:19:30+00:00,,,,,,,,0.6,0.6,,0.0,0,False
2026-02-23 16:20:00+00:00,,,,,,,,0.6,0.6,,16.0,1,False
2026-02-23 16:20:30+00:00,,,,,,,,0.6,0.6,,0.0,0,False
2026-02-23 16:21:00+00:00,,,,,,,,0.5982352941176471,0.5700000000000001,,34.0,2,False
2026-02-23 16:21:30+00:00,,,,,,,,0.6,0.6,,8.0,1,False
2026-02-23 16:22:00+00:00,,,,,,,,0.6,0.6,,0.0,0,False
2026-02-23 16:22:30+00:00,,,,,,,,0.6,0.6,,0.0,0,False
2026-02-23 16:23:00+00:00,,,,,,,,0.6,0.6,,0.0,0,False
2026-02-23 16:23:30+00:00,,,,,,,,0.6,0.6,,0.0,0,False
2026-02-23 16:24:00+00:00,,,,,,,,0.6,0.6,,0.0,0,False
2026-02-23 16:24:30+00:00,,,,,,,,0.6,0.6,,24.0,2,False
2026-02-23 16:25:00+00:00,,,,,,,,0.6,0.6,,0.0,0,False
2026-02-23 16:25:30+00:00,,,,,,,,0.6,0.6,,0.0,0,False
2026-02-23 16:26:00+00:00,,,,,,,,0.6,0.6,,0.0,0,False
2026-02-23 16:26:30+00:00,,,,,,,,0.6,0.6,,0.0,0,False
2026-02-23 16:27:00+00:00,,,,,,,,0.6,0.6,,0.0,0,False
2026-02-23 16:27:30+00:00,,,,,,,,0.6,0.6,,64.0,1,False
2026-02-23 16:28:00+00:00,,,,,,,,0.6,0.6,,0.0,0,False
2026-02-23 16:28:30+00:00,,,,,,,,0.6,0.6,,25.0,1,False
2026-02-23 16:29:00+00:00,,,,,,,,0.6,0.6,,0.0,0,False
2026-02-23 16:29:30+00:00,,,,,,,,0.6,0.6,,0.0,0,False
2026-02-23 16:30:00+00:00,,,,,,,,0.6,0.6,,0.0,0,False
2026-02-23 16:30:30+00:00,,,,,,,,0.6,0.6,,0.0,0,False
2026-02-23 16:31:00+00:00,,,,,,,,0.6,0.6,,0.0,0,False
2026-02-23 16:31:30+00:00,,,,,,,,0.6,0.6,,0.0,0,False
2026-02-23 16:32:00+00:00,,,,,,,,0.6,0.6,,0.0,0,False
2026-02-23 16:32:30+00:00,,,,,,,,0.6,0.6,,0.0,0,False
2026-02-23 16:33:00+00:00,,,,,,,,0.6,0.6,,0.0,0,False
2026-02-23 16:33:30+00:00,,,,,,,,0.6,0.6,,0.0,0,False
2026-02-23 16:34:00+00:00,,,,,,,,0.6,0.6,,12.0,1,False
2026-02-23 16:34:30+00:00,,,,,,,,0.6,0.6,,0.0,0,False
2026-02-23 16:35:00+00:00,,,,,,,,0.6,0.6,,972.0,1,False
2026-02-23 16:35:30+00:00,,,,,,,,0.6,0.6,,0.0,0,False
2026-02-23 16:36:00+00:00,,,,,,,,0.6,0.6,,0.0,0,False
2026-02-23 16:36:30+00:00,,,,,,,,0.6,0.6,,0.0,0,False
2026-02-23 16:37:00+00:00,,,,,,,,0.6,0.6,,0.0,0,False
2026-02-23 16:37:30+00:00,,,,,,,,0.6,0.6,,0.0,0,False
2026-02-23 16:38:00+00:00,,,,,,,,0.6,0.6,,0.0,0,False
2026-02-23 16:38:30+00:00,,,,,,,,0.6,0.6,,0.0,0,False
2026-02-23 16:39:00+00:00,,,,,,,,0.6,0.6,,0.0,0,False
2026-02-23 16:39:30+00:00,,,,,,,,0.6,0.6,,0.0,0,False
2026-02-23 16:40:00+00:00,,,,,,,,0.6,0.6,,0.0,0,False
2026-02-23 16:40:30+00:00,,,,,,,,0.6,0.6,,0.0,0,False
2026-02-23 16:41:00+00:00,,,,,,,,0.6,0.6,,100.0,1,False
2026-02-23 16:41:30+00:00,,,,,,,,0.6,0.6,,0.0,0,False
2026-02-23 16:42:00+00:00,,,,,,,,0.6,0.6,,3.0,1,False
2026-02-23 16:42:30+00:00,,,,,,,,0.6,0.6,,0.0,0,False
2026-02-23 16:43:00+00:00,,,,,,,,0.6,0.6,,2.0,1,False
2026-02-23 16:43:30+00:00,,,,,,,,0.6,0.6,,0.0,0,False
2026-02-23 16:44:00+00:00,,,,,,,,0.6,0.6,,0.0,0,False
2026-02-23 16:44:30+00:00,,,,,,,,0.6,0.6,,0.0,0,False
2026-02-23 16:45:00+00:00,,,,,,,,0.6,0.6,,1.0,1,False
2026-02-23 16:45:30+00:00,,,,,,,,0.6,0.6,,0.0,0,False
2026-02-23 16:46:00+00:00,,,,,,,,0.6,0.6,,0.0,0,False
2026-02-23 16:46:30+00:00,,,,,,,,0.6,0.6,,0.0,0,False
2026-02-23 16:47:00+00:00,,,,,,,,0.6,0.6,,0.0,0,False
2026-02-23 16:47:30+00:00,,,,,,,,0.6,0.6,,0.0,0,False
2026-02-23 16:48:00+00:00,,,,,,,,0.6,0.6,,0.0,0,False
2026-02-23 16:48:30+00:00,,,,,,,,0.59,0.59,,6.0,1,False
2026-02-23 16:49:00+00:00,,,,,,,,0.59,0.59,,0.0,0,False
2026-02-23 16:49:30+00:00,,,,,,,,0.59,0.59,,0.0,0,False
2026-02-23 16:50:00+00:00,,,,,,,,0.59,0.59,,0.0,0,False
2026-02-23 16:50:30+00:00,,,,,,,,0.59,0.59,,0.0,0,False
2026-02-23 16:51:00+00:00,,,,,,,,0.59,0.59,,0.0,0,False
2026-02-23 16:51:30+00:00,,,,,,,,0.59,0.59,,0.0,0,False
2026-02-23 16:52:00+00:00,,,,,,,,0.59,0.59,,0.0,0,False
2026-02-23 16:52:30+00:00,,,,,,,,0.59,0.59,,0.0,0,False
2026-02-23 16:53:00+00:00,,,,,,,,0.59,0.59,,0.0,0,False
2026-02-23 16:53:30+00:00,,,,,,,,0.59,0.59,,0.0,0,False
2026-02-23 16:54:00+00:00,,,,,,,,0.59,0.59,,0.0,0,False
2026-02-23 16:54:30+00:00,,,,,,,,0.59,0.59,,0.0,0,False
2026-02-23 16:55:00+00:00,,,,,,,,0.59,0.59,,0.0,0,False
2026-02-23 16:55:30+00:00,,,,,,,,0.59,0.59,,8.0,1,False
2026-02-23 16:56:00+00:00,,,,,,,,0.59,0.59,,16.0,1,False
2026-02-23 16:56:30+00:00,,,,,,,,0.59,0.59,,0.0,0,False
2026-02-23 16:57:00+00:00,,,,,,,,0.59,0.59,,8.0,1,False
2026-02-23 16:57:30+00:00,,,,,,,,0.59,0.59,,0.0,0,False
2026-02-23 16:58:00+00:00,,,,,,,,0.59,0.59,,0.0,0,False
2026-02-23 16:58:30+00:00,,,,,,,,0.59,0.59,,0.0,0,False
2026-02-23 16:59:00+00:00,,,,,,,,0.5719359331476322,0.57,,718.0,8,False
2026-02-23 16:59:30+00:00,,,,,,,,0.57,0.57,,8.0,1,False
2026-02-23 17:00:00+00:00,,,,,,,,0.57,0.57,,1.0,1,False
2026-02-23 17:00:30+00:00,,,,,,,,0.57,0.57,,33.0,1,False
2026-02-23 17:01:00+00:00,,,,,,,,0.57,0.57,,0.0,0,False
2026-02-23 17:01:30+00:00,,,,,,,,0.57,0.57,,0.0,0,False
2026-02-23 17:02:00+00:00,,,,,,,,0.57,0.57,,0.0,0,False
2026-02-23 17:02:30+00:00,,,,,,,,0.57,0.57,,0.0,0,False
2026-02-23 17:03:00+00:00,,,,,,,,0.57,0.57,,0.0,0,False
2026-02-23 17:03:30+00:00,,,,,,,,0.57,0.57,,0.0,0,False
2026-02-23 17:04:00+00:00,,,,,,,,0.57,0.57,,0.0,0,False
2026-02-23 17:04:30+00:00,,,,,,,,0.5608849783218568,0.56,,3921.0,11,False
2026-02-23 17:05:00+00:00,,,,,,,,0.5494720496894411,0.54,,966.0,8,False
2026-02-23 17:05:30+00:00,,,,,,,,0.56,0.56,,20.0,1,False
2026-02-23 17:06:00+00:00,,,,,,,,0.56,0.56,,0.0,0,False
2026-02-23 17:06:30+00:00,,,,,,,,0.56,0.56,,0.0,0,False
2026-02-23 17:07:00+00:00,,,,,,,,0.56,0.56,,0.0,0,False
2026-02-23 17:07:30+00:00,,,,,,,,0.55,0.55,,10.0,1,False
2026-02-23 17:08:00+00:00,,,,,,,,0.55,0.55,,0.0,0,False
2026-02-23 17:08:30+00:00,,,,,,,,0.55,0.55,,0.0,0,False
2026-02-23 17:09:00+00:00,,,,,,,,0.55,0.55,,0.0,0,False
2026-02-23 17:09:30+00:00,,,,,,,,0.55,0.55,,14.0,2,False
2026-02-23 17:10:00+00:00,,,,,,,,0.55,0.55,,0.0,0,False
2026-02-23 17:10:30+00:00,,,,,,,,0.55,0.55,,0.0,0,False
2026-02-23 17:11:00+00:00,,,,,,,,0.55,0.55,,0.0,0,False
2026-02-23 17:11:30+00:00,,,,,,,,0.55,0.55,,0.0,0,False
2026-02-23 17:12:00+00:00,,,,,,,,0.55,0.55,,0.0,0,False
2026-02-23 17:12:30+00:00,,,,,,,,0.55,0.55,,0.0,0,False
2026-02-23 17:13:00+00:00,,,,,,,,0.55,0.55,,134.0,2,False
2026-02-23 17:13:30+00:00,,,,,,,,0.55,0.55,,0.0,0,False
2026-02-23 17:14:00+00:00,,,,,,,,0.55,0.55,,0.0,0,False
2026-02-23 17:14:30+00:00,,,,,,,,0.56,0.56,,87.0,2,False
2026-02-23 17:15:00+00:00,,,,,,,,0.56,0.56,,0.0,0,False
2026-02-23 17:15:30+00:00,,,,,,,,0.56,0.56,,0.0,0,False
2026-02-23 17:16:00+00:00,,,,,,,,0.56,0.56,,0.0,0,False
2026-02-23 17:16:30+00:00,,,,,,,,0.56,0.56,,0.0,0,False
2026-02-23 17:17:00+00:00,,,,,,,,0.56,0.56,,0.0,0,False
2026-02-23 17:17:30+00:00,,,,,,,,0.56,0.56,,0.0,0,False
2026-02-23 17:18:00+00:00,,,,,,,,0.56,0.56,,0.0,0,False
2026-02-23 17:18:30+00:00,,,,,,,,0.56,0.56,,0.0,0,False
2026-02-23 17:19:00+00:00,,,,,,,,0.55,0.55,,17.0,1,False
2026-02-23 17:19:30+00:00,,,,,,,,0.54,0.54,,1.0,1,False
2026-02-23 17:20:00+00:00,,,,,,,,0.55,0.55,,5.0,1,False
2026-02-23 17:20:30+00:00,,,,,,,,0.55,0.55,,9.0,1,False
2026-02-23 17:21:00+00:00,,,,,,,,0.55,0.55,,8.0,1,False
2026-02-23 17:21:30+00:00,,,,,,,,0.55,0.55,,0.0,0,False
2026-02-23 17:22:00+00:00,,,,,,,,0.55,0.55,,0.0,0,False
2026-02-23 17:22:30+00:00,,,,,,,,0.55,0.55,,0.0,0,False
2026-02-23 17:23:00+00:00,,,,,,,,0.55,0.55,,0.0,0,False
2026-02-23 17:23:30+00:00,,,,,,,,0.55,0.55,,216.0,2,False
2026-02-23 17:24:00+00:00,,,,,,,,0.55,0.55,,0.0,0,False
2026-02-23 17:24:30+00:00,,,,,,,,0.55,0.55,,0.0,0,False
2026-02-23 17:25:00+00:00,,,,,,,,0.55,0.55,,44.0,1,False
2026-02-23 17:25:30+00:00,,,,,,,,0.55,0.55,,0.0,0,False
2026-02-23 17:26:00+00:00,,,,,,,,0.55,0.55,,0.0,0,False
2026-02-23 17:26:30+00:00,,,,,,,,0.55,0.55,,0.0,0,False
2026-02-23 17:27:00+00:00,,,,,,,,0.55,0.55,,0.0,0,False
2026-02-23 17:27:30+00:00,,,,,,,,0.55,0.55,,10.0,1,False
2026-02-23 17:28:00+00:00,,,,,,,,0.55,0.55,,0.0,0,False
2026-02-23 17:28:30+00:00,,,,,,,,0.55,0.55,,0.0,0,False
2026-02-23 17:29:00+00:00,,,,,,,,0.55,0.55,,0.0,0,False
2026-02-23 17:29:30+00:00,,,,,,,,0.55,0.55,,2.0,1,False
2026-02-23 17:30:00+00:00,,,,,,,,0.55,0.55,,0.0,0,False
2026-02-23 17:30:30+00:00,,,,,,,,0.55,0.55,,0.0,0,False
2026-02-23 17:31:00+00:00,,,,,,,,0.55,0.55,,8.0,1,False
2026-02-23 17:31:30+00:00,,,,,,,,0.55,0.55,,0.0,0,False
2026-02-23 17:32:00+00:00,,,,,,,,0.55,0.55,,0.0,0,False
2026-02-23 17:32:30+00:00,,,,,,,,0.55,0.55,,654.0,1,False
2026-02-23 17:33:00+00:00,,,,,,,,0.55,0.55,,0.0,0,False
2026-02-23 17:33:30+00:00,,,,,,,,0.55,0.55,,5.0,1,False
2026-02-23 17:34:00+00:00,,,,,,,,0.55,0.55,,0.0,0,False
2026-02-23 17:34:30+00:00,,,,,,,,0.55,0.55,,0.0,0,False
2026-02-23 17:35:00+00:00,,,,,,,,0.55,0.55,,0.0,0,False
2026-02-23 17:35:30+00:00,,,,,,,,0.55,0.55,,0.0,0,False
2026-02-23 17:36:00+00:00,,,,,,,,0.55,0.55,,0.0,0,False
2026-02-23 17:36:30+00:00,,,,,,,,0.55,0.55,,27.0,1,False
2026-02-23 17:37:00+00:00,,,,,,,,0.55,0.55,,0.0,0,False
2026-02-23 17:37:30+00:00,,,,,,,,0.55,0.55,,0.0,0,False
2026-02-23 17:38:00+00:00,,,,,,,,0.55,0.55,,0.0,0,False
2026-02-23 17:38:30+00:00,,,,,,,,0.55,0.55,,0.0,0,False
2026-02-23 17:39:00+00:00,,,,,,,,0.55,0.55,,0.0,0,False
2026-02-23 17:39:30+00:00,,,,,,,,0.55,0.55,,0.0,0,False
2026-02-23 17:40:00+00:00,,,,,,,,0.55,0.55,,0.0,0,False
2026-02-23 17:40:30+00:00,,,,,,,,0.55,0.55,,13.0,1,False
2026-02-23 17:41:00+00:00,,,,,,,,0.55,0.55,,0.0,0,False
2026-02-23 17:41:30+00:00,,,,,,,,0.55,0.55,,0.0,0,False
2026-02-23 17:42:00+00:00,,,,,,,,0.55,0.55,,0.0,0,False
2026-02-23 17:42:30+00:00,,,,,,,,0.55,0.55,,0.0,0,False
2026-02-23 17:43:00+00:00,,,,,,,,0.55,0.55,,0.0,0,False
2026-02-23 17:43:30+00:00,,,,,,,,0.55,0.55,,0.0,0,False
2026-02-23 17:44:00+00:00,,,,,,,,0.55,0.55,,0.0,0,False
2026-02-23 17:44:30+00:00,,,,,,,,0.55,0.55,,0.0,0,False
2026-02-23 17:45:00+00:00,,,,,,,,0.55,0.55,,0.0,0,False
2026-02-23 17:45:30+00:00,,,,,,,,0.55,0.55,,0.0,0,False
2026-02-23 17:46:00+00:00,,,,,,,,0.55,0.55,,0.0,0,False
2026-02-23 17:46:30+00:00,,,,,,,,0.55,0.55,,0.0,0,False
2026-02-23 17:47:00+00:00,,,,,,,,0.55,0.55,,175.0,1,False
2026-02-23 17:47:30+00:00,,,,,,,,0.55,0.55,,0.0,0,False
2026-02-23 17:48:00+00:00,,,,,,,,0.55,0.55,,0.0,0,False
2026-02-23 17:48:30+00:00,,,,,,,,0.55,0.55,,0.0,0,False
2026-02-23 17:49:00+00:00,,,,,,,,0.55,0.55,,26.0,1,False
2026-02-23 17:49:30+00:00,,,,,,,,0.55,0.55,,0.0,0,False
2026-02-23 17:50:00+00:00,,,,,,,,0.55,0.55,,0.0,0,False
2026-02-23 17:50:30+00:00,,,,,,,,0.55,0.55,,17.0,1,False
2026-02-23 17:51:00+00:00,,,,,,,,0.54,0.54,,55.0,2,False
2026-02-23 17:51:30+00:00,,,,,,,,0.54,0.54,,0.0,0,False
2026-02-23 17:52:00+00:00,,,,,,,,0.5399999999999999,0.54,,316.0,3,False
2026-02-23 17:52:30+00:00,,,,,,,,0.5399999999999999,0.54,,0.0,0,False
2026-02-23 17:53:00+00:00,,,,,,,,0.5400000000000001,0.54,,268.0,2,False
2026-02-23 17:53:30+00:00,,,,,,,,0.54,0.54,,8.0,1,False
2026-02-23 17:54:00+00:00,,,,,,,,0.54,0.54,,0.0,0,False
2026-02-23 17:54:30+00:00,,,,,,,,0.55,0.55,,641.0,1,False
2026-02-23 17:55:00+00:00,,,,,,,,0.54,0.54,,2135.0,2,False
2026-02-23 17:55:30+00:00,,,,,,,,0.54,0.54,,0.0,0,False
2026-02-23 17:56:00+00:00,,,,,,,,0.54,0.54,,0.0,0,False
2026-02-23 17:56:30+00:00,,,,,,,,0.55,0.55,,12.0,1,False
2026-02-23 17:57:00+00:00,,,,,,,,0.55,0.55,,0.0,0,False
2026-02-23 17:57:30+00:00,,,,,,,,0.55,0.55,,25.0,1,False
2026-02-23 17:58:00+00:00,,,,,,,,0.55,0.55,,0.0,0,False
2026-02-23 17:58:30+00:00,,,,,,,,0.55,0.55,,0.0,0,False
2026-02-23 17:59:00+00:00,,,,,,,,0.55,0.55,,0.0,0,False
2026-02-23 17:59:30+00:00,,,,,,,,0.55,0.55,,2.0,1,False
2026-02-23 18:00:00+00:00,,,,,,,,0.55,0.55,,0.0,0,False
2026-02-23 18:00:30+00:00,,,,,,,,0.55,0.55,,0.0,0,False
2026-02-23 18:01:00+00:00,,,,,,,,0.55,0.55,,0.0,0,False
2026-02-23 18:01:30+00:00,,,,,,,,0.55,0.55,,23.0,1,False
2026-02-23 18:02:00+00:00,,,,,,,,0.55,0.55,,0.0,0,False
2026-02-23 18:02:30+00:00,,,,,,,,0.55,0.55,,8.0,1,False
2026-02-23 18:03:00+00:00,,,,,,,,0.55,0.55,,8.0,1,False
2026-02-23 18:03:30+00:00,,,,,,,,0.55,0.55,,0.0,0,False
2026-02-23 18:04:00+00:00,,,,,,,,0.55,0.55,,0.0,0,False
2026-02-23 18:04:30+00:00,,,,,,,,0.55,0.55,,0.0,0,False
2026-02-23 18:05:00+00:00,,,,,,,,0.55,0.55,,0.0,0,False
2026-02-23 18:05:30+00:00,,,,,,,,0.55,0.55,,0.0,0,False
2026-02-23 18:06:00+00:00,,,,,,,,0.55,0.55,,0.0,0,False
2026-02-23 18:06:30+00:00,,,,,,,,0.55,0.55,,0.0,0,False
2026-02-23 18:07:00+00:00,,,,,,,,0.55,0.55,,0.0,0,False
2026-02-23 18:07:30+00:00,,,,,,,,0.55,0.55,,0.0,0,False
2026-02-23 18:08:00+00:00,,,,,,,,0.55,0.55,,0.0,0,False
2026-02-23 18:08:30+00:00,,,,,,,,0.55,0.55,,0.0,0,False
2026-02-23 18:09:00+00:00,,,,,,,,0.55,0.55,,0.0,0,False
2026-02-23 18:09:30+00:00,,,,,,,,0.55,0.55,,0.0,0,False
2026-02-23 18:10:00+00:00,,,,,,,,0.55,0.55,,0.0,0,False
2026-02-23 18:10:30+00:00,,,,,,,,0.55,0.55,,0.0,0,False
2026-02-23 18:11:00+00:00,,,,,,,,0.55,0.55,,0.0,0,False
2026-02-23 18:11:30+00:00,,,,,,,,0.55,0.55,,0.0,0,False
2026-02-23 18:12:00+00:00,,,,,,,,0.55,0.55,,8.0,1,False
2026-02-23 18:12:30+00:00,,,,,,,,0.55,0.55,,0.0,0,False
2026-02-23 18:13:00+00:00,,,,,,,,0.55,0.55,,0.0,0,False
2026-02-23 18:13:30+00:00,,,,,,,,0.55,0.55,,0.0,0,False
2026-02-23 18:14:00+00:00,,,,,,,,0.55,0.55,,0.0,0,False
2026-02-23 18:14:30+00:00,,,,,,,,0.55,0.55,,44.0,1,False
2026-02-23 18:15:00+00:00,,,,,,,,0.55,0.55,,0.0,0,False
2026-02-23 18:15:30+00:00,,,,,,,,0.55,0.55,,0.0,0,False
2026-02-23 18:16:00+00:00,,,,,,,,0.55,0.55,,0.0,0,False
2026-02-23 18:16:30+00:00,,,,,,,,0.55,0.55,,0.0,0,False
2026-02-23 18:17:00+00:00,,,,,,,,0.55,0.55,,0.0,0,False
2026-02-23 18:17:30+00:00,,,,,,,,0.55,0.55,,0.0,0,False
2026-02-23 18:18:00+00:00,,,,,,,,0.55,0.55,,0.0,0,False
2026-02-23 18:18:30+00:00,,,,,,,,0.55,0.55,,0.0,0,False
2026-02-23 18:19:00+00:00,,,,,,,,0.55,0.55,,0.0,0,False
2026-02-23 18:19:30+00:00,,,,,,,,0.55,0.55,,7.0,1,False
2026-02-23 18:20:00+00:00,,,,,,,,0.55,0.55,,1.0,1,False
2026-02-23 18:20:30+00:00,,,,,,,,0.55,0.55,,0.0,0,False
2026-02-23 18:21:00+00:00,,,,,,,,0.55,0.55,,0.0,0,False
2026-02-23 18:21:30+00:00,,,,,,,,0.55,0.55,,0.0,0,False
2026-02-23 18:22:00+00:00,,,,,,,,0.55,0.55,,0.0,0,False
2026-02-23 18:22:30+00:00,,,,,,,,0.55,0.55,,0.0,0,False
2026-02-23 18:23:00+00:00,,,,,,,,0.55,0.55,,1.0,1,False
2026-02-23 18:23:30+00:00,,,,,,,,0.55,0.55,,0.0,0,False
2026-02-23 18:24:00+00:00,,,,,,,,0.55,0.55,,0.0,0,False
2026-02-23 18:24:30+00:00,,,,,,,,0.55,0.55,,0.0,0,False
2026-02-23 18:25:00+00:00,,,,,,,,0.55,0.55,,0.0,0,False
2026-02-23 18:25:30+00:00,,,,,,,,0.55,0.55,,10.0,1,False
2026-02-23 18:26:00+00:00,,,,,,,,0.55,0.55,,0.0,0,False
2026-02-23 18:26:30+00:00,,,,,,,,0.55,0.55,,17.0,1,False
2026-02-23 18:27:00+00:00,,,,,,,,0.55,0.55,,0.0,0,False
2026-02-23 18:27:30+00:00,,,,,,,,0.5493503480278422,0.54,,431.0,11,False
2026-02-23 18:28:00+00:00,,,,,,,,0.5337580993520519,0.55,,463.0,4,False
2026-02-23 18:28:30+00:00,,,,,,,,0.5337580993520519,0.55,,0.0,0,False
2026-02-23 18:29:00+00:00,,,,,,,,0.5337580993520519,0.55,,0.0,0,False
2026-02-23 18:29:30+00:00,,,,,,,,0.54,0.54,,41.0,1,False
2026-02-23 18:30:00+00:00,,,,,,,,0.54,0.54,,0.0,0,False
2026-02-23 18:30:30+00:00,,,,,,,,0.54,0.54,,0.0,0,False
2026-02-23 18:31:00+00:00,,,,,,,,0.55,0.55,,1193.0,3,False
2026-02-23 18:31:30+00:00,,,,,,,,0.55,0.55,,0.0,0,False
2026-02-23 18:32:00+00:00,,,,,,,,0.55,0.55,,52.0,1,False
2026-02-23 18:32:30+00:00,,,,,,,,0.55,0.55,,0.0,0,False
2026-02-23 18:33:00+00:00,,,,,,,,0.55,0.55,,0.0,0,False
2026-02-23 18:33:30+00:00,,,,,,,,0.55,0.55,,10.0,1,False
2026-02-23 18:34:00+00:00,,,,,,,,0.55,0.55,,0.0,0,False
2026-02-23 18:34:30+00:00,,,,,,,,0.55,0.55,,0.0,0,False
2026-02-23 18:35:00+00:00,,,,,,,,0.55,0.55,,0.0,0,False
2026-02-23 18:35:30+00:00,,,,,,,,0.55,0.55,,0.0,0,False
2026-02-23 18:36:00+00:00,,,,,,,,0.55,0.55,,0.0,0,False
2026-02-23 18:36:30+00:00,,,,,,,,0.55,0.55,,0.0,0,False
2026-02-23 18:37:00+00:00,,,,,,,,0.55,0.55,,0.0,0,False
2026-02-23 18:37:30+00:00,,,,,,,,0.55,0.55,,1.0,1,False
2026-02-23 18:38:00+00:00,,,,,,,,0.55,0.55,,0.0,0,False
2026-02-23 18:38:30+00:00,,,,,,,,0.55,0.55,,0.0,0,False
2026-02-23 18:39:00+00:00,,,,,,,,0.55,0.55,,0.0,0,False
2026-02-23 18:39:30+00:00,,,,,,,,0.55,0.55,,0.0,0,False
2026-02-23 18:40:00+00:00,,,,,,,,0.55,0.55,,0.0,0,False
2026-02-23 18:40:30+00:00,,,,,,,,0.55,0.55,,0.0,0,False
2026-02-23 18:41:00+00:00,,,,,,,,0.55,0.55,,0.0,0,False
2026-02-23 18:41:30+00:00,,,,,,,,0.55,0.55,,0.0,0,False
2026-02-23 18:42:00+00:00,,,,,,,,0.55,0.55,,0.0,0,False
2026-02-23 18:42:30+00:00,,,,,,,,0.55,0.55,,0.0,0,False
2026-02-23 18:43:00+00:00,,,,,,,,0.55,0.55,,0.0,0,False
2026-02-23 18:43:30+00:00,,,,,,,,0.55,0.55,,0.0,0,False
2026-02-23 18:44:00+00:00,,,,,,,,0.55,0.55,,0.0,0,False
2026-02-23 18:44:30+00:00,,,,,,,,0.55,0.55,,0.0,0,False
2026-02-23 18:45:00+00:00,,,,,,,,0.55,0.55,,0.0,0,False
2026-02-23 18:45:30+00:00,,,,,,,,0.55,0.55,,0.0,0,False
2026-02-23 18:46:00+00:00,,,,,,,,0.55,0.55,,27.0,2,False
2026-02-23 18:46:30+00:00,,,,,,,,0.55,0.55,,8.0,1,False
2026-02-23 18:47:00+00:00,,,,,,,,0.55,0.55,,0.0,0,False
2026-02-23 18:47:30+00:00,,,,,,,,0.55,0.55,,0.0,0,False
2026-02-23 18:48:00+00:00,,,,,,,,0.55,0.55,,17.0,1,False
2026-02-23 18:48:30+00:00,,,,,,,,0.55,0.55,,0.0,0,False
2026-02-23 18:49:00+00:00,,,,,,,,0.55,0.55,,0.0,0,False
2026-02-23 18:49:30+00:00,,,,,,,,0.55,0.55,,40.0,1,False
2026-02-23 18:50:00+00:00,,,,,,,,0.55,0.55,,0.0,0,False
2026-02-23 18:50:30+00:00,,,,,,,,0.55,0.55,,0.0,0,False
2026-02-23 18:51:00+00:00,,,,,,,,0.55,0.55,,0.0,0,False
2026-02-23 18:51:30+00:00,,,,,,,,0.55,0.55,,0.0,0,False
2026-02-23 18:52:00+00:00,,,,,,,,0.55,0.55,,5.0,2,False
2026-02-23 18:52:30+00:00,,,,,,,,0.55,0.55,,300.0,1,False
2026-02-23 18:53:00+00:00,,,,,,,,0.55,0.55,,0.0,0,False
2026-02-23 18:53:30+00:00,,,,,,,,0.55,0.55,,9.0,1,False
2026-02-23 18:54:00+00:00,,,,,,,,0.55,0.55,,0.0,0,False
2026-02-23 18:54:30+00:00,,,,,,,,0.55,0.55,,0.0,0,False
2026-02-23 18:55:00+00:00,,,,,,,,0.55,0.55,,0.0,0,False
2026-02-23 18:55:30+00:00,,,,,,,,0.55,0.55,,35.0,1,False
2026-02-23 18:56:00+00:00,,,,,,,,0.55,0.55,,0.0,0,False
2026-02-23 18:56:30+00:00,,,,,,,,0.55,0.55,,17.0,1,False
2026-02-23 18:57:00+00:00,,,,,,,,0.5507339449541285,0.5700000000000001,,218.0,2,False
2026-02-23 18:57:30+00:00,,,,,,,,0.5507339449541285,0.5700000000000001,,0.0,0,False
2026-02-23 18:58:00+00:00,,,,,,,,0.55,0.55,,19.0,1,False
2026-02-23 18:58:30+00:00,,,,,,,,0.55,0.55,,6.0,1,False
2026-02-23 18:59:00+00:00,,,,,,,,0.55,0.55,,0.0,0,False
2026-02-23 18:59:30+00:00,,,,,,,,0.55,0.55,,0.0,0,False
2026-02-23 19:00:00+00:00,,,,,,,,0.55,0.55,,0.0,0,False
2026-02-23 19:00:30+00:00,,,,,,,,0.55,0.55,,0.0,0,False
2026-02-23 19:01:00+00:00,,,,,,,,0.55,0.55,,0.0,0,False
2026-02-23 19:01:30+00:00,,,,,,,,0.55,0.55,,0.0,0,False
2026-02-23 19:02:00+00:00,,,,,,,,0.55,0.55,,0.0,0,False
2026-02-23 19:02:30+00:00,,,,,,,,0.55,0.55,,0.0,0,False
2026-02-23 19:03:00+00:00,,,,,,,,0.55,0.55,,0.0,0,False
2026-02-23 19:03:30+00:00,,,,,,,,0.55,0.55,,0.0,0,False
2026-02-23 19:04:00+00:00,,,,,,,,0.55,0.55,,0.0,0,False
2026-02-23 19:04:30+00:00,,,,,,,,0.55,0.55,,0.0,0,False
2026-02-23 19:05:00+00:00,,,,,,,,0.55,0.55,,0.0,0,False
2026-02-23 19:05:30+00:00,,,,,,,,0.55,0.55,,0.0,0,False
2026-02-23 19:06:00+00:00,,,,,,,,0.55,0.55,,0.0,0,False
2026-02-23 19:06:30+00:00,,,,,,,,0.55,0.55,,0.0,0,False
2026-02-23 19:07:00+00:00,,,,,,,,0.55,0.55,,3.0,1,False
2026-02-23 19:07:30+00:00,,,,,,,,0.55,0.55,,8.0,1,False
2026-02-23 19:08:00+00:00,,,,,,,,0.5432692307692308,0.54,,52.0,2,False
2026-02-23 19:08:30+00:00,,,,,,,,0.5432692307692308,0.54,,0.0,0,False
2026-02-23 19:09:00+00:00,,,,,,,,0.5432692307692308,0.54,,0.0,0,False
2026-02-23 19:09:30+00:00,,,,,,,,0.5432692307692308,0.54,,0.0,0,False
2026-02-23 19:10:00+00:00,,,,,,,,0.5432692307692308,0.54,,0.0,0,False
2026-02-23 19:10:30+00:00,,,,,,,,0.5432692307692308,0.54,,0.0,0,False
2026-02-23 19:11:00+00:00,,,,,,,,0.5432692307692308,0.54,,0.0,0,False
2026-02-23 19:11:30+00:00,,,,,,,,0.5432692307692308,0.54,,0.0,0,False
2026-02-23 19:12:00+00:00,,,,,,,,0.5432692307692308,0.54,,0.0,0,False
2026-02-23 19:12:30+00:00,,,,,,,,0.5432692307692308,0.54,,0.0,0,False
2026-02-23 19:13:00+00:00,,,,,,,,0.5432692307692308,0.54,,0.0,0,False
2026-02-23 19:13:30+00:00,,,,,,,,0.55,0.55,,2.0,1,False
2026-02-23 19:14:00+00:00,,,,,,,,0.55,0.55,,0.0,0,False
2026-02-23 19:14:30+00:00,,,,,,,,0.57,0.57,,200.0,2,False
2026-02-23 19:15:00+00:00,,,,,,,,0.57,0.57,,0.0,0,False
2026-02-23 19:15:30+00:00,,,,,,,,0.57,0.57,,0.0,0,False
2026-02-23 19:16:00+00:00,,,,,,,,0.57,0.57,,0.0,0,False
2026-02-23 19:16:30+00:00,,,,,,,,0.5692857142857142,0.57,,28.0,2,False
2026-02-23 19:17:00+00:00,,,,,,,,0.5692857142857142,0.57,,0.0,0,False
2026-02-23 19:17:30+00:00,,,,,,,,0.5692857142857142,0.57,,0.0,0,False
2026-02-23 19:18:00+00:00,,,,,,,,0.5692857142857142,0.57,,0.0,0,False
2026-02-23 19:18:30+00:00,,,,,,,,0.57,0.57,,42.0,1,False
2026-02-23 19:19:00+00:00,,,,,,,,0.57,0.57,,0.0,0,False
2026-02-23 19:19:30+00:00,,,,,,,,0.540609756097561,0.54,,738.0,5,False
2026-02-23 19:20:00+00:00,,,,,,,,0.540609756097561,0.54,,0.0,0,False
2026-02-23 19:20:30+00:00,,,,,,,,0.540609756097561,0.54,,0.0,0,False
2026-02-23 19:21:00+00:00,,,,,,,,0.540609756097561,0.54,,0.0,0,False
2026-02-23 19:21:30+00:00,,,,,,,,0.540609756097561,0.54,,0.0,0,False
2026-02-23 19:22:00+00:00,,,,,,,,0.540609756097561,0.54,,0.0,0,False
2026-02-23 19:22:30+00:00,,,,,,,,0.540609756097561,0.54,,0.0,0,False
2026-02-23 19:23:00+00:00,,,,,,,,0.540609756097561,0.54,,0.0,0,False
2026-02-23 19:23:30+00:00,,,,,,,,0.540609756097561,0.54,,0.0,0,False
2026-02-23 19:24:00+00:00,,,,,,,,0.540609756097561,0.54,,0.0,0,False
2026-02-23 19:24:30+00:00,,,,,,,,0.540609756097561,0.54,,0.0,0,False
2026-02-23 19:25:00+00:00,,,,,,,,0.5428095238095239,0.54,,210.0,2,False
2026-02-23 19:25:30+00:00,,,,,,,,0.5428095238095239,0.54,,0.0,0,False
2026-02-23 19:26:00+00:00,,,,,,,,0.57,0.57,,6.0,1,False
2026-02-23 19:26:30+00:00,,,,,,,,0.57,0.57,,0.0,0,False
2026-02-23 19:27:00+00:00,,,,,,,,0.57,0.57,,0.0,0,False
2026-02-23 19:27:30+00:00,,,,,,,,0.57,0.57,,0.0,0,False
2026-02-23 19:28:00+00:00,,,,,,,,0.57,0.57,,0.0,0,False
2026-02-23 19:28:30+00:00,,,,,,,,0.57,0.57,,0.0,0,False
2026-02-23 19:29:00+00:00,,,,,,,,0.57,0.57,,0.0,0,False
2026-02-23 19:29:30+00:00,,,,,,,,0.57,0.57,,0.0,0,False
2026-02-23 19:30:00+00:00,,,,,,,,0.57,0.57,,0.0,0,False
2026-02-23 19:30:30+00:00,,,,,,,,0.57,0.57,,0.0,0,False
2026-02-23 19:31:00+00:00,,,,,,,,0.57,0.57,,0.0,0,False
2026-02-23 19:31:30+00:00,,,,,,,,0.57,0.57,,0.0,0,False
2026-02-23 19:32:00+00:00,,,,,,,,0.57,0.57,,0.0,0,False
2026-02-23 19:32:30+00:00,,,,,,,,0.57,0.57,,0.0,0,False
2026-02-23 19:33:00+00:00,,,,,,,,0.57,0.57,,0.0,0,False
2026-02-23 19:33:30+00:00,,,,,,,,0.57,0.57,,0.0,0,False
2026-02-23 19:34:00+00:00,,,,,,,,0.57,0.57,,16.0,1,False
2026-02-23 19:34:30+00:00,,,,,,,,0.57,0.57,,0.0,0,False
2026-02-23 19:35:00+00:00,,,,,,,,0.57,0.57,,0.0,0,False
2026-02-23 19:35:30+00:00,,,,,,,,0.57,0.57,,0.0,0,False
2026-02-23 19:36:00+00:00,,,,,,,,0.57,0.57,,0.0,0,False
2026-02-23 19:36:30+00:00,,,,,,,,0.57,0.57,,0.0,0,False
2026-02-23 19:37:00+00:00,,,,,,,,0.57,0.57,,8.0,1,False
2026-02-23 19:37:30+00:00,,,,,,,,0.57,0.57,,0.0,0,False
2026-02-23 19:38:00+00:00,,,,,,,,0.57,0.57,,0.0,0,False
2026-02-23 19:38:30+00:00,,,,,,,,0.57,0.57,,0.0,0,False
2026-02-23 19:39:00+00:00,,,,,,,,0.57,0.57,,0.0,0,False
2026-02-23 19:39:30+00:00,,,,,,,,0.57,0.57,,0.0,0,False
2026-02-23 19:40:00+00:00,,,,,,,,0.57,0.57,,0.0,0,False
2026-02-23 19:40:30+00:00,,,,,,,,0.57,0.57,,0.0,0,False
2026-02-23 19:41:00+00:00,,,,,,,,0.55,0.55,,21.0,1,False
2026-02-23 19:41:30+00:00,,,,,,,,0.55,0.55,,0.0,0,False
2026-02-23 19:42:00+00:00,,,,,,,,0.55,0.55,,0.0,0,False
2026-02-23 19:42:30+00:00,,,,,,,,0.55,0.55,,0.0,0,False
2026-02-23 19:43:00+00:00,,,,,,,,0.55,0.55,,0.0,0,False
2026-02-23 19:43:30+00:00,,,,,,,,0.55,0.55,,0.0,0,False
2026-02-23 19:44:00+00:00,,,,,,,,0.55,0.55,,0.0,0,False
2026-02-23 19:44:30+00:00,,,,,,,,0.57,0.57,,1.0,1,False
2026-02-23 19:45:00+00:00,,,,,,,,0.57,0.57,,0.0,0,False
2026-02-23 19:45:30+00:00,,,,,,,,0.55,0.55,,10.0,1,False
2026-02-23 19:46:00+00:00,,,,,,,,0.55,0.55,,0.0,0,False
2026-02-23 19:46:30+00:00,,,,,,,,0.55,0.55,,0.0,0,False
2026-02-23 19:47:00+00:00,,,,,,,,0.55,0.55,,0.0,0,False
2026-02-23 19:47:30+00:00,,,,,,,,0.55,0.55,,0.0,0,False
2026-02-23 19:48:00+00:00,,,,,,,,0.55,0.55,,15.0,1,False
2026-02-23 19:48:30+00:00,,,,,,,,0.55,0.55,,0.0,0,False
2026-02-23 19:49:00+00:00,,,,,,,,0.55,0.55,,0.0,0,False
2026-02-23 19:49:30+00:00,,,,,,,,0.55,0.55,,0.0,0,False
2026-02-23 19:50:00+00:00,,,,,,,,0.55,0.55,,0.0,0,False
2026-02-23 19:50:30+00:00,,,,,,,,0.55,0.55,,0.0,0,False
2026-02-23 19:51:00+00:00,,,,,,,,0.55,0.55,,0.0,0,False
2026-02-23 19:51:30+00:00,,,,,,,,0.57,0.57,,254.0,1,False
2026-02-23 19:52:00+00:00,,,,,,,,0.57,0.57,,0.0,0,False
2026-02-23 19:52:30+00:00,,,,,,,,0.57,0.57,,0.0,0,False
2026-02-23 19:53:00+00:00,,,,,,,,0.55,0.55,,44.0,1,False
2026-02-23 19:53:30+00:00,,,,,,,,0.55,0.55,,0.0,0,False
2026-02-23 19:54:00+00:00,,,,,,,,0.55,0.55,,0.0,0,False
2026-02-23 19:54:30+00:00,,,,,,,,0.57,0.57,,25.0,1,False
2026-02-23 19:55:00+00:00,,,,,,,,0.57,0.57,,0.0,0,False
2026-02-23 19:55:30+00:00,,,,,,,,0.57,0.57,,0.0,0,False
2026-02-23 19:56:00+00:00,,,,,,,,0.57,0.57,,0.0,0,False
2026-02-23 19:56:30+00:00,,,,,,,,0.57,0.57,,169.0,1,False
2026-02-23 19:57:00+00:00,,,,,,,,0.57,0.57,,0.0,0,False
2026-02-23 19:57:30+00:00,,,,,,,,0.57,0.57,,0.0,0,False
2026-02-23 19:58:00+00:00,,,,,,,,0.57,0.57,,1.0,1,False
2026-02-23 19:58:30+00:00,,,,,,,,0.57,0.57,,0.0,0,False
2026-02-23 19:59:00+00:00,,,,,,,,0.57,0.57,,0.0,0,False
2026-02-23 19:59:30+00:00,,,,,,,,0.57,0.57,,0.0,0,False
2026-02-23 20:00:00+00:00,,,,,,,,0.57,0.57,,0.0,0,False
2026-02-23 20:00:30+00:00,,,,,,,,0.55,0.55,,10.0,1,False
2026-02-23 20:01:00+00:00,,,,,,,,0.55,0.55,,0.0,0,False
2026-02-23 20:01:30+00:00,,,,,,,,0.55,0.55,,0.0,0,False
2026-02-23 20:02:00+00:00,,,,,,,,0.55,0.55,,0.0,0,False
2026-02-23 20:02:30+00:00,,,,,,,,0.57,0.57,,8.0,1,False
2026-02-23 20:03:00+00:00,,,,,,,,0.57,0.57,,9.0,1,False
2026-02-23 20:03:30+00:00,,,,,,,,0.57,0.57,,0.0,0,False
2026-02-23 20:04:00+00:00,,,,,,,,0.57,0.57,,8.0,1,False
2026-02-23 20:04:30+00:00,,,,,,,,0.57,0.57,,0.0,0,False
2026-02-23 20:05:00+00:00,,,,,,,,0.55,0.55,,20.0,1,False
2026-02-23 20:05:30+00:00,,,,,,,,0.55,0.55,,0.0,0,False
2026-02-23 20:06:00+00:00,,,,,,,,0.55,0.55,,0.0,0,False
2026-02-23 20:06:30+00:00,,,,,,,,0.55,0.55,,0.0,0,False
2026-02-23 20:07:00+00:00,,,,,,,,0.57,0.57,,5.0,1,False
2026-02-23 20:07:30+00:00,,,,,,,,0.57,0.57,,0.0,0,False
2026-02-23 20:08:00+00:00,,,,,,,,0.57,0.57,,0.0,0,False
2026-02-23 20:08:30+00:00,,,,,,,,0.57,0.57,,0.0,0,False
2026-02-23 20:09:00+00:00,,,,,,,,0.57,0.57,,0.0,0,False
2026-02-23 20:09:30+00:00,,,,,,,,0.57,0.57,,0.0,0,False
2026-02-23 20:10:00+00:00,,,,,,,,0.57,0.57,,0.0,0,False
2026-02-23 20:10:30+00:00,,,,,,,,0.57,0.57,,0.0,0,False
2026-02-23 20:11:00+00:00,,,,,,,,0.57,0.57,,0.0,0,False
2026-02-23 20:11:30+00:00,,,,,,,,0.57,0.57,,16.0,1,False
2026-02-23 20:12:00+00:00,,,,,,,,0.57,0.57,,94.0,2,False
2026-02-23 20:12:30+00:00,,,,,,,,0.57,0.57,,0.0,0,False
2026-02-23 20:13:00+00:00,,,,,,,,0.57,0.57,,0.0,0,False
2026-02-23 20:13:30+00:00,,,,,,,,0.57,0.57,,0.0,0,False
2026-02-23 20:14:00+00:00,,,,,,,,0.57,0.57,,0.0,0,False
2026-02-23 20:14:30+00:00,,,,,,,,0.57,0.57,,0.0,0,False
2026-02-23 20:15:00+00:00,,,,,,,,0.57,0.57,,11.0,1,False
2026-02-23 20:15:30+00:00,,,,,,,,0.57,0.57,,0.0,0,False
2026-02-23 20:16:00+00:00,,,,,,,,0.57,0.57,,5.0,1,False
2026-02-23 20:16:30+00:00,,,,,,,,0.57,0.57,,0.0,0,False
2026-02-23 20:17:00+00:00,,,,,,,,0.55,0.55,,4.0,1,False
2026-02-23 20:17:30+00:00,,,,,,,,0.55,0.55,,0.0,0,False
2026-02-23 20:18:00+00:00,,,,,,,,0.55,0.55,,42.0,1,False
2026-02-23 20:18:30+00:00,,,,,,,,0.57,0.57,,25.0,1,False
2026-02-23 20:19:00+00:00,,,,,,,,0.57,0.57,,0.0,0,False
2026-02-23 20:19:30+00:00,,,,,,,,0.57,0.57,,0.0,0,False
2026-02-23 20:20:00+00:00,,,,,,,,0.57,0.57,,0.0,0,False
2026-02-23 20:20:30+00:00,,,,,,,,0.57,0.57,,0.0,0,False
2026-02-23 20:21:00+00:00,,,,,,,,0.57,0.57,,169.0,1,False
2026-02-23 20:21:30+00:00,,,,,,,,0.57,0.57,,68.0,1,False
2026-02-23 20:22:00+00:00,,,,,,,,0.57,0.57,,0.0,0,False
2026-02-23 20:22:30+00:00,,,,,,,,0.57,0.57,,39.0,1,False
2026-02-23 20:23:00+00:00,,,,,,,,0.57,0.57,,0.0,0,False
2026-02-23 20:23:30+00:00,,,,,,,,0.57,0.57,,0.0,0,False
2026-02-23 20:24:00+00:00,,,,,,,,0.57,0.57,,0.0,0,False
2026-02-23 20:24:30+00:00,,,,,,,,0.57,0.57,,0.0,0,False
2026-02-23 20:25:00+00:00,,,,,,,,0.57,0.57,,0.0,0,False
2026-02-23 20:25:30+00:00,,,,,,,,0.57,0.57,,0.0,0,False
2026-02-23 20:26:00+00:00,,,,,,,,0.57,0.57,,0.0,0,False
2026-02-23 20:26:30+00:00,,,,,,,,0.57,0.57,,0.0,0,False
2026-02-23 20:27:00+00:00,,,,,,,,0.57,0.57,,0.0,0,False
2026-02-23 20:27:30+00:00,,,,,,,,0.57,0.57,,0.0,0,False
2026-02-23 20:28:00+00:00,,,,,,,,0.57,0.57,,0.0,0,False
2026-02-23 20:28:30+00:00,,,,,,,,0.57,0.57,,0.0,0,False
2026-02-23 20:29:00+00:00,,,,,,,,0.57,0.57,,3.0,1,False
2026-02-23 20:29:30+00:00,,,,,,,,0.57,0.57,,0.0,0,False
2026-02-23 20:30:00+00:00,,,,,,,,0.57,0.57,,0.0,0,False
2026-02-23 20:30:30+00:00,,,,,,,,0.57,0.57,,0.0,0,False
2026-02-23 20:31:00+00:00,,,,,,,,0.57,0.57,,0.0,0,False
2026-02-23 20:31:30+00:00,,,,,,,,0.57,0.57,,0.0,0,False
2026-02-23 20:32:00+00:00,,,,,,,,0.57,0.57,,0.0,0,False
2026-02-23 20:32:30+00:00,,,,,,,,0.57,0.57,,0.0,0,False
2026-02-23 20:33:00+00:00,,,,,,,,0.57,0.57,,0.0,0,False
2026-02-23 20:33:30+00:00,,,,,,,,0.57,0.57,,0.0,0,False
2026-02-23 20:34:00+00:00,,,,,,,,0.57,0.57,,7.0,1,False
2026-02-23 20:34:30+00:00,,,,,,,,0.57,0.57,,0.0,0,False
2026-02-23 20:35:00+00:00,,,,,,,,0.57,0.57,,0.0,0,False
2026-02-23 20:35:30+00:00,,,,,,,,0.57,0.57,,20.0,1,False
2026-02-23 20:36:00+00:00,,,,,,,,0.57,0.57,,0.0,0,False
2026-02-23 20:36:30+00:00,,,,,,,,0.57,0.57,,0.0,0,False
2026-02-23 20:37:00+00:00,,,,,,,,0.57,0.57,,0.0,0,False
2026-02-23 20:37:30+00:00,,,,,,,,0.57,0.57,,0.0,0,False
2026-02-23 20:38:00+00:00,,,,,,,,0.57,0.57,,5.0,1,False
2026-02-23 20:38:30+00:00,,,,,,,,0.57,0.57,,0.0,0,False
2026-02-23 20:39:00+00:00,,,,,,,,0.57,0.57,,0.0,0,False
2026-02-23 20:39:30+00:00,,,,,,,,0.57,0.57,,0.0,0,False
2026-02-23 20:40:00+00:00,,,,,,,,0.57,0.57,,0.0,0,False
2026-02-23 20:40:30+00:00,,,,,,,,0.57,0.57,,0.0,0,False
2026-02-23 20:41:00+00:00,,,,,,,,0.57,0.57,,0.0,0,False
2026-02-23 20:41:30+00:00,,,,,,,,0.57,0.57,,0.0,0,False
2026-02-23 20:42:00+00:00,,,,,,,,0.57,0.57,,5.0,1,False
2026-02-23 20:42:30+00:00,,,,,,,,0.56,0.56,,8.0,2,False
2026-02-23 20:43:00+00:00,,,,,,,,0.56,0.56,,0.0,0,False
2026-02-23 20:43:30+00:00,,,,,,,,0.56,0.56,,0.0,0,False
2026-02-23 20:44:00+00:00,,,,,,,,0.56,0.56,,0.0,0,False
2026-02-23 20:44:30+00:00,,,,,,,,0.56,0.56,,0.0,0,False
2026-02-23 20:45:00+00:00,,,,,,,,0.56,0.56,,0.0,0,False
2026-02-23 20:45:30+00:00,,,,,,,,0.56,0.56,,0.0,0,False
2026-02-23 20:46:00+00:00,,,,,,,,0.56,0.56,,0.0,0,False
2026-02-23 20:46:30+00:00,,,,,,,,0.56,0.56,,0.0,0,False
2026-02-23 20:47:00+00:00,,,,,,,,0.56,0.56,,0.0,0,False
2026-02-23 20:47:30+00:00,,,,,,,,0.56,0.56,,0.0,0,False
2026-02-23 20:48:00+00:00,,,,,,,,0.5644,0.55,,75.0,2,False
2026-02-23 20:48:30+00:00,,,,,,,,0.5644,0.55,,0.0,0,False
2026-02-23 20:49:00+00:00,,,,,,,,0.5644,0.55,,0.0,0,False
2026-02-23 20:49:30+00:00,,,,,,,,0.57,0.57,,8.0,1,False
2026-02-23 20:50:00+00:00,,,,,,,,0.57,0.57,,0.0,0,False
2026-02-23 20:50:30+00:00,,,,,,,,0.57,0.57,,0.0,0,False
2026-02-23 20:51:00+00:00,,,,,,,,0.57,0.57,,0.0,0,False
2026-02-23 20:51:30+00:00,,,,,,,,0.57,0.57,,0.0,0,False
2026-02-23 20:52:00+00:00,,,,,,,,0.5503703703703704,0.56,,54.0,3,False
2026-02-23 20:52:30+00:00,,,,,,,,0.5503703703703704,0.56,,0.0,0,False
2026-02-23 20:53:00+00:00,,,,,,,,0.5503703703703704,0.56,,0.0,0,False
2026-02-23 20:53:30+00:00,,,,,,,,0.57,0.57,,149.0,1,False
2026-02-23 20:54:00+00:00,,,,,,,,0.57,0.57,,40.0,1,False
2026-02-23 20:54:30+00:00,,,,,,,,0.57,0.57,,0.0,0,False
2026-02-23 20:55:00+00:00,,,,,,,,0.57,0.57,,0.0,0,False
2026-02-23 20:55:30+00:00,,,,,,,,0.57,0.57,,127.0,1,False
2026-02-23 20:56:00+00:00,,,,,,,,0.57,0.57,,0.0,0,False
2026-02-23 20:56:30+00:00,,,,,,,,0.57,0.57,,0.0,0,False
2026-02-23 20:57:00+00:00,,,,,,,,0.57,0.57,,17.0,1,False
2026-02-23 20:57:30+00:00,,,,,,,,0.57,0.57,,0.0,0,False
2026-02-23 20:58:00+00:00,,,,,,,,0.57,0.57,,8.0,1,False
2026-02-23 20:58:30+00:00,,,,,,,,0.57,0.57,,54.0,1,False
2026-02-23 20:59:00+00:00,,,,,,,,0.57,0.57,,30.0,1,False
2026-02-23 20:59:30+00:00,,,,,,,,0.57,0.57,,0.0,0,False
2026-02-23 21:00:00+00:00,,,,,,,,0.57,0.57,,0.0,0,False
2026-02-23 21:00:30+00:00,,,,,,,,0.57,0.57,,34.0,1,False
2026-02-23 21:01:00+00:00,,,,,,,,0.57,0.57,,16.0,1,False
2026-02-23 21:01:30+00:00,,,,,,,,0.57,0.57,,0.0,0,False
2026-02-23 21:02:00+00:00,,,,,,,,0.57,0.57,,0.0,0,False
2026-02-23 21:02:30+00:00,,,,,,,,0.57,0.57,,0.0,0,False
2026-02-23 21:03:00+00:00,,,,,,,,0.57,0.57,,0.0,0,False
2026-02-23 21:03:30+00:00,,,,,,,,0.57,0.57,,8.0,1,False
2026-02-23 21:04:00+00:00,,,,,,,,0.57,0.57,,0.0,0,False
2026-02-23 21:04:30+00:00,,,,,,,,0.57,0.57,,0.0,0,False
2026-02-23 21:05:00+00:00,,,,,,,,0.5699999999999998,0.57,,18.0,2,False
2026-02-23 21:05:30+00:00,,,,,,,,0.5699999999999998,0.57,,0.0,0,False
2026-02-23 21:06:00+00:00,,,,,,,,0.55,0.55,,21.0,1,False
2026-02-23 21:06:30+00:00,,,,,,,,0.55,0.55,,0.0,0,False
2026-02-23 21:07:00+00:00,,,,,,,,0.57,0.57,,423.0,1,False
2026-02-23 21:07:30+00:00,,,,,,,,0.57,0.57,,0.0,0,False
2026-02-23 21:08:00+00:00,,,,,,,,0.57,0.57,,0.0,0,False
2026-02-23 21:08:30+00:00,,,,,,,,0.57,0.57,,0.0,0,False
2026-02-23 21:09:00+00:00,,,,,,,,0.57,0.57,,0.0,0,False
2026-02-23 21:09:30+00:00,,,,,,,,0.57,0.57,,5.0,1,False
2026-02-23 21:10:00+00:00,,,,,,,,0.57,0.57,,0.0,0,False
2026-02-23 21:10:30+00:00,,,,,,,,0.57,0.57,,0.0,0,False
2026-02-23 21:11:00+00:00,,,,,,,,0.57,0.57,,0.0,0,False
2026-02-23 21:11:30+00:00,,,,,,,,0.57,0.57,,0.0,0,False
2026-02-23 21:12:00+00:00,,,,,,,,0.57,0.57,,0.0,0,False
2026-02-23 21:12:30+00:00,,,,,,,,0.57,0.57,,0.0,0,False
2026-02-23 21:13:00+00:00,,,,,,,,0.57,0.57,,0.0,0,False
2026-02-23 21:13:30+00:00,,,,,,,,0.57,0.57,,0.0,0,False
2026-02-23 21:14:00+00:00,,,,,,,,0.57,0.57,,20.0,1,False
2026-02-23 21:14:30+00:00,,,,,,,,0.57,0.57,,0.0,0,False
2026-02-23 21:15:00+00:00,,,,,,,,0.57,0.57,,0.0,0,False
2026-02-23 21:15:30+00:00,,,,,,,,0.57,0.57,,19.0,2,False
2026-02-23 21:16:00+00:00,,,,,,,,0.57,0.57,,5.0,1,False
2026-02-23 21:16:30+00:00,,,,,,,,0.57,0.57,,0.0,0,False
2026-02-23 21:17:00+00:00,,,,,,,,0.57,0.57,,2.0,1,False
2026-02-23 21:17:30+00:00,,,,,,,,0.55,0.55,,10.0,1,False
2026-02-23 21:18:00+00:00,,,,,,,,0.57,0.57,,16.0,1,False
2026-02-23 21:18:30+00:00,,,,,,,,0.57,0.57,,0.0,0,False
2026-02-23 21:19:00+00:00,,,,,,,,0.5518181818181819,0.57,,176.0,2,False
2026-02-23 21:19:30+00:00,,,,,,,,0.55,0.55,,21.0,1,False
2026-02-23 21:20:00+00:00,,,,,,,,0.55,0.55,,0.0,0,False
2026-02-23 21:20:30+00:00,,,,,,,,0.55,0.55,,0.0,0,False
2026-02-23 21:21:00+00:00,,,,,,,,0.55,0.55,,0.0,0,False
2026-02-23 21:21:30+00:00,,,,,,,,0.55,0.55,,0.0,0,False
2026-02-23 21:22:00+00:00,,,,,,,,0.57,0.57,,8.0,1,False
2026-02-23 21:22:30+00:00,,,,,,,,0.57,0.57,,0.0,0,False
2026-02-23 21:23:00+00:00,,,,,,,,0.57,0.57,,0.0,0,False
2026-02-23 21:23:30+00:00,,,,,,,,0.57,0.57,,5.0,1,False
2026-02-23 21:24:00+00:00,,,,,,,,0.57,0.57,,3.0,1,False
2026-02-23 21:24:30+00:00,,,,,,,,0.57,0.57,,3.0,1,False
2026-02-23 21:25:00+00:00,,,,,,,,0.57,0.57,,0.0,0,False
2026-02-23 21:25:30+00:00,,,,,,,,0.57,0.57,,2.0,1,False
2026-02-23 21:26:00+00:00,,,,,,,,0.57,0.57,,0.0,0,False
2026-02-23 21:26:30+00:00,,,,,,,,0.57,0.57,,0.0,0,False
2026-02-23 21:27:00+00:00,,,,,,,,0.57,0.57,,0.0,0,False
2026-02-23 21:27:30+00:00,,,,,,,,0.57,0.57,,21.0,2,False
2026-02-23 21:28:00+00:00,,,,,,,,0.57,0.57,,0.0,0,False
2026-02-23 21:28:30+00:00,,,,,,,,0.57,0.57,,0.0,0,False
2026-02-23 21:29:00+00:00,,,,,,,,0.57,0.57,,0.0,0,False
2026-02-23 21:29:30+00:00,,,,,,,,0.57,0.57,,0.0,0,False
2026-02-23 21:30:00+00:00,,,,,,,,0.57,0.57,,0.0,0,False
2026-02-23 21:30:30+00:00,,,,,,,,0.58,0.58,,33.0,1,False
2026-02-23 21:31:00+00:00,,,,,,,,0.58,0.58,,0.0,0,False
2026-02-23 21:31:30+00:00,,,,,,,,0.58,0.58,,0.0,0,False
2026-02-23 21:32:00+00:00,,,,,,,,0.58,0.58,,0.0,0,False
2026-02-23 21:32:30+00:00,,,,,,,,0.58,0.58,,0.0,0,False
2026-02-23 21:33:00+00:00,,,,,,,,0.55,0.55,,21.0,1,False
2026-02-23 21:33:30+00:00,,,,,,,,0.55,0.55,,0.0,0,False
2026-02-23 21:34:00+00:00,,,,,,,,0.55,0.55,,0.0,0,False
2026-02-23 21:34:30+00:00,,,,,,,,0.55,0.55,,5.0,1,False
2026-02-23 21:35:00+00:00,,,,,,,,0.58,0.58,,3.0,1,False
2026-02-23 21:35:30+00:00,,,,,,,,0.58,0.58,,0.0,0,False
2026-02-23 21:36:00+00:00,,,,,,,,0.5800000000000001,0.58,,3333.0,15,False
2026-02-23 21:36:30+00:00,,,,,,,,0.5800000000000001,0.58,,0.0,0,False
2026-02-23 21:37:00+00:00,,,,,,,,0.5800000000000001,0.58,,0.0,0,False
2026-02-23 21:37:30+00:00,,,,,,,,0.5800000000000001,0.58,,0.0,0,False
2026-02-23 21:38:00+00:00,,,,,,,,0.5800000000000001,0.58,,0.0,0,False
2026-02-23 21:38:30+00:00,,,,,,,,0.584313725490196,0.59,,51.0,3,False
2026-02-23 21:39:00+00:00,,,,,,,,0.584313725490196,0.59,,0.0,0,False
2026-02-23 21:39:30+00:00,,,,,,,,0.56,0.56,,10.0,1,False
2026-02-23 21:40:00+00:00,,,,,,,,0.56,0.56,,0.0,0,False
2026-02-23 21:40:30+00:00,,,,,,,,0.57,0.57,,67.0,1,False
2026-02-23 21:41:00+00:00,,,,,,,,0.57,0.57,,0.0,0,False
2026-02-23 21:41:30+00:00,,,,,,,,0.57,0.57,,0.0,0,False
2026-02-23 21:42:00+00:00,,,,,,,,0.57,0.57,,508.0,1,False
2026-02-23 21:42:30+00:00,,,,,,,,0.57,0.57,,0.0,0,False
2026-02-23 21:43:00+00:00,,,,,,,,0.57,0.57,,0.0,0,False
2026-02-23 21:43:30+00:00,,,,,,,,0.57,0.57,,0.0,0,False
2026-02-23 21:44:00+00:00,,,,,,,,0.57,0.57,,6.0,2,False
2026-02-23 21:44:30+00:00,,,,,,,,0.57,0.57,,169.0,1,False
2026-02-23 21:45:00+00:00,,,,,,,,0.57,0.57,,0.0,0,False
2026-02-23 21:45:30+00:00,,,,,,,,0.57,0.57,,0.0,0,False
2026-02-23 21:46:00+00:00,,,,,,,,0.57,0.57,,0.0,0,False
2026-02-23 21:46:30+00:00,,,,,,,,0.57,0.57,,0.0,0,False
2026-02-23 21:47:00+00:00,,,,,,,,0.57,0.57,,16.0,1,False
2026-02-23 21:47:30+00:00,,,,,,,,0.57,0.57,,0.0,0,False
2026-02-23 21:48:00+00:00,,,,,,,,0.57,0.57,,1.0,1,False
2026-02-23 21:48:30+00:00,,,,,,,,0.57,0.57,,0.0,0,False
2026-02-23 21:49:00+00:00,,,,,,,,0.57,0.57,,0.0,0,False
2026-02-23 21:49:30+00:00,,,,,,,,0.57,0.57,,0.0,0,False
2026-02-23 21:50:00+00:00,,,,,,,,0.57,0.57,,0.0,0,False
2026-02-23 21:50:30+00:00,,,,,,,,0.57,0.57,,0.0,0,False
2026-02-23 21:51:00+00:00,,,,,,,,0.57,0.57,,0.0,0,False
2026-02-23 21:51:30+00:00,,,,,,,,0.57,0.57,,0.0,0,False
2026-02-23 21:52:00+00:00,,,,,,,,0.57,0.57,,0.0,0,False
2026-02-23 21:52:30+00:00,,,,,,,,0.57,0.57,,0.0,0,False
2026-02-23 21:53:00+00:00,,,,,,,,0.57,0.57,,0.0,0,False
2026-02-23 21:53:30+00:00,,,,,,,,0.57,0.57,,0.0,0,False
2026-02-23 21:54:00+00:00,,,,,,,,0.57,0.57,,0.0,0,False
2026-02-23 21:54:30+00:00,,,,,,,,0.57,0.57,,17.0,1,False
2026-02-23 21:55:00+00:00,,,,,,,,0.57,0.57,,0.0,0,False
2026-02-23 21:55:30+00:00,,,,,,,,0.57,0.57,,16.0,1,False
2026-02-23 21:56:00+00:00,,,,,,,,0.57,0.57,,0.0,0,False
2026-02-23 21:56:30+00:00,,,,,,,,0.57,0.57,,0.0,0,False
2026-02-23 21:57:00+00:00,,,,,,,,0.57,0.57,,0.0,0,False
2026-02-23 21:57:30+00:00,,,,,,,,0.57,0.57,,0.0,0,False
2026-02-23 21:58:00+00:00,,,,,,,,0.57,0.57,,42.0,1,False
2026-02-23 21:58:30+00:00,,,,,,,,0.57,0.57,,0.0,0,False
2026-02-23 21:59:00+00:00,,,,,,,,0.57,0.57,,0.0,0,False
2026-02-23 21:59:30+00:00,,,,,,,,0.57,0.57,,0.0,0,False
2026-02-23 22:00:00+00:00,,,,,,,,0.57,0.57,,0.0,0,False
2026-02-23 22:00:30+00:00,,,,,,,,0.57,0.57,,0.0,0,False
2026-02-23 22:01:00+00:00,,,,,,,,0.57,0.57,,0.0,0,False
2026-02-23 22:01:30+00:00,,,,,,,,0.57,0.57,,0.0,0,False
2026-02-23 22:02:00+00:00,,,,,,,,0.57,0.57,,0.0,0,False
2026-02-23 22:02:30+00:00,,,,,,,,0.56,0.56,,10.0,1,False
2026-02-23 22:03:00+00:00,,,,,,,,0.56,0.56,,0.0,0,False
2026-02-23 22:03:30+00:00,,,,,,,,0.57,0.57,,338.0,1,False
2026-02-23 22:04:00+00:00,,,,,,,,0.57,0.57,,0.0,0,False
2026-02-23 22:04:30+00:00,,,,,,,,0.57,0.57,,0.0,0,False
2026-02-23 22:05:00+00:00,,,,,,,,0.57,0.57,,0.0,0,False
2026-02-23 22:05:30+00:00,,,,,,,,0.57,0.57,,1.0,1,False
2026-02-23 22:06:00+00:00,,,,,,,,0.57,0.57,,0.0,0,False
2026-02-23 22:06:30+00:00,,,,,,,,0.57,0.57,,0.0,0,False
2026-02-23 22:07:00+00:00,,,,,,,,0.57,0.57,,0.0,0,False
2026-02-23 22:07:30+00:00,,,,,,,,0.57,0.57,,0.0,0,False
2026-02-23 22:08:00+00:00,,,,,,,,0.57,0.57,,0.0,0,False
2026-02-23 22:08:30+00:00,,,,,,,,0.57,0.57,,0.0,0,False
2026-02-23 22:09:00+00:00,,,,,,,,0.57,0.57,,5.0,1,False
2026-02-23 22:09:30+00:00,,,,,,,,0.57,0.57,,5.0,1,False
2026-02-23 22:10:00+00:00,,,,,,,,0.56,0.56,,601.0,3,False
2026-02-23 22:10:30+00:00,,,,,,,,0.57,0.57,,338.0,1,False
2026-02-23 22:11:00+00:00,,,,,,,,0.57,0.57,,0.0,0,False
2026-02-23 22:11:30+00:00,,,,,,,,0.57,0.57,,0.0,0,False
2026-02-23 22:12:00+00:00,,,,,,,,0.56,0.56,,2.0,1,False
2026-02-23 22:12:30+00:00,,,,,,,,0.56,0.56,,0.0,0,False
2026-02-23 22:13:00+00:00,,,,,,,,0.57,0.57,,47.0,1,False
2026-02-23 22:13:30+00:00,,,,,,,,0.57,0.57,,43.0,2,False
2026-02-23 22:14:00+00:00,,,,,,,,0.57,0.57,,0.0,0,False
2026-02-23 22:14:30+00:00,,,,,,,,0.57,0.57,,0.0,0,False
2026-02-23 22:15:00+00:00,,,,,,,,0.57,0.57,,0.0,0,False
2026-02-23 22:15:30+00:00,,,,,,,,0.58,0.58,,8.0,1,False
2026-02-23 22:16:00+00:00,,,,,,,,0.58,0.58,,0.0,0,False
2026-02-23 22:16:30+00:00,,,,,,,,0.58,0.58,,0.0,0,False
2026-02-23 22:17:00+00:00,,,,,,,,0.58,0.58,,0.0,0,False
2026-02-23 22:17:30+00:00,,,,,,,,0.58,0.58,,0.0,0,False
2026-02-23 22:18:00+00:00,,,,,,,,0.58,0.58,,0.0,0,False
2026-02-23 22:18:30+00:00,,,,,,,,0.58,0.58,,0.0,0,False
2026-02-23 22:19:00+00:00,,,,,,,,0.58,0.58,,0.0,0,False
2026-02-23 22:19:30+00:00,,,,,,,,0.58,0.58,,0.0,0,False
2026-02-23 22:20:00+00:00,,,,,,,,0.58,0.58,,0.0,0,False
2026-02-23 22:20:30+00:00,,,,,,,,0.58,0.58,,5.0,1,False
2026-02-23 22:21:00+00:00,,,,,,,,0.58,0.58,,0.0,0,False
2026-02-23 22:21:30+00:00,,,,,,,,0.58,0.58,,0.0,0,False
2026-02-23 22:22:00+00:00,,,,,,,,0.58,0.58,,13.0,1,False
2026-02-23 22:22:30+00:00,,,,,,,,0.58,0.58,,0.0,0,False
2026-02-23 22:23:00+00:00,,,,,,,,0.58,0.58,,0.0,0,False
2026-02-23 22:23:30+00:00,,,,,,,,0.58,0.58,,0.0,0,False
2026-02-23 22:24:00+00:00,,,,,,,,0.58,0.58,,3.0,1,False
2026-02-23 22:24:30+00:00,,,,,,,,0.57,0.57,,2.0,1,False
2026-02-23 22:25:00+00:00,,,,,,,,0.57,0.57,,0.0,0,False
2026-02-23 22:25:30+00:00,,,,,,,,0.57,0.57,,0.0,0,False
2026-02-23 22:26:00+00:00,,,,,,,,0.57,0.57,,0.0,0,False
2026-02-23 22:26:30+00:00,,,,,,,,0.57,0.57,,0.0,0,False
2026-02-23 22:27:00+00:00,,,,,,,,0.57,0.57,,0.0,0,False
2026-02-23 22:27:30+00:00,,,,,,,,0.57,0.57,,0.0,0,False
2026-02-23 22:28:00+00:00,,,,,,,,0.57,0.57,,170.0,1,False
2026-02-23 22:28:30+00:00,,,,,,,,0.57,0.57,,0.0,0,False
2026-02-23 22:29:00+00:00,,,,,,,,0.57,0.57,,71.0,1,False
2026-02-23 22:29:30+00:00,,,,,,,,0.57,0.57,,0.0,0,False
2026-02-23 22:30:00+00:00,,,,,,,,0.57,0.57,,0.0,0,False
2026-02-23 22:30:30+00:00,,,,,,,,0.57,0.57,,8.0,1,False
2026-02-23 22:31:00+00:00,,,,,,,,0.57,0.57,,0.0,0,False
2026-02-23 22:31:30+00:00,,,,,,,,0.57,0.57,,169.0,1,False
2026-02-23 22:32:00+00:00,,,,,,,,0.57,0.57,,17.0,1,False
2026-02-23 22:32:30+00:00,,,,,,,,0.57,0.57,,8.0,1,False
2026-02-23 22:33:00+00:00,,,,,,,,0.57,0.57,,0.0,0,False
2026-02-23 22:33:30+00:00,,,,,,,,0.57,0.57,,25.0,1,False
2026-02-23 22:34:00+00:00,,,,,,,,0.57,0.57,,0.0,0,False
2026-02-23 22:34:30+00:00,,,,,,,,0.57,0.57,,13.0,1,False
2026-02-23 22:35:00+00:00,,,,,,,,0.58,0.58,,8.0,1,False
2026-02-23 22:35:30+00:00,,,,,,,,0.58,0.58,,100.0,1,False
2026-02-23 22:36:00+00:00,,,,,,,,0.58,0.58,,0.0,0,False
2026-02-23 22:36:30+00:00,,,,,,,,0.58,0.58,,25.0,1,False
2026-02-23 22:37:00+00:00,,,,,,,,0.58,0.58,,0.0,0,False
2026-02-23 22:37:30+00:00,,,,,,,,0.58,0.58,,0.0,0,False
2026-02-23 22:38:00+00:00,,,,,,,,0.58,0.58,,0.0,0,False
2026-02-23 22:38:30+00:00,,,,,,,,0.58,0.58,,0.0,0,False
2026-02-23 22:39:00+00:00,,,,,,,,0.58,0.58,,0.0,0,False
2026-02-23 22:39:30+00:00,,,,,,,,0.58,0.58,,0.0,0,False
2026-02-23 22:40:00+00:00,,,,,,,,0.58,0.58,,0.0,0,False
2026-02-23 22:40:30+00:00,,,,,,,,0.58,0.58,,0.0,0,False
2026-02-23 22:41:00+00:00,,,,,,,,0.55,0.55,,2.0,1,False
2026-02-23 22:41:30+00:00,,,,,,,,0.55,0.55,,10.0,1,False
2026-02-23 22:42:00+00:00,,,,,,,,0.55,0.55,,0.0,0,False
2026-02-23 22:42:30+00:00,,,,,,,,0.55,0.55,,0.0,0,False
2026-02-23 22:43:00+00:00,,,,,,,,0.55,0.55,,0.0,0,False
2026-02-23 22:43:30+00:00,,,,,,,,0.55,0.55,,0.0,0,False
2026-02-23 22:44:00+00:00,,,,,,,,0.55,0.55,,0.0,0,False
2026-02-23 22:44:30+00:00,,,,,,,,0.55,0.55,,0.0,0,False
2026-02-23 22:45:00+00:00,,,,,,,,0.55,0.55,,0.0,0,False
2026-02-23 22:45:30+00:00,,,,,,,,0.55,0.55,,0.0,0,False
2026-02-23 22:46:00+00:00,,,,,,,,0.58,0.58,,16.0,1,False
2026-02-23 22:46:30+00:00,,,,,,,,0.58,0.58,,0.0,0,False
2026-02-23 22:47:00+00:00,,,,,,,,0.58,0.58,,0.0,0,False
2026-02-23 22:47:30+00:00,,,,,,,,0.58,0.58,,33.0,1,False
2026-02-23 22:48:00+00:00,,,,,,,,0.58,0.58,,0.0,0,False
2026-02-23 22:48:30+00:00,,,,,,,,0.58,0.58,,0.0,0,False
2026-02-23 22:49:00+00:00,,,,,,,,0.58,0.58,,0.0,0,False
2026-02-23 22:49:30+00:00,,,,,,,,0.58,0.58,,0.0,0,False
2026-02-23 22:50:00+00:00,,,,,,,,0.58,0.58,,16.0,1,False
2026-02-23 22:50:30+00:00,,,,,,,,0.58,0.58,,0.0,0,False
2026-02-23 22:51:00+00:00,,,,,,,,0.58,0.58,,0.0,0,False
2026-02-23 22:51:30+00:00,,,,,,,,0.55,0.55,,1.0,1,False
2026-02-23 22:52:00+00:00,,,,,,,,0.55,0.55,,0.0,0,False
2026-02-23 22:52:30+00:00,,,,,,,,0.55,0.55,,0.0,0,False
2026-02-23 22:53:00+00:00,,,,,,,,0.55,0.55,,0.0,0,False
2026-02-23 22:53:30+00:00,,,,,,,,0.58,0.58,,5.0,1,False
2026-02-23 22:54:00+00:00,,,,,,,,0.58,0.58,,0.0,0,False
2026-02-23 22:54:30+00:00,,,,,,,,0.58,0.58,,0.0,0,False
2026-02-23 22:55:00+00:00,,,,,,,,0.58,0.58,,33.0,1,False
2026-02-23 22:55:30+00:00,,,,,,,,0.58,0.58,,0.0,0,False
2026-02-23 22:56:00+00:00,,,,,,,,0.58,0.58,,0.0,0,False
2026-02-23 22:56:30+00:00,,,,,,,,0.58,0.58,,0.0,0,False
2026-02-23 22:57:00+00:00,,,,,,,,0.58,0.58,,0.0,0,False
2026-02-23 22:57:30+00:00,,,,,,,,0.58,0.58,,0.0,0,False
2026-02-23 22:58:00+00:00,,,,,,,,0.58,0.58,,8.0,1,False
2026-02-23 22:58:30+00:00,,,,,,,,0.58,0.58,,0.0,0,False
2026-02-23 22:59:00+00:00,,,,,,,,0.58,0.58,,0.0,0,False
2026-02-23 22:59:30+00:00,,,,,,,,0.58,0.58,,0.0,0,False
2026-02-23 23:00:00+00:00,,,,,,,,0.58,0.58,,0.0,0,False
2026-02-23 23:00:30+00:00,,,,,,,,0.5700000000000001,0.5700000000000001,,21.0,2,False
2026-02-23 23:01:00+00:00,,,,,,,,0.5700000000000001,0.5700000000000001,,0.0,0,False
2026-02-23 23:01:30+00:00,,,,,,,,0.5700000000000001,0.5700000000000001,,0.0,0,False
2026-02-23 23:02:00+00:00,,,,,,,,0.5700000000000001,0.5700000000000001,,0.0,0,False
2026-02-23 23:02:30+00:00,,,,,,,,0.5700000000000001,0.5700000000000001,,0.0,0,False
2026-02-23 23:03:00+00:00,,,,,,,,0.5700000000000001,0.5700000000000001,,0.0,0,False
2026-02-23 23:03:30+00:00,,,,,,,,0.5700000000000001,0.5700000000000001,,0.0,0,False
2026-02-23 23:04:00+00:00,,,,,,,,0.5700000000000001,0.5700000000000001,,0.0,0,False
2026-02-23 23:04:30+00:00,,,,,,,,0.5700000000000001,0.5700000000000001,,0.0,0,False
2026-02-23 23:05:00+00:00,,,,,,,,0.5700000000000001,0.5700000000000001,,0.0,0,False
2026-02-23 23:05:30+00:00,,,,,,,,0.5700000000000001,0.5700000000000001,,19.0,1,False
2026-02-23 23:06:00+00:00,,,,,,,,0.58,0.58,,100.0,1,False
2026-02-23 23:06:30+00:00,,,,,,,,0.58,0.58,,10.0,1,False
2026-02-23 23:07:00+00:00,,,,,,,,0.58,0.58,,129.0,2,False
2026-02-23 23:07:30+00:00,,,,,,,,0.58,0.58,,30.0,1,False
2026-02-23 23:08:00+00:00,,,,,,,,0.58,0.58,,0.0,0,False
2026-02-23 23:08:30+00:00,,,,,,,,0.58,0.58,,0.0,0,False
2026-02-23 23:09:00+00:00,,,,,,,,0.58,0.58,,0.0,0,False
2026-02-23 23:09:30+00:00,,,,,,,,0.58,0.58,,166.0,1,False
2026-02-23 23:10:00+00:00,,,,,,,,0.58,0.58,,0.0,0,False
2026-02-23 23:10:30+00:00,,,,,,,,0.58,0.58,,0.0,0,False
2026-02-23 23:11:00+00:00,,,,,,,,0.58,0.58,,0.0,0,False
2026-02-23 23:11:30+00:00,,,,,,,,0.58,0.58,,0.0,0,False
2026-02-23 23:12:00+00:00,,,,,,,,0.58,0.58,,0.0,0,False
2026-02-23 23:12:30+00:00,,,,,,,,0.58,0.58,,8.0,1,False
2026-02-23 23:13:00+00:00,,,,,,,,0.58,0.58,,21.0,2,False
2026-02-23 23:13:30+00:00,,,,,,,,0.58,0.58,,0.0,0,False
2026-02-23 23:14:00+00:00,,,,,,,,0.58,0.58,,0.0,0,False
2026-02-23 23:14:30+00:00,,,,,,,,0.58,0.58,,0.0,0,False
2026-02-23 23:15:00+00:00,,,,,,,,0.58,0.58,,0.0,0,False
2026-02-23 23:15:30+00:00,,,,,,,,0.57,0.57,,8.0,1,False
2026-02-23 23:16:00+00:00,,,,,,,,0.57,0.57,,0.0,0,False
2026-02-23 23:16:30+00:00,,,,,,,,0.57,0.57,,0.0,0,False
2026-02-23 23:17:00+00:00,,,,,,,,0.57,0.57,,0.0,0,False
2026-02-23 23:17:30+00:00,,,,,,,,0.57,0.57,,0.0,0,False
2026-02-23 23:18:00+00:00,,,,,,,,0.57,0.57,,0.0,0,False
2026-02-23 23:18:30+00:00,,,,,,,,0.57,0.57,,0.0,0,False
2026-02-23 23:19:00+00:00,,,,,,,,0.57,0.57,,0.0,0,False
2026-02-23 23:19:30+00:00,,,,,,,,0.57,0.57,,0.0,0,False
2026-02-23 23:20:00+00:00,,,,,,,,0.57,0.57,,0.0,0,False
2026-02-23 23:20:30+00:00,,,,,,,,0.57,0.57,,0.0,0,False
2026-02-23 23:21:00+00:00,,,,,,,,0.57,0.57,,0.0,0,False
2026-02-23 23:21:30+00:00,,,,,,,,0.57,0.57,,0.0,0,False
2026-02-23 23:22:00+00:00,,,,,,,,0.58,0.58,,10.0,1,False
2026-02-23 23:22:30+00:00,,,,,,,,0.58,0.58,,0.0,0,False
2026-02-23 23:23:00+00:00,,,,,,,,0.58,0.58,,2.0,1,False
2026-02-23 23:23:30+00:00,,,,,,,,0.58,0.58,,0.0,0,False
2026-02-23 23:24:00+00:00,,,,,,,,0.58,0.58,,0.0,0,False
2026-02-23 23:24:30+00:00,,,,,,,,0.58,0.58,,0.0,0,False
2026-02-23 23:25:00+00:00,,,,,,,,0.58,0.58,,0.0,0,False
2026-02-23 23:25:30+00:00,,,,,,,,0.58,0.58,,0.0,0,False
2026-02-23 23:26:00+00:00,,,,,,,,0.58,0.58,,0.0,0,False
2026-02-23 23:26:30+00:00,,,,,,,,0.58,0.58,,0.0,0,False
2026-02-23 23:27:00+00:00,,,,,,,,0.58,0.58,,0.0,0,False
2026-02-23 23:27:30+00:00,,,,,,,,0.58,0.58,,0.0,0,False
2026-02-23 23:28:00+00:00,,,,,,,,0.58,0.58,,0.0,0,False
2026-02-23 23:28:30+00:00,,,,,,,,0.58,0.58,,0.0,0,False
2026-02-23 23:29:00+00:00,,,,,,,,0.58,0.58,,0.0,0,False
2026-02-23 23:29:30+00:00,,,,,,,,0.58,0.58,,41.0,1,False
2026-02-23 23:30:00+00:00,,,,,,,,0.58,0.58,,0.0,0,False
2026-02-23 23:30:30+00:00,,,,,,,,0.58,0.58,,0.0,0,False
2026-02-23 23:31:00+00:00,,,,,,,,0.58,0.58,,0.0,0,False
2026-02-23 23:31:30+00:00,,,,,,,,0.58,0.58,,0.0,0,False
2026-02-23 23:32:00+00:00,,,,,,,,0.5652380952380953,0.56,,21.0,2,False
2026-02-23 23:32:30+00:00,,,,,,,,0.5652380952380953,0.56,,0.0,0,False
2026-02-23 23:33:00+00:00,,,,,,,,0.5652380952380953,0.56,,0.0,0,False
2026-02-23 23:33:30+00:00,,,,,,,,0.5652380952380953,0.56,,0.0,0,False
2026-02-23 23:34:00+00:00,,,,,,,,0.5652380952380953,0.56,,0.0,0,False
2026-02-23 23:34:30+00:00,,,,,,,,0.5652380952380953,0.56,,0.0,0,False
2026-02-23 23:35:00+00:00,,,,,,,,0.58,0.58,,41.0,1,False
2026-02-23 23:35:30+00:00,,,,,,,,0.5778494623655913,0.56,,93.0,3,False
2026-02-23 23:36:00+00:00,,,,,,,,0.5778494623655913,0.56,,0.0,0,False
2026-02-23 23:36:30+00:00,,,,,,,,0.5778494623655913,0.56,,0.0,0,False
2026-02-23 23:37:00+00:00,,,,,,,,0.58,0.58,,33.0,1,False
2026-02-23 23:37:30+00:00,,,,,,,,0.58,0.58,,15.0,1,False
2026-02-23 23:38:00+00:00,,,,,,,,0.58,0.58,,3.0,1,False
2026-02-23 23:38:30+00:00,,,,,,,,0.58,0.58,,41.0,1,False
2026-02-23 23:39:00+00:00,,,,,,,,0.58,0.58,,0.0,0,False
2026-02-23 23:39:30+00:00,,,,,,,,0.58,0.58,,0.0,0,False
2026-02-23 23:40:00+00:00,,,,,,,,0.58,0.58,,0.0,0,False
2026-02-23 23:40:30+00:00,,,,,,,,0.58,0.58,,0.0,0,False
2026-02-23 23:41:00+00:00,,,,,,,,0.55,0.55,,5.0,1,False
2026-02-23 23:41:30+00:00,,,,,,,,0.58,0.58,,50.0,1,False
2026-02-23 23:42:00+00:00,,,,,,,,0.58,0.58,,0.0,0,False
2026-02-23 23:42:30+00:00,,,,,,,,0.58,0.58,,0.0,0,False
2026-02-23 23:43:00+00:00,,,,,,,,0.58,0.58,,44.0,2,False
2026-02-23 23:43:30+00:00,,,,,,,,0.58,0.58,,0.0,0,False
2026-02-23 23:44:00+00:00,,,,,,,,0.5400828729281768,0.54,,5792.0,4,False
2026-02-23 23:44:30+00:00,,,,,,,,0.5474636174636176,0.55,,481.0,5,False
2026-02-23 23:45:00+00:00,,,,,,,,0.5474636174636176,0.55,,0.0,0,False
2026-02-23 23:45:30+00:00,,,,,,,,0.54,0.54,,3.0,1,False
2026-02-23 23:46:00+00:00,,,,,,,,0.54,0.54,,0.0,0,False
2026-02-23 23:46:30+00:00,,,,,,,,0.54,0.54,,0.0,0,False
2026-02-23 23:47:00+00:00,,,,,,,,0.5201,0.52,,100.0,2,False
2026-02-23 23:47:30+00:00,,,,,,,,0.5201,0.52,,0.0,0,False
2026-02-23 23:48:00+00:00,,,,,,,,0.5201,0.52,,0.0,0,False
2026-02-23 23:48:30+00:00,,,,,,,,0.54,0.54,,7.0,1,False
2026-02-23 23:49:00+00:00,,,,,,,,0.54,0.54,,0.0,0,False
2026-02-23 23:49:30+00:00,,,,,,,,0.54,0.54,,0.0,0,False
2026-02-23 23:50:00+00:00,,,,,,,,0.54,0.54,,0.0,0,False
2026-02-23 23:50:30+00:00,,,,,,,,0.54,0.54,,0.0,0,False
2026-02-23 23:51:00+00:00,,,,,,,,0.54,0.54,,0.0,0,False
2026-02-23 23:51:30+00:00,,,,,,,,0.54,0.54,,0.0,0,False
2026-02-23 23:52:00+00:00,,,,,,,,0.54,0.54,,0.0,0,False
2026-02-23 23:52:30+00:00,,,,,,,,0.54,0.54,,0.0,0,False
2026-02-23 23:53:00+00:00,,,,,,,,0.54,0.54,,0.0,0,False
2026-02-23 23:53:30+00:00,,,,,,,,0.54,0.54,,33.0,1,False
2026-02-23 23:54:00+00:00,,,,,,,,0.54,0.54,,0.0,0,False
2026-02-23 23:54:30+00:00,,,,,,,,0.5273333333333333,0.52,,15.0,3,False
2026-02-23 23:55:00+00:00,,,,,,,,0.54,0.54,,25.0,2,False
2026-02-23 23:55:30+00:00,,,,,,,,0.54,0.54,,0.0,0,False
2026-02-23 23:56:00+00:00,,,,,,,,0.54,0.54,,0.0,0,False
2026-02-23 23:56:30+00:00,,,,,,,,0.54,0.54,,0.0,0,False
2026-02-23 23:57:00+00:00,,,,,,,,0.5396296296296297,0.54,,27.0,2,False
2026-02-23 23:57:30+00:00,,,,,,,,0.5396296296296297,0.54,,0.0,0,False
2026-02-23 23:58:00+00:00,,,,,,,,0.54,0.54,,178.0,1,False
2026-02-23 23:58:30+00:00,,,,,,,,0.53,0.53,,9.0,1,False
2026-02-23 23:59:00+00:00,,,,,,,,0.53,0.53,,0.0,0,False
2026-02-23 23:59:30+00:00,,,,,,,,0.53,0.53,,0.0,0,False
2026-02-24 00:00:00+00:00,,,,,,,,0.53,0.53,,0.0,0,False
2026-02-24 00:00:30+00:00,,,,,,,,0.53,0.53,,0.0,0,False
2026-02-24 00:01:00+00:00,,,,,,,,0.53,0.53,,0.0,0,False
2026-02-24 00:01:30+00:00,,,,,,,,0.53,0.53,,0.0,0,False
2026-02-24 00:02:00+00:00,,,,,,,,0.53,0.53,,0.0,0,False
2026-02-24 00:02:30+00:00,,,,,,,,0.53,0.53,,0.0,0,False
2026-02-24 00:03:00+00:00,,,,,,,,0.53,0.53,,0.0,0,False
2026-02-24 00:03:30+00:00,,,,,,,,0.54,0.54,,12.0,1,False
2026-02-24 00:04:00+00:00,,,,,,,,0.54,0.54,,0.0,0,False
2026-02-24 00:04:30+00:00,,,,,,,,0.54,0.54,,0.0,0,False
2026-02-24 00:05:00+00:00,,,,,,,,0.54,0.54,,0.0,0,False
2026-02-24 00:05:30+00:00,,,,,,,,0.54,0.54,,0.0,0,False
2026-02-24 00:06:00+00:00,,,,,,,,0.54,0.54,,0.0,0,False
2026-02-24 00:06:30+00:00,,,,,,,,0.54,0.54,,0.0,0,False
2026-02-24 00:07:00+00:00,,,,,,,,0.54,0.54,,0.0,0,False
2026-02-24 00:07:30+00:00,,,,,,,,0.54,0.54,,0.0,0,False
2026-02-24 00:08:00+00:00,,,,,,,,0.54,0.54,,8.0,1,False
2026-02-24 00:08:30+00:00,,,,,,,,0.54,0.54,,17.0,1,False
2026-02-24 00:09:00+00:00,,,,,,,,0.54,0.54,,1.0,1,False
2026-02-24 00:09:30+00:00,,,,,,,,0.54,0.54,,40.0,2,False
2026-02-24 00:10:00+00:00,,,,,,,,0.54,0.54,,0.0,0,False
2026-02-24 00:10:30+00:00,,,,,,,,0.54,0.54,,0.0,0,False
2026-02-24 00:11:00+00:00,,,,,,,,0.54,0.54,,0.0,0,False
2026-02-24 00:11:30+00:00,,,,,,,,0.54,0.54,,2.0,1,False
2026-02-24 00:12:00+00:00,,,,,,,,0.54,0.54,,0.0,0,False
2026-02-24 00:12:30+00:00,,,,,,,,0.54,0.54,,0.0,0,False
2026-02-24 00:13:00+00:00,,,,,,,,0.54,0.54,,196.0,2,False
2026-02-24 00:13:30+00:00,,,,,,,,0.54,0.54,,0.0,0,False
2026-02-24 00:14:00+00:00,,,,,,,,0.54,0.54,,49.0,2,False
2026-02-24 00:14:30+00:00,,,,,,,,0.54,0.54,,0.0,0,False
2026-02-24 00:15:00+00:00,,,,,,,,0.54,0.54,,0.0,0,False
2026-02-24 00:15:30+00:00,,,,,,,,0.54,0.54,,0.0,0,False
2026-02-24 00:16:00+00:00,,,,,,,,0.54,0.54,,0.0,0,False
2026-02-24 00:16:30+00:00,,,,,,,,0.51,0.51,,9.0,1,False
2026-02-24 00:17:00+00:00,,,,,,,,0.51,0.51,,0.0,0,False
2026-02-24 00:17:30+00:00,,,,,,,,0.51,0.51,,0.0,0,False
2026-02-24 00:18:00+00:00,,,,,,,,0.51,0.51,,0.0,0,False
2026-02-24 00:18:30+00:00,,,,,,,,0.5387096774193548,0.51,,93.0,2,False
2026-02-24 00:19:00+00:00,,,,,,,,0.5387096774193548,0.51,,0.0,0,False
2026-02-24 00:19:30+00:00,,,,,,,,0.5387096774193548,0.51,,0.0,0,False
2026-02-24 00:20:00+00:00,,,,,,,,0.54,0.54,,8.0,1,False
2026-02-24 00:20:30+00:00,,,,,,,,0.54,0.54,,0.0,0,False
2026-02-24 00:21:00+00:00,,,,,,,,0.54,0.54,,0.0,0,False
2026-02-24 00:21:30+00:00,,,,,,,,0.54,0.54,,0.0,0,False
2026-02-24 00:22:00+00:00,,,,,,,,0.54,0.54,,0.0,0,False
2026-02-24 00:22:30+00:00,,,,,,,,0.54,0.54,,0.0,0,False
2026-02-24 00:23:00+00:00,,,,,,,,0.54,0.54,,0.0,0,False
2026-02-24 00:23:30+00:00,,,,,,,,0.54,0.54,,0.0,0,False
2026-02-24 00:24:00+00:00,,,,,,,,0.54,0.54,,0.0,0,False
2026-02-24 00:24:30+00:00,,,,,,,,0.54,0.54,,35.0,1,False
2026-02-24 00:25:00+00:00,,,,,,,,0.54,0.54,,0.0,0,False
2026-02-24 00:25:30+00:00,,,,,,,,0.54,0.54,,0.0,0,False
2026-02-24 00:26:00+00:00,,,,,,,,0.54,0.54,,17.0,1,False
2026-02-24 00:26:30+00:00,,,,,,,,0.54,0.54,,0.0,0,False
2026-02-24 00:27:00+00:00,,,,,,,,0.54,0.54,,50.0,1,False
2026-02-24 00:27:30+00:00,,,,,,,,0.54,0.54,,0.0,0,False
2026-02-24 00:28:00+00:00,,,,,,,,0.54,0.54,,0.0,0,False
2026-02-24 00:28:30+00:00,,,,,,,,0.54,0.54,,17.0,1,False
2026-02-24 00:29:00+00:00,,,,,,,,0.54,0.54,,0.0,0,False
2026-02-24 00:29:30+00:00,,,,,,,,0.54,0.54,,17.0,1,False
2026-02-24 00:30:00+00:00,,,,,,,,0.54,0.54,,0.0,0,False
2026-02-24 00:30:30+00:00,,,,,,,,0.54,0.54,,38.0,1,False
2026-02-24 00:31:00+00:00,,,,,,,,0.54,0.54,,0.0,0,False
2026-02-24 00:31:30+00:00,,,,,,,,0.54,0.54,,0.0,0,False
2026-02-24 00:32:00+00:00,,,,,,,,0.54,0.54,,17.0,1,False
2026-02-24 00:32:30+00:00,,,,,,,,0.54,0.54,,0.0,0,False
2026-02-24 00:33:00+00:00,,,,,,,,0.54,0.54,,0.0,0,False
2026-02-24 00:33:30+00:00,,,,,,,,0.54,0.54,,0.0,0,False
2026-02-24 00:34:00+00:00,,,,,,,,0.54,0.54,,0.0,0,False
2026-02-24 00:34:30+00:00,,,,,,,,0.54,0.54,,0.0,0,False
2026-02-24 00:35:00+00:00,,,,,,,,0.54,0.54,,0.0,0,False
2026-02-24 00:35:30+00:00,,,,,,,,0.54,0.54,,0.0,0,False
2026-02-24 00:36:00+00:00,,,,,,,,0.54,0.54,,0.0,0,False
2026-02-24 00:36:30+00:00,,,,,,,,0.54,0.54,,0.0,0,False
2026-02-24 00:37:00+00:00,,,,,,,,0.54,0.54,,108.0,2,False
2026-02-24 00:37:30+00:00,,,,,,,,0.54,0.54,,0.0,0,False
2026-02-24 00:38:00+00:00,,,,,,,,0.54,0.54,,0.0,0,False
2026-02-24 00:38:30+00:00,,,,,,,,0.54,0.54,,1.0,1,False
2026-02-24 00:39:00+00:00,,,,,,,,0.54,0.54,,0.0,0,False
2026-02-24 00:39:30+00:00,,,,,,,,0.54,0.54,,0.0,0,False
2026-02-24 00:40:00+00:00,,,,,,,,0.54,0.54,,20.0,2,False
2026-02-24 00:40:30+00:00,,,,,,,,0.54,0.54,,0.0,0,False
2026-02-24 00:41:00+00:00,,,,,,,,0.53,0.53,,1.0,1,False
2026-02-24 00:41:30+00:00,,,,,,,,0.51,0.51,,131.0,1,False
2026-02-24 00:42:00+00:00,,,,,,,,0.53,0.53,,3.0,1,False
2026-02-24 00:42:30+00:00,,,,,,,,0.53,0.53,,1.0,1,False
2026-02-24 00:43:00+00:00,,,,,,,,0.53,0.53,,0.0,0,False
2026-02-24 00:43:30+00:00,,,,,,,,0.54,0.54,,1.0,1,False
2026-02-24 00:44:00+00:00,,,,,,,,0.54,0.54,,26.0,1,False
2026-02-24 00:44:30+00:00,,,,,,,,0.54,0.54,,1.0,1,False
2026-02-24 00:45:00+00:00,,,,,,,,0.54,0.54,,0.0,0,False
2026-02-24 00:45:30+00:00,,,,,,,,0.54,0.54,,0.0,0,False
2026-02-24 00:46:00+00:00,,,,,,,,0.54,0.54,,0.0,0,False
2026-02-24 00:46:30+00:00,,,,,,,,0.54,0.54,,0.0,0,False
2026-02-24 00:47:00+00:00,,,,,,,,0.54,0.54,,0.0,0,False
2026-02-24 00:47:30+00:00,,,,,,,,0.54,0.54,,0.0,0,False
2026-02-24 00:48:00+00:00,,,,,,,,0.54,0.54,,0.0,0,False
2026-02-24 00:48:30+00:00,,,,,,,,0.54,0.54,,0.0,0,False
2026-02-24 00:49:00+00:00,,,,,,,,0.54,0.54,,0.0,0,False
2026-02-24 00:49:30+00:00,,,,,,,,0.54,0.54,,0.0,0,False
2026-02-24 00:50:00+00:00,,,,,,,,0.54,0.54,,17.0,1,False
2026-02-24 00:50:30+00:00,,,,,,,,0.54,0.54,,0.0,0,False
2026-02-24 00:51:00+00:00,,,,,,,,0.54,0.54,,0.0,0,False
2026-02-24 00:51:30+00:00,,,,,,,,0.54,0.54,,0.0,0,False
2026-02-24 00:52:00+00:00,,,,,,,,0.52,0.52,,2.0,1,False
2026-02-24 00:52:30+00:00,,,,,,,,0.54,0.54,,1.0,1,False
2026-02-24 00:53:00+00:00,,,,,,,,0.54,0.54,,0.0,0,False
2026-02-24 00:53:30+00:00,,,,,,,,0.54,0.54,,0.0,0,False
2026-02-24 00:54:00+00:00,,,,,,,,0.54,0.54,,0.0,0,False
2026-02-24 00:54:30+00:00,,,,,,,,0.54,0.54,,0.0,0,False
2026-02-24 00:55:00+00:00,,,,,,,,0.54,0.54,,8.0,1,False
2026-02-24 00:55:30+00:00,,,,,,,,0.54,0.54,,0.0,0,False
2026-02-24 00:56:00+00:00,,,,,,,,0.54,0.54,,2.0,1,False
2026-02-24 00:56:30+00:00,,,,,,,,0.54,0.54,,0.0,0,False
2026-02-24 00:57:00+00:00,,,,,,,,0.54,0.54,,267.0,1,False
2026-02-24 00:57:30+00:00,,,,,,,,0.54,0.54,,0.0,0,False
2026-02-24 00:58:00+00:00,,,,,,,,0.54,0.54,,0.0,0,False
2026-02-24 00:58:30+00:00,,,,,,,,0.54,0.54,,0.0,0,False
2026-02-24 00:59:00+00:00,,,,,,,,0.53,0.53,,12.0,2,False
2026-02-24 00:59:30+00:00,,,,,,,,0.53,0.53,,0.0,0,False
2026-02-24 01:00:00+00:00,,,,,,,,0.5370769230769231,0.54,,65.0,3,False
2026-02-24 01:00:30+00:00,,,,,,,,0.5370769230769231,0.54,,0.0,0,False
2026-02-24 01:01:00+00:00,,,,,,,,0.5370769230769231,0.54,,0.0,0,False
2026-02-24 01:01:30+00:00,,,,,,,,0.53,0.53,,18.0,1,False
2026-02-24 01:02:00+00:00,,,,,,,,0.53,0.53,,0.0,0,False
2026-02-24 01:02:30+00:00,,,,,,,,0.53,0.53,,0.0,0,False
2026-02-24 01:03:00+00:00,,,,,,,,0.53,0.53,,0.0,0,False
2026-02-24 01:03:30+00:00,,,,,,,,0.53,0.53,,0.0,0,False
2026-02-24 01:04:00+00:00,,,,,,,,0.52,0.52,,3.0,1,False
2026-02-24 01:04:30+00:00,,,,,,,,0.53,0.53,,4.0,1,False
2026-02-24 01:05:00+00:00,,,,,,,,0.53,0.53,,0.0,0,False
2026-02-24 01:05:30+00:00,,,,,,,,0.53,0.53,,0.0,0,False
2026-02-24 01:06:00+00:00,,,,,,,,0.53,0.53,,20.0,2,False
2026-02-24 01:06:30+00:00,,,,,,,,0.53,0.53,,5.0,1,False
2026-02-24 01:07:00+00:00,,,,,,,,0.53,0.53,,0.0,0,False
2026-02-24 01:07:30+00:00,,,,,,,,0.53,0.53,,1.0,1,False
2026-02-24 01:08:00+00:00,,,,,,,,0.53,0.53,,0.0,0,False
2026-02-24 01:08:30+00:00,,,,,,,,0.53,0.53,,20.0,1,False
2026-02-24 01:09:00+00:00,,,,,,,,0.53,0.53,,44.0,3,False
2026-02-24 01:09:30+00:00,,,,,,,,0.53,0.53,,3.0,1,False
2026-02-24 01:10:00+00:00,,,,,,,,0.53,0.53,,0.0,0,False
2026-02-24 01:10:30+00:00,,,,,,,,0.53,0.53,,0.0,0,False
2026-02-24 01:11:00+00:00,,,,,,,,0.53,0.53,,0.0,0,False
2026-02-24 01:11:30+00:00,,,,,,,,0.53,0.53,,0.0,0,False
2026-02-24 01:12:00+00:00,,,,,,,,0.53,0.53,,0.0,0,False
2026-02-24 01:12:30+00:00,,,,,,,,0.53,0.53,,0.0,0,False
2026-02-24 01:13:00+00:00,,,,,,,,0.53,0.53,,0.0,0,False
2026-02-24 01:13:30+00:00,,,,,,,,0.5400000000000001,0.54,,15.0,1,False
2026-02-24 01:14:00+00:00,,,,,,,,0.5400000000000001,0.54,,0.0,0,False
2026-02-24 01:14:30+00:00,,,,,,,,0.54,0.54,,17.0,1,False
2026-02-24 01:15:00+00:00,,,,,,,,0.54,0.54,,0.0,0,False
2026-02-24 01:15:30+00:00,,,,,,,,0.54,0.54,,0.0,0,False
2026-02-24 01:16:00+00:00,,,,,,,,0.54,0.54,,0.0,0,False
2026-02-24 01:16:30+00:00,,,,,,,,0.54,0.54,,0.0,0,False
2026-02-24 01:17:00+00:00,,,,,,,,0.54,0.54,,0.0,0,False
2026-02-24 01:17:30+00:00,,,,,,,,0.54,0.54,,0.0,0,False
2026-02-24 01:18:00+00:00,,,,,,,,0.54,0.54,,0.0,0,False
2026-02-24 01:18:30+00:00,,,,,,,,0.54,0.54,,0.0,0,False
2026-02-24 01:19:00+00:00,,,,,,,,0.54,0.54,,0.0,0,False
2026-02-24 01:19:30+00:00,,,,,,,,0.54,0.54,,0.0,0,False
2026-02-24 01:20:00+00:00,,,,,,,,0.54,0.54,,0.0,0,False
2026-02-24 01:20:30+00:00,,,,,,,,0.54,0.54,,0.0,0,False
2026-02-24 01:21:00+00:00,,,,,,,,0.54,0.54,,0.0,0,False
2026-02-24 01:21:30+00:00,,,,,,,,0.54,0.54,,17.0,1,False
2026-02-24 01:22:00+00:00,,,,,,,,0.54,0.54,,10.0,1,False
2026-02-24 01:22:30+00:00,,,,,,,,0.54,0.54,,0.0,0,False
2026-02-24 01:23:00+00:00,,,,,,,,0.54,0.54,,0.0,0,False
2026-02-24 01:23:30+00:00,,,,,,,,0.54,0.54,,0.0,0,False
2026-02-24 01:24:00+00:00,,,,,,,,0.54,0.54,,8.0,1,False
2026-02-24 01:24:30+00:00,,,,,,,,0.54,0.54,,50.0,1,False
2026-02-24 01:25:00+00:00,,,,,,,,0.52,0.52,,48.0,4,False
2026-02-24 01:25:30+00:00,,,,,,,,0.52,0.52,,0.0,0,False
2026-02-24 01:26:00+00:00,,,,,,,,0.52,0.52,,0.0,0,False
2026-02-24 01:26:30+00:00,,,,,,,,0.54,0.54,,1.0,1,False
2026-02-24 01:27:00+00:00,,,,,,,,0.54,0.54,,0.0,0,False
2026-02-24 01:27:30+00:00,,,,,,,,0.54,0.54,,0.0,0,False
2026-02-24 01:28:00+00:00,,,,,,,,0.54,0.54,,19.0,1,False
2026-02-24 01:28:30+00:00,,,,,,,,0.54,0.54,,0.0,0,False
2026-02-24 01:29:00+00:00,,,,,,,,0.54,0.54,,181.0,1,False
2026-02-24 01:29:30+00:00,,,,,,,,0.54,0.54,,0.0,0,False
2026-02-24 01:30:00+00:00,,,,,,,,0.54,0.54,,0.0,0,False
2026-02-24 01:30:30+00:00,,,,,,,,0.54,0.54,,25.0,1,False
2026-02-24 01:31:00+00:00,,,,,,,,0.54,0.54,,0.0,0,False
2026-02-24 01:31:30+00:00,,,,,,,,0.54,0.54,,26.0,1,False
2026-02-24 01:32:00+00:00,,,,,,,,0.5216949152542373,0.52,,59.0,3,False
2026-02-24 01:32:30+00:00,,,,,,,,0.5216949152542373,0.52,,0.0,0,False
2026-02-24 01:33:00+00:00,,,,,,,,0.5216949152542373,0.52,,0.0,0,False
2026-02-24 01:33:30+00:00,,,,,,,,0.5216949152542373,0.52,,0.0,0,False
2026-02-24 01:34:00+00:00,,,,,,,,0.5399999999999999,0.54,,1089.0,2,False
2026-02-24 01:34:30+00:00,,,,,,,,0.5399999999999999,0.54,,0.0,0,False
2026-02-24 01:35:00+00:00,,,,,,,,0.5399999999999999,0.54,,0.0,0,False
2026-02-24 01:35:30+00:00,,,,,,,,0.5399999999999999,0.54,,0.0,0,False
2026-02-24 01:36:00+00:00,,,,,,,,0.5399999999999999,0.54,,0.0,0,False
2026-02-24 01:36:30+00:00,,,,,,,,0.5399999999999999,0.54,,0.0,0,False
2026-02-24 01:37:00+00:00,,,,,,,,0.5399999999999999,0.54,,0.0,0,False
2026-02-24 01:37:30+00:00,,,,,,,,0.5399999999999999,0.54,,0.0,0,False
2026-02-24 01:38:00+00:00,,,,,,,,0.5399999999999999,0.54,,0.0,0,False
2026-02-24 01:38:30+00:00,,,,,,,,0.53,0.53,,109.0,1,False
2026-02-24 01:39:00+00:00,,,,,,,,0.53,0.53,,0.0,0,False
2026-02-24 01:39:30+00:00,,,,,,,,0.53,0.53,,0.0,0,False
2026-02-24 01:40:00+00:00,,,,,,,,0.52,0.52,,20.0,1,False
2026-02-24 01:40:30+00:00,,,,,,,,0.52,0.52,,0.0,0,False
2026-02-24 01:41:00+00:00,,,,,,,,0.52,0.52,,0.0,0,False
2026-02-24 01:41:30+00:00,,,,,,,,0.52,0.52,,0.0,0,False
2026-02-24 01:42:00+00:00,,,,,,,,0.52,0.52,,2.0,1,False
2026-02-24 01:42:30+00:00,,,,,,,,0.52,0.52,,0.0,0,False
2026-02-24 01:43:00+00:00,,,,,,,,0.52,0.52,,0.0,0,False
2026-02-24 01:43:30+00:00,,,,,,,,0.52,0.52,,0.0,0,False
2026-02-24 01:44:00+00:00,,,,,,,,0.53,0.53,,18.0,1,False
2026-02-24 01:44:30+00:00,,,,,,,,0.53,0.53,,100.0,1,False
2026-02-24 01:45:00+00:00,,,,,,,,0.53,0.53,,9.0,1,False
2026-02-24 01:45:30+00:00,,,,,,,,0.53,0.53,,0.0,0,False
2026-02-24 01:46:00+00:00,,,,,,,,0.53,0.53,,0.0,0,False
2026-02-24 01:46:30+00:00,,,,,,,,0.53,0.53,,0.0,0,False
2026-02-24 01:47:00+00:00,,,,,,,,0.53,0.53,,0.0,0,False
2026-02-24 01:47:30+00:00,,,,,,,,0.53,0.53,,0.0,0,False
2026-02-24 01:48:00+00:00,,,,,,,,0.53,0.53,,1.0,1,False
2026-02-24 01:48:30+00:00,,,,,,,,0.53,0.53,,0.0,0,False
2026-02-24 01:49:00+00:00,,,,,,,,0.53,0.53,,36.0,1,False
2026-02-24 01:49:30+00:00,,,,,,,,0.53,0.53,,0.0,0,False
2026-02-24 01:50:00+00:00,,,,,,,,0.53,0.53,,0.0,0,False
2026-02-24 01:50:30+00:00,,,,,,,,0.53,0.53,,0.0,0,False
2026-02-24 01:51:00+00:00,,,,,,,,0.53,0.53,,0.0,0,False
2026-02-24 01:51:30+00:00,,,,,,,,0.53,0.53,,0.0,0,False
2026-02-24 01:52:00+00:00,,,,,,,,0.53,0.53,,0.0,0,False
2026-02-24 01:52:30+00:00,,,,,,,,0.53,0.53,,0.0,0,False
2026-02-24 01:53:00+00:00,,,,,,,,0.53,0.53,,9.0,1,False
2026-02-24 01:53:30+00:00,,,,,,,,0.53,0.53,,1454.0,1,False
2026-02-24 01:54:00+00:00,,,,,,,,0.5285714285714287,0.53,,42.0,2,False
2026-02-24 01:54:30+00:00,,,,,,,,0.5285714285714287,0.53,,0.0,0,False
2026-02-24 01:55:00+00:00,,,,,,,,0.53,0.53,,21.0,1,False
2026-02-24 01:55:30+00:00,,,,,,,,0.5321364985163204,0.54,,337.0,5,False
2026-02-24 01:56:00+00:00,,,,,,,,0.5321364985163204,0.54,,0.0,0,False
2026-02-24 01:56:30+00:00,,,,,,,,0.5321364985163204,0.54,,0.0,0,False
2026-02-24 01:57:00+00:00,,,,,,,,0.5321364985163204,0.54,,0.0,0,False
2026-02-24 01:57:30+00:00,,,,,,,,0.5321364985163204,0.54,,0.0,0,False
2026-02-24 01:58:00+00:00,,,,,,,,0.5321364985163204,0.54,,0.0,0,False
2026-02-24 01:58:30+00:00,,,,,,,,0.5321364985163204,0.54,,0.0,0,False
2026-02-24 01:59:00+00:00,,,,,,,,0.5321364985163204,0.54,,0.0,0,False
2026-02-24 01:59:30+00:00,,,,,,,,0.5321364985163204,0.54,,0.0,0,False
2026-02-24 02:00:00+00:00,,,,,,,,0.5321364985163204,0.54,,0.0,0,False
2026-02-24 02:00:30+00:00,,,,,,,,0.54,0.54,,145.0,2,False
2026-02-24 02:01:00+00:00,,,,,,,,0.54,0.54,,0.0,0,False
2026-02-24 02:01:30+00:00,,,,,,,,0.54,0.54,,0.0,0,False
2026-02-24 02:02:00+00:00,,,,,,,,0.54,0.54,,0.0,0,False
2026-02-24 02:02:30+00:00,,,,,,,,0.54,0.54,,0.0,0,False
2026-02-24 02:03:00+00:00,,,,,,,,0.54,0.54,,0.0,0,False
2026-02-24 02:03:30+00:00,,,,,,,,0.54,0.54,,0.0,0,False
2026-02-24 02:04:00+00:00,,,,,,,,0.54,0.54,,0.0,0,False
2026-02-24 02:04:30+00:00,,,,,,,,0.54,0.54,,0.0,0,False
2026-02-24 02:05:00+00:00,,,,,,,,0.53,0.53,,30.0,1,False
2026-02-24 02:05:30+00:00,,,,,,,,0.54,0.54,,100.0,1,False
2026-02-24 02:06:00+00:00,,,,,,,,0.54,0.54,,0.0,0,False
2026-02-24 02:06:30+00:00,,,,,,,,0.54,0.54,,0.0,0,False
2026-02-24 02:07:00+00:00,,,,,,,,0.54,0.54,,8.0,1,False
2026-02-24 02:07:30+00:00,,,,,,,,0.54,0.54,,0.0,0,False
2026-02-24 02:08:00+00:00,,,,,,,,0.53,0.53,,7.0,1,False
2026-02-24 02:08:30+00:00,,,,,,,,0.53,0.53,,0.0,0,False
2026-02-24 02:09:00+00:00,,,,,,,,0.53,0.53,,0.0,0,False
2026-02-24 02:09:30+00:00,,,,,,,,0.53,0.53,,0.0,0,False
2026-02-24 02:10:00+00:00,,,,,,,,0.53,0.53,,0.0,0,False
2026-02-24 02:10:30+00:00,,,,,,,,0.53,0.53,,3.0,1,False
2026-02-24 02:11:00+00:00,,,,,,,,0.53,0.53,,0.0,0,False
2026-02-24 02:11:30+00:00,,,,,,,,0.53,0.53,,7.0,1,False
2026-02-24 02:12:00+00:00,,,,,,,,0.53,0.53,,9.0,1,False
2026-02-24 02:12:30+00:00,,,,,,,,0.53,0.53,,14.0,1,False
2026-02-24 02:13:00+00:00,,,,,,,,0.53,0.53,,0.0,0,False
2026-02-24 02:13:30+00:00,,,,,,,,0.53,0.53,,9.0,1,False
2026-02-24 02:14:00+00:00,,,,,,,,0.53,0.53,,0.0,0,False
2026-02-24 02:14:30+00:00,,,,,,,,0.53,0.53,,0.0,0,False
2026-02-24 02:15:00+00:00,,,,,,,,0.53,0.53,,2.0,1,False
2026-02-24 02:15:30+00:00,,,,,,,,0.53,0.53,,0.0,0,False
2026-02-24 02:16:00+00:00,,,,,,,,0.53,0.53,,0.0,0,False
2026-02-24 02:16:30+00:00,,,,,,,,0.5298360655737705,0.53,,61.0,3,False
2026-02-24 02:17:00+00:00,,,,,,,,0.53,0.53,,109.0,1,False
2026-02-24 02:17:30+00:00,,,,,,,,0.53,0.53,,0.0,0,False
2026-02-24 02:18:00+00:00,,,,,,,,0.53,0.53,,181.0,1,False
2026-02-24 02:18:30+00:00,,,,,,,,0.53,0.53,,0.0,0,False
2026-02-24 02:19:00+00:00,,,,,,,,0.52,0.52,,40.0,2,False
2026-02-24 02:19:30+00:00,,,,,,,,0.53,0.53,,36.0,1,False
2026-02-24 02:20:00+00:00,,,,,,,,0.53,0.53,,0.0,0,False
2026-02-24 02:20:30+00:00,,,,,,,,0.53,0.53,,9.0,1,False
2026-02-24 02:21:00+00:00,,,,,,,,0.53,0.53,,0.0,0,False
2026-02-24 02:21:30+00:00,,,,,,,,0.53,0.53,,36.0,2,False
2026-02-24 02:22:00+00:00,,,,,,,,0.53,0.53,,0.0,0,False
2026-02-24 02:22:30+00:00,,,,,,,,0.53,0.53,,0.0,0,False
2026-02-24 02:23:00+00:00,,,,,,,,0.53,0.53,,91.0,1,False
2026-02-24 02:23:30+00:00,,,,,,,,0.53,0.53,,0.0,0,False
2026-02-24 02:24:00+00:00,,,,,,,,0.53,0.53,,0.0,0,False
2026-02-24 02:24:30+00:00,,,,,,,,0.53,0.53,,0.0,0,False
2026-02-24 02:25:00+00:00,,,,,,,,0.53,0.53,,0.0,0,False
2026-02-24 02:25:30+00:00,,,,,,,,0.53,0.53,,0.0,0,False
2026-02-24 02:26:00+00:00,,,,,,,,0.53,0.53,,0.0,0,False
2026-02-24 02:26:30+00:00,,,,,,,,0.53,0.53,,757.0,2,False
2026-02-24 02:27:00+00:00,,,,,,,,0.53,0.53,,0.0,0,False
2026-02-24 02:27:30+00:00,,,,,,,,0.53,0.53,,0.0,0,False
2026-02-24 02:28:00+00:00,,,,,,,,0.53,0.53,,0.0,0,False
2026-02-24 02:28:30+00:00,,,,,,,,0.53,0.53,,0.0,0,False
2026-02-24 02:29:00+00:00,,,,,,,,0.53,0.53,,0.0,0,False
2026-02-24 02:29:30+00:00,,,,,,,,0.53,0.53,,0.0,0,False
2026-02-24 02:30:00+00:00,,,,,,,,0.53,0.53,,0.0,0,False
2026-02-24 02:30:30+00:00,,,,,,,,0.53,0.53,,0.0,0,False
2026-02-24 02:31:00+00:00,,,,,,,,0.53,0.53,,0.0,0,False
2026-02-24 02:31:30+00:00,,,,,,,,0.53,0.53,,0.0,0,False
2026-02-24 02:32:00+00:00,,,,,,,,0.53,0.53,,0.0,0,False
2026-02-24 02:32:30+00:00,,,,,,,,0.53,0.53,,0.0,0,False
2026-02-24 02:33:00+00:00,,,,,,,,0.5298333333333334,0.53,,600.0,3,False
2026-02-24 02:33:30+00:00,,,,,,,,0.5298333333333334,0.53,,0.0,0,False
2026-02-24 02:34:00+00:00,,,,,,,,0.5298333333333334,0.53,,0.0,0,False
2026-02-24 02:34:30+00:00,,,,,,,,0.5298333333333334,0.53,,0.0,0,False
2026-02-24 02:35:00+00:00,,,,,,,,0.53,0.53,,181.0,1,False
2026-02-24 02:35:30+00:00,,,,,,,,0.53,0.53,,1.0,1,False
2026-02-24 02:36:00+00:00,,,,,,,,0.53,0.53,,2.0,1,False
2026-02-24 02:36:30+00:00,,,,,,,,0.53,0.53,,90.0,1,False
2026-02-24 02:37:00+00:00,,,,,,,,0.53,0.53,,20.0,1,False
2026-02-24 02:37:30+00:00,,,,,,,,0.53,0.53,,0.0,0,False
2026-02-24 02:38:00+00:00,,,,,,,,0.53,0.53,,0.0,0,False
2026-02-24 02:38:30+00:00,,,,,,,,0.53,0.53,,0.0,0,False
2026-02-24 02:39:00+00:00,,,,,,,,0.53,0.53,,0.0,0,False
2026-02-24 02:39:30+00:00,,,,,,,,0.53,0.53,,45.0,1,False
2026-02-24 02:40:00+00:00,,,,,,,,0.53,0.53,,29.0,2,False
2026-02-24 02:40:30+00:00,,,,,,,,0.53,0.53,,0.0,0,False
2026-02-24 02:41:00+00:00,,,,,,,,0.53,0.53,,0.0,0,False
2026-02-24 02:41:30+00:00,,,,,,,,0.53,0.53,,0.0,0,False
2026-02-24 02:42:00+00:00,,,,,,,,0.53,0.53,,0.0,0,False
2026-02-24 02:42:30+00:00,,,,,,,,0.53,0.53,,0.0,0,False
2026-02-24 02:43:00+00:00,,,,,,,,0.54,0.54,,8.0,1,False
2026-02-24 02:43:30+00:00,,,,,,,,0.54,0.54,,0.0,0,False
2026-02-24 02:44:00+00:00,,,,,,,,0.54,0.54,,17.0,1,False
2026-02-24 02:44:30+00:00,,,,,,,,0.54,0.54,,0.0,0,False
2026-02-24 02:45:00+00:00,,,,,,,,0.54,0.54,,17.0,1,False
2026-02-24 02:45:30+00:00,,,,,,,,0.54,0.54,,0.0,0,False
2026-02-24 02:46:00+00:00,,,,,,,,0.54,0.54,,0.0,0,False
2026-02-24 02:46:30+00:00,,,,,,,,0.54,0.54,,0.0,0,False
2026-02-24 02:47:00+00:00,,,,,,,,0.54,0.54,,0.0,0,False
2026-02-24 02:47:30+00:00,,,,,,,,0.54,0.54,,0.0,0,False
2026-02-24 02:48:00+00:00,,,,,,,,0.5381132075471698,0.54,,53.0,3,False
2026-02-24 02:48:30+00:00,,,,,,,,0.5381132075471698,0.54,,0.0,0,False
2026-02-24 02:49:00+00:00,,,,,,,,0.54,0.54,,21.0,1,False
2026-02-24 02:49:30+00:00,,,,,,,,0.53,0.53,,428.0,1,False
2026-02-24 02:50:00+00:00,,,,,,,,0.54,0.54,,100.0,1,False
2026-02-24 02:50:30+00:00,,,,,,,,0.54,0.54,,10.0,1,False
2026-02-24 02:51:00+00:00,,,,,,,,0.54,0.54,,429.0,2,False
2026-02-24 02:51:30+00:00,,,,,,,,0.54,0.54,,151.0,2,False
2026-02-24 02:52:00+00:00,,,,,,,,0.54,0.54,,0.0,0,False
2026-02-24 02:52:30+00:00,,,,,,,,0.54,0.54,,0.0,0,False
2026-02-24 02:53:00+00:00,,,,,,,,0.54,0.54,,25.0,1,False
2026-02-24 02:53:30+00:00,,,,,,,,0.54,0.54,,0.0,0,False
2026-02-24 02:54:00+00:00,,,,,,,,0.54,0.54,,0.0,0,False
2026-02-24 02:54:30+00:00,,,,,,,,0.54,0.54,,0.0,0,False
2026-02-24 02:55:00+00:00,,,,,,,,0.54,0.54,,0.0,0,False
2026-02-24 02:55:30+00:00,,,,,,,,0.54,0.54,,0.0,0,False
2026-02-24 02:56:00+00:00,,,,,,,,0.54,0.54,,1.0,1,False
2026-02-24 02:56:30+00:00,,,,,,,,0.54,0.54,,0.0,0,False
2026-02-24 02:57:00+00:00,,,,,,,,0.54,0.54,,0.0,0,False
2026-02-24 02:57:30+00:00,,,,,,,,0.54,0.54,,7.0,1,False
2026-02-24 02:58:00+00:00,,,,,,,,0.54,0.54,,35.0,1,False
2026-02-24 02:58:30+00:00,,,,,,,,0.54,0.54,,0.0,0,False
2026-02-24 02:59:00+00:00,,,,,,,,0.54,0.54,,0.0,0,False
2026-02-24 02:59:30+00:00,,,,,,,,0.54,0.54,,17.0,1,False
2026-02-24 03:00:00+00:00,,,,,,,,0.54,0.54,,0.0,0,False
2026-02-24 03:00:30+00:00,,,,,,,,0.54,0.54,,41.0,1,False
2026-02-24 03:01:00+00:00,,,,,,,,0.54,0.54,,0.0,0,False
2026-02-24 03:01:30+00:00,,,,,,,,0.54,0.54,,0.0,0,False
2026-02-24 03:02:00+00:00,,,,,,,,0.54,0.54,,0.0,0,False
2026-02-24 03:02:30+00:00,,,,,,,,0.54,0.54,,0.0,0,False
2026-02-24 03:03:00+00:00,,,,,,,,0.54,0.54,,8.0,1,False
2026-02-24 03:03:30+00:00,,,,,,,,0.54,0.54,,0.0,0,False
2026-02-24 03:04:00+00:00,,,,,,,,0.54,0.54,,17.0,1,False
2026-02-24 03:04:30+00:00,,,,,,,,0.53,0.53,,10.0,1,False
2026-02-24 03:05:00+00:00,,,,,,,,0.54,0.54,,8.0,1,False
2026-02-24 03:05:30+00:00,,,,,,,,0.54,0.54,,0.0,0,False
2026-02-24 03:06:00+00:00,,,,,,,,0.54,0.54,,757.0,4,False
2026-02-24 03:06:30+00:00,,,,,,,,0.54,0.54,,0.0,0,False
2026-02-24 03:07:00+00:00,,,,,,,,0.54,0.54,,0.0,0,False
2026-02-24 03:07:30+00:00,,,,,,,,0.5488461538461539,0.55,,52.0,3,False
2026-02-24 03:08:00+00:00,,,,,,,,0.5392631578947369,0.53,,95.0,2,False
2026-02-24 03:08:30+00:00,,,,,,,,0.5392631578947369,0.53,,0.0,0,False
2026-02-24 03:09:00+00:00,,,,,,,,0.53,0.53,,26.0,1,False
2026-02-24 03:09:30+00:00,,,,,,,,0.53,0.53,,4.0,1,False
2026-02-24 03:10:00+00:00,,,,,,,,0.55,0.55,,21.0,1,False
2026-02-24 03:10:30+00:00,,,,,,,,0.55,0.55,,70.0,1,False
2026-02-24 03:11:00+00:00,,,,,,,,0.55,0.55,,0.0,0,False
2026-02-24 03:11:30+00:00,,,,,,,,0.55,0.55,,1.0,1,False
2026-02-24 03:12:00+00:00,,,,,,,,0.55,0.55,,0.0,0,False
2026-02-24 03:12:30+00:00,,,,,,,,0.55,0.55,,74.0,3,False
2026-02-24 03:13:00+00:00,,,,,,,,0.55,0.55,,0.0,0,False
2026-02-24 03:13:30+00:00,,,,,,,,0.5499999999999999,0.55,,6.0,2,False
2026-02-24 03:14:00+00:00,,,,,,,,0.5499999999999999,0.55,,0.0,0,False
2026-02-24 03:14:30+00:00,,,,,,,,0.55,0.55,,19.0,1,False
2026-02-24 03:15:00+00:00,,,,,,,,0.55,0.55,,0.0,0,False
2026-02-24 03:15:30+00:00,,,,,,,,0.55,0.55,,24.0,1,False
2026-02-24 03:16:00+00:00,,,,,,,,0.55,0.55,,0.0,0,False
2026-02-24 03:16:30+00:00,,,,,,,,0.55,0.55,,87.0,1,False
2026-02-24 03:17:00+00:00,,,,,,,,0.53,0.53,,47.0,4,False
2026-02-24 03:17:30+00:00,,,,,,,,0.53,0.53,,0.0,0,False
2026-02-24 03:18:00+00:00,,,,,,,,0.55,0.55,,17.0,1,False
2026-02-24 03:18:30+00:00,,,,,,,,0.55,0.55,,0.0,0,False
2026-02-24 03:19:00+00:00,,,,,,,,0.53,0.53,,40.0,2,False
2026-02-24 03:19:30+00:00,,,,,,,,0.53,0.53,,0.0,0,False
2026-02-24 03:20:00+00:00,,,,,,,,0.55,0.55,,170.0,1,False
2026-02-24 03:20:30+00:00,,,,,,,,0.55,0.55,,0.0,0,False
2026-02-24 03:21:00+00:00,,,,,,,,0.55,0.55,,1.0,1,False
2026-02-24 03:21:30+00:00,,,,,,,,0.55,0.55,,0.0,0,False
2026-02-24 03:22:00+00:00,,,,,,,,0.55,0.55,,8.0,1,False
2026-02-24 03:22:30+00:00,,,,,,,,0.55,0.55,,87.0,1,False
2026-02-24 03:23:00+00:00,,,,,,,,0.541304347826087,0.55,,46.0,2,False
2026-02-24 03:23:30+00:00,,,,,,,,0.541304347826087,0.55,,0.0,0,False
2026-02-24 03:24:00+00:00,,,,,,,,0.541304347826087,0.55,,0.0,0,False
2026-02-24 03:24:30+00:00,,,,,,,,0.541304347826087,0.55,,0.0,0,False
2026-02-24 03:25:00+00:00,,,,,,,,0.541304347826087,0.55,,0.0,0,False
2026-02-24 03:25:30+00:00,,,,,,,,0.5492614047791456,0.55,,1381.0,5,False
2026-02-24 03:26:00+00:00,,,,,,,,0.55,0.55,,17.0,1,False
2026-02-24 03:26:30+00:00,,,,,,,,0.53,0.53,,51.0,1,False
2026-02-24 03:27:00+00:00,,,,,,,,0.53,0.53,,2.0,1,False
2026-02-24 03:27:30+00:00,,,,,,,,0.53,0.53,,0.0,0,False
2026-02-24 03:28:00+00:00,,,,,,,,0.546,0.55,,120.0,4,False
2026-02-24 03:28:30+00:00,,,,,,,,0.53,0.53,,2.0,1,False
2026-02-24 03:29:00+00:00,,,,,,,,0.53,0.53,,51.0,1,False
2026-02-24 03:29:30+00:00,,,,,,,,0.55,0.55,,17.0,1,False
2026-02-24 03:30:00+00:00,,,,,,,,0.55,0.55,,0.0,0,False
2026-02-24 03:30:30+00:00,,,,,,,,0.55,0.55,,18.0,1,False
2026-02-24 03:31:00+00:00,,,,,,,,0.536,0.55,,30.0,3,False
2026-02-24 03:31:30+00:00,,,,,,,,0.55,0.55,,1.0,1,False
2026-02-24 03:32:00+00:00,,,,,,,,0.55,0.55,,0.0,0,False
2026-02-24 03:32:30+00:00,,,,,,,,0.55,0.55,,0.0,0,False
2026-02-24 03:33:00+00:00,,,,,,,,0.55,0.55,,77.0,2,False
2026-02-24 03:33:30+00:00,,,,,,,,0.55,0.55,,0.0,0,False
2026-02-24 03:34:00+00:00,,,,,,,,0.549861932938856,0.54,,507.0,3,False
2026-02-24 03:34:30+00:00,,,,,,,,0.55,0.55,,160.0,3,False
2026-02-24 03:35:00+00:00,,,,,,,,0.5499999999999999,0.55,,377.0,3,False
2026-02-24 03:35:30+00:00,,,,,,,,0.55,0.55,,100.0,1,False
2026-02-24 03:36:00+00:00,,,,,,,,0.53,0.53,,100.0,1,False
2026-02-24 03:36:30+00:00,,,,,,,,0.53,0.53,,0.0,0,False
2026-02-24 03:37:00+00:00,,,,,,,,0.53,0.53,,0.0,0,False
2026-02-24 03:37:30+00:00,,,,,,,,0.53,0.53,,0.0,0,False
2026-02-24 03:38:00+00:00,,,,,,,,0.5442857142857144,0.55,,35.0,2,False
2026-02-24 03:38:30+00:00,,,,,,,,0.53,0.53,,10.0,1,False
2026-02-24 03:39:00+00:00,,,,,,,,0.55,0.55,,52.0,1,False
2026-02-24 03:39:30+00:00,,,,,,,,0.55,0.55,,50.0,1,False
2026-02-24 03:40:00+00:00,,,,,,,,0.55,0.55,,0.0,0,False
2026-02-24 03:40:30+00:00,,,,,,,,0.55,0.55,,43.0,1,False
2026-02-24 03:41:00+00:00,,,,,,,,0.55,0.55,,74.0,3,False
2026-02-24 03:41:30+00:00,,,,,,,,0.55,0.55,,17.0,1,False
2026-02-24 03:42:00+00:00,,,,,,,,0.55,0.55,,0.0,0,False
2026-02-24 03:42:30+00:00,,,,,,,,0.55,0.55,,250.0,2,False
2026-02-24 03:43:00+00:00,,,,,,,,0.55,0.55,,0.0,0,False
2026-02-24 03:43:30+00:00,,,,,,,,0.55,0.55,,279.0,2,False
2026-02-24 03:44:00+00:00,,,,,,,,0.55,0.55,,174.0,2,False
2026-02-24 03:44:30+00:00,,,,,,,,0.5329648894668401,0.53,,769.0,2,False
2026-02-24 03:45:00+00:00,,,,,,,,0.5500000000000002,0.55,,125.0,2,False
2026-02-24 03:45:30+00:00,,,,,,,,0.5499999999999999,0.55,,462.0,5,False
2026-02-24 03:46:00+00:00,,,,,,,,0.5347368421052632,0.53,,19.0,2,False
2026-02-24 03:46:30+00:00,,,,,,,,0.530422077922078,0.53,,308.0,5,False
2026-02-24 03:47:00+00:00,,,,,,,,0.5233333333333333,0.54,,1200.0,4,False
2026-02-24 03:47:30+00:00,,,,,,,,0.5233333333333333,0.54,,0.0,0,False
2026-02-24 03:48:00+00:00,,,,,,,,0.5233333333333333,0.54,,0.0,0,False
2026-02-24 03:48:30+00:00,,,,,,,,0.53,0.53,,14.0,2,False
2026-02-24 03:49:00+00:00,,,,,,,,0.53,0.53,,45.0,1,False
2026-02-24 03:49:30+00:00,,,,,,,,0.53,0.53,,191.0,2,False
2026-02-24 03:50:00+00:00,,,,,,,,0.53,0.53,,251.0,2,False
2026-02-24 03:50:30+00:00,,,,,,,,0.5398712926692781,0.54,,1787.0,3,False
2026-02-24 03:51:00+00:00,,,,,,,,0.54,0.54,,5.0,1,False
2026-02-24 03:51:30+00:00,,,,,,,,0.5385714285714286,0.54,,252.0,4,False
2026-02-24 03:52:00+00:00,,,,,,,,0.5399999999999999,0.54,,316.0,3,False
2026-02-24 03:52:30+00:00,,,,,,,,0.54,0.54,,5.0,1,False
2026-02-24 03:53:00+00:00,,,,,,,,0.54,0.54,,0.0,0,False
2026-02-24 03:53:30+00:00,,,,,,,,0.54,0.54,,189.0,1,False
2026-02-24 03:54:00+00:00,,,,,,,,0.54,0.54,,14.0,1,False
2026-02-24 03:54:30+00:00,,,,,,,,0.5210869565217392,0.54,,92.0,4,False
2026-02-24 03:55:00+00:00,,,,,,,,0.54,0.54,,125.0,1,False
2026-02-24 03:55:30+00:00,,,,,,,,0.5400000000000001,0.54,,15.0,1,False
2026-02-24 03:56:00+00:00,,,,,,,,0.52,0.52,,200.0,2,False
2026-02-24 03:56:30+00:00,,,,,,,,0.52,0.52,,0.0,0,False
2026-02-24 03:57:00+00:00,,,,,,,,0.54,0.54,,118.0,2,False
2026-02-24 03:57:30+00:00,,,,,,,,0.5271428571428571,0.53,,21.0,2,False
2026-02-24 03:58:00+00:00,,,,,,,,0.53,0.53,,25.0,2,False
2026-02-24 03:58:30+00:00,,,,,,,,0.5327225130890052,0.54,,191.0,3,False
2026-02-24 03:59:00+00:00,,,,,,,,0.54,0.54,,38.0,2,False
2026-02-24 03:59:30+00:00,,,,,,,,0.54,0.54,,0.0,0,False
2026-02-24 04:00:00+00:00,,,,,,,,0.538,0.54,,10.0,3,False
2026-02-24 04:00:30+00:00,,,,,,,,0.538,0.54,,0.0,0,False
2026-02-24 04:01:00+00:00,,,,,,,,0.5394915254237288,0.52,,236.0,2,False
2026-02-24 04:01:30+00:00,,,,,,,,0.5394915254237288,0.52,,0.0,0,False
2026-02-24 04:02:00+00:00,,,,,,,,0.5394915254237288,0.52,,0.0,0,False
2026-02-24 04:02:30+00:00,,,,,,,,0.5344000000000001,0.52,,50.0,4,False
2026-02-24 04:03:00+00:00,,,,,,,,0.54,0.54,,281.0,2,False
2026-02-24 04:03:30+00:00,,,,,,,,0.5399999999999999,0.54,,61.0,2,False
2026-02-24 04:04:00+00:00,,,,,,,,0.5327272727272728,0.52,,55.0,2,False
2026-02-24 04:04:30+00:00,,,,,,,,0.54,0.54,,35.0,1,False
2026-02-24 04:05:00+00:00,,,,,,,,0.52,0.52,,20.0,1,False
2026-02-24 04:05:30+00:00,,,,,,,,0.54,0.54,,271.0,5,False
2026-02-24 04:06:00+00:00,,,,,,,,0.54,0.54,,0.0,0,False
2026-02-24 04:06:30+00:00,,,,,,,,0.538086124401914,0.52,,209.0,3,False
2026-02-24 04:07:00+00:00,,,,,,,,0.54,0.54,,352.0,2,False
2026-02-24 04:07:30+00:00,,,,,,,,0.54,0.54,,0.0,0,False
2026-02-24 04:08:00+00:00,,,,,,,,0.54,0.54,,0.0,0,False
2026-02-24 04:08:30+00:00,,,,,,,,0.54,0.54,,53.0,1,False
2026-02-24 04:09:00+00:00,,,,,,,,0.54,0.54,,25.0,1,False
2026-02-24 04:09:30+00:00,,,,,,,,0.54,0.54,,0.0,0,False
2026-02-24 04:10:00+00:00,,,,,,,,0.5386206896551724,0.52,,29.0,3,False
2026-02-24 04:10:30+00:00,,,,,,,,0.54,0.54,,74.0,2,False
2026-02-24 04:11:00+00:00,,,,,,,,0.54,0.54,,0.0,0,False
2026-02-24 04:11:30+00:00,,,,,,,,0.5351748251748252,0.52,,286.0,4,False
2026-02-24 04:12:00+00:00,,,,,,,,0.54,0.54,,107.0,1,False
2026-02-24 04:12:30+00:00,,,,,,,,0.54,0.54,,34.0,3,False
2026-02-24 04:13:00+00:00,,,,,,,,0.54,0.54,,0.0,0,False
2026-02-24 04:13:30+00:00,,,,,,,,0.55,0.55,,5.0,1,False
2026-02-24 04:14:00+00:00,,,,,,,,0.55,0.55,,94.0,1,False
2026-02-24 04:14:30+00:00,,,,,,,,0.55,0.55,,0.0,0,False
2026-02-24 04:15:00+00:00,,,,,,,,0.5495238095238096,0.54,,105.0,2,False
2026-02-24 04:15:30+00:00,,,,,,,,0.55,0.55,,17.0,1,False
2026-02-24 04:16:00+00:00,,,,,,,,0.54,0.54,,10.0,1,False
2026-02-24 04:16:30+00:00,,,,,,,,0.54,0.54,,0.0,0,False
2026-02-24 04:17:00+00:00,,,,,,,,0.55,0.55,,10.0,2,False
2026-02-24 04:17:30+00:00,,,,,,,,0.55,0.55,,20.0,1,False
2026-02-24 04:18:00+00:00,,,,,,,,0.55,0.55,,8.0,1,False
2026-02-24 04:18:30+00:00,,,,,,,,0.55,0.55,,8.0,1,False
2026-02-24 04:19:00+00:00,,,,,,,,0.55,0.55,,316.0,5,False
2026-02-24 04:19:30+00:00,,,,,,,,0.5418181818181819,0.54,,77.0,2,False
2026-02-24 04:20:00+00:00,,,,,,,,0.55,0.55,,40.0,1,False
2026-02-24 04:20:30+00:00,,,,,,,,0.5403686635944701,0.55,,217.0,2,False
2026-02-24 04:21:00+00:00,,,,,,,,0.55,0.55,,25.0,2,False
2026-02-24 04:21:30+00:00,,,,,,,,0.55,0.55,,0.0,0,False
2026-02-24 04:22:00+00:00,,,,,,,,0.55,0.55,,0.0,0,False
2026-02-24 04:22:30+00:00,,,,,,,,0.56,0.56,,8.0,1,False
2026-02-24 04:23:00+00:00,,,,,,,,0.54,0.54,,625.0,1,False
2026-02-24 04:23:30+00:00,,,,,,,,0.56,0.56,,184.0,2,False
2026-02-24 04:24:00+00:00,,,,,,,,0.56,0.56,,0.0,0,False
2026-02-24 04:24:30+00:00,,,,,,,,0.56,0.56,,0.0,0,False
2026-02-24 04:25:00+00:00,,,,,,,,0.56,0.56,,12.0,1,False
2026-02-24 04:25:30+00:00,,,,,,,,0.55,0.55,,2.0,1,False
2026-02-24 04:26:00+00:00,,,,,,,,0.53,0.53,,10.0,1,False
2026-02-24 04:26:30+00:00,,,,,,,,0.5301396557323805,0.53,,6158.0,7,False
2026-02-24 04:27:00+00:00,,,,,,,,0.5301396557323805,0.53,,0.0,0,False
2026-02-24 04:27:30+00:00,,,,,,,,0.55,0.55,,26.0,1,False
2026-02-24 04:28:00+00:00,,,,,,,,0.55,0.55,,0.0,0,False
2026-02-24 04:28:30+00:00,,,,,,,,0.55,0.55,,0.0,0,False
2026-02-24 04:29:00+00:00,,,,,,,,0.5485185185185186,0.53,,108.0,2,False
2026-02-24 04:29:30+00:00,,,,,,,,0.55,0.55,,30.0,1,False
2026-02-24 04:30:00+00:00,,,,,,,,0.55,0.55,,0.0,0,False
2026-02-24 04:30:30+00:00,,,,,,,,0.53,0.53,,10.0,1,False
2026-02-24 04:31:00+00:00,,,,,,,,0.53,0.53,,0.0,0,False
2026-02-24 04:31:30+00:00,,,,,,,,0.53,0.53,,2.0,1,False
2026-02-24 04:32:00+00:00,,,,,,,,0.55,0.55,,21.0,1,False
2026-02-24 04:32:30+00:00,,,,,,,,0.55,0.55,,0.0,0,False
2026-02-24 04:33:00+00:00,,,,,,,,0.55,0.55,,0.0,0,False
2026-02-24 04:33:30+00:00,,,,,,,,0.55,0.55,,1.0,1,False
2026-02-24 04:34:00+00:00,,,,,,,,0.55,0.55,,210.0,2,False
2026-02-24 04:34:30+00:00,,,,,,,,0.55,0.55,,0.0,0,False
2026-02-24 04:35:00+00:00,,,,,,,,0.55,0.55,,235.0,2,False
2026-02-24 04:35:30+00:00,,,,,,,,0.55,0.55,,0.0,0,False
2026-02-24 04:36:00+00:00,,,,,,,,0.53,0.53,,2.0,1,False
2026-02-24 04:36:30+00:00,,,,,,,,0.55,0.55,,175.0,2,False
2026-02-24 04:37:00+00:00,,,,,,,,0.53,0.53,,20.0,1,False
2026-02-24 04:37:30+00:00,,,,,,,,0.53,0.53,,41.0,1,False
2026-02-24 04:38:00+00:00,,,,,,,,0.54,0.54,,8.0,1,False
2026-02-24 04:38:30+00:00,,,,,,,,0.54,0.54,,0.0,0,False
2026-02-24 04:39:00+00:00,,,,,,,,0.54,0.54,,2.0,1,False
2026-02-24 04:39:30+00:00,,,,,,,,0.54,0.54,,35.0,1,False
2026-02-24 04:40:00+00:00,,,,,,,,0.54,0.54,,0.0,0,False
2026-02-24 04:40:30+00:00,,,,,,,,0.54,0.54,,0.0,0,False
2026-02-24 04:41:00+00:00,,,,,,,,0.53,0.53,,87.0,1,False
2026-02-24 04:41:30+00:00,,,,,,,,0.53,0.53,,0.0,0,False
2026-02-24 04:42:00+00:00,,,,,,,,0.53,0.53,,0.0,0,False
2026-02-24 04:42:30+00:00,,,,,,,,0.55,0.55,,61.0,1,False
2026-02-24 04:43:00+00:00,,,,,,,,0.55,0.55,,0.0,0,False
2026-02-24 04:43:30+00:00,,,,,,,,0.55,0.55,,0.0,0,False
2026-02-24 04:44:00+00:00,,,,,,,,0.55,0.55,,5.0,1,False
2026-02-24 04:44:30+00:00,,,,,,,,0.55,0.55,,35.0,1,False
2026-02-24 04:45:00+00:00,,,,,,,,0.55,0.55,,10.0,1,False
2026-02-24 04:45:30+00:00,,,,,,,,0.55,0.55,,35.0,1,False
2026-02-24 04:46:00+00:00,,,,,,,,0.55,0.55,,17.0,1,False
2026-02-24 04:46:30+00:00,,,,,,,,0.55,0.55,,89.0,1,False
2026-02-24 04:47:00+00:00,,,,,,,,0.55,0.55,,57.0,1,False
2026-02-24 04:47:30+00:00,,,,,,,,0.55,0.55,,12.0,1,False
2026-02-24 04:48:00+00:00,,,,,,,,0.5495348837209303,0.55,,86.0,3,False
2026-02-24 04:48:30+00:00,,,,,,,,0.5495348837209303,0.55,,0.0,0,False
2026-02-24 04:49:00+00:00,,,,,,,,0.530232558139535,0.53,,258.0,2,False
2026-02-24 04:49:30+00:00,,,,,,,,0.55,0.55,,5.0,1,False
2026-02-24 04:50:00+00:00,,,,,,,,0.55,0.55,,0.0,0,False
2026-02-24 04:50:30+00:00,,,,,,,,0.55,0.55,,0.0,0,False
2026-02-24 04:51:00+00:00,,,,,,,,0.53,0.53,,10.0,1,False
2026-02-24 04:51:30+00:00,,,,,,,,0.53,0.53,,0.0,0,False
2026-02-24 04:52:00+00:00,,,,,,,,0.53,0.53,,2040.0,1,False
2026-02-24 04:52:30+00:00,,,,,,,,0.55,0.55,,3.0,1,False
2026-02-24 04:53:00+00:00,,,,,,,,0.55,0.55,,0.0,0,False
2026-02-24 04:53:30+00:00,,,,,,,,0.55,0.55,,245.0,1,False
2026-02-24 04:54:00+00:00,,,,,,,,0.55,0.55,,8.0,2,False
2026-02-24 04:54:30+00:00,,,,,,,,0.55,0.55,,77.0,2,False
2026-02-24 04:55:00+00:00,,,,,,,,0.531081081081081,0.55,,259.0,4,False
2026-02-24 04:55:30+00:00,,,,,,,,0.55,0.55,,7.0,1,False
2026-02-24 04:56:00+00:00,,,,,,,,0.55,0.55,,25.0,2,False
2026-02-24 04:56:30+00:00,,,,,,,,0.55,0.55,,0.0,0,False
2026-02-24 04:57:00+00:00,,,,,,,,0.55,0.55,,368.0,3,False
2026-02-24 04:57:30+00:00,,,,,,,,0.55,0.55,,175.0,1,False
2026-02-24 04:58:00+00:00,,,,,,,,0.55,0.55,,0.0,0,False
2026-02-24 04:58:30+00:00,,,,,,,,0.55,0.55,,0.0,0,False
2026-02-24 04:59:00+00:00,,,,,,,,0.5500000000000002,0.55,,351.0,2,False
2026-02-24 04:59:30+00:00,,,,,,,,0.55,0.55,,15.0,1,False
2026-02-24 05:00:00+00:00,,,,,,,,0.55,0.55,,17.0,1,False
2026-02-24 05:00:30+00:00,,,,,,,,0.55,0.55,,0.0,0,False
2026-02-24 05:01:00+00:00,,,,,,,,0.55,0.55,,37.0,2,False
2026-02-24 05:01:30+00:00,,,,,,,,0.55,0.55,,0.0,0,False
2026-02-24 05:02:00+00:00,,,,,,,,0.55,0.55,,52.0,1,False
2026-02-24 05:02:30+00:00,,,,,,,,0.55,0.55,,0.0,0,False
2026-02-24 05:03:00+00:00,,,,,,,,0.5303087478559176,0.55,,583.0,3,False
2026-02-24 05:03:30+00:00,,,,,,,,0.55,0.55,,15.0,1,False
2026-02-24 05:04:00+00:00,,,,,,,,0.55,0.55,,0.0,0,False
2026-02-24 05:04:30+00:00,,,,,,,,0.54,0.54,,3.0,1,False
2026-02-24 05:05:00+00:00,,,,,,,,0.55,0.55,,264.0,1,False
2026-02-24 05:05:30+00:00,,,,,,,,0.5379069767441861,0.53,,43.0,2,False
2026-02-24 05:06:00+00:00,,,,,,,,0.53,0.53,,312.0,2,False
2026-02-24 05:06:30+00:00,,,,,,,,0.55,0.55,,5263.0,1,False
2026-02-24 05:07:00+00:00,,,,,,,,0.55,0.55,,3.0,1,False
2026-02-24 05:07:30+00:00,,,,,,,,0.5500000000000002,0.55,,227.0,3,False
2026-02-24 05:08:00+00:00,,,,,,,,0.55,0.55,,2578.0,4,False
2026-02-24 05:08:30+00:00,,,,,,,,0.55,0.55,,0.0,0,False
2026-02-24 05:09:00+00:00,,,,,,,,0.55,0.55,,0.0,0,False
2026-02-24 05:09:30+00:00,,,,,,,,0.55,0.55,,0.0,0,False
2026-02-24 05:10:00+00:00,,,,,,,,0.5500000000000002,0.55,,253.0,2,False
2026-02-24 05:10:30+00:00,,,,,,,,0.55,0.55,,3.0,1,False
2026-02-24 05:11:00+00:00,,,,,,,,0.55,0.55,,1000.0,1,False
2026-02-24 05:11:30+00:00,,,,,,,,0.53,0.53,,10.0,1,False
2026-02-24 05:12:00+00:00,,,,,,,,0.5480431432973806,0.55,,649.0,6,False
2026-02-24 05:12:30+00:00,,,,,,,,0.5461597542242703,0.55,,651.0,3,False
2026-02-24 05:13:00+00:00,,,,,,,,0.5461597542242703,0.55,,0.0,0,False
2026-02-24 05:13:30+00:00,,,,,,,,0.53,0.53,,205.0,1,False
2026-02-24 05:14:00+00:00,,,,,,,,0.53,0.53,,0.0,0,False
2026-02-24 05:14:30+00:00,,,,,,,,0.55,0.55,,484.0,1,False
2026-02-24 05:15:00+00:00,,,,,,,,0.53,0.53,,192.0,1,False
2026-02-24 05:15:30+00:00,,,,,,,,0.53,0.53,,0.0,0,False
2026-02-24 05:16:00+00:00,,,,,,,,0.55,0.55,,35.0,1,False
2026-02-24 05:16:30+00:00,,,,,,,,0.55,0.55,,100.0,1,False
2026-02-24 05:17:00+00:00,,,,,,,,0.55,0.55,,475.0,2,False
2026-02-24 05:17:30+00:00,,,,,,,,0.55,0.55,,43.0,1,False
2026-02-24 05:18:00+00:00,,,,,,,,0.5309219858156028,0.53,,564.0,2,False
2026-02-24 05:18:30+00:00,,,,,,,,0.55,0.55,,3620.0,2,False
2026-02-24 05:19:00+00:00,,,,,,,,0.53,0.53,,2.0,1,False
2026-02-24 05:19:30+00:00,,,,,,,,0.53,0.53,,206.0,2,False
2026-02-24 05:20:00+00:00,,,,,,,,0.55,0.55,,17.0,1,False
2026-02-24 05:20:30+00:00,,,,,,,,0.53,0.53,,10.0,1,False
2026-02-24 05:21:00+00:00,,,,,,,,0.55,0.55,,87.0,1,False
2026-02-24 05:21:30+00:00,,,,,,,,0.55,0.55,,0.0,0,False
2026-02-24 05:22:00+00:00,,,,,,,,0.55,0.55,,1.0,1,False
2026-02-24 05:22:30+00:00,,,,,,,,0.55,0.55,,0.0,0,False
2026-02-24 05:23:00+00:00,,,,,,,,0.55,0.55,,26.0,1,False
2026-02-24 05:23:30+00:00,,,,,,,,0.5476595744680851,0.55,,94.0,3,False
2026-02-24 05:24:00+00:00,,,,,,,,0.53,0.53,,5.0,1,False
2026-02-24 05:24:30+00:00,,,,,,,,0.53,0.53,,0.0,0,False
2026-02-24 05:25:00+00:00,,,,,,,,0.5375555555555556,0.53,,45.0,2,False
2026-02-24 05:25:30+00:00,,,,,,,,0.5375555555555556,0.53,,0.0,0,False
2026-02-24 05:26:00+00:00,,,,,,,,0.5381395348837209,0.53,,172.0,2,False
2026-02-24 05:26:30+00:00,,,,,,,,0.5381395348837209,0.53,,0.0,0,False
2026-02-24 05:27:00+00:00,,,,,,,,0.55,0.55,,44.0,1,False
2026-02-24 05:27:30+00:00,,,,,,,,0.55,0.55,,263.0,3,False
2026-02-24 05:28:00+00:00,,,,,,,,0.55,0.55,,0.0,0,False
2026-02-24 05:28:30+00:00,,,,,,,,0.55,0.55,,15.0,1,False
2026-02-24 05:29:00+00:00,,,,,,,,0.53,0.53,,8.0,1,False
2026-02-24 05:29:30+00:00,,,,,,,,0.55,0.55,,25.0,1,False
2026-02-24 05:30:00+00:00,,,,,,,,0.55,0.55,,105.0,5,False
2026-02-24 05:30:30+00:00,,,,,,,,0.55,0.55,,1.0,1,False
2026-02-24 05:31:00+00:00,,,,,,,,0.55,0.55,,70.0,2,False
2026-02-24 05:31:30+00:00,,,,,,,,0.55,0.55,,88.0,1,False
2026-02-24 05:32:00+00:00,,,,,,,,0.55,0.55,,0.0,0,False
2026-02-24 05:32:30+00:00,,,,,,,,0.55,0.55,,1.0,1,False
2026-02-24 05:33:00+00:00,,,,,,,,0.55,0.55,,19.0,2,False
2026-02-24 05:33:30+00:00,,,,,,,,0.5307692307692308,0.53,,26.0,2,False
2026-02-24 05:34:00+00:00,,,,,,,,0.55,0.55,,31.0,1,False
2026-02-24 05:34:30+00:00,,,,,,,,0.53,0.53,,2162.0,2,False
2026-02-24 05:35:00+00:00,,,,,,,,0.5477777777777778,0.55,,9.0,2,False
2026-02-24 05:35:30+00:00,,,,,,,,0.5481818181818182,0.53,,11.0,2,False
2026-02-24 05:36:00+00:00,,,,,,,,0.53,0.53,,20.0,1,False
2026-02-24 05:36:30+00:00,,,,,,,,0.53,0.53,,0.0,0,False
2026-02-24 05:37:00+00:00,,,,,,,,0.55,0.55,,109.0,2,False
2026-02-24 05:37:30+00:00,,,,,,,,0.55,0.55,,179.0,4,False
2026-02-24 05:38:00+00:00,,,,,,,,0.55,0.55,,0.0,0,False
2026-02-24 05:38:30+00:00,,,,,,,,0.55,0.55,,52.0,1,False
2026-02-24 05:39:00+00:00,,,,,,,,0.546255707762557,0.55,,219.0,4,False
2026-02-24 05:39:30+00:00,,,,,,,,0.55,0.55,,62.0,2,False
2026-02-24 05:40:00+00:00,,,,,,,,0.55,0.55,,0.0,0,False
2026-02-24 05:40:30+00:00,,,,,,,,0.55,0.55,,0.0,0,False
2026-02-24 05:41:00+00:00,,,,,,,,0.5499638336347197,0.53,,553.0,4,False
2026-02-24 05:41:30+00:00,,,,,,,,0.5499638336347197,0.53,,0.0,0,False
2026-02-24 05:42:00+00:00,,,,,,,,0.5302499999999999,0.53,,2080.0,3,False
2026-02-24 05:42:30+00:00,,,,,,,,0.55,0.55,,202.0,2,False
2026-02-24 05:43:00+00:00,,,,,,,,0.55,0.55,,0.0,0,False
2026-02-24 05:43:30+00:00,,,,,,,,0.55,0.55,,88.0,1,False
2026-02-24 05:44:00+00:00,,,,,,,,0.55,0.55,,0.0,0,False
2026-02-24 05:44:30+00:00,,,,,,,,0.5461538461538462,0.55,,104.0,2,False
2026-02-24 05:45:00+00:00,,,,,,,,0.5461538461538462,0.55,,0.0,0,False
2026-02-24 05:45:30+00:00,,,,,,,,0.5461538461538462,0.55,,0.0,0,False
2026-02-24 05:46:00+00:00,,,,,,,,0.55,0.55,,17.0,1,False
2026-02-24 05:46:30+00:00,,,,,,,,0.55,0.55,,0.0,0,False
2026-02-24 05:47:00+00:00,,,,,,,,0.55,0.55,,17.0,1,False
2026-02-24 05:47:30+00:00,,,,,,,,0.55,0.55,,7.0,1,False
2026-02-24 05:48:00+00:00,,,,,,,,0.55,0.55,,10.0,1,False
2026-02-24 05:48:30+00:00,,,,,,,,0.55,0.55,,5.0,1,False
2026-02-24 05:49:00+00:00,,,,,,,,0.55,0.55,,33.0,2,False
2026-02-24 05:49:30+00:00,,,,,,,,0.53,0.53,,40.0,2,False
2026-02-24 05:50:00+00:00,,,,,,,,0.55,0.55,,43.0,2,False
2026-02-24 05:50:30+00:00,,,,,,,,0.5436908517350159,0.55,,317.0,3,False
2026-02-24 05:51:00+00:00,,,,,,,,0.5436908517350159,0.55,,0.0,0,False
2026-02-24 05:51:30+00:00,,,,,,,,0.5436908517350159,0.55,,0.0,0,False
2026-02-24 05:52:00+00:00,,,,,,,,0.5327027027027027,0.55,,74.0,3,False
2026-02-24 05:52:30+00:00,,,,,,,,0.55,0.55,,28.0,1,False
2026-02-24 05:53:00+00:00,,,,,,,,0.5441062801932367,0.55,,207.0,3,False
2026-02-24 05:53:30+00:00,,,,,,,,0.55,0.55,,176.0,1,False
2026-02-24 05:54:00+00:00,,,,,,,,0.55,0.55,,0.0,0,False
2026-02-24 05:54:30+00:00,,,,,,,,0.55,0.55,,0.0,0,False
2026-02-24 05:55:00+00:00,,,,,,,,0.55,0.55,,8.0,1,False
2026-02-24 05:55:30+00:00,,,,,,,,0.53,0.53,,80.0,1,False
2026-02-24 05:56:00+00:00,,,,,,,,0.53,0.53,,0.0,0,False
2026-02-24 05:56:30+00:00,,,,,,,,0.53,0.53,,41.0,1,False
2026-02-24 05:57:00+00:00,,,,,,,,0.53,0.53,,10.0,1,False
2026-02-24 05:57:30+00:00,,,,,,,,0.53,0.53,,205.0,1,False
2026-02-24 05:58:00+00:00,,,,,,,,0.53,0.53,,0.0,0,False
2026-02-24 05:58:30+00:00,,,,,,,,0.53,0.53,,0.0,0,False
2026-02-24 05:59:00+00:00,,,,,,,,0.53,0.53,,0.0,0,False
2026-02-24 05:59:30+00:00,,,,,,,,0.53,0.53,,0.0,0,False
2026-02-24 06:00:00+00:00,,,,,,,,0.55,0.55,,1.0,1,False
2026-02-24 06:00:30+00:00,,,,,,,,0.55,0.55,,57.0,3,False
2026-02-24 06:01:00+00:00,,,,,,,,0.55,0.55,,0.0,0,False
2026-02-24 06:01:30+00:00,,,,,,,,0.55,0.55,,0.0,0,False
2026-02-24 06:02:00+00:00,,,,,,,,0.5500000000000002,0.55,,10017.0,3,False
2026-02-24 06:02:30+00:00,,,,,,,,0.55,0.55,,211.0,1,False
2026-02-24 06:03:00+00:00,,,,,,,,0.55,0.55,,524.0,1,False
2026-02-24 06:03:30+00:00,,,,,,,,0.53,0.53,,20.0,1,False
2026-02-24 06:04:00+00:00,,,,,,,,0.53,0.53,,0.0,0,False
2026-02-24 06:04:30+00:00,,,,,,,,0.55,0.55,,335.0,2,False
2026-02-24 06:05:00+00:00,,,,,,,,0.53,0.53,,41.0,1,False
2026-02-24 06:05:30+00:00,,,,,,,,0.53,0.53,,10.0,1,False
2026-02-24 06:06:00+00:00,,,,,,,,0.55,0.55,,35.0,1,False
2026-02-24 06:06:30+00:00,,,,,,,,0.55,0.55,,0.0,0,False
2026-02-24 06:07:00+00:00,,,,,,,,0.55,0.55,,175.0,1,False
2026-02-24 06:07:30+00:00,,,,,,,,0.55,0.55,,0.0,0,False
2026-02-24 06:08:00+00:00,,,,,,,,0.55,0.55,,104.0,2,False
2026-02-24 06:08:30+00:00,,,,,,,,0.55,0.55,,0.0,0,False
2026-02-24 06:09:00+00:00,,,,,,,,0.55,0.55,,92.0,2,False
2026-02-24 06:09:30+00:00,,,,,,,,0.55,0.55,,5.0,1,False
2026-02-24 06:10:00+00:00,,,,,,,,0.55,0.55,,0.0,0,False
2026-02-24 06:10:30+00:00,,,,,,,,0.55,0.55,,30.0,1,False
2026-02-24 06:11:00+00:00,,,,,,,,0.53,0.53,,81.0,1,False
2026-02-24 06:11:30+00:00,,,,,,,,0.53,0.53,,0.0,0,False
2026-02-24 06:12:00+00:00,,,,,,,,0.55,0.55,,3.0,1,False
2026-02-24 06:12:30+00:00,,,,,,,,0.53,0.53,,20.0,1,False
2026-02-24 06:13:00+00:00,,,,,,,,0.53,0.53,,0.0,0,False
2026-02-24 06:13:30+00:00,,,,,,,,0.53,0.53,,0.0,0,False
2026-02-24 06:14:00+00:00,,,,,,,,0.53,0.53,,0.0,0,False
2026-02-24 06:14:30+00:00,,,,,,,,0.53,0.53,,0.0,0,False
2026-02-24 06:15:00+00:00,,,,,,,,0.55,0.55,,3.0,1,False
2026-02-24 06:15:30+00:00,,,,,,,,0.55,0.55,,73.0,2,False
2026-02-24 06:16:00+00:00,,,,,,,,0.55,0.55,,0.0,0,False
2026-02-24 06:16:30+00:00,,,,,,,,0.53,0.53,,500.0,1,False
2026-02-24 06:17:00+00:00,,,,,,,,0.53,0.53,,0.0,0,False
2026-02-24 06:17:30+00:00,,,,,,,,0.55,0.55,,211.0,2,False
2026-02-24 06:18:00+00:00,,,,,,,,0.55,0.55,,11.0,1,False
2026-02-24 06:18:30+00:00,,,,,,,,0.53,0.53,,80.0,1,False
2026-02-24 06:19:00+00:00,,,,,,,,0.53,0.53,,40.0,1,False
2026-02-24 06:19:30+00:00,,,,,,,,0.53,0.53,,0.0,0,False
2026-02-24 06:20:00+00:00,,,,,,,,0.5307547169811321,0.55,,212.0,2,False
2026-02-24 06:20:30+00:00,,,,,,,,0.53,0.53,,200.0,1,False
2026-02-24 06:21:00+00:00,,,,,,,,0.53,0.53,,0.0,0,False
2026-02-24 06:21:30+00:00,,,,,,,,0.53,0.53,,0.0,0,False
2026-02-24 06:22:00+00:00,,,,,,,,0.55,0.55,,41.0,2,False
2026-02-24 06:22:30+00:00,,,,,,,,0.55,0.55,,0.0,0,False
2026-02-24 06:23:00+00:00,,,,,,,,0.5357777777777778,0.53,,90.0,3,False
2026-02-24 06:23:30+00:00,,,,,,,,0.5357777777777778,0.53,,0.0,0,False
2026-02-24 06:24:00+00:00,,,,,,,,0.53,0.53,,43.0,1,False
2026-02-24 06:24:30+00:00,,,,,,,,0.55,0.55,,13.0,1,False
2026-02-24 06:25:00+00:00,,,,,,,,0.55,0.55,,17.0,1,False
2026-02-24 06:25:30+00:00,,,,,,,,0.55,0.55,,44.0,1,False
2026-02-24 06:26:00+00:00,,,,,,,,0.55,0.55,,22.0,1,False
2026-02-24 06:26:30+00:00,,,,,,,,0.530377358490566,0.53,,53.0,3,False
2026-02-24 06:27:00+00:00,,,,,,,,0.530377358490566,0.53,,0.0,0,False
2026-02-24 06:27:30+00:00,,,,,,,,0.530377358490566,0.53,,0.0,0,False
2026-02-24 06:28:00+00:00,,,,,,,,0.530377358490566,0.53,,0.0,0,False
2026-02-24 06:28:30+00:00,,,,,,,,0.5427272727272727,0.55,,275.0,2,False
2026-02-24 06:29:00+00:00,,,,,,,,0.55,0.55,,53.0,3,False
2026-02-24 06:29:30+00:00,,,,,,,,0.53,0.53,,10.0,1,False
2026-02-24 06:30:00+00:00,,,,,,,,0.55,0.55,,5.0,1,False
2026-02-24 06:30:30+00:00,,,,,,,,0.5490243902439025,0.55,,82.0,2,False
2026-02-24 06:31:00+00:00,,,,,,,,0.55,0.55,,8.0,1,False
2026-02-24 06:31:30+00:00,,,,,,,,0.53,0.53,,16.0,1,False
2026-02-24 06:32:00+00:00,,,,,,,,0.53,0.53,,0.0,0,False
2026-02-24 06:32:30+00:00,,,,,,,,0.55,0.55,,46.0,1,False
2026-02-24 06:33:00+00:00,,,,,,,,0.55,0.55,,1.0,1,False
2026-02-24 06:33:30+00:00,,,,,,,,0.5494029850746269,0.55,,67.0,3,False
2026-02-24 06:34:00+00:00,,,,,,,,0.5356367162249516,0.55,,1547.0,4,False
2026-02-24 06:34:30+00:00,,,,,,,,0.5356367162249516,0.55,,0.0,0,False
2026-02-24 06:35:00+00:00,,,,,,,,0.55,0.55,,17.0,1,False
2026-02-24 06:35:30+00:00,,,,,,,,0.55,0.55,,0.0,0,False
2026-02-24 06:36:00+00:00,,,,,,,,0.55,0.55,,0.0,0,False
2026-02-24 06:36:30+00:00,,,,,,,,0.55,0.55,,0.0,0,False
2026-02-24 06:37:00+00:00,,,,,,,,0.55,0.55,,0.0,0,False
2026-02-24 06:37:30+00:00,,,,,,,,0.55,0.55,,0.0,0,False
2026-02-24 06:38:00+00:00,,,,,,,,0.53,0.53,,410.0,1,False
2026-02-24 06:38:30+00:00,,,,,,,,0.5470873786407768,0.53,,206.0,2,False
2026-02-24 06:39:00+00:00,,,,,,,,0.5473553719008265,0.55,,121.0,2,False
2026-02-24 06:39:30+00:00,,,,,,,,0.5473553719008265,0.55,,0.0,0,False
2026-02-24 06:40:00+00:00,,,,,,,,0.5468711656441718,0.55,,652.0,3,False
2026-02-24 06:40:30+00:00,,,,,,,,0.5468711656441718,0.55,,0.0,0,False
2026-02-24 06:41:00+00:00,,,,,,,,0.55,0.55,,9.0,1,False
2026-02-24 06:41:30+00:00,,,,,,,,0.55,0.55,,36.0,2,False
2026-02-24 06:42:00+00:00,,,,,,,,0.55,0.55,,0.0,0,False
2026-02-24 06:42:30+00:00,,,,,,,,0.55,0.55,,0.0,0,False
2026-02-24 06:43:00+00:00,,,,,,,,0.53,0.53,,11.0,1,False
2026-02-24 06:43:30+00:00,,,,,,,,0.55,0.55,,1.0,1,False
2026-02-24 06:44:00+00:00,,,,,,,,0.55,0.55,,0.0,0,False
2026-02-24 06:44:30+00:00,,,,,,,,0.55,0.55,,0.0,0,False
2026-02-24 06:45:00+00:00,,,,,,,,0.55,0.55,,0.0,0,False
2026-02-24 06:45:30+00:00,,,,,,,,0.55,0.55,,0.0,0,False
2026-02-24 06:46:00+00:00,,,,,,,,0.5303827751196173,0.55,,418.0,2,False
2026-02-24 06:46:30+00:00,,,,,,,,0.53,0.53,,10.0,1,False
2026-02-24 06:47:00+00:00,,,,,,,,0.53,0.53,,0.0,0,False
2026-02-24 06:47:30+00:00,,,,,,,,0.5448141891891892,0.55,,1184.0,3,False
2026-02-24 06:48:00+00:00,,,,,,,,0.5448141891891892,0.55,,0.0,0,False
2026-02-24 06:48:30+00:00,,,,,,,,0.5448141891891892,0.55,,0.0,0,False
2026-02-24 06:49:00+00:00,,,,,,,,0.5448141891891892,0.55,,0.0,0,False
2026-02-24 06:49:30+00:00,,,,,,,,0.55,0.55,,26.0,1,False
2026-02-24 06:50:00+00:00,,,,,,,,0.55,0.55,,50.0,1,False
2026-02-24 06:50:30+00:00,,,,,,,,0.55,0.55,,0.0,0,False
2026-02-24 06:51:00+00:00,,,,,,,,0.5491208791208791,0.55,,91.0,2,False
2026-02-24 06:51:30+00:00,,,,,,,,0.55,0.55,,6.0,1,False
2026-02-24 06:52:00+00:00,,,,,,,,0.55,0.55,,0.0,0,False
2026-02-24 06:52:30+00:00,,,,,,,,0.55,0.55,,0.0,0,False
2026-02-24 06:53:00+00:00,,,,,,,,0.55,0.55,,0.0,0,False
2026-02-24 06:53:30+00:00,,,,,,,,0.5402439024390244,0.53,,123.0,3,False
2026-02-24 06:54:00+00:00,,,,,,,,0.5402439024390244,0.53,,0.0,0,False
2026-02-24 06:54:30+00:00,,,,,,,,0.55,0.55,,52.0,1,False
2026-02-24 06:55:00+00:00,,,,,,,,0.55,0.55,,86.0,2,False
2026-02-24 06:55:30+00:00,,,,,,,,0.55,0.55,,112.0,2,False
2026-02-24 06:56:00+00:00,,,,,,,,0.55,0.55,,0.0,0,False
2026-02-24 06:56:30+00:00,,,,,,,,0.55,0.55,,0.0,0,False
2026-02-24 06:57:00+00:00,,,,,,,,0.55,0.55,,87.0,1,False
2026-02-24 06:57:30+00:00,,,,,,,,0.55,0.55,,0.0,0,False
2026-02-24 06:58:00+00:00,,,,,,,,0.55,0.55,,0.0,0,False
2026-02-24 06:58:30+00:00,,,,,,,,0.55,0.55,,91.0,1,False
2026-02-24 06:59:00+00:00,,,,,,,,0.55,0.55,,43.0,1,False
2026-02-24 06:59:30+00:00,,,,,,,,0.55,0.55,,17.0,1,False
2026-02-24 07:00:00+00:00,,,,,,,,0.55,0.55,,0.0,0,False
2026-02-24 07:00:30+00:00,,,,,,,,0.55,0.55,,0.0,0,False
2026-02-24 07:01:00+00:00,,,,,,,,0.55,0.55,,88.0,2,False
2026-02-24 07:01:30+00:00,,,,,,,,0.5462962962962964,0.55,,54.0,2,False
2026-02-24 07:02:00+00:00,,,,,,,,0.5462962962962964,0.55,,0.0,0,False
2026-02-24 07:02:30+00:00,,,,,,,,0.53,0.53,,8.0,1,False
2026-02-24 07:03:00+00:00,,,,,,,,0.53,0.53,,0.0,0,False
2026-02-24 07:03:30+00:00,,,,,,,,0.53,0.53,,0.0,0,False
2026-02-24 07:04:00+00:00,,,,,,,,0.53,0.53,,0.0,0,False
2026-02-24 07:04:30+00:00,,,,,,,,0.547938144329897,0.55,,97.0,3,False
2026-02-24 07:05:00+00:00,,,,,,,,0.547938144329897,0.55,,0.0,0,False
2026-02-24 07:05:30+00:00,,,,,,,,0.547938144329897,0.55,,0.0,0,False
2026-02-24 07:06:00+00:00,,,,,,,,0.547938144329897,0.55,,0.0,0,False
2026-02-24 07:06:30+00:00,,,,,,,,0.5300000000000001,0.53,,81.0,4,False
2026-02-24 07:07:00+00:00,,,,,,,,0.5300000000000001,0.53,,0.0,0,False
2026-02-24 07:07:30+00:00,,,,,,,,0.5300000000000001,0.53,,0.0,0,False
2026-02-24 07:08:00+00:00,,,,,,,,0.55,0.55,,26.0,1,False
2026-02-24 07:08:30+00:00,,,,,,,,0.55,0.55,,0.0,0,False
2026-02-24 07:09:00+00:00,,,,,,,,0.55,0.55,,0.0,0,False
2026-02-24 07:09:30+00:00,,,,,,,,0.55,0.55,,0.0,0,False
2026-02-24 07:10:00+00:00,,,,,,,,0.55,0.55,,0.0,0,False
2026-02-24 07:10:30+00:00,,,,,,,,0.55,0.55,,3.0,1,False
2026-02-24 07:11:00+00:00,,,,,,,,0.55,0.55,,0.0,0,False
2026-02-24 07:11:30+00:00,,,,,,,,0.55,0.55,,66.0,2,False
2026-02-24 07:12:00+00:00,,,,,,,,0.55,0.55,,0.0,0,False
2026-02-24 07:12:30+00:00,,,,,,,,0.5247423764458464,0.52,,1902.0,16,False
2026-02-24 07:13:00+00:00,,,,,,,,0.5247423764458464,0.52,,0.0,0,False
2026-02-24 07:13:30+00:00,,,,,,,,0.5247423764458464,0.52,,0.0,0,False
2026-02-24 07:14:00+00:00,,,,,,,,0.52,0.52,,30.0,1,False
2026-02-24 07:14:30+00:00,,,,,,,,0.52,0.52,,0.0,0,False
2026-02-24 07:15:00+00:00,,,,,,,,0.52,0.52,,0.0,0,False
2026-02-24 07:15:30+00:00,,,,,,,,0.52,0.52,,0.0,0,False
2026-02-24 07:16:00+00:00,,,,,,,,0.52,0.52,,0.0,0,False
2026-02-24 07:16:30+00:00,,,,,,,,0.55,0.55,,17.0,1,False
2026-02-24 07:17:00+00:00,,,,,,,,0.55,0.55,,0.0,0,False
2026-02-24 07:17:30+00:00,,,,,,,,0.55,0.55,,0.0,0,False
2026-02-24 07:18:00+00:00,,,,,,,,0.5484552845528455,0.52,,369.0,3,False
2026-02-24 07:18:30+00:00,,,,,,,,0.5484552845528455,0.52,,0.0,0,False
2026-02-24 07:19:00+00:00,,,,,,,,0.52,0.52,,109.0,1,False
2026-02-24 07:19:30+00:00,,,,,,,,0.55,0.55,,6.0,1,False
2026-02-24 07:20:00+00:00,,,,,,,,0.55,0.55,,0.0,0,False
2026-02-24 07:20:30+00:00,,,,,,,,0.55,0.55,,0.0,0,False
2026-02-24 07:21:00+00:00,,,,,,,,0.55,0.55,,0.0,0,False
2026-02-24 07:21:30+00:00,,,,,,,,0.55,0.55,,0.0,0,False
2026-02-24 07:22:00+00:00,,,,,,,,0.55,0.55,,0.0,0,False
2026-02-24 07:22:30+00:00,,,,,,,,0.533421052631579,0.55,,38.0,2,False
2026-02-24 07:23:00+00:00,,,,,,,,0.533421052631579,0.55,,0.0,0,False
2026-02-24 07:23:30+00:00,,,,,,,,0.5217391304347826,0.52,,138.0,4,False
2026-02-24 07:24:00+00:00,,,,,,,,0.5266666666666667,0.52,,9.0,2,False
2026-02-24 07:24:30+00:00,,,,,,,,0.55,0.55,,176.0,1,False
2026-02-24 07:25:00+00:00,,,,,,,,0.55,0.55,,0.0,0,False
2026-02-24 07:25:30+00:00,,,,,,,,0.55,0.55,,0.0,0,False
2026-02-24 07:26:00+00:00,,,,,,,,0.5499999999999999,0.55,,63.0,3,False
2026-02-24 07:26:30+00:00,,,,,,,,0.55,0.55,,8.0,1,False
2026-02-24 07:27:00+00:00,,,,,,,,0.55,0.55,,0.0,0,False
2026-02-24 07:27:30+00:00,,,,,,,,0.55,0.55,,0.0,0,False
2026-02-24 07:28:00+00:00,,,,,,,,0.52,0.52,,10.0,1,False
2026-02-24 07:28:30+00:00,,,,,,,,0.55,0.55,,25.0,2,False
2026-02-24 07:29:00+00:00,,,,,,,,0.55,0.55,,0.0,0,False
2026-02-24 07:29:30+00:00,,,,,,,,0.55,0.55,,0.0,0,False
2026-02-24 07:30:00+00:00,,,,,,,,0.55,0.55,,25.0,1,False
2026-02-24 07:30:30+00:00,,,,,,,,0.55,0.55,,0.0,0,False
2026-02-24 07:31:00+00:00,,,,,,,,0.55,0.55,,0.0,0,False
2026-02-24 07:31:30+00:00,,,,,,,,0.55,0.55,,0.0,0,False
2026-02-24 07:32:00+00:00,,,,,,,,0.55,0.55,,0.0,0,False
2026-02-24 07:32:30+00:00,,,,,,,,0.55,0.55,,17.0,1,False
2026-02-24 07:33:00+00:00,,,,,,,,0.55,0.55,,26.0,1,False
2026-02-24 07:33:30+00:00,,,,,,,,0.55,0.55,,0.0,0,False
2026-02-24 07:34:00+00:00,,,,,,,,0.53,0.53,,6.0,1,False
2026-02-24 07:34:30+00:00,,,,,,,,0.55,0.55,,19.0,1,False
2026-02-24 07:35:00+00:00,,,,,,,,0.55,0.55,,0.0,0,False
2026-02-24 07:35:30+00:00,,,,,,,,0.55,0.55,,0.0,0,False
2026-02-24 07:36:00+00:00,,,,,,,,0.55,0.55,,8.0,2,False
2026-02-24 07:36:30+00:00,,,,,,,,0.55,0.55,,0.0,0,False
2026-02-24 07:37:00+00:00,,,,,,,,0.55,0.55,,0.0,0,False
2026-02-24 07:37:30+00:00,,,,,,,,0.55,0.55,,44.0,1,False
2026-02-24 07:38:00+00:00,,,,,,,,0.55,0.55,,0.0,0,False
2026-02-24 07:38:30+00:00,,,,,,,,0.54,0.54,,89.0,1,False
2026-02-24 07:39:00+00:00,,,,,,,,0.54,0.54,,0.0,0,False
2026-02-24 07:39:30+00:00,,,,,,,,0.54,0.54,,0.0,0,False
2026-02-24 07:40:00+00:00,,,,,,,,0.54,0.54,,0.0,0,False
2026-02-24 07:40:30+00:00,,,,,,,,0.54,0.54,,0.0,0,False
2026-02-24 07:41:00+00:00,,,,,,,,0.54,0.54,,3.0,1,False
2026-02-24 07:41:30+00:00,,,,,,,,0.54,0.54,,0.0,0,False
2026-02-24 07:42:00+00:00,,,,,,,,0.54,0.54,,0.0,0,False
2026-02-24 07:42:30+00:00,,,,,,,,0.54,0.54,,0.0,0,False
2026-02-24 07:43:00+00:00,,,,,,,,0.55,0.55,,99.0,1,False
2026-02-24 07:43:30+00:00,,,,,,,,0.54,0.54,,8.0,1,False
2026-02-24 07:44:00+00:00,,,,,,,,0.53,0.53,,3.0,1,False
2026-02-24 07:44:30+00:00,,,,,,,,0.53,0.53,,0.0,0,False
2026-02-24 07:45:00+00:00,,,,,,,,0.54,0.54,,90.0,2,False
2026-02-24 07:45:30+00:00,,,,,,,,0.54,0.54,,0.0,0,False
2026-02-24 07:46:00+00:00,,,,,,,,0.54,0.54,,0.0,0,False
2026-02-24 07:46:30+00:00,,,,,,,,0.54,0.54,,0.0,0,False
2026-02-24 07:47:00+00:00,,,,,,,,0.53,0.53,,1.0,1,False
2026-02-24 07:47:30+00:00,,,,,,,,0.53,0.53,,0.0,0,False
2026-02-24 07:48:00+00:00,,,,,,,,0.53,0.53,,0.0,0,False
2026-02-24 07:48:30+00:00,,,,,,,,0.53,0.53,,0.0,0,False
2026-02-24 07:49:00+00:00,,,,,,,,0.53,0.53,,0.0,0,False
2026-02-24 07:49:30+00:00,,,,,,,,0.53,0.53,,0.0,0,False
2026-02-24 07:50:00+00:00,,,,,,,,0.54,0.54,,1.0,1,False
2026-02-24 07:50:30+00:00,,,,,,,,0.54,0.54,,0.0,0,False
2026-02-24 07:51:00+00:00,,,,,,,,0.54,0.54,,0.0,0,False
2026-02-24 07:51:30+00:00,,,,,,,,0.54,0.54,,0.0,0,False
2026-02-24 07:52:00+00:00,,,,,,,,0.54,0.54,,89.0,1,False
2026-02-24 07:52:30+00:00,,,,,,,,0.52,0.52,,200.0,1,False
2026-02-24 07:53:00+00:00,,,,,,,,0.54,0.54,,4.0,1,False
2026-02-24 07:53:30+00:00,,,,,,,,0.54,0.54,,0.0,0,False
2026-02-24 07:54:00+00:00,,,,,,,,0.54,0.54,,14.0,1,False
2026-02-24 07:54:30+00:00,,,,,,,,0.54,0.54,,110.0,2,False
2026-02-24 07:55:00+00:00,,,,,,,,0.52,0.52,,250.0,2,False
2026-02-24 07:55:30+00:00,,,,,,,,0.52,0.52,,0.0,0,False
2026-02-24 07:56:00+00:00,,,,,,,,0.52,0.52,,4.0,1,False
2026-02-24 07:56:30+00:00,,,,,,,,0.52,0.52,,2.0,1,False
2026-02-24 07:57:00+00:00,,,,,,,,0.52,0.52,,0.0,0,False
2026-02-24 07:57:30+00:00,,,,,,,,0.52,0.52,,0.0,0,False
2026-02-24 07:58:00+00:00,,,,,,,,0.52,0.52,,0.0,0,False
2026-02-24 07:58:30+00:00,,,,,,,,0.54,0.54,,321.0,1,False
2026-02-24 07:59:00+00:00,,,,,,,,0.54,0.54,,0.0,0,False
2026-02-24 07:59:30+00:00,,,,,,,,0.54,0.54,,0.0,0,False
2026-02-24 08:00:00+00:00,,,,,,,,0.54,0.54,,0.0,0,False
2026-02-24 08:00:30+00:00,,,,,,,,0.54,0.54,,0.0,0,False
2026-02-24 08:01:00+00:00,,,,,,,,0.54,0.54,,0.0,0,False
2026-02-24 08:01:30+00:00,,,,,,,,0.52,0.52,,100.0,1,False
2026-02-24 08:02:00+00:00,,,,,,,,0.52,0.52,,0.0,0,False
2026-02-24 08:02:30+00:00,,,,,,,,0.52,0.52,,0.0,0,False
2026-02-24 08:03:00+00:00,,,,,,,,0.52,0.52,,0.0,0,False
2026-02-24 08:03:30+00:00,,,,,,,,0.52,0.52,,0.0,0,False
2026-02-24 08:04:00+00:00,,,,,,,,0.52,0.52,,0.0,0,False
2026-02-24 08:04:30+00:00,,,,,,,,0.54,0.54,,62.0,1,False
2026-02-24 08:05:00+00:00,,,,,,,,0.54,0.54,,0.0,0,False
2026-02-24 08:05:30+00:00,,,,,,,,0.54,0.54,,0.0,0,False
2026-02-24 08:06:00+00:00,,,,,,,,0.52,0.52,,2000.0,3,False
2026-02-24 08:06:30+00:00,,,,,,,,0.52,0.52,,0.0,0,False
2026-02-24 08:07:00+00:00,,,,,,,,0.52,0.52,,40.0,1,False
2026-02-24 08:07:30+00:00,,,,,,,,0.52,0.52,,0.0,0,False
2026-02-24 08:08:00+00:00,,,,,,,,0.52,0.52,,2.0,1,False
2026-02-24 08:08:30+00:00,,,,,,,,0.54,0.54,,8.0,1,False
2026-02-24 08:09:00+00:00,,,,,,,,0.54,0.54,,0.0,0,False
2026-02-24 08:09:30+00:00,,,,,,,,0.54,0.54,,0.0,0,False
2026-02-24 08:10:00+00:00,,,,,,,,0.54,0.54,,0.0,0,False
2026-02-24 08:10:30+00:00,,,,,,,,0.54,0.54,,10.0,1,False
2026-02-24 08:11:00+00:00,,,,,,,,0.54,0.54,,0.0,0,False
2026-02-24 08:11:30+00:00,,,,,,,,0.54,0.54,,0.0,0,False
2026-02-24 08:12:00+00:00,,,,,,,,0.52,0.52,,2.0,1,False
2026-02-24 08:12:30+00:00,,,,,,,,0.52,0.52,,0.0,0,False
2026-02-24 08:13:00+00:00,,,,,,,,0.52,0.52,,0.0,0,False
2026-02-24 08:13:30+00:00,,,,,,,,0.52,0.52,,0.0,0,False
2026-02-24 08:14:00+00:00,,,,,,,,0.54,0.54,,2.0,1,False
2026-02-24 08:14:30+00:00,,,,,,,,0.54,0.54,,10.0,1,False
2026-02-24 08:15:00+00:00,,,,,,,,0.54,0.54,,0.0,0,False
2026-02-24 08:15:30+00:00,,,,,,,,0.52,0.52,,20.0,1,False
2026-02-24 08:16:00+00:00,,,,,,,,0.52,0.52,,0.0,0,False
2026-02-24 08:16:30+00:00,,,,,,,,0.52,0.52,,0.0,0,False
2026-02-24 08:17:00+00:00,,,,,,,,0.52,0.52,,0.0,0,False
2026-02-24 08:17:30+00:00,,,,,,,,0.52,0.52,,0.0,0,False
2026-02-24 08:18:00+00:00,,,,,,,,0.52,0.52,,0.0,0,False
2026-02-24 08:18:30+00:00,,,,,,,,0.52,0.52,,0.0,0,False
2026-02-24 08:19:00+00:00,,,,,,,,0.54,0.54,,3.0,1,False
2026-02-24 08:19:30+00:00,,,,,,,,0.54,0.54,,0.0,0,False
2026-02-24 08:20:00+00:00,,,,,,,,0.54,0.54,,1.0,1,False
2026-02-24 08:20:30+00:00,,,,,,,,0.54,0.54,,0.0,0,False
2026-02-24 08:21:00+00:00,,,,,,,,0.54,0.54,,0.0,0,False
2026-02-24 08:21:30+00:00,,,,,,,,0.54,0.54,,0.0,0,False
2026-02-24 08:22:00+00:00,,,,,,,,0.54,0.54,,0.0,0,False
2026-02-24 08:22:30+00:00,,,,,,,,0.53,0.53,,1298.0,3,False
2026-02-24 08:23:00+00:00,,,,,,,,0.52,0.52,,100.0,1,False
2026-02-24 08:23:30+00:00,,,,,,,,0.52,0.52,,0.0,0,False
2026-02-24 08:24:00+00:00,,,,,,,,0.54,0.54,,20.0,1,False
2026-02-24 08:24:30+00:00,,,,,,,,0.54,0.54,,0.0,0,False
2026-02-24 08:25:00+00:00,,,,,,,,0.54,0.54,,0.0,0,False
2026-02-24 08:25:30+00:00,,,,,,,,0.54,0.54,,0.0,0,False
2026-02-24 08:26:00+00:00,,,,,,,,0.54,0.54,,0.0,0,False
2026-02-24 08:26:30+00:00,,,,,,,,0.54,0.54,,0.0,0,False
2026-02-24 08:27:00+00:00,,,,,,,,0.54,0.54,,0.0,0,False
2026-02-24 08:27:30+00:00,,,,,,,,0.54,0.54,,0.0,0,False
2026-02-24 08:28:00+00:00,,,,,,,,0.54,0.54,,0.0,0,False
2026-02-24 08:28:30+00:00,,,,,,,,0.54,0.54,,8.0,1,False
2026-02-24 08:29:00+00:00,,,,,,,,0.54,0.54,,0.0,0,False
2026-02-24 08:29:30+00:00,,,,,,,,0.54,0.54,,8.0,1,False
2026-02-24 08:30:00+00:00,,,,,,,,0.54,0.54,,0.0,0,False
2026-02-24 08:30:30+00:00,,,,,,,,0.54,0.54,,0.0,0,False
2026-02-24 08:31:00+00:00,,,,,,,,0.54,0.54,,0.0,0,False
2026-02-24 08:31:30+00:00,,,,,,,,0.54,0.54,,0.0,0,False
2026-02-24 08:32:00+00:00,,,,,,,,0.54,0.54,,0.0,0,False
2026-02-24 08:32:30+00:00,,,,,,,,0.54,0.54,,0.0,0,False
2026-02-24 08:33:00+00:00,,,,,,,,0.52,0.52,,7.0,1,False
2026-02-24 08:33:30+00:00,,,,,,,,0.52,0.52,,0.0,0,False
2026-02-24 08:34:00+00:00,,,,,,,,0.54,0.54,,14.0,1,False
2026-02-24 08:34:30+00:00,,,,,,,,0.54,0.54,,0.0,0,False
2026-02-24 08:35:00+00:00,,,,,,,,0.54,0.54,,0.0,0,False
2026-02-24 08:35:30+00:00,,,,,,,,0.54,0.54,,0.0,0,False
2026-02-24 08:36:00+00:00,,,,,,,,0.54,0.54,,44.0,1,False
2026-02-24 08:36:30+00:00,,,,,,,,0.54,0.54,,0.0,0,False
2026-02-24 08:37:00+00:00,,,,,,,,0.54,0.54,,0.0,0,False
2026-02-24 08:37:30+00:00,,,,,,,,0.54,0.54,,0.0,0,False
2026-02-24 08:38:00+00:00,,,,,,,,0.54,0.54,,0.0,0,False
2026-02-24 08:38:30+00:00,,,,,,,,0.54,0.54,,0.0,0,False
2026-02-24 08:39:00+00:00,,,,,,,,0.54,0.54,,0.0,0,False
2026-02-24 08:39:30+00:00,,,,,,,,0.54,0.54,,3.0,1,False
2026-02-24 08:40:00+00:00,,,,,,,,0.54,0.54,,0.0,0,False
2026-02-24 08:40:30+00:00,,,,,,,,0.54,0.54,,0.0,0,False
2026-02-24 08:41:00+00:00,,,,,,,,0.52,0.52,,100.0,1,False
2026-02-24 08:41:30+00:00,,,,,,,,0.52,0.52,,0.0,0,False
2026-02-24 08:42:00+00:00,,,,,,,,0.52,0.52,,0.0,0,False
2026-02-24 08:42:30+00:00,,,,,,,,0.52,0.52,,0.0,0,False
2026-02-24 08:43:00+00:00,,,,,,,,0.52,0.52,,0.0,0,False
2026-02-24 08:43:30+00:00,,,,,,,,0.52,0.52,,0.0,0,False
2026-02-24 08:44:00+00:00,,,,,,,,0.52,0.52,,0.0,0,False
2026-02-24 08:44:30+00:00,,,,,,,,0.52,0.52,,0.0,0,False
2026-02-24 08:45:00+00:00,,,,,,,,0.52,0.52,,0.0,0,False
2026-02-24 08:45:30+00:00,,,,,,,,0.52,0.52,,0.0,0,False
2026-02-24 08:46:00+00:00,,,,,,,,0.52,0.52,,0.0,0,False
2026-02-24 08:46:30+00:00,,,,,,,,0.52,0.52,,0.0,0,False
2026-02-24 08:47:00+00:00,,,,,,,,0.54,0.54,,8.0,1,False
2026-02-24 08:47:30+00:00,,,,,,,,0.54,0.54,,0.0,0,False
2026-02-24 08:48:00+00:00,,,,,,,,0.52,0.52,,150.0,2,False
2026-02-24 08:48:30+00:00,,,,,,,,0.52,0.52,,0.0,0,False
2026-02-24 08:49:00+00:00,,,,,,,,0.54,0.54,,3.0,1,False
2026-02-24 08:49:30+00:00,,,,,,,,0.54,0.54,,0.0,0,False
2026-02-24 08:50:00+00:00,,,,,,,,0.54,0.54,,267.0,1,False
2026-02-24 08:50:30+00:00,,,,,,,,0.54,0.54,,0.0,0,False
2026-02-24 08:51:00+00:00,,,,,,,,0.54,0.54,,0.0,0,False
2026-02-24 08:51:30+00:00,,,,,,,,0.52,0.52,,2.0,1,False
2026-02-24 08:52:00+00:00,,,,,,,,0.54,0.54,,8.0,1,False
2026-02-24 08:52:30+00:00,,,,,,,,0.54,0.54,,0.0,0,False
2026-02-24 08:53:00+00:00,,,,,,,,0.54,0.54,,0.0,0,False
2026-02-24 08:53:30+00:00,,,,,,,,0.52,0.52,,40.0,3,False
2026-02-24 08:54:00+00:00,,,,,,,,0.52,0.52,,0.0,0,False
2026-02-24 08:54:30+00:00,,,,,,,,0.5229787234042553,0.52,,47.0,2,False
2026-02-24 08:55:00+00:00,,,,,,,,0.5226086956521739,0.54,,23.0,2,False
2026-02-24 08:55:30+00:00,,,,,,,,0.5226086956521739,0.54,,0.0,0,False
2026-02-24 08:56:00+00:00,,,,,,,,0.52,0.52,,45.0,1,False
2026-02-24 08:56:30+00:00,,,,,,,,0.54,0.54,,35.0,1,False
2026-02-24 08:57:00+00:00,,,,,,,,0.54,0.54,,17.0,1,False
2026-02-24 08:57:30+00:00,,,,,,,,0.54,0.54,,0.0,0,False
2026-02-24 08:58:00+00:00,,,,,,,,0.54,0.54,,0.0,0,False
2026-02-24 08:58:30+00:00,,,,,,,,0.54,0.54,,21.0,1,False
2026-02-24 08:59:00+00:00,,,,,,,,0.54,0.54,,0.0,0,False
2026-02-24 08:59:30+00:00,,,,,,,,0.54,0.54,,0.0,0,False
2026-02-24 09:00:00+00:00,,,,,,,,0.54,0.54,,0.0,0,False
2026-02-24 09:00:30+00:00,,,,,,,,0.54,0.54,,0.0,0,False
2026-02-24 09:01:00+00:00,,,,,,,,0.54,0.54,,0.0,0,False
2026-02-24 09:01:30+00:00,,,,,,,,0.54,0.54,,0.0,0,False
2026-02-24 09:02:00+00:00,,,,,,,,0.54,0.54,,0.0,0,False
2026-02-24 09:02:30+00:00,,,,,,,,0.54,0.54,,0.0,0,False
2026-02-24 09:03:00+00:00,,,,,,,,0.54,0.54,,0.0,0,False
2026-02-24 09:03:30+00:00,,,,,,,,0.54,0.54,,0.0,0,False
2026-02-24 09:04:00+00:00,,,,,,,,0.54,0.54,,0.0,0,False
2026-02-24 09:04:30+00:00,,,,,,,,0.54,0.54,,0.0,0,False
2026-02-24 09:05:00+00:00,,,,,,,,0.54,0.54,,0.0,0,False
2026-02-24 09:05:30+00:00,,,,,,,,0.54,0.54,,0.0,0,False
2026-02-24 09:06:00+00:00,,,,,,,,0.54,0.54,,0.0,0,False
2026-02-24 09:06:30+00:00,,,,,,,,0.54,0.54,,0.0,0,False
2026-02-24 09:07:00+00:00,,,,,,,,0.54,0.54,,0.0,0,False
2026-02-24 09:07:30+00:00,,,,,,,,0.54,0.54,,0.0,0,False
2026-02-24 09:08:00+00:00,,,,,,,,0.54,0.54,,909.0,5,False
2026-02-24 09:08:30+00:00,,,,,,,,0.54,0.54,,0.0,0,False
2026-02-24 09:09:00+00:00,,,,,,,,0.54,0.54,,0.0,0,False
2026-02-24 09:09:30+00:00,,,,,,,,0.54,0.54,,0.0,0,False
2026-02-24 09:10:00+00:00,,,,,,,,0.54,0.54,,0.0,0,False
2026-02-24 09:10:30+00:00,,,,,,,,0.54,0.54,,44.0,1,False
2026-02-24 09:11:00+00:00,,,,,,,,0.54,0.54,,0.0,0,False
2026-02-24 09:11:30+00:00,,,,,,,,0.54,0.54,,0.0,0,False
2026-02-24 09:12:00+00:00,,,,,,,,0.54,0.54,,0.0,0,False
2026-02-24 09:12:30+00:00,,,,,,,,0.54,0.54,,0.0,0,False
2026-02-24 09:13:00+00:00,,,,,,,,0.54,0.54,,0.0,0,False
2026-02-24 09:13:30+00:00,,,,,,,,0.54,0.54,,0.0,0,False
2026-02-24 09:14:00+00:00,,,,,,,,0.54,0.54,,0.0,0,False
2026-02-24 09:14:30+00:00,,,,,,,,0.52,0.52,,20.0,1,False
2026-02-24 09:15:00+00:00,,,,,,,,0.52,0.52,,0.0,0,False
2026-02-24 09:15:30+00:00,,,,,,,,0.52,0.52,,0.0,0,False
2026-02-24 09:16:00+00:00,,,,,,,,0.52,0.52,,0.0,0,False
2026-02-24 09:16:30+00:00,,,,,,,,0.52,0.52,,201.0,1,False
2026-02-24 09:17:00+00:00,,,,,,,,0.52,0.52,,0.0,0,False
2026-02-24 09:17:30+00:00,,,,,,,,0.52,0.52,,0.0,0,False
2026-02-24 09:18:00+00:00,,,,,,,,0.52,0.52,,0.0,0,False
2026-02-24 09:18:30+00:00,,,,,,,,0.5400000000000001,0.54,,1000.0,3,False
2026-02-24 09:19:00+00:00,,,,,,,,0.5400000000000001,0.54,,0.0,0,False
2026-02-24 09:19:30+00:00,,,,,,,,0.5400000000000001,0.54,,0.0,0,False
2026-02-24 09:20:00+00:00,,,,,,,,0.5400000000000001,0.54,,0.0,0,False
2026-02-24 09:20:30+00:00,,,,,,,,0.5400000000000001,0.54,,0.0,0,False
2026-02-24 09:21:00+00:00,,,,,,,,0.54,0.54,,35.0,1,False
2026-02-24 09:21:30+00:00,,,,,,,,0.54,0.54,,0.0,0,False
2026-02-24 09:22:00+00:00,,,,,,,,0.54,0.54,,0.0,0,False
2026-02-24 09:22:30+00:00,,,,,,,,0.54,0.54,,0.0,0,False
2026-02-24 09:23:00+00:00,,,,,,,,0.54,0.54,,0.0,0,False
2026-02-24 09:23:30+00:00,,,,,,,,0.54,0.54,,0.0,0,False
2026-02-24 09:24:00+00:00,,,,,,,,0.54,0.54,,0.0,0,False
2026-02-24 09:24:30+00:00,,,,,,,,0.54,0.54,,0.0,0,False
2026-02-24 09:25:00+00:00,,,,,,,,0.54,0.54,,0.0,0,False
2026-02-24 09:25:30+00:00,,,,,,,,0.54,0.54,,0.0,0,False
2026-02-24 09:26:00+00:00,,,,,,,,0.54,0.54,,1.0,1,False
2026-02-24 09:26:30+00:00,,,,,,,,0.54,0.54,,0.0,0,False
2026-02-24 09:27:00+00:00,,,,,,,,0.54,0.54,,0.0,0,False
2026-02-24 09:27:30+00:00,,,,,,,,0.54,0.54,,0.0,0,False
2026-02-24 09:28:00+00:00,,,,,,,,0.54,0.54,,0.0,0,False
2026-02-24 09:28:30+00:00,,,,,,,,0.54,0.54,,20.0,2,False
2026-02-24 09:29:00+00:00,,,,,,,,0.54,0.54,,0.0,0,False
2026-02-24 09:29:30+00:00,,,,,,,,0.54,0.54,,0.0,0,False
2026-02-24 09:30:00+00:00,,,,,,,,0.54,0.54,,0.0,0,False
2026-02-24 09:30:30+00:00,,,,,,,,0.54,0.54,,56.0,3,False
2026-02-24 09:31:00+00:00,,,,,,,,0.54,0.54,,0.0,0,False
2026-02-24 09:31:30+00:00,,,,,,,,0.54,0.54,,0.0,0,False
2026-02-24 09:32:00+00:00,,,,,,,,0.54,0.54,,0.0,0,False
2026-02-24 09:32:30+00:00,,,,,,,,0.54,0.54,,0.0,0,False
2026-02-24 09:33:00+00:00,,,,,,,,0.54,0.54,,0.0,0,False
2026-02-24 09:33:30+00:00,,,,,,,,0.54,0.54,,100.0,1,False
2026-02-24 09:34:00+00:00,,,,,,,,0.54,0.54,,0.0,0,False
2026-02-24 09:34:30+00:00,,,,,,,,0.54,0.54,,0.0,0,False
2026-02-24 09:35:00+00:00,,,,,,,,0.54,0.54,,0.0,0,False
2026-02-24 09:35:30+00:00,,,,,,,,0.54,0.54,,0.0,0,False
2026-02-24 09:36:00+00:00,,,,,,,,0.54,0.54,,0.0,0,False
2026-02-24 09:36:30+00:00,,,,,,,,0.54,0.54,,0.0,0,False
2026-02-24 09:37:00+00:00,,,,,,,,0.52,0.52,,5.0,1,False
2026-02-24 09:37:30+00:00,,,,,,,,0.52,0.52,,0.0,0,False
2026-02-24 09:38:00+00:00,,,,,,,,0.54,0.54,,6.0,1,False
2026-02-24 09:38:30+00:00,,,,,,,,0.5400000000000001,0.54,,37.0,2,False
2026-02-24 09:39:00+00:00,,,,,,,,0.5490714285714287,0.55,,140.0,2,False
2026-02-24 09:39:30+00:00,,,,,,,,0.5490714285714287,0.55,,0.0,0,False
2026-02-24 09:40:00+00:00,,,,,,,,0.5490714285714287,0.55,,0.0,0,False
2026-02-24 09:40:30+00:00,,,,,,,,0.5490714285714287,0.55,,0.0,0,False
2026-02-24 09:41:00+00:00,,,,,,,,0.5490714285714287,0.55,,0.0,0,False
2026-02-24 09:41:30+00:00,,,,,,,,0.5490714285714287,0.55,,0.0,0,False
2026-02-24 09:42:00+00:00,,,,,,,,0.5490714285714287,0.55,,0.0,0,False
2026-02-24 09:42:30+00:00,,,,,,,,0.5490714285714287,0.55,,0.0,0,False
2026-02-24 09:43:00+00:00,,,,,,,,0.5490714285714287,0.55,,0.0,0,False
2026-02-24 09:43:30+00:00,,,,,,,,0.5490714285714287,0.55,,0.0,0,False
2026-02-24 09:44:00+00:00,,,,,,,,0.5490714285714287,0.55,,0.0,0,False
2026-02-24 09:44:30+00:00,,,,,,,,0.55,0.55,,141.0,1,False
2026-02-24 09:45:00+00:00,,,,,,,,0.55,0.55,,0.0,0,False
2026-02-24 09:45:30+00:00,,,,,,,,0.55,0.55,,0.0,0,False
2026-02-24 09:46:00+00:00,,,,,,,,0.55,0.55,,0.0,0,False
2026-02-24 09:46:30+00:00,,,,,,,,0.55,0.55,,181.0,2,False
2026-02-24 09:47:00+00:00,,,,,,,,0.55,0.55,,0.0,0,False
2026-02-24 09:47:30+00:00,,,,,,,,0.55,0.55,,0.0,0,False
2026-02-24 09:48:00+00:00,,,,,,,,0.55,0.55,,0.0,0,False
2026-02-24 09:48:30+00:00,,,,,,,,0.55,0.55,,0.0,0,False
2026-02-24 09:49:00+00:00,,,,,,,,0.55,0.55,,861.0,4,False
2026-02-24 09:49:30+00:00,,,,,,,,0.55,0.55,,0.0,0,False
2026-02-24 09:50:00+00:00,,,,,,,,0.55,0.55,,0.0,0,False
2026-02-24 09:50:30+00:00,,,,,,,,0.55,0.55,,0.0,0,False
2026-02-24 09:51:00+00:00,,,,,,,,0.55,0.55,,0.0,0,False
2026-02-24 09:51:30+00:00,,,,,,,,0.55,0.55,,0.0,0,False
2026-02-24 09:52:00+00:00,,,,,,,,0.55,0.55,,15.0,1,False
2026-02-24 09:52:30+00:00,,,,,,,,0.55,0.55,,0.0,0,False
2026-02-24 09:53:00+00:00,,,,,,,,0.55,0.55,,0.0,0,False
2026-02-24 09:53:30+00:00,,,,,,,,0.55,0.55,,0.0,0,False
2026-02-24 09:54:00+00:00,,,,,,,,0.55,0.55,,0.0,0,False
2026-02-24 09:54:30+00:00,,,,,,,,0.55,0.55,,0.0,0,False
2026-02-24 09:55:00+00:00,,,,,,,,0.55,0.55,,0.0,0,False
2026-02-24 09:55:30+00:00,,,,,,,,0.55,0.55,,0.0,0,False
2026-02-24 09:56:00+00:00,,,,,,,,0.54,0.54,,1.0,1,False
2026-02-24 09:56:30+00:00,,,,,,,,0.54,0.54,,0.0,0,False
2026-02-24 09:57:00+00:00,,,,,,,,0.54,0.54,,0.0,0,False
2026-02-24 09:57:30+00:00,,,,,,,,0.54,0.54,,0.0,0,False
2026-02-24 09:58:00+00:00,,,,,,,,0.54,0.54,,0.0,0,False
2026-02-24 09:58:30+00:00,,,,,,,,0.54,0.54,,0.0,0,False
2026-02-24 09:59:00+00:00,,,,,,,,0.54,0.54,,0.0,0,False
2026-02-24 09:59:30+00:00,,,,,,,,0.54,0.54,,0.0,0,False
2026-02-24 10:00:00+00:00,,,,,,,,0.54,0.54,,0.0,0,False
2026-02-24 10:00:30+00:00,,,,,,,,0.54,0.54,,0.0,0,False
2026-02-24 10:01:00+00:00,,,,,,,,0.54,0.54,,0.0,0,False
2026-02-24 10:01:30+00:00,,,,,,,,0.54,0.54,,9.0,2,False
2026-02-24 10:02:00+00:00,,,,,,,,0.54,0.54,,0.0,0,False
2026-02-24 10:02:30+00:00,,,,,,,,0.54,0.54,,0.0,0,False
2026-02-24 10:03:00+00:00,,,,,,,,0.54,0.54,,0.0,0,False
2026-02-24 10:03:30+00:00,,,,,,,,0.54,0.54,,0.0,0,False
2026-02-24 10:04:00+00:00,,,,,,,,0.54,0.54,,0.0,0,False
2026-02-24 10:04:30+00:00,,,,,,,,0.54,0.54,,0.0,0,False
2026-02-24 10:05:00+00:00,,,,,,,,0.54,0.54,,0.0,0,False
2026-02-24 10:05:30+00:00,,,,,,,,0.54,0.54,,0.0,0,False
2026-02-24 10:06:00+00:00,,,,,,,,0.54,0.54,,0.0,0,False
2026-02-24 10:06:30+00:00,,,,,,,,0.54,0.54,,0.0,0,False
2026-02-24 10:07:00+00:00,,,,,,,,0.54,0.54,,0.0,0,False
2026-02-24 10:07:30+00:00,,,,,,,,0.54,0.54,,0.0,0,False
2026-02-24 10:08:00+00:00,,,,,,,,0.54,0.54,,0.0,0,False
2026-02-24 10:08:30+00:00,,,,,,,,0.52,0.52,,6.0,1,False
2026-02-24 10:09:00+00:00,,,,,,,,0.52,0.52,,0.0,0,False
2026-02-24 10:09:30+00:00,,,,,,,,0.52,0.52,,0.0,0,False
2026-02-24 10:10:00+00:00,,,,,,,,0.52,0.52,,0.0,0,False
2026-02-24 10:10:30+00:00,,,,,,,,0.52,0.52,,0.0,0,False
2026-02-24 10:11:00+00:00,,,,,,,,0.52,0.52,,0.0,0,False
2026-02-24 10:11:30+00:00,,,,,,,,0.52,0.52,,0.0,0,False
2026-02-24 10:12:00+00:00,,,,,,,,0.52,0.52,,0.0,0,False
2026-02-24 10:12:30+00:00,,,,,,,,0.54,0.54,,49.0,1,False
2026-02-24 10:13:00+00:00,,,,,,,,0.54,0.54,,0.0,0,False
2026-02-24 10:13:30+00:00,,,,,,,,0.54,0.54,,0.0,0,False
2026-02-24 10:14:00+00:00,,,,,,,,0.54,0.54,,0.0,0,False
2026-02-24 10:14:30+00:00,,,,,,,,0.54,0.54,,0.0,0,False
2026-02-24 10:15:00+00:00,,,,,,,,0.54,0.54,,0.0,0,False
2026-02-24 10:15:30+00:00,,,,,,,,0.55,0.55,,8.0,1,False
2026-02-24 10:16:00+00:00,,,,,,,,0.55,0.55,,0.0,0,False
2026-02-24 10:16:30+00:00,,,,,,,,0.55,0.55,,0.0,0,False
2026-02-24 10:17:00+00:00,,,,,,,,0.55,0.55,,25.0,1,False
2026-02-24 10:17:30+00:00,,,,,,,,0.55,0.55,,0.0,0,False
2026-02-24 10:18:00+00:00,,,,,,,,0.55,0.55,,0.0,0,False
2026-02-24 10:18:30+00:00,,,,,,,,0.55,0.55,,0.0,0,False
2026-02-24 10:19:00+00:00,,,,,,,,0.55,0.55,,0.0,0,False
2026-02-24 10:19:30+00:00,,,,,,,,0.55,0.55,,0.0,0,False
2026-02-24 10:20:00+00:00,,,,,,,,0.55,0.55,,0.0,0,False
2026-02-24 10:20:30+00:00,,,,,,,,0.55,0.55,,0.0,0,False
2026-02-24 10:21:00+00:00,,,,,,,,0.55,0.55,,0.0,0,False
2026-02-24 10:21:30+00:00,,,,,,,,0.55,0.55,,0.0,0,False
2026-02-24 10:22:00+00:00,,,,,,,,0.55,0.55,,0.0,0,False
2026-02-24 10:22:30+00:00,,,,,,,,0.55,0.55,,0.0,0,False
2026-02-24 10:23:00+00:00,,,,,,,,0.55,0.55,,0.0,0,False
2026-02-24 10:23:30+00:00,,,,,,,,0.55,0.55,,0.0,0,False
2026-02-24 10:24:00+00:00,,,,,,,,0.55,0.55,,10.0,1,False
2026-02-24 10:24:30+00:00,,,,,,,,0.55,0.55,,0.0,0,False
2026-02-24 10:25:00+00:00,,,,,,,,0.55,0.55,,0.0,0,False
2026-02-24 10:25:30+00:00,,,,,,,,0.55,0.55,,0.0,0,False
2026-02-24 10:26:00+00:00,,,,,,,,0.55,0.55,,0.0,0,False
2026-02-24 10:26:30+00:00,,,,,,,,0.55,0.55,,0.0,0,False
2026-02-24 10:27:00+00:00,,,,,,,,0.55,0.55,,0.0,0,False
2026-02-24 10:27:30+00:00,,,,,,,,0.55,0.55,,0.0,0,False
2026-02-24 10:28:00+00:00,,,,,,,,0.55,0.55,,0.0,0,False
2026-02-24 10:28:30+00:00,,,,,,,,0.55,0.55,,0.0,0,False
2026-02-24 10:29:00+00:00,,,,,,,,0.54,0.54,,8.0,1,False
2026-02-24 10:29:30+00:00,,,,,,,,0.54,0.54,,0.0,0,False
2026-02-24 10:30:00+00:00,,,,,,,,0.54,0.54,,0.0,0,False
2026-02-24 10:30:30+00:00,,,,,,,,0.54,0.54,,0.0,0,False
2026-02-24 10:31:00+00:00,,,,,,,,0.54,0.54,,0.0,0,False
2026-02-24 10:31:30+00:00,,,,,,,,0.54,0.54,,0.0,0,False
2026-02-24 10:32:00+00:00,,,,,,,,0.54,0.54,,0.0,0,False
2026-02-24 10:32:30+00:00,,,,,,,,0.54,0.54,,0.0,0,False
2026-02-24 10:33:00+00:00,,,,,,,,0.54,0.54,,0.0,0,False
2026-02-24 10:33:30+00:00,,,,,,,,0.54,0.54,,0.0,0,False
2026-02-24 10:34:00+00:00,,,,,,,,0.54,0.54,,0.0,0,False
2026-02-24 10:34:30+00:00,,,,,,,,0.54,0.54,,0.0,0,False
2026-02-24 10:35:00+00:00,,,,,,,,0.54,0.54,,0.0,0,False
2026-02-24 10:35:30+00:00,,,,,,,,0.54,0.54,,0.0,0,False
2026-02-24 10:36:00+00:00,,,,,,,,0.54,0.54,,0.0,0,False
2026-02-24 10:36:30+00:00,,,,,,,,0.54,0.54,,0.0,0,False
2026-02-24 10:37:00+00:00,,,,,,,,0.54,0.54,,0.0,0,False
2026-02-24 10:37:30+00:00,,,,,,,,0.54,0.54,,0.0,0,False
2026-02-24 10:38:00+00:00,,,,,,,,0.55,0.55,,10.0,1,False
2026-02-24 10:38:30+00:00,,,,,,,,0.55,0.55,,2.0,1,False
2026-02-24 10:39:00+00:00,,,,,,,,0.52,0.52,,10.0,1,False
2026-02-24 10:39:30+00:00,,,,,,,,0.52,0.52,,0.0,0,False
2026-02-24 10:40:00+00:00,,,,,,,,0.55,0.55,,87.0,1,False
2026-02-24 10:40:30+00:00,,,,,,,,0.52,0.52,,100.0,1,False
2026-02-24 10:41:00+00:00,,,,,,,,0.54,0.54,,1390.0,3,False
2026-02-24 10:41:30+00:00,,,,,,,,0.54,0.54,,89.0,1,False
2026-02-24 10:42:00+00:00,,,,,,,,0.54,0.54,,0.0,0,False
2026-02-24 10:42:30+00:00,,,,,,,,0.54,0.54,,0.0,0,False
2026-02-24 10:43:00+00:00,,,,,,,,0.54,0.54,,0.0,0,False
2026-02-24 10:43:30+00:00,,,,,,,,0.54,0.54,,0.0,0,False
2026-02-24 10:44:00+00:00,,,,,,,,0.54,0.54,,0.0,0,False
2026-02-24 10:44:30+00:00,,,,,,,,0.55,0.55,,44.0,1,False
2026-02-24 10:45:00+00:00,,,,,,,,0.55,0.55,,0.0,0,False
2026-02-24 10:45:30+00:00,,,,,,,,0.55,0.55,,0.0,0,False
2026-02-24 10:46:00+00:00,,,,,,,,0.55,0.55,,0.0,0,False
2026-02-24 10:46:30+00:00,,,,,,,,0.55,0.55,,0.0,0,False
2026-02-24 10:47:00+00:00,,,,,,,,0.55,0.55,,0.0,0,False
2026-02-24 10:47:30+00:00,,,,,,,,0.55,0.55,,5.0,1,False
2026-02-24 10:48:00+00:00,,,,,,,,0.55,0.55,,0.0,0,False
2026-02-24 10:48:30+00:00,,,,,,,,0.55,0.55,,0.0,0,False
2026-02-24 10:49:00+00:00,,,,,,,,0.55,0.55,,0.0,0,False
2026-02-24 10:49:30+00:00,,,,,,,,0.55,0.55,,0.0,0,False
2026-02-24 10:50:00+00:00,,,,,,,,0.55,0.55,,0.0,0,False
2026-02-24 10:50:30+00:00,,,,,,,,0.55,0.55,,0.0,0,False
2026-02-24 10:51:00+00:00,,,,,,,,0.55,0.55,,0.0,0,False
2026-02-24 10:51:30+00:00,,,,,,,,0.55,0.55,,0.0,0,False
2026-02-24 10:52:00+00:00,,,,,,,,0.55,0.55,,0.0,0,False
2026-02-24 10:52:30+00:00,,,,,,,,0.55,0.55,,0.0,0,False
2026-02-24 10:53:00+00:00,,,,,,,,0.55,0.55,,0.0,0,False
2026-02-24 10:53:30+00:00,,,,,,,,0.526,0.55,,5.0,2,False
2026-02-24 10:54:00+00:00,,,,,,,,0.52,0.52,,25.0,2,False
2026-02-24 10:54:30+00:00,,,,,,,,0.52,0.52,,0.0,0,False
2026-02-24 10:55:00+00:00,,,,,,,,0.52,0.52,,0.0,0,False
2026-02-24 10:55:30+00:00,,,,,,,,0.55,0.55,,7.0,1,False
2026-02-24 10:56:00+00:00,,,,,,,,0.55,0.55,,0.0,0,False
2026-02-24 10:56:30+00:00,,,,,,,,0.55,0.55,,0.0,0,False
2026-02-24 10:57:00+00:00,,,,,,,,0.55,0.55,,0.0,0,False
2026-02-24 10:57:30+00:00,,,,,,,,0.55,0.55,,0.0,0,False
2026-02-24 10:58:00+00:00,,,,,,,,0.55,0.55,,0.0,0,False
2026-02-24 10:58:30+00:00,,,,,,,,0.55,0.55,,0.0,0,False
2026-02-24 10:59:00+00:00,,,,,,,,0.55,0.55,,0.0,0,False
2026-02-24 10:59:30+00:00,,,,,,,,0.55,0.55,,0.0,0,False
2026-02-24 11:00:00+00:00,,,,,,,,0.55,0.55,,0.0,0,False
2026-02-24 11:00:30+00:00,,,,,,,,0.55,0.55,,7.0,1,False
2026-02-24 11:01:00+00:00,,,,,,,,0.55,0.55,,0.0,0,False
2026-02-24 11:01:30+00:00,,,,,,,,0.55,0.55,,0.0,0,False
2026-02-24 11:02:00+00:00,,,,,,,,0.55,0.55,,0.0,0,False
2026-02-24 11:02:30+00:00,,,,,,,,0.55,0.55,,0.0,0,False
2026-02-24 11:03:00+00:00,,,,,,,,0.52,0.52,,2.0,1,False
2026-02-24 11:03:30+00:00,,,,,,,,0.52,0.52,,0.0,0,False
2026-02-24 11:04:00+00:00,,,,,,,,0.52,0.52,,0.0,0,False
2026-02-24 11:04:30+00:00,,,,,,,,0.52,0.52,,0.0,0,False
2026-02-24 11:05:00+00:00,,,,,,,,0.52,0.52,,0.0,0,False
2026-02-24 11:05:30+00:00,,,,,,,,0.52,0.52,,0.0,0,False
2026-02-24 11:06:00+00:00,,,,,,,,0.52,0.52,,0.0,0,False
2026-02-24 11:06:30+00:00,,,,,,,,0.52,0.52,,0.0,0,False
2026-02-24 11:07:00+00:00,,,,,,,,0.54,0.54,,178.0,1,False
2026-02-24 11:07:30+00:00,,,,,,,,0.54,0.54,,17.0,1,False
2026-02-24 11:08:00+00:00,,,,,,,,0.54,0.54,,0.0,0,False
2026-02-24 11:08:30+00:00,,,,,,,,0.52,0.52,,10.0,1,False
2026-02-24 11:09:00+00:00,,,,,,,,0.52,0.52,,0.0,0,False
2026-02-24 11:09:30+00:00,,,,,,,,0.52,0.52,,0.0,0,False
2026-02-24 11:10:00+00:00,,,,,,,,0.52,0.52,,0.0,0,False
2026-02-24 11:10:30+00:00,,,,,,,,0.52,0.52,,0.0,0,False
2026-02-24 11:11:00+00:00,,,,,,,,0.53,0.54,,8.0,3,False
2026-02-24 11:11:30+00:00,,,,,,,,0.53,0.54,,0.0,0,False
2026-02-24 11:12:00+00:00,,,,,,,,0.53,0.54,,0.0,0,False
2026-02-24 11:12:30+00:00,,,,,,,,0.5201968503937008,0.54,,508.0,3,False
2026-02-24 11:13:00+00:00,,,,,,,,0.5201968503937008,0.54,,0.0,0,False
2026-02-24 11:13:30+00:00,,,,,,,,0.54,0.54,,97.0,2,False
2026-02-24 11:14:00+00:00,,,,,,,,0.55,0.55,,36.0,1,False
2026-02-24 11:14:30+00:00,,,,,,,,0.55,0.55,,0.0,0,False
2026-02-24 11:15:00+00:00,,,,,,,,0.55,0.55,,0.0,0,False
2026-02-24 11:15:30+00:00,,,,,,,,0.55,0.55,,0.0,0,False
2026-02-24 11:16:00+00:00,,,,,,,,0.55,0.55,,0.0,0,False
2026-02-24 11:16:30+00:00,,,,,,,,0.55,0.55,,0.0,0,False
2026-02-24 11:17:00+00:00,,,,,,,,0.55,0.55,,0.0,0,False
2026-02-24 11:17:30+00:00,,,,,,,,0.55,0.55,,14.0,1,False
2026-02-24 11:18:00+00:00,,,,,,,,0.55,0.55,,0.0,0,False
2026-02-24 11:18:30+00:00,,,,,,,,0.55,0.55,,0.0,0,False
2026-02-24 11:19:00+00:00,,,,,,,,0.55,0.55,,0.0,0,False
2026-02-24 11:19:30+00:00,,,,,,,,0.55,0.55,,0.0,0,False
2026-02-24 11:20:00+00:00,,,,,,,,0.55,0.55,,0.0,0,False
2026-02-24 11:20:30+00:00,,,,,,,,0.55,0.55,,0.0,0,False
2026-02-24 11:21:00+00:00,,,,,,,,0.55,0.55,,0.0,0,False
2026-02-24 11:21:30+00:00,,,,,,,,0.55,0.55,,0.0,0,False
2026-02-24 11:22:00+00:00,,,,,,,,0.55,0.55,,1000.0,6,False
2026-02-24 11:22:30+00:00,,,,,,,,0.55,0.55,,0.0,0,False
2026-02-24 11:23:00+00:00,,,,,,,,0.55,0.55,,17.0,1,False
2026-02-24 11:23:30+00:00,,,,,,,,0.55,0.55,,0.0,0,False
2026-02-24 11:24:00+00:00,,,,,,,,0.53,0.53,,909.0,1,False
2026-02-24 11:24:30+00:00,,,,,,,,0.55,0.55,,350.0,1,False
2026-02-24 11:25:00+00:00,,,,,,,,0.53,0.53,,379.0,2,False
2026-02-24 11:25:30+00:00,,,,,,,,0.53,0.53,,0.0,0,False
2026-02-24 11:26:00+00:00,,,,,,,,0.53,0.53,,0.0,0,False
2026-02-24 11:26:30+00:00,,,,,,,,0.53,0.53,,0.0,0,False
2026-02-24 11:27:00+00:00,,,,,,,,0.53,0.53,,0.0,0,False
2026-02-24 11:27:30+00:00,,,,,,,,0.53,0.53,,0.0,0,False
2026-02-24 11:28:00+00:00,,,,,,,,0.53,0.53,,0.0,0,False
2026-02-24 11:28:30+00:00,,,,,,,,0.53,0.53,,0.0,0,False
2026-02-24 11:29:00+00:00,,,,,,,,0.53,0.53,,0.0,0,False
2026-02-24 11:29:30+00:00,,,,,,,,0.53,0.53,,0.0,0,False
2026-02-24 11:30:00+00:00,,,,,,,,0.53,0.53,,0.0,0,False
2026-02-24 11:30:30+00:00,,,,,,,,0.53,0.53,,20.0,1,False
2026-02-24 11:31:00+00:00,,,,,,,,0.53,0.53,,0.0,0,False
2026-02-24 11:31:30+00:00,,,,,,,,0.54,0.54,,100.0,1,False
2026-02-24 11:32:00+00:00,,,,,,,,0.54,0.54,,0.0,0,False
2026-02-24 11:32:30+00:00,,,,,,,,0.54,0.54,,0.0,0,False
2026-02-24 11:33:00+00:00,,,,,,,,0.54,0.54,,44.0,1,False
2026-02-24 11:33:30+00:00,,,,,,,,0.54,0.54,,0.0,0,False
2026-02-24 11:34:00+00:00,,,,,,,,0.54,0.54,,0.0,0,False
2026-02-24 11:34:30+00:00,,,,,,,,0.54,0.54,,0.0,0,False
2026-02-24 11:35:00+00:00,,,,,,,,0.54,0.54,,0.0,0,False
2026-02-24 11:35:30+00:00,,,,,,,,0.5299999999999999,0.53,,781.0,3,False
2026-02-24 11:36:00+00:00,,,,,,,,0.5299999999999999,0.53,,0.0,0,False
2026-02-24 11:36:30+00:00,,,,,,,,0.5299999999999999,0.53,,0.0,0,False
2026-02-24 11:37:00+00:00,,,,,,,,0.5299999999999999,0.53,,0.0,0,False
2026-02-24 11:37:30+00:00,,,,,,,,0.5299999999999999,0.53,,0.0,0,False
2026-02-24 11:38:00+00:00,,,,,,,,0.5299999999999999,0.53,,0.0,0,False
2026-02-24 11:38:30+00:00,,,,,,,,0.5299999999999999,0.53,,0.0,0,False
2026-02-24 11:39:00+00:00,,,,,,,,0.5299999999999999,0.53,,0.0,0,False
2026-02-24 11:39:30+00:00,,,,,,,,0.54,0.54,,2.0,1,False
2026-02-24 11:40:00+00:00,,,,,,,,0.54,0.54,,0.0,0,False
2026-02-24 11:40:30+00:00,,,,,,,,0.54,0.54,,0.0,0,False
2026-02-24 11:41:00+00:00,,,,,,,,0.54,0.54,,0.0,0,False
2026-02-24 11:41:30+00:00,,,,,,,,0.54,0.54,,0.0,0,False
2026-02-24 11:42:00+00:00,,,,,,,,0.54,0.54,,0.0,0,False
2026-02-24 11:42:30+00:00,,,,,,,,0.54,0.54,,0.0,0,False
2026-02-24 11:43:00+00:00,,,,,,,,0.53,0.53,,20.0,1,False
2026-02-24 11:43:30+00:00,,,,,,,,0.53,0.53,,0.0,0,False
2026-02-24 11:44:00+00:00,,,,,,,,0.53,0.53,,0.0,0,False
2026-02-24 11:44:30+00:00,,,,,,,,0.53,0.53,,0.0,0,False
2026-02-24 11:45:00+00:00,,,,,,,,0.54,0.54,,1.0,1,False
2026-02-24 11:45:30+00:00,,,,,,,,0.53,0.53,,2.0,1,False
2026-02-24 11:46:00+00:00,,,,,,,,0.53,0.53,,1.0,1,False
2026-02-24 11:46:30+00:00,,,,,,,,0.53,0.53,,0.0,0,False
2026-02-24 11:47:00+00:00,,,,,,,,0.54,0.54,,1.0,1,False
2026-02-24 11:47:30+00:00,,,,,,,,0.53,0.53,,4.0,2,False
2026-02-24 11:48:00+00:00,,,,,,,,0.5399999999999999,0.54,,18.0,2,False
2026-02-24 11:48:30+00:00,,,,,,,,0.54,0.54,,35.0,1,False
2026-02-24 11:49:00+00:00,,,,,,,,0.54,0.54,,0.0,0,False
2026-02-24 11:49:30+00:00,,,,,,,,0.54,0.54,,17.0,1,False
2026-02-24 11:50:00+00:00,,,,,,,,0.54,0.54,,0.0,0,False
2026-02-24 11:50:30+00:00,,,,,,,,0.54,0.54,,0.0,0,False
2026-02-24 11:51:00+00:00,,,,,,,,0.54,0.54,,0.0,0,False
2026-02-24 11:51:30+00:00,,,,,,,,0.54,0.54,,0.0,0,False
2026-02-24 11:52:00+00:00,,,,,,,,0.54,0.54,,0.0,0,False
2026-02-24 11:52:30+00:00,,,,,,,,0.54,0.54,,0.0,0,False
2026-02-24 11:53:00+00:00,,,,,,,,0.5400000000000001,0.54,,406.0,3,False
2026-02-24 11:53:30+00:00,,,,,,,,0.55,0.55,,53.0,3,False
2026-02-24 11:54:00+00:00,,,,,,,,0.55,0.55,,0.0,0,False
2026-02-24 11:54:30+00:00,,,,,,,,0.547948717948718,0.55,,39.0,2,False
2026-02-24 11:55:00+00:00,,,,,,,,0.547948717948718,0.55,,0.0,0,False
2026-02-24 11:55:30+00:00,,,,,,,,0.547948717948718,0.55,,0.0,0,False
2026-02-24 11:56:00+00:00,,,,,,,,0.55,0.55,,17.0,1,False
2026-02-24 11:56:30+00:00,,,,,,,,0.55,0.55,,0.0,0,False
2026-02-24 11:57:00+00:00,,,,,,,,0.55,0.55,,0.0,0,False
2026-02-24 11:57:30+00:00,,,,,,,,0.55,0.55,,0.0,0,False
2026-02-24 11:58:00+00:00,,,,,,,,0.55,0.55,,0.0,0,False
2026-02-24 11:58:30+00:00,,,,,,,,0.55,0.55,,0.0,0,False
2026-02-24 11:59:00+00:00,,,,,,,,0.55,0.55,,440.0,2,False
2026-02-24 11:59:30+00:00,,,,,,,,0.55,0.55,,1.0,1,False
2026-02-24 12:00:00+00:00,,,,,,,,0.55,0.55,,0.0,0,False
2026-02-24 12:00:30+00:00,,,,,,,,0.55,0.55,,0.0,0,False
2026-02-24 12:01:00+00:00,,,,,,,,0.55,0.55,,0.0,0,False
2026-02-24 12:01:30+00:00,,,,,,,,0.55,0.55,,0.0,0,False
2026-02-24 12:02:00+00:00,,,,,,,,0.5433333333333333,0.55,,15.0,2,False
2026-02-24 12:02:30+00:00,,,,,,,,0.5433333333333333,0.55,,0.0,0,False
2026-02-24 12:03:00+00:00,,,,,,,,0.5433333333333333,0.55,,0.0,0,False
2026-02-24 12:03:30+00:00,,,,,,,,0.5433333333333333,0.55,,0.0,0,False
2026-02-24 12:04:00+00:00,,,,,,,,0.5433333333333333,0.55,,0.0,0,False
2026-02-24 12:04:30+00:00,,,,,,,,0.5433333333333333,0.55,,0.0,0,False
2026-02-24 12:05:00+00:00,,,,,,,,0.55,0.55,,17.0,1,False
2026-02-24 12:05:30+00:00,,,,,,,,0.55,0.55,,0.0,0,False
2026-02-24 12:06:00+00:00,,,,,,,,0.55,0.55,,0.0,0,False
2026-02-24 12:06:30+00:00,,,,,,,,0.55,0.55,,17.0,1,False
2026-02-24 12:07:00+00:00,,,,,,,,0.5466666666666667,0.55,,126.0,2,False
2026-02-24 12:07:30+00:00,,,,,,,,0.55,0.55,,263.0,1,False
2026-02-24 12:08:00+00:00,,,,,,,,0.55,0.55,,0.0,0,False
2026-02-24 12:08:30+00:00,,,,,,,,0.55,0.55,,0.0,0,False
2026-02-24 12:09:00+00:00,,,,,,,,0.55,0.55,,0.0,0,False
2026-02-24 12:09:30+00:00,,,,,,,,0.55,0.55,,0.0,0,False
2026-02-24 12:10:00+00:00,,,,,,,,0.55,0.55,,0.0,0,False
2026-02-24 12:10:30+00:00,,,,,,,,0.55,0.55,,0.0,0,False
2026-02-24 12:11:00+00:00,,,,,,,,0.55,0.55,,86.0,2,False
2026-02-24 12:11:30+00:00,,,,,,,,0.55,0.55,,0.0,0,False
2026-02-24 12:12:00+00:00,,,,,,,,0.55,0.55,,0.0,0,False
2026-02-24 12:12:30+00:00,,,,,,,,0.55,0.55,,0.0,0,False
2026-02-24 12:13:00+00:00,,,,,,,,0.55,0.55,,0.0,0,False
2026-02-24 12:13:30+00:00,,,,,,,,0.55,0.55,,0.0,0,False
2026-02-24 12:14:00+00:00,,,,,,,,0.55,0.55,,0.0,0,False
2026-02-24 12:14:30+00:00,,,,,,,,0.55,0.55,,176.0,1,False
2026-02-24 12:15:00+00:00,,,,,,,,0.53,0.53,,208.0,1,False
2026-02-24 12:15:30+00:00,,,,,,,,0.53,0.53,,0.0,0,False
2026-02-24 12:16:00+00:00,,,,,,,,0.53,0.53,,0.0,0,False
2026-02-24 12:16:30+00:00,,,,,,,,0.53,0.53,,0.0,0,False
2026-02-24 12:17:00+00:00,,,,,,,,0.53,0.53,,0.0,0,False
2026-02-24 12:17:30+00:00,,,,,,,,0.53,0.53,,0.0,0,False
2026-02-24 12:18:00+00:00,,,,,,,,0.5456578947368421,0.54,,76.0,2,False
2026-02-24 12:18:30+00:00,,,,,,,,0.5456578947368421,0.54,,0.0,0,False
2026-02-24 12:19:00+00:00,,,,,,,,0.55,0.55,,49.0,1,False
2026-02-24 12:19:30+00:00,,,,,,,,0.53,0.53,,18.0,1,False
2026-02-24 12:20:00+00:00,,,,,,,,0.55,0.55,,1.0,1,False
2026-02-24 12:20:30+00:00,,,,,,,,0.55,0.55,,0.0,0,False
2026-02-24 12:21:00+00:00,,,,,,,,0.55,0.55,,0.0,0,False
2026-02-24 12:21:30+00:00,,,,,,,,0.53,0.53,,228.0,1,False
2026-02-24 12:22:00+00:00,,,,,,,,0.53,0.53,,0.0,0,False
2026-02-24 12:22:30+00:00,,,,,,,,0.53,0.53,,0.0,0,False
2026-02-24 12:23:00+00:00,,,,,,,,0.53,0.53,,0.0,0,False
2026-02-24 12:23:30+00:00,,,,,,,,0.53,0.53,,0.0,0,False
2026-02-24 12:24:00+00:00,,,,,,,,0.55,0.55,,88.0,2,False
2026-02-24 12:24:30+00:00,,,,,,,,0.55,0.55,,0.0,0,False
2026-02-24 12:25:00+00:00,,,,,,,,0.55,0.55,,5.0,1,False
2026-02-24 12:25:30+00:00,,,,,,,,0.55,0.55,,0.0,0,False
2026-02-24 12:26:00+00:00,,,,,,,,0.55,0.55,,22.0,2,False
2026-02-24 12:26:30+00:00,,,,,,,,0.55,0.55,,0.0,0,False
2026-02-24 12:27:00+00:00,,,,,,,,0.55,0.55,,14.0,1,False
2026-02-24 12:27:30+00:00,,,,,,,,0.55,0.55,,0.0,0,False
2026-02-24 12:28:00+00:00,,,,,,,,0.55,0.55,,35.0,1,False
2026-02-24 12:28:30+00:00,,,,,,,,0.55,0.55,,441.0,2,False
2026-02-24 12:29:00+00:00,,,,,,,,0.55,0.55,,0.0,0,False
2026-02-24 12:29:30+00:00,,,,,,,,0.55,0.55,,0.0,0,False
2026-02-24 12:30:00+00:00,,,,,,,,0.55,0.55,,8.0,1,False
2026-02-24 12:30:30+00:00,,,,,,,,0.55,0.55,,0.0,0,False
2026-02-24 12:31:00+00:00,,,,,,,,0.55,0.55,,0.0,0,False
2026-02-24 12:31:30+00:00,,,,,,,,0.5462616822429907,0.55,,107.0,2,False
2026-02-24 12:32:00+00:00,,,,,,,,0.5462616822429907,0.55,,0.0,0,False
2026-02-24 12:32:30+00:00,,,,,,,,0.5462616822429907,0.55,,0.0,0,False
2026-02-24 12:33:00+00:00,,,,,,,,0.5462616822429907,0.55,,0.0,0,False
2026-02-24 12:33:30+00:00,,,,,,,,0.5462616822429907,0.55,,0.0,0,False
2026-02-24 12:34:00+00:00,,,,,,,,0.5462616822429907,0.55,,0.0,0,False
2026-02-24 12:34:30+00:00,,,,,,,,0.55,0.55,,3.0,1,False
2026-02-24 12:35:00+00:00,,,,,,,,0.55,0.55,,0.0,0,False
2026-02-24 12:35:30+00:00,,,,,,,,0.55,0.55,,2.0,1,False
2026-02-24 12:36:00+00:00,,,,,,,,0.55,0.55,,0.0,0,False
2026-02-24 12:36:30+00:00,,,,,,,,0.55,0.55,,0.0,0,False
2026-02-24 12:37:00+00:00,,,,,,,,0.55,0.55,,0.0,0,False
2026-02-24 12:37:30+00:00,,,,,,,,0.55,0.55,,0.0,0,False
2026-02-24 12:38:00+00:00,,,,,,,,0.55,0.55,,5.0,1,False
2026-02-24 12:38:30+00:00,,,,,,,,0.55,0.55,,0.0,0,False
2026-02-24 12:39:00+00:00,,,,,,,,0.55,0.55,,0.0,0,False
2026-02-24 12:39:30+00:00,,,,,,,,0.55,0.55,,0.0,0,False
2026-02-24 12:40:00+00:00,,,,,,,,0.55,0.55,,0.0,0,False
2026-02-24 12:40:30+00:00,,,,,,,,0.53,0.53,,20.0,1,False
2026-02-24 12:41:00+00:00,,,,,,,,0.55,0.55,,34.0,1,False
2026-02-24 12:41:30+00:00,,,,,,,,0.55,0.55,,0.0,0,False
2026-02-24 12:42:00+00:00,,,,,,,,0.53,0.53,,20.0,1,False
2026-02-24 12:42:30+00:00,,,,,,,,0.5477551020408163,0.55,,98.0,2,False
2026-02-24 12:43:00+00:00,,,,,,,,0.5477551020408163,0.55,,0.0,0,False
2026-02-24 12:43:30+00:00,,,,,,,,0.5477551020408163,0.55,,0.0,0,False
2026-02-24 12:44:00+00:00,,,,,,,,0.5477551020408163,0.55,,0.0,0,False
2026-02-24 12:44:30+00:00,,,,,,,,0.55,0.55,,35.0,1,False
2026-02-24 12:45:00+00:00,,,,,,,,0.55,0.55,,87.0,2,False
2026-02-24 12:45:30+00:00,,,,,,,,0.55,0.55,,0.0,0,False
2026-02-24 12:46:00+00:00,,,,,,,,0.55,0.55,,0.0,0,False
2026-02-24 12:46:30+00:00,,,,,,,,0.54,0.54,,5.0,2,False
2026-02-24 12:47:00+00:00,,,,,,,,0.53,0.53,,10.0,2,False
2026-02-24 12:47:30+00:00,,,,,,,,0.5396551724137931,0.54,,29.0,3,False
2026-02-24 12:48:00+00:00,,,,,,,,0.55,0.55,,2.0,1,False
2026-02-24 12:48:30+00:00,,,,,,,,0.55,0.55,,0.0,0,False
2026-02-24 12:49:00+00:00,,,,,,,,0.55,0.55,,0.0,0,False
2026-02-24 12:49:30+00:00,,,,,,,,0.5499999999999999,0.55,,6.0,2,False
2026-02-24 12:50:00+00:00,,,,,,,,0.53,0.53,,81.0,2,False
2026-02-24 12:50:30+00:00,,,,,,,,0.53,0.53,,0.0,0,False
2026-02-24 12:51:00+00:00,,,,,,,,0.53,0.53,,20.0,1,False
2026-02-24 12:51:30+00:00,,,,,,,,0.53,0.53,,0.0,0,False
2026-02-24 12:52:00+00:00,,,,,,,,0.53,0.53,,0.0,0,False
2026-02-24 12:52:30+00:00,,,,,,,,0.53,0.53,,0.0,0,False
2026-02-24 12:53:00+00:00,,,,,,,,0.55,0.55,,68.0,2,False
2026-02-24 12:53:30+00:00,,,,,,,,0.55,0.55,,17.0,1,False
2026-02-24 12:54:00+00:00,,,,,,,,0.5500000000000002,0.55,,41.0,3,False
2026-02-24 12:54:30+00:00,,,,,,,,0.55,0.55,,8.0,1,False
2026-02-24 12:55:00+00:00,,,,,,,,0.55,0.55,,7.0,1,False
2026-02-24 12:55:30+00:00,,,,,,,,0.55,0.55,,0.0,0,False
2026-02-24 12:56:00+00:00,,,,,,,,0.55,0.55,,0.0,0,False
2026-02-24 12:56:30+00:00,,,,,,,,0.55,0.55,,0.0,0,False
2026-02-24 12:57:00+00:00,,,,,,,,0.55,0.55,,0.0,0,False
2026-02-24 12:57:30+00:00,,,,,,,,0.55,0.55,,0.0,0,False
2026-02-24 12:58:00+00:00,,,,,,,,0.55,0.55,,44.0,1,False
2026-02-24 12:58:30+00:00,,,,,,,,0.55,0.55,,0.0,0,False
2026-02-24 12:59:00+00:00,,,,,,,,0.55,0.55,,0.0,0,False
2026-02-24 12:59:30+00:00,,,,,,,,0.55,0.55,,0.0,0,False
2026-02-24 13:00:00+00:00,,,,,,,,0.55,0.55,,0.0,0,False
2026-02-24 13:00:30+00:00,,,,,,,,0.55,0.55,,0.0,0,False
2026-02-24 13:01:00+00:00,,,,,,,,0.55,0.55,,35.0,1,False
2026-02-24 13:01:30+00:00,,,,,,,,0.55,0.55,,0.0,0,False
2026-02-24 13:02:00+00:00,,,,,,,,0.55,0.55,,1.0,1,False
2026-02-24 13:02:30+00:00,,,,,,,,0.55,0.55,,8.0,1,False
2026-02-24 13:03:00+00:00,,,,,,,,0.55,0.55,,35.0,1,False
2026-02-24 13:03:30+00:00,,,,,,,,0.55,0.55,,0.0,0,False
2026-02-24 13:04:00+00:00,,,,,,,,0.55,0.55,,17.0,1,False
2026-02-24 13:04:30+00:00,,,,,,,,0.5316143497757848,0.53,,223.0,3,False
2026-02-24 13:05:00+00:00,,,,,,,,0.5316143497757848,0.53,,0.0,0,False
2026-02-24 13:05:30+00:00,,,,,,,,0.5316143497757848,0.53,,0.0,0,False
2026-02-24 13:06:00+00:00,,,,,,,,0.5316143497757848,0.53,,0.0,0,False
2026-02-24 13:06:30+00:00,,,,,,,,0.5316143497757848,0.53,,0.0,0,False
2026-02-24 13:07:00+00:00,,,,,,,,0.5316143497757848,0.53,,0.0,0,False
2026-02-24 13:07:30+00:00,,,,,,,,0.5316143497757848,0.53,,0.0,0,False
2026-02-24 13:08:00+00:00,,,,,,,,0.55,0.55,,73.0,3,False
2026-02-24 13:08:30+00:00,,,,,,,,0.55,0.55,,0.0,0,False
2026-02-24 13:09:00+00:00,,,,,,,,0.53,0.53,,10.0,1,False
2026-02-24 13:09:30+00:00,,,,,,,,0.53,0.53,,0.0,0,False
2026-02-24 13:10:00+00:00,,,,,,,,0.53,0.53,,0.0,0,False
2026-02-24 13:10:30+00:00,,,,,,,,0.53,0.53,,0.0,0,False
2026-02-24 13:11:00+00:00,,,,,,,,0.55,0.55,,35.0,1,False
2026-02-24 13:11:30+00:00,,,,,,,,0.55,0.55,,0.0,0,False
2026-02-24 13:12:00+00:00,,,,,,,,0.5409205020920502,0.54,,478.0,5,False
2026-02-24 13:12:30+00:00,,,,,,,,0.5444444444444445,0.54,,18.0,2,False
2026-02-24 13:13:00+00:00,,,,,,,,0.5463636363636364,0.55,,11.0,2,False
2026-02-24 13:13:30+00:00,,,,,,,,0.5463636363636364,0.55,,0.0,0,False
2026-02-24 13:14:00+00:00,,,,,,,,0.55,0.55,,35.0,1,False
2026-02-24 13:14:30+00:00,,,,,,,,0.55,0.55,,0.0,0,False
2026-02-24 13:15:00+00:00,,,,,,,,0.55,0.55,,0.0,0,False
2026-02-24 13:15:30+00:00,,,,,,,,0.55,0.55,,1.0,1,False
2026-02-24 13:16:00+00:00,,,,,,,,0.55,0.55,,0.0,0,False
2026-02-24 13:16:30+00:00,,,,,,,,0.55,0.55,,0.0,0,False
2026-02-24 13:17:00+00:00,,,,,,,,0.54,0.54,,4.0,1,False
2026-02-24 13:17:30+00:00,,,,,,,,0.54,0.54,,0.0,0,False
2026-02-24 13:18:00+00:00,,,,,,,,0.54,0.54,,0.0,0,False
2026-02-24 13:18:30+00:00,,,,,,,,0.54,0.54,,0.0,0,False
2026-02-24 13:19:00+00:00,,,,,,,,0.54,0.54,,0.0,0,False
2026-02-24 13:19:30+00:00,,,,,,,,0.54,0.54,,104.0,1,False
2026-02-24 13:20:00+00:00,,,,,,,,0.55,0.55,,3.0,1,False
2026-02-24 13:20:30+00:00,,,,,,,,0.55,0.55,,100.0,1,False
2026-02-24 13:21:00+00:00,,,,,,,,0.55,0.55,,24.0,1,False
2026-02-24 13:21:30+00:00,,,,,,,,0.5472222222222223,0.55,,36.0,2,False
2026-02-24 13:22:00+00:00,,,,,,,,0.5472222222222223,0.55,,0.0,0,False
2026-02-24 13:22:30+00:00,,,,,,,,0.5472222222222223,0.55,,0.0,0,False
2026-02-24 13:23:00+00:00,,,,,,,,0.55,0.55,,3.0,1,False
2026-02-24 13:23:30+00:00,,,,,,,,0.55,0.55,,4.0,1,False
2026-02-24 13:24:00+00:00,,,,,,,,0.54,0.54,,440.0,3,False
2026-02-24 13:24:30+00:00,,,,,,,,0.55,0.55,,26.0,1,False
2026-02-24 13:25:00+00:00,,,,,,,,0.55,0.55,,0.0,0,False
2026-02-24 13:25:30+00:00,,,,,,,,0.55,0.55,,50.0,1,False
2026-02-24 13:26:00+00:00,,,,,,,,0.55,0.55,,176.0,1,False
2026-02-24 13:26:30+00:00,,,,,,,,0.55,0.55,,307.0,2,False
2026-02-24 13:27:00+00:00,,,,,,,,0.55,0.55,,52.0,1,False
2026-02-24 13:27:30+00:00,,,,,,,,0.55,0.55,,0.0,0,False
2026-02-24 13:28:00+00:00,,,,,,,,0.55,0.55,,0.0,0,False
2026-02-24 13:28:30+00:00,,,,,,,,0.55,0.55,,0.0,0,False
2026-02-24 13:29:00+00:00,,,,,,,,0.55,0.55,,21.0,1,False
2026-02-24 13:29:30+00:00,,,,,,,,0.55,0.55,,0.0,0,False
2026-02-24 13:30:00+00:00,,,,,,,,0.55,0.55,,0.0,0,False
2026-02-24 13:30:30+00:00,,,,,,,,0.55,0.55,,0.0,0,False
2026-02-24 13:31:00+00:00,,,,,,,,0.55,0.55,,19.0,2,False
2026-02-24 13:31:30+00:00,,,,,,,,0.54,0.54,,250.0,1,False
2026-02-24 13:32:00+00:00,,,,,,,,0.55,0.55,,17.0,1,False
2026-02-24 13:32:30+00:00,,,,,,,,0.55,0.55,,0.0,0,False
2026-02-24 13:33:00+00:00,,,,,,,,0.54,0.54,,196.0,2,False
2026-02-24 13:33:30+00:00,,,,,,,,0.54,0.54,,0.0,0,False
2026-02-24 13:34:00+00:00,,,,,,,,0.55,0.55,,175.0,1,False
2026-02-24 13:34:30+00:00,,,,,,,,0.55,0.55,,375.0,3,False
2026-02-24 13:35:00+00:00,,,,,,,,0.55,0.55,,0.0,0,False
2026-02-24 13:35:30+00:00,,,,,,,,0.55,0.55,,21.0,1,False
2026-02-24 13:36:00+00:00,,,,,,,,0.55,0.55,,1.0,1,False
2026-02-24 13:36:30+00:00,,,,,,,,0.55,0.55,,0.0,0,False
2026-02-24 13:37:00+00:00,,,,,,,,0.54,0.54,,1.0,1,False
2026-02-24 13:37:30+00:00,,,,,,,,0.54,0.54,,0.0,0,False
2026-02-24 13:38:00+00:00,,,,,,,,0.54,0.54,,0.0,0,False
2026-02-24 13:38:30+00:00,,,,,,,,0.54,0.54,,0.0,0,False
2026-02-24 13:39:00+00:00,,,,,,,,0.54,0.54,,0.0,0,False
2026-02-24 13:39:30+00:00,,,,,,,,0.54,0.54,,0.0,0,False
2026-02-24 13:40:00+00:00,,,,,,,,0.5397254901960785,0.53,,510.0,2,False
2026-02-24 13:40:30+00:00,,,,,,,,0.55,0.55,,3.0,1,False
2026-02-24 13:41:00+00:00,,,,,,,,0.55,0.55,,0.0,0,False
2026-02-24 13:41:30+00:00,,,,,,,,0.55,0.55,,31.0,1,False
2026-02-24 13:42:00+00:00,,,,,,,,0.55,0.55,,17.0,1,False
2026-02-24 13:42:30+00:00,,,,,,,,0.55,0.55,,0.0,0,False
2026-02-24 13:43:00+00:00,,,,,,,,0.55,0.55,,0.0,0,False
2026-02-24 13:43:30+00:00,,,,,,,,0.55,0.55,,0.0,0,False
2026-02-24 13:44:00+00:00,,,,,,,,0.55,0.55,,0.0,0,False
2026-02-24 13:44:30+00:00,,,,,,,,0.55,0.55,,27.0,2,False
2026-02-24 13:45:00+00:00,,,,,,,,0.55,0.55,,0.0,0,False
2026-02-24 13:45:30+00:00,,,,,,,,0.55,0.55,,0.0,0,False
2026-02-24 13:46:00+00:00,,,,,,,,0.55,0.55,,0.0,0,False
2026-02-24 13:46:30+00:00,,,,,,,,0.55,0.55,,0.0,0,False
2026-02-24 13:47:00+00:00,,,,,,,,0.55,0.55,,0.0,0,False
2026-02-24 13:47:30+00:00,,,,,,,,0.55,0.55,,0.0,0,False
2026-02-24 13:48:00+00:00,,,,,,,,0.55,0.55,,0.0,0,False
2026-02-24 13:48:30+00:00,,,,,,,,0.55,0.55,,0.0,0,False
2026-02-24 13:49:00+00:00,,,,,,,,0.55,0.55,,0.0,0,False
2026-02-24 13:49:30+00:00,,,,,,,,0.55,0.55,,50.0,1,False
2026-02-24 13:50:00+00:00,,,,,,,,0.55,0.55,,0.0,0,False
2026-02-24 13:50:30+00:00,,,,,,,,0.53,0.53,,2.0,1,False
2026-02-24 13:51:00+00:00,,,,,,,,0.53,0.53,,0.0,0,False
2026-02-24 13:51:30+00:00,,,,,,,,0.53,0.53,,0.0,0,False
2026-02-24 13:52:00+00:00,,,,,,,,0.53,0.53,,0.0,0,False
2026-02-24 13:52:30+00:00,,,,,,,,0.53,0.53,,0.0,0,False
2026-02-24 13:53:00+00:00,,,,,,,,0.5420958083832336,0.55,,334.0,2,False
2026-02-24 13:53:30+00:00,,,,,,,,0.536839378238342,0.53,,386.0,3,False
2026-02-24 13:54:00+00:00,,,,,,,,0.536839378238342,0.53,,0.0,0,False
2026-02-24 13:54:30+00:00,,,,,,,,0.536839378238342,0.53,,0.0,0,False
2026-02-24 13:55:00+00:00,,,,,,,,0.55,0.55,,8.0,1,False
2026-02-24 13:55:30+00:00,,,,,,,,0.55,0.55,,0.0,0,False
2026-02-24 13:56:00+00:00,,,,,,,,0.55,0.55,,0.0,0,False
2026-02-24 13:56:30+00:00,,,,,,,,0.55,0.55,,1.0,1,False
2026-02-24 13:57:00+00:00,,,,,,,,0.55,0.55,,0.0,0,False
2026-02-24 13:57:30+00:00,,,,,,,,0.55,0.55,,0.0,0,False
2026-02-24 13:58:00+00:00,,,,,,,,0.55,0.55,,0.0,0,False
2026-02-24 13:58:30+00:00,,,,,,,,0.55,0.55,,103.0,1,False
2026-02-24 13:59:00+00:00,,,,,,,,0.55,0.55,,0.0,0,False
2026-02-24 13:59:30+00:00,,,,,,,,0.55,0.55,,0.0,0,False
2026-02-24 14:00:00+00:00,,,,,,,,0.55,0.55,,0.0,0,False
2026-02-24 14:00:30+00:00,,,,,,,,0.55,0.55,,0.0,0,False
2026-02-24 14:01:00+00:00,,,,,,,,0.55,0.55,,526.0,1,False
2026-02-24 14:01:30+00:00,,,,,,,,0.5462732919254659,0.55,,161.0,2,False
2026-02-24 14:02:00+00:00,,,,,,,,0.55,0.55,,43.0,1,False
2026-02-24 14:02:30+00:00,,,,,,,,0.534458762886598,0.55,,388.0,3,False
2026-02-24 14:03:00+00:00,,,,,,,,0.55,0.55,,45.0,2,False
2026-02-24 14:03:30+00:00,,,,,,,,0.5433333333333333,0.53,,12.0,2,False
2026-02-24 14:04:00+00:00,,,,,,,,0.53,0.53,,205.0,1,False
2026-02-24 14:04:30+00:00,,,,,,,,0.53,0.53,,0.0,0,False
2026-02-24 14:05:00+00:00,,,,,,,,0.53,0.53,,0.0,0,False
2026-02-24 14:05:30+00:00,,,,,,,,0.53,0.53,,0.0,0,False
2026-02-24 14:06:00+00:00,,,,,,,,0.5498390989541433,0.53,,1243.0,2,False
2026-02-24 14:06:30+00:00,,,,,,,,0.5498390989541433,0.53,,0.0,0,False
2026-02-24 14:07:00+00:00,,,,,,,,0.55,0.55,,110.0,2,False
2026-02-24 14:07:30+00:00,,,,,,,,0.55,0.55,,103.0,2,False
2026-02-24 14:08:00+00:00,,,,,,,,0.55,0.55,,0.0,0,False
2026-02-24 14:08:30+00:00,,,,,,,,0.55,0.55,,17.0,1,False
2026-02-24 14:09:00+00:00,,,,,,,,0.55,0.55,,0.0,0,False
2026-02-24 14:09:30+00:00,,,,,,,,0.55,0.55,,189.0,2,False
2026-02-24 14:10:00+00:00,,,,,,,,0.55,0.55,,3.0,1,False
2026-02-24 14:10:30+00:00,,,,,,,,0.55,0.55,,176.0,1,False
2026-02-24 14:11:00+00:00,,,,,,,,0.55,0.55,,5.0,1,False
2026-02-24 14:11:30+00:00,,,,,,,,0.55,0.55,,65.0,2,False
2026-02-24 14:12:00+00:00,,,,,,,,0.55,0.55,,3.0,1,False
2026-02-24 14:12:30+00:00,,,,,,,,0.55,0.55,,87.0,1,False
2026-02-24 14:13:00+00:00,,,,,,,,0.55,0.55,,0.0,0,False
2026-02-24 14:13:30+00:00,,,,,,,,0.55,0.55,,0.0,0,False
2026-02-24 14:14:00+00:00,,,,,,,,0.55,0.55,,0.0,0,False
2026-02-24 14:14:30+00:00,,,,,,,,0.55,0.55,,0.0,0,False
2026-02-24 14:15:00+00:00,,,,,,,,0.55,0.55,,50.0,1,False
2026-02-24 14:15:30+00:00,,,,,,,,0.55,0.55,,5.0,1,False
2026-02-24 14:16:00+00:00,,,,,,,,0.55,0.55,,0.0,0,False
2026-02-24 14:16:30+00:00,,,,,,,,0.55,0.55,,0.0,0,False
2026-02-24 14:17:00+00:00,,,,,,,,0.55,0.55,,5.0,1,False
2026-02-24 14:17:30+00:00,,,,,,,,0.548,0.54,,10.0,2,False
2026-02-24 14:18:00+00:00,,,,,,,,0.5455555555555556,0.53,,45.0,3,False
2026-02-24 14:18:30+00:00,,,,,,,,0.55,0.55,,10.0,1,False
2026-02-24 14:19:00+00:00,,,,,,,,0.55,0.55,,0.0,0,False
2026-02-24 14:19:30+00:00,,,,,,,,0.53,0.53,,1.0,1,False
2026-02-24 14:20:00+00:00,,,,,,,,0.53,0.53,,0.0,0,False
2026-02-24 14:20:30+00:00,,,,,,,,0.53,0.53,,0.0,0,False
2026-02-24 14:21:00+00:00,,,,,,,,0.54,0.54,,18.0,2,False
2026-02-24 14:21:30+00:00,,,,,,,,0.5400000000000001,0.54,,173.0,4,False
2026-02-24 14:22:00+00:00,,,,,,,,0.54,0.54,,214.0,2,False
2026-02-24 14:22:30+00:00,,,,,,,,0.53,0.53,,103.0,2,False
2026-02-24 14:23:00+00:00,,,,,,,,0.53,0.53,,0.0,0,False
2026-02-24 14:23:30+00:00,,,,,,,,0.53,0.53,,10.0,2,False
2026-02-24 14:24:00+00:00,,,,,,,,0.5345454545454547,0.53,,22.0,2,False
2026-02-24 14:24:30+00:00,,,,,,,,0.53,0.53,,102.0,1,False
2026-02-24 14:25:00+00:00,,,,,,,,0.53,0.53,,0.0,0,False
2026-02-24 14:25:30+00:00,,,,,,,,0.53,0.53,,0.0,0,False
2026-02-24 14:26:00+00:00,,,,,,,,0.5382857142857143,0.54,,35.0,2,False
2026-02-24 14:26:30+00:00,,,,,,,,0.5382857142857143,0.54,,0.0,0,False
2026-02-24 14:27:00+00:00,,,,,,,,0.54,0.54,,5.0,1,False
2026-02-24 14:27:30+00:00,,,,,,,,0.5338423645320197,0.53,,812.0,2,False
2026-02-24 14:28:00+00:00,,,,,,,,0.5338423645320197,0.53,,0.0,0,False
2026-02-24 14:28:30+00:00,,,,,,,,0.5338423645320197,0.53,,0.0,0,False
2026-02-24 14:29:00+00:00,,,,,,,,0.53,0.53,,41.0,1,False
2026-02-24 14:29:30+00:00,,,,,,,,0.53,0.53,,0.0,0,False
2026-02-24 14:30:00+00:00,,,,,,,,0.53,0.53,,51.0,1,False
2026-02-24 14:30:30+00:00,,,,,,,,0.54,0.54,,209.0,3,False
2026-02-24 14:31:00+00:00,,,,,,,,0.53,0.53,,20.0,1,False
2026-02-24 14:31:30+00:00,,,,,,,,0.54,0.54,,89.0,1,False
2026-02-24 14:32:00+00:00,,,,,,,,0.54,0.54,,0.0,0,False
2026-02-24 14:32:30+00:00,,,,,,,,0.54,0.54,,16.0,1,False
2026-02-24 14:33:00+00:00,,,,,,,,0.54,0.54,,0.0,0,False
2026-02-24 14:33:30+00:00,,,,,,,,0.5377777777777778,0.54,,45.0,2,False
2026-02-24 14:34:00+00:00,,,,,,,,0.54,0.54,,35.0,1,False
2026-02-24 14:34:30+00:00,,,,,,,,0.5400000000000001,0.54,,60.0,1,False
2026-02-24 14:35:00+00:00,,,,,,,,0.54,0.54,,357.0,1,False
2026-02-24 14:35:30+00:00,,,,,,,,0.5208604706441645,0.52,,4207.0,11,False
2026-02-24 14:36:00+00:00,,,,,,,,0.5208604706441645,0.52,,0.0,0,False
2026-02-24 14:36:30+00:00,,,,,,,,0.54,0.54,,12.0,1,False
2026-02-24 14:37:00+00:00,,,,,,,,0.54,0.54,,185.0,1,False
2026-02-24 14:37:30+00:00,,,,,,,,0.54,0.54,,26.0,1,False
2026-02-24 14:38:00+00:00,,,,,,,,0.54,0.54,,31.0,1,False
2026-02-24 14:38:30+00:00,,,,,,,,0.54,0.54,,25.0,2,False
2026-02-24 14:39:00+00:00,,,,,,,,0.54,0.54,,0.0,0,False
2026-02-24 14:39:30+00:00,,,,,,,,0.54,0.54,,446.0,1,False
2026-02-24 14:40:00+00:00,,,,,,,,0.5203680430879712,0.54,,2228.0,7,False
2026-02-24 14:40:30+00:00,,,,,,,,0.5203680430879712,0.54,,0.0,0,False
2026-02-24 14:41:00+00:00,,,,,,,,0.54,0.54,,26.0,1,False
2026-02-24 14:41:30+00:00,,,,,,,,0.54,0.54,,10.0,1,False
2026-02-24 14:42:00+00:00,,,,,,,,0.54,0.54,,0.0,0,False
2026-02-24 14:42:30+00:00,,,,,,,,0.54,0.54,,0.0,0,False
2026-02-24 14:43:00+00:00,,,,,,,,0.54,0.54,,0.0,0,False
2026-02-24 14:43:30+00:00,,,,,,,,0.54,0.54,,10.0,1,False
2026-02-24 14:44:00+00:00,,,,,,,,0.5313978494623656,0.54,,93.0,2,False
2026-02-24 14:44:30+00:00,,,,,,,,0.5257142857142857,0.54,,28.0,2,False
2026-02-24 14:45:00+00:00,,,,,,,,0.52,0.52,,90.0,1,False
2026-02-24 14:45:30+00:00,,,,,,,,0.54,0.54,,7.0,1,False
2026-02-24 14:46:00+00:00,,,,,,,,0.5294736842105263,0.54,,38.0,3,False
2026-02-24 14:46:30+00:00,,,,,,,,0.5294736842105263,0.54,,0.0,0,False
2026-02-24 14:47:00+00:00,,,,,,,,0.52,0.52,,25.0,1,False
2026-02-24 14:47:30+00:00,,,,,,,,0.52,0.52,,0.0,0,False
2026-02-24 14:48:00+00:00,,,,,,,,0.52,0.52,,0.0,0,False
2026-02-24 14:48:30+00:00,,,,,,,,0.5201337626950706,0.53,,4037.0,4,False
2026-02-24 14:49:00+00:00,,,,,,,,0.53,0.53,,15.0,1,False
2026-02-24 14:49:30+00:00,,,,,,,,0.54,0.54,,17.0,1,False
2026-02-24 14:50:00+00:00,,,,,,,,0.54,0.54,,44.0,1,False
2026-02-24 14:50:30+00:00,,,,,,,,0.54,0.54,,17.0,1,False
2026-02-24 14:51:00+00:00,,,,,,,,0.54,0.54,,0.0,0,False
2026-02-24 14:51:30+00:00,,,,,,,,0.54,0.54,,0.0,0,False
2026-02-24 14:52:00+00:00,,,,,,,,0.54,0.54,,0.0,0,False
2026-02-24 14:52:30+00:00,,,,,,,,0.54,0.54,,0.0,0,False
2026-02-24 14:53:00+00:00,,,,,,,,0.54,0.54,,0.0,0,False
2026-02-24 14:53:30+00:00,,,,,,,,0.54,0.54,,0.0,0,False
2026-02-24 14:54:00+00:00,,,,,,,,0.54,0.54,,17.0,1,False
2026-02-24 14:54:30+00:00,,,,,,,,0.54,0.54,,1.0,1,False
2026-02-24 14:55:00+00:00,,,,,,,,0.54,0.54,,0.0,0,False
2026-02-24 14:55:30+00:00,,,,,,,,0.5294179894179895,0.54,,378.0,3,False
2026-02-24 14:56:00+00:00,,,,,,,,0.54,0.54,,17.0,1,False
2026-02-24 14:56:30+00:00,,,,,,,,0.54,0.54,,0.0,0,False
2026-02-24 14:57:00+00:00,,,,,,,,0.5399888017917134,0.54,,1786.0,2,False
2026-02-24 14:57:30+00:00,,,,,,,,0.54,0.54,,2.0,1,False
2026-02-24 14:58:00+00:00,,,,,,,,0.54,0.54,,7.0,1,False
2026-02-24 14:58:30+00:00,,,,,,,,0.54,0.54,,51.0,2,False
2026-02-24 14:59:00+00:00,,,,,,,,0.54,0.54,,0.0,0,False
2026-02-24 14:59:30+00:00,,,,,,,,0.54,0.54,,0.0,0,False
2026-02-24 15:00:00+00:00,,,,,,,,0.54,0.54,,136.0,3,False
2026-02-24 15:00:30+00:00,,,,,,,,0.54,0.54,,90.0,1,False
2026-02-24 15:01:00+00:00,,,,,,,,0.54,0.54,,0.0,0,False
2026-02-24 15:01:30+00:00,,,,,,,,0.54,0.54,,0.0,0,False
2026-02-24 15:02:00+00:00,,,,,,,,0.54,0.54,,0.0,0,False
2026-02-24 15:02:30+00:00,,,,,,,,0.54,0.54,,0.0,0,False
2026-02-24 15:03:00+00:00,,,,,,,,0.54,0.54,,0.0,0,False
2026-02-24 15:03:30+00:00,,,,,,,,0.5377628635346756,0.52,,447.0,3,False
2026-02-24 15:04:00+00:00,,,,,,,,0.5377628635346756,0.52,,0.0,0,False
2026-02-24 15:04:30+00:00,,,,,,,,0.54,0.54,,35.0,1,False
2026-02-24 15:05:00+00:00,,,,,,,,0.54,0.54,,20.0,1,False
2026-02-24 15:05:30+00:00,,,,,,,,0.54,0.54,,16.0,1,False
2026-02-24 15:06:00+00:00,,,,,,,,0.54,0.54,,0.0,0,False
2026-02-24 15:06:30+00:00,,,,,,,,0.54,0.54,,0.0,0,False
2026-02-24 15:07:00+00:00,,,,,,,,0.54,0.54,,0.0,0,False
2026-02-24 15:07:30+00:00,,,,,,,,0.54,0.54,,0.0,0,False
2026-02-24 15:08:00+00:00,,,,,,,,0.54,0.54,,0.0,0,False
2026-02-24 15:08:30+00:00,,,,,,,,0.54,0.54,,53.0,1,False
2026-02-24 15:09:00+00:00,,,,,,,,0.54,0.54,,0.0,0,False
2026-02-24 15:09:30+00:00,,,,,,,,0.54,0.54,,0.0,0,False
2026-02-24 15:10:00+00:00,,,,,,,,0.54,0.54,,3.0,1,False
2026-02-24 15:10:30+00:00,,,,,,,,0.5398412698412698,0.54,,126.0,2,False
2026-02-24 15:11:00+00:00,,,,,,,,0.5212903225806452,0.52,,155.0,4,False
2026-02-24 15:11:30+00:00,,,,,,,,0.54,0.54,,82.0,2,False
2026-02-24 15:12:00+00:00,,,,,,,,0.54,0.54,,89.0,1,False
2026-02-24 15:12:30+00:00,,,,,,,,0.52,0.52,,10.0,1,False
2026-02-24 15:13:00+00:00,,,,,,,,0.52,0.52,,20.0,1,False
2026-02-24 15:13:30+00:00,,,,,,,,0.5400000000000001,0.54,,45.0,2,False
2026-02-24 15:14:00+00:00,,,,,,,,0.5400000000000001,0.54,,0.0,0,False
2026-02-24 15:14:30+00:00,,,,,,,,0.54,0.54,,35.0,1,False
2026-02-24 15:15:00+00:00,,,,,,,,0.5276923076923077,0.52,,13.0,2,False
2026-02-24 15:15:30+00:00,,,,,,,,0.5276923076923077,0.52,,0.0,0,False
2026-02-24 15:16:00+00:00,,,,,,,,0.5276923076923077,0.52,,0.0,0,False
2026-02-24 15:16:30+00:00,,,,,,,,0.5276923076923077,0.52,,0.0,0,False
2026-02-24 15:17:00+00:00,,,,,,,,0.5287499999999999,0.52,,448.0,5,False
2026-02-24 15:17:30+00:00,,,,,,,,0.54,0.54,,1.0,1,False
2026-02-24 15:18:00+00:00,,,,,,,,0.54,0.54,,40.0,2,False
2026-02-24 15:18:30+00:00,,,,,,,,0.54,0.54,,0.0,0,False
2026-02-24 15:19:00+00:00,,,,,,,,0.54,0.54,,50.0,1,False
2026-02-24 15:19:30+00:00,,,,,,,,0.52,0.52,,4.0,1,False
2026-02-24 15:20:00+00:00,,,,,,,,0.53,0.52,,2.0,2,False
2026-02-24 15:20:30+00:00,,,,,,,,0.53,0.52,,0.0,0,False
2026-02-24 15:21:00+00:00,,,,,,,,0.53,0.52,,0.0,0,False
2026-02-24 15:21:30+00:00,,,,,,,,0.5399999999999999,0.54,,31.0,4,False
2026-02-24 15:22:00+00:00,,,,,,,,0.53,0.53,,7.0,1,False
2026-02-24 15:22:30+00:00,,,,,,,,0.54,0.54,,50.0,1,False
2026-02-24 15:23:00+00:00,,,,,,,,0.5300103199174407,0.53,,969.0,10,False
2026-02-24 15:23:30+00:00,,,,,,,,0.5300103199174407,0.53,,0.0,0,False
2026-02-24 15:24:00+00:00,,,,,,,,0.53,0.53,,80.0,2,False
2026-02-24 15:24:30+00:00,,,,,,,,0.52,0.52,,1.0,1,False
2026-02-24 15:25:00+00:00,,,,,,,,0.53,0.53,,9.0,1,False
2026-02-24 15:25:30+00:00,,,,,,,,0.5278494623655914,0.53,,93.0,5,False
2026-02-24 15:26:00+00:00,,,,,,,,0.5200317796610169,0.53,,944.0,3,False
2026-02-24 15:26:30+00:00,,,,,,,,0.5200317796610169,0.53,,0.0,0,False
2026-02-24 15:27:00+00:00,,,,,,,,0.5200317796610169,0.53,,0.0,0,False
2026-02-24 15:27:30+00:00,,,,,,,,0.5200317796610169,0.53,,0.0,0,False
2026-02-24 15:28:00+00:00,,,,,,,,0.530625,0.54,,16.0,3,False
2026-02-24 15:28:30+00:00,,,,,,,,0.5336923076923077,0.53,,130.0,3,False
2026-02-24 15:29:00+00:00,,,,,,,,0.5319230769230769,0.53,,26.0,3,False
2026-02-24 15:29:30+00:00,,,,,,,,0.5399999999999999,0.54,,1082.0,2,False
2026-02-24 15:30:00+00:00,,,,,,,,0.54,0.54,,3.0,1,False
2026-02-24 15:30:30+00:00,,,,,,,,0.5390909090909091,0.53,,110.0,2,False
2026-02-24 15:31:00+00:00,,,,,,,,0.5390909090909091,0.53,,0.0,0,False
2026-02-24 15:31:30+00:00,,,,,,,,0.53,0.53,,4.0,1,False
2026-02-24 15:32:00+00:00,,,,,,,,0.53,0.53,,0.0,0,False
2026-02-24 15:32:30+00:00,,,,,,,,0.5346052631578948,0.54,,76.0,3,False
2026-02-24 15:33:00+00:00,,,,,,,,0.54,0.54,,110.0,2,False
2026-02-24 15:33:30+00:00,,,,,,,,0.54,0.54,,0.0,0,False
2026-02-24 15:34:00+00:00,,,,,,,,0.52,0.52,,19.0,3,False
2026-02-24 15:34:30+00:00,,,,,,,,0.54,0.54,,1.0,1,False
2026-02-24 15:35:00+00:00,,,,,,,,0.54,0.54,,0.0,0,False
2026-02-24 15:35:30+00:00,,,,,,,,0.54,0.54,,0.0,0,False
2026-02-24 15:36:00+00:00,,,,,,,,0.54,0.54,,25.0,2,False
2026-02-24 15:36:30+00:00,,,,,,,,0.54,0.54,,0.0,0,False
2026-02-24 15:37:00+00:00,,,,,,,,0.54,0.54,,20.0,1,False
2026-02-24 15:37:30+00:00,,,,,,,,0.54,0.54,,2.0,1,False
2026-02-24 15:38:00+00:00,,,,,,,,0.54,0.54,,0.0,0,False
2026-02-24 15:38:30+00:00,,,,,,,,0.54,0.54,,0.0,0,False
2026-02-24 15:39:00+00:00,,,,,,,,0.5200995024875622,0.52,,201.0,2,False
2026-02-24 15:39:30+00:00,,,,,,,,0.52,0.52,,60.0,2,False
2026-02-24 15:40:00+00:00,,,,,,,,0.52,0.52,,10.0,1,False
2026-02-24 15:40:30+00:00,,,,,,,,0.52,0.52,,0.0,0,False
2026-02-24 15:41:00+00:00,,,,,,,,0.52,0.52,,0.0,0,False
2026-02-24 15:41:30+00:00,,,,,,,,0.52,0.52,,0.0,0,False
2026-02-24 15:42:00+00:00,,,,,,,,0.54,0.54,,9.0,2,False
2026-02-24 15:42:30+00:00,,,,,,,,0.54,0.54,,57.0,3,False
2026-02-24 15:43:00+00:00,,,,,,,,0.54,0.54,,44.0,1,False
2026-02-24 15:43:30+00:00,,,,,,,,0.53,0.53,,43.0,2,False
2026-02-24 15:44:00+00:00,,,,,,,,0.53,0.53,,0.0,0,False
2026-02-24 15:44:30+00:00,,,,,,,,0.53,0.53,,0.0,0,False
2026-02-24 15:45:00+00:00,,,,,,,,0.53,0.53,,0.0,0,False
2026-02-24 15:45:30+00:00,,,,,,,,0.53,0.53,,0.0,0,False
2026-02-24 15:46:00+00:00,,,,,,,,0.522962962962963,0.53,,27.0,3,False
2026-02-24 15:46:30+00:00,,,,,,,,0.5386914378029078,0.54,,619.0,4,False
2026-02-24 15:47:00+00:00,,,,,,,,0.52,0.52,,5.0,1,False
2026-02-24 15:47:30+00:00,,,,,,,,0.52,0.52,,0.0,0,False
2026-02-24 15:48:00+00:00,,,,,,,,0.53,0.53,,363.0,1,False
2026-02-24 15:48:30+00:00,,,,,,,,0.53,0.53,,0.0,0,False
2026-02-24 15:49:00+00:00,,,,,,,,0.5347058823529411,0.54,,17.0,2,False
2026-02-24 15:49:30+00:00,,,,,,,,0.53,0.53,,18.0,1,False
2026-02-24 15:50:00+00:00,,,,,,,,0.5263636363636364,0.53,,55.0,2,False
2026-02-24 15:50:30+00:00,,,,,,,,0.53,0.53,,372.0,2,False
2026-02-24 15:51:00+00:00,,,,,,,,0.52,0.52,,14.0,1,False
2026-02-24 15:51:30+00:00,,,,,,,,0.5297297297297298,0.52,,37.0,2,False
2026-02-24 15:52:00+00:00,,,,,,,,0.5290909090909092,0.53,,110.0,4,False
2026-02-24 15:52:30+00:00,,,,,,,,0.53,0.53,,36.0,1,False
2026-02-24 15:53:00+00:00,,,,,,,,0.53,0.53,,639.0,1,False
2026-02-24 15:53:30+00:00,,,,,,,,0.5299999999999999,0.53,,263.0,2,False
2026-02-24 15:54:00+00:00,,,,,,,,0.5204918032786885,0.52,,122.0,3,False
2026-02-24 15:54:30+00:00,,,,,,,,0.5204918032786885,0.53,,61.0,2,False
2026-02-24 15:55:00+00:00,,,,,,,,0.5212,0.53,,25.0,3,False
2026-02-24 15:55:30+00:00,,,,,,,,0.5239344262295083,0.53,,61.0,3,False
2026-02-24 15:56:00+00:00,,,,,,,,0.52,0.52,,1.0,1,False
2026-02-24 15:56:30+00:00,,,,,,,,0.53,0.53,,91.0,1,False
2026-02-24 15:57:00+00:00,,,,,,,,0.52,0.52,,30.0,2,False
2026-02-24 15:57:30+00:00,,,,,,,,0.523913043478261,0.53,,46.0,3,False
2026-02-24 15:58:00+00:00,,,,,,,,0.5215254237288135,0.53,,59.0,3,False
2026-02-24 15:58:30+00:00,,,,,,,,0.52,0.52,,26.0,1,False
2026-02-24 15:59:00+00:00,,,,,,,,0.52,0.52,,8.0,1,False
2026-02-24 15:59:30+00:00,,,,,,,,0.5249640287769785,0.52,,139.0,4,False
2026-02-24 16:00:00+00:00,,,,,,,,0.53,0.53,,91.0,2,False
2026-02-24 16:00:30+00:00,,,,,,,,0.5295693779904307,0.53,,209.0,2,False
2026-02-24 16:01:00+00:00,,,,,,,,0.52,0.52,,1.0,1,False
2026-02-24 16:01:30+00:00,,,,,,,,0.52,0.52,,2010.0,1,False
2026-02-24 16:02:00+00:00,,,,,,,,0.5296875,0.52,,32.0,5,False
2026-02-24 16:02:30+00:00,,,,,,,,0.52,0.52,,20.0,1,False
2026-02-24 16:03:00+00:00,,,,,,,,0.52,0.52,,0.0,0,False
2026-02-24 16:03:30+00:00,,,,,,,,0.53,0.53,,3.0,2,False
2026-02-24 16:04:00+00:00,,,,,,,,0.53,0.53,,25.0,2,False
2026-02-24 16:04:30+00:00,,,,,,,,0.53,0.53,,0.0,0,False
2026-02-24 16:05:00+00:00,,,,,,,,0.5298916576381365,0.53,,1846.0,2,False
2026-02-24 16:05:30+00:00,,,,,,,,0.53,0.53,,65.0,3,False
2026-02-24 16:06:00+00:00,,,,,,,,0.53,0.53,,1.0,1,False
2026-02-24 16:06:30+00:00,,,,,,,,0.53,0.53,,0.0,0,False
2026-02-24 16:07:00+00:00,,,,,,,,0.53,0.53,,0.0,0,False
2026-02-24 16:07:30+00:00,,,,,,,,0.52,0.52,,2.0,1,False
2026-02-24 16:08:00+00:00,,,,,,,,0.52,0.52,,0.0,0,False
2026-02-24 16:08:30+00:00,,,,,,,,0.52,0.52,,0.0,0,False
2026-02-24 16:09:00+00:00,,,,,,,,0.5290476190476191,0.53,,105.0,3,False
2026-02-24 16:09:30+00:00,,,,,,,,0.53,0.53,,10.0,1,False
2026-02-24 16:10:00+00:00,,,,,,,,0.52,0.52,,17.0,3,False
2026-02-24 16:10:30+00:00,,,,,,,,0.52,0.52,,0.0,0,False
2026-02-24 16:11:00+00:00,,,,,,,,0.52,0.52,,96.0,2,False
2026-02-24 16:11:30+00:00,,,,,,,,0.52,0.52,,0.0,0,False
2026-02-24 16:12:00+00:00,,,,,,,,0.52,0.52,,30.0,1,False
2026-02-24 16:12:30+00:00,,,,,,,,0.52,0.52,,0.0,0,False
2026-02-24 16:13:00+00:00,,,,,,,,0.53,0.53,,6.0,1,False
2026-02-24 16:13:30+00:00,,,,,,,,0.53,0.53,,170.0,3,False
2026-02-24 16:14:00+00:00,,,,,,,,0.5204580152671756,0.53,,2096.0,6,False
2026-02-24 16:14:30+00:00,,,,,,,,0.5299944964226747,0.52,,1817.0,2,False
2026-02-24 16:15:00+00:00,,,,,,,,0.52,0.52,,60.0,2,False
2026-02-24 16:15:30+00:00,,,,,,,,0.5213043478260869,0.52,,69.0,4,False
2026-02-24 16:16:00+00:00,,,,,,,,0.53,0.53,,5.0,2,False
2026-02-24 16:16:30+00:00,,,,,,,,0.53,0.53,,7.0,1,False
2026-02-24 16:17:00+00:00,,,,,,,,0.5204205607476635,0.53,,856.0,3,False
2026-02-24 16:17:30+00:00,,,,,,,,0.53,0.53,,66.0,2,False
2026-02-24 16:18:00+00:00,,,,,,,,0.52390625,0.52,,64.0,2,False
2026-02-24 16:18:30+00:00,,,,,,,,0.52,0.52,,17.0,2,False
2026-02-24 16:19:00+00:00,,,,,,,,0.53,0.53,,9.0,1,False
2026-02-24 16:19:30+00:00,,,,,,,,0.53,0.53,,9.0,1,False
2026-02-24 16:20:00+00:00,,,,,,,,0.53,0.53,,190.0,1,False
2026-02-24 16:20:30+00:00,,,,,,,,0.5254545454545455,0.53,,22.0,3,False
2026-02-24 16:21:00+00:00,,,,,,,,0.53,0.53,,353.0,2,False
2026-02-24 16:21:30+00:00,,,,,,,,0.53,0.53,,18.0,1,False
2026-02-24 16:22:00+00:00,,,,,,,,0.53,0.53,,9.0,1,False
2026-02-24 16:22:30+00:00,,,,,,,,0.52,0.52,,2.0,1,False
2026-02-24 16:23:00+00:00,,,,,,,,0.52,0.52,,0.0,0,False
2026-02-24 16:23:30+00:00,,,,,,,,0.52,0.52,,0.0,0,False
2026-02-24 16:24:00+00:00,,,,,,,,0.5228571428571429,0.52,,42.0,3,False
2026-02-24 16:24:30+00:00,,,,,,,,0.53,0.53,,139.0,3,False
2026-02-24 16:25:00+00:00,,,,,,,,0.5266666666666666,0.53,,81.0,3,False
2026-02-24 16:25:30+00:00,,,,,,,,0.52,0.52,,144.0,4,False
2026-02-24 16:26:00+00:00,,,,,,,,0.5305294117647059,0.52,,170.0,3,False
2026-02-24 16:26:30+00:00,,,,,,,,0.5293103448275862,0.53,,58.0,3,False
2026-02-24 16:27:00+00:00,,,,,,,,0.526551724137931,0.52,,29.0,2,False
2026-02-24 16:27:30+00:00,,,,,,,,0.53,0.53,,18.0,1,False
2026-02-24 16:28:00+00:00,,,,,,,,0.52,0.52,,1.0,1,False
2026-02-24 16:28:30+00:00,,,,,,,,0.5272972972972974,0.52,,74.0,2,False
2026-02-24 16:29:00+00:00,,,,,,,,0.52,0.52,,40.0,1,False
2026-02-24 16:29:30+00:00,,,,,,,,0.53,0.53,,236.0,2,False
2026-02-24 16:30:00+00:00,,,,,,,,0.53,0.53,,5.0,1,False
2026-02-24 16:30:30+00:00,,,,,,,,0.53,0.53,,77.0,3,False
2026-02-24 16:31:00+00:00,,,,,,,,0.5303389830508475,0.53,,59.0,5,False
2026-02-24 16:31:30+00:00,,,,,,,,0.5303389830508475,0.53,,0.0,0,False
2026-02-24 16:32:00+00:00,,,,,,,,0.5363398692810457,0.52,,306.0,3,False
2026-02-24 16:32:30+00:00,,,,,,,,0.5399453551912569,0.54,,366.0,3,False
2026-02-24 16:33:00+00:00,,,,,,,,0.54,0.54,,93.0,4,False
2026-02-24 16:33:30+00:00,,,,,,,,0.52,0.52,,2.0,1,False
2026-02-24 16:34:00+00:00,,,,,,,,0.52,0.52,,10.0,1,False
2026-02-24 16:34:30+00:00,,,,,,,,0.5328571428571428,0.52,,140.0,3,False
2026-02-24 16:35:00+00:00,,,,,,,,0.52,0.52,,10.0,1,False
2026-02-24 16:35:30+00:00,,,,,,,,0.52,0.52,,0.0,0,False
2026-02-24 16:36:00+00:00,,,,,,,,0.5348051948051948,0.54,,77.0,3,False
2026-02-24 16:36:30+00:00,,,,,,,,0.5278260869565218,0.54,,46.0,5,False
2026-02-24 16:37:00+00:00,,,,,,,,0.5278260869565218,0.54,,0.0,0,False
2026-02-24 16:37:30+00:00,,,,,,,,0.53,0.52,,38.0,2,False
2026-02-24 16:38:00+00:00,,,,,,,,0.52,0.52,,200.0,1,False
2026-02-24 16:38:30+00:00,,,,,,,,0.54,0.54,,8.0,1,False
2026-02-24 16:39:00+00:00,,,,,,,,0.54,0.54,,12.0,1,False
2026-02-24 16:39:30+00:00,,,,,,,,0.52,0.52,,400.0,1,False
2026-02-24 16:40:00+00:00,,,,,,,,0.52,0.52,,20.0,2,False
2026-02-24 16:40:30+00:00,,,,,,,,0.52,0.52,,0.0,0,False
2026-02-24 16:41:00+00:00,,,,,,,,0.54,0.54,,27.0,2,False
2026-02-24 16:41:30+00:00,,,,,,,,0.52,0.52,,1.0,1,False
2026-02-24 16:42:00+00:00,,,,,,,,0.54,0.54,,100.0,1,False
2026-02-24 16:42:30+00:00,,,,,,,,0.54,0.54,,8.0,1,False
2026-02-24 16:43:00+00:00,,,,,,,,0.52,0.52,,9.0,1,False
2026-02-24 16:43:30+00:00,,,,,,,,0.52,0.52,,20.0,1,False
2026-02-24 16:44:00+00:00,,,,,,,,0.52,0.52,,12.0,2,False
2026-02-24 16:44:30+00:00,,,,,,,,0.54,0.54,,44.0,1,False
2026-02-24 16:45:00+00:00,,,,,,,,0.54,0.54,,383.0,3,False
2026-02-24 16:45:30+00:00,,,,,,,,0.54,0.54,,0.0,0,False
2026-02-24 16:46:00+00:00,,,,,,,,0.52,0.52,,19.0,1,False
2026-02-24 16:46:30+00:00,,,,,,,,0.5379166666666667,0.52,,48.0,4,False
2026-02-24 16:47:00+00:00,,,,,,,,0.5379166666666667,0.52,,0.0,0,False
2026-02-24 16:47:30+00:00,,,,,,,,0.5379166666666667,0.52,,0.0,0,False
2026-02-24 16:48:00+00:00,,,,,,,,0.5379166666666667,0.52,,0.0,0,False
2026-02-24 16:48:30+00:00,,,,,,,,0.5362962962962963,0.54,,54.0,2,False
2026-02-24 16:49:00+00:00,,,,,,,,0.54,0.54,,269.0,1,False
2026-02-24 16:49:30+00:00,,,,,,,,0.52,0.52,,29.0,1,False
2026-02-24 16:50:00+00:00,,,,,,,,0.54,0.54,,48.0,4,False
2026-02-24 16:50:30+00:00,,,,,,,,0.54,0.54,,0.0,0,False
2026-02-24 16:51:00+00:00,,,,,,,,0.5292857142857142,0.54,,56.0,3,False
2026-02-24 16:51:30+00:00,,,,,,,,0.5327272727272728,0.52,,55.0,2,False
2026-02-24 16:52:00+00:00,,,,,,,,0.54,0.54,,17.0,1,False
2026-02-24 16:52:30+00:00,,,,,,,,0.54,0.54,,17.0,1,False
2026-02-24 16:53:00+00:00,,,,,,,,0.54,0.54,,9.0,1,False
2026-02-24 16:53:30+00:00,,,,,,,,0.54,0.54,,53.0,1,False
2026-02-24 16:54:00+00:00,,,,,,,,0.52,0.52,,54.0,2,False
2026-02-24 16:54:30+00:00,,,,,,,,0.52,0.52,,0.0,0,False
2026-02-24 16:55:00+00:00,,,,,,,,0.54,0.54,,8.0,1,False
2026-02-24 16:55:30+00:00,,,,,,,,0.526547619047619,0.54,,168.0,6,False
2026-02-24 16:56:00+00:00,,,,,,,,0.526547619047619,0.54,,0.0,0,False
2026-02-24 16:56:30+00:00,,,,,,,,0.526547619047619,0.54,,0.0,0,False
2026-02-24 16:57:00+00:00,,,,,,,,0.54,0.54,,3.0,1,False
2026-02-24 16:57:30+00:00,,,,,,,,0.54,0.54,,35.0,1,False
2026-02-24 16:58:00+00:00,,,,,,,,0.54,0.54,,0.0,0,False
2026-02-24 16:58:30+00:00,,,,,,,,0.54,0.54,,0.0,0,False
2026-02-24 16:59:00+00:00,,,,,,,,0.54,0.54,,0.0,0,False
2026-02-24 16:59:30+00:00,,,,,,,,0.54,0.54,,0.0,0,False
2026-02-24 17:00:00+00:00,,,,,,,,0.5392920353982301,0.54,,113.0,4,False
2026-02-24 17:00:30+00:00,,,,,,,,0.54,0.54,,44.0,1,False
2026-02-24 17:01:00+00:00,,,,,,,,0.54,0.54,,6.0,1,False
2026-02-24 17:01:30+00:00,,,,,,,,0.52,0.52,,19.0,1,False
2026-02-24 17:02:00+00:00,,,,,,,,0.522857142857143,0.54,,140.0,3,False
2026-02-24 17:02:30+00:00,,,,,,,,0.5282352941176471,0.52,,68.0,3,False
2026-02-24 17:03:00+00:00,,,,,,,,0.520891719745223,0.52,,314.0,2,False
2026-02-24 17:03:30+00:00,,,,,,,,0.5359016393442623,0.54,,488.0,6,False
2026-02-24 17:04:00+00:00,,,,,,,,0.5291428571428572,0.52,,35.0,3,False
2026-02-24 17:04:30+00:00,,,,,,,,0.54,0.54,,94.0,2,False
2026-02-24 17:05:00+00:00,,,,,,,,0.5282352941176471,0.54,,85.0,2,False
2026-02-24 17:05:30+00:00,,,,,,,,0.53,0.53,,52.0,1,False
2026-02-24 17:06:00+00:00,,,,,,,,0.53,0.53,,54.0,1,False
2026-02-24 17:06:30+00:00,,,,,,,,0.53,0.53,,0.0,0,False
2026-02-24 17:07:00+00:00,,,,,,,,0.52,0.52,,60.0,1,False
2026-02-24 17:07:30+00:00,,,,,,,,0.53,0.53,,15.0,1,False
2026-02-24 17:08:00+00:00,,,,,,,,0.5285714285714286,0.52,,140.0,3,False
2026-02-24 17:08:30+00:00,,,,,,,,0.52,0.52,,37.0,1,False
2026-02-24 17:09:00+00:00,,,,,,,,0.5251381215469613,0.53,,181.0,4,False
2026-02-24 17:09:30+00:00,,,,,,,,0.5233088235294118,0.52,,136.0,2,False
2026-02-24 17:10:00+00:00,,,,,,,,0.53,0.53,,663.0,2,False
2026-02-24 17:10:30+00:00,,,,,,,,0.54,0.54,,57.0,1,False
2026-02-24 17:11:00+00:00,,,,,,,,0.52,0.52,,10.0,1,False
2026-02-24 17:11:30+00:00,,,,,,,,0.52,0.52,,0.0,0,False
2026-02-24 17:12:00+00:00,,,,,,,,0.5266666666666667,0.52,,15.0,2,False
2026-02-24 17:12:30+00:00,,,,,,,,0.53,0.53,,64.0,3,False
2026-02-24 17:13:00+00:00,,,,,,,,0.5297826086956522,0.52,,46.0,2,False
2026-02-24 17:13:30+00:00,,,,,,,,0.5383539094650206,0.54,,243.0,2,False
2026-02-24 17:14:00+00:00,,,,,,,,0.54,0.54,,110.0,2,False
2026-02-24 17:14:30+00:00,,,,,,,,0.54,0.54,,1187.0,4,False
2026-02-24 17:15:00+00:00,,,,,,,,0.54,0.54,,0.0,0,False
2026-02-24 17:15:30+00:00,,,,,,,,0.52,0.52,,22.0,1,False
2026-02-24 17:16:00+00:00,,,,,,,,0.5200277777777778,0.52,,360.0,2,False
2026-02-24 17:16:30+00:00,,,,,,,,0.52,0.52,,22.0,1,False
2026-02-24 17:17:00+00:00,,,,,,,,0.5373333333333333,0.52,,30.0,2,False
2026-02-24 17:17:30+00:00,,,,,,,,0.520952380952381,0.54,,105.0,2,False
2026-02-24 17:18:00+00:00,,,,,,,,0.5214746543778802,0.54,,217.0,4,False
2026-02-24 17:18:30+00:00,,,,,,,,0.52,0.52,,98.0,1,False
2026-02-24 17:19:00+00:00,,,,,,,,0.54,0.54,,34.0,3,False
2026-02-24 17:19:30+00:00,,,,,,,,0.5321839080459769,0.54,,87.0,4,False
2026-02-24 17:20:00+00:00,,,,,,,,0.54,0.54,,10.0,1,False
2026-02-24 17:20:30+00:00,,,,,,,,0.54,0.54,,3411.0,2,False
2026-02-24 17:21:00+00:00,,,,,,,,0.54,0.54,,0.0,0,False
2026-02-24 17:21:30+00:00,,,,,,,,0.54,0.54,,0.0,0,False
2026-02-24 17:22:00+00:00,,,,,,,,0.5200000000000001,0.52,,84.0,2,False
2026-02-24 17:22:30+00:00,,,,,,,,0.52,0.52,,99.0,2,False
2026-02-24 17:23:00+00:00,,,,,,,,0.52,0.52,,0.0,0,False
2026-02-24 17:23:30+00:00,,,,,,,,0.52,0.52,,30.0,1,False
2026-02-24 17:24:00+00:00,,,,,,,,0.52,0.52,,0.0,0,False
2026-02-24 17:24:30+00:00,,,,,,,,0.5292227979274612,0.54,,193.0,6,False
2026-02-24 17:25:00+00:00,,,,,,,,0.5292227979274612,0.54,,0.0,0,False
2026-02-24 17:25:30+00:00,,,,,,,,0.52,0.52,,8.0,1,False
2026-02-24 17:26:00+00:00,,,,,,,,0.54,0.54,,52.0,2,False
2026-02-24 17:26:30+00:00,,,,,,,,0.54,0.54,,100.0,1,False
2026-02-24 17:27:00+00:00,,,,,,,,0.52,0.52,,41.0,2,False
2026-02-24 17:27:30+00:00,,,,,,,,0.54,0.54,,35.0,1,False
2026-02-24 17:28:00+00:00,,,,,,,,0.5258181818181819,0.54,,55.0,2,False
2026-02-24 17:28:30+00:00,,,,,,,,0.52,0.52,,10.0,1,False
2026-02-24 17:29:00+00:00,,,,,,,,0.5203703703703704,0.52,,54.0,2,False
2026-02-24 17:29:30+00:00,,,,,,,,0.5380000000000001,0.52,,200.0,3,False
2026-02-24 17:30:00+00:00,,,,,,,,0.5380000000000001,0.52,,0.0,0,False
2026-02-24 17:30:30+00:00,,,,,,,,0.5327272727272728,0.52,,55.0,2,False
2026-02-24 17:31:00+00:00,,,,,,,,0.52,0.52,,20.0,1,False
2026-02-24 17:31:30+00:00,,,,,,,,0.5395555555555556,0.52,,45.0,2,False
2026-02-24 17:32:00+00:00,,,,,,,,0.52,0.52,,104.0,2,False
2026-02-24 17:32:30+00:00,,,,,,,,0.5399999999999999,0.54,,43.0,3,False
2026-02-24 17:33:00+00:00,,,,,,,,0.5399999999999999,0.54,,0.0,0,False
2026-02-24 17:33:30+00:00,,,,,,,,0.5399999999999999,0.54,,0.0,0,False
2026-02-24 17:34:00+00:00,,,,,,,,0.5399999999999999,0.54,,0.0,0,False
2026-02-24 17:34:30+00:00,,,,,,,,0.54,0.54,,357.0,1,False
2026-02-24 17:35:00+00:00,,,,,,,,0.54,0.54,,8.0,1,False
2026-02-24 17:35:30+00:00,,,,,,,,0.52,0.52,,43.0,1,False
2026-02-24 17:36:00+00:00,,,,,,,,0.52,0.52,,1.0,1,False
2026-02-24 17:36:30+00:00,,,,,,,,0.54,0.54,,8.0,1,False
2026-02-24 17:37:00+00:00,,,,,,,,0.54,0.54,,0.0,0,False
2026-02-24 17:37:30+00:00,,,,,,,,0.54,0.54,,52.0,2,False
2026-02-24 17:38:00+00:00,,,,,,,,0.54,0.54,,31.0,1,False
2026-02-24 17:38:30+00:00,,,,,,,,0.5327142857142857,0.52,,140.0,3,False
2026-02-24 17:39:00+00:00,,,,,,,,0.54,0.54,,12.0,1,False
2026-02-24 17:39:30+00:00,,,,,,,,0.54,0.54,,34.0,2,False
2026-02-24 17:40:00+00:00,,,,,,,,0.54,0.54,,44.0,1,False
2026-02-24 17:40:30+00:00,,,,,,,,0.5376923076923078,0.54,,78.0,4,False
2026-02-24 17:41:00+00:00,,,,,,,,0.52,0.52,,1.0,1,False
2026-02-24 17:41:30+00:00,,,,,,,,0.54,0.54,,17.0,1,False
2026-02-24 17:42:00+00:00,,,,,,,,0.54,0.54,,1.0,1,False
2026-02-24 17:42:30+00:00,,,,,,,,0.52,0.52,,40.0,1,False
2026-02-24 17:43:00+00:00,,,,,,,,0.54,0.54,,8.0,1,False
2026-02-24 17:43:30+00:00,,,,,,,,0.54,0.54,,436.0,3,False
2026-02-24 17:44:00+00:00,,,,,,,,0.54,0.54,,0.0,0,False
2026-02-24 17:44:30+00:00,,,,,,,,0.5244155844155843,0.52,,77.0,4,False
2026-02-24 17:45:00+00:00,,,,,,,,0.5399999999999999,0.54,,70.0,4,False
2026-02-24 17:45:30+00:00,,,,,,,,0.5222784810126583,0.52,,158.0,4,False
2026-02-24 17:46:00+00:00,,,,,,,,0.54,0.54,,17.0,1,False
2026-02-24 17:46:30+00:00,,,,,,,,0.5221656050955413,0.54,,157.0,2,False
2026-02-24 17:47:00+00:00,,,,,,,,0.52,0.52,,10.0,1,False
2026-02-24 17:47:30+00:00,,,,,,,,0.54,0.54,,17.0,1,False
2026-02-24 17:48:00+00:00,,,,,,,,0.52,0.52,,40.0,1,False
2026-02-24 17:48:30+00:00,,,,,,,,0.54,0.54,,89.0,1,False
2026-02-24 17:49:00+00:00,,,,,,,,0.54,0.54,,0.0,0,False
2026-02-24 17:49:30+00:00,,,,,,,,0.54,0.54,,0.0,0,False
2026-02-24 17:50:00+00:00,,,,,,,,0.54,0.54,,0.0,0,False
2026-02-24 17:50:30+00:00,,,,,,,,0.52,0.52,,40.0,1,False
2026-02-24 17:51:00+00:00,,,,,,,,0.52,0.52,,0.0,0,False
2026-02-24 17:51:30+00:00,,,,,,,,0.52,0.52,,0.0,0,False
2026-02-24 17:52:00+00:00,,,,,,,,0.5391166077738516,0.54,,1132.0,5,False
2026-02-24 17:52:30+00:00,,,,,,,,0.5398741346758968,0.54,,1589.0,4,False
2026-02-24 17:53:00+00:00,,,,,,,,0.54,0.54,,44.0,1,False
2026-02-24 17:53:30+00:00,,,,,,,,0.54,0.54,,411.0,2,False
2026-02-24 17:54:00+00:00,,,,,,,,0.5328571428571428,0.54,,35.0,2,False
2026-02-24 17:54:30+00:00,,,,,,,,0.5397959183673471,0.52,,98.0,3,False
2026-02-24 17:55:00+00:00,,,,,,,,0.5397959183673471,0.52,,0.0,0,False
2026-02-24 17:55:30+00:00,,,,,,,,0.5207692307692308,0.54,,208.0,2,False
2026-02-24 17:56:00+00:00,,,,,,,,0.54,0.54,,357.0,1,False
2026-02-24 17:56:30+00:00,,,,,,,,0.54,0.54,,0.0,0,False
2026-02-24 17:57:00+00:00,,,,,,,,0.5283040935672515,0.54,,171.0,3,False
2026-02-24 17:57:30+00:00,,,,,,,,0.54,0.54,,28.0,1,False
2026-02-24 17:58:00+00:00,,,,,,,,0.52,0.52,,76.0,1,False
2026-02-24 17:58:30+00:00,,,,,,,,0.5381818181818183,0.52,,99.0,3,False
2026-02-24 17:59:00+00:00,,,,,,,,0.5381818181818183,0.52,,0.0,0,False
2026-02-24 17:59:30+00:00,,,,,,,,0.54,0.54,,35.0,1,False
2026-02-24 18:00:00+00:00,,,,,,,,0.539779005524862,0.52,,362.0,2,False
2026-02-24 18:00:30+00:00,,,,,,,,0.54,0.54,,78.0,2,False
2026-02-24 18:01:00+00:00,,,,,,,,0.5337500000000001,0.54,,96.0,4,False
2026-02-24 18:01:30+00:00,,,,,,,,0.52,0.52,,7.0,1,False
2026-02-24 18:02:00+00:00,,,,,,,,0.54,0.54,,73.0,2,False
2026-02-24 18:02:30+00:00,,,,,,,,0.54,0.54,,21.0,1,False
2026-02-24 18:03:00+00:00,,,,,,,,0.5345945945945946,0.52,,37.0,4,False
2026-02-24 18:03:30+00:00,,,,,,,,0.54,0.54,,10.0,1,False
2026-02-24 18:04:00+00:00,,,,,,,,0.52,0.52,,9.0,1,False
2026-02-24 18:04:30+00:00,,,,,,,,0.54,0.54,,17.0,1,False
2026-02-24 18:05:00+00:00,,,,,,,,0.5331972789115645,0.54,,294.0,3,False
2026-02-24 18:05:30+00:00,,,,,,,,0.52,0.52,,10.0,1,False
2026-02-24 18:06:00+00:00,,,,,,,,0.54,0.54,,35.0,1,False
2026-02-24 18:06:30+00:00,,,,,,,,0.54,0.54,,28.0,1,False
2026-02-24 18:07:00+00:00,,,,,,,,0.54,0.54,,75.0,3,False
2026-02-24 18:07:30+00:00,,,,,,,,0.52,0.52,,62.0,1,False
2026-02-24 18:08:00+00:00,,,,,,,,0.52,0.52,,0.0,0,False
2026-02-24 18:08:30+00:00,,,,,,,,0.54,0.54,,3.0,1,False
2026-02-24 18:09:00+00:00,,,,,,,,0.5218181818181818,0.54,,44.0,2,False
2026-02-24 18:09:30+00:00,,,,,,,,0.5218181818181818,0.54,,0.0,0,False
2026-02-24 18:10:00+00:00,,,,,,,,0.5311504424778761,0.54,,226.0,4,False
2026-02-24 18:10:30+00:00,,,,,,,,0.52,0.52,,179.0,2,False
2026-02-24 18:11:00+00:00,,,,,,,,0.54,0.54,,52.0,2,False
2026-02-24 18:11:30+00:00,,,,,,,,0.54,0.54,,0.0,0,False
2026-02-24 18:12:00+00:00,,,,,,,,0.52,0.52,,50.0,1,False
2026-02-24 18:12:30+00:00,,,,,,,,0.52,0.52,,0.0,0,False
2026-02-24 18:13:00+00:00,,,,,,,,0.5348936170212766,0.52,,47.0,3,False
2026-02-24 18:13:30+00:00,,,,,,,,0.54,0.54,,17.0,1,False
2026-02-24 18:14:00+00:00,,,,,,,,0.5294736842105263,0.54,,19.0,2,False
2026-02-24 18:14:30+00:00,,,,,,,,0.54,0.54,,14.0,1,False
2026-02-24 18:15:00+00:00,,,,,,,,0.54,0.54,,2.0,1,False
2026-02-24 18:15:30+00:00,,,,,,,,0.5295198329853863,0.54,,958.0,3,False
2026-02-24 18:16:00+00:00,,,,,,,,0.5295198329853863,0.54,,0.0,0,False
2026-02-24 18:16:30+00:00,,,,,,,,0.52,0.52,,100.0,1,False
2026-02-24 18:17:00+00:00,,,,,,,,0.52,0.52,,0.0,0,False
2026-02-24 18:17:30+00:00,,,,,,,,0.54,0.54,,269.0,1,False
2026-02-24 18:18:00+00:00,,,,,,,,0.54,0.54,,44.0,1,False
2026-02-24 18:18:30+00:00,,,,,,,,0.54,0.54,,23.0,2,False
2026-02-24 18:19:00+00:00,,,,,,,,0.54,0.54,,8.0,2,False
2026-02-24 18:19:30+00:00,,,,,,,,0.525,0.52,,120.0,3,False
2026-02-24 18:20:00+00:00,,,,,,,,0.5261165048543689,0.52,,206.0,2,False
2026-02-24 18:20:30+00:00,,,,,,,,0.5300000000000001,0.53,,137.0,2,False
2026-02-24 18:21:00+00:00,,,,,,,,0.5300000000000001,0.53,,336.0,5,False
2026-02-24 18:21:30+00:00,,,,,,,,0.53,0.53,,99.0,2,False
2026-02-24 18:22:00+00:00,,,,,,,,0.52,0.52,,29.0,2,False
2026-02-24 18:22:30+00:00,,,,,,,,0.52,0.52,,70.0,1,False
2026-02-24 18:23:00+00:00,,,,,,,,0.525,0.52,,24.0,4,False
2026-02-24 18:23:30+00:00,,,,,,,,0.525,0.52,,0.0,0,False
2026-02-24 18:24:00+00:00,,,,,,,,0.5236,0.53,,25.0,2,False
2026-02-24 18:24:30+00:00,,,,,,,,0.5255263157894737,0.52,,114.0,4,False
2026-02-24 18:25:00+00:00,,,,,,,,0.53,0.53,,3.0,1,False
2026-02-24 18:25:30+00:00,,,,,,,,0.53,0.53,,136.0,1,False
2026-02-24 18:26:00+00:00,,,,,,,,0.5282644628099173,0.52,,242.0,3,False
2026-02-24 18:26:30+00:00,,,,,,,,0.52,0.52,,10.0,1,False
2026-02-24 18:27:00+00:00,,,,,,,,0.53,0.53,,100.0,2,False
2026-02-24 18:27:30+00:00,,,,,,,,0.53,0.53,,24.0,1,False
2026-02-24 18:28:00+00:00,,,,,,,,0.53,0.53,,45.0,1,False
2026-02-24 18:28:30+00:00,,,,,,,,0.53,0.53,,0.0,0,False
2026-02-24 18:29:00+00:00,,,,,,,,0.52,0.52,,1.0,1,False
2026-02-24 18:29:30+00:00,,,,,,,,0.52,0.52,,0.0,0,False
2026-02-24 18:30:00+00:00,,,,,,,,0.521764705882353,0.52,,17.0,3,False
2026-02-24 18:30:30+00:00,,,,,,,,0.5297303921568628,0.52,,408.0,3,False
2026-02-24 18:31:00+00:00,,,,,,,,0.5233333333333333,0.52,,15.0,2,False
2026-02-24 18:31:30+00:00,,,,,,,,0.53,0.53,,18.0,1,False
2026-02-24 18:32:00+00:00,,,,,,,,0.5300000000000001,0.53,,12.0,2,False
2026-02-24 18:32:30+00:00,,,,,,,,0.5300000000000001,0.53,,0.0,0,False
2026-02-24 18:33:00+00:00,,,,,,,,0.5295762711864408,0.52,,354.0,4,False
2026-02-24 18:33:30+00:00,,,,,,,,0.5300000000000001,0.53,,163.0,3,False
2026-02-24 18:34:00+00:00,,,,,,,,0.5247368421052632,0.52,,19.0,2,False
2026-02-24 18:34:30+00:00,,,,,,,,0.53,0.53,,21.0,1,False
2026-02-24 18:35:00+00:00,,,,,,,,0.53,0.53,,8.0,2,False
2026-02-24 18:35:30+00:00,,,,,,,,0.53,0.53,,40.0,2,False
2026-02-24 18:36:00+00:00,,,,,,,,0.53,0.53,,15.0,2,False
2026-02-24 18:36:30+00:00,,,,,,,,0.53,0.53,,0.0,0,False
2026-02-24 18:37:00+00:00,,,,,,,,0.5218367346938775,0.52,,245.0,2,False
2026-02-24 18:37:30+00:00,,,,,,,,0.53,0.53,,117.0,2,False
2026-02-24 18:38:00+00:00,,,,,,,,0.5231034482758621,0.52,,58.0,3,False
2026-02-24 18:38:30+00:00,,,,,,,,0.53,0.53,,60.0,2,False
2026-02-24 18:39:00+00:00,,,,,,,,0.53,0.53,,0.0,0,False
2026-02-24 18:39:30+00:00,,,,,,,,0.53,0.53,,0.0,0,False
2026-02-24 18:40:00+00:00,,,,,,,,0.53,0.53,,308.0,2,False
2026-02-24 18:40:30+00:00,,,,,,,,0.53,0.53,,509.0,2,False
2026-02-24 18:41:00+00:00,,,,,,,,0.53,0.53,,19.0,1,False
2026-02-24 18:41:30+00:00,,,,,,,,0.53,0.53,,22.0,2,False
2026-02-24 18:42:00+00:00,,,,,,,,0.5216666666666666,0.52,,12.0,2,False
2026-02-24 18:42:30+00:00,,,,,,,,0.53,0.53,,36.0,1,False
2026-02-24 18:43:00+00:00,,,,,,,,0.53,0.53,,0.0,0,False
2026-02-24 18:43:30+00:00,,,,,,,,0.5299999999999999,0.53,,18.0,2,False
2026-02-24 18:44:00+00:00,,,,,,,,0.5209523809523811,0.52,,84.0,2,False
2026-02-24 18:44:30+00:00,,,,,,,,0.53,0.53,,211.0,5,False
2026-02-24 18:45:00+00:00,,,,,,,,0.53,0.53,,63.0,2,False
2026-02-24 18:45:30+00:00,,,,,,,,0.520632318501171,0.52,,854.0,3,False
2026-02-24 18:46:00+00:00,,,,,,,,0.5240298507462686,0.53,,268.0,4,False
2026-02-24 18:46:30+00:00,,,,,,,,0.5201124497991968,0.53,,1245.0,4,False
2026-02-24 18:47:00+00:00,,,,,,,,0.5222222222222223,0.52,,225.0,2,False
2026-02-24 18:47:30+00:00,,,,,,,,0.53,0.53,,154.0,3,False
2026-02-24 18:48:00+00:00,,,,,,,,0.53,0.53,,0.0,0,False
2026-02-24 18:48:30+00:00,,,,,,,,0.53,0.53,,665.0,1,False
2026-02-24 18:49:00+00:00,,,,,,,,0.53,0.53,,0.0,0,False
2026-02-24 18:49:30+00:00,,,,,,,,0.53,0.53,,29.0,2,False
2026-02-24 18:50:00+00:00,,,,,,,,0.53,0.53,,181.0,1,False
2026-02-24 18:50:30+00:00,,,,,,,,0.53,0.53,,561.0,2,False
2026-02-24 18:51:00+00:00,,,,,,,,0.5219711538461539,0.53,,208.0,4,False
2026-02-24 18:51:30+00:00,,,,,,,,0.52375,0.53,,400.0,5,False
2026-02-24 18:52:00+00:00,,,,,,,,0.5300000000000001,0.53,,27.0,2,False
2026-02-24 18:52:30+00:00,,,,,,,,0.53,0.53,,17.0,2,False
2026-02-24 18:53:00+00:00,,,,,,,,0.53,0.53,,0.0,0,False
2026-02-24 18:53:30+00:00,,,,,,,,0.5300000000000001,0.53,,272.0,2,False
2026-02-24 18:54:00+00:00,,,,,,,,0.53,0.53,,34.0,2,False
2026-02-24 18:54:30+00:00,,,,,,,,0.53,0.53,,0.0,0,False
2026-02-24 18:55:00+00:00,,,,,,,,0.52,0.52,,289.0,2,False
2026-02-24 18:55:30+00:00,,,,,,,,0.52,0.52,,0.0,0,False
2026-02-24 18:56:00+00:00,,,,,,,,0.52,0.52,,0.0,0,False
2026-02-24 18:56:30+00:00,,,,,,,,0.53,0.53,,137.0,2,False
2026-02-24 18:57:00+00:00,,,,,,,,0.52,0.52,,10.0,1,False
2026-02-24 18:57:30+00:00,,,,,,,,0.52,0.52,,8.0,1,False
2026-02-24 18:58:00+00:00,,,,,,,,0.53,0.53,,54.0,1,False
2026-02-24 18:58:30+00:00,,,,,,,,0.52,0.52,,775.0,4,False
2026-02-24 18:59:00+00:00,,,,,,,,0.5244895936570861,0.53,,1009.0,4,False
2026-02-24 18:59:30+00:00,,,,,,,,0.53,0.53,,1.0,1,False
2026-02-24 19:00:00+00:00,,,,,,,,0.53,0.53,,9.0,1,False
2026-02-24 19:00:30+00:00,,,,,,,,0.52,0.52,,200.0,1,False
2026-02-24 19:01:00+00:00,,,,,,,,0.5295454545454545,0.52,,66.0,3,False
2026-02-24 19:01:30+00:00,,,,,,,,0.53,0.53,,28.0,2,False
2026-02-24 19:02:00+00:00,,,,,,,,0.53,0.53,,3.0,1,False
2026-02-24 19:02:30+00:00,,,,,,,,0.525,0.52,,4.0,2,False
2026-02-24 19:03:00+00:00,,,,,,,,0.53,0.53,,9.0,2,False
2026-02-24 19:03:30+00:00,,,,,,,,0.53,0.53,,2333.0,3,False
2026-02-24 19:04:00+00:00,,,,,,,,0.5299999999999999,0.53,,85.0,3,False
2026-02-24 19:04:30+00:00,,,,,,,,0.53,0.53,,10.0,1,False
2026-02-24 19:05:00+00:00,,,,,,,,0.53,0.53,,0.0,0,False
2026-02-24 19:05:30+00:00,,,,,,,,0.53,0.53,,52.0,5,False
2026-02-24 19:06:00+00:00,,,,,,,,0.53,0.53,,0.0,0,False
2026-02-24 19:06:30+00:00,,,,,,,,0.53,0.53,,10.0,1,False
2026-02-24 19:07:00+00:00,,,,,,,,0.53,0.53,,0.0,0,False
2026-02-24 19:07:30+00:00,,,,,,,,0.53,0.53,,10.0,1,False
2026-02-24 19:08:00+00:00,,,,,,,,0.53,0.53,,18.0,1,False
2026-02-24 19:08:30+00:00,,,,,,,,0.53,0.53,,531.0,6,False
2026-02-24 19:09:00+00:00,,,,,,,,0.5297826086956522,0.52,,46.0,2,False
2026-02-24 19:09:30+00:00,,,,,,,,0.5281102362204725,0.53,,127.0,4,False
2026-02-24 19:10:00+00:00,,,,,,,,0.53,0.53,,113.0,4,False
2026-02-24 19:10:30+00:00,,,,,,,,0.53,0.53,,100.0,1,False
2026-02-24 19:11:00+00:00,,,,,,,,0.53,0.53,,36.0,2,False
2026-02-24 19:11:30+00:00,,,,,,,,0.5300000000000001,0.53,,363.0,3,False
2026-02-24 19:12:00+00:00,,,,,,,,0.530953237410072,0.54,,556.0,2,False
2026-02-24 19:12:30+00:00,,,,,,,,0.5344444444444445,0.54,,36.0,2,False
2026-02-24 19:13:00+00:00,,,,,,,,0.54,0.54,,211.0,2,False
2026-02-24 19:13:30+00:00,,,,,,,,0.54,0.54,,0.0,0,False
2026-02-24 19:14:00+00:00,,,,,,,,0.5388235294117647,0.54,,34.0,2,False
2026-02-24 19:14:30+00:00,,,,,,,,0.52,0.52,,6.0,1,False
2026-02-24 19:15:00+00:00,,,,,,,,0.54,0.54,,2.0,1,False
2026-02-24 19:15:30+00:00,,,,,,,,0.5275000000000001,0.54,,32.0,3,False
2026-02-24 19:16:00+00:00,,,,,,,,0.54,0.54,,8.0,1,False
2026-02-24 19:16:30+00:00,,,,,,,,0.5218018018018018,0.52,,222.0,2,False
2026-02-24 19:17:00+00:00,,,,,,,,0.5231932773109245,0.52,,238.0,3,False
2026-02-24 19:17:30+00:00,,,,,,,,0.54,0.54,,35.0,1,False
2026-02-24 19:18:00+00:00,,,,,,,,0.52,0.52,,181.0,1,False
2026-02-24 19:18:30+00:00,,,,,,,,0.54,0.54,,89.0,1,False
2026-02-24 19:19:00+00:00,,,,,,,,0.54,0.54,,0.0,0,False
2026-02-24 19:19:30+00:00,,,,,,,,0.5291891891891891,0.54,,37.0,2,False
2026-02-24 19:20:00+00:00,,,,,,,,0.5357627118644067,0.52,,236.0,3,False
2026-02-24 19:20:30+00:00,,,,,,,,0.5357627118644067,0.52,,0.0,0,False
2026-02-24 19:21:00+00:00,,,,,,,,0.54,0.54,,3.0,1,False
2026-02-24 19:21:30+00:00,,,,,,,,0.52,0.52,,24.0,1,False
2026-02-24 19:22:00+00:00,,,,,,,,0.54,0.54,,10.0,1,False
2026-02-24 19:22:30+00:00,,,,,,,,0.52,0.52,,50.0,1,False
2026-02-24 19:23:00+00:00,,,,,,,,0.54,0.54,,21.0,1,False
2026-02-24 19:23:30+00:00,,,,,,,,0.54,0.54,,14.0,1,False
2026-02-24 19:24:00+00:00,,,,,,,,0.54,0.54,,100.0,1,False
2026-02-24 19:24:30+00:00,,,,,,,,0.54,0.54,,0.0,0,False
2026-02-24 19:25:00+00:00,,,,,,,,0.54,0.54,,0.0,0,False
2026-02-24 19:25:30+00:00,,,,,,,,0.5264285714285715,0.54,,28.0,2,False
2026-02-24 19:26:00+00:00,,,,,,,,0.5303030303030303,0.52,,33.0,2,False
2026-02-24 19:26:30+00:00,,,,,,,,0.5374180734856009,0.52,,1007.0,2,False
2026-02-24 19:27:00+00:00,,,,,,,,0.54,0.54,,160.0,3,False
2026-02-24 19:27:30+00:00,,,,,,,,0.5305952380952381,0.52,,168.0,3,False
2026-02-24 19:28:00+00:00,,,,,,,,0.5366666666666667,0.54,,60.0,2,False
2026-02-24 19:28:30+00:00,,,,,,,,0.5366666666666667,0.54,,0.0,0,False
2026-02-24 19:29:00+00:00,,,,,,,,0.5395604395604395,0.54,,91.0,2,False
2026-02-24 19:29:30+00:00,,,,,,,,0.54,0.54,,35.0,1,False
2026-02-24 19:30:00+00:00,,,,,,,,0.54,0.54,,55.0,2,False
2026-02-24 19:30:30+00:00,,,,,,,,0.54,0.54,,10.0,1,False
2026-02-24 19:31:00+00:00,,,,,,,,0.54,0.54,,0.0,0,False
2026-02-24 19:31:30+00:00,,,,,,,,0.54,0.54,,8.0,1,False
2026-02-24 19:32:00+00:00,,,,,,,,0.54,0.54,,0.0,0,False
2026-02-24 19:32:30+00:00,,,,,,,,0.54,0.54,,0.0,0,False
2026-02-24 19:33:00+00:00,,,,,,,,0.5377682403433477,0.54,,233.0,5,False
2026-02-24 19:33:30+00:00,,,,,,,,0.5377682403433477,0.54,,0.0,0,False
2026-02-24 19:34:00+00:00,,,,,,,,0.5377682403433477,0.54,,0.0,0,False
2026-02-24 19:34:30+00:00,,,,,,,,0.54,0.54,,35.0,1,False
2026-02-24 19:35:00+00:00,,,,,,,,0.54,0.54,,128.0,1,False
2026-02-24 19:35:30+00:00,,,,,,,,0.52,0.52,,4.0,1,False
2026-02-24 19:36:00+00:00,,,,,,,,0.5218181818181818,0.54,,11.0,2,False
2026-02-24 19:36:30+00:00,,,,,,,,0.54,0.54,,17.0,1,False
2026-02-24 19:37:00+00:00,,,,,,,,0.5362962962962963,0.54,,54.0,2,False
2026-02-24 19:37:30+00:00,,,,,,,,0.52,0.52,,20.0,1,False
2026-02-24 19:38:00+00:00,,,,,,,,0.52,0.52,,0.0,0,False
2026-02-24 19:38:30+00:00,,,,,,,,0.5253658536585366,0.54,,164.0,3,False
2026-02-24 19:39:00+00:00,,,,,,,,0.5399999999999999,0.54,,4481.0,2,False
2026-02-24 19:39:30+00:00,,,,,,,,0.5399999999999999,0.54,,480.0,4,False
2026-02-24 19:40:00+00:00,,,,,,,,0.5396296296296297,0.54,,108.0,3,False
2026-02-24 19:40:30+00:00,,,,,,,,0.54,0.54,,25.0,2,False
2026-02-24 19:41:00+00:00,,,,,,,,0.54,0.54,,0.0,0,False
2026-02-24 19:41:30+00:00,,,,,,,,0.54,0.54,,284.0,2,False
2026-02-24 19:42:00+00:00,,,,,,,,0.52,0.52,,100.0,1,False
2026-02-24 19:42:30+00:00,,,,,,,,0.54,0.54,,61.0,2,False
2026-02-24 19:43:00+00:00,,,,,,,,0.5339393939393939,0.54,,165.0,4,False
2026-02-24 19:43:30+00:00,,,,,,,,0.5252125693160813,0.54,,541.0,4,False
2026-02-24 19:44:00+00:00,,,,,,,,0.5252125693160813,0.54,,0.0,0,False
2026-02-24 19:44:30+00:00,,,,,,,,0.5294642857142857,0.52,,112.0,2,False
2026-02-24 19:45:00+00:00,,,,,,,,0.54,0.54,,27.0,2,False
2026-02-24 19:45:30+00:00,,,,,,,,0.5299441340782124,0.54,,179.0,4,False
2026-02-24 19:46:00+00:00,,,,,,,,0.5266666666666667,0.54,,30.0,2,False
2026-02-24 19:46:30+00:00,,,,,,,,0.5355555555555556,0.54,,27.0,3,False
2026-02-24 19:47:00+00:00,,,,,,,,0.5292682926829269,0.52,,41.0,3,False
2026-02-24 19:47:30+00:00,,,,,,,,0.5209914529914531,0.52,,585.0,6,False
2026-02-24 19:48:00+00:00,,,,,,,,0.5384962406015038,0.54,,133.0,4,False
2026-02-24 19:48:30+00:00,,,,,,,,0.5357983193277311,0.52,,238.0,3,False
2026-02-24 19:49:00+00:00,,,,,,,,0.5357983193277311,0.52,,0.0,0,False
2026-02-24 19:49:30+00:00,,,,,,,,0.54,0.54,,89.0,1,False
2026-02-24 19:50:00+00:00,,,,,,,,0.54,0.54,,0.0,0,False
2026-02-24 19:50:30+00:00,,,,,,,,0.54,0.54,,31.0,2,False
2026-02-24 19:51:00+00:00,,,,,,,,0.5384,0.54,,75.0,3,False
2026-02-24 19:51:30+00:00,,,,,,,,0.52,0.52,,20.0,1,False
2026-02-24 19:52:00+00:00,,,,,,,,0.52,0.52,,0.0,0,False
2026-02-24 19:52:30+00:00,,,,,,,,0.54,0.54,,440.0,2,False
2026-02-24 19:53:00+00:00,,,,,,,,0.5400000000000001,0.54,,45.0,2,False
2026-02-24 19:53:30+00:00,,,,,,,,0.5384251968503938,0.52,,127.0,2,False
2026-02-24 19:54:00+00:00,,,,,,,,0.5384251968503938,0.52,,0.0,0,False
2026-02-24 19:54:30+00:00,,,,,,,,0.54,0.54,,1.0,1,False
2026-02-24 19:55:00+00:00,,,,,,,,0.54,0.54,,0.0,0,False
2026-02-24 19:55:30+00:00,,,,,,,,0.5304210779595766,0.53,,4156.0,4,False
2026-02-24 19:56:00+00:00,,,,,,,,0.5242857142857144,0.52,,42.0,3,False
2026-02-24 19:56:30+00:00,,,,,,,,0.5278297872340426,0.52,,235.0,4,False
2026-02-24 19:57:00+00:00,,,,,,,,0.53,0.53,,18.0,1,False
2026-02-24 19:57:30+00:00,,,,,,,,0.53,0.53,,0.0,0,False
2026-02-24 19:58:00+00:00,,,,,,,,0.53,0.53,,38.0,2,False
2026-02-24 19:58:30+00:00,,,,,,,,0.52,0.52,,6.0,1,False
2026-02-24 19:59:00+00:00,,,,,,,,0.5284382470119522,0.53,,1255.0,3,False
2026-02-24 19:59:30+00:00,,,,,,,,0.53,0.53,,27.0,1,False
2026-02-24 20:00:00+00:00,,,,,,,,0.5294736842105263,0.52,,19.0,2,False
2026-02-24 20:00:30+00:00,,,,,,,,0.5281481481481481,0.53,,54.0,2,False
2026-02-24 20:01:00+00:00,,,,,,,,0.5215254237288135,0.52,,59.0,2,False
2026-02-24 20:01:30+00:00,,,,,,,,0.53,0.53,,18.0,1,False
2026-02-24 20:02:00+00:00,,,,,,,,0.53,0.53,,0.0,0,False
2026-02-24 20:02:30+00:00,,,,,,,,0.53,0.53,,0.0,0,False
2026-02-24 20:03:00+00:00,,,,,,,,0.53,0.53,,227.0,1,False
2026-02-24 20:03:30+00:00,,,,,,,,0.53,0.53,,9.0,1,False
2026-02-24 20:04:00+00:00,,,,,,,,0.52375,0.52,,48.0,3,False
2026-02-24 20:04:30+00:00,,,,,,,,0.52375,0.52,,0.0,0,False
2026-02-24 20:05:00+00:00,,,,,,,,0.5268553459119497,0.52,,159.0,3,False
2026-02-24 20:05:30+00:00,,,,,,,,0.5268553459119497,0.52,,0.0,0,False
2026-02-24 20:06:00+00:00,,,,,,,,0.52,0.52,,120.0,1,False
2026-02-24 20:06:30+00:00,,,,,,,,0.53,0.53,,36.0,1,False
2026-02-24 20:07:00+00:00,,,,,,,,0.53,0.53,,181.0,1,False
2026-02-24 20:07:30+00:00,,,,,,,,0.53,0.53,,27.0,1,False
2026-02-24 20:08:00+00:00,,,,,,,,0.53,0.53,,20.0,1,False
2026-02-24 20:08:30+00:00,,,,,,,,0.53,0.53,,0.0,0,False
2026-02-24 20:09:00+00:00,,,,,,,,0.5298596112311016,0.52,,926.0,2,False
2026-02-24 20:09:30+00:00,,,,,,,,0.52,0.52,,2000.0,1,False
2026-02-24 20:10:00+00:00,,,,,,,,0.53,0.53,,72.0,2,False
2026-02-24 20:10:30+00:00,,,,,,,,0.53,0.53,,136.0,2,False
2026-02-24 20:11:00+00:00,,,,,,,,0.53,0.53,,30.0,3,False
2026-02-24 20:11:30+00:00,,,,,,,,0.52,0.52,,50.0,2,False
2026-02-24 20:12:00+00:00,,,,,,,,0.53,0.53,,81.0,1,False
2026-02-24 20:12:30+00:00,,,,,,,,0.53,0.53,,0.0,0,False
2026-02-24 20:13:00+00:00,,,,,,,,0.5295800524934383,0.52,,381.0,2,False
2026-02-24 20:13:30+00:00,,,,,,,,0.53,0.53,,188.0,3,False
2026-02-24 20:14:00+00:00,,,,,,,,0.5298947368421053,0.53,,95.0,4,False
2026-02-24 20:14:30+00:00,,,,,,,,0.5208256880733946,0.52,,109.0,2,False
2026-02-24 20:15:00+00:00,,,,,,,,0.5300000000000001,0.53,,41.0,2,False
2026-02-24 20:15:30+00:00,,,,,,,,0.5300000000000001,0.53,,0.0,0,False
2026-02-24 20:16:00+00:00,,,,,,,,0.52375,0.52,,48.0,2,False
2026-02-24 20:16:30+00:00,,,,,,,,0.52375,0.52,,0.0,0,False
2026-02-24 20:17:00+00:00,,,,,,,,0.53,0.53,,737.0,4,False
2026-02-24 20:17:30+00:00,,,,,,,,0.52,0.52,,9.0,1,False
2026-02-24 20:18:00+00:00,,,,,,,,0.52,0.52,,40.0,1,False
2026-02-24 20:18:30+00:00,,,,,,,,0.52,0.52,,0.0,0,False
2026-02-24 20:19:00+00:00,,,,,,,,0.5226470588235294,0.53,,68.0,2,False
2026-02-24 20:19:30+00:00,,,,,,,,0.52,0.52,,89.0,1,False
2026-02-24 20:20:00+00:00,,,,,,,,0.5290123456790123,0.53,,405.0,3,False
2026-02-24 20:20:30+00:00,,,,,,,,0.52,0.52,,10.0,1,False
2026-02-24 20:21:00+00:00,,,,,,,,0.524143897996357,0.53,,1098.0,4,False
2026-02-24 20:21:30+00:00,,,,,,,,0.522094861660079,0.53,,253.0,4,False
2026-02-24 20:22:00+00:00,,,,,,,,0.5287873462214411,0.53,,569.0,5,False
2026-02-24 20:22:30+00:00,,,,,,,,0.52,0.52,,1960.0,2,False
2026-02-24 20:23:00+00:00,,,,,,,,0.53,0.53,,277.0,3,False
2026-02-24 20:23:30+00:00,,,,,,,,0.529673202614379,0.53,,306.0,5,False
2026-02-24 20:24:00+00:00,,,,,,,,0.5299999999999999,0.53,,361.0,3,False
2026-02-24 20:24:30+00:00,,,,,,,,0.5299999999999999,0.53,,0.0,0,False
2026-02-24 20:25:00+00:00,,,,,,,,0.5230927835051548,0.52,,291.0,2,False
2026-02-24 20:25:30+00:00,,,,,,,,0.53,0.53,,1.0,1,False
2026-02-24 20:26:00+00:00,,,,,,,,0.53,0.53,,5.0,1,False
2026-02-24 20:26:30+00:00,,,,,,,,0.52,0.52,,88.0,2,False
2026-02-24 20:27:00+00:00,,,,,,,,0.53,0.53,,47.0,2,False
2026-02-24 20:27:30+00:00,,,,,,,,0.5278039215686274,0.53,,255.0,3,False
2026-02-24 20:28:00+00:00,,,,,,,,0.52,0.52,,2.0,1,False
2026-02-24 20:28:30+00:00,,,,,,,,0.5230232558139535,0.53,,43.0,3,False
2026-02-24 20:29:00+00:00,,,,,,,,0.5202510460251046,0.53,,717.0,2,False
2026-02-24 20:29:30+00:00,,,,,,,,0.52,0.52,,18.0,1,False
2026-02-24 20:30:00+00:00,,,,,,,,0.52,0.52,,10.0,1,False
2026-02-24 20:30:30+00:00,,,,,,,,0.53,0.53,,20.0,1,False
2026-02-24 20:31:00+00:00,,,,,,,,0.53,0.53,,19.0,2,False
2026-02-24 20:31:30+00:00,,,,,,,,0.5245054945054946,0.52,,91.0,2,False
2026-02-24 20:32:00+00:00,,,,,,,,0.52,0.52,,502.0,1,False
2026-02-24 20:32:30+00:00,,,,,,,,0.5299982065997131,0.52,,5576.0,4,False
2026-02-24 20:33:00+00:00,,,,,,,,0.5200495049504951,0.53,,202.0,2,False
2026-02-24 20:33:30+00:00,,,,,,,,0.53,0.53,,27.0,1,False
2026-02-24 20:34:00+00:00,,,,,,,,0.53,0.53,,0.0,0,False
2026-02-24 20:34:30+00:00,,,,,,,,0.5220754716981132,0.53,,53.0,2,False
2026-02-24 20:35:00+00:00,,,,,,,,0.5281818181818182,0.52,,110.0,2,False
2026-02-24 20:35:30+00:00,,,,,,,,0.5281818181818182,0.52,,0.0,0,False
2026-02-24 20:36:00+00:00,,,,,,,,0.53,0.53,,128.0,2,False
2026-02-24 20:36:30+00:00,,,,,,,,0.53,0.53,,0.0,0,False
2026-02-24 20:37:00+00:00,,,,,,,,0.53,0.53,,0.0,0,False
2026-02-24 20:37:30+00:00,,,,,,,,0.52,0.52,,10.0,1,False
2026-02-24 20:38:00+00:00,,,,,,,,0.5230747922437673,0.52,,722.0,2,False
2026-02-24 20:38:30+00:00,,,,,,,,0.52,0.52,,54.0,1,False
2026-02-24 20:39:00+00:00,,,,,,,,0.5216666666666667,0.53,,240.0,3,False
2026-02-24 20:39:30+00:00,,,,,,,,0.5216666666666667,0.53,,0.0,0,False
2026-02-24 20:40:00+00:00,,,,,,,,0.52,0.52,,33.0,2,False
2026-02-24 20:40:30+00:00,,,,,,,,0.53,0.53,,1.0,1,False
2026-02-24 20:41:00+00:00,,,,,,,,0.53,0.53,,9.0,1,False
2026-02-24 20:41:30+00:00,,,,,,,,0.5233333333333333,0.53,,15.0,2,False
2026-02-24 20:42:00+00:00,,,,,,,,0.5294090909090909,0.53,,220.0,4,False
2026-02-24 20:42:30+00:00,,,,,,,,0.5300000000000001,0.53,,1001.0,2,False
2026-02-24 20:43:00+00:00,,,,,,,,0.5280232558139535,0.52,,86.0,3,False
2026-02-24 20:43:30+00:00,,,,,,,,0.5291558441558442,0.53,,308.0,6,False
2026-02-24 20:44:00+00:00,,,,,,,,0.53,0.53,,9.0,1,False
2026-02-24 20:44:30+00:00,,,,,,,,0.5202752293577981,0.52,,109.0,3,False
2026-02-24 20:45:00+00:00,,,,,,,,0.5256179775280899,0.53,,89.0,2,False
2026-02-24 20:45:30+00:00,,,,,,,,0.5256179775280899,0.53,,0.0,0,False
2026-02-24 20:46:00+00:00,,,,,,,,0.53,0.53,,18.0,1,False
2026-02-24 20:46:30+00:00,,,,,,,,0.52,0.52,,18.0,2,False
2026-02-24 20:47:00+00:00,,,,,,,,0.53,0.53,,19.0,1,False
2026-02-24 20:47:30+00:00,,,,,,,,0.53,0.53,,0.0,0,False
2026-02-24 20:48:00+00:00,,,,,,,,0.53,0.53,,1.0,1,False
2026-02-24 20:48:30+00:00,,,,,,,,0.5296644295302013,0.53,,298.0,4,False
2026-02-24 20:49:00+00:00,,,,,,,,0.5291071428571429,0.53,,112.0,3,False
2026-02-24 20:49:30+00:00,,,,,,,,0.5291071428571429,0.53,,0.0,0,False
2026-02-24 20:50:00+00:00,,,,,,,,0.53,0.53,,45.0,1,False
2026-02-24 20:50:30+00:00,,,,,,,,0.5298319327731092,0.53,,119.0,3,False
2026-02-24 20:51:00+00:00,,,,,,,,0.53,0.53,,137.0,3,False
2026-02-24 20:51:30+00:00,,,,,,,,0.5258708414872799,0.53,,511.0,4,False
2026-02-24 20:52:00+00:00,,,,,,,,0.53,0.53,,43.0,2,False
2026-02-24 20:52:30+00:00,,,,,,,,0.52,0.52,,39.0,3,False
2026-02-24 20:53:00+00:00,,,,,,,,0.52,0.52,,0.0,0,False
2026-02-24 20:53:30+00:00,,,,,,,,0.5293949044585988,0.53,,314.0,4,False
2026-02-24 20:54:00+00:00,,,,,,,,0.5273684210526316,0.53,,152.0,3,False
2026-02-24 20:54:30+00:00,,,,,,,,0.5293103448275862,0.52,,29.0,2,False
2026-02-24 20:55:00+00:00,,,,,,,,0.53,0.53,,181.0,1,False
2026-02-24 20:55:30+00:00,,,,,,,,0.53,0.53,,8.0,2,False
2026-02-24 20:56:00+00:00,,,,,,,,0.53,0.53,,1.0,1,False
2026-02-24 20:56:30+00:00,,,,,,,,0.5220454545454546,0.52,,88.0,4,False
2026-02-24 20:57:00+00:00,,,,,,,,0.53,0.53,,3636.0,1,False
2026-02-24 20:57:30+00:00,,,,,,,,0.53,0.53,,36.0,2,False
2026-02-24 20:58:00+00:00,,,,,,,,0.5211214953271028,0.52,,107.0,3,False
2026-02-24 20:58:30+00:00,,,,,,,,0.5299388025140589,0.52,,6046.0,3,False
2026-02-24 20:59:00+00:00,,,,,,,,0.5299388025140589,0.52,,0.0,0,False
2026-02-24 20:59:30+00:00,,,,,,,,0.5292391304347825,0.53,,552.0,4,False
2026-02-24 21:00:00+00:00,,,,,,,,0.53,0.53,,89.0,3,False
2026-02-24 21:00:30+00:00,,,,,,,,0.529029702970297,0.52,,505.0,2,False
2026-02-24 21:01:00+00:00,,,,,,,,0.5293506493506493,0.53,,539.0,3,False
2026-02-24 21:01:30+00:00,,,,,,,,0.52,0.52,,10.0,1,False
2026-02-24 21:02:00+00:00,,,,,,,,0.5296208530805687,0.53,,211.0,3,False
2026-02-24 21:02:30+00:00,,,,,,,,0.520909090909091,0.52,,33.0,2,False
2026-02-24 21:03:00+00:00,,,,,,,,0.5300000000000001,0.53,,11.0,2,False
2026-02-24 21:03:30+00:00,,,,,,,,0.5257668711656441,0.53,,326.0,8,False
2026-02-24 21:04:00+00:00,,,,,,,,0.52,0.52,,10.0,1,False
2026-02-24 21:04:30+00:00,,,,,,,,0.529839357429719,0.52,,249.0,5,False
2026-02-24 21:05:00+00:00,,,,,,,,0.529839357429719,0.52,,0.0,0,False
2026-02-24 21:05:30+00:00,,,,,,,,0.5240909090909092,0.52,,44.0,3,False
2026-02-24 21:06:00+00:00,,,,,,,,0.53,0.53,,18.0,1,False
2026-02-24 21:06:30+00:00,,,,,,,,0.5265156794425088,0.52,,287.0,3,False
2026-02-24 21:07:00+00:00,,,,,,,,0.53,0.53,,8.0,1,False
2026-02-24 21:07:30+00:00,,,,,,,,0.53,0.53,,99.0,2,False
2026-02-24 21:08:00+00:00,,,,,,,,0.53,0.53,,96.0,2,False
2026-02-24 21:08:30+00:00,,,,,,,,0.5286956521739131,0.52,,115.0,3,False
2026-02-24 21:09:00+00:00,,,,,,,,0.5286956521739131,0.52,,0.0,0,False
2026-02-24 21:09:30+00:00,,,,,,,,0.5286956521739131,0.52,,0.0,0,False
2026-02-24 21:10:00+00:00,,,,,,,,0.52,0.52,,50.0,1,False
2026-02-24 21:10:30+00:00,,,,,,,,0.5206162464985995,0.52,,1071.0,4,False
2026-02-24 21:11:00+00:00,,,,,,,,0.53,0.53,,54.0,1,False
2026-02-24 21:11:30+00:00,,,,,,,,0.53,0.53,,23.0,2,False
2026-02-24 21:12:00+00:00,,,,,,,,0.5288505747126439,0.52,,348.0,4,False
2026-02-24 21:12:30+00:00,,,,,,,,0.5288505747126439,0.52,,0.0,0,False
2026-02-24 21:13:00+00:00,,,,,,,,0.52,0.52,,29.0,2,False
2026-02-24 21:13:30+00:00,,,,,,,,0.5290740740740741,0.53,,108.0,3,False
2026-02-24 21:14:00+00:00,,,,,,,,0.53,0.53,,31.0,1,False
2026-02-24 21:14:30+00:00,,,,,,,,0.53,0.53,,114.0,2,False
2026-02-24 21:15:00+00:00,,,,,,,,0.53,0.53,,5.0,1,False
2026-02-24 21:15:30+00:00,,,,,,,,0.53,0.53,,2727.0,1,False
2026-02-24 21:16:00+00:00,,,,,,,,0.53,0.53,,318.0,2,False
2026-02-24 21:16:30+00:00,,,,,,,,0.53,0.53,,119.0,2,False
2026-02-24 21:17:00+00:00,,,,,,,,0.53,0.53,,36.0,1,False
2026-02-24 21:17:30+00:00,,,,,,,,0.5280392156862745,0.53,,204.0,4,False
2026-02-24 21:18:00+00:00,,,,,,,,0.5280392156862745,0.53,,0.0,0,False
2026-02-24 21:18:30+00:00,,,,,,,,0.5245603015075377,0.52,,796.0,3,False
2026-02-24 21:19:00+00:00,,,,,,,,0.53,0.53,,100.0,1,False
2026-02-24 21:19:30+00:00,,,,,,,,0.53,0.53,,36.0,1,False
2026-02-24 21:20:00+00:00,,,,,,,,0.53,0.53,,254.0,4,False
2026-02-24 21:20:30+00:00,,,,,,,,0.53,0.53,,9.0,1,False
2026-02-24 21:21:00+00:00,,,,,,,,0.53,0.53,,0.0,0,False
2026-02-24 21:21:30+00:00,,,,,,,,0.5283333333333334,0.53,,24.0,3,False
2026-02-24 21:22:00+00:00,,,,,,,,0.53,0.53,,18.0,1,False
2026-02-24 21:22:30+00:00,,,,,,,,0.53,0.53,,0.0,0,False
2026-02-24 21:23:00+00:00,,,,,,,,0.5281818181818182,0.52,,33.0,2,False
2026-02-24 21:23:30+00:00,,,,,,,,0.5272602739726028,0.52,,146.0,5,False
2026-02-24 21:24:00+00:00,,,,,,,,0.5272602739726028,0.52,,0.0,0,False
2026-02-24 21:24:30+00:00,,,,,,,,0.5272972972972974,0.53,,74.0,3,False
2026-02-24 21:25:00+00:00,,,,,,,,0.5215129151291513,0.52,,271.0,2,False
2026-02-24 21:25:30+00:00,,,,,,,,0.53,0.53,,116.0,4,False
2026-02-24 21:26:00+00:00,,,,,,,,0.53,0.53,,0.0,0,False
2026-02-24 21:26:30+00:00,,,,,,,,0.5247368421052632,0.52,,19.0,2,False
2026-02-24 21:27:00+00:00,,,,,,,,0.5216039051603906,0.52,,717.0,4,False
2026-02-24 21:27:30+00:00,,,,,,,,0.52,0.52,,20.0,1,False
2026-02-24 21:28:00+00:00,,,,,,,,0.5210313901345291,0.53,,223.0,3,False
2026-02-24 21:28:30+00:00,,,,,,,,0.5299825174825175,0.53,,572.0,3,False
2026-02-24 21:29:00+00:00,,,,,,,,0.52,0.52,,10.0,1,False
2026-02-24 21:29:30+00:00,,,,,,,,0.53,0.53,,500.0,1,False
2026-02-24 21:30:00+00:00,,,,,,,,0.528695652173913,0.53,,23.0,3,False
2026-02-24 21:30:30+00:00,,,,,,,,0.528695652173913,0.53,,0.0,0,False
2026-02-24 21:31:00+00:00,,,,,,,,0.52,0.52,,27.0,1,False
2026-02-24 21:31:30+00:00,,,,,,,,0.5284169741697416,0.53,,2710.0,6,False
2026-02-24 21:32:00+00:00,,,,,,,,0.5294285714285715,0.53,,700.0,7,False
2026-02-24 21:32:30+00:00,,,,,,,,0.5294285714285715,0.53,,0.0,0,False
2026-02-24 21:33:00+00:00,,,,,,,,0.520909090909091,0.52,,88.0,3,False
2026-02-24 21:33:30+00:00,,,,,,,,0.5222222222222223,0.53,,99.0,6,False
2026-02-24 21:34:00+00:00,,,,,,,,0.5275000000000001,0.53,,32.0,3,False
2026-02-24 21:34:30+00:00,,,,,,,,0.528320610687023,0.52,,131.0,4,False
2026-02-24 21:35:00+00:00,,,,,,,,0.5246666666666667,0.53,,75.0,2,False
2026-02-24 21:35:30+00:00,,,,,,,,0.5247368421052632,0.52,,38.0,2,False
2026-02-24 21:36:00+00:00,,,,,,,,0.53,0.53,,71.0,3,False
2026-02-24 21:36:30+00:00,,,,,,,,0.53,0.53,,231.0,3,False
2026-02-24 21:37:00+00:00,,,,,,,,0.5227710843373494,0.52,,83.0,4,False
2026-02-24 21:37:30+00:00,,,,,,,,0.5300000000000001,0.53,,17.0,2,False
2026-02-24 21:38:00+00:00,,,,,,,,0.5277027027027027,0.52,,74.0,2,False
2026-02-24 21:38:30+00:00,,,,,,,,0.53,0.53,,300.0,1,False
2026-02-24 21:39:00+00:00,,,,,,,,0.5260135135135134,0.52,,148.0,3,False
2026-02-24 21:39:30+00:00,,,,,,,,0.53,0.53,,218.0,2,False
2026-02-24 21:40:00+00:00,,,,,,,,0.52,0.52,,89.0,2,False
2026-02-24 21:40:30+00:00,,,,,,,,0.53,0.53,,10.0,1,False
2026-02-24 21:41:00+00:00,,,,,,,,0.5205242082271568,0.52,,2747.0,4,False
2026-02-24 21:41:30+00:00,,,,,,,,0.5205242082271568,0.52,,0.0,0,False
2026-02-24 21:42:00+00:00,,,,,,,,0.5211088911088911,0.53,,1001.0,5,False
2026-02-24 21:42:30+00:00,,,,,,,,0.520909090909091,0.53,,11.0,2,False
2026-02-24 21:43:00+00:00,,,,,,,,0.53,0.53,,820.0,1,False
2026-02-24 21:43:30+00:00,,,,,,,,0.521129363449692,0.52,,487.0,8,False
2026-02-24 21:44:00+00:00,,,,,,,,0.53,0.53,,1980.0,4,False
2026-02-24 21:44:30+00:00,,,,,,,,0.52,0.52,,32.0,1,False
2026-02-24 21:45:00+00:00,,,,,,,,0.53,0.53,,339.0,2,False
2026-02-24 21:45:30+00:00,,,,,,,,0.5275939849624061,0.52,,133.0,4,False
2026-02-24 21:46:00+00:00,,,,,,,,0.5237425149700599,0.53,,334.0,5,False
2026-02-24 21:46:30+00:00,,,,,,,,0.5237425149700599,0.53,,0.0,0,False
2026-02-24 21:47:00+00:00,,,,,,,,0.5295238095238095,0.53,,105.0,2,False
2026-02-24 21:47:30+00:00,,,,,,,,0.53,0.53,,9.0,1,False
2026-02-24 21:48:00+00:00,,,,,,,,0.528302752293578,0.52,,218.0,2,False
2026-02-24 21:48:30+00:00,,,,,,,,0.5257471264367817,0.53,,174.0,3,False
2026-02-24 21:49:00+00:00,,,,,,,,0.5233333333333333,0.53,,30.0,3,False
2026-02-24 21:49:30+00:00,,,,,,,,0.53,0.53,,218.0,2,False
2026-02-24 21:50:00+00:00,,,,,,,,0.5293589743589744,0.52,,780.0,4,False
2026-02-24 21:50:30+00:00,,,,,,,,0.528421052631579,0.53,,57.0,3,False
2026-02-24 21:51:00+00:00,,,,,,,,0.5275000000000001,0.53,,80.0,5,False
2026-02-24 21:51:30+00:00,,,,,,,,0.527719298245614,0.52,,57.0,4,False
2026-02-24 21:52:00+00:00,,,,,,,,0.53,0.53,,171.0,4,False
2026-02-24 21:52:30+00:00,,,,,,,,0.53,0.53,,36.0,1,False
2026-02-24 21:53:00+00:00,,,,,,,,0.52,0.52,,8.0,2,False
2026-02-24 21:53:30+00:00,,,,,,,,0.5206012024048097,0.52,,1497.0,3,False
2026-02-24 21:54:00+00:00,,,,,,,,0.5207202216066482,0.52,,1083.0,2,False
2026-02-24 21:54:30+00:00,,,,,,,,0.52,0.52,,3.0,1,False
2026-02-24 21:55:00+00:00,,,,,,,,0.5287893462469734,0.53,,413.0,3,False
2026-02-24 21:55:30+00:00,,,,,,,,0.53,0.53,,48.0,2,False
2026-02-24 21:56:00+00:00,,,,,,,,0.53,0.53,,49.0,5,False
2026-02-24 21:56:30+00:00,,,,,,,,0.53,0.53,,93.0,3,False
2026-02-24 21:57:00+00:00,,,,,,,,0.5250700280112045,0.52,,357.0,5,False
2026-02-24 21:57:30+00:00,,,,,,,,0.52,0.52,,22.0,1,False
2026-02-24 21:58:00+00:00,,,,,,,,0.53,0.53,,108.0,2,False
2026-02-24 21:58:30+00:00,,,,,,,,0.5201598579040851,0.53,,563.0,2,False
2026-02-24 21:59:00+00:00,,,,,,,,0.52,0.52,,109.0,2,False
2026-02-24 21:59:30+00:00,,,,,,,,0.5200000000000001,0.52,,42.0,2,False
2026-02-24 22:00:00+00:00,,,,,,,,0.53,0.53,,96.0,2,False
2026-02-24 22:00:30+00:00,,,,,,,,0.53,0.53,,18.0,1,False
2026-02-24 22:01:00+00:00,,,,,,,,0.5270792079207921,0.52,,202.0,4,False
2026-02-24 22:01:30+00:00,,,,,,,,0.5267226890756304,0.53,,119.0,5,False
2026-02-24 22:02:00+00:00,,,,,,,,0.5266336633663367,0.53,,101.0,3,False
2026-02-24 22:02:30+00:00,,,,,,,,0.52,0.52,,100.0,1,False
2026-02-24 22:03:00+00:00,,,,,,,,0.5293150684931507,0.53,,73.0,5,False
2026-02-24 22:03:30+00:00,,,,,,,,0.5298355754857997,0.52,,669.0,3,False
2026-02-24 22:04:00+00:00,,,,,,,,0.5258333333333334,0.53,,72.0,4,False
2026-02-24 22:04:30+00:00,,,,,,,,0.53,0.53,,335.0,5,False
2026-02-24 22:05:00+00:00,,,,,,,,0.53,0.53,,108.0,4,False
2026-02-24 22:05:30+00:00,,,,,,,,0.529388379204893,0.53,,327.0,3,False
2026-02-24 22:06:00+00:00,,,,,,,,0.53,0.53,,9.0,1,False
2026-02-24 22:06:30+00:00,,,,,,,,0.5248214285714285,0.52,,56.0,3,False
2026-02-24 22:07:00+00:00,,,,,,,,0.52,0.52,,40.0,1,False
2026-02-24 22:07:30+00:00,,,,,,,,0.53,0.53,,17.0,4,False
2026-02-24 22:08:00+00:00,,,,,,,,0.5283391003460207,0.53,,289.0,6,False
2026-02-24 22:08:30+00:00,,,,,,,,0.52,0.52,,3351.0,5,False
2026-02-24 22:09:00+00:00,,,,,,,,0.5192896174863388,0.52,,183.0,3,False
2026-02-24 22:09:30+00:00,,,,,,,,0.5204494382022473,0.52,,89.0,3,False
2026-02-24 22:10:00+00:00,,,,,,,,0.5267762128325508,0.53,,639.0,4,False
2026-02-24 22:10:30+00:00,,,,,,,,0.53,0.53,,4545.0,1,False
2026-02-24 22:11:00+00:00,,,,,,,,0.53,0.53,,63.0,1,False
2026-02-24 22:11:30+00:00,,,,,,,,0.5197297297297298,0.51,,37.0,2,False
2026-02-24 22:12:00+00:00,,,,,,,,0.53,0.53,,5.0,1,False
2026-02-24 22:12:30+00:00,,,,,,,,0.5169485011529593,0.52,,2602.0,16,False
2026-02-24 22:13:00+00:00,,,,,,,,0.510074880871341,0.52,,2938.0,5,False
2026-02-24 22:13:30+00:00,,,,,,,,0.51,0.51,,9.0,1,False
2026-02-24 22:14:00+00:00,,,,,,,,0.519830053667263,0.52,,1118.0,7,False
2026-02-24 22:14:30+00:00,,,,,,,,0.52,0.52,,18.0,1,False
2026-02-24 22:15:00+00:00,,,,,,,,0.52,0.52,,58.0,5,False
2026-02-24 22:15:30+00:00,,,,,,,,0.5132776617954071,0.52,,479.0,8,False
2026-02-24 22:16:00+00:00,,,,,,,,0.52,0.52,,297.0,2,False
2026-02-24 22:16:30+00:00,,,,,,,,0.52,0.52,,1936.0,2,False
2026-02-24 22:17:00+00:00,,,,,,,,0.51,0.51,,38.0,1,False
2026-02-24 22:17:30+00:00,,,,,,,,0.5167816091954023,0.51,,174.0,3,False
2026-02-24 22:18:00+00:00,,,,,,,,0.52,0.52,,27.0,1,False
2026-02-24 22:18:30+00:00,,,,,,,,0.5110571428571429,0.52,,350.0,3,False
2026-02-24 22:19:00+00:00,,,,,,,,0.5129718875502008,0.52,,249.0,3,False
2026-02-24 22:19:30+00:00,,,,,,,,0.5154589371980677,0.51,,207.0,6,False
2026-02-24 22:20:00+00:00,,,,,,,,0.52,0.52,,203.0,2,False
2026-02-24 22:20:30+00:00,,,,,,,,0.5147606382978723,0.52,,376.0,5,False
2026-02-24 22:21:00+00:00,,,,,,,,0.5186567164179104,0.51,,67.0,4,False
2026-02-24 22:21:30+00:00,,,,,,,,0.5165294117647059,0.51,,170.0,7,False
2026-02-24 22:22:00+00:00,,,,,,,,0.51,0.51,,23.0,2,False
2026-02-24 22:22:30+00:00,,,,,,,,0.51,0.51,,305.0,2,False
2026-02-24 22:23:00+00:00,,,,,,,,0.512048417132216,0.52,,537.0,4,False
2026-02-24 22:23:30+00:00,,,,,,,,0.5114592274678113,0.52,,233.0,5,False
2026-02-24 22:24:00+00:00,,,,,,,,0.51515625,0.52,,64.0,3,False
2026-02-24 22:24:30+00:00,,,,,,,,0.52,0.52,,175.0,2,False
2026-02-24 22:25:00+00:00,,,,,,,,0.5118181818181818,0.52,,11.0,2,False
2026-02-24 22:25:30+00:00,,,,,,,,0.5118181818181818,0.52,,0.0,0,False
2026-02-24 22:26:00+00:00,,,,,,,,0.52,0.52,,64.0,2,False
2026-02-24 22:26:30+00:00,,,,,,,,0.5187301587301588,0.51,,63.0,4,False
2026-02-24 22:27:00+00:00,,,,,,,,0.5192708333333335,0.52,,96.0,4,False
2026-02-24 22:27:30+00:00,,,,,,,,0.5172047244094489,0.52,,254.0,5,False
2026-02-24 22:28:00+00:00,,,,,,,,0.5104011741682974,0.52,,1022.0,6,False
2026-02-24 22:28:30+00:00,,,,,,,,0.52,0.52,,30.0,1,False
2026-02-24 22:29:00+00:00,,,,,,,,0.511551724137931,0.52,,58.0,2,False
2026-02-24 22:29:30+00:00,,,,,,,,0.5185266457680252,0.52,,319.0,6,False
2026-02-24 22:30:00+00:00,,,,,,,,0.5188354430379747,0.52,,395.0,5,False
2026-02-24 22:30:30+00:00,,,,,,,,0.5199071879936809,0.52,,5064.0,5,False
2026-02-24 22:31:00+00:00,,,,,,,,0.52,0.52,,41.0,2,False
2026-02-24 22:31:30+00:00,,,,,,,,0.5114081632653061,0.52,,490.0,5,False
2026-02-24 22:32:00+00:00,,,,,,,,0.52,0.52,,29.0,2,False
2026-02-24 22:32:30+00:00,,,,,,,,0.52,0.52,,0.0,0,False
2026-02-24 22:33:00+00:00,,,,,,,,0.5193090909090909,0.52,,275.0,8,False
2026-02-24 22:33:30+00:00,,,,,,,,0.5193090909090909,0.52,,0.0,0,False
2026-02-24 22:34:00+00:00,,,,,,,,0.51,0.51,,156.0,1,False
2026-02-24 22:34:30+00:00,,,,,,,,0.52,0.52,,595.0,2,False
2026-02-24 22:35:00+00:00,,,,,,,,0.5175903614457832,0.51,,166.0,6,False
2026-02-24 22:35:30+00:00,,,,,,,,0.51,0.51,,32.0,1,False
2026-02-24 22:36:00+00:00,,,,,,,,0.51,0.51,,0.0,0,False
2026-02-24 22:36:30+00:00,,,,,,,,0.5148648648648648,0.52,,37.0,2,False
2026-02-24 22:37:00+00:00,,,,,,,,0.5199640287769784,0.52,,278.0,3,False
2026-02-24 22:37:30+00:00,,,,,,,,0.52,0.52,,1158.0,7,False
2026-02-24 22:38:00+00:00,,,,,,,,0.5177710843373495,0.51,,166.0,3,False
2026-02-24 22:38:30+00:00,,,,,,,,0.51,0.51,,105.0,2,False
2026-02-24 22:39:00+00:00,,,,,,,,0.51,0.51,,21.0,1,False
2026-02-24 22:39:30+00:00,,,,,,,,0.5132352941176471,0.52,,170.0,4,False
2026-02-24 22:40:00+00:00,,,,,,,,0.5177914110429448,0.51,,163.0,4,False
2026-02-24 22:40:30+00:00,,,,,,,,0.52,0.52,,10.0,1,False
2026-02-24 22:41:00+00:00,,,,,,,,0.5199999999999999,0.52,,20.0,2,False
2026-02-24 22:41:30+00:00,,,,,,,,0.5193054136874362,0.51,,979.0,5,False
2026-02-24 22:42:00+00:00,,,,,,,,0.5200000000000001,0.52,,133.0,2,False
2026-02-24 22:42:30+00:00,,,,,,,,0.5104622871046229,0.52,,411.0,5,False
2026-02-24 22:43:00+00:00,,,,,,,,0.5108755760368664,0.52,,217.0,4,False
2026-02-24 22:43:30+00:00,,,,,,,,0.52,0.52,,536.0,4,False
2026-02-24 22:44:00+00:00,,,,,,,,0.52,0.52,,0.0,0,False
2026-02-24 22:44:30+00:00,,,,,,,,0.52,0.52,,366.0,2,False
2026-02-24 22:45:00+00:00,,,,,,,,0.5148355663824604,0.52,,3284.0,7,False
2026-02-24 22:45:30+00:00,,,,,,,,0.515531914893617,0.52,,47.0,3,False
2026-02-24 22:46:00+00:00,,,,,,,,0.5130410958904109,0.51,,365.0,7,False
2026-02-24 22:46:30+00:00,,,,,,,,0.5192231075697212,0.52,,502.0,4,False
2026-02-24 22:47:00+00:00,,,,,,,,0.5136633663366337,0.52,,202.0,6,False
2026-02-24 22:47:30+00:00,,,,,,,,0.5198958333333333,0.52,,96.0,5,False
2026-02-24 22:48:00+00:00,,,,,,,,0.52,0.52,,2455.0,7,False
2026-02-24 22:48:30+00:00,,,,,,,,0.5197567437379575,0.52,,4152.0,3,False
2026-02-24 22:49:00+00:00,,,,,,,,0.52,0.52,,1.0,1,False
2026-02-24 22:49:30+00:00,,,,,,,,0.52,0.52,,117.0,3,False
2026-02-24 22:50:00+00:00,,,,,,,,0.5189679715302491,0.51,,281.0,5,False
2026-02-24 22:50:30+00:00,,,,,,,,0.5198435722411832,0.52,,3516.0,9,False
2026-02-24 22:51:00+00:00,,,,,,,,0.5100144726466977,0.51,,100189.0,15,False
2026-02-24 22:51:30+00:00,,,,,,,,0.5155696202531647,0.52,,158.0,7,False
2026-02-24 22:52:00+00:00,,,,,,,,0.5173333333333333,0.52,,285.0,6,False
2026-02-24 22:52:30+00:00,,,,,,,,0.5191272189349112,0.52,,676.0,5,False
2026-02-24 22:53:00+00:00,,,,,,,,0.519758883248731,0.52,,788.0,6,False
2026-02-24 22:53:30+00:00,,,,,,,,0.511271676300578,0.52,,173.0,4,False
2026-02-24 22:54:00+00:00,,,,,,,,0.5193548387096775,0.52,,62.0,5,False
2026-02-24 22:54:30+00:00,,,,,,,,0.511276595744681,0.52,,423.0,6,False
2026-02-24 22:55:00+00:00,,,,,,,,0.519018691588785,0.52,,214.0,4,False
2026-02-24 22:55:30+00:00,,,,,,,,0.52,0.52,,190.0,4,False
2026-02-24 22:56:00+00:00,,,,,,,,0.52,0.52,,85.0,2,False
2026-02-24 22:56:30+00:00,,,,,,,,0.5194820717131473,0.52,,251.0,4,False
2026-02-24 22:57:00+00:00,,,,,,,,0.5147181008902078,0.52,,337.0,4,False
2026-02-24 22:57:30+00:00,,,,,,,,0.5200000000000001,0.52,,112.0,5,False
2026-02-24 22:58:00+00:00,,,,,,,,0.519942726231386,0.52,,873.0,5,False
2026-02-24 22:58:30+00:00,,,,,,,,0.5188949771689498,0.51,,2190.0,8,False
2026-02-24 22:59:00+00:00,,,,,,,,0.52,0.52,,200.0,1,False
2026-02-24 22:59:30+00:00,,,,,,,,0.5170298403886191,0.52,,1441.0,6,False
2026-02-24 23:00:00+00:00,,,,,,,,0.52,0.52,,37.0,1,False
2026-02-24 23:00:30+00:00,,,,,,,,0.510484693877551,0.52,,392.0,3,False
2026-02-24 23:01:00+00:00,,,,,,,,0.5198101527032605,0.51,,2423.0,10,False
2026-02-24 23:01:30+00:00,,,,,,,,0.5178260869565218,0.51,,184.0,6,False
2026-02-24 23:02:00+00:00,,,,,,,,0.5124725274725276,0.52,,182.0,5,False
2026-02-24 23:02:30+00:00,,,,,,,,0.52,0.52,,832.0,6,False
2026-02-24 23:03:00+00:00,,,,,,,,0.52,0.52,,275.0,3,False
2026-02-24 23:03:30+00:00,,,,,,,,0.52,0.52,,156.0,4,False
2026-02-24 23:04:00+00:00,,,,,,,,0.52,0.52,,37.0,1,False
2026-02-24 23:04:30+00:00,,,,,,,,0.52,0.52,,209.0,3,False
2026-02-24 23:05:00+00:00,,,,,,,,0.5176229508196721,0.51,,122.0,3,False
2026-02-24 23:05:30+00:00,,,,,,,,0.5192880258899677,0.52,,309.0,4,False
2026-02-24 23:06:00+00:00,,,,,,,,0.5175533980582526,0.52,,515.0,7,False
2026-02-24 23:06:30+00:00,,,,,,,,0.5148577680525164,0.51,,457.0,6,False
2026-02-24 23:07:00+00:00,,,,,,,,0.52,0.52,,6.0,1,False
2026-02-24 23:07:30+00:00,,,,,,,,0.52,0.52,,500.0,1,False
2026-02-24 23:08:00+00:00,,,,,,,,0.52,0.52,,55.0,2,False
2026-02-24 23:08:30+00:00,,,,,,,,0.5154761904761904,0.51,,84.0,2,False
2026-02-24 23:09:00+00:00,,,,,,,,0.52,0.52,,55.0,1,False
2026-02-24 23:09:30+00:00,,,,,,,,0.5100925449871465,0.51,,1945.0,2,False
2026-02-24 23:10:00+00:00,,,,,,,,0.52,0.52,,36.0,2,False
2026-02-24 23:10:30+00:00,,,,,,,,0.512159090909091,0.51,,88.0,5,False
2026-02-24 23:11:00+00:00,,,,,,,,0.5191739130434783,0.52,,230.0,5,False
2026-02-24 23:11:30+00:00,,,,,,,,0.5133805668016195,0.51,,1482.0,5,False
2026-02-24 23:12:00+00:00,,,,,,,,0.5190196078431373,0.51,,102.0,3,False
2026-02-24 23:12:30+00:00,,,,,,,,0.5125,0.51,,36.0,2,False
2026-02-24 23:13:00+00:00,,,,,,,,0.5194117647058824,0.52,,170.0,5,False
2026-02-24 23:13:30+00:00,,,,,,,,0.5107142857142857,0.52,,42.0,3,False
2026-02-24 23:14:00+00:00,,,,,,,,0.51,0.51,,192.0,3,False
2026-02-24 23:14:30+00:00,,,,,,,,0.5102802690582959,0.51,,3568.0,3,False
2026-02-24 23:15:00+00:00,,,,,,,,0.5181516587677726,0.52,,211.0,7,False
2026-02-24 23:15:30+00:00,,,,,,,,0.5176219512195123,0.52,,164.0,5,False
2026-02-24 23:16:00+00:00,,,,,,,,0.52,0.52,,1898.0,6,False
2026-02-24 23:16:30+00:00,,,,,,,,0.51002079002079,0.52,,481.0,2,False
2026-02-24 23:17:00+00:00,,,,,,,,0.5198432055749128,0.51,,574.0,3,False
2026-02-24 23:17:30+00:00,,,,,,,,0.5280794701986755,0.53,,604.0,5,False
2026-02-24 23:18:00+00:00,,,,,,,,0.5188050314465409,0.51,,636.0,7,False
2026-02-24 23:18:30+00:00,,,,,,,,0.5299579831932774,0.53,,476.0,4,False
2026-02-24 23:19:00+00:00,,,,,,,,0.5195081967213114,0.53,,244.0,5,False
2026-02-24 23:19:30+00:00,,,,,,,,0.5299810426540285,0.53,,2110.0,3,False
2026-02-24 23:20:00+00:00,,,,,,,,0.5299810426540285,0.53,,0.0,0,False
2026-02-24 23:20:30+00:00,,,,,,,,0.5198449612403101,0.52,,3354.0,6,False
2026-02-24 23:21:00+00:00,,,,,,,,0.52,0.52,,8.0,1,False
2026-02-24 23:21:30+00:00,,,,,,,,0.5099999999999999,0.51,,24.0,2,False
2026-02-24 23:22:00+00:00,,,,,,,,0.51875,0.52,,160.0,5,False
2026-02-24 23:22:30+00:00,,,,,,,,0.5199999999999999,0.52,,174.0,4,False
2026-02-24 23:23:00+00:00,,,,,,,,0.5105581395348837,0.52,,215.0,3,False
2026-02-24 23:23:30+00:00,,,,,,,,0.5191818181818182,0.52,,220.0,3,False
2026-02-24 23:24:00+00:00,,,,,,,,0.5108571428571429,0.51,,210.0,3,False
2026-02-24 23:24:30+00:00,,,,,,,,0.5108571428571429,0.51,,0.0,0,False
2026-02-24 23:25:00+00:00,,,,,,,,0.5139423076923078,0.51,,312.0,9,False
2026-02-24 23:25:30+00:00,,,,,,,,0.5183333333333333,0.52,,30.0,3,False
2026-02-24 23:26:00+00:00,,,,,,,,0.5166666666666668,0.52,,294.0,8,False
2026-02-24 23:26:30+00:00,,,,,,,,0.5161919268849962,0.52,,1313.0,5,False
2026-02-24 23:27:00+00:00,,,,,,,,0.5143835616438357,0.51,,146.0,5,False
2026-02-24 23:27:30+00:00,,,,,,,,0.5101232511658894,0.51,,3002.0,6,False
2026-02-24 23:28:00+00:00,,,,,,,,0.5198093220338983,0.51,,472.0,3,False
2026-02-24 23:28:30+00:00,,,,,,,,0.52,0.52,,190.0,8,False
2026-02-24 23:29:00+00:00,,,,,,,,0.51,0.51,,210.0,2,False
2026-02-24 23:29:30+00:00,,,,,,,,0.5153526970954357,0.51,,241.0,6,False
2026-02-24 23:30:00+00:00,,,,,,,,0.518421052631579,0.52,,57.0,4,False
2026-02-24 23:30:30+00:00,,,,,,,,0.5190865384615384,0.52,,208.0,5,False
2026-02-24 23:31:00+00:00,,,,,,,,0.5134827586206897,0.52,,290.0,6,False
2026-02-24 23:31:30+00:00,,,,,,,,0.518661971830986,0.51,,142.0,5,False
2026-02-24 23:32:00+00:00,,,,,,,,0.5200000000000001,0.52,,168.0,3,False
2026-02-24 23:32:30+00:00,,,,,,,,0.52,0.52,,2358.0,5,False
2026-02-24 23:33:00+00:00,,,,,,,,0.5167558528428094,0.52,,299.0,7,False
2026-02-24 23:33:30+00:00,,,,,,,,0.52,0.52,,9.0,1,False
2026-02-24 23:34:00+00:00,,,,,,,,0.52,0.52,,1164.0,3,False
2026-02-24 23:34:30+00:00,,,,,,,,0.52,0.52,,37.0,1,False
2026-02-24 23:35:00+00:00,,,,,,,,0.52,0.52,,564.0,2,False
2026-02-24 23:35:30+00:00,,,,,,,,0.5198586055582642,0.52,,2051.0,6,False
2026-02-24 23:36:00+00:00,,,,,,,,0.518567335243553,0.52,,349.0,4,False
2026-02-24 23:36:30+00:00,,,,,,,,0.5125679758308158,0.51,,662.0,5,False
2026-02-24 23:37:00+00:00,,,,,,,,0.5197790585975024,0.52,,1041.0,4,False
2026-02-24 23:37:30+00:00,,,,,,,,0.5164848484848484,0.51,,165.0,5,False
2026-02-24 23:38:00+00:00,,,,,,,,0.5165909090909091,0.52,,88.0,3,False
2026-02-24 23:38:30+00:00,,,,,,,,0.52,0.52,,200.0,4,False
2026-02-24 23:39:00+00:00,,,,,,,,0.52,0.52,,116.0,4,False
2026-02-24 23:39:30+00:00,,,,,,,,0.52,0.52,,373.0,2,False
2026-02-24 23:40:00+00:00,,,,,,,,0.5243073047858943,0.53,,397.0,4,False
2026-02-24 23:40:30+00:00,,,,,,,,0.520321997417133,0.53,,11615.0,5,False
2026-02-24 23:41:00+00:00,,,,,,,,0.5250746268656716,0.53,,134.0,3,False
2026-02-24 23:41:30+00:00,,,,,,,,0.528945147679325,0.53,,237.0,4,False
2026-02-24 23:42:00+00:00,,,,,,,,0.5273584905660378,0.53,,212.0,5,False
2026-02-24 23:42:30+00:00,,,,,,,,0.53,0.53,,153.0,3,False
2026-02-24 23:43:00+00:00,,,,,,,,0.5203974562798092,0.53,,629.0,5,False
2026-02-24 23:43:30+00:00,,,,,,,,0.5297115384615385,0.52,,104.0,4,False
2026-02-24 23:44:00+00:00,,,,,,,,0.5209137931034483,0.52,,580.0,5,False
2026-02-24 23:44:30+00:00,,,,,,,,0.5287804878048781,0.53,,41.0,2,False
2026-02-24 23:45:00+00:00,,,,,,,,0.5213709677419355,0.53,,248.0,3,False
2026-02-24 23:45:30+00:00,,,,,,,,0.52112,0.52,,250.0,6,False
2026-02-24 23:46:00+00:00,,,,,,,,0.53,0.53,,63.0,2,False
2026-02-24 23:46:30+00:00,,,,,,,,0.5202158273381295,0.52,,2085.0,3,False
2026-02-24 23:47:00+00:00,,,,,,,,0.528264802631579,0.53,,1216.0,10,False
2026-02-24 23:47:30+00:00,,,,,,,,0.53,0.53,,100.0,2,False
2026-02-24 23:48:00+00:00,,,,,,,,0.53,0.53,,227.0,4,False
2026-02-24 23:48:30+00:00,,,,,,,,0.5272374999999999,0.52,,800.0,6,False
2026-02-24 23:49:00+00:00,,,,,,,,0.52,0.52,,80.0,1,False
2026-02-24 23:49:30+00:00,,,,,,,,0.5289285714285715,0.52,,84.0,5,False
2026-02-24 23:50:00+00:00,,,,,,,,0.5233333333333334,0.53,,375.0,5,False
2026-02-24 23:50:30+00:00,,,,,,,,0.5274110032362459,0.52,,309.0,7,False
2026-02-24 23:51:00+00:00,,,,,,,,0.53,0.53,,9.0,1,False
2026-02-24 23:51:30+00:00,,,,,,,,0.529645390070922,0.53,,282.0,5,False
2026-02-24 23:52:00+00:00,,,,,,,,0.53,0.53,,917.0,2,False
2026-02-24 23:52:30+00:00,,,,,,,,0.5286301369863015,0.53,,73.0,4,False
2026-02-24 23:53:00+00:00,,,,,,,,0.5297837837837838,0.53,,185.0,2,False
2026-02-24 23:53:30+00:00,,,,,,,,0.5201960784313725,0.52,,663.0,4,False
2026-02-24 23:54:00+00:00,,,,,,,,0.5299395233013163,0.53,,2811.0,7,False
2026-02-24 23:54:30+00:00,,,,,,,,0.5218367346938775,0.52,,490.0,3,False
2026-02-24 23:55:00+00:00,,,,,,,,0.5288524590163934,0.53,,61.0,2,False
2026-02-24 23:55:30+00:00,,,,,,,,0.5279166666666667,0.53,,96.0,5,False
2026-02-24 23:56:00+00:00,,,,,,,,0.5201759530791789,0.53,,2046.0,2,False
2026-02-24 23:56:30+00:00,,,,,,,,0.53,0.53,,170.0,3,False
2026-02-24 23:57:00+00:00,,,,,,,,0.53,0.53,,120.0,3,False
2026-02-24 23:57:30+00:00,,,,,,,,0.52,0.52,,20.0,1,False
2026-02-24 23:58:00+00:00,,,,,,,,0.53,0.53,,1528.0,3,False
2026-02-24 23:58:30+00:00,,,,,,,,0.5266442953020134,0.53,,149.0,3,False
2026-02-24 23:59:00+00:00,,,,,,,,0.5266478873239437,0.52,,355.0,5,False
2026-02-24 23:59:30+00:00,,,,,,,,0.529212598425197,0.52,,127.0,4,False
2026-02-25 00:00:00+00:00,,,,,,,,0.5271830985915494,0.53,,71.0,5,False
2026-02-25 00:00:30+00:00,,,,,,,,0.5224581258488005,0.53,,2209.0,17,False
2026-02-25 00:01:00+00:00,,,,,,,,0.5294173829990448,0.53,,1047.0,9,False
2026-02-25 00:01:30+00:00,,,,,,,,0.5284500000000001,0.52,,2200.0,8,False
2026-02-25 00:02:00+00:00,,,,,,,,0.5248760330578514,0.53,,121.0,7,False
2026-02-25 00:02:30+00:00,,,,,,,,0.5201239669421488,0.52,,242.0,3,False
2026-02-25 00:03:00+00:00,,,,,,,,0.53,0.53,,807.0,4,False
2026-02-25 00:03:30+00:00,,,,,,,,0.5166416711301554,0.52,,5601.0,11,False
2026-02-25 00:04:00+00:00,,,,,,,,0.5246344717182497,0.53,,3748.0,6,False
2026-02-25 00:04:30+00:00,,,,,,,,0.5206230529595016,0.53,,642.0,4,False
2026-02-25 00:05:00+00:00,,,,,,,,0.5297745901639345,0.53,,488.0,6,False
2026-02-25 00:05:30+00:00,,,,,,,,0.52,0.52,,421.0,3,False
2026-02-25 00:06:00+00:00,,,,,,,,0.5223008849557522,0.52,,791.0,6,False
2026-02-25 00:06:30+00:00,,,,,,,,0.5220795107033639,0.53,,654.0,5,False
2026-02-25 00:07:00+00:00,,,,,,,,0.5263235294117647,0.53,,68.0,6,False
2026-02-25 00:07:30+00:00,,,,,,,,0.5261507128309573,0.53,,491.0,5,False
2026-02-25 00:08:00+00:00,,,,,,,,0.52125,0.52,,72.0,3,False
2026-02-25 00:08:30+00:00,,,,,,,,0.5296723868954759,0.52,,641.0,7,False
2026-02-25 00:09:00+00:00,,,,,,,,0.53,0.53,,526.0,5,False
2026-02-25 00:09:30+00:00,,,,,,,,0.5282456140350877,0.52,,114.0,5,False
2026-02-25 00:10:00+00:00,,,,,,,,0.5239130434782608,0.53,,115.0,3,False
2026-02-25 00:10:30+00:00,,,,,,,,0.5217948717948718,0.53,,39.0,6,False
2026-02-25 00:11:00+00:00,,,,,,,,0.52,0.52,,279.0,5,False
2026-02-25 00:11:30+00:00,,,,,,,,0.52,0.52,,79.0,4,False
2026-02-25 00:12:00+00:00,,,,,,,,0.5270358306188926,0.52,,307.0,6,False
2026-02-25 00:12:30+00:00,,,,,,,,0.529602053915276,0.53,,779.0,11,False
2026-02-25 00:13:00+00:00,,,,,,,,0.5285865724381625,0.53,,283.0,6,False
2026-02-25 00:13:30+00:00,,,,,,,,0.5282425307557118,0.53,,1138.0,5,False
2026-02-25 00:14:00+00:00,,,,,,,,0.5201610017889088,0.52,,1118.0,3,False
2026-02-25 00:14:30+00:00,,,,,,,,0.5251377633711507,0.53,,1234.0,4,False
2026-02-25 00:15:00+00:00,,,,,,,,0.5268944099378883,0.52,,322.0,6,False
2026-02-25 00:15:30+00:00,,,,,,,,0.5200000000000001,0.52,,70.0,2,False
2026-02-25 00:16:00+00:00,,,,,,,,0.5199999999999999,0.52,,74.0,3,False
2026-02-25 00:16:30+00:00,,,,,,,,0.5202766798418972,0.52,,759.0,8,False
2026-02-25 00:17:00+00:00,,,,,,,,0.5280952380952381,0.53,,630.0,5,False
2026-02-25 00:17:30+00:00,,,,,,,,0.5280516431924883,0.53,,1278.0,6,False
2026-02-25 00:18:00+00:00,,,,,,,,0.527859275053305,0.53,,2345.0,4,False
2026-02-25 00:18:30+00:00,,,,,,,,0.5235897435897436,0.52,,78.0,4,False
2026-02-25 00:19:00+00:00,,,,,,,,0.53,0.53,,36909.0,4,False
2026-02-25 00:19:30+00:00,,,,,,,,0.5297113997113998,0.52,,693.0,9,False
2026-02-25 00:20:00+00:00,,,,,,,,0.5220544835414302,0.52,,881.0,3,False
2026-02-25 00:20:30+00:00,,,,,,,,0.5263129496402877,0.53,,1112.0,5,False
2026-02-25 00:21:00+00:00,,,,,,,,0.525875486381323,0.52,,1285.0,8,False
2026-02-25 00:21:30+00:00,,,,,,,,0.5299999999999999,0.53,,168.0,7,False
2026-02-25 00:22:00+00:00,,,,,,,,0.5285964912280703,0.53,,171.0,7,False
2026-02-25 00:22:30+00:00,,,,,,,,0.53,0.53,,26.0,3,False
2026-02-25 00:23:00+00:00,,,,,,,,0.5280833333333333,0.53,,120.0,6,False
2026-02-25 00:23:30+00:00,,,,,,,,0.53,0.53,,272.0,2,False
2026-02-25 00:24:00+00:00,,,,,,,,0.5282203389830509,0.53,,236.0,6,False
2026-02-25 00:24:30+00:00,,,,,,,,0.526625,0.53,,80.0,5,False
2026-02-25 00:25:00+00:00,,,,,,,,0.5221404109589041,0.53,,584.0,10,False
2026-02-25 00:25:30+00:00,,,,,,,,0.5219224555735056,0.53,,619.0,5,False
2026-02-25 00:26:00+00:00,,,,,,,,0.5300000000000001,0.53,,297.0,5,False
2026-02-25 00:26:30+00:00,,,,,,,,0.5250187265917603,0.53,,534.0,6,False
2026-02-25 00:27:00+00:00,,,,,,,,0.5278670360110804,0.53,,361.0,10,False
2026-02-25 00:27:30+00:00,,,,,,,,0.53,0.53,,206.0,2,False
2026-02-25 00:28:00+00:00,,,,,,,,0.529980129160457,0.52,,2013.0,3,False
2026-02-25 00:28:30+00:00,,,,,,,,0.53,0.53,,45.0,1,False
2026-02-25 00:29:00+00:00,,,,,,,,0.528671096345515,0.53,,301.0,6,False
2026-02-25 00:29:30+00:00,,,,,,,,0.5274158946855193,0.52,,4102.0,7,False
2026-02-25 00:30:00+00:00,,,,,,,,0.5271014492753623,0.53,,483.0,9,False
2026-02-25 00:30:30+00:00,,,,,,,,0.5294533762057878,0.53,,311.0,5,False
2026-02-25 00:31:00+00:00,,,,,,,,0.5268987341772153,0.53,,316.0,10,False
2026-02-25 00:31:30+00:00,,,,,,,,0.5254110898661569,0.53,,523.0,9,False
2026-02-25 00:32:00+00:00,,,,,,,,0.5299999999999999,0.53,,109.0,4,False
2026-02-25 00:32:30+00:00,,,,,,,,0.5271698113207547,0.53,,53.0,4,False
2026-02-25 00:33:00+00:00,,,,,,,,0.5259785522788204,0.53,,373.0,6,False
2026-02-25 00:33:30+00:00,,,,,,,,0.5292049469964664,0.52,,1132.0,7,False
2026-02-25 00:34:00+00:00,,,,,,,,0.5294274809160305,0.53,,1048.0,6,False
2026-02-25 00:34:30+00:00,,,,,,,,0.53,0.53,,107.0,7,False
2026-02-25 00:35:00+00:00,,,,,,,,0.5248320413436692,0.53,,387.0,10,False
2026-02-25 00:35:30+00:00,,,,,,,,0.53,0.53,,99.0,3,False
2026-02-25 00:36:00+00:00,,,,,,,,0.5215843621399178,0.53,,486.0,8,False
2026-02-25 00:36:30+00:00,,,,,,,,0.5284256559766763,0.53,,343.0,7,False
2026-02-25 00:37:00+00:00,,,,,,,,0.5278326996197719,0.53,,263.0,10,False
2026-02-25 00:37:30+00:00,,,,,,,,0.5294855967078189,0.53,,972.0,6,False
2026-02-25 00:38:00+00:00,,,,,,,,0.5254966887417218,0.53,,453.0,6,False
2026-02-25 00:38:30+00:00,,,,,,,,0.526963906581741,0.52,,471.0,6,False
2026-02-25 00:39:00+00:00,,,,,,,,0.5287804878048781,0.52,,82.0,4,False
2026-02-25 00:39:30+00:00,,,,,,,,0.5228057553956835,0.53,,417.0,6,False
2026-02-25 00:40:00+00:00,,,,,,,,0.5271791255289139,0.53,,709.0,8,False
2026-02-25 00:40:30+00:00,,,,,,,,0.5283419689119171,0.53,,579.0,6,False
2026-02-25 00:41:00+00:00,,,,,,,,0.5296421845574388,0.53,,531.0,9,False
2026-02-25 00:41:30+00:00,,,,,,,,0.527801724137931,0.53,,232.0,6,False
2026-02-25 00:42:00+00:00,,,,,,,,0.5285714285714286,0.53,,140.0,6,False
2026-02-25 00:42:30+00:00,,,,,,,,0.5297041420118342,0.52,,676.0,9,False
2026-02-25 00:43:00+00:00,,,,,,,,0.5297041420118342,0.52,,0.0,0,False
2026-02-25 00:43:30+00:00,,,,,,,,0.5276897689768978,0.53,,909.0,12,False
2026-02-25 00:44:00+00:00,,,,,,,,0.53,0.53,,39.0,2,False
2026-02-25 00:44:30+00:00,,,,,,,,0.5293625582380347,0.53,,4722.0,11,False
2026-02-25 00:45:00+00:00,,,,,,,,0.525880092236741,0.52,,1301.0,12,False
2026-02-25 00:45:30+00:00,,,,,,,,0.5241975308641976,0.52,,324.0,10,False
2026-02-25 00:46:00+00:00,,,,,,,,0.5299821842152147,0.53,,5613.0,15,False
2026-02-25 00:46:30+00:00,,,,,,,,0.5209911894273128,0.52,,454.0,5,False
2026-02-25 00:47:00+00:00,,,,,,,,0.5200894173135502,0.53,,50885.0,10,False
2026-02-25 00:47:30+00:00,,,,,,,,0.53,0.53,,136.0,5,False
2026-02-25 00:48:00+00:00,,,,,,,,0.5297243491577335,0.53,,1306.0,8,False
2026-02-25 00:48:30+00:00,,,,,,,,0.5209229208924949,0.52,,986.0,7,False
2026-02-25 00:49:00+00:00,,,,,,,,0.5248717948717948,0.53,,195.0,4,False
2026-02-25 00:49:30+00:00,,,,,,,,0.528297213622291,0.53,,646.0,9,False
2026-02-25 00:50:00+00:00,,,,,,,,0.5285109717868338,0.52,,638.0,10,False
2026-02-25 00:50:30+00:00,,,,,,,,0.525046439628483,0.53,,646.0,8,False
2026-02-25 00:51:00+00:00,,,,,,,,0.536235294117647,0.54,,340.0,5,False
2026-02-25 00:51:30+00:00,,,,,,,,0.5346142788691902,0.54,,2087.0,10,False
2026-02-25 00:52:00+00:00,,,,,,,,0.5219776995305164,0.54,,3408.0,15,False
2026-02-25 00:52:30+00:00,,,,,,,,0.5228714524207011,0.54,,1198.0,8,False
2026-02-25 00:53:00+00:00,,,,,,,,0.5368844807467912,0.53,,857.0,16,False
2026-02-25 00:53:30+00:00,,,,,,,,0.5314308176100629,0.52,,636.0,9,False
2026-02-25 00:54:00+00:00,,,,,,,,0.54,0.54,,487.0,7,False
2026-02-25 00:54:30+00:00,,,,,,,,0.5227156417664054,0.53,,2423.0,9,False
2026-02-25 00:55:00+00:00,,,,,,,,0.5226093749999999,0.53,,640.0,11,False
2026-02-25 00:55:30+00:00,,,,,,,,0.5278378378378379,0.53,,2368.0,15,False
2026-02-25 00:56:00+00:00,,,,,,,,0.5298637362637363,0.53,,2275.0,10,False
2026-02-25 00:56:30+00:00,,,,,,,,0.5235126964933496,0.52,,1654.0,11,False
2026-02-25 00:57:00+00:00,,,,,,,,0.5264918414918415,0.53,,858.0,15,False
2026-02-25 00:57:30+00:00,,,,,,,,0.5248791208791209,0.52,,455.0,12,False
2026-02-25 00:58:00+00:00,,,,,,,,0.5284341085271318,0.53,,1290.0,8,False
2026-02-25 00:58:30+00:00,,,,,,,,0.5272291666666666,0.52,,5280.0,13,False
2026-02-25 00:59:00+00:00,,,,,,,,0.529561011904762,0.53,,1344.0,12,False
2026-02-25 00:59:30+00:00,,,,,,,,0.529262048192771,0.53,,664.0,13,False
2026-02-25 01:00:00+00:00,,,,,,,,0.5204751112230338,0.52,,11913.0,13,False
2026-02-25 01:00:30+00:00,,,,,,,,0.5291371855345912,0.53,,15264.0,23,False
2026-02-25 01:01:00+00:00,,,,,,,,0.5283715220949264,0.53,,1222.0,16,False
2026-02-25 01:01:30+00:00,,,,,,,,0.5258286830357143,0.53,,3584.0,13,False
2026-02-25 01:02:00+00:00,,,,,,,,0.5226936203728013,0.52,,3809.0,15,False
2026-02-25 01:02:30+00:00,,,,,,,,0.5297904500171763,0.53,,2911.0,20,False
2026-02-25 01:03:00+00:00,,,,,,,,0.5240470588235293,0.53,,850.0,13,False
2026-02-25 01:03:30+00:00,,,,,,,,0.5216890995260665,0.53,,5275.0,11,False
2026-02-25 01:04:00+00:00,,,,,,,,0.5266017964071856,0.52,,2004.0,17,False
2026-02-25 01:04:30+00:00,,,,,,,,0.5298196625945317,0.52,,1719.0,11,False
2026-02-25 01:05:00+00:00,,,,,,,,0.5212756708139709,0.53,,6671.0,19,False
2026-02-25 01:05:30+00:00,,,,,,,,0.5212909379968204,0.53,,3145.0,14,False
2026-02-25 01:06:00+00:00,,,,,,,,0.524932735426009,0.53,,4460.0,21,False
2026-02-25 01:06:30+00:00,,,,,,,,0.5230806257521059,0.53,,831.0,15,False
2026-02-25 01:07:00+00:00,,,,,,,,0.5214112458654906,0.52,,907.0,6,False
2026-02-25 01:07:30+00:00,,,,,,,,0.5226688815060908,0.52,,1806.0,17,False
2026-02-25 01:08:00+00:00,,,,,,,,0.5275117739403455,0.53,,6370.0,17,False
2026-02-25 01:08:30+00:00,,,,,,,,0.5223873570948216,0.53,,5948.0,14,False
2026-02-25 01:09:00+00:00,,,,,,,,0.5220830542531816,0.53,,1493.0,10,False
2026-02-25 01:09:30+00:00,,,,,,,,0.5185677912157861,0.51,,1571.0,15,False
2026-02-25 01:10:00+00:00,,,,,,,,0.5228705440900562,0.53,,1599.0,14,False
2026-02-25 01:10:30+00:00,,,,,,,,0.5271545623836128,0.52,,2685.0,17,False
2026-02-25 01:11:00+00:00,18.0,1.0,11:42,0.0,2.0,-2.0,0.489,0.5093470790378006,0.51,0.02034707903780064,873.0,25,False
2026-02-25 01:11:30+00:00,59.0,1.0,11:01,0.0,2.0,-2.0,0.46499999999999997,0.5031363184079602,0.51,0.03813631840796028,5025.0,32,False
2026-02-25 01:12:00+00:00,75.0,1.0,10:45,0.0,2.0,-2.0,0.46499999999999997,0.5024269216889209,0.5,0.03742692168892092,5542.0,36,False
2026-02-25 01:12:30+00:00,110.0,1.0,10:10,0.0,4.0,-4.0,0.41100000000000003,0.4923702410059378,0.45999999999999996,0.08137024100593776,14315.0,57,False
2026-02-25 01:13:00+00:00,129.0,1.0,9:51,0.0,4.0,-4.0,0.41800000000000004,0.4858273792512146,0.5,0.06782737925121457,10497.0,55,False
2026-02-25 01:13:30+00:00,131.0,1.0,9:49,3.0,4.0,-1.0,0.485,0.4884365781710914,0.5,0.0034365781710913867,5763.0,35,False
2026-02-25 01:14:00+00:00,151.0,1.0,9:29,3.0,7.0,-4.0,0.43899999999999995,0.48280766054098695,0.46,0.043807660540987,19372.0,51,False
2026-02-25 01:14:30+00:00,169.0,1.0,9:11,3.0,7.0,-4.0,0.41200000000000003,0.4596877615938389,0.45,0.04768776159383886,11946.0,58,False
2026-02-25 01:15:00+00:00,188.0,1.0,8:52,3.0,7.0,-4.0,0.41100000000000003,0.4418900979325353,0.45,0.030890097932535276,9190.0,51,False
2026-02-25 01:15:30+00:00,202.0,1.0,8:38,3.0,8.0,-5.0,0.385,0.44700028406400905,0.45,0.06200028406400904,10561.0,54,False
2026-02-25 01:16:00+00:00,204.0,1.0,8:36,3.0,8.0,-5.0,0.41200000000000003,0.44820532465045,0.45,0.036205324650449955,5221.0,43,False
2026-02-25 01:16:30+00:00,214.0,1.0,8:26,5.0,8.0,-3.0,0.43600000000000005,0.4549660912453761,0.44999999999999996,0.01896609124537607,6488.0,47,False
2026-02-25 01:17:00+00:00,235.0,1.0,8:05,5.0,8.0,-3.0,0.46099999999999997,0.4586072289156626,0.46,-0.002392771084337386,4150.0,33,False
2026-02-25 01:17:30+00:00,246.0,1.0,7:54,8.0,8.0,0.0,0.516,0.49609220929199604,0.51,-0.01990779070800397,22514.0,85,False
2026-02-25 01:18:00+00:00,273.0,1.0,7:27,8.0,10.0,-2.0,0.46199999999999997,0.489947995461422,0.49,0.027947995461422015,10576.0,45,True
2026-02-25 01:18:30+00:00,281.0,1.0,7:19,8.0,10.0,-2.0,0.46199999999999997,0.4827388764693157,0.44,0.020738876469315715,13867.0,50,True
2026-02-25 01:19:00+00:00,304.0,1.0,6:56,8.0,14.0,-6.0,0.383,0.4378881179531657,0.44,0.05488811795316567,4612.0,45,True
2026-02-25 01:19:30+00:00,304.0,1.0,6:56,8.0,14.0,-6.0,0.383,0.4394579439252337,0.45,0.05645794392523368,3210.0,37,True
2026-02-25 01:20:00+00:00,304.0,1.0,6:56,8.0,14.0,-6.0,0.383,0.4309019302345712,0.42000000000000004,0.04790193023457118,11553.0,46,False
2026-02-25 01:20:30+00:00,304.0,1.0,6:56,8.0,14.0,-6.0,0.383,0.4180634793089595,0.42,0.03506347930895948,2489.0,37,False
2026-02-25 01:21:00+00:00,304.0,1.0,6:56,8.0,14.0,-6.0,0.383,0.4167566581539583,0.41,0.033756658153958286,2741.0,39,False
2026-02-25 01:21:30+00:00,304.0,1.0,6:56,8.0,14.0,-6.0,0.383,0.4056689951638903,0.4,0.022668995163890315,1861.0,36,False
2026-02-25 01:22:00+00:00,304.0,1.0,6:56,8.0,14.0,-6.0,0.383,0.4077084769124742,0.41,0.024708476912474187,2902.0,28,False
2026-02-25 01:22:30+00:00,329.0,1.0,6:31,8.0,14.0,-6.0,0.382,0.3996736913664174,0.4,0.017673691366417388,1471.0,20,False
2026-02-25 01:23:00+00:00,336.0,1.0,6:24,8.0,14.0,-6.0,0.361,0.37669734420194584,0.37,0.01569734420194585,3803.0,39,False
2026-02-25 01:23:30+00:00,360.0,1.0,6:00,11.0,16.0,-5.0,0.38,0.37933260751224823,0.39,-0.0006673924877517723,9185.0,58,False
2026-02-25 01:24:00+00:00,390.0,1.0,5:30,11.0,16.0,-5.0,0.378,0.38013188518231195,0.4,0.0021318851823119433,3867.0,36,False
2026-02-25 01:24:30+00:00,408.0,1.0,5:12,11.0,18.0,-7.0,0.352,0.42166290965840125,0.43,0.06966290965840127,5767.0,33,False
2026-02-25 01:25:00+00:00,419.0,1.0,5:01,11.0,18.0,-7.0,0.354,0.4208244422890398,0.41,0.06682444228903983,7217.0,59,False
2026-02-25 01:25:30+00:00,434.0,1.0,4:46,11.0,18.0,-7.0,0.32599999999999996,0.40471655328798184,0.41,0.07871655328798188,2646.0,27,False
2026-02-25 01:26:00+00:00,456.0,1.0,4:24,11.0,18.0,-7.0,0.345,0.38216564768819256,0.34,0.03716564768819258,10468.0,33,False
2026-02-25 01:26:30+00:00,480.0,1.0,4:00,11.0,23.0,-12.0,0.235,0.31197939132518576,0.28,0.07697939132518578,12519.0,56,False
2026-02-25 01:27:00+00:00,504.0,1.0,3:36,11.0,23.0,-12.0,0.22799999999999998,0.26970970639686065,0.28,0.04170970639686067,21151.0,81,False
2026-02-25 01:27:30+00:00,531.0,1.0,3:09,11.0,23.0,-12.0,0.21399999999999997,0.284173841254865,0.27,0.07017384125486503,8479.0,63,False
2026-02-25 01:28:00+00:00,555.0,1.0,2:45,11.0,25.0,-14.0,0.18700000000000006,0.25951240185581725,0.25,0.0725124018558172,22416.0,100,True
2026-02-25 01:28:30+00:00,576.0,1.0,2:24,11.0,25.0,-14.0,0.18600000000000005,0.2541151328970215,0.26,0.06811513289702142,7487.0,48,True
2026-02-25 01:29:00+00:00,576.0,1.0,2:24,11.0,25.0,-14.0,0.18600000000000005,0.25073355388726304,0.27,0.06473355388726298,15718.0,45,True
2026-02-25 01:29:30+00:00,576.0,1.0,2:24,11.0,25.0,-14.0,0.18600000000000005,0.26767025779145825,0.27,0.0816702577914582,10396.0,47,True
2026-02-25 01:30:00+00:00,576.0,1.0,2:24,11.0,25.0,-14.0,0.18600000000000005,0.2646024799416485,0.25,0.07860247994164843,1371.0,30,False
2026-02-25 01:30:30+00:00,576.0,1.0,2:24,11.0,25.0,-14.0,0.18600000000000005,0.2665666973321067,0.26,0.08056669733210664,5435.0,41,False
2026-02-25 01:31:00+00:00,576.0,1.0,2:24,11.0,25.0,-14.0,0.18600000000000005,0.2604355662361069,0.26,0.07443556623610686,13316.0,58,False
2026-02-25 01:31:30+00:00,576.0,1.0,2:24,11.0,25.0,-14.0,0.18600000000000005,0.2633949843260189,0.25,0.07739498432601882,9570.0,54,False
2026-02-25 01:32:00+00:00,601.0,1.0,1:59,11.0,25.0,-14.0,0.18400000000000005,0.2675800098473658,0.27,0.08358000984736574,8124.0,39,True
2026-02-25 01:32:30+00:00,629.0,1.0,1:31,15.0,25.0,-10.0,0.243,0.298405261441461,0.33,0.05540526144146102,9199.0,46,True
2026-02-25 01:33:00+00:00,645.0,1.0,1:15,17.0,25.0,-8.0,0.29200000000000004,0.3296278369366463,0.34,0.037627836936646286,18594.0,55,True
2026-02-25 01:33:30+00:00,645.0,1.0,1:15,17.0,25.0,-8.0,0.29200000000000004,0.33818523153942426,0.34,0.04618523153942422,6392.0,33,True
2026-02-25 01:34:00+00:00,645.0,1.0,1:15,17.0,25.0,-8.0,0.29200000000000004,0.3397607095046855,0.33999999999999997,0.04776070950468547,5976.0,39,False
2026-02-25 01:34:30+00:00,645.0,1.0,1:15,17.0,25.0,-8.0,0.29200000000000004,0.3452191347832241,0.34,0.05321913478322404,21197.0,41,False
2026-02-25 01:35:00+00:00,660.5,1.0,59.5,17.0,28.0,-11.0,0.244,0.3262073197946886,0.31,0.0822073197946886,8962.0,36,False
2026-02-25 01:35:30+00:00,673.6,1.0,46.4,17.0,28.0,-11.0,0.243,0.31452492211838007,0.3,0.07152492211838007,5136.0,34,False
2026-02-25 01:36:00+00:00,683.5,1.0,36.5,17.0,31.0,-14.0,0.18000000000000005,0.2632084432717678,0.26,0.08320844327176774,7580.0,40,False
2026-02-25 01:36:30+00:00,696.0,1.0,24.0,19.0,31.0,-12.0,0.19799999999999995,0.26922431865828095,0.28,0.071224318658281,3816.0,38,False
2026-02-25 01:37:00+00:00,720.0,1.0,0.0,19.0,31.0,-12.0,0.20899999999999996,0.2770008285004143,0.27,0.06800082850041433,3621.0,38,False
2026-02-25 01:37:30+00:00,720.0,1.0,0.0,19.0,31.0,-12.0,0.20899999999999996,0.27716576637407153,0.27,0.06816576637407157,5924.0,40,False
2026-02-25 01:38:00+00:00,720.0,1.0,0.0,19.0,31.0,-12.0,0.20899999999999996,0.26954254919162807,0.26,0.0605425491916281,7979.0,45,False
2026-02-25 01:38:30+00:00,720.0,1.0,0.0,19.0,31.0,-12.0,0.20899999999999996,0.2689703107933671,0.27,0.05997031079336712,10071.0,48,False
2026-02-25 01:39:00+00:00,720.0,2.0,12:00,19.0,31.0,-12.0,0.20899999999999996,0.2672765486725664,0.27,0.05827654867256643,4520.0,40,False
2026-02-25 01:39:30+00:00,720.0,2.0,12:00,19.0,31.0,-12.0,0.20899999999999996,0.277086031452359,0.26,0.06808603145235903,3243.0,41,False
2026-02-25 01:40:00+00:00,738.0,2.0,11:42,19.0,31.0,-12.0,0.21499999999999997,0.272941746006132,0.27,0.057941746006132056,6197.0,47,False
2026-02-25 01:40:30+00:00,755.0,2.0,11:25,22.0,31.0,-9.0,0.26,0.28488178314758883,0.32,0.02488178314758882,19202.0,47,False
2026-02-25 01:41:00+00:00,791.0,2.0,10:49,22.0,31.0,-9.0,0.258,0.32058637212702024,0.28,0.06258637212702023,12313.0,72,False
2026-02-25 01:41:30+00:00,819.0,2.0,10:21,22.0,33.0,-11.0,0.21099999999999997,0.26407801803759645,0.23,0.053078018037596486,9203.0,59,False
2026-02-25 01:42:00+00:00,848.0,2.0,9:52,24.0,36.0,-12.0,0.18700000000000006,0.23660809061488675,0.26,0.04960809061488669,30900.0,66,False
2026-02-25 01:42:30+00:00,868.0,2.0,9:32,24.0,36.0,-12.0,0.18600000000000005,0.24251553588150165,0.24,0.0565155358815016,11747.0,42,False
2026-02-25 01:43:00+00:00,880.0,2.0,9:20,24.0,38.0,-14.0,0.16500000000000004,0.22147786946736686,0.20999999999999996,0.056477869467366826,9331.0,65,False
2026-02-25 01:43:30+00:00,910.0,2.0,8:50,24.0,38.0,-14.0,0.16300000000000003,0.20468508287292814,0.21,0.0416850828729281,7240.0,39,False
2026-02-25 01:44:00+00:00,932.0,2.0,8:28,24.0,38.0,-14.0,0.16200000000000003,0.22238856181665267,0.23,0.06038856181665264,4756.0,32,False
2026-02-25 01:44:30+00:00,954.0,2.0,8:06,24.0,38.0,-14.0,0.19299999999999995,0.24348511383537652,0.25,0.05048511383537657,5139.0,41,False
2026-02-25 01:45:00+00:00,954.0,2.0,8:06,25.0,38.0,-13.0,0.19699999999999995,0.23366430942415928,0.22999999999999998,0.036664309424159325,6929.0,30,False
2026-02-25 01:45:30+00:00,960.0,2.0,8:00,26.0,38.0,-12.0,0.18200000000000005,0.2367053114046913,0.23,0.05470531140469126,3709.0,15,False
2026-02-25 01:46:00+00:00,976.0,2.0,7:44,26.0,38.0,-12.0,0.18000000000000005,0.23324470899470898,0.22999999999999998,0.05324470899470893,7560.0,21,True
2026-02-25 01:46:30+00:00,978.0,2.0,7:42,26.0,38.0,-12.0,0.20099999999999996,0.24059051485513935,0.25,0.0395905148551394,5419.0,32,True
2026-02-25 01:47:00+00:00,978.0,2.0,7:42,26.0,38.0,-12.0,0.20099999999999996,0.24594074074074074,0.25,0.04494074074074078,2025.0,21,True
2026-02-25 01:47:30+00:00,978.0,2.0,7:42,26.0,38.0,-12.0,0.20099999999999996,0.2398297342192691,0.24,0.038829734219269135,2408.0,32,True
2026-02-25 01:48:00+00:00,978.0,2.0,7:42,26.0,38.0,-12.0,0.20099999999999996,0.24006807866868377,0.22999999999999998,0.03906807866868381,1322.0,25,False
2026-02-25 01:48:30+00:00,978.0,2.0,7:42,26.0,38.0,-12.0,0.20099999999999996,0.24803703703703706,0.24,0.0470370370370371,1890.0,22,False
2026-02-25 01:49:00+00:00,978.0,2.0,7:42,26.0,38.0,-12.0,0.20099999999999996,0.2492797960484385,0.25,0.048279796048438545,1569.0,23,False
2026-02-25 01:49:30+00:00,978.0,2.0,7:42,26.0,38.0,-12.0,0.20099999999999996,0.2567026941111023,0.24,0.05570269411110235,12583.0,31,False
2026-02-25 01:50:00+00:00,1005.0,2.0,7:15,26.0,38.0,-12.0,0.15000000000000002,0.24387639119109641,0.24,0.09387639119109639,4223.0,36,False
2026-02-25 01:50:30+00:00,1005.0,2.0,7:15,26.0,39.0,-13.0,0.14400000000000002,0.2378897786151672,0.25,0.09388977861516717,2123.0,25,False
2026-02-25 01:51:00+00:00,1018.0,2.0,7:02,29.0,40.0,-11.0,0.19699999999999995,0.24243838489774516,0.24,0.04543838489774521,7628.0,40,False
2026-02-25 01:51:30+00:00,1033.0,2.0,6:47,29.0,40.0,-11.0,0.19899999999999995,0.2498299535276722,0.25,0.05082995352767225,9468.0,43,False
2026-02-25 01:52:00+00:00,1035.0,2.0,6:45,29.0,40.0,-11.0,0.22099999999999997,0.2744361390965226,0.28,0.05343613909652262,3077.0,37,False
2026-02-25 01:52:30+00:00,1060.0,2.0,6:20,29.0,40.0,-11.0,0.238,0.27432734765969974,0.27,0.03632734765969975,3397.0,33,False
2026-02-25 01:53:00+00:00,1060.0,2.0,6:20,29.0,40.0,-11.0,0.20699999999999996,0.2791009523809524,0.28,0.07210095238095243,2625.0,44,False
2026-02-25 01:53:30+00:00,1060.0,2.0,6:20,29.0,40.0,-11.0,0.20699999999999996,0.29715674362089917,0.3,0.0901567436208992,3292.0,44,False
2026-02-25 01:54:00+00:00,1060.0,2.0,6:20,29.0,40.0,-11.0,0.20699999999999996,0.29807318022576873,0.3,0.09107318022576877,2569.0,34,False
2026-02-25 01:54:30+00:00,1063.0,2.0,6:17,30.0,40.0,-10.0,0.21699999999999997,0.2875963345864661,0.26,0.07059633458646614,8512.0,52,False
2026-02-25 01:55:00+00:00,1082.0,2.0,5:58,30.0,40.0,-10.0,0.242,0.26637483787289234,0.26,0.024374837872892352,1542.0,39,False
2026-02-25 01:55:30+00:00,1104.0,2.0,5:36,30.0,40.0,-10.0,0.21399999999999997,0.26903943377148637,0.29,0.0550394337714864,5934.0,50,False
2026-02-25 01:56:00+00:00,1137.0,2.0,5:03,30.0,40.0,-10.0,0.21199999999999997,0.2620825321697974,0.25,0.05008253216979741,6761.0,62,False
2026-02-25 01:56:30+00:00,1137.0,2.0,5:03,30.0,40.0,-10.0,0.18000000000000005,0.2533778047301395,0.24,0.07337780473013944,3298.0,29,False
2026-02-25 01:57:00+00:00,1146.0,2.0,4:54,30.0,40.0,-10.0,0.17900000000000005,0.2379548387096774,0.24,0.058954838709677354,1550.0,28,False
2026-02-25 01:57:30+00:00,1146.0,2.0,4:54,30.0,41.0,-11.0,0.17400000000000004,0.24923065386922613,0.22999999999999998,0.07523065386922609,20004.0,79,False
2026-02-25 01:58:00+00:00,1173.0,2.0,4:27,30.0,41.0,-11.0,0.20499999999999996,0.2445120156939676,0.25,0.039512015693967645,4078.0,28,False
2026-02-25 01:58:30+00:00,1207.0,2.0,3:53,32.0,44.0,-12.0,0.18500000000000005,0.25940746887966804,0.21999999999999997,0.07440746887966798,6025.0,37,True
2026-02-25 01:59:00+00:00,1229.0,2.0,3:31,32.0,44.0,-12.0,0.16100000000000003,0.219308526223264,0.22999999999999998,0.05830852622326396,6826.0,57,True
2026-02-25 01:59:30+00:00,1252.0,2.0,3:08,34.0,44.0,-10.0,0.20299999999999996,0.23814063848144948,0.24,0.03514063848144952,2318.0,28,True
2026-02-25 02:00:00+00:00,1252.0,2.0,3:08,34.0,44.0,-10.0,0.20299999999999996,0.2321444074663579,0.24,0.029144407466357936,6911.0,30,True
2026-02-25 02:00:30+00:00,1252.0,2.0,3:08,34.0,44.0,-10.0,0.20299999999999996,0.23649401568303755,0.23,0.03349401568303759,4846.0,29,False
2026-02-25 02:01:00+00:00,1252.0,2.0,3:08,34.0,44.0,-10.0,0.20299999999999996,0.22202771084337347,0.24,0.019027710843373513,8300.0,31,False
2026-02-25 02:01:30+00:00,1252.0,2.0,3:08,34.0,44.0,-10.0,0.20299999999999996,0.23843833333333328,0.24,0.03543833333333332,6000.0,28,False
2026-02-25 02:02:00+00:00,1252.0,2.0,3:08,34.0,44.0,-10.0,0.20299999999999996,0.23048285514345693,0.24,0.02748285514345697,5716.0,45,False
2026-02-25 02:02:30+00:00,1252.0,2.0,3:08,34.0,44.0,-10.0,0.20299999999999996,0.23470777594963874,0.28,0.03170777594963878,13979.0,45,False
2026-02-25 02:03:00+00:00,1278.0,2.0,2:42,34.0,44.0,-10.0,0.22599999999999998,0.30468682301968547,0.32999999999999996,0.07868682301968549,10617.0,64,False
2026-02-25 02:03:30+00:00,1278.0,2.0,2:42,34.0,44.0,-10.0,0.20699999999999996,0.3140866873065015,0.31,0.10708668730650156,1615.0,23,False
2026-02-25 02:04:00+00:00,1278.0,2.0,2:42,34.0,44.0,-10.0,0.20199999999999996,0.31221861471861473,0.33,0.11021861471861477,2772.0,27,False
2026-02-25 02:04:30+00:00,1278.0,2.0,2:42,34.0,44.0,-10.0,0.20199999999999996,0.30633099824868654,0.31,0.10433099824868658,1142.0,22,False
2026-02-25 02:05:00+00:00,1278.0,2.0,2:42,34.0,44.0,-10.0,0.20699999999999996,0.3076447321107515,0.31,0.10064473211075153,5562.0,29,False
2026-02-25 02:05:30+00:00,1278.0,2.0,2:42,34.0,44.0,-10.0,0.20699999999999996,0.28631660323501423,0.25,0.07931660323501427,8408.0,38,False
2026-02-25 02:06:00+00:00,1304.0,2.0,2:16,34.0,46.0,-12.0,0.17500000000000004,0.24903875968992248,0.26,0.07403875968992243,6450.0,39,False
2026-02-25 02:06:30+00:00,1336.0,2.0,1:44,37.0,46.0,-9.0,0.247,0.2897920179876335,0.32,0.04279201798763349,1779.0,36,False
2026-02-25 02:07:00+00:00,1356.0,2.0,1:24,37.0,46.0,-9.0,0.245,0.32811270600744286,0.31999999999999995,0.08311270600744286,18810.0,46,False
2026-02-25 02:07:30+00:00,1364.0,2.0,1:16,37.0,46.0,-9.0,0.28900000000000003,0.3454577316697043,0.33,0.05645773166970425,14266.0,45,False
2026-02-25 02:08:00+00:00,1369.0,2.0,1:11,37.0,46.0,-9.0,0.21999999999999997,0.3162684239257584,0.29,0.0962684239257584,12823.0,44,False
2026-02-25 02:08:30+00:00,1381.5,2.0,58.5,37.0,46.0,-9.0,0.243,0.2771073152617899,0.28,0.034107315261789894,2693.0,31,False
2026-02-25 02:09:00+00:00,1404.6,2.0,35.4,37.0,46.0,-9.0,0.241,0.2830321697467488,0.30000000000000004,0.04203216974674878,2922.0,34,False
2026-02-25 02:09:30+00:00,1421.1,2.0,18.9,39.0,46.0,-7.0,0.268,0.3305756084222039,0.31999999999999995,0.06257560842220389,7314.0,60,False
2026-02-25 02:10:00+00:00,1438.3,2.0,1.7,39.0,46.0,-7.0,0.28800000000000003,0.3138730195443507,0.32,0.025873019544350673,8647.0,61,False
2026-02-25 02:10:30+00:00,1439.9,2.0,0.1,39.0,46.0,-7.0,0.30200000000000005,0.32104142692750287,0.32,0.019041426927502825,8690.0,54,False
2026-02-25 02:11:00+00:00,1440.0,2.0,0.0,39.0,46.0,-7.0,0.28600000000000003,0.31767148856742883,0.32,0.031671488567428796,4286.0,41,False
2026-02-25 02:11:30+00:00,1440.0,2.0,0.0,39.0,46.0,-7.0,0.28600000000000003,0.31504600297504276,0.31,0.02904600297504273,18151.0,63,False
2026-02-25 02:12:00+00:00,1440.0,2.0,0.0,39.0,46.0,-7.0,0.28600000000000003,0.303792554250448,0.30000000000000004,0.017792554250447956,30138.0,43,False
2026-02-25 02:12:30+00:00,1440.0,2.0,0.0,39.0,46.0,-7.0,0.28600000000000003,0.30236283185840707,0.32,0.016362831858407034,15820.0,28,False
2026-02-25 02:13:00+00:00,1440.0,2.0,0.0,39.0,46.0,-7.0,0.28600000000000003,0.3183708609271523,0.30000000000000004,0.032370860927152245,2265.0,26,False
2026-02-25 02:13:30+00:00,1440.0,2.0,0.0,39.0,46.0,-7.0,0.28600000000000003,0.3163968038594905,0.32,0.03039680385949045,6633.0,35,False
2026-02-25 02:14:00+00:00,1440.0,2.0,0.0,39.0,46.0,-7.0,0.28600000000000003,0.3156053975200583,0.32,0.029605397520058252,2742.0,42,False
2026-02-25 02:14:30+00:00,1440.0,2.0,0.0,39.0,46.0,-7.0,0.28600000000000003,0.3198458557209548,0.32,0.033845855720954776,11353.0,47,False
2026-02-25 02:15:00+00:00,1440.0,2.0,0.0,39.0,46.0,-7.0,0.28600000000000003,0.31973488602576816,0.32,0.03373488602576813,4036.0,31,False
2026-02-25 02:15:30+00:00,1440.0,2.0,0.0,39.0,46.0,-7.0,0.28600000000000003,0.31819142324425115,0.32,0.032191423244251116,3218.0,38,False
2026-02-25 02:16:00+00:00,1440.0,2.0,0.0,39.0,46.0,-7.0,0.28600000000000003,0.3095933511427723,0.31,0.02359335114277228,3369.0,28,False
2026-02-25 02:16:30+00:00,1440.0,2.0,0.0,39.0,46.0,-7.0,0.28600000000000003,0.3075081645983017,0.30000000000000004,0.021508164598301682,3062.0,33,False
2026-02-25 02:17:00+00:00,1440.0,2.0,0.0,39.0,46.0,-7.0,0.28600000000000003,0.3134888726073816,0.32,0.027488872607381587,21838.0,58,False
2026-02-25 02:17:30+00:00,1440.0,2.0,0.0,39.0,46.0,-7.0,0.28600000000000003,0.3197579209683161,0.32,0.03375792096831609,44944.0,48,False
2026-02-25 02:18:00+00:00,1440.0,2.0,0.0,39.0,46.0,-7.0,0.28600000000000003,0.31878794418069334,0.32,0.03278794418069331,13902.0,36,False
2026-02-25 02:18:30+00:00,1440.0,2.0,0.0,39.0,46.0,-7.0,0.28600000000000003,0.3199025446670276,0.31999999999999995,0.03390254466702758,5541.0,32,False
2026-02-25 02:19:00+00:00,1440.0,2.0,0.0,39.0,46.0,-7.0,0.28600000000000003,0.3191646798365123,0.32,0.03316467983651228,11744.0,37,False
2026-02-25 02:19:30+00:00,1440.0,2.0,0.0,39.0,46.0,-7.0,0.28600000000000003,0.31974841863139736,0.32,0.033748418631397326,6956.0,33,False
2026-02-25 02:20:00+00:00,1440.0,2.0,0.0,39.0,46.0,-7.0,0.28600000000000003,0.30653083434099154,0.32,0.02053083434099151,8270.0,31,False
2026-02-25 02:20:30+00:00,1440.0,2.0,0.0,39.0,46.0,-7.0,0.28600000000000003,0.30937058989556876,0.30000000000000004,0.023370589895568727,7086.0,33,False
2026-02-25 02:21:00+00:00,1440.0,2.0,0.0,39.0,46.0,-7.0,0.28600000000000003,0.30840985442329233,0.32,0.022409854423292297,3572.0,29,False
2026-02-25 02:21:30+00:00,1440.0,2.0,0.0,39.0,46.0,-7.0,0.28600000000000003,0.3185457584621814,0.31999999999999995,0.032545758462181384,2393.0,19,False
2026-02-25 02:22:00+00:00,1440.0,2.0,0.0,39.0,46.0,-7.0,0.28600000000000003,0.3112660256410257,0.31,0.025266025641025647,5616.0,45,False
2026-02-25 02:22:30+00:00,1440.0,2.0,0.0,39.0,46.0,-7.0,0.28600000000000003,0.3159858532272325,0.32,0.029985853227232462,3393.0,31,False
2026-02-25 02:23:00+00:00,1440.0,2.0,0.0,39.0,46.0,-7.0,0.28600000000000003,0.3141157452311672,0.31000000000000005,0.028115745231167166,3093.0,35,False
2026-02-25 02:23:30+00:00,1440.0,2.0,0.0,39.0,46.0,-7.0,0.28600000000000003,0.3195997712978845,0.32,0.033599771297884495,3498.0,52,False
2026-02-25 02:24:00+00:00,1440.0,2.0,0.0,39.0,46.0,-7.0,0.28600000000000003,0.31897534013605444,0.32,0.03297534013605441,2352.0,26,False
2026-02-25 02:24:30+00:00,1440.0,2.0,0.0,39.0,46.0,-7.0,0.28600000000000003,0.31903323836657166,0.31000000000000005,0.03303323836657163,5265.0,47,False
2026-02-25 02:25:00+00:00,1440.0,3.0,12:00,39.0,46.0,-7.0,0.28600000000000003,0.31669411764705885,0.31,0.030694117647058816,2550.0,33,False
2026-02-25 02:25:30+00:00,1452.0,3.0,11:48,39.0,46.0,-7.0,0.261,0.30148429672114146,0.31000000000000005,0.040484296721141455,28943.0,86,False
2026-02-25 02:26:00+00:00,1472.0,3.0,11:28,39.0,46.0,-7.0,0.29300000000000004,0.31246114413480947,0.31,0.019461144134809427,18337.0,62,False
2026-02-25 02:26:30+00:00,1488.0,3.0,11:12,39.0,46.0,-7.0,0.258,0.30023665088994067,0.3,0.04223665088994066,15001.0,94,False
2026-02-25 02:27:00+00:00,1517.0,3.0,10:43,41.0,48.0,-7.0,0.238,0.29521713441654357,0.29,0.05721713441654358,3385.0,63,False
2026-02-25 02:27:30+00:00,1517.0,3.0,10:43,41.0,48.0,-7.0,0.238,0.3042278719397364,0.29000000000000004,0.0662278719397364,7434.0,88,False
2026-02-25 02:28:00+00:00,1538.0,3.0,10:22,44.0,49.0,-5.0,0.32199999999999995,0.3139851063829787,0.33,-0.008014893617021235,9400.0,88,False
2026-02-25 02:28:30+00:00,1559.0,3.0,10:01,44.0,51.0,-7.0,0.28700000000000003,0.3272301660516605,0.32999999999999996,0.040230166051660465,8672.0,87,False
2026-02-25 02:29:00+00:00,1573.0,3.0,9:47,44.0,51.0,-7.0,0.33799999999999997,0.3388616277535945,0.34,0.0008616277535945516,15162.0,76,False
2026-02-25 02:29:30+00:00,1586.0,3.0,9:34,46.0,51.0,-5.0,0.353,0.33856479481641466,0.37,-0.01443520518358532,9260.0,79,False
2026-02-25 02:30:00+00:00,1609.0,3.0,9:11,48.0,51.0,-3.0,0.387,0.3654615413633106,0.32999999999999996,-0.021538458636689406,26509.0,122,False
2026-02-25 02:30:30+00:00,1621.0,3.0,8:59,48.0,54.0,-6.0,0.31699999999999995,0.3493697346488264,0.32999999999999996,0.032369734648826476,22197.0,103,False
2026-02-25 02:31:00+00:00,1635.0,3.0,8:45,49.0,54.0,-5.0,0.377,0.3539395282247067,0.36,-0.0230604717752933,29336.0,95,False
2026-02-25 02:31:30+00:00,1652.0,3.0,8:28,50.0,55.0,-5.0,0.31599999999999995,0.3387543137036625,0.31999999999999995,0.022754313703662543,8983.0,75,False
2026-02-25 02:32:00+00:00,1652.0,3.0,8:28,50.0,54.0,-4.0,0.28,0.325319300466883,0.34,0.045319300466882984,12637.0,82,False
2026-02-25 02:32:30+00:00,1666.0,3.0,8:14,52.0,55.0,-3.0,0.384,0.34464549191868005,0.33,-0.03935450808131996,17757.0,101,False
2026-02-25 02:33:00+00:00,1695.0,3.0,7:45,52.0,57.0,-5.0,0.347,0.35821653084982547,0.38,0.01121653084982549,12885.0,97,False
2026-02-25 02:33:30+00:00,1724.0,3.0,7:16,54.0,57.0,-3.0,0.41100000000000003,0.3983913183538697,0.39,-0.012608681646130326,24834.0,141,True
2026-02-25 02:34:00+00:00,1737.0,3.0,7:03,54.0,57.0,-3.0,0.379,0.3726575824572485,0.37,-0.0063424175427514995,22163.0,116,True
2026-02-25 02:34:30+00:00,1737.0,3.0,7:03,54.0,57.0,-3.0,0.379,0.3793180186647524,0.38,0.00031801866475239526,6965.0,91,True
2026-02-25 02:35:00+00:00,1737.0,3.0,7:03,54.0,57.0,-3.0,0.379,0.3792724928630629,0.38,0.000272492863062912,10859.0,95,True
2026-02-25 02:35:30+00:00,1737.0,3.0,7:03,54.0,57.0,-3.0,0.379,0.3793254285187689,0.39,0.0003254285187688777,16277.0,80,False
2026-02-25 02:36:00+00:00,1737.0,3.0,7:03,54.0,57.0,-3.0,0.379,0.3877200515242593,0.39,0.008720051524259309,9316.0,57,False
2026-02-25 02:36:30+00:00,1737.0,3.0,7:03,54.0,57.0,-3.0,0.379,0.3800063156232731,0.38,0.0010063156232730797,12667.0,68,False
2026-02-25 02:37:00+00:00,1737.0,3.0,7:03,54.0,57.0,-3.0,0.379,0.3828304574956467,0.41,0.0038304574956466997,6317.0,70,False
2026-02-25 02:37:30+00:00,1749.0,3.0,6:51,54.0,57.0,-3.0,0.42000000000000004,0.4456450585330891,0.47,0.02564505853308907,25114.0,112,False
2026-02-25 02:38:00+00:00,1770.0,3.0,6:30,57.0,57.0,0.0,0.5389999999999999,0.503879172443212,0.52,-0.035120827556787915,18754.0,135,False
2026-02-25 02:38:30+00:00,1778.0,3.0,6:22,57.0,57.0,0.0,0.598,0.5379049844236762,0.55,-0.060095015576323796,23112.0,140,False
2026-02-25 02:39:00+00:00,1781.0,3.0,6:19,59.0,57.0,2.0,0.5780000000000001,0.5466329576834092,0.53,-0.03136704231659082,26798.0,135,False
2026-02-25 02:39:30+00:00,1778.0,3.0,6:22,59.0,57.0,2.0,0.646,0.528287286033547,0.53,-0.117712713966453,40719.0,148,False
2026-02-25 02:40:00+00:00,1812.0,3.0,5:48,61.0,59.0,2.0,0.579,0.5392730324746595,0.55,-0.03972696752534044,15489.0,83,False
2026-02-25 02:40:30+00:00,1818.0,3.0,5:42,61.0,59.0,2.0,0.618,0.5405497226969899,0.55,-0.07745027730301013,28669.0,121,True
2026-02-25 02:41:00+00:00,1857.0,3.0,5:03,61.0,59.0,2.0,0.5800000000000001,0.5563800456640676,0.57,-0.023619954335932447,23213.0,111,True
2026-02-25 02:41:30+00:00,1875.0,3.0,4:45,63.0,59.0,4.0,0.659,0.5958084507042253,0.6,-0.06319154929577475,14200.0,97,True
2026-02-25 02:42:00+00:00,1875.0,3.0,4:45,63.0,59.0,4.0,0.659,0.6023439273552782,0.61,-0.05665607264472183,15858.0,97,True
2026-02-25 02:42:30+00:00,1875.0,3.0,4:45,63.0,59.0,4.0,0.659,0.6040602674974486,0.5900000000000001,-0.054939732502551464,18617.0,76,False
2026-02-25 02:43:00+00:00,1875.0,3.0,4:45,63.0,59.0,4.0,0.659,0.6043735171362763,0.61,-0.054626482863723735,57743.0,83,False
2026-02-25 02:43:30+00:00,1875.0,3.0,4:45,63.0,59.0,4.0,0.659,0.5934191983366063,0.59,-0.06558080166339375,17314.0,97,False
2026-02-25 02:44:00+00:00,1875.0,3.0,4:45,63.0,59.0,4.0,0.659,0.5887814551422319,0.6,-0.07021854485776813,7312.0,53,False
2026-02-25 02:44:30+00:00,1875.0,3.0,4:45,63.0,59.0,4.0,0.659,0.5362584968884634,0.54,-0.12274150311153664,31335.0,109,False
2026-02-25 02:45:00+00:00,1915.0,3.0,4:05,65.0,62.0,3.0,0.623,0.5495940321947389,0.5800000000000001,-0.0734059678052611,12735.0,95,False
2026-02-25 02:45:30+00:00,1951.0,3.0,3:29,65.0,62.0,3.0,0.635,0.5393990946261683,0.51,-0.0956009053738317,27392.0,114,False
2026-02-25 02:46:00+00:00,1975.0,3.0,3:05,65.0,64.0,1.0,0.538,0.4796144159270809,0.43999999999999995,-0.05838558407291916,16676.0,145,True
2026-02-25 02:46:30+00:00,1989.0,3.0,2:51,65.0,66.0,-1.0,0.494,0.4561497855493236,0.46,-0.03785021445067638,6062.0,85,True
2026-02-25 02:47:00+00:00,2001.0,3.0,2:39,65.0,66.0,-1.0,0.494,0.45770671996003004,0.44999999999999996,-0.036293280039969955,4003.0,84,True
2026-02-25 02:47:30+00:00,2001.0,3.0,2:39,65.0,66.0,-1.0,0.494,0.4641259036144579,0.47,-0.029874096385542115,16600.0,72,True
2026-02-25 02:48:00+00:00,2001.0,3.0,2:39,65.0,66.0,-1.0,0.494,0.4634724689165186,0.45999999999999996,-0.030527531083481385,7882.0,60,False
2026-02-25 02:48:30+00:00,2001.0,3.0,2:39,65.0,66.0,-1.0,0.494,0.46593991416309005,0.47,-0.028060085836909943,8155.0,74,False
2026-02-25 02:49:00+00:00,2001.0,3.0,2:39,65.0,66.0,-1.0,0.494,0.4336184291140792,0.39,-0.06038157088592078,57127.0,151,False
2026-02-25 02:49:30+00:00,2022.0,3.0,2:18,65.0,68.0,-3.0,0.402,0.40609776357827476,0.45,0.004097763578274738,31300.0,82,False
2026-02-25 02:50:00+00:00,2061.0,3.0,1:39,68.0,68.0,0.0,0.492,0.42416992687234856,0.39,-0.06783007312765144,60579.0,138,False
2026-02-25 02:50:30+00:00,2066.0,3.0,1:34,68.0,70.0,-2.0,0.365,0.40797811037630033,0.42,0.04297811037630034,25857.0,107,False
2026-02-25 02:51:00+00:00,2071.0,3.0,1:29,68.0,70.0,-2.0,0.44499999999999995,0.4148558800922368,0.38,-0.030144119907763167,36428.0,126,False
2026-02-25 02:51:30+00:00,2107.3,3.0,52.7,70.0,73.0,-3.0,0.361,0.33659152343550774,0.31,-0.024408476564492243,39214.0,174,False
2026-02-25 02:52:00+00:00,2119.2,3.0,40.8,70.0,75.0,-5.0,0.374,0.3094483463159239,0.33,-0.06455165368407612,15662.0,130,False
2026-02-25 02:52:30+00:00,2134.3,3.0,25.7,72.0,75.0,-3.0,0.348,0.31868480000000005,0.31,-0.02931519999999993,31250.0,182,False
2026-02-25 02:53:00+00:00,2159.5,3.0,0.5,72.0,77.0,-5.0,0.30300000000000005,0.28535131476700176,0.28,-0.017648685232998285,39893.0,202,False
2026-02-25 02:53:30+00:00,2160.0,3.0,0.0,72.0,77.0,-5.0,0.278,0.2722175700934579,0.28,-0.0057824299065421525,26750.0,124,False
2026-02-25 02:54:00+00:00,2160.0,3.0,0.0,72.0,77.0,-5.0,0.278,0.2784984934150388,0.28,0.0004984934150387699,29537.0,118,False
2026-02-25 02:54:30+00:00,2160.0,3.0,0.0,72.0,77.0,-5.0,0.278,0.27909843638948123,0.28,0.0010984363894812055,28140.0,90,False
2026-02-25 02:55:00+00:00,2160.0,3.0,0.0,72.0,77.0,-5.0,0.278,0.2796195785561516,0.28,0.0016195785561515796,28521.0,85,False
2026-02-25 02:55:30+00:00,2160.0,4.0,12:00,72.0,77.0,-5.0,0.278,0.27928014749015334,0.29,0.001280147490153316,11933.0,81,False
2026-02-25 02:56:00+00:00,2168.0,4.0,11:52,72.0,77.0,-5.0,0.28700000000000003,0.29997488765530006,0.3,0.012974887655300027,30264.0,110,False
2026-02-25 02:56:30+00:00,2189.0,4.0,11:31,72.0,77.0,-5.0,0.247,0.29753109830097085,0.3,0.050531098300970856,13184.0,96,False
2026-02-25 02:57:00+00:00,2189.0,4.0,11:31,72.0,77.0,-5.0,0.247,0.3007982691733811,0.31,0.0537982691733811,20106.0,92,False
2026-02-25 02:57:30+00:00,2200.0,4.0,11:20,72.0,77.0,-5.0,0.23199999999999998,0.29390128046261876,0.3,0.06190128046261878,9684.0,104,False
2026-02-25 02:58:00+00:00,2202.0,4.0,11:18,72.0,78.0,-6.0,0.22699999999999998,0.2803677692596365,0.29000000000000004,0.053367769259636544,18653.0,102,False
2026-02-25 02:58:30+00:00,2220.0,4.0,11:00,72.0,78.0,-6.0,0.25,0.31950159646868764,0.27,0.06950159646868764,78611.0,251,False
2026-02-25 02:59:00+00:00,2247.0,4.0,10:33,74.0,81.0,-7.0,0.16700000000000004,0.2908514698716908,0.32,0.12385146987169077,24628.0,144,False
2026-02-25 02:59:30+00:00,2262.0,4.0,10:18,76.0,81.0,-5.0,0.277,0.3542201905347265,0.36,0.07722019053472645,26032.0,195,False
2026-02-25 03:00:00+00:00,2289.0,4.0,9:51,78.0,81.0,-3.0,0.266,0.3516089491848149,0.34,0.08560894918481488,16806.0,174,False
2026-02-25 03:00:30+00:00,2292.0,4.0,9:48,78.0,82.0,-4.0,0.31299999999999994,0.3506965568928272,0.36,0.03769655689282725,22683.0,133,False
2026-02-25 03:01:00+00:00,2292.0,4.0,9:48,78.0,82.0,-4.0,0.31299999999999994,0.3813530956848031,0.39,0.06835309568480313,13325.0,165,False
2026-02-25 03:01:30+00:00,2330.0,4.0,9:10,80.0,82.0,-2.0,0.398,0.4450877571262236,0.48,0.047087757126223595,46378.0,284,False
2026-02-25 03:02:00+00:00,2350.0,4.0,8:50,82.0,82.0,0.0,0.371,0.46511257360581915,0.47,0.09411257360581915,37531.0,216,False
2026-02-25 03:02:30+00:00,2350.0,4.0,8:50,82.0,82.0,0.0,0.371,0.4593206166130642,0.41,0.08832061661306423,45085.0,251,False
2026-02-25 03:03:00+00:00,2367.0,4.0,8:33,82.0,84.0,-2.0,0.399,0.413610801202655,0.41,0.014610801202654955,52883.0,240,True
2026-02-25 03:03:30+00:00,2371.0,4.0,8:29,82.0,84.0,-2.0,0.30300000000000005,0.3637480798771121,0.35,0.06074807987711206,26691.0,161,True
2026-02-25 03:04:00+00:00,2371.0,4.0,8:29,82.0,85.0,-3.0,0.253,0.3673064769568145,0.35,0.1143064769568145,57913.0,240,True
2026-02-25 03:04:30+00:00,2371.0,4.0,8:29,82.0,85.0,-3.0,0.253,0.34607651532611194,0.36,0.09307651532611194,21695.0,159,True
2026-02-25 03:05:00+00:00,2371.0,4.0,8:29,82.0,85.0,-3.0,0.253,0.3557601515971846,0.36,0.1027601515971846,18470.0,116,False
2026-02-25 03:05:30+00:00,2371.0,4.0,8:29,82.0,85.0,-3.0,0.253,0.356972170189992,0.33999999999999997,0.103972170189992,14948.0,103,False
2026-02-25 03:06:00+00:00,2371.0,4.0,8:29,82.0,85.0,-3.0,0.253,0.3543768314732839,0.36,0.10137683147328391,16039.0,102,False
2026-02-25 03:06:30+00:00,2371.0,4.0,8:29,82.0,85.0,-3.0,0.253,0.35507966126022683,0.37,0.10207966126022683,6967.0,105,False
2026-02-25 03:07:00+00:00,2371.0,4.0,8:29,82.0,85.0,-3.0,0.253,0.3868149466192171,0.39,0.1338149466192171,12926.0,134,False
2026-02-25 03:07:30+00:00,2388.0,4.0,8:12,84.0,85.0,-1.0,0.402,0.36244538727681386,0.45,-0.03955461272318617,79194.0,239,False
2026-02-25 03:08:00+00:00,2410.0,4.0,7:50,84.0,85.0,-1.0,0.46399999999999997,0.4689970142651775,0.49,0.004997014265177513,27129.0,170,False
2026-02-25 03:08:30+00:00,2421.0,4.0,7:39,86.0,85.0,1.0,0.516,0.4796521614657887,0.46,-0.03634783853421131,20958.0,187,False
2026-02-25 03:09:00+00:00,2447.0,4.0,7:13,86.0,87.0,-1.0,0.482,0.4616026452793021,0.43000000000000005,-0.02039735472069787,28428.0,201,False
2026-02-25 03:09:30+00:00,2463.0,4.0,6:57,86.0,87.0,-1.0,0.402,0.4041925151719488,0.43999999999999995,0.0021925151719487945,35592.0,194,True
2026-02-25 03:10:00+00:00,2471.0,4.0,6:49,86.0,89.0,-3.0,0.345,0.42013451832787074,0.43,0.07513451832787077,49733.0,188,True
2026-02-25 03:10:30+00:00,2471.0,4.0,6:49,86.0,87.0,-1.0,0.401,0.43255849520963346,0.45,0.03155849520963344,56885.0,127,True
2026-02-25 03:11:00+00:00,2471.0,4.0,6:49,86.0,87.0,-1.0,0.401,0.4424384372751923,0.41000000000000003,0.04143843727519225,36142.0,126,True
2026-02-25 03:11:30+00:00,2471.0,4.0,6:49,86.0,87.0,-1.0,0.401,0.3911947677245762,0.4,-0.009805232275423847,61694.0,103,False
2026-02-25 03:12:00+00:00,2471.0,4.0,6:49,86.0,87.0,-1.0,0.401,0.40296333690919417,0.39,0.0019633369091941466,15847.0,129,False
2026-02-25 03:12:30+00:00,2471.0,4.0,6:49,86.0,87.0,-1.0,0.401,0.38391772644692446,0.35,-0.017082273553075566,7706.0,96,False
2026-02-25 03:13:00+00:00,2471.0,4.0,6:49,86.0,87.0,-1.0,0.401,0.3281374894910431,0.27,-0.07286251050895692,15463.0,143,False
2026-02-25 03:13:30+00:00,2471.0,4.0,6:49,86.0,90.0,-4.0,0.28800000000000003,0.20969651022864016,0.24,-0.07830348977135987,41550.0,241,False
2026-02-25 03:14:00+00:00,2504.0,4.0,6:16,89.0,93.0,-4.0,0.22399999999999998,0.2157022314171716,0.21,-0.00829776858282838,67670.0,277,False
2026-02-25 03:14:30+00:00,2520.0,4.0,6:00,89.0,95.0,-6.0,0.17600000000000005,0.15462123207767284,0.14,-0.021378767922327208,53146.0,257,False
2026-02-25 03:15:00+00:00,2543.0,4.0,5:37,89.0,95.0,-6.0,0.127,0.11103206031494604,0.06,-0.01596793968505396,97223.0,334,True
2026-02-25 03:15:30+00:00,2579.0,4.0,5:01,89.0,97.0,-8.0,0.061000000000000054,0.09111344620598162,0.09,0.030113446205981567,76133.0,299,True
2026-02-25 03:16:00+00:00,2579.0,4.0,5:01,89.0,97.0,-8.0,0.08799999999999997,0.10311452513966478,0.11,0.015114525139664811,50120.0,198,True
2026-02-25 03:16:30+00:00,2579.0,4.0,5:01,89.0,97.0,-8.0,0.08799999999999997,0.10584640133322533,0.11,0.017846401333225362,86407.0,192,True
2026-02-25 03:17:00+00:00,2579.0,4.0,5:01,89.0,97.0,-8.0,0.08799999999999997,0.10230727098452691,0.11,0.014307270984526943,36515.0,137,False
2026-02-25 03:17:30+00:00,2579.0,4.0,5:01,89.0,97.0,-8.0,0.08799999999999997,0.09719876578193379,0.08,0.009198765781933821,31761.0,136,False
2026-02-25 03:18:00+00:00,2582.0,4.0,4:58,89.0,97.0,-8.0,0.061000000000000054,0.050104857042230985,0.04,-0.010895142957769069,62466.0,209,False
2026-02-25 03:18:30+00:00,2613.0,4.0,4:27,89.0,99.0,-10.0,0.039000000000000035,0.04286849652880158,0.04,0.0038684965288015433,74614.0,170,False
2026-02-25 03:19:00+00:00,2613.0,4.0,4:27,89.0,99.0,-10.0,0.05700000000000005,0.06808196798567367,0.08,0.011081967985673624,63659.0,151,False
2026-02-25 03:19:30+00:00,2613.0,4.0,4:27,90.0,99.0,-9.0,0.08099999999999996,0.07106846014856455,0.06,-0.009931539851435411,24905.0,147,False
2026-02-25 03:20:00+00:00,2613.0,4.0,4:27,91.0,99.0,-8.0,0.03500000000000003,0.0641292604143462,0.06999999999999995,0.029129260414346173,35912.0,173,False
2026-02-25 03:20:30+00:00,2616.0,4.0,4:24,91.0,100.0,-9.0,0.061000000000000054,0.06536149185246191,0.06,0.00436149185246186,33998.0,146,False
2026-02-25 03:21:00+00:00,2616.0,4.0,4:24,91.0,100.0,-9.0,0.061000000000000054,0.07996060568755385,0.08999999999999997,0.018960605687553797,24369.0,153,False
2026-02-25 03:21:30+00:00,2630.0,4.0,4:10,93.0,100.0,-7.0,0.14500000000000002,0.09349746403924503,0.08,-0.05150253596075499,60135.0,237,False
2026-02-25 03:22:00+00:00,2633.0,4.0,4:07,93.0,100.0,-7.0,0.07999999999999996,0.0660033630900863,0.08,-0.013996636909913665,80878.0,214,False
2026-02-25 03:22:30+00:00,2644.0,4.0,3:56,93.0,102.0,-9.0,0.09399999999999997,0.08717339062862617,0.08,-0.006826609371373804,133577.0,167,False
2026-02-25 03:23:00+00:00,2644.0,4.0,3:56,95.0,102.0,-7.0,0.07699999999999996,0.07126381345803015,0.06,-0.005736186541969807,47689.0,182,False
2026-02-25 03:23:30+00:00,2682.0,4.0,3:18,95.0,104.0,-9.0,0.029000000000000026,0.04765016473768694,0.08,0.018650164737686915,47348.0,166,False
2026-02-25 03:24:00+00:00,2705.0,4.0,2:55,95.0,104.0,-9.0,0.07399999999999995,0.05506876417507119,0.05,-0.018931235824928762,41446.0,152,False
2026-02-25 03:24:30+00:00,2705.0,4.0,2:55,95.0,104.0,-9.0,0.07399999999999995,0.050574304456005456,0.05,-0.0234256955439945,44210.0,143,False
2026-02-25 03:25:00+00:00,2705.0,4.0,2:55,97.0,104.0,-7.0,0.05800000000000005,0.05650725927744869,0.08,-0.0014927407225513584,65158.0,181,False
2026-02-25 03:25:30+00:00,2711.0,4.0,2:49,97.0,104.0,-7.0,0.08499999999999996,0.10312129124139567,0.13,0.018121291241395707,50556.0,225,False
2026-02-25 03:26:00+00:00,2745.0,4.0,2:15,99.0,104.0,-5.0,0.14100000000000001,0.1983207493724299,0.18,0.0573207493724299,102379.0,355,False
2026-02-25 03:26:30+00:00,2773.0,4.0,1:47,101.0,106.0,-5.0,0.14200000000000002,0.12088382576911362,0.09,-0.021116174230886395,82075.0,435,False
2026-02-25 03:27:00+00:00,2773.0,4.0,1:47,101.0,106.0,-5.0,0.06799999999999995,0.09129750609680118,0.07999999999999996,0.02329750609680123,56177.0,286,False
2026-02-25 03:27:30+00:00,2780.0,4.0,1:40,101.0,107.0,-6.0,0.17300000000000004,0.0900336817078607,0.09,-0.08296631829213934,40378.0,201,False
2026-02-25 03:28:00+00:00,2780.0,4.0,1:40,103.0,107.0,-4.0,0.138,0.11083995341919269,0.15,-0.027160046580807326,86731.0,252,False
2026-02-25 03:28:30+00:00,2797.0,4.0,1:23,103.0,107.0,-4.0,0.32499999999999996,0.17305709641631623,0.15,-0.15194290358368373,38759.0,269,False
2026-02-25 03:29:00+00:00,2797.0,4.0,1:23,103.0,107.0,-4.0,0.19699999999999995,0.15994194506533055,0.15,-0.037058054934669404,66661.0,342,False
2026-02-25 03:29:30+00:00,2797.0,4.0,1:23,104.0,107.0,-3.0,0.18600000000000005,0.06710325321359395,0.040000000000000036,-0.1188967467864061,90864.0,400,False
2026-02-25 03:30:00+00:00,2841.5,4.0,38.5,104.0,109.0,-5.0,0.08999999999999997,0.030666682483570202,0.01,-0.05933331751642977,126447.0,359,False
2026-02-25 03:30:30+00:00,2853.8,4.0,26.2,104.0,109.0,-5.0,0.04200000000000004,0.01147826717156162,0.01,-0.030521732828438418,55193.0,162,True
2026-02-25 03:31:00+00:00,2861.2,4.0,18.8,104.0,110.0,-6.0,0.007000000000000006,0.010000000000000005,0.010000000000000009,0.002999999999999999,14575.0,55,True
2026-02-25 03:31:30+00:00,2861.2,4.0,18.8,104.0,111.0,-7.0,0.015000000000000013,0.010000000000000007,0.010000000000000009,-0.005000000000000006,14285.0,39,True
2026-02-25 03:32:00+00:00,2861.2,4.0,18.8,104.0,111.0,-7.0,0.015000000000000013,0.009999999999999998,0.010000000000000009,-0.005000000000000015,16990.0,30,True
2026-02-25 03:32:30+00:00,2861.2,4.0,18.8,104.0,111.0,-7.0,0.015000000000000013,0.01,0.010000000000000009,-0.005000000000000013,4153.0,21,False
2026-02-25 03:33:00+00:00,2870.6,4.0,9.4,106.0,111.0,-5.0,0.0030000000000000027,0.010000000000000007,0.010000000000000009,0.0070000000000000045,10742.0,26,False
2026-02-25 03:33:30+00:00,2870.6,4.0,9.4,106.0,112.0,-6.0,0.0020000000000000018,0.01,0.010000000000000009,0.007999999999999998,9624.0,21,False
2026-02-25 03:34:00+00:00,2878.8,4.0,1.2,109.0,113.0,-4.0,0.0050000000000000044,0.010000000000000005,0.010000000000000009,0.005000000000000001,3474.0,19,False
2026-02-25 03:34:30+00:00,2880.0,4.0,0.0,109.0,113.0,-4.0,0.0,0.010000000000000002,0.010000000000000009,0.010000000000000002,2721.0,15,False
2026-02-25 03:35:00+00:00,2880.0,4.0,0.0,109.0,113.0,-4.0,0.0,0.010000000000000002,0.010000000000000009,0.010000000000000002,0.0,0,False
