bucket_start_utc,game_seconds_elapsed,period,game_clock,fav_score,dog_score,score_margin,fav_wp_espn,fav_kalshi_vwap,fav_kalshi_last,delta,kalshi_volume,kalshi_trade_count,is_timeout_window
2026-03-22 16:16:30+00:00,,,,,,,,0.595,0.69,,1000.0,4,False
2026-03-22 16:17:00+00:00,,,,,,,,0.5995238095238096,0.69,,21.0,3,False
2026-03-22 16:17:30+00:00,,,,,,,,0.5995238095238096,0.69,,0.0,0,False
2026-03-22 16:18:00+00:00,,,,,,,,0.6955555555555555,0.66,,18.0,2,False
2026-03-22 16:18:30+00:00,,,,,,,,0.6955555555555555,0.66,,0.0,0,False
2026-03-22 16:19:00+00:00,,,,,,,,0.7399999999999999,0.74,,6.0,1,False
2026-03-22 16:19:30+00:00,,,,,,,,0.7399999999999999,0.74,,0.0,0,False
2026-03-22 16:20:00+00:00,,,,,,,,0.7399999999999999,0.74,,0.0,0,False
2026-03-22 16:20:30+00:00,,,,,,,,0.7399999999999999,0.74,,0.0,0,False
2026-03-22 16:21:00+00:00,,,,,,,,0.7399999999999999,0.74,,0.0,0,False
2026-03-22 16:21:30+00:00,,,,,,,,0.7399999999999999,0.74,,0.0,0,False
2026-03-22 16:22:00+00:00,,,,,,,,0.7399999999999999,0.74,,0.0,0,False
2026-03-22 16:22:30+00:00,,,,,,,,0.7399999999999999,0.74,,0.0,0,False
2026-03-22 16:23:00+00:00,,,,,,,,0.73,0.73,,5.0,1,False
2026-03-22 16:23:30+00:00,,,,,,,,0.73,0.73,,0.0,0,False
2026-03-22 16:24:00+00:00,,,,,,,,0.73,0.73,,0.0,0,False
2026-03-22 16:24:30+00:00,,,,,,,,0.73,0.73,,0.0,0,False
2026-03-22 16:25:00+00:00,,,,,,,,0.73,0.73,,0.0,0,False
2026-03-22 16:25:30+00:00,,,,,,,,0.73,0.73,,0.0,0,False
2026-03-22 16:26:00+00:00,,,,,,,,0.73,0.73,,0.0,0,False
2026-03-22 16:26:30+00:00,,,,,,,,0.73,0.73,,0.0,0,False
2026-03-22 16:27:00+00:00,,,,,,,,0.73,0.73,,0.0,0,False
2026-03-22 16:27:30+00:00,,,,,,,,0.73,0.73,,0.0,0,False
2026-03-22 16:28:00+00:00,,,,,,,,0.73,0.73,,0.0,0,False
2026-03-22 16:28:30+00:00,,,,,,,,0.73,0.73,,0.0,0,False
2026-03-22 16:29:00+00:00,,,,,,,,0.73,0.73,,0.0,0,False
2026-03-22 16:29:30+00:00,,,,,,,,0.73,0.73,,0.0,0,False
2026-03-22 16:30:00+00:00,,,,,,,,0.73,0.73,,0.0,0,False
2026-03-22 16:30:30+00:00,,,,,,,,0.73,0.73,,0.0,0,False
2026-03-22 16:31:00+00:00,,,,,,,,0.74,0.74,,131.0,1,False
2026-03-22 16:31:30+00:00,,,,,,,,0.74,0.74,,0.0,0,False
2026-03-22 16:32:00+00:00,,,,,,,,0.74,0.74,,0.0,0,False
2026-03-22 16:32:30+00:00,,,,,,,,0.74,0.74,,0.0,0,False
2026-03-22 16:33:00+00:00,,,,,,,,0.74,0.74,,0.0,0,False
2026-03-22 16:33:30+00:00,,,,,,,,0.74,0.74,,0.0,0,False
2026-03-22 16:34:00+00:00,,,,,,,,0.7150000000000001,0.68,,2.0,2,False
2026-03-22 16:34:30+00:00,,,,,,,,0.7150000000000001,0.68,,0.0,0,False
2026-03-22 16:35:00+00:00,,,,,,,,0.7150000000000001,0.68,,0.0,0,False
2026-03-22 16:35:30+00:00,,,,,,,,0.7150000000000001,0.68,,0.0,0,False
2026-03-22 16:36:00+00:00,,,,,,,,0.7150000000000001,0.68,,0.0,0,False
2026-03-22 16:36:30+00:00,,,,,,,,0.7150000000000001,0.68,,2.0,2,False
2026-03-22 16:37:00+00:00,,,,,,,,0.7150000000000001,0.68,,0.0,0,False
2026-03-22 16:37:30+00:00,,,,,,,,0.7150000000000001,0.68,,0.0,0,False
2026-03-22 16:38:00+00:00,,,,,,,,0.7150000000000001,0.68,,0.0,0,False
2026-03-22 16:38:30+00:00,,,,,,,,0.7150000000000001,0.68,,0.0,0,False
2026-03-22 16:39:00+00:00,,,,,,,,0.7150000000000001,0.68,,0.0,0,False
2026-03-22 16:39:30+00:00,,,,,,,,0.7150000000000001,0.68,,0.0,0,False
2026-03-22 16:40:00+00:00,,,,,,,,0.7150000000000001,0.68,,0.0,0,False
2026-03-22 16:40:30+00:00,,,,,,,,0.7150000000000001,0.68,,0.0,0,False
2026-03-22 16:41:00+00:00,,,,,,,,0.7150000000000001,0.68,,0.0,0,False
2026-03-22 16:41:30+00:00,,,,,,,,0.7050000000000001,0.73,,2.0,2,False
2026-03-22 16:42:00+00:00,,,,,,,,0.7050000000000001,0.73,,0.0,0,False
2026-03-22 16:42:30+00:00,,,,,,,,0.72,0.72,,23.0,1,False
2026-03-22 16:43:00+00:00,,,,,,,,0.72,0.72,,0.0,0,False
2026-03-22 16:43:30+00:00,,,,,,,,0.72,0.72,,0.0,0,False
2026-03-22 16:44:00+00:00,,,,,,,,0.72,0.72,,0.0,0,False
2026-03-22 16:44:30+00:00,,,,,,,,0.72,0.72,,0.0,0,False
2026-03-22 16:45:00+00:00,,,,,,,,0.6799999999999999,0.68,,13.0,2,False
2026-03-22 16:45:30+00:00,,,,,,,,0.6799999999999999,0.68,,0.0,0,False
2026-03-22 16:46:00+00:00,,,,,,,,0.6799999999999999,0.68,,0.0,0,False
2026-03-22 16:46:30+00:00,,,,,,,,0.7,0.68,,2.0,2,False
2026-03-22 16:47:00+00:00,,,,,,,,0.7,0.68,,0.0,0,False
2026-03-22 16:47:30+00:00,,,,,,,,0.7,0.68,,0.0,0,False
2026-03-22 16:48:00+00:00,,,,,,,,0.7,0.68,,0.0,0,False
2026-03-22 16:48:30+00:00,,,,,,,,0.7050000000000001,0.68,,2.0,2,False
2026-03-22 16:49:00+00:00,,,,,,,,0.7050000000000001,0.68,,0.0,0,False
2026-03-22 16:49:30+00:00,,,,,,,,0.7050000000000001,0.68,,0.0,0,False
2026-03-22 16:50:00+00:00,,,,,,,,0.7050000000000001,0.68,,0.0,0,False
2026-03-22 16:50:30+00:00,,,,,,,,0.7050000000000001,0.68,,0.0,0,False
2026-03-22 16:51:00+00:00,,,,,,,,0.7050000000000001,0.68,,0.0,0,False
2026-03-22 16:51:30+00:00,,,,,,,,0.7050000000000001,0.68,,0.0,0,False
2026-03-22 16:52:00+00:00,,,,,,,,0.7050000000000001,0.68,,0.0,0,False
2026-03-22 16:52:30+00:00,,,,,,,,0.7050000000000001,0.68,,0.0,0,False
2026-03-22 16:53:00+00:00,,,,,,,,0.7050000000000001,0.68,,0.0,0,False
2026-03-22 16:53:30+00:00,,,,,,,,0.7050000000000001,0.68,,0.0,0,False
2026-03-22 16:54:00+00:00,,,,,,,,0.7050000000000001,0.68,,0.0,0,False
2026-03-22 16:54:30+00:00,,,,,,,,0.7050000000000001,0.68,,0.0,0,False
2026-03-22 16:55:00+00:00,,,,,,,,0.7050000000000001,0.68,,0.0,0,False
2026-03-22 16:55:30+00:00,,,,,,,,0.7050000000000001,0.68,,0.0,0,False
2026-03-22 16:56:00+00:00,,,,,,,,0.7050000000000001,0.68,,0.0,0,False
2026-03-22 16:56:30+00:00,,,,,,,,0.7050000000000001,0.68,,0.0,0,False
2026-03-22 16:57:00+00:00,,,,,,,,0.7050000000000001,0.68,,0.0,0,False
2026-03-22 16:57:30+00:00,,,,,,,,0.6417391304347826,0.65,,23.0,6,False
2026-03-22 16:58:00+00:00,,,,,,,,0.6417391304347826,0.65,,0.0,0,False
2026-03-22 16:58:30+00:00,,,,,,,,0.6417391304347826,0.65,,0.0,0,False
2026-03-22 16:59:00+00:00,,,,,,,,0.72,0.72,,2.0,1,False
2026-03-22 16:59:30+00:00,,,,,,,,0.68,0.68,,1.0,1,False
2026-03-22 17:00:00+00:00,,,,,,,,0.68,0.68,,0.0,0,False
2026-03-22 17:00:30+00:00,,,,,,,,0.68,0.68,,0.0,0,False
2026-03-22 17:01:00+00:00,,,,,,,,0.68,0.68,,0.0,0,False
2026-03-22 17:01:30+00:00,,,,,,,,0.68,0.68,,0.0,0,False
2026-03-22 17:02:00+00:00,,,,,,,,0.68,0.68,,0.0,0,False
2026-03-22 17:02:30+00:00,,,,,,,,0.68,0.68,,0.0,0,False
2026-03-22 17:03:00+00:00,,,,,,,,0.68,0.68,,0.0,0,False
2026-03-22 17:03:30+00:00,,,,,,,,0.68,0.68,,0.0,0,False
2026-03-22 17:04:00+00:00,,,,,,,,0.68,0.68,,0.0,0,False
2026-03-22 17:04:30+00:00,,,,,,,,0.68,0.68,,0.0,0,False
2026-03-22 17:05:00+00:00,,,,,,,,0.68,0.68,,0.0,0,False
2026-03-22 17:05:30+00:00,,,,,,,,0.69,0.69,,1.0,1,False
2026-03-22 17:06:00+00:00,,,,,,,,0.69,0.69,,0.0,0,False
2026-03-22 17:06:30+00:00,,,,,,,,0.69,0.69,,0.0,0,False
2026-03-22 17:07:00+00:00,,,,,,,,0.69,0.69,,0.0,0,False
2026-03-22 17:07:30+00:00,,,,,,,,0.69,0.69,,0.0,0,False
2026-03-22 17:08:00+00:00,,,,,,,,0.69,0.69,,0.0,0,False
2026-03-22 17:08:30+00:00,,,,,,,,0.69,0.69,,0.0,0,False
2026-03-22 17:09:00+00:00,,,,,,,,0.69,0.69,,0.0,0,False
2026-03-22 17:09:30+00:00,,,,,,,,0.69,0.69,,0.0,0,False
2026-03-22 17:10:00+00:00,,,,,,,,0.69,0.69,,0.0,0,False
2026-03-22 17:10:30+00:00,,,,,,,,0.69,0.69,,0.0,0,False
2026-03-22 17:11:00+00:00,,,,,,,,0.69,0.69,,0.0,0,False
2026-03-22 17:11:30+00:00,,,,,,,,0.69,0.69,,0.0,0,False
2026-03-22 17:12:00+00:00,,,,,,,,0.69,0.69,,0.0,0,False
2026-03-22 17:12:30+00:00,,,,,,,,0.69,0.69,,0.0,0,False
2026-03-22 17:13:00+00:00,,,,,,,,0.69,0.69,,0.0,0,False
2026-03-22 17:13:30+00:00,,,,,,,,0.69,0.69,,0.0,0,False
2026-03-22 17:14:00+00:00,,,,,,,,0.69,0.69,,0.0,0,False
2026-03-22 17:14:30+00:00,,,,,,,,0.69,0.69,,0.0,0,False
2026-03-22 17:15:00+00:00,,,,,,,,0.69,0.69,,0.0,0,False
2026-03-22 17:15:30+00:00,,,,,,,,0.69,0.69,,0.0,0,False
2026-03-22 17:16:00+00:00,,,,,,,,0.69,0.69,,0.0,0,False
2026-03-22 17:16:30+00:00,,,,,,,,0.69,0.69,,0.0,0,False
2026-03-22 17:17:00+00:00,,,,,,,,0.69,0.69,,0.0,0,False
2026-03-22 17:17:30+00:00,,,,,,,,0.69,0.69,,0.0,0,False
2026-03-22 17:18:00+00:00,,,,,,,,0.69,0.69,,0.0,0,False
2026-03-22 17:18:30+00:00,,,,,,,,0.69,0.69,,0.0,0,False
2026-03-22 17:19:00+00:00,,,,,,,,0.69,0.69,,0.0,0,False
2026-03-22 17:19:30+00:00,,,,,,,,0.69,0.69,,0.0,0,False
2026-03-22 17:20:00+00:00,,,,,,,,0.69,0.69,,0.0,0,False
2026-03-22 17:20:30+00:00,,,,,,,,0.69,0.69,,0.0,0,False
2026-03-22 17:21:00+00:00,,,,,,,,0.69,0.69,,0.0,0,False
2026-03-22 17:21:30+00:00,,,,,,,,0.69,0.69,,0.0,0,False
2026-03-22 17:22:00+00:00,,,,,,,,0.69,0.69,,0.0,0,False
2026-03-22 17:22:30+00:00,,,,,,,,0.69,0.69,,0.0,0,False
2026-03-22 17:23:00+00:00,,,,,,,,0.69,0.69,,0.0,0,False
2026-03-22 17:23:30+00:00,,,,,,,,0.69,0.69,,0.0,0,False
2026-03-22 17:24:00+00:00,,,,,,,,0.69,0.69,,0.0,0,False
2026-03-22 17:24:30+00:00,,,,,,,,0.69,0.69,,0.0,0,False
2026-03-22 17:25:00+00:00,,,,,,,,0.69,0.69,,0.0,0,False
2026-03-22 17:25:30+00:00,,,,,,,,0.69,0.69,,0.0,0,False
2026-03-22 17:26:00+00:00,,,,,,,,0.69,0.69,,0.0,0,False
2026-03-22 17:26:30+00:00,,,,,,,,0.69,0.69,,0.0,0,False
2026-03-22 17:27:00+00:00,,,,,,,,0.69,0.69,,0.0,0,False
2026-03-22 17:27:30+00:00,,,,,,,,0.69,0.69,,0.0,0,False
2026-03-22 17:28:00+00:00,,,,,,,,0.69,0.69,,0.0,0,False
2026-03-22 17:28:30+00:00,,,,,,,,0.69,0.69,,0.0,0,False
2026-03-22 17:29:00+00:00,,,,,,,,0.69,0.69,,0.0,0,False
2026-03-22 17:29:30+00:00,,,,,,,,0.69,0.69,,0.0,0,False
2026-03-22 17:30:00+00:00,,,,,,,,0.69,0.69,,0.0,0,False
2026-03-22 17:30:30+00:00,,,,,,,,0.69,0.69,,0.0,0,False
2026-03-22 17:31:00+00:00,,,,,,,,0.69,0.69,,0.0,0,False
2026-03-22 17:31:30+00:00,,,,,,,,0.69,0.69,,0.0,0,False
2026-03-22 17:32:00+00:00,,,,,,,,0.69,0.69,,1.0,1,False
2026-03-22 17:32:30+00:00,,,,,,,,0.69,0.69,,0.0,0,False
2026-03-22 17:33:00+00:00,,,,,,,,0.71,0.71,,102.0,2,False
2026-03-22 17:33:30+00:00,,,,,,,,0.71,0.71,,6.0,2,False
2026-03-22 17:34:00+00:00,,,,,,,,0.71,0.71,,0.0,0,False
2026-03-22 17:34:30+00:00,,,,,,,,0.71,0.71,,0.0,0,False
2026-03-22 17:35:00+00:00,,,,,,,,0.71,0.71,,0.0,0,False
2026-03-22 17:35:30+00:00,,,,,,,,0.71,0.71,,0.0,0,False
2026-03-22 17:36:00+00:00,,,,,,,,0.71,0.71,,0.0,0,False
2026-03-22 17:36:30+00:00,,,,,,,,0.71,0.71,,0.0,0,False
2026-03-22 17:37:00+00:00,,,,,,,,0.71,0.71,,0.0,0,False
2026-03-22 17:37:30+00:00,,,,,,,,0.71,0.71,,0.0,0,False
2026-03-22 17:38:00+00:00,,,,,,,,0.71,0.71,,0.0,0,False
2026-03-22 17:38:30+00:00,,,,,,,,0.71,0.71,,0.0,0,False
2026-03-22 17:39:00+00:00,,,,,,,,0.71,0.71,,0.0,0,False
2026-03-22 17:39:30+00:00,,,,,,,,0.71,0.71,,0.0,0,False
2026-03-22 17:40:00+00:00,,,,,,,,0.71,0.71,,0.0,0,False
2026-03-22 17:40:30+00:00,,,,,,,,0.71,0.71,,0.0,0,False
2026-03-22 17:41:00+00:00,,,,,,,,0.71,0.71,,0.0,0,False
2026-03-22 17:41:30+00:00,,,,,,,,0.71,0.71,,0.0,0,False
2026-03-22 17:42:00+00:00,,,,,,,,0.71,0.71,,0.0,0,False
2026-03-22 17:42:30+00:00,,,,,,,,0.71,0.71,,0.0,0,False
2026-03-22 17:43:00+00:00,,,,,,,,0.71,0.71,,0.0,0,False
2026-03-22 17:43:30+00:00,,,,,,,,0.71,0.71,,0.0,0,False
2026-03-22 17:44:00+00:00,,,,,,,,0.71,0.71,,0.0,0,False
2026-03-22 17:44:30+00:00,,,,,,,,0.71,0.71,,0.0,0,False
2026-03-22 17:45:00+00:00,,,,,,,,0.71,0.71,,0.0,0,False
2026-03-22 17:45:30+00:00,,,,,,,,0.71,0.71,,0.0,0,False
2026-03-22 17:46:00+00:00,,,,,,,,0.71,0.71,,0.0,0,False
2026-03-22 17:46:30+00:00,,,,,,,,0.71,0.71,,0.0,0,False
2026-03-22 17:47:00+00:00,,,,,,,,0.71,0.71,,0.0,0,False
2026-03-22 17:47:30+00:00,,,,,,,,0.71,0.71,,0.0,0,False
2026-03-22 17:48:00+00:00,,,,,,,,0.71,0.71,,0.0,0,False
2026-03-22 17:48:30+00:00,,,,,,,,0.71,0.71,,0.0,0,False
2026-03-22 17:49:00+00:00,,,,,,,,0.71,0.71,,0.0,0,False
2026-03-22 17:49:30+00:00,,,,,,,,0.71,0.71,,0.0,0,False
2026-03-22 17:50:00+00:00,,,,,,,,0.71,0.71,,0.0,0,False
2026-03-22 17:50:30+00:00,,,,,,,,0.7200000000000001,0.72,,6.0,1,False
2026-03-22 17:51:00+00:00,,,,,,,,0.7200000000000001,0.72,,0.0,0,False
2026-03-22 17:51:30+00:00,,,,,,,,0.6990000000000001,0.69,,10.0,2,False
2026-03-22 17:52:00+00:00,,,,,,,,0.6990000000000001,0.69,,0.0,0,False
2026-03-22 17:52:30+00:00,,,,,,,,0.6990000000000001,0.69,,0.0,0,False
2026-03-22 17:53:00+00:00,,,,,,,,0.6990000000000001,0.69,,0.0,0,False
2026-03-22 17:53:30+00:00,,,,,,,,0.6990000000000001,0.69,,0.0,0,False
2026-03-22 17:54:00+00:00,,,,,,,,0.6990000000000001,0.69,,0.0,0,False
2026-03-22 17:54:30+00:00,,,,,,,,0.6990000000000001,0.69,,0.0,0,False
2026-03-22 17:55:00+00:00,,,,,,,,0.6990000000000001,0.69,,0.0,0,False
2026-03-22 17:55:30+00:00,,,,,,,,0.6990000000000001,0.69,,0.0,0,False
2026-03-22 17:56:00+00:00,,,,,,,,0.6990000000000001,0.69,,0.0,0,False
2026-03-22 17:56:30+00:00,,,,,,,,0.6990000000000001,0.69,,0.0,0,False
2026-03-22 17:57:00+00:00,,,,,,,,0.6990000000000001,0.69,,0.0,0,False
2026-03-22 17:57:30+00:00,,,,,,,,0.6990000000000001,0.69,,0.0,0,False
2026-03-22 17:58:00+00:00,,,,,,,,0.6990000000000001,0.69,,0.0,0,False
2026-03-22 17:58:30+00:00,,,,,,,,0.6990000000000001,0.69,,0.0,0,False
2026-03-22 17:59:00+00:00,,,,,,,,0.6990000000000001,0.69,,0.0,0,False
2026-03-22 17:59:30+00:00,,,,,,,,0.6990000000000001,0.69,,0.0,0,False
2026-03-22 18:00:00+00:00,,,,,,,,0.6990000000000001,0.69,,0.0,0,False
2026-03-22 18:00:30+00:00,,,,,,,,0.695,0.72,,6.0,2,False
2026-03-22 18:01:00+00:00,,,,,,,,0.695,0.72,,0.0,0,False
2026-03-22 18:01:30+00:00,,,,,,,,0.695,0.72,,0.0,0,False
2026-03-22 18:02:00+00:00,,,,,,,,0.695,0.72,,0.0,0,False
2026-03-22 18:02:30+00:00,,,,,,,,0.695,0.72,,0.0,0,False
2026-03-22 18:03:00+00:00,,,,,,,,0.695,0.72,,0.0,0,False
2026-03-22 18:03:30+00:00,,,,,,,,0.695,0.72,,0.0,0,False
2026-03-22 18:04:00+00:00,,,,,,,,0.695,0.72,,0.0,0,False
2026-03-22 18:04:30+00:00,,,,,,,,0.695,0.72,,0.0,0,False
2026-03-22 18:05:00+00:00,,,,,,,,0.695,0.72,,0.0,0,False
2026-03-22 18:05:30+00:00,,,,,,,,0.695,0.72,,0.0,0,False
2026-03-22 18:06:00+00:00,,,,,,,,0.695,0.72,,0.0,0,False
2026-03-22 18:06:30+00:00,,,,,,,,0.695,0.72,,0.0,0,False
2026-03-22 18:07:00+00:00,,,,,,,,0.695,0.72,,0.0,0,False
2026-03-22 18:07:30+00:00,,,,,,,,0.695,0.72,,0.0,0,False
2026-03-22 18:08:00+00:00,,,,,,,,0.695,0.72,,0.0,0,False
2026-03-22 18:08:30+00:00,,,,,,,,0.695,0.72,,0.0,0,False
2026-03-22 18:09:00+00:00,,,,,,,,0.695,0.72,,0.0,0,False
2026-03-22 18:09:30+00:00,,,,,,,,0.695,0.72,,0.0,0,False
2026-03-22 18:10:00+00:00,,,,,,,,0.695,0.72,,0.0,0,False
2026-03-22 18:10:30+00:00,,,,,,,,0.695,0.72,,0.0,0,False
2026-03-22 18:11:00+00:00,,,,,,,,0.695,0.72,,0.0,0,False
2026-03-22 18:11:30+00:00,,,,,,,,0.695,0.72,,0.0,0,False
2026-03-22 18:12:00+00:00,,,,,,,,0.695,0.72,,0.0,0,False
2026-03-22 18:12:30+00:00,,,,,,,,0.695,0.72,,0.0,0,False
2026-03-22 18:13:00+00:00,,,,,,,,0.695,0.72,,0.0,0,False
2026-03-22 18:13:30+00:00,,,,,,,,0.695,0.72,,0.0,0,False
2026-03-22 18:14:00+00:00,,,,,,,,0.71,0.71,,3.0,1,False
2026-03-22 18:14:30+00:00,,,,,,,,0.71,0.71,,0.0,0,False
2026-03-22 18:15:00+00:00,,,,,,,,0.71,0.71,,0.0,0,False
2026-03-22 18:15:30+00:00,,,,,,,,0.71,0.71,,0.0,0,False
2026-03-22 18:16:00+00:00,,,,,,,,0.71,0.71,,2.0,1,False
2026-03-22 18:16:30+00:00,,,,,,,,0.71,0.71,,0.0,0,False
2026-03-22 18:17:00+00:00,,,,,,,,0.71,0.71,,0.0,0,False
2026-03-22 18:17:30+00:00,,,,,,,,0.71,0.71,,0.0,0,False
2026-03-22 18:18:00+00:00,,,,,,,,0.71,0.71,,4.0,1,False
2026-03-22 18:18:30+00:00,,,,,,,,0.71,0.71,,0.0,0,False
2026-03-22 18:19:00+00:00,,,,,,,,0.71,0.71,,0.0,0,False
2026-03-22 18:19:30+00:00,,,,,,,,0.71,0.71,,0.0,0,False
2026-03-22 18:20:00+00:00,,,,,,,,0.71,0.71,,0.0,0,False
2026-03-22 18:20:30+00:00,,,,,,,,0.71,0.71,,0.0,0,False
2026-03-22 18:21:00+00:00,,,,,,,,0.71,0.71,,0.0,0,False
2026-03-22 18:21:30+00:00,,,,,,,,0.71,0.71,,0.0,0,False
2026-03-22 18:22:00+00:00,,,,,,,,0.71,0.71,,0.0,0,False
2026-03-22 18:22:30+00:00,,,,,,,,0.71,0.71,,0.0,0,False
2026-03-22 18:23:00+00:00,,,,,,,,0.71,0.71,,0.0,0,False
2026-03-22 18:23:30+00:00,,,,,,,,0.71,0.71,,0.0,0,False
2026-03-22 18:24:00+00:00,,,,,,,,0.71,0.71,,0.0,0,False
2026-03-22 18:24:30+00:00,,,,,,,,0.71,0.71,,0.0,0,False
2026-03-22 18:25:00+00:00,,,,,,,,0.71,0.71,,0.0,0,False
2026-03-22 18:25:30+00:00,,,,,,,,0.71,0.71,,0.0,0,False
2026-03-22 18:26:00+00:00,,,,,,,,0.71,0.71,,0.0,0,False
2026-03-22 18:26:30+00:00,,,,,,,,0.71,0.71,,0.0,0,False
2026-03-22 18:27:00+00:00,,,,,,,,0.71,0.71,,0.0,0,False
2026-03-22 18:27:30+00:00,,,,,,,,0.71,0.71,,0.0,0,False
2026-03-22 18:28:00+00:00,,,,,,,,0.71,0.71,,0.0,0,False
2026-03-22 18:28:30+00:00,,,,,,,,0.71,0.71,,0.0,0,False
2026-03-22 18:29:00+00:00,,,,,,,,0.72,0.72,,2.0,1,False
2026-03-22 18:29:30+00:00,,,,,,,,0.72,0.72,,0.0,0,False
2026-03-22 18:30:00+00:00,,,,,,,,0.72,0.72,,0.0,0,False
2026-03-22 18:30:30+00:00,,,,,,,,0.72,0.72,,0.0,0,False
2026-03-22 18:31:00+00:00,,,,,,,,0.72,0.72,,0.0,0,False
2026-03-22 18:31:30+00:00,,,,,,,,0.71,0.71,,20.0,1,False
2026-03-22 18:32:00+00:00,,,,,,,,0.71,0.71,,0.0,0,False
2026-03-22 18:32:30+00:00,,,,,,,,0.71,0.71,,0.0,0,False
2026-03-22 18:33:00+00:00,,,,,,,,0.71,0.71,,0.0,0,False
2026-03-22 18:33:30+00:00,,,,,,,,0.71,0.71,,0.0,0,False
2026-03-22 18:34:00+00:00,,,,,,,,0.71,0.71,,0.0,0,False
2026-03-22 18:34:30+00:00,,,,,,,,0.71,0.71,,0.0,0,False
2026-03-22 18:35:00+00:00,,,,,,,,0.71,0.71,,0.0,0,False
2026-03-22 18:35:30+00:00,,,,,,,,0.71,0.71,,0.0,0,False
2026-03-22 18:36:00+00:00,,,,,,,,0.71,0.71,,0.0,0,False
2026-03-22 18:36:30+00:00,,,,,,,,0.71,0.71,,0.0,0,False
2026-03-22 18:37:00+00:00,,,,,,,,0.71,0.71,,0.0,0,False
2026-03-22 18:37:30+00:00,,,,,,,,0.71,0.71,,0.0,0,False
2026-03-22 18:38:00+00:00,,,,,,,,0.71,0.71,,0.0,0,False
2026-03-22 18:38:30+00:00,,,,,,,,0.71,0.71,,0.0,0,False
2026-03-22 18:39:00+00:00,,,,,,,,0.71,0.71,,0.0,0,False
2026-03-22 18:39:30+00:00,,,,,,,,0.71,0.71,,0.0,0,False
2026-03-22 18:40:00+00:00,,,,,,,,0.71,0.71,,0.0,0,False
2026-03-22 18:40:30+00:00,,,,,,,,0.71,0.71,,0.0,0,False
2026-03-22 18:41:00+00:00,,,,,,,,0.71,0.71,,0.0,0,False
2026-03-22 18:41:30+00:00,,,,,,,,0.71,0.71,,0.0,0,False
2026-03-22 18:42:00+00:00,,,,,,,,0.71,0.71,,0.0,0,False
2026-03-22 18:42:30+00:00,,,,,,,,0.71,0.71,,0.0,0,False
2026-03-22 18:43:00+00:00,,,,,,,,0.71,0.71,,0.0,0,False
2026-03-22 18:43:30+00:00,,,,,,,,0.71,0.71,,0.0,0,False
2026-03-22 18:44:00+00:00,,,,,,,,0.71,0.71,,0.0,0,False
2026-03-22 18:44:30+00:00,,,,,,,,0.71,0.71,,0.0,0,False
2026-03-22 18:45:00+00:00,,,,,,,,0.71,0.71,,0.0,0,False
2026-03-22 18:45:30+00:00,,,,,,,,0.71,0.71,,0.0,0,False
2026-03-22 18:46:00+00:00,,,,,,,,0.71,0.71,,0.0,0,False
2026-03-22 18:46:30+00:00,,,,,,,,0.71,0.71,,0.0,0,False
2026-03-22 18:47:00+00:00,,,,,,,,0.71,0.71,,0.0,0,False
2026-03-22 18:47:30+00:00,,,,,,,,0.71,0.71,,0.0,0,False
2026-03-22 18:48:00+00:00,,,,,,,,0.71,0.71,,0.0,0,False
2026-03-22 18:48:30+00:00,,,,,,,,0.71,0.71,,0.0,0,False
2026-03-22 18:49:00+00:00,,,,,,,,0.71,0.71,,0.0,0,False
2026-03-22 18:49:30+00:00,,,,,,,,0.71,0.71,,0.0,0,False
2026-03-22 18:50:00+00:00,,,,,,,,0.71,0.71,,0.0,0,False
2026-03-22 18:50:30+00:00,,,,,,,,0.71,0.71,,0.0,0,False
2026-03-22 18:51:00+00:00,,,,,,,,0.71,0.71,,0.0,0,False
2026-03-22 18:51:30+00:00,,,,,,,,0.71,0.71,,0.0,0,False
2026-03-22 18:52:00+00:00,,,,,,,,0.71,0.71,,0.0,0,False
2026-03-22 18:52:30+00:00,,,,,,,,0.71,0.71,,0.0,0,False
2026-03-22 18:53:00+00:00,,,,,,,,0.71,0.71,,0.0,0,False
2026-03-22 18:53:30+00:00,,,,,,,,0.71,0.71,,0.0,0,False
2026-03-22 18:54:00+00:00,,,,,,,,0.71,0.71,,0.0,0,False
2026-03-22 18:54:30+00:00,,,,,,,,0.71,0.71,,0.0,0,False
2026-03-22 18:55:00+00:00,,,,,,,,0.71,0.71,,0.0,0,False
2026-03-22 18:55:30+00:00,,,,,,,,0.71,0.71,,0.0,0,False
2026-03-22 18:56:00+00:00,,,,,,,,0.71,0.71,,0.0,0,False
2026-03-22 18:56:30+00:00,,,,,,,,0.71,0.71,,0.0,0,False
2026-03-22 18:57:00+00:00,,,,,,,,0.71,0.71,,0.0,0,False
2026-03-22 18:57:30+00:00,,,,,,,,0.71,0.71,,0.0,0,False
2026-03-22 18:58:00+00:00,,,,,,,,0.71,0.71,,0.0,0,False
2026-03-22 18:58:30+00:00,,,,,,,,0.71,0.71,,0.0,0,False
2026-03-22 18:59:00+00:00,,,,,,,,0.71,0.71,,0.0,0,False
2026-03-22 18:59:30+00:00,,,,,,,,0.71,0.71,,0.0,0,False
2026-03-22 19:00:00+00:00,,,,,,,,0.71,0.71,,0.0,0,False
2026-03-22 19:00:30+00:00,,,,,,,,0.71,0.71,,0.0,0,False
2026-03-22 19:01:00+00:00,,,,,,,,0.71,0.71,,0.0,0,False
2026-03-22 19:01:30+00:00,,,,,,,,0.71,0.71,,0.0,0,False
2026-03-22 19:02:00+00:00,,,,,,,,0.71,0.71,,0.0,0,False
2026-03-22 19:02:30+00:00,,,,,,,,0.71,0.71,,0.0,0,False
2026-03-22 19:03:00+00:00,,,,,,,,0.71,0.71,,0.0,0,False
2026-03-22 19:03:30+00:00,,,,,,,,0.71,0.71,,0.0,0,False
2026-03-22 19:04:00+00:00,,,,,,,,0.71,0.71,,0.0,0,False
2026-03-22 19:04:30+00:00,,,,,,,,0.71,0.71,,0.0,0,False
2026-03-22 19:05:00+00:00,,,,,,,,0.71,0.71,,0.0,0,False
2026-03-22 19:05:30+00:00,,,,,,,,0.71,0.71,,0.0,0,False
2026-03-22 19:06:00+00:00,,,,,,,,0.71,0.71,,0.0,0,False
2026-03-22 19:06:30+00:00,,,,,,,,0.71,0.71,,0.0,0,False
2026-03-22 19:07:00+00:00,,,,,,,,0.71,0.71,,0.0,0,False
2026-03-22 19:07:30+00:00,,,,,,,,0.71,0.71,,0.0,0,False
2026-03-22 19:08:00+00:00,,,,,,,,0.71,0.71,,0.0,0,False
2026-03-22 19:08:30+00:00,,,,,,,,0.71,0.71,,0.0,0,False
2026-03-22 19:09:00+00:00,,,,,,,,0.71,0.71,,0.0,0,False
2026-03-22 19:09:30+00:00,,,,,,,,0.71,0.71,,0.0,0,False
2026-03-22 19:10:00+00:00,,,,,,,,0.71,0.71,,0.0,0,False
2026-03-22 19:10:30+00:00,,,,,,,,0.71,0.71,,0.0,0,False
2026-03-22 19:11:00+00:00,,,,,,,,0.71,0.71,,0.0,0,False
2026-03-22 19:11:30+00:00,,,,,,,,0.71,0.71,,0.0,0,False
2026-03-22 19:12:00+00:00,,,,,,,,0.71,0.71,,0.0,0,False
2026-03-22 19:12:30+00:00,,,,,,,,0.71,0.71,,0.0,0,False
2026-03-22 19:13:00+00:00,,,,,,,,0.71,0.71,,0.0,0,False
2026-03-22 19:13:30+00:00,,,,,,,,0.71,0.71,,0.0,0,False
2026-03-22 19:14:00+00:00,,,,,,,,0.71,0.71,,0.0,0,False
2026-03-22 19:14:30+00:00,,,,,,,,0.71,0.71,,0.0,0,False
2026-03-22 19:15:00+00:00,,,,,,,,0.71,0.71,,0.0,0,False
2026-03-22 19:15:30+00:00,,,,,,,,0.71,0.71,,0.0,0,False
2026-03-22 19:16:00+00:00,,,,,,,,0.71,0.71,,0.0,0,False
2026-03-22 19:16:30+00:00,,,,,,,,0.71,0.71,,0.0,0,False
2026-03-22 19:17:00+00:00,,,,,,,,0.71,0.71,,0.0,0,False
2026-03-22 19:17:30+00:00,,,,,,,,0.71,0.71,,0.0,0,False
2026-03-22 19:18:00+00:00,,,,,,,,0.71,0.71,,0.0,0,False
2026-03-22 19:18:30+00:00,,,,,,,,0.71,0.71,,0.0,0,False
2026-03-22 19:19:00+00:00,,,,,,,,0.71,0.71,,0.0,0,False
2026-03-22 19:19:30+00:00,,,,,,,,0.71,0.71,,0.0,0,False
2026-03-22 19:20:00+00:00,,,,,,,,0.71,0.71,,0.0,0,False
2026-03-22 19:20:30+00:00,,,,,,,,0.71,0.71,,0.0,0,False
2026-03-22 19:21:00+00:00,,,,,,,,0.71,0.71,,0.0,0,False
2026-03-22 19:21:30+00:00,,,,,,,,0.71,0.71,,0.0,0,False
2026-03-22 19:22:00+00:00,,,,,,,,0.71,0.71,,0.0,0,False
2026-03-22 19:22:30+00:00,,,,,,,,0.69,0.69,,2.0,1,False
2026-03-22 19:23:00+00:00,,,,,,,,0.69,0.69,,0.0,0,False
2026-03-22 19:23:30+00:00,,,,,,,,0.69,0.69,,0.0,0,False
2026-03-22 19:24:00+00:00,,,,,,,,0.69,0.69,,0.0,0,False
2026-03-22 19:24:30+00:00,,,,,,,,0.69,0.69,,0.0,0,False
2026-03-22 19:25:00+00:00,,,,,,,,0.69,0.69,,0.0,0,False
2026-03-22 19:25:30+00:00,,,,,,,,0.69,0.69,,0.0,0,False
2026-03-22 19:26:00+00:00,,,,,,,,0.69,0.69,,0.0,0,False
2026-03-22 19:26:30+00:00,,,,,,,,0.69,0.69,,0.0,0,False
2026-03-22 19:27:00+00:00,,,,,,,,0.69,0.69,,0.0,0,False
2026-03-22 19:27:30+00:00,,,,,,,,0.69,0.69,,0.0,0,False
2026-03-22 19:28:00+00:00,,,,,,,,0.69,0.69,,0.0,0,False
2026-03-22 19:28:30+00:00,,,,,,,,0.69,0.69,,0.0,0,False
2026-03-22 19:29:00+00:00,,,,,,,,0.69,0.69,,0.0,0,False
2026-03-22 19:29:30+00:00,,,,,,,,0.69,0.69,,0.0,0,False
2026-03-22 19:30:00+00:00,,,,,,,,0.69,0.69,,0.0,0,False
2026-03-22 19:30:30+00:00,,,,,,,,0.69,0.69,,0.0,0,False
2026-03-22 19:31:00+00:00,,,,,,,,0.69,0.69,,0.0,0,False
2026-03-22 19:31:30+00:00,,,,,,,,0.69,0.69,,0.0,0,False
2026-03-22 19:32:00+00:00,,,,,,,,0.69,0.69,,0.0,0,False
2026-03-22 19:32:30+00:00,,,,,,,,0.69,0.69,,0.0,0,False
2026-03-22 19:33:00+00:00,,,,,,,,0.69,0.69,,0.0,0,False
2026-03-22 19:33:30+00:00,,,,,,,,0.69,0.69,,0.0,0,False
2026-03-22 19:34:00+00:00,,,,,,,,0.69,0.69,,0.0,0,False
2026-03-22 19:34:30+00:00,,,,,,,,0.69,0.69,,0.0,0,False
2026-03-22 19:35:00+00:00,,,,,,,,0.69,0.69,,0.0,0,False
2026-03-22 19:35:30+00:00,,,,,,,,0.69,0.69,,0.0,0,False
2026-03-22 19:36:00+00:00,,,,,,,,0.69,0.69,,0.0,0,False
2026-03-22 19:36:30+00:00,,,,,,,,0.69,0.69,,0.0,0,False
2026-03-22 19:37:00+00:00,,,,,,,,0.69,0.69,,0.0,0,False
2026-03-22 19:37:30+00:00,,,,,,,,0.69,0.69,,0.0,0,False
2026-03-22 19:38:00+00:00,,,,,,,,0.69,0.69,,0.0,0,False
2026-03-22 19:38:30+00:00,,,,,,,,0.69,0.69,,0.0,0,False
2026-03-22 19:39:00+00:00,,,,,,,,0.69,0.69,,0.0,0,False
2026-03-22 19:39:30+00:00,,,,,,,,0.69,0.69,,0.0,0,False
2026-03-22 19:40:00+00:00,,,,,,,,0.69,0.69,,0.0,0,False
2026-03-22 19:40:30+00:00,,,,,,,,0.69,0.69,,0.0,0,False
2026-03-22 19:41:00+00:00,,,,,,,,0.72,0.72,,2.0,1,False
2026-03-22 19:41:30+00:00,,,,,,,,0.7,0.7,,1.0,1,False
2026-03-22 19:42:00+00:00,,,,,,,,0.7,0.7,,0.0,0,False
2026-03-22 19:42:30+00:00,,,,,,,,0.7,0.7,,0.0,0,False
2026-03-22 19:43:00+00:00,,,,,,,,0.7,0.7,,0.0,0,False
2026-03-22 19:43:30+00:00,,,,,,,,0.7,0.7,,0.0,0,False
2026-03-22 19:44:00+00:00,,,,,,,,0.7,0.7,,0.0,0,False
2026-03-22 19:44:30+00:00,,,,,,,,0.7,0.7,,0.0,0,False
2026-03-22 19:45:00+00:00,,,,,,,,0.7,0.7,,0.0,0,False
2026-03-22 19:45:30+00:00,,,,,,,,0.7,0.7,,0.0,0,False
2026-03-22 19:46:00+00:00,,,,,,,,0.7,0.7,,0.0,0,False
2026-03-22 19:46:30+00:00,,,,,,,,0.7,0.7,,0.0,0,False
2026-03-22 19:47:00+00:00,,,,,,,,0.7,0.7,,0.0,0,False
2026-03-22 19:47:30+00:00,,,,,,,,0.7,0.7,,0.0,0,False
2026-03-22 19:48:00+00:00,,,,,,,,0.7,0.7,,0.0,0,False
2026-03-22 19:48:30+00:00,,,,,,,,0.7,0.7,,0.0,0,False
2026-03-22 19:49:00+00:00,,,,,,,,0.7,0.7,,0.0,0,False
2026-03-22 19:49:30+00:00,,,,,,,,0.7,0.7,,0.0,0,False
2026-03-22 19:50:00+00:00,,,,,,,,0.7,0.7,,0.0,0,False
2026-03-22 19:50:30+00:00,,,,,,,,0.7,0.7,,0.0,0,False
2026-03-22 19:51:00+00:00,,,,,,,,0.7,0.7,,0.0,0,False
2026-03-22 19:51:30+00:00,,,,,,,,0.7,0.7,,0.0,0,False
2026-03-22 19:52:00+00:00,,,,,,,,0.7,0.7,,0.0,0,False
2026-03-22 19:52:30+00:00,,,,,,,,0.71,0.71,,34.0,1,False
2026-03-22 19:53:00+00:00,,,,,,,,0.71,0.71,,0.0,0,False
2026-03-22 19:53:30+00:00,,,,,,,,0.71,0.71,,0.0,0,False
2026-03-22 19:54:00+00:00,,,,,,,,0.71,0.71,,0.0,0,False
2026-03-22 19:54:30+00:00,,,,,,,,0.71,0.71,,0.0,0,False
2026-03-22 19:55:00+00:00,,,,,,,,0.71,0.71,,0.0,0,False
2026-03-22 19:55:30+00:00,,,,,,,,0.71,0.71,,0.0,0,False
2026-03-22 19:56:00+00:00,,,,,,,,0.71,0.71,,0.0,0,False
2026-03-22 19:56:30+00:00,,,,,,,,0.71,0.71,,0.0,0,False
2026-03-22 19:57:00+00:00,,,,,,,,0.71,0.71,,0.0,0,False
2026-03-22 19:57:30+00:00,,,,,,,,0.71,0.71,,0.0,0,False
2026-03-22 19:58:00+00:00,,,,,,,,0.71,0.71,,0.0,0,False
2026-03-22 19:58:30+00:00,,,,,,,,0.71,0.71,,0.0,0,False
2026-03-22 19:59:00+00:00,,,,,,,,0.71,0.71,,0.0,0,False
2026-03-22 19:59:30+00:00,,,,,,,,0.71,0.71,,0.0,0,False
2026-03-22 20:00:00+00:00,,,,,,,,0.71,0.71,,0.0,0,False
2026-03-22 20:00:30+00:00,,,,,,,,0.71,0.71,,0.0,0,False
2026-03-22 20:01:00+00:00,,,,,,,,0.71,0.71,,0.0,0,False
2026-03-22 20:01:30+00:00,,,,,,,,0.71,0.71,,0.0,0,False
2026-03-22 20:02:00+00:00,,,,,,,,0.71,0.71,,0.0,0,False
2026-03-22 20:02:30+00:00,,,,,,,,0.71,0.71,,0.0,0,False
2026-03-22 20:03:00+00:00,,,,,,,,0.71,0.71,,0.0,0,False
2026-03-22 20:03:30+00:00,,,,,,,,0.71,0.71,,0.0,0,False
2026-03-22 20:04:00+00:00,,,,,,,,0.71,0.71,,0.0,0,False
2026-03-22 20:04:30+00:00,,,,,,,,0.71,0.71,,0.0,0,False
2026-03-22 20:05:00+00:00,,,,,,,,0.71,0.71,,0.0,0,False
2026-03-22 20:05:30+00:00,,,,,,,,0.71,0.71,,0.0,0,False
2026-03-22 20:06:00+00:00,,,,,,,,0.71,0.71,,0.0,0,False
2026-03-22 20:06:30+00:00,,,,,,,,0.71,0.71,,0.0,0,False
2026-03-22 20:07:00+00:00,,,,,,,,0.71,0.71,,0.0,0,False
2026-03-22 20:07:30+00:00,,,,,,,,0.71,0.71,,0.0,0,False
2026-03-22 20:08:00+00:00,,,,,,,,0.71,0.71,,0.0,0,False
2026-03-22 20:08:30+00:00,,,,,,,,0.71,0.71,,0.0,0,False
2026-03-22 20:09:00+00:00,,,,,,,,0.71,0.71,,0.0,0,False
2026-03-22 20:09:30+00:00,,,,,,,,0.71,0.71,,0.0,0,False
2026-03-22 20:10:00+00:00,,,,,,,,0.71,0.71,,0.0,0,False
2026-03-22 20:10:30+00:00,,,,,,,,0.71,0.71,,0.0,0,False
2026-03-22 20:11:00+00:00,,,,,,,,0.71,0.71,,0.0,0,False
2026-03-22 20:11:30+00:00,,,,,,,,0.71,0.71,,0.0,0,False
2026-03-22 20:12:00+00:00,,,,,,,,0.71,0.71,,0.0,0,False
2026-03-22 20:12:30+00:00,,,,,,,,0.71,0.71,,0.0,0,False
2026-03-22 20:13:00+00:00,,,,,,,,0.71,0.71,,0.0,0,False
2026-03-22 20:13:30+00:00,,,,,,,,0.71,0.71,,0.0,0,False
2026-03-22 20:14:00+00:00,,,,,,,,0.71,0.71,,0.0,0,False
2026-03-22 20:14:30+00:00,,,,,,,,0.71,0.71,,0.0,0,False
2026-03-22 20:15:00+00:00,,,,,,,,0.71,0.71,,0.0,0,False
2026-03-22 20:15:30+00:00,,,,,,,,0.71,0.71,,0.0,0,False
2026-03-22 20:16:00+00:00,,,,,,,,0.71,0.71,,0.0,0,False
2026-03-22 20:16:30+00:00,,,,,,,,0.71,0.71,,0.0,0,False
2026-03-22 20:17:00+00:00,,,,,,,,0.71,0.71,,0.0,0,False
2026-03-22 20:17:30+00:00,,,,,,,,0.71,0.71,,0.0,0,False
2026-03-22 20:18:00+00:00,,,,,,,,0.71,0.71,,0.0,0,False
2026-03-22 20:18:30+00:00,,,,,,,,0.71,0.71,,0.0,0,False
2026-03-22 20:19:00+00:00,,,,,,,,0.71,0.71,,0.0,0,False
2026-03-22 20:19:30+00:00,,,,,,,,0.71,0.71,,0.0,0,False
2026-03-22 20:20:00+00:00,,,,,,,,0.71,0.71,,1.0,1,False
2026-03-22 20:20:30+00:00,,,,,,,,0.71,0.71,,0.0,0,False
2026-03-22 20:21:00+00:00,,,,,,,,0.71,0.71,,0.0,0,False
2026-03-22 20:21:30+00:00,,,,,,,,0.69,0.69,,3.0,1,False
2026-03-22 20:22:00+00:00,,,,,,,,0.69,0.69,,0.0,0,False
2026-03-22 20:22:30+00:00,,,,,,,,0.69,0.69,,0.0,0,False
2026-03-22 20:23:00+00:00,,,,,,,,0.7200000000000001,0.72,,3.0,2,False
2026-03-22 20:23:30+00:00,,,,,,,,0.7200000000000001,0.72,,0.0,0,False
2026-03-22 20:24:00+00:00,,,,,,,,0.7200000000000001,0.72,,0.0,0,False
2026-03-22 20:24:30+00:00,,,,,,,,0.7200000000000001,0.72,,0.0,0,False
2026-03-22 20:25:00+00:00,,,,,,,,0.71,0.71,,10.0,1,False
2026-03-22 20:25:30+00:00,,,,,,,,0.71,0.71,,0.0,0,False
2026-03-22 20:26:00+00:00,,,,,,,,0.71,0.71,,0.0,0,False
2026-03-22 20:26:30+00:00,,,,,,,,0.71,0.71,,0.0,0,False
2026-03-22 20:27:00+00:00,,,,,,,,0.69,0.69,,6.0,1,False
2026-03-22 20:27:30+00:00,,,,,,,,0.69,0.69,,0.0,0,False
2026-03-22 20:28:00+00:00,,,,,,,,0.69,0.69,,0.0,0,False
2026-03-22 20:28:30+00:00,,,,,,,,0.69,0.69,,0.0,0,False
2026-03-22 20:29:00+00:00,,,,,,,,0.69,0.69,,0.0,0,False
2026-03-22 20:29:30+00:00,,,,,,,,0.69,0.69,,0.0,0,False
2026-03-22 20:30:00+00:00,,,,,,,,0.69,0.69,,0.0,0,False
2026-03-22 20:30:30+00:00,,,,,,,,0.69,0.69,,0.0,0,False
2026-03-22 20:31:00+00:00,,,,,,,,0.69,0.69,,0.0,0,False
2026-03-22 20:31:30+00:00,,,,,,,,0.69,0.69,,0.0,0,False
2026-03-22 20:32:00+00:00,,,,,,,,0.69,0.69,,0.0,0,False
2026-03-22 20:32:30+00:00,,,,,,,,0.69,0.69,,0.0,0,False
2026-03-22 20:33:00+00:00,,,,,,,,0.69,0.69,,0.0,0,False
2026-03-22 20:33:30+00:00,,,,,,,,0.69,0.69,,0.0,0,False
2026-03-22 20:34:00+00:00,,,,,,,,0.69,0.69,,0.0,0,False
2026-03-22 20:34:30+00:00,,,,,,,,0.69,0.69,,0.0,0,False
2026-03-22 20:35:00+00:00,,,,,,,,0.69,0.69,,0.0,0,False
2026-03-22 20:35:30+00:00,,,,,,,,0.69,0.69,,0.0,0,False
2026-03-22 20:36:00+00:00,,,,,,,,0.69,0.69,,0.0,0,False
2026-03-22 20:36:30+00:00,,,,,,,,0.69,0.69,,0.0,0,False
2026-03-22 20:37:00+00:00,,,,,,,,0.69,0.69,,0.0,0,False
2026-03-22 20:37:30+00:00,,,,,,,,0.69,0.69,,0.0,0,False
2026-03-22 20:38:00+00:00,,,,,,,,0.69,0.69,,0.0,0,False
2026-03-22 20:38:30+00:00,,,,,,,,0.69,0.69,,0.0,0,False
2026-03-22 20:39:00+00:00,,,,,,,,0.69,0.69,,0.0,0,False
2026-03-22 20:39:30+00:00,,,,,,,,0.69,0.69,,0.0,0,False
2026-03-22 20:40:00+00:00,,,,,,,,0.69,0.69,,0.0,0,False
2026-03-22 20:40:30+00:00,,,,,,,,0.69,0.69,,0.0,0,False
2026-03-22 20:41:00+00:00,,,,,,,,0.69,0.69,,0.0,0,False
2026-03-22 20:41:30+00:00,,,,,,,,0.69,0.69,,0.0,0,False
2026-03-22 20:42:00+00:00,,,,,,,,0.69,0.69,,0.0,0,False
2026-03-22 20:42:30+00:00,,,,,,,,0.69,0.69,,0.0,0,False
2026-03-22 20:43:00+00:00,,,,,,,,0.69,0.69,,0.0,0,False
2026-03-22 20:43:30+00:00,,,,,,,,0.69,0.69,,0.0,0,False
2026-03-22 20:44:00+00:00,,,,,,,,0.69,0.69,,0.0,0,False
2026-03-22 20:44:30+00:00,,,,,,,,0.69,0.69,,0.0,0,False
2026-03-22 20:45:00+00:00,,,,,,,,0.69,0.69,,0.0,0,False
2026-03-22 20:45:30+00:00,,,,,,,,0.71,0.71,,8.0,2,False
2026-03-22 20:46:00+00:00,,,,,,,,0.71,0.71,,0.0,0,False
2026-03-22 20:46:30+00:00,,,,,,,,0.71,0.71,,0.0,0,False
2026-03-22 20:47:00+00:00,,,,,,,,0.71,0.71,,0.0,0,False
2026-03-22 20:47:30+00:00,,,,,,,,0.71,0.71,,0.0,0,False
2026-03-22 20:48:00+00:00,,,,,,,,0.71,0.71,,0.0,0,False
2026-03-22 20:48:30+00:00,,,,,,,,0.71,0.71,,0.0,0,False
2026-03-22 20:49:00+00:00,,,,,,,,0.71,0.71,,0.0,0,False
2026-03-22 20:49:30+00:00,,,,,,,,0.71,0.71,,0.0,0,False
2026-03-22 20:50:00+00:00,,,,,,,,0.71,0.71,,0.0,0,False
2026-03-22 20:50:30+00:00,,,,,,,,0.72,0.72,,10.0,1,False
2026-03-22 20:51:00+00:00,,,,,,,,0.72,0.72,,0.0,0,False
2026-03-22 20:51:30+00:00,,,,,,,,0.72,0.72,,0.0,0,False
2026-03-22 20:52:00+00:00,,,,,,,,0.72,0.72,,0.0,0,False
2026-03-22 20:52:30+00:00,,,,,,,,0.72,0.72,,0.0,0,False
2026-03-22 20:53:00+00:00,,,,,,,,0.72,0.72,,0.0,0,False
2026-03-22 20:53:30+00:00,,,,,,,,0.72,0.72,,0.0,0,False
2026-03-22 20:54:00+00:00,,,,,,,,0.72,0.72,,0.0,0,False
2026-03-22 20:54:30+00:00,,,,,,,,0.72,0.72,,0.0,0,False
2026-03-22 20:55:00+00:00,,,,,,,,0.72,0.72,,0.0,0,False
2026-03-22 20:55:30+00:00,,,,,,,,0.72,0.72,,0.0,0,False
2026-03-22 20:56:00+00:00,,,,,,,,0.72,0.72,,0.0,0,False
2026-03-22 20:56:30+00:00,,,,,,,,0.72,0.72,,0.0,0,False
2026-03-22 20:57:00+00:00,,,,,,,,0.72,0.72,,0.0,0,False
2026-03-22 20:57:30+00:00,,,,,,,,0.72,0.72,,0.0,0,False
2026-03-22 20:58:00+00:00,,,,,,,,0.72,0.72,,0.0,0,False
2026-03-22 20:58:30+00:00,,,,,,,,0.72,0.72,,0.0,0,False
2026-03-22 20:59:00+00:00,,,,,,,,0.72,0.72,,0.0,0,False
2026-03-22 20:59:30+00:00,,,,,,,,0.72,0.72,,0.0,0,False
2026-03-22 21:00:00+00:00,,,,,,,,0.72,0.72,,0.0,0,False
2026-03-22 21:00:30+00:00,,,,,,,,0.72,0.72,,0.0,0,False
2026-03-22 21:01:00+00:00,,,,,,,,0.72,0.72,,0.0,0,False
2026-03-22 21:01:30+00:00,,,,,,,,0.72,0.72,,0.0,0,False
2026-03-22 21:02:00+00:00,,,,,,,,0.72,0.72,,0.0,0,False
2026-03-22 21:02:30+00:00,,,,,,,,0.72,0.72,,0.0,0,False
2026-03-22 21:03:00+00:00,,,,,,,,0.72,0.72,,0.0,0,False
2026-03-22 21:03:30+00:00,,,,,,,,0.72,0.72,,0.0,0,False
2026-03-22 21:04:00+00:00,,,,,,,,0.72,0.72,,0.0,0,False
2026-03-22 21:04:30+00:00,,,,,,,,0.72,0.72,,0.0,0,False
2026-03-22 21:05:00+00:00,,,,,,,,0.72,0.72,,0.0,0,False
2026-03-22 21:05:30+00:00,,,,,,,,0.72,0.72,,0.0,0,False
2026-03-22 21:06:00+00:00,,,,,,,,0.72,0.72,,0.0,0,False
2026-03-22 21:06:30+00:00,,,,,,,,0.72,0.72,,0.0,0,False
2026-03-22 21:07:00+00:00,,,,,,,,0.72,0.72,,0.0,0,False
2026-03-22 21:07:30+00:00,,,,,,,,0.72,0.72,,0.0,0,False
2026-03-22 21:08:00+00:00,,,,,,,,0.72,0.72,,0.0,0,False
2026-03-22 21:08:30+00:00,,,,,,,,0.72,0.72,,33.0,1,False
2026-03-22 21:09:00+00:00,,,,,,,,0.72,0.72,,0.0,0,False
2026-03-22 21:09:30+00:00,,,,,,,,0.72,0.72,,0.0,0,False
2026-03-22 21:10:00+00:00,,,,,,,,0.72,0.72,,0.0,0,False
2026-03-22 21:10:30+00:00,,,,,,,,0.72,0.72,,0.0,0,False
2026-03-22 21:11:00+00:00,,,,,,,,0.72,0.72,,0.0,0,False
2026-03-22 21:11:30+00:00,,,,,,,,0.72,0.72,,0.0,0,False
2026-03-22 21:12:00+00:00,,,,,,,,0.72,0.72,,0.0,0,False
2026-03-22 21:12:30+00:00,,,,,,,,0.72,0.72,,0.0,0,False
2026-03-22 21:13:00+00:00,,,,,,,,0.72,0.72,,0.0,0,False
2026-03-22 21:13:30+00:00,,,,,,,,0.72,0.72,,0.0,0,False
2026-03-22 21:14:00+00:00,,,,,,,,0.72,0.72,,0.0,0,False
2026-03-22 21:14:30+00:00,,,,,,,,0.72,0.72,,0.0,0,False
2026-03-22 21:15:00+00:00,,,,,,,,0.72,0.72,,0.0,0,False
2026-03-22 21:15:30+00:00,,,,,,,,0.72,0.72,,0.0,0,False
2026-03-22 21:16:00+00:00,,,,,,,,0.72,0.72,,0.0,0,False
2026-03-22 21:16:30+00:00,,,,,,,,0.72,0.72,,0.0,0,False
2026-03-22 21:17:00+00:00,,,,,,,,0.72,0.72,,0.0,0,False
2026-03-22 21:17:30+00:00,,,,,,,,0.72,0.72,,0.0,0,False
2026-03-22 21:18:00+00:00,,,,,,,,0.72,0.72,,0.0,0,False
2026-03-22 21:18:30+00:00,,,,,,,,0.72,0.72,,0.0,0,False
2026-03-22 21:19:00+00:00,,,,,,,,0.72,0.72,,0.0,0,False
2026-03-22 21:19:30+00:00,,,,,,,,0.72,0.72,,0.0,0,False
2026-03-22 21:20:00+00:00,,,,,,,,0.72,0.72,,0.0,0,False
2026-03-22 21:20:30+00:00,,,,,,,,0.72,0.72,,0.0,0,False
2026-03-22 21:21:00+00:00,,,,,,,,0.72,0.72,,0.0,0,False
2026-03-22 21:21:30+00:00,,,,,,,,0.72,0.72,,0.0,0,False
2026-03-22 21:22:00+00:00,,,,,,,,0.72,0.72,,0.0,0,False
2026-03-22 21:22:30+00:00,,,,,,,,0.72,0.72,,0.0,0,False
2026-03-22 21:23:00+00:00,,,,,,,,0.72,0.72,,0.0,0,False
2026-03-22 21:23:30+00:00,,,,,,,,0.72,0.72,,0.0,0,False
2026-03-22 21:24:00+00:00,,,,,,,,0.72,0.72,,0.0,0,False
2026-03-22 21:24:30+00:00,,,,,,,,0.72,0.72,,0.0,0,False
2026-03-22 21:25:00+00:00,,,,,,,,0.72,0.72,,0.0,0,False
2026-03-22 21:25:30+00:00,,,,,,,,0.72,0.72,,0.0,0,False
2026-03-22 21:26:00+00:00,,,,,,,,0.72,0.72,,0.0,0,False
2026-03-22 21:26:30+00:00,,,,,,,,0.72,0.72,,0.0,0,False
2026-03-22 21:27:00+00:00,,,,,,,,0.72,0.72,,0.0,0,False
2026-03-22 21:27:30+00:00,,,,,,,,0.72,0.72,,0.0,0,False
2026-03-22 21:28:00+00:00,,,,,,,,0.72,0.72,,0.0,0,False
2026-03-22 21:28:30+00:00,,,,,,,,0.72,0.72,,0.0,0,False
2026-03-22 21:29:00+00:00,,,,,,,,0.72,0.72,,0.0,0,False
2026-03-22 21:29:30+00:00,,,,,,,,0.72,0.72,,0.0,0,False
2026-03-22 21:30:00+00:00,,,,,,,,0.72,0.72,,0.0,0,False
2026-03-22 21:30:30+00:00,,,,,,,,0.72,0.72,,0.0,0,False
2026-03-22 21:31:00+00:00,,,,,,,,0.72,0.72,,0.0,0,False
2026-03-22 21:31:30+00:00,,,,,,,,0.72,0.72,,0.0,0,False
2026-03-22 21:32:00+00:00,,,,,,,,0.72,0.72,,0.0,0,False
2026-03-22 21:32:30+00:00,,,,,,,,0.72,0.72,,0.0,0,False
2026-03-22 21:33:00+00:00,,,,,,,,0.72,0.72,,0.0,0,False
2026-03-22 21:33:30+00:00,,,,,,,,0.72,0.72,,0.0,0,False
2026-03-22 21:34:00+00:00,,,,,,,,0.72,0.72,,0.0,0,False
2026-03-22 21:34:30+00:00,,,,,,,,0.72,0.72,,0.0,0,False
2026-03-22 21:35:00+00:00,,,,,,,,0.72,0.72,,0.0,0,False
2026-03-22 21:35:30+00:00,,,,,,,,0.72,0.72,,0.0,0,False
2026-03-22 21:36:00+00:00,,,,,,,,0.72,0.72,,0.0,0,False
2026-03-22 21:36:30+00:00,,,,,,,,0.72,0.72,,0.0,0,False
2026-03-22 21:37:00+00:00,,,,,,,,0.72,0.72,,0.0,0,False
2026-03-22 21:37:30+00:00,,,,,,,,0.72,0.72,,0.0,0,False
2026-03-22 21:38:00+00:00,,,,,,,,0.72,0.72,,0.0,0,False
2026-03-22 21:38:30+00:00,,,,,,,,0.72,0.72,,0.0,0,False
2026-03-22 21:39:00+00:00,,,,,,,,0.72,0.72,,0.0,0,False
2026-03-22 21:39:30+00:00,,,,,,,,0.72,0.72,,0.0,0,False
2026-03-22 21:40:00+00:00,,,,,,,,0.72,0.72,,0.0,0,False
2026-03-22 21:40:30+00:00,,,,,,,,0.72,0.72,,0.0,0,False
2026-03-22 21:41:00+00:00,,,,,,,,0.72,0.72,,0.0,0,False
2026-03-22 21:41:30+00:00,,,,,,,,0.72,0.72,,0.0,0,False
2026-03-22 21:42:00+00:00,,,,,,,,0.72,0.72,,0.0,0,False
2026-03-22 21:42:30+00:00,,,,,,,,0.72,0.72,,0.0,0,False
2026-03-22 21:43:00+00:00,,,,,,,,0.72,0.72,,0.0,0,False
2026-03-22 21:43:30+00:00,,,,,,,,0.72,0.72,,0.0,0,False
2026-03-22 21:44:00+00:00,,,,,,,,0.72,0.72,,0.0,0,False
2026-03-22 21:44:30+00:00,,,,,,,,0.72,0.72,,0.0,0,False
2026-03-22 21:45:00+00:00,,,,,,,,0.72,0.72,,0.0,0,False
2026-03-22 21:45:30+00:00,,,,,,,,0.72,0.72,,0.0,0,False
2026-03-22 21:46:00+00:00,,,,,,,,0.72,0.72,,0.0,0,False
2026-03-22 21:46:30+00:00,,,,,,,,0.72,0.72,,0.0,0,False
2026-03-22 21:47:00+00:00,,,,,,,,0.72,0.72,,0.0,0,False
2026-03-22 21:47:30+00:00,,,,,,,,0.72,0.72,,0.0,0,False
2026-03-22 21:48:00+00:00,,,,,,,,0.72,0.72,,0.0,0,False
2026-03-22 21:48:30+00:00,,,,,,,,0.72,0.72,,0.0,0,False
2026-03-22 21:49:00+00:00,,,,,,,,0.7200000000000001,0.72,,6.0,1,False
2026-03-22 21:49:30+00:00,,,,,,,,0.7200000000000001,0.72,,0.0,0,False
2026-03-22 21:50:00+00:00,,,,,,,,0.72,0.72,,34.0,1,False
2026-03-22 21:50:30+00:00,,,,,,,,0.72,0.72,,34.0,1,False
2026-03-22 21:51:00+00:00,,,,,,,,0.72,0.72,,0.0,0,False
2026-03-22 21:51:30+00:00,,,,,,,,0.72,0.72,,0.0,0,False
2026-03-22 21:52:00+00:00,,,,,,,,0.72,0.72,,0.0,0,False
2026-03-22 21:52:30+00:00,,,,,,,,0.72,0.72,,0.0,0,False
2026-03-22 21:53:00+00:00,,,,,,,,0.72,0.72,,0.0,0,False
2026-03-22 21:53:30+00:00,,,,,,,,0.72,0.72,,0.0,0,False
2026-03-22 21:54:00+00:00,,,,,,,,0.72,0.72,,8.0,1,False
2026-03-22 21:54:30+00:00,,,,,,,,0.72,0.72,,0.0,0,False
2026-03-22 21:55:00+00:00,,,,,,,,0.72,0.72,,0.0,0,False
2026-03-22 21:55:30+00:00,,,,,,,,0.72,0.72,,0.0,0,False
2026-03-22 21:56:00+00:00,,,,,,,,0.72,0.72,,0.0,0,False
2026-03-22 21:56:30+00:00,,,,,,,,0.72,0.72,,0.0,0,False
2026-03-22 21:57:00+00:00,,,,,,,,0.72,0.72,,0.0,0,False
2026-03-22 21:57:30+00:00,,,,,,,,0.72,0.72,,0.0,0,False
2026-03-22 21:58:00+00:00,,,,,,,,0.72,0.72,,0.0,0,False
2026-03-22 21:58:30+00:00,,,,,,,,0.72,0.72,,0.0,0,False
2026-03-22 21:59:00+00:00,,,,,,,,0.72,0.72,,0.0,0,False
2026-03-22 21:59:30+00:00,,,,,,,,0.72,0.72,,0.0,0,False
2026-03-22 22:00:00+00:00,,,,,,,,0.72,0.72,,0.0,0,False
2026-03-22 22:00:30+00:00,,,,,,,,0.72,0.72,,0.0,0,False
2026-03-22 22:01:00+00:00,,,,,,,,0.72,0.72,,0.0,0,False
2026-03-22 22:01:30+00:00,,,,,,,,0.72,0.72,,0.0,0,False
2026-03-22 22:02:00+00:00,,,,,,,,0.72,0.72,,0.0,0,False
2026-03-22 22:02:30+00:00,,,,,,,,0.72,0.72,,0.0,0,False
2026-03-22 22:03:00+00:00,,,,,,,,0.72,0.72,,0.0,0,False
2026-03-22 22:03:30+00:00,,,,,,,,0.72,0.72,,0.0,0,False
2026-03-22 22:04:00+00:00,,,,,,,,0.72,0.72,,0.0,0,False
2026-03-22 22:04:30+00:00,,,,,,,,0.72,0.72,,0.0,0,False
2026-03-22 22:05:00+00:00,,,,,,,,0.72,0.72,,0.0,0,False
2026-03-22 22:05:30+00:00,,,,,,,,0.72,0.72,,0.0,0,False
2026-03-22 22:06:00+00:00,,,,,,,,0.72,0.72,,0.0,0,False
2026-03-22 22:06:30+00:00,,,,,,,,0.72,0.72,,20.0,1,False
2026-03-22 22:07:00+00:00,,,,,,,,0.72,0.72,,0.0,0,False
2026-03-22 22:07:30+00:00,,,,,,,,0.72,0.72,,0.0,0,False
2026-03-22 22:08:00+00:00,,,,,,,,0.72,0.72,,0.0,0,False
2026-03-22 22:08:30+00:00,,,,,,,,0.72,0.72,,0.0,0,False
2026-03-22 22:09:00+00:00,,,,,,,,0.72,0.72,,0.0,0,False
2026-03-22 22:09:30+00:00,,,,,,,,0.72,0.72,,0.0,0,False
2026-03-22 22:10:00+00:00,,,,,,,,0.72,0.72,,0.0,0,False
2026-03-22 22:10:30+00:00,,,,,,,,0.72,0.72,,0.0,0,False
2026-03-22 22:11:00+00:00,,,,,,,,0.72,0.72,,0.0,0,False
2026-03-22 22:11:30+00:00,,,,,,,,0.72,0.72,,0.0,0,False
2026-03-22 22:12:00+00:00,,,,,,,,0.72,0.72,,0.0,0,False
2026-03-22 22:12:30+00:00,,,,,,,,0.72,0.72,,0.0,0,False
2026-03-22 22:13:00+00:00,,,,,,,,0.72,0.72,,0.0,0,False
2026-03-22 22:13:30+00:00,,,,,,,,0.72,0.72,,0.0,0,False
2026-03-22 22:14:00+00:00,,,,,,,,0.72,0.72,,0.0,0,False
2026-03-22 22:14:30+00:00,,,,,,,,0.72,0.72,,0.0,0,False
2026-03-22 22:15:00+00:00,,,,,,,,0.72,0.72,,0.0,0,False
2026-03-22 22:15:30+00:00,,,,,,,,0.72,0.72,,0.0,0,False
2026-03-22 22:16:00+00:00,,,,,,,,0.72,0.72,,0.0,0,False
2026-03-22 22:16:30+00:00,,,,,,,,0.72,0.72,,0.0,0,False
2026-03-22 22:17:00+00:00,,,,,,,,0.72,0.72,,0.0,0,False
2026-03-22 22:17:30+00:00,,,,,,,,0.72,0.72,,0.0,0,False
2026-03-22 22:18:00+00:00,,,,,,,,0.72,0.72,,0.0,0,False
2026-03-22 22:18:30+00:00,,,,,,,,0.72,0.72,,0.0,0,False
2026-03-22 22:19:00+00:00,,,,,,,,0.72,0.72,,0.0,0,False
2026-03-22 22:19:30+00:00,,,,,,,,0.72,0.72,,0.0,0,False
2026-03-22 22:20:00+00:00,,,,,,,,0.72,0.72,,0.0,0,False
2026-03-22 22:20:30+00:00,,,,,,,,0.72,0.72,,0.0,0,False
2026-03-22 22:21:00+00:00,,,,,,,,0.72,0.72,,0.0,0,False
2026-03-22 22:21:30+00:00,,,,,,,,0.72,0.72,,0.0,0,False
2026-03-22 22:22:00+00:00,,,,,,,,0.72,0.72,,0.0,0,False
2026-03-22 22:22:30+00:00,,,,,,,,0.72,0.72,,0.0,0,False
2026-03-22 22:23:00+00:00,,,,,,,,0.72,0.72,,0.0,0,False
2026-03-22 22:23:30+00:00,,,,,,,,0.72,0.72,,0.0,0,False
2026-03-22 22:24:00+00:00,,,,,,,,0.72,0.72,,0.0,0,False
2026-03-22 22:24:30+00:00,,,,,,,,0.72,0.72,,0.0,0,False
2026-03-22 22:25:00+00:00,,,,,,,,0.72,0.72,,0.0,0,False
2026-03-22 22:25:30+00:00,,,,,,,,0.72,0.72,,0.0,0,False
2026-03-22 22:26:00+00:00,,,,,,,,0.72,0.72,,0.0,0,False
2026-03-22 22:26:30+00:00,,,,,,,,0.72,0.72,,0.0,0,False
2026-03-22 22:27:00+00:00,,,,,,,,0.72,0.72,,0.0,0,False
2026-03-22 22:27:30+00:00,,,,,,,,0.72,0.72,,0.0,0,False
2026-03-22 22:28:00+00:00,,,,,,,,0.72,0.72,,0.0,0,False
2026-03-22 22:28:30+00:00,,,,,,,,0.72,0.72,,0.0,0,False
2026-03-22 22:29:00+00:00,,,,,,,,0.72,0.72,,0.0,0,False
2026-03-22 22:29:30+00:00,,,,,,,,0.72,0.72,,0.0,0,False
2026-03-22 22:30:00+00:00,,,,,,,,0.72,0.72,,0.0,0,False
2026-03-22 22:30:30+00:00,,,,,,,,0.72,0.72,,0.0,0,False
2026-03-22 22:31:00+00:00,,,,,,,,0.72,0.72,,0.0,0,False
2026-03-22 22:31:30+00:00,,,,,,,,0.72,0.72,,0.0,0,False
2026-03-22 22:32:00+00:00,,,,,,,,0.72,0.72,,0.0,0,False
2026-03-22 22:32:30+00:00,,,,,,,,0.72,0.72,,0.0,0,False
2026-03-22 22:33:00+00:00,,,,,,,,0.72,0.72,,0.0,0,False
2026-03-22 22:33:30+00:00,,,,,,,,0.69,0.69,,38.0,1,False
2026-03-22 22:34:00+00:00,,,,,,,,0.69,0.69,,0.0,0,False
2026-03-22 22:34:30+00:00,,,,,,,,0.69,0.69,,0.0,0,False
2026-03-22 22:35:00+00:00,,,,,,,,0.69,0.69,,0.0,0,False
2026-03-22 22:35:30+00:00,,,,,,,,0.69,0.69,,0.0,0,False
2026-03-22 22:36:00+00:00,,,,,,,,0.69,0.69,,0.0,0,False
2026-03-22 22:36:30+00:00,,,,,,,,0.69,0.69,,0.0,0,False
2026-03-22 22:37:00+00:00,,,,,,,,0.69,0.69,,0.0,0,False
2026-03-22 22:37:30+00:00,,,,,,,,0.69,0.69,,0.0,0,False
2026-03-22 22:38:00+00:00,,,,,,,,0.69,0.69,,0.0,0,False
2026-03-22 22:38:30+00:00,,,,,,,,0.69,0.69,,0.0,0,False
2026-03-22 22:39:00+00:00,,,,,,,,0.69,0.69,,0.0,0,False
2026-03-22 22:39:30+00:00,,,,,,,,0.69,0.69,,0.0,0,False
2026-03-22 22:40:00+00:00,,,,,,,,0.69,0.69,,0.0,0,False
2026-03-22 22:40:30+00:00,,,,,,,,0.69,0.69,,0.0,0,False
2026-03-22 22:41:00+00:00,,,,,,,,0.69,0.69,,0.0,0,False
2026-03-22 22:41:30+00:00,,,,,,,,0.69,0.69,,0.0,0,False
2026-03-22 22:42:00+00:00,,,,,,,,0.69,0.69,,0.0,0,False
2026-03-22 22:42:30+00:00,,,,,,,,0.69,0.69,,0.0,0,False
2026-03-22 22:43:00+00:00,,,,,,,,0.69,0.69,,0.0,0,False
2026-03-22 22:43:30+00:00,,,,,,,,0.69,0.69,,0.0,0,False
2026-03-22 22:44:00+00:00,,,,,,,,0.69,0.69,,0.0,0,False
2026-03-22 22:44:30+00:00,,,,,,,,0.6900000000000001,0.69,,14.0,1,False
2026-03-22 22:45:00+00:00,,,,,,,,0.6900000000000001,0.69,,0.0,0,False
2026-03-22 22:45:30+00:00,,,,,,,,0.6900000000000001,0.69,,0.0,0,False
2026-03-22 22:46:00+00:00,,,,,,,,0.6900000000000001,0.69,,0.0,0,False
2026-03-22 22:46:30+00:00,,,,,,,,0.6900000000000001,0.69,,0.0,0,False
2026-03-22 22:47:00+00:00,,,,,,,,0.72,0.72,,74.0,1,False
2026-03-22 22:47:30+00:00,,,,,,,,0.72,0.72,,0.0,0,False
2026-03-22 22:48:00+00:00,,,,,,,,0.72,0.72,,0.0,0,False
2026-03-22 22:48:30+00:00,,,,,,,,0.72,0.72,,0.0,0,False
2026-03-22 22:49:00+00:00,,,,,,,,0.72,0.72,,0.0,0,False
2026-03-22 22:49:30+00:00,,,,,,,,0.72,0.72,,0.0,0,False
2026-03-22 22:50:00+00:00,,,,,,,,0.72,0.72,,0.0,0,False
2026-03-22 22:50:30+00:00,,,,,,,,0.72,0.72,,0.0,0,False
2026-03-22 22:51:00+00:00,,,,,,,,0.72,0.72,,0.0,0,False
2026-03-22 22:51:30+00:00,,,,,,,,0.72,0.72,,0.0,0,False
2026-03-22 22:52:00+00:00,,,,,,,,0.72,0.72,,0.0,0,False
2026-03-22 22:52:30+00:00,,,,,,,,0.72,0.72,,0.0,0,False
2026-03-22 22:53:00+00:00,,,,,,,,0.6900000000000001,0.69,,7.0,1,False
2026-03-22 22:53:30+00:00,,,,,,,,0.6900000000000001,0.69,,0.0,0,False
2026-03-22 22:54:00+00:00,,,,,,,,0.6999999999999998,0.7,,6.0,1,False
2026-03-22 22:54:30+00:00,,,,,,,,0.6999999999999998,0.7,,0.0,0,False
2026-03-22 22:55:00+00:00,,,,,,,,0.6999999999999998,0.7,,0.0,0,False
2026-03-22 22:55:30+00:00,,,,,,,,0.6999999999999998,0.7,,0.0,0,False
2026-03-22 22:56:00+00:00,,,,,,,,0.6999999999999998,0.7,,0.0,0,False
2026-03-22 22:56:30+00:00,,,,,,,,0.6999999999999998,0.7,,0.0,0,False
2026-03-22 22:57:00+00:00,,,,,,,,0.6999999999999998,0.7,,0.0,0,False
2026-03-22 22:57:30+00:00,,,,,,,,0.6999999999999998,0.7,,0.0,0,False
2026-03-22 22:58:00+00:00,,,,,,,,0.6999999999999998,0.7,,0.0,0,False
2026-03-22 22:58:30+00:00,,,,,,,,0.6999999999999998,0.7,,0.0,0,False
2026-03-22 22:59:00+00:00,,,,,,,,0.6999999999999998,0.7,,0.0,0,False
2026-03-22 22:59:30+00:00,,,,,,,,0.6999999999999998,0.7,,0.0,0,False
2026-03-22 23:00:00+00:00,,,,,,,,0.6999999999999998,0.7,,0.0,0,False
2026-03-22 23:00:30+00:00,,,,,,,,0.6999999999999998,0.7,,0.0,0,False
2026-03-22 23:01:00+00:00,,,,,,,,0.6999999999999998,0.7,,0.0,0,False
2026-03-22 23:01:30+00:00,,,,,,,,0.7280769230769231,0.73,,26.0,3,False
2026-03-22 23:02:00+00:00,,,,,,,,0.7280769230769231,0.73,,0.0,0,False
2026-03-22 23:02:30+00:00,,,,,,,,0.7280769230769231,0.73,,0.0,0,False
2026-03-22 23:03:00+00:00,,,,,,,,0.7280769230769231,0.73,,0.0,0,False
2026-03-22 23:03:30+00:00,,,,,,,,0.7280769230769231,0.73,,0.0,0,False
2026-03-22 23:04:00+00:00,,,,,,,,0.7280769230769231,0.73,,0.0,0,False
2026-03-22 23:04:30+00:00,,,,,,,,0.7280769230769231,0.73,,0.0,0,False
2026-03-22 23:05:00+00:00,,,,,,,,0.7280769230769231,0.73,,0.0,0,False
2026-03-22 23:05:30+00:00,,,,,,,,0.7280769230769231,0.73,,0.0,0,False
2026-03-22 23:06:00+00:00,,,,,,,,0.7280769230769231,0.73,,0.0,0,False
2026-03-22 23:06:30+00:00,,,,,,,,0.7280769230769231,0.73,,0.0,0,False
2026-03-22 23:07:00+00:00,,,,,,,,0.7280769230769231,0.73,,0.0,0,False
2026-03-22 23:07:30+00:00,,,,,,,,0.7280769230769231,0.73,,0.0,0,False
2026-03-22 23:08:00+00:00,,,,,,,,0.7280769230769231,0.73,,0.0,0,False
2026-03-22 23:08:30+00:00,,,,,,,,0.7280769230769231,0.73,,0.0,0,False
2026-03-22 23:09:00+00:00,,,,,,,,0.7280769230769231,0.73,,0.0,0,False
2026-03-22 23:09:30+00:00,,,,,,,,0.7280769230769231,0.73,,0.0,0,False
2026-03-22 23:10:00+00:00,,,,,,,,0.7280769230769231,0.73,,0.0,0,False
2026-03-22 23:10:30+00:00,,,,,,,,0.7280769230769231,0.73,,0.0,0,False
2026-03-22 23:11:00+00:00,,,,,,,,0.7,0.7,,15.0,1,False
2026-03-22 23:11:30+00:00,,,,,,,,0.7,0.7,,0.0,0,False
2026-03-22 23:12:00+00:00,,,,,,,,0.7,0.7,,0.0,0,False
2026-03-22 23:12:30+00:00,,,,,,,,0.7,0.7,,0.0,0,False
2026-03-22 23:13:00+00:00,,,,,,,,0.7,0.7,,0.0,0,False
2026-03-22 23:13:30+00:00,,,,,,,,0.7,0.7,,0.0,0,False
2026-03-22 23:14:00+00:00,,,,,,,,0.7,0.7,,0.0,0,False
2026-03-22 23:14:30+00:00,,,,,,,,0.7,0.7,,0.0,0,False
2026-03-22 23:15:00+00:00,,,,,,,,0.7,0.7,,0.0,0,False
2026-03-22 23:15:30+00:00,,,,,,,,0.7,0.7,,0.0,0,False
2026-03-22 23:16:00+00:00,,,,,,,,0.7,0.7,,0.0,0,False
2026-03-22 23:16:30+00:00,,,,,,,,0.7,0.7,,0.0,0,False
2026-03-22 23:17:00+00:00,,,,,,,,0.72,0.72,,15.0,1,False
2026-03-22 23:17:30+00:00,,,,,,,,0.72,0.72,,0.0,0,False
2026-03-22 23:18:00+00:00,,,,,,,,0.7240298507462685,0.72,,134.0,3,False
2026-03-22 23:18:30+00:00,,,,,,,,0.7240298507462685,0.72,,0.0,0,False
2026-03-22 23:19:00+00:00,,,,,,,,0.7240298507462685,0.72,,0.0,0,False
2026-03-22 23:19:30+00:00,,,,,,,,0.7240298507462685,0.72,,0.0,0,False
2026-03-22 23:20:00+00:00,,,,,,,,0.7240298507462685,0.72,,0.0,0,False
2026-03-22 23:20:30+00:00,,,,,,,,0.7240298507462685,0.72,,0.0,0,False
2026-03-22 23:21:00+00:00,,,,,,,,0.7240298507462685,0.72,,0.0,0,False
2026-03-22 23:21:30+00:00,,,,,,,,0.7240298507462685,0.72,,0.0,0,False
2026-03-22 23:22:00+00:00,,,,,,,,0.7,0.7,,200.0,1,False
2026-03-22 23:22:30+00:00,,,,,,,,0.7,0.7,,0.0,0,False
2026-03-22 23:23:00+00:00,,,,,,,,0.7,0.7,,0.0,0,False
2026-03-22 23:23:30+00:00,,,,,,,,0.7,0.7,,0.0,0,False
2026-03-22 23:24:00+00:00,,,,,,,,0.7,0.7,,0.0,0,False
2026-03-22 23:24:30+00:00,,,,,,,,0.7,0.7,,0.0,0,False
2026-03-22 23:25:00+00:00,,,,,,,,0.7,0.7,,0.0,0,False
2026-03-22 23:25:30+00:00,,,,,,,,0.7,0.7,,0.0,0,False
2026-03-22 23:26:00+00:00,,,,,,,,0.7,0.7,,0.0,0,False
2026-03-22 23:26:30+00:00,,,,,,,,0.7,0.7,,0.0,0,False
2026-03-22 23:27:00+00:00,,,,,,,,0.7,0.7,,0.0,0,False
2026-03-22 23:27:30+00:00,,,,,,,,0.7,0.7,,15.0,1,False
2026-03-22 23:28:00+00:00,,,,,,,,0.7,0.7,,0.0,0,False
2026-03-22 23:28:30+00:00,,,,,,,,0.7,0.7,,0.0,0,False
2026-03-22 23:29:00+00:00,,,,,,,,0.7,0.7,,0.0,0,False
2026-03-22 23:29:30+00:00,,,,,,,,0.7,0.7,,0.0,0,False
2026-03-22 23:30:00+00:00,,,,,,,,0.7,0.7,,0.0,0,False
2026-03-22 23:30:30+00:00,,,,,,,,0.7,0.7,,0.0,0,False
2026-03-22 23:31:00+00:00,,,,,,,,0.7,0.7,,0.0,0,False
2026-03-22 23:31:30+00:00,,,,,,,,0.7,0.7,,0.0,0,False
2026-03-22 23:32:00+00:00,,,,,,,,0.7,0.7,,0.0,0,False
2026-03-22 23:32:30+00:00,,,,,,,,0.7,0.7,,0.0,0,False
2026-03-22 23:33:00+00:00,,,,,,,,0.7,0.7,,0.0,0,False
2026-03-22 23:33:30+00:00,,,,,,,,0.7,0.7,,0.0,0,False
2026-03-22 23:34:00+00:00,,,,,,,,0.7,0.7,,0.0,0,False
2026-03-22 23:34:30+00:00,,,,,,,,0.7,0.7,,0.0,0,False
2026-03-22 23:35:00+00:00,,,,,,,,0.7,0.7,,0.0,0,False
2026-03-22 23:35:30+00:00,,,,,,,,0.7,0.7,,0.0,0,False
2026-03-22 23:36:00+00:00,,,,,,,,0.7,0.7,,0.0,0,False
2026-03-22 23:36:30+00:00,,,,,,,,0.73,0.73,,133.0,1,False
2026-03-22 23:37:00+00:00,,,,,,,,0.73,0.73,,0.0,0,False
2026-03-22 23:37:30+00:00,,,,,,,,0.73,0.73,,0.0,0,False
2026-03-22 23:38:00+00:00,,,,,,,,0.73,0.73,,1.0,1,False
2026-03-22 23:38:30+00:00,,,,,,,,0.73,0.73,,0.0,0,False
2026-03-22 23:39:00+00:00,,,,,,,,0.73,0.73,,0.0,0,False
2026-03-22 23:39:30+00:00,,,,,,,,0.73,0.73,,0.0,0,False
2026-03-22 23:40:00+00:00,,,,,,,,0.73,0.73,,0.0,0,False
2026-03-22 23:40:30+00:00,,,,,,,,0.73,0.73,,0.0,0,False
2026-03-22 23:41:00+00:00,,,,,,,,0.73,0.73,,0.0,0,False
2026-03-22 23:41:30+00:00,,,,,,,,0.73,0.73,,1.0,1,False
2026-03-22 23:42:00+00:00,,,,,,,,0.73,0.73,,0.0,0,False
2026-03-22 23:42:30+00:00,,,,,,,,0.73,0.73,,0.0,0,False
2026-03-22 23:43:00+00:00,,,,,,,,0.73,0.73,,0.0,0,False
2026-03-22 23:43:30+00:00,,,,,,,,0.73,0.73,,0.0,0,False
2026-03-22 23:44:00+00:00,,,,,,,,0.73,0.73,,0.0,0,False
2026-03-22 23:44:30+00:00,,,,,,,,0.73,0.73,,0.0,0,False
2026-03-22 23:45:00+00:00,,,,,,,,0.73,0.73,,0.0,0,False
2026-03-22 23:45:30+00:00,,,,,,,,0.73,0.73,,0.0,0,False
2026-03-22 23:46:00+00:00,,,,,,,,0.73,0.73,,0.0,0,False
2026-03-22 23:46:30+00:00,,,,,,,,0.73,0.73,,0.0,0,False
2026-03-22 23:47:00+00:00,,,,,,,,0.73,0.73,,0.0,0,False
2026-03-22 23:47:30+00:00,,,,,,,,0.73,0.73,,0.0,0,False
2026-03-22 23:48:00+00:00,,,,,,,,0.73,0.73,,0.0,0,False
2026-03-22 23:48:30+00:00,,,,,,,,0.73,0.73,,0.0,0,False
2026-03-22 23:49:00+00:00,,,,,,,,0.73,0.73,,0.0,0,False
2026-03-22 23:49:30+00:00,,,,,,,,0.73,0.73,,0.0,0,False
2026-03-22 23:50:00+00:00,,,,,,,,0.73,0.73,,0.0,0,False
2026-03-22 23:50:30+00:00,,,,,,,,0.73,0.73,,0.0,0,False
2026-03-22 23:51:00+00:00,,,,,,,,0.73,0.73,,0.0,0,False
2026-03-22 23:51:30+00:00,,,,,,,,0.73,0.73,,0.0,0,False
2026-03-22 23:52:00+00:00,,,,,,,,0.73,0.73,,0.0,0,False
2026-03-22 23:52:30+00:00,,,,,,,,0.73,0.73,,0.0,0,False
2026-03-22 23:53:00+00:00,,,,,,,,0.73,0.73,,0.0,0,False
2026-03-22 23:53:30+00:00,,,,,,,,0.73,0.73,,0.0,0,False
2026-03-22 23:54:00+00:00,,,,,,,,0.73,0.73,,0.0,0,False
2026-03-22 23:54:30+00:00,,,,,,,,0.73,0.73,,0.0,0,False
2026-03-22 23:55:00+00:00,,,,,,,,0.73,0.73,,0.0,0,False
2026-03-22 23:55:30+00:00,,,,,,,,0.73,0.73,,0.0,0,False
2026-03-22 23:56:00+00:00,,,,,,,,0.73,0.73,,0.0,0,False
2026-03-22 23:56:30+00:00,,,,,,,,0.73,0.73,,0.0,0,False
2026-03-22 23:57:00+00:00,,,,,,,,0.73,0.73,,0.0,0,False
2026-03-22 23:57:30+00:00,,,,,,,,0.73,0.73,,0.0,0,False
2026-03-22 23:58:00+00:00,,,,,,,,0.73,0.73,,0.0,0,False
2026-03-22 23:58:30+00:00,,,,,,,,0.73,0.73,,0.0,0,False
2026-03-22 23:59:00+00:00,,,,,,,,0.73,0.73,,0.0,0,False
2026-03-22 23:59:30+00:00,,,,,,,,0.73,0.73,,0.0,0,False
2026-03-23 00:00:00+00:00,,,,,,,,0.73,0.73,,0.0,0,False
2026-03-23 00:00:30+00:00,,,,,,,,0.73,0.73,,0.0,0,False
2026-03-23 00:01:00+00:00,,,,,,,,0.7199999999999999,0.72,,27.0,1,False
2026-03-23 00:01:30+00:00,,,,,,,,0.7199999999999999,0.72,,0.0,0,False
2026-03-23 00:02:00+00:00,,,,,,,,0.7199999999999999,0.72,,0.0,0,False
2026-03-23 00:02:30+00:00,,,,,,,,0.7199999999999999,0.72,,0.0,0,False
2026-03-23 00:03:00+00:00,,,,,,,,0.7199999999999999,0.72,,0.0,0,False
2026-03-23 00:03:30+00:00,,,,,,,,0.7199999999999999,0.72,,0.0,0,False
2026-03-23 00:04:00+00:00,,,,,,,,0.7199999999999999,0.72,,0.0,0,False
2026-03-23 00:04:30+00:00,,,,,,,,0.7199999999999999,0.72,,0.0,0,False
2026-03-23 00:05:00+00:00,,,,,,,,0.7199999999999999,0.72,,0.0,0,False
2026-03-23 00:05:30+00:00,,,,,,,,0.7199999999999999,0.72,,0.0,0,False
2026-03-23 00:06:00+00:00,,,,,,,,0.7199999999999999,0.72,,0.0,0,False
2026-03-23 00:06:30+00:00,,,,,,,,0.7199999999999999,0.72,,0.0,0,False
2026-03-23 00:07:00+00:00,,,,,,,,0.7199999999999999,0.72,,0.0,0,False
2026-03-23 00:07:30+00:00,,,,,,,,0.7199999999999999,0.72,,0.0,0,False
2026-03-23 00:08:00+00:00,,,,,,,,0.7199999999999999,0.72,,0.0,0,False
2026-03-23 00:08:30+00:00,,,,,,,,0.7199999999999999,0.72,,0.0,0,False
2026-03-23 00:09:00+00:00,,,,,,,,0.7199999999999999,0.72,,0.0,0,False
2026-03-23 00:09:30+00:00,,,,,,,,0.7199999999999999,0.72,,0.0,0,False
2026-03-23 00:10:00+00:00,,,,,,,,0.7199999999999999,0.72,,0.0,0,False
2026-03-23 00:10:30+00:00,,,,,,,,0.7199999999999999,0.72,,0.0,0,False
2026-03-23 00:11:00+00:00,,,,,,,,0.7199999999999999,0.72,,0.0,0,False
2026-03-23 00:11:30+00:00,,,,,,,,0.7199999999999999,0.72,,0.0,0,False
2026-03-23 00:12:00+00:00,,,,,,,,0.7199999999999999,0.72,,0.0,0,False
2026-03-23 00:12:30+00:00,,,,,,,,0.7199999999999999,0.72,,0.0,0,False
2026-03-23 00:13:00+00:00,,,,,,,,0.7199999999999999,0.72,,0.0,0,False
2026-03-23 00:13:30+00:00,,,,,,,,0.7199999999999999,0.72,,0.0,0,False
2026-03-23 00:14:00+00:00,,,,,,,,0.7199999999999999,0.72,,0.0,0,False
2026-03-23 00:14:30+00:00,,,,,,,,0.7199999999999999,0.72,,0.0,0,False
2026-03-23 00:15:00+00:00,,,,,,,,0.7199999999999999,0.72,,0.0,0,False
2026-03-23 00:15:30+00:00,,,,,,,,0.7199999999999999,0.72,,0.0,0,False
2026-03-23 00:16:00+00:00,,,,,,,,0.7199999999999999,0.72,,0.0,0,False
2026-03-23 00:16:30+00:00,,,,,,,,0.7199999999999999,0.72,,0.0,0,False
2026-03-23 00:17:00+00:00,,,,,,,,0.7199999999999999,0.72,,0.0,0,False
2026-03-23 00:17:30+00:00,,,,,,,,0.7199999999999999,0.72,,0.0,0,False
2026-03-23 00:18:00+00:00,,,,,,,,0.7199999999999999,0.72,,0.0,0,False
2026-03-23 00:18:30+00:00,,,,,,,,0.7199999999999999,0.72,,0.0,0,False
2026-03-23 00:19:00+00:00,,,,,,,,0.7199999999999999,0.72,,0.0,0,False
2026-03-23 00:19:30+00:00,,,,,,,,0.7199999999999999,0.72,,0.0,0,False
2026-03-23 00:20:00+00:00,,,,,,,,0.7199999999999999,0.72,,0.0,0,False
2026-03-23 00:20:30+00:00,,,,,,,,0.7199999999999999,0.72,,0.0,0,False
2026-03-23 00:21:00+00:00,,,,,,,,0.7199999999999999,0.72,,0.0,0,False
2026-03-23 00:21:30+00:00,,,,,,,,0.7199999999999999,0.72,,0.0,0,False
2026-03-23 00:22:00+00:00,,,,,,,,0.7199999999999999,0.72,,0.0,0,False
2026-03-23 00:22:30+00:00,,,,,,,,0.7199999999999999,0.72,,0.0,0,False
2026-03-23 00:23:00+00:00,,,,,,,,0.7199999999999999,0.72,,0.0,0,False
2026-03-23 00:23:30+00:00,,,,,,,,0.7199999999999999,0.72,,0.0,0,False
2026-03-23 00:24:00+00:00,,,,,,,,0.7199999999999999,0.72,,0.0,0,False
2026-03-23 00:24:30+00:00,,,,,,,,0.7199999999999999,0.72,,0.0,0,False
2026-03-23 00:25:00+00:00,,,,,,,,0.7199999999999999,0.72,,0.0,0,False
2026-03-23 00:25:30+00:00,,,,,,,,0.7199999999999999,0.72,,0.0,0,False
2026-03-23 00:26:00+00:00,,,,,,,,0.7199999999999999,0.72,,0.0,0,False
2026-03-23 00:26:30+00:00,,,,,,,,0.7199999999999999,0.72,,0.0,0,False
2026-03-23 00:27:00+00:00,,,,,,,,0.7199999999999999,0.72,,0.0,0,False
2026-03-23 00:27:30+00:00,,,,,,,,0.7199999999999999,0.72,,0.0,0,False
2026-03-23 00:28:00+00:00,,,,,,,,0.7199999999999999,0.72,,0.0,0,False
2026-03-23 00:28:30+00:00,,,,,,,,0.7199999999999999,0.72,,0.0,0,False
2026-03-23 00:29:00+00:00,,,,,,,,0.7199999999999999,0.72,,0.0,0,False
2026-03-23 00:29:30+00:00,,,,,,,,0.7199999999999999,0.72,,0.0,0,False
2026-03-23 00:30:00+00:00,,,,,,,,0.7199999999999999,0.72,,0.0,0,False
2026-03-23 00:30:30+00:00,,,,,,,,0.7199999999999999,0.72,,0.0,0,False
2026-03-23 00:31:00+00:00,,,,,,,,0.7199999999999999,0.72,,0.0,0,False
2026-03-23 00:31:30+00:00,,,,,,,,0.7199999999999999,0.72,,0.0,0,False
2026-03-23 00:32:00+00:00,,,,,,,,0.7199999999999999,0.72,,0.0,0,False
2026-03-23 00:32:30+00:00,,,,,,,,0.7199999999999999,0.72,,0.0,0,False
2026-03-23 00:33:00+00:00,,,,,,,,0.7199999999999999,0.72,,0.0,0,False
2026-03-23 00:33:30+00:00,,,,,,,,0.7199999999999999,0.72,,0.0,0,False
2026-03-23 00:34:00+00:00,,,,,,,,0.7199999999999999,0.72,,0.0,0,False
2026-03-23 00:34:30+00:00,,,,,,,,0.7199999999999999,0.72,,0.0,0,False
2026-03-23 00:35:00+00:00,,,,,,,,0.7199999999999999,0.72,,0.0,0,False
2026-03-23 00:35:30+00:00,,,,,,,,0.7199999999999999,0.72,,0.0,0,False
2026-03-23 00:36:00+00:00,,,,,,,,0.7199999999999999,0.72,,0.0,0,False
2026-03-23 00:36:30+00:00,,,,,,,,0.7000000000000001,0.7,,122.0,2,False
2026-03-23 00:37:00+00:00,,,,,,,,0.72,0.72,,10.0,1,False
2026-03-23 00:37:30+00:00,,,,,,,,0.72,0.72,,0.0,0,False
2026-03-23 00:38:00+00:00,,,,,,,,0.72,0.72,,0.0,0,False
2026-03-23 00:38:30+00:00,,,,,,,,0.72,0.72,,0.0,0,False
2026-03-23 00:39:00+00:00,,,,,,,,0.72,0.72,,0.0,0,False
2026-03-23 00:39:30+00:00,,,,,,,,0.72,0.72,,0.0,0,False
2026-03-23 00:40:00+00:00,,,,,,,,0.72,0.72,,0.0,0,False
2026-03-23 00:40:30+00:00,,,,,,,,0.72,0.72,,0.0,0,False
2026-03-23 00:41:00+00:00,,,,,,,,0.72,0.72,,0.0,0,False
2026-03-23 00:41:30+00:00,,,,,,,,0.72,0.72,,0.0,0,False
2026-03-23 00:42:00+00:00,,,,,,,,0.72,0.72,,0.0,0,False
2026-03-23 00:42:30+00:00,,,,,,,,0.72,0.72,,0.0,0,False
2026-03-23 00:43:00+00:00,,,,,,,,0.72,0.72,,0.0,0,False
2026-03-23 00:43:30+00:00,,,,,,,,0.72,0.72,,0.0,0,False
2026-03-23 00:44:00+00:00,,,,,,,,0.72,0.72,,0.0,0,False
2026-03-23 00:44:30+00:00,,,,,,,,0.72,0.72,,0.0,0,False
2026-03-23 00:45:00+00:00,,,,,,,,0.72,0.72,,0.0,0,False
2026-03-23 00:45:30+00:00,,,,,,,,0.72,0.72,,0.0,0,False
2026-03-23 00:46:00+00:00,,,,,,,,0.72,0.72,,0.0,0,False
2026-03-23 00:46:30+00:00,,,,,,,,0.72,0.72,,0.0,0,False
2026-03-23 00:47:00+00:00,,,,,,,,0.72,0.72,,0.0,0,False
2026-03-23 00:47:30+00:00,,,,,,,,0.72,0.72,,0.0,0,False
2026-03-23 00:48:00+00:00,,,,,,,,0.6999999999999998,0.7,,6.0,1,False
2026-03-23 00:48:30+00:00,,,,,,,,0.6999999999999998,0.7,,0.0,0,False
2026-03-23 00:49:00+00:00,,,,,,,,0.6999999999999998,0.7,,0.0,0,False
2026-03-23 00:49:30+00:00,,,,,,,,0.6999999999999998,0.7,,0.0,0,False
2026-03-23 00:50:00+00:00,,,,,,,,0.6999999999999998,0.7,,0.0,0,False
2026-03-23 00:50:30+00:00,,,,,,,,0.6999999999999998,0.7,,0.0,0,False
2026-03-23 00:51:00+00:00,,,,,,,,0.6999999999999998,0.7,,0.0,0,False
2026-03-23 00:51:30+00:00,,,,,,,,0.6999999999999998,0.7,,0.0,0,False
2026-03-23 00:52:00+00:00,,,,,,,,0.6999999999999998,0.7,,0.0,0,False
2026-03-23 00:52:30+00:00,,,,,,,,0.6999999999999998,0.7,,0.0,0,False
2026-03-23 00:53:00+00:00,,,,,,,,0.6999999999999998,0.7,,0.0,0,False
2026-03-23 00:53:30+00:00,,,,,,,,0.6999999999999998,0.7,,0.0,0,False
2026-03-23 00:54:00+00:00,,,,,,,,0.6999999999999998,0.7,,0.0,0,False
2026-03-23 00:54:30+00:00,,,,,,,,0.6999999999999998,0.7,,0.0,0,False
2026-03-23 00:55:00+00:00,,,,,,,,0.7199999999999999,0.72,,27.0,1,False
2026-03-23 00:55:30+00:00,,,,,,,,0.7199999999999999,0.72,,0.0,0,False
2026-03-23 00:56:00+00:00,,,,,,,,0.7199999999999999,0.72,,0.0,0,False
2026-03-23 00:56:30+00:00,,,,,,,,0.7199999999999999,0.72,,0.0,0,False
2026-03-23 00:57:00+00:00,,,,,,,,0.7199999999999999,0.72,,0.0,0,False
2026-03-23 00:57:30+00:00,,,,,,,,0.7199999999999999,0.72,,0.0,0,False
2026-03-23 00:58:00+00:00,,,,,,,,0.7199999999999999,0.72,,0.0,0,False
2026-03-23 00:58:30+00:00,,,,,,,,0.7199999999999999,0.72,,0.0,0,False
2026-03-23 00:59:00+00:00,,,,,,,,0.7199999999999999,0.72,,0.0,0,False
2026-03-23 00:59:30+00:00,,,,,,,,0.7199999999999999,0.72,,0.0,0,False
2026-03-23 01:00:00+00:00,,,,,,,,0.7199999999999999,0.72,,0.0,0,False
2026-03-23 01:00:30+00:00,,,,,,,,0.7199999999999999,0.72,,0.0,0,False
2026-03-23 01:01:00+00:00,,,,,,,,0.7199999999999999,0.72,,0.0,0,False
2026-03-23 01:01:30+00:00,,,,,,,,0.71,0.71,,16.0,1,False
2026-03-23 01:02:00+00:00,,,,,,,,0.71,0.71,,0.0,0,False
2026-03-23 01:02:30+00:00,,,,,,,,0.71,0.71,,0.0,0,False
2026-03-23 01:03:00+00:00,,,,,,,,0.71,0.71,,0.0,0,False
2026-03-23 01:03:30+00:00,,,,,,,,0.71,0.71,,0.0,0,False
2026-03-23 01:04:00+00:00,,,,,,,,0.71,0.71,,0.0,0,False
2026-03-23 01:04:30+00:00,,,,,,,,0.7200000000000001,0.72,,6.0,1,False
2026-03-23 01:05:00+00:00,,,,,,,,0.7200000000000001,0.72,,0.0,0,False
2026-03-23 01:05:30+00:00,,,,,,,,0.7200000000000001,0.72,,0.0,0,False
2026-03-23 01:06:00+00:00,,,,,,,,0.7200000000000001,0.72,,0.0,0,False
2026-03-23 01:06:30+00:00,,,,,,,,0.7200000000000001,0.72,,0.0,0,False
2026-03-23 01:07:00+00:00,,,,,,,,0.7200000000000001,0.72,,0.0,0,False
2026-03-23 01:07:30+00:00,,,,,,,,0.7200000000000001,0.72,,0.0,0,False
2026-03-23 01:08:00+00:00,,,,,,,,0.7200000000000001,0.72,,0.0,0,False
2026-03-23 01:08:30+00:00,,,,,,,,0.7200000000000001,0.72,,0.0,0,False
2026-03-23 01:09:00+00:00,,,,,,,,0.7200000000000001,0.72,,0.0,0,False
2026-03-23 01:09:30+00:00,,,,,,,,0.7200000000000001,0.72,,0.0,0,False
2026-03-23 01:10:00+00:00,,,,,,,,0.7200000000000001,0.72,,0.0,0,False
2026-03-23 01:10:30+00:00,,,,,,,,0.7200000000000001,0.72,,0.0,0,False
2026-03-23 01:11:00+00:00,,,,,,,,0.7200000000000001,0.72,,0.0,0,False
2026-03-23 01:11:30+00:00,,,,,,,,0.7200000000000001,0.72,,0.0,0,False
2026-03-23 01:12:00+00:00,,,,,,,,0.7200000000000001,0.72,,0.0,0,False
2026-03-23 01:12:30+00:00,,,,,,,,0.7200000000000001,0.72,,0.0,0,False
2026-03-23 01:13:00+00:00,,,,,,,,0.7200000000000001,0.72,,0.0,0,False
2026-03-23 01:13:30+00:00,,,,,,,,0.7200000000000001,0.72,,0.0,0,False
2026-03-23 01:14:00+00:00,,,,,,,,0.7200000000000001,0.72,,0.0,0,False
2026-03-23 01:14:30+00:00,,,,,,,,0.7200000000000001,0.72,,0.0,0,False
2026-03-23 01:15:00+00:00,,,,,,,,0.71,0.71,,160.0,1,False
2026-03-23 01:15:30+00:00,,,,,,,,0.71,0.71,,0.0,0,False
2026-03-23 01:16:00+00:00,,,,,,,,0.71,0.71,,0.0,0,False
2026-03-23 01:16:30+00:00,,,,,,,,0.71,0.71,,0.0,0,False
2026-03-23 01:17:00+00:00,,,,,,,,0.72,0.72,,41.0,1,False
2026-03-23 01:17:30+00:00,,,,,,,,0.72,0.72,,0.0,0,False
2026-03-23 01:18:00+00:00,,,,,,,,0.72,0.72,,0.0,0,False
2026-03-23 01:18:30+00:00,,,,,,,,0.72,0.72,,0.0,0,False
2026-03-23 01:19:00+00:00,,,,,,,,0.72,0.72,,0.0,0,False
2026-03-23 01:19:30+00:00,,,,,,,,0.729090909090909,0.72,,11.0,2,False
2026-03-23 01:20:00+00:00,,,,,,,,0.71,0.71,,16.0,1,False
2026-03-23 01:20:30+00:00,,,,,,,,0.71,0.71,,0.0,0,False
2026-03-23 01:21:00+00:00,,,,,,,,0.71,0.71,,0.0,0,False
2026-03-23 01:21:30+00:00,,,,,,,,0.71,0.71,,0.0,0,False
2026-03-23 01:22:00+00:00,,,,,,,,0.71,0.71,,0.0,0,False
2026-03-23 01:22:30+00:00,,,,,,,,0.73,0.73,,5.0,1,False
2026-03-23 01:23:00+00:00,,,,,,,,0.73,0.73,,0.0,0,False
2026-03-23 01:23:30+00:00,,,,,,,,0.73,0.73,,0.0,0,False
2026-03-23 01:24:00+00:00,,,,,,,,0.73,0.73,,0.0,0,False
2026-03-23 01:24:30+00:00,,,,,,,,0.73,0.73,,0.0,0,False
2026-03-23 01:25:00+00:00,,,,,,,,0.73,0.73,,0.0,0,False
2026-03-23 01:25:30+00:00,,,,,,,,0.73,0.73,,0.0,0,False
2026-03-23 01:26:00+00:00,,,,,,,,0.73,0.73,,0.0,0,False
2026-03-23 01:26:30+00:00,,,,,,,,0.73,0.73,,1.0,1,False
2026-03-23 01:27:00+00:00,,,,,,,,0.73,0.73,,0.0,0,False
2026-03-23 01:27:30+00:00,,,,,,,,0.73,0.73,,0.0,0,False
2026-03-23 01:28:00+00:00,,,,,,,,0.73,0.73,,0.0,0,False
2026-03-23 01:28:30+00:00,,,,,,,,0.73,0.73,,0.0,0,False
2026-03-23 01:29:00+00:00,,,,,,,,0.73,0.73,,0.0,0,False
2026-03-23 01:29:30+00:00,,,,,,,,0.73,0.73,,0.0,0,False
2026-03-23 01:30:00+00:00,,,,,,,,0.73,0.73,,0.0,0,False
2026-03-23 01:30:30+00:00,,,,,,,,0.73,0.73,,0.0,0,False
2026-03-23 01:31:00+00:00,,,,,,,,0.73,0.73,,0.0,0,False
2026-03-23 01:31:30+00:00,,,,,,,,0.73,0.73,,0.0,0,False
2026-03-23 01:32:00+00:00,,,,,,,,0.73,0.73,,0.0,0,False
2026-03-23 01:32:30+00:00,,,,,,,,0.73,0.73,,0.0,0,False
2026-03-23 01:33:00+00:00,,,,,,,,0.73,0.73,,0.0,0,False
2026-03-23 01:33:30+00:00,,,,,,,,0.73,0.73,,0.0,0,False
2026-03-23 01:34:00+00:00,,,,,,,,0.73,0.73,,0.0,0,False
2026-03-23 01:34:30+00:00,,,,,,,,0.73,0.73,,0.0,0,False
2026-03-23 01:35:00+00:00,,,,,,,,0.73,0.73,,0.0,0,False
2026-03-23 01:35:30+00:00,,,,,,,,0.73,0.73,,0.0,0,False
2026-03-23 01:36:00+00:00,,,,,,,,0.73,0.73,,0.0,0,False
2026-03-23 01:36:30+00:00,,,,,,,,0.73,0.73,,0.0,0,False
2026-03-23 01:37:00+00:00,,,,,,,,0.73,0.73,,0.0,0,False
2026-03-23 01:37:30+00:00,,,,,,,,0.73,0.73,,0.0,0,False
2026-03-23 01:38:00+00:00,,,,,,,,0.73,0.73,,0.0,0,False
2026-03-23 01:38:30+00:00,,,,,,,,0.73,0.73,,0.0,0,False
2026-03-23 01:39:00+00:00,,,,,,,,0.73,0.73,,0.0,0,False
2026-03-23 01:39:30+00:00,,,,,,,,0.73,0.73,,10.0,1,False
2026-03-23 01:40:00+00:00,,,,,,,,0.73,0.73,,0.0,0,False
2026-03-23 01:40:30+00:00,,,,,,,,0.73,0.73,,0.0,0,False
2026-03-23 01:41:00+00:00,,,,,,,,0.73,0.73,,0.0,0,False
2026-03-23 01:41:30+00:00,,,,,,,,0.73,0.73,,0.0,0,False
2026-03-23 01:42:00+00:00,,,,,,,,0.73,0.73,,0.0,0,False
2026-03-23 01:42:30+00:00,,,,,,,,0.73,0.73,,0.0,0,False
2026-03-23 01:43:00+00:00,,,,,,,,0.73,0.73,,0.0,0,False
2026-03-23 01:43:30+00:00,,,,,,,,0.73,0.73,,0.0,0,False
2026-03-23 01:44:00+00:00,,,,,,,,0.73,0.73,,0.0,0,False
2026-03-23 01:44:30+00:00,,,,,,,,0.73,0.73,,0.0,0,False
2026-03-23 01:45:00+00:00,,,,,,,,0.73,0.73,,0.0,0,False
2026-03-23 01:45:30+00:00,,,,,,,,0.73,0.73,,0.0,0,False
2026-03-23 01:46:00+00:00,,,,,,,,0.73,0.73,,0.0,0,False
2026-03-23 01:46:30+00:00,,,,,,,,0.73,0.73,,0.0,0,False
2026-03-23 01:47:00+00:00,,,,,,,,0.73,0.73,,0.0,0,False
2026-03-23 01:47:30+00:00,,,,,,,,0.73,0.73,,0.0,0,False
2026-03-23 01:48:00+00:00,,,,,,,,0.73,0.73,,0.0,0,False
2026-03-23 01:48:30+00:00,,,,,,,,0.73,0.73,,0.0,0,False
2026-03-23 01:49:00+00:00,,,,,,,,0.73,0.73,,0.0,0,False
2026-03-23 01:49:30+00:00,,,,,,,,0.73,0.73,,0.0,0,False
2026-03-23 01:50:00+00:00,,,,,,,,0.73,0.73,,0.0,0,False
2026-03-23 01:50:30+00:00,,,,,,,,0.73,0.73,,0.0,0,False
2026-03-23 01:51:00+00:00,,,,,,,,0.73,0.73,,0.0,0,False
2026-03-23 01:51:30+00:00,,,,,,,,0.73,0.73,,0.0,0,False
2026-03-23 01:52:00+00:00,,,,,,,,0.73,0.73,,0.0,0,False
2026-03-23 01:52:30+00:00,,,,,,,,0.73,0.73,,0.0,0,False
2026-03-23 01:53:00+00:00,,,,,,,,0.73,0.73,,0.0,0,False
2026-03-23 01:53:30+00:00,,,,,,,,0.73,0.73,,0.0,0,False
2026-03-23 01:54:00+00:00,,,,,,,,0.73,0.73,,0.0,0,False
2026-03-23 01:54:30+00:00,,,,,,,,0.73,0.73,,0.0,0,False
2026-03-23 01:55:00+00:00,,,,,,,,0.73,0.73,,0.0,0,False
2026-03-23 01:55:30+00:00,,,,,,,,0.73,0.73,,0.0,0,False
2026-03-23 01:56:00+00:00,,,,,,,,0.73,0.73,,0.0,0,False
2026-03-23 01:56:30+00:00,,,,,,,,0.73,0.73,,0.0,0,False
2026-03-23 01:57:00+00:00,,,,,,,,0.73,0.73,,0.0,0,False
2026-03-23 01:57:30+00:00,,,,,,,,0.73,0.73,,0.0,0,False
2026-03-23 01:58:00+00:00,,,,,,,,0.73,0.73,,0.0,0,False
2026-03-23 01:58:30+00:00,,,,,,,,0.73,0.73,,0.0,0,False
2026-03-23 01:59:00+00:00,,,,,,,,0.73,0.73,,0.0,0,False
2026-03-23 01:59:30+00:00,,,,,,,,0.73,0.73,,0.0,0,False
2026-03-23 02:00:00+00:00,,,,,,,,0.73,0.73,,0.0,0,False
2026-03-23 02:00:30+00:00,,,,,,,,0.73,0.73,,0.0,0,False
2026-03-23 02:01:00+00:00,,,,,,,,0.73,0.73,,0.0,0,False
2026-03-23 02:01:30+00:00,,,,,,,,0.73,0.73,,0.0,0,False
2026-03-23 02:02:00+00:00,,,,,,,,0.73,0.73,,0.0,0,False
2026-03-23 02:02:30+00:00,,,,,,,,0.73,0.73,,0.0,0,False
2026-03-23 02:03:00+00:00,,,,,,,,0.73,0.73,,0.0,0,False
2026-03-23 02:03:30+00:00,,,,,,,,0.73,0.73,,0.0,0,False
2026-03-23 02:04:00+00:00,,,,,,,,0.73,0.73,,0.0,0,False
2026-03-23 02:04:30+00:00,,,,,,,,0.73,0.73,,0.0,0,False
2026-03-23 02:05:00+00:00,,,,,,,,0.73,0.73,,0.0,0,False
2026-03-23 02:05:30+00:00,,,,,,,,0.73,0.73,,0.0,0,False
2026-03-23 02:06:00+00:00,,,,,,,,0.73,0.73,,0.0,0,False
2026-03-23 02:06:30+00:00,,,,,,,,0.73,0.73,,0.0,0,False
2026-03-23 02:07:00+00:00,,,,,,,,0.73,0.73,,0.0,0,False
2026-03-23 02:07:30+00:00,,,,,,,,0.73,0.73,,0.0,0,False
2026-03-23 02:08:00+00:00,,,,,,,,0.73,0.73,,0.0,0,False
2026-03-23 02:08:30+00:00,,,,,,,,0.73,0.73,,0.0,0,False
2026-03-23 02:09:00+00:00,,,,,,,,0.73,0.73,,0.0,0,False
2026-03-23 02:09:30+00:00,,,,,,,,0.73,0.73,,0.0,0,False
2026-03-23 02:10:00+00:00,,,,,,,,0.73,0.73,,0.0,0,False
2026-03-23 02:10:30+00:00,,,,,,,,0.73,0.73,,0.0,0,False
2026-03-23 02:11:00+00:00,,,,,,,,0.73,0.73,,0.0,0,False
2026-03-23 02:11:30+00:00,,,,,,,,0.73,0.73,,0.0,0,False
2026-03-23 02:12:00+00:00,,,,,,,,0.73,0.73,,0.0,0,False
2026-03-23 02:12:30+00:00,,,,,,,,0.73,0.73,,0.0,0,False
2026-03-23 02:13:00+00:00,,,,,,,,0.73,0.73,,0.0,0,False
2026-03-23 02:13:30+00:00,,,,,,,,0.73,0.73,,0.0,0,False
2026-03-23 02:14:00+00:00,,,,,,,,0.73,0.73,,0.0,0,False
2026-03-23 02:14:30+00:00,,,,,,,,0.73,0.73,,0.0,0,False
2026-03-23 02:15:00+00:00,,,,,,,,0.73,0.73,,0.0,0,False
2026-03-23 02:15:30+00:00,,,,,,,,0.73,0.73,,0.0,0,False
2026-03-23 02:16:00+00:00,,,,,,,,0.73,0.73,,33.0,1,False
2026-03-23 02:16:30+00:00,,,,,,,,0.73,0.73,,6.0,1,False
2026-03-23 02:17:00+00:00,,,,,,,,0.73,0.73,,0.0,0,False
2026-03-23 02:17:30+00:00,,,,,,,,0.73,0.73,,0.0,0,False
2026-03-23 02:18:00+00:00,,,,,,,,0.73,0.73,,0.0,0,False
2026-03-23 02:18:30+00:00,,,,,,,,0.73,0.73,,0.0,0,False
2026-03-23 02:19:00+00:00,,,,,,,,0.73,0.73,,0.0,0,False
2026-03-23 02:19:30+00:00,,,,,,,,0.73,0.73,,0.0,0,False
2026-03-23 02:20:00+00:00,,,,,,,,0.73,0.73,,0.0,0,False
2026-03-23 02:20:30+00:00,,,,,,,,0.73,0.73,,0.0,0,False
2026-03-23 02:21:00+00:00,,,,,,,,0.73,0.73,,0.0,0,False
2026-03-23 02:21:30+00:00,,,,,,,,0.73,0.73,,0.0,0,False
2026-03-23 02:22:00+00:00,,,,,,,,0.73,0.73,,0.0,0,False
2026-03-23 02:22:30+00:00,,,,,,,,0.73,0.73,,0.0,0,False
2026-03-23 02:23:00+00:00,,,,,,,,0.73,0.73,,0.0,0,False
2026-03-23 02:23:30+00:00,,,,,,,,0.73,0.73,,0.0,0,False
2026-03-23 02:24:00+00:00,,,,,,,,0.73,0.73,,0.0,0,False
2026-03-23 02:24:30+00:00,,,,,,,,0.73,0.73,,0.0,0,False
2026-03-23 02:25:00+00:00,,,,,,,,0.7336641221374045,0.74,,131.0,2,False
2026-03-23 02:25:30+00:00,,,,,,,,0.7336641221374045,0.74,,0.0,0,False
2026-03-23 02:26:00+00:00,,,,,,,,0.7336641221374045,0.74,,0.0,0,False
2026-03-23 02:26:30+00:00,,,,,,,,0.7336641221374045,0.74,,0.0,0,False
2026-03-23 02:27:00+00:00,,,,,,,,0.7336641221374045,0.74,,0.0,0,False
2026-03-23 02:27:30+00:00,,,,,,,,0.73,0.73,,13.0,1,False
2026-03-23 02:28:00+00:00,,,,,,,,0.73,0.73,,0.0,0,False
2026-03-23 02:28:30+00:00,,,,,,,,0.73,0.73,,0.0,0,False
2026-03-23 02:29:00+00:00,,,,,,,,0.73,0.73,,0.0,0,False
2026-03-23 02:29:30+00:00,,,,,,,,0.73,0.73,,0.0,0,False
2026-03-23 02:30:00+00:00,,,,,,,,0.73,0.73,,0.0,0,False
2026-03-23 02:30:30+00:00,,,,,,,,0.71,0.71,,48.0,1,False
2026-03-23 02:31:00+00:00,,,,,,,,0.71,0.71,,0.0,0,False
2026-03-23 02:31:30+00:00,,,,,,,,0.71,0.71,,0.0,0,False
2026-03-23 02:32:00+00:00,,,,,,,,0.71,0.71,,0.0,0,False
2026-03-23 02:32:30+00:00,,,,,,,,0.71,0.71,,0.0,0,False
2026-03-23 02:33:00+00:00,,,,,,,,0.71,0.71,,0.0,0,False
2026-03-23 02:33:30+00:00,,,,,,,,0.71,0.71,,50.0,2,False
2026-03-23 02:34:00+00:00,,,,,,,,0.71,0.71,,0.0,0,False
2026-03-23 02:34:30+00:00,,,,,,,,0.71,0.71,,0.0,0,False
2026-03-23 02:35:00+00:00,,,,,,,,0.71,0.71,,0.0,0,False
2026-03-23 02:35:30+00:00,,,,,,,,0.71,0.71,,0.0,0,False
2026-03-23 02:36:00+00:00,,,,,,,,0.71,0.71,,0.0,0,False
2026-03-23 02:36:30+00:00,,,,,,,,0.71,0.71,,0.0,0,False
2026-03-23 02:37:00+00:00,,,,,,,,0.71,0.71,,0.0,0,False
2026-03-23 02:37:30+00:00,,,,,,,,0.71,0.71,,0.0,0,False
2026-03-23 02:38:00+00:00,,,,,,,,0.71,0.71,,0.0,0,False
2026-03-23 02:38:30+00:00,,,,,,,,0.71,0.71,,0.0,0,False
2026-03-23 02:39:00+00:00,,,,,,,,0.71,0.71,,0.0,0,False
2026-03-23 02:39:30+00:00,,,,,,,,0.71,0.71,,0.0,0,False
2026-03-23 02:40:00+00:00,,,,,,,,0.71,0.71,,0.0,0,False
2026-03-23 02:40:30+00:00,,,,,,,,0.71,0.71,,0.0,0,False
2026-03-23 02:41:00+00:00,,,,,,,,0.71,0.71,,0.0,0,False
2026-03-23 02:41:30+00:00,,,,,,,,0.71,0.71,,0.0,0,False
2026-03-23 02:42:00+00:00,,,,,,,,0.71,0.71,,0.0,0,False
2026-03-23 02:42:30+00:00,,,,,,,,0.71,0.71,,0.0,0,False
2026-03-23 02:43:00+00:00,,,,,,,,0.71,0.71,,0.0,0,False
2026-03-23 02:43:30+00:00,,,,,,,,0.71,0.71,,0.0,0,False
2026-03-23 02:44:00+00:00,,,,,,,,0.71,0.71,,0.0,0,False
2026-03-23 02:44:30+00:00,,,,,,,,0.71,0.71,,0.0,0,False
2026-03-23 02:45:00+00:00,,,,,,,,0.71,0.71,,0.0,0,False
2026-03-23 02:45:30+00:00,,,,,,,,0.71,0.71,,0.0,0,False
2026-03-23 02:46:00+00:00,,,,,,,,0.71,0.71,,0.0,0,False
2026-03-23 02:46:30+00:00,,,,,,,,0.71,0.71,,0.0,0,False
2026-03-23 02:47:00+00:00,,,,,,,,0.71,0.71,,0.0,0,False
2026-03-23 02:47:30+00:00,,,,,,,,0.71,0.71,,0.0,0,False
2026-03-23 02:48:00+00:00,,,,,,,,0.71,0.71,,0.0,0,False
2026-03-23 02:48:30+00:00,,,,,,,,0.71,0.71,,0.0,0,False
2026-03-23 02:49:00+00:00,,,,,,,,0.71,0.71,,3.0,1,False
2026-03-23 02:49:30+00:00,,,,,,,,0.71,0.71,,0.0,0,False
2026-03-23 02:50:00+00:00,,,,,,,,0.71,0.71,,0.0,0,False
2026-03-23 02:50:30+00:00,,,,,,,,0.71,0.71,,0.0,0,False
2026-03-23 02:51:00+00:00,,,,,,,,0.71,0.71,,0.0,0,False
2026-03-23 02:51:30+00:00,,,,,,,,0.71,0.71,,0.0,0,False
2026-03-23 02:52:00+00:00,,,,,,,,0.71,0.71,,0.0,0,False
2026-03-23 02:52:30+00:00,,,,,,,,0.73,0.73,,24.0,1,False
2026-03-23 02:53:00+00:00,,,,,,,,0.73,0.73,,0.0,0,False
2026-03-23 02:53:30+00:00,,,,,,,,0.73,0.73,,0.0,0,False
2026-03-23 02:54:00+00:00,,,,,,,,0.73,0.73,,0.0,0,False
2026-03-23 02:54:30+00:00,,,,,,,,0.73,0.73,,0.0,0,False
2026-03-23 02:55:00+00:00,,,,,,,,0.73,0.73,,0.0,0,False
2026-03-23 02:55:30+00:00,,,,,,,,0.73,0.73,,0.0,0,False
2026-03-23 02:56:00+00:00,,,,,,,,0.73,0.73,,0.0,0,False
2026-03-23 02:56:30+00:00,,,,,,,,0.73,0.73,,0.0,0,False
2026-03-23 02:57:00+00:00,,,,,,,,0.73,0.73,,0.0,0,False
2026-03-23 02:57:30+00:00,,,,,,,,0.73,0.73,,0.0,0,False
2026-03-23 02:58:00+00:00,,,,,,,,0.73,0.73,,0.0,0,False
2026-03-23 02:58:30+00:00,,,,,,,,0.73,0.73,,0.0,0,False
2026-03-23 02:59:00+00:00,,,,,,,,0.73,0.73,,0.0,0,False
2026-03-23 02:59:30+00:00,,,,,,,,0.73,0.73,,12.0,1,False
2026-03-23 03:00:00+00:00,,,,,,,,0.73,0.73,,0.0,0,False
2026-03-23 03:00:30+00:00,,,,,,,,0.73,0.73,,0.0,0,False
2026-03-23 03:01:00+00:00,,,,,,,,0.73,0.73,,0.0,0,False
2026-03-23 03:01:30+00:00,,,,,,,,0.73,0.73,,0.0,0,False
2026-03-23 03:02:00+00:00,,,,,,,,0.73,0.73,,0.0,0,False
2026-03-23 03:02:30+00:00,,,,,,,,0.73,0.73,,0.0,0,False
2026-03-23 03:03:00+00:00,,,,,,,,0.73,0.73,,0.0,0,False
2026-03-23 03:03:30+00:00,,,,,,,,0.73,0.73,,0.0,0,False
2026-03-23 03:04:00+00:00,,,,,,,,0.73,0.73,,0.0,0,False
2026-03-23 03:04:30+00:00,,,,,,,,0.73,0.73,,0.0,0,False
2026-03-23 03:05:00+00:00,,,,,,,,0.73,0.73,,0.0,0,False
2026-03-23 03:05:30+00:00,,,,,,,,0.73,0.73,,0.0,0,False
2026-03-23 03:06:00+00:00,,,,,,,,0.73,0.73,,0.0,0,False
2026-03-23 03:06:30+00:00,,,,,,,,0.73,0.73,,0.0,0,False
2026-03-23 03:07:00+00:00,,,,,,,,0.73,0.73,,0.0,0,False
2026-03-23 03:07:30+00:00,,,,,,,,0.73,0.73,,0.0,0,False
2026-03-23 03:08:00+00:00,,,,,,,,0.73,0.73,,0.0,0,False
2026-03-23 03:08:30+00:00,,,,,,,,0.73,0.73,,0.0,0,False
2026-03-23 03:09:00+00:00,,,,,,,,0.73,0.73,,0.0,0,False
2026-03-23 03:09:30+00:00,,,,,,,,0.73,0.73,,0.0,0,False
2026-03-23 03:10:00+00:00,,,,,,,,0.73,0.73,,0.0,0,False
2026-03-23 03:10:30+00:00,,,,,,,,0.73,0.73,,0.0,0,False
2026-03-23 03:11:00+00:00,,,,,,,,0.73,0.73,,0.0,0,False
2026-03-23 03:11:30+00:00,,,,,,,,0.73,0.73,,0.0,0,False
2026-03-23 03:12:00+00:00,,,,,,,,0.73,0.73,,0.0,0,False
2026-03-23 03:12:30+00:00,,,,,,,,0.73,0.73,,0.0,0,False
2026-03-23 03:13:00+00:00,,,,,,,,0.73,0.73,,0.0,0,False
2026-03-23 03:13:30+00:00,,,,,,,,0.73,0.73,,0.0,0,False
2026-03-23 03:14:00+00:00,,,,,,,,0.73,0.73,,0.0,0,False
2026-03-23 03:14:30+00:00,,,,,,,,0.73,0.73,,0.0,0,False
2026-03-23 03:15:00+00:00,,,,,,,,0.73,0.73,,0.0,0,False
2026-03-23 03:15:30+00:00,,,,,,,,0.73,0.73,,0.0,0,False
2026-03-23 03:16:00+00:00,,,,,,,,0.73,0.73,,0.0,0,False
2026-03-23 03:16:30+00:00,,,,,,,,0.73,0.73,,0.0,0,False
2026-03-23 03:17:00+00:00,,,,,,,,0.73,0.73,,0.0,0,False
2026-03-23 03:17:30+00:00,,,,,,,,0.73,0.73,,0.0,0,False
2026-03-23 03:18:00+00:00,,,,,,,,0.73,0.73,,10.0,1,False
2026-03-23 03:18:30+00:00,,,,,,,,0.73,0.73,,0.0,0,False
2026-03-23 03:19:00+00:00,,,,,,,,0.73,0.73,,0.0,0,False
2026-03-23 03:19:30+00:00,,,,,,,,0.73,0.73,,0.0,0,False
2026-03-23 03:20:00+00:00,,,,,,,,0.73,0.73,,0.0,0,False
2026-03-23 03:20:30+00:00,,,,,,,,0.73,0.73,,0.0,0,False
2026-03-23 03:21:00+00:00,,,,,,,,0.73,0.73,,0.0,0,False
2026-03-23 03:21:30+00:00,,,,,,,,0.73,0.73,,0.0,0,False
2026-03-23 03:22:00+00:00,,,,,,,,0.73,0.73,,26.0,1,False
2026-03-23 03:22:30+00:00,,,,,,,,0.73,0.73,,0.0,0,False
2026-03-23 03:23:00+00:00,,,,,,,,0.73,0.73,,0.0,0,False
2026-03-23 03:23:30+00:00,,,,,,,,0.73,0.73,,0.0,0,False
2026-03-23 03:24:00+00:00,,,,,,,,0.73,0.73,,0.0,0,False
2026-03-23 03:24:30+00:00,,,,,,,,0.73,0.73,,0.0,0,False
2026-03-23 03:25:00+00:00,,,,,,,,0.73,0.73,,0.0,0,False
2026-03-23 03:25:30+00:00,,,,,,,,0.73,0.73,,0.0,0,False
2026-03-23 03:26:00+00:00,,,,,,,,0.73,0.73,,0.0,0,False
2026-03-23 03:26:30+00:00,,,,,,,,0.73,0.73,,0.0,0,False
2026-03-23 03:27:00+00:00,,,,,,,,0.73,0.73,,0.0,0,False
2026-03-23 03:27:30+00:00,,,,,,,,0.73,0.73,,0.0,0,False
2026-03-23 03:28:00+00:00,,,,,,,,0.73,0.73,,0.0,0,False
2026-03-23 03:28:30+00:00,,,,,,,,0.73,0.73,,0.0,0,False
2026-03-23 03:29:00+00:00,,,,,,,,0.73,0.73,,0.0,0,False
2026-03-23 03:29:30+00:00,,,,,,,,0.73,0.73,,0.0,0,False
2026-03-23 03:30:00+00:00,,,,,,,,0.73,0.73,,0.0,0,False
2026-03-23 03:30:30+00:00,,,,,,,,0.73,0.73,,0.0,0,False
2026-03-23 03:31:00+00:00,,,,,,,,0.73,0.73,,0.0,0,False
2026-03-23 03:31:30+00:00,,,,,,,,0.73,0.73,,0.0,0,False
2026-03-23 03:32:00+00:00,,,,,,,,0.73,0.73,,0.0,0,False
2026-03-23 03:32:30+00:00,,,,,,,,0.73,0.73,,0.0,0,False
2026-03-23 03:33:00+00:00,,,,,,,,0.73,0.73,,0.0,0,False
2026-03-23 03:33:30+00:00,,,,,,,,0.73,0.73,,0.0,0,False
2026-03-23 03:34:00+00:00,,,,,,,,0.73,0.73,,0.0,0,False
2026-03-23 03:34:30+00:00,,,,,,,,0.73,0.73,,0.0,0,False
2026-03-23 03:35:00+00:00,,,,,,,,0.71,0.71,,1.0,1,False
2026-03-23 03:35:30+00:00,,,,,,,,0.71,0.71,,0.0,0,False
2026-03-23 03:36:00+00:00,,,,,,,,0.71,0.71,,0.0,0,False
2026-03-23 03:36:30+00:00,,,,,,,,0.71,0.71,,0.0,0,False
2026-03-23 03:37:00+00:00,,,,,,,,0.71,0.71,,0.0,0,False
2026-03-23 03:37:30+00:00,,,,,,,,0.71,0.71,,0.0,0,False
2026-03-23 03:38:00+00:00,,,,,,,,0.71,0.71,,0.0,0,False
2026-03-23 03:38:30+00:00,,,,,,,,0.71,0.71,,0.0,0,False
2026-03-23 03:39:00+00:00,,,,,,,,0.7370688321732405,0.74,,1293.0,4,False
2026-03-23 03:39:30+00:00,,,,,,,,0.7370688321732405,0.74,,0.0,0,False
2026-03-23 03:40:00+00:00,,,,,,,,0.7370688321732405,0.74,,0.0,0,False
2026-03-23 03:40:30+00:00,,,,,,,,0.7370688321732405,0.74,,0.0,0,False
2026-03-23 03:41:00+00:00,,,,,,,,0.7370688321732405,0.74,,0.0,0,False
2026-03-23 03:41:30+00:00,,,,,,,,0.7370688321732405,0.74,,0.0,0,False
2026-03-23 03:42:00+00:00,,,,,,,,0.7370688321732405,0.74,,0.0,0,False
2026-03-23 03:42:30+00:00,,,,,,,,0.7370688321732405,0.74,,0.0,0,False
2026-03-23 03:43:00+00:00,,,,,,,,0.7370688321732405,0.74,,0.0,0,False
2026-03-23 03:43:30+00:00,,,,,,,,0.7370688321732405,0.74,,0.0,0,False
2026-03-23 03:44:00+00:00,,,,,,,,0.7370688321732405,0.74,,0.0,0,False
2026-03-23 03:44:30+00:00,,,,,,,,0.7370688321732405,0.74,,0.0,0,False
2026-03-23 03:45:00+00:00,,,,,,,,0.7370688321732405,0.74,,0.0,0,False
2026-03-23 03:45:30+00:00,,,,,,,,0.7370688321732405,0.74,,0.0,0,False
2026-03-23 03:46:00+00:00,,,,,,,,0.7370688321732405,0.74,,0.0,0,False
2026-03-23 03:46:30+00:00,,,,,,,,0.7370688321732405,0.74,,0.0,0,False
2026-03-23 03:47:00+00:00,,,,,,,,0.7370688321732405,0.74,,0.0,0,False
2026-03-23 03:47:30+00:00,,,,,,,,0.7370688321732405,0.74,,0.0,0,False
2026-03-23 03:48:00+00:00,,,,,,,,0.7370688321732405,0.74,,0.0,0,False
2026-03-23 03:48:30+00:00,,,,,,,,0.7370688321732405,0.74,,0.0,0,False
2026-03-23 03:49:00+00:00,,,,,,,,0.7370688321732405,0.74,,0.0,0,False
2026-03-23 03:49:30+00:00,,,,,,,,0.7370688321732405,0.74,,0.0,0,False
2026-03-23 03:50:00+00:00,,,,,,,,0.7370688321732405,0.74,,0.0,0,False
2026-03-23 03:50:30+00:00,,,,,,,,0.7370688321732405,0.74,,0.0,0,False
2026-03-23 03:51:00+00:00,,,,,,,,0.7370688321732405,0.74,,0.0,0,False
2026-03-23 03:51:30+00:00,,,,,,,,0.7370688321732405,0.74,,0.0,0,False
2026-03-23 03:52:00+00:00,,,,,,,,0.7370688321732405,0.74,,0.0,0,False
2026-03-23 03:52:30+00:00,,,,,,,,0.71,0.71,,16.0,3,False
2026-03-23 03:53:00+00:00,,,,,,,,0.71,0.71,,0.0,0,False
2026-03-23 03:53:30+00:00,,,,,,,,0.71,0.71,,0.0,0,False
2026-03-23 03:54:00+00:00,,,,,,,,0.71,0.71,,0.0,0,False
2026-03-23 03:54:30+00:00,,,,,,,,0.71,0.71,,0.0,0,False
2026-03-23 03:55:00+00:00,,,,,,,,0.71,0.71,,0.0,0,False
2026-03-23 03:55:30+00:00,,,,,,,,0.71,0.71,,0.0,0,False
2026-03-23 03:56:00+00:00,,,,,,,,0.71,0.71,,0.0,0,False
2026-03-23 03:56:30+00:00,,,,,,,,0.71,0.71,,0.0,0,False
2026-03-23 03:57:00+00:00,,,,,,,,0.71,0.71,,0.0,0,False
2026-03-23 03:57:30+00:00,,,,,,,,0.71,0.71,,0.0,0,False
2026-03-23 03:58:00+00:00,,,,,,,,0.71,0.71,,0.0,0,False
2026-03-23 03:58:30+00:00,,,,,,,,0.71,0.71,,0.0,0,False
2026-03-23 03:59:00+00:00,,,,,,,,0.71,0.71,,0.0,0,False
2026-03-23 03:59:30+00:00,,,,,,,,0.71,0.71,,0.0,0,False
2026-03-23 04:00:00+00:00,,,,,,,,0.71,0.71,,0.0,0,False
2026-03-23 04:00:30+00:00,,,,,,,,0.71,0.71,,0.0,0,False
2026-03-23 04:01:00+00:00,,,,,,,,0.74,0.74,,131.0,1,False
2026-03-23 04:01:30+00:00,,,,,,,,0.74,0.74,,0.0,0,False
2026-03-23 04:02:00+00:00,,,,,,,,0.74,0.74,,0.0,0,False
2026-03-23 04:02:30+00:00,,,,,,,,0.74,0.74,,0.0,0,False
2026-03-23 04:03:00+00:00,,,,,,,,0.74,0.74,,0.0,0,False
2026-03-23 04:03:30+00:00,,,,,,,,0.74,0.74,,0.0,0,False
2026-03-23 04:04:00+00:00,,,,,,,,0.74,0.74,,0.0,0,False
2026-03-23 04:04:30+00:00,,,,,,,,0.74,0.74,,0.0,0,False
2026-03-23 04:05:00+00:00,,,,,,,,0.74,0.74,,0.0,0,False
2026-03-23 04:05:30+00:00,,,,,,,,0.74,0.74,,0.0,0,False
2026-03-23 04:06:00+00:00,,,,,,,,0.74,0.74,,0.0,0,False
2026-03-23 04:06:30+00:00,,,,,,,,0.71,0.71,,16.0,1,False
2026-03-23 04:07:00+00:00,,,,,,,,0.71,0.71,,0.0,0,False
2026-03-23 04:07:30+00:00,,,,,,,,0.7399999999999999,0.74,,6.0,1,False
2026-03-23 04:08:00+00:00,,,,,,,,0.7399999999999999,0.74,,0.0,0,False
2026-03-23 04:08:30+00:00,,,,,,,,0.7399999999999999,0.74,,0.0,0,False
2026-03-23 04:09:00+00:00,,,,,,,,0.7399999999999999,0.74,,0.0,0,False
2026-03-23 04:09:30+00:00,,,,,,,,0.7399999999999999,0.74,,0.0,0,False
2026-03-23 04:10:00+00:00,,,,,,,,0.7399999999999999,0.74,,0.0,0,False
2026-03-23 04:10:30+00:00,,,,,,,,0.7399999999999999,0.74,,0.0,0,False
2026-03-23 04:11:00+00:00,,,,,,,,0.7399999999999999,0.74,,0.0,0,False
2026-03-23 04:11:30+00:00,,,,,,,,0.7399999999999999,0.74,,6.0,1,False
2026-03-23 04:12:00+00:00,,,,,,,,0.7399999999999999,0.74,,0.0,0,False
2026-03-23 04:12:30+00:00,,,,,,,,0.7399999999999999,0.74,,0.0,0,False
2026-03-23 04:13:00+00:00,,,,,,,,0.74,0.74,,25.0,1,False
2026-03-23 04:13:30+00:00,,,,,,,,0.74,0.74,,0.0,0,False
2026-03-23 04:14:00+00:00,,,,,,,,0.74,0.74,,0.0,0,False
2026-03-23 04:14:30+00:00,,,,,,,,0.74,0.74,,0.0,0,False
2026-03-23 04:15:00+00:00,,,,,,,,0.74,0.74,,0.0,0,False
2026-03-23 04:15:30+00:00,,,,,,,,0.74,0.74,,0.0,0,False
2026-03-23 04:16:00+00:00,,,,,,,,0.74,0.74,,0.0,0,False
2026-03-23 04:16:30+00:00,,,,,,,,0.74,0.74,,0.0,0,False
2026-03-23 04:17:00+00:00,,,,,,,,0.74,0.74,,0.0,0,False
2026-03-23 04:17:30+00:00,,,,,,,,0.74,0.74,,0.0,0,False
2026-03-23 04:18:00+00:00,,,,,,,,0.74,0.74,,0.0,0,False
2026-03-23 04:18:30+00:00,,,,,,,,0.74,0.74,,0.0,0,False
2026-03-23 04:19:00+00:00,,,,,,,,0.74,0.74,,0.0,0,False
2026-03-23 04:19:30+00:00,,,,,,,,0.74,0.74,,0.0,0,False
2026-03-23 04:20:00+00:00,,,,,,,,0.74,0.74,,0.0,0,False
2026-03-23 04:20:30+00:00,,,,,,,,0.74,0.74,,0.0,0,False
2026-03-23 04:21:00+00:00,,,,,,,,0.74,0.74,,0.0,0,False
2026-03-23 04:21:30+00:00,,,,,,,,0.74,0.74,,0.0,0,False
2026-03-23 04:22:00+00:00,,,,,,,,0.74,0.74,,0.0,0,False
2026-03-23 04:22:30+00:00,,,,,,,,0.74,0.74,,0.0,0,False
2026-03-23 04:23:00+00:00,,,,,,,,0.74,0.74,,0.0,0,False
2026-03-23 04:23:30+00:00,,,,,,,,0.74,0.74,,0.0,0,False
2026-03-23 04:24:00+00:00,,,,,,,,0.74,0.74,,0.0,0,False
2026-03-23 04:24:30+00:00,,,,,,,,0.74,0.74,,0.0,0,False
2026-03-23 04:25:00+00:00,,,,,,,,0.74,0.74,,0.0,0,False
2026-03-23 04:25:30+00:00,,,,,,,,0.74,0.74,,0.0,0,False
2026-03-23 04:26:00+00:00,,,,,,,,0.74,0.74,,0.0,0,False
2026-03-23 04:26:30+00:00,,,,,,,,0.74,0.74,,0.0,0,False
2026-03-23 04:27:00+00:00,,,,,,,,0.71,0.71,,64.0,1,False
2026-03-23 04:27:30+00:00,,,,,,,,0.71,0.71,,0.0,0,False
2026-03-23 04:28:00+00:00,,,,,,,,0.71,0.71,,0.0,0,False
2026-03-23 04:28:30+00:00,,,,,,,,0.71,0.71,,0.0,0,False
2026-03-23 04:29:00+00:00,,,,,,,,0.71,0.71,,0.0,0,False
2026-03-23 04:29:30+00:00,,,,,,,,0.71,0.71,,0.0,0,False
2026-03-23 04:30:00+00:00,,,,,,,,0.71,0.71,,0.0,0,False
2026-03-23 04:30:30+00:00,,,,,,,,0.71,0.71,,0.0,0,False
2026-03-23 04:31:00+00:00,,,,,,,,0.71,0.71,,0.0,0,False
2026-03-23 04:31:30+00:00,,,,,,,,0.71,0.71,,0.0,0,False
2026-03-23 04:32:00+00:00,,,,,,,,0.71,0.71,,0.0,0,False
2026-03-23 04:32:30+00:00,,,,,,,,0.71,0.71,,0.0,0,False
2026-03-23 04:33:00+00:00,,,,,,,,0.73,0.73,,2.0,1,False
2026-03-23 04:33:30+00:00,,,,,,,,0.73,0.73,,0.0,0,False
2026-03-23 04:34:00+00:00,,,,,,,,0.73,0.73,,0.0,0,False
2026-03-23 04:34:30+00:00,,,,,,,,0.73,0.73,,0.0,0,False
2026-03-23 04:35:00+00:00,,,,,,,,0.73,0.73,,0.0,0,False
2026-03-23 04:35:30+00:00,,,,,,,,0.73,0.73,,0.0,0,False
2026-03-23 04:36:00+00:00,,,,,,,,0.73,0.73,,0.0,0,False
2026-03-23 04:36:30+00:00,,,,,,,,0.73,0.73,,0.0,0,False
2026-03-23 04:37:00+00:00,,,,,,,,0.73,0.73,,0.0,0,False
2026-03-23 04:37:30+00:00,,,,,,,,0.73,0.73,,0.0,0,False
2026-03-23 04:38:00+00:00,,,,,,,,0.73,0.73,,0.0,0,False
2026-03-23 04:38:30+00:00,,,,,,,,0.73,0.73,,0.0,0,False
2026-03-23 04:39:00+00:00,,,,,,,,0.73,0.73,,0.0,0,False
2026-03-23 04:39:30+00:00,,,,,,,,0.73,0.73,,0.0,0,False
2026-03-23 04:40:00+00:00,,,,,,,,0.73,0.73,,0.0,0,False
2026-03-23 04:40:30+00:00,,,,,,,,0.73,0.73,,0.0,0,False
2026-03-23 04:41:00+00:00,,,,,,,,0.73,0.73,,0.0,0,False
2026-03-23 04:41:30+00:00,,,,,,,,0.73,0.73,,0.0,0,False
2026-03-23 04:42:00+00:00,,,,,,,,0.71,0.71,,3.0,1,False
2026-03-23 04:42:30+00:00,,,,,,,,0.71,0.71,,0.0,0,False
2026-03-23 04:43:00+00:00,,,,,,,,0.71,0.71,,0.0,0,False
2026-03-23 04:43:30+00:00,,,,,,,,0.71,0.71,,0.0,0,False
2026-03-23 04:44:00+00:00,,,,,,,,0.71,0.71,,0.0,0,False
2026-03-23 04:44:30+00:00,,,,,,,,0.71,0.71,,0.0,0,False
2026-03-23 04:45:00+00:00,,,,,,,,0.71,0.71,,0.0,0,False
2026-03-23 04:45:30+00:00,,,,,,,,0.74,0.74,,13.0,1,False
2026-03-23 04:46:00+00:00,,,,,,,,0.74,0.74,,0.0,0,False
2026-03-23 04:46:30+00:00,,,,,,,,0.74,0.74,,0.0,0,False
2026-03-23 04:47:00+00:00,,,,,,,,0.74,0.74,,0.0,0,False
2026-03-23 04:47:30+00:00,,,,,,,,0.74,0.74,,0.0,0,False
2026-03-23 04:48:00+00:00,,,,,,,,0.74,0.74,,0.0,0,False
2026-03-23 04:48:30+00:00,,,,,,,,0.74,0.74,,0.0,0,False
2026-03-23 04:49:00+00:00,,,,,,,,0.74,0.74,,0.0,0,False
2026-03-23 04:49:30+00:00,,,,,,,,0.74,0.74,,0.0,0,False
2026-03-23 04:50:00+00:00,,,,,,,,0.74,0.74,,0.0,0,False
2026-03-23 04:50:30+00:00,,,,,,,,0.74,0.74,,0.0,0,False
2026-03-23 04:51:00+00:00,,,,,,,,0.74,0.74,,0.0,0,False
2026-03-23 04:51:30+00:00,,,,,,,,0.74,0.74,,0.0,0,False
2026-03-23 04:52:00+00:00,,,,,,,,0.74,0.74,,0.0,0,False
2026-03-23 04:52:30+00:00,,,,,,,,0.74,0.74,,0.0,0,False
2026-03-23 04:53:00+00:00,,,,,,,,0.74,0.74,,0.0,0,False
2026-03-23 04:53:30+00:00,,,,,,,,0.74,0.74,,0.0,0,False
2026-03-23 04:54:00+00:00,,,,,,,,0.74,0.74,,0.0,0,False
2026-03-23 04:54:30+00:00,,,,,,,,0.74,0.74,,0.0,0,False
2026-03-23 04:55:00+00:00,,,,,,,,0.74,0.74,,0.0,0,False
2026-03-23 04:55:30+00:00,,,,,,,,0.74,0.74,,0.0,0,False
2026-03-23 04:56:00+00:00,,,,,,,,0.74,0.74,,0.0,0,False
2026-03-23 04:56:30+00:00,,,,,,,,0.74,0.74,,0.0,0,False
2026-03-23 04:57:00+00:00,,,,,,,,0.74,0.74,,100.0,1,False
2026-03-23 04:57:30+00:00,,,,,,,,0.74,0.74,,0.0,0,False
2026-03-23 04:58:00+00:00,,,,,,,,0.74,0.74,,0.0,0,False
2026-03-23 04:58:30+00:00,,,,,,,,0.74,0.74,,0.0,0,False
2026-03-23 04:59:00+00:00,,,,,,,,0.74,0.74,,0.0,0,False
2026-03-23 04:59:30+00:00,,,,,,,,0.74,0.74,,0.0,0,False
2026-03-23 05:00:00+00:00,,,,,,,,0.74,0.74,,0.0,0,False
2026-03-23 05:00:30+00:00,,,,,,,,0.74,0.74,,0.0,0,False
2026-03-23 05:01:00+00:00,,,,,,,,0.74,0.74,,0.0,0,False
2026-03-23 05:01:30+00:00,,,,,,,,0.74,0.74,,0.0,0,False
2026-03-23 05:02:00+00:00,,,,,,,,0.74,0.74,,0.0,0,False
2026-03-23 05:02:30+00:00,,,,,,,,0.74,0.74,,0.0,0,False
2026-03-23 05:03:00+00:00,,,,,,,,0.74,0.74,,46.0,1,False
2026-03-23 05:03:30+00:00,,,,,,,,0.74,0.74,,0.0,0,False
2026-03-23 05:04:00+00:00,,,,,,,,0.74,0.74,,0.0,0,False
2026-03-23 05:04:30+00:00,,,,,,,,0.74,0.74,,0.0,0,False
2026-03-23 05:05:00+00:00,,,,,,,,0.74,0.74,,0.0,0,False
2026-03-23 05:05:30+00:00,,,,,,,,0.74,0.74,,0.0,0,False
2026-03-23 05:06:00+00:00,,,,,,,,0.74,0.74,,0.0,0,False
2026-03-23 05:06:30+00:00,,,,,,,,0.74,0.74,,0.0,0,False
2026-03-23 05:07:00+00:00,,,,,,,,0.74,0.74,,0.0,0,False
2026-03-23 05:07:30+00:00,,,,,,,,0.74,0.74,,0.0,0,False
2026-03-23 05:08:00+00:00,,,,,,,,0.74,0.74,,0.0,0,False
2026-03-23 05:08:30+00:00,,,,,,,,0.74,0.74,,0.0,0,False
2026-03-23 05:09:00+00:00,,,,,,,,0.74,0.74,,0.0,0,False
2026-03-23 05:09:30+00:00,,,,,,,,0.74,0.74,,0.0,0,False
2026-03-23 05:10:00+00:00,,,,,,,,0.74,0.74,,0.0,0,False
2026-03-23 05:10:30+00:00,,,,,,,,0.74,0.74,,0.0,0,False
2026-03-23 05:11:00+00:00,,,,,,,,0.74,0.74,,0.0,0,False
2026-03-23 05:11:30+00:00,,,,,,,,0.74,0.74,,0.0,0,False
2026-03-23 05:12:00+00:00,,,,,,,,0.74,0.74,,0.0,0,False
2026-03-23 05:12:30+00:00,,,,,,,,0.74,0.74,,0.0,0,False
2026-03-23 05:13:00+00:00,,,,,,,,0.74,0.74,,0.0,0,False
2026-03-23 05:13:30+00:00,,,,,,,,0.74,0.74,,0.0,0,False
2026-03-23 05:14:00+00:00,,,,,,,,0.74,0.74,,0.0,0,False
2026-03-23 05:14:30+00:00,,,,,,,,0.74,0.74,,0.0,0,False
2026-03-23 05:15:00+00:00,,,,,,,,0.74,0.74,,0.0,0,False
2026-03-23 05:15:30+00:00,,,,,,,,0.74,0.74,,0.0,0,False
2026-03-23 05:16:00+00:00,,,,,,,,0.74,0.74,,0.0,0,False
2026-03-23 05:16:30+00:00,,,,,,,,0.74,0.74,,0.0,0,False
2026-03-23 05:17:00+00:00,,,,,,,,0.74,0.74,,0.0,0,False
2026-03-23 05:17:30+00:00,,,,,,,,0.74,0.74,,0.0,0,False
2026-03-23 05:18:00+00:00,,,,,,,,0.74,0.74,,0.0,0,False
2026-03-23 05:18:30+00:00,,,,,,,,0.74,0.74,,0.0,0,False
2026-03-23 05:19:00+00:00,,,,,,,,0.74,0.74,,0.0,0,False
2026-03-23 05:19:30+00:00,,,,,,,,0.74,0.74,,0.0,0,False
2026-03-23 05:20:00+00:00,,,,,,,,0.74,0.74,,0.0,0,False
2026-03-23 05:20:30+00:00,,,,,,,,0.74,0.74,,0.0,0,False
2026-03-23 05:21:00+00:00,,,,,,,,0.74,0.74,,0.0,0,False
2026-03-23 05:21:30+00:00,,,,,,,,0.74,0.74,,0.0,0,False
2026-03-23 05:22:00+00:00,,,,,,,,0.74,0.74,,0.0,0,False
2026-03-23 05:22:30+00:00,,,,,,,,0.74,0.74,,0.0,0,False
2026-03-23 05:23:00+00:00,,,,,,,,0.74,0.74,,0.0,0,False
2026-03-23 05:23:30+00:00,,,,,,,,0.74,0.74,,0.0,0,False
2026-03-23 05:24:00+00:00,,,,,,,,0.74,0.74,,0.0,0,False
2026-03-23 05:24:30+00:00,,,,,,,,0.74,0.74,,0.0,0,False
2026-03-23 05:25:00+00:00,,,,,,,,0.74,0.74,,0.0,0,False
2026-03-23 05:25:30+00:00,,,,,,,,0.74,0.74,,0.0,0,False
2026-03-23 05:26:00+00:00,,,,,,,,0.74,0.74,,0.0,0,False
2026-03-23 05:26:30+00:00,,,,,,,,0.74,0.74,,0.0,0,False
2026-03-23 05:27:00+00:00,,,,,,,,0.74,0.74,,0.0,0,False
2026-03-23 05:27:30+00:00,,,,,,,,0.74,0.74,,0.0,0,False
2026-03-23 05:28:00+00:00,,,,,,,,0.74,0.74,,0.0,0,False
2026-03-23 05:28:30+00:00,,,,,,,,0.74,0.74,,0.0,0,False
2026-03-23 05:29:00+00:00,,,,,,,,0.74,0.74,,0.0,0,False
2026-03-23 05:29:30+00:00,,,,,,,,0.74,0.74,,0.0,0,False
2026-03-23 05:30:00+00:00,,,,,,,,0.74,0.74,,0.0,0,False
2026-03-23 05:30:30+00:00,,,,,,,,0.74,0.74,,0.0,0,False
2026-03-23 05:31:00+00:00,,,,,,,,0.74,0.74,,0.0,0,False
2026-03-23 05:31:30+00:00,,,,,,,,0.74,0.74,,0.0,0,False
2026-03-23 05:32:00+00:00,,,,,,,,0.74,0.74,,0.0,0,False
2026-03-23 05:32:30+00:00,,,,,,,,0.74,0.74,,0.0,0,False
2026-03-23 05:33:00+00:00,,,,,,,,0.74,0.74,,0.0,0,False
2026-03-23 05:33:30+00:00,,,,,,,,0.74,0.74,,0.0,0,False
2026-03-23 05:34:00+00:00,,,,,,,,0.74,0.74,,0.0,0,False
2026-03-23 05:34:30+00:00,,,,,,,,0.74,0.74,,0.0,0,False
2026-03-23 05:35:00+00:00,,,,,,,,0.74,0.74,,0.0,0,False
2026-03-23 05:35:30+00:00,,,,,,,,0.74,0.74,,0.0,0,False
2026-03-23 05:36:00+00:00,,,,,,,,0.74,0.74,,0.0,0,False
2026-03-23 05:36:30+00:00,,,,,,,,0.74,0.74,,0.0,0,False
2026-03-23 05:37:00+00:00,,,,,,,,0.74,0.74,,0.0,0,False
2026-03-23 05:37:30+00:00,,,,,,,,0.74,0.74,,0.0,0,False
2026-03-23 05:38:00+00:00,,,,,,,,0.74,0.74,,0.0,0,False
2026-03-23 05:38:30+00:00,,,,,,,,0.74,0.74,,0.0,0,False
2026-03-23 05:39:00+00:00,,,,,,,,0.74,0.74,,0.0,0,False
2026-03-23 05:39:30+00:00,,,,,,,,0.74,0.74,,0.0,0,False
2026-03-23 05:40:00+00:00,,,,,,,,0.74,0.74,,0.0,0,False
2026-03-23 05:40:30+00:00,,,,,,,,0.74,0.74,,0.0,0,False
2026-03-23 05:41:00+00:00,,,,,,,,0.74,0.74,,0.0,0,False
2026-03-23 05:41:30+00:00,,,,,,,,0.74,0.74,,0.0,0,False
2026-03-23 05:42:00+00:00,,,,,,,,0.74,0.74,,1327.0,3,False
2026-03-23 05:42:30+00:00,,,,,,,,0.74,0.74,,0.0,0,False
2026-03-23 05:43:00+00:00,,,,,,,,0.74,0.74,,0.0,0,False
2026-03-23 05:43:30+00:00,,,,,,,,0.74,0.74,,0.0,0,False
2026-03-23 05:44:00+00:00,,,,,,,,0.74,0.74,,0.0,0,False
2026-03-23 05:44:30+00:00,,,,,,,,0.74,0.74,,0.0,0,False
2026-03-23 05:45:00+00:00,,,,,,,,0.74,0.74,,0.0,0,False
2026-03-23 05:45:30+00:00,,,,,,,,0.74,0.74,,0.0,0,False
2026-03-23 05:46:00+00:00,,,,,,,,0.74,0.74,,0.0,0,False
2026-03-23 05:46:30+00:00,,,,,,,,0.74,0.74,,0.0,0,False
2026-03-23 05:47:00+00:00,,,,,,,,0.74,0.74,,0.0,0,False
2026-03-23 05:47:30+00:00,,,,,,,,0.74,0.74,,0.0,0,False
2026-03-23 05:48:00+00:00,,,,,,,,0.74,0.74,,0.0,0,False
2026-03-23 05:48:30+00:00,,,,,,,,0.74,0.74,,0.0,0,False
2026-03-23 05:49:00+00:00,,,,,,,,0.74,0.74,,0.0,0,False
2026-03-23 05:49:30+00:00,,,,,,,,0.74,0.74,,0.0,0,False
2026-03-23 05:50:00+00:00,,,,,,,,0.74,0.74,,0.0,0,False
2026-03-23 05:50:30+00:00,,,,,,,,0.74,0.74,,0.0,0,False
2026-03-23 05:51:00+00:00,,,,,,,,0.74,0.74,,0.0,0,False
2026-03-23 05:51:30+00:00,,,,,,,,0.74,0.74,,0.0,0,False
2026-03-23 05:52:00+00:00,,,,,,,,0.74,0.74,,0.0,0,False
2026-03-23 05:52:30+00:00,,,,,,,,0.74,0.74,,0.0,0,False
2026-03-23 05:53:00+00:00,,,,,,,,0.74,0.74,,0.0,0,False
2026-03-23 05:53:30+00:00,,,,,,,,0.74,0.74,,0.0,0,False
2026-03-23 05:54:00+00:00,,,,,,,,0.74,0.74,,0.0,0,False
2026-03-23 05:54:30+00:00,,,,,,,,0.74,0.74,,0.0,0,False
2026-03-23 05:55:00+00:00,,,,,,,,0.74,0.74,,0.0,0,False
2026-03-23 05:55:30+00:00,,,,,,,,0.74,0.74,,0.0,0,False
2026-03-23 05:56:00+00:00,,,,,,,,0.74,0.74,,0.0,0,False
2026-03-23 05:56:30+00:00,,,,,,,,0.74,0.74,,0.0,0,False
2026-03-23 05:57:00+00:00,,,,,,,,0.74,0.74,,0.0,0,False
2026-03-23 05:57:30+00:00,,,,,,,,0.74,0.74,,0.0,0,False
2026-03-23 05:58:00+00:00,,,,,,,,0.74,0.74,,0.0,0,False
2026-03-23 05:58:30+00:00,,,,,,,,0.74,0.74,,0.0,0,False
2026-03-23 05:59:00+00:00,,,,,,,,0.74,0.74,,0.0,0,False
2026-03-23 05:59:30+00:00,,,,,,,,0.74,0.74,,0.0,0,False
2026-03-23 06:00:00+00:00,,,,,,,,0.74,0.74,,0.0,0,False
2026-03-23 06:00:30+00:00,,,,,,,,0.74,0.74,,0.0,0,False
2026-03-23 06:01:00+00:00,,,,,,,,0.74,0.74,,0.0,0,False
2026-03-23 06:01:30+00:00,,,,,,,,0.74,0.74,,0.0,0,False
2026-03-23 06:02:00+00:00,,,,,,,,0.74,0.74,,0.0,0,False
2026-03-23 06:02:30+00:00,,,,,,,,0.74,0.74,,0.0,0,False
2026-03-23 06:03:00+00:00,,,,,,,,0.74,0.74,,0.0,0,False
2026-03-23 06:03:30+00:00,,,,,,,,0.74,0.74,,0.0,0,False
2026-03-23 06:04:00+00:00,,,,,,,,0.74,0.74,,0.0,0,False
2026-03-23 06:04:30+00:00,,,,,,,,0.74,0.74,,0.0,0,False
2026-03-23 06:05:00+00:00,,,,,,,,0.74,0.74,,0.0,0,False
2026-03-23 06:05:30+00:00,,,,,,,,0.74,0.74,,0.0,0,False
2026-03-23 06:06:00+00:00,,,,,,,,0.74,0.74,,0.0,0,False
2026-03-23 06:06:30+00:00,,,,,,,,0.74,0.74,,0.0,0,False
2026-03-23 06:07:00+00:00,,,,,,,,0.74,0.74,,0.0,0,False
2026-03-23 06:07:30+00:00,,,,,,,,0.74,0.74,,0.0,0,False
2026-03-23 06:08:00+00:00,,,,,,,,0.74,0.74,,0.0,0,False
2026-03-23 06:08:30+00:00,,,,,,,,0.72,0.72,,1.0,1,False
2026-03-23 06:09:00+00:00,,,,,,,,0.72,0.72,,0.0,0,False
2026-03-23 06:09:30+00:00,,,,,,,,0.72,0.72,,0.0,0,False
2026-03-23 06:10:00+00:00,,,,,,,,0.72,0.72,,0.0,0,False
2026-03-23 06:10:30+00:00,,,,,,,,0.7137398373983739,0.73,,123.0,3,False
2026-03-23 06:11:00+00:00,,,,,,,,0.7137398373983739,0.73,,0.0,0,False
2026-03-23 06:11:30+00:00,,,,,,,,0.7137398373983739,0.73,,0.0,0,False
2026-03-23 06:12:00+00:00,,,,,,,,0.7137398373983739,0.73,,0.0,0,False
2026-03-23 06:12:30+00:00,,,,,,,,0.7137398373983739,0.73,,0.0,0,False
2026-03-23 06:13:00+00:00,,,,,,,,0.7137398373983739,0.73,,0.0,0,False
2026-03-23 06:13:30+00:00,,,,,,,,0.7137398373983739,0.73,,0.0,0,False
2026-03-23 06:14:00+00:00,,,,,,,,0.7137398373983739,0.73,,0.0,0,False
2026-03-23 06:14:30+00:00,,,,,,,,0.7137398373983739,0.73,,0.0,0,False
2026-03-23 06:15:00+00:00,,,,,,,,0.7137398373983739,0.73,,0.0,0,False
2026-03-23 06:15:30+00:00,,,,,,,,0.7137398373983739,0.73,,0.0,0,False
2026-03-23 06:16:00+00:00,,,,,,,,0.7137398373983739,0.73,,0.0,0,False
2026-03-23 06:16:30+00:00,,,,,,,,0.7137398373983739,0.73,,0.0,0,False
2026-03-23 06:17:00+00:00,,,,,,,,0.71,0.71,,3.0,1,False
2026-03-23 06:17:30+00:00,,,,,,,,0.71,0.71,,0.0,0,False
2026-03-23 06:18:00+00:00,,,,,,,,0.71,0.71,,0.0,0,False
2026-03-23 06:18:30+00:00,,,,,,,,0.71,0.71,,0.0,0,False
2026-03-23 06:19:00+00:00,,,,,,,,0.71,0.71,,0.0,0,False
2026-03-23 06:19:30+00:00,,,,,,,,0.71,0.71,,0.0,0,False
2026-03-23 06:20:00+00:00,,,,,,,,0.71,0.71,,0.0,0,False
2026-03-23 06:20:30+00:00,,,,,,,,0.71,0.71,,0.0,0,False
2026-03-23 06:21:00+00:00,,,,,,,,0.71,0.71,,0.0,0,False
2026-03-23 06:21:30+00:00,,,,,,,,0.71,0.71,,0.0,0,False
2026-03-23 06:22:00+00:00,,,,,,,,0.71,0.71,,2.0,1,False
2026-03-23 06:22:30+00:00,,,,,,,,0.71,0.71,,0.0,0,False
2026-03-23 06:23:00+00:00,,,,,,,,0.71,0.71,,0.0,0,False
2026-03-23 06:23:30+00:00,,,,,,,,0.71,0.71,,0.0,0,False
2026-03-23 06:24:00+00:00,,,,,,,,0.71,0.71,,0.0,0,False
2026-03-23 06:24:30+00:00,,,,,,,,0.71,0.71,,0.0,0,False
2026-03-23 06:25:00+00:00,,,,,,,,0.71,0.71,,0.0,0,False
2026-03-23 06:25:30+00:00,,,,,,,,0.71,0.71,,0.0,0,False
2026-03-23 06:26:00+00:00,,,,,,,,0.71,0.71,,0.0,0,False
2026-03-23 06:26:30+00:00,,,,,,,,0.71,0.71,,0.0,0,False
2026-03-23 06:27:00+00:00,,,,,,,,0.71,0.71,,0.0,0,False
2026-03-23 06:27:30+00:00,,,,,,,,0.71,0.71,,0.0,0,False
2026-03-23 06:28:00+00:00,,,,,,,,0.71,0.71,,0.0,0,False
2026-03-23 06:28:30+00:00,,,,,,,,0.71,0.71,,0.0,0,False
2026-03-23 06:29:00+00:00,,,,,,,,0.71,0.71,,0.0,0,False
2026-03-23 06:29:30+00:00,,,,,,,,0.71,0.71,,0.0,0,False
2026-03-23 06:30:00+00:00,,,,,,,,0.71,0.71,,0.0,0,False
2026-03-23 06:30:30+00:00,,,,,,,,0.71,0.71,,0.0,0,False
2026-03-23 06:31:00+00:00,,,,,,,,0.71,0.71,,0.0,0,False
2026-03-23 06:31:30+00:00,,,,,,,,0.71,0.71,,0.0,0,False
2026-03-23 06:32:00+00:00,,,,,,,,0.71,0.71,,0.0,0,False
2026-03-23 06:32:30+00:00,,,,,,,,0.71,0.71,,0.0,0,False
2026-03-23 06:33:00+00:00,,,,,,,,0.71,0.71,,0.0,0,False
2026-03-23 06:33:30+00:00,,,,,,,,0.71,0.71,,0.0,0,False
2026-03-23 06:34:00+00:00,,,,,,,,0.71,0.71,,0.0,0,False
2026-03-23 06:34:30+00:00,,,,,,,,0.71,0.71,,0.0,0,False
2026-03-23 06:35:00+00:00,,,,,,,,0.71,0.71,,0.0,0,False
2026-03-23 06:35:30+00:00,,,,,,,,0.71,0.71,,0.0,0,False
2026-03-23 06:36:00+00:00,,,,,,,,0.71,0.71,,0.0,0,False
2026-03-23 06:36:30+00:00,,,,,,,,0.71,0.71,,0.0,0,False
2026-03-23 06:37:00+00:00,,,,,,,,0.71,0.71,,0.0,0,False
2026-03-23 06:37:30+00:00,,,,,,,,0.71,0.71,,0.0,0,False
2026-03-23 06:38:00+00:00,,,,,,,,0.71,0.71,,0.0,0,False
2026-03-23 06:38:30+00:00,,,,,,,,0.71,0.71,,0.0,0,False
2026-03-23 06:39:00+00:00,,,,,,,,0.71,0.71,,0.0,0,False
2026-03-23 06:39:30+00:00,,,,,,,,0.71,0.71,,0.0,0,False
2026-03-23 06:40:00+00:00,,,,,,,,0.71,0.71,,0.0,0,False
2026-03-23 06:40:30+00:00,,,,,,,,0.71,0.71,,0.0,0,False
2026-03-23 06:41:00+00:00,,,,,,,,0.71,0.71,,0.0,0,False
2026-03-23 06:41:30+00:00,,,,,,,,0.71,0.71,,0.0,0,False
2026-03-23 06:42:00+00:00,,,,,,,,0.71,0.71,,0.0,0,False
2026-03-23 06:42:30+00:00,,,,,,,,0.71,0.71,,0.0,0,False
2026-03-23 06:43:00+00:00,,,,,,,,0.71,0.71,,0.0,0,False
2026-03-23 06:43:30+00:00,,,,,,,,0.71,0.71,,0.0,0,False
2026-03-23 06:44:00+00:00,,,,,,,,0.71,0.71,,0.0,0,False
2026-03-23 06:44:30+00:00,,,,,,,,0.71,0.71,,0.0,0,False
2026-03-23 06:45:00+00:00,,,,,,,,0.71,0.71,,0.0,0,False
2026-03-23 06:45:30+00:00,,,,,,,,0.71,0.71,,0.0,0,False
2026-03-23 06:46:00+00:00,,,,,,,,0.71,0.71,,0.0,0,False
2026-03-23 06:46:30+00:00,,,,,,,,0.71,0.71,,0.0,0,False
2026-03-23 06:47:00+00:00,,,,,,,,0.71,0.71,,0.0,0,False
2026-03-23 06:47:30+00:00,,,,,,,,0.71,0.71,,0.0,0,False
2026-03-23 06:48:00+00:00,,,,,,,,0.71,0.71,,0.0,0,False
2026-03-23 06:48:30+00:00,,,,,,,,0.71,0.71,,0.0,0,False
2026-03-23 06:49:00+00:00,,,,,,,,0.71,0.71,,0.0,0,False
2026-03-23 06:49:30+00:00,,,,,,,,0.71,0.71,,0.0,0,False
2026-03-23 06:50:00+00:00,,,,,,,,0.71,0.71,,0.0,0,False
2026-03-23 06:50:30+00:00,,,,,,,,0.71,0.71,,0.0,0,False
2026-03-23 06:51:00+00:00,,,,,,,,0.71,0.71,,0.0,0,False
2026-03-23 06:51:30+00:00,,,,,,,,0.71,0.71,,0.0,0,False
2026-03-23 06:52:00+00:00,,,,,,,,0.71,0.71,,0.0,0,False
2026-03-23 06:52:30+00:00,,,,,,,,0.71,0.71,,0.0,0,False
2026-03-23 06:53:00+00:00,,,,,,,,0.71,0.71,,0.0,0,False
2026-03-23 06:53:30+00:00,,,,,,,,0.71,0.71,,0.0,0,False
2026-03-23 06:54:00+00:00,,,,,,,,0.71,0.71,,0.0,0,False
2026-03-23 06:54:30+00:00,,,,,,,,0.71,0.71,,0.0,0,False
2026-03-23 06:55:00+00:00,,,,,,,,0.71,0.71,,0.0,0,False
2026-03-23 06:55:30+00:00,,,,,,,,0.71,0.71,,0.0,0,False
2026-03-23 06:56:00+00:00,,,,,,,,0.71,0.71,,0.0,0,False
2026-03-23 06:56:30+00:00,,,,,,,,0.71,0.71,,0.0,0,False
2026-03-23 06:57:00+00:00,,,,,,,,0.71,0.71,,0.0,0,False
2026-03-23 06:57:30+00:00,,,,,,,,0.71,0.71,,0.0,0,False
2026-03-23 06:58:00+00:00,,,,,,,,0.71,0.71,,0.0,0,False
2026-03-23 06:58:30+00:00,,,,,,,,0.71,0.71,,0.0,0,False
2026-03-23 06:59:00+00:00,,,,,,,,0.71,0.71,,0.0,0,False
2026-03-23 06:59:30+00:00,,,,,,,,0.71,0.71,,0.0,0,False
2026-03-23 07:00:00+00:00,,,,,,,,0.71,0.71,,0.0,0,False
2026-03-23 07:00:30+00:00,,,,,,,,0.71,0.71,,0.0,0,False
2026-03-23 07:01:00+00:00,,,,,,,,0.71,0.71,,0.0,0,False
2026-03-23 07:01:30+00:00,,,,,,,,0.71,0.71,,0.0,0,False
2026-03-23 07:02:00+00:00,,,,,,,,0.71,0.71,,0.0,0,False
2026-03-23 07:02:30+00:00,,,,,,,,0.71,0.71,,0.0,0,False
2026-03-23 07:03:00+00:00,,,,,,,,0.71,0.71,,0.0,0,False
2026-03-23 07:03:30+00:00,,,,,,,,0.71,0.71,,0.0,0,False
2026-03-23 07:04:00+00:00,,,,,,,,0.71,0.71,,0.0,0,False
2026-03-23 07:04:30+00:00,,,,,,,,0.71,0.71,,0.0,0,False
2026-03-23 07:05:00+00:00,,,,,,,,0.71,0.71,,0.0,0,False
2026-03-23 07:05:30+00:00,,,,,,,,0.71,0.71,,0.0,0,False
2026-03-23 07:06:00+00:00,,,,,,,,0.71,0.71,,0.0,0,False
2026-03-23 07:06:30+00:00,,,,,,,,0.71,0.71,,0.0,0,False
2026-03-23 07:07:00+00:00,,,,,,,,0.71,0.71,,0.0,0,False
2026-03-23 07:07:30+00:00,,,,,,,,0.71,0.71,,0.0,0,False
2026-03-23 07:08:00+00:00,,,,,,,,0.71,0.71,,0.0,0,False
2026-03-23 07:08:30+00:00,,,,,,,,0.71,0.71,,0.0,0,False
2026-03-23 07:09:00+00:00,,,,,,,,0.71,0.71,,0.0,0,False
2026-03-23 07:09:30+00:00,,,,,,,,0.71,0.71,,0.0,0,False
2026-03-23 07:10:00+00:00,,,,,,,,0.71,0.71,,0.0,0,False
2026-03-23 07:10:30+00:00,,,,,,,,0.71,0.71,,0.0,0,False
2026-03-23 07:11:00+00:00,,,,,,,,0.71,0.71,,0.0,0,False
2026-03-23 07:11:30+00:00,,,,,,,,0.71,0.71,,0.0,0,False
2026-03-23 07:12:00+00:00,,,,,,,,0.71,0.71,,0.0,0,False
2026-03-23 07:12:30+00:00,,,,,,,,0.71,0.71,,0.0,0,False
2026-03-23 07:13:00+00:00,,,,,,,,0.71,0.71,,0.0,0,False
2026-03-23 07:13:30+00:00,,,,,,,,0.71,0.71,,206.0,2,False
2026-03-23 07:14:00+00:00,,,,,,,,0.71,0.71,,0.0,0,False
2026-03-23 07:14:30+00:00,,,,,,,,0.71,0.71,,0.0,0,False
2026-03-23 07:15:00+00:00,,,,,,,,0.71,0.71,,0.0,0,False
2026-03-23 07:15:30+00:00,,,,,,,,0.71,0.71,,0.0,0,False
2026-03-23 07:16:00+00:00,,,,,,,,0.71,0.71,,0.0,0,False
2026-03-23 07:16:30+00:00,,,,,,,,0.71,0.71,,0.0,0,False
2026-03-23 07:17:00+00:00,,,,,,,,0.71,0.71,,0.0,0,False
2026-03-23 07:17:30+00:00,,,,,,,,0.71,0.71,,0.0,0,False
2026-03-23 07:18:00+00:00,,,,,,,,0.71,0.71,,0.0,0,False
2026-03-23 07:18:30+00:00,,,,,,,,0.71,0.71,,0.0,0,False
2026-03-23 07:19:00+00:00,,,,,,,,0.71,0.71,,0.0,0,False
2026-03-23 07:19:30+00:00,,,,,,,,0.71,0.71,,0.0,0,False
2026-03-23 07:20:00+00:00,,,,,,,,0.71,0.71,,0.0,0,False
2026-03-23 07:20:30+00:00,,,,,,,,0.71,0.71,,0.0,0,False
2026-03-23 07:21:00+00:00,,,,,,,,0.71,0.71,,39.0,1,False
2026-03-23 07:21:30+00:00,,,,,,,,0.71,0.71,,0.0,0,False
2026-03-23 07:22:00+00:00,,,,,,,,0.71,0.71,,0.0,0,False
2026-03-23 07:22:30+00:00,,,,,,,,0.71,0.71,,0.0,0,False
2026-03-23 07:23:00+00:00,,,,,,,,0.71,0.71,,0.0,0,False
2026-03-23 07:23:30+00:00,,,,,,,,0.71,0.71,,0.0,0,False
2026-03-23 07:24:00+00:00,,,,,,,,0.71,0.71,,0.0,0,False
2026-03-23 07:24:30+00:00,,,,,,,,0.71,0.71,,0.0,0,False
2026-03-23 07:25:00+00:00,,,,,,,,0.71,0.71,,0.0,0,False
2026-03-23 07:25:30+00:00,,,,,,,,0.71,0.71,,0.0,0,False
2026-03-23 07:26:00+00:00,,,,,,,,0.71,0.71,,0.0,0,False
2026-03-23 07:26:30+00:00,,,,,,,,0.71,0.71,,0.0,0,False
2026-03-23 07:27:00+00:00,,,,,,,,0.71,0.71,,0.0,0,False
2026-03-23 07:27:30+00:00,,,,,,,,0.71,0.71,,0.0,0,False
2026-03-23 07:28:00+00:00,,,,,,,,0.71,0.71,,0.0,0,False
2026-03-23 07:28:30+00:00,,,,,,,,0.71,0.71,,0.0,0,False
2026-03-23 07:29:00+00:00,,,,,,,,0.71,0.71,,0.0,0,False
2026-03-23 07:29:30+00:00,,,,,,,,0.71,0.71,,0.0,0,False
2026-03-23 07:30:00+00:00,,,,,,,,0.73,0.73,,5.0,1,False
2026-03-23 07:30:30+00:00,,,,,,,,0.73,0.73,,0.0,0,False
2026-03-23 07:31:00+00:00,,,,,,,,0.73,0.73,,0.0,0,False
2026-03-23 07:31:30+00:00,,,,,,,,0.73,0.73,,0.0,0,False
2026-03-23 07:32:00+00:00,,,,,,,,0.73,0.73,,0.0,0,False
2026-03-23 07:32:30+00:00,,,,,,,,0.73,0.73,,0.0,0,False
2026-03-23 07:33:00+00:00,,,,,,,,0.73,0.73,,0.0,0,False
2026-03-23 07:33:30+00:00,,,,,,,,0.73,0.73,,0.0,0,False
2026-03-23 07:34:00+00:00,,,,,,,,0.73,0.73,,0.0,0,False
2026-03-23 07:34:30+00:00,,,,,,,,0.73,0.73,,0.0,0,False
2026-03-23 07:35:00+00:00,,,,,,,,0.73,0.73,,0.0,0,False
2026-03-23 07:35:30+00:00,,,,,,,,0.73,0.73,,0.0,0,False
2026-03-23 07:36:00+00:00,,,,,,,,0.73,0.73,,0.0,0,False
2026-03-23 07:36:30+00:00,,,,,,,,0.73,0.73,,0.0,0,False
2026-03-23 07:37:00+00:00,,,,,,,,0.73,0.73,,0.0,0,False
2026-03-23 07:37:30+00:00,,,,,,,,0.73,0.73,,0.0,0,False
2026-03-23 07:38:00+00:00,,,,,,,,0.73,0.73,,0.0,0,False
2026-03-23 07:38:30+00:00,,,,,,,,0.73,0.73,,0.0,0,False
2026-03-23 07:39:00+00:00,,,,,,,,0.73,0.73,,0.0,0,False
2026-03-23 07:39:30+00:00,,,,,,,,0.73,0.73,,0.0,0,False
2026-03-23 07:40:00+00:00,,,,,,,,0.73,0.73,,0.0,0,False
2026-03-23 07:40:30+00:00,,,,,,,,0.73,0.73,,0.0,0,False
2026-03-23 07:41:00+00:00,,,,,,,,0.73,0.73,,0.0,0,False
2026-03-23 07:41:30+00:00,,,,,,,,0.73,0.73,,0.0,0,False
2026-03-23 07:42:00+00:00,,,,,,,,0.73,0.73,,0.0,0,False
2026-03-23 07:42:30+00:00,,,,,,,,0.73,0.73,,0.0,0,False
2026-03-23 07:43:00+00:00,,,,,,,,0.73,0.73,,0.0,0,False
2026-03-23 07:43:30+00:00,,,,,,,,0.73,0.73,,0.0,0,False
2026-03-23 07:44:00+00:00,,,,,,,,0.73,0.73,,0.0,0,False
2026-03-23 07:44:30+00:00,,,,,,,,0.73,0.73,,0.0,0,False
2026-03-23 07:45:00+00:00,,,,,,,,0.73,0.73,,0.0,0,False
2026-03-23 07:45:30+00:00,,,,,,,,0.73,0.73,,0.0,0,False
2026-03-23 07:46:00+00:00,,,,,,,,0.73,0.73,,0.0,0,False
2026-03-23 07:46:30+00:00,,,,,,,,0.73,0.73,,0.0,0,False
2026-03-23 07:47:00+00:00,,,,,,,,0.73,0.73,,0.0,0,False
2026-03-23 07:47:30+00:00,,,,,,,,0.73,0.73,,0.0,0,False
2026-03-23 07:48:00+00:00,,,,,,,,0.73,0.73,,0.0,0,False
2026-03-23 07:48:30+00:00,,,,,,,,0.73,0.73,,0.0,0,False
2026-03-23 07:49:00+00:00,,,,,,,,0.73,0.73,,0.0,0,False
2026-03-23 07:49:30+00:00,,,,,,,,0.73,0.73,,0.0,0,False
2026-03-23 07:50:00+00:00,,,,,,,,0.73,0.73,,0.0,0,False
2026-03-23 07:50:30+00:00,,,,,,,,0.73,0.73,,0.0,0,False
2026-03-23 07:51:00+00:00,,,,,,,,0.73,0.73,,0.0,0,False
2026-03-23 07:51:30+00:00,,,,,,,,0.73,0.73,,0.0,0,False
2026-03-23 07:52:00+00:00,,,,,,,,0.73,0.73,,0.0,0,False
2026-03-23 07:52:30+00:00,,,,,,,,0.73,0.73,,0.0,0,False
2026-03-23 07:53:00+00:00,,,,,,,,0.73,0.73,,0.0,0,False
2026-03-23 07:53:30+00:00,,,,,,,,0.73,0.73,,0.0,0,False
2026-03-23 07:54:00+00:00,,,,,,,,0.73,0.73,,0.0,0,False
2026-03-23 07:54:30+00:00,,,,,,,,0.73,0.73,,0.0,0,False
2026-03-23 07:55:00+00:00,,,,,,,,0.73,0.73,,0.0,0,False
2026-03-23 07:55:30+00:00,,,,,,,,0.73,0.73,,0.0,0,False
2026-03-23 07:56:00+00:00,,,,,,,,0.73,0.73,,0.0,0,False
2026-03-23 07:56:30+00:00,,,,,,,,0.73,0.73,,0.0,0,False
2026-03-23 07:57:00+00:00,,,,,,,,0.73,0.73,,0.0,0,False
2026-03-23 07:57:30+00:00,,,,,,,,0.73,0.73,,0.0,0,False
2026-03-23 07:58:00+00:00,,,,,,,,0.73,0.73,,0.0,0,False
2026-03-23 07:58:30+00:00,,,,,,,,0.73,0.73,,0.0,0,False
2026-03-23 07:59:00+00:00,,,,,,,,0.73,0.73,,0.0,0,False
2026-03-23 07:59:30+00:00,,,,,,,,0.73,0.73,,0.0,0,False
2026-03-23 08:00:00+00:00,,,,,,,,0.73,0.73,,0.0,0,False
2026-03-23 08:00:30+00:00,,,,,,,,0.73,0.73,,0.0,0,False
2026-03-23 08:01:00+00:00,,,,,,,,0.73,0.73,,0.0,0,False
2026-03-23 08:01:30+00:00,,,,,,,,0.73,0.73,,0.0,0,False
2026-03-23 08:02:00+00:00,,,,,,,,0.73,0.73,,0.0,0,False
2026-03-23 08:02:30+00:00,,,,,,,,0.73,0.73,,0.0,0,False
2026-03-23 08:03:00+00:00,,,,,,,,0.73,0.73,,0.0,0,False
2026-03-23 08:03:30+00:00,,,,,,,,0.73,0.73,,0.0,0,False
2026-03-23 08:04:00+00:00,,,,,,,,0.73,0.73,,0.0,0,False
2026-03-23 08:04:30+00:00,,,,,,,,0.73,0.73,,0.0,0,False
2026-03-23 08:05:00+00:00,,,,,,,,0.73,0.73,,0.0,0,False
2026-03-23 08:05:30+00:00,,,,,,,,0.73,0.73,,0.0,0,False
2026-03-23 08:06:00+00:00,,,,,,,,0.73,0.73,,0.0,0,False
2026-03-23 08:06:30+00:00,,,,,,,,0.73,0.73,,0.0,0,False
2026-03-23 08:07:00+00:00,,,,,,,,0.73,0.73,,0.0,0,False
2026-03-23 08:07:30+00:00,,,,,,,,0.73,0.73,,0.0,0,False
2026-03-23 08:08:00+00:00,,,,,,,,0.73,0.73,,0.0,0,False
2026-03-23 08:08:30+00:00,,,,,,,,0.73,0.73,,0.0,0,False
2026-03-23 08:09:00+00:00,,,,,,,,0.73,0.73,,0.0,0,False
2026-03-23 08:09:30+00:00,,,,,,,,0.73,0.73,,0.0,0,False
2026-03-23 08:10:00+00:00,,,,,,,,0.73,0.73,,0.0,0,False
2026-03-23 08:10:30+00:00,,,,,,,,0.73,0.73,,0.0,0,False
2026-03-23 08:11:00+00:00,,,,,,,,0.73,0.73,,0.0,0,False
2026-03-23 08:11:30+00:00,,,,,,,,0.73,0.73,,0.0,0,False
2026-03-23 08:12:00+00:00,,,,,,,,0.73,0.73,,0.0,0,False
2026-03-23 08:12:30+00:00,,,,,,,,0.73,0.73,,0.0,0,False
2026-03-23 08:13:00+00:00,,,,,,,,0.73,0.73,,0.0,0,False
2026-03-23 08:13:30+00:00,,,,,,,,0.73,0.73,,0.0,0,False
2026-03-23 08:14:00+00:00,,,,,,,,0.73,0.73,,0.0,0,False
2026-03-23 08:14:30+00:00,,,,,,,,0.73,0.73,,0.0,0,False
2026-03-23 08:15:00+00:00,,,,,,,,0.73,0.73,,0.0,0,False
2026-03-23 08:15:30+00:00,,,,,,,,0.73,0.73,,0.0,0,False
2026-03-23 08:16:00+00:00,,,,,,,,0.73,0.73,,0.0,0,False
2026-03-23 08:16:30+00:00,,,,,,,,0.73,0.73,,0.0,0,False
2026-03-23 08:17:00+00:00,,,,,,,,0.73,0.73,,0.0,0,False
2026-03-23 08:17:30+00:00,,,,,,,,0.73,0.73,,0.0,0,False
2026-03-23 08:18:00+00:00,,,,,,,,0.73,0.73,,0.0,0,False
2026-03-23 08:18:30+00:00,,,,,,,,0.73,0.73,,0.0,0,False
2026-03-23 08:19:00+00:00,,,,,,,,0.73,0.73,,0.0,0,False
2026-03-23 08:19:30+00:00,,,,,,,,0.73,0.73,,0.0,0,False
2026-03-23 08:20:00+00:00,,,,,,,,0.73,0.73,,0.0,0,False
2026-03-23 08:20:30+00:00,,,,,,,,0.73,0.73,,0.0,0,False
2026-03-23 08:21:00+00:00,,,,,,,,0.73,0.73,,0.0,0,False
2026-03-23 08:21:30+00:00,,,,,,,,0.73,0.73,,0.0,0,False
2026-03-23 08:22:00+00:00,,,,,,,,0.73,0.73,,0.0,0,False
2026-03-23 08:22:30+00:00,,,,,,,,0.73,0.73,,0.0,0,False
2026-03-23 08:23:00+00:00,,,,,,,,0.73,0.73,,0.0,0,False
2026-03-23 08:23:30+00:00,,,,,,,,0.73,0.73,,0.0,0,False
2026-03-23 08:24:00+00:00,,,,,,,,0.73,0.73,,0.0,0,False
2026-03-23 08:24:30+00:00,,,,,,,,0.73,0.73,,13.0,1,False
2026-03-23 08:25:00+00:00,,,,,,,,0.73,0.73,,0.0,0,False
2026-03-23 08:25:30+00:00,,,,,,,,0.73,0.73,,0.0,0,False
2026-03-23 08:26:00+00:00,,,,,,,,0.73,0.73,,0.0,0,False
2026-03-23 08:26:30+00:00,,,,,,,,0.73,0.73,,0.0,0,False
2026-03-23 08:27:00+00:00,,,,,,,,0.73,0.73,,0.0,0,False
2026-03-23 08:27:30+00:00,,,,,,,,0.73,0.73,,0.0,0,False
2026-03-23 08:28:00+00:00,,,,,,,,0.73,0.73,,0.0,0,False
2026-03-23 08:28:30+00:00,,,,,,,,0.73,0.73,,0.0,0,False
2026-03-23 08:29:00+00:00,,,,,,,,0.73,0.73,,0.0,0,False
2026-03-23 08:29:30+00:00,,,,,,,,0.73,0.73,,0.0,0,False
2026-03-23 08:30:00+00:00,,,,,,,,0.73,0.73,,0.0,0,False
2026-03-23 08:30:30+00:00,,,,,,,,0.73,0.73,,0.0,0,False
2026-03-23 08:31:00+00:00,,,,,,,,0.73,0.73,,0.0,0,False
2026-03-23 08:31:30+00:00,,,,,,,,0.73,0.73,,0.0,0,False
2026-03-23 08:32:00+00:00,,,,,,,,0.73,0.73,,0.0,0,False
2026-03-23 08:32:30+00:00,,,,,,,,0.73,0.73,,0.0,0,False
2026-03-23 08:33:00+00:00,,,,,,,,0.73,0.73,,0.0,0,False
2026-03-23 08:33:30+00:00,,,,,,,,0.73,0.73,,0.0,0,False
2026-03-23 08:34:00+00:00,,,,,,,,0.73,0.73,,0.0,0,False
2026-03-23 08:34:30+00:00,,,,,,,,0.73,0.73,,0.0,0,False
2026-03-23 08:35:00+00:00,,,,,,,,0.73,0.73,,0.0,0,False
2026-03-23 08:35:30+00:00,,,,,,,,0.73,0.73,,0.0,0,False
2026-03-23 08:36:00+00:00,,,,,,,,0.73,0.73,,0.0,0,False
2026-03-23 08:36:30+00:00,,,,,,,,0.73,0.73,,0.0,0,False
2026-03-23 08:37:00+00:00,,,,,,,,0.73,0.73,,0.0,0,False
2026-03-23 08:37:30+00:00,,,,,,,,0.73,0.73,,0.0,0,False
2026-03-23 08:38:00+00:00,,,,,,,,0.73,0.73,,0.0,0,False
2026-03-23 08:38:30+00:00,,,,,,,,0.73,0.73,,0.0,0,False
2026-03-23 08:39:00+00:00,,,,,,,,0.73,0.73,,0.0,0,False
2026-03-23 08:39:30+00:00,,,,,,,,0.73,0.73,,0.0,0,False
2026-03-23 08:40:00+00:00,,,,,,,,0.73,0.73,,0.0,0,False
2026-03-23 08:40:30+00:00,,,,,,,,0.73,0.73,,0.0,0,False
2026-03-23 08:41:00+00:00,,,,,,,,0.73,0.73,,0.0,0,False
2026-03-23 08:41:30+00:00,,,,,,,,0.73,0.73,,0.0,0,False
2026-03-23 08:42:00+00:00,,,,,,,,0.73,0.73,,0.0,0,False
2026-03-23 08:42:30+00:00,,,,,,,,0.73,0.73,,0.0,0,False
2026-03-23 08:43:00+00:00,,,,,,,,0.73,0.73,,0.0,0,False
2026-03-23 08:43:30+00:00,,,,,,,,0.73,0.73,,0.0,0,False
2026-03-23 08:44:00+00:00,,,,,,,,0.73,0.73,,0.0,0,False
2026-03-23 08:44:30+00:00,,,,,,,,0.73,0.73,,0.0,0,False
2026-03-23 08:45:00+00:00,,,,,,,,0.73,0.73,,0.0,0,False
2026-03-23 08:45:30+00:00,,,,,,,,0.73,0.73,,0.0,0,False
2026-03-23 08:46:00+00:00,,,,,,,,0.73,0.73,,0.0,0,False
2026-03-23 08:46:30+00:00,,,,,,,,0.73,0.73,,0.0,0,False
2026-03-23 08:47:00+00:00,,,,,,,,0.73,0.73,,0.0,0,False
2026-03-23 08:47:30+00:00,,,,,,,,0.73,0.73,,0.0,0,False
2026-03-23 08:48:00+00:00,,,,,,,,0.73,0.73,,0.0,0,False
2026-03-23 08:48:30+00:00,,,,,,,,0.73,0.73,,0.0,0,False
2026-03-23 08:49:00+00:00,,,,,,,,0.73,0.73,,0.0,0,False
2026-03-23 08:49:30+00:00,,,,,,,,0.73,0.73,,0.0,0,False
2026-03-23 08:50:00+00:00,,,,,,,,0.73,0.73,,0.0,0,False
2026-03-23 08:50:30+00:00,,,,,,,,0.73,0.73,,0.0,0,False
2026-03-23 08:51:00+00:00,,,,,,,,0.73,0.73,,0.0,0,False
2026-03-23 08:51:30+00:00,,,,,,,,0.73,0.73,,0.0,0,False
2026-03-23 08:52:00+00:00,,,,,,,,0.73,0.73,,0.0,0,False
2026-03-23 08:52:30+00:00,,,,,,,,0.73,0.73,,0.0,0,False
2026-03-23 08:53:00+00:00,,,,,,,,0.73,0.73,,0.0,0,False
2026-03-23 08:53:30+00:00,,,,,,,,0.73,0.73,,0.0,0,False
2026-03-23 08:54:00+00:00,,,,,,,,0.73,0.73,,0.0,0,False
2026-03-23 08:54:30+00:00,,,,,,,,0.73,0.73,,0.0,0,False
2026-03-23 08:55:00+00:00,,,,,,,,0.73,0.73,,0.0,0,False
2026-03-23 08:55:30+00:00,,,,,,,,0.73,0.73,,0.0,0,False
2026-03-23 08:56:00+00:00,,,,,,,,0.73,0.73,,32.0,1,False
2026-03-23 08:56:30+00:00,,,,,,,,0.73,0.73,,0.0,0,False
2026-03-23 08:57:00+00:00,,,,,,,,0.73,0.73,,0.0,0,False
2026-03-23 08:57:30+00:00,,,,,,,,0.73,0.73,,0.0,0,False
2026-03-23 08:58:00+00:00,,,,,,,,0.73,0.73,,0.0,0,False
2026-03-23 08:58:30+00:00,,,,,,,,0.73,0.73,,0.0,0,False
2026-03-23 08:59:00+00:00,,,,,,,,0.73,0.73,,0.0,0,False
2026-03-23 08:59:30+00:00,,,,,,,,0.73,0.73,,0.0,0,False
2026-03-23 09:00:00+00:00,,,,,,,,0.73,0.73,,0.0,0,False
2026-03-23 09:00:30+00:00,,,,,,,,0.73,0.73,,0.0,0,False
2026-03-23 09:01:00+00:00,,,,,,,,0.73,0.73,,0.0,0,False
2026-03-23 09:01:30+00:00,,,,,,,,0.73,0.73,,0.0,0,False
2026-03-23 09:02:00+00:00,,,,,,,,0.73,0.73,,0.0,0,False
2026-03-23 09:02:30+00:00,,,,,,,,0.73,0.73,,0.0,0,False
2026-03-23 09:03:00+00:00,,,,,,,,0.73,0.73,,0.0,0,False
2026-03-23 09:03:30+00:00,,,,,,,,0.73,0.73,,0.0,0,False
2026-03-23 09:04:00+00:00,,,,,,,,0.73,0.73,,0.0,0,False
2026-03-23 09:04:30+00:00,,,,,,,,0.73,0.73,,0.0,0,False
2026-03-23 09:05:00+00:00,,,,,,,,0.73,0.73,,0.0,0,False
2026-03-23 09:05:30+00:00,,,,,,,,0.73,0.73,,0.0,0,False
2026-03-23 09:06:00+00:00,,,,,,,,0.73,0.73,,0.0,0,False
2026-03-23 09:06:30+00:00,,,,,,,,0.73,0.73,,0.0,0,False
2026-03-23 09:07:00+00:00,,,,,,,,0.73,0.73,,0.0,0,False
2026-03-23 09:07:30+00:00,,,,,,,,0.73,0.73,,0.0,0,False
2026-03-23 09:08:00+00:00,,,,,,,,0.73,0.73,,0.0,0,False
2026-03-23 09:08:30+00:00,,,,,,,,0.73,0.73,,0.0,0,False
2026-03-23 09:09:00+00:00,,,,,,,,0.73,0.73,,0.0,0,False
2026-03-23 09:09:30+00:00,,,,,,,,0.73,0.73,,0.0,0,False
2026-03-23 09:10:00+00:00,,,,,,,,0.73,0.73,,0.0,0,False
2026-03-23 09:10:30+00:00,,,,,,,,0.73,0.73,,0.0,0,False
2026-03-23 09:11:00+00:00,,,,,,,,0.73,0.73,,0.0,0,False
2026-03-23 09:11:30+00:00,,,,,,,,0.73,0.73,,0.0,0,False
2026-03-23 09:12:00+00:00,,,,,,,,0.73,0.73,,0.0,0,False
2026-03-23 09:12:30+00:00,,,,,,,,0.73,0.73,,0.0,0,False
2026-03-23 09:13:00+00:00,,,,,,,,0.73,0.73,,0.0,0,False
2026-03-23 09:13:30+00:00,,,,,,,,0.73,0.73,,0.0,0,False
2026-03-23 09:14:00+00:00,,,,,,,,0.73,0.73,,0.0,0,False
2026-03-23 09:14:30+00:00,,,,,,,,0.73,0.73,,0.0,0,False
2026-03-23 09:15:00+00:00,,,,,,,,0.73,0.73,,0.0,0,False
2026-03-23 09:15:30+00:00,,,,,,,,0.73,0.73,,0.0,0,False
2026-03-23 09:16:00+00:00,,,,,,,,0.73,0.73,,0.0,0,False
2026-03-23 09:16:30+00:00,,,,,,,,0.73,0.73,,0.0,0,False
2026-03-23 09:17:00+00:00,,,,,,,,0.73,0.73,,0.0,0,False
2026-03-23 09:17:30+00:00,,,,,,,,0.73,0.73,,0.0,0,False
2026-03-23 09:18:00+00:00,,,,,,,,0.73,0.73,,0.0,0,False
2026-03-23 09:18:30+00:00,,,,,,,,0.71,0.71,,16.0,1,False
2026-03-23 09:19:00+00:00,,,,,,,,0.71,0.71,,0.0,0,False
2026-03-23 09:19:30+00:00,,,,,,,,0.71,0.71,,0.0,0,False
2026-03-23 09:20:00+00:00,,,,,,,,0.71,0.71,,0.0,0,False
2026-03-23 09:20:30+00:00,,,,,,,,0.71,0.71,,0.0,0,False
2026-03-23 09:21:00+00:00,,,,,,,,0.71,0.71,,0.0,0,False
2026-03-23 09:21:30+00:00,,,,,,,,0.71,0.71,,0.0,0,False
2026-03-23 09:22:00+00:00,,,,,,,,0.71,0.71,,0.0,0,False
2026-03-23 09:22:30+00:00,,,,,,,,0.71,0.71,,0.0,0,False
2026-03-23 09:23:00+00:00,,,,,,,,0.71,0.71,,0.0,0,False
2026-03-23 09:23:30+00:00,,,,,,,,0.71,0.71,,0.0,0,False
2026-03-23 09:24:00+00:00,,,,,,,,0.71,0.71,,0.0,0,False
2026-03-23 09:24:30+00:00,,,,,,,,0.71,0.71,,0.0,0,False
2026-03-23 09:25:00+00:00,,,,,,,,0.71,0.71,,0.0,0,False
2026-03-23 09:25:30+00:00,,,,,,,,0.71,0.71,,0.0,0,False
2026-03-23 09:26:00+00:00,,,,,,,,0.71,0.71,,0.0,0,False
2026-03-23 09:26:30+00:00,,,,,,,,0.71,0.71,,0.0,0,False
2026-03-23 09:27:00+00:00,,,,,,,,0.71,0.71,,0.0,0,False
2026-03-23 09:27:30+00:00,,,,,,,,0.71,0.71,,0.0,0,False
2026-03-23 09:28:00+00:00,,,,,,,,0.71,0.71,,0.0,0,False
2026-03-23 09:28:30+00:00,,,,,,,,0.71,0.71,,0.0,0,False
2026-03-23 09:29:00+00:00,,,,,,,,0.71,0.71,,0.0,0,False
2026-03-23 09:29:30+00:00,,,,,,,,0.71,0.71,,0.0,0,False
2026-03-23 09:30:00+00:00,,,,,,,,0.71,0.71,,0.0,0,False
2026-03-23 09:30:30+00:00,,,,,,,,0.71,0.71,,0.0,0,False
2026-03-23 09:31:00+00:00,,,,,,,,0.71,0.71,,0.0,0,False
2026-03-23 09:31:30+00:00,,,,,,,,0.71,0.71,,0.0,0,False
2026-03-23 09:32:00+00:00,,,,,,,,0.71,0.71,,0.0,0,False
2026-03-23 09:32:30+00:00,,,,,,,,0.71,0.71,,0.0,0,False
2026-03-23 09:33:00+00:00,,,,,,,,0.71,0.71,,0.0,0,False
2026-03-23 09:33:30+00:00,,,,,,,,0.71,0.71,,0.0,0,False
2026-03-23 09:34:00+00:00,,,,,,,,0.71,0.71,,0.0,0,False
2026-03-23 09:34:30+00:00,,,,,,,,0.71,0.71,,0.0,0,False
2026-03-23 09:35:00+00:00,,,,,,,,0.71,0.71,,0.0,0,False
2026-03-23 09:35:30+00:00,,,,,,,,0.71,0.71,,0.0,0,False
2026-03-23 09:36:00+00:00,,,,,,,,0.71,0.71,,0.0,0,False
2026-03-23 09:36:30+00:00,,,,,,,,0.71,0.71,,0.0,0,False
2026-03-23 09:37:00+00:00,,,,,,,,0.71,0.71,,0.0,0,False
2026-03-23 09:37:30+00:00,,,,,,,,0.71,0.71,,0.0,0,False
2026-03-23 09:38:00+00:00,,,,,,,,0.71,0.71,,0.0,0,False
2026-03-23 09:38:30+00:00,,,,,,,,0.71,0.71,,0.0,0,False
2026-03-23 09:39:00+00:00,,,,,,,,0.71,0.71,,0.0,0,False
2026-03-23 09:39:30+00:00,,,,,,,,0.71,0.71,,0.0,0,False
2026-03-23 09:40:00+00:00,,,,,,,,0.71,0.71,,0.0,0,False
2026-03-23 09:40:30+00:00,,,,,,,,0.71,0.71,,0.0,0,False
2026-03-23 09:41:00+00:00,,,,,,,,0.71,0.71,,0.0,0,False
2026-03-23 09:41:30+00:00,,,,,,,,0.71,0.71,,0.0,0,False
2026-03-23 09:42:00+00:00,,,,,,,,0.71,0.71,,0.0,0,False
2026-03-23 09:42:30+00:00,,,,,,,,0.71,0.71,,0.0,0,False
2026-03-23 09:43:00+00:00,,,,,,,,0.71,0.71,,0.0,0,False
2026-03-23 09:43:30+00:00,,,,,,,,0.71,0.71,,0.0,0,False
2026-03-23 09:44:00+00:00,,,,,,,,0.71,0.71,,0.0,0,False
2026-03-23 09:44:30+00:00,,,,,,,,0.71,0.71,,0.0,0,False
2026-03-23 09:45:00+00:00,,,,,,,,0.71,0.71,,0.0,0,False
2026-03-23 09:45:30+00:00,,,,,,,,0.71,0.71,,0.0,0,False
2026-03-23 09:46:00+00:00,,,,,,,,0.71,0.71,,0.0,0,False
2026-03-23 09:46:30+00:00,,,,,,,,0.71,0.71,,0.0,0,False
2026-03-23 09:47:00+00:00,,,,,,,,0.71,0.71,,0.0,0,False
2026-03-23 09:47:30+00:00,,,,,,,,0.71,0.71,,0.0,0,False
2026-03-23 09:48:00+00:00,,,,,,,,0.71,0.71,,0.0,0,False
2026-03-23 09:48:30+00:00,,,,,,,,0.71,0.71,,0.0,0,False
2026-03-23 09:49:00+00:00,,,,,,,,0.71,0.71,,0.0,0,False
2026-03-23 09:49:30+00:00,,,,,,,,0.71,0.71,,0.0,0,False
2026-03-23 09:50:00+00:00,,,,,,,,0.71,0.71,,0.0,0,False
2026-03-23 09:50:30+00:00,,,,,,,,0.71,0.71,,0.0,0,False
2026-03-23 09:51:00+00:00,,,,,,,,0.71,0.71,,0.0,0,False
2026-03-23 09:51:30+00:00,,,,,,,,0.71,0.71,,0.0,0,False
2026-03-23 09:52:00+00:00,,,,,,,,0.71,0.71,,0.0,0,False
2026-03-23 09:52:30+00:00,,,,,,,,0.71,0.71,,0.0,0,False
2026-03-23 09:53:00+00:00,,,,,,,,0.71,0.71,,0.0,0,False
2026-03-23 09:53:30+00:00,,,,,,,,0.71,0.71,,0.0,0,False
2026-03-23 09:54:00+00:00,,,,,,,,0.71,0.71,,0.0,0,False
2026-03-23 09:54:30+00:00,,,,,,,,0.71,0.71,,0.0,0,False
2026-03-23 09:55:00+00:00,,,,,,,,0.71,0.71,,0.0,0,False
2026-03-23 09:55:30+00:00,,,,,,,,0.71,0.71,,0.0,0,False
2026-03-23 09:56:00+00:00,,,,,,,,0.71,0.71,,0.0,0,False
2026-03-23 09:56:30+00:00,,,,,,,,0.71,0.71,,0.0,0,False
2026-03-23 09:57:00+00:00,,,,,,,,0.71,0.71,,0.0,0,False
2026-03-23 09:57:30+00:00,,,,,,,,0.71,0.71,,0.0,0,False
2026-03-23 09:58:00+00:00,,,,,,,,0.71,0.71,,0.0,0,False
2026-03-23 09:58:30+00:00,,,,,,,,0.71,0.71,,0.0,0,False
2026-03-23 09:59:00+00:00,,,,,,,,0.71,0.71,,0.0,0,False
2026-03-23 09:59:30+00:00,,,,,,,,0.71,0.71,,0.0,0,False
2026-03-23 10:00:00+00:00,,,,,,,,0.71,0.71,,0.0,0,False
2026-03-23 10:00:30+00:00,,,,,,,,0.71,0.71,,0.0,0,False
2026-03-23 10:01:00+00:00,,,,,,,,0.71,0.71,,0.0,0,False
2026-03-23 10:01:30+00:00,,,,,,,,0.71,0.71,,0.0,0,False
2026-03-23 10:02:00+00:00,,,,,,,,0.71,0.71,,0.0,0,False
2026-03-23 10:02:30+00:00,,,,,,,,0.71,0.71,,0.0,0,False
2026-03-23 10:03:00+00:00,,,,,,,,0.71,0.71,,0.0,0,False
2026-03-23 10:03:30+00:00,,,,,,,,0.71,0.71,,0.0,0,False
2026-03-23 10:04:00+00:00,,,,,,,,0.71,0.71,,0.0,0,False
2026-03-23 10:04:30+00:00,,,,,,,,0.71,0.71,,0.0,0,False
2026-03-23 10:05:00+00:00,,,,,,,,0.71,0.71,,0.0,0,False
2026-03-23 10:05:30+00:00,,,,,,,,0.71,0.71,,0.0,0,False
2026-03-23 10:06:00+00:00,,,,,,,,0.71,0.71,,0.0,0,False
2026-03-23 10:06:30+00:00,,,,,,,,0.71,0.71,,0.0,0,False
2026-03-23 10:07:00+00:00,,,,,,,,0.71,0.71,,0.0,0,False
2026-03-23 10:07:30+00:00,,,,,,,,0.71,0.71,,0.0,0,False
2026-03-23 10:08:00+00:00,,,,,,,,0.71,0.71,,0.0,0,False
2026-03-23 10:08:30+00:00,,,,,,,,0.71,0.71,,0.0,0,False
2026-03-23 10:09:00+00:00,,,,,,,,0.71,0.71,,0.0,0,False
2026-03-23 10:09:30+00:00,,,,,,,,0.71,0.71,,0.0,0,False
2026-03-23 10:10:00+00:00,,,,,,,,0.71,0.71,,0.0,0,False
2026-03-23 10:10:30+00:00,,,,,,,,0.71,0.71,,0.0,0,False
2026-03-23 10:11:00+00:00,,,,,,,,0.71,0.71,,0.0,0,False
2026-03-23 10:11:30+00:00,,,,,,,,0.71,0.71,,0.0,0,False
2026-03-23 10:12:00+00:00,,,,,,,,0.71,0.71,,0.0,0,False
2026-03-23 10:12:30+00:00,,,,,,,,0.71,0.71,,0.0,0,False
2026-03-23 10:13:00+00:00,,,,,,,,0.71,0.71,,0.0,0,False
2026-03-23 10:13:30+00:00,,,,,,,,0.71,0.71,,0.0,0,False
2026-03-23 10:14:00+00:00,,,,,,,,0.71,0.71,,0.0,0,False
2026-03-23 10:14:30+00:00,,,,,,,,0.71,0.71,,0.0,0,False
2026-03-23 10:15:00+00:00,,,,,,,,0.71,0.71,,0.0,0,False
2026-03-23 10:15:30+00:00,,,,,,,,0.71,0.71,,0.0,0,False
2026-03-23 10:16:00+00:00,,,,,,,,0.71,0.71,,0.0,0,False
2026-03-23 10:16:30+00:00,,,,,,,,0.71,0.71,,0.0,0,False
2026-03-23 10:17:00+00:00,,,,,,,,0.71,0.71,,0.0,0,False
2026-03-23 10:17:30+00:00,,,,,,,,0.71,0.71,,0.0,0,False
2026-03-23 10:18:00+00:00,,,,,,,,0.71,0.71,,0.0,0,False
2026-03-23 10:18:30+00:00,,,,,,,,0.71,0.71,,0.0,0,False
2026-03-23 10:19:00+00:00,,,,,,,,0.71,0.71,,0.0,0,False
2026-03-23 10:19:30+00:00,,,,,,,,0.71,0.71,,0.0,0,False
2026-03-23 10:20:00+00:00,,,,,,,,0.71,0.71,,0.0,0,False
2026-03-23 10:20:30+00:00,,,,,,,,0.71,0.71,,0.0,0,False
2026-03-23 10:21:00+00:00,,,,,,,,0.71,0.71,,0.0,0,False
2026-03-23 10:21:30+00:00,,,,,,,,0.71,0.71,,0.0,0,False
2026-03-23 10:22:00+00:00,,,,,,,,0.71,0.71,,0.0,0,False
2026-03-23 10:22:30+00:00,,,,,,,,0.71,0.71,,0.0,0,False
2026-03-23 10:23:00+00:00,,,,,,,,0.71,0.71,,0.0,0,False
2026-03-23 10:23:30+00:00,,,,,,,,0.71,0.71,,0.0,0,False
2026-03-23 10:24:00+00:00,,,,,,,,0.71,0.71,,0.0,0,False
2026-03-23 10:24:30+00:00,,,,,,,,0.71,0.71,,0.0,0,False
2026-03-23 10:25:00+00:00,,,,,,,,0.71,0.71,,0.0,0,False
2026-03-23 10:25:30+00:00,,,,,,,,0.71,0.71,,0.0,0,False
2026-03-23 10:26:00+00:00,,,,,,,,0.71,0.71,,0.0,0,False
2026-03-23 10:26:30+00:00,,,,,,,,0.71,0.71,,0.0,0,False
2026-03-23 10:27:00+00:00,,,,,,,,0.71,0.71,,0.0,0,False
2026-03-23 10:27:30+00:00,,,,,,,,0.71,0.71,,0.0,0,False
2026-03-23 10:28:00+00:00,,,,,,,,0.71,0.71,,0.0,0,False
2026-03-23 10:28:30+00:00,,,,,,,,0.71,0.71,,0.0,0,False
2026-03-23 10:29:00+00:00,,,,,,,,0.71,0.71,,0.0,0,False
2026-03-23 10:29:30+00:00,,,,,,,,0.71,0.71,,0.0,0,False
2026-03-23 10:30:00+00:00,,,,,,,,0.71,0.71,,0.0,0,False
2026-03-23 10:30:30+00:00,,,,,,,,0.71,0.71,,0.0,0,False
2026-03-23 10:31:00+00:00,,,,,,,,0.71,0.71,,0.0,0,False
2026-03-23 10:31:30+00:00,,,,,,,,0.71,0.71,,0.0,0,False
2026-03-23 10:32:00+00:00,,,,,,,,0.71,0.71,,0.0,0,False
2026-03-23 10:32:30+00:00,,,,,,,,0.71,0.71,,0.0,0,False
2026-03-23 10:33:00+00:00,,,,,,,,0.71,0.71,,0.0,0,False
2026-03-23 10:33:30+00:00,,,,,,,,0.71,0.71,,0.0,0,False
2026-03-23 10:34:00+00:00,,,,,,,,0.73,0.73,,2.0,1,False
2026-03-23 10:34:30+00:00,,,,,,,,0.73,0.73,,0.0,0,False
2026-03-23 10:35:00+00:00,,,,,,,,0.73,0.73,,0.0,0,False
2026-03-23 10:35:30+00:00,,,,,,,,0.73,0.73,,0.0,0,False
2026-03-23 10:36:00+00:00,,,,,,,,0.73,0.73,,0.0,0,False
2026-03-23 10:36:30+00:00,,,,,,,,0.73,0.73,,0.0,0,False
2026-03-23 10:37:00+00:00,,,,,,,,0.73,0.73,,0.0,0,False
2026-03-23 10:37:30+00:00,,,,,,,,0.73,0.73,,0.0,0,False
2026-03-23 10:38:00+00:00,,,,,,,,0.73,0.73,,35.0,1,False
2026-03-23 10:38:30+00:00,,,,,,,,0.73,0.73,,0.0,0,False
2026-03-23 10:39:00+00:00,,,,,,,,0.73,0.73,,0.0,0,False
2026-03-23 10:39:30+00:00,,,,,,,,0.73,0.73,,0.0,0,False
2026-03-23 10:40:00+00:00,,,,,,,,0.73,0.73,,0.0,0,False
2026-03-23 10:40:30+00:00,,,,,,,,0.73,0.73,,0.0,0,False
2026-03-23 10:41:00+00:00,,,,,,,,0.7071069182389937,0.71,,159.0,3,False
2026-03-23 10:41:30+00:00,,,,,,,,0.7071069182389937,0.71,,0.0,0,False
2026-03-23 10:42:00+00:00,,,,,,,,0.7071069182389937,0.71,,0.0,0,False
2026-03-23 10:42:30+00:00,,,,,,,,0.7071069182389937,0.71,,0.0,0,False
2026-03-23 10:43:00+00:00,,,,,,,,0.7071069182389937,0.71,,0.0,0,False
2026-03-23 10:43:30+00:00,,,,,,,,0.7071069182389937,0.71,,0.0,0,False
2026-03-23 10:44:00+00:00,,,,,,,,0.7071069182389937,0.71,,0.0,0,False
2026-03-23 10:44:30+00:00,,,,,,,,0.73,0.73,,10.0,1,False
2026-03-23 10:45:00+00:00,,,,,,,,0.73,0.73,,0.0,0,False
2026-03-23 10:45:30+00:00,,,,,,,,0.73,0.73,,0.0,0,False
2026-03-23 10:46:00+00:00,,,,,,,,0.71,0.71,,32.0,1,False
2026-03-23 10:46:30+00:00,,,,,,,,0.71,0.71,,0.0,0,False
2026-03-23 10:47:00+00:00,,,,,,,,0.71,0.71,,0.0,0,False
2026-03-23 10:47:30+00:00,,,,,,,,0.71,0.71,,0.0,0,False
2026-03-23 10:48:00+00:00,,,,,,,,0.71,0.71,,0.0,0,False
2026-03-23 10:48:30+00:00,,,,,,,,0.71,0.71,,0.0,0,False
2026-03-23 10:49:00+00:00,,,,,,,,0.71,0.71,,0.0,0,False
2026-03-23 10:49:30+00:00,,,,,,,,0.71,0.71,,0.0,0,False
2026-03-23 10:50:00+00:00,,,,,,,,0.71,0.71,,0.0,0,False
2026-03-23 10:50:30+00:00,,,,,,,,0.71,0.71,,0.0,0,False
2026-03-23 10:51:00+00:00,,,,,,,,0.71,0.71,,0.0,0,False
2026-03-23 10:51:30+00:00,,,,,,,,0.71,0.71,,0.0,0,False
2026-03-23 10:52:00+00:00,,,,,,,,0.71,0.71,,0.0,0,False
2026-03-23 10:52:30+00:00,,,,,,,,0.71,0.71,,0.0,0,False
2026-03-23 10:53:00+00:00,,,,,,,,0.71,0.71,,0.0,0,False
2026-03-23 10:53:30+00:00,,,,,,,,0.71,0.71,,0.0,0,False
2026-03-23 10:54:00+00:00,,,,,,,,0.71,0.71,,0.0,0,False
2026-03-23 10:54:30+00:00,,,,,,,,0.71,0.71,,0.0,0,False
2026-03-23 10:55:00+00:00,,,,,,,,0.71,0.71,,0.0,0,False
2026-03-23 10:55:30+00:00,,,,,,,,0.71,0.71,,0.0,0,False
2026-03-23 10:56:00+00:00,,,,,,,,0.71,0.71,,0.0,0,False
2026-03-23 10:56:30+00:00,,,,,,,,0.71,0.71,,0.0,0,False
2026-03-23 10:57:00+00:00,,,,,,,,0.71,0.71,,0.0,0,False
2026-03-23 10:57:30+00:00,,,,,,,,0.71,0.71,,0.0,0,False
2026-03-23 10:58:00+00:00,,,,,,,,0.71,0.71,,0.0,0,False
2026-03-23 10:58:30+00:00,,,,,,,,0.71,0.71,,0.0,0,False
2026-03-23 10:59:00+00:00,,,,,,,,0.71,0.71,,0.0,0,False
2026-03-23 10:59:30+00:00,,,,,,,,0.71,0.71,,0.0,0,False
2026-03-23 11:00:00+00:00,,,,,,,,0.71,0.71,,0.0,0,False
2026-03-23 11:00:30+00:00,,,,,,,,0.71,0.71,,0.0,0,False
2026-03-23 11:01:00+00:00,,,,,,,,0.71,0.71,,0.0,0,False
2026-03-23 11:01:30+00:00,,,,,,,,0.71,0.71,,0.0,0,False
2026-03-23 11:02:00+00:00,,,,,,,,0.71,0.71,,0.0,0,False
2026-03-23 11:02:30+00:00,,,,,,,,0.71,0.71,,0.0,0,False
2026-03-23 11:03:00+00:00,,,,,,,,0.71,0.71,,0.0,0,False
2026-03-23 11:03:30+00:00,,,,,,,,0.71,0.71,,0.0,0,False
2026-03-23 11:04:00+00:00,,,,,,,,0.71,0.71,,0.0,0,False
2026-03-23 11:04:30+00:00,,,,,,,,0.71,0.71,,0.0,0,False
2026-03-23 11:05:00+00:00,,,,,,,,0.71,0.71,,0.0,0,False
2026-03-23 11:05:30+00:00,,,,,,,,0.71,0.71,,0.0,0,False
2026-03-23 11:06:00+00:00,,,,,,,,0.71,0.71,,0.0,0,False
2026-03-23 11:06:30+00:00,,,,,,,,0.71,0.71,,0.0,0,False
2026-03-23 11:07:00+00:00,,,,,,,,0.71,0.71,,0.0,0,False
2026-03-23 11:07:30+00:00,,,,,,,,0.71,0.71,,0.0,0,False
2026-03-23 11:08:00+00:00,,,,,,,,0.71,0.71,,0.0,0,False
2026-03-23 11:08:30+00:00,,,,,,,,0.71,0.71,,0.0,0,False
2026-03-23 11:09:00+00:00,,,,,,,,0.71,0.71,,0.0,0,False
2026-03-23 11:09:30+00:00,,,,,,,,0.71,0.71,,0.0,0,False
2026-03-23 11:10:00+00:00,,,,,,,,0.71,0.71,,0.0,0,False
2026-03-23 11:10:30+00:00,,,,,,,,0.71,0.71,,0.0,0,False
2026-03-23 11:11:00+00:00,,,,,,,,0.71,0.71,,0.0,0,False
2026-03-23 11:11:30+00:00,,,,,,,,0.71,0.71,,0.0,0,False
2026-03-23 11:12:00+00:00,,,,,,,,0.71,0.71,,0.0,0,False
2026-03-23 11:12:30+00:00,,,,,,,,0.71,0.71,,0.0,0,False
2026-03-23 11:13:00+00:00,,,,,,,,0.71,0.71,,0.0,0,False
2026-03-23 11:13:30+00:00,,,,,,,,0.71,0.71,,0.0,0,False
2026-03-23 11:14:00+00:00,,,,,,,,0.71,0.71,,0.0,0,False
2026-03-23 11:14:30+00:00,,,,,,,,0.71,0.71,,0.0,0,False
2026-03-23 11:15:00+00:00,,,,,,,,0.71,0.71,,0.0,0,False
2026-03-23 11:15:30+00:00,,,,,,,,0.71,0.71,,0.0,0,False
2026-03-23 11:16:00+00:00,,,,,,,,0.71,0.71,,0.0,0,False
2026-03-23 11:16:30+00:00,,,,,,,,0.71,0.71,,0.0,0,False
2026-03-23 11:17:00+00:00,,,,,,,,0.71,0.71,,0.0,0,False
2026-03-23 11:17:30+00:00,,,,,,,,0.71,0.71,,0.0,0,False
2026-03-23 11:18:00+00:00,,,,,,,,0.71,0.71,,0.0,0,False
2026-03-23 11:18:30+00:00,,,,,,,,0.71,0.71,,0.0,0,False
2026-03-23 11:19:00+00:00,,,,,,,,0.71,0.71,,0.0,0,False
2026-03-23 11:19:30+00:00,,,,,,,,0.71,0.71,,0.0,0,False
2026-03-23 11:20:00+00:00,,,,,,,,0.71,0.71,,0.0,0,False
2026-03-23 11:20:30+00:00,,,,,,,,0.71,0.71,,0.0,0,False
2026-03-23 11:21:00+00:00,,,,,,,,0.71,0.71,,0.0,0,False
2026-03-23 11:21:30+00:00,,,,,,,,0.71,0.71,,0.0,0,False
2026-03-23 11:22:00+00:00,,,,,,,,0.71,0.71,,0.0,0,False
2026-03-23 11:22:30+00:00,,,,,,,,0.71,0.71,,0.0,0,False
2026-03-23 11:23:00+00:00,,,,,,,,0.71,0.71,,0.0,0,False
2026-03-23 11:23:30+00:00,,,,,,,,0.71,0.71,,0.0,0,False
2026-03-23 11:24:00+00:00,,,,,,,,0.71,0.71,,0.0,0,False
2026-03-23 11:24:30+00:00,,,,,,,,0.71,0.71,,0.0,0,False
2026-03-23 11:25:00+00:00,,,,,,,,0.71,0.71,,0.0,0,False
2026-03-23 11:25:30+00:00,,,,,,,,0.71,0.71,,0.0,0,False
2026-03-23 11:26:00+00:00,,,,,,,,0.71,0.71,,0.0,0,False
2026-03-23 11:26:30+00:00,,,,,,,,0.71,0.71,,0.0,0,False
2026-03-23 11:27:00+00:00,,,,,,,,0.71,0.71,,0.0,0,False
2026-03-23 11:27:30+00:00,,,,,,,,0.71,0.71,,0.0,0,False
2026-03-23 11:28:00+00:00,,,,,,,,0.71,0.71,,0.0,0,False
2026-03-23 11:28:30+00:00,,,,,,,,0.71,0.71,,0.0,0,False
2026-03-23 11:29:00+00:00,,,,,,,,0.71,0.71,,0.0,0,False
2026-03-23 11:29:30+00:00,,,,,,,,0.71,0.71,,0.0,0,False
2026-03-23 11:30:00+00:00,,,,,,,,0.71,0.71,,0.0,0,False
2026-03-23 11:30:30+00:00,,,,,,,,0.71,0.71,,0.0,0,False
2026-03-23 11:31:00+00:00,,,,,,,,0.71,0.71,,0.0,0,False
2026-03-23 11:31:30+00:00,,,,,,,,0.71,0.71,,3.0,1,False
2026-03-23 11:32:00+00:00,,,,,,,,0.71,0.71,,0.0,0,False
2026-03-23 11:32:30+00:00,,,,,,,,0.71,0.71,,0.0,0,False
2026-03-23 11:33:00+00:00,,,,,,,,0.71,0.71,,0.0,0,False
2026-03-23 11:33:30+00:00,,,,,,,,0.71,0.71,,12.0,1,False
2026-03-23 11:34:00+00:00,,,,,,,,0.71,0.71,,0.0,0,False
2026-03-23 11:34:30+00:00,,,,,,,,0.71,0.71,,0.0,0,False
2026-03-23 11:35:00+00:00,,,,,,,,0.71,0.71,,0.0,0,False
2026-03-23 11:35:30+00:00,,,,,,,,0.71,0.71,,0.0,0,False
2026-03-23 11:36:00+00:00,,,,,,,,0.73,0.73,,5.0,1,False
2026-03-23 11:36:30+00:00,,,,,,,,0.73,0.73,,0.0,0,False
2026-03-23 11:37:00+00:00,,,,,,,,0.73,0.73,,0.0,0,False
2026-03-23 11:37:30+00:00,,,,,,,,0.73,0.73,,0.0,0,False
2026-03-23 11:38:00+00:00,,,,,,,,0.73,0.73,,0.0,0,False
2026-03-23 11:38:30+00:00,,,,,,,,0.73,0.73,,0.0,0,False
2026-03-23 11:39:00+00:00,,,,,,,,0.73,0.73,,0.0,0,False
2026-03-23 11:39:30+00:00,,,,,,,,0.73,0.73,,0.0,0,False
2026-03-23 11:40:00+00:00,,,,,,,,0.73,0.73,,0.0,0,False
2026-03-23 11:40:30+00:00,,,,,,,,0.73,0.73,,0.0,0,False
2026-03-23 11:41:00+00:00,,,,,,,,0.73,0.73,,0.0,0,False
2026-03-23 11:41:30+00:00,,,,,,,,0.73,0.73,,0.0,0,False
2026-03-23 11:42:00+00:00,,,,,,,,0.73,0.73,,0.0,0,False
2026-03-23 11:42:30+00:00,,,,,,,,0.73,0.73,,0.0,0,False
2026-03-23 11:43:00+00:00,,,,,,,,0.73,0.73,,0.0,0,False
2026-03-23 11:43:30+00:00,,,,,,,,0.73,0.73,,0.0,0,False
2026-03-23 11:44:00+00:00,,,,,,,,0.73,0.73,,0.0,0,False
2026-03-23 11:44:30+00:00,,,,,,,,0.73,0.73,,0.0,0,False
2026-03-23 11:45:00+00:00,,,,,,,,0.73,0.73,,0.0,0,False
2026-03-23 11:45:30+00:00,,,,,,,,0.73,0.73,,0.0,0,False
2026-03-23 11:46:00+00:00,,,,,,,,0.73,0.73,,0.0,0,False
2026-03-23 11:46:30+00:00,,,,,,,,0.73,0.73,,0.0,0,False
2026-03-23 11:47:00+00:00,,,,,,,,0.73,0.73,,0.0,0,False
2026-03-23 11:47:30+00:00,,,,,,,,0.73,0.73,,0.0,0,False
2026-03-23 11:48:00+00:00,,,,,,,,0.73,0.73,,0.0,0,False
2026-03-23 11:48:30+00:00,,,,,,,,0.73,0.73,,0.0,0,False
2026-03-23 11:49:00+00:00,,,,,,,,0.73,0.73,,0.0,0,False
2026-03-23 11:49:30+00:00,,,,,,,,0.73,0.73,,0.0,0,False
2026-03-23 11:50:00+00:00,,,,,,,,0.73,0.73,,0.0,0,False
2026-03-23 11:50:30+00:00,,,,,,,,0.73,0.73,,0.0,0,False
2026-03-23 11:51:00+00:00,,,,,,,,0.73,0.73,,0.0,0,False
2026-03-23 11:51:30+00:00,,,,,,,,0.73,0.73,,0.0,0,False
2026-03-23 11:52:00+00:00,,,,,,,,0.73,0.73,,0.0,0,False
2026-03-23 11:52:30+00:00,,,,,,,,0.73,0.73,,0.0,0,False
2026-03-23 11:53:00+00:00,,,,,,,,0.73,0.73,,0.0,0,False
2026-03-23 11:53:30+00:00,,,,,,,,0.73,0.73,,0.0,0,False
2026-03-23 11:54:00+00:00,,,,,,,,0.73,0.73,,0.0,0,False
2026-03-23 11:54:30+00:00,,,,,,,,0.73,0.73,,0.0,0,False
2026-03-23 11:55:00+00:00,,,,,,,,0.73,0.73,,0.0,0,False
2026-03-23 11:55:30+00:00,,,,,,,,0.73,0.73,,0.0,0,False
2026-03-23 11:56:00+00:00,,,,,,,,0.73,0.73,,0.0,0,False
2026-03-23 11:56:30+00:00,,,,,,,,0.73,0.73,,0.0,0,False
2026-03-23 11:57:00+00:00,,,,,,,,0.73,0.73,,0.0,0,False
2026-03-23 11:57:30+00:00,,,,,,,,0.73,0.73,,0.0,0,False
2026-03-23 11:58:00+00:00,,,,,,,,0.73,0.73,,0.0,0,False
2026-03-23 11:58:30+00:00,,,,,,,,0.73,0.73,,0.0,0,False
2026-03-23 11:59:00+00:00,,,,,,,,0.73,0.73,,0.0,0,False
2026-03-23 11:59:30+00:00,,,,,,,,0.73,0.73,,0.0,0,False
2026-03-23 12:00:00+00:00,,,,,,,,0.73,0.73,,0.0,0,False
2026-03-23 12:00:30+00:00,,,,,,,,0.73,0.73,,0.0,0,False
2026-03-23 12:01:00+00:00,,,,,,,,0.73,0.73,,0.0,0,False
2026-03-23 12:01:30+00:00,,,,,,,,0.73,0.73,,0.0,0,False
2026-03-23 12:02:00+00:00,,,,,,,,0.73,0.73,,0.0,0,False
2026-03-23 12:02:30+00:00,,,,,,,,0.73,0.73,,0.0,0,False
2026-03-23 12:03:00+00:00,,,,,,,,0.73,0.73,,0.0,0,False
2026-03-23 12:03:30+00:00,,,,,,,,0.73,0.73,,0.0,0,False
2026-03-23 12:04:00+00:00,,,,,,,,0.73,0.73,,0.0,0,False
2026-03-23 12:04:30+00:00,,,,,,,,0.73,0.73,,0.0,0,False
2026-03-23 12:05:00+00:00,,,,,,,,0.73,0.73,,0.0,0,False
2026-03-23 12:05:30+00:00,,,,,,,,0.73,0.73,,0.0,0,False
2026-03-23 12:06:00+00:00,,,,,,,,0.73,0.73,,0.0,0,False
2026-03-23 12:06:30+00:00,,,,,,,,0.73,0.73,,0.0,0,False
2026-03-23 12:07:00+00:00,,,,,,,,0.73,0.73,,0.0,0,False
2026-03-23 12:07:30+00:00,,,,,,,,0.73,0.73,,0.0,0,False
2026-03-23 12:08:00+00:00,,,,,,,,0.73,0.73,,0.0,0,False
2026-03-23 12:08:30+00:00,,,,,,,,0.73,0.73,,0.0,0,False
2026-03-23 12:09:00+00:00,,,,,,,,0.73,0.73,,0.0,0,False
2026-03-23 12:09:30+00:00,,,,,,,,0.73,0.73,,0.0,0,False
2026-03-23 12:10:00+00:00,,,,,,,,0.73,0.73,,0.0,0,False
2026-03-23 12:10:30+00:00,,,,,,,,0.73,0.73,,0.0,0,False
2026-03-23 12:11:00+00:00,,,,,,,,0.71,0.71,,6.0,1,False
2026-03-23 12:11:30+00:00,,,,,,,,0.71,0.71,,0.0,0,False
2026-03-23 12:12:00+00:00,,,,,,,,0.71,0.71,,0.0,0,False
2026-03-23 12:12:30+00:00,,,,,,,,0.71,0.71,,0.0,0,False
2026-03-23 12:13:00+00:00,,,,,,,,0.71,0.71,,0.0,0,False
2026-03-23 12:13:30+00:00,,,,,,,,0.71,0.71,,0.0,0,False
2026-03-23 12:14:00+00:00,,,,,,,,0.71,0.71,,0.0,0,False
2026-03-23 12:14:30+00:00,,,,,,,,0.71,0.71,,0.0,0,False
2026-03-23 12:15:00+00:00,,,,,,,,0.71,0.71,,0.0,0,False
2026-03-23 12:15:30+00:00,,,,,,,,0.71,0.71,,0.0,0,False
2026-03-23 12:16:00+00:00,,,,,,,,0.71,0.71,,0.0,0,False
2026-03-23 12:16:30+00:00,,,,,,,,0.71,0.71,,0.0,0,False
2026-03-23 12:17:00+00:00,,,,,,,,0.71,0.71,,0.0,0,False
2026-03-23 12:17:30+00:00,,,,,,,,0.71,0.71,,0.0,0,False
2026-03-23 12:18:00+00:00,,,,,,,,0.71,0.71,,0.0,0,False
2026-03-23 12:18:30+00:00,,,,,,,,0.71,0.71,,0.0,0,False
2026-03-23 12:19:00+00:00,,,,,,,,0.71,0.71,,0.0,0,False
2026-03-23 12:19:30+00:00,,,,,,,,0.71,0.71,,0.0,0,False
2026-03-23 12:20:00+00:00,,,,,,,,0.71,0.71,,0.0,0,False
2026-03-23 12:20:30+00:00,,,,,,,,0.71,0.71,,0.0,0,False
2026-03-23 12:21:00+00:00,,,,,,,,0.73,0.73,,3.0,1,False
2026-03-23 12:21:30+00:00,,,,,,,,0.73,0.73,,0.0,0,False
2026-03-23 12:22:00+00:00,,,,,,,,0.73,0.73,,0.0,0,False
2026-03-23 12:22:30+00:00,,,,,,,,0.73,0.73,,0.0,0,False
2026-03-23 12:23:00+00:00,,,,,,,,0.73,0.73,,0.0,0,False
2026-03-23 12:23:30+00:00,,,,,,,,0.73,0.73,,0.0,0,False
2026-03-23 12:24:00+00:00,,,,,,,,0.73,0.73,,0.0,0,False
2026-03-23 12:24:30+00:00,,,,,,,,0.73,0.73,,0.0,0,False
2026-03-23 12:25:00+00:00,,,,,,,,0.73,0.73,,0.0,0,False
2026-03-23 12:25:30+00:00,,,,,,,,0.73,0.73,,0.0,0,False
2026-03-23 12:26:00+00:00,,,,,,,,0.73,0.73,,0.0,0,False
2026-03-23 12:26:30+00:00,,,,,,,,0.73,0.73,,0.0,0,False
2026-03-23 12:27:00+00:00,,,,,,,,0.73,0.73,,0.0,0,False
2026-03-23 12:27:30+00:00,,,,,,,,0.73,0.73,,0.0,0,False
2026-03-23 12:28:00+00:00,,,,,,,,0.73,0.73,,0.0,0,False
2026-03-23 12:28:30+00:00,,,,,,,,0.73,0.73,,0.0,0,False
2026-03-23 12:29:00+00:00,,,,,,,,0.73,0.73,,0.0,0,False
2026-03-23 12:29:30+00:00,,,,,,,,0.73,0.73,,0.0,0,False
2026-03-23 12:30:00+00:00,,,,,,,,0.73,0.73,,0.0,0,False
2026-03-23 12:30:30+00:00,,,,,,,,0.73,0.73,,0.0,0,False
2026-03-23 12:31:00+00:00,,,,,,,,0.73,0.73,,1.0,1,False
2026-03-23 12:31:30+00:00,,,,,,,,0.73,0.73,,0.0,0,False
2026-03-23 12:32:00+00:00,,,,,,,,0.73,0.73,,0.0,0,False
2026-03-23 12:32:30+00:00,,,,,,,,0.73,0.73,,0.0,0,False
2026-03-23 12:33:00+00:00,,,,,,,,0.73,0.73,,0.0,0,False
2026-03-23 12:33:30+00:00,,,,,,,,0.73,0.73,,0.0,0,False
2026-03-23 12:34:00+00:00,,,,,,,,0.73,0.73,,0.0,0,False
2026-03-23 12:34:30+00:00,,,,,,,,0.73,0.73,,0.0,0,False
2026-03-23 12:35:00+00:00,,,,,,,,0.73,0.73,,0.0,0,False
2026-03-23 12:35:30+00:00,,,,,,,,0.73,0.73,,0.0,0,False
2026-03-23 12:36:00+00:00,,,,,,,,0.73,0.73,,0.0,0,False
2026-03-23 12:36:30+00:00,,,,,,,,0.73,0.73,,0.0,0,False
2026-03-23 12:37:00+00:00,,,,,,,,0.73,0.73,,0.0,0,False
2026-03-23 12:37:30+00:00,,,,,,,,0.73,0.73,,0.0,0,False
2026-03-23 12:38:00+00:00,,,,,,,,0.73,0.73,,0.0,0,False
2026-03-23 12:38:30+00:00,,,,,,,,0.73,0.73,,0.0,0,False
2026-03-23 12:39:00+00:00,,,,,,,,0.70875,0.7,,32.0,2,False
2026-03-23 12:39:30+00:00,,,,,,,,0.70875,0.7,,0.0,0,False
2026-03-23 12:40:00+00:00,,,,,,,,0.70875,0.7,,0.0,0,False
2026-03-23 12:40:30+00:00,,,,,,,,0.70875,0.7,,0.0,0,False
2026-03-23 12:41:00+00:00,,,,,,,,0.70875,0.7,,0.0,0,False
2026-03-23 12:41:30+00:00,,,,,,,,0.70875,0.7,,0.0,0,False
2026-03-23 12:42:00+00:00,,,,,,,,0.73,0.73,,6.0,1,False
2026-03-23 12:42:30+00:00,,,,,,,,0.73,0.73,,0.0,0,False
2026-03-23 12:43:00+00:00,,,,,,,,0.73,0.73,,0.0,0,False
2026-03-23 12:43:30+00:00,,,,,,,,0.7,0.7,,79.0,2,False
2026-03-23 12:44:00+00:00,,,,,,,,0.7,0.7,,0.0,0,False
2026-03-23 12:44:30+00:00,,,,,,,,0.7,0.7,,0.0,0,False
2026-03-23 12:45:00+00:00,,,,,,,,0.7,0.7,,0.0,0,False
2026-03-23 12:45:30+00:00,,,,,,,,0.7,0.7,,0.0,0,False
2026-03-23 12:46:00+00:00,,,,,,,,0.7,0.7,,0.0,0,False
2026-03-23 12:46:30+00:00,,,,,,,,0.7,0.7,,0.0,0,False
2026-03-23 12:47:00+00:00,,,,,,,,0.7,0.7,,0.0,0,False
2026-03-23 12:47:30+00:00,,,,,,,,0.73,0.73,,26.0,1,False
2026-03-23 12:48:00+00:00,,,,,,,,0.73,0.73,,0.0,0,False
2026-03-23 12:48:30+00:00,,,,,,,,0.73,0.73,,0.0,0,False
2026-03-23 12:49:00+00:00,,,,,,,,0.73,0.73,,0.0,0,False
2026-03-23 12:49:30+00:00,,,,,,,,0.73,0.73,,0.0,0,False
2026-03-23 12:50:00+00:00,,,,,,,,0.73,0.73,,0.0,0,False
2026-03-23 12:50:30+00:00,,,,,,,,0.73,0.73,,0.0,0,False
2026-03-23 12:51:00+00:00,,,,,,,,0.73,0.73,,0.0,0,False
2026-03-23 12:51:30+00:00,,,,,,,,0.73,0.73,,0.0,0,False
2026-03-23 12:52:00+00:00,,,,,,,,0.73,0.73,,0.0,0,False
2026-03-23 12:52:30+00:00,,,,,,,,0.73,0.73,,0.0,0,False
2026-03-23 12:53:00+00:00,,,,,,,,0.73,0.73,,0.0,0,False
2026-03-23 12:53:30+00:00,,,,,,,,0.73,0.73,,0.0,0,False
2026-03-23 12:54:00+00:00,,,,,,,,0.73,0.73,,0.0,0,False
2026-03-23 12:54:30+00:00,,,,,,,,0.73,0.73,,0.0,0,False
2026-03-23 12:55:00+00:00,,,,,,,,0.73,0.73,,0.0,0,False
2026-03-23 12:55:30+00:00,,,,,,,,0.73,0.73,,0.0,0,False
2026-03-23 12:56:00+00:00,,,,,,,,0.73,0.73,,0.0,0,False
2026-03-23 12:56:30+00:00,,,,,,,,0.73,0.73,,0.0,0,False
2026-03-23 12:57:00+00:00,,,,,,,,0.73,0.73,,0.0,0,False
2026-03-23 12:57:30+00:00,,,,,,,,0.73,0.73,,0.0,0,False
2026-03-23 12:58:00+00:00,,,,,,,,0.73,0.73,,0.0,0,False
2026-03-23 12:58:30+00:00,,,,,,,,0.73,0.73,,0.0,0,False
2026-03-23 12:59:00+00:00,,,,,,,,0.73,0.73,,0.0,0,False
2026-03-23 12:59:30+00:00,,,,,,,,0.73,0.73,,0.0,0,False
2026-03-23 13:00:00+00:00,,,,,,,,0.73,0.73,,0.0,0,False
2026-03-23 13:00:30+00:00,,,,,,,,0.73,0.73,,0.0,0,False
2026-03-23 13:01:00+00:00,,,,,,,,0.73,0.73,,0.0,0,False
2026-03-23 13:01:30+00:00,,,,,,,,0.73,0.73,,0.0,0,False
2026-03-23 13:02:00+00:00,,,,,,,,0.73,0.73,,0.0,0,False
2026-03-23 13:02:30+00:00,,,,,,,,0.73,0.73,,0.0,0,False
2026-03-23 13:03:00+00:00,,,,,,,,0.73,0.73,,0.0,0,False
2026-03-23 13:03:30+00:00,,,,,,,,0.73,0.73,,0.0,0,False
2026-03-23 13:04:00+00:00,,,,,,,,0.73,0.73,,0.0,0,False
2026-03-23 13:04:30+00:00,,,,,,,,0.73,0.73,,0.0,0,False
2026-03-23 13:05:00+00:00,,,,,,,,0.73,0.73,,0.0,0,False
2026-03-23 13:05:30+00:00,,,,,,,,0.73,0.73,,0.0,0,False
2026-03-23 13:06:00+00:00,,,,,,,,0.73,0.73,,0.0,0,False
2026-03-23 13:06:30+00:00,,,,,,,,0.73,0.73,,0.0,0,False
2026-03-23 13:07:00+00:00,,,,,,,,0.6999999999999998,0.7,,3.0,1,False
2026-03-23 13:07:30+00:00,,,,,,,,0.6999999999999998,0.7,,0.0,0,False
2026-03-23 13:08:00+00:00,,,,,,,,0.6999999999999998,0.7,,0.0,0,False
2026-03-23 13:08:30+00:00,,,,,,,,0.6999999999999998,0.7,,0.0,0,False
2026-03-23 13:09:00+00:00,,,,,,,,0.6999999999999998,0.7,,0.0,0,False
2026-03-23 13:09:30+00:00,,,,,,,,0.6999999999999998,0.7,,0.0,0,False
2026-03-23 13:10:00+00:00,,,,,,,,0.6999999999999998,0.7,,0.0,0,False
2026-03-23 13:10:30+00:00,,,,,,,,0.73,0.73,,26.0,1,False
2026-03-23 13:11:00+00:00,,,,,,,,0.73,0.73,,0.0,0,False
2026-03-23 13:11:30+00:00,,,,,,,,0.73,0.73,,0.0,0,False
2026-03-23 13:12:00+00:00,,,,,,,,0.73,0.73,,0.0,0,False
2026-03-23 13:12:30+00:00,,,,,,,,0.73,0.73,,0.0,0,False
2026-03-23 13:13:00+00:00,,,,,,,,0.7,0.7,,50.0,1,False
2026-03-23 13:13:30+00:00,,,,,,,,0.7,0.7,,0.0,0,False
2026-03-23 13:14:00+00:00,,,,,,,,0.7,0.7,,0.0,0,False
2026-03-23 13:14:30+00:00,,,,,,,,0.7,0.7,,0.0,0,False
2026-03-23 13:15:00+00:00,,,,,,,,0.7,0.7,,0.0,0,False
2026-03-23 13:15:30+00:00,,,,,,,,0.7,0.7,,0.0,0,False
2026-03-23 13:16:00+00:00,,,,,,,,0.7,0.7,,0.0,0,False
2026-03-23 13:16:30+00:00,,,,,,,,0.7,0.7,,0.0,0,False
2026-03-23 13:17:00+00:00,,,,,,,,0.7,0.7,,0.0,0,False
2026-03-23 13:17:30+00:00,,,,,,,,0.7,0.7,,0.0,0,False
2026-03-23 13:18:00+00:00,,,,,,,,0.7,0.7,,0.0,0,False
2026-03-23 13:18:30+00:00,,,,,,,,0.7,0.7,,0.0,0,False
2026-03-23 13:19:00+00:00,,,,,,,,0.7,0.7,,0.0,0,False
2026-03-23 13:19:30+00:00,,,,,,,,0.7,0.7,,0.0,0,False
2026-03-23 13:20:00+00:00,,,,,,,,0.7,0.7,,0.0,0,False
2026-03-23 13:20:30+00:00,,,,,,,,0.7,0.7,,0.0,0,False
2026-03-23 13:21:00+00:00,,,,,,,,0.7,0.7,,0.0,0,False
2026-03-23 13:21:30+00:00,,,,,,,,0.7,0.7,,0.0,0,False
2026-03-23 13:22:00+00:00,,,,,,,,0.7,0.7,,0.0,0,False
2026-03-23 13:22:30+00:00,,,,,,,,0.7,0.7,,0.0,0,False
2026-03-23 13:23:00+00:00,,,,,,,,0.7,0.7,,0.0,0,False
2026-03-23 13:23:30+00:00,,,,,,,,0.7,0.7,,0.0,0,False
2026-03-23 13:24:00+00:00,,,,,,,,0.7,0.7,,0.0,0,False
2026-03-23 13:24:30+00:00,,,,,,,,0.7,0.7,,0.0,0,False
2026-03-23 13:25:00+00:00,,,,,,,,0.7009523809523808,0.72,,210.0,5,False
2026-03-23 13:25:30+00:00,,,,,,,,0.7009523809523808,0.72,,0.0,0,False
2026-03-23 13:26:00+00:00,,,,,,,,0.7009523809523808,0.72,,0.0,0,False
2026-03-23 13:26:30+00:00,,,,,,,,0.7009523809523808,0.72,,0.0,0,False
2026-03-23 13:27:00+00:00,,,,,,,,0.7009523809523808,0.72,,0.0,0,False
2026-03-23 13:27:30+00:00,,,,,,,,0.7009523809523808,0.72,,0.0,0,False
2026-03-23 13:28:00+00:00,,,,,,,,0.7009523809523808,0.72,,0.0,0,False
2026-03-23 13:28:30+00:00,,,,,,,,0.7009523809523808,0.72,,0.0,0,False
2026-03-23 13:29:00+00:00,,,,,,,,0.7009523809523808,0.72,,0.0,0,False
2026-03-23 13:29:30+00:00,,,,,,,,0.7009523809523808,0.72,,0.0,0,False
2026-03-23 13:30:00+00:00,,,,,,,,0.7009523809523808,0.72,,0.0,0,False
2026-03-23 13:30:30+00:00,,,,,,,,0.7009523809523808,0.72,,0.0,0,False
2026-03-23 13:31:00+00:00,,,,,,,,0.7009523809523808,0.72,,0.0,0,False
2026-03-23 13:31:30+00:00,,,,,,,,0.7009523809523808,0.72,,0.0,0,False
2026-03-23 13:32:00+00:00,,,,,,,,0.7009523809523808,0.72,,0.0,0,False
2026-03-23 13:32:30+00:00,,,,,,,,0.7009523809523808,0.72,,0.0,0,False
2026-03-23 13:33:00+00:00,,,,,,,,0.7009523809523808,0.72,,0.0,0,False
2026-03-23 13:33:30+00:00,,,,,,,,0.7009523809523808,0.72,,0.0,0,False
2026-03-23 13:34:00+00:00,,,,,,,,0.7009523809523808,0.72,,0.0,0,False
2026-03-23 13:34:30+00:00,,,,,,,,0.7009523809523808,0.72,,0.0,0,False
2026-03-23 13:35:00+00:00,,,,,,,,0.7009523809523808,0.72,,0.0,0,False
2026-03-23 13:35:30+00:00,,,,,,,,0.7009523809523808,0.72,,0.0,0,False
2026-03-23 13:36:00+00:00,,,,,,,,0.73,0.73,,16.0,1,False
2026-03-23 13:36:30+00:00,,,,,,,,0.73,0.73,,0.0,0,False
2026-03-23 13:37:00+00:00,,,,,,,,0.73,0.73,,0.0,0,False
2026-03-23 13:37:30+00:00,,,,,,,,0.73,0.73,,0.0,0,False
2026-03-23 13:38:00+00:00,,,,,,,,0.73,0.73,,0.0,0,False
2026-03-23 13:38:30+00:00,,,,,,,,0.73,0.73,,0.0,0,False
2026-03-23 13:39:00+00:00,,,,,,,,0.73,0.73,,0.0,0,False
2026-03-23 13:39:30+00:00,,,,,,,,0.73,0.73,,0.0,0,False
2026-03-23 13:40:00+00:00,,,,,,,,0.73,0.73,,0.0,0,False
2026-03-23 13:40:30+00:00,,,,,,,,0.73,0.73,,0.0,0,False
2026-03-23 13:41:00+00:00,,,,,,,,0.73,0.73,,0.0,0,False
2026-03-23 13:41:30+00:00,,,,,,,,0.73,0.73,,0.0,0,False
2026-03-23 13:42:00+00:00,,,,,,,,0.73,0.73,,0.0,0,False
2026-03-23 13:42:30+00:00,,,,,,,,0.73,0.73,,0.0,0,False
2026-03-23 13:43:00+00:00,,,,,,,,0.73,0.73,,0.0,0,False
2026-03-23 13:43:30+00:00,,,,,,,,0.7,0.7,,19.0,1,False
2026-03-23 13:44:00+00:00,,,,,,,,0.7,0.7,,0.0,0,False
2026-03-23 13:44:30+00:00,,,,,,,,0.7,0.7,,0.0,0,False
2026-03-23 13:45:00+00:00,,,,,,,,0.7,0.7,,0.0,0,False
2026-03-23 13:45:30+00:00,,,,,,,,0.7,0.7,,0.0,0,False
2026-03-23 13:46:00+00:00,,,,,,,,0.7,0.7,,0.0,0,False
2026-03-23 13:46:30+00:00,,,,,,,,0.7,0.7,,0.0,0,False
2026-03-23 13:47:00+00:00,,,,,,,,0.7,0.7,,0.0,0,False
2026-03-23 13:47:30+00:00,,,,,,,,0.7,0.7,,0.0,0,False
2026-03-23 13:48:00+00:00,,,,,,,,0.7,0.7,,0.0,0,False
2026-03-23 13:48:30+00:00,,,,,,,,0.7,0.7,,0.0,0,False
2026-03-23 13:49:00+00:00,,,,,,,,0.7,0.7,,0.0,0,False
2026-03-23 13:49:30+00:00,,,,,,,,0.7,0.7,,0.0,0,False
2026-03-23 13:50:00+00:00,,,,,,,,0.7,0.7,,0.0,0,False
2026-03-23 13:50:30+00:00,,,,,,,,0.7,0.7,,0.0,0,False
2026-03-23 13:51:00+00:00,,,,,,,,0.7,0.7,,0.0,0,False
2026-03-23 13:51:30+00:00,,,,,,,,0.7,0.7,,0.0,0,False
2026-03-23 13:52:00+00:00,,,,,,,,0.7,0.7,,0.0,0,False
2026-03-23 13:52:30+00:00,,,,,,,,0.7,0.7,,0.0,0,False
2026-03-23 13:53:00+00:00,,,,,,,,0.7,0.7,,0.0,0,False
2026-03-23 13:53:30+00:00,,,,,,,,0.7,0.7,,0.0,0,False
2026-03-23 13:54:00+00:00,,,,,,,,0.7,0.7,,0.0,0,False
2026-03-23 13:54:30+00:00,,,,,,,,0.7,0.7,,0.0,0,False
2026-03-23 13:55:00+00:00,,,,,,,,0.7,0.7,,0.0,0,False
2026-03-23 13:55:30+00:00,,,,,,,,0.7,0.7,,0.0,0,False
2026-03-23 13:56:00+00:00,,,,,,,,0.7,0.7,,0.0,0,False
2026-03-23 13:56:30+00:00,,,,,,,,0.7,0.7,,0.0,0,False
2026-03-23 13:57:00+00:00,,,,,,,,0.7,0.7,,0.0,0,False
2026-03-23 13:57:30+00:00,,,,,,,,0.7,0.7,,0.0,0,False
2026-03-23 13:58:00+00:00,,,,,,,,0.7,0.7,,0.0,0,False
2026-03-23 13:58:30+00:00,,,,,,,,0.7,0.7,,0.0,0,False
2026-03-23 13:59:00+00:00,,,,,,,,0.7,0.7,,15.0,1,False
2026-03-23 13:59:30+00:00,,,,,,,,0.7,0.7,,0.0,0,False
2026-03-23 14:00:00+00:00,,,,,,,,0.7,0.7,,0.0,0,False
2026-03-23 14:00:30+00:00,,,,,,,,0.7,0.7,,0.0,0,False
2026-03-23 14:01:00+00:00,,,,,,,,0.7,0.7,,0.0,0,False
2026-03-23 14:01:30+00:00,,,,,,,,0.7,0.7,,0.0,0,False
2026-03-23 14:02:00+00:00,,,,,,,,0.7,0.7,,0.0,0,False
2026-03-23 14:02:30+00:00,,,,,,,,0.7,0.7,,0.0,0,False
2026-03-23 14:03:00+00:00,,,,,,,,0.7,0.7,,0.0,0,False
2026-03-23 14:03:30+00:00,,,,,,,,0.7,0.7,,0.0,0,False
2026-03-23 14:04:00+00:00,,,,,,,,0.7,0.7,,0.0,0,False
2026-03-23 14:04:30+00:00,,,,,,,,0.7,0.7,,0.0,0,False
2026-03-23 14:05:00+00:00,,,,,,,,0.7,0.7,,0.0,0,False
2026-03-23 14:05:30+00:00,,,,,,,,0.7,0.7,,0.0,0,False
2026-03-23 14:06:00+00:00,,,,,,,,0.7,0.7,,0.0,0,False
2026-03-23 14:06:30+00:00,,,,,,,,0.7,0.7,,0.0,0,False
2026-03-23 14:07:00+00:00,,,,,,,,0.7,0.7,,0.0,0,False
2026-03-23 14:07:30+00:00,,,,,,,,0.7,0.7,,0.0,0,False
2026-03-23 14:08:00+00:00,,,,,,,,0.7,0.7,,0.0,0,False
2026-03-23 14:08:30+00:00,,,,,,,,0.7,0.7,,0.0,0,False
2026-03-23 14:09:00+00:00,,,,,,,,0.7399999999999999,0.74,,6.0,1,False
2026-03-23 14:09:30+00:00,,,,,,,,0.7399999999999999,0.74,,0.0,0,False
2026-03-23 14:10:00+00:00,,,,,,,,0.7399999999999999,0.74,,0.0,0,False
2026-03-23 14:10:30+00:00,,,,,,,,0.7399999999999999,0.74,,0.0,0,False
2026-03-23 14:11:00+00:00,,,,,,,,0.7399999999999999,0.74,,0.0,0,False
2026-03-23 14:11:30+00:00,,,,,,,,0.7399999999999999,0.74,,0.0,0,False
2026-03-23 14:12:00+00:00,,,,,,,,0.7399999999999999,0.74,,0.0,0,False
2026-03-23 14:12:30+00:00,,,,,,,,0.7399999999999999,0.74,,0.0,0,False
2026-03-23 14:13:00+00:00,,,,,,,,0.7399999999999999,0.74,,0.0,0,False
2026-03-23 14:13:30+00:00,,,,,,,,0.7399999999999999,0.74,,0.0,0,False
2026-03-23 14:14:00+00:00,,,,,,,,0.7399999999999999,0.74,,0.0,0,False
2026-03-23 14:14:30+00:00,,,,,,,,0.7399999999999999,0.74,,0.0,0,False
2026-03-23 14:15:00+00:00,,,,,,,,0.7399999999999999,0.74,,0.0,0,False
2026-03-23 14:15:30+00:00,,,,,,,,0.7399999999999999,0.74,,0.0,0,False
2026-03-23 14:16:00+00:00,,,,,,,,0.7399999999999999,0.74,,0.0,0,False
2026-03-23 14:16:30+00:00,,,,,,,,0.7399999999999999,0.74,,0.0,0,False
2026-03-23 14:17:00+00:00,,,,,,,,0.7399999999999999,0.74,,0.0,0,False
2026-03-23 14:17:30+00:00,,,,,,,,0.7399999999999999,0.74,,0.0,0,False
2026-03-23 14:18:00+00:00,,,,,,,,0.7399999999999999,0.74,,0.0,0,False
2026-03-23 14:18:30+00:00,,,,,,,,0.7399999999999999,0.74,,0.0,0,False
2026-03-23 14:19:00+00:00,,,,,,,,0.7399999999999999,0.74,,0.0,0,False
2026-03-23 14:19:30+00:00,,,,,,,,0.7399999999999999,0.74,,0.0,0,False
2026-03-23 14:20:00+00:00,,,,,,,,0.7399999999999999,0.74,,0.0,0,False
2026-03-23 14:20:30+00:00,,,,,,,,0.7399999999999999,0.74,,0.0,0,False
2026-03-23 14:21:00+00:00,,,,,,,,0.7399999999999999,0.74,,0.0,0,False
2026-03-23 14:21:30+00:00,,,,,,,,0.7399999999999999,0.74,,0.0,0,False
2026-03-23 14:22:00+00:00,,,,,,,,0.7399999999999999,0.74,,0.0,0,False
2026-03-23 14:22:30+00:00,,,,,,,,0.7399999999999999,0.74,,0.0,0,False
2026-03-23 14:23:00+00:00,,,,,,,,0.7399999999999999,0.74,,0.0,0,False
2026-03-23 14:23:30+00:00,,,,,,,,0.7399999999999999,0.74,,0.0,0,False
2026-03-23 14:24:00+00:00,,,,,,,,0.7399999999999999,0.74,,0.0,0,False
2026-03-23 14:24:30+00:00,,,,,,,,0.7399999999999999,0.74,,0.0,0,False
2026-03-23 14:25:00+00:00,,,,,,,,0.7399999999999999,0.74,,0.0,0,False
2026-03-23 14:25:30+00:00,,,,,,,,0.7399999999999999,0.74,,0.0,0,False
2026-03-23 14:26:00+00:00,,,,,,,,0.7399999999999999,0.74,,0.0,0,False
2026-03-23 14:26:30+00:00,,,,,,,,0.7399999999999999,0.74,,0.0,0,False
2026-03-23 14:27:00+00:00,,,,,,,,0.7399999999999999,0.74,,0.0,0,False
2026-03-23 14:27:30+00:00,,,,,,,,0.7399999999999999,0.74,,0.0,0,False
2026-03-23 14:28:00+00:00,,,,,,,,0.7399999999999999,0.74,,0.0,0,False
2026-03-23 14:28:30+00:00,,,,,,,,0.7399999999999999,0.74,,0.0,0,False
2026-03-23 14:29:00+00:00,,,,,,,,0.7399999999999999,0.74,,0.0,0,False
2026-03-23 14:29:30+00:00,,,,,,,,0.7399999999999999,0.74,,0.0,0,False
2026-03-23 14:30:00+00:00,,,,,,,,0.74,0.74,,7.0,1,False
2026-03-23 14:30:30+00:00,,,,,,,,0.6887857695282289,0.71,,1293.0,7,False
2026-03-23 14:31:00+00:00,,,,,,,,0.6887857695282289,0.71,,0.0,0,False
2026-03-23 14:31:30+00:00,,,,,,,,0.6887857695282289,0.71,,0.0,0,False
2026-03-23 14:32:00+00:00,,,,,,,,0.6887857695282289,0.71,,0.0,0,False
2026-03-23 14:32:30+00:00,,,,,,,,0.6887857695282289,0.71,,0.0,0,False
2026-03-23 14:33:00+00:00,,,,,,,,0.6887857695282289,0.71,,0.0,0,False
2026-03-23 14:33:30+00:00,,,,,,,,0.6887857695282289,0.71,,0.0,0,False
2026-03-23 14:34:00+00:00,,,,,,,,0.6887857695282289,0.71,,0.0,0,False
2026-03-23 14:34:30+00:00,,,,,,,,0.6887857695282289,0.71,,0.0,0,False
2026-03-23 14:35:00+00:00,,,,,,,,0.6887857695282289,0.71,,0.0,0,False
2026-03-23 14:35:30+00:00,,,,,,,,0.6887857695282289,0.71,,0.0,0,False
2026-03-23 14:36:00+00:00,,,,,,,,0.6887857695282289,0.71,,0.0,0,False
2026-03-23 14:36:30+00:00,,,,,,,,0.6887857695282289,0.71,,0.0,0,False
2026-03-23 14:37:00+00:00,,,,,,,,0.6887857695282289,0.71,,0.0,0,False
2026-03-23 14:37:30+00:00,,,,,,,,0.6887857695282289,0.71,,0.0,0,False
2026-03-23 14:38:00+00:00,,,,,,,,0.6887857695282289,0.71,,0.0,0,False
2026-03-23 14:38:30+00:00,,,,,,,,0.6887857695282289,0.71,,0.0,0,False
2026-03-23 14:39:00+00:00,,,,,,,,0.6887857695282289,0.71,,0.0,0,False
2026-03-23 14:39:30+00:00,,,,,,,,0.6887857695282289,0.71,,0.0,0,False
2026-03-23 14:40:00+00:00,,,,,,,,0.6887857695282289,0.71,,0.0,0,False
2026-03-23 14:40:30+00:00,,,,,,,,0.6887857695282289,0.71,,0.0,0,False
2026-03-23 14:41:00+00:00,,,,,,,,0.6887857695282289,0.71,,0.0,0,False
2026-03-23 14:41:30+00:00,,,,,,,,0.6887857695282289,0.71,,0.0,0,False
2026-03-23 14:42:00+00:00,,,,,,,,0.6887857695282289,0.71,,0.0,0,False
2026-03-23 14:42:30+00:00,,,,,,,,0.6887857695282289,0.71,,0.0,0,False
2026-03-23 14:43:00+00:00,,,,,,,,0.6887857695282289,0.71,,0.0,0,False
2026-03-23 14:43:30+00:00,,,,,,,,0.6887857695282289,0.71,,0.0,0,False
2026-03-23 14:44:00+00:00,,,,,,,,0.6887857695282289,0.71,,0.0,0,False
2026-03-23 14:44:30+00:00,,,,,,,,0.6887857695282289,0.71,,0.0,0,False
2026-03-23 14:45:00+00:00,,,,,,,,0.6887857695282289,0.71,,0.0,0,False
2026-03-23 14:45:30+00:00,,,,,,,,0.6887857695282289,0.71,,0.0,0,False
2026-03-23 14:46:00+00:00,,,,,,,,0.6887857695282289,0.71,,0.0,0,False
2026-03-23 14:46:30+00:00,,,,,,,,0.6887857695282289,0.71,,0.0,0,False
2026-03-23 14:47:00+00:00,,,,,,,,0.6887857695282289,0.71,,0.0,0,False
2026-03-23 14:47:30+00:00,,,,,,,,0.6887857695282289,0.71,,0.0,0,False
2026-03-23 14:48:00+00:00,,,,,,,,0.6887857695282289,0.71,,0.0,0,False
2026-03-23 14:48:30+00:00,,,,,,,,0.6887857695282289,0.71,,0.0,0,False
2026-03-23 14:49:00+00:00,,,,,,,,0.6887857695282289,0.71,,0.0,0,False
2026-03-23 14:49:30+00:00,,,,,,,,0.6887857695282289,0.71,,0.0,0,False
2026-03-23 14:50:00+00:00,,,,,,,,0.6887857695282289,0.71,,0.0,0,False
2026-03-23 14:50:30+00:00,,,,,,,,0.6887857695282289,0.71,,0.0,0,False
2026-03-23 14:51:00+00:00,,,,,,,,0.6887857695282289,0.71,,0.0,0,False
2026-03-23 14:51:30+00:00,,,,,,,,0.6887857695282289,0.71,,0.0,0,False
2026-03-23 14:52:00+00:00,,,,,,,,0.6887857695282289,0.71,,0.0,0,False
2026-03-23 14:52:30+00:00,,,,,,,,0.6887857695282289,0.71,,0.0,0,False
2026-03-23 14:53:00+00:00,,,,,,,,0.6887857695282289,0.71,,0.0,0,False
2026-03-23 14:53:30+00:00,,,,,,,,0.6887857695282289,0.71,,0.0,0,False
2026-03-23 14:54:00+00:00,,,,,,,,0.6887857695282289,0.71,,0.0,0,False
2026-03-23 14:54:30+00:00,,,,,,,,0.6887857695282289,0.71,,0.0,0,False
2026-03-23 14:55:00+00:00,,,,,,,,0.6887857695282289,0.71,,0.0,0,False
2026-03-23 14:55:30+00:00,,,,,,,,0.6887857695282289,0.71,,0.0,0,False
2026-03-23 14:56:00+00:00,,,,,,,,0.6887857695282289,0.71,,0.0,0,False
2026-03-23 14:56:30+00:00,,,,,,,,0.6887857695282289,0.71,,0.0,0,False
2026-03-23 14:57:00+00:00,,,,,,,,0.6887857695282289,0.71,,0.0,0,False
2026-03-23 14:57:30+00:00,,,,,,,,0.6887857695282289,0.71,,0.0,0,False
2026-03-23 14:58:00+00:00,,,,,,,,0.6887857695282289,0.71,,0.0,0,False
2026-03-23 14:58:30+00:00,,,,,,,,0.6887857695282289,0.71,,0.0,0,False
2026-03-23 14:59:00+00:00,,,,,,,,0.6887857695282289,0.71,,0.0,0,False
2026-03-23 14:59:30+00:00,,,,,,,,0.6887857695282289,0.71,,0.0,0,False
2026-03-23 15:00:00+00:00,,,,,,,,0.6887857695282289,0.71,,0.0,0,False
2026-03-23 15:00:30+00:00,,,,,,,,0.6887857695282289,0.71,,0.0,0,False
2026-03-23 15:01:00+00:00,,,,,,,,0.6887857695282289,0.71,,0.0,0,False
2026-03-23 15:01:30+00:00,,,,,,,,0.6887857695282289,0.71,,0.0,0,False
2026-03-23 15:02:00+00:00,,,,,,,,0.6887857695282289,0.71,,0.0,0,False
2026-03-23 15:02:30+00:00,,,,,,,,0.6887857695282289,0.71,,0.0,0,False
2026-03-23 15:03:00+00:00,,,,,,,,0.6887857695282289,0.71,,0.0,0,False
2026-03-23 15:03:30+00:00,,,,,,,,0.6887857695282289,0.71,,0.0,0,False
2026-03-23 15:04:00+00:00,,,,,,,,0.6887857695282289,0.71,,0.0,0,False
2026-03-23 15:04:30+00:00,,,,,,,,0.6887857695282289,0.71,,0.0,0,False
2026-03-23 15:05:00+00:00,,,,,,,,0.6887857695282289,0.71,,0.0,0,False
2026-03-23 15:05:30+00:00,,,,,,,,0.6887857695282289,0.71,,0.0,0,False
2026-03-23 15:06:00+00:00,,,,,,,,0.6887857695282289,0.71,,0.0,0,False
2026-03-23 15:06:30+00:00,,,,,,,,0.6887857695282289,0.71,,0.0,0,False
2026-03-23 15:07:00+00:00,,,,,,,,0.6887857695282289,0.71,,0.0,0,False
2026-03-23 15:07:30+00:00,,,,,,,,0.6887857695282289,0.71,,0.0,0,False
2026-03-23 15:08:00+00:00,,,,,,,,0.6887857695282289,0.71,,0.0,0,False
2026-03-23 15:08:30+00:00,,,,,,,,0.6887857695282289,0.71,,0.0,0,False
2026-03-23 15:09:00+00:00,,,,,,,,0.6887857695282289,0.71,,0.0,0,False
2026-03-23 15:09:30+00:00,,,,,,,,0.6887857695282289,0.71,,0.0,0,False
2026-03-23 15:10:00+00:00,,,,,,,,0.73,0.73,,15.0,1,False
2026-03-23 15:10:30+00:00,,,,,,,,0.73,0.73,,0.0,0,False
2026-03-23 15:11:00+00:00,,,,,,,,0.73,0.73,,0.0,0,False
2026-03-23 15:11:30+00:00,,,,,,,,0.73,0.73,,0.0,0,False
2026-03-23 15:12:00+00:00,,,,,,,,0.73,0.73,,0.0,0,False
2026-03-23 15:12:30+00:00,,,,,,,,0.73,0.73,,0.0,0,False
2026-03-23 15:13:00+00:00,,,,,,,,0.73,0.73,,0.0,0,False
2026-03-23 15:13:30+00:00,,,,,,,,0.73,0.73,,0.0,0,False
2026-03-23 15:14:00+00:00,,,,,,,,0.7,0.7,,28.0,1,False
2026-03-23 15:14:30+00:00,,,,,,,,0.7,0.7,,0.0,0,False
2026-03-23 15:15:00+00:00,,,,,,,,0.7,0.7,,0.0,0,False
2026-03-23 15:15:30+00:00,,,,,,,,0.7,0.7,,0.0,0,False
2026-03-23 15:16:00+00:00,,,,,,,,0.7,0.7,,0.0,0,False
2026-03-23 15:16:30+00:00,,,,,,,,0.7,0.7,,0.0,0,False
2026-03-23 15:17:00+00:00,,,,,,,,0.7,0.7,,0.0,0,False
2026-03-23 15:17:30+00:00,,,,,,,,0.7,0.7,,0.0,0,False
2026-03-23 15:18:00+00:00,,,,,,,,0.7,0.7,,0.0,0,False
2026-03-23 15:18:30+00:00,,,,,,,,0.7,0.7,,0.0,0,False
2026-03-23 15:19:00+00:00,,,,,,,,0.7,0.7,,0.0,0,False
2026-03-23 15:19:30+00:00,,,,,,,,0.7,0.7,,0.0,0,False
2026-03-23 15:20:00+00:00,,,,,,,,0.7,0.7,,0.0,0,False
2026-03-23 15:20:30+00:00,,,,,,,,0.7,0.7,,0.0,0,False
2026-03-23 15:21:00+00:00,,,,,,,,0.7,0.7,,0.0,0,False
2026-03-23 15:21:30+00:00,,,,,,,,0.7,0.7,,0.0,0,False
2026-03-23 15:22:00+00:00,,,,,,,,0.7,0.7,,0.0,0,False
2026-03-23 15:22:30+00:00,,,,,,,,0.7,0.7,,0.0,0,False
2026-03-23 15:23:00+00:00,,,,,,,,0.7,0.7,,0.0,0,False
2026-03-23 15:23:30+00:00,,,,,,,,0.7,0.7,,0.0,0,False
2026-03-23 15:24:00+00:00,,,,,,,,0.7,0.7,,0.0,0,False
2026-03-23 15:24:30+00:00,,,,,,,,0.7,0.7,,15.0,1,False
2026-03-23 15:25:00+00:00,,,,,,,,0.7,0.7,,0.0,0,False
2026-03-23 15:25:30+00:00,,,,,,,,0.7,0.7,,0.0,0,False
2026-03-23 15:26:00+00:00,,,,,,,,0.7,0.7,,0.0,0,False
2026-03-23 15:26:30+00:00,,,,,,,,0.7,0.7,,0.0,0,False
2026-03-23 15:27:00+00:00,,,,,,,,0.7,0.7,,0.0,0,False
2026-03-23 15:27:30+00:00,,,,,,,,0.7,0.7,,0.0,0,False
2026-03-23 15:28:00+00:00,,,,,,,,0.7,0.7,,0.0,0,False
2026-03-23 15:28:30+00:00,,,,,,,,0.7,0.7,,0.0,0,False
2026-03-23 15:29:00+00:00,,,,,,,,0.7,0.7,,0.0,0,False
2026-03-23 15:29:30+00:00,,,,,,,,0.7,0.7,,0.0,0,False
2026-03-23 15:30:00+00:00,,,,,,,,0.7,0.7,,0.0,0,False
2026-03-23 15:30:30+00:00,,,,,,,,0.7,0.7,,0.0,0,False
2026-03-23 15:31:00+00:00,,,,,,,,0.7394339622641509,0.73,,265.0,4,False
2026-03-23 15:31:30+00:00,,,,,,,,0.7,0.7,,31.0,1,False
2026-03-23 15:32:00+00:00,,,,,,,,0.7,0.7,,0.0,0,False
2026-03-23 15:32:30+00:00,,,,,,,,0.7,0.7,,0.0,0,False
2026-03-23 15:33:00+00:00,,,,,,,,0.7,0.7,,0.0,0,False
2026-03-23 15:33:30+00:00,,,,,,,,0.7,0.7,,0.0,0,False
2026-03-23 15:34:00+00:00,,,,,,,,0.7,0.7,,0.0,0,False
2026-03-23 15:34:30+00:00,,,,,,,,0.7,0.7,,0.0,0,False
2026-03-23 15:35:00+00:00,,,,,,,,0.7,0.7,,0.0,0,False
2026-03-23 15:35:30+00:00,,,,,,,,0.7,0.7,,0.0,0,False
2026-03-23 15:36:00+00:00,,,,,,,,0.7,0.7,,0.0,0,False
2026-03-23 15:36:30+00:00,,,,,,,,0.7,0.7,,0.0,0,False
2026-03-23 15:37:00+00:00,,,,,,,,0.7,0.7,,0.0,0,False
2026-03-23 15:37:30+00:00,,,,,,,,0.7,0.7,,0.0,0,False
2026-03-23 15:38:00+00:00,,,,,,,,0.7,0.7,,0.0,0,False
2026-03-23 15:38:30+00:00,,,,,,,,0.7,0.7,,0.0,0,False
2026-03-23 15:39:00+00:00,,,,,,,,0.7,0.7,,0.0,0,False
2026-03-23 15:39:30+00:00,,,,,,,,0.7,0.7,,5.0,1,False
2026-03-23 15:40:00+00:00,,,,,,,,0.7,0.7,,0.0,0,False
2026-03-23 15:40:30+00:00,,,,,,,,0.7,0.7,,0.0,0,False
2026-03-23 15:41:00+00:00,,,,,,,,0.7,0.7,,0.0,0,False
2026-03-23 15:41:30+00:00,,,,,,,,0.7,0.7,,0.0,0,False
2026-03-23 15:42:00+00:00,,,,,,,,0.7,0.7,,0.0,0,False
2026-03-23 15:42:30+00:00,,,,,,,,0.7,0.7,,0.0,0,False
2026-03-23 15:43:00+00:00,,,,,,,,0.7,0.7,,0.0,0,False
2026-03-23 15:43:30+00:00,,,,,,,,0.7,0.7,,0.0,0,False
2026-03-23 15:44:00+00:00,,,,,,,,0.7,0.7,,0.0,0,False
2026-03-23 15:44:30+00:00,,,,,,,,0.7,0.7,,0.0,0,False
2026-03-23 15:45:00+00:00,,,,,,,,0.7,0.7,,0.0,0,False
2026-03-23 15:45:30+00:00,,,,,,,,0.7,0.7,,0.0,0,False
2026-03-23 15:46:00+00:00,,,,,,,,0.7,0.7,,0.0,0,False
2026-03-23 15:46:30+00:00,,,,,,,,0.7,0.7,,0.0,0,False
2026-03-23 15:47:00+00:00,,,,,,,,0.7,0.7,,0.0,0,False
2026-03-23 15:47:30+00:00,,,,,,,,0.7,0.7,,0.0,0,False
2026-03-23 15:48:00+00:00,,,,,,,,0.7,0.7,,0.0,0,False
2026-03-23 15:48:30+00:00,,,,,,,,0.7,0.7,,0.0,0,False
2026-03-23 15:49:00+00:00,,,,,,,,0.7,0.7,,0.0,0,False
2026-03-23 15:49:30+00:00,,,,,,,,0.7,0.7,,0.0,0,False
2026-03-23 15:50:00+00:00,,,,,,,,0.7,0.7,,0.0,0,False
2026-03-23 15:50:30+00:00,,,,,,,,0.7,0.7,,0.0,0,False
2026-03-23 15:51:00+00:00,,,,,,,,0.7,0.7,,0.0,0,False
2026-03-23 15:51:30+00:00,,,,,,,,0.7,0.7,,0.0,0,False
2026-03-23 15:52:00+00:00,,,,,,,,0.7,0.7,,0.0,0,False
2026-03-23 15:52:30+00:00,,,,,,,,0.7,0.7,,0.0,0,False
2026-03-23 15:53:00+00:00,,,,,,,,0.7,0.7,,0.0,0,False
2026-03-23 15:53:30+00:00,,,,,,,,0.7,0.7,,83.0,1,False
2026-03-23 15:54:00+00:00,,,,,,,,0.7,0.7,,0.0,0,False
2026-03-23 15:54:30+00:00,,,,,,,,0.7,0.7,,0.0,0,False
2026-03-23 15:55:00+00:00,,,,,,,,0.7,0.7,,0.0,0,False
2026-03-23 15:55:30+00:00,,,,,,,,0.72,0.72,,2.0,1,False
2026-03-23 15:56:00+00:00,,,,,,,,0.72,0.72,,0.0,0,False
2026-03-23 15:56:30+00:00,,,,,,,,0.72,0.72,,10.0,1,False
2026-03-23 15:57:00+00:00,,,,,,,,0.72,0.72,,0.0,0,False
2026-03-23 15:57:30+00:00,,,,,,,,0.72,0.72,,0.0,0,False
2026-03-23 15:58:00+00:00,,,,,,,,0.72,0.72,,0.0,0,False
2026-03-23 15:58:30+00:00,,,,,,,,0.73,0.73,,13.0,1,False
2026-03-23 15:59:00+00:00,,,,,,,,0.73,0.73,,0.0,0,False
2026-03-23 15:59:30+00:00,,,,,,,,0.73,0.73,,0.0,0,False
2026-03-23 16:00:00+00:00,,,,,,,,0.73,0.73,,0.0,0,False
2026-03-23 16:00:30+00:00,,,,,,,,0.73,0.73,,0.0,0,False
2026-03-23 16:01:00+00:00,,,,,,,,0.73,0.73,,0.0,0,False
2026-03-23 16:01:30+00:00,,,,,,,,0.73,0.73,,0.0,0,False
2026-03-23 16:02:00+00:00,,,,,,,,0.73,0.73,,0.0,0,False
2026-03-23 16:02:30+00:00,,,,,,,,0.73,0.73,,0.0,0,False
2026-03-23 16:03:00+00:00,,,,,,,,0.73,0.73,,0.0,0,False
2026-03-23 16:03:30+00:00,,,,,,,,0.73,0.73,,0.0,0,False
2026-03-23 16:04:00+00:00,,,,,,,,0.73,0.73,,0.0,0,False
2026-03-23 16:04:30+00:00,,,,,,,,0.73,0.73,,0.0,0,False
2026-03-23 16:05:00+00:00,,,,,,,,0.73,0.73,,0.0,0,False
2026-03-23 16:05:30+00:00,,,,,,,,0.73,0.73,,0.0,0,False
2026-03-23 16:06:00+00:00,,,,,,,,0.73,0.73,,0.0,0,False
2026-03-23 16:06:30+00:00,,,,,,,,0.73,0.73,,0.0,0,False
2026-03-23 16:07:00+00:00,,,,,,,,0.73,0.73,,0.0,0,False
2026-03-23 16:07:30+00:00,,,,,,,,0.73,0.73,,0.0,0,False
2026-03-23 16:08:00+00:00,,,,,,,,0.73,0.73,,0.0,0,False
2026-03-23 16:08:30+00:00,,,,,,,,0.73,0.73,,0.0,0,False
2026-03-23 16:09:00+00:00,,,,,,,,0.73,0.73,,0.0,0,False
2026-03-23 16:09:30+00:00,,,,,,,,0.73,0.73,,0.0,0,False
2026-03-23 16:10:00+00:00,,,,,,,,0.73,0.73,,0.0,0,False
2026-03-23 16:10:30+00:00,,,,,,,,0.73,0.73,,0.0,0,False
2026-03-23 16:11:00+00:00,,,,,,,,0.7,0.7,,31.0,1,False
2026-03-23 16:11:30+00:00,,,,,,,,0.7,0.7,,0.0,0,False
2026-03-23 16:12:00+00:00,,,,,,,,0.7,0.7,,4.0,1,False
2026-03-23 16:12:30+00:00,,,,,,,,0.7,0.7,,0.0,0,False
2026-03-23 16:13:00+00:00,,,,,,,,0.7,0.7,,0.0,0,False
2026-03-23 16:13:30+00:00,,,,,,,,0.7,0.7,,0.0,0,False
2026-03-23 16:14:00+00:00,,,,,,,,0.7,0.7,,0.0,0,False
2026-03-23 16:14:30+00:00,,,,,,,,0.7,0.7,,0.0,0,False
2026-03-23 16:15:00+00:00,,,,,,,,0.7,0.7,,0.0,0,False
2026-03-23 16:15:30+00:00,,,,,,,,0.7,0.7,,0.0,0,False
2026-03-23 16:16:00+00:00,,,,,,,,0.7,0.7,,0.0,0,False
2026-03-23 16:16:30+00:00,,,,,,,,0.7,0.7,,0.0,0,False
2026-03-23 16:17:00+00:00,,,,,,,,0.7,0.7,,0.0,0,False
2026-03-23 16:17:30+00:00,,,,,,,,0.7,0.7,,0.0,0,False
2026-03-23 16:18:00+00:00,,,,,,,,0.7,0.7,,0.0,0,False
2026-03-23 16:18:30+00:00,,,,,,,,0.7,0.7,,0.0,0,False
2026-03-23 16:19:00+00:00,,,,,,,,0.7,0.7,,0.0,0,False
2026-03-23 16:19:30+00:00,,,,,,,,0.7,0.7,,0.0,0,False
2026-03-23 16:20:00+00:00,,,,,,,,0.7,0.7,,0.0,0,False
2026-03-23 16:20:30+00:00,,,,,,,,0.7,0.7,,0.0,0,False
2026-03-23 16:21:00+00:00,,,,,,,,0.7,0.7,,0.0,0,False
2026-03-23 16:21:30+00:00,,,,,,,,0.7,0.7,,0.0,0,False
2026-03-23 16:22:00+00:00,,,,,,,,0.7,0.7,,0.0,0,False
2026-03-23 16:22:30+00:00,,,,,,,,0.7,0.7,,0.0,0,False
2026-03-23 16:23:00+00:00,,,,,,,,0.7,0.7,,10.0,1,False
2026-03-23 16:23:30+00:00,,,,,,,,0.7,0.7,,0.0,0,False
2026-03-23 16:24:00+00:00,,,,,,,,0.7,0.7,,0.0,0,False
2026-03-23 16:24:30+00:00,,,,,,,,0.7,0.7,,0.0,0,False
2026-03-23 16:25:00+00:00,,,,,,,,0.7,0.7,,0.0,0,False
2026-03-23 16:25:30+00:00,,,,,,,,0.7,0.7,,0.0,0,False
2026-03-23 16:26:00+00:00,,,,,,,,0.7,0.7,,0.0,0,False
2026-03-23 16:26:30+00:00,,,,,,,,0.7,0.7,,0.0,0,False
2026-03-23 16:27:00+00:00,,,,,,,,0.7,0.7,,0.0,0,False
2026-03-23 16:27:30+00:00,,,,,,,,0.7,0.7,,0.0,0,False
2026-03-23 16:28:00+00:00,,,,,,,,0.7,0.7,,0.0,0,False
2026-03-23 16:28:30+00:00,,,,,,,,0.7,0.7,,0.0,0,False
2026-03-23 16:29:00+00:00,,,,,,,,0.7,0.7,,0.0,0,False
2026-03-23 16:29:30+00:00,,,,,,,,0.7,0.7,,0.0,0,False
2026-03-23 16:30:00+00:00,,,,,,,,0.7,0.7,,0.0,0,False
2026-03-23 16:30:30+00:00,,,,,,,,0.7,0.7,,0.0,0,False
2026-03-23 16:31:00+00:00,,,,,,,,0.7,0.7,,0.0,0,False
2026-03-23 16:31:30+00:00,,,,,,,,0.7,0.7,,0.0,0,False
2026-03-23 16:32:00+00:00,,,,,,,,0.7,0.7,,0.0,0,False
2026-03-23 16:32:30+00:00,,,,,,,,0.7,0.7,,0.0,0,False
2026-03-23 16:33:00+00:00,,,,,,,,0.7,0.7,,0.0,0,False
2026-03-23 16:33:30+00:00,,,,,,,,0.7,0.7,,0.0,0,False
2026-03-23 16:34:00+00:00,,,,,,,,0.7,0.7,,0.0,0,False
2026-03-23 16:34:30+00:00,,,,,,,,0.7,0.7,,0.0,0,False
2026-03-23 16:35:00+00:00,,,,,,,,0.7,0.7,,0.0,0,False
2026-03-23 16:35:30+00:00,,,,,,,,0.7,0.7,,0.0,0,False
2026-03-23 16:36:00+00:00,,,,,,,,0.7,0.7,,0.0,0,False
2026-03-23 16:36:30+00:00,,,,,,,,0.7,0.7,,0.0,0,False
2026-03-23 16:37:00+00:00,,,,,,,,0.7,0.7,,0.0,0,False
2026-03-23 16:37:30+00:00,,,,,,,,0.7,0.7,,0.0,0,False
2026-03-23 16:38:00+00:00,,,,,,,,0.7200000000000001,0.72,,3.0,1,False
2026-03-23 16:38:30+00:00,,,,,,,,0.7200000000000001,0.72,,0.0,0,False
2026-03-23 16:39:00+00:00,,,,,,,,0.7200000000000001,0.72,,0.0,0,False
2026-03-23 16:39:30+00:00,,,,,,,,0.7200000000000001,0.72,,0.0,0,False
2026-03-23 16:40:00+00:00,,,,,,,,0.7200000000000001,0.72,,0.0,0,False
2026-03-23 16:40:30+00:00,,,,,,,,0.7200000000000001,0.72,,0.0,0,False
2026-03-23 16:41:00+00:00,,,,,,,,0.7200000000000001,0.72,,0.0,0,False
2026-03-23 16:41:30+00:00,,,,,,,,0.7200000000000001,0.72,,0.0,0,False
2026-03-23 16:42:00+00:00,,,,,,,,0.7200000000000001,0.72,,0.0,0,False
2026-03-23 16:42:30+00:00,,,,,,,,0.7200000000000001,0.72,,0.0,0,False
2026-03-23 16:43:00+00:00,,,,,,,,0.7200000000000001,0.72,,0.0,0,False
2026-03-23 16:43:30+00:00,,,,,,,,0.7200000000000001,0.72,,0.0,0,False
2026-03-23 16:44:00+00:00,,,,,,,,0.7200000000000001,0.72,,0.0,0,False
2026-03-23 16:44:30+00:00,,,,,,,,0.7200000000000001,0.72,,0.0,0,False
2026-03-23 16:45:00+00:00,,,,,,,,0.7200000000000001,0.72,,0.0,0,False
2026-03-23 16:45:30+00:00,,,,,,,,0.7200000000000001,0.72,,0.0,0,False
2026-03-23 16:46:00+00:00,,,,,,,,0.7200000000000001,0.72,,0.0,0,False
2026-03-23 16:46:30+00:00,,,,,,,,0.7200000000000001,0.72,,0.0,0,False
2026-03-23 16:47:00+00:00,,,,,,,,0.7200000000000001,0.72,,0.0,0,False
2026-03-23 16:47:30+00:00,,,,,,,,0.7200000000000001,0.72,,0.0,0,False
2026-03-23 16:48:00+00:00,,,,,,,,0.7200000000000001,0.72,,0.0,0,False
2026-03-23 16:48:30+00:00,,,,,,,,0.7200000000000001,0.72,,0.0,0,False
2026-03-23 16:49:00+00:00,,,,,,,,0.7200000000000001,0.72,,0.0,0,False
2026-03-23 16:49:30+00:00,,,,,,,,0.7200000000000001,0.72,,0.0,0,False
2026-03-23 16:50:00+00:00,,,,,,,,0.7200000000000001,0.72,,0.0,0,False
2026-03-23 16:50:30+00:00,,,,,,,,0.7200000000000001,0.72,,0.0,0,False
2026-03-23 16:51:00+00:00,,,,,,,,0.7200000000000001,0.72,,0.0,0,False
2026-03-23 16:51:30+00:00,,,,,,,,0.7200000000000001,0.72,,0.0,0,False
2026-03-23 16:52:00+00:00,,,,,,,,0.7200000000000001,0.72,,0.0,0,False
2026-03-23 16:52:30+00:00,,,,,,,,0.7200000000000001,0.72,,0.0,0,False
2026-03-23 16:53:00+00:00,,,,,,,,0.7200000000000001,0.72,,0.0,0,False
2026-03-23 16:53:30+00:00,,,,,,,,0.7200000000000001,0.72,,0.0,0,False
2026-03-23 16:54:00+00:00,,,,,,,,0.7200000000000001,0.72,,0.0,0,False
2026-03-23 16:54:30+00:00,,,,,,,,0.7200000000000001,0.72,,0.0,0,False
2026-03-23 16:55:00+00:00,,,,,,,,0.7200000000000001,0.72,,0.0,0,False
2026-03-23 16:55:30+00:00,,,,,,,,0.7200000000000001,0.72,,0.0,0,False
2026-03-23 16:56:00+00:00,,,,,,,,0.7200000000000001,0.72,,0.0,0,False
2026-03-23 16:56:30+00:00,,,,,,,,0.7200000000000001,0.72,,0.0,0,False
2026-03-23 16:57:00+00:00,,,,,,,,0.7200000000000001,0.72,,0.0,0,False
2026-03-23 16:57:30+00:00,,,,,,,,0.7200000000000001,0.72,,0.0,0,False
2026-03-23 16:58:00+00:00,,,,,,,,0.7200000000000001,0.72,,0.0,0,False
2026-03-23 16:58:30+00:00,,,,,,,,0.7200000000000001,0.72,,0.0,0,False
2026-03-23 16:59:00+00:00,,,,,,,,0.7200000000000001,0.72,,0.0,0,False
2026-03-23 16:59:30+00:00,,,,,,,,0.7200000000000001,0.72,,0.0,0,False
2026-03-23 17:00:00+00:00,,,,,,,,0.7200000000000001,0.72,,0.0,0,False
2026-03-23 17:00:30+00:00,,,,,,,,0.7200000000000001,0.72,,0.0,0,False
2026-03-23 17:01:00+00:00,,,,,,,,0.7200000000000001,0.72,,0.0,0,False
2026-03-23 17:01:30+00:00,,,,,,,,0.7200000000000001,0.72,,0.0,0,False
2026-03-23 17:02:00+00:00,,,,,,,,0.7200000000000001,0.72,,0.0,0,False
2026-03-23 17:02:30+00:00,,,,,,,,0.7200000000000001,0.72,,0.0,0,False
2026-03-23 17:03:00+00:00,,,,,,,,0.7200000000000001,0.72,,0.0,0,False
2026-03-23 17:03:30+00:00,,,,,,,,0.7200000000000001,0.72,,0.0,0,False
2026-03-23 17:04:00+00:00,,,,,,,,0.7200000000000001,0.72,,0.0,0,False
2026-03-23 17:04:30+00:00,,,,,,,,0.7200000000000001,0.72,,0.0,0,False
2026-03-23 17:05:00+00:00,,,,,,,,0.7200000000000001,0.72,,0.0,0,False
2026-03-23 17:05:30+00:00,,,,,,,,0.7200000000000001,0.72,,0.0,0,False
2026-03-23 17:06:00+00:00,,,,,,,,0.7200000000000001,0.72,,0.0,0,False
2026-03-23 17:06:30+00:00,,,,,,,,0.7200000000000001,0.72,,0.0,0,False
2026-03-23 17:07:00+00:00,,,,,,,,0.7200000000000001,0.72,,0.0,0,False
2026-03-23 17:07:30+00:00,,,,,,,,0.7200000000000001,0.72,,0.0,0,False
2026-03-23 17:08:00+00:00,,,,,,,,0.7200000000000001,0.72,,0.0,0,False
2026-03-23 17:08:30+00:00,,,,,,,,0.7200000000000001,0.72,,0.0,0,False
2026-03-23 17:09:00+00:00,,,,,,,,0.73,0.73,,10.0,1,False
2026-03-23 17:09:30+00:00,,,,,,,,0.73,0.73,,0.0,0,False
2026-03-23 17:10:00+00:00,,,,,,,,0.73,0.73,,0.0,0,False
2026-03-23 17:10:30+00:00,,,,,,,,0.71,0.71,,161.0,1,False
2026-03-23 17:11:00+00:00,,,,,,,,0.73,0.73,,1.0,1,False
2026-03-23 17:11:30+00:00,,,,,,,,0.73,0.73,,0.0,0,False
2026-03-23 17:12:00+00:00,,,,,,,,0.73,0.73,,1.0,1,False
2026-03-23 17:12:30+00:00,,,,,,,,0.73,0.73,,0.0,0,False
2026-03-23 17:13:00+00:00,,,,,,,,0.73,0.73,,0.0,0,False
2026-03-23 17:13:30+00:00,,,,,,,,0.73,0.73,,0.0,0,False
2026-03-23 17:14:00+00:00,,,,,,,,0.73,0.73,,0.0,0,False
2026-03-23 17:14:30+00:00,,,,,,,,0.73,0.73,,0.0,0,False
2026-03-23 17:15:00+00:00,,,,,,,,0.73,0.73,,0.0,0,False
2026-03-23 17:15:30+00:00,,,,,,,,0.73,0.73,,0.0,0,False
2026-03-23 17:16:00+00:00,,,,,,,,0.73,0.73,,0.0,0,False
2026-03-23 17:16:30+00:00,,,,,,,,0.73,0.73,,0.0,0,False
2026-03-23 17:17:00+00:00,,,,,,,,0.71,0.71,,161.0,1,False
2026-03-23 17:17:30+00:00,,,,,,,,0.71,0.71,,0.0,0,False
2026-03-23 17:18:00+00:00,,,,,,,,0.71,0.71,,0.0,0,False
2026-03-23 17:18:30+00:00,,,,,,,,0.71,0.71,,0.0,0,False
2026-03-23 17:19:00+00:00,,,,,,,,0.71,0.71,,0.0,0,False
2026-03-23 17:19:30+00:00,,,,,,,,0.71,0.71,,0.0,0,False
2026-03-23 17:20:00+00:00,,,,,,,,0.71,0.71,,0.0,0,False
2026-03-23 17:20:30+00:00,,,,,,,,0.71,0.71,,0.0,0,False
2026-03-23 17:21:00+00:00,,,,,,,,0.71,0.71,,0.0,0,False
2026-03-23 17:21:30+00:00,,,,,,,,0.71,0.71,,0.0,0,False
2026-03-23 17:22:00+00:00,,,,,,,,0.71,0.71,,0.0,0,False
2026-03-23 17:22:30+00:00,,,,,,,,0.71,0.71,,0.0,0,False
2026-03-23 17:23:00+00:00,,,,,,,,0.71,0.71,,0.0,0,False
2026-03-23 17:23:30+00:00,,,,,,,,0.71,0.71,,0.0,0,False
2026-03-23 17:24:00+00:00,,,,,,,,0.71,0.71,,0.0,0,False
2026-03-23 17:24:30+00:00,,,,,,,,0.71,0.71,,0.0,0,False
2026-03-23 17:25:00+00:00,,,,,,,,0.71,0.71,,0.0,0,False
2026-03-23 17:25:30+00:00,,,,,,,,0.71,0.71,,0.0,0,False
2026-03-23 17:26:00+00:00,,,,,,,,0.71,0.71,,0.0,0,False
2026-03-23 17:26:30+00:00,,,,,,,,0.71,0.71,,0.0,0,False
2026-03-23 17:27:00+00:00,,,,,,,,0.71,0.71,,0.0,0,False
2026-03-23 17:27:30+00:00,,,,,,,,0.71,0.71,,0.0,0,False
2026-03-23 17:28:00+00:00,,,,,,,,0.71,0.71,,0.0,0,False
2026-03-23 17:28:30+00:00,,,,,,,,0.71,0.71,,0.0,0,False
2026-03-23 17:29:00+00:00,,,,,,,,0.71,0.71,,0.0,0,False
2026-03-23 17:29:30+00:00,,,,,,,,0.71,0.71,,0.0,0,False
2026-03-23 17:30:00+00:00,,,,,,,,0.71,0.71,,0.0,0,False
2026-03-23 17:30:30+00:00,,,,,,,,0.71,0.71,,0.0,0,False
2026-03-23 17:31:00+00:00,,,,,,,,0.71,0.71,,0.0,0,False
2026-03-23 17:31:30+00:00,,,,,,,,0.71,0.71,,0.0,0,False
2026-03-23 17:32:00+00:00,,,,,,,,0.71,0.71,,0.0,0,False
2026-03-23 17:32:30+00:00,,,,,,,,0.71,0.71,,0.0,0,False
2026-03-23 17:33:00+00:00,,,,,,,,0.71,0.71,,0.0,0,False
2026-03-23 17:33:30+00:00,,,,,,,,0.71,0.71,,0.0,0,False
2026-03-23 17:34:00+00:00,,,,,,,,0.71,0.71,,0.0,0,False
2026-03-23 17:34:30+00:00,,,,,,,,0.71,0.71,,0.0,0,False
2026-03-23 17:35:00+00:00,,,,,,,,0.71,0.71,,0.0,0,False
2026-03-23 17:35:30+00:00,,,,,,,,0.71,0.71,,0.0,0,False
2026-03-23 17:36:00+00:00,,,,,,,,0.71,0.71,,0.0,0,False
2026-03-23 17:36:30+00:00,,,,,,,,0.71,0.71,,0.0,0,False
2026-03-23 17:37:00+00:00,,,,,,,,0.71,0.71,,0.0,0,False
2026-03-23 17:37:30+00:00,,,,,,,,0.71,0.71,,0.0,0,False
2026-03-23 17:38:00+00:00,,,,,,,,0.71,0.71,,0.0,0,False
2026-03-23 17:38:30+00:00,,,,,,,,0.71,0.71,,0.0,0,False
2026-03-23 17:39:00+00:00,,,,,,,,0.71,0.71,,0.0,0,False
2026-03-23 17:39:30+00:00,,,,,,,,0.71,0.71,,0.0,0,False
2026-03-23 17:40:00+00:00,,,,,,,,0.71,0.71,,0.0,0,False
2026-03-23 17:40:30+00:00,,,,,,,,0.71,0.71,,0.0,0,False
2026-03-23 17:41:00+00:00,,,,,,,,0.71,0.71,,0.0,0,False
2026-03-23 17:41:30+00:00,,,,,,,,0.73,0.73,,1.0,1,False
2026-03-23 17:42:00+00:00,,,,,,,,0.73,0.73,,0.0,0,False
2026-03-23 17:42:30+00:00,,,,,,,,0.73,0.73,,0.0,0,False
2026-03-23 17:43:00+00:00,,,,,,,,0.73,0.73,,0.0,0,False
2026-03-23 17:43:30+00:00,,,,,,,,0.73,0.73,,0.0,0,False
2026-03-23 17:44:00+00:00,,,,,,,,0.73,0.73,,0.0,0,False
2026-03-23 17:44:30+00:00,,,,,,,,0.73,0.73,,0.0,0,False
2026-03-23 17:45:00+00:00,,,,,,,,0.73,0.73,,0.0,0,False
2026-03-23 17:45:30+00:00,,,,,,,,0.73,0.73,,0.0,0,False
2026-03-23 17:46:00+00:00,,,,,,,,0.73,0.73,,0.0,0,False
2026-03-23 17:46:30+00:00,,,,,,,,0.73,0.73,,0.0,0,False
2026-03-23 17:47:00+00:00,,,,,,,,0.73,0.73,,0.0,0,False
2026-03-23 17:47:30+00:00,,,,,,,,0.73,0.73,,0.0,0,False
2026-03-23 17:48:00+00:00,,,,,,,,0.73,0.73,,0.0,0,False
2026-03-23 17:48:30+00:00,,,,,,,,0.73,0.73,,0.0,0,False
2026-03-23 17:49:00+00:00,,,,,,,,0.73,0.73,,0.0,0,False
2026-03-23 17:49:30+00:00,,,,,,,,0.73,0.73,,0.0,0,False
2026-03-23 17:50:00+00:00,,,,,,,,0.73,0.73,,0.0,0,False
2026-03-23 17:50:30+00:00,,,,,,,,0.71,0.71,,6.0,1,False
2026-03-23 17:51:00+00:00,,,,,,,,0.71,0.71,,0.0,0,False
2026-03-23 17:51:30+00:00,,,,,,,,0.71,0.71,,0.0,0,False
2026-03-23 17:52:00+00:00,,,,,,,,0.71,0.71,,0.0,0,False
2026-03-23 17:52:30+00:00,,,,,,,,0.71,0.71,,0.0,0,False
2026-03-23 17:53:00+00:00,,,,,,,,0.71,0.71,,0.0,0,False
2026-03-23 17:53:30+00:00,,,,,,,,0.71,0.71,,0.0,0,False
2026-03-23 17:54:00+00:00,,,,,,,,0.71,0.71,,0.0,0,False
2026-03-23 17:54:30+00:00,,,,,,,,0.71,0.71,,0.0,0,False
2026-03-23 17:55:00+00:00,,,,,,,,0.71,0.71,,0.0,0,False
2026-03-23 17:55:30+00:00,,,,,,,,0.71,0.71,,0.0,0,False
2026-03-23 17:56:00+00:00,,,,,,,,0.71,0.71,,0.0,0,False
2026-03-23 17:56:30+00:00,,,,,,,,0.71,0.71,,0.0,0,False
2026-03-23 17:57:00+00:00,,,,,,,,0.71,0.71,,0.0,0,False
2026-03-23 17:57:30+00:00,,,,,,,,0.71,0.71,,0.0,0,False
2026-03-23 17:58:00+00:00,,,,,,,,0.71,0.71,,0.0,0,False
2026-03-23 17:58:30+00:00,,,,,,,,0.71,0.71,,0.0,0,False
2026-03-23 17:59:00+00:00,,,,,,,,0.71,0.71,,0.0,0,False
2026-03-23 17:59:30+00:00,,,,,,,,0.71,0.71,,0.0,0,False
2026-03-23 18:00:00+00:00,,,,,,,,0.71,0.71,,0.0,0,False
2026-03-23 18:00:30+00:00,,,,,,,,0.71,0.71,,100.0,1,False
2026-03-23 18:01:00+00:00,,,,,,,,0.71,0.71,,0.0,0,False
2026-03-23 18:01:30+00:00,,,,,,,,0.71,0.71,,0.0,0,False
2026-03-23 18:02:00+00:00,,,,,,,,0.71,0.71,,0.0,0,False
2026-03-23 18:02:30+00:00,,,,,,,,0.71,0.71,,0.0,0,False
2026-03-23 18:03:00+00:00,,,,,,,,0.71,0.71,,0.0,0,False
2026-03-23 18:03:30+00:00,,,,,,,,0.71,0.71,,0.0,0,False
2026-03-23 18:04:00+00:00,,,,,,,,0.71,0.71,,0.0,0,False
2026-03-23 18:04:30+00:00,,,,,,,,0.71,0.71,,0.0,0,False
2026-03-23 18:05:00+00:00,,,,,,,,0.73,0.73,,1.0,1,False
2026-03-23 18:05:30+00:00,,,,,,,,0.73,0.73,,0.0,0,False
2026-03-23 18:06:00+00:00,,,,,,,,0.73,0.73,,0.0,0,False
2026-03-23 18:06:30+00:00,,,,,,,,0.73,0.73,,0.0,0,False
2026-03-23 18:07:00+00:00,,,,,,,,0.73,0.73,,0.0,0,False
2026-03-23 18:07:30+00:00,,,,,,,,0.73,0.73,,0.0,0,False
2026-03-23 18:08:00+00:00,,,,,,,,0.73,0.73,,0.0,0,False
2026-03-23 18:08:30+00:00,,,,,,,,0.73,0.73,,0.0,0,False
2026-03-23 18:09:00+00:00,,,,,,,,0.73,0.73,,0.0,0,False
2026-03-23 18:09:30+00:00,,,,,,,,0.73,0.73,,0.0,0,False
2026-03-23 18:10:00+00:00,,,,,,,,0.73,0.73,,0.0,0,False
2026-03-23 18:10:30+00:00,,,,,,,,0.71,0.71,,43.0,2,False
2026-03-23 18:11:00+00:00,,,,,,,,0.71,0.71,,0.0,0,False
2026-03-23 18:11:30+00:00,,,,,,,,0.71,0.71,,0.0,0,False
2026-03-23 18:12:00+00:00,,,,,,,,0.71,0.71,,0.0,0,False
2026-03-23 18:12:30+00:00,,,,,,,,0.71,0.71,,0.0,0,False
2026-03-23 18:13:00+00:00,,,,,,,,0.71,0.71,,0.0,0,False
2026-03-23 18:13:30+00:00,,,,,,,,0.71,0.71,,0.0,0,False
2026-03-23 18:14:00+00:00,,,,,,,,0.71,0.71,,0.0,0,False
2026-03-23 18:14:30+00:00,,,,,,,,0.71,0.71,,0.0,0,False
2026-03-23 18:15:00+00:00,,,,,,,,0.71,0.71,,0.0,0,False
2026-03-23 18:15:30+00:00,,,,,,,,0.71,0.71,,0.0,0,False
2026-03-23 18:16:00+00:00,,,,,,,,0.71,0.71,,40.0,1,False
2026-03-23 18:16:30+00:00,,,,,,,,0.71,0.71,,0.0,0,False
2026-03-23 18:17:00+00:00,,,,,,,,0.71,0.71,,0.0,0,False
2026-03-23 18:17:30+00:00,,,,,,,,0.71,0.71,,0.0,0,False
2026-03-23 18:18:00+00:00,,,,,,,,0.71,0.71,,0.0,0,False
2026-03-23 18:18:30+00:00,,,,,,,,0.71,0.71,,0.0,0,False
2026-03-23 18:19:00+00:00,,,,,,,,0.71,0.71,,0.0,0,False
2026-03-23 18:19:30+00:00,,,,,,,,0.71,0.71,,0.0,0,False
2026-03-23 18:20:00+00:00,,,,,,,,0.71,0.71,,0.0,0,False
2026-03-23 18:20:30+00:00,,,,,,,,0.71,0.71,,0.0,0,False
2026-03-23 18:21:00+00:00,,,,,,,,0.71,0.71,,0.0,0,False
2026-03-23 18:21:30+00:00,,,,,,,,0.71,0.71,,0.0,0,False
2026-03-23 18:22:00+00:00,,,,,,,,0.71,0.71,,0.0,0,False
2026-03-23 18:22:30+00:00,,,,,,,,0.71,0.71,,0.0,0,False
2026-03-23 18:23:00+00:00,,,,,,,,0.71,0.71,,0.0,0,False
2026-03-23 18:23:30+00:00,,,,,,,,0.71,0.71,,0.0,0,False
2026-03-23 18:24:00+00:00,,,,,,,,0.71,0.71,,0.0,0,False
2026-03-23 18:24:30+00:00,,,,,,,,0.71,0.71,,0.0,0,False
2026-03-23 18:25:00+00:00,,,,,,,,0.71,0.71,,0.0,0,False
2026-03-23 18:25:30+00:00,,,,,,,,0.71,0.71,,0.0,0,False
2026-03-23 18:26:00+00:00,,,,,,,,0.71,0.71,,0.0,0,False
2026-03-23 18:26:30+00:00,,,,,,,,0.71,0.71,,0.0,0,False
2026-03-23 18:27:00+00:00,,,,,,,,0.71,0.71,,0.0,0,False
2026-03-23 18:27:30+00:00,,,,,,,,0.71,0.71,,0.0,0,False
2026-03-23 18:28:00+00:00,,,,,,,,0.71,0.71,,0.0,0,False
2026-03-23 18:28:30+00:00,,,,,,,,0.71,0.71,,0.0,0,False
2026-03-23 18:29:00+00:00,,,,,,,,0.71,0.71,,0.0,0,False
2026-03-23 18:29:30+00:00,,,,,,,,0.71,0.71,,0.0,0,False
2026-03-23 18:30:00+00:00,,,,,,,,0.71,0.71,,0.0,0,False
2026-03-23 18:30:30+00:00,,,,,,,,0.71,0.71,,0.0,0,False
2026-03-23 18:31:00+00:00,,,,,,,,0.71,0.71,,0.0,0,False
2026-03-23 18:31:30+00:00,,,,,,,,0.71,0.71,,0.0,0,False
2026-03-23 18:32:00+00:00,,,,,,,,0.71,0.71,,0.0,0,False
2026-03-23 18:32:30+00:00,,,,,,,,0.71,0.71,,0.0,0,False
2026-03-23 18:33:00+00:00,,,,,,,,0.71,0.71,,0.0,0,False
2026-03-23 18:33:30+00:00,,,,,,,,0.71,0.71,,0.0,0,False
2026-03-23 18:34:00+00:00,,,,,,,,0.71,0.71,,0.0,0,False
2026-03-23 18:34:30+00:00,,,,,,,,0.71,0.71,,0.0,0,False
2026-03-23 18:35:00+00:00,,,,,,,,0.71,0.71,,0.0,0,False
2026-03-23 18:35:30+00:00,,,,,,,,0.71,0.71,,0.0,0,False
2026-03-23 18:36:00+00:00,,,,,,,,0.71,0.71,,0.0,0,False
2026-03-23 18:36:30+00:00,,,,,,,,0.71,0.71,,0.0,0,False
2026-03-23 18:37:00+00:00,,,,,,,,0.71,0.71,,0.0,0,False
2026-03-23 18:37:30+00:00,,,,,,,,0.71,0.71,,0.0,0,False
2026-03-23 18:38:00+00:00,,,,,,,,0.71,0.71,,0.0,0,False
2026-03-23 18:38:30+00:00,,,,,,,,0.71,0.71,,0.0,0,False
2026-03-23 18:39:00+00:00,,,,,,,,0.71,0.71,,0.0,0,False
2026-03-23 18:39:30+00:00,,,,,,,,0.71,0.71,,0.0,0,False
2026-03-23 18:40:00+00:00,,,,,,,,0.71,0.71,,0.0,0,False
2026-03-23 18:40:30+00:00,,,,,,,,0.71,0.71,,0.0,0,False
2026-03-23 18:41:00+00:00,,,,,,,,0.71,0.71,,0.0,0,False
2026-03-23 18:41:30+00:00,,,,,,,,0.71,0.71,,0.0,0,False
2026-03-23 18:42:00+00:00,,,,,,,,0.71,0.71,,0.0,0,False
2026-03-23 18:42:30+00:00,,,,,,,,0.71,0.71,,0.0,0,False
2026-03-23 18:43:00+00:00,,,,,,,,0.71,0.71,,0.0,0,False
2026-03-23 18:43:30+00:00,,,,,,,,0.71,0.71,,0.0,0,False
2026-03-23 18:44:00+00:00,,,,,,,,0.71,0.71,,0.0,0,False
2026-03-23 18:44:30+00:00,,,,,,,,0.71,0.71,,3.0,1,False
2026-03-23 18:45:00+00:00,,,,,,,,0.71,0.71,,0.0,0,False
2026-03-23 18:45:30+00:00,,,,,,,,0.71,0.71,,0.0,0,False
2026-03-23 18:46:00+00:00,,,,,,,,0.71,0.71,,0.0,0,False
2026-03-23 18:46:30+00:00,,,,,,,,0.71,0.71,,0.0,0,False
2026-03-23 18:47:00+00:00,,,,,,,,0.71,0.71,,0.0,0,False
2026-03-23 18:47:30+00:00,,,,,,,,0.71,0.71,,0.0,0,False
2026-03-23 18:48:00+00:00,,,,,,,,0.71,0.71,,0.0,0,False
2026-03-23 18:48:30+00:00,,,,,,,,0.71,0.71,,0.0,0,False
2026-03-23 18:49:00+00:00,,,,,,,,0.71,0.71,,0.0,0,False
2026-03-23 18:49:30+00:00,,,,,,,,0.71,0.71,,0.0,0,False
2026-03-23 18:50:00+00:00,,,,,,,,0.71,0.71,,0.0,0,False
2026-03-23 18:50:30+00:00,,,,,,,,0.73,0.73,,8.0,1,False
2026-03-23 18:51:00+00:00,,,,,,,,0.73,0.73,,0.0,0,False
2026-03-23 18:51:30+00:00,,,,,,,,0.73,0.73,,0.0,0,False
2026-03-23 18:52:00+00:00,,,,,,,,0.73,0.73,,0.0,0,False
2026-03-23 18:52:30+00:00,,,,,,,,0.73,0.73,,0.0,0,False
2026-03-23 18:53:00+00:00,,,,,,,,0.73,0.73,,0.0,0,False
2026-03-23 18:53:30+00:00,,,,,,,,0.72,0.72,,5.0,2,False
2026-03-23 18:54:00+00:00,,,,,,,,0.71,0.71,,16.0,1,False
2026-03-23 18:54:30+00:00,,,,,,,,0.71,0.71,,0.0,0,False
2026-03-23 18:55:00+00:00,,,,,,,,0.71,0.71,,0.0,0,False
2026-03-23 18:55:30+00:00,,,,,,,,0.71,0.71,,0.0,0,False
2026-03-23 18:56:00+00:00,,,,,,,,0.71,0.71,,0.0,0,False
2026-03-23 18:56:30+00:00,,,,,,,,0.71,0.71,,0.0,0,False
2026-03-23 18:57:00+00:00,,,,,,,,0.71,0.71,,0.0,0,False
2026-03-23 18:57:30+00:00,,,,,,,,0.71,0.71,,0.0,0,False
2026-03-23 18:58:00+00:00,,,,,,,,0.71,0.71,,0.0,0,False
2026-03-23 18:58:30+00:00,,,,,,,,0.71,0.71,,0.0,0,False
2026-03-23 18:59:00+00:00,,,,,,,,0.71,0.71,,0.0,0,False
2026-03-23 18:59:30+00:00,,,,,,,,0.71,0.71,,156.0,1,False
2026-03-23 19:00:00+00:00,,,,,,,,0.71,0.71,,0.0,0,False
2026-03-23 19:00:30+00:00,,,,,,,,0.71,0.71,,0.0,0,False
2026-03-23 19:01:00+00:00,,,,,,,,0.71,0.71,,0.0,0,False
2026-03-23 19:01:30+00:00,,,,,,,,0.71,0.71,,0.0,0,False
2026-03-23 19:02:00+00:00,,,,,,,,0.71,0.71,,0.0,0,False
2026-03-23 19:02:30+00:00,,,,,,,,0.71,0.71,,0.0,0,False
2026-03-23 19:03:00+00:00,,,,,,,,0.71,0.71,,0.0,0,False
2026-03-23 19:03:30+00:00,,,,,,,,0.73,0.73,,40.0,1,False
2026-03-23 19:04:00+00:00,,,,,,,,0.73,0.73,,0.0,0,False
2026-03-23 19:04:30+00:00,,,,,,,,0.73,0.73,,0.0,0,False
2026-03-23 19:05:00+00:00,,,,,,,,0.73,0.73,,0.0,0,False
2026-03-23 19:05:30+00:00,,,,,,,,0.73,0.73,,0.0,0,False
2026-03-23 19:06:00+00:00,,,,,,,,0.73,0.73,,0.0,0,False
2026-03-23 19:06:30+00:00,,,,,,,,0.73,0.73,,0.0,0,False
2026-03-23 19:07:00+00:00,,,,,,,,0.73,0.73,,0.0,0,False
2026-03-23 19:07:30+00:00,,,,,,,,0.73,0.73,,0.0,0,False
2026-03-23 19:08:00+00:00,,,,,,,,0.73,0.73,,0.0,0,False
2026-03-23 19:08:30+00:00,,,,,,,,0.73,0.73,,0.0,0,False
2026-03-23 19:09:00+00:00,,,,,,,,0.73,0.73,,0.0,0,False
2026-03-23 19:09:30+00:00,,,,,,,,0.73,0.73,,0.0,0,False
2026-03-23 19:10:00+00:00,,,,,,,,0.73,0.73,,0.0,0,False
2026-03-23 19:10:30+00:00,,,,,,,,0.71,0.71,,64.0,1,False
2026-03-23 19:11:00+00:00,,,,,,,,0.71,0.71,,0.0,0,False
2026-03-23 19:11:30+00:00,,,,,,,,0.71,0.71,,0.0,0,False
2026-03-23 19:12:00+00:00,,,,,,,,0.71,0.71,,0.0,0,False
2026-03-23 19:12:30+00:00,,,,,,,,0.71,0.71,,0.0,0,False
2026-03-23 19:13:00+00:00,,,,,,,,0.71,0.71,,0.0,0,False
2026-03-23 19:13:30+00:00,,,,,,,,0.71,0.71,,0.0,0,False
2026-03-23 19:14:00+00:00,,,,,,,,0.71,0.71,,0.0,0,False
2026-03-23 19:14:30+00:00,,,,,,,,0.71,0.71,,0.0,0,False
2026-03-23 19:15:00+00:00,,,,,,,,0.71,0.71,,0.0,0,False
2026-03-23 19:15:30+00:00,,,,,,,,0.71,0.71,,0.0,0,False
2026-03-23 19:16:00+00:00,,,,,,,,0.71,0.71,,0.0,0,False
2026-03-23 19:16:30+00:00,,,,,,,,0.71,0.71,,0.0,0,False
2026-03-23 19:17:00+00:00,,,,,,,,0.71,0.71,,0.0,0,False
2026-03-23 19:17:30+00:00,,,,,,,,0.71,0.71,,0.0,0,False
2026-03-23 19:18:00+00:00,,,,,,,,0.71,0.71,,0.0,0,False
2026-03-23 19:18:30+00:00,,,,,,,,0.71,0.71,,0.0,0,False
2026-03-23 19:19:00+00:00,,,,,,,,0.71,0.71,,0.0,0,False
2026-03-23 19:19:30+00:00,,,,,,,,0.71,0.71,,0.0,0,False
2026-03-23 19:20:00+00:00,,,,,,,,0.71,0.71,,0.0,0,False
2026-03-23 19:20:30+00:00,,,,,,,,0.71,0.71,,0.0,0,False
2026-03-23 19:21:00+00:00,,,,,,,,0.71,0.71,,0.0,0,False
2026-03-23 19:21:30+00:00,,,,,,,,0.71,0.71,,0.0,0,False
2026-03-23 19:22:00+00:00,,,,,,,,0.71,0.71,,0.0,0,False
2026-03-23 19:22:30+00:00,,,,,,,,0.71,0.71,,0.0,0,False
2026-03-23 19:23:00+00:00,,,,,,,,0.71,0.71,,0.0,0,False
2026-03-23 19:23:30+00:00,,,,,,,,0.71,0.71,,0.0,0,False
2026-03-23 19:24:00+00:00,,,,,,,,0.71,0.71,,0.0,0,False
2026-03-23 19:24:30+00:00,,,,,,,,0.71,0.71,,0.0,0,False
2026-03-23 19:25:00+00:00,,,,,,,,0.71,0.71,,0.0,0,False
2026-03-23 19:25:30+00:00,,,,,,,,0.71,0.71,,0.0,0,False
2026-03-23 19:26:00+00:00,,,,,,,,0.71,0.71,,0.0,0,False
2026-03-23 19:26:30+00:00,,,,,,,,0.71,0.71,,0.0,0,False
2026-03-23 19:27:00+00:00,,,,,,,,0.71,0.71,,0.0,0,False
2026-03-23 19:27:30+00:00,,,,,,,,0.71,0.71,,0.0,0,False
2026-03-23 19:28:00+00:00,,,,,,,,0.71,0.71,,0.0,0,False
2026-03-23 19:28:30+00:00,,,,,,,,0.71,0.71,,0.0,0,False
2026-03-23 19:29:00+00:00,,,,,,,,0.71,0.71,,0.0,0,False
2026-03-23 19:29:30+00:00,,,,,,,,0.71,0.71,,0.0,0,False
2026-03-23 19:30:00+00:00,,,,,,,,0.71,0.71,,0.0,0,False
2026-03-23 19:30:30+00:00,,,,,,,,0.71,0.71,,0.0,0,False
2026-03-23 19:31:00+00:00,,,,,,,,0.71,0.71,,0.0,0,False
2026-03-23 19:31:30+00:00,,,,,,,,0.71,0.71,,0.0,0,False
2026-03-23 19:32:00+00:00,,,,,,,,0.71,0.71,,0.0,0,False
2026-03-23 19:32:30+00:00,,,,,,,,0.71,0.71,,0.0,0,False
2026-03-23 19:33:00+00:00,,,,,,,,0.71,0.71,,0.0,0,False
2026-03-23 19:33:30+00:00,,,,,,,,0.71,0.71,,0.0,0,False
2026-03-23 19:34:00+00:00,,,,,,,,0.71,0.71,,0.0,0,False
2026-03-23 19:34:30+00:00,,,,,,,,0.71,0.71,,0.0,0,False
2026-03-23 19:35:00+00:00,,,,,,,,0.71,0.71,,0.0,0,False
2026-03-23 19:35:30+00:00,,,,,,,,0.71,0.71,,0.0,0,False
2026-03-23 19:36:00+00:00,,,,,,,,0.71,0.71,,0.0,0,False
2026-03-23 19:36:30+00:00,,,,,,,,0.71,0.71,,0.0,0,False
2026-03-23 19:37:00+00:00,,,,,,,,0.71,0.71,,0.0,0,False
2026-03-23 19:37:30+00:00,,,,,,,,0.71,0.71,,32.0,1,False
2026-03-23 19:38:00+00:00,,,,,,,,0.71,0.71,,0.0,0,False
2026-03-23 19:38:30+00:00,,,,,,,,0.71,0.71,,0.0,0,False
2026-03-23 19:39:00+00:00,,,,,,,,0.71,0.71,,0.0,0,False
2026-03-23 19:39:30+00:00,,,,,,,,0.71,0.71,,0.0,0,False
2026-03-23 19:40:00+00:00,,,,,,,,0.71,0.71,,0.0,0,False
2026-03-23 19:40:30+00:00,,,,,,,,0.71,0.71,,0.0,0,False
2026-03-23 19:41:00+00:00,,,,,,,,0.71,0.71,,0.0,0,False
2026-03-23 19:41:30+00:00,,,,,,,,0.71,0.71,,0.0,0,False
2026-03-23 19:42:00+00:00,,,,,,,,0.71,0.71,,0.0,0,False
2026-03-23 19:42:30+00:00,,,,,,,,0.71,0.71,,0.0,0,False
2026-03-23 19:43:00+00:00,,,,,,,,0.71,0.71,,0.0,0,False
2026-03-23 19:43:30+00:00,,,,,,,,0.71,0.71,,0.0,0,False
2026-03-23 19:44:00+00:00,,,,,,,,0.71,0.71,,0.0,0,False
2026-03-23 19:44:30+00:00,,,,,,,,0.71,0.71,,0.0,0,False
2026-03-23 19:45:00+00:00,,,,,,,,0.71,0.71,,0.0,0,False
2026-03-23 19:45:30+00:00,,,,,,,,0.71,0.71,,0.0,0,False
2026-03-23 19:46:00+00:00,,,,,,,,0.71,0.71,,0.0,0,False
2026-03-23 19:46:30+00:00,,,,,,,,0.71,0.71,,0.0,0,False
2026-03-23 19:47:00+00:00,,,,,,,,0.71,0.71,,0.0,0,False
2026-03-23 19:47:30+00:00,,,,,,,,0.71,0.71,,0.0,0,False
2026-03-23 19:48:00+00:00,,,,,,,,0.71,0.71,,0.0,0,False
2026-03-23 19:48:30+00:00,,,,,,,,0.71,0.71,,0.0,0,False
2026-03-23 19:49:00+00:00,,,,,,,,0.71,0.71,,0.0,0,False
2026-03-23 19:49:30+00:00,,,,,,,,0.71,0.71,,0.0,0,False
2026-03-23 19:50:00+00:00,,,,,,,,0.71,0.71,,0.0,0,False
2026-03-23 19:50:30+00:00,,,,,,,,0.71,0.71,,0.0,0,False
2026-03-23 19:51:00+00:00,,,,,,,,0.71,0.71,,7.0,1,False
2026-03-23 19:51:30+00:00,,,,,,,,0.71,0.71,,0.0,0,False
2026-03-23 19:52:00+00:00,,,,,,,,0.71,0.71,,0.0,0,False
2026-03-23 19:52:30+00:00,,,,,,,,0.71,0.71,,0.0,0,False
2026-03-23 19:53:00+00:00,,,,,,,,0.71,0.71,,6.0,1,False
2026-03-23 19:53:30+00:00,,,,,,,,0.71,0.71,,0.0,0,False
2026-03-23 19:54:00+00:00,,,,,,,,0.71,0.71,,0.0,0,False
2026-03-23 19:54:30+00:00,,,,,,,,0.71,0.71,,0.0,0,False
2026-03-23 19:55:00+00:00,,,,,,,,0.71,0.71,,0.0,0,False
2026-03-23 19:55:30+00:00,,,,,,,,0.71,0.71,,0.0,0,False
2026-03-23 19:56:00+00:00,,,,,,,,0.71,0.71,,0.0,0,False
2026-03-23 19:56:30+00:00,,,,,,,,0.71,0.71,,0.0,0,False
2026-03-23 19:57:00+00:00,,,,,,,,0.71,0.71,,0.0,0,False
2026-03-23 19:57:30+00:00,,,,,,,,0.71,0.71,,0.0,0,False
2026-03-23 19:58:00+00:00,,,,,,,,0.71,0.71,,0.0,0,False
2026-03-23 19:58:30+00:00,,,,,,,,0.71,0.71,,0.0,0,False
2026-03-23 19:59:00+00:00,,,,,,,,0.71,0.71,,86.0,1,False
2026-03-23 19:59:30+00:00,,,,,,,,0.71,0.71,,0.0,0,False
2026-03-23 20:00:00+00:00,,,,,,,,0.71,0.71,,0.0,0,False
2026-03-23 20:00:30+00:00,,,,,,,,0.71,0.71,,0.0,0,False
2026-03-23 20:01:00+00:00,,,,,,,,0.71,0.71,,23.0,1,False
2026-03-23 20:01:30+00:00,,,,,,,,0.71,0.71,,0.0,0,False
2026-03-23 20:02:00+00:00,,,,,,,,0.71,0.71,,0.0,0,False
2026-03-23 20:02:30+00:00,,,,,,,,0.71,0.71,,0.0,0,False
2026-03-23 20:03:00+00:00,,,,,,,,0.71,0.71,,0.0,0,False
2026-03-23 20:03:30+00:00,,,,,,,,0.71,0.71,,0.0,0,False
2026-03-23 20:04:00+00:00,,,,,,,,0.71,0.71,,0.0,0,False
2026-03-23 20:04:30+00:00,,,,,,,,0.71,0.71,,0.0,0,False
2026-03-23 20:05:00+00:00,,,,,,,,0.71,0.71,,0.0,0,False
2026-03-23 20:05:30+00:00,,,,,,,,0.71,0.71,,0.0,0,False
2026-03-23 20:06:00+00:00,,,,,,,,0.71,0.71,,0.0,0,False
2026-03-23 20:06:30+00:00,,,,,,,,0.71,0.71,,0.0,0,False
2026-03-23 20:07:00+00:00,,,,,,,,0.71,0.71,,0.0,0,False
2026-03-23 20:07:30+00:00,,,,,,,,0.71,0.71,,0.0,0,False
2026-03-23 20:08:00+00:00,,,,,,,,0.71,0.71,,0.0,0,False
2026-03-23 20:08:30+00:00,,,,,,,,0.71,0.71,,0.0,0,False
2026-03-23 20:09:00+00:00,,,,,,,,0.71,0.71,,0.0,0,False
2026-03-23 20:09:30+00:00,,,,,,,,0.71,0.71,,0.0,0,False
2026-03-23 20:10:00+00:00,,,,,,,,0.71,0.71,,0.0,0,False
2026-03-23 20:10:30+00:00,,,,,,,,0.71,0.71,,0.0,0,False
2026-03-23 20:11:00+00:00,,,,,,,,0.71,0.71,,0.0,0,False
2026-03-23 20:11:30+00:00,,,,,,,,0.71,0.71,,0.0,0,False
2026-03-23 20:12:00+00:00,,,,,,,,0.71,0.71,,0.0,0,False
2026-03-23 20:12:30+00:00,,,,,,,,0.71,0.71,,0.0,0,False
2026-03-23 20:13:00+00:00,,,,,,,,0.71,0.71,,0.0,0,False
2026-03-23 20:13:30+00:00,,,,,,,,0.71,0.71,,0.0,0,False
2026-03-23 20:14:00+00:00,,,,,,,,0.71,0.71,,0.0,0,False
2026-03-23 20:14:30+00:00,,,,,,,,0.71,0.71,,0.0,0,False
2026-03-23 20:15:00+00:00,,,,,,,,0.71,0.71,,0.0,0,False
2026-03-23 20:15:30+00:00,,,,,,,,0.71,0.71,,0.0,0,False
2026-03-23 20:16:00+00:00,,,,,,,,0.71,0.71,,0.0,0,False
2026-03-23 20:16:30+00:00,,,,,,,,0.71,0.71,,0.0,0,False
2026-03-23 20:17:00+00:00,,,,,,,,0.71,0.71,,0.0,0,False
2026-03-23 20:17:30+00:00,,,,,,,,0.71,0.71,,0.0,0,False
2026-03-23 20:18:00+00:00,,,,,,,,0.71,0.71,,0.0,0,False
2026-03-23 20:18:30+00:00,,,,,,,,0.71,0.71,,0.0,0,False
2026-03-23 20:19:00+00:00,,,,,,,,0.71,0.71,,0.0,0,False
2026-03-23 20:19:30+00:00,,,,,,,,0.71,0.71,,0.0,0,False
2026-03-23 20:20:00+00:00,,,,,,,,0.71,0.71,,0.0,0,False
2026-03-23 20:20:30+00:00,,,,,,,,0.71,0.71,,0.0,0,False
2026-03-23 20:21:00+00:00,,,,,,,,0.71,0.71,,0.0,0,False
2026-03-23 20:21:30+00:00,,,,,,,,0.71,0.71,,0.0,0,False
2026-03-23 20:22:00+00:00,,,,,,,,0.71,0.71,,0.0,0,False
2026-03-23 20:22:30+00:00,,,,,,,,0.71,0.71,,0.0,0,False
2026-03-23 20:23:00+00:00,,,,,,,,0.71,0.71,,0.0,0,False
2026-03-23 20:23:30+00:00,,,,,,,,0.71,0.71,,0.0,0,False
2026-03-23 20:24:00+00:00,,,,,,,,0.71,0.71,,0.0,0,False
2026-03-23 20:24:30+00:00,,,,,,,,0.73,0.73,,12.0,1,False
2026-03-23 20:25:00+00:00,,,,,,,,0.73,0.73,,0.0,0,False
2026-03-23 20:25:30+00:00,,,,,,,,0.73,0.73,,0.0,0,False
2026-03-23 20:26:00+00:00,,,,,,,,0.73,0.73,,0.0,0,False
2026-03-23 20:26:30+00:00,,,,,,,,0.73,0.73,,0.0,0,False
2026-03-23 20:27:00+00:00,,,,,,,,0.73,0.73,,0.0,0,False
2026-03-23 20:27:30+00:00,,,,,,,,0.73,0.73,,0.0,0,False
2026-03-23 20:28:00+00:00,,,,,,,,0.73,0.73,,0.0,0,False
2026-03-23 20:28:30+00:00,,,,,,,,0.73,0.73,,0.0,0,False
2026-03-23 20:29:00+00:00,,,,,,,,0.73,0.73,,0.0,0,False
2026-03-23 20:29:30+00:00,,,,,,,,0.73,0.73,,0.0,0,False
2026-03-23 20:30:00+00:00,,,,,,,,0.73,0.73,,0.0,0,False
2026-03-23 20:30:30+00:00,,,,,,,,0.73,0.73,,0.0,0,False
2026-03-23 20:31:00+00:00,,,,,,,,0.71,0.71,,3.0,1,False
2026-03-23 20:31:30+00:00,,,,,,,,0.71,0.71,,0.0,0,False
2026-03-23 20:32:00+00:00,,,,,,,,0.71,0.71,,0.0,0,False
2026-03-23 20:32:30+00:00,,,,,,,,0.71,0.71,,0.0,0,False
2026-03-23 20:33:00+00:00,,,,,,,,0.71,0.71,,0.0,0,False
2026-03-23 20:33:30+00:00,,,,,,,,0.71,0.71,,0.0,0,False
2026-03-23 20:34:00+00:00,,,,,,,,0.71,0.71,,0.0,0,False
2026-03-23 20:34:30+00:00,,,,,,,,0.71,0.71,,0.0,0,False
2026-03-23 20:35:00+00:00,,,,,,,,0.71,0.71,,0.0,0,False
2026-03-23 20:35:30+00:00,,,,,,,,0.71,0.71,,0.0,0,False
2026-03-23 20:36:00+00:00,,,,,,,,0.71,0.71,,0.0,0,False
2026-03-23 20:36:30+00:00,,,,,,,,0.71,0.71,,0.0,0,False
2026-03-23 20:37:00+00:00,,,,,,,,0.71,0.71,,0.0,0,False
2026-03-23 20:37:30+00:00,,,,,,,,0.71,0.71,,0.0,0,False
2026-03-23 20:38:00+00:00,,,,,,,,0.71,0.71,,0.0,0,False
2026-03-23 20:38:30+00:00,,,,,,,,0.71,0.71,,0.0,0,False
2026-03-23 20:39:00+00:00,,,,,,,,0.71,0.71,,0.0,0,False
2026-03-23 20:39:30+00:00,,,,,,,,0.71,0.71,,0.0,0,False
2026-03-23 20:40:00+00:00,,,,,,,,0.71,0.71,,0.0,0,False
2026-03-23 20:40:30+00:00,,,,,,,,0.71,0.71,,0.0,0,False
2026-03-23 20:41:00+00:00,,,,,,,,0.71,0.71,,0.0,0,False
2026-03-23 20:41:30+00:00,,,,,,,,0.71,0.71,,0.0,0,False
2026-03-23 20:42:00+00:00,,,,,,,,0.71,0.71,,0.0,0,False
2026-03-23 20:42:30+00:00,,,,,,,,0.71,0.71,,0.0,0,False
2026-03-23 20:43:00+00:00,,,,,,,,0.71,0.71,,0.0,0,False
2026-03-23 20:43:30+00:00,,,,,,,,0.71,0.71,,0.0,0,False
2026-03-23 20:44:00+00:00,,,,,,,,0.71,0.71,,0.0,0,False
2026-03-23 20:44:30+00:00,,,,,,,,0.71,0.71,,0.0,0,False
2026-03-23 20:45:00+00:00,,,,,,,,0.71,0.71,,0.0,0,False
2026-03-23 20:45:30+00:00,,,,,,,,0.71,0.71,,0.0,0,False
2026-03-23 20:46:00+00:00,,,,,,,,0.71,0.71,,0.0,0,False
2026-03-23 20:46:30+00:00,,,,,,,,0.71,0.71,,0.0,0,False
2026-03-23 20:47:00+00:00,,,,,,,,0.71,0.71,,0.0,0,False
2026-03-23 20:47:30+00:00,,,,,,,,0.72,0.72,,10.0,1,False
2026-03-23 20:48:00+00:00,,,,,,,,0.72,0.72,,0.0,0,False
2026-03-23 20:48:30+00:00,,,,,,,,0.72,0.72,,0.0,0,False
2026-03-23 20:49:00+00:00,,,,,,,,0.72,0.72,,0.0,0,False
2026-03-23 20:49:30+00:00,,,,,,,,0.72,0.72,,0.0,0,False
2026-03-23 20:50:00+00:00,,,,,,,,0.72,0.72,,0.0,0,False
2026-03-23 20:50:30+00:00,,,,,,,,0.72,0.72,,0.0,0,False
2026-03-23 20:51:00+00:00,,,,,,,,0.72,0.72,,0.0,0,False
2026-03-23 20:51:30+00:00,,,,,,,,0.72,0.72,,0.0,0,False
2026-03-23 20:52:00+00:00,,,,,,,,0.72,0.72,,0.0,0,False
2026-03-23 20:52:30+00:00,,,,,,,,0.72,0.72,,0.0,0,False
2026-03-23 20:53:00+00:00,,,,,,,,0.72,0.72,,0.0,0,False
2026-03-23 20:53:30+00:00,,,,,,,,0.72,0.72,,0.0,0,False
2026-03-23 20:54:00+00:00,,,,,,,,0.72,0.72,,0.0,0,False
2026-03-23 20:54:30+00:00,,,,,,,,0.72,0.72,,0.0,0,False
2026-03-23 20:55:00+00:00,,,,,,,,0.72,0.72,,0.0,0,False
2026-03-23 20:55:30+00:00,,,,,,,,0.72,0.72,,0.0,0,False
2026-03-23 20:56:00+00:00,,,,,,,,0.72,0.72,,0.0,0,False
2026-03-23 20:56:30+00:00,,,,,,,,0.72,0.72,,0.0,0,False
2026-03-23 20:57:00+00:00,,,,,,,,0.72,0.72,,0.0,0,False
2026-03-23 20:57:30+00:00,,,,,,,,0.72,0.72,,0.0,0,False
2026-03-23 20:58:00+00:00,,,,,,,,0.72,0.72,,0.0,0,False
2026-03-23 20:58:30+00:00,,,,,,,,0.72,0.72,,0.0,0,False
2026-03-23 20:59:00+00:00,,,,,,,,0.73,0.73,,1.0,1,False
2026-03-23 20:59:30+00:00,,,,,,,,0.73,0.73,,0.0,0,False
2026-03-23 21:00:00+00:00,,,,,,,,0.73,0.73,,0.0,0,False
2026-03-23 21:00:30+00:00,,,,,,,,0.72,0.72,,31.0,1,False
2026-03-23 21:01:00+00:00,,,,,,,,0.72,0.72,,0.0,0,False
2026-03-23 21:01:30+00:00,,,,,,,,0.7400000000000001,0.74,,88.0,1,False
2026-03-23 21:02:00+00:00,,,,,,,,0.7400000000000001,0.74,,0.0,0,False
2026-03-23 21:02:30+00:00,,,,,,,,0.7400000000000001,0.74,,0.0,0,False
2026-03-23 21:03:00+00:00,,,,,,,,0.7400000000000001,0.74,,0.0,0,False
2026-03-23 21:03:30+00:00,,,,,,,,0.7400000000000001,0.74,,0.0,0,False
2026-03-23 21:04:00+00:00,,,,,,,,0.7400000000000001,0.74,,0.0,0,False
2026-03-23 21:04:30+00:00,,,,,,,,0.7400000000000001,0.74,,0.0,0,False
2026-03-23 21:05:00+00:00,,,,,,,,0.7400000000000001,0.74,,0.0,0,False
2026-03-23 21:05:30+00:00,,,,,,,,0.7400000000000001,0.74,,0.0,0,False
2026-03-23 21:06:00+00:00,,,,,,,,0.7400000000000001,0.74,,0.0,0,False
2026-03-23 21:06:30+00:00,,,,,,,,0.7400000000000001,0.74,,0.0,0,False
2026-03-23 21:07:00+00:00,,,,,,,,0.7400000000000001,0.74,,0.0,0,False
2026-03-23 21:07:30+00:00,,,,,,,,0.7400000000000001,0.74,,0.0,0,False
2026-03-23 21:08:00+00:00,,,,,,,,0.7400000000000001,0.74,,0.0,0,False
2026-03-23 21:08:30+00:00,,,,,,,,0.7400000000000001,0.74,,0.0,0,False
2026-03-23 21:09:00+00:00,,,,,,,,0.7400000000000001,0.74,,0.0,0,False
2026-03-23 21:09:30+00:00,,,,,,,,0.7400000000000001,0.74,,0.0,0,False
2026-03-23 21:10:00+00:00,,,,,,,,0.7400000000000001,0.74,,0.0,0,False
2026-03-23 21:10:30+00:00,,,,,,,,0.7400000000000001,0.74,,0.0,0,False
2026-03-23 21:11:00+00:00,,,,,,,,0.7400000000000001,0.74,,0.0,0,False
2026-03-23 21:11:30+00:00,,,,,,,,0.7400000000000001,0.74,,0.0,0,False
2026-03-23 21:12:00+00:00,,,,,,,,0.7400000000000001,0.74,,0.0,0,False
2026-03-23 21:12:30+00:00,,,,,,,,0.7400000000000001,0.74,,0.0,0,False
2026-03-23 21:13:00+00:00,,,,,,,,0.7400000000000001,0.74,,0.0,0,False
2026-03-23 21:13:30+00:00,,,,,,,,0.7400000000000001,0.74,,0.0,0,False
2026-03-23 21:14:00+00:00,,,,,,,,0.7400000000000001,0.74,,0.0,0,False
2026-03-23 21:14:30+00:00,,,,,,,,0.7400000000000001,0.74,,0.0,0,False
2026-03-23 21:15:00+00:00,,,,,,,,0.7400000000000001,0.74,,0.0,0,False
2026-03-23 21:15:30+00:00,,,,,,,,0.7400000000000001,0.74,,0.0,0,False
2026-03-23 21:16:00+00:00,,,,,,,,0.7400000000000001,0.74,,0.0,0,False
2026-03-23 21:16:30+00:00,,,,,,,,0.7400000000000001,0.74,,0.0,0,False
2026-03-23 21:17:00+00:00,,,,,,,,0.72,0.72,,1.0,1,False
2026-03-23 21:17:30+00:00,,,,,,,,0.72,0.72,,0.0,0,False
2026-03-23 21:18:00+00:00,,,,,,,,0.72,0.72,,0.0,0,False
2026-03-23 21:18:30+00:00,,,,,,,,0.72,0.72,,0.0,0,False
2026-03-23 21:19:00+00:00,,,,,,,,0.72,0.72,,0.0,0,False
2026-03-23 21:19:30+00:00,,,,,,,,0.72,0.72,,0.0,0,False
2026-03-23 21:20:00+00:00,,,,,,,,0.72,0.72,,0.0,0,False
2026-03-23 21:20:30+00:00,,,,,,,,0.7200000000000001,0.72,,6.0,1,False
2026-03-23 21:21:00+00:00,,,,,,,,0.7200000000000001,0.72,,0.0,0,False
2026-03-23 21:21:30+00:00,,,,,,,,0.7200000000000001,0.72,,0.0,0,False
2026-03-23 21:22:00+00:00,,,,,,,,0.7200000000000001,0.72,,0.0,0,False
2026-03-23 21:22:30+00:00,,,,,,,,0.7200000000000001,0.72,,0.0,0,False
2026-03-23 21:23:00+00:00,,,,,,,,0.7200000000000001,0.72,,0.0,0,False
2026-03-23 21:23:30+00:00,,,,,,,,0.7200000000000001,0.72,,0.0,0,False
2026-03-23 21:24:00+00:00,,,,,,,,0.7200000000000001,0.72,,0.0,0,False
2026-03-23 21:24:30+00:00,,,,,,,,0.7200000000000001,0.72,,0.0,0,False
2026-03-23 21:25:00+00:00,,,,,,,,0.7200000000000001,0.72,,0.0,0,False
2026-03-23 21:25:30+00:00,,,,,,,,0.7200000000000001,0.72,,0.0,0,False
2026-03-23 21:26:00+00:00,,,,,,,,0.7200000000000001,0.72,,0.0,0,False
2026-03-23 21:26:30+00:00,,,,,,,,0.7200000000000001,0.72,,0.0,0,False
2026-03-23 21:27:00+00:00,,,,,,,,0.7200000000000001,0.72,,6.0,1,False
2026-03-23 21:27:30+00:00,,,,,,,,0.7200000000000001,0.72,,0.0,0,False
2026-03-23 21:28:00+00:00,,,,,,,,0.7200000000000001,0.72,,0.0,0,False
2026-03-23 21:28:30+00:00,,,,,,,,0.7200000000000001,0.72,,0.0,0,False
2026-03-23 21:29:00+00:00,,,,,,,,0.7200000000000001,0.72,,0.0,0,False
2026-03-23 21:29:30+00:00,,,,,,,,0.7200000000000001,0.72,,0.0,0,False
2026-03-23 21:30:00+00:00,,,,,,,,0.7200000000000001,0.72,,0.0,0,False
2026-03-23 21:30:30+00:00,,,,,,,,0.7200000000000001,0.72,,0.0,0,False
2026-03-23 21:31:00+00:00,,,,,,,,0.7200000000000001,0.72,,0.0,0,False
2026-03-23 21:31:30+00:00,,,,,,,,0.7200000000000001,0.72,,0.0,0,False
2026-03-23 21:32:00+00:00,,,,,,,,0.7200000000000001,0.72,,0.0,0,False
2026-03-23 21:32:30+00:00,,,,,,,,0.7200000000000001,0.72,,0.0,0,False
2026-03-23 21:33:00+00:00,,,,,,,,0.7200000000000001,0.72,,0.0,0,False
2026-03-23 21:33:30+00:00,,,,,,,,0.7200000000000001,0.72,,0.0,0,False
2026-03-23 21:34:00+00:00,,,,,,,,0.7200000000000001,0.72,,0.0,0,False
2026-03-23 21:34:30+00:00,,,,,,,,0.7200000000000001,0.72,,0.0,0,False
2026-03-23 21:35:00+00:00,,,,,,,,0.7200000000000001,0.72,,0.0,0,False
2026-03-23 21:35:30+00:00,,,,,,,,0.7200000000000001,0.72,,0.0,0,False
2026-03-23 21:36:00+00:00,,,,,,,,0.7200000000000001,0.72,,0.0,0,False
2026-03-23 21:36:30+00:00,,,,,,,,0.7200000000000001,0.72,,0.0,0,False
2026-03-23 21:37:00+00:00,,,,,,,,0.7200000000000001,0.72,,0.0,0,False
2026-03-23 21:37:30+00:00,,,,,,,,0.7200000000000001,0.72,,0.0,0,False
2026-03-23 21:38:00+00:00,,,,,,,,0.7200000000000001,0.72,,0.0,0,False
2026-03-23 21:38:30+00:00,,,,,,,,0.7200000000000001,0.72,,0.0,0,False
2026-03-23 21:39:00+00:00,,,,,,,,0.7200000000000001,0.72,,0.0,0,False
2026-03-23 21:39:30+00:00,,,,,,,,0.7200000000000001,0.72,,0.0,0,False
2026-03-23 21:40:00+00:00,,,,,,,,0.72,0.72,,112.0,1,False
2026-03-23 21:40:30+00:00,,,,,,,,0.72,0.72,,0.0,0,False
2026-03-23 21:41:00+00:00,,,,,,,,0.72,0.72,,0.0,0,False
2026-03-23 21:41:30+00:00,,,,,,,,0.72,0.72,,0.0,0,False
2026-03-23 21:42:00+00:00,,,,,,,,0.72,0.72,,0.0,0,False
2026-03-23 21:42:30+00:00,,,,,,,,0.72,0.72,,0.0,0,False
2026-03-23 21:43:00+00:00,,,,,,,,0.72,0.72,,0.0,0,False
2026-03-23 21:43:30+00:00,,,,,,,,0.74,0.74,,94.0,1,False
2026-03-23 21:44:00+00:00,,,,,,,,0.74,0.74,,0.0,0,False
2026-03-23 21:44:30+00:00,,,,,,,,0.74,0.74,,0.0,0,False
2026-03-23 21:45:00+00:00,,,,,,,,0.74,0.74,,0.0,0,False
2026-03-23 21:45:30+00:00,,,,,,,,0.74,0.74,,0.0,0,False
2026-03-23 21:46:00+00:00,,,,,,,,0.74,0.74,,0.0,0,False
2026-03-23 21:46:30+00:00,,,,,,,,0.74,0.74,,0.0,0,False
2026-03-23 21:47:00+00:00,,,,,,,,0.74,0.74,,0.0,0,False
2026-03-23 21:47:30+00:00,,,,,,,,0.74,0.74,,0.0,0,False
2026-03-23 21:48:00+00:00,,,,,,,,0.7300000000000001,0.73,,94.0,1,False
2026-03-23 21:48:30+00:00,,,,,,,,0.7300000000000001,0.73,,0.0,0,False
2026-03-23 21:49:00+00:00,,,,,,,,0.7300000000000001,0.73,,0.0,0,False
2026-03-23 21:49:30+00:00,,,,,,,,0.7300000000000001,0.73,,0.0,0,False
2026-03-23 21:50:00+00:00,,,,,,,,0.7300000000000001,0.73,,0.0,0,False
2026-03-23 21:50:30+00:00,,,,,,,,0.7300000000000001,0.73,,0.0,0,False
2026-03-23 21:51:00+00:00,,,,,,,,0.7300000000000001,0.73,,0.0,0,False
2026-03-23 21:51:30+00:00,,,,,,,,0.7300000000000001,0.73,,0.0,0,False
2026-03-23 21:52:00+00:00,,,,,,,,0.7300000000000001,0.73,,0.0,0,False
2026-03-23 21:52:30+00:00,,,,,,,,0.7300000000000001,0.73,,0.0,0,False
2026-03-23 21:53:00+00:00,,,,,,,,0.72,0.72,,16.0,1,False
2026-03-23 21:53:30+00:00,,,,,,,,0.72,0.72,,0.0,0,False
2026-03-23 21:54:00+00:00,,,,,,,,0.72,0.72,,0.0,0,False
2026-03-23 21:54:30+00:00,,,,,,,,0.72,0.72,,0.0,0,False
2026-03-23 21:55:00+00:00,,,,,,,,0.72,0.72,,0.0,0,False
2026-03-23 21:55:30+00:00,,,,,,,,0.72,0.72,,0.0,0,False
2026-03-23 21:56:00+00:00,,,,,,,,0.72,0.72,,0.0,0,False
2026-03-23 21:56:30+00:00,,,,,,,,0.72,0.72,,0.0,0,False
2026-03-23 21:57:00+00:00,,,,,,,,0.72,0.72,,0.0,0,False
2026-03-23 21:57:30+00:00,,,,,,,,0.72,0.72,,0.0,0,False
2026-03-23 21:58:00+00:00,,,,,,,,0.72,0.72,,0.0,0,False
2026-03-23 21:58:30+00:00,,,,,,,,0.72,0.72,,0.0,0,False
2026-03-23 21:59:00+00:00,,,,,,,,0.72,0.72,,0.0,0,False
2026-03-23 21:59:30+00:00,,,,,,,,0.72,0.72,,0.0,0,False
2026-03-23 22:00:00+00:00,,,,,,,,0.72,0.72,,0.0,0,False
2026-03-23 22:00:30+00:00,,,,,,,,0.72,0.72,,0.0,0,False
2026-03-23 22:01:00+00:00,,,,,,,,0.72,0.72,,0.0,0,False
2026-03-23 22:01:30+00:00,,,,,,,,0.72,0.72,,0.0,0,False
2026-03-23 22:02:00+00:00,,,,,,,,0.72,0.72,,0.0,0,False
2026-03-23 22:02:30+00:00,,,,,,,,0.72,0.72,,0.0,0,False
2026-03-23 22:03:00+00:00,,,,,,,,0.72,0.72,,0.0,0,False
2026-03-23 22:03:30+00:00,,,,,,,,0.72,0.72,,0.0,0,False
2026-03-23 22:04:00+00:00,,,,,,,,0.72,0.72,,0.0,0,False
2026-03-23 22:04:30+00:00,,,,,,,,0.72,0.72,,0.0,0,False
2026-03-23 22:05:00+00:00,,,,,,,,0.72,0.72,,0.0,0,False
2026-03-23 22:05:30+00:00,,,,,,,,0.72,0.72,,0.0,0,False
2026-03-23 22:06:00+00:00,,,,,,,,0.72,0.72,,0.0,0,False
2026-03-23 22:06:30+00:00,,,,,,,,0.72,0.72,,0.0,0,False
2026-03-23 22:07:00+00:00,,,,,,,,0.72,0.72,,0.0,0,False
2026-03-23 22:07:30+00:00,,,,,,,,0.72,0.72,,0.0,0,False
2026-03-23 22:08:00+00:00,,,,,,,,0.72,0.72,,0.0,0,False
2026-03-23 22:08:30+00:00,,,,,,,,0.72,0.72,,0.0,0,False
2026-03-23 22:09:00+00:00,,,,,,,,0.72,0.72,,0.0,0,False
2026-03-23 22:09:30+00:00,,,,,,,,0.72,0.72,,0.0,0,False
2026-03-23 22:10:00+00:00,,,,,,,,0.72,0.72,,0.0,0,False
2026-03-23 22:10:30+00:00,,,,,,,,0.74,0.74,,5.0,1,False
2026-03-23 22:11:00+00:00,,,,,,,,0.74,0.74,,0.0,0,False
2026-03-23 22:11:30+00:00,,,,,,,,0.74,0.74,,0.0,0,False
2026-03-23 22:12:00+00:00,,,,,,,,0.74,0.74,,0.0,0,False
2026-03-23 22:12:30+00:00,,,,,,,,0.74,0.74,,0.0,0,False
2026-03-23 22:13:00+00:00,,,,,,,,0.74,0.74,,0.0,0,False
2026-03-23 22:13:30+00:00,,,,,,,,0.74,0.74,,0.0,0,False
2026-03-23 22:14:00+00:00,,,,,,,,0.74,0.74,,0.0,0,False
2026-03-23 22:14:30+00:00,,,,,,,,0.74,0.74,,0.0,0,False
2026-03-23 22:15:00+00:00,,,,,,,,0.74,0.74,,0.0,0,False
2026-03-23 22:15:30+00:00,,,,,,,,0.74,0.74,,0.0,0,False
2026-03-23 22:16:00+00:00,,,,,,,,0.74,0.74,,0.0,0,False
2026-03-23 22:16:30+00:00,,,,,,,,0.74,0.74,,0.0,0,False
2026-03-23 22:17:00+00:00,,,,,,,,0.74,0.74,,0.0,0,False
2026-03-23 22:17:30+00:00,,,,,,,,0.74,0.74,,0.0,0,False
2026-03-23 22:18:00+00:00,,,,,,,,0.74,0.74,,0.0,0,False
2026-03-23 22:18:30+00:00,,,,,,,,0.74,0.74,,0.0,0,False
2026-03-23 22:19:00+00:00,,,,,,,,0.74,0.74,,0.0,0,False
2026-03-23 22:19:30+00:00,,,,,,,,0.74,0.74,,0.0,0,False
2026-03-23 22:20:00+00:00,,,,,,,,0.74,0.74,,0.0,0,False
2026-03-23 22:20:30+00:00,,,,,,,,0.74,0.74,,0.0,0,False
2026-03-23 22:21:00+00:00,,,,,,,,0.74,0.74,,0.0,0,False
2026-03-23 22:21:30+00:00,,,,,,,,0.74,0.74,,0.0,0,False
2026-03-23 22:22:00+00:00,,,,,,,,0.74,0.74,,0.0,0,False
2026-03-23 22:22:30+00:00,,,,,,,,0.74,0.74,,0.0,0,False
2026-03-23 22:23:00+00:00,,,,,,,,0.74,0.74,,0.0,0,False
2026-03-23 22:23:30+00:00,,,,,,,,0.74,0.74,,0.0,0,False
2026-03-23 22:24:00+00:00,,,,,,,,0.7399999999999999,0.74,,242.0,1,False
2026-03-23 22:24:30+00:00,,,,,,,,0.7399999999999999,0.74,,0.0,0,False
2026-03-23 22:25:00+00:00,,,,,,,,0.7399999999999999,0.74,,0.0,0,False
2026-03-23 22:25:30+00:00,,,,,,,,0.7399999999999999,0.74,,0.0,0,False
2026-03-23 22:26:00+00:00,,,,,,,,0.7399999999999999,0.74,,0.0,0,False
2026-03-23 22:26:30+00:00,,,,,,,,0.7399999999999999,0.74,,0.0,0,False
2026-03-23 22:27:00+00:00,,,,,,,,0.7399999999999999,0.74,,0.0,0,False
2026-03-23 22:27:30+00:00,,,,,,,,0.7399999999999999,0.74,,0.0,0,False
2026-03-23 22:28:00+00:00,,,,,,,,0.7399999999999999,0.74,,0.0,0,False
2026-03-23 22:28:30+00:00,,,,,,,,0.73,0.73,,1.0,1,False
2026-03-23 22:29:00+00:00,,,,,,,,0.73,0.73,,0.0,0,False
2026-03-23 22:29:30+00:00,,,,,,,,0.73,0.73,,0.0,0,False
2026-03-23 22:30:00+00:00,,,,,,,,0.73,0.73,,0.0,0,False
2026-03-23 22:30:30+00:00,,,,,,,,0.73,0.73,,0.0,0,False
2026-03-23 22:31:00+00:00,,,,,,,,0.73,0.73,,0.0,0,False
2026-03-23 22:31:30+00:00,,,,,,,,0.72,0.72,,17.0,1,False
2026-03-23 22:32:00+00:00,,,,,,,,0.74,0.74,,32.0,1,False
2026-03-23 22:32:30+00:00,,,,,,,,0.7219047619047619,0.72,,21.0,2,False
2026-03-23 22:33:00+00:00,,,,,,,,0.7219047619047619,0.72,,0.0,0,False
2026-03-23 22:33:30+00:00,,,,,,,,0.7219047619047619,0.72,,0.0,0,False
2026-03-23 22:34:00+00:00,,,,,,,,0.7219047619047619,0.72,,0.0,0,False
2026-03-23 22:34:30+00:00,,,,,,,,0.7219047619047619,0.72,,0.0,0,False
2026-03-23 22:35:00+00:00,,,,,,,,0.7219047619047619,0.72,,0.0,0,False
2026-03-23 22:35:30+00:00,,,,,,,,0.7219047619047619,0.72,,0.0,0,False
2026-03-23 22:36:00+00:00,,,,,,,,0.74,0.74,,65.0,1,False
2026-03-23 22:36:30+00:00,,,,,,,,0.74,0.74,,0.0,0,False
2026-03-23 22:37:00+00:00,,,,,,,,0.74,0.74,,0.0,0,False
2026-03-23 22:37:30+00:00,,,,,,,,0.74,0.74,,0.0,0,False
2026-03-23 22:38:00+00:00,,,,,,,,0.74,0.74,,17.0,1,False
2026-03-23 22:38:30+00:00,,,,,,,,0.74,0.74,,0.0,0,False
2026-03-23 22:39:00+00:00,,,,,,,,0.74,0.74,,0.0,0,False
2026-03-23 22:39:30+00:00,,,,,,,,0.74,0.74,,0.0,0,False
2026-03-23 22:40:00+00:00,,,,,,,,0.74,0.74,,0.0,0,False
2026-03-23 22:40:30+00:00,,,,,,,,0.74,0.74,,0.0,0,False
2026-03-23 22:41:00+00:00,,,,,,,,0.74,0.74,,0.0,0,False
2026-03-23 22:41:30+00:00,,,,,,,,0.74,0.74,,0.0,0,False
2026-03-23 22:42:00+00:00,,,,,,,,0.74,0.74,,0.0,0,False
2026-03-23 22:42:30+00:00,,,,,,,,0.74,0.74,,0.0,0,False
2026-03-23 22:43:00+00:00,,,,,,,,0.74,0.74,,0.0,0,False
2026-03-23 22:43:30+00:00,,,,,,,,0.74,0.74,,0.0,0,False
2026-03-23 22:44:00+00:00,,,,,,,,0.74,0.74,,0.0,0,False
2026-03-23 22:44:30+00:00,,,,,,,,0.74,0.74,,0.0,0,False
2026-03-23 22:45:00+00:00,,,,,,,,0.74,0.74,,0.0,0,False
2026-03-23 22:45:30+00:00,,,,,,,,0.74,0.74,,0.0,0,False
2026-03-23 22:46:00+00:00,,,,,,,,0.74,0.74,,0.0,0,False
2026-03-23 22:46:30+00:00,,,,,,,,0.74,0.74,,0.0,0,False
2026-03-23 22:47:00+00:00,,,,,,,,0.74,0.74,,0.0,0,False
2026-03-23 22:47:30+00:00,,,,,,,,0.74,0.74,,0.0,0,False
2026-03-23 22:48:00+00:00,,,,,,,,0.74,0.74,,0.0,0,False
2026-03-23 22:48:30+00:00,,,,,,,,0.74,0.74,,0.0,0,False
2026-03-23 22:49:00+00:00,,,,,,,,0.74,0.74,,0.0,0,False
2026-03-23 22:49:30+00:00,,,,,,,,0.72,0.72,,242.0,1,False
2026-03-23 22:50:00+00:00,,,,,,,,0.72,0.72,,0.0,0,False
2026-03-23 22:50:30+00:00,,,,,,,,0.72,0.72,,0.0,0,False
2026-03-23 22:51:00+00:00,,,,,,,,0.72,0.72,,0.0,0,False
2026-03-23 22:51:30+00:00,,,,,,,,0.72,0.72,,0.0,0,False
2026-03-23 22:52:00+00:00,,,,,,,,0.72,0.72,,0.0,0,False
2026-03-23 22:52:30+00:00,,,,,,,,0.72,0.72,,0.0,0,False
2026-03-23 22:53:00+00:00,,,,,,,,0.72,0.72,,0.0,0,False
2026-03-23 22:53:30+00:00,,,,,,,,0.72,0.72,,0.0,0,False
2026-03-23 22:54:00+00:00,,,,,,,,0.72,0.72,,0.0,0,False
2026-03-23 22:54:30+00:00,,,,,,,,0.72,0.72,,0.0,0,False
2026-03-23 22:55:00+00:00,,,,,,,,0.72,0.72,,0.0,0,False
2026-03-23 22:55:30+00:00,,,,,,,,0.72,0.72,,0.0,0,False
2026-03-23 22:56:00+00:00,,,,,,,,0.72,0.72,,0.0,0,False
2026-03-23 22:56:30+00:00,,,,,,,,0.72,0.72,,0.0,0,False
2026-03-23 22:57:00+00:00,,,,,,,,0.72,0.72,,0.0,0,False
2026-03-23 22:57:30+00:00,,,,,,,,0.7200000000000001,0.72,,6.0,1,False
2026-03-23 22:58:00+00:00,,,,,,,,0.7200000000000001,0.72,,0.0,0,False
2026-03-23 22:58:30+00:00,,,,,,,,0.7200000000000001,0.72,,0.0,0,False
2026-03-23 22:59:00+00:00,,,,,,,,0.7200000000000001,0.72,,0.0,0,False
2026-03-23 22:59:30+00:00,,,,,,,,0.7200000000000001,0.72,,0.0,0,False
2026-03-23 23:00:00+00:00,,,,,,,,0.7200000000000001,0.72,,0.0,0,False
2026-03-23 23:00:30+00:00,,,,,,,,0.7200000000000001,0.72,,0.0,0,False
2026-03-23 23:01:00+00:00,,,,,,,,0.7200000000000001,0.72,,0.0,0,False
2026-03-23 23:01:30+00:00,,,,,,,,0.7200000000000001,0.72,,0.0,0,False
2026-03-23 23:02:00+00:00,,,,,,,,0.72,0.72,,340.0,1,False
2026-03-23 23:02:30+00:00,,,,,,,,0.72,0.72,,0.0,0,False
2026-03-23 23:03:00+00:00,,,,,,,,0.72,0.72,,0.0,0,False
2026-03-23 23:03:30+00:00,,,,,,,,0.72,0.72,,0.0,0,False
2026-03-23 23:04:00+00:00,,,,,,,,0.72,0.72,,0.0,0,False
2026-03-23 23:04:30+00:00,,,,,,,,0.72,0.72,,0.0,0,False
2026-03-23 23:05:00+00:00,,,,,,,,0.72,0.72,,0.0,0,False
2026-03-23 23:05:30+00:00,,,,,,,,0.72,0.72,,0.0,0,False
2026-03-23 23:06:00+00:00,,,,,,,,0.72,0.72,,0.0,0,False
2026-03-23 23:06:30+00:00,,,,,,,,0.72,0.72,,0.0,0,False
2026-03-23 23:07:00+00:00,,,,,,,,0.72,0.72,,0.0,0,False
2026-03-23 23:07:30+00:00,,,,,,,,0.72,0.72,,0.0,0,False
2026-03-23 23:08:00+00:00,,,,,,,,0.72,0.72,,0.0,0,False
2026-03-23 23:08:30+00:00,,,,,,,,0.72,0.72,,0.0,0,False
2026-03-23 23:09:00+00:00,,,,,,,,0.72,0.72,,0.0,0,False
2026-03-23 23:09:30+00:00,,,,,,,,0.72,0.72,,0.0,0,False
2026-03-23 23:10:00+00:00,,,,,,,,0.7200000000000001,0.72,,3.0,1,False
2026-03-23 23:10:30+00:00,,,,,,,,0.7200000000000001,0.72,,0.0,0,False
2026-03-23 23:11:00+00:00,,,,,,,,0.7200000000000001,0.72,,0.0,0,False
2026-03-23 23:11:30+00:00,,,,,,,,0.7200000000000001,0.72,,0.0,0,False
2026-03-23 23:12:00+00:00,,,,,,,,0.7200000000000001,0.72,,0.0,0,False
2026-03-23 23:12:30+00:00,,,,,,,,0.7200000000000001,0.72,,0.0,0,False
2026-03-23 23:13:00+00:00,,,,,,,,0.7200000000000001,0.72,,0.0,0,False
2026-03-23 23:13:30+00:00,,,,,,,,0.7200000000000001,0.72,,0.0,0,False
2026-03-23 23:14:00+00:00,,,,,,,,0.7200000000000001,0.72,,0.0,0,False
2026-03-23 23:14:30+00:00,,,,,,,,0.7200000000000001,0.72,,0.0,0,False
2026-03-23 23:15:00+00:00,,,,,,,,0.7200000000000001,0.72,,0.0,0,False
2026-03-23 23:15:30+00:00,,,,,,,,0.7200000000000001,0.72,,0.0,0,False
2026-03-23 23:16:00+00:00,,,,,,,,0.7200000000000001,0.72,,0.0,0,False
2026-03-23 23:16:30+00:00,,,,,,,,0.7200000000000001,0.72,,0.0,0,False
2026-03-23 23:17:00+00:00,,,,,,,,0.7200000000000001,0.72,,0.0,0,False
2026-03-23 23:17:30+00:00,,,,,,,,0.7200000000000001,0.72,,0.0,0,False
2026-03-23 23:18:00+00:00,,,,,,,,0.7200000000000001,0.72,,0.0,0,False
2026-03-23 23:18:30+00:00,,,,,,,,0.7200000000000001,0.72,,6.0,1,False
2026-03-23 23:19:00+00:00,,,,,,,,0.7200000000000001,0.72,,0.0,0,False
2026-03-23 23:19:30+00:00,,,,,,,,0.7200000000000001,0.72,,0.0,0,False
2026-03-23 23:20:00+00:00,,,,,,,,0.7200000000000001,0.72,,0.0,0,False
2026-03-23 23:20:30+00:00,,,,,,,,0.7200000000000001,0.72,,0.0,0,False
2026-03-23 23:21:00+00:00,,,,,,,,0.7200000000000001,0.72,,0.0,0,False
2026-03-23 23:21:30+00:00,,,,,,,,0.7200000000000001,0.72,,0.0,0,False
2026-03-23 23:22:00+00:00,,,,,,,,0.7200000000000001,0.72,,0.0,0,False
2026-03-23 23:22:30+00:00,,,,,,,,0.73,0.73,,16.0,1,False
2026-03-23 23:23:00+00:00,,,,,,,,0.73,0.73,,0.0,0,False
2026-03-23 23:23:30+00:00,,,,,,,,0.73,0.73,,0.0,0,False
2026-03-23 23:24:00+00:00,,,,,,,,0.73,0.73,,0.0,0,False
2026-03-23 23:24:30+00:00,,,,,,,,0.73,0.73,,0.0,0,False
2026-03-23 23:25:00+00:00,,,,,,,,0.73,0.73,,0.0,0,False
2026-03-23 23:25:30+00:00,,,,,,,,0.73,0.73,,0.0,0,False
2026-03-23 23:26:00+00:00,,,,,,,,0.73,0.73,,0.0,0,False
2026-03-23 23:26:30+00:00,,,,,,,,0.73,0.73,,0.0,0,False
2026-03-23 23:27:00+00:00,,,,,,,,0.73,0.73,,0.0,0,False
2026-03-23 23:27:30+00:00,,,,,,,,0.73,0.73,,0.0,0,False
2026-03-23 23:28:00+00:00,,,,,,,,0.73,0.73,,0.0,0,False
2026-03-23 23:28:30+00:00,,,,,,,,0.73,0.73,,0.0,0,False
2026-03-23 23:29:00+00:00,,,,,,,,0.73,0.73,,0.0,0,False
2026-03-23 23:29:30+00:00,,,,,,,,0.73,0.73,,0.0,0,False
2026-03-23 23:30:00+00:00,,,,,,,,0.73,0.73,,0.0,0,False
2026-03-23 23:30:30+00:00,,,,,,,,0.73,0.73,,0.0,0,False
2026-03-23 23:31:00+00:00,,,,,,,,0.73,0.73,,0.0,0,False
2026-03-23 23:31:30+00:00,,,,,,,,0.73,0.73,,0.0,0,False
2026-03-23 23:32:00+00:00,,,,,,,,0.73,0.73,,0.0,0,False
2026-03-23 23:32:30+00:00,,,,,,,,0.73,0.73,,0.0,0,False
2026-03-23 23:33:00+00:00,,,,,,,,0.73,0.73,,0.0,0,False
2026-03-23 23:33:30+00:00,,,,,,,,0.73,0.73,,0.0,0,False
2026-03-23 23:34:00+00:00,,,,,,,,0.73,0.73,,0.0,0,False
2026-03-23 23:34:30+00:00,,,,,,,,0.73,0.73,,0.0,0,False
2026-03-23 23:35:00+00:00,,,,,,,,0.73,0.73,,0.0,0,False
2026-03-23 23:35:30+00:00,,,,,,,,0.73,0.73,,0.0,0,False
2026-03-23 23:36:00+00:00,,,,,,,,0.73,0.73,,0.0,0,False
2026-03-23 23:36:30+00:00,,,,,,,,0.73,0.73,,0.0,0,False
2026-03-23 23:37:00+00:00,,,,,,,,0.73,0.73,,0.0,0,False
2026-03-23 23:37:30+00:00,,,,,,,,0.73,0.73,,0.0,0,False
2026-03-23 23:38:00+00:00,,,,,,,,0.73,0.73,,0.0,0,False
2026-03-23 23:38:30+00:00,,,,,,,,0.73,0.73,,0.0,0,False
2026-03-23 23:39:00+00:00,,,,,,,,0.73,0.73,,0.0,0,False
2026-03-23 23:39:30+00:00,,,,,,,,0.73,0.73,,0.0,0,False
2026-03-23 23:40:00+00:00,,,,,,,,0.73,0.73,,0.0,0,False
2026-03-23 23:40:30+00:00,,,,,,,,0.72,0.72,,66.0,1,False
2026-03-23 23:41:00+00:00,,,,,,,,0.72,0.72,,0.0,0,False
2026-03-23 23:41:30+00:00,,,,,,,,0.72,0.72,,0.0,0,False
2026-03-23 23:42:00+00:00,,,,,,,,0.72,0.72,,0.0,0,False
2026-03-23 23:42:30+00:00,,,,,,,,0.72,0.72,,0.0,0,False
2026-03-23 23:43:00+00:00,,,,,,,,0.72,0.72,,0.0,0,False
2026-03-23 23:43:30+00:00,,,,,,,,0.72,0.72,,0.0,0,False
2026-03-23 23:44:00+00:00,,,,,,,,0.72,0.72,,0.0,0,False
2026-03-23 23:44:30+00:00,,,,,,,,0.72,0.72,,13.0,1,False
2026-03-23 23:45:00+00:00,,,,,,,,0.72,0.72,,0.0,0,False
2026-03-23 23:45:30+00:00,,,,,,,,0.73,0.73,,161.0,2,False
2026-03-23 23:46:00+00:00,,,,,,,,0.73,0.73,,0.0,0,False
2026-03-23 23:46:30+00:00,,,,,,,,0.73,0.73,,0.0,0,False
2026-03-23 23:47:00+00:00,,,,,,,,0.73,0.73,,0.0,0,False
2026-03-23 23:47:30+00:00,,,,,,,,0.73,0.73,,0.0,0,False
2026-03-23 23:48:00+00:00,,,,,,,,0.73,0.73,,0.0,0,False
2026-03-23 23:48:30+00:00,,,,,,,,0.73,0.73,,0.0,0,False
2026-03-23 23:49:00+00:00,,,,,,,,0.74,0.74,,1.0,1,False
2026-03-23 23:49:30+00:00,,,,,,,,0.74,0.74,,0.0,0,False
2026-03-23 23:50:00+00:00,,,,,,,,0.74,0.74,,0.0,0,False
2026-03-23 23:50:30+00:00,,,,,,,,0.74,0.74,,0.0,0,False
2026-03-23 23:51:00+00:00,,,,,,,,0.74,0.74,,0.0,0,False
2026-03-23 23:51:30+00:00,,,,,,,,0.74,0.74,,0.0,0,False
2026-03-23 23:52:00+00:00,,,,,,,,0.74,0.74,,0.0,0,False
2026-03-23 23:52:30+00:00,,,,,,,,0.74,0.74,,0.0,0,False
2026-03-23 23:53:00+00:00,,,,,,,,0.74,0.74,,0.0,0,False
2026-03-23 23:53:30+00:00,,,,,,,,0.74,0.74,,0.0,0,False
2026-03-23 23:54:00+00:00,,,,,,,,0.74,0.74,,0.0,0,False
2026-03-23 23:54:30+00:00,,,,,,,,0.74,0.74,,0.0,0,False
2026-03-23 23:55:00+00:00,,,,,,,,0.74,0.74,,0.0,0,False
2026-03-23 23:55:30+00:00,,,,,,,,0.74,0.74,,0.0,0,False
2026-03-23 23:56:00+00:00,,,,,,,,0.74,0.74,,0.0,0,False
2026-03-23 23:56:30+00:00,,,,,,,,0.74,0.74,,0.0,0,False
2026-03-23 23:57:00+00:00,,,,,,,,0.74,0.74,,32.0,1,False
2026-03-23 23:57:30+00:00,,,,,,,,0.74,0.74,,0.0,0,False
2026-03-23 23:58:00+00:00,,,,,,,,0.74,0.74,,0.0,0,False
2026-03-23 23:58:30+00:00,,,,,,,,0.74,0.74,,0.0,0,False
2026-03-23 23:59:00+00:00,,,,,,,,0.74,0.74,,0.0,0,False
2026-03-23 23:59:30+00:00,,,,,,,,0.74,0.74,,0.0,0,False
2026-03-24 00:00:00+00:00,,,,,,,,0.74,0.74,,33.0,1,False
2026-03-24 00:00:30+00:00,,,,,,,,0.74,0.74,,0.0,0,False
2026-03-24 00:01:00+00:00,,,,,,,,0.74,0.74,,0.0,0,False
2026-03-24 00:01:30+00:00,,,,,,,,0.74,0.74,,0.0,0,False
2026-03-24 00:02:00+00:00,,,,,,,,0.74,0.74,,0.0,0,False
2026-03-24 00:02:30+00:00,,,,,,,,0.74,0.74,,0.0,0,False
2026-03-24 00:03:00+00:00,,,,,,,,0.74,0.74,,0.0,0,False
2026-03-24 00:03:30+00:00,,,,,,,,0.74,0.74,,0.0,0,False
2026-03-24 00:04:00+00:00,,,,,,,,0.72,0.72,,9.0,1,False
2026-03-24 00:04:30+00:00,,,,,,,,0.7199999999999999,0.72,,407.0,2,False
2026-03-24 00:05:00+00:00,,,,,,,,0.7413636363636363,0.74,,374.0,4,False
2026-03-24 00:05:30+00:00,,,,,,,,0.7413636363636363,0.74,,0.0,0,False
2026-03-24 00:06:00+00:00,,,,,,,,0.7413636363636363,0.74,,0.0,0,False
2026-03-24 00:06:30+00:00,,,,,,,,0.7413636363636363,0.74,,0.0,0,False
2026-03-24 00:07:00+00:00,,,,,,,,0.7413636363636363,0.74,,0.0,0,False
2026-03-24 00:07:30+00:00,,,,,,,,0.72,0.72,,9.0,1,False
2026-03-24 00:08:00+00:00,,,,,,,,0.72,0.72,,0.0,0,False
2026-03-24 00:08:30+00:00,,,,,,,,0.72,0.72,,0.0,0,False
2026-03-24 00:09:00+00:00,,,,,,,,0.72,0.72,,0.0,0,False
2026-03-24 00:09:30+00:00,,,,,,,,0.72,0.72,,0.0,0,False
2026-03-24 00:10:00+00:00,,,,,,,,0.72,0.72,,0.0,0,False
2026-03-24 00:10:30+00:00,,,,,,,,0.72,0.72,,0.0,0,False
2026-03-24 00:11:00+00:00,,,,,,,,0.72,0.72,,0.0,0,False
2026-03-24 00:11:30+00:00,,,,,,,,0.72,0.72,,1.0,1,False
2026-03-24 00:12:00+00:00,,,,,,,,0.72,0.72,,0.0,0,False
2026-03-24 00:12:30+00:00,,,,,,,,0.72,0.72,,0.0,0,False
2026-03-24 00:13:00+00:00,,,,,,,,0.72,0.72,,0.0,0,False
2026-03-24 00:13:30+00:00,,,,,,,,0.72,0.72,,0.0,0,False
2026-03-24 00:14:00+00:00,,,,,,,,0.72,0.72,,0.0,0,False
2026-03-24 00:14:30+00:00,,,,,,,,0.72,0.72,,0.0,0,False
2026-03-24 00:15:00+00:00,,,,,,,,0.72,0.72,,0.0,0,False
2026-03-24 00:15:30+00:00,,,,,,,,0.72,0.72,,0.0,0,False
2026-03-24 00:16:00+00:00,,,,,,,,0.72,0.72,,17.0,1,False
2026-03-24 00:16:30+00:00,,,,,,,,0.72,0.72,,0.0,0,False
2026-03-24 00:17:00+00:00,,,,,,,,0.72,0.72,,0.0,0,False
2026-03-24 00:17:30+00:00,,,,,,,,0.72,0.72,,0.0,0,False
2026-03-24 00:18:00+00:00,,,,,,,,0.72,0.72,,0.0,0,False
2026-03-24 00:18:30+00:00,,,,,,,,0.72,0.72,,0.0,0,False
2026-03-24 00:19:00+00:00,,,,,,,,0.72,0.72,,0.0,0,False
2026-03-24 00:19:30+00:00,,,,,,,,0.72,0.72,,0.0,0,False
2026-03-24 00:20:00+00:00,,,,,,,,0.72,0.72,,0.0,0,False
2026-03-24 00:20:30+00:00,,,,,,,,0.74,0.74,,33.0,1,False
2026-03-24 00:21:00+00:00,,,,,,,,0.74,0.74,,0.0,0,False
2026-03-24 00:21:30+00:00,,,,,,,,0.74,0.74,,0.0,0,False
2026-03-24 00:22:00+00:00,,,,,,,,0.74,0.74,,0.0,0,False
2026-03-24 00:22:30+00:00,,,,,,,,0.74,0.74,,90.0,1,False
2026-03-24 00:23:00+00:00,,,,,,,,0.7399999999999999,0.74,,183.0,1,False
2026-03-24 00:23:30+00:00,,,,,,,,0.7487336244541485,0.75,,229.0,2,False
2026-03-24 00:24:00+00:00,,,,,,,,0.7487336244541485,0.75,,0.0,0,False
2026-03-24 00:24:30+00:00,,,,,,,,0.7487336244541485,0.75,,0.0,0,False
2026-03-24 00:25:00+00:00,,,,,,,,0.7487336244541485,0.75,,0.0,0,False
2026-03-24 00:25:30+00:00,,,,,,,,0.7487336244541485,0.75,,0.0,0,False
2026-03-24 00:26:00+00:00,,,,,,,,0.74875,0.74,,32.0,2,False
2026-03-24 00:26:30+00:00,,,,,,,,0.74875,0.74,,0.0,0,False
2026-03-24 00:27:00+00:00,,,,,,,,0.74875,0.74,,0.0,0,False
2026-03-24 00:27:30+00:00,,,,,,,,0.74875,0.74,,0.0,0,False
2026-03-24 00:28:00+00:00,,,,,,,,0.74875,0.74,,0.0,0,False
2026-03-24 00:28:30+00:00,,,,,,,,0.74875,0.74,,0.0,0,False
2026-03-24 00:29:00+00:00,,,,,,,,0.74875,0.74,,0.0,0,False
2026-03-24 00:29:30+00:00,,,,,,,,0.74875,0.74,,0.0,0,False
2026-03-24 00:30:00+00:00,,,,,,,,0.74875,0.74,,0.0,0,False
2026-03-24 00:30:30+00:00,,,,,,,,0.74875,0.74,,0.0,0,False
2026-03-24 00:31:00+00:00,,,,,,,,0.74875,0.74,,0.0,0,False
2026-03-24 00:31:30+00:00,,,,,,,,0.74875,0.74,,0.0,0,False
2026-03-24 00:32:00+00:00,,,,,,,,0.72,0.72,,166.0,1,False
2026-03-24 00:32:30+00:00,,,,,,,,0.72,0.72,,0.0,0,False
2026-03-24 00:33:00+00:00,,,,,,,,0.72,0.72,,0.0,0,False
2026-03-24 00:33:30+00:00,,,,,,,,0.72,0.72,,0.0,0,False
2026-03-24 00:34:00+00:00,,,,,,,,0.72,0.72,,0.0,0,False
2026-03-24 00:34:30+00:00,,,,,,,,0.75,0.75,,25.0,1,False
2026-03-24 00:35:00+00:00,,,,,,,,0.75,0.75,,0.0,0,False
2026-03-24 00:35:30+00:00,,,,,,,,0.75,0.75,,0.0,0,False
2026-03-24 00:36:00+00:00,,,,,,,,0.75,0.75,,0.0,0,False
2026-03-24 00:36:30+00:00,,,,,,,,0.75,0.75,,0.0,0,False
2026-03-24 00:37:00+00:00,,,,,,,,0.75,0.75,,0.0,0,False
2026-03-24 00:37:30+00:00,,,,,,,,0.75,0.75,,0.0,0,False
2026-03-24 00:38:00+00:00,,,,,,,,0.75,0.75,,0.0,0,False
2026-03-24 00:38:30+00:00,,,,,,,,0.75,0.75,,0.0,0,False
2026-03-24 00:39:00+00:00,,,,,,,,0.75,0.75,,0.0,0,False
2026-03-24 00:39:30+00:00,,,,,,,,0.75,0.75,,0.0,0,False
2026-03-24 00:40:00+00:00,,,,,,,,0.75,0.75,,0.0,0,False
2026-03-24 00:40:30+00:00,,,,,,,,0.75,0.75,,0.0,0,False
2026-03-24 00:41:00+00:00,,,,,,,,0.75,0.75,,0.0,0,False
2026-03-24 00:41:30+00:00,,,,,,,,0.75,0.75,,0.0,0,False
2026-03-24 00:42:00+00:00,,,,,,,,0.75,0.75,,0.0,0,False
2026-03-24 00:42:30+00:00,,,,,,,,0.72,0.72,,61.0,3,False
2026-03-24 00:43:00+00:00,,,,,,,,0.72,0.72,,0.0,0,False
2026-03-24 00:43:30+00:00,,,,,,,,0.72,0.72,,0.0,0,False
2026-03-24 00:44:00+00:00,,,,,,,,0.7250000000000001,0.74,,4.0,2,False
2026-03-24 00:44:30+00:00,,,,,,,,0.7250000000000001,0.74,,0.0,0,False
2026-03-24 00:45:00+00:00,,,,,,,,0.7250000000000001,0.74,,0.0,0,False
2026-03-24 00:45:30+00:00,,,,,,,,0.7250000000000001,0.74,,0.0,0,False
2026-03-24 00:46:00+00:00,,,,,,,,0.74,0.74,,1.0,1,False
2026-03-24 00:46:30+00:00,,,,,,,,0.74,0.74,,0.0,0,False
2026-03-24 00:47:00+00:00,,,,,,,,0.74,0.74,,0.0,0,False
2026-03-24 00:47:30+00:00,,,,,,,,0.74,0.74,,0.0,0,False
2026-03-24 00:48:00+00:00,,,,,,,,0.74,0.74,,0.0,0,False
2026-03-24 00:48:30+00:00,,,,,,,,0.74,0.74,,0.0,0,False
2026-03-24 00:49:00+00:00,,,,,,,,0.74,0.74,,0.0,0,False
2026-03-24 00:49:30+00:00,,,,,,,,0.74,0.74,,0.0,0,False
2026-03-24 00:50:00+00:00,,,,,,,,0.74,0.74,,0.0,0,False
2026-03-24 00:50:30+00:00,,,,,,,,0.74,0.74,,0.0,0,False
2026-03-24 00:51:00+00:00,,,,,,,,0.74,0.74,,0.0,0,False
2026-03-24 00:51:30+00:00,,,,,,,,0.74,0.74,,0.0,0,False
2026-03-24 00:52:00+00:00,,,,,,,,0.74,0.74,,0.0,0,False
2026-03-24 00:52:30+00:00,,,,,,,,0.74,0.74,,0.0,0,False
2026-03-24 00:53:00+00:00,,,,,,,,0.74,0.74,,26.0,1,False
2026-03-24 00:53:30+00:00,,,,,,,,0.74,0.74,,0.0,0,False
2026-03-24 00:54:00+00:00,,,,,,,,0.74,0.74,,0.0,0,False
2026-03-24 00:54:30+00:00,,,,,,,,0.74,0.74,,0.0,0,False
2026-03-24 00:55:00+00:00,,,,,,,,0.74,0.74,,0.0,0,False
2026-03-24 00:55:30+00:00,,,,,,,,0.74,0.74,,0.0,0,False
2026-03-24 00:56:00+00:00,,,,,,,,0.74,0.74,,0.0,0,False
2026-03-24 00:56:30+00:00,,,,,,,,0.74,0.74,,0.0,0,False
2026-03-24 00:57:00+00:00,,,,,,,,0.74,0.74,,0.0,0,False
2026-03-24 00:57:30+00:00,,,,,,,,0.74,0.74,,0.0,0,False
2026-03-24 00:58:00+00:00,,,,,,,,0.74,0.74,,0.0,0,False
2026-03-24 00:58:30+00:00,,,,,,,,0.74,0.74,,0.0,0,False
2026-03-24 00:59:00+00:00,,,,,,,,0.74,0.74,,0.0,0,False
2026-03-24 00:59:30+00:00,,,,,,,,0.7200000000000001,0.72,,3.0,1,False
2026-03-24 01:00:00+00:00,,,,,,,,0.7200000000000001,0.72,,0.0,0,False
2026-03-24 01:00:30+00:00,,,,,,,,0.7200000000000001,0.72,,0.0,0,False
2026-03-24 01:01:00+00:00,,,,,,,,0.7200000000000001,0.72,,0.0,0,False
2026-03-24 01:01:30+00:00,,,,,,,,0.7200000000000001,0.72,,0.0,0,False
2026-03-24 01:02:00+00:00,,,,,,,,0.7200000000000001,0.72,,0.0,0,False
2026-03-24 01:02:30+00:00,,,,,,,,0.7200000000000001,0.72,,0.0,0,False
2026-03-24 01:03:00+00:00,,,,,,,,0.7200000000000001,0.72,,0.0,0,False
2026-03-24 01:03:30+00:00,,,,,,,,0.7200000000000001,0.72,,0.0,0,False
2026-03-24 01:04:00+00:00,,,,,,,,0.7200000000000001,0.72,,0.0,0,False
2026-03-24 01:04:30+00:00,,,,,,,,0.7200000000000001,0.72,,0.0,0,False
2026-03-24 01:05:00+00:00,,,,,,,,0.7200000000000001,0.72,,0.0,0,False
2026-03-24 01:05:30+00:00,,,,,,,,0.74,0.74,,26.0,1,False
2026-03-24 01:06:00+00:00,,,,,,,,0.74,0.74,,0.0,0,False
2026-03-24 01:06:30+00:00,,,,,,,,0.74,0.74,,0.0,0,False
2026-03-24 01:07:00+00:00,,,,,,,,0.74,0.74,,0.0,0,False
2026-03-24 01:07:30+00:00,,,,,,,,0.74,0.74,,0.0,0,False
2026-03-24 01:08:00+00:00,,,,,,,,0.74,0.74,,0.0,0,False
2026-03-24 01:08:30+00:00,,,,,,,,0.72,0.72,,66.0,1,False
2026-03-24 01:09:00+00:00,,,,,,,,0.72,0.72,,0.0,0,False
2026-03-24 01:09:30+00:00,,,,,,,,0.72,0.72,,0.0,0,False
2026-03-24 01:10:00+00:00,,,,,,,,0.7200000000000001,0.72,,3.0,1,False
2026-03-24 01:10:30+00:00,,,,,,,,0.7200000000000001,0.72,,0.0,0,False
2026-03-24 01:11:00+00:00,,,,,,,,0.7200000000000001,0.72,,0.0,0,False
2026-03-24 01:11:30+00:00,,,,,,,,0.7200000000000001,0.72,,0.0,0,False
2026-03-24 01:12:00+00:00,,,,,,,,0.7200000000000001,0.72,,0.0,0,False
2026-03-24 01:12:30+00:00,,,,,,,,0.7200000000000001,0.72,,0.0,0,False
2026-03-24 01:13:00+00:00,,,,,,,,0.7399999999999999,0.74,,6.0,1,False
2026-03-24 01:13:30+00:00,,,,,,,,0.7399999999999999,0.74,,0.0,0,False
2026-03-24 01:14:00+00:00,,,,,,,,0.7399999999999999,0.74,,0.0,0,False
2026-03-24 01:14:30+00:00,,,,,,,,0.7399999999999999,0.74,,0.0,0,False
2026-03-24 01:15:00+00:00,,,,,,,,0.7399999999999999,0.74,,0.0,0,False
2026-03-24 01:15:30+00:00,,,,,,,,0.7399999999999999,0.74,,0.0,0,False
2026-03-24 01:16:00+00:00,,,,,,,,0.7399999999999999,0.74,,0.0,0,False
2026-03-24 01:16:30+00:00,,,,,,,,0.7399999999999999,0.74,,0.0,0,False
2026-03-24 01:17:00+00:00,,,,,,,,0.7399999999999999,0.74,,0.0,0,False
2026-03-24 01:17:30+00:00,,,,,,,,0.7399999999999999,0.74,,0.0,0,False
2026-03-24 01:18:00+00:00,,,,,,,,0.7399999999999999,0.74,,0.0,0,False
2026-03-24 01:18:30+00:00,,,,,,,,0.7399999999999999,0.74,,0.0,0,False
2026-03-24 01:19:00+00:00,,,,,,,,0.7399999999999999,0.74,,0.0,0,False
2026-03-24 01:19:30+00:00,,,,,,,,0.7399999999999999,0.74,,0.0,0,False
2026-03-24 01:20:00+00:00,,,,,,,,0.7399999999999999,0.74,,0.0,0,False
2026-03-24 01:20:30+00:00,,,,,,,,0.7399999999999999,0.74,,0.0,0,False
2026-03-24 01:21:00+00:00,,,,,,,,0.7399999999999999,0.74,,0.0,0,False
2026-03-24 01:21:30+00:00,,,,,,,,0.72,0.72,,17.0,1,False
2026-03-24 01:22:00+00:00,,,,,,,,0.7383333333333334,0.74,,66.0,2,False
2026-03-24 01:22:30+00:00,,,,,,,,0.7383333333333334,0.74,,0.0,0,False
2026-03-24 01:23:00+00:00,,,,,,,,0.7383333333333334,0.74,,0.0,0,False
2026-03-24 01:23:30+00:00,,,,,,,,0.7383333333333334,0.74,,0.0,0,False
2026-03-24 01:24:00+00:00,,,,,,,,0.7383333333333334,0.74,,0.0,0,False
2026-03-24 01:24:30+00:00,,,,,,,,0.7383333333333334,0.74,,0.0,0,False
2026-03-24 01:25:00+00:00,,,,,,,,0.7383333333333334,0.74,,0.0,0,False
2026-03-24 01:25:30+00:00,,,,,,,,0.7383333333333334,0.74,,0.0,0,False
2026-03-24 01:26:00+00:00,,,,,,,,0.7383333333333334,0.74,,0.0,0,False
2026-03-24 01:26:30+00:00,,,,,,,,0.7383333333333334,0.74,,0.0,0,False
2026-03-24 01:27:00+00:00,,,,,,,,0.7383333333333334,0.74,,0.0,0,False
2026-03-24 01:27:30+00:00,,,,,,,,0.7383333333333334,0.74,,0.0,0,False
2026-03-24 01:28:00+00:00,,,,,,,,0.7383333333333334,0.74,,0.0,0,False
2026-03-24 01:28:30+00:00,,,,,,,,0.7383333333333334,0.74,,0.0,0,False
2026-03-24 01:29:00+00:00,,,,,,,,0.73,0.73,,34.0,1,False
2026-03-24 01:29:30+00:00,,,,,,,,0.73,0.73,,0.0,0,False
2026-03-24 01:30:00+00:00,,,,,,,,0.73,0.73,,0.0,0,False
2026-03-24 01:30:30+00:00,,,,,,,,0.73,0.73,,0.0,0,False
2026-03-24 01:31:00+00:00,,,,,,,,0.73,0.73,,0.0,0,False
2026-03-24 01:31:30+00:00,,,,,,,,0.73,0.73,,0.0,0,False
2026-03-24 01:32:00+00:00,,,,,,,,0.73,0.73,,0.0,0,False
2026-03-24 01:32:30+00:00,,,,,,,,0.73,0.73,,0.0,0,False
2026-03-24 01:33:00+00:00,,,,,,,,0.73,0.73,,0.0,0,False
2026-03-24 01:33:30+00:00,,,,,,,,0.74,0.74,,13.0,1,False
2026-03-24 01:34:00+00:00,,,,,,,,0.74,0.74,,20.0,1,False
2026-03-24 01:34:30+00:00,,,,,,,,0.74,0.74,,0.0,0,False
2026-03-24 01:35:00+00:00,,,,,,,,0.74,0.74,,0.0,0,False
2026-03-24 01:35:30+00:00,,,,,,,,0.74,0.74,,0.0,0,False
2026-03-24 01:36:00+00:00,,,,,,,,0.73,0.73,,17.0,1,False
2026-03-24 01:36:30+00:00,,,,,,,,0.73,0.73,,0.0,0,False
2026-03-24 01:37:00+00:00,,,,,,,,0.73,0.73,,0.0,0,False
2026-03-24 01:37:30+00:00,,,,,,,,0.73,0.73,,0.0,0,False
2026-03-24 01:38:00+00:00,,,,,,,,0.73,0.73,,0.0,0,False
2026-03-24 01:38:30+00:00,,,,,,,,0.73,0.73,,16.0,1,False
2026-03-24 01:39:00+00:00,,,,,,,,0.73,0.73,,0.0,0,False
2026-03-24 01:39:30+00:00,,,,,,,,0.73,0.73,,0.0,0,False
2026-03-24 01:40:00+00:00,,,,,,,,0.73,0.73,,0.0,0,False
2026-03-24 01:40:30+00:00,,,,,,,,0.73,0.73,,0.0,0,False
2026-03-24 01:41:00+00:00,,,,,,,,0.73,0.73,,0.0,0,False
2026-03-24 01:41:30+00:00,,,,,,,,0.73,0.73,,0.0,0,False
2026-03-24 01:42:00+00:00,,,,,,,,0.73,0.73,,0.0,0,False
2026-03-24 01:42:30+00:00,,,,,,,,0.73,0.73,,0.0,0,False
2026-03-24 01:43:00+00:00,,,,,,,,0.73,0.73,,0.0,0,False
2026-03-24 01:43:30+00:00,,,,,,,,0.75,0.75,,13.0,1,False
2026-03-24 01:44:00+00:00,,,,,,,,0.75,0.75,,0.0,0,False
2026-03-24 01:44:30+00:00,,,,,,,,0.75,0.75,,11.0,1,False
2026-03-24 01:45:00+00:00,,,,,,,,0.75,0.75,,0.0,0,False
2026-03-24 01:45:30+00:00,,,,,,,,0.74,0.74,,1.0,1,False
2026-03-24 01:46:00+00:00,,,,,,,,0.75,0.75,,1.0,1,False
2026-03-24 01:46:30+00:00,,,,,,,,0.75,0.75,,0.0,0,False
2026-03-24 01:47:00+00:00,,,,,,,,0.75,0.75,,0.0,0,False
2026-03-24 01:47:30+00:00,,,,,,,,0.75,0.75,,0.0,0,False
2026-03-24 01:48:00+00:00,,,,,,,,0.75,0.75,,61.0,1,False
2026-03-24 01:48:30+00:00,,,,,,,,0.7516666666666667,0.73,,42.0,3,False
2026-03-24 01:49:00+00:00,,,,,,,,0.7516666666666667,0.73,,0.0,0,False
2026-03-24 01:49:30+00:00,,,,,,,,0.7516666666666667,0.73,,0.0,0,False
2026-03-24 01:50:00+00:00,,,,,,,,0.7516666666666667,0.73,,0.0,0,False
2026-03-24 01:50:30+00:00,,,,,,,,0.7516666666666667,0.73,,0.0,0,False
2026-03-24 01:51:00+00:00,,,,,,,,0.7516666666666667,0.73,,0.0,0,False
2026-03-24 01:51:30+00:00,,,,,,,,0.7516666666666667,0.73,,0.0,0,False
2026-03-24 01:52:00+00:00,,,,,,,,0.7516666666666667,0.73,,0.0,0,False
2026-03-24 01:52:30+00:00,,,,,,,,0.7516666666666667,0.73,,0.0,0,False
2026-03-24 01:53:00+00:00,,,,,,,,0.73,0.73,,31.0,2,False
2026-03-24 01:53:30+00:00,,,,,,,,0.73,0.73,,0.0,0,False
2026-03-24 01:54:00+00:00,,,,,,,,0.73,0.73,,0.0,0,False
2026-03-24 01:54:30+00:00,,,,,,,,0.7599999999999999,0.76,,11.0,1,False
2026-03-24 01:55:00+00:00,,,,,,,,0.7599999999999999,0.76,,0.0,0,False
2026-03-24 01:55:30+00:00,,,,,,,,0.7599999999999999,0.76,,0.0,0,False
2026-03-24 01:56:00+00:00,,,,,,,,0.7599999999999999,0.76,,0.0,0,False
2026-03-24 01:56:30+00:00,,,,,,,,0.7599999999999999,0.76,,0.0,0,False
2026-03-24 01:57:00+00:00,,,,,,,,0.7599999999999999,0.76,,0.0,0,False
2026-03-24 01:57:30+00:00,,,,,,,,0.73,0.73,,4.0,1,False
2026-03-24 01:58:00+00:00,,,,,,,,0.73,0.73,,0.0,0,False
2026-03-24 01:58:30+00:00,,,,,,,,0.73,0.73,,50.0,1,False
2026-03-24 01:59:00+00:00,,,,,,,,0.73,0.73,,0.0,0,False
2026-03-24 01:59:30+00:00,,,,,,,,0.75,0.75,,10.0,1,False
2026-03-24 02:00:00+00:00,,,,,,,,0.7395522388059701,0.75,,67.0,2,False
2026-03-24 02:00:30+00:00,,,,,,,,0.7395522388059701,0.75,,0.0,0,False
2026-03-24 02:01:00+00:00,,,,,,,,0.7395522388059701,0.75,,0.0,0,False
2026-03-24 02:01:30+00:00,,,,,,,,0.73,0.73,,20.0,2,False
2026-03-24 02:02:00+00:00,,,,,,,,0.75,0.75,,43.0,2,False
2026-03-24 02:02:30+00:00,,,,,,,,0.73,0.73,,31.0,2,False
2026-03-24 02:03:00+00:00,,,,,,,,0.73,0.73,,0.0,0,False
2026-03-24 02:03:30+00:00,,,,,,,,0.73,0.73,,0.0,0,False
2026-03-24 02:04:00+00:00,,,,,,,,0.73,0.73,,34.0,2,False
2026-03-24 02:04:30+00:00,,,,,,,,0.73,0.73,,17.0,1,False
2026-03-24 02:05:00+00:00,,,,,,,,0.73,0.73,,0.0,0,False
2026-03-24 02:05:30+00:00,,,,,,,,0.73,0.73,,100.0,1,False
2026-03-24 02:06:00+00:00,,,,,,,,0.73,0.73,,17.0,1,False
2026-03-24 02:06:30+00:00,,,,,,,,0.73,0.73,,0.0,0,False
2026-03-24 02:07:00+00:00,,,,,,,,0.73,0.73,,0.0,0,False
2026-03-24 02:07:30+00:00,,,,,,,,0.73,0.73,,0.0,0,False
2026-03-24 02:08:00+00:00,,,,,,,,0.75,0.75,,6.0,1,False
2026-03-24 02:08:30+00:00,,,,,,,,0.75,0.75,,0.0,0,False
2026-03-24 02:09:00+00:00,,,,,,,,0.75,0.75,,0.0,0,False
2026-03-24 02:09:30+00:00,,,,,,,,0.75,0.75,,3.0,1,False
2026-03-24 02:10:00+00:00,,,,,,,,0.75,0.75,,0.0,0,False
2026-03-24 02:10:30+00:00,,,,,,,,0.75,0.75,,0.0,0,False
2026-03-24 02:11:00+00:00,,,,,,,,0.7379999999999999,0.73,,10.0,3,False
2026-03-24 02:11:30+00:00,,,,,,,,0.7379999999999999,0.73,,0.0,0,False
2026-03-24 02:12:00+00:00,,,,,,,,0.75,0.75,,1.0,1,False
2026-03-24 02:12:30+00:00,,,,,,,,0.75,0.75,,0.0,0,False
2026-03-24 02:13:00+00:00,,,,,,,,0.75,0.75,,7.0,1,False
2026-03-24 02:13:30+00:00,,,,,,,,0.75,0.75,,0.0,0,False
2026-03-24 02:14:00+00:00,,,,,,,,0.75,0.75,,0.0,0,False
2026-03-24 02:14:30+00:00,,,,,,,,0.75,0.75,,40.0,1,False
2026-03-24 02:15:00+00:00,,,,,,,,0.75,0.75,,0.0,0,False
2026-03-24 02:15:30+00:00,,,,,,,,0.75,0.75,,0.0,0,False
2026-03-24 02:16:00+00:00,,,,,,,,0.75,0.75,,0.0,0,False
2026-03-24 02:16:30+00:00,,,,,,,,0.7557943925233646,0.75,,107.0,2,False
2026-03-24 02:17:00+00:00,,,,,,,,0.7700000000000001,0.77,,21.0,1,False
2026-03-24 02:17:30+00:00,,,,,,,,0.7597435897435898,0.75,,39.0,2,False
2026-03-24 02:18:00+00:00,,,,,,,,0.76,0.76,,46.0,4,False
2026-03-24 02:18:30+00:00,,,,,,,,0.79,0.79,,4.0,2,False
2026-03-24 02:19:00+00:00,,,,,,,,0.79,0.79,,2.0,1,False
2026-03-24 02:19:30+00:00,,,,,,,,0.79,0.79,,0.0,0,False
2026-03-24 02:20:00+00:00,,,,,,,,0.79,0.79,,0.0,0,False
2026-03-24 02:20:30+00:00,,,,,,,,0.79,0.79,,0.0,0,False
2026-03-24 02:21:00+00:00,,,,,,,,0.79,0.79,,0.0,0,False
2026-03-24 02:21:30+00:00,,,,,,,,0.77,0.77,,5.0,1,False
2026-03-24 02:22:00+00:00,,,,,,,,0.79,0.79,,3.0,1,False
2026-03-24 02:22:30+00:00,,,,,,,,0.79,0.79,,0.0,0,False
2026-03-24 02:23:00+00:00,,,,,,,,0.79,0.79,,0.0,0,False
2026-03-24 02:23:30+00:00,,,,,,,,0.77,0.77,,4.0,1,False
2026-03-24 02:24:00+00:00,,,,,,,,0.79,0.79,,10.0,1,False
2026-03-24 02:24:30+00:00,,,,,,,,0.79,0.79,,0.0,0,False
2026-03-24 02:25:00+00:00,,,,,,,,0.79,0.79,,4.0,1,False
2026-03-24 02:25:30+00:00,,,,,,,,0.79,0.79,,0.0,0,False
2026-03-24 02:26:00+00:00,,,,,,,,0.79,0.79,,0.0,0,False
2026-03-24 02:26:30+00:00,,,,,,,,0.79,0.79,,0.0,0,False
2026-03-24 02:27:00+00:00,,,,,,,,0.79,0.79,,0.0,0,False
2026-03-24 02:27:30+00:00,,,,,,,,0.79,0.79,,0.0,0,False
2026-03-24 02:28:00+00:00,,,,,,,,0.77,0.77,,40.0,1,False
2026-03-24 02:28:30+00:00,,,,,,,,0.77,0.77,,0.0,0,False
2026-03-24 02:29:00+00:00,,,,,,,,0.77,0.77,,0.0,0,False
2026-03-24 02:29:30+00:00,,,,,,,,0.77,0.77,,0.0,0,False
2026-03-24 02:30:00+00:00,,,,,,,,0.77,0.77,,1000.0,2,False
2026-03-24 02:30:30+00:00,,,,,,,,0.77,0.77,,16.0,1,False
2026-03-24 02:31:00+00:00,,,,,,,,0.77,0.77,,8.0,2,False
2026-03-24 02:31:30+00:00,,,,,,,,0.77,0.77,,0.0,0,False
2026-03-24 02:32:00+00:00,,,,,,,,0.77,0.77,,0.0,0,False
2026-03-24 02:32:30+00:00,,,,,,,,0.77,0.77,,0.0,0,False
2026-03-24 02:33:00+00:00,,,,,,,,0.77,0.77,,0.0,0,False
2026-03-24 02:33:30+00:00,,,,,,,,0.77,0.77,,0.0,0,False
2026-03-24 02:34:00+00:00,,,,,,,,0.77,0.77,,0.0,0,False
2026-03-24 02:34:30+00:00,,,,,,,,0.77,0.77,,0.0,0,False
2026-03-24 02:35:00+00:00,,,,,,,,0.77,0.77,,0.0,0,False
2026-03-24 02:35:30+00:00,,,,,,,,0.77,0.77,,0.0,0,False
2026-03-24 02:36:00+00:00,,,,,,,,0.77,0.77,,0.0,0,False
2026-03-24 02:36:30+00:00,,,,,,,,0.77,0.77,,0.0,0,False
2026-03-24 02:37:00+00:00,,,,,,,,0.77,0.77,,0.0,0,False
2026-03-24 02:37:30+00:00,,,,,,,,0.77,0.77,,0.0,0,False
2026-03-24 02:38:00+00:00,,,,,,,,0.77,0.77,,4.0,1,False
2026-03-24 02:38:30+00:00,,,,,,,,0.79,0.79,,8.0,1,False
2026-03-24 02:39:00+00:00,,,,,,,,0.79,0.79,,61.0,1,False
2026-03-24 02:39:30+00:00,,,,,,,,0.79,0.79,,12.0,1,False
2026-03-24 02:40:00+00:00,,,,,,,,0.79,0.79,,0.0,0,False
2026-03-24 02:40:30+00:00,,,,,,,,0.79,0.79,,0.0,0,False
2026-03-24 02:41:00+00:00,,,,,,,,0.79,0.79,,0.0,0,False
2026-03-24 02:41:30+00:00,,,,,,,,0.79,0.79,,0.0,0,False
2026-03-24 02:42:00+00:00,,,,,,,,0.7799999999999999,0.78,,23.0,2,False
2026-03-24 02:42:30+00:00,,,,,,,,0.7799999999999999,0.78,,0.0,0,False
2026-03-24 02:43:00+00:00,,,,,,,,0.7799999999999999,0.78,,3.0,1,False
2026-03-24 02:43:30+00:00,,,,,,,,0.7700000000000001,0.77,,40.0,3,False
2026-03-24 02:44:00+00:00,,,,,,,,0.7700000000000001,0.77,,0.0,0,False
2026-03-24 02:44:30+00:00,,,,,,,,0.7700000000000001,0.77,,0.0,0,False
2026-03-24 02:45:00+00:00,,,,,,,,0.77,0.77,,41.0,1,False
2026-03-24 02:45:30+00:00,,,,,,,,0.77,0.77,,0.0,0,False
2026-03-24 02:46:00+00:00,,,,,,,,0.78,0.78,,126.0,2,False
2026-03-24 02:46:30+00:00,,,,,,,,0.78,0.78,,0.0,0,False
2026-03-24 02:47:00+00:00,,,,,,,,0.78,0.78,,0.0,0,False
2026-03-24 02:47:30+00:00,,,,,,,,0.79,0.79,,12.0,1,False
2026-03-24 02:48:00+00:00,,,,,,,,0.79,0.79,,0.0,0,False
2026-03-24 02:48:30+00:00,,,,,,,,0.79,0.79,,0.0,0,False
2026-03-24 02:49:00+00:00,,,,,,,,0.79,0.79,,0.0,0,False
2026-03-24 02:49:30+00:00,,,,,,,,0.77,0.77,,265.0,1,False
2026-03-24 02:50:00+00:00,,,,,,,,0.77,0.77,,0.0,0,False
2026-03-24 02:50:30+00:00,,,,,,,,0.77,0.77,,0.0,0,False
2026-03-24 02:51:00+00:00,,,,,,,,0.7746153846153846,0.79,,13.0,2,False
2026-03-24 02:51:30+00:00,,,,,,,,0.7746153846153846,0.79,,0.0,0,False
2026-03-24 02:52:00+00:00,,,,,,,,0.77,0.77,,8.0,1,False
2026-03-24 02:52:30+00:00,,,,,,,,0.77,0.77,,0.0,0,False
2026-03-24 02:53:00+00:00,,,,,,,,0.77,0.77,,0.0,0,False
2026-03-24 02:53:30+00:00,,,,,,,,0.77,0.77,,8.0,1,False
2026-03-24 02:54:00+00:00,,,,,,,,0.77,0.77,,0.0,0,False
2026-03-24 02:54:30+00:00,,,,,,,,0.77,0.77,,0.0,0,False
2026-03-24 02:55:00+00:00,,,,,,,,0.77,0.77,,8.0,1,False
2026-03-24 02:55:30+00:00,,,,,,,,0.77,0.77,,0.0,0,False
2026-03-24 02:56:00+00:00,,,,,,,,0.77,0.77,,0.0,0,False
2026-03-24 02:56:30+00:00,,,,,,,,0.77,0.77,,0.0,0,False
2026-03-24 02:57:00+00:00,,,,,,,,0.77,0.77,,0.0,0,False
2026-03-24 02:57:30+00:00,,,,,,,,0.77,0.77,,0.0,0,False
2026-03-24 02:58:00+00:00,,,,,,,,0.79,0.79,,5.0,1,False
2026-03-24 02:58:30+00:00,,,,,,,,0.79,0.79,,0.0,0,False
2026-03-24 02:59:00+00:00,,,,,,,,0.79,0.79,,0.0,0,False
2026-03-24 02:59:30+00:00,,,,,,,,0.77,0.77,,48.0,2,False
2026-03-24 03:00:00+00:00,,,,,,,,0.77,0.77,,1.0,1,False
2026-03-24 03:00:30+00:00,,,,,,,,0.77,0.77,,0.0,0,False
2026-03-24 03:01:00+00:00,,,,,,,,0.77,0.77,,0.0,0,False
2026-03-24 03:01:30+00:00,,,,,,,,0.77,0.77,,200.0,1,False
2026-03-24 03:02:00+00:00,,,,,,,,0.77,0.77,,0.0,0,False
2026-03-24 03:02:30+00:00,,,,,,,,0.79,0.79,,132.0,3,False
2026-03-24 03:03:00+00:00,,,,,,,,0.79,0.79,,0.0,0,False
2026-03-24 03:03:30+00:00,,,,,,,,0.79,0.79,,400.0,1,False
2026-03-24 03:04:00+00:00,,,,,,,,0.77,0.77,,8.0,1,False
2026-03-24 03:04:30+00:00,,,,,,,,0.77,0.77,,4.0,1,False
2026-03-24 03:05:00+00:00,,,,,,,,0.79,0.79,,123.0,1,False
2026-03-24 03:05:30+00:00,,,,,,,,0.79,0.79,,505.0,1,False
2026-03-24 03:06:00+00:00,,,,,,,,0.79,0.79,,0.0,0,False
2026-03-24 03:06:30+00:00,,,,,,,,0.77,0.77,,40.0,1,False
2026-03-24 03:07:00+00:00,,,,,,,,0.7872222222222223,0.79,,72.0,2,False
2026-03-24 03:07:30+00:00,,,,,,,,0.7875000000000001,0.77,,8.0,2,False
2026-03-24 03:08:00+00:00,,,,,,,,0.7875000000000001,0.77,,0.0,0,False
2026-03-24 03:08:30+00:00,,,,,,,,0.77,0.77,,200.0,2,False
2026-03-24 03:09:00+00:00,,,,,,,,0.77,0.77,,0.0,0,False
2026-03-24 03:09:30+00:00,,,,,,,,0.77,0.77,,0.0,0,False
2026-03-24 03:10:00+00:00,,,,,,,,0.77,0.77,,0.0,0,False
2026-03-24 03:10:30+00:00,,,,,,,,0.77,0.77,,0.0,0,False
2026-03-24 03:11:00+00:00,,,,,,,,0.79,0.79,,1.0,1,False
2026-03-24 03:11:30+00:00,,,,,,,,0.79,0.79,,0.0,0,False
2026-03-24 03:12:00+00:00,,,,,,,,0.79,0.79,,0.0,0,False
2026-03-24 03:12:30+00:00,,,,,,,,0.79,0.79,,0.0,0,False
2026-03-24 03:13:00+00:00,,,,,,,,0.79,0.79,,0.0,0,False
2026-03-24 03:13:30+00:00,,,,,,,,0.77,0.77,,41.0,1,False
2026-03-24 03:14:00+00:00,,,,,,,,0.7867123287671234,0.79,,73.0,2,False
2026-03-24 03:14:30+00:00,,,,,,,,0.7701980198019802,0.79,,101.0,2,False
2026-03-24 03:15:00+00:00,,,,,,,,0.7701980198019802,0.79,,0.0,0,False
2026-03-24 03:15:30+00:00,,,,,,,,0.7701980198019802,0.79,,0.0,0,False
2026-03-24 03:16:00+00:00,,,,,,,,0.77,0.77,,1.0,1,False
2026-03-24 03:16:30+00:00,,,,,,,,0.78,0.78,,10.0,1,False
2026-03-24 03:17:00+00:00,,,,,,,,0.78,0.78,,0.0,0,False
2026-03-24 03:17:30+00:00,,,,,,,,0.77,0.77,,118.0,1,False
2026-03-24 03:18:00+00:00,,,,,,,,0.77,0.77,,0.0,0,False
2026-03-24 03:18:30+00:00,,,,,,,,0.77,0.77,,40.0,3,False
2026-03-24 03:19:00+00:00,,,,,,,,0.77,0.77,,0.0,0,False
2026-03-24 03:19:30+00:00,,,,,,,,0.782,0.77,,10.0,2,False
2026-03-24 03:20:00+00:00,,,,,,,,0.77,0.77,,61.0,1,False
2026-03-24 03:20:30+00:00,,,,,,,,0.77,0.77,,0.0,0,False
2026-03-24 03:21:00+00:00,,,,,,,,0.77,0.77,,20.0,1,False
2026-03-24 03:21:30+00:00,,,,,,,,0.77,0.77,,0.0,0,False
2026-03-24 03:22:00+00:00,,,,,,,,0.77,0.77,,0.0,0,False
2026-03-24 03:22:30+00:00,,,,,,,,0.77,0.77,,0.0,0,False
2026-03-24 03:23:00+00:00,,,,,,,,0.77,0.77,,0.0,0,False
2026-03-24 03:23:30+00:00,,,,,,,,0.77,0.77,,1.0,1,False
2026-03-24 03:24:00+00:00,,,,,,,,0.77,0.77,,0.0,0,False
2026-03-24 03:24:30+00:00,,,,,,,,0.77,0.77,,30.0,3,False
2026-03-24 03:25:00+00:00,,,,,,,,0.77,0.77,,0.0,0,False
2026-03-24 03:25:30+00:00,,,,,,,,0.77,0.77,,0.0,0,False
2026-03-24 03:26:00+00:00,,,,,,,,0.77,0.77,,0.0,0,False
2026-03-24 03:26:30+00:00,,,,,,,,0.79,0.79,,61.0,1,False
2026-03-24 03:27:00+00:00,,,,,,,,0.79,0.79,,0.0,0,False
2026-03-24 03:27:30+00:00,,,,,,,,0.79,0.79,,0.0,0,False
2026-03-24 03:28:00+00:00,,,,,,,,0.79,0.79,,0.0,0,False
2026-03-24 03:28:30+00:00,,,,,,,,0.7900000000000001,0.79,,11.0,1,False
2026-03-24 03:29:00+00:00,,,,,,,,0.77,0.77,,80.0,1,False
2026-03-24 03:29:30+00:00,,,,,,,,0.77,0.77,,100.0,1,False
2026-03-24 03:30:00+00:00,,,,,,,,0.77,0.77,,0.0,0,False
2026-03-24 03:30:30+00:00,,,,,,,,0.77,0.77,,5.0,1,False
2026-03-24 03:31:00+00:00,,,,,,,,0.79,0.79,,61.0,1,False
2026-03-24 03:31:30+00:00,,,,,,,,0.77,0.77,,55.0,1,False
2026-03-24 03:32:00+00:00,,,,,,,,0.77,0.77,,1.0,1,False
2026-03-24 03:32:30+00:00,,,,,,,,0.77,0.77,,0.0,0,False
2026-03-24 03:33:00+00:00,,,,,,,,0.77,0.77,,40.0,1,False
2026-03-24 03:33:30+00:00,,,,,,,,0.7799999999999999,0.78,,6.0,1,False
2026-03-24 03:34:00+00:00,,,,,,,,0.7799999999999999,0.78,,0.0,0,False
2026-03-24 03:34:30+00:00,,,,,,,,0.7799999999999999,0.78,,0.0,0,False
2026-03-24 03:35:00+00:00,,,,,,,,0.7799999999999999,0.78,,0.0,0,False
2026-03-24 03:35:30+00:00,,,,,,,,0.7799999999999999,0.78,,0.0,0,False
2026-03-24 03:36:00+00:00,,,,,,,,0.7799999999999999,0.78,,0.0,0,False
2026-03-24 03:36:30+00:00,,,,,,,,0.79,0.79,,124.0,1,False
2026-03-24 03:37:00+00:00,,,,,,,,0.77,0.77,,520.0,1,False
2026-03-24 03:37:30+00:00,,,,,,,,0.77,0.77,,41.0,1,False
2026-03-24 03:38:00+00:00,,,,,,,,0.77,0.77,,40.0,2,False
2026-03-24 03:38:30+00:00,,,,,,,,0.79,0.79,,10.0,1,False
2026-03-24 03:39:00+00:00,,,,,,,,0.79,0.79,,0.0,0,False
2026-03-24 03:39:30+00:00,,,,,,,,0.7871428571428571,0.79,,21.0,3,False
2026-03-24 03:40:00+00:00,,,,,,,,0.77,0.77,,8.0,2,False
2026-03-24 03:40:30+00:00,,,,,,,,0.77,0.77,,0.0,0,False
2026-03-24 03:41:00+00:00,,,,,,,,0.79,0.79,,1.0,1,False
2026-03-24 03:41:30+00:00,,,,,,,,0.79,0.79,,0.0,0,False
2026-03-24 03:42:00+00:00,,,,,,,,0.79,0.79,,0.0,0,False
2026-03-24 03:42:30+00:00,,,,,,,,0.77,0.77,,10.0,2,False
2026-03-24 03:43:00+00:00,,,,,,,,0.77,0.77,,0.0,0,False
2026-03-24 03:43:30+00:00,,,,,,,,0.77,0.77,,71.0,1,False
2026-03-24 03:44:00+00:00,,,,,,,,0.7864444444444445,0.77,,45.0,2,False
2026-03-24 03:44:30+00:00,,,,,,,,0.7700000000000001,0.77,,26.0,2,False
2026-03-24 03:45:00+00:00,,,,,,,,0.7700000000000001,0.77,,0.0,0,False
2026-03-24 03:45:30+00:00,,,,,,,,0.7700000000000001,0.77,,0.0,0,False
2026-03-24 03:46:00+00:00,,,,,,,,0.7700000000000001,0.77,,0.0,0,False
2026-03-24 03:46:30+00:00,,,,,,,,0.7700000000000001,0.77,,0.0,0,False
2026-03-24 03:47:00+00:00,,,,,,,,0.7704878048780488,0.79,,41.0,2,False
2026-03-24 03:47:30+00:00,,,,,,,,0.7704878048780488,0.79,,0.0,0,False
2026-03-24 03:48:00+00:00,,,,,,,,0.774,0.78,,20.0,2,False
2026-03-24 03:48:30+00:00,,,,,,,,0.774,0.78,,0.0,0,False
2026-03-24 03:49:00+00:00,,,,,,,,0.79,0.79,,61.0,1,False
2026-03-24 03:49:30+00:00,,,,,,,,0.79,0.79,,0.0,0,False
2026-03-24 03:50:00+00:00,,,,,,,,0.79,0.79,,0.0,0,False
2026-03-24 03:50:30+00:00,,,,,,,,0.79,0.79,,0.0,0,False
2026-03-24 03:51:00+00:00,,,,,,,,0.7705660377358491,0.79,,212.0,2,False
2026-03-24 03:51:30+00:00,,,,,,,,0.7705660377358491,0.79,,0.0,0,False
2026-03-24 03:52:00+00:00,,,,,,,,0.7705660377358491,0.79,,0.0,0,False
2026-03-24 03:52:30+00:00,,,,,,,,0.7705660377358491,0.79,,0.0,0,False
2026-03-24 03:53:00+00:00,,,,,,,,0.7705660377358491,0.79,,0.0,0,False
2026-03-24 03:53:30+00:00,,,,,,,,0.7705660377358491,0.79,,0.0,0,False
2026-03-24 03:54:00+00:00,,,,,,,,0.7705660377358491,0.79,,0.0,0,False
2026-03-24 03:54:30+00:00,,,,,,,,0.7705660377358491,0.79,,0.0,0,False
2026-03-24 03:55:00+00:00,,,,,,,,0.78,0.78,,252.0,1,False
2026-03-24 03:55:30+00:00,,,,,,,,0.7798529411764707,0.77,,68.0,2,False
2026-03-24 03:56:00+00:00,,,,,,,,0.77,0.77,,246.0,2,False
2026-03-24 03:56:30+00:00,,,,,,,,0.7797345132743363,0.77,,113.0,2,False
2026-03-24 03:57:00+00:00,,,,,,,,0.77,0.77,,67.0,1,False
2026-03-24 03:57:30+00:00,,,,,,,,0.77,0.77,,0.0,0,False
2026-03-24 03:58:00+00:00,,,,,,,,0.78,0.78,,125.0,1,False
2026-03-24 03:58:30+00:00,,,,,,,,0.7824242424242425,0.78,,33.0,2,False
2026-03-24 03:59:00+00:00,,,,,,,,0.7824242424242425,0.78,,0.0,0,False
2026-03-24 03:59:30+00:00,,,,,,,,0.7824242424242425,0.78,,0.0,0,False
2026-03-24 04:00:00+00:00,,,,,,,,0.7824242424242425,0.78,,0.0,0,False
2026-03-24 04:00:30+00:00,,,,,,,,0.7824242424242425,0.78,,0.0,0,False
2026-03-24 04:01:00+00:00,,,,,,,,0.79,0.79,,18.0,1,False
2026-03-24 04:01:30+00:00,,,,,,,,0.77,0.77,,4.0,1,False
2026-03-24 04:02:00+00:00,,,,,,,,0.77,0.77,,0.0,0,False
2026-03-24 04:02:30+00:00,,,,,,,,0.77,0.77,,0.0,0,False
2026-03-24 04:03:00+00:00,,,,,,,,0.79,0.79,,1.0,1,False
2026-03-24 04:03:30+00:00,,,,,,,,0.77,0.77,,8.0,1,False
2026-03-24 04:04:00+00:00,,,,,,,,0.77,0.77,,0.0,0,False
2026-03-24 04:04:30+00:00,,,,,,,,0.77,0.77,,0.0,0,False
2026-03-24 04:05:00+00:00,,,,,,,,0.77,0.77,,0.0,0,False
2026-03-24 04:05:30+00:00,,,,,,,,0.77,0.77,,0.0,0,False
2026-03-24 04:06:00+00:00,,,,,,,,0.77,0.77,,0.0,0,False
2026-03-24 04:06:30+00:00,,,,,,,,0.77,0.77,,0.0,0,False
2026-03-24 04:07:00+00:00,,,,,,,,0.77,0.77,,0.0,0,False
2026-03-24 04:07:30+00:00,,,,,,,,0.77,0.77,,0.0,0,False
2026-03-24 04:08:00+00:00,,,,,,,,0.7775000000000001,0.79,,32.0,2,False
2026-03-24 04:08:30+00:00,,,,,,,,0.77,0.77,,41.0,1,False
2026-03-24 04:09:00+00:00,,,,,,,,0.77,0.77,,0.0,0,False
2026-03-24 04:09:30+00:00,,,,,,,,0.77,0.77,,0.0,0,False
2026-03-24 04:10:00+00:00,,,,,,,,0.77,0.77,,0.0,0,False
2026-03-24 04:10:30+00:00,,,,,,,,0.788,0.8,,20.0,2,False
2026-03-24 04:11:00+00:00,,,,,,,,0.78,0.78,,20.0,1,False
2026-03-24 04:11:30+00:00,,,,,,,,0.78,0.78,,20.0,1,False
2026-03-24 04:12:00+00:00,,,,,,,,0.78,0.78,,0.0,0,False
2026-03-24 04:12:30+00:00,,,,,,,,0.78,0.78,,8.0,1,False
2026-03-24 04:13:00+00:00,,,,,,,,0.78,0.78,,10.0,1,False
2026-03-24 04:13:30+00:00,,,,,,,,0.78,0.78,,421.0,4,False
2026-03-24 04:14:00+00:00,,,,,,,,0.78,0.78,,0.0,0,False
2026-03-24 04:14:30+00:00,,,,,,,,0.78,0.78,,0.0,0,False
2026-03-24 04:15:00+00:00,,,,,,,,0.79,0.79,,12.0,2,False
2026-03-24 04:15:30+00:00,,,,,,,,0.7800000000000001,0.78,,27.0,1,False
2026-03-24 04:16:00+00:00,,,,,,,,0.78,0.78,,104.0,1,False
2026-03-24 04:16:30+00:00,,,,,,,,0.7816666666666667,0.78,,6.0,3,False
2026-03-24 04:17:00+00:00,,,,,,,,0.79,0.79,,47.0,1,False
2026-03-24 04:17:30+00:00,,,,,,,,0.79,0.79,,0.0,0,False
2026-03-24 04:18:00+00:00,,,,,,,,0.79,0.79,,0.0,0,False
2026-03-24 04:18:30+00:00,,,,,,,,0.79,0.79,,0.0,0,False
2026-03-24 04:19:00+00:00,,,,,,,,0.7900000000000001,0.79,,22.0,1,False
2026-03-24 04:19:30+00:00,,,,,,,,0.7814814814814816,0.79,,108.0,2,False
2026-03-24 04:20:00+00:00,,,,,,,,0.7814814814814816,0.79,,0.0,0,False
2026-03-24 04:20:30+00:00,,,,,,,,0.7814814814814816,0.79,,0.0,0,False
2026-03-24 04:21:00+00:00,,,,,,,,0.7814814814814816,0.79,,0.0,0,False
2026-03-24 04:21:30+00:00,,,,,,,,0.7814814814814816,0.79,,0.0,0,False
2026-03-24 04:22:00+00:00,,,,,,,,0.7814814814814816,0.79,,0.0,0,False
2026-03-24 04:22:30+00:00,,,,,,,,0.7814814814814816,0.79,,0.0,0,False
2026-03-24 04:23:00+00:00,,,,,,,,0.7814814814814816,0.79,,0.0,0,False
2026-03-24 04:23:30+00:00,,,,,,,,0.7814814814814816,0.79,,0.0,0,False
2026-03-24 04:24:00+00:00,,,,,,,,0.7814814814814816,0.79,,0.0,0,False
2026-03-24 04:24:30+00:00,,,,,,,,0.79,0.79,,12.0,1,False
2026-03-24 04:25:00+00:00,,,,,,,,0.7899999999999999,0.79,,111.0,2,False
2026-03-24 04:25:30+00:00,,,,,,,,0.7899999999999999,0.79,,0.0,0,False
2026-03-24 04:26:00+00:00,,,,,,,,0.7899999999999999,0.79,,0.0,0,False
2026-03-24 04:26:30+00:00,,,,,,,,0.7899999999999999,0.79,,0.0,0,False
2026-03-24 04:27:00+00:00,,,,,,,,0.7900000000000001,0.79,,30.0,1,False
2026-03-24 04:27:30+00:00,,,,,,,,0.79,0.79,,1101.0,14,False
2026-03-24 04:28:00+00:00,,,,,,,,0.79,0.79,,0.0,0,False
2026-03-24 04:28:30+00:00,,,,,,,,0.8,0.8,,1.0,1,False
2026-03-24 04:29:00+00:00,,,,,,,,0.780686274509804,0.78,,102.0,3,False
2026-03-24 04:29:30+00:00,,,,,,,,0.8000000000000002,0.8,,6.0,1,False
2026-03-24 04:30:00+00:00,,,,,,,,0.8,0.8,,33.0,3,False
2026-03-24 04:30:30+00:00,,,,,,,,0.8000000000000002,0.8,,6.0,1,False
2026-03-24 04:31:00+00:00,,,,,,,,0.7987500000000001,0.78,,64.0,3,False
2026-03-24 04:31:30+00:00,,,,,,,,0.8,0.8,,1.0,1,False
2026-03-24 04:32:00+00:00,,,,,,,,0.8,0.8,,0.0,0,False
2026-03-24 04:32:30+00:00,,,,,,,,0.7799999999999999,0.78,,71.0,2,False
2026-03-24 04:33:00+00:00,,,,,,,,0.7864285714285715,0.78,,140.0,4,False
2026-03-24 04:33:30+00:00,,,,,,,,0.8,0.8,,17.0,1,False
2026-03-24 04:34:00+00:00,,,,,,,,0.8,0.8,,0.0,0,False
2026-03-24 04:34:30+00:00,,,,,,,,0.799359899592093,0.8,,6374.0,6,False
2026-03-24 04:35:00+00:00,,,,,,,,0.799359899592093,0.8,,0.0,0,False
2026-03-24 04:35:30+00:00,,,,,,,,0.7800461893764434,0.79,,433.0,4,False
2026-03-24 04:36:00+00:00,,,,,,,,0.79,0.79,,102.0,2,False
2026-03-24 04:36:30+00:00,,,,,,,,0.7890746268656718,0.79,,670.0,7,False
2026-03-24 04:37:00+00:00,,,,,,,,0.78,0.78,,4.0,1,False
2026-03-24 04:37:30+00:00,,,,,,,,0.7909090909090909,0.8,,22.0,4,False
2026-03-24 04:38:00+00:00,,,,,,,,0.7799999999999999,0.78,,24.0,1,False
2026-03-24 04:38:30+00:00,,,,,,,,0.7799999999999999,0.78,,0.0,0,False
2026-03-24 04:39:00+00:00,,,,,,,,0.7891666666666667,0.78,,24.0,2,False
2026-03-24 04:39:30+00:00,,,,,,,,0.7891489361702126,0.78,,47.0,2,False
2026-03-24 04:40:00+00:00,,,,,,,,0.7856756756756758,0.79,,481.0,5,False
2026-03-24 04:40:30+00:00,,,,,,,,0.7856756756756758,0.79,,0.0,0,False
2026-03-24 04:41:00+00:00,,,,,,,,0.7896875,0.8,,64.0,3,False
2026-03-24 04:41:30+00:00,,,,,,,,0.7896875,0.8,,0.0,0,False
2026-03-24 04:42:00+00:00,,,,,,,,0.7896875,0.8,,0.0,0,False
2026-03-24 04:42:30+00:00,,,,,,,,0.8,0.8,,1.0,1,False
2026-03-24 04:43:00+00:00,,,,,,,,0.8,0.8,,0.0,0,False
2026-03-24 04:43:30+00:00,,,,,,,,0.7931506849315069,0.78,,73.0,3,False
2026-03-24 04:44:00+00:00,,,,,,,,0.79,0.79,,119.0,2,False
2026-03-24 04:44:30+00:00,,,,,,,,0.79,0.79,,0.0,0,False
2026-03-24 04:45:00+00:00,,,,,,,,0.8,0.8,,8518.0,2,False
2026-03-24 04:45:30+00:00,,,,,,,,0.8,0.8,,0.0,0,False
2026-03-24 04:46:00+00:00,,,,,,,,0.8,0.8,,17.0,1,False
2026-03-24 04:46:30+00:00,,,,,,,,0.7930434782608696,0.8,,46.0,3,False
2026-03-24 04:47:00+00:00,,,,,,,,0.798818565400844,0.8,,711.0,4,False
2026-03-24 04:47:30+00:00,,,,,,,,0.78,0.78,,10.0,1,False
2026-03-24 04:48:00+00:00,,,,,,,,0.7832432432432432,0.79,,37.0,3,False
2026-03-24 04:48:30+00:00,,,,,,,,0.7803999999999999,0.79,,150.0,5,False
2026-03-24 04:49:00+00:00,,,,,,,,0.7888571428571429,0.78,,70.0,3,False
2026-03-24 04:49:30+00:00,,,,,,,,0.78,0.78,,100.0,2,False
2026-03-24 04:50:00+00:00,,,,,,,,0.78,0.78,,0.0,0,False
2026-03-24 04:50:30+00:00,,,,,,,,0.78,0.78,,86.0,4,False
2026-03-24 04:51:00+00:00,,,,,,,,0.7800000000000001,0.78,,43.0,2,False
2026-03-24 04:51:30+00:00,,,,,,,,0.7800000000000001,0.78,,0.0,0,False
2026-03-24 04:52:00+00:00,,,,,,,,0.7834782608695653,0.78,,69.0,4,False
2026-03-24 04:52:30+00:00,,,,,,,,0.7800000000000001,0.78,,83.0,2,False
2026-03-24 04:53:00+00:00,,,,,,,,0.7800046490004648,0.78,,4302.0,21,False
2026-03-24 04:53:30+00:00,,,,,,,,0.7800046490004648,0.78,,0.0,0,False
2026-03-24 04:54:00+00:00,,,,,,,,0.78,0.78,,3125.0,1,False
2026-03-24 04:54:30+00:00,,,,,,,,0.7899999999999999,0.79,,13.0,1,False
2026-03-24 04:55:00+00:00,,,,,,,,0.7810416666666667,0.79,,48.0,2,False
2026-03-24 04:55:30+00:00,,,,,,,,0.7810416666666667,0.79,,0.0,0,False
2026-03-24 04:56:00+00:00,,,,,,,,0.78,0.78,,300.0,2,False
2026-03-24 04:56:30+00:00,,,,,,,,0.78,0.78,,333.0,3,False
2026-03-24 04:57:00+00:00,,,,,,,,0.784031007751938,0.78,,129.0,5,False
2026-03-24 04:57:30+00:00,,,,,,,,0.7866197183098591,0.78,,1349.0,6,False
2026-03-24 04:58:00+00:00,,,,,,,,0.7886842105263158,0.78,,76.0,2,False
2026-03-24 04:58:30+00:00,,,,,,,,0.78,0.78,,266.0,2,False
2026-03-24 04:59:00+00:00,,,,,,,,0.79,0.79,,106.0,2,False
2026-03-24 04:59:30+00:00,,,,,,,,0.79,0.79,,0.0,0,False
2026-03-24 05:00:00+00:00,,,,,,,,0.79,0.79,,2.0,1,False
2026-03-24 05:00:30+00:00,,,,,,,,0.7800000000000001,0.78,,83.0,1,False
2026-03-24 05:01:00+00:00,,,,,,,,0.7800000000000001,0.78,,0.0,0,False
2026-03-24 05:01:30+00:00,,,,,,,,0.78,0.78,,69.0,2,False
2026-03-24 05:02:00+00:00,,,,,,,,0.79,0.79,,12.0,1,False
2026-03-24 05:02:30+00:00,,,,,,,,0.7821818181818181,0.79,,55.0,2,False
2026-03-24 05:03:00+00:00,,,,,,,,0.7807171314741037,0.79,,251.0,5,False
2026-03-24 05:03:30+00:00,,,,,,,,0.78125,0.79,,224.0,3,False
2026-03-24 05:04:00+00:00,,,,,,,,0.8,0.8,,17.0,1,False
2026-03-24 05:04:30+00:00,,,,,,,,0.78,0.78,,430.0,1,False
2026-03-24 05:05:00+00:00,,,,,,,,0.8000000000000002,0.8,,6.0,1,False
2026-03-24 05:05:30+00:00,,,,,,,,0.7951162790697673,0.78,,86.0,2,False
2026-03-24 05:06:00+00:00,,,,,,,,0.7951162790697673,0.78,,0.0,0,False
2026-03-24 05:06:30+00:00,,,,,,,,0.7800000000000001,0.78,,6465.0,4,False
2026-03-24 05:07:00+00:00,,,,,,,,0.7800000000000001,0.78,,0.0,0,False
2026-03-24 05:07:30+00:00,,,,,,,,0.78,0.78,,1333.0,9,False
2026-03-24 05:08:00+00:00,,,,,,,,0.78,0.78,,8.0,1,False
2026-03-24 05:08:30+00:00,,,,,,,,0.78,0.78,,2.0,1,False
2026-03-24 05:09:00+00:00,,,,,,,,0.7801851851851852,0.78,,108.0,6,False
2026-03-24 05:09:30+00:00,,,,,,,,0.8,0.8,,1.0,1,False
2026-03-24 05:10:00+00:00,,,,,,,,0.8,0.8,,0.0,0,False
2026-03-24 05:10:30+00:00,,,,,,,,0.7799999999999999,0.78,,27.0,2,False
2026-03-24 05:11:00+00:00,,,,,,,,0.7967910447761194,0.78,,268.0,2,False
2026-03-24 05:11:30+00:00,,,,,,,,0.7967910447761194,0.78,,0.0,0,False
2026-03-24 05:12:00+00:00,,,,,,,,0.78,0.78,,61.0,1,False
2026-03-24 05:12:30+00:00,,,,,,,,0.78,0.78,,354.0,1,False
2026-03-24 05:13:00+00:00,,,,,,,,0.8000000000000002,0.8,,6.0,1,False
2026-03-24 05:13:30+00:00,,,,,,,,0.78,0.78,,240.0,4,False
2026-03-24 05:14:00+00:00,,,,,,,,0.78,0.78,,0.0,0,False
2026-03-24 05:14:30+00:00,,,,,,,,0.788,0.78,,20.0,3,False
2026-03-24 05:15:00+00:00,,,,,,,,0.788,0.78,,0.0,0,False
2026-03-24 05:15:30+00:00,,,,,,,,0.7846153846153847,0.8,,26.0,2,False
2026-03-24 05:16:00+00:00,,,,,,,,0.7846153846153847,0.8,,0.0,0,False
2026-03-24 05:16:30+00:00,,,,,,,,0.7849999999999999,0.78,,4.0,2,False
2026-03-24 05:17:00+00:00,,,,,,,,0.7747727272727274,0.77,,44.0,2,False
2026-03-24 05:17:30+00:00,,,,,,,,0.7747727272727274,0.77,,0.0,0,False
2026-03-24 05:18:00+00:00,,,,,,,,0.8,0.8,,4.0,1,False
2026-03-24 05:18:30+00:00,,,,,,,,0.7802797202797204,0.8,,143.0,6,False
2026-03-24 05:19:00+00:00,,,,,,,,0.77,0.77,,960.0,3,False
2026-03-24 05:19:30+00:00,,,,,,,,0.77,0.77,,276.0,2,False
2026-03-24 05:20:00+00:00,,,,,,,,0.77,0.77,,0.0,0,False
2026-03-24 05:20:30+00:00,,,,,,,,0.77,0.77,,0.0,0,False
2026-03-24 05:21:00+00:00,,,,,,,,0.7925000000000001,0.8,,16.0,2,False
2026-03-24 05:21:30+00:00,,,,,,,,0.77,0.77,,1220.0,4,False
2026-03-24 05:22:00+00:00,,,,,,,,0.7699999999999999,0.77,,29.0,2,False
2026-03-24 05:22:30+00:00,,,,,,,,0.8,0.8,,11930.0,12,False
2026-03-24 05:23:00+00:00,,,,,,,,0.8000000000000002,0.8,,6.0,1,False
2026-03-24 05:23:30+00:00,,,,,,,,0.8000000000000002,0.8,,0.0,0,False
2026-03-24 05:24:00+00:00,,,,,,,,0.8000000000000002,0.8,,0.0,0,False
2026-03-24 05:24:30+00:00,,,,,,,,0.8000000000000002,0.8,,0.0,0,False
2026-03-24 05:25:00+00:00,,,,,,,,0.8000000000000002,0.8,,0.0,0,False
2026-03-24 05:25:30+00:00,,,,,,,,0.7866666666666666,0.8,,18.0,3,False
2026-03-24 05:26:00+00:00,,,,,,,,0.7866666666666666,0.8,,0.0,0,False
2026-03-24 05:26:30+00:00,,,,,,,,0.8,0.8,,23.0,2,False
2026-03-24 05:27:00+00:00,,,,,,,,0.78,0.78,,43.0,1,False
2026-03-24 05:27:30+00:00,,,,,,,,0.78,0.78,,102.0,2,False
2026-03-24 05:28:00+00:00,,,,,,,,0.796,0.8,,20.0,2,False
2026-03-24 05:28:30+00:00,,,,,,,,0.78,0.78,,1250.0,2,False
2026-03-24 05:29:00+00:00,,,,,,,,0.78,0.78,,158.0,6,False
2026-03-24 05:29:30+00:00,,,,,,,,0.78,0.78,,0.0,0,False
2026-03-24 05:30:00+00:00,,,,,,,,0.7932773109243699,0.78,,357.0,3,False
2026-03-24 05:30:30+00:00,,,,,,,,0.8000000000000002,0.8,,6.0,1,False
2026-03-24 05:31:00+00:00,,,,,,,,0.7800000000000001,0.78,,111.0,2,False
2026-03-24 05:31:30+00:00,,,,,,,,0.7800000000000001,0.78,,0.0,0,False
2026-03-24 05:32:00+00:00,,,,,,,,0.7800000000000001,0.78,,0.0,0,False
2026-03-24 05:32:30+00:00,,,,,,,,0.78,0.78,,64.0,1,False
2026-03-24 05:33:00+00:00,,,,,,,,0.78,0.78,,0.0,0,False
2026-03-24 05:33:30+00:00,,,,,,,,0.78,0.78,,0.0,0,False
2026-03-24 05:34:00+00:00,,,,,,,,0.7799999999999999,0.78,,84.0,2,False
2026-03-24 05:34:30+00:00,,,,,,,,0.7799999999999999,0.78,,0.0,0,False
2026-03-24 05:35:00+00:00,,,,,,,,0.7799999999999999,0.78,,0.0,0,False
2026-03-24 05:35:30+00:00,,,,,,,,0.78,0.78,,68.0,1,False
2026-03-24 05:36:00+00:00,,,,,,,,0.78,0.78,,0.0,0,False
2026-03-24 05:36:30+00:00,,,,,,,,0.78,0.78,,0.0,0,False
2026-03-24 05:37:00+00:00,,,,,,,,0.78,0.78,,0.0,0,False
2026-03-24 05:37:30+00:00,,,,,,,,0.78,0.78,,0.0,0,False
2026-03-24 05:38:00+00:00,,,,,,,,0.78,0.78,,0.0,0,False
2026-03-24 05:38:30+00:00,,,,,,,,0.7827906976744186,0.8,,172.0,4,False
2026-03-24 05:39:00+00:00,,,,,,,,0.7880952380952382,0.78,,42.0,2,False
2026-03-24 05:39:30+00:00,,,,,,,,0.7880952380952382,0.78,,0.0,0,False
2026-03-24 05:40:00+00:00,,,,,,,,0.780144491270319,0.78,,1661.0,3,False
2026-03-24 05:40:30+00:00,,,,,,,,0.780144491270319,0.78,,0.0,0,False
2026-03-24 05:41:00+00:00,,,,,,,,0.78,0.78,,1724.0,1,False
2026-03-24 05:41:30+00:00,,,,,,,,0.7799999999999999,0.78,,12.0,1,False
2026-03-24 05:42:00+00:00,,,,,,,,0.8,0.8,,38.0,2,False
2026-03-24 05:42:30+00:00,,,,,,,,0.8,0.8,,0.0,0,False
2026-03-24 05:43:00+00:00,,,,,,,,0.78,0.78,,19.0,1,False
2026-03-24 05:43:30+00:00,,,,,,,,0.78,0.78,,309.0,1,False
2026-03-24 05:44:00+00:00,,,,,,,,0.8,0.8,,2.0,1,False
2026-03-24 05:44:30+00:00,,,,,,,,0.78,0.78,,431.0,1,False
2026-03-24 05:45:00+00:00,,,,,,,,0.78,0.78,,2491.0,1,False
2026-03-24 05:45:30+00:00,,,,,,,,0.78,0.78,,0.0,0,False
2026-03-24 05:46:00+00:00,,,,,,,,0.8,0.8,,1.0,1,False
2026-03-24 05:46:30+00:00,,,,,,,,0.78,0.78,,43.0,1,False
2026-03-24 05:47:00+00:00,,,,,,,,0.8,0.8,,8.0,1,False
2026-03-24 05:47:30+00:00,,,,,,,,0.8,0.8,,0.0,0,False
2026-03-24 05:48:00+00:00,,,,,,,,0.8,0.8,,0.0,0,False
2026-03-24 05:48:30+00:00,,,,,,,,0.7833333333333334,0.8,,72.0,4,False
2026-03-24 05:49:00+00:00,,,,,,,,0.7833333333333334,0.8,,0.0,0,False
2026-03-24 05:49:30+00:00,,,,,,,,0.78,0.78,,8.0,1,False
2026-03-24 05:50:00+00:00,,,,,,,,0.8,0.8,,49.0,1,False
2026-03-24 05:50:30+00:00,,,,,,,,0.78,0.78,,4.0,1,False
2026-03-24 05:51:00+00:00,,,,,,,,0.8,0.8,,40.0,1,False
2026-03-24 05:51:30+00:00,,,,,,,,0.78,0.78,,20.0,1,False
2026-03-24 05:52:00+00:00,,,,,,,,0.78,0.78,,0.0,0,False
2026-03-24 05:52:30+00:00,,,,,,,,0.7928070175438597,0.78,,114.0,2,False
2026-03-24 05:53:00+00:00,,,,,,,,0.7928070175438597,0.78,,0.0,0,False
2026-03-24 05:53:30+00:00,,,,,,,,0.7963636363636365,0.8,,22.0,3,False
2026-03-24 05:54:00+00:00,,,,,,,,0.7963636363636365,0.8,,0.0,0,False
2026-03-24 05:54:30+00:00,,,,,,,,0.7963636363636365,0.8,,0.0,0,False
2026-03-24 05:55:00+00:00,,,,,,,,0.78,0.78,,10.0,1,False
2026-03-24 05:55:30+00:00,,,,,,,,0.8000000000000002,0.8,,53.0,1,False
2026-03-24 05:56:00+00:00,,,,,,,,0.8000000000000002,0.8,,0.0,0,False
2026-03-24 05:56:30+00:00,,,,,,,,0.7799999999999999,0.78,,12.0,1,False
2026-03-24 05:57:00+00:00,,,,,,,,0.7799999999999999,0.78,,21.0,1,False
2026-03-24 05:57:30+00:00,,,,,,,,0.7999999999999999,0.8,,91.0,1,False
2026-03-24 05:58:00+00:00,,,,,,,,0.7999999999999999,0.8,,0.0,0,False
2026-03-24 05:58:30+00:00,,,,,,,,0.7987692307692308,0.78,,65.0,2,False
2026-03-24 05:59:00+00:00,,,,,,,,0.7800399201596807,0.8,,501.0,2,False
2026-03-24 05:59:30+00:00,,,,,,,,0.7800399201596807,0.8,,0.0,0,False
2026-03-24 06:00:00+00:00,,,,,,,,0.7800399201596807,0.8,,0.0,0,False
2026-03-24 06:00:30+00:00,,,,,,,,0.7800399201596807,0.8,,0.0,0,False
2026-03-24 06:01:00+00:00,,,,,,,,0.7799999999999999,0.78,,21.0,1,False
2026-03-24 06:01:30+00:00,,,,,,,,0.78,0.78,,155.0,2,False
2026-03-24 06:02:00+00:00,,,,,,,,0.8000000000000002,0.8,,12.0,1,False
2026-03-24 06:02:30+00:00,,,,,,,,0.8000000000000002,0.8,,0.0,0,False
2026-03-24 06:03:00+00:00,,,,,,,,0.8000000000000002,0.8,,0.0,0,False
2026-03-24 06:03:30+00:00,,,,,,,,0.8,0.8,,36.0,1,False
2026-03-24 06:04:00+00:00,,,,,,,,0.78,0.78,,20.0,1,False
2026-03-24 06:04:30+00:00,,,,,,,,0.78,0.78,,0.0,0,False
2026-03-24 06:05:00+00:00,,,,,,,,0.78,0.78,,0.0,0,False
2026-03-24 06:05:30+00:00,,,,,,,,0.78,0.78,,0.0,0,False
2026-03-24 06:06:00+00:00,,,,,,,,0.7979365079365079,0.8,,1008.0,7,False
2026-03-24 06:06:30+00:00,,,,,,,,0.7979365079365079,0.8,,0.0,0,False
2026-03-24 06:07:00+00:00,,,,,,,,0.8,0.8,,30.0,1,False
2026-03-24 06:07:30+00:00,,,,,,,,0.8,0.8,,0.0,0,False
2026-03-24 06:08:00+00:00,,,,,,,,0.8,0.8,,0.0,0,False
2026-03-24 06:08:30+00:00,,,,,,,,0.8,0.8,,0.0,0,False
2026-03-24 06:09:00+00:00,,,,,,,,0.8,0.8,,0.0,0,False
2026-03-24 06:09:30+00:00,,,,,,,,0.7864516129032257,0.8,,31.0,2,False
2026-03-24 06:10:00+00:00,,,,,,,,0.7864516129032257,0.8,,0.0,0,False
2026-03-24 06:10:30+00:00,,,,,,,,0.8,0.8,,9.0,1,False
2026-03-24 06:11:00+00:00,,,,,,,,0.8,0.8,,0.0,0,False
2026-03-24 06:11:30+00:00,,,,,,,,0.795,0.8,,2.0,2,False
2026-03-24 06:12:00+00:00,,,,,,,,0.795,0.8,,0.0,0,False
2026-03-24 06:12:30+00:00,,,,,,,,0.8,0.8,,1.0,1,False
2026-03-24 06:13:00+00:00,,,,,,,,0.8,0.8,,0.0,0,False
2026-03-24 06:13:30+00:00,,,,,,,,0.78,0.78,,20.0,1,False
2026-03-24 06:14:00+00:00,,,,,,,,0.8,0.8,,19.0,1,False
2026-03-24 06:14:30+00:00,,,,,,,,0.8,0.8,,0.0,0,False
2026-03-24 06:15:00+00:00,,,,,,,,0.8,0.8,,0.0,0,False
2026-03-24 06:15:30+00:00,,,,,,,,0.8,0.8,,0.0,0,False
2026-03-24 06:16:00+00:00,,,,,,,,0.79,0.79,,36.0,2,False
2026-03-24 06:16:30+00:00,,,,,,,,0.78,0.78,,11.0,1,False
2026-03-24 06:17:00+00:00,,,,,,,,0.78,0.78,,0.0,0,False
2026-03-24 06:17:30+00:00,,,,,,,,0.78,0.78,,0.0,0,False
2026-03-24 06:18:00+00:00,,,,,,,,0.78,0.78,,0.0,0,False
2026-03-24 06:18:30+00:00,,,,,,,,0.78,0.78,,0.0,0,False
2026-03-24 06:19:00+00:00,,,,,,,,0.8000000000000002,0.8,,30.0,2,False
2026-03-24 06:19:30+00:00,,,,,,,,0.8,0.8,,32.0,1,False
2026-03-24 06:20:00+00:00,,,,,,,,0.8,0.8,,0.0,0,False
2026-03-24 06:20:30+00:00,,,,,,,,0.8,0.8,,0.0,0,False
2026-03-24 06:21:00+00:00,,,,,,,,0.8,0.8,,0.0,0,False
2026-03-24 06:21:30+00:00,,,,,,,,0.8,0.8,,0.0,0,False
2026-03-24 06:22:00+00:00,,,,,,,,0.7805490196078433,0.8,,765.0,3,False
2026-03-24 06:22:30+00:00,,,,,,,,0.8000000000000002,0.8,,18.0,2,False
2026-03-24 06:23:00+00:00,,,,,,,,0.8000000000000002,0.8,,0.0,0,False
2026-03-24 06:23:30+00:00,,,,,,,,0.7800000000000001,0.78,,220.0,2,False
2026-03-24 06:24:00+00:00,,,,,,,,0.7800000000000001,0.78,,0.0,0,False
2026-03-24 06:24:30+00:00,,,,,,,,0.7799999999999999,0.78,,12.0,2,False
2026-03-24 06:25:00+00:00,,,,,,,,0.7799999999999999,0.78,,0.0,0,False
2026-03-24 06:25:30+00:00,,,,,,,,0.7800000000000001,0.78,,83.0,1,False
2026-03-24 06:26:00+00:00,,,,,,,,0.7800000000000001,0.78,,0.0,0,False
2026-03-24 06:26:30+00:00,,,,,,,,0.7800000000000001,0.78,,0.0,0,False
2026-03-24 06:27:00+00:00,,,,,,,,0.7800000000000001,0.78,,0.0,0,False
2026-03-24 06:27:30+00:00,,,,,,,,0.78,0.78,,10.0,1,False
2026-03-24 06:28:00+00:00,,,,,,,,0.8,0.8,,1.0,1,False
2026-03-24 06:28:30+00:00,,,,,,,,0.8,0.8,,121.0,1,False
2026-03-24 06:29:00+00:00,,,,,,,,0.8,0.8,,0.0,0,False
2026-03-24 06:29:30+00:00,,,,,,,,0.8,0.8,,0.0,0,False
2026-03-24 06:30:00+00:00,,,,,,,,0.78,0.78,,8.0,1,False
2026-03-24 06:30:30+00:00,,,,,,,,0.78,0.78,,0.0,0,False
2026-03-24 06:31:00+00:00,,,,,,,,0.78,0.78,,0.0,0,False
2026-03-24 06:31:30+00:00,,,,,,,,0.78,0.78,,0.0,0,False
2026-03-24 06:32:00+00:00,,,,,,,,0.78,0.78,,0.0,0,False
2026-03-24 06:32:30+00:00,,,,,,,,0.78,0.78,,0.0,0,False
2026-03-24 06:33:00+00:00,,,,,,,,0.78,0.78,,0.0,0,False
2026-03-24 06:33:30+00:00,,,,,,,,0.78,0.78,,0.0,0,False
2026-03-24 06:34:00+00:00,,,,,,,,0.78,0.78,,0.0,0,False
2026-03-24 06:34:30+00:00,,,,,,,,0.78,0.78,,0.0,0,False
2026-03-24 06:35:00+00:00,,,,,,,,0.78,0.78,,0.0,0,False
2026-03-24 06:35:30+00:00,,,,,,,,0.78,0.78,,0.0,0,False
2026-03-24 06:36:00+00:00,,,,,,,,0.78,0.78,,0.0,0,False
2026-03-24 06:36:30+00:00,,,,,,,,0.78,0.78,,0.0,0,False
2026-03-24 06:37:00+00:00,,,,,,,,0.7799999999999999,0.78,,21.0,1,False
2026-03-24 06:37:30+00:00,,,,,,,,0.78,0.78,,25.0,2,False
2026-03-24 06:38:00+00:00,,,,,,,,0.78,0.78,,0.0,0,False
2026-03-24 06:38:30+00:00,,,,,,,,0.7800000000000001,0.78,,21.0,3,False
2026-03-24 06:39:00+00:00,,,,,,,,0.78,0.78,,1.0,1,False
2026-03-24 06:39:30+00:00,,,,,,,,0.78,0.78,,158.0,2,False
2026-03-24 06:40:00+00:00,,,,,,,,0.78,0.78,,0.0,0,False
2026-03-24 06:40:30+00:00,,,,,,,,0.78,0.78,,0.0,0,False
2026-03-24 06:41:00+00:00,,,,,,,,0.78,0.78,,0.0,0,False
2026-03-24 06:41:30+00:00,,,,,,,,0.78,0.78,,0.0,0,False
2026-03-24 06:42:00+00:00,,,,,,,,0.78,0.78,,0.0,0,False
2026-03-24 06:42:30+00:00,,,,,,,,0.78,0.78,,0.0,0,False
2026-03-24 06:43:00+00:00,,,,,,,,0.8000000000000002,0.8,,25.0,3,False
2026-03-24 06:43:30+00:00,,,,,,,,0.8000000000000002,0.8,,0.0,0,False
2026-03-24 06:44:00+00:00,,,,,,,,0.8000000000000002,0.8,,0.0,0,False
2026-03-24 06:44:30+00:00,,,,,,,,0.8000000000000002,0.8,,0.0,0,False
2026-03-24 06:45:00+00:00,,,,,,,,0.8000000000000002,0.8,,0.0,0,False
2026-03-24 06:45:30+00:00,,,,,,,,0.8000000000000002,0.8,,0.0,0,False
2026-03-24 06:46:00+00:00,,,,,,,,0.8000000000000002,0.8,,0.0,0,False
2026-03-24 06:46:30+00:00,,,,,,,,0.7813333333333333,0.78,,15.0,2,False
2026-03-24 06:47:00+00:00,,,,,,,,0.7813333333333333,0.78,,0.0,0,False
2026-03-24 06:47:30+00:00,,,,,,,,0.78,0.78,,41.0,1,False
2026-03-24 06:48:00+00:00,,,,,,,,0.78,0.78,,0.0,0,False
2026-03-24 06:48:30+00:00,,,,,,,,0.8000000000000002,0.8,,6.0,1,False
2026-03-24 06:49:00+00:00,,,,,,,,0.8000000000000002,0.8,,24.0,1,False
2026-03-24 06:49:30+00:00,,,,,,,,0.7800000000000001,0.78,,27.0,1,False
2026-03-24 06:50:00+00:00,,,,,,,,0.7800000000000001,0.78,,0.0,0,False
2026-03-24 06:50:30+00:00,,,,,,,,0.7800000000000001,0.78,,0.0,0,False
2026-03-24 06:51:00+00:00,,,,,,,,0.78,0.78,,41.0,1,False
2026-03-24 06:51:30+00:00,,,,,,,,0.78,0.78,,0.0,0,False
2026-03-24 06:52:00+00:00,,,,,,,,0.78,0.78,,0.0,0,False
2026-03-24 06:52:30+00:00,,,,,,,,0.78,0.78,,0.0,0,False
2026-03-24 06:53:00+00:00,,,,,,,,0.78,0.78,,0.0,0,False
2026-03-24 06:53:30+00:00,,,,,,,,0.7800000000000001,0.78,,271.0,2,False
2026-03-24 06:54:00+00:00,,,,,,,,0.7833333333333333,0.78,,24.0,2,False
2026-03-24 06:54:30+00:00,,,,,,,,0.7833333333333333,0.78,,0.0,0,False
2026-03-24 06:55:00+00:00,,,,,,,,0.7799999999999999,0.78,,21.0,1,False
2026-03-24 06:55:30+00:00,,,,,,,,0.7799999999999999,0.78,,0.0,0,False
2026-03-24 06:56:00+00:00,,,,,,,,0.78,0.78,,30.0,1,False
2026-03-24 06:56:30+00:00,,,,,,,,0.8,0.8,,2.0,1,False
2026-03-24 06:57:00+00:00,,,,,,,,0.8000000000000002,0.8,,6.0,1,False
2026-03-24 06:57:30+00:00,,,,,,,,0.78,0.78,,20.0,1,False
2026-03-24 06:58:00+00:00,,,,,,,,0.78,0.78,,0.0,0,False
2026-03-24 06:58:30+00:00,,,,,,,,0.8,0.8,,9.0,1,False
2026-03-24 06:59:00+00:00,,,,,,,,0.8,0.8,,0.0,0,False
2026-03-24 06:59:30+00:00,,,,,,,,0.8,0.8,,0.0,0,False
2026-03-24 07:00:00+00:00,,,,,,,,0.8,0.8,,0.0,0,False
2026-03-24 07:00:30+00:00,,,,,,,,0.8,0.8,,0.0,0,False
2026-03-24 07:01:00+00:00,,,,,,,,0.8,0.8,,2.0,1,False
2026-03-24 07:01:30+00:00,,,,,,,,0.8,0.8,,357.0,1,False
2026-03-24 07:02:00+00:00,,,,,,,,0.8,0.8,,0.0,0,False
2026-03-24 07:02:30+00:00,,,,,,,,0.8,0.8,,0.0,0,False
2026-03-24 07:03:00+00:00,,,,,,,,0.8,0.8,,0.0,0,False
2026-03-24 07:03:30+00:00,,,,,,,,0.7853846153846155,0.78,,78.0,3,False
2026-03-24 07:04:00+00:00,,,,,,,,0.7900000000000001,0.79,,134.0,2,False
2026-03-24 07:04:30+00:00,,,,,,,,0.7799999999999999,0.78,,21.0,1,False
2026-03-24 07:05:00+00:00,,,,,,,,0.7799999999999999,0.78,,0.0,0,False
2026-03-24 07:05:30+00:00,,,,,,,,0.7799999999999999,0.78,,0.0,0,False
2026-03-24 07:06:00+00:00,,,,,,,,0.7799999999999999,0.78,,0.0,0,False
2026-03-24 07:06:30+00:00,,,,,,,,0.7799999999999999,0.78,,0.0,0,False
2026-03-24 07:07:00+00:00,,,,,,,,0.7799999999999999,0.78,,0.0,0,False
2026-03-24 07:07:30+00:00,,,,,,,,0.7899999999999999,0.79,,197.0,1,False
2026-03-24 07:08:00+00:00,,,,,,,,0.7899999999999999,0.79,,0.0,0,False
2026-03-24 07:08:30+00:00,,,,,,,,0.7899999999999999,0.79,,0.0,0,False
2026-03-24 07:09:00+00:00,,,,,,,,0.7900000000000001,0.79,,197.0,2,False
2026-03-24 07:09:30+00:00,,,,,,,,0.7900000000000001,0.79,,0.0,0,False
2026-03-24 07:10:00+00:00,,,,,,,,0.7900000000000001,0.79,,0.0,0,False
2026-03-24 07:10:30+00:00,,,,,,,,0.77,0.77,,1.0,1,False
2026-03-24 07:11:00+00:00,,,,,,,,0.77,0.77,,41.0,1,False
2026-03-24 07:11:30+00:00,,,,,,,,0.77,0.77,,0.0,0,False
2026-03-24 07:12:00+00:00,,,,,,,,0.77,0.77,,0.0,0,False
2026-03-24 07:12:30+00:00,,,,,,,,0.77,0.77,,0.0,0,False
2026-03-24 07:13:00+00:00,,,,,,,,0.77,0.77,,1.0,1,False
2026-03-24 07:13:30+00:00,,,,,,,,0.77,0.77,,0.0,0,False
2026-03-24 07:14:00+00:00,,,,,,,,0.77,0.77,,20.0,1,False
2026-03-24 07:14:30+00:00,,,,,,,,0.79,0.79,,1.0,1,False
2026-03-24 07:15:00+00:00,,,,,,,,0.79,0.79,,0.0,0,False
2026-03-24 07:15:30+00:00,,,,,,,,0.79,0.79,,0.0,0,False
2026-03-24 07:16:00+00:00,,,,,,,,0.79,0.79,,0.0,0,False
2026-03-24 07:16:30+00:00,,,,,,,,0.79,0.79,,0.0,0,False
2026-03-24 07:17:00+00:00,,,,,,,,0.79,0.79,,0.0,0,False
2026-03-24 07:17:30+00:00,,,,,,,,0.77,0.77,,25.0,2,False
2026-03-24 07:18:00+00:00,,,,,,,,0.77,0.77,,0.0,0,False
2026-03-24 07:18:30+00:00,,,,,,,,0.79,0.79,,21.0,1,False
2026-03-24 07:19:00+00:00,,,,,,,,0.79,0.79,,0.0,0,False
2026-03-24 07:19:30+00:00,,,,,,,,0.77,0.77,,4.0,1,False
2026-03-24 07:20:00+00:00,,,,,,,,0.79,0.79,,56.0,3,False
2026-03-24 07:20:30+00:00,,,,,,,,0.780909090909091,0.79,,55.0,3,False
2026-03-24 07:21:00+00:00,,,,,,,,0.780909090909091,0.79,,0.0,0,False
2026-03-24 07:21:30+00:00,,,,,,,,0.780909090909091,0.79,,0.0,0,False
2026-03-24 07:22:00+00:00,,,,,,,,0.780909090909091,0.79,,0.0,0,False
2026-03-24 07:22:30+00:00,,,,,,,,0.780909090909091,0.79,,0.0,0,False
2026-03-24 07:23:00+00:00,,,,,,,,0.79,0.79,,7.0,2,False
2026-03-24 07:23:30+00:00,,,,,,,,0.79,0.79,,0.0,0,False
2026-03-24 07:24:00+00:00,,,,,,,,0.7700000000000001,0.77,,401.0,4,False
2026-03-24 07:24:30+00:00,,,,,,,,0.77,0.77,,412.0,1,False
2026-03-24 07:25:00+00:00,,,,,,,,0.77,0.77,,103.0,1,False
2026-03-24 07:25:30+00:00,,,,,,,,0.77,0.77,,0.0,0,False
2026-03-24 07:26:00+00:00,,,,,,,,0.79,0.79,,61.0,1,False
2026-03-24 07:26:30+00:00,,,,,,,,0.77,0.77,,128.0,2,False
2026-03-24 07:27:00+00:00,,,,,,,,0.77,0.77,,0.0,0,False
2026-03-24 07:27:30+00:00,,,,,,,,0.77,0.77,,0.0,0,False
2026-03-24 07:28:00+00:00,,,,,,,,0.77,0.77,,0.0,0,False
2026-03-24 07:28:30+00:00,,,,,,,,0.77,0.77,,0.0,0,False
2026-03-24 07:29:00+00:00,,,,,,,,0.77,0.77,,0.0,0,False
2026-03-24 07:29:30+00:00,,,,,,,,0.77,0.77,,0.0,0,False
2026-03-24 07:30:00+00:00,,,,,,,,0.77,0.77,,0.0,0,False
2026-03-24 07:30:30+00:00,,,,,,,,0.79,0.79,,1.0,1,False
2026-03-24 07:31:00+00:00,,,,,,,,0.79,0.79,,0.0,0,False
2026-03-24 07:31:30+00:00,,,,,,,,0.79,0.79,,0.0,0,False
2026-03-24 07:32:00+00:00,,,,,,,,0.79,0.79,,0.0,0,False
2026-03-24 07:32:30+00:00,,,,,,,,0.79,0.79,,0.0,0,False
2026-03-24 07:33:00+00:00,,,,,,,,0.79,0.79,,0.0,0,False
2026-03-24 07:33:30+00:00,,,,,,,,0.79,0.79,,0.0,0,False
2026-03-24 07:34:00+00:00,,,,,,,,0.78,0.78,,8.0,1,False
2026-03-24 07:34:30+00:00,,,,,,,,0.78,0.78,,0.0,0,False
2026-03-24 07:35:00+00:00,,,,,,,,0.77,0.77,,2.0,1,False
2026-03-24 07:35:30+00:00,,,,,,,,0.77,0.77,,0.0,0,False
2026-03-24 07:36:00+00:00,,,,,,,,0.77,0.77,,0.0,0,False
2026-03-24 07:36:30+00:00,,,,,,,,0.77,0.77,,0.0,0,False
2026-03-24 07:37:00+00:00,,,,,,,,0.77,0.77,,82.0,1,False
2026-03-24 07:37:30+00:00,,,,,,,,0.77,0.77,,0.0,0,False
2026-03-24 07:38:00+00:00,,,,,,,,0.77,0.77,,41.0,1,False
2026-03-24 07:38:30+00:00,,,,,,,,0.79,0.79,,24.0,1,False
2026-03-24 07:39:00+00:00,,,,,,,,0.7811111111111112,0.79,,45.0,3,False
2026-03-24 07:39:30+00:00,,,,,,,,0.7811111111111112,0.79,,0.0,0,False
2026-03-24 07:40:00+00:00,,,,,,,,0.7811111111111112,0.79,,0.0,0,False
2026-03-24 07:40:30+00:00,,,,,,,,0.7811111111111112,0.79,,0.0,0,False
2026-03-24 07:41:00+00:00,,,,,,,,0.79,0.79,,18.0,1,False
2026-03-24 07:41:30+00:00,,,,,,,,0.79,0.79,,0.0,0,False
2026-03-24 07:42:00+00:00,,,,,,,,0.79,0.79,,0.0,0,False
2026-03-24 07:42:30+00:00,,,,,,,,0.77,0.77,,4.0,1,False
2026-03-24 07:43:00+00:00,,,,,,,,0.77,0.77,,0.0,0,False
2026-03-24 07:43:30+00:00,,,,,,,,0.77,0.77,,0.0,0,False
2026-03-24 07:44:00+00:00,,,,,,,,0.77,0.77,,0.0,0,False
2026-03-24 07:44:30+00:00,,,,,,,,0.77,0.77,,0.0,0,False
2026-03-24 07:45:00+00:00,,,,,,,,0.77,0.77,,0.0,0,False
2026-03-24 07:45:30+00:00,,,,,,,,0.77,0.77,,0.0,0,False
2026-03-24 07:46:00+00:00,,,,,,,,0.79,0.79,,229.0,1,False
2026-03-24 07:46:30+00:00,,,,,,,,0.79,0.79,,62.0,1,False
2026-03-24 07:47:00+00:00,,,,,,,,0.77,0.77,,4.0,1,False
2026-03-24 07:47:30+00:00,,,,,,,,0.77,0.77,,0.0,0,False
2026-03-24 07:48:00+00:00,,,,,,,,0.78,0.78,,229.0,2,False
2026-03-24 07:48:30+00:00,,,,,,,,0.78,0.78,,0.0,0,False
2026-03-24 07:49:00+00:00,,,,,,,,0.78,0.78,,23.0,1,False
2026-03-24 07:49:30+00:00,,,,,,,,0.78,0.78,,0.0,0,False
2026-03-24 07:50:00+00:00,,,,,,,,0.78,0.78,,0.0,0,False
2026-03-24 07:50:30+00:00,,,,,,,,0.78,0.78,,0.0,0,False
2026-03-24 07:51:00+00:00,,,,,,,,0.77,0.77,,200.0,1,False
2026-03-24 07:51:30+00:00,,,,,,,,0.77,0.77,,0.0,0,False
2026-03-24 07:52:00+00:00,,,,,,,,0.77,0.77,,0.0,0,False
2026-03-24 07:52:30+00:00,,,,,,,,0.79,0.79,,3.0,1,False
2026-03-24 07:53:00+00:00,,,,,,,,0.79,0.79,,1.0,1,False
2026-03-24 07:53:30+00:00,,,,,,,,0.774,0.77,,5.0,2,False
2026-03-24 07:54:00+00:00,,,,,,,,0.774,0.77,,0.0,0,False
2026-03-24 07:54:30+00:00,,,,,,,,0.774,0.77,,0.0,0,False
2026-03-24 07:55:00+00:00,,,,,,,,0.774,0.77,,0.0,0,False
2026-03-24 07:55:30+00:00,,,,,,,,0.774,0.77,,0.0,0,False
2026-03-24 07:56:00+00:00,,,,,,,,0.774,0.77,,0.0,0,False
2026-03-24 07:56:30+00:00,,,,,,,,0.774,0.77,,0.0,0,False
2026-03-24 07:57:00+00:00,,,,,,,,0.77,0.77,,20.0,2,False
2026-03-24 07:57:30+00:00,,,,,,,,0.77,0.77,,0.0,0,False
2026-03-24 07:58:00+00:00,,,,,,,,0.79,0.79,,112.0,2,False
2026-03-24 07:58:30+00:00,,,,,,,,0.79,0.79,,0.0,0,False
2026-03-24 07:59:00+00:00,,,,,,,,0.79,0.79,,0.0,0,False
2026-03-24 07:59:30+00:00,,,,,,,,0.79,0.79,,0.0,0,False
2026-03-24 08:00:00+00:00,,,,,,,,0.79,0.79,,0.0,0,False
2026-03-24 08:00:30+00:00,,,,,,,,0.79,0.79,,0.0,0,False
2026-03-24 08:01:00+00:00,,,,,,,,0.7715384615384616,0.77,,26.0,3,False
2026-03-24 08:01:30+00:00,,,,,,,,0.7715384615384616,0.77,,0.0,0,False
2026-03-24 08:02:00+00:00,,,,,,,,0.7715384615384616,0.77,,0.0,0,False
2026-03-24 08:02:30+00:00,,,,,,,,0.7715384615384616,0.77,,0.0,0,False
2026-03-24 08:03:00+00:00,,,,,,,,0.7715384615384616,0.77,,0.0,0,False
2026-03-24 08:03:30+00:00,,,,,,,,0.7715384615384616,0.77,,0.0,0,False
2026-03-24 08:04:00+00:00,,,,,,,,0.77,0.77,,4000.0,1,False
2026-03-24 08:04:30+00:00,,,,,,,,0.77,0.77,,0.0,0,False
2026-03-24 08:05:00+00:00,,,,,,,,0.77,0.77,,0.0,0,False
2026-03-24 08:05:30+00:00,,,,,,,,0.77,0.77,,4.0,1,False
2026-03-24 08:06:00+00:00,,,,,,,,0.77,0.77,,0.0,0,False
2026-03-24 08:06:30+00:00,,,,,,,,0.77,0.77,,102.0,1,False
2026-03-24 08:07:00+00:00,,,,,,,,0.77,0.77,,0.0,0,False
2026-03-24 08:07:30+00:00,,,,,,,,0.77,0.77,,0.0,0,False
2026-03-24 08:08:00+00:00,,,,,,,,0.79,0.79,,2.0,1,False
2026-03-24 08:08:30+00:00,,,,,,,,0.77,0.77,,41.0,1,False
2026-03-24 08:09:00+00:00,,,,,,,,0.77,0.77,,0.0,0,False
2026-03-24 08:09:30+00:00,,,,,,,,0.77,0.77,,0.0,0,False
2026-03-24 08:10:00+00:00,,,,,,,,0.77,0.77,,0.0,0,False
2026-03-24 08:10:30+00:00,,,,,,,,0.77,0.77,,0.0,0,False
2026-03-24 08:11:00+00:00,,,,,,,,0.7877777777777778,0.77,,9.0,2,False
2026-03-24 08:11:30+00:00,,,,,,,,0.77,0.77,,2000.0,2,False
2026-03-24 08:12:00+00:00,,,,,,,,0.77,0.77,,52.0,2,False
2026-03-24 08:12:30+00:00,,,,,,,,0.77,0.77,,0.0,0,False
2026-03-24 08:13:00+00:00,,,,,,,,0.77,0.77,,640.0,2,False
2026-03-24 08:13:30+00:00,,,,,,,,0.77,0.77,,0.0,0,False
2026-03-24 08:14:00+00:00,,,,,,,,0.77,0.77,,0.0,0,False
2026-03-24 08:14:30+00:00,,,,,,,,0.77,0.77,,0.0,0,False
2026-03-24 08:15:00+00:00,,,,,,,,0.77,0.77,,0.0,0,False
2026-03-24 08:15:30+00:00,,,,,,,,0.77,0.77,,0.0,0,False
2026-03-24 08:16:00+00:00,,,,,,,,0.77,0.77,,0.0,0,False
2026-03-24 08:16:30+00:00,,,,,,,,0.77,0.77,,0.0,0,False
2026-03-24 08:17:00+00:00,,,,,,,,0.77,0.77,,0.0,0,False
2026-03-24 08:17:30+00:00,,,,,,,,0.79,0.79,,2.0,1,False
2026-03-24 08:18:00+00:00,,,,,,,,0.77,0.77,,15.0,1,False
2026-03-24 08:18:30+00:00,,,,,,,,0.77,0.77,,0.0,0,False
2026-03-24 08:19:00+00:00,,,,,,,,0.77,0.77,,0.0,0,False
2026-03-24 08:19:30+00:00,,,,,,,,0.77,0.77,,103.0,1,False
2026-03-24 08:20:00+00:00,,,,,,,,0.77,0.77,,8.0,1,False
2026-03-24 08:20:30+00:00,,,,,,,,0.77,0.77,,0.0,0,False
2026-03-24 08:21:00+00:00,,,,,,,,0.77,0.77,,0.0,0,False
2026-03-24 08:21:30+00:00,,,,,,,,0.77,0.77,,0.0,0,False
2026-03-24 08:22:00+00:00,,,,,,,,0.77,0.77,,0.0,0,False
2026-03-24 08:22:30+00:00,,,,,,,,0.77,0.77,,0.0,0,False
2026-03-24 08:23:00+00:00,,,,,,,,0.788796992481203,0.77,,133.0,3,False
2026-03-24 08:23:30+00:00,,,,,,,,0.774,0.79,,10.0,2,False
2026-03-24 08:24:00+00:00,,,,,,,,0.774,0.79,,0.0,0,False
2026-03-24 08:24:30+00:00,,,,,,,,0.774,0.79,,0.0,0,False
2026-03-24 08:25:00+00:00,,,,,,,,0.77,0.77,,100.0,1,False
2026-03-24 08:25:30+00:00,,,,,,,,0.77,0.77,,4.0,1,False
2026-03-24 08:26:00+00:00,,,,,,,,0.77,0.77,,0.0,0,False
2026-03-24 08:26:30+00:00,,,,,,,,0.79,0.79,,12.0,1,False
2026-03-24 08:27:00+00:00,,,,,,,,0.79,0.79,,0.0,0,False
2026-03-24 08:27:30+00:00,,,,,,,,0.79,0.79,,0.0,0,False
2026-03-24 08:28:00+00:00,,,,,,,,0.77,0.77,,61.0,1,False
2026-03-24 08:28:30+00:00,,,,,,,,0.77,0.77,,0.0,0,False
2026-03-24 08:29:00+00:00,,,,,,,,0.77,0.77,,0.0,0,False
2026-03-24 08:29:30+00:00,,,,,,,,0.77,0.77,,0.0,0,False
2026-03-24 08:30:00+00:00,,,,,,,,0.79,0.79,,6.0,1,False
2026-03-24 08:30:30+00:00,,,,,,,,0.79,0.79,,0.0,0,False
2026-03-24 08:31:00+00:00,,,,,,,,0.79,0.79,,12.0,1,False
2026-03-24 08:31:30+00:00,,,,,,,,0.79,0.79,,0.0,0,False
2026-03-24 08:32:00+00:00,,,,,,,,0.77,0.77,,52.0,1,False
2026-03-24 08:32:30+00:00,,,,,,,,0.7879310344827586,0.77,,29.0,2,False
2026-03-24 08:33:00+00:00,,,,,,,,0.7879310344827586,0.77,,0.0,0,False
2026-03-24 08:33:30+00:00,,,,,,,,0.79,0.79,,123.0,1,False
2026-03-24 08:34:00+00:00,,,,,,,,0.79,0.79,,0.0,0,False
2026-03-24 08:34:30+00:00,,,,,,,,0.79,0.79,,0.0,0,False
2026-03-24 08:35:00+00:00,,,,,,,,0.79,0.79,,0.0,0,False
2026-03-24 08:35:30+00:00,,,,,,,,0.79,0.79,,0.0,0,False
2026-03-24 08:36:00+00:00,,,,,,,,0.79,0.79,,0.0,0,False
2026-03-24 08:36:30+00:00,,,,,,,,0.79,0.79,,0.0,0,False
2026-03-24 08:37:00+00:00,,,,,,,,0.77,0.77,,80.0,3,False
2026-03-24 08:37:30+00:00,,,,,,,,0.77,0.77,,0.0,0,False
2026-03-24 08:38:00+00:00,,,,,,,,0.77,0.77,,0.0,0,False
2026-03-24 08:38:30+00:00,,,,,,,,0.77,0.77,,0.0,0,False
2026-03-24 08:39:00+00:00,,,,,,,,0.77,0.77,,0.0,0,False
2026-03-24 08:39:30+00:00,,,,,,,,0.77,0.77,,0.0,0,False
2026-03-24 08:40:00+00:00,,,,,,,,0.79,0.79,,8.0,1,False
2026-03-24 08:40:30+00:00,,,,,,,,0.79,0.79,,0.0,0,False
2026-03-24 08:41:00+00:00,,,,,,,,0.79,0.79,,0.0,0,False
2026-03-24 08:41:30+00:00,,,,,,,,0.79,0.79,,0.0,0,False
2026-03-24 08:42:00+00:00,,,,,,,,0.79,0.79,,0.0,0,False
2026-03-24 08:42:30+00:00,,,,,,,,0.79,0.79,,0.0,0,False
2026-03-24 08:43:00+00:00,,,,,,,,0.77,0.77,,50.0,1,False
2026-03-24 08:43:30+00:00,,,,,,,,0.77,0.77,,0.0,0,False
2026-03-24 08:44:00+00:00,,,,,,,,0.77,0.77,,0.0,0,False
2026-03-24 08:44:30+00:00,,,,,,,,0.77,0.77,,0.0,0,False
2026-03-24 08:45:00+00:00,,,,,,,,0.78,0.78,,8.0,1,False
2026-03-24 08:45:30+00:00,,,,,,,,0.78,0.78,,0.0,0,False
2026-03-24 08:46:00+00:00,,,,,,,,0.78,0.78,,0.0,0,False
2026-03-24 08:46:30+00:00,,,,,,,,0.78,0.78,,0.0,0,False
2026-03-24 08:47:00+00:00,,,,,,,,0.78,0.78,,0.0,0,False
2026-03-24 08:47:30+00:00,,,,,,,,0.78,0.78,,0.0,0,False
2026-03-24 08:48:00+00:00,,,,,,,,0.79,0.79,,57.0,2,False
2026-03-24 08:48:30+00:00,,,,,,,,0.79,0.79,,0.0,0,False
2026-03-24 08:49:00+00:00,,,,,,,,0.79,0.79,,1.0,1,False
2026-03-24 08:49:30+00:00,,,,,,,,0.7799999999999999,0.78,,21.0,1,False
2026-03-24 08:50:00+00:00,,,,,,,,0.7799999999999999,0.78,,0.0,0,False
2026-03-24 08:50:30+00:00,,,,,,,,0.78,0.78,,30.0,1,False
2026-03-24 08:51:00+00:00,,,,,,,,0.78,0.78,,0.0,0,False
2026-03-24 08:51:30+00:00,,,,,,,,0.78,0.78,,0.0,0,False
2026-03-24 08:52:00+00:00,,,,,,,,0.78,0.78,,0.0,0,False
2026-03-24 08:52:30+00:00,,,,,,,,0.78,0.78,,0.0,0,False
2026-03-24 08:53:00+00:00,,,,,,,,0.78,0.78,,0.0,0,False
2026-03-24 08:53:30+00:00,,,,,,,,0.78,0.78,,0.0,0,False
2026-03-24 08:54:00+00:00,,,,,,,,0.78,0.78,,0.0,0,False
2026-03-24 08:54:30+00:00,,,,,,,,0.78,0.78,,0.0,0,False
2026-03-24 08:55:00+00:00,,,,,,,,0.79,0.79,,16.0,1,False
2026-03-24 08:55:30+00:00,,,,,,,,0.79,0.79,,0.0,0,False
2026-03-24 08:56:00+00:00,,,,,,,,0.79,0.79,,0.0,0,False
2026-03-24 08:56:30+00:00,,,,,,,,0.79,0.79,,0.0,0,False
2026-03-24 08:57:00+00:00,,,,,,,,0.79,0.79,,0.0,0,False
2026-03-24 08:57:30+00:00,,,,,,,,0.79,0.79,,12.0,1,False
2026-03-24 08:58:00+00:00,,,,,,,,0.7888571428571429,0.79,,35.0,2,False
2026-03-24 08:58:30+00:00,,,,,,,,0.78,0.78,,4.0,1,False
2026-03-24 08:59:00+00:00,,,,,,,,0.79,0.79,,12.0,1,False
2026-03-24 08:59:30+00:00,,,,,,,,0.79,0.79,,0.0,0,False
2026-03-24 09:00:00+00:00,,,,,,,,0.79,0.79,,0.0,0,False
2026-03-24 09:00:30+00:00,,,,,,,,0.79,0.79,,0.0,0,False
2026-03-24 09:01:00+00:00,,,,,,,,0.79,0.79,,0.0,0,False
2026-03-24 09:01:30+00:00,,,,,,,,0.78,0.78,,4.0,1,False
2026-03-24 09:02:00+00:00,,,,,,,,0.78,0.78,,0.0,0,False
2026-03-24 09:02:30+00:00,,,,,,,,0.78,0.78,,0.0,0,False
2026-03-24 09:03:00+00:00,,,,,,,,0.78,0.78,,0.0,0,False
2026-03-24 09:03:30+00:00,,,,,,,,0.78,0.78,,86.0,1,False
2026-03-24 09:04:00+00:00,,,,,,,,0.78,0.78,,0.0,0,False
2026-03-24 09:04:30+00:00,,,,,,,,0.78,0.78,,0.0,0,False
2026-03-24 09:05:00+00:00,,,,,,,,0.78,0.78,,200.0,1,False
2026-03-24 09:05:30+00:00,,,,,,,,0.78,0.78,,0.0,0,False
2026-03-24 09:06:00+00:00,,,,,,,,0.78,0.78,,0.0,0,False
2026-03-24 09:06:30+00:00,,,,,,,,0.78,0.78,,0.0,0,False
2026-03-24 09:07:00+00:00,,,,,,,,0.78,0.78,,0.0,0,False
2026-03-24 09:07:30+00:00,,,,,,,,0.78,0.78,,0.0,0,False
2026-03-24 09:08:00+00:00,,,,,,,,0.78,0.78,,0.0,0,False
2026-03-24 09:08:30+00:00,,,,,,,,0.78,0.78,,0.0,0,False
2026-03-24 09:09:00+00:00,,,,,,,,0.78,0.78,,0.0,0,False
2026-03-24 09:09:30+00:00,,,,,,,,0.78,0.78,,213.0,1,False
2026-03-24 09:10:00+00:00,,,,,,,,0.78,0.78,,0.0,0,False
2026-03-24 09:10:30+00:00,,,,,,,,0.78,0.78,,0.0,0,False
2026-03-24 09:11:00+00:00,,,,,,,,0.78,0.78,,0.0,0,False
2026-03-24 09:11:30+00:00,,,,,,,,0.7799999999999999,0.78,,21.0,1,False
2026-03-24 09:12:00+00:00,,,,,,,,0.7799999999999999,0.78,,0.0,0,False
2026-03-24 09:12:30+00:00,,,,,,,,0.78,0.78,,20.0,1,False
2026-03-24 09:13:00+00:00,,,,,,,,0.78,0.78,,0.0,0,False
2026-03-24 09:13:30+00:00,,,,,,,,0.78,0.78,,0.0,0,False
2026-03-24 09:14:00+00:00,,,,,,,,0.78,0.78,,0.0,0,False
2026-03-24 09:14:30+00:00,,,,,,,,0.78,0.78,,0.0,0,False
2026-03-24 09:15:00+00:00,,,,,,,,0.78,0.78,,431.0,1,False
2026-03-24 09:15:30+00:00,,,,,,,,0.7783261183261185,0.78,,693.0,4,False
2026-03-24 09:16:00+00:00,,,,,,,,0.77,0.77,,60.0,1,False
2026-03-24 09:16:30+00:00,,,,,,,,0.77,0.77,,0.0,0,False
2026-03-24 09:17:00+00:00,,,,,,,,0.77,0.77,,0.0,0,False
2026-03-24 09:17:30+00:00,,,,,,,,0.77,0.77,,0.0,0,False
2026-03-24 09:18:00+00:00,,,,,,,,0.77,0.77,,41.0,1,False
2026-03-24 09:18:30+00:00,,,,,,,,0.7899999999999999,0.79,,13.0,1,False
2026-03-24 09:19:00+00:00,,,,,,,,0.7899999999999999,0.79,,0.0,0,False
2026-03-24 09:19:30+00:00,,,,,,,,0.7899999999999999,0.79,,0.0,0,False
2026-03-24 09:20:00+00:00,,,,,,,,0.7899999999999999,0.79,,0.0,0,False
2026-03-24 09:20:30+00:00,,,,,,,,0.79,0.79,,432.0,1,False
2026-03-24 09:21:00+00:00,,,,,,,,0.79,0.79,,124.0,1,False
2026-03-24 09:21:30+00:00,,,,,,,,0.79,0.79,,0.0,0,False
2026-03-24 09:22:00+00:00,,,,,,,,0.77,0.77,,20.0,2,False
2026-03-24 09:22:30+00:00,,,,,,,,0.77,0.77,,0.0,0,False
2026-03-24 09:23:00+00:00,,,,,,,,0.77,0.77,,0.0,0,False
2026-03-24 09:23:30+00:00,,,,,,,,0.77,0.77,,0.0,0,False
2026-03-24 09:24:00+00:00,,,,,,,,0.77,0.77,,0.0,0,False
2026-03-24 09:24:30+00:00,,,,,,,,0.77,0.77,,0.0,0,False
2026-03-24 09:25:00+00:00,,,,,,,,0.77,0.77,,0.0,0,False
2026-03-24 09:25:30+00:00,,,,,,,,0.77,0.77,,0.0,0,False
2026-03-24 09:26:00+00:00,,,,,,,,0.77,0.77,,0.0,0,False
2026-03-24 09:26:30+00:00,,,,,,,,0.77,0.77,,0.0,0,False
2026-03-24 09:27:00+00:00,,,,,,,,0.77,0.77,,0.0,0,False
2026-03-24 09:27:30+00:00,,,,,,,,0.77,0.77,,0.0,0,False
2026-03-24 09:28:00+00:00,,,,,,,,0.77,0.77,,0.0,0,False
2026-03-24 09:28:30+00:00,,,,,,,,0.7700000000000001,0.77,,154.0,3,False
2026-03-24 09:29:00+00:00,,,,,,,,0.7700000000000001,0.77,,0.0,0,False
2026-03-24 09:29:30+00:00,,,,,,,,0.7700000000000001,0.77,,0.0,0,False
2026-03-24 09:30:00+00:00,,,,,,,,0.7700000000000001,0.77,,0.0,0,False
2026-03-24 09:30:30+00:00,,,,,,,,0.7700000000000001,0.77,,0.0,0,False
2026-03-24 09:31:00+00:00,,,,,,,,0.7700000000000001,0.77,,0.0,0,False
2026-03-24 09:31:30+00:00,,,,,,,,0.7700000000000001,0.77,,0.0,0,False
2026-03-24 09:32:00+00:00,,,,,,,,0.7700000000000001,0.77,,0.0,0,False
2026-03-24 09:32:30+00:00,,,,,,,,0.7700000000000001,0.77,,0.0,0,False
2026-03-24 09:33:00+00:00,,,,,,,,0.7700000000000001,0.77,,0.0,0,False
2026-03-24 09:33:30+00:00,,,,,,,,0.7700000000000001,0.77,,0.0,0,False
2026-03-24 09:34:00+00:00,,,,,,,,0.77,0.77,,41.0,1,False
2026-03-24 09:34:30+00:00,,,,,,,,0.77,0.77,,0.0,0,False
2026-03-24 09:35:00+00:00,,,,,,,,0.79,0.79,,7.0,2,False
2026-03-24 09:35:30+00:00,,,,,,,,0.79,0.79,,0.0,0,False
2026-03-24 09:36:00+00:00,,,,,,,,0.77,0.77,,38.0,2,False
2026-03-24 09:36:30+00:00,,,,,,,,0.77,0.77,,0.0,0,False
2026-03-24 09:37:00+00:00,,,,,,,,0.77,0.77,,0.0,0,False
2026-03-24 09:37:30+00:00,,,,,,,,0.77,0.77,,0.0,0,False
2026-03-24 09:38:00+00:00,,,,,,,,0.77,0.77,,0.0,0,False
2026-03-24 09:38:30+00:00,,,,,,,,0.77,0.77,,0.0,0,False
2026-03-24 09:39:00+00:00,,,,,,,,0.77,0.77,,0.0,0,False
2026-03-24 09:39:30+00:00,,,,,,,,0.77,0.77,,0.0,0,False
2026-03-24 09:40:00+00:00,,,,,,,,0.77,0.77,,0.0,0,False
2026-03-24 09:40:30+00:00,,,,,,,,0.77,0.77,,0.0,0,False
2026-03-24 09:41:00+00:00,,,,,,,,0.77,0.77,,0.0,0,False
2026-03-24 09:41:30+00:00,,,,,,,,0.77,0.77,,0.0,0,False
2026-03-24 09:42:00+00:00,,,,,,,,0.77,0.77,,0.0,0,False
2026-03-24 09:42:30+00:00,,,,,,,,0.77,0.77,,0.0,0,False
2026-03-24 09:43:00+00:00,,,,,,,,0.79,0.79,,3.0,1,False
2026-03-24 09:43:30+00:00,,,,,,,,0.79,0.79,,0.0,0,False
2026-03-24 09:44:00+00:00,,,,,,,,0.77,0.77,,5.0,1,False
2026-03-24 09:44:30+00:00,,,,,,,,0.77,0.77,,0.0,0,False
2026-03-24 09:45:00+00:00,,,,,,,,0.77,0.77,,0.0,0,False
2026-03-24 09:45:30+00:00,,,,,,,,0.77,0.77,,6.0,1,False
2026-03-24 09:46:00+00:00,,,,,,,,0.77,0.77,,206.0,1,False
2026-03-24 09:46:30+00:00,,,,,,,,0.77,0.77,,0.0,0,False
2026-03-24 09:47:00+00:00,,,,,,,,0.77,0.77,,0.0,0,False
2026-03-24 09:47:30+00:00,,,,,,,,0.77,0.77,,0.0,0,False
2026-03-24 09:48:00+00:00,,,,,,,,0.77,0.77,,0.0,0,False
2026-03-24 09:48:30+00:00,,,,,,,,0.77,0.77,,0.0,0,False
2026-03-24 09:49:00+00:00,,,,,,,,0.79,0.79,,124.0,1,False
2026-03-24 09:49:30+00:00,,,,,,,,0.79,0.79,,0.0,0,False
2026-03-24 09:50:00+00:00,,,,,,,,0.79,0.79,,0.0,0,False
2026-03-24 09:50:30+00:00,,,,,,,,0.77,0.77,,80.0,1,False
2026-03-24 09:51:00+00:00,,,,,,,,0.77,0.77,,4.0,1,False
2026-03-24 09:51:30+00:00,,,,,,,,0.77,0.77,,0.0,0,False
2026-03-24 09:52:00+00:00,,,,,,,,0.79,0.79,,2.0,1,False
2026-03-24 09:52:30+00:00,,,,,,,,0.77,0.77,,1.0,1,False
2026-03-24 09:53:00+00:00,,,,,,,,0.77,0.77,,0.0,0,False
2026-03-24 09:53:30+00:00,,,,,,,,0.77,0.77,,0.0,0,False
2026-03-24 09:54:00+00:00,,,,,,,,0.77,0.77,,1.0,1,False
2026-03-24 09:54:30+00:00,,,,,,,,0.77,0.77,,20.0,1,False
2026-03-24 09:55:00+00:00,,,,,,,,0.77,0.77,,0.0,0,False
2026-03-24 09:55:30+00:00,,,,,,,,0.77,0.77,,0.0,0,False
2026-03-24 09:56:00+00:00,,,,,,,,0.79,0.79,,1.0,1,False
2026-03-24 09:56:30+00:00,,,,,,,,0.79,0.79,,0.0,0,False
2026-03-24 09:57:00+00:00,,,,,,,,0.79,0.79,,0.0,0,False
2026-03-24 09:57:30+00:00,,,,,,,,0.79,0.79,,0.0,0,False
2026-03-24 09:58:00+00:00,,,,,,,,0.7718181818181818,0.79,,22.0,2,False
2026-03-24 09:58:30+00:00,,,,,,,,0.7718181818181818,0.79,,0.0,0,False
2026-03-24 09:59:00+00:00,,,,,,,,0.7718181818181818,0.79,,0.0,0,False
2026-03-24 09:59:30+00:00,,,,,,,,0.7718181818181818,0.79,,0.0,0,False
2026-03-24 10:00:00+00:00,,,,,,,,0.7718181818181818,0.79,,0.0,0,False
2026-03-24 10:00:30+00:00,,,,,,,,0.7718181818181818,0.79,,0.0,0,False
2026-03-24 10:01:00+00:00,,,,,,,,0.7718181818181818,0.79,,0.0,0,False
2026-03-24 10:01:30+00:00,,,,,,,,0.7718181818181818,0.79,,0.0,0,False
2026-03-24 10:02:00+00:00,,,,,,,,0.79,0.79,,24.0,1,False
2026-03-24 10:02:30+00:00,,,,,,,,0.79,0.79,,5.0,1,False
2026-03-24 10:03:00+00:00,,,,,,,,0.79,0.79,,32.0,1,False
2026-03-24 10:03:30+00:00,,,,,,,,0.79,0.79,,31.0,2,False
2026-03-24 10:04:00+00:00,,,,,,,,0.79,0.79,,0.0,0,False
2026-03-24 10:04:30+00:00,,,,,,,,0.7900000000000001,0.79,,11.0,1,False
2026-03-24 10:05:00+00:00,,,,,,,,0.7900000000000001,0.79,,0.0,0,False
2026-03-24 10:05:30+00:00,,,,,,,,0.7900000000000001,0.79,,0.0,0,False
2026-03-24 10:06:00+00:00,,,,,,,,0.7900000000000001,0.79,,0.0,0,False
2026-03-24 10:06:30+00:00,,,,,,,,0.7900000000000001,0.79,,0.0,0,False
2026-03-24 10:07:00+00:00,,,,,,,,0.7900000000000001,0.79,,0.0,0,False
2026-03-24 10:07:30+00:00,,,,,,,,0.79,0.79,,24.0,1,False
2026-03-24 10:08:00+00:00,,,,,,,,0.79,0.79,,0.0,0,False
2026-03-24 10:08:30+00:00,,,,,,,,0.79,0.79,,0.0,0,False
2026-03-24 10:09:00+00:00,,,,,,,,0.78,0.78,,20.0,1,False
2026-03-24 10:09:30+00:00,,,,,,,,0.78,0.78,,0.0,0,False
2026-03-24 10:10:00+00:00,,,,,,,,0.79,0.79,,2.0,1,False
2026-03-24 10:10:30+00:00,,,,,,,,0.7816161616161618,0.79,,198.0,2,False
2026-03-24 10:11:00+00:00,,,,,,,,0.7816161616161618,0.79,,0.0,0,False
2026-03-24 10:11:30+00:00,,,,,,,,0.7807692307692307,0.78,,13.0,2,False
2026-03-24 10:12:00+00:00,,,,,,,,0.78,0.78,,20.0,1,False
2026-03-24 10:12:30+00:00,,,,,,,,0.78,0.78,,0.0,0,False
2026-03-24 10:13:00+00:00,,,,,,,,0.78,0.78,,0.0,0,False
2026-03-24 10:13:30+00:00,,,,,,,,0.78,0.78,,0.0,0,False
2026-03-24 10:14:00+00:00,,,,,,,,0.78,0.78,,0.0,0,False
2026-03-24 10:14:30+00:00,,,,,,,,0.78,0.78,,0.0,0,False
2026-03-24 10:15:00+00:00,,,,,,,,0.78,0.78,,0.0,0,False
2026-03-24 10:15:30+00:00,,,,,,,,0.78,0.78,,0.0,0,False
2026-03-24 10:16:00+00:00,,,,,,,,0.78,0.78,,4.0,1,False
2026-03-24 10:16:30+00:00,,,,,,,,0.78,0.78,,0.0,0,False
2026-03-24 10:17:00+00:00,,,,,,,,0.78,0.78,,0.0,0,False
2026-03-24 10:17:30+00:00,,,,,,,,0.7799999999999999,0.78,,21.0,1,False
2026-03-24 10:18:00+00:00,,,,,,,,0.7820000000000001,0.78,,185.0,3,False
2026-03-24 10:18:30+00:00,,,,,,,,0.7820000000000001,0.78,,0.0,0,False
2026-03-24 10:19:00+00:00,,,,,,,,0.7820000000000001,0.78,,0.0,0,False
2026-03-24 10:19:30+00:00,,,,,,,,0.7820000000000001,0.78,,0.0,0,False
2026-03-24 10:20:00+00:00,,,,,,,,0.7820000000000001,0.78,,0.0,0,False
2026-03-24 10:20:30+00:00,,,,,,,,0.78,0.78,,8.0,1,False
2026-03-24 10:21:00+00:00,,,,,,,,0.78,0.78,,0.0,0,False
2026-03-24 10:21:30+00:00,,,,,,,,0.78,0.78,,107.0,1,False
2026-03-24 10:22:00+00:00,,,,,,,,0.78,0.78,,0.0,0,False
2026-03-24 10:22:30+00:00,,,,,,,,0.78,0.78,,0.0,0,False
2026-03-24 10:23:00+00:00,,,,,,,,0.7886111111111112,0.78,,144.0,2,False
2026-03-24 10:23:30+00:00,,,,,,,,0.7886111111111112,0.78,,0.0,0,False
2026-03-24 10:24:00+00:00,,,,,,,,0.7886111111111112,0.78,,0.0,0,False
2026-03-24 10:24:30+00:00,,,,,,,,0.7799999999999999,0.78,,21.0,1,False
2026-03-24 10:25:00+00:00,,,,,,,,0.7799999999999999,0.78,,0.0,0,False
2026-03-24 10:25:30+00:00,,,,,,,,0.7799999999999999,0.78,,0.0,0,False
2026-03-24 10:26:00+00:00,,,,,,,,0.7799999999999999,0.78,,0.0,0,False
2026-03-24 10:26:30+00:00,,,,,,,,0.7799999999999999,0.78,,0.0,0,False
2026-03-24 10:27:00+00:00,,,,,,,,0.7799999999999999,0.78,,0.0,0,False
2026-03-24 10:27:30+00:00,,,,,,,,0.79,0.79,,50.0,1,False
2026-03-24 10:28:00+00:00,,,,,,,,0.79,0.79,,0.0,0,False
2026-03-24 10:28:30+00:00,,,,,,,,0.78,0.78,,43.0,1,False
2026-03-24 10:29:00+00:00,,,,,,,,0.78,0.78,,0.0,0,False
2026-03-24 10:29:30+00:00,,,,,,,,0.78,0.78,,0.0,0,False
2026-03-24 10:30:00+00:00,,,,,,,,0.78,0.78,,86.0,4,False
2026-03-24 10:30:30+00:00,,,,,,,,0.78,0.78,,0.0,0,False
2026-03-24 10:31:00+00:00,,,,,,,,0.78,0.78,,0.0,0,False
2026-03-24 10:31:30+00:00,,,,,,,,0.7810526315789473,0.79,,19.0,2,False
2026-03-24 10:32:00+00:00,,,,,,,,0.7810526315789473,0.79,,0.0,0,False
2026-03-24 10:32:30+00:00,,,,,,,,0.7810526315789473,0.79,,0.0,0,False
2026-03-24 10:33:00+00:00,,,,,,,,0.7810526315789473,0.79,,0.0,0,False
2026-03-24 10:33:30+00:00,,,,,,,,0.7810526315789473,0.79,,0.0,0,False
2026-03-24 10:34:00+00:00,,,,,,,,0.79,0.79,,18.0,1,False
2026-03-24 10:34:30+00:00,,,,,,,,0.79,0.79,,0.0,0,False
2026-03-24 10:35:00+00:00,,,,,,,,0.79,0.79,,0.0,0,False
2026-03-24 10:35:30+00:00,,,,,,,,0.79,0.79,,0.0,0,False
2026-03-24 10:36:00+00:00,,,,,,,,0.79,0.79,,0.0,0,False
2026-03-24 10:36:30+00:00,,,,,,,,0.79,0.79,,0.0,0,False
2026-03-24 10:37:00+00:00,,,,,,,,0.79,0.79,,0.0,0,False
2026-03-24 10:37:30+00:00,,,,,,,,0.79,0.79,,0.0,0,False
2026-03-24 10:38:00+00:00,,,,,,,,0.7873333333333332,0.79,,15.0,3,False
2026-03-24 10:38:30+00:00,,,,,,,,0.7873333333333332,0.79,,0.0,0,False
2026-03-24 10:39:00+00:00,,,,,,,,0.79,0.79,,1536.0,10,False
2026-03-24 10:39:30+00:00,,,,,,,,0.79,0.79,,0.0,0,False
2026-03-24 10:40:00+00:00,,,,,,,,0.7999822380106573,0.8,,4504.0,4,False
2026-03-24 10:40:30+00:00,,,,,,,,0.7999822380106573,0.8,,0.0,0,False
2026-03-24 10:41:00+00:00,,,,,,,,0.8,0.8,,2.0,1,False
2026-03-24 10:41:30+00:00,,,,,,,,0.8,0.8,,0.0,0,False
2026-03-24 10:42:00+00:00,,,,,,,,0.7952941176470588,0.78,,51.0,2,False
2026-03-24 10:42:30+00:00,,,,,,,,0.7952941176470588,0.78,,0.0,0,False
2026-03-24 10:43:00+00:00,,,,,,,,0.7952941176470588,0.78,,0.0,0,False
2026-03-24 10:43:30+00:00,,,,,,,,0.7952941176470588,0.78,,0.0,0,False
2026-03-24 10:44:00+00:00,,,,,,,,0.7952941176470588,0.78,,0.0,0,False
2026-03-24 10:44:30+00:00,,,,,,,,0.8,0.8,,150.0,1,False
2026-03-24 10:45:00+00:00,,,,,,,,0.78,0.78,,104.0,1,False
2026-03-24 10:45:30+00:00,,,,,,,,0.78,0.78,,15.0,1,False
2026-03-24 10:46:00+00:00,,,,,,,,0.78,0.78,,0.0,0,False
2026-03-24 10:46:30+00:00,,,,,,,,0.78,0.78,,0.0,0,False
2026-03-24 10:47:00+00:00,,,,,,,,0.78,0.78,,66.0,1,False
2026-03-24 10:47:30+00:00,,,,,,,,0.78,0.78,,41.0,1,False
2026-03-24 10:48:00+00:00,,,,,,,,0.78,0.78,,0.0,0,False
2026-03-24 10:48:30+00:00,,,,,,,,0.78,0.78,,0.0,0,False
2026-03-24 10:49:00+00:00,,,,,,,,0.792,0.78,,10.0,2,False
2026-03-24 10:49:30+00:00,,,,,,,,0.792,0.78,,0.0,0,False
2026-03-24 10:50:00+00:00,,,,,,,,0.78,0.78,,104.0,1,False
2026-03-24 10:50:30+00:00,,,,,,,,0.78,0.78,,8.0,1,False
2026-03-24 10:51:00+00:00,,,,,,,,0.8,0.8,,71.0,1,False
2026-03-24 10:51:30+00:00,,,,,,,,0.8,0.8,,1.0,1,False
2026-03-24 10:52:00+00:00,,,,,,,,0.7799999999999999,0.78,,234.0,2,False
2026-03-24 10:52:30+00:00,,,,,,,,0.78,0.78,,8.0,1,False
2026-03-24 10:53:00+00:00,,,,,,,,0.78,0.78,,0.0,0,False
2026-03-24 10:53:30+00:00,,,,,,,,0.78,0.78,,0.0,0,False
2026-03-24 10:54:00+00:00,,,,,,,,0.78,0.78,,0.0,0,False
2026-03-24 10:54:30+00:00,,,,,,,,0.8000000000000002,0.8,,24.0,1,False
2026-03-24 10:55:00+00:00,,,,,,,,0.8,0.8,,16.0,1,False
2026-03-24 10:55:30+00:00,,,,,,,,0.8,0.8,,0.0,0,False
2026-03-24 10:56:00+00:00,,,,,,,,0.8,0.8,,0.0,0,False
2026-03-24 10:56:30+00:00,,,,,,,,0.8,0.8,,0.0,0,False
2026-03-24 10:57:00+00:00,,,,,,,,0.8,0.8,,0.0,0,False
2026-03-24 10:57:30+00:00,,,,,,,,0.8,0.8,,0.0,0,False
2026-03-24 10:58:00+00:00,,,,,,,,0.8,0.8,,0.0,0,False
2026-03-24 10:58:30+00:00,,,,,,,,0.8,0.8,,0.0,0,False
2026-03-24 10:59:00+00:00,,,,,,,,0.8,0.8,,0.0,0,False
2026-03-24 10:59:30+00:00,,,,,,,,0.8,0.8,,0.0,0,False
2026-03-24 11:00:00+00:00,,,,,,,,0.7971428571428573,0.78,,28.0,2,False
2026-03-24 11:00:30+00:00,,,,,,,,0.7971428571428573,0.78,,0.0,0,False
2026-03-24 11:01:00+00:00,,,,,,,,0.7971428571428573,0.78,,0.0,0,False
2026-03-24 11:01:30+00:00,,,,,,,,0.7971428571428573,0.78,,0.0,0,False
2026-03-24 11:02:00+00:00,,,,,,,,0.78,0.78,,20.0,1,False
2026-03-24 11:02:30+00:00,,,,,,,,0.78,0.78,,4.0,1,False
2026-03-24 11:03:00+00:00,,,,,,,,0.78,0.78,,0.0,0,False
2026-03-24 11:03:30+00:00,,,,,,,,0.8,0.8,,1.0,1,False
2026-03-24 11:04:00+00:00,,,,,,,,0.8,0.8,,0.0,0,False
2026-03-24 11:04:30+00:00,,,,,,,,0.78,0.78,,1.0,1,False
2026-03-24 11:05:00+00:00,,,,,,,,0.78,0.78,,0.0,0,False
2026-03-24 11:05:30+00:00,,,,,,,,0.78,0.78,,20.0,1,False
2026-03-24 11:06:00+00:00,,,,,,,,0.8000000000000002,0.8,,18.0,2,False
2026-03-24 11:06:30+00:00,,,,,,,,0.8000000000000002,0.8,,0.0,0,False
2026-03-24 11:07:00+00:00,,,,,,,,0.8000000000000002,0.8,,0.0,0,False
2026-03-24 11:07:30+00:00,,,,,,,,0.8000000000000002,0.8,,0.0,0,False
2026-03-24 11:08:00+00:00,,,,,,,,0.8000000000000002,0.8,,0.0,0,False
2026-03-24 11:08:30+00:00,,,,,,,,0.79,0.79,,62.0,3,False
2026-03-24 11:09:00+00:00,,,,,,,,0.79,0.79,,0.0,0,False
2026-03-24 11:09:30+00:00,,,,,,,,0.79,0.79,,50.0,1,False
2026-03-24 11:10:00+00:00,,,,,,,,0.79,0.79,,0.0,0,False
2026-03-24 11:10:30+00:00,,,,,,,,0.79,0.79,,0.0,0,False
2026-03-24 11:11:00+00:00,,,,,,,,0.78,0.78,,10.0,1,False
2026-03-24 11:11:30+00:00,,,,,,,,0.78,0.78,,52.0,2,False
2026-03-24 11:12:00+00:00,,,,,,,,0.78,0.78,,20.0,1,False
2026-03-24 11:12:30+00:00,,,,,,,,0.78,0.78,,0.0,0,False
2026-03-24 11:13:00+00:00,,,,,,,,0.78,0.78,,0.0,0,False
2026-03-24 11:13:30+00:00,,,,,,,,0.7826760563380283,0.78,,142.0,2,False
2026-03-24 11:14:00+00:00,,,,,,,,0.7818736383442265,0.78,,459.0,2,False
2026-03-24 11:14:30+00:00,,,,,,,,0.7818736383442265,0.78,,0.0,0,False
2026-03-24 11:15:00+00:00,,,,,,,,0.7818736383442265,0.78,,0.0,0,False
2026-03-24 11:15:30+00:00,,,,,,,,0.7818736383442265,0.78,,0.0,0,False
2026-03-24 11:16:00+00:00,,,,,,,,0.79,0.79,,1.0,1,False
2026-03-24 11:16:30+00:00,,,,,,,,0.79,0.79,,3.0,1,False
2026-03-24 11:17:00+00:00,,,,,,,,0.8,0.8,,121.0,1,False
2026-03-24 11:17:30+00:00,,,,,,,,0.8,0.8,,0.0,0,False
2026-03-24 11:18:00+00:00,,,,,,,,0.8,0.8,,0.0,0,False
2026-03-24 11:18:30+00:00,,,,,,,,0.8,0.8,,18.0,1,False
2026-03-24 11:19:00+00:00,,,,,,,,0.7999999999999999,0.8,,44.0,2,False
2026-03-24 11:19:30+00:00,,,,,,,,0.780392156862745,0.78,,204.0,2,False
2026-03-24 11:20:00+00:00,,,,,,,,0.78,0.78,,800.0,3,False
2026-03-24 11:20:30+00:00,,,,,,,,0.78,0.78,,0.0,0,False
2026-03-24 11:21:00+00:00,,,,,,,,0.78,0.78,,0.0,0,False
2026-03-24 11:21:30+00:00,,,,,,,,0.78,0.78,,0.0,0,False
2026-03-24 11:22:00+00:00,,,,,,,,0.78,0.78,,0.0,0,False
2026-03-24 11:22:30+00:00,,,,,,,,0.78,0.78,,0.0,0,False
2026-03-24 11:23:00+00:00,,,,,,,,0.78,0.78,,0.0,0,False
2026-03-24 11:23:30+00:00,,,,,,,,0.78,0.78,,0.0,0,False
2026-03-24 11:24:00+00:00,,,,,,,,0.7899999999999999,0.79,,43.0,2,False
2026-03-24 11:24:30+00:00,,,,,,,,0.7799999999999999,0.78,,24.0,1,False
2026-03-24 11:25:00+00:00,,,,,,,,0.8,0.8,,150.0,1,False
2026-03-24 11:25:30+00:00,,,,,,,,0.8000000000000002,0.8,,12.0,1,False
2026-03-24 11:26:00+00:00,,,,,,,,0.8000000000000002,0.8,,0.0,0,False
2026-03-24 11:26:30+00:00,,,,,,,,0.78,0.78,,2.0,1,False
2026-03-24 11:27:00+00:00,,,,,,,,0.78,0.78,,0.0,0,False
2026-03-24 11:27:30+00:00,,,,,,,,0.8,0.8,,123.0,1,False
2026-03-24 11:28:00+00:00,,,,,,,,0.78,0.78,,41.0,1,False
2026-03-24 11:28:30+00:00,,,,,,,,0.78,0.78,,0.0,0,False
2026-03-24 11:29:00+00:00,,,,,,,,0.78,0.78,,0.0,0,False
2026-03-24 11:29:30+00:00,,,,,,,,0.8,0.8,,7.0,2,False
2026-03-24 11:30:00+00:00,,,,,,,,0.78,0.78,,100.0,2,False
2026-03-24 11:30:30+00:00,,,,,,,,0.78,0.78,,0.0,0,False
2026-03-24 11:31:00+00:00,,,,,,,,0.78,0.78,,0.0,0,False
2026-03-24 11:31:30+00:00,,,,,,,,0.7799999999999999,0.78,,21.0,1,False
2026-03-24 11:32:00+00:00,,,,,,,,0.7799999999999999,0.78,,0.0,0,False
2026-03-24 11:32:30+00:00,,,,,,,,0.7799999999999999,0.78,,0.0,0,False
2026-03-24 11:33:00+00:00,,,,,,,,0.7883999999999999,0.78,,125.0,5,False
2026-03-24 11:33:30+00:00,,,,,,,,0.7883999999999999,0.78,,0.0,0,False
2026-03-24 11:34:00+00:00,,,,,,,,0.7883999999999999,0.78,,0.0,0,False
2026-03-24 11:34:30+00:00,,,,,,,,0.7883999999999999,0.78,,0.0,0,False
2026-03-24 11:35:00+00:00,,,,,,,,0.7883999999999999,0.78,,0.0,0,False
2026-03-24 11:35:30+00:00,,,,,,,,0.79,0.79,,31.0,1,False
2026-03-24 11:36:00+00:00,,,,,,,,0.79,0.79,,0.0,0,False
2026-03-24 11:36:30+00:00,,,,,,,,0.79,0.79,,31.0,1,False
2026-03-24 11:37:00+00:00,,,,,,,,0.79,0.79,,0.0,0,False
2026-03-24 11:37:30+00:00,,,,,,,,0.79,0.79,,0.0,0,False
2026-03-24 11:38:00+00:00,,,,,,,,0.7808466819221969,0.79,,437.0,2,False
2026-03-24 11:38:30+00:00,,,,,,,,0.79,0.79,,12.0,1,False
2026-03-24 11:39:00+00:00,,,,,,,,0.79,0.79,,0.0,0,False
2026-03-24 11:39:30+00:00,,,,,,,,0.79,0.79,,31.0,2,False
2026-03-24 11:40:00+00:00,,,,,,,,0.8000000000000002,0.8,,12.0,1,False
2026-03-24 11:40:30+00:00,,,,,,,,0.8000000000000002,0.8,,0.0,0,False
2026-03-24 11:41:00+00:00,,,,,,,,0.7922580645161291,0.8,,186.0,4,False
2026-03-24 11:41:30+00:00,,,,,,,,0.7800000000000001,0.78,,54.0,1,False
2026-03-24 11:42:00+00:00,,,,,,,,0.7800000000000001,0.78,,0.0,0,False
2026-03-24 11:42:30+00:00,,,,,,,,0.79,0.79,,50.0,2,False
2026-03-24 11:43:00+00:00,,,,,,,,0.79,0.79,,0.0,0,False
2026-03-24 11:43:30+00:00,,,,,,,,0.8,0.8,,1.0,1,False
2026-03-24 11:44:00+00:00,,,,,,,,0.7854545454545455,0.78,,22.0,2,False
2026-03-24 11:44:30+00:00,,,,,,,,0.7854545454545455,0.78,,0.0,0,False
2026-03-24 11:45:00+00:00,,,,,,,,0.7854545454545455,0.78,,0.0,0,False
2026-03-24 11:45:30+00:00,,,,,,,,0.7916666666666667,0.79,,120.0,4,False
2026-03-24 11:46:00+00:00,,,,,,,,0.7962264150943397,0.8,,53.0,4,False
2026-03-24 11:46:30+00:00,,,,,,,,0.7962264150943397,0.8,,0.0,0,False
2026-03-24 11:47:00+00:00,,,,,,,,0.8,0.8,,35.0,1,False
2026-03-24 11:47:30+00:00,,,,,,,,0.8,0.8,,1.0,1,False
2026-03-24 11:48:00+00:00,,,,,,,,0.7799999999999999,0.78,,33.0,2,False
2026-03-24 11:48:30+00:00,,,,,,,,0.78,0.78,,208.0,1,False
2026-03-24 11:49:00+00:00,,,,,,,,0.78,0.78,,0.0,0,False
2026-03-24 11:49:30+00:00,,,,,,,,0.78,0.78,,0.0,0,False
2026-03-24 11:50:00+00:00,,,,,,,,0.78,0.78,,20.0,1,False
2026-03-24 11:50:30+00:00,,,,,,,,0.78,0.78,,125.0,1,False
2026-03-24 11:51:00+00:00,,,,,,,,0.78,0.78,,0.0,0,False
2026-03-24 11:51:30+00:00,,,,,,,,0.78,0.78,,17.0,1,False
2026-03-24 11:52:00+00:00,,,,,,,,0.79,0.79,,1.0,1,False
2026-03-24 11:52:30+00:00,,,,,,,,0.79,0.79,,0.0,0,False
2026-03-24 11:53:00+00:00,,,,,,,,0.79,0.79,,1.0,1,False
2026-03-24 11:53:30+00:00,,,,,,,,0.79,0.79,,0.0,0,False
2026-03-24 11:54:00+00:00,,,,,,,,0.79,0.79,,311.0,4,False
2026-03-24 11:54:30+00:00,,,,,,,,0.79,0.79,,1.0,1,False
2026-03-24 11:55:00+00:00,,,,,,,,0.7912890625,0.78,,256.0,8,False
2026-03-24 11:55:30+00:00,,,,,,,,0.7803125,0.79,,32.0,2,False
2026-03-24 11:56:00+00:00,,,,,,,,0.7803125,0.79,,0.0,0,False
2026-03-24 11:56:30+00:00,,,,,,,,0.7900000000000001,0.79,,45.0,1,False
2026-03-24 11:57:00+00:00,,,,,,,,0.7900000000000001,0.79,,0.0,0,False
2026-03-24 11:57:30+00:00,,,,,,,,0.7900000000000001,0.79,,0.0,0,False
2026-03-24 11:58:00+00:00,,,,,,,,0.7881818181818182,0.78,,44.0,2,False
2026-03-24 11:58:30+00:00,,,,,,,,0.8,0.8,,287.0,2,False
2026-03-24 11:59:00+00:00,,,,,,,,0.8,0.8,,0.0,0,False
2026-03-24 11:59:30+00:00,,,,,,,,0.8,0.8,,0.0,0,False
2026-03-24 12:00:00+00:00,,,,,,,,0.8,0.8,,0.0,0,False
2026-03-24 12:00:30+00:00,,,,,,,,0.8,0.8,,0.0,0,False
2026-03-24 12:01:00+00:00,,,,,,,,0.8,0.8,,0.0,0,False
2026-03-24 12:01:30+00:00,,,,,,,,0.8,0.8,,0.0,0,False
2026-03-24 12:02:00+00:00,,,,,,,,0.8,0.8,,0.0,0,False
2026-03-24 12:02:30+00:00,,,,,,,,0.7799999999999999,0.78,,21.0,1,False
2026-03-24 12:03:00+00:00,,,,,,,,0.7799999999999999,0.78,,0.0,0,False
2026-03-24 12:03:30+00:00,,,,,,,,0.7799999999999999,0.78,,0.0,0,False
2026-03-24 12:04:00+00:00,,,,,,,,0.8000000000000002,0.8,,4375.0,12,False
2026-03-24 12:04:30+00:00,,,,,,,,0.8000000000000002,0.8,,0.0,0,False
2026-03-24 12:05:00+00:00,,,,,,,,0.8000000000000002,0.8,,0.0,0,False
2026-03-24 12:05:30+00:00,,,,,,,,0.78,0.78,,129.0,1,False
2026-03-24 12:06:00+00:00,,,,,,,,0.78,0.78,,0.0,0,False
2026-03-24 12:06:30+00:00,,,,,,,,0.7800000000000001,0.78,,166.0,1,False
2026-03-24 12:07:00+00:00,,,,,,,,0.7800000000000001,0.78,,431.0,2,False
2026-03-24 12:07:30+00:00,,,,,,,,0.79,0.79,,623.0,3,False
2026-03-24 12:08:00+00:00,,,,,,,,0.79,0.79,,0.0,0,False
2026-03-24 12:08:30+00:00,,,,,,,,0.79,0.79,,0.0,0,False
2026-03-24 12:09:00+00:00,,,,,,,,0.79,0.79,,124.0,1,False
2026-03-24 12:09:30+00:00,,,,,,,,0.79,0.79,,0.0,0,False
2026-03-24 12:10:00+00:00,,,,,,,,0.79,0.79,,16.0,1,False
2026-03-24 12:10:30+00:00,,,,,,,,0.78,0.78,,14.0,1,False
2026-03-24 12:11:00+00:00,,,,,,,,0.78,0.78,,0.0,0,False
2026-03-24 12:11:30+00:00,,,,,,,,0.7822222222222223,0.78,,9.0,2,False
2026-03-24 12:12:00+00:00,,,,,,,,0.78,0.78,,20.0,2,False
2026-03-24 12:12:30+00:00,,,,,,,,0.78,0.78,,0.0,0,False
2026-03-24 12:13:00+00:00,,,,,,,,0.785,0.79,,4.0,2,False
2026-03-24 12:13:30+00:00,,,,,,,,0.7900000000000001,0.79,,90.0,2,False
2026-03-24 12:14:00+00:00,,,,,,,,0.7900000000000001,0.79,,0.0,0,False
2026-03-24 12:14:30+00:00,,,,,,,,0.79,0.79,,20.0,1,False
2026-03-24 12:15:00+00:00,,,,,,,,0.79,0.79,,0.0,0,False
2026-03-24 12:15:30+00:00,,,,,,,,0.79,0.79,,0.0,0,False
2026-03-24 12:16:00+00:00,,,,,,,,0.79,0.79,,79.0,3,False
2026-03-24 12:16:30+00:00,,,,,,,,0.79,0.79,,0.0,0,False
2026-03-24 12:17:00+00:00,,,,,,,,0.7900000000000001,0.79,,67.0,3,False
2026-03-24 12:17:30+00:00,,,,,,,,0.7909473684210526,0.79,,95.0,7,False
2026-03-24 12:18:00+00:00,,,,,,,,0.7999999999999999,0.8,,41.0,2,False
2026-03-24 12:18:30+00:00,,,,,,,,0.7999999999999999,0.8,,0.0,0,False
2026-03-24 12:19:00+00:00,,,,,,,,0.7999999999999999,0.8,,0.0,0,False
2026-03-24 12:19:30+00:00,,,,,,,,0.7899999999999999,0.79,,13.0,1,False
2026-03-24 12:20:00+00:00,,,,,,,,0.7900438596491229,0.79,,228.0,3,False
2026-03-24 12:20:30+00:00,,,,,,,,0.8,0.8,,36.0,3,False
2026-03-24 12:21:00+00:00,,,,,,,,0.79,0.79,,25.0,1,False
2026-03-24 12:21:30+00:00,,,,,,,,0.79,0.79,,0.0,0,False
2026-03-24 12:22:00+00:00,,,,,,,,0.79,0.79,,0.0,0,False
2026-03-24 12:22:30+00:00,,,,,,,,0.796875,0.79,,32.0,2,False
2026-03-24 12:23:00+00:00,,,,,,,,0.796875,0.79,,0.0,0,False
2026-03-24 12:23:30+00:00,,,,,,,,0.7899999999999999,0.79,,183.0,2,False
2026-03-24 12:24:00+00:00,,,,,,,,0.7903225806451614,0.79,,31.0,2,False
2026-03-24 12:24:30+00:00,,,,,,,,0.791578947368421,0.79,,38.0,3,False
2026-03-24 12:25:00+00:00,,,,,,,,0.791578947368421,0.79,,0.0,0,False
2026-03-24 12:25:30+00:00,,,,,,,,0.8000000000000002,0.8,,106.0,1,False
2026-03-24 12:26:00+00:00,,,,,,,,0.8000000000000002,0.8,,0.0,0,False
2026-03-24 12:26:30+00:00,,,,,,,,0.8,0.8,,1.0,1,False
2026-03-24 12:27:00+00:00,,,,,,,,0.8,0.8,,0.0,0,False
2026-03-24 12:27:30+00:00,,,,,,,,0.7988235294117647,0.8,,34.0,2,False
2026-03-24 12:28:00+00:00,,,,,,,,0.7988235294117647,0.8,,0.0,0,False
2026-03-24 12:28:30+00:00,,,,,,,,0.7988235294117647,0.8,,0.0,0,False
2026-03-24 12:29:00+00:00,,,,,,,,0.8,0.8,,200.0,1,False
2026-03-24 12:29:30+00:00,,,,,,,,0.8,0.8,,100.0,1,False
2026-03-24 12:30:00+00:00,,,,,,,,0.8,0.8,,0.0,0,False
2026-03-24 12:30:30+00:00,,,,,,,,0.79,0.79,,500.0,1,False
2026-03-24 12:31:00+00:00,,,,,,,,0.79,0.79,,0.0,0,False
2026-03-24 12:31:30+00:00,,,,,,,,0.79,0.79,,0.0,0,False
2026-03-24 12:32:00+00:00,,,,,,,,0.79,0.79,,0.0,0,False
2026-03-24 12:32:30+00:00,,,,,,,,0.79,0.79,,451.0,2,False
2026-03-24 12:33:00+00:00,,,,,,,,0.8000000000000002,0.8,,3.0,1,False
2026-03-24 12:33:30+00:00,,,,,,,,0.79,0.79,,21.0,1,False
2026-03-24 12:34:00+00:00,,,,,,,,0.79,0.79,,0.0,0,False
2026-03-24 12:34:30+00:00,,,,,,,,0.79,0.79,,66.0,2,False
2026-03-24 12:35:00+00:00,,,,,,,,0.79,0.79,,0.0,0,False
2026-03-24 12:35:30+00:00,,,,,,,,0.79,0.79,,0.0,0,False
2026-03-24 12:36:00+00:00,,,,,,,,0.7900000000000001,0.79,,44.0,1,False
2026-03-24 12:36:30+00:00,,,,,,,,0.8,0.8,,17.0,2,False
2026-03-24 12:37:00+00:00,,,,,,,,0.8,0.8,,616.0,1,False
2026-03-24 12:37:30+00:00,,,,,,,,0.8,0.8,,0.0,0,False
2026-03-24 12:38:00+00:00,,,,,,,,0.8,0.8,,0.0,0,False
2026-03-24 12:38:30+00:00,,,,,,,,0.7899999999999999,0.79,,43.0,1,False
2026-03-24 12:39:00+00:00,,,,,,,,0.79,0.79,,75.0,2,False
2026-03-24 12:39:30+00:00,,,,,,,,0.79,0.79,,869.0,1,False
2026-03-24 12:40:00+00:00,,,,,,,,0.79,0.79,,3.0,1,False
2026-03-24 12:40:30+00:00,,,,,,,,0.7930769230769231,0.79,,325.0,2,False
2026-03-24 12:41:00+00:00,,,,,,,,0.7904444444444445,0.79,,45.0,2,False
2026-03-24 12:41:30+00:00,,,,,,,,0.79,0.79,,4.0,1,False
2026-03-24 12:42:00+00:00,,,,,,,,0.79,0.79,,0.0,0,False
2026-03-24 12:42:30+00:00,,,,,,,,0.8000000000000002,0.8,,24.0,1,False
2026-03-24 12:43:00+00:00,,,,,,,,0.7966153846153847,0.79,,65.0,3,False
2026-03-24 12:43:30+00:00,,,,,,,,0.7966153846153847,0.79,,0.0,0,False
2026-03-24 12:44:00+00:00,,,,,,,,0.8000000000000002,0.8,,24.0,2,False
2026-03-24 12:44:30+00:00,,,,,,,,0.7995294117647058,0.8,,255.0,2,False
2026-03-24 12:45:00+00:00,,,,,,,,0.7995294117647058,0.8,,0.0,0,False
2026-03-24 12:45:30+00:00,,,,,,,,0.7995294117647058,0.8,,0.0,0,False
2026-03-24 12:46:00+00:00,,,,,,,,0.7995294117647058,0.8,,0.0,0,False
2026-03-24 12:46:30+00:00,,,,,,,,0.7995294117647058,0.8,,0.0,0,False
2026-03-24 12:47:00+00:00,,,,,,,,0.7995294117647058,0.8,,0.0,0,False
2026-03-24 12:47:30+00:00,,,,,,,,0.796060606060606,0.79,,330.0,2,False
2026-03-24 12:48:00+00:00,,,,,,,,0.7900000000000001,0.79,,22.0,1,False
2026-03-24 12:48:30+00:00,,,,,,,,0.7900000000000001,0.79,,0.0,0,False
2026-03-24 12:49:00+00:00,,,,,,,,0.7900000000000001,0.79,,0.0,0,False
2026-03-24 12:49:30+00:00,,,,,,,,0.7900000000000001,0.79,,0.0,0,False
2026-03-24 12:50:00+00:00,,,,,,,,0.7900000000000001,0.79,,0.0,0,False
2026-03-24 12:50:30+00:00,,,,,,,,0.7900000000000001,0.79,,0.0,0,False
2026-03-24 12:51:00+00:00,,,,,,,,0.79,0.79,,10.0,1,False
2026-03-24 12:51:30+00:00,,,,,,,,0.7909174311926607,0.79,,109.0,2,False
2026-03-24 12:52:00+00:00,,,,,,,,0.79,0.79,,20.0,1,False
2026-03-24 12:52:30+00:00,,,,,,,,0.79,0.79,,0.0,0,False
2026-03-24 12:53:00+00:00,,,,,,,,0.79,0.79,,0.0,0,False
2026-03-24 12:53:30+00:00,,,,,,,,0.7902929427430094,0.8,,751.0,3,False
2026-03-24 12:54:00+00:00,,,,,,,,0.7902929427430094,0.8,,0.0,0,False
2026-03-24 12:54:30+00:00,,,,,,,,0.8,0.8,,30.0,1,False
2026-03-24 12:55:00+00:00,,,,,,,,0.79,0.79,,32.0,2,False
2026-03-24 12:55:30+00:00,,,,,,,,0.7900000000000001,0.79,,28.0,2,False
2026-03-24 12:56:00+00:00,,,,,,,,0.8,0.8,,1.0,1,False
2026-03-24 12:56:30+00:00,,,,,,,,0.8,0.8,,0.0,0,False
2026-03-24 12:57:00+00:00,,,,,,,,0.8,0.8,,0.0,0,False
2026-03-24 12:57:30+00:00,,,,,,,,0.8,0.8,,0.0,0,False
2026-03-24 12:58:00+00:00,,,,,,,,0.7922222222222223,0.79,,27.0,2,False
2026-03-24 12:58:30+00:00,,,,,,,,0.79,0.79,,63.0,2,False
2026-03-24 12:59:00+00:00,,,,,,,,0.7961538461538462,0.79,,13.0,2,False
2026-03-24 12:59:30+00:00,,,,,,,,0.7961538461538462,0.79,,0.0,0,False
2026-03-24 13:00:00+00:00,,,,,,,,0.7900000000000001,0.79,,67.0,2,False
2026-03-24 13:00:30+00:00,,,,,,,,0.7900000000000001,0.79,,0.0,0,False
2026-03-24 13:01:00+00:00,,,,,,,,0.8,0.8,,18.0,1,False
2026-03-24 13:01:30+00:00,,,,,,,,0.8,0.8,,0.0,0,False
2026-03-24 13:02:00+00:00,,,,,,,,0.79,0.79,,21.0,1,False
2026-03-24 13:02:30+00:00,,,,,,,,0.79,0.79,,0.0,0,False
2026-03-24 13:03:00+00:00,,,,,,,,0.7900000000000001,0.79,,22.0,1,False
2026-03-24 13:03:30+00:00,,,,,,,,0.8000000000000002,0.8,,24.0,1,False
2026-03-24 13:04:00+00:00,,,,,,,,0.79,0.79,,64.0,2,False
2026-03-24 13:04:30+00:00,,,,,,,,0.79,0.79,,0.0,0,False
2026-03-24 13:05:00+00:00,,,,,,,,0.7900000000000001,0.79,,22.0,1,False
2026-03-24 13:05:30+00:00,,,,,,,,0.7990999999999999,0.8,,200.0,2,False
2026-03-24 13:06:00+00:00,,,,,,,,0.7912244897959183,0.79,,49.0,2,False
2026-03-24 13:06:30+00:00,,,,,,,,0.7912244897959183,0.79,,0.0,0,False
2026-03-24 13:07:00+00:00,,,,,,,,0.7912244897959183,0.79,,0.0,0,False
2026-03-24 13:07:30+00:00,,,,,,,,0.8,0.8,,54.0,2,False
2026-03-24 13:08:00+00:00,,,,,,,,0.7900000000000001,0.79,,22.0,1,False
2026-03-24 13:08:30+00:00,,,,,,,,0.79,0.79,,23.0,1,False
2026-03-24 13:09:00+00:00,,,,,,,,0.7899999999999999,0.79,,26.0,1,False
2026-03-24 13:09:30+00:00,,,,,,,,0.8,0.8,,1.0,1,False
2026-03-24 13:10:00+00:00,,,,,,,,0.79,0.79,,121.0,2,False
2026-03-24 13:10:30+00:00,,,,,,,,0.7942857142857144,0.8,,14.0,2,False
2026-03-24 13:11:00+00:00,,,,,,,,0.792608695652174,0.79,,23.0,2,False
2026-03-24 13:11:30+00:00,,,,,,,,0.792608695652174,0.79,,0.0,0,False
2026-03-24 13:12:00+00:00,,,,,,,,0.8,0.8,,42.0,3,False
2026-03-24 13:12:30+00:00,,,,,,,,0.8,0.8,,1.0,1,False
2026-03-24 13:13:00+00:00,,,,,,,,0.7983333333333333,0.8,,24.0,2,False
2026-03-24 13:13:30+00:00,,,,,,,,0.7983333333333333,0.8,,0.0,0,False
2026-03-24 13:14:00+00:00,,,,,,,,0.7983333333333333,0.8,,0.0,0,False
2026-03-24 13:14:30+00:00,,,,,,,,0.7949315068493151,0.78,,146.0,3,False
2026-03-24 13:15:00+00:00,,,,,,,,0.78,0.78,,38.0,2,False
2026-03-24 13:15:30+00:00,,,,,,,,0.8,0.8,,76.0,1,False
2026-03-24 13:16:00+00:00,,,,,,,,0.8,0.8,,0.0,0,False
2026-03-24 13:16:30+00:00,,,,,,,,0.8,0.8,,0.0,0,False
2026-03-24 13:17:00+00:00,,,,,,,,0.8,0.8,,0.0,0,False
2026-03-24 13:17:30+00:00,,,,,,,,0.8,0.8,,0.0,0,False
2026-03-24 13:18:00+00:00,,,,,,,,0.8,0.8,,0.0,0,False
2026-03-24 13:18:30+00:00,,,,,,,,0.79,0.79,,20.0,1,False
2026-03-24 13:19:00+00:00,,,,,,,,0.79,0.79,,9.0,1,False
2026-03-24 13:19:30+00:00,,,,,,,,0.8000000000000002,0.8,,12.0,1,False
2026-03-24 13:20:00+00:00,,,,,,,,0.8000000000000002,0.8,,0.0,0,False
2026-03-24 13:20:30+00:00,,,,,,,,0.79,0.79,,4.0,1,False
2026-03-24 13:21:00+00:00,,,,,,,,0.79,0.79,,0.0,0,False
2026-03-24 13:21:30+00:00,,,,,,,,0.7985714285714287,0.8,,28.0,2,False
2026-03-24 13:22:00+00:00,,,,,,,,0.8000000000000002,0.8,,24.0,1,False
2026-03-24 13:22:30+00:00,,,,,,,,0.7900000000000001,0.79,,67.0,2,False
2026-03-24 13:23:00+00:00,,,,,,,,0.7900000000000001,0.79,,0.0,0,False
2026-03-24 13:23:30+00:00,,,,,,,,0.79,0.79,,129.0,3,False
2026-03-24 13:24:00+00:00,,,,,,,,0.8,0.8,,121.0,1,False
2026-03-24 13:24:30+00:00,,,,,,,,0.8,0.8,,0.0,0,False
2026-03-24 13:25:00+00:00,,,,,,,,0.8000000000000002,0.8,,12.0,1,False
2026-03-24 13:25:30+00:00,,,,,,,,0.8000000000000002,0.8,,0.0,0,False
2026-03-24 13:26:00+00:00,,,,,,,,0.8000000000000002,0.8,,0.0,0,False
2026-03-24 13:26:30+00:00,,,,,,,,0.8000000000000002,0.8,,0.0,0,False
2026-03-24 13:27:00+00:00,,,,,,,,0.8000000000000002,0.8,,0.0,0,False
2026-03-24 13:27:30+00:00,,,,,,,,0.8000000000000002,0.8,,0.0,0,False
2026-03-24 13:28:00+00:00,,,,,,,,0.8000000000000002,0.8,,0.0,0,False
2026-03-24 13:28:30+00:00,,,,,,,,0.8000000000000002,0.8,,0.0,0,False
2026-03-24 13:29:00+00:00,,,,,,,,0.792,0.79,,5.0,2,False
2026-03-24 13:29:30+00:00,,,,,,,,0.790464135021097,0.79,,237.0,3,False
2026-03-24 13:30:00+00:00,,,,,,,,0.79,0.79,,1.0,1,False
2026-03-24 13:30:30+00:00,,,,,,,,0.8000000000000002,0.8,,6.0,1,False
2026-03-24 13:31:00+00:00,,,,,,,,0.7979166666666667,0.79,,192.0,3,False
2026-03-24 13:31:30+00:00,,,,,,,,0.7900000000000001,0.79,,45.0,1,False
2026-03-24 13:32:00+00:00,,,,,,,,0.8,0.8,,9.0,1,False
2026-03-24 13:32:30+00:00,,,,,,,,0.79,0.79,,4.0,1,False
2026-03-24 13:33:00+00:00,,,,,,,,0.79,0.79,,0.0,0,False
2026-03-24 13:33:30+00:00,,,,,,,,0.79,0.79,,0.0,0,False
2026-03-24 13:34:00+00:00,,,,,,,,0.8000000000000002,0.8,,24.0,1,False
2026-03-24 13:34:30+00:00,,,,,,,,0.8,0.8,,61.0,1,False
2026-03-24 13:35:00+00:00,,,,,,,,0.7899999999999999,0.79,,208.0,1,False
2026-03-24 13:35:30+00:00,,,,,,,,0.7899999999999999,0.79,,0.0,0,False
2026-03-24 13:36:00+00:00,,,,,,,,0.8,0.8,,31.0,2,False
2026-03-24 13:36:30+00:00,,,,,,,,0.8,0.8,,0.0,0,False
2026-03-24 13:37:00+00:00,,,,,,,,0.8,0.8,,0.0,0,False
2026-03-24 13:37:30+00:00,,,,,,,,0.8,0.8,,5.0,2,False
2026-03-24 13:38:00+00:00,,,,,,,,0.8,0.8,,0.0,0,False
2026-03-24 13:38:30+00:00,,,,,,,,0.798273092369478,0.8,,249.0,3,False
2026-03-24 13:39:00+00:00,,,,,,,,0.79,0.79,,67.0,1,False
2026-03-24 13:39:30+00:00,,,,,,,,0.79,0.79,,0.0,0,False
2026-03-24 13:40:00+00:00,,,,,,,,0.8,0.8,,1.0,1,False
2026-03-24 13:40:30+00:00,,,,,,,,0.7999999999999999,0.8,,703.0,1,False
2026-03-24 13:41:00+00:00,,,,,,,,0.79,0.79,,12.0,1,False
2026-03-24 13:41:30+00:00,,,,,,,,0.79,0.79,,9.0,1,False
2026-03-24 13:42:00+00:00,,,,,,,,0.79,0.79,,0.0,0,False
2026-03-24 13:42:30+00:00,,,,,,,,0.79,0.79,,0.0,0,False
2026-03-24 13:43:00+00:00,,,,,,,,0.8000000000000002,0.8,,3.0,1,False
2026-03-24 13:43:30+00:00,,,,,,,,0.8,0.8,,2.0,1,False
2026-03-24 13:44:00+00:00,,,,,,,,0.7899999999999999,0.79,,47.0,2,False
2026-03-24 13:44:30+00:00,,,,,,,,0.79,0.79,,17.0,1,False
2026-03-24 13:45:00+00:00,,,,,,,,0.79,0.79,,0.0,0,False
2026-03-24 13:45:30+00:00,,,,,,,,0.79,0.79,,700.0,1,False
2026-03-24 13:46:00+00:00,,,,,,,,0.8000000000000002,0.8,,6.0,1,False
2026-03-24 13:46:30+00:00,,,,,,,,0.79,0.79,,2797.0,2,False
2026-03-24 13:47:00+00:00,,,,,,,,0.7910714285714285,0.8,,112.0,3,False
2026-03-24 13:47:30+00:00,,,,,,,,0.7910714285714285,0.8,,0.0,0,False
2026-03-24 13:48:00+00:00,,,,,,,,0.7910714285714285,0.8,,0.0,0,False
2026-03-24 13:48:30+00:00,,,,,,,,0.8,0.8,,63.0,2,False
2026-03-24 13:49:00+00:00,,,,,,,,0.79,0.79,,4.0,1,False
2026-03-24 13:49:30+00:00,,,,,,,,0.8,0.8,,2.0,1,False
2026-03-24 13:50:00+00:00,,,,,,,,0.8,0.8,,0.0,0,False
2026-03-24 13:50:30+00:00,,,,,,,,0.8,0.8,,0.0,0,False
2026-03-24 13:51:00+00:00,,,,,,,,0.79,0.79,,459.0,3,False
2026-03-24 13:51:30+00:00,,,,,,,,0.79,0.79,,0.0,0,False
2026-03-24 13:52:00+00:00,,,,,,,,0.79,0.79,,0.0,0,False
2026-03-24 13:52:30+00:00,,,,,,,,0.79,0.79,,0.0,0,False
2026-03-24 13:53:00+00:00,,,,,,,,0.79,0.79,,108.0,1,False
2026-03-24 13:53:30+00:00,,,,,,,,0.79,0.79,,0.0,0,False
2026-03-24 13:54:00+00:00,,,,,,,,0.8000000000000002,0.8,,6.0,1,False
2026-03-24 13:54:30+00:00,,,,,,,,0.7999999999999999,0.8,,61.0,2,False
2026-03-24 13:55:00+00:00,,,,,,,,0.7999999999999999,0.8,,0.0,0,False
2026-03-24 13:55:30+00:00,,,,,,,,0.7999999999999999,0.8,,0.0,0,False
2026-03-24 13:56:00+00:00,,,,,,,,0.7999999999999999,0.8,,0.0,0,False
2026-03-24 13:56:30+00:00,,,,,,,,0.79,0.79,,73.0,2,False
2026-03-24 13:57:00+00:00,,,,,,,,0.79,0.79,,0.0,0,False
2026-03-24 13:57:30+00:00,,,,,,,,0.8067913010301412,0.8,,2621.0,5,False
2026-03-24 13:58:00+00:00,,,,,,,,0.8067913010301412,0.8,,0.0,0,False
2026-03-24 13:58:30+00:00,,,,,,,,0.8067913010301412,0.8,,0.0,0,False
2026-03-24 13:59:00+00:00,,,,,,,,0.79,0.79,,2.0,1,False
2026-03-24 13:59:30+00:00,,,,,,,,0.7940677966101695,0.79,,59.0,2,False
2026-03-24 14:00:00+00:00,,,,,,,,0.79,0.79,,20.0,1,False
2026-03-24 14:00:30+00:00,,,,,,,,0.79,0.79,,0.0,0,False
2026-03-24 14:01:00+00:00,,,,,,,,0.8099999999999999,0.81,,1355.0,2,False
2026-03-24 14:01:30+00:00,,,,,,,,0.7899999999999999,0.79,,43.0,1,False
2026-03-24 14:02:00+00:00,,,,,,,,0.8010000000000002,0.81,,40.0,3,False
2026-03-24 14:02:30+00:00,,,,,,,,0.7899999999999999,0.79,,13.0,1,False
2026-03-24 14:03:00+00:00,,,,,,,,0.7899999999999999,0.79,,0.0,0,False
2026-03-24 14:03:30+00:00,,,,,,,,0.7899999999999999,0.79,,0.0,0,False
2026-03-24 14:04:00+00:00,,,,,,,,0.81,0.81,,60.0,1,False
2026-03-24 14:04:30+00:00,,,,,,,,0.81,0.81,,0.0,0,False
2026-03-24 14:05:00+00:00,,,,,,,,0.81,0.81,,0.0,0,False
2026-03-24 14:05:30+00:00,,,,,,,,0.81,0.81,,0.0,0,False
2026-03-24 14:06:00+00:00,,,,,,,,0.79,0.79,,117.0,4,False
2026-03-24 14:06:30+00:00,,,,,,,,0.79,0.79,,66.0,2,False
2026-03-24 14:07:00+00:00,,,,,,,,0.7900498753117207,0.79,,401.0,2,False
2026-03-24 14:07:30+00:00,,,,,,,,0.79,0.79,,41.0,1,False
2026-03-24 14:08:00+00:00,,,,,,,,0.81,0.81,,2.0,1,False
2026-03-24 14:08:30+00:00,,,,,,,,0.7915869311551926,0.79,,857.0,6,False
2026-03-24 14:09:00+00:00,,,,,,,,0.79,0.79,,114.0,2,False
2026-03-24 14:09:30+00:00,,,,,,,,0.79,0.79,,0.0,0,False
2026-03-24 14:10:00+00:00,,,,,,,,0.79,0.79,,47.0,1,False
2026-03-24 14:10:30+00:00,,,,,,,,0.81,0.81,,2.0,1,False
2026-03-24 14:11:00+00:00,,,,,,,,0.79,0.79,,9.0,1,False
2026-03-24 14:11:30+00:00,,,,,,,,0.7957831325301207,0.79,,83.0,4,False
2026-03-24 14:12:00+00:00,,,,,,,,0.81,0.81,,30.0,1,False
2026-03-24 14:12:30+00:00,,,,,,,,0.7936764705882353,0.8,,68.0,2,False
2026-03-24 14:13:00+00:00,,,,,,,,0.7903846153846154,0.79,,312.0,2,False
2026-03-24 14:13:30+00:00,,,,,,,,0.8,0.8,,16.0,1,False
2026-03-24 14:14:00+00:00,,,,,,,,0.8,0.8,,0.0,0,False
2026-03-24 14:14:30+00:00,,,,,,,,0.8,0.8,,0.0,0,False
2026-03-24 14:15:00+00:00,,,,,,,,0.8,0.8,,0.0,0,False
2026-03-24 14:15:30+00:00,,,,,,,,0.8000000000000002,0.8,,6.0,1,False
2026-03-24 14:16:00+00:00,,,,,,,,0.8000000000000002,0.8,,18.0,2,False
2026-03-24 14:16:30+00:00,,,,,,,,0.7899999999999999,0.79,,86.0,1,False
2026-03-24 14:17:00+00:00,,,,,,,,0.7990977443609023,0.8,,133.0,5,False
2026-03-24 14:17:30+00:00,,,,,,,,0.79,0.79,,6.0,1,False
2026-03-24 14:18:00+00:00,,,,,,,,0.8010843373493977,0.79,,83.0,3,False
2026-03-24 14:18:30+00:00,,,,,,,,0.81,0.81,,6.0,1,False
2026-03-24 14:19:00+00:00,,,,,,,,0.7900000000000001,0.79,,102.0,3,False
2026-03-24 14:19:30+00:00,,,,,,,,0.7900000000000001,0.79,,0.0,0,False
2026-03-24 14:20:00+00:00,,,,,,,,0.7924242424242425,0.81,,99.0,3,False
2026-03-24 14:20:30+00:00,,,,,,,,0.79,0.79,,10.0,1,False
2026-03-24 14:21:00+00:00,,,,,,,,0.79,0.79,,146.0,3,False
2026-03-24 14:21:30+00:00,,,,,,,,0.81,0.81,,2.0,1,False
2026-03-24 14:22:00+00:00,,,,,,,,0.81,0.81,,25.0,1,False
2026-03-24 14:22:30+00:00,,,,,,,,0.81,0.81,,21.0,1,False
2026-03-24 14:23:00+00:00,,,,,,,,0.79,0.79,,41.0,1,False
2026-03-24 14:23:30+00:00,,,,,,,,0.79,0.79,,108.0,1,False
2026-03-24 14:24:00+00:00,,,,,,,,0.79,0.79,,7.0,1,False
2026-03-24 14:24:30+00:00,,,,,,,,0.79,0.79,,0.0,0,False
2026-03-24 14:25:00+00:00,,,,,,,,0.79,0.79,,0.0,0,False
2026-03-24 14:25:30+00:00,,,,,,,,0.79,0.79,,99.0,1,False
2026-03-24 14:26:00+00:00,,,,,,,,0.79,0.79,,0.0,0,False
2026-03-24 14:26:30+00:00,,,,,,,,0.81,0.81,,1.0,1,False
2026-03-24 14:27:00+00:00,,,,,,,,0.7908823529411766,0.81,,136.0,3,False
2026-03-24 14:27:30+00:00,,,,,,,,0.79,0.79,,146.0,4,False
2026-03-24 14:28:00+00:00,,,,,,,,0.79,0.79,,0.0,0,False
2026-03-24 14:28:30+00:00,,,,,,,,0.79,0.79,,50.0,1,False
2026-03-24 14:29:00+00:00,,,,,,,,0.79,0.79,,4.0,1,False
2026-03-24 14:29:30+00:00,,,,,,,,0.8023577235772359,0.79,,246.0,3,False
2026-03-24 14:30:00+00:00,,,,,,,,0.8023577235772359,0.79,,0.0,0,False
2026-03-24 14:30:30+00:00,,,,,,,,0.79,0.79,,121.0,3,False
2026-03-24 14:31:00+00:00,,,,,,,,0.79,0.79,,48.0,1,False
2026-03-24 14:31:30+00:00,,,,,,,,0.79,0.79,,0.0,0,False
2026-03-24 14:32:00+00:00,,,,,,,,0.8043589743589744,0.81,,78.0,2,False
2026-03-24 14:32:30+00:00,,,,,,,,0.8043589743589744,0.81,,0.0,0,False
2026-03-24 14:33:00+00:00,,,,,,,,0.81,0.81,,1.0,1,False
2026-03-24 14:33:30+00:00,,,,,,,,0.7900000000000001,0.79,,91.0,2,False
2026-03-24 14:34:00+00:00,,,,,,,,0.81,0.81,,3.0,1,False
2026-03-24 14:34:30+00:00,,,,,,,,0.79,0.79,,12.0,2,False
2026-03-24 14:35:00+00:00,,,,,,,,0.79,0.79,,221.0,2,False
2026-03-24 14:35:30+00:00,,,,,,,,0.79,0.79,,0.0,0,False
2026-03-24 14:36:00+00:00,,,,,,,,0.79,0.79,,0.0,0,False
2026-03-24 14:36:30+00:00,,,,,,,,0.79,0.79,,0.0,0,False
2026-03-24 14:37:00+00:00,,,,,,,,0.8015384615384616,0.81,,52.0,2,False
2026-03-24 14:37:30+00:00,,,,,,,,0.79,0.79,,66.0,2,False
2026-03-24 14:38:00+00:00,,,,,,,,0.79,0.79,,0.0,0,False
2026-03-24 14:38:30+00:00,,,,,,,,0.79,0.79,,8.0,2,False
2026-03-24 14:39:00+00:00,,,,,,,,0.79,0.79,,21.0,1,False
2026-03-24 14:39:30+00:00,,,,,,,,0.7899999999999999,0.79,,13.0,1,False
2026-03-24 14:40:00+00:00,,,,,,,,0.7931250000000001,0.79,,32.0,2,False
2026-03-24 14:40:30+00:00,,,,,,,,0.81,0.81,,9.0,2,False
2026-03-24 14:41:00+00:00,,,,,,,,0.81,0.81,,0.0,0,False
2026-03-24 14:41:30+00:00,,,,,,,,0.7900000000000001,0.79,,26.0,2,False
2026-03-24 14:42:00+00:00,,,,,,,,0.81,0.81,,3.0,1,False
2026-03-24 14:42:30+00:00,,,,,,,,0.81,0.81,,25.0,2,False
2026-03-24 14:43:00+00:00,,,,,,,,0.7900000000000001,0.79,,95.0,2,False
2026-03-24 14:43:30+00:00,,,,,,,,0.7900000000000001,0.79,,0.0,0,False
2026-03-24 14:44:00+00:00,,,,,,,,0.79,0.79,,1128.0,3,False
2026-03-24 14:44:30+00:00,,,,,,,,0.799945652173913,0.8,,184.0,3,False
2026-03-24 14:45:00+00:00,,,,,,,,0.799945652173913,0.8,,0.0,0,False
2026-03-24 14:45:30+00:00,,,,,,,,0.7912197580645163,0.79,,992.0,3,False
2026-03-24 14:46:00+00:00,,,,,,,,0.7912197580645163,0.79,,0.0,0,False
2026-03-24 14:46:30+00:00,,,,,,,,0.7912197580645163,0.79,,0.0,0,False
2026-03-24 14:47:00+00:00,,,,,,,,0.7912197580645163,0.79,,0.0,0,False
2026-03-24 14:47:30+00:00,,,,,,,,0.8,0.8,,61.0,1,False
2026-03-24 14:48:00+00:00,,,,,,,,0.8,0.8,,0.0,0,False
2026-03-24 14:48:30+00:00,,,,,,,,0.8,0.8,,0.0,0,False
2026-03-24 14:49:00+00:00,,,,,,,,0.79,0.79,,4.0,1,False
2026-03-24 14:49:30+00:00,,,,,,,,0.79,0.79,,0.0,0,False
2026-03-24 14:50:00+00:00,,,,,,,,0.7900000000000001,0.79,,45.0,1,False
2026-03-24 14:50:30+00:00,,,,,,,,0.7900000000000001,0.79,,0.0,0,False
2026-03-24 14:51:00+00:00,,,,,,,,0.7900000000000001,0.79,,0.0,0,False
2026-03-24 14:51:30+00:00,,,,,,,,0.8,0.8,,9.0,1,False
2026-03-24 14:52:00+00:00,,,,,,,,0.81,0.81,,18.0,1,False
2026-03-24 14:52:30+00:00,,,,,,,,0.81,0.81,,0.0,0,False
2026-03-24 14:53:00+00:00,,,,,,,,0.81,0.81,,1807.0,1,False
2026-03-24 14:53:30+00:00,,,,,,,,0.81,0.81,,0.0,0,False
2026-03-24 14:54:00+00:00,,,,,,,,0.8046341463414635,0.79,,82.0,2,False
2026-03-24 14:54:30+00:00,,,,,,,,0.8046341463414635,0.79,,0.0,0,False
2026-03-24 14:55:00+00:00,,,,,,,,0.79,0.79,,19.0,1,False
2026-03-24 14:55:30+00:00,,,,,,,,0.79,0.79,,0.0,0,False
2026-03-24 14:56:00+00:00,,,,,,,,0.7900000000000001,0.79,,214.0,3,False
2026-03-24 14:56:30+00:00,,,,,,,,0.7900000000000001,0.79,,22.0,1,False
2026-03-24 14:57:00+00:00,,,,,,,,0.79,0.79,,9.0,1,False
2026-03-24 14:57:30+00:00,,,,,,,,0.7920809248554915,0.81,,173.0,4,False
2026-03-24 14:58:00+00:00,,,,,,,,0.7920809248554915,0.81,,0.0,0,False
2026-03-24 14:58:30+00:00,,,,,,,,0.795,0.81,,24.0,2,False
2026-03-24 14:59:00+00:00,,,,,,,,0.795,0.81,,0.0,0,False
2026-03-24 14:59:30+00:00,,,,,,,,0.79,0.79,,1981.0,1,False
2026-03-24 15:00:00+00:00,,,,,,,,0.803956043956044,0.79,,182.0,4,False
2026-03-24 15:00:30+00:00,,,,,,,,0.79,0.79,,9.0,1,False
2026-03-24 15:01:00+00:00,,,,,,,,0.79,0.79,,0.0,0,False
2026-03-24 15:01:30+00:00,,,,,,,,0.79,0.79,,0.0,0,False
2026-03-24 15:02:00+00:00,,,,,,,,0.79,0.79,,0.0,0,False
2026-03-24 15:02:30+00:00,,,,,,,,0.79,0.79,,108.0,1,False
2026-03-24 15:03:00+00:00,,,,,,,,0.8024074074074075,0.81,,108.0,3,False
2026-03-24 15:03:30+00:00,,,,,,,,0.794,0.81,,5.0,2,False
2026-03-24 15:04:00+00:00,,,,,,,,0.797878787878788,0.79,,33.0,3,False
2026-03-24 15:04:30+00:00,,,,,,,,0.797878787878788,0.79,,0.0,0,False
2026-03-24 15:05:00+00:00,,,,,,,,0.7900000000000001,0.79,,1308.0,2,False
2026-03-24 15:05:30+00:00,,,,,,,,0.7899999999999999,0.79,,13.0,1,False
2026-03-24 15:06:00+00:00,,,,,,,,0.7899999999999999,0.79,,0.0,0,False
2026-03-24 15:06:30+00:00,,,,,,,,0.8100000000000002,0.81,,43.0,2,False
2026-03-24 15:07:00+00:00,,,,,,,,0.8033579335793359,0.81,,542.0,5,False
2026-03-24 15:07:30+00:00,,,,,,,,0.79,0.79,,100.0,1,False
2026-03-24 15:08:00+00:00,,,,,,,,0.7900000000000001,0.79,,22.0,1,False
2026-03-24 15:08:30+00:00,,,,,,,,0.7923076923076924,0.79,,104.0,3,False
2026-03-24 15:09:00+00:00,,,,,,,,0.81,0.81,,1.0,1,False
2026-03-24 15:09:30+00:00,,,,,,,,0.7906451612903227,0.79,,31.0,3,False
2026-03-24 15:10:00+00:00,,,,,,,,0.7918181818181818,0.81,,22.0,3,False
2026-03-24 15:10:30+00:00,,,,,,,,0.7918181818181818,0.81,,0.0,0,False
2026-03-24 15:11:00+00:00,,,,,,,,0.8080132450331127,0.8,,151.0,3,False
2026-03-24 15:11:30+00:00,,,,,,,,0.8080132450331127,0.8,,0.0,0,False
2026-03-24 15:12:00+00:00,,,,,,,,0.8080132450331127,0.8,,0.0,0,False
2026-03-24 15:12:30+00:00,,,,,,,,0.7900917431192661,0.79,,218.0,2,False
2026-03-24 15:13:00+00:00,,,,,,,,0.7900917431192661,0.79,,0.0,0,False
2026-03-24 15:13:30+00:00,,,,,,,,0.7900917431192661,0.79,,0.0,0,False
2026-03-24 15:14:00+00:00,,,,,,,,0.7900000000000001,0.79,,45.0,1,False
2026-03-24 15:14:30+00:00,,,,,,,,0.7914285714285715,0.79,,28.0,3,False
2026-03-24 15:15:00+00:00,,,,,,,,0.7938655462184875,0.81,,595.0,3,False
2026-03-24 15:15:30+00:00,,,,,,,,0.7938655462184875,0.81,,0.0,0,False
2026-03-24 15:16:00+00:00,,,,,,,,0.7938655462184875,0.81,,0.0,0,False
2026-03-24 15:16:30+00:00,,,,,,,,0.7938655462184875,0.81,,0.0,0,False
2026-03-24 15:17:00+00:00,,,,,,,,0.8094614970382338,0.79,,7428.0,7,False
2026-03-24 15:17:30+00:00,,,,,,,,0.8094614970382338,0.79,,0.0,0,False
2026-03-24 15:18:00+00:00,,,,,,,,0.79,0.79,,4.0,1,False
2026-03-24 15:18:30+00:00,,,,,,,,0.79,0.79,,326.0,1,False
2026-03-24 15:19:00+00:00,,,,,,,,0.79,0.79,,4.0,1,False
2026-03-24 15:19:30+00:00,,,,,,,,0.79,0.79,,0.0,0,False
2026-03-24 15:20:00+00:00,,,,,,,,0.81,0.81,,19.0,1,False
2026-03-24 15:20:30+00:00,,,,,,,,0.81,0.81,,0.0,0,False
2026-03-24 15:21:00+00:00,,,,,,,,0.81,0.81,,0.0,0,False
2026-03-24 15:21:30+00:00,,,,,,,,0.7927272727272728,0.79,,154.0,4,False
2026-03-24 15:22:00+00:00,,,,,,,,0.7927272727272728,0.79,,0.0,0,False
2026-03-24 15:22:30+00:00,,,,,,,,0.7899999999999999,0.79,,13.0,1,False
2026-03-24 15:23:00+00:00,,,,,,,,0.7909090909090909,0.79,,22.0,2,False
2026-03-24 15:23:30+00:00,,,,,,,,0.79,0.79,,89.0,2,False
2026-03-24 15:24:00+00:00,,,,,,,,0.79,0.79,,19.0,2,False
2026-03-24 15:24:30+00:00,,,,,,,,0.79,0.79,,0.0,0,False
2026-03-24 15:25:00+00:00,,,,,,,,0.79,0.79,,0.0,0,False
2026-03-24 15:25:30+00:00,,,,,,,,0.79,0.79,,303.0,2,False
2026-03-24 15:26:00+00:00,,,,,,,,0.7925000000000001,0.79,,504.0,6,False
2026-03-24 15:26:30+00:00,,,,,,,,0.7925000000000001,0.79,,0.0,0,False
2026-03-24 15:27:00+00:00,,,,,,,,0.7925000000000001,0.79,,0.0,0,False
2026-03-24 15:27:30+00:00,,,,,,,,0.7900091996320148,0.79,,2174.0,2,False
2026-03-24 15:28:00+00:00,,,,,,,,0.79,0.79,,217.0,1,False
2026-03-24 15:28:30+00:00,,,,,,,,0.79,0.79,,0.0,0,False
2026-03-24 15:29:00+00:00,,,,,,,,0.7934615384615384,0.81,,104.0,2,False
2026-03-24 15:29:30+00:00,,,,,,,,0.7996808510638299,0.79,,188.0,3,False
2026-03-24 15:30:00+00:00,,,,,,,,0.7923321554770318,0.79,,566.0,3,False
2026-03-24 15:30:30+00:00,,,,,,,,0.81,0.81,,6.0,1,False
2026-03-24 15:31:00+00:00,,,,,,,,0.7914814814814816,0.79,,27.0,3,False
2026-03-24 15:31:30+00:00,,,,,,,,0.8100000000000002,0.81,,6.0,2,False
2026-03-24 15:32:00+00:00,,,,,,,,0.8100000000000002,0.81,,0.0,0,False
2026-03-24 15:32:30+00:00,,,,,,,,0.8000000000000002,0.8,,24.0,1,False
2026-03-24 15:33:00+00:00,,,,,,,,0.8000000000000002,0.8,,0.0,0,False
2026-03-24 15:33:30+00:00,,,,,,,,0.7975510204081633,0.81,,196.0,5,False
2026-03-24 15:34:00+00:00,,,,,,,,0.79,0.79,,63.0,2,False
2026-03-24 15:34:30+00:00,,,,,,,,0.79,0.79,,0.0,0,False
2026-03-24 15:35:00+00:00,,,,,,,,0.7900000000000001,0.79,,22.0,1,False
2026-03-24 15:35:30+00:00,,,,,,,,0.79,0.79,,477.0,2,False
2026-03-24 15:36:00+00:00,,,,,,,,0.79,0.79,,0.0,0,False
2026-03-24 15:36:30+00:00,,,,,,,,0.79,0.79,,0.0,0,False
2026-03-24 15:37:00+00:00,,,,,,,,0.8076470588235294,0.81,,68.0,3,False
2026-03-24 15:37:30+00:00,,,,,,,,0.8076470588235294,0.81,,0.0,0,False
2026-03-24 15:38:00+00:00,,,,,,,,0.8076470588235294,0.81,,0.0,0,False
2026-03-24 15:38:30+00:00,,,,,,,,0.79,0.79,,4.0,1,False
2026-03-24 15:39:00+00:00,,,,,,,,0.79,0.79,,4.0,1,False
2026-03-24 15:39:30+00:00,,,,,,,,0.81,0.81,,85.0,1,False
2026-03-24 15:40:00+00:00,,,,,,,,0.81,0.81,,0.0,0,False
2026-03-24 15:40:30+00:00,,,,,,,,0.7901673640167365,0.81,,239.0,3,False
2026-03-24 15:41:00+00:00,,,,,,,,0.7901673640167365,0.81,,0.0,0,False
2026-03-24 15:41:30+00:00,,,,,,,,0.7900000000000001,0.79,,45.0,1,False
2026-03-24 15:42:00+00:00,,,,,,,,0.7904444444444445,0.79,,45.0,2,False
2026-03-24 15:42:30+00:00,,,,,,,,0.79,0.79,,21.0,1,False
2026-03-24 15:43:00+00:00,,,,,,,,0.7916901408450704,0.79,,142.0,3,False
2026-03-24 15:43:30+00:00,,,,,,,,0.79,0.79,,98.0,3,False
2026-03-24 15:44:00+00:00,,,,,,,,0.79,0.79,,0.0,0,False
2026-03-24 15:44:30+00:00,,,,,,,,0.8076,0.81,,75.0,3,False
2026-03-24 15:45:00+00:00,,,,,,,,0.79,0.79,,878.0,2,False
2026-03-24 15:45:30+00:00,,,,,,,,0.7900000000000001,0.79,,11.0,2,False
2026-03-24 15:46:00+00:00,,,,,,,,0.79,0.79,,10.0,1,False
2026-03-24 15:46:30+00:00,,,,,,,,0.7905333333333334,0.81,,75.0,3,False
2026-03-24 15:47:00+00:00,,,,,,,,0.79,0.79,,112.0,1,False
2026-03-24 15:47:30+00:00,,,,,,,,0.8095683453237411,0.79,,278.0,2,False
2026-03-24 15:48:00+00:00,,,,,,,,0.79,0.79,,175.0,2,False
2026-03-24 15:48:30+00:00,,,,,,,,0.79,0.79,,0.0,0,False
2026-03-24 15:49:00+00:00,,,,,,,,0.79,0.79,,225.0,1,False
2026-03-24 15:49:30+00:00,,,,,,,,0.79,0.79,,4.0,1,False
2026-03-24 15:50:00+00:00,,,,,,,,0.7900000000000001,0.79,,45.0,1,False
2026-03-24 15:50:30+00:00,,,,,,,,0.79,0.79,,359.0,2,False
2026-03-24 15:51:00+00:00,,,,,,,,0.79,0.79,,0.0,0,False
2026-03-24 15:51:30+00:00,,,,,,,,0.79,0.79,,0.0,0,False
2026-03-24 15:52:00+00:00,,,,,,,,0.81,0.81,,4.0,2,False
2026-03-24 15:52:30+00:00,,,,,,,,0.81,0.81,,12.0,1,False
2026-03-24 15:53:00+00:00,,,,,,,,0.7949999999999999,0.79,,28.0,3,False
2026-03-24 15:53:30+00:00,,,,,,,,0.7949999999999999,0.79,,0.0,0,False
2026-03-24 15:54:00+00:00,,,,,,,,0.7899999999999999,0.79,,122.0,2,False
2026-03-24 15:54:30+00:00,,,,,,,,0.7902474226804125,0.81,,485.0,3,False
2026-03-24 15:55:00+00:00,,,,,,,,0.7916393442622952,0.81,,122.0,2,False
2026-03-24 15:55:30+00:00,,,,,,,,0.81,0.81,,17.0,1,False
2026-03-24 15:56:00+00:00,,,,,,,,0.8,0.8,,2.0,1,False
2026-03-24 15:56:30+00:00,,,,,,,,0.8,0.8,,0.0,0,False
2026-03-24 15:57:00+00:00,,,,,,,,0.8,0.8,,0.0,0,False
2026-03-24 15:57:30+00:00,,,,,,,,0.7900000000000001,0.79,,29.0,2,False
2026-03-24 15:58:00+00:00,,,,,,,,0.790377358490566,0.79,,106.0,2,False
2026-03-24 15:58:30+00:00,,,,,,,,0.8071428571428572,0.81,,7.0,2,False
2026-03-24 15:59:00+00:00,,,,,,,,0.8071428571428572,0.81,,0.0,0,False
2026-03-24 15:59:30+00:00,,,,,,,,0.8071428571428572,0.81,,0.0,0,False
2026-03-24 16:00:00+00:00,,,,,,,,0.7946153846153846,0.79,,26.0,2,False
2026-03-24 16:00:30+00:00,,,,,,,,0.7946153846153846,0.79,,0.0,0,False
2026-03-24 16:01:00+00:00,,,,,,,,0.79,0.79,,62.0,1,False
2026-03-24 16:01:30+00:00,,,,,,,,0.7947058823529412,0.81,,51.0,4,False
2026-03-24 16:02:00+00:00,,,,,,,,0.7947058823529412,0.81,,0.0,0,False
2026-03-24 16:02:30+00:00,,,,,,,,0.7899999999999999,0.79,,86.0,1,False
2026-03-24 16:03:00+00:00,,,,,,,,0.7900000000000001,0.79,,22.0,1,False
2026-03-24 16:03:30+00:00,,,,,,,,0.79,0.79,,200.0,1,False
2026-03-24 16:04:00+00:00,,,,,,,,0.7905882352941177,0.79,,68.0,4,False
2026-03-24 16:04:30+00:00,,,,,,,,0.79,0.79,,21.0,1,False
2026-03-24 16:05:00+00:00,,,,,,,,0.7971641791044776,0.79,,67.0,2,False
2026-03-24 16:05:30+00:00,,,,,,,,0.81,0.81,,1.0,1,False
2026-03-24 16:06:00+00:00,,,,,,,,0.81,0.81,,0.0,0,False
2026-03-24 16:06:30+00:00,,,,,,,,0.81,0.81,,2.0,1,False
2026-03-24 16:07:00+00:00,,,,,,,,0.79,0.79,,9.0,1,False
2026-03-24 16:07:30+00:00,,,,,,,,0.8073809523809524,0.81,,420.0,4,False
2026-03-24 16:08:00+00:00,,,,,,,,0.79,0.79,,67.0,1,False
2026-03-24 16:08:30+00:00,,,,,,,,0.79,0.79,,7.0,1,False
2026-03-24 16:09:00+00:00,,,,,,,,0.79,0.79,,79.0,2,False
2026-03-24 16:09:30+00:00,,,,,,,,0.79,0.79,,8.0,2,False
2026-03-24 16:10:00+00:00,,,,,,,,0.790042735042735,0.79,,234.0,3,False
2026-03-24 16:10:30+00:00,,,,,,,,0.8093750000000001,0.81,,16.0,3,False
2026-03-24 16:11:00+00:00,,,,,,,,0.81,0.81,,30.0,1,False
2026-03-24 16:11:30+00:00,,,,,,,,0.81,0.81,,0.0,0,False
2026-03-24 16:12:00+00:00,,,,,,,,0.7900696864111498,0.81,,287.0,2,False
2026-03-24 16:12:30+00:00,,,,,,,,0.8099999999999999,0.81,,14.0,1,False
2026-03-24 16:13:00+00:00,,,,,,,,0.7900000000000001,0.79,,1613.0,2,False
2026-03-24 16:13:30+00:00,,,,,,,,0.8,0.8,,34.0,1,False
2026-03-24 16:14:00+00:00,,,,,,,,0.81,0.81,,67.0,1,False
2026-03-24 16:14:30+00:00,,,,,,,,0.81,0.81,,0.0,0,False
2026-03-24 16:15:00+00:00,,,,,,,,0.81,0.81,,0.0,0,False
2026-03-24 16:15:30+00:00,,,,,,,,0.7966666666666667,0.79,,6.0,2,False
2026-03-24 16:16:00+00:00,,,,,,,,0.7922281167108756,0.79,,377.0,6,False
2026-03-24 16:16:30+00:00,,,,,,,,0.7962017167381975,0.8,,466.0,7,False
2026-03-24 16:17:00+00:00,,,,,,,,0.7991578947368422,0.79,,285.0,3,False
2026-03-24 16:17:30+00:00,,,,,,,,0.7997039473684211,0.8,,304.0,3,False
2026-03-24 16:18:00+00:00,,,,,,,,0.7993930635838151,0.79,,346.0,5,False
2026-03-24 16:18:30+00:00,,,,,,,,0.7961946902654868,0.8,,226.0,3,False
2026-03-24 16:19:00+00:00,,,,,,,,0.7963202247191011,0.79,,356.0,5,False
2026-03-24 16:19:30+00:00,,,,,,,,0.79,0.79,,157.0,1,False
2026-03-24 16:20:00+00:00,,,,,,,,0.79,0.79,,442.0,2,False
2026-03-24 16:20:30+00:00,,,,,,,,0.79,0.79,,0.0,0,False
2026-03-24 16:21:00+00:00,,,,,,,,0.79,0.79,,8.0,1,False
2026-03-24 16:21:30+00:00,,,,,,,,0.7900000000000001,0.79,,22.0,1,False
2026-03-24 16:22:00+00:00,,,,,,,,0.79,0.79,,56.0,2,False
2026-03-24 16:22:30+00:00,,,,,,,,0.7904347826086958,0.81,,46.0,2,False
2026-03-24 16:23:00+00:00,,,,,,,,0.7904347826086958,0.81,,0.0,0,False
2026-03-24 16:23:30+00:00,,,,,,,,0.7904347826086958,0.81,,0.0,0,False
2026-03-24 16:24:00+00:00,,,,,,,,0.8099999999999999,0.81,,147.0,2,False
2026-03-24 16:24:30+00:00,,,,,,,,0.8099999999999999,0.81,,0.0,0,False
2026-03-24 16:25:00+00:00,,,,,,,,0.8099999999999999,0.81,,0.0,0,False
2026-03-24 16:25:30+00:00,,,,,,,,0.79,0.79,,54.0,2,False
2026-03-24 16:26:00+00:00,,,,,,,,0.7963025210084035,0.8,,119.0,3,False
2026-03-24 16:26:30+00:00,,,,,,,,0.7963025210084035,0.8,,0.0,0,False
2026-03-24 16:27:00+00:00,,,,,,,,0.8054225352112676,0.81,,142.0,2,False
2026-03-24 16:27:30+00:00,,,,,,,,0.8,0.8,,14.0,1,False
2026-03-24 16:28:00+00:00,,,,,,,,0.8,0.8,,4.0,1,False
2026-03-24 16:28:30+00:00,,,,,,,,0.8092307692307693,0.8,,26.0,2,False
2026-03-24 16:29:00+00:00,,,,,,,,0.8005263157894739,0.8,,57.0,4,False
2026-03-24 16:29:30+00:00,,,,,,,,0.8005263157894739,0.8,,0.0,0,False
2026-03-24 16:30:00+00:00,,,,,,,,0.8048108108108109,0.81,,185.0,5,False
2026-03-24 16:30:30+00:00,,,,,,,,0.81,0.81,,1.0,1,False
2026-03-24 16:31:00+00:00,,,,,,,,0.8001515151515152,0.81,,132.0,4,False
2026-03-24 16:31:30+00:00,,,,,,,,0.8017647058823529,0.8,,51.0,2,False
2026-03-24 16:32:00+00:00,,,,,,,,0.8017647058823529,0.8,,0.0,0,False
2026-03-24 16:32:30+00:00,,,,,,,,0.8,0.8,,113.0,1,False
2026-03-24 16:33:00+00:00,,,,,,,,0.8,0.8,,1.0,1,False
2026-03-24 16:33:30+00:00,,,,,,,,0.81,0.81,,27.0,1,False
2026-03-24 16:34:00+00:00,,,,,,,,0.81,0.81,,19.0,1,False
2026-03-24 16:34:30+00:00,,,,,,,,0.81,0.81,,0.0,0,False
2026-03-24 16:35:00+00:00,,,,,,,,0.81,0.81,,0.0,0,False
2026-03-24 16:35:30+00:00,,,,,,,,0.8,0.8,,10.0,1,False
2026-03-24 16:36:00+00:00,,,,,,,,0.8,0.8,,0.0,0,False
2026-03-24 16:36:30+00:00,,,,,,,,0.8016216216216215,0.8,,148.0,6,False
2026-03-24 16:37:00+00:00,,,,,,,,0.8,0.8,,22.0,1,False
2026-03-24 16:37:30+00:00,,,,,,,,0.8100000000000002,0.81,,10.0,1,False
2026-03-24 16:38:00+00:00,,,,,,,,0.8,0.8,,47.0,1,False
2026-03-24 16:38:30+00:00,,,,,,,,0.8,0.8,,45.0,1,False
2026-03-24 16:39:00+00:00,,,,,,,,0.8,0.8,,0.0,0,False
2026-03-24 16:39:30+00:00,,,,,,,,0.8007142857142858,0.8,,14.0,2,False
2026-03-24 16:40:00+00:00,,,,,,,,0.8,0.8,,1.0,1,False
2026-03-24 16:40:30+00:00,,,,,,,,0.8,0.8,,8.0,1,False
2026-03-24 16:41:00+00:00,,,,,,,,0.8,0.8,,9.0,1,False
2026-03-24 16:41:30+00:00,,,,,,,,0.8,0.8,,170.0,2,False
2026-03-24 16:42:00+00:00,,,,,,,,0.8,0.8,,0.0,0,False
2026-03-24 16:42:30+00:00,,,,,,,,0.8,0.8,,114.0,4,False
2026-03-24 16:43:00+00:00,,,,,,,,0.8,0.8,,0.0,0,False
2026-03-24 16:43:30+00:00,,,,,,,,0.81,0.81,,4.0,1,False
2026-03-24 16:44:00+00:00,,,,,,,,0.8,0.8,,340.0,2,False
2026-03-24 16:44:30+00:00,,,,,,,,0.8017647058823529,0.8,,17.0,2,False
2026-03-24 16:45:00+00:00,,,,,,,,0.8,0.8,,28.0,1,False
2026-03-24 16:45:30+00:00,,,,,,,,0.8,0.8,,0.0,0,False
2026-03-24 16:46:00+00:00,,,,,,,,0.8,0.8,,0.0,0,False
2026-03-24 16:46:30+00:00,,,,,,,,0.8,0.8,,0.0,0,False
2026-03-24 16:47:00+00:00,,,,,,,,0.8089871611982882,0.81,,701.0,2,False
2026-03-24 16:47:30+00:00,,,,,,,,0.8089871611982882,0.81,,0.0,0,False
2026-03-24 16:48:00+00:00,,,,,,,,0.81,0.81,,66.0,2,False
2026-03-24 16:48:30+00:00,,,,,,,,0.8,0.8,,213.0,1,False
2026-03-24 16:49:00+00:00,,,,,,,,0.8,0.8,,0.0,0,False
2026-03-24 16:49:30+00:00,,,,,,,,0.8,0.8,,0.0,0,False
2026-03-24 16:50:00+00:00,,,,,,,,0.8002083333333334,0.8,,48.0,2,False
2026-03-24 16:50:30+00:00,,,,,,,,0.8002083333333334,0.8,,0.0,0,False
2026-03-24 16:51:00+00:00,,,,,,,,0.8020338983050848,0.8,,118.0,2,False
2026-03-24 16:51:30+00:00,,,,,,,,0.8,0.8,,71.0,1,False
2026-03-24 16:52:00+00:00,,,,,,,,0.8,0.8,,854.0,4,False
2026-03-24 16:52:30+00:00,,,,,,,,0.8,0.8,,0.0,0,False
2026-03-24 16:53:00+00:00,,,,,,,,0.8021551724137932,0.8,,116.0,4,False
2026-03-24 16:53:30+00:00,,,,,,,,0.8,0.8,,104.0,1,False
2026-03-24 16:54:00+00:00,,,,,,,,0.81,0.81,,1.0,1,False
2026-03-24 16:54:30+00:00,,,,,,,,0.8,0.8,,23.0,1,False
2026-03-24 16:55:00+00:00,,,,,,,,0.8,0.8,,931.0,3,False
2026-03-24 16:55:30+00:00,,,,,,,,0.8000000000000002,0.8,,24.0,1,False
2026-03-24 16:56:00+00:00,,,,,,,,0.8000000000000002,0.8,,454.0,1,False
2026-03-24 16:56:30+00:00,,,,,,,,0.805,0.8,,2.0,2,False
2026-03-24 16:57:00+00:00,,,,,,,,0.805,0.8,,0.0,0,False
2026-03-24 16:57:30+00:00,,,,,,,,0.8,0.8,,22.0,1,False
2026-03-24 16:58:00+00:00,,,,,,,,0.8001886792452831,0.8,,53.0,3,False
2026-03-24 16:58:30+00:00,,,,,,,,0.8034285714285716,0.8,,35.0,2,False
2026-03-24 16:59:00+00:00,,,,,,,,0.8037694704049844,0.81,,321.0,2,False
2026-03-24 16:59:30+00:00,,,,,,,,0.8037694704049844,0.81,,0.0,0,False
2026-03-24 17:00:00+00:00,,,,,,,,0.81,0.81,,1.0,1,False
2026-03-24 17:00:30+00:00,,,,,,,,0.8,0.8,,22.0,1,False
2026-03-24 17:01:00+00:00,,,,,,,,0.8,0.8,,0.0,0,False
2026-03-24 17:01:30+00:00,,,,,,,,0.8,0.8,,39.0,2,False
2026-03-24 17:02:00+00:00,,,,,,,,0.8042857142857144,0.8,,14.0,3,False
2026-03-24 17:02:30+00:00,,,,,,,,0.8025000000000001,0.8,,32.0,3,False
2026-03-24 17:03:00+00:00,,,,,,,,0.8091468253968255,0.8,,504.0,4,False
2026-03-24 17:03:30+00:00,,,,,,,,0.81,0.81,,315.0,2,False
2026-03-24 17:04:00+00:00,,,,,,,,0.80525,0.81,,80.0,2,False
2026-03-24 17:04:30+00:00,,,,,,,,0.81,0.81,,100.0,1,False
2026-03-24 17:05:00+00:00,,,,,,,,0.8051111111111112,0.81,,45.0,2,False
2026-03-24 17:05:30+00:00,,,,,,,,0.8099999999999999,0.81,,7.0,1,False
2026-03-24 17:06:00+00:00,,,,,,,,0.8068711656441718,0.8,,163.0,4,False
2026-03-24 17:06:30+00:00,,,,,,,,0.8,0.8,,45.0,1,False
2026-03-24 17:07:00+00:00,,,,,,,,0.8,0.8,,136.0,1,False
2026-03-24 17:07:30+00:00,,,,,,,,0.8,0.8,,473.0,1,False
2026-03-24 17:08:00+00:00,,,,,,,,0.8,0.8,,0.0,0,False
2026-03-24 17:08:30+00:00,,,,,,,,0.8,0.8,,0.0,0,False
2026-03-24 17:09:00+00:00,,,,,,,,0.8,0.8,,0.0,0,False
2026-03-24 17:09:30+00:00,,,,,,,,0.8,0.8,,33.0,2,False
2026-03-24 17:10:00+00:00,,,,,,,,0.81,0.81,,60.0,1,False
2026-03-24 17:10:30+00:00,,,,,,,,0.8,0.8,,68.0,2,False
2026-03-24 17:11:00+00:00,,,,,,,,0.8,0.8,,115.0,2,False
2026-03-24 17:11:30+00:00,,,,,,,,0.8028125000000002,0.81,,32.0,2,False
2026-03-24 17:12:00+00:00,,,,,,,,0.8028125000000002,0.81,,0.0,0,False
2026-03-24 17:12:30+00:00,,,,,,,,0.7999999999999999,0.8,,783.0,3,False
2026-03-24 17:13:00+00:00,,,,,,,,0.7999999999999999,0.8,,0.0,0,False
2026-03-24 17:13:30+00:00,,,,,,,,0.8,0.8,,151.0,1,False
2026-03-24 17:14:00+00:00,,,,,,,,0.8,0.8,,68.0,1,False
2026-03-24 17:14:30+00:00,,,,,,,,0.81,0.81,,12.0,1,False
2026-03-24 17:15:00+00:00,,,,,,,,0.81,0.81,,24.0,1,False
2026-03-24 17:15:30+00:00,,,,,,,,0.81,0.81,,0.0,0,False
2026-03-24 17:16:00+00:00,,,,,,,,0.8,0.8,,34.0,2,False
2026-03-24 17:16:30+00:00,,,,,,,,0.8,0.8,,0.0,0,False
2026-03-24 17:17:00+00:00,,,,,,,,0.8098493626882967,0.8,,863.0,2,False
2026-03-24 17:17:30+00:00,,,,,,,,0.8,0.8,,45.0,1,False
2026-03-24 17:18:00+00:00,,,,,,,,0.8048837209302325,0.81,,43.0,2,False
2026-03-24 17:18:30+00:00,,,,,,,,0.8048837209302325,0.81,,0.0,0,False
2026-03-24 17:19:00+00:00,,,,,,,,0.8048837209302325,0.81,,0.0,0,False
2026-03-24 17:19:30+00:00,,,,,,,,0.8,0.8,,4.0,1,False
2026-03-24 17:20:00+00:00,,,,,,,,0.8,0.8,,0.0,0,False
2026-03-24 17:20:30+00:00,,,,,,,,0.8000272479564033,0.81,,734.0,4,False
2026-03-24 17:21:00+00:00,,,,,,,,0.8000272479564033,0.81,,0.0,0,False
2026-03-24 17:21:30+00:00,,,,,,,,0.8000272479564033,0.81,,0.0,0,False
2026-03-24 17:22:00+00:00,,,,,,,,0.8,0.8,,351.0,2,False
2026-03-24 17:22:30+00:00,,,,,,,,0.8,0.8,,77.0,2,False
2026-03-24 17:23:00+00:00,,,,,,,,0.8,0.8,,46.0,1,False
2026-03-24 17:23:30+00:00,,,,,,,,0.8000000000000002,0.8,,227.0,1,False
2026-03-24 17:24:00+00:00,,,,,,,,0.8027777777777778,0.81,,18.0,2,False
2026-03-24 17:24:30+00:00,,,,,,,,0.8008071748878924,0.8,,223.0,4,False
2026-03-24 17:25:00+00:00,,,,,,,,0.800108695652174,0.8,,92.0,3,False
2026-03-24 17:25:30+00:00,,,,,,,,0.8000000000000002,0.8,,140.0,2,False
2026-03-24 17:26:00+00:00,,,,,,,,0.8,0.8,,9.0,1,False
2026-03-24 17:26:30+00:00,,,,,,,,0.8043333333333335,0.8,,30.0,3,False
2026-03-24 17:27:00+00:00,,,,,,,,0.8004562737642587,0.8,,263.0,4,False
2026-03-24 17:27:30+00:00,,,,,,,,0.8000000000000002,0.8,,52.0,2,False
2026-03-24 17:28:00+00:00,,,,,,,,0.8000000000000002,0.8,,0.0,0,False
2026-03-24 17:28:30+00:00,,,,,,,,0.8000000000000002,0.8,,227.0,1,False
2026-03-24 17:29:00+00:00,,,,,,,,0.8012820512820513,0.81,,390.0,3,False
2026-03-24 17:29:30+00:00,,,,,,,,0.8029113924050633,0.81,,79.0,4,False
2026-03-24 17:30:00+00:00,,,,,,,,0.8007346938775511,0.8,,245.0,2,False
2026-03-24 17:30:30+00:00,,,,,,,,0.8,0.8,,90.0,1,False
2026-03-24 17:31:00+00:00,,,,,,,,0.8,0.8,,0.0,0,False
2026-03-24 17:31:30+00:00,,,,,,,,0.81,0.81,,119.0,1,False
2026-03-24 17:32:00+00:00,,,,,,,,0.81,0.81,,12.0,1,False
2026-03-24 17:32:30+00:00,,,,,,,,0.8,0.8,,135.0,2,False
2026-03-24 17:33:00+00:00,,,,,,,,0.8,0.8,,0.0,0,False
2026-03-24 17:33:30+00:00,,,,,,,,0.7956686541737649,0.81,,2348.0,11,False
2026-03-24 17:34:00+00:00,,,,,,,,0.8099999999999999,0.81,,14.0,3,False
2026-03-24 17:34:30+00:00,,,,,,,,0.81,0.81,,16.0,2,False
2026-03-24 17:35:00+00:00,,,,,,,,0.79,0.79,,177.0,4,False
2026-03-24 17:35:30+00:00,,,,,,,,0.79,0.79,,0.0,0,False
2026-03-24 17:36:00+00:00,,,,,,,,0.79,0.79,,92.0,3,False
2026-03-24 17:36:30+00:00,,,,,,,,0.7900000000000001,0.79,,22.0,1,False
2026-03-24 17:37:00+00:00,,,,,,,,0.803953488372093,0.81,,43.0,3,False
2026-03-24 17:37:30+00:00,,,,,,,,0.7900000000000001,0.79,,45.0,1,False
2026-03-24 17:38:00+00:00,,,,,,,,0.8,0.8,,47.0,1,False
2026-03-24 17:38:30+00:00,,,,,,,,0.8,0.8,,14.0,1,False
2026-03-24 17:39:00+00:00,,,,,,,,0.7921592649310872,0.79,,653.0,3,False
2026-03-24 17:39:30+00:00,,,,,,,,0.8,0.8,,236.0,2,False
2026-03-24 17:40:00+00:00,,,,,,,,0.80375,0.81,,32.0,2,False
2026-03-24 17:40:30+00:00,,,,,,,,0.80375,0.81,,0.0,0,False
2026-03-24 17:41:00+00:00,,,,,,,,0.81,0.81,,107.0,3,False
2026-03-24 17:41:30+00:00,,,,,,,,0.81,0.81,,0.0,0,False
2026-03-24 17:42:00+00:00,,,,,,,,0.8,0.8,,4.0,1,False
2026-03-24 17:42:30+00:00,,,,,,,,0.8,0.8,,50.0,1,False
2026-03-24 17:43:00+00:00,,,,,,,,0.8,0.8,,7.0,1,False
2026-03-24 17:43:30+00:00,,,,,,,,0.8,0.8,,45.0,1,False
2026-03-24 17:44:00+00:00,,,,,,,,0.806,0.81,,225.0,2,False
2026-03-24 17:44:30+00:00,,,,,,,,0.7899999999999999,0.79,,88.0,3,False
2026-03-24 17:45:00+00:00,,,,,,,,0.7900000000000001,0.79,,130.0,2,False
2026-03-24 17:45:30+00:00,,,,,,,,0.7904034582132564,0.79,,347.0,4,False
2026-03-24 17:46:00+00:00,,,,,,,,0.79,0.79,,10.0,1,False
2026-03-24 17:46:30+00:00,,,,,,,,0.7900000000000001,0.79,,144.0,2,False
2026-03-24 17:47:00+00:00,,,,,,,,0.7900000000000001,0.79,,0.0,0,False
2026-03-24 17:47:30+00:00,,,,,,,,0.7900000000000001,0.79,,0.0,0,False
2026-03-24 17:48:00+00:00,,,,,,,,0.81,0.81,,96.0,1,False
2026-03-24 17:48:30+00:00,,,,,,,,0.7901574803149606,0.8,,508.0,2,False
2026-03-24 17:49:00+00:00,,,,,,,,0.7901574803149606,0.8,,0.0,0,False
2026-03-24 17:49:30+00:00,,,,,,,,0.791818181818182,0.79,,99.0,2,False
2026-03-24 17:50:00+00:00,,,,,,,,0.81,0.81,,2.0,2,False
2026-03-24 17:50:30+00:00,,,,,,,,0.81,0.81,,0.0,0,False
2026-03-24 17:51:00+00:00,,,,,,,,0.7900000000000001,0.79,,90.0,1,False
2026-03-24 17:51:30+00:00,,,,,,,,0.7900000000000001,0.79,,0.0,0,False
2026-03-24 17:52:00+00:00,,,,,,,,0.79,0.79,,4.0,1,False
2026-03-24 17:52:30+00:00,,,,,,,,0.79,0.79,,0.0,0,False
2026-03-24 17:53:00+00:00,,,,,,,,0.7900000000000001,0.79,,67.0,2,False
2026-03-24 17:53:30+00:00,,,,,,,,0.7900000000000001,0.79,,0.0,0,False
2026-03-24 17:54:00+00:00,,,,,,,,0.81,0.81,,6.0,1,False
2026-03-24 17:54:30+00:00,,,,,,,,0.7972619047619047,0.79,,84.0,3,False
2026-03-24 17:55:00+00:00,,,,,,,,0.7972619047619047,0.79,,0.0,0,False
2026-03-24 17:55:30+00:00,,,,,,,,0.79,0.79,,488.0,4,False
2026-03-24 17:56:00+00:00,,,,,,,,0.8000000000000002,0.8,,41.0,2,False
2026-03-24 17:56:30+00:00,,,,,,,,0.8000000000000002,0.8,,0.0,0,False
2026-03-24 17:57:00+00:00,,,,,,,,0.81,0.81,,152.0,2,False
2026-03-24 17:57:30+00:00,,,,,,,,0.81,0.81,,0.0,0,False
2026-03-24 17:58:00+00:00,,,,,,,,0.7900000000000001,0.79,,22.0,1,False
2026-03-24 17:58:30+00:00,,,,,,,,0.7966666666666667,0.81,,6.0,2,False
2026-03-24 17:59:00+00:00,,,,,,,,0.81,0.81,,60.0,1,False
2026-03-24 17:59:30+00:00,,,,,,,,0.7901666666666667,0.79,,240.0,3,False
2026-03-24 18:00:00+00:00,,,,,,,,0.7904411764705882,0.79,,136.0,4,False
2026-03-24 18:00:30+00:00,,,,,,,,0.8074193548387097,0.81,,31.0,3,False
2026-03-24 18:01:00+00:00,,,,,,,,0.7899999999999999,0.79,,13.0,1,False
2026-03-24 18:01:30+00:00,,,,,,,,0.8061707988980717,0.81,,363.0,3,False
2026-03-24 18:02:00+00:00,,,,,,,,0.8061707988980717,0.81,,0.0,0,False
2026-03-24 18:02:30+00:00,,,,,,,,0.7982421875000001,0.79,,256.0,4,False
2026-03-24 18:03:00+00:00,,,,,,,,0.7899999999999999,0.79,,585.0,3,False
2026-03-24 18:03:30+00:00,,,,,,,,0.7899999999999999,0.79,,0.0,0,False
2026-03-24 18:04:00+00:00,,,,,,,,0.7988775510204082,0.79,,98.0,5,False
2026-03-24 18:04:30+00:00,,,,,,,,0.7900000000000001,0.79,,22.0,1,False
2026-03-24 18:05:00+00:00,,,,,,,,0.81,0.81,,502.0,2,False
2026-03-24 18:05:30+00:00,,,,,,,,0.81,0.81,,0.0,0,False
2026-03-24 18:06:00+00:00,,,,,,,,0.81,0.81,,0.0,0,False
2026-03-24 18:06:30+00:00,,,,,,,,0.8063636363636365,0.81,,11.0,3,False
2026-03-24 18:07:00+00:00,,,,,,,,0.79,0.79,,108.0,1,False
2026-03-24 18:07:30+00:00,,,,,,,,0.79,0.79,,451.0,1,False
2026-03-24 18:08:00+00:00,,,,,,,,0.7900000000000001,0.79,,22.0,1,False
2026-03-24 18:08:30+00:00,,,,,,,,0.79,0.79,,9.0,1,False
2026-03-24 18:09:00+00:00,,,,,,,,0.81,0.81,,19.0,1,False
2026-03-24 18:09:30+00:00,,,,,,,,0.7899999999999999,0.79,,88.0,2,False
2026-03-24 18:10:00+00:00,,,,,,,,0.8100000000000002,0.81,,5.0,1,False
2026-03-24 18:10:30+00:00,,,,,,,,0.79,0.79,,221.0,2,False
2026-03-24 18:11:00+00:00,,,,,,,,0.8095238095238095,0.81,,126.0,2,False
2026-03-24 18:11:30+00:00,,,,,,,,0.79,0.79,,225.0,1,False
2026-03-24 18:12:00+00:00,,,,,,,,0.7929285714285714,0.79,,280.0,4,False
2026-03-24 18:12:30+00:00,,,,,,,,0.7929285714285714,0.79,,0.0,0,False
2026-03-24 18:13:00+00:00,,,,,,,,0.7904347826086958,0.81,,46.0,2,False
2026-03-24 18:13:30+00:00,,,,,,,,0.79,0.79,,62.0,1,False
2026-03-24 18:14:00+00:00,,,,,,,,0.79,0.79,,78.0,1,False
2026-03-24 18:14:30+00:00,,,,,,,,0.8033333333333333,0.79,,18.0,3,False
2026-03-24 18:15:00+00:00,,,,,,,,0.794125,0.79,,80.0,4,False
2026-03-24 18:15:30+00:00,,,,,,,,0.7928070175438597,0.79,,57.0,4,False
2026-03-24 18:16:00+00:00,,,,,,,,0.7928070175438597,0.79,,0.0,0,False
2026-03-24 18:16:30+00:00,,,,,,,,0.8038271604938272,0.81,,81.0,2,False
2026-03-24 18:17:00+00:00,,,,,,,,0.79,0.79,,464.0,3,False
2026-03-24 18:17:30+00:00,,,,,,,,0.79,0.79,,0.0,0,False
2026-03-24 18:18:00+00:00,,,,,,,,0.7899999999999999,0.79,,22.0,2,False
2026-03-24 18:18:30+00:00,,,,,,,,0.7899999999999999,0.79,,0.0,0,False
2026-03-24 18:19:00+00:00,,,,,,,,0.79,0.79,,390.0,5,False
2026-03-24 18:19:30+00:00,,,,,,,,0.7904545454545455,0.79,,66.0,3,False
2026-03-24 18:20:00+00:00,,,,,,,,0.7899999999999999,0.79,,208.0,1,False
2026-03-24 18:20:30+00:00,,,,,,,,0.79,0.79,,435.0,1,False
2026-03-24 18:21:00+00:00,,,,,,,,0.81,0.81,,1.0,1,False
2026-03-24 18:21:30+00:00,,,,,,,,0.81,0.81,,0.0,0,False
2026-03-24 18:22:00+00:00,,,,,,,,0.7902197802197803,0.81,,91.0,2,False
2026-03-24 18:22:30+00:00,,,,,,,,0.8,0.8,,7.0,1,False
2026-03-24 18:23:00+00:00,,,,,,,,0.8,0.8,,0.0,0,False
2026-03-24 18:23:30+00:00,,,,,,,,0.7899999999999999,0.79,,30.0,2,False
2026-03-24 18:24:00+00:00,,,,,,,,0.8044444444444445,0.81,,18.0,2,False
2026-03-24 18:24:30+00:00,,,,,,,,0.79,0.79,,36.0,2,False
2026-03-24 18:25:00+00:00,,,,,,,,0.79,0.79,,50.0,1,False
2026-03-24 18:25:30+00:00,,,,,,,,0.8079104477611941,0.79,,201.0,2,False
2026-03-24 18:26:00+00:00,,,,,,,,0.791381074168798,0.79,,782.0,4,False
2026-03-24 18:26:30+00:00,,,,,,,,0.7989655172413792,0.81,,29.0,3,False
2026-03-24 18:27:00+00:00,,,,,,,,0.79,0.79,,9.0,1,False
2026-03-24 18:27:30+00:00,,,,,,,,0.8004347826086957,0.79,,230.0,3,False
2026-03-24 18:28:00+00:00,,,,,,,,0.79,0.79,,76.0,2,False
2026-03-24 18:28:30+00:00,,,,,,,,0.7900000000000001,0.79,,88.0,1,False
2026-03-24 18:29:00+00:00,,,,,,,,0.7902739726027397,0.79,,73.0,3,False
2026-03-24 18:29:30+00:00,,,,,,,,0.79,0.79,,33.0,2,False
2026-03-24 18:30:00+00:00,,,,,,,,0.79,0.79,,16.0,1,False
2026-03-24 18:30:30+00:00,,,,,,,,0.8002542372881356,0.81,,236.0,3,False
2026-03-24 18:31:00+00:00,,,,,,,,0.81,0.81,,26.0,2,False
2026-03-24 18:31:30+00:00,,,,,,,,0.81,0.81,,50.0,1,False
2026-03-24 18:32:00+00:00,,,,,,,,0.8076470588235294,0.81,,34.0,2,False
2026-03-24 18:32:30+00:00,,,,,,,,0.81,0.81,,1.0,1,False
2026-03-24 18:33:00+00:00,,,,,,,,0.79,0.79,,157.0,2,False
2026-03-24 18:33:30+00:00,,,,,,,,0.7899999999999999,0.79,,346.0,3,False
2026-03-24 18:34:00+00:00,,,,,,,,0.79,0.79,,9.0,1,False
2026-03-24 18:34:30+00:00,,,,,,,,0.7900000000000001,0.79,,22.0,1,False
2026-03-24 18:35:00+00:00,,,,,,,,0.7900000000000001,0.79,,45.0,1,False
2026-03-24 18:35:30+00:00,,,,,,,,0.8002222222222224,0.79,,45.0,2,False
2026-03-24 18:36:00+00:00,,,,,,,,0.7946893317702228,0.79,,853.0,4,False
2026-03-24 18:36:30+00:00,,,,,,,,0.79,0.79,,152.0,1,False
2026-03-24 18:37:00+00:00,,,,,,,,0.79,0.79,,0.0,0,False
2026-03-24 18:37:30+00:00,,,,,,,,0.7901085883514314,0.8,,2026.0,4,False
2026-03-24 18:38:00+00:00,,,,,,,,0.8068000000000001,0.81,,50.0,2,False
2026-03-24 18:38:30+00:00,,,,,,,,0.81,0.81,,24.0,1,False
2026-03-24 18:39:00+00:00,,,,,,,,0.79,0.79,,207.0,2,False
2026-03-24 18:39:30+00:00,,,,,,,,0.79,0.79,,0.0,0,False
2026-03-24 18:40:00+00:00,,,,,,,,0.79,0.79,,4.0,1,False
2026-03-24 18:40:30+00:00,,,,,,,,0.79,0.79,,21.0,1,False
2026-03-24 18:41:00+00:00,,,,,,,,0.79,0.79,,4.0,1,False
2026-03-24 18:41:30+00:00,,,,,,,,0.7900000000000001,0.79,,854.0,1,False
2026-03-24 18:42:00+00:00,,,,,,,,0.81,0.81,,240.0,1,False
2026-03-24 18:42:30+00:00,,,,,,,,0.8024137931034484,0.81,,58.0,4,False
2026-03-24 18:43:00+00:00,,,,,,,,0.7910448678549478,0.79,,1627.0,5,False
2026-03-24 18:43:30+00:00,,,,,,,,0.8017037037037037,0.81,,270.0,2,False
2026-03-24 18:44:00+00:00,,,,,,,,0.79,0.79,,8.0,1,False
2026-03-24 18:44:30+00:00,,,,,,,,0.7938862256311922,0.79,,3129.0,7,False
2026-03-24 18:45:00+00:00,,,,,,,,0.7938862256311922,0.79,,0.0,0,False
2026-03-24 18:45:30+00:00,,,,,,,,0.79,0.79,,21.0,1,False
2026-03-24 18:46:00+00:00,,,,,,,,0.79,0.79,,10.0,1,False
2026-03-24 18:46:30+00:00,,,,,,,,0.79,0.79,,83.0,1,False
2026-03-24 18:47:00+00:00,,,,,,,,0.81,0.81,,12.0,1,False
2026-03-24 18:47:30+00:00,,,,,,,,0.7914814814814815,0.79,,81.0,3,False
2026-03-24 18:48:00+00:00,,,,,,,,0.81,0.81,,18.0,1,False
2026-03-24 18:48:30+00:00,,,,,,,,0.79,0.79,,100.0,1,False
2026-03-24 18:49:00+00:00,,,,,,,,0.8,0.8,,18.0,1,False
2026-03-24 18:49:30+00:00,,,,,,,,0.7959711286089238,0.79,,762.0,5,False
2026-03-24 18:50:00+00:00,,,,,,,,0.79,0.79,,130.0,1,False
2026-03-24 18:50:30+00:00,,,,,,,,0.79,0.79,,17.0,1,False
2026-03-24 18:51:00+00:00,,,,,,,,0.81,0.81,,18.0,1,False
2026-03-24 18:51:30+00:00,,,,,,,,0.81,0.81,,0.0,0,False
2026-03-24 18:52:00+00:00,,,,,,,,0.79,0.79,,451.0,1,False
2026-03-24 18:52:30+00:00,,,,,,,,0.79,0.79,,132.0,2,False
2026-03-24 18:53:00+00:00,,,,,,,,0.7899999999999999,0.79,,52.0,1,False
2026-03-24 18:53:30+00:00,,,,,,,,0.7947619047619048,0.81,,21.0,2,False
2026-03-24 18:54:00+00:00,,,,,,,,0.8049484536082474,0.81,,194.0,5,False
2026-03-24 18:54:30+00:00,,,,,,,,0.7903508771929826,0.79,,114.0,2,False
2026-03-24 18:55:00+00:00,,,,,,,,0.7900000000000001,0.79,,130.0,3,False
2026-03-24 18:55:30+00:00,,,,,,,,0.79,0.79,,217.0,1,False
2026-03-24 18:56:00+00:00,,,,,,,,0.79,0.79,,0.0,0,False
2026-03-24 18:56:30+00:00,,,,,,,,0.81,0.81,,120.0,1,False
2026-03-24 18:57:00+00:00,,,,,,,,0.7900486420753953,0.79,,4934.0,5,False
2026-03-24 18:57:30+00:00,,,,,,,,0.7927533460803059,0.81,,523.0,6,False
2026-03-24 18:58:00+00:00,,,,,,,,0.7899999999999999,0.79,,147.0,4,False
2026-03-24 18:58:30+00:00,,,,,,,,0.81,0.81,,30.0,1,False
2026-03-24 18:59:00+00:00,,,,,,,,0.81,0.81,,0.0,0,False
2026-03-24 18:59:30+00:00,,,,,,,,0.81,0.81,,18.0,1,False
2026-03-24 19:00:00+00:00,,,,,,,,0.7928571428571429,0.79,,84.0,2,False
2026-03-24 19:00:30+00:00,,,,,,,,0.7901169590643276,0.79,,171.0,3,False
2026-03-24 19:01:00+00:00,,,,,,,,0.8014018691588785,0.79,,428.0,6,False
2026-03-24 19:01:30+00:00,,,,,,,,0.7967857142857143,0.81,,168.0,5,False
2026-03-24 19:02:00+00:00,,,,,,,,0.8097527047913448,0.81,,647.0,2,False
2026-03-24 19:02:30+00:00,,,,,,,,0.8095593220338982,0.79,,590.0,2,False
2026-03-24 19:03:00+00:00,,,,,,,,0.8095593220338982,0.79,,0.0,0,False
2026-03-24 19:03:30+00:00,,,,,,,,0.7954347826086957,0.8,,46.0,2,False
2026-03-24 19:04:00+00:00,,,,,,,,0.790128755364807,0.79,,466.0,2,False
2026-03-24 19:04:30+00:00,,,,,,,,0.79,0.79,,230.0,1,False
2026-03-24 19:05:00+00:00,,,,,,,,0.81,0.81,,243.0,2,False
2026-03-24 19:05:30+00:00,,,,,,,,0.79,0.79,,2.0,1,False
2026-03-24 19:06:00+00:00,,,,,,,,0.7983636363636363,0.8,,55.0,3,False
2026-03-24 19:06:30+00:00,,,,,,,,0.79,0.79,,99.0,2,False
2026-03-24 19:07:00+00:00,,,,,,,,0.79,0.79,,4.0,1,False
2026-03-24 19:07:30+00:00,,,,,,,,0.8025000000000001,0.79,,96.0,2,False
2026-03-24 19:08:00+00:00,,,,,,,,0.81,0.81,,1.0,1,False
2026-03-24 19:08:30+00:00,,,,,,,,0.7900000000000001,0.79,,112.0,2,False
2026-03-24 19:09:00+00:00,,,,,,,,0.79,0.79,,275.0,2,False
2026-03-24 19:09:30+00:00,,,,,,,,0.79,0.79,,0.0,0,False
2026-03-24 19:10:00+00:00,,,,,,,,0.7950847457627119,0.81,,236.0,4,False
2026-03-24 19:10:30+00:00,,,,,,,,0.81,0.81,,18.0,1,False
2026-03-24 19:11:00+00:00,,,,,,,,0.8099999999999999,0.81,,31.0,2,False
2026-03-24 19:11:30+00:00,,,,,,,,0.8099999999999999,0.81,,0.0,0,False
2026-03-24 19:12:00+00:00,,,,,,,,0.8099999999999999,0.81,,0.0,0,False
2026-03-24 19:12:30+00:00,,,,,,,,0.79,0.79,,178.0,2,False
2026-03-24 19:13:00+00:00,,,,,,,,0.79,0.79,,0.0,0,False
2026-03-24 19:13:30+00:00,,,,,,,,0.79,0.79,,0.0,0,False
2026-03-24 19:14:00+00:00,,,,,,,,0.81,0.81,,25.0,1,False
2026-03-24 19:14:30+00:00,,,,,,,,0.79,0.79,,594.0,2,False
2026-03-24 19:15:00+00:00,,,,,,,,0.7899999999999999,0.79,,63.0,2,False
2026-03-24 19:15:30+00:00,,,,,,,,0.81,0.81,,1.0,1,False
2026-03-24 19:16:00+00:00,,,,,,,,0.7970588235294118,0.79,,34.0,2,False
2026-03-24 19:16:30+00:00,,,,,,,,0.7995256916996047,0.8,,506.0,4,False
2026-03-24 19:17:00+00:00,,,,,,,,0.8006493506493506,0.79,,154.0,4,False
2026-03-24 19:17:30+00:00,,,,,,,,0.79,0.79,,24.0,2,False
2026-03-24 19:18:00+00:00,,,,,,,,0.81,0.81,,6.0,1,False
2026-03-24 19:18:30+00:00,,,,,,,,0.81,0.81,,0.0,0,False
2026-03-24 19:19:00+00:00,,,,,,,,0.81,0.81,,0.0,0,False
2026-03-24 19:19:30+00:00,,,,,,,,0.81,0.81,,0.0,0,False
2026-03-24 19:20:00+00:00,,,,,,,,0.79,0.79,,262.0,2,False
2026-03-24 19:20:30+00:00,,,,,,,,0.8005263157894738,0.81,,95.0,3,False
2026-03-24 19:21:00+00:00,,,,,,,,0.79,0.79,,468.0,3,False
2026-03-24 19:21:30+00:00,,,,,,,,0.79,0.79,,0.0,0,False
2026-03-24 19:22:00+00:00,,,,,,,,0.794,0.81,,5.0,2,False
2026-03-24 19:22:30+00:00,,,,,,,,0.81,0.81,,4.0,2,False
2026-03-24 19:23:00+00:00,,,,,,,,0.8,0.8,,1.0,1,False
2026-03-24 19:23:30+00:00,,,,,,,,0.79,0.79,,76.0,3,False
2026-03-24 19:24:00+00:00,,,,,,,,0.79,0.79,,0.0,0,False
2026-03-24 19:24:30+00:00,,,,,,,,0.79,0.79,,0.0,0,False
2026-03-24 19:25:00+00:00,,,,,,,,0.79,0.79,,131.0,2,False
2026-03-24 19:25:30+00:00,,,,,,,,0.7926136363636364,0.79,,88.0,2,False
2026-03-24 19:26:00+00:00,,,,,,,,0.8090566037735849,0.8,,106.0,3,False
2026-03-24 19:26:30+00:00,,,,,,,,0.8041463414634148,0.81,,41.0,2,False
2026-03-24 19:27:00+00:00,,,,,,,,0.79,0.79,,295.0,5,False
2026-03-24 19:27:30+00:00,,,,,,,,0.7923076923076924,0.79,,13.0,2,False
2026-03-24 19:28:00+00:00,,,,,,,,0.79,0.79,,34.0,2,False
2026-03-24 19:28:30+00:00,,,,,,,,0.79,0.79,,0.0,0,False
2026-03-24 19:29:00+00:00,,,,,,,,0.79,0.79,,0.0,0,False
2026-03-24 19:29:30+00:00,,,,,,,,0.81,0.81,,3.0,1,False
2026-03-24 19:30:00+00:00,,,,,,,,0.7900732600732602,0.81,,273.0,3,False
2026-03-24 19:30:30+00:00,,,,,,,,0.81,0.81,,3.0,1,False
2026-03-24 19:31:00+00:00,,,,,,,,0.8100000000000002,0.81,,5.0,1,False
2026-03-24 19:31:30+00:00,,,,,,,,0.7963157894736842,0.81,,19.0,2,False
2026-03-24 19:32:00+00:00,,,,,,,,0.7900000000000001,0.79,,37.0,2,False
2026-03-24 19:32:30+00:00,,,,,,,,0.7972727272727274,0.81,,231.0,3,False
2026-03-24 19:33:00+00:00,,,,,,,,0.7900000000000001,0.79,,22.0,1,False
2026-03-24 19:33:30+00:00,,,,,,,,0.7900000000000001,0.79,,0.0,0,False
2026-03-24 19:34:00+00:00,,,,,,,,0.81,0.81,,178.0,1,False
2026-03-24 19:34:30+00:00,,,,,,,,0.7923715415019763,0.79,,253.0,5,False
2026-03-24 19:35:00+00:00,,,,,,,,0.7923715415019763,0.79,,0.0,0,False
2026-03-24 19:35:30+00:00,,,,,,,,0.81,0.81,,12.0,1,False
2026-03-24 19:36:00+00:00,,,,,,,,0.79,0.79,,9.0,1,False
2026-03-24 19:36:30+00:00,,,,,,,,0.7899999999999999,0.79,,172.0,2,False
2026-03-24 19:37:00+00:00,,,,,,,,0.7899999999999999,0.79,,0.0,0,False
2026-03-24 19:37:30+00:00,,,,,,,,0.8006666666666666,0.81,,45.0,2,False
2026-03-24 19:38:00+00:00,,,,,,,,0.79,0.79,,32.0,2,False
2026-03-24 19:38:30+00:00,,,,,,,,0.8014285714285715,0.79,,21.0,2,False
2026-03-24 19:39:00+00:00,,,,,,,,0.7928571428571429,0.79,,21.0,2,False
2026-03-24 19:39:30+00:00,,,,,,,,0.792429149797571,0.79,,247.0,5,False
2026-03-24 19:40:00+00:00,,,,,,,,0.79,0.79,,235.0,3,False
2026-03-24 19:40:30+00:00,,,,,,,,0.7899999999999999,0.79,,122.0,2,False
2026-03-24 19:41:00+00:00,,,,,,,,0.81,0.81,,6.0,1,False
2026-03-24 19:41:30+00:00,,,,,,,,0.79,0.79,,191.0,2,False
2026-03-24 19:42:00+00:00,,,,,,,,0.81,0.81,,872.0,1,False
2026-03-24 19:42:30+00:00,,,,,,,,0.7899999999999999,0.79,,88.0,2,False
2026-03-24 19:43:00+00:00,,,,,,,,0.79,0.79,,98.0,3,False
2026-03-24 19:43:30+00:00,,,,,,,,0.7914035087719298,0.81,,114.0,3,False
2026-03-24 19:44:00+00:00,,,,,,,,0.81,0.81,,78.0,2,False
2026-03-24 19:44:30+00:00,,,,,,,,0.8051219512195124,0.81,,41.0,3,False
2026-03-24 19:45:00+00:00,,,,,,,,0.8064285714285715,0.8,,84.0,2,False
2026-03-24 19:45:30+00:00,,,,,,,,0.795909090909091,0.79,,220.0,3,False
2026-03-24 19:46:00+00:00,,,,,,,,0.795909090909091,0.79,,0.0,0,False
2026-03-24 19:46:30+00:00,,,,,,,,0.79,0.79,,77.0,2,False
2026-03-24 19:47:00+00:00,,,,,,,,0.8067289719626168,0.79,,428.0,3,False
2026-03-24 19:47:30+00:00,,,,,,,,0.7900000000000001,0.79,,22.0,1,False
2026-03-24 19:48:00+00:00,,,,,,,,0.7900000000000001,0.79,,0.0,0,False
2026-03-24 19:48:30+00:00,,,,,,,,0.802,0.79,,50.0,2,False
2026-03-24 19:49:00+00:00,,,,,,,,0.802,0.79,,0.0,0,False
2026-03-24 19:49:30+00:00,,,,,,,,0.7902941176470589,0.79,,68.0,3,False
2026-03-24 19:50:00+00:00,,,,,,,,0.7911394891944992,0.79,,509.0,2,False
2026-03-24 19:50:30+00:00,,,,,,,,0.79,0.79,,451.0,1,False
2026-03-24 19:51:00+00:00,,,,,,,,0.79,0.79,,17.0,2,False
2026-03-24 19:51:30+00:00,,,,,,,,0.79,0.79,,0.0,0,False
2026-03-24 19:52:00+00:00,,,,,,,,0.8009947643979058,0.81,,191.0,3,False
2026-03-24 19:52:30+00:00,,,,,,,,0.81,0.81,,55.0,2,False
2026-03-24 19:53:00+00:00,,,,,,,,0.7953097345132744,0.79,,113.0,2,False
2026-03-24 19:53:30+00:00,,,,,,,,0.79,0.79,,4.0,1,False
2026-03-24 19:54:00+00:00,,,,,,,,0.8097643277986075,0.81,,1867.0,3,False
2026-03-24 19:54:30+00:00,,,,,,,,0.7993689839572193,0.8,,935.0,3,False
2026-03-24 19:55:00+00:00,,,,,,,,0.8,0.8,,10.0,1,False
2026-03-24 19:55:30+00:00,,,,,,,,0.7899999999999999,0.79,,86.0,1,False
2026-03-24 19:56:00+00:00,,,,,,,,0.7924489795918367,0.81,,49.0,2,False
2026-03-24 19:56:30+00:00,,,,,,,,0.8044444444444444,0.8,,54.0,2,False
2026-03-24 19:57:00+00:00,,,,,,,,0.7900068143100512,0.79,,2935.0,2,False
2026-03-24 19:57:30+00:00,,,,,,,,0.8064705882352942,0.81,,51.0,2,False
2026-03-24 19:58:00+00:00,,,,,,,,0.79,0.79,,116.0,2,False
2026-03-24 19:58:30+00:00,,,,,,,,0.7900000000000001,0.79,,45.0,1,False
2026-03-24 19:59:00+00:00,,,,,,,,0.79375,0.81,,16.0,2,False
2026-03-24 19:59:30+00:00,,,,,,,,0.79,0.79,,112.0,1,False
2026-03-24 20:00:00+00:00,,,,,,,,0.8003703703703704,0.79,,27.0,2,False
2026-03-24 20:00:30+00:00,,,,,,,,0.7900000000000001,0.79,,88.0,3,False
2026-03-24 20:01:00+00:00,,,,,,,,0.7899999999999999,0.79,,261.0,6,False
2026-03-24 20:01:30+00:00,,,,,,,,0.7906976744186046,0.79,,172.0,3,False
2026-03-24 20:02:00+00:00,,,,,,,,0.7899999999999999,0.79,,86.0,1,False
2026-03-24 20:02:30+00:00,,,,,,,,0.79015503875969,0.81,,129.0,3,False
2026-03-24 20:03:00+00:00,,,,,,,,0.8092307692307692,0.81,,104.0,2,False
2026-03-24 20:03:30+00:00,,,,,,,,0.7925531914893617,0.81,,47.0,2,False
2026-03-24 20:04:00+00:00,,,,,,,,0.7925531914893617,0.81,,0.0,0,False
2026-03-24 20:04:30+00:00,,,,,,,,0.8000000000000002,0.8,,3.0,1,False
2026-03-24 20:05:00+00:00,,,,,,,,0.79,0.79,,451.0,1,False
2026-03-24 20:05:30+00:00,,,,,,,,0.8099999999999999,0.81,,723.0,2,False
2026-03-24 20:06:00+00:00,,,,,,,,0.7900000000000001,0.79,,90.0,1,False
2026-03-24 20:06:30+00:00,,,,,,,,0.7900000000000001,0.79,,1845.0,2,False
2026-03-24 20:07:00+00:00,,,,,,,,0.79,0.79,,10.0,1,False
2026-03-24 20:07:30+00:00,,,,,,,,0.79,0.79,,71.0,3,False
2026-03-24 20:08:00+00:00,,,,,,,,0.79,0.79,,0.0,0,False
2026-03-24 20:08:30+00:00,,,,,,,,0.7989247311827958,0.79,,186.0,2,False
2026-03-24 20:09:00+00:00,,,,,,,,0.7900000000000001,0.79,,51.0,2,False
2026-03-24 20:09:30+00:00,,,,,,,,0.79,0.79,,243.0,3,False
2026-03-24 20:10:00+00:00,,,,,,,,0.7899999999999999,0.79,,86.0,1,False
2026-03-24 20:10:30+00:00,,,,,,,,0.7900000000000001,0.79,,8998.0,4,False
2026-03-24 20:11:00+00:00,,,,,,,,0.8017647058823529,0.81,,102.0,3,False
2026-03-24 20:11:30+00:00,,,,,,,,0.8017647058823529,0.81,,0.0,0,False
2026-03-24 20:12:00+00:00,,,,,,,,0.7899999999999999,0.79,,56.0,2,False
2026-03-24 20:12:30+00:00,,,,,,,,0.8096000000000001,0.81,,25.0,2,False
2026-03-24 20:13:00+00:00,,,,,,,,0.79,0.79,,54.0,2,False
2026-03-24 20:13:30+00:00,,,,,,,,0.7900000000000001,0.79,,22.0,1,False
2026-03-24 20:14:00+00:00,,,,,,,,0.7942105263157895,0.81,,285.0,4,False
2026-03-24 20:14:30+00:00,,,,,,,,0.8053846153846154,0.79,,39.0,2,False
2026-03-24 20:15:00+00:00,,,,,,,,0.7900000000000001,0.79,,30.0,2,False
2026-03-24 20:15:30+00:00,,,,,,,,0.79,0.79,,54.0,3,False
2026-03-24 20:16:00+00:00,,,,,,,,0.794622641509434,0.81,,212.0,3,False
2026-03-24 20:16:30+00:00,,,,,,,,0.79,0.79,,220.0,2,False
2026-03-24 20:17:00+00:00,,,,,,,,0.79,0.79,,290.0,3,False
2026-03-24 20:17:30+00:00,,,,,,,,0.8082905982905983,0.79,,1053.0,3,False
2026-03-24 20:18:00+00:00,,,,,,,,0.7975085324232083,0.79,,293.0,3,False
2026-03-24 20:18:30+00:00,,,,,,,,0.7992424242424242,0.8,,5412.0,6,False
2026-03-24 20:19:00+00:00,,,,,,,,0.7899999999999999,0.79,,527.0,6,False
2026-03-24 20:19:30+00:00,,,,,,,,0.7966666666666667,0.81,,6.0,2,False
2026-03-24 20:20:00+00:00,,,,,,,,0.7966666666666667,0.81,,0.0,0,False
2026-03-24 20:20:30+00:00,,,,,,,,0.81,0.81,,2.0,1,False
2026-03-24 20:21:00+00:00,,,,,,,,0.799920085242408,0.79,,1877.0,3,False
2026-03-24 20:21:30+00:00,,,,,,,,0.799920085242408,0.79,,0.0,0,False
2026-03-24 20:22:00+00:00,,,,,,,,0.7899999999999999,0.79,,104.0,1,False
2026-03-24 20:22:30+00:00,,,,,,,,0.7901259445843829,0.79,,397.0,4,False
2026-03-24 20:23:00+00:00,,,,,,,,0.79,0.79,,128.0,3,False
2026-03-24 20:23:30+00:00,,,,,,,,0.81,0.81,,243.0,1,False
2026-03-24 20:24:00+00:00,,,,,,,,0.7965410497981158,0.81,,743.0,2,False
2026-03-24 20:24:30+00:00,,,,,,,,0.81,0.81,,6.0,1,False
2026-03-24 20:25:00+00:00,,,,,,,,0.79,0.79,,354.0,4,False
2026-03-24 20:25:30+00:00,,,,,,,,0.7927096774193548,0.79,,155.0,3,False
2026-03-24 20:26:00+00:00,,,,,,,,0.79,0.79,,14.0,1,False
2026-03-24 20:26:30+00:00,,,,,,,,0.79026044492675,0.79,,1843.0,5,False
2026-03-24 20:27:00+00:00,,,,,,,,0.7914356435643565,0.8,,202.0,2,False
2026-03-24 20:27:30+00:00,,,,,,,,0.7942293906810036,0.79,,279.0,5,False
2026-03-24 20:28:00+00:00,,,,,,,,0.79,0.79,,53.0,4,False
2026-03-24 20:28:30+00:00,,,,,,,,0.7901998485995458,0.81,,6605.0,6,False
2026-03-24 20:29:00+00:00,,,,,,,,0.7899999999999999,0.79,,738.0,2,False
2026-03-24 20:29:30+00:00,,,,,,,,0.7931168831168831,0.81,,77.0,3,False
2026-03-24 20:30:00+00:00,,,,,,,,0.8009090909090909,0.79,,11.0,2,False
2026-03-24 20:30:30+00:00,,,,,,,,0.8009090909090909,0.79,,0.0,0,False
2026-03-24 20:31:00+00:00,,,,,,,,0.8017002881844382,0.81,,347.0,4,False
2026-03-24 20:31:30+00:00,,,,,,,,0.7987878787878788,0.8,,33.0,2,False
2026-03-24 20:32:00+00:00,,,,,,,,0.7904771371769385,0.79,,503.0,9,False
2026-03-24 20:32:30+00:00,,,,,,,,0.808,0.79,,270.0,3,False
2026-03-24 20:33:00+00:00,,,,,,,,0.791061946902655,0.79,,113.0,4,False
2026-03-24 20:33:30+00:00,,,,,,,,0.7904347826086958,0.79,,46.0,2,False
2026-03-24 20:34:00+00:00,,,,,,,,0.7928571428571429,0.81,,14.0,2,False
2026-03-24 20:34:30+00:00,,,,,,,,0.7905044966001316,0.81,,4559.0,6,False
2026-03-24 20:35:00+00:00,,,,,,,,0.7909729729729731,0.81,,185.0,5,False
2026-03-24 20:35:30+00:00,,,,,,,,0.8054545454545454,0.8,,220.0,2,False
2026-03-24 20:36:00+00:00,,,,,,,,0.79,0.79,,226.0,2,False
2026-03-24 20:36:30+00:00,,,,,,,,0.79,0.79,,0.0,0,False
2026-03-24 20:37:00+00:00,,,,,,,,0.8046153846153847,0.79,,78.0,3,False
2026-03-24 20:37:30+00:00,,,,,,,,0.8045985401459855,0.79,,411.0,4,False
2026-03-24 20:38:00+00:00,,,,,,,,0.808633540372671,0.81,,322.0,2,False
2026-03-24 20:38:30+00:00,,,,,,,,0.8048571428571429,0.79,,1470.0,4,False
2026-03-24 20:39:00+00:00,,,,,,,,0.7912765957446808,0.79,,94.0,3,False
2026-03-24 20:39:30+00:00,,,,,,,,0.79,0.79,,8.0,1,False
2026-03-24 20:40:00+00:00,,,,,,,,0.7904304932735428,0.79,,2230.0,5,False
2026-03-24 20:40:30+00:00,,,,,,,,0.7904304932735428,0.79,,0.0,0,False
2026-03-24 20:41:00+00:00,,,,,,,,0.7904304932735428,0.79,,0.0,0,False
2026-03-24 20:41:30+00:00,,,,,,,,0.79,0.79,,41.0,1,False
2026-03-24 20:42:00+00:00,,,,,,,,0.799253499222395,0.79,,1286.0,4,False
2026-03-24 20:42:30+00:00,,,,,,,,0.8100000000000002,0.81,,5.0,2,False
2026-03-24 20:43:00+00:00,,,,,,,,0.79,0.79,,287.0,3,False
2026-03-24 20:43:30+00:00,,,,,,,,0.7959016393442623,0.81,,61.0,2,False
2026-03-24 20:44:00+00:00,,,,,,,,0.81,0.81,,120.0,1,False
2026-03-24 20:44:30+00:00,,,,,,,,0.79,0.79,,21.0,1,False
2026-03-24 20:45:00+00:00,,,,,,,,0.7985714285714286,0.79,,14.0,2,False
2026-03-24 20:45:30+00:00,,,,,,,,0.8077777777777778,0.81,,117.0,3,False
2026-03-24 20:46:00+00:00,,,,,,,,0.7994055680963129,0.8,,2658.0,6,False
2026-03-24 20:46:30+00:00,,,,,,,,0.790625,0.79,,224.0,2,False
2026-03-24 20:47:00+00:00,,,,,,,,0.7900442477876106,0.81,,452.0,2,False
2026-03-24 20:47:30+00:00,,,,,,,,0.7900442477876106,0.81,,0.0,0,False
2026-03-24 20:48:00+00:00,,,,,,,,0.8055865921787709,0.8,,179.0,3,False
2026-03-24 20:48:30+00:00,,,,,,,,0.79,0.79,,4.0,1,False
2026-03-24 20:49:00+00:00,,,,,,,,0.7904166666666668,0.81,,288.0,2,False
2026-03-24 20:49:30+00:00,,,,,,,,0.7951020408163264,0.79,,98.0,3,False
2026-03-24 20:50:00+00:00,,,,,,,,0.7979693937610359,0.79,,1699.0,3,False
2026-03-24 20:50:30+00:00,,,,,,,,0.7982901554404145,0.8,,386.0,3,False
2026-03-24 20:51:00+00:00,,,,,,,,0.79,0.79,,264.0,3,False
2026-03-24 20:51:30+00:00,,,,,,,,0.7900183844651271,0.79,,8703.0,4,False
2026-03-24 20:52:00+00:00,,,,,,,,0.8050375939849623,0.81,,266.0,3,False
2026-03-24 20:52:30+00:00,,,,,,,,0.81,0.81,,6.0,1,False
2026-03-24 20:53:00+00:00,,,,,,,,0.79,0.79,,21.0,1,False
2026-03-24 20:53:30+00:00,,,,,,,,0.81,0.81,,124.0,2,False
2026-03-24 20:54:00+00:00,,,,,,,,0.79,0.79,,545.0,2,False
2026-03-24 20:54:30+00:00,,,,,,,,0.7922091310751106,0.79,,1358.0,5,False
2026-03-24 20:55:00+00:00,,,,,,,,0.79,0.79,,831.0,3,False
2026-03-24 20:55:30+00:00,,,,,,,,0.7900000000000001,0.79,,44.0,2,False
2026-03-24 20:56:00+00:00,,,,,,,,0.8030648769574945,0.81,,447.0,4,False
2026-03-24 20:56:30+00:00,,,,,,,,0.79,0.79,,114.0,2,False
2026-03-24 20:57:00+00:00,,,,,,,,0.7904804804804806,0.79,,333.0,3,False
2026-03-24 20:57:30+00:00,,,,,,,,0.7912500000000001,0.79,,48.0,2,False
2026-03-24 20:58:00+00:00,,,,,,,,0.81,0.81,,1.0,1,False
2026-03-24 20:58:30+00:00,,,,,,,,0.79,0.79,,227.0,2,False
2026-03-24 20:59:00+00:00,,,,,,,,0.79,0.79,,20.0,1,False
2026-03-24 20:59:30+00:00,,,,,,,,0.81,0.81,,12.0,1,False
2026-03-24 21:00:00+00:00,,,,,,,,0.8026470588235294,0.8,,68.0,2,False
2026-03-24 21:00:30+00:00,,,,,,,,0.7923255813953488,0.79,,43.0,6,False
2026-03-24 21:01:00+00:00,,,,,,,,0.7923255813953488,0.79,,0.0,0,False
2026-03-24 21:01:30+00:00,,,,,,,,0.7900362976406533,0.81,,551.0,4,False
2026-03-24 21:02:00+00:00,,,,,,,,0.7935922330097088,0.79,,206.0,5,False
2026-03-24 21:02:30+00:00,,,,,,,,0.7984805653710247,0.79,,283.0,4,False
2026-03-24 21:03:00+00:00,,,,,,,,0.79,0.79,,286.0,3,False
2026-03-24 21:03:30+00:00,,,,,,,,0.7905853658536585,0.79,,410.0,8,False
2026-03-24 21:04:00+00:00,,,,,,,,0.7913197969543148,0.79,,197.0,5,False
2026-03-24 21:04:30+00:00,,,,,,,,0.79,0.79,,125.0,4,False
2026-03-24 21:05:00+00:00,,,,,,,,0.7900000000000001,0.79,,95.0,6,False
2026-03-24 21:05:30+00:00,,,,,,,,0.7995238095238096,0.79,,126.0,6,False
2026-03-24 21:06:00+00:00,,,,,,,,0.79,0.79,,50.0,3,False
2026-03-24 21:06:30+00:00,,,,,,,,0.7899999999999999,0.79,,46.0,3,False
2026-03-24 21:07:00+00:00,,,,,,,,0.7973891625615763,0.79,,203.0,4,False
2026-03-24 21:07:30+00:00,,,,,,,,0.81,0.81,,150.0,1,False
2026-03-24 21:08:00+00:00,,,,,,,,0.7921621621621622,0.79,,222.0,4,False
2026-03-24 21:08:30+00:00,,,,,,,,0.79,0.79,,170.0,3,False
2026-03-24 21:09:00+00:00,,,,,,,,0.79,0.79,,523.0,3,False
2026-03-24 21:09:30+00:00,,,,,,,,0.79,0.79,,0.0,0,False
2026-03-24 21:10:00+00:00,,,,,,,,0.7900459242250287,0.81,,871.0,2,False
2026-03-24 21:10:30+00:00,,,,,,,,0.79,0.79,,2320.0,4,False
2026-03-24 21:11:00+00:00,,,,,,,,0.79,0.79,,91.0,3,False
2026-03-24 21:11:30+00:00,,,,,,,,0.79125,0.81,,160.0,7,False
2026-03-24 21:12:00+00:00,,,,,,,,0.81,0.81,,1947.0,1,False
2026-03-24 21:12:30+00:00,,,,,,,,0.7905063291139242,0.79,,474.0,6,False
2026-03-24 21:13:00+00:00,,,,,,,,0.7901574803149606,0.79,,127.0,4,False
2026-03-24 21:13:30+00:00,,,,,,,,0.79,0.79,,10.0,2,False
2026-03-24 21:14:00+00:00,,,,,,,,0.8056962025316456,0.81,,79.0,3,False
2026-03-24 21:14:30+00:00,,,,,,,,0.8040845070422535,0.81,,71.0,2,False
2026-03-24 21:15:00+00:00,,,,,,,,0.798,0.79,,255.0,3,False
2026-03-24 21:15:30+00:00,,,,,,,,0.79,0.79,,112.0,1,False
2026-03-24 21:16:00+00:00,,,,,,,,0.79153452685422,0.79,,391.0,6,False
2026-03-24 21:16:30+00:00,,,,,,,,0.7900000000000001,0.79,,148.0,5,False
2026-03-24 21:17:00+00:00,,,,,,,,0.7908294142796066,0.79,,2339.0,10,False
2026-03-24 21:17:30+00:00,,,,,,,,0.7899999999999999,0.79,,108.0,5,False
2026-03-24 21:18:00+00:00,,,,,,,,0.79,0.79,,1.0,1,False
2026-03-24 21:18:30+00:00,,,,,,,,0.8034265734265735,0.79,,143.0,4,False
2026-03-24 21:19:00+00:00,,,,,,,,0.8008108108108108,0.79,,111.0,4,False
2026-03-24 21:19:30+00:00,,,,,,,,0.8015384615384616,0.81,,52.0,2,False
2026-03-24 21:20:00+00:00,,,,,,,,0.7899999999999999,0.79,,826.0,3,False
2026-03-24 21:20:30+00:00,,,,,,,,0.7907121661721069,0.81,,337.0,3,False
2026-03-24 21:21:00+00:00,,,,,,,,0.7941251778093883,0.81,,703.0,7,False
2026-03-24 21:21:30+00:00,,,,,,,,0.7900000000000001,0.79,,151.0,4,False
2026-03-24 21:22:00+00:00,,,,,,,,0.7945000000000001,0.79,,80.0,7,False
2026-03-24 21:22:30+00:00,,,,,,,,0.81,0.81,,8.0,1,False
2026-03-24 21:23:00+00:00,,,,,,,,0.79,0.79,,101.0,2,False
2026-03-24 21:23:30+00:00,,,,,,,,0.79,0.79,,23.0,3,False
2026-03-24 21:24:00+00:00,,,,,,,,0.7985620915032681,0.81,,306.0,5,False
2026-03-24 21:24:30+00:00,,,,,,,,0.79,0.79,,29.0,2,False
2026-03-24 21:25:00+00:00,,,,,,,,0.7899999999999999,0.79,,18.0,3,False
2026-03-24 21:25:30+00:00,,,,,,,,0.7926395939086295,0.81,,197.0,5,False
2026-03-24 21:26:00+00:00,,,,,,,,0.7899999999999999,0.79,,1302.0,5,False
2026-03-24 21:26:30+00:00,,,,,,,,0.7900000000000001,0.79,,176.0,3,False
2026-03-24 21:27:00+00:00,,,,,,,,0.7950704225352113,0.79,,71.0,4,False
2026-03-24 21:27:30+00:00,,,,,,,,0.7953932584269664,0.79,,89.0,2,False
2026-03-24 21:28:00+00:00,,,,,,,,0.7900000000000001,0.79,,1326.0,2,False
2026-03-24 21:28:30+00:00,,,,,,,,0.7900000000000001,0.79,,22.0,1,False
2026-03-24 21:29:00+00:00,,,,,,,,0.79,0.79,,21.0,1,False
2026-03-24 21:29:30+00:00,,,,,,,,0.8094498381877023,0.79,,618.0,3,False
2026-03-24 21:30:00+00:00,,,,,,,,0.7911278195488721,0.81,,1064.0,4,False
2026-03-24 21:30:30+00:00,,,,,,,,0.8018181818181819,0.81,,22.0,2,False
2026-03-24 21:31:00+00:00,,,,,,,,0.79,0.79,,671.0,4,False
2026-03-24 21:31:30+00:00,,,,,,,,0.79,0.79,,114.0,4,False
2026-03-24 21:32:00+00:00,,,,,,,,0.7901481481481482,0.81,,135.0,3,False
2026-03-24 21:32:30+00:00,,,,,,,,0.7959203980099502,0.79,,402.0,4,False
2026-03-24 21:33:00+00:00,,,,,,,,0.801348973607038,0.8,,341.0,4,False
2026-03-24 21:33:30+00:00,,,,,,,,0.7914457831325302,0.79,,83.0,4,False
2026-03-24 21:34:00+00:00,,,,,,,,0.7917518248175183,0.81,,274.0,5,False
2026-03-24 21:34:30+00:00,,,,,,,,0.7900000000000001,0.79,,22.0,1,False
2026-03-24 21:35:00+00:00,,,,,,,,0.7900000000000001,0.79,,45.0,1,False
2026-03-24 21:35:30+00:00,,,,,,,,0.7900000000000001,0.79,,15.0,1,False
2026-03-24 21:36:00+00:00,,,,,,,,0.79,0.79,,426.0,4,False
2026-03-24 21:36:30+00:00,,,,,,,,0.791891891891892,0.8,,37.0,3,False
2026-03-24 21:37:00+00:00,,,,,,,,0.79,0.79,,286.0,3,False
2026-03-24 21:37:30+00:00,,,,,,,,0.8025619834710745,0.81,,121.0,5,False
2026-03-24 21:38:00+00:00,,,,,,,,0.7908108108108108,0.81,,148.0,4,False
2026-03-24 21:38:30+00:00,,,,,,,,0.8095665961945032,0.81,,1892.0,4,False
2026-03-24 21:39:00+00:00,,,,,,,,0.7957971014492754,0.79,,69.0,4,False
2026-03-24 21:39:30+00:00,,,,,,,,0.8090909090909091,0.81,,88.0,2,False
2026-03-24 21:40:00+00:00,,,,,,,,0.794,0.81,,5.0,2,False
2026-03-24 21:40:30+00:00,,,,,,,,0.7900000000000001,0.79,,22.0,1,False
2026-03-24 21:41:00+00:00,,,,,,,,0.8090501319261215,0.79,,379.0,5,False
2026-03-24 21:41:30+00:00,,,,,,,,0.8,0.8,,1.0,1,False
2026-03-24 21:42:00+00:00,,,,,,,,0.79,0.79,,351.0,5,False
2026-03-24 21:42:30+00:00,,,,,,,,0.7901190476190476,0.79,,1092.0,6,False
2026-03-24 21:43:00+00:00,,,,,,,,0.81,0.81,,316.0,2,False
2026-03-24 21:43:30+00:00,,,,,,,,0.79,0.79,,5.0,1,False
2026-03-24 21:44:00+00:00,,,,,,,,0.796830985915493,0.81,,142.0,5,False
2026-03-24 21:44:30+00:00,,,,,,,,0.7922222222222223,0.81,,27.0,2,False
2026-03-24 21:45:00+00:00,,,,,,,,0.79,0.79,,955.0,3,False
2026-03-24 21:45:30+00:00,,,,,,,,0.79,0.79,,5946.0,5,False
2026-03-24 21:46:00+00:00,,,,,,,,0.79,0.79,,1.0,1,False
2026-03-24 21:46:30+00:00,,,,,,,,0.8081222056631893,0.81,,671.0,4,False
2026-03-24 21:47:00+00:00,,,,,,,,0.8,0.8,,11.0,1,False
2026-03-24 21:47:30+00:00,,,,,,,,0.7915686274509804,0.79,,765.0,4,False
2026-03-24 21:48:00+00:00,,,,,,,,0.7900000000000001,0.79,,49.0,2,False
2026-03-24 21:48:30+00:00,,,,,,,,0.7904635761589404,0.79,,453.0,5,False
2026-03-24 21:49:00+00:00,,,,,,,,0.7910165975103736,0.8,,482.0,6,False
2026-03-24 21:49:30+00:00,,,,,,,,0.7904824392126591,0.79,,5182.0,8,False
2026-03-24 21:50:00+00:00,,,,,,,,0.7957683215130024,0.81,,423.0,8,False
2026-03-24 21:50:30+00:00,,,,,,,,0.7899999999999999,0.79,,54.0,2,False
2026-03-24 21:51:00+00:00,,,,,,,,0.7899999999999999,0.79,,83.0,2,False
2026-03-24 21:51:30+00:00,,,,,,,,0.7906129597197898,0.81,,1142.0,5,False
2026-03-24 21:52:00+00:00,,,,,,,,0.79,0.79,,8351.0,6,False
2026-03-24 21:52:30+00:00,,,,,,,,0.7900000000000001,0.79,,455.0,2,False
2026-03-24 21:53:00+00:00,,,,,,,,0.8014285714285716,0.81,,126.0,4,False
2026-03-24 21:53:30+00:00,,,,,,,,0.7945348837209303,0.79,,1032.0,6,False
2026-03-24 21:54:00+00:00,,,,,,,,0.7923140495867769,0.81,,121.0,3,False
2026-03-24 21:54:30+00:00,,,,,,,,0.8005799648506151,0.79,,569.0,5,False
2026-03-24 21:55:00+00:00,,,,,,,,0.8003225806451613,0.81,,62.0,5,False
2026-03-24 21:55:30+00:00,,,,,,,,0.79496,0.79,,250.0,5,False
2026-03-24 21:56:00+00:00,,,,,,,,0.8099999999999999,0.81,,53.0,3,False
2026-03-24 21:56:30+00:00,,,,,,,,0.79,0.79,,134.0,1,False
2026-03-24 21:57:00+00:00,,,,,,,,0.79,0.79,,2010.0,2,False
2026-03-24 21:57:30+00:00,,,,,,,,0.7908144796380092,0.81,,442.0,6,False
2026-03-24 21:58:00+00:00,,,,,,,,0.7904597701149425,0.79,,522.0,5,False
2026-03-24 21:58:30+00:00,,,,,,,,0.7936363636363637,0.81,,418.0,6,False
2026-03-24 21:59:00+00:00,,,,,,,,0.7948305084745764,0.81,,236.0,5,False
2026-03-24 21:59:30+00:00,,,,,,,,0.7940127388535032,0.79,,157.0,6,False
2026-03-24 22:00:00+00:00,,,,,,,,0.8095121951219514,0.79,,25625.0,7,False
2026-03-24 22:00:30+00:00,,,,,,,,0.79,0.79,,10.0,1,False
2026-03-24 22:01:00+00:00,,,,,,,,0.79,0.79,,0.0,0,False
2026-03-24 22:01:30+00:00,,,,,,,,0.7899999999999999,0.79,,269.0,3,False
2026-03-24 22:02:00+00:00,,,,,,,,0.79,0.79,,422.0,2,False
2026-03-24 22:02:30+00:00,,,,,,,,0.79,0.79,,38.0,3,False
2026-03-24 22:03:00+00:00,,,,,,,,0.8013052208835344,0.79,,498.0,10,False
2026-03-24 22:03:30+00:00,,,,,,,,0.7947916666666669,0.8,,240.0,7,False
2026-03-24 22:04:00+00:00,,,,,,,,0.7911111111111111,0.79,,18.0,3,False
2026-03-24 22:04:30+00:00,,,,,,,,0.7927692307692308,0.81,,130.0,3,False
2026-03-24 22:05:00+00:00,,,,,,,,0.7907174887892376,0.79,,1338.0,6,False
2026-03-24 22:05:30+00:00,,,,,,,,0.7909302325581397,0.81,,43.0,3,False
2026-03-24 22:06:00+00:00,,,,,,,,0.7977619663648123,0.79,,1546.0,8,False
2026-03-24 22:06:30+00:00,,,,,,,,0.7903508771929824,0.79,,114.0,9,False
2026-03-24 22:07:00+00:00,,,,,,,,0.7900000000000001,0.79,,722.0,7,False
2026-03-24 22:07:30+00:00,,,,,,,,0.7910619469026549,0.81,,113.0,3,False
2026-03-24 22:08:00+00:00,,,,,,,,0.79,0.79,,442.0,4,False
2026-03-24 22:08:30+00:00,,,,,,,,0.7904347826086958,0.79,,46.0,2,False
2026-03-24 22:09:00+00:00,,,,,,,,0.79,0.79,,260.0,4,False
2026-03-24 22:09:30+00:00,,,,,,,,0.81,0.81,,42.0,2,False
2026-03-24 22:10:00+00:00,,,,,,,,0.79,0.79,,511.0,4,False
2026-03-24 22:10:30+00:00,,,,,,,,0.8099999999999999,0.81,,14.0,3,False
2026-03-24 22:11:00+00:00,,,,,,,,0.7899999999999999,0.79,,354.0,2,False
2026-03-24 22:11:30+00:00,,,,,,,,0.79,0.79,,28.0,2,False
2026-03-24 22:12:00+00:00,,,,,,,,0.802,0.81,,65.0,2,False
2026-03-24 22:12:30+00:00,,,,,,,,0.81,0.81,,12.0,1,False
2026-03-24 22:13:00+00:00,,,,,,,,0.79,0.79,,464.0,3,False
2026-03-24 22:13:30+00:00,,,,,,,,0.7899999999999999,0.79,,471.0,4,False
2026-03-24 22:14:00+00:00,,,,,,,,0.7926841721371264,0.79,,2742.0,9,False
2026-03-24 22:14:30+00:00,,,,,,,,0.7987012987012987,0.79,,154.0,4,False
2026-03-24 22:15:00+00:00,,,,,,,,0.79,0.79,,359.0,2,False
2026-03-24 22:15:30+00:00,,,,,,,,0.7901424501424502,0.79,,351.0,3,False
2026-03-24 22:16:00+00:00,,,,,,,,0.7911840324763193,0.81,,1478.0,12,False
2026-03-24 22:16:30+00:00,,,,,,,,0.7928571428571428,0.79,,175.0,5,False
2026-03-24 22:17:00+00:00,,,,,,,,0.7906896551724139,0.81,,696.0,4,False
2026-03-24 22:17:30+00:00,,,,,,,,0.79,0.79,,818.0,5,False
2026-03-24 22:18:00+00:00,,,,,,,,0.8100000000000002,0.81,,162.0,3,False
2026-03-24 22:18:30+00:00,,,,,,,,0.7989769820971866,0.79,,782.0,7,False
2026-03-24 22:19:00+00:00,,,,,,,,0.7901486988847584,0.81,,807.0,7,False
2026-03-24 22:19:30+00:00,,,,,,,,0.8046075085324232,0.81,,293.0,4,False
2026-03-24 22:20:00+00:00,,,,,,,,0.7900122945515724,0.81,,30908.0,14,False
2026-03-24 22:20:30+00:00,,,,,,,,0.7902912621359224,0.8,,515.0,6,False
2026-03-24 22:21:00+00:00,,,,,,,,0.7920512820512821,0.79,,117.0,4,False
2026-03-24 22:21:30+00:00,,,,,,,,0.7975213675213675,0.79,,351.0,5,False
2026-03-24 22:22:00+00:00,,,,,,,,0.806,0.81,,45.0,3,False
2026-03-24 22:22:30+00:00,,,,,,,,0.7926495726495726,0.79,,117.0,4,False
2026-03-24 22:23:00+00:00,,,,,,,,0.7901156069364164,0.81,,346.0,3,False
2026-03-24 22:23:30+00:00,,,,,,,,0.7915415019762846,0.81,,506.0,5,False
2026-03-24 22:24:00+00:00,,,,,,,,0.8038728323699421,0.79,,173.0,6,False
2026-03-24 22:24:30+00:00,,,,,,,,0.7900884955752212,0.79,,226.0,3,False
2026-03-24 22:25:00+00:00,,,,,,,,0.7903433476394851,0.79,,233.0,7,False
2026-03-24 22:25:30+00:00,,,,,,,,0.793803680981595,0.79,,163.0,5,False
2026-03-24 22:26:00+00:00,,,,,,,,0.7900000000000001,0.79,,293.0,6,False
2026-03-24 22:26:30+00:00,,,,,,,,0.7903260869565218,0.81,,368.0,3,False
2026-03-24 22:27:00+00:00,,,,,,,,0.8025388601036271,0.81,,193.0,5,False
2026-03-24 22:27:30+00:00,,,,,,,,0.7903896103896104,0.79,,616.0,7,False
2026-03-24 22:28:00+00:00,,,,,,,,0.8060000000000002,0.79,,560.0,6,False
2026-03-24 22:28:30+00:00,,,,,,,,0.79,0.79,,1211.0,6,False
2026-03-24 22:29:00+00:00,,,,,,,,0.8009217391304347,0.8,,575.0,4,False
2026-03-24 22:29:30+00:00,,,,,,,,0.79,0.79,,409.0,4,False
2026-03-24 22:30:00+00:00,,,,,,,,0.7899999999999999,0.79,,435.0,4,False
2026-03-24 22:30:30+00:00,,,,,,,,0.7905660377358492,0.79,,636.0,6,False
2026-03-24 22:31:00+00:00,,,,,,,,0.81,0.81,,522.0,4,False
2026-03-24 22:31:30+00:00,,,,,,,,0.7955813953488372,0.81,,301.0,4,False
2026-03-24 22:32:00+00:00,,,,,,,,0.792962962962963,0.8,,81.0,3,False
2026-03-24 22:32:30+00:00,,,,,,,,0.79,0.79,,89.0,3,False
2026-03-24 22:33:00+00:00,,,,,,,,0.7933333333333334,0.79,,144.0,5,False
2026-03-24 22:33:30+00:00,,,,,,,,0.7923921568627451,0.79,,510.0,3,False
2026-03-24 22:34:00+00:00,,,,,,,,0.7952525252525253,0.79,,99.0,4,False
2026-03-24 22:34:30+00:00,,,,,,,,0.7958602150537635,0.79,,372.0,6,False
2026-03-24 22:35:00+00:00,,,,,,,,0.8022727272727272,0.81,,44.0,4,False
2026-03-24 22:35:30+00:00,,,,,,,,0.7914545454545455,0.81,,165.0,4,False
2026-03-24 22:36:00+00:00,,,,,,,,0.8081222707423581,0.79,,458.0,3,False
2026-03-24 22:36:30+00:00,,,,,,,,0.7971428571428572,0.79,,35.0,3,False
2026-03-24 22:37:00+00:00,,,,,,,,0.7918037661050545,0.79,,1009.0,8,False
2026-03-24 22:37:30+00:00,,,,,,,,0.7920689655172414,0.79,,377.0,6,False
2026-03-24 22:38:00+00:00,,,,,,,,0.7905714285714286,0.79,,210.0,5,False
2026-03-24 22:38:30+00:00,,,,,,,,0.79,0.79,,154.0,3,False
2026-03-24 22:39:00+00:00,,,,,,,,0.7950952380952382,0.81,,210.0,5,False
2026-03-24 22:39:30+00:00,,,,,,,,0.79,0.79,,1406.0,4,False
2026-03-24 22:40:00+00:00,,,,,,,,0.7959440559440562,0.81,,286.0,6,False
2026-03-24 22:40:30+00:00,,,,,,,,0.8012735849056604,0.8,,212.0,3,False
2026-03-24 22:41:00+00:00,,,,,,,,0.7931853582554518,0.79,,1284.0,8,False
2026-03-24 22:41:30+00:00,,,,,,,,0.79794776119403,0.79,,536.0,7,False
2026-03-24 22:42:00+00:00,,,,,,,,0.7901666666666667,0.81,,240.0,3,False
2026-03-24 22:42:30+00:00,,,,,,,,0.7996200901481004,0.81,,1553.0,15,False
2026-03-24 22:43:00+00:00,,,,,,,,0.7900020331401851,0.79,,9837.0,6,False
2026-03-24 22:43:30+00:00,,,,,,,,0.7945244215938304,0.79,,389.0,8,False
2026-03-24 22:44:00+00:00,,,,,,,,0.7901851851851851,0.79,,1296.0,5,False
2026-03-24 22:44:30+00:00,,,,,,,,0.7915302869287992,0.79,,941.0,4,False
2026-03-24 22:45:00+00:00,,,,,,,,0.7900576131687242,0.79,,1215.0,3,False
2026-03-24 22:45:30+00:00,,,,,,,,0.7908136482939633,0.8,,762.0,9,False
2026-03-24 22:46:00+00:00,,,,,,,,0.79,0.79,,634.0,6,False
2026-03-24 22:46:30+00:00,,,,,,,,0.7919491525423729,0.8,,236.0,6,False
2026-03-24 22:47:00+00:00,,,,,,,,0.7900241254523521,0.79,,829.0,6,False
2026-03-24 22:47:30+00:00,,,,,,,,0.805208913649025,0.81,,359.0,3,False
2026-03-24 22:48:00+00:00,,,,,,,,0.7908641609943771,0.79,,3379.0,12,False
2026-03-24 22:48:30+00:00,,,,,,,,0.79,0.79,,230.0,2,False
2026-03-24 22:49:00+00:00,,,,,,,,0.7946728971962617,0.79,,428.0,6,False
2026-03-24 22:49:30+00:00,,,,,,,,0.7926068376068377,0.79,,234.0,6,False
2026-03-24 22:50:00+00:00,,,,,,,,0.79,0.79,,915.0,2,False
2026-03-24 22:50:30+00:00,,,,,,,,0.8046814404432132,0.79,,361.0,5,False
2026-03-24 22:51:00+00:00,,,,,,,,0.7913271889400921,0.81,,1085.0,11,False
2026-03-24 22:51:30+00:00,,,,,,,,0.7919512195121952,0.79,,369.0,6,False
2026-03-24 22:52:00+00:00,,,,,,,,0.7901503759398496,0.79,,133.0,6,False
2026-03-24 22:52:30+00:00,,,,,,,,0.7900000000000001,0.79,,6001.0,5,False
2026-03-24 22:53:00+00:00,,,,,,,,0.7906909788867562,0.79,,521.0,5,False
2026-03-24 22:53:30+00:00,,,,,,,,0.8011232876712329,0.79,,1095.0,8,False
2026-03-24 22:54:00+00:00,,,,,,,,0.7928178694158076,0.79,,291.0,2,False
2026-03-24 22:54:30+00:00,,,,,,,,0.7900000000000001,0.79,,1005.0,4,False
2026-03-24 22:55:00+00:00,,,,,,,,0.8047722180731891,0.81,,1339.0,6,False
2026-03-24 22:55:30+00:00,,,,,,,,0.7926666666666669,0.81,,270.0,4,False
2026-03-24 22:56:00+00:00,,,,,,,,0.7926178010471203,0.79,,191.0,5,False
2026-03-24 22:56:30+00:00,,,,,,,,0.7994117647058824,0.79,,85.0,3,False
2026-03-24 22:57:00+00:00,,,,,,,,0.7907207207207207,0.79,,333.0,6,False
2026-03-24 22:57:30+00:00,,,,,,,,0.8027833182230281,0.79,,1103.0,9,False
2026-03-24 22:58:00+00:00,,,,,,,,0.7902280130293159,0.8,,307.0,3,False
2026-03-24 22:58:30+00:00,,,,,,,,0.8001800327332244,0.81,,611.0,9,False
2026-03-24 22:59:00+00:00,,,,,,,,0.7922365038560413,0.79,,389.0,10,False
2026-03-24 22:59:30+00:00,,,,,,,,0.7964615384615384,0.79,,130.0,6,False
2026-03-24 23:00:00+00:00,,,,,,,,0.7953151618398637,0.79,,587.0,9,False
2026-03-24 23:00:30+00:00,,,,,,,,0.793833746898263,0.79,,806.0,13,False
2026-03-24 23:01:00+00:00,,,,,,,,0.79,0.79,,158.0,4,False
2026-03-24 23:01:30+00:00,,,,,,,,0.792129925452609,0.8,,939.0,7,False
2026-03-24 23:02:00+00:00,,,,,,,,0.7899999999999999,0.79,,86.0,1,False
2026-03-24 23:02:30+00:00,,,,,,,,0.7905862457722661,0.79,,2661.0,8,False
2026-03-24 23:03:00+00:00,,,,,,,,0.8038636363636364,0.79,,264.0,8,False
2026-03-24 23:03:30+00:00,,,,,,,,0.7987199999999999,0.79,,1000.0,10,False
2026-03-24 23:04:00+00:00,,,,,,,,0.7932451499118165,0.79,,567.0,13,False
2026-03-24 23:04:30+00:00,,,,,,,,0.7940241448692152,0.79,,497.0,5,False
2026-03-24 23:05:00+00:00,,,,,,,,0.8053006535947712,0.79,,4590.0,8,False
2026-03-24 23:05:30+00:00,,,,,,,,0.797061855670103,0.79,,388.0,8,False
2026-03-24 23:06:00+00:00,,,,,,,,0.7968918918918919,0.79,,592.0,9,False
2026-03-24 23:06:30+00:00,,,,,,,,0.8051392024078254,0.79,,1329.0,6,False
2026-03-24 23:07:00+00:00,,,,,,,,0.7976105263157895,0.79,,1900.0,7,False
2026-03-24 23:07:30+00:00,,,,,,,,0.7900000000000001,0.79,,816.0,3,False
2026-03-24 23:08:00+00:00,,,,,,,,0.7900000000000001,0.79,,261.0,5,False
2026-03-24 23:08:30+00:00,,,,,,,,0.7938095238095237,0.79,,210.0,7,False
2026-03-24 23:09:00+00:00,,,,,,,,0.79,0.79,,1636.0,4,False
2026-03-24 23:09:30+00:00,,,,,,,,0.7908191126279863,0.81,,293.0,5,False
2026-03-24 23:10:00+00:00,,,,,,,,0.7960490463215258,0.79,,734.0,12,False
2026-03-24 23:10:30+00:00,,,,,,,,0.7927705627705629,0.79,,231.0,4,False
2026-03-24 23:11:00+00:00,,,,,,,,0.7900000000000001,0.79,,173.0,2,False
2026-03-24 23:11:30+00:00,,,,,,,,0.7911714285714285,0.81,,700.0,7,False
2026-03-24 23:12:00+00:00,,,,,,,,0.7908888888888888,0.81,,90.0,2,False
2026-03-24 23:12:30+00:00,,,,,,,,0.7987500000000001,0.79,,64.0,6,False
2026-03-24 23:13:00+00:00,,,,,,,,0.7943852459016393,0.81,,244.0,7,False
2026-03-24 23:13:30+00:00,,,,,,,,0.8080528052805281,0.79,,606.0,5,False
2026-03-24 23:14:00+00:00,,,,,,,,0.7901720183486239,0.79,,872.0,5,False
2026-03-24 23:14:30+00:00,,,,,,,,0.7974094707520891,0.79,,359.0,7,False
2026-03-24 23:15:00+00:00,,,,,,,,0.7949367088607595,0.79,,1422.0,6,False
2026-03-24 23:15:30+00:00,,,,,,,,0.8038758389261745,0.79,,1788.0,8,False
2026-03-24 23:16:00+00:00,,,,,,,,0.7924465240641712,0.81,,748.0,9,False
2026-03-24 23:16:30+00:00,,,,,,,,0.7973269689737471,0.8,,419.0,6,False
2026-03-24 23:17:00+00:00,,,,,,,,0.79,0.79,,268.0,4,False
2026-03-24 23:17:30+00:00,,,,,,,,0.7922972972972974,0.79,,1258.0,9,False
2026-03-24 23:18:00+00:00,,,,,,,,0.7915966386554623,0.81,,2856.0,13,False
2026-03-24 23:18:30+00:00,,,,,,,,0.7994186046511628,0.81,,344.0,8,False
2026-03-24 23:19:00+00:00,,,,,,,,0.7965634218289088,0.79,,678.0,8,False
2026-03-24 23:19:30+00:00,,,,,,,,0.7905307855626327,0.79,,942.0,6,False
2026-03-24 23:20:00+00:00,,,,,,,,0.7943820224719101,0.79,,356.0,9,False
2026-03-24 23:20:30+00:00,,,,,,,,0.7909019607843137,0.79,,255.0,8,False
2026-03-24 23:21:00+00:00,,,,,,,,0.7953050397877985,0.79,,377.0,6,False
2026-03-24 23:21:30+00:00,,,,,,,,0.7900000000000001,0.79,,729.0,5,False
2026-03-24 23:22:00+00:00,,,,,,,,0.7994526191877575,0.81,,1699.0,8,False
2026-03-24 23:22:30+00:00,,,,,,,,0.8031584699453552,0.81,,915.0,6,False
2026-03-24 23:23:00+00:00,,,,,,,,0.7908184523809525,0.79,,672.0,7,False
2026-03-24 23:23:30+00:00,,,,,,,,0.7900726744186047,0.79,,688.0,8,False
2026-03-24 23:24:00+00:00,,,,,,,,0.7900000000000001,0.79,,239.0,3,False
2026-03-24 23:24:30+00:00,,,,,,,,0.7955468750000001,0.79,,256.0,7,False
2026-03-24 23:25:00+00:00,,,,,,,,0.7906666666666666,0.79,,30.0,3,False
2026-03-24 23:25:30+00:00,,,,,,,,0.8041553133514988,0.81,,734.0,13,False
2026-03-24 23:26:00+00:00,,,,,,,,0.7900683760683761,0.79,,585.0,7,False
2026-03-24 23:26:30+00:00,,,,,,,,0.7900410004100041,0.79,,4878.0,7,False
2026-03-24 23:27:00+00:00,,,,,,,,0.7918388195232692,0.79,,881.0,6,False
2026-03-24 23:27:30+00:00,,,,,,,,0.7944102564102564,0.79,,195.0,7,False
2026-03-24 23:28:00+00:00,,,,,,,,0.7944029352901937,0.79,,1499.0,15,False
2026-03-24 23:28:30+00:00,,,,,,,,0.8086666666666669,0.81,,60.0,4,False
2026-03-24 23:29:00+00:00,,,,,,,,0.7900251572327045,0.79,,795.0,7,False
2026-03-24 23:29:30+00:00,,,,,,,,0.802291296625222,0.79,,563.0,5,False
2026-03-24 23:30:00+00:00,,,,,,,,0.8054040681693239,0.81,,1819.0,10,False
2026-03-24 23:30:30+00:00,,,,,,,,0.7900739030023096,0.79,,2165.0,9,False
2026-03-24 23:31:00+00:00,,,,,,,,0.8027364185110664,0.81,,1988.0,11,False
2026-03-24 23:31:30+00:00,,,,,,,,0.8001538461538462,0.79,,130.0,7,False
2026-03-24 23:32:00+00:00,,,,,,,,0.7915472779369628,0.8,,1396.0,12,False
2026-03-24 23:32:30+00:00,,,,,,,,0.7909677419354839,0.79,,217.0,7,False
2026-03-24 23:33:00+00:00,,,,,,,,0.796304872165943,0.8,,2073.0,8,False
2026-03-24 23:33:30+00:00,,,,,,,,0.7925263157894737,0.81,,285.0,5,False
2026-03-24 23:34:00+00:00,,,,,,,,0.7907706650093225,0.79,,1609.0,7,False
2026-03-24 23:34:30+00:00,,,,,,,,0.79,0.79,,1153.0,8,False
2026-03-24 23:35:00+00:00,,,,,,,,0.7899999999999999,0.79,,216.0,5,False
2026-03-24 23:35:30+00:00,,,,,,,,0.7943464052287581,0.79,,306.0,9,False
2026-03-24 23:36:00+00:00,,,,,,,,0.793977011494253,0.81,,4785.0,14,False
2026-03-24 23:36:30+00:00,,,,,,,,0.7947727272727274,0.79,,44.0,4,False
2026-03-24 23:37:00+00:00,,,,,,,,0.8001265822784811,0.79,,237.0,5,False
2026-03-24 23:37:30+00:00,,,,,,,,0.8018452860596293,0.79,,1241.0,11,False
2026-03-24 23:38:00+00:00,,,,,,,,0.7938451612903226,0.79,,775.0,14,False
2026-03-24 23:38:30+00:00,,,,,,,,0.8091765637371339,0.81,,1263.0,4,False
2026-03-24 23:39:00+00:00,,,,,,,,0.8035605911330048,0.81,,5075.0,13,False
2026-03-24 23:39:30+00:00,,,,,,,,0.7979970544919001,0.81,,679.0,13,False
2026-03-24 23:40:00+00:00,,,,,,,,0.7900036583135176,0.79,,10934.0,6,False
2026-03-24 23:40:30+00:00,,,,,,,,0.7996270396270396,0.8,,429.0,6,False
2026-03-24 23:41:00+00:00,,,,,,,,0.7899999999999999,0.79,,739.0,5,False
2026-03-24 23:41:30+00:00,,,,,,,,0.7952269265915322,0.79,,3283.0,10,False
2026-03-24 23:42:00+00:00,,,,,,,,0.8078351539225422,0.81,,1007.0,8,False
2026-03-24 23:42:30+00:00,,,,,,,,0.8021503796228265,0.79,,4083.0,13,False
2026-03-24 23:43:00+00:00,,,,,,,,0.790375,0.79,,320.0,9,False
2026-03-24 23:43:30+00:00,,,,,,,,0.7905201103771218,0.79,,11959.0,11,False
2026-03-24 23:44:00+00:00,,,,,,,,0.7907692307692309,0.79,,1456.0,13,False
2026-03-24 23:44:30+00:00,,,,,,,,0.7933509700176368,0.79,,567.0,10,False
2026-03-24 23:45:00+00:00,,,,,,,,0.8070036101083033,0.81,,3324.0,8,False
2026-03-24 23:45:30+00:00,,,,,,,,0.8094086021505377,0.79,,744.0,3,False
2026-03-24 23:46:00+00:00,,,,,,,,0.7973719092531226,0.79,,3923.0,14,False
2026-03-24 23:46:30+00:00,,,,,,,,0.7965432098765434,0.81,,324.0,9,False
2026-03-24 23:47:00+00:00,,,,,,,,0.7902030456852792,0.79,,1182.0,11,False
2026-03-24 23:47:30+00:00,,,,,,,,0.791969696969697,0.8,,660.0,10,False
2026-03-24 23:48:00+00:00,,,,,,,,0.790338078291815,0.81,,1124.0,8,False
2026-03-24 23:48:30+00:00,,,,,,,,0.7919597315436242,0.81,,745.0,9,False
2026-03-24 23:49:00+00:00,,,,,,,,0.7908260869565219,0.8,,1150.0,14,False
2026-03-24 23:49:30+00:00,,,,,,,,0.7924008810572687,0.79,,454.0,10,False
2026-03-24 23:50:00+00:00,,,,,,,,0.7948353413654619,0.81,,1245.0,8,False
2026-03-24 23:50:30+00:00,,,,,,,,0.7912641083521444,0.79,,443.0,10,False
2026-03-24 23:51:00+00:00,,,,,,,,0.79062893081761,0.79,,1749.0,20,False
2026-03-24 23:51:30+00:00,,,,,,,,0.7990262172284646,0.8,,534.0,10,False
2026-03-24 23:52:00+00:00,,,,,,,,0.7945079594790159,0.79,,1382.0,13,False
2026-03-24 23:52:30+00:00,,,,,,,,0.7931996353691888,0.81,,1097.0,17,False
2026-03-24 23:53:00+00:00,,,,,,,,0.7900108758884083,0.79,,39537.0,19,False
2026-03-24 23:53:30+00:00,,,,,,,,0.7943617021276597,0.8,,282.0,8,False
2026-03-24 23:54:00+00:00,,,,,,,,0.7930825116761807,0.79,,1927.0,16,False
2026-03-24 23:54:30+00:00,,,,,,,,0.7914452214452212,0.79,,858.0,12,False
2026-03-24 23:55:00+00:00,,,,,,,,0.792998046875,0.79,,1024.0,12,False
2026-03-24 23:55:30+00:00,,,,,,,,0.8064242128386625,0.81,,4097.0,12,False
2026-03-24 23:56:00+00:00,,,,,,,,0.7901267828843107,0.79,,631.0,7,False
2026-03-24 23:56:30+00:00,,,,,,,,0.7930024813895783,0.8,,1612.0,9,False
2026-03-24 23:57:00+00:00,,,,,,,,0.7956770215793219,0.79,,4217.0,14,False
2026-03-24 23:57:30+00:00,,,,,,,,0.7923667377398722,0.81,,938.0,17,False
2026-03-24 23:58:00+00:00,,,,,,,,0.7970534550195567,0.81,,1534.0,8,False
2026-03-24 23:58:30+00:00,,,,,,,,0.8011764705882354,0.79,,2227.0,26,False
2026-03-24 23:59:00+00:00,,,,,,,,0.7903690913015325,0.79,,4633.0,19,False
2026-03-24 23:59:30+00:00,,,,,,,,0.7900471436494731,0.79,,3606.0,14,False
2026-03-25 00:00:00+00:00,,,,,,,,0.7918124118476729,0.8,,2836.0,12,False
2026-03-25 00:00:30+00:00,,,,,,,,0.7949561403508774,0.81,,912.0,10,False
2026-03-25 00:01:00+00:00,,,,,,,,0.7908746167500403,0.79,,12394.0,17,False
2026-03-25 00:01:30+00:00,,,,,,,,0.7901909097584258,0.79,,13619.0,18,False
2026-03-25 00:02:00+00:00,,,,,,,,0.7955734190782423,0.79,,933.0,20,False
2026-03-25 00:02:30+00:00,,,,,,,,0.7930419821059876,0.79,,2906.0,18,False
2026-03-25 00:03:00+00:00,,,,,,,,0.8045026768103694,0.79,,3549.0,21,False
2026-03-25 00:03:30+00:00,,,,,,,,0.791058201058201,0.79,,1512.0,10,False
2026-03-25 00:04:00+00:00,,,,,,,,0.795187747035573,0.79,,1012.0,11,False
2026-03-25 00:04:30+00:00,,,,,,,,0.7922027027027025,0.79,,2960.0,27,False
2026-03-25 00:05:00+00:00,,,,,,,,0.7920644456581104,0.79,,1831.0,18,False
2026-03-25 00:05:30+00:00,,,,,,,,0.7901808834729628,0.79,,10504.0,22,False
2026-03-25 00:06:00+00:00,,,,,,,,0.7940145985401459,0.79,,3014.0,21,False
2026-03-25 00:06:30+00:00,,,,,,,,0.7976112624886468,0.79,,1101.0,13,False
2026-03-25 00:07:00+00:00,,,,,,,,0.8012898378805852,0.79,,12645.0,25,False
2026-03-25 00:07:30+00:00,,,,,,,,0.7902033046524023,0.79,,13133.0,28,False
2026-03-25 00:08:00+00:00,,,,,,,,0.7902273060566066,0.79,,6819.0,21,False
2026-03-25 00:08:30+00:00,,,,,,,,0.7919401970778118,0.79,,2943.0,24,False
2026-03-25 00:09:00+00:00,,,,,,,,0.7935104,0.8,,3125.0,29,False
2026-03-25 00:09:30+00:00,,,,,,,,0.7999384160610912,0.8,,8119.0,43,False
2026-03-25 00:10:00+00:00,,,,,,,,0.8008688824914943,0.81,,3821.0,31,False
2026-03-25 00:10:30+00:00,,,,,,,,0.800281770663182,0.81,,12244.0,28,False
2026-03-25 00:11:00+00:00,,,,,,,,0.8038896333292728,0.81,,8209.0,46,False
2026-03-25 00:11:30+00:00,,,,,,,,0.8008567079799956,0.8,,4599.0,26,False
2026-03-25 00:12:00+00:00,,,,,,,,0.8001238488409018,0.8,,3149.0,18,False
2026-03-25 00:12:30+00:00,,,,,,,,0.7891443612666954,0.79,,74272.0,88,False
2026-03-25 00:13:00+00:00,14.0,1.0,11:46,0.0,3.0,-3.0,0.713,0.7829811642753302,0.77,0.06998116427533019,31642.0,104,False
2026-03-25 00:13:30+00:00,14.0,1.0,11:46,0.0,3.0,-3.0,0.713,0.7715603328710124,0.77,0.05856033287101248,21630.0,97,False
2026-03-25 00:14:00+00:00,41.0,1.0,11:19,0.0,3.0,-3.0,0.688,0.7192513508509099,0.73,0.03125135085090991,118814.0,189,False
2026-03-25 00:14:30+00:00,56.0,1.0,11:04,0.0,5.0,-5.0,0.668,0.7348271001448375,0.72,0.0668271001448375,77328.0,175,False
2026-03-25 00:15:00+00:00,100.0,1.0,10:20,2.0,8.0,-6.0,0.636,0.7160699048244173,0.72,0.08006990482441734,36564.0,149,False
2026-03-25 00:15:30+00:00,107.0,1.0,10:13,5.0,8.0,-3.0,0.684,0.7434847209727502,0.75,0.05948472097275015,34459.0,142,False
2026-03-25 00:16:00+00:00,132.0,1.0,9:48,5.0,8.0,-3.0,0.707,0.7577093777646712,0.75,0.050709377764671215,13564.0,87,False
2026-03-25 00:16:30+00:00,151.0,1.0,9:29,7.0,8.0,-1.0,0.694,0.7515667244367417,0.75,0.05756672443674171,14425.0,80,False
2026-03-25 00:17:00+00:00,151.0,1.0,9:29,7.0,9.0,-2.0,0.688,0.7577147003210061,0.76,0.06971470032100613,22741.0,85,False
2026-03-25 00:17:30+00:00,166.0,1.0,9:14,9.0,10.0,-1.0,0.726,0.7607078260869564,0.75,0.03470782608695644,5750.0,58,False
2026-03-25 00:18:00+00:00,176.0,1.0,9:04,9.0,10.0,-1.0,0.694,0.7500893038360057,0.75,0.056089303836005744,9854.0,71,False
2026-03-25 00:18:30+00:00,176.0,1.0,9:04,9.0,12.0,-3.0,0.703,0.7475008611780918,0.73,0.04450086117809182,11612.0,75,False
2026-03-25 00:19:00+00:00,204.0,1.0,8:36,9.0,12.0,-3.0,0.696,0.7513596297928604,0.76,0.055359629792860465,13614.0,93,False
2026-03-25 00:19:30+00:00,234.0,1.0,8:06,11.0,12.0,-1.0,0.723,0.7465370545996477,0.74,0.023537054599647722,7381.0,58,False
2026-03-25 00:20:00+00:00,265.0,1.0,7:35,13.0,14.0,-1.0,0.722,0.7596485607952136,0.78,0.037648560795213615,21227.0,75,False
2026-03-25 00:20:30+00:00,284.0,1.0,7:16,15.0,14.0,1.0,0.761,0.7653082875686471,0.76,0.004308287568647096,8012.0,65,True
2026-03-25 00:21:00+00:00,308.0,1.0,6:52,15.0,16.0,-1.0,0.74,0.7364873772328784,0.72,-0.0035126227671216093,15171.0,78,True
2026-03-25 00:21:30+00:00,342.0,1.0,6:18,15.0,19.0,-4.0,0.672,0.7217377505998915,0.73,0.049737750599891495,12919.0,60,True
2026-03-25 00:22:00+00:00,342.0,1.0,6:18,15.0,19.0,-4.0,0.672,0.7295768789443488,0.73,0.05757687894434871,6972.0,64,True
2026-03-25 00:22:30+00:00,342.0,1.0,6:18,15.0,19.0,-4.0,0.672,0.7315226052312489,0.73,0.05952260523124886,5773.0,41,False
2026-03-25 00:23:00+00:00,342.0,1.0,6:18,15.0,19.0,-4.0,0.672,0.7319596791675699,0.73,0.059959679167569835,4613.0,56,False
2026-03-25 00:23:30+00:00,342.0,1.0,6:18,15.0,19.0,-4.0,0.672,0.7308504983388705,0.73,0.05885049833887046,6020.0,53,False
2026-03-25 00:24:00+00:00,342.0,1.0,6:18,15.0,19.0,-4.0,0.672,0.7315582975183696,0.73,0.05955829751836961,14426.0,45,False
2026-03-25 00:24:30+00:00,342.0,1.0,6:18,15.0,19.0,-4.0,0.672,0.7302782296036298,0.73,0.058278229603629716,11681.0,47,False
2026-03-25 00:25:00+00:00,342.0,1.0,6:18,15.0,19.0,-4.0,0.672,0.7243454179254784,0.73,0.05234541792547831,3972.0,45,False
2026-03-25 00:25:30+00:00,360.0,1.0,6:00,15.0,19.0,-4.0,0.646,0.7161373614886054,0.71,0.07013736148860539,9566.0,75,False
2026-03-25 00:26:00+00:00,403.0,1.0,5:17,15.0,21.0,-6.0,0.618,0.7079897919120535,0.71,0.08998979191205347,7641.0,68,False
2026-03-25 00:26:30+00:00,419.0,1.0,5:01,17.0,21.0,-4.0,0.641,0.7072624410686223,0.7,0.06626244106862234,9545.0,62,False
2026-03-25 00:27:00+00:00,438.0,1.0,4:42,17.0,21.0,-4.0,0.64,0.7136815404127753,0.74,0.0736815404127753,8673.0,65,False
2026-03-25 00:27:30+00:00,461.0,1.0,4:19,19.0,21.0,-2.0,0.728,0.7421928971053272,0.75,0.014192897105327229,8222.0,62,False
2026-03-25 00:28:00+00:00,461.0,1.0,4:19,20.0,21.0,-1.0,0.71,0.7427676620538965,0.73,0.032767662053896585,10984.0,79,False
2026-03-25 00:28:30+00:00,481.0,1.0,3:59,20.0,24.0,-4.0,0.699,0.7400037124118303,0.74,0.04100371241183032,8081.0,65,False
2026-03-25 00:29:00+00:00,481.0,1.0,3:59,21.0,24.0,-3.0,0.704,0.7420450720029924,0.76,0.03804507200299245,10694.0,72,False
2026-03-25 00:29:30+00:00,481.0,1.0,3:59,23.0,24.0,-1.0,0.708,0.7469368588354285,0.74,0.03893685883542852,6921.0,55,False
2026-03-25 00:30:00+00:00,495.0,1.0,3:45,23.0,24.0,-1.0,0.674,0.7442845523732062,0.75,0.07028455237320619,17213.0,45,False
2026-03-25 00:30:30+00:00,495.0,1.0,3:45,23.0,25.0,-2.0,0.668,0.7397344632768362,0.74,0.07173446327683619,3540.0,52,False
2026-03-25 00:31:00+00:00,495.0,1.0,3:45,23.0,26.0,-3.0,0.686,0.7307142857142858,0.7,0.044714285714285706,5614.0,61,False
2026-03-25 00:31:30+00:00,527.0,1.0,3:13,23.0,29.0,-6.0,0.608,0.7174034198860036,0.73,0.10940341988600366,11053.0,75,True
2026-03-25 00:32:00+00:00,560.0,1.0,2:40,26.0,29.0,-3.0,0.681,0.7364177875377435,0.74,0.0554177875377434,3643.0,50,True
2026-03-25 00:32:30+00:00,582.0,1.0,2:18,28.0,29.0,-1.0,0.702,0.7420360219263901,0.74,0.04003602192639011,8939.0,57,True
2026-03-25 00:33:00+00:00,582.0,1.0,2:18,28.0,29.0,-1.0,0.702,0.7409712351945853,0.74,0.03897123519458534,8865.0,40,True
2026-03-25 00:33:30+00:00,582.0,1.0,2:18,28.0,29.0,-1.0,0.702,0.7440992940104759,0.74,0.04209929401047596,4391.0,43,False
2026-03-25 00:34:00+00:00,582.0,1.0,2:18,28.0,29.0,-1.0,0.702,0.7449257393775024,0.75,0.042925739377502437,7743.0,41,False
2026-03-25 00:34:30+00:00,582.0,1.0,2:18,28.0,29.0,-1.0,0.702,0.7413592802659887,0.74,0.03935928026598878,5113.0,42,False
2026-03-25 00:35:00+00:00,582.0,1.0,2:18,28.0,29.0,-1.0,0.702,0.7448667617063275,0.74,0.04286676170632753,9119.0,37,False
2026-03-25 00:35:30+00:00,582.0,1.0,2:18,28.0,29.0,-1.0,0.702,0.7422072348252605,0.74,0.04020723482526056,1631.0,32,False
2026-03-25 00:36:00+00:00,582.0,1.0,2:18,28.0,29.0,-1.0,0.702,0.7440892509727628,0.73,0.04208925097276284,16448.0,55,False
2026-03-25 00:36:30+00:00,602.0,1.0,1:58,28.0,31.0,-3.0,0.678,0.7311126487683365,0.74,0.053112648768336435,10839.0,62,False
2026-03-25 00:37:00+00:00,622.0,1.0,1:38,28.0,31.0,-3.0,0.713,0.7310805254140491,0.72,0.018080525414049142,8755.0,55,False
2026-03-25 00:37:30+00:00,646.0,1.0,1:14,30.0,33.0,-3.0,0.675,0.7168327814569536,0.72,0.04183278145695357,6040.0,62,False
2026-03-25 00:38:00+00:00,688.6,1.0,31.4,30.0,36.0,-6.0,0.594,0.6897595145340126,0.69,0.09575951453401266,13348.0,114,False
2026-03-25 00:38:30+00:00,698.4,1.0,21.6,30.0,36.0,-6.0,0.632,0.6830484919054951,0.7,0.0510484919054951,26623.0,116,False
2026-03-25 00:39:00+00:00,698.4,1.0,21.6,31.0,36.0,-5.0,0.639,0.6889595141700405,0.69,0.04995951417004052,9880.0,85,False
2026-03-25 00:39:30+00:00,698.4,1.0,21.6,32.0,36.0,-4.0,0.62,0.6833188531711555,0.67,0.06331885317115549,11510.0,80,False
2026-03-25 00:40:00+00:00,720.0,1.0,0.0,32.0,39.0,-7.0,0.547,0.6526284589781589,0.64,0.10562845897815887,41161.0,120,False
2026-03-25 00:40:30+00:00,720.0,2.0,12:00,32.0,39.0,-7.0,0.547,0.6467293363368567,0.66,0.09972933633685666,11542.0,119,False
2026-03-25 00:41:00+00:00,720.0,2.0,12:00,32.0,39.0,-7.0,0.547,0.6560412472782549,0.66,0.10904124727825482,24341.0,86,False
2026-03-25 00:41:30+00:00,720.0,2.0,12:00,32.0,39.0,-7.0,0.547,0.654762897555392,0.66,0.10776289755539192,24462.0,105,False
2026-03-25 00:42:00+00:00,720.0,2.0,12:00,32.0,39.0,-7.0,0.547,0.6556509858551223,0.66,0.10865098585512223,18664.0,90,False
2026-03-25 00:42:30+00:00,720.0,2.0,12:00,32.0,39.0,-7.0,0.547,0.653463735502856,0.6599999999999999,0.10646373550285593,17331.0,79,False
2026-03-25 00:43:00+00:00,720.0,2.0,12:00,32.0,39.0,-7.0,0.547,0.6548438350201328,0.66,0.10784383502013273,9189.0,67,False
2026-03-25 00:43:30+00:00,720.0,2.0,12:00,32.0,39.0,-7.0,0.547,0.6567194019471488,0.6699999999999999,0.1097194019471488,5752.0,61,False
2026-03-25 00:44:00+00:00,736.0,2.0,11:44,34.0,39.0,-5.0,0.585,0.6609340317854923,0.6599999999999999,0.0759340317854923,11263.0,65,False
2026-03-25 00:44:30+00:00,776.0,2.0,11:04,36.0,41.0,-5.0,0.582,0.6569828966214508,0.65,0.07498289662145086,11869.0,99,False
2026-03-25 00:45:00+00:00,797.0,2.0,10:43,36.0,41.0,-5.0,0.581,0.6674672273064556,0.69,0.08646722730645562,12129.0,75,False
2026-03-25 00:45:30+00:00,802.0,2.0,10:38,36.0,41.0,-5.0,0.61,0.6937879500268671,0.71,0.08378795002686712,29776.0,100,False
2026-03-25 00:46:00+00:00,814.0,2.0,10:26,38.0,41.0,-3.0,0.684,0.7111054216867467,0.72,0.027105421686746678,6640.0,71,False
2026-03-25 00:46:30+00:00,814.0,2.0,10:26,39.0,41.0,-2.0,0.665,0.7130144754514252,0.71,0.04801447545142512,6701.0,58,False
2026-03-25 00:47:00+00:00,848.0,2.0,9:52,41.0,41.0,0.0,0.713,0.7172827823522182,0.73,0.0042827823522182396,8137.0,75,False
2026-03-25 00:47:30+00:00,859.0,2.0,9:41,41.0,41.0,0.0,0.736,0.7263421439060206,0.71,-0.0096578560939794,6810.0,59,False
2026-03-25 00:48:00+00:00,877.0,2.0,9:23,41.0,41.0,0.0,0.66,0.6945671641791044,0.69,0.034567164179104326,19430.0,81,False
2026-03-25 00:48:30+00:00,887.0,2.0,9:13,41.0,44.0,-3.0,0.602,0.6746568166004995,0.6799999999999999,0.0726568166004995,24433.0,93,False
2026-03-25 00:49:00+00:00,913.0,2.0,8:47,43.0,44.0,-1.0,0.651,0.6823741391017557,0.6799999999999999,0.03137413910175568,20618.0,95,False
2026-03-25 00:49:30+00:00,942.0,2.0,8:18,46.0,46.0,0.0,0.655,0.6860072464770228,0.69,0.0310072464770228,72311.0,119,False
2026-03-25 00:50:00+00:00,962.0,2.0,7:58,46.0,46.0,0.0,0.661,0.6967276522048047,0.7,0.03572765220480467,22519.0,88,False
2026-03-25 00:50:30+00:00,962.0,2.0,7:58,46.0,46.0,0.0,0.661,0.7020804644255433,0.7,0.04108046442554325,7407.0,68,False
2026-03-25 00:51:00+00:00,962.0,2.0,7:58,46.0,47.0,-1.0,0.695,0.7178465080583271,0.76,0.02284650805832711,6515.0,74,False
2026-03-25 00:51:30+00:00,972.0,2.0,7:48,46.0,47.0,-1.0,0.707,0.7528582593250444,0.76,0.04585825932504439,28150.0,105,False
2026-03-25 00:52:00+00:00,986.0,2.0,7:34,49.0,47.0,2.0,0.754,0.7683404121440931,0.78,0.014340412144093095,12714.0,87,True
2026-03-25 00:52:30+00:00,1027.0,2.0,6:53,49.0,47.0,2.0,0.777,0.8003364706377785,0.8,0.02333647063777844,47493.0,123,True
2026-03-25 00:53:00+00:00,1038.0,2.0,6:42,52.0,47.0,5.0,0.817,0.802084192085738,0.81,-0.014915807914261947,19408.0,75,True
2026-03-25 00:53:30+00:00,1038.0,2.0,6:42,52.0,47.0,5.0,0.817,0.8073157297910255,0.8,-0.009684270208974444,12346.0,66,True
2026-03-25 00:54:00+00:00,1038.0,2.0,6:42,52.0,47.0,5.0,0.817,0.8015895258315641,0.8,-0.015410474168435884,7065.0,53,False
2026-03-25 00:54:30+00:00,1038.0,2.0,6:42,52.0,47.0,5.0,0.817,0.8066437162279938,0.8,-0.010356283772006147,11474.0,58,False
2026-03-25 00:55:00+00:00,1038.0,2.0,6:42,52.0,47.0,5.0,0.817,0.8052301685162351,0.8,-0.01176983148376487,9732.0,47,False
2026-03-25 00:55:30+00:00,1038.0,2.0,6:42,52.0,47.0,5.0,0.817,0.8020971795587826,0.81,-0.01490282044121738,3581.0,35,False
2026-03-25 00:56:00+00:00,1038.0,2.0,6:42,52.0,47.0,5.0,0.817,0.8108417402269862,0.81,-0.006158259773013763,9516.0,50,False
2026-03-25 00:56:30+00:00,1059.0,2.0,6:21,52.0,47.0,5.0,0.831,0.807761641673244,0.8,-0.023238358326755915,6335.0,49,False
2026-03-25 00:57:00+00:00,1070.0,2.0,6:10,52.0,49.0,3.0,0.795,0.7979512937595129,0.79,0.002951293759512863,16425.0,53,False
2026-03-25 00:57:30+00:00,1109.0,2.0,5:31,54.0,51.0,3.0,0.794,0.784448720689901,0.8200000000000001,-0.009551279310099026,28062.0,82,False
2026-03-25 00:58:00+00:00,1134.0,2.0,5:06,57.0,51.0,6.0,0.805,0.8072963323596236,0.8,0.002296332359623565,6162.0,63,False
2026-03-25 00:58:30+00:00,1134.0,2.0,5:06,57.0,51.0,6.0,0.805,0.8069808699369456,0.81,0.001980869936945573,9357.0,77,False
2026-03-25 00:59:00+00:00,1137.0,2.0,5:03,57.0,52.0,5.0,0.834,0.8136015180265653,0.8,-0.020398481973434635,10540.0,88,False
2026-03-25 00:59:30+00:00,1172.0,2.0,4:28,57.0,54.0,3.0,0.793,0.7985717950910802,0.81,0.0055717950910801894,11693.0,53,False
2026-03-25 01:00:00+00:00,1186.0,2.0,4:14,59.0,54.0,5.0,0.815,0.8158056891352189,0.79,0.0008056891352189455,12269.0,83,True
2026-03-25 01:00:30+00:00,1231.0,2.0,3:29,59.0,56.0,3.0,0.792,0.7814788684156447,0.78,-0.010521131584355303,14599.0,74,True
2026-03-25 01:01:00+00:00,1231.0,2.0,3:29,59.0,56.0,3.0,0.792,0.780624400639318,0.78,-0.011375599360681998,9385.0,68,True
2026-03-25 01:01:30+00:00,1231.0,2.0,3:29,59.0,56.0,3.0,0.792,0.7802196089543779,0.78,-0.011780391045622118,7058.0,44,True
2026-03-25 01:02:00+00:00,1231.0,2.0,3:29,59.0,56.0,3.0,0.792,0.7807148806218766,0.78,-0.011285119378123487,7204.0,43,False
2026-03-25 01:02:30+00:00,1231.0,2.0,3:29,59.0,56.0,3.0,0.792,0.7805379933241704,0.79,-0.011462006675829639,5093.0,42,False
2026-03-25 01:03:00+00:00,1231.0,2.0,3:29,59.0,56.0,3.0,0.792,0.7819826820603908,0.78,-0.01001731793960925,4504.0,31,False
2026-03-25 01:03:30+00:00,1231.0,2.0,3:29,59.0,56.0,3.0,0.792,0.7808301008533747,0.78,-0.011169899146625362,2578.0,28,False
2026-03-25 01:04:00+00:00,1231.0,2.0,3:29,59.0,56.0,3.0,0.792,0.7894999999999999,0.81,-0.0025000000000001688,1980.0,29,False
2026-03-25 01:04:30+00:00,1262.0,2.0,2:58,61.0,58.0,3.0,0.791,0.7943493975903615,0.81,0.003349397590361458,8300.0,51,False
2026-03-25 01:05:00+00:00,1281.0,2.0,2:39,64.0,58.0,6.0,0.833,0.8007203307392995,0.8,-0.03227966926070047,20560.0,44,False
2026-03-25 01:05:30+00:00,1297.0,2.0,2:23,64.0,58.0,6.0,0.802,0.8014622178606479,0.81,-0.0005377821393521831,3057.0,20,False
2026-03-25 01:06:00+00:00,1297.0,2.0,2:23,64.0,60.0,4.0,0.814,0.7938451040600478,0.8,-0.020154895939952122,2931.0,27,False
2026-03-25 01:06:30+00:00,1306.0,2.0,2:14,64.0,60.0,4.0,0.843,0.7925355596784167,0.77,-0.05046444032158326,1617.0,36,False
2026-03-25 01:07:00+00:00,1334.0,2.0,1:46,64.0,60.0,4.0,0.807,0.7614365637971483,0.74,-0.04556343620285175,5541.0,52,False
2026-03-25 01:07:30+00:00,1355.0,2.0,1:25,64.0,62.0,2.0,0.741,0.7412960543506661,0.73,0.0002960543506661528,3827.0,69,False
2026-03-25 01:08:00+00:00,1365.0,2.0,1:15,64.0,63.0,1.0,0.69,0.7260265674354204,0.72,0.03602656743542043,23111.0,66,False
2026-03-25 01:08:30+00:00,1380.5,2.0,59.5,64.0,64.0,0.0,0.713,0.7451074558770561,0.73,0.0321074558770561,16658.0,81,False
2026-03-25 01:09:00+00:00,1402.3,2.0,37.7,66.0,64.0,2.0,0.763,0.7471911047687001,0.73,-0.015808895231299913,8409.0,69,False
2026-03-25 01:09:30+00:00,1403.3,2.0,36.7,66.0,64.0,2.0,0.695,0.72453103085554,0.72,0.029531030855540097,11408.0,56,False
2026-03-25 01:10:00+00:00,1403.3,2.0,36.7,66.0,66.0,0.0,0.711,0.7280069965017489,0.73,0.017006996501748972,10005.0,54,False
2026-03-25 01:10:30+00:00,1407.8,2.0,32.2,66.0,66.0,0.0,0.75,0.7321683537559935,0.74,-0.01783164624400646,3754.0,50,False
2026-03-25 01:11:00+00:00,1407.8,2.0,32.2,68.0,66.0,2.0,0.738,0.7429698375870071,0.73,0.0049698375870070866,3879.0,52,False
2026-03-25 01:11:30+00:00,1431.5,2.0,8.5,68.0,68.0,0.0,0.71,0.7463289451758041,0.78,0.036328945175804095,18003.0,90,False
2026-03-25 01:12:00+00:00,1439.9,2.0,0.1,71.0,68.0,3.0,0.78,0.7705712254975311,0.77,-0.009428774502468928,26732.0,72,False
2026-03-25 01:12:30+00:00,1439.9,2.0,0.1,71.0,68.0,3.0,0.78,0.7722905457340506,0.78,-0.007709454265949378,5204.0,58,False
2026-03-25 01:13:00+00:00,1440.0,2.0,0.0,72.0,68.0,4.0,0.796,0.7799215780344687,0.77,-0.01607842196553133,54194.0,59,False
2026-03-25 01:13:30+00:00,1440.0,2.0,0.0,72.0,68.0,4.0,0.796,0.781191144371687,0.78,-0.014808855628313022,3207.0,46,False
2026-03-25 01:14:00+00:00,1440.0,2.0,0.0,72.0,68.0,4.0,0.796,0.7811676767676767,0.78,-0.014832323232323308,4950.0,41,False
2026-03-25 01:14:30+00:00,1440.0,2.0,0.0,72.0,68.0,4.0,0.796,0.7811962264150943,0.78,-0.0148037735849057,2650.0,41,False
2026-03-25 01:15:00+00:00,1440.0,2.0,0.0,72.0,68.0,4.0,0.796,0.782755535674346,0.78,-0.01324446432565407,4471.0,45,False
2026-03-25 01:15:30+00:00,1440.0,2.0,0.0,72.0,68.0,4.0,0.796,0.7810552967389103,0.78,-0.014944703261089765,4937.0,38,False
2026-03-25 01:16:00+00:00,1440.0,2.0,0.0,72.0,68.0,4.0,0.796,0.78595532146749,0.78,-0.01004467853251001,5506.0,48,False
2026-03-25 01:16:30+00:00,1440.0,2.0,0.0,72.0,68.0,4.0,0.796,0.7800058361973934,0.78,-0.015994163802606653,15421.0,38,False
2026-03-25 01:17:00+00:00,1440.0,2.0,0.0,72.0,68.0,4.0,0.796,0.7815029486099411,0.78,-0.014497051390058968,5935.0,45,False
2026-03-25 01:17:30+00:00,1440.0,2.0,0.0,72.0,68.0,4.0,0.796,0.777929191716767,0.78,-0.018070808283233042,2994.0,35,False
2026-03-25 01:18:00+00:00,1440.0,2.0,0.0,72.0,68.0,4.0,0.796,0.7805933062880324,0.78,-0.015406693711967678,1972.0,34,False
2026-03-25 01:18:30+00:00,1440.0,2.0,0.0,72.0,68.0,4.0,0.796,0.7813843283582091,0.79,-0.014615671641790895,2680.0,35,False
2026-03-25 01:19:00+00:00,1440.0,2.0,0.0,72.0,68.0,4.0,0.796,0.782374213836478,0.78,-0.013625786163522058,2544.0,38,False
2026-03-25 01:19:30+00:00,1440.0,2.0,0.0,72.0,68.0,4.0,0.796,0.7815195128701908,0.79,-0.014480487129809205,3613.0,37,False
2026-03-25 01:20:00+00:00,1440.0,2.0,0.0,72.0,68.0,4.0,0.796,0.7824701768819416,0.78,-0.013529823118058393,4862.0,51,False
2026-03-25 01:20:30+00:00,1440.0,2.0,0.0,72.0,68.0,4.0,0.796,0.7808928171850524,0.79,-0.015107182814947606,4469.0,38,False
2026-03-25 01:21:00+00:00,1440.0,2.0,0.0,72.0,68.0,4.0,0.796,0.7805263157894737,0.78,-0.015473684210526306,6384.0,48,False
2026-03-25 01:21:30+00:00,1440.0,2.0,0.0,72.0,68.0,4.0,0.796,0.7803591844512195,0.78,-0.015640815548780496,10496.0,37,False
2026-03-25 01:22:00+00:00,1440.0,2.0,0.0,72.0,68.0,4.0,0.796,0.7817229208030002,0.78,-0.014277079196999831,4533.0,42,False
2026-03-25 01:22:30+00:00,1440.0,2.0,0.0,72.0,68.0,4.0,0.796,0.780392041556405,0.79,-0.015607958443595082,10203.0,33,False
2026-03-25 01:23:00+00:00,1440.0,2.0,0.0,72.0,68.0,4.0,0.796,0.7846836248012719,0.79,-0.01131637519872819,3145.0,40,False
2026-03-25 01:23:30+00:00,1440.0,2.0,0.0,72.0,68.0,4.0,0.796,0.781026936026936,0.78,-0.014973063973064082,2970.0,36,False
2026-03-25 01:24:00+00:00,1440.0,2.0,0.0,72.0,68.0,4.0,0.796,0.7839371697005285,0.78,-0.012062830299471528,3406.0,48,False
2026-03-25 01:24:30+00:00,1440.0,2.0,0.0,72.0,68.0,4.0,0.796,0.7804688373392957,0.79,-0.015531162660704312,14312.0,48,False
2026-03-25 01:25:00+00:00,1440.0,2.0,0.0,72.0,68.0,4.0,0.796,0.7849381860196419,0.77,-0.011061813980358104,8655.0,32,False
2026-03-25 01:25:30+00:00,1440.0,2.0,0.0,72.0,68.0,4.0,0.796,0.7790004875670404,0.77,-0.016999512432959607,4102.0,40,False
2026-03-25 01:26:00+00:00,1440.0,2.0,0.0,72.0,68.0,4.0,0.796,0.7712822240943554,0.77,-0.024717775905644612,5935.0,38,False
2026-03-25 01:26:30+00:00,1440.0,2.0,0.0,72.0,68.0,4.0,0.796,0.7744730331519049,0.78,-0.021526966848095186,4042.0,33,False
2026-03-25 01:27:00+00:00,1440.0,2.0,0.0,72.0,68.0,4.0,0.796,0.7709877704609595,0.77,-0.025012229539040587,4252.0,37,False
2026-03-25 01:27:30+00:00,1440.0,2.0,0.0,72.0,68.0,4.0,0.796,0.7711449752883031,0.77,-0.024855024711696982,2428.0,38,False
2026-03-25 01:28:00+00:00,1440.0,2.0,0.0,72.0,68.0,4.0,0.796,0.7723206232062321,0.79,-0.02367937679376797,2439.0,36,False
2026-03-25 01:28:30+00:00,1440.0,2.0,0.0,72.0,68.0,4.0,0.796,0.7769050958391772,0.78,-0.019094904160822823,4278.0,36,False
2026-03-25 01:29:00+00:00,1440.0,2.0,0.0,72.0,68.0,4.0,0.796,0.7709409949865023,0.77,-0.02505900501349778,2593.0,39,False
2026-03-25 01:29:30+00:00,1440.0,3.0,12:00,72.0,68.0,4.0,0.796,0.7760119707381955,0.79,-0.01998802926180454,4511.0,41,False
2026-03-25 01:30:00+00:00,1462.0,3.0,11:38,72.0,68.0,4.0,0.842,0.7825371242303514,0.78,-0.05946287576964859,5522.0,42,False
2026-03-25 01:30:30+00:00,1462.0,3.0,11:38,74.0,68.0,6.0,0.832,0.7866904056973676,0.8,-0.04530959430263237,12497.0,71,True
2026-03-25 01:31:00+00:00,1487.0,3.0,11:13,74.0,68.0,6.0,0.854,0.8384912812736921,0.86,-0.01550871872630788,19785.0,115,True
2026-03-25 01:31:30+00:00,1513.0,3.0,10:47,78.0,68.0,10.0,0.902,0.8732527380610084,0.88,-0.028747261938991575,38257.0,121,True
2026-03-25 01:32:00+00:00,1513.0,3.0,10:47,78.0,68.0,10.0,0.902,0.8711930615003378,0.87,-0.030806938499662206,22195.0,95,True
2026-03-25 01:32:30+00:00,1513.0,3.0,10:47,78.0,68.0,10.0,0.902,0.8657196539369046,0.87,-0.03628034606309538,11443.0,72,False
2026-03-25 01:33:00+00:00,1513.0,3.0,10:47,78.0,68.0,10.0,0.902,0.8655548676675437,0.87,-0.036445132332456276,6461.0,60,False
2026-03-25 01:33:30+00:00,1513.0,3.0,10:47,78.0,68.0,10.0,0.902,0.8669087760867584,0.87,-0.0350912239132416,10973.0,59,False
2026-03-25 01:34:00+00:00,1513.0,3.0,10:47,78.0,68.0,10.0,0.902,0.8629791546033583,0.87,-0.039020845396641746,6908.0,47,False
2026-03-25 01:34:30+00:00,1513.0,3.0,10:47,78.0,68.0,10.0,0.902,0.868232074438971,0.86,-0.03376792556102903,14616.0,64,False
2026-03-25 01:35:00+00:00,1513.0,3.0,10:47,78.0,68.0,10.0,0.902,0.8668425531914892,0.87,-0.03515744680851085,8225.0,70,False
2026-03-25 01:35:30+00:00,1537.0,3.0,10:23,78.0,68.0,10.0,0.892,0.8592108688577935,0.86,-0.032789131142206496,6146.0,68,False
2026-03-25 01:36:00+00:00,1537.0,3.0,10:23,78.0,70.0,8.0,0.889,0.8591107032618669,0.86,-0.02988929673813312,11987.0,76,False
2026-03-25 01:36:30+00:00,1566.0,3.0,9:54,80.0,70.0,10.0,0.88,0.8571499778466991,0.86,-0.022850022153300897,9028.0,61,False
2026-03-25 01:37:00+00:00,1566.0,3.0,9:54,80.0,71.0,9.0,0.876,0.8531069527343118,0.86,-0.022893047265688193,6199.0,58,False
2026-03-25 01:37:30+00:00,1583.0,3.0,9:37,80.0,72.0,8.0,0.911,0.8624318377911994,0.87,-0.04856816220880067,23180.0,81,False
2026-03-25 01:38:00+00:00,1585.0,3.0,9:35,81.0,72.0,9.0,0.889,0.8683768870380012,0.86,-0.020623112961998813,19210.0,44,False
2026-03-25 01:38:30+00:00,1585.0,3.0,9:35,81.0,72.0,9.0,0.889,0.8653779669762641,0.87,-0.02362203302373589,15504.0,66,False
2026-03-25 01:39:00+00:00,1599.0,3.0,9:21,81.0,72.0,9.0,0.893,0.8526762472885031,0.84,-0.04032375271149691,3688.0,59,False
2026-03-25 01:39:30+00:00,1609.0,3.0,9:11,81.0,73.0,8.0,0.872,0.8362989057112876,0.8,-0.035701094288712376,20013.0,81,False
2026-03-25 01:40:00+00:00,1620.0,3.0,9:00,81.0,76.0,5.0,0.833,0.8345901829799593,0.86,0.001590182979959387,17215.0,72,False
2026-03-25 01:40:30+00:00,1667.0,3.0,8:13,85.0,76.0,9.0,0.891,0.8529552901971674,0.84,-0.03804470980283259,18005.0,63,False
2026-03-25 01:41:00+00:00,1681.0,3.0,7:59,85.0,79.0,6.0,0.875,0.8499075187969923,0.85,-0.025092481203007666,13300.0,58,False
2026-03-25 01:41:30+00:00,1699.0,3.0,7:41,85.0,79.0,6.0,0.9,0.856607798813224,0.86,-0.043392201186776,7078.0,56,False
2026-03-25 01:42:00+00:00,1699.0,3.0,7:41,87.0,79.0,8.0,0.891,0.8691155999394763,0.88,-0.021884400060523723,13218.0,72,False
2026-03-25 01:42:30+00:00,1718.0,3.0,7:22,89.0,79.0,10.0,0.922,0.8838973427208723,0.87,-0.03810265727912776,13209.0,93,False
2026-03-25 01:43:00+00:00,1746.0,3.0,6:54,89.0,82.0,7.0,0.893,0.86818072560655,0.86,-0.024819274393449997,13313.0,53,False
2026-03-25 01:43:30+00:00,1746.0,3.0,6:54,89.0,82.0,7.0,0.866,0.8572478632478634,0.86,-0.008752136752136597,5850.0,72,False
2026-03-25 01:44:00+00:00,1769.0,3.0,6:31,89.0,82.0,7.0,0.894,0.8570088695980372,0.84,-0.03699113040196278,5299.0,61,False
2026-03-25 01:44:30+00:00,1781.0,3.0,6:19,89.0,82.0,7.0,0.857,0.8318846945778997,0.82,-0.025115305422100276,14570.0,72,False
2026-03-25 01:45:00+00:00,1794.0,3.0,6:06,89.0,84.0,5.0,0.789,0.7918248619681715,0.77,0.0028248619681714437,24632.0,143,False
2026-03-25 01:45:30+00:00,1819.0,3.0,5:41,89.0,85.0,4.0,0.789,0.7429621479961432,0.73,-0.046037852003856794,40447.0,175,False
2026-03-25 01:46:00+00:00,1839.0,3.0,5:21,89.0,87.0,2.0,0.753,0.7263399830410138,0.73,-0.026660016958986232,22407.0,150,False
2026-03-25 01:46:30+00:00,1876.0,3.0,4:44,91.0,87.0,4.0,0.735,0.7359086383368514,0.74,0.0009086383368513973,25109.0,137,False
2026-03-25 01:47:00+00:00,1876.0,3.0,4:44,91.0,87.0,4.0,0.735,0.7275184506673644,0.73,-0.007481549332635562,19105.0,131,False
2026-03-25 01:47:30+00:00,1876.0,3.0,4:44,91.0,89.0,2.0,0.753,0.7058795532727015,0.71,-0.04712044672729854,21221.0,181,False
2026-03-25 01:48:00+00:00,1902.0,3.0,4:18,91.0,89.0,2.0,0.752,0.7262018999518999,0.72,-0.025798100048100125,33264.0,161,False
2026-03-25 01:48:30+00:00,1920.0,3.0,4:00,93.0,91.0,2.0,0.752,0.7531674530889937,0.79,0.0011674530889936863,18226.0,158,False
2026-03-25 01:49:00+00:00,1957.0,3.0,3:23,96.0,91.0,5.0,0.839,0.7963082035127088,0.8,-0.042691796487291156,23173.0,101,False
2026-03-25 01:49:30+00:00,1973.0,3.0,3:07,96.0,91.0,5.0,0.875,0.7933635129017657,0.79,-0.08163648709823434,6627.0,81,False
2026-03-25 01:50:00+00:00,1973.0,3.0,3:07,96.0,91.0,5.0,0.839,0.7936443130734652,0.79,-0.0453556869265348,16239.0,74,True
2026-03-25 01:50:30+00:00,1985.0,3.0,2:55,97.0,91.0,6.0,0.795,0.7886986013986014,0.78,-0.006301398601398667,14300.0,61,True
2026-03-25 01:51:00+00:00,1985.0,3.0,2:55,97.0,91.0,6.0,0.795,0.788142897781149,0.78,-0.006857102218851052,21092.0,63,True
2026-03-25 01:51:30+00:00,1985.0,3.0,2:55,97.0,91.0,6.0,0.795,0.7874009570879422,0.78,-0.0075990429120578185,12747.0,66,True
2026-03-25 01:52:00+00:00,1985.0,3.0,2:55,97.0,91.0,6.0,0.795,0.7870545388875513,0.79,-0.00794546111244876,16612.0,75,False
2026-03-25 01:52:30+00:00,1985.0,3.0,2:55,97.0,91.0,6.0,0.795,0.7871777995197011,0.78,-0.007822200480298913,11243.0,66,False
2026-03-25 01:53:00+00:00,1985.0,3.0,2:55,97.0,91.0,6.0,0.795,0.7862258096861526,0.79,-0.008774190313847408,9973.0,80,False
2026-03-25 01:53:30+00:00,1985.0,3.0,2:55,97.0,91.0,6.0,0.795,0.787138924068058,0.79,-0.007861075931942074,18161.0,84,False
2026-03-25 01:54:00+00:00,1985.0,3.0,2:55,97.0,91.0,6.0,0.795,0.7834384467676554,0.79,-0.011561553232344646,23435.0,125,False
2026-03-25 01:54:30+00:00,1988.0,3.0,2:52,97.0,92.0,5.0,0.84,0.8030844034989764,0.83,-0.036915596501023606,21492.0,110,False
2026-03-25 01:55:00+00:00,1998.0,3.0,2:42,99.0,92.0,7.0,0.863,0.8004673313156488,0.79,-0.06253266868435114,33702.0,164,False
2026-03-25 01:55:30+00:00,2044.0,3.0,1:56,102.0,95.0,7.0,0.865,0.8196904388714733,0.83,-0.04530956112852669,15312.0,135,False
2026-03-25 01:56:00+00:00,2066.0,3.0,1:34,102.0,95.0,7.0,0.89,0.8401232085197983,0.83,-0.04987679148020174,35306.0,197,False
2026-03-25 01:56:30+00:00,2090.0,3.0,1:10,102.0,95.0,7.0,0.866,0.8269110465290468,0.84,-0.0390889534709532,33377.0,124,False
2026-03-25 01:57:00+00:00,2090.0,3.0,1:10,102.0,95.0,7.0,0.866,0.8424975836921182,0.85,-0.023502416307881746,22762.0,113,False
2026-03-25 01:57:30+00:00,2111.0,3.0,49.0,102.0,95.0,7.0,0.892,0.852712005222242,0.88,-0.03928799477775802,33702.0,112,False
2026-03-25 01:58:00+00:00,2137.7,3.0,22.3,104.0,95.0,9.0,0.912,0.8917082938388625,0.89,-0.020291706161137513,42200.0,170,False
2026-03-25 01:58:30+00:00,2137.7,3.0,22.3,104.0,95.0,9.0,0.941,0.8920244214028937,0.9,-0.04897557859710622,33659.0,123,False
2026-03-25 01:59:00+00:00,2137.7,3.0,22.3,105.0,95.0,10.0,0.93,0.8903284476302556,0.87,-0.0396715523697444,18694.0,121,False
2026-03-25 01:59:30+00:00,2160.0,3.0,0.0,105.0,97.0,8.0,0.904,0.8682604347083648,0.88,-0.035739565291635245,40993.0,114,False
2026-03-25 02:00:00+00:00,2160.0,3.0,0.0,105.0,97.0,8.0,0.904,0.8633302557789633,0.86,-0.04066974422103675,58488.0,128,False
2026-03-25 02:00:30+00:00,2160.0,4.0,12:00,105.0,97.0,8.0,0.904,0.8623557323619631,0.87,-0.04164426763803697,62592.0,162,False
2026-03-25 02:01:00+00:00,2160.0,4.0,12:00,105.0,97.0,8.0,0.904,0.856962822936358,0.85,-0.04703717706364208,42849.0,132,False
2026-03-25 02:01:30+00:00,2160.0,4.0,12:00,105.0,97.0,8.0,0.904,0.8636874058417466,0.85,-0.04031259415825339,44473.0,115,False
2026-03-25 02:02:00+00:00,2160.0,4.0,12:00,105.0,97.0,8.0,0.904,0.8644290605925264,0.85,-0.03957093940747358,33585.0,118,False
2026-03-25 02:02:30+00:00,2160.0,4.0,12:00,105.0,97.0,8.0,0.904,0.852097846784825,0.87,-0.051902153215174995,34135.0,93,False
2026-03-25 02:03:00+00:00,2160.0,4.0,12:00,105.0,97.0,8.0,0.904,0.8641704190011342,0.87,-0.0398295809988658,29093.0,98,False
2026-03-25 02:03:30+00:00,2181.0,4.0,11:39,105.0,99.0,6.0,0.875,0.8647658041270879,0.88,-0.010234195872912077,30530.0,223,False
2026-03-25 02:04:00+00:00,2199.0,4.0,11:21,108.0,99.0,9.0,0.918,0.8849605024093531,0.86,-0.03303949759064695,25318.0,168,False
2026-03-25 02:04:30+00:00,2240.0,4.0,10:40,108.0,101.0,7.0,0.884,0.865572694831357,0.89,-0.018427305168642993,52122.0,229,False
2026-03-25 02:05:00+00:00,2262.0,4.0,10:18,108.0,101.0,7.0,0.905,0.885014901226158,0.9,-0.019985098773842025,23488.0,154,False
2026-03-25 02:05:30+00:00,2271.0,4.0,10:09,108.0,101.0,7.0,0.936,0.8933810637054356,0.9,-0.04261893629456448,47908.0,176,False
2026-03-25 02:06:00+00:00,2271.0,4.0,10:09,109.0,101.0,8.0,0.939,0.8907778472188836,0.89,-0.0482221527811163,20801.0,121,False
2026-03-25 02:06:30+00:00,2271.0,4.0,10:09,110.0,101.0,9.0,0.925,0.9236750115663394,0.92,-0.0013249884336606899,58359.0,213,False
2026-03-25 02:07:00+00:00,2308.0,4.0,9:32,112.0,103.0,9.0,0.945,0.9362271558142682,0.94,-0.008772844185731765,51709.0,209,False
2026-03-25 02:07:30+00:00,2340.0,4.0,9:00,114.0,103.0,11.0,0.96,0.9354396462546398,0.94,-0.02456035374536014,49301.0,157,False
2026-03-25 02:08:00+00:00,2343.0,4.0,8:57,114.0,103.0,11.0,0.933,0.9373951112105002,0.9299999999999999,0.00439511121050018,58133.0,151,False
2026-03-25 02:08:30+00:00,2343.0,4.0,8:57,114.0,105.0,9.0,0.946,0.924385686370298,0.91,-0.021614313629701898,24564.0,138,False
2026-03-25 02:09:00+00:00,2370.0,4.0,8:30,114.0,105.0,9.0,0.93,0.9161380244683472,0.92,-0.013861975531652804,24358.0,136,False
2026-03-25 02:09:30+00:00,2376.0,4.0,8:24,114.0,105.0,9.0,0.924,0.9467422188139867,0.9299999999999999,0.022742218813986637,252982.0,214,False
2026-03-25 02:10:00+00:00,2408.0,4.0,7:52,116.0,107.0,9.0,0.888,0.92879781568004,0.92,0.04079781568004004,111339.0,130,False
2026-03-25 02:10:30+00:00,2408.0,4.0,7:52,116.0,108.0,8.0,0.887,0.9209457925170967,0.91,0.03394579251709673,37873.0,129,False
2026-03-25 02:11:00+00:00,2408.0,4.0,7:52,116.0,109.0,7.0,0.909,0.9033015699107645,0.88,-0.00569843008923554,69367.0,209,True
2026-03-25 02:11:30+00:00,2425.0,4.0,7:35,116.0,109.0,7.0,0.883,0.9057129696650656,0.92,0.02271296966506564,30394.0,131,True
2026-03-25 02:12:00+00:00,2440.0,4.0,7:20,116.0,109.0,7.0,0.885,0.9063365282215123,0.9,0.02133652822151233,30987.0,143,True
2026-03-25 02:12:30+00:00,2440.0,4.0,7:20,116.0,109.0,7.0,0.885,0.9049067164179105,0.89,0.01990671641791053,55744.0,141,True
2026-03-25 02:13:00+00:00,2440.0,4.0,7:20,116.0,109.0,7.0,0.885,0.8414871536348781,0.84,-0.04351284636512187,57526.0,233,False
2026-03-25 02:13:30+00:00,2440.0,4.0,7:20,116.0,111.0,5.0,0.778,0.8433722071936681,0.84,0.0653722071936681,49905.0,189,False
2026-03-25 02:14:00+00:00,2440.0,4.0,7:20,116.0,111.0,5.0,0.778,0.8434291837132281,0.83,0.06542918371322803,25665.0,169,False
2026-03-25 02:14:30+00:00,2440.0,4.0,7:20,116.0,111.0,5.0,0.778,0.8350943884147917,0.83,0.05709438841479164,30936.0,183,False
2026-03-25 02:15:00+00:00,2440.0,4.0,7:20,116.0,111.0,5.0,0.778,0.8346012206475638,0.83,0.05660122064756379,19334.0,127,False
2026-03-25 02:15:30+00:00,2440.0,4.0,7:20,116.0,112.0,4.0,0.811,0.8336604338437376,0.83,0.022660433843737504,40752.0,166,False
2026-03-25 02:16:00+00:00,2459.0,4.0,7:01,116.0,112.0,4.0,0.824,0.84893969796177,0.89,0.02493969796177009,47345.0,224,False
2026-03-25 02:16:30+00:00,2473.0,4.0,6:47,119.0,112.0,7.0,0.887,0.8705404662846377,0.87,-0.01645953371536235,25478.0,187,False
2026-03-25 02:17:00+00:00,2488.0,4.0,6:32,119.0,114.0,5.0,0.858,0.8837969151670951,0.89,0.025796915167095147,50570.0,236,False
2026-03-25 02:17:30+00:00,2525.0,4.0,5:55,119.0,114.0,5.0,0.916,0.8945461666052342,0.89,-0.02145383339476581,21704.0,170,False
2026-03-25 02:18:00+00:00,2525.0,4.0,5:55,120.0,114.0,6.0,0.918,0.8958869139926042,0.9,-0.02211308600739581,25149.0,123,False
2026-03-25 02:18:30+00:00,2542.0,4.0,5:38,121.0,114.0,7.0,0.92,0.9243719665209094,0.9299999999999999,0.004371966520909321,66549.0,212,True
2026-03-25 02:19:00+00:00,2544.0,4.0,5:36,121.0,114.0,7.0,0.927,0.950731843847352,0.96,0.02373184384735194,41088.0,240,True
2026-03-25 02:19:30+00:00,2561.0,4.0,5:19,123.0,114.0,9.0,0.948,0.9557184741776868,0.96,0.007718474177686896,65486.0,168,True
2026-03-25 02:20:00+00:00,2561.0,4.0,5:19,123.0,114.0,9.0,0.948,0.9551002122667858,0.95,0.00710021226678581,44755.0,147,True
2026-03-25 02:20:30+00:00,2561.0,4.0,5:19,123.0,114.0,9.0,0.948,0.9557614157745248,0.96,0.007761415774524827,27462.0,112,False
2026-03-25 02:21:00+00:00,2561.0,4.0,5:19,123.0,114.0,9.0,0.948,0.9535648111489428,0.96,0.005564811148942805,25258.0,117,False
2026-03-25 02:21:30+00:00,2561.0,4.0,5:19,123.0,114.0,9.0,0.948,0.9523676375404531,0.96,0.0043676375404531065,15450.0,69,False
2026-03-25 02:22:00+00:00,2561.0,4.0,5:19,123.0,114.0,9.0,0.948,0.952525994185187,0.96,0.0045259941851870655,20293.0,80,False
2026-03-25 02:22:30+00:00,2561.0,4.0,5:19,123.0,114.0,9.0,0.948,0.9640102002681967,0.96,0.016010200268196773,45489.0,122,False
2026-03-25 02:23:00+00:00,2579.0,4.0,5:01,123.0,114.0,9.0,0.95,0.9635178093689347,0.96,0.013517809368934763,57189.0,102,False
2026-03-25 02:23:30+00:00,2594.0,4.0,4:46,123.0,114.0,9.0,0.938,0.9573716502751962,0.95,0.019371650275196273,33249.0,96,False
2026-03-25 02:24:00+00:00,2594.0,4.0,4:46,123.0,115.0,8.0,0.914,0.9483961480069593,0.95,0.034396148006959226,90239.0,114,False
2026-03-25 02:24:30+00:00,2612.0,4.0,4:28,123.0,116.0,7.0,0.964,0.9398522149057167,0.9299999999999999,-0.02414778509428328,26728.0,135,False
2026-03-25 02:25:00+00:00,2621.0,4.0,4:19,123.0,116.0,7.0,0.924,0.9516668859793407,0.97,0.02766688597934064,30398.0,126,False
2026-03-25 02:25:30+00:00,2640.0,4.0,4:00,125.0,116.0,9.0,0.932,0.9598606649534213,0.95,0.02786066495342121,49808.0,137,False
2026-03-25 02:26:00+00:00,2640.0,4.0,4:00,125.0,117.0,8.0,0.927,0.9577488070361476,0.95,0.030748807036147574,32063.0,96,False
2026-03-25 02:26:30+00:00,2640.0,4.0,4:00,125.0,118.0,7.0,0.944,0.9684042794748159,0.96,0.024404279474815938,74869.0,141,False
2026-03-25 02:27:00+00:00,2679.0,4.0,3:21,127.0,120.0,7.0,0.952,0.9714779000541223,0.97,0.01947790005412231,55430.0,161,False
2026-03-25 02:27:30+00:00,2714.0,4.0,2:46,129.0,123.0,6.0,0.938,0.959736171277544,0.95,0.021736171277544014,63943.0,149,False
2026-03-25 02:28:00+00:00,2714.0,4.0,2:46,129.0,123.0,6.0,0.938,0.9541634626122748,0.96,0.01616346261227486,62681.0,209,False
2026-03-25 02:28:30+00:00,2755.0,4.0,2:05,129.0,123.0,6.0,0.973,0.9701523869994839,0.98,-0.0028476130005160583,25199.0,121,False
2026-03-25 02:29:00+00:00,2755.0,4.0,2:05,130.0,123.0,7.0,0.976,0.9747543247894214,0.98,-0.0012456752105786117,44164.0,141,False
2026-03-25 02:29:30+00:00,2755.0,4.0,2:05,131.0,123.0,8.0,0.965,0.9832118616850442,0.99,0.018211861685044184,46705.0,111,False
2026-03-25 02:30:00+00:00,2774.0,4.0,1:46,131.0,123.0,8.0,0.969,0.988690438247012,0.99,0.019690438247012,75300.0,169,False
2026-03-25 02:30:30+00:00,2781.0,4.0,1:39,131.0,125.0,6.0,0.954,0.9878308343409915,0.98,0.033830834340991545,82700.0,130,False
2026-03-25 02:31:00+00:00,2814.0,4.0,1:06,131.0,125.0,6.0,0.863,0.9786312205722565,0.98,0.1156312205722565,69025.0,124,False
2026-03-25 02:31:30+00:00,2814.0,4.0,1:06,131.0,125.0,6.0,0.933,0.9811809527465356,0.98,0.048180952746535555,52102.0,117,False
2026-03-25 02:32:00+00:00,2814.0,4.0,1:06,131.0,126.0,5.0,0.937,0.9762629175678924,0.96,0.03926291756789235,58254.0,140,False
2026-03-25 02:32:30+00:00,2842.5,4.0,37.5,131.0,126.0,5.0,0.82,0.966903698817799,0.97,0.14690369881779908,39418.0,168,False
2026-03-25 02:33:00+00:00,2842.5,4.0,37.5,131.0,127.0,4.0,0.804,0.9656966159777254,0.96,0.16169661597772533,37352.0,179,True
2026-03-25 02:33:30+00:00,2842.5,4.0,37.5,131.0,128.0,3.0,0.875,0.9551108519976031,0.94,0.08011085199760315,61749.0,239,True
2026-03-25 02:34:00+00:00,2861.1,4.0,18.9,131.0,128.0,3.0,0.905,0.9553609268541586,0.95,0.050360926854158605,33317.0,181,True
2026-03-25 02:34:30+00:00,2861.1,4.0,18.9,131.0,128.0,3.0,0.905,0.9582016488098049,0.95,0.053201648809804825,127122.0,181,True
2026-03-25 02:35:00+00:00,2861.1,4.0,18.9,131.0,128.0,3.0,0.905,0.9551868198767217,0.95,0.05018681987672169,26282.0,175,True
2026-03-25 02:35:30+00:00,2861.1,4.0,18.9,131.0,128.0,3.0,0.905,0.9799220753310918,0.99,0.07492207533109174,170421.0,200,True
2026-03-25 02:36:00+00:00,2866.3,4.0,13.7,133.0,128.0,5.0,0.952,0.9899999999999999,0.99,0.03799999999999992,60846.0,101,True
2026-03-25 02:36:30+00:00,2866.3,4.0,13.7,133.0,128.0,5.0,0.952,0.9900000000000002,0.99,0.038000000000000256,23723.0,76,True
2026-03-25 02:37:00+00:00,2866.3,4.0,13.7,133.0,128.0,5.0,0.952,0.9899999999999999,0.99,0.03799999999999992,16797.0,55,False
2026-03-25 02:37:30+00:00,2866.3,4.0,13.7,133.0,128.0,5.0,0.952,0.99,0.99,0.038000000000000034,6960.0,42,False
2026-03-25 02:38:00+00:00,2875.5,4.0,4.5,133.0,128.0,5.0,0.998,0.99,0.99,-0.008000000000000007,2888.0,17,True
2026-03-25 02:38:30+00:00,2875.5,4.0,4.5,133.0,128.0,5.0,0.998,0.99,0.99,-0.008000000000000007,5245.0,11,True
2026-03-25 02:39:00+00:00,2875.8,4.0,4.2,134.0,128.0,6.0,0.994,0.99,0.99,-0.0040000000000000036,1631.0,8,True
2026-03-25 02:39:30+00:00,2875.8,4.0,4.2,134.0,128.0,6.0,0.994,0.99,0.99,-0.0040000000000000036,2935.0,12,True
2026-03-25 02:40:00+00:00,2875.8,4.0,4.2,134.0,128.0,6.0,0.994,0.99,0.99,-0.0040000000000000036,3235.0,15,False
2026-03-25 02:40:30+00:00,2879.2,4.0,0.8,134.0,131.0,3.0,0.997,0.99,0.99,-0.007000000000000006,4408.0,28,False
2026-03-25 02:41:00+00:00,2879.2,4.0,0.8,134.0,131.0,3.0,0.997,0.9899999999999999,0.99,-0.007000000000000117,9646.0,27,False
2026-03-25 02:41:30+00:00,2879.2,4.0,0.8,136.0,131.0,5.0,0.996,0.99,0.99,-0.006000000000000005,1052.0,13,False
2026-03-25 02:42:00+00:00,2879.9,4.0,0.1,136.0,131.0,5.0,0.999,0.9899999999999999,0.99,-0.009000000000000119,645.0,12,False
2026-03-25 02:42:30+00:00,2880.0,4.0,0.0,136.0,131.0,5.0,1.0,0.9899999999999999,0.99,-0.01000000000000012,2976.0,1,False
2026-03-25 02:43:00+00:00,2880.0,4.0,0.0,136.0,131.0,5.0,1.0,0.9899999999999999,0.99,-0.01000000000000012,0.0,0,False
