bucket_start_utc,game_seconds_elapsed,period,game_clock,fav_score,dog_score,score_margin,fav_wp_espn,fav_kalshi_vwap,fav_kalshi_last,delta,kalshi_volume,kalshi_trade_count,is_timeout_window
2026-03-30 16:59:00+00:00,,,,,,,,0.86,0.86,,76.0,1,False
2026-03-30 16:59:30+00:00,,,,,,,,0.87,0.87,,1.0,1,False
2026-03-30 17:00:00+00:00,,,,,,,,0.87,0.87,,0.0,0,False
2026-03-30 17:00:30+00:00,,,,,,,,0.85,0.85,,46.0,1,False
2026-03-30 17:01:00+00:00,,,,,,,,0.85,0.85,,0.0,0,False
2026-03-30 17:01:30+00:00,,,,,,,,0.85,0.85,,0.0,0,False
2026-03-30 17:02:00+00:00,,,,,,,,0.85,0.85,,0.0,0,False
2026-03-30 17:02:30+00:00,,,,,,,,0.85,0.85,,0.0,0,False
2026-03-30 17:03:00+00:00,,,,,,,,0.85,0.85,,0.0,0,False
2026-03-30 17:03:30+00:00,,,,,,,,0.85,0.85,,15.0,1,False
2026-03-30 17:04:00+00:00,,,,,,,,0.85,0.85,,0.0,0,False
2026-03-30 17:04:30+00:00,,,,,,,,0.83,0.83,,1.0,1,False
2026-03-30 17:05:00+00:00,,,,,,,,0.83,0.83,,0.0,0,False
2026-03-30 17:05:30+00:00,,,,,,,,0.83,0.83,,0.0,0,False
2026-03-30 17:06:00+00:00,,,,,,,,0.83,0.83,,0.0,0,False
2026-03-30 17:06:30+00:00,,,,,,,,0.83,0.83,,0.0,0,False
2026-03-30 17:07:00+00:00,,,,,,,,0.83,0.83,,0.0,0,False
2026-03-30 17:07:30+00:00,,,,,,,,0.83,0.83,,0.0,0,False
2026-03-30 17:08:00+00:00,,,,,,,,0.83,0.83,,0.0,0,False
2026-03-30 17:08:30+00:00,,,,,,,,0.83,0.83,,0.0,0,False
2026-03-30 17:09:00+00:00,,,,,,,,0.83,0.83,,0.0,0,False
2026-03-30 17:09:30+00:00,,,,,,,,0.83,0.83,,0.0,0,False
2026-03-30 17:10:00+00:00,,,,,,,,0.83,0.83,,0.0,0,False
2026-03-30 17:10:30+00:00,,,,,,,,0.83,0.83,,0.0,0,False
2026-03-30 17:11:00+00:00,,,,,,,,0.83,0.83,,0.0,0,False
2026-03-30 17:11:30+00:00,,,,,,,,0.83,0.83,,0.0,0,False
2026-03-30 17:12:00+00:00,,,,,,,,0.83,0.83,,0.0,0,False
2026-03-30 17:12:30+00:00,,,,,,,,0.83,0.83,,0.0,0,False
2026-03-30 17:13:00+00:00,,,,,,,,0.83,0.83,,0.0,0,False
2026-03-30 17:13:30+00:00,,,,,,,,0.83,0.83,,0.0,0,False
2026-03-30 17:14:00+00:00,,,,,,,,0.83,0.83,,0.0,0,False
2026-03-30 17:14:30+00:00,,,,,,,,0.83,0.83,,0.0,0,False
2026-03-30 17:15:00+00:00,,,,,,,,0.83,0.83,,0.0,0,False
2026-03-30 17:15:30+00:00,,,,,,,,0.83,0.83,,0.0,0,False
2026-03-30 17:16:00+00:00,,,,,,,,0.83,0.83,,0.0,0,False
2026-03-30 17:16:30+00:00,,,,,,,,0.83,0.83,,0.0,0,False
2026-03-30 17:17:00+00:00,,,,,,,,0.83,0.83,,0.0,0,False
2026-03-30 17:17:30+00:00,,,,,,,,0.83,0.83,,0.0,0,False
2026-03-30 17:18:00+00:00,,,,,,,,0.83,0.83,,0.0,0,False
2026-03-30 17:18:30+00:00,,,,,,,,0.83,0.83,,0.0,0,False
2026-03-30 17:19:00+00:00,,,,,,,,0.83,0.83,,0.0,0,False
2026-03-30 17:19:30+00:00,,,,,,,,0.83,0.83,,0.0,0,False
2026-03-30 17:20:00+00:00,,,,,,,,0.83,0.83,,0.0,0,False
2026-03-30 17:20:30+00:00,,,,,,,,0.83,0.83,,0.0,0,False
2026-03-30 17:21:00+00:00,,,,,,,,0.84,0.84,,3.0,1,False
2026-03-30 17:21:30+00:00,,,,,,,,0.84,0.84,,0.0,0,False
2026-03-30 17:22:00+00:00,,,,,,,,0.84,0.84,,0.0,0,False
2026-03-30 17:22:30+00:00,,,,,,,,0.84,0.84,,0.0,0,False
2026-03-30 17:23:00+00:00,,,,,,,,0.84,0.84,,0.0,0,False
2026-03-30 17:23:30+00:00,,,,,,,,0.84,0.84,,0.0,0,False
2026-03-30 17:24:00+00:00,,,,,,,,0.84,0.84,,0.0,0,False
2026-03-30 17:24:30+00:00,,,,,,,,0.84,0.84,,0.0,0,False
2026-03-30 17:25:00+00:00,,,,,,,,0.84,0.84,,0.0,0,False
2026-03-30 17:25:30+00:00,,,,,,,,0.84,0.84,,0.0,0,False
2026-03-30 17:26:00+00:00,,,,,,,,0.84,0.84,,0.0,0,False
2026-03-30 17:26:30+00:00,,,,,,,,0.84,0.84,,0.0,0,False
2026-03-30 17:27:00+00:00,,,,,,,,0.84,0.84,,0.0,0,False
2026-03-30 17:27:30+00:00,,,,,,,,0.84,0.84,,0.0,0,False
2026-03-30 17:28:00+00:00,,,,,,,,0.84,0.84,,0.0,0,False
2026-03-30 17:28:30+00:00,,,,,,,,0.84,0.84,,0.0,0,False
2026-03-30 17:29:00+00:00,,,,,,,,0.84,0.84,,0.0,0,False
2026-03-30 17:29:30+00:00,,,,,,,,0.84,0.84,,0.0,0,False
2026-03-30 17:30:00+00:00,,,,,,,,0.84,0.84,,0.0,0,False
2026-03-30 17:30:30+00:00,,,,,,,,0.84,0.84,,0.0,0,False
2026-03-30 17:31:00+00:00,,,,,,,,0.84,0.84,,0.0,0,False
2026-03-30 17:31:30+00:00,,,,,,,,0.85,0.85,,1.0,1,False
2026-03-30 17:32:00+00:00,,,,,,,,0.85,0.85,,0.0,0,False
2026-03-30 17:32:30+00:00,,,,,,,,0.85,0.85,,0.0,0,False
2026-03-30 17:33:00+00:00,,,,,,,,0.85,0.85,,0.0,0,False
2026-03-30 17:33:30+00:00,,,,,,,,0.85,0.85,,0.0,0,False
2026-03-30 17:34:00+00:00,,,,,,,,0.85,0.85,,0.0,0,False
2026-03-30 17:34:30+00:00,,,,,,,,0.85,0.85,,0.0,0,False
2026-03-30 17:35:00+00:00,,,,,,,,0.85,0.85,,0.0,0,False
2026-03-30 17:35:30+00:00,,,,,,,,0.85,0.85,,0.0,0,False
2026-03-30 17:36:00+00:00,,,,,,,,0.85,0.85,,0.0,0,False
2026-03-30 17:36:30+00:00,,,,,,,,0.85,0.85,,0.0,0,False
2026-03-30 17:37:00+00:00,,,,,,,,0.85,0.85,,0.0,0,False
2026-03-30 17:37:30+00:00,,,,,,,,0.85,0.85,,0.0,0,False
2026-03-30 17:38:00+00:00,,,,,,,,0.85,0.85,,0.0,0,False
2026-03-30 17:38:30+00:00,,,,,,,,0.85,0.85,,0.0,0,False
2026-03-30 17:39:00+00:00,,,,,,,,0.85,0.85,,0.0,0,False
2026-03-30 17:39:30+00:00,,,,,,,,0.85,0.85,,0.0,0,False
2026-03-30 17:40:00+00:00,,,,,,,,0.85,0.85,,0.0,0,False
2026-03-30 17:40:30+00:00,,,,,,,,0.85,0.85,,5.0,1,False
2026-03-30 17:41:00+00:00,,,,,,,,0.85,0.85,,0.0,0,False
2026-03-30 17:41:30+00:00,,,,,,,,0.85,0.85,,0.0,0,False
2026-03-30 17:42:00+00:00,,,,,,,,0.85,0.85,,0.0,0,False
2026-03-30 17:42:30+00:00,,,,,,,,0.85,0.85,,0.0,0,False
2026-03-30 17:43:00+00:00,,,,,,,,0.85,0.85,,0.0,0,False
2026-03-30 17:43:30+00:00,,,,,,,,0.85,0.85,,0.0,0,False
2026-03-30 17:44:00+00:00,,,,,,,,0.85,0.85,,0.0,0,False
2026-03-30 17:44:30+00:00,,,,,,,,0.85,0.85,,0.0,0,False
2026-03-30 17:45:00+00:00,,,,,,,,0.85,0.85,,0.0,0,False
2026-03-30 17:45:30+00:00,,,,,,,,0.85,0.85,,0.0,0,False
2026-03-30 17:46:00+00:00,,,,,,,,0.85,0.85,,0.0,0,False
2026-03-30 17:46:30+00:00,,,,,,,,0.85,0.85,,0.0,0,False
2026-03-30 17:47:00+00:00,,,,,,,,0.85,0.85,,0.0,0,False
2026-03-30 17:47:30+00:00,,,,,,,,0.85,0.85,,0.0,0,False
2026-03-30 17:48:00+00:00,,,,,,,,0.85,0.85,,0.0,0,False
2026-03-30 17:48:30+00:00,,,,,,,,0.85,0.85,,0.0,0,False
2026-03-30 17:49:00+00:00,,,,,,,,0.85,0.85,,0.0,0,False
2026-03-30 17:49:30+00:00,,,,,,,,0.85,0.85,,0.0,0,False
2026-03-30 17:50:00+00:00,,,,,,,,0.85,0.85,,0.0,0,False
2026-03-30 17:50:30+00:00,,,,,,,,0.85,0.85,,0.0,0,False
2026-03-30 17:51:00+00:00,,,,,,,,0.85,0.85,,0.0,0,False
2026-03-30 17:51:30+00:00,,,,,,,,0.85,0.85,,0.0,0,False
2026-03-30 17:52:00+00:00,,,,,,,,0.85,0.85,,0.0,0,False
2026-03-30 17:52:30+00:00,,,,,,,,0.85,0.85,,0.0,0,False
2026-03-30 17:53:00+00:00,,,,,,,,0.85,0.85,,0.0,0,False
2026-03-30 17:53:30+00:00,,,,,,,,0.85,0.85,,0.0,0,False
2026-03-30 17:54:00+00:00,,,,,,,,0.85,0.85,,0.0,0,False
2026-03-30 17:54:30+00:00,,,,,,,,0.85,0.85,,0.0,0,False
2026-03-30 17:55:00+00:00,,,,,,,,0.85,0.85,,0.0,0,False
2026-03-30 17:55:30+00:00,,,,,,,,0.85,0.85,,0.0,0,False
2026-03-30 17:56:00+00:00,,,,,,,,0.85,0.85,,0.0,0,False
2026-03-30 17:56:30+00:00,,,,,,,,0.85,0.85,,0.0,0,False
2026-03-30 17:57:00+00:00,,,,,,,,0.85,0.85,,0.0,0,False
2026-03-30 17:57:30+00:00,,,,,,,,0.85,0.85,,0.0,0,False
2026-03-30 17:58:00+00:00,,,,,,,,0.85,0.85,,0.0,0,False
2026-03-30 17:58:30+00:00,,,,,,,,0.85,0.85,,0.0,0,False
2026-03-30 17:59:00+00:00,,,,,,,,0.85,0.85,,0.0,0,False
2026-03-30 17:59:30+00:00,,,,,,,,0.85,0.85,,0.0,0,False
2026-03-30 18:00:00+00:00,,,,,,,,0.85,0.85,,0.0,0,False
2026-03-30 18:00:30+00:00,,,,,,,,0.85,0.85,,0.0,0,False
2026-03-30 18:01:00+00:00,,,,,,,,0.85,0.85,,0.0,0,False
2026-03-30 18:01:30+00:00,,,,,,,,0.85,0.85,,0.0,0,False
2026-03-30 18:02:00+00:00,,,,,,,,0.85,0.85,,0.0,0,False
2026-03-30 18:02:30+00:00,,,,,,,,0.85,0.85,,0.0,0,False
2026-03-30 18:03:00+00:00,,,,,,,,0.85,0.85,,0.0,0,False
2026-03-30 18:03:30+00:00,,,,,,,,0.85,0.85,,0.0,0,False
2026-03-30 18:04:00+00:00,,,,,,,,0.85,0.85,,0.0,0,False
2026-03-30 18:04:30+00:00,,,,,,,,0.85,0.85,,0.0,0,False
2026-03-30 18:05:00+00:00,,,,,,,,0.85,0.85,,0.0,0,False
2026-03-30 18:05:30+00:00,,,,,,,,0.85,0.85,,0.0,0,False
2026-03-30 18:06:00+00:00,,,,,,,,0.85,0.85,,0.0,0,False
2026-03-30 18:06:30+00:00,,,,,,,,0.85,0.85,,0.0,0,False
2026-03-30 18:07:00+00:00,,,,,,,,0.85,0.85,,0.0,0,False
2026-03-30 18:07:30+00:00,,,,,,,,0.85,0.85,,0.0,0,False
2026-03-30 18:08:00+00:00,,,,,,,,0.85,0.85,,0.0,0,False
2026-03-30 18:08:30+00:00,,,,,,,,0.85,0.85,,0.0,0,False
2026-03-30 18:09:00+00:00,,,,,,,,0.85,0.85,,0.0,0,False
2026-03-30 18:09:30+00:00,,,,,,,,0.85,0.85,,0.0,0,False
2026-03-30 18:10:00+00:00,,,,,,,,0.85,0.85,,0.0,0,False
2026-03-30 18:10:30+00:00,,,,,,,,0.85,0.85,,0.0,0,False
2026-03-30 18:11:00+00:00,,,,,,,,0.85,0.85,,0.0,0,False
2026-03-30 18:11:30+00:00,,,,,,,,0.85,0.85,,0.0,0,False
2026-03-30 18:12:00+00:00,,,,,,,,0.85,0.85,,0.0,0,False
2026-03-30 18:12:30+00:00,,,,,,,,0.85,0.85,,0.0,0,False
2026-03-30 18:13:00+00:00,,,,,,,,0.85,0.85,,0.0,0,False
2026-03-30 18:13:30+00:00,,,,,,,,0.85,0.85,,0.0,0,False
2026-03-30 18:14:00+00:00,,,,,,,,0.85,0.85,,0.0,0,False
2026-03-30 18:14:30+00:00,,,,,,,,0.85,0.85,,0.0,0,False
2026-03-30 18:15:00+00:00,,,,,,,,0.85,0.85,,0.0,0,False
2026-03-30 18:15:30+00:00,,,,,,,,0.85,0.85,,0.0,0,False
2026-03-30 18:16:00+00:00,,,,,,,,0.85,0.85,,0.0,0,False
2026-03-30 18:16:30+00:00,,,,,,,,0.85,0.85,,0.0,0,False
2026-03-30 18:17:00+00:00,,,,,,,,0.85,0.85,,0.0,0,False
2026-03-30 18:17:30+00:00,,,,,,,,0.85,0.85,,0.0,0,False
2026-03-30 18:18:00+00:00,,,,,,,,0.85,0.85,,0.0,0,False
2026-03-30 18:18:30+00:00,,,,,,,,0.85,0.85,,0.0,0,False
2026-03-30 18:19:00+00:00,,,,,,,,0.85,0.85,,0.0,0,False
2026-03-30 18:19:30+00:00,,,,,,,,0.85,0.85,,0.0,0,False
2026-03-30 18:20:00+00:00,,,,,,,,0.85,0.85,,0.0,0,False
2026-03-30 18:20:30+00:00,,,,,,,,0.85,0.85,,0.0,0,False
2026-03-30 18:21:00+00:00,,,,,,,,0.85,0.85,,0.0,0,False
2026-03-30 18:21:30+00:00,,,,,,,,0.85,0.85,,0.0,0,False
2026-03-30 18:22:00+00:00,,,,,,,,0.85,0.85,,0.0,0,False
2026-03-30 18:22:30+00:00,,,,,,,,0.86,0.86,,3.0,1,False
2026-03-30 18:23:00+00:00,,,,,,,,0.86,0.86,,0.0,0,False
2026-03-30 18:23:30+00:00,,,,,,,,0.86,0.86,,0.0,0,False
2026-03-30 18:24:00+00:00,,,,,,,,0.86,0.86,,0.0,0,False
2026-03-30 18:24:30+00:00,,,,,,,,0.86,0.86,,0.0,0,False
2026-03-30 18:25:00+00:00,,,,,,,,0.86,0.86,,0.0,0,False
2026-03-30 18:25:30+00:00,,,,,,,,0.86,0.86,,3.0,1,False
2026-03-30 18:26:00+00:00,,,,,,,,0.86,0.86,,0.0,0,False
2026-03-30 18:26:30+00:00,,,,,,,,0.86,0.86,,0.0,0,False
2026-03-30 18:27:00+00:00,,,,,,,,0.86,0.86,,0.0,0,False
2026-03-30 18:27:30+00:00,,,,,,,,0.86,0.86,,0.0,0,False
2026-03-30 18:28:00+00:00,,,,,,,,0.86,0.86,,3.0,1,False
2026-03-30 18:28:30+00:00,,,,,,,,0.86,0.86,,0.0,0,False
2026-03-30 18:29:00+00:00,,,,,,,,0.86,0.86,,0.0,0,False
2026-03-30 18:29:30+00:00,,,,,,,,0.86,0.86,,0.0,0,False
2026-03-30 18:30:00+00:00,,,,,,,,0.86,0.86,,0.0,0,False
2026-03-30 18:30:30+00:00,,,,,,,,0.86,0.86,,0.0,0,False
2026-03-30 18:31:00+00:00,,,,,,,,0.86,0.86,,0.0,0,False
2026-03-30 18:31:30+00:00,,,,,,,,0.86,0.86,,0.0,0,False
2026-03-30 18:32:00+00:00,,,,,,,,0.86,0.86,,0.0,0,False
2026-03-30 18:32:30+00:00,,,,,,,,0.86,0.86,,0.0,0,False
2026-03-30 18:33:00+00:00,,,,,,,,0.86,0.86,,0.0,0,False
2026-03-30 18:33:30+00:00,,,,,,,,0.86,0.86,,0.0,0,False
2026-03-30 18:34:00+00:00,,,,,,,,0.8500000000000001,0.85,,9.0,2,False
2026-03-30 18:34:30+00:00,,,,,,,,0.8500000000000001,0.85,,0.0,0,False
2026-03-30 18:35:00+00:00,,,,,,,,0.8500000000000001,0.85,,0.0,0,False
2026-03-30 18:35:30+00:00,,,,,,,,0.8500000000000001,0.85,,0.0,0,False
2026-03-30 18:36:00+00:00,,,,,,,,0.8500000000000001,0.85,,0.0,0,False
2026-03-30 18:36:30+00:00,,,,,,,,0.8500000000000001,0.85,,0.0,0,False
2026-03-30 18:37:00+00:00,,,,,,,,0.8500000000000001,0.85,,0.0,0,False
2026-03-30 18:37:30+00:00,,,,,,,,0.8500000000000001,0.85,,0.0,0,False
2026-03-30 18:38:00+00:00,,,,,,,,0.8500000000000001,0.85,,0.0,0,False
2026-03-30 18:38:30+00:00,,,,,,,,0.8500000000000001,0.85,,0.0,0,False
2026-03-30 18:39:00+00:00,,,,,,,,0.8500000000000001,0.85,,0.0,0,False
2026-03-30 18:39:30+00:00,,,,,,,,0.8500000000000001,0.85,,0.0,0,False
2026-03-30 18:40:00+00:00,,,,,,,,0.8500000000000001,0.85,,0.0,0,False
2026-03-30 18:40:30+00:00,,,,,,,,0.8500000000000001,0.85,,0.0,0,False
2026-03-30 18:41:00+00:00,,,,,,,,0.8500000000000001,0.85,,0.0,0,False
2026-03-30 18:41:30+00:00,,,,,,,,0.8500000000000001,0.85,,0.0,0,False
2026-03-30 18:42:00+00:00,,,,,,,,0.8500000000000001,0.85,,0.0,0,False
2026-03-30 18:42:30+00:00,,,,,,,,0.8500000000000001,0.85,,0.0,0,False
2026-03-30 18:43:00+00:00,,,,,,,,0.8500000000000001,0.85,,0.0,0,False
2026-03-30 18:43:30+00:00,,,,,,,,0.8500000000000001,0.85,,0.0,0,False
2026-03-30 18:44:00+00:00,,,,,,,,0.8500000000000001,0.85,,0.0,0,False
2026-03-30 18:44:30+00:00,,,,,,,,0.8500000000000001,0.85,,0.0,0,False
2026-03-30 18:45:00+00:00,,,,,,,,0.8500000000000001,0.85,,0.0,0,False
2026-03-30 18:45:30+00:00,,,,,,,,0.8500000000000001,0.85,,0.0,0,False
2026-03-30 18:46:00+00:00,,,,,,,,0.8500000000000001,0.85,,0.0,0,False
2026-03-30 18:46:30+00:00,,,,,,,,0.8500000000000001,0.85,,0.0,0,False
2026-03-30 18:47:00+00:00,,,,,,,,0.8500000000000001,0.85,,0.0,0,False
2026-03-30 18:47:30+00:00,,,,,,,,0.8500000000000001,0.85,,0.0,0,False
2026-03-30 18:48:00+00:00,,,,,,,,0.8500000000000001,0.85,,0.0,0,False
2026-03-30 18:48:30+00:00,,,,,,,,0.8500000000000001,0.85,,0.0,0,False
2026-03-30 18:49:00+00:00,,,,,,,,0.8500000000000001,0.85,,0.0,0,False
2026-03-30 18:49:30+00:00,,,,,,,,0.8500000000000001,0.85,,0.0,0,False
2026-03-30 18:50:00+00:00,,,,,,,,0.8500000000000001,0.85,,0.0,0,False
2026-03-30 18:50:30+00:00,,,,,,,,0.8500000000000001,0.85,,0.0,0,False
2026-03-30 18:51:00+00:00,,,,,,,,0.8500000000000001,0.85,,0.0,0,False
2026-03-30 18:51:30+00:00,,,,,,,,0.8500000000000001,0.85,,0.0,0,False
2026-03-30 18:52:00+00:00,,,,,,,,0.8500000000000001,0.85,,0.0,0,False
2026-03-30 18:52:30+00:00,,,,,,,,0.8500000000000001,0.85,,0.0,0,False
2026-03-30 18:53:00+00:00,,,,,,,,0.8500000000000001,0.85,,0.0,0,False
2026-03-30 18:53:30+00:00,,,,,,,,0.8500000000000001,0.85,,0.0,0,False
2026-03-30 18:54:00+00:00,,,,,,,,0.8500000000000001,0.85,,0.0,0,False
2026-03-30 18:54:30+00:00,,,,,,,,0.8500000000000001,0.85,,0.0,0,False
2026-03-30 18:55:00+00:00,,,,,,,,0.8500000000000001,0.85,,0.0,0,False
2026-03-30 18:55:30+00:00,,,,,,,,0.8500000000000001,0.85,,0.0,0,False
2026-03-30 18:56:00+00:00,,,,,,,,0.8500000000000001,0.85,,0.0,0,False
2026-03-30 18:56:30+00:00,,,,,,,,0.8500000000000001,0.85,,0.0,0,False
2026-03-30 18:57:00+00:00,,,,,,,,0.8500000000000001,0.85,,0.0,0,False
2026-03-30 18:57:30+00:00,,,,,,,,0.8500000000000001,0.85,,0.0,0,False
2026-03-30 18:58:00+00:00,,,,,,,,0.8500000000000001,0.85,,0.0,0,False
2026-03-30 18:58:30+00:00,,,,,,,,0.8500000000000001,0.85,,0.0,0,False
2026-03-30 18:59:00+00:00,,,,,,,,0.8500000000000001,0.85,,0.0,0,False
2026-03-30 18:59:30+00:00,,,,,,,,0.8500000000000001,0.85,,0.0,0,False
2026-03-30 19:00:00+00:00,,,,,,,,0.8500000000000001,0.85,,0.0,0,False
2026-03-30 19:00:30+00:00,,,,,,,,0.8500000000000001,0.85,,0.0,0,False
2026-03-30 19:01:00+00:00,,,,,,,,0.8500000000000001,0.85,,0.0,0,False
2026-03-30 19:01:30+00:00,,,,,,,,0.8500000000000001,0.85,,0.0,0,False
2026-03-30 19:02:00+00:00,,,,,,,,0.8500000000000001,0.85,,0.0,0,False
2026-03-30 19:02:30+00:00,,,,,,,,0.8500000000000001,0.85,,0.0,0,False
2026-03-30 19:03:00+00:00,,,,,,,,0.8500000000000001,0.85,,0.0,0,False
2026-03-30 19:03:30+00:00,,,,,,,,0.8500000000000001,0.85,,0.0,0,False
2026-03-30 19:04:00+00:00,,,,,,,,0.8500000000000001,0.85,,0.0,0,False
2026-03-30 19:04:30+00:00,,,,,,,,0.8500000000000001,0.85,,0.0,0,False
2026-03-30 19:05:00+00:00,,,,,,,,0.8500000000000001,0.85,,0.0,0,False
2026-03-30 19:05:30+00:00,,,,,,,,0.8500000000000001,0.85,,0.0,0,False
2026-03-30 19:06:00+00:00,,,,,,,,0.8500000000000001,0.85,,0.0,0,False
2026-03-30 19:06:30+00:00,,,,,,,,0.8500000000000001,0.85,,0.0,0,False
2026-03-30 19:07:00+00:00,,,,,,,,0.8500000000000001,0.85,,0.0,0,False
2026-03-30 19:07:30+00:00,,,,,,,,0.8500000000000001,0.85,,0.0,0,False
2026-03-30 19:08:00+00:00,,,,,,,,0.8500000000000001,0.85,,0.0,0,False
2026-03-30 19:08:30+00:00,,,,,,,,0.8500000000000001,0.85,,0.0,0,False
2026-03-30 19:09:00+00:00,,,,,,,,0.8500000000000001,0.85,,0.0,0,False
2026-03-30 19:09:30+00:00,,,,,,,,0.8500000000000001,0.85,,0.0,0,False
2026-03-30 19:10:00+00:00,,,,,,,,0.8500000000000001,0.85,,0.0,0,False
2026-03-30 19:10:30+00:00,,,,,,,,0.8500000000000001,0.85,,0.0,0,False
2026-03-30 19:11:00+00:00,,,,,,,,0.8500000000000001,0.85,,0.0,0,False
2026-03-30 19:11:30+00:00,,,,,,,,0.8500000000000001,0.85,,0.0,0,False
2026-03-30 19:12:00+00:00,,,,,,,,0.8500000000000001,0.85,,0.0,0,False
2026-03-30 19:12:30+00:00,,,,,,,,0.8500000000000001,0.85,,0.0,0,False
2026-03-30 19:13:00+00:00,,,,,,,,0.8500000000000001,0.85,,0.0,0,False
2026-03-30 19:13:30+00:00,,,,,,,,0.8500000000000001,0.85,,0.0,0,False
2026-03-30 19:14:00+00:00,,,,,,,,0.8500000000000001,0.85,,0.0,0,False
2026-03-30 19:14:30+00:00,,,,,,,,0.8500000000000001,0.85,,0.0,0,False
2026-03-30 19:15:00+00:00,,,,,,,,0.8500000000000001,0.85,,0.0,0,False
2026-03-30 19:15:30+00:00,,,,,,,,0.8500000000000001,0.85,,0.0,0,False
2026-03-30 19:16:00+00:00,,,,,,,,0.8500000000000001,0.85,,0.0,0,False
2026-03-30 19:16:30+00:00,,,,,,,,0.8500000000000001,0.85,,0.0,0,False
2026-03-30 19:17:00+00:00,,,,,,,,0.8500000000000001,0.85,,0.0,0,False
2026-03-30 19:17:30+00:00,,,,,,,,0.8500000000000001,0.85,,0.0,0,False
2026-03-30 19:18:00+00:00,,,,,,,,0.8500000000000001,0.85,,0.0,0,False
2026-03-30 19:18:30+00:00,,,,,,,,0.8500000000000001,0.85,,0.0,0,False
2026-03-30 19:19:00+00:00,,,,,,,,0.8500000000000001,0.85,,0.0,0,False
2026-03-30 19:19:30+00:00,,,,,,,,0.8500000000000001,0.85,,0.0,0,False
2026-03-30 19:20:00+00:00,,,,,,,,0.8500000000000001,0.85,,0.0,0,False
2026-03-30 19:20:30+00:00,,,,,,,,0.8500000000000001,0.85,,0.0,0,False
2026-03-30 19:21:00+00:00,,,,,,,,0.8500000000000001,0.85,,0.0,0,False
2026-03-30 19:21:30+00:00,,,,,,,,0.8500000000000001,0.85,,0.0,0,False
2026-03-30 19:22:00+00:00,,,,,,,,0.8500000000000001,0.85,,0.0,0,False
2026-03-30 19:22:30+00:00,,,,,,,,0.8500000000000001,0.85,,0.0,0,False
2026-03-30 19:23:00+00:00,,,,,,,,0.8500000000000001,0.85,,0.0,0,False
2026-03-30 19:23:30+00:00,,,,,,,,0.8500000000000001,0.85,,0.0,0,False
2026-03-30 19:24:00+00:00,,,,,,,,0.8500000000000001,0.85,,0.0,0,False
2026-03-30 19:24:30+00:00,,,,,,,,0.8500000000000001,0.85,,0.0,0,False
2026-03-30 19:25:00+00:00,,,,,,,,0.8500000000000001,0.85,,0.0,0,False
2026-03-30 19:25:30+00:00,,,,,,,,0.8500000000000001,0.85,,0.0,0,False
2026-03-30 19:26:00+00:00,,,,,,,,0.86,0.86,,2.0,1,False
2026-03-30 19:26:30+00:00,,,,,,,,0.86,0.86,,0.0,0,False
2026-03-30 19:27:00+00:00,,,,,,,,0.86,0.86,,0.0,0,False
2026-03-30 19:27:30+00:00,,,,,,,,0.86,0.86,,0.0,0,False
2026-03-30 19:28:00+00:00,,,,,,,,0.86,0.86,,0.0,0,False
2026-03-30 19:28:30+00:00,,,,,,,,0.86,0.86,,0.0,0,False
2026-03-30 19:29:00+00:00,,,,,,,,0.86,0.86,,0.0,0,False
2026-03-30 19:29:30+00:00,,,,,,,,0.86,0.86,,0.0,0,False
2026-03-30 19:30:00+00:00,,,,,,,,0.86,0.86,,0.0,0,False
2026-03-30 19:30:30+00:00,,,,,,,,0.86,0.86,,0.0,0,False
2026-03-30 19:31:00+00:00,,,,,,,,0.86,0.86,,0.0,0,False
2026-03-30 19:31:30+00:00,,,,,,,,0.86,0.86,,0.0,0,False
2026-03-30 19:32:00+00:00,,,,,,,,0.86,0.86,,0.0,0,False
2026-03-30 19:32:30+00:00,,,,,,,,0.86,0.86,,0.0,0,False
2026-03-30 19:33:00+00:00,,,,,,,,0.86,0.86,,0.0,0,False
2026-03-30 19:33:30+00:00,,,,,,,,0.86,0.86,,0.0,0,False
2026-03-30 19:34:00+00:00,,,,,,,,0.86,0.86,,0.0,0,False
2026-03-30 19:34:30+00:00,,,,,,,,0.86,0.86,,0.0,0,False
2026-03-30 19:35:00+00:00,,,,,,,,0.86,0.86,,0.0,0,False
2026-03-30 19:35:30+00:00,,,,,,,,0.86,0.86,,0.0,0,False
2026-03-30 19:36:00+00:00,,,,,,,,0.86,0.86,,0.0,0,False
2026-03-30 19:36:30+00:00,,,,,,,,0.86,0.86,,0.0,0,False
2026-03-30 19:37:00+00:00,,,,,,,,0.86,0.86,,0.0,0,False
2026-03-30 19:37:30+00:00,,,,,,,,0.86,0.86,,0.0,0,False
2026-03-30 19:38:00+00:00,,,,,,,,0.86,0.86,,0.0,0,False
2026-03-30 19:38:30+00:00,,,,,,,,0.86,0.86,,0.0,0,False
2026-03-30 19:39:00+00:00,,,,,,,,0.86,0.86,,0.0,0,False
2026-03-30 19:39:30+00:00,,,,,,,,0.86,0.86,,0.0,0,False
2026-03-30 19:40:00+00:00,,,,,,,,0.86,0.86,,0.0,0,False
2026-03-30 19:40:30+00:00,,,,,,,,0.86,0.86,,0.0,0,False
2026-03-30 19:41:00+00:00,,,,,,,,0.86,0.86,,0.0,0,False
2026-03-30 19:41:30+00:00,,,,,,,,0.86,0.86,,0.0,0,False
2026-03-30 19:42:00+00:00,,,,,,,,0.86,0.86,,0.0,0,False
2026-03-30 19:42:30+00:00,,,,,,,,0.86,0.86,,0.0,0,False
2026-03-30 19:43:00+00:00,,,,,,,,0.86,0.86,,0.0,0,False
2026-03-30 19:43:30+00:00,,,,,,,,0.86,0.86,,0.0,0,False
2026-03-30 19:44:00+00:00,,,,,,,,0.86,0.86,,0.0,0,False
2026-03-30 19:44:30+00:00,,,,,,,,0.86,0.86,,0.0,0,False
2026-03-30 19:45:00+00:00,,,,,,,,0.86,0.86,,0.0,0,False
2026-03-30 19:45:30+00:00,,,,,,,,0.86,0.86,,0.0,0,False
2026-03-30 19:46:00+00:00,,,,,,,,0.86,0.86,,0.0,0,False
2026-03-30 19:46:30+00:00,,,,,,,,0.86,0.86,,0.0,0,False
2026-03-30 19:47:00+00:00,,,,,,,,0.86,0.86,,0.0,0,False
2026-03-30 19:47:30+00:00,,,,,,,,0.86,0.86,,0.0,0,False
2026-03-30 19:48:00+00:00,,,,,,,,0.86,0.86,,0.0,0,False
2026-03-30 19:48:30+00:00,,,,,,,,0.86,0.86,,0.0,0,False
2026-03-30 19:49:00+00:00,,,,,,,,0.86,0.86,,0.0,0,False
2026-03-30 19:49:30+00:00,,,,,,,,0.86,0.86,,0.0,0,False
2026-03-30 19:50:00+00:00,,,,,,,,0.86,0.86,,0.0,0,False
2026-03-30 19:50:30+00:00,,,,,,,,0.86,0.86,,0.0,0,False
2026-03-30 19:51:00+00:00,,,,,,,,0.86,0.86,,0.0,0,False
2026-03-30 19:51:30+00:00,,,,,,,,0.86,0.86,,0.0,0,False
2026-03-30 19:52:00+00:00,,,,,,,,0.86,0.86,,0.0,0,False
2026-03-30 19:52:30+00:00,,,,,,,,0.86,0.86,,0.0,0,False
2026-03-30 19:53:00+00:00,,,,,,,,0.86,0.86,,0.0,0,False
2026-03-30 19:53:30+00:00,,,,,,,,0.86,0.86,,0.0,0,False
2026-03-30 19:54:00+00:00,,,,,,,,0.86,0.86,,0.0,0,False
2026-03-30 19:54:30+00:00,,,,,,,,0.86,0.86,,0.0,0,False
2026-03-30 19:55:00+00:00,,,,,,,,0.86,0.86,,0.0,0,False
2026-03-30 19:55:30+00:00,,,,,,,,0.86,0.86,,0.0,0,False
2026-03-30 19:56:00+00:00,,,,,,,,0.86,0.86,,0.0,0,False
2026-03-30 19:56:30+00:00,,,,,,,,0.86,0.86,,0.0,0,False
2026-03-30 19:57:00+00:00,,,,,,,,0.86,0.86,,0.0,0,False
2026-03-30 19:57:30+00:00,,,,,,,,0.86,0.86,,0.0,0,False
2026-03-30 19:58:00+00:00,,,,,,,,0.86,0.86,,0.0,0,False
2026-03-30 19:58:30+00:00,,,,,,,,0.86,0.86,,0.0,0,False
2026-03-30 19:59:00+00:00,,,,,,,,0.86,0.86,,0.0,0,False
2026-03-30 19:59:30+00:00,,,,,,,,0.86,0.86,,0.0,0,False
2026-03-30 20:00:00+00:00,,,,,,,,0.86,0.86,,0.0,0,False
2026-03-30 20:00:30+00:00,,,,,,,,0.86,0.86,,0.0,0,False
2026-03-30 20:01:00+00:00,,,,,,,,0.86,0.86,,0.0,0,False
2026-03-30 20:01:30+00:00,,,,,,,,0.86,0.86,,0.0,0,False
2026-03-30 20:02:00+00:00,,,,,,,,0.86,0.86,,0.0,0,False
2026-03-30 20:02:30+00:00,,,,,,,,0.86,0.86,,0.0,0,False
2026-03-30 20:03:00+00:00,,,,,,,,0.86,0.86,,0.0,0,False
2026-03-30 20:03:30+00:00,,,,,,,,0.86,0.86,,0.0,0,False
2026-03-30 20:04:00+00:00,,,,,,,,0.87,0.87,,1.0,1,False
2026-03-30 20:04:30+00:00,,,,,,,,0.87,0.87,,0.0,0,False
2026-03-30 20:05:00+00:00,,,,,,,,0.87,0.87,,0.0,0,False
2026-03-30 20:05:30+00:00,,,,,,,,0.87,0.87,,0.0,0,False
2026-03-30 20:06:00+00:00,,,,,,,,0.87,0.87,,0.0,0,False
2026-03-30 20:06:30+00:00,,,,,,,,0.87,0.87,,0.0,0,False
2026-03-30 20:07:00+00:00,,,,,,,,0.87,0.87,,0.0,0,False
2026-03-30 20:07:30+00:00,,,,,,,,0.87,0.87,,0.0,0,False
2026-03-30 20:08:00+00:00,,,,,,,,0.87,0.87,,0.0,0,False
2026-03-30 20:08:30+00:00,,,,,,,,0.87,0.87,,0.0,0,False
2026-03-30 20:09:00+00:00,,,,,,,,0.87,0.87,,0.0,0,False
2026-03-30 20:09:30+00:00,,,,,,,,0.87,0.87,,0.0,0,False
2026-03-30 20:10:00+00:00,,,,,,,,0.87,0.87,,0.0,0,False
2026-03-30 20:10:30+00:00,,,,,,,,0.87,0.87,,0.0,0,False
2026-03-30 20:11:00+00:00,,,,,,,,0.87,0.87,,0.0,0,False
2026-03-30 20:11:30+00:00,,,,,,,,0.87,0.87,,0.0,0,False
2026-03-30 20:12:00+00:00,,,,,,,,0.87,0.87,,0.0,0,False
2026-03-30 20:12:30+00:00,,,,,,,,0.87,0.87,,0.0,0,False
2026-03-30 20:13:00+00:00,,,,,,,,0.87,0.87,,0.0,0,False
2026-03-30 20:13:30+00:00,,,,,,,,0.87,0.87,,0.0,0,False
2026-03-30 20:14:00+00:00,,,,,,,,0.87,0.87,,0.0,0,False
2026-03-30 20:14:30+00:00,,,,,,,,0.87,0.87,,0.0,0,False
2026-03-30 20:15:00+00:00,,,,,,,,0.87,0.87,,0.0,0,False
2026-03-30 20:15:30+00:00,,,,,,,,0.87,0.87,,0.0,0,False
2026-03-30 20:16:00+00:00,,,,,,,,0.87,0.87,,0.0,0,False
2026-03-30 20:16:30+00:00,,,,,,,,0.87,0.87,,0.0,0,False
2026-03-30 20:17:00+00:00,,,,,,,,0.87,0.87,,0.0,0,False
2026-03-30 20:17:30+00:00,,,,,,,,0.87,0.87,,0.0,0,False
2026-03-30 20:18:00+00:00,,,,,,,,0.87,0.87,,0.0,0,False
2026-03-30 20:18:30+00:00,,,,,,,,0.87,0.87,,0.0,0,False
2026-03-30 20:19:00+00:00,,,,,,,,0.87,0.87,,0.0,0,False
2026-03-30 20:19:30+00:00,,,,,,,,0.87,0.87,,0.0,0,False
2026-03-30 20:20:00+00:00,,,,,,,,0.87,0.87,,0.0,0,False
2026-03-30 20:20:30+00:00,,,,,,,,0.87,0.87,,0.0,0,False
2026-03-30 20:21:00+00:00,,,,,,,,0.87,0.87,,0.0,0,False
2026-03-30 20:21:30+00:00,,,,,,,,0.87,0.87,,0.0,0,False
2026-03-30 20:22:00+00:00,,,,,,,,0.87,0.87,,113.0,1,False
2026-03-30 20:22:30+00:00,,,,,,,,0.87,0.87,,0.0,0,False
2026-03-30 20:23:00+00:00,,,,,,,,0.87,0.87,,0.0,0,False
2026-03-30 20:23:30+00:00,,,,,,,,0.8487499999999999,0.86,,80.0,3,False
2026-03-30 20:24:00+00:00,,,,,,,,0.85,0.86,,4.0,2,False
2026-03-30 20:24:30+00:00,,,,,,,,0.85,0.86,,0.0,0,False
2026-03-30 20:25:00+00:00,,,,,,,,0.8477777777777777,0.86,,90.0,4,False
2026-03-30 20:25:30+00:00,,,,,,,,0.8477777777777777,0.86,,0.0,0,False
2026-03-30 20:26:00+00:00,,,,,,,,0.8477777777777777,0.86,,0.0,0,False
2026-03-30 20:26:30+00:00,,,,,,,,0.8299999999999998,0.83,,10.0,1,False
2026-03-30 20:27:00+00:00,,,,,,,,0.8299999999999998,0.83,,0.0,0,False
2026-03-30 20:27:30+00:00,,,,,,,,0.8299999999999998,0.83,,0.0,0,False
2026-03-30 20:28:00+00:00,,,,,,,,0.8299999999999998,0.83,,0.0,0,False
2026-03-30 20:28:30+00:00,,,,,,,,0.8299999999999998,0.83,,0.0,0,False
2026-03-30 20:29:00+00:00,,,,,,,,0.8299999999999998,0.83,,0.0,0,False
2026-03-30 20:29:30+00:00,,,,,,,,0.8299999999999998,0.83,,0.0,0,False
2026-03-30 20:30:00+00:00,,,,,,,,0.81,0.81,,4.0,1,False
2026-03-30 20:30:30+00:00,,,,,,,,0.81,0.81,,0.0,0,False
2026-03-30 20:31:00+00:00,,,,,,,,0.81,0.81,,0.0,0,False
2026-03-30 20:31:30+00:00,,,,,,,,0.81,0.81,,0.0,0,False
2026-03-30 20:32:00+00:00,,,,,,,,0.81,0.81,,0.0,0,False
2026-03-30 20:32:30+00:00,,,,,,,,0.81,0.81,,0.0,0,False
2026-03-30 20:33:00+00:00,,,,,,,,0.81,0.81,,0.0,0,False
2026-03-30 20:33:30+00:00,,,,,,,,0.81,0.81,,0.0,0,False
2026-03-30 20:34:00+00:00,,,,,,,,0.81,0.81,,0.0,0,False
2026-03-30 20:34:30+00:00,,,,,,,,0.81,0.81,,0.0,0,False
2026-03-30 20:35:00+00:00,,,,,,,,0.81,0.81,,0.0,0,False
2026-03-30 20:35:30+00:00,,,,,,,,0.81,0.81,,0.0,0,False
2026-03-30 20:36:00+00:00,,,,,,,,0.81,0.81,,0.0,0,False
2026-03-30 20:36:30+00:00,,,,,,,,0.81,0.81,,0.0,0,False
2026-03-30 20:37:00+00:00,,,,,,,,0.81,0.81,,0.0,0,False
2026-03-30 20:37:30+00:00,,,,,,,,0.81,0.81,,0.0,0,False
2026-03-30 20:38:00+00:00,,,,,,,,0.81,0.81,,0.0,0,False
2026-03-30 20:38:30+00:00,,,,,,,,0.81,0.81,,0.0,0,False
2026-03-30 20:39:00+00:00,,,,,,,,0.81,0.81,,0.0,0,False
2026-03-30 20:39:30+00:00,,,,,,,,0.81,0.81,,0.0,0,False
2026-03-30 20:40:00+00:00,,,,,,,,0.81,0.81,,0.0,0,False
2026-03-30 20:40:30+00:00,,,,,,,,0.81,0.81,,0.0,0,False
2026-03-30 20:41:00+00:00,,,,,,,,0.81,0.81,,0.0,0,False
2026-03-30 20:41:30+00:00,,,,,,,,0.81,0.81,,0.0,0,False
2026-03-30 20:42:00+00:00,,,,,,,,0.81,0.81,,0.0,0,False
2026-03-30 20:42:30+00:00,,,,,,,,0.81,0.81,,0.0,0,False
2026-03-30 20:43:00+00:00,,,,,,,,0.81,0.81,,0.0,0,False
2026-03-30 20:43:30+00:00,,,,,,,,0.81,0.81,,0.0,0,False
2026-03-30 20:44:00+00:00,,,,,,,,0.81,0.81,,0.0,0,False
2026-03-30 20:44:30+00:00,,,,,,,,0.81,0.81,,0.0,0,False
2026-03-30 20:45:00+00:00,,,,,,,,0.86,0.86,,1.0,1,False
2026-03-30 20:45:30+00:00,,,,,,,,0.86,0.86,,0.0,0,False
2026-03-30 20:46:00+00:00,,,,,,,,0.86,0.86,,0.0,0,False
2026-03-30 20:46:30+00:00,,,,,,,,0.86,0.86,,0.0,0,False
2026-03-30 20:47:00+00:00,,,,,,,,0.86,0.86,,0.0,0,False
2026-03-30 20:47:30+00:00,,,,,,,,0.86,0.86,,0.0,0,False
2026-03-30 20:48:00+00:00,,,,,,,,0.86,0.86,,0.0,0,False
2026-03-30 20:48:30+00:00,,,,,,,,0.86,0.86,,0.0,0,False
2026-03-30 20:49:00+00:00,,,,,,,,0.86,0.86,,0.0,0,False
2026-03-30 20:49:30+00:00,,,,,,,,0.86,0.86,,0.0,0,False
2026-03-30 20:50:00+00:00,,,,,,,,0.86,0.86,,0.0,0,False
2026-03-30 20:50:30+00:00,,,,,,,,0.86,0.86,,0.0,0,False
2026-03-30 20:51:00+00:00,,,,,,,,0.86,0.86,,0.0,0,False
2026-03-30 20:51:30+00:00,,,,,,,,0.86,0.86,,0.0,0,False
2026-03-30 20:52:00+00:00,,,,,,,,0.86,0.86,,0.0,0,False
2026-03-30 20:52:30+00:00,,,,,,,,0.86,0.86,,0.0,0,False
2026-03-30 20:53:00+00:00,,,,,,,,0.86,0.86,,0.0,0,False
2026-03-30 20:53:30+00:00,,,,,,,,0.86,0.86,,0.0,0,False
2026-03-30 20:54:00+00:00,,,,,,,,0.86,0.86,,0.0,0,False
2026-03-30 20:54:30+00:00,,,,,,,,0.86,0.86,,0.0,0,False
2026-03-30 20:55:00+00:00,,,,,,,,0.86,0.86,,0.0,0,False
2026-03-30 20:55:30+00:00,,,,,,,,0.86,0.86,,0.0,0,False
2026-03-30 20:56:00+00:00,,,,,,,,0.86,0.86,,0.0,0,False
2026-03-30 20:56:30+00:00,,,,,,,,0.86,0.86,,0.0,0,False
2026-03-30 20:57:00+00:00,,,,,,,,0.86,0.86,,0.0,0,False
2026-03-30 20:57:30+00:00,,,,,,,,0.86,0.86,,0.0,0,False
2026-03-30 20:58:00+00:00,,,,,,,,0.86,0.86,,0.0,0,False
2026-03-30 20:58:30+00:00,,,,,,,,0.86,0.86,,0.0,0,False
2026-03-30 20:59:00+00:00,,,,,,,,0.86,0.86,,0.0,0,False
2026-03-30 20:59:30+00:00,,,,,,,,0.86,0.86,,0.0,0,False
2026-03-30 21:00:00+00:00,,,,,,,,0.86,0.86,,0.0,0,False
2026-03-30 21:00:30+00:00,,,,,,,,0.86,0.86,,0.0,0,False
2026-03-30 21:01:00+00:00,,,,,,,,0.86,0.86,,0.0,0,False
2026-03-30 21:01:30+00:00,,,,,,,,0.86,0.86,,0.0,0,False
2026-03-30 21:02:00+00:00,,,,,,,,0.86,0.86,,0.0,0,False
2026-03-30 21:02:30+00:00,,,,,,,,0.86,0.86,,0.0,0,False
2026-03-30 21:03:00+00:00,,,,,,,,0.86,0.86,,0.0,0,False
2026-03-30 21:03:30+00:00,,,,,,,,0.86,0.86,,0.0,0,False
2026-03-30 21:04:00+00:00,,,,,,,,0.86,0.86,,0.0,0,False
2026-03-30 21:04:30+00:00,,,,,,,,0.86,0.86,,0.0,0,False
2026-03-30 21:05:00+00:00,,,,,,,,0.86,0.86,,0.0,0,False
2026-03-30 21:05:30+00:00,,,,,,,,0.86,0.86,,0.0,0,False
2026-03-30 21:06:00+00:00,,,,,,,,0.86,0.86,,0.0,0,False
2026-03-30 21:06:30+00:00,,,,,,,,0.86,0.86,,0.0,0,False
2026-03-30 21:07:00+00:00,,,,,,,,0.86,0.86,,0.0,0,False
2026-03-30 21:07:30+00:00,,,,,,,,0.86,0.86,,0.0,0,False
2026-03-30 21:08:00+00:00,,,,,,,,0.86,0.86,,0.0,0,False
2026-03-30 21:08:30+00:00,,,,,,,,0.86,0.86,,0.0,0,False
2026-03-30 21:09:00+00:00,,,,,,,,0.86,0.86,,0.0,0,False
2026-03-30 21:09:30+00:00,,,,,,,,0.86,0.86,,0.0,0,False
2026-03-30 21:10:00+00:00,,,,,,,,0.86,0.86,,0.0,0,False
2026-03-30 21:10:30+00:00,,,,,,,,0.86,0.86,,0.0,0,False
2026-03-30 21:11:00+00:00,,,,,,,,0.86,0.86,,0.0,0,False
2026-03-30 21:11:30+00:00,,,,,,,,0.86,0.86,,0.0,0,False
2026-03-30 21:12:00+00:00,,,,,,,,0.86,0.86,,0.0,0,False
2026-03-30 21:12:30+00:00,,,,,,,,0.86,0.86,,0.0,0,False
2026-03-30 21:13:00+00:00,,,,,,,,0.86,0.86,,0.0,0,False
2026-03-30 21:13:30+00:00,,,,,,,,0.86,0.86,,0.0,0,False
2026-03-30 21:14:00+00:00,,,,,,,,0.86,0.86,,0.0,0,False
2026-03-30 21:14:30+00:00,,,,,,,,0.86,0.86,,0.0,0,False
2026-03-30 21:15:00+00:00,,,,,,,,0.86,0.86,,0.0,0,False
2026-03-30 21:15:30+00:00,,,,,,,,0.86,0.86,,0.0,0,False
2026-03-30 21:16:00+00:00,,,,,,,,0.86,0.86,,0.0,0,False
2026-03-30 21:16:30+00:00,,,,,,,,0.86,0.86,,0.0,0,False
2026-03-30 21:17:00+00:00,,,,,,,,0.86,0.86,,0.0,0,False
2026-03-30 21:17:30+00:00,,,,,,,,0.86,0.86,,0.0,0,False
2026-03-30 21:18:00+00:00,,,,,,,,0.86,0.86,,0.0,0,False
2026-03-30 21:18:30+00:00,,,,,,,,0.86,0.86,,0.0,0,False
2026-03-30 21:19:00+00:00,,,,,,,,0.86,0.86,,0.0,0,False
2026-03-30 21:19:30+00:00,,,,,,,,0.86,0.86,,0.0,0,False
2026-03-30 21:20:00+00:00,,,,,,,,0.86,0.86,,0.0,0,False
2026-03-30 21:20:30+00:00,,,,,,,,0.86,0.86,,0.0,0,False
2026-03-30 21:21:00+00:00,,,,,,,,0.83,0.83,,1.0,1,False
2026-03-30 21:21:30+00:00,,,,,,,,0.83,0.83,,0.0,0,False
2026-03-30 21:22:00+00:00,,,,,,,,0.83,0.83,,0.0,0,False
2026-03-30 21:22:30+00:00,,,,,,,,0.83,0.83,,0.0,0,False
2026-03-30 21:23:00+00:00,,,,,,,,0.83,0.83,,0.0,0,False
2026-03-30 21:23:30+00:00,,,,,,,,0.83,0.83,,0.0,0,False
2026-03-30 21:24:00+00:00,,,,,,,,0.83,0.83,,0.0,0,False
2026-03-30 21:24:30+00:00,,,,,,,,0.83,0.83,,0.0,0,False
2026-03-30 21:25:00+00:00,,,,,,,,0.83,0.83,,0.0,0,False
2026-03-30 21:25:30+00:00,,,,,,,,0.83,0.83,,0.0,0,False
2026-03-30 21:26:00+00:00,,,,,,,,0.83,0.83,,0.0,0,False
2026-03-30 21:26:30+00:00,,,,,,,,0.83,0.83,,0.0,0,False
2026-03-30 21:27:00+00:00,,,,,,,,0.83,0.83,,0.0,0,False
2026-03-30 21:27:30+00:00,,,,,,,,0.83,0.83,,0.0,0,False
2026-03-30 21:28:00+00:00,,,,,,,,0.83,0.83,,0.0,0,False
2026-03-30 21:28:30+00:00,,,,,,,,0.83,0.83,,0.0,0,False
2026-03-30 21:29:00+00:00,,,,,,,,0.83,0.83,,0.0,0,False
2026-03-30 21:29:30+00:00,,,,,,,,0.83,0.83,,0.0,0,False
2026-03-30 21:30:00+00:00,,,,,,,,0.83,0.83,,0.0,0,False
2026-03-30 21:30:30+00:00,,,,,,,,0.83,0.83,,24.0,1,False
2026-03-30 21:31:00+00:00,,,,,,,,0.83,0.83,,0.0,0,False
2026-03-30 21:31:30+00:00,,,,,,,,0.83,0.83,,0.0,0,False
2026-03-30 21:32:00+00:00,,,,,,,,0.83,0.83,,0.0,0,False
2026-03-30 21:32:30+00:00,,,,,,,,0.83,0.83,,0.0,0,False
2026-03-30 21:33:00+00:00,,,,,,,,0.83,0.83,,0.0,0,False
2026-03-30 21:33:30+00:00,,,,,,,,0.83,0.83,,0.0,0,False
2026-03-30 21:34:00+00:00,,,,,,,,0.83,0.83,,0.0,0,False
2026-03-30 21:34:30+00:00,,,,,,,,0.83,0.83,,0.0,0,False
2026-03-30 21:35:00+00:00,,,,,,,,0.83,0.83,,0.0,0,False
2026-03-30 21:35:30+00:00,,,,,,,,0.83,0.83,,0.0,0,False
2026-03-30 21:36:00+00:00,,,,,,,,0.83,0.83,,0.0,0,False
2026-03-30 21:36:30+00:00,,,,,,,,0.83,0.83,,0.0,0,False
2026-03-30 21:37:00+00:00,,,,,,,,0.83,0.83,,0.0,0,False
2026-03-30 21:37:30+00:00,,,,,,,,0.83,0.83,,0.0,0,False
2026-03-30 21:38:00+00:00,,,,,,,,0.83,0.83,,0.0,0,False
2026-03-30 21:38:30+00:00,,,,,,,,0.83,0.83,,0.0,0,False
2026-03-30 21:39:00+00:00,,,,,,,,0.83,0.83,,0.0,0,False
2026-03-30 21:39:30+00:00,,,,,,,,0.83,0.83,,0.0,0,False
2026-03-30 21:40:00+00:00,,,,,,,,0.83,0.83,,0.0,0,False
2026-03-30 21:40:30+00:00,,,,,,,,0.86,0.86,,9.0,1,False
2026-03-30 21:41:00+00:00,,,,,,,,0.86,0.86,,0.0,0,False
2026-03-30 21:41:30+00:00,,,,,,,,0.86,0.86,,0.0,0,False
2026-03-30 21:42:00+00:00,,,,,,,,0.86,0.86,,0.0,0,False
2026-03-30 21:42:30+00:00,,,,,,,,0.86,0.86,,0.0,0,False
2026-03-30 21:43:00+00:00,,,,,,,,0.86,0.86,,0.0,0,False
2026-03-30 21:43:30+00:00,,,,,,,,0.86,0.86,,1.0,1,False
2026-03-30 21:44:00+00:00,,,,,,,,0.86,0.86,,0.0,0,False
2026-03-30 21:44:30+00:00,,,,,,,,0.86,0.86,,0.0,0,False
2026-03-30 21:45:00+00:00,,,,,,,,0.86,0.86,,0.0,0,False
2026-03-30 21:45:30+00:00,,,,,,,,0.86,0.86,,0.0,0,False
2026-03-30 21:46:00+00:00,,,,,,,,0.86,0.86,,0.0,0,False
2026-03-30 21:46:30+00:00,,,,,,,,0.86,0.86,,0.0,0,False
2026-03-30 21:47:00+00:00,,,,,,,,0.86,0.86,,0.0,0,False
2026-03-30 21:47:30+00:00,,,,,,,,0.86,0.86,,0.0,0,False
2026-03-30 21:48:00+00:00,,,,,,,,0.86,0.86,,0.0,0,False
2026-03-30 21:48:30+00:00,,,,,,,,0.86,0.86,,0.0,0,False
2026-03-30 21:49:00+00:00,,,,,,,,0.86,0.86,,0.0,0,False
2026-03-30 21:49:30+00:00,,,,,,,,0.86,0.86,,0.0,0,False
2026-03-30 21:50:00+00:00,,,,,,,,0.86,0.86,,0.0,0,False
2026-03-30 21:50:30+00:00,,,,,,,,0.86,0.86,,0.0,0,False
2026-03-30 21:51:00+00:00,,,,,,,,0.86,0.86,,0.0,0,False
2026-03-30 21:51:30+00:00,,,,,,,,0.86,0.86,,0.0,0,False
2026-03-30 21:52:00+00:00,,,,,,,,0.86,0.86,,0.0,0,False
2026-03-30 21:52:30+00:00,,,,,,,,0.86,0.86,,0.0,0,False
2026-03-30 21:53:00+00:00,,,,,,,,0.86,0.86,,0.0,0,False
2026-03-30 21:53:30+00:00,,,,,,,,0.86,0.86,,0.0,0,False
2026-03-30 21:54:00+00:00,,,,,,,,0.86,0.86,,0.0,0,False
2026-03-30 21:54:30+00:00,,,,,,,,0.86,0.86,,0.0,0,False
2026-03-30 21:55:00+00:00,,,,,,,,0.86,0.86,,0.0,0,False
2026-03-30 21:55:30+00:00,,,,,,,,0.86,0.86,,0.0,0,False
2026-03-30 21:56:00+00:00,,,,,,,,0.86,0.86,,0.0,0,False
2026-03-30 21:56:30+00:00,,,,,,,,0.86,0.86,,0.0,0,False
2026-03-30 21:57:00+00:00,,,,,,,,0.86,0.86,,0.0,0,False
2026-03-30 21:57:30+00:00,,,,,,,,0.86,0.86,,0.0,0,False
2026-03-30 21:58:00+00:00,,,,,,,,0.86,0.86,,0.0,0,False
2026-03-30 21:58:30+00:00,,,,,,,,0.86,0.86,,0.0,0,False
2026-03-30 21:59:00+00:00,,,,,,,,0.86,0.86,,0.0,0,False
2026-03-30 21:59:30+00:00,,,,,,,,0.86,0.86,,0.0,0,False
2026-03-30 22:00:00+00:00,,,,,,,,0.86,0.86,,0.0,0,False
2026-03-30 22:00:30+00:00,,,,,,,,0.86,0.86,,0.0,0,False
2026-03-30 22:01:00+00:00,,,,,,,,0.86,0.86,,0.0,0,False
2026-03-30 22:01:30+00:00,,,,,,,,0.86,0.86,,0.0,0,False
2026-03-30 22:02:00+00:00,,,,,,,,0.86,0.86,,0.0,0,False
2026-03-30 22:02:30+00:00,,,,,,,,0.86,0.86,,0.0,0,False
2026-03-30 22:03:00+00:00,,,,,,,,0.86,0.86,,0.0,0,False
2026-03-30 22:03:30+00:00,,,,,,,,0.86,0.86,,0.0,0,False
2026-03-30 22:04:00+00:00,,,,,,,,0.86,0.86,,0.0,0,False
2026-03-30 22:04:30+00:00,,,,,,,,0.86,0.86,,0.0,0,False
2026-03-30 22:05:00+00:00,,,,,,,,0.86,0.86,,0.0,0,False
2026-03-30 22:05:30+00:00,,,,,,,,0.86,0.86,,0.0,0,False
2026-03-30 22:06:00+00:00,,,,,,,,0.86,0.86,,0.0,0,False
2026-03-30 22:06:30+00:00,,,,,,,,0.86,0.86,,0.0,0,False
2026-03-30 22:07:00+00:00,,,,,,,,0.85,0.85,,29.0,1,False
2026-03-30 22:07:30+00:00,,,,,,,,0.85,0.85,,0.0,0,False
2026-03-30 22:08:00+00:00,,,,,,,,0.85,0.85,,0.0,0,False
2026-03-30 22:08:30+00:00,,,,,,,,0.85,0.85,,0.0,0,False
2026-03-30 22:09:00+00:00,,,,,,,,0.85,0.85,,0.0,0,False
2026-03-30 22:09:30+00:00,,,,,,,,0.85,0.85,,0.0,0,False
2026-03-30 22:10:00+00:00,,,,,,,,0.85,0.85,,0.0,0,False
2026-03-30 22:10:30+00:00,,,,,,,,0.85,0.85,,0.0,0,False
2026-03-30 22:11:00+00:00,,,,,,,,0.85,0.85,,0.0,0,False
2026-03-30 22:11:30+00:00,,,,,,,,0.85,0.85,,0.0,0,False
2026-03-30 22:12:00+00:00,,,,,,,,0.85,0.85,,0.0,0,False
2026-03-30 22:12:30+00:00,,,,,,,,0.85,0.85,,0.0,0,False
2026-03-30 22:13:00+00:00,,,,,,,,0.85,0.85,,0.0,0,False
2026-03-30 22:13:30+00:00,,,,,,,,0.85,0.85,,0.0,0,False
2026-03-30 22:14:00+00:00,,,,,,,,0.85,0.85,,0.0,0,False
2026-03-30 22:14:30+00:00,,,,,,,,0.85,0.85,,0.0,0,False
2026-03-30 22:15:00+00:00,,,,,,,,0.85,0.85,,0.0,0,False
2026-03-30 22:15:30+00:00,,,,,,,,0.85,0.85,,0.0,0,False
2026-03-30 22:16:00+00:00,,,,,,,,0.85,0.85,,0.0,0,False
2026-03-30 22:16:30+00:00,,,,,,,,0.85,0.85,,0.0,0,False
2026-03-30 22:17:00+00:00,,,,,,,,0.85,0.85,,0.0,0,False
2026-03-30 22:17:30+00:00,,,,,,,,0.85,0.85,,0.0,0,False
2026-03-30 22:18:00+00:00,,,,,,,,0.85,0.85,,0.0,0,False
2026-03-30 22:18:30+00:00,,,,,,,,0.85,0.85,,0.0,0,False
2026-03-30 22:19:00+00:00,,,,,,,,0.85,0.85,,0.0,0,False
2026-03-30 22:19:30+00:00,,,,,,,,0.85,0.85,,0.0,0,False
2026-03-30 22:20:00+00:00,,,,,,,,0.85,0.85,,0.0,0,False
2026-03-30 22:20:30+00:00,,,,,,,,0.85,0.85,,0.0,0,False
2026-03-30 22:21:00+00:00,,,,,,,,0.85,0.85,,0.0,0,False
2026-03-30 22:21:30+00:00,,,,,,,,0.85,0.85,,0.0,0,False
2026-03-30 22:22:00+00:00,,,,,,,,0.85,0.85,,0.0,0,False
2026-03-30 22:22:30+00:00,,,,,,,,0.85,0.85,,0.0,0,False
2026-03-30 22:23:00+00:00,,,,,,,,0.85,0.85,,0.0,0,False
2026-03-30 22:23:30+00:00,,,,,,,,0.85,0.85,,0.0,0,False
2026-03-30 22:24:00+00:00,,,,,,,,0.85,0.85,,0.0,0,False
2026-03-30 22:24:30+00:00,,,,,,,,0.85,0.85,,0.0,0,False
2026-03-30 22:25:00+00:00,,,,,,,,0.85,0.85,,0.0,0,False
2026-03-30 22:25:30+00:00,,,,,,,,0.85,0.85,,0.0,0,False
2026-03-30 22:26:00+00:00,,,,,,,,0.85,0.85,,0.0,0,False
2026-03-30 22:26:30+00:00,,,,,,,,0.85,0.85,,0.0,0,False
2026-03-30 22:27:00+00:00,,,,,,,,0.85,0.85,,0.0,0,False
2026-03-30 22:27:30+00:00,,,,,,,,0.86,0.86,,34.0,1,False
2026-03-30 22:28:00+00:00,,,,,,,,0.86,0.86,,0.0,0,False
2026-03-30 22:28:30+00:00,,,,,,,,0.86,0.86,,0.0,0,False
2026-03-30 22:29:00+00:00,,,,,,,,0.86,0.86,,0.0,0,False
2026-03-30 22:29:30+00:00,,,,,,,,0.86,0.86,,0.0,0,False
2026-03-30 22:30:00+00:00,,,,,,,,0.86,0.86,,0.0,0,False
2026-03-30 22:30:30+00:00,,,,,,,,0.86,0.86,,0.0,0,False
2026-03-30 22:31:00+00:00,,,,,,,,0.86,0.86,,0.0,0,False
2026-03-30 22:31:30+00:00,,,,,,,,0.86,0.86,,0.0,0,False
2026-03-30 22:32:00+00:00,,,,,,,,0.86,0.86,,0.0,0,False
2026-03-30 22:32:30+00:00,,,,,,,,0.86,0.86,,0.0,0,False
2026-03-30 22:33:00+00:00,,,,,,,,0.86,0.86,,0.0,0,False
2026-03-30 22:33:30+00:00,,,,,,,,0.86,0.86,,0.0,0,False
2026-03-30 22:34:00+00:00,,,,,,,,0.86,0.86,,0.0,0,False
2026-03-30 22:34:30+00:00,,,,,,,,0.86,0.86,,0.0,0,False
2026-03-30 22:35:00+00:00,,,,,,,,0.86,0.86,,0.0,0,False
2026-03-30 22:35:30+00:00,,,,,,,,0.86,0.86,,0.0,0,False
2026-03-30 22:36:00+00:00,,,,,,,,0.86,0.86,,0.0,0,False
2026-03-30 22:36:30+00:00,,,,,,,,0.86,0.86,,0.0,0,False
2026-03-30 22:37:00+00:00,,,,,,,,0.86,0.86,,0.0,0,False
2026-03-30 22:37:30+00:00,,,,,,,,0.86,0.86,,0.0,0,False
2026-03-30 22:38:00+00:00,,,,,,,,0.86,0.86,,0.0,0,False
2026-03-30 22:38:30+00:00,,,,,,,,0.86,0.86,,0.0,0,False
2026-03-30 22:39:00+00:00,,,,,,,,0.86,0.86,,0.0,0,False
2026-03-30 22:39:30+00:00,,,,,,,,0.86,0.86,,0.0,0,False
2026-03-30 22:40:00+00:00,,,,,,,,0.86,0.86,,0.0,0,False
2026-03-30 22:40:30+00:00,,,,,,,,0.86,0.86,,0.0,0,False
2026-03-30 22:41:00+00:00,,,,,,,,0.86,0.86,,0.0,0,False
2026-03-30 22:41:30+00:00,,,,,,,,0.86,0.86,,0.0,0,False
2026-03-30 22:42:00+00:00,,,,,,,,0.86,0.86,,0.0,0,False
2026-03-30 22:42:30+00:00,,,,,,,,0.86,0.86,,0.0,0,False
2026-03-30 22:43:00+00:00,,,,,,,,0.86,0.86,,0.0,0,False
2026-03-30 22:43:30+00:00,,,,,,,,0.86,0.86,,0.0,0,False
2026-03-30 22:44:00+00:00,,,,,,,,0.86,0.86,,0.0,0,False
2026-03-30 22:44:30+00:00,,,,,,,,0.86,0.86,,0.0,0,False
2026-03-30 22:45:00+00:00,,,,,,,,0.86,0.86,,0.0,0,False
2026-03-30 22:45:30+00:00,,,,,,,,0.86,0.86,,0.0,0,False
2026-03-30 22:46:00+00:00,,,,,,,,0.86,0.86,,0.0,0,False
2026-03-30 22:46:30+00:00,,,,,,,,0.86,0.86,,0.0,0,False
2026-03-30 22:47:00+00:00,,,,,,,,0.86,0.86,,4.0,1,False
2026-03-30 22:47:30+00:00,,,,,,,,0.86,0.86,,0.0,0,False
2026-03-30 22:48:00+00:00,,,,,,,,0.86,0.86,,0.0,0,False
2026-03-30 22:48:30+00:00,,,,,,,,0.86,0.86,,0.0,0,False
2026-03-30 22:49:00+00:00,,,,,,,,0.86,0.86,,0.0,0,False
2026-03-30 22:49:30+00:00,,,,,,,,0.86,0.86,,0.0,0,False
2026-03-30 22:50:00+00:00,,,,,,,,0.86,0.86,,0.0,0,False
2026-03-30 22:50:30+00:00,,,,,,,,0.86,0.86,,0.0,0,False
2026-03-30 22:51:00+00:00,,,,,,,,0.86,0.86,,0.0,0,False
2026-03-30 22:51:30+00:00,,,,,,,,0.86,0.86,,0.0,0,False
2026-03-30 22:52:00+00:00,,,,,,,,0.86,0.86,,0.0,0,False
2026-03-30 22:52:30+00:00,,,,,,,,0.86,0.86,,0.0,0,False
2026-03-30 22:53:00+00:00,,,,,,,,0.86,0.86,,0.0,0,False
2026-03-30 22:53:30+00:00,,,,,,,,0.86,0.86,,0.0,0,False
2026-03-30 22:54:00+00:00,,,,,,,,0.86,0.86,,0.0,0,False
2026-03-30 22:54:30+00:00,,,,,,,,0.86,0.86,,0.0,0,False
2026-03-30 22:55:00+00:00,,,,,,,,0.86,0.86,,0.0,0,False
2026-03-30 22:55:30+00:00,,,,,,,,0.86,0.86,,0.0,0,False
2026-03-30 22:56:00+00:00,,,,,,,,0.86,0.86,,0.0,0,False
2026-03-30 22:56:30+00:00,,,,,,,,0.86,0.86,,0.0,0,False
2026-03-30 22:57:00+00:00,,,,,,,,0.86,0.86,,0.0,0,False
2026-03-30 22:57:30+00:00,,,,,,,,0.86,0.86,,0.0,0,False
2026-03-30 22:58:00+00:00,,,,,,,,0.86,0.86,,0.0,0,False
2026-03-30 22:58:30+00:00,,,,,,,,0.86,0.86,,0.0,0,False
2026-03-30 22:59:00+00:00,,,,,,,,0.86,0.86,,0.0,0,False
2026-03-30 22:59:30+00:00,,,,,,,,0.86,0.86,,0.0,0,False
2026-03-30 23:00:00+00:00,,,,,,,,0.86,0.86,,0.0,0,False
2026-03-30 23:00:30+00:00,,,,,,,,0.86,0.86,,0.0,0,False
2026-03-30 23:01:00+00:00,,,,,,,,0.86,0.86,,0.0,0,False
2026-03-30 23:01:30+00:00,,,,,,,,0.86,0.86,,0.0,0,False
2026-03-30 23:02:00+00:00,,,,,,,,0.86,0.86,,0.0,0,False
2026-03-30 23:02:30+00:00,,,,,,,,0.86,0.86,,0.0,0,False
2026-03-30 23:03:00+00:00,,,,,,,,0.86,0.86,,0.0,0,False
2026-03-30 23:03:30+00:00,,,,,,,,0.86,0.86,,0.0,0,False
2026-03-30 23:04:00+00:00,,,,,,,,0.86,0.86,,0.0,0,False
2026-03-30 23:04:30+00:00,,,,,,,,0.86,0.86,,0.0,0,False
2026-03-30 23:05:00+00:00,,,,,,,,0.86,0.86,,0.0,0,False
2026-03-30 23:05:30+00:00,,,,,,,,0.86,0.86,,0.0,0,False
2026-03-30 23:06:00+00:00,,,,,,,,0.86,0.86,,0.0,0,False
2026-03-30 23:06:30+00:00,,,,,,,,0.86,0.86,,0.0,0,False
2026-03-30 23:07:00+00:00,,,,,,,,0.86,0.86,,0.0,0,False
2026-03-30 23:07:30+00:00,,,,,,,,0.86,0.86,,0.0,0,False
2026-03-30 23:08:00+00:00,,,,,,,,0.86,0.86,,0.0,0,False
2026-03-30 23:08:30+00:00,,,,,,,,0.86,0.86,,0.0,0,False
2026-03-30 23:09:00+00:00,,,,,,,,0.86,0.86,,0.0,0,False
2026-03-30 23:09:30+00:00,,,,,,,,0.86,0.86,,0.0,0,False
2026-03-30 23:10:00+00:00,,,,,,,,0.86,0.86,,0.0,0,False
2026-03-30 23:10:30+00:00,,,,,,,,0.86,0.86,,0.0,0,False
2026-03-30 23:11:00+00:00,,,,,,,,0.86,0.86,,0.0,0,False
2026-03-30 23:11:30+00:00,,,,,,,,0.86,0.86,,0.0,0,False
2026-03-30 23:12:00+00:00,,,,,,,,0.86,0.86,,0.0,0,False
2026-03-30 23:12:30+00:00,,,,,,,,0.86,0.86,,0.0,0,False
2026-03-30 23:13:00+00:00,,,,,,,,0.86,0.86,,0.0,0,False
2026-03-30 23:13:30+00:00,,,,,,,,0.86,0.86,,0.0,0,False
2026-03-30 23:14:00+00:00,,,,,,,,0.86,0.86,,0.0,0,False
2026-03-30 23:14:30+00:00,,,,,,,,0.86,0.86,,0.0,0,False
2026-03-30 23:15:00+00:00,,,,,,,,0.86,0.86,,0.0,0,False
2026-03-30 23:15:30+00:00,,,,,,,,0.86,0.86,,0.0,0,False
2026-03-30 23:16:00+00:00,,,,,,,,0.86,0.86,,0.0,0,False
2026-03-30 23:16:30+00:00,,,,,,,,0.86,0.86,,0.0,0,False
2026-03-30 23:17:00+00:00,,,,,,,,0.86,0.86,,0.0,0,False
2026-03-30 23:17:30+00:00,,,,,,,,0.86,0.86,,0.0,0,False
2026-03-30 23:18:00+00:00,,,,,,,,0.86,0.86,,0.0,0,False
2026-03-30 23:18:30+00:00,,,,,,,,0.86,0.86,,0.0,0,False
2026-03-30 23:19:00+00:00,,,,,,,,0.86,0.86,,0.0,0,False
2026-03-30 23:19:30+00:00,,,,,,,,0.86,0.86,,0.0,0,False
2026-03-30 23:20:00+00:00,,,,,,,,0.86,0.86,,0.0,0,False
2026-03-30 23:20:30+00:00,,,,,,,,0.86,0.86,,0.0,0,False
2026-03-30 23:21:00+00:00,,,,,,,,0.86,0.86,,0.0,0,False
2026-03-30 23:21:30+00:00,,,,,,,,0.86,0.86,,0.0,0,False
2026-03-30 23:22:00+00:00,,,,,,,,0.86,0.86,,0.0,0,False
2026-03-30 23:22:30+00:00,,,,,,,,0.86,0.86,,0.0,0,False
2026-03-30 23:23:00+00:00,,,,,,,,0.86,0.86,,0.0,0,False
2026-03-30 23:23:30+00:00,,,,,,,,0.86,0.86,,0.0,0,False
2026-03-30 23:24:00+00:00,,,,,,,,0.86,0.86,,0.0,0,False
2026-03-30 23:24:30+00:00,,,,,,,,0.86,0.86,,0.0,0,False
2026-03-30 23:25:00+00:00,,,,,,,,0.86,0.86,,0.0,0,False
2026-03-30 23:25:30+00:00,,,,,,,,0.86,0.86,,0.0,0,False
2026-03-30 23:26:00+00:00,,,,,,,,0.86,0.86,,0.0,0,False
2026-03-30 23:26:30+00:00,,,,,,,,0.86,0.86,,0.0,0,False
2026-03-30 23:27:00+00:00,,,,,,,,0.86,0.86,,0.0,0,False
2026-03-30 23:27:30+00:00,,,,,,,,0.86,0.86,,0.0,0,False
2026-03-30 23:28:00+00:00,,,,,,,,0.86,0.86,,0.0,0,False
2026-03-30 23:28:30+00:00,,,,,,,,0.86,0.86,,0.0,0,False
2026-03-30 23:29:00+00:00,,,,,,,,0.86,0.86,,0.0,0,False
2026-03-30 23:29:30+00:00,,,,,,,,0.86,0.86,,0.0,0,False
2026-03-30 23:30:00+00:00,,,,,,,,0.86,0.86,,0.0,0,False
2026-03-30 23:30:30+00:00,,,,,,,,0.86,0.86,,0.0,0,False
2026-03-30 23:31:00+00:00,,,,,,,,0.86,0.86,,0.0,0,False
2026-03-30 23:31:30+00:00,,,,,,,,0.86,0.86,,0.0,0,False
2026-03-30 23:32:00+00:00,,,,,,,,0.86,0.86,,0.0,0,False
2026-03-30 23:32:30+00:00,,,,,,,,0.86,0.86,,0.0,0,False
2026-03-30 23:33:00+00:00,,,,,,,,0.86,0.86,,0.0,0,False
2026-03-30 23:33:30+00:00,,,,,,,,0.8600000000000001,0.86,,45.0,1,False
2026-03-30 23:34:00+00:00,,,,,,,,0.8600000000000001,0.86,,0.0,0,False
2026-03-30 23:34:30+00:00,,,,,,,,0.8600000000000001,0.86,,0.0,0,False
2026-03-30 23:35:00+00:00,,,,,,,,0.8600000000000001,0.86,,0.0,0,False
2026-03-30 23:35:30+00:00,,,,,,,,0.8600000000000001,0.86,,0.0,0,False
2026-03-30 23:36:00+00:00,,,,,,,,0.8600000000000001,0.86,,0.0,0,False
2026-03-30 23:36:30+00:00,,,,,,,,0.8600000000000001,0.86,,0.0,0,False
2026-03-30 23:37:00+00:00,,,,,,,,0.8600000000000001,0.86,,0.0,0,False
2026-03-30 23:37:30+00:00,,,,,,,,0.8600000000000001,0.86,,0.0,0,False
2026-03-30 23:38:00+00:00,,,,,,,,0.8600000000000001,0.86,,0.0,0,False
2026-03-30 23:38:30+00:00,,,,,,,,0.87,0.87,,1.0,1,False
2026-03-30 23:39:00+00:00,,,,,,,,0.87,0.87,,0.0,0,False
2026-03-30 23:39:30+00:00,,,,,,,,0.87,0.87,,0.0,0,False
2026-03-30 23:40:00+00:00,,,,,,,,0.87,0.87,,0.0,0,False
2026-03-30 23:40:30+00:00,,,,,,,,0.87,0.87,,0.0,0,False
2026-03-30 23:41:00+00:00,,,,,,,,0.87,0.87,,0.0,0,False
2026-03-30 23:41:30+00:00,,,,,,,,0.87,0.87,,0.0,0,False
2026-03-30 23:42:00+00:00,,,,,,,,0.87,0.87,,0.0,0,False
2026-03-30 23:42:30+00:00,,,,,,,,0.87,0.87,,0.0,0,False
2026-03-30 23:43:00+00:00,,,,,,,,0.87,0.87,,0.0,0,False
2026-03-30 23:43:30+00:00,,,,,,,,0.87,0.87,,0.0,0,False
2026-03-30 23:44:00+00:00,,,,,,,,0.87,0.87,,0.0,0,False
2026-03-30 23:44:30+00:00,,,,,,,,0.87,0.87,,0.0,0,False
2026-03-30 23:45:00+00:00,,,,,,,,0.87,0.87,,0.0,0,False
2026-03-30 23:45:30+00:00,,,,,,,,0.87,0.87,,0.0,0,False
2026-03-30 23:46:00+00:00,,,,,,,,0.87,0.87,,0.0,0,False
2026-03-30 23:46:30+00:00,,,,,,,,0.87,0.87,,0.0,0,False
2026-03-30 23:47:00+00:00,,,,,,,,0.87,0.87,,0.0,0,False
2026-03-30 23:47:30+00:00,,,,,,,,0.87,0.87,,0.0,0,False
2026-03-30 23:48:00+00:00,,,,,,,,0.87,0.87,,0.0,0,False
2026-03-30 23:48:30+00:00,,,,,,,,0.86,0.86,,6.0,1,False
2026-03-30 23:49:00+00:00,,,,,,,,0.86,0.86,,0.0,0,False
2026-03-30 23:49:30+00:00,,,,,,,,0.86,0.86,,0.0,0,False
2026-03-30 23:50:00+00:00,,,,,,,,0.86,0.86,,0.0,0,False
2026-03-30 23:50:30+00:00,,,,,,,,0.86,0.86,,0.0,0,False
2026-03-30 23:51:00+00:00,,,,,,,,0.86,0.86,,0.0,0,False
2026-03-30 23:51:30+00:00,,,,,,,,0.86,0.86,,0.0,0,False
2026-03-30 23:52:00+00:00,,,,,,,,0.86,0.86,,0.0,0,False
2026-03-30 23:52:30+00:00,,,,,,,,0.86,0.86,,0.0,0,False
2026-03-30 23:53:00+00:00,,,,,,,,0.86,0.86,,0.0,0,False
2026-03-30 23:53:30+00:00,,,,,,,,0.86,0.86,,0.0,0,False
2026-03-30 23:54:00+00:00,,,,,,,,0.86,0.86,,0.0,0,False
2026-03-30 23:54:30+00:00,,,,,,,,0.86,0.86,,0.0,0,False
2026-03-30 23:55:00+00:00,,,,,,,,0.86,0.86,,0.0,0,False
2026-03-30 23:55:30+00:00,,,,,,,,0.86,0.86,,0.0,0,False
2026-03-30 23:56:00+00:00,,,,,,,,0.86,0.86,,0.0,0,False
2026-03-30 23:56:30+00:00,,,,,,,,0.86,0.86,,0.0,0,False
2026-03-30 23:57:00+00:00,,,,,,,,0.86,0.86,,0.0,0,False
2026-03-30 23:57:30+00:00,,,,,,,,0.86,0.86,,0.0,0,False
2026-03-30 23:58:00+00:00,,,,,,,,0.86,0.86,,0.0,0,False
2026-03-30 23:58:30+00:00,,,,,,,,0.86,0.86,,0.0,0,False
2026-03-30 23:59:00+00:00,,,,,,,,0.86,0.86,,0.0,0,False
2026-03-30 23:59:30+00:00,,,,,,,,0.86,0.86,,0.0,0,False
2026-03-31 00:00:00+00:00,,,,,,,,0.86,0.86,,0.0,0,False
2026-03-31 00:00:30+00:00,,,,,,,,0.86,0.86,,0.0,0,False
2026-03-31 00:01:00+00:00,,,,,,,,0.86,0.86,,0.0,0,False
2026-03-31 00:01:30+00:00,,,,,,,,0.86,0.86,,0.0,0,False
2026-03-31 00:02:00+00:00,,,,,,,,0.86,0.86,,0.0,0,False
2026-03-31 00:02:30+00:00,,,,,,,,0.86,0.86,,0.0,0,False
2026-03-31 00:03:00+00:00,,,,,,,,0.86,0.86,,0.0,0,False
2026-03-31 00:03:30+00:00,,,,,,,,0.86,0.86,,0.0,0,False
2026-03-31 00:04:00+00:00,,,,,,,,0.86,0.86,,0.0,0,False
2026-03-31 00:04:30+00:00,,,,,,,,0.86,0.86,,0.0,0,False
2026-03-31 00:05:00+00:00,,,,,,,,0.86,0.86,,0.0,0,False
2026-03-31 00:05:30+00:00,,,,,,,,0.86,0.86,,0.0,0,False
2026-03-31 00:06:00+00:00,,,,,,,,0.86,0.86,,0.0,0,False
2026-03-31 00:06:30+00:00,,,,,,,,0.8699999999999999,0.87,,10.0,1,False
2026-03-31 00:07:00+00:00,,,,,,,,0.8699999999999999,0.87,,0.0,0,False
2026-03-31 00:07:30+00:00,,,,,,,,0.8699999999999999,0.87,,0.0,0,False
2026-03-31 00:08:00+00:00,,,,,,,,0.8699999999999999,0.87,,0.0,0,False
2026-03-31 00:08:30+00:00,,,,,,,,0.8699999999999999,0.87,,0.0,0,False
2026-03-31 00:09:00+00:00,,,,,,,,0.8699999999999999,0.87,,0.0,0,False
2026-03-31 00:09:30+00:00,,,,,,,,0.8699999999999999,0.87,,0.0,0,False
2026-03-31 00:10:00+00:00,,,,,,,,0.8699999999999999,0.87,,0.0,0,False
2026-03-31 00:10:30+00:00,,,,,,,,0.8699999999999999,0.87,,0.0,0,False
2026-03-31 00:11:00+00:00,,,,,,,,0.8699999999999999,0.87,,0.0,0,False
2026-03-31 00:11:30+00:00,,,,,,,,0.8699999999999999,0.87,,0.0,0,False
2026-03-31 00:12:00+00:00,,,,,,,,0.8699999999999999,0.87,,0.0,0,False
2026-03-31 00:12:30+00:00,,,,,,,,0.8699999999999999,0.87,,0.0,0,False
2026-03-31 00:13:00+00:00,,,,,,,,0.8699999999999999,0.87,,0.0,0,False
2026-03-31 00:13:30+00:00,,,,,,,,0.8699999999999999,0.87,,0.0,0,False
2026-03-31 00:14:00+00:00,,,,,,,,0.8699999999999999,0.87,,0.0,0,False
2026-03-31 00:14:30+00:00,,,,,,,,0.8699999999999999,0.87,,0.0,0,False
2026-03-31 00:15:00+00:00,,,,,,,,0.8699999999999999,0.87,,0.0,0,False
2026-03-31 00:15:30+00:00,,,,,,,,0.8699999999999999,0.87,,0.0,0,False
2026-03-31 00:16:00+00:00,,,,,,,,0.8699999999999999,0.87,,0.0,0,False
2026-03-31 00:16:30+00:00,,,,,,,,0.8699999999999999,0.87,,0.0,0,False
2026-03-31 00:17:00+00:00,,,,,,,,0.8699999999999999,0.87,,0.0,0,False
2026-03-31 00:17:30+00:00,,,,,,,,0.8699999999999999,0.87,,0.0,0,False
2026-03-31 00:18:00+00:00,,,,,,,,0.8699999999999999,0.87,,0.0,0,False
2026-03-31 00:18:30+00:00,,,,,,,,0.8699999999999999,0.87,,0.0,0,False
2026-03-31 00:19:00+00:00,,,,,,,,0.8699999999999999,0.87,,0.0,0,False
2026-03-31 00:19:30+00:00,,,,,,,,0.8699999999999999,0.87,,0.0,0,False
2026-03-31 00:20:00+00:00,,,,,,,,0.8699999999999999,0.87,,0.0,0,False
2026-03-31 00:20:30+00:00,,,,,,,,0.8699999999999999,0.87,,0.0,0,False
2026-03-31 00:21:00+00:00,,,,,,,,0.8699999999999999,0.87,,0.0,0,False
2026-03-31 00:21:30+00:00,,,,,,,,0.8699999999999999,0.87,,0.0,0,False
2026-03-31 00:22:00+00:00,,,,,,,,0.8699999999999999,0.87,,0.0,0,False
2026-03-31 00:22:30+00:00,,,,,,,,0.8699999999999999,0.87,,0.0,0,False
2026-03-31 00:23:00+00:00,,,,,,,,0.8699999999999999,0.87,,0.0,0,False
2026-03-31 00:23:30+00:00,,,,,,,,0.8699999999999999,0.87,,0.0,0,False
2026-03-31 00:24:00+00:00,,,,,,,,0.8699999999999999,0.87,,0.0,0,False
2026-03-31 00:24:30+00:00,,,,,,,,0.8699999999999999,0.87,,0.0,0,False
2026-03-31 00:25:00+00:00,,,,,,,,0.8699999999999999,0.87,,0.0,0,False
2026-03-31 00:25:30+00:00,,,,,,,,0.8699999999999999,0.87,,0.0,0,False
2026-03-31 00:26:00+00:00,,,,,,,,0.8699999999999999,0.87,,0.0,0,False
2026-03-31 00:26:30+00:00,,,,,,,,0.8699999999999999,0.87,,0.0,0,False
2026-03-31 00:27:00+00:00,,,,,,,,0.8699999999999999,0.87,,0.0,0,False
2026-03-31 00:27:30+00:00,,,,,,,,0.8699999999999999,0.87,,0.0,0,False
2026-03-31 00:28:00+00:00,,,,,,,,0.8699999999999999,0.87,,0.0,0,False
2026-03-31 00:28:30+00:00,,,,,,,,0.8699999999999999,0.87,,0.0,0,False
2026-03-31 00:29:00+00:00,,,,,,,,0.8699999999999999,0.87,,0.0,0,False
2026-03-31 00:29:30+00:00,,,,,,,,0.8699999999999999,0.87,,0.0,0,False
2026-03-31 00:30:00+00:00,,,,,,,,0.8699999999999999,0.87,,0.0,0,False
2026-03-31 00:30:30+00:00,,,,,,,,0.8699999999999999,0.87,,0.0,0,False
2026-03-31 00:31:00+00:00,,,,,,,,0.8699999999999999,0.87,,0.0,0,False
2026-03-31 00:31:30+00:00,,,,,,,,0.8699999999999999,0.87,,0.0,0,False
2026-03-31 00:32:00+00:00,,,,,,,,0.8699999999999999,0.87,,0.0,0,False
2026-03-31 00:32:30+00:00,,,,,,,,0.8699999999999999,0.87,,0.0,0,False
2026-03-31 00:33:00+00:00,,,,,,,,0.8699999999999999,0.87,,0.0,0,False
2026-03-31 00:33:30+00:00,,,,,,,,0.8699999999999999,0.87,,0.0,0,False
2026-03-31 00:34:00+00:00,,,,,,,,0.8699999999999999,0.87,,0.0,0,False
2026-03-31 00:34:30+00:00,,,,,,,,0.8699999999999999,0.87,,0.0,0,False
2026-03-31 00:35:00+00:00,,,,,,,,0.8699999999999999,0.87,,0.0,0,False
2026-03-31 00:35:30+00:00,,,,,,,,0.8699999999999999,0.87,,0.0,0,False
2026-03-31 00:36:00+00:00,,,,,,,,0.8699999999999999,0.87,,0.0,0,False
2026-03-31 00:36:30+00:00,,,,,,,,0.8699999999999999,0.87,,0.0,0,False
2026-03-31 00:37:00+00:00,,,,,,,,0.8699999999999999,0.87,,0.0,0,False
2026-03-31 00:37:30+00:00,,,,,,,,0.8699999999999999,0.87,,0.0,0,False
2026-03-31 00:38:00+00:00,,,,,,,,0.87,0.87,,2.0,1,False
2026-03-31 00:38:30+00:00,,,,,,,,0.87,0.87,,0.0,0,False
2026-03-31 00:39:00+00:00,,,,,,,,0.87,0.87,,0.0,0,False
2026-03-31 00:39:30+00:00,,,,,,,,0.87,0.87,,0.0,0,False
2026-03-31 00:40:00+00:00,,,,,,,,0.87,0.87,,0.0,0,False
2026-03-31 00:40:30+00:00,,,,,,,,0.87,0.87,,0.0,0,False
2026-03-31 00:41:00+00:00,,,,,,,,0.87,0.87,,0.0,0,False
2026-03-31 00:41:30+00:00,,,,,,,,0.87,0.87,,0.0,0,False
2026-03-31 00:42:00+00:00,,,,,,,,0.87,0.87,,0.0,0,False
2026-03-31 00:42:30+00:00,,,,,,,,0.87,0.87,,0.0,0,False
2026-03-31 00:43:00+00:00,,,,,,,,0.87,0.87,,0.0,0,False
2026-03-31 00:43:30+00:00,,,,,,,,0.87,0.87,,0.0,0,False
2026-03-31 00:44:00+00:00,,,,,,,,0.87,0.87,,0.0,0,False
2026-03-31 00:44:30+00:00,,,,,,,,0.87,0.87,,0.0,0,False
2026-03-31 00:45:00+00:00,,,,,,,,0.87,0.87,,0.0,0,False
2026-03-31 00:45:30+00:00,,,,,,,,0.87,0.87,,0.0,0,False
2026-03-31 00:46:00+00:00,,,,,,,,0.87,0.87,,0.0,0,False
2026-03-31 00:46:30+00:00,,,,,,,,0.87,0.87,,0.0,0,False
2026-03-31 00:47:00+00:00,,,,,,,,0.87,0.87,,0.0,0,False
2026-03-31 00:47:30+00:00,,,,,,,,0.87,0.87,,0.0,0,False
2026-03-31 00:48:00+00:00,,,,,,,,0.87,0.87,,0.0,0,False
2026-03-31 00:48:30+00:00,,,,,,,,0.87,0.87,,0.0,0,False
2026-03-31 00:49:00+00:00,,,,,,,,0.87,0.87,,0.0,0,False
2026-03-31 00:49:30+00:00,,,,,,,,0.87,0.87,,0.0,0,False
2026-03-31 00:50:00+00:00,,,,,,,,0.87,0.87,,0.0,0,False
2026-03-31 00:50:30+00:00,,,,,,,,0.87,0.87,,0.0,0,False
2026-03-31 00:51:00+00:00,,,,,,,,0.87,0.87,,0.0,0,False
2026-03-31 00:51:30+00:00,,,,,,,,0.87,0.87,,0.0,0,False
2026-03-31 00:52:00+00:00,,,,,,,,0.87,0.87,,0.0,0,False
2026-03-31 00:52:30+00:00,,,,,,,,0.87,0.87,,0.0,0,False
2026-03-31 00:53:00+00:00,,,,,,,,0.87,0.87,,0.0,0,False
2026-03-31 00:53:30+00:00,,,,,,,,0.87,0.87,,0.0,0,False
2026-03-31 00:54:00+00:00,,,,,,,,0.87,0.87,,0.0,0,False
2026-03-31 00:54:30+00:00,,,,,,,,0.87,0.87,,0.0,0,False
2026-03-31 00:55:00+00:00,,,,,,,,0.87,0.87,,0.0,0,False
2026-03-31 00:55:30+00:00,,,,,,,,0.87,0.87,,0.0,0,False
2026-03-31 00:56:00+00:00,,,,,,,,0.87,0.87,,0.0,0,False
2026-03-31 00:56:30+00:00,,,,,,,,0.87,0.87,,0.0,0,False
2026-03-31 00:57:00+00:00,,,,,,,,0.87,0.87,,0.0,0,False
2026-03-31 00:57:30+00:00,,,,,,,,0.87,0.87,,0.0,0,False
2026-03-31 00:58:00+00:00,,,,,,,,0.87,0.87,,0.0,0,False
2026-03-31 00:58:30+00:00,,,,,,,,0.87,0.87,,0.0,0,False
2026-03-31 00:59:00+00:00,,,,,,,,0.87,0.87,,0.0,0,False
2026-03-31 00:59:30+00:00,,,,,,,,0.87,0.87,,0.0,0,False
2026-03-31 01:00:00+00:00,,,,,,,,0.87,0.87,,0.0,0,False
2026-03-31 01:00:30+00:00,,,,,,,,0.87,0.87,,0.0,0,False
2026-03-31 01:01:00+00:00,,,,,,,,0.87,0.87,,0.0,0,False
2026-03-31 01:01:30+00:00,,,,,,,,0.87,0.87,,0.0,0,False
2026-03-31 01:02:00+00:00,,,,,,,,0.87,0.87,,0.0,0,False
2026-03-31 01:02:30+00:00,,,,,,,,0.87,0.87,,0.0,0,False
2026-03-31 01:03:00+00:00,,,,,,,,0.87,0.87,,0.0,0,False
2026-03-31 01:03:30+00:00,,,,,,,,0.87,0.87,,0.0,0,False
2026-03-31 01:04:00+00:00,,,,,,,,0.87,0.87,,0.0,0,False
2026-03-31 01:04:30+00:00,,,,,,,,0.87,0.87,,0.0,0,False
2026-03-31 01:05:00+00:00,,,,,,,,0.87,0.87,,0.0,0,False
2026-03-31 01:05:30+00:00,,,,,,,,0.87,0.87,,0.0,0,False
2026-03-31 01:06:00+00:00,,,,,,,,0.87,0.87,,0.0,0,False
2026-03-31 01:06:30+00:00,,,,,,,,0.87,0.87,,0.0,0,False
2026-03-31 01:07:00+00:00,,,,,,,,0.87,0.87,,0.0,0,False
2026-03-31 01:07:30+00:00,,,,,,,,0.87,0.87,,0.0,0,False
2026-03-31 01:08:00+00:00,,,,,,,,0.87,0.87,,0.0,0,False
2026-03-31 01:08:30+00:00,,,,,,,,0.87,0.87,,0.0,0,False
2026-03-31 01:09:00+00:00,,,,,,,,0.87,0.87,,0.0,0,False
2026-03-31 01:09:30+00:00,,,,,,,,0.87,0.87,,0.0,0,False
2026-03-31 01:10:00+00:00,,,,,,,,0.87,0.87,,0.0,0,False
2026-03-31 01:10:30+00:00,,,,,,,,0.87,0.87,,0.0,0,False
2026-03-31 01:11:00+00:00,,,,,,,,0.87,0.87,,0.0,0,False
2026-03-31 01:11:30+00:00,,,,,,,,0.87,0.87,,0.0,0,False
2026-03-31 01:12:00+00:00,,,,,,,,0.87,0.87,,0.0,0,False
2026-03-31 01:12:30+00:00,,,,,,,,0.87,0.87,,0.0,0,False
2026-03-31 01:13:00+00:00,,,,,,,,0.87,0.87,,0.0,0,False
2026-03-31 01:13:30+00:00,,,,,,,,0.87,0.87,,0.0,0,False
2026-03-31 01:14:00+00:00,,,,,,,,0.87,0.87,,0.0,0,False
2026-03-31 01:14:30+00:00,,,,,,,,0.87,0.87,,0.0,0,False
2026-03-31 01:15:00+00:00,,,,,,,,0.87,0.87,,0.0,0,False
2026-03-31 01:15:30+00:00,,,,,,,,0.87,0.87,,0.0,0,False
2026-03-31 01:16:00+00:00,,,,,,,,0.87,0.87,,0.0,0,False
2026-03-31 01:16:30+00:00,,,,,,,,0.87,0.87,,0.0,0,False
2026-03-31 01:17:00+00:00,,,,,,,,0.87,0.87,,0.0,0,False
2026-03-31 01:17:30+00:00,,,,,,,,0.87,0.87,,0.0,0,False
2026-03-31 01:18:00+00:00,,,,,,,,0.85,0.85,,4.0,1,False
2026-03-31 01:18:30+00:00,,,,,,,,0.85,0.85,,0.0,0,False
2026-03-31 01:19:00+00:00,,,,,,,,0.85,0.85,,0.0,0,False
2026-03-31 01:19:30+00:00,,,,,,,,0.85,0.85,,0.0,0,False
2026-03-31 01:20:00+00:00,,,,,,,,0.85,0.85,,0.0,0,False
2026-03-31 01:20:30+00:00,,,,,,,,0.85,0.85,,0.0,0,False
2026-03-31 01:21:00+00:00,,,,,,,,0.85,0.85,,0.0,0,False
2026-03-31 01:21:30+00:00,,,,,,,,0.85,0.85,,0.0,0,False
2026-03-31 01:22:00+00:00,,,,,,,,0.85,0.85,,0.0,0,False
2026-03-31 01:22:30+00:00,,,,,,,,0.85,0.85,,0.0,0,False
2026-03-31 01:23:00+00:00,,,,,,,,0.85,0.85,,0.0,0,False
2026-03-31 01:23:30+00:00,,,,,,,,0.86,0.86,,5.0,1,False
2026-03-31 01:24:00+00:00,,,,,,,,0.86,0.86,,0.0,0,False
2026-03-31 01:24:30+00:00,,,,,,,,0.86,0.86,,0.0,0,False
2026-03-31 01:25:00+00:00,,,,,,,,0.86,0.86,,0.0,0,False
2026-03-31 01:25:30+00:00,,,,,,,,0.86,0.86,,0.0,0,False
2026-03-31 01:26:00+00:00,,,,,,,,0.86,0.86,,0.0,0,False
2026-03-31 01:26:30+00:00,,,,,,,,0.86,0.86,,0.0,0,False
2026-03-31 01:27:00+00:00,,,,,,,,0.86,0.86,,0.0,0,False
2026-03-31 01:27:30+00:00,,,,,,,,0.86,0.86,,0.0,0,False
2026-03-31 01:28:00+00:00,,,,,,,,0.8699999999999999,0.87,,10.0,1,False
2026-03-31 01:28:30+00:00,,,,,,,,0.8699999999999999,0.87,,0.0,0,False
2026-03-31 01:29:00+00:00,,,,,,,,0.8699999999999999,0.87,,0.0,0,False
2026-03-31 01:29:30+00:00,,,,,,,,0.8699999999999999,0.87,,0.0,0,False
2026-03-31 01:30:00+00:00,,,,,,,,0.8699999999999999,0.87,,0.0,0,False
2026-03-31 01:30:30+00:00,,,,,,,,0.8699999999999999,0.87,,0.0,0,False
2026-03-31 01:31:00+00:00,,,,,,,,0.8699999999999999,0.87,,0.0,0,False
2026-03-31 01:31:30+00:00,,,,,,,,0.8699999999999999,0.87,,0.0,0,False
2026-03-31 01:32:00+00:00,,,,,,,,0.8699999999999999,0.87,,0.0,0,False
2026-03-31 01:32:30+00:00,,,,,,,,0.8699999999999999,0.87,,0.0,0,False
2026-03-31 01:33:00+00:00,,,,,,,,0.8699999999999999,0.87,,5.0,1,False
2026-03-31 01:33:30+00:00,,,,,,,,0.8699999999999999,0.87,,0.0,0,False
2026-03-31 01:34:00+00:00,,,,,,,,0.8699999999999999,0.87,,0.0,0,False
2026-03-31 01:34:30+00:00,,,,,,,,0.8699999999999999,0.87,,0.0,0,False
2026-03-31 01:35:00+00:00,,,,,,,,0.8699999999999999,0.87,,0.0,0,False
2026-03-31 01:35:30+00:00,,,,,,,,0.8699999999999999,0.87,,0.0,0,False
2026-03-31 01:36:00+00:00,,,,,,,,0.8699999999999999,0.87,,0.0,0,False
2026-03-31 01:36:30+00:00,,,,,,,,0.8699999999999999,0.87,,0.0,0,False
2026-03-31 01:37:00+00:00,,,,,,,,0.8699999999999999,0.87,,0.0,0,False
2026-03-31 01:37:30+00:00,,,,,,,,0.8699999999999999,0.87,,0.0,0,False
2026-03-31 01:38:00+00:00,,,,,,,,0.8699999999999999,0.87,,0.0,0,False
2026-03-31 01:38:30+00:00,,,,,,,,0.8699999999999999,0.87,,0.0,0,False
2026-03-31 01:39:00+00:00,,,,,,,,0.8699999999999999,0.87,,0.0,0,False
2026-03-31 01:39:30+00:00,,,,,,,,0.8699999999999999,0.87,,0.0,0,False
2026-03-31 01:40:00+00:00,,,,,,,,0.8699999999999999,0.87,,0.0,0,False
2026-03-31 01:40:30+00:00,,,,,,,,0.8699999999999999,0.87,,0.0,0,False
2026-03-31 01:41:00+00:00,,,,,,,,0.8699999999999999,0.87,,0.0,0,False
2026-03-31 01:41:30+00:00,,,,,,,,0.8699999999999999,0.87,,0.0,0,False
2026-03-31 01:42:00+00:00,,,,,,,,0.8699999999999999,0.87,,0.0,0,False
2026-03-31 01:42:30+00:00,,,,,,,,0.8699999999999999,0.87,,0.0,0,False
2026-03-31 01:43:00+00:00,,,,,,,,0.8699999999999999,0.87,,0.0,0,False
2026-03-31 01:43:30+00:00,,,,,,,,0.8699999999999999,0.87,,0.0,0,False
2026-03-31 01:44:00+00:00,,,,,,,,0.8699999999999999,0.87,,0.0,0,False
2026-03-31 01:44:30+00:00,,,,,,,,0.8699999999999999,0.87,,0.0,0,False
2026-03-31 01:45:00+00:00,,,,,,,,0.8699999999999999,0.87,,0.0,0,False
2026-03-31 01:45:30+00:00,,,,,,,,0.8699999999999999,0.87,,0.0,0,False
2026-03-31 01:46:00+00:00,,,,,,,,0.8699999999999999,0.87,,0.0,0,False
2026-03-31 01:46:30+00:00,,,,,,,,0.8699999999999999,0.87,,0.0,0,False
2026-03-31 01:47:00+00:00,,,,,,,,0.8699999999999999,0.87,,0.0,0,False
2026-03-31 01:47:30+00:00,,,,,,,,0.8699999999999999,0.87,,0.0,0,False
2026-03-31 01:48:00+00:00,,,,,,,,0.8699999999999999,0.87,,0.0,0,False
2026-03-31 01:48:30+00:00,,,,,,,,0.8699999999999999,0.87,,0.0,0,False
2026-03-31 01:49:00+00:00,,,,,,,,0.8699999999999999,0.87,,0.0,0,False
2026-03-31 01:49:30+00:00,,,,,,,,0.8699999999999999,0.87,,0.0,0,False
2026-03-31 01:50:00+00:00,,,,,,,,0.8699999999999999,0.87,,0.0,0,False
2026-03-31 01:50:30+00:00,,,,,,,,0.8699999999999999,0.87,,0.0,0,False
2026-03-31 01:51:00+00:00,,,,,,,,0.8699999999999999,0.87,,0.0,0,False
2026-03-31 01:51:30+00:00,,,,,,,,0.8699999999999999,0.87,,0.0,0,False
2026-03-31 01:52:00+00:00,,,,,,,,0.86,0.86,,41.0,1,False
2026-03-31 01:52:30+00:00,,,,,,,,0.86,0.86,,0.0,0,False
2026-03-31 01:53:00+00:00,,,,,,,,0.86,0.86,,0.0,0,False
2026-03-31 01:53:30+00:00,,,,,,,,0.86,0.86,,0.0,0,False
2026-03-31 01:54:00+00:00,,,,,,,,0.86,0.86,,0.0,0,False
2026-03-31 01:54:30+00:00,,,,,,,,0.86,0.86,,0.0,0,False
2026-03-31 01:55:00+00:00,,,,,,,,0.86,0.86,,0.0,0,False
2026-03-31 01:55:30+00:00,,,,,,,,0.86,0.86,,0.0,0,False
2026-03-31 01:56:00+00:00,,,,,,,,0.86,0.86,,0.0,0,False
2026-03-31 01:56:30+00:00,,,,,,,,0.86,0.86,,0.0,0,False
2026-03-31 01:57:00+00:00,,,,,,,,0.86,0.86,,0.0,0,False
2026-03-31 01:57:30+00:00,,,,,,,,0.86,0.86,,0.0,0,False
2026-03-31 01:58:00+00:00,,,,,,,,0.86,0.86,,0.0,0,False
2026-03-31 01:58:30+00:00,,,,,,,,0.86,0.86,,0.0,0,False
2026-03-31 01:59:00+00:00,,,,,,,,0.86,0.86,,0.0,0,False
2026-03-31 01:59:30+00:00,,,,,,,,0.86,0.86,,0.0,0,False
2026-03-31 02:00:00+00:00,,,,,,,,0.87,0.87,,2.0,1,False
2026-03-31 02:00:30+00:00,,,,,,,,0.87,0.87,,0.0,0,False
2026-03-31 02:01:00+00:00,,,,,,,,0.87,0.87,,0.0,0,False
2026-03-31 02:01:30+00:00,,,,,,,,0.87,0.87,,0.0,0,False
2026-03-31 02:02:00+00:00,,,,,,,,0.87,0.87,,0.0,0,False
2026-03-31 02:02:30+00:00,,,,,,,,0.87,0.87,,0.0,0,False
2026-03-31 02:03:00+00:00,,,,,,,,0.87,0.87,,0.0,0,False
2026-03-31 02:03:30+00:00,,,,,,,,0.87,0.87,,0.0,0,False
2026-03-31 02:04:00+00:00,,,,,,,,0.87,0.87,,0.0,0,False
2026-03-31 02:04:30+00:00,,,,,,,,0.87,0.87,,0.0,0,False
2026-03-31 02:05:00+00:00,,,,,,,,0.87,0.87,,0.0,0,False
2026-03-31 02:05:30+00:00,,,,,,,,0.87,0.87,,0.0,0,False
2026-03-31 02:06:00+00:00,,,,,,,,0.87,0.87,,0.0,0,False
2026-03-31 02:06:30+00:00,,,,,,,,0.87,0.87,,0.0,0,False
2026-03-31 02:07:00+00:00,,,,,,,,0.87,0.87,,0.0,0,False
2026-03-31 02:07:30+00:00,,,,,,,,0.87,0.87,,0.0,0,False
2026-03-31 02:08:00+00:00,,,,,,,,0.87,0.87,,0.0,0,False
2026-03-31 02:08:30+00:00,,,,,,,,0.87,0.87,,0.0,0,False
2026-03-31 02:09:00+00:00,,,,,,,,0.87,0.87,,0.0,0,False
2026-03-31 02:09:30+00:00,,,,,,,,0.87,0.87,,0.0,0,False
2026-03-31 02:10:00+00:00,,,,,,,,0.87,0.87,,0.0,0,False
2026-03-31 02:10:30+00:00,,,,,,,,0.87,0.87,,0.0,0,False
2026-03-31 02:11:00+00:00,,,,,,,,0.87,0.87,,0.0,0,False
2026-03-31 02:11:30+00:00,,,,,,,,0.87,0.87,,0.0,0,False
2026-03-31 02:12:00+00:00,,,,,,,,0.87,0.87,,0.0,0,False
2026-03-31 02:12:30+00:00,,,,,,,,0.87,0.87,,0.0,0,False
2026-03-31 02:13:00+00:00,,,,,,,,0.87,0.87,,0.0,0,False
2026-03-31 02:13:30+00:00,,,,,,,,0.87,0.87,,0.0,0,False
2026-03-31 02:14:00+00:00,,,,,,,,0.87,0.87,,0.0,0,False
2026-03-31 02:14:30+00:00,,,,,,,,0.87,0.87,,0.0,0,False
2026-03-31 02:15:00+00:00,,,,,,,,0.87,0.87,,0.0,0,False
2026-03-31 02:15:30+00:00,,,,,,,,0.87,0.87,,0.0,0,False
2026-03-31 02:16:00+00:00,,,,,,,,0.87,0.87,,0.0,0,False
2026-03-31 02:16:30+00:00,,,,,,,,0.87,0.87,,0.0,0,False
2026-03-31 02:17:00+00:00,,,,,,,,0.87,0.87,,0.0,0,False
2026-03-31 02:17:30+00:00,,,,,,,,0.87,0.87,,0.0,0,False
2026-03-31 02:18:00+00:00,,,,,,,,0.87,0.87,,0.0,0,False
2026-03-31 02:18:30+00:00,,,,,,,,0.87,0.87,,0.0,0,False
2026-03-31 02:19:00+00:00,,,,,,,,0.87,0.87,,0.0,0,False
2026-03-31 02:19:30+00:00,,,,,,,,0.87,0.87,,0.0,0,False
2026-03-31 02:20:00+00:00,,,,,,,,0.87,0.87,,0.0,0,False
2026-03-31 02:20:30+00:00,,,,,,,,0.87,0.87,,0.0,0,False
2026-03-31 02:21:00+00:00,,,,,,,,0.87,0.87,,0.0,0,False
2026-03-31 02:21:30+00:00,,,,,,,,0.87,0.87,,0.0,0,False
2026-03-31 02:22:00+00:00,,,,,,,,0.87,0.87,,0.0,0,False
2026-03-31 02:22:30+00:00,,,,,,,,0.87,0.87,,0.0,0,False
2026-03-31 02:23:00+00:00,,,,,,,,0.87,0.87,,0.0,0,False
2026-03-31 02:23:30+00:00,,,,,,,,0.87,0.87,,0.0,0,False
2026-03-31 02:24:00+00:00,,,,,,,,0.87,0.87,,0.0,0,False
2026-03-31 02:24:30+00:00,,,,,,,,0.87,0.87,,0.0,0,False
2026-03-31 02:25:00+00:00,,,,,,,,0.87,0.87,,0.0,0,False
2026-03-31 02:25:30+00:00,,,,,,,,0.87,0.87,,0.0,0,False
2026-03-31 02:26:00+00:00,,,,,,,,0.87,0.87,,0.0,0,False
2026-03-31 02:26:30+00:00,,,,,,,,0.87,0.87,,0.0,0,False
2026-03-31 02:27:00+00:00,,,,,,,,0.87,0.87,,0.0,0,False
2026-03-31 02:27:30+00:00,,,,,,,,0.87,0.87,,0.0,0,False
2026-03-31 02:28:00+00:00,,,,,,,,0.87,0.87,,0.0,0,False
2026-03-31 02:28:30+00:00,,,,,,,,0.87,0.87,,0.0,0,False
2026-03-31 02:29:00+00:00,,,,,,,,0.87,0.87,,0.0,0,False
2026-03-31 02:29:30+00:00,,,,,,,,0.87,0.87,,0.0,0,False
2026-03-31 02:30:00+00:00,,,,,,,,0.87,0.87,,0.0,0,False
2026-03-31 02:30:30+00:00,,,,,,,,0.87,0.87,,0.0,0,False
2026-03-31 02:31:00+00:00,,,,,,,,0.87,0.87,,0.0,0,False
2026-03-31 02:31:30+00:00,,,,,,,,0.87,0.87,,0.0,0,False
2026-03-31 02:32:00+00:00,,,,,,,,0.87,0.87,,0.0,0,False
2026-03-31 02:32:30+00:00,,,,,,,,0.87,0.87,,0.0,0,False
2026-03-31 02:33:00+00:00,,,,,,,,0.87,0.87,,0.0,0,False
2026-03-31 02:33:30+00:00,,,,,,,,0.87,0.87,,0.0,0,False
2026-03-31 02:34:00+00:00,,,,,,,,0.87,0.87,,0.0,0,False
2026-03-31 02:34:30+00:00,,,,,,,,0.87,0.87,,0.0,0,False
2026-03-31 02:35:00+00:00,,,,,,,,0.87,0.87,,0.0,0,False
2026-03-31 02:35:30+00:00,,,,,,,,0.87,0.87,,0.0,0,False
2026-03-31 02:36:00+00:00,,,,,,,,0.87,0.87,,0.0,0,False
2026-03-31 02:36:30+00:00,,,,,,,,0.87,0.87,,1.0,1,False
2026-03-31 02:37:00+00:00,,,,,,,,0.87,0.87,,0.0,0,False
2026-03-31 02:37:30+00:00,,,,,,,,0.87,0.87,,0.0,0,False
2026-03-31 02:38:00+00:00,,,,,,,,0.87,0.87,,0.0,0,False
2026-03-31 02:38:30+00:00,,,,,,,,0.87,0.87,,0.0,0,False
2026-03-31 02:39:00+00:00,,,,,,,,0.87,0.87,,0.0,0,False
2026-03-31 02:39:30+00:00,,,,,,,,0.87,0.87,,0.0,0,False
2026-03-31 02:40:00+00:00,,,,,,,,0.87,0.87,,0.0,0,False
2026-03-31 02:40:30+00:00,,,,,,,,0.87,0.87,,0.0,0,False
2026-03-31 02:41:00+00:00,,,,,,,,0.87,0.87,,0.0,0,False
2026-03-31 02:41:30+00:00,,,,,,,,0.87,0.87,,0.0,0,False
2026-03-31 02:42:00+00:00,,,,,,,,0.87,0.87,,0.0,0,False
2026-03-31 02:42:30+00:00,,,,,,,,0.87,0.87,,0.0,0,False
2026-03-31 02:43:00+00:00,,,,,,,,0.87,0.87,,0.0,0,False
2026-03-31 02:43:30+00:00,,,,,,,,0.87,0.87,,0.0,0,False
2026-03-31 02:44:00+00:00,,,,,,,,0.87,0.87,,0.0,0,False
2026-03-31 02:44:30+00:00,,,,,,,,0.87,0.87,,0.0,0,False
2026-03-31 02:45:00+00:00,,,,,,,,0.87,0.87,,0.0,0,False
2026-03-31 02:45:30+00:00,,,,,,,,0.87,0.87,,0.0,0,False
2026-03-31 02:46:00+00:00,,,,,,,,0.87,0.87,,0.0,0,False
2026-03-31 02:46:30+00:00,,,,,,,,0.87,0.87,,0.0,0,False
2026-03-31 02:47:00+00:00,,,,,,,,0.87,0.87,,0.0,0,False
2026-03-31 02:47:30+00:00,,,,,,,,0.87,0.87,,0.0,0,False
2026-03-31 02:48:00+00:00,,,,,,,,0.87,0.87,,0.0,0,False
2026-03-31 02:48:30+00:00,,,,,,,,0.87,0.87,,0.0,0,False
2026-03-31 02:49:00+00:00,,,,,,,,0.87,0.87,,0.0,0,False
2026-03-31 02:49:30+00:00,,,,,,,,0.87,0.87,,0.0,0,False
2026-03-31 02:50:00+00:00,,,,,,,,0.87,0.87,,0.0,0,False
2026-03-31 02:50:30+00:00,,,,,,,,0.87,0.87,,0.0,0,False
2026-03-31 02:51:00+00:00,,,,,,,,0.87,0.87,,0.0,0,False
2026-03-31 02:51:30+00:00,,,,,,,,0.87,0.87,,0.0,0,False
2026-03-31 02:52:00+00:00,,,,,,,,0.87,0.87,,0.0,0,False
2026-03-31 02:52:30+00:00,,,,,,,,0.87,0.87,,0.0,0,False
2026-03-31 02:53:00+00:00,,,,,,,,0.87,0.87,,0.0,0,False
2026-03-31 02:53:30+00:00,,,,,,,,0.87,0.87,,0.0,0,False
2026-03-31 02:54:00+00:00,,,,,,,,0.87,0.87,,0.0,0,False
2026-03-31 02:54:30+00:00,,,,,,,,0.87,0.87,,0.0,0,False
2026-03-31 02:55:00+00:00,,,,,,,,0.87,0.87,,0.0,0,False
2026-03-31 02:55:30+00:00,,,,,,,,0.87,0.87,,0.0,0,False
2026-03-31 02:56:00+00:00,,,,,,,,0.87,0.87,,0.0,0,False
2026-03-31 02:56:30+00:00,,,,,,,,0.87,0.87,,0.0,0,False
2026-03-31 02:57:00+00:00,,,,,,,,0.87,0.87,,0.0,0,False
2026-03-31 02:57:30+00:00,,,,,,,,0.87,0.87,,0.0,0,False
2026-03-31 02:58:00+00:00,,,,,,,,0.87,0.87,,0.0,0,False
2026-03-31 02:58:30+00:00,,,,,,,,0.87,0.87,,0.0,0,False
2026-03-31 02:59:00+00:00,,,,,,,,0.87,0.87,,0.0,0,False
2026-03-31 02:59:30+00:00,,,,,,,,0.87,0.87,,0.0,0,False
2026-03-31 03:00:00+00:00,,,,,,,,0.87,0.87,,0.0,0,False
2026-03-31 03:00:30+00:00,,,,,,,,0.87,0.87,,0.0,0,False
2026-03-31 03:01:00+00:00,,,,,,,,0.87,0.87,,0.0,0,False
2026-03-31 03:01:30+00:00,,,,,,,,0.87,0.87,,0.0,0,False
2026-03-31 03:02:00+00:00,,,,,,,,0.87,0.87,,0.0,0,False
2026-03-31 03:02:30+00:00,,,,,,,,0.87,0.87,,0.0,0,False
2026-03-31 03:03:00+00:00,,,,,,,,0.87,0.87,,0.0,0,False
2026-03-31 03:03:30+00:00,,,,,,,,0.87,0.87,,0.0,0,False
2026-03-31 03:04:00+00:00,,,,,,,,0.87,0.87,,0.0,0,False
2026-03-31 03:04:30+00:00,,,,,,,,0.87,0.87,,0.0,0,False
2026-03-31 03:05:00+00:00,,,,,,,,0.87,0.87,,0.0,0,False
2026-03-31 03:05:30+00:00,,,,,,,,0.87,0.87,,0.0,0,False
2026-03-31 03:06:00+00:00,,,,,,,,0.87,0.87,,0.0,0,False
2026-03-31 03:06:30+00:00,,,,,,,,0.87,0.87,,0.0,0,False
2026-03-31 03:07:00+00:00,,,,,,,,0.87,0.87,,0.0,0,False
2026-03-31 03:07:30+00:00,,,,,,,,0.87,0.87,,0.0,0,False
2026-03-31 03:08:00+00:00,,,,,,,,0.87,0.87,,0.0,0,False
2026-03-31 03:08:30+00:00,,,,,,,,0.87,0.87,,0.0,0,False
2026-03-31 03:09:00+00:00,,,,,,,,0.87,0.87,,0.0,0,False
2026-03-31 03:09:30+00:00,,,,,,,,0.86,0.86,,31.0,1,False
2026-03-31 03:10:00+00:00,,,,,,,,0.86,0.86,,0.0,0,False
2026-03-31 03:10:30+00:00,,,,,,,,0.86,0.86,,0.0,0,False
2026-03-31 03:11:00+00:00,,,,,,,,0.86,0.86,,0.0,0,False
2026-03-31 03:11:30+00:00,,,,,,,,0.86,0.86,,0.0,0,False
2026-03-31 03:12:00+00:00,,,,,,,,0.86,0.86,,0.0,0,False
2026-03-31 03:12:30+00:00,,,,,,,,0.86,0.86,,0.0,0,False
2026-03-31 03:13:00+00:00,,,,,,,,0.86,0.86,,0.0,0,False
2026-03-31 03:13:30+00:00,,,,,,,,0.86,0.86,,0.0,0,False
2026-03-31 03:14:00+00:00,,,,,,,,0.86,0.86,,0.0,0,False
2026-03-31 03:14:30+00:00,,,,,,,,0.86,0.86,,0.0,0,False
2026-03-31 03:15:00+00:00,,,,,,,,0.86,0.86,,0.0,0,False
2026-03-31 03:15:30+00:00,,,,,,,,0.86,0.86,,0.0,0,False
2026-03-31 03:16:00+00:00,,,,,,,,0.86,0.86,,0.0,0,False
2026-03-31 03:16:30+00:00,,,,,,,,0.86,0.86,,0.0,0,False
2026-03-31 03:17:00+00:00,,,,,,,,0.86,0.86,,0.0,0,False
2026-03-31 03:17:30+00:00,,,,,,,,0.86,0.86,,0.0,0,False
2026-03-31 03:18:00+00:00,,,,,,,,0.86,0.86,,0.0,0,False
2026-03-31 03:18:30+00:00,,,,,,,,0.86,0.86,,0.0,0,False
2026-03-31 03:19:00+00:00,,,,,,,,0.86,0.86,,0.0,0,False
2026-03-31 03:19:30+00:00,,,,,,,,0.86,0.86,,0.0,0,False
2026-03-31 03:20:00+00:00,,,,,,,,0.86,0.86,,0.0,0,False
2026-03-31 03:20:30+00:00,,,,,,,,0.86,0.86,,0.0,0,False
2026-03-31 03:21:00+00:00,,,,,,,,0.86,0.86,,0.0,0,False
2026-03-31 03:21:30+00:00,,,,,,,,0.86,0.86,,0.0,0,False
2026-03-31 03:22:00+00:00,,,,,,,,0.86,0.86,,0.0,0,False
2026-03-31 03:22:30+00:00,,,,,,,,0.86,0.86,,0.0,0,False
2026-03-31 03:23:00+00:00,,,,,,,,0.86,0.86,,0.0,0,False
2026-03-31 03:23:30+00:00,,,,,,,,0.86,0.86,,6.0,1,False
2026-03-31 03:24:00+00:00,,,,,,,,0.86,0.86,,0.0,0,False
2026-03-31 03:24:30+00:00,,,,,,,,0.86,0.86,,0.0,0,False
2026-03-31 03:25:00+00:00,,,,,,,,0.86,0.86,,0.0,0,False
2026-03-31 03:25:30+00:00,,,,,,,,0.86,0.86,,0.0,0,False
2026-03-31 03:26:00+00:00,,,,,,,,0.86,0.86,,0.0,0,False
2026-03-31 03:26:30+00:00,,,,,,,,0.86,0.86,,0.0,0,False
2026-03-31 03:27:00+00:00,,,,,,,,0.86,0.86,,0.0,0,False
2026-03-31 03:27:30+00:00,,,,,,,,0.86,0.86,,0.0,0,False
2026-03-31 03:28:00+00:00,,,,,,,,0.86,0.86,,0.0,0,False
2026-03-31 03:28:30+00:00,,,,,,,,0.86,0.86,,0.0,0,False
2026-03-31 03:29:00+00:00,,,,,,,,0.86,0.86,,0.0,0,False
2026-03-31 03:29:30+00:00,,,,,,,,0.86,0.86,,0.0,0,False
2026-03-31 03:30:00+00:00,,,,,,,,0.86,0.86,,0.0,0,False
2026-03-31 03:30:30+00:00,,,,,,,,0.86,0.86,,0.0,0,False
2026-03-31 03:31:00+00:00,,,,,,,,0.86,0.86,,0.0,0,False
2026-03-31 03:31:30+00:00,,,,,,,,0.86,0.86,,0.0,0,False
2026-03-31 03:32:00+00:00,,,,,,,,0.86,0.86,,0.0,0,False
2026-03-31 03:32:30+00:00,,,,,,,,0.86,0.86,,0.0,0,False
2026-03-31 03:33:00+00:00,,,,,,,,0.86,0.86,,0.0,0,False
2026-03-31 03:33:30+00:00,,,,,,,,0.86,0.86,,0.0,0,False
2026-03-31 03:34:00+00:00,,,,,,,,0.86,0.86,,0.0,0,False
2026-03-31 03:34:30+00:00,,,,,,,,0.86,0.86,,0.0,0,False
2026-03-31 03:35:00+00:00,,,,,,,,0.86,0.86,,0.0,0,False
2026-03-31 03:35:30+00:00,,,,,,,,0.86,0.86,,0.0,0,False
2026-03-31 03:36:00+00:00,,,,,,,,0.86,0.86,,0.0,0,False
2026-03-31 03:36:30+00:00,,,,,,,,0.86,0.86,,0.0,0,False
2026-03-31 03:37:00+00:00,,,,,,,,0.86,0.86,,0.0,0,False
2026-03-31 03:37:30+00:00,,,,,,,,0.86,0.86,,0.0,0,False
2026-03-31 03:38:00+00:00,,,,,,,,0.86,0.86,,0.0,0,False
2026-03-31 03:38:30+00:00,,,,,,,,0.86,0.86,,0.0,0,False
2026-03-31 03:39:00+00:00,,,,,,,,0.86,0.86,,0.0,0,False
2026-03-31 03:39:30+00:00,,,,,,,,0.86,0.86,,0.0,0,False
2026-03-31 03:40:00+00:00,,,,,,,,0.86,0.86,,0.0,0,False
2026-03-31 03:40:30+00:00,,,,,,,,0.86,0.86,,0.0,0,False
2026-03-31 03:41:00+00:00,,,,,,,,0.86,0.86,,0.0,0,False
2026-03-31 03:41:30+00:00,,,,,,,,0.86,0.86,,0.0,0,False
2026-03-31 03:42:00+00:00,,,,,,,,0.86,0.86,,0.0,0,False
2026-03-31 03:42:30+00:00,,,,,,,,0.86,0.86,,0.0,0,False
2026-03-31 03:43:00+00:00,,,,,,,,0.86,0.86,,0.0,0,False
2026-03-31 03:43:30+00:00,,,,,,,,0.86,0.86,,0.0,0,False
2026-03-31 03:44:00+00:00,,,,,,,,0.86,0.86,,0.0,0,False
2026-03-31 03:44:30+00:00,,,,,,,,0.86,0.86,,0.0,0,False
2026-03-31 03:45:00+00:00,,,,,,,,0.86,0.86,,0.0,0,False
2026-03-31 03:45:30+00:00,,,,,,,,0.86,0.86,,0.0,0,False
2026-03-31 03:46:00+00:00,,,,,,,,0.86,0.86,,0.0,0,False
2026-03-31 03:46:30+00:00,,,,,,,,0.86,0.86,,0.0,0,False
2026-03-31 03:47:00+00:00,,,,,,,,0.86,0.86,,0.0,0,False
2026-03-31 03:47:30+00:00,,,,,,,,0.86,0.86,,0.0,0,False
2026-03-31 03:48:00+00:00,,,,,,,,0.86,0.86,,0.0,0,False
2026-03-31 03:48:30+00:00,,,,,,,,0.86,0.86,,0.0,0,False
2026-03-31 03:49:00+00:00,,,,,,,,0.86,0.86,,0.0,0,False
2026-03-31 03:49:30+00:00,,,,,,,,0.86,0.86,,0.0,0,False
2026-03-31 03:50:00+00:00,,,,,,,,0.86,0.86,,0.0,0,False
2026-03-31 03:50:30+00:00,,,,,,,,0.86,0.86,,0.0,0,False
2026-03-31 03:51:00+00:00,,,,,,,,0.86,0.86,,0.0,0,False
2026-03-31 03:51:30+00:00,,,,,,,,0.86,0.86,,0.0,0,False
2026-03-31 03:52:00+00:00,,,,,,,,0.86,0.86,,0.0,0,False
2026-03-31 03:52:30+00:00,,,,,,,,0.86,0.86,,0.0,0,False
2026-03-31 03:53:00+00:00,,,,,,,,0.86,0.86,,0.0,0,False
2026-03-31 03:53:30+00:00,,,,,,,,0.86,0.86,,0.0,0,False
2026-03-31 03:54:00+00:00,,,,,,,,0.86,0.86,,0.0,0,False
2026-03-31 03:54:30+00:00,,,,,,,,0.86,0.86,,0.0,0,False
2026-03-31 03:55:00+00:00,,,,,,,,0.86,0.86,,0.0,0,False
2026-03-31 03:55:30+00:00,,,,,,,,0.86,0.86,,0.0,0,False
2026-03-31 03:56:00+00:00,,,,,,,,0.86,0.86,,0.0,0,False
2026-03-31 03:56:30+00:00,,,,,,,,0.86,0.86,,0.0,0,False
2026-03-31 03:57:00+00:00,,,,,,,,0.86,0.86,,0.0,0,False
2026-03-31 03:57:30+00:00,,,,,,,,0.86,0.86,,0.0,0,False
2026-03-31 03:58:00+00:00,,,,,,,,0.86,0.86,,0.0,0,False
2026-03-31 03:58:30+00:00,,,,,,,,0.86,0.86,,0.0,0,False
2026-03-31 03:59:00+00:00,,,,,,,,0.86,0.86,,0.0,0,False
2026-03-31 03:59:30+00:00,,,,,,,,0.86,0.86,,0.0,0,False
2026-03-31 04:00:00+00:00,,,,,,,,0.86,0.86,,0.0,0,False
2026-03-31 04:00:30+00:00,,,,,,,,0.86,0.86,,0.0,0,False
2026-03-31 04:01:00+00:00,,,,,,,,0.86,0.86,,0.0,0,False
2026-03-31 04:01:30+00:00,,,,,,,,0.86,0.86,,0.0,0,False
2026-03-31 04:02:00+00:00,,,,,,,,0.86,0.86,,0.0,0,False
2026-03-31 04:02:30+00:00,,,,,,,,0.86,0.86,,0.0,0,False
2026-03-31 04:03:00+00:00,,,,,,,,0.86,0.86,,0.0,0,False
2026-03-31 04:03:30+00:00,,,,,,,,0.86,0.86,,0.0,0,False
2026-03-31 04:04:00+00:00,,,,,,,,0.86,0.86,,0.0,0,False
2026-03-31 04:04:30+00:00,,,,,,,,0.86,0.86,,0.0,0,False
2026-03-31 04:05:00+00:00,,,,,,,,0.86,0.86,,0.0,0,False
2026-03-31 04:05:30+00:00,,,,,,,,0.86,0.86,,0.0,0,False
2026-03-31 04:06:00+00:00,,,,,,,,0.86,0.86,,0.0,0,False
2026-03-31 04:06:30+00:00,,,,,,,,0.86,0.86,,0.0,0,False
2026-03-31 04:07:00+00:00,,,,,,,,0.86,0.86,,0.0,0,False
2026-03-31 04:07:30+00:00,,,,,,,,0.86,0.86,,0.0,0,False
2026-03-31 04:08:00+00:00,,,,,,,,0.87,0.87,,1.0,1,False
2026-03-31 04:08:30+00:00,,,,,,,,0.87,0.87,,0.0,0,False
2026-03-31 04:09:00+00:00,,,,,,,,0.87,0.87,,0.0,0,False
2026-03-31 04:09:30+00:00,,,,,,,,0.87,0.87,,0.0,0,False
2026-03-31 04:10:00+00:00,,,,,,,,0.87,0.87,,0.0,0,False
2026-03-31 04:10:30+00:00,,,,,,,,0.87,0.87,,0.0,0,False
2026-03-31 04:11:00+00:00,,,,,,,,0.87,0.87,,0.0,0,False
2026-03-31 04:11:30+00:00,,,,,,,,0.87,0.87,,0.0,0,False
2026-03-31 04:12:00+00:00,,,,,,,,0.87,0.87,,0.0,0,False
2026-03-31 04:12:30+00:00,,,,,,,,0.87,0.87,,0.0,0,False
2026-03-31 04:13:00+00:00,,,,,,,,0.87,0.87,,0.0,0,False
2026-03-31 04:13:30+00:00,,,,,,,,0.87,0.87,,0.0,0,False
2026-03-31 04:14:00+00:00,,,,,,,,0.87,0.87,,0.0,0,False
2026-03-31 04:14:30+00:00,,,,,,,,0.87,0.87,,0.0,0,False
2026-03-31 04:15:00+00:00,,,,,,,,0.87,0.87,,0.0,0,False
2026-03-31 04:15:30+00:00,,,,,,,,0.87,0.87,,0.0,0,False
2026-03-31 04:16:00+00:00,,,,,,,,0.87,0.87,,0.0,0,False
2026-03-31 04:16:30+00:00,,,,,,,,0.87,0.87,,0.0,0,False
2026-03-31 04:17:00+00:00,,,,,,,,0.87,0.87,,0.0,0,False
2026-03-31 04:17:30+00:00,,,,,,,,0.87,0.87,,0.0,0,False
2026-03-31 04:18:00+00:00,,,,,,,,0.87,0.87,,0.0,0,False
2026-03-31 04:18:30+00:00,,,,,,,,0.87,0.87,,0.0,0,False
2026-03-31 04:19:00+00:00,,,,,,,,0.87,0.87,,0.0,0,False
2026-03-31 04:19:30+00:00,,,,,,,,0.87,0.87,,0.0,0,False
2026-03-31 04:20:00+00:00,,,,,,,,0.87,0.87,,0.0,0,False
2026-03-31 04:20:30+00:00,,,,,,,,0.87,0.87,,0.0,0,False
2026-03-31 04:21:00+00:00,,,,,,,,0.87,0.87,,0.0,0,False
2026-03-31 04:21:30+00:00,,,,,,,,0.87,0.87,,0.0,0,False
2026-03-31 04:22:00+00:00,,,,,,,,0.87,0.87,,0.0,0,False
2026-03-31 04:22:30+00:00,,,,,,,,0.87,0.87,,0.0,0,False
2026-03-31 04:23:00+00:00,,,,,,,,0.87,0.87,,0.0,0,False
2026-03-31 04:23:30+00:00,,,,,,,,0.87,0.87,,0.0,0,False
2026-03-31 04:24:00+00:00,,,,,,,,0.87,0.87,,0.0,0,False
2026-03-31 04:24:30+00:00,,,,,,,,0.87,0.87,,0.0,0,False
2026-03-31 04:25:00+00:00,,,,,,,,0.87,0.87,,0.0,0,False
2026-03-31 04:25:30+00:00,,,,,,,,0.87,0.87,,0.0,0,False
2026-03-31 04:26:00+00:00,,,,,,,,0.87,0.87,,0.0,0,False
2026-03-31 04:26:30+00:00,,,,,,,,0.87,0.87,,0.0,0,False
2026-03-31 04:27:00+00:00,,,,,,,,0.87,0.87,,143.0,1,False
2026-03-31 04:27:30+00:00,,,,,,,,0.8699999999999999,0.87,,5.0,1,False
2026-03-31 04:28:00+00:00,,,,,,,,0.8699999999999999,0.87,,0.0,0,False
2026-03-31 04:28:30+00:00,,,,,,,,0.8699999999999999,0.87,,0.0,0,False
2026-03-31 04:29:00+00:00,,,,,,,,0.8699999999999999,0.87,,0.0,0,False
2026-03-31 04:29:30+00:00,,,,,,,,0.8699999999999999,0.87,,0.0,0,False
2026-03-31 04:30:00+00:00,,,,,,,,0.8699999999999999,0.87,,0.0,0,False
2026-03-31 04:30:30+00:00,,,,,,,,0.8699999999999999,0.87,,0.0,0,False
2026-03-31 04:31:00+00:00,,,,,,,,0.8699999999999999,0.87,,0.0,0,False
2026-03-31 04:31:30+00:00,,,,,,,,0.8699999999999999,0.87,,0.0,0,False
2026-03-31 04:32:00+00:00,,,,,,,,0.8699999999999999,0.87,,0.0,0,False
2026-03-31 04:32:30+00:00,,,,,,,,0.8699999999999999,0.87,,0.0,0,False
2026-03-31 04:33:00+00:00,,,,,,,,0.8699999999999999,0.87,,0.0,0,False
2026-03-31 04:33:30+00:00,,,,,,,,0.8699999999999999,0.87,,0.0,0,False
2026-03-31 04:34:00+00:00,,,,,,,,0.8699999999999999,0.87,,0.0,0,False
2026-03-31 04:34:30+00:00,,,,,,,,0.8699999999999999,0.87,,0.0,0,False
2026-03-31 04:35:00+00:00,,,,,,,,0.8699999999999999,0.87,,0.0,0,False
2026-03-31 04:35:30+00:00,,,,,,,,0.8699999999999999,0.87,,0.0,0,False
2026-03-31 04:36:00+00:00,,,,,,,,0.86,0.86,,4.0,1,False
2026-03-31 04:36:30+00:00,,,,,,,,0.86,0.86,,0.0,0,False
2026-03-31 04:37:00+00:00,,,,,,,,0.86,0.86,,0.0,0,False
2026-03-31 04:37:30+00:00,,,,,,,,0.86,0.86,,0.0,0,False
2026-03-31 04:38:00+00:00,,,,,,,,0.87,0.87,,2.0,1,False
2026-03-31 04:38:30+00:00,,,,,,,,0.87,0.87,,0.0,0,False
2026-03-31 04:39:00+00:00,,,,,,,,0.87,0.87,,0.0,0,False
2026-03-31 04:39:30+00:00,,,,,,,,0.87,0.87,,0.0,0,False
2026-03-31 04:40:00+00:00,,,,,,,,0.87,0.87,,0.0,0,False
2026-03-31 04:40:30+00:00,,,,,,,,0.87,0.87,,0.0,0,False
2026-03-31 04:41:00+00:00,,,,,,,,0.87,0.87,,0.0,0,False
2026-03-31 04:41:30+00:00,,,,,,,,0.87,0.87,,0.0,0,False
2026-03-31 04:42:00+00:00,,,,,,,,0.87,0.87,,0.0,0,False
2026-03-31 04:42:30+00:00,,,,,,,,0.87,0.87,,0.0,0,False
2026-03-31 04:43:00+00:00,,,,,,,,0.87,0.87,,0.0,0,False
2026-03-31 04:43:30+00:00,,,,,,,,0.86,0.86,,6.0,1,False
2026-03-31 04:44:00+00:00,,,,,,,,0.86,0.86,,0.0,0,False
2026-03-31 04:44:30+00:00,,,,,,,,0.86,0.86,,0.0,0,False
2026-03-31 04:45:00+00:00,,,,,,,,0.86,0.86,,63.0,1,False
2026-03-31 04:45:30+00:00,,,,,,,,0.86,0.86,,0.0,0,False
2026-03-31 04:46:00+00:00,,,,,,,,0.86,0.86,,0.0,0,False
2026-03-31 04:46:30+00:00,,,,,,,,0.86,0.86,,0.0,0,False
2026-03-31 04:47:00+00:00,,,,,,,,0.86,0.86,,0.0,0,False
2026-03-31 04:47:30+00:00,,,,,,,,0.86,0.86,,0.0,0,False
2026-03-31 04:48:00+00:00,,,,,,,,0.86,0.86,,0.0,0,False
2026-03-31 04:48:30+00:00,,,,,,,,0.86,0.86,,0.0,0,False
2026-03-31 04:49:00+00:00,,,,,,,,0.86,0.86,,0.0,0,False
2026-03-31 04:49:30+00:00,,,,,,,,0.86,0.86,,0.0,0,False
2026-03-31 04:50:00+00:00,,,,,,,,0.86,0.86,,0.0,0,False
2026-03-31 04:50:30+00:00,,,,,,,,0.86,0.86,,31.0,1,False
2026-03-31 04:51:00+00:00,,,,,,,,0.86,0.86,,0.0,0,False
2026-03-31 04:51:30+00:00,,,,,,,,0.86,0.86,,0.0,0,False
2026-03-31 04:52:00+00:00,,,,,,,,0.86,0.86,,0.0,0,False
2026-03-31 04:52:30+00:00,,,,,,,,0.86,0.86,,0.0,0,False
2026-03-31 04:53:00+00:00,,,,,,,,0.86,0.86,,0.0,0,False
2026-03-31 04:53:30+00:00,,,,,,,,0.86,0.86,,0.0,0,False
2026-03-31 04:54:00+00:00,,,,,,,,0.86,0.86,,0.0,0,False
2026-03-31 04:54:30+00:00,,,,,,,,0.86,0.86,,0.0,0,False
2026-03-31 04:55:00+00:00,,,,,,,,0.86,0.86,,0.0,0,False
2026-03-31 04:55:30+00:00,,,,,,,,0.86,0.86,,0.0,0,False
2026-03-31 04:56:00+00:00,,,,,,,,0.86,0.86,,0.0,0,False
2026-03-31 04:56:30+00:00,,,,,,,,0.86,0.86,,0.0,0,False
2026-03-31 04:57:00+00:00,,,,,,,,0.86,0.86,,0.0,0,False
2026-03-31 04:57:30+00:00,,,,,,,,0.86,0.86,,0.0,0,False
2026-03-31 04:58:00+00:00,,,,,,,,0.86,0.86,,0.0,0,False
2026-03-31 04:58:30+00:00,,,,,,,,0.86,0.86,,0.0,0,False
2026-03-31 04:59:00+00:00,,,,,,,,0.86,0.86,,0.0,0,False
2026-03-31 04:59:30+00:00,,,,,,,,0.86,0.86,,0.0,0,False
2026-03-31 05:00:00+00:00,,,,,,,,0.86,0.86,,0.0,0,False
2026-03-31 05:00:30+00:00,,,,,,,,0.86,0.86,,0.0,0,False
2026-03-31 05:01:00+00:00,,,,,,,,0.86,0.86,,0.0,0,False
2026-03-31 05:01:30+00:00,,,,,,,,0.86,0.86,,0.0,0,False
2026-03-31 05:02:00+00:00,,,,,,,,0.86,0.86,,0.0,0,False
2026-03-31 05:02:30+00:00,,,,,,,,0.86,0.86,,0.0,0,False
2026-03-31 05:03:00+00:00,,,,,,,,0.86,0.86,,0.0,0,False
2026-03-31 05:03:30+00:00,,,,,,,,0.86,0.86,,0.0,0,False
2026-03-31 05:04:00+00:00,,,,,,,,0.86,0.86,,0.0,0,False
2026-03-31 05:04:30+00:00,,,,,,,,0.86,0.86,,0.0,0,False
2026-03-31 05:05:00+00:00,,,,,,,,0.86,0.86,,0.0,0,False
2026-03-31 05:05:30+00:00,,,,,,,,0.86,0.86,,0.0,0,False
2026-03-31 05:06:00+00:00,,,,,,,,0.86,0.86,,0.0,0,False
2026-03-31 05:06:30+00:00,,,,,,,,0.86,0.86,,0.0,0,False
2026-03-31 05:07:00+00:00,,,,,,,,0.86,0.86,,0.0,0,False
2026-03-31 05:07:30+00:00,,,,,,,,0.86,0.86,,0.0,0,False
2026-03-31 05:08:00+00:00,,,,,,,,0.86,0.86,,0.0,0,False
2026-03-31 05:08:30+00:00,,,,,,,,0.86,0.86,,0.0,0,False
2026-03-31 05:09:00+00:00,,,,,,,,0.86,0.86,,0.0,0,False
2026-03-31 05:09:30+00:00,,,,,,,,0.86,0.86,,0.0,0,False
2026-03-31 05:10:00+00:00,,,,,,,,0.86,0.86,,0.0,0,False
2026-03-31 05:10:30+00:00,,,,,,,,0.86,0.86,,0.0,0,False
2026-03-31 05:11:00+00:00,,,,,,,,0.86,0.86,,0.0,0,False
2026-03-31 05:11:30+00:00,,,,,,,,0.86,0.86,,0.0,0,False
2026-03-31 05:12:00+00:00,,,,,,,,0.86,0.86,,0.0,0,False
2026-03-31 05:12:30+00:00,,,,,,,,0.86,0.86,,0.0,0,False
2026-03-31 05:13:00+00:00,,,,,,,,0.86,0.86,,0.0,0,False
2026-03-31 05:13:30+00:00,,,,,,,,0.86,0.86,,0.0,0,False
2026-03-31 05:14:00+00:00,,,,,,,,0.86,0.86,,0.0,0,False
2026-03-31 05:14:30+00:00,,,,,,,,0.86,0.86,,0.0,0,False
2026-03-31 05:15:00+00:00,,,,,,,,0.86,0.86,,0.0,0,False
2026-03-31 05:15:30+00:00,,,,,,,,0.86,0.86,,0.0,0,False
2026-03-31 05:16:00+00:00,,,,,,,,0.86,0.86,,0.0,0,False
2026-03-31 05:16:30+00:00,,,,,,,,0.86,0.86,,53.0,1,False
2026-03-31 05:17:00+00:00,,,,,,,,0.86,0.86,,0.0,0,False
2026-03-31 05:17:30+00:00,,,,,,,,0.86,0.86,,0.0,0,False
2026-03-31 05:18:00+00:00,,,,,,,,0.86,0.86,,0.0,0,False
2026-03-31 05:18:30+00:00,,,,,,,,0.86,0.86,,0.0,0,False
2026-03-31 05:19:00+00:00,,,,,,,,0.86,0.86,,0.0,0,False
2026-03-31 05:19:30+00:00,,,,,,,,0.86,0.86,,0.0,0,False
2026-03-31 05:20:00+00:00,,,,,,,,0.86,0.86,,0.0,0,False
2026-03-31 05:20:30+00:00,,,,,,,,0.86,0.86,,0.0,0,False
2026-03-31 05:21:00+00:00,,,,,,,,0.86,0.86,,0.0,0,False
2026-03-31 05:21:30+00:00,,,,,,,,0.86,0.86,,0.0,0,False
2026-03-31 05:22:00+00:00,,,,,,,,0.86,0.86,,0.0,0,False
2026-03-31 05:22:30+00:00,,,,,,,,0.86,0.86,,0.0,0,False
2026-03-31 05:23:00+00:00,,,,,,,,0.86,0.86,,6.0,1,False
2026-03-31 05:23:30+00:00,,,,,,,,0.86,0.86,,0.0,0,False
2026-03-31 05:24:00+00:00,,,,,,,,0.86,0.86,,0.0,0,False
2026-03-31 05:24:30+00:00,,,,,,,,0.86,0.86,,0.0,0,False
2026-03-31 05:25:00+00:00,,,,,,,,0.86,0.86,,0.0,0,False
2026-03-31 05:25:30+00:00,,,,,,,,0.86,0.86,,0.0,0,False
2026-03-31 05:26:00+00:00,,,,,,,,0.86,0.86,,0.0,0,False
2026-03-31 05:26:30+00:00,,,,,,,,0.86,0.86,,0.0,0,False
2026-03-31 05:27:00+00:00,,,,,,,,0.86,0.86,,0.0,0,False
2026-03-31 05:27:30+00:00,,,,,,,,0.86,0.86,,0.0,0,False
2026-03-31 05:28:00+00:00,,,,,,,,0.86,0.86,,0.0,0,False
2026-03-31 05:28:30+00:00,,,,,,,,0.86,0.86,,0.0,0,False
2026-03-31 05:29:00+00:00,,,,,,,,0.86,0.86,,0.0,0,False
2026-03-31 05:29:30+00:00,,,,,,,,0.86,0.86,,0.0,0,False
2026-03-31 05:30:00+00:00,,,,,,,,0.86,0.86,,0.0,0,False
2026-03-31 05:30:30+00:00,,,,,,,,0.86,0.86,,0.0,0,False
2026-03-31 05:31:00+00:00,,,,,,,,0.86,0.86,,0.0,0,False
2026-03-31 05:31:30+00:00,,,,,,,,0.86,0.86,,0.0,0,False
2026-03-31 05:32:00+00:00,,,,,,,,0.86,0.86,,0.0,0,False
2026-03-31 05:32:30+00:00,,,,,,,,0.86,0.86,,0.0,0,False
2026-03-31 05:33:00+00:00,,,,,,,,0.86,0.86,,0.0,0,False
2026-03-31 05:33:30+00:00,,,,,,,,0.86,0.86,,0.0,0,False
2026-03-31 05:34:00+00:00,,,,,,,,0.86,0.86,,0.0,0,False
2026-03-31 05:34:30+00:00,,,,,,,,0.86,0.86,,0.0,0,False
2026-03-31 05:35:00+00:00,,,,,,,,0.86,0.86,,0.0,0,False
2026-03-31 05:35:30+00:00,,,,,,,,0.86,0.86,,0.0,0,False
2026-03-31 05:36:00+00:00,,,,,,,,0.86,0.86,,0.0,0,False
2026-03-31 05:36:30+00:00,,,,,,,,0.86,0.86,,0.0,0,False
2026-03-31 05:37:00+00:00,,,,,,,,0.86,0.86,,0.0,0,False
2026-03-31 05:37:30+00:00,,,,,,,,0.86,0.86,,0.0,0,False
2026-03-31 05:38:00+00:00,,,,,,,,0.86,0.86,,0.0,0,False
2026-03-31 05:38:30+00:00,,,,,,,,0.86,0.86,,0.0,0,False
2026-03-31 05:39:00+00:00,,,,,,,,0.86,0.86,,0.0,0,False
2026-03-31 05:39:30+00:00,,,,,,,,0.86,0.86,,0.0,0,False
2026-03-31 05:40:00+00:00,,,,,,,,0.86,0.86,,0.0,0,False
2026-03-31 05:40:30+00:00,,,,,,,,0.86,0.86,,0.0,0,False
2026-03-31 05:41:00+00:00,,,,,,,,0.86,0.86,,0.0,0,False
2026-03-31 05:41:30+00:00,,,,,,,,0.86,0.86,,0.0,0,False
2026-03-31 05:42:00+00:00,,,,,,,,0.8690196078431373,0.87,,51.0,2,False
2026-03-31 05:42:30+00:00,,,,,,,,0.87,0.87,,94.0,5,False
2026-03-31 05:43:00+00:00,,,,,,,,0.87,0.87,,31.0,2,False
2026-03-31 05:43:30+00:00,,,,,,,,0.8651937984496124,0.87,,129.0,3,False
2026-03-31 05:44:00+00:00,,,,,,,,0.8700000000000001,0.87,,73.0,7,False
2026-03-31 05:44:30+00:00,,,,,,,,0.8700000000000001,0.87,,70.0,7,False
2026-03-31 05:45:00+00:00,,,,,,,,0.87,0.87,,28.0,2,False
2026-03-31 05:45:30+00:00,,,,,,,,0.87,0.87,,0.0,0,False
2026-03-31 05:46:00+00:00,,,,,,,,0.8700000000000001,0.87,,64.0,6,False
2026-03-31 05:46:30+00:00,,,,,,,,0.8699999999999999,0.87,,80.0,8,False
2026-03-31 05:47:00+00:00,,,,,,,,0.87,0.87,,21.0,2,False
2026-03-31 05:47:30+00:00,,,,,,,,0.87,0.87,,0.0,0,False
2026-03-31 05:48:00+00:00,,,,,,,,0.8699999999999999,0.87,,40.0,4,False
2026-03-31 05:48:30+00:00,,,,,,,,0.8699999999999999,0.87,,80.0,8,False
2026-03-31 05:49:00+00:00,,,,,,,,0.8699999999999999,0.87,,20.0,2,False
2026-03-31 05:49:30+00:00,,,,,,,,0.8699999999999999,0.87,,0.0,0,False
2026-03-31 05:50:00+00:00,,,,,,,,0.8699999999999999,0.87,,0.0,0,False
2026-03-31 05:50:30+00:00,,,,,,,,0.8699999999999999,0.87,,0.0,0,False
2026-03-31 05:51:00+00:00,,,,,,,,0.86,0.86,,1.0,1,False
2026-03-31 05:51:30+00:00,,,,,,,,0.86,0.86,,0.0,0,False
2026-03-31 05:52:00+00:00,,,,,,,,0.86,0.86,,0.0,0,False
2026-03-31 05:52:30+00:00,,,,,,,,0.86,0.86,,0.0,0,False
2026-03-31 05:53:00+00:00,,,,,,,,0.86,0.86,,0.0,0,False
2026-03-31 05:53:30+00:00,,,,,,,,0.86,0.86,,0.0,0,False
2026-03-31 05:54:00+00:00,,,,,,,,0.86,0.86,,0.0,0,False
2026-03-31 05:54:30+00:00,,,,,,,,0.86,0.86,,0.0,0,False
2026-03-31 05:55:00+00:00,,,,,,,,0.86,0.86,,0.0,0,False
2026-03-31 05:55:30+00:00,,,,,,,,0.86,0.86,,0.0,0,False
2026-03-31 05:56:00+00:00,,,,,,,,0.86,0.86,,0.0,0,False
2026-03-31 05:56:30+00:00,,,,,,,,0.86,0.86,,0.0,0,False
2026-03-31 05:57:00+00:00,,,,,,,,0.86,0.86,,0.0,0,False
2026-03-31 05:57:30+00:00,,,,,,,,0.86,0.86,,0.0,0,False
2026-03-31 05:58:00+00:00,,,,,,,,0.86,0.86,,0.0,0,False
2026-03-31 05:58:30+00:00,,,,,,,,0.86,0.86,,0.0,0,False
2026-03-31 05:59:00+00:00,,,,,,,,0.86,0.86,,0.0,0,False
2026-03-31 05:59:30+00:00,,,,,,,,0.86,0.86,,0.0,0,False
2026-03-31 06:00:00+00:00,,,,,,,,0.86,0.86,,0.0,0,False
2026-03-31 06:00:30+00:00,,,,,,,,0.86,0.86,,0.0,0,False
2026-03-31 06:01:00+00:00,,,,,,,,0.86,0.86,,0.0,0,False
2026-03-31 06:01:30+00:00,,,,,,,,0.86,0.86,,0.0,0,False
2026-03-31 06:02:00+00:00,,,,,,,,0.86,0.86,,0.0,0,False
2026-03-31 06:02:30+00:00,,,,,,,,0.86,0.86,,0.0,0,False
2026-03-31 06:03:00+00:00,,,,,,,,0.86,0.86,,0.0,0,False
2026-03-31 06:03:30+00:00,,,,,,,,0.86,0.86,,0.0,0,False
2026-03-31 06:04:00+00:00,,,,,,,,0.87,0.87,,9.0,1,False
2026-03-31 06:04:30+00:00,,,,,,,,0.87,0.87,,0.0,0,False
2026-03-31 06:05:00+00:00,,,,,,,,0.87,0.87,,27.0,1,False
2026-03-31 06:05:30+00:00,,,,,,,,0.87,0.87,,0.0,0,False
2026-03-31 06:06:00+00:00,,,,,,,,0.87,0.87,,0.0,0,False
2026-03-31 06:06:30+00:00,,,,,,,,0.87,0.87,,0.0,0,False
2026-03-31 06:07:00+00:00,,,,,,,,0.87,0.87,,0.0,0,False
2026-03-31 06:07:30+00:00,,,,,,,,0.87,0.87,,0.0,0,False
2026-03-31 06:08:00+00:00,,,,,,,,0.87,0.87,,0.0,0,False
2026-03-31 06:08:30+00:00,,,,,,,,0.87,0.87,,0.0,0,False
2026-03-31 06:09:00+00:00,,,,,,,,0.87,0.87,,0.0,0,False
2026-03-31 06:09:30+00:00,,,,,,,,0.87,0.87,,0.0,0,False
2026-03-31 06:10:00+00:00,,,,,,,,0.87,0.87,,0.0,0,False
2026-03-31 06:10:30+00:00,,,,,,,,0.87,0.87,,0.0,0,False
2026-03-31 06:11:00+00:00,,,,,,,,0.87,0.87,,0.0,0,False
2026-03-31 06:11:30+00:00,,,,,,,,0.87,0.87,,0.0,0,False
2026-03-31 06:12:00+00:00,,,,,,,,0.87,0.87,,0.0,0,False
2026-03-31 06:12:30+00:00,,,,,,,,0.87,0.87,,0.0,0,False
2026-03-31 06:13:00+00:00,,,,,,,,0.87,0.87,,0.0,0,False
2026-03-31 06:13:30+00:00,,,,,,,,0.87,0.87,,0.0,0,False
2026-03-31 06:14:00+00:00,,,,,,,,0.87,0.87,,0.0,0,False
2026-03-31 06:14:30+00:00,,,,,,,,0.87,0.87,,0.0,0,False
2026-03-31 06:15:00+00:00,,,,,,,,0.87,0.87,,0.0,0,False
2026-03-31 06:15:30+00:00,,,,,,,,0.86,0.86,,3.0,1,False
2026-03-31 06:16:00+00:00,,,,,,,,0.86,0.86,,0.0,0,False
2026-03-31 06:16:30+00:00,,,,,,,,0.86,0.86,,0.0,0,False
2026-03-31 06:17:00+00:00,,,,,,,,0.86,0.86,,0.0,0,False
2026-03-31 06:17:30+00:00,,,,,,,,0.86,0.86,,0.0,0,False
2026-03-31 06:18:00+00:00,,,,,,,,0.86,0.86,,0.0,0,False
2026-03-31 06:18:30+00:00,,,,,,,,0.86,0.86,,0.0,0,False
2026-03-31 06:19:00+00:00,,,,,,,,0.86,0.86,,0.0,0,False
2026-03-31 06:19:30+00:00,,,,,,,,0.86,0.86,,0.0,0,False
2026-03-31 06:20:00+00:00,,,,,,,,0.86,0.86,,0.0,0,False
2026-03-31 06:20:30+00:00,,,,,,,,0.86,0.86,,0.0,0,False
2026-03-31 06:21:00+00:00,,,,,,,,0.86,0.86,,26.0,1,False
2026-03-31 06:21:30+00:00,,,,,,,,0.86,0.86,,100.0,1,False
2026-03-31 06:22:00+00:00,,,,,,,,0.86,0.86,,0.0,0,False
2026-03-31 06:22:30+00:00,,,,,,,,0.86,0.86,,0.0,0,False
2026-03-31 06:23:00+00:00,,,,,,,,0.86,0.86,,0.0,0,False
2026-03-31 06:23:30+00:00,,,,,,,,0.86,0.86,,0.0,0,False
2026-03-31 06:24:00+00:00,,,,,,,,0.86,0.86,,0.0,0,False
2026-03-31 06:24:30+00:00,,,,,,,,0.86,0.86,,0.0,0,False
2026-03-31 06:25:00+00:00,,,,,,,,0.86,0.86,,0.0,0,False
2026-03-31 06:25:30+00:00,,,,,,,,0.86,0.86,,0.0,0,False
2026-03-31 06:26:00+00:00,,,,,,,,0.86,0.86,,0.0,0,False
2026-03-31 06:26:30+00:00,,,,,,,,0.86,0.86,,0.0,0,False
2026-03-31 06:27:00+00:00,,,,,,,,0.86,0.86,,0.0,0,False
2026-03-31 06:27:30+00:00,,,,,,,,0.86,0.86,,0.0,0,False
2026-03-31 06:28:00+00:00,,,,,,,,0.86,0.86,,0.0,0,False
2026-03-31 06:28:30+00:00,,,,,,,,0.86,0.86,,0.0,0,False
2026-03-31 06:29:00+00:00,,,,,,,,0.86,0.86,,0.0,0,False
2026-03-31 06:29:30+00:00,,,,,,,,0.86,0.86,,0.0,0,False
2026-03-31 06:30:00+00:00,,,,,,,,0.86,0.86,,0.0,0,False
2026-03-31 06:30:30+00:00,,,,,,,,0.86,0.86,,0.0,0,False
2026-03-31 06:31:00+00:00,,,,,,,,0.86,0.86,,0.0,0,False
2026-03-31 06:31:30+00:00,,,,,,,,0.86,0.86,,0.0,0,False
2026-03-31 06:32:00+00:00,,,,,,,,0.86,0.86,,0.0,0,False
2026-03-31 06:32:30+00:00,,,,,,,,0.86,0.86,,0.0,0,False
2026-03-31 06:33:00+00:00,,,,,,,,0.86,0.86,,0.0,0,False
2026-03-31 06:33:30+00:00,,,,,,,,0.86,0.86,,0.0,0,False
2026-03-31 06:34:00+00:00,,,,,,,,0.86,0.86,,0.0,0,False
2026-03-31 06:34:30+00:00,,,,,,,,0.86,0.86,,0.0,0,False
2026-03-31 06:35:00+00:00,,,,,,,,0.86,0.86,,0.0,0,False
2026-03-31 06:35:30+00:00,,,,,,,,0.86,0.86,,0.0,0,False
2026-03-31 06:36:00+00:00,,,,,,,,0.86,0.86,,0.0,0,False
2026-03-31 06:36:30+00:00,,,,,,,,0.86,0.86,,0.0,0,False
2026-03-31 06:37:00+00:00,,,,,,,,0.86,0.86,,0.0,0,False
2026-03-31 06:37:30+00:00,,,,,,,,0.86,0.86,,0.0,0,False
2026-03-31 06:38:00+00:00,,,,,,,,0.86,0.86,,0.0,0,False
2026-03-31 06:38:30+00:00,,,,,,,,0.86,0.86,,0.0,0,False
2026-03-31 06:39:00+00:00,,,,,,,,0.86,0.86,,0.0,0,False
2026-03-31 06:39:30+00:00,,,,,,,,0.86,0.86,,0.0,0,False
2026-03-31 06:40:00+00:00,,,,,,,,0.86,0.86,,0.0,0,False
2026-03-31 06:40:30+00:00,,,,,,,,0.86,0.86,,0.0,0,False
2026-03-31 06:41:00+00:00,,,,,,,,0.86,0.86,,0.0,0,False
2026-03-31 06:41:30+00:00,,,,,,,,0.86,0.86,,0.0,0,False
2026-03-31 06:42:00+00:00,,,,,,,,0.86,0.86,,0.0,0,False
2026-03-31 06:42:30+00:00,,,,,,,,0.86,0.86,,0.0,0,False
2026-03-31 06:43:00+00:00,,,,,,,,0.86,0.86,,0.0,0,False
2026-03-31 06:43:30+00:00,,,,,,,,0.86,0.86,,0.0,0,False
2026-03-31 06:44:00+00:00,,,,,,,,0.86,0.86,,0.0,0,False
2026-03-31 06:44:30+00:00,,,,,,,,0.86,0.86,,0.0,0,False
2026-03-31 06:45:00+00:00,,,,,,,,0.86,0.86,,0.0,0,False
2026-03-31 06:45:30+00:00,,,,,,,,0.86,0.86,,0.0,0,False
2026-03-31 06:46:00+00:00,,,,,,,,0.86,0.86,,0.0,0,False
2026-03-31 06:46:30+00:00,,,,,,,,0.86,0.86,,0.0,0,False
2026-03-31 06:47:00+00:00,,,,,,,,0.86,0.86,,0.0,0,False
2026-03-31 06:47:30+00:00,,,,,,,,0.86,0.86,,0.0,0,False
2026-03-31 06:48:00+00:00,,,,,,,,0.86,0.86,,0.0,0,False
2026-03-31 06:48:30+00:00,,,,,,,,0.86,0.86,,0.0,0,False
2026-03-31 06:49:00+00:00,,,,,,,,0.86,0.86,,0.0,0,False
2026-03-31 06:49:30+00:00,,,,,,,,0.86,0.86,,0.0,0,False
2026-03-31 06:50:00+00:00,,,,,,,,0.86,0.86,,0.0,0,False
2026-03-31 06:50:30+00:00,,,,,,,,0.86,0.86,,0.0,0,False
2026-03-31 06:51:00+00:00,,,,,,,,0.86,0.86,,0.0,0,False
2026-03-31 06:51:30+00:00,,,,,,,,0.86,0.86,,0.0,0,False
2026-03-31 06:52:00+00:00,,,,,,,,0.86,0.86,,0.0,0,False
2026-03-31 06:52:30+00:00,,,,,,,,0.86,0.86,,0.0,0,False
2026-03-31 06:53:00+00:00,,,,,,,,0.86,0.86,,0.0,0,False
2026-03-31 06:53:30+00:00,,,,,,,,0.86,0.86,,0.0,0,False
2026-03-31 06:54:00+00:00,,,,,,,,0.86,0.86,,0.0,0,False
2026-03-31 06:54:30+00:00,,,,,,,,0.86,0.86,,0.0,0,False
2026-03-31 06:55:00+00:00,,,,,,,,0.86,0.86,,0.0,0,False
2026-03-31 06:55:30+00:00,,,,,,,,0.86,0.86,,0.0,0,False
2026-03-31 06:56:00+00:00,,,,,,,,0.86,0.86,,0.0,0,False
2026-03-31 06:56:30+00:00,,,,,,,,0.86,0.86,,0.0,0,False
2026-03-31 06:57:00+00:00,,,,,,,,0.86,0.86,,0.0,0,False
2026-03-31 06:57:30+00:00,,,,,,,,0.86,0.86,,0.0,0,False
2026-03-31 06:58:00+00:00,,,,,,,,0.86,0.86,,0.0,0,False
2026-03-31 06:58:30+00:00,,,,,,,,0.86,0.86,,0.0,0,False
2026-03-31 06:59:00+00:00,,,,,,,,0.86,0.86,,0.0,0,False
2026-03-31 06:59:30+00:00,,,,,,,,0.86,0.86,,0.0,0,False
2026-03-31 07:00:00+00:00,,,,,,,,0.86,0.86,,0.0,0,False
2026-03-31 07:00:30+00:00,,,,,,,,0.86,0.86,,0.0,0,False
2026-03-31 07:01:00+00:00,,,,,,,,0.86,0.86,,0.0,0,False
2026-03-31 07:01:30+00:00,,,,,,,,0.86,0.86,,10.0,1,False
2026-03-31 07:02:00+00:00,,,,,,,,0.86,0.86,,0.0,0,False
2026-03-31 07:02:30+00:00,,,,,,,,0.86,0.86,,0.0,0,False
2026-03-31 07:03:00+00:00,,,,,,,,0.86,0.86,,0.0,0,False
2026-03-31 07:03:30+00:00,,,,,,,,0.86,0.86,,0.0,0,False
2026-03-31 07:04:00+00:00,,,,,,,,0.86,0.86,,0.0,0,False
2026-03-31 07:04:30+00:00,,,,,,,,0.86,0.86,,0.0,0,False
2026-03-31 07:05:00+00:00,,,,,,,,0.86,0.86,,0.0,0,False
2026-03-31 07:05:30+00:00,,,,,,,,0.86,0.86,,0.0,0,False
2026-03-31 07:06:00+00:00,,,,,,,,0.86,0.86,,0.0,0,False
2026-03-31 07:06:30+00:00,,,,,,,,0.86,0.86,,0.0,0,False
2026-03-31 07:07:00+00:00,,,,,,,,0.86,0.86,,0.0,0,False
2026-03-31 07:07:30+00:00,,,,,,,,0.86,0.86,,0.0,0,False
2026-03-31 07:08:00+00:00,,,,,,,,0.86,0.86,,0.0,0,False
2026-03-31 07:08:30+00:00,,,,,,,,0.86,0.86,,0.0,0,False
2026-03-31 07:09:00+00:00,,,,,,,,0.86,0.86,,0.0,0,False
2026-03-31 07:09:30+00:00,,,,,,,,0.86,0.86,,31.0,1,False
2026-03-31 07:10:00+00:00,,,,,,,,0.86,0.86,,0.0,0,False
2026-03-31 07:10:30+00:00,,,,,,,,0.86,0.86,,0.0,0,False
2026-03-31 07:11:00+00:00,,,,,,,,0.86,0.86,,0.0,0,False
2026-03-31 07:11:30+00:00,,,,,,,,0.86,0.86,,0.0,0,False
2026-03-31 07:12:00+00:00,,,,,,,,0.86,0.86,,0.0,0,False
2026-03-31 07:12:30+00:00,,,,,,,,0.86,0.86,,0.0,0,False
2026-03-31 07:13:00+00:00,,,,,,,,0.86,0.86,,0.0,0,False
2026-03-31 07:13:30+00:00,,,,,,,,0.86,0.86,,0.0,0,False
2026-03-31 07:14:00+00:00,,,,,,,,0.86,0.86,,0.0,0,False
2026-03-31 07:14:30+00:00,,,,,,,,0.86,0.86,,0.0,0,False
2026-03-31 07:15:00+00:00,,,,,,,,0.86,0.86,,0.0,0,False
2026-03-31 07:15:30+00:00,,,,,,,,0.86,0.86,,0.0,0,False
2026-03-31 07:16:00+00:00,,,,,,,,0.86,0.86,,0.0,0,False
2026-03-31 07:16:30+00:00,,,,,,,,0.86,0.86,,0.0,0,False
2026-03-31 07:17:00+00:00,,,,,,,,0.86,0.86,,0.0,0,False
2026-03-31 07:17:30+00:00,,,,,,,,0.86,0.86,,0.0,0,False
2026-03-31 07:18:00+00:00,,,,,,,,0.86,0.86,,0.0,0,False
2026-03-31 07:18:30+00:00,,,,,,,,0.86,0.86,,0.0,0,False
2026-03-31 07:19:00+00:00,,,,,,,,0.86,0.86,,0.0,0,False
2026-03-31 07:19:30+00:00,,,,,,,,0.86,0.86,,0.0,0,False
2026-03-31 07:20:00+00:00,,,,,,,,0.86,0.86,,0.0,0,False
2026-03-31 07:20:30+00:00,,,,,,,,0.86,0.86,,0.0,0,False
2026-03-31 07:21:00+00:00,,,,,,,,0.86,0.86,,0.0,0,False
2026-03-31 07:21:30+00:00,,,,,,,,0.86,0.86,,0.0,0,False
2026-03-31 07:22:00+00:00,,,,,,,,0.86,0.86,,0.0,0,False
2026-03-31 07:22:30+00:00,,,,,,,,0.86,0.86,,0.0,0,False
2026-03-31 07:23:00+00:00,,,,,,,,0.86,0.86,,0.0,0,False
2026-03-31 07:23:30+00:00,,,,,,,,0.86,0.86,,0.0,0,False
2026-03-31 07:24:00+00:00,,,,,,,,0.86,0.86,,0.0,0,False
2026-03-31 07:24:30+00:00,,,,,,,,0.86,0.86,,0.0,0,False
2026-03-31 07:25:00+00:00,,,,,,,,0.86,0.86,,0.0,0,False
2026-03-31 07:25:30+00:00,,,,,,,,0.86,0.86,,0.0,0,False
2026-03-31 07:26:00+00:00,,,,,,,,0.86,0.86,,0.0,0,False
2026-03-31 07:26:30+00:00,,,,,,,,0.86,0.86,,0.0,0,False
2026-03-31 07:27:00+00:00,,,,,,,,0.86,0.86,,0.0,0,False
2026-03-31 07:27:30+00:00,,,,,,,,0.86,0.86,,0.0,0,False
2026-03-31 07:28:00+00:00,,,,,,,,0.86,0.86,,0.0,0,False
2026-03-31 07:28:30+00:00,,,,,,,,0.86,0.86,,0.0,0,False
2026-03-31 07:29:00+00:00,,,,,,,,0.86,0.86,,0.0,0,False
2026-03-31 07:29:30+00:00,,,,,,,,0.86,0.86,,0.0,0,False
2026-03-31 07:30:00+00:00,,,,,,,,0.86,0.86,,0.0,0,False
2026-03-31 07:30:30+00:00,,,,,,,,0.86,0.86,,0.0,0,False
2026-03-31 07:31:00+00:00,,,,,,,,0.86,0.86,,0.0,0,False
2026-03-31 07:31:30+00:00,,,,,,,,0.8773333333333333,0.87,,15.0,2,False
2026-03-31 07:32:00+00:00,,,,,,,,0.8773333333333333,0.87,,0.0,0,False
2026-03-31 07:32:30+00:00,,,,,,,,0.8773333333333333,0.87,,0.0,0,False
2026-03-31 07:33:00+00:00,,,,,,,,0.8773333333333333,0.87,,0.0,0,False
2026-03-31 07:33:30+00:00,,,,,,,,0.8773333333333333,0.87,,0.0,0,False
2026-03-31 07:34:00+00:00,,,,,,,,0.87,0.87,,9.0,1,False
2026-03-31 07:34:30+00:00,,,,,,,,0.87,0.87,,0.0,0,False
2026-03-31 07:35:00+00:00,,,,,,,,0.87,0.87,,0.0,0,False
2026-03-31 07:35:30+00:00,,,,,,,,0.87,0.87,,0.0,0,False
2026-03-31 07:36:00+00:00,,,,,,,,0.87,0.87,,0.0,0,False
2026-03-31 07:36:30+00:00,,,,,,,,0.87,0.87,,0.0,0,False
2026-03-31 07:37:00+00:00,,,,,,,,0.87,0.87,,0.0,0,False
2026-03-31 07:37:30+00:00,,,,,,,,0.87,0.87,,0.0,0,False
2026-03-31 07:38:00+00:00,,,,,,,,0.87,0.87,,0.0,0,False
2026-03-31 07:38:30+00:00,,,,,,,,0.87,0.87,,0.0,0,False
2026-03-31 07:39:00+00:00,,,,,,,,0.87,0.87,,0.0,0,False
2026-03-31 07:39:30+00:00,,,,,,,,0.86,0.86,,6.0,1,False
2026-03-31 07:40:00+00:00,,,,,,,,0.86,0.86,,0.0,0,False
2026-03-31 07:40:30+00:00,,,,,,,,0.86,0.86,,0.0,0,False
2026-03-31 07:41:00+00:00,,,,,,,,0.86,0.86,,0.0,0,False
2026-03-31 07:41:30+00:00,,,,,,,,0.86,0.86,,0.0,0,False
2026-03-31 07:42:00+00:00,,,,,,,,0.8699999999999999,0.87,,20.0,1,False
2026-03-31 07:42:30+00:00,,,,,,,,0.8699999999999999,0.87,,0.0,0,False
2026-03-31 07:43:00+00:00,,,,,,,,0.8699999999999999,0.87,,0.0,0,False
2026-03-31 07:43:30+00:00,,,,,,,,0.87,0.87,,16.0,1,False
2026-03-31 07:44:00+00:00,,,,,,,,0.87,0.87,,0.0,0,False
2026-03-31 07:44:30+00:00,,,,,,,,0.87,0.87,,0.0,0,False
2026-03-31 07:45:00+00:00,,,,,,,,0.8699999999999999,0.87,,10.0,1,False
2026-03-31 07:45:30+00:00,,,,,,,,0.8699999999999999,0.87,,0.0,0,False
2026-03-31 07:46:00+00:00,,,,,,,,0.8699999999999999,0.87,,0.0,0,False
2026-03-31 07:46:30+00:00,,,,,,,,0.8699999999999999,0.87,,20.0,1,False
2026-03-31 07:47:00+00:00,,,,,,,,0.87,0.87,,39.0,1,False
2026-03-31 07:47:30+00:00,,,,,,,,0.87,0.87,,0.0,0,False
2026-03-31 07:48:00+00:00,,,,,,,,0.87,0.87,,0.0,0,False
2026-03-31 07:48:30+00:00,,,,,,,,0.87,0.87,,0.0,0,False
2026-03-31 07:49:00+00:00,,,,,,,,0.87,0.87,,0.0,0,False
2026-03-31 07:49:30+00:00,,,,,,,,0.87,0.87,,0.0,0,False
2026-03-31 07:50:00+00:00,,,,,,,,0.87,0.87,,0.0,0,False
2026-03-31 07:50:30+00:00,,,,,,,,0.87,0.87,,0.0,0,False
2026-03-31 07:51:00+00:00,,,,,,,,0.87,0.87,,0.0,0,False
2026-03-31 07:51:30+00:00,,,,,,,,0.87,0.87,,0.0,0,False
2026-03-31 07:52:00+00:00,,,,,,,,0.87,0.87,,0.0,0,False
2026-03-31 07:52:30+00:00,,,,,,,,0.87,0.87,,0.0,0,False
2026-03-31 07:53:00+00:00,,,,,,,,0.87,0.87,,0.0,0,False
2026-03-31 07:53:30+00:00,,,,,,,,0.87,0.87,,0.0,0,False
2026-03-31 07:54:00+00:00,,,,,,,,0.87,0.87,,0.0,0,False
2026-03-31 07:54:30+00:00,,,,,,,,0.87,0.87,,0.0,0,False
2026-03-31 07:55:00+00:00,,,,,,,,0.87,0.87,,0.0,0,False
2026-03-31 07:55:30+00:00,,,,,,,,0.87,0.87,,0.0,0,False
2026-03-31 07:56:00+00:00,,,,,,,,0.87,0.87,,0.0,0,False
2026-03-31 07:56:30+00:00,,,,,,,,0.87,0.87,,0.0,0,False
2026-03-31 07:57:00+00:00,,,,,,,,0.87,0.87,,0.0,0,False
2026-03-31 07:57:30+00:00,,,,,,,,0.87,0.87,,0.0,0,False
2026-03-31 07:58:00+00:00,,,,,,,,0.87,0.87,,0.0,0,False
2026-03-31 07:58:30+00:00,,,,,,,,0.87,0.87,,0.0,0,False
2026-03-31 07:59:00+00:00,,,,,,,,0.87,0.87,,0.0,0,False
2026-03-31 07:59:30+00:00,,,,,,,,0.87,0.87,,0.0,0,False
2026-03-31 08:00:00+00:00,,,,,,,,0.87,0.87,,0.0,0,False
2026-03-31 08:00:30+00:00,,,,,,,,0.87,0.87,,0.0,0,False
2026-03-31 08:01:00+00:00,,,,,,,,0.87,0.87,,0.0,0,False
2026-03-31 08:01:30+00:00,,,,,,,,0.87,0.87,,0.0,0,False
2026-03-31 08:02:00+00:00,,,,,,,,0.87,0.87,,0.0,0,False
2026-03-31 08:02:30+00:00,,,,,,,,0.87,0.87,,0.0,0,False
2026-03-31 08:03:00+00:00,,,,,,,,0.87,0.87,,0.0,0,False
2026-03-31 08:03:30+00:00,,,,,,,,0.87,0.87,,0.0,0,False
2026-03-31 08:04:00+00:00,,,,,,,,0.87,0.87,,0.0,0,False
2026-03-31 08:04:30+00:00,,,,,,,,0.87,0.87,,0.0,0,False
2026-03-31 08:05:00+00:00,,,,,,,,0.87,0.87,,0.0,0,False
2026-03-31 08:05:30+00:00,,,,,,,,0.87,0.87,,0.0,0,False
2026-03-31 08:06:00+00:00,,,,,,,,0.87,0.87,,0.0,0,False
2026-03-31 08:06:30+00:00,,,,,,,,0.87,0.87,,0.0,0,False
2026-03-31 08:07:00+00:00,,,,,,,,0.87,0.87,,0.0,0,False
2026-03-31 08:07:30+00:00,,,,,,,,0.87,0.87,,0.0,0,False
2026-03-31 08:08:00+00:00,,,,,,,,0.87,0.87,,0.0,0,False
2026-03-31 08:08:30+00:00,,,,,,,,0.87,0.87,,0.0,0,False
2026-03-31 08:09:00+00:00,,,,,,,,0.87,0.87,,0.0,0,False
2026-03-31 08:09:30+00:00,,,,,,,,0.87,0.87,,0.0,0,False
2026-03-31 08:10:00+00:00,,,,,,,,0.87,0.87,,0.0,0,False
2026-03-31 08:10:30+00:00,,,,,,,,0.87,0.87,,0.0,0,False
2026-03-31 08:11:00+00:00,,,,,,,,0.87,0.87,,0.0,0,False
2026-03-31 08:11:30+00:00,,,,,,,,0.87,0.87,,0.0,0,False
2026-03-31 08:12:00+00:00,,,,,,,,0.87,0.87,,0.0,0,False
2026-03-31 08:12:30+00:00,,,,,,,,0.87,0.87,,0.0,0,False
2026-03-31 08:13:00+00:00,,,,,,,,0.87,0.87,,0.0,0,False
2026-03-31 08:13:30+00:00,,,,,,,,0.87,0.87,,0.0,0,False
2026-03-31 08:14:00+00:00,,,,,,,,0.87,0.87,,0.0,0,False
2026-03-31 08:14:30+00:00,,,,,,,,0.87,0.87,,0.0,0,False
2026-03-31 08:15:00+00:00,,,,,,,,0.87,0.87,,0.0,0,False
2026-03-31 08:15:30+00:00,,,,,,,,0.87,0.87,,0.0,0,False
2026-03-31 08:16:00+00:00,,,,,,,,0.87,0.87,,0.0,0,False
2026-03-31 08:16:30+00:00,,,,,,,,0.87,0.87,,0.0,0,False
2026-03-31 08:17:00+00:00,,,,,,,,0.87,0.87,,0.0,0,False
2026-03-31 08:17:30+00:00,,,,,,,,0.87,0.87,,0.0,0,False
2026-03-31 08:18:00+00:00,,,,,,,,0.87,0.87,,0.0,0,False
2026-03-31 08:18:30+00:00,,,,,,,,0.87,0.87,,0.0,0,False
2026-03-31 08:19:00+00:00,,,,,,,,0.87,0.87,,0.0,0,False
2026-03-31 08:19:30+00:00,,,,,,,,0.87,0.87,,0.0,0,False
2026-03-31 08:20:00+00:00,,,,,,,,0.87,0.87,,0.0,0,False
2026-03-31 08:20:30+00:00,,,,,,,,0.88,0.88,,1.0,1,False
2026-03-31 08:21:00+00:00,,,,,,,,0.88,0.88,,0.0,0,False
2026-03-31 08:21:30+00:00,,,,,,,,0.88,0.88,,0.0,0,False
2026-03-31 08:22:00+00:00,,,,,,,,0.88,0.88,,0.0,0,False
2026-03-31 08:22:30+00:00,,,,,,,,0.88,0.88,,0.0,0,False
2026-03-31 08:23:00+00:00,,,,,,,,0.88,0.88,,0.0,0,False
2026-03-31 08:23:30+00:00,,,,,,,,0.88,0.88,,0.0,0,False
2026-03-31 08:24:00+00:00,,,,,,,,0.88,0.88,,0.0,0,False
2026-03-31 08:24:30+00:00,,,,,,,,0.88,0.88,,0.0,0,False
2026-03-31 08:25:00+00:00,,,,,,,,0.88,0.88,,0.0,0,False
2026-03-31 08:25:30+00:00,,,,,,,,0.88,0.88,,0.0,0,False
2026-03-31 08:26:00+00:00,,,,,,,,0.88,0.88,,0.0,0,False
2026-03-31 08:26:30+00:00,,,,,,,,0.88,0.88,,0.0,0,False
2026-03-31 08:27:00+00:00,,,,,,,,0.88,0.88,,0.0,0,False
2026-03-31 08:27:30+00:00,,,,,,,,0.88,0.88,,0.0,0,False
2026-03-31 08:28:00+00:00,,,,,,,,0.86,0.86,,1000.0,1,False
2026-03-31 08:28:30+00:00,,,,,,,,0.86,0.86,,0.0,0,False
2026-03-31 08:29:00+00:00,,,,,,,,0.86,0.86,,0.0,0,False
2026-03-31 08:29:30+00:00,,,,,,,,0.86,0.86,,0.0,0,False
2026-03-31 08:30:00+00:00,,,,,,,,0.86,0.86,,0.0,0,False
2026-03-31 08:30:30+00:00,,,,,,,,0.86,0.86,,0.0,0,False
2026-03-31 08:31:00+00:00,,,,,,,,0.86,0.86,,0.0,0,False
2026-03-31 08:31:30+00:00,,,,,,,,0.86,0.86,,0.0,0,False
2026-03-31 08:32:00+00:00,,,,,,,,0.86,0.86,,0.0,0,False
2026-03-31 08:32:30+00:00,,,,,,,,0.86,0.86,,0.0,0,False
2026-03-31 08:33:00+00:00,,,,,,,,0.86,0.86,,0.0,0,False
2026-03-31 08:33:30+00:00,,,,,,,,0.86,0.86,,0.0,0,False
2026-03-31 08:34:00+00:00,,,,,,,,0.86,0.86,,0.0,0,False
2026-03-31 08:34:30+00:00,,,,,,,,0.86,0.86,,0.0,0,False
2026-03-31 08:35:00+00:00,,,,,,,,0.86,0.86,,0.0,0,False
2026-03-31 08:35:30+00:00,,,,,,,,0.86,0.86,,0.0,0,False
2026-03-31 08:36:00+00:00,,,,,,,,0.86,0.86,,9.0,1,False
2026-03-31 08:36:30+00:00,,,,,,,,0.86,0.86,,0.0,0,False
2026-03-31 08:37:00+00:00,,,,,,,,0.86,0.86,,0.0,0,False
2026-03-31 08:37:30+00:00,,,,,,,,0.86,0.86,,0.0,0,False
2026-03-31 08:38:00+00:00,,,,,,,,0.86,0.86,,0.0,0,False
2026-03-31 08:38:30+00:00,,,,,,,,0.86,0.86,,0.0,0,False
2026-03-31 08:39:00+00:00,,,,,,,,0.86,0.86,,0.0,0,False
2026-03-31 08:39:30+00:00,,,,,,,,0.86,0.86,,0.0,0,False
2026-03-31 08:40:00+00:00,,,,,,,,0.86,0.86,,0.0,0,False
2026-03-31 08:40:30+00:00,,,,,,,,0.86,0.86,,0.0,0,False
2026-03-31 08:41:00+00:00,,,,,,,,0.86,0.86,,0.0,0,False
2026-03-31 08:41:30+00:00,,,,,,,,0.86,0.86,,0.0,0,False
2026-03-31 08:42:00+00:00,,,,,,,,0.86,0.86,,0.0,0,False
2026-03-31 08:42:30+00:00,,,,,,,,0.86,0.86,,0.0,0,False
2026-03-31 08:43:00+00:00,,,,,,,,0.86,0.86,,0.0,0,False
2026-03-31 08:43:30+00:00,,,,,,,,0.86,0.86,,0.0,0,False
2026-03-31 08:44:00+00:00,,,,,,,,0.86,0.86,,0.0,0,False
2026-03-31 08:44:30+00:00,,,,,,,,0.86,0.86,,0.0,0,False
2026-03-31 08:45:00+00:00,,,,,,,,0.86,0.86,,0.0,0,False
2026-03-31 08:45:30+00:00,,,,,,,,0.86,0.86,,0.0,0,False
2026-03-31 08:46:00+00:00,,,,,,,,0.86,0.86,,0.0,0,False
2026-03-31 08:46:30+00:00,,,,,,,,0.86,0.86,,0.0,0,False
2026-03-31 08:47:00+00:00,,,,,,,,0.86,0.86,,0.0,0,False
2026-03-31 08:47:30+00:00,,,,,,,,0.86,0.86,,0.0,0,False
2026-03-31 08:48:00+00:00,,,,,,,,0.86,0.86,,0.0,0,False
2026-03-31 08:48:30+00:00,,,,,,,,0.86,0.86,,0.0,0,False
2026-03-31 08:49:00+00:00,,,,,,,,0.86,0.86,,0.0,0,False
2026-03-31 08:49:30+00:00,,,,,,,,0.86,0.86,,0.0,0,False
2026-03-31 08:50:00+00:00,,,,,,,,0.86,0.86,,0.0,0,False
2026-03-31 08:50:30+00:00,,,,,,,,0.86,0.86,,0.0,0,False
2026-03-31 08:51:00+00:00,,,,,,,,0.86,0.86,,0.0,0,False
2026-03-31 08:51:30+00:00,,,,,,,,0.86,0.86,,0.0,0,False
2026-03-31 08:52:00+00:00,,,,,,,,0.86,0.86,,0.0,0,False
2026-03-31 08:52:30+00:00,,,,,,,,0.86,0.86,,0.0,0,False
2026-03-31 08:53:00+00:00,,,,,,,,0.86,0.86,,0.0,0,False
2026-03-31 08:53:30+00:00,,,,,,,,0.86,0.86,,0.0,0,False
2026-03-31 08:54:00+00:00,,,,,,,,0.86,0.86,,0.0,0,False
2026-03-31 08:54:30+00:00,,,,,,,,0.86,0.86,,0.0,0,False
2026-03-31 08:55:00+00:00,,,,,,,,0.86,0.86,,0.0,0,False
2026-03-31 08:55:30+00:00,,,,,,,,0.86,0.86,,0.0,0,False
2026-03-31 08:56:00+00:00,,,,,,,,0.86,0.86,,0.0,0,False
2026-03-31 08:56:30+00:00,,,,,,,,0.86,0.86,,0.0,0,False
2026-03-31 08:57:00+00:00,,,,,,,,0.86,0.86,,0.0,0,False
2026-03-31 08:57:30+00:00,,,,,,,,0.86,0.86,,0.0,0,False
2026-03-31 08:58:00+00:00,,,,,,,,0.86,0.86,,0.0,0,False
2026-03-31 08:58:30+00:00,,,,,,,,0.86,0.86,,0.0,0,False
2026-03-31 08:59:00+00:00,,,,,,,,0.86,0.86,,1.0,1,False
2026-03-31 08:59:30+00:00,,,,,,,,0.86,0.86,,0.0,0,False
2026-03-31 09:00:00+00:00,,,,,,,,0.86,0.86,,0.0,0,False
2026-03-31 09:00:30+00:00,,,,,,,,0.86,0.86,,0.0,0,False
2026-03-31 09:01:00+00:00,,,,,,,,0.86,0.86,,0.0,0,False
2026-03-31 09:01:30+00:00,,,,,,,,0.86,0.86,,0.0,0,False
2026-03-31 09:02:00+00:00,,,,,,,,0.86,0.86,,0.0,0,False
2026-03-31 09:02:30+00:00,,,,,,,,0.86,0.86,,0.0,0,False
2026-03-31 09:03:00+00:00,,,,,,,,0.86,0.86,,0.0,0,False
2026-03-31 09:03:30+00:00,,,,,,,,0.86,0.86,,0.0,0,False
2026-03-31 09:04:00+00:00,,,,,,,,0.86,0.86,,0.0,0,False
2026-03-31 09:04:30+00:00,,,,,,,,0.86,0.86,,0.0,0,False
2026-03-31 09:05:00+00:00,,,,,,,,0.86,0.86,,0.0,0,False
2026-03-31 09:05:30+00:00,,,,,,,,0.86,0.86,,71.0,1,False
2026-03-31 09:06:00+00:00,,,,,,,,0.86,0.86,,0.0,0,False
2026-03-31 09:06:30+00:00,,,,,,,,0.86,0.86,,0.0,0,False
2026-03-31 09:07:00+00:00,,,,,,,,0.86,0.86,,0.0,0,False
2026-03-31 09:07:30+00:00,,,,,,,,0.86,0.86,,0.0,0,False
2026-03-31 09:08:00+00:00,,,,,,,,0.86,0.86,,0.0,0,False
2026-03-31 09:08:30+00:00,,,,,,,,0.86,0.86,,0.0,0,False
2026-03-31 09:09:00+00:00,,,,,,,,0.86,0.86,,0.0,0,False
2026-03-31 09:09:30+00:00,,,,,,,,0.86,0.86,,0.0,0,False
2026-03-31 09:10:00+00:00,,,,,,,,0.86,0.86,,0.0,0,False
2026-03-31 09:10:30+00:00,,,,,,,,0.86,0.86,,0.0,0,False
2026-03-31 09:11:00+00:00,,,,,,,,0.86,0.86,,0.0,0,False
2026-03-31 09:11:30+00:00,,,,,,,,0.86,0.86,,0.0,0,False
2026-03-31 09:12:00+00:00,,,,,,,,0.86,0.86,,0.0,0,False
2026-03-31 09:12:30+00:00,,,,,,,,0.86,0.86,,0.0,0,False
2026-03-31 09:13:00+00:00,,,,,,,,0.86,0.86,,0.0,0,False
2026-03-31 09:13:30+00:00,,,,,,,,0.86,0.86,,0.0,0,False
2026-03-31 09:14:00+00:00,,,,,,,,0.86,0.86,,0.0,0,False
2026-03-31 09:14:30+00:00,,,,,,,,0.86,0.86,,0.0,0,False
2026-03-31 09:15:00+00:00,,,,,,,,0.86,0.86,,0.0,0,False
2026-03-31 09:15:30+00:00,,,,,,,,0.86,0.86,,0.0,0,False
2026-03-31 09:16:00+00:00,,,,,,,,0.86,0.86,,0.0,0,False
2026-03-31 09:16:30+00:00,,,,,,,,0.86,0.86,,0.0,0,False
2026-03-31 09:17:00+00:00,,,,,,,,0.86,0.86,,0.0,0,False
2026-03-31 09:17:30+00:00,,,,,,,,0.86,0.86,,0.0,0,False
2026-03-31 09:18:00+00:00,,,,,,,,0.88,0.88,,1.0,1,False
2026-03-31 09:18:30+00:00,,,,,,,,0.88,0.88,,0.0,0,False
2026-03-31 09:19:00+00:00,,,,,,,,0.88,0.88,,0.0,0,False
2026-03-31 09:19:30+00:00,,,,,,,,0.88,0.88,,0.0,0,False
2026-03-31 09:20:00+00:00,,,,,,,,0.88,0.88,,0.0,0,False
2026-03-31 09:20:30+00:00,,,,,,,,0.88,0.88,,0.0,0,False
2026-03-31 09:21:00+00:00,,,,,,,,0.88,0.88,,0.0,0,False
2026-03-31 09:21:30+00:00,,,,,,,,0.88,0.88,,0.0,0,False
2026-03-31 09:22:00+00:00,,,,,,,,0.88,0.88,,0.0,0,False
2026-03-31 09:22:30+00:00,,,,,,,,0.88,0.88,,0.0,0,False
2026-03-31 09:23:00+00:00,,,,,,,,0.88,0.88,,0.0,0,False
2026-03-31 09:23:30+00:00,,,,,,,,0.88,0.88,,0.0,0,False
2026-03-31 09:24:00+00:00,,,,,,,,0.88,0.88,,0.0,0,False
2026-03-31 09:24:30+00:00,,,,,,,,0.88,0.88,,22.0,1,False
2026-03-31 09:25:00+00:00,,,,,,,,0.88,0.88,,0.0,0,False
2026-03-31 09:25:30+00:00,,,,,,,,0.88,0.88,,0.0,0,False
2026-03-31 09:26:00+00:00,,,,,,,,0.88,0.88,,0.0,0,False
2026-03-31 09:26:30+00:00,,,,,,,,0.88,0.88,,0.0,0,False
2026-03-31 09:27:00+00:00,,,,,,,,0.88,0.88,,0.0,0,False
2026-03-31 09:27:30+00:00,,,,,,,,0.88,0.88,,0.0,0,False
2026-03-31 09:28:00+00:00,,,,,,,,0.88,0.88,,0.0,0,False
2026-03-31 09:28:30+00:00,,,,,,,,0.88,0.88,,0.0,0,False
2026-03-31 09:29:00+00:00,,,,,,,,0.8792500000000001,0.88,,320.0,4,False
2026-03-31 09:29:30+00:00,,,,,,,,0.8792500000000001,0.88,,0.0,0,False
2026-03-31 09:30:00+00:00,,,,,,,,0.8792500000000001,0.88,,0.0,0,False
2026-03-31 09:30:30+00:00,,,,,,,,0.8792500000000001,0.88,,0.0,0,False
2026-03-31 09:31:00+00:00,,,,,,,,0.8792500000000001,0.88,,0.0,0,False
2026-03-31 09:31:30+00:00,,,,,,,,0.8792500000000001,0.88,,0.0,0,False
2026-03-31 09:32:00+00:00,,,,,,,,0.8792500000000001,0.88,,0.0,0,False
2026-03-31 09:32:30+00:00,,,,,,,,0.8792500000000001,0.88,,0.0,0,False
2026-03-31 09:33:00+00:00,,,,,,,,0.8792500000000001,0.88,,0.0,0,False
2026-03-31 09:33:30+00:00,,,,,,,,0.8792500000000001,0.88,,0.0,0,False
2026-03-31 09:34:00+00:00,,,,,,,,0.8792500000000001,0.88,,0.0,0,False
2026-03-31 09:34:30+00:00,,,,,,,,0.8792500000000001,0.88,,0.0,0,False
2026-03-31 09:35:00+00:00,,,,,,,,0.8792500000000001,0.88,,0.0,0,False
2026-03-31 09:35:30+00:00,,,,,,,,0.8792500000000001,0.88,,0.0,0,False
2026-03-31 09:36:00+00:00,,,,,,,,0.8792500000000001,0.88,,0.0,0,False
2026-03-31 09:36:30+00:00,,,,,,,,0.8792500000000001,0.88,,0.0,0,False
2026-03-31 09:37:00+00:00,,,,,,,,0.8792500000000001,0.88,,0.0,0,False
2026-03-31 09:37:30+00:00,,,,,,,,0.8792500000000001,0.88,,0.0,0,False
2026-03-31 09:38:00+00:00,,,,,,,,0.8792500000000001,0.88,,0.0,0,False
2026-03-31 09:38:30+00:00,,,,,,,,0.8792500000000001,0.88,,0.0,0,False
2026-03-31 09:39:00+00:00,,,,,,,,0.8792500000000001,0.88,,0.0,0,False
2026-03-31 09:39:30+00:00,,,,,,,,0.8792500000000001,0.88,,0.0,0,False
2026-03-31 09:40:00+00:00,,,,,,,,0.8792500000000001,0.88,,0.0,0,False
2026-03-31 09:40:30+00:00,,,,,,,,0.8792500000000001,0.88,,0.0,0,False
2026-03-31 09:41:00+00:00,,,,,,,,0.8792500000000001,0.88,,0.0,0,False
2026-03-31 09:41:30+00:00,,,,,,,,0.8792500000000001,0.88,,0.0,0,False
2026-03-31 09:42:00+00:00,,,,,,,,0.8792500000000001,0.88,,0.0,0,False
2026-03-31 09:42:30+00:00,,,,,,,,0.8792500000000001,0.88,,0.0,0,False
2026-03-31 09:43:00+00:00,,,,,,,,0.8792500000000001,0.88,,0.0,0,False
2026-03-31 09:43:30+00:00,,,,,,,,0.8792500000000001,0.88,,0.0,0,False
2026-03-31 09:44:00+00:00,,,,,,,,0.8792500000000001,0.88,,0.0,0,False
2026-03-31 09:44:30+00:00,,,,,,,,0.8792500000000001,0.88,,0.0,0,False
2026-03-31 09:45:00+00:00,,,,,,,,0.8792500000000001,0.88,,0.0,0,False
2026-03-31 09:45:30+00:00,,,,,,,,0.8792500000000001,0.88,,0.0,0,False
2026-03-31 09:46:00+00:00,,,,,,,,0.8792500000000001,0.88,,0.0,0,False
2026-03-31 09:46:30+00:00,,,,,,,,0.8792500000000001,0.88,,0.0,0,False
2026-03-31 09:47:00+00:00,,,,,,,,0.8792500000000001,0.88,,0.0,0,False
2026-03-31 09:47:30+00:00,,,,,,,,0.8792500000000001,0.88,,0.0,0,False
2026-03-31 09:48:00+00:00,,,,,,,,0.8792500000000001,0.88,,0.0,0,False
2026-03-31 09:48:30+00:00,,,,,,,,0.8792500000000001,0.88,,0.0,0,False
2026-03-31 09:49:00+00:00,,,,,,,,0.8792500000000001,0.88,,0.0,0,False
2026-03-31 09:49:30+00:00,,,,,,,,0.8792500000000001,0.88,,0.0,0,False
2026-03-31 09:50:00+00:00,,,,,,,,0.8792500000000001,0.88,,0.0,0,False
2026-03-31 09:50:30+00:00,,,,,,,,0.8792500000000001,0.88,,0.0,0,False
2026-03-31 09:51:00+00:00,,,,,,,,0.8792500000000001,0.88,,0.0,0,False
2026-03-31 09:51:30+00:00,,,,,,,,0.8792500000000001,0.88,,0.0,0,False
2026-03-31 09:52:00+00:00,,,,,,,,0.8792500000000001,0.88,,0.0,0,False
2026-03-31 09:52:30+00:00,,,,,,,,0.8792500000000001,0.88,,0.0,0,False
2026-03-31 09:53:00+00:00,,,,,,,,0.8792500000000001,0.88,,0.0,0,False
2026-03-31 09:53:30+00:00,,,,,,,,0.8792500000000001,0.88,,0.0,0,False
2026-03-31 09:54:00+00:00,,,,,,,,0.8792500000000001,0.88,,0.0,0,False
2026-03-31 09:54:30+00:00,,,,,,,,0.88,0.88,,1.0,1,False
2026-03-31 09:55:00+00:00,,,,,,,,0.88,0.88,,55.0,1,False
2026-03-31 09:55:30+00:00,,,,,,,,0.88,0.88,,0.0,0,False
2026-03-31 09:56:00+00:00,,,,,,,,0.88,0.88,,0.0,0,False
2026-03-31 09:56:30+00:00,,,,,,,,0.88,0.88,,0.0,0,False
2026-03-31 09:57:00+00:00,,,,,,,,0.88,0.88,,0.0,0,False
2026-03-31 09:57:30+00:00,,,,,,,,0.88,0.88,,0.0,0,False
2026-03-31 09:58:00+00:00,,,,,,,,0.88,0.88,,0.0,0,False
2026-03-31 09:58:30+00:00,,,,,,,,0.88,0.88,,0.0,0,False
2026-03-31 09:59:00+00:00,,,,,,,,0.88,0.88,,0.0,0,False
2026-03-31 09:59:30+00:00,,,,,,,,0.88,0.88,,0.0,0,False
2026-03-31 10:00:00+00:00,,,,,,,,0.88,0.88,,0.0,0,False
2026-03-31 10:00:30+00:00,,,,,,,,0.88,0.88,,0.0,0,False
2026-03-31 10:01:00+00:00,,,,,,,,0.88,0.88,,0.0,0,False
2026-03-31 10:01:30+00:00,,,,,,,,0.88,0.88,,0.0,0,False
2026-03-31 10:02:00+00:00,,,,,,,,0.88,0.88,,0.0,0,False
2026-03-31 10:02:30+00:00,,,,,,,,0.88,0.88,,0.0,0,False
2026-03-31 10:03:00+00:00,,,,,,,,0.88,0.88,,0.0,0,False
2026-03-31 10:03:30+00:00,,,,,,,,0.88,0.88,,0.0,0,False
2026-03-31 10:04:00+00:00,,,,,,,,0.88,0.88,,0.0,0,False
2026-03-31 10:04:30+00:00,,,,,,,,0.88,0.88,,0.0,0,False
2026-03-31 10:05:00+00:00,,,,,,,,0.88,0.88,,0.0,0,False
2026-03-31 10:05:30+00:00,,,,,,,,0.87,0.87,,6.0,1,False
2026-03-31 10:06:00+00:00,,,,,,,,0.87,0.87,,0.0,0,False
2026-03-31 10:06:30+00:00,,,,,,,,0.87,0.87,,0.0,0,False
2026-03-31 10:07:00+00:00,,,,,,,,0.87,0.87,,0.0,0,False
2026-03-31 10:07:30+00:00,,,,,,,,0.87,0.87,,0.0,0,False
2026-03-31 10:08:00+00:00,,,,,,,,0.87,0.87,,0.0,0,False
2026-03-31 10:08:30+00:00,,,,,,,,0.87,0.87,,0.0,0,False
2026-03-31 10:09:00+00:00,,,,,,,,0.87,0.87,,0.0,0,False
2026-03-31 10:09:30+00:00,,,,,,,,0.87,0.87,,0.0,0,False
2026-03-31 10:10:00+00:00,,,,,,,,0.87,0.87,,0.0,0,False
2026-03-31 10:10:30+00:00,,,,,,,,0.87,0.87,,0.0,0,False
2026-03-31 10:11:00+00:00,,,,,,,,0.87,0.87,,0.0,0,False
2026-03-31 10:11:30+00:00,,,,,,,,0.87,0.87,,0.0,0,False
2026-03-31 10:12:00+00:00,,,,,,,,0.87,0.87,,0.0,0,False
2026-03-31 10:12:30+00:00,,,,,,,,0.87,0.87,,0.0,0,False
2026-03-31 10:13:00+00:00,,,,,,,,0.87,0.87,,0.0,0,False
2026-03-31 10:13:30+00:00,,,,,,,,0.87,0.87,,0.0,0,False
2026-03-31 10:14:00+00:00,,,,,,,,0.87,0.87,,0.0,0,False
2026-03-31 10:14:30+00:00,,,,,,,,0.87,0.87,,0.0,0,False
2026-03-31 10:15:00+00:00,,,,,,,,0.87,0.87,,0.0,0,False
2026-03-31 10:15:30+00:00,,,,,,,,0.87,0.87,,0.0,0,False
2026-03-31 10:16:00+00:00,,,,,,,,0.87,0.87,,0.0,0,False
2026-03-31 10:16:30+00:00,,,,,,,,0.87,0.87,,0.0,0,False
2026-03-31 10:17:00+00:00,,,,,,,,0.87,0.87,,0.0,0,False
2026-03-31 10:17:30+00:00,,,,,,,,0.87,0.87,,0.0,0,False
2026-03-31 10:18:00+00:00,,,,,,,,0.87,0.87,,0.0,0,False
2026-03-31 10:18:30+00:00,,,,,,,,0.87,0.87,,0.0,0,False
2026-03-31 10:19:00+00:00,,,,,,,,0.87,0.87,,0.0,0,False
2026-03-31 10:19:30+00:00,,,,,,,,0.87,0.87,,0.0,0,False
2026-03-31 10:20:00+00:00,,,,,,,,0.87,0.87,,0.0,0,False
2026-03-31 10:20:30+00:00,,,,,,,,0.87,0.87,,0.0,0,False
2026-03-31 10:21:00+00:00,,,,,,,,0.87,0.87,,0.0,0,False
2026-03-31 10:21:30+00:00,,,,,,,,0.87,0.87,,0.0,0,False
2026-03-31 10:22:00+00:00,,,,,,,,0.87,0.87,,0.0,0,False
2026-03-31 10:22:30+00:00,,,,,,,,0.87,0.87,,0.0,0,False
2026-03-31 10:23:00+00:00,,,,,,,,0.87,0.87,,0.0,0,False
2026-03-31 10:23:30+00:00,,,,,,,,0.87,0.87,,0.0,0,False
2026-03-31 10:24:00+00:00,,,,,,,,0.87,0.87,,0.0,0,False
2026-03-31 10:24:30+00:00,,,,,,,,0.87,0.87,,0.0,0,False
2026-03-31 10:25:00+00:00,,,,,,,,0.87,0.87,,0.0,0,False
2026-03-31 10:25:30+00:00,,,,,,,,0.87,0.87,,0.0,0,False
2026-03-31 10:26:00+00:00,,,,,,,,0.87,0.87,,0.0,0,False
2026-03-31 10:26:30+00:00,,,,,,,,0.87,0.87,,0.0,0,False
2026-03-31 10:27:00+00:00,,,,,,,,0.87,0.87,,0.0,0,False
2026-03-31 10:27:30+00:00,,,,,,,,0.87,0.87,,0.0,0,False
2026-03-31 10:28:00+00:00,,,,,,,,0.87,0.87,,0.0,0,False
2026-03-31 10:28:30+00:00,,,,,,,,0.87,0.87,,0.0,0,False
2026-03-31 10:29:00+00:00,,,,,,,,0.87,0.87,,0.0,0,False
2026-03-31 10:29:30+00:00,,,,,,,,0.87,0.87,,0.0,0,False
2026-03-31 10:30:00+00:00,,,,,,,,0.87,0.87,,0.0,0,False
2026-03-31 10:30:30+00:00,,,,,,,,0.87,0.87,,0.0,0,False
2026-03-31 10:31:00+00:00,,,,,,,,0.87,0.87,,0.0,0,False
2026-03-31 10:31:30+00:00,,,,,,,,0.87,0.87,,0.0,0,False
2026-03-31 10:32:00+00:00,,,,,,,,0.87,0.87,,0.0,0,False
2026-03-31 10:32:30+00:00,,,,,,,,0.88,0.88,,44.0,1,False
2026-03-31 10:33:00+00:00,,,,,,,,0.88,0.88,,0.0,0,False
2026-03-31 10:33:30+00:00,,,,,,,,0.88,0.88,,0.0,0,False
2026-03-31 10:34:00+00:00,,,,,,,,0.88,0.88,,0.0,0,False
2026-03-31 10:34:30+00:00,,,,,,,,0.88,0.88,,0.0,0,False
2026-03-31 10:35:00+00:00,,,,,,,,0.88,0.88,,0.0,0,False
2026-03-31 10:35:30+00:00,,,,,,,,0.88,0.88,,0.0,0,False
2026-03-31 10:36:00+00:00,,,,,,,,0.88,0.88,,0.0,0,False
2026-03-31 10:36:30+00:00,,,,,,,,0.88,0.88,,0.0,0,False
2026-03-31 10:37:00+00:00,,,,,,,,0.88,0.88,,0.0,0,False
2026-03-31 10:37:30+00:00,,,,,,,,0.88,0.88,,0.0,0,False
2026-03-31 10:38:00+00:00,,,,,,,,0.88,0.88,,0.0,0,False
2026-03-31 10:38:30+00:00,,,,,,,,0.8800000000000001,0.88,,5.0,1,False
2026-03-31 10:39:00+00:00,,,,,,,,0.8800000000000001,0.88,,0.0,0,False
2026-03-31 10:39:30+00:00,,,,,,,,0.8800000000000001,0.88,,0.0,0,False
2026-03-31 10:40:00+00:00,,,,,,,,0.8800000000000001,0.88,,0.0,0,False
2026-03-31 10:40:30+00:00,,,,,,,,0.8800000000000001,0.88,,0.0,0,False
2026-03-31 10:41:00+00:00,,,,,,,,0.8800000000000001,0.88,,0.0,0,False
2026-03-31 10:41:30+00:00,,,,,,,,0.8800000000000001,0.88,,0.0,0,False
2026-03-31 10:42:00+00:00,,,,,,,,0.8800000000000001,0.88,,5.0,1,False
2026-03-31 10:42:30+00:00,,,,,,,,0.8800000000000001,0.88,,0.0,0,False
2026-03-31 10:43:00+00:00,,,,,,,,0.8800000000000001,0.88,,0.0,0,False
2026-03-31 10:43:30+00:00,,,,,,,,0.8800000000000001,0.88,,0.0,0,False
2026-03-31 10:44:00+00:00,,,,,,,,0.8800000000000001,0.88,,0.0,0,False
2026-03-31 10:44:30+00:00,,,,,,,,0.8800000000000001,0.88,,0.0,0,False
2026-03-31 10:45:00+00:00,,,,,,,,0.8800000000000001,0.88,,0.0,0,False
2026-03-31 10:45:30+00:00,,,,,,,,0.8800000000000001,0.88,,0.0,0,False
2026-03-31 10:46:00+00:00,,,,,,,,0.8800000000000001,0.88,,0.0,0,False
2026-03-31 10:46:30+00:00,,,,,,,,0.8800000000000001,0.88,,0.0,0,False
2026-03-31 10:47:00+00:00,,,,,,,,0.8800000000000001,0.88,,0.0,0,False
2026-03-31 10:47:30+00:00,,,,,,,,0.8800000000000001,0.88,,0.0,0,False
2026-03-31 10:48:00+00:00,,,,,,,,0.8800000000000001,0.88,,0.0,0,False
2026-03-31 10:48:30+00:00,,,,,,,,0.8800000000000001,0.88,,0.0,0,False
2026-03-31 10:49:00+00:00,,,,,,,,0.8800000000000001,0.88,,0.0,0,False
2026-03-31 10:49:30+00:00,,,,,,,,0.8800000000000001,0.88,,0.0,0,False
2026-03-31 10:50:00+00:00,,,,,,,,0.8800000000000001,0.88,,0.0,0,False
2026-03-31 10:50:30+00:00,,,,,,,,0.8800000000000001,0.88,,0.0,0,False
2026-03-31 10:51:00+00:00,,,,,,,,0.8800000000000001,0.88,,0.0,0,False
2026-03-31 10:51:30+00:00,,,,,,,,0.8800000000000001,0.88,,0.0,0,False
2026-03-31 10:52:00+00:00,,,,,,,,0.8800000000000001,0.88,,0.0,0,False
2026-03-31 10:52:30+00:00,,,,,,,,0.8800000000000001,0.88,,0.0,0,False
2026-03-31 10:53:00+00:00,,,,,,,,0.8800000000000001,0.88,,0.0,0,False
2026-03-31 10:53:30+00:00,,,,,,,,0.8800000000000001,0.88,,0.0,0,False
2026-03-31 10:54:00+00:00,,,,,,,,0.8800000000000001,0.88,,0.0,0,False
2026-03-31 10:54:30+00:00,,,,,,,,0.8800000000000001,0.88,,0.0,0,False
2026-03-31 10:55:00+00:00,,,,,,,,0.8800000000000001,0.88,,0.0,0,False
2026-03-31 10:55:30+00:00,,,,,,,,0.8800000000000001,0.88,,0.0,0,False
2026-03-31 10:56:00+00:00,,,,,,,,0.8800000000000001,0.88,,0.0,0,False
2026-03-31 10:56:30+00:00,,,,,,,,0.8800000000000001,0.88,,0.0,0,False
2026-03-31 10:57:00+00:00,,,,,,,,0.8800000000000001,0.88,,0.0,0,False
2026-03-31 10:57:30+00:00,,,,,,,,0.8800000000000001,0.88,,0.0,0,False
2026-03-31 10:58:00+00:00,,,,,,,,0.8800000000000001,0.88,,0.0,0,False
2026-03-31 10:58:30+00:00,,,,,,,,0.8800000000000001,0.88,,0.0,0,False
2026-03-31 10:59:00+00:00,,,,,,,,0.8800000000000001,0.88,,0.0,0,False
2026-03-31 10:59:30+00:00,,,,,,,,0.8800000000000001,0.88,,0.0,0,False
2026-03-31 11:00:00+00:00,,,,,,,,0.8800000000000001,0.88,,0.0,0,False
2026-03-31 11:00:30+00:00,,,,,,,,0.8800000000000001,0.88,,0.0,0,False
2026-03-31 11:01:00+00:00,,,,,,,,0.8800000000000001,0.88,,0.0,0,False
2026-03-31 11:01:30+00:00,,,,,,,,0.8800000000000001,0.88,,0.0,0,False
2026-03-31 11:02:00+00:00,,,,,,,,0.8800000000000001,0.88,,0.0,0,False
2026-03-31 11:02:30+00:00,,,,,,,,0.8800000000000001,0.88,,0.0,0,False
2026-03-31 11:03:00+00:00,,,,,,,,0.8800000000000001,0.88,,0.0,0,False
2026-03-31 11:03:30+00:00,,,,,,,,0.8800000000000001,0.88,,0.0,0,False
2026-03-31 11:04:00+00:00,,,,,,,,0.8800000000000001,0.88,,0.0,0,False
2026-03-31 11:04:30+00:00,,,,,,,,0.8800000000000001,0.88,,0.0,0,False
2026-03-31 11:05:00+00:00,,,,,,,,0.8800000000000001,0.88,,0.0,0,False
2026-03-31 11:05:30+00:00,,,,,,,,0.8800000000000001,0.88,,0.0,0,False
2026-03-31 11:06:00+00:00,,,,,,,,0.8800000000000001,0.88,,0.0,0,False
2026-03-31 11:06:30+00:00,,,,,,,,0.8800000000000001,0.88,,0.0,0,False
2026-03-31 11:07:00+00:00,,,,,,,,0.8800000000000001,0.88,,0.0,0,False
2026-03-31 11:07:30+00:00,,,,,,,,0.8800000000000001,0.88,,0.0,0,False
2026-03-31 11:08:00+00:00,,,,,,,,0.8800000000000001,0.88,,0.0,0,False
2026-03-31 11:08:30+00:00,,,,,,,,0.8800000000000001,0.88,,0.0,0,False
2026-03-31 11:09:00+00:00,,,,,,,,0.8800000000000001,0.88,,0.0,0,False
2026-03-31 11:09:30+00:00,,,,,,,,0.8800000000000001,0.88,,0.0,0,False
2026-03-31 11:10:00+00:00,,,,,,,,0.8800000000000001,0.88,,0.0,0,False
2026-03-31 11:10:30+00:00,,,,,,,,0.8800000000000001,0.88,,0.0,0,False
2026-03-31 11:11:00+00:00,,,,,,,,0.8800000000000001,0.88,,0.0,0,False
2026-03-31 11:11:30+00:00,,,,,,,,0.8800000000000001,0.88,,0.0,0,False
2026-03-31 11:12:00+00:00,,,,,,,,0.8800000000000001,0.88,,0.0,0,False
2026-03-31 11:12:30+00:00,,,,,,,,0.8800000000000001,0.88,,0.0,0,False
2026-03-31 11:13:00+00:00,,,,,,,,0.8800000000000001,0.88,,0.0,0,False
2026-03-31 11:13:30+00:00,,,,,,,,0.8800000000000001,0.88,,0.0,0,False
2026-03-31 11:14:00+00:00,,,,,,,,0.8800000000000001,0.88,,0.0,0,False
2026-03-31 11:14:30+00:00,,,,,,,,0.8800000000000001,0.88,,0.0,0,False
2026-03-31 11:15:00+00:00,,,,,,,,0.8800000000000001,0.88,,0.0,0,False
2026-03-31 11:15:30+00:00,,,,,,,,0.8800000000000001,0.88,,0.0,0,False
2026-03-31 11:16:00+00:00,,,,,,,,0.8800000000000001,0.88,,0.0,0,False
2026-03-31 11:16:30+00:00,,,,,,,,0.8800000000000001,0.88,,0.0,0,False
2026-03-31 11:17:00+00:00,,,,,,,,0.8800000000000001,0.88,,0.0,0,False
2026-03-31 11:17:30+00:00,,,,,,,,0.8800000000000001,0.88,,0.0,0,False
2026-03-31 11:18:00+00:00,,,,,,,,0.8800000000000001,0.88,,0.0,0,False
2026-03-31 11:18:30+00:00,,,,,,,,0.8800000000000001,0.88,,0.0,0,False
2026-03-31 11:19:00+00:00,,,,,,,,0.87,0.87,,500.0,2,False
2026-03-31 11:19:30+00:00,,,,,,,,0.87,0.87,,0.0,0,False
2026-03-31 11:20:00+00:00,,,,,,,,0.87,0.87,,0.0,0,False
2026-03-31 11:20:30+00:00,,,,,,,,0.87,0.87,,0.0,0,False
2026-03-31 11:21:00+00:00,,,,,,,,0.87,0.87,,0.0,0,False
2026-03-31 11:21:30+00:00,,,,,,,,0.87,0.87,,0.0,0,False
2026-03-31 11:22:00+00:00,,,,,,,,0.87,0.87,,0.0,0,False
2026-03-31 11:22:30+00:00,,,,,,,,0.87,0.87,,0.0,0,False
2026-03-31 11:23:00+00:00,,,,,,,,0.87,0.87,,0.0,0,False
2026-03-31 11:23:30+00:00,,,,,,,,0.87,0.87,,0.0,0,False
2026-03-31 11:24:00+00:00,,,,,,,,0.87,0.87,,0.0,0,False
2026-03-31 11:24:30+00:00,,,,,,,,0.87,0.87,,312.0,1,False
2026-03-31 11:25:00+00:00,,,,,,,,0.87,0.87,,0.0,0,False
2026-03-31 11:25:30+00:00,,,,,,,,0.87,0.87,,0.0,0,False
2026-03-31 11:26:00+00:00,,,,,,,,0.87,0.87,,0.0,0,False
2026-03-31 11:26:30+00:00,,,,,,,,0.87,0.87,,0.0,0,False
2026-03-31 11:27:00+00:00,,,,,,,,0.87,0.87,,0.0,0,False
2026-03-31 11:27:30+00:00,,,,,,,,0.8852898550724637,0.9,,552.0,3,False
2026-03-31 11:28:00+00:00,,,,,,,,0.8852898550724637,0.9,,0.0,0,False
2026-03-31 11:28:30+00:00,,,,,,,,0.8852898550724637,0.9,,0.0,0,False
2026-03-31 11:29:00+00:00,,,,,,,,0.8852898550724637,0.9,,0.0,0,False
2026-03-31 11:29:30+00:00,,,,,,,,0.8852898550724637,0.9,,0.0,0,False
2026-03-31 11:30:00+00:00,,,,,,,,0.8852898550724637,0.9,,0.0,0,False
2026-03-31 11:30:30+00:00,,,,,,,,0.88,0.88,,4.0,1,False
2026-03-31 11:31:00+00:00,,,,,,,,0.88,0.88,,0.0,0,False
2026-03-31 11:31:30+00:00,,,,,,,,0.88,0.88,,0.0,0,False
2026-03-31 11:32:00+00:00,,,,,,,,0.88,0.88,,0.0,0,False
2026-03-31 11:32:30+00:00,,,,,,,,0.88,0.88,,0.0,0,False
2026-03-31 11:33:00+00:00,,,,,,,,0.88,0.88,,0.0,0,False
2026-03-31 11:33:30+00:00,,,,,,,,0.88,0.88,,0.0,0,False
2026-03-31 11:34:00+00:00,,,,,,,,0.88,0.88,,0.0,0,False
2026-03-31 11:34:30+00:00,,,,,,,,0.88,0.88,,0.0,0,False
2026-03-31 11:35:00+00:00,,,,,,,,0.88,0.88,,0.0,0,False
2026-03-31 11:35:30+00:00,,,,,,,,0.88,0.88,,0.0,0,False
2026-03-31 11:36:00+00:00,,,,,,,,0.88,0.88,,0.0,0,False
2026-03-31 11:36:30+00:00,,,,,,,,0.88,0.88,,0.0,0,False
2026-03-31 11:37:00+00:00,,,,,,,,0.88,0.88,,0.0,0,False
2026-03-31 11:37:30+00:00,,,,,,,,0.89,0.89,,1.0,1,False
2026-03-31 11:38:00+00:00,,,,,,,,0.89,0.89,,0.0,0,False
2026-03-31 11:38:30+00:00,,,,,,,,0.89,0.89,,0.0,0,False
2026-03-31 11:39:00+00:00,,,,,,,,0.89,0.89,,0.0,0,False
2026-03-31 11:39:30+00:00,,,,,,,,0.89,0.89,,0.0,0,False
2026-03-31 11:40:00+00:00,,,,,,,,0.89,0.89,,0.0,0,False
2026-03-31 11:40:30+00:00,,,,,,,,0.89,0.89,,0.0,0,False
2026-03-31 11:41:00+00:00,,,,,,,,0.89,0.89,,0.0,0,False
2026-03-31 11:41:30+00:00,,,,,,,,0.89,0.89,,0.0,0,False
2026-03-31 11:42:00+00:00,,,,,,,,0.89,0.89,,0.0,0,False
2026-03-31 11:42:30+00:00,,,,,,,,0.89,0.89,,0.0,0,False
2026-03-31 11:43:00+00:00,,,,,,,,0.89,0.89,,0.0,0,False
2026-03-31 11:43:30+00:00,,,,,,,,0.89,0.89,,0.0,0,False
2026-03-31 11:44:00+00:00,,,,,,,,0.89,0.89,,0.0,0,False
2026-03-31 11:44:30+00:00,,,,,,,,0.89,0.89,,0.0,0,False
2026-03-31 11:45:00+00:00,,,,,,,,0.89,0.89,,0.0,0,False
2026-03-31 11:45:30+00:00,,,,,,,,0.89,0.89,,0.0,0,False
2026-03-31 11:46:00+00:00,,,,,,,,0.89,0.89,,0.0,0,False
2026-03-31 11:46:30+00:00,,,,,,,,0.89,0.89,,0.0,0,False
2026-03-31 11:47:00+00:00,,,,,,,,0.89,0.89,,0.0,0,False
2026-03-31 11:47:30+00:00,,,,,,,,0.89,0.89,,0.0,0,False
2026-03-31 11:48:00+00:00,,,,,,,,0.89,0.89,,0.0,0,False
2026-03-31 11:48:30+00:00,,,,,,,,0.89,0.89,,0.0,0,False
2026-03-31 11:49:00+00:00,,,,,,,,0.89,0.89,,0.0,0,False
2026-03-31 11:49:30+00:00,,,,,,,,0.89,0.89,,0.0,0,False
2026-03-31 11:50:00+00:00,,,,,,,,0.89,0.89,,0.0,0,False
2026-03-31 11:50:30+00:00,,,,,,,,0.89,0.89,,0.0,0,False
2026-03-31 11:51:00+00:00,,,,,,,,0.89,0.89,,0.0,0,False
2026-03-31 11:51:30+00:00,,,,,,,,0.89,0.89,,0.0,0,False
2026-03-31 11:52:00+00:00,,,,,,,,0.89,0.89,,0.0,0,False
2026-03-31 11:52:30+00:00,,,,,,,,0.89,0.89,,0.0,0,False
2026-03-31 11:53:00+00:00,,,,,,,,0.89,0.89,,0.0,0,False
2026-03-31 11:53:30+00:00,,,,,,,,0.89,0.89,,0.0,0,False
2026-03-31 11:54:00+00:00,,,,,,,,0.89,0.89,,0.0,0,False
2026-03-31 11:54:30+00:00,,,,,,,,0.89,0.89,,0.0,0,False
2026-03-31 11:55:00+00:00,,,,,,,,0.89,0.89,,0.0,0,False
2026-03-31 11:55:30+00:00,,,,,,,,0.89,0.89,,21.0,1,False
2026-03-31 11:56:00+00:00,,,,,,,,0.89,0.89,,0.0,0,False
2026-03-31 11:56:30+00:00,,,,,,,,0.89,0.89,,0.0,0,False
2026-03-31 11:57:00+00:00,,,,,,,,0.89,0.89,,0.0,0,False
2026-03-31 11:57:30+00:00,,,,,,,,0.8799999999999999,0.88,,38.0,1,False
2026-03-31 11:58:00+00:00,,,,,,,,0.8799999999999999,0.88,,0.0,0,False
2026-03-31 11:58:30+00:00,,,,,,,,0.8799999999999999,0.88,,0.0,0,False
2026-03-31 11:59:00+00:00,,,,,,,,0.8799999999999999,0.88,,0.0,0,False
2026-03-31 11:59:30+00:00,,,,,,,,0.8799999999999999,0.88,,0.0,0,False
2026-03-31 12:00:00+00:00,,,,,,,,0.8799999999999999,0.88,,0.0,0,False
2026-03-31 12:00:30+00:00,,,,,,,,0.8799999999999999,0.88,,0.0,0,False
2026-03-31 12:01:00+00:00,,,,,,,,0.8900000000000001,0.89,,43.0,1,False
2026-03-31 12:01:30+00:00,,,,,,,,0.8900000000000001,0.89,,0.0,0,False
2026-03-31 12:02:00+00:00,,,,,,,,0.8900000000000001,0.89,,0.0,0,False
2026-03-31 12:02:30+00:00,,,,,,,,0.8900000000000001,0.89,,0.0,0,False
2026-03-31 12:03:00+00:00,,,,,,,,0.88,0.88,,71.0,2,False
2026-03-31 12:03:30+00:00,,,,,,,,0.88,0.88,,0.0,0,False
2026-03-31 12:04:00+00:00,,,,,,,,0.88,0.88,,0.0,0,False
2026-03-31 12:04:30+00:00,,,,,,,,0.88,0.88,,0.0,0,False
2026-03-31 12:05:00+00:00,,,,,,,,0.88,0.88,,0.0,0,False
2026-03-31 12:05:30+00:00,,,,,,,,0.88,0.88,,0.0,0,False
2026-03-31 12:06:00+00:00,,,,,,,,0.88,0.88,,0.0,0,False
2026-03-31 12:06:30+00:00,,,,,,,,0.88,0.88,,0.0,0,False
2026-03-31 12:07:00+00:00,,,,,,,,0.88,0.88,,0.0,0,False
2026-03-31 12:07:30+00:00,,,,,,,,0.88,0.88,,0.0,0,False
2026-03-31 12:08:00+00:00,,,,,,,,0.88,0.88,,0.0,0,False
2026-03-31 12:08:30+00:00,,,,,,,,0.88,0.88,,0.0,0,False
2026-03-31 12:09:00+00:00,,,,,,,,0.88,0.88,,0.0,0,False
2026-03-31 12:09:30+00:00,,,,,,,,0.88,0.88,,0.0,0,False
2026-03-31 12:10:00+00:00,,,,,,,,0.88,0.88,,0.0,0,False
2026-03-31 12:10:30+00:00,,,,,,,,0.88,0.88,,0.0,0,False
2026-03-31 12:11:00+00:00,,,,,,,,0.88,0.88,,0.0,0,False
2026-03-31 12:11:30+00:00,,,,,,,,0.88,0.88,,0.0,0,False
2026-03-31 12:12:00+00:00,,,,,,,,0.88,0.88,,0.0,0,False
2026-03-31 12:12:30+00:00,,,,,,,,0.88,0.88,,0.0,0,False
2026-03-31 12:13:00+00:00,,,,,,,,0.88,0.88,,0.0,0,False
2026-03-31 12:13:30+00:00,,,,,,,,0.88,0.88,,0.0,0,False
2026-03-31 12:14:00+00:00,,,,,,,,0.88,0.88,,0.0,0,False
2026-03-31 12:14:30+00:00,,,,,,,,0.88,0.88,,0.0,0,False
2026-03-31 12:15:00+00:00,,,,,,,,0.88,0.88,,0.0,0,False
2026-03-31 12:15:30+00:00,,,,,,,,0.88,0.88,,0.0,0,False
2026-03-31 12:16:00+00:00,,,,,,,,0.88,0.88,,0.0,0,False
2026-03-31 12:16:30+00:00,,,,,,,,0.88,0.88,,0.0,0,False
2026-03-31 12:17:00+00:00,,,,,,,,0.88,0.88,,0.0,0,False
2026-03-31 12:17:30+00:00,,,,,,,,0.88,0.88,,0.0,0,False
2026-03-31 12:18:00+00:00,,,,,,,,0.88,0.88,,0.0,0,False
2026-03-31 12:18:30+00:00,,,,,,,,0.88,0.88,,0.0,0,False
2026-03-31 12:19:00+00:00,,,,,,,,0.88,0.88,,0.0,0,False
2026-03-31 12:19:30+00:00,,,,,,,,0.88,0.88,,0.0,0,False
2026-03-31 12:20:00+00:00,,,,,,,,0.88,0.88,,0.0,0,False
2026-03-31 12:20:30+00:00,,,,,,,,0.88,0.88,,0.0,0,False
2026-03-31 12:21:00+00:00,,,,,,,,0.88,0.88,,0.0,0,False
2026-03-31 12:21:30+00:00,,,,,,,,0.88,0.88,,0.0,0,False
2026-03-31 12:22:00+00:00,,,,,,,,0.88,0.88,,0.0,0,False
2026-03-31 12:22:30+00:00,,,,,,,,0.88,0.88,,0.0,0,False
2026-03-31 12:23:00+00:00,,,,,,,,0.88,0.88,,0.0,0,False
2026-03-31 12:23:30+00:00,,,,,,,,0.88,0.88,,0.0,0,False
2026-03-31 12:24:00+00:00,,,,,,,,0.88,0.88,,0.0,0,False
2026-03-31 12:24:30+00:00,,,,,,,,0.88,0.88,,0.0,0,False
2026-03-31 12:25:00+00:00,,,,,,,,0.88,0.88,,0.0,0,False
2026-03-31 12:25:30+00:00,,,,,,,,0.88,0.88,,0.0,0,False
2026-03-31 12:26:00+00:00,,,,,,,,0.88,0.88,,0.0,0,False
2026-03-31 12:26:30+00:00,,,,,,,,0.88,0.88,,0.0,0,False
2026-03-31 12:27:00+00:00,,,,,,,,0.88,0.88,,0.0,0,False
2026-03-31 12:27:30+00:00,,,,,,,,0.88,0.88,,0.0,0,False
2026-03-31 12:28:00+00:00,,,,,,,,0.88,0.88,,0.0,0,False
2026-03-31 12:28:30+00:00,,,,,,,,0.88,0.88,,0.0,0,False
2026-03-31 12:29:00+00:00,,,,,,,,0.88,0.88,,0.0,0,False
2026-03-31 12:29:30+00:00,,,,,,,,0.88,0.88,,0.0,0,False
2026-03-31 12:30:00+00:00,,,,,,,,0.88,0.88,,0.0,0,False
2026-03-31 12:30:30+00:00,,,,,,,,0.88,0.88,,0.0,0,False
2026-03-31 12:31:00+00:00,,,,,,,,0.88,0.88,,0.0,0,False
2026-03-31 12:31:30+00:00,,,,,,,,0.88,0.88,,0.0,0,False
2026-03-31 12:32:00+00:00,,,,,,,,0.88,0.88,,0.0,0,False
2026-03-31 12:32:30+00:00,,,,,,,,0.88,0.88,,0.0,0,False
2026-03-31 12:33:00+00:00,,,,,,,,0.88,0.88,,0.0,0,False
2026-03-31 12:33:30+00:00,,,,,,,,0.88,0.88,,0.0,0,False
2026-03-31 12:34:00+00:00,,,,,,,,0.88,0.88,,0.0,0,False
2026-03-31 12:34:30+00:00,,,,,,,,0.88,0.88,,0.0,0,False
2026-03-31 12:35:00+00:00,,,,,,,,0.88,0.88,,0.0,0,False
2026-03-31 12:35:30+00:00,,,,,,,,0.88,0.88,,0.0,0,False
2026-03-31 12:36:00+00:00,,,,,,,,0.88,0.88,,0.0,0,False
2026-03-31 12:36:30+00:00,,,,,,,,0.88,0.88,,0.0,0,False
2026-03-31 12:37:00+00:00,,,,,,,,0.88,0.88,,0.0,0,False
2026-03-31 12:37:30+00:00,,,,,,,,0.88,0.88,,0.0,0,False
2026-03-31 12:38:00+00:00,,,,,,,,0.88,0.88,,0.0,0,False
2026-03-31 12:38:30+00:00,,,,,,,,0.88,0.88,,0.0,0,False
2026-03-31 12:39:00+00:00,,,,,,,,0.88,0.88,,0.0,0,False
2026-03-31 12:39:30+00:00,,,,,,,,0.88,0.88,,0.0,0,False
2026-03-31 12:40:00+00:00,,,,,,,,0.88,0.88,,0.0,0,False
2026-03-31 12:40:30+00:00,,,,,,,,0.88,0.88,,0.0,0,False
2026-03-31 12:41:00+00:00,,,,,,,,0.88,0.88,,0.0,0,False
2026-03-31 12:41:30+00:00,,,,,,,,0.88,0.88,,0.0,0,False
2026-03-31 12:42:00+00:00,,,,,,,,0.88,0.88,,0.0,0,False
2026-03-31 12:42:30+00:00,,,,,,,,0.88,0.88,,0.0,0,False
2026-03-31 12:43:00+00:00,,,,,,,,0.88,0.88,,0.0,0,False
2026-03-31 12:43:30+00:00,,,,,,,,0.88,0.88,,0.0,0,False
2026-03-31 12:44:00+00:00,,,,,,,,0.88,0.88,,0.0,0,False
2026-03-31 12:44:30+00:00,,,,,,,,0.88,0.88,,0.0,0,False
2026-03-31 12:45:00+00:00,,,,,,,,0.88,0.88,,0.0,0,False
2026-03-31 12:45:30+00:00,,,,,,,,0.88,0.88,,0.0,0,False
2026-03-31 12:46:00+00:00,,,,,,,,0.88,0.88,,0.0,0,False
2026-03-31 12:46:30+00:00,,,,,,,,0.88,0.88,,0.0,0,False
2026-03-31 12:47:00+00:00,,,,,,,,0.88,0.88,,0.0,0,False
2026-03-31 12:47:30+00:00,,,,,,,,0.88,0.88,,0.0,0,False
2026-03-31 12:48:00+00:00,,,,,,,,0.88,0.88,,0.0,0,False
2026-03-31 12:48:30+00:00,,,,,,,,0.88,0.88,,0.0,0,False
2026-03-31 12:49:00+00:00,,,,,,,,0.8954545454545455,0.89,,110.0,3,False
2026-03-31 12:49:30+00:00,,,,,,,,0.8954545454545455,0.89,,0.0,0,False
2026-03-31 12:50:00+00:00,,,,,,,,0.8954545454545455,0.89,,0.0,0,False
2026-03-31 12:50:30+00:00,,,,,,,,0.8954545454545455,0.89,,0.0,0,False
2026-03-31 12:51:00+00:00,,,,,,,,0.8954545454545455,0.89,,0.0,0,False
2026-03-31 12:51:30+00:00,,,,,,,,0.8954545454545455,0.89,,0.0,0,False
2026-03-31 12:52:00+00:00,,,,,,,,0.8954545454545455,0.89,,0.0,0,False
2026-03-31 12:52:30+00:00,,,,,,,,0.8954545454545455,0.89,,0.0,0,False
2026-03-31 12:53:00+00:00,,,,,,,,0.8954545454545455,0.89,,0.0,0,False
2026-03-31 12:53:30+00:00,,,,,,,,0.8954545454545455,0.89,,0.0,0,False
2026-03-31 12:54:00+00:00,,,,,,,,0.8954545454545455,0.89,,0.0,0,False
2026-03-31 12:54:30+00:00,,,,,,,,0.8954545454545455,0.89,,0.0,0,False
2026-03-31 12:55:00+00:00,,,,,,,,0.8954545454545455,0.89,,0.0,0,False
2026-03-31 12:55:30+00:00,,,,,,,,0.8954545454545455,0.89,,0.0,0,False
2026-03-31 12:56:00+00:00,,,,,,,,0.8954545454545455,0.89,,0.0,0,False
2026-03-31 12:56:30+00:00,,,,,,,,0.8954545454545455,0.89,,0.0,0,False
2026-03-31 12:57:00+00:00,,,,,,,,0.8954545454545455,0.89,,0.0,0,False
2026-03-31 12:57:30+00:00,,,,,,,,0.8954545454545455,0.89,,0.0,0,False
2026-03-31 12:58:00+00:00,,,,,,,,0.8954545454545455,0.89,,0.0,0,False
2026-03-31 12:58:30+00:00,,,,,,,,0.8954545454545455,0.89,,0.0,0,False
2026-03-31 12:59:00+00:00,,,,,,,,0.8954545454545455,0.89,,0.0,0,False
2026-03-31 12:59:30+00:00,,,,,,,,0.895,0.89,,220.0,2,False
2026-03-31 13:00:00+00:00,,,,,,,,0.895,0.89,,0.0,0,False
2026-03-31 13:00:30+00:00,,,,,,,,0.895,0.89,,0.0,0,False
2026-03-31 13:01:00+00:00,,,,,,,,0.895,0.89,,0.0,0,False
2026-03-31 13:01:30+00:00,,,,,,,,0.895,0.89,,0.0,0,False
2026-03-31 13:02:00+00:00,,,,,,,,0.895,0.89,,0.0,0,False
2026-03-31 13:02:30+00:00,,,,,,,,0.895,0.89,,0.0,0,False
2026-03-31 13:03:00+00:00,,,,,,,,0.895,0.89,,0.0,0,False
2026-03-31 13:03:30+00:00,,,,,,,,0.88,0.88,,6.0,1,False
2026-03-31 13:04:00+00:00,,,,,,,,0.88,0.88,,0.0,0,False
2026-03-31 13:04:30+00:00,,,,,,,,0.88,0.88,,0.0,0,False
2026-03-31 13:05:00+00:00,,,,,,,,0.88,0.88,,0.0,0,False
2026-03-31 13:05:30+00:00,,,,,,,,0.88,0.88,,0.0,0,False
2026-03-31 13:06:00+00:00,,,,,,,,0.88,0.88,,0.0,0,False
2026-03-31 13:06:30+00:00,,,,,,,,0.88,0.88,,0.0,0,False
2026-03-31 13:07:00+00:00,,,,,,,,0.88,0.88,,0.0,0,False
2026-03-31 13:07:30+00:00,,,,,,,,0.88,0.88,,0.0,0,False
2026-03-31 13:08:00+00:00,,,,,,,,0.88,0.88,,0.0,0,False
2026-03-31 13:08:30+00:00,,,,,,,,0.88,0.88,,0.0,0,False
2026-03-31 13:09:00+00:00,,,,,,,,0.88,0.88,,0.0,0,False
2026-03-31 13:09:30+00:00,,,,,,,,0.88,0.88,,0.0,0,False
2026-03-31 13:10:00+00:00,,,,,,,,0.88,0.88,,0.0,0,False
2026-03-31 13:10:30+00:00,,,,,,,,0.88,0.88,,0.0,0,False
2026-03-31 13:11:00+00:00,,,,,,,,0.88,0.88,,0.0,0,False
2026-03-31 13:11:30+00:00,,,,,,,,0.88,0.88,,0.0,0,False
2026-03-31 13:12:00+00:00,,,,,,,,0.88,0.88,,0.0,0,False
2026-03-31 13:12:30+00:00,,,,,,,,0.88,0.88,,0.0,0,False
2026-03-31 13:13:00+00:00,,,,,,,,0.88,0.88,,0.0,0,False
2026-03-31 13:13:30+00:00,,,,,,,,0.88,0.88,,0.0,0,False
2026-03-31 13:14:00+00:00,,,,,,,,0.88,0.88,,0.0,0,False
2026-03-31 13:14:30+00:00,,,,,,,,0.88,0.88,,0.0,0,False
2026-03-31 13:15:00+00:00,,,,,,,,0.88,0.88,,0.0,0,False
2026-03-31 13:15:30+00:00,,,,,,,,0.88,0.88,,0.0,0,False
2026-03-31 13:16:00+00:00,,,,,,,,0.88,0.88,,0.0,0,False
2026-03-31 13:16:30+00:00,,,,,,,,0.88,0.88,,0.0,0,False
2026-03-31 13:17:00+00:00,,,,,,,,0.88,0.88,,0.0,0,False
2026-03-31 13:17:30+00:00,,,,,,,,0.88,0.88,,0.0,0,False
2026-03-31 13:18:00+00:00,,,,,,,,0.88,0.88,,0.0,0,False
2026-03-31 13:18:30+00:00,,,,,,,,0.88,0.88,,35.0,1,False
2026-03-31 13:19:00+00:00,,,,,,,,0.88,0.88,,0.0,0,False
2026-03-31 13:19:30+00:00,,,,,,,,0.88,0.88,,0.0,0,False
2026-03-31 13:20:00+00:00,,,,,,,,0.88,0.88,,0.0,0,False
2026-03-31 13:20:30+00:00,,,,,,,,0.88,0.88,,0.0,0,False
2026-03-31 13:21:00+00:00,,,,,,,,0.88,0.88,,0.0,0,False
2026-03-31 13:21:30+00:00,,,,,,,,0.88,0.88,,0.0,0,False
2026-03-31 13:22:00+00:00,,,,,,,,0.88,0.88,,0.0,0,False
2026-03-31 13:22:30+00:00,,,,,,,,0.88,0.88,,0.0,0,False
2026-03-31 13:23:00+00:00,,,,,,,,0.88,0.88,,0.0,0,False
2026-03-31 13:23:30+00:00,,,,,,,,0.88,0.88,,0.0,0,False
2026-03-31 13:24:00+00:00,,,,,,,,0.88,0.88,,0.0,0,False
2026-03-31 13:24:30+00:00,,,,,,,,0.88,0.88,,0.0,0,False
2026-03-31 13:25:00+00:00,,,,,,,,0.88,0.88,,0.0,0,False
2026-03-31 13:25:30+00:00,,,,,,,,0.88,0.88,,0.0,0,False
2026-03-31 13:26:00+00:00,,,,,,,,0.88,0.88,,0.0,0,False
2026-03-31 13:26:30+00:00,,,,,,,,0.88,0.88,,0.0,0,False
2026-03-31 13:27:00+00:00,,,,,,,,0.89,0.89,,1.0,1,False
2026-03-31 13:27:30+00:00,,,,,,,,0.89,0.89,,0.0,0,False
2026-03-31 13:28:00+00:00,,,,,,,,0.8901298701298701,0.9,,539.0,3,False
2026-03-31 13:28:30+00:00,,,,,,,,0.8901298701298701,0.9,,0.0,0,False
2026-03-31 13:29:00+00:00,,,,,,,,0.8901298701298701,0.9,,0.0,0,False
2026-03-31 13:29:30+00:00,,,,,,,,0.8901298701298701,0.9,,0.0,0,False
2026-03-31 13:30:00+00:00,,,,,,,,0.8901298701298701,0.9,,0.0,0,False
2026-03-31 13:30:30+00:00,,,,,,,,0.8901298701298701,0.9,,0.0,0,False
2026-03-31 13:31:00+00:00,,,,,,,,0.9,0.9,,8.0,1,False
2026-03-31 13:31:30+00:00,,,,,,,,0.9,0.9,,0.0,0,False
2026-03-31 13:32:00+00:00,,,,,,,,0.9,0.9,,0.0,0,False
2026-03-31 13:32:30+00:00,,,,,,,,0.9,0.9,,0.0,0,False
2026-03-31 13:33:00+00:00,,,,,,,,0.9,0.9,,0.0,0,False
2026-03-31 13:33:30+00:00,,,,,,,,0.9,0.9,,0.0,0,False
2026-03-31 13:34:00+00:00,,,,,,,,0.9,0.9,,0.0,0,False
2026-03-31 13:34:30+00:00,,,,,,,,0.9,0.9,,0.0,0,False
2026-03-31 13:35:00+00:00,,,,,,,,0.9,0.9,,0.0,0,False
2026-03-31 13:35:30+00:00,,,,,,,,0.9,0.9,,0.0,0,False
2026-03-31 13:36:00+00:00,,,,,,,,0.9,0.9,,0.0,0,False
2026-03-31 13:36:30+00:00,,,,,,,,0.9,0.9,,0.0,0,False
2026-03-31 13:37:00+00:00,,,,,,,,0.9,0.9,,0.0,0,False
2026-03-31 13:37:30+00:00,,,,,,,,0.9,0.9,,1.0,1,False
2026-03-31 13:38:00+00:00,,,,,,,,0.9,0.9,,0.0,0,False
2026-03-31 13:38:30+00:00,,,,,,,,0.9,0.9,,0.0,0,False
2026-03-31 13:39:00+00:00,,,,,,,,0.9,0.9,,0.0,0,False
2026-03-31 13:39:30+00:00,,,,,,,,0.9,0.9,,0.0,0,False
2026-03-31 13:40:00+00:00,,,,,,,,0.9,0.9,,0.0,0,False
2026-03-31 13:40:30+00:00,,,,,,,,0.9,0.9,,0.0,0,False
2026-03-31 13:41:00+00:00,,,,,,,,0.9,0.9,,0.0,0,False
2026-03-31 13:41:30+00:00,,,,,,,,0.9,0.9,,0.0,0,False
2026-03-31 13:42:00+00:00,,,,,,,,0.9,0.9,,0.0,0,False
2026-03-31 13:42:30+00:00,,,,,,,,0.9,0.9,,0.0,0,False
2026-03-31 13:43:00+00:00,,,,,,,,0.9,0.9,,0.0,0,False
2026-03-31 13:43:30+00:00,,,,,,,,0.9,0.9,,0.0,0,False
2026-03-31 13:44:00+00:00,,,,,,,,0.9,0.9,,0.0,0,False
2026-03-31 13:44:30+00:00,,,,,,,,0.9,0.9,,0.0,0,False
2026-03-31 13:45:00+00:00,,,,,,,,0.9,0.9,,0.0,0,False
2026-03-31 13:45:30+00:00,,,,,,,,0.9,0.9,,0.0,0,False
2026-03-31 13:46:00+00:00,,,,,,,,0.9,0.9,,0.0,0,False
2026-03-31 13:46:30+00:00,,,,,,,,0.9,0.9,,0.0,0,False
2026-03-31 13:47:00+00:00,,,,,,,,0.9,0.9,,0.0,0,False
2026-03-31 13:47:30+00:00,,,,,,,,0.9,0.9,,0.0,0,False
2026-03-31 13:48:00+00:00,,,,,,,,0.91,0.91,,7.0,1,False
2026-03-31 13:48:30+00:00,,,,,,,,0.91,0.91,,0.0,0,False
2026-03-31 13:49:00+00:00,,,,,,,,0.91,0.91,,0.0,0,False
2026-03-31 13:49:30+00:00,,,,,,,,0.91,0.91,,0.0,0,False
2026-03-31 13:50:00+00:00,,,,,,,,0.91,0.91,,0.0,0,False
2026-03-31 13:50:30+00:00,,,,,,,,0.91,0.91,,0.0,0,False
2026-03-31 13:51:00+00:00,,,,,,,,0.91,0.91,,0.0,0,False
2026-03-31 13:51:30+00:00,,,,,,,,0.91,0.91,,0.0,0,False
2026-03-31 13:52:00+00:00,,,,,,,,0.91,0.91,,0.0,0,False
2026-03-31 13:52:30+00:00,,,,,,,,0.91,0.91,,0.0,0,False
2026-03-31 13:53:00+00:00,,,,,,,,0.91,0.91,,0.0,0,False
2026-03-31 13:53:30+00:00,,,,,,,,0.91,0.91,,0.0,0,False
2026-03-31 13:54:00+00:00,,,,,,,,0.91,0.91,,0.0,0,False
2026-03-31 13:54:30+00:00,,,,,,,,0.91,0.91,,0.0,0,False
2026-03-31 13:55:00+00:00,,,,,,,,0.9,0.9,,10.0,1,False
2026-03-31 13:55:30+00:00,,,,,,,,0.9,0.9,,0.0,0,False
2026-03-31 13:56:00+00:00,,,,,,,,0.9,0.9,,0.0,0,False
2026-03-31 13:56:30+00:00,,,,,,,,0.9020000000000001,0.9,,110.0,3,False
2026-03-31 13:57:00+00:00,,,,,,,,0.9020000000000001,0.9,,0.0,0,False
2026-03-31 13:57:30+00:00,,,,,,,,0.9020000000000001,0.9,,0.0,0,False
2026-03-31 13:58:00+00:00,,,,,,,,0.9020000000000001,0.9,,0.0,0,False
2026-03-31 13:58:30+00:00,,,,,,,,0.9020000000000001,0.9,,0.0,0,False
2026-03-31 13:59:00+00:00,,,,,,,,0.9020000000000001,0.9,,0.0,0,False
2026-03-31 13:59:30+00:00,,,,,,,,0.9020000000000001,0.9,,0.0,0,False
2026-03-31 14:00:00+00:00,,,,,,,,0.9020000000000001,0.9,,0.0,0,False
2026-03-31 14:00:30+00:00,,,,,,,,0.9020000000000001,0.9,,0.0,0,False
2026-03-31 14:01:00+00:00,,,,,,,,0.9020000000000001,0.9,,0.0,0,False
2026-03-31 14:01:30+00:00,,,,,,,,0.9020000000000001,0.9,,0.0,0,False
2026-03-31 14:02:00+00:00,,,,,,,,0.9020000000000001,0.9,,0.0,0,False
2026-03-31 14:02:30+00:00,,,,,,,,0.9020000000000001,0.9,,0.0,0,False
2026-03-31 14:03:00+00:00,,,,,,,,0.9020000000000001,0.9,,0.0,0,False
2026-03-31 14:03:30+00:00,,,,,,,,0.9020000000000001,0.9,,0.0,0,False
2026-03-31 14:04:00+00:00,,,,,,,,0.8999999999999999,0.9,,9.0,1,False
2026-03-31 14:04:30+00:00,,,,,,,,0.8999999999999999,0.9,,0.0,0,False
2026-03-31 14:05:00+00:00,,,,,,,,0.8999999999999999,0.9,,0.0,0,False
2026-03-31 14:05:30+00:00,,,,,,,,0.8999999999999999,0.9,,0.0,0,False
2026-03-31 14:06:00+00:00,,,,,,,,0.8999999999999999,0.9,,0.0,0,False
2026-03-31 14:06:30+00:00,,,,,,,,0.8999999999999999,0.9,,0.0,0,False
2026-03-31 14:07:00+00:00,,,,,,,,0.8999999999999999,0.9,,0.0,0,False
2026-03-31 14:07:30+00:00,,,,,,,,0.8999999999999999,0.9,,0.0,0,False
2026-03-31 14:08:00+00:00,,,,,,,,0.8999999999999999,0.9,,0.0,0,False
2026-03-31 14:08:30+00:00,,,,,,,,0.8999999999999999,0.9,,0.0,0,False
2026-03-31 14:09:00+00:00,,,,,,,,0.8999999999999999,0.9,,0.0,0,False
2026-03-31 14:09:30+00:00,,,,,,,,0.8999999999999999,0.9,,0.0,0,False
2026-03-31 14:10:00+00:00,,,,,,,,0.8999999999999999,0.9,,0.0,0,False
2026-03-31 14:10:30+00:00,,,,,,,,0.8999999999999999,0.9,,0.0,0,False
2026-03-31 14:11:00+00:00,,,,,,,,0.8999999999999999,0.9,,0.0,0,False
2026-03-31 14:11:30+00:00,,,,,,,,0.8999999999999999,0.9,,0.0,0,False
2026-03-31 14:12:00+00:00,,,,,,,,0.8999999999999999,0.9,,0.0,0,False
2026-03-31 14:12:30+00:00,,,,,,,,0.8999999999999999,0.9,,0.0,0,False
2026-03-31 14:13:00+00:00,,,,,,,,0.8999999999999999,0.9,,0.0,0,False
2026-03-31 14:13:30+00:00,,,,,,,,0.8999999999999999,0.9,,0.0,0,False
2026-03-31 14:14:00+00:00,,,,,,,,0.8999999999999999,0.9,,0.0,0,False
2026-03-31 14:14:30+00:00,,,,,,,,0.8999999999999999,0.9,,0.0,0,False
2026-03-31 14:15:00+00:00,,,,,,,,0.8999999999999999,0.9,,0.0,0,False
2026-03-31 14:15:30+00:00,,,,,,,,0.8999999999999999,0.9,,0.0,0,False
2026-03-31 14:16:00+00:00,,,,,,,,0.8999999999999999,0.9,,0.0,0,False
2026-03-31 14:16:30+00:00,,,,,,,,0.8999999999999999,0.9,,0.0,0,False
2026-03-31 14:17:00+00:00,,,,,,,,0.8999999999999999,0.9,,0.0,0,False
2026-03-31 14:17:30+00:00,,,,,,,,0.8999999999999999,0.9,,0.0,0,False
2026-03-31 14:18:00+00:00,,,,,,,,0.8999999999999999,0.9,,0.0,0,False
2026-03-31 14:18:30+00:00,,,,,,,,0.8999999999999999,0.9,,0.0,0,False
2026-03-31 14:19:00+00:00,,,,,,,,0.8999999999999999,0.9,,0.0,0,False
2026-03-31 14:19:30+00:00,,,,,,,,0.8999999999999999,0.9,,0.0,0,False
2026-03-31 14:20:00+00:00,,,,,,,,0.8999999999999999,0.9,,0.0,0,False
2026-03-31 14:20:30+00:00,,,,,,,,0.8999999999999999,0.9,,0.0,0,False
2026-03-31 14:21:00+00:00,,,,,,,,0.8999999999999999,0.9,,0.0,0,False
2026-03-31 14:21:30+00:00,,,,,,,,0.8999999999999999,0.9,,0.0,0,False
2026-03-31 14:22:00+00:00,,,,,,,,0.8999999999999999,0.9,,0.0,0,False
2026-03-31 14:22:30+00:00,,,,,,,,0.8999999999999999,0.9,,0.0,0,False
2026-03-31 14:23:00+00:00,,,,,,,,0.8999999999999999,0.9,,0.0,0,False
2026-03-31 14:23:30+00:00,,,,,,,,0.8999999999999999,0.9,,0.0,0,False
2026-03-31 14:24:00+00:00,,,,,,,,0.8999999999999999,0.9,,0.0,0,False
2026-03-31 14:24:30+00:00,,,,,,,,0.8999999999999999,0.9,,0.0,0,False
2026-03-31 14:25:00+00:00,,,,,,,,0.8999999999999999,0.9,,0.0,0,False
2026-03-31 14:25:30+00:00,,,,,,,,0.8999999999999999,0.9,,0.0,0,False
2026-03-31 14:26:00+00:00,,,,,,,,0.8999999999999999,0.9,,0.0,0,False
2026-03-31 14:26:30+00:00,,,,,,,,0.8999999999999999,0.9,,0.0,0,False
2026-03-31 14:27:00+00:00,,,,,,,,0.8999999999999999,0.9,,0.0,0,False
2026-03-31 14:27:30+00:00,,,,,,,,0.8999999999999999,0.9,,0.0,0,False
2026-03-31 14:28:00+00:00,,,,,,,,0.8999999999999999,0.9,,0.0,0,False
2026-03-31 14:28:30+00:00,,,,,,,,0.8999999999999999,0.9,,0.0,0,False
2026-03-31 14:29:00+00:00,,,,,,,,0.8999999999999999,0.9,,0.0,0,False
2026-03-31 14:29:30+00:00,,,,,,,,0.8999999999999999,0.9,,0.0,0,False
2026-03-31 14:30:00+00:00,,,,,,,,0.8999999999999999,0.9,,0.0,0,False
2026-03-31 14:30:30+00:00,,,,,,,,0.8999999999999999,0.9,,0.0,0,False
2026-03-31 14:31:00+00:00,,,,,,,,0.8999999999999999,0.9,,0.0,0,False
2026-03-31 14:31:30+00:00,,,,,,,,0.8999999999999999,0.9,,0.0,0,False
2026-03-31 14:32:00+00:00,,,,,,,,0.8999999999999999,0.9,,0.0,0,False
2026-03-31 14:32:30+00:00,,,,,,,,0.8999999999999999,0.9,,0.0,0,False
2026-03-31 14:33:00+00:00,,,,,,,,0.8999999999999999,0.9,,0.0,0,False
2026-03-31 14:33:30+00:00,,,,,,,,0.8999999999999999,0.9,,0.0,0,False
2026-03-31 14:34:00+00:00,,,,,,,,0.8999999999999999,0.9,,0.0,0,False
2026-03-31 14:34:30+00:00,,,,,,,,0.8999999999999999,0.9,,0.0,0,False
2026-03-31 14:35:00+00:00,,,,,,,,0.8999999999999999,0.9,,0.0,0,False
2026-03-31 14:35:30+00:00,,,,,,,,0.8999999999999999,0.9,,0.0,0,False
2026-03-31 14:36:00+00:00,,,,,,,,0.8999999999999999,0.9,,0.0,0,False
2026-03-31 14:36:30+00:00,,,,,,,,0.8999999999999999,0.9,,0.0,0,False
2026-03-31 14:37:00+00:00,,,,,,,,0.8999999999999999,0.9,,0.0,0,False
2026-03-31 14:37:30+00:00,,,,,,,,0.8999999999999999,0.9,,0.0,0,False
2026-03-31 14:38:00+00:00,,,,,,,,0.8999999999999999,0.9,,0.0,0,False
2026-03-31 14:38:30+00:00,,,,,,,,0.8999999999999999,0.9,,0.0,0,False
2026-03-31 14:39:00+00:00,,,,,,,,0.8999999999999999,0.9,,1128.0,6,False
2026-03-31 14:39:30+00:00,,,,,,,,0.9000000000000001,0.9,,373.0,2,False
2026-03-31 14:40:00+00:00,,,,,,,,0.9000000000000001,0.9,,0.0,0,False
2026-03-31 14:40:30+00:00,,,,,,,,0.9000000000000001,0.9,,0.0,0,False
2026-03-31 14:41:00+00:00,,,,,,,,0.9000000000000001,0.9,,0.0,0,False
2026-03-31 14:41:30+00:00,,,,,,,,0.9000000000000001,0.9,,0.0,0,False
2026-03-31 14:42:00+00:00,,,,,,,,0.9000000000000001,0.9,,0.0,0,False
2026-03-31 14:42:30+00:00,,,,,,,,0.8900000000000001,0.89,,1538.0,2,False
2026-03-31 14:43:00+00:00,,,,,,,,0.8900000000000001,0.89,,0.0,0,False
2026-03-31 14:43:30+00:00,,,,,,,,0.8900000000000001,0.89,,0.0,0,False
2026-03-31 14:44:00+00:00,,,,,,,,0.8900000000000001,0.89,,0.0,0,False
2026-03-31 14:44:30+00:00,,,,,,,,0.8900000000000001,0.89,,0.0,0,False
2026-03-31 14:45:00+00:00,,,,,,,,0.8900000000000001,0.89,,0.0,0,False
2026-03-31 14:45:30+00:00,,,,,,,,0.8900000000000001,0.89,,0.0,0,False
2026-03-31 14:46:00+00:00,,,,,,,,0.8900000000000001,0.89,,0.0,0,False
2026-03-31 14:46:30+00:00,,,,,,,,0.8900000000000001,0.89,,0.0,0,False
2026-03-31 14:47:00+00:00,,,,,,,,0.8900000000000001,0.89,,0.0,0,False
2026-03-31 14:47:30+00:00,,,,,,,,0.8900000000000001,0.89,,0.0,0,False
2026-03-31 14:48:00+00:00,,,,,,,,0.8900000000000001,0.89,,0.0,0,False
2026-03-31 14:48:30+00:00,,,,,,,,0.8900000000000001,0.89,,0.0,0,False
2026-03-31 14:49:00+00:00,,,,,,,,0.8900000000000001,0.89,,0.0,0,False
2026-03-31 14:49:30+00:00,,,,,,,,0.8900000000000001,0.89,,0.0,0,False
2026-03-31 14:50:00+00:00,,,,,,,,0.8900000000000001,0.89,,0.0,0,False
2026-03-31 14:50:30+00:00,,,,,,,,0.8900000000000001,0.89,,0.0,0,False
2026-03-31 14:51:00+00:00,,,,,,,,0.8900000000000001,0.89,,0.0,0,False
2026-03-31 14:51:30+00:00,,,,,,,,0.8900000000000001,0.89,,0.0,0,False
2026-03-31 14:52:00+00:00,,,,,,,,0.8900000000000001,0.89,,0.0,0,False
2026-03-31 14:52:30+00:00,,,,,,,,0.8900000000000001,0.89,,0.0,0,False
2026-03-31 14:53:00+00:00,,,,,,,,0.8900000000000001,0.89,,0.0,0,False
2026-03-31 14:53:30+00:00,,,,,,,,0.8900000000000001,0.89,,0.0,0,False
2026-03-31 14:54:00+00:00,,,,,,,,0.8900000000000001,0.89,,0.0,0,False
2026-03-31 14:54:30+00:00,,,,,,,,0.8900000000000001,0.89,,0.0,0,False
2026-03-31 14:55:00+00:00,,,,,,,,0.8900000000000001,0.89,,0.0,0,False
2026-03-31 14:55:30+00:00,,,,,,,,0.8900000000000001,0.89,,0.0,0,False
2026-03-31 14:56:00+00:00,,,,,,,,0.8900000000000001,0.89,,0.0,0,False
2026-03-31 14:56:30+00:00,,,,,,,,0.8900000000000001,0.89,,0.0,0,False
2026-03-31 14:57:00+00:00,,,,,,,,0.8900000000000001,0.89,,0.0,0,False
2026-03-31 14:57:30+00:00,,,,,,,,0.89,0.89,,8.0,1,False
2026-03-31 14:58:00+00:00,,,,,,,,0.89,0.89,,0.0,0,False
2026-03-31 14:58:30+00:00,,,,,,,,0.89,0.89,,0.0,0,False
2026-03-31 14:59:00+00:00,,,,,,,,0.89,0.89,,0.0,0,False
2026-03-31 14:59:30+00:00,,,,,,,,0.89,0.89,,0.0,0,False
2026-03-31 15:00:00+00:00,,,,,,,,0.89,0.89,,0.0,0,False
2026-03-31 15:00:30+00:00,,,,,,,,0.89,0.89,,0.0,0,False
2026-03-31 15:01:00+00:00,,,,,,,,0.89,0.89,,0.0,0,False
2026-03-31 15:01:30+00:00,,,,,,,,0.89,0.89,,0.0,0,False
2026-03-31 15:02:00+00:00,,,,,,,,0.8900000000000001,0.89,,22.0,1,False
2026-03-31 15:02:30+00:00,,,,,,,,0.8900000000000001,0.89,,0.0,0,False
2026-03-31 15:03:00+00:00,,,,,,,,0.8900000000000001,0.89,,0.0,0,False
2026-03-31 15:03:30+00:00,,,,,,,,0.8900000000000001,0.89,,0.0,0,False
2026-03-31 15:04:00+00:00,,,,,,,,0.8900000000000001,0.89,,0.0,0,False
2026-03-31 15:04:30+00:00,,,,,,,,0.8900000000000001,0.89,,0.0,0,False
2026-03-31 15:05:00+00:00,,,,,,,,0.8900000000000001,0.89,,0.0,0,False
2026-03-31 15:05:30+00:00,,,,,,,,0.8900000000000001,0.89,,0.0,0,False
2026-03-31 15:06:00+00:00,,,,,,,,0.8915000000000001,0.89,,40.0,2,False
2026-03-31 15:06:30+00:00,,,,,,,,0.8915000000000001,0.89,,0.0,0,False
2026-03-31 15:07:00+00:00,,,,,,,,0.8915000000000001,0.89,,0.0,0,False
2026-03-31 15:07:30+00:00,,,,,,,,0.8915000000000001,0.89,,0.0,0,False
2026-03-31 15:08:00+00:00,,,,,,,,0.8915000000000001,0.89,,0.0,0,False
2026-03-31 15:08:30+00:00,,,,,,,,0.8915000000000001,0.89,,0.0,0,False
2026-03-31 15:09:00+00:00,,,,,,,,0.8915000000000001,0.89,,0.0,0,False
2026-03-31 15:09:30+00:00,,,,,,,,0.8915000000000001,0.89,,0.0,0,False
2026-03-31 15:10:00+00:00,,,,,,,,0.8915000000000001,0.89,,0.0,0,False
2026-03-31 15:10:30+00:00,,,,,,,,0.8915000000000001,0.89,,0.0,0,False
2026-03-31 15:11:00+00:00,,,,,,,,0.8915000000000001,0.89,,0.0,0,False
2026-03-31 15:11:30+00:00,,,,,,,,0.8915000000000001,0.89,,0.0,0,False
2026-03-31 15:12:00+00:00,,,,,,,,0.8915000000000001,0.89,,0.0,0,False
2026-03-31 15:12:30+00:00,,,,,,,,0.8915000000000001,0.89,,0.0,0,False
2026-03-31 15:13:00+00:00,,,,,,,,0.8915000000000001,0.89,,0.0,0,False
2026-03-31 15:13:30+00:00,,,,,,,,0.8915000000000001,0.89,,0.0,0,False
2026-03-31 15:14:00+00:00,,,,,,,,0.8915000000000001,0.89,,0.0,0,False
2026-03-31 15:14:30+00:00,,,,,,,,0.8915000000000001,0.89,,0.0,0,False
2026-03-31 15:15:00+00:00,,,,,,,,0.8915000000000001,0.89,,0.0,0,False
2026-03-31 15:15:30+00:00,,,,,,,,0.8915000000000001,0.89,,0.0,0,False
2026-03-31 15:16:00+00:00,,,,,,,,0.8915000000000001,0.89,,0.0,0,False
2026-03-31 15:16:30+00:00,,,,,,,,0.8915000000000001,0.89,,0.0,0,False
2026-03-31 15:17:00+00:00,,,,,,,,0.8915000000000001,0.89,,0.0,0,False
2026-03-31 15:17:30+00:00,,,,,,,,0.8915000000000001,0.89,,0.0,0,False
2026-03-31 15:18:00+00:00,,,,,,,,0.8915000000000001,0.89,,0.0,0,False
2026-03-31 15:18:30+00:00,,,,,,,,0.8915000000000001,0.89,,0.0,0,False
2026-03-31 15:19:00+00:00,,,,,,,,0.8915000000000001,0.89,,0.0,0,False
2026-03-31 15:19:30+00:00,,,,,,,,0.8915000000000001,0.89,,0.0,0,False
2026-03-31 15:20:00+00:00,,,,,,,,0.8915000000000001,0.89,,0.0,0,False
2026-03-31 15:20:30+00:00,,,,,,,,0.8915000000000001,0.89,,0.0,0,False
2026-03-31 15:21:00+00:00,,,,,,,,0.8915000000000001,0.89,,0.0,0,False
2026-03-31 15:21:30+00:00,,,,,,,,0.8915000000000001,0.89,,0.0,0,False
2026-03-31 15:22:00+00:00,,,,,,,,0.8915000000000001,0.89,,0.0,0,False
2026-03-31 15:22:30+00:00,,,,,,,,0.8915000000000001,0.89,,0.0,0,False
2026-03-31 15:23:00+00:00,,,,,,,,0.8915000000000001,0.89,,0.0,0,False
2026-03-31 15:23:30+00:00,,,,,,,,0.8899999999999999,0.89,,214.0,2,False
2026-03-31 15:24:00+00:00,,,,,,,,0.8899999999999999,0.89,,0.0,0,False
2026-03-31 15:24:30+00:00,,,,,,,,0.8899999999999999,0.89,,0.0,0,False
2026-03-31 15:25:00+00:00,,,,,,,,0.8899999999999999,0.89,,0.0,0,False
2026-03-31 15:25:30+00:00,,,,,,,,0.92,0.92,,4.0,1,False
2026-03-31 15:26:00+00:00,,,,,,,,0.92,0.92,,0.0,0,False
2026-03-31 15:26:30+00:00,,,,,,,,0.92,0.92,,0.0,0,False
2026-03-31 15:27:00+00:00,,,,,,,,0.92,0.92,,0.0,0,False
2026-03-31 15:27:30+00:00,,,,,,,,0.92,0.92,,0.0,0,False
2026-03-31 15:28:00+00:00,,,,,,,,0.92,0.92,,0.0,0,False
2026-03-31 15:28:30+00:00,,,,,,,,0.89,0.89,,42.0,1,False
2026-03-31 15:29:00+00:00,,,,,,,,0.89,0.89,,0.0,0,False
2026-03-31 15:29:30+00:00,,,,,,,,0.89,0.89,,0.0,0,False
2026-03-31 15:30:00+00:00,,,,,,,,0.89,0.89,,0.0,0,False
2026-03-31 15:30:30+00:00,,,,,,,,0.89,0.89,,0.0,0,False
2026-03-31 15:31:00+00:00,,,,,,,,0.89,0.89,,0.0,0,False
2026-03-31 15:31:30+00:00,,,,,,,,0.89,0.89,,0.0,0,False
2026-03-31 15:32:00+00:00,,,,,,,,0.92,0.92,,323.0,2,False
2026-03-31 15:32:30+00:00,,,,,,,,0.92,0.92,,0.0,0,False
2026-03-31 15:33:00+00:00,,,,,,,,0.92,0.92,,0.0,0,False
2026-03-31 15:33:30+00:00,,,,,,,,0.92,0.92,,0.0,0,False
2026-03-31 15:34:00+00:00,,,,,,,,0.92,0.92,,0.0,0,False
2026-03-31 15:34:30+00:00,,,,,,,,0.92,0.92,,0.0,0,False
2026-03-31 15:35:00+00:00,,,,,,,,0.89,0.89,,2.0,1,False
2026-03-31 15:35:30+00:00,,,,,,,,0.89,0.89,,0.0,0,False
2026-03-31 15:36:00+00:00,,,,,,,,0.89,0.89,,0.0,0,False
2026-03-31 15:36:30+00:00,,,,,,,,0.89,0.89,,0.0,0,False
2026-03-31 15:37:00+00:00,,,,,,,,0.89,0.89,,0.0,0,False
2026-03-31 15:37:30+00:00,,,,,,,,0.89,0.89,,0.0,0,False
2026-03-31 15:38:00+00:00,,,,,,,,0.89,0.89,,0.0,0,False
2026-03-31 15:38:30+00:00,,,,,,,,0.89,0.89,,0.0,0,False
2026-03-31 15:39:00+00:00,,,,,,,,0.89,0.89,,0.0,0,False
2026-03-31 15:39:30+00:00,,,,,,,,0.89,0.89,,0.0,0,False
2026-03-31 15:40:00+00:00,,,,,,,,0.89,0.89,,0.0,0,False
2026-03-31 15:40:30+00:00,,,,,,,,0.89,0.89,,0.0,0,False
2026-03-31 15:41:00+00:00,,,,,,,,0.89,0.89,,25.0,1,False
2026-03-31 15:41:30+00:00,,,,,,,,0.89,0.89,,0.0,0,False
2026-03-31 15:42:00+00:00,,,,,,,,0.89,0.89,,0.0,0,False
2026-03-31 15:42:30+00:00,,,,,,,,0.89,0.89,,0.0,0,False
2026-03-31 15:43:00+00:00,,,,,,,,0.89,0.89,,0.0,0,False
2026-03-31 15:43:30+00:00,,,,,,,,0.89,0.89,,0.0,0,False
2026-03-31 15:44:00+00:00,,,,,,,,0.89,0.89,,0.0,0,False
2026-03-31 15:44:30+00:00,,,,,,,,0.89,0.89,,0.0,0,False
2026-03-31 15:45:00+00:00,,,,,,,,0.89,0.89,,0.0,0,False
2026-03-31 15:45:30+00:00,,,,,,,,0.89,0.89,,0.0,0,False
2026-03-31 15:46:00+00:00,,,,,,,,0.89,0.89,,0.0,0,False
2026-03-31 15:46:30+00:00,,,,,,,,0.89,0.89,,0.0,0,False
2026-03-31 15:47:00+00:00,,,,,,,,0.89,0.89,,0.0,0,False
2026-03-31 15:47:30+00:00,,,,,,,,0.89,0.89,,0.0,0,False
2026-03-31 15:48:00+00:00,,,,,,,,0.89,0.89,,0.0,0,False
2026-03-31 15:48:30+00:00,,,,,,,,0.89,0.89,,0.0,0,False
2026-03-31 15:49:00+00:00,,,,,,,,0.89,0.89,,0.0,0,False
2026-03-31 15:49:30+00:00,,,,,,,,0.89,0.89,,0.0,0,False
2026-03-31 15:50:00+00:00,,,,,,,,0.89,0.89,,0.0,0,False
2026-03-31 15:50:30+00:00,,,,,,,,0.89,0.89,,0.0,0,False
2026-03-31 15:51:00+00:00,,,,,,,,0.89,0.89,,0.0,0,False
2026-03-31 15:51:30+00:00,,,,,,,,0.89,0.89,,0.0,0,False
2026-03-31 15:52:00+00:00,,,,,,,,0.89,0.89,,0.0,0,False
2026-03-31 15:52:30+00:00,,,,,,,,0.89,0.89,,0.0,0,False
2026-03-31 15:53:00+00:00,,,,,,,,0.89,0.89,,0.0,0,False
2026-03-31 15:53:30+00:00,,,,,,,,0.89,0.89,,0.0,0,False
2026-03-31 15:54:00+00:00,,,,,,,,0.89,0.89,,0.0,0,False
2026-03-31 15:54:30+00:00,,,,,,,,0.89,0.89,,0.0,0,False
2026-03-31 15:55:00+00:00,,,,,,,,0.915,0.91,,4.0,2,False
2026-03-31 15:55:30+00:00,,,,,,,,0.915,0.91,,0.0,0,False
2026-03-31 15:56:00+00:00,,,,,,,,0.915,0.91,,0.0,0,False
2026-03-31 15:56:30+00:00,,,,,,,,0.915,0.91,,0.0,0,False
2026-03-31 15:57:00+00:00,,,,,,,,0.915,0.91,,0.0,0,False
2026-03-31 15:57:30+00:00,,,,,,,,0.915,0.91,,0.0,0,False
2026-03-31 15:58:00+00:00,,,,,,,,0.915,0.91,,0.0,0,False
2026-03-31 15:58:30+00:00,,,,,,,,0.915,0.91,,0.0,0,False
2026-03-31 15:59:00+00:00,,,,,,,,0.915,0.91,,0.0,0,False
2026-03-31 15:59:30+00:00,,,,,,,,0.915,0.91,,0.0,0,False
2026-03-31 16:00:00+00:00,,,,,,,,0.915,0.91,,0.0,0,False
2026-03-31 16:00:30+00:00,,,,,,,,0.915,0.91,,0.0,0,False
2026-03-31 16:01:00+00:00,,,,,,,,0.915,0.91,,0.0,0,False
2026-03-31 16:01:30+00:00,,,,,,,,0.915,0.91,,0.0,0,False
2026-03-31 16:02:00+00:00,,,,,,,,0.915,0.91,,0.0,0,False
2026-03-31 16:02:30+00:00,,,,,,,,0.915,0.91,,0.0,0,False
2026-03-31 16:03:00+00:00,,,,,,,,0.915,0.91,,0.0,0,False
2026-03-31 16:03:30+00:00,,,,,,,,0.915,0.91,,0.0,0,False
2026-03-31 16:04:00+00:00,,,,,,,,0.915,0.91,,0.0,0,False
2026-03-31 16:04:30+00:00,,,,,,,,0.89,0.89,,1.0,1,False
2026-03-31 16:05:00+00:00,,,,,,,,0.89,0.89,,0.0,0,False
2026-03-31 16:05:30+00:00,,,,,,,,0.89,0.89,,0.0,0,False
2026-03-31 16:06:00+00:00,,,,,,,,0.89,0.89,,0.0,0,False
2026-03-31 16:06:30+00:00,,,,,,,,0.89,0.89,,0.0,0,False
2026-03-31 16:07:00+00:00,,,,,,,,0.89,0.89,,0.0,0,False
2026-03-31 16:07:30+00:00,,,,,,,,0.89,0.89,,0.0,0,False
2026-03-31 16:08:00+00:00,,,,,,,,0.89,0.89,,0.0,0,False
2026-03-31 16:08:30+00:00,,,,,,,,0.89,0.89,,0.0,0,False
2026-03-31 16:09:00+00:00,,,,,,,,0.89,0.89,,0.0,0,False
2026-03-31 16:09:30+00:00,,,,,,,,0.89,0.89,,0.0,0,False
2026-03-31 16:10:00+00:00,,,,,,,,0.89,0.89,,0.0,0,False
2026-03-31 16:10:30+00:00,,,,,,,,0.89,0.89,,0.0,0,False
2026-03-31 16:11:00+00:00,,,,,,,,0.89,0.89,,0.0,0,False
2026-03-31 16:11:30+00:00,,,,,,,,0.89,0.89,,0.0,0,False
2026-03-31 16:12:00+00:00,,,,,,,,0.89,0.89,,0.0,0,False
2026-03-31 16:12:30+00:00,,,,,,,,0.89,0.89,,0.0,0,False
2026-03-31 16:13:00+00:00,,,,,,,,0.89,0.89,,0.0,0,False
2026-03-31 16:13:30+00:00,,,,,,,,0.89,0.89,,0.0,0,False
2026-03-31 16:14:00+00:00,,,,,,,,0.89,0.89,,0.0,0,False
2026-03-31 16:14:30+00:00,,,,,,,,0.89,0.89,,0.0,0,False
2026-03-31 16:15:00+00:00,,,,,,,,0.89,0.89,,0.0,0,False
2026-03-31 16:15:30+00:00,,,,,,,,0.9150000000000001,0.91,,70.0,2,False
2026-03-31 16:16:00+00:00,,,,,,,,0.9150000000000001,0.91,,0.0,0,False
2026-03-31 16:16:30+00:00,,,,,,,,0.9150000000000001,0.91,,0.0,0,False
2026-03-31 16:17:00+00:00,,,,,,,,0.9150000000000001,0.91,,0.0,0,False
2026-03-31 16:17:30+00:00,,,,,,,,0.9150000000000001,0.91,,0.0,0,False
2026-03-31 16:18:00+00:00,,,,,,,,0.9150000000000001,0.91,,0.0,0,False
2026-03-31 16:18:30+00:00,,,,,,,,0.9150000000000001,0.91,,0.0,0,False
2026-03-31 16:19:00+00:00,,,,,,,,0.9150000000000001,0.91,,0.0,0,False
2026-03-31 16:19:30+00:00,,,,,,,,0.9150000000000001,0.91,,0.0,0,False
2026-03-31 16:20:00+00:00,,,,,,,,0.9150000000000001,0.91,,0.0,0,False
2026-03-31 16:20:30+00:00,,,,,,,,0.9150000000000001,0.91,,0.0,0,False
2026-03-31 16:21:00+00:00,,,,,,,,0.9150000000000001,0.91,,0.0,0,False
2026-03-31 16:21:30+00:00,,,,,,,,0.9150000000000001,0.91,,0.0,0,False
2026-03-31 16:22:00+00:00,,,,,,,,0.9150000000000001,0.91,,0.0,0,False
2026-03-31 16:22:30+00:00,,,,,,,,0.9150000000000001,0.91,,0.0,0,False
2026-03-31 16:23:00+00:00,,,,,,,,0.89,0.89,,59.0,1,False
2026-03-31 16:23:30+00:00,,,,,,,,0.89,0.89,,7.0,1,False
2026-03-31 16:24:00+00:00,,,,,,,,0.89,0.89,,0.0,0,False
2026-03-31 16:24:30+00:00,,,,,,,,0.89,0.89,,0.0,0,False
2026-03-31 16:25:00+00:00,,,,,,,,0.89,0.89,,0.0,0,False
2026-03-31 16:25:30+00:00,,,,,,,,0.89,0.89,,0.0,0,False
2026-03-31 16:26:00+00:00,,,,,,,,0.89,0.89,,0.0,0,False
2026-03-31 16:26:30+00:00,,,,,,,,0.89,0.89,,0.0,0,False
2026-03-31 16:27:00+00:00,,,,,,,,0.89,0.89,,0.0,0,False
2026-03-31 16:27:30+00:00,,,,,,,,0.89,0.89,,0.0,0,False
2026-03-31 16:28:00+00:00,,,,,,,,0.89,0.89,,0.0,0,False
2026-03-31 16:28:30+00:00,,,,,,,,0.89,0.89,,0.0,0,False
2026-03-31 16:29:00+00:00,,,,,,,,0.89,0.89,,0.0,0,False
2026-03-31 16:29:30+00:00,,,,,,,,0.89,0.89,,0.0,0,False
2026-03-31 16:30:00+00:00,,,,,,,,0.89,0.89,,0.0,0,False
2026-03-31 16:30:30+00:00,,,,,,,,0.89,0.89,,0.0,0,False
2026-03-31 16:31:00+00:00,,,,,,,,0.89,0.89,,0.0,0,False
2026-03-31 16:31:30+00:00,,,,,,,,0.89,0.89,,0.0,0,False
2026-03-31 16:32:00+00:00,,,,,,,,0.89,0.89,,0.0,0,False
2026-03-31 16:32:30+00:00,,,,,,,,0.89,0.89,,2.0,1,False
2026-03-31 16:33:00+00:00,,,,,,,,0.89,0.89,,0.0,0,False
2026-03-31 16:33:30+00:00,,,,,,,,0.89,0.89,,0.0,0,False
2026-03-31 16:34:00+00:00,,,,,,,,0.89,0.89,,0.0,0,False
2026-03-31 16:34:30+00:00,,,,,,,,0.89,0.89,,0.0,0,False
2026-03-31 16:35:00+00:00,,,,,,,,0.89,0.89,,0.0,0,False
2026-03-31 16:35:30+00:00,,,,,,,,0.915,0.91,,2.0,2,False
2026-03-31 16:36:00+00:00,,,,,,,,0.915,0.91,,0.0,0,False
2026-03-31 16:36:30+00:00,,,,,,,,0.915,0.91,,0.0,0,False
2026-03-31 16:37:00+00:00,,,,,,,,0.915,0.91,,0.0,0,False
2026-03-31 16:37:30+00:00,,,,,,,,0.915,0.91,,0.0,0,False
2026-03-31 16:38:00+00:00,,,,,,,,0.915,0.91,,0.0,0,False
2026-03-31 16:38:30+00:00,,,,,,,,0.915,0.91,,0.0,0,False
2026-03-31 16:39:00+00:00,,,,,,,,0.915,0.91,,0.0,0,False
2026-03-31 16:39:30+00:00,,,,,,,,0.915,0.91,,0.0,0,False
2026-03-31 16:40:00+00:00,,,,,,,,0.915,0.91,,0.0,0,False
2026-03-31 16:40:30+00:00,,,,,,,,0.915,0.91,,0.0,0,False
2026-03-31 16:41:00+00:00,,,,,,,,0.915,0.91,,0.0,0,False
2026-03-31 16:41:30+00:00,,,,,,,,0.915,0.91,,0.0,0,False
2026-03-31 16:42:00+00:00,,,,,,,,0.915,0.91,,0.0,0,False
2026-03-31 16:42:30+00:00,,,,,,,,0.915,0.91,,0.0,0,False
2026-03-31 16:43:00+00:00,,,,,,,,0.915,0.91,,0.0,0,False
2026-03-31 16:43:30+00:00,,,,,,,,0.915,0.91,,0.0,0,False
2026-03-31 16:44:00+00:00,,,,,,,,0.915,0.91,,0.0,0,False
2026-03-31 16:44:30+00:00,,,,,,,,0.915,0.91,,0.0,0,False
2026-03-31 16:45:00+00:00,,,,,,,,0.915,0.91,,0.0,0,False
2026-03-31 16:45:30+00:00,,,,,,,,0.915,0.91,,0.0,0,False
2026-03-31 16:46:00+00:00,,,,,,,,0.915,0.91,,0.0,0,False
2026-03-31 16:46:30+00:00,,,,,,,,0.915,0.91,,0.0,0,False
2026-03-31 16:47:00+00:00,,,,,,,,0.915,0.91,,0.0,0,False
2026-03-31 16:47:30+00:00,,,,,,,,0.915,0.91,,0.0,0,False
2026-03-31 16:48:00+00:00,,,,,,,,0.915,0.91,,0.0,0,False
2026-03-31 16:48:30+00:00,,,,,,,,0.915,0.91,,0.0,0,False
2026-03-31 16:49:00+00:00,,,,,,,,0.915,0.91,,0.0,0,False
2026-03-31 16:49:30+00:00,,,,,,,,0.915,0.91,,0.0,0,False
2026-03-31 16:50:00+00:00,,,,,,,,0.915,0.91,,0.0,0,False
2026-03-31 16:50:30+00:00,,,,,,,,0.915,0.91,,0.0,0,False
2026-03-31 16:51:00+00:00,,,,,,,,0.915,0.91,,0.0,0,False
2026-03-31 16:51:30+00:00,,,,,,,,0.915,0.91,,0.0,0,False
2026-03-31 16:52:00+00:00,,,,,,,,0.915,0.91,,0.0,0,False
2026-03-31 16:52:30+00:00,,,,,,,,0.915,0.91,,0.0,0,False
2026-03-31 16:53:00+00:00,,,,,,,,0.91,0.91,,400.0,2,False
2026-03-31 16:53:30+00:00,,,,,,,,0.91,0.91,,0.0,0,False
2026-03-31 16:54:00+00:00,,,,,,,,0.91,0.91,,0.0,0,False
2026-03-31 16:54:30+00:00,,,,,,,,0.91,0.91,,0.0,0,False
2026-03-31 16:55:00+00:00,,,,,,,,0.91,0.91,,0.0,0,False
2026-03-31 16:55:30+00:00,,,,,,,,0.91,0.91,,0.0,0,False
2026-03-31 16:56:00+00:00,,,,,,,,0.91,0.91,,0.0,0,False
2026-03-31 16:56:30+00:00,,,,,,,,0.91,0.91,,0.0,0,False
2026-03-31 16:57:00+00:00,,,,,,,,0.91,0.91,,0.0,0,False
2026-03-31 16:57:30+00:00,,,,,,,,0.91,0.91,,0.0,0,False
2026-03-31 16:58:00+00:00,,,,,,,,0.91,0.91,,0.0,0,False
2026-03-31 16:58:30+00:00,,,,,,,,0.91,0.91,,0.0,0,False
2026-03-31 16:59:00+00:00,,,,,,,,0.91,0.91,,0.0,0,False
2026-03-31 16:59:30+00:00,,,,,,,,0.91,0.91,,0.0,0,False
2026-03-31 17:00:00+00:00,,,,,,,,0.91,0.91,,0.0,0,False
2026-03-31 17:00:30+00:00,,,,,,,,0.91,0.91,,0.0,0,False
2026-03-31 17:01:00+00:00,,,,,,,,0.91,0.91,,0.0,0,False
2026-03-31 17:01:30+00:00,,,,,,,,0.91,0.91,,45.0,1,False
2026-03-31 17:02:00+00:00,,,,,,,,0.91,0.91,,0.0,0,False
2026-03-31 17:02:30+00:00,,,,,,,,0.91,0.91,,0.0,0,False
2026-03-31 17:03:00+00:00,,,,,,,,0.91,0.91,,0.0,0,False
2026-03-31 17:03:30+00:00,,,,,,,,0.91,0.91,,0.0,0,False
2026-03-31 17:04:00+00:00,,,,,,,,0.91,0.91,,0.0,0,False
2026-03-31 17:04:30+00:00,,,,,,,,0.91,0.91,,0.0,0,False
2026-03-31 17:05:00+00:00,,,,,,,,0.91,0.91,,0.0,0,False
2026-03-31 17:05:30+00:00,,,,,,,,0.91,0.91,,0.0,0,False
2026-03-31 17:06:00+00:00,,,,,,,,0.91,0.91,,0.0,0,False
2026-03-31 17:06:30+00:00,,,,,,,,0.91,0.91,,0.0,0,False
2026-03-31 17:07:00+00:00,,,,,,,,0.91,0.91,,0.0,0,False
2026-03-31 17:07:30+00:00,,,,,,,,0.91,0.91,,0.0,0,False
2026-03-31 17:08:00+00:00,,,,,,,,0.91,0.91,,35.0,1,False
2026-03-31 17:08:30+00:00,,,,,,,,0.91,0.91,,0.0,0,False
2026-03-31 17:09:00+00:00,,,,,,,,0.91,0.91,,0.0,0,False
2026-03-31 17:09:30+00:00,,,,,,,,0.91,0.91,,0.0,0,False
2026-03-31 17:10:00+00:00,,,,,,,,0.91,0.91,,0.0,0,False
2026-03-31 17:10:30+00:00,,,,,,,,0.91,0.91,,0.0,0,False
2026-03-31 17:11:00+00:00,,,,,,,,0.91,0.91,,0.0,0,False
2026-03-31 17:11:30+00:00,,,,,,,,0.91,0.91,,0.0,0,False
2026-03-31 17:12:00+00:00,,,,,,,,0.91,0.91,,0.0,0,False
2026-03-31 17:12:30+00:00,,,,,,,,0.91,0.91,,0.0,0,False
2026-03-31 17:13:00+00:00,,,,,,,,0.91,0.91,,0.0,0,False
2026-03-31 17:13:30+00:00,,,,,,,,0.91,0.91,,0.0,0,False
2026-03-31 17:14:00+00:00,,,,,,,,0.91,0.91,,0.0,0,False
2026-03-31 17:14:30+00:00,,,,,,,,0.91,0.91,,0.0,0,False
2026-03-31 17:15:00+00:00,,,,,,,,0.91,0.91,,0.0,0,False
2026-03-31 17:15:30+00:00,,,,,,,,0.91,0.91,,0.0,0,False
2026-03-31 17:16:00+00:00,,,,,,,,0.91,0.91,,0.0,0,False
2026-03-31 17:16:30+00:00,,,,,,,,0.91,0.91,,0.0,0,False
2026-03-31 17:17:00+00:00,,,,,,,,0.91,0.91,,0.0,0,False
2026-03-31 17:17:30+00:00,,,,,,,,0.91,0.91,,0.0,0,False
2026-03-31 17:18:00+00:00,,,,,,,,0.91,0.91,,0.0,0,False
2026-03-31 17:18:30+00:00,,,,,,,,0.91,0.91,,0.0,0,False
2026-03-31 17:19:00+00:00,,,,,,,,0.91,0.91,,0.0,0,False
2026-03-31 17:19:30+00:00,,,,,,,,0.91,0.91,,0.0,0,False
2026-03-31 17:20:00+00:00,,,,,,,,0.91,0.91,,0.0,0,False
2026-03-31 17:20:30+00:00,,,,,,,,0.91,0.91,,0.0,0,False
2026-03-31 17:21:00+00:00,,,,,,,,0.91,0.91,,0.0,0,False
2026-03-31 17:21:30+00:00,,,,,,,,0.91,0.91,,0.0,0,False
2026-03-31 17:22:00+00:00,,,,,,,,0.91,0.91,,0.0,0,False
2026-03-31 17:22:30+00:00,,,,,,,,0.91,0.91,,0.0,0,False
2026-03-31 17:23:00+00:00,,,,,,,,0.91,0.91,,0.0,0,False
2026-03-31 17:23:30+00:00,,,,,,,,0.91,0.91,,0.0,0,False
2026-03-31 17:24:00+00:00,,,,,,,,0.9099999999999999,0.91,,42.0,1,False
2026-03-31 17:24:30+00:00,,,,,,,,0.9099999999999999,0.91,,0.0,0,False
2026-03-31 17:25:00+00:00,,,,,,,,0.9099999999999999,0.91,,0.0,0,False
2026-03-31 17:25:30+00:00,,,,,,,,0.9099999999999999,0.91,,0.0,0,False
2026-03-31 17:26:00+00:00,,,,,,,,0.9099999999999999,0.91,,0.0,0,False
2026-03-31 17:26:30+00:00,,,,,,,,0.9099999999999999,0.91,,0.0,0,False
2026-03-31 17:27:00+00:00,,,,,,,,0.9099999999999999,0.91,,0.0,0,False
2026-03-31 17:27:30+00:00,,,,,,,,0.9099999999999999,0.91,,0.0,0,False
2026-03-31 17:28:00+00:00,,,,,,,,0.9099999999999999,0.91,,0.0,0,False
2026-03-31 17:28:30+00:00,,,,,,,,0.9099999999999999,0.91,,0.0,0,False
2026-03-31 17:29:00+00:00,,,,,,,,0.9099999999999999,0.91,,0.0,0,False
2026-03-31 17:29:30+00:00,,,,,,,,0.9099999999999999,0.91,,0.0,0,False
2026-03-31 17:30:00+00:00,,,,,,,,0.9099999999999999,0.91,,0.0,0,False
2026-03-31 17:30:30+00:00,,,,,,,,0.9099999999999999,0.91,,0.0,0,False
2026-03-31 17:31:00+00:00,,,,,,,,0.9099999999999999,0.91,,0.0,0,False
2026-03-31 17:31:30+00:00,,,,,,,,0.9099999999999999,0.91,,0.0,0,False
2026-03-31 17:32:00+00:00,,,,,,,,0.9099999999999999,0.91,,0.0,0,False
2026-03-31 17:32:30+00:00,,,,,,,,0.9099999999999999,0.91,,0.0,0,False
2026-03-31 17:33:00+00:00,,,,,,,,0.9099999999999999,0.91,,5.0,1,False
2026-03-31 17:33:30+00:00,,,,,,,,0.9099999999999999,0.91,,0.0,0,False
2026-03-31 17:34:00+00:00,,,,,,,,0.9099999999999999,0.91,,0.0,0,False
2026-03-31 17:34:30+00:00,,,,,,,,0.9099999999999999,0.91,,0.0,0,False
2026-03-31 17:35:00+00:00,,,,,,,,0.9099999999999999,0.91,,0.0,0,False
2026-03-31 17:35:30+00:00,,,,,,,,0.9099999999999999,0.91,,0.0,0,False
2026-03-31 17:36:00+00:00,,,,,,,,0.9099999999999999,0.91,,0.0,0,False
2026-03-31 17:36:30+00:00,,,,,,,,0.9099999999999999,0.91,,0.0,0,False
2026-03-31 17:37:00+00:00,,,,,,,,0.9099999999999999,0.91,,0.0,0,False
2026-03-31 17:37:30+00:00,,,,,,,,0.9099999999999999,0.91,,0.0,0,False
2026-03-31 17:38:00+00:00,,,,,,,,0.9099999999999999,0.91,,0.0,0,False
2026-03-31 17:38:30+00:00,,,,,,,,0.9099999999999999,0.91,,0.0,0,False
2026-03-31 17:39:00+00:00,,,,,,,,0.9099999999999999,0.91,,0.0,0,False
2026-03-31 17:39:30+00:00,,,,,,,,0.9099999999999999,0.91,,0.0,0,False
2026-03-31 17:40:00+00:00,,,,,,,,0.9099999999999999,0.91,,0.0,0,False
2026-03-31 17:40:30+00:00,,,,,,,,0.9099999999999999,0.91,,0.0,0,False
2026-03-31 17:41:00+00:00,,,,,,,,0.9099999999999999,0.91,,0.0,0,False
2026-03-31 17:41:30+00:00,,,,,,,,0.9099999999999999,0.91,,0.0,0,False
2026-03-31 17:42:00+00:00,,,,,,,,0.9099999999999999,0.91,,80.0,1,False
2026-03-31 17:42:30+00:00,,,,,,,,0.9099999999999999,0.91,,0.0,0,False
2026-03-31 17:43:00+00:00,,,,,,,,0.9099999999999999,0.91,,0.0,0,False
2026-03-31 17:43:30+00:00,,,,,,,,0.9099999999999999,0.91,,0.0,0,False
2026-03-31 17:44:00+00:00,,,,,,,,0.9099999999999999,0.91,,0.0,0,False
2026-03-31 17:44:30+00:00,,,,,,,,0.9099999999999999,0.91,,5.0,1,False
2026-03-31 17:45:00+00:00,,,,,,,,0.9099999999999999,0.91,,0.0,0,False
2026-03-31 17:45:30+00:00,,,,,,,,0.9099999999999999,0.91,,0.0,0,False
2026-03-31 17:46:00+00:00,,,,,,,,0.9099999999999999,0.91,,0.0,0,False
2026-03-31 17:46:30+00:00,,,,,,,,0.9099999999999999,0.91,,0.0,0,False
2026-03-31 17:47:00+00:00,,,,,,,,0.9099999999999999,0.91,,0.0,0,False
2026-03-31 17:47:30+00:00,,,,,,,,0.91,0.91,,1.0,1,False
2026-03-31 17:48:00+00:00,,,,,,,,0.91,0.91,,0.0,0,False
2026-03-31 17:48:30+00:00,,,,,,,,0.91,0.91,,0.0,0,False
2026-03-31 17:49:00+00:00,,,,,,,,0.91,0.91,,0.0,0,False
2026-03-31 17:49:30+00:00,,,,,,,,0.91,0.91,,0.0,0,False
2026-03-31 17:50:00+00:00,,,,,,,,0.91,0.91,,0.0,0,False
2026-03-31 17:50:30+00:00,,,,,,,,0.91,0.91,,0.0,0,False
2026-03-31 17:51:00+00:00,,,,,,,,0.91,0.91,,0.0,0,False
2026-03-31 17:51:30+00:00,,,,,,,,0.91,0.91,,0.0,0,False
2026-03-31 17:52:00+00:00,,,,,,,,0.91,0.91,,0.0,0,False
2026-03-31 17:52:30+00:00,,,,,,,,0.92,0.92,,27.0,1,False
2026-03-31 17:53:00+00:00,,,,,,,,0.92,0.92,,0.0,0,False
2026-03-31 17:53:30+00:00,,,,,,,,0.92,0.92,,0.0,0,False
2026-03-31 17:54:00+00:00,,,,,,,,0.92,0.92,,0.0,0,False
2026-03-31 17:54:30+00:00,,,,,,,,0.92,0.92,,0.0,0,False
2026-03-31 17:55:00+00:00,,,,,,,,0.92,0.92,,0.0,0,False
2026-03-31 17:55:30+00:00,,,,,,,,0.92,0.92,,0.0,0,False
2026-03-31 17:56:00+00:00,,,,,,,,0.92,0.92,,0.0,0,False
2026-03-31 17:56:30+00:00,,,,,,,,0.92,0.92,,0.0,0,False
2026-03-31 17:57:00+00:00,,,,,,,,0.92,0.92,,0.0,0,False
2026-03-31 17:57:30+00:00,,,,,,,,0.92,0.92,,0.0,0,False
2026-03-31 17:58:00+00:00,,,,,,,,0.92,0.92,,0.0,0,False
2026-03-31 17:58:30+00:00,,,,,,,,0.92,0.92,,0.0,0,False
2026-03-31 17:59:00+00:00,,,,,,,,0.92,0.92,,0.0,0,False
2026-03-31 17:59:30+00:00,,,,,,,,0.92,0.92,,0.0,0,False
2026-03-31 18:00:00+00:00,,,,,,,,0.92,0.92,,0.0,0,False
2026-03-31 18:00:30+00:00,,,,,,,,0.92,0.92,,0.0,0,False
2026-03-31 18:01:00+00:00,,,,,,,,0.9189411764705883,0.91,,85.0,2,False
2026-03-31 18:01:30+00:00,,,,,,,,0.91,0.91,,52.0,1,False
2026-03-31 18:02:00+00:00,,,,,,,,0.91,0.91,,0.0,0,False
2026-03-31 18:02:30+00:00,,,,,,,,0.91,0.91,,0.0,0,False
2026-03-31 18:03:00+00:00,,,,,,,,0.91,0.91,,0.0,0,False
2026-03-31 18:03:30+00:00,,,,,,,,0.91,0.91,,0.0,0,False
2026-03-31 18:04:00+00:00,,,,,,,,0.91,0.91,,0.0,0,False
2026-03-31 18:04:30+00:00,,,,,,,,0.91,0.91,,0.0,0,False
2026-03-31 18:05:00+00:00,,,,,,,,0.91,0.91,,0.0,0,False
2026-03-31 18:05:30+00:00,,,,,,,,0.91,0.91,,2.0,1,False
2026-03-31 18:06:00+00:00,,,,,,,,0.91,0.91,,0.0,0,False
2026-03-31 18:06:30+00:00,,,,,,,,0.91,0.91,,0.0,0,False
2026-03-31 18:07:00+00:00,,,,,,,,0.91,0.91,,0.0,0,False
2026-03-31 18:07:30+00:00,,,,,,,,0.91,0.91,,259.0,1,False
2026-03-31 18:08:00+00:00,,,,,,,,0.9099999999999999,0.91,,9.0,1,False
2026-03-31 18:08:30+00:00,,,,,,,,0.9099999999999999,0.91,,0.0,0,False
2026-03-31 18:09:00+00:00,,,,,,,,0.9099999999999999,0.91,,0.0,0,False
2026-03-31 18:09:30+00:00,,,,,,,,0.9099999999999999,0.91,,0.0,0,False
2026-03-31 18:10:00+00:00,,,,,,,,0.9099999999999999,0.91,,0.0,0,False
2026-03-31 18:10:30+00:00,,,,,,,,0.9099999999999999,0.91,,0.0,0,False
2026-03-31 18:11:00+00:00,,,,,,,,0.9099999999999999,0.91,,0.0,0,False
2026-03-31 18:11:30+00:00,,,,,,,,0.9099999999999999,0.91,,0.0,0,False
2026-03-31 18:12:00+00:00,,,,,,,,0.9099999999999999,0.91,,0.0,0,False
2026-03-31 18:12:30+00:00,,,,,,,,0.9099999999999999,0.91,,0.0,0,False
2026-03-31 18:13:00+00:00,,,,,,,,0.9099999999999999,0.91,,0.0,0,False
2026-03-31 18:13:30+00:00,,,,,,,,0.9099999999999999,0.91,,0.0,0,False
2026-03-31 18:14:00+00:00,,,,,,,,0.9099999999999999,0.91,,0.0,0,False
2026-03-31 18:14:30+00:00,,,,,,,,0.9099999999999999,0.91,,0.0,0,False
2026-03-31 18:15:00+00:00,,,,,,,,0.9099999999999999,0.91,,0.0,0,False
2026-03-31 18:15:30+00:00,,,,,,,,0.9099999999999999,0.91,,0.0,0,False
2026-03-31 18:16:00+00:00,,,,,,,,0.9099999999999999,0.91,,0.0,0,False
2026-03-31 18:16:30+00:00,,,,,,,,0.9099999999999999,0.91,,0.0,0,False
2026-03-31 18:17:00+00:00,,,,,,,,0.9099999999999999,0.91,,0.0,0,False
2026-03-31 18:17:30+00:00,,,,,,,,0.9099999999999999,0.91,,0.0,0,False
2026-03-31 18:18:00+00:00,,,,,,,,0.9099999999999999,0.91,,0.0,0,False
2026-03-31 18:18:30+00:00,,,,,,,,0.9099999999999999,0.91,,0.0,0,False
2026-03-31 18:19:00+00:00,,,,,,,,0.9099999999999999,0.91,,0.0,0,False
2026-03-31 18:19:30+00:00,,,,,,,,0.9099999999999999,0.91,,0.0,0,False
2026-03-31 18:20:00+00:00,,,,,,,,0.9099999999999999,0.91,,0.0,0,False
2026-03-31 18:20:30+00:00,,,,,,,,0.9099999999999999,0.91,,0.0,0,False
2026-03-31 18:21:00+00:00,,,,,,,,0.9099999999999999,0.91,,0.0,0,False
2026-03-31 18:21:30+00:00,,,,,,,,0.9099999999999999,0.91,,0.0,0,False
2026-03-31 18:22:00+00:00,,,,,,,,0.9099999999999999,0.91,,0.0,0,False
2026-03-31 18:22:30+00:00,,,,,,,,0.9099999999999999,0.91,,45.0,2,False
2026-03-31 18:23:00+00:00,,,,,,,,0.9099999999999999,0.91,,0.0,0,False
2026-03-31 18:23:30+00:00,,,,,,,,0.9099999999999999,0.91,,0.0,0,False
2026-03-31 18:24:00+00:00,,,,,,,,0.9099999999999999,0.91,,0.0,0,False
2026-03-31 18:24:30+00:00,,,,,,,,0.9099999999999999,0.91,,0.0,0,False
2026-03-31 18:25:00+00:00,,,,,,,,0.9099999999999999,0.91,,0.0,0,False
2026-03-31 18:25:30+00:00,,,,,,,,0.9099999999999999,0.91,,0.0,0,False
2026-03-31 18:26:00+00:00,,,,,,,,0.9099999999999999,0.91,,0.0,0,False
2026-03-31 18:26:30+00:00,,,,,,,,0.9099999999999999,0.91,,0.0,0,False
2026-03-31 18:27:00+00:00,,,,,,,,0.9099999999999999,0.91,,0.0,0,False
2026-03-31 18:27:30+00:00,,,,,,,,0.9099999999999999,0.91,,0.0,0,False
2026-03-31 18:28:00+00:00,,,,,,,,0.9099999999999999,0.91,,0.0,0,False
2026-03-31 18:28:30+00:00,,,,,,,,0.9099999999999999,0.91,,0.0,0,False
2026-03-31 18:29:00+00:00,,,,,,,,0.9099999999999999,0.91,,0.0,0,False
2026-03-31 18:29:30+00:00,,,,,,,,0.9099999999999999,0.91,,0.0,0,False
2026-03-31 18:30:00+00:00,,,,,,,,0.9099999999999999,0.91,,0.0,0,False
2026-03-31 18:30:30+00:00,,,,,,,,0.9099999999999999,0.91,,0.0,0,False
2026-03-31 18:31:00+00:00,,,,,,,,0.9099999999999999,0.91,,0.0,0,False
2026-03-31 18:31:30+00:00,,,,,,,,0.9099999999999999,0.91,,0.0,0,False
2026-03-31 18:32:00+00:00,,,,,,,,0.9099999999999999,0.91,,0.0,0,False
2026-03-31 18:32:30+00:00,,,,,,,,0.9099999999999999,0.91,,0.0,0,False
2026-03-31 18:33:00+00:00,,,,,,,,0.9099999999999999,0.91,,0.0,0,False
2026-03-31 18:33:30+00:00,,,,,,,,0.9099999999999999,0.91,,0.0,0,False
2026-03-31 18:34:00+00:00,,,,,,,,0.9099999999999999,0.91,,0.0,0,False
2026-03-31 18:34:30+00:00,,,,,,,,0.9099999999999999,0.91,,0.0,0,False
2026-03-31 18:35:00+00:00,,,,,,,,0.9099999999999999,0.91,,10.0,1,False
2026-03-31 18:35:30+00:00,,,,,,,,0.9099999999999999,0.91,,0.0,0,False
2026-03-31 18:36:00+00:00,,,,,,,,0.9099999999999999,0.91,,0.0,0,False
2026-03-31 18:36:30+00:00,,,,,,,,0.9099999999999999,0.91,,0.0,0,False
2026-03-31 18:37:00+00:00,,,,,,,,0.9099999999999999,0.91,,0.0,0,False
2026-03-31 18:37:30+00:00,,,,,,,,0.9099999999999999,0.91,,0.0,0,False
2026-03-31 18:38:00+00:00,,,,,,,,0.9099999999999999,0.91,,0.0,0,False
2026-03-31 18:38:30+00:00,,,,,,,,0.9099999999999999,0.91,,0.0,0,False
2026-03-31 18:39:00+00:00,,,,,,,,0.9099999999999999,0.91,,0.0,0,False
2026-03-31 18:39:30+00:00,,,,,,,,0.9099999999999999,0.91,,0.0,0,False
2026-03-31 18:40:00+00:00,,,,,,,,0.9099999999999999,0.91,,0.0,0,False
2026-03-31 18:40:30+00:00,,,,,,,,0.9099999999999999,0.91,,0.0,0,False
2026-03-31 18:41:00+00:00,,,,,,,,0.9099999999999999,0.91,,0.0,0,False
2026-03-31 18:41:30+00:00,,,,,,,,0.9099999999999999,0.91,,10.0,1,False
2026-03-31 18:42:00+00:00,,,,,,,,0.9099999999999999,0.91,,0.0,0,False
2026-03-31 18:42:30+00:00,,,,,,,,0.9099999999999999,0.91,,0.0,0,False
2026-03-31 18:43:00+00:00,,,,,,,,0.9099999999999999,0.91,,0.0,0,False
2026-03-31 18:43:30+00:00,,,,,,,,0.9099999999999999,0.91,,0.0,0,False
2026-03-31 18:44:00+00:00,,,,,,,,0.91,0.91,,27.0,2,False
2026-03-31 18:44:30+00:00,,,,,,,,0.91,0.91,,0.0,0,False
2026-03-31 18:45:00+00:00,,,,,,,,0.91,0.91,,0.0,0,False
2026-03-31 18:45:30+00:00,,,,,,,,0.9099999999999999,0.91,,9.0,1,False
2026-03-31 18:46:00+00:00,,,,,,,,0.9099999999999999,0.91,,0.0,0,False
2026-03-31 18:46:30+00:00,,,,,,,,0.9099999999999999,0.91,,0.0,0,False
2026-03-31 18:47:00+00:00,,,,,,,,0.9099999999999999,0.91,,0.0,0,False
2026-03-31 18:47:30+00:00,,,,,,,,0.9099999999999999,0.91,,0.0,0,False
2026-03-31 18:48:00+00:00,,,,,,,,0.9099999999999999,0.91,,0.0,0,False
2026-03-31 18:48:30+00:00,,,,,,,,0.9099999999999999,0.91,,0.0,0,False
2026-03-31 18:49:00+00:00,,,,,,,,0.9099999999999999,0.91,,0.0,0,False
2026-03-31 18:49:30+00:00,,,,,,,,0.91,0.91,,198.0,2,False
2026-03-31 18:50:00+00:00,,,,,,,,0.91,0.91,,0.0,0,False
2026-03-31 18:50:30+00:00,,,,,,,,0.91,0.91,,0.0,0,False
2026-03-31 18:51:00+00:00,,,,,,,,0.91,0.91,,0.0,0,False
2026-03-31 18:51:30+00:00,,,,,,,,0.91,0.91,,0.0,0,False
2026-03-31 18:52:00+00:00,,,,,,,,0.91,0.91,,54.0,1,False
2026-03-31 18:52:30+00:00,,,,,,,,0.91,0.91,,0.0,0,False
2026-03-31 18:53:00+00:00,,,,,,,,0.91,0.91,,0.0,0,False
2026-03-31 18:53:30+00:00,,,,,,,,0.91,0.91,,0.0,0,False
2026-03-31 18:54:00+00:00,,,,,,,,0.91,0.91,,0.0,0,False
2026-03-31 18:54:30+00:00,,,,,,,,0.91,0.91,,0.0,0,False
2026-03-31 18:55:00+00:00,,,,,,,,0.91,0.91,,0.0,0,False
2026-03-31 18:55:30+00:00,,,,,,,,0.91,0.91,,0.0,0,False
2026-03-31 18:56:00+00:00,,,,,,,,0.91,0.91,,0.0,0,False
2026-03-31 18:56:30+00:00,,,,,,,,0.91,0.91,,0.0,0,False
2026-03-31 18:57:00+00:00,,,,,,,,0.91,0.91,,0.0,0,False
2026-03-31 18:57:30+00:00,,,,,,,,0.91,0.91,,0.0,0,False
2026-03-31 18:58:00+00:00,,,,,,,,0.91,0.91,,0.0,0,False
2026-03-31 18:58:30+00:00,,,,,,,,0.91,0.91,,0.0,0,False
2026-03-31 18:59:00+00:00,,,,,,,,0.91,0.91,,0.0,0,False
2026-03-31 18:59:30+00:00,,,,,,,,0.91,0.91,,0.0,0,False
2026-03-31 19:00:00+00:00,,,,,,,,0.91,0.91,,0.0,0,False
2026-03-31 19:00:30+00:00,,,,,,,,0.91,0.91,,0.0,0,False
2026-03-31 19:01:00+00:00,,,,,,,,0.91,0.91,,0.0,0,False
2026-03-31 19:01:30+00:00,,,,,,,,0.91,0.91,,0.0,0,False
2026-03-31 19:02:00+00:00,,,,,,,,0.91,0.91,,0.0,0,False
2026-03-31 19:02:30+00:00,,,,,,,,0.91,0.91,,0.0,0,False
2026-03-31 19:03:00+00:00,,,,,,,,0.91,0.91,,0.0,0,False
2026-03-31 19:03:30+00:00,,,,,,,,0.91,0.91,,0.0,0,False
2026-03-31 19:04:00+00:00,,,,,,,,0.91,0.91,,0.0,0,False
2026-03-31 19:04:30+00:00,,,,,,,,0.91,0.91,,0.0,0,False
2026-03-31 19:05:00+00:00,,,,,,,,0.91,0.91,,0.0,0,False
2026-03-31 19:05:30+00:00,,,,,,,,0.91,0.91,,0.0,0,False
2026-03-31 19:06:00+00:00,,,,,,,,0.91,0.91,,0.0,0,False
2026-03-31 19:06:30+00:00,,,,,,,,0.91,0.91,,0.0,0,False
2026-03-31 19:07:00+00:00,,,,,,,,0.91,0.91,,0.0,0,False
2026-03-31 19:07:30+00:00,,,,,,,,0.91,0.91,,0.0,0,False
2026-03-31 19:08:00+00:00,,,,,,,,0.91,0.91,,0.0,0,False
2026-03-31 19:08:30+00:00,,,,,,,,0.91,0.91,,0.0,0,False
2026-03-31 19:09:00+00:00,,,,,,,,0.91,0.91,,0.0,0,False
2026-03-31 19:09:30+00:00,,,,,,,,0.91,0.91,,0.0,0,False
2026-03-31 19:10:00+00:00,,,,,,,,0.91,0.91,,0.0,0,False
2026-03-31 19:10:30+00:00,,,,,,,,0.9099999999999999,0.91,,10.0,1,False
2026-03-31 19:11:00+00:00,,,,,,,,0.9099999999999999,0.91,,0.0,0,False
2026-03-31 19:11:30+00:00,,,,,,,,0.9099999999999999,0.91,,0.0,0,False
2026-03-31 19:12:00+00:00,,,,,,,,0.9099999999999999,0.91,,0.0,0,False
2026-03-31 19:12:30+00:00,,,,,,,,0.9,0.9,,28.0,1,False
2026-03-31 19:13:00+00:00,,,,,,,,0.9,0.9,,0.0,0,False
2026-03-31 19:13:30+00:00,,,,,,,,0.9,0.9,,0.0,0,False
2026-03-31 19:14:00+00:00,,,,,,,,0.9,0.9,,0.0,0,False
2026-03-31 19:14:30+00:00,,,,,,,,0.9,0.9,,0.0,0,False
2026-03-31 19:15:00+00:00,,,,,,,,0.9151851851851852,0.91,,27.0,2,False
2026-03-31 19:15:30+00:00,,,,,,,,0.9151851851851852,0.91,,0.0,0,False
2026-03-31 19:16:00+00:00,,,,,,,,0.9151851851851852,0.91,,0.0,0,False
2026-03-31 19:16:30+00:00,,,,,,,,0.9151851851851852,0.91,,0.0,0,False
2026-03-31 19:17:00+00:00,,,,,,,,0.9151851851851852,0.91,,0.0,0,False
2026-03-31 19:17:30+00:00,,,,,,,,0.9151851851851852,0.91,,0.0,0,False
2026-03-31 19:18:00+00:00,,,,,,,,0.9151851851851852,0.91,,0.0,0,False
2026-03-31 19:18:30+00:00,,,,,,,,0.9151851851851852,0.91,,0.0,0,False
2026-03-31 19:19:00+00:00,,,,,,,,0.9151851851851852,0.91,,0.0,0,False
2026-03-31 19:19:30+00:00,,,,,,,,0.9151851851851852,0.91,,0.0,0,False
2026-03-31 19:20:00+00:00,,,,,,,,0.9151851851851852,0.91,,0.0,0,False
2026-03-31 19:20:30+00:00,,,,,,,,0.9151851851851852,0.91,,0.0,0,False
2026-03-31 19:21:00+00:00,,,,,,,,0.9000000000000001,0.9,,94.0,1,False
2026-03-31 19:21:30+00:00,,,,,,,,0.9000000000000001,0.9,,0.0,0,False
2026-03-31 19:22:00+00:00,,,,,,,,0.9000000000000001,0.9,,0.0,0,False
2026-03-31 19:22:30+00:00,,,,,,,,0.9000000000000001,0.9,,0.0,0,False
2026-03-31 19:23:00+00:00,,,,,,,,0.9000000000000001,0.9,,0.0,0,False
2026-03-31 19:23:30+00:00,,,,,,,,0.9000000000000001,0.9,,0.0,0,False
2026-03-31 19:24:00+00:00,,,,,,,,0.9000000000000001,0.9,,0.0,0,False
2026-03-31 19:24:30+00:00,,,,,,,,0.9000000000000001,0.9,,0.0,0,False
2026-03-31 19:25:00+00:00,,,,,,,,0.9000000000000001,0.9,,0.0,0,False
2026-03-31 19:25:30+00:00,,,,,,,,0.9000000000000001,0.9,,0.0,0,False
2026-03-31 19:26:00+00:00,,,,,,,,0.9000000000000001,0.9,,0.0,0,False
2026-03-31 19:26:30+00:00,,,,,,,,0.9000000000000001,0.9,,0.0,0,False
2026-03-31 19:27:00+00:00,,,,,,,,0.9,0.9,,833.0,1,False
2026-03-31 19:27:30+00:00,,,,,,,,0.9,0.9,,0.0,0,False
2026-03-31 19:28:00+00:00,,,,,,,,0.9,0.9,,0.0,0,False
2026-03-31 19:28:30+00:00,,,,,,,,0.9,0.9,,0.0,0,False
2026-03-31 19:29:00+00:00,,,,,,,,0.9,0.9,,0.0,0,False
2026-03-31 19:29:30+00:00,,,,,,,,0.9,0.9,,0.0,0,False
2026-03-31 19:30:00+00:00,,,,,,,,0.9,0.9,,1.0,1,False
2026-03-31 19:30:30+00:00,,,,,,,,0.9,0.9,,0.0,0,False
2026-03-31 19:31:00+00:00,,,,,,,,0.9,0.9,,0.0,0,False
2026-03-31 19:31:30+00:00,,,,,,,,0.9,0.9,,0.0,0,False
2026-03-31 19:32:00+00:00,,,,,,,,0.9,0.9,,0.0,0,False
2026-03-31 19:32:30+00:00,,,,,,,,0.9,0.9,,0.0,0,False
2026-03-31 19:33:00+00:00,,,,,,,,0.9,0.9,,0.0,0,False
2026-03-31 19:33:30+00:00,,,,,,,,0.9,0.9,,0.0,0,False
2026-03-31 19:34:00+00:00,,,,,,,,0.9,0.9,,0.0,0,False
2026-03-31 19:34:30+00:00,,,,,,,,0.9,0.9,,0.0,0,False
2026-03-31 19:35:00+00:00,,,,,,,,0.9,0.9,,0.0,0,False
2026-03-31 19:35:30+00:00,,,,,,,,0.9,0.9,,0.0,0,False
2026-03-31 19:36:00+00:00,,,,,,,,0.9000000000000001,0.9,,47.0,1,False
2026-03-31 19:36:30+00:00,,,,,,,,0.9000000000000001,0.9,,0.0,0,False
2026-03-31 19:37:00+00:00,,,,,,,,0.9000000000000001,0.9,,0.0,0,False
2026-03-31 19:37:30+00:00,,,,,,,,0.9000000000000001,0.9,,0.0,0,False
2026-03-31 19:38:00+00:00,,,,,,,,0.9000000000000001,0.9,,0.0,0,False
2026-03-31 19:38:30+00:00,,,,,,,,0.9000000000000001,0.9,,0.0,0,False
2026-03-31 19:39:00+00:00,,,,,,,,0.9000000000000001,0.9,,0.0,0,False
2026-03-31 19:39:30+00:00,,,,,,,,0.9000000000000001,0.9,,0.0,0,False
2026-03-31 19:40:00+00:00,,,,,,,,0.9000000000000001,0.9,,0.0,0,False
2026-03-31 19:40:30+00:00,,,,,,,,0.9000000000000001,0.9,,0.0,0,False
2026-03-31 19:41:00+00:00,,,,,,,,0.9000000000000001,0.9,,0.0,0,False
2026-03-31 19:41:30+00:00,,,,,,,,0.9000000000000001,0.9,,0.0,0,False
2026-03-31 19:42:00+00:00,,,,,,,,0.9000000000000001,0.9,,0.0,0,False
2026-03-31 19:42:30+00:00,,,,,,,,0.9000000000000001,0.9,,0.0,0,False
2026-03-31 19:43:00+00:00,,,,,,,,0.9000000000000001,0.9,,0.0,0,False
2026-03-31 19:43:30+00:00,,,,,,,,0.9000000000000001,0.9,,0.0,0,False
2026-03-31 19:44:00+00:00,,,,,,,,0.9000000000000001,0.9,,0.0,0,False
2026-03-31 19:44:30+00:00,,,,,,,,0.9000000000000001,0.9,,0.0,0,False
2026-03-31 19:45:00+00:00,,,,,,,,0.9000000000000001,0.9,,0.0,0,False
2026-03-31 19:45:30+00:00,,,,,,,,0.9000000000000001,0.9,,0.0,0,False
2026-03-31 19:46:00+00:00,,,,,,,,0.9000000000000001,0.9,,0.0,0,False
2026-03-31 19:46:30+00:00,,,,,,,,0.92,0.92,,1.0,1,False
2026-03-31 19:47:00+00:00,,,,,,,,0.92,0.92,,0.0,0,False
2026-03-31 19:47:30+00:00,,,,,,,,0.92,0.92,,0.0,0,False
2026-03-31 19:48:00+00:00,,,,,,,,0.92,0.92,,0.0,0,False
2026-03-31 19:48:30+00:00,,,,,,,,0.92,0.92,,0.0,0,False
2026-03-31 19:49:00+00:00,,,,,,,,0.92,0.92,,0.0,0,False
2026-03-31 19:49:30+00:00,,,,,,,,0.92,0.92,,0.0,0,False
2026-03-31 19:50:00+00:00,,,,,,,,0.92,0.92,,0.0,0,False
2026-03-31 19:50:30+00:00,,,,,,,,0.92,0.92,,0.0,0,False
2026-03-31 19:51:00+00:00,,,,,,,,0.92,0.92,,0.0,0,False
2026-03-31 19:51:30+00:00,,,,,,,,0.92,0.92,,0.0,0,False
2026-03-31 19:52:00+00:00,,,,,,,,0.92,0.92,,0.0,0,False
2026-03-31 19:52:30+00:00,,,,,,,,0.92,0.92,,0.0,0,False
2026-03-31 19:53:00+00:00,,,,,,,,0.92,0.92,,0.0,0,False
2026-03-31 19:53:30+00:00,,,,,,,,0.92,0.92,,0.0,0,False
2026-03-31 19:54:00+00:00,,,,,,,,0.92,0.92,,0.0,0,False
2026-03-31 19:54:30+00:00,,,,,,,,0.9,0.9,,10.0,1,False
2026-03-31 19:55:00+00:00,,,,,,,,0.9,0.9,,0.0,0,False
2026-03-31 19:55:30+00:00,,,,,,,,0.9,0.9,,0.0,0,False
2026-03-31 19:56:00+00:00,,,,,,,,0.9,0.9,,0.0,0,False
2026-03-31 19:56:30+00:00,,,,,,,,0.9,0.9,,0.0,0,False
2026-03-31 19:57:00+00:00,,,,,,,,0.9,0.9,,0.0,0,False
2026-03-31 19:57:30+00:00,,,,,,,,0.9,0.9,,0.0,0,False
2026-03-31 19:58:00+00:00,,,,,,,,0.9,0.9,,0.0,0,False
2026-03-31 19:58:30+00:00,,,,,,,,0.9,0.9,,0.0,0,False
2026-03-31 19:59:00+00:00,,,,,,,,0.9,0.9,,0.0,0,False
2026-03-31 19:59:30+00:00,,,,,,,,0.9,0.9,,0.0,0,False
2026-03-31 20:00:00+00:00,,,,,,,,0.9,0.9,,0.0,0,False
2026-03-31 20:00:30+00:00,,,,,,,,0.9,0.9,,0.0,0,False
2026-03-31 20:01:00+00:00,,,,,,,,0.9,0.9,,0.0,0,False
2026-03-31 20:01:30+00:00,,,,,,,,0.9,0.9,,0.0,0,False
2026-03-31 20:02:00+00:00,,,,,,,,0.9,0.9,,0.0,0,False
2026-03-31 20:02:30+00:00,,,,,,,,0.9,0.9,,0.0,0,False
2026-03-31 20:03:00+00:00,,,,,,,,0.9,0.9,,0.0,0,False
2026-03-31 20:03:30+00:00,,,,,,,,0.9,0.9,,0.0,0,False
2026-03-31 20:04:00+00:00,,,,,,,,0.9,0.9,,0.0,0,False
2026-03-31 20:04:30+00:00,,,,,,,,0.9,0.9,,0.0,0,False
2026-03-31 20:05:00+00:00,,,,,,,,0.9,0.9,,0.0,0,False
2026-03-31 20:05:30+00:00,,,,,,,,0.9,0.9,,0.0,0,False
2026-03-31 20:06:00+00:00,,,,,,,,0.9,0.9,,0.0,0,False
2026-03-31 20:06:30+00:00,,,,,,,,0.9,0.9,,0.0,0,False
2026-03-31 20:07:00+00:00,,,,,,,,0.9,0.9,,0.0,0,False
2026-03-31 20:07:30+00:00,,,,,,,,0.9,0.9,,0.0,0,False
2026-03-31 20:08:00+00:00,,,,,,,,0.9,0.9,,0.0,0,False
2026-03-31 20:08:30+00:00,,,,,,,,0.9,0.9,,0.0,0,False
2026-03-31 20:09:00+00:00,,,,,,,,0.9,0.9,,0.0,0,False
2026-03-31 20:09:30+00:00,,,,,,,,0.9,0.9,,0.0,0,False
2026-03-31 20:10:00+00:00,,,,,,,,0.9,0.9,,0.0,0,False
2026-03-31 20:10:30+00:00,,,,,,,,0.9,0.9,,0.0,0,False
2026-03-31 20:11:00+00:00,,,,,,,,0.9,0.9,,0.0,0,False
2026-03-31 20:11:30+00:00,,,,,,,,0.9,0.9,,0.0,0,False
2026-03-31 20:12:00+00:00,,,,,,,,0.9,0.9,,235.0,1,False
2026-03-31 20:12:30+00:00,,,,,,,,0.9,0.9,,0.0,0,False
2026-03-31 20:13:00+00:00,,,,,,,,0.9,0.9,,0.0,0,False
2026-03-31 20:13:30+00:00,,,,,,,,0.9,0.9,,0.0,0,False
2026-03-31 20:14:00+00:00,,,,,,,,0.9,0.9,,0.0,0,False
2026-03-31 20:14:30+00:00,,,,,,,,0.9,0.9,,0.0,0,False
2026-03-31 20:15:00+00:00,,,,,,,,0.9,0.9,,0.0,0,False
2026-03-31 20:15:30+00:00,,,,,,,,0.9,0.9,,0.0,0,False
2026-03-31 20:16:00+00:00,,,,,,,,0.9,0.9,,8.0,1,False
2026-03-31 20:16:30+00:00,,,,,,,,0.9,0.9,,0.0,0,False
2026-03-31 20:17:00+00:00,,,,,,,,0.9,0.9,,0.0,0,False
2026-03-31 20:17:30+00:00,,,,,,,,0.9,0.9,,0.0,0,False
2026-03-31 20:18:00+00:00,,,,,,,,0.9,0.9,,0.0,0,False
2026-03-31 20:18:30+00:00,,,,,,,,0.9,0.9,,0.0,0,False
2026-03-31 20:19:00+00:00,,,,,,,,0.9,0.9,,0.0,0,False
2026-03-31 20:19:30+00:00,,,,,,,,0.9,0.9,,0.0,0,False
2026-03-31 20:20:00+00:00,,,,,,,,0.9,0.9,,0.0,0,False
2026-03-31 20:20:30+00:00,,,,,,,,0.9,0.9,,0.0,0,False
2026-03-31 20:21:00+00:00,,,,,,,,0.9,0.9,,0.0,0,False
2026-03-31 20:21:30+00:00,,,,,,,,0.9,0.9,,0.0,0,False
2026-03-31 20:22:00+00:00,,,,,,,,0.9,0.9,,0.0,0,False
2026-03-31 20:22:30+00:00,,,,,,,,0.9,0.9,,38.0,1,False
2026-03-31 20:23:00+00:00,,,,,,,,0.9,0.9,,2.0,1,False
2026-03-31 20:23:30+00:00,,,,,,,,0.9000000000000001,0.9,,42.0,1,False
2026-03-31 20:24:00+00:00,,,,,,,,0.9000000000000001,0.9,,0.0,0,False
2026-03-31 20:24:30+00:00,,,,,,,,0.9000000000000001,0.9,,0.0,0,False
2026-03-31 20:25:00+00:00,,,,,,,,0.9000000000000001,0.9,,0.0,0,False
2026-03-31 20:25:30+00:00,,,,,,,,0.9000000000000001,0.9,,0.0,0,False
2026-03-31 20:26:00+00:00,,,,,,,,0.9000000000000001,0.9,,0.0,0,False
2026-03-31 20:26:30+00:00,,,,,,,,0.9000000000000001,0.9,,0.0,0,False
2026-03-31 20:27:00+00:00,,,,,,,,0.9000000000000001,0.9,,0.0,0,False
2026-03-31 20:27:30+00:00,,,,,,,,0.9000000000000001,0.9,,0.0,0,False
2026-03-31 20:28:00+00:00,,,,,,,,0.9000000000000001,0.9,,0.0,0,False
2026-03-31 20:28:30+00:00,,,,,,,,0.9000000000000001,0.9,,0.0,0,False
2026-03-31 20:29:00+00:00,,,,,,,,0.9000000000000001,0.9,,0.0,0,False
2026-03-31 20:29:30+00:00,,,,,,,,0.9000000000000001,0.9,,0.0,0,False
2026-03-31 20:30:00+00:00,,,,,,,,0.9000000000000001,0.9,,0.0,0,False
2026-03-31 20:30:30+00:00,,,,,,,,0.9000000000000001,0.9,,0.0,0,False
2026-03-31 20:31:00+00:00,,,,,,,,0.9000000000000001,0.9,,0.0,0,False
2026-03-31 20:31:30+00:00,,,,,,,,0.9000000000000001,0.9,,0.0,0,False
2026-03-31 20:32:00+00:00,,,,,,,,0.9000000000000001,0.9,,0.0,0,False
2026-03-31 20:32:30+00:00,,,,,,,,0.9000000000000001,0.9,,0.0,0,False
2026-03-31 20:33:00+00:00,,,,,,,,0.9000000000000001,0.9,,0.0,0,False
2026-03-31 20:33:30+00:00,,,,,,,,0.9,0.9,,833.0,1,False
2026-03-31 20:34:00+00:00,,,,,,,,0.9,0.9,,0.0,0,False
2026-03-31 20:34:30+00:00,,,,,,,,0.9,0.9,,0.0,0,False
2026-03-31 20:35:00+00:00,,,,,,,,0.9,0.9,,0.0,0,False
2026-03-31 20:35:30+00:00,,,,,,,,0.9,0.9,,0.0,0,False
2026-03-31 20:36:00+00:00,,,,,,,,0.9,0.9,,0.0,0,False
2026-03-31 20:36:30+00:00,,,,,,,,0.9,0.9,,0.0,0,False
2026-03-31 20:37:00+00:00,,,,,,,,0.9,0.9,,0.0,0,False
2026-03-31 20:37:30+00:00,,,,,,,,0.91,0.91,,1.0,1,False
2026-03-31 20:38:00+00:00,,,,,,,,0.91,0.91,,0.0,0,False
2026-03-31 20:38:30+00:00,,,,,,,,0.91,0.91,,0.0,0,False
2026-03-31 20:39:00+00:00,,,,,,,,0.91,0.91,,0.0,0,False
2026-03-31 20:39:30+00:00,,,,,,,,0.91,0.91,,0.0,0,False
2026-03-31 20:40:00+00:00,,,,,,,,0.91,0.91,,0.0,0,False
2026-03-31 20:40:30+00:00,,,,,,,,0.9,0.9,,8.0,1,False
2026-03-31 20:41:00+00:00,,,,,,,,0.9,0.9,,0.0,0,False
2026-03-31 20:41:30+00:00,,,,,,,,0.9,0.9,,0.0,0,False
2026-03-31 20:42:00+00:00,,,,,,,,0.9,0.9,,0.0,0,False
2026-03-31 20:42:30+00:00,,,,,,,,0.9,0.9,,0.0,0,False
2026-03-31 20:43:00+00:00,,,,,,,,0.9,0.9,,0.0,0,False
2026-03-31 20:43:30+00:00,,,,,,,,0.9,0.9,,0.0,0,False
2026-03-31 20:44:00+00:00,,,,,,,,0.9,0.9,,0.0,0,False
2026-03-31 20:44:30+00:00,,,,,,,,0.9,0.9,,0.0,0,False
2026-03-31 20:45:00+00:00,,,,,,,,0.9,0.9,,0.0,0,False
2026-03-31 20:45:30+00:00,,,,,,,,0.9,0.9,,0.0,0,False
2026-03-31 20:46:00+00:00,,,,,,,,0.9,0.9,,0.0,0,False
2026-03-31 20:46:30+00:00,,,,,,,,0.9,0.9,,0.0,0,False
2026-03-31 20:47:00+00:00,,,,,,,,0.9,0.9,,0.0,0,False
2026-03-31 20:47:30+00:00,,,,,,,,0.9,0.9,,0.0,0,False
2026-03-31 20:48:00+00:00,,,,,,,,0.9,0.9,,0.0,0,False
2026-03-31 20:48:30+00:00,,,,,,,,0.9,0.9,,0.0,0,False
2026-03-31 20:49:00+00:00,,,,,,,,0.9,0.9,,0.0,0,False
2026-03-31 20:49:30+00:00,,,,,,,,0.9,0.9,,0.0,0,False
2026-03-31 20:50:00+00:00,,,,,,,,0.9,0.9,,0.0,0,False
2026-03-31 20:50:30+00:00,,,,,,,,0.9,0.9,,0.0,0,False
2026-03-31 20:51:00+00:00,,,,,,,,0.9,0.9,,0.0,0,False
2026-03-31 20:51:30+00:00,,,,,,,,0.9,0.9,,50.0,1,False
2026-03-31 20:52:00+00:00,,,,,,,,0.9,0.9,,0.0,0,False
2026-03-31 20:52:30+00:00,,,,,,,,0.9,0.9,,0.0,0,False
2026-03-31 20:53:00+00:00,,,,,,,,0.9,0.9,,0.0,0,False
2026-03-31 20:53:30+00:00,,,,,,,,0.9,0.9,,0.0,0,False
2026-03-31 20:54:00+00:00,,,,,,,,0.9,0.9,,0.0,0,False
2026-03-31 20:54:30+00:00,,,,,,,,0.9,0.9,,0.0,0,False
2026-03-31 20:55:00+00:00,,,,,,,,0.9,0.9,,0.0,0,False
2026-03-31 20:55:30+00:00,,,,,,,,0.8901709401709402,0.89,,117.0,2,False
2026-03-31 20:56:00+00:00,,,,,,,,0.8901709401709402,0.89,,0.0,0,False
2026-03-31 20:56:30+00:00,,,,,,,,0.8901709401709402,0.89,,0.0,0,False
2026-03-31 20:57:00+00:00,,,,,,,,0.8901709401709402,0.89,,0.0,0,False
2026-03-31 20:57:30+00:00,,,,,,,,0.8901709401709402,0.89,,0.0,0,False
2026-03-31 20:58:00+00:00,,,,,,,,0.8901709401709402,0.89,,0.0,0,False
2026-03-31 20:58:30+00:00,,,,,,,,0.8901709401709402,0.89,,0.0,0,False
2026-03-31 20:59:00+00:00,,,,,,,,0.8901709401709402,0.89,,0.0,0,False
2026-03-31 20:59:30+00:00,,,,,,,,0.8901709401709402,0.89,,0.0,0,False
2026-03-31 21:00:00+00:00,,,,,,,,0.8901709401709402,0.89,,0.0,0,False
2026-03-31 21:00:30+00:00,,,,,,,,0.8901709401709402,0.89,,0.0,0,False
2026-03-31 21:01:00+00:00,,,,,,,,0.8901709401709402,0.89,,0.0,0,False
2026-03-31 21:01:30+00:00,,,,,,,,0.8901709401709402,0.89,,0.0,0,False
2026-03-31 21:02:00+00:00,,,,,,,,0.8901709401709402,0.89,,0.0,0,False
2026-03-31 21:02:30+00:00,,,,,,,,0.9,0.9,,1500.0,1,False
2026-03-31 21:03:00+00:00,,,,,,,,0.9,0.9,,0.0,0,False
2026-03-31 21:03:30+00:00,,,,,,,,0.9,0.9,,0.0,0,False
2026-03-31 21:04:00+00:00,,,,,,,,0.9,0.9,,8.0,1,False
2026-03-31 21:04:30+00:00,,,,,,,,0.9,0.9,,0.0,0,False
2026-03-31 21:05:00+00:00,,,,,,,,0.9,0.9,,0.0,0,False
2026-03-31 21:05:30+00:00,,,,,,,,0.9,0.9,,0.0,0,False
2026-03-31 21:06:00+00:00,,,,,,,,0.9,0.9,,0.0,0,False
2026-03-31 21:06:30+00:00,,,,,,,,0.9,0.9,,0.0,0,False
2026-03-31 21:07:00+00:00,,,,,,,,0.9,0.9,,0.0,0,False
2026-03-31 21:07:30+00:00,,,,,,,,0.9,0.9,,0.0,0,False
2026-03-31 21:08:00+00:00,,,,,,,,0.8999999999999999,0.9,,9.0,1,False
2026-03-31 21:08:30+00:00,,,,,,,,0.8999999999999999,0.9,,0.0,0,False
2026-03-31 21:09:00+00:00,,,,,,,,0.8999999999999999,0.9,,0.0,0,False
2026-03-31 21:09:30+00:00,,,,,,,,0.8999999999999999,0.9,,0.0,0,False
2026-03-31 21:10:00+00:00,,,,,,,,0.8999999999999999,0.9,,0.0,0,False
2026-03-31 21:10:30+00:00,,,,,,,,0.8999999999999999,0.9,,0.0,0,False
2026-03-31 21:11:00+00:00,,,,,,,,0.8999999999999999,0.9,,0.0,0,False
2026-03-31 21:11:30+00:00,,,,,,,,0.8999999999999999,0.9,,0.0,0,False
2026-03-31 21:12:00+00:00,,,,,,,,0.8999999999999999,0.9,,0.0,0,False
2026-03-31 21:12:30+00:00,,,,,,,,0.8999999999999999,0.9,,0.0,0,False
2026-03-31 21:13:00+00:00,,,,,,,,0.8999999999999999,0.9,,0.0,0,False
2026-03-31 21:13:30+00:00,,,,,,,,0.8999999999999999,0.9,,0.0,0,False
2026-03-31 21:14:00+00:00,,,,,,,,0.8999999999999999,0.9,,0.0,0,False
2026-03-31 21:14:30+00:00,,,,,,,,0.8999999999999999,0.9,,0.0,0,False
2026-03-31 21:15:00+00:00,,,,,,,,0.8999999999999999,0.9,,0.0,0,False
2026-03-31 21:15:30+00:00,,,,,,,,0.8999999999999999,0.9,,0.0,0,False
2026-03-31 21:16:00+00:00,,,,,,,,0.8999999999999999,0.9,,0.0,0,False
2026-03-31 21:16:30+00:00,,,,,,,,0.8999999999999999,0.9,,0.0,0,False
2026-03-31 21:17:00+00:00,,,,,,,,0.8999999999999999,0.9,,0.0,0,False
2026-03-31 21:17:30+00:00,,,,,,,,0.8999999999999999,0.9,,0.0,0,False
2026-03-31 21:18:00+00:00,,,,,,,,0.8999999999999999,0.9,,0.0,0,False
2026-03-31 21:18:30+00:00,,,,,,,,0.8999999999999999,0.9,,0.0,0,False
2026-03-31 21:19:00+00:00,,,,,,,,0.8999999999999999,0.9,,0.0,0,False
2026-03-31 21:19:30+00:00,,,,,,,,0.9000000000000001,0.9,,99.0,2,False
2026-03-31 21:20:00+00:00,,,,,,,,0.91,0.91,,1.0,1,False
2026-03-31 21:20:30+00:00,,,,,,,,0.91,0.91,,0.0,0,False
2026-03-31 21:21:00+00:00,,,,,,,,0.91,0.91,,0.0,0,False
2026-03-31 21:21:30+00:00,,,,,,,,0.9000000000000001,0.9,,94.0,1,False
2026-03-31 21:22:00+00:00,,,,,,,,0.9000000000000001,0.9,,0.0,0,False
2026-03-31 21:22:30+00:00,,,,,,,,0.9000000000000001,0.9,,0.0,0,False
2026-03-31 21:23:00+00:00,,,,,,,,0.9000000000000001,0.9,,0.0,0,False
2026-03-31 21:23:30+00:00,,,,,,,,0.9000000000000001,0.9,,0.0,0,False
2026-03-31 21:24:00+00:00,,,,,,,,0.9000000000000001,0.9,,0.0,0,False
2026-03-31 21:24:30+00:00,,,,,,,,0.9099999999999999,0.91,,10.0,1,False
2026-03-31 21:25:00+00:00,,,,,,,,0.9099999999999999,0.91,,0.0,0,False
2026-03-31 21:25:30+00:00,,,,,,,,0.9099999999999999,0.91,,0.0,0,False
2026-03-31 21:26:00+00:00,,,,,,,,0.9099999999999999,0.91,,0.0,0,False
2026-03-31 21:26:30+00:00,,,,,,,,0.9099999999999999,0.91,,0.0,0,False
2026-03-31 21:27:00+00:00,,,,,,,,0.9099999999999999,0.91,,0.0,0,False
2026-03-31 21:27:30+00:00,,,,,,,,0.9099999999999999,0.91,,0.0,0,False
2026-03-31 21:28:00+00:00,,,,,,,,0.9099999999999999,0.91,,0.0,0,False
2026-03-31 21:28:30+00:00,,,,,,,,0.9099999999999999,0.91,,0.0,0,False
2026-03-31 21:29:00+00:00,,,,,,,,0.9099999999999999,0.91,,0.0,0,False
2026-03-31 21:29:30+00:00,,,,,,,,0.9099999999999999,0.91,,0.0,0,False
2026-03-31 21:30:00+00:00,,,,,,,,0.9099999999999999,0.91,,0.0,0,False
2026-03-31 21:30:30+00:00,,,,,,,,0.9099999999999999,0.91,,0.0,0,False
2026-03-31 21:31:00+00:00,,,,,,,,0.9099999999999999,0.91,,0.0,0,False
2026-03-31 21:31:30+00:00,,,,,,,,0.9099999999999999,0.91,,0.0,0,False
2026-03-31 21:32:00+00:00,,,,,,,,0.9099999999999999,0.91,,0.0,0,False
2026-03-31 21:32:30+00:00,,,,,,,,0.9099999999999999,0.91,,0.0,0,False
2026-03-31 21:33:00+00:00,,,,,,,,0.9099999999999999,0.91,,0.0,0,False
2026-03-31 21:33:30+00:00,,,,,,,,0.9099999999999999,0.91,,0.0,0,False
2026-03-31 21:34:00+00:00,,,,,,,,0.9099999999999999,0.91,,0.0,0,False
2026-03-31 21:34:30+00:00,,,,,,,,0.9099999999999999,0.91,,0.0,0,False
2026-03-31 21:35:00+00:00,,,,,,,,0.9099999999999999,0.91,,0.0,0,False
2026-03-31 21:35:30+00:00,,,,,,,,0.9099999999999999,0.91,,0.0,0,False
2026-03-31 21:36:00+00:00,,,,,,,,0.9099999999999999,0.91,,0.0,0,False
2026-03-31 21:36:30+00:00,,,,,,,,0.9099999999999999,0.91,,0.0,0,False
2026-03-31 21:37:00+00:00,,,,,,,,0.9099999999999999,0.91,,0.0,0,False
2026-03-31 21:37:30+00:00,,,,,,,,0.9099999999999999,0.91,,0.0,0,False
2026-03-31 21:38:00+00:00,,,,,,,,0.9099999999999999,0.91,,0.0,0,False
2026-03-31 21:38:30+00:00,,,,,,,,0.9099999999999999,0.91,,0.0,0,False
2026-03-31 21:39:00+00:00,,,,,,,,0.9099999999999999,0.91,,0.0,0,False
2026-03-31 21:39:30+00:00,,,,,,,,0.9099999999999999,0.91,,0.0,0,False
2026-03-31 21:40:00+00:00,,,,,,,,0.9099999999999999,0.91,,0.0,0,False
2026-03-31 21:40:30+00:00,,,,,,,,0.89,0.89,,1.0,1,False
2026-03-31 21:41:00+00:00,,,,,,,,0.8900000000000001,0.89,,227.0,2,False
2026-03-31 21:41:30+00:00,,,,,,,,0.8900000000000001,0.89,,0.0,0,False
2026-03-31 21:42:00+00:00,,,,,,,,0.8900000000000001,0.89,,0.0,0,False
2026-03-31 21:42:30+00:00,,,,,,,,0.8900000000000001,0.89,,0.0,0,False
2026-03-31 21:43:00+00:00,,,,,,,,0.8900000000000001,0.89,,0.0,0,False
2026-03-31 21:43:30+00:00,,,,,,,,0.8900000000000001,0.89,,0.0,0,False
2026-03-31 21:44:00+00:00,,,,,,,,0.8900000000000001,0.89,,0.0,0,False
2026-03-31 21:44:30+00:00,,,,,,,,0.8900000000000001,0.89,,0.0,0,False
2026-03-31 21:45:00+00:00,,,,,,,,0.8900000000000001,0.89,,0.0,0,False
2026-03-31 21:45:30+00:00,,,,,,,,0.8900000000000001,0.89,,0.0,0,False
2026-03-31 21:46:00+00:00,,,,,,,,0.8900000000000001,0.89,,0.0,0,False
2026-03-31 21:46:30+00:00,,,,,,,,0.8900000000000001,0.89,,0.0,0,False
2026-03-31 21:47:00+00:00,,,,,,,,0.91,0.91,,2.0,1,False
2026-03-31 21:47:30+00:00,,,,,,,,0.91,0.91,,2.0,1,False
2026-03-31 21:48:00+00:00,,,,,,,,0.91,0.91,,0.0,0,False
2026-03-31 21:48:30+00:00,,,,,,,,0.91,0.91,,0.0,0,False
2026-03-31 21:49:00+00:00,,,,,,,,0.91,0.91,,0.0,0,False
2026-03-31 21:49:30+00:00,,,,,,,,0.91,0.91,,0.0,0,False
2026-03-31 21:50:00+00:00,,,,,,,,0.91,0.91,,0.0,0,False
2026-03-31 21:50:30+00:00,,,,,,,,0.89,0.89,,38.0,1,False
2026-03-31 21:51:00+00:00,,,,,,,,0.89,0.89,,0.0,0,False
2026-03-31 21:51:30+00:00,,,,,,,,0.89,0.89,,0.0,0,False
2026-03-31 21:52:00+00:00,,,,,,,,0.89,0.89,,0.0,0,False
2026-03-31 21:52:30+00:00,,,,,,,,0.89,0.89,,0.0,0,False
2026-03-31 21:53:00+00:00,,,,,,,,0.89,0.89,,0.0,0,False
2026-03-31 21:53:30+00:00,,,,,,,,0.89,0.89,,0.0,0,False
2026-03-31 21:54:00+00:00,,,,,,,,0.89,0.89,,0.0,0,False
2026-03-31 21:54:30+00:00,,,,,,,,0.89,0.89,,0.0,0,False
2026-03-31 21:55:00+00:00,,,,,,,,0.89,0.89,,0.0,0,False
2026-03-31 21:55:30+00:00,,,,,,,,0.89,0.89,,0.0,0,False
2026-03-31 21:56:00+00:00,,,,,,,,0.89,0.89,,0.0,0,False
2026-03-31 21:56:30+00:00,,,,,,,,0.89,0.89,,0.0,0,False
2026-03-31 21:57:00+00:00,,,,,,,,0.89,0.89,,0.0,0,False
2026-03-31 21:57:30+00:00,,,,,,,,0.89,0.89,,0.0,0,False
2026-03-31 21:58:00+00:00,,,,,,,,0.89,0.89,,0.0,0,False
2026-03-31 21:58:30+00:00,,,,,,,,0.89,0.89,,0.0,0,False
2026-03-31 21:59:00+00:00,,,,,,,,0.89,0.89,,0.0,0,False
2026-03-31 21:59:30+00:00,,,,,,,,0.89,0.89,,0.0,0,False
2026-03-31 22:00:00+00:00,,,,,,,,0.89,0.89,,0.0,0,False
2026-03-31 22:00:30+00:00,,,,,,,,0.89,0.89,,0.0,0,False
2026-03-31 22:01:00+00:00,,,,,,,,0.89,0.89,,0.0,0,False
2026-03-31 22:01:30+00:00,,,,,,,,0.89,0.89,,0.0,0,False
2026-03-31 22:02:00+00:00,,,,,,,,0.89,0.89,,0.0,0,False
2026-03-31 22:02:30+00:00,,,,,,,,0.89,0.89,,0.0,0,False
2026-03-31 22:03:00+00:00,,,,,,,,0.89,0.89,,0.0,0,False
2026-03-31 22:03:30+00:00,,,,,,,,0.89,0.89,,0.0,0,False
2026-03-31 22:04:00+00:00,,,,,,,,0.89,0.89,,0.0,0,False
2026-03-31 22:04:30+00:00,,,,,,,,0.89,0.89,,0.0,0,False
2026-03-31 22:05:00+00:00,,,,,,,,0.89,0.89,,0.0,0,False
2026-03-31 22:05:30+00:00,,,,,,,,0.89,0.89,,0.0,0,False
2026-03-31 22:06:00+00:00,,,,,,,,0.89,0.89,,0.0,0,False
2026-03-31 22:06:30+00:00,,,,,,,,0.89,0.89,,0.0,0,False
2026-03-31 22:07:00+00:00,,,,,,,,0.89,0.89,,0.0,0,False
2026-03-31 22:07:30+00:00,,,,,,,,0.91,0.91,,2.0,1,False
2026-03-31 22:08:00+00:00,,,,,,,,0.91,0.91,,0.0,0,False
2026-03-31 22:08:30+00:00,,,,,,,,0.91,0.91,,0.0,0,False
2026-03-31 22:09:00+00:00,,,,,,,,0.91,0.91,,0.0,0,False
2026-03-31 22:09:30+00:00,,,,,,,,0.91,0.91,,0.0,0,False
2026-03-31 22:10:00+00:00,,,,,,,,0.91,0.91,,0.0,0,False
2026-03-31 22:10:30+00:00,,,,,,,,0.91,0.91,,0.0,0,False
2026-03-31 22:11:00+00:00,,,,,,,,0.91,0.91,,0.0,0,False
2026-03-31 22:11:30+00:00,,,,,,,,0.91,0.91,,0.0,0,False
2026-03-31 22:12:00+00:00,,,,,,,,0.91,0.91,,0.0,0,False
2026-03-31 22:12:30+00:00,,,,,,,,0.91,0.91,,0.0,0,False
2026-03-31 22:13:00+00:00,,,,,,,,0.91,0.91,,0.0,0,False
2026-03-31 22:13:30+00:00,,,,,,,,0.91,0.91,,0.0,0,False
2026-03-31 22:14:00+00:00,,,,,,,,0.91,0.91,,0.0,0,False
2026-03-31 22:14:30+00:00,,,,,,,,0.91,0.91,,0.0,0,False
2026-03-31 22:15:00+00:00,,,,,,,,0.91,0.91,,0.0,0,False
2026-03-31 22:15:30+00:00,,,,,,,,0.91,0.91,,0.0,0,False
2026-03-31 22:16:00+00:00,,,,,,,,0.91,0.91,,0.0,0,False
2026-03-31 22:16:30+00:00,,,,,,,,0.91,0.91,,0.0,0,False
2026-03-31 22:17:00+00:00,,,,,,,,0.91,0.91,,0.0,0,False
2026-03-31 22:17:30+00:00,,,,,,,,0.91,0.91,,0.0,0,False
2026-03-31 22:18:00+00:00,,,,,,,,0.91,0.91,,0.0,0,False
2026-03-31 22:18:30+00:00,,,,,,,,0.91,0.91,,0.0,0,False
2026-03-31 22:19:00+00:00,,,,,,,,0.91,0.91,,0.0,0,False
2026-03-31 22:19:30+00:00,,,,,,,,0.91,0.91,,0.0,0,False
2026-03-31 22:20:00+00:00,,,,,,,,0.9,0.9,,25.0,1,False
2026-03-31 22:20:30+00:00,,,,,,,,0.9,0.9,,0.0,0,False
2026-03-31 22:21:00+00:00,,,,,,,,0.9,0.9,,0.0,0,False
2026-03-31 22:21:30+00:00,,,,,,,,0.9,0.9,,8.0,1,False
2026-03-31 22:22:00+00:00,,,,,,,,0.9,0.9,,0.0,0,False
2026-03-31 22:22:30+00:00,,,,,,,,0.9,0.9,,0.0,0,False
2026-03-31 22:23:00+00:00,,,,,,,,0.9,0.9,,0.0,0,False
2026-03-31 22:23:30+00:00,,,,,,,,0.9,0.9,,0.0,0,False
2026-03-31 22:24:00+00:00,,,,,,,,0.9,0.9,,0.0,0,False
2026-03-31 22:24:30+00:00,,,,,,,,0.9,0.9,,0.0,0,False
2026-03-31 22:25:00+00:00,,,,,,,,0.9,0.9,,0.0,0,False
2026-03-31 22:25:30+00:00,,,,,,,,0.9,0.9,,0.0,0,False
2026-03-31 22:26:00+00:00,,,,,,,,0.9,0.9,,0.0,0,False
2026-03-31 22:26:30+00:00,,,,,,,,0.9,0.9,,0.0,0,False
2026-03-31 22:27:00+00:00,,,,,,,,0.9,0.9,,0.0,0,False
2026-03-31 22:27:30+00:00,,,,,,,,0.9,0.9,,0.0,0,False
2026-03-31 22:28:00+00:00,,,,,,,,0.9,0.9,,0.0,0,False
2026-03-31 22:28:30+00:00,,,,,,,,0.9,0.9,,0.0,0,False
2026-03-31 22:29:00+00:00,,,,,,,,0.9,0.9,,0.0,0,False
2026-03-31 22:29:30+00:00,,,,,,,,0.9,0.9,,0.0,0,False
2026-03-31 22:30:00+00:00,,,,,,,,0.9,0.9,,0.0,0,False
2026-03-31 22:30:30+00:00,,,,,,,,0.9,0.9,,0.0,0,False
2026-03-31 22:31:00+00:00,,,,,,,,0.9,0.9,,0.0,0,False
2026-03-31 22:31:30+00:00,,,,,,,,0.8999999999999999,0.9,,41.0,1,False
2026-03-31 22:32:00+00:00,,,,,,,,0.8999999999999999,0.9,,0.0,0,False
2026-03-31 22:32:30+00:00,,,,,,,,0.8999999999999999,0.9,,0.0,0,False
2026-03-31 22:33:00+00:00,,,,,,,,0.8999999999999999,0.9,,0.0,0,False
2026-03-31 22:33:30+00:00,,,,,,,,0.8999999999999999,0.9,,0.0,0,False
2026-03-31 22:34:00+00:00,,,,,,,,0.8999999999999999,0.9,,0.0,0,False
2026-03-31 22:34:30+00:00,,,,,,,,0.8999999999999999,0.9,,0.0,0,False
2026-03-31 22:35:00+00:00,,,,,,,,0.91,0.91,,1.0,1,False
2026-03-31 22:35:30+00:00,,,,,,,,0.91,0.91,,0.0,0,False
2026-03-31 22:36:00+00:00,,,,,,,,0.91,0.91,,0.0,0,False
2026-03-31 22:36:30+00:00,,,,,,,,0.91,0.91,,0.0,0,False
2026-03-31 22:37:00+00:00,,,,,,,,0.91,0.91,,0.0,0,False
2026-03-31 22:37:30+00:00,,,,,,,,0.91,0.91,,0.0,0,False
2026-03-31 22:38:00+00:00,,,,,,,,0.91,0.91,,0.0,0,False
2026-03-31 22:38:30+00:00,,,,,,,,0.91,0.91,,0.0,0,False
2026-03-31 22:39:00+00:00,,,,,,,,0.91,0.91,,0.0,0,False
2026-03-31 22:39:30+00:00,,,,,,,,0.9,0.9,,10.0,1,False
2026-03-31 22:40:00+00:00,,,,,,,,0.9,0.9,,0.0,0,False
2026-03-31 22:40:30+00:00,,,,,,,,0.9,0.9,,0.0,0,False
2026-03-31 22:41:00+00:00,,,,,,,,0.9,0.9,,0.0,0,False
2026-03-31 22:41:30+00:00,,,,,,,,0.9,0.9,,0.0,0,False
2026-03-31 22:42:00+00:00,,,,,,,,0.9,0.9,,0.0,0,False
2026-03-31 22:42:30+00:00,,,,,,,,0.9,0.9,,0.0,0,False
2026-03-31 22:43:00+00:00,,,,,,,,0.9,0.9,,0.0,0,False
2026-03-31 22:43:30+00:00,,,,,,,,0.9,0.9,,0.0,0,False
2026-03-31 22:44:00+00:00,,,,,,,,0.9,0.9,,0.0,0,False
2026-03-31 22:44:30+00:00,,,,,,,,0.9,0.9,,0.0,0,False
2026-03-31 22:45:00+00:00,,,,,,,,0.9,0.9,,0.0,0,False
2026-03-31 22:45:30+00:00,,,,,,,,0.9,0.9,,0.0,0,False
2026-03-31 22:46:00+00:00,,,,,,,,0.9,0.9,,0.0,0,False
2026-03-31 22:46:30+00:00,,,,,,,,0.9,0.9,,0.0,0,False
2026-03-31 22:47:00+00:00,,,,,,,,0.9,0.9,,0.0,0,False
2026-03-31 22:47:30+00:00,,,,,,,,0.9,0.9,,0.0,0,False
2026-03-31 22:48:00+00:00,,,,,,,,0.9,0.9,,0.0,0,False
2026-03-31 22:48:30+00:00,,,,,,,,0.9,0.9,,0.0,0,False
2026-03-31 22:49:00+00:00,,,,,,,,0.9,0.9,,0.0,0,False
2026-03-31 22:49:30+00:00,,,,,,,,0.9,0.9,,0.0,0,False
2026-03-31 22:50:00+00:00,,,,,,,,0.9,0.9,,0.0,0,False
2026-03-31 22:50:30+00:00,,,,,,,,0.9,0.9,,0.0,0,False
2026-03-31 22:51:00+00:00,,,,,,,,0.9,0.9,,0.0,0,False
2026-03-31 22:51:30+00:00,,,,,,,,0.9,0.9,,0.0,0,False
2026-03-31 22:52:00+00:00,,,,,,,,0.9,0.9,,0.0,0,False
2026-03-31 22:52:30+00:00,,,,,,,,0.9,0.9,,0.0,0,False
2026-03-31 22:53:00+00:00,,,,,,,,0.9,0.9,,0.0,0,False
2026-03-31 22:53:30+00:00,,,,,,,,0.9,0.9,,0.0,0,False
2026-03-31 22:54:00+00:00,,,,,,,,0.9,0.9,,0.0,0,False
2026-03-31 22:54:30+00:00,,,,,,,,0.9,0.9,,0.0,0,False
2026-03-31 22:55:00+00:00,,,,,,,,0.9,0.9,,0.0,0,False
2026-03-31 22:55:30+00:00,,,,,,,,0.9,0.9,,0.0,0,False
2026-03-31 22:56:00+00:00,,,,,,,,0.9,0.9,,0.0,0,False
2026-03-31 22:56:30+00:00,,,,,,,,0.9,0.9,,0.0,0,False
2026-03-31 22:57:00+00:00,,,,,,,,0.9,0.9,,0.0,0,False
2026-03-31 22:57:30+00:00,,,,,,,,0.9,0.9,,0.0,0,False
2026-03-31 22:58:00+00:00,,,,,,,,0.9,0.9,,0.0,0,False
2026-03-31 22:58:30+00:00,,,,,,,,0.9,0.9,,0.0,0,False
2026-03-31 22:59:00+00:00,,,,,,,,0.9,0.9,,0.0,0,False
2026-03-31 22:59:30+00:00,,,,,,,,0.9,0.9,,0.0,0,False
2026-03-31 23:00:00+00:00,,,,,,,,0.9,0.9,,0.0,0,False
2026-03-31 23:00:30+00:00,,,,,,,,0.9,0.9,,0.0,0,False
2026-03-31 23:01:00+00:00,,,,,,,,0.9,0.9,,0.0,0,False
2026-03-31 23:01:30+00:00,,,,,,,,0.9,0.9,,0.0,0,False
2026-03-31 23:02:00+00:00,,,,,,,,0.9,0.9,,0.0,0,False
2026-03-31 23:02:30+00:00,,,,,,,,0.9,0.9,,0.0,0,False
2026-03-31 23:03:00+00:00,,,,,,,,0.8999999999999999,0.9,,41.0,2,False
2026-03-31 23:03:30+00:00,,,,,,,,0.8999999999999999,0.9,,0.0,0,False
2026-03-31 23:04:00+00:00,,,,,,,,0.8999999999999999,0.9,,0.0,0,False
2026-03-31 23:04:30+00:00,,,,,,,,0.8999999999999999,0.9,,0.0,0,False
2026-03-31 23:05:00+00:00,,,,,,,,0.8999999999999999,0.9,,0.0,0,False
2026-03-31 23:05:30+00:00,,,,,,,,0.8999999999999999,0.9,,0.0,0,False
2026-03-31 23:06:00+00:00,,,,,,,,0.8999999999999999,0.9,,0.0,0,False
2026-03-31 23:06:30+00:00,,,,,,,,0.8999999999999999,0.9,,0.0,0,False
2026-03-31 23:07:00+00:00,,,,,,,,0.8999999999999999,0.9,,0.0,0,False
2026-03-31 23:07:30+00:00,,,,,,,,0.8999999999999999,0.9,,0.0,0,False
2026-03-31 23:08:00+00:00,,,,,,,,0.8999999999999999,0.9,,0.0,0,False
2026-03-31 23:08:30+00:00,,,,,,,,0.8999999999999999,0.9,,0.0,0,False
2026-03-31 23:09:00+00:00,,,,,,,,0.8999999999999999,0.9,,0.0,0,False
2026-03-31 23:09:30+00:00,,,,,,,,0.8999999999999999,0.9,,9.0,1,False
2026-03-31 23:10:00+00:00,,,,,,,,0.8999999999999999,0.9,,41.0,2,False
2026-03-31 23:10:30+00:00,,,,,,,,0.8999999999999999,0.9,,0.0,0,False
2026-03-31 23:11:00+00:00,,,,,,,,0.8999999999999999,0.9,,0.0,0,False
2026-03-31 23:11:30+00:00,,,,,,,,0.8999999999999999,0.9,,0.0,0,False
2026-03-31 23:12:00+00:00,,,,,,,,0.8999999999999999,0.9,,0.0,0,False
2026-03-31 23:12:30+00:00,,,,,,,,0.8999999999999999,0.9,,0.0,0,False
2026-03-31 23:13:00+00:00,,,,,,,,0.8999999999999999,0.9,,0.0,0,False
2026-03-31 23:13:30+00:00,,,,,,,,0.8999999999999999,0.9,,0.0,0,False
2026-03-31 23:14:00+00:00,,,,,,,,0.8999999999999999,0.9,,0.0,0,False
2026-03-31 23:14:30+00:00,,,,,,,,0.8999999999999999,0.9,,0.0,0,False
2026-03-31 23:15:00+00:00,,,,,,,,0.92,0.92,,1.0,1,False
2026-03-31 23:15:30+00:00,,,,,,,,0.92,0.92,,0.0,0,False
2026-03-31 23:16:00+00:00,,,,,,,,0.92,0.92,,0.0,0,False
2026-03-31 23:16:30+00:00,,,,,,,,0.92,0.92,,0.0,0,False
2026-03-31 23:17:00+00:00,,,,,,,,0.92,0.92,,0.0,0,False
2026-03-31 23:17:30+00:00,,,,,,,,0.92,0.92,,0.0,0,False
2026-03-31 23:18:00+00:00,,,,,,,,0.92,0.92,,0.0,0,False
2026-03-31 23:18:30+00:00,,,,,,,,0.92,0.92,,0.0,0,False
2026-03-31 23:19:00+00:00,,,,,,,,0.92,0.92,,0.0,0,False
2026-03-31 23:19:30+00:00,,,,,,,,0.92,0.92,,0.0,0,False
2026-03-31 23:20:00+00:00,,,,,,,,0.9,0.9,,32.0,1,False
2026-03-31 23:20:30+00:00,,,,,,,,0.9,0.9,,0.0,0,False
2026-03-31 23:21:00+00:00,,,,,,,,0.9,0.9,,0.0,0,False
2026-03-31 23:21:30+00:00,,,,,,,,0.9,0.9,,0.0,0,False
2026-03-31 23:22:00+00:00,,,,,,,,0.92,0.92,,32.0,1,False
2026-03-31 23:22:30+00:00,,,,,,,,0.92,0.92,,0.0,0,False
2026-03-31 23:23:00+00:00,,,,,,,,0.92,0.92,,0.0,0,False
2026-03-31 23:23:30+00:00,,,,,,,,0.92,0.92,,0.0,0,False
2026-03-31 23:24:00+00:00,,,,,,,,0.92,0.92,,0.0,0,False
2026-03-31 23:24:30+00:00,,,,,,,,0.92,0.92,,0.0,0,False
2026-03-31 23:25:00+00:00,,,,,,,,0.92,0.92,,0.0,0,False
2026-03-31 23:25:30+00:00,,,,,,,,0.92,0.92,,0.0,0,False
2026-03-31 23:26:00+00:00,,,,,,,,0.9,0.9,,16.0,1,False
2026-03-31 23:26:30+00:00,,,,,,,,0.9,0.9,,0.0,0,False
2026-03-31 23:27:00+00:00,,,,,,,,0.9,0.9,,0.0,0,False
2026-03-31 23:27:30+00:00,,,,,,,,0.9,0.9,,0.0,0,False
2026-03-31 23:28:00+00:00,,,,,,,,0.9,0.9,,0.0,0,False
2026-03-31 23:28:30+00:00,,,,,,,,0.9,0.9,,0.0,0,False
2026-03-31 23:29:00+00:00,,,,,,,,0.9,0.9,,0.0,0,False
2026-03-31 23:29:30+00:00,,,,,,,,0.9,0.9,,0.0,0,False
2026-03-31 23:30:00+00:00,,,,,,,,0.9,0.9,,0.0,0,False
2026-03-31 23:30:30+00:00,,,,,,,,0.9,0.9,,0.0,0,False
2026-03-31 23:31:00+00:00,,,,,,,,0.9,0.9,,0.0,0,False
2026-03-31 23:31:30+00:00,,,,,,,,0.9,0.9,,0.0,0,False
2026-03-31 23:32:00+00:00,,,,,,,,0.9,0.9,,0.0,0,False
2026-03-31 23:32:30+00:00,,,,,,,,0.9,0.9,,0.0,0,False
2026-03-31 23:33:00+00:00,,,,,,,,0.9,0.9,,0.0,0,False
2026-03-31 23:33:30+00:00,,,,,,,,0.9,0.9,,0.0,0,False
2026-03-31 23:34:00+00:00,,,,,,,,0.9,0.9,,0.0,0,False
2026-03-31 23:34:30+00:00,,,,,,,,0.9,0.9,,0.0,0,False
2026-03-31 23:35:00+00:00,,,,,,,,0.9,0.9,,0.0,0,False
2026-03-31 23:35:30+00:00,,,,,,,,0.9,0.9,,0.0,0,False
2026-03-31 23:36:00+00:00,,,,,,,,0.9,0.9,,0.0,0,False
2026-03-31 23:36:30+00:00,,,,,,,,0.9,0.9,,0.0,0,False
2026-03-31 23:37:00+00:00,,,,,,,,0.9,0.9,,75.0,1,False
2026-03-31 23:37:30+00:00,,,,,,,,0.9,0.9,,0.0,0,False
2026-03-31 23:38:00+00:00,,,,,,,,0.9,0.9,,0.0,0,False
2026-03-31 23:38:30+00:00,,,,,,,,0.9,0.9,,0.0,0,False
2026-03-31 23:39:00+00:00,,,,,,,,0.9,0.9,,0.0,0,False
2026-03-31 23:39:30+00:00,,,,,,,,0.92,0.92,,34.0,1,False
2026-03-31 23:40:00+00:00,,,,,,,,0.92,0.92,,0.0,0,False
2026-03-31 23:40:30+00:00,,,,,,,,0.92,0.92,,0.0,0,False
2026-03-31 23:41:00+00:00,,,,,,,,0.92,0.92,,0.0,0,False
2026-03-31 23:41:30+00:00,,,,,,,,0.92,0.92,,0.0,0,False
2026-03-31 23:42:00+00:00,,,,,,,,0.92,0.92,,0.0,0,False
2026-03-31 23:42:30+00:00,,,,,,,,0.92,0.92,,0.0,0,False
2026-03-31 23:43:00+00:00,,,,,,,,0.92,0.92,,0.0,0,False
2026-03-31 23:43:30+00:00,,,,,,,,0.92,0.92,,0.0,0,False
2026-03-31 23:44:00+00:00,,,,,,,,0.92,0.92,,0.0,0,False
2026-03-31 23:44:30+00:00,,,,,,,,0.92,0.92,,0.0,0,False
2026-03-31 23:45:00+00:00,,,,,,,,0.92,0.92,,0.0,0,False
2026-03-31 23:45:30+00:00,,,,,,,,0.92,0.92,,0.0,0,False
2026-03-31 23:46:00+00:00,,,,,,,,0.92,0.92,,22.0,1,False
2026-03-31 23:46:30+00:00,,,,,,,,0.92,0.92,,0.0,0,False
2026-03-31 23:47:00+00:00,,,,,,,,0.92,0.92,,0.0,0,False
2026-03-31 23:47:30+00:00,,,,,,,,0.92,0.92,,0.0,0,False
2026-03-31 23:48:00+00:00,,,,,,,,0.92,0.92,,0.0,0,False
2026-03-31 23:48:30+00:00,,,,,,,,0.92,0.92,,0.0,0,False
2026-03-31 23:49:00+00:00,,,,,,,,0.92,0.92,,0.0,0,False
2026-03-31 23:49:30+00:00,,,,,,,,0.92,0.92,,0.0,0,False
2026-03-31 23:50:00+00:00,,,,,,,,0.9,0.9,,8.0,1,False
2026-03-31 23:50:30+00:00,,,,,,,,0.9,0.9,,0.0,0,False
2026-03-31 23:51:00+00:00,,,,,,,,0.9,0.9,,0.0,0,False
2026-03-31 23:51:30+00:00,,,,,,,,0.9,0.9,,0.0,0,False
2026-03-31 23:52:00+00:00,,,,,,,,0.9,0.9,,0.0,0,False
2026-03-31 23:52:30+00:00,,,,,,,,0.9,0.9,,0.0,0,False
2026-03-31 23:53:00+00:00,,,,,,,,0.9,0.9,,0.0,0,False
2026-03-31 23:53:30+00:00,,,,,,,,0.9,0.9,,0.0,0,False
2026-03-31 23:54:00+00:00,,,,,,,,0.9,0.9,,12.0,2,False
2026-03-31 23:54:30+00:00,,,,,,,,0.9,0.9,,0.0,0,False
2026-03-31 23:55:00+00:00,,,,,,,,0.9,0.9,,0.0,0,False
2026-03-31 23:55:30+00:00,,,,,,,,0.9000000000000001,0.9,,89.0,1,False
2026-03-31 23:56:00+00:00,,,,,,,,0.9,0.9,,2.0,1,False
2026-03-31 23:56:30+00:00,,,,,,,,0.9,0.9,,0.0,0,False
2026-03-31 23:57:00+00:00,,,,,,,,0.9,0.9,,0.0,0,False
2026-03-31 23:57:30+00:00,,,,,,,,0.91,0.91,,2.0,1,False
2026-03-31 23:58:00+00:00,,,,,,,,0.91,0.91,,0.0,0,False
2026-03-31 23:58:30+00:00,,,,,,,,0.91,0.91,,0.0,0,False
2026-03-31 23:59:00+00:00,,,,,,,,0.91,0.91,,0.0,0,False
2026-03-31 23:59:30+00:00,,,,,,,,0.91,0.91,,0.0,0,False
2026-04-01 00:00:00+00:00,,,,,,,,0.91,0.91,,0.0,0,False
2026-04-01 00:00:30+00:00,,,,,,,,0.91,0.91,,0.0,0,False
2026-04-01 00:01:00+00:00,,,,,,,,0.91,0.91,,0.0,0,False
2026-04-01 00:01:30+00:00,,,,,,,,0.91,0.91,,0.0,0,False
2026-04-01 00:02:00+00:00,,,,,,,,0.91,0.91,,0.0,0,False
2026-04-01 00:02:30+00:00,,,,,,,,0.91,0.91,,0.0,0,False
2026-04-01 00:03:00+00:00,,,,,,,,0.9,0.9,,100.0,1,False
2026-04-01 00:03:30+00:00,,,,,,,,0.9,0.9,,0.0,0,False
2026-04-01 00:04:00+00:00,,,,,,,,0.9,0.9,,0.0,0,False
2026-04-01 00:04:30+00:00,,,,,,,,0.9,0.9,,0.0,0,False
2026-04-01 00:05:00+00:00,,,,,,,,0.9,0.9,,0.0,0,False
2026-04-01 00:05:30+00:00,,,,,,,,0.9,0.9,,0.0,0,False
2026-04-01 00:06:00+00:00,,,,,,,,0.9,0.9,,833.0,1,False
2026-04-01 00:06:30+00:00,,,,,,,,0.9,0.9,,0.0,0,False
2026-04-01 00:07:00+00:00,,,,,,,,0.9,0.9,,0.0,0,False
2026-04-01 00:07:30+00:00,,,,,,,,0.9,0.9,,0.0,0,False
2026-04-01 00:08:00+00:00,,,,,,,,0.9,0.9,,0.0,0,False
2026-04-01 00:08:30+00:00,,,,,,,,0.9,0.9,,0.0,0,False
2026-04-01 00:09:00+00:00,,,,,,,,0.9,0.9,,0.0,0,False
2026-04-01 00:09:30+00:00,,,,,,,,0.9200000000000002,0.92,,10.0,1,False
2026-04-01 00:10:00+00:00,,,,,,,,0.9200000000000002,0.92,,0.0,0,False
2026-04-01 00:10:30+00:00,,,,,,,,0.9200000000000002,0.92,,0.0,0,False
2026-04-01 00:11:00+00:00,,,,,,,,0.9,0.9,,24.0,2,False
2026-04-01 00:11:30+00:00,,,,,,,,0.9,0.9,,0.0,0,False
2026-04-01 00:12:00+00:00,,,,,,,,0.9,0.9,,0.0,0,False
2026-04-01 00:12:30+00:00,,,,,,,,0.9,0.9,,0.0,0,False
2026-04-01 00:13:00+00:00,,,,,,,,0.9,0.9,,0.0,0,False
2026-04-01 00:13:30+00:00,,,,,,,,0.9,0.9,,0.0,0,False
2026-04-01 00:14:00+00:00,,,,,,,,0.9,0.9,,0.0,0,False
2026-04-01 00:14:30+00:00,,,,,,,,0.9,0.9,,0.0,0,False
2026-04-01 00:15:00+00:00,,,,,,,,0.9,0.9,,0.0,0,False
2026-04-01 00:15:30+00:00,,,,,,,,0.9,0.9,,0.0,0,False
2026-04-01 00:16:00+00:00,,,,,,,,0.9,0.9,,0.0,0,False
2026-04-01 00:16:30+00:00,,,,,,,,0.9000000000000001,0.9,,47.0,1,False
2026-04-01 00:17:00+00:00,,,,,,,,0.9000000000000001,0.9,,0.0,0,False
2026-04-01 00:17:30+00:00,,,,,,,,0.9000000000000001,0.9,,0.0,0,False
2026-04-01 00:18:00+00:00,,,,,,,,0.9000000000000001,0.9,,0.0,0,False
2026-04-01 00:18:30+00:00,,,,,,,,0.9000000000000001,0.9,,0.0,0,False
2026-04-01 00:19:00+00:00,,,,,,,,0.9000000000000001,0.9,,0.0,0,False
2026-04-01 00:19:30+00:00,,,,,,,,0.9000000000000001,0.9,,0.0,0,False
2026-04-01 00:20:00+00:00,,,,,,,,0.9000000000000001,0.9,,0.0,0,False
2026-04-01 00:20:30+00:00,,,,,,,,0.9000000000000001,0.9,,0.0,0,False
2026-04-01 00:21:00+00:00,,,,,,,,0.9000000000000001,0.9,,0.0,0,False
2026-04-01 00:21:30+00:00,,,,,,,,0.9000000000000001,0.9,,0.0,0,False
2026-04-01 00:22:00+00:00,,,,,,,,0.9000000000000001,0.9,,0.0,0,False
2026-04-01 00:22:30+00:00,,,,,,,,0.9000000000000001,0.9,,0.0,0,False
2026-04-01 00:23:00+00:00,,,,,,,,0.9000000000000001,0.9,,0.0,0,False
2026-04-01 00:23:30+00:00,,,,,,,,0.9000000000000001,0.9,,0.0,0,False
2026-04-01 00:24:00+00:00,,,,,,,,0.9000000000000001,0.9,,0.0,0,False
2026-04-01 00:24:30+00:00,,,,,,,,0.9000000000000001,0.9,,0.0,0,False
2026-04-01 00:25:00+00:00,,,,,,,,0.9000000000000001,0.9,,0.0,0,False
2026-04-01 00:25:30+00:00,,,,,,,,0.9000000000000001,0.9,,0.0,0,False
2026-04-01 00:26:00+00:00,,,,,,,,0.9000000000000001,0.9,,0.0,0,False
2026-04-01 00:26:30+00:00,,,,,,,,0.9000000000000001,0.9,,0.0,0,False
2026-04-01 00:27:00+00:00,,,,,,,,0.9000000000000001,0.9,,0.0,0,False
2026-04-01 00:27:30+00:00,,,,,,,,0.9000000000000001,0.9,,0.0,0,False
2026-04-01 00:28:00+00:00,,,,,,,,0.9000000000000001,0.9,,0.0,0,False
2026-04-01 00:28:30+00:00,,,,,,,,0.9000000000000001,0.9,,0.0,0,False
2026-04-01 00:29:00+00:00,,,,,,,,0.9000000000000001,0.9,,0.0,0,False
2026-04-01 00:29:30+00:00,,,,,,,,0.9000000000000001,0.9,,0.0,0,False
2026-04-01 00:30:00+00:00,,,,,,,,0.9000000000000001,0.9,,0.0,0,False
2026-04-01 00:30:30+00:00,,,,,,,,0.9000000000000001,0.9,,0.0,0,False
2026-04-01 00:31:00+00:00,,,,,,,,0.9000000000000001,0.9,,0.0,0,False
2026-04-01 00:31:30+00:00,,,,,,,,0.9000000000000001,0.9,,0.0,0,False
2026-04-01 00:32:00+00:00,,,,,,,,0.9000000000000001,0.9,,0.0,0,False
2026-04-01 00:32:30+00:00,,,,,,,,0.9000000000000001,0.9,,0.0,0,False
2026-04-01 00:33:00+00:00,,,,,,,,0.9000000000000001,0.9,,0.0,0,False
2026-04-01 00:33:30+00:00,,,,,,,,0.9000000000000001,0.9,,0.0,0,False
2026-04-01 00:34:00+00:00,,,,,,,,0.9000000000000001,0.9,,0.0,0,False
2026-04-01 00:34:30+00:00,,,,,,,,0.9000000000000001,0.9,,0.0,0,False
2026-04-01 00:35:00+00:00,,,,,,,,0.9000000000000001,0.9,,0.0,0,False
2026-04-01 00:35:30+00:00,,,,,,,,0.9000000000000001,0.9,,0.0,0,False
2026-04-01 00:36:00+00:00,,,,,,,,0.9000000000000001,0.9,,0.0,0,False
2026-04-01 00:36:30+00:00,,,,,,,,0.9000000000000001,0.9,,0.0,0,False
2026-04-01 00:37:00+00:00,,,,,,,,0.9000000000000001,0.9,,0.0,0,False
2026-04-01 00:37:30+00:00,,,,,,,,0.9000000000000001,0.9,,0.0,0,False
2026-04-01 00:38:00+00:00,,,,,,,,0.9000000000000001,0.9,,0.0,0,False
2026-04-01 00:38:30+00:00,,,,,,,,0.9000000000000001,0.9,,0.0,0,False
2026-04-01 00:39:00+00:00,,,,,,,,0.9000000000000001,0.9,,0.0,0,False
2026-04-01 00:39:30+00:00,,,,,,,,0.9000000000000001,0.9,,0.0,0,False
2026-04-01 00:40:00+00:00,,,,,,,,0.9000000000000001,0.9,,0.0,0,False
2026-04-01 00:40:30+00:00,,,,,,,,0.9000000000000001,0.9,,0.0,0,False
2026-04-01 00:41:00+00:00,,,,,,,,0.9000000000000001,0.9,,0.0,0,False
2026-04-01 00:41:30+00:00,,,,,,,,0.9000000000000001,0.9,,0.0,0,False
2026-04-01 00:42:00+00:00,,,,,,,,0.9000000000000001,0.9,,0.0,0,False
2026-04-01 00:42:30+00:00,,,,,,,,0.9000000000000001,0.9,,0.0,0,False
2026-04-01 00:43:00+00:00,,,,,,,,0.9000000000000001,0.9,,0.0,0,False
2026-04-01 00:43:30+00:00,,,,,,,,0.9000000000000001,0.9,,0.0,0,False
2026-04-01 00:44:00+00:00,,,,,,,,0.9000000000000001,0.9,,0.0,0,False
2026-04-01 00:44:30+00:00,,,,,,,,0.9000000000000001,0.9,,0.0,0,False
2026-04-01 00:45:00+00:00,,,,,,,,0.9000000000000001,0.9,,0.0,0,False
2026-04-01 00:45:30+00:00,,,,,,,,0.9000000000000001,0.9,,0.0,0,False
2026-04-01 00:46:00+00:00,,,,,,,,0.9000000000000001,0.9,,0.0,0,False
2026-04-01 00:46:30+00:00,,,,,,,,0.9000000000000001,0.9,,0.0,0,False
2026-04-01 00:47:00+00:00,,,,,,,,0.9000000000000001,0.9,,0.0,0,False
2026-04-01 00:47:30+00:00,,,,,,,,0.9000000000000001,0.9,,0.0,0,False
2026-04-01 00:48:00+00:00,,,,,,,,0.9000000000000001,0.9,,0.0,0,False
2026-04-01 00:48:30+00:00,,,,,,,,0.9000000000000001,0.9,,0.0,0,False
2026-04-01 00:49:00+00:00,,,,,,,,0.9000000000000001,0.9,,0.0,0,False
2026-04-01 00:49:30+00:00,,,,,,,,0.92,0.92,,25.0,1,False
2026-04-01 00:50:00+00:00,,,,,,,,0.92,0.92,,0.0,0,False
2026-04-01 00:50:30+00:00,,,,,,,,0.92,0.92,,0.0,0,False
2026-04-01 00:51:00+00:00,,,,,,,,0.92,0.92,,0.0,0,False
2026-04-01 00:51:30+00:00,,,,,,,,0.9000000000000001,0.9,,416.0,1,False
2026-04-01 00:52:00+00:00,,,,,,,,0.9,0.9,,166.0,1,False
2026-04-01 00:52:30+00:00,,,,,,,,0.92,0.92,,8.0,1,False
2026-04-01 00:53:00+00:00,,,,,,,,0.92,0.92,,2.0,1,False
2026-04-01 00:53:30+00:00,,,,,,,,0.92,0.92,,0.0,0,False
2026-04-01 00:54:00+00:00,,,,,,,,0.92,0.92,,0.0,0,False
2026-04-01 00:54:30+00:00,,,,,,,,0.92,0.92,,0.0,0,False
2026-04-01 00:55:00+00:00,,,,,,,,0.8999999999999999,0.9,,18.0,1,False
2026-04-01 00:55:30+00:00,,,,,,,,0.8999999999999999,0.9,,0.0,0,False
2026-04-01 00:56:00+00:00,,,,,,,,0.8999999999999999,0.9,,0.0,0,False
2026-04-01 00:56:30+00:00,,,,,,,,0.8999999999999999,0.9,,0.0,0,False
2026-04-01 00:57:00+00:00,,,,,,,,0.9,0.9,,1.0,1,False
2026-04-01 00:57:30+00:00,,,,,,,,0.9,0.9,,25.0,1,False
2026-04-01 00:58:00+00:00,,,,,,,,0.9,0.9,,0.0,0,False
2026-04-01 00:58:30+00:00,,,,,,,,0.9,0.9,,0.0,0,False
2026-04-01 00:59:00+00:00,,,,,,,,0.9,0.9,,0.0,0,False
2026-04-01 00:59:30+00:00,,,,,,,,0.9,0.9,,0.0,0,False
2026-04-01 01:00:00+00:00,,,,,,,,0.9,0.9,,0.0,0,False
2026-04-01 01:00:30+00:00,,,,,,,,0.9,0.9,,0.0,0,False
2026-04-01 01:01:00+00:00,,,,,,,,0.9,0.9,,0.0,0,False
2026-04-01 01:01:30+00:00,,,,,,,,0.9,0.9,,0.0,0,False
2026-04-01 01:02:00+00:00,,,,,,,,0.9,0.9,,0.0,0,False
2026-04-01 01:02:30+00:00,,,,,,,,0.9,0.9,,0.0,0,False
2026-04-01 01:03:00+00:00,,,,,,,,0.9,0.9,,0.0,0,False
2026-04-01 01:03:30+00:00,,,,,,,,0.9,0.9,,0.0,0,False
2026-04-01 01:04:00+00:00,,,,,,,,0.9,0.9,,0.0,0,False
2026-04-01 01:04:30+00:00,,,,,,,,0.9,0.9,,0.0,0,False
2026-04-01 01:05:00+00:00,,,,,,,,0.9,0.9,,0.0,0,False
2026-04-01 01:05:30+00:00,,,,,,,,0.9,0.9,,0.0,0,False
2026-04-01 01:06:00+00:00,,,,,,,,0.9,0.9,,0.0,0,False
2026-04-01 01:06:30+00:00,,,,,,,,0.9,0.9,,0.0,0,False
2026-04-01 01:07:00+00:00,,,,,,,,0.9,0.9,,0.0,0,False
2026-04-01 01:07:30+00:00,,,,,,,,0.9,0.9,,0.0,0,False
2026-04-01 01:08:00+00:00,,,,,,,,0.9,0.9,,0.0,0,False
2026-04-01 01:08:30+00:00,,,,,,,,0.9,0.9,,0.0,0,False
2026-04-01 01:09:00+00:00,,,,,,,,0.9,0.9,,0.0,0,False
2026-04-01 01:09:30+00:00,,,,,,,,0.9,0.9,,0.0,0,False
2026-04-01 01:10:00+00:00,,,,,,,,0.8999999999999999,0.9,,9.0,1,False
2026-04-01 01:10:30+00:00,,,,,,,,0.8999999999999999,0.9,,9.0,1,False
2026-04-01 01:11:00+00:00,,,,,,,,0.8999999999999999,0.9,,0.0,0,False
2026-04-01 01:11:30+00:00,,,,,,,,0.8999999999999999,0.9,,0.0,0,False
2026-04-01 01:12:00+00:00,,,,,,,,0.8999999999999999,0.9,,0.0,0,False
2026-04-01 01:12:30+00:00,,,,,,,,0.8999999999999999,0.9,,0.0,0,False
2026-04-01 01:13:00+00:00,,,,,,,,0.9,0.9,,17.0,2,False
2026-04-01 01:13:30+00:00,,,,,,,,0.9,0.9,,0.0,0,False
2026-04-01 01:14:00+00:00,,,,,,,,0.9,0.9,,0.0,0,False
2026-04-01 01:14:30+00:00,,,,,,,,0.9,0.9,,0.0,0,False
2026-04-01 01:15:00+00:00,,,,,,,,0.9,0.9,,0.0,0,False
2026-04-01 01:15:30+00:00,,,,,,,,0.9,0.9,,0.0,0,False
2026-04-01 01:16:00+00:00,,,,,,,,0.9,0.9,,0.0,0,False
2026-04-01 01:16:30+00:00,,,,,,,,0.9,0.9,,0.0,0,False
2026-04-01 01:17:00+00:00,,,,,,,,0.9,0.9,,0.0,0,False
2026-04-01 01:17:30+00:00,,,,,,,,0.9,0.9,,0.0,0,False
2026-04-01 01:18:00+00:00,,,,,,,,0.9,0.9,,0.0,0,False
2026-04-01 01:18:30+00:00,,,,,,,,0.9,0.9,,0.0,0,False
2026-04-01 01:19:00+00:00,,,,,,,,0.9,0.9,,0.0,0,False
2026-04-01 01:19:30+00:00,,,,,,,,0.9,0.9,,0.0,0,False
2026-04-01 01:20:00+00:00,,,,,,,,0.9,0.9,,0.0,0,False
2026-04-01 01:20:30+00:00,,,,,,,,0.9,0.9,,0.0,0,False
2026-04-01 01:21:00+00:00,,,,,,,,0.9,0.9,,0.0,0,False
2026-04-01 01:21:30+00:00,,,,,,,,0.9,0.9,,0.0,0,False
2026-04-01 01:22:00+00:00,,,,,,,,0.9,0.9,,0.0,0,False
2026-04-01 01:22:30+00:00,,,,,,,,0.9,0.9,,0.0,0,False
2026-04-01 01:23:00+00:00,,,,,,,,0.9,0.9,,0.0,0,False
2026-04-01 01:23:30+00:00,,,,,,,,0.9,0.9,,0.0,0,False
2026-04-01 01:24:00+00:00,,,,,,,,0.9,0.9,,0.0,0,False
2026-04-01 01:24:30+00:00,,,,,,,,0.9,0.9,,0.0,0,False
2026-04-01 01:25:00+00:00,,,,,,,,0.9,0.9,,0.0,0,False
2026-04-01 01:25:30+00:00,,,,,,,,0.9,0.9,,14.0,1,False
2026-04-01 01:26:00+00:00,,,,,,,,0.9,0.9,,0.0,0,False
2026-04-01 01:26:30+00:00,,,,,,,,0.91,0.91,,15.0,1,False
2026-04-01 01:27:00+00:00,,,,,,,,0.91,0.91,,0.0,0,False
2026-04-01 01:27:30+00:00,,,,,,,,0.91,0.91,,0.0,0,False
2026-04-01 01:28:00+00:00,,,,,,,,0.91,0.91,,0.0,0,False
2026-04-01 01:28:30+00:00,,,,,,,,0.91,0.91,,0.0,0,False
2026-04-01 01:29:00+00:00,,,,,,,,0.91,0.91,,0.0,0,False
2026-04-01 01:29:30+00:00,,,,,,,,0.91,0.91,,0.0,0,False
2026-04-01 01:30:00+00:00,,,,,,,,0.91,0.91,,0.0,0,False
2026-04-01 01:30:30+00:00,,,,,,,,0.9000000000000001,0.9,,47.0,1,False
2026-04-01 01:31:00+00:00,,,,,,,,0.9000000000000001,0.9,,0.0,0,False
2026-04-01 01:31:30+00:00,,,,,,,,0.9000000000000001,0.9,,0.0,0,False
2026-04-01 01:32:00+00:00,,,,,,,,0.9000000000000001,0.9,,0.0,0,False
2026-04-01 01:32:30+00:00,,,,,,,,0.9000000000000001,0.9,,0.0,0,False
2026-04-01 01:33:00+00:00,,,,,,,,0.9000000000000001,0.9,,0.0,0,False
2026-04-01 01:33:30+00:00,,,,,,,,0.9000000000000001,0.9,,0.0,0,False
2026-04-01 01:34:00+00:00,,,,,,,,0.9000000000000001,0.9,,0.0,0,False
2026-04-01 01:34:30+00:00,,,,,,,,0.91,0.91,,7.0,1,False
2026-04-01 01:35:00+00:00,,,,,,,,0.9,0.9,,7.0,1,False
2026-04-01 01:35:30+00:00,,,,,,,,0.9,0.9,,0.0,0,False
2026-04-01 01:36:00+00:00,,,,,,,,0.9200000000000002,0.92,,10.0,1,False
2026-04-01 01:36:30+00:00,,,,,,,,0.9200000000000002,0.92,,0.0,0,False
2026-04-01 01:37:00+00:00,,,,,,,,0.9200000000000002,0.92,,0.0,0,False
2026-04-01 01:37:30+00:00,,,,,,,,0.9,0.9,,125.0,2,False
2026-04-01 01:38:00+00:00,,,,,,,,0.9,0.9,,0.0,0,False
2026-04-01 01:38:30+00:00,,,,,,,,0.9,0.9,,0.0,0,False
2026-04-01 01:39:00+00:00,,,,,,,,0.9,0.9,,0.0,0,False
2026-04-01 01:39:30+00:00,,,,,,,,0.9,0.9,,0.0,0,False
2026-04-01 01:40:00+00:00,,,,,,,,0.8999999999999999,0.9,,94.0,2,False
2026-04-01 01:40:30+00:00,,,,,,,,0.9,0.9,,27.0,1,False
2026-04-01 01:41:00+00:00,,,,,,,,0.9,0.9,,0.0,0,False
2026-04-01 01:41:30+00:00,,,,,,,,0.9,0.9,,0.0,0,False
2026-04-01 01:42:00+00:00,,,,,,,,0.9,0.9,,0.0,0,False
2026-04-01 01:42:30+00:00,,,,,,,,0.9,0.9,,0.0,0,False
2026-04-01 01:43:00+00:00,,,,,,,,0.9,0.9,,0.0,0,False
2026-04-01 01:43:30+00:00,,,,,,,,0.9,0.9,,0.0,0,False
2026-04-01 01:44:00+00:00,,,,,,,,0.9,0.9,,0.0,0,False
2026-04-01 01:44:30+00:00,,,,,,,,0.9,0.9,,0.0,0,False
2026-04-01 01:45:00+00:00,,,,,,,,0.9,0.9,,0.0,0,False
2026-04-01 01:45:30+00:00,,,,,,,,0.9,0.9,,0.0,0,False
2026-04-01 01:46:00+00:00,,,,,,,,0.9,0.9,,0.0,0,False
2026-04-01 01:46:30+00:00,,,,,,,,0.9,0.9,,0.0,0,False
2026-04-01 01:47:00+00:00,,,,,,,,0.9,0.9,,0.0,0,False
2026-04-01 01:47:30+00:00,,,,,,,,0.9,0.9,,0.0,0,False
2026-04-01 01:48:00+00:00,,,,,,,,0.9,0.9,,0.0,0,False
2026-04-01 01:48:30+00:00,,,,,,,,0.8999999999999999,0.9,,9.0,1,False
2026-04-01 01:49:00+00:00,,,,,,,,0.8999999999999999,0.9,,0.0,0,False
2026-04-01 01:49:30+00:00,,,,,,,,0.8999999999999999,0.9,,0.0,0,False
2026-04-01 01:50:00+00:00,,,,,,,,0.9,0.9,,4.0,1,False
2026-04-01 01:50:30+00:00,,,,,,,,0.9,0.9,,0.0,0,False
2026-04-01 01:51:00+00:00,,,,,,,,0.9,0.9,,0.0,0,False
2026-04-01 01:51:30+00:00,,,,,,,,0.9,0.9,,0.0,0,False
2026-04-01 01:52:00+00:00,,,,,,,,0.9,0.9,,0.0,0,False
2026-04-01 01:52:30+00:00,,,,,,,,0.9,0.9,,0.0,0,False
2026-04-01 01:53:00+00:00,,,,,,,,0.9,0.9,,0.0,0,False
2026-04-01 01:53:30+00:00,,,,,,,,0.9,0.9,,0.0,0,False
2026-04-01 01:54:00+00:00,,,,,,,,0.9,0.9,,0.0,0,False
2026-04-01 01:54:30+00:00,,,,,,,,0.9,0.9,,0.0,0,False
2026-04-01 01:55:00+00:00,,,,,,,,0.9,0.9,,0.0,0,False
2026-04-01 01:55:30+00:00,,,,,,,,0.9,0.9,,0.0,0,False
2026-04-01 01:56:00+00:00,,,,,,,,0.9,0.9,,0.0,0,False
2026-04-01 01:56:30+00:00,,,,,,,,0.9,0.9,,0.0,0,False
2026-04-01 01:57:00+00:00,,,,,,,,0.9,0.9,,66.0,1,False
2026-04-01 01:57:30+00:00,,,,,,,,0.9,0.9,,0.0,0,False
2026-04-01 01:58:00+00:00,,,,,,,,0.9,0.9,,0.0,0,False
2026-04-01 01:58:30+00:00,,,,,,,,0.9,0.9,,0.0,0,False
2026-04-01 01:59:00+00:00,,,,,,,,0.9000000000000001,0.9,,13.0,1,False
2026-04-01 01:59:30+00:00,,,,,,,,0.92,0.92,,1.0,1,False
2026-04-01 02:00:00+00:00,,,,,,,,0.92,0.92,,0.0,0,False
2026-04-01 02:00:30+00:00,,,,,,,,0.92,0.92,,16.0,1,False
2026-04-01 02:01:00+00:00,,,,,,,,0.92,0.92,,0.0,0,False
2026-04-01 02:01:30+00:00,,,,,,,,0.92,0.92,,0.0,0,False
2026-04-01 02:02:00+00:00,,,,,,,,0.92,0.92,,0.0,0,False
2026-04-01 02:02:30+00:00,,,,,,,,0.92,0.92,,0.0,0,False
2026-04-01 02:03:00+00:00,,,,,,,,0.9,0.9,,25.0,1,False
2026-04-01 02:03:30+00:00,,,,,,,,0.9,0.9,,0.0,0,False
2026-04-01 02:04:00+00:00,,,,,,,,0.9,0.9,,0.0,0,False
2026-04-01 02:04:30+00:00,,,,,,,,0.9,0.9,,8.0,1,False
2026-04-01 02:05:00+00:00,,,,,,,,0.9,0.9,,0.0,0,False
2026-04-01 02:05:30+00:00,,,,,,,,0.9,0.9,,0.0,0,False
2026-04-01 02:06:00+00:00,,,,,,,,0.9,0.9,,0.0,0,False
2026-04-01 02:06:30+00:00,,,,,,,,0.9,0.9,,0.0,0,False
2026-04-01 02:07:00+00:00,,,,,,,,0.9,0.9,,0.0,0,False
2026-04-01 02:07:30+00:00,,,,,,,,0.9,0.9,,0.0,0,False
2026-04-01 02:08:00+00:00,,,,,,,,0.9,0.9,,0.0,0,False
2026-04-01 02:08:30+00:00,,,,,,,,0.9,0.9,,0.0,0,False
2026-04-01 02:09:00+00:00,,,,,,,,0.9,0.9,,0.0,0,False
2026-04-01 02:09:30+00:00,,,,,,,,0.9099999999999999,0.91,,9.0,1,False
2026-04-01 02:10:00+00:00,,,,,,,,0.9099999999999999,0.91,,0.0,0,False
2026-04-01 02:10:30+00:00,,,,,,,,0.9099999999999999,0.91,,0.0,0,False
2026-04-01 02:11:00+00:00,,,,,,,,0.9099999999999999,0.91,,0.0,0,False
2026-04-01 02:11:30+00:00,,,,,,,,0.91,0.91,,54.0,1,False
2026-04-01 02:12:00+00:00,,,,,,,,0.91,0.91,,0.0,0,False
2026-04-01 02:12:30+00:00,,,,,,,,0.91,0.91,,0.0,0,False
2026-04-01 02:13:00+00:00,,,,,,,,0.91,0.91,,0.0,0,False
2026-04-01 02:13:30+00:00,,,,,,,,0.91,0.91,,0.0,0,False
2026-04-01 02:14:00+00:00,,,,,,,,0.91,0.91,,0.0,0,False
2026-04-01 02:14:30+00:00,,,,,,,,0.91,0.91,,0.0,0,False
2026-04-01 02:15:00+00:00,,,,,,,,0.91,0.91,,0.0,0,False
2026-04-01 02:15:30+00:00,,,,,,,,0.92,0.92,,54.0,1,False
2026-04-01 02:16:00+00:00,,,,,,,,0.9199999999999999,0.92,,41.0,1,False
2026-04-01 02:16:30+00:00,,,,,,,,0.9199999999999999,0.92,,0.0,0,False
2026-04-01 02:17:00+00:00,,,,,,,,0.9199999999999999,0.92,,0.0,0,False
2026-04-01 02:17:30+00:00,,,,,,,,0.9199999999999999,0.92,,0.0,0,False
2026-04-01 02:18:00+00:00,,,,,,,,0.91,0.91,,31.0,1,False
2026-04-01 02:18:30+00:00,,,,,,,,0.9099999999999999,0.91,,10.0,1,False
2026-04-01 02:19:00+00:00,,,,,,,,0.93,0.93,,107.0,1,False
2026-04-01 02:19:30+00:00,,,,,,,,0.93,0.93,,0.0,0,False
2026-04-01 02:20:00+00:00,,,,,,,,0.91,0.91,,47.0,2,False
2026-04-01 02:20:30+00:00,,,,,,,,0.91,0.91,,0.0,0,False
2026-04-01 02:21:00+00:00,,,,,,,,0.91,0.91,,0.0,0,False
2026-04-01 02:21:30+00:00,,,,,,,,0.91,0.91,,0.0,0,False
2026-04-01 02:22:00+00:00,,,,,,,,0.91,0.91,,0.0,0,False
2026-04-01 02:22:30+00:00,,,,,,,,0.91,0.91,,0.0,0,False
2026-04-01 02:23:00+00:00,,,,,,,,0.91,0.91,,0.0,0,False
2026-04-01 02:23:30+00:00,,,,,,,,0.91,0.91,,0.0,0,False
2026-04-01 02:24:00+00:00,,,,,,,,0.91,0.91,,0.0,0,False
2026-04-01 02:24:30+00:00,,,,,,,,0.91,0.91,,0.0,0,False
2026-04-01 02:25:00+00:00,,,,,,,,0.91,0.91,,0.0,0,False
2026-04-01 02:25:30+00:00,,,,,,,,0.93,0.93,,1.0,1,False
2026-04-01 02:26:00+00:00,,,,,,,,0.93,0.93,,0.0,0,False
2026-04-01 02:26:30+00:00,,,,,,,,0.93,0.93,,0.0,0,False
2026-04-01 02:27:00+00:00,,,,,,,,0.93,0.93,,0.0,0,False
2026-04-01 02:27:30+00:00,,,,,,,,0.93,0.93,,0.0,0,False
2026-04-01 02:28:00+00:00,,,,,,,,0.93,0.93,,0.0,0,False
2026-04-01 02:28:30+00:00,,,,,,,,0.93,0.93,,0.0,0,False
2026-04-01 02:29:00+00:00,,,,,,,,0.93,0.93,,0.0,0,False
2026-04-01 02:29:30+00:00,,,,,,,,0.93,0.93,,0.0,0,False
2026-04-01 02:30:00+00:00,,,,,,,,0.93,0.93,,0.0,0,False
2026-04-01 02:30:30+00:00,,,,,,,,0.93,0.93,,0.0,0,False
2026-04-01 02:31:00+00:00,,,,,,,,0.93,0.93,,0.0,0,False
2026-04-01 02:31:30+00:00,,,,,,,,0.93,0.93,,0.0,0,False
2026-04-01 02:32:00+00:00,,,,,,,,0.93,0.93,,0.0,0,False
2026-04-01 02:32:30+00:00,,,,,,,,0.93,0.93,,0.0,0,False
2026-04-01 02:33:00+00:00,,,,,,,,0.93,0.93,,0.0,0,False
2026-04-01 02:33:30+00:00,,,,,,,,0.9166666666666666,0.93,,15.0,2,False
2026-04-01 02:34:00+00:00,,,,,,,,0.9100000000000001,0.91,,313.0,4,False
2026-04-01 02:34:30+00:00,,,,,,,,0.91,0.91,,41.0,1,False
2026-04-01 02:35:00+00:00,,,,,,,,0.9200000000000002,0.92,,5.0,1,False
2026-04-01 02:35:30+00:00,,,,,,,,0.91,0.91,,181.0,1,False
2026-04-01 02:36:00+00:00,,,,,,,,0.9099999999999999,0.91,,10.0,1,False
2026-04-01 02:36:30+00:00,,,,,,,,0.9099999999999999,0.91,,0.0,0,False
2026-04-01 02:37:00+00:00,,,,,,,,0.9099999999999999,0.91,,0.0,0,False
2026-04-01 02:37:30+00:00,,,,,,,,0.9101980198019802,0.93,,101.0,2,False
2026-04-01 02:38:00+00:00,,,,,,,,0.9099999999999999,0.91,,9.0,1,False
2026-04-01 02:38:30+00:00,,,,,,,,0.9099999999999999,0.91,,0.0,0,False
2026-04-01 02:39:00+00:00,,,,,,,,0.9099999999999999,0.91,,10.0,1,False
2026-04-01 02:39:30+00:00,,,,,,,,0.9099999999999999,0.91,,0.0,0,False
2026-04-01 02:40:00+00:00,,,,,,,,0.93,0.93,,105.0,1,False
2026-04-01 02:40:30+00:00,,,,,,,,0.93,0.93,,0.0,0,False
2026-04-01 02:41:00+00:00,,,,,,,,0.93,0.93,,0.0,0,False
2026-04-01 02:41:30+00:00,,,,,,,,0.93,0.93,,0.0,0,False
2026-04-01 02:42:00+00:00,,,,,,,,0.93,0.93,,0.0,0,False
2026-04-01 02:42:30+00:00,,,,,,,,0.93,0.93,,0.0,0,False
2026-04-01 02:43:00+00:00,,,,,,,,0.93,0.93,,0.0,0,False
2026-04-01 02:43:30+00:00,,,,,,,,0.93,0.93,,31.0,1,False
2026-04-01 02:44:00+00:00,,,,,,,,0.91,0.91,,15.0,1,False
2026-04-01 02:44:30+00:00,,,,,,,,0.91,0.91,,0.0,0,False
2026-04-01 02:45:00+00:00,,,,,,,,0.93,0.93,,1.0,1,False
2026-04-01 02:45:30+00:00,,,,,,,,0.93,0.93,,0.0,0,False
2026-04-01 02:46:00+00:00,,,,,,,,0.91,0.91,,83.0,1,False
2026-04-01 02:46:30+00:00,,,,,,,,0.91,0.91,,100.0,1,False
2026-04-01 02:47:00+00:00,,,,,,,,0.91,0.91,,0.0,0,False
2026-04-01 02:47:30+00:00,,,,,,,,0.91,0.91,,0.0,0,False
2026-04-01 02:48:00+00:00,,,,,,,,0.91,0.91,,0.0,0,False
2026-04-01 02:48:30+00:00,,,,,,,,0.93,0.93,,10.0,1,False
2026-04-01 02:49:00+00:00,,,,,,,,0.93,0.93,,0.0,0,False
2026-04-01 02:49:30+00:00,,,,,,,,0.93,0.93,,0.0,0,False
2026-04-01 02:50:00+00:00,,,,,,,,0.93,0.93,,0.0,0,False
2026-04-01 02:50:30+00:00,,,,,,,,0.91,0.91,,91.0,2,False
2026-04-01 02:51:00+00:00,,,,,,,,0.91,0.91,,0.0,0,False
2026-04-01 02:51:30+00:00,,,,,,,,0.91,0.91,,0.0,0,False
2026-04-01 02:52:00+00:00,,,,,,,,0.91,0.91,,0.0,0,False
2026-04-01 02:52:30+00:00,,,,,,,,0.91,0.91,,0.0,0,False
2026-04-01 02:53:00+00:00,,,,,,,,0.91,0.91,,0.0,0,False
2026-04-01 02:53:30+00:00,,,,,,,,0.91,0.91,,0.0,0,False
2026-04-01 02:54:00+00:00,,,,,,,,0.9099999999999999,0.91,,10.0,1,False
2026-04-01 02:54:30+00:00,,,,,,,,0.9099999999999999,0.91,,0.0,0,False
2026-04-01 02:55:00+00:00,,,,,,,,0.9099999999999999,0.91,,0.0,0,False
2026-04-01 02:55:30+00:00,,,,,,,,0.9099999999999999,0.91,,0.0,0,False
2026-04-01 02:56:00+00:00,,,,,,,,0.9099999999999999,0.91,,0.0,0,False
2026-04-01 02:56:30+00:00,,,,,,,,0.9099999999999999,0.91,,0.0,0,False
2026-04-01 02:57:00+00:00,,,,,,,,0.9099999999999999,0.91,,0.0,0,False
2026-04-01 02:57:30+00:00,,,,,,,,0.9099999999999999,0.91,,0.0,0,False
2026-04-01 02:58:00+00:00,,,,,,,,0.9099999999999999,0.91,,0.0,0,False
2026-04-01 02:58:30+00:00,,,,,,,,0.9099999999999999,0.91,,0.0,0,False
2026-04-01 02:59:00+00:00,,,,,,,,0.9099999999999999,0.91,,0.0,0,False
2026-04-01 02:59:30+00:00,,,,,,,,0.9099999999999999,0.91,,0.0,0,False
2026-04-01 03:00:00+00:00,,,,,,,,0.9099999999999999,0.91,,0.0,0,False
2026-04-01 03:00:30+00:00,,,,,,,,0.9099999999999999,0.91,,0.0,0,False
2026-04-01 03:01:00+00:00,,,,,,,,0.9299999999999999,0.93,,26.0,1,False
2026-04-01 03:01:30+00:00,,,,,,,,0.93,0.93,,4.0,1,False
2026-04-01 03:02:00+00:00,,,,,,,,0.93,0.93,,0.0,0,False
2026-04-01 03:02:30+00:00,,,,,,,,0.93,0.93,,1.0,1,False
2026-04-01 03:03:00+00:00,,,,,,,,0.93,0.93,,0.0,0,False
2026-04-01 03:03:30+00:00,,,,,,,,0.93,0.93,,0.0,0,False
2026-04-01 03:04:00+00:00,,,,,,,,0.93,0.93,,0.0,0,False
2026-04-01 03:04:30+00:00,,,,,,,,0.91,0.91,,2.0,1,False
2026-04-01 03:05:00+00:00,,,,,,,,0.91,0.91,,0.0,0,False
2026-04-01 03:05:30+00:00,,,,,,,,0.91,0.91,,0.0,0,False
2026-04-01 03:06:00+00:00,,,,,,,,0.91,0.91,,0.0,0,False
2026-04-01 03:06:30+00:00,,,,,,,,0.91,0.91,,0.0,0,False
2026-04-01 03:07:00+00:00,,,,,,,,0.91,0.91,,181.0,1,False
2026-04-01 03:07:30+00:00,,,,,,,,0.91,0.91,,0.0,0,False
2026-04-01 03:08:00+00:00,,,,,,,,0.91,0.91,,0.0,0,False
2026-04-01 03:08:30+00:00,,,,,,,,0.91,0.91,,0.0,0,False
2026-04-01 03:09:00+00:00,,,,,,,,0.91,0.91,,52.0,1,False
2026-04-01 03:09:30+00:00,,,,,,,,0.91,0.91,,0.0,0,False
2026-04-01 03:10:00+00:00,,,,,,,,0.91,0.91,,0.0,0,False
2026-04-01 03:10:30+00:00,,,,,,,,0.91,0.91,,0.0,0,False
2026-04-01 03:11:00+00:00,,,,,,,,0.91,0.91,,0.0,0,False
2026-04-01 03:11:30+00:00,,,,,,,,0.91,0.91,,0.0,0,False
2026-04-01 03:12:00+00:00,,,,,,,,0.91,0.91,,0.0,0,False
2026-04-01 03:12:30+00:00,,,,,,,,0.91,0.91,,27.0,1,False
2026-04-01 03:13:00+00:00,,,,,,,,0.91,0.91,,52.0,1,False
2026-04-01 03:13:30+00:00,,,,,,,,0.91,0.91,,0.0,0,False
2026-04-01 03:14:00+00:00,,,,,,,,0.91,0.91,,0.0,0,False
2026-04-01 03:14:30+00:00,,,,,,,,0.91,0.91,,7.0,1,False
2026-04-01 03:15:00+00:00,,,,,,,,0.91,0.91,,0.0,0,False
2026-04-01 03:15:30+00:00,,,,,,,,0.9104761904761905,0.91,,42.0,2,False
2026-04-01 03:16:00+00:00,,,,,,,,0.9104761904761905,0.91,,0.0,0,False
2026-04-01 03:16:30+00:00,,,,,,,,0.9104761904761905,0.91,,0.0,0,False
2026-04-01 03:17:00+00:00,,,,,,,,0.9104761904761905,0.91,,0.0,0,False
2026-04-01 03:17:30+00:00,,,,,,,,0.9104761904761905,0.91,,0.0,0,False
2026-04-01 03:18:00+00:00,,,,,,,,0.91,0.91,,261.0,1,False
2026-04-01 03:18:30+00:00,,,,,,,,0.91,0.91,,0.0,0,False
2026-04-01 03:19:00+00:00,,,,,,,,0.91,0.91,,0.0,0,False
2026-04-01 03:19:30+00:00,,,,,,,,0.91,0.91,,0.0,0,False
2026-04-01 03:20:00+00:00,,,,,,,,0.91,0.91,,0.0,0,False
2026-04-01 03:20:30+00:00,,,,,,,,0.91,0.91,,0.0,0,False
2026-04-01 03:21:00+00:00,,,,,,,,0.91,0.91,,0.0,0,False
2026-04-01 03:21:30+00:00,,,,,,,,0.91,0.91,,0.0,0,False
2026-04-01 03:22:00+00:00,,,,,,,,0.91,0.91,,0.0,0,False
2026-04-01 03:22:30+00:00,,,,,,,,0.92,0.92,,250.0,1,False
2026-04-01 03:23:00+00:00,,,,,,,,0.92,0.92,,0.0,0,False
2026-04-01 03:23:30+00:00,,,,,,,,0.92,0.92,,0.0,0,False
2026-04-01 03:24:00+00:00,,,,,,,,0.92,0.92,,0.0,0,False
2026-04-01 03:24:30+00:00,,,,,,,,0.92,0.92,,0.0,0,False
2026-04-01 03:25:00+00:00,,,,,,,,0.92,0.92,,11.0,1,False
2026-04-01 03:25:30+00:00,,,,,,,,0.92,0.92,,0.0,0,False
2026-04-01 03:26:00+00:00,,,,,,,,0.92,0.92,,0.0,0,False
2026-04-01 03:26:30+00:00,,,,,,,,0.92,0.92,,0.0,0,False
2026-04-01 03:27:00+00:00,,,,,,,,0.92,0.92,,0.0,0,False
2026-04-01 03:27:30+00:00,,,,,,,,0.92,0.92,,0.0,0,False
2026-04-01 03:28:00+00:00,,,,,,,,0.92,0.92,,0.0,0,False
2026-04-01 03:28:30+00:00,,,,,,,,0.93,0.93,,64.0,1,False
2026-04-01 03:29:00+00:00,,,,,,,,0.93,0.93,,0.0,0,False
2026-04-01 03:29:30+00:00,,,,,,,,0.93,0.93,,0.0,0,False
2026-04-01 03:30:00+00:00,,,,,,,,0.93,0.93,,0.0,0,False
2026-04-01 03:30:30+00:00,,,,,,,,0.93,0.93,,0.0,0,False
2026-04-01 03:31:00+00:00,,,,,,,,0.93,0.93,,0.0,0,False
2026-04-01 03:31:30+00:00,,,,,,,,0.93,0.93,,0.0,0,False
2026-04-01 03:32:00+00:00,,,,,,,,0.92,0.92,,21.0,1,False
2026-04-01 03:32:30+00:00,,,,,,,,0.92,0.92,,0.0,0,False
2026-04-01 03:33:00+00:00,,,,,,,,0.92,0.92,,0.0,0,False
2026-04-01 03:33:30+00:00,,,,,,,,0.92,0.92,,0.0,0,False
2026-04-01 03:34:00+00:00,,,,,,,,0.92,0.92,,0.0,0,False
2026-04-01 03:34:30+00:00,,,,,,,,0.92,0.92,,0.0,0,False
2026-04-01 03:35:00+00:00,,,,,,,,0.92,0.92,,0.0,0,False
2026-04-01 03:35:30+00:00,,,,,,,,0.92,0.92,,0.0,0,False
2026-04-01 03:36:00+00:00,,,,,,,,0.92,0.92,,0.0,0,False
2026-04-01 03:36:30+00:00,,,,,,,,0.92,0.92,,0.0,0,False
2026-04-01 03:37:00+00:00,,,,,,,,0.92,0.92,,0.0,0,False
2026-04-01 03:37:30+00:00,,,,,,,,0.92,0.92,,0.0,0,False
2026-04-01 03:38:00+00:00,,,,,,,,0.92,0.92,,0.0,0,False
2026-04-01 03:38:30+00:00,,,,,,,,0.92,0.92,,0.0,0,False
2026-04-01 03:39:00+00:00,,,,,,,,0.92,0.92,,0.0,0,False
2026-04-01 03:39:30+00:00,,,,,,,,0.92,0.92,,0.0,0,False
2026-04-01 03:40:00+00:00,,,,,,,,0.92,0.92,,62.0,2,False
2026-04-01 03:40:30+00:00,,,,,,,,0.9199999999999999,0.92,,132.0,2,False
2026-04-01 03:41:00+00:00,,,,,,,,0.9199999999999999,0.92,,0.0,0,False
2026-04-01 03:41:30+00:00,,,,,,,,0.9199999999999999,0.92,,0.0,0,False
2026-04-01 03:42:00+00:00,,,,,,,,0.9199999999999999,0.92,,0.0,0,False
2026-04-01 03:42:30+00:00,,,,,,,,0.9199999999999999,0.92,,0.0,0,False
2026-04-01 03:43:00+00:00,,,,,,,,0.92,0.92,,11.0,1,False
2026-04-01 03:43:30+00:00,,,,,,,,0.92,0.92,,0.0,0,False
2026-04-01 03:44:00+00:00,,,,,,,,0.92,0.92,,0.0,0,False
2026-04-01 03:44:30+00:00,,,,,,,,0.92,0.92,,0.0,0,False
2026-04-01 03:45:00+00:00,,,,,,,,0.92,0.92,,0.0,0,False
2026-04-01 03:45:30+00:00,,,,,,,,0.92,0.92,,0.0,0,False
2026-04-01 03:46:00+00:00,,,,,,,,0.92,0.92,,0.0,0,False
2026-04-01 03:46:30+00:00,,,,,,,,0.92,0.92,,0.0,0,False
2026-04-01 03:47:00+00:00,,,,,,,,0.9200000000000002,0.92,,20.0,1,False
2026-04-01 03:47:30+00:00,,,,,,,,0.9200000000000002,0.92,,0.0,0,False
2026-04-01 03:48:00+00:00,,,,,,,,0.9200000000000002,0.92,,0.0,0,False
2026-04-01 03:48:30+00:00,,,,,,,,0.9200000000000002,0.92,,0.0,0,False
2026-04-01 03:49:00+00:00,,,,,,,,0.9200000000000002,0.92,,0.0,0,False
2026-04-01 03:49:30+00:00,,,,,,,,0.9200000000000002,0.92,,0.0,0,False
2026-04-01 03:50:00+00:00,,,,,,,,0.9200000000000002,0.92,,0.0,0,False
2026-04-01 03:50:30+00:00,,,,,,,,0.9200000000000002,0.92,,0.0,0,False
2026-04-01 03:51:00+00:00,,,,,,,,0.92,0.92,,75.0,3,False
2026-04-01 03:51:30+00:00,,,,,,,,0.92,0.92,,0.0,0,False
2026-04-01 03:52:00+00:00,,,,,,,,0.93,0.93,,107.0,1,False
2026-04-01 03:52:30+00:00,,,,,,,,0.93,0.93,,0.0,0,False
2026-04-01 03:53:00+00:00,,,,,,,,0.93,0.93,,0.0,0,False
2026-04-01 03:53:30+00:00,,,,,,,,0.93,0.93,,0.0,0,False
2026-04-01 03:54:00+00:00,,,,,,,,0.93,0.93,,0.0,0,False
2026-04-01 03:54:30+00:00,,,,,,,,0.93,0.93,,0.0,0,False
2026-04-01 03:55:00+00:00,,,,,,,,0.93,0.93,,0.0,0,False
2026-04-01 03:55:30+00:00,,,,,,,,0.92,0.92,,150.0,1,False
2026-04-01 03:56:00+00:00,,,,,,,,0.92,0.92,,0.0,0,False
2026-04-01 03:56:30+00:00,,,,,,,,0.92,0.92,,0.0,0,False
2026-04-01 03:57:00+00:00,,,,,,,,0.92,0.92,,50.0,1,False
2026-04-01 03:57:30+00:00,,,,,,,,0.92,0.92,,0.0,0,False
2026-04-01 03:58:00+00:00,,,,,,,,0.92,0.92,,0.0,0,False
2026-04-01 03:58:30+00:00,,,,,,,,0.92,0.92,,0.0,0,False
2026-04-01 03:59:00+00:00,,,,,,,,0.93,0.93,,10.0,1,False
2026-04-01 03:59:30+00:00,,,,,,,,0.92,0.92,,16.0,1,False
2026-04-01 04:00:00+00:00,,,,,,,,0.92,0.92,,0.0,0,False
2026-04-01 04:00:30+00:00,,,,,,,,0.92,0.92,,1.0,1,False
2026-04-01 04:01:00+00:00,,,,,,,,0.92,0.92,,0.0,0,False
2026-04-01 04:01:30+00:00,,,,,,,,0.92,0.92,,0.0,0,False
2026-04-01 04:02:00+00:00,,,,,,,,0.92,0.92,,0.0,0,False
2026-04-01 04:02:30+00:00,,,,,,,,0.92,0.92,,0.0,0,False
2026-04-01 04:03:00+00:00,,,,,,,,0.92,0.92,,0.0,0,False
2026-04-01 04:03:30+00:00,,,,,,,,0.92,0.92,,21.0,1,False
2026-04-01 04:04:00+00:00,,,,,,,,0.93,0.93,,105.0,1,False
2026-04-01 04:04:30+00:00,,,,,,,,0.93,0.93,,0.0,0,False
2026-04-01 04:05:00+00:00,,,,,,,,0.93,0.93,,0.0,0,False
2026-04-01 04:05:30+00:00,,,,,,,,0.93,0.93,,0.0,0,False
2026-04-01 04:06:00+00:00,,,,,,,,0.93,0.93,,0.0,0,False
2026-04-01 04:06:30+00:00,,,,,,,,0.93,0.93,,0.0,0,False
2026-04-01 04:07:00+00:00,,,,,,,,0.93,0.93,,0.0,0,False
2026-04-01 04:07:30+00:00,,,,,,,,0.93,0.93,,0.0,0,False
2026-04-01 04:08:00+00:00,,,,,,,,0.93,0.93,,0.0,0,False
2026-04-01 04:08:30+00:00,,,,,,,,0.93,0.93,,0.0,0,False
2026-04-01 04:09:00+00:00,,,,,,,,0.93,0.93,,0.0,0,False
2026-04-01 04:09:30+00:00,,,,,,,,0.93,0.93,,0.0,0,False
2026-04-01 04:10:00+00:00,,,,,,,,0.9200000000000002,0.92,,9.0,1,False
2026-04-01 04:10:30+00:00,,,,,,,,0.9200000000000002,0.92,,5.0,1,False
2026-04-01 04:11:00+00:00,,,,,,,,0.92,0.92,,909.0,1,False
2026-04-01 04:11:30+00:00,,,,,,,,0.92,0.92,,0.0,0,False
2026-04-01 04:12:00+00:00,,,,,,,,0.92,0.92,,0.0,0,False
2026-04-01 04:12:30+00:00,,,,,,,,0.92,0.92,,0.0,0,False
2026-04-01 04:13:00+00:00,,,,,,,,0.92,0.92,,500.0,1,False
2026-04-01 04:13:30+00:00,,,,,,,,0.92,0.92,,0.0,0,False
2026-04-01 04:14:00+00:00,,,,,,,,0.92,0.92,,0.0,0,False
2026-04-01 04:14:30+00:00,,,,,,,,0.92,0.92,,0.0,0,False
2026-04-01 04:15:00+00:00,,,,,,,,0.92,0.92,,0.0,0,False
2026-04-01 04:15:30+00:00,,,,,,,,0.92,0.92,,0.0,0,False
2026-04-01 04:16:00+00:00,,,,,,,,0.93,0.93,,10.0,1,False
2026-04-01 04:16:30+00:00,,,,,,,,0.92,0.92,,35.0,1,False
2026-04-01 04:17:00+00:00,,,,,,,,0.92,0.92,,0.0,0,False
2026-04-01 04:17:30+00:00,,,,,,,,0.92,0.92,,0.0,0,False
2026-04-01 04:18:00+00:00,,,,,,,,0.92,0.92,,0.0,0,False
2026-04-01 04:18:30+00:00,,,,,,,,0.92,0.92,,1000.0,1,False
2026-04-01 04:19:00+00:00,,,,,,,,0.93,0.93,,1.0,1,False
2026-04-01 04:19:30+00:00,,,,,,,,0.93,0.93,,10.0,1,False
2026-04-01 04:20:00+00:00,,,,,,,,0.93,0.93,,0.0,0,False
2026-04-01 04:20:30+00:00,,,,,,,,0.93,0.93,,0.0,0,False
2026-04-01 04:21:00+00:00,,,,,,,,0.93,0.93,,16.0,1,False
2026-04-01 04:21:30+00:00,,,,,,,,0.93,0.93,,0.0,0,False
2026-04-01 04:22:00+00:00,,,,,,,,0.93,0.93,,0.0,0,False
2026-04-01 04:22:30+00:00,,,,,,,,0.92,0.92,,23.0,1,False
2026-04-01 04:23:00+00:00,,,,,,,,0.92,0.92,,0.0,0,False
2026-04-01 04:23:30+00:00,,,,,,,,0.92,0.92,,0.0,0,False
2026-04-01 04:24:00+00:00,,,,,,,,0.9199999999999999,0.92,,237.0,2,False
2026-04-01 04:24:30+00:00,,,,,,,,0.9199999999999999,0.92,,0.0,0,False
2026-04-01 04:25:00+00:00,,,,,,,,0.9199999999999999,0.92,,0.0,0,False
2026-04-01 04:25:30+00:00,,,,,,,,0.9199999999999999,0.92,,0.0,0,False
2026-04-01 04:26:00+00:00,,,,,,,,0.9199999999999999,0.92,,0.0,0,False
2026-04-01 04:26:30+00:00,,,,,,,,0.9199999999999999,0.92,,0.0,0,False
2026-04-01 04:27:00+00:00,,,,,,,,0.9199999999999999,0.92,,0.0,0,False
2026-04-01 04:27:30+00:00,,,,,,,,0.9199999999999999,0.92,,0.0,0,False
2026-04-01 04:28:00+00:00,,,,,,,,0.9199999999999999,0.92,,0.0,0,False
2026-04-01 04:28:30+00:00,,,,,,,,0.92,0.92,,152.0,1,False
2026-04-01 04:29:00+00:00,,,,,,,,0.92,0.92,,0.0,0,False
2026-04-01 04:29:30+00:00,,,,,,,,0.92,0.92,,0.0,0,False
2026-04-01 04:30:00+00:00,,,,,,,,0.92,0.92,,0.0,0,False
2026-04-01 04:30:30+00:00,,,,,,,,0.92,0.92,,0.0,0,False
2026-04-01 04:31:00+00:00,,,,,,,,0.92,0.92,,0.0,0,False
2026-04-01 04:31:30+00:00,,,,,,,,0.92,0.92,,0.0,0,False
2026-04-01 04:32:00+00:00,,,,,,,,0.92,0.92,,0.0,0,False
2026-04-01 04:32:30+00:00,,,,,,,,0.92,0.92,,50.0,1,False
2026-04-01 04:33:00+00:00,,,,,,,,0.92,0.92,,0.0,0,False
2026-04-01 04:33:30+00:00,,,,,,,,0.92,0.92,,0.0,0,False
2026-04-01 04:34:00+00:00,,,,,,,,0.92,0.92,,0.0,0,False
2026-04-01 04:34:30+00:00,,,,,,,,0.92,0.92,,0.0,0,False
2026-04-01 04:35:00+00:00,,,,,,,,0.92,0.92,,11.0,1,False
2026-04-01 04:35:30+00:00,,,,,,,,0.9242622950819672,0.92,,61.0,2,False
2026-04-01 04:36:00+00:00,,,,,,,,0.9242622950819672,0.92,,0.0,0,False
2026-04-01 04:36:30+00:00,,,,,,,,0.9242622950819672,0.92,,0.0,0,False
2026-04-01 04:37:00+00:00,,,,,,,,0.9242622950819672,0.92,,0.0,0,False
2026-04-01 04:37:30+00:00,,,,,,,,0.9242622950819672,0.92,,0.0,0,False
2026-04-01 04:38:00+00:00,,,,,,,,0.9242622950819672,0.92,,0.0,0,False
2026-04-01 04:38:30+00:00,,,,,,,,0.93,0.93,,10.0,1,False
2026-04-01 04:39:00+00:00,,,,,,,,0.93,0.93,,0.0,0,False
2026-04-01 04:39:30+00:00,,,,,,,,0.93,0.93,,0.0,0,False
2026-04-01 04:40:00+00:00,,,,,,,,0.93,0.93,,0.0,0,False
2026-04-01 04:40:30+00:00,,,,,,,,0.93,0.93,,0.0,0,False
2026-04-01 04:41:00+00:00,,,,,,,,0.93,0.93,,0.0,0,False
2026-04-01 04:41:30+00:00,,,,,,,,0.93,0.93,,0.0,0,False
2026-04-01 04:42:00+00:00,,,,,,,,0.93,0.93,,0.0,0,False
2026-04-01 04:42:30+00:00,,,,,,,,0.93,0.93,,0.0,0,False
2026-04-01 04:43:00+00:00,,,,,,,,0.93,0.93,,0.0,0,False
2026-04-01 04:43:30+00:00,,,,,,,,0.93,0.93,,0.0,0,False
2026-04-01 04:44:00+00:00,,,,,,,,0.93,0.93,,0.0,0,False
2026-04-01 04:44:30+00:00,,,,,,,,0.93,0.93,,0.0,0,False
2026-04-01 04:45:00+00:00,,,,,,,,0.92,0.92,,12.0,1,False
2026-04-01 04:45:30+00:00,,,,,,,,0.92,0.92,,0.0,0,False
2026-04-01 04:46:00+00:00,,,,,,,,0.92,0.92,,0.0,0,False
2026-04-01 04:46:30+00:00,,,,,,,,0.92,0.92,,0.0,0,False
2026-04-01 04:47:00+00:00,,,,,,,,0.93,0.93,,1.0,1,False
2026-04-01 04:47:30+00:00,,,,,,,,0.93,0.93,,2.0,1,False
2026-04-01 04:48:00+00:00,,,,,,,,0.93,0.93,,0.0,0,False
2026-04-01 04:48:30+00:00,,,,,,,,0.93,0.93,,0.0,0,False
2026-04-01 04:49:00+00:00,,,,,,,,0.93,0.93,,0.0,0,False
2026-04-01 04:49:30+00:00,,,,,,,,0.93,0.93,,0.0,0,False
2026-04-01 04:50:00+00:00,,,,,,,,0.93,0.93,,0.0,0,False
2026-04-01 04:50:30+00:00,,,,,,,,0.9200000000000002,0.92,,18.0,1,False
2026-04-01 04:51:00+00:00,,,,,,,,0.9200000000000002,0.92,,0.0,0,False
2026-04-01 04:51:30+00:00,,,,,,,,0.9200000000000002,0.92,,0.0,0,False
2026-04-01 04:52:00+00:00,,,,,,,,0.92,0.92,,50.0,1,False
2026-04-01 04:52:30+00:00,,,,,,,,0.92,0.92,,0.0,0,False
2026-04-01 04:53:00+00:00,,,,,,,,0.92,0.92,,0.0,0,False
2026-04-01 04:53:30+00:00,,,,,,,,0.92,0.92,,0.0,0,False
2026-04-01 04:54:00+00:00,,,,,,,,0.92,0.92,,0.0,0,False
2026-04-01 04:54:30+00:00,,,,,,,,0.9299999999999999,0.9299999999999999,,313.0,1,False
2026-04-01 04:55:00+00:00,,,,,,,,0.9299999999999999,0.9299999999999999,,0.0,0,False
2026-04-01 04:55:30+00:00,,,,,,,,0.9299999999999999,0.9299999999999999,,0.0,0,False
2026-04-01 04:56:00+00:00,,,,,,,,0.9299999999999999,0.9299999999999999,,0.0,0,False
2026-04-01 04:56:30+00:00,,,,,,,,0.9200000000000003,0.92,,38.0,2,False
2026-04-01 04:57:00+00:00,,,,,,,,0.9200000000000003,0.92,,0.0,0,False
2026-04-01 04:57:30+00:00,,,,,,,,0.93,0.93,,3.0,1,False
2026-04-01 04:58:00+00:00,,,,,,,,0.9299999999999999,0.93,,53.0,1,False
2026-04-01 04:58:30+00:00,,,,,,,,0.9299999999999999,0.93,,0.0,0,False
2026-04-01 04:59:00+00:00,,,,,,,,0.9201219512195122,0.92,,82.0,3,False
2026-04-01 04:59:30+00:00,,,,,,,,0.9200000000000002,0.92,,9.0,1,False
2026-04-01 05:00:00+00:00,,,,,,,,0.9200000000000002,0.92,,0.0,0,False
2026-04-01 05:00:30+00:00,,,,,,,,0.9200000000000002,0.92,,0.0,0,False
2026-04-01 05:01:00+00:00,,,,,,,,0.9200000000000002,0.92,,0.0,0,False
2026-04-01 05:01:30+00:00,,,,,,,,0.9200000000000002,0.92,,0.0,0,False
2026-04-01 05:02:00+00:00,,,,,,,,0.9200000000000002,0.92,,0.0,0,False
2026-04-01 05:02:30+00:00,,,,,,,,0.92,0.92,,50.0,1,False
2026-04-01 05:03:00+00:00,,,,,,,,0.92,0.92,,0.0,0,False
2026-04-01 05:03:30+00:00,,,,,,,,0.92,0.92,,234.0,1,False
2026-04-01 05:04:00+00:00,,,,,,,,0.92,0.92,,0.0,0,False
2026-04-01 05:04:30+00:00,,,,,,,,0.92,0.92,,0.0,0,False
2026-04-01 05:05:00+00:00,,,,,,,,0.92,0.92,,0.0,0,False
2026-04-01 05:05:30+00:00,,,,,,,,0.92,0.92,,0.0,0,False
2026-04-01 05:06:00+00:00,,,,,,,,0.92,0.92,,0.0,0,False
2026-04-01 05:06:30+00:00,,,,,,,,0.92,0.92,,35.0,1,False
2026-04-01 05:07:00+00:00,,,,,,,,0.92,0.92,,0.0,0,False
2026-04-01 05:07:30+00:00,,,,,,,,0.92,0.92,,0.0,0,False
2026-04-01 05:08:00+00:00,,,,,,,,0.9239690721649485,0.92,,194.0,2,False
2026-04-01 05:08:30+00:00,,,,,,,,0.9239690721649485,0.92,,0.0,0,False
2026-04-01 05:09:00+00:00,,,,,,,,0.92,0.92,,23.0,1,False
2026-04-01 05:09:30+00:00,,,,,,,,0.92,0.92,,0.0,0,False
2026-04-01 05:10:00+00:00,,,,,,,,0.92,0.92,,0.0,0,False
2026-04-01 05:10:30+00:00,,,,,,,,0.92,0.92,,0.0,0,False
2026-04-01 05:11:00+00:00,,,,,,,,0.9200000000000002,0.92,,10.0,1,False
2026-04-01 05:11:30+00:00,,,,,,,,0.92,0.92,,50.0,1,False
2026-04-01 05:12:00+00:00,,,,,,,,0.92,0.92,,0.0,0,False
2026-04-01 05:12:30+00:00,,,,,,,,0.93,0.93,,1.0,1,False
2026-04-01 05:13:00+00:00,,,,,,,,0.93,0.93,,0.0,0,False
2026-04-01 05:13:30+00:00,,,,,,,,0.93,0.93,,0.0,0,False
2026-04-01 05:14:00+00:00,,,,,,,,0.92,0.92,,200.0,1,False
2026-04-01 05:14:30+00:00,,,,,,,,0.92,0.92,,0.0,0,False
2026-04-01 05:15:00+00:00,,,,,,,,0.92,0.92,,0.0,0,False
2026-04-01 05:15:30+00:00,,,,,,,,0.92,0.92,,0.0,0,False
2026-04-01 05:16:00+00:00,,,,,,,,0.92,0.92,,0.0,0,False
2026-04-01 05:16:30+00:00,,,,,,,,0.92,0.92,,0.0,0,False
2026-04-01 05:17:00+00:00,,,,,,,,0.92,0.92,,88.0,2,False
2026-04-01 05:17:30+00:00,,,,,,,,0.92,0.92,,30.0,1,False
2026-04-01 05:18:00+00:00,,,,,,,,0.92,0.92,,0.0,0,False
2026-04-01 05:18:30+00:00,,,,,,,,0.92,0.92,,0.0,0,False
2026-04-01 05:19:00+00:00,,,,,,,,0.92,0.92,,0.0,0,False
2026-04-01 05:19:30+00:00,,,,,,,,0.92,0.92,,0.0,0,False
2026-04-01 05:20:00+00:00,,,,,,,,0.92,0.92,,58.0,1,False
2026-04-01 05:20:30+00:00,,,,,,,,0.92,0.92,,0.0,0,False
2026-04-01 05:21:00+00:00,,,,,,,,0.92,0.92,,0.0,0,False
2026-04-01 05:21:30+00:00,,,,,,,,0.93,0.93,,321.0,1,False
2026-04-01 05:22:00+00:00,,,,,,,,0.9200000000000002,0.92,,2348.0,1,False
2026-04-01 05:22:30+00:00,,,,,,,,0.9200000000000002,0.92,,0.0,0,False
2026-04-01 05:23:00+00:00,,,,,,,,0.9200000000000002,0.92,,0.0,0,False
2026-04-01 05:23:30+00:00,,,,,,,,0.9200000000000002,0.92,,0.0,0,False
2026-04-01 05:24:00+00:00,,,,,,,,0.9200000000000002,0.92,,0.0,0,False
2026-04-01 05:24:30+00:00,,,,,,,,0.9200000000000002,0.92,,0.0,0,False
2026-04-01 05:25:00+00:00,,,,,,,,0.9200000000000002,0.92,,18.0,1,False
2026-04-01 05:25:30+00:00,,,,,,,,0.9200909090909092,0.92,,220.0,3,False
2026-04-01 05:26:00+00:00,,,,,,,,0.92,0.92,,23.0,1,False
2026-04-01 05:26:30+00:00,,,,,,,,0.92,0.92,,0.0,0,False
2026-04-01 05:27:00+00:00,,,,,,,,0.92,0.92,,0.0,0,False
2026-04-01 05:27:30+00:00,,,,,,,,0.92,0.92,,0.0,0,False
2026-04-01 05:28:00+00:00,,,,,,,,0.92,0.92,,0.0,0,False
2026-04-01 05:28:30+00:00,,,,,,,,0.92,0.92,,85.0,2,False
2026-04-01 05:29:00+00:00,,,,,,,,0.93,0.93,,1.0,1,False
2026-04-01 05:29:30+00:00,,,,,,,,0.93,0.93,,0.0,0,False
2026-04-01 05:30:00+00:00,,,,,,,,0.92,0.92,,158.0,2,False
2026-04-01 05:30:30+00:00,,,,,,,,0.92,0.92,,1511.0,2,False
2026-04-01 05:31:00+00:00,,,,,,,,0.92,0.92,,111.0,2,False
2026-04-01 05:31:30+00:00,,,,,,,,0.92,0.92,,93.0,2,False
2026-04-01 05:32:00+00:00,,,,,,,,0.92,0.92,,0.0,0,False
2026-04-01 05:32:30+00:00,,,,,,,,0.92,0.92,,0.0,0,False
2026-04-01 05:33:00+00:00,,,,,,,,0.93,0.93,,107.0,1,False
2026-04-01 05:33:30+00:00,,,,,,,,0.92,0.92,,76.0,2,False
2026-04-01 05:34:00+00:00,,,,,,,,0.92,0.92,,0.0,0,False
2026-04-01 05:34:30+00:00,,,,,,,,0.92,0.92,,234.0,1,False
2026-04-01 05:35:00+00:00,,,,,,,,0.92,0.92,,0.0,0,False
2026-04-01 05:35:30+00:00,,,,,,,,0.92,0.92,,0.0,0,False
2026-04-01 05:36:00+00:00,,,,,,,,0.92,0.92,,0.0,0,False
2026-04-01 05:36:30+00:00,,,,,,,,0.92,0.92,,0.0,0,False
2026-04-01 05:37:00+00:00,,,,,,,,0.92,0.92,,0.0,0,False
2026-04-01 05:37:30+00:00,,,,,,,,0.92,0.92,,0.0,0,False
2026-04-01 05:38:00+00:00,,,,,,,,0.92,0.92,,0.0,0,False
2026-04-01 05:38:30+00:00,,,,,,,,0.92,0.92,,0.0,0,False
2026-04-01 05:39:00+00:00,,,,,,,,0.92,0.92,,19.0,1,False
2026-04-01 05:39:30+00:00,,,,,,,,0.9295111111111112,0.92,,225.0,2,False
2026-04-01 05:40:00+00:00,,,,,,,,0.9295111111111112,0.92,,0.0,0,False
2026-04-01 05:40:30+00:00,,,,,,,,0.9295111111111112,0.92,,0.0,0,False
2026-04-01 05:41:00+00:00,,,,,,,,0.9295111111111112,0.92,,0.0,0,False
2026-04-01 05:41:30+00:00,,,,,,,,0.9295111111111112,0.92,,0.0,0,False
2026-04-01 05:42:00+00:00,,,,,,,,0.9295111111111112,0.92,,0.0,0,False
2026-04-01 05:42:30+00:00,,,,,,,,0.9295111111111112,0.92,,0.0,0,False
2026-04-01 05:43:00+00:00,,,,,,,,0.93,0.93,,2.0,1,False
2026-04-01 05:43:30+00:00,,,,,,,,0.93,0.93,,0.0,0,False
2026-04-01 05:44:00+00:00,,,,,,,,0.92,0.92,,78.0,2,False
2026-04-01 05:44:30+00:00,,,,,,,,0.92,0.92,,0.0,0,False
2026-04-01 05:45:00+00:00,,,,,,,,0.92,0.92,,0.0,0,False
2026-04-01 05:45:30+00:00,,,,,,,,0.92,0.92,,0.0,0,False
2026-04-01 05:46:00+00:00,,,,,,,,0.92,0.92,,0.0,0,False
2026-04-01 05:46:30+00:00,,,,,,,,0.92,0.92,,0.0,0,False
2026-04-01 05:47:00+00:00,,,,,,,,0.92,0.92,,0.0,0,False
2026-04-01 05:47:30+00:00,,,,,,,,0.92,0.92,,0.0,0,False
2026-04-01 05:48:00+00:00,,,,,,,,0.92,0.92,,0.0,0,False
2026-04-01 05:48:30+00:00,,,,,,,,0.92,0.92,,150.0,1,False
2026-04-01 05:49:00+00:00,,,,,,,,0.9199999999999999,0.92,,210.0,2,False
2026-04-01 05:49:30+00:00,,,,,,,,0.92,0.92,,100.0,1,False
2026-04-01 05:50:00+00:00,,,,,,,,0.92,0.92,,0.0,0,False
2026-04-01 05:50:30+00:00,,,,,,,,0.92,0.92,,23.0,1,False
2026-04-01 05:51:00+00:00,,,,,,,,0.92,0.92,,0.0,0,False
2026-04-01 05:51:30+00:00,,,,,,,,0.93,0.93,,1.0,1,False
2026-04-01 05:52:00+00:00,,,,,,,,0.93,0.93,,0.0,0,False
2026-04-01 05:52:30+00:00,,,,,,,,0.93,0.93,,0.0,0,False
2026-04-01 05:53:00+00:00,,,,,,,,0.93,0.93,,0.0,0,False
2026-04-01 05:53:30+00:00,,,,,,,,0.93,0.93,,0.0,0,False
2026-04-01 05:54:00+00:00,,,,,,,,0.93,0.93,,10.0,1,False
2026-04-01 05:54:30+00:00,,,,,,,,0.93,0.93,,0.0,0,False
2026-04-01 05:55:00+00:00,,,,,,,,0.92,0.92,,93.0,1,False
2026-04-01 05:55:30+00:00,,,,,,,,0.92,0.92,,199.0,1,False
2026-04-01 05:56:00+00:00,,,,,,,,0.92,0.92,,0.0,0,False
2026-04-01 05:56:30+00:00,,,,,,,,0.9200000000000002,0.92,,20.0,1,False
2026-04-01 05:57:00+00:00,,,,,,,,0.9200000000000002,0.92,,0.0,0,False
2026-04-01 05:57:30+00:00,,,,,,,,0.9200000000000002,0.92,,0.0,0,False
2026-04-01 05:58:00+00:00,,,,,,,,0.9200000000000002,0.92,,0.0,0,False
2026-04-01 05:58:30+00:00,,,,,,,,0.9200000000000002,0.92,,0.0,0,False
2026-04-01 05:59:00+00:00,,,,,,,,0.9200000000000002,0.92,,0.0,0,False
2026-04-01 05:59:30+00:00,,,,,,,,0.9200000000000002,0.92,,0.0,0,False
2026-04-01 06:00:00+00:00,,,,,,,,0.9200000000000002,0.92,,0.0,0,False
2026-04-01 06:00:30+00:00,,,,,,,,0.9200000000000002,0.92,,0.0,0,False
2026-04-01 06:01:00+00:00,,,,,,,,0.9200000000000002,0.92,,0.0,0,False
2026-04-01 06:01:30+00:00,,,,,,,,0.92,0.92,,15.0,1,False
2026-04-01 06:02:00+00:00,,,,,,,,0.9259259259259259,0.93,,27.0,2,False
2026-04-01 06:02:30+00:00,,,,,,,,0.9259259259259259,0.93,,0.0,0,False
2026-04-01 06:03:00+00:00,,,,,,,,0.9259259259259259,0.93,,0.0,0,False
2026-04-01 06:03:30+00:00,,,,,,,,0.9201069518716578,0.92,,187.0,4,False
2026-04-01 06:04:00+00:00,,,,,,,,0.93,0.93,,1.0,1,False
2026-04-01 06:04:30+00:00,,,,,,,,0.93,0.93,,0.0,0,False
2026-04-01 06:05:00+00:00,,,,,,,,0.93,0.93,,1.0,1,False
2026-04-01 06:05:30+00:00,,,,,,,,0.92,0.92,,35.0,1,False
2026-04-01 06:06:00+00:00,,,,,,,,0.92,0.92,,0.0,0,False
2026-04-01 06:06:30+00:00,,,,,,,,0.92,0.92,,0.0,0,False
2026-04-01 06:07:00+00:00,,,,,,,,0.9275352112676057,0.92,,142.0,2,False
2026-04-01 06:07:30+00:00,,,,,,,,0.9275352112676057,0.92,,0.0,0,False
2026-04-01 06:08:00+00:00,,,,,,,,0.9275352112676057,0.92,,0.0,0,False
2026-04-01 06:08:30+00:00,,,,,,,,0.9300000000000002,0.93,,170.0,2,False
2026-04-01 06:09:00+00:00,,,,,,,,0.9300000000000002,0.93,,0.0,0,False
2026-04-01 06:09:30+00:00,,,,,,,,0.9300000000000002,0.93,,0.0,0,False
2026-04-01 06:10:00+00:00,,,,,,,,0.92,0.92,,4.0,1,False
2026-04-01 06:10:30+00:00,,,,,,,,0.92,0.92,,0.0,0,False
2026-04-01 06:11:00+00:00,,,,,,,,0.92,0.92,,0.0,0,False
2026-04-01 06:11:30+00:00,,,,,,,,0.92,0.92,,0.0,0,False
2026-04-01 06:12:00+00:00,,,,,,,,0.92,0.92,,0.0,0,False
2026-04-01 06:12:30+00:00,,,,,,,,0.92,0.92,,0.0,0,False
2026-04-01 06:13:00+00:00,,,,,,,,0.92,0.92,,0.0,0,False
2026-04-01 06:13:30+00:00,,,,,,,,0.92,0.92,,0.0,0,False
2026-04-01 06:14:00+00:00,,,,,,,,0.92,0.92,,0.0,0,False
2026-04-01 06:14:30+00:00,,,,,,,,0.92,0.92,,0.0,0,False
2026-04-01 06:15:00+00:00,,,,,,,,0.92,0.92,,55.0,2,False
2026-04-01 06:15:30+00:00,,,,,,,,0.92,0.92,,0.0,0,False
2026-04-01 06:16:00+00:00,,,,,,,,0.92,0.92,,0.0,0,False
2026-04-01 06:16:30+00:00,,,,,,,,0.92,0.92,,0.0,0,False
2026-04-01 06:17:00+00:00,,,,,,,,0.9200000000000002,0.92,,10.0,1,False
2026-04-01 06:17:30+00:00,,,,,,,,0.9200000000000002,0.92,,0.0,0,False
2026-04-01 06:18:00+00:00,,,,,,,,0.9200000000000002,0.92,,0.0,0,False
2026-04-01 06:18:30+00:00,,,,,,,,0.9200000000000002,0.92,,0.0,0,False
2026-04-01 06:19:00+00:00,,,,,,,,0.92,0.92,,1.0,1,False
2026-04-01 06:19:30+00:00,,,,,,,,0.92,0.92,,0.0,0,False
2026-04-01 06:20:00+00:00,,,,,,,,0.93,0.93,,475.0,1,False
2026-04-01 06:20:30+00:00,,,,,,,,0.93,0.93,,0.0,0,False
2026-04-01 06:21:00+00:00,,,,,,,,0.92,0.92,,500.0,1,False
2026-04-01 06:21:30+00:00,,,,,,,,0.92,0.92,,500.0,1,False
2026-04-01 06:22:00+00:00,,,,,,,,0.92,0.92,,0.0,0,False
2026-04-01 06:22:30+00:00,,,,,,,,0.92,0.92,,0.0,0,False
2026-04-01 06:23:00+00:00,,,,,,,,0.92,0.92,,0.0,0,False
2026-04-01 06:23:30+00:00,,,,,,,,0.92,0.92,,0.0,0,False
2026-04-01 06:24:00+00:00,,,,,,,,0.92,0.92,,0.0,0,False
2026-04-01 06:24:30+00:00,,,,,,,,0.93,0.93,,10.0,1,False
2026-04-01 06:25:00+00:00,,,,,,,,0.92,0.92,,500.0,1,False
2026-04-01 06:25:30+00:00,,,,,,,,0.92,0.92,,0.0,0,False
2026-04-01 06:26:00+00:00,,,,,,,,0.9199999999999999,0.92,,45.0,1,False
2026-04-01 06:26:30+00:00,,,,,,,,0.9199999999999999,0.92,,0.0,0,False
2026-04-01 06:27:00+00:00,,,,,,,,0.9199999999999999,0.92,,0.0,0,False
2026-04-01 06:27:30+00:00,,,,,,,,0.9199999999999999,0.92,,0.0,0,False
2026-04-01 06:28:00+00:00,,,,,,,,0.9199999999999999,0.92,,0.0,0,False
2026-04-01 06:28:30+00:00,,,,,,,,0.92,0.92,,50.0,1,False
2026-04-01 06:29:00+00:00,,,,,,,,0.92,0.92,,0.0,0,False
2026-04-01 06:29:30+00:00,,,,,,,,0.92,0.92,,0.0,0,False
2026-04-01 06:30:00+00:00,,,,,,,,0.92,0.92,,0.0,0,False
2026-04-01 06:30:30+00:00,,,,,,,,0.92,0.92,,0.0,0,False
2026-04-01 06:31:00+00:00,,,,,,,,0.92,0.92,,0.0,0,False
2026-04-01 06:31:30+00:00,,,,,,,,0.92,0.92,,0.0,0,False
2026-04-01 06:32:00+00:00,,,,,,,,0.92,0.92,,0.0,0,False
2026-04-01 06:32:30+00:00,,,,,,,,0.92,0.92,,0.0,0,False
2026-04-01 06:33:00+00:00,,,,,,,,0.9299999999999999,0.93,,53.0,1,False
2026-04-01 06:33:30+00:00,,,,,,,,0.9199999999999999,0.92,,107.0,3,False
2026-04-01 06:34:00+00:00,,,,,,,,0.9290909090909092,0.93,,11.0,3,False
2026-04-01 06:34:30+00:00,,,,,,,,0.9290909090909092,0.93,,0.0,0,False
2026-04-01 06:35:00+00:00,,,,,,,,0.9290909090909092,0.93,,0.0,0,False
2026-04-01 06:35:30+00:00,,,,,,,,0.9290909090909092,0.93,,0.0,0,False
2026-04-01 06:36:00+00:00,,,,,,,,0.9290909090909092,0.93,,0.0,0,False
2026-04-01 06:36:30+00:00,,,,,,,,0.9290909090909092,0.93,,0.0,0,False
2026-04-01 06:37:00+00:00,,,,,,,,0.9290909090909092,0.93,,0.0,0,False
2026-04-01 06:37:30+00:00,,,,,,,,0.9290909090909092,0.93,,0.0,0,False
2026-04-01 06:38:00+00:00,,,,,,,,0.9290909090909092,0.93,,0.0,0,False
2026-04-01 06:38:30+00:00,,,,,,,,0.92,0.92,,39.0,1,False
2026-04-01 06:39:00+00:00,,,,,,,,0.92,0.92,,0.0,0,False
2026-04-01 06:39:30+00:00,,,,,,,,0.93,0.93,,5.0,1,False
2026-04-01 06:40:00+00:00,,,,,,,,0.93,0.93,,0.0,0,False
2026-04-01 06:40:30+00:00,,,,,,,,0.93,0.93,,0.0,0,False
2026-04-01 06:41:00+00:00,,,,,,,,0.92,0.92,,23.0,1,False
2026-04-01 06:41:30+00:00,,,,,,,,0.92,0.92,,17.0,1,False
2026-04-01 06:42:00+00:00,,,,,,,,0.92,0.92,,0.0,0,False
2026-04-01 06:42:30+00:00,,,,,,,,0.92,0.92,,0.0,0,False
2026-04-01 06:43:00+00:00,,,,,,,,0.92,0.92,,0.0,0,False
2026-04-01 06:43:30+00:00,,,,,,,,0.92,0.92,,0.0,0,False
2026-04-01 06:44:00+00:00,,,,,,,,0.92,0.92,,0.0,0,False
2026-04-01 06:44:30+00:00,,,,,,,,0.92,0.92,,0.0,0,False
2026-04-01 06:45:00+00:00,,,,,,,,0.92,0.92,,0.0,0,False
2026-04-01 06:45:30+00:00,,,,,,,,0.92,0.92,,0.0,0,False
2026-04-01 06:46:00+00:00,,,,,,,,0.92,0.92,,0.0,0,False
2026-04-01 06:46:30+00:00,,,,,,,,0.92,0.92,,0.0,0,False
2026-04-01 06:47:00+00:00,,,,,,,,0.92,0.92,,0.0,0,False
2026-04-01 06:47:30+00:00,,,,,,,,0.92,0.92,,11.0,1,False
2026-04-01 06:48:00+00:00,,,,,,,,0.92,0.92,,0.0,0,False
2026-04-01 06:48:30+00:00,,,,,,,,0.92,0.92,,0.0,0,False
2026-04-01 06:49:00+00:00,,,,,,,,0.92,0.92,,0.0,0,False
2026-04-01 06:49:30+00:00,,,,,,,,0.9209210526315791,0.93,,76.0,2,False
2026-04-01 06:50:00+00:00,,,,,,,,0.9200000000000002,0.92,,45.0,2,False
2026-04-01 06:50:30+00:00,,,,,,,,0.92,0.92,,57.0,1,False
2026-04-01 06:51:00+00:00,,,,,,,,0.92,0.92,,0.0,0,False
2026-04-01 06:51:30+00:00,,,,,,,,0.9204545454545454,0.92,,22.0,3,False
2026-04-01 06:52:00+00:00,,,,,,,,0.9204545454545454,0.92,,0.0,0,False
2026-04-01 06:52:30+00:00,,,,,,,,0.9200000000000002,0.92,,5.0,1,False
2026-04-01 06:53:00+00:00,,,,,,,,0.9200000000000002,0.92,,0.0,0,False
2026-04-01 06:53:30+00:00,,,,,,,,0.9200000000000002,0.92,,0.0,0,False
2026-04-01 06:54:00+00:00,,,,,,,,0.9200000000000002,0.92,,0.0,0,False
2026-04-01 06:54:30+00:00,,,,,,,,0.9200000000000002,0.92,,0.0,0,False
2026-04-01 06:55:00+00:00,,,,,,,,0.9200000000000002,0.92,,49.0,1,False
2026-04-01 06:55:30+00:00,,,,,,,,0.9200000000000002,0.92,,20.0,1,False
2026-04-01 06:56:00+00:00,,,,,,,,0.9200000000000002,0.92,,0.0,0,False
2026-04-01 06:56:30+00:00,,,,,,,,0.9200000000000002,0.92,,0.0,0,False
2026-04-01 06:57:00+00:00,,,,,,,,0.9200000000000002,0.92,,0.0,0,False
2026-04-01 06:57:30+00:00,,,,,,,,0.9200000000000002,0.92,,0.0,0,False
2026-04-01 06:58:00+00:00,,,,,,,,0.9200000000000002,0.92,,0.0,0,False
2026-04-01 06:58:30+00:00,,,,,,,,0.9200000000000002,0.92,,0.0,0,False
2026-04-01 06:59:00+00:00,,,,,,,,0.9200000000000002,0.92,,0.0,0,False
2026-04-01 06:59:30+00:00,,,,,,,,0.9200000000000002,0.92,,0.0,0,False
2026-04-01 07:00:00+00:00,,,,,,,,0.9200000000000002,0.92,,0.0,0,False
2026-04-01 07:00:30+00:00,,,,,,,,0.9299999999999999,0.9299999999999999,,85.0,1,False
2026-04-01 07:01:00+00:00,,,,,,,,0.9299999999999999,0.9299999999999999,,0.0,0,False
2026-04-01 07:01:30+00:00,,,,,,,,0.9299999999999999,0.9299999999999999,,0.0,0,False
2026-04-01 07:02:00+00:00,,,,,,,,0.9299999999999999,0.9299999999999999,,0.0,0,False
2026-04-01 07:02:30+00:00,,,,,,,,0.9299999999999999,0.9299999999999999,,0.0,0,False
2026-04-01 07:03:00+00:00,,,,,,,,0.9299999999999999,0.9299999999999999,,0.0,0,False
2026-04-01 07:03:30+00:00,,,,,,,,0.9299999999999999,0.9299999999999999,,0.0,0,False
2026-04-01 07:04:00+00:00,,,,,,,,0.9299999999999999,0.9299999999999999,,0.0,0,False
2026-04-01 07:04:30+00:00,,,,,,,,0.9299999999999999,0.9299999999999999,,0.0,0,False
2026-04-01 07:05:00+00:00,,,,,,,,0.9299999999999999,0.9299999999999999,,0.0,0,False
2026-04-01 07:05:30+00:00,,,,,,,,0.93,0.93,,78.0,1,False
2026-04-01 07:06:00+00:00,,,,,,,,0.93,0.93,,0.0,0,False
2026-04-01 07:06:30+00:00,,,,,,,,0.93,0.93,,0.0,0,False
2026-04-01 07:07:00+00:00,,,,,,,,0.93,0.93,,0.0,0,False
2026-04-01 07:07:30+00:00,,,,,,,,0.93,0.93,,0.0,0,False
2026-04-01 07:08:00+00:00,,,,,,,,0.93,0.93,,0.0,0,False
2026-04-01 07:08:30+00:00,,,,,,,,0.93,0.93,,0.0,0,False
2026-04-01 07:09:00+00:00,,,,,,,,0.93,0.93,,0.0,0,False
2026-04-01 07:09:30+00:00,,,,,,,,0.93,0.93,,0.0,0,False
2026-04-01 07:10:00+00:00,,,,,,,,0.93,0.93,,0.0,0,False
2026-04-01 07:10:30+00:00,,,,,,,,0.93,0.93,,0.0,0,False
2026-04-01 07:11:00+00:00,,,,,,,,0.93,0.93,,0.0,0,False
2026-04-01 07:11:30+00:00,,,,,,,,0.93,0.93,,0.0,0,False
2026-04-01 07:12:00+00:00,,,,,,,,0.93,0.93,,0.0,0,False
2026-04-01 07:12:30+00:00,,,,,,,,0.93,0.93,,0.0,0,False
2026-04-01 07:13:00+00:00,,,,,,,,0.93,0.93,,0.0,0,False
2026-04-01 07:13:30+00:00,,,,,,,,0.93,0.93,,58.0,1,False
2026-04-01 07:14:00+00:00,,,,,,,,0.93,0.93,,0.0,0,False
2026-04-01 07:14:30+00:00,,,,,,,,0.93,0.93,,0.0,0,False
2026-04-01 07:15:00+00:00,,,,,,,,0.9200000000000002,0.92,,20.0,2,False
2026-04-01 07:15:30+00:00,,,,,,,,0.92,0.92,,23.0,1,False
2026-04-01 07:16:00+00:00,,,,,,,,0.92,0.92,,0.0,0,False
2026-04-01 07:16:30+00:00,,,,,,,,0.92,0.92,,0.0,0,False
2026-04-01 07:17:00+00:00,,,,,,,,0.92,0.92,,0.0,0,False
2026-04-01 07:17:30+00:00,,,,,,,,0.93,0.93,,10.0,1,False
2026-04-01 07:18:00+00:00,,,,,,,,0.93,0.93,,0.0,0,False
2026-04-01 07:18:30+00:00,,,,,,,,0.93,0.93,,0.0,0,False
2026-04-01 07:19:00+00:00,,,,,,,,0.9200000000000002,0.92,,9.0,1,False
2026-04-01 07:19:30+00:00,,,,,,,,0.9200000000000002,0.92,,10.0,1,False
2026-04-01 07:20:00+00:00,,,,,,,,0.9200000000000002,0.92,,0.0,0,False
2026-04-01 07:20:30+00:00,,,,,,,,0.9200000000000002,0.92,,0.0,0,False
2026-04-01 07:21:00+00:00,,,,,,,,0.9200000000000002,0.92,,0.0,0,False
2026-04-01 07:21:30+00:00,,,,,,,,0.9200000000000002,0.92,,0.0,0,False
2026-04-01 07:22:00+00:00,,,,,,,,0.9200000000000002,0.92,,0.0,0,False
2026-04-01 07:22:30+00:00,,,,,,,,0.9200000000000002,0.92,,0.0,0,False
2026-04-01 07:23:00+00:00,,,,,,,,0.9200000000000002,0.92,,0.0,0,False
2026-04-01 07:23:30+00:00,,,,,,,,0.9200000000000002,0.92,,0.0,0,False
2026-04-01 07:24:00+00:00,,,,,,,,0.9200000000000002,0.92,,0.0,0,False
2026-04-01 07:24:30+00:00,,,,,,,,0.9200000000000002,0.92,,0.0,0,False
2026-04-01 07:25:00+00:00,,,,,,,,0.9254545454545454,0.93,,11.0,3,False
2026-04-01 07:25:30+00:00,,,,,,,,0.9254545454545454,0.93,,0.0,0,False
2026-04-01 07:26:00+00:00,,,,,,,,0.9254545454545454,0.93,,0.0,0,False
2026-04-01 07:26:30+00:00,,,,,,,,0.9254545454545454,0.93,,0.0,0,False
2026-04-01 07:27:00+00:00,,,,,,,,0.9254545454545454,0.93,,0.0,0,False
2026-04-01 07:27:30+00:00,,,,,,,,0.9254545454545454,0.93,,0.0,0,False
2026-04-01 07:28:00+00:00,,,,,,,,0.9254545454545454,0.93,,0.0,0,False
2026-04-01 07:28:30+00:00,,,,,,,,0.9254545454545454,0.93,,0.0,0,False
2026-04-01 07:29:00+00:00,,,,,,,,0.93,0.93,,5.0,1,False
2026-04-01 07:29:30+00:00,,,,,,,,0.93,0.93,,0.0,0,False
2026-04-01 07:30:00+00:00,,,,,,,,0.93,0.93,,0.0,0,False
2026-04-01 07:30:30+00:00,,,,,,,,0.93,0.93,,0.0,0,False
2026-04-01 07:31:00+00:00,,,,,,,,0.93,0.93,,0.0,0,False
2026-04-01 07:31:30+00:00,,,,,,,,0.93,0.93,,0.0,0,False
2026-04-01 07:32:00+00:00,,,,,,,,0.93,0.93,,0.0,0,False
2026-04-01 07:32:30+00:00,,,,,,,,0.93,0.93,,0.0,0,False
2026-04-01 07:33:00+00:00,,,,,,,,0.93,0.93,,0.0,0,False
2026-04-01 07:33:30+00:00,,,,,,,,0.93,0.93,,0.0,0,False
2026-04-01 07:34:00+00:00,,,,,,,,0.9225925925925927,0.92,,27.0,2,False
2026-04-01 07:34:30+00:00,,,,,,,,0.9225925925925927,0.92,,0.0,0,False
2026-04-01 07:35:00+00:00,,,,,,,,0.9225925925925927,0.92,,0.0,0,False
2026-04-01 07:35:30+00:00,,,,,,,,0.92,0.92,,31.0,1,False
2026-04-01 07:36:00+00:00,,,,,,,,0.92,0.92,,0.0,0,False
2026-04-01 07:36:30+00:00,,,,,,,,0.92,0.92,,0.0,0,False
2026-04-01 07:37:00+00:00,,,,,,,,0.92,0.92,,0.0,0,False
2026-04-01 07:37:30+00:00,,,,,,,,0.92,0.92,,0.0,0,False
2026-04-01 07:38:00+00:00,,,,,,,,0.92,0.92,,0.0,0,False
2026-04-01 07:38:30+00:00,,,,,,,,0.92,0.92,,0.0,0,False
2026-04-01 07:39:00+00:00,,,,,,,,0.92,0.92,,0.0,0,False
2026-04-01 07:39:30+00:00,,,,,,,,0.92,0.92,,0.0,0,False
2026-04-01 07:40:00+00:00,,,,,,,,0.92,0.92,,0.0,0,False
2026-04-01 07:40:30+00:00,,,,,,,,0.92,0.92,,0.0,0,False
2026-04-01 07:41:00+00:00,,,,,,,,0.92,0.92,,117.0,1,False
2026-04-01 07:41:30+00:00,,,,,,,,0.92,0.92,,0.0,0,False
2026-04-01 07:42:00+00:00,,,,,,,,0.92,0.92,,0.0,0,False
2026-04-01 07:42:30+00:00,,,,,,,,0.92,0.92,,0.0,0,False
2026-04-01 07:43:00+00:00,,,,,,,,0.93,0.93,,1.0,1,False
2026-04-01 07:43:30+00:00,,,,,,,,0.93,0.93,,0.0,0,False
2026-04-01 07:44:00+00:00,,,,,,,,0.93,0.93,,0.0,0,False
2026-04-01 07:44:30+00:00,,,,,,,,0.93,0.93,,0.0,0,False
2026-04-01 07:45:00+00:00,,,,,,,,0.93,0.93,,0.0,0,False
2026-04-01 07:45:30+00:00,,,,,,,,0.93,0.93,,0.0,0,False
2026-04-01 07:46:00+00:00,,,,,,,,0.93,0.93,,0.0,0,False
2026-04-01 07:46:30+00:00,,,,,,,,0.93,0.93,,0.0,0,False
2026-04-01 07:47:00+00:00,,,,,,,,0.93,0.93,,0.0,0,False
2026-04-01 07:47:30+00:00,,,,,,,,0.93,0.93,,0.0,0,False
2026-04-01 07:48:00+00:00,,,,,,,,0.93,0.93,,0.0,0,False
2026-04-01 07:48:30+00:00,,,,,,,,0.93,0.93,,0.0,0,False
2026-04-01 07:49:00+00:00,,,,,,,,0.93,0.93,,0.0,0,False
2026-04-01 07:49:30+00:00,,,,,,,,0.93,0.93,,0.0,0,False
2026-04-01 07:50:00+00:00,,,,,,,,0.93,0.93,,0.0,0,False
2026-04-01 07:50:30+00:00,,,,,,,,0.93,0.93,,0.0,0,False
2026-04-01 07:51:00+00:00,,,,,,,,0.93,0.93,,0.0,0,False
2026-04-01 07:51:30+00:00,,,,,,,,0.93,0.93,,0.0,0,False
2026-04-01 07:52:00+00:00,,,,,,,,0.93,0.93,,0.0,0,False
2026-04-01 07:52:30+00:00,,,,,,,,0.93,0.93,,0.0,0,False
2026-04-01 07:53:00+00:00,,,,,,,,0.92,0.92,,117.0,1,False
2026-04-01 07:53:30+00:00,,,,,,,,0.92,0.92,,0.0,0,False
2026-04-01 07:54:00+00:00,,,,,,,,0.92,0.92,,0.0,0,False
2026-04-01 07:54:30+00:00,,,,,,,,0.92,0.92,,0.0,0,False
2026-04-01 07:55:00+00:00,,,,,,,,0.92,0.92,,0.0,0,False
2026-04-01 07:55:30+00:00,,,,,,,,0.92,0.92,,0.0,0,False
2026-04-01 07:56:00+00:00,,,,,,,,0.92,0.92,,0.0,0,False
2026-04-01 07:56:30+00:00,,,,,,,,0.92,0.92,,0.0,0,False
2026-04-01 07:57:00+00:00,,,,,,,,0.92,0.92,,0.0,0,False
2026-04-01 07:57:30+00:00,,,,,,,,0.92,0.92,,0.0,0,False
2026-04-01 07:58:00+00:00,,,,,,,,0.92,0.92,,0.0,0,False
2026-04-01 07:58:30+00:00,,,,,,,,0.92,0.92,,0.0,0,False
2026-04-01 07:59:00+00:00,,,,,,,,0.92,0.92,,0.0,0,False
2026-04-01 07:59:30+00:00,,,,,,,,0.92,0.92,,0.0,0,False
2026-04-01 08:00:00+00:00,,,,,,,,0.92,0.92,,0.0,0,False
2026-04-01 08:00:30+00:00,,,,,,,,0.92,0.92,,0.0,0,False
2026-04-01 08:01:00+00:00,,,,,,,,0.92,0.92,,0.0,0,False
2026-04-01 08:01:30+00:00,,,,,,,,0.92,0.92,,0.0,0,False
2026-04-01 08:02:00+00:00,,,,,,,,0.92,0.92,,0.0,0,False
2026-04-01 08:02:30+00:00,,,,,,,,0.92,0.92,,0.0,0,False
2026-04-01 08:03:00+00:00,,,,,,,,0.92,0.92,,0.0,0,False
2026-04-01 08:03:30+00:00,,,,,,,,0.92,0.92,,0.0,0,False
2026-04-01 08:04:00+00:00,,,,,,,,0.92,0.92,,0.0,0,False
2026-04-01 08:04:30+00:00,,,,,,,,0.92,0.92,,0.0,0,False
2026-04-01 08:05:00+00:00,,,,,,,,0.92,0.92,,0.0,0,False
2026-04-01 08:05:30+00:00,,,,,,,,0.92,0.92,,0.0,0,False
2026-04-01 08:06:00+00:00,,,,,,,,0.92,0.92,,0.0,0,False
2026-04-01 08:06:30+00:00,,,,,,,,0.92,0.92,,0.0,0,False
2026-04-01 08:07:00+00:00,,,,,,,,0.92,0.92,,0.0,0,False
2026-04-01 08:07:30+00:00,,,,,,,,0.92,0.92,,0.0,0,False
2026-04-01 08:08:00+00:00,,,,,,,,0.92,0.92,,0.0,0,False
2026-04-01 08:08:30+00:00,,,,,,,,0.92,0.92,,0.0,0,False
2026-04-01 08:09:00+00:00,,,,,,,,0.92,0.92,,0.0,0,False
2026-04-01 08:09:30+00:00,,,,,,,,0.92,0.92,,0.0,0,False
2026-04-01 08:10:00+00:00,,,,,,,,0.92,0.92,,0.0,0,False
2026-04-01 08:10:30+00:00,,,,,,,,0.92,0.92,,23.0,1,False
2026-04-01 08:11:00+00:00,,,,,,,,0.92,0.92,,0.0,0,False
2026-04-01 08:11:30+00:00,,,,,,,,0.92,0.92,,0.0,0,False
2026-04-01 08:12:00+00:00,,,,,,,,0.92,0.92,,0.0,0,False
2026-04-01 08:12:30+00:00,,,,,,,,0.92,0.92,,0.0,0,False
2026-04-01 08:13:00+00:00,,,,,,,,0.92,0.92,,0.0,0,False
2026-04-01 08:13:30+00:00,,,,,,,,0.92,0.92,,0.0,0,False
2026-04-01 08:14:00+00:00,,,,,,,,0.92,0.92,,0.0,0,False
2026-04-01 08:14:30+00:00,,,,,,,,0.92,0.92,,0.0,0,False
2026-04-01 08:15:00+00:00,,,,,,,,0.92,0.92,,58.0,1,False
2026-04-01 08:15:30+00:00,,,,,,,,0.92,0.92,,0.0,0,False
2026-04-01 08:16:00+00:00,,,,,,,,0.92,0.92,,0.0,0,False
2026-04-01 08:16:30+00:00,,,,,,,,0.92,0.92,,0.0,0,False
2026-04-01 08:17:00+00:00,,,,,,,,0.92,0.92,,0.0,0,False
2026-04-01 08:17:30+00:00,,,,,,,,0.92,0.92,,11.0,1,False
2026-04-01 08:18:00+00:00,,,,,,,,0.92,0.92,,0.0,0,False
2026-04-01 08:18:30+00:00,,,,,,,,0.92,0.92,,0.0,0,False
2026-04-01 08:19:00+00:00,,,,,,,,0.92,0.92,,0.0,0,False
2026-04-01 08:19:30+00:00,,,,,,,,0.92,0.92,,0.0,0,False
2026-04-01 08:20:00+00:00,,,,,,,,0.92,0.92,,0.0,0,False
2026-04-01 08:20:30+00:00,,,,,,,,0.92,0.92,,0.0,0,False
2026-04-01 08:21:00+00:00,,,,,,,,0.92,0.92,,0.0,0,False
2026-04-01 08:21:30+00:00,,,,,,,,0.92,0.92,,0.0,0,False
2026-04-01 08:22:00+00:00,,,,,,,,0.92,0.92,,0.0,0,False
2026-04-01 08:22:30+00:00,,,,,,,,0.92,0.92,,0.0,0,False
2026-04-01 08:23:00+00:00,,,,,,,,0.92,0.92,,0.0,0,False
2026-04-01 08:23:30+00:00,,,,,,,,0.92,0.92,,0.0,0,False
2026-04-01 08:24:00+00:00,,,,,,,,0.92,0.92,,0.0,0,False
2026-04-01 08:24:30+00:00,,,,,,,,0.92,0.92,,0.0,0,False
2026-04-01 08:25:00+00:00,,,,,,,,0.92,0.92,,0.0,0,False
2026-04-01 08:25:30+00:00,,,,,,,,0.92,0.92,,0.0,0,False
2026-04-01 08:26:00+00:00,,,,,,,,0.92,0.92,,0.0,0,False
2026-04-01 08:26:30+00:00,,,,,,,,0.92,0.92,,0.0,0,False
2026-04-01 08:27:00+00:00,,,,,,,,0.92,0.92,,0.0,0,False
2026-04-01 08:27:30+00:00,,,,,,,,0.92,0.92,,0.0,0,False
2026-04-01 08:28:00+00:00,,,,,,,,0.92,0.92,,0.0,0,False
2026-04-01 08:28:30+00:00,,,,,,,,0.92,0.92,,0.0,0,False
2026-04-01 08:29:00+00:00,,,,,,,,0.92,0.92,,0.0,0,False
2026-04-01 08:29:30+00:00,,,,,,,,0.92,0.92,,0.0,0,False
2026-04-01 08:30:00+00:00,,,,,,,,0.92,0.92,,0.0,0,False
2026-04-01 08:30:30+00:00,,,,,,,,0.92,0.92,,0.0,0,False
2026-04-01 08:31:00+00:00,,,,,,,,0.92,0.92,,0.0,0,False
2026-04-01 08:31:30+00:00,,,,,,,,0.92,0.92,,0.0,0,False
2026-04-01 08:32:00+00:00,,,,,,,,0.92,0.92,,0.0,0,False
2026-04-01 08:32:30+00:00,,,,,,,,0.92,0.92,,0.0,0,False
2026-04-01 08:33:00+00:00,,,,,,,,0.92,0.92,,0.0,0,False
2026-04-01 08:33:30+00:00,,,,,,,,0.92,0.92,,0.0,0,False
2026-04-01 08:34:00+00:00,,,,,,,,0.92,0.92,,0.0,0,False
2026-04-01 08:34:30+00:00,,,,,,,,0.92,0.92,,0.0,0,False
2026-04-01 08:35:00+00:00,,,,,,,,0.92,0.92,,11.0,1,False
2026-04-01 08:35:30+00:00,,,,,,,,0.92,0.92,,0.0,0,False
2026-04-01 08:36:00+00:00,,,,,,,,0.92,0.92,,0.0,0,False
2026-04-01 08:36:30+00:00,,,,,,,,0.92,0.92,,0.0,0,False
2026-04-01 08:37:00+00:00,,,,,,,,0.92,0.92,,0.0,0,False
2026-04-01 08:37:30+00:00,,,,,,,,0.93,0.93,,5.0,1,False
2026-04-01 08:38:00+00:00,,,,,,,,0.93,0.93,,0.0,0,False
2026-04-01 08:38:30+00:00,,,,,,,,0.93,0.93,,50.0,1,False
2026-04-01 08:39:00+00:00,,,,,,,,0.93,0.93,,0.0,0,False
2026-04-01 08:39:30+00:00,,,,,,,,0.93,0.93,,0.0,0,False
2026-04-01 08:40:00+00:00,,,,,,,,0.93,0.93,,0.0,0,False
2026-04-01 08:40:30+00:00,,,,,,,,0.93,0.93,,0.0,0,False
2026-04-01 08:41:00+00:00,,,,,,,,0.93,0.93,,0.0,0,False
2026-04-01 08:41:30+00:00,,,,,,,,0.9200000000000002,0.92,,20.0,1,False
2026-04-01 08:42:00+00:00,,,,,,,,0.9200000000000002,0.92,,0.0,0,False
2026-04-01 08:42:30+00:00,,,,,,,,0.9200000000000002,0.92,,0.0,0,False
2026-04-01 08:43:00+00:00,,,,,,,,0.9200000000000002,0.92,,0.0,0,False
2026-04-01 08:43:30+00:00,,,,,,,,0.9200000000000002,0.92,,0.0,0,False
2026-04-01 08:44:00+00:00,,,,,,,,0.9200000000000002,0.92,,0.0,0,False
2026-04-01 08:44:30+00:00,,,,,,,,0.9200000000000002,0.92,,0.0,0,False
2026-04-01 08:45:00+00:00,,,,,,,,0.9200000000000002,0.92,,0.0,0,False
2026-04-01 08:45:30+00:00,,,,,,,,0.9200000000000002,0.92,,0.0,0,False
2026-04-01 08:46:00+00:00,,,,,,,,0.9200000000000002,0.92,,0.0,0,False
2026-04-01 08:46:30+00:00,,,,,,,,0.9200000000000002,0.92,,0.0,0,False
2026-04-01 08:47:00+00:00,,,,,,,,0.9200000000000002,0.92,,0.0,0,False
2026-04-01 08:47:30+00:00,,,,,,,,0.92,0.92,,11.0,1,False
2026-04-01 08:48:00+00:00,,,,,,,,0.92,0.92,,0.0,0,False
2026-04-01 08:48:30+00:00,,,,,,,,0.92,0.92,,0.0,0,False
2026-04-01 08:49:00+00:00,,,,,,,,0.92,0.92,,0.0,0,False
2026-04-01 08:49:30+00:00,,,,,,,,0.92,0.92,,0.0,0,False
2026-04-01 08:50:00+00:00,,,,,,,,0.92,0.92,,0.0,0,False
2026-04-01 08:50:30+00:00,,,,,,,,0.92,0.92,,0.0,0,False
2026-04-01 08:51:00+00:00,,,,,,,,0.9200000000000002,0.92,,20.0,1,False
2026-04-01 08:51:30+00:00,,,,,,,,0.9200000000000002,0.92,,0.0,0,False
2026-04-01 08:52:00+00:00,,,,,,,,0.9200000000000002,0.92,,0.0,0,False
2026-04-01 08:52:30+00:00,,,,,,,,0.9200000000000002,0.92,,0.0,0,False
2026-04-01 08:53:00+00:00,,,,,,,,0.9200000000000002,0.92,,0.0,0,False
2026-04-01 08:53:30+00:00,,,,,,,,0.9200000000000002,0.92,,0.0,0,False
2026-04-01 08:54:00+00:00,,,,,,,,0.92,0.92,,220.0,1,False
2026-04-01 08:54:30+00:00,,,,,,,,0.92,0.92,,0.0,0,False
2026-04-01 08:55:00+00:00,,,,,,,,0.92,0.92,,0.0,0,False
2026-04-01 08:55:30+00:00,,,,,,,,0.92,0.92,,0.0,0,False
2026-04-01 08:56:00+00:00,,,,,,,,0.92,0.92,,0.0,0,False
2026-04-01 08:56:30+00:00,,,,,,,,0.92,0.92,,0.0,0,False
2026-04-01 08:57:00+00:00,,,,,,,,0.92,0.92,,0.0,0,False
2026-04-01 08:57:30+00:00,,,,,,,,0.92,0.92,,0.0,0,False
2026-04-01 08:58:00+00:00,,,,,,,,0.92,0.92,,0.0,0,False
2026-04-01 08:58:30+00:00,,,,,,,,0.92,0.92,,0.0,0,False
2026-04-01 08:59:00+00:00,,,,,,,,0.92,0.92,,0.0,0,False
2026-04-01 08:59:30+00:00,,,,,,,,0.92,0.92,,0.0,0,False
2026-04-01 09:00:00+00:00,,,,,,,,0.92,0.92,,0.0,0,False
2026-04-01 09:00:30+00:00,,,,,,,,0.92,0.92,,0.0,0,False
2026-04-01 09:01:00+00:00,,,,,,,,0.92,0.92,,0.0,0,False
2026-04-01 09:01:30+00:00,,,,,,,,0.92,0.92,,0.0,0,False
2026-04-01 09:02:00+00:00,,,,,,,,0.92,0.92,,0.0,0,False
2026-04-01 09:02:30+00:00,,,,,,,,0.92,0.92,,0.0,0,False
2026-04-01 09:03:00+00:00,,,,,,,,0.92,0.92,,0.0,0,False
2026-04-01 09:03:30+00:00,,,,,,,,0.92,0.92,,0.0,0,False
2026-04-01 09:04:00+00:00,,,,,,,,0.92,0.92,,0.0,0,False
2026-04-01 09:04:30+00:00,,,,,,,,0.92,0.92,,0.0,0,False
2026-04-01 09:05:00+00:00,,,,,,,,0.92,0.92,,0.0,0,False
2026-04-01 09:05:30+00:00,,,,,,,,0.92,0.92,,0.0,0,False
2026-04-01 09:06:00+00:00,,,,,,,,0.92,0.92,,0.0,0,False
2026-04-01 09:06:30+00:00,,,,,,,,0.92,0.92,,0.0,0,False
2026-04-01 09:07:00+00:00,,,,,,,,0.92,0.92,,0.0,0,False
2026-04-01 09:07:30+00:00,,,,,,,,0.92,0.92,,0.0,0,False
2026-04-01 09:08:00+00:00,,,,,,,,0.92,0.92,,0.0,0,False
2026-04-01 09:08:30+00:00,,,,,,,,0.92,0.92,,0.0,0,False
2026-04-01 09:09:00+00:00,,,,,,,,0.92,0.92,,0.0,0,False
2026-04-01 09:09:30+00:00,,,,,,,,0.92,0.92,,0.0,0,False
2026-04-01 09:10:00+00:00,,,,,,,,0.92,0.92,,0.0,0,False
2026-04-01 09:10:30+00:00,,,,,,,,0.93,0.93,,1.0,1,False
2026-04-01 09:11:00+00:00,,,,,,,,0.93,0.93,,0.0,0,False
2026-04-01 09:11:30+00:00,,,,,,,,0.93,0.93,,0.0,0,False
2026-04-01 09:12:00+00:00,,,,,,,,0.93,0.93,,0.0,0,False
2026-04-01 09:12:30+00:00,,,,,,,,0.93,0.93,,0.0,0,False
2026-04-01 09:13:00+00:00,,,,,,,,0.93,0.93,,0.0,0,False
2026-04-01 09:13:30+00:00,,,,,,,,0.93,0.93,,0.0,0,False
2026-04-01 09:14:00+00:00,,,,,,,,0.93,0.93,,0.0,0,False
2026-04-01 09:14:30+00:00,,,,,,,,0.93,0.93,,0.0,0,False
2026-04-01 09:15:00+00:00,,,,,,,,0.93,0.93,,0.0,0,False
2026-04-01 09:15:30+00:00,,,,,,,,0.92,0.92,,181.0,1,False
2026-04-01 09:16:00+00:00,,,,,,,,0.92,0.92,,0.0,0,False
2026-04-01 09:16:30+00:00,,,,,,,,0.92,0.92,,15.0,1,False
2026-04-01 09:17:00+00:00,,,,,,,,0.92,0.92,,0.0,0,False
2026-04-01 09:17:30+00:00,,,,,,,,0.9200000000000002,0.92,,4546.0,2,False
2026-04-01 09:18:00+00:00,,,,,,,,0.9200000000000002,0.92,,0.0,0,False
2026-04-01 09:18:30+00:00,,,,,,,,0.9200000000000002,0.92,,0.0,0,False
2026-04-01 09:19:00+00:00,,,,,,,,0.9200000000000002,0.92,,0.0,0,False
2026-04-01 09:19:30+00:00,,,,,,,,0.9200000000000002,0.92,,0.0,0,False
2026-04-01 09:20:00+00:00,,,,,,,,0.9200000000000002,0.92,,0.0,0,False
2026-04-01 09:20:30+00:00,,,,,,,,0.9200000000000002,0.92,,0.0,0,False
2026-04-01 09:21:00+00:00,,,,,,,,0.9200000000000002,0.92,,0.0,0,False
2026-04-01 09:21:30+00:00,,,,,,,,0.9200000000000002,0.92,,0.0,0,False
2026-04-01 09:22:00+00:00,,,,,,,,0.92,0.92,,234.0,1,False
2026-04-01 09:22:30+00:00,,,,,,,,0.92,0.92,,0.0,0,False
2026-04-01 09:23:00+00:00,,,,,,,,0.92,0.92,,0.0,0,False
2026-04-01 09:23:30+00:00,,,,,,,,0.92,0.92,,0.0,0,False
2026-04-01 09:24:00+00:00,,,,,,,,0.92,0.92,,0.0,0,False
2026-04-01 09:24:30+00:00,,,,,,,,0.92,0.92,,0.0,0,False
2026-04-01 09:25:00+00:00,,,,,,,,0.92,0.92,,0.0,0,False
2026-04-01 09:25:30+00:00,,,,,,,,0.92,0.92,,0.0,0,False
2026-04-01 09:26:00+00:00,,,,,,,,0.92,0.92,,0.0,0,False
2026-04-01 09:26:30+00:00,,,,,,,,0.92,0.92,,0.0,0,False
2026-04-01 09:27:00+00:00,,,,,,,,0.92,0.92,,0.0,0,False
2026-04-01 09:27:30+00:00,,,,,,,,0.92,0.92,,0.0,0,False
2026-04-01 09:28:00+00:00,,,,,,,,0.93,0.93,,100.0,1,False
2026-04-01 09:28:30+00:00,,,,,,,,0.93,0.93,,0.0,0,False
2026-04-01 09:29:00+00:00,,,,,,,,0.93,0.93,,0.0,0,False
2026-04-01 09:29:30+00:00,,,,,,,,0.93,0.93,,0.0,0,False
2026-04-01 09:30:00+00:00,,,,,,,,0.93,0.93,,0.0,0,False
2026-04-01 09:30:30+00:00,,,,,,,,0.93,0.93,,0.0,0,False
2026-04-01 09:31:00+00:00,,,,,,,,0.93,0.93,,0.0,0,False
2026-04-01 09:31:30+00:00,,,,,,,,0.93,0.93,,0.0,0,False
2026-04-01 09:32:00+00:00,,,,,,,,0.93,0.93,,0.0,0,False
2026-04-01 09:32:30+00:00,,,,,,,,0.93,0.93,,0.0,0,False
2026-04-01 09:33:00+00:00,,,,,,,,0.93,0.93,,0.0,0,False
2026-04-01 09:33:30+00:00,,,,,,,,0.93,0.93,,0.0,0,False
2026-04-01 09:34:00+00:00,,,,,,,,0.93,0.93,,0.0,0,False
2026-04-01 09:34:30+00:00,,,,,,,,0.93,0.93,,0.0,0,False
2026-04-01 09:35:00+00:00,,,,,,,,0.93,0.93,,0.0,0,False
2026-04-01 09:35:30+00:00,,,,,,,,0.93,0.93,,0.0,0,False
2026-04-01 09:36:00+00:00,,,,,,,,0.93,0.93,,0.0,0,False
2026-04-01 09:36:30+00:00,,,,,,,,0.93,0.93,,0.0,0,False
2026-04-01 09:37:00+00:00,,,,,,,,0.92,0.92,,58.0,1,False
2026-04-01 09:37:30+00:00,,,,,,,,0.92,0.92,,0.0,0,False
2026-04-01 09:38:00+00:00,,,,,,,,0.92,0.92,,0.0,0,False
2026-04-01 09:38:30+00:00,,,,,,,,0.92,0.92,,217.0,2,False
2026-04-01 09:39:00+00:00,,,,,,,,0.92,0.92,,0.0,0,False
2026-04-01 09:39:30+00:00,,,,,,,,0.92,0.92,,0.0,0,False
2026-04-01 09:40:00+00:00,,,,,,,,0.92,0.92,,0.0,0,False
2026-04-01 09:40:30+00:00,,,,,,,,0.92,0.92,,0.0,0,False
2026-04-01 09:41:00+00:00,,,,,,,,0.92,0.92,,0.0,0,False
2026-04-01 09:41:30+00:00,,,,,,,,0.92,0.92,,0.0,0,False
2026-04-01 09:42:00+00:00,,,,,,,,0.92,0.92,,0.0,0,False
2026-04-01 09:42:30+00:00,,,,,,,,0.92,0.92,,0.0,0,False
2026-04-01 09:43:00+00:00,,,,,,,,0.93,0.93,,2.0,1,False
2026-04-01 09:43:30+00:00,,,,,,,,0.93,0.93,,0.0,0,False
2026-04-01 09:44:00+00:00,,,,,,,,0.93,0.93,,0.0,0,False
2026-04-01 09:44:30+00:00,,,,,,,,0.93,0.93,,0.0,0,False
2026-04-01 09:45:00+00:00,,,,,,,,0.93,0.93,,0.0,0,False
2026-04-01 09:45:30+00:00,,,,,,,,0.93,0.93,,0.0,0,False
2026-04-01 09:46:00+00:00,,,,,,,,0.93,0.93,,0.0,0,False
2026-04-01 09:46:30+00:00,,,,,,,,0.93,0.93,,4.0,1,False
2026-04-01 09:47:00+00:00,,,,,,,,0.93,0.93,,0.0,0,False
2026-04-01 09:47:30+00:00,,,,,,,,0.93,0.93,,0.0,0,False
2026-04-01 09:48:00+00:00,,,,,,,,0.93,0.93,,0.0,0,False
2026-04-01 09:48:30+00:00,,,,,,,,0.93,0.93,,0.0,0,False
2026-04-01 09:49:00+00:00,,,,,,,,0.93,0.93,,0.0,0,False
2026-04-01 09:49:30+00:00,,,,,,,,0.93,0.93,,0.0,0,False
2026-04-01 09:50:00+00:00,,,,,,,,0.93,0.93,,0.0,0,False
2026-04-01 09:50:30+00:00,,,,,,,,0.93,0.93,,0.0,0,False
2026-04-01 09:51:00+00:00,,,,,,,,0.93,0.93,,0.0,0,False
2026-04-01 09:51:30+00:00,,,,,,,,0.93,0.93,,0.0,0,False
2026-04-01 09:52:00+00:00,,,,,,,,0.9200000000000002,0.92,,5.0,1,False
2026-04-01 09:52:30+00:00,,,,,,,,0.9200000000000002,0.92,,0.0,0,False
2026-04-01 09:53:00+00:00,,,,,,,,0.9200000000000002,0.92,,0.0,0,False
2026-04-01 09:53:30+00:00,,,,,,,,0.9200000000000002,0.92,,0.0,0,False
2026-04-01 09:54:00+00:00,,,,,,,,0.9200000000000002,0.92,,0.0,0,False
2026-04-01 09:54:30+00:00,,,,,,,,0.9200000000000002,0.92,,0.0,0,False
2026-04-01 09:55:00+00:00,,,,,,,,0.9200000000000002,0.92,,0.0,0,False
2026-04-01 09:55:30+00:00,,,,,,,,0.9200000000000002,0.92,,0.0,0,False
2026-04-01 09:56:00+00:00,,,,,,,,0.9199999999999999,0.92,,292.0,3,False
2026-04-01 09:56:30+00:00,,,,,,,,0.9199999999999999,0.92,,0.0,0,False
2026-04-01 09:57:00+00:00,,,,,,,,0.93,0.93,,5.0,1,False
2026-04-01 09:57:30+00:00,,,,,,,,0.93,0.93,,0.0,0,False
2026-04-01 09:58:00+00:00,,,,,,,,0.93,0.93,,0.0,0,False
2026-04-01 09:58:30+00:00,,,,,,,,0.93,0.93,,0.0,0,False
2026-04-01 09:59:00+00:00,,,,,,,,0.93,0.93,,0.0,0,False
2026-04-01 09:59:30+00:00,,,,,,,,0.93,0.93,,0.0,0,False
2026-04-01 10:00:00+00:00,,,,,,,,0.93,0.93,,0.0,0,False
2026-04-01 10:00:30+00:00,,,,,,,,0.93,0.93,,0.0,0,False
2026-04-01 10:01:00+00:00,,,,,,,,0.93,0.93,,0.0,0,False
2026-04-01 10:01:30+00:00,,,,,,,,0.93,0.93,,0.0,0,False
2026-04-01 10:02:00+00:00,,,,,,,,0.93,0.93,,0.0,0,False
2026-04-01 10:02:30+00:00,,,,,,,,0.93,0.93,,0.0,0,False
2026-04-01 10:03:00+00:00,,,,,,,,0.93,0.93,,0.0,0,False
2026-04-01 10:03:30+00:00,,,,,,,,0.93,0.93,,0.0,0,False
2026-04-01 10:04:00+00:00,,,,,,,,0.93,0.93,,0.0,0,False
2026-04-01 10:04:30+00:00,,,,,,,,0.93,0.93,,0.0,0,False
2026-04-01 10:05:00+00:00,,,,,,,,0.93,0.93,,0.0,0,False
2026-04-01 10:05:30+00:00,,,,,,,,0.92,0.92,,500.0,1,False
2026-04-01 10:06:00+00:00,,,,,,,,0.92,0.92,,0.0,0,False
2026-04-01 10:06:30+00:00,,,,,,,,0.92,0.92,,0.0,0,False
2026-04-01 10:07:00+00:00,,,,,,,,0.92,0.92,,0.0,0,False
2026-04-01 10:07:30+00:00,,,,,,,,0.92,0.92,,0.0,0,False
2026-04-01 10:08:00+00:00,,,,,,,,0.92,0.92,,0.0,0,False
2026-04-01 10:08:30+00:00,,,,,,,,0.92,0.92,,0.0,0,False
2026-04-01 10:09:00+00:00,,,,,,,,0.92,0.92,,0.0,0,False
2026-04-01 10:09:30+00:00,,,,,,,,0.92,0.92,,0.0,0,False
2026-04-01 10:10:00+00:00,,,,,,,,0.92,0.92,,0.0,0,False
2026-04-01 10:10:30+00:00,,,,,,,,0.93,0.93,,1.0,1,False
2026-04-01 10:11:00+00:00,,,,,,,,0.93,0.93,,0.0,0,False
2026-04-01 10:11:30+00:00,,,,,,,,0.93,0.93,,0.0,0,False
2026-04-01 10:12:00+00:00,,,,,,,,0.93,0.93,,0.0,0,False
2026-04-01 10:12:30+00:00,,,,,,,,0.93,0.93,,0.0,0,False
2026-04-01 10:13:00+00:00,,,,,,,,0.93,0.93,,0.0,0,False
2026-04-01 10:13:30+00:00,,,,,,,,0.93,0.93,,0.0,0,False
2026-04-01 10:14:00+00:00,,,,,,,,0.93,0.93,,0.0,0,False
2026-04-01 10:14:30+00:00,,,,,,,,0.93,0.93,,0.0,0,False
2026-04-01 10:15:00+00:00,,,,,,,,0.93,0.93,,0.0,0,False
2026-04-01 10:15:30+00:00,,,,,,,,0.93,0.93,,0.0,0,False
2026-04-01 10:16:00+00:00,,,,,,,,0.92,0.92,,117.0,1,False
2026-04-01 10:16:30+00:00,,,,,,,,0.92,0.92,,0.0,0,False
2026-04-01 10:17:00+00:00,,,,,,,,0.92,0.92,,0.0,0,False
2026-04-01 10:17:30+00:00,,,,,,,,0.92,0.92,,0.0,0,False
2026-04-01 10:18:00+00:00,,,,,,,,0.92,0.92,,0.0,0,False
2026-04-01 10:18:30+00:00,,,,,,,,0.92,0.92,,0.0,0,False
2026-04-01 10:19:00+00:00,,,,,,,,0.93,0.93,,126.0,1,False
2026-04-01 10:19:30+00:00,,,,,,,,0.93,0.93,,0.0,0,False
2026-04-01 10:20:00+00:00,,,,,,,,0.9200000000000002,0.92,,20.0,1,False
2026-04-01 10:20:30+00:00,,,,,,,,0.9200000000000002,0.92,,0.0,0,False
2026-04-01 10:21:00+00:00,,,,,,,,0.9200000000000002,0.92,,0.0,0,False
2026-04-01 10:21:30+00:00,,,,,,,,0.9200000000000002,0.92,,0.0,0,False
2026-04-01 10:22:00+00:00,,,,,,,,0.9200000000000002,0.92,,0.0,0,False
2026-04-01 10:22:30+00:00,,,,,,,,0.9200000000000002,0.92,,0.0,0,False
2026-04-01 10:23:00+00:00,,,,,,,,0.9200000000000002,0.92,,0.0,0,False
2026-04-01 10:23:30+00:00,,,,,,,,0.9200000000000002,0.92,,0.0,0,False
2026-04-01 10:24:00+00:00,,,,,,,,0.92,0.92,,1.0,1,False
2026-04-01 10:24:30+00:00,,,,,,,,0.92,0.92,,0.0,0,False
2026-04-01 10:25:00+00:00,,,,,,,,0.92,0.92,,3.0,1,False
2026-04-01 10:25:30+00:00,,,,,,,,0.92,0.92,,0.0,0,False
2026-04-01 10:26:00+00:00,,,,,,,,0.92,0.92,,0.0,0,False
2026-04-01 10:26:30+00:00,,,,,,,,0.92,0.92,,0.0,0,False
2026-04-01 10:27:00+00:00,,,,,,,,0.92,0.92,,0.0,0,False
2026-04-01 10:27:30+00:00,,,,,,,,0.92,0.92,,0.0,0,False
2026-04-01 10:28:00+00:00,,,,,,,,0.92,0.92,,0.0,0,False
2026-04-01 10:28:30+00:00,,,,,,,,0.92,0.92,,0.0,0,False
2026-04-01 10:29:00+00:00,,,,,,,,0.92,0.92,,0.0,0,False
2026-04-01 10:29:30+00:00,,,,,,,,0.92,0.92,,0.0,0,False
2026-04-01 10:30:00+00:00,,,,,,,,0.92,0.92,,0.0,0,False
2026-04-01 10:30:30+00:00,,,,,,,,0.92,0.92,,0.0,0,False
2026-04-01 10:31:00+00:00,,,,,,,,0.92,0.92,,0.0,0,False
2026-04-01 10:31:30+00:00,,,,,,,,0.92,0.92,,0.0,0,False
2026-04-01 10:32:00+00:00,,,,,,,,0.92,0.92,,11.0,1,False
2026-04-01 10:32:30+00:00,,,,,,,,0.92,0.92,,0.0,0,False
2026-04-01 10:33:00+00:00,,,,,,,,0.92,0.92,,0.0,0,False
2026-04-01 10:33:30+00:00,,,,,,,,0.92,0.92,,0.0,0,False
2026-04-01 10:34:00+00:00,,,,,,,,0.92,0.92,,58.0,2,False
2026-04-01 10:34:30+00:00,,,,,,,,0.92,0.92,,0.0,0,False
2026-04-01 10:35:00+00:00,,,,,,,,0.92,0.92,,0.0,0,False
2026-04-01 10:35:30+00:00,,,,,,,,0.92,0.92,,0.0,0,False
2026-04-01 10:36:00+00:00,,,,,,,,0.9200000000000002,0.92,,10.0,1,False
2026-04-01 10:36:30+00:00,,,,,,,,0.9200000000000002,0.92,,0.0,0,False
2026-04-01 10:37:00+00:00,,,,,,,,0.9200000000000002,0.92,,0.0,0,False
2026-04-01 10:37:30+00:00,,,,,,,,0.9200000000000002,0.92,,0.0,0,False
2026-04-01 10:38:00+00:00,,,,,,,,0.9299999999999999,0.93,,53.0,1,False
2026-04-01 10:38:30+00:00,,,,,,,,0.9299999999999999,0.93,,0.0,0,False
2026-04-01 10:39:00+00:00,,,,,,,,0.9299999999999999,0.93,,0.0,0,False
2026-04-01 10:39:30+00:00,,,,,,,,0.9299999999999999,0.93,,0.0,0,False
2026-04-01 10:40:00+00:00,,,,,,,,0.92,0.92,,152.0,1,False
2026-04-01 10:40:30+00:00,,,,,,,,0.92,0.92,,50.0,1,False
2026-04-01 10:41:00+00:00,,,,,,,,0.92,0.92,,0.0,0,False
2026-04-01 10:41:30+00:00,,,,,,,,0.92,0.92,,0.0,0,False
2026-04-01 10:42:00+00:00,,,,,,,,0.92,0.92,,0.0,0,False
2026-04-01 10:42:30+00:00,,,,,,,,0.92,0.92,,0.0,0,False
2026-04-01 10:43:00+00:00,,,,,,,,0.92,0.92,,0.0,0,False
2026-04-01 10:43:30+00:00,,,,,,,,0.92,0.92,,0.0,0,False
2026-04-01 10:44:00+00:00,,,,,,,,0.92,0.92,,0.0,0,False
2026-04-01 10:44:30+00:00,,,,,,,,0.92,0.92,,0.0,0,False
2026-04-01 10:45:00+00:00,,,,,,,,0.92,0.92,,0.0,0,False
2026-04-01 10:45:30+00:00,,,,,,,,0.92,0.92,,0.0,0,False
2026-04-01 10:46:00+00:00,,,,,,,,0.92,0.92,,0.0,0,False
2026-04-01 10:46:30+00:00,,,,,,,,0.92,0.92,,0.0,0,False
2026-04-01 10:47:00+00:00,,,,,,,,0.92,0.92,,0.0,0,False
2026-04-01 10:47:30+00:00,,,,,,,,0.92,0.92,,0.0,0,False
2026-04-01 10:48:00+00:00,,,,,,,,0.92,0.92,,50.0,1,False
2026-04-01 10:48:30+00:00,,,,,,,,0.92,0.92,,0.0,0,False
2026-04-01 10:49:00+00:00,,,,,,,,0.92,0.92,,0.0,0,False
2026-04-01 10:49:30+00:00,,,,,,,,0.92,0.92,,0.0,0,False
2026-04-01 10:50:00+00:00,,,,,,,,0.92,0.92,,0.0,0,False
2026-04-01 10:50:30+00:00,,,,,,,,0.92,0.92,,0.0,0,False
2026-04-01 10:51:00+00:00,,,,,,,,0.92,0.92,,0.0,0,False
2026-04-01 10:51:30+00:00,,,,,,,,0.92,0.92,,0.0,0,False
2026-04-01 10:52:00+00:00,,,,,,,,0.92,0.92,,0.0,0,False
2026-04-01 10:52:30+00:00,,,,,,,,0.92,0.92,,0.0,0,False
2026-04-01 10:53:00+00:00,,,,,,,,0.92,0.92,,0.0,0,False
2026-04-01 10:53:30+00:00,,,,,,,,0.92,0.92,,0.0,0,False
2026-04-01 10:54:00+00:00,,,,,,,,0.92,0.92,,58.0,1,False
2026-04-01 10:54:30+00:00,,,,,,,,0.92,0.92,,0.0,0,False
2026-04-01 10:55:00+00:00,,,,,,,,0.92,0.92,,0.0,0,False
2026-04-01 10:55:30+00:00,,,,,,,,0.92,0.92,,0.0,0,False
2026-04-01 10:56:00+00:00,,,,,,,,0.9200000000000002,0.92,,9.0,1,False
2026-04-01 10:56:30+00:00,,,,,,,,0.9200000000000002,0.92,,0.0,0,False
2026-04-01 10:57:00+00:00,,,,,,,,0.93,0.93,,3.0,1,False
2026-04-01 10:57:30+00:00,,,,,,,,0.93,0.93,,0.0,0,False
2026-04-01 10:58:00+00:00,,,,,,,,0.93,0.93,,0.0,0,False
2026-04-01 10:58:30+00:00,,,,,,,,0.93,0.93,,0.0,0,False
2026-04-01 10:59:00+00:00,,,,,,,,0.93,0.93,,0.0,0,False
2026-04-01 10:59:30+00:00,,,,,,,,0.9199999999999999,0.92,,90.0,1,False
2026-04-01 11:00:00+00:00,,,,,,,,0.9199999999999999,0.92,,0.0,0,False
2026-04-01 11:00:30+00:00,,,,,,,,0.9199999999999999,0.92,,0.0,0,False
2026-04-01 11:01:00+00:00,,,,,,,,0.93,0.93,,10.0,1,False
2026-04-01 11:01:30+00:00,,,,,,,,0.93,0.93,,0.0,0,False
2026-04-01 11:02:00+00:00,,,,,,,,0.93,0.93,,0.0,0,False
2026-04-01 11:02:30+00:00,,,,,,,,0.93,0.93,,0.0,0,False
2026-04-01 11:03:00+00:00,,,,,,,,0.93,0.93,,0.0,0,False
2026-04-01 11:03:30+00:00,,,,,,,,0.93,0.93,,0.0,0,False
2026-04-01 11:04:00+00:00,,,,,,,,0.93,0.93,,0.0,0,False
2026-04-01 11:04:30+00:00,,,,,,,,0.93,0.93,,0.0,0,False
2026-04-01 11:05:00+00:00,,,,,,,,0.9200000000000002,0.92,,10.0,1,False
2026-04-01 11:05:30+00:00,,,,,,,,0.9200000000000002,0.92,,0.0,0,False
2026-04-01 11:06:00+00:00,,,,,,,,0.9200000000000002,0.92,,0.0,0,False
2026-04-01 11:06:30+00:00,,,,,,,,0.9200000000000002,0.92,,0.0,0,False
2026-04-01 11:07:00+00:00,,,,,,,,0.9200000000000002,0.92,,0.0,0,False
2026-04-01 11:07:30+00:00,,,,,,,,0.9200000000000002,0.92,,0.0,0,False
2026-04-01 11:08:00+00:00,,,,,,,,0.9200000000000002,0.92,,0.0,0,False
2026-04-01 11:08:30+00:00,,,,,,,,0.9200000000000002,0.92,,0.0,0,False
2026-04-01 11:09:00+00:00,,,,,,,,0.9200000000000002,0.92,,0.0,0,False
2026-04-01 11:09:30+00:00,,,,,,,,0.9210714285714285,0.92,,112.0,2,False
2026-04-01 11:10:00+00:00,,,,,,,,0.9210714285714285,0.92,,0.0,0,False
2026-04-01 11:10:30+00:00,,,,,,,,0.9210714285714285,0.92,,0.0,0,False
2026-04-01 11:11:00+00:00,,,,,,,,0.9210714285714285,0.92,,0.0,0,False
2026-04-01 11:11:30+00:00,,,,,,,,0.9210714285714285,0.92,,0.0,0,False
2026-04-01 11:12:00+00:00,,,,,,,,0.9210714285714285,0.92,,0.0,0,False
2026-04-01 11:12:30+00:00,,,,,,,,0.9210714285714285,0.92,,0.0,0,False
2026-04-01 11:13:00+00:00,,,,,,,,0.93,0.93,,16.0,1,False
2026-04-01 11:13:30+00:00,,,,,,,,0.93,0.93,,0.0,0,False
2026-04-01 11:14:00+00:00,,,,,,,,0.9200000000000002,0.92,,20.0,1,False
2026-04-01 11:14:30+00:00,,,,,,,,0.92,0.92,,2000.0,1,False
2026-04-01 11:15:00+00:00,,,,,,,,0.92,0.92,,0.0,0,False
2026-04-01 11:15:30+00:00,,,,,,,,0.92,0.92,,0.0,0,False
2026-04-01 11:16:00+00:00,,,,,,,,0.92,0.92,,30.0,1,False
2026-04-01 11:16:30+00:00,,,,,,,,0.9200000000000002,0.92,,20.0,1,False
2026-04-01 11:17:00+00:00,,,,,,,,0.9200000000000002,0.92,,0.0,0,False
2026-04-01 11:17:30+00:00,,,,,,,,0.9200000000000002,0.92,,0.0,0,False
2026-04-01 11:18:00+00:00,,,,,,,,0.9200000000000002,0.92,,0.0,0,False
2026-04-01 11:18:30+00:00,,,,,,,,0.93,0.93,,117.0,1,False
2026-04-01 11:19:00+00:00,,,,,,,,0.93,0.93,,0.0,0,False
2026-04-01 11:19:30+00:00,,,,,,,,0.93,0.93,,0.0,0,False
2026-04-01 11:20:00+00:00,,,,,,,,0.93,0.93,,0.0,0,False
2026-04-01 11:20:30+00:00,,,,,,,,0.93,0.93,,0.0,0,False
2026-04-01 11:21:00+00:00,,,,,,,,0.93,0.93,,0.0,0,False
2026-04-01 11:21:30+00:00,,,,,,,,0.93,0.93,,0.0,0,False
2026-04-01 11:22:00+00:00,,,,,,,,0.93,0.93,,0.0,0,False
2026-04-01 11:22:30+00:00,,,,,,,,0.93,0.93,,0.0,0,False
2026-04-01 11:23:00+00:00,,,,,,,,0.93,0.93,,0.0,0,False
2026-04-01 11:23:30+00:00,,,,,,,,0.93,0.93,,10.0,1,False
2026-04-01 11:24:00+00:00,,,,,,,,0.93,0.93,,0.0,0,False
2026-04-01 11:24:30+00:00,,,,,,,,0.93,0.93,,0.0,0,False
2026-04-01 11:25:00+00:00,,,,,,,,0.93,0.93,,0.0,0,False
2026-04-01 11:25:30+00:00,,,,,,,,0.93,0.93,,0.0,0,False
2026-04-01 11:26:00+00:00,,,,,,,,0.93,0.93,,0.0,0,False
2026-04-01 11:26:30+00:00,,,,,,,,0.93,0.93,,0.0,0,False
2026-04-01 11:27:00+00:00,,,,,,,,0.93,0.93,,1.0,1,False
2026-04-01 11:27:30+00:00,,,,,,,,0.93,0.93,,0.0,0,False
2026-04-01 11:28:00+00:00,,,,,,,,0.93,0.93,,0.0,0,False
2026-04-01 11:28:30+00:00,,,,,,,,0.93,0.93,,0.0,0,False
2026-04-01 11:29:00+00:00,,,,,,,,0.93,0.93,,0.0,0,False
2026-04-01 11:29:30+00:00,,,,,,,,0.92,0.92,,30.0,1,False
2026-04-01 11:30:00+00:00,,,,,,,,0.92,0.92,,0.0,0,False
2026-04-01 11:30:30+00:00,,,,,,,,0.92,0.92,,0.0,0,False
2026-04-01 11:31:00+00:00,,,,,,,,0.92,0.92,,0.0,0,False
2026-04-01 11:31:30+00:00,,,,,,,,0.92,0.92,,0.0,0,False
2026-04-01 11:32:00+00:00,,,,,,,,0.92,0.92,,0.0,0,False
2026-04-01 11:32:30+00:00,,,,,,,,0.92,0.92,,0.0,0,False
2026-04-01 11:33:00+00:00,,,,,,,,0.92,0.92,,0.0,0,False
2026-04-01 11:33:30+00:00,,,,,,,,0.9200000000000002,0.92,,10.0,1,False
2026-04-01 11:34:00+00:00,,,,,,,,0.9200000000000002,0.92,,0.0,0,False
2026-04-01 11:34:30+00:00,,,,,,,,0.9200000000000002,0.92,,0.0,0,False
2026-04-01 11:35:00+00:00,,,,,,,,0.9200000000000002,0.92,,0.0,0,False
2026-04-01 11:35:30+00:00,,,,,,,,0.92,0.92,,46.0,1,False
2026-04-01 11:36:00+00:00,,,,,,,,0.92,0.92,,0.0,0,False
2026-04-01 11:36:30+00:00,,,,,,,,0.93,0.93,,107.0,1,False
2026-04-01 11:37:00+00:00,,,,,,,,0.93,0.93,,0.0,0,False
2026-04-01 11:37:30+00:00,,,,,,,,0.93,0.93,,0.0,0,False
2026-04-01 11:38:00+00:00,,,,,,,,0.93,0.93,,0.0,0,False
2026-04-01 11:38:30+00:00,,,,,,,,0.93,0.93,,0.0,0,False
2026-04-01 11:39:00+00:00,,,,,,,,0.93,0.93,,0.0,0,False
2026-04-01 11:39:30+00:00,,,,,,,,0.93,0.93,,0.0,0,False
2026-04-01 11:40:00+00:00,,,,,,,,0.93,0.93,,20.0,1,False
2026-04-01 11:40:30+00:00,,,,,,,,0.93,0.93,,0.0,0,False
2026-04-01 11:41:00+00:00,,,,,,,,0.93,0.93,,0.0,0,False
2026-04-01 11:41:30+00:00,,,,,,,,0.93,0.93,,0.0,0,False
2026-04-01 11:42:00+00:00,,,,,,,,0.93,0.93,,0.0,0,False
2026-04-01 11:42:30+00:00,,,,,,,,0.93,0.93,,0.0,0,False
2026-04-01 11:43:00+00:00,,,,,,,,0.93,0.93,,0.0,0,False
2026-04-01 11:43:30+00:00,,,,,,,,0.93,0.93,,0.0,0,False
2026-04-01 11:44:00+00:00,,,,,,,,0.93,0.93,,0.0,0,False
2026-04-01 11:44:30+00:00,,,,,,,,0.93,0.93,,0.0,0,False
2026-04-01 11:45:00+00:00,,,,,,,,0.93,0.93,,0.0,0,False
2026-04-01 11:45:30+00:00,,,,,,,,0.93,0.93,,0.0,0,False
2026-04-01 11:46:00+00:00,,,,,,,,0.93,0.93,,0.0,0,False
2026-04-01 11:46:30+00:00,,,,,,,,0.93,0.93,,0.0,0,False
2026-04-01 11:47:00+00:00,,,,,,,,0.93,0.93,,0.0,0,False
2026-04-01 11:47:30+00:00,,,,,,,,0.93,0.93,,0.0,0,False
2026-04-01 11:48:00+00:00,,,,,,,,0.93,0.93,,0.0,0,False
2026-04-01 11:48:30+00:00,,,,,,,,0.93,0.93,,0.0,0,False
2026-04-01 11:49:00+00:00,,,,,,,,0.93,0.93,,0.0,0,False
2026-04-01 11:49:30+00:00,,,,,,,,0.93,0.93,,0.0,0,False
2026-04-01 11:50:00+00:00,,,,,,,,0.93,0.93,,0.0,0,False
2026-04-01 11:50:30+00:00,,,,,,,,0.93,0.93,,0.0,0,False
2026-04-01 11:51:00+00:00,,,,,,,,0.92,0.92,,3.0,1,False
2026-04-01 11:51:30+00:00,,,,,,,,0.92,0.92,,0.0,0,False
2026-04-01 11:52:00+00:00,,,,,,,,0.92,0.92,,0.0,0,False
2026-04-01 11:52:30+00:00,,,,,,,,0.92,0.92,,50.0,1,False
2026-04-01 11:53:00+00:00,,,,,,,,0.92,0.92,,0.0,0,False
2026-04-01 11:53:30+00:00,,,,,,,,0.92,0.92,,0.0,0,False
2026-04-01 11:54:00+00:00,,,,,,,,0.92,0.92,,70.0,1,False
2026-04-01 11:54:30+00:00,,,,,,,,0.92,0.92,,0.0,0,False
2026-04-01 11:55:00+00:00,,,,,,,,0.92,0.92,,0.0,0,False
2026-04-01 11:55:30+00:00,,,,,,,,0.92,0.92,,0.0,0,False
2026-04-01 11:56:00+00:00,,,,,,,,0.92,0.92,,0.0,0,False
2026-04-01 11:56:30+00:00,,,,,,,,0.92,0.92,,0.0,0,False
2026-04-01 11:57:00+00:00,,,,,,,,0.92,0.92,,300.0,1,False
2026-04-01 11:57:30+00:00,,,,,,,,0.92,0.92,,0.0,0,False
2026-04-01 11:58:00+00:00,,,,,,,,0.92,0.92,,0.0,0,False
2026-04-01 11:58:30+00:00,,,,,,,,0.92,0.92,,50.0,1,False
2026-04-01 11:59:00+00:00,,,,,,,,0.92,0.92,,0.0,0,False
2026-04-01 11:59:30+00:00,,,,,,,,0.92,0.92,,0.0,0,False
2026-04-01 12:00:00+00:00,,,,,,,,0.92,0.92,,0.0,0,False
2026-04-01 12:00:30+00:00,,,,,,,,0.92,0.92,,0.0,0,False
2026-04-01 12:01:00+00:00,,,,,,,,0.93,0.93,,1.0,1,False
2026-04-01 12:01:30+00:00,,,,,,,,0.93,0.93,,0.0,0,False
2026-04-01 12:02:00+00:00,,,,,,,,0.92,0.92,,200.0,1,False
2026-04-01 12:02:30+00:00,,,,,,,,0.92,0.92,,0.0,0,False
2026-04-01 12:03:00+00:00,,,,,,,,0.92,0.92,,0.0,0,False
2026-04-01 12:03:30+00:00,,,,,,,,0.92,0.92,,0.0,0,False
2026-04-01 12:04:00+00:00,,,,,,,,0.92,0.92,,0.0,0,False
2026-04-01 12:04:30+00:00,,,,,,,,0.93,0.93,,1.0,1,False
2026-04-01 12:05:00+00:00,,,,,,,,0.93,0.93,,0.0,0,False
2026-04-01 12:05:30+00:00,,,,,,,,0.9299999999999999,0.9299999999999999,,10.0,1,False
2026-04-01 12:06:00+00:00,,,,,,,,0.9299999999999999,0.9299999999999999,,0.0,0,False
2026-04-01 12:06:30+00:00,,,,,,,,0.9299999999999999,0.9299999999999999,,0.0,0,False
2026-04-01 12:07:00+00:00,,,,,,,,0.9245945945945947,0.93,,370.0,3,False
2026-04-01 12:07:30+00:00,,,,,,,,0.9245945945945947,0.93,,0.0,0,False
2026-04-01 12:08:00+00:00,,,,,,,,0.9299999999999999,0.9299999999999999,,10.0,1,False
2026-04-01 12:08:30+00:00,,,,,,,,0.9299999999999999,0.9299999999999999,,0.0,0,False
2026-04-01 12:09:00+00:00,,,,,,,,0.9299999999999999,0.9299999999999999,,0.0,0,False
2026-04-01 12:09:30+00:00,,,,,,,,0.93,0.93,,107.0,1,False
2026-04-01 12:10:00+00:00,,,,,,,,0.93,0.93,,0.0,0,False
2026-04-01 12:10:30+00:00,,,,,,,,0.92,0.92,,30.0,1,False
2026-04-01 12:11:00+00:00,,,,,,,,0.92,0.92,,0.0,0,False
2026-04-01 12:11:30+00:00,,,,,,,,0.92,0.92,,0.0,0,False
2026-04-01 12:12:00+00:00,,,,,,,,0.92,0.92,,0.0,0,False
2026-04-01 12:12:30+00:00,,,,,,,,0.92,0.92,,0.0,0,False
2026-04-01 12:13:00+00:00,,,,,,,,0.92,0.92,,0.0,0,False
2026-04-01 12:13:30+00:00,,,,,,,,0.92,0.92,,0.0,0,False
2026-04-01 12:14:00+00:00,,,,,,,,0.92,0.92,,0.0,0,False
2026-04-01 12:14:30+00:00,,,,,,,,0.921470588235294,0.92,,68.0,2,False
2026-04-01 12:15:00+00:00,,,,,,,,0.921470588235294,0.92,,0.0,0,False
2026-04-01 12:15:30+00:00,,,,,,,,0.921470588235294,0.92,,0.0,0,False
2026-04-01 12:16:00+00:00,,,,,,,,0.921470588235294,0.92,,0.0,0,False
2026-04-01 12:16:30+00:00,,,,,,,,0.921470588235294,0.92,,0.0,0,False
2026-04-01 12:17:00+00:00,,,,,,,,0.921470588235294,0.92,,0.0,0,False
2026-04-01 12:17:30+00:00,,,,,,,,0.93,0.93,,5.0,1,False
2026-04-01 12:18:00+00:00,,,,,,,,0.93,0.93,,0.0,0,False
2026-04-01 12:18:30+00:00,,,,,,,,0.93,0.93,,0.0,0,False
2026-04-01 12:19:00+00:00,,,,,,,,0.93,0.93,,0.0,0,False
2026-04-01 12:19:30+00:00,,,,,,,,0.92,0.92,,93.0,1,False
2026-04-01 12:20:00+00:00,,,,,,,,0.92,0.92,,0.0,0,False
2026-04-01 12:20:30+00:00,,,,,,,,0.92,0.92,,0.0,0,False
2026-04-01 12:21:00+00:00,,,,,,,,0.93,0.93,,10.0,1,False
2026-04-01 12:21:30+00:00,,,,,,,,0.93,0.93,,0.0,0,False
2026-04-01 12:22:00+00:00,,,,,,,,0.92,0.92,,8.0,1,False
2026-04-01 12:22:30+00:00,,,,,,,,0.92,0.92,,0.0,0,False
2026-04-01 12:23:00+00:00,,,,,,,,0.92,0.92,,0.0,0,False
2026-04-01 12:23:30+00:00,,,,,,,,0.92,0.92,,0.0,0,False
2026-04-01 12:24:00+00:00,,,,,,,,0.92,0.92,,0.0,0,False
2026-04-01 12:24:30+00:00,,,,,,,,0.92,0.92,,0.0,0,False
2026-04-01 12:25:00+00:00,,,,,,,,0.92,0.92,,0.0,0,False
2026-04-01 12:25:30+00:00,,,,,,,,0.92,0.92,,0.0,0,False
2026-04-01 12:26:00+00:00,,,,,,,,0.92,0.92,,0.0,0,False
2026-04-01 12:26:30+00:00,,,,,,,,0.92,0.92,,0.0,0,False
2026-04-01 12:27:00+00:00,,,,,,,,0.9203333333333333,0.92,,60.0,2,False
2026-04-01 12:27:30+00:00,,,,,,,,0.9203333333333333,0.92,,0.0,0,False
2026-04-01 12:28:00+00:00,,,,,,,,0.93,0.93,,21.0,1,False
2026-04-01 12:28:30+00:00,,,,,,,,0.92,0.92,,234.0,1,False
2026-04-01 12:29:00+00:00,,,,,,,,0.93,0.93,,1.0,1,False
2026-04-01 12:29:30+00:00,,,,,,,,0.93,0.93,,0.0,0,False
2026-04-01 12:30:00+00:00,,,,,,,,0.92,0.92,,150.0,1,False
2026-04-01 12:30:30+00:00,,,,,,,,0.9200000000000002,0.92,,2272.0,1,False
2026-04-01 12:31:00+00:00,,,,,,,,0.92,0.92,,218.0,1,False
2026-04-01 12:31:30+00:00,,,,,,,,0.920909090909091,0.92,,22.0,2,False
2026-04-01 12:32:00+00:00,,,,,,,,0.92,0.92,,58.0,1,False
2026-04-01 12:32:30+00:00,,,,,,,,0.92,0.92,,0.0,0,False
2026-04-01 12:33:00+00:00,,,,,,,,0.92,0.92,,0.0,0,False
2026-04-01 12:33:30+00:00,,,,,,,,0.93,0.93,,8.0,2,False
2026-04-01 12:34:00+00:00,,,,,,,,0.93,0.93,,0.0,0,False
2026-04-01 12:34:30+00:00,,,,,,,,0.92,0.92,,1.0,1,False
2026-04-01 12:35:00+00:00,,,,,,,,0.92,0.92,,0.0,0,False
2026-04-01 12:35:30+00:00,,,,,,,,0.92,0.92,,0.0,0,False
2026-04-01 12:36:00+00:00,,,,,,,,0.92,0.92,,0.0,0,False
2026-04-01 12:36:30+00:00,,,,,,,,0.92,0.92,,0.0,0,False
2026-04-01 12:37:00+00:00,,,,,,,,0.92,0.92,,70.0,1,False
2026-04-01 12:37:30+00:00,,,,,,,,0.92,0.92,,0.0,0,False
2026-04-01 12:38:00+00:00,,,,,,,,0.92,0.92,,0.0,0,False
2026-04-01 12:38:30+00:00,,,,,,,,0.92,0.92,,0.0,0,False
2026-04-01 12:39:00+00:00,,,,,,,,0.92,0.92,,0.0,0,False
2026-04-01 12:39:30+00:00,,,,,,,,0.92,0.92,,0.0,0,False
2026-04-01 12:40:00+00:00,,,,,,,,0.92,0.92,,0.0,0,False
2026-04-01 12:40:30+00:00,,,,,,,,0.92,0.92,,50.0,1,False
2026-04-01 12:41:00+00:00,,,,,,,,0.92,0.92,,0.0,0,False
2026-04-01 12:41:30+00:00,,,,,,,,0.92,0.92,,0.0,0,False
2026-04-01 12:42:00+00:00,,,,,,,,0.92,0.92,,0.0,0,False
2026-04-01 12:42:30+00:00,,,,,,,,0.92,0.92,,386.0,1,False
2026-04-01 12:43:00+00:00,,,,,,,,0.92,0.92,,0.0,0,False
2026-04-01 12:43:30+00:00,,,,,,,,0.92,0.92,,0.0,0,False
2026-04-01 12:44:00+00:00,,,,,,,,0.92,0.92,,0.0,0,False
2026-04-01 12:44:30+00:00,,,,,,,,0.92,0.92,,0.0,0,False
2026-04-01 12:45:00+00:00,,,,,,,,0.92,0.92,,293.0,1,False
2026-04-01 12:45:30+00:00,,,,,,,,0.92,0.92,,0.0,0,False
2026-04-01 12:46:00+00:00,,,,,,,,0.92,0.92,,0.0,0,False
2026-04-01 12:46:30+00:00,,,,,,,,0.93,0.93,,15.0,1,False
2026-04-01 12:47:00+00:00,,,,,,,,0.93,0.93,,0.0,0,False
2026-04-01 12:47:30+00:00,,,,,,,,0.93,0.93,,0.0,0,False
2026-04-01 12:48:00+00:00,,,,,,,,0.93,0.93,,17.0,1,False
2026-04-01 12:48:30+00:00,,,,,,,,0.93,0.93,,0.0,0,False
2026-04-01 12:49:00+00:00,,,,,,,,0.93,0.93,,0.0,0,False
2026-04-01 12:49:30+00:00,,,,,,,,0.93,0.93,,0.0,0,False
2026-04-01 12:50:00+00:00,,,,,,,,0.93,0.93,,0.0,0,False
2026-04-01 12:50:30+00:00,,,,,,,,0.93,0.93,,22.0,1,False
2026-04-01 12:51:00+00:00,,,,,,,,0.93,0.93,,0.0,0,False
2026-04-01 12:51:30+00:00,,,,,,,,0.93,0.93,,0.0,0,False
2026-04-01 12:52:00+00:00,,,,,,,,0.93,0.93,,0.0,0,False
2026-04-01 12:52:30+00:00,,,,,,,,0.9200000000000002,0.92,,10.0,1,False
2026-04-01 12:53:00+00:00,,,,,,,,0.9200000000000002,0.92,,0.0,0,False
2026-04-01 12:53:30+00:00,,,,,,,,0.9200000000000002,0.92,,0.0,0,False
2026-04-01 12:54:00+00:00,,,,,,,,0.9200000000000002,0.92,,0.0,0,False
2026-04-01 12:54:30+00:00,,,,,,,,0.92,0.92,,175.0,2,False
2026-04-01 12:55:00+00:00,,,,,,,,0.92,0.92,,0.0,0,False
2026-04-01 12:55:30+00:00,,,,,,,,0.93,0.93,,1.0,1,False
2026-04-01 12:56:00+00:00,,,,,,,,0.92,0.92,,50.0,1,False
2026-04-01 12:56:30+00:00,,,,,,,,0.92,0.92,,0.0,0,False
2026-04-01 12:57:00+00:00,,,,,,,,0.92,0.92,,0.0,0,False
2026-04-01 12:57:30+00:00,,,,,,,,0.92,0.92,,0.0,0,False
2026-04-01 12:58:00+00:00,,,,,,,,0.9199999999999999,0.92,,82.0,1,False
2026-04-01 12:58:30+00:00,,,,,,,,0.9199999999999999,0.92,,0.0,0,False
2026-04-01 12:59:00+00:00,,,,,,,,0.9199999999999999,0.92,,0.0,0,False
2026-04-01 12:59:30+00:00,,,,,,,,0.92,0.92,,51.0,1,False
2026-04-01 13:00:00+00:00,,,,,,,,0.92,0.92,,0.0,0,False
2026-04-01 13:00:30+00:00,,,,,,,,0.92,0.92,,0.0,0,False
2026-04-01 13:01:00+00:00,,,,,,,,0.92,0.92,,0.0,0,False
2026-04-01 13:01:30+00:00,,,,,,,,0.92,0.92,,0.0,0,False
2026-04-01 13:02:00+00:00,,,,,,,,0.92,0.92,,0.0,0,False
2026-04-01 13:02:30+00:00,,,,,,,,0.92,0.92,,0.0,0,False
2026-04-01 13:03:00+00:00,,,,,,,,0.92,0.92,,0.0,0,False
2026-04-01 13:03:30+00:00,,,,,,,,0.92,0.92,,0.0,0,False
2026-04-01 13:04:00+00:00,,,,,,,,0.92,0.92,,0.0,0,False
2026-04-01 13:04:30+00:00,,,,,,,,0.92,0.92,,0.0,0,False
2026-04-01 13:05:00+00:00,,,,,,,,0.92,0.92,,0.0,0,False
2026-04-01 13:05:30+00:00,,,,,,,,0.92,0.92,,0.0,0,False
2026-04-01 13:06:00+00:00,,,,,,,,0.92,0.92,,0.0,0,False
2026-04-01 13:06:30+00:00,,,,,,,,0.92,0.92,,0.0,0,False
2026-04-01 13:07:00+00:00,,,,,,,,0.92,0.92,,0.0,0,False
2026-04-01 13:07:30+00:00,,,,,,,,0.92,0.92,,0.0,0,False
2026-04-01 13:08:00+00:00,,,,,,,,0.92,0.92,,0.0,0,False
2026-04-01 13:08:30+00:00,,,,,,,,0.92,0.92,,0.0,0,False
2026-04-01 13:09:00+00:00,,,,,,,,0.92,0.92,,1979.0,2,False
2026-04-01 13:09:30+00:00,,,,,,,,0.92,0.92,,0.0,0,False
2026-04-01 13:10:00+00:00,,,,,,,,0.920909090909091,0.92,,11.0,2,False
2026-04-01 13:10:30+00:00,,,,,,,,0.920909090909091,0.92,,0.0,0,False
2026-04-01 13:11:00+00:00,,,,,,,,0.920909090909091,0.92,,0.0,0,False
2026-04-01 13:11:30+00:00,,,,,,,,0.920909090909091,0.92,,0.0,0,False
2026-04-01 13:12:00+00:00,,,,,,,,0.9290143218197136,0.93,,1187.0,2,False
2026-04-01 13:12:30+00:00,,,,,,,,0.9290143218197136,0.93,,0.0,0,False
2026-04-01 13:13:00+00:00,,,,,,,,0.9290143218197136,0.93,,0.0,0,False
2026-04-01 13:13:30+00:00,,,,,,,,0.92,0.92,,58.0,1,False
2026-04-01 13:14:00+00:00,,,,,,,,0.92,0.92,,23.0,1,False
2026-04-01 13:14:30+00:00,,,,,,,,0.92,0.92,,0.0,0,False
2026-04-01 13:15:00+00:00,,,,,,,,0.92,0.92,,0.0,0,False
2026-04-01 13:15:30+00:00,,,,,,,,0.92,0.92,,0.0,0,False
2026-04-01 13:16:00+00:00,,,,,,,,0.92,0.92,,0.0,0,False
2026-04-01 13:16:30+00:00,,,,,,,,0.92,0.92,,0.0,0,False
2026-04-01 13:17:00+00:00,,,,,,,,0.92,0.92,,0.0,0,False
2026-04-01 13:17:30+00:00,,,,,,,,0.92,0.92,,118.0,2,False
2026-04-01 13:18:00+00:00,,,,,,,,0.92,0.92,,0.0,0,False
2026-04-01 13:18:30+00:00,,,,,,,,0.92,0.92,,30.0,1,False
2026-04-01 13:19:00+00:00,,,,,,,,0.92,0.92,,0.0,0,False
2026-04-01 13:19:30+00:00,,,,,,,,0.92,0.92,,50.0,1,False
2026-04-01 13:20:00+00:00,,,,,,,,0.92,0.92,,0.0,0,False
2026-04-01 13:20:30+00:00,,,,,,,,0.92,0.92,,2184.0,2,False
2026-04-01 13:21:00+00:00,,,,,,,,0.92,0.92,,0.0,0,False
2026-04-01 13:21:30+00:00,,,,,,,,0.92,0.92,,0.0,0,False
2026-04-01 13:22:00+00:00,,,,,,,,0.92,0.92,,50.0,1,False
2026-04-01 13:22:30+00:00,,,,,,,,0.92,0.92,,0.0,0,False
2026-04-01 13:23:00+00:00,,,,,,,,0.92,0.92,,0.0,0,False
2026-04-01 13:23:30+00:00,,,,,,,,0.92,0.92,,2050.0,1,False
2026-04-01 13:24:00+00:00,,,,,,,,0.93,0.93,,2.0,1,False
2026-04-01 13:24:30+00:00,,,,,,,,0.93,0.93,,0.0,0,False
2026-04-01 13:25:00+00:00,,,,,,,,0.93,0.93,,0.0,0,False
2026-04-01 13:25:30+00:00,,,,,,,,0.93,0.93,,0.0,0,False
2026-04-01 13:26:00+00:00,,,,,,,,0.93,0.93,,0.0,0,False
2026-04-01 13:26:30+00:00,,,,,,,,0.93,0.93,,0.0,0,False
2026-04-01 13:27:00+00:00,,,,,,,,0.93,0.93,,2.0,2,False
2026-04-01 13:27:30+00:00,,,,,,,,0.92,0.92,,1.0,1,False
2026-04-01 13:28:00+00:00,,,,,,,,0.9199999999999999,0.92,,57.0,2,False
2026-04-01 13:28:30+00:00,,,,,,,,0.9199999999999999,0.92,,0.0,0,False
2026-04-01 13:29:00+00:00,,,,,,,,0.9199999999999999,0.92,,0.0,0,False
2026-04-01 13:29:30+00:00,,,,,,,,0.9299999999999999,0.9299999999999999,,93.0,1,False
2026-04-01 13:30:00+00:00,,,,,,,,0.9299999999999999,0.9299999999999999,,0.0,0,False
2026-04-01 13:30:30+00:00,,,,,,,,0.9299999999999999,0.9299999999999999,,0.0,0,False
2026-04-01 13:31:00+00:00,,,,,,,,0.9299999999999999,0.9299999999999999,,0.0,0,False
2026-04-01 13:31:30+00:00,,,,,,,,0.92,0.92,,14.0,1,False
2026-04-01 13:32:00+00:00,,,,,,,,0.92,0.92,,2.0,1,False
2026-04-01 13:32:30+00:00,,,,,,,,0.92,0.92,,0.0,0,False
2026-04-01 13:33:00+00:00,,,,,,,,0.93,0.93,,2.0,1,False
2026-04-01 13:33:30+00:00,,,,,,,,0.9200000000000002,0.92,,9.0,1,False
2026-04-01 13:34:00+00:00,,,,,,,,0.9200000000000002,0.92,,0.0,0,False
2026-04-01 13:34:30+00:00,,,,,,,,0.9200000000000002,0.92,,0.0,0,False
2026-04-01 13:35:00+00:00,,,,,,,,0.9200000000000002,0.92,,0.0,0,False
2026-04-01 13:35:30+00:00,,,,,,,,0.9200000000000002,0.92,,0.0,0,False
2026-04-01 13:36:00+00:00,,,,,,,,0.9200000000000002,0.92,,0.0,0,False
2026-04-01 13:36:30+00:00,,,,,,,,0.9211111111111112,0.93,,45.0,2,False
2026-04-01 13:37:00+00:00,,,,,,,,0.92,0.92,,57.0,1,False
2026-04-01 13:37:30+00:00,,,,,,,,0.92,0.92,,93.0,1,False
2026-04-01 13:38:00+00:00,,,,,,,,0.92,0.92,,0.0,0,False
2026-04-01 13:38:30+00:00,,,,,,,,0.93,0.93,,2.0,1,False
2026-04-01 13:39:00+00:00,,,,,,,,0.93,0.93,,214.0,1,False
2026-04-01 13:39:30+00:00,,,,,,,,0.93,0.93,,1.0,1,False
2026-04-01 13:40:00+00:00,,,,,,,,0.93,0.93,,0.0,0,False
2026-04-01 13:40:30+00:00,,,,,,,,0.92,0.92,,3.0,1,False
2026-04-01 13:41:00+00:00,,,,,,,,0.92,0.92,,0.0,0,False
2026-04-01 13:41:30+00:00,,,,,,,,0.92,0.92,,837.0,1,False
2026-04-01 13:42:00+00:00,,,,,,,,0.92,0.92,,58.0,1,False
2026-04-01 13:42:30+00:00,,,,,,,,0.92,0.92,,0.0,0,False
2026-04-01 13:43:00+00:00,,,,,,,,0.92,0.92,,0.0,0,False
2026-04-01 13:43:30+00:00,,,,,,,,0.9204761904761906,0.92,,105.0,3,False
2026-04-01 13:44:00+00:00,,,,,,,,0.9199999999999999,0.92,,41.0,1,False
2026-04-01 13:44:30+00:00,,,,,,,,0.92,0.92,,1.0,1,False
2026-04-01 13:45:00+00:00,,,,,,,,0.92,0.92,,0.0,0,False
2026-04-01 13:45:30+00:00,,,,,,,,0.92,0.92,,0.0,0,False
2026-04-01 13:46:00+00:00,,,,,,,,0.92,0.92,,0.0,0,False
2026-04-01 13:46:30+00:00,,,,,,,,0.92,0.92,,0.0,0,False
2026-04-01 13:47:00+00:00,,,,,,,,0.92,0.92,,0.0,0,False
2026-04-01 13:47:30+00:00,,,,,,,,0.93,0.93,,16.0,1,False
2026-04-01 13:48:00+00:00,,,,,,,,0.93,0.93,,0.0,0,False
2026-04-01 13:48:30+00:00,,,,,,,,0.93,0.93,,0.0,0,False
2026-04-01 13:49:00+00:00,,,,,,,,0.93,0.93,,0.0,0,False
2026-04-01 13:49:30+00:00,,,,,,,,0.93,0.93,,0.0,0,False
2026-04-01 13:50:00+00:00,,,,,,,,0.93,0.93,,0.0,0,False
2026-04-01 13:50:30+00:00,,,,,,,,0.92,0.92,,16.0,1,False
2026-04-01 13:51:00+00:00,,,,,,,,0.92,0.92,,52.0,1,False
2026-04-01 13:51:30+00:00,,,,,,,,0.92,0.92,,0.0,0,False
2026-04-01 13:52:00+00:00,,,,,,,,0.92,0.92,,0.0,0,False
2026-04-01 13:52:30+00:00,,,,,,,,0.92,0.92,,0.0,0,False
2026-04-01 13:53:00+00:00,,,,,,,,0.92,0.92,,0.0,0,False
2026-04-01 13:53:30+00:00,,,,,,,,0.93,0.93,,2.0,1,False
2026-04-01 13:54:00+00:00,,,,,,,,0.92,0.92,,23.0,1,False
2026-04-01 13:54:30+00:00,,,,,,,,0.92,0.92,,0.0,0,False
2026-04-01 13:55:00+00:00,,,,,,,,0.93,0.93,,3.0,1,False
2026-04-01 13:55:30+00:00,,,,,,,,0.93,0.93,,0.0,0,False
2026-04-01 13:56:00+00:00,,,,,,,,0.93,0.93,,3.0,1,False
2026-04-01 13:56:30+00:00,,,,,,,,0.93,0.93,,0.0,0,False
2026-04-01 13:57:00+00:00,,,,,,,,0.93,0.93,,5.0,1,False
2026-04-01 13:57:30+00:00,,,,,,,,0.93,0.93,,0.0,0,False
2026-04-01 13:58:00+00:00,,,,,,,,0.93,0.93,,0.0,0,False
2026-04-01 13:58:30+00:00,,,,,,,,0.93,0.93,,0.0,0,False
2026-04-01 13:59:00+00:00,,,,,,,,0.93,0.93,,0.0,0,False
2026-04-01 13:59:30+00:00,,,,,,,,0.93,0.93,,2.0,1,False
2026-04-01 14:00:00+00:00,,,,,,,,0.92,0.92,,100.0,1,False
2026-04-01 14:00:30+00:00,,,,,,,,0.92,0.92,,0.0,0,False
2026-04-01 14:01:00+00:00,,,,,,,,0.92,0.92,,23.0,1,False
2026-04-01 14:01:30+00:00,,,,,,,,0.92,0.92,,0.0,0,False
2026-04-01 14:02:00+00:00,,,,,,,,0.92,0.92,,0.0,0,False
2026-04-01 14:02:30+00:00,,,,,,,,0.92,0.92,,60.0,2,False
2026-04-01 14:03:00+00:00,,,,,,,,0.9200000000000002,0.92,,72.0,1,False
2026-04-01 14:03:30+00:00,,,,,,,,0.92,0.92,,23.0,1,False
2026-04-01 14:04:00+00:00,,,,,,,,0.93,0.93,,2.0,1,False
2026-04-01 14:04:30+00:00,,,,,,,,0.93,0.93,,0.0,0,False
2026-04-01 14:05:00+00:00,,,,,,,,0.92,0.92,,117.0,1,False
2026-04-01 14:05:30+00:00,,,,,,,,0.92,0.92,,0.0,0,False
2026-04-01 14:06:00+00:00,,,,,,,,0.92,0.92,,0.0,0,False
2026-04-01 14:06:30+00:00,,,,,,,,0.92,0.92,,0.0,0,False
2026-04-01 14:07:00+00:00,,,,,,,,0.92,0.92,,0.0,0,False
2026-04-01 14:07:30+00:00,,,,,,,,0.93,0.93,,10.0,1,False
2026-04-01 14:08:00+00:00,,,,,,,,0.9200000000000002,0.92,,20.0,1,False
2026-04-01 14:08:30+00:00,,,,,,,,0.9200000000000002,0.92,,0.0,0,False
2026-04-01 14:09:00+00:00,,,,,,,,0.9200000000000002,0.92,,0.0,0,False
2026-04-01 14:09:30+00:00,,,,,,,,0.9200000000000002,0.92,,0.0,0,False
2026-04-01 14:10:00+00:00,,,,,,,,0.92,0.92,,11.0,1,False
2026-04-01 14:10:30+00:00,,,,,,,,0.9299999999999999,0.93,,26.0,1,False
2026-04-01 14:11:00+00:00,,,,,,,,0.9299999999999999,0.93,,0.0,0,False
2026-04-01 14:11:30+00:00,,,,,,,,0.9299999999999999,0.93,,0.0,0,False
2026-04-01 14:12:00+00:00,,,,,,,,0.92,0.92,,58.0,1,False
2026-04-01 14:12:30+00:00,,,,,,,,0.92,0.92,,0.0,0,False
2026-04-01 14:13:00+00:00,,,,,,,,0.92,0.92,,35.0,1,False
2026-04-01 14:13:30+00:00,,,,,,,,0.92,0.92,,0.0,0,False
2026-04-01 14:14:00+00:00,,,,,,,,0.92,0.92,,0.0,0,False
2026-04-01 14:14:30+00:00,,,,,,,,0.92,0.92,,0.0,0,False
2026-04-01 14:15:00+00:00,,,,,,,,0.93,0.93,,5350.0,2,False
2026-04-01 14:15:30+00:00,,,,,,,,0.92,0.92,,70.0,1,False
2026-04-01 14:16:00+00:00,,,,,,,,0.92,0.92,,0.0,0,False
2026-04-01 14:16:30+00:00,,,,,,,,0.92,0.92,,0.0,0,False
2026-04-01 14:17:00+00:00,,,,,,,,0.9399999999999998,0.94,,20.0,1,False
2026-04-01 14:17:30+00:00,,,,,,,,0.9399999999999998,0.94,,0.0,0,False
2026-04-01 14:18:00+00:00,,,,,,,,0.9399999999999998,0.94,,0.0,0,False
2026-04-01 14:18:30+00:00,,,,,,,,0.9399999999999998,0.94,,0.0,0,False
2026-04-01 14:19:00+00:00,,,,,,,,0.9399999999999998,0.94,,0.0,0,False
2026-04-01 14:19:30+00:00,,,,,,,,0.9266838046272494,0.92,,389.0,4,False
2026-04-01 14:20:00+00:00,,,,,,,,0.9266838046272494,0.92,,0.0,0,False
2026-04-01 14:20:30+00:00,,,,,,,,0.9266838046272494,0.92,,0.0,0,False
2026-04-01 14:21:00+00:00,,,,,,,,0.92,0.92,,191.0,1,False
2026-04-01 14:21:30+00:00,,,,,,,,0.92,0.92,,0.0,0,False
2026-04-01 14:22:00+00:00,,,,,,,,0.94,0.94,,42.0,2,False
2026-04-01 14:22:30+00:00,,,,,,,,0.9200000000000002,0.92,,23.0,2,False
2026-04-01 14:23:00+00:00,,,,,,,,0.9200000000000002,0.92,,0.0,0,False
2026-04-01 14:23:30+00:00,,,,,,,,0.9200000000000002,0.92,,0.0,0,False
2026-04-01 14:24:00+00:00,,,,,,,,0.92,0.92,,1.0,1,False
2026-04-01 14:24:30+00:00,,,,,,,,0.9199999999999999,0.92,,45.0,1,False
2026-04-01 14:25:00+00:00,,,,,,,,0.92,0.92,,23.0,1,False
2026-04-01 14:25:30+00:00,,,,,,,,0.92,0.92,,0.0,0,False
2026-04-01 14:26:00+00:00,,,,,,,,0.92,0.92,,0.0,0,False
2026-04-01 14:26:30+00:00,,,,,,,,0.92,0.92,,0.0,0,False
2026-04-01 14:27:00+00:00,,,,,,,,0.9201694915254237,0.94,,118.0,2,False
2026-04-01 14:27:30+00:00,,,,,,,,0.9201694915254237,0.94,,0.0,0,False
2026-04-01 14:28:00+00:00,,,,,,,,0.9201694915254237,0.94,,0.0,0,False
2026-04-01 14:28:30+00:00,,,,,,,,0.9201694915254237,0.94,,0.0,0,False
2026-04-01 14:29:00+00:00,,,,,,,,0.9299999999999999,0.9299999999999999,,107.0,1,False
2026-04-01 14:29:30+00:00,,,,,,,,0.9299999999999999,0.9299999999999999,,0.0,0,False
2026-04-01 14:30:00+00:00,,,,,,,,0.9299999999999999,0.9299999999999999,,0.0,0,False
2026-04-01 14:30:30+00:00,,,,,,,,0.9299999999999999,0.9299999999999999,,0.0,0,False
2026-04-01 14:31:00+00:00,,,,,,,,0.9340540540540541,0.94,,37.0,3,False
2026-04-01 14:31:30+00:00,,,,,,,,0.92,0.92,,545.0,1,False
2026-04-01 14:32:00+00:00,,,,,,,,0.9399999999999998,0.94,,125.0,2,False
2026-04-01 14:32:30+00:00,,,,,,,,0.9200000000000002,0.92,,5.0,1,False
2026-04-01 14:33:00+00:00,,,,,,,,0.9200000000000002,0.92,,0.0,0,False
2026-04-01 14:33:30+00:00,,,,,,,,0.9200000000000002,0.92,,0.0,0,False
2026-04-01 14:34:00+00:00,,,,,,,,0.9200000000000002,0.92,,0.0,0,False
2026-04-01 14:34:30+00:00,,,,,,,,0.9200000000000002,0.92,,0.0,0,False
2026-04-01 14:35:00+00:00,,,,,,,,0.92,0.92,,1.0,1,False
2026-04-01 14:35:30+00:00,,,,,,,,0.92,0.92,,0.0,0,False
2026-04-01 14:36:00+00:00,,,,,,,,0.92,0.92,,0.0,0,False
2026-04-01 14:36:30+00:00,,,,,,,,0.92,0.92,,0.0,0,False
2026-04-01 14:37:00+00:00,,,,,,,,0.92,0.92,,0.0,0,False
2026-04-01 14:37:30+00:00,,,,,,,,0.92,0.92,,0.0,0,False
2026-04-01 14:38:00+00:00,,,,,,,,0.92,0.92,,11.0,1,False
2026-04-01 14:38:30+00:00,,,,,,,,0.92,0.92,,11.0,1,False
2026-04-01 14:39:00+00:00,,,,,,,,0.92,0.92,,0.0,0,False
2026-04-01 14:39:30+00:00,,,,,,,,0.92,0.92,,0.0,0,False
2026-04-01 14:40:00+00:00,,,,,,,,0.9299999999999999,0.9299999999999999,,1.0,1,False
2026-04-01 14:40:30+00:00,,,,,,,,0.9299999999999999,0.9299999999999999,,0.0,0,False
2026-04-01 14:41:00+00:00,,,,,,,,0.9299999999999999,0.9299999999999999,,0.0,0,False
2026-04-01 14:41:30+00:00,,,,,,,,0.9200000000000002,0.92,,9.0,1,False
2026-04-01 14:42:00+00:00,,,,,,,,0.92,0.92,,2.0,1,False
2026-04-01 14:42:30+00:00,,,,,,,,0.92,0.92,,0.0,0,False
2026-04-01 14:43:00+00:00,,,,,,,,0.92,0.92,,0.0,0,False
2026-04-01 14:43:30+00:00,,,,,,,,0.94,0.94,,26.0,1,False
2026-04-01 14:44:00+00:00,,,,,,,,0.9299999999999999,0.93,,26.0,1,False
2026-04-01 14:44:30+00:00,,,,,,,,0.9299999999999999,0.93,,0.0,0,False
2026-04-01 14:45:00+00:00,,,,,,,,0.9299999999999999,0.93,,0.0,0,False
2026-04-01 14:45:30+00:00,,,,,,,,0.9299999999999999,0.93,,0.0,0,False
2026-04-01 14:46:00+00:00,,,,,,,,0.9399999999999998,0.94,,5.0,1,False
2026-04-01 14:46:30+00:00,,,,,,,,0.94,0.94,,3.0,1,False
2026-04-01 14:47:00+00:00,,,,,,,,0.94,0.94,,0.0,0,False
2026-04-01 14:47:30+00:00,,,,,,,,0.94,0.94,,0.0,0,False
2026-04-01 14:48:00+00:00,,,,,,,,0.92,0.92,,7.0,1,False
2026-04-01 14:48:30+00:00,,,,,,,,0.92,0.92,,0.0,0,False
2026-04-01 14:49:00+00:00,,,,,,,,0.92,0.92,,0.0,0,False
2026-04-01 14:49:30+00:00,,,,,,,,0.92,0.92,,0.0,0,False
2026-04-01 14:50:00+00:00,,,,,,,,0.92,0.92,,0.0,0,False
2026-04-01 14:50:30+00:00,,,,,,,,0.9199999999999999,0.92,,90.0,1,False
2026-04-01 14:51:00+00:00,,,,,,,,0.9199999999999999,0.92,,0.0,0,False
2026-04-01 14:51:30+00:00,,,,,,,,0.92,0.92,,12.0,1,False
2026-04-01 14:52:00+00:00,,,,,,,,0.94,0.94,,21.0,1,False
2026-04-01 14:52:30+00:00,,,,,,,,0.9399999999999998,0.94,,10.0,1,False
2026-04-01 14:53:00+00:00,,,,,,,,0.9399999999999998,0.94,,0.0,0,False
2026-04-01 14:53:30+00:00,,,,,,,,0.9399999999999998,0.94,,0.0,0,False
2026-04-01 14:54:00+00:00,,,,,,,,0.9399999999999998,0.94,,0.0,0,False
2026-04-01 14:54:30+00:00,,,,,,,,0.9216597510373443,0.94,,1205.0,3,False
2026-04-01 14:55:00+00:00,,,,,,,,0.9216597510373443,0.94,,0.0,0,False
2026-04-01 14:55:30+00:00,,,,,,,,0.9216597510373443,0.94,,0.0,0,False
2026-04-01 14:56:00+00:00,,,,,,,,0.9216597510373443,0.94,,0.0,0,False
2026-04-01 14:56:30+00:00,,,,,,,,0.94,0.94,,52.0,1,False
2026-04-01 14:57:00+00:00,,,,,,,,0.94,0.94,,0.0,0,False
2026-04-01 14:57:30+00:00,,,,,,,,0.94,0.94,,0.0,0,False
2026-04-01 14:58:00+00:00,,,,,,,,0.94,0.94,,0.0,0,False
2026-04-01 14:58:30+00:00,,,,,,,,0.92,0.92,,293.0,1,False
2026-04-01 14:59:00+00:00,,,,,,,,0.9200000000000002,0.92,,5.0,1,False
2026-04-01 14:59:30+00:00,,,,,,,,0.9200000000000002,0.92,,0.0,0,False
2026-04-01 15:00:00+00:00,,,,,,,,0.9299999999999999,0.9299999999999999,,1.0,1,False
2026-04-01 15:00:30+00:00,,,,,,,,0.9299999999999999,0.9299999999999999,,0.0,0,False
2026-04-01 15:01:00+00:00,,,,,,,,0.9299999999999999,0.9299999999999999,,0.0,0,False
2026-04-01 15:01:30+00:00,,,,,,,,0.9201036269430053,0.94,,193.0,2,False
2026-04-01 15:02:00+00:00,,,,,,,,0.9201036269430053,0.94,,0.0,0,False
2026-04-01 15:02:30+00:00,,,,,,,,0.9283606557377049,0.9299999999999999,,61.0,3,False
2026-04-01 15:03:00+00:00,,,,,,,,0.9399999999999998,0.94,,50.0,2,False
2026-04-01 15:03:30+00:00,,,,,,,,0.9299999999999998,0.9299999999999999,,11.0,1,False
2026-04-01 15:04:00+00:00,,,,,,,,0.94,0.94,,2.0,1,False
2026-04-01 15:04:30+00:00,,,,,,,,0.94,0.94,,1.0,1,False
2026-04-01 15:05:00+00:00,,,,,,,,0.94,0.94,,0.0,0,False
2026-04-01 15:05:30+00:00,,,,,,,,0.94,0.94,,0.0,0,False
2026-04-01 15:06:00+00:00,,,,,,,,0.94,0.94,,34.0,1,False
2026-04-01 15:06:30+00:00,,,,,,,,0.9299999999999999,0.9299999999999999,,201.0,1,False
2026-04-01 15:07:00+00:00,,,,,,,,0.9299999999999999,0.9299999999999999,,0.0,0,False
2026-04-01 15:07:30+00:00,,,,,,,,0.9299999999999999,0.9299999999999999,,0.0,0,False
2026-04-01 15:08:00+00:00,,,,,,,,0.9323076923076923,0.94,,13.0,2,False
2026-04-01 15:08:30+00:00,,,,,,,,0.9323076923076923,0.94,,0.0,0,False
2026-04-01 15:09:00+00:00,,,,,,,,0.9323076923076923,0.94,,0.0,0,False
2026-04-01 15:09:30+00:00,,,,,,,,0.9323076923076923,0.94,,0.0,0,False
2026-04-01 15:10:00+00:00,,,,,,,,0.9323076923076923,0.94,,0.0,0,False
2026-04-01 15:10:30+00:00,,,,,,,,0.9299999999999999,0.9299999999999999,,26.0,1,False
2026-04-01 15:11:00+00:00,,,,,,,,0.9299999999999999,0.9299999999999999,,0.0,0,False
2026-04-01 15:11:30+00:00,,,,,,,,0.9299999999999998,0.9299999999999999,,277.0,1,False
2026-04-01 15:12:00+00:00,,,,,,,,0.9299999999999998,0.9299999999999999,,0.0,0,False
2026-04-01 15:12:30+00:00,,,,,,,,0.9299999999999998,0.9299999999999999,,0.0,0,False
2026-04-01 15:13:00+00:00,,,,,,,,0.930056497175141,0.9299999999999999,,1062.0,4,False
2026-04-01 15:13:30+00:00,,,,,,,,0.9299999999999999,0.9299999999999999,,268.0,2,False
2026-04-01 15:14:00+00:00,,,,,,,,0.9299999999999999,0.9299999999999999,,111.0,1,False
2026-04-01 15:14:30+00:00,,,,,,,,0.9299999999999999,0.9299999999999999,,0.0,0,False
2026-04-01 15:15:00+00:00,,,,,,,,0.9299999999999999,0.9299999999999999,,0.0,0,False
2026-04-01 15:15:30+00:00,,,,,,,,0.9299999999999999,0.9299999999999999,,13.0,1,False
2026-04-01 15:16:00+00:00,,,,,,,,0.9299999999999999,0.9299999999999999,,0.0,0,False
2026-04-01 15:16:30+00:00,,,,,,,,0.9299999999999999,0.9299999999999999,,0.0,0,False
2026-04-01 15:17:00+00:00,,,,,,,,0.9299999999999999,0.9299999999999999,,0.0,0,False
2026-04-01 15:17:30+00:00,,,,,,,,0.9299999999999999,0.9299999999999999,,124.0,3,False
2026-04-01 15:18:00+00:00,,,,,,,,0.9299999999999999,0.9299999999999999,,28.0,1,False
2026-04-01 15:18:30+00:00,,,,,,,,0.9299999999999999,0.9299999999999999,,201.0,1,False
2026-04-01 15:19:00+00:00,,,,,,,,0.9299999999999999,0.9299999999999999,,0.0,0,False
2026-04-01 15:19:30+00:00,,,,,,,,0.9299999999999999,0.9299999999999999,,0.0,0,False
2026-04-01 15:20:00+00:00,,,,,,,,0.9299999999999999,0.9299999999999999,,0.0,0,False
2026-04-01 15:20:30+00:00,,,,,,,,0.9299999999999999,0.9299999999999999,,0.0,0,False
2026-04-01 15:21:00+00:00,,,,,,,,0.9299999999999999,0.9299999999999999,,0.0,0,False
2026-04-01 15:21:30+00:00,,,,,,,,0.9299999999999999,0.9299999999999999,,0.0,0,False
2026-04-01 15:22:00+00:00,,,,,,,,0.9299999999999999,0.9299999999999999,,0.0,0,False
2026-04-01 15:22:30+00:00,,,,,,,,0.93,0.9299999999999999,,50.0,1,False
2026-04-01 15:23:00+00:00,,,,,,,,0.93,0.9299999999999999,,0.0,0,False
2026-04-01 15:23:30+00:00,,,,,,,,0.93,0.9299999999999999,,0.0,0,False
2026-04-01 15:24:00+00:00,,,,,,,,0.931111111111111,0.94,,18.0,2,False
2026-04-01 15:24:30+00:00,,,,,,,,0.9299999999999999,0.9299999999999999,,2.0,1,False
2026-04-01 15:25:00+00:00,,,,,,,,0.9299999999999999,0.9299999999999999,,0.0,0,False
2026-04-01 15:25:30+00:00,,,,,,,,0.9299999999999999,0.9299999999999999,,40.0,1,False
2026-04-01 15:26:00+00:00,,,,,,,,0.9299999999999999,0.9299999999999999,,33.0,1,False
2026-04-01 15:26:30+00:00,,,,,,,,0.9299999999999999,0.9299999999999999,,0.0,0,False
2026-04-01 15:27:00+00:00,,,,,,,,0.9299999999999999,0.9299999999999999,,0.0,0,False
2026-04-01 15:27:30+00:00,,,,,,,,0.9299999999999999,0.9299999999999999,,0.0,0,False
2026-04-01 15:28:00+00:00,,,,,,,,0.9299999999999999,0.9299999999999999,,0.0,0,False
2026-04-01 15:28:30+00:00,,,,,,,,0.9299999999999998,0.9299999999999999,,22.0,1,False
2026-04-01 15:29:00+00:00,,,,,,,,0.94,0.94,,3.0,1,False
2026-04-01 15:29:30+00:00,,,,,,,,0.9299999999999999,0.9299999999999999,,111.0,1,False
2026-04-01 15:30:00+00:00,,,,,,,,0.9299999999999999,0.9299999999999999,,0.0,0,False
2026-04-01 15:30:30+00:00,,,,,,,,0.9299999999999999,0.9299999999999999,,0.0,0,False
2026-04-01 15:31:00+00:00,,,,,,,,0.9299999999999999,0.9299999999999999,,0.0,0,False
2026-04-01 15:31:30+00:00,,,,,,,,0.9299999999999999,0.9299999999999999,,0.0,0,False
2026-04-01 15:32:00+00:00,,,,,,,,0.9299999999999999,0.9299999999999999,,0.0,0,False
2026-04-01 15:32:30+00:00,,,,,,,,0.9299999999999999,0.9299999999999999,,0.0,0,False
2026-04-01 15:33:00+00:00,,,,,,,,0.94,0.94,,6.0,1,False
2026-04-01 15:33:30+00:00,,,,,,,,0.94,0.94,,0.0,0,False
2026-04-01 15:34:00+00:00,,,,,,,,0.94,0.94,,0.0,0,False
2026-04-01 15:34:30+00:00,,,,,,,,0.94,0.94,,0.0,0,False
2026-04-01 15:35:00+00:00,,,,,,,,0.94,0.94,,0.0,0,False
2026-04-01 15:35:30+00:00,,,,,,,,0.9299999999999999,0.9299999999999999,,1.0,1,False
2026-04-01 15:36:00+00:00,,,,,,,,0.9299999999999999,0.9299999999999999,,67.0,1,False
2026-04-01 15:36:30+00:00,,,,,,,,0.9399999999999998,0.94,,10.0,1,False
2026-04-01 15:37:00+00:00,,,,,,,,0.9399999999999998,0.94,,0.0,0,False
2026-04-01 15:37:30+00:00,,,,,,,,0.9300892857142856,0.9299999999999999,,112.0,2,False
2026-04-01 15:38:00+00:00,,,,,,,,0.9299999999999999,0.9299999999999999,,15.0,1,False
2026-04-01 15:38:30+00:00,,,,,,,,0.9299999999999999,0.9299999999999999,,0.0,0,False
2026-04-01 15:39:00+00:00,,,,,,,,0.9299999999999999,0.9299999999999999,,0.0,0,False
2026-04-01 15:39:30+00:00,,,,,,,,0.9299999999999999,0.9299999999999999,,0.0,0,False
2026-04-01 15:40:00+00:00,,,,,,,,0.9399999999999998,0.94,,5.0,1,False
2026-04-01 15:40:30+00:00,,,,,,,,0.93,0.9299999999999999,,293.0,2,False
2026-04-01 15:41:00+00:00,,,,,,,,0.9299999999999999,0.9299999999999999,,93.0,1,False
2026-04-01 15:41:30+00:00,,,,,,,,0.94,0.94,,660.0,1,False
2026-04-01 15:42:00+00:00,,,,,,,,0.94,0.94,,1.0,1,False
2026-04-01 15:42:30+00:00,,,,,,,,0.94,0.94,,0.0,0,False
2026-04-01 15:43:00+00:00,,,,,,,,0.9299999999999999,0.9299999999999999,,134.0,1,False
2026-04-01 15:43:30+00:00,,,,,,,,0.93,0.9299999999999999,,113.0,3,False
2026-04-01 15:44:00+00:00,,,,,,,,0.93,0.9299999999999999,,0.0,0,False
2026-04-01 15:44:30+00:00,,,,,,,,0.9299999999999998,0.9299999999999999,,22.0,1,False
2026-04-01 15:45:00+00:00,,,,,,,,0.9299999999999998,0.9299999999999999,,0.0,0,False
2026-04-01 15:45:30+00:00,,,,,,,,0.9299999999999998,0.9299999999999999,,0.0,0,False
2026-04-01 15:46:00+00:00,,,,,,,,0.9299999999999998,0.9299999999999999,,0.0,0,False
2026-04-01 15:46:30+00:00,,,,,,,,0.9299999999999998,0.9299999999999999,,0.0,0,False
2026-04-01 15:47:00+00:00,,,,,,,,0.9374554707379134,0.94,,393.0,4,False
2026-04-01 15:47:30+00:00,,,,,,,,0.9374554707379134,0.94,,0.0,0,False
2026-04-01 15:48:00+00:00,,,,,,,,0.9374554707379134,0.94,,0.0,0,False
2026-04-01 15:48:30+00:00,,,,,,,,0.9374554707379134,0.94,,0.0,0,False
2026-04-01 15:49:00+00:00,,,,,,,,0.9374554707379134,0.94,,0.0,0,False
2026-04-01 15:49:30+00:00,,,,,,,,0.9299999999999999,0.9299999999999999,,388.0,2,False
2026-04-01 15:50:00+00:00,,,,,,,,0.9299999999999999,0.9299999999999999,,0.0,0,False
2026-04-01 15:50:30+00:00,,,,,,,,0.9299999999999999,0.9299999999999999,,20.0,1,False
2026-04-01 15:51:00+00:00,,,,,,,,0.9299999999999999,0.9299999999999999,,0.0,0,False
2026-04-01 15:51:30+00:00,,,,,,,,0.9299999999999999,0.9299999999999999,,0.0,0,False
2026-04-01 15:52:00+00:00,,,,,,,,0.9299999999999999,0.9299999999999999,,0.0,0,False
2026-04-01 15:52:30+00:00,,,,,,,,0.93,0.9299999999999999,,200.0,1,False
2026-04-01 15:53:00+00:00,,,,,,,,0.93,0.9299999999999999,,0.0,0,False
2026-04-01 15:53:30+00:00,,,,,,,,0.93,0.9299999999999999,,50.0,1,False
2026-04-01 15:54:00+00:00,,,,,,,,0.93,0.9299999999999999,,0.0,0,False
2026-04-01 15:54:30+00:00,,,,,,,,0.93,0.9299999999999999,,0.0,0,False
2026-04-01 15:55:00+00:00,,,,,,,,0.93,0.9299999999999999,,0.0,0,False
2026-04-01 15:55:30+00:00,,,,,,,,0.9399999999999998,0.94,,10.0,1,False
2026-04-01 15:56:00+00:00,,,,,,,,0.9399999999999998,0.94,,0.0,0,False
2026-04-01 15:56:30+00:00,,,,,,,,0.9299999999999998,0.9299999999999999,,670.0,3,False
2026-04-01 15:57:00+00:00,,,,,,,,0.9299999999999998,0.9299999999999999,,0.0,0,False
2026-04-01 15:57:30+00:00,,,,,,,,0.9399999999999998,0.94,,43.0,1,False
2026-04-01 15:58:00+00:00,,,,,,,,0.9399999999999998,0.94,,0.0,0,False
2026-04-01 15:58:30+00:00,,,,,,,,0.9399999999999998,0.94,,0.0,0,False
2026-04-01 15:59:00+00:00,,,,,,,,0.9399999999999998,0.94,,0.0,0,False
2026-04-01 15:59:30+00:00,,,,,,,,0.9399999999999998,0.94,,0.0,0,False
2026-04-01 16:00:00+00:00,,,,,,,,0.9399999999999998,0.94,,0.0,0,False
2026-04-01 16:00:30+00:00,,,,,,,,0.9300735294117647,0.94,,136.0,3,False
2026-04-01 16:01:00+00:00,,,,,,,,0.9299999999999999,0.9299999999999999,,1.0,1,False
2026-04-01 16:01:30+00:00,,,,,,,,0.9299999999999999,0.9299999999999999,,0.0,0,False
2026-04-01 16:02:00+00:00,,,,,,,,0.9299999999999999,0.9299999999999999,,0.0,0,False
2026-04-01 16:02:30+00:00,,,,,,,,0.9299999999999999,0.9299999999999999,,0.0,0,False
2026-04-01 16:03:00+00:00,,,,,,,,0.9299999999999999,0.9299999999999999,,0.0,0,False
2026-04-01 16:03:30+00:00,,,,,,,,0.93,0.9299999999999999,,184.0,3,False
2026-04-01 16:04:00+00:00,,,,,,,,0.93,0.9299999999999999,,0.0,0,False
2026-04-01 16:04:30+00:00,,,,,,,,0.93,0.9299999999999999,,0.0,0,False
2026-04-01 16:05:00+00:00,,,,,,,,0.9299999999999999,0.9299999999999999,,38.0,2,False
2026-04-01 16:05:30+00:00,,,,,,,,0.9299999999999999,0.9299999999999999,,0.0,0,False
2026-04-01 16:06:00+00:00,,,,,,,,0.9299999999999999,0.9299999999999999,,53.0,1,False
2026-04-01 16:06:30+00:00,,,,,,,,0.94,0.94,,312.0,1,False
2026-04-01 16:07:00+00:00,,,,,,,,0.9299999999999999,0.9299999999999999,,1.0,1,False
2026-04-01 16:07:30+00:00,,,,,,,,0.9299999999999999,0.9299999999999999,,0.0,0,False
2026-04-01 16:08:00+00:00,,,,,,,,0.9299999999999999,0.9299999999999999,,0.0,0,False
2026-04-01 16:08:30+00:00,,,,,,,,0.9299999999999999,0.9299999999999999,,0.0,0,False
2026-04-01 16:09:00+00:00,,,,,,,,0.9299999999999999,0.9299999999999999,,0.0,0,False
2026-04-01 16:09:30+00:00,,,,,,,,0.9299999999999999,0.9299999999999999,,0.0,0,False
2026-04-01 16:10:00+00:00,,,,,,,,0.9299999999999999,0.9299999999999999,,0.0,0,False
2026-04-01 16:10:30+00:00,,,,,,,,0.9301470588235293,0.9299999999999999,,68.0,2,False
2026-04-01 16:11:00+00:00,,,,,,,,0.9308333333333333,0.94,,60.0,2,False
2026-04-01 16:11:30+00:00,,,,,,,,0.9299999999999999,0.9299999999999999,,81.0,1,False
2026-04-01 16:12:00+00:00,,,,,,,,0.93,0.9299999999999999,,200.0,1,False
2026-04-01 16:12:30+00:00,,,,,,,,0.93,0.9299999999999999,,0.0,0,False
2026-04-01 16:13:00+00:00,,,,,,,,0.94,0.94,,11.0,1,False
2026-04-01 16:13:30+00:00,,,,,,,,0.9299999999999998,0.9299999999999999,,11.0,1,False
2026-04-01 16:14:00+00:00,,,,,,,,0.9299999999999998,0.9299999999999999,,0.0,0,False
2026-04-01 16:14:30+00:00,,,,,,,,0.9299999999999998,0.9299999999999999,,0.0,0,False
2026-04-01 16:15:00+00:00,,,,,,,,0.9399999999999998,0.94,,5.0,1,False
2026-04-01 16:15:30+00:00,,,,,,,,0.9399999999999998,0.94,,0.0,0,False
2026-04-01 16:16:00+00:00,,,,,,,,0.9399999999999998,0.94,,0.0,0,False
2026-04-01 16:16:30+00:00,,,,,,,,0.9399999999999998,0.94,,0.0,0,False
2026-04-01 16:17:00+00:00,,,,,,,,0.9399999999999998,0.94,,0.0,0,False
2026-04-01 16:17:30+00:00,,,,,,,,0.9399999999999998,0.94,,0.0,0,False
2026-04-01 16:18:00+00:00,,,,,,,,0.94,0.94,,4.0,1,False
2026-04-01 16:18:30+00:00,,,,,,,,0.94,0.94,,0.0,0,False
2026-04-01 16:19:00+00:00,,,,,,,,0.94,0.94,,0.0,0,False
2026-04-01 16:19:30+00:00,,,,,,,,0.94,0.94,,0.0,0,False
2026-04-01 16:20:00+00:00,,,,,,,,0.9299999999999999,0.9299999999999999,,134.0,1,False
2026-04-01 16:20:30+00:00,,,,,,,,0.9299999999999999,0.9299999999999999,,67.0,1,False
2026-04-01 16:21:00+00:00,,,,,,,,0.9299999999999999,0.9299999999999999,,201.0,1,False
2026-04-01 16:21:30+00:00,,,,,,,,0.9299999999999999,0.9299999999999999,,0.0,0,False
2026-04-01 16:22:00+00:00,,,,,,,,0.9299999999999999,0.9299999999999999,,0.0,0,False
2026-04-01 16:22:30+00:00,,,,,,,,0.94,0.94,,847.0,1,False
2026-04-01 16:23:00+00:00,,,,,,,,0.9299999999999999,0.9299999999999999,,13.0,1,False
2026-04-01 16:23:30+00:00,,,,,,,,0.9299999999999999,0.9299999999999999,,0.0,0,False
2026-04-01 16:24:00+00:00,,,,,,,,0.9299999999999999,0.9299999999999999,,0.0,0,False
2026-04-01 16:24:30+00:00,,,,,,,,0.9299999999999999,0.9299999999999999,,0.0,0,False
2026-04-01 16:25:00+00:00,,,,,,,,0.9299999999999999,0.9299999999999999,,0.0,0,False
2026-04-01 16:25:30+00:00,,,,,,,,0.9299999999999999,0.9299999999999999,,0.0,0,False
2026-04-01 16:26:00+00:00,,,,,,,,0.9299999999999999,0.9299999999999999,,0.0,0,False
2026-04-01 16:26:30+00:00,,,,,,,,0.9299999999999999,0.9299999999999999,,0.0,0,False
2026-04-01 16:27:00+00:00,,,,,,,,0.9299999999999999,0.9299999999999999,,0.0,0,False
2026-04-01 16:27:30+00:00,,,,,,,,0.94,0.94,,65.0,1,False
2026-04-01 16:28:00+00:00,,,,,,,,0.9299999999999999,0.9299999999999999,,4.0,1,False
2026-04-01 16:28:30+00:00,,,,,,,,0.9299999999999999,0.9299999999999999,,0.0,0,False
2026-04-01 16:29:00+00:00,,,,,,,,0.9299999999999999,0.9299999999999999,,0.0,0,False
2026-04-01 16:29:30+00:00,,,,,,,,0.9299999999999999,0.9299999999999999,,0.0,0,False
2026-04-01 16:30:00+00:00,,,,,,,,0.9299999999999999,0.9299999999999999,,67.0,1,False
2026-04-01 16:30:30+00:00,,,,,,,,0.9299999999999999,0.9299999999999999,,0.0,0,False
2026-04-01 16:31:00+00:00,,,,,,,,0.9299999999999999,0.9299999999999999,,0.0,0,False
2026-04-01 16:31:30+00:00,,,,,,,,0.9299999999999999,0.9299999999999999,,0.0,0,False
2026-04-01 16:32:00+00:00,,,,,,,,0.9299999999999999,0.9299999999999999,,0.0,0,False
2026-04-01 16:32:30+00:00,,,,,,,,0.9299999999999999,0.9299999999999999,,0.0,0,False
2026-04-01 16:33:00+00:00,,,,,,,,0.94,0.94,,2500.0,2,False
2026-04-01 16:33:30+00:00,,,,,,,,0.94,0.94,,0.0,0,False
2026-04-01 16:34:00+00:00,,,,,,,,0.94,0.94,,0.0,0,False
2026-04-01 16:34:30+00:00,,,,,,,,0.94,0.94,,0.0,0,False
2026-04-01 16:35:00+00:00,,,,,,,,0.9311111111111112,0.93,,9.0,2,False
2026-04-01 16:35:30+00:00,,,,,,,,0.9299999999999999,0.9299999999999999,,13.0,1,False
2026-04-01 16:36:00+00:00,,,,,,,,0.9299999999999999,0.9299999999999999,,0.0,0,False
2026-04-01 16:36:30+00:00,,,,,,,,0.9299999999999999,0.9299999999999999,,0.0,0,False
2026-04-01 16:37:00+00:00,,,,,,,,0.9299999999999999,0.9299999999999999,,0.0,0,False
2026-04-01 16:37:30+00:00,,,,,,,,0.9299999999999999,0.9299999999999999,,0.0,0,False
2026-04-01 16:38:00+00:00,,,,,,,,0.9299999999999999,0.9299999999999999,,0.0,0,False
2026-04-01 16:38:30+00:00,,,,,,,,0.9299999999999999,0.9299999999999999,,0.0,0,False
2026-04-01 16:39:00+00:00,,,,,,,,0.94,0.94,,83.0,2,False
2026-04-01 16:39:30+00:00,,,,,,,,0.9383333333333331,0.94,,6.0,2,False
2026-04-01 16:40:00+00:00,,,,,,,,0.9300597014925372,0.9299999999999999,,335.0,2,False
2026-04-01 16:40:30+00:00,,,,,,,,0.9299999999999999,0.9299999999999999,,27.0,1,False
2026-04-01 16:41:00+00:00,,,,,,,,0.94,0.94,,2630.0,1,False
2026-04-01 16:41:30+00:00,,,,,,,,0.94,0.94,,3.0,2,False
2026-04-01 16:42:00+00:00,,,,,,,,0.9299999999999999,0.9299999999999999,,3353.0,1,False
2026-04-01 16:42:30+00:00,,,,,,,,0.9299999999999999,0.9299999999999999,,0.0,0,False
2026-04-01 16:43:00+00:00,,,,,,,,0.9299999999999999,0.9299999999999999,,268.0,1,False
2026-04-01 16:43:30+00:00,,,,,,,,0.9299999999999999,0.9299999999999999,,0.0,0,False
2026-04-01 16:44:00+00:00,,,,,,,,0.93,0.9299999999999999,,100.0,1,False
2026-04-01 16:44:30+00:00,,,,,,,,0.93,0.9299999999999999,,0.0,0,False
2026-04-01 16:45:00+00:00,,,,,,,,0.9300740740740739,0.9299999999999999,,135.0,2,False
2026-04-01 16:45:30+00:00,,,,,,,,0.9300740740740739,0.9299999999999999,,0.0,0,False
2026-04-01 16:46:00+00:00,,,,,,,,0.9299999999999999,0.9299999999999999,,111.0,1,False
2026-04-01 16:46:30+00:00,,,,,,,,0.9299999999999998,0.9299999999999999,,45.0,2,False
2026-04-01 16:47:00+00:00,,,,,,,,0.9299999999999998,0.9299999999999999,,0.0,0,False
2026-04-01 16:47:30+00:00,,,,,,,,0.93,0.9299999999999999,,50.0,1,False
2026-04-01 16:48:00+00:00,,,,,,,,0.93,0.9299999999999999,,0.0,0,False
2026-04-01 16:48:30+00:00,,,,,,,,0.9299999999999999,0.9299999999999999,,268.0,1,False
2026-04-01 16:49:00+00:00,,,,,,,,0.9299999999999999,0.9299999999999999,,66.0,1,False
2026-04-01 16:49:30+00:00,,,,,,,,0.9299999999999999,0.9299999999999999,,0.0,0,False
2026-04-01 16:50:00+00:00,,,,,,,,0.9299999999999999,0.9299999999999999,,0.0,0,False
2026-04-01 16:50:30+00:00,,,,,,,,0.9299999999999999,0.9299999999999999,,33.0,1,False
2026-04-01 16:51:00+00:00,,,,,,,,0.9311999999999999,0.9299999999999999,,25.0,2,False
2026-04-01 16:51:30+00:00,,,,,,,,0.93,0.9299999999999999,,100.0,1,False
2026-04-01 16:52:00+00:00,,,,,,,,0.93,0.9299999999999999,,0.0,0,False
2026-04-01 16:52:30+00:00,,,,,,,,0.93,0.9299999999999999,,0.0,0,False
2026-04-01 16:53:00+00:00,,,,,,,,0.9301470588235293,0.9299999999999999,,68.0,2,False
2026-04-01 16:53:30+00:00,,,,,,,,0.9301470588235293,0.9299999999999999,,0.0,0,False
2026-04-01 16:54:00+00:00,,,,,,,,0.9301470588235293,0.9299999999999999,,0.0,0,False
2026-04-01 16:54:30+00:00,,,,,,,,0.9301470588235293,0.9299999999999999,,0.0,0,False
2026-04-01 16:55:00+00:00,,,,,,,,0.9301470588235293,0.9299999999999999,,0.0,0,False
2026-04-01 16:55:30+00:00,,,,,,,,0.93,0.93,,90.0,1,False
2026-04-01 16:56:00+00:00,,,,,,,,0.93,0.93,,0.0,0,False
2026-04-01 16:56:30+00:00,,,,,,,,0.93,0.93,,0.0,0,False
2026-04-01 16:57:00+00:00,,,,,,,,0.93,0.93,,0.0,0,False
2026-04-01 16:57:30+00:00,,,,,,,,0.93,0.93,,0.0,0,False
2026-04-01 16:58:00+00:00,,,,,,,,0.93,0.93,,0.0,0,False
2026-04-01 16:58:30+00:00,,,,,,,,0.93,0.93,,0.0,0,False
2026-04-01 16:59:00+00:00,,,,,,,,0.9299999999999999,0.9299999999999999,,1000.0,1,False
2026-04-01 16:59:30+00:00,,,,,,,,0.9299999999999999,0.93,,85.0,2,False
2026-04-01 17:00:00+00:00,,,,,,,,0.9299999999999998,0.9299999999999999,,302.0,2,False
2026-04-01 17:00:30+00:00,,,,,,,,0.9299999999999998,0.9299999999999999,,0.0,0,False
2026-04-01 17:01:00+00:00,,,,,,,,0.9299999999999998,0.9299999999999999,,0.0,0,False
2026-04-01 17:01:30+00:00,,,,,,,,0.9299999999999998,0.9299999999999999,,0.0,0,False
2026-04-01 17:02:00+00:00,,,,,,,,0.9318518518518517,0.94,,27.0,2,False
2026-04-01 17:02:30+00:00,,,,,,,,0.9318518518518517,0.94,,0.0,0,False
2026-04-01 17:03:00+00:00,,,,,,,,0.9318518518518517,0.94,,0.0,0,False
2026-04-01 17:03:30+00:00,,,,,,,,0.9318518518518517,0.94,,0.0,0,False
2026-04-01 17:04:00+00:00,,,,,,,,0.9318518518518517,0.94,,0.0,0,False
2026-04-01 17:04:30+00:00,,,,,,,,0.9318518518518517,0.94,,0.0,0,False
2026-04-01 17:05:00+00:00,,,,,,,,0.9300000000000002,0.93,,9.0,1,False
2026-04-01 17:05:30+00:00,,,,,,,,0.9300000000000002,0.93,,0.0,0,False
2026-04-01 17:06:00+00:00,,,,,,,,0.9300000000000002,0.93,,0.0,0,False
2026-04-01 17:06:30+00:00,,,,,,,,0.9300000000000002,0.93,,0.0,0,False
2026-04-01 17:07:00+00:00,,,,,,,,0.9300000000000002,0.93,,0.0,0,False
2026-04-01 17:07:30+00:00,,,,,,,,0.9300000000000002,0.93,,0.0,0,False
2026-04-01 17:08:00+00:00,,,,,,,,0.930681818181818,0.9299999999999999,,44.0,3,False
2026-04-01 17:08:30+00:00,,,,,,,,0.930681818181818,0.9299999999999999,,0.0,0,False
2026-04-01 17:09:00+00:00,,,,,,,,0.9299999999999998,0.9299999999999999,,277.0,1,False
2026-04-01 17:09:30+00:00,,,,,,,,0.9299999999999999,0.9299999999999999,,333.0,1,False
2026-04-01 17:10:00+00:00,,,,,,,,0.9299999999999998,0.9299999999999999,,188.0,1,False
2026-04-01 17:10:30+00:00,,,,,,,,0.9299999999999999,0.9299999999999999,,33.0,1,False
2026-04-01 17:11:00+00:00,,,,,,,,0.9299999999999999,0.9299999999999999,,134.0,1,False
2026-04-01 17:11:30+00:00,,,,,,,,0.9399999999999998,0.94,,10.0,1,False
2026-04-01 17:12:00+00:00,,,,,,,,0.9399999999999998,0.94,,0.0,0,False
2026-04-01 17:12:30+00:00,,,,,,,,0.9299999999999999,0.9299999999999999,,122.0,2,False
2026-04-01 17:13:00+00:00,,,,,,,,0.9299999999999999,0.9299999999999999,,583.0,1,False
2026-04-01 17:13:30+00:00,,,,,,,,0.9299999999999999,0.9299999999999999,,0.0,0,False
2026-04-01 17:14:00+00:00,,,,,,,,0.9299999999999999,0.9299999999999999,,111.0,5,False
2026-04-01 17:14:30+00:00,,,,,,,,0.9299999999999999,0.93,,59.0,2,False
2026-04-01 17:15:00+00:00,,,,,,,,0.9299999999999999,0.93,,0.0,0,False
2026-04-01 17:15:30+00:00,,,,,,,,0.9299999999999999,0.93,,0.0,0,False
2026-04-01 17:16:00+00:00,,,,,,,,0.9299999999999999,0.9299999999999999,,144.0,1,False
2026-04-01 17:16:30+00:00,,,,,,,,0.9299999999999999,0.9299999999999999,,0.0,0,False
2026-04-01 17:17:00+00:00,,,,,,,,0.9299999999999999,0.9299999999999999,,0.0,0,False
2026-04-01 17:17:30+00:00,,,,,,,,0.9299999999999998,0.9299999999999999,,147.0,2,False
2026-04-01 17:18:00+00:00,,,,,,,,0.9299999999999998,0.9299999999999999,,0.0,0,False
2026-04-01 17:18:30+00:00,,,,,,,,0.9299999999999998,0.9299999999999999,,0.0,0,False
2026-04-01 17:19:00+00:00,,,,,,,,0.9299999999999999,0.9299999999999999,,141.0,5,False
2026-04-01 17:19:30+00:00,,,,,,,,0.9299999999999999,0.9299999999999999,,0.0,0,False
2026-04-01 17:20:00+00:00,,,,,,,,0.9207757166947723,0.9299999999999999,,593.0,4,False
2026-04-01 17:20:30+00:00,,,,,,,,0.9207757166947723,0.9299999999999999,,0.0,0,False
2026-04-01 17:21:00+00:00,,,,,,,,0.9207757166947723,0.9299999999999999,,0.0,0,False
2026-04-01 17:21:30+00:00,,,,,,,,0.9200000000000002,0.92,,10.0,1,False
2026-04-01 17:22:00+00:00,,,,,,,,0.9200000000000002,0.92,,10.0,1,False
2026-04-01 17:22:30+00:00,,,,,,,,0.9200000000000002,0.92,,0.0,0,False
2026-04-01 17:23:00+00:00,,,,,,,,0.9200000000000002,0.92,,0.0,0,False
2026-04-01 17:23:30+00:00,,,,,,,,0.9200000000000002,0.92,,0.0,0,False
2026-04-01 17:24:00+00:00,,,,,,,,0.9200000000000002,0.92,,0.0,0,False
2026-04-01 17:24:30+00:00,,,,,,,,0.9200000000000002,0.92,,0.0,0,False
2026-04-01 17:25:00+00:00,,,,,,,,0.9205555555555556,0.92,,36.0,2,False
2026-04-01 17:25:30+00:00,,,,,,,,0.9205555555555556,0.92,,0.0,0,False
2026-04-01 17:26:00+00:00,,,,,,,,0.9200000000000002,0.92,,5.0,1,False
2026-04-01 17:26:30+00:00,,,,,,,,0.9200000000000002,0.92,,0.0,0,False
2026-04-01 17:27:00+00:00,,,,,,,,0.9200000000000002,0.92,,0.0,0,False
2026-04-01 17:27:30+00:00,,,,,,,,0.9200000000000002,0.92,,0.0,0,False
2026-04-01 17:28:00+00:00,,,,,,,,0.92,0.92,,129.0,1,False
2026-04-01 17:28:30+00:00,,,,,,,,0.92,0.92,,58.0,1,False
2026-04-01 17:29:00+00:00,,,,,,,,0.92,0.92,,0.0,0,False
2026-04-01 17:29:30+00:00,,,,,,,,0.92,0.92,,0.0,0,False
2026-04-01 17:30:00+00:00,,,,,,,,0.92,0.92,,33.0,1,False
2026-04-01 17:30:30+00:00,,,,,,,,0.92,0.92,,0.0,0,False
2026-04-01 17:31:00+00:00,,,,,,,,0.92,0.92,,0.0,0,False
2026-04-01 17:31:30+00:00,,,,,,,,0.92,0.92,,0.0,0,False
2026-04-01 17:32:00+00:00,,,,,,,,0.92,0.92,,0.0,0,False
2026-04-01 17:32:30+00:00,,,,,,,,0.92,0.92,,46.0,2,False
2026-04-01 17:33:00+00:00,,,,,,,,0.92,0.92,,0.0,0,False
2026-04-01 17:33:30+00:00,,,,,,,,0.92,0.92,,58.0,1,False
2026-04-01 17:34:00+00:00,,,,,,,,0.92,0.92,,0.0,0,False
2026-04-01 17:34:30+00:00,,,,,,,,0.92,0.92,,0.0,0,False
2026-04-01 17:35:00+00:00,,,,,,,,0.92,0.92,,0.0,0,False
2026-04-01 17:35:30+00:00,,,,,,,,0.9199999999999999,0.92,,81.0,2,False
2026-04-01 17:36:00+00:00,,,,,,,,0.92,0.92,,50.0,1,False
2026-04-01 17:36:30+00:00,,,,,,,,0.94,0.94,,1.0,1,False
2026-04-01 17:37:00+00:00,,,,,,,,0.92,0.92,,300.0,1,False
2026-04-01 17:37:30+00:00,,,,,,,,0.92,0.92,,0.0,0,False
2026-04-01 17:38:00+00:00,,,,,,,,0.92,0.92,,0.0,0,False
2026-04-01 17:38:30+00:00,,,,,,,,0.92,0.92,,293.0,1,False
2026-04-01 17:39:00+00:00,,,,,,,,0.92,0.92,,0.0,0,False
2026-04-01 17:39:30+00:00,,,,,,,,0.92,0.92,,50.0,1,False
2026-04-01 17:40:00+00:00,,,,,,,,0.92,0.92,,0.0,0,False
2026-04-01 17:40:30+00:00,,,,,,,,0.9200000000000002,0.92,,10.0,1,False
2026-04-01 17:41:00+00:00,,,,,,,,0.94,0.94,,1.0,1,False
2026-04-01 17:41:30+00:00,,,,,,,,0.94,0.94,,0.0,0,False
2026-04-01 17:42:00+00:00,,,,,,,,0.94,0.94,,0.0,0,False
2026-04-01 17:42:30+00:00,,,,,,,,0.94,0.94,,0.0,0,False
2026-04-01 17:43:00+00:00,,,,,,,,0.94,0.94,,0.0,0,False
2026-04-01 17:43:30+00:00,,,,,,,,0.94,0.94,,0.0,0,False
2026-04-01 17:44:00+00:00,,,,,,,,0.94,0.94,,0.0,0,False
2026-04-01 17:44:30+00:00,,,,,,,,0.94,0.94,,1.0,1,False
2026-04-01 17:45:00+00:00,,,,,,,,0.92,0.92,,27.0,1,False
2026-04-01 17:45:30+00:00,,,,,,,,0.92,0.92,,0.0,0,False
2026-04-01 17:46:00+00:00,,,,,,,,0.92,0.92,,0.0,0,False
2026-04-01 17:46:30+00:00,,,,,,,,0.93,0.93,,45.0,1,False
2026-04-01 17:47:00+00:00,,,,,,,,0.93,0.93,,0.0,0,False
2026-04-01 17:47:30+00:00,,,,,,,,0.92,0.92,,23.0,1,False
2026-04-01 17:48:00+00:00,,,,,,,,0.92,0.92,,0.0,0,False
2026-04-01 17:48:30+00:00,,,,,,,,0.92,0.92,,28.0,1,False
2026-04-01 17:49:00+00:00,,,,,,,,0.92,0.92,,0.0,0,False
2026-04-01 17:49:30+00:00,,,,,,,,0.92,0.92,,0.0,0,False
2026-04-01 17:50:00+00:00,,,,,,,,0.92,0.92,,0.0,0,False
2026-04-01 17:50:30+00:00,,,,,,,,0.9200000000000002,0.92,,5.0,1,False
2026-04-01 17:51:00+00:00,,,,,,,,0.9200000000000002,0.92,,0.0,0,False
2026-04-01 17:51:30+00:00,,,,,,,,0.94,0.94,,1.0,1,False
2026-04-01 17:52:00+00:00,,,,,,,,0.94,0.94,,0.0,0,False
2026-04-01 17:52:30+00:00,,,,,,,,0.94,0.94,,0.0,0,False
2026-04-01 17:53:00+00:00,,,,,,,,0.92,0.92,,25.0,1,False
2026-04-01 17:53:30+00:00,,,,,,,,0.92,0.92,,0.0,0,False
2026-04-01 17:54:00+00:00,,,,,,,,0.92,0.92,,0.0,0,False
2026-04-01 17:54:30+00:00,,,,,,,,0.92,0.92,,0.0,0,False
2026-04-01 17:55:00+00:00,,,,,,,,0.94,0.94,,9.0,1,False
2026-04-01 17:55:30+00:00,,,,,,,,0.94,0.94,,0.0,0,False
2026-04-01 17:56:00+00:00,,,,,,,,0.94,0.94,,0.0,0,False
2026-04-01 17:56:30+00:00,,,,,,,,0.94,0.94,,0.0,0,False
2026-04-01 17:57:00+00:00,,,,,,,,0.92,0.92,,23.0,1,False
2026-04-01 17:57:30+00:00,,,,,,,,0.9299999999999999,0.93,,1107.0,1,False
2026-04-01 17:58:00+00:00,,,,,,,,0.9299999999999999,0.93,,0.0,0,False
2026-04-01 17:58:30+00:00,,,,,,,,0.9299999999999999,0.93,,0.0,0,False
2026-04-01 17:59:00+00:00,,,,,,,,0.9299999999999999,0.93,,0.0,0,False
2026-04-01 17:59:30+00:00,,,,,,,,0.9299999999999999,0.93,,0.0,0,False
2026-04-01 18:00:00+00:00,,,,,,,,0.9299999999999999,0.93,,0.0,0,False
2026-04-01 18:00:30+00:00,,,,,,,,0.9299999999999999,0.93,,0.0,0,False
2026-04-01 18:01:00+00:00,,,,,,,,0.9299999999999999,0.93,,0.0,0,False
2026-04-01 18:01:30+00:00,,,,,,,,0.9200000000000002,0.92,,317.0,2,False
2026-04-01 18:02:00+00:00,,,,,,,,0.92,0.92,,35.0,3,False
2026-04-01 18:02:30+00:00,,,,,,,,0.9199999999999999,0.92,,105.0,2,False
2026-04-01 18:03:00+00:00,,,,,,,,0.9275999999999999,0.9299999999999999,,425.0,3,False
2026-04-01 18:03:30+00:00,,,,,,,,0.9275999999999999,0.9299999999999999,,0.0,0,False
2026-04-01 18:04:00+00:00,,,,,,,,0.9299999999999998,0.9299999999999999,,11.0,1,False
2026-04-01 18:04:30+00:00,,,,,,,,0.9299999999999999,0.9299999999999999,,2.0,1,False
2026-04-01 18:05:00+00:00,,,,,,,,0.9299999999999999,0.9299999999999999,,0.0,0,False
2026-04-01 18:05:30+00:00,,,,,,,,0.94,0.94,,71.0,1,False
2026-04-01 18:06:00+00:00,,,,,,,,0.94,0.94,,0.0,0,False
2026-04-01 18:06:30+00:00,,,,,,,,0.9299999999999999,0.9299999999999999,,52.0,2,False
2026-04-01 18:07:00+00:00,,,,,,,,0.9299999999999999,0.9299999999999999,,13.0,1,False
2026-04-01 18:07:30+00:00,,,,,,,,0.9299999999999999,0.9299999999999999,,0.0,0,False
2026-04-01 18:08:00+00:00,,,,,,,,0.93,0.9299999999999999,,25.0,1,False
2026-04-01 18:08:30+00:00,,,,,,,,0.93,0.9299999999999999,,113.0,2,False
2026-04-01 18:09:00+00:00,,,,,,,,0.93,0.9299999999999999,,0.0,0,False
2026-04-01 18:09:30+00:00,,,,,,,,0.93,0.9299999999999999,,0.0,0,False
2026-04-01 18:10:00+00:00,,,,,,,,0.9299999999999999,0.9299999999999999,,67.0,1,False
2026-04-01 18:10:30+00:00,,,,,,,,0.9299999999999999,0.9299999999999999,,0.0,0,False
2026-04-01 18:11:00+00:00,,,,,,,,0.9299999999999998,0.9299999999999999,,335.0,1,False
2026-04-01 18:11:30+00:00,,,,,,,,0.9299999999999998,0.9299999999999999,,0.0,0,False
2026-04-01 18:12:00+00:00,,,,,,,,0.9301273885350316,0.9299999999999999,,157.0,2,False
2026-04-01 18:12:30+00:00,,,,,,,,0.9299999999999999,0.9299999999999999,,55.0,1,False
2026-04-01 18:13:00+00:00,,,,,,,,0.9299999999999999,0.9299999999999999,,0.0,0,False
2026-04-01 18:13:30+00:00,,,,,,,,0.9299999999999999,0.9299999999999999,,0.0,0,False
2026-04-01 18:14:00+00:00,,,,,,,,0.9299999999999999,0.9299999999999999,,0.0,0,False
2026-04-01 18:14:30+00:00,,,,,,,,0.9299999999999999,0.9299999999999999,,0.0,0,False
2026-04-01 18:15:00+00:00,,,,,,,,0.9299999999999998,0.9299999999999999,,11.0,1,False
2026-04-01 18:15:30+00:00,,,,,,,,0.94,0.94,,1.0,1,False
2026-04-01 18:16:00+00:00,,,,,,,,0.9328571428571428,0.94,,77.0,2,False
2026-04-01 18:16:30+00:00,,,,,,,,0.9328571428571428,0.94,,0.0,0,False
2026-04-01 18:17:00+00:00,,,,,,,,0.9328571428571428,0.94,,0.0,0,False
2026-04-01 18:17:30+00:00,,,,,,,,0.9328571428571428,0.94,,0.0,0,False
2026-04-01 18:18:00+00:00,,,,,,,,0.9299999999999999,0.9299999999999999,,239.0,1,False
2026-04-01 18:18:30+00:00,,,,,,,,0.9299999999999999,0.9299999999999999,,0.0,0,False
2026-04-01 18:19:00+00:00,,,,,,,,0.9299999999999999,0.9299999999999999,,26.0,1,False
2026-04-01 18:19:30+00:00,,,,,,,,0.9400000000000001,0.94,,423.0,1,False
2026-04-01 18:20:00+00:00,,,,,,,,0.9300341296928327,0.94,,293.0,2,False
2026-04-01 18:20:30+00:00,,,,,,,,0.94,0.94,,1.0,1,False
2026-04-01 18:21:00+00:00,,,,,,,,0.94,0.94,,0.0,0,False
2026-04-01 18:21:30+00:00,,,,,,,,0.94,0.94,,3.0,1,False
2026-04-01 18:22:00+00:00,,,,,,,,0.9299999999999999,0.9299999999999999,,166.0,1,False
2026-04-01 18:22:30+00:00,,,,,,,,0.93,0.9299999999999999,,50.0,1,False
2026-04-01 18:23:00+00:00,,,,,,,,0.93,0.9299999999999999,,0.0,0,False
2026-04-01 18:23:30+00:00,,,,,,,,0.93,0.9299999999999999,,0.0,0,False
2026-04-01 18:24:00+00:00,,,,,,,,0.93,0.93,,2.0,1,False
2026-04-01 18:24:30+00:00,,,,,,,,0.9299999999999999,0.9299999999999999,,412.0,1,False
2026-04-01 18:25:00+00:00,,,,,,,,0.9396969696969696,0.93,,33.0,2,False
2026-04-01 18:25:30+00:00,,,,,,,,0.9396969696969696,0.93,,0.0,0,False
2026-04-01 18:26:00+00:00,,,,,,,,0.9299999999999999,0.9299999999999999,,5.0,1,False
2026-04-01 18:26:30+00:00,,,,,,,,0.9299999999999999,0.9299999999999999,,0.0,0,False
2026-04-01 18:27:00+00:00,,,,,,,,0.93,0.9299999999999999,,50.0,1,False
2026-04-01 18:27:30+00:00,,,,,,,,0.93,0.9299999999999999,,0.0,0,False
2026-04-01 18:28:00+00:00,,,,,,,,0.93,0.9299999999999999,,0.0,0,False
2026-04-01 18:28:30+00:00,,,,,,,,0.93,0.9299999999999999,,0.0,0,False
2026-04-01 18:29:00+00:00,,,,,,,,0.93,0.9299999999999999,,0.0,0,False
2026-04-01 18:29:30+00:00,,,,,,,,0.93,0.9299999999999999,,0.0,0,False
2026-04-01 18:30:00+00:00,,,,,,,,0.93,0.9299999999999999,,0.0,0,False
2026-04-01 18:30:30+00:00,,,,,,,,0.93,0.9299999999999999,,46.0,2,False
2026-04-01 18:31:00+00:00,,,,,,,,0.93,0.9299999999999999,,0.0,0,False
2026-04-01 18:31:30+00:00,,,,,,,,0.93,0.9299999999999999,,0.0,0,False
2026-04-01 18:32:00+00:00,,,,,,,,0.9299999999999999,0.9299999999999999,,111.0,1,False
2026-04-01 18:32:30+00:00,,,,,,,,0.9299999999999999,0.9299999999999999,,0.0,0,False
2026-04-01 18:33:00+00:00,,,,,,,,0.9299999999999999,0.9299999999999999,,0.0,0,False
2026-04-01 18:33:30+00:00,,,,,,,,0.9299999999999998,0.9299999999999999,,11.0,1,False
2026-04-01 18:34:00+00:00,,,,,,,,0.9299999999999998,0.9299999999999999,,335.0,2,False
2026-04-01 18:34:30+00:00,,,,,,,,0.9299999999999999,0.9299999999999999,,1.0,1,False
2026-04-01 18:35:00+00:00,,,,,,,,0.9299999999999999,0.9299999999999999,,0.0,0,False
2026-04-01 18:35:30+00:00,,,,,,,,0.9299999999999999,0.9299999999999999,,134.0,1,False
2026-04-01 18:36:00+00:00,,,,,,,,0.93,0.9299999999999999,,3.0,1,False
2026-04-01 18:36:30+00:00,,,,,,,,0.93,0.9299999999999999,,6.0,2,False
2026-04-01 18:37:00+00:00,,,,,,,,0.93,0.9299999999999999,,0.0,0,False
2026-04-01 18:37:30+00:00,,,,,,,,0.93,0.9299999999999999,,0.0,0,False
2026-04-01 18:38:00+00:00,,,,,,,,0.93,0.9299999999999999,,0.0,0,False
2026-04-01 18:38:30+00:00,,,,,,,,0.93,0.9299999999999999,,0.0,0,False
2026-04-01 18:39:00+00:00,,,,,,,,0.9299999999999999,0.9299999999999999,,166.0,1,False
2026-04-01 18:39:30+00:00,,,,,,,,0.9299999999999999,0.9299999999999999,,0.0,0,False
2026-04-01 18:40:00+00:00,,,,,,,,0.9299999999999999,0.9299999999999999,,0.0,0,False
2026-04-01 18:40:30+00:00,,,,,,,,0.9299999999999999,0.9299999999999999,,0.0,0,False
2026-04-01 18:41:00+00:00,,,,,,,,0.93,0.9299999999999999,,3.0,3,False
2026-04-01 18:41:30+00:00,,,,,,,,0.93,0.9299999999999999,,3.0,3,False
2026-04-01 18:42:00+00:00,,,,,,,,0.9299999999999999,0.9299999999999999,,134.0,1,False
2026-04-01 18:42:30+00:00,,,,,,,,0.9299999999999998,0.9299999999999999,,22.0,1,False
2026-04-01 18:43:00+00:00,,,,,,,,0.9299999999999999,0.9299999999999999,,53.0,1,False
2026-04-01 18:43:30+00:00,,,,,,,,0.9299999999999999,0.9299999999999999,,149.0,3,False
2026-04-01 18:44:00+00:00,,,,,,,,0.9299999999999999,0.9299999999999999,,0.0,0,False
2026-04-01 18:44:30+00:00,,,,,,,,0.9299999999999999,0.9299999999999999,,0.0,0,False
2026-04-01 18:45:00+00:00,,,,,,,,0.9299999999999999,0.9299999999999999,,0.0,0,False
2026-04-01 18:45:30+00:00,,,,,,,,0.93,0.9299999999999999,,226.0,2,False
2026-04-01 18:46:00+00:00,,,,,,,,0.9299999999999999,0.9299999999999999,,979.0,1,False
2026-04-01 18:46:30+00:00,,,,,,,,0.9299999999999999,0.9299999999999999,,30.0,1,False
2026-04-01 18:47:00+00:00,,,,,,,,0.9299999999999999,0.9299999999999999,,0.0,0,False
2026-04-01 18:47:30+00:00,,,,,,,,0.9299999999999999,0.9299999999999999,,0.0,0,False
2026-04-01 18:48:00+00:00,,,,,,,,0.9299999999999999,0.9299999999999999,,107.0,1,False
2026-04-01 18:48:30+00:00,,,,,,,,0.9299999999999999,0.9299999999999999,,0.0,0,False
2026-04-01 18:49:00+00:00,,,,,,,,0.93,0.9299999999999999,,15295.0,5,False
2026-04-01 18:49:30+00:00,,,,,,,,0.94,0.94,,12.0,1,False
2026-04-01 18:50:00+00:00,,,,,,,,0.93,0.9299999999999999,,142.0,2,False
2026-04-01 18:50:30+00:00,,,,,,,,0.93,0.9299999999999999,,0.0,0,False
2026-04-01 18:51:00+00:00,,,,,,,,0.93,0.9299999999999999,,0.0,0,False
2026-04-01 18:51:30+00:00,,,,,,,,0.9388413361169102,0.9299999999999999,,958.0,2,False
2026-04-01 18:52:00+00:00,,,,,,,,0.9399868738216272,0.94,,41901.0,2,False
2026-04-01 18:52:30+00:00,,,,,,,,0.9399868738216272,0.94,,0.0,0,False
2026-04-01 18:53:00+00:00,,,,,,,,0.9399868738216272,0.94,,0.0,0,False
2026-04-01 18:53:30+00:00,,,,,,,,0.9399999999999998,0.94,,10.0,1,False
2026-04-01 18:54:00+00:00,,,,,,,,0.9399999999999998,0.94,,0.0,0,False
2026-04-01 18:54:30+00:00,,,,,,,,0.9399999999999998,0.94,,0.0,0,False
2026-04-01 18:55:00+00:00,,,,,,,,0.9299999999999998,0.9299999999999999,,335.0,1,False
2026-04-01 18:55:30+00:00,,,,,,,,0.9299999999999999,0.9299999999999999,,40.0,1,False
2026-04-01 18:56:00+00:00,,,,,,,,0.9299999999999999,0.9299999999999999,,0.0,0,False
2026-04-01 18:56:30+00:00,,,,,,,,0.9314285714285713,0.9299999999999999,,70.0,2,False
2026-04-01 18:57:00+00:00,,,,,,,,0.9399999999999998,0.94,,40.0,1,False
2026-04-01 18:57:30+00:00,,,,,,,,0.9299999999999999,0.9299999999999999,,33.0,1,False
2026-04-01 18:58:00+00:00,,,,,,,,0.9299999999999999,0.9299999999999999,,0.0,0,False
2026-04-01 18:58:30+00:00,,,,,,,,0.9299999999999999,0.9299999999999999,,402.0,1,False
2026-04-01 18:59:00+00:00,,,,,,,,0.9299999999999999,0.9299999999999999,,40.0,1,False
2026-04-01 18:59:30+00:00,,,,,,,,0.9299999999999999,0.9299999999999999,,0.0,0,False
2026-04-01 19:00:00+00:00,,,,,,,,0.9299999999999999,0.9299999999999999,,0.0,0,False
2026-04-01 19:00:30+00:00,,,,,,,,0.9299999999999999,0.9299999999999999,,0.0,0,False
2026-04-01 19:01:00+00:00,,,,,,,,0.9299999999999999,0.9299999999999999,,0.0,0,False
2026-04-01 19:01:30+00:00,,,,,,,,0.9299999999999999,0.9299999999999999,,0.0,0,False
2026-04-01 19:02:00+00:00,,,,,,,,0.9299999999999999,0.9299999999999999,,1699.0,5,False
2026-04-01 19:02:30+00:00,,,,,,,,0.9299999999999999,0.9299999999999999,,0.0,0,False
2026-04-01 19:03:00+00:00,,,,,,,,0.9399999999999998,0.94,,10.0,1,False
2026-04-01 19:03:30+00:00,,,,,,,,0.9300105820105821,0.94,,945.0,2,False
2026-04-01 19:04:00+00:00,,,,,,,,0.9399999999999998,0.94,,5.0,1,False
2026-04-01 19:04:30+00:00,,,,,,,,0.9299999999999999,0.9299999999999999,,26.0,1,False
2026-04-01 19:05:00+00:00,,,,,,,,0.9300194552529181,0.94,,514.0,3,False
2026-04-01 19:05:30+00:00,,,,,,,,0.94,0.94,,105.0,1,False
2026-04-01 19:06:00+00:00,,,,,,,,0.9299999999999998,0.9299999999999999,,13.0,2,False
2026-04-01 19:06:30+00:00,,,,,,,,0.9299999999999998,0.9299999999999999,,0.0,0,False
2026-04-01 19:07:00+00:00,,,,,,,,0.9299999999999998,0.9299999999999999,,277.0,1,False
2026-04-01 19:07:30+00:00,,,,,,,,0.9299999999999998,0.9299999999999999,,0.0,0,False
2026-04-01 19:08:00+00:00,,,,,,,,0.94,0.94,,165.0,1,False
2026-04-01 19:08:30+00:00,,,,,,,,0.9327777777777777,0.9299999999999999,,18.0,2,False
2026-04-01 19:09:00+00:00,,,,,,,,0.9327777777777777,0.9299999999999999,,0.0,0,False
2026-04-01 19:09:30+00:00,,,,,,,,0.9300129701686123,0.9299999999999999,,771.0,4,False
2026-04-01 19:10:00+00:00,,,,,,,,0.9300129701686123,0.9299999999999999,,0.0,0,False
2026-04-01 19:10:30+00:00,,,,,,,,0.9300129701686123,0.9299999999999999,,0.0,0,False
2026-04-01 19:11:00+00:00,,,,,,,,0.9300129701686123,0.9299999999999999,,0.0,0,False
2026-04-01 19:11:30+00:00,,,,,,,,0.9299999999999998,0.9299999999999999,,47.0,1,False
2026-04-01 19:12:00+00:00,,,,,,,,0.9299999999999998,0.9299999999999999,,0.0,0,False
2026-04-01 19:12:30+00:00,,,,,,,,0.9299999999999999,0.9299999999999999,,40.0,1,False
2026-04-01 19:13:00+00:00,,,,,,,,0.9299999999999999,0.9299999999999999,,0.0,0,False
2026-04-01 19:13:30+00:00,,,,,,,,0.9299999999999999,0.9299999999999999,,0.0,0,False
2026-04-01 19:14:00+00:00,,,,,,,,0.9319999999999999,0.9299999999999999,,25.0,2,False
2026-04-01 19:14:30+00:00,,,,,,,,0.9319999999999999,0.9299999999999999,,0.0,0,False
2026-04-01 19:15:00+00:00,,,,,,,,0.9299999999999998,0.9299999999999999,,22.0,1,False
2026-04-01 19:15:30+00:00,,,,,,,,0.9299999999999998,0.9299999999999999,,0.0,0,False
2026-04-01 19:16:00+00:00,,,,,,,,0.94,0.94,,847.0,1,False
2026-04-01 19:16:30+00:00,,,,,,,,0.94,0.94,,0.0,0,False
2026-04-01 19:17:00+00:00,,,,,,,,0.94,0.94,,0.0,0,False
2026-04-01 19:17:30+00:00,,,,,,,,0.94,0.94,,0.0,0,False
2026-04-01 19:18:00+00:00,,,,,,,,0.94,0.94,,0.0,0,False
2026-04-01 19:18:30+00:00,,,,,,,,0.9299999999999999,0.9299999999999999,,20.0,1,False
2026-04-01 19:19:00+00:00,,,,,,,,0.9299999999999999,0.9299999999999999,,0.0,0,False
2026-04-01 19:19:30+00:00,,,,,,,,0.9299999999999999,0.9299999999999999,,1388.0,1,False
2026-04-01 19:20:00+00:00,,,,,,,,0.9299999999999998,0.9299999999999999,,335.0,1,False
2026-04-01 19:20:30+00:00,,,,,,,,0.9398911968348169,0.9299999999999999,,5055.0,2,False
2026-04-01 19:21:00+00:00,,,,,,,,0.9398911968348169,0.9299999999999999,,0.0,0,False
2026-04-01 19:21:30+00:00,,,,,,,,0.9299999999999999,0.9299999999999999,,134.0,1,False
2026-04-01 19:22:00+00:00,,,,,,,,0.9299999999999999,0.9299999999999999,,0.0,0,False
2026-04-01 19:22:30+00:00,,,,,,,,0.9323863636363636,0.9299999999999999,,88.0,2,False
2026-04-01 19:23:00+00:00,,,,,,,,0.9323863636363636,0.9299999999999999,,0.0,0,False
2026-04-01 19:23:30+00:00,,,,,,,,0.9323863636363636,0.9299999999999999,,0.0,0,False
2026-04-01 19:24:00+00:00,,,,,,,,0.9323863636363636,0.9299999999999999,,0.0,0,False
2026-04-01 19:24:30+00:00,,,,,,,,0.9323863636363636,0.9299999999999999,,0.0,0,False
2026-04-01 19:25:00+00:00,,,,,,,,0.9323863636363636,0.9299999999999999,,0.0,0,False
2026-04-01 19:25:30+00:00,,,,,,,,0.9323863636363636,0.9299999999999999,,0.0,0,False
2026-04-01 19:26:00+00:00,,,,,,,,0.9323863636363636,0.9299999999999999,,0.0,0,False
2026-04-01 19:26:30+00:00,,,,,,,,0.9323863636363636,0.9299999999999999,,0.0,0,False
2026-04-01 19:27:00+00:00,,,,,,,,0.9323863636363636,0.9299999999999999,,0.0,0,False
2026-04-01 19:27:30+00:00,,,,,,,,0.9323863636363636,0.9299999999999999,,0.0,0,False
2026-04-01 19:28:00+00:00,,,,,,,,0.9400000000000001,0.94,,53.0,1,False
2026-04-01 19:28:30+00:00,,,,,,,,0.9300448028673836,0.9299999999999999,,1116.0,2,False
2026-04-01 19:29:00+00:00,,,,,,,,0.9300448028673836,0.9299999999999999,,0.0,0,False
2026-04-01 19:29:30+00:00,,,,,,,,0.9299999999999999,0.9299999999999999,,418.0,6,False
2026-04-01 19:30:00+00:00,,,,,,,,0.9299999999999999,0.9299999999999999,,1737.0,2,False
2026-04-01 19:30:30+00:00,,,,,,,,0.9299999999999999,0.9299999999999999,,0.0,0,False
2026-04-01 19:31:00+00:00,,,,,,,,0.94,0.94,,2.0,1,False
2026-04-01 19:31:30+00:00,,,,,,,,0.9299999999999999,0.9299999999999999,,13.0,1,False
2026-04-01 19:32:00+00:00,,,,,,,,0.9299999999999999,0.9299999999999999,,0.0,0,False
2026-04-01 19:32:30+00:00,,,,,,,,0.94,0.94,,3.0,1,False
2026-04-01 19:33:00+00:00,,,,,,,,0.94,0.94,,0.0,0,False
2026-04-01 19:33:30+00:00,,,,,,,,0.93,0.9299999999999999,,100.0,1,False
2026-04-01 19:34:00+00:00,,,,,,,,0.9306832298136646,0.94,,161.0,2,False
2026-04-01 19:34:30+00:00,,,,,,,,0.9306832298136646,0.94,,0.0,0,False
2026-04-01 19:35:00+00:00,,,,,,,,0.9299999999999999,0.9299999999999999,,10.0,1,False
2026-04-01 19:35:30+00:00,,,,,,,,0.94,0.94,,67.0,2,False
2026-04-01 19:36:00+00:00,,,,,,,,0.94,0.94,,0.0,0,False
2026-04-01 19:36:30+00:00,,,,,,,,0.93,0.9299999999999999,,100.0,1,False
2026-04-01 19:37:00+00:00,,,,,,,,0.93,0.9299999999999999,,0.0,0,False
2026-04-01 19:37:30+00:00,,,,,,,,0.9356031746031745,0.9299999999999999,,630.0,5,False
2026-04-01 19:38:00+00:00,,,,,,,,0.9356031746031745,0.9299999999999999,,0.0,0,False
2026-04-01 19:38:30+00:00,,,,,,,,0.9356031746031745,0.9299999999999999,,0.0,0,False
2026-04-01 19:39:00+00:00,,,,,,,,0.9356031746031745,0.9299999999999999,,0.0,0,False
2026-04-01 19:39:30+00:00,,,,,,,,0.93,0.9299999999999999,,205.0,2,False
2026-04-01 19:40:00+00:00,,,,,,,,0.95,0.95,,52.0,1,False
2026-04-01 19:40:30+00:00,,,,,,,,0.95,0.95,,0.0,0,False
2026-04-01 19:41:00+00:00,,,,,,,,0.95,0.95,,0.0,0,False
2026-04-01 19:41:30+00:00,,,,,,,,0.95,0.95,,0.0,0,False
2026-04-01 19:42:00+00:00,,,,,,,,0.9299999999999999,0.9299999999999999,,680.0,3,False
2026-04-01 19:42:30+00:00,,,,,,,,0.9299999999999999,0.9299999999999999,,55.0,1,False
2026-04-01 19:43:00+00:00,,,,,,,,0.9299999999999999,0.9299999999999999,,0.0,0,False
2026-04-01 19:43:30+00:00,,,,,,,,0.9299999999999999,0.9299999999999999,,111.0,1,False
2026-04-01 19:44:00+00:00,,,,,,,,0.9299999999999999,0.9299999999999999,,0.0,0,False
2026-04-01 19:44:30+00:00,,,,,,,,0.9299999999999999,0.9299999999999999,,93.0,2,False
2026-04-01 19:45:00+00:00,,,,,,,,0.9300904977375566,0.95,,1105.0,2,False
2026-04-01 19:45:30+00:00,,,,,,,,0.94,0.95,,44.0,2,False
2026-04-01 19:46:00+00:00,,,,,,,,0.95,0.95,,1.0,1,False
2026-04-01 19:46:30+00:00,,,,,,,,0.9299999999999998,0.9299999999999999,,138.0,2,False
2026-04-01 19:47:00+00:00,,,,,,,,0.9299999999999998,0.9299999999999999,,0.0,0,False
2026-04-01 19:47:30+00:00,,,,,,,,0.9322535211267605,0.9299999999999999,,71.0,2,False
2026-04-01 19:48:00+00:00,,,,,,,,0.9322535211267605,0.9299999999999999,,0.0,0,False
2026-04-01 19:48:30+00:00,,,,,,,,0.9322535211267605,0.9299999999999999,,0.0,0,False
2026-04-01 19:49:00+00:00,,,,,,,,0.9322535211267605,0.9299999999999999,,0.0,0,False
2026-04-01 19:49:30+00:00,,,,,,,,0.9322535211267605,0.9299999999999999,,0.0,0,False
2026-04-01 19:50:00+00:00,,,,,,,,0.9299999999999999,0.9299999999999999,,222.0,1,False
2026-04-01 19:50:30+00:00,,,,,,,,0.9299999999999999,0.9299999999999999,,222.0,1,False
2026-04-01 19:51:00+00:00,,,,,,,,0.9299999999999999,0.9299999999999999,,0.0,0,False
2026-04-01 19:51:30+00:00,,,,,,,,0.9299999999999999,0.9299999999999999,,0.0,0,False
2026-04-01 19:52:00+00:00,,,,,,,,0.95,0.95,,17.0,3,False
2026-04-01 19:52:30+00:00,,,,,,,,0.9499999999999998,0.95,,3.0,1,False
2026-04-01 19:53:00+00:00,,,,,,,,0.9499999999999998,0.95,,0.0,0,False
2026-04-01 19:53:30+00:00,,,,,,,,0.9499999999999998,0.95,,0.0,0,False
2026-04-01 19:54:00+00:00,,,,,,,,0.95,0.95,,5.0,1,False
2026-04-01 19:54:30+00:00,,,,,,,,0.95,0.95,,0.0,0,False
2026-04-01 19:55:00+00:00,,,,,,,,0.9299999999999999,0.9299999999999999,,1.0,1,False
2026-04-01 19:55:30+00:00,,,,,,,,0.9299999999999999,0.9299999999999999,,0.0,0,False
2026-04-01 19:56:00+00:00,,,,,,,,0.9299999999999999,0.9299999999999999,,0.0,0,False
2026-04-01 19:56:30+00:00,,,,,,,,0.9299999999999999,0.9299999999999999,,1.0,1,False
2026-04-01 19:57:00+00:00,,,,,,,,0.9299999999999999,0.9299999999999999,,0.0,0,False
2026-04-01 19:57:30+00:00,,,,,,,,0.94,0.94,,1.0,1,False
2026-04-01 19:58:00+00:00,,,,,,,,0.94,0.94,,0.0,0,False
2026-04-01 19:58:30+00:00,,,,,,,,0.94,0.94,,0.0,0,False
2026-04-01 19:59:00+00:00,,,,,,,,0.94,0.94,,0.0,0,False
2026-04-01 19:59:30+00:00,,,,,,,,0.9299999999999999,0.9299999999999999,,402.0,2,False
2026-04-01 20:00:00+00:00,,,,,,,,0.9299999999999999,0.9299999999999999,,0.0,0,False
2026-04-01 20:00:30+00:00,,,,,,,,0.9299999999999998,0.9299999999999999,,327.0,2,False
2026-04-01 20:01:00+00:00,,,,,,,,0.9299999999999999,0.9299999999999999,,50040.0,2,False
2026-04-01 20:01:30+00:00,,,,,,,,0.9299999999999999,0.9299999999999999,,166.0,1,False
2026-04-01 20:02:00+00:00,,,,,,,,0.9299999999999999,0.9299999999999999,,0.0,0,False
2026-04-01 20:02:30+00:00,,,,,,,,0.9433333333333334,0.95,,3.0,2,False
2026-04-01 20:03:00+00:00,,,,,,,,0.9299999999999999,0.9299999999999999,,162.0,2,False
2026-04-01 20:03:30+00:00,,,,,,,,0.9299999999999999,0.9299999999999999,,0.0,0,False
2026-04-01 20:04:00+00:00,,,,,,,,0.9299999999999999,0.9299999999999999,,56.0,1,False
2026-04-01 20:04:30+00:00,,,,,,,,0.95,0.95,,1.0,1,False
2026-04-01 20:05:00+00:00,,,,,,,,0.95,0.95,,0.0,0,False
2026-04-01 20:05:30+00:00,,,,,,,,0.93,0.9299999999999999,,200.0,1,False
2026-04-01 20:06:00+00:00,,,,,,,,0.93,0.9299999999999999,,0.0,0,False
2026-04-01 20:06:30+00:00,,,,,,,,0.93,0.9299999999999999,,0.0,0,False
2026-04-01 20:07:00+00:00,,,,,,,,0.93,0.9299999999999999,,0.0,0,False
2026-04-01 20:07:30+00:00,,,,,,,,0.9299999999999999,0.9299999999999999,,54.0,1,False
2026-04-01 20:08:00+00:00,,,,,,,,0.9299999999999999,0.9299999999999999,,0.0,0,False
2026-04-01 20:08:30+00:00,,,,,,,,0.9349999999999999,0.9299999999999999,,40.0,2,False
2026-04-01 20:09:00+00:00,,,,,,,,0.9299999999999999,0.9299999999999999,,13.0,1,False
2026-04-01 20:09:30+00:00,,,,,,,,0.9299999999999999,0.9299999999999999,,0.0,0,False
2026-04-01 20:10:00+00:00,,,,,,,,0.93,0.9299999999999999,,3.0,1,False
2026-04-01 20:10:30+00:00,,,,,,,,0.9299999999999998,0.9299999999999999,,233.0,2,False
2026-04-01 20:11:00+00:00,,,,,,,,0.9299999999999998,0.9299999999999999,,11.0,1,False
2026-04-01 20:11:30+00:00,,,,,,,,0.95,0.95,,78.0,2,False
2026-04-01 20:12:00+00:00,,,,,,,,0.95,0.95,,0.0,0,False
2026-04-01 20:12:30+00:00,,,,,,,,0.95,0.95,,0.0,0,False
2026-04-01 20:13:00+00:00,,,,,,,,0.95,0.95,,103.0,1,False
2026-04-01 20:13:30+00:00,,,,,,,,0.95,0.95,,0.0,0,False
2026-04-01 20:14:00+00:00,,,,,,,,0.9299999999999999,0.9299999999999999,,403.0,2,False
2026-04-01 20:14:30+00:00,,,,,,,,0.9299999999999999,0.9299999999999999,,0.0,0,False
2026-04-01 20:15:00+00:00,,,,,,,,0.9299999999999999,0.9299999999999999,,266.0,3,False
2026-04-01 20:15:30+00:00,,,,,,,,0.9299999999999999,0.9299999999999999,,0.0,0,False
2026-04-01 20:16:00+00:00,,,,,,,,0.9299999999999999,0.9299999999999999,,201.0,1,False
2026-04-01 20:16:30+00:00,,,,,,,,0.9299999999999999,0.9299999999999999,,134.0,1,False
2026-04-01 20:17:00+00:00,,,,,,,,0.9299999999999999,0.9299999999999999,,111.0,1,False
2026-04-01 20:17:30+00:00,,,,,,,,0.9329577464788732,0.94,,71.0,2,False
2026-04-01 20:18:00+00:00,,,,,,,,0.94,0.94,,353.0,2,False
2026-04-01 20:18:30+00:00,,,,,,,,0.9400000000000001,0.94,,605.0,3,False
2026-04-01 20:19:00+00:00,,,,,,,,0.9400000000000001,0.94,,0.0,0,False
2026-04-01 20:19:30+00:00,,,,,,,,0.9400000000000001,0.94,,0.0,0,False
2026-04-01 20:20:00+00:00,,,,,,,,0.9343478260869564,0.94,,23.0,2,False
2026-04-01 20:20:30+00:00,,,,,,,,0.9343478260869564,0.94,,0.0,0,False
2026-04-01 20:21:00+00:00,,,,,,,,0.9343478260869564,0.94,,0.0,0,False
2026-04-01 20:21:30+00:00,,,,,,,,0.9299999999999999,0.9299999999999999,,402.0,1,False
2026-04-01 20:22:00+00:00,,,,,,,,0.9299999999999999,0.9299999999999999,,0.0,0,False
2026-04-01 20:22:30+00:00,,,,,,,,0.94,0.94,,50.0,1,False
2026-04-01 20:23:00+00:00,,,,,,,,0.9299999999999999,0.9299999999999999,,254.0,3,False
2026-04-01 20:23:30+00:00,,,,,,,,0.9299999999999999,0.9299999999999999,,201.0,1,False
2026-04-01 20:24:00+00:00,,,,,,,,0.9306802721088435,0.94,,147.0,3,False
2026-04-01 20:24:30+00:00,,,,,,,,0.9399999999999998,0.94,,317.0,1,False
2026-04-01 20:25:00+00:00,,,,,,,,0.9399999999999998,0.94,,0.0,0,False
2026-04-01 20:25:30+00:00,,,,,,,,0.9299999999999999,0.9299999999999999,,40.0,1,False
2026-04-01 20:26:00+00:00,,,,,,,,0.94,0.94,,363.0,2,False
2026-04-01 20:26:30+00:00,,,,,,,,0.94,0.94,,0.0,0,False
2026-04-01 20:27:00+00:00,,,,,,,,0.9299999999999999,0.9299999999999999,,134.0,1,False
2026-04-01 20:27:30+00:00,,,,,,,,0.9299999999999999,0.9299999999999999,,166.0,1,False
2026-04-01 20:28:00+00:00,,,,,,,,0.94,0.94,,51.0,1,False
2026-04-01 20:28:30+00:00,,,,,,,,0.9314942528735631,0.94,,696.0,3,False
2026-04-01 20:29:00+00:00,,,,,,,,0.9299999999999999,0.9299999999999999,,28.0,1,False
2026-04-01 20:29:30+00:00,,,,,,,,0.9299999999999999,0.9299999999999999,,1.0,1,False
2026-04-01 20:30:00+00:00,,,,,,,,0.9299999999999999,0.9299999999999999,,182.0,4,False
2026-04-01 20:30:30+00:00,,,,,,,,0.9299999999999999,0.9299999999999999,,0.0,0,False
2026-04-01 20:31:00+00:00,,,,,,,,0.9299999999999998,0.9299999999999999,,88.0,1,False
2026-04-01 20:31:30+00:00,,,,,,,,0.9358388520971301,0.9299999999999999,,906.0,2,False
2026-04-01 20:32:00+00:00,,,,,,,,0.9299999999999999,0.9299999999999999,,268.0,1,False
2026-04-01 20:32:30+00:00,,,,,,,,0.9374823196605374,0.94,,707.0,3,False
2026-04-01 20:33:00+00:00,,,,,,,,0.93025,0.9299999999999999,,80.0,3,False
2026-04-01 20:33:30+00:00,,,,,,,,0.9299999999999999,0.9299999999999999,,333.0,1,False
2026-04-01 20:34:00+00:00,,,,,,,,0.9299999999999999,0.9299999999999999,,500.0,1,False
2026-04-01 20:34:30+00:00,,,,,,,,0.9299999999999999,0.9299999999999999,,107.0,2,False
2026-04-01 20:35:00+00:00,,,,,,,,0.9307142857142857,0.9299999999999999,,14.0,2,False
2026-04-01 20:35:30+00:00,,,,,,,,0.9307142857142857,0.9299999999999999,,0.0,0,False
2026-04-01 20:36:00+00:00,,,,,,,,0.9299999999999999,0.9299999999999999,,55.0,1,False
2026-04-01 20:36:30+00:00,,,,,,,,0.9299999999999999,0.9299999999999999,,1573.0,4,False
2026-04-01 20:37:00+00:00,,,,,,,,0.9318518518518517,0.94,,27.0,2,False
2026-04-01 20:37:30+00:00,,,,,,,,0.9318518518518517,0.94,,0.0,0,False
2026-04-01 20:38:00+00:00,,,,,,,,0.9299999999999998,0.9299999999999999,,12.0,2,False
2026-04-01 20:38:30+00:00,,,,,,,,0.94,0.94,,428.0,2,False
2026-04-01 20:39:00+00:00,,,,,,,,0.94,0.94,,0.0,0,False
2026-04-01 20:39:30+00:00,,,,,,,,0.9399999999999998,0.94,,10.0,1,False
2026-04-01 20:40:00+00:00,,,,,,,,0.9399999999999998,0.94,,0.0,0,False
2026-04-01 20:40:30+00:00,,,,,,,,0.9331619844590555,0.9299999999999999,,1673.0,4,False
2026-04-01 20:41:00+00:00,,,,,,,,0.9331619844590555,0.9299999999999999,,0.0,0,False
2026-04-01 20:41:30+00:00,,,,,,,,0.9331619844590555,0.9299999999999999,,0.0,0,False
2026-04-01 20:42:00+00:00,,,,,,,,0.9299999999999999,0.9299999999999999,,555.0,1,False
2026-04-01 20:42:30+00:00,,,,,,,,0.9299999999999999,0.9299999999999999,,0.0,0,False
2026-04-01 20:43:00+00:00,,,,,,,,0.9299999999999999,0.9299999999999999,,0.0,0,False
2026-04-01 20:43:30+00:00,,,,,,,,0.9299999999999998,0.9299999999999999,,278.0,2,False
2026-04-01 20:44:00+00:00,,,,,,,,0.9299999999999998,0.9299999999999999,,0.0,0,False
2026-04-01 20:44:30+00:00,,,,,,,,0.9386307053941908,0.94,,241.0,2,False
2026-04-01 20:45:00+00:00,,,,,,,,0.9386307053941908,0.94,,0.0,0,False
2026-04-01 20:45:30+00:00,,,,,,,,0.93,0.9299999999999999,,179.0,4,False
2026-04-01 20:46:00+00:00,,,,,,,,0.9299999999999999,0.9299999999999999,,13.0,1,False
2026-04-01 20:46:30+00:00,,,,,,,,0.93009900990099,0.9299999999999999,,101.0,2,False
2026-04-01 20:47:00+00:00,,,,,,,,0.93009900990099,0.9299999999999999,,0.0,0,False
2026-04-01 20:47:30+00:00,,,,,,,,0.9299999999999999,0.9299999999999999,,633.0,2,False
2026-04-01 20:48:00+00:00,,,,,,,,0.9299999999999999,0.9299999999999999,,13.0,1,False
2026-04-01 20:48:30+00:00,,,,,,,,0.9299999999999999,0.9299999999999999,,0.0,0,False
2026-04-01 20:49:00+00:00,,,,,,,,0.94,0.94,,1.0,1,False
2026-04-01 20:49:30+00:00,,,,,,,,0.9299999999999999,0.9299999999999999,,20.0,1,False
2026-04-01 20:50:00+00:00,,,,,,,,0.9323076923076923,0.94,,65.0,2,False
2026-04-01 20:50:30+00:00,,,,,,,,0.9323076923076923,0.94,,0.0,0,False
2026-04-01 20:51:00+00:00,,,,,,,,0.93,0.9299999999999999,,24.0,2,False
2026-04-01 20:51:30+00:00,,,,,,,,0.93,0.9299999999999999,,0.0,0,False
2026-04-01 20:52:00+00:00,,,,,,,,0.9299999999999998,0.9299999999999999,,611.0,2,False
2026-04-01 20:52:30+00:00,,,,,,,,0.9299999999999999,0.9299999999999999,,67.0,1,False
2026-04-01 20:53:00+00:00,,,,,,,,0.9299999999999999,0.9299999999999999,,0.0,0,False
2026-04-01 20:53:30+00:00,,,,,,,,0.9399999999999998,0.94,,213.0,2,False
2026-04-01 20:54:00+00:00,,,,,,,,0.9299999999999999,0.9299999999999999,,13.0,1,False
2026-04-01 20:54:30+00:00,,,,,,,,0.9299999999999999,0.9299999999999999,,13.0,1,False
2026-04-01 20:55:00+00:00,,,,,,,,0.9299999999999999,0.9299999999999999,,422.0,3,False
2026-04-01 20:55:30+00:00,,,,,,,,0.9299999999999999,0.9299999999999999,,0.0,0,False
2026-04-01 20:56:00+00:00,,,,,,,,0.93,0.9299999999999999,,200.0,1,False
2026-04-01 20:56:30+00:00,,,,,,,,0.9300096899224806,0.94,,1032.0,3,False
2026-04-01 20:57:00+00:00,,,,,,,,0.9299999999999998,0.9299999999999999,,13.0,2,False
2026-04-01 20:57:30+00:00,,,,,,,,0.93,0.9299999999999999,,142.0,2,False
2026-04-01 20:58:00+00:00,,,,,,,,0.93,0.9299999999999999,,0.0,0,False
2026-04-01 20:58:30+00:00,,,,,,,,0.9399093414273733,0.9299999999999999,,25039.0,8,False
2026-04-01 20:59:00+00:00,,,,,,,,0.9300641025641025,0.94,,156.0,3,False
2026-04-01 20:59:30+00:00,,,,,,,,0.9299999999999998,0.9299999999999999,,670.0,1,False
2026-04-01 21:00:00+00:00,,,,,,,,0.93999000999001,0.9299999999999999,,50050.0,10,False
2026-04-01 21:00:30+00:00,,,,,,,,0.9299999999999999,0.9299999999999999,,111.0,1,False
2026-04-01 21:01:00+00:00,,,,,,,,0.9299999999999998,0.9299999999999999,,670.0,1,False
2026-04-01 21:01:30+00:00,,,,,,,,0.9299999999999998,0.9299999999999999,,11.0,1,False
2026-04-01 21:02:00+00:00,,,,,,,,0.9329896907216494,0.93,,97.0,5,False
2026-04-01 21:02:30+00:00,,,,,,,,0.9299999999999999,0.9299999999999999,,270.0,2,False
2026-04-01 21:03:00+00:00,,,,,,,,0.9299999999999999,0.9299999999999999,,209.0,2,False
2026-04-01 21:03:30+00:00,,,,,,,,0.9299999999999999,0.9299999999999999,,0.0,0,False
2026-04-01 21:04:00+00:00,,,,,,,,0.93,0.9299999999999999,,150.0,1,False
2026-04-01 21:04:30+00:00,,,,,,,,0.94,0.94,,525.0,3,False
2026-04-01 21:05:00+00:00,,,,,,,,0.9299999999999999,0.9299999999999999,,500.0,1,False
2026-04-01 21:05:30+00:00,,,,,,,,0.9299999999999999,0.9299999999999999,,0.0,0,False
2026-04-01 21:06:00+00:00,,,,,,,,0.9299999999999999,0.9299999999999999,,40.0,1,False
2026-04-01 21:06:30+00:00,,,,,,,,0.9299999999999998,0.9299999999999999,,22.0,1,False
2026-04-01 21:07:00+00:00,,,,,,,,0.9299999999999998,0.9299999999999999,,0.0,0,False
2026-04-01 21:07:30+00:00,,,,,,,,0.9299999999999998,0.9299999999999999,,0.0,0,False
2026-04-01 21:08:00+00:00,,,,,,,,0.9299999999999999,0.9299999999999999,,10.0,1,False
2026-04-01 21:08:30+00:00,,,,,,,,0.9299999999999998,0.9299999999999999,,233.0,2,False
2026-04-01 21:09:00+00:00,,,,,,,,0.9299999999999998,0.9299999999999999,,11.0,1,False
2026-04-01 21:09:30+00:00,,,,,,,,0.9299999999999998,0.9299999999999999,,0.0,0,False
2026-04-01 21:10:00+00:00,,,,,,,,0.9299999999999999,0.9299999999999999,,26.0,2,False
2026-04-01 21:10:30+00:00,,,,,,,,0.9299999999999999,0.9299999999999999,,0.0,0,False
2026-04-01 21:11:00+00:00,,,,,,,,0.9299999999999999,0.9299999999999999,,232.0,2,False
2026-04-01 21:11:30+00:00,,,,,,,,0.9299999999999998,0.9299999999999999,,409.0,3,False
2026-04-01 21:12:00+00:00,,,,,,,,0.9299999999999998,0.9299999999999999,,0.0,0,False
2026-04-01 21:12:30+00:00,,,,,,,,0.93,0.9299999999999999,,100.0,1,False
2026-04-01 21:13:00+00:00,,,,,,,,0.9299999999999999,0.9299999999999999,,220.0,2,False
2026-04-01 21:13:30+00:00,,,,,,,,0.9309090909090908,0.9299999999999999,,11.0,2,False
2026-04-01 21:14:00+00:00,,,,,,,,0.9299999999999999,0.9299999999999999,,1257.0,4,False
2026-04-01 21:14:30+00:00,,,,,,,,0.9299999999999999,0.9299999999999999,,0.0,0,False
2026-04-01 21:15:00+00:00,,,,,,,,0.9299999999999999,0.9299999999999999,,0.0,0,False
2026-04-01 21:15:30+00:00,,,,,,,,0.9299999999999998,0.9299999999999999,,348.0,2,False
2026-04-01 21:16:00+00:00,,,,,,,,0.9299999999999998,0.9299999999999999,,0.0,0,False
2026-04-01 21:16:30+00:00,,,,,,,,0.9299999999999999,0.9299999999999999,,20.0,1,False
2026-04-01 21:17:00+00:00,,,,,,,,0.9303589743589743,0.9299999999999999,,195.0,5,False
2026-04-01 21:17:30+00:00,,,,,,,,0.9299999999999999,0.9299999999999999,,55.0,1,False
2026-04-01 21:18:00+00:00,,,,,,,,0.9299999999999999,0.9299999999999999,,0.0,0,False
2026-04-01 21:18:30+00:00,,,,,,,,0.9299999999999999,0.9299999999999999,,0.0,0,False
2026-04-01 21:19:00+00:00,,,,,,,,0.9299999999999999,0.9299999999999999,,555.0,1,False
2026-04-01 21:19:30+00:00,,,,,,,,0.9299999999999999,0.9299999999999999,,0.0,0,False
2026-04-01 21:20:00+00:00,,,,,,,,0.9299999999999998,0.9299999999999999,,11.0,1,False
2026-04-01 21:20:30+00:00,,,,,,,,0.9336842105263157,0.94,,285.0,4,False
2026-04-01 21:21:00+00:00,,,,,,,,0.9336842105263157,0.94,,0.0,0,False
2026-04-01 21:21:30+00:00,,,,,,,,0.94,0.94,,1.0,1,False
2026-04-01 21:22:00+00:00,,,,,,,,0.931897810218978,0.94,,274.0,2,False
2026-04-01 21:22:30+00:00,,,,,,,,0.931897810218978,0.94,,0.0,0,False
2026-04-01 21:23:00+00:00,,,,,,,,0.931897810218978,0.94,,0.0,0,False
2026-04-01 21:23:30+00:00,,,,,,,,0.9299999999999999,0.9299999999999999,,26.0,1,False
2026-04-01 21:24:00+00:00,,,,,,,,0.9299999999999999,0.9299999999999999,,144.0,2,False
2026-04-01 21:24:30+00:00,,,,,,,,0.9361764705882353,0.9299999999999999,,34.0,2,False
2026-04-01 21:25:00+00:00,,,,,,,,0.9315822784810126,0.9299999999999999,,158.0,3,False
2026-04-01 21:25:30+00:00,,,,,,,,0.9315822784810126,0.9299999999999999,,0.0,0,False
2026-04-01 21:26:00+00:00,,,,,,,,0.930148367952522,0.9299999999999999,,337.0,3,False
2026-04-01 21:26:30+00:00,,,,,,,,0.94,0.94,,1.0,1,False
2026-04-01 21:27:00+00:00,,,,,,,,0.94,0.94,,0.0,0,False
2026-04-01 21:27:30+00:00,,,,,,,,0.9299999999999999,0.9299999999999999,,55.0,1,False
2026-04-01 21:28:00+00:00,,,,,,,,0.9300074515648286,0.94,,1342.0,2,False
2026-04-01 21:28:30+00:00,,,,,,,,0.9372222222222222,0.9299999999999999,,198.0,2,False
2026-04-01 21:29:00+00:00,,,,,,,,0.9299999999999999,0.9299999999999999,,95.0,2,False
2026-04-01 21:29:30+00:00,,,,,,,,0.94,0.94,,364.0,1,False
2026-04-01 21:30:00+00:00,,,,,,,,0.9300089285714285,0.9299999999999999,,5600.0,3,False
2026-04-01 21:30:30+00:00,,,,,,,,0.9300089285714285,0.9299999999999999,,0.0,0,False
2026-04-01 21:31:00+00:00,,,,,,,,0.9315306122448979,0.9299999999999999,,196.0,3,False
2026-04-01 21:31:30+00:00,,,,,,,,0.9315306122448979,0.9299999999999999,,0.0,0,False
2026-04-01 21:32:00+00:00,,,,,,,,0.9299999999999999,0.9299999999999999,,1341.0,1,False
2026-04-01 21:32:30+00:00,,,,,,,,0.9304132231404959,0.9299999999999999,,121.0,2,False
2026-04-01 21:33:00+00:00,,,,,,,,0.9304132231404959,0.9299999999999999,,0.0,0,False
2026-04-01 21:33:30+00:00,,,,,,,,0.9302053571428571,0.9299999999999999,,4480.0,2,False
2026-04-01 21:34:00+00:00,,,,,,,,0.9299999999999999,0.9299999999999999,,422.0,4,False
2026-04-01 21:34:30+00:00,,,,,,,,0.9299999999999999,0.9299999999999999,,210.0,3,False
2026-04-01 21:35:00+00:00,,,,,,,,0.93,0.9299999999999999,,69.0,2,False
2026-04-01 21:35:30+00:00,,,,,,,,0.93,0.9299999999999999,,0.0,0,False
2026-04-01 21:36:00+00:00,,,,,,,,0.9299999999999999,0.9299999999999999,,956.0,3,False
2026-04-01 21:36:30+00:00,,,,,,,,0.9348192771084337,0.94,,1162.0,6,False
2026-04-01 21:37:00+00:00,,,,,,,,0.9348192771084337,0.94,,0.0,0,False
2026-04-01 21:37:30+00:00,,,,,,,,0.9348192771084337,0.94,,0.0,0,False
2026-04-01 21:38:00+00:00,,,,,,,,0.9299999999999999,0.9299999999999999,,117.0,2,False
2026-04-01 21:38:30+00:00,,,,,,,,0.9299999999999999,0.9299999999999999,,59.0,2,False
2026-04-01 21:39:00+00:00,,,,,,,,0.9299999999999999,0.9299999999999999,,0.0,0,False
2026-04-01 21:39:30+00:00,,,,,,,,0.9301785714285714,0.9299999999999999,,56.0,2,False
2026-04-01 21:40:00+00:00,,,,,,,,0.93,0.9299999999999999,,167.0,2,False
2026-04-01 21:40:30+00:00,,,,,,,,0.93,0.9299999999999999,,0.0,0,False
2026-04-01 21:41:00+00:00,,,,,,,,0.93,0.9299999999999999,,263.0,2,False
2026-04-01 21:41:30+00:00,,,,,,,,0.9299999999999999,0.9299999999999999,,603.0,2,False
2026-04-01 21:42:00+00:00,,,,,,,,0.9299999999999999,0.9299999999999999,,268.0,2,False
2026-04-01 21:42:30+00:00,,,,,,,,0.9299999999999999,0.9299999999999999,,40.0,1,False
2026-04-01 21:43:00+00:00,,,,,,,,0.9334999999999999,0.94,,20.0,3,False
2026-04-01 21:43:30+00:00,,,,,,,,0.9299999999999999,0.9299999999999999,,13.0,1,False
2026-04-01 21:44:00+00:00,,,,,,,,0.93,0.9299999999999999,,559.0,1,False
2026-04-01 21:44:30+00:00,,,,,,,,0.9299999999999999,0.9299999999999999,,324.0,3,False
2026-04-01 21:45:00+00:00,,,,,,,,0.9299999999999998,0.9299999999999999,,277.0,1,False
2026-04-01 21:45:30+00:00,,,,,,,,0.9299999999999998,0.9299999999999999,,0.0,0,False
2026-04-01 21:46:00+00:00,,,,,,,,0.9305050505050504,0.94,,99.0,3,False
2026-04-01 21:46:30+00:00,,,,,,,,0.9299999999999999,0.9299999999999999,,550.0,6,False
2026-04-01 21:47:00+00:00,,,,,,,,0.9299999999999999,0.9299999999999999,,0.0,0,False
2026-04-01 21:47:30+00:00,,,,,,,,0.9339978791092258,0.94,,943.0,4,False
2026-04-01 21:48:00+00:00,,,,,,,,0.9299999999999999,0.9299999999999999,,40.0,1,False
2026-04-01 21:48:30+00:00,,,,,,,,0.9299999999999998,0.9299999999999999,,311.0,3,False
2026-04-01 21:49:00+00:00,,,,,,,,0.9299999999999999,0.9299999999999999,,38.0,2,False
2026-04-01 21:49:30+00:00,,,,,,,,0.9299999999999999,0.9299999999999999,,683.0,5,False
2026-04-01 21:50:00+00:00,,,,,,,,0.9299999999999999,0.9299999999999999,,93.0,1,False
2026-04-01 21:50:30+00:00,,,,,,,,0.9299999999999999,0.9299999999999999,,166.0,1,False
2026-04-01 21:51:00+00:00,,,,,,,,0.9307236842105263,0.94,,152.0,5,False
2026-04-01 21:51:30+00:00,,,,,,,,0.9299999999999999,0.9299999999999999,,690.0,4,False
2026-04-01 21:52:00+00:00,,,,,,,,0.9299999999999999,0.9299999999999999,,211.0,2,False
2026-04-01 21:52:30+00:00,,,,,,,,0.9299999999999999,0.9299999999999999,,170.0,3,False
2026-04-01 21:53:00+00:00,,,,,,,,0.9299999999999999,0.9299999999999999,,0.0,0,False
2026-04-01 21:53:30+00:00,,,,,,,,0.9299999999999999,0.9299999999999999,,0.0,0,False
2026-04-01 21:54:00+00:00,,,,,,,,0.9363087248322147,0.9299999999999999,,149.0,3,False
2026-04-01 21:54:30+00:00,,,,,,,,0.9313071895424835,0.9299999999999999,,153.0,4,False
2026-04-01 21:55:00+00:00,,,,,,,,0.9299999999999999,0.9299999999999999,,83.0,2,False
2026-04-01 21:55:30+00:00,,,,,,,,0.9299999999999999,0.9299999999999999,,76.0,1,False
2026-04-01 21:56:00+00:00,,,,,,,,0.9323041474654378,0.94,,217.0,4,False
2026-04-01 21:56:30+00:00,,,,,,,,0.9302912621359223,0.9299999999999999,,103.0,2,False
2026-04-01 21:57:00+00:00,,,,,,,,0.9299999999999999,0.9299999999999999,,446.0,2,False
2026-04-01 21:57:30+00:00,,,,,,,,0.9310659898477157,0.9299999999999999,,197.0,3,False
2026-04-01 21:58:00+00:00,,,,,,,,0.9325698324022347,0.94,,179.0,3,False
2026-04-01 21:58:30+00:00,,,,,,,,0.9396969696969696,0.9299999999999999,,858.0,2,False
2026-04-01 21:59:00+00:00,,,,,,,,0.9313698630136986,0.9299999999999999,,657.0,5,False
2026-04-01 21:59:30+00:00,,,,,,,,0.9313698630136986,0.9299999999999999,,0.0,0,False
2026-04-01 22:00:00+00:00,,,,,,,,0.9313698630136986,0.9299999999999999,,0.0,0,False
2026-04-01 22:00:30+00:00,,,,,,,,0.9299999999999999,0.9299999999999999,,153.0,2,False
2026-04-01 22:01:00+00:00,,,,,,,,0.9299999999999999,0.9299999999999999,,0.0,0,False
2026-04-01 22:01:30+00:00,,,,,,,,0.9332786885245902,0.94,,61.0,3,False
2026-04-01 22:02:00+00:00,,,,,,,,0.9299999999999999,0.9299999999999999,,13.0,1,False
2026-04-01 22:02:30+00:00,,,,,,,,0.9306122448979591,0.9299999999999999,,343.0,3,False
2026-04-01 22:03:00+00:00,,,,,,,,0.9299999999999999,0.9299999999999999,,53.0,1,False
2026-04-01 22:03:30+00:00,,,,,,,,0.94,0.94,,34.0,1,False
2026-04-01 22:04:00+00:00,,,,,,,,0.94,0.94,,0.0,0,False
2026-04-01 22:04:30+00:00,,,,,,,,0.94,0.94,,0.0,0,False
2026-04-01 22:05:00+00:00,,,,,,,,0.9299999999999998,0.9299999999999999,,11.0,1,False
2026-04-01 22:05:30+00:00,,,,,,,,0.9299999999999998,0.9299999999999999,,22.0,1,False
2026-04-01 22:06:00+00:00,,,,,,,,0.9299999999999999,0.9299999999999999,,85.0,3,False
2026-04-01 22:06:30+00:00,,,,,,,,0.9303333333333332,0.9299999999999999,,450.0,5,False
2026-04-01 22:07:00+00:00,,,,,,,,0.94,0.94,,1.0,1,False
2026-04-01 22:07:30+00:00,,,,,,,,0.9301769911504424,0.94,,113.0,2,False
2026-04-01 22:08:00+00:00,,,,,,,,0.9299999999999999,0.9299999999999999,,995.0,3,False
2026-04-01 22:08:30+00:00,,,,,,,,0.9330413625304137,0.9299999999999999,,822.0,4,False
2026-04-01 22:09:00+00:00,,,,,,,,0.9320618556701029,0.9299999999999999,,97.0,3,False
2026-04-01 22:09:30+00:00,,,,,,,,0.9314285714285713,0.9299999999999999,,35.0,2,False
2026-04-01 22:10:00+00:00,,,,,,,,0.9299999999999999,0.9299999999999999,,222.0,1,False
2026-04-01 22:10:30+00:00,,,,,,,,0.9302631578947367,0.9299999999999999,,38.0,3,False
2026-04-01 22:11:00+00:00,,,,,,,,0.9299999999999999,0.9299999999999999,,67.0,1,False
2026-04-01 22:11:30+00:00,,,,,,,,0.9314450867052022,0.9299999999999999,,173.0,4,False
2026-04-01 22:12:00+00:00,,,,,,,,0.9299999999999999,0.9299999999999999,,89.0,2,False
2026-04-01 22:12:30+00:00,,,,,,,,0.93,0.9299999999999999,,3483.0,5,False
2026-04-01 22:13:00+00:00,,,,,,,,0.93,0.9299999999999999,,150.0,2,False
2026-04-01 22:13:30+00:00,,,,,,,,0.93,0.9299999999999999,,0.0,0,False
2026-04-01 22:14:00+00:00,,,,,,,,0.9299999999999999,0.9299999999999999,,857.0,4,False
2026-04-01 22:14:30+00:00,,,,,,,,0.9333333333333332,0.94,,15.0,2,False
2026-04-01 22:15:00+00:00,,,,,,,,0.9299999999999999,0.9299999999999999,,13.0,1,False
2026-04-01 22:15:30+00:00,,,,,,,,0.9299999999999999,0.9299999999999999,,478.0,2,False
2026-04-01 22:16:00+00:00,,,,,,,,0.9399999999999998,0.94,,5.0,1,False
2026-04-01 22:16:30+00:00,,,,,,,,0.93,0.9299999999999999,,200.0,1,False
2026-04-01 22:17:00+00:00,,,,,,,,0.93,0.9299999999999999,,3.0,1,False
2026-04-01 22:17:30+00:00,,,,,,,,0.9307142857142858,0.94,,28.0,3,False
2026-04-01 22:18:00+00:00,,,,,,,,0.9307142857142857,0.9299999999999999,,14.0,2,False
2026-04-01 22:18:30+00:00,,,,,,,,0.9399999999999998,0.94,,20.0,1,False
2026-04-01 22:19:00+00:00,,,,,,,,0.9299999999999999,0.9299999999999999,,110.0,1,False
2026-04-01 22:19:30+00:00,,,,,,,,0.9299999999999999,0.9299999999999999,,111.0,2,False
2026-04-01 22:20:00+00:00,,,,,,,,0.9299999999999999,0.9299999999999999,,207.0,5,False
2026-04-01 22:20:30+00:00,,,,,,,,0.9399999999999998,0.94,,5.0,1,False
2026-04-01 22:21:00+00:00,,,,,,,,0.9299999999999999,0.9299999999999999,,35.0,2,False
2026-04-01 22:21:30+00:00,,,,,,,,0.9299999999999999,0.9299999999999999,,20.0,1,False
2026-04-01 22:22:00+00:00,,,,,,,,0.9301932367149757,0.9299999999999999,,828.0,7,False
2026-04-01 22:22:30+00:00,,,,,,,,0.9299999999999999,0.9299999999999999,,2.0,1,False
2026-04-01 22:23:00+00:00,,,,,,,,0.9299999999999999,0.9299999999999999,,13.0,1,False
2026-04-01 22:23:30+00:00,,,,,,,,0.9299999999999999,0.9299999999999999,,2818.0,3,False
2026-04-01 22:24:00+00:00,,,,,,,,0.9299999999999999,0.9299999999999999,,256.0,3,False
2026-04-01 22:24:30+00:00,,,,,,,,0.9299999999999999,0.9299999999999999,,114.0,2,False
2026-04-01 22:25:00+00:00,,,,,,,,0.9307142857142857,0.9299999999999999,,14.0,2,False
2026-04-01 22:25:30+00:00,,,,,,,,0.9299999999999999,0.9299999999999999,,36.0,2,False
2026-04-01 22:26:00+00:00,,,,,,,,0.9299999999999999,0.9299999999999999,,0.0,0,False
2026-04-01 22:26:30+00:00,,,,,,,,0.9299999999999999,0.9299999999999999,,0.0,0,False
2026-04-01 22:27:00+00:00,,,,,,,,0.9299999999999999,0.9299999999999999,,59.0,2,False
2026-04-01 22:27:30+00:00,,,,,,,,0.9299999999999999,0.9299999999999999,,64.0,2,False
2026-04-01 22:28:00+00:00,,,,,,,,0.9299999999999999,0.9299999999999999,,33.0,1,False
2026-04-01 22:28:30+00:00,,,,,,,,0.9299999999999999,0.9299999999999999,,240.0,2,False
2026-04-01 22:29:00+00:00,,,,,,,,0.9299999999999999,0.9299999999999999,,211.0,2,False
2026-04-01 22:29:30+00:00,,,,,,,,0.9299999999999999,0.9299999999999999,,0.0,0,False
2026-04-01 22:30:00+00:00,,,,,,,,0.9299999999999999,0.9299999999999999,,463.0,5,False
2026-04-01 22:30:30+00:00,,,,,,,,0.9300817995910019,0.94,,489.0,7,False
2026-04-01 22:31:00+00:00,,,,,,,,0.9300088028169012,0.94,,1136.0,5,False
2026-04-01 22:31:30+00:00,,,,,,,,0.9299999999999999,0.9299999999999999,,5.0,1,False
2026-04-01 22:32:00+00:00,,,,,,,,0.9299999999999999,0.9299999999999999,,1427.0,4,False
2026-04-01 22:32:30+00:00,,,,,,,,0.93,0.9299999999999999,,445.0,4,False
2026-04-01 22:33:00+00:00,,,,,,,,0.9397940074906368,0.9299999999999999,,534.0,3,False
2026-04-01 22:33:30+00:00,,,,,,,,0.9299999999999999,0.9299999999999999,,132.0,1,False
2026-04-01 22:34:00+00:00,,,,,,,,0.9299999999999999,0.9299999999999999,,0.0,0,False
2026-04-01 22:34:30+00:00,,,,,,,,0.9299999999999999,0.9299999999999999,,0.0,0,False
2026-04-01 22:35:00+00:00,,,,,,,,0.9301639344262295,0.94,,122.0,2,False
2026-04-01 22:35:30+00:00,,,,,,,,0.9309302325581394,0.9299999999999999,,43.0,4,False
2026-04-01 22:36:00+00:00,,,,,,,,0.9309302325581394,0.9299999999999999,,0.0,0,False
2026-04-01 22:36:30+00:00,,,,,,,,0.9299999999999999,0.9299999999999999,,99.0,1,False
2026-04-01 22:37:00+00:00,,,,,,,,0.9299999999999998,0.9299999999999999,,303.0,2,False
2026-04-01 22:37:30+00:00,,,,,,,,0.9299999999999999,0.9299999999999999,,67.0,1,False
2026-04-01 22:38:00+00:00,,,,,,,,0.9299999999999998,0.9299999999999999,,147.0,1,False
2026-04-01 22:38:30+00:00,,,,,,,,0.9302730375426621,0.9299999999999999,,293.0,4,False
2026-04-01 22:39:00+00:00,,,,,,,,0.9300340136054422,0.9299999999999999,,294.0,3,False
2026-04-01 22:39:30+00:00,,,,,,,,0.9299999999999999,0.9299999999999999,,121.0,2,False
2026-04-01 22:40:00+00:00,,,,,,,,0.9299999999999999,0.9299999999999999,,0.0,0,False
2026-04-01 22:40:30+00:00,,,,,,,,0.9300161812297735,0.9299999999999999,,618.0,4,False
2026-04-01 22:41:00+00:00,,,,,,,,0.9346636085626912,0.94,,1308.0,6,False
2026-04-01 22:41:30+00:00,,,,,,,,0.9299999999999999,0.9299999999999999,,1.0,1,False
2026-04-01 22:42:00+00:00,,,,,,,,0.9317283950617283,0.9299999999999999,,162.0,3,False
2026-04-01 22:42:30+00:00,,,,,,,,0.9299999999999999,0.9299999999999999,,95.0,2,False
2026-04-01 22:43:00+00:00,,,,,,,,0.9304601899196493,0.9299999999999999,,1369.0,6,False
2026-04-01 22:43:30+00:00,,,,,,,,0.9309352517985612,0.9299999999999999,,139.0,6,False
2026-04-01 22:44:00+00:00,,,,,,,,0.930010940919037,0.9299999999999999,,914.0,5,False
2026-04-01 22:44:30+00:00,,,,,,,,0.9299999999999999,0.9299999999999999,,222.0,1,False
2026-04-01 22:45:00+00:00,,,,,,,,0.9299999999999999,0.9299999999999999,,1000.0,1,False
2026-04-01 22:45:30+00:00,,,,,,,,0.9329508196721311,0.94,,854.0,5,False
2026-04-01 22:46:00+00:00,,,,,,,,0.9329508196721311,0.94,,0.0,0,False
2026-04-01 22:46:30+00:00,,,,,,,,0.9299999999999999,0.9299999999999999,,82.0,2,False
2026-04-01 22:47:00+00:00,,,,,,,,0.9299999999999999,0.9299999999999999,,555.0,1,False
2026-04-01 22:47:30+00:00,,,,,,,,0.9392501284026707,0.94,,1947.0,4,False
2026-04-01 22:48:00+00:00,,,,,,,,0.9392501284026707,0.94,,0.0,0,False
2026-04-01 22:48:30+00:00,,,,,,,,0.93,0.9299999999999999,,213.0,5,False
2026-04-01 22:49:00+00:00,,,,,,,,0.9302439024390242,0.94,,41.0,2,False
2026-04-01 22:49:30+00:00,,,,,,,,0.93,0.9299999999999999,,98.0,3,False
2026-04-01 22:50:00+00:00,,,,,,,,0.93,0.9299999999999999,,400.0,4,False
2026-04-01 22:50:30+00:00,,,,,,,,0.9299999999999999,0.9299999999999999,,55.0,1,False
2026-04-01 22:51:00+00:00,,,,,,,,0.9352777777777777,0.9299999999999999,,108.0,8,False
2026-04-01 22:51:30+00:00,,,,,,,,0.9299999999999999,0.9299999999999999,,452.0,3,False
2026-04-01 22:52:00+00:00,,,,,,,,0.9299999999999999,0.93,,115.0,5,False
2026-04-01 22:52:30+00:00,,,,,,,,0.9299999999999999,0.9299999999999999,,59.0,3,False
2026-04-01 22:53:00+00:00,,,,,,,,0.9301191185229303,0.9299999999999999,,1679.0,4,False
2026-04-01 22:53:30+00:00,,,,,,,,0.937822765469824,0.93,,1309.0,6,False
2026-04-01 22:54:00+00:00,,,,,,,,0.9316077170418006,0.9299999999999999,,933.0,6,False
2026-04-01 22:54:30+00:00,,,,,,,,0.9303827751196172,0.94,,209.0,5,False
2026-04-01 22:55:00+00:00,,,,,,,,0.9351413881748072,0.9299999999999999,,389.0,3,False
2026-04-01 22:55:30+00:00,,,,,,,,0.933440366972477,0.9299999999999999,,436.0,7,False
2026-04-01 22:56:00+00:00,,,,,,,,0.93,0.9299999999999999,,127.0,4,False
2026-04-01 22:56:30+00:00,,,,,,,,0.94,0.94,,1.0,1,False
2026-04-01 22:57:00+00:00,,,,,,,,0.9299999999999999,0.9299999999999999,,154.0,3,False
2026-04-01 22:57:30+00:00,,,,,,,,0.9299999999999999,0.9299999999999999,,93.0,2,False
2026-04-01 22:58:00+00:00,,,,,,,,0.9468382668382668,0.9299999999999999,,4662.0,12,False
2026-04-01 22:58:30+00:00,,,,,,,,0.9307142857142857,0.9299999999999999,,350.0,6,False
2026-04-01 22:59:00+00:00,,,,,,,,0.9301470588235293,0.94,,136.0,2,False
2026-04-01 22:59:30+00:00,,,,,,,,0.9299999999999999,0.9299999999999999,,1527.0,2,False
2026-04-01 23:00:00+00:00,,,,,,,,0.9378787878787879,0.95,,198.0,4,False
2026-04-01 23:00:30+00:00,,,,,,,,0.9299999999999999,0.9299999999999999,,145.0,2,False
2026-04-01 23:01:00+00:00,,,,,,,,0.9299999999999999,0.9299999999999999,,5.0,1,False
2026-04-01 23:01:30+00:00,,,,,,,,0.9299999999999999,0.9299999999999999,,67.0,1,False
2026-04-01 23:02:00+00:00,,,,,,,,0.9299999999999999,0.9299999999999999,,500.0,1,False
2026-04-01 23:02:30+00:00,,,,,,,,0.9299999999999999,0.9299999999999999,,287.0,5,False
2026-04-01 23:03:00+00:00,,,,,,,,0.9299999999999999,0.9299999999999999,,573.0,4,False
2026-04-01 23:03:30+00:00,,,,,,,,0.9303798882681562,0.9299999999999999,,895.0,4,False
2026-04-01 23:04:00+00:00,,,,,,,,0.9386051389617199,0.95,,1907.0,19,False
2026-04-01 23:04:30+00:00,,,,,,,,0.94,0.94,,284.0,6,False
2026-04-01 23:05:00+00:00,,,,,,,,0.9400000000000001,0.94,,555.0,2,False
2026-04-01 23:05:30+00:00,,,,,,,,0.94,0.94,,311.0,5,False
2026-04-01 23:06:00+00:00,,,,,,,,0.9425839793281653,0.95,,387.0,4,False
2026-04-01 23:06:30+00:00,,,,,,,,0.94,0.94,,303.0,3,False
2026-04-01 23:07:00+00:00,,,,,,,,0.9399999999999998,0.94,,145.0,4,False
2026-04-01 23:07:30+00:00,,,,,,,,0.94,0.94,,280.0,4,False
2026-04-01 23:08:00+00:00,,,,,,,,0.9400000000000001,0.94,,221.0,4,False
2026-04-01 23:08:30+00:00,,,,,,,,0.9400550826239359,0.94,,1997.0,7,False
2026-04-01 23:09:00+00:00,,,,,,,,0.9401785714285714,0.95,,112.0,4,False
2026-04-01 23:09:30+00:00,,,,,,,,0.9414285714285714,0.94,,7.0,3,False
2026-04-01 23:10:00+00:00,,,,,,,,0.9499999999999998,0.95,,6.0,1,False
2026-04-01 23:10:30+00:00,,,,,,,,0.9400000000000001,0.94,,1789.0,6,False
2026-04-01 23:11:00+00:00,,,,,,,,0.9399999999999998,0.94,,1729.0,5,False
2026-04-01 23:11:30+00:00,,,,,,,,0.95,0.95,,1.0,1,False
2026-04-01 23:12:00+00:00,,,,,,,,0.94,0.94,,391.0,6,False
2026-04-01 23:12:30+00:00,,,,,,,,0.9400025813113061,0.94,,3874.0,4,False
2026-04-01 23:13:00+00:00,,,,,,,,0.9464705882352941,0.95,,17.0,3,False
2026-04-01 23:13:30+00:00,,,,,,,,0.94,0.94,,78.0,1,False
2026-04-01 23:14:00+00:00,,,,,,,,0.9404347826086956,0.94,,207.0,5,False
2026-04-01 23:14:30+00:00,,,,,,,,0.9401012145748987,0.94,,494.0,6,False
2026-04-01 23:15:00+00:00,,,,,,,,0.9408372827804107,0.94,,633.0,5,False
2026-04-01 23:15:30+00:00,,,,,,,,0.94,0.94,,178.0,4,False
2026-04-01 23:16:00+00:00,,,,,,,,0.9400000000000001,0.94,,245.0,4,False
2026-04-01 23:16:30+00:00,,,,,,,,0.94,0.94,,109.0,2,False
2026-04-01 23:17:00+00:00,,,,,,,,0.9416216216216216,0.95,,37.0,2,False
2026-04-01 23:17:30+00:00,,,,,,,,0.9399999999999998,0.94,,187.0,4,False
2026-04-01 23:18:00+00:00,,,,,,,,0.94,0.94,,157.0,2,False
2026-04-01 23:18:30+00:00,,,,,,,,0.94,0.94,,741.0,7,False
2026-04-01 23:19:00+00:00,,,,,,,,0.9415339233038347,0.95,,339.0,4,False
2026-04-01 23:19:30+00:00,,,,,,,,0.9404226415094339,0.94,,1325.0,4,False
2026-04-01 23:20:00+00:00,,,,,,,,0.94,0.94,,703.0,1,False
2026-04-01 23:20:30+00:00,,,,,,,,0.9407986210858948,0.94,,3481.0,3,False
2026-04-01 23:21:00+00:00,,,,,,,,0.9399999999999998,0.94,,2619.0,6,False
2026-04-01 23:21:30+00:00,,,,,,,,0.94,0.94,,5310.0,4,False
2026-04-01 23:22:00+00:00,,,,,,,,0.9399999999999998,0.94,,270.0,3,False
2026-04-01 23:22:30+00:00,,,,,,,,0.94,0.94,,196.0,4,False
2026-04-01 23:23:00+00:00,,,,,,,,0.9400000000000001,0.94,,299.0,4,False
2026-04-01 23:23:30+00:00,,,,,,,,0.94,0.94,,27.0,3,False
2026-04-01 23:24:00+00:00,,,,,,,,0.9400000000000001,0.94,,1626.0,3,False
2026-04-01 23:24:30+00:00,,,,,,,,0.94,0.94,,256.0,3,False
2026-04-01 23:25:00+00:00,,,,,,,,0.9404761904761905,0.94,,462.0,5,False
2026-04-01 23:25:30+00:00,,,,,,,,0.94,0.94,,50.0,1,False
2026-04-01 23:26:00+00:00,,,,,,,,0.94,0.94,,156.0,2,False
2026-04-01 23:26:30+00:00,,,,,,,,0.94,0.94,,215.0,5,False
2026-04-01 23:27:00+00:00,,,,,,,,0.94,0.94,,156.0,1,False
2026-04-01 23:27:30+00:00,,,,,,,,0.9399999999999998,0.94,,295.0,3,False
2026-04-01 23:28:00+00:00,,,,,,,,0.9400000000000001,0.94,,3344.0,4,False
2026-04-01 23:28:30+00:00,,,,,,,,0.941011235955056,0.94,,89.0,2,False
2026-04-01 23:29:00+00:00,,,,,,,,0.9407692307692307,0.95,,13.0,2,False
2026-04-01 23:29:30+00:00,,,,,,,,0.94,0.94,,378.0,2,False
2026-04-01 23:30:00+00:00,,,,,,,,0.9400389105058364,0.94,,257.0,4,False
2026-04-01 23:30:30+00:00,,,,,,,,0.9399999999999998,0.94,,8098.0,6,False
2026-04-01 23:31:00+00:00,,,,,,,,0.9450000000000001,0.95,,30.0,2,False
2026-04-01 23:31:30+00:00,,,,,,,,0.9405085518814139,0.94,,4385.0,7,False
2026-04-01 23:32:00+00:00,,,,,,,,0.94,0.94,,442.0,5,False
2026-04-01 23:32:30+00:00,,,,,,,,0.94,0.94,,77.0,2,False
2026-04-01 23:33:00+00:00,,,,,,,,0.94,0.94,,2001.0,1,False
2026-04-01 23:33:30+00:00,,,,,,,,0.940734463276836,0.95,,354.0,6,False
2026-04-01 23:34:00+00:00,,,,,,,,0.94,0.94,,427.0,3,False
2026-04-01 23:34:30+00:00,,,,,,,,0.9399999999999998,0.94,,4538.0,6,False
2026-04-01 23:35:00+00:00,,,,,,,,0.9401094890510948,0.95,,1096.0,6,False
2026-04-01 23:35:30+00:00,,,,,,,,0.9500000000000001,0.95,,179.0,3,False
2026-04-01 23:36:00+00:00,,,,,,,,0.94,0.94,,104.0,3,False
2026-04-01 23:36:30+00:00,,,,,,,,0.9424009324009324,0.94,,858.0,7,False
2026-04-01 23:37:00+00:00,,,,,,,,0.9480172091283203,0.94,,2673.0,5,False
2026-04-01 23:37:30+00:00,,,,,,,,0.94,0.94,,181.0,2,False
2026-04-01 23:38:00+00:00,,,,,,,,0.9434023668639053,0.94,,338.0,7,False
2026-04-01 23:38:30+00:00,,,,,,,,0.947936507936508,0.94,,378.0,2,False
2026-04-01 23:39:00+00:00,,,,,,,,0.9400199999999999,0.94,,500.0,5,False
2026-04-01 23:39:30+00:00,,,,,,,,0.9402669902912622,0.95,,412.0,6,False
2026-04-01 23:40:00+00:00,,,,,,,,0.94,0.94,,587.0,2,False
2026-04-01 23:40:30+00:00,,,,,,,,0.94,0.94,,218.0,2,False
2026-04-01 23:41:00+00:00,,,,,,,,0.9424442462087422,0.94,,2242.0,11,False
2026-04-01 23:41:30+00:00,,,,,,,,0.94,0.94,,54.0,3,False
2026-04-01 23:42:00+00:00,,,,,,,,0.94,0.94,,280.0,3,False
2026-04-01 23:42:30+00:00,,,,,,,,0.9400414078674948,0.94,,483.0,9,False
2026-04-01 23:43:00+00:00,,,,,,,,0.94,0.94,,841.0,8,False
2026-04-01 23:43:30+00:00,,,,,,,,0.9410406746031744,0.94,,10080.0,6,False
2026-04-01 23:44:00+00:00,,,,,,,,0.9399999999999998,0.94,,1770.0,10,False
2026-04-01 23:44:30+00:00,,,,,,,,0.95,0.95,,2.0,1,False
2026-04-01 23:45:00+00:00,,,,,,,,0.9400318167356029,0.94,,3143.0,4,False
2026-04-01 23:45:30+00:00,,,,,,,,0.9405149051490516,0.95,,369.0,5,False
2026-04-01 23:46:00+00:00,,,,,,,,0.9400203873598368,0.94,,981.0,6,False
2026-04-01 23:46:30+00:00,,,,,,,,0.9401355013550137,0.94,,369.0,6,False
2026-04-01 23:47:00+00:00,,,,,,,,0.9428432432432432,0.95,,1850.0,5,False
2026-04-01 23:47:30+00:00,,,,,,,,0.9401430143014301,0.94,,909.0,5,False
2026-04-01 23:48:00+00:00,,,,,,,,0.9458543417366946,0.94,,357.0,3,False
2026-04-01 23:48:30+00:00,,,,,,,,0.94,0.94,,196.0,4,False
2026-04-01 23:49:00+00:00,,,,,,,,0.9461146496815287,0.95,,785.0,6,False
2026-04-01 23:49:30+00:00,,,,,,,,0.9409034817100044,0.94,,2269.0,6,False
2026-04-01 23:50:00+00:00,,,,,,,,0.94,0.94,,1781.0,4,False
2026-04-01 23:50:30+00:00,,,,,,,,0.9461430119176598,0.94,,1846.0,9,False
2026-04-01 23:51:00+00:00,,,,,,,,0.9402866779089375,0.95,,1186.0,9,False
2026-04-01 23:51:30+00:00,,,,,,,,0.9399999999999998,0.94,,909.0,7,False
2026-04-01 23:52:00+00:00,,,,,,,,0.9399999999999998,0.94,,829.0,10,False
2026-04-01 23:52:30+00:00,,,,,,,,0.94,0.94,,3054.0,10,False
2026-04-01 23:53:00+00:00,,,,,,,,0.94,0.94,,820.0,7,False
2026-04-01 23:53:30+00:00,,,,,,,,0.94,0.94,,2790.0,8,False
2026-04-01 23:54:00+00:00,,,,,,,,0.94,0.94,,2449.0,8,False
2026-04-01 23:54:30+00:00,,,,,,,,0.9400550206327373,0.94,,727.0,7,False
2026-04-01 23:55:00+00:00,,,,,,,,0.94,0.94,,246.0,3,False
2026-04-01 23:55:30+00:00,,,,,,,,0.9400331125827813,0.94,,1510.0,6,False
2026-04-01 23:56:00+00:00,,,,,,,,0.9400000000000001,0.94,,1367.0,5,False
2026-04-01 23:56:30+00:00,,,,,,,,0.9431735956839099,0.94,,3151.0,10,False
2026-04-01 23:57:00+00:00,,,,,,,,0.940345397454966,0.94,,6051.0,11,False
2026-04-01 23:57:30+00:00,,,,,,,,0.9400000000000001,0.94,,399.0,10,False
2026-04-01 23:58:00+00:00,,,,,,,,0.9400042176296921,0.94,,2371.0,12,False
2026-04-01 23:58:30+00:00,,,,,,,,0.94,0.94,,714.0,12,False
2026-04-01 23:59:00+00:00,,,,,,,,0.9406168446026096,0.94,,843.0,9,False
2026-04-01 23:59:30+00:00,,,,,,,,0.9400447227191413,0.94,,2236.0,9,False
2026-04-02 00:00:00+00:00,,,,,,,,0.9401270110076206,0.94,,1181.0,7,False
2026-04-02 00:00:30+00:00,,,,,,,,0.9400283956460009,0.94,,4226.0,15,False
2026-04-02 00:01:00+00:00,,,,,,,,0.9430450033584595,0.95,,13399.0,20,False
2026-04-02 00:01:30+00:00,,,,,,,,0.9400041597337768,0.94,,2404.0,11,False
2026-04-02 00:02:00+00:00,,,,,,,,0.94,0.94,,658.0,10,False
2026-04-02 00:02:30+00:00,,,,,,,,0.9400314960629921,0.94,,6350.0,15,False
2026-04-02 00:03:00+00:00,,,,,,,,0.94,0.94,,535.0,9,False
2026-04-02 00:03:30+00:00,,,,,,,,0.9406299212598425,0.94,,254.0,6,False
2026-04-02 00:04:00+00:00,,,,,,,,0.9400277392510402,0.94,,721.0,10,False
2026-04-02 00:04:30+00:00,,,,,,,,0.9400025913449079,0.94,,3859.0,7,False
2026-04-02 00:05:00+00:00,,,,,,,,0.9400414078674948,0.94,,2415.0,10,False
2026-04-02 00:05:30+00:00,,,,,,,,0.9471337704918033,0.94,,15250.0,11,False
2026-04-02 00:06:00+00:00,,,,,,,,0.9406054687500001,0.94,,512.0,9,False
2026-04-02 00:06:30+00:00,,,,,,,,0.9484847830779193,0.94,,4633.0,8,False
2026-04-02 00:07:00+00:00,,,,,,,,0.9401391788448156,0.94,,1437.0,10,False
2026-04-02 00:07:30+00:00,,,,,,,,0.94,0.94,,3013.0,6,False
2026-04-02 00:08:00+00:00,,,,,,,,0.9402979201798763,0.94,,1779.0,13,False
2026-04-02 00:08:30+00:00,,,,,,,,0.9400000000000001,0.94,,2396.0,5,False
2026-04-02 00:09:00+00:00,,,,,,,,0.9400977835723597,0.94,,1534.0,12,False
2026-04-02 00:09:30+00:00,,,,,,,,0.9400000000000001,0.94,,1238.0,10,False
2026-04-02 00:10:00+00:00,,,,,,,,0.9400078443677439,0.95,,6374.0,7,False
2026-04-02 00:10:30+00:00,,,,,,,,0.94,0.94,,1828.0,7,False
2026-04-02 00:11:00+00:00,,,,,,,,0.94,0.94,,361.0,6,False
2026-04-02 00:11:30+00:00,,,,,,,,0.94,0.94,,3453.0,16,False
2026-04-02 00:12:00+00:00,16.0,1.0,11:44,0.0,0.0,0.0,0.797,0.9400075131480089,0.94,0.14300751314800886,1331.0,17,False
2026-04-02 00:12:30+00:00,17.0,1.0,11:43,0.0,0.0,0.0,0.811,0.9404383561643835,0.94,0.12943835616438348,1095.0,26,False
2026-04-02 00:13:00+00:00,17.0,1.0,11:43,2.0,0.0,2.0,0.815,0.9402423495584309,0.94,0.12524234955843094,4869.0,22,False
2026-04-02 00:13:30+00:00,51.0,1.0,11:09,2.0,0.0,2.0,0.828,0.9634887024759845,0.94,0.13548870247598455,73910.0,84,False
2026-04-02 00:14:00+00:00,61.0,1.0,10:59,4.0,0.0,4.0,0.842,0.9441291360294116,0.94,0.10212913602941165,4352.0,21,False
2026-04-02 00:14:30+00:00,83.0,1.0,10:37,4.0,0.0,4.0,0.841,0.94053340374967,0.94,0.09953340374967001,3787.0,21,False
2026-04-02 00:15:00+00:00,108.0,1.0,10:12,4.0,3.0,1.0,0.813,0.9408266348033891,0.94,0.12782663480338918,9206.0,38,False
2026-04-02 00:15:30+00:00,139.0,1.0,9:41,4.0,3.0,1.0,0.81,0.9404721030042918,0.94,0.1304721030042918,3262.0,31,False
2026-04-02 00:16:00+00:00,157.0,1.0,9:23,6.0,3.0,3.0,0.839,0.9477938779206665,0.94,0.10879387792066653,5521.0,25,False
2026-04-02 00:16:30+00:00,177.0,1.0,9:03,6.0,3.0,3.0,0.826,0.9403663086489543,0.94,0.11436630864895436,8845.0,28,False
2026-04-02 00:17:00+00:00,197.0,1.0,8:43,6.0,5.0,1.0,0.808,0.940050709939148,0.94,0.13205070993914791,2958.0,18,True
2026-04-02 00:17:30+00:00,224.0,1.0,8:16,10.0,5.0,5.0,0.852,0.9529162081433736,0.96,0.10091620814337365,12722.0,39,True
2026-04-02 00:18:00+00:00,225.0,1.0,8:15,10.0,5.0,5.0,0.852,0.9586341331347931,0.95,0.10663413313479309,29549.0,21,True
2026-04-02 00:18:30+00:00,225.0,1.0,8:15,10.0,5.0,5.0,0.852,0.9527811860940695,0.96,0.1007811860940695,489.0,8,True
2026-04-02 00:19:00+00:00,225.0,1.0,8:15,10.0,5.0,5.0,0.852,0.9531143052703626,0.95,0.10111430527036258,1461.0,14,False
2026-04-02 00:19:30+00:00,225.0,1.0,8:15,10.0,5.0,5.0,0.852,0.956050927288784,0.95,0.10405092728878407,6794.0,12,False
2026-04-02 00:20:00+00:00,225.0,1.0,8:15,10.0,5.0,5.0,0.852,0.9513153724247226,0.95,0.09931537242472266,1262.0,12,False
2026-04-02 00:20:30+00:00,225.0,1.0,8:15,10.0,5.0,5.0,0.852,0.9500000000000001,0.95,0.09800000000000009,6788.0,20,False
2026-04-02 00:21:00+00:00,260.0,1.0,7:40,13.0,8.0,5.0,0.852,0.950017258382643,0.95,0.09801725838264297,4056.0,29,False
2026-04-02 00:21:30+00:00,284.0,1.0,7:16,16.0,10.0,6.0,0.863,0.9509649543927029,0.95,0.08796495439270291,2083.0,18,False
2026-04-02 00:22:00+00:00,321.0,1.0,6:39,16.0,10.0,6.0,0.863,0.9501237067026541,0.95,0.08712370670265412,4446.0,22,False
2026-04-02 00:22:30+00:00,340.0,1.0,6:20,18.0,10.0,8.0,0.886,0.9507032533683863,0.95,0.06470325336838634,12172.0,16,False
2026-04-02 00:23:00+00:00,352.0,1.0,6:08,18.0,10.0,8.0,0.886,0.9675528224534847,0.96,0.08155282245348472,9513.0,25,False
2026-04-02 00:23:30+00:00,366.0,1.0,5:54,18.0,10.0,8.0,0.886,0.9541605541972289,0.95,0.06816055419722888,2454.0,15,False
2026-04-02 00:24:00+00:00,397.0,1.0,5:23,18.0,12.0,6.0,0.875,0.95042364990689,0.95,0.07542364990688999,4296.0,10,False
2026-04-02 00:24:30+00:00,419.0,1.0,5:01,18.0,12.0,6.0,0.875,0.9500000000000003,0.95,0.07500000000000029,1419.0,14,True
2026-04-02 00:25:00+00:00,440.0,1.0,4:40,18.0,12.0,6.0,0.874,0.9575701459034793,0.95,0.08357014590347933,3564.0,18,True
2026-04-02 00:25:30+00:00,448.0,1.0,4:32,21.0,12.0,9.0,0.896,0.9607474887426394,0.96,0.06474748874263936,14435.0,15,True
2026-04-02 00:26:00+00:00,448.0,1.0,4:32,21.0,12.0,9.0,0.896,0.9627215496368039,0.96,0.06672154963680388,2065.0,15,True
2026-04-02 00:26:30+00:00,448.0,1.0,4:32,21.0,12.0,9.0,0.896,0.9652535696701134,0.97,0.06925356967011342,4062.0,18,False
2026-04-02 00:27:00+00:00,448.0,1.0,4:32,21.0,12.0,9.0,0.896,0.9628346456692912,0.96,0.0668346456692912,762.0,11,False
2026-04-02 00:27:30+00:00,448.0,1.0,4:32,21.0,12.0,9.0,0.896,0.962459266802444,0.97,0.06645926680244396,1964.0,16,False
2026-04-02 00:28:00+00:00,448.0,1.0,4:32,21.0,12.0,9.0,0.896,0.9664497716894976,0.96,0.07044977168949762,3504.0,19,False
2026-04-02 00:28:30+00:00,458.0,1.0,4:22,21.0,12.0,9.0,0.907,0.9670386266094421,0.96,0.060038626609442036,1398.0,9,False
2026-04-02 00:29:00+00:00,458.0,1.0,4:22,21.0,12.0,9.0,0.907,0.9696931818181818,0.96,0.06269318181818173,880.0,6,False
2026-04-02 00:29:30+00:00,505.0,1.0,3:35,21.0,12.0,9.0,0.899,0.9665483234714003,0.96,0.06754832347140027,1014.0,9,False
2026-04-02 00:30:00+00:00,510.0,1.0,3:30,21.0,12.0,9.0,0.921,0.9685227068748878,0.96,0.0475227068748878,5571.0,11,False
2026-04-02 00:30:30+00:00,510.0,1.0,3:30,21.0,12.0,9.0,0.915,0.9691300970873785,0.96,0.05413009708737848,2575.0,13,False
2026-04-02 00:31:00+00:00,522.0,1.0,3:18,22.0,12.0,10.0,0.907,0.9605382733310032,0.97,0.05353827333100314,2861.0,12,False
2026-04-02 00:31:30+00:00,531.0,1.0,3:09,22.0,12.0,10.0,0.915,0.9694995291268667,0.98,0.05449952912686662,14866.0,23,False
2026-04-02 00:32:00+00:00,556.0,1.0,2:44,24.0,12.0,12.0,0.934,0.9804496760118523,0.98,0.04644967601185224,30711.0,35,False
2026-04-02 00:32:30+00:00,584.0,1.0,2:16,27.0,14.0,13.0,0.941,0.9749082240762812,0.98,0.033908224076281246,4195.0,17,False
2026-04-02 00:33:00+00:00,612.0,1.0,1:48,27.0,14.0,13.0,0.941,0.9795292873198465,0.98,0.038529287319846506,7563.0,12,False
2026-04-02 00:33:30+00:00,612.0,1.0,1:48,27.0,14.0,13.0,0.941,0.9700441046750955,0.97,0.02904410467509555,13604.0,17,False
2026-04-02 00:34:00+00:00,636.0,1.0,1:24,27.0,16.0,11.0,0.926,0.9701312036508841,0.97,0.04413120365088408,1753.0,8,False
2026-04-02 00:34:30+00:00,660.0,1.0,1:00,27.0,16.0,11.0,0.917,0.9699407933688573,0.96,0.052940793368857264,8445.0,16,False
2026-04-02 00:35:00+00:00,695.6,1.0,24.4,27.0,20.0,7.0,0.884,0.9642243436754175,0.96,0.08022434367541753,5866.0,30,False
2026-04-02 00:35:30+00:00,719.6,1.0,0.4,27.0,20.0,7.0,0.884,0.9603773287022417,0.96,0.07637732870224168,6334.0,31,False
2026-04-02 00:36:00+00:00,720.0,1.0,0.0,27.0,20.0,7.0,0.877,0.9602535496957404,0.96,0.08325354969574039,3944.0,15,False
2026-04-02 00:36:30+00:00,720.0,1.0,0.0,27.0,20.0,7.0,0.877,0.9685193327916646,0.96,0.09151933279166458,20923.0,22,False
2026-04-02 00:37:00+00:00,720.0,1.0,0.0,27.0,20.0,7.0,0.877,0.9611054228289723,0.96,0.08410542282897226,5274.0,18,False
2026-04-02 00:37:30+00:00,720.0,1.0,0.0,27.0,20.0,7.0,0.877,0.9600802697062127,0.96,0.08308026970621274,6229.0,20,False
2026-04-02 00:38:00+00:00,720.0,2.0,12:00,27.0,20.0,7.0,0.877,0.9685910134074164,0.96,0.09159101340741638,16558.0,18,False
2026-04-02 00:38:30+00:00,733.0,2.0,11:47,27.0,20.0,7.0,0.885,0.9601459854014597,0.96,0.07514598540145967,6850.0,17,False
2026-04-02 00:39:00+00:00,762.0,2.0,11:18,27.0,20.0,7.0,0.849,0.9600054083288263,0.96,0.11100540832882633,5547.0,24,False
2026-04-02 00:39:30+00:00,762.0,2.0,11:18,27.0,20.0,7.0,0.849,0.958156332870312,0.95,0.10915633287031201,7919.0,21,False
2026-04-02 00:40:00+00:00,762.0,2.0,11:18,27.0,21.0,6.0,0.872,0.958442423601565,0.96,0.08644242360156495,18914.0,45,False
2026-04-02 00:40:30+00:00,787.0,2.0,10:53,27.0,21.0,6.0,0.857,0.9537121762285161,0.95,0.09671217622851613,8262.0,28,False
2026-04-02 00:41:00+00:00,811.0,2.0,10:29,27.0,21.0,6.0,0.89,0.9524353019243528,0.95,0.06243530192435276,1507.0,20,False
2026-04-02 00:41:30+00:00,811.0,2.0,10:29,29.0,21.0,8.0,0.884,0.9570415024345004,0.96,0.07304150243450036,8626.0,26,False
2026-04-02 00:42:00+00:00,828.0,2.0,10:12,29.0,21.0,8.0,0.893,0.9572354948805462,0.95,0.06423549488054614,3516.0,20,False
2026-04-02 00:42:30+00:00,853.0,2.0,9:47,29.0,21.0,8.0,0.883,0.9555249195442289,0.95,0.0725249195442289,22994.0,23,True
2026-04-02 00:43:00+00:00,901.0,2.0,8:59,29.0,23.0,6.0,0.855,0.9485292077147218,0.94,0.09352920771472184,7207.0,37,True
2026-04-02 00:43:30+00:00,914.0,2.0,8:46,29.0,26.0,3.0,0.822,0.9321427589052401,0.94,0.11014275890524017,7271.0,43,True
2026-04-02 00:44:00+00:00,914.0,2.0,8:46,29.0,26.0,3.0,0.822,0.9383122091296165,0.94,0.1163122091296166,20198.0,55,True
2026-04-02 00:44:30+00:00,914.0,2.0,8:46,29.0,26.0,3.0,0.822,0.9386635715470072,0.9299999999999999,0.11666357154700724,18093.0,35,False
2026-04-02 00:45:00+00:00,914.0,2.0,8:46,29.0,26.0,3.0,0.822,0.9300034223134837,0.9299999999999999,0.1080034223134837,5844.0,35,False
2026-04-02 00:45:30+00:00,914.0,2.0,8:46,29.0,26.0,3.0,0.822,0.9300050955414012,0.9299999999999999,0.10800509554140125,7850.0,34,False
2026-04-02 00:46:00+00:00,914.0,2.0,8:46,29.0,26.0,3.0,0.822,0.9303624956430813,0.9299999999999999,0.10836249564308131,8607.0,25,False
2026-04-02 00:46:30+00:00,914.0,2.0,8:46,29.0,26.0,3.0,0.822,0.9419527436047647,0.94,0.11995274360476471,5121.0,24,False
2026-04-02 00:47:00+00:00,952.0,2.0,8:08,31.0,26.0,5.0,0.839,0.94217703768624,0.95,0.10317703768623998,5705.0,37,False
2026-04-02 00:47:30+00:00,961.0,2.0,7:59,31.0,26.0,5.0,0.855,0.9522803694056355,0.95,0.09728036940563556,4223.0,30,False
2026-04-02 00:48:00+00:00,997.0,2.0,7:23,34.0,28.0,6.0,0.869,0.9534286231228515,0.95,0.08442862312285149,5527.0,27,False
2026-04-02 00:48:30+00:00,1026.0,2.0,6:54,36.0,28.0,8.0,0.883,0.9447975654935169,0.96,0.06179756549351689,3779.0,22,False
2026-04-02 00:49:00+00:00,1035.0,2.0,6:45,36.0,28.0,8.0,0.897,0.9471939007737825,0.95,0.050193900773782496,4394.0,20,False
2026-04-02 00:49:30+00:00,1060.0,2.0,6:20,36.0,30.0,6.0,0.869,0.9500000000000001,0.95,0.08100000000000007,4823.0,32,False
2026-04-02 00:50:00+00:00,1084.0,2.0,5:56,36.0,30.0,6.0,0.89,0.9501540957015411,0.95,0.060154095701541066,1233.0,12,False
2026-04-02 00:50:30+00:00,1084.0,2.0,5:56,37.0,30.0,7.0,0.868,0.9406349921188922,0.96,0.07263499211889224,4441.0,24,False
2026-04-02 00:51:00+00:00,1084.0,2.0,5:56,37.0,30.0,7.0,0.869,0.9414229744554145,0.94,0.07242297445541446,6381.0,24,False
2026-04-02 00:51:30+00:00,1093.0,2.0,5:47,37.0,33.0,4.0,0.836,0.9391111582520155,0.94,0.10311115825201556,4714.0,34,False
2026-04-02 00:52:00+00:00,1136.0,2.0,5:04,42.0,33.0,9.0,0.895,0.9548147061699422,0.96,0.05981470616994222,20454.0,53,True
2026-04-02 00:52:30+00:00,1136.0,2.0,5:04,42.0,33.0,9.0,0.895,0.9612671153399862,0.96,0.0662671153399862,4309.0,18,True
2026-04-02 00:53:00+00:00,1139.0,2.0,5:01,42.0,33.0,9.0,0.895,0.9603299492385786,0.96,0.0653299492385786,3546.0,17,True
2026-04-02 00:53:30+00:00,1139.0,2.0,5:01,42.0,33.0,9.0,0.895,0.9669197740112994,0.96,0.07191977401129934,4425.0,15,True
2026-04-02 00:54:00+00:00,1139.0,2.0,5:01,42.0,33.0,9.0,0.895,0.9603221933159896,0.96,0.06532219331598954,9994.0,16,False
2026-04-02 00:54:30+00:00,1139.0,2.0,5:01,42.0,33.0,9.0,0.895,0.9600024473813019,0.96,0.0650024473813019,4086.0,9,False
2026-04-02 00:55:00+00:00,1139.0,2.0,5:01,42.0,33.0,9.0,0.895,0.9702962962962964,0.98,0.07529629629629642,6210.0,16,False
2026-04-02 00:55:30+00:00,1139.0,2.0,5:01,42.0,33.0,9.0,0.895,0.9734386783982761,0.97,0.07843867839827612,5569.0,21,False
2026-04-02 00:56:00+00:00,1158.0,2.0,4:42,42.0,33.0,9.0,0.899,0.971714862138534,0.97,0.07271486213853395,2974.0,16,False
2026-04-02 00:56:30+00:00,1187.0,2.0,4:13,47.0,33.0,14.0,0.946,0.9783695652173912,0.98,0.032369565217391205,92.0,8,False
2026-04-02 00:57:00+00:00,1212.0,2.0,3:48,47.0,35.0,12.0,0.939,0.9821805300446076,0.99,0.043180530044607646,11433.0,29,False
2026-04-02 00:57:30+00:00,1238.0,2.0,3:22,47.0,35.0,12.0,0.93,0.9840457864614169,0.97,0.05404578646141689,10134.0,20,False
2026-04-02 00:58:00+00:00,1255.0,2.0,3:05,47.0,35.0,12.0,0.94,0.9767272727272728,0.98,0.03672727272727283,1650.0,14,False
2026-04-02 00:58:30+00:00,1275.0,2.0,2:45,50.0,37.0,13.0,0.941,0.9819038386971695,0.98,0.040903838697169514,2579.0,9,False
2026-04-02 00:59:00+00:00,1298.0,2.0,2:22,50.0,37.0,13.0,0.941,0.9745311961392624,0.97,0.033531196139262476,5802.0,9,False
2026-04-02 00:59:30+00:00,1319.0,2.0,2:01,52.0,40.0,12.0,0.931,0.9753686200378073,0.98,0.04436862003780728,3703.0,20,False
2026-04-02 01:00:00+00:00,1341.0,2.0,1:39,52.0,40.0,12.0,0.942,0.98,0.98,0.038000000000000034,2038.0,15,False
2026-04-02 01:00:30+00:00,1361.0,2.0,1:19,52.0,40.0,12.0,0.942,0.9800000000000001,0.98,0.038000000000000145,5153.0,19,False
2026-04-02 01:01:00+00:00,1380.8,2.0,59.2,54.0,42.0,12.0,0.942,0.9869247493658654,0.99,0.044924749365865435,8279.0,17,False
2026-04-02 01:01:30+00:00,1393.6,2.0,46.4,54.0,42.0,12.0,0.932,0.9825768476128187,0.97,0.050576847612818665,6116.0,24,False
2026-04-02 01:02:00+00:00,1432.0,2.0,8.0,54.0,44.0,10.0,0.911,0.9735423709057001,0.97,0.06254237090570003,8579.0,25,False
2026-04-02 01:02:30+00:00,1440.0,2.0,0.0,54.0,44.0,10.0,0.917,0.9709912252193694,0.97,0.05399122521936939,6154.0,21,False
2026-04-02 01:03:00+00:00,1440.0,2.0,0.0,54.0,44.0,10.0,0.917,0.9700316656111463,0.98,0.05303166561114625,1579.0,11,False
2026-04-02 01:03:30+00:00,1440.0,2.0,0.0,54.0,44.0,10.0,0.917,0.9699999999999998,0.97,0.052999999999999714,2480.0,16,False
2026-04-02 01:04:00+00:00,1440.0,2.0,0.0,54.0,44.0,10.0,0.917,0.97,0.97,0.052999999999999936,795.0,7,False
2026-04-02 01:04:30+00:00,1440.0,2.0,0.0,54.0,44.0,10.0,0.917,0.970186647523331,0.97,0.05318664752333091,16716.0,16,False
2026-04-02 01:05:00+00:00,1440.0,2.0,0.0,54.0,44.0,10.0,0.917,0.9706418109187749,0.98,0.053641810918774846,3755.0,19,False
2026-04-02 01:05:30+00:00,1440.0,2.0,0.0,54.0,44.0,10.0,0.917,0.9700000000000001,0.97,0.05300000000000005,2222.0,8,False
2026-04-02 01:06:00+00:00,1440.0,2.0,0.0,54.0,44.0,10.0,0.917,0.97,0.97,0.052999999999999936,1016.0,10,False
2026-04-02 01:06:30+00:00,1440.0,2.0,0.0,54.0,44.0,10.0,0.917,0.9674115044247787,0.96,0.05041150442477871,1808.0,9,False
2026-04-02 01:07:00+00:00,1440.0,2.0,0.0,54.0,44.0,10.0,0.917,0.9615514905149052,0.96,0.044551490514905145,1476.0,12,False
2026-04-02 01:07:30+00:00,1440.0,2.0,0.0,54.0,44.0,10.0,0.917,0.9644762757385854,0.96,0.04747627573858537,3351.0,9,False
2026-04-02 01:08:00+00:00,1440.0,2.0,0.0,54.0,44.0,10.0,0.917,0.967685290763968,0.96,0.050685290763967994,877.0,12,False
2026-04-02 01:08:30+00:00,1440.0,2.0,0.0,54.0,44.0,10.0,0.917,0.9604201680672269,0.98,0.043420168067226816,476.0,6,False
2026-04-02 01:09:00+00:00,1440.0,2.0,0.0,54.0,44.0,10.0,0.917,0.96,0.96,0.04299999999999993,1325.0,5,False
2026-04-02 01:09:30+00:00,1440.0,2.0,0.0,54.0,44.0,10.0,0.917,0.9620353982300884,0.97,0.0450353982300884,5198.0,23,False
2026-04-02 01:10:00+00:00,1440.0,2.0,0.0,54.0,44.0,10.0,0.917,0.9639253777366636,0.96,0.04692537773666361,3243.0,16,False
2026-04-02 01:10:30+00:00,1440.0,2.0,0.0,54.0,44.0,10.0,0.917,0.9600167364016736,0.96,0.04301673640167358,1195.0,10,False
2026-04-02 01:11:00+00:00,1440.0,2.0,0.0,54.0,44.0,10.0,0.917,0.9624884792626726,0.97,0.04548847926267252,1085.0,10,False
2026-04-02 01:11:30+00:00,1440.0,2.0,0.0,54.0,44.0,10.0,0.917,0.9549757160057903,0.97,0.037975716005790305,73917.0,57,False
2026-04-02 01:12:00+00:00,1440.0,2.0,0.0,54.0,44.0,10.0,0.917,0.9600076522803795,0.96,0.043007652280379505,6534.0,13,False
2026-04-02 01:12:30+00:00,1440.0,2.0,0.0,54.0,44.0,10.0,0.917,0.9606692406692408,0.96,0.043669240669240716,777.0,6,False
2026-04-02 01:13:00+00:00,1440.0,2.0,0.0,54.0,44.0,10.0,0.917,0.9608083832335328,0.96,0.043808383233532755,334.0,8,False
2026-04-02 01:13:30+00:00,1440.0,2.0,0.0,54.0,44.0,10.0,0.917,0.960709219858156,0.96,0.04370921985815601,1833.0,14,False
2026-04-02 01:14:00+00:00,1440.0,2.0,0.0,54.0,44.0,10.0,0.917,0.9691867528904564,0.96,0.05218675289045638,10206.0,7,False
2026-04-02 01:14:30+00:00,1440.0,2.0,0.0,54.0,44.0,10.0,0.917,0.960053281666263,0.96,0.04305328166626299,4129.0,11,False
2026-04-02 01:15:00+00:00,1440.0,2.0,0.0,54.0,44.0,10.0,0.917,0.96,0.96,0.04299999999999993,3111.0,6,False
2026-04-02 01:15:30+00:00,1440.0,2.0,0.0,54.0,44.0,10.0,0.917,0.9601888217522658,0.96,0.043188821752265794,1324.0,8,False
2026-04-02 01:16:00+00:00,1440.0,2.0,0.0,54.0,44.0,10.0,0.917,0.9599999999999999,0.96,0.042999999999999816,336.0,4,False
2026-04-02 01:16:30+00:00,1440.0,2.0,0.0,54.0,44.0,10.0,0.917,0.9599999999999999,0.96,0.042999999999999816,2911.0,9,False
2026-04-02 01:17:00+00:00,1440.0,2.0,0.0,54.0,44.0,10.0,0.917,0.9599999999999999,0.96,0.042999999999999816,2888.0,12,False
2026-04-02 01:17:30+00:00,1440.0,3.0,12:00,54.0,44.0,10.0,0.917,0.9567601683029454,0.95,0.039760168302945376,2139.0,17,False
2026-04-02 01:18:00+00:00,1476.0,3.0,11:24,56.0,44.0,12.0,0.942,0.9681112393365464,0.97,0.026111239336546466,44193.0,40,False
2026-04-02 01:18:30+00:00,1498.0,3.0,11:02,56.0,44.0,12.0,0.936,0.9652970852017937,0.96,0.029297085201793638,14272.0,23,False
2026-04-02 01:19:00+00:00,1524.0,3.0,10:36,59.0,44.0,15.0,0.961,0.9748367100090716,0.97,0.013836710009071607,6614.0,20,False
2026-04-02 01:19:30+00:00,1557.0,3.0,10:03,59.0,46.0,13.0,0.948,0.9711128495990611,0.97,0.023112849599061125,5113.0,11,False
2026-04-02 01:20:00+00:00,1578.0,3.0,9:42,59.0,46.0,13.0,0.946,0.9635772357723575,0.98,0.01757723577235759,1230.0,8,False
2026-04-02 01:20:30+00:00,1591.0,3.0,9:29,61.0,46.0,15.0,0.963,0.9721609403254973,0.98,0.009160940325497302,1106.0,11,True
2026-04-02 01:21:00+00:00,1630.0,3.0,8:50,64.0,46.0,18.0,0.979,0.9799179227359088,0.98,0.0009179227359088493,39475.0,26,True
2026-04-02 01:21:30+00:00,1632.0,3.0,8:48,64.0,46.0,18.0,0.979,0.9786041555673949,0.98,-0.00039584443260509694,1877.0,14,True
2026-04-02 01:22:00+00:00,1632.0,3.0,8:48,64.0,46.0,18.0,0.979,0.9800000000000001,0.98,0.001000000000000112,3087.0,5,True
2026-04-02 01:22:30+00:00,1632.0,3.0,8:48,64.0,46.0,18.0,0.979,0.9800393654524092,0.99,0.0010393654524092355,17020.0,14,False
2026-04-02 01:23:00+00:00,1632.0,3.0,8:48,64.0,46.0,18.0,0.979,0.980797816132441,0.98,0.0017978161324410102,11356.0,10,False
2026-04-02 01:23:30+00:00,1632.0,3.0,8:48,64.0,46.0,18.0,0.979,0.9800231783282631,0.98,0.0010231783282631524,6903.0,19,False
2026-04-02 01:24:00+00:00,1632.0,3.0,8:48,64.0,46.0,18.0,0.979,0.9819740694270178,0.99,0.0029740694270178336,9564.0,20,False
2026-04-02 01:24:30+00:00,1663.0,3.0,8:17,66.0,46.0,20.0,0.987,0.9836338679381592,0.99,-0.0033661320618407764,27684.0,25,False
2026-04-02 01:25:00+00:00,1675.0,3.0,8:05,66.0,49.0,17.0,0.981,0.9800181924501332,0.98,-0.0009818075498667644,30782.0,10,False
2026-04-02 01:25:30+00:00,1706.0,3.0,7:34,66.0,52.0,14.0,0.965,0.98,0.98,0.015000000000000013,12493.0,11,False
2026-04-02 01:26:00+00:00,1737.0,3.0,7:03,69.0,55.0,14.0,0.966,0.980133171912833,0.99,0.014133171912833031,826.0,4,False
2026-04-02 01:26:30+00:00,1772.0,3.0,6:28,72.0,55.0,17.0,0.983,0.9839923954372622,0.99,0.0009923954372622612,789.0,8,False
2026-04-02 01:27:00+00:00,1794.0,3.0,6:06,72.0,55.0,17.0,0.979,0.980658064516129,0.98,0.001658064516129043,775.0,7,False
2026-04-02 01:27:30+00:00,1815.0,3.0,5:45,75.0,55.0,20.0,0.99,0.9886124634858813,0.99,-0.0013875365141187146,2054.0,10,False
2026-04-02 01:28:00+00:00,1845.0,3.0,5:15,75.0,58.0,17.0,0.984,0.9858075772681952,0.99,0.0018075772681952484,6018.0,20,False
2026-04-02 01:28:30+00:00,1864.0,3.0,4:56,77.0,58.0,19.0,0.988,0.9806032171581768,0.98,-0.007396782841823213,1492.0,4,False
2026-04-02 01:29:00+00:00,1891.0,3.0,4:29,77.0,61.0,16.0,0.977,0.9812902330743617,0.98,0.004290233074361716,3604.0,11,False
2026-04-02 01:29:30+00:00,1915.0,3.0,4:05,77.0,61.0,16.0,0.982,0.9802561475409837,0.98,-0.0017438524590163151,976.0,8,False
2026-04-02 01:30:00+00:00,1924.0,3.0,3:56,77.0,61.0,16.0,0.978,0.9832232496697489,0.99,0.005223249669748964,757.0,6,False
2026-04-02 01:30:30+00:00,1936.0,3.0,3:44,77.0,64.0,13.0,0.967,0.9801562629872829,0.98,0.013156262987282896,12031.0,15,True
2026-04-02 01:31:00+00:00,1964.0,3.0,3:16,77.0,67.0,10.0,0.94,0.9788645931511154,0.97,0.038864593151115456,31830.0,32,True
2026-04-02 01:31:30+00:00,1965.0,3.0,3:15,77.0,67.0,10.0,0.94,0.97,0.97,0.030000000000000027,2946.0,17,True
2026-04-02 01:32:00+00:00,1965.0,3.0,3:15,77.0,67.0,10.0,0.94,0.9705441624365483,0.97,0.03054416243654834,4925.0,13,True
2026-04-02 01:32:30+00:00,1965.0,3.0,3:15,77.0,67.0,10.0,0.94,0.978002351557907,0.97,0.0380023515579071,8505.0,14,False
2026-04-02 01:33:00+00:00,1965.0,3.0,3:15,77.0,67.0,10.0,0.94,0.970262089331857,0.97,0.030262089331857034,2709.0,23,False
2026-04-02 01:33:30+00:00,1965.0,3.0,3:15,77.0,67.0,10.0,0.94,0.9622385706778769,0.97,0.022238570677876934,7612.0,30,False
2026-04-02 01:34:00+00:00,1965.0,3.0,3:15,77.0,67.0,10.0,0.94,0.9613388543823325,0.96,0.021338854382332517,5796.0,28,False
2026-04-02 01:34:30+00:00,1986.0,3.0,2:54,77.0,67.0,10.0,0.928,0.9631657501963865,0.96,0.03516575019638646,3819.0,17,False
2026-04-02 01:35:00+00:00,2002.0,3.0,2:38,77.0,67.0,10.0,0.949,0.9627987897125566,0.96,0.013798789712556658,3966.0,12,False
2026-04-02 01:35:30+00:00,2002.0,3.0,2:38,79.0,67.0,12.0,0.953,0.9681820789901501,0.96,0.015182078990150116,10457.0,34,False
2026-04-02 01:36:00+00:00,2017.0,3.0,2:23,79.0,70.0,9.0,0.929,0.9604209135522838,0.96,0.031420913552283714,5298.0,22,False
2026-04-02 01:36:30+00:00,2063.0,3.0,1:37,81.0,70.0,11.0,0.952,0.9599526726057908,0.96,0.0079526726057908,10776.0,24,False
2026-04-02 01:37:00+00:00,2088.0,3.0,1:12,83.0,73.0,10.0,0.932,0.9479625887827577,0.94,0.015962588782757692,32664.0,62,False
2026-04-02 01:37:30+00:00,2104.9,3.0,55.1,83.0,75.0,8.0,0.919,0.9423034195452178,0.94,0.02330341954521775,5761.0,31,False
2026-04-02 01:38:00+00:00,2125.6,3.0,34.4,83.0,75.0,8.0,0.941,0.9487435158501439,0.94,0.007743515850143989,20820.0,30,False
2026-04-02 01:38:30+00:00,2125.6,3.0,34.4,83.0,75.0,8.0,0.941,0.9429913251570444,0.95,0.0019913251570444768,3343.0,34,False
2026-04-02 01:39:00+00:00,2125.6,3.0,34.4,83.0,75.0,8.0,0.941,0.95094169905608,0.95,0.00994169905608,9005.0,27,False
2026-04-02 01:39:30+00:00,2135.6,3.0,24.4,85.0,75.0,10.0,0.935,0.9500506489395378,0.95,0.01505064893953778,3159.0,18,False
2026-04-02 01:40:00+00:00,2160.0,3.0,0.0,85.0,78.0,7.0,0.902,0.9576420401854713,0.95,0.05564204018547125,16175.0,29,False
2026-04-02 01:40:30+00:00,2160.0,3.0,0.0,85.0,78.0,7.0,0.902,0.9514170566822672,0.95,0.049417056682267146,11538.0,34,False
2026-04-02 01:41:00+00:00,2160.0,3.0,0.0,85.0,78.0,7.0,0.902,0.9568797548605241,0.95,0.0548797548605241,18928.0,32,False
2026-04-02 01:41:30+00:00,2160.0,3.0,0.0,85.0,78.0,7.0,0.902,0.9555991285403049,0.95,0.05359912854030491,10098.0,30,False
2026-04-02 01:42:00+00:00,2160.0,4.0,12:00,85.0,78.0,7.0,0.902,0.9538040865384614,0.95,0.05180408653846136,4992.0,27,False
2026-04-02 01:42:30+00:00,2160.0,4.0,12:00,85.0,78.0,7.0,0.902,0.9561026883841514,0.95,0.05410268838415133,17743.0,50,False
2026-04-02 01:43:00+00:00,2192.0,4.0,11:28,88.0,78.0,10.0,0.908,0.9570619658119658,0.95,0.04906196581196576,14976.0,40,False
2026-04-02 01:43:30+00:00,2192.0,4.0,11:28,88.0,78.0,10.0,0.951,0.9599239773950485,0.96,0.008923977395048577,14864.0,25,False
2026-04-02 01:44:00+00:00,2192.0,4.0,11:28,88.0,78.0,10.0,0.951,0.9644141236306729,0.96,0.013414123630672958,10224.0,36,False
2026-04-02 01:44:30+00:00,2229.0,4.0,10:51,88.0,78.0,10.0,0.953,0.9601845018450185,0.96,0.007184501845018509,20325.0,51,False
2026-04-02 01:45:00+00:00,2251.0,4.0,10:29,88.0,78.0,10.0,0.941,0.9598150845138795,0.96,0.018815084513879587,22659.0,60,False
2026-04-02 01:45:30+00:00,2273.0,4.0,10:07,91.0,80.0,11.0,0.956,0.9640612581176699,0.97,0.00806125811766989,10317.0,33,False
2026-04-02 01:46:00+00:00,2294.0,4.0,9:46,91.0,80.0,11.0,0.942,0.9693594736135356,0.96,0.027359473613535634,22341.0,27,False
2026-04-02 01:46:30+00:00,2294.0,4.0,9:46,91.0,81.0,10.0,0.929,0.9614936440677967,0.96,0.032493644067796645,1888.0,22,False
2026-04-02 01:47:00+00:00,2313.0,4.0,9:27,93.0,82.0,11.0,0.957,0.9601744591765526,0.97,0.0031744591765526797,4299.0,26,False
2026-04-02 01:47:30+00:00,2334.0,4.0,9:06,93.0,84.0,9.0,0.945,0.9629971988795517,0.95,0.017997198879551757,2856.0,23,False
2026-04-02 01:48:00+00:00,2367.0,4.0,8:33,93.0,86.0,7.0,0.855,0.9512219516437641,0.95,0.09622195164376413,11498.0,47,False
2026-04-02 01:48:30+00:00,2367.0,4.0,8:33,93.0,86.0,7.0,0.855,0.946707954464094,0.94,0.09170795446409397,13967.0,76,False
2026-04-02 01:49:00+00:00,2367.0,4.0,8:33,93.0,87.0,6.0,0.884,0.948874766525443,0.95,0.064874766525443,43902.0,126,False
2026-04-02 01:49:30+00:00,2398.0,4.0,8:02,96.0,87.0,9.0,0.947,0.9514205467482211,0.95,0.004420546748221121,8011.0,42,False
2026-04-02 01:50:00+00:00,2412.0,4.0,7:48,96.0,89.0,7.0,0.913,0.9549733439957351,0.95,0.041973343995735046,15006.0,48,False
2026-04-02 01:50:30+00:00,2431.0,4.0,7:29,98.0,89.0,9.0,0.933,0.9541703948648126,0.96,0.021170394864812536,5141.0,39,False
2026-04-02 01:51:00+00:00,2460.0,4.0,7:00,98.0,89.0,9.0,0.936,0.9552324669504816,0.96,0.01923246695048153,17852.0,46,True
2026-04-02 01:51:30+00:00,2466.0,4.0,6:54,98.0,89.0,9.0,0.973,0.9665204048318643,0.96,-0.006479595168135677,15315.0,36,True
2026-04-02 01:52:00+00:00,2466.0,4.0,6:54,98.0,89.0,9.0,0.973,0.9756391413653063,0.96,0.0026391413653062967,10342.0,31,True
2026-04-02 01:52:30+00:00,2466.0,4.0,6:54,98.0,89.0,9.0,0.973,0.9774200626959247,0.97,0.004420062695924765,3190.0,16,True
2026-04-02 01:53:00+00:00,2466.0,4.0,6:54,98.0,89.0,9.0,0.973,0.9790163147792705,0.98,0.00601631477927056,4168.0,19,False
2026-04-02 01:53:30+00:00,2466.0,4.0,6:54,98.0,89.0,9.0,0.973,0.9719813405352321,0.98,-0.0010186594647678682,4073.0,22,False
2026-04-02 01:54:00+00:00,2466.0,4.0,6:54,98.0,89.0,9.0,0.973,0.9711569904392409,0.97,-0.0018430095607591124,7217.0,20,False
2026-04-02 01:54:30+00:00,2466.0,4.0,6:54,98.0,89.0,9.0,0.973,0.9707776560788608,0.98,-0.0022223439211391804,8217.0,21,False
2026-04-02 01:55:00+00:00,2466.0,4.0,6:54,100.0,89.0,11.0,0.967,0.9764108721755267,0.97,0.009410872175526719,9161.0,26,False
2026-04-02 01:55:30+00:00,2492.0,4.0,6:28,100.0,89.0,11.0,0.969,0.9793328067403896,0.97,0.01033280674038961,18990.0,27,True
2026-04-02 01:56:00+00:00,2510.0,4.0,6:10,100.0,89.0,11.0,0.948,0.976622667273555,0.98,0.028622667273555003,4394.0,20,True
2026-04-02 01:56:30+00:00,2510.0,4.0,6:10,100.0,89.0,11.0,0.978,0.9717444065225638,0.97,-0.006255593477436205,2637.0,20,True
2026-04-02 01:57:00+00:00,2510.0,4.0,6:10,100.0,89.0,11.0,0.978,0.970674806137601,0.97,-0.007325193862398938,6061.0,26,True
2026-04-02 01:57:30+00:00,2510.0,4.0,6:10,100.0,89.0,11.0,0.978,0.9783667083854819,0.97,0.00036670838548191753,6392.0,25,False
2026-04-02 01:58:00+00:00,2510.0,4.0,6:10,100.0,89.0,11.0,0.978,0.9765402368051376,0.97,-0.0014597631948624068,4983.0,24,False
2026-04-02 01:58:30+00:00,2510.0,4.0,6:10,100.0,89.0,11.0,0.978,0.9785186621425109,0.98,0.0005186621425109506,10315.0,20,False
2026-04-02 01:59:00+00:00,2510.0,4.0,6:10,100.0,89.0,11.0,0.978,0.9740253482078025,0.97,-0.00397465179219747,15149.0,27,False
2026-04-02 01:59:30+00:00,2510.0,4.0,6:10,100.0,91.0,9.0,0.926,0.9609753047827447,0.96,0.03497530478274469,3199.0,33,False
2026-04-02 02:00:00+00:00,2510.0,4.0,6:10,100.0,92.0,8.0,0.941,0.9605922890668653,0.97,0.019592289066865387,10738.0,34,False
2026-04-02 02:00:30+00:00,2529.0,4.0,5:51,100.0,92.0,8.0,0.967,0.9657945671761329,0.96,-0.001205432823867092,14983.0,84,False
2026-04-02 02:01:00+00:00,2529.0,4.0,5:51,102.0,92.0,10.0,0.959,0.9676471770142655,0.96,0.008647177014265539,9954.0,41,False
2026-04-02 02:01:30+00:00,2555.0,4.0,5:25,104.0,94.0,10.0,0.962,0.9756246857717444,0.97,0.013624685771744471,15912.0,46,False
2026-04-02 02:02:00+00:00,2588.0,4.0,4:52,107.0,96.0,11.0,0.976,0.9785469572752115,0.98,0.002546957275211481,15003.0,55,False
2026-04-02 02:02:30+00:00,2605.0,4.0,4:35,107.0,98.0,9.0,0.969,0.9856706424865872,0.98,0.016670642486587228,22553.0,47,False
2026-04-02 02:03:00+00:00,2631.0,4.0,4:09,110.0,98.0,12.0,0.988,0.9851519809589923,0.99,-0.002848019041007732,20167.0,38,False
2026-04-02 02:03:30+00:00,2653.0,4.0,3:47,110.0,99.0,11.0,0.976,0.988904097005328,0.98,0.012904097005328019,10886.0,20,True
2026-04-02 02:04:00+00:00,2653.0,4.0,3:47,110.0,100.0,10.0,0.983,0.9871625225845307,0.99,0.004162522584530759,11623.0,37,True
2026-04-02 02:04:30+00:00,2663.0,4.0,3:37,110.0,100.0,10.0,0.993,0.9899999999999999,0.99,-0.0030000000000001137,17642.0,29,True
2026-04-02 02:05:00+00:00,2663.0,4.0,3:37,110.0,100.0,10.0,0.993,0.9900000000000001,0.99,-0.0029999999999998916,17978.0,18,True
2026-04-02 02:05:30+00:00,2663.0,4.0,3:37,110.0,100.0,10.0,0.993,0.9899804444062406,0.99,-0.0030195555937594376,93068.0,60,False
2026-04-02 02:06:00+00:00,2663.0,4.0,3:37,110.0,100.0,10.0,0.993,0.9889643372958561,0.99,-0.004035662704143905,45005.0,43,False
2026-04-02 02:06:30+00:00,2663.0,4.0,3:37,111.0,100.0,11.0,0.993,0.9900000000000001,0.99,-0.0029999999999998916,36669.0,52,False
2026-04-02 02:07:00+00:00,2678.0,4.0,3:22,112.0,103.0,9.0,0.978,0.9880140510040382,0.98,0.010014051004038182,18077.0,21,False
2026-04-02 02:07:30+00:00,2714.0,4.0,2:46,112.0,103.0,9.0,0.971,0.9696740918589659,0.97,-0.00132590814103406,44982.0,89,False
2026-04-02 02:08:00+00:00,2721.0,4.0,2:39,112.0,106.0,6.0,0.935,0.9620404814004374,0.95,0.027040481400437355,10968.0,53,False
2026-04-02 02:08:30+00:00,2755.0,4.0,2:05,112.0,106.0,6.0,0.847,0.9369183138459559,0.92,0.08991831384595594,62177.0,154,False
2026-04-02 02:09:00+00:00,2755.0,4.0,2:05,112.0,108.0,4.0,0.877,0.9347764473250575,0.91,0.05777644732505749,45515.0,245,False
2026-04-02 02:09:30+00:00,2779.0,4.0,1:41,112.0,108.0,4.0,0.827,0.9047651185507504,0.92,0.07776511855075041,45044.0,264,False
2026-04-02 02:10:00+00:00,2794.0,4.0,1:26,112.0,108.0,4.0,0.886,0.9211141486275387,0.94,0.0351141486275387,35848.0,219,False
2026-04-02 02:10:30+00:00,2814.0,4.0,1:06,112.0,108.0,4.0,0.95,0.9642316665904204,0.97,0.014231666590420411,21859.0,151,False
2026-04-02 02:11:00+00:00,2814.0,4.0,1:06,112.0,108.0,4.0,0.95,0.9690632970090423,0.97,0.0190632970090423,30191.0,108,False
2026-04-02 02:11:30+00:00,2814.0,4.0,1:06,114.0,108.0,6.0,0.935,0.97539900633134,0.96,0.04039900633133997,45488.0,121,True
2026-04-02 02:12:00+00:00,2842.2,4.0,37.8,116.0,110.0,6.0,0.952,0.9879470230397088,0.99,0.03594702303970887,104385.0,125,True
2026-04-02 02:12:30+00:00,2842.2,4.0,37.8,116.0,110.0,6.0,0.952,0.9888873828608821,0.99,0.03688738286088211,42791.0,54,True
2026-04-02 02:13:00+00:00,2842.2,4.0,37.8,116.0,110.0,6.0,0.952,0.9894006258525233,0.99,0.03740062585252335,24926.0,31,True
2026-04-02 02:13:30+00:00,2842.2,4.0,37.8,116.0,110.0,6.0,0.952,0.9894707606324973,0.99,0.037470760632497324,29344.0,34,False
2026-04-02 02:14:00+00:00,2846.0,4.0,34.0,116.0,110.0,6.0,0.972,0.9847250187203594,0.98,0.012725018720359471,12019.0,35,False
2026-04-02 02:14:30+00:00,2849.5,4.0,30.5,116.0,110.0,6.0,0.929,0.9899180619878873,0.99,0.060918061987887295,5614.0,20,False
2026-04-02 02:15:00+00:00,2849.5,4.0,30.5,116.0,111.0,5.0,0.959,0.986522671289116,0.99,0.027522671289116007,21922.0,50,False
2026-04-02 02:15:30+00:00,2857.0,4.0,23.0,116.0,111.0,5.0,0.967,0.9899999999999999,0.99,0.02299999999999991,68146.0,18,False
2026-04-02 02:16:00+00:00,2863.9,4.0,16.1,116.0,111.0,5.0,0.977,0.99,0.99,0.013000000000000012,1027.0,3,False
2026-04-02 02:16:30+00:00,2870.2,4.0,9.8,117.0,111.0,6.0,0.993,0.9900000000000001,0.99,-0.0029999999999998916,1821.0,6,False
2026-04-02 02:17:00+00:00,2873.7,4.0,6.3,117.0,113.0,4.0,0.994,0.99,0.99,-0.0040000000000000036,1899.0,9,True
2026-04-02 02:17:30+00:00,2873.7,4.0,6.3,119.0,113.0,6.0,0.991,0.99,0.99,-0.0010000000000000009,1451.0,5,True
2026-04-02 02:18:00+00:00,2873.7,4.0,6.3,119.0,113.0,6.0,0.991,0.9899999999999999,0.99,-0.001000000000000112,7583.0,7,True
2026-04-02 02:18:30+00:00,2873.7,4.0,6.3,119.0,113.0,6.0,0.991,0.99,0.99,-0.0010000000000000009,2562.0,5,True
2026-04-02 02:19:00+00:00,2873.7,4.0,6.3,119.0,113.0,6.0,0.991,0.99,0.99,-0.0010000000000000009,323.0,5,False
2026-04-02 02:19:30+00:00,2879.0,4.0,1.0,119.0,113.0,6.0,0.999,0.9899999999999999,0.99,-0.009000000000000119,1661.0,7,False
2026-04-02 02:20:00+00:00,2880.0,4.0,0.0,119.0,113.0,6.0,1.0,0.99,0.99,-0.010000000000000009,10.0,1,False
2026-04-02 02:20:30+00:00,2880.0,4.0,0.0,119.0,113.0,6.0,1.0,0.99,0.99,-0.010000000000000009,487.0,2,False
