bucket_start_utc,game_seconds_elapsed,period,game_clock,fav_score,dog_score,score_margin,fav_wp_espn,fav_kalshi_vwap,fav_kalshi_last,delta,kalshi_volume,kalshi_trade_count,is_timeout_window
2026-03-01 20:55:00+00:00,,,,,,,,0.77,0.77,,8.0,1,False
2026-03-01 20:55:30+00:00,,,,,,,,0.77,0.77,,0.0,0,False
2026-03-01 20:56:00+00:00,,,,,,,,0.77,0.77,,0.0,0,False
2026-03-01 20:56:30+00:00,,,,,,,,0.77,0.77,,0.0,0,False
2026-03-01 20:57:00+00:00,,,,,,,,0.77,0.77,,43.0,2,False
2026-03-01 20:57:30+00:00,,,,,,,,0.77,0.77,,0.0,0,False
2026-03-01 20:58:00+00:00,,,,,,,,0.825,0.85,,2.0,2,False
2026-03-01 20:58:30+00:00,,,,,,,,0.825,0.85,,0.0,0,False
2026-03-01 20:59:00+00:00,,,,,,,,0.825,0.85,,0.0,0,False
2026-03-01 20:59:30+00:00,,,,,,,,0.825,0.85,,0.0,0,False
2026-03-01 21:00:00+00:00,,,,,,,,0.825,0.85,,0.0,0,False
2026-03-01 21:00:30+00:00,,,,,,,,0.825,0.85,,0.0,0,False
2026-03-01 21:01:00+00:00,,,,,,,,0.825,0.85,,0.0,0,False
2026-03-01 21:01:30+00:00,,,,,,,,0.825,0.85,,0.0,0,False
2026-03-01 21:02:00+00:00,,,,,,,,0.825,0.85,,0.0,0,False
2026-03-01 21:02:30+00:00,,,,,,,,0.825,0.85,,0.0,0,False
2026-03-01 21:03:00+00:00,,,,,,,,0.825,0.85,,0.0,0,False
2026-03-01 21:03:30+00:00,,,,,,,,0.825,0.85,,0.0,0,False
2026-03-01 21:04:00+00:00,,,,,,,,0.825,0.85,,0.0,0,False
2026-03-01 21:04:30+00:00,,,,,,,,0.77,0.77,,1.0,1,False
2026-03-01 21:05:00+00:00,,,,,,,,0.77,0.77,,0.0,0,False
2026-03-01 21:05:30+00:00,,,,,,,,0.77,0.77,,0.0,0,False
2026-03-01 21:06:00+00:00,,,,,,,,0.77,0.77,,0.0,0,False
2026-03-01 21:06:30+00:00,,,,,,,,0.77,0.77,,0.0,0,False
2026-03-01 21:07:00+00:00,,,,,,,,0.77,0.77,,0.0,0,False
2026-03-01 21:07:30+00:00,,,,,,,,0.77,0.77,,0.0,0,False
2026-03-01 21:08:00+00:00,,,,,,,,0.77,0.77,,1.0,1,False
2026-03-01 21:08:30+00:00,,,,,,,,0.77,0.77,,0.0,0,False
2026-03-01 21:09:00+00:00,,,,,,,,0.77,0.77,,0.0,0,False
2026-03-01 21:09:30+00:00,,,,,,,,0.77,0.77,,0.0,0,False
2026-03-01 21:10:00+00:00,,,,,,,,0.77,0.77,,0.0,0,False
2026-03-01 21:10:30+00:00,,,,,,,,0.77,0.77,,0.0,0,False
2026-03-01 21:11:00+00:00,,,,,,,,0.77,0.77,,0.0,0,False
2026-03-01 21:11:30+00:00,,,,,,,,0.77,0.77,,0.0,0,False
2026-03-01 21:12:00+00:00,,,,,,,,0.77,0.77,,0.0,0,False
2026-03-01 21:12:30+00:00,,,,,,,,0.77,0.77,,0.0,0,False
2026-03-01 21:13:00+00:00,,,,,,,,0.77,0.77,,0.0,0,False
2026-03-01 21:13:30+00:00,,,,,,,,0.77,0.77,,0.0,0,False
2026-03-01 21:14:00+00:00,,,,,,,,0.77,0.77,,0.0,0,False
2026-03-01 21:14:30+00:00,,,,,,,,0.77,0.77,,0.0,0,False
2026-03-01 21:15:00+00:00,,,,,,,,0.77,0.77,,0.0,0,False
2026-03-01 21:15:30+00:00,,,,,,,,0.77,0.77,,0.0,0,False
2026-03-01 21:16:00+00:00,,,,,,,,0.77,0.77,,0.0,0,False
2026-03-01 21:16:30+00:00,,,,,,,,0.77,0.77,,0.0,0,False
2026-03-01 21:17:00+00:00,,,,,,,,0.77,0.77,,0.0,0,False
2026-03-01 21:17:30+00:00,,,,,,,,0.77,0.77,,0.0,0,False
2026-03-01 21:18:00+00:00,,,,,,,,0.77,0.77,,0.0,0,False
2026-03-01 21:18:30+00:00,,,,,,,,0.77,0.77,,0.0,0,False
2026-03-01 21:19:00+00:00,,,,,,,,0.77,0.77,,0.0,0,False
2026-03-01 21:19:30+00:00,,,,,,,,0.77,0.77,,0.0,0,False
2026-03-01 21:20:00+00:00,,,,,,,,0.77,0.77,,0.0,0,False
2026-03-01 21:20:30+00:00,,,,,,,,0.77,0.77,,0.0,0,False
2026-03-01 21:21:00+00:00,,,,,,,,0.77,0.77,,0.0,0,False
2026-03-01 21:21:30+00:00,,,,,,,,0.77,0.77,,0.0,0,False
2026-03-01 21:22:00+00:00,,,,,,,,0.77,0.77,,0.0,0,False
2026-03-01 21:22:30+00:00,,,,,,,,0.77,0.77,,0.0,0,False
2026-03-01 21:23:00+00:00,,,,,,,,0.77,0.77,,0.0,0,False
2026-03-01 21:23:30+00:00,,,,,,,,0.7753333333333334,0.79,,60.0,3,False
2026-03-01 21:24:00+00:00,,,,,,,,0.7753333333333334,0.79,,0.0,0,False
2026-03-01 21:24:30+00:00,,,,,,,,0.7753333333333334,0.79,,0.0,0,False
2026-03-01 21:25:00+00:00,,,,,,,,0.7753333333333334,0.79,,0.0,0,False
2026-03-01 21:25:30+00:00,,,,,,,,0.7753333333333334,0.79,,0.0,0,False
2026-03-01 21:26:00+00:00,,,,,,,,0.7753333333333334,0.79,,0.0,0,False
2026-03-01 21:26:30+00:00,,,,,,,,0.7753333333333334,0.79,,0.0,0,False
2026-03-01 21:27:00+00:00,,,,,,,,0.7753333333333334,0.79,,0.0,0,False
2026-03-01 21:27:30+00:00,,,,,,,,0.7753333333333334,0.79,,0.0,0,False
2026-03-01 21:28:00+00:00,,,,,,,,0.7753333333333334,0.79,,0.0,0,False
2026-03-01 21:28:30+00:00,,,,,,,,0.7753333333333334,0.79,,0.0,0,False
2026-03-01 21:29:00+00:00,,,,,,,,0.7753333333333334,0.79,,0.0,0,False
2026-03-01 21:29:30+00:00,,,,,,,,0.7753333333333334,0.79,,0.0,0,False
2026-03-01 21:30:00+00:00,,,,,,,,0.7753333333333334,0.79,,0.0,0,False
2026-03-01 21:30:30+00:00,,,,,,,,0.7753333333333334,0.79,,0.0,0,False
2026-03-01 21:31:00+00:00,,,,,,,,0.7753333333333334,0.79,,0.0,0,False
2026-03-01 21:31:30+00:00,,,,,,,,0.7753333333333334,0.79,,0.0,0,False
2026-03-01 21:32:00+00:00,,,,,,,,0.7753333333333334,0.79,,0.0,0,False
2026-03-01 21:32:30+00:00,,,,,,,,0.7753333333333334,0.79,,0.0,0,False
2026-03-01 21:33:00+00:00,,,,,,,,0.7753333333333334,0.79,,0.0,0,False
2026-03-01 21:33:30+00:00,,,,,,,,0.7753333333333334,0.79,,0.0,0,False
2026-03-01 21:34:00+00:00,,,,,,,,0.7753333333333334,0.79,,0.0,0,False
2026-03-01 21:34:30+00:00,,,,,,,,0.7753333333333334,0.79,,0.0,0,False
2026-03-01 21:35:00+00:00,,,,,,,,0.7753333333333334,0.79,,0.0,0,False
2026-03-01 21:35:30+00:00,,,,,,,,0.7753333333333334,0.79,,0.0,0,False
2026-03-01 21:36:00+00:00,,,,,,,,0.7753333333333334,0.79,,0.0,0,False
2026-03-01 21:36:30+00:00,,,,,,,,0.7753333333333334,0.79,,0.0,0,False
2026-03-01 21:37:00+00:00,,,,,,,,0.7753333333333334,0.79,,0.0,0,False
2026-03-01 21:37:30+00:00,,,,,,,,0.7753333333333334,0.79,,0.0,0,False
2026-03-01 21:38:00+00:00,,,,,,,,0.7753333333333334,0.79,,0.0,0,False
2026-03-01 21:38:30+00:00,,,,,,,,0.7753333333333334,0.79,,0.0,0,False
2026-03-01 21:39:00+00:00,,,,,,,,0.7753333333333334,0.79,,0.0,0,False
2026-03-01 21:39:30+00:00,,,,,,,,0.7753333333333334,0.79,,0.0,0,False
2026-03-01 21:40:00+00:00,,,,,,,,0.7753333333333334,0.79,,0.0,0,False
2026-03-01 21:40:30+00:00,,,,,,,,0.7753333333333334,0.79,,0.0,0,False
2026-03-01 21:41:00+00:00,,,,,,,,0.7753333333333334,0.79,,0.0,0,False
2026-03-01 21:41:30+00:00,,,,,,,,0.7753333333333334,0.79,,0.0,0,False
2026-03-01 21:42:00+00:00,,,,,,,,0.7753333333333334,0.79,,0.0,0,False
2026-03-01 21:42:30+00:00,,,,,,,,0.7753333333333334,0.79,,0.0,0,False
2026-03-01 21:43:00+00:00,,,,,,,,0.7753333333333334,0.79,,0.0,0,False
2026-03-01 21:43:30+00:00,,,,,,,,0.7753333333333334,0.79,,0.0,0,False
2026-03-01 21:44:00+00:00,,,,,,,,0.7753333333333334,0.79,,0.0,0,False
2026-03-01 21:44:30+00:00,,,,,,,,0.7753333333333334,0.79,,0.0,0,False
2026-03-01 21:45:00+00:00,,,,,,,,0.7753333333333334,0.79,,0.0,0,False
2026-03-01 21:45:30+00:00,,,,,,,,0.7753333333333334,0.79,,0.0,0,False
2026-03-01 21:46:00+00:00,,,,,,,,0.7753333333333334,0.79,,0.0,0,False
2026-03-01 21:46:30+00:00,,,,,,,,0.7753333333333334,0.79,,0.0,0,False
2026-03-01 21:47:00+00:00,,,,,,,,0.7753333333333334,0.79,,0.0,0,False
2026-03-01 21:47:30+00:00,,,,,,,,0.7753333333333334,0.79,,0.0,0,False
2026-03-01 21:48:00+00:00,,,,,,,,0.7615517241379309,0.76,,58.0,2,False
2026-03-01 21:48:30+00:00,,,,,,,,0.7615517241379309,0.76,,0.0,0,False
2026-03-01 21:49:00+00:00,,,,,,,,0.7615517241379309,0.76,,0.0,0,False
2026-03-01 21:49:30+00:00,,,,,,,,0.7615517241379309,0.76,,0.0,0,False
2026-03-01 21:50:00+00:00,,,,,,,,0.7615517241379309,0.76,,0.0,0,False
2026-03-01 21:50:30+00:00,,,,,,,,0.7615517241379309,0.76,,0.0,0,False
2026-03-01 21:51:00+00:00,,,,,,,,0.7615517241379309,0.76,,0.0,0,False
2026-03-01 21:51:30+00:00,,,,,,,,0.7615517241379309,0.76,,0.0,0,False
2026-03-01 21:52:00+00:00,,,,,,,,0.7615517241379309,0.76,,0.0,0,False
2026-03-01 21:52:30+00:00,,,,,,,,0.7615517241379309,0.76,,0.0,0,False
2026-03-01 21:53:00+00:00,,,,,,,,0.7615517241379309,0.76,,0.0,0,False
2026-03-01 21:53:30+00:00,,,,,,,,0.7615517241379309,0.76,,0.0,0,False
2026-03-01 21:54:00+00:00,,,,,,,,0.7615517241379309,0.76,,0.0,0,False
2026-03-01 21:54:30+00:00,,,,,,,,0.7615517241379309,0.76,,0.0,0,False
2026-03-01 21:55:00+00:00,,,,,,,,0.7615517241379309,0.76,,0.0,0,False
2026-03-01 21:55:30+00:00,,,,,,,,0.7615517241379309,0.76,,0.0,0,False
2026-03-01 21:56:00+00:00,,,,,,,,0.7615517241379309,0.76,,0.0,0,False
2026-03-01 21:56:30+00:00,,,,,,,,0.7615517241379309,0.76,,0.0,0,False
2026-03-01 21:57:00+00:00,,,,,,,,0.7615517241379309,0.76,,0.0,0,False
2026-03-01 21:57:30+00:00,,,,,,,,0.7615517241379309,0.76,,0.0,0,False
2026-03-01 21:58:00+00:00,,,,,,,,0.7615517241379309,0.76,,0.0,0,False
2026-03-01 21:58:30+00:00,,,,,,,,0.7615517241379309,0.76,,0.0,0,False
2026-03-01 21:59:00+00:00,,,,,,,,0.7615517241379309,0.76,,0.0,0,False
2026-03-01 21:59:30+00:00,,,,,,,,0.7615517241379309,0.76,,0.0,0,False
2026-03-01 22:00:00+00:00,,,,,,,,0.7615517241379309,0.76,,0.0,0,False
2026-03-01 22:00:30+00:00,,,,,,,,0.7615517241379309,0.76,,0.0,0,False
2026-03-01 22:01:00+00:00,,,,,,,,0.7615517241379309,0.76,,0.0,0,False
2026-03-01 22:01:30+00:00,,,,,,,,0.7615517241379309,0.76,,0.0,0,False
2026-03-01 22:02:00+00:00,,,,,,,,0.7615517241379309,0.76,,0.0,0,False
2026-03-01 22:02:30+00:00,,,,,,,,0.7615517241379309,0.76,,0.0,0,False
2026-03-01 22:03:00+00:00,,,,,,,,0.7615517241379309,0.76,,0.0,0,False
2026-03-01 22:03:30+00:00,,,,,,,,0.7615517241379309,0.76,,0.0,0,False
2026-03-01 22:04:00+00:00,,,,,,,,0.7615517241379309,0.76,,0.0,0,False
2026-03-01 22:04:30+00:00,,,,,,,,0.7615517241379309,0.76,,0.0,0,False
2026-03-01 22:05:00+00:00,,,,,,,,0.7615517241379309,0.76,,0.0,0,False
2026-03-01 22:05:30+00:00,,,,,,,,0.7615517241379309,0.76,,0.0,0,False
2026-03-01 22:06:00+00:00,,,,,,,,0.7615517241379309,0.76,,0.0,0,False
2026-03-01 22:06:30+00:00,,,,,,,,0.7615517241379309,0.76,,0.0,0,False
2026-03-01 22:07:00+00:00,,,,,,,,0.7615517241379309,0.76,,0.0,0,False
2026-03-01 22:07:30+00:00,,,,,,,,0.7615517241379309,0.76,,0.0,0,False
2026-03-01 22:08:00+00:00,,,,,,,,0.7615517241379309,0.76,,0.0,0,False
2026-03-01 22:08:30+00:00,,,,,,,,0.7615517241379309,0.76,,0.0,0,False
2026-03-01 22:09:00+00:00,,,,,,,,0.7615517241379309,0.76,,0.0,0,False
2026-03-01 22:09:30+00:00,,,,,,,,0.7615517241379309,0.76,,0.0,0,False
2026-03-01 22:10:00+00:00,,,,,,,,0.7615517241379309,0.76,,0.0,0,False
2026-03-01 22:10:30+00:00,,,,,,,,0.7615517241379309,0.76,,0.0,0,False
2026-03-01 22:11:00+00:00,,,,,,,,0.7615517241379309,0.76,,0.0,0,False
2026-03-01 22:11:30+00:00,,,,,,,,0.7615517241379309,0.76,,0.0,0,False
2026-03-01 22:12:00+00:00,,,,,,,,0.7615517241379309,0.76,,0.0,0,False
2026-03-01 22:12:30+00:00,,,,,,,,0.7615517241379309,0.76,,0.0,0,False
2026-03-01 22:13:00+00:00,,,,,,,,0.7615517241379309,0.76,,0.0,0,False
2026-03-01 22:13:30+00:00,,,,,,,,0.7615517241379309,0.76,,0.0,0,False
2026-03-01 22:14:00+00:00,,,,,,,,0.7615517241379309,0.76,,0.0,0,False
2026-03-01 22:14:30+00:00,,,,,,,,0.7615517241379309,0.76,,0.0,0,False
2026-03-01 22:15:00+00:00,,,,,,,,0.7615517241379309,0.76,,0.0,0,False
2026-03-01 22:15:30+00:00,,,,,,,,0.7615517241379309,0.76,,0.0,0,False
2026-03-01 22:16:00+00:00,,,,,,,,0.7615517241379309,0.76,,0.0,0,False
2026-03-01 22:16:30+00:00,,,,,,,,0.7615517241379309,0.76,,0.0,0,False
2026-03-01 22:17:00+00:00,,,,,,,,0.7615517241379309,0.76,,0.0,0,False
2026-03-01 22:17:30+00:00,,,,,,,,0.7615517241379309,0.76,,0.0,0,False
2026-03-01 22:18:00+00:00,,,,,,,,0.7615517241379309,0.76,,0.0,0,False
2026-03-01 22:18:30+00:00,,,,,,,,0.7615517241379309,0.76,,0.0,0,False
2026-03-01 22:19:00+00:00,,,,,,,,0.7615517241379309,0.76,,0.0,0,False
2026-03-01 22:19:30+00:00,,,,,,,,0.7615517241379309,0.76,,0.0,0,False
2026-03-01 22:20:00+00:00,,,,,,,,0.7615517241379309,0.76,,0.0,0,False
2026-03-01 22:20:30+00:00,,,,,,,,0.7615517241379309,0.76,,0.0,0,False
2026-03-01 22:21:00+00:00,,,,,,,,0.7615517241379309,0.76,,0.0,0,False
2026-03-01 22:21:30+00:00,,,,,,,,0.7615517241379309,0.76,,0.0,0,False
2026-03-01 22:22:00+00:00,,,,,,,,0.7615517241379309,0.76,,0.0,0,False
2026-03-01 22:22:30+00:00,,,,,,,,0.7615517241379309,0.76,,0.0,0,False
2026-03-01 22:23:00+00:00,,,,,,,,0.7615517241379309,0.76,,0.0,0,False
2026-03-01 22:23:30+00:00,,,,,,,,0.7615517241379309,0.76,,0.0,0,False
2026-03-01 22:24:00+00:00,,,,,,,,0.7615517241379309,0.76,,0.0,0,False
2026-03-01 22:24:30+00:00,,,,,,,,0.7615517241379309,0.76,,0.0,0,False
2026-03-01 22:25:00+00:00,,,,,,,,0.7615517241379309,0.76,,0.0,0,False
2026-03-01 22:25:30+00:00,,,,,,,,0.7615517241379309,0.76,,0.0,0,False
2026-03-01 22:26:00+00:00,,,,,,,,0.7615517241379309,0.76,,0.0,0,False
2026-03-01 22:26:30+00:00,,,,,,,,0.7615517241379309,0.76,,0.0,0,False
2026-03-01 22:27:00+00:00,,,,,,,,0.7615517241379309,0.76,,0.0,0,False
2026-03-01 22:27:30+00:00,,,,,,,,0.7615517241379309,0.76,,0.0,0,False
2026-03-01 22:28:00+00:00,,,,,,,,0.7615517241379309,0.76,,0.0,0,False
2026-03-01 22:28:30+00:00,,,,,,,,0.7615517241379309,0.76,,0.0,0,False
2026-03-01 22:29:00+00:00,,,,,,,,0.7615517241379309,0.76,,0.0,0,False
2026-03-01 22:29:30+00:00,,,,,,,,0.7615517241379309,0.76,,0.0,0,False
2026-03-01 22:30:00+00:00,,,,,,,,0.7615517241379309,0.76,,0.0,0,False
2026-03-01 22:30:30+00:00,,,,,,,,0.7615517241379309,0.76,,0.0,0,False
2026-03-01 22:31:00+00:00,,,,,,,,0.7615517241379309,0.76,,0.0,0,False
2026-03-01 22:31:30+00:00,,,,,,,,0.7615517241379309,0.76,,0.0,0,False
2026-03-01 22:32:00+00:00,,,,,,,,0.7615517241379309,0.76,,0.0,0,False
2026-03-01 22:32:30+00:00,,,,,,,,0.7615517241379309,0.76,,0.0,0,False
2026-03-01 22:33:00+00:00,,,,,,,,0.7615517241379309,0.76,,0.0,0,False
2026-03-01 22:33:30+00:00,,,,,,,,0.7615517241379309,0.76,,0.0,0,False
2026-03-01 22:34:00+00:00,,,,,,,,0.7615517241379309,0.76,,0.0,0,False
2026-03-01 22:34:30+00:00,,,,,,,,0.7615517241379309,0.76,,0.0,0,False
2026-03-01 22:35:00+00:00,,,,,,,,0.7615517241379309,0.76,,0.0,0,False
2026-03-01 22:35:30+00:00,,,,,,,,0.7615517241379309,0.76,,0.0,0,False
2026-03-01 22:36:00+00:00,,,,,,,,0.7615517241379309,0.76,,0.0,0,False
2026-03-01 22:36:30+00:00,,,,,,,,0.7615517241379309,0.76,,0.0,0,False
2026-03-01 22:37:00+00:00,,,,,,,,0.7615517241379309,0.76,,0.0,0,False
2026-03-01 22:37:30+00:00,,,,,,,,0.7615517241379309,0.76,,0.0,0,False
2026-03-01 22:38:00+00:00,,,,,,,,0.7615517241379309,0.76,,0.0,0,False
2026-03-01 22:38:30+00:00,,,,,,,,0.7615517241379309,0.76,,0.0,0,False
2026-03-01 22:39:00+00:00,,,,,,,,0.7615517241379309,0.76,,0.0,0,False
2026-03-01 22:39:30+00:00,,,,,,,,0.7615517241379309,0.76,,0.0,0,False
2026-03-01 22:40:00+00:00,,,,,,,,0.7615517241379309,0.76,,0.0,0,False
2026-03-01 22:40:30+00:00,,,,,,,,0.7615517241379309,0.76,,0.0,0,False
2026-03-01 22:41:00+00:00,,,,,,,,0.7615517241379309,0.76,,0.0,0,False
2026-03-01 22:41:30+00:00,,,,,,,,0.7615517241379309,0.76,,0.0,0,False
2026-03-01 22:42:00+00:00,,,,,,,,0.7615517241379309,0.76,,0.0,0,False
2026-03-01 22:42:30+00:00,,,,,,,,0.7615517241379309,0.76,,0.0,0,False
2026-03-01 22:43:00+00:00,,,,,,,,0.7615517241379309,0.76,,0.0,0,False
2026-03-01 22:43:30+00:00,,,,,,,,0.7615517241379309,0.76,,0.0,0,False
2026-03-01 22:44:00+00:00,,,,,,,,0.7615517241379309,0.76,,0.0,0,False
2026-03-01 22:44:30+00:00,,,,,,,,0.7615517241379309,0.76,,0.0,0,False
2026-03-01 22:45:00+00:00,,,,,,,,0.7615517241379309,0.76,,0.0,0,False
2026-03-01 22:45:30+00:00,,,,,,,,0.7615517241379309,0.76,,0.0,0,False
2026-03-01 22:46:00+00:00,,,,,,,,0.7615517241379309,0.76,,0.0,0,False
2026-03-01 22:46:30+00:00,,,,,,,,0.7615517241379309,0.76,,0.0,0,False
2026-03-01 22:47:00+00:00,,,,,,,,0.7615517241379309,0.76,,0.0,0,False
2026-03-01 22:47:30+00:00,,,,,,,,0.7615517241379309,0.76,,0.0,0,False
2026-03-01 22:48:00+00:00,,,,,,,,0.7615517241379309,0.76,,0.0,0,False
2026-03-01 22:48:30+00:00,,,,,,,,0.7615517241379309,0.76,,0.0,0,False
2026-03-01 22:49:00+00:00,,,,,,,,0.79,0.79,,10.0,1,False
2026-03-01 22:49:30+00:00,,,,,,,,0.79,0.79,,0.0,0,False
2026-03-01 22:50:00+00:00,,,,,,,,0.79,0.79,,0.0,0,False
2026-03-01 22:50:30+00:00,,,,,,,,0.79,0.79,,0.0,0,False
2026-03-01 22:51:00+00:00,,,,,,,,0.79,0.79,,0.0,0,False
2026-03-01 22:51:30+00:00,,,,,,,,0.79,0.79,,0.0,0,False
2026-03-01 22:52:00+00:00,,,,,,,,0.79,0.79,,0.0,0,False
2026-03-01 22:52:30+00:00,,,,,,,,0.79,0.79,,0.0,0,False
2026-03-01 22:53:00+00:00,,,,,,,,0.79,0.79,,0.0,0,False
2026-03-01 22:53:30+00:00,,,,,,,,0.79,0.79,,0.0,0,False
2026-03-01 22:54:00+00:00,,,,,,,,0.79,0.79,,1.0,1,False
2026-03-01 22:54:30+00:00,,,,,,,,0.79,0.79,,0.0,0,False
2026-03-01 22:55:00+00:00,,,,,,,,0.79,0.79,,0.0,0,False
2026-03-01 22:55:30+00:00,,,,,,,,0.79,0.79,,0.0,0,False
2026-03-01 22:56:00+00:00,,,,,,,,0.79,0.79,,0.0,0,False
2026-03-01 22:56:30+00:00,,,,,,,,0.79,0.79,,0.0,0,False
2026-03-01 22:57:00+00:00,,,,,,,,0.79,0.79,,0.0,0,False
2026-03-01 22:57:30+00:00,,,,,,,,0.79,0.79,,0.0,0,False
2026-03-01 22:58:00+00:00,,,,,,,,0.79,0.79,,0.0,0,False
2026-03-01 22:58:30+00:00,,,,,,,,0.79,0.79,,0.0,0,False
2026-03-01 22:59:00+00:00,,,,,,,,0.79,0.79,,0.0,0,False
2026-03-01 22:59:30+00:00,,,,,,,,0.79,0.79,,0.0,0,False
2026-03-01 23:00:00+00:00,,,,,,,,0.79,0.79,,0.0,0,False
2026-03-01 23:00:30+00:00,,,,,,,,0.79,0.79,,0.0,0,False
2026-03-01 23:01:00+00:00,,,,,,,,0.79,0.79,,0.0,0,False
2026-03-01 23:01:30+00:00,,,,,,,,0.79,0.79,,0.0,0,False
2026-03-01 23:02:00+00:00,,,,,,,,0.79,0.79,,0.0,0,False
2026-03-01 23:02:30+00:00,,,,,,,,0.79,0.79,,0.0,0,False
2026-03-01 23:03:00+00:00,,,,,,,,0.79,0.79,,0.0,0,False
2026-03-01 23:03:30+00:00,,,,,,,,0.79,0.79,,0.0,0,False
2026-03-01 23:04:00+00:00,,,,,,,,0.79,0.79,,74.0,2,False
2026-03-01 23:04:30+00:00,,,,,,,,0.79,0.79,,0.0,0,False
2026-03-01 23:05:00+00:00,,,,,,,,0.7900000000000001,0.79,,11.0,1,False
2026-03-01 23:05:30+00:00,,,,,,,,0.7900000000000001,0.79,,0.0,0,False
2026-03-01 23:06:00+00:00,,,,,,,,0.7900000000000001,0.79,,0.0,0,False
2026-03-01 23:06:30+00:00,,,,,,,,0.7900000000000001,0.79,,0.0,0,False
2026-03-01 23:07:00+00:00,,,,,,,,0.7900000000000001,0.79,,0.0,0,False
2026-03-01 23:07:30+00:00,,,,,,,,0.7900000000000001,0.79,,0.0,0,False
2026-03-01 23:08:00+00:00,,,,,,,,0.7900000000000001,0.79,,0.0,0,False
2026-03-01 23:08:30+00:00,,,,,,,,0.7900000000000001,0.79,,0.0,0,False
2026-03-01 23:09:00+00:00,,,,,,,,0.7900000000000001,0.79,,0.0,0,False
2026-03-01 23:09:30+00:00,,,,,,,,0.7900000000000001,0.79,,0.0,0,False
2026-03-01 23:10:00+00:00,,,,,,,,0.7900000000000001,0.79,,0.0,0,False
2026-03-01 23:10:30+00:00,,,,,,,,0.7900000000000001,0.79,,0.0,0,False
2026-03-01 23:11:00+00:00,,,,,,,,0.7900000000000001,0.79,,0.0,0,False
2026-03-01 23:11:30+00:00,,,,,,,,0.7900000000000001,0.79,,0.0,0,False
2026-03-01 23:12:00+00:00,,,,,,,,0.7900000000000001,0.79,,0.0,0,False
2026-03-01 23:12:30+00:00,,,,,,,,0.7900000000000001,0.79,,0.0,0,False
2026-03-01 23:13:00+00:00,,,,,,,,0.7900000000000001,0.79,,0.0,0,False
2026-03-01 23:13:30+00:00,,,,,,,,0.7900000000000001,0.79,,0.0,0,False
2026-03-01 23:14:00+00:00,,,,,,,,0.7900000000000001,0.79,,0.0,0,False
2026-03-01 23:14:30+00:00,,,,,,,,0.7900000000000001,0.79,,0.0,0,False
2026-03-01 23:15:00+00:00,,,,,,,,0.7900000000000001,0.79,,0.0,0,False
2026-03-01 23:15:30+00:00,,,,,,,,0.7900000000000001,0.79,,0.0,0,False
2026-03-01 23:16:00+00:00,,,,,,,,0.7900000000000001,0.79,,0.0,0,False
2026-03-01 23:16:30+00:00,,,,,,,,0.7900000000000001,0.79,,0.0,0,False
2026-03-01 23:17:00+00:00,,,,,,,,0.7900000000000001,0.79,,0.0,0,False
2026-03-01 23:17:30+00:00,,,,,,,,0.7900000000000001,0.79,,0.0,0,False
2026-03-01 23:18:00+00:00,,,,,,,,0.7900000000000001,0.79,,0.0,0,False
2026-03-01 23:18:30+00:00,,,,,,,,0.79,0.79,,2.0,1,False
2026-03-01 23:19:00+00:00,,,,,,,,0.79,0.79,,0.0,0,False
2026-03-01 23:19:30+00:00,,,,,,,,0.79,0.79,,0.0,0,False
2026-03-01 23:20:00+00:00,,,,,,,,0.79,0.79,,0.0,0,False
2026-03-01 23:20:30+00:00,,,,,,,,0.79,0.79,,0.0,0,False
2026-03-01 23:21:00+00:00,,,,,,,,0.79,0.79,,0.0,0,False
2026-03-01 23:21:30+00:00,,,,,,,,0.79,0.79,,0.0,0,False
2026-03-01 23:22:00+00:00,,,,,,,,0.79,0.79,,0.0,0,False
2026-03-01 23:22:30+00:00,,,,,,,,0.79,0.79,,0.0,0,False
2026-03-01 23:23:00+00:00,,,,,,,,0.79,0.79,,0.0,0,False
2026-03-01 23:23:30+00:00,,,,,,,,0.79,0.79,,0.0,0,False
2026-03-01 23:24:00+00:00,,,,,,,,0.79,0.79,,0.0,0,False
2026-03-01 23:24:30+00:00,,,,,,,,0.79,0.79,,0.0,0,False
2026-03-01 23:25:00+00:00,,,,,,,,0.79,0.79,,0.0,0,False
2026-03-01 23:25:30+00:00,,,,,,,,0.79,0.79,,0.0,0,False
2026-03-01 23:26:00+00:00,,,,,,,,0.79,0.79,,0.0,0,False
2026-03-01 23:26:30+00:00,,,,,,,,0.79,0.79,,0.0,0,False
2026-03-01 23:27:00+00:00,,,,,,,,0.79,0.79,,0.0,0,False
2026-03-01 23:27:30+00:00,,,,,,,,0.79,0.79,,0.0,0,False
2026-03-01 23:28:00+00:00,,,,,,,,0.79,0.79,,0.0,0,False
2026-03-01 23:28:30+00:00,,,,,,,,0.79,0.79,,0.0,0,False
2026-03-01 23:29:00+00:00,,,,,,,,0.79,0.79,,0.0,0,False
2026-03-01 23:29:30+00:00,,,,,,,,0.79,0.79,,0.0,0,False
2026-03-01 23:30:00+00:00,,,,,,,,0.79,0.79,,0.0,0,False
2026-03-01 23:30:30+00:00,,,,,,,,0.79,0.79,,0.0,0,False
2026-03-01 23:31:00+00:00,,,,,,,,0.79,0.79,,0.0,0,False
2026-03-01 23:31:30+00:00,,,,,,,,0.79,0.79,,0.0,0,False
2026-03-01 23:32:00+00:00,,,,,,,,0.75,0.75,,11.0,1,False
2026-03-01 23:32:30+00:00,,,,,,,,0.75,0.75,,0.0,0,False
2026-03-01 23:33:00+00:00,,,,,,,,0.75,0.75,,0.0,0,False
2026-03-01 23:33:30+00:00,,,,,,,,0.75,0.75,,0.0,0,False
2026-03-01 23:34:00+00:00,,,,,,,,0.75,0.75,,0.0,0,False
2026-03-01 23:34:30+00:00,,,,,,,,0.75,0.75,,0.0,0,False
2026-03-01 23:35:00+00:00,,,,,,,,0.75,0.75,,0.0,0,False
2026-03-01 23:35:30+00:00,,,,,,,,0.75,0.75,,0.0,0,False
2026-03-01 23:36:00+00:00,,,,,,,,0.75,0.75,,0.0,0,False
2026-03-01 23:36:30+00:00,,,,,,,,0.75,0.75,,0.0,0,False
2026-03-01 23:37:00+00:00,,,,,,,,0.75,0.75,,0.0,0,False
2026-03-01 23:37:30+00:00,,,,,,,,0.75,0.75,,0.0,0,False
2026-03-01 23:38:00+00:00,,,,,,,,0.75,0.75,,0.0,0,False
2026-03-01 23:38:30+00:00,,,,,,,,0.75,0.75,,0.0,0,False
2026-03-01 23:39:00+00:00,,,,,,,,0.75,0.75,,0.0,0,False
2026-03-01 23:39:30+00:00,,,,,,,,0.75,0.75,,0.0,0,False
2026-03-01 23:40:00+00:00,,,,,,,,0.75,0.75,,0.0,0,False
2026-03-01 23:40:30+00:00,,,,,,,,0.75,0.75,,0.0,0,False
2026-03-01 23:41:00+00:00,,,,,,,,0.75,0.75,,0.0,0,False
2026-03-01 23:41:30+00:00,,,,,,,,0.75,0.75,,0.0,0,False
2026-03-01 23:42:00+00:00,,,,,,,,0.75,0.75,,0.0,0,False
2026-03-01 23:42:30+00:00,,,,,,,,0.75,0.75,,0.0,0,False
2026-03-01 23:43:00+00:00,,,,,,,,0.75,0.75,,0.0,0,False
2026-03-01 23:43:30+00:00,,,,,,,,0.75,0.75,,0.0,0,False
2026-03-01 23:44:00+00:00,,,,,,,,0.75,0.75,,0.0,0,False
2026-03-01 23:44:30+00:00,,,,,,,,0.75,0.75,,0.0,0,False
2026-03-01 23:45:00+00:00,,,,,,,,0.75,0.75,,0.0,0,False
2026-03-01 23:45:30+00:00,,,,,,,,0.75,0.75,,0.0,0,False
2026-03-01 23:46:00+00:00,,,,,,,,0.75,0.75,,0.0,0,False
2026-03-01 23:46:30+00:00,,,,,,,,0.75,0.75,,0.0,0,False
2026-03-01 23:47:00+00:00,,,,,,,,0.75,0.75,,0.0,0,False
2026-03-01 23:47:30+00:00,,,,,,,,0.75,0.75,,0.0,0,False
2026-03-01 23:48:00+00:00,,,,,,,,0.75,0.75,,0.0,0,False
2026-03-01 23:48:30+00:00,,,,,,,,0.75,0.75,,0.0,0,False
2026-03-01 23:49:00+00:00,,,,,,,,0.75,0.75,,0.0,0,False
2026-03-01 23:49:30+00:00,,,,,,,,0.75,0.75,,0.0,0,False
2026-03-01 23:50:00+00:00,,,,,,,,0.75,0.75,,0.0,0,False
2026-03-01 23:50:30+00:00,,,,,,,,0.75,0.75,,0.0,0,False
2026-03-01 23:51:00+00:00,,,,,,,,0.75,0.75,,0.0,0,False
2026-03-01 23:51:30+00:00,,,,,,,,0.75,0.75,,0.0,0,False
2026-03-01 23:52:00+00:00,,,,,,,,0.75,0.75,,0.0,0,False
2026-03-01 23:52:30+00:00,,,,,,,,0.75,0.75,,0.0,0,False
2026-03-01 23:53:00+00:00,,,,,,,,0.75,0.75,,0.0,0,False
2026-03-01 23:53:30+00:00,,,,,,,,0.75,0.75,,0.0,0,False
2026-03-01 23:54:00+00:00,,,,,,,,0.75,0.75,,0.0,0,False
2026-03-01 23:54:30+00:00,,,,,,,,0.75,0.75,,0.0,0,False
2026-03-01 23:55:00+00:00,,,,,,,,0.73,0.73,,1.0,1,False
2026-03-01 23:55:30+00:00,,,,,,,,0.73,0.73,,0.0,0,False
2026-03-01 23:56:00+00:00,,,,,,,,0.73,0.73,,0.0,0,False
2026-03-01 23:56:30+00:00,,,,,,,,0.73,0.73,,0.0,0,False
2026-03-01 23:57:00+00:00,,,,,,,,0.73,0.73,,0.0,0,False
2026-03-01 23:57:30+00:00,,,,,,,,0.7900000000000001,0.79,,22.0,2,False
2026-03-01 23:58:00+00:00,,,,,,,,0.7900000000000001,0.79,,0.0,0,False
2026-03-01 23:58:30+00:00,,,,,,,,0.7900000000000001,0.79,,0.0,0,False
2026-03-01 23:59:00+00:00,,,,,,,,0.7900000000000001,0.79,,0.0,0,False
2026-03-01 23:59:30+00:00,,,,,,,,0.7900000000000001,0.79,,0.0,0,False
2026-03-02 00:00:00+00:00,,,,,,,,0.7900000000000001,0.79,,0.0,0,False
2026-03-02 00:00:30+00:00,,,,,,,,0.7900000000000001,0.79,,0.0,0,False
2026-03-02 00:01:00+00:00,,,,,,,,0.7900000000000001,0.79,,0.0,0,False
2026-03-02 00:01:30+00:00,,,,,,,,0.7900000000000001,0.79,,0.0,0,False
2026-03-02 00:02:00+00:00,,,,,,,,0.7900000000000001,0.79,,0.0,0,False
2026-03-02 00:02:30+00:00,,,,,,,,0.7900000000000001,0.79,,0.0,0,False
2026-03-02 00:03:00+00:00,,,,,,,,0.7900000000000001,0.79,,0.0,0,False
2026-03-02 00:03:30+00:00,,,,,,,,0.7900000000000001,0.79,,0.0,0,False
2026-03-02 00:04:00+00:00,,,,,,,,0.7900000000000001,0.79,,0.0,0,False
2026-03-02 00:04:30+00:00,,,,,,,,0.7900000000000001,0.79,,0.0,0,False
2026-03-02 00:05:00+00:00,,,,,,,,0.7900000000000001,0.79,,0.0,0,False
2026-03-02 00:05:30+00:00,,,,,,,,0.7900000000000001,0.79,,0.0,0,False
2026-03-02 00:06:00+00:00,,,,,,,,0.7900000000000001,0.79,,0.0,0,False
2026-03-02 00:06:30+00:00,,,,,,,,0.7900000000000001,0.79,,0.0,0,False
2026-03-02 00:07:00+00:00,,,,,,,,0.7900000000000001,0.79,,0.0,0,False
2026-03-02 00:07:30+00:00,,,,,,,,0.7900000000000001,0.79,,0.0,0,False
2026-03-02 00:08:00+00:00,,,,,,,,0.7900000000000001,0.79,,0.0,0,False
2026-03-02 00:08:30+00:00,,,,,,,,0.7900000000000001,0.79,,0.0,0,False
2026-03-02 00:09:00+00:00,,,,,,,,0.7900000000000001,0.79,,0.0,0,False
2026-03-02 00:09:30+00:00,,,,,,,,0.7900000000000001,0.79,,0.0,0,False
2026-03-02 00:10:00+00:00,,,,,,,,0.7900000000000001,0.79,,0.0,0,False
2026-03-02 00:10:30+00:00,,,,,,,,0.7900000000000001,0.79,,0.0,0,False
2026-03-02 00:11:00+00:00,,,,,,,,0.7900000000000001,0.79,,0.0,0,False
2026-03-02 00:11:30+00:00,,,,,,,,0.7900000000000001,0.79,,0.0,0,False
2026-03-02 00:12:00+00:00,,,,,,,,0.7900000000000001,0.79,,0.0,0,False
2026-03-02 00:12:30+00:00,,,,,,,,0.7900000000000001,0.79,,0.0,0,False
2026-03-02 00:13:00+00:00,,,,,,,,0.7900000000000001,0.79,,0.0,0,False
2026-03-02 00:13:30+00:00,,,,,,,,0.7900000000000001,0.79,,0.0,0,False
2026-03-02 00:14:00+00:00,,,,,,,,0.7900000000000001,0.79,,0.0,0,False
2026-03-02 00:14:30+00:00,,,,,,,,0.7900000000000001,0.79,,0.0,0,False
2026-03-02 00:15:00+00:00,,,,,,,,0.7900000000000001,0.79,,0.0,0,False
2026-03-02 00:15:30+00:00,,,,,,,,0.7900000000000001,0.79,,0.0,0,False
2026-03-02 00:16:00+00:00,,,,,,,,0.7900000000000001,0.79,,0.0,0,False
2026-03-02 00:16:30+00:00,,,,,,,,0.7900000000000001,0.79,,0.0,0,False
2026-03-02 00:17:00+00:00,,,,,,,,0.7900000000000001,0.79,,0.0,0,False
2026-03-02 00:17:30+00:00,,,,,,,,0.7900000000000001,0.79,,0.0,0,False
2026-03-02 00:18:00+00:00,,,,,,,,0.7900000000000001,0.79,,0.0,0,False
2026-03-02 00:18:30+00:00,,,,,,,,0.7900000000000001,0.79,,0.0,0,False
2026-03-02 00:19:00+00:00,,,,,,,,0.7900000000000001,0.79,,0.0,0,False
2026-03-02 00:19:30+00:00,,,,,,,,0.7900000000000001,0.79,,0.0,0,False
2026-03-02 00:20:00+00:00,,,,,,,,0.7900000000000001,0.79,,0.0,0,False
2026-03-02 00:20:30+00:00,,,,,,,,0.7900000000000001,0.79,,0.0,0,False
2026-03-02 00:21:00+00:00,,,,,,,,0.7900000000000001,0.79,,0.0,0,False
2026-03-02 00:21:30+00:00,,,,,,,,0.7900000000000001,0.79,,0.0,0,False
2026-03-02 00:22:00+00:00,,,,,,,,0.7900000000000001,0.79,,0.0,0,False
2026-03-02 00:22:30+00:00,,,,,,,,0.7900000000000001,0.79,,0.0,0,False
2026-03-02 00:23:00+00:00,,,,,,,,0.7900000000000001,0.79,,0.0,0,False
2026-03-02 00:23:30+00:00,,,,,,,,0.7900000000000001,0.79,,0.0,0,False
2026-03-02 00:24:00+00:00,,,,,,,,0.7900000000000001,0.79,,0.0,0,False
2026-03-02 00:24:30+00:00,,,,,,,,0.7900000000000001,0.79,,0.0,0,False
2026-03-02 00:25:00+00:00,,,,,,,,0.7597959183673471,0.79,,49.0,2,False
2026-03-02 00:25:30+00:00,,,,,,,,0.7597959183673471,0.79,,0.0,0,False
2026-03-02 00:26:00+00:00,,,,,,,,0.7597959183673471,0.79,,0.0,0,False
2026-03-02 00:26:30+00:00,,,,,,,,0.7597959183673471,0.79,,0.0,0,False
2026-03-02 00:27:00+00:00,,,,,,,,0.7597959183673471,0.79,,0.0,0,False
2026-03-02 00:27:30+00:00,,,,,,,,0.7597959183673471,0.79,,0.0,0,False
2026-03-02 00:28:00+00:00,,,,,,,,0.7597959183673471,0.79,,0.0,0,False
2026-03-02 00:28:30+00:00,,,,,,,,0.7597959183673471,0.79,,0.0,0,False
2026-03-02 00:29:00+00:00,,,,,,,,0.7597959183673471,0.79,,0.0,0,False
2026-03-02 00:29:30+00:00,,,,,,,,0.7597959183673471,0.79,,0.0,0,False
2026-03-02 00:30:00+00:00,,,,,,,,0.7597959183673471,0.79,,0.0,0,False
2026-03-02 00:30:30+00:00,,,,,,,,0.7597959183673471,0.79,,0.0,0,False
2026-03-02 00:31:00+00:00,,,,,,,,0.7597959183673471,0.79,,0.0,0,False
2026-03-02 00:31:30+00:00,,,,,,,,0.79,0.79,,5.0,1,False
2026-03-02 00:32:00+00:00,,,,,,,,0.79,0.79,,0.0,0,False
2026-03-02 00:32:30+00:00,,,,,,,,0.79,0.79,,0.0,0,False
2026-03-02 00:33:00+00:00,,,,,,,,0.79,0.79,,0.0,0,False
2026-03-02 00:33:30+00:00,,,,,,,,0.79,0.79,,0.0,0,False
2026-03-02 00:34:00+00:00,,,,,,,,0.79,0.79,,0.0,0,False
2026-03-02 00:34:30+00:00,,,,,,,,0.79,0.79,,0.0,0,False
2026-03-02 00:35:00+00:00,,,,,,,,0.79,0.79,,0.0,0,False
2026-03-02 00:35:30+00:00,,,,,,,,0.79,0.79,,0.0,0,False
2026-03-02 00:36:00+00:00,,,,,,,,0.79,0.79,,0.0,0,False
2026-03-02 00:36:30+00:00,,,,,,,,0.79,0.79,,0.0,0,False
2026-03-02 00:37:00+00:00,,,,,,,,0.79,0.79,,0.0,0,False
2026-03-02 00:37:30+00:00,,,,,,,,0.79,0.79,,0.0,0,False
2026-03-02 00:38:00+00:00,,,,,,,,0.79,0.79,,0.0,0,False
2026-03-02 00:38:30+00:00,,,,,,,,0.79,0.79,,0.0,0,False
2026-03-02 00:39:00+00:00,,,,,,,,0.79,0.79,,0.0,0,False
2026-03-02 00:39:30+00:00,,,,,,,,0.79,0.79,,0.0,0,False
2026-03-02 00:40:00+00:00,,,,,,,,0.79,0.79,,0.0,0,False
2026-03-02 00:40:30+00:00,,,,,,,,0.79,0.79,,0.0,0,False
2026-03-02 00:41:00+00:00,,,,,,,,0.79,0.79,,0.0,0,False
2026-03-02 00:41:30+00:00,,,,,,,,0.79,0.79,,0.0,0,False
2026-03-02 00:42:00+00:00,,,,,,,,0.79,0.79,,0.0,0,False
2026-03-02 00:42:30+00:00,,,,,,,,0.79,0.79,,0.0,0,False
2026-03-02 00:43:00+00:00,,,,,,,,0.79,0.79,,0.0,0,False
2026-03-02 00:43:30+00:00,,,,,,,,0.79,0.79,,0.0,0,False
2026-03-02 00:44:00+00:00,,,,,,,,0.79,0.79,,0.0,0,False
2026-03-02 00:44:30+00:00,,,,,,,,0.79,0.79,,0.0,0,False
2026-03-02 00:45:00+00:00,,,,,,,,0.79,0.79,,0.0,0,False
2026-03-02 00:45:30+00:00,,,,,,,,0.79,0.79,,0.0,0,False
2026-03-02 00:46:00+00:00,,,,,,,,0.79,0.79,,0.0,0,False
2026-03-02 00:46:30+00:00,,,,,,,,0.79,0.79,,0.0,0,False
2026-03-02 00:47:00+00:00,,,,,,,,0.79,0.79,,0.0,0,False
2026-03-02 00:47:30+00:00,,,,,,,,0.79,0.79,,0.0,0,False
2026-03-02 00:48:00+00:00,,,,,,,,0.79,0.79,,0.0,0,False
2026-03-02 00:48:30+00:00,,,,,,,,0.79,0.79,,0.0,0,False
2026-03-02 00:49:00+00:00,,,,,,,,0.79,0.79,,0.0,0,False
2026-03-02 00:49:30+00:00,,,,,,,,0.79,0.79,,0.0,0,False
2026-03-02 00:50:00+00:00,,,,,,,,0.79,0.79,,0.0,0,False
2026-03-02 00:50:30+00:00,,,,,,,,0.79,0.79,,0.0,0,False
2026-03-02 00:51:00+00:00,,,,,,,,0.79,0.79,,0.0,0,False
2026-03-02 00:51:30+00:00,,,,,,,,0.79,0.79,,0.0,0,False
2026-03-02 00:52:00+00:00,,,,,,,,0.79,0.79,,0.0,0,False
2026-03-02 00:52:30+00:00,,,,,,,,0.79,0.79,,0.0,0,False
2026-03-02 00:53:00+00:00,,,,,,,,0.79,0.79,,123.0,2,False
2026-03-02 00:53:30+00:00,,,,,,,,0.79,0.79,,0.0,0,False
2026-03-02 00:54:00+00:00,,,,,,,,0.79,0.79,,0.0,0,False
2026-03-02 00:54:30+00:00,,,,,,,,0.79,0.79,,0.0,0,False
2026-03-02 00:55:00+00:00,,,,,,,,0.79,0.79,,0.0,0,False
2026-03-02 00:55:30+00:00,,,,,,,,0.79,0.79,,0.0,0,False
2026-03-02 00:56:00+00:00,,,,,,,,0.79,0.79,,0.0,0,False
2026-03-02 00:56:30+00:00,,,,,,,,0.79,0.79,,0.0,0,False
2026-03-02 00:57:00+00:00,,,,,,,,0.79,0.79,,0.0,0,False
2026-03-02 00:57:30+00:00,,,,,,,,0.79,0.79,,0.0,0,False
2026-03-02 00:58:00+00:00,,,,,,,,0.79,0.79,,0.0,0,False
2026-03-02 00:58:30+00:00,,,,,,,,0.79,0.79,,0.0,0,False
2026-03-02 00:59:00+00:00,,,,,,,,0.79,0.79,,0.0,0,False
2026-03-02 00:59:30+00:00,,,,,,,,0.79,0.79,,0.0,0,False
2026-03-02 01:00:00+00:00,,,,,,,,0.79,0.79,,0.0,0,False
2026-03-02 01:00:30+00:00,,,,,,,,0.79,0.79,,0.0,0,False
2026-03-02 01:01:00+00:00,,,,,,,,0.79,0.79,,0.0,0,False
2026-03-02 01:01:30+00:00,,,,,,,,0.79,0.79,,0.0,0,False
2026-03-02 01:02:00+00:00,,,,,,,,0.79,0.79,,0.0,0,False
2026-03-02 01:02:30+00:00,,,,,,,,0.79,0.79,,0.0,0,False
2026-03-02 01:03:00+00:00,,,,,,,,0.799,0.8,,30.0,2,False
2026-03-02 01:03:30+00:00,,,,,,,,0.799,0.8,,0.0,0,False
2026-03-02 01:04:00+00:00,,,,,,,,0.799,0.8,,0.0,0,False
2026-03-02 01:04:30+00:00,,,,,,,,0.799,0.8,,0.0,0,False
2026-03-02 01:05:00+00:00,,,,,,,,0.799,0.8,,0.0,0,False
2026-03-02 01:05:30+00:00,,,,,,,,0.799,0.8,,0.0,0,False
2026-03-02 01:06:00+00:00,,,,,,,,0.799,0.8,,0.0,0,False
2026-03-02 01:06:30+00:00,,,,,,,,0.799,0.8,,0.0,0,False
2026-03-02 01:07:00+00:00,,,,,,,,0.8000000000000002,0.8,,3.0,1,False
2026-03-02 01:07:30+00:00,,,,,,,,0.8000000000000002,0.8,,0.0,0,False
2026-03-02 01:08:00+00:00,,,,,,,,0.8000000000000002,0.8,,0.0,0,False
2026-03-02 01:08:30+00:00,,,,,,,,0.8000000000000002,0.8,,0.0,0,False
2026-03-02 01:09:00+00:00,,,,,,,,0.8000000000000002,0.8,,0.0,0,False
2026-03-02 01:09:30+00:00,,,,,,,,0.8000000000000002,0.8,,0.0,0,False
2026-03-02 01:10:00+00:00,,,,,,,,0.8000000000000002,0.8,,0.0,0,False
2026-03-02 01:10:30+00:00,,,,,,,,0.8000000000000002,0.8,,0.0,0,False
2026-03-02 01:11:00+00:00,,,,,,,,0.77,0.77,,4.0,1,False
2026-03-02 01:11:30+00:00,,,,,,,,0.77,0.77,,0.0,0,False
2026-03-02 01:12:00+00:00,,,,,,,,0.77,0.77,,0.0,0,False
2026-03-02 01:12:30+00:00,,,,,,,,0.77,0.77,,0.0,0,False
2026-03-02 01:13:00+00:00,,,,,,,,0.77,0.77,,0.0,0,False
2026-03-02 01:13:30+00:00,,,,,,,,0.77,0.77,,0.0,0,False
2026-03-02 01:14:00+00:00,,,,,,,,0.77,0.77,,0.0,0,False
2026-03-02 01:14:30+00:00,,,,,,,,0.77,0.77,,0.0,0,False
2026-03-02 01:15:00+00:00,,,,,,,,0.77,0.77,,0.0,0,False
2026-03-02 01:15:30+00:00,,,,,,,,0.77,0.77,,0.0,0,False
2026-03-02 01:16:00+00:00,,,,,,,,0.77,0.77,,0.0,0,False
2026-03-02 01:16:30+00:00,,,,,,,,0.77,0.77,,0.0,0,False
2026-03-02 01:17:00+00:00,,,,,,,,0.77,0.77,,0.0,0,False
2026-03-02 01:17:30+00:00,,,,,,,,0.77,0.77,,0.0,0,False
2026-03-02 01:18:00+00:00,,,,,,,,0.77,0.77,,0.0,0,False
2026-03-02 01:18:30+00:00,,,,,,,,0.77,0.77,,0.0,0,False
2026-03-02 01:19:00+00:00,,,,,,,,0.77,0.77,,0.0,0,False
2026-03-02 01:19:30+00:00,,,,,,,,0.77,0.77,,0.0,0,False
2026-03-02 01:20:00+00:00,,,,,,,,0.77,0.77,,0.0,0,False
2026-03-02 01:20:30+00:00,,,,,,,,0.77,0.77,,0.0,0,False
2026-03-02 01:21:00+00:00,,,,,,,,0.77,0.77,,0.0,0,False
2026-03-02 01:21:30+00:00,,,,,,,,0.8000000000000002,0.8,,60.0,2,False
2026-03-02 01:22:00+00:00,,,,,,,,0.8000000000000002,0.8,,0.0,0,False
2026-03-02 01:22:30+00:00,,,,,,,,0.8000000000000002,0.8,,0.0,0,False
2026-03-02 01:23:00+00:00,,,,,,,,0.8000000000000002,0.8,,0.0,0,False
2026-03-02 01:23:30+00:00,,,,,,,,0.8,0.8,,38.0,1,False
2026-03-02 01:24:00+00:00,,,,,,,,0.8,0.8,,0.0,0,False
2026-03-02 01:24:30+00:00,,,,,,,,0.8,0.8,,0.0,0,False
2026-03-02 01:25:00+00:00,,,,,,,,0.8,0.8,,0.0,0,False
2026-03-02 01:25:30+00:00,,,,,,,,0.8,0.8,,0.0,0,False
2026-03-02 01:26:00+00:00,,,,,,,,0.8000000000000002,0.8,,3.0,1,False
2026-03-02 01:26:30+00:00,,,,,,,,0.8000000000000002,0.8,,0.0,0,False
2026-03-02 01:27:00+00:00,,,,,,,,0.8000000000000002,0.8,,0.0,0,False
2026-03-02 01:27:30+00:00,,,,,,,,0.8000000000000002,0.8,,0.0,0,False
2026-03-02 01:28:00+00:00,,,,,,,,0.8000000000000002,0.8,,0.0,0,False
2026-03-02 01:28:30+00:00,,,,,,,,0.8000000000000002,0.8,,0.0,0,False
2026-03-02 01:29:00+00:00,,,,,,,,0.8000000000000002,0.8,,0.0,0,False
2026-03-02 01:29:30+00:00,,,,,,,,0.8000000000000002,0.8,,0.0,0,False
2026-03-02 01:30:00+00:00,,,,,,,,0.8000000000000002,0.8,,0.0,0,False
2026-03-02 01:30:30+00:00,,,,,,,,0.8000000000000002,0.8,,0.0,0,False
2026-03-02 01:31:00+00:00,,,,,,,,0.8000000000000002,0.8,,0.0,0,False
2026-03-02 01:31:30+00:00,,,,,,,,0.8000000000000002,0.8,,0.0,0,False
2026-03-02 01:32:00+00:00,,,,,,,,0.8000000000000002,0.8,,0.0,0,False
2026-03-02 01:32:30+00:00,,,,,,,,0.8000000000000002,0.8,,0.0,0,False
2026-03-02 01:33:00+00:00,,,,,,,,0.8000000000000002,0.8,,0.0,0,False
2026-03-02 01:33:30+00:00,,,,,,,,0.8000000000000002,0.8,,0.0,0,False
2026-03-02 01:34:00+00:00,,,,,,,,0.8,0.8,,1.0,1,False
2026-03-02 01:34:30+00:00,,,,,,,,0.8,0.8,,0.0,0,False
2026-03-02 01:35:00+00:00,,,,,,,,0.8,0.8,,0.0,0,False
2026-03-02 01:35:30+00:00,,,,,,,,0.8,0.8,,0.0,0,False
2026-03-02 01:36:00+00:00,,,,,,,,0.8,0.8,,0.0,0,False
2026-03-02 01:36:30+00:00,,,,,,,,0.8,0.8,,0.0,0,False
2026-03-02 01:37:00+00:00,,,,,,,,0.8,0.8,,0.0,0,False
2026-03-02 01:37:30+00:00,,,,,,,,0.8,0.8,,0.0,0,False
2026-03-02 01:38:00+00:00,,,,,,,,0.8,0.8,,0.0,0,False
2026-03-02 01:38:30+00:00,,,,,,,,0.8,0.8,,0.0,0,False
2026-03-02 01:39:00+00:00,,,,,,,,0.8,0.8,,0.0,0,False
2026-03-02 01:39:30+00:00,,,,,,,,0.8,0.8,,0.0,0,False
2026-03-02 01:40:00+00:00,,,,,,,,0.8,0.8,,0.0,0,False
2026-03-02 01:40:30+00:00,,,,,,,,0.8,0.8,,0.0,0,False
2026-03-02 01:41:00+00:00,,,,,,,,0.8,0.8,,0.0,0,False
2026-03-02 01:41:30+00:00,,,,,,,,0.8,0.8,,0.0,0,False
2026-03-02 01:42:00+00:00,,,,,,,,0.7700000000000001,0.77,,7.0,1,False
2026-03-02 01:42:30+00:00,,,,,,,,0.7700000000000001,0.77,,0.0,0,False
2026-03-02 01:43:00+00:00,,,,,,,,0.7700000000000001,0.77,,0.0,0,False
2026-03-02 01:43:30+00:00,,,,,,,,0.7700000000000001,0.77,,0.0,0,False
2026-03-02 01:44:00+00:00,,,,,,,,0.7700000000000001,0.77,,0.0,0,False
2026-03-02 01:44:30+00:00,,,,,,,,0.7700000000000001,0.77,,0.0,0,False
2026-03-02 01:45:00+00:00,,,,,,,,0.7700000000000001,0.77,,0.0,0,False
2026-03-02 01:45:30+00:00,,,,,,,,0.7700000000000001,0.77,,0.0,0,False
2026-03-02 01:46:00+00:00,,,,,,,,0.7700000000000001,0.77,,0.0,0,False
2026-03-02 01:46:30+00:00,,,,,,,,0.7700000000000001,0.77,,0.0,0,False
2026-03-02 01:47:00+00:00,,,,,,,,0.7700000000000001,0.77,,0.0,0,False
2026-03-02 01:47:30+00:00,,,,,,,,0.7700000000000001,0.77,,0.0,0,False
2026-03-02 01:48:00+00:00,,,,,,,,0.7700000000000001,0.77,,0.0,0,False
2026-03-02 01:48:30+00:00,,,,,,,,0.7700000000000001,0.77,,0.0,0,False
2026-03-02 01:49:00+00:00,,,,,,,,0.8,0.8,,15.0,3,False
2026-03-02 01:49:30+00:00,,,,,,,,0.8,0.8,,0.0,0,False
2026-03-02 01:50:00+00:00,,,,,,,,0.8,0.8,,0.0,0,False
2026-03-02 01:50:30+00:00,,,,,,,,0.8,0.8,,0.0,0,False
2026-03-02 01:51:00+00:00,,,,,,,,0.8,0.8,,0.0,0,False
2026-03-02 01:51:30+00:00,,,,,,,,0.8,0.8,,0.0,0,False
2026-03-02 01:52:00+00:00,,,,,,,,0.8,0.8,,0.0,0,False
2026-03-02 01:52:30+00:00,,,,,,,,0.8,0.8,,0.0,0,False
2026-03-02 01:53:00+00:00,,,,,,,,0.8,0.8,,0.0,0,False
2026-03-02 01:53:30+00:00,,,,,,,,0.8,0.8,,0.0,0,False
2026-03-02 01:54:00+00:00,,,,,,,,0.8,0.8,,0.0,0,False
2026-03-02 01:54:30+00:00,,,,,,,,0.8,0.8,,0.0,0,False
2026-03-02 01:55:00+00:00,,,,,,,,0.8,0.8,,0.0,0,False
2026-03-02 01:55:30+00:00,,,,,,,,0.8,0.8,,0.0,0,False
2026-03-02 01:56:00+00:00,,,,,,,,0.8,0.8,,0.0,0,False
2026-03-02 01:56:30+00:00,,,,,,,,0.8,0.8,,0.0,0,False
2026-03-02 01:57:00+00:00,,,,,,,,0.8,0.8,,0.0,0,False
2026-03-02 01:57:30+00:00,,,,,,,,0.8,0.8,,0.0,0,False
2026-03-02 01:58:00+00:00,,,,,,,,0.8,0.8,,0.0,0,False
2026-03-02 01:58:30+00:00,,,,,,,,0.8,0.8,,0.0,0,False
2026-03-02 01:59:00+00:00,,,,,,,,0.8,0.8,,0.0,0,False
2026-03-02 01:59:30+00:00,,,,,,,,0.8,0.8,,0.0,0,False
2026-03-02 02:00:00+00:00,,,,,,,,0.8,0.8,,0.0,0,False
2026-03-02 02:00:30+00:00,,,,,,,,0.8,0.8,,0.0,0,False
2026-03-02 02:01:00+00:00,,,,,,,,0.8,0.8,,0.0,0,False
2026-03-02 02:01:30+00:00,,,,,,,,0.8,0.8,,0.0,0,False
2026-03-02 02:02:00+00:00,,,,,,,,0.8,0.8,,0.0,0,False
2026-03-02 02:02:30+00:00,,,,,,,,0.8,0.8,,0.0,0,False
2026-03-02 02:03:00+00:00,,,,,,,,0.8,0.8,,0.0,0,False
2026-03-02 02:03:30+00:00,,,,,,,,0.8,0.8,,0.0,0,False
2026-03-02 02:04:00+00:00,,,,,,,,0.8,0.8,,0.0,0,False
2026-03-02 02:04:30+00:00,,,,,,,,0.8,0.8,,1.0,1,False
2026-03-02 02:05:00+00:00,,,,,,,,0.8,0.8,,0.0,0,False
2026-03-02 02:05:30+00:00,,,,,,,,0.8,0.8,,0.0,0,False
2026-03-02 02:06:00+00:00,,,,,,,,0.8,0.8,,0.0,0,False
2026-03-02 02:06:30+00:00,,,,,,,,0.8,0.8,,0.0,0,False
2026-03-02 02:07:00+00:00,,,,,,,,0.8,0.8,,0.0,0,False
2026-03-02 02:07:30+00:00,,,,,,,,0.8,0.8,,0.0,0,False
2026-03-02 02:08:00+00:00,,,,,,,,0.8,0.8,,0.0,0,False
2026-03-02 02:08:30+00:00,,,,,,,,0.8,0.8,,0.0,0,False
2026-03-02 02:09:00+00:00,,,,,,,,0.8,0.8,,0.0,0,False
2026-03-02 02:09:30+00:00,,,,,,,,0.8,0.8,,0.0,0,False
2026-03-02 02:10:00+00:00,,,,,,,,0.8,0.8,,0.0,0,False
2026-03-02 02:10:30+00:00,,,,,,,,0.8,0.8,,0.0,0,False
2026-03-02 02:11:00+00:00,,,,,,,,0.8,0.8,,0.0,0,False
2026-03-02 02:11:30+00:00,,,,,,,,0.8,0.8,,0.0,0,False
2026-03-02 02:12:00+00:00,,,,,,,,0.8,0.8,,0.0,0,False
2026-03-02 02:12:30+00:00,,,,,,,,0.8,0.8,,0.0,0,False
2026-03-02 02:13:00+00:00,,,,,,,,0.8,0.8,,0.0,0,False
2026-03-02 02:13:30+00:00,,,,,,,,0.8,0.8,,0.0,0,False
2026-03-02 02:14:00+00:00,,,,,,,,0.8,0.8,,0.0,0,False
2026-03-02 02:14:30+00:00,,,,,,,,0.8,0.8,,0.0,0,False
2026-03-02 02:15:00+00:00,,,,,,,,0.8,0.8,,0.0,0,False
2026-03-02 02:15:30+00:00,,,,,,,,0.8,0.8,,0.0,0,False
2026-03-02 02:16:00+00:00,,,,,,,,0.8,0.8,,0.0,0,False
2026-03-02 02:16:30+00:00,,,,,,,,0.8,0.8,,0.0,0,False
2026-03-02 02:17:00+00:00,,,,,,,,0.8,0.8,,0.0,0,False
2026-03-02 02:17:30+00:00,,,,,,,,0.8,0.8,,0.0,0,False
2026-03-02 02:18:00+00:00,,,,,,,,0.8,0.8,,0.0,0,False
2026-03-02 02:18:30+00:00,,,,,,,,0.8,0.8,,0.0,0,False
2026-03-02 02:19:00+00:00,,,,,,,,0.8,0.8,,0.0,0,False
2026-03-02 02:19:30+00:00,,,,,,,,0.8,0.8,,0.0,0,False
2026-03-02 02:20:00+00:00,,,,,,,,0.8,0.8,,0.0,0,False
2026-03-02 02:20:30+00:00,,,,,,,,0.8,0.8,,0.0,0,False
2026-03-02 02:21:00+00:00,,,,,,,,0.8,0.8,,0.0,0,False
2026-03-02 02:21:30+00:00,,,,,,,,0.8,0.8,,0.0,0,False
2026-03-02 02:22:00+00:00,,,,,,,,0.8,0.8,,0.0,0,False
2026-03-02 02:22:30+00:00,,,,,,,,0.8,0.8,,0.0,0,False
2026-03-02 02:23:00+00:00,,,,,,,,0.8,0.8,,2.0,1,False
2026-03-02 02:23:30+00:00,,,,,,,,0.8,0.8,,0.0,0,False
2026-03-02 02:24:00+00:00,,,,,,,,0.8,0.8,,0.0,0,False
2026-03-02 02:24:30+00:00,,,,,,,,0.8,0.8,,0.0,0,False
2026-03-02 02:25:00+00:00,,,,,,,,0.8,0.8,,0.0,0,False
2026-03-02 02:25:30+00:00,,,,,,,,0.8,0.8,,0.0,0,False
2026-03-02 02:26:00+00:00,,,,,,,,0.8,0.8,,0.0,0,False
2026-03-02 02:26:30+00:00,,,,,,,,0.8,0.8,,0.0,0,False
2026-03-02 02:27:00+00:00,,,,,,,,0.8,0.8,,0.0,0,False
2026-03-02 02:27:30+00:00,,,,,,,,0.8,0.8,,0.0,0,False
2026-03-02 02:28:00+00:00,,,,,,,,0.8,0.8,,0.0,0,False
2026-03-02 02:28:30+00:00,,,,,,,,0.8,0.8,,0.0,0,False
2026-03-02 02:29:00+00:00,,,,,,,,0.8,0.8,,0.0,0,False
2026-03-02 02:29:30+00:00,,,,,,,,0.8,0.8,,0.0,0,False
2026-03-02 02:30:00+00:00,,,,,,,,0.8,0.8,,0.0,0,False
2026-03-02 02:30:30+00:00,,,,,,,,0.8,0.8,,0.0,0,False
2026-03-02 02:31:00+00:00,,,,,,,,0.8,0.8,,0.0,0,False
2026-03-02 02:31:30+00:00,,,,,,,,0.8,0.8,,0.0,0,False
2026-03-02 02:32:00+00:00,,,,,,,,0.8,0.8,,0.0,0,False
2026-03-02 02:32:30+00:00,,,,,,,,0.8,0.8,,0.0,0,False
2026-03-02 02:33:00+00:00,,,,,,,,0.8,0.8,,0.0,0,False
2026-03-02 02:33:30+00:00,,,,,,,,0.8,0.8,,18.0,1,False
2026-03-02 02:34:00+00:00,,,,,,,,0.8,0.8,,0.0,0,False
2026-03-02 02:34:30+00:00,,,,,,,,0.8,0.8,,0.0,0,False
2026-03-02 02:35:00+00:00,,,,,,,,0.8,0.8,,0.0,0,False
2026-03-02 02:35:30+00:00,,,,,,,,0.8,0.8,,0.0,0,False
2026-03-02 02:36:00+00:00,,,,,,,,0.8,0.8,,0.0,0,False
2026-03-02 02:36:30+00:00,,,,,,,,0.8,0.8,,0.0,0,False
2026-03-02 02:37:00+00:00,,,,,,,,0.8,0.8,,0.0,0,False
2026-03-02 02:37:30+00:00,,,,,,,,0.8,0.8,,0.0,0,False
2026-03-02 02:38:00+00:00,,,,,,,,0.8,0.8,,0.0,0,False
2026-03-02 02:38:30+00:00,,,,,,,,0.8,0.8,,0.0,0,False
2026-03-02 02:39:00+00:00,,,,,,,,0.8,0.8,,0.0,0,False
2026-03-02 02:39:30+00:00,,,,,,,,0.8,0.8,,0.0,0,False
2026-03-02 02:40:00+00:00,,,,,,,,0.8,0.8,,0.0,0,False
2026-03-02 02:40:30+00:00,,,,,,,,0.8000000000000002,0.8,,12.0,1,False
2026-03-02 02:41:00+00:00,,,,,,,,0.8000000000000002,0.8,,0.0,0,False
2026-03-02 02:41:30+00:00,,,,,,,,0.8000000000000002,0.8,,0.0,0,False
2026-03-02 02:42:00+00:00,,,,,,,,0.8000000000000002,0.8,,0.0,0,False
2026-03-02 02:42:30+00:00,,,,,,,,0.8000000000000002,0.8,,0.0,0,False
2026-03-02 02:43:00+00:00,,,,,,,,0.8000000000000002,0.8,,0.0,0,False
2026-03-02 02:43:30+00:00,,,,,,,,0.8000000000000002,0.8,,0.0,0,False
2026-03-02 02:44:00+00:00,,,,,,,,0.8000000000000002,0.8,,0.0,0,False
2026-03-02 02:44:30+00:00,,,,,,,,0.8000000000000002,0.8,,0.0,0,False
2026-03-02 02:45:00+00:00,,,,,,,,0.8000000000000002,0.8,,0.0,0,False
2026-03-02 02:45:30+00:00,,,,,,,,0.8000000000000002,0.8,,0.0,0,False
2026-03-02 02:46:00+00:00,,,,,,,,0.8000000000000002,0.8,,0.0,0,False
2026-03-02 02:46:30+00:00,,,,,,,,0.8000000000000002,0.8,,0.0,0,False
2026-03-02 02:47:00+00:00,,,,,,,,0.8000000000000002,0.8,,0.0,0,False
2026-03-02 02:47:30+00:00,,,,,,,,0.8000000000000002,0.8,,0.0,0,False
2026-03-02 02:48:00+00:00,,,,,,,,0.8000000000000002,0.8,,0.0,0,False
2026-03-02 02:48:30+00:00,,,,,,,,0.8000000000000002,0.8,,0.0,0,False
2026-03-02 02:49:00+00:00,,,,,,,,0.8000000000000002,0.8,,0.0,0,False
2026-03-02 02:49:30+00:00,,,,,,,,0.8000000000000002,0.8,,0.0,0,False
2026-03-02 02:50:00+00:00,,,,,,,,0.8000000000000002,0.8,,0.0,0,False
2026-03-02 02:50:30+00:00,,,,,,,,0.8,0.8,,36.0,1,False
2026-03-02 02:51:00+00:00,,,,,,,,0.8,0.8,,0.0,0,False
2026-03-02 02:51:30+00:00,,,,,,,,0.8,0.8,,0.0,0,False
2026-03-02 02:52:00+00:00,,,,,,,,0.8,0.8,,0.0,0,False
2026-03-02 02:52:30+00:00,,,,,,,,0.8,0.8,,0.0,0,False
2026-03-02 02:53:00+00:00,,,,,,,,0.8,0.8,,0.0,0,False
2026-03-02 02:53:30+00:00,,,,,,,,0.81,0.81,,8.0,1,False
2026-03-02 02:54:00+00:00,,,,,,,,0.81,0.81,,0.0,0,False
2026-03-02 02:54:30+00:00,,,,,,,,0.8,0.8,,30.0,1,False
2026-03-02 02:55:00+00:00,,,,,,,,0.8,0.8,,0.0,0,False
2026-03-02 02:55:30+00:00,,,,,,,,0.8,0.8,,0.0,0,False
2026-03-02 02:56:00+00:00,,,,,,,,0.8,0.8,,0.0,0,False
2026-03-02 02:56:30+00:00,,,,,,,,0.8,0.8,,0.0,0,False
2026-03-02 02:57:00+00:00,,,,,,,,0.8,0.8,,0.0,0,False
2026-03-02 02:57:30+00:00,,,,,,,,0.8,0.8,,0.0,0,False
2026-03-02 02:58:00+00:00,,,,,,,,0.8,0.8,,0.0,0,False
2026-03-02 02:58:30+00:00,,,,,,,,0.8,0.8,,0.0,0,False
2026-03-02 02:59:00+00:00,,,,,,,,0.8,0.8,,0.0,0,False
2026-03-02 02:59:30+00:00,,,,,,,,0.8,0.8,,0.0,0,False
2026-03-02 03:00:00+00:00,,,,,,,,0.8,0.8,,0.0,0,False
2026-03-02 03:00:30+00:00,,,,,,,,0.8,0.8,,0.0,0,False
2026-03-02 03:01:00+00:00,,,,,,,,0.8,0.8,,5.0,2,False
2026-03-02 03:01:30+00:00,,,,,,,,0.8,0.8,,0.0,0,False
2026-03-02 03:02:00+00:00,,,,,,,,0.8,0.8,,0.0,0,False
2026-03-02 03:02:30+00:00,,,,,,,,0.8,0.8,,0.0,0,False
2026-03-02 03:03:00+00:00,,,,,,,,0.8,0.8,,0.0,0,False
2026-03-02 03:03:30+00:00,,,,,,,,0.8,0.8,,0.0,0,False
2026-03-02 03:04:00+00:00,,,,,,,,0.8,0.8,,0.0,0,False
2026-03-02 03:04:30+00:00,,,,,,,,0.8,0.8,,0.0,0,False
2026-03-02 03:05:00+00:00,,,,,,,,0.8,0.8,,0.0,0,False
2026-03-02 03:05:30+00:00,,,,,,,,0.8,0.8,,0.0,0,False
2026-03-02 03:06:00+00:00,,,,,,,,0.8,0.8,,0.0,0,False
2026-03-02 03:06:30+00:00,,,,,,,,0.8,0.8,,0.0,0,False
2026-03-02 03:07:00+00:00,,,,,,,,0.8,0.8,,0.0,0,False
2026-03-02 03:07:30+00:00,,,,,,,,0.8,0.8,,0.0,0,False
2026-03-02 03:08:00+00:00,,,,,,,,0.8,0.8,,0.0,0,False
2026-03-02 03:08:30+00:00,,,,,,,,0.8,0.8,,0.0,0,False
2026-03-02 03:09:00+00:00,,,,,,,,0.8,0.8,,0.0,0,False
2026-03-02 03:09:30+00:00,,,,,,,,0.8,0.8,,0.0,0,False
2026-03-02 03:10:00+00:00,,,,,,,,0.8,0.8,,0.0,0,False
2026-03-02 03:10:30+00:00,,,,,,,,0.8,0.8,,0.0,0,False
2026-03-02 03:11:00+00:00,,,,,,,,0.8,0.8,,0.0,0,False
2026-03-02 03:11:30+00:00,,,,,,,,0.8,0.8,,0.0,0,False
2026-03-02 03:12:00+00:00,,,,,,,,0.8,0.8,,0.0,0,False
2026-03-02 03:12:30+00:00,,,,,,,,0.8,0.8,,100.0,1,False
2026-03-02 03:13:00+00:00,,,,,,,,0.8,0.8,,0.0,0,False
2026-03-02 03:13:30+00:00,,,,,,,,0.8000000000000002,0.8,,100.0,2,False
2026-03-02 03:14:00+00:00,,,,,,,,0.8000000000000002,0.8,,0.0,0,False
2026-03-02 03:14:30+00:00,,,,,,,,0.8000000000000002,0.8,,12.0,1,False
2026-03-02 03:15:00+00:00,,,,,,,,0.8000000000000002,0.8,,0.0,0,False
2026-03-02 03:15:30+00:00,,,,,,,,0.7999999999999999,0.8,,91.0,2,False
2026-03-02 03:16:00+00:00,,,,,,,,0.7999999999999999,0.8,,0.0,0,False
2026-03-02 03:16:30+00:00,,,,,,,,0.7999999999999999,0.8,,0.0,0,False
2026-03-02 03:17:00+00:00,,,,,,,,0.7999999999999999,0.8,,0.0,0,False
2026-03-02 03:17:30+00:00,,,,,,,,0.7999999999999999,0.8,,0.0,0,False
2026-03-02 03:18:00+00:00,,,,,,,,0.7999999999999999,0.8,,0.0,0,False
2026-03-02 03:18:30+00:00,,,,,,,,0.7999999999999999,0.8,,0.0,0,False
2026-03-02 03:19:00+00:00,,,,,,,,0.7999999999999999,0.8,,0.0,0,False
2026-03-02 03:19:30+00:00,,,,,,,,0.7999999999999999,0.8,,0.0,0,False
2026-03-02 03:20:00+00:00,,,,,,,,0.7999999999999999,0.8,,0.0,0,False
2026-03-02 03:20:30+00:00,,,,,,,,0.7999999999999999,0.8,,0.0,0,False
2026-03-02 03:21:00+00:00,,,,,,,,0.8198054474708172,0.81,,514.0,7,False
2026-03-02 03:21:30+00:00,,,,,,,,0.8198054474708172,0.81,,0.0,0,False
2026-03-02 03:22:00+00:00,,,,,,,,0.8198054474708172,0.81,,0.0,0,False
2026-03-02 03:22:30+00:00,,,,,,,,0.8198054474708172,0.81,,0.0,0,False
2026-03-02 03:23:00+00:00,,,,,,,,0.8198054474708172,0.81,,0.0,0,False
2026-03-02 03:23:30+00:00,,,,,,,,0.78,0.78,,41.0,1,False
2026-03-02 03:24:00+00:00,,,,,,,,0.78,0.78,,0.0,0,False
2026-03-02 03:24:30+00:00,,,,,,,,0.78,0.78,,0.0,0,False
2026-03-02 03:25:00+00:00,,,,,,,,0.78,0.78,,0.0,0,False
2026-03-02 03:25:30+00:00,,,,,,,,0.78,0.78,,0.0,0,False
2026-03-02 03:26:00+00:00,,,,,,,,0.78,0.78,,0.0,0,False
2026-03-02 03:26:30+00:00,,,,,,,,0.78,0.78,,0.0,0,False
2026-03-02 03:27:00+00:00,,,,,,,,0.78,0.78,,0.0,0,False
2026-03-02 03:27:30+00:00,,,,,,,,0.78,0.78,,0.0,0,False
2026-03-02 03:28:00+00:00,,,,,,,,0.79,0.79,,6.0,1,False
2026-03-02 03:28:30+00:00,,,,,,,,0.79,0.79,,0.0,0,False
2026-03-02 03:29:00+00:00,,,,,,,,0.79,0.79,,0.0,0,False
2026-03-02 03:29:30+00:00,,,,,,,,0.79,0.79,,0.0,0,False
2026-03-02 03:30:00+00:00,,,,,,,,0.79,0.79,,0.0,0,False
2026-03-02 03:30:30+00:00,,,,,,,,0.79,0.79,,0.0,0,False
2026-03-02 03:31:00+00:00,,,,,,,,0.77,0.77,,20.0,1,False
2026-03-02 03:31:30+00:00,,,,,,,,0.77,0.77,,0.0,0,False
2026-03-02 03:32:00+00:00,,,,,,,,0.77,0.77,,0.0,0,False
2026-03-02 03:32:30+00:00,,,,,,,,0.79625,0.81,,64.0,3,False
2026-03-02 03:33:00+00:00,,,,,,,,0.79625,0.81,,0.0,0,False
2026-03-02 03:33:30+00:00,,,,,,,,0.79625,0.81,,0.0,0,False
2026-03-02 03:34:00+00:00,,,,,,,,0.79625,0.81,,0.0,0,False
2026-03-02 03:34:30+00:00,,,,,,,,0.79625,0.81,,0.0,0,False
2026-03-02 03:35:00+00:00,,,,,,,,0.79625,0.81,,0.0,0,False
2026-03-02 03:35:30+00:00,,,,,,,,0.79625,0.81,,0.0,0,False
2026-03-02 03:36:00+00:00,,,,,,,,0.79625,0.81,,0.0,0,False
2026-03-02 03:36:30+00:00,,,,,,,,0.79625,0.81,,0.0,0,False
2026-03-02 03:37:00+00:00,,,,,,,,0.79625,0.81,,0.0,0,False
2026-03-02 03:37:30+00:00,,,,,,,,0.79,0.79,,16.0,1,False
2026-03-02 03:38:00+00:00,,,,,,,,0.79,0.79,,0.0,0,False
2026-03-02 03:38:30+00:00,,,,,,,,0.79,0.79,,0.0,0,False
2026-03-02 03:39:00+00:00,,,,,,,,0.79,0.79,,0.0,0,False
2026-03-02 03:39:30+00:00,,,,,,,,0.79,0.79,,0.0,0,False
2026-03-02 03:40:00+00:00,,,,,,,,0.79,0.79,,31.0,1,False
2026-03-02 03:40:30+00:00,,,,,,,,0.79,0.79,,0.0,0,False
2026-03-02 03:41:00+00:00,,,,,,,,0.79,0.79,,37.0,1,False
2026-03-02 03:41:30+00:00,,,,,,,,0.79,0.79,,0.0,0,False
2026-03-02 03:42:00+00:00,,,,,,,,0.79,0.79,,0.0,0,False
2026-03-02 03:42:30+00:00,,,,,,,,0.79,0.79,,0.0,0,False
2026-03-02 03:43:00+00:00,,,,,,,,0.79,0.79,,0.0,0,False
2026-03-02 03:43:30+00:00,,,,,,,,0.79,0.79,,0.0,0,False
2026-03-02 03:44:00+00:00,,,,,,,,0.79,0.79,,0.0,0,False
2026-03-02 03:44:30+00:00,,,,,,,,0.79,0.79,,0.0,0,False
2026-03-02 03:45:00+00:00,,,,,,,,0.79,0.79,,0.0,0,False
2026-03-02 03:45:30+00:00,,,,,,,,0.79,0.79,,0.0,0,False
2026-03-02 03:46:00+00:00,,,,,,,,0.79,0.79,,0.0,0,False
2026-03-02 03:46:30+00:00,,,,,,,,0.79,0.79,,50.0,2,False
2026-03-02 03:47:00+00:00,,,,,,,,0.79,0.79,,0.0,0,False
2026-03-02 03:47:30+00:00,,,,,,,,0.79,0.79,,0.0,0,False
2026-03-02 03:48:00+00:00,,,,,,,,0.79,0.79,,0.0,0,False
2026-03-02 03:48:30+00:00,,,,,,,,0.79,0.79,,0.0,0,False
2026-03-02 03:49:00+00:00,,,,,,,,0.79,0.79,,0.0,0,False
2026-03-02 03:49:30+00:00,,,,,,,,0.79,0.79,,0.0,0,False
2026-03-02 03:50:00+00:00,,,,,,,,0.79,0.79,,0.0,0,False
2026-03-02 03:50:30+00:00,,,,,,,,0.79,0.79,,0.0,0,False
2026-03-02 03:51:00+00:00,,,,,,,,0.79,0.79,,0.0,0,False
2026-03-02 03:51:30+00:00,,,,,,,,0.79,0.79,,0.0,0,False
2026-03-02 03:52:00+00:00,,,,,,,,0.79,0.79,,0.0,0,False
2026-03-02 03:52:30+00:00,,,,,,,,0.79,0.79,,0.0,0,False
2026-03-02 03:53:00+00:00,,,,,,,,0.79,0.79,,0.0,0,False
2026-03-02 03:53:30+00:00,,,,,,,,0.79,0.79,,0.0,0,False
2026-03-02 03:54:00+00:00,,,,,,,,0.79,0.79,,0.0,0,False
2026-03-02 03:54:30+00:00,,,,,,,,0.79,0.79,,0.0,0,False
2026-03-02 03:55:00+00:00,,,,,,,,0.79,0.79,,0.0,0,False
2026-03-02 03:55:30+00:00,,,,,,,,0.79,0.79,,0.0,0,False
2026-03-02 03:56:00+00:00,,,,,,,,0.79,0.79,,0.0,0,False
2026-03-02 03:56:30+00:00,,,,,,,,0.79,0.79,,0.0,0,False
2026-03-02 03:57:00+00:00,,,,,,,,0.79,0.79,,0.0,0,False
2026-03-02 03:57:30+00:00,,,,,,,,0.79,0.79,,0.0,0,False
2026-03-02 03:58:00+00:00,,,,,,,,0.79,0.79,,1.0,1,False
2026-03-02 03:58:30+00:00,,,,,,,,0.79,0.79,,0.0,0,False
2026-03-02 03:59:00+00:00,,,,,,,,0.79,0.79,,0.0,0,False
2026-03-02 03:59:30+00:00,,,,,,,,0.79,0.79,,0.0,0,False
2026-03-02 04:00:00+00:00,,,,,,,,0.79,0.79,,0.0,0,False
2026-03-02 04:00:30+00:00,,,,,,,,0.79,0.79,,0.0,0,False
2026-03-02 04:01:00+00:00,,,,,,,,0.79,0.79,,0.0,0,False
2026-03-02 04:01:30+00:00,,,,,,,,0.79,0.79,,49.0,1,False
2026-03-02 04:02:00+00:00,,,,,,,,0.79,0.79,,0.0,0,False
2026-03-02 04:02:30+00:00,,,,,,,,0.79,0.79,,0.0,0,False
2026-03-02 04:03:00+00:00,,,,,,,,0.79,0.79,,0.0,0,False
2026-03-02 04:03:30+00:00,,,,,,,,0.79,0.79,,0.0,0,False
2026-03-02 04:04:00+00:00,,,,,,,,0.79,0.79,,0.0,0,False
2026-03-02 04:04:30+00:00,,,,,,,,0.79,0.79,,0.0,0,False
2026-03-02 04:05:00+00:00,,,,,,,,0.79,0.79,,0.0,0,False
2026-03-02 04:05:30+00:00,,,,,,,,0.79,0.79,,0.0,0,False
2026-03-02 04:06:00+00:00,,,,,,,,0.79,0.79,,0.0,0,False
2026-03-02 04:06:30+00:00,,,,,,,,0.79,0.79,,0.0,0,False
2026-03-02 04:07:00+00:00,,,,,,,,0.79,0.79,,0.0,0,False
2026-03-02 04:07:30+00:00,,,,,,,,0.79,0.79,,0.0,0,False
2026-03-02 04:08:00+00:00,,,,,,,,0.79,0.79,,0.0,0,False
2026-03-02 04:08:30+00:00,,,,,,,,0.79,0.79,,0.0,0,False
2026-03-02 04:09:00+00:00,,,,,,,,0.78,0.78,,20.0,1,False
2026-03-02 04:09:30+00:00,,,,,,,,0.78,0.78,,0.0,0,False
2026-03-02 04:10:00+00:00,,,,,,,,0.78,0.78,,0.0,0,False
2026-03-02 04:10:30+00:00,,,,,,,,0.78,0.78,,0.0,0,False
2026-03-02 04:11:00+00:00,,,,,,,,0.78,0.78,,0.0,0,False
2026-03-02 04:11:30+00:00,,,,,,,,0.78,0.78,,0.0,0,False
2026-03-02 04:12:00+00:00,,,,,,,,0.78,0.78,,0.0,0,False
2026-03-02 04:12:30+00:00,,,,,,,,0.78,0.78,,0.0,0,False
2026-03-02 04:13:00+00:00,,,,,,,,0.78,0.78,,0.0,0,False
2026-03-02 04:13:30+00:00,,,,,,,,0.78,0.78,,0.0,0,False
2026-03-02 04:14:00+00:00,,,,,,,,0.78,0.78,,0.0,0,False
2026-03-02 04:14:30+00:00,,,,,,,,0.78,0.78,,0.0,0,False
2026-03-02 04:15:00+00:00,,,,,,,,0.78,0.78,,0.0,0,False
2026-03-02 04:15:30+00:00,,,,,,,,0.8200000000000001,0.8200000000000001,,15.0,1,False
2026-03-02 04:16:00+00:00,,,,,,,,0.79,0.79,,61.0,1,False
2026-03-02 04:16:30+00:00,,,,,,,,0.79,0.79,,53.0,2,False
2026-03-02 04:17:00+00:00,,,,,,,,0.79,0.79,,29.0,1,False
2026-03-02 04:17:30+00:00,,,,,,,,0.79,0.79,,0.0,0,False
2026-03-02 04:18:00+00:00,,,,,,,,0.79,0.79,,0.0,0,False
2026-03-02 04:18:30+00:00,,,,,,,,0.79,0.79,,20.0,1,False
2026-03-02 04:19:00+00:00,,,,,,,,0.79,0.79,,0.0,0,False
2026-03-02 04:19:30+00:00,,,,,,,,0.79,0.79,,0.0,0,False
2026-03-02 04:20:00+00:00,,,,,,,,0.79,0.79,,0.0,0,False
2026-03-02 04:20:30+00:00,,,,,,,,0.79,0.79,,0.0,0,False
2026-03-02 04:21:00+00:00,,,,,,,,0.79,0.79,,0.0,0,False
2026-03-02 04:21:30+00:00,,,,,,,,0.79,0.79,,0.0,0,False
2026-03-02 04:22:00+00:00,,,,,,,,0.79,0.79,,0.0,0,False
2026-03-02 04:22:30+00:00,,,,,,,,0.79,0.79,,0.0,0,False
2026-03-02 04:23:00+00:00,,,,,,,,0.79,0.79,,0.0,0,False
2026-03-02 04:23:30+00:00,,,,,,,,0.79,0.79,,0.0,0,False
2026-03-02 04:24:00+00:00,,,,,,,,0.79,0.79,,0.0,0,False
2026-03-02 04:24:30+00:00,,,,,,,,0.79,0.79,,33.0,1,False
2026-03-02 04:25:00+00:00,,,,,,,,0.79,0.79,,0.0,0,False
2026-03-02 04:25:30+00:00,,,,,,,,0.79,0.79,,0.0,0,False
2026-03-02 04:26:00+00:00,,,,,,,,0.79,0.79,,0.0,0,False
2026-03-02 04:26:30+00:00,,,,,,,,0.79,0.79,,0.0,0,False
2026-03-02 04:27:00+00:00,,,,,,,,0.79,0.79,,0.0,0,False
2026-03-02 04:27:30+00:00,,,,,,,,0.79,0.79,,0.0,0,False
2026-03-02 04:28:00+00:00,,,,,,,,0.79,0.79,,0.0,0,False
2026-03-02 04:28:30+00:00,,,,,,,,0.79,0.79,,24.0,1,False
2026-03-02 04:29:00+00:00,,,,,,,,0.79,0.79,,0.0,0,False
2026-03-02 04:29:30+00:00,,,,,,,,0.79,0.79,,0.0,0,False
2026-03-02 04:30:00+00:00,,,,,,,,0.79,0.79,,0.0,0,False
2026-03-02 04:30:30+00:00,,,,,,,,0.79,0.79,,0.0,0,False
2026-03-02 04:31:00+00:00,,,,,,,,0.79,0.79,,0.0,0,False
2026-03-02 04:31:30+00:00,,,,,,,,0.79,0.79,,0.0,0,False
2026-03-02 04:32:00+00:00,,,,,,,,0.79,0.79,,0.0,0,False
2026-03-02 04:32:30+00:00,,,,,,,,0.79,0.79,,0.0,0,False
2026-03-02 04:33:00+00:00,,,,,,,,0.79,0.79,,0.0,0,False
2026-03-02 04:33:30+00:00,,,,,,,,0.79,0.79,,0.0,0,False
2026-03-02 04:34:00+00:00,,,,,,,,0.79,0.79,,0.0,0,False
2026-03-02 04:34:30+00:00,,,,,,,,0.79,0.79,,0.0,0,False
2026-03-02 04:35:00+00:00,,,,,,,,0.77,0.77,,2.0,1,False
2026-03-02 04:35:30+00:00,,,,,,,,0.77,0.77,,0.0,0,False
2026-03-02 04:36:00+00:00,,,,,,,,0.77,0.77,,0.0,0,False
2026-03-02 04:36:30+00:00,,,,,,,,0.77,0.77,,0.0,0,False
2026-03-02 04:37:00+00:00,,,,,,,,0.77,0.77,,2.0,1,False
2026-03-02 04:37:30+00:00,,,,,,,,0.77,0.77,,0.0,0,False
2026-03-02 04:38:00+00:00,,,,,,,,0.77,0.77,,0.0,0,False
2026-03-02 04:38:30+00:00,,,,,,,,0.77,0.77,,0.0,0,False
2026-03-02 04:39:00+00:00,,,,,,,,0.77,0.77,,0.0,0,False
2026-03-02 04:39:30+00:00,,,,,,,,0.77,0.77,,0.0,0,False
2026-03-02 04:40:00+00:00,,,,,,,,0.77,0.77,,0.0,0,False
2026-03-02 04:40:30+00:00,,,,,,,,0.77,0.77,,0.0,0,False
2026-03-02 04:41:00+00:00,,,,,,,,0.77,0.77,,0.0,0,False
2026-03-02 04:41:30+00:00,,,,,,,,0.77,0.77,,0.0,0,False
2026-03-02 04:42:00+00:00,,,,,,,,0.77,0.77,,0.0,0,False
2026-03-02 04:42:30+00:00,,,,,,,,0.7900000000000001,0.79,,11.0,1,False
2026-03-02 04:43:00+00:00,,,,,,,,0.7900000000000001,0.79,,0.0,0,False
2026-03-02 04:43:30+00:00,,,,,,,,0.79,0.79,,12.0,1,False
2026-03-02 04:44:00+00:00,,,,,,,,0.79,0.79,,0.0,0,False
2026-03-02 04:44:30+00:00,,,,,,,,0.79,0.79,,0.0,0,False
2026-03-02 04:45:00+00:00,,,,,,,,0.79,0.79,,0.0,0,False
2026-03-02 04:45:30+00:00,,,,,,,,0.79,0.79,,0.0,0,False
2026-03-02 04:46:00+00:00,,,,,,,,0.79,0.79,,0.0,0,False
2026-03-02 04:46:30+00:00,,,,,,,,0.79,0.79,,0.0,0,False
2026-03-02 04:47:00+00:00,,,,,,,,0.79,0.79,,0.0,0,False
2026-03-02 04:47:30+00:00,,,,,,,,0.79,0.79,,0.0,0,False
2026-03-02 04:48:00+00:00,,,,,,,,0.79,0.79,,0.0,0,False
2026-03-02 04:48:30+00:00,,,,,,,,0.79,0.79,,0.0,0,False
2026-03-02 04:49:00+00:00,,,,,,,,0.79,0.79,,0.0,0,False
2026-03-02 04:49:30+00:00,,,,,,,,0.79,0.79,,0.0,0,False
2026-03-02 04:50:00+00:00,,,,,,,,0.79,0.79,,0.0,0,False
2026-03-02 04:50:30+00:00,,,,,,,,0.79,0.79,,0.0,0,False
2026-03-02 04:51:00+00:00,,,,,,,,0.79,0.79,,24.0,1,False
2026-03-02 04:51:30+00:00,,,,,,,,0.79,0.79,,0.0,0,False
2026-03-02 04:52:00+00:00,,,,,,,,0.79,0.79,,0.0,0,False
2026-03-02 04:52:30+00:00,,,,,,,,0.79,0.79,,0.0,0,False
2026-03-02 04:53:00+00:00,,,,,,,,0.79,0.79,,0.0,0,False
2026-03-02 04:53:30+00:00,,,,,,,,0.79,0.79,,0.0,0,False
2026-03-02 04:54:00+00:00,,,,,,,,0.79,0.79,,0.0,0,False
2026-03-02 04:54:30+00:00,,,,,,,,0.79,0.79,,0.0,0,False
2026-03-02 04:55:00+00:00,,,,,,,,0.79,0.79,,0.0,0,False
2026-03-02 04:55:30+00:00,,,,,,,,0.79,0.79,,0.0,0,False
2026-03-02 04:56:00+00:00,,,,,,,,0.79,0.79,,0.0,0,False
2026-03-02 04:56:30+00:00,,,,,,,,0.79,0.79,,0.0,0,False
2026-03-02 04:57:00+00:00,,,,,,,,0.79,0.79,,28.0,1,False
2026-03-02 04:57:30+00:00,,,,,,,,0.79,0.79,,0.0,0,False
2026-03-02 04:58:00+00:00,,,,,,,,0.79,0.79,,0.0,0,False
2026-03-02 04:58:30+00:00,,,,,,,,0.79,0.79,,1.0,1,False
2026-03-02 04:59:00+00:00,,,,,,,,0.79,0.79,,0.0,0,False
2026-03-02 04:59:30+00:00,,,,,,,,0.79,0.79,,0.0,0,False
2026-03-02 05:00:00+00:00,,,,,,,,0.79,0.79,,0.0,0,False
2026-03-02 05:00:30+00:00,,,,,,,,0.79,0.79,,0.0,0,False
2026-03-02 05:01:00+00:00,,,,,,,,0.79,0.79,,0.0,0,False
2026-03-02 05:01:30+00:00,,,,,,,,0.79,0.79,,0.0,0,False
2026-03-02 05:02:00+00:00,,,,,,,,0.79,0.79,,0.0,0,False
2026-03-02 05:02:30+00:00,,,,,,,,0.79,0.79,,0.0,0,False
2026-03-02 05:03:00+00:00,,,,,,,,0.79,0.79,,0.0,0,False
2026-03-02 05:03:30+00:00,,,,,,,,0.79,0.79,,0.0,0,False
2026-03-02 05:04:00+00:00,,,,,,,,0.79,0.79,,0.0,0,False
2026-03-02 05:04:30+00:00,,,,,,,,0.79,0.79,,0.0,0,False
2026-03-02 05:05:00+00:00,,,,,,,,0.79,0.79,,0.0,0,False
2026-03-02 05:05:30+00:00,,,,,,,,0.79,0.79,,0.0,0,False
2026-03-02 05:06:00+00:00,,,,,,,,0.79,0.79,,0.0,0,False
2026-03-02 05:06:30+00:00,,,,,,,,0.79,0.79,,0.0,0,False
2026-03-02 05:07:00+00:00,,,,,,,,0.79,0.79,,0.0,0,False
2026-03-02 05:07:30+00:00,,,,,,,,0.79,0.79,,2278.0,2,False
2026-03-02 05:08:00+00:00,,,,,,,,0.79,0.79,,2.0,2,False
2026-03-02 05:08:30+00:00,,,,,,,,0.79,0.79,,0.0,0,False
2026-03-02 05:09:00+00:00,,,,,,,,0.79,0.79,,0.0,0,False
2026-03-02 05:09:30+00:00,,,,,,,,0.79,0.79,,0.0,0,False
2026-03-02 05:10:00+00:00,,,,,,,,0.79,0.79,,0.0,0,False
2026-03-02 05:10:30+00:00,,,,,,,,0.79,0.79,,49.0,1,False
2026-03-02 05:11:00+00:00,,,,,,,,0.79,0.79,,0.0,0,False
2026-03-02 05:11:30+00:00,,,,,,,,0.79,0.79,,0.0,0,False
2026-03-02 05:12:00+00:00,,,,,,,,0.79,0.79,,0.0,0,False
2026-03-02 05:12:30+00:00,,,,,,,,0.79,0.79,,0.0,0,False
2026-03-02 05:13:00+00:00,,,,,,,,0.79,0.79,,0.0,0,False
2026-03-02 05:13:30+00:00,,,,,,,,0.7692857142857142,0.77,,14.0,5,False
2026-03-02 05:14:00+00:00,,,,,,,,0.7692857142857142,0.77,,0.0,0,False
2026-03-02 05:14:30+00:00,,,,,,,,0.7692857142857142,0.77,,0.0,0,False
2026-03-02 05:15:00+00:00,,,,,,,,0.78,0.78,,1.0,1,False
2026-03-02 05:15:30+00:00,,,,,,,,0.78,0.78,,0.0,0,False
2026-03-02 05:16:00+00:00,,,,,,,,0.78,0.78,,5.0,1,False
2026-03-02 05:16:30+00:00,,,,,,,,0.78,0.78,,0.0,0,False
2026-03-02 05:17:00+00:00,,,,,,,,0.78,0.78,,0.0,0,False
2026-03-02 05:17:30+00:00,,,,,,,,0.7899999999999999,0.79,,43.0,1,False
2026-03-02 05:18:00+00:00,,,,,,,,0.7899999999999999,0.79,,0.0,0,False
2026-03-02 05:18:30+00:00,,,,,,,,0.7899999999999999,0.79,,0.0,0,False
2026-03-02 05:19:00+00:00,,,,,,,,0.7899999999999999,0.79,,0.0,0,False
2026-03-02 05:19:30+00:00,,,,,,,,0.7899999999999999,0.79,,0.0,0,False
2026-03-02 05:20:00+00:00,,,,,,,,0.7899999999999999,0.79,,0.0,0,False
2026-03-02 05:20:30+00:00,,,,,,,,0.7899999999999999,0.79,,0.0,0,False
2026-03-02 05:21:00+00:00,,,,,,,,0.79,0.79,,18.0,2,False
2026-03-02 05:21:30+00:00,,,,,,,,0.79,0.79,,0.0,0,False
2026-03-02 05:22:00+00:00,,,,,,,,0.79,0.79,,0.0,0,False
2026-03-02 05:22:30+00:00,,,,,,,,0.79,0.79,,0.0,0,False
2026-03-02 05:23:00+00:00,,,,,,,,0.79,0.79,,0.0,0,False
2026-03-02 05:23:30+00:00,,,,,,,,0.78,0.78,,10.0,1,False
2026-03-02 05:24:00+00:00,,,,,,,,0.78,0.78,,0.0,0,False
2026-03-02 05:24:30+00:00,,,,,,,,0.78,0.78,,0.0,0,False
2026-03-02 05:25:00+00:00,,,,,,,,0.78,0.78,,0.0,0,False
2026-03-02 05:25:30+00:00,,,,,,,,0.78,0.78,,0.0,0,False
2026-03-02 05:26:00+00:00,,,,,,,,0.78,0.78,,0.0,0,False
2026-03-02 05:26:30+00:00,,,,,,,,0.78,0.78,,0.0,0,False
2026-03-02 05:27:00+00:00,,,,,,,,0.78,0.78,,0.0,0,False
2026-03-02 05:27:30+00:00,,,,,,,,0.78,0.78,,0.0,0,False
2026-03-02 05:28:00+00:00,,,,,,,,0.78,0.78,,0.0,0,False
2026-03-02 05:28:30+00:00,,,,,,,,0.78,0.78,,0.0,0,False
2026-03-02 05:29:00+00:00,,,,,,,,0.78,0.78,,0.0,0,False
2026-03-02 05:29:30+00:00,,,,,,,,0.78,0.78,,0.0,0,False
2026-03-02 05:30:00+00:00,,,,,,,,0.7765873015873016,0.77,,126.0,4,False
2026-03-02 05:30:30+00:00,,,,,,,,0.77,0.77,,8.0,1,False
2026-03-02 05:31:00+00:00,,,,,,,,0.77,0.77,,0.0,0,False
2026-03-02 05:31:30+00:00,,,,,,,,0.77,0.77,,0.0,0,False
2026-03-02 05:32:00+00:00,,,,,,,,0.77,0.77,,0.0,0,False
2026-03-02 05:32:30+00:00,,,,,,,,0.77,0.77,,0.0,0,False
2026-03-02 05:33:00+00:00,,,,,,,,0.77,0.77,,31.0,2,False
2026-03-02 05:33:30+00:00,,,,,,,,0.77,0.77,,0.0,0,False
2026-03-02 05:34:00+00:00,,,,,,,,0.77,0.77,,0.0,0,False
2026-03-02 05:34:30+00:00,,,,,,,,0.77,0.77,,0.0,0,False
2026-03-02 05:35:00+00:00,,,,,,,,0.77,0.77,,0.0,0,False
2026-03-02 05:35:30+00:00,,,,,,,,0.77,0.77,,30.0,1,False
2026-03-02 05:36:00+00:00,,,,,,,,0.77,0.77,,0.0,0,False
2026-03-02 05:36:30+00:00,,,,,,,,0.77,0.77,,0.0,0,False
2026-03-02 05:37:00+00:00,,,,,,,,0.77,0.77,,0.0,0,False
2026-03-02 05:37:30+00:00,,,,,,,,0.77,0.77,,0.0,0,False
2026-03-02 05:38:00+00:00,,,,,,,,0.77,0.77,,0.0,0,False
2026-03-02 05:38:30+00:00,,,,,,,,0.78,0.78,,25.0,1,False
2026-03-02 05:39:00+00:00,,,,,,,,0.79,0.79,,35.0,1,False
2026-03-02 05:39:30+00:00,,,,,,,,0.79,0.79,,12.0,1,False
2026-03-02 05:40:00+00:00,,,,,,,,0.79,0.79,,17.0,1,False
2026-03-02 05:40:30+00:00,,,,,,,,0.79,0.79,,0.0,0,False
2026-03-02 05:41:00+00:00,,,,,,,,0.79,0.79,,0.0,0,False
2026-03-02 05:41:30+00:00,,,,,,,,0.79,0.79,,0.0,0,False
2026-03-02 05:42:00+00:00,,,,,,,,0.79,0.79,,0.0,0,False
2026-03-02 05:42:30+00:00,,,,,,,,0.79,0.79,,0.0,0,False
2026-03-02 05:43:00+00:00,,,,,,,,0.79,0.79,,0.0,0,False
2026-03-02 05:43:30+00:00,,,,,,,,0.79,0.79,,0.0,0,False
2026-03-02 05:44:00+00:00,,,,,,,,0.79,0.79,,0.0,0,False
2026-03-02 05:44:30+00:00,,,,,,,,0.79,0.79,,0.0,0,False
2026-03-02 05:45:00+00:00,,,,,,,,0.79,0.79,,100.0,1,False
2026-03-02 05:45:30+00:00,,,,,,,,0.79,0.79,,0.0,0,False
2026-03-02 05:46:00+00:00,,,,,,,,0.79,0.79,,0.0,0,False
2026-03-02 05:46:30+00:00,,,,,,,,0.79,0.79,,0.0,0,False
2026-03-02 05:47:00+00:00,,,,,,,,0.79,0.79,,0.0,0,False
2026-03-02 05:47:30+00:00,,,,,,,,0.79,0.79,,0.0,0,False
2026-03-02 05:48:00+00:00,,,,,,,,0.79,0.79,,0.0,0,False
2026-03-02 05:48:30+00:00,,,,,,,,0.79,0.79,,0.0,0,False
2026-03-02 05:49:00+00:00,,,,,,,,0.79,0.79,,0.0,0,False
2026-03-02 05:49:30+00:00,,,,,,,,0.79,0.79,,0.0,0,False
2026-03-02 05:50:00+00:00,,,,,,,,0.79,0.79,,0.0,0,False
2026-03-02 05:50:30+00:00,,,,,,,,0.79,0.79,,0.0,0,False
2026-03-02 05:51:00+00:00,,,,,,,,0.79,0.79,,0.0,0,False
2026-03-02 05:51:30+00:00,,,,,,,,0.79,0.79,,0.0,0,False
2026-03-02 05:52:00+00:00,,,,,,,,0.79,0.79,,0.0,0,False
2026-03-02 05:52:30+00:00,,,,,,,,0.79,0.79,,0.0,0,False
2026-03-02 05:53:00+00:00,,,,,,,,0.79,0.79,,0.0,0,False
2026-03-02 05:53:30+00:00,,,,,,,,0.79,0.79,,0.0,0,False
2026-03-02 05:54:00+00:00,,,,,,,,0.7600000000000001,0.76,,3.0,1,False
2026-03-02 05:54:30+00:00,,,,,,,,0.79,0.79,,31.0,1,False
2026-03-02 05:55:00+00:00,,,,,,,,0.79,0.79,,1.0,1,False
2026-03-02 05:55:30+00:00,,,,,,,,0.79,0.79,,0.0,0,False
2026-03-02 05:56:00+00:00,,,,,,,,0.79,0.79,,3.0,1,False
2026-03-02 05:56:30+00:00,,,,,,,,0.79,0.79,,0.0,0,False
2026-03-02 05:57:00+00:00,,,,,,,,0.79,0.79,,0.0,0,False
2026-03-02 05:57:30+00:00,,,,,,,,0.79,0.79,,0.0,0,False
2026-03-02 05:58:00+00:00,,,,,,,,0.79,0.79,,0.0,0,False
2026-03-02 05:58:30+00:00,,,,,,,,0.79,0.79,,0.0,0,False
2026-03-02 05:59:00+00:00,,,,,,,,0.79,0.79,,0.0,0,False
2026-03-02 05:59:30+00:00,,,,,,,,0.79,0.79,,0.0,0,False
2026-03-02 06:00:00+00:00,,,,,,,,0.79,0.79,,0.0,0,False
2026-03-02 06:00:30+00:00,,,,,,,,0.79,0.79,,0.0,0,False
2026-03-02 06:01:00+00:00,,,,,,,,0.79,0.79,,0.0,0,False
2026-03-02 06:01:30+00:00,,,,,,,,0.79,0.79,,0.0,0,False
2026-03-02 06:02:00+00:00,,,,,,,,0.7869942196531792,0.79,,346.0,2,False
2026-03-02 06:02:30+00:00,,,,,,,,0.7869942196531792,0.79,,0.0,0,False
2026-03-02 06:03:00+00:00,,,,,,,,0.7869942196531792,0.79,,0.0,0,False
2026-03-02 06:03:30+00:00,,,,,,,,0.7869942196531792,0.79,,0.0,0,False
2026-03-02 06:04:00+00:00,,,,,,,,0.7869942196531792,0.79,,0.0,0,False
2026-03-02 06:04:30+00:00,,,,,,,,0.7869942196531792,0.79,,0.0,0,False
2026-03-02 06:05:00+00:00,,,,,,,,0.7869942196531792,0.79,,0.0,0,False
2026-03-02 06:05:30+00:00,,,,,,,,0.7869942196531792,0.79,,0.0,0,False
2026-03-02 06:06:00+00:00,,,,,,,,0.7869942196531792,0.79,,0.0,0,False
2026-03-02 06:06:30+00:00,,,,,,,,0.7869942196531792,0.79,,0.0,0,False
2026-03-02 06:07:00+00:00,,,,,,,,0.7869942196531792,0.79,,0.0,0,False
2026-03-02 06:07:30+00:00,,,,,,,,0.7869942196531792,0.79,,0.0,0,False
2026-03-02 06:08:00+00:00,,,,,,,,0.7869942196531792,0.79,,0.0,0,False
2026-03-02 06:08:30+00:00,,,,,,,,0.7869942196531792,0.79,,0.0,0,False
2026-03-02 06:09:00+00:00,,,,,,,,0.7869942196531792,0.79,,0.0,0,False
2026-03-02 06:09:30+00:00,,,,,,,,0.7869942196531792,0.79,,0.0,0,False
2026-03-02 06:10:00+00:00,,,,,,,,0.7869942196531792,0.79,,0.0,0,False
2026-03-02 06:10:30+00:00,,,,,,,,0.7869942196531792,0.79,,0.0,0,False
2026-03-02 06:11:00+00:00,,,,,,,,0.7869942196531792,0.79,,0.0,0,False
2026-03-02 06:11:30+00:00,,,,,,,,0.7869942196531792,0.79,,0.0,0,False
2026-03-02 06:12:00+00:00,,,,,,,,0.7869942196531792,0.79,,0.0,0,False
2026-03-02 06:12:30+00:00,,,,,,,,0.79,0.79,,18.0,1,False
2026-03-02 06:13:00+00:00,,,,,,,,0.79,0.79,,0.0,0,False
2026-03-02 06:13:30+00:00,,,,,,,,0.79,0.79,,0.0,0,False
2026-03-02 06:14:00+00:00,,,,,,,,0.79,0.79,,0.0,0,False
2026-03-02 06:14:30+00:00,,,,,,,,0.79,0.79,,0.0,0,False
2026-03-02 06:15:00+00:00,,,,,,,,0.79,0.79,,0.0,0,False
2026-03-02 06:15:30+00:00,,,,,,,,0.79,0.79,,0.0,0,False
2026-03-02 06:16:00+00:00,,,,,,,,0.79,0.79,,0.0,0,False
2026-03-02 06:16:30+00:00,,,,,,,,0.79,0.79,,0.0,0,False
2026-03-02 06:17:00+00:00,,,,,,,,0.79,0.79,,0.0,0,False
2026-03-02 06:17:30+00:00,,,,,,,,0.79,0.79,,0.0,0,False
2026-03-02 06:18:00+00:00,,,,,,,,0.79,0.79,,0.0,0,False
2026-03-02 06:18:30+00:00,,,,,,,,0.79,0.79,,0.0,0,False
2026-03-02 06:19:00+00:00,,,,,,,,0.79,0.79,,0.0,0,False
2026-03-02 06:19:30+00:00,,,,,,,,0.79,0.79,,1247.0,1,False
2026-03-02 06:20:00+00:00,,,,,,,,0.7900000000000001,0.79,,11.0,1,False
2026-03-02 06:20:30+00:00,,,,,,,,0.7900000000000001,0.79,,0.0,0,False
2026-03-02 06:21:00+00:00,,,,,,,,0.7900000000000001,0.79,,0.0,0,False
2026-03-02 06:21:30+00:00,,,,,,,,0.7900000000000001,0.79,,0.0,0,False
2026-03-02 06:22:00+00:00,,,,,,,,0.7900000000000001,0.79,,0.0,0,False
2026-03-02 06:22:30+00:00,,,,,,,,0.7900000000000001,0.79,,0.0,0,False
2026-03-02 06:23:00+00:00,,,,,,,,0.7900000000000001,0.79,,0.0,0,False
2026-03-02 06:23:30+00:00,,,,,,,,0.7900000000000001,0.79,,0.0,0,False
2026-03-02 06:24:00+00:00,,,,,,,,0.7900000000000001,0.79,,0.0,0,False
2026-03-02 06:24:30+00:00,,,,,,,,0.7900000000000001,0.79,,0.0,0,False
2026-03-02 06:25:00+00:00,,,,,,,,0.7900000000000001,0.79,,0.0,0,False
2026-03-02 06:25:30+00:00,,,,,,,,0.7900000000000001,0.79,,0.0,0,False
2026-03-02 06:26:00+00:00,,,,,,,,0.7900000000000001,0.79,,0.0,0,False
2026-03-02 06:26:30+00:00,,,,,,,,0.7900000000000001,0.79,,0.0,0,False
2026-03-02 06:27:00+00:00,,,,,,,,0.7900000000000001,0.79,,0.0,0,False
2026-03-02 06:27:30+00:00,,,,,,,,0.7900000000000001,0.79,,0.0,0,False
2026-03-02 06:28:00+00:00,,,,,,,,0.7900000000000001,0.79,,0.0,0,False
2026-03-02 06:28:30+00:00,,,,,,,,0.79,0.79,,2.0,1,False
2026-03-02 06:29:00+00:00,,,,,,,,0.79,0.79,,0.0,0,False
2026-03-02 06:29:30+00:00,,,,,,,,0.79,0.79,,0.0,0,False
2026-03-02 06:30:00+00:00,,,,,,,,0.79,0.79,,0.0,0,False
2026-03-02 06:30:30+00:00,,,,,,,,0.79,0.79,,0.0,0,False
2026-03-02 06:31:00+00:00,,,,,,,,0.79,0.79,,0.0,0,False
2026-03-02 06:31:30+00:00,,,,,,,,0.79,0.79,,0.0,0,False
2026-03-02 06:32:00+00:00,,,,,,,,0.79,0.79,,0.0,0,False
2026-03-02 06:32:30+00:00,,,,,,,,0.79,0.79,,0.0,0,False
2026-03-02 06:33:00+00:00,,,,,,,,0.79,0.79,,0.0,0,False
2026-03-02 06:33:30+00:00,,,,,,,,0.79,0.79,,0.0,0,False
2026-03-02 06:34:00+00:00,,,,,,,,0.79,0.79,,0.0,0,False
2026-03-02 06:34:30+00:00,,,,,,,,0.79,0.79,,0.0,0,False
2026-03-02 06:35:00+00:00,,,,,,,,0.79,0.79,,0.0,0,False
2026-03-02 06:35:30+00:00,,,,,,,,0.79,0.79,,0.0,0,False
2026-03-02 06:36:00+00:00,,,,,,,,0.79,0.79,,0.0,0,False
2026-03-02 06:36:30+00:00,,,,,,,,0.79,0.79,,0.0,0,False
2026-03-02 06:37:00+00:00,,,,,,,,0.79,0.79,,37.0,1,False
2026-03-02 06:37:30+00:00,,,,,,,,0.79,0.79,,0.0,0,False
2026-03-02 06:38:00+00:00,,,,,,,,0.79,0.79,,0.0,0,False
2026-03-02 06:38:30+00:00,,,,,,,,0.79,0.79,,0.0,0,False
2026-03-02 06:39:00+00:00,,,,,,,,0.79,0.79,,0.0,0,False
2026-03-02 06:39:30+00:00,,,,,,,,0.79,0.79,,0.0,0,False
2026-03-02 06:40:00+00:00,,,,,,,,0.7899999999999999,0.79,,13.0,1,False
2026-03-02 06:40:30+00:00,,,,,,,,0.7899999999999999,0.79,,0.0,0,False
2026-03-02 06:41:00+00:00,,,,,,,,0.7899999999999999,0.79,,0.0,0,False
2026-03-02 06:41:30+00:00,,,,,,,,0.7899999999999999,0.79,,0.0,0,False
2026-03-02 06:42:00+00:00,,,,,,,,0.7899999999999999,0.79,,0.0,0,False
2026-03-02 06:42:30+00:00,,,,,,,,0.7899999999999999,0.79,,0.0,0,False
2026-03-02 06:43:00+00:00,,,,,,,,0.7899999999999999,0.79,,0.0,0,False
2026-03-02 06:43:30+00:00,,,,,,,,0.7899999999999999,0.79,,0.0,0,False
2026-03-02 06:44:00+00:00,,,,,,,,0.7900000000000001,0.79,,123.0,3,False
2026-03-02 06:44:30+00:00,,,,,,,,0.7900000000000001,0.79,,0.0,0,False
2026-03-02 06:45:00+00:00,,,,,,,,0.7900000000000001,0.79,,0.0,0,False
2026-03-02 06:45:30+00:00,,,,,,,,0.7900000000000001,0.79,,0.0,0,False
2026-03-02 06:46:00+00:00,,,,,,,,0.7900000000000001,0.79,,0.0,0,False
2026-03-02 06:46:30+00:00,,,,,,,,0.7900000000000001,0.79,,0.0,0,False
2026-03-02 06:47:00+00:00,,,,,,,,0.7900000000000001,0.79,,0.0,0,False
2026-03-02 06:47:30+00:00,,,,,,,,0.79,0.79,,1.0,1,False
2026-03-02 06:48:00+00:00,,,,,,,,0.79,0.79,,0.0,0,False
2026-03-02 06:48:30+00:00,,,,,,,,0.79,0.79,,0.0,0,False
2026-03-02 06:49:00+00:00,,,,,,,,0.79,0.79,,0.0,0,False
2026-03-02 06:49:30+00:00,,,,,,,,0.79,0.79,,0.0,0,False
2026-03-02 06:50:00+00:00,,,,,,,,0.79,0.79,,0.0,0,False
2026-03-02 06:50:30+00:00,,,,,,,,0.79,0.79,,0.0,0,False
2026-03-02 06:51:00+00:00,,,,,,,,0.79,0.79,,0.0,0,False
2026-03-02 06:51:30+00:00,,,,,,,,0.79,0.79,,0.0,0,False
2026-03-02 06:52:00+00:00,,,,,,,,0.79,0.79,,0.0,0,False
2026-03-02 06:52:30+00:00,,,,,,,,0.79,0.79,,0.0,0,False
2026-03-02 06:53:00+00:00,,,,,,,,0.79,0.79,,0.0,0,False
2026-03-02 06:53:30+00:00,,,,,,,,0.79,0.79,,0.0,0,False
2026-03-02 06:54:00+00:00,,,,,,,,0.7599999999999999,0.76,,11.0,1,False
2026-03-02 06:54:30+00:00,,,,,,,,0.7599999999999999,0.76,,0.0,0,False
2026-03-02 06:55:00+00:00,,,,,,,,0.7599999999999999,0.76,,0.0,0,False
2026-03-02 06:55:30+00:00,,,,,,,,0.7599999999999999,0.76,,0.0,0,False
2026-03-02 06:56:00+00:00,,,,,,,,0.7599999999999999,0.76,,0.0,0,False
2026-03-02 06:56:30+00:00,,,,,,,,0.7599999999999999,0.76,,0.0,0,False
2026-03-02 06:57:00+00:00,,,,,,,,0.7599999999999999,0.76,,0.0,0,False
2026-03-02 06:57:30+00:00,,,,,,,,0.7599999999999999,0.76,,0.0,0,False
2026-03-02 06:58:00+00:00,,,,,,,,0.7599999999999999,0.76,,0.0,0,False
2026-03-02 06:58:30+00:00,,,,,,,,0.7599999999999999,0.76,,0.0,0,False
2026-03-02 06:59:00+00:00,,,,,,,,0.7599999999999999,0.76,,0.0,0,False
2026-03-02 06:59:30+00:00,,,,,,,,0.7599999999999999,0.76,,0.0,0,False
2026-03-02 07:00:00+00:00,,,,,,,,0.7599999999999999,0.76,,0.0,0,False
2026-03-02 07:00:30+00:00,,,,,,,,0.7599999999999999,0.76,,0.0,0,False
2026-03-02 07:01:00+00:00,,,,,,,,0.7599999999999999,0.76,,0.0,0,False
2026-03-02 07:01:30+00:00,,,,,,,,0.7599999999999999,0.76,,0.0,0,False
2026-03-02 07:02:00+00:00,,,,,,,,0.7599999999999999,0.76,,0.0,0,False
2026-03-02 07:02:30+00:00,,,,,,,,0.7599999999999999,0.76,,0.0,0,False
2026-03-02 07:03:00+00:00,,,,,,,,0.7599999999999999,0.76,,0.0,0,False
2026-03-02 07:03:30+00:00,,,,,,,,0.7599999999999999,0.76,,0.0,0,False
2026-03-02 07:04:00+00:00,,,,,,,,0.7599999999999999,0.76,,0.0,0,False
2026-03-02 07:04:30+00:00,,,,,,,,0.7599999999999999,0.76,,0.0,0,False
2026-03-02 07:05:00+00:00,,,,,,,,0.7599999999999999,0.76,,0.0,0,False
2026-03-02 07:05:30+00:00,,,,,,,,0.7599999999999999,0.76,,0.0,0,False
2026-03-02 07:06:00+00:00,,,,,,,,0.7599999999999999,0.76,,0.0,0,False
2026-03-02 07:06:30+00:00,,,,,,,,0.7599999999999999,0.76,,0.0,0,False
2026-03-02 07:07:00+00:00,,,,,,,,0.7599999999999999,0.76,,0.0,0,False
2026-03-02 07:07:30+00:00,,,,,,,,0.7599999999999999,0.76,,0.0,0,False
2026-03-02 07:08:00+00:00,,,,,,,,0.7599999999999999,0.76,,0.0,0,False
2026-03-02 07:08:30+00:00,,,,,,,,0.7599999999999999,0.76,,0.0,0,False
2026-03-02 07:09:00+00:00,,,,,,,,0.7599999999999999,0.76,,0.0,0,False
2026-03-02 07:09:30+00:00,,,,,,,,0.79,0.79,,20.0,1,False
2026-03-02 07:10:00+00:00,,,,,,,,0.79,0.79,,0.0,0,False
2026-03-02 07:10:30+00:00,,,,,,,,0.79,0.79,,0.0,0,False
2026-03-02 07:11:00+00:00,,,,,,,,0.79,0.79,,0.0,0,False
2026-03-02 07:11:30+00:00,,,,,,,,0.79,0.79,,0.0,0,False
2026-03-02 07:12:00+00:00,,,,,,,,0.79,0.79,,0.0,0,False
2026-03-02 07:12:30+00:00,,,,,,,,0.79,0.79,,0.0,0,False
2026-03-02 07:13:00+00:00,,,,,,,,0.79,0.79,,0.0,0,False
2026-03-02 07:13:30+00:00,,,,,,,,0.79,0.79,,0.0,0,False
2026-03-02 07:14:00+00:00,,,,,,,,0.79,0.79,,0.0,0,False
2026-03-02 07:14:30+00:00,,,,,,,,0.79,0.79,,0.0,0,False
2026-03-02 07:15:00+00:00,,,,,,,,0.79,0.79,,0.0,0,False
2026-03-02 07:15:30+00:00,,,,,,,,0.79,0.79,,0.0,0,False
2026-03-02 07:16:00+00:00,,,,,,,,0.79,0.79,,0.0,0,False
2026-03-02 07:16:30+00:00,,,,,,,,0.79,0.79,,0.0,0,False
2026-03-02 07:17:00+00:00,,,,,,,,0.79,0.79,,0.0,0,False
2026-03-02 07:17:30+00:00,,,,,,,,0.79,0.79,,0.0,0,False
2026-03-02 07:18:00+00:00,,,,,,,,0.79,0.79,,0.0,0,False
2026-03-02 07:18:30+00:00,,,,,,,,0.79,0.79,,0.0,0,False
2026-03-02 07:19:00+00:00,,,,,,,,0.79,0.79,,0.0,0,False
2026-03-02 07:19:30+00:00,,,,,,,,0.79,0.79,,0.0,0,False
2026-03-02 07:20:00+00:00,,,,,,,,0.79,0.79,,0.0,0,False
2026-03-02 07:20:30+00:00,,,,,,,,0.79,0.79,,0.0,0,False
2026-03-02 07:21:00+00:00,,,,,,,,0.79,0.79,,0.0,0,False
2026-03-02 07:21:30+00:00,,,,,,,,0.79,0.79,,12.0,1,False
2026-03-02 07:22:00+00:00,,,,,,,,0.79,0.79,,0.0,0,False
2026-03-02 07:22:30+00:00,,,,,,,,0.79,0.79,,0.0,0,False
2026-03-02 07:23:00+00:00,,,,,,,,0.79,0.79,,0.0,0,False
2026-03-02 07:23:30+00:00,,,,,,,,0.78,0.78,,49.0,1,False
2026-03-02 07:24:00+00:00,,,,,,,,0.78,0.78,,0.0,0,False
2026-03-02 07:24:30+00:00,,,,,,,,0.78,0.78,,0.0,0,False
2026-03-02 07:25:00+00:00,,,,,,,,0.78,0.78,,0.0,0,False
2026-03-02 07:25:30+00:00,,,,,,,,0.78,0.78,,0.0,0,False
2026-03-02 07:26:00+00:00,,,,,,,,0.78,0.78,,0.0,0,False
2026-03-02 07:26:30+00:00,,,,,,,,0.78,0.78,,0.0,0,False
2026-03-02 07:27:00+00:00,,,,,,,,0.78,0.78,,0.0,0,False
2026-03-02 07:27:30+00:00,,,,,,,,0.78,0.78,,0.0,0,False
2026-03-02 07:28:00+00:00,,,,,,,,0.78,0.78,,0.0,0,False
2026-03-02 07:28:30+00:00,,,,,,,,0.78,0.78,,0.0,0,False
2026-03-02 07:29:00+00:00,,,,,,,,0.78,0.78,,46.0,1,False
2026-03-02 07:29:30+00:00,,,,,,,,0.78,0.78,,0.0,0,False
2026-03-02 07:30:00+00:00,,,,,,,,0.78,0.78,,0.0,0,False
2026-03-02 07:30:30+00:00,,,,,,,,0.7899999999999999,0.79,,454.0,3,False
2026-03-02 07:31:00+00:00,,,,,,,,0.7899999999999999,0.79,,0.0,0,False
2026-03-02 07:31:30+00:00,,,,,,,,0.7899999999999999,0.79,,0.0,0,False
2026-03-02 07:32:00+00:00,,,,,,,,0.7899999999999999,0.79,,0.0,0,False
2026-03-02 07:32:30+00:00,,,,,,,,0.7899999999999999,0.79,,0.0,0,False
2026-03-02 07:33:00+00:00,,,,,,,,0.7899999999999999,0.79,,0.0,0,False
2026-03-02 07:33:30+00:00,,,,,,,,0.7899999999999999,0.79,,0.0,0,False
2026-03-02 07:34:00+00:00,,,,,,,,0.7899999999999999,0.79,,0.0,0,False
2026-03-02 07:34:30+00:00,,,,,,,,0.7899999999999999,0.79,,0.0,0,False
2026-03-02 07:35:00+00:00,,,,,,,,0.7899999999999999,0.79,,0.0,0,False
2026-03-02 07:35:30+00:00,,,,,,,,0.7899999999999999,0.79,,0.0,0,False
2026-03-02 07:36:00+00:00,,,,,,,,0.7899999999999999,0.79,,0.0,0,False
2026-03-02 07:36:30+00:00,,,,,,,,0.7899999999999999,0.79,,0.0,0,False
2026-03-02 07:37:00+00:00,,,,,,,,0.7899999999999999,0.79,,0.0,0,False
2026-03-02 07:37:30+00:00,,,,,,,,0.7899999999999999,0.79,,0.0,0,False
2026-03-02 07:38:00+00:00,,,,,,,,0.7899999999999999,0.79,,0.0,0,False
2026-03-02 07:38:30+00:00,,,,,,,,0.7899999999999999,0.79,,0.0,0,False
2026-03-02 07:39:00+00:00,,,,,,,,0.7899999999999999,0.79,,0.0,0,False
2026-03-02 07:39:30+00:00,,,,,,,,0.7899999999999999,0.79,,0.0,0,False
2026-03-02 07:40:00+00:00,,,,,,,,0.7899999999999999,0.79,,0.0,0,False
2026-03-02 07:40:30+00:00,,,,,,,,0.7899999999999999,0.79,,0.0,0,False
2026-03-02 07:41:00+00:00,,,,,,,,0.7899999999999999,0.79,,0.0,0,False
2026-03-02 07:41:30+00:00,,,,,,,,0.7899999999999999,0.79,,0.0,0,False
2026-03-02 07:42:00+00:00,,,,,,,,0.7899999999999999,0.79,,0.0,0,False
2026-03-02 07:42:30+00:00,,,,,,,,0.7899999999999999,0.79,,0.0,0,False
2026-03-02 07:43:00+00:00,,,,,,,,0.7899999999999999,0.79,,0.0,0,False
2026-03-02 07:43:30+00:00,,,,,,,,0.7899999999999999,0.79,,0.0,0,False
2026-03-02 07:44:00+00:00,,,,,,,,0.7899999999999999,0.79,,0.0,0,False
2026-03-02 07:44:30+00:00,,,,,,,,0.7899999999999999,0.79,,0.0,0,False
2026-03-02 07:45:00+00:00,,,,,,,,0.7899999999999999,0.79,,0.0,0,False
2026-03-02 07:45:30+00:00,,,,,,,,0.7899999999999999,0.79,,0.0,0,False
2026-03-02 07:46:00+00:00,,,,,,,,0.7899999999999999,0.79,,0.0,0,False
2026-03-02 07:46:30+00:00,,,,,,,,0.79,0.79,,10.0,1,False
2026-03-02 07:47:00+00:00,,,,,,,,0.79,0.79,,0.0,0,False
2026-03-02 07:47:30+00:00,,,,,,,,0.79,0.79,,0.0,0,False
2026-03-02 07:48:00+00:00,,,,,,,,0.79,0.79,,0.0,0,False
2026-03-02 07:48:30+00:00,,,,,,,,0.79,0.79,,0.0,0,False
2026-03-02 07:49:00+00:00,,,,,,,,0.79,0.79,,0.0,0,False
2026-03-02 07:49:30+00:00,,,,,,,,0.79,0.79,,0.0,0,False
2026-03-02 07:50:00+00:00,,,,,,,,0.79,0.79,,0.0,0,False
2026-03-02 07:50:30+00:00,,,,,,,,0.79,0.79,,0.0,0,False
2026-03-02 07:51:00+00:00,,,,,,,,0.79,0.79,,0.0,0,False
2026-03-02 07:51:30+00:00,,,,,,,,0.79,0.79,,0.0,0,False
2026-03-02 07:52:00+00:00,,,,,,,,0.79,0.79,,0.0,0,False
2026-03-02 07:52:30+00:00,,,,,,,,0.79,0.79,,0.0,0,False
2026-03-02 07:53:00+00:00,,,,,,,,0.79,0.79,,0.0,0,False
2026-03-02 07:53:30+00:00,,,,,,,,0.79,0.79,,0.0,0,False
2026-03-02 07:54:00+00:00,,,,,,,,0.79,0.79,,0.0,0,False
2026-03-02 07:54:30+00:00,,,,,,,,0.79,0.79,,0.0,0,False
2026-03-02 07:55:00+00:00,,,,,,,,0.79,0.79,,0.0,0,False
2026-03-02 07:55:30+00:00,,,,,,,,0.79,0.79,,0.0,0,False
2026-03-02 07:56:00+00:00,,,,,,,,0.79,0.79,,0.0,0,False
2026-03-02 07:56:30+00:00,,,,,,,,0.79,0.79,,0.0,0,False
2026-03-02 07:57:00+00:00,,,,,,,,0.79,0.79,,0.0,0,False
2026-03-02 07:57:30+00:00,,,,,,,,0.79,0.79,,0.0,0,False
2026-03-02 07:58:00+00:00,,,,,,,,0.79,0.79,,0.0,0,False
2026-03-02 07:58:30+00:00,,,,,,,,0.79,0.79,,0.0,0,False
2026-03-02 07:59:00+00:00,,,,,,,,0.79,0.79,,0.0,0,False
2026-03-02 07:59:30+00:00,,,,,,,,0.79,0.79,,0.0,0,False
2026-03-02 08:00:00+00:00,,,,,,,,0.79,0.79,,0.0,0,False
2026-03-02 08:00:30+00:00,,,,,,,,0.79,0.79,,0.0,0,False
2026-03-02 08:01:00+00:00,,,,,,,,0.77,0.77,,1.0,1,False
2026-03-02 08:01:30+00:00,,,,,,,,0.77,0.77,,0.0,0,False
2026-03-02 08:02:00+00:00,,,,,,,,0.77,0.77,,0.0,0,False
2026-03-02 08:02:30+00:00,,,,,,,,0.77,0.77,,0.0,0,False
2026-03-02 08:03:00+00:00,,,,,,,,0.77,0.77,,0.0,0,False
2026-03-02 08:03:30+00:00,,,,,,,,0.76,0.76,,10.0,1,False
2026-03-02 08:04:00+00:00,,,,,,,,0.76,0.76,,0.0,0,False
2026-03-02 08:04:30+00:00,,,,,,,,0.76,0.76,,0.0,0,False
2026-03-02 08:05:00+00:00,,,,,,,,0.76,0.76,,0.0,0,False
2026-03-02 08:05:30+00:00,,,,,,,,0.76,0.76,,0.0,0,False
2026-03-02 08:06:00+00:00,,,,,,,,0.79,0.79,,31.0,1,False
2026-03-02 08:06:30+00:00,,,,,,,,0.79,0.79,,0.0,0,False
2026-03-02 08:07:00+00:00,,,,,,,,0.79,0.79,,0.0,0,False
2026-03-02 08:07:30+00:00,,,,,,,,0.79,0.79,,0.0,0,False
2026-03-02 08:08:00+00:00,,,,,,,,0.79,0.79,,0.0,0,False
2026-03-02 08:08:30+00:00,,,,,,,,0.79,0.79,,0.0,0,False
2026-03-02 08:09:00+00:00,,,,,,,,0.79,0.79,,0.0,0,False
2026-03-02 08:09:30+00:00,,,,,,,,0.79,0.79,,0.0,0,False
2026-03-02 08:10:00+00:00,,,,,,,,0.79,0.79,,0.0,0,False
2026-03-02 08:10:30+00:00,,,,,,,,0.79,0.79,,0.0,0,False
2026-03-02 08:11:00+00:00,,,,,,,,0.79,0.79,,0.0,0,False
2026-03-02 08:11:30+00:00,,,,,,,,0.79,0.79,,0.0,0,False
2026-03-02 08:12:00+00:00,,,,,,,,0.79,0.79,,0.0,0,False
2026-03-02 08:12:30+00:00,,,,,,,,0.79,0.79,,0.0,0,False
2026-03-02 08:13:00+00:00,,,,,,,,0.79,0.79,,0.0,0,False
2026-03-02 08:13:30+00:00,,,,,,,,0.79,0.79,,0.0,0,False
2026-03-02 08:14:00+00:00,,,,,,,,0.79,0.79,,0.0,0,False
2026-03-02 08:14:30+00:00,,,,,,,,0.79,0.79,,0.0,0,False
2026-03-02 08:15:00+00:00,,,,,,,,0.79,0.79,,0.0,0,False
2026-03-02 08:15:30+00:00,,,,,,,,0.79,0.79,,0.0,0,False
2026-03-02 08:16:00+00:00,,,,,,,,0.79,0.79,,0.0,0,False
2026-03-02 08:16:30+00:00,,,,,,,,0.79,0.79,,0.0,0,False
2026-03-02 08:17:00+00:00,,,,,,,,0.79,0.79,,0.0,0,False
2026-03-02 08:17:30+00:00,,,,,,,,0.79,0.79,,0.0,0,False
2026-03-02 08:18:00+00:00,,,,,,,,0.78,0.78,,2.0,1,False
2026-03-02 08:18:30+00:00,,,,,,,,0.78,0.78,,0.0,0,False
2026-03-02 08:19:00+00:00,,,,,,,,0.78,0.78,,0.0,0,False
2026-03-02 08:19:30+00:00,,,,,,,,0.78,0.78,,0.0,0,False
2026-03-02 08:20:00+00:00,,,,,,,,0.78,0.78,,15.0,1,False
2026-03-02 08:20:30+00:00,,,,,,,,0.78,0.78,,0.0,0,False
2026-03-02 08:21:00+00:00,,,,,,,,0.78,0.78,,0.0,0,False
2026-03-02 08:21:30+00:00,,,,,,,,0.78,0.78,,0.0,0,False
2026-03-02 08:22:00+00:00,,,,,,,,0.78,0.78,,0.0,0,False
2026-03-02 08:22:30+00:00,,,,,,,,0.78,0.78,,0.0,0,False
2026-03-02 08:23:00+00:00,,,,,,,,0.78,0.78,,0.0,0,False
2026-03-02 08:23:30+00:00,,,,,,,,0.78,0.78,,0.0,0,False
2026-03-02 08:24:00+00:00,,,,,,,,0.78,0.78,,0.0,0,False
2026-03-02 08:24:30+00:00,,,,,,,,0.78,0.78,,63.0,1,False
2026-03-02 08:25:00+00:00,,,,,,,,0.78,0.78,,0.0,0,False
2026-03-02 08:25:30+00:00,,,,,,,,0.78,0.78,,0.0,0,False
2026-03-02 08:26:00+00:00,,,,,,,,0.78,0.78,,0.0,0,False
2026-03-02 08:26:30+00:00,,,,,,,,0.78,0.78,,0.0,0,False
2026-03-02 08:27:00+00:00,,,,,,,,0.78,0.78,,0.0,0,False
2026-03-02 08:27:30+00:00,,,,,,,,0.78,0.78,,0.0,0,False
2026-03-02 08:28:00+00:00,,,,,,,,0.78,0.78,,0.0,0,False
2026-03-02 08:28:30+00:00,,,,,,,,0.78,0.78,,0.0,0,False
2026-03-02 08:29:00+00:00,,,,,,,,0.78,0.78,,0.0,0,False
2026-03-02 08:29:30+00:00,,,,,,,,0.78,0.78,,0.0,0,False
2026-03-02 08:30:00+00:00,,,,,,,,0.7831914893617021,0.78,,94.0,3,False
2026-03-02 08:30:30+00:00,,,,,,,,0.7831914893617021,0.78,,0.0,0,False
2026-03-02 08:31:00+00:00,,,,,,,,0.7831914893617021,0.78,,0.0,0,False
2026-03-02 08:31:30+00:00,,,,,,,,0.7831914893617021,0.78,,0.0,0,False
2026-03-02 08:32:00+00:00,,,,,,,,0.79,0.79,,18.0,1,False
2026-03-02 08:32:30+00:00,,,,,,,,0.79,0.79,,0.0,0,False
2026-03-02 08:33:00+00:00,,,,,,,,0.79,0.79,,0.0,0,False
2026-03-02 08:33:30+00:00,,,,,,,,0.79,0.79,,0.0,0,False
2026-03-02 08:34:00+00:00,,,,,,,,0.79,0.79,,0.0,0,False
2026-03-02 08:34:30+00:00,,,,,,,,0.79,0.79,,0.0,0,False
2026-03-02 08:35:00+00:00,,,,,,,,0.79,0.79,,0.0,0,False
2026-03-02 08:35:30+00:00,,,,,,,,0.79,0.79,,0.0,0,False
2026-03-02 08:36:00+00:00,,,,,,,,0.79,0.79,,0.0,0,False
2026-03-02 08:36:30+00:00,,,,,,,,0.79,0.79,,0.0,0,False
2026-03-02 08:37:00+00:00,,,,,,,,0.79,0.79,,0.0,0,False
2026-03-02 08:37:30+00:00,,,,,,,,0.79,0.79,,0.0,0,False
2026-03-02 08:38:00+00:00,,,,,,,,0.79,0.79,,0.0,0,False
2026-03-02 08:38:30+00:00,,,,,,,,0.79,0.79,,0.0,0,False
2026-03-02 08:39:00+00:00,,,,,,,,0.79,0.79,,0.0,0,False
2026-03-02 08:39:30+00:00,,,,,,,,0.79,0.79,,0.0,0,False
2026-03-02 08:40:00+00:00,,,,,,,,0.79,0.79,,0.0,0,False
2026-03-02 08:40:30+00:00,,,,,,,,0.79,0.79,,0.0,0,False
2026-03-02 08:41:00+00:00,,,,,,,,0.79,0.79,,0.0,0,False
2026-03-02 08:41:30+00:00,,,,,,,,0.79,0.79,,0.0,0,False
2026-03-02 08:42:00+00:00,,,,,,,,0.79,0.79,,0.0,0,False
2026-03-02 08:42:30+00:00,,,,,,,,0.79,0.79,,0.0,0,False
2026-03-02 08:43:00+00:00,,,,,,,,0.79,0.79,,20.0,1,False
2026-03-02 08:43:30+00:00,,,,,,,,0.79,0.79,,0.0,0,False
2026-03-02 08:44:00+00:00,,,,,,,,0.79,0.79,,0.0,0,False
2026-03-02 08:44:30+00:00,,,,,,,,0.79,0.79,,0.0,0,False
2026-03-02 08:45:00+00:00,,,,,,,,0.79,0.79,,0.0,0,False
2026-03-02 08:45:30+00:00,,,,,,,,0.79,0.79,,0.0,0,False
2026-03-02 08:46:00+00:00,,,,,,,,0.79,0.79,,0.0,0,False
2026-03-02 08:46:30+00:00,,,,,,,,0.79,0.79,,0.0,0,False
2026-03-02 08:47:00+00:00,,,,,,,,0.79,0.79,,0.0,0,False
2026-03-02 08:47:30+00:00,,,,,,,,0.79,0.79,,0.0,0,False
2026-03-02 08:48:00+00:00,,,,,,,,0.79,0.79,,0.0,0,False
2026-03-02 08:48:30+00:00,,,,,,,,0.79,0.79,,0.0,0,False
2026-03-02 08:49:00+00:00,,,,,,,,0.79,0.79,,0.0,0,False
2026-03-02 08:49:30+00:00,,,,,,,,0.79,0.79,,0.0,0,False
2026-03-02 08:50:00+00:00,,,,,,,,0.79,0.79,,0.0,0,False
2026-03-02 08:50:30+00:00,,,,,,,,0.79,0.79,,0.0,0,False
2026-03-02 08:51:00+00:00,,,,,,,,0.79,0.79,,0.0,0,False
2026-03-02 08:51:30+00:00,,,,,,,,0.79,0.79,,0.0,0,False
2026-03-02 08:52:00+00:00,,,,,,,,0.79,0.79,,0.0,0,False
2026-03-02 08:52:30+00:00,,,,,,,,0.79,0.79,,0.0,0,False
2026-03-02 08:53:00+00:00,,,,,,,,0.79,0.79,,0.0,0,False
2026-03-02 08:53:30+00:00,,,,,,,,0.79,0.79,,0.0,0,False
2026-03-02 08:54:00+00:00,,,,,,,,0.79,0.79,,0.0,0,False
2026-03-02 08:54:30+00:00,,,,,,,,0.79,0.79,,0.0,0,False
2026-03-02 08:55:00+00:00,,,,,,,,0.79,0.79,,0.0,0,False
2026-03-02 08:55:30+00:00,,,,,,,,0.79,0.79,,0.0,0,False
2026-03-02 08:56:00+00:00,,,,,,,,0.79,0.79,,0.0,0,False
2026-03-02 08:56:30+00:00,,,,,,,,0.79,0.79,,0.0,0,False
2026-03-02 08:57:00+00:00,,,,,,,,0.79,0.79,,0.0,0,False
2026-03-02 08:57:30+00:00,,,,,,,,0.79,0.79,,0.0,0,False
2026-03-02 08:58:00+00:00,,,,,,,,0.79,0.79,,0.0,0,False
2026-03-02 08:58:30+00:00,,,,,,,,0.79,0.79,,0.0,0,False
2026-03-02 08:59:00+00:00,,,,,,,,0.79,0.79,,0.0,0,False
2026-03-02 08:59:30+00:00,,,,,,,,0.79,0.79,,0.0,0,False
2026-03-02 09:00:00+00:00,,,,,,,,0.79,0.79,,0.0,0,False
2026-03-02 09:00:30+00:00,,,,,,,,0.79,0.79,,0.0,0,False
2026-03-02 09:01:00+00:00,,,,,,,,0.79,0.79,,0.0,0,False
2026-03-02 09:01:30+00:00,,,,,,,,0.79,0.79,,0.0,0,False
2026-03-02 09:02:00+00:00,,,,,,,,0.79,0.79,,0.0,0,False
2026-03-02 09:02:30+00:00,,,,,,,,0.79,0.79,,0.0,0,False
2026-03-02 09:03:00+00:00,,,,,,,,0.79,0.79,,54.0,1,False
2026-03-02 09:03:30+00:00,,,,,,,,0.79,0.79,,0.0,0,False
2026-03-02 09:04:00+00:00,,,,,,,,0.79,0.79,,0.0,0,False
2026-03-02 09:04:30+00:00,,,,,,,,0.79,0.79,,0.0,0,False
2026-03-02 09:05:00+00:00,,,,,,,,0.79,0.79,,0.0,0,False
2026-03-02 09:05:30+00:00,,,,,,,,0.79,0.79,,0.0,0,False
2026-03-02 09:06:00+00:00,,,,,,,,0.79,0.79,,0.0,0,False
2026-03-02 09:06:30+00:00,,,,,,,,0.79,0.79,,6.0,1,False
2026-03-02 09:07:00+00:00,,,,,,,,0.79,0.79,,0.0,0,False
2026-03-02 09:07:30+00:00,,,,,,,,0.79,0.79,,0.0,0,False
2026-03-02 09:08:00+00:00,,,,,,,,0.79,0.79,,0.0,0,False
2026-03-02 09:08:30+00:00,,,,,,,,0.79,0.79,,0.0,0,False
2026-03-02 09:09:00+00:00,,,,,,,,0.79,0.79,,0.0,0,False
2026-03-02 09:09:30+00:00,,,,,,,,0.79,0.79,,0.0,0,False
2026-03-02 09:10:00+00:00,,,,,,,,0.79,0.79,,0.0,0,False
2026-03-02 09:10:30+00:00,,,,,,,,0.79,0.79,,0.0,0,False
2026-03-02 09:11:00+00:00,,,,,,,,0.79,0.79,,0.0,0,False
2026-03-02 09:11:30+00:00,,,,,,,,0.79,0.79,,0.0,0,False
2026-03-02 09:12:00+00:00,,,,,,,,0.79,0.79,,0.0,0,False
2026-03-02 09:12:30+00:00,,,,,,,,0.79,0.79,,0.0,0,False
2026-03-02 09:13:00+00:00,,,,,,,,0.79,0.79,,0.0,0,False
2026-03-02 09:13:30+00:00,,,,,,,,0.79,0.79,,0.0,0,False
2026-03-02 09:14:00+00:00,,,,,,,,0.79,0.79,,0.0,0,False
2026-03-02 09:14:30+00:00,,,,,,,,0.79,0.79,,0.0,0,False
2026-03-02 09:15:00+00:00,,,,,,,,0.79,0.79,,0.0,0,False
2026-03-02 09:15:30+00:00,,,,,,,,0.79,0.79,,0.0,0,False
2026-03-02 09:16:00+00:00,,,,,,,,0.79,0.79,,0.0,0,False
2026-03-02 09:16:30+00:00,,,,,,,,0.79,0.79,,0.0,0,False
2026-03-02 09:17:00+00:00,,,,,,,,0.79,0.79,,0.0,0,False
2026-03-02 09:17:30+00:00,,,,,,,,0.79,0.79,,0.0,0,False
2026-03-02 09:18:00+00:00,,,,,,,,0.79,0.79,,0.0,0,False
2026-03-02 09:18:30+00:00,,,,,,,,0.79,0.79,,0.0,0,False
2026-03-02 09:19:00+00:00,,,,,,,,0.79,0.79,,0.0,0,False
2026-03-02 09:19:30+00:00,,,,,,,,0.79,0.79,,0.0,0,False
2026-03-02 09:20:00+00:00,,,,,,,,0.79,0.79,,0.0,0,False
2026-03-02 09:20:30+00:00,,,,,,,,0.7799999999999999,0.78,,6.0,1,False
2026-03-02 09:21:00+00:00,,,,,,,,0.7799999999999999,0.78,,0.0,0,False
2026-03-02 09:21:30+00:00,,,,,,,,0.7799999999999999,0.78,,0.0,0,False
2026-03-02 09:22:00+00:00,,,,,,,,0.7799999999999999,0.78,,0.0,0,False
2026-03-02 09:22:30+00:00,,,,,,,,0.7799999999999999,0.78,,0.0,0,False
2026-03-02 09:23:00+00:00,,,,,,,,0.7799999999999999,0.78,,0.0,0,False
2026-03-02 09:23:30+00:00,,,,,,,,0.7799999999999999,0.78,,0.0,0,False
2026-03-02 09:24:00+00:00,,,,,,,,0.7799999999999999,0.78,,0.0,0,False
2026-03-02 09:24:30+00:00,,,,,,,,0.7840322580645162,0.79,,62.0,2,False
2026-03-02 09:25:00+00:00,,,,,,,,0.7840322580645162,0.79,,0.0,0,False
2026-03-02 09:25:30+00:00,,,,,,,,0.7840322580645162,0.79,,0.0,0,False
2026-03-02 09:26:00+00:00,,,,,,,,0.7840322580645162,0.79,,0.0,0,False
2026-03-02 09:26:30+00:00,,,,,,,,0.7840322580645162,0.79,,0.0,0,False
2026-03-02 09:27:00+00:00,,,,,,,,0.7840322580645162,0.79,,0.0,0,False
2026-03-02 09:27:30+00:00,,,,,,,,0.7840322580645162,0.79,,0.0,0,False
2026-03-02 09:28:00+00:00,,,,,,,,0.7840322580645162,0.79,,0.0,0,False
2026-03-02 09:28:30+00:00,,,,,,,,0.7840322580645162,0.79,,0.0,0,False
2026-03-02 09:29:00+00:00,,,,,,,,0.7840322580645162,0.79,,0.0,0,False
2026-03-02 09:29:30+00:00,,,,,,,,0.7840322580645162,0.79,,0.0,0,False
2026-03-02 09:30:00+00:00,,,,,,,,0.7840322580645162,0.79,,0.0,0,False
2026-03-02 09:30:30+00:00,,,,,,,,0.7840322580645162,0.79,,0.0,0,False
2026-03-02 09:31:00+00:00,,,,,,,,0.7840322580645162,0.79,,0.0,0,False
2026-03-02 09:31:30+00:00,,,,,,,,0.7840322580645162,0.79,,0.0,0,False
2026-03-02 09:32:00+00:00,,,,,,,,0.7840322580645162,0.79,,0.0,0,False
2026-03-02 09:32:30+00:00,,,,,,,,0.7840322580645162,0.79,,0.0,0,False
2026-03-02 09:33:00+00:00,,,,,,,,0.7840322580645162,0.79,,0.0,0,False
2026-03-02 09:33:30+00:00,,,,,,,,0.7840322580645162,0.79,,0.0,0,False
2026-03-02 09:34:00+00:00,,,,,,,,0.7840322580645162,0.79,,0.0,0,False
2026-03-02 09:34:30+00:00,,,,,,,,0.7840322580645162,0.79,,0.0,0,False
2026-03-02 09:35:00+00:00,,,,,,,,0.7840322580645162,0.79,,0.0,0,False
2026-03-02 09:35:30+00:00,,,,,,,,0.7840322580645162,0.79,,0.0,0,False
2026-03-02 09:36:00+00:00,,,,,,,,0.7840322580645162,0.79,,0.0,0,False
2026-03-02 09:36:30+00:00,,,,,,,,0.7840322580645162,0.79,,0.0,0,False
2026-03-02 09:37:00+00:00,,,,,,,,0.7840322580645162,0.79,,0.0,0,False
2026-03-02 09:37:30+00:00,,,,,,,,0.7840322580645162,0.79,,0.0,0,False
2026-03-02 09:38:00+00:00,,,,,,,,0.7840322580645162,0.79,,0.0,0,False
2026-03-02 09:38:30+00:00,,,,,,,,0.7840322580645162,0.79,,0.0,0,False
2026-03-02 09:39:00+00:00,,,,,,,,0.7840322580645162,0.79,,0.0,0,False
2026-03-02 09:39:30+00:00,,,,,,,,0.7840322580645162,0.79,,0.0,0,False
2026-03-02 09:40:00+00:00,,,,,,,,0.7840322580645162,0.79,,0.0,0,False
2026-03-02 09:40:30+00:00,,,,,,,,0.7840322580645162,0.79,,0.0,0,False
2026-03-02 09:41:00+00:00,,,,,,,,0.78,0.78,,25.0,1,False
2026-03-02 09:41:30+00:00,,,,,,,,0.78,0.78,,0.0,0,False
2026-03-02 09:42:00+00:00,,,,,,,,0.78,0.78,,0.0,0,False
2026-03-02 09:42:30+00:00,,,,,,,,0.78,0.78,,0.0,0,False
2026-03-02 09:43:00+00:00,,,,,,,,0.78,0.78,,0.0,0,False
2026-03-02 09:43:30+00:00,,,,,,,,0.78,0.78,,0.0,0,False
2026-03-02 09:44:00+00:00,,,,,,,,0.78,0.78,,0.0,0,False
2026-03-02 09:44:30+00:00,,,,,,,,0.78,0.78,,0.0,0,False
2026-03-02 09:45:00+00:00,,,,,,,,0.78,0.78,,0.0,0,False
2026-03-02 09:45:30+00:00,,,,,,,,0.78,0.78,,0.0,0,False
2026-03-02 09:46:00+00:00,,,,,,,,0.78,0.78,,0.0,0,False
2026-03-02 09:46:30+00:00,,,,,,,,0.78,0.78,,0.0,0,False
2026-03-02 09:47:00+00:00,,,,,,,,0.78,0.78,,63.0,1,False
2026-03-02 09:47:30+00:00,,,,,,,,0.78,0.78,,0.0,0,False
2026-03-02 09:48:00+00:00,,,,,,,,0.78,0.78,,0.0,0,False
2026-03-02 09:48:30+00:00,,,,,,,,0.78,0.78,,0.0,0,False
2026-03-02 09:49:00+00:00,,,,,,,,0.78,0.78,,0.0,0,False
2026-03-02 09:49:30+00:00,,,,,,,,0.78,0.78,,0.0,0,False
2026-03-02 09:50:00+00:00,,,,,,,,0.78,0.78,,0.0,0,False
2026-03-02 09:50:30+00:00,,,,,,,,0.78,0.78,,0.0,0,False
2026-03-02 09:51:00+00:00,,,,,,,,0.78,0.78,,0.0,0,False
2026-03-02 09:51:30+00:00,,,,,,,,0.78,0.78,,0.0,0,False
2026-03-02 09:52:00+00:00,,,,,,,,0.78,0.78,,1.0,1,False
2026-03-02 09:52:30+00:00,,,,,,,,0.78,0.78,,0.0,0,False
2026-03-02 09:53:00+00:00,,,,,,,,0.78,0.78,,0.0,0,False
2026-03-02 09:53:30+00:00,,,,,,,,0.78,0.78,,0.0,0,False
2026-03-02 09:54:00+00:00,,,,,,,,0.78,0.78,,0.0,0,False
2026-03-02 09:54:30+00:00,,,,,,,,0.78,0.78,,0.0,0,False
2026-03-02 09:55:00+00:00,,,,,,,,0.78,0.78,,0.0,0,False
2026-03-02 09:55:30+00:00,,,,,,,,0.78,0.78,,0.0,0,False
2026-03-02 09:56:00+00:00,,,,,,,,0.78,0.78,,0.0,0,False
2026-03-02 09:56:30+00:00,,,,,,,,0.78,0.78,,0.0,0,False
2026-03-02 09:57:00+00:00,,,,,,,,0.78,0.78,,0.0,0,False
2026-03-02 09:57:30+00:00,,,,,,,,0.76,0.76,,7.0,1,False
2026-03-02 09:58:00+00:00,,,,,,,,0.76,0.76,,0.0,0,False
2026-03-02 09:58:30+00:00,,,,,,,,0.76,0.76,,0.0,0,False
2026-03-02 09:59:00+00:00,,,,,,,,0.76,0.76,,0.0,0,False
2026-03-02 09:59:30+00:00,,,,,,,,0.76,0.76,,0.0,0,False
2026-03-02 10:00:00+00:00,,,,,,,,0.76,0.76,,0.0,0,False
2026-03-02 10:00:30+00:00,,,,,,,,0.78,0.78,,7.0,1,False
2026-03-02 10:01:00+00:00,,,,,,,,0.78,0.78,,0.0,0,False
2026-03-02 10:01:30+00:00,,,,,,,,0.78,0.78,,0.0,0,False
2026-03-02 10:02:00+00:00,,,,,,,,0.78,0.78,,0.0,0,False
2026-03-02 10:02:30+00:00,,,,,,,,0.78,0.78,,0.0,0,False
2026-03-02 10:03:00+00:00,,,,,,,,0.78,0.78,,0.0,0,False
2026-03-02 10:03:30+00:00,,,,,,,,0.78,0.78,,0.0,0,False
2026-03-02 10:04:00+00:00,,,,,,,,0.78,0.78,,0.0,0,False
2026-03-02 10:04:30+00:00,,,,,,,,0.78,0.78,,0.0,0,False
2026-03-02 10:05:00+00:00,,,,,,,,0.78,0.78,,0.0,0,False
2026-03-02 10:05:30+00:00,,,,,,,,0.78,0.78,,0.0,0,False
2026-03-02 10:06:00+00:00,,,,,,,,0.78,0.78,,0.0,0,False
2026-03-02 10:06:30+00:00,,,,,,,,0.78,0.78,,0.0,0,False
2026-03-02 10:07:00+00:00,,,,,,,,0.78,0.78,,0.0,0,False
2026-03-02 10:07:30+00:00,,,,,,,,0.78,0.78,,0.0,0,False
2026-03-02 10:08:00+00:00,,,,,,,,0.78,0.78,,0.0,0,False
2026-03-02 10:08:30+00:00,,,,,,,,0.78,0.78,,0.0,0,False
2026-03-02 10:09:00+00:00,,,,,,,,0.78,0.78,,0.0,0,False
2026-03-02 10:09:30+00:00,,,,,,,,0.78,0.78,,0.0,0,False
2026-03-02 10:10:00+00:00,,,,,,,,0.78,0.78,,0.0,0,False
2026-03-02 10:10:30+00:00,,,,,,,,0.78,0.78,,0.0,0,False
2026-03-02 10:11:00+00:00,,,,,,,,0.78,0.78,,0.0,0,False
2026-03-02 10:11:30+00:00,,,,,,,,0.78,0.78,,0.0,0,False
2026-03-02 10:12:00+00:00,,,,,,,,0.78,0.78,,0.0,0,False
2026-03-02 10:12:30+00:00,,,,,,,,0.78,0.78,,29.0,1,False
2026-03-02 10:13:00+00:00,,,,,,,,0.78,0.78,,0.0,0,False
2026-03-02 10:13:30+00:00,,,,,,,,0.78,0.78,,0.0,0,False
2026-03-02 10:14:00+00:00,,,,,,,,0.78,0.78,,0.0,0,False
2026-03-02 10:14:30+00:00,,,,,,,,0.79,0.79,,586.0,1,False
2026-03-02 10:15:00+00:00,,,,,,,,0.79,0.79,,0.0,0,False
2026-03-02 10:15:30+00:00,,,,,,,,0.79,0.79,,0.0,0,False
2026-03-02 10:16:00+00:00,,,,,,,,0.79,0.79,,0.0,0,False
2026-03-02 10:16:30+00:00,,,,,,,,0.79,0.79,,0.0,0,False
2026-03-02 10:17:00+00:00,,,,,,,,0.79,0.79,,0.0,0,False
2026-03-02 10:17:30+00:00,,,,,,,,0.79,0.79,,0.0,0,False
2026-03-02 10:18:00+00:00,,,,,,,,0.79,0.79,,0.0,0,False
2026-03-02 10:18:30+00:00,,,,,,,,0.79,0.79,,0.0,0,False
2026-03-02 10:19:00+00:00,,,,,,,,0.79,0.79,,0.0,0,False
2026-03-02 10:19:30+00:00,,,,,,,,0.79,0.79,,0.0,0,False
2026-03-02 10:20:00+00:00,,,,,,,,0.79,0.79,,0.0,0,False
2026-03-02 10:20:30+00:00,,,,,,,,0.79,0.79,,0.0,0,False
2026-03-02 10:21:00+00:00,,,,,,,,0.79,0.79,,0.0,0,False
2026-03-02 10:21:30+00:00,,,,,,,,0.79,0.79,,0.0,0,False
2026-03-02 10:22:00+00:00,,,,,,,,0.79,0.79,,0.0,0,False
2026-03-02 10:22:30+00:00,,,,,,,,0.79,0.79,,0.0,0,False
2026-03-02 10:23:00+00:00,,,,,,,,0.79,0.79,,0.0,0,False
2026-03-02 10:23:30+00:00,,,,,,,,0.79,0.79,,0.0,0,False
2026-03-02 10:24:00+00:00,,,,,,,,0.79,0.79,,0.0,0,False
2026-03-02 10:24:30+00:00,,,,,,,,0.79,0.79,,0.0,0,False
2026-03-02 10:25:00+00:00,,,,,,,,0.79,0.79,,0.0,0,False
2026-03-02 10:25:30+00:00,,,,,,,,0.79,0.79,,0.0,0,False
2026-03-02 10:26:00+00:00,,,,,,,,0.79,0.79,,0.0,0,False
2026-03-02 10:26:30+00:00,,,,,,,,0.79,0.79,,0.0,0,False
2026-03-02 10:27:00+00:00,,,,,,,,0.79,0.79,,0.0,0,False
2026-03-02 10:27:30+00:00,,,,,,,,0.79,0.79,,0.0,0,False
2026-03-02 10:28:00+00:00,,,,,,,,0.79,0.79,,0.0,0,False
2026-03-02 10:28:30+00:00,,,,,,,,0.79,0.79,,0.0,0,False
2026-03-02 10:29:00+00:00,,,,,,,,0.79,0.79,,0.0,0,False
2026-03-02 10:29:30+00:00,,,,,,,,0.79,0.79,,0.0,0,False
2026-03-02 10:30:00+00:00,,,,,,,,0.79,0.79,,0.0,0,False
2026-03-02 10:30:30+00:00,,,,,,,,0.79,0.79,,0.0,0,False
2026-03-02 10:31:00+00:00,,,,,,,,0.79,0.79,,0.0,0,False
2026-03-02 10:31:30+00:00,,,,,,,,0.79,0.79,,0.0,0,False
2026-03-02 10:32:00+00:00,,,,,,,,0.79,0.79,,0.0,0,False
2026-03-02 10:32:30+00:00,,,,,,,,0.79,0.79,,0.0,0,False
2026-03-02 10:33:00+00:00,,,,,,,,0.79,0.79,,0.0,0,False
2026-03-02 10:33:30+00:00,,,,,,,,0.79,0.79,,0.0,0,False
2026-03-02 10:34:00+00:00,,,,,,,,0.79,0.79,,0.0,0,False
2026-03-02 10:34:30+00:00,,,,,,,,0.79,0.79,,0.0,0,False
2026-03-02 10:35:00+00:00,,,,,,,,0.79,0.79,,0.0,0,False
2026-03-02 10:35:30+00:00,,,,,,,,0.79,0.79,,0.0,0,False
2026-03-02 10:36:00+00:00,,,,,,,,0.79,0.79,,0.0,0,False
2026-03-02 10:36:30+00:00,,,,,,,,0.79,0.79,,0.0,0,False
2026-03-02 10:37:00+00:00,,,,,,,,0.79,0.79,,0.0,0,False
2026-03-02 10:37:30+00:00,,,,,,,,0.79,0.79,,0.0,0,False
2026-03-02 10:38:00+00:00,,,,,,,,0.79,0.79,,0.0,0,False
2026-03-02 10:38:30+00:00,,,,,,,,0.79,0.79,,0.0,0,False
2026-03-02 10:39:00+00:00,,,,,,,,0.79,0.79,,0.0,0,False
2026-03-02 10:39:30+00:00,,,,,,,,0.79,0.79,,0.0,0,False
2026-03-02 10:40:00+00:00,,,,,,,,0.79,0.79,,0.0,0,False
2026-03-02 10:40:30+00:00,,,,,,,,0.79,0.79,,0.0,0,False
2026-03-02 10:41:00+00:00,,,,,,,,0.79,0.79,,0.0,0,False
2026-03-02 10:41:30+00:00,,,,,,,,0.79,0.79,,0.0,0,False
2026-03-02 10:42:00+00:00,,,,,,,,0.79,0.79,,0.0,0,False
2026-03-02 10:42:30+00:00,,,,,,,,0.79,0.79,,0.0,0,False
2026-03-02 10:43:00+00:00,,,,,,,,0.79,0.79,,0.0,0,False
2026-03-02 10:43:30+00:00,,,,,,,,0.79,0.79,,0.0,0,False
2026-03-02 10:44:00+00:00,,,,,,,,0.79,0.79,,0.0,0,False
2026-03-02 10:44:30+00:00,,,,,,,,0.79,0.79,,0.0,0,False
2026-03-02 10:45:00+00:00,,,,,,,,0.79,0.79,,0.0,0,False
2026-03-02 10:45:30+00:00,,,,,,,,0.79,0.79,,0.0,0,False
2026-03-02 10:46:00+00:00,,,,,,,,0.79,0.79,,0.0,0,False
2026-03-02 10:46:30+00:00,,,,,,,,0.79,0.79,,0.0,0,False
2026-03-02 10:47:00+00:00,,,,,,,,0.79,0.79,,0.0,0,False
2026-03-02 10:47:30+00:00,,,,,,,,0.79,0.79,,0.0,0,False
2026-03-02 10:48:00+00:00,,,,,,,,0.79,0.79,,0.0,0,False
2026-03-02 10:48:30+00:00,,,,,,,,0.79,0.79,,0.0,0,False
2026-03-02 10:49:00+00:00,,,,,,,,0.79,0.79,,0.0,0,False
2026-03-02 10:49:30+00:00,,,,,,,,0.79,0.79,,0.0,0,False
2026-03-02 10:50:00+00:00,,,,,,,,0.79,0.79,,0.0,0,False
2026-03-02 10:50:30+00:00,,,,,,,,0.79,0.79,,0.0,0,False
2026-03-02 10:51:00+00:00,,,,,,,,0.79,0.79,,0.0,0,False
2026-03-02 10:51:30+00:00,,,,,,,,0.79,0.79,,0.0,0,False
2026-03-02 10:52:00+00:00,,,,,,,,0.79,0.79,,0.0,0,False
2026-03-02 10:52:30+00:00,,,,,,,,0.79,0.79,,0.0,0,False
2026-03-02 10:53:00+00:00,,,,,,,,0.79,0.79,,0.0,0,False
2026-03-02 10:53:30+00:00,,,,,,,,0.79,0.79,,0.0,0,False
2026-03-02 10:54:00+00:00,,,,,,,,0.79,0.79,,0.0,0,False
2026-03-02 10:54:30+00:00,,,,,,,,0.79,0.79,,0.0,0,False
2026-03-02 10:55:00+00:00,,,,,,,,0.79,0.79,,0.0,0,False
2026-03-02 10:55:30+00:00,,,,,,,,0.79,0.79,,0.0,0,False
2026-03-02 10:56:00+00:00,,,,,,,,0.79,0.79,,0.0,0,False
2026-03-02 10:56:30+00:00,,,,,,,,0.79,0.79,,0.0,0,False
2026-03-02 10:57:00+00:00,,,,,,,,0.79,0.79,,0.0,0,False
2026-03-02 10:57:30+00:00,,,,,,,,0.79,0.79,,0.0,0,False
2026-03-02 10:58:00+00:00,,,,,,,,0.79,0.79,,0.0,0,False
2026-03-02 10:58:30+00:00,,,,,,,,0.79,0.79,,0.0,0,False
2026-03-02 10:59:00+00:00,,,,,,,,0.79,0.79,,0.0,0,False
2026-03-02 10:59:30+00:00,,,,,,,,0.79,0.79,,0.0,0,False
2026-03-02 11:00:00+00:00,,,,,,,,0.79,0.79,,0.0,0,False
2026-03-02 11:00:30+00:00,,,,,,,,0.79,0.79,,0.0,0,False
2026-03-02 11:01:00+00:00,,,,,,,,0.79,0.79,,0.0,0,False
2026-03-02 11:01:30+00:00,,,,,,,,0.79,0.79,,0.0,0,False
2026-03-02 11:02:00+00:00,,,,,,,,0.79,0.79,,0.0,0,False
2026-03-02 11:02:30+00:00,,,,,,,,0.79,0.79,,0.0,0,False
2026-03-02 11:03:00+00:00,,,,,,,,0.79,0.79,,0.0,0,False
2026-03-02 11:03:30+00:00,,,,,,,,0.79,0.79,,0.0,0,False
2026-03-02 11:04:00+00:00,,,,,,,,0.79,0.79,,0.0,0,False
2026-03-02 11:04:30+00:00,,,,,,,,0.79,0.79,,0.0,0,False
2026-03-02 11:05:00+00:00,,,,,,,,0.79,0.79,,0.0,0,False
2026-03-02 11:05:30+00:00,,,,,,,,0.79,0.79,,0.0,0,False
2026-03-02 11:06:00+00:00,,,,,,,,0.79,0.79,,0.0,0,False
2026-03-02 11:06:30+00:00,,,,,,,,0.79,0.79,,0.0,0,False
2026-03-02 11:07:00+00:00,,,,,,,,0.79,0.79,,0.0,0,False
2026-03-02 11:07:30+00:00,,,,,,,,0.79,0.79,,0.0,0,False
2026-03-02 11:08:00+00:00,,,,,,,,0.79,0.79,,0.0,0,False
2026-03-02 11:08:30+00:00,,,,,,,,0.79,0.79,,0.0,0,False
2026-03-02 11:09:00+00:00,,,,,,,,0.79,0.79,,0.0,0,False
2026-03-02 11:09:30+00:00,,,,,,,,0.79,0.79,,0.0,0,False
2026-03-02 11:10:00+00:00,,,,,,,,0.79,0.79,,0.0,0,False
2026-03-02 11:10:30+00:00,,,,,,,,0.79,0.79,,0.0,0,False
2026-03-02 11:11:00+00:00,,,,,,,,0.79,0.79,,0.0,0,False
2026-03-02 11:11:30+00:00,,,,,,,,0.79,0.79,,0.0,0,False
2026-03-02 11:12:00+00:00,,,,,,,,0.79,0.79,,0.0,0,False
2026-03-02 11:12:30+00:00,,,,,,,,0.79,0.79,,0.0,0,False
2026-03-02 11:13:00+00:00,,,,,,,,0.79,0.79,,0.0,0,False
2026-03-02 11:13:30+00:00,,,,,,,,0.79,0.79,,0.0,0,False
2026-03-02 11:14:00+00:00,,,,,,,,0.79,0.79,,0.0,0,False
2026-03-02 11:14:30+00:00,,,,,,,,0.79,0.79,,0.0,0,False
2026-03-02 11:15:00+00:00,,,,,,,,0.79,0.79,,0.0,0,False
2026-03-02 11:15:30+00:00,,,,,,,,0.79,0.79,,0.0,0,False
2026-03-02 11:16:00+00:00,,,,,,,,0.79,0.79,,0.0,0,False
2026-03-02 11:16:30+00:00,,,,,,,,0.79,0.79,,0.0,0,False
2026-03-02 11:17:00+00:00,,,,,,,,0.79,0.79,,0.0,0,False
2026-03-02 11:17:30+00:00,,,,,,,,0.79,0.79,,0.0,0,False
2026-03-02 11:18:00+00:00,,,,,,,,0.79,0.79,,0.0,0,False
2026-03-02 11:18:30+00:00,,,,,,,,0.79,0.79,,0.0,0,False
2026-03-02 11:19:00+00:00,,,,,,,,0.79,0.79,,0.0,0,False
2026-03-02 11:19:30+00:00,,,,,,,,0.79,0.79,,0.0,0,False
2026-03-02 11:20:00+00:00,,,,,,,,0.79,0.79,,0.0,0,False
2026-03-02 11:20:30+00:00,,,,,,,,0.79,0.79,,0.0,0,False
2026-03-02 11:21:00+00:00,,,,,,,,0.79,0.79,,0.0,0,False
2026-03-02 11:21:30+00:00,,,,,,,,0.79,0.79,,0.0,0,False
2026-03-02 11:22:00+00:00,,,,,,,,0.79,0.79,,0.0,0,False
2026-03-02 11:22:30+00:00,,,,,,,,0.79,0.79,,0.0,0,False
2026-03-02 11:23:00+00:00,,,,,,,,0.79,0.79,,0.0,0,False
2026-03-02 11:23:30+00:00,,,,,,,,0.79,0.79,,0.0,0,False
2026-03-02 11:24:00+00:00,,,,,,,,0.79,0.79,,0.0,0,False
2026-03-02 11:24:30+00:00,,,,,,,,0.79,0.79,,0.0,0,False
2026-03-02 11:25:00+00:00,,,,,,,,0.79,0.79,,0.0,0,False
2026-03-02 11:25:30+00:00,,,,,,,,0.79,0.79,,0.0,0,False
2026-03-02 11:26:00+00:00,,,,,,,,0.79,0.79,,0.0,0,False
2026-03-02 11:26:30+00:00,,,,,,,,0.79,0.79,,0.0,0,False
2026-03-02 11:27:00+00:00,,,,,,,,0.79,0.79,,0.0,0,False
2026-03-02 11:27:30+00:00,,,,,,,,0.79,0.79,,0.0,0,False
2026-03-02 11:28:00+00:00,,,,,,,,0.79,0.79,,0.0,0,False
2026-03-02 11:28:30+00:00,,,,,,,,0.79,0.79,,0.0,0,False
2026-03-02 11:29:00+00:00,,,,,,,,0.79,0.79,,0.0,0,False
2026-03-02 11:29:30+00:00,,,,,,,,0.79,0.79,,0.0,0,False
2026-03-02 11:30:00+00:00,,,,,,,,0.79,0.79,,0.0,0,False
2026-03-02 11:30:30+00:00,,,,,,,,0.79,0.79,,0.0,0,False
2026-03-02 11:31:00+00:00,,,,,,,,0.79,0.79,,0.0,0,False
2026-03-02 11:31:30+00:00,,,,,,,,0.79,0.79,,0.0,0,False
2026-03-02 11:32:00+00:00,,,,,,,,0.79,0.79,,0.0,0,False
2026-03-02 11:32:30+00:00,,,,,,,,0.79,0.79,,0.0,0,False
2026-03-02 11:33:00+00:00,,,,,,,,0.79,0.79,,0.0,0,False
2026-03-02 11:33:30+00:00,,,,,,,,0.78,0.78,,5.0,1,False
2026-03-02 11:34:00+00:00,,,,,,,,0.78,0.78,,0.0,0,False
2026-03-02 11:34:30+00:00,,,,,,,,0.78,0.78,,0.0,0,False
2026-03-02 11:35:00+00:00,,,,,,,,0.78,0.78,,0.0,0,False
2026-03-02 11:35:30+00:00,,,,,,,,0.78,0.78,,0.0,0,False
2026-03-02 11:36:00+00:00,,,,,,,,0.78,0.78,,0.0,0,False
2026-03-02 11:36:30+00:00,,,,,,,,0.78,0.78,,0.0,0,False
2026-03-02 11:37:00+00:00,,,,,,,,0.78,0.78,,0.0,0,False
2026-03-02 11:37:30+00:00,,,,,,,,0.78,0.78,,0.0,0,False
2026-03-02 11:38:00+00:00,,,,,,,,0.78,0.78,,0.0,0,False
2026-03-02 11:38:30+00:00,,,,,,,,0.78,0.78,,0.0,0,False
2026-03-02 11:39:00+00:00,,,,,,,,0.78,0.78,,0.0,0,False
2026-03-02 11:39:30+00:00,,,,,,,,0.78,0.78,,0.0,0,False
2026-03-02 11:40:00+00:00,,,,,,,,0.78,0.78,,0.0,0,False
2026-03-02 11:40:30+00:00,,,,,,,,0.78,0.78,,0.0,0,False
2026-03-02 11:41:00+00:00,,,,,,,,0.78,0.78,,0.0,0,False
2026-03-02 11:41:30+00:00,,,,,,,,0.78,0.78,,0.0,0,False
2026-03-02 11:42:00+00:00,,,,,,,,0.78,0.78,,0.0,0,False
2026-03-02 11:42:30+00:00,,,,,,,,0.78,0.78,,0.0,0,False
2026-03-02 11:43:00+00:00,,,,,,,,0.78,0.78,,0.0,0,False
2026-03-02 11:43:30+00:00,,,,,,,,0.78,0.78,,0.0,0,False
2026-03-02 11:44:00+00:00,,,,,,,,0.78,0.78,,0.0,0,False
2026-03-02 11:44:30+00:00,,,,,,,,0.78,0.78,,0.0,0,False
2026-03-02 11:45:00+00:00,,,,,,,,0.78,0.78,,0.0,0,False
2026-03-02 11:45:30+00:00,,,,,,,,0.78,0.78,,0.0,0,False
2026-03-02 11:46:00+00:00,,,,,,,,0.78,0.78,,0.0,0,False
2026-03-02 11:46:30+00:00,,,,,,,,0.78,0.78,,0.0,0,False
2026-03-02 11:47:00+00:00,,,,,,,,0.78,0.78,,20.0,2,False
2026-03-02 11:47:30+00:00,,,,,,,,0.78,0.78,,0.0,0,False
2026-03-02 11:48:00+00:00,,,,,,,,0.78,0.78,,0.0,0,False
2026-03-02 11:48:30+00:00,,,,,,,,0.78,0.78,,0.0,0,False
2026-03-02 11:49:00+00:00,,,,,,,,0.78,0.78,,0.0,0,False
2026-03-02 11:49:30+00:00,,,,,,,,0.78,0.78,,25.0,1,False
2026-03-02 11:50:00+00:00,,,,,,,,0.78,0.78,,0.0,0,False
2026-03-02 11:50:30+00:00,,,,,,,,0.78,0.78,,0.0,0,False
2026-03-02 11:51:00+00:00,,,,,,,,0.78,0.78,,0.0,0,False
2026-03-02 11:51:30+00:00,,,,,,,,0.78,0.78,,0.0,0,False
2026-03-02 11:52:00+00:00,,,,,,,,0.78,0.78,,0.0,0,False
2026-03-02 11:52:30+00:00,,,,,,,,0.7799999999999999,0.78,,12.0,1,False
2026-03-02 11:53:00+00:00,,,,,,,,0.7799999999999999,0.78,,0.0,0,False
2026-03-02 11:53:30+00:00,,,,,,,,0.7799999999999999,0.78,,0.0,0,False
2026-03-02 11:54:00+00:00,,,,,,,,0.7799999999999999,0.78,,0.0,0,False
2026-03-02 11:54:30+00:00,,,,,,,,0.7799999999999999,0.78,,0.0,0,False
2026-03-02 11:55:00+00:00,,,,,,,,0.78,0.78,,63.0,1,False
2026-03-02 11:55:30+00:00,,,,,,,,0.78,0.78,,0.0,0,False
2026-03-02 11:56:00+00:00,,,,,,,,0.78,0.78,,0.0,0,False
2026-03-02 11:56:30+00:00,,,,,,,,0.78,0.78,,0.0,0,False
2026-03-02 11:57:00+00:00,,,,,,,,0.78,0.78,,0.0,0,False
2026-03-02 11:57:30+00:00,,,,,,,,0.78,0.78,,0.0,0,False
2026-03-02 11:58:00+00:00,,,,,,,,0.78,0.78,,0.0,0,False
2026-03-02 11:58:30+00:00,,,,,,,,0.78,0.78,,0.0,0,False
2026-03-02 11:59:00+00:00,,,,,,,,0.78,0.78,,0.0,0,False
2026-03-02 11:59:30+00:00,,,,,,,,0.78,0.78,,0.0,0,False
2026-03-02 12:00:00+00:00,,,,,,,,0.78,0.78,,0.0,0,False
2026-03-02 12:00:30+00:00,,,,,,,,0.78,0.78,,0.0,0,False
2026-03-02 12:01:00+00:00,,,,,,,,0.78,0.78,,0.0,0,False
2026-03-02 12:01:30+00:00,,,,,,,,0.78,0.78,,0.0,0,False
2026-03-02 12:02:00+00:00,,,,,,,,0.78,0.78,,0.0,0,False
2026-03-02 12:02:30+00:00,,,,,,,,0.78,0.78,,0.0,0,False
2026-03-02 12:03:00+00:00,,,,,,,,0.78,0.78,,0.0,0,False
2026-03-02 12:03:30+00:00,,,,,,,,0.78,0.78,,0.0,0,False
2026-03-02 12:04:00+00:00,,,,,,,,0.78,0.78,,0.0,0,False
2026-03-02 12:04:30+00:00,,,,,,,,0.78,0.78,,0.0,0,False
2026-03-02 12:05:00+00:00,,,,,,,,0.78,0.78,,0.0,0,False
2026-03-02 12:05:30+00:00,,,,,,,,0.78,0.78,,0.0,0,False
2026-03-02 12:06:00+00:00,,,,,,,,0.78,0.78,,0.0,0,False
2026-03-02 12:06:30+00:00,,,,,,,,0.78,0.78,,0.0,0,False
2026-03-02 12:07:00+00:00,,,,,,,,0.78,0.78,,0.0,0,False
2026-03-02 12:07:30+00:00,,,,,,,,0.78,0.78,,0.0,0,False
2026-03-02 12:08:00+00:00,,,,,,,,0.78,0.78,,0.0,0,False
2026-03-02 12:08:30+00:00,,,,,,,,0.78,0.78,,0.0,0,False
2026-03-02 12:09:00+00:00,,,,,,,,0.78,0.78,,0.0,0,False
2026-03-02 12:09:30+00:00,,,,,,,,0.78,0.78,,0.0,0,False
2026-03-02 12:10:00+00:00,,,,,,,,0.78,0.78,,0.0,0,False
2026-03-02 12:10:30+00:00,,,,,,,,0.78,0.78,,0.0,0,False
2026-03-02 12:11:00+00:00,,,,,,,,0.78,0.78,,0.0,0,False
2026-03-02 12:11:30+00:00,,,,,,,,0.78,0.78,,0.0,0,False
2026-03-02 12:12:00+00:00,,,,,,,,0.78,0.78,,0.0,0,False
2026-03-02 12:12:30+00:00,,,,,,,,0.78,0.78,,0.0,0,False
2026-03-02 12:13:00+00:00,,,,,,,,0.78,0.78,,0.0,0,False
2026-03-02 12:13:30+00:00,,,,,,,,0.78,0.78,,0.0,0,False
2026-03-02 12:14:00+00:00,,,,,,,,0.78,0.78,,0.0,0,False
2026-03-02 12:14:30+00:00,,,,,,,,0.78,0.78,,0.0,0,False
2026-03-02 12:15:00+00:00,,,,,,,,0.7899999999999999,0.79,,129.0,2,False
2026-03-02 12:15:30+00:00,,,,,,,,0.7899999999999999,0.79,,0.0,0,False
2026-03-02 12:16:00+00:00,,,,,,,,0.7899999999999999,0.79,,0.0,0,False
2026-03-02 12:16:30+00:00,,,,,,,,0.7899999999999999,0.79,,0.0,0,False
2026-03-02 12:17:00+00:00,,,,,,,,0.7899999999999999,0.79,,0.0,0,False
2026-03-02 12:17:30+00:00,,,,,,,,0.7899999999999999,0.79,,0.0,0,False
2026-03-02 12:18:00+00:00,,,,,,,,0.7899999999999999,0.79,,0.0,0,False
2026-03-02 12:18:30+00:00,,,,,,,,0.7899999999999999,0.79,,0.0,0,False
2026-03-02 12:19:00+00:00,,,,,,,,0.7899999999999999,0.79,,0.0,0,False
2026-03-02 12:19:30+00:00,,,,,,,,0.7899999999999999,0.79,,0.0,0,False
2026-03-02 12:20:00+00:00,,,,,,,,0.7899999999999999,0.79,,0.0,0,False
2026-03-02 12:20:30+00:00,,,,,,,,0.7899999999999999,0.79,,0.0,0,False
2026-03-02 12:21:00+00:00,,,,,,,,0.7899999999999999,0.79,,0.0,0,False
2026-03-02 12:21:30+00:00,,,,,,,,0.7899999999999999,0.79,,0.0,0,False
2026-03-02 12:22:00+00:00,,,,,,,,0.7899999999999999,0.79,,0.0,0,False
2026-03-02 12:22:30+00:00,,,,,,,,0.7899999999999999,0.79,,0.0,0,False
2026-03-02 12:23:00+00:00,,,,,,,,0.7899999999999999,0.79,,0.0,0,False
2026-03-02 12:23:30+00:00,,,,,,,,0.7899999999999999,0.79,,0.0,0,False
2026-03-02 12:24:00+00:00,,,,,,,,0.7899999999999999,0.79,,0.0,0,False
2026-03-02 12:24:30+00:00,,,,,,,,0.7899999999999999,0.79,,0.0,0,False
2026-03-02 12:25:00+00:00,,,,,,,,0.7899999999999999,0.79,,0.0,0,False
2026-03-02 12:25:30+00:00,,,,,,,,0.7899999999999999,0.79,,0.0,0,False
2026-03-02 12:26:00+00:00,,,,,,,,0.7899999999999999,0.79,,0.0,0,False
2026-03-02 12:26:30+00:00,,,,,,,,0.7899999999999999,0.79,,0.0,0,False
2026-03-02 12:27:00+00:00,,,,,,,,0.7899999999999999,0.79,,0.0,0,False
2026-03-02 12:27:30+00:00,,,,,,,,0.7899999999999999,0.79,,0.0,0,False
2026-03-02 12:28:00+00:00,,,,,,,,0.7899999999999999,0.79,,0.0,0,False
2026-03-02 12:28:30+00:00,,,,,,,,0.7899999999999999,0.79,,0.0,0,False
2026-03-02 12:29:00+00:00,,,,,,,,0.7899999999999999,0.79,,0.0,0,False
2026-03-02 12:29:30+00:00,,,,,,,,0.7899999999999999,0.79,,0.0,0,False
2026-03-02 12:30:00+00:00,,,,,,,,0.7899999999999999,0.79,,0.0,0,False
2026-03-02 12:30:30+00:00,,,,,,,,0.7899999999999999,0.79,,0.0,0,False
2026-03-02 12:31:00+00:00,,,,,,,,0.7899999999999999,0.79,,0.0,0,False
2026-03-02 12:31:30+00:00,,,,,,,,0.7899999999999999,0.79,,0.0,0,False
2026-03-02 12:32:00+00:00,,,,,,,,0.7899999999999999,0.79,,0.0,0,False
2026-03-02 12:32:30+00:00,,,,,,,,0.7899999999999999,0.79,,0.0,0,False
2026-03-02 12:33:00+00:00,,,,,,,,0.7899999999999999,0.79,,0.0,0,False
2026-03-02 12:33:30+00:00,,,,,,,,0.7899999999999999,0.79,,0.0,0,False
2026-03-02 12:34:00+00:00,,,,,,,,0.7899999999999999,0.79,,0.0,0,False
2026-03-02 12:34:30+00:00,,,,,,,,0.7899999999999999,0.79,,0.0,0,False
2026-03-02 12:35:00+00:00,,,,,,,,0.79,0.79,,9.0,1,False
2026-03-02 12:35:30+00:00,,,,,,,,0.79,0.79,,0.0,0,False
2026-03-02 12:36:00+00:00,,,,,,,,0.79,0.79,,0.0,0,False
2026-03-02 12:36:30+00:00,,,,,,,,0.79,0.79,,0.0,0,False
2026-03-02 12:37:00+00:00,,,,,,,,0.79,0.79,,0.0,0,False
2026-03-02 12:37:30+00:00,,,,,,,,0.79,0.79,,0.0,0,False
2026-03-02 12:38:00+00:00,,,,,,,,0.79,0.79,,0.0,0,False
2026-03-02 12:38:30+00:00,,,,,,,,0.79,0.79,,0.0,0,False
2026-03-02 12:39:00+00:00,,,,,,,,0.79,0.79,,0.0,0,False
2026-03-02 12:39:30+00:00,,,,,,,,0.79,0.79,,0.0,0,False
2026-03-02 12:40:00+00:00,,,,,,,,0.79,0.79,,0.0,0,False
2026-03-02 12:40:30+00:00,,,,,,,,0.79,0.79,,0.0,0,False
2026-03-02 12:41:00+00:00,,,,,,,,0.79,0.79,,0.0,0,False
2026-03-02 12:41:30+00:00,,,,,,,,0.79,0.79,,0.0,0,False
2026-03-02 12:42:00+00:00,,,,,,,,0.7799999999999999,0.78,,6.0,1,False
2026-03-02 12:42:30+00:00,,,,,,,,0.7799999999999999,0.78,,0.0,0,False
2026-03-02 12:43:00+00:00,,,,,,,,0.7799999999999999,0.78,,0.0,0,False
2026-03-02 12:43:30+00:00,,,,,,,,0.7799999999999999,0.78,,0.0,0,False
2026-03-02 12:44:00+00:00,,,,,,,,0.7799999999999999,0.78,,0.0,0,False
2026-03-02 12:44:30+00:00,,,,,,,,0.7799999999999999,0.78,,0.0,0,False
2026-03-02 12:45:00+00:00,,,,,,,,0.7799999999999999,0.78,,0.0,0,False
2026-03-02 12:45:30+00:00,,,,,,,,0.7799999999999999,0.78,,0.0,0,False
2026-03-02 12:46:00+00:00,,,,,,,,0.7799999999999999,0.78,,0.0,0,False
2026-03-02 12:46:30+00:00,,,,,,,,0.7799999999999999,0.78,,0.0,0,False
2026-03-02 12:47:00+00:00,,,,,,,,0.7799999999999999,0.78,,0.0,0,False
2026-03-02 12:47:30+00:00,,,,,,,,0.7799999999999999,0.78,,0.0,0,False
2026-03-02 12:48:00+00:00,,,,,,,,0.7799999999999999,0.78,,0.0,0,False
2026-03-02 12:48:30+00:00,,,,,,,,0.7799999999999999,0.78,,12.0,1,False
2026-03-02 12:49:00+00:00,,,,,,,,0.7799999999999999,0.78,,0.0,0,False
2026-03-02 12:49:30+00:00,,,,,,,,0.7799999999999999,0.78,,0.0,0,False
2026-03-02 12:50:00+00:00,,,,,,,,0.7799999999999999,0.78,,0.0,0,False
2026-03-02 12:50:30+00:00,,,,,,,,0.7799999999999999,0.78,,0.0,0,False
2026-03-02 12:51:00+00:00,,,,,,,,0.78,0.78,,1.0,1,False
2026-03-02 12:51:30+00:00,,,,,,,,0.78,0.78,,0.0,0,False
2026-03-02 12:52:00+00:00,,,,,,,,0.78,0.78,,0.0,0,False
2026-03-02 12:52:30+00:00,,,,,,,,0.78,0.78,,0.0,0,False
2026-03-02 12:53:00+00:00,,,,,,,,0.78,0.78,,0.0,0,False
2026-03-02 12:53:30+00:00,,,,,,,,0.78,0.78,,0.0,0,False
2026-03-02 12:54:00+00:00,,,,,,,,0.78,0.78,,0.0,0,False
2026-03-02 12:54:30+00:00,,,,,,,,0.78,0.78,,0.0,0,False
2026-03-02 12:55:00+00:00,,,,,,,,0.78,0.78,,0.0,0,False
2026-03-02 12:55:30+00:00,,,,,,,,0.78,0.78,,0.0,0,False
2026-03-02 12:56:00+00:00,,,,,,,,0.78,0.78,,0.0,0,False
2026-03-02 12:56:30+00:00,,,,,,,,0.78,0.78,,0.0,0,False
2026-03-02 12:57:00+00:00,,,,,,,,0.78,0.78,,0.0,0,False
2026-03-02 12:57:30+00:00,,,,,,,,0.78,0.78,,0.0,0,False
2026-03-02 12:58:00+00:00,,,,,,,,0.78,0.78,,0.0,0,False
2026-03-02 12:58:30+00:00,,,,,,,,0.78,0.78,,0.0,0,False
2026-03-02 12:59:00+00:00,,,,,,,,0.78,0.78,,0.0,0,False
2026-03-02 12:59:30+00:00,,,,,,,,0.78,0.78,,0.0,0,False
2026-03-02 13:00:00+00:00,,,,,,,,0.78,0.78,,0.0,0,False
2026-03-02 13:00:30+00:00,,,,,,,,0.78,0.78,,0.0,0,False
2026-03-02 13:01:00+00:00,,,,,,,,0.78,0.78,,0.0,0,False
2026-03-02 13:01:30+00:00,,,,,,,,0.78,0.78,,0.0,0,False
2026-03-02 13:02:00+00:00,,,,,,,,0.78,0.78,,0.0,0,False
2026-03-02 13:02:30+00:00,,,,,,,,0.78,0.78,,0.0,0,False
2026-03-02 13:03:00+00:00,,,,,,,,0.78,0.78,,0.0,0,False
2026-03-02 13:03:30+00:00,,,,,,,,0.78,0.78,,0.0,0,False
2026-03-02 13:04:00+00:00,,,,,,,,0.78,0.78,,0.0,0,False
2026-03-02 13:04:30+00:00,,,,,,,,0.78,0.78,,0.0,0,False
2026-03-02 13:05:00+00:00,,,,,,,,0.78,0.78,,0.0,0,False
2026-03-02 13:05:30+00:00,,,,,,,,0.78,0.78,,0.0,0,False
2026-03-02 13:06:00+00:00,,,,,,,,0.78,0.78,,0.0,0,False
2026-03-02 13:06:30+00:00,,,,,,,,0.78,0.78,,0.0,0,False
2026-03-02 13:07:00+00:00,,,,,,,,0.78,0.78,,0.0,0,False
2026-03-02 13:07:30+00:00,,,,,,,,0.78,0.78,,0.0,0,False
2026-03-02 13:08:00+00:00,,,,,,,,0.78,0.78,,0.0,0,False
2026-03-02 13:08:30+00:00,,,,,,,,0.78,0.78,,31.0,1,False
2026-03-02 13:09:00+00:00,,,,,,,,0.78,0.78,,0.0,0,False
2026-03-02 13:09:30+00:00,,,,,,,,0.78,0.78,,0.0,0,False
2026-03-02 13:10:00+00:00,,,,,,,,0.78,0.78,,0.0,0,False
2026-03-02 13:10:30+00:00,,,,,,,,0.78,0.78,,0.0,0,False
2026-03-02 13:11:00+00:00,,,,,,,,0.78,0.78,,0.0,0,False
2026-03-02 13:11:30+00:00,,,,,,,,0.78,0.78,,0.0,0,False
2026-03-02 13:12:00+00:00,,,,,,,,0.78,0.78,,0.0,0,False
2026-03-02 13:12:30+00:00,,,,,,,,0.78,0.78,,0.0,0,False
2026-03-02 13:13:00+00:00,,,,,,,,0.78,0.78,,0.0,0,False
2026-03-02 13:13:30+00:00,,,,,,,,0.78,0.78,,0.0,0,False
2026-03-02 13:14:00+00:00,,,,,,,,0.78,0.78,,0.0,0,False
2026-03-02 13:14:30+00:00,,,,,,,,0.78,0.78,,69.0,1,False
2026-03-02 13:15:00+00:00,,,,,,,,0.78,0.78,,0.0,0,False
2026-03-02 13:15:30+00:00,,,,,,,,0.79,0.79,,6.0,1,False
2026-03-02 13:16:00+00:00,,,,,,,,0.79,0.79,,74.0,1,False
2026-03-02 13:16:30+00:00,,,,,,,,0.79,0.79,,0.0,0,False
2026-03-02 13:17:00+00:00,,,,,,,,0.79,0.79,,0.0,0,False
2026-03-02 13:17:30+00:00,,,,,,,,0.79,0.79,,0.0,0,False
2026-03-02 13:18:00+00:00,,,,,,,,0.79,0.79,,0.0,0,False
2026-03-02 13:18:30+00:00,,,,,,,,0.79,0.79,,0.0,0,False
2026-03-02 13:19:00+00:00,,,,,,,,0.79,0.79,,0.0,0,False
2026-03-02 13:19:30+00:00,,,,,,,,0.79,0.79,,0.0,0,False
2026-03-02 13:20:00+00:00,,,,,,,,0.79,0.79,,0.0,0,False
2026-03-02 13:20:30+00:00,,,,,,,,0.79,0.79,,0.0,0,False
2026-03-02 13:21:00+00:00,,,,,,,,0.79,0.79,,0.0,0,False
2026-03-02 13:21:30+00:00,,,,,,,,0.79,0.79,,0.0,0,False
2026-03-02 13:22:00+00:00,,,,,,,,0.79,0.79,,0.0,0,False
2026-03-02 13:22:30+00:00,,,,,,,,0.79,0.79,,0.0,0,False
2026-03-02 13:23:00+00:00,,,,,,,,0.79,0.79,,0.0,0,False
2026-03-02 13:23:30+00:00,,,,,,,,0.79,0.79,,0.0,0,False
2026-03-02 13:24:00+00:00,,,,,,,,0.79,0.79,,0.0,0,False
2026-03-02 13:24:30+00:00,,,,,,,,0.79,0.79,,0.0,0,False
2026-03-02 13:25:00+00:00,,,,,,,,0.79,0.79,,1400.0,1,False
2026-03-02 13:25:30+00:00,,,,,,,,0.79,0.79,,0.0,0,False
2026-03-02 13:26:00+00:00,,,,,,,,0.79,0.79,,0.0,0,False
2026-03-02 13:26:30+00:00,,,,,,,,0.79,0.79,,0.0,0,False
2026-03-02 13:27:00+00:00,,,,,,,,0.79,0.79,,0.0,0,False
2026-03-02 13:27:30+00:00,,,,,,,,0.79,0.79,,0.0,0,False
2026-03-02 13:28:00+00:00,,,,,,,,0.79,0.79,,0.0,0,False
2026-03-02 13:28:30+00:00,,,,,,,,0.79,0.79,,0.0,0,False
2026-03-02 13:29:00+00:00,,,,,,,,0.79,0.79,,0.0,0,False
2026-03-02 13:29:30+00:00,,,,,,,,0.79,0.79,,0.0,0,False
2026-03-02 13:30:00+00:00,,,,,,,,0.79,0.79,,0.0,0,False
2026-03-02 13:30:30+00:00,,,,,,,,0.79,0.79,,0.0,0,False
2026-03-02 13:31:00+00:00,,,,,,,,0.79,0.79,,0.0,0,False
2026-03-02 13:31:30+00:00,,,,,,,,0.79,0.79,,0.0,0,False
2026-03-02 13:32:00+00:00,,,,,,,,0.79,0.79,,0.0,0,False
2026-03-02 13:32:30+00:00,,,,,,,,0.79,0.79,,0.0,0,False
2026-03-02 13:33:00+00:00,,,,,,,,0.79,0.79,,0.0,0,False
2026-03-02 13:33:30+00:00,,,,,,,,0.79,0.79,,0.0,0,False
2026-03-02 13:34:00+00:00,,,,,,,,0.79,0.79,,0.0,0,False
2026-03-02 13:34:30+00:00,,,,,,,,0.79,0.79,,0.0,0,False
2026-03-02 13:35:00+00:00,,,,,,,,0.79,0.79,,0.0,0,False
2026-03-02 13:35:30+00:00,,,,,,,,0.7666666666666666,0.77,,12.0,2,False
2026-03-02 13:36:00+00:00,,,,,,,,0.7666666666666666,0.77,,0.0,0,False
2026-03-02 13:36:30+00:00,,,,,,,,0.7666666666666666,0.77,,0.0,0,False
2026-03-02 13:37:00+00:00,,,,,,,,0.79,0.79,,6.0,1,False
2026-03-02 13:37:30+00:00,,,,,,,,0.79,0.79,,0.0,0,False
2026-03-02 13:38:00+00:00,,,,,,,,0.79,0.79,,0.0,0,False
2026-03-02 13:38:30+00:00,,,,,,,,0.79,0.79,,0.0,0,False
2026-03-02 13:39:00+00:00,,,,,,,,0.79,0.79,,0.0,0,False
2026-03-02 13:39:30+00:00,,,,,,,,0.79,0.79,,0.0,0,False
2026-03-02 13:40:00+00:00,,,,,,,,0.79,0.79,,0.0,0,False
2026-03-02 13:40:30+00:00,,,,,,,,0.78,0.78,,20.0,1,False
2026-03-02 13:41:00+00:00,,,,,,,,0.78,0.78,,0.0,0,False
2026-03-02 13:41:30+00:00,,,,,,,,0.78,0.78,,0.0,0,False
2026-03-02 13:42:00+00:00,,,,,,,,0.78,0.78,,0.0,0,False
2026-03-02 13:42:30+00:00,,,,,,,,0.78,0.78,,0.0,0,False
2026-03-02 13:43:00+00:00,,,,,,,,0.78,0.78,,0.0,0,False
2026-03-02 13:43:30+00:00,,,,,,,,0.78,0.78,,0.0,0,False
2026-03-02 13:44:00+00:00,,,,,,,,0.78,0.78,,0.0,0,False
2026-03-02 13:44:30+00:00,,,,,,,,0.78,0.78,,0.0,0,False
2026-03-02 13:45:00+00:00,,,,,,,,0.78,0.78,,0.0,0,False
2026-03-02 13:45:30+00:00,,,,,,,,0.78,0.78,,0.0,0,False
2026-03-02 13:46:00+00:00,,,,,,,,0.78,0.78,,0.0,0,False
2026-03-02 13:46:30+00:00,,,,,,,,0.78,0.78,,0.0,0,False
2026-03-02 13:47:00+00:00,,,,,,,,0.78,0.78,,0.0,0,False
2026-03-02 13:47:30+00:00,,,,,,,,0.78,0.78,,0.0,0,False
2026-03-02 13:48:00+00:00,,,,,,,,0.78,0.78,,0.0,0,False
2026-03-02 13:48:30+00:00,,,,,,,,0.78,0.78,,0.0,0,False
2026-03-02 13:49:00+00:00,,,,,,,,0.78,0.78,,0.0,0,False
2026-03-02 13:49:30+00:00,,,,,,,,0.78,0.78,,11.0,1,False
2026-03-02 13:50:00+00:00,,,,,,,,0.78,0.78,,0.0,0,False
2026-03-02 13:50:30+00:00,,,,,,,,0.78,0.78,,0.0,0,False
2026-03-02 13:51:00+00:00,,,,,,,,0.78,0.78,,0.0,0,False
2026-03-02 13:51:30+00:00,,,,,,,,0.78,0.78,,0.0,0,False
2026-03-02 13:52:00+00:00,,,,,,,,0.78,0.78,,0.0,0,False
2026-03-02 13:52:30+00:00,,,,,,,,0.78,0.78,,0.0,0,False
2026-03-02 13:53:00+00:00,,,,,,,,0.78,0.78,,0.0,0,False
2026-03-02 13:53:30+00:00,,,,,,,,0.78,0.78,,0.0,0,False
2026-03-02 13:54:00+00:00,,,,,,,,0.78,0.78,,0.0,0,False
2026-03-02 13:54:30+00:00,,,,,,,,0.78,0.78,,0.0,0,False
2026-03-02 13:55:00+00:00,,,,,,,,0.78,0.78,,0.0,0,False
2026-03-02 13:55:30+00:00,,,,,,,,0.78,0.78,,0.0,0,False
2026-03-02 13:56:00+00:00,,,,,,,,0.78,0.78,,0.0,0,False
2026-03-02 13:56:30+00:00,,,,,,,,0.78,0.78,,0.0,0,False
2026-03-02 13:57:00+00:00,,,,,,,,0.78,0.78,,0.0,0,False
2026-03-02 13:57:30+00:00,,,,,,,,0.78,0.78,,0.0,0,False
2026-03-02 13:58:00+00:00,,,,,,,,0.78,0.78,,0.0,0,False
2026-03-02 13:58:30+00:00,,,,,,,,0.78,0.78,,0.0,0,False
2026-03-02 13:59:00+00:00,,,,,,,,0.78,0.78,,0.0,0,False
2026-03-02 13:59:30+00:00,,,,,,,,0.78,0.78,,0.0,0,False
2026-03-02 14:00:00+00:00,,,,,,,,0.78,0.78,,0.0,0,False
2026-03-02 14:00:30+00:00,,,,,,,,0.78,0.78,,0.0,0,False
2026-03-02 14:01:00+00:00,,,,,,,,0.78,0.78,,0.0,0,False
2026-03-02 14:01:30+00:00,,,,,,,,0.78,0.78,,0.0,0,False
2026-03-02 14:02:00+00:00,,,,,,,,0.78,0.78,,0.0,0,False
2026-03-02 14:02:30+00:00,,,,,,,,0.78,0.78,,0.0,0,False
2026-03-02 14:03:00+00:00,,,,,,,,0.78,0.78,,35.0,1,False
2026-03-02 14:03:30+00:00,,,,,,,,0.78,0.78,,0.0,0,False
2026-03-02 14:04:00+00:00,,,,,,,,0.7600000000000001,0.76,,3.0,1,False
2026-03-02 14:04:30+00:00,,,,,,,,0.76,0.76,,8.0,1,False
2026-03-02 14:05:00+00:00,,,,,,,,0.76,0.76,,0.0,0,False
2026-03-02 14:05:30+00:00,,,,,,,,0.76,0.76,,0.0,0,False
2026-03-02 14:06:00+00:00,,,,,,,,0.76,0.76,,0.0,0,False
2026-03-02 14:06:30+00:00,,,,,,,,0.76,0.76,,0.0,0,False
2026-03-02 14:07:00+00:00,,,,,,,,0.76,0.76,,0.0,0,False
2026-03-02 14:07:30+00:00,,,,,,,,0.76,0.76,,0.0,0,False
2026-03-02 14:08:00+00:00,,,,,,,,0.76,0.76,,0.0,0,False
2026-03-02 14:08:30+00:00,,,,,,,,0.76,0.76,,0.0,0,False
2026-03-02 14:09:00+00:00,,,,,,,,0.76,0.76,,0.0,0,False
2026-03-02 14:09:30+00:00,,,,,,,,0.76,0.76,,0.0,0,False
2026-03-02 14:10:00+00:00,,,,,,,,0.76,0.76,,0.0,0,False
2026-03-02 14:10:30+00:00,,,,,,,,0.76,0.76,,0.0,0,False
2026-03-02 14:11:00+00:00,,,,,,,,0.7799999999999999,0.78,,21.0,1,False
2026-03-02 14:11:30+00:00,,,,,,,,0.7799999999999999,0.78,,0.0,0,False
2026-03-02 14:12:00+00:00,,,,,,,,0.79,0.79,,21.0,1,False
2026-03-02 14:12:30+00:00,,,,,,,,0.79,0.79,,0.0,0,False
2026-03-02 14:13:00+00:00,,,,,,,,0.79,0.79,,0.0,0,False
2026-03-02 14:13:30+00:00,,,,,,,,0.79,0.79,,0.0,0,False
2026-03-02 14:14:00+00:00,,,,,,,,0.79,0.79,,0.0,0,False
2026-03-02 14:14:30+00:00,,,,,,,,0.79,0.79,,0.0,0,False
2026-03-02 14:15:00+00:00,,,,,,,,0.79,0.79,,0.0,0,False
2026-03-02 14:15:30+00:00,,,,,,,,0.79,0.79,,0.0,0,False
2026-03-02 14:16:00+00:00,,,,,,,,0.79,0.79,,0.0,0,False
2026-03-02 14:16:30+00:00,,,,,,,,0.79,0.79,,0.0,0,False
2026-03-02 14:17:00+00:00,,,,,,,,0.79,0.79,,0.0,0,False
2026-03-02 14:17:30+00:00,,,,,,,,0.79,0.79,,0.0,0,False
2026-03-02 14:18:00+00:00,,,,,,,,0.76,0.76,,30.0,1,False
2026-03-02 14:18:30+00:00,,,,,,,,0.76,0.76,,0.0,0,False
2026-03-02 14:19:00+00:00,,,,,,,,0.76,0.76,,0.0,0,False
2026-03-02 14:19:30+00:00,,,,,,,,0.76,0.76,,0.0,0,False
2026-03-02 14:20:00+00:00,,,,,,,,0.76,0.76,,0.0,0,False
2026-03-02 14:20:30+00:00,,,,,,,,0.76,0.76,,0.0,0,False
2026-03-02 14:21:00+00:00,,,,,,,,0.76,0.76,,0.0,0,False
2026-03-02 14:21:30+00:00,,,,,,,,0.76,0.76,,0.0,0,False
2026-03-02 14:22:00+00:00,,,,,,,,0.76,0.76,,0.0,0,False
2026-03-02 14:22:30+00:00,,,,,,,,0.76,0.76,,0.0,0,False
2026-03-02 14:23:00+00:00,,,,,,,,0.79,0.79,,4.0,1,False
2026-03-02 14:23:30+00:00,,,,,,,,0.79,0.79,,0.0,0,False
2026-03-02 14:24:00+00:00,,,,,,,,0.79,0.79,,4.0,1,False
2026-03-02 14:24:30+00:00,,,,,,,,0.79,0.79,,0.0,0,False
2026-03-02 14:25:00+00:00,,,,,,,,0.79,0.79,,0.0,0,False
2026-03-02 14:25:30+00:00,,,,,,,,0.79,0.79,,0.0,0,False
2026-03-02 14:26:00+00:00,,,,,,,,0.79,0.79,,0.0,0,False
2026-03-02 14:26:30+00:00,,,,,,,,0.79,0.79,,0.0,0,False
2026-03-02 14:27:00+00:00,,,,,,,,0.79,0.79,,0.0,0,False
2026-03-02 14:27:30+00:00,,,,,,,,0.79,0.79,,1.0,1,False
2026-03-02 14:28:00+00:00,,,,,,,,0.79,0.79,,0.0,0,False
2026-03-02 14:28:30+00:00,,,,,,,,0.79,0.79,,1.0,1,False
2026-03-02 14:29:00+00:00,,,,,,,,0.79,0.79,,0.0,0,False
2026-03-02 14:29:30+00:00,,,,,,,,0.79,0.79,,0.0,0,False
2026-03-02 14:30:00+00:00,,,,,,,,0.79,0.79,,100.0,1,False
2026-03-02 14:30:30+00:00,,,,,,,,0.79,0.79,,0.0,0,False
2026-03-02 14:31:00+00:00,,,,,,,,0.79,0.79,,0.0,0,False
2026-03-02 14:31:30+00:00,,,,,,,,0.79,0.79,,0.0,0,False
2026-03-02 14:32:00+00:00,,,,,,,,0.79,0.79,,0.0,0,False
2026-03-02 14:32:30+00:00,,,,,,,,0.79,0.79,,0.0,0,False
2026-03-02 14:33:00+00:00,,,,,,,,0.79,0.79,,0.0,0,False
2026-03-02 14:33:30+00:00,,,,,,,,0.79,0.79,,0.0,0,False
2026-03-02 14:34:00+00:00,,,,,,,,0.79,0.79,,0.0,0,False
2026-03-02 14:34:30+00:00,,,,,,,,0.79,0.79,,0.0,0,False
2026-03-02 14:35:00+00:00,,,,,,,,0.79,0.79,,0.0,0,False
2026-03-02 14:35:30+00:00,,,,,,,,0.79,0.79,,0.0,0,False
2026-03-02 14:36:00+00:00,,,,,,,,0.79,0.79,,0.0,0,False
2026-03-02 14:36:30+00:00,,,,,,,,0.79,0.79,,0.0,0,False
2026-03-02 14:37:00+00:00,,,,,,,,0.79,0.79,,0.0,0,False
2026-03-02 14:37:30+00:00,,,,,,,,0.79,0.79,,0.0,0,False
2026-03-02 14:38:00+00:00,,,,,,,,0.78,0.78,,125.0,1,False
2026-03-02 14:38:30+00:00,,,,,,,,0.78,0.78,,0.0,0,False
2026-03-02 14:39:00+00:00,,,,,,,,0.78,0.78,,0.0,0,False
2026-03-02 14:39:30+00:00,,,,,,,,0.78,0.78,,0.0,0,False
2026-03-02 14:40:00+00:00,,,,,,,,0.78,0.78,,0.0,0,False
2026-03-02 14:40:30+00:00,,,,,,,,0.78,0.78,,0.0,0,False
2026-03-02 14:41:00+00:00,,,,,,,,0.78,0.78,,0.0,0,False
2026-03-02 14:41:30+00:00,,,,,,,,0.78,0.78,,0.0,0,False
2026-03-02 14:42:00+00:00,,,,,,,,0.78,0.78,,0.0,0,False
2026-03-02 14:42:30+00:00,,,,,,,,0.78,0.78,,0.0,0,False
2026-03-02 14:43:00+00:00,,,,,,,,0.78,0.78,,0.0,0,False
2026-03-02 14:43:30+00:00,,,,,,,,0.78,0.78,,18.0,1,False
2026-03-02 14:44:00+00:00,,,,,,,,0.78,0.78,,0.0,0,False
2026-03-02 14:44:30+00:00,,,,,,,,0.78,0.78,,0.0,0,False
2026-03-02 14:45:00+00:00,,,,,,,,0.78,0.78,,0.0,0,False
2026-03-02 14:45:30+00:00,,,,,,,,0.7600000000000001,0.76,,3.0,1,False
2026-03-02 14:46:00+00:00,,,,,,,,0.7600000000000001,0.76,,0.0,0,False
2026-03-02 14:46:30+00:00,,,,,,,,0.7600000000000001,0.76,,0.0,0,False
2026-03-02 14:47:00+00:00,,,,,,,,0.7600000000000001,0.76,,0.0,0,False
2026-03-02 14:47:30+00:00,,,,,,,,0.7600000000000001,0.76,,0.0,0,False
2026-03-02 14:48:00+00:00,,,,,,,,0.7600000000000001,0.76,,0.0,0,False
2026-03-02 14:48:30+00:00,,,,,,,,0.7600000000000001,0.76,,0.0,0,False
2026-03-02 14:49:00+00:00,,,,,,,,0.7600000000000001,0.76,,0.0,0,False
2026-03-02 14:49:30+00:00,,,,,,,,0.7600000000000001,0.76,,0.0,0,False
2026-03-02 14:50:00+00:00,,,,,,,,0.7600000000000001,0.76,,0.0,0,False
2026-03-02 14:50:30+00:00,,,,,,,,0.7600000000000001,0.76,,0.0,0,False
2026-03-02 14:51:00+00:00,,,,,,,,0.7600000000000001,0.76,,0.0,0,False
2026-03-02 14:51:30+00:00,,,,,,,,0.7600000000000001,0.76,,0.0,0,False
2026-03-02 14:52:00+00:00,,,,,,,,0.7600000000000001,0.76,,0.0,0,False
2026-03-02 14:52:30+00:00,,,,,,,,0.7600000000000001,0.76,,0.0,0,False
2026-03-02 14:53:00+00:00,,,,,,,,0.7600000000000001,0.76,,0.0,0,False
2026-03-02 14:53:30+00:00,,,,,,,,0.7600000000000001,0.76,,0.0,0,False
2026-03-02 14:54:00+00:00,,,,,,,,0.7600000000000001,0.76,,0.0,0,False
2026-03-02 14:54:30+00:00,,,,,,,,0.7600000000000001,0.76,,0.0,0,False
2026-03-02 14:55:00+00:00,,,,,,,,0.7600000000000001,0.76,,0.0,0,False
2026-03-02 14:55:30+00:00,,,,,,,,0.7600000000000001,0.76,,0.0,0,False
2026-03-02 14:56:00+00:00,,,,,,,,0.7600000000000001,0.76,,0.0,0,False
2026-03-02 14:56:30+00:00,,,,,,,,0.7600000000000001,0.76,,0.0,0,False
2026-03-02 14:57:00+00:00,,,,,,,,0.7600000000000001,0.76,,0.0,0,False
2026-03-02 14:57:30+00:00,,,,,,,,0.7600000000000001,0.76,,0.0,0,False
2026-03-02 14:58:00+00:00,,,,,,,,0.7600000000000001,0.76,,0.0,0,False
2026-03-02 14:58:30+00:00,,,,,,,,0.7600000000000001,0.76,,0.0,0,False
2026-03-02 14:59:00+00:00,,,,,,,,0.7600000000000001,0.76,,0.0,0,False
2026-03-02 14:59:30+00:00,,,,,,,,0.7600000000000001,0.76,,0.0,0,False
2026-03-02 15:00:00+00:00,,,,,,,,0.7600000000000001,0.76,,0.0,0,False
2026-03-02 15:00:30+00:00,,,,,,,,0.7600000000000001,0.76,,0.0,0,False
2026-03-02 15:01:00+00:00,,,,,,,,0.7600000000000001,0.76,,0.0,0,False
2026-03-02 15:01:30+00:00,,,,,,,,0.7600000000000001,0.76,,0.0,0,False
2026-03-02 15:02:00+00:00,,,,,,,,0.7600000000000001,0.76,,0.0,0,False
2026-03-02 15:02:30+00:00,,,,,,,,0.7600000000000001,0.76,,0.0,0,False
2026-03-02 15:03:00+00:00,,,,,,,,0.7600000000000001,0.76,,0.0,0,False
2026-03-02 15:03:30+00:00,,,,,,,,0.7600000000000001,0.76,,0.0,0,False
2026-03-02 15:04:00+00:00,,,,,,,,0.76,0.76,,76.0,1,False
2026-03-02 15:04:30+00:00,,,,,,,,0.76,0.76,,0.0,0,False
2026-03-02 15:05:00+00:00,,,,,,,,0.76,0.76,,0.0,0,False
2026-03-02 15:05:30+00:00,,,,,,,,0.76,0.76,,0.0,0,False
2026-03-02 15:06:00+00:00,,,,,,,,0.76,0.76,,0.0,0,False
2026-03-02 15:06:30+00:00,,,,,,,,0.76,0.76,,0.0,0,False
2026-03-02 15:07:00+00:00,,,,,,,,0.76,0.76,,0.0,0,False
2026-03-02 15:07:30+00:00,,,,,,,,0.76,0.76,,0.0,0,False
2026-03-02 15:08:00+00:00,,,,,,,,0.76,0.76,,0.0,0,False
2026-03-02 15:08:30+00:00,,,,,,,,0.76,0.76,,0.0,0,False
2026-03-02 15:09:00+00:00,,,,,,,,0.76,0.76,,0.0,0,False
2026-03-02 15:09:30+00:00,,,,,,,,0.76,0.76,,0.0,0,False
2026-03-02 15:10:00+00:00,,,,,,,,0.76,0.76,,0.0,0,False
2026-03-02 15:10:30+00:00,,,,,,,,0.76,0.76,,0.0,0,False
2026-03-02 15:11:00+00:00,,,,,,,,0.7879200000000001,0.78,,250.0,2,False
2026-03-02 15:11:30+00:00,,,,,,,,0.7879200000000001,0.78,,0.0,0,False
2026-03-02 15:12:00+00:00,,,,,,,,0.7879200000000001,0.78,,0.0,0,False
2026-03-02 15:12:30+00:00,,,,,,,,0.78,0.78,,4.0,1,False
2026-03-02 15:13:00+00:00,,,,,,,,0.78,0.78,,0.0,0,False
2026-03-02 15:13:30+00:00,,,,,,,,0.78,0.78,,0.0,0,False
2026-03-02 15:14:00+00:00,,,,,,,,0.78,0.78,,0.0,0,False
2026-03-02 15:14:30+00:00,,,,,,,,0.78,0.78,,0.0,0,False
2026-03-02 15:15:00+00:00,,,,,,,,0.76,0.76,,1.0,1,False
2026-03-02 15:15:30+00:00,,,,,,,,0.76,0.76,,1000.0,2,False
2026-03-02 15:16:00+00:00,,,,,,,,0.76,0.76,,0.0,0,False
2026-03-02 15:16:30+00:00,,,,,,,,0.76,0.76,,0.0,0,False
2026-03-02 15:17:00+00:00,,,,,,,,0.76,0.76,,0.0,0,False
2026-03-02 15:17:30+00:00,,,,,,,,0.7900000000000001,0.79,,11.0,1,False
2026-03-02 15:18:00+00:00,,,,,,,,0.7900000000000001,0.79,,0.0,0,False
2026-03-02 15:18:30+00:00,,,,,,,,0.7900000000000001,0.79,,0.0,0,False
2026-03-02 15:19:00+00:00,,,,,,,,0.7900000000000001,0.79,,0.0,0,False
2026-03-02 15:19:30+00:00,,,,,,,,0.7900000000000001,0.79,,0.0,0,False
2026-03-02 15:20:00+00:00,,,,,,,,0.7900000000000001,0.79,,0.0,0,False
2026-03-02 15:20:30+00:00,,,,,,,,0.7900000000000001,0.79,,0.0,0,False
2026-03-02 15:21:00+00:00,,,,,,,,0.7900000000000001,0.79,,0.0,0,False
2026-03-02 15:21:30+00:00,,,,,,,,0.7900000000000001,0.79,,0.0,0,False
2026-03-02 15:22:00+00:00,,,,,,,,0.7900000000000001,0.79,,0.0,0,False
2026-03-02 15:22:30+00:00,,,,,,,,0.7900000000000001,0.79,,0.0,0,False
2026-03-02 15:23:00+00:00,,,,,,,,0.7900000000000001,0.79,,0.0,0,False
2026-03-02 15:23:30+00:00,,,,,,,,0.7900000000000001,0.79,,0.0,0,False
2026-03-02 15:24:00+00:00,,,,,,,,0.7900000000000001,0.79,,0.0,0,False
2026-03-02 15:24:30+00:00,,,,,,,,0.7900000000000001,0.79,,0.0,0,False
2026-03-02 15:25:00+00:00,,,,,,,,0.7900000000000001,0.79,,0.0,0,False
2026-03-02 15:25:30+00:00,,,,,,,,0.7900000000000001,0.79,,0.0,0,False
2026-03-02 15:26:00+00:00,,,,,,,,0.79,0.79,,1.0,1,False
2026-03-02 15:26:30+00:00,,,,,,,,0.79,0.79,,0.0,0,False
2026-03-02 15:27:00+00:00,,,,,,,,0.79,0.79,,0.0,0,False
2026-03-02 15:27:30+00:00,,,,,,,,0.79,0.79,,123.0,1,False
2026-03-02 15:28:00+00:00,,,,,,,,0.79,0.79,,0.0,0,False
2026-03-02 15:28:30+00:00,,,,,,,,0.79,0.79,,0.0,0,False
2026-03-02 15:29:00+00:00,,,,,,,,0.79,0.79,,0.0,0,False
2026-03-02 15:29:30+00:00,,,,,,,,0.79,0.79,,0.0,0,False
2026-03-02 15:30:00+00:00,,,,,,,,0.79,0.79,,0.0,0,False
2026-03-02 15:30:30+00:00,,,,,,,,0.79,0.79,,0.0,0,False
2026-03-02 15:31:00+00:00,,,,,,,,0.79,0.79,,10.0,1,False
2026-03-02 15:31:30+00:00,,,,,,,,0.79,0.79,,0.0,0,False
2026-03-02 15:32:00+00:00,,,,,,,,0.79,0.79,,0.0,0,False
2026-03-02 15:32:30+00:00,,,,,,,,0.79,0.79,,0.0,0,False
2026-03-02 15:33:00+00:00,,,,,,,,0.79,0.79,,0.0,0,False
2026-03-02 15:33:30+00:00,,,,,,,,0.79,0.79,,0.0,0,False
2026-03-02 15:34:00+00:00,,,,,,,,0.79,0.79,,0.0,0,False
2026-03-02 15:34:30+00:00,,,,,,,,0.79,0.79,,0.0,0,False
2026-03-02 15:35:00+00:00,,,,,,,,0.79,0.79,,0.0,0,False
2026-03-02 15:35:30+00:00,,,,,,,,0.79,0.79,,0.0,0,False
2026-03-02 15:36:00+00:00,,,,,,,,0.79,0.79,,0.0,0,False
2026-03-02 15:36:30+00:00,,,,,,,,0.79,0.79,,0.0,0,False
2026-03-02 15:37:00+00:00,,,,,,,,0.79,0.79,,0.0,0,False
2026-03-02 15:37:30+00:00,,,,,,,,0.79,0.79,,0.0,0,False
2026-03-02 15:38:00+00:00,,,,,,,,0.79,0.79,,0.0,0,False
2026-03-02 15:38:30+00:00,,,,,,,,0.79,0.79,,37.0,1,False
2026-03-02 15:39:00+00:00,,,,,,,,0.79,0.79,,0.0,0,False
2026-03-02 15:39:30+00:00,,,,,,,,0.79,0.79,,0.0,0,False
2026-03-02 15:40:00+00:00,,,,,,,,0.79,0.79,,0.0,0,False
2026-03-02 15:40:30+00:00,,,,,,,,0.79,0.79,,0.0,0,False
2026-03-02 15:41:00+00:00,,,,,,,,0.79,0.79,,0.0,0,False
2026-03-02 15:41:30+00:00,,,,,,,,0.79,0.79,,0.0,0,False
2026-03-02 15:42:00+00:00,,,,,,,,0.79,0.79,,0.0,0,False
2026-03-02 15:42:30+00:00,,,,,,,,0.79,0.79,,0.0,0,False
2026-03-02 15:43:00+00:00,,,,,,,,0.79,0.79,,0.0,0,False
2026-03-02 15:43:30+00:00,,,,,,,,0.7799999999999999,0.78,,12.0,1,False
2026-03-02 15:44:00+00:00,,,,,,,,0.7799999999999999,0.78,,0.0,0,False
2026-03-02 15:44:30+00:00,,,,,,,,0.7799999999999999,0.78,,0.0,0,False
2026-03-02 15:45:00+00:00,,,,,,,,0.7799999999999999,0.78,,0.0,0,False
2026-03-02 15:45:30+00:00,,,,,,,,0.7799999999999999,0.78,,0.0,0,False
2026-03-02 15:46:00+00:00,,,,,,,,0.7799999999999999,0.78,,12.0,1,False
2026-03-02 15:46:30+00:00,,,,,,,,0.7799999999999999,0.78,,0.0,0,False
2026-03-02 15:47:00+00:00,,,,,,,,0.7872727272727272,0.76,,11.0,2,False
2026-03-02 15:47:30+00:00,,,,,,,,0.7872727272727272,0.76,,0.0,0,False
2026-03-02 15:48:00+00:00,,,,,,,,0.7872727272727272,0.76,,0.0,0,False
2026-03-02 15:48:30+00:00,,,,,,,,0.7872727272727272,0.76,,0.0,0,False
2026-03-02 15:49:00+00:00,,,,,,,,0.7872727272727272,0.76,,0.0,0,False
2026-03-02 15:49:30+00:00,,,,,,,,0.7872727272727272,0.76,,0.0,0,False
2026-03-02 15:50:00+00:00,,,,,,,,0.7872727272727272,0.76,,0.0,0,False
2026-03-02 15:50:30+00:00,,,,,,,,0.7872727272727272,0.76,,0.0,0,False
2026-03-02 15:51:00+00:00,,,,,,,,0.7872727272727272,0.76,,0.0,0,False
2026-03-02 15:51:30+00:00,,,,,,,,0.79,0.79,,1.0,1,False
2026-03-02 15:52:00+00:00,,,,,,,,0.79,0.79,,0.0,0,False
2026-03-02 15:52:30+00:00,,,,,,,,0.79,0.79,,0.0,0,False
2026-03-02 15:53:00+00:00,,,,,,,,0.79,0.79,,0.0,0,False
2026-03-02 15:53:30+00:00,,,,,,,,0.79,0.79,,0.0,0,False
2026-03-02 15:54:00+00:00,,,,,,,,0.79,0.79,,0.0,0,False
2026-03-02 15:54:30+00:00,,,,,,,,0.79,0.79,,0.0,0,False
2026-03-02 15:55:00+00:00,,,,,,,,0.79,0.79,,0.0,0,False
2026-03-02 15:55:30+00:00,,,,,,,,0.79,0.79,,0.0,0,False
2026-03-02 15:56:00+00:00,,,,,,,,0.79,0.79,,0.0,0,False
2026-03-02 15:56:30+00:00,,,,,,,,0.79,0.79,,0.0,0,False
2026-03-02 15:57:00+00:00,,,,,,,,0.79,0.79,,0.0,0,False
2026-03-02 15:57:30+00:00,,,,,,,,0.79,0.79,,0.0,0,False
2026-03-02 15:58:00+00:00,,,,,,,,0.79,0.79,,0.0,0,False
2026-03-02 15:58:30+00:00,,,,,,,,0.79,0.79,,0.0,0,False
2026-03-02 15:59:00+00:00,,,,,,,,0.79,0.79,,0.0,0,False
2026-03-02 15:59:30+00:00,,,,,,,,0.79,0.79,,0.0,0,False
2026-03-02 16:00:00+00:00,,,,,,,,0.79,0.79,,0.0,0,False
2026-03-02 16:00:30+00:00,,,,,,,,0.79,0.79,,0.0,0,False
2026-03-02 16:01:00+00:00,,,,,,,,0.79,0.79,,0.0,0,False
2026-03-02 16:01:30+00:00,,,,,,,,0.79,0.79,,0.0,0,False
2026-03-02 16:02:00+00:00,,,,,,,,0.79,0.79,,0.0,0,False
2026-03-02 16:02:30+00:00,,,,,,,,0.79,0.79,,0.0,0,False
2026-03-02 16:03:00+00:00,,,,,,,,0.79,0.79,,0.0,0,False
2026-03-02 16:03:30+00:00,,,,,,,,0.79,0.79,,0.0,0,False
2026-03-02 16:04:00+00:00,,,,,,,,0.79,0.79,,0.0,0,False
2026-03-02 16:04:30+00:00,,,,,,,,0.79,0.79,,0.0,0,False
2026-03-02 16:05:00+00:00,,,,,,,,0.79,0.79,,0.0,0,False
2026-03-02 16:05:30+00:00,,,,,,,,0.79,0.79,,0.0,0,False
2026-03-02 16:06:00+00:00,,,,,,,,0.79,0.79,,0.0,0,False
2026-03-02 16:06:30+00:00,,,,,,,,0.79,0.79,,0.0,0,False
2026-03-02 16:07:00+00:00,,,,,,,,0.79,0.79,,0.0,0,False
2026-03-02 16:07:30+00:00,,,,,,,,0.78,0.78,,1.0,1,False
2026-03-02 16:08:00+00:00,,,,,,,,0.78,0.78,,0.0,0,False
2026-03-02 16:08:30+00:00,,,,,,,,0.78,0.78,,0.0,0,False
2026-03-02 16:09:00+00:00,,,,,,,,0.78,0.78,,0.0,0,False
2026-03-02 16:09:30+00:00,,,,,,,,0.78,0.78,,0.0,0,False
2026-03-02 16:10:00+00:00,,,,,,,,0.78,0.78,,0.0,0,False
2026-03-02 16:10:30+00:00,,,,,,,,0.78,0.78,,0.0,0,False
2026-03-02 16:11:00+00:00,,,,,,,,0.78,0.78,,0.0,0,False
2026-03-02 16:11:30+00:00,,,,,,,,0.76,0.76,,19.0,1,False
2026-03-02 16:12:00+00:00,,,,,,,,0.76,0.76,,0.0,0,False
2026-03-02 16:12:30+00:00,,,,,,,,0.76,0.76,,0.0,0,False
2026-03-02 16:13:00+00:00,,,,,,,,0.76,0.76,,0.0,0,False
2026-03-02 16:13:30+00:00,,,,,,,,0.76,0.76,,0.0,0,False
2026-03-02 16:14:00+00:00,,,,,,,,0.76,0.76,,0.0,0,False
2026-03-02 16:14:30+00:00,,,,,,,,0.76,0.76,,0.0,0,False
2026-03-02 16:15:00+00:00,,,,,,,,0.76,0.76,,0.0,0,False
2026-03-02 16:15:30+00:00,,,,,,,,0.76,0.76,,0.0,0,False
2026-03-02 16:16:00+00:00,,,,,,,,0.7600000000000001,0.76,,24.0,1,False
2026-03-02 16:16:30+00:00,,,,,,,,0.7600000000000001,0.76,,0.0,0,False
2026-03-02 16:17:00+00:00,,,,,,,,0.79,0.79,,12.0,1,False
2026-03-02 16:17:30+00:00,,,,,,,,0.79,0.79,,0.0,0,False
2026-03-02 16:18:00+00:00,,,,,,,,0.79,0.79,,0.0,0,False
2026-03-02 16:18:30+00:00,,,,,,,,0.79,0.79,,0.0,0,False
2026-03-02 16:19:00+00:00,,,,,,,,0.79,0.79,,0.0,0,False
2026-03-02 16:19:30+00:00,,,,,,,,0.79,0.79,,0.0,0,False
2026-03-02 16:20:00+00:00,,,,,,,,0.7599999999999999,0.76,,11.0,1,False
2026-03-02 16:20:30+00:00,,,,,,,,0.7599999999999999,0.76,,0.0,0,False
2026-03-02 16:21:00+00:00,,,,,,,,0.7599999999999999,0.76,,0.0,0,False
2026-03-02 16:21:30+00:00,,,,,,,,0.7599999999999999,0.76,,0.0,0,False
2026-03-02 16:22:00+00:00,,,,,,,,0.7599999999999999,0.76,,0.0,0,False
2026-03-02 16:22:30+00:00,,,,,,,,0.79,0.79,,100.0,1,False
2026-03-02 16:23:00+00:00,,,,,,,,0.79,0.79,,0.0,0,False
2026-03-02 16:23:30+00:00,,,,,,,,0.79,0.79,,24.0,1,False
2026-03-02 16:24:00+00:00,,,,,,,,0.79,0.79,,0.0,0,False
2026-03-02 16:24:30+00:00,,,,,,,,0.79,0.79,,0.0,0,False
2026-03-02 16:25:00+00:00,,,,,,,,0.79,0.79,,0.0,0,False
2026-03-02 16:25:30+00:00,,,,,,,,0.79,0.79,,0.0,0,False
2026-03-02 16:26:00+00:00,,,,,,,,0.79,0.79,,12.0,1,False
2026-03-02 16:26:30+00:00,,,,,,,,0.79,0.79,,0.0,0,False
2026-03-02 16:27:00+00:00,,,,,,,,0.79,0.79,,0.0,0,False
2026-03-02 16:27:30+00:00,,,,,,,,0.79,0.79,,0.0,0,False
2026-03-02 16:28:00+00:00,,,,,,,,0.79,0.79,,0.0,0,False
2026-03-02 16:28:30+00:00,,,,,,,,0.79,0.79,,0.0,0,False
2026-03-02 16:29:00+00:00,,,,,,,,0.79,0.79,,12.0,1,False
2026-03-02 16:29:30+00:00,,,,,,,,0.79,0.79,,0.0,0,False
2026-03-02 16:30:00+00:00,,,,,,,,0.79,0.79,,0.0,0,False
2026-03-02 16:30:30+00:00,,,,,,,,0.79,0.79,,0.0,0,False
2026-03-02 16:31:00+00:00,,,,,,,,0.79,0.79,,0.0,0,False
2026-03-02 16:31:30+00:00,,,,,,,,0.79,0.79,,0.0,0,False
2026-03-02 16:32:00+00:00,,,,,,,,0.79,0.79,,0.0,0,False
2026-03-02 16:32:30+00:00,,,,,,,,0.79,0.79,,0.0,0,False
2026-03-02 16:33:00+00:00,,,,,,,,0.79,0.79,,0.0,0,False
2026-03-02 16:33:30+00:00,,,,,,,,0.79,0.79,,0.0,0,False
2026-03-02 16:34:00+00:00,,,,,,,,0.79,0.79,,0.0,0,False
2026-03-02 16:34:30+00:00,,,,,,,,0.79,0.79,,0.0,0,False
2026-03-02 16:35:00+00:00,,,,,,,,0.79,0.79,,0.0,0,False
2026-03-02 16:35:30+00:00,,,,,,,,0.79,0.79,,0.0,0,False
2026-03-02 16:36:00+00:00,,,,,,,,0.79,0.79,,0.0,0,False
2026-03-02 16:36:30+00:00,,,,,,,,0.78,0.78,,37.0,1,False
2026-03-02 16:37:00+00:00,,,,,,,,0.78,0.78,,0.0,0,False
2026-03-02 16:37:30+00:00,,,,,,,,0.78,0.78,,0.0,0,False
2026-03-02 16:38:00+00:00,,,,,,,,0.7887837837837839,0.78,,370.0,2,False
2026-03-02 16:38:30+00:00,,,,,,,,0.7887837837837839,0.78,,0.0,0,False
2026-03-02 16:39:00+00:00,,,,,,,,0.7887837837837839,0.78,,0.0,0,False
2026-03-02 16:39:30+00:00,,,,,,,,0.7887837837837839,0.78,,0.0,0,False
2026-03-02 16:40:00+00:00,,,,,,,,0.7887837837837839,0.78,,0.0,0,False
2026-03-02 16:40:30+00:00,,,,,,,,0.7887837837837839,0.78,,0.0,0,False
2026-03-02 16:41:00+00:00,,,,,,,,0.7887837837837839,0.78,,0.0,0,False
2026-03-02 16:41:30+00:00,,,,,,,,0.7887837837837839,0.78,,0.0,0,False
2026-03-02 16:42:00+00:00,,,,,,,,0.7887837837837839,0.78,,0.0,0,False
2026-03-02 16:42:30+00:00,,,,,,,,0.7887837837837839,0.78,,0.0,0,False
2026-03-02 16:43:00+00:00,,,,,,,,0.7887837837837839,0.78,,0.0,0,False
2026-03-02 16:43:30+00:00,,,,,,,,0.7887837837837839,0.78,,0.0,0,False
2026-03-02 16:44:00+00:00,,,,,,,,0.7887837837837839,0.78,,0.0,0,False
2026-03-02 16:44:30+00:00,,,,,,,,0.7887837837837839,0.78,,0.0,0,False
2026-03-02 16:45:00+00:00,,,,,,,,0.7887837837837839,0.78,,0.0,0,False
2026-03-02 16:45:30+00:00,,,,,,,,0.79,0.79,,6.0,1,False
2026-03-02 16:46:00+00:00,,,,,,,,0.79,0.79,,0.0,0,False
2026-03-02 16:46:30+00:00,,,,,,,,0.79,0.79,,0.0,0,False
2026-03-02 16:47:00+00:00,,,,,,,,0.79,0.79,,0.0,0,False
2026-03-02 16:47:30+00:00,,,,,,,,0.79,0.79,,0.0,0,False
2026-03-02 16:48:00+00:00,,,,,,,,0.7600000000000001,0.76,,3.0,1,False
2026-03-02 16:48:30+00:00,,,,,,,,0.7600000000000001,0.76,,0.0,0,False
2026-03-02 16:49:00+00:00,,,,,,,,0.7600000000000001,0.76,,0.0,0,False
2026-03-02 16:49:30+00:00,,,,,,,,0.7600000000000001,0.76,,0.0,0,False
2026-03-02 16:50:00+00:00,,,,,,,,0.7600000000000001,0.76,,0.0,0,False
2026-03-02 16:50:30+00:00,,,,,,,,0.7600000000000001,0.76,,0.0,0,False
2026-03-02 16:51:00+00:00,,,,,,,,0.7600000000000001,0.76,,0.0,0,False
2026-03-02 16:51:30+00:00,,,,,,,,0.7600000000000001,0.76,,0.0,0,False
2026-03-02 16:52:00+00:00,,,,,,,,0.7600000000000001,0.76,,0.0,0,False
2026-03-02 16:52:30+00:00,,,,,,,,0.7600000000000001,0.76,,0.0,0,False
2026-03-02 16:53:00+00:00,,,,,,,,0.76,0.76,,4.0,1,False
2026-03-02 16:53:30+00:00,,,,,,,,0.76,0.76,,0.0,0,False
2026-03-02 16:54:00+00:00,,,,,,,,0.76,0.76,,0.0,0,False
2026-03-02 16:54:30+00:00,,,,,,,,0.76,0.76,,0.0,0,False
2026-03-02 16:55:00+00:00,,,,,,,,0.76,0.76,,0.0,0,False
2026-03-02 16:55:30+00:00,,,,,,,,0.76,0.76,,0.0,0,False
2026-03-02 16:56:00+00:00,,,,,,,,0.76,0.76,,0.0,0,False
2026-03-02 16:56:30+00:00,,,,,,,,0.76,0.76,,0.0,0,False
2026-03-02 16:57:00+00:00,,,,,,,,0.76,0.76,,0.0,0,False
2026-03-02 16:57:30+00:00,,,,,,,,0.76,0.76,,0.0,0,False
2026-03-02 16:58:00+00:00,,,,,,,,0.76,0.76,,0.0,0,False
2026-03-02 16:58:30+00:00,,,,,,,,0.76,0.76,,0.0,0,False
2026-03-02 16:59:00+00:00,,,,,,,,0.76,0.76,,0.0,0,False
2026-03-02 16:59:30+00:00,,,,,,,,0.76,0.76,,0.0,0,False
2026-03-02 17:00:00+00:00,,,,,,,,0.76,0.76,,0.0,0,False
2026-03-02 17:00:30+00:00,,,,,,,,0.76,0.76,,0.0,0,False
2026-03-02 17:01:00+00:00,,,,,,,,0.76,0.76,,0.0,0,False
2026-03-02 17:01:30+00:00,,,,,,,,0.76,0.76,,0.0,0,False
2026-03-02 17:02:00+00:00,,,,,,,,0.76,0.76,,0.0,0,False
2026-03-02 17:02:30+00:00,,,,,,,,0.76,0.76,,0.0,0,False
2026-03-02 17:03:00+00:00,,,,,,,,0.76,0.76,,0.0,0,False
2026-03-02 17:03:30+00:00,,,,,,,,0.76,0.76,,0.0,0,False
2026-03-02 17:04:00+00:00,,,,,,,,0.76,0.76,,0.0,0,False
2026-03-02 17:04:30+00:00,,,,,,,,0.76,0.76,,0.0,0,False
2026-03-02 17:05:00+00:00,,,,,,,,0.76,0.76,,0.0,0,False
2026-03-02 17:05:30+00:00,,,,,,,,0.76,0.76,,0.0,0,False
2026-03-02 17:06:00+00:00,,,,,,,,0.76,0.76,,0.0,0,False
2026-03-02 17:06:30+00:00,,,,,,,,0.79,0.79,,137.0,1,False
2026-03-02 17:07:00+00:00,,,,,,,,0.79,0.79,,0.0,0,False
2026-03-02 17:07:30+00:00,,,,,,,,0.79,0.79,,0.0,0,False
2026-03-02 17:08:00+00:00,,,,,,,,0.79,0.79,,0.0,0,False
2026-03-02 17:08:30+00:00,,,,,,,,0.79,0.79,,0.0,0,False
2026-03-02 17:09:00+00:00,,,,,,,,0.79,0.79,,0.0,0,False
2026-03-02 17:09:30+00:00,,,,,,,,0.79,0.79,,0.0,0,False
2026-03-02 17:10:00+00:00,,,,,,,,0.79,0.79,,5.0,1,False
2026-03-02 17:10:30+00:00,,,,,,,,0.79,0.79,,0.0,0,False
2026-03-02 17:11:00+00:00,,,,,,,,0.79,0.79,,0.0,0,False
2026-03-02 17:11:30+00:00,,,,,,,,0.79,0.79,,0.0,0,False
2026-03-02 17:12:00+00:00,,,,,,,,0.79,0.79,,0.0,0,False
2026-03-02 17:12:30+00:00,,,,,,,,0.79,0.79,,0.0,0,False
2026-03-02 17:13:00+00:00,,,,,,,,0.79,0.79,,0.0,0,False
2026-03-02 17:13:30+00:00,,,,,,,,0.79,0.79,,0.0,0,False
2026-03-02 17:14:00+00:00,,,,,,,,0.79,0.79,,0.0,0,False
2026-03-02 17:14:30+00:00,,,,,,,,0.79,0.79,,0.0,0,False
2026-03-02 17:15:00+00:00,,,,,,,,0.79,0.79,,0.0,0,False
2026-03-02 17:15:30+00:00,,,,,,,,0.79,0.79,,0.0,0,False
2026-03-02 17:16:00+00:00,,,,,,,,0.79,0.79,,0.0,0,False
2026-03-02 17:16:30+00:00,,,,,,,,0.79,0.79,,0.0,0,False
2026-03-02 17:17:00+00:00,,,,,,,,0.79,0.79,,0.0,0,False
2026-03-02 17:17:30+00:00,,,,,,,,0.79,0.79,,0.0,0,False
2026-03-02 17:18:00+00:00,,,,,,,,0.79,0.79,,0.0,0,False
2026-03-02 17:18:30+00:00,,,,,,,,0.79,0.79,,0.0,0,False
2026-03-02 17:19:00+00:00,,,,,,,,0.79,0.79,,0.0,0,False
2026-03-02 17:19:30+00:00,,,,,,,,0.79,0.79,,0.0,0,False
2026-03-02 17:20:00+00:00,,,,,,,,0.79,0.79,,0.0,0,False
2026-03-02 17:20:30+00:00,,,,,,,,0.79,0.79,,0.0,0,False
2026-03-02 17:21:00+00:00,,,,,,,,0.79,0.79,,0.0,0,False
2026-03-02 17:21:30+00:00,,,,,,,,0.79,0.79,,0.0,0,False
2026-03-02 17:22:00+00:00,,,,,,,,0.79,0.79,,0.0,0,False
2026-03-02 17:22:30+00:00,,,,,,,,0.79,0.79,,0.0,0,False
2026-03-02 17:23:00+00:00,,,,,,,,0.79,0.79,,0.0,0,False
2026-03-02 17:23:30+00:00,,,,,,,,0.79,0.79,,0.0,0,False
2026-03-02 17:24:00+00:00,,,,,,,,0.79,0.79,,0.0,0,False
2026-03-02 17:24:30+00:00,,,,,,,,0.79,0.79,,0.0,0,False
2026-03-02 17:25:00+00:00,,,,,,,,0.79,0.79,,0.0,0,False
2026-03-02 17:25:30+00:00,,,,,,,,0.79,0.79,,0.0,0,False
2026-03-02 17:26:00+00:00,,,,,,,,0.79,0.79,,2.0,1,False
2026-03-02 17:26:30+00:00,,,,,,,,0.79,0.79,,0.0,0,False
2026-03-02 17:27:00+00:00,,,,,,,,0.79,0.79,,0.0,0,False
2026-03-02 17:27:30+00:00,,,,,,,,0.79,0.79,,0.0,0,False
2026-03-02 17:28:00+00:00,,,,,,,,0.77,0.77,,1.0,1,False
2026-03-02 17:28:30+00:00,,,,,,,,0.77,0.77,,0.0,0,False
2026-03-02 17:29:00+00:00,,,,,,,,0.77,0.77,,0.0,0,False
2026-03-02 17:29:30+00:00,,,,,,,,0.77,0.77,,0.0,0,False
2026-03-02 17:30:00+00:00,,,,,,,,0.77,0.77,,0.0,0,False
2026-03-02 17:30:30+00:00,,,,,,,,0.77,0.77,,0.0,0,False
2026-03-02 17:31:00+00:00,,,,,,,,0.77,0.77,,0.0,0,False
2026-03-02 17:31:30+00:00,,,,,,,,0.77,0.77,,0.0,0,False
2026-03-02 17:32:00+00:00,,,,,,,,0.7900000000000001,0.79,,15.0,1,False
2026-03-02 17:32:30+00:00,,,,,,,,0.7900000000000001,0.79,,0.0,0,False
2026-03-02 17:33:00+00:00,,,,,,,,0.7900000000000001,0.79,,0.0,0,False
2026-03-02 17:33:30+00:00,,,,,,,,0.7900000000000001,0.79,,0.0,0,False
2026-03-02 17:34:00+00:00,,,,,,,,0.7900000000000001,0.79,,0.0,0,False
2026-03-02 17:34:30+00:00,,,,,,,,0.79,0.79,,2.0,1,False
2026-03-02 17:35:00+00:00,,,,,,,,0.79,0.79,,1.0,1,False
2026-03-02 17:35:30+00:00,,,,,,,,0.79,0.79,,12.0,1,False
2026-03-02 17:36:00+00:00,,,,,,,,0.79,0.79,,62.0,1,False
2026-03-02 17:36:30+00:00,,,,,,,,0.79,0.79,,0.0,0,False
2026-03-02 17:37:00+00:00,,,,,,,,0.79,0.79,,0.0,0,False
2026-03-02 17:37:30+00:00,,,,,,,,0.79,0.79,,0.0,0,False
2026-03-02 17:38:00+00:00,,,,,,,,0.79,0.79,,0.0,0,False
2026-03-02 17:38:30+00:00,,,,,,,,0.79,0.79,,0.0,0,False
2026-03-02 17:39:00+00:00,,,,,,,,0.79,0.79,,0.0,0,False
2026-03-02 17:39:30+00:00,,,,,,,,0.79,0.79,,0.0,0,False
2026-03-02 17:40:00+00:00,,,,,,,,0.79,0.79,,0.0,0,False
2026-03-02 17:40:30+00:00,,,,,,,,0.79,0.79,,0.0,0,False
2026-03-02 17:41:00+00:00,,,,,,,,0.79,0.79,,0.0,0,False
2026-03-02 17:41:30+00:00,,,,,,,,0.79,0.79,,0.0,0,False
2026-03-02 17:42:00+00:00,,,,,,,,0.79,0.79,,0.0,0,False
2026-03-02 17:42:30+00:00,,,,,,,,0.79,0.79,,0.0,0,False
2026-03-02 17:43:00+00:00,,,,,,,,0.79,0.79,,0.0,0,False
2026-03-02 17:43:30+00:00,,,,,,,,0.79,0.79,,0.0,0,False
2026-03-02 17:44:00+00:00,,,,,,,,0.79,0.79,,0.0,0,False
2026-03-02 17:44:30+00:00,,,,,,,,0.79,0.79,,0.0,0,False
2026-03-02 17:45:00+00:00,,,,,,,,0.79,0.79,,0.0,0,False
2026-03-02 17:45:30+00:00,,,,,,,,0.79,0.79,,0.0,0,False
2026-03-02 17:46:00+00:00,,,,,,,,0.79,0.79,,0.0,0,False
2026-03-02 17:46:30+00:00,,,,,,,,0.79,0.79,,0.0,0,False
2026-03-02 17:47:00+00:00,,,,,,,,0.79,0.79,,0.0,0,False
2026-03-02 17:47:30+00:00,,,,,,,,0.76,0.76,,19.0,1,False
2026-03-02 17:48:00+00:00,,,,,,,,0.76,0.76,,0.0,0,False
2026-03-02 17:48:30+00:00,,,,,,,,0.76,0.76,,0.0,0,False
2026-03-02 17:49:00+00:00,,,,,,,,0.76,0.76,,0.0,0,False
2026-03-02 17:49:30+00:00,,,,,,,,0.77,0.77,,10.0,1,False
2026-03-02 17:50:00+00:00,,,,,,,,0.77,0.77,,0.0,0,False
2026-03-02 17:50:30+00:00,,,,,,,,0.77,0.77,,0.0,0,False
2026-03-02 17:51:00+00:00,,,,,,,,0.77,0.77,,0.0,0,False
2026-03-02 17:51:30+00:00,,,,,,,,0.77,0.77,,0.0,0,False
2026-03-02 17:52:00+00:00,,,,,,,,0.77,0.77,,35.0,1,False
2026-03-02 17:52:30+00:00,,,,,,,,0.77,0.77,,0.0,0,False
2026-03-02 17:53:00+00:00,,,,,,,,0.77,0.77,,0.0,0,False
2026-03-02 17:53:30+00:00,,,,,,,,0.77,0.77,,0.0,0,False
2026-03-02 17:54:00+00:00,,,,,,,,0.77,0.77,,0.0,0,False
2026-03-02 17:54:30+00:00,,,,,,,,0.77,0.77,,19.0,1,False
2026-03-02 17:55:00+00:00,,,,,,,,0.77,0.77,,0.0,0,False
2026-03-02 17:55:30+00:00,,,,,,,,0.77,0.77,,0.0,0,False
2026-03-02 17:56:00+00:00,,,,,,,,0.77,0.77,,0.0,0,False
2026-03-02 17:56:30+00:00,,,,,,,,0.77,0.77,,0.0,0,False
2026-03-02 17:57:00+00:00,,,,,,,,0.77,0.77,,0.0,0,False
2026-03-02 17:57:30+00:00,,,,,,,,0.77,0.77,,0.0,0,False
2026-03-02 17:58:00+00:00,,,,,,,,0.77,0.77,,0.0,0,False
2026-03-02 17:58:30+00:00,,,,,,,,0.77,0.77,,0.0,0,False
2026-03-02 17:59:00+00:00,,,,,,,,0.77,0.77,,0.0,0,False
2026-03-02 17:59:30+00:00,,,,,,,,0.77,0.77,,0.0,0,False
2026-03-02 18:00:00+00:00,,,,,,,,0.77,0.77,,0.0,0,False
2026-03-02 18:00:30+00:00,,,,,,,,0.77,0.77,,0.0,0,False
2026-03-02 18:01:00+00:00,,,,,,,,0.77,0.77,,0.0,0,False
2026-03-02 18:01:30+00:00,,,,,,,,0.77,0.77,,0.0,0,False
2026-03-02 18:02:00+00:00,,,,,,,,0.77,0.77,,0.0,0,False
2026-03-02 18:02:30+00:00,,,,,,,,0.77,0.77,,0.0,0,False
2026-03-02 18:03:00+00:00,,,,,,,,0.77,0.77,,0.0,0,False
2026-03-02 18:03:30+00:00,,,,,,,,0.77,0.77,,0.0,0,False
2026-03-02 18:04:00+00:00,,,,,,,,0.77,0.77,,0.0,0,False
2026-03-02 18:04:30+00:00,,,,,,,,0.77,0.77,,0.0,0,False
2026-03-02 18:05:00+00:00,,,,,,,,0.77,0.77,,0.0,0,False
2026-03-02 18:05:30+00:00,,,,,,,,0.77,0.77,,0.0,0,False
2026-03-02 18:06:00+00:00,,,,,,,,0.77,0.77,,0.0,0,False
2026-03-02 18:06:30+00:00,,,,,,,,0.77,0.77,,0.0,0,False
2026-03-02 18:07:00+00:00,,,,,,,,0.77,0.77,,0.0,0,False
2026-03-02 18:07:30+00:00,,,,,,,,0.77,0.77,,0.0,0,False
2026-03-02 18:08:00+00:00,,,,,,,,0.77,0.77,,0.0,0,False
2026-03-02 18:08:30+00:00,,,,,,,,0.77,0.77,,0.0,0,False
2026-03-02 18:09:00+00:00,,,,,,,,0.77,0.77,,0.0,0,False
2026-03-02 18:09:30+00:00,,,,,,,,0.77,0.77,,0.0,0,False
2026-03-02 18:10:00+00:00,,,,,,,,0.77,0.77,,0.0,0,False
2026-03-02 18:10:30+00:00,,,,,,,,0.77,0.77,,0.0,0,False
2026-03-02 18:11:00+00:00,,,,,,,,0.77,0.77,,0.0,0,False
2026-03-02 18:11:30+00:00,,,,,,,,0.77,0.77,,0.0,0,False
2026-03-02 18:12:00+00:00,,,,,,,,0.77,0.77,,0.0,0,False
2026-03-02 18:12:30+00:00,,,,,,,,0.77,0.77,,0.0,0,False
2026-03-02 18:13:00+00:00,,,,,,,,0.77,0.77,,0.0,0,False
2026-03-02 18:13:30+00:00,,,,,,,,0.77,0.77,,5.0,1,False
2026-03-02 18:14:00+00:00,,,,,,,,0.77,0.77,,0.0,0,False
2026-03-02 18:14:30+00:00,,,,,,,,0.77,0.77,,0.0,0,False
2026-03-02 18:15:00+00:00,,,,,,,,0.77,0.77,,0.0,0,False
2026-03-02 18:15:30+00:00,,,,,,,,0.77,0.77,,0.0,0,False
2026-03-02 18:16:00+00:00,,,,,,,,0.77,0.77,,0.0,0,False
2026-03-02 18:16:30+00:00,,,,,,,,0.77,0.77,,0.0,0,False
2026-03-02 18:17:00+00:00,,,,,,,,0.77,0.77,,0.0,0,False
2026-03-02 18:17:30+00:00,,,,,,,,0.77,0.77,,0.0,0,False
2026-03-02 18:18:00+00:00,,,,,,,,0.77,0.77,,0.0,0,False
2026-03-02 18:18:30+00:00,,,,,,,,0.77,0.77,,12.0,1,False
2026-03-02 18:19:00+00:00,,,,,,,,0.77,0.77,,0.0,0,False
2026-03-02 18:19:30+00:00,,,,,,,,0.77,0.77,,0.0,0,False
2026-03-02 18:20:00+00:00,,,,,,,,0.77,0.77,,0.0,0,False
2026-03-02 18:20:30+00:00,,,,,,,,0.77,0.77,,0.0,0,False
2026-03-02 18:21:00+00:00,,,,,,,,0.77,0.77,,1.0,1,False
2026-03-02 18:21:30+00:00,,,,,,,,0.77,0.77,,0.0,0,False
2026-03-02 18:22:00+00:00,,,,,,,,0.77,0.77,,0.0,0,False
2026-03-02 18:22:30+00:00,,,,,,,,0.77,0.77,,0.0,0,False
2026-03-02 18:23:00+00:00,,,,,,,,0.77,0.77,,0.0,0,False
2026-03-02 18:23:30+00:00,,,,,,,,0.77,0.77,,0.0,0,False
2026-03-02 18:24:00+00:00,,,,,,,,0.77,0.77,,0.0,0,False
2026-03-02 18:24:30+00:00,,,,,,,,0.77,0.77,,0.0,0,False
2026-03-02 18:25:00+00:00,,,,,,,,0.77,0.77,,0.0,0,False
2026-03-02 18:25:30+00:00,,,,,,,,0.77,0.77,,0.0,0,False
2026-03-02 18:26:00+00:00,,,,,,,,0.77,0.77,,0.0,0,False
2026-03-02 18:26:30+00:00,,,,,,,,0.77,0.77,,10.0,1,False
2026-03-02 18:27:00+00:00,,,,,,,,0.77,0.77,,0.0,0,False
2026-03-02 18:27:30+00:00,,,,,,,,0.77,0.77,,0.0,0,False
2026-03-02 18:28:00+00:00,,,,,,,,0.77,0.77,,2.0,1,False
2026-03-02 18:28:30+00:00,,,,,,,,0.77,0.77,,0.0,0,False
2026-03-02 18:29:00+00:00,,,,,,,,0.77,0.77,,0.0,0,False
2026-03-02 18:29:30+00:00,,,,,,,,0.77,0.77,,0.0,0,False
2026-03-02 18:30:00+00:00,,,,,,,,0.77,0.77,,0.0,0,False
2026-03-02 18:30:30+00:00,,,,,,,,0.77,0.77,,8.0,1,False
2026-03-02 18:31:00+00:00,,,,,,,,0.77,0.77,,0.0,0,False
2026-03-02 18:31:30+00:00,,,,,,,,0.77,0.77,,0.0,0,False
2026-03-02 18:32:00+00:00,,,,,,,,0.77,0.77,,0.0,0,False
2026-03-02 18:32:30+00:00,,,,,,,,0.77,0.77,,1.0,1,False
2026-03-02 18:33:00+00:00,,,,,,,,0.77,0.77,,0.0,0,False
2026-03-02 18:33:30+00:00,,,,,,,,0.77,0.77,,0.0,0,False
2026-03-02 18:34:00+00:00,,,,,,,,0.77,0.77,,253.0,1,False
2026-03-02 18:34:30+00:00,,,,,,,,0.77,0.77,,0.0,0,False
2026-03-02 18:35:00+00:00,,,,,,,,0.77,0.77,,0.0,0,False
2026-03-02 18:35:30+00:00,,,,,,,,0.77,0.77,,0.0,0,False
2026-03-02 18:36:00+00:00,,,,,,,,0.77,0.77,,0.0,0,False
2026-03-02 18:36:30+00:00,,,,,,,,0.77,0.77,,0.0,0,False
2026-03-02 18:37:00+00:00,,,,,,,,0.77,0.77,,0.0,0,False
2026-03-02 18:37:30+00:00,,,,,,,,0.77,0.77,,0.0,0,False
2026-03-02 18:38:00+00:00,,,,,,,,0.77,0.77,,0.0,0,False
2026-03-02 18:38:30+00:00,,,,,,,,0.77,0.77,,0.0,0,False
2026-03-02 18:39:00+00:00,,,,,,,,0.77,0.77,,5.0,1,False
2026-03-02 18:39:30+00:00,,,,,,,,0.77,0.77,,0.0,0,False
2026-03-02 18:40:00+00:00,,,,,,,,0.77,0.77,,6.0,1,False
2026-03-02 18:40:30+00:00,,,,,,,,0.77,0.77,,100.0,1,False
2026-03-02 18:41:00+00:00,,,,,,,,0.77,0.77,,0.0,0,False
2026-03-02 18:41:30+00:00,,,,,,,,0.77,0.77,,0.0,0,False
2026-03-02 18:42:00+00:00,,,,,,,,0.77,0.77,,0.0,0,False
2026-03-02 18:42:30+00:00,,,,,,,,0.77,0.77,,0.0,0,False
2026-03-02 18:43:00+00:00,,,,,,,,0.77,0.77,,0.0,0,False
2026-03-02 18:43:30+00:00,,,,,,,,0.77,0.77,,0.0,0,False
2026-03-02 18:44:00+00:00,,,,,,,,0.77,0.77,,0.0,0,False
2026-03-02 18:44:30+00:00,,,,,,,,0.77,0.77,,0.0,0,False
2026-03-02 18:45:00+00:00,,,,,,,,0.77,0.77,,0.0,0,False
2026-03-02 18:45:30+00:00,,,,,,,,0.77,0.77,,0.0,0,False
2026-03-02 18:46:00+00:00,,,,,,,,0.77,0.77,,0.0,0,False
2026-03-02 18:46:30+00:00,,,,,,,,0.77,0.77,,0.0,0,False
2026-03-02 18:47:00+00:00,,,,,,,,0.77,0.77,,31.0,1,False
2026-03-02 18:47:30+00:00,,,,,,,,0.77,0.77,,0.0,0,False
2026-03-02 18:48:00+00:00,,,,,,,,0.77,0.77,,0.0,0,False
2026-03-02 18:48:30+00:00,,,,,,,,0.77,0.77,,0.0,0,False
2026-03-02 18:49:00+00:00,,,,,,,,0.77,0.77,,0.0,0,False
2026-03-02 18:49:30+00:00,,,,,,,,0.77,0.77,,3164.0,1,False
2026-03-02 18:50:00+00:00,,,,,,,,0.77,0.77,,12.0,1,False
2026-03-02 18:50:30+00:00,,,,,,,,0.77,0.77,,0.0,0,False
2026-03-02 18:51:00+00:00,,,,,,,,0.77,0.77,,0.0,0,False
2026-03-02 18:51:30+00:00,,,,,,,,0.77,0.77,,25.0,1,False
2026-03-02 18:52:00+00:00,,,,,,,,0.77,0.77,,0.0,0,False
2026-03-02 18:52:30+00:00,,,,,,,,0.77,0.77,,0.0,0,False
2026-03-02 18:53:00+00:00,,,,,,,,0.77,0.77,,0.0,0,False
2026-03-02 18:53:30+00:00,,,,,,,,0.77,0.77,,0.0,0,False
2026-03-02 18:54:00+00:00,,,,,,,,0.77,0.77,,0.0,0,False
2026-03-02 18:54:30+00:00,,,,,,,,0.77,0.77,,0.0,0,False
2026-03-02 18:55:00+00:00,,,,,,,,0.77,0.77,,0.0,0,False
2026-03-02 18:55:30+00:00,,,,,,,,0.77,0.77,,0.0,0,False
2026-03-02 18:56:00+00:00,,,,,,,,0.77,0.77,,0.0,0,False
2026-03-02 18:56:30+00:00,,,,,,,,0.77,0.77,,0.0,0,False
2026-03-02 18:57:00+00:00,,,,,,,,0.77,0.77,,0.0,0,False
2026-03-02 18:57:30+00:00,,,,,,,,0.77,0.77,,0.0,0,False
2026-03-02 18:58:00+00:00,,,,,,,,0.77,0.77,,0.0,0,False
2026-03-02 18:58:30+00:00,,,,,,,,0.77,0.77,,0.0,0,False
2026-03-02 18:59:00+00:00,,,,,,,,0.77,0.77,,0.0,0,False
2026-03-02 18:59:30+00:00,,,,,,,,0.77,0.77,,0.0,0,False
2026-03-02 19:00:00+00:00,,,,,,,,0.77,0.77,,0.0,0,False
2026-03-02 19:00:30+00:00,,,,,,,,0.77,0.77,,0.0,0,False
2026-03-02 19:01:00+00:00,,,,,,,,0.77,0.77,,0.0,0,False
2026-03-02 19:01:30+00:00,,,,,,,,0.77,0.77,,0.0,0,False
2026-03-02 19:02:00+00:00,,,,,,,,0.77,0.77,,0.0,0,False
2026-03-02 19:02:30+00:00,,,,,,,,0.77,0.77,,0.0,0,False
2026-03-02 19:03:00+00:00,,,,,,,,0.77,0.77,,0.0,0,False
2026-03-02 19:03:30+00:00,,,,,,,,0.77,0.77,,0.0,0,False
2026-03-02 19:04:00+00:00,,,,,,,,0.77,0.77,,0.0,0,False
2026-03-02 19:04:30+00:00,,,,,,,,0.77,0.77,,0.0,0,False
2026-03-02 19:05:00+00:00,,,,,,,,0.77,0.77,,0.0,0,False
2026-03-02 19:05:30+00:00,,,,,,,,0.77,0.77,,0.0,0,False
2026-03-02 19:06:00+00:00,,,,,,,,0.77,0.77,,0.0,0,False
2026-03-02 19:06:30+00:00,,,,,,,,0.77,0.77,,0.0,0,False
2026-03-02 19:07:00+00:00,,,,,,,,0.77,0.77,,0.0,0,False
2026-03-02 19:07:30+00:00,,,,,,,,0.77,0.77,,0.0,0,False
2026-03-02 19:08:00+00:00,,,,,,,,0.77,0.77,,19.0,1,False
2026-03-02 19:08:30+00:00,,,,,,,,0.77,0.77,,0.0,0,False
2026-03-02 19:09:00+00:00,,,,,,,,0.77,0.77,,23.0,1,False
2026-03-02 19:09:30+00:00,,,,,,,,0.77,0.77,,0.0,0,False
2026-03-02 19:10:00+00:00,,,,,,,,0.77,0.77,,0.0,0,False
2026-03-02 19:10:30+00:00,,,,,,,,0.77,0.77,,0.0,0,False
2026-03-02 19:11:00+00:00,,,,,,,,0.77,0.77,,0.0,0,False
2026-03-02 19:11:30+00:00,,,,,,,,0.77,0.77,,0.0,0,False
2026-03-02 19:12:00+00:00,,,,,,,,0.77,0.77,,0.0,0,False
2026-03-02 19:12:30+00:00,,,,,,,,0.77,0.77,,0.0,0,False
2026-03-02 19:13:00+00:00,,,,,,,,0.77,0.77,,0.0,0,False
2026-03-02 19:13:30+00:00,,,,,,,,0.77,0.77,,255.0,1,False
2026-03-02 19:14:00+00:00,,,,,,,,0.77,0.77,,0.0,0,False
2026-03-02 19:14:30+00:00,,,,,,,,0.77,0.77,,0.0,0,False
2026-03-02 19:15:00+00:00,,,,,,,,0.77,0.77,,0.0,0,False
2026-03-02 19:15:30+00:00,,,,,,,,0.77,0.77,,0.0,0,False
2026-03-02 19:16:00+00:00,,,,,,,,0.77,0.77,,62.0,1,False
2026-03-02 19:16:30+00:00,,,,,,,,0.77,0.77,,0.0,0,False
2026-03-02 19:17:00+00:00,,,,,,,,0.77,0.77,,0.0,0,False
2026-03-02 19:17:30+00:00,,,,,,,,0.76,0.76,,1.0,1,False
2026-03-02 19:18:00+00:00,,,,,,,,0.76,0.76,,0.0,0,False
2026-03-02 19:18:30+00:00,,,,,,,,0.76,0.76,,0.0,0,False
2026-03-02 19:19:00+00:00,,,,,,,,0.76,0.76,,0.0,0,False
2026-03-02 19:19:30+00:00,,,,,,,,0.76,0.76,,0.0,0,False
2026-03-02 19:20:00+00:00,,,,,,,,0.7599999999999999,0.76,,22.0,1,False
2026-03-02 19:20:30+00:00,,,,,,,,0.7599999999999999,0.76,,0.0,0,False
2026-03-02 19:21:00+00:00,,,,,,,,0.7599999999999999,0.76,,0.0,0,False
2026-03-02 19:21:30+00:00,,,,,,,,0.7599999999999999,0.76,,0.0,0,False
2026-03-02 19:22:00+00:00,,,,,,,,0.7599999999999999,0.76,,0.0,0,False
2026-03-02 19:22:30+00:00,,,,,,,,0.77,0.77,,169.0,2,False
2026-03-02 19:23:00+00:00,,,,,,,,0.77,0.77,,0.0,0,False
2026-03-02 19:23:30+00:00,,,,,,,,0.77,0.77,,0.0,0,False
2026-03-02 19:24:00+00:00,,,,,,,,0.77,0.77,,0.0,0,False
2026-03-02 19:24:30+00:00,,,,,,,,0.77,0.77,,0.0,0,False
2026-03-02 19:25:00+00:00,,,,,,,,0.77,0.77,,0.0,0,False
2026-03-02 19:25:30+00:00,,,,,,,,0.77,0.77,,0.0,0,False
2026-03-02 19:26:00+00:00,,,,,,,,0.7600000000000001,0.76,,6.0,1,False
2026-03-02 19:26:30+00:00,,,,,,,,0.7600000000000001,0.76,,0.0,0,False
2026-03-02 19:27:00+00:00,,,,,,,,0.7600000000000001,0.76,,0.0,0,False
2026-03-02 19:27:30+00:00,,,,,,,,0.7600000000000001,0.76,,0.0,0,False
2026-03-02 19:28:00+00:00,,,,,,,,0.7600000000000001,0.76,,0.0,0,False
2026-03-02 19:28:30+00:00,,,,,,,,0.7600000000000001,0.76,,0.0,0,False
2026-03-02 19:29:00+00:00,,,,,,,,0.7600000000000001,0.76,,0.0,0,False
2026-03-02 19:29:30+00:00,,,,,,,,0.7600000000000001,0.76,,0.0,0,False
2026-03-02 19:30:00+00:00,,,,,,,,0.7600000000000001,0.76,,0.0,0,False
2026-03-02 19:30:30+00:00,,,,,,,,0.77,0.77,,127.0,1,False
2026-03-02 19:31:00+00:00,,,,,,,,0.77,0.77,,0.0,0,False
2026-03-02 19:31:30+00:00,,,,,,,,0.77,0.77,,0.0,0,False
2026-03-02 19:32:00+00:00,,,,,,,,0.77,0.77,,0.0,0,False
2026-03-02 19:32:30+00:00,,,,,,,,0.77,0.77,,0.0,0,False
2026-03-02 19:33:00+00:00,,,,,,,,0.77,0.77,,0.0,0,False
2026-03-02 19:33:30+00:00,,,,,,,,0.77,0.77,,0.0,0,False
2026-03-02 19:34:00+00:00,,,,,,,,0.77,0.77,,0.0,0,False
2026-03-02 19:34:30+00:00,,,,,,,,0.76,0.76,,19.0,1,False
2026-03-02 19:35:00+00:00,,,,,,,,0.76,0.76,,0.0,0,False
2026-03-02 19:35:30+00:00,,,,,,,,0.76,0.76,,0.0,0,False
2026-03-02 19:36:00+00:00,,,,,,,,0.76,0.76,,0.0,0,False
2026-03-02 19:36:30+00:00,,,,,,,,0.76,0.76,,0.0,0,False
2026-03-02 19:37:00+00:00,,,,,,,,0.76,0.76,,0.0,0,False
2026-03-02 19:37:30+00:00,,,,,,,,0.76,0.76,,0.0,0,False
2026-03-02 19:38:00+00:00,,,,,,,,0.76,0.76,,0.0,0,False
2026-03-02 19:38:30+00:00,,,,,,,,0.76,0.76,,0.0,0,False
2026-03-02 19:39:00+00:00,,,,,,,,0.76,0.76,,0.0,0,False
2026-03-02 19:39:30+00:00,,,,,,,,0.76,0.76,,0.0,0,False
2026-03-02 19:40:00+00:00,,,,,,,,0.76,0.76,,0.0,0,False
2026-03-02 19:40:30+00:00,,,,,,,,0.76,0.76,,0.0,0,False
2026-03-02 19:41:00+00:00,,,,,,,,0.76,0.76,,0.0,0,False
2026-03-02 19:41:30+00:00,,,,,,,,0.76,0.76,,0.0,0,False
2026-03-02 19:42:00+00:00,,,,,,,,0.76,0.76,,0.0,0,False
2026-03-02 19:42:30+00:00,,,,,,,,0.76,0.76,,0.0,0,False
2026-03-02 19:43:00+00:00,,,,,,,,0.76,0.76,,0.0,0,False
2026-03-02 19:43:30+00:00,,,,,,,,0.76,0.76,,0.0,0,False
2026-03-02 19:44:00+00:00,,,,,,,,0.76,0.76,,0.0,0,False
2026-03-02 19:44:30+00:00,,,,,,,,0.76,0.76,,0.0,0,False
2026-03-02 19:45:00+00:00,,,,,,,,0.76,0.76,,0.0,0,False
2026-03-02 19:45:30+00:00,,,,,,,,0.76,0.76,,0.0,0,False
2026-03-02 19:46:00+00:00,,,,,,,,0.76,0.76,,0.0,0,False
2026-03-02 19:46:30+00:00,,,,,,,,0.76,0.76,,0.0,0,False
2026-03-02 19:47:00+00:00,,,,,,,,0.77,0.77,,63.0,1,False
2026-03-02 19:47:30+00:00,,,,,,,,0.77,0.77,,10.0,1,False
2026-03-02 19:48:00+00:00,,,,,,,,0.77,0.77,,0.0,0,False
2026-03-02 19:48:30+00:00,,,,,,,,0.76,0.76,,8.0,1,False
2026-03-02 19:49:00+00:00,,,,,,,,0.76,0.76,,0.0,0,False
2026-03-02 19:49:30+00:00,,,,,,,,0.76,0.76,,0.0,0,False
2026-03-02 19:50:00+00:00,,,,,,,,0.76,0.76,,0.0,0,False
2026-03-02 19:50:30+00:00,,,,,,,,0.76,0.76,,0.0,0,False
2026-03-02 19:51:00+00:00,,,,,,,,0.76,0.76,,0.0,0,False
2026-03-02 19:51:30+00:00,,,,,,,,0.76,0.76,,0.0,0,False
2026-03-02 19:52:00+00:00,,,,,,,,0.76,0.76,,0.0,0,False
2026-03-02 19:52:30+00:00,,,,,,,,0.76,0.76,,0.0,0,False
2026-03-02 19:53:00+00:00,,,,,,,,0.76,0.76,,0.0,0,False
2026-03-02 19:53:30+00:00,,,,,,,,0.76,0.76,,0.0,0,False
2026-03-02 19:54:00+00:00,,,,,,,,0.76,0.76,,0.0,0,False
2026-03-02 19:54:30+00:00,,,,,,,,0.76,0.76,,0.0,0,False
2026-03-02 19:55:00+00:00,,,,,,,,0.76,0.76,,0.0,0,False
2026-03-02 19:55:30+00:00,,,,,,,,0.7800000000000001,0.78,,83.0,1,False
2026-03-02 19:56:00+00:00,,,,,,,,0.7800000000000001,0.78,,0.0,0,False
2026-03-02 19:56:30+00:00,,,,,,,,0.79,0.79,,4.0,1,False
2026-03-02 19:57:00+00:00,,,,,,,,0.79,0.79,,0.0,0,False
2026-03-02 19:57:30+00:00,,,,,,,,0.79,0.79,,0.0,0,False
2026-03-02 19:58:00+00:00,,,,,,,,0.79,0.79,,0.0,0,False
2026-03-02 19:58:30+00:00,,,,,,,,0.79,0.79,,0.0,0,False
2026-03-02 19:59:00+00:00,,,,,,,,0.79,0.79,,0.0,0,False
2026-03-02 19:59:30+00:00,,,,,,,,0.79,0.79,,0.0,0,False
2026-03-02 20:00:00+00:00,,,,,,,,0.79,0.79,,0.0,0,False
2026-03-02 20:00:30+00:00,,,,,,,,0.79,0.79,,0.0,0,False
2026-03-02 20:01:00+00:00,,,,,,,,0.79,0.79,,0.0,0,False
2026-03-02 20:01:30+00:00,,,,,,,,0.79,0.79,,0.0,0,False
2026-03-02 20:02:00+00:00,,,,,,,,0.79,0.79,,324.0,1,False
2026-03-02 20:02:30+00:00,,,,,,,,0.79,0.79,,0.0,0,False
2026-03-02 20:03:00+00:00,,,,,,,,0.79,0.79,,16.0,1,False
2026-03-02 20:03:30+00:00,,,,,,,,0.79,0.79,,0.0,0,False
2026-03-02 20:04:00+00:00,,,,,,,,0.79,0.79,,0.0,0,False
2026-03-02 20:04:30+00:00,,,,,,,,0.79,0.79,,0.0,0,False
2026-03-02 20:05:00+00:00,,,,,,,,0.79,0.79,,0.0,0,False
2026-03-02 20:05:30+00:00,,,,,,,,0.79,0.79,,0.0,0,False
2026-03-02 20:06:00+00:00,,,,,,,,0.79,0.79,,0.0,0,False
2026-03-02 20:06:30+00:00,,,,,,,,0.7600000000000001,0.76,,3.0,1,False
2026-03-02 20:07:00+00:00,,,,,,,,0.7600000000000001,0.76,,0.0,0,False
2026-03-02 20:07:30+00:00,,,,,,,,0.7600000000000001,0.76,,0.0,0,False
2026-03-02 20:08:00+00:00,,,,,,,,0.7600000000000001,0.76,,0.0,0,False
2026-03-02 20:08:30+00:00,,,,,,,,0.7600000000000001,0.76,,0.0,0,False
2026-03-02 20:09:00+00:00,,,,,,,,0.7600000000000001,0.76,,0.0,0,False
2026-03-02 20:09:30+00:00,,,,,,,,0.7600000000000001,0.76,,0.0,0,False
2026-03-02 20:10:00+00:00,,,,,,,,0.79,0.79,,21.0,1,False
2026-03-02 20:10:30+00:00,,,,,,,,0.79,0.79,,0.0,0,False
2026-03-02 20:11:00+00:00,,,,,,,,0.79,0.79,,0.0,0,False
2026-03-02 20:11:30+00:00,,,,,,,,0.79,0.79,,0.0,0,False
2026-03-02 20:12:00+00:00,,,,,,,,0.79,0.79,,0.0,0,False
2026-03-02 20:12:30+00:00,,,,,,,,0.79,0.79,,0.0,0,False
2026-03-02 20:13:00+00:00,,,,,,,,0.79,0.79,,56.0,1,False
2026-03-02 20:13:30+00:00,,,,,,,,0.79,0.79,,0.0,0,False
2026-03-02 20:14:00+00:00,,,,,,,,0.7799999999999999,0.78,,96.0,4,False
2026-03-02 20:14:30+00:00,,,,,,,,0.7799999999999999,0.78,,0.0,0,False
2026-03-02 20:15:00+00:00,,,,,,,,0.7799999999999999,0.78,,0.0,0,False
2026-03-02 20:15:30+00:00,,,,,,,,0.7799999999999999,0.78,,0.0,0,False
2026-03-02 20:16:00+00:00,,,,,,,,0.7700000000000001,0.77,,56.0,1,False
2026-03-02 20:16:30+00:00,,,,,,,,0.7700000000000001,0.77,,0.0,0,False
2026-03-02 20:17:00+00:00,,,,,,,,0.7700000000000001,0.77,,0.0,0,False
2026-03-02 20:17:30+00:00,,,,,,,,0.7700000000000001,0.77,,0.0,0,False
2026-03-02 20:18:00+00:00,,,,,,,,0.7700000000000001,0.77,,0.0,0,False
2026-03-02 20:18:30+00:00,,,,,,,,0.7700000000000001,0.77,,0.0,0,False
2026-03-02 20:19:00+00:00,,,,,,,,0.7700000000000001,0.77,,0.0,0,False
2026-03-02 20:19:30+00:00,,,,,,,,0.7700000000000001,0.77,,0.0,0,False
2026-03-02 20:20:00+00:00,,,,,,,,0.7700000000000001,0.77,,0.0,0,False
2026-03-02 20:20:30+00:00,,,,,,,,0.7700000000000001,0.77,,0.0,0,False
2026-03-02 20:21:00+00:00,,,,,,,,0.7700000000000001,0.77,,0.0,0,False
2026-03-02 20:21:30+00:00,,,,,,,,0.78,0.78,,162.0,2,False
2026-03-02 20:22:00+00:00,,,,,,,,0.78,0.78,,0.0,0,False
2026-03-02 20:22:30+00:00,,,,,,,,0.78,0.78,,0.0,0,False
2026-03-02 20:23:00+00:00,,,,,,,,0.78,0.78,,0.0,0,False
2026-03-02 20:23:30+00:00,,,,,,,,0.78,0.78,,0.0,0,False
2026-03-02 20:24:00+00:00,,,,,,,,0.78,0.78,,0.0,0,False
2026-03-02 20:24:30+00:00,,,,,,,,0.78,0.78,,0.0,0,False
2026-03-02 20:25:00+00:00,,,,,,,,0.78,0.78,,0.0,0,False
2026-03-02 20:25:30+00:00,,,,,,,,0.78,0.78,,0.0,0,False
2026-03-02 20:26:00+00:00,,,,,,,,0.78,0.78,,0.0,0,False
2026-03-02 20:26:30+00:00,,,,,,,,0.78,0.78,,0.0,0,False
2026-03-02 20:27:00+00:00,,,,,,,,0.7799999999999999,0.78,,12.0,1,False
2026-03-02 20:27:30+00:00,,,,,,,,0.7799999999999999,0.78,,0.0,0,False
2026-03-02 20:28:00+00:00,,,,,,,,0.78,0.78,,2.0,1,False
2026-03-02 20:28:30+00:00,,,,,,,,0.78,0.78,,0.0,0,False
2026-03-02 20:29:00+00:00,,,,,,,,0.78,0.78,,0.0,0,False
2026-03-02 20:29:30+00:00,,,,,,,,0.78,0.78,,2.0,1,False
2026-03-02 20:30:00+00:00,,,,,,,,0.78,0.78,,0.0,0,False
2026-03-02 20:30:30+00:00,,,,,,,,0.78,0.78,,0.0,0,False
2026-03-02 20:31:00+00:00,,,,,,,,0.78,0.78,,0.0,0,False
2026-03-02 20:31:30+00:00,,,,,,,,0.78,0.78,,0.0,0,False
2026-03-02 20:32:00+00:00,,,,,,,,0.78,0.78,,0.0,0,False
2026-03-02 20:32:30+00:00,,,,,,,,0.78,0.78,,0.0,0,False
2026-03-02 20:33:00+00:00,,,,,,,,0.78,0.78,,0.0,0,False
2026-03-02 20:33:30+00:00,,,,,,,,0.78,0.78,,526.0,2,False
2026-03-02 20:34:00+00:00,,,,,,,,0.78,0.78,,0.0,0,False
2026-03-02 20:34:30+00:00,,,,,,,,0.78,0.78,,0.0,0,False
2026-03-02 20:35:00+00:00,,,,,,,,0.7799999999999999,0.78,,6.0,1,False
2026-03-02 20:35:30+00:00,,,,,,,,0.7799999999999999,0.78,,0.0,0,False
2026-03-02 20:36:00+00:00,,,,,,,,0.7799999999999999,0.78,,0.0,0,False
2026-03-02 20:36:30+00:00,,,,,,,,0.7799999999999999,0.78,,0.0,0,False
2026-03-02 20:37:00+00:00,,,,,,,,0.77,0.77,,400.0,4,False
2026-03-02 20:37:30+00:00,,,,,,,,0.77,0.77,,800.0,3,False
2026-03-02 20:38:00+00:00,,,,,,,,0.77,0.77,,0.0,0,False
2026-03-02 20:38:30+00:00,,,,,,,,0.7799999999999999,0.78,,6.0,1,False
2026-03-02 20:39:00+00:00,,,,,,,,0.7799999999999999,0.78,,0.0,0,False
2026-03-02 20:39:30+00:00,,,,,,,,0.7799999999999999,0.78,,0.0,0,False
2026-03-02 20:40:00+00:00,,,,,,,,0.7799999999999999,0.78,,0.0,0,False
2026-03-02 20:40:30+00:00,,,,,,,,0.7799999999999999,0.78,,0.0,0,False
2026-03-02 20:41:00+00:00,,,,,,,,0.7799999999999999,0.78,,0.0,0,False
2026-03-02 20:41:30+00:00,,,,,,,,0.78,0.78,,250.0,1,False
2026-03-02 20:42:00+00:00,,,,,,,,0.78,0.78,,0.0,0,False
2026-03-02 20:42:30+00:00,,,,,,,,0.78,0.78,,0.0,0,False
2026-03-02 20:43:00+00:00,,,,,,,,0.78,0.78,,0.0,0,False
2026-03-02 20:43:30+00:00,,,,,,,,0.78,0.78,,0.0,0,False
2026-03-02 20:44:00+00:00,,,,,,,,0.78,0.78,,0.0,0,False
2026-03-02 20:44:30+00:00,,,,,,,,0.78,0.78,,1.0,1,False
2026-03-02 20:45:00+00:00,,,,,,,,0.78,0.78,,0.0,0,False
2026-03-02 20:45:30+00:00,,,,,,,,0.78,0.78,,0.0,0,False
2026-03-02 20:46:00+00:00,,,,,,,,0.7799999999999999,0.78,,3.0,1,False
2026-03-02 20:46:30+00:00,,,,,,,,0.7799999999999999,0.78,,0.0,0,False
2026-03-02 20:47:00+00:00,,,,,,,,0.7799999999999999,0.78,,0.0,0,False
2026-03-02 20:47:30+00:00,,,,,,,,0.7799999999999999,0.78,,0.0,0,False
2026-03-02 20:48:00+00:00,,,,,,,,0.7799999999999999,0.78,,0.0,0,False
2026-03-02 20:48:30+00:00,,,,,,,,0.7799999999999999,0.78,,0.0,0,False
2026-03-02 20:49:00+00:00,,,,,,,,0.7799999999999999,0.78,,0.0,0,False
2026-03-02 20:49:30+00:00,,,,,,,,0.7799999999999999,0.78,,0.0,0,False
2026-03-02 20:50:00+00:00,,,,,,,,0.7799999999999999,0.78,,0.0,0,False
2026-03-02 20:50:30+00:00,,,,,,,,0.7799999999999999,0.78,,0.0,0,False
2026-03-02 20:51:00+00:00,,,,,,,,0.7799999999999999,0.78,,0.0,0,False
2026-03-02 20:51:30+00:00,,,,,,,,0.7799999999999999,0.78,,0.0,0,False
2026-03-02 20:52:00+00:00,,,,,,,,0.78,0.78,,143.0,1,False
2026-03-02 20:52:30+00:00,,,,,,,,0.78,0.78,,0.0,0,False
2026-03-02 20:53:00+00:00,,,,,,,,0.78,0.78,,0.0,0,False
2026-03-02 20:53:30+00:00,,,,,,,,0.78,0.78,,0.0,0,False
2026-03-02 20:54:00+00:00,,,,,,,,0.78,0.78,,0.0,0,False
2026-03-02 20:54:30+00:00,,,,,,,,0.78,0.78,,0.0,0,False
2026-03-02 20:55:00+00:00,,,,,,,,0.78,0.78,,0.0,0,False
2026-03-02 20:55:30+00:00,,,,,,,,0.78,0.78,,0.0,0,False
2026-03-02 20:56:00+00:00,,,,,,,,0.78,0.78,,0.0,0,False
2026-03-02 20:56:30+00:00,,,,,,,,0.78,0.78,,0.0,0,False
2026-03-02 20:57:00+00:00,,,,,,,,0.78,0.78,,0.0,0,False
2026-03-02 20:57:30+00:00,,,,,,,,0.78,0.78,,0.0,0,False
2026-03-02 20:58:00+00:00,,,,,,,,0.78,0.78,,0.0,0,False
2026-03-02 20:58:30+00:00,,,,,,,,0.78,0.78,,0.0,0,False
2026-03-02 20:59:00+00:00,,,,,,,,0.78,0.78,,0.0,0,False
2026-03-02 20:59:30+00:00,,,,,,,,0.78,0.78,,0.0,0,False
2026-03-02 21:00:00+00:00,,,,,,,,0.78,0.78,,49.0,1,False
2026-03-02 21:00:30+00:00,,,,,,,,0.78,0.78,,0.0,0,False
2026-03-02 21:01:00+00:00,,,,,,,,0.78,0.78,,0.0,0,False
2026-03-02 21:01:30+00:00,,,,,,,,0.78,0.78,,0.0,0,False
2026-03-02 21:02:00+00:00,,,,,,,,0.78,0.78,,0.0,0,False
2026-03-02 21:02:30+00:00,,,,,,,,0.78,0.78,,0.0,0,False
2026-03-02 21:03:00+00:00,,,,,,,,0.78,0.78,,0.0,0,False
2026-03-02 21:03:30+00:00,,,,,,,,0.78,0.78,,0.0,0,False
2026-03-02 21:04:00+00:00,,,,,,,,0.78,0.78,,0.0,0,False
2026-03-02 21:04:30+00:00,,,,,,,,0.78,0.78,,0.0,0,False
2026-03-02 21:05:00+00:00,,,,,,,,0.78,0.78,,0.0,0,False
2026-03-02 21:05:30+00:00,,,,,,,,0.78,0.78,,0.0,0,False
2026-03-02 21:06:00+00:00,,,,,,,,0.78,0.78,,1.0,1,False
2026-03-02 21:06:30+00:00,,,,,,,,0.78,0.78,,0.0,0,False
2026-03-02 21:07:00+00:00,,,,,,,,0.78,0.78,,0.0,0,False
2026-03-02 21:07:30+00:00,,,,,,,,0.78,0.78,,5.0,1,False
2026-03-02 21:08:00+00:00,,,,,,,,0.78,0.78,,0.0,0,False
2026-03-02 21:08:30+00:00,,,,,,,,0.78,0.78,,0.0,0,False
2026-03-02 21:09:00+00:00,,,,,,,,0.78,0.78,,0.0,0,False
2026-03-02 21:09:30+00:00,,,,,,,,0.78,0.78,,1.0,1,False
2026-03-02 21:10:00+00:00,,,,,,,,0.78,0.78,,0.0,0,False
2026-03-02 21:10:30+00:00,,,,,,,,0.78,0.78,,0.0,0,False
2026-03-02 21:11:00+00:00,,,,,,,,0.78,0.78,,0.0,0,False
2026-03-02 21:11:30+00:00,,,,,,,,0.78,0.78,,0.0,0,False
2026-03-02 21:12:00+00:00,,,,,,,,0.78,0.78,,0.0,0,False
2026-03-02 21:12:30+00:00,,,,,,,,0.78,0.78,,0.0,0,False
2026-03-02 21:13:00+00:00,,,,,,,,0.78,0.78,,65.0,1,False
2026-03-02 21:13:30+00:00,,,,,,,,0.78,0.78,,0.0,0,False
2026-03-02 21:14:00+00:00,,,,,,,,0.78,0.78,,0.0,0,False
2026-03-02 21:14:30+00:00,,,,,,,,0.78,0.78,,10.0,1,False
2026-03-02 21:15:00+00:00,,,,,,,,0.78,0.78,,0.0,0,False
2026-03-02 21:15:30+00:00,,,,,,,,0.78,0.78,,0.0,0,False
2026-03-02 21:16:00+00:00,,,,,,,,0.78,0.78,,0.0,0,False
2026-03-02 21:16:30+00:00,,,,,,,,0.78,0.78,,0.0,0,False
2026-03-02 21:17:00+00:00,,,,,,,,0.78,0.78,,0.0,0,False
2026-03-02 21:17:30+00:00,,,,,,,,0.78,0.78,,0.0,0,False
2026-03-02 21:18:00+00:00,,,,,,,,0.78,0.78,,2.0,1,False
2026-03-02 21:18:30+00:00,,,,,,,,0.78,0.78,,0.0,0,False
2026-03-02 21:19:00+00:00,,,,,,,,0.78,0.78,,0.0,0,False
2026-03-02 21:19:30+00:00,,,,,,,,0.78,0.78,,0.0,0,False
2026-03-02 21:20:00+00:00,,,,,,,,0.78,0.78,,0.0,0,False
2026-03-02 21:20:30+00:00,,,,,,,,0.78,0.78,,0.0,0,False
2026-03-02 21:21:00+00:00,,,,,,,,0.78,0.78,,0.0,0,False
2026-03-02 21:21:30+00:00,,,,,,,,0.78,0.78,,0.0,0,False
2026-03-02 21:22:00+00:00,,,,,,,,0.78,0.78,,0.0,0,False
2026-03-02 21:22:30+00:00,,,,,,,,0.78,0.78,,0.0,0,False
2026-03-02 21:23:00+00:00,,,,,,,,0.78,0.78,,0.0,0,False
2026-03-02 21:23:30+00:00,,,,,,,,0.78,0.78,,0.0,0,False
2026-03-02 21:24:00+00:00,,,,,,,,0.78,0.78,,0.0,0,False
2026-03-02 21:24:30+00:00,,,,,,,,0.78,0.78,,0.0,0,False
2026-03-02 21:25:00+00:00,,,,,,,,0.78,0.78,,0.0,0,False
2026-03-02 21:25:30+00:00,,,,,,,,0.78,0.78,,0.0,0,False
2026-03-02 21:26:00+00:00,,,,,,,,0.78,0.78,,62.0,1,False
2026-03-02 21:26:30+00:00,,,,,,,,0.78,0.78,,25.0,1,False
2026-03-02 21:27:00+00:00,,,,,,,,0.78,0.78,,0.0,0,False
2026-03-02 21:27:30+00:00,,,,,,,,0.78,0.78,,0.0,0,False
2026-03-02 21:28:00+00:00,,,,,,,,0.78,0.78,,0.0,0,False
2026-03-02 21:28:30+00:00,,,,,,,,0.78,0.78,,0.0,0,False
2026-03-02 21:29:00+00:00,,,,,,,,0.78,0.78,,0.0,0,False
2026-03-02 21:29:30+00:00,,,,,,,,0.78,0.78,,0.0,0,False
2026-03-02 21:30:00+00:00,,,,,,,,0.78,0.78,,0.0,0,False
2026-03-02 21:30:30+00:00,,,,,,,,0.78,0.78,,0.0,0,False
2026-03-02 21:31:00+00:00,,,,,,,,0.78,0.78,,0.0,0,False
2026-03-02 21:31:30+00:00,,,,,,,,0.78,0.78,,0.0,0,False
2026-03-02 21:32:00+00:00,,,,,,,,0.78,0.78,,0.0,0,False
2026-03-02 21:32:30+00:00,,,,,,,,0.78,0.78,,0.0,0,False
2026-03-02 21:33:00+00:00,,,,,,,,0.78,0.78,,0.0,0,False
2026-03-02 21:33:30+00:00,,,,,,,,0.78,0.78,,0.0,0,False
2026-03-02 21:34:00+00:00,,,,,,,,0.78,0.78,,0.0,0,False
2026-03-02 21:34:30+00:00,,,,,,,,0.78,0.78,,0.0,0,False
2026-03-02 21:35:00+00:00,,,,,,,,0.78,0.78,,0.0,0,False
2026-03-02 21:35:30+00:00,,,,,,,,0.78,0.78,,0.0,0,False
2026-03-02 21:36:00+00:00,,,,,,,,0.78,0.78,,0.0,0,False
2026-03-02 21:36:30+00:00,,,,,,,,0.78,0.78,,0.0,0,False
2026-03-02 21:37:00+00:00,,,,,,,,0.78,0.78,,0.0,0,False
2026-03-02 21:37:30+00:00,,,,,,,,0.78,0.78,,0.0,0,False
2026-03-02 21:38:00+00:00,,,,,,,,0.78,0.78,,0.0,0,False
2026-03-02 21:38:30+00:00,,,,,,,,0.78,0.78,,0.0,0,False
2026-03-02 21:39:00+00:00,,,,,,,,0.78,0.78,,0.0,0,False
2026-03-02 21:39:30+00:00,,,,,,,,0.78,0.78,,0.0,0,False
2026-03-02 21:40:00+00:00,,,,,,,,0.78,0.78,,0.0,0,False
2026-03-02 21:40:30+00:00,,,,,,,,0.78,0.78,,0.0,0,False
2026-03-02 21:41:00+00:00,,,,,,,,0.78,0.78,,0.0,0,False
2026-03-02 21:41:30+00:00,,,,,,,,0.78,0.78,,0.0,0,False
2026-03-02 21:42:00+00:00,,,,,,,,0.78,0.78,,0.0,0,False
2026-03-02 21:42:30+00:00,,,,,,,,0.78,0.78,,0.0,0,False
2026-03-02 21:43:00+00:00,,,,,,,,0.78,0.78,,0.0,0,False
2026-03-02 21:43:30+00:00,,,,,,,,0.78,0.78,,0.0,0,False
2026-03-02 21:44:00+00:00,,,,,,,,0.78,0.78,,0.0,0,False
2026-03-02 21:44:30+00:00,,,,,,,,0.78,0.78,,0.0,0,False
2026-03-02 21:45:00+00:00,,,,,,,,0.78,0.78,,255.0,2,False
2026-03-02 21:45:30+00:00,,,,,,,,0.78,0.78,,0.0,0,False
2026-03-02 21:46:00+00:00,,,,,,,,0.78,0.78,,0.0,0,False
2026-03-02 21:46:30+00:00,,,,,,,,0.78,0.78,,0.0,0,False
2026-03-02 21:47:00+00:00,,,,,,,,0.78,0.78,,0.0,0,False
2026-03-02 21:47:30+00:00,,,,,,,,0.77,0.77,,4.0,1,False
2026-03-02 21:48:00+00:00,,,,,,,,0.77,0.77,,0.0,0,False
2026-03-02 21:48:30+00:00,,,,,,,,0.77,0.77,,0.0,0,False
2026-03-02 21:49:00+00:00,,,,,,,,0.77,0.77,,0.0,0,False
2026-03-02 21:49:30+00:00,,,,,,,,0.77,0.77,,0.0,0,False
2026-03-02 21:50:00+00:00,,,,,,,,0.77,0.77,,0.0,0,False
2026-03-02 21:50:30+00:00,,,,,,,,0.77,0.77,,0.0,0,False
2026-03-02 21:51:00+00:00,,,,,,,,0.77,0.77,,0.0,0,False
2026-03-02 21:51:30+00:00,,,,,,,,0.77,0.77,,0.0,0,False
2026-03-02 21:52:00+00:00,,,,,,,,0.77,0.77,,0.0,0,False
2026-03-02 21:52:30+00:00,,,,,,,,0.77,0.77,,0.0,0,False
2026-03-02 21:53:00+00:00,,,,,,,,0.77,0.77,,0.0,0,False
2026-03-02 21:53:30+00:00,,,,,,,,0.77,0.77,,0.0,0,False
2026-03-02 21:54:00+00:00,,,,,,,,0.77,0.77,,0.0,0,False
2026-03-02 21:54:30+00:00,,,,,,,,0.77,0.77,,0.0,0,False
2026-03-02 21:55:00+00:00,,,,,,,,0.77,0.77,,0.0,0,False
2026-03-02 21:55:30+00:00,,,,,,,,0.77,0.77,,0.0,0,False
2026-03-02 21:56:00+00:00,,,,,,,,0.77,0.77,,0.0,0,False
2026-03-02 21:56:30+00:00,,,,,,,,0.77,0.77,,0.0,0,False
2026-03-02 21:57:00+00:00,,,,,,,,0.77,0.77,,0.0,0,False
2026-03-02 21:57:30+00:00,,,,,,,,0.77,0.77,,0.0,0,False
2026-03-02 21:58:00+00:00,,,,,,,,0.77,0.77,,0.0,0,False
2026-03-02 21:58:30+00:00,,,,,,,,0.77,0.77,,0.0,0,False
2026-03-02 21:59:00+00:00,,,,,,,,0.77,0.77,,0.0,0,False
2026-03-02 21:59:30+00:00,,,,,,,,0.77,0.77,,0.0,0,False
2026-03-02 22:00:00+00:00,,,,,,,,0.77,0.77,,0.0,0,False
2026-03-02 22:00:30+00:00,,,,,,,,0.77,0.77,,20.0,1,False
2026-03-02 22:01:00+00:00,,,,,,,,0.77,0.77,,0.0,0,False
2026-03-02 22:01:30+00:00,,,,,,,,0.77,0.77,,0.0,0,False
2026-03-02 22:02:00+00:00,,,,,,,,0.7799999999999999,0.78,,24.0,3,False
2026-03-02 22:02:30+00:00,,,,,,,,0.7799999999999999,0.78,,0.0,0,False
2026-03-02 22:03:00+00:00,,,,,,,,0.7799999999999999,0.78,,0.0,0,False
2026-03-02 22:03:30+00:00,,,,,,,,0.78,0.78,,11.0,2,False
2026-03-02 22:04:00+00:00,,,,,,,,0.78,0.78,,0.0,0,False
2026-03-02 22:04:30+00:00,,,,,,,,0.78,0.78,,0.0,0,False
2026-03-02 22:05:00+00:00,,,,,,,,0.78,0.78,,0.0,0,False
2026-03-02 22:05:30+00:00,,,,,,,,0.78,0.78,,0.0,0,False
2026-03-02 22:06:00+00:00,,,,,,,,0.78,0.78,,0.0,0,False
2026-03-02 22:06:30+00:00,,,,,,,,0.78,0.78,,0.0,0,False
2026-03-02 22:07:00+00:00,,,,,,,,0.78,0.78,,0.0,0,False
2026-03-02 22:07:30+00:00,,,,,,,,0.78,0.78,,1.0,1,False
2026-03-02 22:08:00+00:00,,,,,,,,0.78,0.78,,61.0,1,False
2026-03-02 22:08:30+00:00,,,,,,,,0.78,0.78,,0.0,0,False
2026-03-02 22:09:00+00:00,,,,,,,,0.78,0.78,,0.0,0,False
2026-03-02 22:09:30+00:00,,,,,,,,0.78,0.78,,0.0,0,False
2026-03-02 22:10:00+00:00,,,,,,,,0.78,0.78,,0.0,0,False
2026-03-02 22:10:30+00:00,,,,,,,,0.78,0.78,,0.0,0,False
2026-03-02 22:11:00+00:00,,,,,,,,0.78,0.78,,0.0,0,False
2026-03-02 22:11:30+00:00,,,,,,,,0.78,0.78,,31.0,1,False
2026-03-02 22:12:00+00:00,,,,,,,,0.78,0.78,,0.0,0,False
2026-03-02 22:12:30+00:00,,,,,,,,0.78,0.78,,0.0,0,False
2026-03-02 22:13:00+00:00,,,,,,,,0.78,0.78,,0.0,0,False
2026-03-02 22:13:30+00:00,,,,,,,,0.78,0.78,,0.0,0,False
2026-03-02 22:14:00+00:00,,,,,,,,0.78,0.78,,0.0,0,False
2026-03-02 22:14:30+00:00,,,,,,,,0.79,0.79,,6.0,1,False
2026-03-02 22:15:00+00:00,,,,,,,,0.79,0.79,,3.0,1,False
2026-03-02 22:15:30+00:00,,,,,,,,0.79,0.79,,0.0,0,False
2026-03-02 22:16:00+00:00,,,,,,,,0.79,0.79,,0.0,0,False
2026-03-02 22:16:30+00:00,,,,,,,,0.79,0.79,,12.0,1,False
2026-03-02 22:17:00+00:00,,,,,,,,0.79,0.79,,0.0,0,False
2026-03-02 22:17:30+00:00,,,,,,,,0.79,0.79,,0.0,0,False
2026-03-02 22:18:00+00:00,,,,,,,,0.79,0.79,,0.0,0,False
2026-03-02 22:18:30+00:00,,,,,,,,0.79,0.79,,0.0,0,False
2026-03-02 22:19:00+00:00,,,,,,,,0.79,0.79,,0.0,0,False
2026-03-02 22:19:30+00:00,,,,,,,,0.79,0.79,,0.0,0,False
2026-03-02 22:20:00+00:00,,,,,,,,0.79,0.79,,0.0,0,False
2026-03-02 22:20:30+00:00,,,,,,,,0.79,0.79,,0.0,0,False
2026-03-02 22:21:00+00:00,,,,,,,,0.79,0.79,,0.0,0,False
2026-03-02 22:21:30+00:00,,,,,,,,0.79,0.79,,0.0,0,False
2026-03-02 22:22:00+00:00,,,,,,,,0.79,0.79,,0.0,0,False
2026-03-02 22:22:30+00:00,,,,,,,,0.79,0.79,,0.0,0,False
2026-03-02 22:23:00+00:00,,,,,,,,0.79,0.79,,0.0,0,False
2026-03-02 22:23:30+00:00,,,,,,,,0.79,0.79,,0.0,0,False
2026-03-02 22:24:00+00:00,,,,,,,,0.79,0.79,,0.0,0,False
2026-03-02 22:24:30+00:00,,,,,,,,0.79,0.79,,0.0,0,False
2026-03-02 22:25:00+00:00,,,,,,,,0.79,0.79,,0.0,0,False
2026-03-02 22:25:30+00:00,,,,,,,,0.79,0.79,,0.0,0,False
2026-03-02 22:26:00+00:00,,,,,,,,0.79,0.79,,0.0,0,False
2026-03-02 22:26:30+00:00,,,,,,,,0.79,0.79,,0.0,0,False
2026-03-02 22:27:00+00:00,,,,,,,,0.79,0.79,,0.0,0,False
2026-03-02 22:27:30+00:00,,,,,,,,0.79,0.79,,0.0,0,False
2026-03-02 22:28:00+00:00,,,,,,,,0.79,0.79,,0.0,0,False
2026-03-02 22:28:30+00:00,,,,,,,,0.79,0.79,,0.0,0,False
2026-03-02 22:29:00+00:00,,,,,,,,0.79,0.79,,0.0,0,False
2026-03-02 22:29:30+00:00,,,,,,,,0.79,0.79,,0.0,0,False
2026-03-02 22:30:00+00:00,,,,,,,,0.79,0.79,,0.0,0,False
2026-03-02 22:30:30+00:00,,,,,,,,0.77,0.77,,125.0,1,False
2026-03-02 22:31:00+00:00,,,,,,,,0.77,0.77,,0.0,0,False
2026-03-02 22:31:30+00:00,,,,,,,,0.77,0.77,,0.0,0,False
2026-03-02 22:32:00+00:00,,,,,,,,0.77,0.77,,0.0,0,False
2026-03-02 22:32:30+00:00,,,,,,,,0.77,0.77,,0.0,0,False
2026-03-02 22:33:00+00:00,,,,,,,,0.77,0.77,,0.0,0,False
2026-03-02 22:33:30+00:00,,,,,,,,0.7900000000000001,0.79,,120.0,1,False
2026-03-02 22:34:00+00:00,,,,,,,,0.7900000000000001,0.79,,0.0,0,False
2026-03-02 22:34:30+00:00,,,,,,,,0.7900000000000001,0.79,,0.0,0,False
2026-03-02 22:35:00+00:00,,,,,,,,0.7900000000000001,0.79,,0.0,0,False
2026-03-02 22:35:30+00:00,,,,,,,,0.7900000000000001,0.79,,0.0,0,False
2026-03-02 22:36:00+00:00,,,,,,,,0.7900000000000001,0.79,,0.0,0,False
2026-03-02 22:36:30+00:00,,,,,,,,0.7900000000000001,0.79,,0.0,0,False
2026-03-02 22:37:00+00:00,,,,,,,,0.7900000000000001,0.79,,0.0,0,False
2026-03-02 22:37:30+00:00,,,,,,,,0.7900000000000001,0.79,,0.0,0,False
2026-03-02 22:38:00+00:00,,,,,,,,0.7900000000000001,0.79,,0.0,0,False
2026-03-02 22:38:30+00:00,,,,,,,,0.7900000000000001,0.79,,0.0,0,False
2026-03-02 22:39:00+00:00,,,,,,,,0.7900000000000001,0.79,,0.0,0,False
2026-03-02 22:39:30+00:00,,,,,,,,0.7900000000000001,0.79,,0.0,0,False
2026-03-02 22:40:00+00:00,,,,,,,,0.7900000000000001,0.79,,0.0,0,False
2026-03-02 22:40:30+00:00,,,,,,,,0.7900000000000001,0.79,,0.0,0,False
2026-03-02 22:41:00+00:00,,,,,,,,0.7900000000000001,0.79,,0.0,0,False
2026-03-02 22:41:30+00:00,,,,,,,,0.7900000000000001,0.79,,0.0,0,False
2026-03-02 22:42:00+00:00,,,,,,,,0.7900000000000001,0.79,,0.0,0,False
2026-03-02 22:42:30+00:00,,,,,,,,0.7900000000000001,0.79,,0.0,0,False
2026-03-02 22:43:00+00:00,,,,,,,,0.7900000000000001,0.79,,0.0,0,False
2026-03-02 22:43:30+00:00,,,,,,,,0.77,0.77,,22.0,1,False
2026-03-02 22:44:00+00:00,,,,,,,,0.7799999999999999,0.78,,6.0,1,False
2026-03-02 22:44:30+00:00,,,,,,,,0.7799999999999999,0.78,,0.0,0,False
2026-03-02 22:45:00+00:00,,,,,,,,0.7799999999999999,0.78,,0.0,0,False
2026-03-02 22:45:30+00:00,,,,,,,,0.7799999999999999,0.78,,0.0,0,False
2026-03-02 22:46:00+00:00,,,,,,,,0.7799999999999999,0.78,,0.0,0,False
2026-03-02 22:46:30+00:00,,,,,,,,0.7799999999999999,0.78,,0.0,0,False
2026-03-02 22:47:00+00:00,,,,,,,,0.79,0.79,,14.0,1,False
2026-03-02 22:47:30+00:00,,,,,,,,0.79,0.79,,0.0,0,False
2026-03-02 22:48:00+00:00,,,,,,,,0.79,0.79,,0.0,0,False
2026-03-02 22:48:30+00:00,,,,,,,,0.79,0.79,,0.0,0,False
2026-03-02 22:49:00+00:00,,,,,,,,0.79,0.79,,0.0,0,False
2026-03-02 22:49:30+00:00,,,,,,,,0.79,0.79,,0.0,0,False
2026-03-02 22:50:00+00:00,,,,,,,,0.7899999999999999,0.79,,52.0,1,False
2026-03-02 22:50:30+00:00,,,,,,,,0.7899999999999999,0.79,,0.0,0,False
2026-03-02 22:51:00+00:00,,,,,,,,0.79,0.79,,6.0,1,False
2026-03-02 22:51:30+00:00,,,,,,,,0.79,0.79,,0.0,0,False
2026-03-02 22:52:00+00:00,,,,,,,,0.79,0.79,,0.0,0,False
2026-03-02 22:52:30+00:00,,,,,,,,0.79,0.79,,0.0,0,False
2026-03-02 22:53:00+00:00,,,,,,,,0.7899999999999999,0.79,,258.0,2,False
2026-03-02 22:53:30+00:00,,,,,,,,0.7899999999999999,0.79,,0.0,0,False
2026-03-02 22:54:00+00:00,,,,,,,,0.7899999999999999,0.79,,0.0,0,False
2026-03-02 22:54:30+00:00,,,,,,,,0.7899999999999999,0.79,,0.0,0,False
2026-03-02 22:55:00+00:00,,,,,,,,0.7899999999999999,0.79,,0.0,0,False
2026-03-02 22:55:30+00:00,,,,,,,,0.7899999999999999,0.79,,0.0,0,False
2026-03-02 22:56:00+00:00,,,,,,,,0.7899999999999999,0.79,,0.0,0,False
2026-03-02 22:56:30+00:00,,,,,,,,0.7899999999999999,0.79,,0.0,0,False
2026-03-02 22:57:00+00:00,,,,,,,,0.79,0.79,,6.0,1,False
2026-03-02 22:57:30+00:00,,,,,,,,0.79,0.79,,0.0,0,False
2026-03-02 22:58:00+00:00,,,,,,,,0.7900000000000001,0.79,,30.0,1,False
2026-03-02 22:58:30+00:00,,,,,,,,0.7900000000000001,0.79,,0.0,0,False
2026-03-02 22:59:00+00:00,,,,,,,,0.7900000000000001,0.79,,0.0,0,False
2026-03-02 22:59:30+00:00,,,,,,,,0.7900000000000001,0.79,,0.0,0,False
2026-03-02 23:00:00+00:00,,,,,,,,0.7900000000000001,0.79,,0.0,0,False
2026-03-02 23:00:30+00:00,,,,,,,,0.7900000000000001,0.79,,0.0,0,False
2026-03-02 23:01:00+00:00,,,,,,,,0.7900000000000001,0.79,,0.0,0,False
2026-03-02 23:01:30+00:00,,,,,,,,0.7900000000000001,0.79,,0.0,0,False
2026-03-02 23:02:00+00:00,,,,,,,,0.7900000000000001,0.79,,0.0,0,False
2026-03-02 23:02:30+00:00,,,,,,,,0.7900000000000001,0.79,,0.0,0,False
2026-03-02 23:03:00+00:00,,,,,,,,0.76,0.76,,1.0,1,False
2026-03-02 23:03:30+00:00,,,,,,,,0.76,0.76,,0.0,0,False
2026-03-02 23:04:00+00:00,,,,,,,,0.76,0.76,,0.0,0,False
2026-03-02 23:04:30+00:00,,,,,,,,0.76,0.76,,0.0,0,False
2026-03-02 23:05:00+00:00,,,,,,,,0.79,0.79,,123.0,1,False
2026-03-02 23:05:30+00:00,,,,,,,,0.79,0.79,,0.0,0,False
2026-03-02 23:06:00+00:00,,,,,,,,0.79,0.79,,0.0,0,False
2026-03-02 23:06:30+00:00,,,,,,,,0.79,0.79,,0.0,0,False
2026-03-02 23:07:00+00:00,,,,,,,,0.79,0.79,,0.0,0,False
2026-03-02 23:07:30+00:00,,,,,,,,0.79,0.79,,0.0,0,False
2026-03-02 23:08:00+00:00,,,,,,,,0.79,0.79,,0.0,0,False
2026-03-02 23:08:30+00:00,,,,,,,,0.79,0.79,,0.0,0,False
2026-03-02 23:09:00+00:00,,,,,,,,0.79,0.79,,0.0,0,False
2026-03-02 23:09:30+00:00,,,,,,,,0.79,0.79,,0.0,0,False
2026-03-02 23:10:00+00:00,,,,,,,,0.79,0.79,,0.0,0,False
2026-03-02 23:10:30+00:00,,,,,,,,0.79,0.79,,0.0,0,False
2026-03-02 23:11:00+00:00,,,,,,,,0.79,0.79,,0.0,0,False
2026-03-02 23:11:30+00:00,,,,,,,,0.79,0.79,,0.0,0,False
2026-03-02 23:12:00+00:00,,,,,,,,0.79,0.79,,0.0,0,False
2026-03-02 23:12:30+00:00,,,,,,,,0.79,0.79,,61.0,1,False
2026-03-02 23:13:00+00:00,,,,,,,,0.79,0.79,,0.0,0,False
2026-03-02 23:13:30+00:00,,,,,,,,0.79,0.79,,0.0,0,False
2026-03-02 23:14:00+00:00,,,,,,,,0.79,0.79,,0.0,0,False
2026-03-02 23:14:30+00:00,,,,,,,,0.79,0.79,,0.0,0,False
2026-03-02 23:15:00+00:00,,,,,,,,0.79,0.79,,3.0,1,False
2026-03-02 23:15:30+00:00,,,,,,,,0.79,0.79,,0.0,0,False
2026-03-02 23:16:00+00:00,,,,,,,,0.79,0.79,,0.0,0,False
2026-03-02 23:16:30+00:00,,,,,,,,0.79,0.79,,0.0,0,False
2026-03-02 23:17:00+00:00,,,,,,,,0.79,0.79,,0.0,0,False
2026-03-02 23:17:30+00:00,,,,,,,,0.79,0.79,,0.0,0,False
2026-03-02 23:18:00+00:00,,,,,,,,0.79,0.79,,0.0,0,False
2026-03-02 23:18:30+00:00,,,,,,,,0.79,0.79,,0.0,0,False
2026-03-02 23:19:00+00:00,,,,,,,,0.79,0.79,,0.0,0,False
2026-03-02 23:19:30+00:00,,,,,,,,0.76,0.76,,59.0,1,False
2026-03-02 23:20:00+00:00,,,,,,,,0.76,0.76,,0.0,0,False
2026-03-02 23:20:30+00:00,,,,,,,,0.76,0.76,,0.0,0,False
2026-03-02 23:21:00+00:00,,,,,,,,0.76,0.76,,0.0,0,False
2026-03-02 23:21:30+00:00,,,,,,,,0.76,0.76,,0.0,0,False
2026-03-02 23:22:00+00:00,,,,,,,,0.76,0.76,,0.0,0,False
2026-03-02 23:22:30+00:00,,,,,,,,0.77,0.77,,31.0,1,False
2026-03-02 23:23:00+00:00,,,,,,,,0.77,0.77,,0.0,0,False
2026-03-02 23:23:30+00:00,,,,,,,,0.77,0.77,,0.0,0,False
2026-03-02 23:24:00+00:00,,,,,,,,0.77,0.77,,0.0,0,False
2026-03-02 23:24:30+00:00,,,,,,,,0.77,0.77,,0.0,0,False
2026-03-02 23:25:00+00:00,,,,,,,,0.77,0.77,,0.0,0,False
2026-03-02 23:25:30+00:00,,,,,,,,0.77,0.77,,0.0,0,False
2026-03-02 23:26:00+00:00,,,,,,,,0.77,0.77,,0.0,0,False
2026-03-02 23:26:30+00:00,,,,,,,,0.77,0.77,,0.0,0,False
2026-03-02 23:27:00+00:00,,,,,,,,0.77,0.77,,0.0,0,False
2026-03-02 23:27:30+00:00,,,,,,,,0.77,0.77,,0.0,0,False
2026-03-02 23:28:00+00:00,,,,,,,,0.77,0.77,,0.0,0,False
2026-03-02 23:28:30+00:00,,,,,,,,0.79,0.79,,61.0,2,False
2026-03-02 23:29:00+00:00,,,,,,,,0.79,0.79,,0.0,0,False
2026-03-02 23:29:30+00:00,,,,,,,,0.79,0.79,,0.0,0,False
2026-03-02 23:30:00+00:00,,,,,,,,0.79,0.79,,0.0,0,False
2026-03-02 23:30:30+00:00,,,,,,,,0.79,0.79,,0.0,0,False
2026-03-02 23:31:00+00:00,,,,,,,,0.79,0.79,,0.0,0,False
2026-03-02 23:31:30+00:00,,,,,,,,0.79,0.79,,0.0,0,False
2026-03-02 23:32:00+00:00,,,,,,,,0.79,0.79,,0.0,0,False
2026-03-02 23:32:30+00:00,,,,,,,,0.79,0.79,,0.0,0,False
2026-03-02 23:33:00+00:00,,,,,,,,0.79,0.79,,0.0,0,False
2026-03-02 23:33:30+00:00,,,,,,,,0.79,0.79,,0.0,0,False
2026-03-02 23:34:00+00:00,,,,,,,,0.79,0.79,,0.0,0,False
2026-03-02 23:34:30+00:00,,,,,,,,0.79,0.79,,18.0,1,False
2026-03-02 23:35:00+00:00,,,,,,,,0.79,0.79,,20.0,1,False
2026-03-02 23:35:30+00:00,,,,,,,,0.79,0.79,,0.0,0,False
2026-03-02 23:36:00+00:00,,,,,,,,0.79,0.79,,0.0,0,False
2026-03-02 23:36:30+00:00,,,,,,,,0.79,0.79,,0.0,0,False
2026-03-02 23:37:00+00:00,,,,,,,,0.79,0.79,,0.0,0,False
2026-03-02 23:37:30+00:00,,,,,,,,0.79,0.79,,0.0,0,False
2026-03-02 23:38:00+00:00,,,,,,,,0.79,0.79,,0.0,0,False
2026-03-02 23:38:30+00:00,,,,,,,,0.79,0.79,,0.0,0,False
2026-03-02 23:39:00+00:00,,,,,,,,0.79,0.79,,0.0,0,False
2026-03-02 23:39:30+00:00,,,,,,,,0.79,0.79,,0.0,0,False
2026-03-02 23:40:00+00:00,,,,,,,,0.79,0.79,,0.0,0,False
2026-03-02 23:40:30+00:00,,,,,,,,0.79,0.79,,0.0,0,False
2026-03-02 23:41:00+00:00,,,,,,,,0.79,0.79,,0.0,0,False
2026-03-02 23:41:30+00:00,,,,,,,,0.79,0.79,,0.0,0,False
2026-03-02 23:42:00+00:00,,,,,,,,0.79,0.79,,0.0,0,False
2026-03-02 23:42:30+00:00,,,,,,,,0.79,0.79,,0.0,0,False
2026-03-02 23:43:00+00:00,,,,,,,,0.79,0.79,,0.0,0,False
2026-03-02 23:43:30+00:00,,,,,,,,0.79,0.79,,0.0,0,False
2026-03-02 23:44:00+00:00,,,,,,,,0.78,0.78,,1.0,1,False
2026-03-02 23:44:30+00:00,,,,,,,,0.78,0.78,,0.0,0,False
2026-03-02 23:45:00+00:00,,,,,,,,0.78,0.78,,0.0,0,False
2026-03-02 23:45:30+00:00,,,,,,,,0.78,0.78,,0.0,0,False
2026-03-02 23:46:00+00:00,,,,,,,,0.78,0.78,,0.0,0,False
2026-03-02 23:46:30+00:00,,,,,,,,0.78,0.78,,0.0,0,False
2026-03-02 23:47:00+00:00,,,,,,,,0.76,0.76,,39.0,1,False
2026-03-02 23:47:30+00:00,,,,,,,,0.76,0.76,,0.0,0,False
2026-03-02 23:48:00+00:00,,,,,,,,0.76,0.76,,0.0,0,False
2026-03-02 23:48:30+00:00,,,,,,,,0.76,0.76,,0.0,0,False
2026-03-02 23:49:00+00:00,,,,,,,,0.76,0.76,,0.0,0,False
2026-03-02 23:49:30+00:00,,,,,,,,0.76,0.76,,0.0,0,False
2026-03-02 23:50:00+00:00,,,,,,,,0.76,0.76,,0.0,0,False
2026-03-02 23:50:30+00:00,,,,,,,,0.76,0.76,,0.0,0,False
2026-03-02 23:51:00+00:00,,,,,,,,0.78,0.78,,100.0,1,False
2026-03-02 23:51:30+00:00,,,,,,,,0.78,0.78,,0.0,0,False
2026-03-02 23:52:00+00:00,,,,,,,,0.78,0.78,,0.0,0,False
2026-03-02 23:52:30+00:00,,,,,,,,0.78,0.78,,0.0,0,False
2026-03-02 23:53:00+00:00,,,,,,,,0.78,0.78,,0.0,0,False
2026-03-02 23:53:30+00:00,,,,,,,,0.78,0.78,,0.0,0,False
2026-03-02 23:54:00+00:00,,,,,,,,0.78,0.78,,0.0,0,False
2026-03-02 23:54:30+00:00,,,,,,,,0.78,0.78,,0.0,0,False
2026-03-02 23:55:00+00:00,,,,,,,,0.78,0.78,,0.0,0,False
2026-03-02 23:55:30+00:00,,,,,,,,0.78,0.78,,0.0,0,False
2026-03-02 23:56:00+00:00,,,,,,,,0.78,0.78,,0.0,0,False
2026-03-02 23:56:30+00:00,,,,,,,,0.78,0.78,,0.0,0,False
2026-03-02 23:57:00+00:00,,,,,,,,0.78,0.78,,0.0,0,False
2026-03-02 23:57:30+00:00,,,,,,,,0.78,0.78,,0.0,0,False
2026-03-02 23:58:00+00:00,,,,,,,,0.78,0.78,,0.0,0,False
2026-03-02 23:58:30+00:00,,,,,,,,0.78,0.78,,0.0,0,False
2026-03-02 23:59:00+00:00,,,,,,,,0.78,0.78,,0.0,0,False
2026-03-02 23:59:30+00:00,,,,,,,,0.78,0.78,,0.0,0,False
2026-03-03 00:00:00+00:00,,,,,,,,0.78,0.78,,0.0,0,False
2026-03-03 00:00:30+00:00,,,,,,,,0.78,0.78,,0.0,0,False
2026-03-03 00:01:00+00:00,,,,,,,,0.78,0.78,,0.0,0,False
2026-03-03 00:01:30+00:00,,,,,,,,0.78,0.78,,0.0,0,False
2026-03-03 00:02:00+00:00,,,,,,,,0.78,0.78,,0.0,0,False
2026-03-03 00:02:30+00:00,,,,,,,,0.78,0.78,,0.0,0,False
2026-03-03 00:03:00+00:00,,,,,,,,0.78,0.78,,0.0,0,False
2026-03-03 00:03:30+00:00,,,,,,,,0.78,0.78,,0.0,0,False
2026-03-03 00:04:00+00:00,,,,,,,,0.78,0.78,,1.0,1,False
2026-03-03 00:04:30+00:00,,,,,,,,0.78,0.78,,0.0,0,False
2026-03-03 00:05:00+00:00,,,,,,,,0.78,0.78,,0.0,0,False
2026-03-03 00:05:30+00:00,,,,,,,,0.78,0.78,,0.0,0,False
2026-03-03 00:06:00+00:00,,,,,,,,0.78,0.78,,0.0,0,False
2026-03-03 00:06:30+00:00,,,,,,,,0.78,0.78,,0.0,0,False
2026-03-03 00:07:00+00:00,,,,,,,,0.78,0.78,,0.0,0,False
2026-03-03 00:07:30+00:00,,,,,,,,0.78,0.78,,0.0,0,False
2026-03-03 00:08:00+00:00,,,,,,,,0.78,0.78,,0.0,0,False
2026-03-03 00:08:30+00:00,,,,,,,,0.78,0.78,,0.0,0,False
2026-03-03 00:09:00+00:00,,,,,,,,0.78,0.78,,0.0,0,False
2026-03-03 00:09:30+00:00,,,,,,,,0.763125,0.77,,400.0,3,False
2026-03-03 00:10:00+00:00,,,,,,,,0.763125,0.77,,0.0,0,False
2026-03-03 00:10:30+00:00,,,,,,,,0.763125,0.77,,0.0,0,False
2026-03-03 00:11:00+00:00,,,,,,,,0.763125,0.77,,0.0,0,False
2026-03-03 00:11:30+00:00,,,,,,,,0.763125,0.77,,0.0,0,False
2026-03-03 00:12:00+00:00,,,,,,,,0.763125,0.77,,0.0,0,False
2026-03-03 00:12:30+00:00,,,,,,,,0.763125,0.77,,0.0,0,False
2026-03-03 00:13:00+00:00,,,,,,,,0.763125,0.77,,0.0,0,False
2026-03-03 00:13:30+00:00,,,,,,,,0.763125,0.77,,0.0,0,False
2026-03-03 00:14:00+00:00,,,,,,,,0.763125,0.77,,0.0,0,False
2026-03-03 00:14:30+00:00,,,,,,,,0.763125,0.77,,0.0,0,False
2026-03-03 00:15:00+00:00,,,,,,,,0.763125,0.77,,0.0,0,False
2026-03-03 00:15:30+00:00,,,,,,,,0.763125,0.77,,0.0,0,False
2026-03-03 00:16:00+00:00,,,,,,,,0.763125,0.77,,0.0,0,False
2026-03-03 00:16:30+00:00,,,,,,,,0.763125,0.77,,0.0,0,False
2026-03-03 00:17:00+00:00,,,,,,,,0.763125,0.77,,0.0,0,False
2026-03-03 00:17:30+00:00,,,,,,,,0.763125,0.77,,0.0,0,False
2026-03-03 00:18:00+00:00,,,,,,,,0.763125,0.77,,0.0,0,False
2026-03-03 00:18:30+00:00,,,,,,,,0.763125,0.77,,0.0,0,False
2026-03-03 00:19:00+00:00,,,,,,,,0.763125,0.77,,0.0,0,False
2026-03-03 00:19:30+00:00,,,,,,,,0.763125,0.77,,0.0,0,False
2026-03-03 00:20:00+00:00,,,,,,,,0.763125,0.77,,0.0,0,False
2026-03-03 00:20:30+00:00,,,,,,,,0.78,0.78,,2.0,1,False
2026-03-03 00:21:00+00:00,,,,,,,,0.77,0.77,,10.0,1,False
2026-03-03 00:21:30+00:00,,,,,,,,0.77,0.77,,0.0,0,False
2026-03-03 00:22:00+00:00,,,,,,,,0.77,0.77,,0.0,0,False
2026-03-03 00:22:30+00:00,,,,,,,,0.77,0.77,,10.0,1,False
2026-03-03 00:23:00+00:00,,,,,,,,0.77,0.77,,0.0,0,False
2026-03-03 00:23:30+00:00,,,,,,,,0.77,0.77,,0.0,0,False
2026-03-03 00:24:00+00:00,,,,,,,,0.77,0.77,,0.0,0,False
2026-03-03 00:24:30+00:00,,,,,,,,0.77,0.77,,0.0,0,False
2026-03-03 00:25:00+00:00,,,,,,,,0.7799364069952305,0.77,,629.0,2,False
2026-03-03 00:25:30+00:00,,,,,,,,0.7799364069952305,0.77,,0.0,0,False
2026-03-03 00:26:00+00:00,,,,,,,,0.7799364069952305,0.77,,0.0,0,False
2026-03-03 00:26:30+00:00,,,,,,,,0.78,0.78,,30.0,1,False
2026-03-03 00:27:00+00:00,,,,,,,,0.78,0.78,,0.0,0,False
2026-03-03 00:27:30+00:00,,,,,,,,0.77,0.77,,4.0,1,False
2026-03-03 00:28:00+00:00,,,,,,,,0.77,0.77,,0.0,0,False
2026-03-03 00:28:30+00:00,,,,,,,,0.78,0.78,,20.0,1,False
2026-03-03 00:29:00+00:00,,,,,,,,0.77,0.77,,1.0,1,False
2026-03-03 00:29:30+00:00,,,,,,,,0.77,0.77,,0.0,0,False
2026-03-03 00:30:00+00:00,,,,,,,,0.77,0.77,,0.0,0,False
2026-03-03 00:30:30+00:00,,,,,,,,0.77,0.77,,0.0,0,False
2026-03-03 00:31:00+00:00,,,,,,,,0.77,0.77,,0.0,0,False
2026-03-03 00:31:30+00:00,,,,,,,,0.77,0.77,,0.0,0,False
2026-03-03 00:32:00+00:00,,,,,,,,0.78,0.78,,491.0,1,False
2026-03-03 00:32:30+00:00,,,,,,,,0.78,0.78,,0.0,0,False
2026-03-03 00:33:00+00:00,,,,,,,,0.78,0.78,,0.0,0,False
2026-03-03 00:33:30+00:00,,,,,,,,0.78,0.78,,0.0,0,False
2026-03-03 00:34:00+00:00,,,,,,,,0.78,0.78,,0.0,0,False
2026-03-03 00:34:30+00:00,,,,,,,,0.78,0.78,,0.0,0,False
2026-03-03 00:35:00+00:00,,,,,,,,0.78,0.78,,0.0,0,False
2026-03-03 00:35:30+00:00,,,,,,,,0.78,0.78,,0.0,0,False
2026-03-03 00:36:00+00:00,,,,,,,,0.78,0.78,,0.0,0,False
2026-03-03 00:36:30+00:00,,,,,,,,0.7799999999999999,0.78,,21.0,1,False
2026-03-03 00:37:00+00:00,,,,,,,,0.7799999999999999,0.78,,0.0,0,False
2026-03-03 00:37:30+00:00,,,,,,,,0.7799999999999999,0.78,,0.0,0,False
2026-03-03 00:38:00+00:00,,,,,,,,0.7799999999999999,0.78,,0.0,0,False
2026-03-03 00:38:30+00:00,,,,,,,,0.78,0.78,,30.0,1,False
2026-03-03 00:39:00+00:00,,,,,,,,0.78,0.78,,270.0,4,False
2026-03-03 00:39:30+00:00,,,,,,,,0.78,0.78,,0.0,0,False
2026-03-03 00:40:00+00:00,,,,,,,,0.78,0.78,,0.0,0,False
2026-03-03 00:40:30+00:00,,,,,,,,0.78,0.78,,0.0,0,False
2026-03-03 00:41:00+00:00,,,,,,,,0.78,0.78,,0.0,0,False
2026-03-03 00:41:30+00:00,,,,,,,,0.78,0.78,,0.0,0,False
2026-03-03 00:42:00+00:00,,,,,,,,0.78,0.78,,0.0,0,False
2026-03-03 00:42:30+00:00,,,,,,,,0.78,0.78,,0.0,0,False
2026-03-03 00:43:00+00:00,,,,,,,,0.78,0.78,,0.0,0,False
2026-03-03 00:43:30+00:00,,,,,,,,0.78,0.78,,0.0,0,False
2026-03-03 00:44:00+00:00,,,,,,,,0.78,0.78,,0.0,0,False
2026-03-03 00:44:30+00:00,,,,,,,,0.78,0.78,,0.0,0,False
2026-03-03 00:45:00+00:00,,,,,,,,0.78,0.78,,0.0,0,False
2026-03-03 00:45:30+00:00,,,,,,,,0.78,0.78,,4.0,2,False
2026-03-03 00:46:00+00:00,,,,,,,,0.78,0.78,,0.0,0,False
2026-03-03 00:46:30+00:00,,,,,,,,0.78,0.78,,416.0,3,False
2026-03-03 00:47:00+00:00,,,,,,,,0.78,0.78,,0.0,0,False
2026-03-03 00:47:30+00:00,,,,,,,,0.78,0.78,,4.0,1,False
2026-03-03 00:48:00+00:00,,,,,,,,0.78,0.78,,0.0,0,False
2026-03-03 00:48:30+00:00,,,,,,,,0.78,0.78,,0.0,0,False
2026-03-03 00:49:00+00:00,,,,,,,,0.78,0.78,,0.0,0,False
2026-03-03 00:49:30+00:00,,,,,,,,0.78,0.78,,0.0,0,False
2026-03-03 00:50:00+00:00,,,,,,,,0.78,0.78,,0.0,0,False
2026-03-03 00:50:30+00:00,,,,,,,,0.78,0.78,,0.0,0,False
2026-03-03 00:51:00+00:00,,,,,,,,0.78,0.78,,0.0,0,False
2026-03-03 00:51:30+00:00,,,,,,,,0.78,0.78,,0.0,0,False
2026-03-03 00:52:00+00:00,,,,,,,,0.78,0.78,,0.0,0,False
2026-03-03 00:52:30+00:00,,,,,,,,0.78,0.78,,0.0,0,False
2026-03-03 00:53:00+00:00,,,,,,,,0.78,0.78,,0.0,0,False
2026-03-03 00:53:30+00:00,,,,,,,,0.78,0.78,,0.0,0,False
2026-03-03 00:54:00+00:00,,,,,,,,0.78,0.78,,0.0,0,False
2026-03-03 00:54:30+00:00,,,,,,,,0.78,0.78,,0.0,0,False
2026-03-03 00:55:00+00:00,,,,,,,,0.78,0.78,,0.0,0,False
2026-03-03 00:55:30+00:00,,,,,,,,0.78,0.78,,0.0,0,False
2026-03-03 00:56:00+00:00,,,,,,,,0.78,0.78,,0.0,0,False
2026-03-03 00:56:30+00:00,,,,,,,,0.78,0.78,,0.0,0,False
2026-03-03 00:57:00+00:00,,,,,,,,0.78,0.78,,0.0,0,False
2026-03-03 00:57:30+00:00,,,,,,,,0.77,0.77,,123.0,1,False
2026-03-03 00:58:00+00:00,,,,,,,,0.77,0.77,,0.0,0,False
2026-03-03 00:58:30+00:00,,,,,,,,0.77,0.77,,0.0,0,False
2026-03-03 00:59:00+00:00,,,,,,,,0.77,0.77,,0.0,0,False
2026-03-03 00:59:30+00:00,,,,,,,,0.77,0.77,,0.0,0,False
2026-03-03 01:00:00+00:00,,,,,,,,0.77,0.77,,0.0,0,False
2026-03-03 01:00:30+00:00,,,,,,,,0.77,0.77,,0.0,0,False
2026-03-03 01:01:00+00:00,,,,,,,,0.77,0.77,,0.0,0,False
2026-03-03 01:01:30+00:00,,,,,,,,0.77,0.77,,0.0,0,False
2026-03-03 01:02:00+00:00,,,,,,,,0.77,0.77,,0.0,0,False
2026-03-03 01:02:30+00:00,,,,,,,,0.77,0.77,,0.0,0,False
2026-03-03 01:03:00+00:00,,,,,,,,0.77,0.77,,0.0,0,False
2026-03-03 01:03:30+00:00,,,,,,,,0.78,0.78,,1557.0,10,False
2026-03-03 01:04:00+00:00,,,,,,,,0.79,0.79,,19.0,1,False
2026-03-03 01:04:30+00:00,,,,,,,,0.79,0.79,,3.0,1,False
2026-03-03 01:05:00+00:00,,,,,,,,0.79,0.79,,0.0,0,False
2026-03-03 01:05:30+00:00,,,,,,,,0.79,0.79,,0.0,0,False
2026-03-03 01:06:00+00:00,,,,,,,,0.7833333333333333,0.79,,30.0,2,False
2026-03-03 01:06:30+00:00,,,,,,,,0.7833333333333333,0.79,,0.0,0,False
2026-03-03 01:07:00+00:00,,,,,,,,0.7833333333333333,0.79,,0.0,0,False
2026-03-03 01:07:30+00:00,,,,,,,,0.7833333333333333,0.79,,0.0,0,False
2026-03-03 01:08:00+00:00,,,,,,,,0.7833333333333333,0.79,,0.0,0,False
2026-03-03 01:08:30+00:00,,,,,,,,0.7833333333333333,0.79,,0.0,0,False
2026-03-03 01:09:00+00:00,,,,,,,,0.7833333333333333,0.79,,0.0,0,False
2026-03-03 01:09:30+00:00,,,,,,,,0.7833333333333333,0.79,,0.0,0,False
2026-03-03 01:10:00+00:00,,,,,,,,0.7833333333333333,0.79,,0.0,0,False
2026-03-03 01:10:30+00:00,,,,,,,,0.7833333333333333,0.79,,0.0,0,False
2026-03-03 01:11:00+00:00,,,,,,,,0.7833333333333333,0.79,,0.0,0,False
2026-03-03 01:11:30+00:00,,,,,,,,0.7833333333333333,0.79,,0.0,0,False
2026-03-03 01:12:00+00:00,,,,,,,,0.7833333333333333,0.79,,0.0,0,False
2026-03-03 01:12:30+00:00,,,,,,,,0.7833333333333333,0.79,,0.0,0,False
2026-03-03 01:13:00+00:00,,,,,,,,0.7833333333333333,0.79,,0.0,0,False
2026-03-03 01:13:30+00:00,,,,,,,,0.7833333333333333,0.79,,0.0,0,False
2026-03-03 01:14:00+00:00,,,,,,,,0.7833333333333333,0.79,,0.0,0,False
2026-03-03 01:14:30+00:00,,,,,,,,0.7833333333333333,0.79,,0.0,0,False
2026-03-03 01:15:00+00:00,,,,,,,,0.7833333333333333,0.79,,0.0,0,False
2026-03-03 01:15:30+00:00,,,,,,,,0.7833333333333333,0.79,,0.0,0,False
2026-03-03 01:16:00+00:00,,,,,,,,0.7833333333333333,0.79,,0.0,0,False
2026-03-03 01:16:30+00:00,,,,,,,,0.7833333333333333,0.79,,0.0,0,False
2026-03-03 01:17:00+00:00,,,,,,,,0.7833333333333333,0.79,,0.0,0,False
2026-03-03 01:17:30+00:00,,,,,,,,0.7833333333333333,0.79,,0.0,0,False
2026-03-03 01:18:00+00:00,,,,,,,,0.7833333333333333,0.79,,0.0,0,False
2026-03-03 01:18:30+00:00,,,,,,,,0.7833333333333333,0.79,,0.0,0,False
2026-03-03 01:19:00+00:00,,,,,,,,0.7833333333333333,0.79,,0.0,0,False
2026-03-03 01:19:30+00:00,,,,,,,,0.7833333333333333,0.79,,0.0,0,False
2026-03-03 01:20:00+00:00,,,,,,,,0.7833333333333333,0.79,,0.0,0,False
2026-03-03 01:20:30+00:00,,,,,,,,0.7833333333333333,0.79,,0.0,0,False
2026-03-03 01:21:00+00:00,,,,,,,,0.7833333333333333,0.79,,0.0,0,False
2026-03-03 01:21:30+00:00,,,,,,,,0.7833333333333333,0.79,,0.0,0,False
2026-03-03 01:22:00+00:00,,,,,,,,0.79,0.79,,21.0,1,False
2026-03-03 01:22:30+00:00,,,,,,,,0.79,0.79,,0.0,0,False
2026-03-03 01:23:00+00:00,,,,,,,,0.79,0.79,,0.0,0,False
2026-03-03 01:23:30+00:00,,,,,,,,0.79,0.79,,0.0,0,False
2026-03-03 01:24:00+00:00,,,,,,,,0.79,0.79,,124.0,1,False
2026-03-03 01:24:30+00:00,,,,,,,,0.79,0.79,,0.0,0,False
2026-03-03 01:25:00+00:00,,,,,,,,0.79,0.79,,0.0,0,False
2026-03-03 01:25:30+00:00,,,,,,,,0.79,0.79,,0.0,0,False
2026-03-03 01:26:00+00:00,,,,,,,,0.79,0.79,,0.0,0,False
2026-03-03 01:26:30+00:00,,,,,,,,0.79,0.79,,0.0,0,False
2026-03-03 01:27:00+00:00,,,,,,,,0.79,0.79,,0.0,0,False
2026-03-03 01:27:30+00:00,,,,,,,,0.79,0.79,,0.0,0,False
2026-03-03 01:28:00+00:00,,,,,,,,0.79,0.79,,0.0,0,False
2026-03-03 01:28:30+00:00,,,,,,,,0.79,0.79,,0.0,0,False
2026-03-03 01:29:00+00:00,,,,,,,,0.79,0.79,,12.0,1,False
2026-03-03 01:29:30+00:00,,,,,,,,0.79,0.79,,0.0,0,False
2026-03-03 01:30:00+00:00,,,,,,,,0.79,0.79,,0.0,0,False
2026-03-03 01:30:30+00:00,,,,,,,,0.79,0.79,,0.0,0,False
2026-03-03 01:31:00+00:00,,,,,,,,0.79,0.79,,0.0,0,False
2026-03-03 01:31:30+00:00,,,,,,,,0.79,0.79,,0.0,0,False
2026-03-03 01:32:00+00:00,,,,,,,,0.79,0.79,,0.0,0,False
2026-03-03 01:32:30+00:00,,,,,,,,0.79,0.79,,0.0,0,False
2026-03-03 01:33:00+00:00,,,,,,,,0.79,0.79,,0.0,0,False
2026-03-03 01:33:30+00:00,,,,,,,,0.79,0.79,,0.0,0,False
2026-03-03 01:34:00+00:00,,,,,,,,0.79,0.79,,0.0,0,False
2026-03-03 01:34:30+00:00,,,,,,,,0.79,0.79,,0.0,0,False
2026-03-03 01:35:00+00:00,,,,,,,,0.79,0.79,,0.0,0,False
2026-03-03 01:35:30+00:00,,,,,,,,0.79,0.79,,0.0,0,False
2026-03-03 01:36:00+00:00,,,,,,,,0.79,0.79,,0.0,0,False
2026-03-03 01:36:30+00:00,,,,,,,,0.79,0.79,,21.0,1,False
2026-03-03 01:37:00+00:00,,,,,,,,0.79,0.79,,0.0,0,False
2026-03-03 01:37:30+00:00,,,,,,,,0.77,0.77,,3.0,1,False
2026-03-03 01:38:00+00:00,,,,,,,,0.7799999999999999,0.78,,21.0,1,False
2026-03-03 01:38:30+00:00,,,,,,,,0.797,0.79,,10.0,2,False
2026-03-03 01:39:00+00:00,,,,,,,,0.797,0.79,,0.0,0,False
2026-03-03 01:39:30+00:00,,,,,,,,0.79,0.79,,750.0,6,False
2026-03-03 01:40:00+00:00,,,,,,,,0.79,0.79,,600.0,4,False
2026-03-03 01:40:30+00:00,,,,,,,,0.79,0.79,,0.0,0,False
2026-03-03 01:41:00+00:00,,,,,,,,0.79,0.79,,0.0,0,False
2026-03-03 01:41:30+00:00,,,,,,,,0.79,0.79,,0.0,0,False
2026-03-03 01:42:00+00:00,,,,,,,,0.79,0.79,,0.0,0,False
2026-03-03 01:42:30+00:00,,,,,,,,0.79,0.79,,0.0,0,False
2026-03-03 01:43:00+00:00,,,,,,,,0.79,0.79,,0.0,0,False
2026-03-03 01:43:30+00:00,,,,,,,,0.79,0.79,,0.0,0,False
2026-03-03 01:44:00+00:00,,,,,,,,0.79,0.79,,0.0,0,False
2026-03-03 01:44:30+00:00,,,,,,,,0.7900000000000001,0.79,,748.0,1,False
2026-03-03 01:45:00+00:00,,,,,,,,0.7900000000000001,0.79,,0.0,0,False
2026-03-03 01:45:30+00:00,,,,,,,,0.7900000000000001,0.79,,0.0,0,False
2026-03-03 01:46:00+00:00,,,,,,,,0.7900000000000001,0.79,,0.0,0,False
2026-03-03 01:46:30+00:00,,,,,,,,0.7900000000000001,0.79,,0.0,0,False
2026-03-03 01:47:00+00:00,,,,,,,,0.7900000000000001,0.79,,0.0,0,False
2026-03-03 01:47:30+00:00,,,,,,,,0.7900000000000001,0.79,,0.0,0,False
2026-03-03 01:48:00+00:00,,,,,,,,0.7900000000000001,0.79,,0.0,0,False
2026-03-03 01:48:30+00:00,,,,,,,,0.7900000000000001,0.79,,0.0,0,False
2026-03-03 01:49:00+00:00,,,,,,,,0.7900000000000001,0.79,,0.0,0,False
2026-03-03 01:49:30+00:00,,,,,,,,0.7900000000000001,0.79,,0.0,0,False
2026-03-03 01:50:00+00:00,,,,,,,,0.7900000000000001,0.79,,0.0,0,False
2026-03-03 01:50:30+00:00,,,,,,,,0.7900000000000001,0.79,,0.0,0,False
2026-03-03 01:51:00+00:00,,,,,,,,0.7900000000000001,0.79,,0.0,0,False
2026-03-03 01:51:30+00:00,,,,,,,,0.7900000000000001,0.79,,0.0,0,False
2026-03-03 01:52:00+00:00,,,,,,,,0.7900000000000001,0.79,,0.0,0,False
2026-03-03 01:52:30+00:00,,,,,,,,0.7900000000000001,0.79,,0.0,0,False
2026-03-03 01:53:00+00:00,,,,,,,,0.7900000000000001,0.79,,0.0,0,False
2026-03-03 01:53:30+00:00,,,,,,,,0.7900000000000001,0.79,,0.0,0,False
2026-03-03 01:54:00+00:00,,,,,,,,0.7900000000000001,0.79,,0.0,0,False
2026-03-03 01:54:30+00:00,,,,,,,,0.7900000000000001,0.79,,0.0,0,False
2026-03-03 01:55:00+00:00,,,,,,,,0.7900000000000001,0.79,,0.0,0,False
2026-03-03 01:55:30+00:00,,,,,,,,0.7900000000000001,0.79,,0.0,0,False
2026-03-03 01:56:00+00:00,,,,,,,,0.7900000000000001,0.79,,0.0,0,False
2026-03-03 01:56:30+00:00,,,,,,,,0.7900000000000001,0.79,,0.0,0,False
2026-03-03 01:57:00+00:00,,,,,,,,0.7900000000000001,0.79,,0.0,0,False
2026-03-03 01:57:30+00:00,,,,,,,,0.7900000000000001,0.79,,0.0,0,False
2026-03-03 01:58:00+00:00,,,,,,,,0.7900000000000001,0.79,,0.0,0,False
2026-03-03 01:58:30+00:00,,,,,,,,0.7900000000000001,0.79,,0.0,0,False
2026-03-03 01:59:00+00:00,,,,,,,,0.7900000000000001,0.79,,0.0,0,False
2026-03-03 01:59:30+00:00,,,,,,,,0.8,0.8,,40.0,1,False
2026-03-03 02:00:00+00:00,,,,,,,,0.8,0.8,,0.0,0,False
2026-03-03 02:00:30+00:00,,,,,,,,0.8,0.8,,0.0,0,False
2026-03-03 02:01:00+00:00,,,,,,,,0.8,0.8,,0.0,0,False
2026-03-03 02:01:30+00:00,,,,,,,,0.8,0.8,,0.0,0,False
2026-03-03 02:02:00+00:00,,,,,,,,0.8,0.8,,0.0,0,False
2026-03-03 02:02:30+00:00,,,,,,,,0.8,0.8,,1000.0,1,False
2026-03-03 02:03:00+00:00,,,,,,,,0.8,0.8,,0.0,0,False
2026-03-03 02:03:30+00:00,,,,,,,,0.8,0.8,,0.0,0,False
2026-03-03 02:04:00+00:00,,,,,,,,0.8,0.8,,0.0,0,False
2026-03-03 02:04:30+00:00,,,,,,,,0.8,0.8,,0.0,0,False
2026-03-03 02:05:00+00:00,,,,,,,,0.8,0.8,,0.0,0,False
2026-03-03 02:05:30+00:00,,,,,,,,0.8,0.8,,0.0,0,False
2026-03-03 02:06:00+00:00,,,,,,,,0.8,0.8,,0.0,0,False
2026-03-03 02:06:30+00:00,,,,,,,,0.8,0.8,,0.0,0,False
2026-03-03 02:07:00+00:00,,,,,,,,0.8,0.8,,0.0,0,False
2026-03-03 02:07:30+00:00,,,,,,,,0.8,0.8,,0.0,0,False
2026-03-03 02:08:00+00:00,,,,,,,,0.8,0.8,,0.0,0,False
2026-03-03 02:08:30+00:00,,,,,,,,0.8,0.8,,0.0,0,False
2026-03-03 02:09:00+00:00,,,,,,,,0.8,0.8,,0.0,0,False
2026-03-03 02:09:30+00:00,,,,,,,,0.78,0.78,,25.0,1,False
2026-03-03 02:10:00+00:00,,,,,,,,0.78,0.78,,0.0,0,False
2026-03-03 02:10:30+00:00,,,,,,,,0.78,0.78,,0.0,0,False
2026-03-03 02:11:00+00:00,,,,,,,,0.78,0.78,,0.0,0,False
2026-03-03 02:11:30+00:00,,,,,,,,0.78,0.78,,0.0,0,False
2026-03-03 02:12:00+00:00,,,,,,,,0.78,0.78,,0.0,0,False
2026-03-03 02:12:30+00:00,,,,,,,,0.78,0.78,,0.0,0,False
2026-03-03 02:13:00+00:00,,,,,,,,0.78,0.78,,0.0,0,False
2026-03-03 02:13:30+00:00,,,,,,,,0.78,0.78,,0.0,0,False
2026-03-03 02:14:00+00:00,,,,,,,,0.78,0.78,,10.0,1,False
2026-03-03 02:14:30+00:00,,,,,,,,0.78,0.78,,0.0,0,False
2026-03-03 02:15:00+00:00,,,,,,,,0.78,0.78,,0.0,0,False
2026-03-03 02:15:30+00:00,,,,,,,,0.78,0.78,,0.0,0,False
2026-03-03 02:16:00+00:00,,,,,,,,0.8000000000000002,0.8,,12.0,1,False
2026-03-03 02:16:30+00:00,,,,,,,,0.8000000000000002,0.8,,0.0,0,False
2026-03-03 02:17:00+00:00,,,,,,,,0.8000000000000002,0.8,,0.0,0,False
2026-03-03 02:17:30+00:00,,,,,,,,0.8000000000000002,0.8,,0.0,0,False
2026-03-03 02:18:00+00:00,,,,,,,,0.8000000000000002,0.8,,0.0,0,False
2026-03-03 02:18:30+00:00,,,,,,,,0.8000000000000002,0.8,,0.0,0,False
2026-03-03 02:19:00+00:00,,,,,,,,0.8000000000000002,0.8,,0.0,0,False
2026-03-03 02:19:30+00:00,,,,,,,,0.8000000000000002,0.8,,0.0,0,False
2026-03-03 02:20:00+00:00,,,,,,,,0.8000000000000002,0.8,,0.0,0,False
2026-03-03 02:20:30+00:00,,,,,,,,0.8000000000000002,0.8,,0.0,0,False
2026-03-03 02:21:00+00:00,,,,,,,,0.8000000000000002,0.8,,0.0,0,False
2026-03-03 02:21:30+00:00,,,,,,,,0.8000000000000002,0.8,,0.0,0,False
2026-03-03 02:22:00+00:00,,,,,,,,0.8000000000000002,0.8,,0.0,0,False
2026-03-03 02:22:30+00:00,,,,,,,,0.8000000000000002,0.8,,0.0,0,False
2026-03-03 02:23:00+00:00,,,,,,,,0.8000000000000002,0.8,,0.0,0,False
2026-03-03 02:23:30+00:00,,,,,,,,0.8000000000000002,0.8,,0.0,0,False
2026-03-03 02:24:00+00:00,,,,,,,,0.8000000000000002,0.8,,0.0,0,False
2026-03-03 02:24:30+00:00,,,,,,,,0.8000000000000002,0.8,,0.0,0,False
2026-03-03 02:25:00+00:00,,,,,,,,0.8000000000000002,0.8,,0.0,0,False
2026-03-03 02:25:30+00:00,,,,,,,,0.8000000000000002,0.8,,3.0,1,False
2026-03-03 02:26:00+00:00,,,,,,,,0.8000000000000002,0.8,,0.0,0,False
2026-03-03 02:26:30+00:00,,,,,,,,0.8000000000000002,0.8,,0.0,0,False
2026-03-03 02:27:00+00:00,,,,,,,,0.8,0.8,,16.0,1,False
2026-03-03 02:27:30+00:00,,,,,,,,0.8,0.8,,0.0,0,False
2026-03-03 02:28:00+00:00,,,,,,,,0.8,0.8,,0.0,0,False
2026-03-03 02:28:30+00:00,,,,,,,,0.8,0.8,,0.0,0,False
2026-03-03 02:29:00+00:00,,,,,,,,0.8,0.8,,0.0,0,False
2026-03-03 02:29:30+00:00,,,,,,,,0.8,0.8,,0.0,0,False
2026-03-03 02:30:00+00:00,,,,,,,,0.8,0.8,,0.0,0,False
2026-03-03 02:30:30+00:00,,,,,,,,0.8,0.8,,0.0,0,False
2026-03-03 02:31:00+00:00,,,,,,,,0.8,0.8,,0.0,0,False
2026-03-03 02:31:30+00:00,,,,,,,,0.8,0.8,,0.0,0,False
2026-03-03 02:32:00+00:00,,,,,,,,0.8,0.8,,0.0,0,False
2026-03-03 02:32:30+00:00,,,,,,,,0.8,0.8,,0.0,0,False
2026-03-03 02:33:00+00:00,,,,,,,,0.8,0.8,,0.0,0,False
2026-03-03 02:33:30+00:00,,,,,,,,0.8,0.8,,0.0,0,False
2026-03-03 02:34:00+00:00,,,,,,,,0.8,0.8,,0.0,0,False
2026-03-03 02:34:30+00:00,,,,,,,,0.8,0.8,,0.0,0,False
2026-03-03 02:35:00+00:00,,,,,,,,0.8,0.8,,0.0,0,False
2026-03-03 02:35:30+00:00,,,,,,,,0.8,0.8,,0.0,0,False
2026-03-03 02:36:00+00:00,,,,,,,,0.8,0.8,,0.0,0,False
2026-03-03 02:36:30+00:00,,,,,,,,0.8,0.8,,0.0,0,False
2026-03-03 02:37:00+00:00,,,,,,,,0.8,0.8,,0.0,0,False
2026-03-03 02:37:30+00:00,,,,,,,,0.8,0.8,,255.0,2,False
2026-03-03 02:38:00+00:00,,,,,,,,0.8,0.8,,0.0,0,False
2026-03-03 02:38:30+00:00,,,,,,,,0.8,0.8,,0.0,0,False
2026-03-03 02:39:00+00:00,,,,,,,,0.8,0.8,,0.0,0,False
2026-03-03 02:39:30+00:00,,,,,,,,0.8,0.8,,0.0,0,False
2026-03-03 02:40:00+00:00,,,,,,,,0.8000000000000002,0.8,,3.0,1,False
2026-03-03 02:40:30+00:00,,,,,,,,0.8000000000000002,0.8,,0.0,0,False
2026-03-03 02:41:00+00:00,,,,,,,,0.8000000000000002,0.8,,0.0,0,False
2026-03-03 02:41:30+00:00,,,,,,,,0.8000000000000002,0.8,,0.0,0,False
2026-03-03 02:42:00+00:00,,,,,,,,0.8000000000000002,0.8,,0.0,0,False
2026-03-03 02:42:30+00:00,,,,,,,,0.8000000000000002,0.8,,0.0,0,False
2026-03-03 02:43:00+00:00,,,,,,,,0.8,0.8,,1.0,1,False
2026-03-03 02:43:30+00:00,,,,,,,,0.8,0.8,,0.0,0,False
2026-03-03 02:44:00+00:00,,,,,,,,0.8,0.8,,0.0,0,False
2026-03-03 02:44:30+00:00,,,,,,,,0.8,0.8,,0.0,0,False
2026-03-03 02:45:00+00:00,,,,,,,,0.8,0.8,,0.0,0,False
2026-03-03 02:45:30+00:00,,,,,,,,0.8,0.8,,0.0,0,False
2026-03-03 02:46:00+00:00,,,,,,,,0.8,0.8,,0.0,0,False
2026-03-03 02:46:30+00:00,,,,,,,,0.8,0.8,,0.0,0,False
2026-03-03 02:47:00+00:00,,,,,,,,0.8,0.8,,0.0,0,False
2026-03-03 02:47:30+00:00,,,,,,,,0.8,0.8,,0.0,0,False
2026-03-03 02:48:00+00:00,,,,,,,,0.8,0.8,,0.0,0,False
2026-03-03 02:48:30+00:00,,,,,,,,0.8,0.8,,0.0,0,False
2026-03-03 02:49:00+00:00,,,,,,,,0.77,0.77,,8.0,1,False
2026-03-03 02:49:30+00:00,,,,,,,,0.77,0.77,,0.0,0,False
2026-03-03 02:50:00+00:00,,,,,,,,0.77,0.77,,0.0,0,False
2026-03-03 02:50:30+00:00,,,,,,,,0.77,0.77,,0.0,0,False
2026-03-03 02:51:00+00:00,,,,,,,,0.77,0.77,,0.0,0,False
2026-03-03 02:51:30+00:00,,,,,,,,0.77,0.77,,0.0,0,False
2026-03-03 02:52:00+00:00,,,,,,,,0.77,0.77,,0.0,0,False
2026-03-03 02:52:30+00:00,,,,,,,,0.77,0.77,,0.0,0,False
2026-03-03 02:53:00+00:00,,,,,,,,0.77,0.77,,20.0,1,False
2026-03-03 02:53:30+00:00,,,,,,,,0.8,0.8,,23.0,1,False
2026-03-03 02:54:00+00:00,,,,,,,,0.8,0.8,,0.0,0,False
2026-03-03 02:54:30+00:00,,,,,,,,0.8,0.8,,0.0,0,False
2026-03-03 02:55:00+00:00,,,,,,,,0.8,0.8,,11.0,1,False
2026-03-03 02:55:30+00:00,,,,,,,,0.77,0.77,,16.0,1,False
2026-03-03 02:56:00+00:00,,,,,,,,0.77,0.77,,0.0,0,False
2026-03-03 02:56:30+00:00,,,,,,,,0.77,0.77,,0.0,0,False
2026-03-03 02:57:00+00:00,,,,,,,,0.77,0.77,,0.0,0,False
2026-03-03 02:57:30+00:00,,,,,,,,0.77,0.77,,0.0,0,False
2026-03-03 02:58:00+00:00,,,,,,,,0.8,0.8,,7.0,1,False
2026-03-03 02:58:30+00:00,,,,,,,,0.8,0.8,,0.0,0,False
2026-03-03 02:59:00+00:00,,,,,,,,0.8,0.8,,0.0,0,False
2026-03-03 02:59:30+00:00,,,,,,,,0.8,0.8,,0.0,0,False
2026-03-03 03:00:00+00:00,,,,,,,,0.8,0.8,,0.0,0,False
2026-03-03 03:00:30+00:00,,,,,,,,0.8,0.8,,0.0,0,False
2026-03-03 03:01:00+00:00,,,,,,,,0.8,0.8,,0.0,0,False
2026-03-03 03:01:30+00:00,,,,,,,,0.8,0.8,,0.0,0,False
2026-03-03 03:02:00+00:00,,,,,,,,0.8,0.8,,7.0,2,False
2026-03-03 03:02:30+00:00,,,,,,,,0.8,0.8,,0.0,0,False
2026-03-03 03:03:00+00:00,,,,,,,,0.8,0.8,,0.0,0,False
2026-03-03 03:03:30+00:00,,,,,,,,0.8,0.8,,0.0,0,False
2026-03-03 03:04:00+00:00,,,,,,,,0.8,0.8,,0.0,0,False
2026-03-03 03:04:30+00:00,,,,,,,,0.8,0.8,,0.0,0,False
2026-03-03 03:05:00+00:00,,,,,,,,0.8,0.8,,0.0,0,False
2026-03-03 03:05:30+00:00,,,,,,,,0.8,0.8,,0.0,0,False
2026-03-03 03:06:00+00:00,,,,,,,,0.8,0.8,,0.0,0,False
2026-03-03 03:06:30+00:00,,,,,,,,0.8,0.8,,0.0,0,False
2026-03-03 03:07:00+00:00,,,,,,,,0.8,0.8,,0.0,0,False
2026-03-03 03:07:30+00:00,,,,,,,,0.8,0.8,,0.0,0,False
2026-03-03 03:08:00+00:00,,,,,,,,0.8,0.8,,0.0,0,False
2026-03-03 03:08:30+00:00,,,,,,,,0.8,0.8,,0.0,0,False
2026-03-03 03:09:00+00:00,,,,,,,,0.8,0.8,,0.0,0,False
2026-03-03 03:09:30+00:00,,,,,,,,0.8,0.8,,0.0,0,False
2026-03-03 03:10:00+00:00,,,,,,,,0.8,0.8,,0.0,0,False
2026-03-03 03:10:30+00:00,,,,,,,,0.8000000000000002,0.8,,48.0,3,False
2026-03-03 03:11:00+00:00,,,,,,,,0.8000000000000002,0.8,,0.0,0,False
2026-03-03 03:11:30+00:00,,,,,,,,0.8000000000000002,0.8,,3.0,1,False
2026-03-03 03:12:00+00:00,,,,,,,,0.8000000000000002,0.8,,0.0,0,False
2026-03-03 03:12:30+00:00,,,,,,,,0.8000000000000002,0.8,,0.0,0,False
2026-03-03 03:13:00+00:00,,,,,,,,0.8000000000000002,0.8,,0.0,0,False
2026-03-03 03:13:30+00:00,,,,,,,,0.8000000000000002,0.8,,0.0,0,False
2026-03-03 03:14:00+00:00,,,,,,,,0.8000000000000002,0.8,,0.0,0,False
2026-03-03 03:14:30+00:00,,,,,,,,0.8000000000000002,0.8,,0.0,0,False
2026-03-03 03:15:00+00:00,,,,,,,,0.8000000000000002,0.8,,0.0,0,False
2026-03-03 03:15:30+00:00,,,,,,,,0.8000000000000002,0.8,,0.0,0,False
2026-03-03 03:16:00+00:00,,,,,,,,0.8000000000000002,0.8,,0.0,0,False
2026-03-03 03:16:30+00:00,,,,,,,,0.8000000000000002,0.8,,0.0,0,False
2026-03-03 03:17:00+00:00,,,,,,,,0.8000000000000002,0.8,,0.0,0,False
2026-03-03 03:17:30+00:00,,,,,,,,0.8,0.8,,49.0,2,False
2026-03-03 03:18:00+00:00,,,,,,,,0.8000000000000002,0.8,,3.0,1,False
2026-03-03 03:18:30+00:00,,,,,,,,0.8000000000000002,0.8,,6.0,1,False
2026-03-03 03:19:00+00:00,,,,,,,,0.7824489795918368,0.8,,49.0,2,False
2026-03-03 03:19:30+00:00,,,,,,,,0.7987005649717515,0.79,,708.0,2,False
2026-03-03 03:20:00+00:00,,,,,,,,0.7987005649717515,0.79,,0.0,0,False
2026-03-03 03:20:30+00:00,,,,,,,,0.79,0.79,,123.0,1,False
2026-03-03 03:21:00+00:00,,,,,,,,0.79,0.79,,0.0,0,False
2026-03-03 03:21:30+00:00,,,,,,,,0.79,0.79,,0.0,0,False
2026-03-03 03:22:00+00:00,,,,,,,,0.79,0.79,,6.0,1,False
2026-03-03 03:22:30+00:00,,,,,,,,0.79,0.79,,39.0,2,False
2026-03-03 03:23:00+00:00,,,,,,,,0.77,0.77,,8.0,1,False
2026-03-03 03:23:30+00:00,,,,,,,,0.77,0.77,,0.0,0,False
2026-03-03 03:24:00+00:00,,,,,,,,0.77,0.77,,0.0,0,False
2026-03-03 03:24:30+00:00,,,,,,,,0.77,0.77,,0.0,0,False
2026-03-03 03:25:00+00:00,,,,,,,,0.77,0.77,,0.0,0,False
2026-03-03 03:25:30+00:00,,,,,,,,0.77,0.77,,0.0,0,False
2026-03-03 03:26:00+00:00,,,,,,,,0.77,0.77,,0.0,0,False
2026-03-03 03:26:30+00:00,,,,,,,,0.77,0.77,,0.0,0,False
2026-03-03 03:27:00+00:00,,,,,,,,0.77,0.77,,0.0,0,False
2026-03-03 03:27:30+00:00,,,,,,,,0.77,0.77,,0.0,0,False
2026-03-03 03:28:00+00:00,,,,,,,,0.79,0.79,,62.0,1,False
2026-03-03 03:28:30+00:00,,,,,,,,0.79,0.79,,0.0,0,False
2026-03-03 03:29:00+00:00,,,,,,,,0.79,0.79,,0.0,0,False
2026-03-03 03:29:30+00:00,,,,,,,,0.79,0.79,,0.0,0,False
2026-03-03 03:30:00+00:00,,,,,,,,0.79,0.79,,66.0,1,False
2026-03-03 03:30:30+00:00,,,,,,,,0.7772727272727272,0.77,,33.0,4,False
2026-03-03 03:31:00+00:00,,,,,,,,0.7772727272727272,0.77,,0.0,0,False
2026-03-03 03:31:30+00:00,,,,,,,,0.7772727272727272,0.77,,0.0,0,False
2026-03-03 03:32:00+00:00,,,,,,,,0.7700000000000001,0.77,,40.0,2,False
2026-03-03 03:32:30+00:00,,,,,,,,0.7700000000000001,0.77,,0.0,0,False
2026-03-03 03:33:00+00:00,,,,,,,,0.7900000000000001,0.79,,30.0,1,False
2026-03-03 03:33:30+00:00,,,,,,,,0.7900000000000001,0.79,,0.0,0,False
2026-03-03 03:34:00+00:00,,,,,,,,0.7900000000000001,0.79,,0.0,0,False
2026-03-03 03:34:30+00:00,,,,,,,,0.7900000000000001,0.79,,0.0,0,False
2026-03-03 03:35:00+00:00,,,,,,,,0.7900000000000001,0.79,,0.0,0,False
2026-03-03 03:35:30+00:00,,,,,,,,0.7900000000000001,0.79,,0.0,0,False
2026-03-03 03:36:00+00:00,,,,,,,,0.7900000000000001,0.79,,0.0,0,False
2026-03-03 03:36:30+00:00,,,,,,,,0.7900000000000001,0.79,,0.0,0,False
2026-03-03 03:37:00+00:00,,,,,,,,0.7799999999999999,0.78,,21.0,3,False
2026-03-03 03:37:30+00:00,,,,,,,,0.7799999999999999,0.78,,0.0,0,False
2026-03-03 03:38:00+00:00,,,,,,,,0.78,0.78,,20.0,1,False
2026-03-03 03:38:30+00:00,,,,,,,,0.78,0.78,,0.0,0,False
2026-03-03 03:39:00+00:00,,,,,,,,0.78,0.78,,0.0,0,False
2026-03-03 03:39:30+00:00,,,,,,,,0.78,0.78,,0.0,0,False
2026-03-03 03:40:00+00:00,,,,,,,,0.78,0.78,,0.0,0,False
2026-03-03 03:40:30+00:00,,,,,,,,0.78,0.78,,0.0,0,False
2026-03-03 03:41:00+00:00,,,,,,,,0.78,0.78,,0.0,0,False
2026-03-03 03:41:30+00:00,,,,,,,,0.78,0.78,,0.0,0,False
2026-03-03 03:42:00+00:00,,,,,,,,0.78,0.78,,0.0,0,False
2026-03-03 03:42:30+00:00,,,,,,,,0.78,0.78,,0.0,0,False
2026-03-03 03:43:00+00:00,,,,,,,,0.78,0.78,,310.0,1,False
2026-03-03 03:43:30+00:00,,,,,,,,0.78,0.78,,53.0,3,False
2026-03-03 03:44:00+00:00,,,,,,,,0.7799999999999999,0.78,,6.0,1,False
2026-03-03 03:44:30+00:00,,,,,,,,0.78,0.78,,1.0,1,False
2026-03-03 03:45:00+00:00,,,,,,,,0.78,0.78,,130.0,2,False
2026-03-03 03:45:30+00:00,,,,,,,,0.78,0.78,,1.0,1,False
2026-03-03 03:46:00+00:00,,,,,,,,0.78,0.78,,1.0,1,False
2026-03-03 03:46:30+00:00,,,,,,,,0.78,0.78,,0.0,0,False
2026-03-03 03:47:00+00:00,,,,,,,,0.78,0.78,,0.0,0,False
2026-03-03 03:47:30+00:00,,,,,,,,0.78,0.78,,0.0,0,False
2026-03-03 03:48:00+00:00,,,,,,,,0.78,0.78,,11281.0,3,False
2026-03-03 03:48:30+00:00,,,,,,,,0.78,0.78,,0.0,0,False
2026-03-03 03:49:00+00:00,,,,,,,,0.78,0.78,,0.0,0,False
2026-03-03 03:49:30+00:00,,,,,,,,0.78,0.78,,2.0,1,False
2026-03-03 03:50:00+00:00,,,,,,,,0.78,0.78,,0.0,0,False
2026-03-03 03:50:30+00:00,,,,,,,,0.78,0.78,,127.0,2,False
2026-03-03 03:51:00+00:00,,,,,,,,0.78,0.78,,0.0,0,False
2026-03-03 03:51:30+00:00,,,,,,,,0.7655250000000001,0.76,,400.0,4,False
2026-03-03 03:52:00+00:00,,,,,,,,0.7655250000000001,0.76,,0.0,0,False
2026-03-03 03:52:30+00:00,,,,,,,,0.7655250000000001,0.76,,0.0,0,False
2026-03-03 03:53:00+00:00,,,,,,,,0.7655250000000001,0.76,,0.0,0,False
2026-03-03 03:53:30+00:00,,,,,,,,0.7655250000000001,0.76,,0.0,0,False
2026-03-03 03:54:00+00:00,,,,,,,,0.7655250000000001,0.76,,0.0,0,False
2026-03-03 03:54:30+00:00,,,,,,,,0.7655250000000001,0.76,,0.0,0,False
2026-03-03 03:55:00+00:00,,,,,,,,0.7655250000000001,0.76,,0.0,0,False
2026-03-03 03:55:30+00:00,,,,,,,,0.7655250000000001,0.76,,0.0,0,False
2026-03-03 03:56:00+00:00,,,,,,,,0.7655250000000001,0.76,,0.0,0,False
2026-03-03 03:56:30+00:00,,,,,,,,0.7703333333333334,0.77,,30.0,2,False
2026-03-03 03:57:00+00:00,,,,,,,,0.7704201680672269,0.76,,119.0,2,False
2026-03-03 03:57:30+00:00,,,,,,,,0.7648818897637797,0.76,,127.0,2,False
2026-03-03 03:58:00+00:00,,,,,,,,0.7648818897637797,0.76,,0.0,0,False
2026-03-03 03:58:30+00:00,,,,,,,,0.7648818897637797,0.76,,0.0,0,False
2026-03-03 03:59:00+00:00,,,,,,,,0.7648818897637797,0.76,,0.0,0,False
2026-03-03 03:59:30+00:00,,,,,,,,0.7648818897637797,0.76,,0.0,0,False
2026-03-03 04:00:00+00:00,,,,,,,,0.78,0.78,,25.0,1,False
2026-03-03 04:00:30+00:00,,,,,,,,0.78,0.78,,31.0,1,False
2026-03-03 04:01:00+00:00,,,,,,,,0.78,0.78,,0.0,0,False
2026-03-03 04:01:30+00:00,,,,,,,,0.78,0.78,,0.0,0,False
2026-03-03 04:02:00+00:00,,,,,,,,0.78,0.78,,0.0,0,False
2026-03-03 04:02:30+00:00,,,,,,,,0.78,0.78,,0.0,0,False
2026-03-03 04:03:00+00:00,,,,,,,,0.78,0.78,,0.0,0,False
2026-03-03 04:03:30+00:00,,,,,,,,0.78,0.78,,0.0,0,False
2026-03-03 04:04:00+00:00,,,,,,,,0.78,0.78,,0.0,0,False
2026-03-03 04:04:30+00:00,,,,,,,,0.78,0.78,,0.0,0,False
2026-03-03 04:05:00+00:00,,,,,,,,0.78,0.78,,0.0,0,False
2026-03-03 04:05:30+00:00,,,,,,,,0.78,0.78,,100.0,1,False
2026-03-03 04:06:00+00:00,,,,,,,,0.78,0.78,,0.0,0,False
2026-03-03 04:06:30+00:00,,,,,,,,0.78,0.78,,0.0,0,False
2026-03-03 04:07:00+00:00,,,,,,,,0.78,0.78,,0.0,0,False
2026-03-03 04:07:30+00:00,,,,,,,,0.78,0.78,,0.0,0,False
2026-03-03 04:08:00+00:00,,,,,,,,0.78,0.78,,0.0,0,False
2026-03-03 04:08:30+00:00,,,,,,,,0.78,0.78,,0.0,0,False
2026-03-03 04:09:00+00:00,,,,,,,,0.78,0.78,,0.0,0,False
2026-03-03 04:09:30+00:00,,,,,,,,0.76,0.76,,102.0,1,False
2026-03-03 04:10:00+00:00,,,,,,,,0.76,0.76,,0.0,0,False
2026-03-03 04:10:30+00:00,,,,,,,,0.77,0.77,,6.0,1,False
2026-03-03 04:11:00+00:00,,,,,,,,0.77,0.77,,0.0,0,False
2026-03-03 04:11:30+00:00,,,,,,,,0.77,0.77,,249.0,3,False
2026-03-03 04:12:00+00:00,,,,,,,,0.77,0.77,,16.0,1,False
2026-03-03 04:12:30+00:00,,,,,,,,0.77,0.77,,12.0,1,False
2026-03-03 04:13:00+00:00,,,,,,,,0.77,0.77,,0.0,0,False
2026-03-03 04:13:30+00:00,,,,,,,,0.77,0.77,,0.0,0,False
2026-03-03 04:14:00+00:00,,,,,,,,0.77,0.77,,0.0,0,False
2026-03-03 04:14:30+00:00,,,,,,,,0.7701587301587302,0.77,,63.0,3,False
2026-03-03 04:15:00+00:00,,,,,,,,0.76,0.76,,50.0,1,False
2026-03-03 04:15:30+00:00,,,,,,,,0.76,0.76,,0.0,0,False
2026-03-03 04:16:00+00:00,,,,,,,,0.76,0.76,,0.0,0,False
2026-03-03 04:16:30+00:00,,,,,,,,0.77,0.77,,200.0,1,False
2026-03-03 04:17:00+00:00,,,,,,,,0.77,0.77,,200.0,1,False
2026-03-03 04:17:30+00:00,,,,,,,,0.77,0.77,,0.0,0,False
2026-03-03 04:18:00+00:00,,,,,,,,0.77,0.77,,0.0,0,False
2026-03-03 04:18:30+00:00,,,,,,,,0.77,0.77,,0.0,0,False
2026-03-03 04:19:00+00:00,,,,,,,,0.77,0.77,,127.0,1,False
2026-03-03 04:19:30+00:00,,,,,,,,0.77,0.77,,0.0,0,False
2026-03-03 04:20:00+00:00,,,,,,,,0.77,0.77,,0.0,0,False
2026-03-03 04:20:30+00:00,,,,,,,,0.77,0.77,,0.0,0,False
2026-03-03 04:21:00+00:00,,,,,,,,0.77,0.77,,0.0,0,False
2026-03-03 04:21:30+00:00,,,,,,,,0.77,0.77,,0.0,0,False
2026-03-03 04:22:00+00:00,,,,,,,,0.77,0.77,,20.0,1,False
2026-03-03 04:22:30+00:00,,,,,,,,0.77,0.77,,0.0,0,False
2026-03-03 04:23:00+00:00,,,,,,,,0.77,0.77,,6.0,1,False
2026-03-03 04:23:30+00:00,,,,,,,,0.77,0.77,,0.0,0,False
2026-03-03 04:24:00+00:00,,,,,,,,0.77,0.77,,0.0,0,False
2026-03-03 04:24:30+00:00,,,,,,,,0.77,0.77,,0.0,0,False
2026-03-03 04:25:00+00:00,,,,,,,,0.77,0.77,,0.0,0,False
2026-03-03 04:25:30+00:00,,,,,,,,0.77,0.77,,0.0,0,False
2026-03-03 04:26:00+00:00,,,,,,,,0.77,0.77,,0.0,0,False
2026-03-03 04:26:30+00:00,,,,,,,,0.77,0.77,,0.0,0,False
2026-03-03 04:27:00+00:00,,,,,,,,0.77,0.77,,0.0,0,False
2026-03-03 04:27:30+00:00,,,,,,,,0.77,0.77,,0.0,0,False
2026-03-03 04:28:00+00:00,,,,,,,,0.77,0.77,,858.0,2,False
2026-03-03 04:28:30+00:00,,,,,,,,0.77,0.77,,0.0,0,False
2026-03-03 04:29:00+00:00,,,,,,,,0.77,0.77,,0.0,0,False
2026-03-03 04:29:30+00:00,,,,,,,,0.77,0.77,,2.0,1,False
2026-03-03 04:30:00+00:00,,,,,,,,0.77,0.77,,27.0,1,False
2026-03-03 04:30:30+00:00,,,,,,,,0.77,0.77,,0.0,0,False
2026-03-03 04:31:00+00:00,,,,,,,,0.77,0.77,,20.0,1,False
2026-03-03 04:31:30+00:00,,,,,,,,0.77,0.77,,6.0,1,False
2026-03-03 04:32:00+00:00,,,,,,,,0.77,0.77,,0.0,0,False
2026-03-03 04:32:30+00:00,,,,,,,,0.77,0.77,,0.0,0,False
2026-03-03 04:33:00+00:00,,,,,,,,0.77,0.77,,0.0,0,False
2026-03-03 04:33:30+00:00,,,,,,,,0.77,0.77,,0.0,0,False
2026-03-03 04:34:00+00:00,,,,,,,,0.77,0.77,,6.0,1,False
2026-03-03 04:34:30+00:00,,,,,,,,0.77,0.77,,0.0,0,False
2026-03-03 04:35:00+00:00,,,,,,,,0.77,0.77,,2.0,1,False
2026-03-03 04:35:30+00:00,,,,,,,,0.77,0.77,,25.0,1,False
2026-03-03 04:36:00+00:00,,,,,,,,0.77,0.77,,0.0,0,False
2026-03-03 04:36:30+00:00,,,,,,,,0.77,0.77,,0.0,0,False
2026-03-03 04:37:00+00:00,,,,,,,,0.77,0.77,,0.0,0,False
2026-03-03 04:37:30+00:00,,,,,,,,0.77,0.77,,0.0,0,False
2026-03-03 04:38:00+00:00,,,,,,,,0.77,0.77,,0.0,0,False
2026-03-03 04:38:30+00:00,,,,,,,,0.77,0.77,,0.0,0,False
2026-03-03 04:39:00+00:00,,,,,,,,0.77,0.77,,0.0,0,False
2026-03-03 04:39:30+00:00,,,,,,,,0.77,0.77,,0.0,0,False
2026-03-03 04:40:00+00:00,,,,,,,,0.77,0.77,,0.0,0,False
2026-03-03 04:40:30+00:00,,,,,,,,0.77,0.77,,0.0,0,False
2026-03-03 04:41:00+00:00,,,,,,,,0.77,0.77,,6.0,1,False
2026-03-03 04:41:30+00:00,,,,,,,,0.77,0.77,,0.0,0,False
2026-03-03 04:42:00+00:00,,,,,,,,0.77,0.77,,2.0,1,False
2026-03-03 04:42:30+00:00,,,,,,,,0.77,0.77,,0.0,0,False
2026-03-03 04:43:00+00:00,,,,,,,,0.77,0.77,,20.0,1,False
2026-03-03 04:43:30+00:00,,,,,,,,0.77,0.77,,0.0,0,False
2026-03-03 04:44:00+00:00,,,,,,,,0.77,0.77,,126.0,1,False
2026-03-03 04:44:30+00:00,,,,,,,,0.77,0.77,,0.0,0,False
2026-03-03 04:45:00+00:00,,,,,,,,0.77,0.77,,0.0,0,False
2026-03-03 04:45:30+00:00,,,,,,,,0.77,0.77,,0.0,0,False
2026-03-03 04:46:00+00:00,,,,,,,,0.77,0.77,,59.0,2,False
2026-03-03 04:46:30+00:00,,,,,,,,0.77,0.77,,62.0,3,False
2026-03-03 04:47:00+00:00,,,,,,,,0.77,0.77,,0.0,0,False
2026-03-03 04:47:30+00:00,,,,,,,,0.77,0.77,,0.0,0,False
2026-03-03 04:48:00+00:00,,,,,,,,0.77,0.77,,44.0,1,False
2026-03-03 04:48:30+00:00,,,,,,,,0.77,0.77,,0.0,0,False
2026-03-03 04:49:00+00:00,,,,,,,,0.77,0.77,,12.0,1,False
2026-03-03 04:49:30+00:00,,,,,,,,0.77,0.77,,126.0,1,False
2026-03-03 04:50:00+00:00,,,,,,,,0.7700000000000001,0.77,,112.0,3,False
2026-03-03 04:50:30+00:00,,,,,,,,0.7700000000000001,0.77,,0.0,0,False
2026-03-03 04:51:00+00:00,,,,,,,,0.7700000000000001,0.77,,0.0,0,False
2026-03-03 04:51:30+00:00,,,,,,,,0.7700000000000001,0.77,,0.0,0,False
2026-03-03 04:52:00+00:00,,,,,,,,0.7700000000000001,0.77,,42.0,2,False
2026-03-03 04:52:30+00:00,,,,,,,,0.7700000000000001,0.77,,0.0,0,False
2026-03-03 04:53:00+00:00,,,,,,,,0.7700000000000001,0.77,,0.0,0,False
2026-03-03 04:53:30+00:00,,,,,,,,0.7700000000000001,0.77,,0.0,0,False
2026-03-03 04:54:00+00:00,,,,,,,,0.7700000000000001,0.77,,0.0,0,False
2026-03-03 04:54:30+00:00,,,,,,,,0.77,0.77,,31.0,1,False
2026-03-03 04:55:00+00:00,,,,,,,,0.77,0.77,,3.0,1,False
2026-03-03 04:55:30+00:00,,,,,,,,0.77,0.77,,0.0,0,False
2026-03-03 04:56:00+00:00,,,,,,,,0.77,0.77,,0.0,0,False
2026-03-03 04:56:30+00:00,,,,,,,,0.77,0.77,,0.0,0,False
2026-03-03 04:57:00+00:00,,,,,,,,0.77,0.77,,0.0,0,False
2026-03-03 04:57:30+00:00,,,,,,,,0.77,0.77,,0.0,0,False
2026-03-03 04:58:00+00:00,,,,,,,,0.77,0.77,,0.0,0,False
2026-03-03 04:58:30+00:00,,,,,,,,0.77,0.77,,82.0,1,False
2026-03-03 04:59:00+00:00,,,,,,,,0.77,0.77,,2.0,1,False
2026-03-03 04:59:30+00:00,,,,,,,,0.77,0.77,,1.0,1,False
2026-03-03 05:00:00+00:00,,,,,,,,0.77,0.77,,200.0,1,False
2026-03-03 05:00:30+00:00,,,,,,,,0.77,0.77,,0.0,0,False
2026-03-03 05:01:00+00:00,,,,,,,,0.77,0.77,,58.0,1,False
2026-03-03 05:01:30+00:00,,,,,,,,0.7700000000000001,0.77,,1966.0,3,False
2026-03-03 05:02:00+00:00,,,,,,,,0.77,0.77,,1.0,1,False
2026-03-03 05:02:30+00:00,,,,,,,,0.77,0.77,,0.0,0,False
2026-03-03 05:03:00+00:00,,,,,,,,0.77,0.77,,0.0,0,False
2026-03-03 05:03:30+00:00,,,,,,,,0.77,0.77,,0.0,0,False
2026-03-03 05:04:00+00:00,,,,,,,,0.77,0.77,,0.0,0,False
2026-03-03 05:04:30+00:00,,,,,,,,0.77,0.77,,0.0,0,False
2026-03-03 05:05:00+00:00,,,,,,,,0.77,0.77,,0.0,0,False
2026-03-03 05:05:30+00:00,,,,,,,,0.77,0.77,,1.0,1,False
2026-03-03 05:06:00+00:00,,,,,,,,0.77,0.77,,2.0,2,False
2026-03-03 05:06:30+00:00,,,,,,,,0.77,0.77,,0.0,0,False
2026-03-03 05:07:00+00:00,,,,,,,,0.77,0.77,,10.0,1,False
2026-03-03 05:07:30+00:00,,,,,,,,0.77,0.77,,0.0,0,False
2026-03-03 05:08:00+00:00,,,,,,,,0.77,0.77,,0.0,0,False
2026-03-03 05:08:30+00:00,,,,,,,,0.77,0.77,,17.0,2,False
2026-03-03 05:09:00+00:00,,,,,,,,0.77,0.77,,0.0,0,False
2026-03-03 05:09:30+00:00,,,,,,,,0.77,0.77,,0.0,0,False
2026-03-03 05:10:00+00:00,,,,,,,,0.77,0.77,,0.0,0,False
2026-03-03 05:10:30+00:00,,,,,,,,0.78,0.78,,33.0,1,False
2026-03-03 05:11:00+00:00,,,,,,,,0.78,0.78,,0.0,0,False
2026-03-03 05:11:30+00:00,,,,,,,,0.78,0.78,,62.0,1,False
2026-03-03 05:12:00+00:00,,,,,,,,0.78,0.78,,126.0,1,False
2026-03-03 05:12:30+00:00,,,,,,,,0.78,0.78,,0.0,0,False
2026-03-03 05:13:00+00:00,,,,,,,,0.78,0.78,,0.0,0,False
2026-03-03 05:13:30+00:00,,,,,,,,0.78,0.78,,19.0,1,False
2026-03-03 05:14:00+00:00,,,,,,,,0.78,0.78,,0.0,0,False
2026-03-03 05:14:30+00:00,,,,,,,,0.78,0.78,,61.0,1,False
2026-03-03 05:15:00+00:00,,,,,,,,0.78,0.78,,0.0,0,False
2026-03-03 05:15:30+00:00,,,,,,,,0.78,0.78,,302.0,3,False
2026-03-03 05:16:00+00:00,,,,,,,,0.78,0.78,,0.0,0,False
2026-03-03 05:16:30+00:00,,,,,,,,0.78,0.78,,0.0,0,False
2026-03-03 05:17:00+00:00,,,,,,,,0.78,0.78,,5.0,1,False
2026-03-03 05:17:30+00:00,,,,,,,,0.78,0.78,,0.0,0,False
2026-03-03 05:18:00+00:00,,,,,,,,0.78,0.78,,0.0,0,False
2026-03-03 05:18:30+00:00,,,,,,,,0.78,0.78,,0.0,0,False
2026-03-03 05:19:00+00:00,,,,,,,,0.78,0.78,,0.0,0,False
2026-03-03 05:19:30+00:00,,,,,,,,0.78,0.78,,0.0,0,False
2026-03-03 05:20:00+00:00,,,,,,,,0.78,0.78,,2.0,1,False
2026-03-03 05:20:30+00:00,,,,,,,,0.78,0.78,,0.0,0,False
2026-03-03 05:21:00+00:00,,,,,,,,0.78,0.78,,0.0,0,False
2026-03-03 05:21:30+00:00,,,,,,,,0.78,0.78,,0.0,0,False
2026-03-03 05:22:00+00:00,,,,,,,,0.78,0.78,,1.0,1,False
2026-03-03 05:22:30+00:00,,,,,,,,0.78,0.78,,0.0,0,False
2026-03-03 05:23:00+00:00,,,,,,,,0.78,0.78,,1250.0,1,False
2026-03-03 05:23:30+00:00,,,,,,,,0.78,0.78,,0.0,0,False
2026-03-03 05:24:00+00:00,,,,,,,,0.78,0.78,,31.0,2,False
2026-03-03 05:24:30+00:00,,,,,,,,0.78,0.78,,25.0,1,False
2026-03-03 05:25:00+00:00,,,,,,,,0.78,0.78,,18.0,1,False
2026-03-03 05:25:30+00:00,,,,,,,,0.78,0.78,,0.0,0,False
2026-03-03 05:26:00+00:00,,,,,,,,0.78,0.78,,0.0,0,False
2026-03-03 05:26:30+00:00,,,,,,,,0.78,0.78,,2.0,1,False
2026-03-03 05:27:00+00:00,,,,,,,,0.78,0.78,,0.0,0,False
2026-03-03 05:27:30+00:00,,,,,,,,0.78,0.78,,0.0,0,False
2026-03-03 05:28:00+00:00,,,,,,,,0.78,0.78,,133.0,2,False
2026-03-03 05:28:30+00:00,,,,,,,,0.78,0.78,,0.0,0,False
2026-03-03 05:29:00+00:00,,,,,,,,0.78,0.78,,0.0,0,False
2026-03-03 05:29:30+00:00,,,,,,,,0.78,0.78,,16.0,2,False
2026-03-03 05:30:00+00:00,,,,,,,,0.78,0.78,,1170.0,2,False
2026-03-03 05:30:30+00:00,,,,,,,,0.78,0.78,,5.0,1,False
2026-03-03 05:31:00+00:00,,,,,,,,0.779264705882353,0.77,,136.0,2,False
2026-03-03 05:31:30+00:00,,,,,,,,0.78,0.78,,25.0,1,False
2026-03-03 05:32:00+00:00,,,,,,,,0.78,0.78,,75.0,2,False
2026-03-03 05:32:30+00:00,,,,,,,,0.7799999999999999,0.78,,12.0,1,False
2026-03-03 05:33:00+00:00,,,,,,,,0.7800000000000001,0.78,,222.0,2,False
2026-03-03 05:33:30+00:00,,,,,,,,0.7755555555555556,0.77,,18.0,2,False
2026-03-03 05:34:00+00:00,,,,,,,,0.78,0.78,,1005.0,2,False
2026-03-03 05:34:30+00:00,,,,,,,,0.78,0.78,,0.0,0,False
2026-03-03 05:35:00+00:00,,,,,,,,0.78,0.78,,1.0,1,False
2026-03-03 05:35:30+00:00,,,,,,,,0.7796666666666667,0.77,,60.0,4,False
2026-03-03 05:36:00+00:00,,,,,,,,0.78,0.78,,58.0,1,False
2026-03-03 05:36:30+00:00,,,,,,,,0.773157894736842,0.77,,38.0,2,False
2026-03-03 05:37:00+00:00,,,,,,,,0.773157894736842,0.77,,0.0,0,False
2026-03-03 05:37:30+00:00,,,,,,,,0.77,0.77,,110.0,1,False
2026-03-03 05:38:00+00:00,,,,,,,,0.77,0.77,,25.0,1,False
2026-03-03 05:38:30+00:00,,,,,,,,0.77,0.77,,59.0,3,False
2026-03-03 05:39:00+00:00,,,,,,,,0.77,0.77,,5.0,1,False
2026-03-03 05:39:30+00:00,,,,,,,,0.77,0.77,,2568.0,3,False
2026-03-03 05:40:00+00:00,,,,,,,,0.77,0.77,,0.0,0,False
2026-03-03 05:40:30+00:00,,,,,,,,0.77,0.77,,63.0,1,False
2026-03-03 05:41:00+00:00,,,,,,,,0.77,0.77,,0.0,0,False
2026-03-03 05:41:30+00:00,,,,,,,,0.77,0.77,,253.0,4,False
2026-03-03 05:42:00+00:00,,,,,,,,0.78,0.78,,136.0,1,False
2026-03-03 05:42:30+00:00,,,,,,,,0.7751968503937009,0.77,,127.0,3,False
2026-03-03 05:43:00+00:00,,,,,,,,0.78,0.78,,25.0,1,False
2026-03-03 05:43:30+00:00,,,,,,,,0.7710822510822511,0.77,,231.0,2,False
2026-03-03 05:44:00+00:00,,,,,,,,0.7710822510822511,0.77,,0.0,0,False
2026-03-03 05:44:30+00:00,,,,,,,,0.7778125,0.77,,32.0,2,False
2026-03-03 05:45:00+00:00,,,,,,,,0.7778125,0.77,,0.0,0,False
2026-03-03 05:45:30+00:00,,,,,,,,0.7778125,0.77,,0.0,0,False
2026-03-03 05:46:00+00:00,,,,,,,,0.7778125,0.77,,0.0,0,False
2026-03-03 05:46:30+00:00,,,,,,,,0.7778125,0.77,,0.0,0,False
2026-03-03 05:47:00+00:00,,,,,,,,0.7723364485981309,0.78,,107.0,2,False
2026-03-03 05:47:30+00:00,,,,,,,,0.7723364485981309,0.78,,0.0,0,False
2026-03-03 05:48:00+00:00,,,,,,,,0.7700806451612904,0.78,,124.0,2,False
2026-03-03 05:48:30+00:00,,,,,,,,0.7800000000000001,0.78,,24.0,2,False
2026-03-03 05:49:00+00:00,,,,,,,,0.78,0.78,,31.0,1,False
2026-03-03 05:49:30+00:00,,,,,,,,0.7799999999999999,0.78,,751.0,2,False
2026-03-03 05:50:00+00:00,,,,,,,,0.78,0.78,,200.0,1,False
2026-03-03 05:50:30+00:00,,,,,,,,0.7777777777777778,0.77,,81.0,3,False
2026-03-03 05:51:00+00:00,,,,,,,,0.78,0.78,,75.0,1,False
2026-03-03 05:51:30+00:00,,,,,,,,0.78,0.78,,0.0,0,False
2026-03-03 05:52:00+00:00,,,,,,,,0.78,0.78,,0.0,0,False
2026-03-03 05:52:30+00:00,,,,,,,,0.77,0.77,,127.0,1,False
2026-03-03 05:53:00+00:00,,,,,,,,0.77,0.77,,15.0,2,False
2026-03-03 05:53:30+00:00,,,,,,,,0.77,0.77,,0.0,0,False
2026-03-03 05:54:00+00:00,,,,,,,,0.77,0.77,,134.0,2,False
2026-03-03 05:54:30+00:00,,,,,,,,0.77,0.77,,9.0,2,False
2026-03-03 05:55:00+00:00,,,,,,,,0.77,0.77,,0.0,0,False
2026-03-03 05:55:30+00:00,,,,,,,,0.7699963722111375,0.77,,5513.0,10,False
2026-03-03 05:56:00+00:00,,,,,,,,0.7699963722111375,0.77,,0.0,0,False
2026-03-03 05:56:30+00:00,,,,,,,,0.7699963722111375,0.77,,0.0,0,False
2026-03-03 05:57:00+00:00,,,,,,,,0.7699963722111375,0.77,,0.0,0,False
2026-03-03 05:57:30+00:00,,,,,,,,0.77,0.77,,6425.0,16,False
2026-03-03 05:58:00+00:00,,,,,,,,0.77,0.77,,100.0,1,False
2026-03-03 05:58:30+00:00,,,,,,,,0.77,0.77,,4538.0,8,False
2026-03-03 05:59:00+00:00,,,,,,,,0.77,0.77,,6.0,1,False
2026-03-03 05:59:30+00:00,,,,,,,,0.77,0.77,,0.0,0,False
2026-03-03 06:00:00+00:00,,,,,,,,0.77,0.77,,0.0,0,False
2026-03-03 06:00:30+00:00,,,,,,,,0.77,0.77,,5.0,1,False
2026-03-03 06:01:00+00:00,,,,,,,,0.77,0.77,,27.0,1,False
2026-03-03 06:01:30+00:00,,,,,,,,0.77,0.77,,0.0,0,False
2026-03-03 06:02:00+00:00,,,,,,,,0.77,0.77,,0.0,0,False
2026-03-03 06:02:30+00:00,,,,,,,,0.77,0.77,,25.0,1,False
2026-03-03 06:03:00+00:00,,,,,,,,0.77,0.77,,134.0,2,False
2026-03-03 06:03:30+00:00,,,,,,,,0.77,0.77,,0.0,0,False
2026-03-03 06:04:00+00:00,,,,,,,,0.77,0.77,,2062.0,1,False
2026-03-03 06:04:30+00:00,,,,,,,,0.77,0.77,,0.0,0,False
2026-03-03 06:05:00+00:00,,,,,,,,0.77,0.77,,6.0,1,False
2026-03-03 06:05:30+00:00,,,,,,,,0.77,0.77,,0.0,0,False
2026-03-03 06:06:00+00:00,,,,,,,,0.77,0.77,,0.0,0,False
2026-03-03 06:06:30+00:00,,,,,,,,0.77,0.77,,0.0,0,False
2026-03-03 06:07:00+00:00,,,,,,,,0.7699999999999999,0.77,,758.0,2,False
2026-03-03 06:07:30+00:00,,,,,,,,0.7699999999999999,0.77,,379.0,1,False
2026-03-03 06:08:00+00:00,,,,,,,,0.7699999999999999,0.77,,124.0,3,False
2026-03-03 06:08:30+00:00,,,,,,,,0.77,0.77,,20.0,1,False
2026-03-03 06:09:00+00:00,,,,,,,,0.77,0.77,,6.0,1,False
2026-03-03 06:09:30+00:00,,,,,,,,0.7699999999999998,0.77,,23500.0,19,False
2026-03-03 06:10:00+00:00,,,,,,,,0.77,0.77,,143.0,2,False
2026-03-03 06:10:30+00:00,,,,,,,,0.77,0.77,,153.0,1,False
2026-03-03 06:11:00+00:00,,,,,,,,0.77,0.77,,120.0,1,False
2026-03-03 06:11:30+00:00,,,,,,,,0.77,0.77,,0.0,0,False
2026-03-03 06:12:00+00:00,,,,,,,,0.77,0.77,,12.0,2,False
2026-03-03 06:12:30+00:00,,,,,,,,0.77,0.77,,0.0,0,False
2026-03-03 06:13:00+00:00,,,,,,,,0.77,0.77,,0.0,0,False
2026-03-03 06:13:30+00:00,,,,,,,,0.77,0.77,,0.0,0,False
2026-03-03 06:14:00+00:00,,,,,,,,0.77,0.77,,12.0,1,False
2026-03-03 06:14:30+00:00,,,,,,,,0.7699999999999999,0.77,,94.0,1,False
2026-03-03 06:15:00+00:00,,,,,,,,0.77,0.77,,485.0,1,False
2026-03-03 06:15:30+00:00,,,,,,,,0.77,0.77,,0.0,0,False
2026-03-03 06:16:00+00:00,,,,,,,,0.77,0.77,,4.0,1,False
2026-03-03 06:16:30+00:00,,,,,,,,0.7700000000000001,0.77,,14.0,1,False
2026-03-03 06:17:00+00:00,,,,,,,,0.7700000000000001,0.77,,61.0,4,False
2026-03-03 06:17:30+00:00,,,,,,,,0.77,0.77,,5.0,1,False
2026-03-03 06:18:00+00:00,,,,,,,,0.7699999999999999,0.77,,152.0,4,False
2026-03-03 06:18:30+00:00,,,,,,,,0.7775,0.77,,4.0,2,False
2026-03-03 06:19:00+00:00,,,,,,,,0.7775,0.77,,0.0,0,False
2026-03-03 06:19:30+00:00,,,,,,,,0.7700000000000001,0.77,,856.0,2,False
2026-03-03 06:20:00+00:00,,,,,,,,0.7700000000000001,0.77,,0.0,0,False
2026-03-03 06:20:30+00:00,,,,,,,,0.77,0.77,,341.0,4,False
2026-03-03 06:21:00+00:00,,,,,,,,0.77,0.77,,25.0,1,False
2026-03-03 06:21:30+00:00,,,,,,,,0.7699999999999999,0.77,,94.0,2,False
2026-03-03 06:22:00+00:00,,,,,,,,0.7699999999999999,0.77,,76.0,3,False
2026-03-03 06:22:30+00:00,,,,,,,,0.7699999999999999,0.77,,0.0,0,False
2026-03-03 06:23:00+00:00,,,,,,,,0.77,0.77,,1.0,1,False
2026-03-03 06:23:30+00:00,,,,,,,,0.77,0.77,,0.0,0,False
2026-03-03 06:24:00+00:00,,,,,,,,0.77,0.77,,217.0,3,False
2026-03-03 06:24:30+00:00,,,,,,,,0.77,0.77,,6.0,1,False
2026-03-03 06:25:00+00:00,,,,,,,,0.77,0.77,,15.0,1,False
2026-03-03 06:25:30+00:00,,,,,,,,0.77,0.77,,37.0,2,False
2026-03-03 06:26:00+00:00,,,,,,,,0.77,0.77,,20.0,1,False
2026-03-03 06:26:30+00:00,,,,,,,,0.77,0.77,,29.0,1,False
2026-03-03 06:27:00+00:00,,,,,,,,0.77,0.77,,0.0,0,False
2026-03-03 06:27:30+00:00,,,,,,,,0.77,0.77,,12.0,1,False
2026-03-03 06:28:00+00:00,,,,,,,,0.77,0.77,,0.0,0,False
2026-03-03 06:28:30+00:00,,,,,,,,0.77,0.77,,0.0,0,False
2026-03-03 06:29:00+00:00,,,,,,,,0.77,0.77,,11.0,2,False
2026-03-03 06:29:30+00:00,,,,,,,,0.7699999999999999,0.77,,134.0,2,False
2026-03-03 06:30:00+00:00,,,,,,,,0.77,0.77,,83.0,2,False
2026-03-03 06:30:30+00:00,,,,,,,,0.77,0.77,,235.0,3,False
2026-03-03 06:31:00+00:00,,,,,,,,0.77,0.77,,38.0,1,False
2026-03-03 06:31:30+00:00,,,,,,,,0.77,0.77,,0.0,0,False
2026-03-03 06:32:00+00:00,,,,,,,,0.7700000000000001,0.77,,21.0,1,False
2026-03-03 06:32:30+00:00,,,,,,,,0.77,0.77,,5.0,1,False
2026-03-03 06:33:00+00:00,,,,,,,,0.77,0.77,,0.0,0,False
2026-03-03 06:33:30+00:00,,,,,,,,0.77,0.77,,0.0,0,False
2026-03-03 06:34:00+00:00,,,,,,,,0.77,0.77,,0.0,0,False
2026-03-03 06:34:30+00:00,,,,,,,,0.77,0.77,,0.0,0,False
2026-03-03 06:35:00+00:00,,,,,,,,0.77,0.77,,0.0,0,False
2026-03-03 06:35:30+00:00,,,,,,,,0.77,0.77,,104.0,1,False
2026-03-03 06:36:00+00:00,,,,,,,,0.77,0.77,,253.0,1,False
2026-03-03 06:36:30+00:00,,,,,,,,0.77,0.77,,0.0,0,False
2026-03-03 06:37:00+00:00,,,,,,,,0.77,0.77,,10.0,1,False
2026-03-03 06:37:30+00:00,,,,,,,,0.77,0.77,,195.0,3,False
2026-03-03 06:38:00+00:00,,,,,,,,0.77,0.77,,0.0,0,False
2026-03-03 06:38:30+00:00,,,,,,,,0.77,0.77,,0.0,0,False
2026-03-03 06:39:00+00:00,,,,,,,,0.77,0.77,,0.0,0,False
2026-03-03 06:39:30+00:00,,,,,,,,0.7699999999999999,0.77,,564.0,3,False
2026-03-03 06:40:00+00:00,,,,,,,,0.77,0.77,,239.0,2,False
2026-03-03 06:40:30+00:00,,,,,,,,0.77,0.77,,0.0,0,False
2026-03-03 06:41:00+00:00,,,,,,,,0.77,0.77,,0.0,0,False
2026-03-03 06:41:30+00:00,,,,,,,,0.77,0.77,,20.0,1,False
2026-03-03 06:42:00+00:00,,,,,,,,0.77,0.77,,0.0,0,False
2026-03-03 06:42:30+00:00,,,,,,,,0.77,0.77,,0.0,0,False
2026-03-03 06:43:00+00:00,,,,,,,,0.77,0.77,,31.0,1,False
2026-03-03 06:43:30+00:00,,,,,,,,0.77,0.77,,0.0,0,False
2026-03-03 06:44:00+00:00,,,,,,,,0.77,0.77,,1000.0,1,False
2026-03-03 06:44:30+00:00,,,,,,,,0.7699999999999999,0.77,,1962.0,4,False
2026-03-03 06:45:00+00:00,,,,,,,,0.78,0.78,,201.0,3,False
2026-03-03 06:45:30+00:00,,,,,,,,0.7799999999999999,0.78,,13.0,2,False
2026-03-03 06:46:00+00:00,,,,,,,,0.7800000000000001,0.78,,5366.0,2,False
2026-03-03 06:46:30+00:00,,,,,,,,0.7800000000000001,0.78,,0.0,0,False
2026-03-03 06:47:00+00:00,,,,,,,,0.78,0.78,,308.0,1,False
2026-03-03 06:47:30+00:00,,,,,,,,0.77,0.77,,20.0,1,False
2026-03-03 06:48:00+00:00,,,,,,,,0.78,0.78,,125.0,1,False
2026-03-03 06:48:30+00:00,,,,,,,,0.78,0.78,,0.0,0,False
2026-03-03 06:49:00+00:00,,,,,,,,0.78,0.78,,0.0,0,False
2026-03-03 06:49:30+00:00,,,,,,,,0.78,0.78,,1.0,1,False
2026-03-03 06:50:00+00:00,,,,,,,,0.78,0.78,,4.0,1,False
2026-03-03 06:50:30+00:00,,,,,,,,0.78,0.78,,0.0,0,False
2026-03-03 06:51:00+00:00,,,,,,,,0.78,0.78,,0.0,0,False
2026-03-03 06:51:30+00:00,,,,,,,,0.78,0.78,,252.0,1,False
2026-03-03 06:52:00+00:00,,,,,,,,0.78,0.78,,250.0,2,False
2026-03-03 06:52:30+00:00,,,,,,,,0.7792307692307693,0.78,,65.0,3,False
2026-03-03 06:53:00+00:00,,,,,,,,0.7792307692307693,0.78,,0.0,0,False
2026-03-03 06:53:30+00:00,,,,,,,,0.7799999999999999,0.78,,12.0,1,False
2026-03-03 06:54:00+00:00,,,,,,,,0.7799999999999999,0.78,,0.0,0,False
2026-03-03 06:54:30+00:00,,,,,,,,0.77,0.77,,4.0,1,False
2026-03-03 06:55:00+00:00,,,,,,,,0.7799999999999999,0.78,,6.0,1,False
2026-03-03 06:55:30+00:00,,,,,,,,0.7799999999999999,0.78,,0.0,0,False
2026-03-03 06:56:00+00:00,,,,,,,,0.7799999999999999,0.78,,0.0,0,False
2026-03-03 06:56:30+00:00,,,,,,,,0.78,0.78,,4.0,1,False
2026-03-03 06:57:00+00:00,,,,,,,,0.78,0.78,,0.0,0,False
2026-03-03 06:57:30+00:00,,,,,,,,0.78,0.78,,0.0,0,False
2026-03-03 06:58:00+00:00,,,,,,,,0.78,0.78,,0.0,0,False
2026-03-03 06:58:30+00:00,,,,,,,,0.78,0.78,,0.0,0,False
2026-03-03 06:59:00+00:00,,,,,,,,0.78,0.78,,44.0,2,False
2026-03-03 06:59:30+00:00,,,,,,,,0.78,0.78,,0.0,0,False
2026-03-03 07:00:00+00:00,,,,,,,,0.78,0.78,,0.0,0,False
2026-03-03 07:00:30+00:00,,,,,,,,0.78,0.78,,0.0,0,False
2026-03-03 07:01:00+00:00,,,,,,,,0.7796927803379416,0.78,,651.0,3,False
2026-03-03 07:01:30+00:00,,,,,,,,0.77,0.77,,90.0,1,False
2026-03-03 07:02:00+00:00,,,,,,,,0.78,0.78,,98.0,1,False
2026-03-03 07:02:30+00:00,,,,,,,,0.77,0.77,,1250.0,1,False
2026-03-03 07:03:00+00:00,,,,,,,,0.78,0.78,,1.0,1,False
2026-03-03 07:03:30+00:00,,,,,,,,0.78,0.78,,0.0,0,False
2026-03-03 07:04:00+00:00,,,,,,,,0.78,0.78,,0.0,0,False
2026-03-03 07:04:30+00:00,,,,,,,,0.77,0.77,,2.0,1,False
2026-03-03 07:05:00+00:00,,,,,,,,0.77,0.77,,16.0,1,False
2026-03-03 07:05:30+00:00,,,,,,,,0.77,0.77,,0.0,0,False
2026-03-03 07:06:00+00:00,,,,,,,,0.78,0.78,,1250.0,3,False
2026-03-03 07:06:30+00:00,,,,,,,,0.78,0.78,,0.0,0,False
2026-03-03 07:07:00+00:00,,,,,,,,0.78,0.78,,75.0,2,False
2026-03-03 07:07:30+00:00,,,,,,,,0.78,0.78,,63.0,1,False
2026-03-03 07:08:00+00:00,,,,,,,,0.78,0.78,,0.0,0,False
2026-03-03 07:08:30+00:00,,,,,,,,0.78,0.78,,271.0,2,False
2026-03-03 07:09:00+00:00,,,,,,,,0.78,0.78,,0.0,0,False
2026-03-03 07:09:30+00:00,,,,,,,,0.78,0.78,,1.0,1,False
2026-03-03 07:10:00+00:00,,,,,,,,0.7799999999999999,0.78,,12.0,1,False
2026-03-03 07:10:30+00:00,,,,,,,,0.7799999999999999,0.78,,0.0,0,False
2026-03-03 07:11:00+00:00,,,,,,,,0.77,0.77,,81.0,2,False
2026-03-03 07:11:30+00:00,,,,,,,,0.77,0.77,,0.0,0,False
2026-03-03 07:12:00+00:00,,,,,,,,0.78,0.78,,44.0,1,False
2026-03-03 07:12:30+00:00,,,,,,,,0.77,0.77,,86.0,1,False
2026-03-03 07:13:00+00:00,,,,,,,,0.77,0.77,,0.0,0,False
2026-03-03 07:13:30+00:00,,,,,,,,0.7716438356164383,0.77,,73.0,2,False
2026-03-03 07:14:00+00:00,,,,,,,,0.78,0.78,,63.0,1,False
2026-03-03 07:14:30+00:00,,,,,,,,0.78,0.78,,25.0,2,False
2026-03-03 07:15:00+00:00,,,,,,,,0.78,0.78,,1.0,1,False
2026-03-03 07:15:30+00:00,,,,,,,,0.78,0.78,,0.0,0,False
2026-03-03 07:16:00+00:00,,,,,,,,0.78,0.78,,0.0,0,False
2026-03-03 07:16:30+00:00,,,,,,,,0.78,0.78,,0.0,0,False
2026-03-03 07:17:00+00:00,,,,,,,,0.78,0.78,,0.0,0,False
2026-03-03 07:17:30+00:00,,,,,,,,0.78,0.78,,0.0,0,False
2026-03-03 07:18:00+00:00,,,,,,,,0.7711111111111112,0.77,,9.0,3,False
2026-03-03 07:18:30+00:00,,,,,,,,0.78,0.78,,88.0,1,False
2026-03-03 07:19:00+00:00,,,,,,,,0.78,0.78,,0.0,0,False
2026-03-03 07:19:30+00:00,,,,,,,,0.78,0.78,,10.0,1,False
2026-03-03 07:20:00+00:00,,,,,,,,0.78,0.78,,0.0,0,False
2026-03-03 07:20:30+00:00,,,,,,,,0.78,0.78,,0.0,0,False
2026-03-03 07:21:00+00:00,,,,,,,,0.78,0.78,,0.0,0,False
2026-03-03 07:21:30+00:00,,,,,,,,0.78,0.78,,0.0,0,False
2026-03-03 07:22:00+00:00,,,,,,,,0.78,0.78,,0.0,0,False
2026-03-03 07:22:30+00:00,,,,,,,,0.78,0.78,,0.0,0,False
2026-03-03 07:23:00+00:00,,,,,,,,0.78,0.78,,0.0,0,False
2026-03-03 07:23:30+00:00,,,,,,,,0.77,0.77,,1250.0,1,False
2026-03-03 07:24:00+00:00,,,,,,,,0.78,0.78,,125.0,1,False
2026-03-03 07:24:30+00:00,,,,,,,,0.78,0.78,,0.0,0,False
2026-03-03 07:25:00+00:00,,,,,,,,0.7800000000000001,0.78,,81.0,2,False
2026-03-03 07:25:30+00:00,,,,,,,,0.7800000000000001,0.78,,0.0,0,False
2026-03-03 07:26:00+00:00,,,,,,,,0.7800000000000001,0.78,,0.0,0,False
2026-03-03 07:26:30+00:00,,,,,,,,0.7800000000000001,0.78,,0.0,0,False
2026-03-03 07:27:00+00:00,,,,,,,,0.7800000000000001,0.78,,0.0,0,False
2026-03-03 07:27:30+00:00,,,,,,,,0.78,0.78,,158.0,2,False
2026-03-03 07:28:00+00:00,,,,,,,,0.78,0.78,,0.0,0,False
2026-03-03 07:28:30+00:00,,,,,,,,0.78,0.78,,0.0,0,False
2026-03-03 07:29:00+00:00,,,,,,,,0.77,0.77,,20.0,1,False
2026-03-03 07:29:30+00:00,,,,,,,,0.77,0.77,,0.0,0,False
2026-03-03 07:30:00+00:00,,,,,,,,0.7799999999999999,0.78,,6.0,1,False
2026-03-03 07:30:30+00:00,,,,,,,,0.7799999999999999,0.78,,0.0,0,False
2026-03-03 07:31:00+00:00,,,,,,,,0.7799999999999999,0.78,,0.0,0,False
2026-03-03 07:31:30+00:00,,,,,,,,0.7799999999999999,0.78,,0.0,0,False
2026-03-03 07:32:00+00:00,,,,,,,,0.7799999999999999,0.78,,0.0,0,False
2026-03-03 07:32:30+00:00,,,,,,,,0.7799999999999999,0.78,,0.0,0,False
2026-03-03 07:33:00+00:00,,,,,,,,0.78,0.78,,31.0,1,False
2026-03-03 07:33:30+00:00,,,,,,,,0.78,0.78,,0.0,0,False
2026-03-03 07:34:00+00:00,,,,,,,,0.78,0.78,,0.0,0,False
2026-03-03 07:34:30+00:00,,,,,,,,0.78,0.78,,0.0,0,False
2026-03-03 07:35:00+00:00,,,,,,,,0.78,0.78,,0.0,0,False
2026-03-03 07:35:30+00:00,,,,,,,,0.78,0.78,,750.0,1,False
2026-03-03 07:36:00+00:00,,,,,,,,0.78,0.78,,0.0,0,False
2026-03-03 07:36:30+00:00,,,,,,,,0.78,0.78,,0.0,0,False
2026-03-03 07:37:00+00:00,,,,,,,,0.78,0.78,,50.0,1,False
2026-03-03 07:37:30+00:00,,,,,,,,0.78,0.78,,0.0,0,False
2026-03-03 07:38:00+00:00,,,,,,,,0.78,0.78,,0.0,0,False
2026-03-03 07:38:30+00:00,,,,,,,,0.77,0.77,,90.0,1,False
2026-03-03 07:39:00+00:00,,,,,,,,0.78,0.78,,1.0,1,False
2026-03-03 07:39:30+00:00,,,,,,,,0.7796666666666667,0.77,,30.0,2,False
2026-03-03 07:40:00+00:00,,,,,,,,0.78,0.78,,37.0,1,False
2026-03-03 07:40:30+00:00,,,,,,,,0.78,0.78,,0.0,0,False
2026-03-03 07:41:00+00:00,,,,,,,,0.78,0.78,,1.0,1,False
2026-03-03 07:41:30+00:00,,,,,,,,0.78,0.78,,0.0,0,False
2026-03-03 07:42:00+00:00,,,,,,,,0.78,0.78,,0.0,0,False
2026-03-03 07:42:30+00:00,,,,,,,,0.77,0.77,,1.0,1,False
2026-03-03 07:43:00+00:00,,,,,,,,0.78,0.78,,1.0,1,False
2026-03-03 07:43:30+00:00,,,,,,,,0.78,0.78,,0.0,0,False
2026-03-03 07:44:00+00:00,,,,,,,,0.78,0.78,,0.0,0,False
2026-03-03 07:44:30+00:00,,,,,,,,0.78,0.78,,0.0,0,False
2026-03-03 07:45:00+00:00,,,,,,,,0.78,0.78,,0.0,0,False
2026-03-03 07:45:30+00:00,,,,,,,,0.78,0.78,,0.0,0,False
2026-03-03 07:46:00+00:00,,,,,,,,0.78,0.78,,0.0,0,False
2026-03-03 07:46:30+00:00,,,,,,,,0.78,0.78,,25.0,1,False
2026-03-03 07:47:00+00:00,,,,,,,,0.78,0.78,,0.0,0,False
2026-03-03 07:47:30+00:00,,,,,,,,0.78,0.78,,0.0,0,False
2026-03-03 07:48:00+00:00,,,,,,,,0.7729411764705882,0.78,,17.0,2,False
2026-03-03 07:48:30+00:00,,,,,,,,0.7729411764705882,0.78,,0.0,0,False
2026-03-03 07:49:00+00:00,,,,,,,,0.7799999999999999,0.78,,12.0,1,False
2026-03-03 07:49:30+00:00,,,,,,,,0.7799999999999999,0.78,,0.0,0,False
2026-03-03 07:50:00+00:00,,,,,,,,0.7799999999999999,0.78,,0.0,0,False
2026-03-03 07:50:30+00:00,,,,,,,,0.78,0.78,,35.0,1,False
2026-03-03 07:51:00+00:00,,,,,,,,0.77,0.77,,12376.0,1,False
2026-03-03 07:51:30+00:00,,,,,,,,0.77,0.77,,0.0,0,False
2026-03-03 07:52:00+00:00,,,,,,,,0.77,0.77,,0.0,0,False
2026-03-03 07:52:30+00:00,,,,,,,,0.77,0.77,,0.0,0,False
2026-03-03 07:53:00+00:00,,,,,,,,0.77,0.77,,0.0,0,False
2026-03-03 07:53:30+00:00,,,,,,,,0.77,0.77,,0.0,0,False
2026-03-03 07:54:00+00:00,,,,,,,,0.77,0.77,,206.0,1,False
2026-03-03 07:54:30+00:00,,,,,,,,0.77,0.77,,8250.0,1,False
2026-03-03 07:55:00+00:00,,,,,,,,0.77,0.77,,0.0,0,False
2026-03-03 07:55:30+00:00,,,,,,,,0.78,0.78,,10.0,1,False
2026-03-03 07:56:00+00:00,,,,,,,,0.78,0.78,,0.0,0,False
2026-03-03 07:56:30+00:00,,,,,,,,0.77,0.77,,1.0,1,False
2026-03-03 07:57:00+00:00,,,,,,,,0.77,0.77,,0.0,0,False
2026-03-03 07:57:30+00:00,,,,,,,,0.773157894736842,0.77,,38.0,4,False
2026-03-03 07:58:00+00:00,,,,,,,,0.7799999999999999,0.78,,30.0,2,False
2026-03-03 07:58:30+00:00,,,,,,,,0.7799999999999999,0.78,,0.0,0,False
2026-03-03 07:59:00+00:00,,,,,,,,0.7796825396825396,0.78,,63.0,3,False
2026-03-03 07:59:30+00:00,,,,,,,,0.77,0.77,,2.0,2,False
2026-03-03 08:00:00+00:00,,,,,,,,0.77,0.77,,0.0,0,False
2026-03-03 08:00:30+00:00,,,,,,,,0.78,0.78,,112.0,2,False
2026-03-03 08:01:00+00:00,,,,,,,,0.78,0.78,,0.0,0,False
2026-03-03 08:01:30+00:00,,,,,,,,0.78,0.78,,0.0,0,False
2026-03-03 08:02:00+00:00,,,,,,,,0.77,0.77,,2.0,1,False
2026-03-03 08:02:30+00:00,,,,,,,,0.78,0.78,,37.0,1,False
2026-03-03 08:03:00+00:00,,,,,,,,0.78,0.78,,0.0,0,False
2026-03-03 08:03:30+00:00,,,,,,,,0.78,0.78,,250.0,1,False
2026-03-03 08:04:00+00:00,,,,,,,,0.78,0.78,,0.0,0,False
2026-03-03 08:04:30+00:00,,,,,,,,0.77,0.77,,2627.0,1,False
2026-03-03 08:05:00+00:00,,,,,,,,0.77,0.77,,0.0,0,False
2026-03-03 08:05:30+00:00,,,,,,,,0.77,0.77,,0.0,0,False
2026-03-03 08:06:00+00:00,,,,,,,,0.78,0.78,,60.0,1,False
2026-03-03 08:06:30+00:00,,,,,,,,0.78,0.78,,0.0,0,False
2026-03-03 08:07:00+00:00,,,,,,,,0.78,0.78,,0.0,0,False
2026-03-03 08:07:30+00:00,,,,,,,,0.78,0.78,,0.0,0,False
2026-03-03 08:08:00+00:00,,,,,,,,0.78,0.78,,156.0,2,False
2026-03-03 08:08:30+00:00,,,,,,,,0.7733333333333334,0.78,,3.0,2,False
2026-03-03 08:09:00+00:00,,,,,,,,0.7733333333333334,0.78,,0.0,0,False
2026-03-03 08:09:30+00:00,,,,,,,,0.7733333333333334,0.78,,0.0,0,False
2026-03-03 08:10:00+00:00,,,,,,,,0.7733333333333334,0.78,,0.0,0,False
2026-03-03 08:10:30+00:00,,,,,,,,0.7733333333333334,0.78,,0.0,0,False
2026-03-03 08:11:00+00:00,,,,,,,,0.7799999999999999,0.78,,6.0,1,False
2026-03-03 08:11:30+00:00,,,,,,,,0.7799999999999999,0.78,,17.0,4,False
2026-03-03 08:12:00+00:00,,,,,,,,0.7799999999999999,0.78,,0.0,0,False
2026-03-03 08:12:30+00:00,,,,,,,,0.7799999999999999,0.78,,0.0,0,False
2026-03-03 08:13:00+00:00,,,,,,,,0.7799999999999999,0.78,,0.0,0,False
2026-03-03 08:13:30+00:00,,,,,,,,0.78,0.78,,25.0,1,False
2026-03-03 08:14:00+00:00,,,,,,,,0.78,0.78,,0.0,0,False
2026-03-03 08:14:30+00:00,,,,,,,,0.78,0.78,,0.0,0,False
2026-03-03 08:15:00+00:00,,,,,,,,0.78,0.78,,0.0,0,False
2026-03-03 08:15:30+00:00,,,,,,,,0.78,0.78,,0.0,0,False
2026-03-03 08:16:00+00:00,,,,,,,,0.78,0.78,,31.0,1,False
2026-03-03 08:16:30+00:00,,,,,,,,0.78,0.78,,0.0,0,False
2026-03-03 08:17:00+00:00,,,,,,,,0.78,0.78,,25.0,1,False
2026-03-03 08:17:30+00:00,,,,,,,,0.78,0.78,,0.0,0,False
2026-03-03 08:18:00+00:00,,,,,,,,0.78,0.78,,0.0,0,False
2026-03-03 08:18:30+00:00,,,,,,,,0.78,0.78,,0.0,0,False
2026-03-03 08:19:00+00:00,,,,,,,,0.78,0.78,,0.0,0,False
2026-03-03 08:19:30+00:00,,,,,,,,0.78,0.78,,0.0,0,False
2026-03-03 08:20:00+00:00,,,,,,,,0.78,0.78,,0.0,0,False
2026-03-03 08:20:30+00:00,,,,,,,,0.78,0.78,,0.0,0,False
2026-03-03 08:21:00+00:00,,,,,,,,0.78,0.78,,0.0,0,False
2026-03-03 08:21:30+00:00,,,,,,,,0.78,0.78,,0.0,0,False
2026-03-03 08:22:00+00:00,,,,,,,,0.78,0.78,,0.0,0,False
2026-03-03 08:22:30+00:00,,,,,,,,0.78,0.78,,2275.0,2,False
2026-03-03 08:23:00+00:00,,,,,,,,0.78,0.78,,0.0,0,False
2026-03-03 08:23:30+00:00,,,,,,,,0.78,0.78,,0.0,0,False
2026-03-03 08:24:00+00:00,,,,,,,,0.78,0.78,,625.0,1,False
2026-03-03 08:24:30+00:00,,,,,,,,0.78,0.78,,0.0,0,False
2026-03-03 08:25:00+00:00,,,,,,,,0.78,0.78,,0.0,0,False
2026-03-03 08:25:30+00:00,,,,,,,,0.78,0.78,,0.0,0,False
2026-03-03 08:26:00+00:00,,,,,,,,0.77,0.77,,103.0,1,False
2026-03-03 08:26:30+00:00,,,,,,,,0.78,0.78,,150.0,1,False
2026-03-03 08:27:00+00:00,,,,,,,,0.78,0.78,,0.0,0,False
2026-03-03 08:27:30+00:00,,,,,,,,0.78,0.78,,0.0,0,False
2026-03-03 08:28:00+00:00,,,,,,,,0.78,0.78,,0.0,0,False
2026-03-03 08:28:30+00:00,,,,,,,,0.78,0.78,,0.0,0,False
2026-03-03 08:29:00+00:00,,,,,,,,0.78,0.78,,0.0,0,False
2026-03-03 08:29:30+00:00,,,,,,,,0.78,0.78,,115.0,1,False
2026-03-03 08:30:00+00:00,,,,,,,,0.78,0.78,,0.0,0,False
2026-03-03 08:30:30+00:00,,,,,,,,0.78,0.78,,125.0,1,False
2026-03-03 08:31:00+00:00,,,,,,,,0.78,0.78,,0.0,0,False
2026-03-03 08:31:30+00:00,,,,,,,,0.78,0.78,,0.0,0,False
2026-03-03 08:32:00+00:00,,,,,,,,0.7737787182587665,0.77,,3308.0,3,False
2026-03-03 08:32:30+00:00,,,,,,,,0.77,0.77,,126.0,1,False
2026-03-03 08:33:00+00:00,,,,,,,,0.77,0.77,,0.0,0,False
2026-03-03 08:33:30+00:00,,,,,,,,0.77,0.77,,9488.0,1,False
2026-03-03 08:34:00+00:00,,,,,,,,0.77,0.77,,0.0,0,False
2026-03-03 08:34:30+00:00,,,,,,,,0.77,0.77,,15.0,1,False
2026-03-03 08:35:00+00:00,,,,,,,,0.77,0.77,,0.0,0,False
2026-03-03 08:35:30+00:00,,,,,,,,0.77,0.77,,0.0,0,False
2026-03-03 08:36:00+00:00,,,,,,,,0.77,0.77,,0.0,0,False
2026-03-03 08:36:30+00:00,,,,,,,,0.77,0.77,,0.0,0,False
2026-03-03 08:37:00+00:00,,,,,,,,0.77,0.77,,0.0,0,False
2026-03-03 08:37:30+00:00,,,,,,,,0.77,0.77,,0.0,0,False
2026-03-03 08:38:00+00:00,,,,,,,,0.77,0.77,,0.0,0,False
2026-03-03 08:38:30+00:00,,,,,,,,0.77,0.77,,0.0,0,False
2026-03-03 08:39:00+00:00,,,,,,,,0.77,0.77,,18.0,1,False
2026-03-03 08:39:30+00:00,,,,,,,,0.77,0.77,,64.0,1,False
2026-03-03 08:40:00+00:00,,,,,,,,0.77,0.77,,0.0,0,False
2026-03-03 08:40:30+00:00,,,,,,,,0.77,0.77,,0.0,0,False
2026-03-03 08:41:00+00:00,,,,,,,,0.77,0.77,,20.0,1,False
2026-03-03 08:41:30+00:00,,,,,,,,0.77,0.77,,0.0,0,False
2026-03-03 08:42:00+00:00,,,,,,,,0.77,0.77,,8.0,1,False
2026-03-03 08:42:30+00:00,,,,,,,,0.77,0.77,,6.0,1,False
2026-03-03 08:43:00+00:00,,,,,,,,0.77,0.77,,6.0,1,False
2026-03-03 08:43:30+00:00,,,,,,,,0.77,0.77,,499.0,2,False
2026-03-03 08:44:00+00:00,,,,,,,,0.77,0.77,,0.0,0,False
2026-03-03 08:44:30+00:00,,,,,,,,0.7700000000000001,0.77,,210.0,2,False
2026-03-03 08:45:00+00:00,,,,,,,,0.7700000000000001,0.77,,0.0,0,False
2026-03-03 08:45:30+00:00,,,,,,,,0.7700000000000001,0.77,,0.0,0,False
2026-03-03 08:46:00+00:00,,,,,,,,0.76,0.76,,348.0,4,False
2026-03-03 08:46:30+00:00,,,,,,,,0.76,0.76,,0.0,0,False
2026-03-03 08:47:00+00:00,,,,,,,,0.76,0.76,,25.0,1,False
2026-03-03 08:47:30+00:00,,,,,,,,0.75,0.75,,14.0,2,False
2026-03-03 08:48:00+00:00,,,,,,,,0.75,0.75,,0.0,0,False
2026-03-03 08:48:30+00:00,,,,,,,,0.75,0.75,,0.0,0,False
2026-03-03 08:49:00+00:00,,,,,,,,0.76,0.76,,5.0,1,False
2026-03-03 08:49:30+00:00,,,,,,,,0.76,0.76,,0.0,0,False
2026-03-03 08:50:00+00:00,,,,,,,,0.76,0.76,,0.0,0,False
2026-03-03 08:50:30+00:00,,,,,,,,0.76,0.76,,0.0,0,False
2026-03-03 08:51:00+00:00,,,,,,,,0.76,0.76,,0.0,0,False
2026-03-03 08:51:30+00:00,,,,,,,,0.76,0.76,,0.0,0,False
2026-03-03 08:52:00+00:00,,,,,,,,0.76,0.76,,32.0,1,False
2026-03-03 08:52:30+00:00,,,,,,,,0.76,0.76,,0.0,0,False
2026-03-03 08:53:00+00:00,,,,,,,,0.76,0.76,,0.0,0,False
2026-03-03 08:53:30+00:00,,,,,,,,0.76,0.76,,0.0,0,False
2026-03-03 08:54:00+00:00,,,,,,,,0.76,0.76,,0.0,0,False
2026-03-03 08:54:30+00:00,,,,,,,,0.76,0.76,,0.0,0,False
2026-03-03 08:55:00+00:00,,,,,,,,0.76,0.76,,0.0,0,False
2026-03-03 08:55:30+00:00,,,,,,,,0.76,0.76,,0.0,0,False
2026-03-03 08:56:00+00:00,,,,,,,,0.75,0.75,,3.0,1,False
2026-03-03 08:56:30+00:00,,,,,,,,0.75,0.75,,0.0,0,False
2026-03-03 08:57:00+00:00,,,,,,,,0.75,0.75,,0.0,0,False
2026-03-03 08:57:30+00:00,,,,,,,,0.76,0.76,,70.0,1,False
2026-03-03 08:58:00+00:00,,,,,,,,0.76,0.76,,0.0,0,False
2026-03-03 08:58:30+00:00,,,,,,,,0.76,0.76,,0.0,0,False
2026-03-03 08:59:00+00:00,,,,,,,,0.76,0.76,,0.0,0,False
2026-03-03 08:59:30+00:00,,,,,,,,0.76,0.76,,45.0,1,False
2026-03-03 09:00:00+00:00,,,,,,,,0.76,0.76,,0.0,0,False
2026-03-03 09:00:30+00:00,,,,,,,,0.76,0.76,,129.0,1,False
2026-03-03 09:01:00+00:00,,,,,,,,0.76,0.76,,36.0,2,False
2026-03-03 09:01:30+00:00,,,,,,,,0.7600000000000001,0.76,,76.0,2,False
2026-03-03 09:02:00+00:00,,,,,,,,0.7500085251491901,0.75,,1173.0,5,False
2026-03-03 09:02:30+00:00,,,,,,,,0.7500085251491901,0.75,,0.0,0,False
2026-03-03 09:03:00+00:00,,,,,,,,0.7500085251491901,0.75,,0.0,0,False
2026-03-03 09:03:30+00:00,,,,,,,,0.76,0.76,,129.0,1,False
2026-03-03 09:04:00+00:00,,,,,,,,0.76,0.76,,0.0,0,False
2026-03-03 09:04:30+00:00,,,,,,,,0.76,0.76,,0.0,0,False
2026-03-03 09:05:00+00:00,,,,,,,,0.76,0.76,,0.0,0,False
2026-03-03 09:05:30+00:00,,,,,,,,0.76,0.76,,0.0,0,False
2026-03-03 09:06:00+00:00,,,,,,,,0.76,0.76,,0.0,0,False
2026-03-03 09:06:30+00:00,,,,,,,,0.76,0.76,,0.0,0,False
2026-03-03 09:07:00+00:00,,,,,,,,0.76,0.76,,0.0,0,False
2026-03-03 09:07:30+00:00,,,,,,,,0.76,0.76,,64.0,1,False
2026-03-03 09:08:00+00:00,,,,,,,,0.76,0.76,,1.0,1,False
2026-03-03 09:08:30+00:00,,,,,,,,0.7598212512413108,0.75,,1007.0,3,False
2026-03-03 09:09:00+00:00,,,,,,,,0.7598212512413108,0.75,,0.0,0,False
2026-03-03 09:09:30+00:00,,,,,,,,0.75,0.75,,1.0,1,False
2026-03-03 09:10:00+00:00,,,,,,,,0.75,0.75,,0.0,0,False
2026-03-03 09:10:30+00:00,,,,,,,,0.75,0.75,,0.0,0,False
2026-03-03 09:11:00+00:00,,,,,,,,0.75,0.75,,0.0,0,False
2026-03-03 09:11:30+00:00,,,,,,,,0.75,0.75,,0.0,0,False
2026-03-03 09:12:00+00:00,,,,,,,,0.75,0.75,,0.0,0,False
2026-03-03 09:12:30+00:00,,,,,,,,0.75,0.75,,0.0,0,False
2026-03-03 09:13:00+00:00,,,,,,,,0.75,0.75,,3.0,1,False
2026-03-03 09:13:30+00:00,,,,,,,,0.75,0.75,,40.0,1,False
2026-03-03 09:14:00+00:00,,,,,,,,0.75,0.75,,0.0,0,False
2026-03-03 09:14:30+00:00,,,,,,,,0.75,0.75,,0.0,0,False
2026-03-03 09:15:00+00:00,,,,,,,,0.75,0.75,,0.0,0,False
2026-03-03 09:15:30+00:00,,,,,,,,0.75,0.75,,0.0,0,False
2026-03-03 09:16:00+00:00,,,,,,,,0.75,0.75,,0.0,0,False
2026-03-03 09:16:30+00:00,,,,,,,,0.75,0.75,,0.0,0,False
2026-03-03 09:17:00+00:00,,,,,,,,0.75,0.75,,0.0,0,False
2026-03-03 09:17:30+00:00,,,,,,,,0.75,0.75,,0.0,0,False
2026-03-03 09:18:00+00:00,,,,,,,,0.75,0.75,,0.0,0,False
2026-03-03 09:18:30+00:00,,,,,,,,0.75,0.75,,0.0,0,False
2026-03-03 09:19:00+00:00,,,,,,,,0.76,0.76,,129.0,1,False
2026-03-03 09:19:30+00:00,,,,,,,,0.76,0.76,,0.0,0,False
2026-03-03 09:20:00+00:00,,,,,,,,0.76,0.76,,0.0,0,False
2026-03-03 09:20:30+00:00,,,,,,,,0.76,0.76,,0.0,0,False
2026-03-03 09:21:00+00:00,,,,,,,,0.76,0.76,,0.0,0,False
2026-03-03 09:21:30+00:00,,,,,,,,0.76,0.76,,0.0,0,False
2026-03-03 09:22:00+00:00,,,,,,,,0.76,0.76,,0.0,0,False
2026-03-03 09:22:30+00:00,,,,,,,,0.76,0.76,,0.0,0,False
2026-03-03 09:23:00+00:00,,,,,,,,0.76,0.76,,0.0,0,False
2026-03-03 09:23:30+00:00,,,,,,,,0.76,0.76,,0.0,0,False
2026-03-03 09:24:00+00:00,,,,,,,,0.76,0.76,,0.0,0,False
2026-03-03 09:24:30+00:00,,,,,,,,0.76,0.76,,0.0,0,False
2026-03-03 09:25:00+00:00,,,,,,,,0.7600000000000001,0.76,,3.0,1,False
2026-03-03 09:25:30+00:00,,,,,,,,0.7600000000000001,0.76,,0.0,0,False
2026-03-03 09:26:00+00:00,,,,,,,,0.76,0.76,,13.0,1,False
2026-03-03 09:26:30+00:00,,,,,,,,0.76,0.76,,0.0,0,False
2026-03-03 09:27:00+00:00,,,,,,,,0.76,0.76,,0.0,0,False
2026-03-03 09:27:30+00:00,,,,,,,,0.76,0.76,,1.0,1,False
2026-03-03 09:28:00+00:00,,,,,,,,0.76,0.76,,0.0,0,False
2026-03-03 09:28:30+00:00,,,,,,,,0.76,0.76,,0.0,0,False
2026-03-03 09:29:00+00:00,,,,,,,,0.76,0.76,,0.0,0,False
2026-03-03 09:29:30+00:00,,,,,,,,0.76,0.76,,0.0,0,False
2026-03-03 09:30:00+00:00,,,,,,,,0.76,0.76,,0.0,0,False
2026-03-03 09:30:30+00:00,,,,,,,,0.76,0.76,,0.0,0,False
2026-03-03 09:31:00+00:00,,,,,,,,0.76,0.76,,0.0,0,False
2026-03-03 09:31:30+00:00,,,,,,,,0.7600000000000001,0.76,,76.0,2,False
2026-03-03 09:32:00+00:00,,,,,,,,0.7600000000000001,0.76,,0.0,0,False
2026-03-03 09:32:30+00:00,,,,,,,,0.7600000000000001,0.76,,0.0,0,False
2026-03-03 09:33:00+00:00,,,,,,,,0.75,0.75,,38.0,1,False
2026-03-03 09:33:30+00:00,,,,,,,,0.75,0.75,,0.0,0,False
2026-03-03 09:34:00+00:00,,,,,,,,0.75,0.75,,0.0,0,False
2026-03-03 09:34:30+00:00,,,,,,,,0.75,0.75,,0.0,0,False
2026-03-03 09:35:00+00:00,,,,,,,,0.75,0.75,,0.0,0,False
2026-03-03 09:35:30+00:00,,,,,,,,0.75,0.75,,0.0,0,False
2026-03-03 09:36:00+00:00,,,,,,,,0.75,0.75,,0.0,0,False
2026-03-03 09:36:30+00:00,,,,,,,,0.75,0.75,,0.0,0,False
2026-03-03 09:37:00+00:00,,,,,,,,0.75,0.75,,0.0,0,False
2026-03-03 09:37:30+00:00,,,,,,,,0.75,0.75,,0.0,0,False
2026-03-03 09:38:00+00:00,,,,,,,,0.75,0.75,,0.0,0,False
2026-03-03 09:38:30+00:00,,,,,,,,0.7600000000000001,0.76,,12.0,1,False
2026-03-03 09:39:00+00:00,,,,,,,,0.7600000000000001,0.76,,0.0,0,False
2026-03-03 09:39:30+00:00,,,,,,,,0.7600000000000001,0.76,,0.0,0,False
2026-03-03 09:40:00+00:00,,,,,,,,0.7600000000000001,0.76,,0.0,0,False
2026-03-03 09:40:30+00:00,,,,,,,,0.7600000000000001,0.76,,0.0,0,False
2026-03-03 09:41:00+00:00,,,,,,,,0.7600000000000001,0.76,,0.0,0,False
2026-03-03 09:41:30+00:00,,,,,,,,0.7600000000000001,0.76,,0.0,0,False
2026-03-03 09:42:00+00:00,,,,,,,,0.7600000000000001,0.76,,0.0,0,False
2026-03-03 09:42:30+00:00,,,,,,,,0.7600000000000001,0.76,,0.0,0,False
2026-03-03 09:43:00+00:00,,,,,,,,0.7600000000000001,0.76,,0.0,0,False
2026-03-03 09:43:30+00:00,,,,,,,,0.7600000000000001,0.76,,0.0,0,False
2026-03-03 09:44:00+00:00,,,,,,,,0.7600000000000001,0.76,,0.0,0,False
2026-03-03 09:44:30+00:00,,,,,,,,0.76,0.76,,9.0,1,False
2026-03-03 09:45:00+00:00,,,,,,,,0.75,0.75,,101.0,1,False
2026-03-03 09:45:30+00:00,,,,,,,,0.75,0.75,,0.0,0,False
2026-03-03 09:46:00+00:00,,,,,,,,0.75,0.75,,0.0,0,False
2026-03-03 09:46:30+00:00,,,,,,,,0.75,0.75,,0.0,0,False
2026-03-03 09:47:00+00:00,,,,,,,,0.75,0.75,,0.0,0,False
2026-03-03 09:47:30+00:00,,,,,,,,0.75,0.75,,0.0,0,False
2026-03-03 09:48:00+00:00,,,,,,,,0.75,0.75,,0.0,0,False
2026-03-03 09:48:30+00:00,,,,,,,,0.75,0.75,,0.0,0,False
2026-03-03 09:49:00+00:00,,,,,,,,0.75,0.75,,0.0,0,False
2026-03-03 09:49:30+00:00,,,,,,,,0.76,0.76,,49.0,1,False
2026-03-03 09:50:00+00:00,,,,,,,,0.76,0.76,,0.0,0,False
2026-03-03 09:50:30+00:00,,,,,,,,0.76,0.76,,0.0,0,False
2026-03-03 09:51:00+00:00,,,,,,,,0.7600000000000001,0.76,,12.0,1,False
2026-03-03 09:51:30+00:00,,,,,,,,0.7600000000000001,0.76,,0.0,0,False
2026-03-03 09:52:00+00:00,,,,,,,,0.75,0.75,,190.0,1,False
2026-03-03 09:52:30+00:00,,,,,,,,0.76,0.76,,194.0,1,False
2026-03-03 09:53:00+00:00,,,,,,,,0.76,0.76,,64.0,2,False
2026-03-03 09:53:30+00:00,,,,,,,,0.77,0.77,,4.0,1,False
2026-03-03 09:54:00+00:00,,,,,,,,0.77,0.77,,0.0,0,False
2026-03-03 09:54:30+00:00,,,,,,,,0.77,0.77,,0.0,0,False
2026-03-03 09:55:00+00:00,,,,,,,,0.77,0.77,,0.0,0,False
2026-03-03 09:55:30+00:00,,,,,,,,0.77,0.77,,0.0,0,False
2026-03-03 09:56:00+00:00,,,,,,,,0.77,0.77,,0.0,0,False
2026-03-03 09:56:30+00:00,,,,,,,,0.77,0.77,,0.0,0,False
2026-03-03 09:57:00+00:00,,,,,,,,0.77,0.77,,0.0,0,False
2026-03-03 09:57:30+00:00,,,,,,,,0.77,0.77,,0.0,0,False
2026-03-03 09:58:00+00:00,,,,,,,,0.77,0.77,,0.0,0,False
2026-03-03 09:58:30+00:00,,,,,,,,0.77,0.77,,0.0,0,False
2026-03-03 09:59:00+00:00,,,,,,,,0.77,0.77,,0.0,0,False
2026-03-03 09:59:30+00:00,,,,,,,,0.77,0.77,,0.0,0,False
2026-03-03 10:00:00+00:00,,,,,,,,0.77,0.77,,0.0,0,False
2026-03-03 10:00:30+00:00,,,,,,,,0.77,0.77,,0.0,0,False
2026-03-03 10:01:00+00:00,,,,,,,,0.77,0.77,,0.0,0,False
2026-03-03 10:01:30+00:00,,,,,,,,0.77,0.77,,0.0,0,False
2026-03-03 10:02:00+00:00,,,,,,,,0.7686206896551725,0.75,,87.0,2,False
2026-03-03 10:02:30+00:00,,,,,,,,0.7686206896551725,0.75,,0.0,0,False
2026-03-03 10:03:00+00:00,,,,,,,,0.7686206896551725,0.75,,0.0,0,False
2026-03-03 10:03:30+00:00,,,,,,,,0.7686206896551725,0.75,,0.0,0,False
2026-03-03 10:04:00+00:00,,,,,,,,0.7686206896551725,0.75,,0.0,0,False
2026-03-03 10:04:30+00:00,,,,,,,,0.77,0.77,,1.0,1,False
2026-03-03 10:05:00+00:00,,,,,,,,0.77,0.77,,0.0,0,False
2026-03-03 10:05:30+00:00,,,,,,,,0.77,0.77,,6.0,1,False
2026-03-03 10:06:00+00:00,,,,,,,,0.77,0.77,,0.0,0,False
2026-03-03 10:06:30+00:00,,,,,,,,0.77,0.77,,0.0,0,False
2026-03-03 10:07:00+00:00,,,,,,,,0.77,0.77,,0.0,0,False
2026-03-03 10:07:30+00:00,,,,,,,,0.77,0.77,,30.0,1,False
2026-03-03 10:08:00+00:00,,,,,,,,0.77,0.77,,0.0,0,False
2026-03-03 10:08:30+00:00,,,,,,,,0.77,0.77,,1.0,1,False
2026-03-03 10:09:00+00:00,,,,,,,,0.77,0.77,,1.0,1,False
2026-03-03 10:09:30+00:00,,,,,,,,0.77,0.77,,0.0,0,False
2026-03-03 10:10:00+00:00,,,,,,,,0.77,0.77,,0.0,0,False
2026-03-03 10:10:30+00:00,,,,,,,,0.7699999999999999,0.77,,176.0,2,False
2026-03-03 10:11:00+00:00,,,,,,,,0.77,0.77,,15.0,1,False
2026-03-03 10:11:30+00:00,,,,,,,,0.77,0.77,,77.0,1,False
2026-03-03 10:12:00+00:00,,,,,,,,0.77,0.77,,2.0,1,False
2026-03-03 10:12:30+00:00,,,,,,,,0.77,0.77,,0.0,0,False
2026-03-03 10:13:00+00:00,,,,,,,,0.77,0.77,,0.0,0,False
2026-03-03 10:13:30+00:00,,,,,,,,0.77,0.77,,0.0,0,False
2026-03-03 10:14:00+00:00,,,,,,,,0.77,0.77,,0.0,0,False
2026-03-03 10:14:30+00:00,,,,,,,,0.77,0.77,,0.0,0,False
2026-03-03 10:15:00+00:00,,,,,,,,0.77,0.77,,0.0,0,False
2026-03-03 10:15:30+00:00,,,,,,,,0.77,0.77,,38.0,1,False
2026-03-03 10:16:00+00:00,,,,,,,,0.77,0.77,,0.0,0,False
2026-03-03 10:16:30+00:00,,,,,,,,0.77,0.77,,0.0,0,False
2026-03-03 10:17:00+00:00,,,,,,,,0.77,0.77,,1.0,1,False
2026-03-03 10:17:30+00:00,,,,,,,,0.77,0.77,,0.0,0,False
2026-03-03 10:18:00+00:00,,,,,,,,0.77,0.77,,0.0,0,False
2026-03-03 10:18:30+00:00,,,,,,,,0.77,0.77,,0.0,0,False
2026-03-03 10:19:00+00:00,,,,,,,,0.77,0.77,,0.0,0,False
2026-03-03 10:19:30+00:00,,,,,,,,0.77,0.77,,0.0,0,False
2026-03-03 10:20:00+00:00,,,,,,,,0.77,0.77,,0.0,0,False
2026-03-03 10:20:30+00:00,,,,,,,,0.77,0.77,,0.0,0,False
2026-03-03 10:21:00+00:00,,,,,,,,0.77,0.77,,0.0,0,False
2026-03-03 10:21:30+00:00,,,,,,,,0.77,0.77,,25.0,1,False
2026-03-03 10:22:00+00:00,,,,,,,,0.77,0.77,,0.0,0,False
2026-03-03 10:22:30+00:00,,,,,,,,0.77,0.77,,0.0,0,False
2026-03-03 10:23:00+00:00,,,,,,,,0.77,0.77,,25.0,2,False
2026-03-03 10:23:30+00:00,,,,,,,,0.77,0.77,,0.0,0,False
2026-03-03 10:24:00+00:00,,,,,,,,0.77,0.77,,0.0,0,False
2026-03-03 10:24:30+00:00,,,,,,,,0.75,0.75,,76.0,2,False
2026-03-03 10:25:00+00:00,,,,,,,,0.75,0.75,,0.0,0,False
2026-03-03 10:25:30+00:00,,,,,,,,0.77,0.77,,6.0,1,False
2026-03-03 10:26:00+00:00,,,,,,,,0.77,0.77,,0.0,0,False
2026-03-03 10:26:30+00:00,,,,,,,,0.75,0.75,,6.0,1,False
2026-03-03 10:27:00+00:00,,,,,,,,0.75,0.75,,0.0,0,False
2026-03-03 10:27:30+00:00,,,,,,,,0.75,0.75,,0.0,0,False
2026-03-03 10:28:00+00:00,,,,,,,,0.75,0.75,,0.0,0,False
2026-03-03 10:28:30+00:00,,,,,,,,0.75,0.75,,0.0,0,False
2026-03-03 10:29:00+00:00,,,,,,,,0.77,0.77,,6.0,1,False
2026-03-03 10:29:30+00:00,,,,,,,,0.75,0.75,,3.0,1,False
2026-03-03 10:30:00+00:00,,,,,,,,0.75,0.75,,0.0,0,False
2026-03-03 10:30:30+00:00,,,,,,,,0.75,0.75,,0.0,0,False
2026-03-03 10:31:00+00:00,,,,,,,,0.75,0.75,,0.0,0,False
2026-03-03 10:31:30+00:00,,,,,,,,0.75,0.75,,0.0,0,False
2026-03-03 10:32:00+00:00,,,,,,,,0.75,0.75,,0.0,0,False
2026-03-03 10:32:30+00:00,,,,,,,,0.75,0.75,,0.0,0,False
2026-03-03 10:33:00+00:00,,,,,,,,0.75,0.75,,0.0,0,False
2026-03-03 10:33:30+00:00,,,,,,,,0.75,0.75,,0.0,0,False
2026-03-03 10:34:00+00:00,,,,,,,,0.75,0.75,,0.0,0,False
2026-03-03 10:34:30+00:00,,,,,,,,0.75,0.75,,0.0,0,False
2026-03-03 10:35:00+00:00,,,,,,,,0.77,0.77,,38.0,1,False
2026-03-03 10:35:30+00:00,,,,,,,,0.77,0.77,,0.0,0,False
2026-03-03 10:36:00+00:00,,,,,,,,0.77,0.77,,0.0,0,False
2026-03-03 10:36:30+00:00,,,,,,,,0.76,0.76,,60.0,2,False
2026-03-03 10:37:00+00:00,,,,,,,,0.76,0.76,,0.0,0,False
2026-03-03 10:37:30+00:00,,,,,,,,0.77,0.77,,8.0,1,False
2026-03-03 10:38:00+00:00,,,,,,,,0.7700000000000001,0.77,,1266.0,9,False
2026-03-03 10:38:30+00:00,,,,,,,,0.7700000000000001,0.77,,0.0,0,False
2026-03-03 10:39:00+00:00,,,,,,,,0.7700000000000001,0.77,,0.0,0,False
2026-03-03 10:39:30+00:00,,,,,,,,0.77,0.77,,12.0,1,False
2026-03-03 10:40:00+00:00,,,,,,,,0.75,0.75,,15.0,1,False
2026-03-03 10:40:30+00:00,,,,,,,,0.75,0.75,,0.0,0,False
2026-03-03 10:41:00+00:00,,,,,,,,0.75,0.75,,0.0,0,False
2026-03-03 10:41:30+00:00,,,,,,,,0.75,0.75,,0.0,0,False
2026-03-03 10:42:00+00:00,,,,,,,,0.75,0.75,,0.0,0,False
2026-03-03 10:42:30+00:00,,,,,,,,0.77,0.77,,52.0,1,False
2026-03-03 10:43:00+00:00,,,,,,,,0.77,0.77,,0.0,0,False
2026-03-03 10:43:30+00:00,,,,,,,,0.77,0.77,,0.0,0,False
2026-03-03 10:44:00+00:00,,,,,,,,0.77,0.77,,0.0,0,False
2026-03-03 10:44:30+00:00,,,,,,,,0.77,0.77,,20.0,1,False
2026-03-03 10:45:00+00:00,,,,,,,,0.77,0.77,,40.0,2,False
2026-03-03 10:45:30+00:00,,,,,,,,0.77,0.77,,0.0,0,False
2026-03-03 10:46:00+00:00,,,,,,,,0.77,0.77,,0.0,0,False
2026-03-03 10:46:30+00:00,,,,,,,,0.77,0.77,,0.0,0,False
2026-03-03 10:47:00+00:00,,,,,,,,0.77,0.77,,0.0,0,False
2026-03-03 10:47:30+00:00,,,,,,,,0.77,0.77,,0.0,0,False
2026-03-03 10:48:00+00:00,,,,,,,,0.77,0.77,,0.0,0,False
2026-03-03 10:48:30+00:00,,,,,,,,0.77,0.77,,57.0,1,False
2026-03-03 10:49:00+00:00,,,,,,,,0.77,0.77,,0.0,0,False
2026-03-03 10:49:30+00:00,,,,,,,,0.77,0.77,,0.0,0,False
2026-03-03 10:50:00+00:00,,,,,,,,0.77,0.77,,0.0,0,False
2026-03-03 10:50:30+00:00,,,,,,,,0.77,0.77,,76.0,1,False
2026-03-03 10:51:00+00:00,,,,,,,,0.77,0.77,,0.0,0,False
2026-03-03 10:51:30+00:00,,,,,,,,0.77,0.77,,0.0,0,False
2026-03-03 10:52:00+00:00,,,,,,,,0.75,0.75,,3.0,1,False
2026-03-03 10:52:30+00:00,,,,,,,,0.75,0.75,,0.0,0,False
2026-03-03 10:53:00+00:00,,,,,,,,0.77,0.77,,200.0,1,False
2026-03-03 10:53:30+00:00,,,,,,,,0.77,0.77,,0.0,0,False
2026-03-03 10:54:00+00:00,,,,,,,,0.77,0.77,,0.0,0,False
2026-03-03 10:54:30+00:00,,,,,,,,0.77,0.77,,0.0,0,False
2026-03-03 10:55:00+00:00,,,,,,,,0.77,0.77,,1.0,1,False
2026-03-03 10:55:30+00:00,,,,,,,,0.77,0.77,,63.0,1,False
2026-03-03 10:56:00+00:00,,,,,,,,0.77,0.77,,0.0,0,False
2026-03-03 10:56:30+00:00,,,,,,,,0.77,0.77,,0.0,0,False
2026-03-03 10:57:00+00:00,,,,,,,,0.77,0.77,,0.0,0,False
2026-03-03 10:57:30+00:00,,,,,,,,0.77,0.77,,40.0,1,False
2026-03-03 10:58:00+00:00,,,,,,,,0.77,0.77,,0.0,0,False
2026-03-03 10:58:30+00:00,,,,,,,,0.77,0.77,,0.0,0,False
2026-03-03 10:59:00+00:00,,,,,,,,0.77,0.77,,0.0,0,False
2026-03-03 10:59:30+00:00,,,,,,,,0.77,0.77,,0.0,0,False
2026-03-03 11:00:00+00:00,,,,,,,,0.77,0.77,,0.0,0,False
2026-03-03 11:00:30+00:00,,,,,,,,0.77,0.77,,0.0,0,False
2026-03-03 11:01:00+00:00,,,,,,,,0.77,0.77,,0.0,0,False
2026-03-03 11:01:30+00:00,,,,,,,,0.77,0.77,,6.0,1,False
2026-03-03 11:02:00+00:00,,,,,,,,0.77,0.77,,0.0,0,False
2026-03-03 11:02:30+00:00,,,,,,,,0.77,0.77,,0.0,0,False
2026-03-03 11:03:00+00:00,,,,,,,,0.77,0.77,,1.0,1,False
2026-03-03 11:03:30+00:00,,,,,,,,0.77,0.77,,25.0,1,False
2026-03-03 11:04:00+00:00,,,,,,,,0.77,0.77,,0.0,0,False
2026-03-03 11:04:30+00:00,,,,,,,,0.77,0.77,,0.0,0,False
2026-03-03 11:05:00+00:00,,,,,,,,0.77,0.77,,0.0,0,False
2026-03-03 11:05:30+00:00,,,,,,,,0.77,0.77,,3.0,1,False
2026-03-03 11:06:00+00:00,,,,,,,,0.77,0.77,,19.0,1,False
2026-03-03 11:06:30+00:00,,,,,,,,0.7599999999999999,0.76,,12.0,2,False
2026-03-03 11:07:00+00:00,,,,,,,,0.7599999999999999,0.76,,0.0,0,False
2026-03-03 11:07:30+00:00,,,,,,,,0.7599999999999999,0.76,,0.0,0,False
2026-03-03 11:08:00+00:00,,,,,,,,0.77,0.77,,2.0,1,False
2026-03-03 11:08:30+00:00,,,,,,,,0.77,0.77,,0.0,0,False
2026-03-03 11:09:00+00:00,,,,,,,,0.77,0.77,,63.0,1,False
2026-03-03 11:09:30+00:00,,,,,,,,0.77,0.77,,0.0,0,False
2026-03-03 11:10:00+00:00,,,,,,,,0.77,0.77,,0.0,0,False
2026-03-03 11:10:30+00:00,,,,,,,,0.77,0.77,,0.0,0,False
2026-03-03 11:11:00+00:00,,,,,,,,0.77,0.77,,1.0,1,False
2026-03-03 11:11:30+00:00,,,,,,,,0.77,0.77,,10.0,1,False
2026-03-03 11:12:00+00:00,,,,,,,,0.77,0.77,,0.0,0,False
2026-03-03 11:12:30+00:00,,,,,,,,0.77,0.77,,20.0,1,False
2026-03-03 11:13:00+00:00,,,,,,,,0.77,0.77,,0.0,0,False
2026-03-03 11:13:30+00:00,,,,,,,,0.77,0.77,,0.0,0,False
2026-03-03 11:14:00+00:00,,,,,,,,0.77,0.77,,0.0,0,False
2026-03-03 11:14:30+00:00,,,,,,,,0.77,0.77,,0.0,0,False
2026-03-03 11:15:00+00:00,,,,,,,,0.77,0.77,,0.0,0,False
2026-03-03 11:15:30+00:00,,,,,,,,0.77,0.77,,0.0,0,False
2026-03-03 11:16:00+00:00,,,,,,,,0.77,0.77,,0.0,0,False
2026-03-03 11:16:30+00:00,,,,,,,,0.77,0.77,,0.0,0,False
2026-03-03 11:17:00+00:00,,,,,,,,0.77,0.77,,126.0,1,False
2026-03-03 11:17:30+00:00,,,,,,,,0.77,0.77,,5.0,1,False
2026-03-03 11:18:00+00:00,,,,,,,,0.77,0.77,,0.0,0,False
2026-03-03 11:18:30+00:00,,,,,,,,0.77,0.77,,0.0,0,False
2026-03-03 11:19:00+00:00,,,,,,,,0.77,0.77,,0.0,0,False
2026-03-03 11:19:30+00:00,,,,,,,,0.77,0.77,,6.0,1,False
2026-03-03 11:20:00+00:00,,,,,,,,0.77,0.77,,0.0,0,False
2026-03-03 11:20:30+00:00,,,,,,,,0.77,0.77,,12.0,1,False
2026-03-03 11:21:00+00:00,,,,,,,,0.77,0.77,,4.0,1,False
2026-03-03 11:21:30+00:00,,,,,,,,0.77,0.77,,0.0,0,False
2026-03-03 11:22:00+00:00,,,,,,,,0.77,0.77,,0.0,0,False
2026-03-03 11:22:30+00:00,,,,,,,,0.7538291302110139,0.76,,1943.0,8,False
2026-03-03 11:23:00+00:00,,,,,,,,0.7538291302110139,0.76,,0.0,0,False
2026-03-03 11:23:30+00:00,,,,,,,,0.7538291302110139,0.76,,0.0,0,False
2026-03-03 11:24:00+00:00,,,,,,,,0.77,0.77,,12.0,1,False
2026-03-03 11:24:30+00:00,,,,,,,,0.77,0.77,,0.0,0,False
2026-03-03 11:25:00+00:00,,,,,,,,0.77,0.77,,0.0,0,False
2026-03-03 11:25:30+00:00,,,,,,,,0.77,0.77,,0.0,0,False
2026-03-03 11:26:00+00:00,,,,,,,,0.77,0.77,,0.0,0,False
2026-03-03 11:26:30+00:00,,,,,,,,0.77,0.77,,0.0,0,False
2026-03-03 11:27:00+00:00,,,,,,,,0.77,0.77,,63.0,1,False
2026-03-03 11:27:30+00:00,,,,,,,,0.77,0.77,,0.0,0,False
2026-03-03 11:28:00+00:00,,,,,,,,0.77,0.77,,5.0,1,False
2026-03-03 11:28:30+00:00,,,,,,,,0.77,0.77,,0.0,0,False
2026-03-03 11:29:00+00:00,,,,,,,,0.77,0.77,,1265.0,7,False
2026-03-03 11:29:30+00:00,,,,,,,,0.77,0.77,,25.0,1,False
2026-03-03 11:30:00+00:00,,,,,,,,0.77,0.77,,0.0,0,False
2026-03-03 11:30:30+00:00,,,,,,,,0.77,0.77,,1.0,1,False
2026-03-03 11:31:00+00:00,,,,,,,,0.77,0.77,,306.0,2,False
2026-03-03 11:31:30+00:00,,,,,,,,0.77,0.77,,0.0,0,False
2026-03-03 11:32:00+00:00,,,,,,,,0.77,0.77,,0.0,0,False
2026-03-03 11:32:30+00:00,,,,,,,,0.77,0.77,,0.0,0,False
2026-03-03 11:33:00+00:00,,,,,,,,0.77,0.77,,0.0,0,False
2026-03-03 11:33:30+00:00,,,,,,,,0.77,0.77,,2.0,1,False
2026-03-03 11:34:00+00:00,,,,,,,,0.77,0.77,,0.0,0,False
2026-03-03 11:34:30+00:00,,,,,,,,0.77,0.77,,0.0,0,False
2026-03-03 11:35:00+00:00,,,,,,,,0.77,0.77,,132.0,2,False
2026-03-03 11:35:30+00:00,,,,,,,,0.77,0.77,,0.0,0,False
2026-03-03 11:36:00+00:00,,,,,,,,0.77,0.77,,0.0,0,False
2026-03-03 11:36:30+00:00,,,,,,,,0.77,0.77,,0.0,0,False
2026-03-03 11:37:00+00:00,,,,,,,,0.77,0.77,,0.0,0,False
2026-03-03 11:37:30+00:00,,,,,,,,0.77,0.77,,0.0,0,False
2026-03-03 11:38:00+00:00,,,,,,,,0.77,0.77,,0.0,0,False
2026-03-03 11:38:30+00:00,,,,,,,,0.77,0.77,,1.0,1,False
2026-03-03 11:39:00+00:00,,,,,,,,0.77,0.77,,0.0,0,False
2026-03-03 11:39:30+00:00,,,,,,,,0.77,0.77,,0.0,0,False
2026-03-03 11:40:00+00:00,,,,,,,,0.77,0.77,,12.0,1,False
2026-03-03 11:40:30+00:00,,,,,,,,0.77,0.77,,0.0,0,False
2026-03-03 11:41:00+00:00,,,,,,,,0.76,0.76,,38.0,1,False
2026-03-03 11:41:30+00:00,,,,,,,,0.76,0.76,,0.0,0,False
2026-03-03 11:42:00+00:00,,,,,,,,0.76,0.76,,0.0,0,False
2026-03-03 11:42:30+00:00,,,,,,,,0.76,0.76,,0.0,0,False
2026-03-03 11:43:00+00:00,,,,,,,,0.76,0.76,,0.0,0,False
2026-03-03 11:43:30+00:00,,,,,,,,0.76,0.76,,0.0,0,False
2026-03-03 11:44:00+00:00,,,,,,,,0.76,0.76,,0.0,0,False
2026-03-03 11:44:30+00:00,,,,,,,,0.76,0.76,,0.0,0,False
2026-03-03 11:45:00+00:00,,,,,,,,0.76,0.76,,0.0,0,False
2026-03-03 11:45:30+00:00,,,,,,,,0.76,0.76,,0.0,0,False
2026-03-03 11:46:00+00:00,,,,,,,,0.76,0.76,,0.0,0,False
2026-03-03 11:46:30+00:00,,,,,,,,0.76,0.76,,0.0,0,False
2026-03-03 11:47:00+00:00,,,,,,,,0.77,0.77,,639.0,1,False
2026-03-03 11:47:30+00:00,,,,,,,,0.77,0.77,,0.0,0,False
2026-03-03 11:48:00+00:00,,,,,,,,0.77,0.77,,0.0,0,False
2026-03-03 11:48:30+00:00,,,,,,,,0.77,0.77,,0.0,0,False
2026-03-03 11:49:00+00:00,,,,,,,,0.77,0.77,,0.0,0,False
2026-03-03 11:49:30+00:00,,,,,,,,0.77,0.77,,0.0,0,False
2026-03-03 11:50:00+00:00,,,,,,,,0.77,0.77,,100.0,1,False
2026-03-03 11:50:30+00:00,,,,,,,,0.77,0.77,,0.0,0,False
2026-03-03 11:51:00+00:00,,,,,,,,0.77,0.77,,0.0,0,False
2026-03-03 11:51:30+00:00,,,,,,,,0.77,0.77,,0.0,0,False
2026-03-03 11:52:00+00:00,,,,,,,,0.77,0.77,,6.0,1,False
2026-03-03 11:52:30+00:00,,,,,,,,0.77,0.77,,40.0,1,False
2026-03-03 11:53:00+00:00,,,,,,,,0.77,0.77,,35.0,2,False
2026-03-03 11:53:30+00:00,,,,,,,,0.77,0.77,,0.0,0,False
2026-03-03 11:54:00+00:00,,,,,,,,0.77,0.77,,0.0,0,False
2026-03-03 11:54:30+00:00,,,,,,,,0.7796168868214332,0.78,,22787.0,27,False
2026-03-03 11:55:00+00:00,,,,,,,,0.7796168868214332,0.78,,0.0,0,False
2026-03-03 11:55:30+00:00,,,,,,,,0.77,0.77,,6.0,1,False
2026-03-03 11:56:00+00:00,,,,,,,,0.77,0.77,,0.0,0,False
2026-03-03 11:56:30+00:00,,,,,,,,0.77,0.77,,0.0,0,False
2026-03-03 11:57:00+00:00,,,,,,,,0.77,0.77,,0.0,0,False
2026-03-03 11:57:30+00:00,,,,,,,,0.77,0.77,,0.0,0,False
2026-03-03 11:58:00+00:00,,,,,,,,0.7607058823529411,0.76,,425.0,4,False
2026-03-03 11:58:30+00:00,,,,,,,,0.7607058823529411,0.76,,0.0,0,False
2026-03-03 11:59:00+00:00,,,,,,,,0.7607058823529411,0.76,,0.0,0,False
2026-03-03 11:59:30+00:00,,,,,,,,0.7607058823529411,0.76,,0.0,0,False
2026-03-03 12:00:00+00:00,,,,,,,,0.7607058823529411,0.76,,0.0,0,False
2026-03-03 12:00:30+00:00,,,,,,,,0.7607058823529411,0.76,,0.0,0,False
2026-03-03 12:01:00+00:00,,,,,,,,0.7607058823529411,0.76,,0.0,0,False
2026-03-03 12:01:30+00:00,,,,,,,,0.7607058823529411,0.76,,0.0,0,False
2026-03-03 12:02:00+00:00,,,,,,,,0.77,0.77,,63.0,1,False
2026-03-03 12:02:30+00:00,,,,,,,,0.77,0.77,,0.0,0,False
2026-03-03 12:03:00+00:00,,,,,,,,0.77,0.77,,0.0,0,False
2026-03-03 12:03:30+00:00,,,,,,,,0.77,0.77,,20.0,1,False
2026-03-03 12:04:00+00:00,,,,,,,,0.77,0.77,,0.0,0,False
2026-03-03 12:04:30+00:00,,,,,,,,0.77,0.77,,0.0,0,False
2026-03-03 12:05:00+00:00,,,,,,,,0.77,0.77,,31.0,1,False
2026-03-03 12:05:30+00:00,,,,,,,,0.76703125,0.77,,64.0,3,False
2026-03-03 12:06:00+00:00,,,,,,,,0.76703125,0.77,,0.0,0,False
2026-03-03 12:06:30+00:00,,,,,,,,0.76703125,0.77,,0.0,0,False
2026-03-03 12:07:00+00:00,,,,,,,,0.77,0.77,,2.0,1,False
2026-03-03 12:07:30+00:00,,,,,,,,0.77,0.77,,3.0,1,False
2026-03-03 12:08:00+00:00,,,,,,,,0.77,0.77,,0.0,0,False
2026-03-03 12:08:30+00:00,,,,,,,,0.77,0.77,,12.0,1,False
2026-03-03 12:09:00+00:00,,,,,,,,0.77,0.77,,0.0,0,False
2026-03-03 12:09:30+00:00,,,,,,,,0.7687719298245614,0.77,,57.0,2,False
2026-03-03 12:10:00+00:00,,,,,,,,0.7687719298245614,0.77,,0.0,0,False
2026-03-03 12:10:30+00:00,,,,,,,,0.7687719298245614,0.77,,0.0,0,False
2026-03-03 12:11:00+00:00,,,,,,,,0.77,0.77,,126.0,1,False
2026-03-03 12:11:30+00:00,,,,,,,,0.77,0.77,,0.0,0,False
2026-03-03 12:12:00+00:00,,,,,,,,0.77,0.77,,0.0,0,False
2026-03-03 12:12:30+00:00,,,,,,,,0.77,0.77,,0.0,0,False
2026-03-03 12:13:00+00:00,,,,,,,,0.77,0.77,,0.0,0,False
2026-03-03 12:13:30+00:00,,,,,,,,0.77,0.77,,63.0,1,False
2026-03-03 12:14:00+00:00,,,,,,,,0.77,0.77,,0.0,0,False
2026-03-03 12:14:30+00:00,,,,,,,,0.77,0.77,,0.0,0,False
2026-03-03 12:15:00+00:00,,,,,,,,0.77,0.77,,24.0,2,False
2026-03-03 12:15:30+00:00,,,,,,,,0.77,0.77,,0.0,0,False
2026-03-03 12:16:00+00:00,,,,,,,,0.77,0.77,,0.0,0,False
2026-03-03 12:16:30+00:00,,,,,,,,0.77,0.77,,0.0,0,False
2026-03-03 12:17:00+00:00,,,,,,,,0.77,0.77,,25.0,1,False
2026-03-03 12:17:30+00:00,,,,,,,,0.76,0.76,,101.0,6,False
2026-03-03 12:18:00+00:00,,,,,,,,0.77,0.77,,5.0,1,False
2026-03-03 12:18:30+00:00,,,,,,,,0.77,0.77,,6.0,1,False
2026-03-03 12:19:00+00:00,,,,,,,,0.77,0.77,,0.0,0,False
2026-03-03 12:19:30+00:00,,,,,,,,0.77,0.77,,0.0,0,False
2026-03-03 12:20:00+00:00,,,,,,,,0.77,0.77,,0.0,0,False
2026-03-03 12:20:30+00:00,,,,,,,,0.77,0.77,,27.0,2,False
2026-03-03 12:21:00+00:00,,,,,,,,0.77,0.77,,75.0,2,False
2026-03-03 12:21:30+00:00,,,,,,,,0.77,0.77,,0.0,0,False
2026-03-03 12:22:00+00:00,,,,,,,,0.77,0.77,,10.0,1,False
2026-03-03 12:22:30+00:00,,,,,,,,0.77,0.77,,35.0,2,False
2026-03-03 12:23:00+00:00,,,,,,,,0.77,0.77,,0.0,0,False
2026-03-03 12:23:30+00:00,,,,,,,,0.77,0.77,,149.0,5,False
2026-03-03 12:24:00+00:00,,,,,,,,0.77,0.77,,0.0,0,False
2026-03-03 12:24:30+00:00,,,,,,,,0.77,0.77,,0.0,0,False
2026-03-03 12:25:00+00:00,,,,,,,,0.77,0.77,,12.0,1,False
2026-03-03 12:25:30+00:00,,,,,,,,0.7601968503937008,0.77,,254.0,5,False
2026-03-03 12:26:00+00:00,,,,,,,,0.7784710743801653,0.78,,726.0,5,False
2026-03-03 12:26:30+00:00,,,,,,,,0.77,0.77,,26.0,2,False
2026-03-03 12:27:00+00:00,,,,,,,,0.77,0.77,,0.0,0,False
2026-03-03 12:27:30+00:00,,,,,,,,0.77,0.77,,0.0,0,False
2026-03-03 12:28:00+00:00,,,,,,,,0.77,0.77,,0.0,0,False
2026-03-03 12:28:30+00:00,,,,,,,,0.77,0.77,,0.0,0,False
2026-03-03 12:29:00+00:00,,,,,,,,0.77,0.77,,0.0,0,False
2026-03-03 12:29:30+00:00,,,,,,,,0.76,0.76,,15.0,1,False
2026-03-03 12:30:00+00:00,,,,,,,,0.77,0.77,,6.0,1,False
2026-03-03 12:30:30+00:00,,,,,,,,0.7685185185185185,0.76,,54.0,2,False
2026-03-03 12:31:00+00:00,,,,,,,,0.7685185185185185,0.76,,0.0,0,False
2026-03-03 12:31:30+00:00,,,,,,,,0.77,0.77,,6.0,1,False
2026-03-03 12:32:00+00:00,,,,,,,,0.77,0.77,,0.0,0,False
2026-03-03 12:32:30+00:00,,,,,,,,0.77,0.77,,0.0,0,False
2026-03-03 12:33:00+00:00,,,,,,,,0.77,0.77,,0.0,0,False
2026-03-03 12:33:30+00:00,,,,,,,,0.77,0.77,,0.0,0,False
2026-03-03 12:34:00+00:00,,,,,,,,0.77,0.77,,12.0,2,False
2026-03-03 12:34:30+00:00,,,,,,,,0.77,0.77,,126.0,1,False
2026-03-03 12:35:00+00:00,,,,,,,,0.77,0.77,,0.0,0,False
2026-03-03 12:35:30+00:00,,,,,,,,0.77,0.77,,0.0,0,False
2026-03-03 12:36:00+00:00,,,,,,,,0.77,0.77,,12.0,1,False
2026-03-03 12:36:30+00:00,,,,,,,,0.77,0.77,,0.0,0,False
2026-03-03 12:37:00+00:00,,,,,,,,0.77,0.77,,0.0,0,False
2026-03-03 12:37:30+00:00,,,,,,,,0.77,0.77,,0.0,0,False
2026-03-03 12:38:00+00:00,,,,,,,,0.77,0.77,,0.0,0,False
2026-03-03 12:38:30+00:00,,,,,,,,0.77,0.77,,0.0,0,False
2026-03-03 12:39:00+00:00,,,,,,,,0.77,0.77,,0.0,0,False
2026-03-03 12:39:30+00:00,,,,,,,,0.77,0.77,,153.0,1,False
2026-03-03 12:40:00+00:00,,,,,,,,0.751,0.77,,20.0,2,False
2026-03-03 12:40:30+00:00,,,,,,,,0.75,0.75,,28.0,2,False
2026-03-03 12:41:00+00:00,,,,,,,,0.75,0.75,,0.0,0,False
2026-03-03 12:41:30+00:00,,,,,,,,0.75,0.75,,0.0,0,False
2026-03-03 12:42:00+00:00,,,,,,,,0.75,0.75,,0.0,0,False
2026-03-03 12:42:30+00:00,,,,,,,,0.75,0.75,,0.0,0,False
2026-03-03 12:43:00+00:00,,,,,,,,0.75,0.75,,0.0,0,False
2026-03-03 12:43:30+00:00,,,,,,,,0.75,0.75,,0.0,0,False
2026-03-03 12:44:00+00:00,,,,,,,,0.7700000000000001,0.77,,49.0,3,False
2026-03-03 12:44:30+00:00,,,,,,,,0.7700000000000001,0.77,,0.0,0,False
2026-03-03 12:45:00+00:00,,,,,,,,0.7504232804232804,0.77,,378.0,3,False
2026-03-03 12:45:30+00:00,,,,,,,,0.7504232804232804,0.77,,0.0,0,False
2026-03-03 12:46:00+00:00,,,,,,,,0.7504232804232804,0.77,,0.0,0,False
2026-03-03 12:46:30+00:00,,,,,,,,0.77,0.77,,25.0,2,False
2026-03-03 12:47:00+00:00,,,,,,,,0.7699999999999999,0.77,,51.0,2,False
2026-03-03 12:47:30+00:00,,,,,,,,0.7699999999999999,0.77,,0.0,0,False
2026-03-03 12:48:00+00:00,,,,,,,,0.7699999999999999,0.77,,0.0,0,False
2026-03-03 12:48:30+00:00,,,,,,,,0.7699999999999999,0.77,,0.0,0,False
2026-03-03 12:49:00+00:00,,,,,,,,0.7699999999999999,0.77,,0.0,0,False
2026-03-03 12:49:30+00:00,,,,,,,,0.7775853018372704,0.78,,381.0,7,False
2026-03-03 12:50:00+00:00,,,,,,,,0.7775853018372704,0.78,,0.0,0,False
2026-03-03 12:50:30+00:00,,,,,,,,0.7720253164556962,0.77,,158.0,3,False
2026-03-03 12:51:00+00:00,,,,,,,,0.7720253164556962,0.77,,0.0,0,False
2026-03-03 12:51:30+00:00,,,,,,,,0.7720253164556962,0.77,,0.0,0,False
2026-03-03 12:52:00+00:00,,,,,,,,0.75,0.75,,11.0,1,False
2026-03-03 12:52:30+00:00,,,,,,,,0.7600000000000001,0.76,,12.0,1,False
2026-03-03 12:53:00+00:00,,,,,,,,0.7600000000000001,0.76,,0.0,0,False
2026-03-03 12:53:30+00:00,,,,,,,,0.7600000000000001,0.76,,0.0,0,False
2026-03-03 12:54:00+00:00,,,,,,,,0.7672549019607844,0.77,,51.0,2,False
2026-03-03 12:54:30+00:00,,,,,,,,0.7672549019607844,0.77,,0.0,0,False
2026-03-03 12:55:00+00:00,,,,,,,,0.77,0.77,,6.0,1,False
2026-03-03 12:55:30+00:00,,,,,,,,0.77,0.77,,0.0,0,False
2026-03-03 12:56:00+00:00,,,,,,,,0.77,0.77,,1744.0,2,False
2026-03-03 12:56:30+00:00,,,,,,,,0.77,0.77,,649.0,2,False
2026-03-03 12:57:00+00:00,,,,,,,,0.77,0.77,,0.0,0,False
2026-03-03 12:57:30+00:00,,,,,,,,0.77,0.77,,0.0,0,False
2026-03-03 12:58:00+00:00,,,,,,,,0.77,0.77,,6.0,1,False
2026-03-03 12:58:30+00:00,,,,,,,,0.77,0.77,,0.0,0,False
2026-03-03 12:59:00+00:00,,,,,,,,0.75,0.75,,38.0,1,False
2026-03-03 12:59:30+00:00,,,,,,,,0.77,0.77,,639.0,1,False
2026-03-03 13:00:00+00:00,,,,,,,,0.77,0.77,,0.0,0,False
2026-03-03 13:00:30+00:00,,,,,,,,0.77,0.77,,16.0,2,False
2026-03-03 13:01:00+00:00,,,,,,,,0.77,0.77,,0.0,0,False
2026-03-03 13:01:30+00:00,,,,,,,,0.77,0.77,,10.0,1,False
2026-03-03 13:02:00+00:00,,,,,,,,0.77,0.77,,0.0,0,False
2026-03-03 13:02:30+00:00,,,,,,,,0.77,0.77,,0.0,0,False
2026-03-03 13:03:00+00:00,,,,,,,,0.77,0.77,,26.0,1,False
2026-03-03 13:03:30+00:00,,,,,,,,0.77,0.77,,0.0,0,False
2026-03-03 13:04:00+00:00,,,,,,,,0.77,0.77,,0.0,0,False
2026-03-03 13:04:30+00:00,,,,,,,,0.77,0.77,,0.0,0,False
2026-03-03 13:05:00+00:00,,,,,,,,0.77,0.77,,0.0,0,False
2026-03-03 13:05:30+00:00,,,,,,,,0.77,0.77,,0.0,0,False
2026-03-03 13:06:00+00:00,,,,,,,,0.77,0.77,,10.0,1,False
2026-03-03 13:06:30+00:00,,,,,,,,0.77,0.77,,0.0,0,False
2026-03-03 13:07:00+00:00,,,,,,,,0.77,0.77,,10.0,1,False
2026-03-03 13:07:30+00:00,,,,,,,,0.77,0.77,,0.0,0,False
2026-03-03 13:08:00+00:00,,,,,,,,0.77,0.77,,5.0,1,False
2026-03-03 13:08:30+00:00,,,,,,,,0.77,0.77,,0.0,0,False
2026-03-03 13:09:00+00:00,,,,,,,,0.77,0.77,,0.0,0,False
2026-03-03 13:09:30+00:00,,,,,,,,0.77,0.77,,0.0,0,False
2026-03-03 13:10:00+00:00,,,,,,,,0.77,0.77,,0.0,0,False
2026-03-03 13:10:30+00:00,,,,,,,,0.77,0.77,,100.0,1,False
2026-03-03 13:11:00+00:00,,,,,,,,0.77,0.77,,0.0,0,False
2026-03-03 13:11:30+00:00,,,,,,,,0.77,0.77,,0.0,0,False
2026-03-03 13:12:00+00:00,,,,,,,,0.77,0.77,,0.0,0,False
2026-03-03 13:12:30+00:00,,,,,,,,0.77,0.77,,0.0,0,False
2026-03-03 13:13:00+00:00,,,,,,,,0.77,0.77,,0.0,0,False
2026-03-03 13:13:30+00:00,,,,,,,,0.77,0.77,,11.0,2,False
2026-03-03 13:14:00+00:00,,,,,,,,0.77,0.77,,227.0,3,False
2026-03-03 13:14:30+00:00,,,,,,,,0.77,0.77,,0.0,0,False
2026-03-03 13:15:00+00:00,,,,,,,,0.77,0.77,,31.0,1,False
2026-03-03 13:15:30+00:00,,,,,,,,0.77,0.77,,6.0,1,False
2026-03-03 13:16:00+00:00,,,,,,,,0.77,0.77,,0.0,0,False
2026-03-03 13:16:30+00:00,,,,,,,,0.77,0.77,,3.0,1,False
2026-03-03 13:17:00+00:00,,,,,,,,0.77,0.77,,0.0,0,False
2026-03-03 13:17:30+00:00,,,,,,,,0.77,0.77,,537.0,2,False
2026-03-03 13:18:00+00:00,,,,,,,,0.77,0.77,,0.0,0,False
2026-03-03 13:18:30+00:00,,,,,,,,0.77,0.77,,0.0,0,False
2026-03-03 13:19:00+00:00,,,,,,,,0.77,0.77,,0.0,0,False
2026-03-03 13:19:30+00:00,,,,,,,,0.77,0.77,,0.0,0,False
2026-03-03 13:20:00+00:00,,,,,,,,0.76,0.76,,1.0,1,False
2026-03-03 13:20:30+00:00,,,,,,,,0.77,0.77,,12.0,1,False
2026-03-03 13:21:00+00:00,,,,,,,,0.77,0.77,,0.0,0,False
2026-03-03 13:21:30+00:00,,,,,,,,0.77,0.77,,0.0,0,False
2026-03-03 13:22:00+00:00,,,,,,,,0.77,0.77,,0.0,0,False
2026-03-03 13:22:30+00:00,,,,,,,,0.77,0.77,,19.0,1,False
2026-03-03 13:23:00+00:00,,,,,,,,0.77,0.77,,3.0,1,False
2026-03-03 13:23:30+00:00,,,,,,,,0.7699999999999999,0.77,,171.0,3,False
2026-03-03 13:24:00+00:00,,,,,,,,0.7663157894736843,0.77,,19.0,2,False
2026-03-03 13:24:30+00:00,,,,,,,,0.7663157894736843,0.77,,0.0,0,False
2026-03-03 13:25:00+00:00,,,,,,,,0.77,0.77,,29.0,1,False
2026-03-03 13:25:30+00:00,,,,,,,,0.77,0.77,,12.0,1,False
2026-03-03 13:26:00+00:00,,,,,,,,0.77,0.77,,0.0,0,False
2026-03-03 13:26:30+00:00,,,,,,,,0.77,0.77,,151.0,2,False
2026-03-03 13:27:00+00:00,,,,,,,,0.77,0.77,,127.0,1,False
2026-03-03 13:27:30+00:00,,,,,,,,0.77,0.77,,0.0,0,False
2026-03-03 13:28:00+00:00,,,,,,,,0.77,0.77,,0.0,0,False
2026-03-03 13:28:30+00:00,,,,,,,,0.77,0.77,,0.0,0,False
2026-03-03 13:29:00+00:00,,,,,,,,0.77,0.77,,12.0,1,False
2026-03-03 13:29:30+00:00,,,,,,,,0.7700000000000001,0.77,,35.0,2,False
2026-03-03 13:30:00+00:00,,,,,,,,0.7700000000000001,0.77,,0.0,0,False
2026-03-03 13:30:30+00:00,,,,,,,,0.7700000000000001,0.77,,133.0,2,False
2026-03-03 13:31:00+00:00,,,,,,,,0.77,0.77,,280.0,2,False
2026-03-03 13:31:30+00:00,,,,,,,,0.7699999999999999,0.77,,395.0,2,False
2026-03-03 13:32:00+00:00,,,,,,,,0.77,0.77,,31.0,2,False
2026-03-03 13:32:30+00:00,,,,,,,,0.76,0.76,,34.0,1,False
2026-03-03 13:33:00+00:00,,,,,,,,0.76,0.76,,98.0,1,False
2026-03-03 13:33:30+00:00,,,,,,,,0.77,0.77,,50.0,1,False
2026-03-03 13:34:00+00:00,,,,,,,,0.77,0.77,,0.0,0,False
2026-03-03 13:34:30+00:00,,,,,,,,0.77,0.77,,0.0,0,False
2026-03-03 13:35:00+00:00,,,,,,,,0.77,0.77,,6.0,1,False
2026-03-03 13:35:30+00:00,,,,,,,,0.77,0.77,,127.0,1,False
2026-03-03 13:36:00+00:00,,,,,,,,0.77,0.77,,37.0,3,False
2026-03-03 13:36:30+00:00,,,,,,,,0.77,0.77,,0.0,0,False
2026-03-03 13:37:00+00:00,,,,,,,,0.77,0.77,,38.0,1,False
2026-03-03 13:37:30+00:00,,,,,,,,0.77,0.77,,1.0,1,False
2026-03-03 13:38:00+00:00,,,,,,,,0.77,0.77,,34.0,2,False
2026-03-03 13:38:30+00:00,,,,,,,,0.77,0.77,,12.0,2,False
2026-03-03 13:39:00+00:00,,,,,,,,0.77,0.77,,0.0,0,False
2026-03-03 13:39:30+00:00,,,,,,,,0.77,0.77,,0.0,0,False
2026-03-03 13:40:00+00:00,,,,,,,,0.77,0.77,,0.0,0,False
2026-03-03 13:40:30+00:00,,,,,,,,0.77,0.77,,0.0,0,False
2026-03-03 13:41:00+00:00,,,,,,,,0.77,0.77,,3.0,1,False
2026-03-03 13:41:30+00:00,,,,,,,,0.77,0.77,,0.0,0,False
2026-03-03 13:42:00+00:00,,,,,,,,0.7599999999999999,0.76,,11.0,1,False
2026-03-03 13:42:30+00:00,,,,,,,,0.76,0.76,,1.0,1,False
2026-03-03 13:43:00+00:00,,,,,,,,0.77,0.77,,25.0,1,False
2026-03-03 13:43:30+00:00,,,,,,,,0.77,0.77,,0.0,0,False
2026-03-03 13:44:00+00:00,,,,,,,,0.77,0.77,,0.0,0,False
2026-03-03 13:44:30+00:00,,,,,,,,0.77,0.77,,0.0,0,False
2026-03-03 13:45:00+00:00,,,,,,,,0.77,0.77,,19.0,1,False
2026-03-03 13:45:30+00:00,,,,,,,,0.77,0.77,,0.0,0,False
2026-03-03 13:46:00+00:00,,,,,,,,0.77,0.77,,0.0,0,False
2026-03-03 13:46:30+00:00,,,,,,,,0.77,0.77,,0.0,0,False
2026-03-03 13:47:00+00:00,,,,,,,,0.77,0.77,,0.0,0,False
2026-03-03 13:47:30+00:00,,,,,,,,0.77,0.77,,0.0,0,False
2026-03-03 13:48:00+00:00,,,,,,,,0.77,0.77,,0.0,0,False
2026-03-03 13:48:30+00:00,,,,,,,,0.77,0.77,,0.0,0,False
2026-03-03 13:49:00+00:00,,,,,,,,0.7687623762376237,0.76,,404.0,2,False
2026-03-03 13:49:30+00:00,,,,,,,,0.77,0.77,,11.0,2,False
2026-03-03 13:50:00+00:00,,,,,,,,0.7689285714285715,0.77,,28.0,2,False
2026-03-03 13:50:30+00:00,,,,,,,,0.77,0.77,,127.0,1,False
2026-03-03 13:51:00+00:00,,,,,,,,0.77,0.77,,0.0,0,False
2026-03-03 13:51:30+00:00,,,,,,,,0.768,0.77,,15.0,2,False
2026-03-03 13:52:00+00:00,,,,,,,,0.77,0.77,,10.0,1,False
2026-03-03 13:52:30+00:00,,,,,,,,0.77,0.77,,6.0,1,False
2026-03-03 13:53:00+00:00,,,,,,,,0.76,0.76,,2.0,1,False
2026-03-03 13:53:30+00:00,,,,,,,,0.76,0.76,,0.0,0,False
2026-03-03 13:54:00+00:00,,,,,,,,0.77,0.77,,12.0,1,False
2026-03-03 13:54:30+00:00,,,,,,,,0.77,0.77,,25.0,1,False
2026-03-03 13:55:00+00:00,,,,,,,,0.77,0.77,,0.0,0,False
2026-03-03 13:55:30+00:00,,,,,,,,0.77,0.77,,0.0,0,False
2026-03-03 13:56:00+00:00,,,,,,,,0.77,0.77,,0.0,0,False
2026-03-03 13:56:30+00:00,,,,,,,,0.77,0.77,,0.0,0,False
2026-03-03 13:57:00+00:00,,,,,,,,0.7599999999999999,0.76,,192.0,2,False
2026-03-03 13:57:30+00:00,,,,,,,,0.77,0.77,,289.0,2,False
2026-03-03 13:58:00+00:00,,,,,,,,0.77,0.77,,2.0,1,False
2026-03-03 13:58:30+00:00,,,,,,,,0.77,0.77,,8.0,1,False
2026-03-03 13:59:00+00:00,,,,,,,,0.77,0.77,,0.0,0,False
2026-03-03 13:59:30+00:00,,,,,,,,0.7599999999999999,0.76,,11.0,1,False
2026-03-03 14:00:00+00:00,,,,,,,,0.77,0.77,,12.0,1,False
2026-03-03 14:00:30+00:00,,,,,,,,0.77,0.77,,0.0,0,False
2026-03-03 14:01:00+00:00,,,,,,,,0.77,0.77,,0.0,0,False
2026-03-03 14:01:30+00:00,,,,,,,,0.77,0.77,,0.0,0,False
2026-03-03 14:02:00+00:00,,,,,,,,0.77,0.77,,13.0,2,False
2026-03-03 14:02:30+00:00,,,,,,,,0.77,0.77,,0.0,0,False
2026-03-03 14:03:00+00:00,,,,,,,,0.77,0.77,,0.0,0,False
2026-03-03 14:03:30+00:00,,,,,,,,0.77,0.77,,0.0,0,False
2026-03-03 14:04:00+00:00,,,,,,,,0.77,0.77,,253.0,5,False
2026-03-03 14:04:30+00:00,,,,,,,,0.77,0.77,,0.0,0,False
2026-03-03 14:05:00+00:00,,,,,,,,0.77,0.77,,0.0,0,False
2026-03-03 14:05:30+00:00,,,,,,,,0.77,0.77,,0.0,0,False
2026-03-03 14:06:00+00:00,,,,,,,,0.77,0.77,,0.0,0,False
2026-03-03 14:06:30+00:00,,,,,,,,0.77,0.77,,1.0,1,False
2026-03-03 14:07:00+00:00,,,,,,,,0.77,0.77,,0.0,0,False
2026-03-03 14:07:30+00:00,,,,,,,,0.77,0.77,,24.0,2,False
2026-03-03 14:08:00+00:00,,,,,,,,0.77,0.77,,35.0,1,False
2026-03-03 14:08:30+00:00,,,,,,,,0.77,0.77,,0.0,0,False
2026-03-03 14:09:00+00:00,,,,,,,,0.77,0.77,,0.0,0,False
2026-03-03 14:09:30+00:00,,,,,,,,0.77,0.77,,0.0,0,False
2026-03-03 14:10:00+00:00,,,,,,,,0.7599999999999999,0.76,,76.0,3,False
2026-03-03 14:10:30+00:00,,,,,,,,0.7599999999999999,0.76,,0.0,0,False
2026-03-03 14:11:00+00:00,,,,,,,,0.7599999999999999,0.76,,0.0,0,False
2026-03-03 14:11:30+00:00,,,,,,,,0.77,0.77,,76.0,1,False
2026-03-03 14:12:00+00:00,,,,,,,,0.77,0.77,,0.0,0,False
2026-03-03 14:12:30+00:00,,,,,,,,0.7678571428571429,0.77,,14.0,2,False
2026-03-03 14:13:00+00:00,,,,,,,,0.77,0.77,,132.0,2,False
2026-03-03 14:13:30+00:00,,,,,,,,0.76,0.76,,7.0,2,False
2026-03-03 14:14:00+00:00,,,,,,,,0.76,0.76,,0.0,0,False
2026-03-03 14:14:30+00:00,,,,,,,,0.76,0.76,,0.0,0,False
2026-03-03 14:15:00+00:00,,,,,,,,0.76,0.76,,0.0,0,False
2026-03-03 14:15:30+00:00,,,,,,,,0.768695652173913,0.76,,23.0,2,False
2026-03-03 14:16:00+00:00,,,,,,,,0.77,0.77,,45.0,3,False
2026-03-03 14:16:30+00:00,,,,,,,,0.77,0.77,,0.0,0,False
2026-03-03 14:17:00+00:00,,,,,,,,0.7699999999999999,0.77,,19.0,2,False
2026-03-03 14:17:30+00:00,,,,,,,,0.7699999999999999,0.77,,0.0,0,False
2026-03-03 14:18:00+00:00,,,,,,,,0.7699999999999999,0.77,,0.0,0,False
2026-03-03 14:18:30+00:00,,,,,,,,0.7699999999999999,0.77,,0.0,0,False
2026-03-03 14:19:00+00:00,,,,,,,,0.7700000000000001,0.77,,14.0,1,False
2026-03-03 14:19:30+00:00,,,,,,,,0.7700000000000001,0.77,,45.0,3,False
2026-03-03 14:20:00+00:00,,,,,,,,0.7700000000000001,0.77,,0.0,0,False
2026-03-03 14:20:30+00:00,,,,,,,,0.7700000000000001,0.77,,21.0,2,False
2026-03-03 14:21:00+00:00,,,,,,,,0.76,0.76,,15.0,1,False
2026-03-03 14:21:30+00:00,,,,,,,,0.77,0.77,,125.0,1,False
2026-03-03 14:22:00+00:00,,,,,,,,0.77,0.77,,63.0,1,False
2026-03-03 14:22:30+00:00,,,,,,,,0.7600000000000001,0.76,,3.0,1,False
2026-03-03 14:23:00+00:00,,,,,,,,0.7600000000000001,0.76,,0.0,0,False
2026-03-03 14:23:30+00:00,,,,,,,,0.7699999999999999,0.77,,88.0,2,False
2026-03-03 14:24:00+00:00,,,,,,,,0.7699999999999999,0.77,,0.0,0,False
2026-03-03 14:24:30+00:00,,,,,,,,0.7601250000000002,0.77,,80.0,4,False
2026-03-03 14:25:00+00:00,,,,,,,,0.77,0.77,,651.0,2,False
2026-03-03 14:25:30+00:00,,,,,,,,0.77,0.77,,126.0,1,False
2026-03-03 14:26:00+00:00,,,,,,,,0.77,0.77,,30.0,3,False
2026-03-03 14:26:30+00:00,,,,,,,,0.77,0.77,,31.0,1,False
2026-03-03 14:27:00+00:00,,,,,,,,0.77,0.77,,0.0,0,False
2026-03-03 14:27:30+00:00,,,,,,,,0.77,0.77,,12.0,1,False
2026-03-03 14:28:00+00:00,,,,,,,,0.77,0.77,,0.0,0,False
2026-03-03 14:28:30+00:00,,,,,,,,0.77,0.77,,0.0,0,False
2026-03-03 14:29:00+00:00,,,,,,,,0.77,0.77,,0.0,0,False
2026-03-03 14:29:30+00:00,,,,,,,,0.77,0.77,,1.0,1,False
2026-03-03 14:30:00+00:00,,,,,,,,0.77,0.77,,0.0,0,False
2026-03-03 14:30:30+00:00,,,,,,,,0.77,0.77,,2.0,1,False
2026-03-03 14:31:00+00:00,,,,,,,,0.77,0.77,,6.0,1,False
2026-03-03 14:31:30+00:00,,,,,,,,0.77,0.77,,0.0,0,False
2026-03-03 14:32:00+00:00,,,,,,,,0.77,0.77,,90.0,2,False
2026-03-03 14:32:30+00:00,,,,,,,,0.77,0.77,,0.0,0,False
2026-03-03 14:33:00+00:00,,,,,,,,0.77,0.77,,0.0,0,False
2026-03-03 14:33:30+00:00,,,,,,,,0.77,0.77,,0.0,0,False
2026-03-03 14:34:00+00:00,,,,,,,,0.77,0.77,,0.0,0,False
2026-03-03 14:34:30+00:00,,,,,,,,0.77,0.77,,0.0,0,False
2026-03-03 14:35:00+00:00,,,,,,,,0.77,0.77,,13.0,2,False
2026-03-03 14:35:30+00:00,,,,,,,,0.77,0.77,,2.0,1,False
2026-03-03 14:36:00+00:00,,,,,,,,0.7671428571428571,0.76,,14.0,2,False
2026-03-03 14:36:30+00:00,,,,,,,,0.7671428571428571,0.76,,0.0,0,False
2026-03-03 14:37:00+00:00,,,,,,,,0.7671428571428571,0.76,,0.0,0,False
2026-03-03 14:37:30+00:00,,,,,,,,0.77,0.77,,12.0,1,False
2026-03-03 14:38:00+00:00,,,,,,,,0.77,0.77,,0.0,0,False
2026-03-03 14:38:30+00:00,,,,,,,,0.77,0.77,,25.0,1,False
2026-03-03 14:39:00+00:00,,,,,,,,0.77,0.77,,0.0,0,False
2026-03-03 14:39:30+00:00,,,,,,,,0.77,0.77,,63.0,1,False
2026-03-03 14:40:00+00:00,,,,,,,,0.7700000000000001,0.77,,17.0,2,False
2026-03-03 14:40:30+00:00,,,,,,,,0.77,0.77,,350.0,1,False
2026-03-03 14:41:00+00:00,,,,,,,,0.77,0.77,,36.0,3,False
2026-03-03 14:41:30+00:00,,,,,,,,0.7634615384615384,0.77,,182.0,6,False
2026-03-03 14:42:00+00:00,,,,,,,,0.7700000000000001,0.77,,56.0,1,False
2026-03-03 14:42:30+00:00,,,,,,,,0.7700000000000001,0.77,,0.0,0,False
2026-03-03 14:43:00+00:00,,,,,,,,0.7700000000000001,0.77,,0.0,0,False
2026-03-03 14:43:30+00:00,,,,,,,,0.7700000000000001,0.77,,0.0,0,False
2026-03-03 14:44:00+00:00,,,,,,,,0.77,0.77,,126.0,1,False
2026-03-03 14:44:30+00:00,,,,,,,,0.77,0.77,,126.0,1,False
2026-03-03 14:45:00+00:00,,,,,,,,0.77,0.77,,0.0,0,False
2026-03-03 14:45:30+00:00,,,,,,,,0.77,0.77,,0.0,0,False
2026-03-03 14:46:00+00:00,,,,,,,,0.77,0.77,,10.0,1,False
2026-03-03 14:46:30+00:00,,,,,,,,0.77,0.77,,0.0,0,False
2026-03-03 14:47:00+00:00,,,,,,,,0.7699984167194428,0.77,,6316.0,6,False
2026-03-03 14:47:30+00:00,,,,,,,,0.77,0.77,,31.0,1,False
2026-03-03 14:48:00+00:00,,,,,,,,0.77,0.77,,0.0,0,False
2026-03-03 14:48:30+00:00,,,,,,,,0.77,0.77,,0.0,0,False
2026-03-03 14:49:00+00:00,,,,,,,,0.7699999999999999,0.77,,74.0,2,False
2026-03-03 14:49:30+00:00,,,,,,,,0.7552758132956153,0.76,,707.0,13,False
2026-03-03 14:50:00+00:00,,,,,,,,0.7552758132956153,0.76,,0.0,0,False
2026-03-03 14:50:30+00:00,,,,,,,,0.7552758132956153,0.76,,0.0,0,False
2026-03-03 14:51:00+00:00,,,,,,,,0.7552758132956153,0.76,,0.0,0,False
2026-03-03 14:51:30+00:00,,,,,,,,0.764822695035461,0.75,,141.0,5,False
2026-03-03 14:52:00+00:00,,,,,,,,0.764822695035461,0.75,,0.0,0,False
2026-03-03 14:52:30+00:00,,,,,,,,0.7699999999999999,0.77,,127.0,2,False
2026-03-03 14:53:00+00:00,,,,,,,,0.77,0.77,,380.0,2,False
2026-03-03 14:53:30+00:00,,,,,,,,0.77,0.77,,0.0,0,False
2026-03-03 14:54:00+00:00,,,,,,,,0.77,0.77,,0.0,0,False
2026-03-03 14:54:30+00:00,,,,,,,,0.7699999999999999,0.77,,47.0,3,False
2026-03-03 14:55:00+00:00,,,,,,,,0.7699999999999999,0.77,,0.0,0,False
2026-03-03 14:55:30+00:00,,,,,,,,0.7699999999999999,0.77,,0.0,0,False
2026-03-03 14:56:00+00:00,,,,,,,,0.7699999999999999,0.77,,0.0,0,False
2026-03-03 14:56:30+00:00,,,,,,,,0.7692389649923896,0.75,,657.0,2,False
2026-03-03 14:57:00+00:00,,,,,,,,0.7625,0.77,,40.0,2,False
2026-03-03 14:57:30+00:00,,,,,,,,0.7666371681415929,0.77,,113.0,3,False
2026-03-03 14:58:00+00:00,,,,,,,,0.7583870967741936,0.77,,31.0,3,False
2026-03-03 14:58:30+00:00,,,,,,,,0.77,0.77,,55.0,2,False
2026-03-03 14:59:00+00:00,,,,,,,,0.77,0.77,,18.0,2,False
2026-03-03 14:59:30+00:00,,,,,,,,0.7700000000000001,0.77,,56.0,2,False
2026-03-03 15:00:00+00:00,,,,,,,,0.7700000000000001,0.77,,0.0,0,False
2026-03-03 15:00:30+00:00,,,,,,,,0.7700000000000001,0.77,,0.0,0,False
2026-03-03 15:01:00+00:00,,,,,,,,0.77,0.77,,13.0,1,False
2026-03-03 15:01:30+00:00,,,,,,,,0.768,0.77,,70.0,2,False
2026-03-03 15:02:00+00:00,,,,,,,,0.77,0.77,,2.0,1,False
2026-03-03 15:02:30+00:00,,,,,,,,0.77,0.77,,0.0,0,False
2026-03-03 15:03:00+00:00,,,,,,,,0.77,0.77,,0.0,0,False
2026-03-03 15:03:30+00:00,,,,,,,,0.77,0.77,,31.0,1,False
2026-03-03 15:04:00+00:00,,,,,,,,0.77,0.77,,4.0,1,False
2026-03-03 15:04:30+00:00,,,,,,,,0.7544897959183673,0.77,,49.0,2,False
2026-03-03 15:05:00+00:00,,,,,,,,0.7544897959183673,0.77,,0.0,0,False
2026-03-03 15:05:30+00:00,,,,,,,,0.7544897959183673,0.77,,0.0,0,False
2026-03-03 15:06:00+00:00,,,,,,,,0.7544897959183673,0.77,,0.0,0,False
2026-03-03 15:06:30+00:00,,,,,,,,0.77,0.77,,1.0,1,False
2026-03-03 15:07:00+00:00,,,,,,,,0.75,0.75,,1.0,1,False
2026-03-03 15:07:30+00:00,,,,,,,,0.77,0.77,,95.0,1,False
2026-03-03 15:08:00+00:00,,,,,,,,0.77,0.77,,12.0,1,False
2026-03-03 15:08:30+00:00,,,,,,,,0.77,0.77,,27.0,1,False
2026-03-03 15:09:00+00:00,,,,,,,,0.77,0.77,,126.0,1,False
2026-03-03 15:09:30+00:00,,,,,,,,0.77,0.77,,44.0,1,False
2026-03-03 15:10:00+00:00,,,,,,,,0.7700000000000001,0.77,,14.0,2,False
2026-03-03 15:10:30+00:00,,,,,,,,0.7652272727272728,0.77,,88.0,3,False
2026-03-03 15:11:00+00:00,,,,,,,,0.7652272727272728,0.77,,0.0,0,False
2026-03-03 15:11:30+00:00,,,,,,,,0.7652272727272728,0.77,,0.0,0,False
2026-03-03 15:12:00+00:00,,,,,,,,0.77,0.77,,22.0,2,False
2026-03-03 15:12:30+00:00,,,,,,,,0.77,0.77,,0.0,0,False
2026-03-03 15:13:00+00:00,,,,,,,,0.7700000000000001,0.77,,28.0,2,False
2026-03-03 15:13:30+00:00,,,,,,,,0.76,0.76,,9.0,1,False
2026-03-03 15:14:00+00:00,,,,,,,,0.77,0.77,,19.0,1,False
2026-03-03 15:14:30+00:00,,,,,,,,0.77,0.77,,0.0,0,False
2026-03-03 15:15:00+00:00,,,,,,,,0.77,0.77,,0.0,0,False
2026-03-03 15:15:30+00:00,,,,,,,,0.77,0.77,,0.0,0,False
2026-03-03 15:16:00+00:00,,,,,,,,0.76,0.76,,19.0,1,False
2026-03-03 15:16:30+00:00,,,,,,,,0.77,0.77,,127.0,1,False
2026-03-03 15:17:00+00:00,,,,,,,,0.77,0.77,,0.0,0,False
2026-03-03 15:17:30+00:00,,,,,,,,0.77,0.77,,310.0,2,False
2026-03-03 15:18:00+00:00,,,,,,,,0.77,0.77,,0.0,0,False
2026-03-03 15:18:30+00:00,,,,,,,,0.77,0.77,,12.0,1,False
2026-03-03 15:19:00+00:00,,,,,,,,0.7699999999999999,0.77,,94.0,3,False
2026-03-03 15:19:30+00:00,,,,,,,,0.77,0.77,,31.0,1,False
2026-03-03 15:20:00+00:00,,,,,,,,0.77,0.77,,0.0,0,False
2026-03-03 15:20:30+00:00,,,,,,,,0.77,0.77,,0.0,0,False
2026-03-03 15:21:00+00:00,,,,,,,,0.77,0.77,,0.0,0,False
2026-03-03 15:21:30+00:00,,,,,,,,0.77,0.77,,11.0,3,False
2026-03-03 15:22:00+00:00,,,,,,,,0.77,0.77,,0.0,0,False
2026-03-03 15:22:30+00:00,,,,,,,,0.77,0.77,,0.0,0,False
2026-03-03 15:23:00+00:00,,,,,,,,0.77,0.77,,25.0,1,False
2026-03-03 15:23:30+00:00,,,,,,,,0.77,0.77,,0.0,0,False
2026-03-03 15:24:00+00:00,,,,,,,,0.77,0.77,,0.0,0,False
2026-03-03 15:24:30+00:00,,,,,,,,0.77,0.77,,1.0,1,False
2026-03-03 15:25:00+00:00,,,,,,,,0.77,0.77,,36.0,2,False
2026-03-03 15:25:30+00:00,,,,,,,,0.77,0.77,,51.0,1,False
2026-03-03 15:26:00+00:00,,,,,,,,0.77,0.77,,17.0,1,False
2026-03-03 15:26:30+00:00,,,,,,,,0.77,0.77,,2.0,2,False
2026-03-03 15:27:00+00:00,,,,,,,,0.77,0.77,,0.0,0,False
2026-03-03 15:27:30+00:00,,,,,,,,0.77,0.77,,0.0,0,False
2026-03-03 15:28:00+00:00,,,,,,,,0.77,0.77,,0.0,0,False
2026-03-03 15:28:30+00:00,,,,,,,,0.77,0.77,,25.0,2,False
2026-03-03 15:29:00+00:00,,,,,,,,0.77,0.77,,0.0,0,False
2026-03-03 15:29:30+00:00,,,,,,,,0.76,0.76,,63.0,1,False
2026-03-03 15:30:00+00:00,,,,,,,,0.76,0.76,,0.0,0,False
2026-03-03 15:30:30+00:00,,,,,,,,0.77,0.77,,18.0,1,False
2026-03-03 15:31:00+00:00,,,,,,,,0.77,0.77,,1.0,1,False
2026-03-03 15:31:30+00:00,,,,,,,,0.77,0.77,,0.0,0,False
2026-03-03 15:32:00+00:00,,,,,,,,0.77,0.77,,0.0,0,False
2026-03-03 15:32:30+00:00,,,,,,,,0.77,0.77,,0.0,0,False
2026-03-03 15:33:00+00:00,,,,,,,,0.77,0.77,,12.0,1,False
2026-03-03 15:33:30+00:00,,,,,,,,0.77,0.77,,0.0,0,False
2026-03-03 15:34:00+00:00,,,,,,,,0.7613636363636364,0.77,,22.0,2,False
2026-03-03 15:34:30+00:00,,,,,,,,0.7613636363636364,0.77,,0.0,0,False
2026-03-03 15:35:00+00:00,,,,,,,,0.77,0.77,,31.0,1,False
2026-03-03 15:35:30+00:00,,,,,,,,0.7670588235294117,0.77,,17.0,2,False
2026-03-03 15:36:00+00:00,,,,,,,,0.77,0.77,,16.0,2,False
2026-03-03 15:36:30+00:00,,,,,,,,0.77,0.77,,100.0,1,False
2026-03-03 15:37:00+00:00,,,,,,,,0.7607112970711297,0.76,,239.0,4,False
2026-03-03 15:37:30+00:00,,,,,,,,0.7607112970711297,0.76,,0.0,0,False
2026-03-03 15:38:00+00:00,,,,,,,,0.7601333333333334,0.76,,75.0,2,False
2026-03-03 15:38:30+00:00,,,,,,,,0.7654166666666665,0.76,,24.0,3,False
2026-03-03 15:39:00+00:00,,,,,,,,0.7654166666666665,0.76,,0.0,0,False
2026-03-03 15:39:30+00:00,,,,,,,,0.7654166666666665,0.76,,0.0,0,False
2026-03-03 15:40:00+00:00,,,,,,,,0.7654166666666665,0.76,,0.0,0,False
2026-03-03 15:40:30+00:00,,,,,,,,0.7654166666666665,0.76,,0.0,0,False
2026-03-03 15:41:00+00:00,,,,,,,,0.7698125,0.77,,160.0,3,False
2026-03-03 15:41:30+00:00,,,,,,,,0.7698125,0.77,,0.0,0,False
2026-03-03 15:42:00+00:00,,,,,,,,0.7698125,0.77,,0.0,0,False
2026-03-03 15:42:30+00:00,,,,,,,,0.7698125,0.77,,0.0,0,False
2026-03-03 15:43:00+00:00,,,,,,,,0.77,0.77,,316.0,2,False
2026-03-03 15:43:30+00:00,,,,,,,,0.7623529411764707,0.77,,51.0,2,False
2026-03-03 15:44:00+00:00,,,,,,,,0.7623529411764707,0.77,,0.0,0,False
2026-03-03 15:44:30+00:00,,,,,,,,0.77,0.77,,63.0,1,False
2026-03-03 15:45:00+00:00,,,,,,,,0.77,0.77,,0.0,0,False
2026-03-03 15:45:30+00:00,,,,,,,,0.7685496183206108,0.77,,131.0,3,False
2026-03-03 15:46:00+00:00,,,,,,,,0.77,0.77,,10.0,1,False
2026-03-03 15:46:30+00:00,,,,,,,,0.77,0.77,,6.0,1,False
2026-03-03 15:47:00+00:00,,,,,,,,0.77,0.77,,0.0,0,False
2026-03-03 15:47:30+00:00,,,,,,,,0.77,0.77,,0.0,0,False
2026-03-03 15:48:00+00:00,,,,,,,,0.77,0.77,,0.0,0,False
2026-03-03 15:48:30+00:00,,,,,,,,0.77,0.77,,0.0,0,False
2026-03-03 15:49:00+00:00,,,,,,,,0.77,0.77,,12.0,1,False
2026-03-03 15:49:30+00:00,,,,,,,,0.76,0.76,,7.0,1,False
2026-03-03 15:50:00+00:00,,,,,,,,0.77,0.77,,3.0,1,False
2026-03-03 15:50:30+00:00,,,,,,,,0.77,0.77,,0.0,0,False
2026-03-03 15:51:00+00:00,,,,,,,,0.77,0.77,,1.0,1,False
2026-03-03 15:51:30+00:00,,,,,,,,0.77,0.77,,0.0,0,False
2026-03-03 15:52:00+00:00,,,,,,,,0.77,0.77,,0.0,0,False
2026-03-03 15:52:30+00:00,,,,,,,,0.77,0.77,,25.0,1,False
2026-03-03 15:53:00+00:00,,,,,,,,0.77,0.77,,0.0,0,False
2026-03-03 15:53:30+00:00,,,,,,,,0.77,0.77,,400.0,1,False
2026-03-03 15:54:00+00:00,,,,,,,,0.77,0.77,,0.0,0,False
2026-03-03 15:54:30+00:00,,,,,,,,0.77,0.77,,0.0,0,False
2026-03-03 15:55:00+00:00,,,,,,,,0.77,0.77,,0.0,0,False
2026-03-03 15:55:30+00:00,,,,,,,,0.77,0.77,,0.0,0,False
2026-03-03 15:56:00+00:00,,,,,,,,0.77,0.77,,0.0,0,False
2026-03-03 15:56:30+00:00,,,,,,,,0.77,0.77,,0.0,0,False
2026-03-03 15:57:00+00:00,,,,,,,,0.77,0.77,,0.0,0,False
2026-03-03 15:57:30+00:00,,,,,,,,0.77,0.77,,0.0,0,False
2026-03-03 15:58:00+00:00,,,,,,,,0.77,0.77,,0.0,0,False
2026-03-03 15:58:30+00:00,,,,,,,,0.77,0.77,,64.0,2,False
2026-03-03 15:59:00+00:00,,,,,,,,0.7675609756097561,0.76,,41.0,2,False
2026-03-03 15:59:30+00:00,,,,,,,,0.7675609756097561,0.76,,0.0,0,False
2026-03-03 16:00:00+00:00,,,,,,,,0.77,0.77,,16.0,1,False
2026-03-03 16:00:30+00:00,,,,,,,,0.77,0.77,,0.0,0,False
2026-03-03 16:01:00+00:00,,,,,,,,0.76,0.76,,269.0,1,False
2026-03-03 16:01:30+00:00,,,,,,,,0.76,0.76,,0.0,0,False
2026-03-03 16:02:00+00:00,,,,,,,,0.7600000000000001,0.76,,3.0,1,False
2026-03-03 16:02:30+00:00,,,,,,,,0.7600000000000001,0.76,,0.0,0,False
2026-03-03 16:03:00+00:00,,,,,,,,0.77,0.77,,95.0,2,False
2026-03-03 16:03:30+00:00,,,,,,,,0.77,0.77,,0.0,0,False
2026-03-03 16:04:00+00:00,,,,,,,,0.7600000000000001,0.76,,3.0,1,False
2026-03-03 16:04:30+00:00,,,,,,,,0.7600000000000001,0.76,,0.0,0,False
2026-03-03 16:05:00+00:00,,,,,,,,0.77,0.77,,1.0,1,False
2026-03-03 16:05:30+00:00,,,,,,,,0.77,0.77,,37.0,3,False
2026-03-03 16:06:00+00:00,,,,,,,,0.77,0.77,,10.0,1,False
2026-03-03 16:06:30+00:00,,,,,,,,0.7668852459016393,0.77,,61.0,2,False
2026-03-03 16:07:00+00:00,,,,,,,,0.77,0.77,,12.0,1,False
2026-03-03 16:07:30+00:00,,,,,,,,0.77,0.77,,0.0,0,False
2026-03-03 16:08:00+00:00,,,,,,,,0.77,0.77,,0.0,0,False
2026-03-03 16:08:30+00:00,,,,,,,,0.7700000000000001,0.77,,7.0,2,False
2026-03-03 16:09:00+00:00,,,,,,,,0.7700000000000001,0.77,,0.0,0,False
2026-03-03 16:09:30+00:00,,,,,,,,0.77,0.77,,10.0,1,False
2026-03-03 16:10:00+00:00,,,,,,,,0.77,0.77,,0.0,0,False
2026-03-03 16:10:30+00:00,,,,,,,,0.7700000000000001,0.77,,14.0,1,False
2026-03-03 16:11:00+00:00,,,,,,,,0.77,0.77,,6.0,1,False
2026-03-03 16:11:30+00:00,,,,,,,,0.7700000000000001,0.77,,438.0,5,False
2026-03-03 16:12:00+00:00,,,,,,,,0.7702347417840376,0.77,,213.0,10,False
2026-03-03 16:12:30+00:00,,,,,,,,0.7702347417840376,0.77,,0.0,0,False
2026-03-03 16:13:00+00:00,,,,,,,,0.77,0.77,,1.0,1,False
2026-03-03 16:13:30+00:00,,,,,,,,0.77,0.77,,0.0,0,False
2026-03-03 16:14:00+00:00,,,,,,,,0.77,0.77,,0.0,0,False
2026-03-03 16:14:30+00:00,,,,,,,,0.77,0.77,,0.0,0,False
2026-03-03 16:15:00+00:00,,,,,,,,0.77,0.77,,0.0,0,False
2026-03-03 16:15:30+00:00,,,,,,,,0.77,0.77,,0.0,0,False
2026-03-03 16:16:00+00:00,,,,,,,,0.77,0.77,,5.0,1,False
2026-03-03 16:16:30+00:00,,,,,,,,0.77,0.77,,0.0,0,False
2026-03-03 16:17:00+00:00,,,,,,,,0.77,0.77,,0.0,0,False
2026-03-03 16:17:30+00:00,,,,,,,,0.77,0.77,,34.0,3,False
2026-03-03 16:18:00+00:00,,,,,,,,0.77,0.77,,253.0,1,False
2026-03-03 16:18:30+00:00,,,,,,,,0.77,0.77,,0.0,0,False
2026-03-03 16:19:00+00:00,,,,,,,,0.77,0.77,,0.0,0,False
2026-03-03 16:19:30+00:00,,,,,,,,0.77,0.77,,52.0,2,False
2026-03-03 16:20:00+00:00,,,,,,,,0.77,0.77,,0.0,0,False
2026-03-03 16:20:30+00:00,,,,,,,,0.7699999999999999,0.77,,257.0,4,False
2026-03-03 16:21:00+00:00,,,,,,,,0.7699999999999999,0.77,,0.0,0,False
2026-03-03 16:21:30+00:00,,,,,,,,0.77,0.77,,324.0,1,False
2026-03-03 16:22:00+00:00,,,,,,,,0.77,0.77,,32.0,1,False
2026-03-03 16:22:30+00:00,,,,,,,,0.77,0.77,,75.0,2,False
2026-03-03 16:23:00+00:00,,,,,,,,0.7700000000000001,0.77,,653.0,2,False
2026-03-03 16:23:30+00:00,,,,,,,,0.77,0.77,,10.0,1,False
2026-03-03 16:24:00+00:00,,,,,,,,0.7700000000000001,0.77,,17.0,3,False
2026-03-03 16:24:30+00:00,,,,,,,,0.77,0.77,,6.0,1,False
2026-03-03 16:25:00+00:00,,,,,,,,0.76,0.76,,7.0,1,False
2026-03-03 16:25:30+00:00,,,,,,,,0.77,0.77,,25.0,1,False
2026-03-03 16:26:00+00:00,,,,,,,,0.77,0.77,,6.0,1,False
2026-03-03 16:26:30+00:00,,,,,,,,0.77,0.77,,0.0,0,False
2026-03-03 16:27:00+00:00,,,,,,,,0.7682151208106003,0.76,,1283.0,3,False
2026-03-03 16:27:30+00:00,,,,,,,,0.77,0.77,,82.0,1,False
2026-03-03 16:28:00+00:00,,,,,,,,0.77,0.77,,0.0,0,False
2026-03-03 16:28:30+00:00,,,,,,,,0.77,0.77,,0.0,0,False
2026-03-03 16:29:00+00:00,,,,,,,,0.77,0.77,,63.0,1,False
2026-03-03 16:29:30+00:00,,,,,,,,0.77,0.77,,0.0,0,False
2026-03-03 16:30:00+00:00,,,,,,,,0.77,0.77,,0.0,0,False
2026-03-03 16:30:30+00:00,,,,,,,,0.77,0.77,,53.0,2,False
2026-03-03 16:31:00+00:00,,,,,,,,0.77,0.77,,127.0,3,False
2026-03-03 16:31:30+00:00,,,,,,,,0.7700000000000001,0.77,,14.0,1,False
2026-03-03 16:32:00+00:00,,,,,,,,0.76,0.76,,332.0,1,False
2026-03-03 16:32:30+00:00,,,,,,,,0.77,0.77,,167.0,2,False
2026-03-03 16:33:00+00:00,,,,,,,,0.76,0.76,,38.0,1,False
2026-03-03 16:33:30+00:00,,,,,,,,0.77,0.77,,31.0,1,False
2026-03-03 16:34:00+00:00,,,,,,,,0.77,0.77,,0.0,0,False
2026-03-03 16:34:30+00:00,,,,,,,,0.7700000000000001,0.77,,14.0,2,False
2026-03-03 16:35:00+00:00,,,,,,,,0.7700000000000001,0.77,,0.0,0,False
2026-03-03 16:35:30+00:00,,,,,,,,0.7700000000000001,0.77,,0.0,0,False
2026-03-03 16:36:00+00:00,,,,,,,,0.7700000000000001,0.77,,0.0,0,False
2026-03-03 16:36:30+00:00,,,,,,,,0.76,0.76,,18.0,1,False
2026-03-03 16:37:00+00:00,,,,,,,,0.7699906976744186,0.76,,1075.0,2,False
2026-03-03 16:37:30+00:00,,,,,,,,0.7699906976744186,0.76,,0.0,0,False
2026-03-03 16:38:00+00:00,,,,,,,,0.77,0.77,,55.0,1,False
2026-03-03 16:38:30+00:00,,,,,,,,0.77,0.77,,44.0,1,False
2026-03-03 16:39:00+00:00,,,,,,,,0.77,0.77,,12.0,1,False
2026-03-03 16:39:30+00:00,,,,,,,,0.77,0.77,,0.0,0,False
2026-03-03 16:40:00+00:00,,,,,,,,0.77,0.77,,3.0,1,False
2026-03-03 16:40:30+00:00,,,,,,,,0.7683035714285714,0.77,,112.0,3,False
2026-03-03 16:41:00+00:00,,,,,,,,0.77,0.77,,60.0,1,False
2026-03-03 16:41:30+00:00,,,,,,,,0.77,0.77,,0.0,0,False
2026-03-03 16:42:00+00:00,,,,,,,,0.77,0.77,,0.0,0,False
2026-03-03 16:42:30+00:00,,,,,,,,0.77,0.77,,0.0,0,False
2026-03-03 16:43:00+00:00,,,,,,,,0.77,0.77,,0.0,0,False
2026-03-03 16:43:30+00:00,,,,,,,,0.77,0.77,,0.0,0,False
2026-03-03 16:44:00+00:00,,,,,,,,0.7675,0.76,,24.0,3,False
2026-03-03 16:44:30+00:00,,,,,,,,0.7682894736842105,0.77,,152.0,4,False
2026-03-03 16:45:00+00:00,,,,,,,,0.7682894736842105,0.77,,0.0,0,False
2026-03-03 16:45:30+00:00,,,,,,,,0.77,0.77,,15.0,2,False
2026-03-03 16:46:00+00:00,,,,,,,,0.77,0.77,,0.0,0,False
2026-03-03 16:46:30+00:00,,,,,,,,0.77,0.77,,0.0,0,False
2026-03-03 16:47:00+00:00,,,,,,,,0.77,0.77,,100.0,3,False
2026-03-03 16:47:30+00:00,,,,,,,,0.7699999999999999,0.77,,138.0,3,False
2026-03-03 16:48:00+00:00,,,,,,,,0.7699999999999999,0.77,,0.0,0,False
2026-03-03 16:48:30+00:00,,,,,,,,0.7699999999999999,0.77,,0.0,0,False
2026-03-03 16:49:00+00:00,,,,,,,,0.77,0.77,,6.0,1,False
2026-03-03 16:49:30+00:00,,,,,,,,0.77,0.77,,0.0,0,False
2026-03-03 16:50:00+00:00,,,,,,,,0.77,0.77,,12.0,1,False
2026-03-03 16:50:30+00:00,,,,,,,,0.77,0.77,,5.0,1,False
2026-03-03 16:51:00+00:00,,,,,,,,0.76,0.76,,7.0,1,False
2026-03-03 16:51:30+00:00,,,,,,,,0.77,0.77,,241.0,1,False
2026-03-03 16:52:00+00:00,,,,,,,,0.77,0.77,,159.0,1,False
2026-03-03 16:52:30+00:00,,,,,,,,0.7700000000000001,0.77,,1518.0,2,False
2026-03-03 16:53:00+00:00,,,,,,,,0.77,0.77,,113.0,1,False
2026-03-03 16:53:30+00:00,,,,,,,,0.77,0.77,,0.0,0,False
2026-03-03 16:54:00+00:00,,,,,,,,0.77,0.77,,265.0,2,False
2026-03-03 16:54:30+00:00,,,,,,,,0.77,0.77,,383.0,1,False
2026-03-03 16:55:00+00:00,,,,,,,,0.77,0.77,,26.0,2,False
2026-03-03 16:55:30+00:00,,,,,,,,0.77,0.77,,52.0,2,False
2026-03-03 16:56:00+00:00,,,,,,,,0.77,0.77,,127.0,1,False
2026-03-03 16:56:30+00:00,,,,,,,,0.77,0.77,,22.0,1,False
2026-03-03 16:57:00+00:00,,,,,,,,0.77,0.77,,0.0,0,False
2026-03-03 16:57:30+00:00,,,,,,,,0.77,0.77,,63.0,1,False
2026-03-03 16:58:00+00:00,,,,,,,,0.77,0.77,,63.0,1,False
2026-03-03 16:58:30+00:00,,,,,,,,0.76,0.76,,19.0,1,False
2026-03-03 16:59:00+00:00,,,,,,,,0.77,0.77,,2.0,1,False
2026-03-03 16:59:30+00:00,,,,,,,,0.7603951367781154,0.77,,658.0,4,False
2026-03-03 17:00:00+00:00,,,,,,,,0.77,0.77,,374.0,1,False
2026-03-03 17:00:30+00:00,,,,,,,,0.77,0.77,,13.0,1,False
2026-03-03 17:01:00+00:00,,,,,,,,0.77,0.77,,137.0,3,False
2026-03-03 17:01:30+00:00,,,,,,,,0.77,0.77,,1265.0,1,False
2026-03-03 17:02:00+00:00,,,,,,,,0.77,0.77,,0.0,0,False
2026-03-03 17:02:30+00:00,,,,,,,,0.76,0.76,,19.0,1,False
2026-03-03 17:03:00+00:00,,,,,,,,0.77,0.77,,63.0,1,False
2026-03-03 17:03:30+00:00,,,,,,,,0.77,0.77,,2.0,1,False
2026-03-03 17:04:00+00:00,,,,,,,,0.77,0.77,,1.0,1,False
2026-03-03 17:04:30+00:00,,,,,,,,0.77,0.77,,51.0,1,False
2026-03-03 17:05:00+00:00,,,,,,,,0.77,0.77,,6.0,1,False
2026-03-03 17:05:30+00:00,,,,,,,,0.77,0.77,,153.0,3,False
2026-03-03 17:06:00+00:00,,,,,,,,0.77,0.77,,0.0,0,False
2026-03-03 17:06:30+00:00,,,,,,,,0.77,0.77,,0.0,0,False
2026-03-03 17:07:00+00:00,,,,,,,,0.7699999999999999,0.77,,423.0,4,False
2026-03-03 17:07:30+00:00,,,,,,,,0.7615217391304349,0.77,,46.0,2,False
2026-03-03 17:08:00+00:00,,,,,,,,0.77,0.77,,151.0,1,False
2026-03-03 17:08:30+00:00,,,,,,,,0.77,0.77,,5.0,1,False
2026-03-03 17:09:00+00:00,,,,,,,,0.77,0.77,,178.0,1,False
2026-03-03 17:09:30+00:00,,,,,,,,0.77,0.77,,0.0,0,False
2026-03-03 17:10:00+00:00,,,,,,,,0.77,0.77,,0.0,0,False
2026-03-03 17:10:30+00:00,,,,,,,,0.77,0.77,,0.0,0,False
2026-03-03 17:11:00+00:00,,,,,,,,0.77,0.77,,0.0,0,False
2026-03-03 17:11:30+00:00,,,,,,,,0.77,0.77,,89.0,1,False
2026-03-03 17:12:00+00:00,,,,,,,,0.7605,0.77,,20.0,2,False
2026-03-03 17:12:30+00:00,,,,,,,,0.77,0.77,,18.0,1,False
2026-03-03 17:13:00+00:00,,,,,,,,0.7682539682539683,0.77,,63.0,4,False
2026-03-03 17:13:30+00:00,,,,,,,,0.7682539682539683,0.77,,0.0,0,False
2026-03-03 17:14:00+00:00,,,,,,,,0.77,0.77,,447.0,2,False
2026-03-03 17:14:30+00:00,,,,,,,,0.77,0.77,,76.0,3,False
2026-03-03 17:15:00+00:00,,,,,,,,0.77,0.77,,632.0,1,False
2026-03-03 17:15:30+00:00,,,,,,,,0.77,0.77,,0.0,0,False
2026-03-03 17:16:00+00:00,,,,,,,,0.77,0.77,,0.0,0,False
2026-03-03 17:16:30+00:00,,,,,,,,0.77,0.77,,0.0,0,False
2026-03-03 17:17:00+00:00,,,,,,,,0.7700000000000001,0.77,,21.0,1,False
2026-03-03 17:17:30+00:00,,,,,,,,0.7700000000000001,0.77,,98.0,3,False
2026-03-03 17:18:00+00:00,,,,,,,,0.7700000000000001,0.77,,0.0,0,False
2026-03-03 17:18:30+00:00,,,,,,,,0.7700000000000001,0.77,,0.0,0,False
2026-03-03 17:19:00+00:00,,,,,,,,0.77,0.77,,139.0,1,False
2026-03-03 17:19:30+00:00,,,,,,,,0.77,0.77,,0.0,0,False
2026-03-03 17:20:00+00:00,,,,,,,,0.77,0.77,,0.0,0,False
2026-03-03 17:20:30+00:00,,,,,,,,0.77,0.77,,0.0,0,False
2026-03-03 17:21:00+00:00,,,,,,,,0.7689285714285715,0.76,,28.0,2,False
2026-03-03 17:21:30+00:00,,,,,,,,0.77,0.77,,5.0,1,False
2026-03-03 17:22:00+00:00,,,,,,,,0.7677507598784195,0.76,,329.0,2,False
2026-03-03 17:22:30+00:00,,,,,,,,0.77,0.77,,69.0,2,False
2026-03-03 17:23:00+00:00,,,,,,,,0.77,0.77,,2.0,1,False
2026-03-03 17:23:30+00:00,,,,,,,,0.77,0.77,,0.0,0,False
2026-03-03 17:24:00+00:00,,,,,,,,0.77,0.77,,0.0,0,False
2026-03-03 17:24:30+00:00,,,,,,,,0.77,0.77,,6.0,1,False
2026-03-03 17:25:00+00:00,,,,,,,,0.77,0.77,,0.0,0,False
2026-03-03 17:25:30+00:00,,,,,,,,0.77,0.77,,216.0,3,False
2026-03-03 17:26:00+00:00,,,,,,,,0.77,0.77,,109.0,1,False
2026-03-03 17:26:30+00:00,,,,,,,,0.77,0.77,,1.0,1,False
2026-03-03 17:27:00+00:00,,,,,,,,0.77,0.77,,0.0,0,False
2026-03-03 17:27:30+00:00,,,,,,,,0.77,0.77,,0.0,0,False
2026-03-03 17:28:00+00:00,,,,,,,,0.77,0.77,,1.0,1,False
2026-03-03 17:28:30+00:00,,,,,,,,0.77,0.77,,10.0,1,False
2026-03-03 17:29:00+00:00,,,,,,,,0.76,0.76,,47.0,1,False
2026-03-03 17:29:30+00:00,,,,,,,,0.76,0.76,,0.0,0,False
2026-03-03 17:30:00+00:00,,,,,,,,0.76,0.76,,0.0,0,False
2026-03-03 17:30:30+00:00,,,,,,,,0.77,0.77,,12.0,1,False
2026-03-03 17:31:00+00:00,,,,,,,,0.7700000000000001,0.77,,56.0,1,False
2026-03-03 17:31:30+00:00,,,,,,,,0.7683333333333334,0.77,,6.0,2,False
2026-03-03 17:32:00+00:00,,,,,,,,0.7683333333333334,0.77,,0.0,0,False
2026-03-03 17:32:30+00:00,,,,,,,,0.7683333333333334,0.77,,0.0,0,False
2026-03-03 17:33:00+00:00,,,,,,,,0.77,0.77,,39.0,2,False
2026-03-03 17:33:30+00:00,,,,,,,,0.76,0.76,,38.0,1,False
2026-03-03 17:34:00+00:00,,,,,,,,0.76,0.76,,0.0,0,False
2026-03-03 17:34:30+00:00,,,,,,,,0.77,0.77,,12.0,1,False
2026-03-03 17:35:00+00:00,,,,,,,,0.77,0.77,,0.0,0,False
2026-03-03 17:35:30+00:00,,,,,,,,0.77,0.77,,0.0,0,False
2026-03-03 17:36:00+00:00,,,,,,,,0.77,0.77,,20.0,1,False
2026-03-03 17:36:30+00:00,,,,,,,,0.77,0.77,,0.0,0,False
2026-03-03 17:37:00+00:00,,,,,,,,0.7599999999999999,0.76,,44.0,1,False
2026-03-03 17:37:30+00:00,,,,,,,,0.77,0.77,,6.0,1,False
2026-03-03 17:38:00+00:00,,,,,,,,0.77,0.77,,0.0,0,False
2026-03-03 17:38:30+00:00,,,,,,,,0.77,0.77,,290.0,2,False
2026-03-03 17:39:00+00:00,,,,,,,,0.77,0.77,,24.0,1,False
2026-03-03 17:39:30+00:00,,,,,,,,0.77,0.77,,120.0,1,False
2026-03-03 17:40:00+00:00,,,,,,,,0.77,0.77,,12.0,1,False
2026-03-03 17:40:30+00:00,,,,,,,,0.77,0.77,,0.0,0,False
2026-03-03 17:41:00+00:00,,,,,,,,0.77,0.77,,0.0,0,False
2026-03-03 17:41:30+00:00,,,,,,,,0.77,0.77,,316.0,1,False
2026-03-03 17:42:00+00:00,,,,,,,,0.77,0.77,,0.0,0,False
2026-03-03 17:42:30+00:00,,,,,,,,0.77,0.77,,0.0,0,False
2026-03-03 17:43:00+00:00,,,,,,,,0.7693457943925233,0.77,,856.0,2,False
2026-03-03 17:43:30+00:00,,,,,,,,0.77,0.77,,1.0,1,False
2026-03-03 17:44:00+00:00,,,,,,,,0.77,0.77,,0.0,0,False
2026-03-03 17:44:30+00:00,,,,,,,,0.77,0.77,,0.0,0,False
2026-03-03 17:45:00+00:00,,,,,,,,0.77,0.77,,126.0,1,False
2026-03-03 17:45:30+00:00,,,,,,,,0.77,0.77,,0.0,0,False
2026-03-03 17:46:00+00:00,,,,,,,,0.77,0.77,,0.0,0,False
2026-03-03 17:46:30+00:00,,,,,,,,0.77,0.77,,17.0,2,False
2026-03-03 17:47:00+00:00,,,,,,,,0.7700000000000001,0.77,,7.0,1,False
2026-03-03 17:47:30+00:00,,,,,,,,0.7700000000000001,0.77,,0.0,0,False
2026-03-03 17:48:00+00:00,,,,,,,,0.7631481481481481,0.77,,54.0,2,False
2026-03-03 17:48:30+00:00,,,,,,,,0.77,0.77,,51.0,1,False
2026-03-03 17:49:00+00:00,,,,,,,,0.77,0.77,,67.0,3,False
2026-03-03 17:49:30+00:00,,,,,,,,0.76,0.76,,20.0,1,False
2026-03-03 17:50:00+00:00,,,,,,,,0.76,0.76,,19.0,1,False
2026-03-03 17:50:30+00:00,,,,,,,,0.76,0.76,,0.0,0,False
2026-03-03 17:51:00+00:00,,,,,,,,0.76,0.76,,76.0,1,False
2026-03-03 17:51:30+00:00,,,,,,,,0.76,0.76,,0.0,0,False
2026-03-03 17:52:00+00:00,,,,,,,,0.77,0.77,,5.0,1,False
2026-03-03 17:52:30+00:00,,,,,,,,0.77,0.77,,0.0,0,False
2026-03-03 17:53:00+00:00,,,,,,,,0.77,0.77,,0.0,0,False
2026-03-03 17:53:30+00:00,,,,,,,,0.77,0.77,,2332.0,2,False
2026-03-03 17:54:00+00:00,,,,,,,,0.77,0.77,,48.0,1,False
2026-03-03 17:54:30+00:00,,,,,,,,0.77,0.77,,117.0,2,False
2026-03-03 17:55:00+00:00,,,,,,,,0.77,0.77,,63.0,1,False
2026-03-03 17:55:30+00:00,,,,,,,,0.77,0.77,,62.0,2,False
2026-03-03 17:56:00+00:00,,,,,,,,0.7700000000000001,0.77,,143.0,3,False
2026-03-03 17:56:30+00:00,,,,,,,,0.7699999999999999,0.77,,229.0,2,False
2026-03-03 17:57:00+00:00,,,,,,,,0.76,0.76,,30.0,1,False
2026-03-03 17:57:30+00:00,,,,,,,,0.76,0.76,,7.0,1,False
2026-03-03 17:58:00+00:00,,,,,,,,0.77,0.77,,31.0,1,False
2026-03-03 17:58:30+00:00,,,,,,,,0.77,0.77,,19.0,1,False
2026-03-03 17:59:00+00:00,,,,,,,,0.77,0.77,,0.0,0,False
2026-03-03 17:59:30+00:00,,,,,,,,0.77,0.77,,25.0,1,False
2026-03-03 18:00:00+00:00,,,,,,,,0.77,0.77,,100.0,1,False
2026-03-03 18:00:30+00:00,,,,,,,,0.77,0.77,,133.0,3,False
2026-03-03 18:01:00+00:00,,,,,,,,0.77,0.77,,0.0,0,False
2026-03-03 18:01:30+00:00,,,,,,,,0.77,0.77,,0.0,0,False
2026-03-03 18:02:00+00:00,,,,,,,,0.77,0.77,,0.0,0,False
2026-03-03 18:02:30+00:00,,,,,,,,0.77,0.77,,0.0,0,False
2026-03-03 18:03:00+00:00,,,,,,,,0.77,0.77,,0.0,0,False
2026-03-03 18:03:30+00:00,,,,,,,,0.7696536796536797,0.77,,231.0,5,False
2026-03-03 18:04:00+00:00,,,,,,,,0.76,0.76,,7.0,1,False
2026-03-03 18:04:30+00:00,,,,,,,,0.7698832684824902,0.76,,257.0,3,False
2026-03-03 18:05:00+00:00,,,,,,,,0.77,0.77,,36.0,2,False
2026-03-03 18:05:30+00:00,,,,,,,,0.77,0.77,,632.0,1,False
2026-03-03 18:06:00+00:00,,,,,,,,0.77,0.77,,0.0,0,False
2026-03-03 18:06:30+00:00,,,,,,,,0.77,0.77,,0.0,0,False
2026-03-03 18:07:00+00:00,,,,,,,,0.77,0.77,,3.0,1,False
2026-03-03 18:07:30+00:00,,,,,,,,0.76,0.76,,4.0,2,False
2026-03-03 18:08:00+00:00,,,,,,,,0.76,0.76,,0.0,0,False
2026-03-03 18:08:30+00:00,,,,,,,,0.76,0.76,,0.0,0,False
2026-03-03 18:09:00+00:00,,,,,,,,0.77,0.77,,2.0,1,False
2026-03-03 18:09:30+00:00,,,,,,,,0.7699999999999999,0.77,,47.0,1,False
2026-03-03 18:10:00+00:00,,,,,,,,0.7600000000000001,0.76,,3.0,1,False
2026-03-03 18:10:30+00:00,,,,,,,,0.7600000000000001,0.76,,0.0,0,False
2026-03-03 18:11:00+00:00,,,,,,,,0.7600000000000001,0.76,,0.0,0,False
2026-03-03 18:11:30+00:00,,,,,,,,0.77,0.77,,2.0,1,False
2026-03-03 18:12:00+00:00,,,,,,,,0.77,0.77,,0.0,0,False
2026-03-03 18:12:30+00:00,,,,,,,,0.77,0.77,,19.0,1,False
2026-03-03 18:13:00+00:00,,,,,,,,0.77,0.77,,0.0,0,False
2026-03-03 18:13:30+00:00,,,,,,,,0.77,0.77,,12.0,1,False
2026-03-03 18:14:00+00:00,,,,,,,,0.77,0.77,,256.0,4,False
2026-03-03 18:14:30+00:00,,,,,,,,0.77,0.77,,12.0,1,False
2026-03-03 18:15:00+00:00,,,,,,,,0.77,0.77,,0.0,0,False
2026-03-03 18:15:30+00:00,,,,,,,,0.77,0.77,,0.0,0,False
2026-03-03 18:16:00+00:00,,,,,,,,0.77,0.77,,0.0,0,False
2026-03-03 18:16:30+00:00,,,,,,,,0.77,0.77,,16.0,1,False
2026-03-03 18:17:00+00:00,,,,,,,,0.77,0.77,,0.0,0,False
2026-03-03 18:17:30+00:00,,,,,,,,0.77,0.77,,0.0,0,False
2026-03-03 18:18:00+00:00,,,,,,,,0.77,0.77,,22.0,1,False
2026-03-03 18:18:30+00:00,,,,,,,,0.7700000000000001,0.77,,42.0,1,False
2026-03-03 18:19:00+00:00,,,,,,,,0.7699999999999999,0.77,,249.0,2,False
2026-03-03 18:19:30+00:00,,,,,,,,0.7699999999999999,0.77,,0.0,0,False
2026-03-03 18:20:00+00:00,,,,,,,,0.7699999999999999,0.77,,0.0,0,False
2026-03-03 18:20:30+00:00,,,,,,,,0.7695090439276486,0.77,,387.0,5,False
2026-03-03 18:21:00+00:00,,,,,,,,0.76,0.76,,134.0,1,False
2026-03-03 18:21:30+00:00,,,,,,,,0.76,0.76,,0.0,0,False
2026-03-03 18:22:00+00:00,,,,,,,,0.76,0.76,,0.0,0,False
2026-03-03 18:22:30+00:00,,,,,,,,0.76,0.76,,0.0,0,False
2026-03-03 18:23:00+00:00,,,,,,,,0.77,0.77,,253.0,1,False
2026-03-03 18:23:30+00:00,,,,,,,,0.77,0.77,,0.0,0,False
2026-03-03 18:24:00+00:00,,,,,,,,0.77,0.77,,0.0,0,False
2026-03-03 18:24:30+00:00,,,,,,,,0.7700000000000001,0.77,,702.0,2,False
2026-03-03 18:25:00+00:00,,,,,,,,0.7693333333333333,0.76,,135.0,3,False
2026-03-03 18:25:30+00:00,,,,,,,,0.7693333333333333,0.76,,0.0,0,False
2026-03-03 18:26:00+00:00,,,,,,,,0.77,0.77,,65.0,1,False
2026-03-03 18:26:30+00:00,,,,,,,,0.77,0.77,,5.0,1,False
2026-03-03 18:27:00+00:00,,,,,,,,0.77,0.77,,12.0,1,False
2026-03-03 18:27:30+00:00,,,,,,,,0.7699999999999999,0.77,,94.0,3,False
2026-03-03 18:28:00+00:00,,,,,,,,0.7699999999999999,0.77,,0.0,0,False
2026-03-03 18:28:30+00:00,,,,,,,,0.7699999999999999,0.77,,0.0,0,False
2026-03-03 18:29:00+00:00,,,,,,,,0.77,0.77,,6.0,1,False
2026-03-03 18:29:30+00:00,,,,,,,,0.77,0.77,,0.0,0,False
2026-03-03 18:30:00+00:00,,,,,,,,0.77,0.77,,191.0,1,False
2026-03-03 18:30:30+00:00,,,,,,,,0.77,0.77,,25.0,1,False
2026-03-03 18:31:00+00:00,,,,,,,,0.76,0.76,,19.0,1,False
2026-03-03 18:31:30+00:00,,,,,,,,0.76,0.76,,0.0,0,False
2026-03-03 18:32:00+00:00,,,,,,,,0.77,0.77,,5.0,1,False
2026-03-03 18:32:30+00:00,,,,,,,,0.77,0.77,,0.0,0,False
2026-03-03 18:33:00+00:00,,,,,,,,0.7677380952380953,0.77,,84.0,3,False
2026-03-03 18:33:30+00:00,,,,,,,,0.7677380952380953,0.77,,0.0,0,False
2026-03-03 18:34:00+00:00,,,,,,,,0.7699999999999999,0.77,,265.0,3,False
2026-03-03 18:34:30+00:00,,,,,,,,0.77,0.77,,126.0,1,False
2026-03-03 18:35:00+00:00,,,,,,,,0.7646153846153847,0.77,,13.0,2,False
2026-03-03 18:35:30+00:00,,,,,,,,0.76,0.76,,7.0,1,False
2026-03-03 18:36:00+00:00,,,,,,,,0.77,0.77,,25.0,1,False
2026-03-03 18:36:30+00:00,,,,,,,,0.77,0.77,,127.0,1,False
2026-03-03 18:37:00+00:00,,,,,,,,0.77,0.77,,0.0,0,False
2026-03-03 18:37:30+00:00,,,,,,,,0.77,0.77,,0.0,0,False
2026-03-03 18:38:00+00:00,,,,,,,,0.77,0.77,,0.0,0,False
2026-03-03 18:38:30+00:00,,,,,,,,0.77,0.77,,0.0,0,False
2026-03-03 18:39:00+00:00,,,,,,,,0.7602658227848101,0.77,,790.0,3,False
2026-03-03 18:39:30+00:00,,,,,,,,0.7599999999999999,0.76,,11.0,1,False
2026-03-03 18:40:00+00:00,,,,,,,,0.7599999999999999,0.76,,0.0,0,False
2026-03-03 18:40:30+00:00,,,,,,,,0.77,0.77,,222.0,3,False
2026-03-03 18:41:00+00:00,,,,,,,,0.77,0.77,,0.0,0,False
2026-03-03 18:41:30+00:00,,,,,,,,0.7684033613445378,0.77,,119.0,2,False
2026-03-03 18:42:00+00:00,,,,,,,,0.7684033613445378,0.77,,0.0,0,False
2026-03-03 18:42:30+00:00,,,,,,,,0.7700000000000001,0.77,,7.0,1,False
2026-03-03 18:43:00+00:00,,,,,,,,0.76,0.76,,19.0,1,False
2026-03-03 18:43:30+00:00,,,,,,,,0.77,0.77,,12.0,1,False
2026-03-03 18:44:00+00:00,,,,,,,,0.77,0.77,,0.0,0,False
2026-03-03 18:44:30+00:00,,,,,,,,0.77,0.77,,5.0,1,False
2026-03-03 18:45:00+00:00,,,,,,,,0.77,0.77,,0.0,0,False
2026-03-03 18:45:30+00:00,,,,,,,,0.77,0.77,,13.0,2,False
2026-03-03 18:46:00+00:00,,,,,,,,0.77,0.77,,12.0,1,False
2026-03-03 18:46:30+00:00,,,,,,,,0.77,0.77,,12.0,1,False
2026-03-03 18:47:00+00:00,,,,,,,,0.7600000000000001,0.76,,3.0,1,False
2026-03-03 18:47:30+00:00,,,,,,,,0.7700000000000001,0.77,,277.0,3,False
2026-03-03 18:48:00+00:00,,,,,,,,0.7700000000000001,0.77,,0.0,0,False
2026-03-03 18:48:30+00:00,,,,,,,,0.7700000000000001,0.77,,0.0,0,False
2026-03-03 18:49:00+00:00,,,,,,,,0.77,0.77,,1.0,1,False
2026-03-03 18:49:30+00:00,,,,,,,,0.77,0.77,,0.0,0,False
2026-03-03 18:50:00+00:00,,,,,,,,0.77,0.77,,0.0,0,False
2026-03-03 18:50:30+00:00,,,,,,,,0.77,0.77,,377.0,2,False
2026-03-03 18:51:00+00:00,,,,,,,,0.77,0.77,,25.0,1,False
2026-03-03 18:51:30+00:00,,,,,,,,0.77,0.77,,0.0,0,False
2026-03-03 18:52:00+00:00,,,,,,,,0.77,0.77,,0.0,0,False
2026-03-03 18:52:30+00:00,,,,,,,,0.77,0.77,,89.0,3,False
2026-03-03 18:53:00+00:00,,,,,,,,0.77,0.77,,0.0,0,False
2026-03-03 18:53:30+00:00,,,,,,,,0.77,0.77,,0.0,0,False
2026-03-03 18:54:00+00:00,,,,,,,,0.7699999999999999,0.77,,379.0,1,False
2026-03-03 18:54:30+00:00,,,,,,,,0.7699999999999999,0.77,,0.0,0,False
2026-03-03 18:55:00+00:00,,,,,,,,0.7698780487804878,0.76,,82.0,2,False
2026-03-03 18:55:30+00:00,,,,,,,,0.7699999999999999,0.77,,130.0,2,False
2026-03-03 18:56:00+00:00,,,,,,,,0.77,0.77,,37.0,1,False
2026-03-03 18:56:30+00:00,,,,,,,,0.77,0.77,,0.0,0,False
2026-03-03 18:57:00+00:00,,,,,,,,0.77,0.77,,66.0,2,False
2026-03-03 18:57:30+00:00,,,,,,,,0.77,0.77,,1.0,1,False
2026-03-03 18:58:00+00:00,,,,,,,,0.77,0.77,,12.0,1,False
2026-03-03 18:58:30+00:00,,,,,,,,0.77,0.77,,0.0,0,False
2026-03-03 18:59:00+00:00,,,,,,,,0.7609090909090909,0.76,,11.0,2,False
2026-03-03 18:59:30+00:00,,,,,,,,0.77,0.77,,146.0,2,False
2026-03-03 19:00:00+00:00,,,,,,,,0.77,0.77,,0.0,0,False
2026-03-03 19:00:30+00:00,,,,,,,,0.76,0.76,,5.0,1,False
2026-03-03 19:01:00+00:00,,,,,,,,0.76,0.76,,0.0,0,False
2026-03-03 19:01:30+00:00,,,,,,,,0.76,0.76,,19.0,1,False
2026-03-03 19:02:00+00:00,,,,,,,,0.76,0.76,,0.0,0,False
2026-03-03 19:02:30+00:00,,,,,,,,0.76,0.76,,0.0,0,False
2026-03-03 19:03:00+00:00,,,,,,,,0.7699999999999999,0.77,,69.0,2,False
2026-03-03 19:03:30+00:00,,,,,,,,0.77,0.77,,121.0,3,False
2026-03-03 19:04:00+00:00,,,,,,,,0.77,0.77,,6.0,1,False
2026-03-03 19:04:30+00:00,,,,,,,,0.7600000000000001,0.76,,3.0,1,False
2026-03-03 19:05:00+00:00,,,,,,,,0.7692307692307693,0.77,,13.0,3,False
2026-03-03 19:05:30+00:00,,,,,,,,0.77,0.77,,1.0,1,False
2026-03-03 19:06:00+00:00,,,,,,,,0.77,0.77,,0.0,0,False
2026-03-03 19:06:30+00:00,,,,,,,,0.7671739130434783,0.77,,138.0,3,False
2026-03-03 19:07:00+00:00,,,,,,,,0.77,0.77,,6.0,1,False
2026-03-03 19:07:30+00:00,,,,,,,,0.77,0.77,,0.0,0,False
2026-03-03 19:08:00+00:00,,,,,,,,0.77,0.77,,0.0,0,False
2026-03-03 19:08:30+00:00,,,,,,,,0.77,0.77,,5024.0,2,False
2026-03-03 19:09:00+00:00,,,,,,,,0.7699999999999999,0.77,,166.0,3,False
2026-03-03 19:09:30+00:00,,,,,,,,0.7699999999999999,0.77,,0.0,0,False
2026-03-03 19:10:00+00:00,,,,,,,,0.7699999999999999,0.77,,0.0,0,False
2026-03-03 19:10:30+00:00,,,,,,,,0.7699999999999999,0.77,,0.0,0,False
2026-03-03 19:11:00+00:00,,,,,,,,0.7699999999999999,0.77,,0.0,0,False
2026-03-03 19:11:30+00:00,,,,,,,,0.7600000000000001,0.76,,99.0,2,False
2026-03-03 19:12:00+00:00,,,,,,,,0.7600000000000001,0.76,,192.0,2,False
2026-03-03 19:12:30+00:00,,,,,,,,0.76,0.76,,39.0,1,False
2026-03-03 19:13:00+00:00,,,,,,,,0.77,0.77,,48.0,2,False
2026-03-03 19:13:30+00:00,,,,,,,,0.77,0.77,,0.0,0,False
2026-03-03 19:14:00+00:00,,,,,,,,0.77,0.77,,74.0,2,False
2026-03-03 19:14:30+00:00,,,,,,,,0.77,0.77,,2600.0,2,False
2026-03-03 19:15:00+00:00,,,,,,,,0.77,0.77,,4.0,1,False
2026-03-03 19:15:30+00:00,,,,,,,,0.77,0.77,,1.0,1,False
2026-03-03 19:16:00+00:00,,,,,,,,0.77,0.77,,0.0,0,False
2026-03-03 19:16:30+00:00,,,,,,,,0.77,0.77,,0.0,0,False
2026-03-03 19:17:00+00:00,,,,,,,,0.76,0.76,,76.0,1,False
2026-03-03 19:17:30+00:00,,,,,,,,0.7699921011058453,0.76,,1266.0,2,False
2026-03-03 19:18:00+00:00,,,,,,,,0.76,0.76,,19.0,1,False
2026-03-03 19:18:30+00:00,,,,,,,,0.7631111111111112,0.77,,45.0,3,False
2026-03-03 19:19:00+00:00,,,,,,,,0.7631111111111112,0.77,,0.0,0,False
2026-03-03 19:19:30+00:00,,,,,,,,0.7631111111111112,0.77,,0.0,0,False
2026-03-03 19:20:00+00:00,,,,,,,,0.7631111111111112,0.77,,0.0,0,False
2026-03-03 19:20:30+00:00,,,,,,,,0.7600000000000001,0.76,,3.0,1,False
2026-03-03 19:21:00+00:00,,,,,,,,0.7600000000000001,0.76,,0.0,0,False
2026-03-03 19:21:30+00:00,,,,,,,,0.7691166077738517,0.77,,1132.0,4,False
2026-03-03 19:22:00+00:00,,,,,,,,0.77,0.77,,15.0,1,False
2026-03-03 19:22:30+00:00,,,,,,,,0.77,0.77,,106.0,1,False
2026-03-03 19:23:00+00:00,,,,,,,,0.76,0.76,,21.0,2,False
2026-03-03 19:23:30+00:00,,,,,,,,0.77,0.77,,500.0,1,False
2026-03-03 19:24:00+00:00,,,,,,,,0.7699112426035504,0.77,,338.0,4,False
2026-03-03 19:24:30+00:00,,,,,,,,0.77,0.77,,25.0,2,False
2026-03-03 19:25:00+00:00,,,,,,,,0.77,0.77,,2.0,1,False
2026-03-03 19:25:30+00:00,,,,,,,,0.7686363636363637,0.77,,22.0,2,False
2026-03-03 19:26:00+00:00,,,,,,,,0.7686363636363637,0.77,,0.0,0,False
2026-03-03 19:26:30+00:00,,,,,,,,0.7686363636363637,0.77,,0.0,0,False
2026-03-03 19:27:00+00:00,,,,,,,,0.7686363636363637,0.77,,0.0,0,False
2026-03-03 19:27:30+00:00,,,,,,,,0.7686363636363637,0.77,,0.0,0,False
2026-03-03 19:28:00+00:00,,,,,,,,0.77,0.77,,10.0,1,False
2026-03-03 19:28:30+00:00,,,,,,,,0.766923076923077,0.76,,65.0,3,False
2026-03-03 19:29:00+00:00,,,,,,,,0.766923076923077,0.76,,0.0,0,False
2026-03-03 19:29:30+00:00,,,,,,,,0.766923076923077,0.76,,0.0,0,False
2026-03-03 19:30:00+00:00,,,,,,,,0.766923076923077,0.76,,0.0,0,False
2026-03-03 19:30:30+00:00,,,,,,,,0.77,0.77,,2.0,1,False
2026-03-03 19:31:00+00:00,,,,,,,,0.77,0.77,,0.0,0,False
2026-03-03 19:31:30+00:00,,,,,,,,0.77,0.77,,25.0,1,False
2026-03-03 19:32:00+00:00,,,,,,,,0.77,0.77,,0.0,0,False
2026-03-03 19:32:30+00:00,,,,,,,,0.77,0.77,,0.0,0,False
2026-03-03 19:33:00+00:00,,,,,,,,0.77,0.77,,0.0,0,False
2026-03-03 19:33:30+00:00,,,,,,,,0.77,0.77,,6.0,1,False
2026-03-03 19:34:00+00:00,,,,,,,,0.77,0.77,,25.0,1,False
2026-03-03 19:34:30+00:00,,,,,,,,0.7636666666666667,0.76,,30.0,3,False
2026-03-03 19:35:00+00:00,,,,,,,,0.7636666666666667,0.76,,0.0,0,False
2026-03-03 19:35:30+00:00,,,,,,,,0.7700000000000001,0.77,,171.0,3,False
2026-03-03 19:36:00+00:00,,,,,,,,0.77,0.77,,15.0,1,False
2026-03-03 19:36:30+00:00,,,,,,,,0.7670588235294117,0.77,,17.0,2,False
2026-03-03 19:37:00+00:00,,,,,,,,0.7670588235294117,0.77,,0.0,0,False
2026-03-03 19:37:30+00:00,,,,,,,,0.77,0.77,,25.0,1,False
2026-03-03 19:38:00+00:00,,,,,,,,0.77,0.77,,12.0,1,False
2026-03-03 19:38:30+00:00,,,,,,,,0.77,0.77,,627.0,2,False
2026-03-03 19:39:00+00:00,,,,,,,,0.77,0.77,,63.0,1,False
2026-03-03 19:39:30+00:00,,,,,,,,0.77,0.77,,10012.0,2,False
2026-03-03 19:40:00+00:00,,,,,,,,0.77,0.77,,0.0,0,False
2026-03-03 19:40:30+00:00,,,,,,,,0.77,0.77,,0.0,0,False
2026-03-03 19:41:00+00:00,,,,,,,,0.77,0.77,,18.0,1,False
2026-03-03 19:41:30+00:00,,,,,,,,0.77,0.77,,0.0,0,False
2026-03-03 19:42:00+00:00,,,,,,,,0.77,0.77,,63.0,1,False
2026-03-03 19:42:30+00:00,,,,,,,,0.77,0.77,,31.0,1,False
2026-03-03 19:43:00+00:00,,,,,,,,0.77,0.77,,75.0,1,False
2026-03-03 19:43:30+00:00,,,,,,,,0.77,0.77,,0.0,0,False
2026-03-03 19:44:00+00:00,,,,,,,,0.7700000000000001,0.77,,160.0,3,False
2026-03-03 19:44:30+00:00,,,,,,,,0.7700000000000001,0.77,,0.0,0,False
2026-03-03 19:45:00+00:00,,,,,,,,0.7700000000000001,0.77,,0.0,0,False
2026-03-03 19:45:30+00:00,,,,,,,,0.77,0.77,,732.0,3,False
2026-03-03 19:46:00+00:00,,,,,,,,0.77,0.77,,3.0,1,False
2026-03-03 19:46:30+00:00,,,,,,,,0.77,0.77,,0.0,0,False
2026-03-03 19:47:00+00:00,,,,,,,,0.7683333333333333,0.77,,30.0,2,False
2026-03-03 19:47:30+00:00,,,,,,,,0.77,0.77,,4.0,2,False
2026-03-03 19:48:00+00:00,,,,,,,,0.77,0.77,,0.0,0,False
2026-03-03 19:48:30+00:00,,,,,,,,0.7700000000000001,0.77,,14.0,2,False
2026-03-03 19:49:00+00:00,,,,,,,,0.77,0.77,,2.0,1,False
2026-03-03 19:49:30+00:00,,,,,,,,0.76,0.76,,98.0,1,False
2026-03-03 19:50:00+00:00,,,,,,,,0.77,0.77,,13.0,1,False
2026-03-03 19:50:30+00:00,,,,,,,,0.7699410609037327,0.77,,509.0,2,False
2026-03-03 19:51:00+00:00,,,,,,,,0.7609523809523809,0.77,,63.0,2,False
2026-03-03 19:51:30+00:00,,,,,,,,0.7609523809523809,0.77,,0.0,0,False
2026-03-03 19:52:00+00:00,,,,,,,,0.7609523809523809,0.77,,0.0,0,False
2026-03-03 19:52:30+00:00,,,,,,,,0.7609523809523809,0.77,,0.0,0,False
2026-03-03 19:53:00+00:00,,,,,,,,0.7629642857142857,0.76,,280.0,6,False
2026-03-03 19:53:30+00:00,,,,,,,,0.77,0.77,,64.0,2,False
2026-03-03 19:54:00+00:00,,,,,,,,0.7698076923076923,0.77,,52.0,2,False
2026-03-03 19:54:30+00:00,,,,,,,,0.7698076923076923,0.77,,0.0,0,False
2026-03-03 19:55:00+00:00,,,,,,,,0.7698076923076923,0.77,,0.0,0,False
2026-03-03 19:55:30+00:00,,,,,,,,0.7600000000000001,0.76,,3.0,1,False
2026-03-03 19:56:00+00:00,,,,,,,,0.77,0.77,,81.0,2,False
2026-03-03 19:56:30+00:00,,,,,,,,0.77,0.77,,1.0,1,False
2026-03-03 19:57:00+00:00,,,,,,,,0.76,0.76,,4.0,1,False
2026-03-03 19:57:30+00:00,,,,,,,,0.7630303030303031,0.76,,33.0,3,False
2026-03-03 19:58:00+00:00,,,,,,,,0.77,0.77,,1111.0,2,False
2026-03-03 19:58:30+00:00,,,,,,,,0.77,0.77,,0.0,0,False
2026-03-03 19:59:00+00:00,,,,,,,,0.77,0.77,,205.0,2,False
2026-03-03 19:59:30+00:00,,,,,,,,0.77,0.77,,12.0,1,False
2026-03-03 20:00:00+00:00,,,,,,,,0.76,0.76,,115.0,1,False
2026-03-03 20:00:30+00:00,,,,,,,,0.76,0.76,,197.0,1,False
2026-03-03 20:01:00+00:00,,,,,,,,0.77,0.77,,6.0,1,False
2026-03-03 20:01:30+00:00,,,,,,,,0.77,0.77,,159.0,1,False
2026-03-03 20:02:00+00:00,,,,,,,,0.77,0.77,,0.0,0,False
2026-03-03 20:02:30+00:00,,,,,,,,0.77,0.77,,0.0,0,False
2026-03-03 20:03:00+00:00,,,,,,,,0.77,0.77,,0.0,0,False
2026-03-03 20:03:30+00:00,,,,,,,,0.77,0.77,,10.0,1,False
2026-03-03 20:04:00+00:00,,,,,,,,0.77,0.77,,6.0,1,False
2026-03-03 20:04:30+00:00,,,,,,,,0.77,0.77,,34.0,2,False
2026-03-03 20:05:00+00:00,,,,,,,,0.7700000000000001,0.77,,7468.0,1,False
2026-03-03 20:05:30+00:00,,,,,,,,0.77,0.77,,201.0,2,False
2026-03-03 20:06:00+00:00,,,,,,,,0.768,0.77,,15.0,2,False
2026-03-03 20:06:30+00:00,,,,,,,,0.768,0.77,,0.0,0,False
2026-03-03 20:07:00+00:00,,,,,,,,0.768,0.77,,0.0,0,False
2026-03-03 20:07:30+00:00,,,,,,,,0.7698924731182796,0.76,,1023.0,2,False
2026-03-03 20:08:00+00:00,,,,,,,,0.77,0.77,,6.0,1,False
2026-03-03 20:08:30+00:00,,,,,,,,0.77,0.77,,9.0,1,False
2026-03-03 20:09:00+00:00,,,,,,,,0.77,0.77,,31.0,1,False
2026-03-03 20:09:30+00:00,,,,,,,,0.7700000000000001,0.77,,91.0,1,False
2026-03-03 20:10:00+00:00,,,,,,,,0.77,0.77,,191.0,1,False
2026-03-03 20:10:30+00:00,,,,,,,,0.7623529411764707,0.77,,51.0,2,False
2026-03-03 20:11:00+00:00,,,,,,,,0.7667567567567568,0.76,,37.0,2,False
2026-03-03 20:11:30+00:00,,,,,,,,0.77,0.77,,129.0,5,False
2026-03-03 20:12:00+00:00,,,,,,,,0.77,0.77,,0.0,0,False
2026-03-03 20:12:30+00:00,,,,,,,,0.77,0.77,,50.0,1,False
2026-03-03 20:13:00+00:00,,,,,,,,0.77,0.77,,0.0,0,False
2026-03-03 20:13:30+00:00,,,,,,,,0.77,0.77,,6.0,1,False
2026-03-03 20:14:00+00:00,,,,,,,,0.77,0.77,,72.0,2,False
2026-03-03 20:14:30+00:00,,,,,,,,0.77,0.77,,0.0,0,False
2026-03-03 20:15:00+00:00,,,,,,,,0.77,0.77,,36.0,2,False
2026-03-03 20:15:30+00:00,,,,,,,,0.77,0.77,,2.0,1,False
2026-03-03 20:16:00+00:00,,,,,,,,0.7620833333333333,0.76,,24.0,2,False
2026-03-03 20:16:30+00:00,,,,,,,,0.77,0.77,,391.0,1,False
2026-03-03 20:17:00+00:00,,,,,,,,0.7700000000000001,0.77,,42.0,2,False
2026-03-03 20:17:30+00:00,,,,,,,,0.7700000000000001,0.77,,0.0,0,False
2026-03-03 20:18:00+00:00,,,,,,,,0.77,0.77,,142.0,3,False
2026-03-03 20:18:30+00:00,,,,,,,,0.7626666666666666,0.76,,15.0,2,False
2026-03-03 20:19:00+00:00,,,,,,,,0.77,0.77,,126.0,1,False
2026-03-03 20:19:30+00:00,,,,,,,,0.77,0.77,,37.0,2,False
2026-03-03 20:20:00+00:00,,,,,,,,0.77,0.77,,0.0,0,False
2026-03-03 20:20:30+00:00,,,,,,,,0.77,0.77,,1.0,1,False
2026-03-03 20:21:00+00:00,,,,,,,,0.7647297297297297,0.77,,74.0,3,False
2026-03-03 20:21:30+00:00,,,,,,,,0.7647297297297297,0.77,,0.0,0,False
2026-03-03 20:22:00+00:00,,,,,,,,0.77,0.77,,32.0,2,False
2026-03-03 20:22:30+00:00,,,,,,,,0.77,0.77,,1.0,1,False
2026-03-03 20:23:00+00:00,,,,,,,,0.77,0.77,,151.0,2,False
2026-03-03 20:23:30+00:00,,,,,,,,0.77,0.77,,0.0,0,False
2026-03-03 20:24:00+00:00,,,,,,,,0.77,0.77,,12.0,1,False
2026-03-03 20:24:30+00:00,,,,,,,,0.77,0.77,,0.0,0,False
2026-03-03 20:25:00+00:00,,,,,,,,0.77,0.77,,0.0,0,False
2026-03-03 20:25:30+00:00,,,,,,,,0.77,0.77,,12.0,1,False
2026-03-03 20:26:00+00:00,,,,,,,,0.7634285714285713,0.77,,35.0,2,False
2026-03-03 20:26:30+00:00,,,,,,,,0.77,0.77,,187.0,2,False
2026-03-03 20:27:00+00:00,,,,,,,,0.77,0.77,,136.0,2,False
2026-03-03 20:27:30+00:00,,,,,,,,0.77,0.77,,443.0,2,False
2026-03-03 20:28:00+00:00,,,,,,,,0.77,0.77,,44.0,1,False
2026-03-03 20:28:30+00:00,,,,,,,,0.77,0.77,,126.0,2,False
2026-03-03 20:29:00+00:00,,,,,,,,0.77,0.77,,63.0,1,False
2026-03-03 20:29:30+00:00,,,,,,,,0.77,0.77,,12.0,1,False
2026-03-03 20:30:00+00:00,,,,,,,,0.77,0.77,,0.0,0,False
2026-03-03 20:30:30+00:00,,,,,,,,0.77,0.77,,0.0,0,False
2026-03-03 20:31:00+00:00,,,,,,,,0.7662500000000001,0.77,,8.0,2,False
2026-03-03 20:31:30+00:00,,,,,,,,0.7662500000000001,0.77,,0.0,0,False
2026-03-03 20:32:00+00:00,,,,,,,,0.7662500000000001,0.77,,0.0,0,False
2026-03-03 20:32:30+00:00,,,,,,,,0.76,0.76,,1.0,1,False
2026-03-03 20:33:00+00:00,,,,,,,,0.77,0.77,,158.0,1,False
2026-03-03 20:33:30+00:00,,,,,,,,0.77,0.77,,35.0,2,False
2026-03-03 20:34:00+00:00,,,,,,,,0.7699999999999999,0.77,,177.0,2,False
2026-03-03 20:34:30+00:00,,,,,,,,0.7699999999999999,0.77,,0.0,0,False
2026-03-03 20:35:00+00:00,,,,,,,,0.7699999999999999,0.77,,0.0,0,False
2026-03-03 20:35:30+00:00,,,,,,,,0.77,0.77,,316.0,1,False
2026-03-03 20:36:00+00:00,,,,,,,,0.765,0.76,,6.0,2,False
2026-03-03 20:36:30+00:00,,,,,,,,0.76,0.76,,14.0,1,False
2026-03-03 20:37:00+00:00,,,,,,,,0.76,0.76,,0.0,0,False
2026-03-03 20:37:30+00:00,,,,,,,,0.77,0.77,,2.0,1,False
2026-03-03 20:38:00+00:00,,,,,,,,0.7698240469208211,0.77,,341.0,3,False
2026-03-03 20:38:30+00:00,,,,,,,,0.77,0.77,,133.0,3,False
2026-03-03 20:39:00+00:00,,,,,,,,0.77,0.77,,0.0,0,False
2026-03-03 20:39:30+00:00,,,,,,,,0.7699999999999999,0.77,,746.0,1,False
2026-03-03 20:40:00+00:00,,,,,,,,0.7699999999999999,0.77,,0.0,0,False
2026-03-03 20:40:30+00:00,,,,,,,,0.7699999999999999,0.77,,0.0,0,False
2026-03-03 20:41:00+00:00,,,,,,,,0.7699999999999999,0.77,,0.0,0,False
2026-03-03 20:41:30+00:00,,,,,,,,0.77,0.77,,33.0,1,False
2026-03-03 20:42:00+00:00,,,,,,,,0.7678431372549019,0.76,,51.0,2,False
2026-03-03 20:42:30+00:00,,,,,,,,0.77,0.77,,95.0,1,False
2026-03-03 20:43:00+00:00,,,,,,,,0.77,0.77,,12.0,1,False
2026-03-03 20:43:30+00:00,,,,,,,,0.7654545454545455,0.76,,22.0,3,False
2026-03-03 20:44:00+00:00,,,,,,,,0.77,0.77,,31.0,1,False
2026-03-03 20:44:30+00:00,,,,,,,,0.7698181818181818,0.77,,110.0,4,False
2026-03-03 20:45:00+00:00,,,,,,,,0.7698181818181818,0.77,,0.0,0,False
2026-03-03 20:45:30+00:00,,,,,,,,0.7698181818181818,0.77,,0.0,0,False
2026-03-03 20:46:00+00:00,,,,,,,,0.7698181818181818,0.77,,0.0,0,False
2026-03-03 20:46:30+00:00,,,,,,,,0.77,0.77,,1.0,1,False
2026-03-03 20:47:00+00:00,,,,,,,,0.77,0.77,,0.0,0,False
2026-03-03 20:47:30+00:00,,,,,,,,0.77,0.77,,9.0,2,False
2026-03-03 20:48:00+00:00,,,,,,,,0.77,0.77,,62.0,3,False
2026-03-03 20:48:30+00:00,,,,,,,,0.77,0.77,,319.0,2,False
2026-03-03 20:49:00+00:00,,,,,,,,0.77,0.77,,1251.0,1,False
2026-03-03 20:49:30+00:00,,,,,,,,0.77,0.77,,0.0,0,False
2026-03-03 20:50:00+00:00,,,,,,,,0.7599999999999999,0.76,,110.0,4,False
2026-03-03 20:50:30+00:00,,,,,,,,0.77,0.77,,17.0,2,False
2026-03-03 20:51:00+00:00,,,,,,,,0.77,0.77,,0.0,0,False
2026-03-03 20:51:30+00:00,,,,,,,,0.76,0.76,,19.0,1,False
2026-03-03 20:52:00+00:00,,,,,,,,0.77,0.77,,63.0,1,False
2026-03-03 20:52:30+00:00,,,,,,,,0.77,0.77,,1010.0,2,False
2026-03-03 20:53:00+00:00,,,,,,,,0.77,0.77,,0.0,0,False
2026-03-03 20:53:30+00:00,,,,,,,,0.77,0.77,,0.0,0,False
2026-03-03 20:54:00+00:00,,,,,,,,0.7699923136049194,0.77,,2602.0,3,False
2026-03-03 20:54:30+00:00,,,,,,,,0.77,0.77,,156.0,2,False
2026-03-03 20:55:00+00:00,,,,,,,,0.77,0.77,,115.0,1,False
2026-03-03 20:55:30+00:00,,,,,,,,0.7696682464454977,0.76,,211.0,3,False
2026-03-03 20:56:00+00:00,,,,,,,,0.76,0.76,,39.0,1,False
2026-03-03 20:56:30+00:00,,,,,,,,0.76,0.76,,0.0,0,False
2026-03-03 20:57:00+00:00,,,,,,,,0.7660176991150442,0.77,,113.0,2,False
2026-03-03 20:57:30+00:00,,,,,,,,0.7660176991150442,0.77,,0.0,0,False
2026-03-03 20:58:00+00:00,,,,,,,,0.7660176991150442,0.77,,0.0,0,False
2026-03-03 20:58:30+00:00,,,,,,,,0.7699999999999999,0.77,,47.0,2,False
2026-03-03 20:59:00+00:00,,,,,,,,0.7698153846153846,0.76,,650.0,3,False
2026-03-03 20:59:30+00:00,,,,,,,,0.7600000000000002,0.76,,72.0,6,False
2026-03-03 21:00:00+00:00,,,,,,,,0.7680964467005076,0.76,,394.0,5,False
2026-03-03 21:00:30+00:00,,,,,,,,0.7680964467005076,0.76,,0.0,0,False
2026-03-03 21:01:00+00:00,,,,,,,,0.77,0.77,,12.0,1,False
2026-03-03 21:01:30+00:00,,,,,,,,0.7700000000000001,0.77,,56.0,1,False
2026-03-03 21:02:00+00:00,,,,,,,,0.7700000000000001,0.77,,0.0,0,False
2026-03-03 21:02:30+00:00,,,,,,,,0.7700000000000001,0.77,,0.0,0,False
2026-03-03 21:03:00+00:00,,,,,,,,0.765,0.76,,4.0,2,False
2026-03-03 21:03:30+00:00,,,,,,,,0.765,0.76,,0.0,0,False
2026-03-03 21:04:00+00:00,,,,,,,,0.765,0.76,,0.0,0,False
2026-03-03 21:04:30+00:00,,,,,,,,0.765,0.76,,0.0,0,False
2026-03-03 21:05:00+00:00,,,,,,,,0.77,0.77,,1265.0,2,False
2026-03-03 21:05:30+00:00,,,,,,,,0.77,0.77,,89.0,3,False
2026-03-03 21:06:00+00:00,,,,,,,,0.7635294117647059,0.77,,17.0,2,False
2026-03-03 21:06:30+00:00,,,,,,,,0.77,0.77,,12.0,1,False
2026-03-03 21:07:00+00:00,,,,,,,,0.77,0.77,,894.0,1,False
2026-03-03 21:07:30+00:00,,,,,,,,0.7699999999999999,0.77,,816.0,3,False
2026-03-03 21:08:00+00:00,,,,,,,,0.7699999999999999,0.77,,0.0,0,False
2026-03-03 21:08:30+00:00,,,,,,,,0.7699999999999999,0.77,,0.0,0,False
2026-03-03 21:09:00+00:00,,,,,,,,0.77,0.77,,5.0,2,False
2026-03-03 21:09:30+00:00,,,,,,,,0.77,0.77,,0.0,0,False
2026-03-03 21:10:00+00:00,,,,,,,,0.77,0.77,,0.0,0,False
2026-03-03 21:10:30+00:00,,,,,,,,0.77,0.77,,39.0,3,False
2026-03-03 21:11:00+00:00,,,,,,,,0.77,0.77,,12.0,1,False
2026-03-03 21:11:30+00:00,,,,,,,,0.77,0.77,,6.0,1,False
2026-03-03 21:12:00+00:00,,,,,,,,0.77,0.77,,201.0,2,False
2026-03-03 21:12:30+00:00,,,,,,,,0.7666071428571428,0.77,,56.0,3,False
2026-03-03 21:13:00+00:00,,,,,,,,0.7666071428571428,0.77,,0.0,0,False
2026-03-03 21:13:30+00:00,,,,,,,,0.7666071428571428,0.77,,0.0,0,False
2026-03-03 21:14:00+00:00,,,,,,,,0.77,0.77,,68.0,1,False
2026-03-03 21:14:30+00:00,,,,,,,,0.77,0.77,,0.0,0,False
2026-03-03 21:15:00+00:00,,,,,,,,0.77,0.77,,25.0,1,False
2026-03-03 21:15:30+00:00,,,,,,,,0.77,0.77,,1.0,1,False
2026-03-03 21:16:00+00:00,,,,,,,,0.76,0.76,,10.0,1,False
2026-03-03 21:16:30+00:00,,,,,,,,0.77,0.77,,126.0,1,False
2026-03-03 21:17:00+00:00,,,,,,,,0.77,0.77,,25.0,1,False
2026-03-03 21:17:30+00:00,,,,,,,,0.76,0.76,,7.0,1,False
2026-03-03 21:18:00+00:00,,,,,,,,0.77,0.77,,6.0,1,False
2026-03-03 21:18:30+00:00,,,,,,,,0.77,0.77,,5.0,1,False
2026-03-03 21:19:00+00:00,,,,,,,,0.77,0.77,,22.0,2,False
2026-03-03 21:19:30+00:00,,,,,,,,0.76,0.76,,19.0,1,False
2026-03-03 21:20:00+00:00,,,,,,,,0.77,0.77,,6.0,1,False
2026-03-03 21:20:30+00:00,,,,,,,,0.77,0.77,,0.0,0,False
2026-03-03 21:21:00+00:00,,,,,,,,0.77,0.77,,0.0,0,False
2026-03-03 21:21:30+00:00,,,,,,,,0.77,0.77,,50.0,2,False
2026-03-03 21:22:00+00:00,,,,,,,,0.7631578947368421,0.76,,38.0,3,False
2026-03-03 21:22:30+00:00,,,,,,,,0.76,0.76,,39.0,2,False
2026-03-03 21:23:00+00:00,,,,,,,,0.76,0.76,,0.0,0,False
2026-03-03 21:23:30+00:00,,,,,,,,0.77,0.77,,12.0,1,False
2026-03-03 21:24:00+00:00,,,,,,,,0.77,0.77,,100.0,1,False
2026-03-03 21:24:30+00:00,,,,,,,,0.76,0.76,,19.0,1,False
2026-03-03 21:25:00+00:00,,,,,,,,0.76,0.76,,0.0,0,False
2026-03-03 21:25:30+00:00,,,,,,,,0.77,0.77,,421.0,3,False
2026-03-03 21:26:00+00:00,,,,,,,,0.77,0.77,,33.0,2,False
2026-03-03 21:26:30+00:00,,,,,,,,0.7697681451612904,0.77,,992.0,4,False
2026-03-03 21:27:00+00:00,,,,,,,,0.77,0.77,,31.0,1,False
2026-03-03 21:27:30+00:00,,,,,,,,0.77,0.77,,17.0,3,False
2026-03-03 21:28:00+00:00,,,,,,,,0.768663500678426,0.77,,1474.0,4,False
2026-03-03 21:28:30+00:00,,,,,,,,0.7697409326424871,0.76,,1351.0,3,False
2026-03-03 21:29:00+00:00,,,,,,,,0.77,0.77,,10.0,1,False
2026-03-03 21:29:30+00:00,,,,,,,,0.766860465116279,0.77,,258.0,5,False
2026-03-03 21:30:00+00:00,,,,,,,,0.7672857142857143,0.76,,70.0,3,False
2026-03-03 21:30:30+00:00,,,,,,,,0.7700000000000001,0.77,,7.0,2,False
2026-03-03 21:31:00+00:00,,,,,,,,0.77,0.77,,477.0,1,False
2026-03-03 21:31:30+00:00,,,,,,,,0.76,0.76,,50.0,1,False
2026-03-03 21:32:00+00:00,,,,,,,,0.76,0.76,,19.0,1,False
2026-03-03 21:32:30+00:00,,,,,,,,0.76,0.76,,185.0,1,False
2026-03-03 21:33:00+00:00,,,,,,,,0.76,0.76,,0.0,0,False
2026-03-03 21:33:30+00:00,,,,,,,,0.76,0.76,,0.0,0,False
2026-03-03 21:34:00+00:00,,,,,,,,0.7600000000000001,0.76,,254.0,4,False
2026-03-03 21:34:30+00:00,,,,,,,,0.77,0.77,,37.0,1,False
2026-03-03 21:35:00+00:00,,,,,,,,0.77,0.77,,0.0,0,False
2026-03-03 21:35:30+00:00,,,,,,,,0.7633333333333334,0.76,,21.0,2,False
2026-03-03 21:36:00+00:00,,,,,,,,0.77,0.77,,189.0,3,False
2026-03-03 21:36:30+00:00,,,,,,,,0.77,0.77,,1.0,1,False
2026-03-03 21:37:00+00:00,,,,,,,,0.77,0.77,,17.0,1,False
2026-03-03 21:37:30+00:00,,,,,,,,0.77,0.77,,6.0,1,False
2026-03-03 21:38:00+00:00,,,,,,,,0.77,0.77,,41.0,2,False
2026-03-03 21:38:30+00:00,,,,,,,,0.77,0.77,,0.0,0,False
2026-03-03 21:39:00+00:00,,,,,,,,0.7539364303178483,0.77,,409.0,4,False
2026-03-03 21:39:30+00:00,,,,,,,,0.75,0.75,,600.0,1,False
2026-03-03 21:40:00+00:00,,,,,,,,0.77,0.77,,25.0,1,False
2026-03-03 21:40:30+00:00,,,,,,,,0.77,0.77,,1.0,1,False
2026-03-03 21:41:00+00:00,,,,,,,,0.77,0.77,,63.0,1,False
2026-03-03 21:41:30+00:00,,,,,,,,0.77,0.77,,43.0,2,False
2026-03-03 21:42:00+00:00,,,,,,,,0.75,0.75,,18.0,1,False
2026-03-03 21:42:30+00:00,,,,,,,,0.77,0.77,,89.0,3,False
2026-03-03 21:43:00+00:00,,,,,,,,0.77,0.77,,6.0,2,False
2026-03-03 21:43:30+00:00,,,,,,,,0.77,0.77,,0.0,0,False
2026-03-03 21:44:00+00:00,,,,,,,,0.7695973154362417,0.77,,298.0,3,False
2026-03-03 21:44:30+00:00,,,,,,,,0.76,0.76,,34.0,3,False
2026-03-03 21:45:00+00:00,,,,,,,,0.7681818181818181,0.77,,44.0,3,False
2026-03-03 21:45:30+00:00,,,,,,,,0.77,0.77,,11.0,1,False
2026-03-03 21:46:00+00:00,,,,,,,,0.7700000000000001,0.77,,1531.0,3,False
2026-03-03 21:46:30+00:00,,,,,,,,0.7700000000000001,0.77,,15536.0,3,False
2026-03-03 21:47:00+00:00,,,,,,,,0.77,0.77,,50.0,1,False
2026-03-03 21:47:30+00:00,,,,,,,,0.77,0.77,,2.0,1,False
2026-03-03 21:48:00+00:00,,,,,,,,0.77,0.77,,0.0,0,False
2026-03-03 21:48:30+00:00,,,,,,,,0.77,0.77,,0.0,0,False
2026-03-03 21:49:00+00:00,,,,,,,,0.77,0.77,,1.0,1,False
2026-03-03 21:49:30+00:00,,,,,,,,0.77,0.77,,0.0,0,False
2026-03-03 21:50:00+00:00,,,,,,,,0.7619354838709678,0.77,,31.0,4,False
2026-03-03 21:50:30+00:00,,,,,,,,0.7660765550239235,0.77,,209.0,5,False
2026-03-03 21:51:00+00:00,,,,,,,,0.7696963123644252,0.77,,461.0,3,False
2026-03-03 21:51:30+00:00,,,,,,,,0.7696963123644252,0.77,,0.0,0,False
2026-03-03 21:52:00+00:00,,,,,,,,0.77,0.77,,37.0,1,False
2026-03-03 21:52:30+00:00,,,,,,,,0.77,0.77,,0.0,0,False
2026-03-03 21:53:00+00:00,,,,,,,,0.75,0.75,,83.0,1,False
2026-03-03 21:53:30+00:00,,,,,,,,0.77,0.77,,6.0,1,False
2026-03-03 21:54:00+00:00,,,,,,,,0.77,0.77,,0.0,0,False
2026-03-03 21:54:30+00:00,,,,,,,,0.77,0.77,,1.0,1,False
2026-03-03 21:55:00+00:00,,,,,,,,0.77,0.77,,10.0,1,False
2026-03-03 21:55:30+00:00,,,,,,,,0.77,0.77,,0.0,0,False
2026-03-03 21:56:00+00:00,,,,,,,,0.77,0.77,,69.0,2,False
2026-03-03 21:56:30+00:00,,,,,,,,0.77,0.77,,5.0,1,False
2026-03-03 21:57:00+00:00,,,,,,,,0.7566666666666667,0.75,,60.0,3,False
2026-03-03 21:57:30+00:00,,,,,,,,0.77,0.77,,23.0,3,False
2026-03-03 21:58:00+00:00,,,,,,,,0.77,0.77,,63.0,1,False
2026-03-03 21:58:30+00:00,,,,,,,,0.77,0.77,,33.0,2,False
2026-03-03 21:59:00+00:00,,,,,,,,0.77,0.77,,0.0,0,False
2026-03-03 21:59:30+00:00,,,,,,,,0.77,0.77,,146.0,3,False
2026-03-03 22:00:00+00:00,,,,,,,,0.77,0.77,,0.0,0,False
2026-03-03 22:00:30+00:00,,,,,,,,0.77,0.77,,0.0,0,False
2026-03-03 22:01:00+00:00,,,,,,,,0.77,0.77,,1.0,1,False
2026-03-03 22:01:30+00:00,,,,,,,,0.7628571428571428,0.77,,140.0,2,False
2026-03-03 22:02:00+00:00,,,,,,,,0.77,0.77,,43.0,3,False
2026-03-03 22:02:30+00:00,,,,,,,,0.77,0.77,,140.0,1,False
2026-03-03 22:03:00+00:00,,,,,,,,0.764232558139535,0.77,,215.0,4,False
2026-03-03 22:03:30+00:00,,,,,,,,0.7699999999999999,0.77,,37.0,2,False
2026-03-03 22:04:00+00:00,,,,,,,,0.7600000000000001,0.76,,3.0,1,False
2026-03-03 22:04:30+00:00,,,,,,,,0.77,0.77,,8.0,2,False
2026-03-03 22:05:00+00:00,,,,,,,,0.7662244897959184,0.76,,98.0,4,False
2026-03-03 22:05:30+00:00,,,,,,,,0.7662244897959184,0.76,,0.0,0,False
2026-03-03 22:06:00+00:00,,,,,,,,0.7699464012251148,0.77,,1306.0,5,False
2026-03-03 22:06:30+00:00,,,,,,,,0.77,0.77,,212.0,2,False
2026-03-03 22:07:00+00:00,,,,,,,,0.77,0.77,,0.0,0,False
2026-03-03 22:07:30+00:00,,,,,,,,0.77,0.77,,6.0,1,False
2026-03-03 22:08:00+00:00,,,,,,,,0.77,0.77,,63.0,1,False
2026-03-03 22:08:30+00:00,,,,,,,,0.77,0.77,,54.0,2,False
2026-03-03 22:09:00+00:00,,,,,,,,0.76,0.76,,40.0,2,False
2026-03-03 22:09:30+00:00,,,,,,,,0.76,0.76,,0.0,0,False
2026-03-03 22:10:00+00:00,,,,,,,,0.76,0.76,,0.0,0,False
2026-03-03 22:10:30+00:00,,,,,,,,0.77,0.77,,137.0,3,False
2026-03-03 22:11:00+00:00,,,,,,,,0.7700000000000001,0.77,,1927.0,2,False
2026-03-03 22:11:30+00:00,,,,,,,,0.75,0.75,,7.0,1,False
2026-03-03 22:12:00+00:00,,,,,,,,0.75,0.75,,0.0,0,False
2026-03-03 22:12:30+00:00,,,,,,,,0.77,0.77,,126.0,2,False
2026-03-03 22:13:00+00:00,,,,,,,,0.7699999999999999,0.77,,14.0,2,False
2026-03-03 22:13:30+00:00,,,,,,,,0.767875,0.76,,80.0,2,False
2026-03-03 22:14:00+00:00,,,,,,,,0.7689285714285715,0.76,,28.0,2,False
2026-03-03 22:14:30+00:00,,,,,,,,0.77,0.77,,63.0,1,False
2026-03-03 22:15:00+00:00,,,,,,,,0.77,0.77,,0.0,0,False
2026-03-03 22:15:30+00:00,,,,,,,,0.77,0.77,,3.0,1,False
2026-03-03 22:16:00+00:00,,,,,,,,0.77,0.77,,0.0,0,False
2026-03-03 22:16:30+00:00,,,,,,,,0.7540646651270208,0.76,,433.0,3,False
2026-03-03 22:17:00+00:00,,,,,,,,0.77,0.77,,38.0,1,False
2026-03-03 22:17:30+00:00,,,,,,,,0.7688288288288289,0.75,,222.0,3,False
2026-03-03 22:18:00+00:00,,,,,,,,0.77,0.77,,25.0,1,False
2026-03-03 22:18:30+00:00,,,,,,,,0.7545544554455447,0.76,,202.0,4,False
2026-03-03 22:19:00+00:00,,,,,,,,0.7692424242424242,0.75,,132.0,3,False
2026-03-03 22:19:30+00:00,,,,,,,,0.7699999999999999,0.77,,69.0,2,False
2026-03-03 22:20:00+00:00,,,,,,,,0.750139043381535,0.75,,3596.0,2,False
2026-03-03 22:20:30+00:00,,,,,,,,0.77,0.77,,64.0,3,False
2026-03-03 22:21:00+00:00,,,,,,,,0.77,0.77,,37.0,2,False
2026-03-03 22:21:30+00:00,,,,,,,,0.77,0.77,,10.0,1,False
2026-03-03 22:22:00+00:00,,,,,,,,0.77,0.77,,0.0,0,False
2026-03-03 22:22:30+00:00,,,,,,,,0.77,0.77,,0.0,0,False
2026-03-03 22:23:00+00:00,,,,,,,,0.77,0.77,,0.0,0,False
2026-03-03 22:23:30+00:00,,,,,,,,0.77,0.77,,214.0,2,False
2026-03-03 22:24:00+00:00,,,,,,,,0.7700000000000001,0.77,,47.0,5,False
2026-03-03 22:24:30+00:00,,,,,,,,0.7672284644194757,0.75,,1335.0,2,False
2026-03-03 22:25:00+00:00,,,,,,,,0.7672284644194757,0.75,,0.0,0,False
2026-03-03 22:25:30+00:00,,,,,,,,0.77,0.77,,63.0,1,False
2026-03-03 22:26:00+00:00,,,,,,,,0.7700000000000001,0.77,,701.0,5,False
2026-03-03 22:26:30+00:00,,,,,,,,0.77,0.77,,3.0,1,False
2026-03-03 22:27:00+00:00,,,,,,,,0.75,0.75,,15.0,1,False
2026-03-03 22:27:30+00:00,,,,,,,,0.7698673469387755,0.77,,1960.0,6,False
2026-03-03 22:28:00+00:00,,,,,,,,0.77,0.77,,145.0,2,False
2026-03-03 22:28:30+00:00,,,,,,,,0.77,0.77,,0.0,0,False
2026-03-03 22:29:00+00:00,,,,,,,,0.77,0.77,,0.0,0,False
2026-03-03 22:29:30+00:00,,,,,,,,0.7527619047619046,0.76,,105.0,2,False
2026-03-03 22:30:00+00:00,,,,,,,,0.7545454545454545,0.76,,77.0,4,False
2026-03-03 22:30:30+00:00,,,,,,,,0.7675423728813558,0.77,,118.0,5,False
2026-03-03 22:31:00+00:00,,,,,,,,0.77,0.77,,126.0,1,False
2026-03-03 22:31:30+00:00,,,,,,,,0.77,0.77,,151.0,1,False
2026-03-03 22:32:00+00:00,,,,,,,,0.7700000000000001,0.77,,5099.0,2,False
2026-03-03 22:32:30+00:00,,,,,,,,0.77,0.77,,6.0,1,False
2026-03-03 22:33:00+00:00,,,,,,,,0.75,0.75,,3.0,1,False
2026-03-03 22:33:30+00:00,,,,,,,,0.77,0.77,,365.0,2,False
2026-03-03 22:34:00+00:00,,,,,,,,0.77,0.77,,0.0,0,False
2026-03-03 22:34:30+00:00,,,,,,,,0.7518181818181819,0.75,,33.0,3,False
2026-03-03 22:35:00+00:00,,,,,,,,0.77,0.77,,1.0,1,False
2026-03-03 22:35:30+00:00,,,,,,,,0.77,0.77,,6.0,1,False
2026-03-03 22:36:00+00:00,,,,,,,,0.751413043478261,0.77,,184.0,3,False
2026-03-03 22:36:30+00:00,,,,,,,,0.75,0.75,,3.0,1,False
2026-03-03 22:37:00+00:00,,,,,,,,0.7629166666666668,0.77,,48.0,2,False
2026-03-03 22:37:30+00:00,,,,,,,,0.750377358490566,0.75,,53.0,3,False
2026-03-03 22:38:00+00:00,,,,,,,,0.7541666666666667,0.75,,120.0,2,False
2026-03-03 22:38:30+00:00,,,,,,,,0.77,0.77,,35.0,2,False
2026-03-03 22:39:00+00:00,,,,,,,,0.77,0.77,,12.0,1,False
2026-03-03 22:39:30+00:00,,,,,,,,0.7581896551724138,0.77,,232.0,3,False
2026-03-03 22:40:00+00:00,,,,,,,,0.77,0.77,,25.0,1,False
2026-03-03 22:40:30+00:00,,,,,,,,0.77,0.77,,31.0,1,False
2026-03-03 22:41:00+00:00,,,,,,,,0.77,0.77,,0.0,0,False
2026-03-03 22:41:30+00:00,,,,,,,,0.77,0.77,,1.0,1,False
2026-03-03 22:42:00+00:00,,,,,,,,0.77,0.77,,195.0,2,False
2026-03-03 22:42:30+00:00,,,,,,,,0.75,0.75,,4.0,2,False
2026-03-03 22:43:00+00:00,,,,,,,,0.77,0.77,,22.0,1,False
2026-03-03 22:43:30+00:00,,,,,,,,0.77,0.77,,38.0,1,False
2026-03-03 22:44:00+00:00,,,,,,,,0.7693333333333334,0.75,,150.0,2,False
2026-03-03 22:44:30+00:00,,,,,,,,0.7693333333333334,0.75,,0.0,0,False
2026-03-03 22:45:00+00:00,,,,,,,,0.7693333333333334,0.75,,0.0,0,False
2026-03-03 22:45:30+00:00,,,,,,,,0.75,0.75,,3.0,1,False
2026-03-03 22:46:00+00:00,,,,,,,,0.77,0.77,,48.0,3,False
2026-03-03 22:46:30+00:00,,,,,,,,0.77,0.77,,6.0,1,False
2026-03-03 22:47:00+00:00,,,,,,,,0.77,0.77,,0.0,0,False
2026-03-03 22:47:30+00:00,,,,,,,,0.77,0.77,,737.0,3,False
2026-03-03 22:48:00+00:00,,,,,,,,0.77,0.77,,157.0,1,False
2026-03-03 22:48:30+00:00,,,,,,,,0.75,0.75,,180.0,2,False
2026-03-03 22:49:00+00:00,,,,,,,,0.77,0.77,,13.0,2,False
2026-03-03 22:49:30+00:00,,,,,,,,0.7526291079812206,0.77,,213.0,4,False
2026-03-03 22:50:00+00:00,,,,,,,,0.77,0.77,,1.0,1,False
2026-03-03 22:50:30+00:00,,,,,,,,0.77,0.77,,1.0,1,False
2026-03-03 22:51:00+00:00,,,,,,,,0.77,0.77,,6.0,1,False
2026-03-03 22:51:30+00:00,,,,,,,,0.77,0.77,,57.0,1,False
2026-03-03 22:52:00+00:00,,,,,,,,0.77,0.77,,0.0,0,False
2026-03-03 22:52:30+00:00,,,,,,,,0.75,0.75,,38.0,1,False
2026-03-03 22:53:00+00:00,,,,,,,,0.75,0.75,,0.0,0,False
2026-03-03 22:53:30+00:00,,,,,,,,0.7626315789473684,0.75,,19.0,2,False
2026-03-03 22:54:00+00:00,,,,,,,,0.7563157894736843,0.75,,38.0,2,False
2026-03-03 22:54:30+00:00,,,,,,,,0.75,0.75,,142.0,2,False
2026-03-03 22:55:00+00:00,,,,,,,,0.77,0.77,,13.0,1,False
2026-03-03 22:55:30+00:00,,,,,,,,0.75,0.75,,38.0,1,False
2026-03-03 22:56:00+00:00,,,,,,,,0.7527272727272727,0.77,,44.0,2,False
2026-03-03 22:56:30+00:00,,,,,,,,0.75,0.75,,38.0,2,False
2026-03-03 22:57:00+00:00,,,,,,,,0.7680851063829788,0.77,,188.0,4,False
2026-03-03 22:57:30+00:00,,,,,,,,0.7680851063829788,0.77,,0.0,0,False
2026-03-03 22:58:00+00:00,,,,,,,,0.7680851063829788,0.77,,0.0,0,False
2026-03-03 22:58:30+00:00,,,,,,,,0.77,0.77,,385.0,2,False
2026-03-03 22:59:00+00:00,,,,,,,,0.7527272727272727,0.77,,22.0,3,False
2026-03-03 22:59:30+00:00,,,,,,,,0.7700000000000001,0.77,,14.0,2,False
2026-03-03 23:00:00+00:00,,,,,,,,0.77,0.77,,25.0,1,False
2026-03-03 23:00:30+00:00,,,,,,,,0.77,0.77,,100.0,1,False
2026-03-03 23:01:00+00:00,,,,,,,,0.77,0.77,,0.0,0,False
2026-03-03 23:01:30+00:00,,,,,,,,0.77,0.77,,190.0,2,False
2026-03-03 23:02:00+00:00,,,,,,,,0.750909090909091,0.75,,132.0,2,False
2026-03-03 23:02:30+00:00,,,,,,,,0.75,0.75,,80.0,3,False
2026-03-03 23:03:00+00:00,,,,,,,,0.7700000000000001,0.77,,14.0,1,False
2026-03-03 23:03:30+00:00,,,,,,,,0.7505429864253393,0.75,,221.0,4,False
2026-03-03 23:04:00+00:00,,,,,,,,0.7599999999999999,0.76,,49.0,3,False
2026-03-03 23:04:30+00:00,,,,,,,,0.7509009009009009,0.75,,111.0,3,False
2026-03-03 23:05:00+00:00,,,,,,,,0.7509009009009009,0.75,,0.0,0,False
2026-03-03 23:05:30+00:00,,,,,,,,0.7509009009009009,0.75,,0.0,0,False
2026-03-03 23:06:00+00:00,,,,,,,,0.76,0.76,,80.0,3,False
2026-03-03 23:06:30+00:00,,,,,,,,0.76,0.76,,0.0,0,False
2026-03-03 23:07:00+00:00,,,,,,,,0.76,0.76,,1.0,1,False
2026-03-03 23:07:30+00:00,,,,,,,,0.76,0.76,,34.0,1,False
2026-03-03 23:08:00+00:00,,,,,,,,0.7592105263157894,0.76,,38.0,4,False
2026-03-03 23:08:30+00:00,,,,,,,,0.768103448275862,0.75,,58.0,3,False
2026-03-03 23:09:00+00:00,,,,,,,,0.77,0.77,,12.0,1,False
2026-03-03 23:09:30+00:00,,,,,,,,0.76,0.76,,7.0,1,False
2026-03-03 23:10:00+00:00,,,,,,,,0.77,0.77,,228.0,1,False
2026-03-03 23:10:30+00:00,,,,,,,,0.77,0.77,,5.0,1,False
2026-03-03 23:11:00+00:00,,,,,,,,0.7693939393939395,0.77,,231.0,5,False
2026-03-03 23:11:30+00:00,,,,,,,,0.7699867374005305,0.77,,754.0,3,False
2026-03-03 23:12:00+00:00,,,,,,,,0.7696923076923077,0.77,,65.0,3,False
2026-03-03 23:12:30+00:00,,,,,,,,0.765,0.76,,14.0,2,False
2026-03-03 23:13:00+00:00,,,,,,,,0.765,0.76,,0.0,0,False
2026-03-03 23:13:30+00:00,,,,,,,,0.77,0.77,,6.0,1,False
2026-03-03 23:14:00+00:00,,,,,,,,0.77,0.77,,303.0,3,False
2026-03-03 23:14:30+00:00,,,,,,,,0.77,0.77,,3.0,2,False
2026-03-03 23:15:00+00:00,,,,,,,,0.77,0.77,,0.0,0,False
2026-03-03 23:15:30+00:00,,,,,,,,0.77,0.77,,61.0,3,False
2026-03-03 23:16:00+00:00,,,,,,,,0.75,0.75,,190.0,1,False
2026-03-03 23:16:30+00:00,,,,,,,,0.77,0.77,,4.0,2,False
2026-03-03 23:17:00+00:00,,,,,,,,0.77,0.77,,0.0,0,False
2026-03-03 23:17:30+00:00,,,,,,,,0.7699999999999999,0.77,,47.0,1,False
2026-03-03 23:18:00+00:00,,,,,,,,0.7697534246575342,0.75,,730.0,3,False
2026-03-03 23:18:30+00:00,,,,,,,,0.75,0.75,,77.0,2,False
2026-03-03 23:19:00+00:00,,,,,,,,0.75,0.75,,111.0,2,False
2026-03-03 23:19:30+00:00,,,,,,,,0.7672222222222222,0.77,,108.0,2,False
2026-03-03 23:20:00+00:00,,,,,,,,0.7674193548387097,0.77,,93.0,4,False
2026-03-03 23:20:30+00:00,,,,,,,,0.7670833333333333,0.77,,168.0,4,False
2026-03-03 23:21:00+00:00,,,,,,,,0.7661009174311926,0.77,,218.0,4,False
2026-03-03 23:21:30+00:00,,,,,,,,0.7661009174311926,0.77,,0.0,0,False
2026-03-03 23:22:00+00:00,,,,,,,,0.77,0.77,,255.0,1,False
2026-03-03 23:22:30+00:00,,,,,,,,0.77,0.77,,1.0,1,False
2026-03-03 23:23:00+00:00,,,,,,,,0.7699999999999999,0.77,,101.0,1,False
2026-03-03 23:23:30+00:00,,,,,,,,0.77,0.77,,82.0,2,False
2026-03-03 23:24:00+00:00,,,,,,,,0.77,0.77,,0.0,0,False
2026-03-03 23:24:30+00:00,,,,,,,,0.77,0.77,,12.0,1,False
2026-03-03 23:25:00+00:00,,,,,,,,0.77,0.77,,32.0,3,False
2026-03-03 23:25:30+00:00,,,,,,,,0.75,0.75,,133.0,1,False
2026-03-03 23:26:00+00:00,,,,,,,,0.7591428571428571,0.77,,70.0,5,False
2026-03-03 23:26:30+00:00,,,,,,,,0.77,0.77,,669.0,2,False
2026-03-03 23:27:00+00:00,,,,,,,,0.77,0.77,,25.0,2,False
2026-03-03 23:27:30+00:00,,,,,,,,0.77,0.77,,25.0,1,False
2026-03-03 23:28:00+00:00,,,,,,,,0.7700000000000001,0.77,,557.0,3,False
2026-03-03 23:28:30+00:00,,,,,,,,0.77,0.77,,1.0,1,False
2026-03-03 23:29:00+00:00,,,,,,,,0.75,0.75,,38.0,1,False
2026-03-03 23:29:30+00:00,,,,,,,,0.77,0.77,,1.0,1,False
2026-03-03 23:30:00+00:00,,,,,,,,0.77,0.77,,149.0,2,False
2026-03-03 23:30:30+00:00,,,,,,,,0.77,0.77,,1.0,1,False
2026-03-03 23:31:00+00:00,,,,,,,,0.7687974683544304,0.77,,158.0,4,False
2026-03-03 23:31:30+00:00,,,,,,,,0.7687974683544304,0.77,,0.0,0,False
2026-03-03 23:32:00+00:00,,,,,,,,0.77,0.77,,35.0,1,False
2026-03-03 23:32:30+00:00,,,,,,,,0.75,0.75,,20.0,1,False
2026-03-03 23:33:00+00:00,,,,,,,,0.75,0.75,,0.0,0,False
2026-03-03 23:33:30+00:00,,,,,,,,0.75,0.75,,19.0,1,False
2026-03-03 23:34:00+00:00,,,,,,,,0.75,0.75,,0.0,0,False
2026-03-03 23:34:30+00:00,,,,,,,,0.77,0.77,,856.0,1,False
2026-03-03 23:35:00+00:00,,,,,,,,0.77,0.77,,0.0,0,False
2026-03-03 23:35:30+00:00,,,,,,,,0.77,0.77,,150.0,1,False
2026-03-03 23:36:00+00:00,,,,,,,,0.77,0.77,,63.0,1,False
2026-03-03 23:36:30+00:00,,,,,,,,0.7581249999999999,0.77,,32.0,2,False
2026-03-03 23:37:00+00:00,,,,,,,,0.77,0.77,,71.0,5,False
2026-03-03 23:37:30+00:00,,,,,,,,0.75,0.75,,81.0,2,False
2026-03-03 23:38:00+00:00,,,,,,,,0.75,0.75,,100.0,1,False
2026-03-03 23:38:30+00:00,,,,,,,,0.75,0.75,,3.0,1,False
2026-03-03 23:39:00+00:00,,,,,,,,0.7669444444444444,0.75,,144.0,3,False
2026-03-03 23:39:30+00:00,,,,,,,,0.7669444444444444,0.75,,0.0,0,False
2026-03-03 23:40:00+00:00,,,,,,,,0.76,0.76,,2.0,1,False
2026-03-03 23:40:30+00:00,,,,,,,,0.76,0.76,,36.0,1,False
2026-03-03 23:41:00+00:00,,,,,,,,0.75,0.75,,76.0,1,False
2026-03-03 23:41:30+00:00,,,,,,,,0.76,0.76,,201.0,4,False
2026-03-03 23:42:00+00:00,,,,,,,,0.76,0.76,,57.0,2,False
2026-03-03 23:42:30+00:00,,,,,,,,0.76,0.76,,0.0,0,False
2026-03-03 23:43:00+00:00,,,,,,,,0.758936170212766,0.76,,141.0,2,False
2026-03-03 23:43:30+00:00,,,,,,,,0.759831546707504,0.76,,653.0,5,False
2026-03-03 23:44:00+00:00,,,,,,,,0.76,0.76,,280.0,4,False
2026-03-03 23:44:30+00:00,,,,,,,,0.76,0.76,,17.0,6,False
2026-03-03 23:45:00+00:00,,,,,,,,0.7599999999999999,0.76,,12.0,3,False
2026-03-03 23:45:30+00:00,,,,,,,,0.752570281124498,0.75,,249.0,2,False
2026-03-03 23:46:00+00:00,,,,,,,,0.75,0.75,,8.0,1,False
2026-03-03 23:46:30+00:00,,,,,,,,0.7576453488372092,0.76,,344.0,3,False
2026-03-03 23:47:00+00:00,,,,,,,,0.76,0.76,,129.0,1,False
2026-03-03 23:47:30+00:00,,,,,,,,0.76,0.76,,0.0,0,False
2026-03-03 23:48:00+00:00,,,,,,,,0.7595686274509805,0.76,,255.0,6,False
2026-03-03 23:48:30+00:00,,,,,,,,0.75,0.75,,46.0,1,False
2026-03-03 23:49:00+00:00,,,,,,,,0.75,0.75,,0.0,0,False
2026-03-03 23:49:30+00:00,,,,,,,,0.7584033613445378,0.76,,119.0,2,False
2026-03-03 23:50:00+00:00,,,,,,,,0.76,0.76,,118.0,3,False
2026-03-03 23:50:30+00:00,,,,,,,,0.76,0.76,,0.0,0,False
2026-03-03 23:51:00+00:00,,,,,,,,0.7581318681318683,0.76,,91.0,4,False
2026-03-03 23:51:30+00:00,,,,,,,,0.7600000000000001,0.76,,12.0,1,False
2026-03-03 23:52:00+00:00,,,,,,,,0.7600000000000001,0.76,,12.0,1,False
2026-03-03 23:52:30+00:00,,,,,,,,0.7600000000000001,0.76,,12.0,1,False
2026-03-03 23:53:00+00:00,,,,,,,,0.76,0.76,,76.0,4,False
2026-03-03 23:53:30+00:00,,,,,,,,0.75232,0.76,,250.0,2,False
2026-03-03 23:54:00+00:00,,,,,,,,0.7564646464646465,0.75,,99.0,2,False
2026-03-03 23:54:30+00:00,,,,,,,,0.7599999999999999,0.76,,434.0,3,False
2026-03-03 23:55:00+00:00,,,,,,,,0.7533333333333333,0.75,,57.0,2,False
2026-03-03 23:55:30+00:00,,,,,,,,0.76,0.76,,153.0,3,False
2026-03-03 23:56:00+00:00,,,,,,,,0.7554621848739497,0.75,,119.0,4,False
2026-03-03 23:56:30+00:00,,,,,,,,0.7585714285714286,0.76,,119.0,3,False
2026-03-03 23:57:00+00:00,,,,,,,,0.7585714285714286,0.76,,0.0,0,False
2026-03-03 23:57:30+00:00,,,,,,,,0.75,0.75,,100.0,1,False
2026-03-03 23:58:00+00:00,,,,,,,,0.7543684210526315,0.75,,190.0,3,False
2026-03-03 23:58:30+00:00,,,,,,,,0.75,0.75,,50.0,1,False
2026-03-03 23:59:00+00:00,,,,,,,,0.76,0.76,,285.0,4,False
2026-03-03 23:59:30+00:00,,,,,,,,0.76,0.76,,98.0,3,False
2026-03-04 00:00:00+00:00,,,,,,,,0.7599999999999999,0.76,,1509.0,2,False
2026-03-04 00:00:30+00:00,,,,,,,,0.76,0.76,,227.0,3,False
2026-03-04 00:01:00+00:00,,,,,,,,0.76,0.76,,0.0,0,False
2026-03-04 00:01:30+00:00,,,,,,,,0.7524000000000001,0.76,,25.0,2,False
2026-03-04 00:02:00+00:00,,,,,,,,0.76,0.76,,660.0,4,False
2026-03-04 00:02:30+00:00,,,,,,,,0.76,0.76,,16.0,2,False
2026-03-04 00:03:00+00:00,,,,,,,,0.7548275862068966,0.75,,87.0,4,False
2026-03-04 00:03:30+00:00,,,,,,,,0.7549315068493151,0.75,,73.0,3,False
2026-03-04 00:04:00+00:00,,,,,,,,0.7578125,0.75,,32.0,2,False
2026-03-04 00:04:30+00:00,,,,,,,,0.7519354838709679,0.75,,31.0,3,False
2026-03-04 00:05:00+00:00,,,,,,,,0.75,0.75,,19.0,1,False
2026-03-04 00:05:30+00:00,,,,,,,,0.7543564356435644,0.76,,101.0,3,False
2026-03-04 00:06:00+00:00,,,,,,,,0.76,0.76,,17.0,2,False
2026-03-04 00:06:30+00:00,,,,,,,,0.7505647840531561,0.75,,602.0,6,False
2026-03-04 00:07:00+00:00,,,,,,,,0.7599358974358974,0.76,,780.0,3,False
2026-03-04 00:07:30+00:00,,,,,,,,0.76,0.76,,27.0,2,False
2026-03-04 00:08:00+00:00,,,,,,,,0.76,0.76,,65.0,2,False
2026-03-04 00:08:30+00:00,,,,,,,,0.76,0.76,,20.0,1,False
2026-03-04 00:09:00+00:00,,,,,,,,0.76,0.76,,25.0,1,False
2026-03-04 00:09:30+00:00,,,,,,,,0.7586315789473684,0.76,,285.0,6,False
2026-03-04 00:10:00+00:00,,,,,,,,0.76,0.76,,150.0,1,False
2026-03-04 00:10:30+00:00,,,,,,,,0.76,0.76,,109.0,4,False
2026-03-04 00:11:00+00:00,,,,,,,,0.7600000000000001,0.76,,34.0,3,False
2026-03-04 00:11:30+00:00,,,,,,,,0.76,0.76,,100.0,4,False
2026-03-04 00:12:00+00:00,,,,,,,,0.76,0.76,,65.0,2,False
2026-03-04 00:12:30+00:00,,,,,,,,0.76,0.76,,1.0,1,False
2026-03-04 00:13:00+00:00,,,,,,,,0.76,0.76,,50.0,2,False
2026-03-04 00:13:30+00:00,,,,,,,,0.76,0.76,,135.0,3,False
2026-03-04 00:14:00+00:00,,,,,,,,0.7600000000000001,0.76,,27.0,4,False
2026-03-04 00:14:30+00:00,,,,,,,,0.76,0.76,,179.0,1,False
2026-03-04 00:15:00+00:00,,,,,,,,0.7599999999999999,0.76,,453.0,3,False
2026-03-04 00:15:30+00:00,,,,,,,,0.76,0.76,,259.0,3,False
2026-03-04 00:16:00+00:00,,,,,,,,0.7501041666666667,0.75,,96.0,2,False
2026-03-04 00:16:30+00:00,,,,,,,,0.76,0.76,,277.0,3,False
2026-03-04 00:17:00+00:00,,,,,,,,0.76,0.76,,57.0,2,False
2026-03-04 00:17:30+00:00,,,,,,,,0.76,0.76,,106.0,2,False
2026-03-04 00:18:00+00:00,,,,,,,,0.751991341991342,0.75,,231.0,3,False
2026-03-04 00:18:30+00:00,,,,,,,,0.7600000000000001,0.76,,29.0,3,False
2026-03-04 00:19:00+00:00,,,,,,,,0.76,0.76,,304.0,3,False
2026-03-04 00:19:30+00:00,,,,,,,,0.76,0.76,,2.0,1,False
2026-03-04 00:20:00+00:00,,,,,,,,0.759891304347826,0.75,,92.0,2,False
2026-03-04 00:20:30+00:00,,,,,,,,0.76,0.76,,14.0,2,False
2026-03-04 00:21:00+00:00,,,,,,,,0.7545985401459854,0.75,,137.0,2,False
2026-03-04 00:21:30+00:00,,,,,,,,0.7596812749003984,0.76,,251.0,4,False
2026-03-04 00:22:00+00:00,,,,,,,,0.75,0.75,,122.0,1,False
2026-03-04 00:22:30+00:00,,,,,,,,0.7600000000000001,0.76,,96.0,1,False
2026-03-04 00:23:00+00:00,,,,,,,,0.76,0.76,,330.0,3,False
2026-03-04 00:23:30+00:00,,,,,,,,0.7523809523809524,0.75,,42.0,3,False
2026-03-04 00:24:00+00:00,,,,,,,,0.76,0.76,,2570.0,2,False
2026-03-04 00:24:30+00:00,,,,,,,,0.7591162790697673,0.76,,215.0,4,False
2026-03-04 00:25:00+00:00,,,,,,,,0.7591162790697673,0.76,,0.0,0,False
2026-03-04 00:25:30+00:00,,,,,,,,0.76,0.76,,460.0,2,False
2026-03-04 00:26:00+00:00,,,,,,,,0.7592173913043478,0.76,,230.0,3,False
2026-03-04 00:26:30+00:00,,,,,,,,0.76,0.76,,25.0,1,False
2026-03-04 00:27:00+00:00,,,,,,,,0.76,0.76,,321.0,6,False
2026-03-04 00:27:30+00:00,,,,,,,,0.75,0.75,,15.0,1,False
2026-03-04 00:28:00+00:00,,,,,,,,0.75,0.75,,0.0,0,False
2026-03-04 00:28:30+00:00,,,,,,,,0.76,0.76,,25.0,1,False
2026-03-04 00:29:00+00:00,,,,,,,,0.7522448979591837,0.75,,49.0,3,False
2026-03-04 00:29:30+00:00,,,,,,,,0.76,0.76,,113.0,3,False
2026-03-04 00:30:00+00:00,,,,,,,,0.75,0.75,,11.0,1,False
2026-03-04 00:30:30+00:00,,,,,,,,0.76,0.76,,109.0,2,False
2026-03-04 00:31:00+00:00,,,,,,,,0.7599999999999999,0.76,,110.0,4,False
2026-03-04 00:31:30+00:00,,,,,,,,0.75,0.75,,19.0,1,False
2026-03-04 00:32:00+00:00,,,,,,,,0.75,0.75,,0.0,0,False
2026-03-04 00:32:30+00:00,,,,,,,,0.76,0.76,,86.0,4,False
2026-03-04 00:33:00+00:00,,,,,,,,0.75,0.75,,4.0,1,False
2026-03-04 00:33:30+00:00,,,,,,,,0.75,0.75,,0.0,0,False
2026-03-04 00:34:00+00:00,,,,,,,,0.7600000000000001,0.76,,85.0,2,False
2026-03-04 00:34:30+00:00,,,,,,,,0.7599428429423459,0.75,,4024.0,4,False
2026-03-04 00:35:00+00:00,,,,,,,,0.75,0.75,,11.0,1,False
2026-03-04 00:35:30+00:00,,,,,,,,0.76,0.76,,6484.0,2,False
2026-03-04 00:36:00+00:00,,,,,,,,0.7600000000000001,0.76,,24.0,3,False
2026-03-04 00:36:30+00:00,,,,,,,,0.75,0.75,,90.0,3,False
2026-03-04 00:37:00+00:00,,,,,,,,0.7548314606741574,0.76,,89.0,5,False
2026-03-04 00:37:30+00:00,,,,,,,,0.7548314606741574,0.76,,0.0,0,False
2026-03-04 00:38:00+00:00,,,,,,,,0.7548314606741574,0.76,,0.0,0,False
2026-03-04 00:38:30+00:00,,,,,,,,0.76,0.76,,70.0,2,False
2026-03-04 00:39:00+00:00,,,,,,,,0.76,0.76,,256.0,1,False
2026-03-04 00:39:30+00:00,,,,,,,,0.759406779661017,0.75,,118.0,2,False
2026-03-04 00:40:00+00:00,,,,,,,,0.7600000000000001,0.76,,777.0,3,False
2026-03-04 00:40:30+00:00,,,,,,,,0.76,0.76,,37.0,2,False
2026-03-04 00:41:00+00:00,,,,,,,,0.76,0.76,,125.0,2,False
2026-03-04 00:41:30+00:00,,,,,,,,0.76,0.76,,641.0,1,False
2026-03-04 00:42:00+00:00,,,,,,,,0.76,0.76,,80.0,3,False
2026-03-04 00:42:30+00:00,,,,,,,,0.76,0.76,,1001.0,2,False
2026-03-04 00:43:00+00:00,,,,,,,,0.76,0.76,,0.0,0,False
2026-03-04 00:43:30+00:00,,,,,,,,0.76,0.76,,19.0,1,False
2026-03-04 00:44:00+00:00,,,,,,,,0.7545989304812835,0.76,,187.0,6,False
2026-03-04 00:44:30+00:00,,,,,,,,0.7599999999999999,0.76,,183.0,5,False
2026-03-04 00:45:00+00:00,,,,,,,,0.7597008547008548,0.76,,234.0,5,False
2026-03-04 00:45:30+00:00,,,,,,,,0.7600000000000001,0.76,,5823.0,1,False
2026-03-04 00:46:00+00:00,,,,,,,,0.7501960784313725,0.76,,51.0,2,False
2026-03-04 00:46:30+00:00,,,,,,,,0.7566887417218543,0.76,,151.0,4,False
2026-03-04 00:47:00+00:00,,,,,,,,0.76,0.76,,647.0,2,False
2026-03-04 00:47:30+00:00,,,,,,,,0.7599999999999999,0.76,,239.0,5,False
2026-03-04 00:48:00+00:00,,,,,,,,0.76,0.76,,30.0,2,False
2026-03-04 00:48:30+00:00,,,,,,,,0.76,0.76,,0.0,0,False
2026-03-04 00:49:00+00:00,,,,,,,,0.76,0.76,,51.0,1,False
2026-03-04 00:49:30+00:00,,,,,,,,0.7534763948497855,0.76,,233.0,5,False
2026-03-04 00:50:00+00:00,,,,,,,,0.76,0.76,,25.0,1,False
2026-03-04 00:50:30+00:00,,,,,,,,0.7600000000000001,0.76,,3.0,1,False
2026-03-04 00:51:00+00:00,,,,,,,,0.76,0.76,,28.0,1,False
2026-03-04 00:51:30+00:00,,,,,,,,0.76,0.76,,0.0,0,False
2026-03-04 00:52:00+00:00,,,,,,,,0.7600000000000001,0.76,,12.0,1,False
2026-03-04 00:52:30+00:00,,,,,,,,0.7500523560209423,0.76,,191.0,2,False
2026-03-04 00:53:00+00:00,,,,,,,,0.7500523560209423,0.76,,0.0,0,False
2026-03-04 00:53:30+00:00,,,,,,,,0.7600000000000001,0.76,,12.0,1,False
2026-03-04 00:54:00+00:00,,,,,,,,0.7579166666666666,0.75,,96.0,2,False
2026-03-04 00:54:30+00:00,,,,,,,,0.76,0.76,,711.0,5,False
2026-03-04 00:55:00+00:00,,,,,,,,0.7595893001891381,0.76,,3701.0,6,False
2026-03-04 00:55:30+00:00,,,,,,,,0.76,0.76,,25.0,1,False
2026-03-04 00:56:00+00:00,,,,,,,,0.76,0.76,,112.0,2,False
2026-03-04 00:56:30+00:00,,,,,,,,0.7600000000000001,0.76,,34.0,3,False
2026-03-04 00:57:00+00:00,,,,,,,,0.7521367521367521,0.76,,117.0,2,False
2026-03-04 00:57:30+00:00,,,,,,,,0.76,0.76,,37.0,1,False
2026-03-04 00:58:00+00:00,,,,,,,,0.76,0.76,,129.0,2,False
2026-03-04 00:58:30+00:00,,,,,,,,0.76,0.76,,901.0,2,False
2026-03-04 00:59:00+00:00,,,,,,,,0.7600000000000001,0.76,,526.0,3,False
2026-03-04 00:59:30+00:00,,,,,,,,0.76,0.76,,2.0,1,False
2026-03-04 01:00:00+00:00,,,,,,,,0.7526793557833088,0.76,,683.0,3,False
2026-03-04 01:00:30+00:00,,,,,,,,0.7526793557833088,0.76,,0.0,0,False
2026-03-04 01:01:00+00:00,,,,,,,,0.7526793557833088,0.76,,0.0,0,False
2026-03-04 01:01:30+00:00,,,,,,,,0.7600000000000001,0.76,,415.0,5,False
2026-03-04 01:02:00+00:00,,,,,,,,0.7584323432343234,0.75,,606.0,4,False
2026-03-04 01:02:30+00:00,,,,,,,,0.76,0.76,,25.0,1,False
2026-03-04 01:03:00+00:00,,,,,,,,0.7586206896551724,0.75,,29.0,5,False
2026-03-04 01:03:30+00:00,,,,,,,,0.76,0.76,,155.0,2,False
2026-03-04 01:04:00+00:00,,,,,,,,0.76,0.76,,106.0,3,False
2026-03-04 01:04:30+00:00,,,,,,,,0.75,0.75,,18.0,1,False
2026-03-04 01:05:00+00:00,,,,,,,,0.7543181818181818,0.75,,132.0,7,False
2026-03-04 01:05:30+00:00,,,,,,,,0.7599557522123894,0.75,,226.0,3,False
2026-03-04 01:06:00+00:00,,,,,,,,0.76,0.76,,160.0,3,False
2026-03-04 01:06:30+00:00,,,,,,,,0.76,0.76,,76.0,2,False
2026-03-04 01:07:00+00:00,,,,,,,,0.76,0.76,,226.0,2,False
2026-03-04 01:07:30+00:00,,,,,,,,0.7599140111279717,0.76,,1977.0,3,False
2026-03-04 01:08:00+00:00,,,,,,,,0.7600000000000001,0.76,,6.0,1,False
2026-03-04 01:08:30+00:00,,,,,,,,0.76,0.76,,19.0,1,False
2026-03-04 01:09:00+00:00,,,,,,,,0.76,0.76,,0.0,0,False
2026-03-04 01:09:30+00:00,,,,,,,,0.76,0.76,,661.0,4,False
2026-03-04 01:10:00+00:00,,,,,,,,0.76,0.76,,32.0,1,False
2026-03-04 01:10:30+00:00,,,,,,,,0.76,0.76,,104.0,2,False
2026-03-04 01:11:00+00:00,,,,,,,,0.76,0.76,,0.0,0,False
2026-03-04 01:11:30+00:00,,,,,,,,0.7600000000000001,0.76,,693.0,2,False
2026-03-04 01:12:00+00:00,,,,,,,,0.76,0.76,,10.0,2,False
2026-03-04 01:12:30+00:00,,,,,,,,0.76,0.76,,128.0,2,False
2026-03-04 01:13:00+00:00,,,,,,,,0.7546226415094339,0.75,,106.0,3,False
2026-03-04 01:13:30+00:00,,,,,,,,0.76,0.76,,64.0,2,False
2026-03-04 01:14:00+00:00,,,,,,,,0.7579310344827586,0.75,,87.0,4,False
2026-03-04 01:14:30+00:00,,,,,,,,0.76,0.76,,87.0,3,False
2026-03-04 01:15:00+00:00,,,,,,,,0.7600000000000001,0.76,,2705.0,1,False
2026-03-04 01:15:30+00:00,,,,,,,,0.76,0.76,,111.0,4,False
2026-03-04 01:16:00+00:00,,,,,,,,0.76,0.76,,175.0,3,False
2026-03-04 01:16:30+00:00,,,,,,,,0.75,0.75,,207.0,3,False
2026-03-04 01:17:00+00:00,,,,,,,,0.76,0.76,,1297.0,3,False
2026-03-04 01:17:30+00:00,,,,,,,,0.7600000000000001,0.76,,6.0,1,False
2026-03-04 01:18:00+00:00,,,,,,,,0.7576303317535545,0.76,,211.0,3,False
2026-03-04 01:18:30+00:00,,,,,,,,0.76,0.76,,398.0,6,False
2026-03-04 01:19:00+00:00,,,,,,,,0.76,0.76,,1022.0,2,False
2026-03-04 01:19:30+00:00,,,,,,,,0.76,0.76,,25.0,1,False
2026-03-04 01:20:00+00:00,,,,,,,,0.76,0.76,,0.0,0,False
2026-03-04 01:20:30+00:00,,,,,,,,0.7600000000000001,0.76,,136.0,3,False
2026-03-04 01:21:00+00:00,,,,,,,,0.7556818181818182,0.76,,44.0,3,False
2026-03-04 01:21:30+00:00,,,,,,,,0.7599999999999999,0.76,,707.0,6,False
2026-03-04 01:22:00+00:00,,,,,,,,0.76,0.76,,1941.0,1,False
2026-03-04 01:22:30+00:00,,,,,,,,0.7573793103448275,0.76,,145.0,4,False
2026-03-04 01:23:00+00:00,,,,,,,,0.7573793103448275,0.76,,0.0,0,False
2026-03-04 01:23:30+00:00,,,,,,,,0.76,0.76,,1.0,1,False
2026-03-04 01:24:00+00:00,,,,,,,,0.7564814814814815,0.75,,54.0,2,False
2026-03-04 01:24:30+00:00,,,,,,,,0.7574801061007957,0.76,,377.0,5,False
2026-03-04 01:25:00+00:00,,,,,,,,0.7600000000000001,0.76,,19.0,3,False
2026-03-04 01:25:30+00:00,,,,,,,,0.7559562841530053,0.76,,183.0,4,False
2026-03-04 01:26:00+00:00,,,,,,,,0.76,0.76,,200.0,2,False
2026-03-04 01:26:30+00:00,,,,,,,,0.75,0.75,,1854.0,2,False
2026-03-04 01:27:00+00:00,,,,,,,,0.7596603773584906,0.76,,530.0,3,False
2026-03-04 01:27:30+00:00,,,,,,,,0.76,0.76,,381.0,2,False
2026-03-04 01:28:00+00:00,,,,,,,,0.7536752136752137,0.76,,117.0,4,False
2026-03-04 01:28:30+00:00,,,,,,,,0.7500804289544235,0.76,,373.0,2,False
2026-03-04 01:29:00+00:00,,,,,,,,0.7597727272727273,0.75,,132.0,3,False
2026-03-04 01:29:30+00:00,,,,,,,,0.76,0.76,,20.0,1,False
2026-03-04 01:30:00+00:00,,,,,,,,0.76,0.76,,128.0,3,False
2026-03-04 01:30:30+00:00,,,,,,,,0.7662573099415205,0.77,,171.0,5,False
2026-03-04 01:31:00+00:00,,,,,,,,0.769618320610687,0.76,,131.0,3,False
2026-03-04 01:31:30+00:00,,,,,,,,0.7604166666666666,0.77,,120.0,3,False
2026-03-04 01:32:00+00:00,,,,,,,,0.7697777777777778,0.77,,45.0,2,False
2026-03-04 01:32:30+00:00,,,,,,,,0.77,0.77,,60.0,5,False
2026-03-04 01:33:00+00:00,,,,,,,,0.7692137592137593,0.76,,407.0,6,False
2026-03-04 01:33:30+00:00,,,,,,,,0.7695652173913043,0.76,,115.0,2,False
2026-03-04 01:34:00+00:00,,,,,,,,0.77,0.77,,12.0,1,False
2026-03-04 01:34:30+00:00,,,,,,,,0.7673611111111112,0.76,,72.0,3,False
2026-03-04 01:35:00+00:00,,,,,,,,0.77,0.77,,8.0,1,False
2026-03-04 01:35:30+00:00,,,,,,,,0.7670000000000001,0.77,,10.0,2,False
2026-03-04 01:36:00+00:00,,,,,,,,0.77,0.77,,1128.0,2,False
2026-03-04 01:36:30+00:00,,,,,,,,0.76,0.76,,512.0,1,False
2026-03-04 01:37:00+00:00,,,,,,,,0.7638219895287959,0.76,,191.0,6,False
2026-03-04 01:37:30+00:00,,,,,,,,0.76,0.76,,28.0,2,False
2026-03-04 01:38:00+00:00,,,,,,,,0.77,0.77,,108.0,6,False
2026-03-04 01:38:30+00:00,,,,,,,,0.7619756427604871,0.77,,739.0,3,False
2026-03-04 01:39:00+00:00,,,,,,,,0.77,0.77,,5.0,1,False
2026-03-04 01:39:30+00:00,,,,,,,,0.769089469517023,0.76,,1263.0,6,False
2026-03-04 01:40:00+00:00,,,,,,,,0.77,0.77,,134.0,3,False
2026-03-04 01:40:30+00:00,,,,,,,,0.7698750000000001,0.77,,80.0,3,False
2026-03-04 01:41:00+00:00,,,,,,,,0.7684033613445378,0.76,,119.0,4,False
2026-03-04 01:41:30+00:00,,,,,,,,0.7662962962962964,0.76,,405.0,3,False
2026-03-04 01:42:00+00:00,,,,,,,,0.77,0.77,,50.0,1,False
2026-03-04 01:42:30+00:00,,,,,,,,0.77,0.77,,29.0,1,False
2026-03-04 01:43:00+00:00,,,,,,,,0.77,0.77,,970.0,2,False
2026-03-04 01:43:30+00:00,,,,,,,,0.7690031152647975,0.76,,321.0,5,False
2026-03-04 01:44:00+00:00,,,,,,,,0.7637106918238994,0.77,,159.0,5,False
2026-03-04 01:44:30+00:00,,,,,,,,0.7694776119402986,0.77,,134.0,2,False
2026-03-04 01:45:00+00:00,,,,,,,,0.7636969696969697,0.76,,165.0,6,False
2026-03-04 01:45:30+00:00,,,,,,,,0.7605701078582435,0.77,,649.0,4,False
2026-03-04 01:46:00+00:00,,,,,,,,0.7699734042553191,0.77,,1128.0,5,False
2026-03-04 01:46:30+00:00,,,,,,,,0.7699734042553191,0.77,,0.0,0,False
2026-03-04 01:47:00+00:00,,,,,,,,0.77,0.77,,55.0,3,False
2026-03-04 01:47:30+00:00,,,,,,,,0.77,0.77,,67.0,3,False
2026-03-04 01:48:00+00:00,,,,,,,,0.7685820895522386,0.76,,134.0,6,False
2026-03-04 01:48:30+00:00,,,,,,,,0.7699999999999998,0.77,,2547.0,5,False
2026-03-04 01:49:00+00:00,,,,,,,,0.7635741811175338,0.76,,1038.0,7,False
2026-03-04 01:49:30+00:00,,,,,,,,0.766984126984127,0.76,,63.0,4,False
2026-03-04 01:50:00+00:00,,,,,,,,0.76992700729927,0.77,,137.0,3,False
2026-03-04 01:50:30+00:00,,,,,,,,0.7693636363636364,0.76,,110.0,2,False
2026-03-04 01:51:00+00:00,,,,,,,,0.7627622377622377,0.77,,286.0,5,False
2026-03-04 01:51:30+00:00,,,,,,,,0.77,0.77,,20.0,2,False
2026-03-04 01:52:00+00:00,,,,,,,,0.7653333333333333,0.77,,210.0,3,False
2026-03-04 01:52:30+00:00,,,,,,,,0.7669603524229076,0.77,,227.0,3,False
2026-03-04 01:53:00+00:00,,,,,,,,0.77,0.77,,405.0,4,False
2026-03-04 01:53:30+00:00,,,,,,,,0.7605882352941177,0.76,,34.0,4,False
2026-03-04 01:54:00+00:00,,,,,,,,0.7680555555555556,0.77,,504.0,5,False
2026-03-04 01:54:30+00:00,,,,,,,,0.7675520833333334,0.77,,576.0,5,False
2026-03-04 01:55:00+00:00,,,,,,,,0.7690410958904109,0.76,,73.0,4,False
2026-03-04 01:55:30+00:00,,,,,,,,0.77,0.77,,12971.0,9,False
2026-03-04 01:56:00+00:00,,,,,,,,0.7691721132897604,0.77,,459.0,9,False
2026-03-04 01:56:30+00:00,,,,,,,,0.7699999999999999,0.77,,199.0,5,False
2026-03-04 01:57:00+00:00,,,,,,,,0.7639513108614233,0.76,,534.0,5,False
2026-03-04 01:57:30+00:00,,,,,,,,0.77,0.77,,85.0,3,False
2026-03-04 01:58:00+00:00,,,,,,,,0.7678947368421054,0.77,,665.0,7,False
2026-03-04 01:58:30+00:00,,,,,,,,0.77,0.77,,430.0,7,False
2026-03-04 01:59:00+00:00,,,,,,,,0.77,0.77,,490.0,2,False
2026-03-04 01:59:30+00:00,,,,,,,,0.7690909090909093,0.77,,429.0,6,False
2026-03-04 02:00:00+00:00,,,,,,,,0.7687323943661972,0.76,,213.0,5,False
2026-03-04 02:00:30+00:00,,,,,,,,0.76,0.76,,418.0,2,False
2026-03-04 02:01:00+00:00,,,,,,,,0.769848846459825,0.77,,1257.0,7,False
2026-03-04 02:01:30+00:00,,,,,,,,0.7698158640226629,0.77,,2118.0,6,False
2026-03-04 02:02:00+00:00,,,,,,,,0.7604761904761904,0.76,,105.0,2,False
2026-03-04 02:02:30+00:00,,,,,,,,0.7700000000000001,0.77,,1169.0,6,False
2026-03-04 02:03:00+00:00,,,,,,,,0.7615594059405939,0.76,,404.0,4,False
2026-03-04 02:03:30+00:00,,,,,,,,0.7617054263565891,0.76,,129.0,4,False
2026-03-04 02:04:00+00:00,,,,,,,,0.7698425196850394,0.77,,127.0,6,False
2026-03-04 02:04:30+00:00,,,,,,,,0.7668847352024922,0.77,,321.0,3,False
2026-03-04 02:05:00+00:00,,,,,,,,0.7671779141104295,0.76,,326.0,7,False
2026-03-04 02:05:30+00:00,,,,,,,,0.77,0.77,,529.0,2,False
2026-03-04 02:06:00+00:00,,,,,,,,0.7654342105263158,0.76,,760.0,7,False
2026-03-04 02:06:30+00:00,,,,,,,,0.7628498467824311,0.77,,979.0,6,False
2026-03-04 02:07:00+00:00,,,,,,,,0.77,0.77,,3.0,1,False
2026-03-04 02:07:30+00:00,,,,,,,,0.7697368421052632,0.77,,266.0,6,False
2026-03-04 02:08:00+00:00,,,,,,,,0.76,0.76,,4.0,1,False
2026-03-04 02:08:30+00:00,,,,,,,,0.7700000000000001,0.77,,277.0,7,False
2026-03-04 02:09:00+00:00,,,,,,,,0.77,0.77,,789.0,1,False
2026-03-04 02:09:30+00:00,,,,,,,,0.77,0.77,,2.0,1,False
2026-03-04 02:10:00+00:00,,,,,,,,0.768596112311015,0.76,,463.0,4,False
2026-03-04 02:10:30+00:00,,,,,,,,0.7627475592747559,0.77,,1434.0,7,False
2026-03-04 02:11:00+00:00,,,,,,,,0.7684391534391535,0.77,,378.0,7,False
2026-03-04 02:11:30+00:00,,,,,,,,0.77,0.77,,227.0,3,False
2026-03-04 02:12:00+00:00,,,,,,,,0.77,0.77,,7595.0,12,False
2026-03-04 02:12:30+00:00,,,,,,,,0.7698453608247424,0.77,,194.0,5,False
2026-03-04 02:13:00+00:00,,,,,,,,0.7697801408248311,0.77,,6959.0,12,False
2026-03-04 02:13:30+00:00,,,,,,,,0.7699999999999999,0.77,,6528.0,8,False
2026-03-04 02:14:00+00:00,,,,,,,,0.77,0.77,,1024.0,8,False
2026-03-04 02:14:30+00:00,,,,,,,,0.7679136690647482,0.77,,278.0,7,False
2026-03-04 02:15:00+00:00,,,,,,,,0.7613333333333333,0.76,,45.0,3,False
2026-03-04 02:15:30+00:00,,,,,,,,0.7698708795382042,0.76,,6583.0,6,False
2026-03-04 02:16:00+00:00,,,,,,,,0.7671770334928231,0.77,,627.0,7,False
2026-03-04 02:16:30+00:00,,,,,,,,0.77,0.77,,27.0,2,False
2026-03-04 02:17:00+00:00,,,,,,,,0.77,0.77,,9.0,2,False
2026-03-04 02:17:30+00:00,,,,,,,,0.77,0.77,,2952.0,3,False
2026-03-04 02:18:00+00:00,,,,,,,,0.7689080459770115,0.76,,348.0,4,False
2026-03-04 02:18:30+00:00,,,,,,,,0.7698891796213637,0.77,,12994.0,8,False
2026-03-04 02:19:00+00:00,,,,,,,,0.769433962264151,0.77,,265.0,7,False
2026-03-04 02:19:30+00:00,,,,,,,,0.7692031958540272,0.77,,4631.0,5,False
2026-03-04 02:20:00+00:00,,,,,,,,0.7627142857142857,0.77,,70.0,2,False
2026-03-04 02:20:30+00:00,,,,,,,,0.77,0.77,,9760.0,2,False
2026-03-04 02:21:00+00:00,,,,,,,,0.7689688249400479,0.76,,1251.0,6,False
2026-03-04 02:21:30+00:00,,,,,,,,0.7695250320924261,0.77,,779.0,4,False
2026-03-04 02:22:00+00:00,,,,,,,,0.769298245614035,0.77,,285.0,5,False
2026-03-04 02:22:30+00:00,,,,,,,,0.7697320169252468,0.77,,709.0,6,False
2026-03-04 02:23:00+00:00,,,,,,,,0.7665274725274724,0.77,,455.0,4,False
2026-03-04 02:23:30+00:00,,,,,,,,0.77,0.77,,1.0,1,False
2026-03-04 02:24:00+00:00,,,,,,,,0.7610888888888889,0.77,,900.0,6,False
2026-03-04 02:24:30+00:00,,,,,,,,0.7678105263157895,0.77,,475.0,6,False
2026-03-04 02:25:00+00:00,,,,,,,,0.7698382142125743,0.77,,4883.0,6,False
2026-03-04 02:25:30+00:00,,,,,,,,0.7651522248243561,0.77,,854.0,7,False
2026-03-04 02:26:00+00:00,,,,,,,,0.7700000000000001,0.77,,129.0,3,False
2026-03-04 02:26:30+00:00,,,,,,,,0.7684969325153373,0.77,,326.0,9,False
2026-03-04 02:27:00+00:00,,,,,,,,0.7604542069992555,0.77,,4029.0,4,False
2026-03-04 02:27:30+00:00,,,,,,,,0.7699837464445348,0.77,,2461.0,6,False
2026-03-04 02:28:00+00:00,,,,,,,,0.7636302623550946,0.77,,3278.0,12,False
2026-03-04 02:28:30+00:00,,,,,,,,0.7607847586630737,0.77,,21153.0,11,False
2026-03-04 02:29:00+00:00,,,,,,,,0.77,0.77,,1697.0,4,False
2026-03-04 02:29:30+00:00,,,,,,,,0.7695273631840797,0.77,,402.0,6,False
2026-03-04 02:30:00+00:00,,,,,,,,0.7699396681749623,0.77,,1326.0,8,False
2026-03-04 02:30:30+00:00,,,,,,,,0.7694811932555123,0.77,,771.0,7,False
2026-03-04 02:31:00+00:00,,,,,,,,0.767511825922422,0.77,,1057.0,7,False
2026-03-04 02:31:30+00:00,,,,,,,,0.7686586586586588,0.77,,999.0,9,False
2026-03-04 02:32:00+00:00,,,,,,,,0.7694761904761905,0.77,,840.0,7,False
2026-03-04 02:32:30+00:00,,,,,,,,0.7600803193061989,0.76,,20294.0,19,False
2026-03-04 02:33:00+00:00,,,,,,,,0.7700000000000001,0.77,,793.0,9,False
2026-03-04 02:33:30+00:00,,,,,,,,0.7699779098110908,0.77,,26256.0,25,False
2026-03-04 02:34:00+00:00,,,,,,,,0.7587170596393897,0.77,,7210.0,17,False
2026-03-04 02:34:30+00:00,,,,,,,,0.7698731419784725,0.77,,7804.0,9,False
2026-03-04 02:35:00+00:00,,,,,,,,0.7672439024390242,0.77,,1230.0,12,False
2026-03-04 02:35:30+00:00,,,,,,,,0.7692656142759096,0.77,,1457.0,14,False
2026-03-04 02:36:00+00:00,,,,,,,,0.7698571428571429,0.77,,10010.0,27,False
2026-03-04 02:36:30+00:00,,,,,,,,0.7615366430260048,0.77,,846.0,12,False
2026-03-04 02:37:00+00:00,,,,,,,,0.7698558786346397,0.77,,3955.0,9,False
2026-03-04 02:37:30+00:00,,,,,,,,0.7693246502653159,0.77,,2073.0,10,False
2026-03-04 02:38:00+00:00,,,,,,,,0.7520098614698287,0.75,,4259.0,12,False
2026-03-04 02:38:30+00:00,,,,,,,,0.7663106796116506,0.75,,206.0,6,False
2026-03-04 02:39:00+00:00,,,,,,,,0.7550699726194098,0.77,,13148.0,19,False
2026-03-04 02:39:30+00:00,,,,,,,,0.7508733459357279,0.76,,10580.0,33,False
2026-03-04 02:40:00+00:00,,,,,,,,0.753453237410072,0.75,,417.0,13,False
2026-03-04 02:40:30+00:00,,,,,,,,0.75,0.75,,3548.0,5,False
2026-03-04 02:41:00+00:00,,,,,,,,0.75,0.75,,4926.0,10,False
2026-03-04 02:41:30+00:00,,,,,,,,0.75,0.75,,3166.0,10,False
2026-03-04 02:42:00+00:00,,,,,,,,0.75,0.75,,1990.0,14,False
2026-03-04 02:42:30+00:00,,,,,,,,0.75,0.75,,1220.0,11,False
2026-03-04 02:43:00+00:00,,,,,,,,0.7583311772315653,0.76,,773.0,10,False
2026-03-04 02:43:30+00:00,,,,,,,,0.758294434470377,0.76,,557.0,10,False
2026-03-04 02:44:00+00:00,,,,,,,,0.7587579617834395,0.76,,1570.0,11,False
2026-03-04 02:44:30+00:00,,,,,,,,0.7599402891263357,0.76,,3182.0,22,False
2026-03-04 02:45:00+00:00,,,,,,,,0.7596002104155708,0.76,,1901.0,15,False
2026-03-04 02:45:30+00:00,,,,,,,,0.75981301421092,0.76,,1337.0,15,False
2026-03-04 02:46:00+00:00,,,,,,,,0.759868119266055,0.76,,1744.0,16,False
2026-03-04 02:46:30+00:00,,,,,,,,0.759456029011786,0.76,,1103.0,17,False
2026-03-04 02:47:00+00:00,,,,,,,,0.7574450549450551,0.76,,5460.0,21,False
2026-03-04 02:47:30+00:00,,,,,,,,0.756904047976012,0.76,,2668.0,23,False
2026-03-04 02:48:00+00:00,,,,,,,,0.7589862059729476,0.76,,7467.0,18,False
2026-03-04 02:48:30+00:00,,,,,,,,0.7594671486953789,0.75,,6362.0,22,False
2026-03-04 02:49:00+00:00,,,,,,,,0.7595387541607227,0.74,,2103.0,21,False
2026-03-04 02:49:30+00:00,,,,,,,,0.7587682602921646,0.76,,9036.0,34,False
2026-03-04 02:50:00+00:00,,,,,,,,0.7581893650437515,0.76,,8914.0,26,False
2026-03-04 02:50:30+00:00,,,,,,,,0.7554461181923522,0.76,,1726.0,17,False
2026-03-04 02:51:00+00:00,,,,,,,,0.7592999013945627,0.76,,14198.0,32,False
2026-03-04 02:51:30+00:00,,,,,,,,0.755929744177167,0.76,,5238.0,24,False
2026-03-04 02:52:00+00:00,,,,,,,,0.7558498583569404,0.76,,4236.0,17,False
2026-03-04 02:52:30+00:00,,,,,,,,0.7591073951954782,0.76,,12738.0,26,False
2026-03-04 02:53:00+00:00,,,,,,,,0.7597203988891694,0.76,,31688.0,22,False
2026-03-04 02:53:30+00:00,,,,,,,,0.7564635657168599,0.76,,8879.0,24,False
2026-03-04 02:54:00+00:00,,,,,,,,0.7518272604173077,0.76,,64988.0,36,False
2026-03-04 02:54:30+00:00,,,,,,,,0.7594890510948905,0.75,,2466.0,20,False
2026-03-04 02:55:00+00:00,,,,,,,,0.7504256158499166,0.75,,22814.0,40,False
2026-03-04 02:55:30+00:00,,,,,,,,0.7500259211257174,0.75,,5401.0,24,False
2026-03-04 02:56:00+00:00,,,,,,,,0.7497820252667409,0.75,,15277.0,40,False
2026-03-04 02:56:30+00:00,,,,,,,,0.75,0.75,,3224.0,23,False
2026-03-04 02:57:00+00:00,,,,,,,,0.75041147807255,0.75,,1847.0,28,False
2026-03-04 02:57:30+00:00,,,,,,,,0.75,0.75,,6793.0,30,False
2026-03-04 02:58:00+00:00,,,,,,,,0.75,0.75,,17563.0,25,False
2026-03-04 02:58:30+00:00,,,,,,,,0.75,0.75,,1048.0,17,False
2026-03-04 02:59:00+00:00,,,,,,,,0.7500113224637681,0.75,,4416.0,25,False
2026-03-04 02:59:30+00:00,,,,,,,,0.75,0.75,,6165.0,26,False
2026-03-04 03:00:00+00:00,,,,,,,,0.75,0.75,,1989.0,20,False
2026-03-04 03:00:30+00:00,,,,,,,,0.75,0.75,,8424.0,18,False
2026-03-04 03:01:00+00:00,,,,,,,,0.7499451375984425,0.75,,11301.0,20,False
2026-03-04 03:01:30+00:00,,,,,,,,0.75,0.75,,644.0,14,False
2026-03-04 03:02:00+00:00,,,,,,,,0.75,0.75,,2491.0,21,False
2026-03-04 03:02:30+00:00,,,,,,,,0.75,0.75,,1248.0,17,False
2026-03-04 03:03:00+00:00,,,,,,,,0.7499731375358167,0.75,,5584.0,23,False
2026-03-04 03:03:30+00:00,,,,,,,,0.75,0.75,,1568.0,22,False
2026-03-04 03:04:00+00:00,,,,,,,,0.75,0.75,,42294.0,35,False
2026-03-04 03:04:30+00:00,,,,,,,,0.75,0.75,,34705.0,28,False
2026-03-04 03:05:00+00:00,,,,,,,,0.75,0.75,,15364.0,20,False
2026-03-04 03:05:30+00:00,,,,,,,,0.75,0.75,,9875.0,20,False
2026-03-04 03:06:00+00:00,,,,,,,,0.75,0.75,,4619.0,24,False
2026-03-04 03:06:30+00:00,,,,,,,,0.75,0.75,,8543.0,30,False
2026-03-04 03:07:00+00:00,,,,,,,,0.75,0.75,,2732.0,19,False
2026-03-04 03:07:30+00:00,,,,,,,,0.7495979899497487,0.75,,4975.0,26,False
2026-03-04 03:08:00+00:00,,,,,,,,0.750204134366925,0.75,,3870.0,23,False
2026-03-04 03:08:30+00:00,,,,,,,,0.75,0.75,,10067.0,27,False
2026-03-04 03:09:00+00:00,,,,,,,,0.75,0.75,,2066.0,25,False
2026-03-04 03:09:30+00:00,,,,,,,,0.7500077519379845,0.75,,2580.0,30,False
2026-03-04 03:10:00+00:00,,,,,,,,0.7499989240370131,0.74,,9294.0,31,False
2026-03-04 03:10:30+00:00,,,,,,,,0.75,0.75,,11257.0,21,False
2026-03-04 03:11:00+00:00,,,,,,,,0.7496512861309998,0.75,,7542.0,31,False
2026-03-04 03:11:30+00:00,,,,,,,,0.750139116202946,0.75,,3666.0,34,False
2026-03-04 03:12:00+00:00,,,,,,,,0.75,0.75,,7189.0,33,False
2026-03-04 03:12:30+00:00,,,,,,,,0.75,0.75,,1579.0,24,False
2026-03-04 03:13:00+00:00,,,,,,,,0.75,0.75,,9132.0,31,False
2026-03-04 03:13:30+00:00,,,,,,,,0.753973119570874,0.76,,99924.0,38,False
2026-03-04 03:14:00+00:00,,,,,,,,0.7598168596821978,0.76,,7426.0,31,False
2026-03-04 03:14:30+00:00,,,,,,,,0.7594271720613289,0.76,,4696.0,32,False
2026-03-04 03:15:00+00:00,,,,,,,,0.7599736744603266,0.75,,102562.0,33,False
2026-03-04 03:15:30+00:00,,,,,,,,0.7579920599911778,0.76,,11335.0,44,False
2026-03-04 03:16:00+00:00,,,,,,,,0.759471521222629,0.76,,15573.0,39,False
2026-03-04 03:16:30+00:00,,,,,,,,0.7545432366494985,0.76,,3689.0,33,False
2026-03-04 03:17:00+00:00,,,,,,,,0.7594574967962407,0.76,,14046.0,36,False
2026-03-04 03:17:30+00:00,,,,,,,,0.754292819895708,0.75,,12465.0,45,False
2026-03-04 03:18:00+00:00,,,,,,,,0.7499322107236865,0.75,,27733.0,51,False
2026-03-04 03:18:30+00:00,,,,,,,,0.75,0.75,,7098.0,31,False
2026-03-04 03:19:00+00:00,,,,,,,,0.7484077881903376,0.75,,21982.0,38,False
2026-03-04 03:19:30+00:00,,,,,,,,0.7500184780782799,0.75,,11906.0,37,False
2026-03-04 03:20:00+00:00,,,,,,,,0.7502696629213483,0.75,,24030.0,29,False
2026-03-04 03:20:30+00:00,,,,,,,,0.75,0.75,,27229.0,42,False
2026-03-04 03:21:00+00:00,,,,,,,,0.75,0.75,,12464.0,42,False
2026-03-04 03:21:30+00:00,,,,,,,,0.7499785306943979,0.75,,14905.0,37,False
2026-03-04 03:22:00+00:00,,,,,,,,0.75,0.75,,10380.0,38,False
2026-03-04 03:22:30+00:00,,,,,,,,0.75,0.75,,26798.0,48,False
2026-03-04 03:23:00+00:00,,,,,,,,0.7500352928201168,0.75,,9067.0,41,False
2026-03-04 03:23:30+00:00,,,,,,,,0.750013190081059,0.75,,41698.0,35,False
2026-03-04 03:24:00+00:00,,,,,,,,0.75,0.75,,9726.0,32,False
2026-03-04 03:24:30+00:00,,,,,,,,0.7500576351392344,0.75,,16483.0,42,False
2026-03-04 03:25:00+00:00,,,,,,,,0.7499709780400503,0.75,,10337.0,37,False
2026-03-04 03:25:30+00:00,,,,,,,,0.7497312952534191,0.75,,6215.0,36,False
2026-03-04 03:26:00+00:00,,,,,,,,0.7500602818814739,0.75,,11778.0,32,False
2026-03-04 03:26:30+00:00,,,,,,,,0.75,0.75,,21731.0,40,False
2026-03-04 03:27:00+00:00,,,,,,,,0.750143033970568,0.75,,7271.0,32,False
2026-03-04 03:27:30+00:00,,,,,,,,0.75,0.75,,3543.0,24,False
2026-03-04 03:28:00+00:00,,,,,,,,0.7498622398414272,0.75,,10090.0,43,False
2026-03-04 03:28:30+00:00,,,,,,,,0.75,0.75,,16261.0,43,False
2026-03-04 03:29:00+00:00,,,,,,,,0.75,0.75,,4858.0,28,False
2026-03-04 03:29:30+00:00,,,,,,,,0.7499687658281275,0.75,,23692.0,51,False
2026-03-04 03:30:00+00:00,,,,,,,,0.7496952884943667,0.75,,11716.0,50,False
2026-03-04 03:30:30+00:00,,,,,,,,0.7497704847704848,0.75,,9324.0,40,False
2026-03-04 03:31:00+00:00,,,,,,,,0.75,0.75,,11637.0,42,False
2026-03-04 03:31:30+00:00,,,,,,,,0.75,0.75,,6614.0,39,False
2026-03-04 03:32:00+00:00,,,,,,,,0.7499778645833334,0.75,,7680.0,39,False
2026-03-04 03:32:30+00:00,,,,,,,,0.7497529337958521,0.74,,54196.0,44,False
2026-03-04 03:33:00+00:00,,,,,,,,0.7499284154331473,0.75,,32968.0,44,False
2026-03-04 03:33:30+00:00,,,,,,,,0.75,0.75,,7350.0,42,False
2026-03-04 03:34:00+00:00,,,,,,,,0.75,0.75,,11474.0,52,False
2026-03-04 03:34:30+00:00,,,,,,,,0.7498552909255352,0.75,,6634.0,38,False
2026-03-04 03:35:00+00:00,,,,,,,,0.75,0.75,,22626.0,34,False
2026-03-04 03:35:30+00:00,,,,,,,,0.7492332326836856,0.75,,10929.0,31,False
2026-03-04 03:36:00+00:00,,,,,,,,0.75,0.75,,12342.0,39,False
2026-03-04 03:36:30+00:00,,,,,,,,0.75,0.75,,1992.0,33,False
2026-03-04 03:37:00+00:00,,,,,,,,0.75,0.75,,9029.0,30,False
2026-03-04 03:37:30+00:00,,,,,,,,0.75,0.75,,6128.0,38,False
2026-03-04 03:38:00+00:00,,,,,,,,0.75,0.75,,41001.0,42,False
2026-03-04 03:38:30+00:00,,,,,,,,0.7500314685314686,0.75,,5720.0,48,False
2026-03-04 03:39:00+00:00,,,,,,,,0.7499769797421731,0.75,,4344.0,35,False
2026-03-04 03:39:30+00:00,,,,,,,,0.7567033427643298,0.76,,19086.0,30,False
2026-03-04 03:40:00+00:00,,,,,,,,0.7531521347829219,0.76,,13889.0,33,False
2026-03-04 03:40:30+00:00,,,,,,,,0.7582019363762103,0.76,,7230.0,41,False
2026-03-04 03:41:00+00:00,,,,,,,,0.7601591981132075,0.76,,6784.0,58,False
2026-03-04 03:41:30+00:00,18.0,1.0,11:42,3.0,0.0,3.0,0.739,0.7602690534698929,0.76,0.02126905346989294,55751.0,81,False
2026-03-04 03:42:00+00:00,58.0,1.0,11:02,3.0,3.0,0.0,0.679,0.7508531956884773,0.75,0.07185319568847726,26348.0,82,False
2026-03-04 03:42:30+00:00,84.0,1.0,10:36,3.0,3.0,0.0,0.641,0.7510016079891672,0.75,0.11000160798916714,23632.0,80,False
2026-03-04 03:43:00+00:00,84.0,1.0,10:36,3.0,3.0,0.0,0.677,0.7504769550434454,0.75,0.07347695504344531,10588.0,57,False
2026-03-04 03:43:30+00:00,84.0,1.0,10:36,3.0,4.0,-1.0,0.677,0.7499617826667206,0.77,0.0729617826667206,49454.0,77,False
2026-03-04 03:44:00+00:00,130.0,1.0,9:50,5.0,4.0,1.0,0.702,0.7482958879281048,0.75,0.046295887928104795,26483.0,74,False
2026-03-04 03:44:30+00:00,140.0,1.0,9:40,5.0,4.0,1.0,0.697,0.7442195625845979,0.73,0.04721956258459792,14037.0,81,False
2026-03-04 03:45:00+00:00,164.0,1.0,9:16,5.0,6.0,-1.0,0.655,0.7292542918454935,0.73,0.07425429184549348,20504.0,105,False
2026-03-04 03:45:30+00:00,176.0,1.0,9:04,5.0,6.0,-1.0,0.672,0.7347310450290344,0.73,0.06273104502903437,48391.0,98,False
2026-03-04 03:46:00+00:00,197.0,1.0,8:43,7.0,6.0,1.0,0.696,0.7413349123638087,0.75,0.04533491236380871,10555.0,76,False
2026-03-04 03:46:30+00:00,212.0,1.0,8:28,7.0,6.0,1.0,0.71,0.7604167606332596,0.77,0.050416760633259616,22171.0,86,False
2026-03-04 03:47:00+00:00,215.0,1.0,8:25,7.0,6.0,1.0,0.745,0.767875207296849,0.77,0.022875207296849,14472.0,64,False
2026-03-04 03:47:30+00:00,215.0,1.0,8:25,9.0,6.0,3.0,0.737,0.7642411946791601,0.76,0.027241194679160086,47812.0,83,False
2026-03-04 03:48:00+00:00,233.0,1.0,8:07,9.0,8.0,1.0,0.715,0.7669488213020642,0.76,0.05194882130206424,24561.0,88,False
2026-03-04 03:48:30+00:00,267.0,1.0,7:33,12.0,11.0,1.0,0.714,0.7422477003769009,0.73,0.02824770037690094,37941.0,118,True
2026-03-04 03:49:00+00:00,291.0,1.0,7:09,12.0,14.0,-2.0,0.645,0.712631821321667,0.71,0.06763182132166701,34744.0,120,True
2026-03-04 03:49:30+00:00,314.0,1.0,6:46,12.0,16.0,-4.0,0.594,0.6919394663480685,0.6799999999999999,0.0979394663480685,25110.0,132,True
2026-03-04 03:50:00+00:00,314.0,1.0,6:46,12.0,16.0,-4.0,0.594,0.7032071328179902,0.7,0.10920713281799022,34152.0,110,True
2026-03-04 03:50:30+00:00,314.0,1.0,6:46,12.0,16.0,-4.0,0.594,0.690597611552491,0.7,0.09659761155249103,20013.0,127,False
2026-03-04 03:51:00+00:00,314.0,1.0,6:46,12.0,16.0,-4.0,0.594,0.6876949384404923,0.6799999999999999,0.09369493844049237,14620.0,112,False
2026-03-04 03:51:30+00:00,314.0,1.0,6:46,12.0,16.0,-4.0,0.594,0.6904178075245919,0.7,0.09641780752459195,49305.0,94,False
2026-03-04 03:52:00+00:00,314.0,1.0,6:46,12.0,16.0,-4.0,0.594,0.6963738019169329,0.7,0.1023738019169329,16276.0,76,False
2026-03-04 03:52:30+00:00,314.0,1.0,6:46,12.0,16.0,-4.0,0.594,0.6734383029905419,0.66,0.07943830299054189,18291.0,124,False
2026-03-04 03:53:00+00:00,359.0,1.0,6:01,12.0,18.0,-6.0,0.511,0.6452576328388667,0.64,0.13425763283886671,50964.0,181,False
2026-03-04 03:53:30+00:00,366.0,1.0,5:54,12.0,18.0,-6.0,0.51,0.6625322096289838,0.68,0.15253220962898384,20646.0,131,False
2026-03-04 03:54:00+00:00,380.0,1.0,5:40,12.0,18.0,-6.0,0.576,0.6761028576422267,0.68,0.1001028576422267,22886.0,108,False
2026-03-04 03:54:30+00:00,380.0,1.0,5:40,13.0,18.0,-5.0,0.583,0.6846567315073111,0.67,0.10165673150731114,53413.0,138,False
2026-03-04 03:55:00+00:00,399.0,1.0,5:21,14.0,20.0,-6.0,0.535,0.6671425208897259,0.68,0.1321425208897259,25491.0,122,False
2026-03-04 03:55:30+00:00,411.0,1.0,5:09,14.0,20.0,-6.0,0.574,0.6705020095548646,0.68,0.09650200955486465,13187.0,124,False
2026-03-04 03:56:00+00:00,421.0,1.0,4:59,16.0,20.0,-4.0,0.558,0.6900276379429474,0.72,0.13202763794294736,20262.0,97,False
2026-03-04 03:56:30+00:00,448.0,1.0,4:32,18.0,20.0,-2.0,0.656,0.720694125699561,0.73,0.06469412569956101,24837.0,98,True
2026-03-04 03:57:00+00:00,448.0,1.0,4:32,19.0,20.0,-1.0,0.636,0.72600310644489,0.73,0.09000310644488996,50862.0,95,True
2026-03-04 03:57:30+00:00,461.0,1.0,4:19,19.0,20.0,-1.0,0.635,0.7249069902630433,0.71,0.08990699026304327,13762.0,69,True
2026-03-04 03:58:00+00:00,461.0,1.0,4:19,19.0,20.0,-1.0,0.635,0.7268085506519557,0.73,0.0918085506519557,15952.0,58,True
2026-03-04 03:58:30+00:00,461.0,1.0,4:19,19.0,20.0,-1.0,0.635,0.7205980565371024,0.71,0.0855980565371024,11320.0,79,False
2026-03-04 03:59:00+00:00,461.0,1.0,4:19,19.0,20.0,-1.0,0.635,0.7172127048800815,0.71,0.08221270488008148,10799.0,48,False
2026-03-04 03:59:30+00:00,461.0,1.0,4:19,19.0,20.0,-1.0,0.635,0.7106605938390932,0.7,0.07566059383909318,28762.0,52,False
2026-03-04 04:00:00+00:00,461.0,1.0,4:19,19.0,20.0,-1.0,0.635,0.7073159490600365,0.69,0.07231594906003647,8245.0,59,False
2026-03-04 04:00:30+00:00,486.0,1.0,3:54,19.0,22.0,-3.0,0.584,0.6807564053860116,0.69,0.0967564053860116,23691.0,85,False
2026-03-04 04:01:00+00:00,507.0,1.0,3:33,19.0,24.0,-5.0,0.556,0.6842473081313,0.69,0.12824730813129992,72719.0,106,False
2026-03-04 04:01:30+00:00,519.0,1.0,3:21,22.0,24.0,-2.0,0.608,0.7335452802425648,0.75,0.12554528024256484,22427.0,106,False
2026-03-04 04:02:00+00:00,537.0,1.0,3:03,25.0,24.0,1.0,0.683,0.7490457193292144,0.75,0.06604571932921433,28325.0,92,False
2026-03-04 04:02:30+00:00,568.0,1.0,2:32,25.0,26.0,-1.0,0.658,0.7461352278294954,0.76,0.08813522782949534,10205.0,74,False
2026-03-04 04:03:00+00:00,585.0,1.0,2:15,27.0,26.0,1.0,0.682,0.752726800103977,0.73,0.07072680010397692,69246.0,99,False
2026-03-04 04:03:30+00:00,604.0,1.0,1:56,27.0,26.0,1.0,0.642,0.7388874703629399,0.73,0.09688747036293988,21932.0,59,False
2026-03-04 04:04:00+00:00,604.0,1.0,1:56,27.0,28.0,-1.0,0.656,0.7200420142106888,0.74,0.06404201421068878,16185.0,73,False
2026-03-04 04:04:30+00:00,630.0,1.0,1:30,29.0,28.0,1.0,0.682,0.7326417990124116,0.72,0.050641799012411504,14986.0,74,False
2026-03-04 04:05:00+00:00,660.0,1.0,1:00,31.0,31.0,0.0,0.656,0.7271012860227165,0.74,0.07110128602271648,31959.0,68,False
2026-03-04 04:05:30+00:00,679.6,1.0,40.4,31.0,31.0,0.0,0.655,0.7364872425192845,0.75,0.08148724251928452,11797.0,62,False
2026-03-04 04:06:00+00:00,680.6,1.0,39.4,31.0,31.0,0.0,0.679,0.7228957465468099,0.72,0.04389574654680983,18244.0,57,False
2026-03-04 04:06:30+00:00,688.4,1.0,31.6,31.0,33.0,-2.0,0.626,0.7113407146980113,0.71,0.0853407146980113,19057.0,78,False
2026-03-04 04:07:00+00:00,703.8,1.0,16.2,31.0,33.0,-2.0,0.598,0.7018716411740388,0.7,0.1038716411740388,9676.0,85,False
2026-03-04 04:07:30+00:00,703.8,1.0,16.2,31.0,33.0,-2.0,0.598,0.7046794694667035,0.7,0.10667946946670348,14476.0,63,False
2026-03-04 04:08:00+00:00,720.0,1.0,0.0,31.0,33.0,-2.0,0.614,0.6996761504472465,0.71,0.08567615044724652,37116.0,64,False
2026-03-04 04:08:30+00:00,720.0,1.0,0.0,31.0,33.0,-2.0,0.614,0.6973015046597595,0.71,0.0833015046597595,19207.0,82,False
2026-03-04 04:09:00+00:00,720.0,1.0,0.0,31.0,33.0,-2.0,0.614,0.7008704883227177,0.69,0.08687048832271771,8007.0,63,False
2026-03-04 04:09:30+00:00,720.0,1.0,0.0,31.0,33.0,-2.0,0.614,0.7023066298342541,0.71,0.08830662983425408,6516.0,41,False
2026-03-04 04:10:00+00:00,720.0,1.0,0.0,31.0,33.0,-2.0,0.614,0.7007844276583381,0.69,0.08678442765833816,1721.0,43,False
2026-03-04 04:10:30+00:00,720.0,2.0,12:00,31.0,33.0,-2.0,0.614,0.700203128789716,0.69,0.08620312878971603,16492.0,54,False
2026-03-04 04:11:00+00:00,731.0,2.0,11:49,31.0,33.0,-2.0,0.554,0.6907104892070721,0.6799999999999999,0.13671048920707207,9219.0,68,False
2026-03-04 04:11:30+00:00,731.0,2.0,11:49,31.0,35.0,-4.0,0.57,0.6941932679170288,0.69,0.1241932679170289,8051.0,66,False
2026-03-04 04:12:00+00:00,761.0,2.0,11:19,33.0,35.0,-2.0,0.623,0.7176344339622641,0.72,0.09463443396226412,21200.0,72,False
2026-03-04 04:12:30+00:00,775.0,2.0,11:05,33.0,35.0,-2.0,0.644,0.724271728847024,0.72,0.08027172884702394,24311.0,90,False
2026-03-04 04:13:00+00:00,775.0,2.0,11:05,35.0,35.0,0.0,0.65,0.7430969414204251,0.76,0.09309694142042513,9645.0,67,False
2026-03-04 04:13:30+00:00,792.0,2.0,10:48,37.0,35.0,2.0,0.742,0.7528913288288288,0.75,0.010891328828828817,7104.0,60,False
2026-03-04 04:14:00+00:00,805.0,2.0,10:35,37.0,35.0,2.0,0.701,0.7580928800048311,0.77,0.05709288000483115,16559.0,65,False
2026-03-04 04:14:30+00:00,820.0,2.0,10:20,37.0,35.0,2.0,0.701,0.7789775199419868,0.79,0.07797751994198687,13790.0,87,False
2026-03-04 04:15:00+00:00,832.0,2.0,10:08,39.0,35.0,4.0,0.785,0.7910424166536234,0.8,0.0060424166536233725,12778.0,72,False
2026-03-04 04:15:30+00:00,832.0,2.0,10:08,40.0,35.0,5.0,0.77,0.7967192130651365,0.8,0.02671921306513647,31718.0,57,False
2026-03-04 04:16:00+00:00,849.0,2.0,9:51,40.0,35.0,5.0,0.77,0.796116588084012,0.81,0.02611658808401196,4666.0,61,False
2026-03-04 04:16:30+00:00,866.0,2.0,9:34,40.0,35.0,5.0,0.769,0.79317169294037,0.81,0.024171692940370026,17508.0,53,True
2026-03-04 04:17:00+00:00,886.0,2.0,9:14,40.0,35.0,5.0,0.79,0.8059275091281505,0.81,0.01592750912815044,11229.0,73,True
2026-03-04 04:17:30+00:00,913.0,2.0,8:47,42.0,35.0,7.0,0.81,0.8130273950397149,0.81,0.003027395039714831,30845.0,81,True
2026-03-04 04:18:00+00:00,913.0,2.0,8:47,42.0,35.0,7.0,0.81,0.8215023107320668,0.83,0.011502310732066756,44791.0,64,True
2026-03-04 04:18:30+00:00,913.0,2.0,8:47,42.0,35.0,7.0,0.81,0.8201134531214004,0.81,0.010113453121400329,17364.0,53,True
2026-03-04 04:19:00+00:00,913.0,2.0,8:47,42.0,35.0,7.0,0.81,0.823053394758704,0.83,0.013053394758703929,13241.0,62,False
2026-03-04 04:19:30+00:00,913.0,2.0,8:47,42.0,35.0,7.0,0.81,0.820464931452414,0.81,0.010464931452413895,10066.0,63,False
2026-03-04 04:20:00+00:00,913.0,2.0,8:47,42.0,35.0,7.0,0.81,0.8125706428325885,0.83,0.0025706428325884545,29090.0,63,False
2026-03-04 04:20:30+00:00,913.0,2.0,8:47,42.0,35.0,7.0,0.81,0.8192619835723919,0.8,0.00926198357239183,8157.0,44,False
2026-03-04 04:21:00+00:00,929.0,2.0,8:31,42.0,37.0,5.0,0.79,0.8036528901090747,0.81,0.013652890109074667,13477.0,60,False
2026-03-04 04:21:30+00:00,955.0,2.0,8:05,44.0,37.0,7.0,0.81,0.8440674073823917,0.85,0.03406740738239167,29611.0,101,False
2026-03-04 04:22:00+00:00,998.0,2.0,7:22,47.0,39.0,8.0,0.848,0.839917217917218,0.84,-0.008082782082782014,26455.0,87,False
2026-03-04 04:22:30+00:00,998.0,2.0,7:22,47.0,39.0,8.0,0.816,0.8361733851167359,0.8200000000000001,0.020173385116735942,67203.0,78,True
2026-03-04 04:23:00+00:00,1013.0,2.0,7:07,47.0,40.0,7.0,0.811,0.8176250631632136,0.82,0.00662506316321354,11874.0,62,True
2026-03-04 04:23:30+00:00,1013.0,2.0,7:07,47.0,40.0,7.0,0.811,0.8216497461928933,0.83,0.010649746192893272,13002.0,47,True
2026-03-04 04:24:00+00:00,1013.0,2.0,7:07,47.0,40.0,7.0,0.831,0.8240146740664096,0.83,-0.006985325933590358,10631.0,47,True
2026-03-04 04:24:30+00:00,1013.0,2.0,7:07,47.0,40.0,7.0,0.831,0.8278076664425016,0.83,-0.0031923335574983724,2974.0,34,False
2026-03-04 04:25:00+00:00,1013.0,2.0,7:07,47.0,40.0,7.0,0.831,0.8289491140787291,0.8200000000000001,-0.002050885921270895,11457.0,43,False
2026-03-04 04:25:30+00:00,1013.0,2.0,7:07,47.0,40.0,7.0,0.831,0.8252380952380951,0.83,-0.005761904761904857,3843.0,33,False
2026-03-04 04:26:00+00:00,1013.0,2.0,7:07,47.0,40.0,7.0,0.831,0.8273764970059879,0.83,-0.00362350299401204,13360.0,63,False
2026-03-04 04:26:30+00:00,1013.0,2.0,7:07,47.0,40.0,7.0,0.831,0.8250316618175595,0.82,-0.005968338182440469,5843.0,53,False
2026-03-04 04:27:00+00:00,1013.0,2.0,7:07,47.0,40.0,7.0,0.811,0.8107865565205113,0.8,-0.00021344347948870634,14163.0,44,False
2026-03-04 04:27:30+00:00,1047.0,2.0,6:33,47.0,42.0,5.0,0.769,0.7888595785748753,0.78,0.019859578574875303,6217.0,64,False
2026-03-04 04:28:00+00:00,1067.0,2.0,6:13,47.0,44.0,3.0,0.745,0.772863601630158,0.78,0.027863601630157997,31408.0,87,False
2026-03-04 04:28:30+00:00,1114.0,2.0,5:26,47.0,44.0,3.0,0.745,0.7738919035579946,0.77,0.028891903557994647,32434.0,80,False
2026-03-04 04:29:00+00:00,1132.0,2.0,5:08,47.0,44.0,3.0,0.745,0.7696778102109378,0.77,0.024677810210937845,18157.0,49,False
2026-03-04 04:29:30+00:00,1142.0,2.0,4:58,47.0,44.0,3.0,0.718,0.7728820682327943,0.78,0.05488206823279429,42355.0,68,False
2026-03-04 04:30:00+00:00,1156.0,2.0,4:44,47.0,44.0,3.0,0.744,0.788303249097473,0.79,0.04430324909747296,3878.0,56,False
2026-03-04 04:30:30+00:00,1170.0,2.0,4:30,49.0,44.0,5.0,0.769,0.8107881829588228,0.8200000000000001,0.041788182958822806,8767.0,60,True
2026-03-04 04:31:00+00:00,1190.0,2.0,4:10,49.0,44.0,5.0,0.791,0.8321646823103305,0.83,0.041164682310330436,25953.0,95,True
2026-03-04 04:31:30+00:00,1208.0,2.0,3:52,51.0,44.0,7.0,0.814,0.8356997051485598,0.83,0.0216997051485599,17636.0,68,True
2026-03-04 04:32:00+00:00,1208.0,2.0,3:52,51.0,44.0,7.0,0.814,0.8351853211009175,0.82,0.02118532110091753,8175.0,45,True
2026-03-04 04:32:30+00:00,1208.0,2.0,3:52,51.0,44.0,7.0,0.814,0.8298734910671174,0.83,0.01587349106711744,20710.0,63,False
2026-03-04 04:33:00+00:00,1208.0,2.0,3:52,51.0,44.0,7.0,0.814,0.836634318482576,0.83,0.02263431848257602,13602.0,56,False
2026-03-04 04:33:30+00:00,1229.0,2.0,3:31,51.0,44.0,7.0,0.834,0.8444519552260504,0.84,0.010451955226050469,27516.0,74,False
2026-03-04 04:34:00+00:00,1238.0,2.0,3:22,51.0,44.0,7.0,0.814,0.8371052631578948,0.85,0.02310526315789485,12312.0,55,False
2026-03-04 04:34:30+00:00,1261.0,2.0,2:59,51.0,44.0,7.0,0.835,0.837496040126716,0.82,0.0024960401267160037,7576.0,63,False
2026-03-04 04:35:00+00:00,1290.0,2.0,2:30,51.0,46.0,5.0,0.792,0.8137138911591467,0.8,0.02171389115914668,35483.0,48,False
2026-03-04 04:35:30+00:00,1290.0,2.0,2:30,51.0,46.0,5.0,0.792,0.802075738707121,0.81,0.010075738707120974,17666.0,59,False
2026-03-04 04:36:00+00:00,1322.0,2.0,1:58,51.0,46.0,5.0,0.793,0.8109253338348692,0.81,0.01792533383486916,10634.0,43,False
2026-03-04 04:36:30+00:00,1336.0,2.0,1:44,51.0,46.0,5.0,0.73,0.7932258166724754,0.77,0.0632258166724754,31561.0,84,False
2026-03-04 04:37:00+00:00,1347.0,2.0,1:33,51.0,48.0,3.0,0.746,0.7877217077027333,0.79,0.04172170770273331,44270.0,83,False
2026-03-04 04:37:30+00:00,1363.0,2.0,1:17,51.0,48.0,3.0,0.782,0.7893627650897227,0.78,0.007362765089722667,29424.0,72,False
2026-03-04 04:38:00+00:00,1363.0,2.0,1:17,51.0,48.0,3.0,0.746,0.7748078788081466,0.76,0.028807878808146614,29903.0,94,False
2026-03-04 04:38:30+00:00,1363.0,2.0,1:17,52.0,48.0,4.0,0.724,0.7676909150757077,0.76,0.04369091507570777,18228.0,86,False
2026-03-04 04:39:00+00:00,1374.0,2.0,1:06,52.0,51.0,1.0,0.685,0.7557851770664046,0.76,0.07078517706640453,52918.0,111,False
2026-03-04 04:39:30+00:00,1386.4,2.0,53.6,54.0,51.0,3.0,0.719,0.7674463626384594,0.77,0.04844636263845947,40084.0,100,False
2026-03-04 04:40:00+00:00,1410.5,2.0,29.5,54.0,51.0,3.0,0.746,0.7496656325405032,0.75,0.0036656325405032275,81228.0,108,False
2026-03-04 04:40:30+00:00,1440.0,2.0,0.0,54.0,51.0,3.0,0.725,0.7566445172999239,0.76,0.0316445172999239,34162.0,86,False
2026-03-04 04:41:00+00:00,1440.0,2.0,0.0,54.0,51.0,3.0,0.725,0.7544917795470997,0.75,0.029491779547099695,9671.0,70,False
2026-03-04 04:41:30+00:00,1440.0,2.0,0.0,54.0,51.0,3.0,0.725,0.754919526267841,0.76,0.029919526267841,9879.0,47,False
2026-03-04 04:42:00+00:00,1440.0,2.0,0.0,54.0,51.0,3.0,0.725,0.7553164215355552,0.75,0.03031642153555525,7411.0,50,False
2026-03-04 04:42:30+00:00,1440.0,2.0,0.0,54.0,51.0,3.0,0.725,0.7551785345717233,0.75,0.03017853457172337,4845.0,48,False
2026-03-04 04:43:00+00:00,1440.0,2.0,0.0,54.0,51.0,3.0,0.725,0.7574618862369887,0.75,0.03246188623698876,9511.0,46,False
2026-03-04 04:43:30+00:00,1440.0,2.0,0.0,54.0,51.0,3.0,0.725,0.756015963907687,0.76,0.031015963907687016,5763.0,47,False
2026-03-04 04:44:00+00:00,1440.0,2.0,0.0,54.0,51.0,3.0,0.725,0.7518573883161512,0.76,0.026857388316151254,5820.0,44,False
2026-03-04 04:44:30+00:00,1440.0,2.0,0.0,54.0,51.0,3.0,0.725,0.7523968330134356,0.75,0.02739683301343565,4168.0,40,False
2026-03-04 04:45:00+00:00,1440.0,2.0,0.0,54.0,51.0,3.0,0.725,0.7539520367936926,0.76,0.028952036793692626,3044.0,41,False
2026-03-04 04:45:30+00:00,1440.0,2.0,0.0,54.0,51.0,3.0,0.725,0.7584304686642519,0.75,0.03343046866425192,9111.0,40,False
2026-03-04 04:46:00+00:00,1440.0,2.0,0.0,54.0,51.0,3.0,0.725,0.7567219783749064,0.76,0.03172197837490642,9341.0,48,False
2026-03-04 04:46:30+00:00,1440.0,2.0,0.0,54.0,51.0,3.0,0.725,0.7534686620240034,0.76,0.028468662024003444,6749.0,35,False
2026-03-04 04:47:00+00:00,1440.0,2.0,0.0,54.0,51.0,3.0,0.725,0.7585319922961695,0.76,0.033531992296169544,4673.0,31,False
2026-03-04 04:47:30+00:00,1440.0,2.0,0.0,54.0,51.0,3.0,0.725,0.7583792939183825,0.75,0.03337929391838257,18893.0,43,False
2026-03-04 04:48:00+00:00,1440.0,2.0,0.0,54.0,51.0,3.0,0.725,0.7581485714285714,0.75,0.033148571428571416,6125.0,39,False
2026-03-04 04:48:30+00:00,1440.0,2.0,0.0,54.0,51.0,3.0,0.725,0.7568061797752811,0.75,0.03180617977528111,3560.0,33,False
2026-03-04 04:49:00+00:00,1440.0,2.0,0.0,54.0,51.0,3.0,0.725,0.759410562777302,0.76,0.034410562777302034,51388.0,38,False
2026-03-04 04:49:30+00:00,1440.0,2.0,0.0,54.0,51.0,3.0,0.725,0.7586070230998508,0.76,0.03360702309985086,21472.0,39,False
2026-03-04 04:50:00+00:00,1440.0,2.0,0.0,54.0,51.0,3.0,0.725,0.7567328541844317,0.75,0.031732854184431725,16418.0,35,False
2026-03-04 04:50:30+00:00,1440.0,2.0,0.0,54.0,51.0,3.0,0.725,0.7586273048984914,0.76,0.03362730489849142,5369.0,35,False
2026-03-04 04:51:00+00:00,1440.0,2.0,0.0,54.0,51.0,3.0,0.725,0.7542416385792068,0.76,0.029241638579206808,3857.0,42,False
2026-03-04 04:51:30+00:00,1440.0,2.0,0.0,54.0,51.0,3.0,0.725,0.75570054446461,0.75,0.030700544464610013,5510.0,39,False
2026-03-04 04:52:00+00:00,1440.0,2.0,0.0,54.0,51.0,3.0,0.725,0.756296851574213,0.75,0.031296851574213025,2668.0,32,False
2026-03-04 04:52:30+00:00,1440.0,2.0,0.0,54.0,51.0,3.0,0.725,0.7592797494780794,0.77,0.034279749478079435,7664.0,39,False
2026-03-04 04:53:00+00:00,1440.0,2.0,0.0,54.0,51.0,3.0,0.725,0.7564256932922494,0.77,0.031425693292249424,4219.0,41,False
2026-03-04 04:53:30+00:00,1440.0,2.0,0.0,54.0,51.0,3.0,0.725,0.7635471277189069,0.77,0.03854712771890689,3586.0,30,False
2026-03-04 04:54:00+00:00,1440.0,2.0,0.0,54.0,51.0,3.0,0.725,0.7605707118218877,0.75,0.03557071182188776,3189.0,32,False
2026-03-04 04:54:30+00:00,1440.0,2.0,0.0,54.0,51.0,3.0,0.725,0.7680297866969583,0.77,0.04302978669695834,7923.0,31,False
2026-03-04 04:55:00+00:00,1440.0,3.0,12:00,54.0,51.0,3.0,0.725,0.76975,0.77,0.04475000000000007,35880.0,29,False
2026-03-04 04:55:30+00:00,1440.0,3.0,12:00,54.0,51.0,3.0,0.725,0.7526364312267657,0.75,0.027636431226765734,6725.0,33,False
2026-03-04 04:56:00+00:00,1440.0,3.0,12:00,54.0,51.0,3.0,0.725,0.7528529462095717,0.77,0.027852946209571683,35062.0,77,True
2026-03-04 04:56:30+00:00,1467.0,3.0,11:33,54.0,51.0,3.0,0.715,0.7733684965913169,0.78,0.05836849659131693,13935.0,48,True
2026-03-04 04:57:00+00:00,1467.0,3.0,11:33,54.0,51.0,3.0,0.715,0.7741994917407877,0.77,0.05919949174078776,7870.0,41,True
2026-03-04 04:57:30+00:00,1467.0,3.0,11:33,54.0,51.0,3.0,0.715,0.7759867082598672,0.76,0.060986708259867184,7373.0,58,True
2026-03-04 04:58:00+00:00,1467.0,3.0,11:33,54.0,51.0,3.0,0.715,0.7745093438364198,0.76,0.059509343836419815,11933.0,62,False
2026-03-04 04:58:30+00:00,1467.0,3.0,11:33,54.0,51.0,3.0,0.715,0.7660894220283533,0.76,0.051089422028353315,4585.0,48,False
2026-03-04 04:59:00+00:00,1467.0,3.0,11:33,54.0,51.0,3.0,0.715,0.7648169320811217,0.77,0.0498169320811217,7347.0,51,False
2026-03-04 04:59:30+00:00,1467.0,3.0,11:33,54.0,51.0,3.0,0.715,0.7716142282817691,0.78,0.0566142282817691,11442.0,56,False
2026-03-04 05:00:00+00:00,1487.0,3.0,11:13,54.0,51.0,3.0,0.714,0.7737638250808235,0.74,0.05976382508082356,5877.0,56,False
2026-03-04 05:00:30+00:00,1496.0,3.0,11:04,54.0,53.0,1.0,0.683,0.7726388612948087,0.79,0.08963886129480869,70466.0,119,False
2026-03-04 05:01:00+00:00,1531.0,3.0,10:29,57.0,53.0,4.0,0.771,0.7967345911949685,0.81,0.02573459119496846,11925.0,89,False
2026-03-04 05:01:30+00:00,1542.0,3.0,10:18,57.0,53.0,4.0,0.771,0.8114267139967803,0.81,0.04042671399678033,48454.0,68,False
2026-03-04 05:02:00+00:00,1561.0,3.0,9:59,59.0,53.0,6.0,0.797,0.8322949596066034,0.81,0.03529495960660334,22776.0,92,False
2026-03-04 05:02:30+00:00,1595.0,3.0,9:25,59.0,56.0,3.0,0.744,0.79083151906735,0.79,0.04683151906735006,14239.0,94,False
2026-03-04 05:03:00+00:00,1611.0,3.0,9:09,59.0,56.0,3.0,0.743,0.7834798708288483,0.8,0.0404798708288483,69675.0,99,False
2026-03-04 05:03:30+00:00,1631.0,3.0,8:49,61.0,56.0,5.0,0.772,0.819786502026581,0.82,0.04778650202658097,21218.0,93,True
2026-03-04 05:04:00+00:00,1661.0,3.0,8:19,61.0,56.0,5.0,0.772,0.8330522662594573,0.85,0.061052266259457255,72035.0,127,True
2026-03-04 05:04:30+00:00,1679.0,3.0,8:01,63.0,56.0,7.0,0.824,0.8443397785490001,0.85,0.020339778549000154,12102.0,65,True
2026-03-04 05:05:00+00:00,1679.0,3.0,8:01,63.0,56.0,7.0,0.824,0.8494140473418703,0.85,0.02541404734187036,25770.0,62,True
2026-03-04 05:05:30+00:00,1679.0,3.0,8:01,63.0,56.0,7.0,0.824,0.8420366345855325,0.85,0.018036634585532507,16105.0,56,False
2026-03-04 05:06:00+00:00,1679.0,3.0,8:01,63.0,56.0,7.0,0.824,0.8434452833888998,0.85,0.019445283388899837,20396.0,57,False
2026-03-04 05:06:30+00:00,1679.0,3.0,8:01,63.0,56.0,7.0,0.824,0.8455941265060242,0.84,0.021594126506024214,13280.0,55,False
2026-03-04 05:07:00+00:00,1679.0,3.0,8:01,63.0,56.0,7.0,0.824,0.846411449377971,0.85,0.022411449377971016,9887.0,55,False
2026-03-04 05:07:30+00:00,1679.0,3.0,8:01,63.0,56.0,7.0,0.824,0.8274913288532408,0.8,0.0034913288532408826,36904.0,83,False
2026-03-04 05:08:00+00:00,1715.0,3.0,7:25,63.0,60.0,3.0,0.744,0.7927728253463547,0.78,0.04877282534635474,35224.0,121,False
2026-03-04 05:08:30+00:00,1749.0,3.0,6:51,63.0,60.0,3.0,0.736,0.7905906392165936,0.8,0.05459063921659357,12969.0,84,False
2026-03-04 05:09:00+00:00,1758.0,3.0,6:42,63.0,60.0,3.0,0.745,0.795958981804982,0.79,0.05095898180498204,22039.0,67,False
2026-03-04 05:09:30+00:00,1758.0,3.0,6:42,63.0,60.0,3.0,0.743,0.7980686549409469,0.8,0.055068654940946926,11769.0,47,False
2026-03-04 05:10:00+00:00,1764.0,3.0,6:36,64.0,60.0,4.0,0.743,0.7612293976079347,0.72,0.01822939760793474,54848.0,164,True
2026-03-04 05:10:30+00:00,1800.0,3.0,6:00,64.0,65.0,-1.0,0.601,0.7125472623797997,0.71,0.11154726237979973,45861.0,165,True
2026-03-04 05:11:00+00:00,1800.0,3.0,6:00,64.0,65.0,-1.0,0.601,0.6991229774290024,0.7,0.09812297742900244,39121.0,173,True
2026-03-04 05:11:30+00:00,1800.0,3.0,6:00,64.0,65.0,-1.0,0.601,0.6995644155939953,0.69,0.09856441559399531,27113.0,127,True
2026-03-04 05:12:00+00:00,1800.0,3.0,6:00,64.0,65.0,-1.0,0.601,0.6843568439687777,0.6699999999999999,0.08335684396877774,99416.0,156,False
2026-03-04 05:12:30+00:00,1813.0,3.0,5:47,64.0,65.0,-1.0,0.558,0.6802322295263256,0.6799999999999999,0.12223222952632551,32554.0,156,False
2026-03-04 05:13:00+00:00,1841.0,3.0,5:19,64.0,65.0,-1.0,0.598,0.6808767082918923,0.66,0.08287670829189231,27147.0,152,False
2026-03-04 05:13:30+00:00,1853.0,3.0,5:07,64.0,67.0,-3.0,0.515,0.6335517469936559,0.6599999999999999,0.1185517469936559,95049.0,289,False
2026-03-04 05:14:00+00:00,1883.0,3.0,4:37,66.0,67.0,-1.0,0.55,0.681274361891571,0.72,0.13127436189157093,161728.0,267,False
2026-03-04 05:14:30+00:00,1910.0,3.0,4:10,68.0,67.0,1.0,0.633,0.7365345317979731,0.76,0.10353453179797312,72426.0,153,False
2026-03-04 05:15:00+00:00,1934.0,3.0,3:46,70.0,67.0,3.0,0.709,0.7463246512140876,0.73,0.03732465121408768,54403.0,126,False
2026-03-04 05:15:30+00:00,1976.0,3.0,3:04,70.0,71.0,-1.0,0.59,0.6905038936248671,0.6699999999999999,0.10050389362486711,46101.0,159,False
2026-03-04 05:16:00+00:00,2006.0,3.0,2:34,70.0,71.0,-1.0,0.538,0.6491601400261067,0.65,0.11116014002610664,33708.0,190,False
2026-03-04 05:16:30+00:00,2008.0,3.0,2:32,70.0,71.0,-1.0,0.538,0.645230923308039,0.65,0.10723092330803896,25961.0,132,False
2026-03-04 05:17:00+00:00,2010.0,3.0,2:30,70.0,71.0,-1.0,0.471,0.6411497451716739,0.63,0.17014974517167392,29824.0,140,False
2026-03-04 05:17:30+00:00,2010.0,3.0,2:30,70.0,73.0,-3.0,0.495,0.6374879633167749,0.64,0.14248796331677493,26170.0,146,False
2026-03-04 05:18:00+00:00,2019.0,3.0,2:21,70.0,73.0,-3.0,0.562,0.6269250080984774,0.5900000000000001,0.06492500809847734,37044.0,167,False
2026-03-04 05:18:30+00:00,2030.0,3.0,2:10,70.0,73.0,-3.0,0.443,0.5854369859303503,0.57,0.1424369859303503,70151.0,255,False
2026-03-04 05:19:00+00:00,2043.0,3.0,1:57,70.0,75.0,-5.0,0.4,0.5689724696047667,0.56,0.16897246960476664,78713.0,256,False
2026-03-04 05:19:30+00:00,2057.0,3.0,1:43,70.0,75.0,-5.0,0.467,0.5790197811161716,0.59,0.11201978111617156,29422.0,205,False
2026-03-04 05:20:00+00:00,2068.0,3.0,1:32,72.0,75.0,-3.0,0.476,0.6271516665541377,0.63,0.1511516665541377,44433.0,180,False
2026-03-04 05:20:30+00:00,2096.0,3.0,1:04,75.0,75.0,0.0,0.579,0.6838545944759694,0.7,0.10485459447596945,31897.0,160,False
2026-03-04 05:21:00+00:00,2111.8,3.0,48.2,75.0,75.0,0.0,0.504,0.6903002741633666,0.6799999999999999,0.18630027416336659,22979.0,116,False
2026-03-04 05:21:30+00:00,2111.8,3.0,48.2,75.0,76.0,-1.0,0.526,0.679798379254457,0.6699999999999999,0.15379837925445694,30850.0,122,False
2026-03-04 05:22:00+00:00,2122.5,3.0,37.5,75.0,76.0,-1.0,0.578,0.6891483196270154,0.6699999999999999,0.11114831962701543,61772.0,157,False
2026-03-04 05:22:30+00:00,2131.3,3.0,28.7,75.0,76.0,-1.0,0.524,0.6508017558582402,0.63,0.12680175585824016,30982.0,121,False
2026-03-04 05:23:00+00:00,2151.6,3.0,8.4,75.0,78.0,-3.0,0.479,0.6280609134317086,0.62,0.14906091343170857,37069.0,153,False
2026-03-04 05:23:30+00:00,2158.8,3.0,1.2,76.0,78.0,-2.0,0.525,0.6301081161137441,0.63,0.10510811611374404,27008.0,133,False
2026-03-04 05:24:00+00:00,2160.0,3.0,0.0,76.0,78.0,-2.0,0.496,0.6367474948366864,0.64,0.14074749483668636,13073.0,112,False
2026-03-04 05:24:30+00:00,2160.0,3.0,0.0,76.0,78.0,-2.0,0.496,0.6370634679623443,0.63,0.14106346796234426,19758.0,104,False
2026-03-04 05:25:00+00:00,2160.0,3.0,0.0,76.0,78.0,-2.0,0.496,0.6362664363182647,0.63,0.14026643631826474,10419.0,86,False
2026-03-04 05:25:30+00:00,2160.0,4.0,12:00,76.0,78.0,-2.0,0.496,0.6366292933280694,0.63,0.1406292933280694,12665.0,95,False
2026-03-04 05:26:00+00:00,2160.0,4.0,12:00,76.0,78.0,-2.0,0.496,0.6283416357214021,0.62,0.13234163572140212,22082.0,94,False
2026-03-04 05:26:30+00:00,2160.0,4.0,12:00,76.0,78.0,-2.0,0.496,0.624446084389651,0.62,0.128446084389651,34554.0,102,False
2026-03-04 05:27:00+00:00,2178.0,4.0,11:42,76.0,78.0,-2.0,0.519,0.6467121318694761,0.67,0.12771213186947605,65398.0,156,False
2026-03-04 05:27:30+00:00,2190.0,4.0,11:30,78.0,78.0,0.0,0.572,0.6886429316778974,0.73,0.11664293167789741,56541.0,140,False
2026-03-04 05:28:00+00:00,2220.0,4.0,11:00,78.0,78.0,0.0,0.703,0.7134767194516662,0.71,0.010476719451666283,131161.0,151,False
2026-03-04 05:28:30+00:00,2220.0,4.0,11:00,79.0,78.0,1.0,0.623,0.6483539963070429,0.64,0.025353996307042936,106148.0,183,False
2026-03-04 05:29:00+00:00,2263.0,4.0,10:17,81.0,81.0,0.0,0.57,0.6412884667448787,0.5800000000000001,0.07128846674487876,44324.0,199,False
2026-03-04 05:29:30+00:00,2287.0,4.0,9:53,81.0,84.0,-3.0,0.463,0.5517408703829476,0.54,0.08874087038294759,95705.0,277,False
2026-03-04 05:30:00+00:00,2308.0,4.0,9:32,81.0,84.0,-3.0,0.384,0.5156171577284133,0.52,0.13161715772841331,107590.0,243,False
2026-03-04 05:30:30+00:00,2308.0,4.0,9:32,81.0,84.0,-3.0,0.375,0.5020343040538764,0.52,0.1270343040538764,190065.0,299,False
2026-03-04 05:31:00+00:00,2308.0,4.0,9:32,81.0,85.0,-4.0,0.387,0.5319875575739115,0.51,0.14498755757391146,108339.0,306,False
2026-03-04 05:31:30+00:00,2336.0,4.0,9:04,83.0,87.0,-4.0,0.381,0.5223677461176404,0.5800000000000001,0.14136774611764036,106443.0,214,False
2026-03-04 05:32:00+00:00,2356.0,4.0,8:44,85.0,87.0,-2.0,0.555,0.5812955968197787,0.59,0.026295596819778666,37859.0,204,False
2026-03-04 05:32:30+00:00,2356.0,4.0,8:44,86.0,87.0,-1.0,0.5,0.5428401221995927,0.55,0.042840122199592656,127660.0,226,False
2026-03-04 05:33:00+00:00,2369.0,4.0,8:31,86.0,87.0,-1.0,0.443,0.5435574185738943,0.53,0.10055741857389427,44611.0,200,False
2026-03-04 05:33:30+00:00,2369.0,4.0,8:31,86.0,88.0,-2.0,0.428,0.5438069310763038,0.55,0.11580693107630385,38753.0,181,False
2026-03-04 05:34:00+00:00,2369.0,4.0,8:31,86.0,89.0,-3.0,0.431,0.5281847916348907,0.49,0.09718479163489074,59007.0,210,False
2026-03-04 05:34:30+00:00,2397.0,4.0,8:03,86.0,89.0,-3.0,0.365,0.4607273896098678,0.45,0.09572738960986782,124445.0,295,False
2026-03-04 05:35:00+00:00,2403.0,4.0,7:57,86.0,90.0,-4.0,0.258,0.42937596445485016,0.39,0.17137596445485015,75172.0,362,False
2026-03-04 05:35:30+00:00,2416.0,4.0,7:44,86.0,91.0,-5.0,0.298,0.4220622353411771,0.42000000000000004,0.12406223534117711,72499.0,337,False
2026-03-04 05:36:00+00:00,2416.0,4.0,7:44,86.0,91.0,-5.0,0.316,0.32129099609653616,0.27,0.00529099609653616,154222.0,517,True
2026-03-04 05:36:30+00:00,2440.0,4.0,7:20,86.0,93.0,-7.0,0.127,0.25375043733721336,0.25,0.12675043733721336,180067.0,632,True
2026-03-04 05:37:00+00:00,2441.0,4.0,7:19,86.0,94.0,-8.0,0.155,0.25497616537305395,0.26,0.09997616537305395,178312.0,432,True
2026-03-04 05:37:30+00:00,2441.0,4.0,7:19,86.0,94.0,-8.0,0.155,0.26054313932621453,0.27,0.10554313932621454,157142.0,378,True
2026-03-04 05:38:00+00:00,2441.0,4.0,7:19,86.0,94.0,-8.0,0.155,0.2684668061884073,0.27,0.1134668061884073,75496.0,332,False
2026-03-04 05:38:30+00:00,2441.0,4.0,7:19,86.0,94.0,-8.0,0.155,0.2729499306858028,0.27,0.11794993068580281,73578.0,260,False
2026-03-04 05:39:00+00:00,2441.0,4.0,7:19,86.0,94.0,-8.0,0.155,0.2784131091736427,0.27,0.1234131091736427,57578.0,265,False
2026-03-04 05:39:30+00:00,2441.0,4.0,7:19,86.0,94.0,-8.0,0.155,0.28852026371921663,0.31,0.13352026371921663,51570.0,226,False
2026-03-04 05:40:00+00:00,2454.0,4.0,7:06,88.0,94.0,-6.0,0.188,0.3592058932231294,0.46,0.1712058932231294,59526.0,318,False
2026-03-04 05:40:30+00:00,2477.0,4.0,6:43,91.0,94.0,-3.0,0.337,0.5260887383573243,0.56,0.18908873835732426,88575.0,361,False
2026-03-04 05:41:00+00:00,2499.0,4.0,6:21,91.0,94.0,-3.0,0.508,0.5353740101722885,0.48,0.027374010172288465,162402.0,369,False
2026-03-04 05:41:30+00:00,2501.0,4.0,6:19,91.0,94.0,-3.0,0.341,0.4808171210155063,0.44,0.13981712101550625,198049.0,395,False
2026-03-04 05:42:00+00:00,2530.0,4.0,5:50,91.0,94.0,-3.0,0.403,0.4893175054987709,0.52,0.08631750549877087,92748.0,296,False
2026-03-04 05:42:30+00:00,2535.0,4.0,5:45,91.0,94.0,-3.0,0.402,0.505496514782131,0.51,0.10349651478213096,58246.0,220,False
2026-03-04 05:43:00+00:00,2535.0,4.0,5:45,91.0,94.0,-3.0,0.366,0.5080877457609486,0.5,0.14208774576094862,38452.0,193,False
2026-03-04 05:43:30+00:00,2535.0,4.0,5:45,91.0,94.0,-3.0,0.366,0.5230547865080913,0.54,0.15705478650809135,25645.0,187,False
2026-03-04 05:44:00+00:00,2535.0,4.0,5:45,91.0,94.0,-3.0,0.366,0.5566310736677116,0.56,0.1906310736677116,71456.0,306,False
2026-03-04 05:44:30+00:00,2541.0,4.0,5:39,92.0,94.0,-2.0,0.518,0.5824403878381614,0.59,0.06444038783816142,83540.0,261,False
2026-03-04 05:45:00+00:00,2541.0,4.0,5:39,93.0,94.0,-1.0,0.464,0.6136819633551857,0.74,0.14968196335518563,89235.0,385,False
2026-03-04 05:45:30+00:00,2576.0,4.0,5:04,96.0,94.0,2.0,0.665,0.7638369066001504,0.79,0.09883690660015032,202056.0,529,True
2026-03-04 05:46:00+00:00,2595.0,4.0,4:45,96.0,94.0,2.0,0.73,0.8409563733778014,0.84,0.1109563733778014,518124.0,648,True
2026-03-04 05:46:30+00:00,2611.0,4.0,4:29,98.0,94.0,4.0,0.783,0.8315270470695012,0.83,0.04852704706950117,135523.0,372,True
2026-03-04 05:47:00+00:00,2611.0,4.0,4:29,98.0,94.0,4.0,0.783,0.8244404577191621,0.82,0.04144045771916205,123744.0,296,True
2026-03-04 05:47:30+00:00,2611.0,4.0,4:29,98.0,94.0,4.0,0.783,0.8227326142243271,0.82,0.039732614224327056,57015.0,242,False
2026-03-04 05:48:00+00:00,2611.0,4.0,4:29,98.0,94.0,4.0,0.783,0.8198955842702346,0.81,0.03689558427023454,78628.0,182,False
2026-03-04 05:48:30+00:00,2611.0,4.0,4:29,98.0,94.0,4.0,0.783,0.8172728437233133,0.81,0.034272843723313295,23420.0,176,False
2026-03-04 05:49:00+00:00,2611.0,4.0,4:29,98.0,94.0,4.0,0.783,0.8281145239267,0.86,0.04511452392670001,69086.0,189,False
2026-03-04 05:49:30+00:00,2635.0,4.0,4:05,98.0,94.0,4.0,0.838,0.853469057525923,0.89,0.01546905752592298,90846.0,275,True
2026-03-04 05:50:00+00:00,2657.0,4.0,3:43,98.0,94.0,4.0,0.843,0.869110767522994,0.88,0.026110767522994016,126120.0,232,True
2026-03-04 05:50:30+00:00,2669.0,4.0,3:31,98.0,94.0,4.0,0.847,0.8763991462113127,0.88,0.029399146211312677,70275.0,201,True
2026-03-04 05:51:00+00:00,2669.0,4.0,3:31,98.0,94.0,4.0,0.847,0.8792173781181287,0.87,0.03221737811812875,131890.0,160,True
2026-03-04 05:51:30+00:00,2669.0,4.0,3:31,98.0,94.0,4.0,0.847,0.8808482270382263,0.93,0.03384822703822632,290559.0,321,False
2026-03-04 05:52:00+00:00,2687.0,4.0,3:13,100.0,94.0,6.0,0.891,0.9142237432607451,0.9,0.023223743260745056,132804.0,303,False
2026-03-04 05:52:30+00:00,2698.0,4.0,3:02,100.0,96.0,4.0,0.854,0.8982804383436845,0.81,0.04428043834368456,114157.0,287,False
2026-03-04 05:53:00+00:00,2729.0,4.0,2:31,100.0,98.0,2.0,0.749,0.819437005781115,0.85,0.070437005781115,60196.0,377,False
2026-03-04 05:53:30+00:00,2756.0,4.0,2:04,100.0,98.0,2.0,0.847,0.8440278501875178,0.84,-0.002972149812482172,59461.0,364,False
2026-03-04 05:54:00+00:00,2756.0,4.0,2:04,100.0,98.0,2.0,0.847,0.8469158370056036,0.86,-8.41629943963973e-05,73524.0,302,False
2026-03-04 05:54:30+00:00,2756.0,4.0,2:04,102.0,98.0,4.0,0.818,0.8977455669065122,0.95,0.07974556690651224,115213.0,341,True
2026-03-04 05:55:00+00:00,2786.0,4.0,1:34,105.0,98.0,7.0,0.951,0.9729550699941761,0.98,0.02195506999417618,324527.0,564,True
2026-03-04 05:55:30+00:00,2786.0,4.0,1:34,105.0,98.0,7.0,0.951,0.976653275127049,0.97,0.02565327512704907,195397.0,363,True
2026-03-04 05:56:00+00:00,2786.0,4.0,1:34,105.0,98.0,7.0,0.951,0.9784424298665144,0.97,0.02744242986651446,98063.0,203,True
2026-03-04 05:56:30+00:00,2786.0,4.0,1:34,105.0,98.0,7.0,0.951,0.974204531743925,0.98,0.023204531743925005,124323.0,208,False
2026-03-04 05:57:00+00:00,2799.0,4.0,1:21,105.0,98.0,7.0,0.97,0.9893309750707929,0.99,0.019330975070792955,334427.0,204,False
2026-03-04 05:57:30+00:00,2824.1,4.0,55.9,108.0,100.0,8.0,0.991,0.99,0.99,-0.0010000000000000009,32864.0,79,False
2026-03-04 05:58:00+00:00,2824.1,4.0,55.9,108.0,101.0,7.0,0.983,0.9900000000000002,0.99,0.007000000000000228,83462.0,109,False
2026-03-04 05:58:30+00:00,2837.2,4.0,42.8,108.0,101.0,7.0,0.995,0.9899999999999999,0.99,-0.0050000000000001155,11430.0,54,False
2026-03-04 05:59:00+00:00,2837.2,4.0,42.8,109.0,101.0,8.0,0.996,0.9899999999999999,0.99,-0.006000000000000116,9329.0,44,False
2026-03-04 05:59:30+00:00,2837.2,4.0,42.8,110.0,101.0,9.0,0.992,0.99,0.99,-0.0020000000000000018,10753.0,35,False
2026-03-04 06:00:00+00:00,2850.4,4.0,29.6,110.0,101.0,9.0,0.995,0.99,0.99,-0.0050000000000000044,14504.0,17,False
2026-03-04 06:00:30+00:00,2879.5,4.0,0.5,110.0,101.0,9.0,0.999,0.99,0.99,-0.009000000000000008,4109.0,17,False
2026-03-04 06:01:00+00:00,2880.0,4.0,0.0,110.0,101.0,9.0,1.0,0.9899999999999998,0.99,-0.010000000000000231,6152.0,22,False
2026-03-04 06:01:30+00:00,2880.0,4.0,0.0,110.0,101.0,9.0,1.0,0.9900000000000001,0.99,-0.009999999999999898,1747.0,19,False
2026-03-04 06:02:00+00:00,2880.0,4.0,0.0,110.0,101.0,9.0,1.0,0.9900000000000001,0.99,-0.009999999999999898,0.0,0,False
2026-03-04 06:02:30+00:00,2880.0,4.0,0.0,110.0,101.0,9.0,1.0,0.9900000000000001,0.99,-0.009999999999999898,0.0,0,False
2026-03-04 06:03:00+00:00,2880.0,4.0,0.0,110.0,101.0,9.0,1.0,0.9900000000000001,0.99,-0.009999999999999898,0.0,0,False
2026-03-04 06:03:30+00:00,2880.0,4.0,0.0,110.0,101.0,9.0,1.0,0.9900000000000001,0.99,-0.009999999999999898,0.0,0,False
