bucket_start_utc,game_seconds_elapsed,period,game_clock,fav_score,dog_score,score_margin,fav_wp_espn,fav_kalshi_vwap,fav_kalshi_last,delta,kalshi_volume,kalshi_trade_count,is_timeout_window
2026-03-10 16:27:30+00:00,,,,,,,,0.16000000000000003,0.16000000000000003,,15.0,1,False
2026-03-10 16:28:00+00:00,,,,,,,,0.16000000000000003,0.16000000000000003,,0.0,0,False
2026-03-10 16:28:30+00:00,,,,,,,,0.16000000000000003,0.16000000000000003,,0.0,0,False
2026-03-10 16:29:00+00:00,,,,,,,,0.16000000000000003,0.16000000000000003,,0.0,0,False
2026-03-10 16:29:30+00:00,,,,,,,,0.16000000000000003,0.16000000000000003,,0.0,0,False
2026-03-10 16:30:00+00:00,,,,,,,,0.16000000000000003,0.16000000000000003,,0.0,0,False
2026-03-10 16:30:30+00:00,,,,,,,,0.16000000000000003,0.16000000000000003,,0.0,0,False
2026-03-10 16:31:00+00:00,,,,,,,,0.16000000000000003,0.16000000000000003,,0.0,0,False
2026-03-10 16:31:30+00:00,,,,,,,,0.16,0.16000000000000003,,7.0,1,False
2026-03-10 16:32:00+00:00,,,,,,,,0.16,0.16000000000000003,,0.0,0,False
2026-03-10 16:32:30+00:00,,,,,,,,0.16,0.16000000000000003,,0.0,0,False
2026-03-10 16:33:00+00:00,,,,,,,,0.16,0.16000000000000003,,0.0,0,False
2026-03-10 16:33:30+00:00,,,,,,,,0.16,0.16000000000000003,,0.0,0,False
2026-03-10 16:34:00+00:00,,,,,,,,0.16,0.16000000000000003,,0.0,0,False
2026-03-10 16:34:30+00:00,,,,,,,,0.16,0.16000000000000003,,0.0,0,False
2026-03-10 16:35:00+00:00,,,,,,,,0.16,0.16000000000000003,,0.0,0,False
2026-03-10 16:35:30+00:00,,,,,,,,0.16,0.16000000000000003,,0.0,0,False
2026-03-10 16:36:00+00:00,,,,,,,,0.16,0.16000000000000003,,0.0,0,False
2026-03-10 16:36:30+00:00,,,,,,,,0.16,0.16000000000000003,,0.0,0,False
2026-03-10 16:37:00+00:00,,,,,,,,0.16,0.16000000000000003,,0.0,0,False
2026-03-10 16:37:30+00:00,,,,,,,,0.16,0.16000000000000003,,0.0,0,False
2026-03-10 16:38:00+00:00,,,,,,,,0.16,0.16000000000000003,,0.0,0,False
2026-03-10 16:38:30+00:00,,,,,,,,0.16,0.16000000000000003,,0.0,0,False
2026-03-10 16:39:00+00:00,,,,,,,,0.16,0.16000000000000003,,0.0,0,False
2026-03-10 16:39:30+00:00,,,,,,,,0.16,0.16000000000000003,,0.0,0,False
2026-03-10 16:40:00+00:00,,,,,,,,0.31200000000000006,0.22999999999999998,,20.0,4,False
2026-03-10 16:40:30+00:00,,,,,,,,0.86,0.86,,10.0,2,False
2026-03-10 16:41:00+00:00,,,,,,,,0.86,0.86,,0.0,0,False
2026-03-10 16:41:30+00:00,,,,,,,,0.86,0.86,,0.0,0,False
2026-03-10 16:42:00+00:00,,,,,,,,0.86,0.86,,0.0,0,False
2026-03-10 16:42:30+00:00,,,,,,,,0.86,0.86,,0.0,0,False
2026-03-10 16:43:00+00:00,,,,,,,,0.86,0.86,,0.0,0,False
2026-03-10 16:43:30+00:00,,,,,,,,0.86,0.86,,0.0,0,False
2026-03-10 16:44:00+00:00,,,,,,,,0.86,0.86,,0.0,0,False
2026-03-10 16:44:30+00:00,,,,,,,,0.86,0.86,,0.0,0,False
2026-03-10 16:45:00+00:00,,,,,,,,0.86,0.86,,0.0,0,False
2026-03-10 16:45:30+00:00,,,,,,,,0.86,0.86,,0.0,0,False
2026-03-10 16:46:00+00:00,,,,,,,,0.86,0.86,,0.0,0,False
2026-03-10 16:46:30+00:00,,,,,,,,0.86,0.86,,0.0,0,False
2026-03-10 16:47:00+00:00,,,,,,,,0.86,0.86,,0.0,0,False
2026-03-10 16:47:30+00:00,,,,,,,,0.86,0.86,,0.0,0,False
2026-03-10 16:48:00+00:00,,,,,,,,0.86,0.86,,0.0,0,False
2026-03-10 16:48:30+00:00,,,,,,,,0.86,0.86,,0.0,0,False
2026-03-10 16:49:00+00:00,,,,,,,,0.86,0.86,,0.0,0,False
2026-03-10 16:49:30+00:00,,,,,,,,0.84,0.84,,38.0,4,False
2026-03-10 16:50:00+00:00,,,,,,,,0.84,0.84,,0.0,0,False
2026-03-10 16:50:30+00:00,,,,,,,,0.84,0.84,,0.0,0,False
2026-03-10 16:51:00+00:00,,,,,,,,0.84,0.84,,0.0,0,False
2026-03-10 16:51:30+00:00,,,,,,,,0.84,0.84,,0.0,0,False
2026-03-10 16:52:00+00:00,,,,,,,,0.84,0.84,,0.0,0,False
2026-03-10 16:52:30+00:00,,,,,,,,0.84,0.84,,0.0,0,False
2026-03-10 16:53:00+00:00,,,,,,,,0.84,0.84,,0.0,0,False
2026-03-10 16:53:30+00:00,,,,,,,,0.84,0.84,,0.0,0,False
2026-03-10 16:54:00+00:00,,,,,,,,0.84,0.84,,0.0,0,False
2026-03-10 16:54:30+00:00,,,,,,,,0.84,0.84,,0.0,0,False
2026-03-10 16:55:00+00:00,,,,,,,,0.84,0.84,,0.0,0,False
2026-03-10 16:55:30+00:00,,,,,,,,0.84,0.84,,0.0,0,False
2026-03-10 16:56:00+00:00,,,,,,,,0.84,0.84,,0.0,0,False
2026-03-10 16:56:30+00:00,,,,,,,,0.84,0.84,,0.0,0,False
2026-03-10 16:57:00+00:00,,,,,,,,0.84,0.84,,0.0,0,False
2026-03-10 16:57:30+00:00,,,,,,,,0.84,0.84,,0.0,0,False
2026-03-10 16:58:00+00:00,,,,,,,,0.84,0.84,,0.0,0,False
2026-03-10 16:58:30+00:00,,,,,,,,0.84,0.84,,0.0,0,False
2026-03-10 16:59:00+00:00,,,,,,,,0.84,0.84,,0.0,0,False
2026-03-10 16:59:30+00:00,,,,,,,,0.84,0.84,,0.0,0,False
2026-03-10 17:00:00+00:00,,,,,,,,0.84,0.84,,0.0,0,False
2026-03-10 17:00:30+00:00,,,,,,,,0.84,0.84,,0.0,0,False
2026-03-10 17:01:00+00:00,,,,,,,,0.84,0.84,,0.0,0,False
2026-03-10 17:01:30+00:00,,,,,,,,0.84,0.84,,0.0,0,False
2026-03-10 17:02:00+00:00,,,,,,,,0.84,0.84,,0.0,0,False
2026-03-10 17:02:30+00:00,,,,,,,,0.84,0.84,,0.0,0,False
2026-03-10 17:03:00+00:00,,,,,,,,0.84,0.84,,0.0,0,False
2026-03-10 17:03:30+00:00,,,,,,,,0.84,0.84,,0.0,0,False
2026-03-10 17:04:00+00:00,,,,,,,,0.84,0.84,,0.0,0,False
2026-03-10 17:04:30+00:00,,,,,,,,0.84,0.84,,0.0,0,False
2026-03-10 17:05:00+00:00,,,,,,,,0.84,0.84,,0.0,0,False
2026-03-10 17:05:30+00:00,,,,,,,,0.84,0.84,,0.0,0,False
2026-03-10 17:06:00+00:00,,,,,,,,0.84,0.84,,0.0,0,False
2026-03-10 17:06:30+00:00,,,,,,,,0.84,0.84,,0.0,0,False
2026-03-10 17:07:00+00:00,,,,,,,,0.84,0.84,,0.0,0,False
2026-03-10 17:07:30+00:00,,,,,,,,0.84,0.84,,0.0,0,False
2026-03-10 17:08:00+00:00,,,,,,,,0.84,0.84,,0.0,0,False
2026-03-10 17:08:30+00:00,,,,,,,,0.84,0.84,,0.0,0,False
2026-03-10 17:09:00+00:00,,,,,,,,0.84,0.84,,0.0,0,False
2026-03-10 17:09:30+00:00,,,,,,,,0.84,0.84,,0.0,0,False
2026-03-10 17:10:00+00:00,,,,,,,,0.84,0.84,,0.0,0,False
2026-03-10 17:10:30+00:00,,,,,,,,0.84,0.84,,0.0,0,False
2026-03-10 17:11:00+00:00,,,,,,,,0.84,0.84,,0.0,0,False
2026-03-10 17:11:30+00:00,,,,,,,,0.84,0.84,,0.0,0,False
2026-03-10 17:12:00+00:00,,,,,,,,0.84,0.84,,0.0,0,False
2026-03-10 17:12:30+00:00,,,,,,,,0.84,0.84,,0.0,0,False
2026-03-10 17:13:00+00:00,,,,,,,,0.84,0.84,,0.0,0,False
2026-03-10 17:13:30+00:00,,,,,,,,0.84,0.84,,0.0,0,False
2026-03-10 17:14:00+00:00,,,,,,,,0.84,0.84,,0.0,0,False
2026-03-10 17:14:30+00:00,,,,,,,,0.84,0.84,,0.0,0,False
2026-03-10 17:15:00+00:00,,,,,,,,0.84,0.84,,0.0,0,False
2026-03-10 17:15:30+00:00,,,,,,,,0.84,0.84,,0.0,0,False
2026-03-10 17:16:00+00:00,,,,,,,,0.84,0.84,,0.0,0,False
2026-03-10 17:16:30+00:00,,,,,,,,0.84,0.84,,0.0,0,False
2026-03-10 17:17:00+00:00,,,,,,,,0.84,0.84,,0.0,0,False
2026-03-10 17:17:30+00:00,,,,,,,,0.84,0.84,,0.0,0,False
2026-03-10 17:18:00+00:00,,,,,,,,0.84,0.84,,0.0,0,False
2026-03-10 17:18:30+00:00,,,,,,,,0.84,0.84,,0.0,0,False
2026-03-10 17:19:00+00:00,,,,,,,,0.84,0.84,,0.0,0,False
2026-03-10 17:19:30+00:00,,,,,,,,0.84,0.84,,0.0,0,False
2026-03-10 17:20:00+00:00,,,,,,,,0.84,0.84,,0.0,0,False
2026-03-10 17:20:30+00:00,,,,,,,,0.84,0.84,,0.0,0,False
2026-03-10 17:21:00+00:00,,,,,,,,0.84,0.84,,0.0,0,False
2026-03-10 17:21:30+00:00,,,,,,,,0.84,0.84,,0.0,0,False
2026-03-10 17:22:00+00:00,,,,,,,,0.82,0.82,,1.0,1,False
2026-03-10 17:22:30+00:00,,,,,,,,0.82,0.82,,0.0,0,False
2026-03-10 17:23:00+00:00,,,,,,,,0.82,0.82,,0.0,0,False
2026-03-10 17:23:30+00:00,,,,,,,,0.82,0.82,,0.0,0,False
2026-03-10 17:24:00+00:00,,,,,,,,0.82,0.82,,0.0,0,False
2026-03-10 17:24:30+00:00,,,,,,,,0.82,0.82,,0.0,0,False
2026-03-10 17:25:00+00:00,,,,,,,,0.82,0.82,,0.0,0,False
2026-03-10 17:25:30+00:00,,,,,,,,0.53,0.55,,4.0,2,False
2026-03-10 17:26:00+00:00,,,,,,,,0.53,0.55,,0.0,0,False
2026-03-10 17:26:30+00:00,,,,,,,,0.53,0.55,,0.0,0,False
2026-03-10 17:27:00+00:00,,,,,,,,0.53,0.55,,0.0,0,False
2026-03-10 17:27:30+00:00,,,,,,,,0.53,0.55,,0.0,0,False
2026-03-10 17:28:00+00:00,,,,,,,,0.53,0.55,,0.0,0,False
2026-03-10 17:28:30+00:00,,,,,,,,0.6024242424242424,0.6,,33.0,4,False
2026-03-10 17:29:00+00:00,,,,,,,,0.6024242424242424,0.6,,0.0,0,False
2026-03-10 17:29:30+00:00,,,,,,,,0.6024242424242424,0.6,,0.0,0,False
2026-03-10 17:30:00+00:00,,,,,,,,0.6024242424242424,0.6,,0.0,0,False
2026-03-10 17:30:30+00:00,,,,,,,,0.6024242424242424,0.6,,0.0,0,False
2026-03-10 17:31:00+00:00,,,,,,,,0.6024242424242424,0.6,,0.0,0,False
2026-03-10 17:31:30+00:00,,,,,,,,0.6024242424242424,0.6,,0.0,0,False
2026-03-10 17:32:00+00:00,,,,,,,,0.6024242424242424,0.6,,0.0,0,False
2026-03-10 17:32:30+00:00,,,,,,,,0.6024242424242424,0.6,,0.0,0,False
2026-03-10 17:33:00+00:00,,,,,,,,0.6024242424242424,0.6,,0.0,0,False
2026-03-10 17:33:30+00:00,,,,,,,,0.6024242424242424,0.6,,0.0,0,False
2026-03-10 17:34:00+00:00,,,,,,,,0.6024242424242424,0.6,,0.0,0,False
2026-03-10 17:34:30+00:00,,,,,,,,0.6024242424242424,0.6,,0.0,0,False
2026-03-10 17:35:00+00:00,,,,,,,,0.6024242424242424,0.6,,0.0,0,False
2026-03-10 17:35:30+00:00,,,,,,,,0.6024242424242424,0.6,,0.0,0,False
2026-03-10 17:36:00+00:00,,,,,,,,0.6024242424242424,0.6,,0.0,0,False
2026-03-10 17:36:30+00:00,,,,,,,,0.6024242424242424,0.6,,0.0,0,False
2026-03-10 17:37:00+00:00,,,,,,,,0.6024242424242424,0.6,,0.0,0,False
2026-03-10 17:37:30+00:00,,,,,,,,0.6024242424242424,0.6,,0.0,0,False
2026-03-10 17:38:00+00:00,,,,,,,,0.6024242424242424,0.6,,0.0,0,False
2026-03-10 17:38:30+00:00,,,,,,,,0.6024242424242424,0.6,,0.0,0,False
2026-03-10 17:39:00+00:00,,,,,,,,0.6024242424242424,0.6,,0.0,0,False
2026-03-10 17:39:30+00:00,,,,,,,,0.6024242424242424,0.6,,0.0,0,False
2026-03-10 17:40:00+00:00,,,,,,,,0.6024242424242424,0.6,,0.0,0,False
2026-03-10 17:40:30+00:00,,,,,,,,0.6024242424242424,0.6,,0.0,0,False
2026-03-10 17:41:00+00:00,,,,,,,,0.6,0.6,,50.0,3,False
2026-03-10 17:41:30+00:00,,,,,,,,0.6,0.6,,0.0,0,False
2026-03-10 17:42:00+00:00,,,,,,,,0.6,0.6,,0.0,0,False
2026-03-10 17:42:30+00:00,,,,,,,,0.6,0.6,,0.0,0,False
2026-03-10 17:43:00+00:00,,,,,,,,0.6,0.6,,0.0,0,False
2026-03-10 17:43:30+00:00,,,,,,,,0.6,0.6,,0.0,0,False
2026-03-10 17:44:00+00:00,,,,,,,,0.6,0.6,,0.0,0,False
2026-03-10 17:44:30+00:00,,,,,,,,0.6,0.6,,0.0,0,False
2026-03-10 17:45:00+00:00,,,,,,,,0.6,0.6,,0.0,0,False
2026-03-10 17:45:30+00:00,,,,,,,,0.6,0.6,,0.0,0,False
2026-03-10 17:46:00+00:00,,,,,,,,0.6,0.6,,0.0,0,False
2026-03-10 17:46:30+00:00,,,,,,,,0.6,0.6,,0.0,0,False
2026-03-10 17:47:00+00:00,,,,,,,,0.6,0.6,,0.0,0,False
2026-03-10 17:47:30+00:00,,,,,,,,0.6,0.6,,0.0,0,False
2026-03-10 17:48:00+00:00,,,,,,,,0.6,0.6,,0.0,0,False
2026-03-10 17:48:30+00:00,,,,,,,,0.6,0.6,,0.0,0,False
2026-03-10 17:49:00+00:00,,,,,,,,0.6349999999999999,0.59,,6.0,2,False
2026-03-10 17:49:30+00:00,,,,,,,,0.6349999999999999,0.59,,0.0,0,False
2026-03-10 17:50:00+00:00,,,,,,,,0.6349999999999999,0.59,,0.0,0,False
2026-03-10 17:50:30+00:00,,,,,,,,0.6349999999999999,0.59,,0.0,0,False
2026-03-10 17:51:00+00:00,,,,,,,,0.6349999999999999,0.59,,0.0,0,False
2026-03-10 17:51:30+00:00,,,,,,,,0.6349999999999999,0.59,,0.0,0,False
2026-03-10 17:52:00+00:00,,,,,,,,0.6349999999999999,0.59,,0.0,0,False
2026-03-10 17:52:30+00:00,,,,,,,,0.6349999999999999,0.59,,0.0,0,False
2026-03-10 17:53:00+00:00,,,,,,,,0.6349999999999999,0.59,,0.0,0,False
2026-03-10 17:53:30+00:00,,,,,,,,0.63,0.63,,10.0,1,False
2026-03-10 17:54:00+00:00,,,,,,,,0.63,0.63,,0.0,0,False
2026-03-10 17:54:30+00:00,,,,,,,,0.63,0.63,,0.0,0,False
2026-03-10 17:55:00+00:00,,,,,,,,0.63,0.63,,0.0,0,False
2026-03-10 17:55:30+00:00,,,,,,,,0.63,0.63,,0.0,0,False
2026-03-10 17:56:00+00:00,,,,,,,,0.63,0.63,,0.0,0,False
2026-03-10 17:56:30+00:00,,,,,,,,0.63,0.63,,0.0,0,False
2026-03-10 17:57:00+00:00,,,,,,,,0.63,0.63,,0.0,0,False
2026-03-10 17:57:30+00:00,,,,,,,,0.63,0.63,,0.0,0,False
2026-03-10 17:58:00+00:00,,,,,,,,0.63,0.63,,0.0,0,False
2026-03-10 17:58:30+00:00,,,,,,,,0.63,0.63,,0.0,0,False
2026-03-10 17:59:00+00:00,,,,,,,,0.63,0.63,,0.0,0,False
2026-03-10 17:59:30+00:00,,,,,,,,0.63,0.63,,0.0,0,False
2026-03-10 18:00:00+00:00,,,,,,,,0.63,0.63,,0.0,0,False
2026-03-10 18:00:30+00:00,,,,,,,,0.63,0.63,,0.0,0,False
2026-03-10 18:01:00+00:00,,,,,,,,0.63,0.63,,0.0,0,False
2026-03-10 18:01:30+00:00,,,,,,,,0.63,0.63,,0.0,0,False
2026-03-10 18:02:00+00:00,,,,,,,,0.63,0.63,,0.0,0,False
2026-03-10 18:02:30+00:00,,,,,,,,0.63,0.63,,0.0,0,False
2026-03-10 18:03:00+00:00,,,,,,,,0.58875,0.59,,8.0,2,False
2026-03-10 18:03:30+00:00,,,,,,,,0.58875,0.59,,0.0,0,False
2026-03-10 18:04:00+00:00,,,,,,,,0.58875,0.59,,0.0,0,False
2026-03-10 18:04:30+00:00,,,,,,,,0.58875,0.59,,0.0,0,False
2026-03-10 18:05:00+00:00,,,,,,,,0.58875,0.59,,0.0,0,False
2026-03-10 18:05:30+00:00,,,,,,,,0.58875,0.59,,0.0,0,False
2026-03-10 18:06:00+00:00,,,,,,,,0.58875,0.59,,0.0,0,False
2026-03-10 18:06:30+00:00,,,,,,,,0.58875,0.59,,0.0,0,False
2026-03-10 18:07:00+00:00,,,,,,,,0.58875,0.59,,0.0,0,False
2026-03-10 18:07:30+00:00,,,,,,,,0.58875,0.59,,0.0,0,False
2026-03-10 18:08:00+00:00,,,,,,,,0.58875,0.59,,0.0,0,False
2026-03-10 18:08:30+00:00,,,,,,,,0.58875,0.59,,0.0,0,False
2026-03-10 18:09:00+00:00,,,,,,,,0.58875,0.59,,0.0,0,False
2026-03-10 18:09:30+00:00,,,,,,,,0.58875,0.59,,0.0,0,False
2026-03-10 18:10:00+00:00,,,,,,,,0.58875,0.59,,0.0,0,False
2026-03-10 18:10:30+00:00,,,,,,,,0.58875,0.59,,0.0,0,False
2026-03-10 18:11:00+00:00,,,,,,,,0.58875,0.59,,0.0,0,False
2026-03-10 18:11:30+00:00,,,,,,,,0.58875,0.59,,0.0,0,False
2026-03-10 18:12:00+00:00,,,,,,,,0.58875,0.59,,0.0,0,False
2026-03-10 18:12:30+00:00,,,,,,,,0.58875,0.59,,0.0,0,False
2026-03-10 18:13:00+00:00,,,,,,,,0.58875,0.59,,0.0,0,False
2026-03-10 18:13:30+00:00,,,,,,,,0.58875,0.59,,0.0,0,False
2026-03-10 18:14:00+00:00,,,,,,,,0.58875,0.59,,0.0,0,False
2026-03-10 18:14:30+00:00,,,,,,,,0.58875,0.59,,0.0,0,False
2026-03-10 18:15:00+00:00,,,,,,,,0.58875,0.59,,0.0,0,False
2026-03-10 18:15:30+00:00,,,,,,,,0.6,0.6,,10.0,1,False
2026-03-10 18:16:00+00:00,,,,,,,,0.6,0.6,,0.0,0,False
2026-03-10 18:16:30+00:00,,,,,,,,0.6,0.6,,0.0,0,False
2026-03-10 18:17:00+00:00,,,,,,,,0.6,0.6,,0.0,0,False
2026-03-10 18:17:30+00:00,,,,,,,,0.6,0.6,,0.0,0,False
2026-03-10 18:18:00+00:00,,,,,,,,0.6,0.6,,0.0,0,False
2026-03-10 18:18:30+00:00,,,,,,,,0.6,0.6,,0.0,0,False
2026-03-10 18:19:00+00:00,,,,,,,,0.6,0.6,,0.0,0,False
2026-03-10 18:19:30+00:00,,,,,,,,0.6,0.6,,0.0,0,False
2026-03-10 18:20:00+00:00,,,,,,,,0.6,0.6,,0.0,0,False
2026-03-10 18:20:30+00:00,,,,,,,,0.6,0.6,,0.0,0,False
2026-03-10 18:21:00+00:00,,,,,,,,0.6,0.6,,0.0,0,False
2026-03-10 18:21:30+00:00,,,,,,,,0.6,0.6,,0.0,0,False
2026-03-10 18:22:00+00:00,,,,,,,,0.6,0.6,,0.0,0,False
2026-03-10 18:22:30+00:00,,,,,,,,0.6,0.6,,0.0,0,False
2026-03-10 18:23:00+00:00,,,,,,,,0.6,0.6,,0.0,0,False
2026-03-10 18:23:30+00:00,,,,,,,,0.6,0.6,,0.0,0,False
2026-03-10 18:24:00+00:00,,,,,,,,0.6,0.6,,0.0,0,False
2026-03-10 18:24:30+00:00,,,,,,,,0.6,0.6,,0.0,0,False
2026-03-10 18:25:00+00:00,,,,,,,,0.6,0.6,,0.0,0,False
2026-03-10 18:25:30+00:00,,,,,,,,0.6,0.6,,0.0,0,False
2026-03-10 18:26:00+00:00,,,,,,,,0.6,0.6,,0.0,0,False
2026-03-10 18:26:30+00:00,,,,,,,,0.6,0.6,,0.0,0,False
2026-03-10 18:27:00+00:00,,,,,,,,0.6,0.6,,0.0,0,False
2026-03-10 18:27:30+00:00,,,,,,,,0.6,0.6,,0.0,0,False
2026-03-10 18:28:00+00:00,,,,,,,,0.6,0.6,,0.0,0,False
2026-03-10 18:28:30+00:00,,,,,,,,0.6,0.6,,0.0,0,False
2026-03-10 18:29:00+00:00,,,,,,,,0.6,0.6,,0.0,0,False
2026-03-10 18:29:30+00:00,,,,,,,,0.6,0.6,,0.0,0,False
2026-03-10 18:30:00+00:00,,,,,,,,0.6,0.6,,0.0,0,False
2026-03-10 18:30:30+00:00,,,,,,,,0.6,0.6,,0.0,0,False
2026-03-10 18:31:00+00:00,,,,,,,,0.6,0.6,,0.0,0,False
2026-03-10 18:31:30+00:00,,,,,,,,0.53,0.57,,8.0,2,False
2026-03-10 18:32:00+00:00,,,,,,,,0.53,0.57,,0.0,0,False
2026-03-10 18:32:30+00:00,,,,,,,,0.53,0.57,,0.0,0,False
2026-03-10 18:33:00+00:00,,,,,,,,0.53,0.57,,0.0,0,False
2026-03-10 18:33:30+00:00,,,,,,,,0.53,0.57,,0.0,0,False
2026-03-10 18:34:00+00:00,,,,,,,,0.53,0.57,,0.0,0,False
2026-03-10 18:34:30+00:00,,,,,,,,0.53,0.57,,0.0,0,False
2026-03-10 18:35:00+00:00,,,,,,,,0.53,0.57,,0.0,0,False
2026-03-10 18:35:30+00:00,,,,,,,,0.53,0.57,,0.0,0,False
2026-03-10 18:36:00+00:00,,,,,,,,0.53,0.57,,0.0,0,False
2026-03-10 18:36:30+00:00,,,,,,,,0.53,0.57,,0.0,0,False
2026-03-10 18:37:00+00:00,,,,,,,,0.53,0.57,,0.0,0,False
2026-03-10 18:37:30+00:00,,,,,,,,0.53,0.57,,0.0,0,False
2026-03-10 18:38:00+00:00,,,,,,,,0.53,0.57,,0.0,0,False
2026-03-10 18:38:30+00:00,,,,,,,,0.53,0.57,,0.0,0,False
2026-03-10 18:39:00+00:00,,,,,,,,0.53,0.57,,0.0,0,False
2026-03-10 18:39:30+00:00,,,,,,,,0.53,0.57,,0.0,0,False
2026-03-10 18:40:00+00:00,,,,,,,,0.53,0.57,,0.0,0,False
2026-03-10 18:40:30+00:00,,,,,,,,0.53,0.57,,0.0,0,False
2026-03-10 18:41:00+00:00,,,,,,,,0.53,0.57,,0.0,0,False
2026-03-10 18:41:30+00:00,,,,,,,,0.53,0.57,,0.0,0,False
2026-03-10 18:42:00+00:00,,,,,,,,0.53,0.57,,0.0,0,False
2026-03-10 18:42:30+00:00,,,,,,,,0.54,0.57,,24.0,4,False
2026-03-10 18:43:00+00:00,,,,,,,,0.54,0.57,,0.0,0,False
2026-03-10 18:43:30+00:00,,,,,,,,0.54,0.57,,0.0,0,False
2026-03-10 18:44:00+00:00,,,,,,,,0.54,0.57,,0.0,0,False
2026-03-10 18:44:30+00:00,,,,,,,,0.54,0.57,,0.0,0,False
2026-03-10 18:45:00+00:00,,,,,,,,0.54,0.57,,0.0,0,False
2026-03-10 18:45:30+00:00,,,,,,,,0.54,0.57,,0.0,0,False
2026-03-10 18:46:00+00:00,,,,,,,,0.54,0.57,,0.0,0,False
2026-03-10 18:46:30+00:00,,,,,,,,0.54,0.57,,0.0,0,False
2026-03-10 18:47:00+00:00,,,,,,,,0.54,0.57,,0.0,0,False
2026-03-10 18:47:30+00:00,,,,,,,,0.54,0.57,,0.0,0,False
2026-03-10 18:48:00+00:00,,,,,,,,0.54,0.57,,0.0,0,False
2026-03-10 18:48:30+00:00,,,,,,,,0.54,0.57,,0.0,0,False
2026-03-10 18:49:00+00:00,,,,,,,,0.54,0.57,,0.0,0,False
2026-03-10 18:49:30+00:00,,,,,,,,0.54,0.57,,0.0,0,False
2026-03-10 18:50:00+00:00,,,,,,,,0.54,0.57,,0.0,0,False
2026-03-10 18:50:30+00:00,,,,,,,,0.54,0.57,,0.0,0,False
2026-03-10 18:51:00+00:00,,,,,,,,0.54,0.57,,0.0,0,False
2026-03-10 18:51:30+00:00,,,,,,,,0.54,0.57,,0.0,0,False
2026-03-10 18:52:00+00:00,,,,,,,,0.54,0.57,,0.0,0,False
2026-03-10 18:52:30+00:00,,,,,,,,0.54,0.57,,0.0,0,False
2026-03-10 18:53:00+00:00,,,,,,,,0.54,0.57,,0.0,0,False
2026-03-10 18:53:30+00:00,,,,,,,,0.54,0.57,,0.0,0,False
2026-03-10 18:54:00+00:00,,,,,,,,0.54,0.57,,0.0,0,False
2026-03-10 18:54:30+00:00,,,,,,,,0.54,0.57,,0.0,0,False
2026-03-10 18:55:00+00:00,,,,,,,,0.54,0.57,,0.0,0,False
2026-03-10 18:55:30+00:00,,,,,,,,0.54,0.57,,0.0,0,False
2026-03-10 18:56:00+00:00,,,,,,,,0.54,0.57,,0.0,0,False
2026-03-10 18:56:30+00:00,,,,,,,,0.54,0.57,,0.0,0,False
2026-03-10 18:57:00+00:00,,,,,,,,0.54,0.57,,0.0,0,False
2026-03-10 18:57:30+00:00,,,,,,,,0.54,0.57,,0.0,0,False
2026-03-10 18:58:00+00:00,,,,,,,,0.54,0.57,,0.0,0,False
2026-03-10 18:58:30+00:00,,,,,,,,0.54,0.57,,0.0,0,False
2026-03-10 18:59:00+00:00,,,,,,,,0.54,0.57,,0.0,0,False
2026-03-10 18:59:30+00:00,,,,,,,,0.54,0.57,,0.0,0,False
2026-03-10 19:00:00+00:00,,,,,,,,0.54,0.57,,0.0,0,False
2026-03-10 19:00:30+00:00,,,,,,,,0.54,0.57,,0.0,0,False
2026-03-10 19:01:00+00:00,,,,,,,,0.54,0.57,,0.0,0,False
2026-03-10 19:01:30+00:00,,,,,,,,0.54,0.57,,0.0,0,False
2026-03-10 19:02:00+00:00,,,,,,,,0.54,0.57,,0.0,0,False
2026-03-10 19:02:30+00:00,,,,,,,,0.54,0.57,,0.0,0,False
2026-03-10 19:03:00+00:00,,,,,,,,0.54,0.57,,0.0,0,False
2026-03-10 19:03:30+00:00,,,,,,,,0.54,0.57,,0.0,0,False
2026-03-10 19:04:00+00:00,,,,,,,,0.54,0.57,,0.0,0,False
2026-03-10 19:04:30+00:00,,,,,,,,0.54,0.57,,0.0,0,False
2026-03-10 19:05:00+00:00,,,,,,,,0.54,0.57,,0.0,0,False
2026-03-10 19:05:30+00:00,,,,,,,,0.54,0.57,,0.0,0,False
2026-03-10 19:06:00+00:00,,,,,,,,0.54,0.57,,0.0,0,False
2026-03-10 19:06:30+00:00,,,,,,,,0.54,0.57,,0.0,0,False
2026-03-10 19:07:00+00:00,,,,,,,,0.54,0.57,,0.0,0,False
2026-03-10 19:07:30+00:00,,,,,,,,0.54,0.57,,0.0,0,False
2026-03-10 19:08:00+00:00,,,,,,,,0.54,0.57,,0.0,0,False
2026-03-10 19:08:30+00:00,,,,,,,,0.54,0.57,,0.0,0,False
2026-03-10 19:09:00+00:00,,,,,,,,0.54,0.57,,0.0,0,False
2026-03-10 19:09:30+00:00,,,,,,,,0.54,0.57,,0.0,0,False
2026-03-10 19:10:00+00:00,,,,,,,,0.54,0.57,,0.0,0,False
2026-03-10 19:10:30+00:00,,,,,,,,0.54,0.57,,0.0,0,False
2026-03-10 19:11:00+00:00,,,,,,,,0.54,0.57,,0.0,0,False
2026-03-10 19:11:30+00:00,,,,,,,,0.54,0.57,,0.0,0,False
2026-03-10 19:12:00+00:00,,,,,,,,0.54,0.57,,0.0,0,False
2026-03-10 19:12:30+00:00,,,,,,,,0.54,0.57,,0.0,0,False
2026-03-10 19:13:00+00:00,,,,,,,,0.54,0.57,,0.0,0,False
2026-03-10 19:13:30+00:00,,,,,,,,0.54,0.57,,0.0,0,False
2026-03-10 19:14:00+00:00,,,,,,,,0.54,0.57,,0.0,0,False
2026-03-10 19:14:30+00:00,,,,,,,,0.54,0.57,,0.0,0,False
2026-03-10 19:15:00+00:00,,,,,,,,0.54,0.57,,0.0,0,False
2026-03-10 19:15:30+00:00,,,,,,,,0.54,0.57,,0.0,0,False
2026-03-10 19:16:00+00:00,,,,,,,,0.54,0.57,,0.0,0,False
2026-03-10 19:16:30+00:00,,,,,,,,0.54,0.57,,0.0,0,False
2026-03-10 19:17:00+00:00,,,,,,,,0.54,0.57,,0.0,0,False
2026-03-10 19:17:30+00:00,,,,,,,,0.54,0.57,,0.0,0,False
2026-03-10 19:18:00+00:00,,,,,,,,0.54,0.57,,0.0,0,False
2026-03-10 19:18:30+00:00,,,,,,,,0.54,0.57,,0.0,0,False
2026-03-10 19:19:00+00:00,,,,,,,,0.54,0.57,,0.0,0,False
2026-03-10 19:19:30+00:00,,,,,,,,0.54,0.57,,0.0,0,False
2026-03-10 19:20:00+00:00,,,,,,,,0.54,0.57,,0.0,0,False
2026-03-10 19:20:30+00:00,,,,,,,,0.54,0.57,,0.0,0,False
2026-03-10 19:21:00+00:00,,,,,,,,0.54,0.57,,0.0,0,False
2026-03-10 19:21:30+00:00,,,,,,,,0.54,0.57,,0.0,0,False
2026-03-10 19:22:00+00:00,,,,,,,,0.54,0.57,,0.0,0,False
2026-03-10 19:22:30+00:00,,,,,,,,0.54,0.57,,0.0,0,False
2026-03-10 19:23:00+00:00,,,,,,,,0.54,0.57,,0.0,0,False
2026-03-10 19:23:30+00:00,,,,,,,,0.54,0.57,,0.0,0,False
2026-03-10 19:24:00+00:00,,,,,,,,0.54,0.57,,0.0,0,False
2026-03-10 19:24:30+00:00,,,,,,,,0.54,0.57,,0.0,0,False
2026-03-10 19:25:00+00:00,,,,,,,,0.54,0.57,,0.0,0,False
2026-03-10 19:25:30+00:00,,,,,,,,0.54,0.57,,0.0,0,False
2026-03-10 19:26:00+00:00,,,,,,,,0.54,0.57,,0.0,0,False
2026-03-10 19:26:30+00:00,,,,,,,,0.54,0.57,,0.0,0,False
2026-03-10 19:27:00+00:00,,,,,,,,0.54,0.57,,0.0,0,False
2026-03-10 19:27:30+00:00,,,,,,,,0.54,0.57,,0.0,0,False
2026-03-10 19:28:00+00:00,,,,,,,,0.54,0.57,,0.0,0,False
2026-03-10 19:28:30+00:00,,,,,,,,0.54,0.57,,0.0,0,False
2026-03-10 19:29:00+00:00,,,,,,,,0.54,0.57,,0.0,0,False
2026-03-10 19:29:30+00:00,,,,,,,,0.54,0.57,,0.0,0,False
2026-03-10 19:30:00+00:00,,,,,,,,0.54,0.57,,0.0,0,False
2026-03-10 19:30:30+00:00,,,,,,,,0.54,0.57,,0.0,0,False
2026-03-10 19:31:00+00:00,,,,,,,,0.54,0.57,,0.0,0,False
2026-03-10 19:31:30+00:00,,,,,,,,0.54,0.57,,0.0,0,False
2026-03-10 19:32:00+00:00,,,,,,,,0.54,0.57,,0.0,0,False
2026-03-10 19:32:30+00:00,,,,,,,,0.54,0.57,,0.0,0,False
2026-03-10 19:33:00+00:00,,,,,,,,0.54,0.57,,0.0,0,False
2026-03-10 19:33:30+00:00,,,,,,,,0.54,0.57,,0.0,0,False
2026-03-10 19:34:00+00:00,,,,,,,,0.54,0.57,,0.0,0,False
2026-03-10 19:34:30+00:00,,,,,,,,0.54,0.57,,0.0,0,False
2026-03-10 19:35:00+00:00,,,,,,,,0.54,0.57,,0.0,0,False
2026-03-10 19:35:30+00:00,,,,,,,,0.54,0.57,,0.0,0,False
2026-03-10 19:36:00+00:00,,,,,,,,0.54,0.57,,0.0,0,False
2026-03-10 19:36:30+00:00,,,,,,,,0.54,0.57,,0.0,0,False
2026-03-10 19:37:00+00:00,,,,,,,,0.54,0.57,,0.0,0,False
2026-03-10 19:37:30+00:00,,,,,,,,0.54,0.57,,0.0,0,False
2026-03-10 19:38:00+00:00,,,,,,,,0.54,0.57,,0.0,0,False
2026-03-10 19:38:30+00:00,,,,,,,,0.54,0.57,,0.0,0,False
2026-03-10 19:39:00+00:00,,,,,,,,0.54,0.57,,0.0,0,False
2026-03-10 19:39:30+00:00,,,,,,,,0.54,0.57,,0.0,0,False
2026-03-10 19:40:00+00:00,,,,,,,,0.54,0.57,,0.0,0,False
2026-03-10 19:40:30+00:00,,,,,,,,0.54,0.57,,0.0,0,False
2026-03-10 19:41:00+00:00,,,,,,,,0.54,0.57,,0.0,0,False
2026-03-10 19:41:30+00:00,,,,,,,,0.54,0.57,,0.0,0,False
2026-03-10 19:42:00+00:00,,,,,,,,0.54,0.57,,0.0,0,False
2026-03-10 19:42:30+00:00,,,,,,,,0.54,0.57,,0.0,0,False
2026-03-10 19:43:00+00:00,,,,,,,,0.54,0.57,,0.0,0,False
2026-03-10 19:43:30+00:00,,,,,,,,0.54,0.57,,0.0,0,False
2026-03-10 19:44:00+00:00,,,,,,,,0.54,0.57,,0.0,0,False
2026-03-10 19:44:30+00:00,,,,,,,,0.54,0.57,,0.0,0,False
2026-03-10 19:45:00+00:00,,,,,,,,0.54,0.57,,0.0,0,False
2026-03-10 19:45:30+00:00,,,,,,,,0.54,0.57,,0.0,0,False
2026-03-10 19:46:00+00:00,,,,,,,,0.54,0.57,,0.0,0,False
2026-03-10 19:46:30+00:00,,,,,,,,0.54,0.57,,0.0,0,False
2026-03-10 19:47:00+00:00,,,,,,,,0.54,0.57,,0.0,0,False
2026-03-10 19:47:30+00:00,,,,,,,,0.54,0.57,,0.0,0,False
2026-03-10 19:48:00+00:00,,,,,,,,0.54,0.57,,0.0,0,False
2026-03-10 19:48:30+00:00,,,,,,,,0.54,0.57,,0.0,0,False
2026-03-10 19:49:00+00:00,,,,,,,,0.54,0.57,,0.0,0,False
2026-03-10 19:49:30+00:00,,,,,,,,0.54,0.57,,0.0,0,False
2026-03-10 19:50:00+00:00,,,,,,,,0.54,0.57,,0.0,0,False
2026-03-10 19:50:30+00:00,,,,,,,,0.54,0.57,,0.0,0,False
2026-03-10 19:51:00+00:00,,,,,,,,0.54,0.57,,0.0,0,False
2026-03-10 19:51:30+00:00,,,,,,,,0.54,0.57,,0.0,0,False
2026-03-10 19:52:00+00:00,,,,,,,,0.54,0.57,,0.0,0,False
2026-03-10 19:52:30+00:00,,,,,,,,0.54,0.57,,0.0,0,False
2026-03-10 19:53:00+00:00,,,,,,,,0.54,0.57,,0.0,0,False
2026-03-10 19:53:30+00:00,,,,,,,,0.54,0.57,,0.0,0,False
2026-03-10 19:54:00+00:00,,,,,,,,0.54,0.57,,0.0,0,False
2026-03-10 19:54:30+00:00,,,,,,,,0.54,0.57,,0.0,0,False
2026-03-10 19:55:00+00:00,,,,,,,,0.54,0.57,,0.0,0,False
2026-03-10 19:55:30+00:00,,,,,,,,0.54,0.57,,0.0,0,False
2026-03-10 19:56:00+00:00,,,,,,,,0.54,0.57,,0.0,0,False
2026-03-10 19:56:30+00:00,,,,,,,,0.54,0.57,,0.0,0,False
2026-03-10 19:57:00+00:00,,,,,,,,0.54,0.57,,0.0,0,False
2026-03-10 19:57:30+00:00,,,,,,,,0.54,0.57,,0.0,0,False
2026-03-10 19:58:00+00:00,,,,,,,,0.54,0.57,,0.0,0,False
2026-03-10 19:58:30+00:00,,,,,,,,0.54,0.57,,0.0,0,False
2026-03-10 19:59:00+00:00,,,,,,,,0.54,0.57,,0.0,0,False
2026-03-10 19:59:30+00:00,,,,,,,,0.54,0.57,,0.0,0,False
2026-03-10 20:00:00+00:00,,,,,,,,0.54,0.57,,0.0,0,False
2026-03-10 20:00:30+00:00,,,,,,,,0.54,0.57,,0.0,0,False
2026-03-10 20:01:00+00:00,,,,,,,,0.54,0.57,,0.0,0,False
2026-03-10 20:01:30+00:00,,,,,,,,0.54,0.57,,0.0,0,False
2026-03-10 20:02:00+00:00,,,,,,,,0.54,0.57,,0.0,0,False
2026-03-10 20:02:30+00:00,,,,,,,,0.54,0.57,,0.0,0,False
2026-03-10 20:03:00+00:00,,,,,,,,0.54,0.57,,0.0,0,False
2026-03-10 20:03:30+00:00,,,,,,,,0.54,0.57,,0.0,0,False
2026-03-10 20:04:00+00:00,,,,,,,,0.54,0.57,,0.0,0,False
2026-03-10 20:04:30+00:00,,,,,,,,0.54,0.57,,0.0,0,False
2026-03-10 20:05:00+00:00,,,,,,,,0.49148148148148146,0.57,,27.0,5,False
2026-03-10 20:05:30+00:00,,,,,,,,0.49148148148148146,0.57,,0.0,0,False
2026-03-10 20:06:00+00:00,,,,,,,,0.49148148148148146,0.57,,0.0,0,False
2026-03-10 20:06:30+00:00,,,,,,,,0.5449999999999999,0.52,,10.0,2,False
2026-03-10 20:07:00+00:00,,,,,,,,0.5449999999999999,0.52,,0.0,0,False
2026-03-10 20:07:30+00:00,,,,,,,,0.5449999999999999,0.52,,0.0,0,False
2026-03-10 20:08:00+00:00,,,,,,,,0.5449999999999999,0.52,,0.0,0,False
2026-03-10 20:08:30+00:00,,,,,,,,0.5449999999999999,0.52,,0.0,0,False
2026-03-10 20:09:00+00:00,,,,,,,,0.5449999999999999,0.52,,0.0,0,False
2026-03-10 20:09:30+00:00,,,,,,,,0.5449999999999999,0.52,,0.0,0,False
2026-03-10 20:10:00+00:00,,,,,,,,0.5449999999999999,0.52,,0.0,0,False
2026-03-10 20:10:30+00:00,,,,,,,,0.5449999999999999,0.52,,0.0,0,False
2026-03-10 20:11:00+00:00,,,,,,,,0.5449999999999999,0.52,,0.0,0,False
2026-03-10 20:11:30+00:00,,,,,,,,0.5449999999999999,0.52,,0.0,0,False
2026-03-10 20:12:00+00:00,,,,,,,,0.5449999999999999,0.52,,0.0,0,False
2026-03-10 20:12:30+00:00,,,,,,,,0.5449999999999999,0.52,,0.0,0,False
2026-03-10 20:13:00+00:00,,,,,,,,0.5449999999999999,0.52,,0.0,0,False
2026-03-10 20:13:30+00:00,,,,,,,,0.5449999999999999,0.52,,0.0,0,False
2026-03-10 20:14:00+00:00,,,,,,,,0.5449999999999999,0.52,,0.0,0,False
2026-03-10 20:14:30+00:00,,,,,,,,0.5449999999999999,0.52,,0.0,0,False
2026-03-10 20:15:00+00:00,,,,,,,,0.5449999999999999,0.52,,0.0,0,False
2026-03-10 20:15:30+00:00,,,,,,,,0.5449999999999999,0.52,,0.0,0,False
2026-03-10 20:16:00+00:00,,,,,,,,0.5449999999999999,0.52,,0.0,0,False
2026-03-10 20:16:30+00:00,,,,,,,,0.5449999999999999,0.52,,0.0,0,False
2026-03-10 20:17:00+00:00,,,,,,,,0.5449999999999999,0.52,,0.0,0,False
2026-03-10 20:17:30+00:00,,,,,,,,0.5449999999999999,0.52,,0.0,0,False
2026-03-10 20:18:00+00:00,,,,,,,,0.5449999999999999,0.52,,0.0,0,False
2026-03-10 20:18:30+00:00,,,,,,,,0.5449999999999999,0.52,,0.0,0,False
2026-03-10 20:19:00+00:00,,,,,,,,0.5449999999999999,0.52,,0.0,0,False
2026-03-10 20:19:30+00:00,,,,,,,,0.5449999999999999,0.52,,0.0,0,False
2026-03-10 20:20:00+00:00,,,,,,,,0.5449999999999999,0.52,,0.0,0,False
2026-03-10 20:20:30+00:00,,,,,,,,0.5449999999999999,0.52,,0.0,0,False
2026-03-10 20:21:00+00:00,,,,,,,,0.5449999999999999,0.52,,0.0,0,False
2026-03-10 20:21:30+00:00,,,,,,,,0.5449999999999999,0.52,,0.0,0,False
2026-03-10 20:22:00+00:00,,,,,,,,0.5449999999999999,0.52,,0.0,0,False
2026-03-10 20:22:30+00:00,,,,,,,,0.5449999999999999,0.52,,0.0,0,False
2026-03-10 20:23:00+00:00,,,,,,,,0.5449999999999999,0.52,,0.0,0,False
2026-03-10 20:23:30+00:00,,,,,,,,0.5449999999999999,0.52,,0.0,0,False
2026-03-10 20:24:00+00:00,,,,,,,,0.5449999999999999,0.52,,0.0,0,False
2026-03-10 20:24:30+00:00,,,,,,,,0.5449999999999999,0.52,,0.0,0,False
2026-03-10 20:25:00+00:00,,,,,,,,0.5449999999999999,0.52,,0.0,0,False
2026-03-10 20:25:30+00:00,,,,,,,,0.5449999999999999,0.52,,0.0,0,False
2026-03-10 20:26:00+00:00,,,,,,,,0.5449999999999999,0.52,,0.0,0,False
2026-03-10 20:26:30+00:00,,,,,,,,0.5449999999999999,0.52,,0.0,0,False
2026-03-10 20:27:00+00:00,,,,,,,,0.5449999999999999,0.52,,0.0,0,False
2026-03-10 20:27:30+00:00,,,,,,,,0.5449999999999999,0.52,,0.0,0,False
2026-03-10 20:28:00+00:00,,,,,,,,0.5449999999999999,0.52,,0.0,0,False
2026-03-10 20:28:30+00:00,,,,,,,,0.5449999999999999,0.52,,0.0,0,False
2026-03-10 20:29:00+00:00,,,,,,,,0.5449999999999999,0.52,,0.0,0,False
2026-03-10 20:29:30+00:00,,,,,,,,0.5449999999999999,0.52,,0.0,0,False
2026-03-10 20:30:00+00:00,,,,,,,,0.5449999999999999,0.52,,0.0,0,False
2026-03-10 20:30:30+00:00,,,,,,,,0.5449999999999999,0.52,,0.0,0,False
2026-03-10 20:31:00+00:00,,,,,,,,0.5449999999999999,0.52,,0.0,0,False
2026-03-10 20:31:30+00:00,,,,,,,,0.5449999999999999,0.52,,0.0,0,False
2026-03-10 20:32:00+00:00,,,,,,,,0.5449999999999999,0.52,,0.0,0,False
2026-03-10 20:32:30+00:00,,,,,,,,0.5449999999999999,0.52,,0.0,0,False
2026-03-10 20:33:00+00:00,,,,,,,,0.5449999999999999,0.52,,0.0,0,False
2026-03-10 20:33:30+00:00,,,,,,,,0.5449999999999999,0.52,,0.0,0,False
2026-03-10 20:34:00+00:00,,,,,,,,0.5449999999999999,0.52,,0.0,0,False
2026-03-10 20:34:30+00:00,,,,,,,,0.5449999999999999,0.52,,0.0,0,False
2026-03-10 20:35:00+00:00,,,,,,,,0.5449999999999999,0.52,,0.0,0,False
2026-03-10 20:35:30+00:00,,,,,,,,0.5449999999999999,0.52,,0.0,0,False
2026-03-10 20:36:00+00:00,,,,,,,,0.5449999999999999,0.52,,0.0,0,False
2026-03-10 20:36:30+00:00,,,,,,,,0.5449999999999999,0.52,,0.0,0,False
2026-03-10 20:37:00+00:00,,,,,,,,0.5449999999999999,0.52,,0.0,0,False
2026-03-10 20:37:30+00:00,,,,,,,,0.5449999999999999,0.52,,0.0,0,False
2026-03-10 20:38:00+00:00,,,,,,,,0.5449999999999999,0.52,,0.0,0,False
2026-03-10 20:38:30+00:00,,,,,,,,0.5449999999999999,0.52,,0.0,0,False
2026-03-10 20:39:00+00:00,,,,,,,,0.5449999999999999,0.52,,0.0,0,False
2026-03-10 20:39:30+00:00,,,,,,,,0.5449999999999999,0.52,,0.0,0,False
2026-03-10 20:40:00+00:00,,,,,,,,0.5449999999999999,0.52,,0.0,0,False
2026-03-10 20:40:30+00:00,,,,,,,,0.5449999999999999,0.52,,0.0,0,False
2026-03-10 20:41:00+00:00,,,,,,,,0.5449999999999999,0.52,,0.0,0,False
2026-03-10 20:41:30+00:00,,,,,,,,0.5449999999999999,0.52,,0.0,0,False
2026-03-10 20:42:00+00:00,,,,,,,,0.5449999999999999,0.52,,0.0,0,False
2026-03-10 20:42:30+00:00,,,,,,,,0.5449999999999999,0.52,,0.0,0,False
2026-03-10 20:43:00+00:00,,,,,,,,0.5449999999999999,0.52,,0.0,0,False
2026-03-10 20:43:30+00:00,,,,,,,,0.5449999999999999,0.52,,0.0,0,False
2026-03-10 20:44:00+00:00,,,,,,,,0.5449999999999999,0.52,,0.0,0,False
2026-03-10 20:44:30+00:00,,,,,,,,0.5449999999999999,0.52,,0.0,0,False
2026-03-10 20:45:00+00:00,,,,,,,,0.5449999999999999,0.52,,0.0,0,False
2026-03-10 20:45:30+00:00,,,,,,,,0.5449999999999999,0.52,,0.0,0,False
2026-03-10 20:46:00+00:00,,,,,,,,0.5449999999999999,0.52,,0.0,0,False
2026-03-10 20:46:30+00:00,,,,,,,,0.5449999999999999,0.52,,0.0,0,False
2026-03-10 20:47:00+00:00,,,,,,,,0.5449999999999999,0.52,,0.0,0,False
2026-03-10 20:47:30+00:00,,,,,,,,0.5449999999999999,0.52,,0.0,0,False
2026-03-10 20:48:00+00:00,,,,,,,,0.5449999999999999,0.52,,0.0,0,False
2026-03-10 20:48:30+00:00,,,,,,,,0.5449999999999999,0.52,,0.0,0,False
2026-03-10 20:49:00+00:00,,,,,,,,0.5449999999999999,0.52,,0.0,0,False
2026-03-10 20:49:30+00:00,,,,,,,,0.5449999999999999,0.52,,0.0,0,False
2026-03-10 20:50:00+00:00,,,,,,,,0.5449999999999999,0.52,,0.0,0,False
2026-03-10 20:50:30+00:00,,,,,,,,0.5449999999999999,0.52,,0.0,0,False
2026-03-10 20:51:00+00:00,,,,,,,,0.5449999999999999,0.52,,0.0,0,False
2026-03-10 20:51:30+00:00,,,,,,,,0.5449999999999999,0.52,,0.0,0,False
2026-03-10 20:52:00+00:00,,,,,,,,0.5449999999999999,0.52,,0.0,0,False
2026-03-10 20:52:30+00:00,,,,,,,,0.56,0.56,,10.0,1,False
2026-03-10 20:53:00+00:00,,,,,,,,0.56,0.56,,0.0,0,False
2026-03-10 20:53:30+00:00,,,,,,,,0.56,0.56,,0.0,0,False
2026-03-10 20:54:00+00:00,,,,,,,,0.56,0.56,,0.0,0,False
2026-03-10 20:54:30+00:00,,,,,,,,0.56,0.56,,0.0,0,False
2026-03-10 20:55:00+00:00,,,,,,,,0.56,0.56,,0.0,0,False
2026-03-10 20:55:30+00:00,,,,,,,,0.56,0.56,,0.0,0,False
2026-03-10 20:56:00+00:00,,,,,,,,0.56,0.56,,0.0,0,False
2026-03-10 20:56:30+00:00,,,,,,,,0.56,0.56,,0.0,0,False
2026-03-10 20:57:00+00:00,,,,,,,,0.59,0.59,,13.0,1,False
2026-03-10 20:57:30+00:00,,,,,,,,0.59,0.59,,0.0,0,False
2026-03-10 20:58:00+00:00,,,,,,,,0.59,0.59,,0.0,0,False
2026-03-10 20:58:30+00:00,,,,,,,,0.59,0.59,,0.0,0,False
2026-03-10 20:59:00+00:00,,,,,,,,0.59,0.59,,0.0,0,False
2026-03-10 20:59:30+00:00,,,,,,,,0.59,0.59,,0.0,0,False
2026-03-10 21:00:00+00:00,,,,,,,,0.59,0.59,,0.0,0,False
2026-03-10 21:00:30+00:00,,,,,,,,0.59,0.59,,0.0,0,False
2026-03-10 21:01:00+00:00,,,,,,,,0.59,0.59,,0.0,0,False
2026-03-10 21:01:30+00:00,,,,,,,,0.59,0.59,,0.0,0,False
2026-03-10 21:02:00+00:00,,,,,,,,0.59,0.59,,0.0,0,False
2026-03-10 21:02:30+00:00,,,,,,,,0.59,0.59,,0.0,0,False
2026-03-10 21:03:00+00:00,,,,,,,,0.59,0.59,,0.0,0,False
2026-03-10 21:03:30+00:00,,,,,,,,0.59,0.59,,0.0,0,False
2026-03-10 21:04:00+00:00,,,,,,,,0.59,0.59,,0.0,0,False
2026-03-10 21:04:30+00:00,,,,,,,,0.59,0.59,,0.0,0,False
2026-03-10 21:05:00+00:00,,,,,,,,0.59,0.59,,0.0,0,False
2026-03-10 21:05:30+00:00,,,,,,,,0.59,0.59,,0.0,0,False
2026-03-10 21:06:00+00:00,,,,,,,,0.59,0.59,,0.0,0,False
2026-03-10 21:06:30+00:00,,,,,,,,0.59,0.59,,0.0,0,False
2026-03-10 21:07:00+00:00,,,,,,,,0.59,0.59,,0.0,0,False
2026-03-10 21:07:30+00:00,,,,,,,,0.59,0.59,,0.0,0,False
2026-03-10 21:08:00+00:00,,,,,,,,0.59,0.59,,0.0,0,False
2026-03-10 21:08:30+00:00,,,,,,,,0.59,0.59,,0.0,0,False
2026-03-10 21:09:00+00:00,,,,,,,,0.59,0.59,,0.0,0,False
2026-03-10 21:09:30+00:00,,,,,,,,0.59,0.59,,0.0,0,False
2026-03-10 21:10:00+00:00,,,,,,,,0.59,0.59,,0.0,0,False
2026-03-10 21:10:30+00:00,,,,,,,,0.59,0.59,,0.0,0,False
2026-03-10 21:11:00+00:00,,,,,,,,0.59,0.59,,0.0,0,False
2026-03-10 21:11:30+00:00,,,,,,,,0.59,0.59,,0.0,0,False
2026-03-10 21:12:00+00:00,,,,,,,,0.59,0.59,,0.0,0,False
2026-03-10 21:12:30+00:00,,,,,,,,0.59,0.59,,0.0,0,False
2026-03-10 21:13:00+00:00,,,,,,,,0.59,0.59,,0.0,0,False
2026-03-10 21:13:30+00:00,,,,,,,,0.59,0.59,,0.0,0,False
2026-03-10 21:14:00+00:00,,,,,,,,0.59,0.59,,0.0,0,False
2026-03-10 21:14:30+00:00,,,,,,,,0.59,0.59,,0.0,0,False
2026-03-10 21:15:00+00:00,,,,,,,,0.59,0.59,,0.0,0,False
2026-03-10 21:15:30+00:00,,,,,,,,0.59,0.59,,0.0,0,False
2026-03-10 21:16:00+00:00,,,,,,,,0.59,0.59,,0.0,0,False
2026-03-10 21:16:30+00:00,,,,,,,,0.59,0.59,,0.0,0,False
2026-03-10 21:17:00+00:00,,,,,,,,0.59,0.59,,0.0,0,False
2026-03-10 21:17:30+00:00,,,,,,,,0.59,0.59,,0.0,0,False
2026-03-10 21:18:00+00:00,,,,,,,,0.59,0.59,,0.0,0,False
2026-03-10 21:18:30+00:00,,,,,,,,0.59,0.59,,0.0,0,False
2026-03-10 21:19:00+00:00,,,,,,,,0.59,0.59,,0.0,0,False
2026-03-10 21:19:30+00:00,,,,,,,,0.59,0.59,,0.0,0,False
2026-03-10 21:20:00+00:00,,,,,,,,0.59,0.59,,0.0,0,False
2026-03-10 21:20:30+00:00,,,,,,,,0.59,0.59,,0.0,0,False
2026-03-10 21:21:00+00:00,,,,,,,,0.59,0.59,,0.0,0,False
2026-03-10 21:21:30+00:00,,,,,,,,0.59,0.59,,0.0,0,False
2026-03-10 21:22:00+00:00,,,,,,,,0.59,0.59,,0.0,0,False
2026-03-10 21:22:30+00:00,,,,,,,,0.59,0.59,,0.0,0,False
2026-03-10 21:23:00+00:00,,,,,,,,0.59,0.59,,0.0,0,False
2026-03-10 21:23:30+00:00,,,,,,,,0.59,0.59,,0.0,0,False
2026-03-10 21:24:00+00:00,,,,,,,,0.59,0.59,,0.0,0,False
2026-03-10 21:24:30+00:00,,,,,,,,0.59,0.59,,0.0,0,False
2026-03-10 21:25:00+00:00,,,,,,,,0.59,0.59,,0.0,0,False
2026-03-10 21:25:30+00:00,,,,,,,,0.59,0.59,,0.0,0,False
2026-03-10 21:26:00+00:00,,,,,,,,0.59,0.59,,0.0,0,False
2026-03-10 21:26:30+00:00,,,,,,,,0.59,0.59,,0.0,0,False
2026-03-10 21:27:00+00:00,,,,,,,,0.59,0.59,,0.0,0,False
2026-03-10 21:27:30+00:00,,,,,,,,0.59,0.59,,0.0,0,False
2026-03-10 21:28:00+00:00,,,,,,,,0.59,0.59,,0.0,0,False
2026-03-10 21:28:30+00:00,,,,,,,,0.59,0.59,,0.0,0,False
2026-03-10 21:29:00+00:00,,,,,,,,0.59,0.59,,0.0,0,False
2026-03-10 21:29:30+00:00,,,,,,,,0.59,0.59,,0.0,0,False
2026-03-10 21:30:00+00:00,,,,,,,,0.59,0.59,,0.0,0,False
2026-03-10 21:30:30+00:00,,,,,,,,0.59,0.59,,0.0,0,False
2026-03-10 21:31:00+00:00,,,,,,,,0.59,0.59,,0.0,0,False
2026-03-10 21:31:30+00:00,,,,,,,,0.59,0.59,,0.0,0,False
2026-03-10 21:32:00+00:00,,,,,,,,0.59,0.59,,0.0,0,False
2026-03-10 21:32:30+00:00,,,,,,,,0.59,0.59,,0.0,0,False
2026-03-10 21:33:00+00:00,,,,,,,,0.59,0.59,,0.0,0,False
2026-03-10 21:33:30+00:00,,,,,,,,0.59,0.59,,0.0,0,False
2026-03-10 21:34:00+00:00,,,,,,,,0.59,0.59,,0.0,0,False
2026-03-10 21:34:30+00:00,,,,,,,,0.59,0.59,,0.0,0,False
2026-03-10 21:35:00+00:00,,,,,,,,0.59,0.59,,0.0,0,False
2026-03-10 21:35:30+00:00,,,,,,,,0.59,0.59,,0.0,0,False
2026-03-10 21:36:00+00:00,,,,,,,,0.59,0.59,,0.0,0,False
2026-03-10 21:36:30+00:00,,,,,,,,0.59,0.59,,0.0,0,False
2026-03-10 21:37:00+00:00,,,,,,,,0.59,0.59,,0.0,0,False
2026-03-10 21:37:30+00:00,,,,,,,,0.59,0.59,,0.0,0,False
2026-03-10 21:38:00+00:00,,,,,,,,0.59,0.59,,0.0,0,False
2026-03-10 21:38:30+00:00,,,,,,,,0.59,0.59,,0.0,0,False
2026-03-10 21:39:00+00:00,,,,,,,,0.59,0.59,,0.0,0,False
2026-03-10 21:39:30+00:00,,,,,,,,0.59,0.59,,0.0,0,False
2026-03-10 21:40:00+00:00,,,,,,,,0.59,0.59,,0.0,0,False
2026-03-10 21:40:30+00:00,,,,,,,,0.59,0.59,,0.0,0,False
2026-03-10 21:41:00+00:00,,,,,,,,0.59,0.59,,0.0,0,False
2026-03-10 21:41:30+00:00,,,,,,,,0.59,0.59,,0.0,0,False
2026-03-10 21:42:00+00:00,,,,,,,,0.59,0.59,,0.0,0,False
2026-03-10 21:42:30+00:00,,,,,,,,0.59,0.59,,0.0,0,False
2026-03-10 21:43:00+00:00,,,,,,,,0.59,0.59,,0.0,0,False
2026-03-10 21:43:30+00:00,,,,,,,,0.59,0.59,,0.0,0,False
2026-03-10 21:44:00+00:00,,,,,,,,0.59,0.59,,0.0,0,False
2026-03-10 21:44:30+00:00,,,,,,,,0.59,0.59,,0.0,0,False
2026-03-10 21:45:00+00:00,,,,,,,,0.59,0.59,,0.0,0,False
2026-03-10 21:45:30+00:00,,,,,,,,0.59,0.59,,0.0,0,False
2026-03-10 21:46:00+00:00,,,,,,,,0.59,0.59,,0.0,0,False
2026-03-10 21:46:30+00:00,,,,,,,,0.59,0.59,,0.0,0,False
2026-03-10 21:47:00+00:00,,,,,,,,0.59,0.59,,0.0,0,False
2026-03-10 21:47:30+00:00,,,,,,,,0.59,0.59,,0.0,0,False
2026-03-10 21:48:00+00:00,,,,,,,,0.59,0.59,,0.0,0,False
2026-03-10 21:48:30+00:00,,,,,,,,0.59,0.59,,0.0,0,False
2026-03-10 21:49:00+00:00,,,,,,,,0.59,0.59,,0.0,0,False
2026-03-10 21:49:30+00:00,,,,,,,,0.59,0.59,,0.0,0,False
2026-03-10 21:50:00+00:00,,,,,,,,0.57,0.57,,1.0,1,False
2026-03-10 21:50:30+00:00,,,,,,,,0.57,0.57,,0.0,0,False
2026-03-10 21:51:00+00:00,,,,,,,,0.57,0.57,,0.0,0,False
2026-03-10 21:51:30+00:00,,,,,,,,0.57,0.57,,0.0,0,False
2026-03-10 21:52:00+00:00,,,,,,,,0.57,0.57,,0.0,0,False
2026-03-10 21:52:30+00:00,,,,,,,,0.57,0.57,,0.0,0,False
2026-03-10 21:53:00+00:00,,,,,,,,0.57,0.57,,0.0,0,False
2026-03-10 21:53:30+00:00,,,,,,,,0.57,0.57,,0.0,0,False
2026-03-10 21:54:00+00:00,,,,,,,,0.57,0.57,,0.0,0,False
2026-03-10 21:54:30+00:00,,,,,,,,0.57,0.57,,0.0,0,False
2026-03-10 21:55:00+00:00,,,,,,,,0.57,0.57,,0.0,0,False
2026-03-10 21:55:30+00:00,,,,,,,,0.57,0.57,,0.0,0,False
2026-03-10 21:56:00+00:00,,,,,,,,0.57,0.57,,0.0,0,False
2026-03-10 21:56:30+00:00,,,,,,,,0.57,0.57,,0.0,0,False
2026-03-10 21:57:00+00:00,,,,,,,,0.57,0.57,,0.0,0,False
2026-03-10 21:57:30+00:00,,,,,,,,0.57,0.57,,0.0,0,False
2026-03-10 21:58:00+00:00,,,,,,,,0.57,0.57,,0.0,0,False
2026-03-10 21:58:30+00:00,,,,,,,,0.57,0.57,,0.0,0,False
2026-03-10 21:59:00+00:00,,,,,,,,0.57,0.57,,0.0,0,False
2026-03-10 21:59:30+00:00,,,,,,,,0.57,0.57,,0.0,0,False
2026-03-10 22:00:00+00:00,,,,,,,,0.59,0.59,,31.0,1,False
2026-03-10 22:00:30+00:00,,,,,,,,0.59,0.59,,0.0,0,False
2026-03-10 22:01:00+00:00,,,,,,,,0.59,0.59,,0.0,0,False
2026-03-10 22:01:30+00:00,,,,,,,,0.59,0.59,,0.0,0,False
2026-03-10 22:02:00+00:00,,,,,,,,0.59,0.59,,0.0,0,False
2026-03-10 22:02:30+00:00,,,,,,,,0.59,0.59,,0.0,0,False
2026-03-10 22:03:00+00:00,,,,,,,,0.59,0.59,,0.0,0,False
2026-03-10 22:03:30+00:00,,,,,,,,0.59,0.59,,0.0,0,False
2026-03-10 22:04:00+00:00,,,,,,,,0.59,0.59,,0.0,0,False
2026-03-10 22:04:30+00:00,,,,,,,,0.59,0.59,,0.0,0,False
2026-03-10 22:05:00+00:00,,,,,,,,0.59,0.59,,0.0,0,False
2026-03-10 22:05:30+00:00,,,,,,,,0.59,0.59,,0.0,0,False
2026-03-10 22:06:00+00:00,,,,,,,,0.59,0.59,,0.0,0,False
2026-03-10 22:06:30+00:00,,,,,,,,0.59,0.59,,0.0,0,False
2026-03-10 22:07:00+00:00,,,,,,,,0.59,0.59,,0.0,0,False
2026-03-10 22:07:30+00:00,,,,,,,,0.59,0.59,,0.0,0,False
2026-03-10 22:08:00+00:00,,,,,,,,0.5645161290322581,0.57,,31.0,3,False
2026-03-10 22:08:30+00:00,,,,,,,,0.5645161290322581,0.57,,0.0,0,False
2026-03-10 22:09:00+00:00,,,,,,,,0.5645161290322581,0.57,,0.0,0,False
2026-03-10 22:09:30+00:00,,,,,,,,0.5645161290322581,0.57,,0.0,0,False
2026-03-10 22:10:00+00:00,,,,,,,,0.5645161290322581,0.57,,0.0,0,False
2026-03-10 22:10:30+00:00,,,,,,,,0.5645161290322581,0.57,,0.0,0,False
2026-03-10 22:11:00+00:00,,,,,,,,0.5645161290322581,0.57,,0.0,0,False
2026-03-10 22:11:30+00:00,,,,,,,,0.5645161290322581,0.57,,0.0,0,False
2026-03-10 22:12:00+00:00,,,,,,,,0.5645161290322581,0.57,,0.0,0,False
2026-03-10 22:12:30+00:00,,,,,,,,0.5645161290322581,0.57,,0.0,0,False
2026-03-10 22:13:00+00:00,,,,,,,,0.5645161290322581,0.57,,0.0,0,False
2026-03-10 22:13:30+00:00,,,,,,,,0.5645161290322581,0.57,,0.0,0,False
2026-03-10 22:14:00+00:00,,,,,,,,0.5645161290322581,0.57,,0.0,0,False
2026-03-10 22:14:30+00:00,,,,,,,,0.5645161290322581,0.57,,0.0,0,False
2026-03-10 22:15:00+00:00,,,,,,,,0.5645161290322581,0.57,,0.0,0,False
2026-03-10 22:15:30+00:00,,,,,,,,0.5645161290322581,0.57,,0.0,0,False
2026-03-10 22:16:00+00:00,,,,,,,,0.5645161290322581,0.57,,0.0,0,False
2026-03-10 22:16:30+00:00,,,,,,,,0.5645161290322581,0.57,,0.0,0,False
2026-03-10 22:17:00+00:00,,,,,,,,0.5645161290322581,0.57,,0.0,0,False
2026-03-10 22:17:30+00:00,,,,,,,,0.5645161290322581,0.57,,0.0,0,False
2026-03-10 22:18:00+00:00,,,,,,,,0.5645161290322581,0.57,,0.0,0,False
2026-03-10 22:18:30+00:00,,,,,,,,0.5645161290322581,0.57,,0.0,0,False
2026-03-10 22:19:00+00:00,,,,,,,,0.5645161290322581,0.57,,0.0,0,False
2026-03-10 22:19:30+00:00,,,,,,,,0.5645161290322581,0.57,,0.0,0,False
2026-03-10 22:20:00+00:00,,,,,,,,0.5645161290322581,0.57,,0.0,0,False
2026-03-10 22:20:30+00:00,,,,,,,,0.5645161290322581,0.57,,0.0,0,False
2026-03-10 22:21:00+00:00,,,,,,,,0.5645161290322581,0.57,,0.0,0,False
2026-03-10 22:21:30+00:00,,,,,,,,0.5645161290322581,0.57,,0.0,0,False
2026-03-10 22:22:00+00:00,,,,,,,,0.5645161290322581,0.57,,0.0,0,False
2026-03-10 22:22:30+00:00,,,,,,,,0.5645161290322581,0.57,,0.0,0,False
2026-03-10 22:23:00+00:00,,,,,,,,0.5645161290322581,0.57,,0.0,0,False
2026-03-10 22:23:30+00:00,,,,,,,,0.5645161290322581,0.57,,0.0,0,False
2026-03-10 22:24:00+00:00,,,,,,,,0.5645161290322581,0.57,,0.0,0,False
2026-03-10 22:24:30+00:00,,,,,,,,0.5645161290322581,0.57,,0.0,0,False
2026-03-10 22:25:00+00:00,,,,,,,,0.5645161290322581,0.57,,0.0,0,False
2026-03-10 22:25:30+00:00,,,,,,,,0.5645161290322581,0.57,,0.0,0,False
2026-03-10 22:26:00+00:00,,,,,,,,0.5645161290322581,0.57,,0.0,0,False
2026-03-10 22:26:30+00:00,,,,,,,,0.5645161290322581,0.57,,0.0,0,False
2026-03-10 22:27:00+00:00,,,,,,,,0.5645161290322581,0.57,,0.0,0,False
2026-03-10 22:27:30+00:00,,,,,,,,0.5645161290322581,0.57,,0.0,0,False
2026-03-10 22:28:00+00:00,,,,,,,,0.5645161290322581,0.57,,0.0,0,False
2026-03-10 22:28:30+00:00,,,,,,,,0.5645161290322581,0.57,,0.0,0,False
2026-03-10 22:29:00+00:00,,,,,,,,0.5645161290322581,0.57,,0.0,0,False
2026-03-10 22:29:30+00:00,,,,,,,,0.5645161290322581,0.57,,0.0,0,False
2026-03-10 22:30:00+00:00,,,,,,,,0.5645161290322581,0.57,,0.0,0,False
2026-03-10 22:30:30+00:00,,,,,,,,0.5645161290322581,0.57,,0.0,0,False
2026-03-10 22:31:00+00:00,,,,,,,,0.5645161290322581,0.57,,0.0,0,False
2026-03-10 22:31:30+00:00,,,,,,,,0.5645161290322581,0.57,,0.0,0,False
2026-03-10 22:32:00+00:00,,,,,,,,0.5645161290322581,0.57,,0.0,0,False
2026-03-10 22:32:30+00:00,,,,,,,,0.5645161290322581,0.57,,0.0,0,False
2026-03-10 22:33:00+00:00,,,,,,,,0.5447368421052632,0.55,,38.0,4,False
2026-03-10 22:33:30+00:00,,,,,,,,0.5447368421052632,0.55,,0.0,0,False
2026-03-10 22:34:00+00:00,,,,,,,,0.5447368421052632,0.55,,0.0,0,False
2026-03-10 22:34:30+00:00,,,,,,,,0.5447368421052632,0.55,,0.0,0,False
2026-03-10 22:35:00+00:00,,,,,,,,0.5447368421052632,0.55,,0.0,0,False
2026-03-10 22:35:30+00:00,,,,,,,,0.5447368421052632,0.55,,0.0,0,False
2026-03-10 22:36:00+00:00,,,,,,,,0.5447368421052632,0.55,,0.0,0,False
2026-03-10 22:36:30+00:00,,,,,,,,0.5447368421052632,0.55,,0.0,0,False
2026-03-10 22:37:00+00:00,,,,,,,,0.5447368421052632,0.55,,0.0,0,False
2026-03-10 22:37:30+00:00,,,,,,,,0.5447368421052632,0.55,,0.0,0,False
2026-03-10 22:38:00+00:00,,,,,,,,0.5447368421052632,0.55,,0.0,0,False
2026-03-10 22:38:30+00:00,,,,,,,,0.56,0.56,,34.0,1,False
2026-03-10 22:39:00+00:00,,,,,,,,0.56,0.56,,0.0,0,False
2026-03-10 22:39:30+00:00,,,,,,,,0.56,0.56,,0.0,0,False
2026-03-10 22:40:00+00:00,,,,,,,,0.56,0.56,,0.0,0,False
2026-03-10 22:40:30+00:00,,,,,,,,0.56,0.56,,0.0,0,False
2026-03-10 22:41:00+00:00,,,,,,,,0.56,0.56,,0.0,0,False
2026-03-10 22:41:30+00:00,,,,,,,,0.56,0.56,,0.0,0,False
2026-03-10 22:42:00+00:00,,,,,,,,0.56,0.56,,0.0,0,False
2026-03-10 22:42:30+00:00,,,,,,,,0.56,0.56,,0.0,0,False
2026-03-10 22:43:00+00:00,,,,,,,,0.56,0.56,,0.0,0,False
2026-03-10 22:43:30+00:00,,,,,,,,0.56,0.56,,0.0,0,False
2026-03-10 22:44:00+00:00,,,,,,,,0.56,0.56,,0.0,0,False
2026-03-10 22:44:30+00:00,,,,,,,,0.56,0.56,,0.0,0,False
2026-03-10 22:45:00+00:00,,,,,,,,0.56,0.56,,0.0,0,False
2026-03-10 22:45:30+00:00,,,,,,,,0.56,0.56,,0.0,0,False
2026-03-10 22:46:00+00:00,,,,,,,,0.56,0.56,,0.0,0,False
2026-03-10 22:46:30+00:00,,,,,,,,0.56,0.56,,0.0,0,False
2026-03-10 22:47:00+00:00,,,,,,,,0.56,0.56,,0.0,0,False
2026-03-10 22:47:30+00:00,,,,,,,,0.56,0.56,,0.0,0,False
2026-03-10 22:48:00+00:00,,,,,,,,0.56,0.56,,0.0,0,False
2026-03-10 22:48:30+00:00,,,,,,,,0.56,0.56,,0.0,0,False
2026-03-10 22:49:00+00:00,,,,,,,,0.56,0.56,,0.0,0,False
2026-03-10 22:49:30+00:00,,,,,,,,0.56,0.56,,0.0,0,False
2026-03-10 22:50:00+00:00,,,,,,,,0.56,0.56,,0.0,0,False
2026-03-10 22:50:30+00:00,,,,,,,,0.56,0.56,,0.0,0,False
2026-03-10 22:51:00+00:00,,,,,,,,0.56,0.56,,0.0,0,False
2026-03-10 22:51:30+00:00,,,,,,,,0.56,0.56,,0.0,0,False
2026-03-10 22:52:00+00:00,,,,,,,,0.56,0.56,,0.0,0,False
2026-03-10 22:52:30+00:00,,,,,,,,0.56,0.56,,0.0,0,False
2026-03-10 22:53:00+00:00,,,,,,,,0.56,0.56,,0.0,0,False
2026-03-10 22:53:30+00:00,,,,,,,,0.56,0.56,,0.0,0,False
2026-03-10 22:54:00+00:00,,,,,,,,0.56,0.56,,0.0,0,False
2026-03-10 22:54:30+00:00,,,,,,,,0.56,0.56,,0.0,0,False
2026-03-10 22:55:00+00:00,,,,,,,,0.56,0.56,,0.0,0,False
2026-03-10 22:55:30+00:00,,,,,,,,0.56,0.56,,0.0,0,False
2026-03-10 22:56:00+00:00,,,,,,,,0.56,0.56,,0.0,0,False
2026-03-10 22:56:30+00:00,,,,,,,,0.56,0.56,,0.0,0,False
2026-03-10 22:57:00+00:00,,,,,,,,0.56,0.56,,0.0,0,False
2026-03-10 22:57:30+00:00,,,,,,,,0.56,0.56,,0.0,0,False
2026-03-10 22:58:00+00:00,,,,,,,,0.56,0.56,,0.0,0,False
2026-03-10 22:58:30+00:00,,,,,,,,0.56,0.56,,0.0,0,False
2026-03-10 22:59:00+00:00,,,,,,,,0.56,0.56,,0.0,0,False
2026-03-10 22:59:30+00:00,,,,,,,,0.56,0.56,,0.0,0,False
2026-03-10 23:00:00+00:00,,,,,,,,0.56,0.56,,0.0,0,False
2026-03-10 23:00:30+00:00,,,,,,,,0.56,0.56,,0.0,0,False
2026-03-10 23:01:00+00:00,,,,,,,,0.56,0.56,,0.0,0,False
2026-03-10 23:01:30+00:00,,,,,,,,0.56,0.56,,0.0,0,False
2026-03-10 23:02:00+00:00,,,,,,,,0.56,0.56,,0.0,0,False
2026-03-10 23:02:30+00:00,,,,,,,,0.56,0.56,,0.0,0,False
2026-03-10 23:03:00+00:00,,,,,,,,0.56,0.56,,0.0,0,False
2026-03-10 23:03:30+00:00,,,,,,,,0.56,0.56,,0.0,0,False
2026-03-10 23:04:00+00:00,,,,,,,,0.56,0.56,,0.0,0,False
2026-03-10 23:04:30+00:00,,,,,,,,0.56,0.56,,0.0,0,False
2026-03-10 23:05:00+00:00,,,,,,,,0.56,0.56,,0.0,0,False
2026-03-10 23:05:30+00:00,,,,,,,,0.56,0.56,,0.0,0,False
2026-03-10 23:06:00+00:00,,,,,,,,0.56,0.56,,0.0,0,False
2026-03-10 23:06:30+00:00,,,,,,,,0.56,0.56,,0.0,0,False
2026-03-10 23:07:00+00:00,,,,,,,,0.56,0.56,,0.0,0,False
2026-03-10 23:07:30+00:00,,,,,,,,0.56,0.56,,0.0,0,False
2026-03-10 23:08:00+00:00,,,,,,,,0.56,0.56,,0.0,0,False
2026-03-10 23:08:30+00:00,,,,,,,,0.56,0.56,,0.0,0,False
2026-03-10 23:09:00+00:00,,,,,,,,0.56,0.56,,0.0,0,False
2026-03-10 23:09:30+00:00,,,,,,,,0.56,0.56,,0.0,0,False
2026-03-10 23:10:00+00:00,,,,,,,,0.56,0.56,,0.0,0,False
2026-03-10 23:10:30+00:00,,,,,,,,0.56,0.56,,0.0,0,False
2026-03-10 23:11:00+00:00,,,,,,,,0.56,0.56,,0.0,0,False
2026-03-10 23:11:30+00:00,,,,,,,,0.56,0.56,,0.0,0,False
2026-03-10 23:12:00+00:00,,,,,,,,0.56,0.56,,0.0,0,False
2026-03-10 23:12:30+00:00,,,,,,,,0.56,0.56,,0.0,0,False
2026-03-10 23:13:00+00:00,,,,,,,,0.56,0.56,,0.0,0,False
2026-03-10 23:13:30+00:00,,,,,,,,0.56,0.56,,0.0,0,False
2026-03-10 23:14:00+00:00,,,,,,,,0.56,0.56,,0.0,0,False
2026-03-10 23:14:30+00:00,,,,,,,,0.56,0.56,,0.0,0,False
2026-03-10 23:15:00+00:00,,,,,,,,0.56,0.56,,0.0,0,False
2026-03-10 23:15:30+00:00,,,,,,,,0.56,0.56,,0.0,0,False
2026-03-10 23:16:00+00:00,,,,,,,,0.56,0.56,,0.0,0,False
2026-03-10 23:16:30+00:00,,,,,,,,0.56,0.56,,0.0,0,False
2026-03-10 23:17:00+00:00,,,,,,,,0.56,0.56,,0.0,0,False
2026-03-10 23:17:30+00:00,,,,,,,,0.56,0.56,,0.0,0,False
2026-03-10 23:18:00+00:00,,,,,,,,0.42000000000000004,0.42000000000000004,,16.0,1,False
2026-03-10 23:18:30+00:00,,,,,,,,0.42000000000000004,0.42000000000000004,,0.0,0,False
2026-03-10 23:19:00+00:00,,,,,,,,0.42000000000000004,0.42000000000000004,,0.0,0,False
2026-03-10 23:19:30+00:00,,,,,,,,0.42000000000000004,0.42000000000000004,,0.0,0,False
2026-03-10 23:20:00+00:00,,,,,,,,0.42000000000000004,0.42000000000000004,,0.0,0,False
2026-03-10 23:20:30+00:00,,,,,,,,0.42000000000000004,0.42000000000000004,,0.0,0,False
2026-03-10 23:21:00+00:00,,,,,,,,0.42000000000000004,0.42000000000000004,,0.0,0,False
2026-03-10 23:21:30+00:00,,,,,,,,0.42000000000000004,0.42000000000000004,,0.0,0,False
2026-03-10 23:22:00+00:00,,,,,,,,0.42000000000000004,0.42000000000000004,,0.0,0,False
2026-03-10 23:22:30+00:00,,,,,,,,0.42000000000000004,0.42000000000000004,,0.0,0,False
2026-03-10 23:23:00+00:00,,,,,,,,0.42000000000000004,0.42000000000000004,,0.0,0,False
2026-03-10 23:23:30+00:00,,,,,,,,0.42000000000000004,0.42000000000000004,,0.0,0,False
2026-03-10 23:24:00+00:00,,,,,,,,0.42000000000000004,0.42000000000000004,,0.0,0,False
2026-03-10 23:24:30+00:00,,,,,,,,0.42000000000000004,0.42000000000000004,,0.0,0,False
2026-03-10 23:25:00+00:00,,,,,,,,0.42000000000000004,0.42000000000000004,,0.0,0,False
2026-03-10 23:25:30+00:00,,,,,,,,0.42000000000000004,0.42000000000000004,,0.0,0,False
2026-03-10 23:26:00+00:00,,,,,,,,0.42000000000000004,0.42000000000000004,,0.0,0,False
2026-03-10 23:26:30+00:00,,,,,,,,0.42000000000000004,0.42000000000000004,,0.0,0,False
2026-03-10 23:27:00+00:00,,,,,,,,0.42000000000000004,0.42000000000000004,,0.0,0,False
2026-03-10 23:27:30+00:00,,,,,,,,0.42000000000000004,0.42000000000000004,,0.0,0,False
2026-03-10 23:28:00+00:00,,,,,,,,0.42000000000000004,0.42000000000000004,,0.0,0,False
2026-03-10 23:28:30+00:00,,,,,,,,0.42000000000000004,0.42000000000000004,,0.0,0,False
2026-03-10 23:29:00+00:00,,,,,,,,0.42000000000000004,0.42000000000000004,,0.0,0,False
2026-03-10 23:29:30+00:00,,,,,,,,0.42000000000000004,0.42000000000000004,,0.0,0,False
2026-03-10 23:30:00+00:00,,,,,,,,0.42000000000000004,0.42000000000000004,,0.0,0,False
2026-03-10 23:30:30+00:00,,,,,,,,0.42000000000000004,0.42000000000000004,,0.0,0,False
2026-03-10 23:31:00+00:00,,,,,,,,0.42000000000000004,0.42000000000000004,,0.0,0,False
2026-03-10 23:31:30+00:00,,,,,,,,0.42000000000000004,0.42000000000000004,,0.0,0,False
2026-03-10 23:32:00+00:00,,,,,,,,0.42000000000000004,0.42000000000000004,,0.0,0,False
2026-03-10 23:32:30+00:00,,,,,,,,0.42000000000000004,0.42000000000000004,,0.0,0,False
2026-03-10 23:33:00+00:00,,,,,,,,0.42000000000000004,0.42000000000000004,,0.0,0,False
2026-03-10 23:33:30+00:00,,,,,,,,0.5991333333333334,0.6,,150.0,2,False
2026-03-10 23:34:00+00:00,,,,,,,,0.5991333333333334,0.6,,0.0,0,False
2026-03-10 23:34:30+00:00,,,,,,,,0.5991333333333334,0.6,,0.0,0,False
2026-03-10 23:35:00+00:00,,,,,,,,0.5991333333333334,0.6,,0.0,0,False
2026-03-10 23:35:30+00:00,,,,,,,,0.5991333333333334,0.6,,0.0,0,False
2026-03-10 23:36:00+00:00,,,,,,,,0.5991333333333334,0.6,,0.0,0,False
2026-03-10 23:36:30+00:00,,,,,,,,0.5991333333333334,0.6,,0.0,0,False
2026-03-10 23:37:00+00:00,,,,,,,,0.5991333333333334,0.6,,0.0,0,False
2026-03-10 23:37:30+00:00,,,,,,,,0.5991333333333334,0.6,,0.0,0,False
2026-03-10 23:38:00+00:00,,,,,,,,0.5991333333333334,0.6,,0.0,0,False
2026-03-10 23:38:30+00:00,,,,,,,,0.5991333333333334,0.6,,0.0,0,False
2026-03-10 23:39:00+00:00,,,,,,,,0.5991333333333334,0.6,,0.0,0,False
2026-03-10 23:39:30+00:00,,,,,,,,0.5991333333333334,0.6,,0.0,0,False
2026-03-10 23:40:00+00:00,,,,,,,,0.5991333333333334,0.6,,0.0,0,False
2026-03-10 23:40:30+00:00,,,,,,,,0.5991333333333334,0.6,,0.0,0,False
2026-03-10 23:41:00+00:00,,,,,,,,0.55,0.55,,2.0,1,False
2026-03-10 23:41:30+00:00,,,,,,,,0.56,0.56,,10.0,1,False
2026-03-10 23:42:00+00:00,,,,,,,,0.56,0.56,,0.0,0,False
2026-03-10 23:42:30+00:00,,,,,,,,0.56,0.56,,0.0,0,False
2026-03-10 23:43:00+00:00,,,,,,,,0.56,0.56,,0.0,0,False
2026-03-10 23:43:30+00:00,,,,,,,,0.56,0.56,,0.0,0,False
2026-03-10 23:44:00+00:00,,,,,,,,0.56,0.56,,0.0,0,False
2026-03-10 23:44:30+00:00,,,,,,,,0.56,0.56,,0.0,0,False
2026-03-10 23:45:00+00:00,,,,,,,,0.56,0.56,,0.0,0,False
2026-03-10 23:45:30+00:00,,,,,,,,0.56,0.56,,0.0,0,False
2026-03-10 23:46:00+00:00,,,,,,,,0.56,0.56,,0.0,0,False
2026-03-10 23:46:30+00:00,,,,,,,,0.56,0.56,,0.0,0,False
2026-03-10 23:47:00+00:00,,,,,,,,0.56,0.56,,0.0,0,False
2026-03-10 23:47:30+00:00,,,,,,,,0.56,0.56,,0.0,0,False
2026-03-10 23:48:00+00:00,,,,,,,,0.56,0.56,,0.0,0,False
2026-03-10 23:48:30+00:00,,,,,,,,0.56,0.56,,0.0,0,False
2026-03-10 23:49:00+00:00,,,,,,,,0.56,0.56,,0.0,0,False
2026-03-10 23:49:30+00:00,,,,,,,,0.56,0.56,,0.0,0,False
2026-03-10 23:50:00+00:00,,,,,,,,0.56,0.56,,0.0,0,False
2026-03-10 23:50:30+00:00,,,,,,,,0.56,0.56,,0.0,0,False
2026-03-10 23:51:00+00:00,,,,,,,,0.56,0.56,,0.0,0,False
2026-03-10 23:51:30+00:00,,,,,,,,0.56,0.56,,0.0,0,False
2026-03-10 23:52:00+00:00,,,,,,,,0.56,0.56,,0.0,0,False
2026-03-10 23:52:30+00:00,,,,,,,,0.56,0.56,,0.0,0,False
2026-03-10 23:53:00+00:00,,,,,,,,0.56,0.56,,0.0,0,False
2026-03-10 23:53:30+00:00,,,,,,,,0.56,0.56,,0.0,0,False
2026-03-10 23:54:00+00:00,,,,,,,,0.56,0.56,,0.0,0,False
2026-03-10 23:54:30+00:00,,,,,,,,0.56,0.56,,0.0,0,False
2026-03-10 23:55:00+00:00,,,,,,,,0.56,0.56,,0.0,0,False
2026-03-10 23:55:30+00:00,,,,,,,,0.56,0.56,,0.0,0,False
2026-03-10 23:56:00+00:00,,,,,,,,0.56,0.56,,0.0,0,False
2026-03-10 23:56:30+00:00,,,,,,,,0.56,0.56,,0.0,0,False
2026-03-10 23:57:00+00:00,,,,,,,,0.56,0.56,,0.0,0,False
2026-03-10 23:57:30+00:00,,,,,,,,0.56,0.56,,0.0,0,False
2026-03-10 23:58:00+00:00,,,,,,,,0.56,0.56,,0.0,0,False
2026-03-10 23:58:30+00:00,,,,,,,,0.56,0.56,,0.0,0,False
2026-03-10 23:59:00+00:00,,,,,,,,0.56,0.56,,0.0,0,False
2026-03-10 23:59:30+00:00,,,,,,,,0.56,0.56,,0.0,0,False
2026-03-11 00:00:00+00:00,,,,,,,,0.56,0.56,,0.0,0,False
2026-03-11 00:00:30+00:00,,,,,,,,0.56,0.56,,0.0,0,False
2026-03-11 00:01:00+00:00,,,,,,,,0.56,0.56,,0.0,0,False
2026-03-11 00:01:30+00:00,,,,,,,,0.56,0.56,,0.0,0,False
2026-03-11 00:02:00+00:00,,,,,,,,0.56,0.56,,0.0,0,False
2026-03-11 00:02:30+00:00,,,,,,,,0.56,0.56,,0.0,0,False
2026-03-11 00:03:00+00:00,,,,,,,,0.56,0.56,,0.0,0,False
2026-03-11 00:03:30+00:00,,,,,,,,0.56,0.56,,0.0,0,False
2026-03-11 00:04:00+00:00,,,,,,,,0.56,0.56,,0.0,0,False
2026-03-11 00:04:30+00:00,,,,,,,,0.56,0.56,,0.0,0,False
2026-03-11 00:05:00+00:00,,,,,,,,0.56,0.56,,0.0,0,False
2026-03-11 00:05:30+00:00,,,,,,,,0.56,0.56,,0.0,0,False
2026-03-11 00:06:00+00:00,,,,,,,,0.56,0.56,,0.0,0,False
2026-03-11 00:06:30+00:00,,,,,,,,0.56,0.56,,0.0,0,False
2026-03-11 00:07:00+00:00,,,,,,,,0.56,0.56,,0.0,0,False
2026-03-11 00:07:30+00:00,,,,,,,,0.56,0.56,,0.0,0,False
2026-03-11 00:08:00+00:00,,,,,,,,0.56,0.56,,0.0,0,False
2026-03-11 00:08:30+00:00,,,,,,,,0.56,0.56,,0.0,0,False
2026-03-11 00:09:00+00:00,,,,,,,,0.56,0.56,,0.0,0,False
2026-03-11 00:09:30+00:00,,,,,,,,0.56,0.56,,0.0,0,False
2026-03-11 00:10:00+00:00,,,,,,,,0.56,0.56,,0.0,0,False
2026-03-11 00:10:30+00:00,,,,,,,,0.56,0.56,,0.0,0,False
2026-03-11 00:11:00+00:00,,,,,,,,0.56,0.56,,0.0,0,False
2026-03-11 00:11:30+00:00,,,,,,,,0.55,0.55,,2.0,1,False
2026-03-11 00:12:00+00:00,,,,,,,,0.55,0.55,,0.0,0,False
2026-03-11 00:12:30+00:00,,,,,,,,0.55,0.55,,0.0,0,False
2026-03-11 00:13:00+00:00,,,,,,,,0.55,0.55,,0.0,0,False
2026-03-11 00:13:30+00:00,,,,,,,,0.55,0.55,,0.0,0,False
2026-03-11 00:14:00+00:00,,,,,,,,0.55,0.55,,0.0,0,False
2026-03-11 00:14:30+00:00,,,,,,,,0.55,0.55,,0.0,0,False
2026-03-11 00:15:00+00:00,,,,,,,,0.55,0.55,,0.0,0,False
2026-03-11 00:15:30+00:00,,,,,,,,0.55,0.55,,0.0,0,False
2026-03-11 00:16:00+00:00,,,,,,,,0.55,0.55,,0.0,0,False
2026-03-11 00:16:30+00:00,,,,,,,,0.55,0.55,,0.0,0,False
2026-03-11 00:17:00+00:00,,,,,,,,0.55,0.55,,0.0,0,False
2026-03-11 00:17:30+00:00,,,,,,,,0.55,0.55,,0.0,0,False
2026-03-11 00:18:00+00:00,,,,,,,,0.55,0.55,,0.0,0,False
2026-03-11 00:18:30+00:00,,,,,,,,0.554,0.55,,10.0,3,False
2026-03-11 00:19:00+00:00,,,,,,,,0.554,0.55,,0.0,0,False
2026-03-11 00:19:30+00:00,,,,,,,,0.554,0.55,,0.0,0,False
2026-03-11 00:20:00+00:00,,,,,,,,0.554,0.55,,0.0,0,False
2026-03-11 00:20:30+00:00,,,,,,,,0.554,0.55,,0.0,0,False
2026-03-11 00:21:00+00:00,,,,,,,,0.554,0.55,,0.0,0,False
2026-03-11 00:21:30+00:00,,,,,,,,0.554,0.55,,0.0,0,False
2026-03-11 00:22:00+00:00,,,,,,,,0.554,0.55,,0.0,0,False
2026-03-11 00:22:30+00:00,,,,,,,,0.554,0.55,,0.0,0,False
2026-03-11 00:23:00+00:00,,,,,,,,0.55,0.55,,1.0,1,False
2026-03-11 00:23:30+00:00,,,,,,,,0.55,0.55,,0.0,0,False
2026-03-11 00:24:00+00:00,,,,,,,,0.55,0.55,,0.0,0,False
2026-03-11 00:24:30+00:00,,,,,,,,0.55,0.55,,0.0,0,False
2026-03-11 00:25:00+00:00,,,,,,,,0.55,0.55,,0.0,0,False
2026-03-11 00:25:30+00:00,,,,,,,,0.55,0.55,,0.0,0,False
2026-03-11 00:26:00+00:00,,,,,,,,0.55,0.55,,0.0,0,False
2026-03-11 00:26:30+00:00,,,,,,,,0.55,0.55,,0.0,0,False
2026-03-11 00:27:00+00:00,,,,,,,,0.55,0.55,,0.0,0,False
2026-03-11 00:27:30+00:00,,,,,,,,0.55,0.55,,0.0,0,False
2026-03-11 00:28:00+00:00,,,,,,,,0.5425,0.53,,16.0,2,False
2026-03-11 00:28:30+00:00,,,,,,,,0.5425,0.53,,0.0,0,False
2026-03-11 00:29:00+00:00,,,,,,,,0.5425,0.53,,0.0,0,False
2026-03-11 00:29:30+00:00,,,,,,,,0.5425,0.53,,0.0,0,False
2026-03-11 00:30:00+00:00,,,,,,,,0.5425,0.53,,0.0,0,False
2026-03-11 00:30:30+00:00,,,,,,,,0.5425,0.53,,0.0,0,False
2026-03-11 00:31:00+00:00,,,,,,,,0.5425,0.53,,0.0,0,False
2026-03-11 00:31:30+00:00,,,,,,,,0.5425,0.53,,0.0,0,False
2026-03-11 00:32:00+00:00,,,,,,,,0.5425,0.53,,0.0,0,False
2026-03-11 00:32:30+00:00,,,,,,,,0.5425,0.53,,0.0,0,False
2026-03-11 00:33:00+00:00,,,,,,,,0.5425,0.53,,0.0,0,False
2026-03-11 00:33:30+00:00,,,,,,,,0.5425,0.53,,0.0,0,False
2026-03-11 00:34:00+00:00,,,,,,,,0.5425,0.53,,0.0,0,False
2026-03-11 00:34:30+00:00,,,,,,,,0.5425,0.53,,0.0,0,False
2026-03-11 00:35:00+00:00,,,,,,,,0.5425,0.53,,0.0,0,False
2026-03-11 00:35:30+00:00,,,,,,,,0.5425,0.53,,0.0,0,False
2026-03-11 00:36:00+00:00,,,,,,,,0.5425,0.53,,0.0,0,False
2026-03-11 00:36:30+00:00,,,,,,,,0.5425,0.53,,0.0,0,False
2026-03-11 00:37:00+00:00,,,,,,,,0.5425,0.53,,0.0,0,False
2026-03-11 00:37:30+00:00,,,,,,,,0.5425,0.53,,0.0,0,False
2026-03-11 00:38:00+00:00,,,,,,,,0.5425,0.53,,0.0,0,False
2026-03-11 00:38:30+00:00,,,,,,,,0.5425,0.53,,0.0,0,False
2026-03-11 00:39:00+00:00,,,,,,,,0.5425,0.53,,0.0,0,False
2026-03-11 00:39:30+00:00,,,,,,,,0.5425,0.53,,0.0,0,False
2026-03-11 00:40:00+00:00,,,,,,,,0.5425,0.53,,0.0,0,False
2026-03-11 00:40:30+00:00,,,,,,,,0.5425,0.53,,0.0,0,False
2026-03-11 00:41:00+00:00,,,,,,,,0.5425,0.53,,0.0,0,False
2026-03-11 00:41:30+00:00,,,,,,,,0.5425,0.53,,0.0,0,False
2026-03-11 00:42:00+00:00,,,,,,,,0.5425,0.53,,0.0,0,False
2026-03-11 00:42:30+00:00,,,,,,,,0.5425,0.53,,0.0,0,False
2026-03-11 00:43:00+00:00,,,,,,,,0.5425,0.53,,0.0,0,False
2026-03-11 00:43:30+00:00,,,,,,,,0.5425,0.53,,0.0,0,False
2026-03-11 00:44:00+00:00,,,,,,,,0.4548148148148147,0.43999999999999995,,27.0,4,False
2026-03-11 00:44:30+00:00,,,,,,,,0.4548148148148147,0.43999999999999995,,0.0,0,False
2026-03-11 00:45:00+00:00,,,,,,,,0.4548148148148147,0.43999999999999995,,0.0,0,False
2026-03-11 00:45:30+00:00,,,,,,,,0.4548148148148147,0.43999999999999995,,0.0,0,False
2026-03-11 00:46:00+00:00,,,,,,,,0.4548148148148147,0.43999999999999995,,0.0,0,False
2026-03-11 00:46:30+00:00,,,,,,,,0.4548148148148147,0.43999999999999995,,0.0,0,False
2026-03-11 00:47:00+00:00,,,,,,,,0.4548148148148147,0.43999999999999995,,0.0,0,False
2026-03-11 00:47:30+00:00,,,,,,,,0.4548148148148147,0.43999999999999995,,0.0,0,False
2026-03-11 00:48:00+00:00,,,,,,,,0.4548148148148147,0.43999999999999995,,0.0,0,False
2026-03-11 00:48:30+00:00,,,,,,,,0.4548148148148147,0.43999999999999995,,0.0,0,False
2026-03-11 00:49:00+00:00,,,,,,,,0.4548148148148147,0.43999999999999995,,0.0,0,False
2026-03-11 00:49:30+00:00,,,,,,,,0.4548148148148147,0.43999999999999995,,0.0,0,False
2026-03-11 00:50:00+00:00,,,,,,,,0.4548148148148147,0.43999999999999995,,0.0,0,False
2026-03-11 00:50:30+00:00,,,,,,,,0.4640000000000001,0.46,,10.0,2,False
2026-03-11 00:51:00+00:00,,,,,,,,0.505,0.56,,4.0,2,False
2026-03-11 00:51:30+00:00,,,,,,,,0.4191501416430594,0.44,,353.0,23,False
2026-03-11 00:52:00+00:00,,,,,,,,0.56,0.56,,1.0,1,False
2026-03-11 00:52:30+00:00,,,,,,,,0.56,0.56,,0.0,0,False
2026-03-11 00:53:00+00:00,,,,,,,,0.56,0.56,,0.0,0,False
2026-03-11 00:53:30+00:00,,,,,,,,0.56,0.56,,0.0,0,False
2026-03-11 00:54:00+00:00,,,,,,,,0.56,0.56,,0.0,0,False
2026-03-11 00:54:30+00:00,,,,,,,,0.56,0.56,,0.0,0,False
2026-03-11 00:55:00+00:00,,,,,,,,0.56,0.56,,0.0,0,False
2026-03-11 00:55:30+00:00,,,,,,,,0.53,0.54,,2.0,2,False
2026-03-11 00:56:00+00:00,,,,,,,,0.53,0.54,,0.0,0,False
2026-03-11 00:56:30+00:00,,,,,,,,0.53,0.54,,0.0,0,False
2026-03-11 00:57:00+00:00,,,,,,,,0.53,0.54,,0.0,0,False
2026-03-11 00:57:30+00:00,,,,,,,,0.53,0.54,,0.0,0,False
2026-03-11 00:58:00+00:00,,,,,,,,0.53,0.54,,0.0,0,False
2026-03-11 00:58:30+00:00,,,,,,,,0.53,0.54,,0.0,0,False
2026-03-11 00:59:00+00:00,,,,,,,,0.53,0.54,,0.0,0,False
2026-03-11 00:59:30+00:00,,,,,,,,0.53,0.54,,0.0,0,False
2026-03-11 01:00:00+00:00,,,,,,,,0.53,0.54,,0.0,0,False
2026-03-11 01:00:30+00:00,,,,,,,,0.53,0.54,,0.0,0,False
2026-03-11 01:01:00+00:00,,,,,,,,0.53,0.54,,0.0,0,False
2026-03-11 01:01:30+00:00,,,,,,,,0.53,0.54,,0.0,0,False
2026-03-11 01:02:00+00:00,,,,,,,,0.53,0.54,,0.0,0,False
2026-03-11 01:02:30+00:00,,,,,,,,0.53,0.54,,0.0,0,False
2026-03-11 01:03:00+00:00,,,,,,,,0.53,0.54,,0.0,0,False
2026-03-11 01:03:30+00:00,,,,,,,,0.53,0.54,,0.0,0,False
2026-03-11 01:04:00+00:00,,,,,,,,0.53,0.54,,0.0,0,False
2026-03-11 01:04:30+00:00,,,,,,,,0.53,0.54,,0.0,0,False
2026-03-11 01:05:00+00:00,,,,,,,,0.53,0.54,,0.0,0,False
2026-03-11 01:05:30+00:00,,,,,,,,0.53,0.54,,0.0,0,False
2026-03-11 01:06:00+00:00,,,,,,,,0.53,0.54,,0.0,0,False
2026-03-11 01:06:30+00:00,,,,,,,,0.53,0.54,,0.0,0,False
2026-03-11 01:07:00+00:00,,,,,,,,0.53,0.54,,0.0,0,False
2026-03-11 01:07:30+00:00,,,,,,,,0.53,0.54,,0.0,0,False
2026-03-11 01:08:00+00:00,,,,,,,,0.53,0.54,,0.0,0,False
2026-03-11 01:08:30+00:00,,,,,,,,0.53,0.54,,0.0,0,False
2026-03-11 01:09:00+00:00,,,,,,,,0.53,0.54,,0.0,0,False
2026-03-11 01:09:30+00:00,,,,,,,,0.53,0.54,,0.0,0,False
2026-03-11 01:10:00+00:00,,,,,,,,0.53,0.54,,0.0,0,False
2026-03-11 01:10:30+00:00,,,,,,,,0.53,0.54,,0.0,0,False
2026-03-11 01:11:00+00:00,,,,,,,,0.53,0.54,,0.0,0,False
2026-03-11 01:11:30+00:00,,,,,,,,0.53,0.54,,0.0,0,False
2026-03-11 01:12:00+00:00,,,,,,,,0.53,0.54,,0.0,0,False
2026-03-11 01:12:30+00:00,,,,,,,,0.53,0.54,,0.0,0,False
2026-03-11 01:13:00+00:00,,,,,,,,0.53,0.54,,0.0,0,False
2026-03-11 01:13:30+00:00,,,,,,,,0.5,0.52,,16.0,2,False
2026-03-11 01:14:00+00:00,,,,,,,,0.5,0.52,,0.0,0,False
2026-03-11 01:14:30+00:00,,,,,,,,0.48583333333333334,0.45999999999999996,,24.0,5,False
2026-03-11 01:15:00+00:00,,,,,,,,0.485,0.51,,8.0,2,False
2026-03-11 01:15:30+00:00,,,,,,,,0.44999999999999996,0.44999999999999996,,8.0,1,False
2026-03-11 01:16:00+00:00,,,,,,,,0.56,0.56,,13.0,1,False
2026-03-11 01:16:30+00:00,,,,,,,,0.56,0.56,,0.0,0,False
2026-03-11 01:17:00+00:00,,,,,,,,0.56,0.56,,0.0,0,False
2026-03-11 01:17:30+00:00,,,,,,,,0.56,0.56,,0.0,0,False
2026-03-11 01:18:00+00:00,,,,,,,,0.56,0.56,,0.0,0,False
2026-03-11 01:18:30+00:00,,,,,,,,0.56,0.56,,0.0,0,False
2026-03-11 01:19:00+00:00,,,,,,,,0.56,0.56,,0.0,0,False
2026-03-11 01:19:30+00:00,,,,,,,,0.56,0.56,,0.0,0,False
2026-03-11 01:20:00+00:00,,,,,,,,0.56,0.56,,0.0,0,False
2026-03-11 01:20:30+00:00,,,,,,,,0.56,0.56,,0.0,0,False
2026-03-11 01:21:00+00:00,,,,,,,,0.56,0.56,,0.0,0,False
2026-03-11 01:21:30+00:00,,,,,,,,0.56,0.56,,0.0,0,False
2026-03-11 01:22:00+00:00,,,,,,,,0.56,0.56,,0.0,0,False
2026-03-11 01:22:30+00:00,,,,,,,,0.56,0.56,,0.0,0,False
2026-03-11 01:23:00+00:00,,,,,,,,0.56,0.56,,0.0,0,False
2026-03-11 01:23:30+00:00,,,,,,,,0.56,0.56,,0.0,0,False
2026-03-11 01:24:00+00:00,,,,,,,,0.56,0.56,,0.0,0,False
2026-03-11 01:24:30+00:00,,,,,,,,0.56,0.56,,0.0,0,False
2026-03-11 01:25:00+00:00,,,,,,,,0.56,0.56,,0.0,0,False
2026-03-11 01:25:30+00:00,,,,,,,,0.56,0.56,,0.0,0,False
2026-03-11 01:26:00+00:00,,,,,,,,0.56,0.56,,0.0,0,False
2026-03-11 01:26:30+00:00,,,,,,,,0.56,0.56,,0.0,0,False
2026-03-11 01:27:00+00:00,,,,,,,,0.56,0.56,,0.0,0,False
2026-03-11 01:27:30+00:00,,,,,,,,0.56,0.56,,0.0,0,False
2026-03-11 01:28:00+00:00,,,,,,,,0.56,0.56,,0.0,0,False
2026-03-11 01:28:30+00:00,,,,,,,,0.56,0.56,,0.0,0,False
2026-03-11 01:29:00+00:00,,,,,,,,0.56,0.56,,0.0,0,False
2026-03-11 01:29:30+00:00,,,,,,,,0.56,0.56,,0.0,0,False
2026-03-11 01:30:00+00:00,,,,,,,,0.56,0.56,,0.0,0,False
2026-03-11 01:30:30+00:00,,,,,,,,0.56,0.56,,0.0,0,False
2026-03-11 01:31:00+00:00,,,,,,,,0.56,0.56,,0.0,0,False
2026-03-11 01:31:30+00:00,,,,,,,,0.56,0.56,,0.0,0,False
2026-03-11 01:32:00+00:00,,,,,,,,0.56,0.56,,0.0,0,False
2026-03-11 01:32:30+00:00,,,,,,,,0.56,0.56,,0.0,0,False
2026-03-11 01:33:00+00:00,,,,,,,,0.56,0.56,,0.0,0,False
2026-03-11 01:33:30+00:00,,,,,,,,0.56,0.56,,0.0,0,False
2026-03-11 01:34:00+00:00,,,,,,,,0.56,0.56,,0.0,0,False
2026-03-11 01:34:30+00:00,,,,,,,,0.56,0.56,,0.0,0,False
2026-03-11 01:35:00+00:00,,,,,,,,0.56,0.56,,0.0,0,False
2026-03-11 01:35:30+00:00,,,,,,,,0.56,0.56,,0.0,0,False
2026-03-11 01:36:00+00:00,,,,,,,,0.56,0.56,,0.0,0,False
2026-03-11 01:36:30+00:00,,,,,,,,0.56,0.56,,0.0,0,False
2026-03-11 01:37:00+00:00,,,,,,,,0.56,0.56,,0.0,0,False
2026-03-11 01:37:30+00:00,,,,,,,,0.56,0.56,,0.0,0,False
2026-03-11 01:38:00+00:00,,,,,,,,0.56,0.56,,0.0,0,False
2026-03-11 01:38:30+00:00,,,,,,,,0.56,0.56,,0.0,0,False
2026-03-11 01:39:00+00:00,,,,,,,,0.56,0.56,,0.0,0,False
2026-03-11 01:39:30+00:00,,,,,,,,0.56,0.56,,0.0,0,False
2026-03-11 01:40:00+00:00,,,,,,,,0.56,0.56,,0.0,0,False
2026-03-11 01:40:30+00:00,,,,,,,,0.56,0.56,,0.0,0,False
2026-03-11 01:41:00+00:00,,,,,,,,0.56,0.56,,0.0,0,False
2026-03-11 01:41:30+00:00,,,,,,,,0.56,0.56,,0.0,0,False
2026-03-11 01:42:00+00:00,,,,,,,,0.56,0.56,,0.0,0,False
2026-03-11 01:42:30+00:00,,,,,,,,0.56,0.56,,0.0,0,False
2026-03-11 01:43:00+00:00,,,,,,,,0.56,0.56,,0.0,0,False
2026-03-11 01:43:30+00:00,,,,,,,,0.56,0.56,,0.0,0,False
2026-03-11 01:44:00+00:00,,,,,,,,0.56,0.56,,0.0,0,False
2026-03-11 01:44:30+00:00,,,,,,,,0.56,0.56,,0.0,0,False
2026-03-11 01:45:00+00:00,,,,,,,,0.56,0.56,,0.0,0,False
2026-03-11 01:45:30+00:00,,,,,,,,0.56,0.56,,0.0,0,False
2026-03-11 01:46:00+00:00,,,,,,,,0.56,0.56,,0.0,0,False
2026-03-11 01:46:30+00:00,,,,,,,,0.56,0.56,,0.0,0,False
2026-03-11 01:47:00+00:00,,,,,,,,0.56,0.56,,0.0,0,False
2026-03-11 01:47:30+00:00,,,,,,,,0.56,0.56,,0.0,0,False
2026-03-11 01:48:00+00:00,,,,,,,,0.56,0.56,,0.0,0,False
2026-03-11 01:48:30+00:00,,,,,,,,0.56,0.56,,0.0,0,False
2026-03-11 01:49:00+00:00,,,,,,,,0.56,0.56,,0.0,0,False
2026-03-11 01:49:30+00:00,,,,,,,,0.56,0.56,,0.0,0,False
2026-03-11 01:50:00+00:00,,,,,,,,0.56,0.56,,0.0,0,False
2026-03-11 01:50:30+00:00,,,,,,,,0.56,0.56,,0.0,0,False
2026-03-11 01:51:00+00:00,,,,,,,,0.56,0.56,,0.0,0,False
2026-03-11 01:51:30+00:00,,,,,,,,0.56,0.56,,0.0,0,False
2026-03-11 01:52:00+00:00,,,,,,,,0.56,0.56,,0.0,0,False
2026-03-11 01:52:30+00:00,,,,,,,,0.56,0.56,,0.0,0,False
2026-03-11 01:53:00+00:00,,,,,,,,0.56,0.56,,0.0,0,False
2026-03-11 01:53:30+00:00,,,,,,,,0.56,0.56,,0.0,0,False
2026-03-11 01:54:00+00:00,,,,,,,,0.56,0.56,,0.0,0,False
2026-03-11 01:54:30+00:00,,,,,,,,0.56,0.56,,0.0,0,False
2026-03-11 01:55:00+00:00,,,,,,,,0.56,0.56,,0.0,0,False
2026-03-11 01:55:30+00:00,,,,,,,,0.56,0.56,,0.0,0,False
2026-03-11 01:56:00+00:00,,,,,,,,0.56,0.56,,0.0,0,False
2026-03-11 01:56:30+00:00,,,,,,,,0.56,0.56,,0.0,0,False
2026-03-11 01:57:00+00:00,,,,,,,,0.56,0.56,,0.0,0,False
2026-03-11 01:57:30+00:00,,,,,,,,0.56,0.56,,0.0,0,False
2026-03-11 01:58:00+00:00,,,,,,,,0.56,0.56,,0.0,0,False
2026-03-11 01:58:30+00:00,,,,,,,,0.56,0.56,,0.0,0,False
2026-03-11 01:59:00+00:00,,,,,,,,0.56,0.56,,0.0,0,False
2026-03-11 01:59:30+00:00,,,,,,,,0.56,0.56,,0.0,0,False
2026-03-11 02:00:00+00:00,,,,,,,,0.56,0.56,,0.0,0,False
2026-03-11 02:00:30+00:00,,,,,,,,0.56,0.56,,0.0,0,False
2026-03-11 02:01:00+00:00,,,,,,,,0.56,0.56,,0.0,0,False
2026-03-11 02:01:30+00:00,,,,,,,,0.56,0.56,,0.0,0,False
2026-03-11 02:02:00+00:00,,,,,,,,0.56,0.56,,0.0,0,False
2026-03-11 02:02:30+00:00,,,,,,,,0.56,0.56,,0.0,0,False
2026-03-11 02:03:00+00:00,,,,,,,,0.56,0.56,,0.0,0,False
2026-03-11 02:03:30+00:00,,,,,,,,0.56,0.56,,0.0,0,False
2026-03-11 02:04:00+00:00,,,,,,,,0.56,0.56,,0.0,0,False
2026-03-11 02:04:30+00:00,,,,,,,,0.56,0.56,,0.0,0,False
2026-03-11 02:05:00+00:00,,,,,,,,0.56,0.56,,0.0,0,False
2026-03-11 02:05:30+00:00,,,,,,,,0.56,0.56,,0.0,0,False
2026-03-11 02:06:00+00:00,,,,,,,,0.56,0.56,,0.0,0,False
2026-03-11 02:06:30+00:00,,,,,,,,0.56,0.56,,0.0,0,False
2026-03-11 02:07:00+00:00,,,,,,,,0.56,0.56,,0.0,0,False
2026-03-11 02:07:30+00:00,,,,,,,,0.56,0.56,,0.0,0,False
2026-03-11 02:08:00+00:00,,,,,,,,0.56,0.56,,0.0,0,False
2026-03-11 02:08:30+00:00,,,,,,,,0.56,0.56,,0.0,0,False
2026-03-11 02:09:00+00:00,,,,,,,,0.56,0.56,,0.0,0,False
2026-03-11 02:09:30+00:00,,,,,,,,0.56,0.56,,0.0,0,False
2026-03-11 02:10:00+00:00,,,,,,,,0.56,0.56,,0.0,0,False
2026-03-11 02:10:30+00:00,,,,,,,,0.56,0.56,,0.0,0,False
2026-03-11 02:11:00+00:00,,,,,,,,0.56,0.56,,0.0,0,False
2026-03-11 02:11:30+00:00,,,,,,,,0.56,0.56,,0.0,0,False
2026-03-11 02:12:00+00:00,,,,,,,,0.56,0.56,,0.0,0,False
2026-03-11 02:12:30+00:00,,,,,,,,0.56,0.56,,0.0,0,False
2026-03-11 02:13:00+00:00,,,,,,,,0.56,0.56,,0.0,0,False
2026-03-11 02:13:30+00:00,,,,,,,,0.56,0.56,,0.0,0,False
2026-03-11 02:14:00+00:00,,,,,,,,0.56,0.56,,0.0,0,False
2026-03-11 02:14:30+00:00,,,,,,,,0.56,0.56,,0.0,0,False
2026-03-11 02:15:00+00:00,,,,,,,,0.56,0.56,,0.0,0,False
2026-03-11 02:15:30+00:00,,,,,,,,0.56,0.56,,0.0,0,False
2026-03-11 02:16:00+00:00,,,,,,,,0.56,0.56,,0.0,0,False
2026-03-11 02:16:30+00:00,,,,,,,,0.56,0.56,,0.0,0,False
2026-03-11 02:17:00+00:00,,,,,,,,0.56,0.56,,0.0,0,False
2026-03-11 02:17:30+00:00,,,,,,,,0.56,0.56,,0.0,0,False
2026-03-11 02:18:00+00:00,,,,,,,,0.56,0.56,,0.0,0,False
2026-03-11 02:18:30+00:00,,,,,,,,0.56,0.56,,0.0,0,False
2026-03-11 02:19:00+00:00,,,,,,,,0.56,0.56,,0.0,0,False
2026-03-11 02:19:30+00:00,,,,,,,,0.56,0.56,,0.0,0,False
2026-03-11 02:20:00+00:00,,,,,,,,0.56,0.56,,0.0,0,False
2026-03-11 02:20:30+00:00,,,,,,,,0.56,0.56,,0.0,0,False
2026-03-11 02:21:00+00:00,,,,,,,,0.56,0.56,,0.0,0,False
2026-03-11 02:21:30+00:00,,,,,,,,0.56,0.56,,0.0,0,False
2026-03-11 02:22:00+00:00,,,,,,,,0.56,0.56,,0.0,0,False
2026-03-11 02:22:30+00:00,,,,,,,,0.56,0.56,,0.0,0,False
2026-03-11 02:23:00+00:00,,,,,,,,0.56,0.56,,0.0,0,False
2026-03-11 02:23:30+00:00,,,,,,,,0.56,0.56,,0.0,0,False
2026-03-11 02:24:00+00:00,,,,,,,,0.56,0.56,,0.0,0,False
2026-03-11 02:24:30+00:00,,,,,,,,0.56,0.56,,0.0,0,False
2026-03-11 02:25:00+00:00,,,,,,,,0.3612582781456954,0.36,,151.0,6,False
2026-03-11 02:25:30+00:00,,,,,,,,0.35,0.35,,29.0,1,False
2026-03-11 02:26:00+00:00,,,,,,,,0.35,0.35,,0.0,0,False
2026-03-11 02:26:30+00:00,,,,,,,,0.35,0.35,,0.0,0,False
2026-03-11 02:27:00+00:00,,,,,,,,0.5125,0.54,,40.0,5,False
2026-03-11 02:27:30+00:00,,,,,,,,0.5125,0.54,,0.0,0,False
2026-03-11 02:28:00+00:00,,,,,,,,0.5,0.5,,5.0,1,False
2026-03-11 02:28:30+00:00,,,,,,,,0.5,0.5,,0.0,0,False
2026-03-11 02:29:00+00:00,,,,,,,,0.5,0.5,,0.0,0,False
2026-03-11 02:29:30+00:00,,,,,,,,0.5,0.5,,0.0,0,False
2026-03-11 02:30:00+00:00,,,,,,,,0.5,0.5,,0.0,0,False
2026-03-11 02:30:30+00:00,,,,,,,,0.5,0.5,,0.0,0,False
2026-03-11 02:31:00+00:00,,,,,,,,0.5,0.5,,0.0,0,False
2026-03-11 02:31:30+00:00,,,,,,,,0.5,0.5,,0.0,0,False
2026-03-11 02:32:00+00:00,,,,,,,,0.5,0.5,,0.0,0,False
2026-03-11 02:32:30+00:00,,,,,,,,0.5,0.5,,0.0,0,False
2026-03-11 02:33:00+00:00,,,,,,,,0.55,0.55,,3.0,1,False
2026-03-11 02:33:30+00:00,,,,,,,,0.55,0.55,,0.0,0,False
2026-03-11 02:34:00+00:00,,,,,,,,0.5033333333333333,0.51,,15.0,2,False
2026-03-11 02:34:30+00:00,,,,,,,,0.5033333333333333,0.51,,0.0,0,False
2026-03-11 02:35:00+00:00,,,,,,,,0.51,0.51,,5.0,1,False
2026-03-11 02:35:30+00:00,,,,,,,,0.51,0.51,,0.0,0,False
2026-03-11 02:36:00+00:00,,,,,,,,0.51,0.51,,0.0,0,False
2026-03-11 02:36:30+00:00,,,,,,,,0.48,0.48,,3.0,1,False
2026-03-11 02:37:00+00:00,,,,,,,,0.55,0.55,,2.0,1,False
2026-03-11 02:37:30+00:00,,,,,,,,0.55,0.55,,0.0,0,False
2026-03-11 02:38:00+00:00,,,,,,,,0.55,0.55,,0.0,0,False
2026-03-11 02:38:30+00:00,,,,,,,,0.52,0.52,,1.0,1,False
2026-03-11 02:39:00+00:00,,,,,,,,0.52,0.52,,0.0,0,False
2026-03-11 02:39:30+00:00,,,,,,,,0.52,0.52,,0.0,0,False
2026-03-11 02:40:00+00:00,,,,,,,,0.515,0.53,,10.0,2,False
2026-03-11 02:40:30+00:00,,,,,,,,0.515,0.53,,0.0,0,False
2026-03-11 02:41:00+00:00,,,,,,,,0.515,0.53,,0.0,0,False
2026-03-11 02:41:30+00:00,,,,,,,,0.515,0.53,,0.0,0,False
2026-03-11 02:42:00+00:00,,,,,,,,0.515,0.53,,0.0,0,False
2026-03-11 02:42:30+00:00,,,,,,,,0.515,0.53,,0.0,0,False
2026-03-11 02:43:00+00:00,,,,,,,,0.515,0.53,,0.0,0,False
2026-03-11 02:43:30+00:00,,,,,,,,0.515,0.53,,0.0,0,False
2026-03-11 02:44:00+00:00,,,,,,,,0.515,0.53,,0.0,0,False
2026-03-11 02:44:30+00:00,,,,,,,,0.515,0.53,,0.0,0,False
2026-03-11 02:45:00+00:00,,,,,,,,0.515,0.53,,0.0,0,False
2026-03-11 02:45:30+00:00,,,,,,,,0.515,0.53,,0.0,0,False
2026-03-11 02:46:00+00:00,,,,,,,,0.515,0.53,,0.0,0,False
2026-03-11 02:46:30+00:00,,,,,,,,0.515,0.53,,0.0,0,False
2026-03-11 02:47:00+00:00,,,,,,,,0.515,0.53,,0.0,0,False
2026-03-11 02:47:30+00:00,,,,,,,,0.515,0.53,,0.0,0,False
2026-03-11 02:48:00+00:00,,,,,,,,0.515,0.53,,0.0,0,False
2026-03-11 02:48:30+00:00,,,,,,,,0.515,0.53,,0.0,0,False
2026-03-11 02:49:00+00:00,,,,,,,,0.515,0.53,,0.0,0,False
2026-03-11 02:49:30+00:00,,,,,,,,0.515,0.53,,0.0,0,False
2026-03-11 02:50:00+00:00,,,,,,,,0.515,0.53,,0.0,0,False
2026-03-11 02:50:30+00:00,,,,,,,,0.515,0.53,,0.0,0,False
2026-03-11 02:51:00+00:00,,,,,,,,0.515,0.53,,0.0,0,False
2026-03-11 02:51:30+00:00,,,,,,,,0.515,0.53,,0.0,0,False
2026-03-11 02:52:00+00:00,,,,,,,,0.515,0.53,,0.0,0,False
2026-03-11 02:52:30+00:00,,,,,,,,0.515,0.53,,0.0,0,False
2026-03-11 02:53:00+00:00,,,,,,,,0.515,0.53,,0.0,0,False
2026-03-11 02:53:30+00:00,,,,,,,,0.515,0.53,,0.0,0,False
2026-03-11 02:54:00+00:00,,,,,,,,0.515,0.53,,0.0,0,False
2026-03-11 02:54:30+00:00,,,,,,,,0.515,0.53,,0.0,0,False
2026-03-11 02:55:00+00:00,,,,,,,,0.515,0.53,,0.0,0,False
2026-03-11 02:55:30+00:00,,,,,,,,0.515,0.53,,0.0,0,False
2026-03-11 02:56:00+00:00,,,,,,,,0.515,0.53,,0.0,0,False
2026-03-11 02:56:30+00:00,,,,,,,,0.515,0.53,,0.0,0,False
2026-03-11 02:57:00+00:00,,,,,,,,0.515,0.53,,0.0,0,False
2026-03-11 02:57:30+00:00,,,,,,,,0.515,0.53,,0.0,0,False
2026-03-11 02:58:00+00:00,,,,,,,,0.515,0.53,,0.0,0,False
2026-03-11 02:58:30+00:00,,,,,,,,0.515,0.53,,0.0,0,False
2026-03-11 02:59:00+00:00,,,,,,,,0.515,0.53,,0.0,0,False
2026-03-11 02:59:30+00:00,,,,,,,,0.515,0.53,,0.0,0,False
2026-03-11 03:00:00+00:00,,,,,,,,0.515,0.53,,0.0,0,False
2026-03-11 03:00:30+00:00,,,,,,,,0.52,0.52,,8.0,2,False
2026-03-11 03:01:00+00:00,,,,,,,,0.52,0.52,,0.0,0,False
2026-03-11 03:01:30+00:00,,,,,,,,0.52,0.52,,0.0,0,False
2026-03-11 03:02:00+00:00,,,,,,,,0.52,0.52,,0.0,0,False
2026-03-11 03:02:30+00:00,,,,,,,,0.52,0.52,,0.0,0,False
2026-03-11 03:03:00+00:00,,,,,,,,0.52,0.52,,0.0,0,False
2026-03-11 03:03:30+00:00,,,,,,,,0.52,0.52,,0.0,0,False
2026-03-11 03:04:00+00:00,,,,,,,,0.52,0.52,,0.0,0,False
2026-03-11 03:04:30+00:00,,,,,,,,0.52,0.52,,0.0,0,False
2026-03-11 03:05:00+00:00,,,,,,,,0.52,0.52,,0.0,0,False
2026-03-11 03:05:30+00:00,,,,,,,,0.52,0.52,,0.0,0,False
2026-03-11 03:06:00+00:00,,,,,,,,0.52,0.52,,0.0,0,False
2026-03-11 03:06:30+00:00,,,,,,,,0.52,0.52,,0.0,0,False
2026-03-11 03:07:00+00:00,,,,,,,,0.52,0.52,,0.0,0,False
2026-03-11 03:07:30+00:00,,,,,,,,0.54,0.54,,5.0,1,False
2026-03-11 03:08:00+00:00,,,,,,,,0.54,0.54,,0.0,0,False
2026-03-11 03:08:30+00:00,,,,,,,,0.54,0.54,,0.0,0,False
2026-03-11 03:09:00+00:00,,,,,,,,0.54,0.54,,0.0,0,False
2026-03-11 03:09:30+00:00,,,,,,,,0.54,0.54,,0.0,0,False
2026-03-11 03:10:00+00:00,,,,,,,,0.54,0.54,,0.0,0,False
2026-03-11 03:10:30+00:00,,,,,,,,0.54,0.54,,0.0,0,False
2026-03-11 03:11:00+00:00,,,,,,,,0.54,0.54,,0.0,0,False
2026-03-11 03:11:30+00:00,,,,,,,,0.54,0.54,,0.0,0,False
2026-03-11 03:12:00+00:00,,,,,,,,0.54,0.54,,0.0,0,False
2026-03-11 03:12:30+00:00,,,,,,,,0.54,0.54,,0.0,0,False
2026-03-11 03:13:00+00:00,,,,,,,,0.54,0.54,,0.0,0,False
2026-03-11 03:13:30+00:00,,,,,,,,0.54,0.54,,0.0,0,False
2026-03-11 03:14:00+00:00,,,,,,,,0.54,0.54,,0.0,0,False
2026-03-11 03:14:30+00:00,,,,,,,,0.54,0.54,,0.0,0,False
2026-03-11 03:15:00+00:00,,,,,,,,0.54,0.54,,0.0,0,False
2026-03-11 03:15:30+00:00,,,,,,,,0.54,0.54,,0.0,0,False
2026-03-11 03:16:00+00:00,,,,,,,,0.54,0.54,,0.0,0,False
2026-03-11 03:16:30+00:00,,,,,,,,0.55,0.55,,5.0,1,False
2026-03-11 03:17:00+00:00,,,,,,,,0.5724308755760369,0.58,,868.0,8,False
2026-03-11 03:17:30+00:00,,,,,,,,0.58,0.58,,40.0,4,False
2026-03-11 03:18:00+00:00,,,,,,,,0.58,0.58,,0.0,0,False
2026-03-11 03:18:30+00:00,,,,,,,,0.58,0.58,,0.0,0,False
2026-03-11 03:19:00+00:00,,,,,,,,0.58,0.58,,0.0,0,False
2026-03-11 03:19:30+00:00,,,,,,,,0.58,0.58,,0.0,0,False
2026-03-11 03:20:00+00:00,,,,,,,,0.58,0.58,,0.0,0,False
2026-03-11 03:20:30+00:00,,,,,,,,0.54,0.54,,72.0,1,False
2026-03-11 03:21:00+00:00,,,,,,,,0.54,0.54,,0.0,0,False
2026-03-11 03:21:30+00:00,,,,,,,,0.54,0.54,,0.0,0,False
2026-03-11 03:22:00+00:00,,,,,,,,0.54,0.54,,0.0,0,False
2026-03-11 03:22:30+00:00,,,,,,,,0.54,0.54,,0.0,0,False
2026-03-11 03:23:00+00:00,,,,,,,,0.54,0.54,,0.0,0,False
2026-03-11 03:23:30+00:00,,,,,,,,0.54,0.54,,0.0,0,False
2026-03-11 03:24:00+00:00,,,,,,,,0.54,0.54,,0.0,0,False
2026-03-11 03:24:30+00:00,,,,,,,,0.54,0.54,,0.0,0,False
2026-03-11 03:25:00+00:00,,,,,,,,0.54,0.54,,0.0,0,False
2026-03-11 03:25:30+00:00,,,,,,,,0.54,0.54,,0.0,0,False
2026-03-11 03:26:00+00:00,,,,,,,,0.54,0.54,,0.0,0,False
2026-03-11 03:26:30+00:00,,,,,,,,0.54,0.54,,0.0,0,False
2026-03-11 03:27:00+00:00,,,,,,,,0.54,0.54,,0.0,0,False
2026-03-11 03:27:30+00:00,,,,,,,,0.54,0.54,,0.0,0,False
2026-03-11 03:28:00+00:00,,,,,,,,0.54,0.54,,0.0,0,False
2026-03-11 03:28:30+00:00,,,,,,,,0.54,0.54,,0.0,0,False
2026-03-11 03:29:00+00:00,,,,,,,,0.54,0.54,,0.0,0,False
2026-03-11 03:29:30+00:00,,,,,,,,0.54,0.54,,0.0,0,False
2026-03-11 03:30:00+00:00,,,,,,,,0.54,0.54,,0.0,0,False
2026-03-11 03:30:30+00:00,,,,,,,,0.54,0.54,,0.0,0,False
2026-03-11 03:31:00+00:00,,,,,,,,0.54,0.54,,0.0,0,False
2026-03-11 03:31:30+00:00,,,,,,,,0.54,0.54,,0.0,0,False
2026-03-11 03:32:00+00:00,,,,,,,,0.54,0.54,,0.0,0,False
2026-03-11 03:32:30+00:00,,,,,,,,0.54,0.54,,0.0,0,False
2026-03-11 03:33:00+00:00,,,,,,,,0.54,0.54,,0.0,0,False
2026-03-11 03:33:30+00:00,,,,,,,,0.54,0.54,,0.0,0,False
2026-03-11 03:34:00+00:00,,,,,,,,0.54,0.54,,0.0,0,False
2026-03-11 03:34:30+00:00,,,,,,,,0.54,0.54,,41.0,1,False
2026-03-11 03:35:00+00:00,,,,,,,,0.54,0.54,,0.0,0,False
2026-03-11 03:35:30+00:00,,,,,,,,0.54,0.54,,0.0,0,False
2026-03-11 03:36:00+00:00,,,,,,,,0.54,0.54,,0.0,0,False
2026-03-11 03:36:30+00:00,,,,,,,,0.54,0.54,,0.0,0,False
2026-03-11 03:37:00+00:00,,,,,,,,0.54,0.54,,0.0,0,False
2026-03-11 03:37:30+00:00,,,,,,,,0.54,0.54,,0.0,0,False
2026-03-11 03:38:00+00:00,,,,,,,,0.54,0.54,,0.0,0,False
2026-03-11 03:38:30+00:00,,,,,,,,0.54,0.54,,0.0,0,False
2026-03-11 03:39:00+00:00,,,,,,,,0.54,0.54,,0.0,0,False
2026-03-11 03:39:30+00:00,,,,,,,,0.54,0.54,,0.0,0,False
2026-03-11 03:40:00+00:00,,,,,,,,0.54,0.54,,0.0,0,False
2026-03-11 03:40:30+00:00,,,,,,,,0.54,0.54,,0.0,0,False
2026-03-11 03:41:00+00:00,,,,,,,,0.54,0.54,,0.0,0,False
2026-03-11 03:41:30+00:00,,,,,,,,0.54,0.54,,0.0,0,False
2026-03-11 03:42:00+00:00,,,,,,,,0.54,0.54,,0.0,0,False
2026-03-11 03:42:30+00:00,,,,,,,,0.54,0.54,,0.0,0,False
2026-03-11 03:43:00+00:00,,,,,,,,0.54,0.54,,0.0,0,False
2026-03-11 03:43:30+00:00,,,,,,,,0.54,0.54,,0.0,0,False
2026-03-11 03:44:00+00:00,,,,,,,,0.54,0.54,,0.0,0,False
2026-03-11 03:44:30+00:00,,,,,,,,0.54,0.54,,0.0,0,False
2026-03-11 03:45:00+00:00,,,,,,,,0.54,0.54,,0.0,0,False
2026-03-11 03:45:30+00:00,,,,,,,,0.54,0.54,,0.0,0,False
2026-03-11 03:46:00+00:00,,,,,,,,0.54,0.54,,0.0,0,False
2026-03-11 03:46:30+00:00,,,,,,,,0.54,0.54,,0.0,0,False
2026-03-11 03:47:00+00:00,,,,,,,,0.54,0.54,,0.0,0,False
2026-03-11 03:47:30+00:00,,,,,,,,0.54,0.54,,0.0,0,False
2026-03-11 03:48:00+00:00,,,,,,,,0.54,0.54,,0.0,0,False
2026-03-11 03:48:30+00:00,,,,,,,,0.54,0.54,,0.0,0,False
2026-03-11 03:49:00+00:00,,,,,,,,0.54,0.54,,0.0,0,False
2026-03-11 03:49:30+00:00,,,,,,,,0.54,0.54,,0.0,0,False
2026-03-11 03:50:00+00:00,,,,,,,,0.54,0.54,,0.0,0,False
2026-03-11 03:50:30+00:00,,,,,,,,0.54,0.54,,0.0,0,False
2026-03-11 03:51:00+00:00,,,,,,,,0.54,0.54,,0.0,0,False
2026-03-11 03:51:30+00:00,,,,,,,,0.54,0.54,,0.0,0,False
2026-03-11 03:52:00+00:00,,,,,,,,0.54,0.54,,0.0,0,False
2026-03-11 03:52:30+00:00,,,,,,,,0.54,0.54,,0.0,0,False
2026-03-11 03:53:00+00:00,,,,,,,,0.54,0.54,,0.0,0,False
2026-03-11 03:53:30+00:00,,,,,,,,0.54,0.54,,0.0,0,False
2026-03-11 03:54:00+00:00,,,,,,,,0.54,0.54,,0.0,0,False
2026-03-11 03:54:30+00:00,,,,,,,,0.54,0.54,,0.0,0,False
2026-03-11 03:55:00+00:00,,,,,,,,0.54,0.54,,0.0,0,False
2026-03-11 03:55:30+00:00,,,,,,,,0.54,0.54,,0.0,0,False
2026-03-11 03:56:00+00:00,,,,,,,,0.54,0.54,,0.0,0,False
2026-03-11 03:56:30+00:00,,,,,,,,0.54,0.54,,0.0,0,False
2026-03-11 03:57:00+00:00,,,,,,,,0.54,0.54,,0.0,0,False
2026-03-11 03:57:30+00:00,,,,,,,,0.54,0.54,,0.0,0,False
2026-03-11 03:58:00+00:00,,,,,,,,0.54,0.54,,0.0,0,False
2026-03-11 03:58:30+00:00,,,,,,,,0.54,0.54,,0.0,0,False
2026-03-11 03:59:00+00:00,,,,,,,,0.54,0.54,,0.0,0,False
2026-03-11 03:59:30+00:00,,,,,,,,0.54,0.54,,0.0,0,False
2026-03-11 04:00:00+00:00,,,,,,,,0.54,0.54,,0.0,0,False
2026-03-11 04:00:30+00:00,,,,,,,,0.55,0.55,,1.0,1,False
2026-03-11 04:01:00+00:00,,,,,,,,0.55,0.55,,0.0,0,False
2026-03-11 04:01:30+00:00,,,,,,,,0.55,0.55,,0.0,0,False
2026-03-11 04:02:00+00:00,,,,,,,,0.55,0.55,,0.0,0,False
2026-03-11 04:02:30+00:00,,,,,,,,0.55,0.55,,0.0,0,False
2026-03-11 04:03:00+00:00,,,,,,,,0.55,0.55,,0.0,0,False
2026-03-11 04:03:30+00:00,,,,,,,,0.55,0.55,,0.0,0,False
2026-03-11 04:04:00+00:00,,,,,,,,0.55,0.55,,0.0,0,False
2026-03-11 04:04:30+00:00,,,,,,,,0.55,0.55,,0.0,0,False
2026-03-11 04:05:00+00:00,,,,,,,,0.55,0.55,,0.0,0,False
2026-03-11 04:05:30+00:00,,,,,,,,0.55,0.55,,0.0,0,False
2026-03-11 04:06:00+00:00,,,,,,,,0.55,0.55,,0.0,0,False
2026-03-11 04:06:30+00:00,,,,,,,,0.55,0.55,,0.0,0,False
2026-03-11 04:07:00+00:00,,,,,,,,0.55,0.55,,0.0,0,False
2026-03-11 04:07:30+00:00,,,,,,,,0.55,0.55,,0.0,0,False
2026-03-11 04:08:00+00:00,,,,,,,,0.55,0.55,,0.0,0,False
2026-03-11 04:08:30+00:00,,,,,,,,0.55,0.55,,0.0,0,False
2026-03-11 04:09:00+00:00,,,,,,,,0.55,0.55,,0.0,0,False
2026-03-11 04:09:30+00:00,,,,,,,,0.55,0.55,,2.0,1,False
2026-03-11 04:10:00+00:00,,,,,,,,0.55,0.55,,0.0,0,False
2026-03-11 04:10:30+00:00,,,,,,,,0.55,0.55,,0.0,0,False
2026-03-11 04:11:00+00:00,,,,,,,,0.55,0.55,,0.0,0,False
2026-03-11 04:11:30+00:00,,,,,,,,0.55,0.55,,0.0,0,False
2026-03-11 04:12:00+00:00,,,,,,,,0.55,0.55,,0.0,0,False
2026-03-11 04:12:30+00:00,,,,,,,,0.55,0.55,,0.0,0,False
2026-03-11 04:13:00+00:00,,,,,,,,0.55,0.55,,0.0,0,False
2026-03-11 04:13:30+00:00,,,,,,,,0.55,0.55,,0.0,0,False
2026-03-11 04:14:00+00:00,,,,,,,,0.55,0.55,,0.0,0,False
2026-03-11 04:14:30+00:00,,,,,,,,0.55,0.55,,0.0,0,False
2026-03-11 04:15:00+00:00,,,,,,,,0.55,0.55,,0.0,0,False
2026-03-11 04:15:30+00:00,,,,,,,,0.55,0.55,,0.0,0,False
2026-03-11 04:16:00+00:00,,,,,,,,0.55,0.55,,0.0,0,False
2026-03-11 04:16:30+00:00,,,,,,,,0.55,0.55,,0.0,0,False
2026-03-11 04:17:00+00:00,,,,,,,,0.55,0.55,,0.0,0,False
2026-03-11 04:17:30+00:00,,,,,,,,0.55,0.55,,0.0,0,False
2026-03-11 04:18:00+00:00,,,,,,,,0.55,0.55,,0.0,0,False
2026-03-11 04:18:30+00:00,,,,,,,,0.55,0.55,,0.0,0,False
2026-03-11 04:19:00+00:00,,,,,,,,0.55,0.55,,0.0,0,False
2026-03-11 04:19:30+00:00,,,,,,,,0.55,0.55,,0.0,0,False
2026-03-11 04:20:00+00:00,,,,,,,,0.55,0.55,,0.0,0,False
2026-03-11 04:20:30+00:00,,,,,,,,0.55,0.55,,0.0,0,False
2026-03-11 04:21:00+00:00,,,,,,,,0.55,0.55,,0.0,0,False
2026-03-11 04:21:30+00:00,,,,,,,,0.55,0.55,,0.0,0,False
2026-03-11 04:22:00+00:00,,,,,,,,0.55,0.55,,0.0,0,False
2026-03-11 04:22:30+00:00,,,,,,,,0.55,0.55,,0.0,0,False
2026-03-11 04:23:00+00:00,,,,,,,,0.55,0.55,,0.0,0,False
2026-03-11 04:23:30+00:00,,,,,,,,0.55,0.55,,0.0,0,False
2026-03-11 04:24:00+00:00,,,,,,,,0.55,0.55,,0.0,0,False
2026-03-11 04:24:30+00:00,,,,,,,,0.55,0.55,,0.0,0,False
2026-03-11 04:25:00+00:00,,,,,,,,0.55,0.55,,0.0,0,False
2026-03-11 04:25:30+00:00,,,,,,,,0.55,0.55,,0.0,0,False
2026-03-11 04:26:00+00:00,,,,,,,,0.55,0.55,,0.0,0,False
2026-03-11 04:26:30+00:00,,,,,,,,0.55,0.55,,0.0,0,False
2026-03-11 04:27:00+00:00,,,,,,,,0.55,0.55,,0.0,0,False
2026-03-11 04:27:30+00:00,,,,,,,,0.55,0.55,,0.0,0,False
2026-03-11 04:28:00+00:00,,,,,,,,0.55,0.55,,0.0,0,False
2026-03-11 04:28:30+00:00,,,,,,,,0.55,0.55,,0.0,0,False
2026-03-11 04:29:00+00:00,,,,,,,,0.55,0.55,,0.0,0,False
2026-03-11 04:29:30+00:00,,,,,,,,0.55,0.55,,0.0,0,False
2026-03-11 04:30:00+00:00,,,,,,,,0.55,0.55,,0.0,0,False
2026-03-11 04:30:30+00:00,,,,,,,,0.55,0.55,,0.0,0,False
2026-03-11 04:31:00+00:00,,,,,,,,0.55,0.55,,0.0,0,False
2026-03-11 04:31:30+00:00,,,,,,,,0.55,0.55,,0.0,0,False
2026-03-11 04:32:00+00:00,,,,,,,,0.55,0.55,,0.0,0,False
2026-03-11 04:32:30+00:00,,,,,,,,0.55,0.55,,0.0,0,False
2026-03-11 04:33:00+00:00,,,,,,,,0.55,0.55,,0.0,0,False
2026-03-11 04:33:30+00:00,,,,,,,,0.55,0.55,,0.0,0,False
2026-03-11 04:34:00+00:00,,,,,,,,0.55,0.55,,0.0,0,False
2026-03-11 04:34:30+00:00,,,,,,,,0.55,0.55,,0.0,0,False
2026-03-11 04:35:00+00:00,,,,,,,,0.55,0.55,,0.0,0,False
2026-03-11 04:35:30+00:00,,,,,,,,0.55,0.55,,0.0,0,False
2026-03-11 04:36:00+00:00,,,,,,,,0.55,0.55,,0.0,0,False
2026-03-11 04:36:30+00:00,,,,,,,,0.55,0.55,,0.0,0,False
2026-03-11 04:37:00+00:00,,,,,,,,0.55,0.55,,0.0,0,False
2026-03-11 04:37:30+00:00,,,,,,,,0.55,0.55,,0.0,0,False
2026-03-11 04:38:00+00:00,,,,,,,,0.55,0.55,,0.0,0,False
2026-03-11 04:38:30+00:00,,,,,,,,0.55,0.55,,0.0,0,False
2026-03-11 04:39:00+00:00,,,,,,,,0.55,0.55,,0.0,0,False
2026-03-11 04:39:30+00:00,,,,,,,,0.55,0.55,,0.0,0,False
2026-03-11 04:40:00+00:00,,,,,,,,0.55,0.55,,0.0,0,False
2026-03-11 04:40:30+00:00,,,,,,,,0.55,0.55,,0.0,0,False
2026-03-11 04:41:00+00:00,,,,,,,,0.55,0.55,,0.0,0,False
2026-03-11 04:41:30+00:00,,,,,,,,0.55,0.55,,0.0,0,False
2026-03-11 04:42:00+00:00,,,,,,,,0.59,0.59,,1.0,1,False
2026-03-11 04:42:30+00:00,,,,,,,,0.59,0.59,,0.0,0,False
2026-03-11 04:43:00+00:00,,,,,,,,0.59,0.59,,0.0,0,False
2026-03-11 04:43:30+00:00,,,,,,,,0.59,0.59,,0.0,0,False
2026-03-11 04:44:00+00:00,,,,,,,,0.59,0.59,,0.0,0,False
2026-03-11 04:44:30+00:00,,,,,,,,0.59,0.59,,0.0,0,False
2026-03-11 04:45:00+00:00,,,,,,,,0.59,0.59,,0.0,0,False
2026-03-11 04:45:30+00:00,,,,,,,,0.59,0.59,,0.0,0,False
2026-03-11 04:46:00+00:00,,,,,,,,0.59,0.59,,0.0,0,False
2026-03-11 04:46:30+00:00,,,,,,,,0.59,0.59,,0.0,0,False
2026-03-11 04:47:00+00:00,,,,,,,,0.59,0.59,,0.0,0,False
2026-03-11 04:47:30+00:00,,,,,,,,0.59,0.59,,0.0,0,False
2026-03-11 04:48:00+00:00,,,,,,,,0.59,0.59,,0.0,0,False
2026-03-11 04:48:30+00:00,,,,,,,,0.59,0.59,,0.0,0,False
2026-03-11 04:49:00+00:00,,,,,,,,0.59,0.59,,0.0,0,False
2026-03-11 04:49:30+00:00,,,,,,,,0.59,0.59,,0.0,0,False
2026-03-11 04:50:00+00:00,,,,,,,,0.59,0.59,,0.0,0,False
2026-03-11 04:50:30+00:00,,,,,,,,0.59,0.59,,0.0,0,False
2026-03-11 04:51:00+00:00,,,,,,,,0.59,0.59,,0.0,0,False
2026-03-11 04:51:30+00:00,,,,,,,,0.59,0.59,,0.0,0,False
2026-03-11 04:52:00+00:00,,,,,,,,0.59,0.59,,0.0,0,False
2026-03-11 04:52:30+00:00,,,,,,,,0.59,0.59,,0.0,0,False
2026-03-11 04:53:00+00:00,,,,,,,,0.59,0.59,,0.0,0,False
2026-03-11 04:53:30+00:00,,,,,,,,0.59,0.59,,0.0,0,False
2026-03-11 04:54:00+00:00,,,,,,,,0.59,0.59,,0.0,0,False
2026-03-11 04:54:30+00:00,,,,,,,,0.59,0.59,,0.0,0,False
2026-03-11 04:55:00+00:00,,,,,,,,0.59,0.59,,1.0,1,False
2026-03-11 04:55:30+00:00,,,,,,,,0.59,0.59,,0.0,0,False
2026-03-11 04:56:00+00:00,,,,,,,,0.59,0.59,,0.0,0,False
2026-03-11 04:56:30+00:00,,,,,,,,0.59,0.59,,0.0,0,False
2026-03-11 04:57:00+00:00,,,,,,,,0.59,0.59,,0.0,0,False
2026-03-11 04:57:30+00:00,,,,,,,,0.59,0.59,,0.0,0,False
2026-03-11 04:58:00+00:00,,,,,,,,0.59,0.59,,0.0,0,False
2026-03-11 04:58:30+00:00,,,,,,,,0.59,0.59,,0.0,0,False
2026-03-11 04:59:00+00:00,,,,,,,,0.59,0.59,,0.0,0,False
2026-03-11 04:59:30+00:00,,,,,,,,0.59,0.59,,0.0,0,False
2026-03-11 05:00:00+00:00,,,,,,,,0.59,0.59,,0.0,0,False
2026-03-11 05:00:30+00:00,,,,,,,,0.59,0.59,,0.0,0,False
2026-03-11 05:01:00+00:00,,,,,,,,0.59,0.59,,0.0,0,False
2026-03-11 05:01:30+00:00,,,,,,,,0.59,0.59,,0.0,0,False
2026-03-11 05:02:00+00:00,,,,,,,,0.59,0.59,,0.0,0,False
2026-03-11 05:02:30+00:00,,,,,,,,0.59,0.59,,0.0,0,False
2026-03-11 05:03:00+00:00,,,,,,,,0.59,0.59,,0.0,0,False
2026-03-11 05:03:30+00:00,,,,,,,,0.59,0.59,,0.0,0,False
2026-03-11 05:04:00+00:00,,,,,,,,0.59,0.59,,0.0,0,False
2026-03-11 05:04:30+00:00,,,,,,,,0.59,0.59,,0.0,0,False
2026-03-11 05:05:00+00:00,,,,,,,,0.59,0.59,,0.0,0,False
2026-03-11 05:05:30+00:00,,,,,,,,0.59,0.59,,0.0,0,False
2026-03-11 05:06:00+00:00,,,,,,,,0.59,0.59,,0.0,0,False
2026-03-11 05:06:30+00:00,,,,,,,,0.59,0.59,,0.0,0,False
2026-03-11 05:07:00+00:00,,,,,,,,0.59,0.59,,0.0,0,False
2026-03-11 05:07:30+00:00,,,,,,,,0.59,0.59,,0.0,0,False
2026-03-11 05:08:00+00:00,,,,,,,,0.59,0.59,,0.0,0,False
2026-03-11 05:08:30+00:00,,,,,,,,0.59,0.59,,0.0,0,False
2026-03-11 05:09:00+00:00,,,,,,,,0.59,0.59,,0.0,0,False
2026-03-11 05:09:30+00:00,,,,,,,,0.59,0.59,,0.0,0,False
2026-03-11 05:10:00+00:00,,,,,,,,0.59,0.59,,0.0,0,False
2026-03-11 05:10:30+00:00,,,,,,,,0.59,0.59,,0.0,0,False
2026-03-11 05:11:00+00:00,,,,,,,,0.59,0.59,,0.0,0,False
2026-03-11 05:11:30+00:00,,,,,,,,0.59,0.59,,0.0,0,False
2026-03-11 05:12:00+00:00,,,,,,,,0.59,0.59,,0.0,0,False
2026-03-11 05:12:30+00:00,,,,,,,,0.59,0.59,,0.0,0,False
2026-03-11 05:13:00+00:00,,,,,,,,0.59,0.59,,0.0,0,False
2026-03-11 05:13:30+00:00,,,,,,,,0.59,0.59,,0.0,0,False
2026-03-11 05:14:00+00:00,,,,,,,,0.59,0.59,,0.0,0,False
2026-03-11 05:14:30+00:00,,,,,,,,0.59,0.59,,0.0,0,False
2026-03-11 05:15:00+00:00,,,,,,,,0.59,0.59,,0.0,0,False
2026-03-11 05:15:30+00:00,,,,,,,,0.59,0.59,,0.0,0,False
2026-03-11 05:16:00+00:00,,,,,,,,0.59,0.59,,0.0,0,False
2026-03-11 05:16:30+00:00,,,,,,,,0.59,0.59,,0.0,0,False
2026-03-11 05:17:00+00:00,,,,,,,,0.58,0.58,,1.0,1,False
2026-03-11 05:17:30+00:00,,,,,,,,0.58,0.58,,0.0,0,False
2026-03-11 05:18:00+00:00,,,,,,,,0.58,0.58,,0.0,0,False
2026-03-11 05:18:30+00:00,,,,,,,,0.58,0.58,,0.0,0,False
2026-03-11 05:19:00+00:00,,,,,,,,0.58,0.58,,0.0,0,False
2026-03-11 05:19:30+00:00,,,,,,,,0.58,0.58,,0.0,0,False
2026-03-11 05:20:00+00:00,,,,,,,,0.58,0.58,,0.0,0,False
2026-03-11 05:20:30+00:00,,,,,,,,0.58,0.58,,0.0,0,False
2026-03-11 05:21:00+00:00,,,,,,,,0.58,0.58,,0.0,0,False
2026-03-11 05:21:30+00:00,,,,,,,,0.58,0.58,,0.0,0,False
2026-03-11 05:22:00+00:00,,,,,,,,0.58,0.58,,0.0,0,False
2026-03-11 05:22:30+00:00,,,,,,,,0.58,0.58,,0.0,0,False
2026-03-11 05:23:00+00:00,,,,,,,,0.58,0.58,,0.0,0,False
2026-03-11 05:23:30+00:00,,,,,,,,0.58,0.58,,0.0,0,False
2026-03-11 05:24:00+00:00,,,,,,,,0.58,0.58,,0.0,0,False
2026-03-11 05:24:30+00:00,,,,,,,,0.58,0.58,,0.0,0,False
2026-03-11 05:25:00+00:00,,,,,,,,0.58,0.58,,0.0,0,False
2026-03-11 05:25:30+00:00,,,,,,,,0.58,0.58,,0.0,0,False
2026-03-11 05:26:00+00:00,,,,,,,,0.58,0.58,,0.0,0,False
2026-03-11 05:26:30+00:00,,,,,,,,0.55,0.55,,10.0,1,False
2026-03-11 05:27:00+00:00,,,,,,,,0.55,0.55,,0.0,0,False
2026-03-11 05:27:30+00:00,,,,,,,,0.55,0.55,,0.0,0,False
2026-03-11 05:28:00+00:00,,,,,,,,0.55,0.55,,0.0,0,False
2026-03-11 05:28:30+00:00,,,,,,,,0.55,0.55,,0.0,0,False
2026-03-11 05:29:00+00:00,,,,,,,,0.55,0.55,,0.0,0,False
2026-03-11 05:29:30+00:00,,,,,,,,0.55,0.55,,0.0,0,False
2026-03-11 05:30:00+00:00,,,,,,,,0.55,0.55,,0.0,0,False
2026-03-11 05:30:30+00:00,,,,,,,,0.56,0.56,,5.0,1,False
2026-03-11 05:31:00+00:00,,,,,,,,0.58,0.58,,583.0,2,False
2026-03-11 05:31:30+00:00,,,,,,,,0.58,0.58,,0.0,0,False
2026-03-11 05:32:00+00:00,,,,,,,,0.58,0.58,,0.0,0,False
2026-03-11 05:32:30+00:00,,,,,,,,0.58,0.58,,0.0,0,False
2026-03-11 05:33:00+00:00,,,,,,,,0.58,0.58,,0.0,0,False
2026-03-11 05:33:30+00:00,,,,,,,,0.58,0.58,,0.0,0,False
2026-03-11 05:34:00+00:00,,,,,,,,0.58,0.58,,0.0,0,False
2026-03-11 05:34:30+00:00,,,,,,,,0.58,0.58,,0.0,0,False
2026-03-11 05:35:00+00:00,,,,,,,,0.58,0.58,,0.0,0,False
2026-03-11 05:35:30+00:00,,,,,,,,0.58,0.58,,0.0,0,False
2026-03-11 05:36:00+00:00,,,,,,,,0.58,0.58,,0.0,0,False
2026-03-11 05:36:30+00:00,,,,,,,,0.58,0.58,,0.0,0,False
2026-03-11 05:37:00+00:00,,,,,,,,0.58,0.58,,0.0,0,False
2026-03-11 05:37:30+00:00,,,,,,,,0.58,0.58,,0.0,0,False
2026-03-11 05:38:00+00:00,,,,,,,,0.58,0.58,,0.0,0,False
2026-03-11 05:38:30+00:00,,,,,,,,0.58,0.58,,0.0,0,False
2026-03-11 05:39:00+00:00,,,,,,,,0.58,0.58,,0.0,0,False
2026-03-11 05:39:30+00:00,,,,,,,,0.55,0.55,,1.0,1,False
2026-03-11 05:40:00+00:00,,,,,,,,0.55,0.55,,0.0,0,False
2026-03-11 05:40:30+00:00,,,,,,,,0.55,0.55,,0.0,0,False
2026-03-11 05:41:00+00:00,,,,,,,,0.55,0.55,,0.0,0,False
2026-03-11 05:41:30+00:00,,,,,,,,0.55,0.55,,0.0,0,False
2026-03-11 05:42:00+00:00,,,,,,,,0.55,0.55,,0.0,0,False
2026-03-11 05:42:30+00:00,,,,,,,,0.55,0.55,,0.0,0,False
2026-03-11 05:43:00+00:00,,,,,,,,0.55,0.55,,0.0,0,False
2026-03-11 05:43:30+00:00,,,,,,,,0.55,0.55,,0.0,0,False
2026-03-11 05:44:00+00:00,,,,,,,,0.55,0.55,,0.0,0,False
2026-03-11 05:44:30+00:00,,,,,,,,0.55,0.55,,0.0,0,False
2026-03-11 05:45:00+00:00,,,,,,,,0.55,0.55,,0.0,0,False
2026-03-11 05:45:30+00:00,,,,,,,,0.55,0.55,,0.0,0,False
2026-03-11 05:46:00+00:00,,,,,,,,0.55,0.55,,0.0,0,False
2026-03-11 05:46:30+00:00,,,,,,,,0.55,0.55,,0.0,0,False
2026-03-11 05:47:00+00:00,,,,,,,,0.55,0.55,,0.0,0,False
2026-03-11 05:47:30+00:00,,,,,,,,0.55,0.55,,0.0,0,False
2026-03-11 05:48:00+00:00,,,,,,,,0.55,0.55,,0.0,0,False
2026-03-11 05:48:30+00:00,,,,,,,,0.55,0.55,,0.0,0,False
2026-03-11 05:49:00+00:00,,,,,,,,0.55,0.55,,0.0,0,False
2026-03-11 05:49:30+00:00,,,,,,,,0.55,0.55,,0.0,0,False
2026-03-11 05:50:00+00:00,,,,,,,,0.55,0.55,,0.0,0,False
2026-03-11 05:50:30+00:00,,,,,,,,0.55,0.55,,0.0,0,False
2026-03-11 05:51:00+00:00,,,,,,,,0.55,0.55,,0.0,0,False
2026-03-11 05:51:30+00:00,,,,,,,,0.55,0.55,,0.0,0,False
2026-03-11 05:52:00+00:00,,,,,,,,0.55,0.55,,0.0,0,False
2026-03-11 05:52:30+00:00,,,,,,,,0.55,0.55,,0.0,0,False
2026-03-11 05:53:00+00:00,,,,,,,,0.55,0.55,,0.0,0,False
2026-03-11 05:53:30+00:00,,,,,,,,0.55,0.55,,0.0,0,False
2026-03-11 05:54:00+00:00,,,,,,,,0.55,0.55,,0.0,0,False
2026-03-11 05:54:30+00:00,,,,,,,,0.55,0.55,,0.0,0,False
2026-03-11 05:55:00+00:00,,,,,,,,0.55,0.55,,0.0,0,False
2026-03-11 05:55:30+00:00,,,,,,,,0.55,0.55,,0.0,0,False
2026-03-11 05:56:00+00:00,,,,,,,,0.5771428571428572,0.55,,14.0,4,False
2026-03-11 05:56:30+00:00,,,,,,,,0.5771428571428572,0.55,,0.0,0,False
2026-03-11 05:57:00+00:00,,,,,,,,0.5771428571428572,0.55,,0.0,0,False
2026-03-11 05:57:30+00:00,,,,,,,,0.52,0.52,,16.0,2,False
2026-03-11 05:58:00+00:00,,,,,,,,0.52,0.52,,0.0,0,False
2026-03-11 05:58:30+00:00,,,,,,,,0.52,0.52,,0.0,0,False
2026-03-11 05:59:00+00:00,,,,,,,,0.52,0.52,,0.0,0,False
2026-03-11 05:59:30+00:00,,,,,,,,0.52,0.52,,0.0,0,False
2026-03-11 06:00:00+00:00,,,,,,,,0.52,0.52,,0.0,0,False
2026-03-11 06:00:30+00:00,,,,,,,,0.52,0.52,,0.0,0,False
2026-03-11 06:01:00+00:00,,,,,,,,0.52,0.52,,0.0,0,False
2026-03-11 06:01:30+00:00,,,,,,,,0.52,0.52,,0.0,0,False
2026-03-11 06:02:00+00:00,,,,,,,,0.52,0.52,,0.0,0,False
2026-03-11 06:02:30+00:00,,,,,,,,0.52,0.52,,0.0,0,False
2026-03-11 06:03:00+00:00,,,,,,,,0.52,0.52,,0.0,0,False
2026-03-11 06:03:30+00:00,,,,,,,,0.52,0.52,,0.0,0,False
2026-03-11 06:04:00+00:00,,,,,,,,0.52,0.52,,0.0,0,False
2026-03-11 06:04:30+00:00,,,,,,,,0.52,0.52,,0.0,0,False
2026-03-11 06:05:00+00:00,,,,,,,,0.52,0.52,,0.0,0,False
2026-03-11 06:05:30+00:00,,,,,,,,0.52,0.52,,0.0,0,False
2026-03-11 06:06:00+00:00,,,,,,,,0.52,0.52,,0.0,0,False
2026-03-11 06:06:30+00:00,,,,,,,,0.52,0.52,,0.0,0,False
2026-03-11 06:07:00+00:00,,,,,,,,0.52,0.52,,0.0,0,False
2026-03-11 06:07:30+00:00,,,,,,,,0.52,0.52,,0.0,0,False
2026-03-11 06:08:00+00:00,,,,,,,,0.52,0.52,,0.0,0,False
2026-03-11 06:08:30+00:00,,,,,,,,0.52,0.52,,0.0,0,False
2026-03-11 06:09:00+00:00,,,,,,,,0.52,0.52,,0.0,0,False
2026-03-11 06:09:30+00:00,,,,,,,,0.52,0.52,,0.0,0,False
2026-03-11 06:10:00+00:00,,,,,,,,0.52,0.52,,0.0,0,False
2026-03-11 06:10:30+00:00,,,,,,,,0.52,0.52,,0.0,0,False
2026-03-11 06:11:00+00:00,,,,,,,,0.52,0.52,,0.0,0,False
2026-03-11 06:11:30+00:00,,,,,,,,0.52,0.52,,0.0,0,False
2026-03-11 06:12:00+00:00,,,,,,,,0.52,0.52,,0.0,0,False
2026-03-11 06:12:30+00:00,,,,,,,,0.52,0.52,,0.0,0,False
2026-03-11 06:13:00+00:00,,,,,,,,0.52,0.52,,0.0,0,False
2026-03-11 06:13:30+00:00,,,,,,,,0.52,0.52,,0.0,0,False
2026-03-11 06:14:00+00:00,,,,,,,,0.55,0.55,,8.0,1,False
2026-03-11 06:14:30+00:00,,,,,,,,0.55,0.55,,0.0,0,False
2026-03-11 06:15:00+00:00,,,,,,,,0.55,0.55,,0.0,0,False
2026-03-11 06:15:30+00:00,,,,,,,,0.55,0.55,,0.0,0,False
2026-03-11 06:16:00+00:00,,,,,,,,0.55,0.55,,0.0,0,False
2026-03-11 06:16:30+00:00,,,,,,,,0.55,0.55,,0.0,0,False
2026-03-11 06:17:00+00:00,,,,,,,,0.55,0.55,,0.0,0,False
2026-03-11 06:17:30+00:00,,,,,,,,0.55,0.55,,0.0,0,False
2026-03-11 06:18:00+00:00,,,,,,,,0.55,0.55,,0.0,0,False
2026-03-11 06:18:30+00:00,,,,,,,,0.55,0.55,,0.0,0,False
2026-03-11 06:19:00+00:00,,,,,,,,0.55,0.55,,0.0,0,False
2026-03-11 06:19:30+00:00,,,,,,,,0.55,0.55,,0.0,0,False
2026-03-11 06:20:00+00:00,,,,,,,,0.55,0.55,,0.0,0,False
2026-03-11 06:20:30+00:00,,,,,,,,0.55,0.55,,0.0,0,False
2026-03-11 06:21:00+00:00,,,,,,,,0.55,0.55,,0.0,0,False
2026-03-11 06:21:30+00:00,,,,,,,,0.55,0.55,,0.0,0,False
2026-03-11 06:22:00+00:00,,,,,,,,0.55,0.55,,0.0,0,False
2026-03-11 06:22:30+00:00,,,,,,,,0.55,0.55,,0.0,0,False
2026-03-11 06:23:00+00:00,,,,,,,,0.55,0.55,,0.0,0,False
2026-03-11 06:23:30+00:00,,,,,,,,0.55,0.55,,0.0,0,False
2026-03-11 06:24:00+00:00,,,,,,,,0.55,0.55,,0.0,0,False
2026-03-11 06:24:30+00:00,,,,,,,,0.55,0.55,,0.0,0,False
2026-03-11 06:25:00+00:00,,,,,,,,0.55,0.55,,0.0,0,False
2026-03-11 06:25:30+00:00,,,,,,,,0.55,0.55,,0.0,0,False
2026-03-11 06:26:00+00:00,,,,,,,,0.55,0.55,,0.0,0,False
2026-03-11 06:26:30+00:00,,,,,,,,0.55,0.55,,0.0,0,False
2026-03-11 06:27:00+00:00,,,,,,,,0.55,0.55,,0.0,0,False
2026-03-11 06:27:30+00:00,,,,,,,,0.55,0.55,,0.0,0,False
2026-03-11 06:28:00+00:00,,,,,,,,0.55,0.55,,0.0,0,False
2026-03-11 06:28:30+00:00,,,,,,,,0.55,0.55,,0.0,0,False
2026-03-11 06:29:00+00:00,,,,,,,,0.55,0.55,,0.0,0,False
2026-03-11 06:29:30+00:00,,,,,,,,0.55,0.55,,0.0,0,False
2026-03-11 06:30:00+00:00,,,,,,,,0.55,0.55,,0.0,0,False
2026-03-11 06:30:30+00:00,,,,,,,,0.55,0.55,,0.0,0,False
2026-03-11 06:31:00+00:00,,,,,,,,0.55,0.55,,0.0,0,False
2026-03-11 06:31:30+00:00,,,,,,,,0.55,0.55,,0.0,0,False
2026-03-11 06:32:00+00:00,,,,,,,,0.55,0.55,,0.0,0,False
2026-03-11 06:32:30+00:00,,,,,,,,0.55,0.55,,0.0,0,False
2026-03-11 06:33:00+00:00,,,,,,,,0.55,0.55,,0.0,0,False
2026-03-11 06:33:30+00:00,,,,,,,,0.55,0.55,,0.0,0,False
2026-03-11 06:34:00+00:00,,,,,,,,0.55,0.55,,0.0,0,False
2026-03-11 06:34:30+00:00,,,,,,,,0.55,0.55,,0.0,0,False
2026-03-11 06:35:00+00:00,,,,,,,,0.58,0.58,,55.0,1,False
2026-03-11 06:35:30+00:00,,,,,,,,0.58,0.58,,0.0,0,False
2026-03-11 06:36:00+00:00,,,,,,,,0.4853640256959315,0.39,,934.0,8,False
2026-03-11 06:36:30+00:00,,,,,,,,0.4853640256959315,0.39,,0.0,0,False
2026-03-11 06:37:00+00:00,,,,,,,,0.4853640256959315,0.39,,0.0,0,False
2026-03-11 06:37:30+00:00,,,,,,,,0.4853640256959315,0.39,,0.0,0,False
2026-03-11 06:38:00+00:00,,,,,,,,0.4853640256959315,0.39,,0.0,0,False
2026-03-11 06:38:30+00:00,,,,,,,,0.4853640256959315,0.39,,0.0,0,False
2026-03-11 06:39:00+00:00,,,,,,,,0.4853640256959315,0.39,,0.0,0,False
2026-03-11 06:39:30+00:00,,,,,,,,0.4853640256959315,0.39,,0.0,0,False
2026-03-11 06:40:00+00:00,,,,,,,,0.4853640256959315,0.39,,0.0,0,False
2026-03-11 06:40:30+00:00,,,,,,,,0.4853640256959315,0.39,,0.0,0,False
2026-03-11 06:41:00+00:00,,,,,,,,0.4853640256959315,0.39,,0.0,0,False
2026-03-11 06:41:30+00:00,,,,,,,,0.4853640256959315,0.39,,0.0,0,False
2026-03-11 06:42:00+00:00,,,,,,,,0.4853640256959315,0.39,,0.0,0,False
2026-03-11 06:42:30+00:00,,,,,,,,0.4853640256959315,0.39,,0.0,0,False
2026-03-11 06:43:00+00:00,,,,,,,,0.4853640256959315,0.39,,0.0,0,False
2026-03-11 06:43:30+00:00,,,,,,,,0.4853640256959315,0.39,,0.0,0,False
2026-03-11 06:44:00+00:00,,,,,,,,0.4853640256959315,0.39,,0.0,0,False
2026-03-11 06:44:30+00:00,,,,,,,,0.4853640256959315,0.39,,0.0,0,False
2026-03-11 06:45:00+00:00,,,,,,,,0.4853640256959315,0.39,,0.0,0,False
2026-03-11 06:45:30+00:00,,,,,,,,0.4853640256959315,0.39,,0.0,0,False
2026-03-11 06:46:00+00:00,,,,,,,,0.4853640256959315,0.39,,0.0,0,False
2026-03-11 06:46:30+00:00,,,,,,,,0.4853640256959315,0.39,,0.0,0,False
2026-03-11 06:47:00+00:00,,,,,,,,0.4853640256959315,0.39,,0.0,0,False
2026-03-11 06:47:30+00:00,,,,,,,,0.4853640256959315,0.39,,0.0,0,False
2026-03-11 06:48:00+00:00,,,,,,,,0.4853640256959315,0.39,,0.0,0,False
2026-03-11 06:48:30+00:00,,,,,,,,0.4853640256959315,0.39,,0.0,0,False
2026-03-11 06:49:00+00:00,,,,,,,,0.4853640256959315,0.39,,0.0,0,False
2026-03-11 06:49:30+00:00,,,,,,,,0.58,0.58,,418.0,5,False
2026-03-11 06:50:00+00:00,,,,,,,,0.58,0.58,,0.0,0,False
2026-03-11 06:50:30+00:00,,,,,,,,0.58,0.58,,0.0,0,False
2026-03-11 06:51:00+00:00,,,,,,,,0.58,0.58,,0.0,0,False
2026-03-11 06:51:30+00:00,,,,,,,,0.58,0.58,,0.0,0,False
2026-03-11 06:52:00+00:00,,,,,,,,0.58,0.58,,0.0,0,False
2026-03-11 06:52:30+00:00,,,,,,,,0.58,0.58,,0.0,0,False
2026-03-11 06:53:00+00:00,,,,,,,,0.58,0.58,,0.0,0,False
2026-03-11 06:53:30+00:00,,,,,,,,0.58,0.58,,0.0,0,False
2026-03-11 06:54:00+00:00,,,,,,,,0.58,0.58,,0.0,0,False
2026-03-11 06:54:30+00:00,,,,,,,,0.58,0.58,,0.0,0,False
2026-03-11 06:55:00+00:00,,,,,,,,0.58,0.58,,0.0,0,False
2026-03-11 06:55:30+00:00,,,,,,,,0.58,0.58,,0.0,0,False
2026-03-11 06:56:00+00:00,,,,,,,,0.58,0.58,,0.0,0,False
2026-03-11 06:56:30+00:00,,,,,,,,0.58,0.58,,0.0,0,False
2026-03-11 06:57:00+00:00,,,,,,,,0.58,0.58,,0.0,0,False
2026-03-11 06:57:30+00:00,,,,,,,,0.58,0.58,,0.0,0,False
2026-03-11 06:58:00+00:00,,,,,,,,0.58,0.58,,0.0,0,False
2026-03-11 06:58:30+00:00,,,,,,,,0.58,0.58,,0.0,0,False
2026-03-11 06:59:00+00:00,,,,,,,,0.58,0.58,,0.0,0,False
2026-03-11 06:59:30+00:00,,,,,,,,0.58,0.58,,0.0,0,False
2026-03-11 07:00:00+00:00,,,,,,,,0.58,0.58,,0.0,0,False
2026-03-11 07:00:30+00:00,,,,,,,,0.58,0.58,,0.0,0,False
2026-03-11 07:01:00+00:00,,,,,,,,0.58,0.58,,0.0,0,False
2026-03-11 07:01:30+00:00,,,,,,,,0.58,0.58,,0.0,0,False
2026-03-11 07:02:00+00:00,,,,,,,,0.58,0.58,,0.0,0,False
2026-03-11 07:02:30+00:00,,,,,,,,0.58,0.58,,0.0,0,False
2026-03-11 07:03:00+00:00,,,,,,,,0.58,0.58,,0.0,0,False
2026-03-11 07:03:30+00:00,,,,,,,,0.58,0.58,,0.0,0,False
2026-03-11 07:04:00+00:00,,,,,,,,0.58,0.58,,0.0,0,False
2026-03-11 07:04:30+00:00,,,,,,,,0.58,0.58,,0.0,0,False
2026-03-11 07:05:00+00:00,,,,,,,,0.58,0.58,,0.0,0,False
2026-03-11 07:05:30+00:00,,,,,,,,0.58,0.58,,0.0,0,False
2026-03-11 07:06:00+00:00,,,,,,,,0.58,0.58,,0.0,0,False
2026-03-11 07:06:30+00:00,,,,,,,,0.58,0.58,,0.0,0,False
2026-03-11 07:07:00+00:00,,,,,,,,0.58,0.58,,0.0,0,False
2026-03-11 07:07:30+00:00,,,,,,,,0.58,0.58,,0.0,0,False
2026-03-11 07:08:00+00:00,,,,,,,,0.58,0.58,,0.0,0,False
2026-03-11 07:08:30+00:00,,,,,,,,0.58,0.58,,0.0,0,False
2026-03-11 07:09:00+00:00,,,,,,,,0.58,0.58,,0.0,0,False
2026-03-11 07:09:30+00:00,,,,,,,,0.58,0.58,,0.0,0,False
2026-03-11 07:10:00+00:00,,,,,,,,0.58,0.58,,0.0,0,False
2026-03-11 07:10:30+00:00,,,,,,,,0.58,0.58,,0.0,0,False
2026-03-11 07:11:00+00:00,,,,,,,,0.58,0.58,,0.0,0,False
2026-03-11 07:11:30+00:00,,,,,,,,0.58,0.58,,0.0,0,False
2026-03-11 07:12:00+00:00,,,,,,,,0.58,0.58,,0.0,0,False
2026-03-11 07:12:30+00:00,,,,,,,,0.58,0.58,,0.0,0,False
2026-03-11 07:13:00+00:00,,,,,,,,0.58,0.58,,0.0,0,False
2026-03-11 07:13:30+00:00,,,,,,,,0.58,0.58,,0.0,0,False
2026-03-11 07:14:00+00:00,,,,,,,,0.58,0.58,,0.0,0,False
2026-03-11 07:14:30+00:00,,,,,,,,0.58,0.58,,0.0,0,False
2026-03-11 07:15:00+00:00,,,,,,,,0.58,0.58,,0.0,0,False
2026-03-11 07:15:30+00:00,,,,,,,,0.58,0.58,,0.0,0,False
2026-03-11 07:16:00+00:00,,,,,,,,0.58,0.58,,0.0,0,False
2026-03-11 07:16:30+00:00,,,,,,,,0.58,0.58,,0.0,0,False
2026-03-11 07:17:00+00:00,,,,,,,,0.58,0.58,,0.0,0,False
2026-03-11 07:17:30+00:00,,,,,,,,0.58,0.58,,0.0,0,False
2026-03-11 07:18:00+00:00,,,,,,,,0.58,0.58,,0.0,0,False
2026-03-11 07:18:30+00:00,,,,,,,,0.58,0.58,,0.0,0,False
2026-03-11 07:19:00+00:00,,,,,,,,0.58,0.58,,0.0,0,False
2026-03-11 07:19:30+00:00,,,,,,,,0.58,0.58,,0.0,0,False
2026-03-11 07:20:00+00:00,,,,,,,,0.58,0.58,,0.0,0,False
2026-03-11 07:20:30+00:00,,,,,,,,0.58,0.58,,0.0,0,False
2026-03-11 07:21:00+00:00,,,,,,,,0.58,0.58,,0.0,0,False
2026-03-11 07:21:30+00:00,,,,,,,,0.58,0.58,,0.0,0,False
2026-03-11 07:22:00+00:00,,,,,,,,0.58,0.58,,0.0,0,False
2026-03-11 07:22:30+00:00,,,,,,,,0.58,0.58,,0.0,0,False
2026-03-11 07:23:00+00:00,,,,,,,,0.58,0.58,,0.0,0,False
2026-03-11 07:23:30+00:00,,,,,,,,0.58,0.58,,0.0,0,False
2026-03-11 07:24:00+00:00,,,,,,,,0.58,0.58,,0.0,0,False
2026-03-11 07:24:30+00:00,,,,,,,,0.58,0.58,,0.0,0,False
2026-03-11 07:25:00+00:00,,,,,,,,0.58,0.58,,0.0,0,False
2026-03-11 07:25:30+00:00,,,,,,,,0.58,0.58,,0.0,0,False
2026-03-11 07:26:00+00:00,,,,,,,,0.58,0.58,,0.0,0,False
2026-03-11 07:26:30+00:00,,,,,,,,0.58,0.58,,0.0,0,False
2026-03-11 07:27:00+00:00,,,,,,,,0.58,0.58,,0.0,0,False
2026-03-11 07:27:30+00:00,,,,,,,,0.58,0.58,,0.0,0,False
2026-03-11 07:28:00+00:00,,,,,,,,0.58,0.58,,0.0,0,False
2026-03-11 07:28:30+00:00,,,,,,,,0.58,0.58,,0.0,0,False
2026-03-11 07:29:00+00:00,,,,,,,,0.58,0.58,,0.0,0,False
2026-03-11 07:29:30+00:00,,,,,,,,0.58,0.58,,0.0,0,False
2026-03-11 07:30:00+00:00,,,,,,,,0.58,0.58,,0.0,0,False
2026-03-11 07:30:30+00:00,,,,,,,,0.58,0.58,,0.0,0,False
2026-03-11 07:31:00+00:00,,,,,,,,0.58,0.58,,0.0,0,False
2026-03-11 07:31:30+00:00,,,,,,,,0.58,0.58,,0.0,0,False
2026-03-11 07:32:00+00:00,,,,,,,,0.58,0.58,,0.0,0,False
2026-03-11 07:32:30+00:00,,,,,,,,0.58,0.58,,0.0,0,False
2026-03-11 07:33:00+00:00,,,,,,,,0.58,0.58,,0.0,0,False
2026-03-11 07:33:30+00:00,,,,,,,,0.58,0.58,,0.0,0,False
2026-03-11 07:34:00+00:00,,,,,,,,0.58,0.58,,0.0,0,False
2026-03-11 07:34:30+00:00,,,,,,,,0.58,0.58,,0.0,0,False
2026-03-11 07:35:00+00:00,,,,,,,,0.58,0.58,,0.0,0,False
2026-03-11 07:35:30+00:00,,,,,,,,0.58,0.58,,0.0,0,False
2026-03-11 07:36:00+00:00,,,,,,,,0.57,0.57,,10.0,1,False
2026-03-11 07:36:30+00:00,,,,,,,,0.57,0.57,,0.0,0,False
2026-03-11 07:37:00+00:00,,,,,,,,0.57,0.57,,0.0,0,False
2026-03-11 07:37:30+00:00,,,,,,,,0.57,0.57,,0.0,0,False
2026-03-11 07:38:00+00:00,,,,,,,,0.55,0.55,,48.0,1,False
2026-03-11 07:38:30+00:00,,,,,,,,0.55,0.55,,0.0,0,False
2026-03-11 07:39:00+00:00,,,,,,,,0.55,0.55,,0.0,0,False
2026-03-11 07:39:30+00:00,,,,,,,,0.55,0.55,,0.0,0,False
2026-03-11 07:40:00+00:00,,,,,,,,0.55,0.55,,0.0,0,False
2026-03-11 07:40:30+00:00,,,,,,,,0.55,0.55,,0.0,0,False
2026-03-11 07:41:00+00:00,,,,,,,,0.55,0.55,,0.0,0,False
2026-03-11 07:41:30+00:00,,,,,,,,0.55,0.55,,0.0,0,False
2026-03-11 07:42:00+00:00,,,,,,,,0.55,0.55,,0.0,0,False
2026-03-11 07:42:30+00:00,,,,,,,,0.55,0.55,,0.0,0,False
2026-03-11 07:43:00+00:00,,,,,,,,0.55,0.55,,0.0,0,False
2026-03-11 07:43:30+00:00,,,,,,,,0.55,0.55,,0.0,0,False
2026-03-11 07:44:00+00:00,,,,,,,,0.55,0.55,,0.0,0,False
2026-03-11 07:44:30+00:00,,,,,,,,0.55,0.55,,0.0,0,False
2026-03-11 07:45:00+00:00,,,,,,,,0.55,0.55,,0.0,0,False
2026-03-11 07:45:30+00:00,,,,,,,,0.55,0.55,,0.0,0,False
2026-03-11 07:46:00+00:00,,,,,,,,0.55,0.55,,0.0,0,False
2026-03-11 07:46:30+00:00,,,,,,,,0.55,0.55,,0.0,0,False
2026-03-11 07:47:00+00:00,,,,,,,,0.55,0.55,,0.0,0,False
2026-03-11 07:47:30+00:00,,,,,,,,0.55,0.55,,0.0,0,False
2026-03-11 07:48:00+00:00,,,,,,,,0.55,0.55,,0.0,0,False
2026-03-11 07:48:30+00:00,,,,,,,,0.55,0.55,,0.0,0,False
2026-03-11 07:49:00+00:00,,,,,,,,0.55,0.55,,0.0,0,False
2026-03-11 07:49:30+00:00,,,,,,,,0.55,0.55,,0.0,0,False
2026-03-11 07:50:00+00:00,,,,,,,,0.55,0.55,,0.0,0,False
2026-03-11 07:50:30+00:00,,,,,,,,0.55,0.55,,0.0,0,False
2026-03-11 07:51:00+00:00,,,,,,,,0.55,0.55,,0.0,0,False
2026-03-11 07:51:30+00:00,,,,,,,,0.55,0.55,,0.0,0,False
2026-03-11 07:52:00+00:00,,,,,,,,0.55,0.55,,0.0,0,False
2026-03-11 07:52:30+00:00,,,,,,,,0.55,0.55,,0.0,0,False
2026-03-11 07:53:00+00:00,,,,,,,,0.55,0.55,,0.0,0,False
2026-03-11 07:53:30+00:00,,,,,,,,0.55,0.55,,0.0,0,False
2026-03-11 07:54:00+00:00,,,,,,,,0.55,0.55,,0.0,0,False
2026-03-11 07:54:30+00:00,,,,,,,,0.55,0.55,,0.0,0,False
2026-03-11 07:55:00+00:00,,,,,,,,0.55,0.55,,0.0,0,False
2026-03-11 07:55:30+00:00,,,,,,,,0.55,0.55,,0.0,0,False
2026-03-11 07:56:00+00:00,,,,,,,,0.55,0.55,,0.0,0,False
2026-03-11 07:56:30+00:00,,,,,,,,0.55,0.55,,0.0,0,False
2026-03-11 07:57:00+00:00,,,,,,,,0.55,0.55,,0.0,0,False
2026-03-11 07:57:30+00:00,,,,,,,,0.55,0.55,,0.0,0,False
2026-03-11 07:58:00+00:00,,,,,,,,0.55,0.55,,0.0,0,False
2026-03-11 07:58:30+00:00,,,,,,,,0.55,0.55,,0.0,0,False
2026-03-11 07:59:00+00:00,,,,,,,,0.55,0.55,,0.0,0,False
2026-03-11 07:59:30+00:00,,,,,,,,0.55,0.55,,0.0,0,False
2026-03-11 08:00:00+00:00,,,,,,,,0.55,0.55,,0.0,0,False
2026-03-11 08:00:30+00:00,,,,,,,,0.55,0.55,,8.0,1,False
2026-03-11 08:01:00+00:00,,,,,,,,0.55,0.55,,0.0,0,False
2026-03-11 08:01:30+00:00,,,,,,,,0.55,0.55,,0.0,0,False
2026-03-11 08:02:00+00:00,,,,,,,,0.55,0.55,,0.0,0,False
2026-03-11 08:02:30+00:00,,,,,,,,0.55,0.55,,0.0,0,False
2026-03-11 08:03:00+00:00,,,,,,,,0.55,0.55,,0.0,0,False
2026-03-11 08:03:30+00:00,,,,,,,,0.55,0.55,,0.0,0,False
2026-03-11 08:04:00+00:00,,,,,,,,0.55,0.55,,0.0,0,False
2026-03-11 08:04:30+00:00,,,,,,,,0.55,0.55,,0.0,0,False
2026-03-11 08:05:00+00:00,,,,,,,,0.55,0.55,,0.0,0,False
2026-03-11 08:05:30+00:00,,,,,,,,0.55,0.55,,0.0,0,False
2026-03-11 08:06:00+00:00,,,,,,,,0.55,0.55,,0.0,0,False
2026-03-11 08:06:30+00:00,,,,,,,,0.55,0.55,,0.0,0,False
2026-03-11 08:07:00+00:00,,,,,,,,0.55,0.55,,0.0,0,False
2026-03-11 08:07:30+00:00,,,,,,,,0.55,0.55,,0.0,0,False
2026-03-11 08:08:00+00:00,,,,,,,,0.55,0.55,,0.0,0,False
2026-03-11 08:08:30+00:00,,,,,,,,0.55,0.55,,0.0,0,False
2026-03-11 08:09:00+00:00,,,,,,,,0.55,0.55,,0.0,0,False
2026-03-11 08:09:30+00:00,,,,,,,,0.55,0.55,,0.0,0,False
2026-03-11 08:10:00+00:00,,,,,,,,0.55,0.55,,0.0,0,False
2026-03-11 08:10:30+00:00,,,,,,,,0.55,0.55,,0.0,0,False
2026-03-11 08:11:00+00:00,,,,,,,,0.55,0.55,,0.0,0,False
2026-03-11 08:11:30+00:00,,,,,,,,0.55,0.55,,0.0,0,False
2026-03-11 08:12:00+00:00,,,,,,,,0.55,0.55,,0.0,0,False
2026-03-11 08:12:30+00:00,,,,,,,,0.55,0.55,,0.0,0,False
2026-03-11 08:13:00+00:00,,,,,,,,0.55,0.55,,0.0,0,False
2026-03-11 08:13:30+00:00,,,,,,,,0.55,0.55,,0.0,0,False
2026-03-11 08:14:00+00:00,,,,,,,,0.56,0.56,,10.0,1,False
2026-03-11 08:14:30+00:00,,,,,,,,0.56,0.56,,0.0,0,False
2026-03-11 08:15:00+00:00,,,,,,,,0.56,0.56,,0.0,0,False
2026-03-11 08:15:30+00:00,,,,,,,,0.56,0.56,,0.0,0,False
2026-03-11 08:16:00+00:00,,,,,,,,0.56,0.56,,0.0,0,False
2026-03-11 08:16:30+00:00,,,,,,,,0.56,0.56,,0.0,0,False
2026-03-11 08:17:00+00:00,,,,,,,,0.56,0.56,,0.0,0,False
2026-03-11 08:17:30+00:00,,,,,,,,0.56,0.56,,0.0,0,False
2026-03-11 08:18:00+00:00,,,,,,,,0.56,0.56,,0.0,0,False
2026-03-11 08:18:30+00:00,,,,,,,,0.56,0.56,,0.0,0,False
2026-03-11 08:19:00+00:00,,,,,,,,0.56,0.56,,0.0,0,False
2026-03-11 08:19:30+00:00,,,,,,,,0.56,0.56,,0.0,0,False
2026-03-11 08:20:00+00:00,,,,,,,,0.56,0.56,,0.0,0,False
2026-03-11 08:20:30+00:00,,,,,,,,0.56,0.56,,0.0,0,False
2026-03-11 08:21:00+00:00,,,,,,,,0.56,0.56,,0.0,0,False
2026-03-11 08:21:30+00:00,,,,,,,,0.56,0.56,,0.0,0,False
2026-03-11 08:22:00+00:00,,,,,,,,0.56,0.56,,0.0,0,False
2026-03-11 08:22:30+00:00,,,,,,,,0.56,0.56,,0.0,0,False
2026-03-11 08:23:00+00:00,,,,,,,,0.56,0.56,,0.0,0,False
2026-03-11 08:23:30+00:00,,,,,,,,0.56,0.56,,0.0,0,False
2026-03-11 08:24:00+00:00,,,,,,,,0.56,0.56,,0.0,0,False
2026-03-11 08:24:30+00:00,,,,,,,,0.56,0.56,,0.0,0,False
2026-03-11 08:25:00+00:00,,,,,,,,0.56,0.56,,0.0,0,False
2026-03-11 08:25:30+00:00,,,,,,,,0.56,0.56,,0.0,0,False
2026-03-11 08:26:00+00:00,,,,,,,,0.56,0.56,,0.0,0,False
2026-03-11 08:26:30+00:00,,,,,,,,0.56,0.56,,0.0,0,False
2026-03-11 08:27:00+00:00,,,,,,,,0.57,0.57,,1.0,1,False
2026-03-11 08:27:30+00:00,,,,,,,,0.57,0.57,,0.0,0,False
2026-03-11 08:28:00+00:00,,,,,,,,0.57,0.57,,0.0,0,False
2026-03-11 08:28:30+00:00,,,,,,,,0.57,0.57,,0.0,0,False
2026-03-11 08:29:00+00:00,,,,,,,,0.57,0.57,,0.0,0,False
2026-03-11 08:29:30+00:00,,,,,,,,0.57,0.57,,0.0,0,False
2026-03-11 08:30:00+00:00,,,,,,,,0.57,0.57,,0.0,0,False
2026-03-11 08:30:30+00:00,,,,,,,,0.57,0.57,,0.0,0,False
2026-03-11 08:31:00+00:00,,,,,,,,0.57,0.57,,0.0,0,False
2026-03-11 08:31:30+00:00,,,,,,,,0.57,0.57,,0.0,0,False
2026-03-11 08:32:00+00:00,,,,,,,,0.57,0.57,,0.0,0,False
2026-03-11 08:32:30+00:00,,,,,,,,0.57,0.57,,0.0,0,False
2026-03-11 08:33:00+00:00,,,,,,,,0.57,0.57,,0.0,0,False
2026-03-11 08:33:30+00:00,,,,,,,,0.57,0.57,,0.0,0,False
2026-03-11 08:34:00+00:00,,,,,,,,0.57,0.57,,0.0,0,False
2026-03-11 08:34:30+00:00,,,,,,,,0.57,0.57,,0.0,0,False
2026-03-11 08:35:00+00:00,,,,,,,,0.57,0.57,,0.0,0,False
2026-03-11 08:35:30+00:00,,,,,,,,0.57,0.57,,0.0,0,False
2026-03-11 08:36:00+00:00,,,,,,,,0.57,0.57,,0.0,0,False
2026-03-11 08:36:30+00:00,,,,,,,,0.55,0.55,,94.0,2,False
2026-03-11 08:37:00+00:00,,,,,,,,0.55,0.55,,0.0,0,False
2026-03-11 08:37:30+00:00,,,,,,,,0.55,0.55,,0.0,0,False
2026-03-11 08:38:00+00:00,,,,,,,,0.55,0.55,,0.0,0,False
2026-03-11 08:38:30+00:00,,,,,,,,0.55,0.55,,0.0,0,False
2026-03-11 08:39:00+00:00,,,,,,,,0.55,0.55,,0.0,0,False
2026-03-11 08:39:30+00:00,,,,,,,,0.55,0.55,,0.0,0,False
2026-03-11 08:40:00+00:00,,,,,,,,0.55,0.55,,0.0,0,False
2026-03-11 08:40:30+00:00,,,,,,,,0.55,0.55,,0.0,0,False
2026-03-11 08:41:00+00:00,,,,,,,,0.57,0.57,,34.0,1,False
2026-03-11 08:41:30+00:00,,,,,,,,0.57,0.57,,0.0,0,False
2026-03-11 08:42:00+00:00,,,,,,,,0.57,0.57,,0.0,0,False
2026-03-11 08:42:30+00:00,,,,,,,,0.57,0.57,,0.0,0,False
2026-03-11 08:43:00+00:00,,,,,,,,0.57,0.57,,0.0,0,False
2026-03-11 08:43:30+00:00,,,,,,,,0.57,0.57,,0.0,0,False
2026-03-11 08:44:00+00:00,,,,,,,,0.57,0.57,,0.0,0,False
2026-03-11 08:44:30+00:00,,,,,,,,0.57,0.57,,0.0,0,False
2026-03-11 08:45:00+00:00,,,,,,,,0.57,0.57,,0.0,0,False
2026-03-11 08:45:30+00:00,,,,,,,,0.57,0.57,,0.0,0,False
2026-03-11 08:46:00+00:00,,,,,,,,0.57,0.57,,0.0,0,False
2026-03-11 08:46:30+00:00,,,,,,,,0.57,0.57,,0.0,0,False
2026-03-11 08:47:00+00:00,,,,,,,,0.57,0.57,,0.0,0,False
2026-03-11 08:47:30+00:00,,,,,,,,0.57,0.57,,0.0,0,False
2026-03-11 08:48:00+00:00,,,,,,,,0.57,0.57,,0.0,0,False
2026-03-11 08:48:30+00:00,,,,,,,,0.57,0.57,,0.0,0,False
2026-03-11 08:49:00+00:00,,,,,,,,0.57,0.57,,0.0,0,False
2026-03-11 08:49:30+00:00,,,,,,,,0.57,0.57,,0.0,0,False
2026-03-11 08:50:00+00:00,,,,,,,,0.57,0.57,,0.0,0,False
2026-03-11 08:50:30+00:00,,,,,,,,0.57,0.57,,0.0,0,False
2026-03-11 08:51:00+00:00,,,,,,,,0.57,0.57,,0.0,0,False
2026-03-11 08:51:30+00:00,,,,,,,,0.57,0.57,,0.0,0,False
2026-03-11 08:52:00+00:00,,,,,,,,0.57,0.57,,0.0,0,False
2026-03-11 08:52:30+00:00,,,,,,,,0.56,0.56,,21.0,1,False
2026-03-11 08:53:00+00:00,,,,,,,,0.56,0.56,,0.0,0,False
2026-03-11 08:53:30+00:00,,,,,,,,0.56,0.56,,0.0,0,False
2026-03-11 08:54:00+00:00,,,,,,,,0.56,0.56,,0.0,0,False
2026-03-11 08:54:30+00:00,,,,,,,,0.56,0.56,,0.0,0,False
2026-03-11 08:55:00+00:00,,,,,,,,0.56,0.56,,0.0,0,False
2026-03-11 08:55:30+00:00,,,,,,,,0.56,0.56,,0.0,0,False
2026-03-11 08:56:00+00:00,,,,,,,,0.58,0.58,,8.0,1,False
2026-03-11 08:56:30+00:00,,,,,,,,0.58,0.58,,0.0,0,False
2026-03-11 08:57:00+00:00,,,,,,,,0.58,0.58,,0.0,0,False
2026-03-11 08:57:30+00:00,,,,,,,,0.58,0.58,,0.0,0,False
2026-03-11 08:58:00+00:00,,,,,,,,0.58,0.58,,0.0,0,False
2026-03-11 08:58:30+00:00,,,,,,,,0.58,0.58,,0.0,0,False
2026-03-11 08:59:00+00:00,,,,,,,,0.58,0.58,,0.0,0,False
2026-03-11 08:59:30+00:00,,,,,,,,0.58,0.58,,0.0,0,False
2026-03-11 09:00:00+00:00,,,,,,,,0.58,0.58,,0.0,0,False
2026-03-11 09:00:30+00:00,,,,,,,,0.58,0.58,,0.0,0,False
2026-03-11 09:01:00+00:00,,,,,,,,0.58,0.58,,0.0,0,False
2026-03-11 09:01:30+00:00,,,,,,,,0.58,0.58,,0.0,0,False
2026-03-11 09:02:00+00:00,,,,,,,,0.58,0.58,,0.0,0,False
2026-03-11 09:02:30+00:00,,,,,,,,0.58,0.58,,0.0,0,False
2026-03-11 09:03:00+00:00,,,,,,,,0.58,0.58,,0.0,0,False
2026-03-11 09:03:30+00:00,,,,,,,,0.58,0.58,,0.0,0,False
2026-03-11 09:04:00+00:00,,,,,,,,0.58,0.58,,0.0,0,False
2026-03-11 09:04:30+00:00,,,,,,,,0.58,0.58,,0.0,0,False
2026-03-11 09:05:00+00:00,,,,,,,,0.58,0.58,,0.0,0,False
2026-03-11 09:05:30+00:00,,,,,,,,0.58,0.58,,0.0,0,False
2026-03-11 09:06:00+00:00,,,,,,,,0.58,0.58,,0.0,0,False
2026-03-11 09:06:30+00:00,,,,,,,,0.58,0.58,,0.0,0,False
2026-03-11 09:07:00+00:00,,,,,,,,0.58,0.58,,0.0,0,False
2026-03-11 09:07:30+00:00,,,,,,,,0.58,0.58,,0.0,0,False
2026-03-11 09:08:00+00:00,,,,,,,,0.58,0.58,,0.0,0,False
2026-03-11 09:08:30+00:00,,,,,,,,0.58,0.58,,0.0,0,False
2026-03-11 09:09:00+00:00,,,,,,,,0.58,0.58,,0.0,0,False
2026-03-11 09:09:30+00:00,,,,,,,,0.58,0.58,,0.0,0,False
2026-03-11 09:10:00+00:00,,,,,,,,0.58,0.58,,0.0,0,False
2026-03-11 09:10:30+00:00,,,,,,,,0.58,0.58,,0.0,0,False
2026-03-11 09:11:00+00:00,,,,,,,,0.58,0.58,,0.0,0,False
2026-03-11 09:11:30+00:00,,,,,,,,0.58,0.58,,0.0,0,False
2026-03-11 09:12:00+00:00,,,,,,,,0.58,0.58,,39.0,1,False
2026-03-11 09:12:30+00:00,,,,,,,,0.58,0.58,,0.0,0,False
2026-03-11 09:13:00+00:00,,,,,,,,0.58,0.58,,0.0,0,False
2026-03-11 09:13:30+00:00,,,,,,,,0.58,0.58,,0.0,0,False
2026-03-11 09:14:00+00:00,,,,,,,,0.58,0.58,,0.0,0,False
2026-03-11 09:14:30+00:00,,,,,,,,0.58,0.58,,0.0,0,False
2026-03-11 09:15:00+00:00,,,,,,,,0.58,0.58,,0.0,0,False
2026-03-11 09:15:30+00:00,,,,,,,,0.58,0.58,,15.0,1,False
2026-03-11 09:16:00+00:00,,,,,,,,0.58,0.58,,0.0,0,False
2026-03-11 09:16:30+00:00,,,,,,,,0.58,0.58,,0.0,0,False
2026-03-11 09:17:00+00:00,,,,,,,,0.58,0.58,,0.0,0,False
2026-03-11 09:17:30+00:00,,,,,,,,0.58,0.58,,0.0,0,False
2026-03-11 09:18:00+00:00,,,,,,,,0.58,0.58,,0.0,0,False
2026-03-11 09:18:30+00:00,,,,,,,,0.58,0.58,,0.0,0,False
2026-03-11 09:19:00+00:00,,,,,,,,0.58,0.58,,0.0,0,False
2026-03-11 09:19:30+00:00,,,,,,,,0.58,0.58,,0.0,0,False
2026-03-11 09:20:00+00:00,,,,,,,,0.58,0.58,,0.0,0,False
2026-03-11 09:20:30+00:00,,,,,,,,0.58,0.58,,0.0,0,False
2026-03-11 09:21:00+00:00,,,,,,,,0.58,0.58,,0.0,0,False
2026-03-11 09:21:30+00:00,,,,,,,,0.58,0.58,,0.0,0,False
2026-03-11 09:22:00+00:00,,,,,,,,0.58,0.58,,0.0,0,False
2026-03-11 09:22:30+00:00,,,,,,,,0.58,0.58,,0.0,0,False
2026-03-11 09:23:00+00:00,,,,,,,,0.58,0.58,,0.0,0,False
2026-03-11 09:23:30+00:00,,,,,,,,0.58,0.58,,0.0,0,False
2026-03-11 09:24:00+00:00,,,,,,,,0.58,0.58,,0.0,0,False
2026-03-11 09:24:30+00:00,,,,,,,,0.58,0.58,,0.0,0,False
2026-03-11 09:25:00+00:00,,,,,,,,0.58,0.58,,0.0,0,False
2026-03-11 09:25:30+00:00,,,,,,,,0.58,0.58,,0.0,0,False
2026-03-11 09:26:00+00:00,,,,,,,,0.58,0.58,,0.0,0,False
2026-03-11 09:26:30+00:00,,,,,,,,0.58,0.58,,0.0,0,False
2026-03-11 09:27:00+00:00,,,,,,,,0.58,0.58,,0.0,0,False
2026-03-11 09:27:30+00:00,,,,,,,,0.58,0.58,,0.0,0,False
2026-03-11 09:28:00+00:00,,,,,,,,0.58,0.58,,0.0,0,False
2026-03-11 09:28:30+00:00,,,,,,,,0.58,0.58,,0.0,0,False
2026-03-11 09:29:00+00:00,,,,,,,,0.58,0.58,,0.0,0,False
2026-03-11 09:29:30+00:00,,,,,,,,0.58,0.58,,0.0,0,False
2026-03-11 09:30:00+00:00,,,,,,,,0.58,0.58,,0.0,0,False
2026-03-11 09:30:30+00:00,,,,,,,,0.58,0.58,,0.0,0,False
2026-03-11 09:31:00+00:00,,,,,,,,0.58,0.58,,0.0,0,False
2026-03-11 09:31:30+00:00,,,,,,,,0.58,0.58,,0.0,0,False
2026-03-11 09:32:00+00:00,,,,,,,,0.58,0.58,,0.0,0,False
2026-03-11 09:32:30+00:00,,,,,,,,0.58,0.58,,0.0,0,False
2026-03-11 09:33:00+00:00,,,,,,,,0.58,0.58,,0.0,0,False
2026-03-11 09:33:30+00:00,,,,,,,,0.58,0.58,,0.0,0,False
2026-03-11 09:34:00+00:00,,,,,,,,0.58,0.58,,0.0,0,False
2026-03-11 09:34:30+00:00,,,,,,,,0.58,0.58,,0.0,0,False
2026-03-11 09:35:00+00:00,,,,,,,,0.58,0.58,,0.0,0,False
2026-03-11 09:35:30+00:00,,,,,,,,0.58,0.58,,0.0,0,False
2026-03-11 09:36:00+00:00,,,,,,,,0.58,0.58,,0.0,0,False
2026-03-11 09:36:30+00:00,,,,,,,,0.58,0.58,,0.0,0,False
2026-03-11 09:37:00+00:00,,,,,,,,0.58,0.58,,0.0,0,False
2026-03-11 09:37:30+00:00,,,,,,,,0.58,0.58,,0.0,0,False
2026-03-11 09:38:00+00:00,,,,,,,,0.58,0.58,,0.0,0,False
2026-03-11 09:38:30+00:00,,,,,,,,0.58,0.58,,0.0,0,False
2026-03-11 09:39:00+00:00,,,,,,,,0.58,0.58,,0.0,0,False
2026-03-11 09:39:30+00:00,,,,,,,,0.58,0.58,,0.0,0,False
2026-03-11 09:40:00+00:00,,,,,,,,0.58,0.58,,0.0,0,False
2026-03-11 09:40:30+00:00,,,,,,,,0.58,0.58,,0.0,0,False
2026-03-11 09:41:00+00:00,,,,,,,,0.58,0.58,,0.0,0,False
2026-03-11 09:41:30+00:00,,,,,,,,0.58,0.58,,0.0,0,False
2026-03-11 09:42:00+00:00,,,,,,,,0.58,0.58,,0.0,0,False
2026-03-11 09:42:30+00:00,,,,,,,,0.58,0.58,,0.0,0,False
2026-03-11 09:43:00+00:00,,,,,,,,0.58,0.58,,0.0,0,False
2026-03-11 09:43:30+00:00,,,,,,,,0.58,0.58,,0.0,0,False
2026-03-11 09:44:00+00:00,,,,,,,,0.58,0.58,,0.0,0,False
2026-03-11 09:44:30+00:00,,,,,,,,0.58,0.58,,0.0,0,False
2026-03-11 09:45:00+00:00,,,,,,,,0.58,0.58,,0.0,0,False
2026-03-11 09:45:30+00:00,,,,,,,,0.58,0.58,,0.0,0,False
2026-03-11 09:46:00+00:00,,,,,,,,0.58,0.58,,0.0,0,False
2026-03-11 09:46:30+00:00,,,,,,,,0.58,0.58,,0.0,0,False
2026-03-11 09:47:00+00:00,,,,,,,,0.58,0.58,,0.0,0,False
2026-03-11 09:47:30+00:00,,,,,,,,0.58,0.58,,0.0,0,False
2026-03-11 09:48:00+00:00,,,,,,,,0.58,0.58,,0.0,0,False
2026-03-11 09:48:30+00:00,,,,,,,,0.58,0.58,,0.0,0,False
2026-03-11 09:49:00+00:00,,,,,,,,0.58,0.58,,0.0,0,False
2026-03-11 09:49:30+00:00,,,,,,,,0.58,0.58,,0.0,0,False
2026-03-11 09:50:00+00:00,,,,,,,,0.58,0.58,,0.0,0,False
2026-03-11 09:50:30+00:00,,,,,,,,0.58,0.58,,0.0,0,False
2026-03-11 09:51:00+00:00,,,,,,,,0.58,0.58,,0.0,0,False
2026-03-11 09:51:30+00:00,,,,,,,,0.58,0.58,,0.0,0,False
2026-03-11 09:52:00+00:00,,,,,,,,0.58,0.58,,0.0,0,False
2026-03-11 09:52:30+00:00,,,,,,,,0.58,0.58,,0.0,0,False
2026-03-11 09:53:00+00:00,,,,,,,,0.58,0.58,,0.0,0,False
2026-03-11 09:53:30+00:00,,,,,,,,0.58,0.58,,0.0,0,False
2026-03-11 09:54:00+00:00,,,,,,,,0.58,0.58,,0.0,0,False
2026-03-11 09:54:30+00:00,,,,,,,,0.58,0.58,,0.0,0,False
2026-03-11 09:55:00+00:00,,,,,,,,0.58,0.58,,0.0,0,False
2026-03-11 09:55:30+00:00,,,,,,,,0.58,0.58,,0.0,0,False
2026-03-11 09:56:00+00:00,,,,,,,,0.58,0.58,,0.0,0,False
2026-03-11 09:56:30+00:00,,,,,,,,0.58,0.58,,0.0,0,False
2026-03-11 09:57:00+00:00,,,,,,,,0.58,0.58,,0.0,0,False
2026-03-11 09:57:30+00:00,,,,,,,,0.58,0.58,,0.0,0,False
2026-03-11 09:58:00+00:00,,,,,,,,0.58,0.58,,0.0,0,False
2026-03-11 09:58:30+00:00,,,,,,,,0.58,0.58,,0.0,0,False
2026-03-11 09:59:00+00:00,,,,,,,,0.58,0.58,,0.0,0,False
2026-03-11 09:59:30+00:00,,,,,,,,0.58,0.58,,0.0,0,False
2026-03-11 10:00:00+00:00,,,,,,,,0.58,0.58,,0.0,0,False
2026-03-11 10:00:30+00:00,,,,,,,,0.58,0.58,,0.0,0,False
2026-03-11 10:01:00+00:00,,,,,,,,0.58,0.58,,0.0,0,False
2026-03-11 10:01:30+00:00,,,,,,,,0.58,0.58,,0.0,0,False
2026-03-11 10:02:00+00:00,,,,,,,,0.58,0.58,,0.0,0,False
2026-03-11 10:02:30+00:00,,,,,,,,0.58,0.58,,0.0,0,False
2026-03-11 10:03:00+00:00,,,,,,,,0.58,0.58,,0.0,0,False
2026-03-11 10:03:30+00:00,,,,,,,,0.58,0.58,,0.0,0,False
2026-03-11 10:04:00+00:00,,,,,,,,0.58,0.58,,0.0,0,False
2026-03-11 10:04:30+00:00,,,,,,,,0.58,0.58,,0.0,0,False
2026-03-11 10:05:00+00:00,,,,,,,,0.58,0.58,,0.0,0,False
2026-03-11 10:05:30+00:00,,,,,,,,0.58,0.58,,0.0,0,False
2026-03-11 10:06:00+00:00,,,,,,,,0.58,0.58,,0.0,0,False
2026-03-11 10:06:30+00:00,,,,,,,,0.58,0.58,,0.0,0,False
2026-03-11 10:07:00+00:00,,,,,,,,0.58,0.58,,0.0,0,False
2026-03-11 10:07:30+00:00,,,,,,,,0.58,0.58,,0.0,0,False
2026-03-11 10:08:00+00:00,,,,,,,,0.58,0.58,,0.0,0,False
2026-03-11 10:08:30+00:00,,,,,,,,0.58,0.58,,0.0,0,False
2026-03-11 10:09:00+00:00,,,,,,,,0.58,0.58,,0.0,0,False
2026-03-11 10:09:30+00:00,,,,,,,,0.58,0.58,,0.0,0,False
2026-03-11 10:10:00+00:00,,,,,,,,0.58,0.58,,0.0,0,False
2026-03-11 10:10:30+00:00,,,,,,,,0.58,0.58,,0.0,0,False
2026-03-11 10:11:00+00:00,,,,,,,,0.58,0.58,,0.0,0,False
2026-03-11 10:11:30+00:00,,,,,,,,0.58,0.58,,0.0,0,False
2026-03-11 10:12:00+00:00,,,,,,,,0.58,0.58,,0.0,0,False
2026-03-11 10:12:30+00:00,,,,,,,,0.582,0.59,,15.0,2,False
2026-03-11 10:13:00+00:00,,,,,,,,0.582,0.59,,0.0,0,False
2026-03-11 10:13:30+00:00,,,,,,,,0.582,0.59,,0.0,0,False
2026-03-11 10:14:00+00:00,,,,,,,,0.582,0.59,,0.0,0,False
2026-03-11 10:14:30+00:00,,,,,,,,0.582,0.59,,0.0,0,False
2026-03-11 10:15:00+00:00,,,,,,,,0.582,0.59,,0.0,0,False
2026-03-11 10:15:30+00:00,,,,,,,,0.582,0.59,,0.0,0,False
2026-03-11 10:16:00+00:00,,,,,,,,0.582,0.59,,0.0,0,False
2026-03-11 10:16:30+00:00,,,,,,,,0.582,0.59,,0.0,0,False
2026-03-11 10:17:00+00:00,,,,,,,,0.582,0.59,,0.0,0,False
2026-03-11 10:17:30+00:00,,,,,,,,0.582,0.59,,0.0,0,False
2026-03-11 10:18:00+00:00,,,,,,,,0.582,0.59,,0.0,0,False
2026-03-11 10:18:30+00:00,,,,,,,,0.582,0.59,,0.0,0,False
2026-03-11 10:19:00+00:00,,,,,,,,0.582,0.59,,0.0,0,False
2026-03-11 10:19:30+00:00,,,,,,,,0.56,0.56,,2.0,1,False
2026-03-11 10:20:00+00:00,,,,,,,,0.56,0.56,,9.0,1,False
2026-03-11 10:20:30+00:00,,,,,,,,0.56,0.56,,18.0,2,False
2026-03-11 10:21:00+00:00,,,,,,,,0.56,0.56,,0.0,0,False
2026-03-11 10:21:30+00:00,,,,,,,,0.56,0.56,,0.0,0,False
2026-03-11 10:22:00+00:00,,,,,,,,0.56,0.56,,10.0,1,False
2026-03-11 10:22:30+00:00,,,,,,,,0.56,0.56,,0.0,0,False
2026-03-11 10:23:00+00:00,,,,,,,,0.5981481481481481,0.5900000000000001,,27.0,2,False
2026-03-11 10:23:30+00:00,,,,,,,,0.5981481481481481,0.5900000000000001,,0.0,0,False
2026-03-11 10:24:00+00:00,,,,,,,,0.5981481481481481,0.5900000000000001,,0.0,0,False
2026-03-11 10:24:30+00:00,,,,,,,,0.5981481481481481,0.5900000000000001,,0.0,0,False
2026-03-11 10:25:00+00:00,,,,,,,,0.5981481481481481,0.5900000000000001,,0.0,0,False
2026-03-11 10:25:30+00:00,,,,,,,,0.5981481481481481,0.5900000000000001,,0.0,0,False
2026-03-11 10:26:00+00:00,,,,,,,,0.5981481481481481,0.5900000000000001,,0.0,0,False
2026-03-11 10:26:30+00:00,,,,,,,,0.5981481481481481,0.5900000000000001,,0.0,0,False
2026-03-11 10:27:00+00:00,,,,,,,,0.5981481481481481,0.5900000000000001,,0.0,0,False
2026-03-11 10:27:30+00:00,,,,,,,,0.5981481481481481,0.5900000000000001,,0.0,0,False
2026-03-11 10:28:00+00:00,,,,,,,,0.5981481481481481,0.5900000000000001,,0.0,0,False
2026-03-11 10:28:30+00:00,,,,,,,,0.5981481481481481,0.5900000000000001,,0.0,0,False
2026-03-11 10:29:00+00:00,,,,,,,,0.5981481481481481,0.5900000000000001,,0.0,0,False
2026-03-11 10:29:30+00:00,,,,,,,,0.5981481481481481,0.5900000000000001,,0.0,0,False
2026-03-11 10:30:00+00:00,,,,,,,,0.5981481481481481,0.5900000000000001,,0.0,0,False
2026-03-11 10:30:30+00:00,,,,,,,,0.5981481481481481,0.5900000000000001,,0.0,0,False
2026-03-11 10:31:00+00:00,,,,,,,,0.5981481481481481,0.5900000000000001,,0.0,0,False
2026-03-11 10:31:30+00:00,,,,,,,,0.5981481481481481,0.5900000000000001,,0.0,0,False
2026-03-11 10:32:00+00:00,,,,,,,,0.5981481481481481,0.5900000000000001,,0.0,0,False
2026-03-11 10:32:30+00:00,,,,,,,,0.5981481481481481,0.5900000000000001,,0.0,0,False
2026-03-11 10:33:00+00:00,,,,,,,,0.5981481481481481,0.5900000000000001,,0.0,0,False
2026-03-11 10:33:30+00:00,,,,,,,,0.5981481481481481,0.5900000000000001,,0.0,0,False
2026-03-11 10:34:00+00:00,,,,,,,,0.5981481481481481,0.5900000000000001,,0.0,0,False
2026-03-11 10:34:30+00:00,,,,,,,,0.5981481481481481,0.5900000000000001,,0.0,0,False
2026-03-11 10:35:00+00:00,,,,,,,,0.5981481481481481,0.5900000000000001,,0.0,0,False
2026-03-11 10:35:30+00:00,,,,,,,,0.5981481481481481,0.5900000000000001,,0.0,0,False
2026-03-11 10:36:00+00:00,,,,,,,,0.5981481481481481,0.5900000000000001,,0.0,0,False
2026-03-11 10:36:30+00:00,,,,,,,,0.5981481481481481,0.5900000000000001,,0.0,0,False
2026-03-11 10:37:00+00:00,,,,,,,,0.5981481481481481,0.5900000000000001,,0.0,0,False
2026-03-11 10:37:30+00:00,,,,,,,,0.5981481481481481,0.5900000000000001,,0.0,0,False
2026-03-11 10:38:00+00:00,,,,,,,,0.5981481481481481,0.5900000000000001,,0.0,0,False
2026-03-11 10:38:30+00:00,,,,,,,,0.5981481481481481,0.5900000000000001,,0.0,0,False
2026-03-11 10:39:00+00:00,,,,,,,,0.5981481481481481,0.5900000000000001,,0.0,0,False
2026-03-11 10:39:30+00:00,,,,,,,,0.5981481481481481,0.5900000000000001,,0.0,0,False
2026-03-11 10:40:00+00:00,,,,,,,,0.5981481481481481,0.5900000000000001,,0.0,0,False
2026-03-11 10:40:30+00:00,,,,,,,,0.5981481481481481,0.5900000000000001,,0.0,0,False
2026-03-11 10:41:00+00:00,,,,,,,,0.5981481481481481,0.5900000000000001,,0.0,0,False
2026-03-11 10:41:30+00:00,,,,,,,,0.5981481481481481,0.5900000000000001,,0.0,0,False
2026-03-11 10:42:00+00:00,,,,,,,,0.5981481481481481,0.5900000000000001,,0.0,0,False
2026-03-11 10:42:30+00:00,,,,,,,,0.56,0.56,,20.0,1,False
2026-03-11 10:43:00+00:00,,,,,,,,0.56,0.56,,0.0,0,False
2026-03-11 10:43:30+00:00,,,,,,,,0.5600000000000002,0.56,,500.0,2,False
2026-03-11 10:44:00+00:00,,,,,,,,0.5600000000000002,0.56,,255.0,4,False
2026-03-11 10:44:30+00:00,,,,,,,,0.55,0.55,,9.0,1,False
2026-03-11 10:45:00+00:00,,,,,,,,0.55,0.55,,0.0,0,False
2026-03-11 10:45:30+00:00,,,,,,,,0.55,0.55,,0.0,0,False
2026-03-11 10:46:00+00:00,,,,,,,,0.55,0.55,,0.0,0,False
2026-03-11 10:46:30+00:00,,,,,,,,0.55,0.55,,0.0,0,False
2026-03-11 10:47:00+00:00,,,,,,,,0.55,0.55,,0.0,0,False
2026-03-11 10:47:30+00:00,,,,,,,,0.55,0.55,,0.0,0,False
2026-03-11 10:48:00+00:00,,,,,,,,0.55,0.55,,0.0,0,False
2026-03-11 10:48:30+00:00,,,,,,,,0.55,0.55,,0.0,0,False
2026-03-11 10:49:00+00:00,,,,,,,,0.55,0.55,,0.0,0,False
2026-03-11 10:49:30+00:00,,,,,,,,0.55,0.55,,0.0,0,False
2026-03-11 10:50:00+00:00,,,,,,,,0.55,0.55,,0.0,0,False
2026-03-11 10:50:30+00:00,,,,,,,,0.55,0.55,,0.0,0,False
2026-03-11 10:51:00+00:00,,,,,,,,0.55,0.55,,0.0,0,False
2026-03-11 10:51:30+00:00,,,,,,,,0.55,0.55,,0.0,0,False
2026-03-11 10:52:00+00:00,,,,,,,,0.55,0.55,,0.0,0,False
2026-03-11 10:52:30+00:00,,,,,,,,0.5700000000000001,0.5700000000000001,,8.0,1,False
2026-03-11 10:53:00+00:00,,,,,,,,0.5700000000000001,0.5700000000000001,,0.0,0,False
2026-03-11 10:53:30+00:00,,,,,,,,0.5700000000000001,0.5700000000000001,,0.0,0,False
2026-03-11 10:54:00+00:00,,,,,,,,0.5700000000000001,0.5700000000000001,,0.0,0,False
2026-03-11 10:54:30+00:00,,,,,,,,0.5700000000000001,0.5700000000000001,,0.0,0,False
2026-03-11 10:55:00+00:00,,,,,,,,0.5700000000000001,0.5700000000000001,,0.0,0,False
2026-03-11 10:55:30+00:00,,,,,,,,0.5700000000000001,0.5700000000000001,,0.0,0,False
2026-03-11 10:56:00+00:00,,,,,,,,0.5700000000000001,0.5700000000000001,,0.0,0,False
2026-03-11 10:56:30+00:00,,,,,,,,0.5700000000000001,0.5700000000000001,,0.0,0,False
2026-03-11 10:57:00+00:00,,,,,,,,0.5700000000000001,0.5700000000000001,,0.0,0,False
2026-03-11 10:57:30+00:00,,,,,,,,0.5700000000000001,0.5700000000000001,,0.0,0,False
2026-03-11 10:58:00+00:00,,,,,,,,0.5700000000000001,0.5700000000000001,,0.0,0,False
2026-03-11 10:58:30+00:00,,,,,,,,0.5700000000000001,0.5700000000000001,,0.0,0,False
2026-03-11 10:59:00+00:00,,,,,,,,0.5700000000000001,0.5700000000000001,,0.0,0,False
2026-03-11 10:59:30+00:00,,,,,,,,0.5700000000000001,0.5700000000000001,,0.0,0,False
2026-03-11 11:00:00+00:00,,,,,,,,0.5700000000000001,0.5700000000000001,,0.0,0,False
2026-03-11 11:00:30+00:00,,,,,,,,0.5700000000000001,0.5700000000000001,,0.0,0,False
2026-03-11 11:01:00+00:00,,,,,,,,0.5700000000000001,0.5700000000000001,,0.0,0,False
2026-03-11 11:01:30+00:00,,,,,,,,0.5700000000000001,0.5700000000000001,,0.0,0,False
2026-03-11 11:02:00+00:00,,,,,,,,0.5700000000000001,0.5700000000000001,,0.0,0,False
2026-03-11 11:02:30+00:00,,,,,,,,0.5700000000000001,0.5700000000000001,,0.0,0,False
2026-03-11 11:03:00+00:00,,,,,,,,0.5700000000000001,0.5700000000000001,,0.0,0,False
2026-03-11 11:03:30+00:00,,,,,,,,0.5700000000000001,0.5700000000000001,,0.0,0,False
2026-03-11 11:04:00+00:00,,,,,,,,0.5700000000000001,0.5700000000000001,,0.0,0,False
2026-03-11 11:04:30+00:00,,,,,,,,0.5700000000000001,0.5700000000000001,,0.0,0,False
2026-03-11 11:05:00+00:00,,,,,,,,0.5700000000000001,0.5700000000000001,,0.0,0,False
2026-03-11 11:05:30+00:00,,,,,,,,0.5700000000000001,0.5700000000000001,,0.0,0,False
2026-03-11 11:06:00+00:00,,,,,,,,0.5700000000000001,0.5700000000000001,,0.0,0,False
2026-03-11 11:06:30+00:00,,,,,,,,0.5700000000000001,0.5700000000000001,,0.0,0,False
2026-03-11 11:07:00+00:00,,,,,,,,0.5700000000000001,0.5700000000000001,,0.0,0,False
2026-03-11 11:07:30+00:00,,,,,,,,0.5700000000000001,0.5700000000000001,,0.0,0,False
2026-03-11 11:08:00+00:00,,,,,,,,0.5700000000000001,0.5700000000000001,,0.0,0,False
2026-03-11 11:08:30+00:00,,,,,,,,0.5700000000000001,0.5700000000000001,,0.0,0,False
2026-03-11 11:09:00+00:00,,,,,,,,0.5700000000000001,0.5700000000000001,,0.0,0,False
2026-03-11 11:09:30+00:00,,,,,,,,0.5700000000000001,0.5700000000000001,,0.0,0,False
2026-03-11 11:10:00+00:00,,,,,,,,0.5700000000000001,0.5700000000000001,,0.0,0,False
2026-03-11 11:10:30+00:00,,,,,,,,0.5700000000000001,0.5700000000000001,,0.0,0,False
2026-03-11 11:11:00+00:00,,,,,,,,0.5700000000000001,0.5700000000000001,,0.0,0,False
2026-03-11 11:11:30+00:00,,,,,,,,0.5700000000000001,0.5700000000000001,,0.0,0,False
2026-03-11 11:12:00+00:00,,,,,,,,0.5700000000000001,0.5700000000000001,,0.0,0,False
2026-03-11 11:12:30+00:00,,,,,,,,0.5700000000000001,0.5700000000000001,,0.0,0,False
2026-03-11 11:13:00+00:00,,,,,,,,0.5700000000000001,0.5700000000000001,,0.0,0,False
2026-03-11 11:13:30+00:00,,,,,,,,0.5700000000000001,0.5700000000000001,,0.0,0,False
2026-03-11 11:14:00+00:00,,,,,,,,0.5700000000000001,0.5700000000000001,,0.0,0,False
2026-03-11 11:14:30+00:00,,,,,,,,0.5700000000000001,0.5700000000000001,,0.0,0,False
2026-03-11 11:15:00+00:00,,,,,,,,0.5700000000000001,0.5700000000000001,,0.0,0,False
2026-03-11 11:15:30+00:00,,,,,,,,0.55,0.55,,176.0,2,False
2026-03-11 11:16:00+00:00,,,,,,,,0.55,0.55,,0.0,0,False
2026-03-11 11:16:30+00:00,,,,,,,,0.55,0.55,,0.0,0,False
2026-03-11 11:17:00+00:00,,,,,,,,0.55,0.55,,0.0,0,False
2026-03-11 11:17:30+00:00,,,,,,,,0.55,0.55,,0.0,0,False
2026-03-11 11:18:00+00:00,,,,,,,,0.55,0.55,,0.0,0,False
2026-03-11 11:18:30+00:00,,,,,,,,0.55,0.55,,0.0,0,False
2026-03-11 11:19:00+00:00,,,,,,,,0.55,0.55,,0.0,0,False
2026-03-11 11:19:30+00:00,,,,,,,,0.55,0.55,,0.0,0,False
2026-03-11 11:20:00+00:00,,,,,,,,0.55,0.55,,0.0,0,False
2026-03-11 11:20:30+00:00,,,,,,,,0.55,0.55,,0.0,0,False
2026-03-11 11:21:00+00:00,,,,,,,,0.55,0.55,,0.0,0,False
2026-03-11 11:21:30+00:00,,,,,,,,0.55,0.55,,0.0,0,False
2026-03-11 11:22:00+00:00,,,,,,,,0.55,0.55,,0.0,0,False
2026-03-11 11:22:30+00:00,,,,,,,,0.55,0.55,,0.0,0,False
2026-03-11 11:23:00+00:00,,,,,,,,0.55,0.55,,0.0,0,False
2026-03-11 11:23:30+00:00,,,,,,,,0.55,0.55,,0.0,0,False
2026-03-11 11:24:00+00:00,,,,,,,,0.55,0.55,,0.0,0,False
2026-03-11 11:24:30+00:00,,,,,,,,0.55,0.55,,0.0,0,False
2026-03-11 11:25:00+00:00,,,,,,,,0.55,0.55,,0.0,0,False
2026-03-11 11:25:30+00:00,,,,,,,,0.55,0.55,,0.0,0,False
2026-03-11 11:26:00+00:00,,,,,,,,0.55,0.55,,0.0,0,False
2026-03-11 11:26:30+00:00,,,,,,,,0.55,0.55,,0.0,0,False
2026-03-11 11:27:00+00:00,,,,,,,,0.55,0.55,,0.0,0,False
2026-03-11 11:27:30+00:00,,,,,,,,0.55,0.55,,0.0,0,False
2026-03-11 11:28:00+00:00,,,,,,,,0.55,0.55,,0.0,0,False
2026-03-11 11:28:30+00:00,,,,,,,,0.55,0.55,,0.0,0,False
2026-03-11 11:29:00+00:00,,,,,,,,0.55,0.55,,0.0,0,False
2026-03-11 11:29:30+00:00,,,,,,,,0.55,0.55,,0.0,0,False
2026-03-11 11:30:00+00:00,,,,,,,,0.55,0.55,,0.0,0,False
2026-03-11 11:30:30+00:00,,,,,,,,0.55,0.55,,0.0,0,False
2026-03-11 11:31:00+00:00,,,,,,,,0.55,0.55,,0.0,0,False
2026-03-11 11:31:30+00:00,,,,,,,,0.55,0.55,,0.0,0,False
2026-03-11 11:32:00+00:00,,,,,,,,0.55,0.55,,0.0,0,False
2026-03-11 11:32:30+00:00,,,,,,,,0.55,0.55,,0.0,0,False
2026-03-11 11:33:00+00:00,,,,,,,,0.55,0.55,,0.0,0,False
2026-03-11 11:33:30+00:00,,,,,,,,0.55,0.55,,0.0,0,False
2026-03-11 11:34:00+00:00,,,,,,,,0.55,0.55,,0.0,0,False
2026-03-11 11:34:30+00:00,,,,,,,,0.55,0.55,,0.0,0,False
2026-03-11 11:35:00+00:00,,,,,,,,0.55,0.55,,0.0,0,False
2026-03-11 11:35:30+00:00,,,,,,,,0.55,0.55,,0.0,0,False
2026-03-11 11:36:00+00:00,,,,,,,,0.55,0.55,,0.0,0,False
2026-03-11 11:36:30+00:00,,,,,,,,0.55,0.55,,0.0,0,False
2026-03-11 11:37:00+00:00,,,,,,,,0.55,0.55,,0.0,0,False
2026-03-11 11:37:30+00:00,,,,,,,,0.55,0.55,,0.0,0,False
2026-03-11 11:38:00+00:00,,,,,,,,0.55,0.55,,0.0,0,False
2026-03-11 11:38:30+00:00,,,,,,,,0.5348484848484848,0.53,,33.0,2,False
2026-03-11 11:39:00+00:00,,,,,,,,0.5348484848484848,0.53,,0.0,0,False
2026-03-11 11:39:30+00:00,,,,,,,,0.5348484848484848,0.53,,0.0,0,False
2026-03-11 11:40:00+00:00,,,,,,,,0.5348484848484848,0.53,,0.0,0,False
2026-03-11 11:40:30+00:00,,,,,,,,0.5348484848484848,0.53,,0.0,0,False
2026-03-11 11:41:00+00:00,,,,,,,,0.5348484848484848,0.53,,0.0,0,False
2026-03-11 11:41:30+00:00,,,,,,,,0.5348484848484848,0.53,,0.0,0,False
2026-03-11 11:42:00+00:00,,,,,,,,0.5348484848484848,0.53,,0.0,0,False
2026-03-11 11:42:30+00:00,,,,,,,,0.5348484848484848,0.53,,0.0,0,False
2026-03-11 11:43:00+00:00,,,,,,,,0.5348484848484848,0.53,,0.0,0,False
2026-03-11 11:43:30+00:00,,,,,,,,0.5348484848484848,0.53,,0.0,0,False
2026-03-11 11:44:00+00:00,,,,,,,,0.5348484848484848,0.53,,0.0,0,False
2026-03-11 11:44:30+00:00,,,,,,,,0.5348484848484848,0.53,,0.0,0,False
2026-03-11 11:45:00+00:00,,,,,,,,0.5348484848484848,0.53,,0.0,0,False
2026-03-11 11:45:30+00:00,,,,,,,,0.5348484848484848,0.53,,0.0,0,False
2026-03-11 11:46:00+00:00,,,,,,,,0.5348484848484848,0.53,,0.0,0,False
2026-03-11 11:46:30+00:00,,,,,,,,0.5348484848484848,0.53,,0.0,0,False
2026-03-11 11:47:00+00:00,,,,,,,,0.5348484848484848,0.53,,0.0,0,False
2026-03-11 11:47:30+00:00,,,,,,,,0.5348484848484848,0.53,,0.0,0,False
2026-03-11 11:48:00+00:00,,,,,,,,0.5348484848484848,0.53,,0.0,0,False
2026-03-11 11:48:30+00:00,,,,,,,,0.5348484848484848,0.53,,0.0,0,False
2026-03-11 11:49:00+00:00,,,,,,,,0.5348484848484848,0.53,,0.0,0,False
2026-03-11 11:49:30+00:00,,,,,,,,0.5348484848484848,0.53,,0.0,0,False
2026-03-11 11:50:00+00:00,,,,,,,,0.5348484848484848,0.53,,0.0,0,False
2026-03-11 11:50:30+00:00,,,,,,,,0.5348484848484848,0.53,,0.0,0,False
2026-03-11 11:51:00+00:00,,,,,,,,0.5348484848484848,0.53,,0.0,0,False
2026-03-11 11:51:30+00:00,,,,,,,,0.5348484848484848,0.53,,0.0,0,False
2026-03-11 11:52:00+00:00,,,,,,,,0.5348484848484848,0.53,,0.0,0,False
2026-03-11 11:52:30+00:00,,,,,,,,0.5348484848484848,0.53,,0.0,0,False
2026-03-11 11:53:00+00:00,,,,,,,,0.5348484848484848,0.53,,0.0,0,False
2026-03-11 11:53:30+00:00,,,,,,,,0.5348484848484848,0.53,,0.0,0,False
2026-03-11 11:54:00+00:00,,,,,,,,0.5348484848484848,0.53,,0.0,0,False
2026-03-11 11:54:30+00:00,,,,,,,,0.5348484848484848,0.53,,0.0,0,False
2026-03-11 11:55:00+00:00,,,,,,,,0.5348484848484848,0.53,,0.0,0,False
2026-03-11 11:55:30+00:00,,,,,,,,0.5348484848484848,0.53,,0.0,0,False
2026-03-11 11:56:00+00:00,,,,,,,,0.5348484848484848,0.53,,0.0,0,False
2026-03-11 11:56:30+00:00,,,,,,,,0.5348484848484848,0.53,,0.0,0,False
2026-03-11 11:57:00+00:00,,,,,,,,0.5348484848484848,0.53,,0.0,0,False
2026-03-11 11:57:30+00:00,,,,,,,,0.5348484848484848,0.53,,0.0,0,False
2026-03-11 11:58:00+00:00,,,,,,,,0.5348484848484848,0.53,,0.0,0,False
2026-03-11 11:58:30+00:00,,,,,,,,0.5348484848484848,0.53,,0.0,0,False
2026-03-11 11:59:00+00:00,,,,,,,,0.5348484848484848,0.53,,0.0,0,False
2026-03-11 11:59:30+00:00,,,,,,,,0.5348484848484848,0.53,,0.0,0,False
2026-03-11 12:00:00+00:00,,,,,,,,0.5348484848484848,0.53,,0.0,0,False
2026-03-11 12:00:30+00:00,,,,,,,,0.5348484848484848,0.53,,0.0,0,False
2026-03-11 12:01:00+00:00,,,,,,,,0.5348484848484848,0.53,,0.0,0,False
2026-03-11 12:01:30+00:00,,,,,,,,0.5348484848484848,0.53,,0.0,0,False
2026-03-11 12:02:00+00:00,,,,,,,,0.5348484848484848,0.53,,0.0,0,False
2026-03-11 12:02:30+00:00,,,,,,,,0.5348484848484848,0.53,,0.0,0,False
2026-03-11 12:03:00+00:00,,,,,,,,0.5348484848484848,0.53,,0.0,0,False
2026-03-11 12:03:30+00:00,,,,,,,,0.5348484848484848,0.53,,0.0,0,False
2026-03-11 12:04:00+00:00,,,,,,,,0.5348484848484848,0.53,,0.0,0,False
2026-03-11 12:04:30+00:00,,,,,,,,0.5348484848484848,0.53,,0.0,0,False
2026-03-11 12:05:00+00:00,,,,,,,,0.5348484848484848,0.53,,0.0,0,False
2026-03-11 12:05:30+00:00,,,,,,,,0.5348484848484848,0.53,,0.0,0,False
2026-03-11 12:06:00+00:00,,,,,,,,0.5348484848484848,0.53,,0.0,0,False
2026-03-11 12:06:30+00:00,,,,,,,,0.5348484848484848,0.53,,0.0,0,False
2026-03-11 12:07:00+00:00,,,,,,,,0.5348484848484848,0.53,,0.0,0,False
2026-03-11 12:07:30+00:00,,,,,,,,0.5348484848484848,0.53,,0.0,0,False
2026-03-11 12:08:00+00:00,,,,,,,,0.5348484848484848,0.53,,0.0,0,False
2026-03-11 12:08:30+00:00,,,,,,,,0.5348484848484848,0.53,,0.0,0,False
2026-03-11 12:09:00+00:00,,,,,,,,0.5348484848484848,0.53,,0.0,0,False
2026-03-11 12:09:30+00:00,,,,,,,,0.5348484848484848,0.53,,0.0,0,False
2026-03-11 12:10:00+00:00,,,,,,,,0.5348484848484848,0.53,,0.0,0,False
2026-03-11 12:10:30+00:00,,,,,,,,0.5348484848484848,0.53,,0.0,0,False
2026-03-11 12:11:00+00:00,,,,,,,,0.5348484848484848,0.53,,0.0,0,False
2026-03-11 12:11:30+00:00,,,,,,,,0.5348484848484848,0.53,,0.0,0,False
2026-03-11 12:12:00+00:00,,,,,,,,0.5348484848484848,0.53,,0.0,0,False
2026-03-11 12:12:30+00:00,,,,,,,,0.5348484848484848,0.53,,0.0,0,False
2026-03-11 12:13:00+00:00,,,,,,,,0.5348484848484848,0.53,,0.0,0,False
2026-03-11 12:13:30+00:00,,,,,,,,0.5348484848484848,0.53,,0.0,0,False
2026-03-11 12:14:00+00:00,,,,,,,,0.5348484848484848,0.53,,0.0,0,False
2026-03-11 12:14:30+00:00,,,,,,,,0.5348484848484848,0.53,,0.0,0,False
2026-03-11 12:15:00+00:00,,,,,,,,0.5348484848484848,0.53,,0.0,0,False
2026-03-11 12:15:30+00:00,,,,,,,,0.5348484848484848,0.53,,0.0,0,False
2026-03-11 12:16:00+00:00,,,,,,,,0.5348484848484848,0.53,,0.0,0,False
2026-03-11 12:16:30+00:00,,,,,,,,0.5348484848484848,0.53,,0.0,0,False
2026-03-11 12:17:00+00:00,,,,,,,,0.5348484848484848,0.53,,0.0,0,False
2026-03-11 12:17:30+00:00,,,,,,,,0.5348484848484848,0.53,,0.0,0,False
2026-03-11 12:18:00+00:00,,,,,,,,0.5348484848484848,0.53,,0.0,0,False
2026-03-11 12:18:30+00:00,,,,,,,,0.5348484848484848,0.53,,0.0,0,False
2026-03-11 12:19:00+00:00,,,,,,,,0.5348484848484848,0.53,,0.0,0,False
2026-03-11 12:19:30+00:00,,,,,,,,0.5348484848484848,0.53,,0.0,0,False
2026-03-11 12:20:00+00:00,,,,,,,,0.5348484848484848,0.53,,0.0,0,False
2026-03-11 12:20:30+00:00,,,,,,,,0.5348484848484848,0.53,,0.0,0,False
2026-03-11 12:21:00+00:00,,,,,,,,0.5348484848484848,0.53,,0.0,0,False
2026-03-11 12:21:30+00:00,,,,,,,,0.5348484848484848,0.53,,0.0,0,False
2026-03-11 12:22:00+00:00,,,,,,,,0.5348484848484848,0.53,,0.0,0,False
2026-03-11 12:22:30+00:00,,,,,,,,0.5348484848484848,0.53,,0.0,0,False
2026-03-11 12:23:00+00:00,,,,,,,,0.5348484848484848,0.53,,0.0,0,False
2026-03-11 12:23:30+00:00,,,,,,,,0.5348484848484848,0.53,,0.0,0,False
2026-03-11 12:24:00+00:00,,,,,,,,0.5348484848484848,0.53,,0.0,0,False
2026-03-11 12:24:30+00:00,,,,,,,,0.5348484848484848,0.53,,0.0,0,False
2026-03-11 12:25:00+00:00,,,,,,,,0.5348484848484848,0.53,,0.0,0,False
2026-03-11 12:25:30+00:00,,,,,,,,0.5348484848484848,0.53,,0.0,0,False
2026-03-11 12:26:00+00:00,,,,,,,,0.5348484848484848,0.53,,0.0,0,False
2026-03-11 12:26:30+00:00,,,,,,,,0.5348484848484848,0.53,,0.0,0,False
2026-03-11 12:27:00+00:00,,,,,,,,0.5348484848484848,0.53,,0.0,0,False
2026-03-11 12:27:30+00:00,,,,,,,,0.58,0.58,,3.0,1,False
2026-03-11 12:28:00+00:00,,,,,,,,0.58,0.58,,0.0,0,False
2026-03-11 12:28:30+00:00,,,,,,,,0.58,0.58,,0.0,0,False
2026-03-11 12:29:00+00:00,,,,,,,,0.58,0.58,,0.0,0,False
2026-03-11 12:29:30+00:00,,,,,,,,0.58,0.58,,0.0,0,False
2026-03-11 12:30:00+00:00,,,,,,,,0.56,0.56,,163.0,1,False
2026-03-11 12:30:30+00:00,,,,,,,,0.56,0.56,,0.0,0,False
2026-03-11 12:31:00+00:00,,,,,,,,0.56,0.56,,0.0,0,False
2026-03-11 12:31:30+00:00,,,,,,,,0.56,0.56,,0.0,0,False
2026-03-11 12:32:00+00:00,,,,,,,,0.56,0.56,,63.0,1,False
2026-03-11 12:32:30+00:00,,,,,,,,0.5700000000000001,0.56,,2.0,2,False
2026-03-11 12:33:00+00:00,,,,,,,,0.5599999999999999,0.56,,31.0,2,False
2026-03-11 12:33:30+00:00,,,,,,,,0.56,0.56,,1.0,1,False
2026-03-11 12:34:00+00:00,,,,,,,,0.56,0.56,,59.0,1,False
2026-03-11 12:34:30+00:00,,,,,,,,0.56,0.56,,2.0,1,False
2026-03-11 12:35:00+00:00,,,,,,,,0.55,0.55,,336.0,2,False
2026-03-11 12:35:30+00:00,,,,,,,,0.55,0.55,,0.0,0,False
2026-03-11 12:36:00+00:00,,,,,,,,0.55,0.55,,0.0,0,False
2026-03-11 12:36:30+00:00,,,,,,,,0.55,0.55,,0.0,0,False
2026-03-11 12:37:00+00:00,,,,,,,,0.55,0.55,,0.0,0,False
2026-03-11 12:37:30+00:00,,,,,,,,0.55,0.55,,0.0,0,False
2026-03-11 12:38:00+00:00,,,,,,,,0.54,0.54,,10.0,2,False
2026-03-11 12:38:30+00:00,,,,,,,,0.54,0.54,,0.0,0,False
2026-03-11 12:39:00+00:00,,,,,,,,0.54,0.54,,0.0,0,False
2026-03-11 12:39:30+00:00,,,,,,,,0.54,0.54,,0.0,0,False
2026-03-11 12:40:00+00:00,,,,,,,,0.54,0.54,,0.0,0,False
2026-03-11 12:40:30+00:00,,,,,,,,0.54,0.54,,0.0,0,False
2026-03-11 12:41:00+00:00,,,,,,,,0.58,0.58,,25.0,1,False
2026-03-11 12:41:30+00:00,,,,,,,,0.58,0.58,,0.0,0,False
2026-03-11 12:42:00+00:00,,,,,,,,0.58,0.58,,0.0,0,False
2026-03-11 12:42:30+00:00,,,,,,,,0.58,0.58,,0.0,0,False
2026-03-11 12:43:00+00:00,,,,,,,,0.58,0.58,,0.0,0,False
2026-03-11 12:43:30+00:00,,,,,,,,0.58,0.58,,0.0,0,False
2026-03-11 12:44:00+00:00,,,,,,,,0.58,0.58,,0.0,0,False
2026-03-11 12:44:30+00:00,,,,,,,,0.58,0.58,,0.0,0,False
2026-03-11 12:45:00+00:00,,,,,,,,0.54,0.54,,500.0,1,False
2026-03-11 12:45:30+00:00,,,,,,,,0.54,0.54,,0.0,0,False
2026-03-11 12:46:00+00:00,,,,,,,,0.54,0.54,,0.0,0,False
2026-03-11 12:46:30+00:00,,,,,,,,0.54,0.54,,0.0,0,False
2026-03-11 12:47:00+00:00,,,,,,,,0.54,0.54,,0.0,0,False
2026-03-11 12:47:30+00:00,,,,,,,,0.54,0.54,,0.0,0,False
2026-03-11 12:48:00+00:00,,,,,,,,0.54,0.54,,0.0,0,False
2026-03-11 12:48:30+00:00,,,,,,,,0.54,0.54,,0.0,0,False
2026-03-11 12:49:00+00:00,,,,,,,,0.54,0.54,,0.0,0,False
2026-03-11 12:49:30+00:00,,,,,,,,0.54,0.54,,0.0,0,False
2026-03-11 12:50:00+00:00,,,,,,,,0.54,0.54,,0.0,0,False
2026-03-11 12:50:30+00:00,,,,,,,,0.54,0.54,,0.0,0,False
2026-03-11 12:51:00+00:00,,,,,,,,0.54,0.54,,0.0,0,False
2026-03-11 12:51:30+00:00,,,,,,,,0.54,0.54,,0.0,0,False
2026-03-11 12:52:00+00:00,,,,,,,,0.54,0.54,,0.0,0,False
2026-03-11 12:52:30+00:00,,,,,,,,0.54,0.54,,0.0,0,False
2026-03-11 12:53:00+00:00,,,,,,,,0.54,0.54,,0.0,0,False
2026-03-11 12:53:30+00:00,,,,,,,,0.54,0.54,,0.0,0,False
2026-03-11 12:54:00+00:00,,,,,,,,0.54,0.54,,0.0,0,False
2026-03-11 12:54:30+00:00,,,,,,,,0.54,0.54,,0.0,0,False
2026-03-11 12:55:00+00:00,,,,,,,,0.54,0.54,,0.0,0,False
2026-03-11 12:55:30+00:00,,,,,,,,0.54,0.54,,0.0,0,False
2026-03-11 12:56:00+00:00,,,,,,,,0.54,0.54,,0.0,0,False
2026-03-11 12:56:30+00:00,,,,,,,,0.54,0.54,,0.0,0,False
2026-03-11 12:57:00+00:00,,,,,,,,0.54,0.54,,0.0,0,False
2026-03-11 12:57:30+00:00,,,,,,,,0.54,0.54,,0.0,0,False
2026-03-11 12:58:00+00:00,,,,,,,,0.54,0.54,,0.0,0,False
2026-03-11 12:58:30+00:00,,,,,,,,0.54,0.54,,0.0,0,False
2026-03-11 12:59:00+00:00,,,,,,,,0.54,0.54,,0.0,0,False
2026-03-11 12:59:30+00:00,,,,,,,,0.54,0.54,,0.0,0,False
2026-03-11 13:00:00+00:00,,,,,,,,0.54,0.54,,0.0,0,False
2026-03-11 13:00:30+00:00,,,,,,,,0.54,0.54,,0.0,0,False
2026-03-11 13:01:00+00:00,,,,,,,,0.54,0.54,,0.0,0,False
2026-03-11 13:01:30+00:00,,,,,,,,0.54,0.54,,0.0,0,False
2026-03-11 13:02:00+00:00,,,,,,,,0.54,0.54,,0.0,0,False
2026-03-11 13:02:30+00:00,,,,,,,,0.54,0.54,,0.0,0,False
2026-03-11 13:03:00+00:00,,,,,,,,0.54,0.54,,0.0,0,False
2026-03-11 13:03:30+00:00,,,,,,,,0.54,0.54,,0.0,0,False
2026-03-11 13:04:00+00:00,,,,,,,,0.54,0.54,,0.0,0,False
2026-03-11 13:04:30+00:00,,,,,,,,0.54,0.54,,0.0,0,False
2026-03-11 13:05:00+00:00,,,,,,,,0.54,0.54,,0.0,0,False
2026-03-11 13:05:30+00:00,,,,,,,,0.54,0.54,,0.0,0,False
2026-03-11 13:06:00+00:00,,,,,,,,0.54,0.54,,0.0,0,False
2026-03-11 13:06:30+00:00,,,,,,,,0.54,0.54,,0.0,0,False
2026-03-11 13:07:00+00:00,,,,,,,,0.54,0.54,,0.0,0,False
2026-03-11 13:07:30+00:00,,,,,,,,0.54,0.54,,0.0,0,False
2026-03-11 13:08:00+00:00,,,,,,,,0.54,0.54,,36.0,2,False
2026-03-11 13:08:30+00:00,,,,,,,,0.54,0.54,,0.0,0,False
2026-03-11 13:09:00+00:00,,,,,,,,0.54,0.54,,0.0,0,False
2026-03-11 13:09:30+00:00,,,,,,,,0.54,0.54,,0.0,0,False
2026-03-11 13:10:00+00:00,,,,,,,,0.54,0.54,,0.0,0,False
2026-03-11 13:10:30+00:00,,,,,,,,0.54,0.54,,0.0,0,False
2026-03-11 13:11:00+00:00,,,,,,,,0.54,0.54,,0.0,0,False
2026-03-11 13:11:30+00:00,,,,,,,,0.54,0.54,,0.0,0,False
2026-03-11 13:12:00+00:00,,,,,,,,0.54,0.54,,0.0,0,False
2026-03-11 13:12:30+00:00,,,,,,,,0.54,0.54,,0.0,0,False
2026-03-11 13:13:00+00:00,,,,,,,,0.54,0.54,,0.0,0,False
2026-03-11 13:13:30+00:00,,,,,,,,0.54,0.54,,0.0,0,False
2026-03-11 13:14:00+00:00,,,,,,,,0.54,0.54,,0.0,0,False
2026-03-11 13:14:30+00:00,,,,,,,,0.54,0.54,,0.0,0,False
2026-03-11 13:15:00+00:00,,,,,,,,0.54,0.54,,0.0,0,False
2026-03-11 13:15:30+00:00,,,,,,,,0.54,0.54,,0.0,0,False
2026-03-11 13:16:00+00:00,,,,,,,,0.54,0.54,,0.0,0,False
2026-03-11 13:16:30+00:00,,,,,,,,0.54,0.54,,0.0,0,False
2026-03-11 13:17:00+00:00,,,,,,,,0.54,0.54,,0.0,0,False
2026-03-11 13:17:30+00:00,,,,,,,,0.54,0.54,,0.0,0,False
2026-03-11 13:18:00+00:00,,,,,,,,0.54,0.54,,0.0,0,False
2026-03-11 13:18:30+00:00,,,,,,,,0.54,0.54,,0.0,0,False
2026-03-11 13:19:00+00:00,,,,,,,,0.54,0.54,,0.0,0,False
2026-03-11 13:19:30+00:00,,,,,,,,0.54,0.54,,0.0,0,False
2026-03-11 13:20:00+00:00,,,,,,,,0.54,0.54,,0.0,0,False
2026-03-11 13:20:30+00:00,,,,,,,,0.54,0.54,,0.0,0,False
2026-03-11 13:21:00+00:00,,,,,,,,0.54,0.54,,0.0,0,False
2026-03-11 13:21:30+00:00,,,,,,,,0.54,0.54,,0.0,0,False
2026-03-11 13:22:00+00:00,,,,,,,,0.54,0.54,,0.0,0,False
2026-03-11 13:22:30+00:00,,,,,,,,0.54,0.54,,0.0,0,False
2026-03-11 13:23:00+00:00,,,,,,,,0.54,0.54,,0.0,0,False
2026-03-11 13:23:30+00:00,,,,,,,,0.54,0.54,,0.0,0,False
2026-03-11 13:24:00+00:00,,,,,,,,0.54,0.54,,0.0,0,False
2026-03-11 13:24:30+00:00,,,,,,,,0.54,0.54,,0.0,0,False
2026-03-11 13:25:00+00:00,,,,,,,,0.54,0.54,,0.0,0,False
2026-03-11 13:25:30+00:00,,,,,,,,0.54,0.54,,0.0,0,False
2026-03-11 13:26:00+00:00,,,,,,,,0.54,0.54,,0.0,0,False
2026-03-11 13:26:30+00:00,,,,,,,,0.54,0.54,,0.0,0,False
2026-03-11 13:27:00+00:00,,,,,,,,0.54,0.54,,0.0,0,False
2026-03-11 13:27:30+00:00,,,,,,,,0.54,0.54,,0.0,0,False
2026-03-11 13:28:00+00:00,,,,,,,,0.54,0.54,,0.0,0,False
2026-03-11 13:28:30+00:00,,,,,,,,0.54,0.54,,0.0,0,False
2026-03-11 13:29:00+00:00,,,,,,,,0.54,0.54,,0.0,0,False
2026-03-11 13:29:30+00:00,,,,,,,,0.54,0.54,,0.0,0,False
2026-03-11 13:30:00+00:00,,,,,,,,0.54,0.54,,0.0,0,False
2026-03-11 13:30:30+00:00,,,,,,,,0.54,0.54,,0.0,0,False
2026-03-11 13:31:00+00:00,,,,,,,,0.54,0.54,,0.0,0,False
2026-03-11 13:31:30+00:00,,,,,,,,0.54,0.54,,0.0,0,False
2026-03-11 13:32:00+00:00,,,,,,,,0.54,0.54,,0.0,0,False
2026-03-11 13:32:30+00:00,,,,,,,,0.54,0.54,,0.0,0,False
2026-03-11 13:33:00+00:00,,,,,,,,0.54,0.54,,0.0,0,False
2026-03-11 13:33:30+00:00,,,,,,,,0.54,0.54,,0.0,0,False
2026-03-11 13:34:00+00:00,,,,,,,,0.54,0.54,,0.0,0,False
2026-03-11 13:34:30+00:00,,,,,,,,0.54,0.54,,0.0,0,False
2026-03-11 13:35:00+00:00,,,,,,,,0.54,0.54,,0.0,0,False
2026-03-11 13:35:30+00:00,,,,,,,,0.54,0.54,,0.0,0,False
2026-03-11 13:36:00+00:00,,,,,,,,0.54,0.54,,0.0,0,False
2026-03-11 13:36:30+00:00,,,,,,,,0.54,0.54,,0.0,0,False
2026-03-11 13:37:00+00:00,,,,,,,,0.5759999999999998,0.57,,50.0,5,False
2026-03-11 13:37:30+00:00,,,,,,,,0.5759999999999998,0.57,,0.0,0,False
2026-03-11 13:38:00+00:00,,,,,,,,0.5759999999999998,0.57,,0.0,0,False
2026-03-11 13:38:30+00:00,,,,,,,,0.5759999999999998,0.57,,0.0,0,False
2026-03-11 13:39:00+00:00,,,,,,,,0.58,0.58,,8.0,1,False
2026-03-11 13:39:30+00:00,,,,,,,,0.58,0.58,,0.0,0,False
2026-03-11 13:40:00+00:00,,,,,,,,0.58,0.58,,0.0,0,False
2026-03-11 13:40:30+00:00,,,,,,,,0.58,0.58,,0.0,0,False
2026-03-11 13:41:00+00:00,,,,,,,,0.58,0.58,,0.0,0,False
2026-03-11 13:41:30+00:00,,,,,,,,0.58,0.58,,0.0,0,False
2026-03-11 13:42:00+00:00,,,,,,,,0.58,0.58,,0.0,0,False
2026-03-11 13:42:30+00:00,,,,,,,,0.58,0.58,,0.0,0,False
2026-03-11 13:43:00+00:00,,,,,,,,0.58,0.58,,0.0,0,False
2026-03-11 13:43:30+00:00,,,,,,,,0.58,0.58,,0.0,0,False
2026-03-11 13:44:00+00:00,,,,,,,,0.58,0.58,,0.0,0,False
2026-03-11 13:44:30+00:00,,,,,,,,0.58,0.58,,0.0,0,False
2026-03-11 13:45:00+00:00,,,,,,,,0.58,0.58,,0.0,0,False
2026-03-11 13:45:30+00:00,,,,,,,,0.58,0.58,,0.0,0,False
2026-03-11 13:46:00+00:00,,,,,,,,0.58,0.58,,0.0,0,False
2026-03-11 13:46:30+00:00,,,,,,,,0.58,0.58,,0.0,0,False
2026-03-11 13:47:00+00:00,,,,,,,,0.58,0.58,,0.0,0,False
2026-03-11 13:47:30+00:00,,,,,,,,0.58,0.58,,0.0,0,False
2026-03-11 13:48:00+00:00,,,,,,,,0.58,0.58,,0.0,0,False
2026-03-11 13:48:30+00:00,,,,,,,,0.58,0.58,,0.0,0,False
2026-03-11 13:49:00+00:00,,,,,,,,0.58,0.58,,0.0,0,False
2026-03-11 13:49:30+00:00,,,,,,,,0.58,0.58,,0.0,0,False
2026-03-11 13:50:00+00:00,,,,,,,,0.58,0.58,,0.0,0,False
2026-03-11 13:50:30+00:00,,,,,,,,0.58,0.58,,0.0,0,False
2026-03-11 13:51:00+00:00,,,,,,,,0.58,0.58,,0.0,0,False
2026-03-11 13:51:30+00:00,,,,,,,,0.58,0.58,,0.0,0,False
2026-03-11 13:52:00+00:00,,,,,,,,0.58,0.58,,0.0,0,False
2026-03-11 13:52:30+00:00,,,,,,,,0.58,0.58,,0.0,0,False
2026-03-11 13:53:00+00:00,,,,,,,,0.58,0.58,,0.0,0,False
2026-03-11 13:53:30+00:00,,,,,,,,0.58,0.58,,0.0,0,False
2026-03-11 13:54:00+00:00,,,,,,,,0.54,0.54,,20.0,1,False
2026-03-11 13:54:30+00:00,,,,,,,,0.54,0.54,,0.0,0,False
2026-03-11 13:55:00+00:00,,,,,,,,0.54,0.54,,0.0,0,False
2026-03-11 13:55:30+00:00,,,,,,,,0.54,0.54,,0.0,0,False
2026-03-11 13:56:00+00:00,,,,,,,,0.54,0.54,,0.0,0,False
2026-03-11 13:56:30+00:00,,,,,,,,0.54,0.54,,0.0,0,False
2026-03-11 13:57:00+00:00,,,,,,,,0.54,0.54,,0.0,0,False
2026-03-11 13:57:30+00:00,,,,,,,,0.54,0.54,,0.0,0,False
2026-03-11 13:58:00+00:00,,,,,,,,0.54,0.54,,0.0,0,False
2026-03-11 13:58:30+00:00,,,,,,,,0.54,0.54,,0.0,0,False
2026-03-11 13:59:00+00:00,,,,,,,,0.5788059701492536,0.54,,67.0,2,False
2026-03-11 13:59:30+00:00,,,,,,,,0.5788059701492536,0.54,,0.0,0,False
2026-03-11 14:00:00+00:00,,,,,,,,0.5788059701492536,0.54,,0.0,0,False
2026-03-11 14:00:30+00:00,,,,,,,,0.58,0.58,,33.0,1,False
2026-03-11 14:01:00+00:00,,,,,,,,0.58,0.58,,0.0,0,False
2026-03-11 14:01:30+00:00,,,,,,,,0.58,0.58,,0.0,0,False
2026-03-11 14:02:00+00:00,,,,,,,,0.58,0.58,,0.0,0,False
2026-03-11 14:02:30+00:00,,,,,,,,0.58,0.58,,0.0,0,False
2026-03-11 14:03:00+00:00,,,,,,,,0.58,0.58,,0.0,0,False
2026-03-11 14:03:30+00:00,,,,,,,,0.58,0.58,,0.0,0,False
2026-03-11 14:04:00+00:00,,,,,,,,0.58,0.58,,0.0,0,False
2026-03-11 14:04:30+00:00,,,,,,,,0.58,0.58,,0.0,0,False
2026-03-11 14:05:00+00:00,,,,,,,,0.58,0.58,,100.0,1,False
2026-03-11 14:05:30+00:00,,,,,,,,0.58,0.58,,0.0,0,False
2026-03-11 14:06:00+00:00,,,,,,,,0.58,0.58,,0.0,0,False
2026-03-11 14:06:30+00:00,,,,,,,,0.58,0.58,,0.0,0,False
2026-03-11 14:07:00+00:00,,,,,,,,0.58,0.58,,0.0,0,False
2026-03-11 14:07:30+00:00,,,,,,,,0.58,0.58,,0.0,0,False
2026-03-11 14:08:00+00:00,,,,,,,,0.54,0.54,,4.0,1,False
2026-03-11 14:08:30+00:00,,,,,,,,0.54,0.54,,0.0,0,False
2026-03-11 14:09:00+00:00,,,,,,,,0.54,0.54,,0.0,0,False
2026-03-11 14:09:30+00:00,,,,,,,,0.54,0.54,,0.0,0,False
2026-03-11 14:10:00+00:00,,,,,,,,0.54,0.54,,0.0,0,False
2026-03-11 14:10:30+00:00,,,,,,,,0.54,0.54,,0.0,0,False
2026-03-11 14:11:00+00:00,,,,,,,,0.54,0.54,,0.0,0,False
2026-03-11 14:11:30+00:00,,,,,,,,0.54,0.54,,0.0,0,False
2026-03-11 14:12:00+00:00,,,,,,,,0.54,0.54,,5.0,1,False
2026-03-11 14:12:30+00:00,,,,,,,,0.54,0.54,,20.0,1,False
2026-03-11 14:13:00+00:00,,,,,,,,0.54,0.54,,0.0,0,False
2026-03-11 14:13:30+00:00,,,,,,,,0.54,0.54,,0.0,0,False
2026-03-11 14:14:00+00:00,,,,,,,,0.54,0.54,,0.0,0,False
2026-03-11 14:14:30+00:00,,,,,,,,0.54,0.54,,0.0,0,False
2026-03-11 14:15:00+00:00,,,,,,,,0.54,0.54,,0.0,0,False
2026-03-11 14:15:30+00:00,,,,,,,,0.54,0.54,,10.0,1,False
2026-03-11 14:16:00+00:00,,,,,,,,0.54,0.54,,0.0,0,False
2026-03-11 14:16:30+00:00,,,,,,,,0.54,0.54,,0.0,0,False
2026-03-11 14:17:00+00:00,,,,,,,,0.54,0.54,,0.0,0,False
2026-03-11 14:17:30+00:00,,,,,,,,0.54,0.54,,0.0,0,False
2026-03-11 14:18:00+00:00,,,,,,,,0.54,0.54,,0.0,0,False
2026-03-11 14:18:30+00:00,,,,,,,,0.54,0.54,,0.0,0,False
2026-03-11 14:19:00+00:00,,,,,,,,0.54,0.54,,0.0,0,False
2026-03-11 14:19:30+00:00,,,,,,,,0.54,0.54,,0.0,0,False
2026-03-11 14:20:00+00:00,,,,,,,,0.54,0.54,,0.0,0,False
2026-03-11 14:20:30+00:00,,,,,,,,0.54,0.54,,0.0,0,False
2026-03-11 14:21:00+00:00,,,,,,,,0.54,0.54,,0.0,0,False
2026-03-11 14:21:30+00:00,,,,,,,,0.54,0.54,,0.0,0,False
2026-03-11 14:22:00+00:00,,,,,,,,0.54,0.54,,0.0,0,False
2026-03-11 14:22:30+00:00,,,,,,,,0.54,0.54,,0.0,0,False
2026-03-11 14:23:00+00:00,,,,,,,,0.54,0.54,,0.0,0,False
2026-03-11 14:23:30+00:00,,,,,,,,0.54,0.54,,14.0,1,False
2026-03-11 14:24:00+00:00,,,,,,,,0.54,0.54,,0.0,0,False
2026-03-11 14:24:30+00:00,,,,,,,,0.54,0.54,,0.0,0,False
2026-03-11 14:25:00+00:00,,,,,,,,0.54,0.54,,10.0,1,False
2026-03-11 14:25:30+00:00,,,,,,,,0.54,0.54,,0.0,0,False
2026-03-11 14:26:00+00:00,,,,,,,,0.54,0.54,,0.0,0,False
2026-03-11 14:26:30+00:00,,,,,,,,0.54,0.54,,0.0,0,False
2026-03-11 14:27:00+00:00,,,,,,,,0.545,0.55,,2.0,2,False
2026-03-11 14:27:30+00:00,,,,,,,,0.545,0.55,,0.0,0,False
2026-03-11 14:28:00+00:00,,,,,,,,0.545,0.55,,0.0,0,False
2026-03-11 14:28:30+00:00,,,,,,,,0.54,0.54,,1.0,1,False
2026-03-11 14:29:00+00:00,,,,,,,,0.54,0.54,,0.0,0,False
2026-03-11 14:29:30+00:00,,,,,,,,0.54,0.54,,0.0,0,False
2026-03-11 14:30:00+00:00,,,,,,,,0.54,0.54,,0.0,0,False
2026-03-11 14:30:30+00:00,,,,,,,,0.54,0.54,,0.0,0,False
2026-03-11 14:31:00+00:00,,,,,,,,0.54,0.54,,0.0,0,False
2026-03-11 14:31:30+00:00,,,,,,,,0.54,0.54,,0.0,0,False
2026-03-11 14:32:00+00:00,,,,,,,,0.57,0.57,,8.0,2,False
2026-03-11 14:32:30+00:00,,,,,,,,0.57,0.57,,0.0,0,False
2026-03-11 14:33:00+00:00,,,,,,,,0.57,0.57,,0.0,0,False
2026-03-11 14:33:30+00:00,,,,,,,,0.57,0.57,,1.0,1,False
2026-03-11 14:34:00+00:00,,,,,,,,0.57,0.57,,0.0,0,False
2026-03-11 14:34:30+00:00,,,,,,,,0.57,0.57,,0.0,0,False
2026-03-11 14:35:00+00:00,,,,,,,,0.57,0.57,,0.0,0,False
2026-03-11 14:35:30+00:00,,,,,,,,0.57,0.57,,0.0,0,False
2026-03-11 14:36:00+00:00,,,,,,,,0.57,0.57,,0.0,0,False
2026-03-11 14:36:30+00:00,,,,,,,,0.57,0.57,,0.0,0,False
2026-03-11 14:37:00+00:00,,,,,,,,0.57,0.57,,16.0,1,False
2026-03-11 14:37:30+00:00,,,,,,,,0.57,0.57,,0.0,0,False
2026-03-11 14:38:00+00:00,,,,,,,,0.57,0.57,,0.0,0,False
2026-03-11 14:38:30+00:00,,,,,,,,0.57,0.57,,0.0,0,False
2026-03-11 14:39:00+00:00,,,,,,,,0.57,0.57,,0.0,0,False
2026-03-11 14:39:30+00:00,,,,,,,,0.57,0.57,,0.0,0,False
2026-03-11 14:40:00+00:00,,,,,,,,0.57,0.57,,0.0,0,False
2026-03-11 14:40:30+00:00,,,,,,,,0.57,0.57,,0.0,0,False
2026-03-11 14:41:00+00:00,,,,,,,,0.57,0.57,,0.0,0,False
2026-03-11 14:41:30+00:00,,,,,,,,0.57,0.57,,8.0,1,False
2026-03-11 14:42:00+00:00,,,,,,,,0.57,0.57,,0.0,0,False
2026-03-11 14:42:30+00:00,,,,,,,,0.57,0.57,,0.0,0,False
2026-03-11 14:43:00+00:00,,,,,,,,0.57,0.57,,0.0,0,False
2026-03-11 14:43:30+00:00,,,,,,,,0.57,0.57,,0.0,0,False
2026-03-11 14:44:00+00:00,,,,,,,,0.57,0.57,,0.0,0,False
2026-03-11 14:44:30+00:00,,,,,,,,0.57,0.57,,0.0,0,False
2026-03-11 14:45:00+00:00,,,,,,,,0.57,0.57,,0.0,0,False
2026-03-11 14:45:30+00:00,,,,,,,,0.57,0.57,,0.0,0,False
2026-03-11 14:46:00+00:00,,,,,,,,0.57,0.57,,0.0,0,False
2026-03-11 14:46:30+00:00,,,,,,,,0.54,0.54,,10.0,1,False
2026-03-11 14:47:00+00:00,,,,,,,,0.54,0.54,,0.0,0,False
2026-03-11 14:47:30+00:00,,,,,,,,0.54,0.54,,0.0,0,False
2026-03-11 14:48:00+00:00,,,,,,,,0.54,0.54,,0.0,0,False
2026-03-11 14:48:30+00:00,,,,,,,,0.54,0.54,,83.0,1,False
2026-03-11 14:49:00+00:00,,,,,,,,0.54,0.54,,0.0,0,False
2026-03-11 14:49:30+00:00,,,,,,,,0.54,0.54,,0.0,0,False
2026-03-11 14:50:00+00:00,,,,,,,,0.54,0.54,,0.0,0,False
2026-03-11 14:50:30+00:00,,,,,,,,0.54,0.54,,0.0,0,False
2026-03-11 14:51:00+00:00,,,,,,,,0.54,0.54,,0.0,0,False
2026-03-11 14:51:30+00:00,,,,,,,,0.54,0.54,,0.0,0,False
2026-03-11 14:52:00+00:00,,,,,,,,0.54,0.54,,10.0,1,False
2026-03-11 14:52:30+00:00,,,,,,,,0.54,0.54,,0.0,0,False
2026-03-11 14:53:00+00:00,,,,,,,,0.54,0.54,,0.0,0,False
2026-03-11 14:53:30+00:00,,,,,,,,0.54,0.54,,0.0,0,False
2026-03-11 14:54:00+00:00,,,,,,,,0.54,0.54,,0.0,0,False
2026-03-11 14:54:30+00:00,,,,,,,,0.54,0.54,,0.0,0,False
2026-03-11 14:55:00+00:00,,,,,,,,0.54,0.54,,0.0,0,False
2026-03-11 14:55:30+00:00,,,,,,,,0.54,0.54,,0.0,0,False
2026-03-11 14:56:00+00:00,,,,,,,,0.54,0.54,,0.0,0,False
2026-03-11 14:56:30+00:00,,,,,,,,0.54,0.54,,0.0,0,False
2026-03-11 14:57:00+00:00,,,,,,,,0.54,0.54,,0.0,0,False
2026-03-11 14:57:30+00:00,,,,,,,,0.54,0.54,,0.0,0,False
2026-03-11 14:58:00+00:00,,,,,,,,0.54,0.54,,0.0,0,False
2026-03-11 14:58:30+00:00,,,,,,,,0.54,0.54,,1.0,1,False
2026-03-11 14:59:00+00:00,,,,,,,,0.54,0.54,,0.0,0,False
2026-03-11 14:59:30+00:00,,,,,,,,0.54,0.54,,0.0,0,False
2026-03-11 15:00:00+00:00,,,,,,,,0.55,0.55,,18.0,1,False
2026-03-11 15:00:30+00:00,,,,,,,,0.55,0.55,,0.0,0,False
2026-03-11 15:01:00+00:00,,,,,,,,0.55,0.55,,0.0,0,False
2026-03-11 15:01:30+00:00,,,,,,,,0.55,0.55,,0.0,0,False
2026-03-11 15:02:00+00:00,,,,,,,,0.55,0.55,,0.0,0,False
2026-03-11 15:02:30+00:00,,,,,,,,0.55,0.55,,0.0,0,False
2026-03-11 15:03:00+00:00,,,,,,,,0.55,0.55,,0.0,0,False
2026-03-11 15:03:30+00:00,,,,,,,,0.55,0.55,,0.0,0,False
2026-03-11 15:04:00+00:00,,,,,,,,0.55,0.55,,0.0,0,False
2026-03-11 15:04:30+00:00,,,,,,,,0.55,0.55,,0.0,0,False
2026-03-11 15:05:00+00:00,,,,,,,,0.55,0.55,,0.0,0,False
2026-03-11 15:05:30+00:00,,,,,,,,0.55,0.55,,0.0,0,False
2026-03-11 15:06:00+00:00,,,,,,,,0.55,0.55,,0.0,0,False
2026-03-11 15:06:30+00:00,,,,,,,,0.57,0.57,,170.0,1,False
2026-03-11 15:07:00+00:00,,,,,,,,0.57,0.57,,0.0,0,False
2026-03-11 15:07:30+00:00,,,,,,,,0.57,0.57,,0.0,0,False
2026-03-11 15:08:00+00:00,,,,,,,,0.57,0.57,,0.0,0,False
2026-03-11 15:08:30+00:00,,,,,,,,0.57,0.57,,0.0,0,False
2026-03-11 15:09:00+00:00,,,,,,,,0.57,0.57,,0.0,0,False
2026-03-11 15:09:30+00:00,,,,,,,,0.57,0.57,,0.0,0,False
2026-03-11 15:10:00+00:00,,,,,,,,0.57,0.57,,0.0,0,False
2026-03-11 15:10:30+00:00,,,,,,,,0.57,0.57,,0.0,0,False
2026-03-11 15:11:00+00:00,,,,,,,,0.57,0.57,,0.0,0,False
2026-03-11 15:11:30+00:00,,,,,,,,0.57,0.57,,0.0,0,False
2026-03-11 15:12:00+00:00,,,,,,,,0.57,0.57,,0.0,0,False
2026-03-11 15:12:30+00:00,,,,,,,,0.57,0.57,,0.0,0,False
2026-03-11 15:13:00+00:00,,,,,,,,0.57,0.57,,0.0,0,False
2026-03-11 15:13:30+00:00,,,,,,,,0.57,0.57,,0.0,0,False
2026-03-11 15:14:00+00:00,,,,,,,,0.56,0.56,,2.0,1,False
2026-03-11 15:14:30+00:00,,,,,,,,0.56,0.56,,0.0,0,False
2026-03-11 15:15:00+00:00,,,,,,,,0.56,0.56,,0.0,0,False
2026-03-11 15:15:30+00:00,,,,,,,,0.56,0.56,,0.0,0,False
2026-03-11 15:16:00+00:00,,,,,,,,0.56,0.56,,0.0,0,False
2026-03-11 15:16:30+00:00,,,,,,,,0.56,0.56,,0.0,0,False
2026-03-11 15:17:00+00:00,,,,,,,,0.57,0.57,,2.0,1,False
2026-03-11 15:17:30+00:00,,,,,,,,0.57,0.57,,0.0,0,False
2026-03-11 15:18:00+00:00,,,,,,,,0.57,0.57,,0.0,0,False
2026-03-11 15:18:30+00:00,,,,,,,,0.57,0.57,,0.0,0,False
2026-03-11 15:19:00+00:00,,,,,,,,0.57,0.57,,0.0,0,False
2026-03-11 15:19:30+00:00,,,,,,,,0.57,0.57,,0.0,0,False
2026-03-11 15:20:00+00:00,,,,,,,,0.57,0.57,,0.0,0,False
2026-03-11 15:20:30+00:00,,,,,,,,0.57,0.57,,0.0,0,False
2026-03-11 15:21:00+00:00,,,,,,,,0.57,0.57,,0.0,0,False
2026-03-11 15:21:30+00:00,,,,,,,,0.57,0.57,,0.0,0,False
2026-03-11 15:22:00+00:00,,,,,,,,0.57,0.57,,0.0,0,False
2026-03-11 15:22:30+00:00,,,,,,,,0.55,0.55,,4.0,1,False
2026-03-11 15:23:00+00:00,,,,,,,,0.55,0.55,,0.0,0,False
2026-03-11 15:23:30+00:00,,,,,,,,0.55,0.55,,0.0,0,False
2026-03-11 15:24:00+00:00,,,,,,,,0.55,0.55,,0.0,0,False
2026-03-11 15:24:30+00:00,,,,,,,,0.55,0.55,,0.0,0,False
2026-03-11 15:25:00+00:00,,,,,,,,0.55,0.55,,0.0,0,False
2026-03-11 15:25:30+00:00,,,,,,,,0.55,0.55,,0.0,0,False
2026-03-11 15:26:00+00:00,,,,,,,,0.55,0.55,,0.0,0,False
2026-03-11 15:26:30+00:00,,,,,,,,0.55,0.55,,0.0,0,False
2026-03-11 15:27:00+00:00,,,,,,,,0.55,0.55,,0.0,0,False
2026-03-11 15:27:30+00:00,,,,,,,,0.55,0.55,,0.0,0,False
2026-03-11 15:28:00+00:00,,,,,,,,0.55,0.55,,0.0,0,False
2026-03-11 15:28:30+00:00,,,,,,,,0.55,0.55,,0.0,0,False
2026-03-11 15:29:00+00:00,,,,,,,,0.55,0.55,,0.0,0,False
2026-03-11 15:29:30+00:00,,,,,,,,0.55,0.55,,0.0,0,False
2026-03-11 15:30:00+00:00,,,,,,,,0.55,0.55,,0.0,0,False
2026-03-11 15:30:30+00:00,,,,,,,,0.55,0.55,,0.0,0,False
2026-03-11 15:31:00+00:00,,,,,,,,0.55,0.55,,0.0,0,False
2026-03-11 15:31:30+00:00,,,,,,,,0.55,0.55,,0.0,0,False
2026-03-11 15:32:00+00:00,,,,,,,,0.55,0.55,,0.0,0,False
2026-03-11 15:32:30+00:00,,,,,,,,0.55,0.55,,0.0,0,False
2026-03-11 15:33:00+00:00,,,,,,,,0.55,0.55,,0.0,0,False
2026-03-11 15:33:30+00:00,,,,,,,,0.57,0.57,,33.0,1,False
2026-03-11 15:34:00+00:00,,,,,,,,0.57,0.57,,0.0,0,False
2026-03-11 15:34:30+00:00,,,,,,,,0.57,0.57,,0.0,0,False
2026-03-11 15:35:00+00:00,,,,,,,,0.57,0.57,,0.0,0,False
2026-03-11 15:35:30+00:00,,,,,,,,0.57,0.57,,0.0,0,False
2026-03-11 15:36:00+00:00,,,,,,,,0.57,0.57,,0.0,0,False
2026-03-11 15:36:30+00:00,,,,,,,,0.57,0.57,,0.0,0,False
2026-03-11 15:37:00+00:00,,,,,,,,0.57,0.57,,0.0,0,False
2026-03-11 15:37:30+00:00,,,,,,,,0.57,0.57,,0.0,0,False
2026-03-11 15:38:00+00:00,,,,,,,,0.57,0.57,,0.0,0,False
2026-03-11 15:38:30+00:00,,,,,,,,0.57,0.57,,0.0,0,False
2026-03-11 15:39:00+00:00,,,,,,,,0.57,0.57,,0.0,0,False
2026-03-11 15:39:30+00:00,,,,,,,,0.57,0.57,,0.0,0,False
2026-03-11 15:40:00+00:00,,,,,,,,0.57,0.57,,0.0,0,False
2026-03-11 15:40:30+00:00,,,,,,,,0.57,0.57,,0.0,0,False
2026-03-11 15:41:00+00:00,,,,,,,,0.57,0.57,,0.0,0,False
2026-03-11 15:41:30+00:00,,,,,,,,0.57,0.57,,0.0,0,False
2026-03-11 15:42:00+00:00,,,,,,,,0.57,0.57,,0.0,0,False
2026-03-11 15:42:30+00:00,,,,,,,,0.57,0.57,,0.0,0,False
2026-03-11 15:43:00+00:00,,,,,,,,0.57,0.57,,0.0,0,False
2026-03-11 15:43:30+00:00,,,,,,,,0.57,0.57,,0.0,0,False
2026-03-11 15:44:00+00:00,,,,,,,,0.5800000000000001,0.5800000000000001,,1.0,1,False
2026-03-11 15:44:30+00:00,,,,,,,,0.5800000000000001,0.5800000000000001,,0.0,0,False
2026-03-11 15:45:00+00:00,,,,,,,,0.5800000000000001,0.5800000000000001,,0.0,0,False
2026-03-11 15:45:30+00:00,,,,,,,,0.5800000000000001,0.5800000000000001,,0.0,0,False
2026-03-11 15:46:00+00:00,,,,,,,,0.5800000000000001,0.5800000000000001,,0.0,0,False
2026-03-11 15:46:30+00:00,,,,,,,,0.5800000000000001,0.5800000000000001,,0.0,0,False
2026-03-11 15:47:00+00:00,,,,,,,,0.5800000000000001,0.5800000000000001,,0.0,0,False
2026-03-11 15:47:30+00:00,,,,,,,,0.5800000000000001,0.5800000000000001,,0.0,0,False
2026-03-11 15:48:00+00:00,,,,,,,,0.5800000000000001,0.5800000000000001,,0.0,0,False
2026-03-11 15:48:30+00:00,,,,,,,,0.5800000000000001,0.5800000000000001,,0.0,0,False
2026-03-11 15:49:00+00:00,,,,,,,,0.5800000000000001,0.5800000000000001,,0.0,0,False
2026-03-11 15:49:30+00:00,,,,,,,,0.5800000000000001,0.5800000000000001,,0.0,0,False
2026-03-11 15:50:00+00:00,,,,,,,,0.55,0.55,,10.0,1,False
2026-03-11 15:50:30+00:00,,,,,,,,0.55,0.55,,0.0,0,False
2026-03-11 15:51:00+00:00,,,,,,,,0.55,0.55,,0.0,0,False
2026-03-11 15:51:30+00:00,,,,,,,,0.55,0.55,,0.0,0,False
2026-03-11 15:52:00+00:00,,,,,,,,0.55,0.55,,0.0,0,False
2026-03-11 15:52:30+00:00,,,,,,,,0.55,0.55,,0.0,0,False
2026-03-11 15:53:00+00:00,,,,,,,,0.55,0.55,,0.0,0,False
2026-03-11 15:53:30+00:00,,,,,,,,0.55,0.55,,0.0,0,False
2026-03-11 15:54:00+00:00,,,,,,,,0.55,0.55,,0.0,0,False
2026-03-11 15:54:30+00:00,,,,,,,,0.55,0.55,,0.0,0,False
2026-03-11 15:55:00+00:00,,,,,,,,0.55,0.55,,0.0,0,False
2026-03-11 15:55:30+00:00,,,,,,,,0.55,0.55,,0.0,0,False
2026-03-11 15:56:00+00:00,,,,,,,,0.55,0.55,,0.0,0,False
2026-03-11 15:56:30+00:00,,,,,,,,0.55,0.55,,0.0,0,False
2026-03-11 15:57:00+00:00,,,,,,,,0.55,0.55,,0.0,0,False
2026-03-11 15:57:30+00:00,,,,,,,,0.55,0.55,,0.0,0,False
2026-03-11 15:58:00+00:00,,,,,,,,0.55,0.55,,0.0,0,False
2026-03-11 15:58:30+00:00,,,,,,,,0.55,0.55,,0.0,0,False
2026-03-11 15:59:00+00:00,,,,,,,,0.55,0.55,,0.0,0,False
2026-03-11 15:59:30+00:00,,,,,,,,0.55,0.55,,0.0,0,False
2026-03-11 16:00:00+00:00,,,,,,,,0.55,0.55,,0.0,0,False
2026-03-11 16:00:30+00:00,,,,,,,,0.55,0.55,,0.0,0,False
2026-03-11 16:01:00+00:00,,,,,,,,0.55,0.55,,0.0,0,False
2026-03-11 16:01:30+00:00,,,,,,,,0.55,0.55,,0.0,0,False
2026-03-11 16:02:00+00:00,,,,,,,,0.55,0.55,,0.0,0,False
2026-03-11 16:02:30+00:00,,,,,,,,0.55,0.55,,0.0,0,False
2026-03-11 16:03:00+00:00,,,,,,,,0.55,0.55,,0.0,0,False
2026-03-11 16:03:30+00:00,,,,,,,,0.55,0.55,,0.0,0,False
2026-03-11 16:04:00+00:00,,,,,,,,0.55,0.55,,0.0,0,False
2026-03-11 16:04:30+00:00,,,,,,,,0.55,0.55,,0.0,0,False
2026-03-11 16:05:00+00:00,,,,,,,,0.55,0.55,,0.0,0,False
2026-03-11 16:05:30+00:00,,,,,,,,0.55,0.55,,0.0,0,False
2026-03-11 16:06:00+00:00,,,,,,,,0.55,0.55,,0.0,0,False
2026-03-11 16:06:30+00:00,,,,,,,,0.55,0.55,,0.0,0,False
2026-03-11 16:07:00+00:00,,,,,,,,0.55,0.55,,0.0,0,False
2026-03-11 16:07:30+00:00,,,,,,,,0.55,0.55,,0.0,0,False
2026-03-11 16:08:00+00:00,,,,,,,,0.55,0.55,,0.0,0,False
2026-03-11 16:08:30+00:00,,,,,,,,0.55,0.55,,0.0,0,False
2026-03-11 16:09:00+00:00,,,,,,,,0.55,0.55,,0.0,0,False
2026-03-11 16:09:30+00:00,,,,,,,,0.55,0.55,,0.0,0,False
2026-03-11 16:10:00+00:00,,,,,,,,0.55,0.55,,0.0,0,False
2026-03-11 16:10:30+00:00,,,,,,,,0.55,0.55,,0.0,0,False
2026-03-11 16:11:00+00:00,,,,,,,,0.55,0.55,,0.0,0,False
2026-03-11 16:11:30+00:00,,,,,,,,0.55,0.55,,0.0,0,False
2026-03-11 16:12:00+00:00,,,,,,,,0.55,0.55,,0.0,0,False
2026-03-11 16:12:30+00:00,,,,,,,,0.55,0.55,,0.0,0,False
2026-03-11 16:13:00+00:00,,,,,,,,0.55,0.55,,0.0,0,False
2026-03-11 16:13:30+00:00,,,,,,,,0.55,0.55,,0.0,0,False
2026-03-11 16:14:00+00:00,,,,,,,,0.55,0.55,,0.0,0,False
2026-03-11 16:14:30+00:00,,,,,,,,0.55,0.55,,0.0,0,False
2026-03-11 16:15:00+00:00,,,,,,,,0.55,0.55,,0.0,0,False
2026-03-11 16:15:30+00:00,,,,,,,,0.55,0.55,,0.0,0,False
2026-03-11 16:16:00+00:00,,,,,,,,0.55,0.55,,0.0,0,False
2026-03-11 16:16:30+00:00,,,,,,,,0.55,0.55,,0.0,0,False
2026-03-11 16:17:00+00:00,,,,,,,,0.55,0.55,,0.0,0,False
2026-03-11 16:17:30+00:00,,,,,,,,0.55,0.55,,0.0,0,False
2026-03-11 16:18:00+00:00,,,,,,,,0.55,0.55,,0.0,0,False
2026-03-11 16:18:30+00:00,,,,,,,,0.55,0.55,,0.0,0,False
2026-03-11 16:19:00+00:00,,,,,,,,0.58,0.58,,1.0,1,False
2026-03-11 16:19:30+00:00,,,,,,,,0.58,0.58,,0.0,0,False
2026-03-11 16:20:00+00:00,,,,,,,,0.58,0.58,,0.0,0,False
2026-03-11 16:20:30+00:00,,,,,,,,0.58,0.58,,0.0,0,False
2026-03-11 16:21:00+00:00,,,,,,,,0.58,0.58,,0.0,0,False
2026-03-11 16:21:30+00:00,,,,,,,,0.58,0.58,,0.0,0,False
2026-03-11 16:22:00+00:00,,,,,,,,0.58,0.58,,0.0,0,False
2026-03-11 16:22:30+00:00,,,,,,,,0.58,0.58,,0.0,0,False
2026-03-11 16:23:00+00:00,,,,,,,,0.58,0.58,,0.0,0,False
2026-03-11 16:23:30+00:00,,,,,,,,0.58,0.58,,0.0,0,False
2026-03-11 16:24:00+00:00,,,,,,,,0.58,0.58,,0.0,0,False
2026-03-11 16:24:30+00:00,,,,,,,,0.58,0.58,,0.0,0,False
2026-03-11 16:25:00+00:00,,,,,,,,0.58,0.58,,0.0,0,False
2026-03-11 16:25:30+00:00,,,,,,,,0.58,0.58,,0.0,0,False
2026-03-11 16:26:00+00:00,,,,,,,,0.58,0.58,,0.0,0,False
2026-03-11 16:26:30+00:00,,,,,,,,0.58,0.58,,0.0,0,False
2026-03-11 16:27:00+00:00,,,,,,,,0.58,0.58,,0.0,0,False
2026-03-11 16:27:30+00:00,,,,,,,,0.58,0.58,,0.0,0,False
2026-03-11 16:28:00+00:00,,,,,,,,0.58,0.58,,0.0,0,False
2026-03-11 16:28:30+00:00,,,,,,,,0.58,0.58,,0.0,0,False
2026-03-11 16:29:00+00:00,,,,,,,,0.55,0.55,,21.0,1,False
2026-03-11 16:29:30+00:00,,,,,,,,0.55,0.55,,0.0,0,False
2026-03-11 16:30:00+00:00,,,,,,,,0.55,0.55,,0.0,0,False
2026-03-11 16:30:30+00:00,,,,,,,,0.55,0.55,,0.0,0,False
2026-03-11 16:31:00+00:00,,,,,,,,0.55,0.55,,0.0,0,False
2026-03-11 16:31:30+00:00,,,,,,,,0.55,0.55,,0.0,0,False
2026-03-11 16:32:00+00:00,,,,,,,,0.55,0.55,,0.0,0,False
2026-03-11 16:32:30+00:00,,,,,,,,0.55,0.55,,0.0,0,False
2026-03-11 16:33:00+00:00,,,,,,,,0.55,0.55,,0.0,0,False
2026-03-11 16:33:30+00:00,,,,,,,,0.55,0.55,,0.0,0,False
2026-03-11 16:34:00+00:00,,,,,,,,0.55,0.55,,85.0,1,False
2026-03-11 16:34:30+00:00,,,,,,,,0.55,0.55,,0.0,0,False
2026-03-11 16:35:00+00:00,,,,,,,,0.55,0.55,,0.0,0,False
2026-03-11 16:35:30+00:00,,,,,,,,0.55,0.55,,0.0,0,False
2026-03-11 16:36:00+00:00,,,,,,,,0.55,0.55,,0.0,0,False
2026-03-11 16:36:30+00:00,,,,,,,,0.55,0.55,,0.0,0,False
2026-03-11 16:37:00+00:00,,,,,,,,0.55,0.55,,0.0,0,False
2026-03-11 16:37:30+00:00,,,,,,,,0.55,0.55,,0.0,0,False
2026-03-11 16:38:00+00:00,,,,,,,,0.55,0.55,,0.0,0,False
2026-03-11 16:38:30+00:00,,,,,,,,0.55,0.55,,0.0,0,False
2026-03-11 16:39:00+00:00,,,,,,,,0.55,0.55,,0.0,0,False
2026-03-11 16:39:30+00:00,,,,,,,,0.55,0.55,,0.0,0,False
2026-03-11 16:40:00+00:00,,,,,,,,0.55,0.55,,0.0,0,False
2026-03-11 16:40:30+00:00,,,,,,,,0.55,0.55,,0.0,0,False
2026-03-11 16:41:00+00:00,,,,,,,,0.55,0.55,,0.0,0,False
2026-03-11 16:41:30+00:00,,,,,,,,0.55,0.55,,0.0,0,False
2026-03-11 16:42:00+00:00,,,,,,,,0.55,0.55,,0.0,0,False
2026-03-11 16:42:30+00:00,,,,,,,,0.55,0.55,,0.0,0,False
2026-03-11 16:43:00+00:00,,,,,,,,0.55,0.55,,0.0,0,False
2026-03-11 16:43:30+00:00,,,,,,,,0.55,0.55,,0.0,0,False
2026-03-11 16:44:00+00:00,,,,,,,,0.55,0.55,,0.0,0,False
2026-03-11 16:44:30+00:00,,,,,,,,0.55,0.55,,0.0,0,False
2026-03-11 16:45:00+00:00,,,,,,,,0.55,0.55,,0.0,0,False
2026-03-11 16:45:30+00:00,,,,,,,,0.55,0.55,,0.0,0,False
2026-03-11 16:46:00+00:00,,,,,,,,0.55,0.55,,0.0,0,False
2026-03-11 16:46:30+00:00,,,,,,,,0.55,0.55,,0.0,0,False
2026-03-11 16:47:00+00:00,,,,,,,,0.55,0.55,,0.0,0,False
2026-03-11 16:47:30+00:00,,,,,,,,0.55,0.55,,0.0,0,False
2026-03-11 16:48:00+00:00,,,,,,,,0.55,0.55,,0.0,0,False
2026-03-11 16:48:30+00:00,,,,,,,,0.55,0.55,,0.0,0,False
2026-03-11 16:49:00+00:00,,,,,,,,0.55,0.55,,0.0,0,False
2026-03-11 16:49:30+00:00,,,,,,,,0.55,0.55,,0.0,0,False
2026-03-11 16:50:00+00:00,,,,,,,,0.55,0.55,,0.0,0,False
2026-03-11 16:50:30+00:00,,,,,,,,0.55,0.55,,0.0,0,False
2026-03-11 16:51:00+00:00,,,,,,,,0.55,0.55,,0.0,0,False
2026-03-11 16:51:30+00:00,,,,,,,,0.55,0.55,,0.0,0,False
2026-03-11 16:52:00+00:00,,,,,,,,0.55,0.55,,0.0,0,False
2026-03-11 16:52:30+00:00,,,,,,,,0.55,0.55,,0.0,0,False
2026-03-11 16:53:00+00:00,,,,,,,,0.55,0.55,,0.0,0,False
2026-03-11 16:53:30+00:00,,,,,,,,0.55,0.55,,0.0,0,False
2026-03-11 16:54:00+00:00,,,,,,,,0.55,0.55,,0.0,0,False
2026-03-11 16:54:30+00:00,,,,,,,,0.55,0.55,,0.0,0,False
2026-03-11 16:55:00+00:00,,,,,,,,0.55,0.55,,0.0,0,False
2026-03-11 16:55:30+00:00,,,,,,,,0.55,0.55,,0.0,0,False
2026-03-11 16:56:00+00:00,,,,,,,,0.55,0.55,,0.0,0,False
2026-03-11 16:56:30+00:00,,,,,,,,0.55,0.55,,0.0,0,False
2026-03-11 16:57:00+00:00,,,,,,,,0.55,0.55,,0.0,0,False
2026-03-11 16:57:30+00:00,,,,,,,,0.55,0.55,,0.0,0,False
2026-03-11 16:58:00+00:00,,,,,,,,0.55,0.55,,0.0,0,False
2026-03-11 16:58:30+00:00,,,,,,,,0.55,0.55,,0.0,0,False
2026-03-11 16:59:00+00:00,,,,,,,,0.55,0.55,,0.0,0,False
2026-03-11 16:59:30+00:00,,,,,,,,0.55,0.55,,0.0,0,False
2026-03-11 17:00:00+00:00,,,,,,,,0.55,0.55,,0.0,0,False
2026-03-11 17:00:30+00:00,,,,,,,,0.55,0.55,,1.0,1,False
2026-03-11 17:01:00+00:00,,,,,,,,0.55,0.55,,0.0,0,False
2026-03-11 17:01:30+00:00,,,,,,,,0.55,0.55,,0.0,0,False
2026-03-11 17:02:00+00:00,,,,,,,,0.55,0.55,,0.0,0,False
2026-03-11 17:02:30+00:00,,,,,,,,0.55,0.55,,0.0,0,False
2026-03-11 17:03:00+00:00,,,,,,,,0.55,0.55,,0.0,0,False
2026-03-11 17:03:30+00:00,,,,,,,,0.55,0.55,,0.0,0,False
2026-03-11 17:04:00+00:00,,,,,,,,0.55,0.55,,0.0,0,False
2026-03-11 17:04:30+00:00,,,,,,,,0.55,0.55,,0.0,0,False
2026-03-11 17:05:00+00:00,,,,,,,,0.55,0.55,,0.0,0,False
2026-03-11 17:05:30+00:00,,,,,,,,0.55,0.55,,0.0,0,False
2026-03-11 17:06:00+00:00,,,,,,,,0.55,0.55,,0.0,0,False
2026-03-11 17:06:30+00:00,,,,,,,,0.55,0.55,,0.0,0,False
2026-03-11 17:07:00+00:00,,,,,,,,0.55,0.55,,0.0,0,False
2026-03-11 17:07:30+00:00,,,,,,,,0.55,0.55,,0.0,0,False
2026-03-11 17:08:00+00:00,,,,,,,,0.55,0.55,,0.0,0,False
2026-03-11 17:08:30+00:00,,,,,,,,0.55,0.55,,0.0,0,False
2026-03-11 17:09:00+00:00,,,,,,,,0.55,0.55,,0.0,0,False
2026-03-11 17:09:30+00:00,,,,,,,,0.55,0.55,,0.0,0,False
2026-03-11 17:10:00+00:00,,,,,,,,0.55,0.55,,0.0,0,False
2026-03-11 17:10:30+00:00,,,,,,,,0.55,0.55,,0.0,0,False
2026-03-11 17:11:00+00:00,,,,,,,,0.55,0.55,,0.0,0,False
2026-03-11 17:11:30+00:00,,,,,,,,0.55,0.55,,0.0,0,False
2026-03-11 17:12:00+00:00,,,,,,,,0.55,0.55,,0.0,0,False
2026-03-11 17:12:30+00:00,,,,,,,,0.55,0.55,,0.0,0,False
2026-03-11 17:13:00+00:00,,,,,,,,0.55,0.55,,0.0,0,False
2026-03-11 17:13:30+00:00,,,,,,,,0.55,0.55,,0.0,0,False
2026-03-11 17:14:00+00:00,,,,,,,,0.55,0.55,,0.0,0,False
2026-03-11 17:14:30+00:00,,,,,,,,0.55,0.55,,0.0,0,False
2026-03-11 17:15:00+00:00,,,,,,,,0.55,0.55,,0.0,0,False
2026-03-11 17:15:30+00:00,,,,,,,,0.55,0.55,,0.0,0,False
2026-03-11 17:16:00+00:00,,,,,,,,0.55,0.55,,0.0,0,False
2026-03-11 17:16:30+00:00,,,,,,,,0.55,0.55,,0.0,0,False
2026-03-11 17:17:00+00:00,,,,,,,,0.55,0.55,,0.0,0,False
2026-03-11 17:17:30+00:00,,,,,,,,0.55,0.55,,0.0,0,False
2026-03-11 17:18:00+00:00,,,,,,,,0.55,0.55,,0.0,0,False
2026-03-11 17:18:30+00:00,,,,,,,,0.55,0.55,,0.0,0,False
2026-03-11 17:19:00+00:00,,,,,,,,0.55,0.55,,0.0,0,False
2026-03-11 17:19:30+00:00,,,,,,,,0.55,0.55,,0.0,0,False
2026-03-11 17:20:00+00:00,,,,,,,,0.55,0.55,,0.0,0,False
2026-03-11 17:20:30+00:00,,,,,,,,0.55,0.55,,0.0,0,False
2026-03-11 17:21:00+00:00,,,,,,,,0.55,0.55,,0.0,0,False
2026-03-11 17:21:30+00:00,,,,,,,,0.55,0.55,,0.0,0,False
2026-03-11 17:22:00+00:00,,,,,,,,0.55,0.55,,0.0,0,False
2026-03-11 17:22:30+00:00,,,,,,,,0.55,0.55,,0.0,0,False
2026-03-11 17:23:00+00:00,,,,,,,,0.55,0.55,,0.0,0,False
2026-03-11 17:23:30+00:00,,,,,,,,0.55,0.55,,0.0,0,False
2026-03-11 17:24:00+00:00,,,,,,,,0.55,0.55,,0.0,0,False
2026-03-11 17:24:30+00:00,,,,,,,,0.58,0.58,,16.0,1,False
2026-03-11 17:25:00+00:00,,,,,,,,0.58,0.58,,0.0,0,False
2026-03-11 17:25:30+00:00,,,,,,,,0.58,0.58,,0.0,0,False
2026-03-11 17:26:00+00:00,,,,,,,,0.58,0.58,,0.0,0,False
2026-03-11 17:26:30+00:00,,,,,,,,0.58,0.58,,0.0,0,False
2026-03-11 17:27:00+00:00,,,,,,,,0.58,0.58,,0.0,0,False
2026-03-11 17:27:30+00:00,,,,,,,,0.58,0.58,,0.0,0,False
2026-03-11 17:28:00+00:00,,,,,,,,0.58,0.58,,0.0,0,False
2026-03-11 17:28:30+00:00,,,,,,,,0.58,0.58,,0.0,0,False
2026-03-11 17:29:00+00:00,,,,,,,,0.58,0.58,,0.0,0,False
2026-03-11 17:29:30+00:00,,,,,,,,0.58,0.58,,0.0,0,False
2026-03-11 17:30:00+00:00,,,,,,,,0.55,0.55,,8.0,1,False
2026-03-11 17:30:30+00:00,,,,,,,,0.55,0.55,,0.0,0,False
2026-03-11 17:31:00+00:00,,,,,,,,0.55,0.55,,0.0,0,False
2026-03-11 17:31:30+00:00,,,,,,,,0.55,0.55,,0.0,0,False
2026-03-11 17:32:00+00:00,,,,,,,,0.55,0.55,,0.0,0,False
2026-03-11 17:32:30+00:00,,,,,,,,0.55,0.55,,0.0,0,False
2026-03-11 17:33:00+00:00,,,,,,,,0.55,0.55,,0.0,0,False
2026-03-11 17:33:30+00:00,,,,,,,,0.55,0.55,,10.0,1,False
2026-03-11 17:34:00+00:00,,,,,,,,0.55,0.55,,0.0,0,False
2026-03-11 17:34:30+00:00,,,,,,,,0.55,0.55,,0.0,0,False
2026-03-11 17:35:00+00:00,,,,,,,,0.55,0.55,,0.0,0,False
2026-03-11 17:35:30+00:00,,,,,,,,0.55,0.55,,0.0,0,False
2026-03-11 17:36:00+00:00,,,,,,,,0.55,0.55,,0.0,0,False
2026-03-11 17:36:30+00:00,,,,,,,,0.55,0.55,,0.0,0,False
2026-03-11 17:37:00+00:00,,,,,,,,0.55,0.55,,0.0,0,False
2026-03-11 17:37:30+00:00,,,,,,,,0.55,0.55,,0.0,0,False
2026-03-11 17:38:00+00:00,,,,,,,,0.55,0.55,,0.0,0,False
2026-03-11 17:38:30+00:00,,,,,,,,0.55,0.55,,0.0,0,False
2026-03-11 17:39:00+00:00,,,,,,,,0.55,0.55,,0.0,0,False
2026-03-11 17:39:30+00:00,,,,,,,,0.55,0.55,,0.0,0,False
2026-03-11 17:40:00+00:00,,,,,,,,0.55,0.55,,0.0,0,False
2026-03-11 17:40:30+00:00,,,,,,,,0.55,0.55,,0.0,0,False
2026-03-11 17:41:00+00:00,,,,,,,,0.55,0.55,,0.0,0,False
2026-03-11 17:41:30+00:00,,,,,,,,0.55,0.55,,0.0,0,False
2026-03-11 17:42:00+00:00,,,,,,,,0.55,0.55,,0.0,0,False
2026-03-11 17:42:30+00:00,,,,,,,,0.55,0.55,,0.0,0,False
2026-03-11 17:43:00+00:00,,,,,,,,0.55,0.55,,0.0,0,False
2026-03-11 17:43:30+00:00,,,,,,,,0.55,0.55,,0.0,0,False
2026-03-11 17:44:00+00:00,,,,,,,,0.55,0.55,,0.0,0,False
2026-03-11 17:44:30+00:00,,,,,,,,0.55,0.55,,0.0,0,False
2026-03-11 17:45:00+00:00,,,,,,,,0.55,0.55,,0.0,0,False
2026-03-11 17:45:30+00:00,,,,,,,,0.55,0.55,,0.0,0,False
2026-03-11 17:46:00+00:00,,,,,,,,0.55,0.55,,0.0,0,False
2026-03-11 17:46:30+00:00,,,,,,,,0.55,0.55,,0.0,0,False
2026-03-11 17:47:00+00:00,,,,,,,,0.55,0.55,,0.0,0,False
2026-03-11 17:47:30+00:00,,,,,,,,0.55,0.55,,0.0,0,False
2026-03-11 17:48:00+00:00,,,,,,,,0.55,0.55,,0.0,0,False
2026-03-11 17:48:30+00:00,,,,,,,,0.55,0.55,,0.0,0,False
2026-03-11 17:49:00+00:00,,,,,,,,0.55,0.55,,0.0,0,False
2026-03-11 17:49:30+00:00,,,,,,,,0.55,0.55,,0.0,0,False
2026-03-11 17:50:00+00:00,,,,,,,,0.55,0.55,,0.0,0,False
2026-03-11 17:50:30+00:00,,,,,,,,0.55,0.55,,0.0,0,False
2026-03-11 17:51:00+00:00,,,,,,,,0.55,0.55,,0.0,0,False
2026-03-11 17:51:30+00:00,,,,,,,,0.55,0.55,,0.0,0,False
2026-03-11 17:52:00+00:00,,,,,,,,0.55,0.55,,0.0,0,False
2026-03-11 17:52:30+00:00,,,,,,,,0.55,0.55,,0.0,0,False
2026-03-11 17:53:00+00:00,,,,,,,,0.55,0.55,,0.0,0,False
2026-03-11 17:53:30+00:00,,,,,,,,0.55,0.55,,0.0,0,False
2026-03-11 17:54:00+00:00,,,,,,,,0.55,0.55,,0.0,0,False
2026-03-11 17:54:30+00:00,,,,,,,,0.55,0.55,,0.0,0,False
2026-03-11 17:55:00+00:00,,,,,,,,0.55,0.55,,0.0,0,False
2026-03-11 17:55:30+00:00,,,,,,,,0.55,0.55,,0.0,0,False
2026-03-11 17:56:00+00:00,,,,,,,,0.55,0.55,,0.0,0,False
2026-03-11 17:56:30+00:00,,,,,,,,0.55,0.55,,0.0,0,False
2026-03-11 17:57:00+00:00,,,,,,,,0.55,0.55,,0.0,0,False
2026-03-11 17:57:30+00:00,,,,,,,,0.55,0.55,,0.0,0,False
2026-03-11 17:58:00+00:00,,,,,,,,0.55,0.55,,0.0,0,False
2026-03-11 17:58:30+00:00,,,,,,,,0.55,0.55,,0.0,0,False
2026-03-11 17:59:00+00:00,,,,,,,,0.55,0.55,,0.0,0,False
2026-03-11 17:59:30+00:00,,,,,,,,0.55,0.55,,0.0,0,False
2026-03-11 18:00:00+00:00,,,,,,,,0.55,0.55,,0.0,0,False
2026-03-11 18:00:30+00:00,,,,,,,,0.55,0.55,,0.0,0,False
2026-03-11 18:01:00+00:00,,,,,,,,0.55,0.55,,0.0,0,False
2026-03-11 18:01:30+00:00,,,,,,,,0.55,0.55,,0.0,0,False
2026-03-11 18:02:00+00:00,,,,,,,,0.55,0.55,,0.0,0,False
2026-03-11 18:02:30+00:00,,,,,,,,0.55,0.55,,0.0,0,False
2026-03-11 18:03:00+00:00,,,,,,,,0.55,0.55,,0.0,0,False
2026-03-11 18:03:30+00:00,,,,,,,,0.55,0.55,,0.0,0,False
2026-03-11 18:04:00+00:00,,,,,,,,0.55,0.55,,0.0,0,False
2026-03-11 18:04:30+00:00,,,,,,,,0.55,0.55,,0.0,0,False
2026-03-11 18:05:00+00:00,,,,,,,,0.55,0.55,,0.0,0,False
2026-03-11 18:05:30+00:00,,,,,,,,0.55,0.55,,0.0,0,False
2026-03-11 18:06:00+00:00,,,,,,,,0.55,0.55,,0.0,0,False
2026-03-11 18:06:30+00:00,,,,,,,,0.55,0.55,,0.0,0,False
2026-03-11 18:07:00+00:00,,,,,,,,0.55,0.55,,0.0,0,False
2026-03-11 18:07:30+00:00,,,,,,,,0.55,0.55,,0.0,0,False
2026-03-11 18:08:00+00:00,,,,,,,,0.55,0.55,,0.0,0,False
2026-03-11 18:08:30+00:00,,,,,,,,0.55,0.55,,0.0,0,False
2026-03-11 18:09:00+00:00,,,,,,,,0.55,0.55,,0.0,0,False
2026-03-11 18:09:30+00:00,,,,,,,,0.55,0.55,,0.0,0,False
2026-03-11 18:10:00+00:00,,,,,,,,0.55,0.55,,0.0,0,False
2026-03-11 18:10:30+00:00,,,,,,,,0.55,0.55,,0.0,0,False
2026-03-11 18:11:00+00:00,,,,,,,,0.55,0.55,,0.0,0,False
2026-03-11 18:11:30+00:00,,,,,,,,0.55,0.55,,0.0,0,False
2026-03-11 18:12:00+00:00,,,,,,,,0.55,0.55,,0.0,0,False
2026-03-11 18:12:30+00:00,,,,,,,,0.55,0.55,,0.0,0,False
2026-03-11 18:13:00+00:00,,,,,,,,0.55,0.55,,0.0,0,False
2026-03-11 18:13:30+00:00,,,,,,,,0.55,0.55,,0.0,0,False
2026-03-11 18:14:00+00:00,,,,,,,,0.55,0.55,,0.0,0,False
2026-03-11 18:14:30+00:00,,,,,,,,0.55,0.55,,0.0,0,False
2026-03-11 18:15:00+00:00,,,,,,,,0.55,0.55,,0.0,0,False
2026-03-11 18:15:30+00:00,,,,,,,,0.55,0.55,,0.0,0,False
2026-03-11 18:16:00+00:00,,,,,,,,0.55,0.55,,0.0,0,False
2026-03-11 18:16:30+00:00,,,,,,,,0.55,0.55,,0.0,0,False
2026-03-11 18:17:00+00:00,,,,,,,,0.55,0.55,,0.0,0,False
2026-03-11 18:17:30+00:00,,,,,,,,0.55,0.55,,0.0,0,False
2026-03-11 18:18:00+00:00,,,,,,,,0.55,0.55,,0.0,0,False
2026-03-11 18:18:30+00:00,,,,,,,,0.55,0.55,,0.0,0,False
2026-03-11 18:19:00+00:00,,,,,,,,0.55,0.55,,0.0,0,False
2026-03-11 18:19:30+00:00,,,,,,,,0.55,0.55,,0.0,0,False
2026-03-11 18:20:00+00:00,,,,,,,,0.55,0.55,,0.0,0,False
2026-03-11 18:20:30+00:00,,,,,,,,0.55,0.55,,0.0,0,False
2026-03-11 18:21:00+00:00,,,,,,,,0.55,0.55,,0.0,0,False
2026-03-11 18:21:30+00:00,,,,,,,,0.55,0.55,,0.0,0,False
2026-03-11 18:22:00+00:00,,,,,,,,0.55,0.55,,0.0,0,False
2026-03-11 18:22:30+00:00,,,,,,,,0.55,0.55,,0.0,0,False
2026-03-11 18:23:00+00:00,,,,,,,,0.55,0.55,,0.0,0,False
2026-03-11 18:23:30+00:00,,,,,,,,0.55,0.55,,0.0,0,False
2026-03-11 18:24:00+00:00,,,,,,,,0.55,0.55,,0.0,0,False
2026-03-11 18:24:30+00:00,,,,,,,,0.55,0.55,,0.0,0,False
2026-03-11 18:25:00+00:00,,,,,,,,0.55,0.55,,0.0,0,False
2026-03-11 18:25:30+00:00,,,,,,,,0.55,0.55,,0.0,0,False
2026-03-11 18:26:00+00:00,,,,,,,,0.55,0.55,,0.0,0,False
2026-03-11 18:26:30+00:00,,,,,,,,0.55,0.55,,0.0,0,False
2026-03-11 18:27:00+00:00,,,,,,,,0.55,0.55,,0.0,0,False
2026-03-11 18:27:30+00:00,,,,,,,,0.55,0.55,,0.0,0,False
2026-03-11 18:28:00+00:00,,,,,,,,0.55,0.55,,0.0,0,False
2026-03-11 18:28:30+00:00,,,,,,,,0.55,0.55,,0.0,0,False
2026-03-11 18:29:00+00:00,,,,,,,,0.55,0.55,,0.0,0,False
2026-03-11 18:29:30+00:00,,,,,,,,0.55,0.55,,0.0,0,False
2026-03-11 18:30:00+00:00,,,,,,,,0.55,0.55,,0.0,0,False
2026-03-11 18:30:30+00:00,,,,,,,,0.55,0.55,,0.0,0,False
2026-03-11 18:31:00+00:00,,,,,,,,0.55,0.55,,0.0,0,False
2026-03-11 18:31:30+00:00,,,,,,,,0.55,0.55,,0.0,0,False
2026-03-11 18:32:00+00:00,,,,,,,,0.55,0.55,,0.0,0,False
2026-03-11 18:32:30+00:00,,,,,,,,0.55,0.55,,0.0,0,False
2026-03-11 18:33:00+00:00,,,,,,,,0.55,0.55,,0.0,0,False
2026-03-11 18:33:30+00:00,,,,,,,,0.55,0.55,,0.0,0,False
2026-03-11 18:34:00+00:00,,,,,,,,0.55,0.55,,0.0,0,False
2026-03-11 18:34:30+00:00,,,,,,,,0.55,0.55,,0.0,0,False
2026-03-11 18:35:00+00:00,,,,,,,,0.55,0.55,,0.0,0,False
2026-03-11 18:35:30+00:00,,,,,,,,0.55,0.55,,0.0,0,False
2026-03-11 18:36:00+00:00,,,,,,,,0.55,0.55,,0.0,0,False
2026-03-11 18:36:30+00:00,,,,,,,,0.55,0.55,,0.0,0,False
2026-03-11 18:37:00+00:00,,,,,,,,0.55,0.55,,10.0,1,False
2026-03-11 18:37:30+00:00,,,,,,,,0.55,0.55,,0.0,0,False
2026-03-11 18:38:00+00:00,,,,,,,,0.55,0.55,,0.0,0,False
2026-03-11 18:38:30+00:00,,,,,,,,0.55,0.55,,0.0,0,False
2026-03-11 18:39:00+00:00,,,,,,,,0.55,0.55,,0.0,0,False
2026-03-11 18:39:30+00:00,,,,,,,,0.55,0.55,,0.0,0,False
2026-03-11 18:40:00+00:00,,,,,,,,0.55,0.55,,0.0,0,False
2026-03-11 18:40:30+00:00,,,,,,,,0.55,0.55,,0.0,0,False
2026-03-11 18:41:00+00:00,,,,,,,,0.55,0.55,,0.0,0,False
2026-03-11 18:41:30+00:00,,,,,,,,0.55,0.55,,0.0,0,False
2026-03-11 18:42:00+00:00,,,,,,,,0.55,0.55,,0.0,0,False
2026-03-11 18:42:30+00:00,,,,,,,,0.55,0.55,,0.0,0,False
2026-03-11 18:43:00+00:00,,,,,,,,0.55,0.55,,0.0,0,False
2026-03-11 18:43:30+00:00,,,,,,,,0.55,0.55,,0.0,0,False
2026-03-11 18:44:00+00:00,,,,,,,,0.55,0.55,,0.0,0,False
2026-03-11 18:44:30+00:00,,,,,,,,0.55,0.55,,0.0,0,False
2026-03-11 18:45:00+00:00,,,,,,,,0.55,0.55,,0.0,0,False
2026-03-11 18:45:30+00:00,,,,,,,,0.5670967741935483,0.57,,31.0,3,False
2026-03-11 18:46:00+00:00,,,,,,,,0.5670967741935483,0.57,,0.0,0,False
2026-03-11 18:46:30+00:00,,,,,,,,0.5670967741935483,0.57,,0.0,0,False
2026-03-11 18:47:00+00:00,,,,,,,,0.5670967741935483,0.57,,0.0,0,False
2026-03-11 18:47:30+00:00,,,,,,,,0.5670967741935483,0.57,,0.0,0,False
2026-03-11 18:48:00+00:00,,,,,,,,0.5670967741935483,0.57,,0.0,0,False
2026-03-11 18:48:30+00:00,,,,,,,,0.5670967741935483,0.57,,0.0,0,False
2026-03-11 18:49:00+00:00,,,,,,,,0.5670967741935483,0.57,,0.0,0,False
2026-03-11 18:49:30+00:00,,,,,,,,0.5670967741935483,0.57,,0.0,0,False
2026-03-11 18:50:00+00:00,,,,,,,,0.5670967741935483,0.57,,0.0,0,False
2026-03-11 18:50:30+00:00,,,,,,,,0.55,0.55,,21.0,2,False
2026-03-11 18:51:00+00:00,,,,,,,,0.55,0.55,,0.0,0,False
2026-03-11 18:51:30+00:00,,,,,,,,0.55,0.55,,0.0,0,False
2026-03-11 18:52:00+00:00,,,,,,,,0.55,0.55,,0.0,0,False
2026-03-11 18:52:30+00:00,,,,,,,,0.55,0.55,,0.0,0,False
2026-03-11 18:53:00+00:00,,,,,,,,0.55,0.55,,0.0,0,False
2026-03-11 18:53:30+00:00,,,,,,,,0.55,0.55,,0.0,0,False
2026-03-11 18:54:00+00:00,,,,,,,,0.55,0.55,,0.0,0,False
2026-03-11 18:54:30+00:00,,,,,,,,0.55,0.55,,0.0,0,False
2026-03-11 18:55:00+00:00,,,,,,,,0.55,0.55,,0.0,0,False
2026-03-11 18:55:30+00:00,,,,,,,,0.55,0.55,,0.0,0,False
2026-03-11 18:56:00+00:00,,,,,,,,0.55,0.55,,0.0,0,False
2026-03-11 18:56:30+00:00,,,,,,,,0.55,0.55,,0.0,0,False
2026-03-11 18:57:00+00:00,,,,,,,,0.56,0.56,,21.0,1,False
2026-03-11 18:57:30+00:00,,,,,,,,0.56,0.56,,0.0,0,False
2026-03-11 18:58:00+00:00,,,,,,,,0.56,0.56,,0.0,0,False
2026-03-11 18:58:30+00:00,,,,,,,,0.56,0.56,,0.0,0,False
2026-03-11 18:59:00+00:00,,,,,,,,0.56,0.56,,0.0,0,False
2026-03-11 18:59:30+00:00,,,,,,,,0.56,0.56,,0.0,0,False
2026-03-11 19:00:00+00:00,,,,,,,,0.56,0.56,,0.0,0,False
2026-03-11 19:00:30+00:00,,,,,,,,0.56,0.56,,0.0,0,False
2026-03-11 19:01:00+00:00,,,,,,,,0.56,0.56,,0.0,0,False
2026-03-11 19:01:30+00:00,,,,,,,,0.56,0.56,,0.0,0,False
2026-03-11 19:02:00+00:00,,,,,,,,0.56,0.56,,0.0,0,False
2026-03-11 19:02:30+00:00,,,,,,,,0.56,0.56,,0.0,0,False
2026-03-11 19:03:00+00:00,,,,,,,,0.56,0.56,,0.0,0,False
2026-03-11 19:03:30+00:00,,,,,,,,0.56,0.56,,0.0,0,False
2026-03-11 19:04:00+00:00,,,,,,,,0.56,0.56,,0.0,0,False
2026-03-11 19:04:30+00:00,,,,,,,,0.56,0.56,,0.0,0,False
2026-03-11 19:05:00+00:00,,,,,,,,0.56,0.56,,0.0,0,False
2026-03-11 19:05:30+00:00,,,,,,,,0.56,0.56,,0.0,0,False
2026-03-11 19:06:00+00:00,,,,,,,,0.56,0.56,,0.0,0,False
2026-03-11 19:06:30+00:00,,,,,,,,0.56,0.56,,0.0,0,False
2026-03-11 19:07:00+00:00,,,,,,,,0.56,0.56,,0.0,0,False
2026-03-11 19:07:30+00:00,,,,,,,,0.5800000000000001,0.5800000000000001,,1.0,1,False
2026-03-11 19:08:00+00:00,,,,,,,,0.5800000000000001,0.5800000000000001,,0.0,0,False
2026-03-11 19:08:30+00:00,,,,,,,,0.5800000000000001,0.5800000000000001,,0.0,0,False
2026-03-11 19:09:00+00:00,,,,,,,,0.5800000000000001,0.5800000000000001,,0.0,0,False
2026-03-11 19:09:30+00:00,,,,,,,,0.5800000000000001,0.5800000000000001,,0.0,0,False
2026-03-11 19:10:00+00:00,,,,,,,,0.5800000000000001,0.5800000000000001,,0.0,0,False
2026-03-11 19:10:30+00:00,,,,,,,,0.5800000000000001,0.5800000000000001,,0.0,0,False
2026-03-11 19:11:00+00:00,,,,,,,,0.5800000000000001,0.5800000000000001,,0.0,0,False
2026-03-11 19:11:30+00:00,,,,,,,,0.5800000000000001,0.5800000000000001,,0.0,0,False
2026-03-11 19:12:00+00:00,,,,,,,,0.5800000000000001,0.5800000000000001,,0.0,0,False
2026-03-11 19:12:30+00:00,,,,,,,,0.5800000000000001,0.5800000000000001,,0.0,0,False
2026-03-11 19:13:00+00:00,,,,,,,,0.5800000000000001,0.5800000000000001,,0.0,0,False
2026-03-11 19:13:30+00:00,,,,,,,,0.5800000000000001,0.5800000000000001,,0.0,0,False
2026-03-11 19:14:00+00:00,,,,,,,,0.5800000000000001,0.5800000000000001,,0.0,0,False
2026-03-11 19:14:30+00:00,,,,,,,,0.5800000000000001,0.5800000000000001,,0.0,0,False
2026-03-11 19:15:00+00:00,,,,,,,,0.5800000000000001,0.5800000000000001,,0.0,0,False
2026-03-11 19:15:30+00:00,,,,,,,,0.5800000000000001,0.5800000000000001,,0.0,0,False
2026-03-11 19:16:00+00:00,,,,,,,,0.5800000000000001,0.5800000000000001,,0.0,0,False
2026-03-11 19:16:30+00:00,,,,,,,,0.5800000000000001,0.5800000000000001,,0.0,0,False
2026-03-11 19:17:00+00:00,,,,,,,,0.5800000000000001,0.5800000000000001,,0.0,0,False
2026-03-11 19:17:30+00:00,,,,,,,,0.5800000000000001,0.5800000000000001,,0.0,0,False
2026-03-11 19:18:00+00:00,,,,,,,,0.5800000000000001,0.5800000000000001,,0.0,0,False
2026-03-11 19:18:30+00:00,,,,,,,,0.5800000000000001,0.5800000000000001,,0.0,0,False
2026-03-11 19:19:00+00:00,,,,,,,,0.5800000000000001,0.5800000000000001,,0.0,0,False
2026-03-11 19:19:30+00:00,,,,,,,,0.5800000000000001,0.5800000000000001,,0.0,0,False
2026-03-11 19:20:00+00:00,,,,,,,,0.5800000000000001,0.5800000000000001,,0.0,0,False
2026-03-11 19:20:30+00:00,,,,,,,,0.5800000000000001,0.5800000000000001,,0.0,0,False
2026-03-11 19:21:00+00:00,,,,,,,,0.5800000000000001,0.5800000000000001,,0.0,0,False
2026-03-11 19:21:30+00:00,,,,,,,,0.5800000000000001,0.5800000000000001,,0.0,0,False
2026-03-11 19:22:00+00:00,,,,,,,,0.5800000000000001,0.5800000000000001,,0.0,0,False
2026-03-11 19:22:30+00:00,,,,,,,,0.5800000000000001,0.5800000000000001,,0.0,0,False
2026-03-11 19:23:00+00:00,,,,,,,,0.5800000000000001,0.5800000000000001,,0.0,0,False
2026-03-11 19:23:30+00:00,,,,,,,,0.56,0.56,,1.0,1,False
2026-03-11 19:24:00+00:00,,,,,,,,0.56,0.56,,0.0,0,False
2026-03-11 19:24:30+00:00,,,,,,,,0.56,0.56,,0.0,0,False
2026-03-11 19:25:00+00:00,,,,,,,,0.56,0.56,,0.0,0,False
2026-03-11 19:25:30+00:00,,,,,,,,0.56,0.56,,0.0,0,False
2026-03-11 19:26:00+00:00,,,,,,,,0.56,0.56,,0.0,0,False
2026-03-11 19:26:30+00:00,,,,,,,,0.56,0.56,,0.0,0,False
2026-03-11 19:27:00+00:00,,,,,,,,0.56,0.56,,0.0,0,False
2026-03-11 19:27:30+00:00,,,,,,,,0.56,0.56,,0.0,0,False
2026-03-11 19:28:00+00:00,,,,,,,,0.56,0.56,,0.0,0,False
2026-03-11 19:28:30+00:00,,,,,,,,0.56,0.56,,0.0,0,False
2026-03-11 19:29:00+00:00,,,,,,,,0.56,0.56,,0.0,0,False
2026-03-11 19:29:30+00:00,,,,,,,,0.56,0.56,,0.0,0,False
2026-03-11 19:30:00+00:00,,,,,,,,0.56,0.56,,0.0,0,False
2026-03-11 19:30:30+00:00,,,,,,,,0.56,0.56,,0.0,0,False
2026-03-11 19:31:00+00:00,,,,,,,,0.56,0.56,,0.0,0,False
2026-03-11 19:31:30+00:00,,,,,,,,0.56,0.56,,0.0,0,False
2026-03-11 19:32:00+00:00,,,,,,,,0.56,0.56,,0.0,0,False
2026-03-11 19:32:30+00:00,,,,,,,,0.56,0.56,,0.0,0,False
2026-03-11 19:33:00+00:00,,,,,,,,0.56,0.56,,0.0,0,False
2026-03-11 19:33:30+00:00,,,,,,,,0.56,0.56,,0.0,0,False
2026-03-11 19:34:00+00:00,,,,,,,,0.56,0.56,,0.0,0,False
2026-03-11 19:34:30+00:00,,,,,,,,0.56,0.56,,0.0,0,False
2026-03-11 19:35:00+00:00,,,,,,,,0.56,0.56,,0.0,0,False
2026-03-11 19:35:30+00:00,,,,,,,,0.56,0.56,,0.0,0,False
2026-03-11 19:36:00+00:00,,,,,,,,0.56,0.56,,0.0,0,False
2026-03-11 19:36:30+00:00,,,,,,,,0.56,0.56,,0.0,0,False
2026-03-11 19:37:00+00:00,,,,,,,,0.56,0.56,,0.0,0,False
2026-03-11 19:37:30+00:00,,,,,,,,0.56,0.56,,0.0,0,False
2026-03-11 19:38:00+00:00,,,,,,,,0.56,0.56,,0.0,0,False
2026-03-11 19:38:30+00:00,,,,,,,,0.56,0.56,,0.0,0,False
2026-03-11 19:39:00+00:00,,,,,,,,0.56,0.56,,0.0,0,False
2026-03-11 19:39:30+00:00,,,,,,,,0.56,0.56,,0.0,0,False
2026-03-11 19:40:00+00:00,,,,,,,,0.56,0.56,,0.0,0,False
2026-03-11 19:40:30+00:00,,,,,,,,0.56,0.56,,0.0,0,False
2026-03-11 19:41:00+00:00,,,,,,,,0.56,0.56,,0.0,0,False
2026-03-11 19:41:30+00:00,,,,,,,,0.56,0.56,,0.0,0,False
2026-03-11 19:42:00+00:00,,,,,,,,0.56,0.56,,0.0,0,False
2026-03-11 19:42:30+00:00,,,,,,,,0.5700000000000001,0.5700000000000001,,111.0,1,False
2026-03-11 19:43:00+00:00,,,,,,,,0.57,0.57,,51.0,1,False
2026-03-11 19:43:30+00:00,,,,,,,,0.57975,0.58,,200.0,2,False
2026-03-11 19:44:00+00:00,,,,,,,,0.57975,0.58,,0.0,0,False
2026-03-11 19:44:30+00:00,,,,,,,,0.5700000000000001,0.5700000000000001,,17.0,1,False
2026-03-11 19:45:00+00:00,,,,,,,,0.5700000000000001,0.5700000000000001,,0.0,0,False
2026-03-11 19:45:30+00:00,,,,,,,,0.5700000000000001,0.5700000000000001,,0.0,0,False
2026-03-11 19:46:00+00:00,,,,,,,,0.5700000000000001,0.5700000000000001,,0.0,0,False
2026-03-11 19:46:30+00:00,,,,,,,,0.5700000000000001,0.5700000000000001,,0.0,0,False
2026-03-11 19:47:00+00:00,,,,,,,,0.5700000000000001,0.5700000000000001,,0.0,0,False
2026-03-11 19:47:30+00:00,,,,,,,,0.5700000000000001,0.5700000000000001,,0.0,0,False
2026-03-11 19:48:00+00:00,,,,,,,,0.5700000000000001,0.5700000000000001,,0.0,0,False
2026-03-11 19:48:30+00:00,,,,,,,,0.5700000000000001,0.5700000000000001,,0.0,0,False
2026-03-11 19:49:00+00:00,,,,,,,,0.5700000000000001,0.5700000000000001,,0.0,0,False
2026-03-11 19:49:30+00:00,,,,,,,,0.5700000000000001,0.5700000000000001,,0.0,0,False
2026-03-11 19:50:00+00:00,,,,,,,,0.5700000000000001,0.5700000000000001,,0.0,0,False
2026-03-11 19:50:30+00:00,,,,,,,,0.5700000000000001,0.5700000000000001,,0.0,0,False
2026-03-11 19:51:00+00:00,,,,,,,,0.5700000000000001,0.5700000000000001,,0.0,0,False
2026-03-11 19:51:30+00:00,,,,,,,,0.5700000000000001,0.5700000000000001,,0.0,0,False
2026-03-11 19:52:00+00:00,,,,,,,,0.5700000000000001,0.5700000000000001,,0.0,0,False
2026-03-11 19:52:30+00:00,,,,,,,,0.5700000000000001,0.5700000000000001,,0.0,0,False
2026-03-11 19:53:00+00:00,,,,,,,,0.5700000000000001,0.5700000000000001,,0.0,0,False
2026-03-11 19:53:30+00:00,,,,,,,,0.5700000000000001,0.5700000000000001,,0.0,0,False
2026-03-11 19:54:00+00:00,,,,,,,,0.5700000000000001,0.5700000000000001,,0.0,0,False
2026-03-11 19:54:30+00:00,,,,,,,,0.5700000000000001,0.5700000000000001,,0.0,0,False
2026-03-11 19:55:00+00:00,,,,,,,,0.5700000000000001,0.5700000000000001,,0.0,0,False
2026-03-11 19:55:30+00:00,,,,,,,,0.5700000000000001,0.5700000000000001,,0.0,0,False
2026-03-11 19:56:00+00:00,,,,,,,,0.5700000000000001,0.5700000000000001,,0.0,0,False
2026-03-11 19:56:30+00:00,,,,,,,,0.5700000000000001,0.5700000000000001,,0.0,0,False
2026-03-11 19:57:00+00:00,,,,,,,,0.5700000000000001,0.5700000000000001,,0.0,0,False
2026-03-11 19:57:30+00:00,,,,,,,,0.5700000000000001,0.5700000000000001,,0.0,0,False
2026-03-11 19:58:00+00:00,,,,,,,,0.5700000000000001,0.5700000000000001,,0.0,0,False
2026-03-11 19:58:30+00:00,,,,,,,,0.5700000000000001,0.5700000000000001,,0.0,0,False
2026-03-11 19:59:00+00:00,,,,,,,,0.5700000000000001,0.5700000000000001,,0.0,0,False
2026-03-11 19:59:30+00:00,,,,,,,,0.5700000000000001,0.5700000000000001,,0.0,0,False
2026-03-11 20:00:00+00:00,,,,,,,,0.5700000000000001,0.5700000000000001,,0.0,0,False
2026-03-11 20:00:30+00:00,,,,,,,,0.5700000000000001,0.5700000000000001,,0.0,0,False
2026-03-11 20:01:00+00:00,,,,,,,,0.5700000000000001,0.5700000000000001,,0.0,0,False
2026-03-11 20:01:30+00:00,,,,,,,,0.5700000000000001,0.5700000000000001,,0.0,0,False
2026-03-11 20:02:00+00:00,,,,,,,,0.5700000000000001,0.5700000000000001,,0.0,0,False
2026-03-11 20:02:30+00:00,,,,,,,,0.5700000000000001,0.5700000000000001,,0.0,0,False
2026-03-11 20:03:00+00:00,,,,,,,,0.5700000000000001,0.5700000000000001,,0.0,0,False
2026-03-11 20:03:30+00:00,,,,,,,,0.5700000000000001,0.5700000000000001,,0.0,0,False
2026-03-11 20:04:00+00:00,,,,,,,,0.5700000000000001,0.5700000000000001,,0.0,0,False
2026-03-11 20:04:30+00:00,,,,,,,,0.5700000000000001,0.5700000000000001,,0.0,0,False
2026-03-11 20:05:00+00:00,,,,,,,,0.5700000000000001,0.5700000000000001,,0.0,0,False
2026-03-11 20:05:30+00:00,,,,,,,,0.5700000000000001,0.5700000000000001,,0.0,0,False
2026-03-11 20:06:00+00:00,,,,,,,,0.5700000000000001,0.5700000000000001,,0.0,0,False
2026-03-11 20:06:30+00:00,,,,,,,,0.5700000000000001,0.5700000000000001,,0.0,0,False
2026-03-11 20:07:00+00:00,,,,,,,,0.5700000000000001,0.5700000000000001,,0.0,0,False
2026-03-11 20:07:30+00:00,,,,,,,,0.5700000000000001,0.5700000000000001,,0.0,0,False
2026-03-11 20:08:00+00:00,,,,,,,,0.5700000000000001,0.5700000000000001,,0.0,0,False
2026-03-11 20:08:30+00:00,,,,,,,,0.5700000000000001,0.5700000000000001,,0.0,0,False
2026-03-11 20:09:00+00:00,,,,,,,,0.5700000000000001,0.5700000000000001,,0.0,0,False
2026-03-11 20:09:30+00:00,,,,,,,,0.5700000000000001,0.5700000000000001,,0.0,0,False
2026-03-11 20:10:00+00:00,,,,,,,,0.5700000000000001,0.5700000000000001,,0.0,0,False
2026-03-11 20:10:30+00:00,,,,,,,,0.5700000000000001,0.5700000000000001,,0.0,0,False
2026-03-11 20:11:00+00:00,,,,,,,,0.5700000000000001,0.5700000000000001,,0.0,0,False
2026-03-11 20:11:30+00:00,,,,,,,,0.5700000000000001,0.5700000000000001,,0.0,0,False
2026-03-11 20:12:00+00:00,,,,,,,,0.5700000000000001,0.5700000000000001,,0.0,0,False
2026-03-11 20:12:30+00:00,,,,,,,,0.5700000000000001,0.5700000000000001,,0.0,0,False
2026-03-11 20:13:00+00:00,,,,,,,,0.5700000000000001,0.5700000000000001,,0.0,0,False
2026-03-11 20:13:30+00:00,,,,,,,,0.5700000000000001,0.5700000000000001,,0.0,0,False
2026-03-11 20:14:00+00:00,,,,,,,,0.58,0.58,,8.0,1,False
2026-03-11 20:14:30+00:00,,,,,,,,0.5700000000000001,0.5700000000000001,,22.0,1,False
2026-03-11 20:15:00+00:00,,,,,,,,0.5700000000000001,0.5700000000000001,,0.0,0,False
2026-03-11 20:15:30+00:00,,,,,,,,0.5700000000000001,0.5700000000000001,,0.0,0,False
2026-03-11 20:16:00+00:00,,,,,,,,0.5700000000000001,0.5700000000000001,,0.0,0,False
2026-03-11 20:16:30+00:00,,,,,,,,0.5700000000000001,0.5700000000000001,,0.0,0,False
2026-03-11 20:17:00+00:00,,,,,,,,0.5700000000000001,0.5700000000000001,,0.0,0,False
2026-03-11 20:17:30+00:00,,,,,,,,0.5700000000000001,0.5700000000000001,,0.0,0,False
2026-03-11 20:18:00+00:00,,,,,,,,0.5700000000000001,0.5700000000000001,,0.0,0,False
2026-03-11 20:18:30+00:00,,,,,,,,0.5700000000000001,0.5700000000000001,,0.0,0,False
2026-03-11 20:19:00+00:00,,,,,,,,0.5700000000000001,0.5700000000000001,,0.0,0,False
2026-03-11 20:19:30+00:00,,,,,,,,0.5700000000000001,0.5700000000000001,,0.0,0,False
2026-03-11 20:20:00+00:00,,,,,,,,0.5700000000000001,0.5700000000000001,,0.0,0,False
2026-03-11 20:20:30+00:00,,,,,,,,0.5700000000000001,0.5700000000000001,,0.0,0,False
2026-03-11 20:21:00+00:00,,,,,,,,0.5700000000000001,0.5700000000000001,,0.0,0,False
2026-03-11 20:21:30+00:00,,,,,,,,0.5700000000000001,0.5700000000000001,,0.0,0,False
2026-03-11 20:22:00+00:00,,,,,,,,0.5700000000000001,0.5700000000000001,,0.0,0,False
2026-03-11 20:22:30+00:00,,,,,,,,0.5700000000000001,0.5700000000000001,,0.0,0,False
2026-03-11 20:23:00+00:00,,,,,,,,0.5700000000000001,0.5700000000000001,,0.0,0,False
2026-03-11 20:23:30+00:00,,,,,,,,0.5700000000000001,0.5700000000000001,,0.0,0,False
2026-03-11 20:24:00+00:00,,,,,,,,0.5700000000000001,0.5700000000000001,,0.0,0,False
2026-03-11 20:24:30+00:00,,,,,,,,0.5700000000000001,0.5700000000000001,,0.0,0,False
2026-03-11 20:25:00+00:00,,,,,,,,0.5700000000000001,0.5700000000000001,,0.0,0,False
2026-03-11 20:25:30+00:00,,,,,,,,0.5700000000000001,0.5700000000000001,,0.0,0,False
2026-03-11 20:26:00+00:00,,,,,,,,0.5700000000000001,0.5700000000000001,,0.0,0,False
2026-03-11 20:26:30+00:00,,,,,,,,0.5700000000000001,0.5700000000000001,,0.0,0,False
2026-03-11 20:27:00+00:00,,,,,,,,0.5700000000000001,0.5700000000000001,,0.0,0,False
2026-03-11 20:27:30+00:00,,,,,,,,0.5700000000000001,0.5700000000000001,,0.0,0,False
2026-03-11 20:28:00+00:00,,,,,,,,0.5700000000000001,0.5700000000000001,,0.0,0,False
2026-03-11 20:28:30+00:00,,,,,,,,0.5700000000000001,0.5700000000000001,,0.0,0,False
2026-03-11 20:29:00+00:00,,,,,,,,0.5700000000000001,0.5700000000000001,,0.0,0,False
2026-03-11 20:29:30+00:00,,,,,,,,0.5700000000000001,0.5700000000000001,,0.0,0,False
2026-03-11 20:30:00+00:00,,,,,,,,0.5700000000000001,0.5700000000000001,,0.0,0,False
2026-03-11 20:30:30+00:00,,,,,,,,0.5700000000000001,0.5700000000000001,,0.0,0,False
2026-03-11 20:31:00+00:00,,,,,,,,0.5700000000000001,0.5700000000000001,,0.0,0,False
2026-03-11 20:31:30+00:00,,,,,,,,0.58,0.58,,5.0,1,False
2026-03-11 20:32:00+00:00,,,,,,,,0.58,0.58,,0.0,0,False
2026-03-11 20:32:30+00:00,,,,,,,,0.58,0.58,,0.0,0,False
2026-03-11 20:33:00+00:00,,,,,,,,0.58,0.58,,0.0,0,False
2026-03-11 20:33:30+00:00,,,,,,,,0.58,0.58,,0.0,0,False
2026-03-11 20:34:00+00:00,,,,,,,,0.58,0.58,,0.0,0,False
2026-03-11 20:34:30+00:00,,,,,,,,0.58,0.58,,0.0,0,False
2026-03-11 20:35:00+00:00,,,,,,,,0.58,0.58,,0.0,0,False
2026-03-11 20:35:30+00:00,,,,,,,,0.58,0.58,,0.0,0,False
2026-03-11 20:36:00+00:00,,,,,,,,0.58,0.58,,0.0,0,False
2026-03-11 20:36:30+00:00,,,,,,,,0.58,0.58,,0.0,0,False
2026-03-11 20:37:00+00:00,,,,,,,,0.58,0.58,,0.0,0,False
2026-03-11 20:37:30+00:00,,,,,,,,0.58,0.58,,0.0,0,False
2026-03-11 20:38:00+00:00,,,,,,,,0.58,0.58,,0.0,0,False
2026-03-11 20:38:30+00:00,,,,,,,,0.58,0.58,,0.0,0,False
2026-03-11 20:39:00+00:00,,,,,,,,0.58,0.58,,0.0,0,False
2026-03-11 20:39:30+00:00,,,,,,,,0.58,0.58,,0.0,0,False
2026-03-11 20:40:00+00:00,,,,,,,,0.5700000000000001,0.5700000000000001,,50.0,1,False
2026-03-11 20:40:30+00:00,,,,,,,,0.5700000000000001,0.5700000000000001,,0.0,0,False
2026-03-11 20:41:00+00:00,,,,,,,,0.5700000000000001,0.5700000000000001,,0.0,0,False
2026-03-11 20:41:30+00:00,,,,,,,,0.5700000000000001,0.5700000000000001,,0.0,0,False
2026-03-11 20:42:00+00:00,,,,,,,,0.5700000000000001,0.5700000000000001,,0.0,0,False
2026-03-11 20:42:30+00:00,,,,,,,,0.5700000000000001,0.5700000000000001,,0.0,0,False
2026-03-11 20:43:00+00:00,,,,,,,,0.5700000000000001,0.5700000000000001,,0.0,0,False
2026-03-11 20:43:30+00:00,,,,,,,,0.5700000000000001,0.5700000000000001,,0.0,0,False
2026-03-11 20:44:00+00:00,,,,,,,,0.5700000000000001,0.5700000000000001,,2.0,1,False
2026-03-11 20:44:30+00:00,,,,,,,,0.5700000000000001,0.5700000000000001,,0.0,0,False
2026-03-11 20:45:00+00:00,,,,,,,,0.5700000000000001,0.5700000000000001,,0.0,0,False
2026-03-11 20:45:30+00:00,,,,,,,,0.5700000000000001,0.5700000000000001,,0.0,0,False
2026-03-11 20:46:00+00:00,,,,,,,,0.5700000000000001,0.5700000000000001,,0.0,0,False
2026-03-11 20:46:30+00:00,,,,,,,,0.5700000000000001,0.5700000000000001,,0.0,0,False
2026-03-11 20:47:00+00:00,,,,,,,,0.5700000000000001,0.5700000000000001,,0.0,0,False
2026-03-11 20:47:30+00:00,,,,,,,,0.5700000000000001,0.5700000000000001,,0.0,0,False
2026-03-11 20:48:00+00:00,,,,,,,,0.5700000000000001,0.5700000000000001,,0.0,0,False
2026-03-11 20:48:30+00:00,,,,,,,,0.5700000000000001,0.5700000000000001,,0.0,0,False
2026-03-11 20:49:00+00:00,,,,,,,,0.5700000000000001,0.5700000000000001,,0.0,0,False
2026-03-11 20:49:30+00:00,,,,,,,,0.5700000000000001,0.5700000000000001,,0.0,0,False
2026-03-11 20:50:00+00:00,,,,,,,,0.5700000000000001,0.5700000000000001,,0.0,0,False
2026-03-11 20:50:30+00:00,,,,,,,,0.5700000000000001,0.5700000000000001,,0.0,0,False
2026-03-11 20:51:00+00:00,,,,,,,,0.5700000000000001,0.5700000000000001,,0.0,0,False
2026-03-11 20:51:30+00:00,,,,,,,,0.5700000000000001,0.5700000000000001,,0.0,0,False
2026-03-11 20:52:00+00:00,,,,,,,,0.5700000000000001,0.5700000000000001,,22.0,1,False
2026-03-11 20:52:30+00:00,,,,,,,,0.5700000000000001,0.5700000000000001,,0.0,0,False
2026-03-11 20:53:00+00:00,,,,,,,,0.5700000000000001,0.5700000000000001,,0.0,0,False
2026-03-11 20:53:30+00:00,,,,,,,,0.5700000000000001,0.5700000000000001,,0.0,0,False
2026-03-11 20:54:00+00:00,,,,,,,,0.5700000000000001,0.5700000000000001,,0.0,0,False
2026-03-11 20:54:30+00:00,,,,,,,,0.5700000000000001,0.5700000000000001,,0.0,0,False
2026-03-11 20:55:00+00:00,,,,,,,,0.5700000000000001,0.5700000000000001,,0.0,0,False
2026-03-11 20:55:30+00:00,,,,,,,,0.5700000000000001,0.5700000000000001,,0.0,0,False
2026-03-11 20:56:00+00:00,,,,,,,,0.5700000000000001,0.5700000000000001,,0.0,0,False
2026-03-11 20:56:30+00:00,,,,,,,,0.5700000000000001,0.5700000000000001,,0.0,0,False
2026-03-11 20:57:00+00:00,,,,,,,,0.5700000000000001,0.5700000000000001,,0.0,0,False
2026-03-11 20:57:30+00:00,,,,,,,,0.5700000000000001,0.5700000000000001,,0.0,0,False
2026-03-11 20:58:00+00:00,,,,,,,,0.5700000000000001,0.5700000000000001,,0.0,0,False
2026-03-11 20:58:30+00:00,,,,,,,,0.5700000000000001,0.5700000000000001,,11.0,1,False
2026-03-11 20:59:00+00:00,,,,,,,,0.5700000000000001,0.5700000000000001,,0.0,0,False
2026-03-11 20:59:30+00:00,,,,,,,,0.5700000000000001,0.5700000000000001,,0.0,0,False
2026-03-11 21:00:00+00:00,,,,,,,,0.5700000000000001,0.5700000000000001,,0.0,0,False
2026-03-11 21:00:30+00:00,,,,,,,,0.5700000000000001,0.5700000000000001,,0.0,0,False
2026-03-11 21:01:00+00:00,,,,,,,,0.5700000000000001,0.5700000000000001,,0.0,0,False
2026-03-11 21:01:30+00:00,,,,,,,,0.5700000000000001,0.5700000000000001,,0.0,0,False
2026-03-11 21:02:00+00:00,,,,,,,,0.5700000000000001,0.5700000000000001,,0.0,0,False
2026-03-11 21:02:30+00:00,,,,,,,,0.5700000000000001,0.5700000000000001,,0.0,0,False
2026-03-11 21:03:00+00:00,,,,,,,,0.5700000000000001,0.5700000000000001,,0.0,0,False
2026-03-11 21:03:30+00:00,,,,,,,,0.5700000000000001,0.5700000000000001,,0.0,0,False
2026-03-11 21:04:00+00:00,,,,,,,,0.5700000000000001,0.5700000000000001,,0.0,0,False
2026-03-11 21:04:30+00:00,,,,,,,,0.5700000000000001,0.5700000000000001,,0.0,0,False
2026-03-11 21:05:00+00:00,,,,,,,,0.5700000000000001,0.5700000000000001,,0.0,0,False
2026-03-11 21:05:30+00:00,,,,,,,,0.5700000000000001,0.5700000000000001,,0.0,0,False
2026-03-11 21:06:00+00:00,,,,,,,,0.5700000000000001,0.5700000000000001,,0.0,0,False
2026-03-11 21:06:30+00:00,,,,,,,,0.5700000000000001,0.5700000000000001,,0.0,0,False
2026-03-11 21:07:00+00:00,,,,,,,,0.5700000000000001,0.5700000000000001,,0.0,0,False
2026-03-11 21:07:30+00:00,,,,,,,,0.5700000000000001,0.5700000000000001,,0.0,0,False
2026-03-11 21:08:00+00:00,,,,,,,,0.5700000000000001,0.5700000000000001,,0.0,0,False
2026-03-11 21:08:30+00:00,,,,,,,,0.5700000000000001,0.5700000000000001,,0.0,0,False
2026-03-11 21:09:00+00:00,,,,,,,,0.5700000000000001,0.5700000000000001,,0.0,0,False
2026-03-11 21:09:30+00:00,,,,,,,,0.5700000000000001,0.5700000000000001,,0.0,0,False
2026-03-11 21:10:00+00:00,,,,,,,,0.5700000000000001,0.5700000000000001,,0.0,0,False
2026-03-11 21:10:30+00:00,,,,,,,,0.58,0.58,,16.0,1,False
2026-03-11 21:11:00+00:00,,,,,,,,0.58,0.58,,0.0,0,False
2026-03-11 21:11:30+00:00,,,,,,,,0.58,0.58,,0.0,0,False
2026-03-11 21:12:00+00:00,,,,,,,,0.58,0.58,,0.0,0,False
2026-03-11 21:12:30+00:00,,,,,,,,0.58,0.58,,0.0,0,False
2026-03-11 21:13:00+00:00,,,,,,,,0.58,0.58,,0.0,0,False
2026-03-11 21:13:30+00:00,,,,,,,,0.58,0.58,,0.0,0,False
2026-03-11 21:14:00+00:00,,,,,,,,0.58,0.58,,0.0,0,False
2026-03-11 21:14:30+00:00,,,,,,,,0.58,0.58,,0.0,0,False
2026-03-11 21:15:00+00:00,,,,,,,,0.58,0.58,,0.0,0,False
2026-03-11 21:15:30+00:00,,,,,,,,0.58,0.58,,0.0,0,False
2026-03-11 21:16:00+00:00,,,,,,,,0.58,0.58,,0.0,0,False
2026-03-11 21:16:30+00:00,,,,,,,,0.58,0.58,,0.0,0,False
2026-03-11 21:17:00+00:00,,,,,,,,0.58,0.58,,0.0,0,False
2026-03-11 21:17:30+00:00,,,,,,,,0.58,0.58,,0.0,0,False
2026-03-11 21:18:00+00:00,,,,,,,,0.58,0.58,,0.0,0,False
2026-03-11 21:18:30+00:00,,,,,,,,0.58,0.58,,0.0,0,False
2026-03-11 21:19:00+00:00,,,,,,,,0.5700000000000001,0.5700000000000001,,11.0,1,False
2026-03-11 21:19:30+00:00,,,,,,,,0.5700000000000001,0.5700000000000001,,0.0,0,False
2026-03-11 21:20:00+00:00,,,,,,,,0.5700000000000001,0.5700000000000001,,0.0,0,False
2026-03-11 21:20:30+00:00,,,,,,,,0.58,0.58,,33.0,1,False
2026-03-11 21:21:00+00:00,,,,,,,,0.58,0.58,,0.0,0,False
2026-03-11 21:21:30+00:00,,,,,,,,0.58,0.58,,0.0,0,False
2026-03-11 21:22:00+00:00,,,,,,,,0.58,0.58,,0.0,0,False
2026-03-11 21:22:30+00:00,,,,,,,,0.58,0.58,,0.0,0,False
2026-03-11 21:23:00+00:00,,,,,,,,0.58,0.58,,0.0,0,False
2026-03-11 21:23:30+00:00,,,,,,,,0.58,0.58,,0.0,0,False
2026-03-11 21:24:00+00:00,,,,,,,,0.58,0.58,,0.0,0,False
2026-03-11 21:24:30+00:00,,,,,,,,0.58,0.58,,0.0,0,False
2026-03-11 21:25:00+00:00,,,,,,,,0.58,0.58,,0.0,0,False
2026-03-11 21:25:30+00:00,,,,,,,,0.58,0.58,,0.0,0,False
2026-03-11 21:26:00+00:00,,,,,,,,0.58,0.58,,0.0,0,False
2026-03-11 21:26:30+00:00,,,,,,,,0.58,0.58,,0.0,0,False
2026-03-11 21:27:00+00:00,,,,,,,,0.58,0.58,,0.0,0,False
2026-03-11 21:27:30+00:00,,,,,,,,0.58,0.58,,0.0,0,False
2026-03-11 21:28:00+00:00,,,,,,,,0.58,0.58,,0.0,0,False
2026-03-11 21:28:30+00:00,,,,,,,,0.58,0.58,,0.0,0,False
2026-03-11 21:29:00+00:00,,,,,,,,0.58,0.58,,0.0,0,False
2026-03-11 21:29:30+00:00,,,,,,,,0.58,0.58,,0.0,0,False
2026-03-11 21:30:00+00:00,,,,,,,,0.58,0.58,,0.0,0,False
2026-03-11 21:30:30+00:00,,,,,,,,0.58,0.58,,0.0,0,False
2026-03-11 21:31:00+00:00,,,,,,,,0.58,0.58,,0.0,0,False
2026-03-11 21:31:30+00:00,,,,,,,,0.5700000000000001,0.5700000000000001,,2.0,1,False
2026-03-11 21:32:00+00:00,,,,,,,,0.5700000000000001,0.5700000000000001,,0.0,0,False
2026-03-11 21:32:30+00:00,,,,,,,,0.5700000000000001,0.5700000000000001,,0.0,0,False
2026-03-11 21:33:00+00:00,,,,,,,,0.5700000000000001,0.5700000000000001,,0.0,0,False
2026-03-11 21:33:30+00:00,,,,,,,,0.5700000000000001,0.5700000000000001,,0.0,0,False
2026-03-11 21:34:00+00:00,,,,,,,,0.5700000000000001,0.5700000000000001,,0.0,0,False
2026-03-11 21:34:30+00:00,,,,,,,,0.5700000000000001,0.5700000000000001,,0.0,0,False
2026-03-11 21:35:00+00:00,,,,,,,,0.5700000000000001,0.5700000000000001,,0.0,0,False
2026-03-11 21:35:30+00:00,,,,,,,,0.5700000000000001,0.5700000000000001,,0.0,0,False
2026-03-11 21:36:00+00:00,,,,,,,,0.5700000000000001,0.5700000000000001,,0.0,0,False
2026-03-11 21:36:30+00:00,,,,,,,,0.5700000000000001,0.5700000000000001,,0.0,0,False
2026-03-11 21:37:00+00:00,,,,,,,,0.5700000000000001,0.5700000000000001,,0.0,0,False
2026-03-11 21:37:30+00:00,,,,,,,,0.5700000000000001,0.5700000000000001,,0.0,0,False
2026-03-11 21:38:00+00:00,,,,,,,,0.5700000000000001,0.5700000000000001,,0.0,0,False
2026-03-11 21:38:30+00:00,,,,,,,,0.5700000000000001,0.5700000000000001,,0.0,0,False
2026-03-11 21:39:00+00:00,,,,,,,,0.5700000000000001,0.5700000000000001,,0.0,0,False
2026-03-11 21:39:30+00:00,,,,,,,,0.5700000000000001,0.5700000000000001,,0.0,0,False
2026-03-11 21:40:00+00:00,,,,,,,,0.5700000000000001,0.5700000000000001,,0.0,0,False
2026-03-11 21:40:30+00:00,,,,,,,,0.5700000000000001,0.5700000000000001,,0.0,0,False
2026-03-11 21:41:00+00:00,,,,,,,,0.5700000000000001,0.5700000000000001,,0.0,0,False
2026-03-11 21:41:30+00:00,,,,,,,,0.5700000000000001,0.5700000000000001,,0.0,0,False
2026-03-11 21:42:00+00:00,,,,,,,,0.5700000000000001,0.5700000000000001,,0.0,0,False
2026-03-11 21:42:30+00:00,,,,,,,,0.5700000000000001,0.5700000000000001,,0.0,0,False
2026-03-11 21:43:00+00:00,,,,,,,,0.5700000000000001,0.5700000000000001,,0.0,0,False
2026-03-11 21:43:30+00:00,,,,,,,,0.5700000000000001,0.5700000000000001,,0.0,0,False
2026-03-11 21:44:00+00:00,,,,,,,,0.5700000000000001,0.5700000000000001,,0.0,0,False
2026-03-11 21:44:30+00:00,,,,,,,,0.5700000000000001,0.5700000000000001,,0.0,0,False
2026-03-11 21:45:00+00:00,,,,,,,,0.5700000000000001,0.5700000000000001,,0.0,0,False
2026-03-11 21:45:30+00:00,,,,,,,,0.5700000000000001,0.5700000000000001,,0.0,0,False
2026-03-11 21:46:00+00:00,,,,,,,,0.5700000000000001,0.5700000000000001,,0.0,0,False
2026-03-11 21:46:30+00:00,,,,,,,,0.5799999999999998,0.58,,1000.0,4,False
2026-03-11 21:47:00+00:00,,,,,,,,0.5799999999999998,0.58,,0.0,0,False
2026-03-11 21:47:30+00:00,,,,,,,,0.5799999999999998,0.58,,0.0,0,False
2026-03-11 21:48:00+00:00,,,,,,,,0.5799999999999998,0.58,,0.0,0,False
2026-03-11 21:48:30+00:00,,,,,,,,0.5799999999999998,0.58,,0.0,0,False
2026-03-11 21:49:00+00:00,,,,,,,,0.5799999999999998,0.58,,0.0,0,False
2026-03-11 21:49:30+00:00,,,,,,,,0.5799999999999998,0.58,,0.0,0,False
2026-03-11 21:50:00+00:00,,,,,,,,0.5700000000000001,0.5700000000000001,,2.0,1,False
2026-03-11 21:50:30+00:00,,,,,,,,0.5700000000000001,0.5700000000000001,,0.0,0,False
2026-03-11 21:51:00+00:00,,,,,,,,0.5700000000000001,0.5700000000000001,,0.0,0,False
2026-03-11 21:51:30+00:00,,,,,,,,0.5700000000000001,0.5700000000000001,,0.0,0,False
2026-03-11 21:52:00+00:00,,,,,,,,0.5700000000000001,0.5700000000000001,,0.0,0,False
2026-03-11 21:52:30+00:00,,,,,,,,0.5700000000000001,0.5700000000000001,,0.0,0,False
2026-03-11 21:53:00+00:00,,,,,,,,0.5700000000000001,0.5700000000000001,,0.0,0,False
2026-03-11 21:53:30+00:00,,,,,,,,0.5700000000000001,0.5700000000000001,,0.0,0,False
2026-03-11 21:54:00+00:00,,,,,,,,0.5700000000000001,0.5700000000000001,,0.0,0,False
2026-03-11 21:54:30+00:00,,,,,,,,0.5700000000000001,0.5700000000000001,,0.0,0,False
2026-03-11 21:55:00+00:00,,,,,,,,0.5700000000000001,0.5700000000000001,,0.0,0,False
2026-03-11 21:55:30+00:00,,,,,,,,0.5700000000000001,0.5700000000000001,,21.0,1,False
2026-03-11 21:56:00+00:00,,,,,,,,0.5700000000000001,0.5700000000000001,,0.0,0,False
2026-03-11 21:56:30+00:00,,,,,,,,0.5700000000000001,0.5700000000000001,,0.0,0,False
2026-03-11 21:57:00+00:00,,,,,,,,0.5700000000000001,0.5700000000000001,,0.0,0,False
2026-03-11 21:57:30+00:00,,,,,,,,0.5700000000000001,0.5700000000000001,,0.0,0,False
2026-03-11 21:58:00+00:00,,,,,,,,0.5700000000000001,0.5700000000000001,,0.0,0,False
2026-03-11 21:58:30+00:00,,,,,,,,0.5700000000000001,0.5700000000000001,,0.0,0,False
2026-03-11 21:59:00+00:00,,,,,,,,0.5700000000000001,0.5700000000000001,,0.0,0,False
2026-03-11 21:59:30+00:00,,,,,,,,0.5700000000000001,0.5700000000000001,,0.0,0,False
2026-03-11 22:00:00+00:00,,,,,,,,0.5700000000000001,0.5700000000000001,,0.0,0,False
2026-03-11 22:00:30+00:00,,,,,,,,0.5700000000000001,0.5700000000000001,,0.0,0,False
2026-03-11 22:01:00+00:00,,,,,,,,0.5700000000000001,0.5700000000000001,,0.0,0,False
2026-03-11 22:01:30+00:00,,,,,,,,0.5700000000000001,0.5700000000000001,,0.0,0,False
2026-03-11 22:02:00+00:00,,,,,,,,0.5700000000000001,0.5700000000000001,,0.0,0,False
2026-03-11 22:02:30+00:00,,,,,,,,0.5700000000000001,0.5700000000000001,,0.0,0,False
2026-03-11 22:03:00+00:00,,,,,,,,0.5700000000000001,0.5700000000000001,,0.0,0,False
2026-03-11 22:03:30+00:00,,,,,,,,0.5700000000000001,0.5700000000000001,,0.0,0,False
2026-03-11 22:04:00+00:00,,,,,,,,0.61,0.61,,5.0,1,False
2026-03-11 22:04:30+00:00,,,,,,,,0.61,0.61,,0.0,0,False
2026-03-11 22:05:00+00:00,,,,,,,,0.61,0.61,,0.0,0,False
2026-03-11 22:05:30+00:00,,,,,,,,0.61,0.61,,0.0,0,False
2026-03-11 22:06:00+00:00,,,,,,,,0.61,0.61,,0.0,0,False
2026-03-11 22:06:30+00:00,,,,,,,,0.61,0.61,,0.0,0,False
2026-03-11 22:07:00+00:00,,,,,,,,0.61,0.61,,0.0,0,False
2026-03-11 22:07:30+00:00,,,,,,,,0.61,0.61,,0.0,0,False
2026-03-11 22:08:00+00:00,,,,,,,,0.61,0.61,,0.0,0,False
2026-03-11 22:08:30+00:00,,,,,,,,0.61,0.61,,0.0,0,False
2026-03-11 22:09:00+00:00,,,,,,,,0.61,0.61,,0.0,0,False
2026-03-11 22:09:30+00:00,,,,,,,,0.61,0.61,,0.0,0,False
2026-03-11 22:10:00+00:00,,,,,,,,0.61,0.61,,0.0,0,False
2026-03-11 22:10:30+00:00,,,,,,,,0.61,0.61,,0.0,0,False
2026-03-11 22:11:00+00:00,,,,,,,,0.5800000000000001,0.5800000000000001,,68.0,2,False
2026-03-11 22:11:30+00:00,,,,,,,,0.5800000000000001,0.5800000000000001,,0.0,0,False
2026-03-11 22:12:00+00:00,,,,,,,,0.5800000000000001,0.5800000000000001,,0.0,0,False
2026-03-11 22:12:30+00:00,,,,,,,,0.61,0.61,,30.0,1,False
2026-03-11 22:13:00+00:00,,,,,,,,0.61,0.61,,0.0,0,False
2026-03-11 22:13:30+00:00,,,,,,,,0.61,0.61,,0.0,0,False
2026-03-11 22:14:00+00:00,,,,,,,,0.61,0.61,,0.0,0,False
2026-03-11 22:14:30+00:00,,,,,,,,0.61,0.61,,0.0,0,False
2026-03-11 22:15:00+00:00,,,,,,,,0.61,0.61,,15.0,1,False
2026-03-11 22:15:30+00:00,,,,,,,,0.61,0.61,,0.0,0,False
2026-03-11 22:16:00+00:00,,,,,,,,0.61,0.61,,0.0,0,False
2026-03-11 22:16:30+00:00,,,,,,,,0.61,0.61,,0.0,0,False
2026-03-11 22:17:00+00:00,,,,,,,,0.61,0.61,,0.0,0,False
2026-03-11 22:17:30+00:00,,,,,,,,0.61,0.61,,0.0,0,False
2026-03-11 22:18:00+00:00,,,,,,,,0.61,0.61,,0.0,0,False
2026-03-11 22:18:30+00:00,,,,,,,,0.6,0.6,,1.0,1,False
2026-03-11 22:19:00+00:00,,,,,,,,0.6,0.6,,0.0,0,False
2026-03-11 22:19:30+00:00,,,,,,,,0.62,0.62,,7.0,1,False
2026-03-11 22:20:00+00:00,,,,,,,,0.62,0.62,,0.0,0,False
2026-03-11 22:20:30+00:00,,,,,,,,0.62,0.62,,0.0,0,False
2026-03-11 22:21:00+00:00,,,,,,,,0.62,0.62,,0.0,0,False
2026-03-11 22:21:30+00:00,,,,,,,,0.62,0.62,,1.0,1,False
2026-03-11 22:22:00+00:00,,,,,,,,0.62,0.62,,0.0,0,False
2026-03-11 22:22:30+00:00,,,,,,,,0.62,0.62,,0.0,0,False
2026-03-11 22:23:00+00:00,,,,,,,,0.62,0.62,,0.0,0,False
2026-03-11 22:23:30+00:00,,,,,,,,0.62,0.62,,7.0,1,False
2026-03-11 22:24:00+00:00,,,,,,,,0.62,0.62,,0.0,0,False
2026-03-11 22:24:30+00:00,,,,,,,,0.62,0.62,,1.0,1,False
2026-03-11 22:25:00+00:00,,,,,,,,0.62,0.62,,19.0,1,False
2026-03-11 22:25:30+00:00,,,,,,,,0.62,0.62,,0.0,0,False
2026-03-11 22:26:00+00:00,,,,,,,,0.62,0.62,,0.0,0,False
2026-03-11 22:26:30+00:00,,,,,,,,0.62,0.62,,0.0,0,False
2026-03-11 22:27:00+00:00,,,,,,,,0.62,0.62,,0.0,0,False
2026-03-11 22:27:30+00:00,,,,,,,,0.62,0.62,,0.0,0,False
2026-03-11 22:28:00+00:00,,,,,,,,0.62,0.62,,0.0,0,False
2026-03-11 22:28:30+00:00,,,,,,,,0.6200000000000001,0.62,,83.0,4,False
2026-03-11 22:29:00+00:00,,,,,,,,0.6200000000000001,0.62,,0.0,0,False
2026-03-11 22:29:30+00:00,,,,,,,,0.6200000000000001,0.62,,0.0,0,False
2026-03-11 22:30:00+00:00,,,,,,,,0.6,0.6,,10.0,1,False
2026-03-11 22:30:30+00:00,,,,,,,,0.6,0.6,,0.0,0,False
2026-03-11 22:31:00+00:00,,,,,,,,0.6,0.6,,0.0,0,False
2026-03-11 22:31:30+00:00,,,,,,,,0.6,0.6,,0.0,0,False
2026-03-11 22:32:00+00:00,,,,,,,,0.6,0.6,,0.0,0,False
2026-03-11 22:32:30+00:00,,,,,,,,0.6,0.6,,0.0,0,False
2026-03-11 22:33:00+00:00,,,,,,,,0.6,0.6,,0.0,0,False
2026-03-11 22:33:30+00:00,,,,,,,,0.6,0.6,,0.0,0,False
2026-03-11 22:34:00+00:00,,,,,,,,0.6,0.6,,0.0,0,False
2026-03-11 22:34:30+00:00,,,,,,,,0.6,0.6,,0.0,0,False
2026-03-11 22:35:00+00:00,,,,,,,,0.6,0.6,,0.0,0,False
2026-03-11 22:35:30+00:00,,,,,,,,0.6,0.6,,11.0,1,False
2026-03-11 22:36:00+00:00,,,,,,,,0.6,0.6,,0.0,0,False
2026-03-11 22:36:30+00:00,,,,,,,,0.6,0.6,,0.0,0,False
2026-03-11 22:37:00+00:00,,,,,,,,0.6,0.6,,0.0,0,False
2026-03-11 22:37:30+00:00,,,,,,,,0.6,0.6,,0.0,0,False
2026-03-11 22:38:00+00:00,,,,,,,,0.6,0.6,,0.0,0,False
2026-03-11 22:38:30+00:00,,,,,,,,0.6,0.6,,0.0,0,False
2026-03-11 22:39:00+00:00,,,,,,,,0.6,0.6,,0.0,0,False
2026-03-11 22:39:30+00:00,,,,,,,,0.6,0.6,,0.0,0,False
2026-03-11 22:40:00+00:00,,,,,,,,0.6,0.6,,0.0,0,False
2026-03-11 22:40:30+00:00,,,,,,,,0.6,0.6,,0.0,0,False
2026-03-11 22:41:00+00:00,,,,,,,,0.6,0.6,,0.0,0,False
2026-03-11 22:41:30+00:00,,,,,,,,0.6,0.6,,0.0,0,False
2026-03-11 22:42:00+00:00,,,,,,,,0.6,0.6,,0.0,0,False
2026-03-11 22:42:30+00:00,,,,,,,,0.6,0.6,,0.0,0,False
2026-03-11 22:43:00+00:00,,,,,,,,0.6,0.6,,0.0,0,False
2026-03-11 22:43:30+00:00,,,,,,,,0.62,0.62,,31.0,1,False
2026-03-11 22:44:00+00:00,,,,,,,,0.62,0.62,,30.0,1,False
2026-03-11 22:44:30+00:00,,,,,,,,0.62,0.62,,0.0,0,False
2026-03-11 22:45:00+00:00,,,,,,,,0.62,0.62,,0.0,0,False
2026-03-11 22:45:30+00:00,,,,,,,,0.62,0.62,,0.0,0,False
2026-03-11 22:46:00+00:00,,,,,,,,0.62,0.62,,0.0,0,False
2026-03-11 22:46:30+00:00,,,,,,,,0.62,0.62,,0.0,0,False
2026-03-11 22:47:00+00:00,,,,,,,,0.62,0.62,,0.0,0,False
2026-03-11 22:47:30+00:00,,,,,,,,0.62,0.62,,0.0,0,False
2026-03-11 22:48:00+00:00,,,,,,,,0.62,0.62,,0.0,0,False
2026-03-11 22:48:30+00:00,,,,,,,,0.62,0.62,,0.0,0,False
2026-03-11 22:49:00+00:00,,,,,,,,0.62,0.62,,0.0,0,False
2026-03-11 22:49:30+00:00,,,,,,,,0.62,0.62,,0.0,0,False
2026-03-11 22:50:00+00:00,,,,,,,,0.62,0.62,,0.0,0,False
2026-03-11 22:50:30+00:00,,,,,,,,0.62,0.62,,0.0,0,False
2026-03-11 22:51:00+00:00,,,,,,,,0.62,0.62,,0.0,0,False
2026-03-11 22:51:30+00:00,,,,,,,,0.62,0.62,,0.0,0,False
2026-03-11 22:52:00+00:00,,,,,,,,0.62,0.62,,0.0,0,False
2026-03-11 22:52:30+00:00,,,,,,,,0.6,0.6,,11.0,1,False
2026-03-11 22:53:00+00:00,,,,,,,,0.6,0.6,,0.0,0,False
2026-03-11 22:53:30+00:00,,,,,,,,0.6,0.6,,28.0,1,False
2026-03-11 22:54:00+00:00,,,,,,,,0.6,0.6,,0.0,0,False
2026-03-11 22:54:30+00:00,,,,,,,,0.6,0.6,,0.0,0,False
2026-03-11 22:55:00+00:00,,,,,,,,0.6,0.6,,0.0,0,False
2026-03-11 22:55:30+00:00,,,,,,,,0.6,0.6,,0.0,0,False
2026-03-11 22:56:00+00:00,,,,,,,,0.6,0.6,,0.0,0,False
2026-03-11 22:56:30+00:00,,,,,,,,0.6,0.6,,0.0,0,False
2026-03-11 22:57:00+00:00,,,,,,,,0.6236708860759493,0.63,,632.0,4,False
2026-03-11 22:57:30+00:00,,,,,,,,0.6236708860759493,0.63,,0.0,0,False
2026-03-11 22:58:00+00:00,,,,,,,,0.6236708860759493,0.63,,0.0,0,False
2026-03-11 22:58:30+00:00,,,,,,,,0.6236708860759493,0.63,,0.0,0,False
2026-03-11 22:59:00+00:00,,,,,,,,0.6236708860759493,0.63,,0.0,0,False
2026-03-11 22:59:30+00:00,,,,,,,,0.6236708860759493,0.63,,0.0,0,False
2026-03-11 23:00:00+00:00,,,,,,,,0.6236708860759493,0.63,,0.0,0,False
2026-03-11 23:00:30+00:00,,,,,,,,0.6236708860759493,0.63,,0.0,0,False
2026-03-11 23:01:00+00:00,,,,,,,,0.6236708860759493,0.63,,0.0,0,False
2026-03-11 23:01:30+00:00,,,,,,,,0.6236708860759493,0.63,,0.0,0,False
2026-03-11 23:02:00+00:00,,,,,,,,0.6,0.6,,11.0,1,False
2026-03-11 23:02:30+00:00,,,,,,,,0.6,0.6,,0.0,0,False
2026-03-11 23:03:00+00:00,,,,,,,,0.62,0.62,,7.0,1,False
2026-03-11 23:03:30+00:00,,,,,,,,0.62,0.62,,0.0,0,False
2026-03-11 23:04:00+00:00,,,,,,,,0.62,0.62,,0.0,0,False
2026-03-11 23:04:30+00:00,,,,,,,,0.62,0.62,,0.0,0,False
2026-03-11 23:05:00+00:00,,,,,,,,0.62,0.62,,0.0,0,False
2026-03-11 23:05:30+00:00,,,,,,,,0.62,0.62,,0.0,0,False
2026-03-11 23:06:00+00:00,,,,,,,,0.62,0.62,,15.0,1,False
2026-03-11 23:06:30+00:00,,,,,,,,0.6,0.6,,43.0,1,False
2026-03-11 23:07:00+00:00,,,,,,,,0.6,0.6,,0.0,0,False
2026-03-11 23:07:30+00:00,,,,,,,,0.6,0.6,,0.0,0,False
2026-03-11 23:08:00+00:00,,,,,,,,0.6,0.6,,0.0,0,False
2026-03-11 23:08:30+00:00,,,,,,,,0.6,0.6,,0.0,0,False
2026-03-11 23:09:00+00:00,,,,,,,,0.6,0.6,,0.0,0,False
2026-03-11 23:09:30+00:00,,,,,,,,0.6,0.6,,0.0,0,False
2026-03-11 23:10:00+00:00,,,,,,,,0.6,0.6,,0.0,0,False
2026-03-11 23:10:30+00:00,,,,,,,,0.6,0.6,,0.0,0,False
2026-03-11 23:11:00+00:00,,,,,,,,0.6,0.6,,0.0,0,False
2026-03-11 23:11:30+00:00,,,,,,,,0.6,0.6,,0.0,0,False
2026-03-11 23:12:00+00:00,,,,,,,,0.6,0.6,,0.0,0,False
2026-03-11 23:12:30+00:00,,,,,,,,0.6,0.6,,0.0,0,False
2026-03-11 23:13:00+00:00,,,,,,,,0.6,0.6,,0.0,0,False
2026-03-11 23:13:30+00:00,,,,,,,,0.6,0.6,,0.0,0,False
2026-03-11 23:14:00+00:00,,,,,,,,0.6,0.6,,0.0,0,False
2026-03-11 23:14:30+00:00,,,,,,,,0.6,0.6,,0.0,0,False
2026-03-11 23:15:00+00:00,,,,,,,,0.6,0.6,,0.0,0,False
2026-03-11 23:15:30+00:00,,,,,,,,0.6,0.6,,0.0,0,False
2026-03-11 23:16:00+00:00,,,,,,,,0.6,0.6,,0.0,0,False
2026-03-11 23:16:30+00:00,,,,,,,,0.6,0.6,,0.0,0,False
2026-03-11 23:17:00+00:00,,,,,,,,0.6,0.6,,0.0,0,False
2026-03-11 23:17:30+00:00,,,,,,,,0.6,0.6,,0.0,0,False
2026-03-11 23:18:00+00:00,,,,,,,,0.6,0.6,,0.0,0,False
2026-03-11 23:18:30+00:00,,,,,,,,0.6,0.6,,0.0,0,False
2026-03-11 23:19:00+00:00,,,,,,,,0.6,0.6,,0.0,0,False
2026-03-11 23:19:30+00:00,,,,,,,,0.6,0.6,,67.0,1,False
2026-03-11 23:20:00+00:00,,,,,,,,0.62,0.62,,3.0,1,False
2026-03-11 23:20:30+00:00,,,,,,,,0.62,0.62,,0.0,0,False
2026-03-11 23:21:00+00:00,,,,,,,,0.62,0.62,,0.0,0,False
2026-03-11 23:21:30+00:00,,,,,,,,0.62,0.62,,0.0,0,False
2026-03-11 23:22:00+00:00,,,,,,,,0.62,0.62,,0.0,0,False
2026-03-11 23:22:30+00:00,,,,,,,,0.62,0.62,,0.0,0,False
2026-03-11 23:23:00+00:00,,,,,,,,0.62,0.62,,0.0,0,False
2026-03-11 23:23:30+00:00,,,,,,,,0.62,0.62,,23.0,1,False
2026-03-11 23:24:00+00:00,,,,,,,,0.62,0.62,,0.0,0,False
2026-03-11 23:24:30+00:00,,,,,,,,0.62,0.62,,0.0,0,False
2026-03-11 23:25:00+00:00,,,,,,,,0.62,0.62,,0.0,0,False
2026-03-11 23:25:30+00:00,,,,,,,,0.62,0.62,,0.0,0,False
2026-03-11 23:26:00+00:00,,,,,,,,0.62,0.62,,0.0,0,False
2026-03-11 23:26:30+00:00,,,,,,,,0.62,0.62,,0.0,0,False
2026-03-11 23:27:00+00:00,,,,,,,,0.62,0.62,,0.0,0,False
2026-03-11 23:27:30+00:00,,,,,,,,0.62,0.62,,0.0,0,False
2026-03-11 23:28:00+00:00,,,,,,,,0.62,0.62,,0.0,0,False
2026-03-11 23:28:30+00:00,,,,,,,,0.6200000000000001,0.62,,23.0,2,False
2026-03-11 23:29:00+00:00,,,,,,,,0.6200000000000001,0.62,,0.0,0,False
2026-03-11 23:29:30+00:00,,,,,,,,0.6200000000000001,0.62,,0.0,0,False
2026-03-11 23:30:00+00:00,,,,,,,,0.6200000000000001,0.62,,0.0,0,False
2026-03-11 23:30:30+00:00,,,,,,,,0.6200000000000001,0.62,,0.0,0,False
2026-03-11 23:31:00+00:00,,,,,,,,0.6200000000000001,0.62,,0.0,0,False
2026-03-11 23:31:30+00:00,,,,,,,,0.6200000000000001,0.62,,0.0,0,False
2026-03-11 23:32:00+00:00,,,,,,,,0.6200000000000001,0.62,,0.0,0,False
2026-03-11 23:32:30+00:00,,,,,,,,0.6200000000000001,0.62,,0.0,0,False
2026-03-11 23:33:00+00:00,,,,,,,,0.6200000000000001,0.62,,0.0,0,False
2026-03-11 23:33:30+00:00,,,,,,,,0.6200000000000001,0.62,,0.0,0,False
2026-03-11 23:34:00+00:00,,,,,,,,0.6200000000000001,0.62,,0.0,0,False
2026-03-11 23:34:30+00:00,,,,,,,,0.6200000000000001,0.62,,0.0,0,False
2026-03-11 23:35:00+00:00,,,,,,,,0.6200000000000001,0.62,,0.0,0,False
2026-03-11 23:35:30+00:00,,,,,,,,0.6200000000000001,0.62,,0.0,0,False
2026-03-11 23:36:00+00:00,,,,,,,,0.6200000000000001,0.62,,0.0,0,False
2026-03-11 23:36:30+00:00,,,,,,,,0.6200000000000001,0.62,,0.0,0,False
2026-03-11 23:37:00+00:00,,,,,,,,0.6200000000000001,0.62,,0.0,0,False
2026-03-11 23:37:30+00:00,,,,,,,,0.6200000000000001,0.62,,0.0,0,False
2026-03-11 23:38:00+00:00,,,,,,,,0.6200000000000001,0.62,,0.0,0,False
2026-03-11 23:38:30+00:00,,,,,,,,0.6200000000000001,0.62,,0.0,0,False
2026-03-11 23:39:00+00:00,,,,,,,,0.6200000000000001,0.62,,0.0,0,False
2026-03-11 23:39:30+00:00,,,,,,,,0.6200000000000001,0.62,,0.0,0,False
2026-03-11 23:40:00+00:00,,,,,,,,0.6200000000000001,0.62,,0.0,0,False
2026-03-11 23:40:30+00:00,,,,,,,,0.6200000000000001,0.62,,0.0,0,False
2026-03-11 23:41:00+00:00,,,,,,,,0.6200000000000001,0.62,,0.0,0,False
2026-03-11 23:41:30+00:00,,,,,,,,0.6200000000000001,0.62,,0.0,0,False
2026-03-11 23:42:00+00:00,,,,,,,,0.6200000000000001,0.62,,0.0,0,False
2026-03-11 23:42:30+00:00,,,,,,,,0.6200000000000001,0.62,,0.0,0,False
2026-03-11 23:43:00+00:00,,,,,,,,0.6200000000000001,0.62,,0.0,0,False
2026-03-11 23:43:30+00:00,,,,,,,,0.6200000000000001,0.62,,0.0,0,False
2026-03-11 23:44:00+00:00,,,,,,,,0.6200000000000001,0.62,,0.0,0,False
2026-03-11 23:44:30+00:00,,,,,,,,0.6200000000000001,0.62,,0.0,0,False
2026-03-11 23:45:00+00:00,,,,,,,,0.6200000000000001,0.62,,0.0,0,False
2026-03-11 23:45:30+00:00,,,,,,,,0.6200000000000001,0.62,,0.0,0,False
2026-03-11 23:46:00+00:00,,,,,,,,0.6200000000000001,0.62,,0.0,0,False
2026-03-11 23:46:30+00:00,,,,,,,,0.6200000000000001,0.62,,0.0,0,False
2026-03-11 23:47:00+00:00,,,,,,,,0.61,0.61,,4.0,1,False
2026-03-11 23:47:30+00:00,,,,,,,,0.61,0.61,,0.0,0,False
2026-03-11 23:48:00+00:00,,,,,,,,0.61,0.61,,0.0,0,False
2026-03-11 23:48:30+00:00,,,,,,,,0.61,0.61,,0.0,0,False
2026-03-11 23:49:00+00:00,,,,,,,,0.61,0.61,,0.0,0,False
2026-03-11 23:49:30+00:00,,,,,,,,0.6,0.6,,35.0,1,False
2026-03-11 23:50:00+00:00,,,,,,,,0.6,0.6,,0.0,0,False
2026-03-11 23:50:30+00:00,,,,,,,,0.6,0.6,,0.0,0,False
2026-03-11 23:51:00+00:00,,,,,,,,0.6,0.6,,0.0,0,False
2026-03-11 23:51:30+00:00,,,,,,,,0.6,0.6,,0.0,0,False
2026-03-11 23:52:00+00:00,,,,,,,,0.6,0.6,,0.0,0,False
2026-03-11 23:52:30+00:00,,,,,,,,0.6,0.6,,0.0,0,False
2026-03-11 23:53:00+00:00,,,,,,,,0.6,0.6,,0.0,0,False
2026-03-11 23:53:30+00:00,,,,,,,,0.6,0.6,,0.0,0,False
2026-03-11 23:54:00+00:00,,,,,,,,0.6,0.6,,0.0,0,False
2026-03-11 23:54:30+00:00,,,,,,,,0.6,0.6,,0.0,0,False
2026-03-11 23:55:00+00:00,,,,,,,,0.6,0.6,,0.0,0,False
2026-03-11 23:55:30+00:00,,,,,,,,0.6,0.6,,0.0,0,False
2026-03-11 23:56:00+00:00,,,,,,,,0.6,0.6,,0.0,0,False
2026-03-11 23:56:30+00:00,,,,,,,,0.6,0.6,,0.0,0,False
2026-03-11 23:57:00+00:00,,,,,,,,0.6,0.6,,0.0,0,False
2026-03-11 23:57:30+00:00,,,,,,,,0.6,0.6,,0.0,0,False
2026-03-11 23:58:00+00:00,,,,,,,,0.6,0.6,,0.0,0,False
2026-03-11 23:58:30+00:00,,,,,,,,0.6,0.6,,0.0,0,False
2026-03-11 23:59:00+00:00,,,,,,,,0.6,0.6,,0.0,0,False
2026-03-11 23:59:30+00:00,,,,,,,,0.6,0.6,,0.0,0,False
2026-03-12 00:00:00+00:00,,,,,,,,0.6,0.6,,0.0,0,False
2026-03-12 00:00:30+00:00,,,,,,,,0.6,0.6,,0.0,0,False
2026-03-12 00:01:00+00:00,,,,,,,,0.6,0.6,,0.0,0,False
2026-03-12 00:01:30+00:00,,,,,,,,0.6,0.6,,0.0,0,False
2026-03-12 00:02:00+00:00,,,,,,,,0.6,0.6,,0.0,0,False
2026-03-12 00:02:30+00:00,,,,,,,,0.6,0.6,,0.0,0,False
2026-03-12 00:03:00+00:00,,,,,,,,0.6,0.6,,0.0,0,False
2026-03-12 00:03:30+00:00,,,,,,,,0.6,0.6,,0.0,0,False
2026-03-12 00:04:00+00:00,,,,,,,,0.6,0.6,,0.0,0,False
2026-03-12 00:04:30+00:00,,,,,,,,0.6,0.6,,0.0,0,False
2026-03-12 00:05:00+00:00,,,,,,,,0.6,0.6,,0.0,0,False
2026-03-12 00:05:30+00:00,,,,,,,,0.6,0.6,,0.0,0,False
2026-03-12 00:06:00+00:00,,,,,,,,0.6,0.6,,0.0,0,False
2026-03-12 00:06:30+00:00,,,,,,,,0.6,0.6,,0.0,0,False
2026-03-12 00:07:00+00:00,,,,,,,,0.6,0.6,,0.0,0,False
2026-03-12 00:07:30+00:00,,,,,,,,0.6,0.6,,0.0,0,False
2026-03-12 00:08:00+00:00,,,,,,,,0.6,0.6,,0.0,0,False
2026-03-12 00:08:30+00:00,,,,,,,,0.6,0.6,,0.0,0,False
2026-03-12 00:09:00+00:00,,,,,,,,0.6,0.6,,0.0,0,False
2026-03-12 00:09:30+00:00,,,,,,,,0.6,0.6,,0.0,0,False
2026-03-12 00:10:00+00:00,,,,,,,,0.6,0.6,,0.0,0,False
2026-03-12 00:10:30+00:00,,,,,,,,0.6,0.6,,0.0,0,False
2026-03-12 00:11:00+00:00,,,,,,,,0.6,0.6,,0.0,0,False
2026-03-12 00:11:30+00:00,,,,,,,,0.62,0.62,,23.0,1,False
2026-03-12 00:12:00+00:00,,,,,,,,0.62,0.62,,0.0,0,False
2026-03-12 00:12:30+00:00,,,,,,,,0.62,0.62,,0.0,0,False
2026-03-12 00:13:00+00:00,,,,,,,,0.62,0.62,,0.0,0,False
2026-03-12 00:13:30+00:00,,,,,,,,0.62,0.62,,0.0,0,False
2026-03-12 00:14:00+00:00,,,,,,,,0.62,0.62,,31.0,1,False
2026-03-12 00:14:30+00:00,,,,,,,,0.62,0.62,,0.0,0,False
2026-03-12 00:15:00+00:00,,,,,,,,0.62,0.62,,0.0,0,False
2026-03-12 00:15:30+00:00,,,,,,,,0.62,0.62,,0.0,0,False
2026-03-12 00:16:00+00:00,,,,,,,,0.62,0.62,,0.0,0,False
2026-03-12 00:16:30+00:00,,,,,,,,0.62,0.62,,0.0,0,False
2026-03-12 00:17:00+00:00,,,,,,,,0.62,0.62,,0.0,0,False
2026-03-12 00:17:30+00:00,,,,,,,,0.62,0.62,,0.0,0,False
2026-03-12 00:18:00+00:00,,,,,,,,0.62,0.62,,0.0,0,False
2026-03-12 00:18:30+00:00,,,,,,,,0.62,0.62,,0.0,0,False
2026-03-12 00:19:00+00:00,,,,,,,,0.62,0.62,,0.0,0,False
2026-03-12 00:19:30+00:00,,,,,,,,0.62,0.62,,0.0,0,False
2026-03-12 00:20:00+00:00,,,,,,,,0.62,0.62,,0.0,0,False
2026-03-12 00:20:30+00:00,,,,,,,,0.62,0.62,,0.0,0,False
2026-03-12 00:21:00+00:00,,,,,,,,0.62,0.62,,0.0,0,False
2026-03-12 00:21:30+00:00,,,,,,,,0.62,0.62,,0.0,0,False
2026-03-12 00:22:00+00:00,,,,,,,,0.6,0.6,,205.0,2,False
2026-03-12 00:22:30+00:00,,,,,,,,0.6,0.6,,0.0,0,False
2026-03-12 00:23:00+00:00,,,,,,,,0.6,0.6,,0.0,0,False
2026-03-12 00:23:30+00:00,,,,,,,,0.6,0.6,,0.0,0,False
2026-03-12 00:24:00+00:00,,,,,,,,0.6,0.6,,0.0,0,False
2026-03-12 00:24:30+00:00,,,,,,,,0.6,0.6,,0.0,0,False
2026-03-12 00:25:00+00:00,,,,,,,,0.6,0.6,,0.0,0,False
2026-03-12 00:25:30+00:00,,,,,,,,0.6,0.6,,0.0,0,False
2026-03-12 00:26:00+00:00,,,,,,,,0.6,0.6,,0.0,0,False
2026-03-12 00:26:30+00:00,,,,,,,,0.6,0.6,,0.0,0,False
2026-03-12 00:27:00+00:00,,,,,,,,0.6,0.6,,0.0,0,False
2026-03-12 00:27:30+00:00,,,,,,,,0.6,0.6,,0.0,0,False
2026-03-12 00:28:00+00:00,,,,,,,,0.6,0.6,,0.0,0,False
2026-03-12 00:28:30+00:00,,,,,,,,0.61,0.61,,205.0,1,False
2026-03-12 00:29:00+00:00,,,,,,,,0.61,0.61,,0.0,0,False
2026-03-12 00:29:30+00:00,,,,,,,,0.61,0.61,,0.0,0,False
2026-03-12 00:30:00+00:00,,,,,,,,0.61,0.61,,0.0,0,False
2026-03-12 00:30:30+00:00,,,,,,,,0.61,0.61,,0.0,0,False
2026-03-12 00:31:00+00:00,,,,,,,,0.61,0.61,,0.0,0,False
2026-03-12 00:31:30+00:00,,,,,,,,0.61,0.61,,0.0,0,False
2026-03-12 00:32:00+00:00,,,,,,,,0.61,0.61,,0.0,0,False
2026-03-12 00:32:30+00:00,,,,,,,,0.61,0.61,,0.0,0,False
2026-03-12 00:33:00+00:00,,,,,,,,0.61,0.61,,0.0,0,False
2026-03-12 00:33:30+00:00,,,,,,,,0.61,0.61,,0.0,0,False
2026-03-12 00:34:00+00:00,,,,,,,,0.61,0.61,,0.0,0,False
2026-03-12 00:34:30+00:00,,,,,,,,0.61,0.61,,0.0,0,False
2026-03-12 00:35:00+00:00,,,,,,,,0.61,0.61,,0.0,0,False
2026-03-12 00:35:30+00:00,,,,,,,,0.61,0.61,,0.0,0,False
2026-03-12 00:36:00+00:00,,,,,,,,0.61,0.61,,0.0,0,False
2026-03-12 00:36:30+00:00,,,,,,,,0.61,0.61,,0.0,0,False
2026-03-12 00:37:00+00:00,,,,,,,,0.61,0.61,,0.0,0,False
2026-03-12 00:37:30+00:00,,,,,,,,0.61,0.61,,0.0,0,False
2026-03-12 00:38:00+00:00,,,,,,,,0.61,0.61,,0.0,0,False
2026-03-12 00:38:30+00:00,,,,,,,,0.61,0.61,,0.0,0,False
2026-03-12 00:39:00+00:00,,,,,,,,0.61,0.61,,0.0,0,False
2026-03-12 00:39:30+00:00,,,,,,,,0.61,0.61,,0.0,0,False
2026-03-12 00:40:00+00:00,,,,,,,,0.62,0.62,,78.0,1,False
2026-03-12 00:40:30+00:00,,,,,,,,0.62,0.62,,0.0,0,False
2026-03-12 00:41:00+00:00,,,,,,,,0.62,0.62,,0.0,0,False
2026-03-12 00:41:30+00:00,,,,,,,,0.62,0.62,,0.0,0,False
2026-03-12 00:42:00+00:00,,,,,,,,0.62,0.62,,0.0,0,False
2026-03-12 00:42:30+00:00,,,,,,,,0.62,0.62,,0.0,0,False
2026-03-12 00:43:00+00:00,,,,,,,,0.62,0.62,,0.0,0,False
2026-03-12 00:43:30+00:00,,,,,,,,0.62,0.62,,0.0,0,False
2026-03-12 00:44:00+00:00,,,,,,,,0.62,0.62,,0.0,0,False
2026-03-12 00:44:30+00:00,,,,,,,,0.62,0.62,,0.0,0,False
2026-03-12 00:45:00+00:00,,,,,,,,0.62,0.62,,0.0,0,False
2026-03-12 00:45:30+00:00,,,,,,,,0.62,0.62,,0.0,0,False
2026-03-12 00:46:00+00:00,,,,,,,,0.62,0.62,,0.0,0,False
2026-03-12 00:46:30+00:00,,,,,,,,0.62,0.62,,0.0,0,False
2026-03-12 00:47:00+00:00,,,,,,,,0.62,0.62,,0.0,0,False
2026-03-12 00:47:30+00:00,,,,,,,,0.62,0.62,,0.0,0,False
2026-03-12 00:48:00+00:00,,,,,,,,0.6,0.6,,7.0,1,False
2026-03-12 00:48:30+00:00,,,,,,,,0.6,0.6,,0.0,0,False
2026-03-12 00:49:00+00:00,,,,,,,,0.6,0.6,,0.0,0,False
2026-03-12 00:49:30+00:00,,,,,,,,0.6,0.6,,0.0,0,False
2026-03-12 00:50:00+00:00,,,,,,,,0.6,0.6,,0.0,0,False
2026-03-12 00:50:30+00:00,,,,,,,,0.6,0.6,,0.0,0,False
2026-03-12 00:51:00+00:00,,,,,,,,0.6,0.6,,0.0,0,False
2026-03-12 00:51:30+00:00,,,,,,,,0.6,0.6,,0.0,0,False
2026-03-12 00:52:00+00:00,,,,,,,,0.6,0.6,,0.0,0,False
2026-03-12 00:52:30+00:00,,,,,,,,0.6,0.6,,0.0,0,False
2026-03-12 00:53:00+00:00,,,,,,,,0.6,0.6,,0.0,0,False
2026-03-12 00:53:30+00:00,,,,,,,,0.6,0.6,,0.0,0,False
2026-03-12 00:54:00+00:00,,,,,,,,0.6,0.6,,0.0,0,False
2026-03-12 00:54:30+00:00,,,,,,,,0.6,0.6,,0.0,0,False
2026-03-12 00:55:00+00:00,,,,,,,,0.6,0.6,,0.0,0,False
2026-03-12 00:55:30+00:00,,,,,,,,0.6,0.6,,0.0,0,False
2026-03-12 00:56:00+00:00,,,,,,,,0.6,0.6,,0.0,0,False
2026-03-12 00:56:30+00:00,,,,,,,,0.6,0.6,,0.0,0,False
2026-03-12 00:57:00+00:00,,,,,,,,0.6,0.6,,0.0,0,False
2026-03-12 00:57:30+00:00,,,,,,,,0.6,0.6,,0.0,0,False
2026-03-12 00:58:00+00:00,,,,,,,,0.6,0.6,,0.0,0,False
2026-03-12 00:58:30+00:00,,,,,,,,0.6,0.6,,0.0,0,False
2026-03-12 00:59:00+00:00,,,,,,,,0.6,0.6,,0.0,0,False
2026-03-12 00:59:30+00:00,,,,,,,,0.6,0.6,,0.0,0,False
2026-03-12 01:00:00+00:00,,,,,,,,0.63,0.63,,1.0,1,False
2026-03-12 01:00:30+00:00,,,,,,,,0.63,0.63,,0.0,0,False
2026-03-12 01:01:00+00:00,,,,,,,,0.63,0.63,,0.0,0,False
2026-03-12 01:01:30+00:00,,,,,,,,0.63,0.63,,0.0,0,False
2026-03-12 01:02:00+00:00,,,,,,,,0.63,0.63,,0.0,0,False
2026-03-12 01:02:30+00:00,,,,,,,,0.6,0.6,,11.0,1,False
2026-03-12 01:03:00+00:00,,,,,,,,0.6,0.6,,0.0,0,False
2026-03-12 01:03:30+00:00,,,,,,,,0.6,0.6,,0.0,0,False
2026-03-12 01:04:00+00:00,,,,,,,,0.6,0.6,,0.0,0,False
2026-03-12 01:04:30+00:00,,,,,,,,0.6,0.6,,0.0,0,False
2026-03-12 01:05:00+00:00,,,,,,,,0.6,0.6,,0.0,0,False
2026-03-12 01:05:30+00:00,,,,,,,,0.6,0.6,,0.0,0,False
2026-03-12 01:06:00+00:00,,,,,,,,0.6,0.6,,0.0,0,False
2026-03-12 01:06:30+00:00,,,,,,,,0.6,0.6,,0.0,0,False
2026-03-12 01:07:00+00:00,,,,,,,,0.6,0.6,,0.0,0,False
2026-03-12 01:07:30+00:00,,,,,,,,0.6,0.6,,0.0,0,False
2026-03-12 01:08:00+00:00,,,,,,,,0.6,0.6,,0.0,0,False
2026-03-12 01:08:30+00:00,,,,,,,,0.6,0.6,,0.0,0,False
2026-03-12 01:09:00+00:00,,,,,,,,0.6,0.6,,0.0,0,False
2026-03-12 01:09:30+00:00,,,,,,,,0.6,0.6,,0.0,0,False
2026-03-12 01:10:00+00:00,,,,,,,,0.6,0.6,,0.0,0,False
2026-03-12 01:10:30+00:00,,,,,,,,0.6,0.6,,0.0,0,False
2026-03-12 01:11:00+00:00,,,,,,,,0.6,0.6,,0.0,0,False
2026-03-12 01:11:30+00:00,,,,,,,,0.6,0.6,,0.0,0,False
2026-03-12 01:12:00+00:00,,,,,,,,0.62,0.62,,3.0,1,False
2026-03-12 01:12:30+00:00,,,,,,,,0.62,0.62,,0.0,0,False
2026-03-12 01:13:00+00:00,,,,,,,,0.62,0.62,,0.0,0,False
2026-03-12 01:13:30+00:00,,,,,,,,0.62,0.62,,0.0,0,False
2026-03-12 01:14:00+00:00,,,,,,,,0.62,0.62,,0.0,0,False
2026-03-12 01:14:30+00:00,,,,,,,,0.62,0.62,,0.0,0,False
2026-03-12 01:15:00+00:00,,,,,,,,0.62,0.62,,0.0,0,False
2026-03-12 01:15:30+00:00,,,,,,,,0.62,0.62,,0.0,0,False
2026-03-12 01:16:00+00:00,,,,,,,,0.62,0.62,,0.0,0,False
2026-03-12 01:16:30+00:00,,,,,,,,0.62,0.62,,0.0,0,False
2026-03-12 01:17:00+00:00,,,,,,,,0.62,0.62,,0.0,0,False
2026-03-12 01:17:30+00:00,,,,,,,,0.62,0.62,,0.0,0,False
2026-03-12 01:18:00+00:00,,,,,,,,0.62,0.62,,0.0,0,False
2026-03-12 01:18:30+00:00,,,,,,,,0.62,0.62,,0.0,0,False
2026-03-12 01:19:00+00:00,,,,,,,,0.62,0.62,,0.0,0,False
2026-03-12 01:19:30+00:00,,,,,,,,0.62,0.62,,0.0,0,False
2026-03-12 01:20:00+00:00,,,,,,,,0.62,0.62,,0.0,0,False
2026-03-12 01:20:30+00:00,,,,,,,,0.62,0.62,,30.0,1,False
2026-03-12 01:21:00+00:00,,,,,,,,0.62,0.62,,0.0,0,False
2026-03-12 01:21:30+00:00,,,,,,,,0.6,0.6,,3.0,2,False
2026-03-12 01:22:00+00:00,,,,,,,,0.6,0.6,,0.0,0,False
2026-03-12 01:22:30+00:00,,,,,,,,0.6,0.6,,0.0,0,False
2026-03-12 01:23:00+00:00,,,,,,,,0.6,0.6,,0.0,0,False
2026-03-12 01:23:30+00:00,,,,,,,,0.6,0.6,,0.0,0,False
2026-03-12 01:24:00+00:00,,,,,,,,0.6,0.6,,0.0,0,False
2026-03-12 01:24:30+00:00,,,,,,,,0.6,0.6,,0.0,0,False
2026-03-12 01:25:00+00:00,,,,,,,,0.6098338870431894,0.61,,301.0,3,False
2026-03-12 01:25:30+00:00,,,,,,,,0.6098338870431894,0.61,,0.0,0,False
2026-03-12 01:26:00+00:00,,,,,,,,0.6098338870431894,0.61,,0.0,0,False
2026-03-12 01:26:30+00:00,,,,,,,,0.6098338870431894,0.61,,0.0,0,False
2026-03-12 01:27:00+00:00,,,,,,,,0.6098338870431894,0.61,,0.0,0,False
2026-03-12 01:27:30+00:00,,,,,,,,0.6098338870431894,0.61,,0.0,0,False
2026-03-12 01:28:00+00:00,,,,,,,,0.61,0.61,,4.0,1,False
2026-03-12 01:28:30+00:00,,,,,,,,0.61,0.61,,0.0,0,False
2026-03-12 01:29:00+00:00,,,,,,,,0.61,0.61,,0.0,0,False
2026-03-12 01:29:30+00:00,,,,,,,,0.61,0.61,,0.0,0,False
2026-03-12 01:30:00+00:00,,,,,,,,0.61,0.61,,0.0,0,False
2026-03-12 01:30:30+00:00,,,,,,,,0.61,0.61,,0.0,0,False
2026-03-12 01:31:00+00:00,,,,,,,,0.61,0.61,,0.0,0,False
2026-03-12 01:31:30+00:00,,,,,,,,0.61,0.61,,0.0,0,False
2026-03-12 01:32:00+00:00,,,,,,,,0.61,0.61,,0.0,0,False
2026-03-12 01:32:30+00:00,,,,,,,,0.61,0.61,,0.0,0,False
2026-03-12 01:33:00+00:00,,,,,,,,0.61,0.61,,0.0,0,False
2026-03-12 01:33:30+00:00,,,,,,,,0.61,0.61,,2.0,1,False
2026-03-12 01:34:00+00:00,,,,,,,,0.61,0.61,,0.0,0,False
2026-03-12 01:34:30+00:00,,,,,,,,0.61,0.61,,0.0,0,False
2026-03-12 01:35:00+00:00,,,,,,,,0.61,0.61,,0.0,0,False
2026-03-12 01:35:30+00:00,,,,,,,,0.61,0.61,,0.0,0,False
2026-03-12 01:36:00+00:00,,,,,,,,0.62,0.62,,2.0,1,False
2026-03-12 01:36:30+00:00,,,,,,,,0.62,0.62,,0.0,0,False
2026-03-12 01:37:00+00:00,,,,,,,,0.61,0.61,,23.0,1,False
2026-03-12 01:37:30+00:00,,,,,,,,0.61,0.61,,0.0,0,False
2026-03-12 01:38:00+00:00,,,,,,,,0.61,0.61,,0.0,0,False
2026-03-12 01:38:30+00:00,,,,,,,,0.61,0.61,,0.0,0,False
2026-03-12 01:39:00+00:00,,,,,,,,0.61,0.61,,0.0,0,False
2026-03-12 01:39:30+00:00,,,,,,,,0.61,0.61,,0.0,0,False
2026-03-12 01:40:00+00:00,,,,,,,,0.61,0.61,,0.0,0,False
2026-03-12 01:40:30+00:00,,,,,,,,0.61,0.61,,0.0,0,False
2026-03-12 01:41:00+00:00,,,,,,,,0.61,0.61,,0.0,0,False
2026-03-12 01:41:30+00:00,,,,,,,,0.61,0.61,,0.0,0,False
2026-03-12 01:42:00+00:00,,,,,,,,0.61,0.61,,0.0,0,False
2026-03-12 01:42:30+00:00,,,,,,,,0.61,0.61,,0.0,0,False
2026-03-12 01:43:00+00:00,,,,,,,,0.61,0.61,,0.0,0,False
2026-03-12 01:43:30+00:00,,,,,,,,0.61,0.61,,0.0,0,False
2026-03-12 01:44:00+00:00,,,,,,,,0.61,0.61,,0.0,0,False
2026-03-12 01:44:30+00:00,,,,,,,,0.61,0.61,,0.0,0,False
2026-03-12 01:45:00+00:00,,,,,,,,0.61,0.61,,0.0,0,False
2026-03-12 01:45:30+00:00,,,,,,,,0.61,0.61,,0.0,0,False
2026-03-12 01:46:00+00:00,,,,,,,,0.61,0.61,,0.0,0,False
2026-03-12 01:46:30+00:00,,,,,,,,0.61,0.61,,0.0,0,False
2026-03-12 01:47:00+00:00,,,,,,,,0.61,0.61,,0.0,0,False
2026-03-12 01:47:30+00:00,,,,,,,,0.61,0.61,,0.0,0,False
2026-03-12 01:48:00+00:00,,,,,,,,0.61,0.61,,0.0,0,False
2026-03-12 01:48:30+00:00,,,,,,,,0.61,0.61,,0.0,0,False
2026-03-12 01:49:00+00:00,,,,,,,,0.61,0.61,,0.0,0,False
2026-03-12 01:49:30+00:00,,,,,,,,0.61,0.61,,0.0,0,False
2026-03-12 01:50:00+00:00,,,,,,,,0.61,0.61,,0.0,0,False
2026-03-12 01:50:30+00:00,,,,,,,,0.61,0.61,,0.0,0,False
2026-03-12 01:51:00+00:00,,,,,,,,0.61,0.61,,0.0,0,False
2026-03-12 01:51:30+00:00,,,,,,,,0.61,0.61,,0.0,0,False
2026-03-12 01:52:00+00:00,,,,,,,,0.61,0.61,,0.0,0,False
2026-03-12 01:52:30+00:00,,,,,,,,0.61,0.61,,24.0,1,False
2026-03-12 01:53:00+00:00,,,,,,,,0.61,0.61,,0.0,0,False
2026-03-12 01:53:30+00:00,,,,,,,,0.62,0.62,,78.0,1,False
2026-03-12 01:54:00+00:00,,,,,,,,0.61,0.61,,49.0,1,False
2026-03-12 01:54:30+00:00,,,,,,,,0.61,0.61,,120.0,2,False
2026-03-12 01:55:00+00:00,,,,,,,,0.61,0.61,,0.0,0,False
2026-03-12 01:55:30+00:00,,,,,,,,0.61,0.61,,48.0,1,False
2026-03-12 01:56:00+00:00,,,,,,,,0.61,0.61,,0.0,0,False
2026-03-12 01:56:30+00:00,,,,,,,,0.61,0.61,,0.0,0,False
2026-03-12 01:57:00+00:00,,,,,,,,0.61,0.61,,0.0,0,False
2026-03-12 01:57:30+00:00,,,,,,,,0.61,0.61,,0.0,0,False
2026-03-12 01:58:00+00:00,,,,,,,,0.61,0.61,,0.0,0,False
2026-03-12 01:58:30+00:00,,,,,,,,0.61,0.61,,0.0,0,False
2026-03-12 01:59:00+00:00,,,,,,,,0.61,0.61,,0.0,0,False
2026-03-12 01:59:30+00:00,,,,,,,,0.64,0.64,,8.0,1,False
2026-03-12 02:00:00+00:00,,,,,,,,0.64,0.64,,0.0,0,False
2026-03-12 02:00:30+00:00,,,,,,,,0.64,0.64,,0.0,0,False
2026-03-12 02:01:00+00:00,,,,,,,,0.64,0.64,,0.0,0,False
2026-03-12 02:01:30+00:00,,,,,,,,0.64,0.64,,0.0,0,False
2026-03-12 02:02:00+00:00,,,,,,,,0.64,0.64,,0.0,0,False
2026-03-12 02:02:30+00:00,,,,,,,,0.64,0.64,,0.0,0,False
2026-03-12 02:03:00+00:00,,,,,,,,0.64,0.64,,15.0,1,False
2026-03-12 02:03:30+00:00,,,,,,,,0.64,0.64,,0.0,0,False
2026-03-12 02:04:00+00:00,,,,,,,,0.64,0.64,,15.0,1,False
2026-03-12 02:04:30+00:00,,,,,,,,0.64,0.64,,0.0,0,False
2026-03-12 02:05:00+00:00,,,,,,,,0.64,0.64,,0.0,0,False
2026-03-12 02:05:30+00:00,,,,,,,,0.64,0.64,,0.0,0,False
2026-03-12 02:06:00+00:00,,,,,,,,0.64,0.64,,0.0,0,False
2026-03-12 02:06:30+00:00,,,,,,,,0.64,0.64,,0.0,0,False
2026-03-12 02:07:00+00:00,,,,,,,,0.64,0.64,,0.0,0,False
2026-03-12 02:07:30+00:00,,,,,,,,0.64,0.64,,0.0,0,False
2026-03-12 02:08:00+00:00,,,,,,,,0.64,0.64,,0.0,0,False
2026-03-12 02:08:30+00:00,,,,,,,,0.64,0.64,,0.0,0,False
2026-03-12 02:09:00+00:00,,,,,,,,0.64,0.64,,0.0,0,False
2026-03-12 02:09:30+00:00,,,,,,,,0.64,0.64,,0.0,0,False
2026-03-12 02:10:00+00:00,,,,,,,,0.64,0.64,,0.0,0,False
2026-03-12 02:10:30+00:00,,,,,,,,0.64,0.64,,0.0,0,False
2026-03-12 02:11:00+00:00,,,,,,,,0.64,0.64,,0.0,0,False
2026-03-12 02:11:30+00:00,,,,,,,,0.64,0.64,,0.0,0,False
2026-03-12 02:12:00+00:00,,,,,,,,0.64,0.64,,0.0,0,False
2026-03-12 02:12:30+00:00,,,,,,,,0.64,0.64,,0.0,0,False
2026-03-12 02:13:00+00:00,,,,,,,,0.64,0.64,,0.0,0,False
2026-03-12 02:13:30+00:00,,,,,,,,0.64,0.64,,0.0,0,False
2026-03-12 02:14:00+00:00,,,,,,,,0.64,0.64,,0.0,0,False
2026-03-12 02:14:30+00:00,,,,,,,,0.64,0.64,,0.0,0,False
2026-03-12 02:15:00+00:00,,,,,,,,0.64,0.64,,0.0,0,False
2026-03-12 02:15:30+00:00,,,,,,,,0.64,0.64,,0.0,0,False
2026-03-12 02:16:00+00:00,,,,,,,,0.64,0.64,,0.0,0,False
2026-03-12 02:16:30+00:00,,,,,,,,0.64,0.64,,0.0,0,False
2026-03-12 02:17:00+00:00,,,,,,,,0.64,0.64,,0.0,0,False
2026-03-12 02:17:30+00:00,,,,,,,,0.64,0.64,,0.0,0,False
2026-03-12 02:18:00+00:00,,,,,,,,0.64,0.64,,0.0,0,False
2026-03-12 02:18:30+00:00,,,,,,,,0.64,0.64,,0.0,0,False
2026-03-12 02:19:00+00:00,,,,,,,,0.64,0.64,,0.0,0,False
2026-03-12 02:19:30+00:00,,,,,,,,0.64,0.64,,0.0,0,False
2026-03-12 02:20:00+00:00,,,,,,,,0.64,0.64,,0.0,0,False
2026-03-12 02:20:30+00:00,,,,,,,,0.61,0.61,,2500.0,1,False
2026-03-12 02:21:00+00:00,,,,,,,,0.61,0.61,,0.0,0,False
2026-03-12 02:21:30+00:00,,,,,,,,0.61,0.61,,12.0,1,False
2026-03-12 02:22:00+00:00,,,,,,,,0.61,0.61,,0.0,0,False
2026-03-12 02:22:30+00:00,,,,,,,,0.61,0.61,,0.0,0,False
2026-03-12 02:23:00+00:00,,,,,,,,0.61,0.61,,0.0,0,False
2026-03-12 02:23:30+00:00,,,,,,,,0.61,0.61,,0.0,0,False
2026-03-12 02:24:00+00:00,,,,,,,,0.64,0.64,,1.0,1,False
2026-03-12 02:24:30+00:00,,,,,,,,0.64,0.64,,0.0,0,False
2026-03-12 02:25:00+00:00,,,,,,,,0.64,0.64,,0.0,0,False
2026-03-12 02:25:30+00:00,,,,,,,,0.64,0.64,,0.0,0,False
2026-03-12 02:26:00+00:00,,,,,,,,0.64,0.64,,0.0,0,False
2026-03-12 02:26:30+00:00,,,,,,,,0.64,0.64,,0.0,0,False
2026-03-12 02:27:00+00:00,,,,,,,,0.64,0.64,,0.0,0,False
2026-03-12 02:27:30+00:00,,,,,,,,0.64,0.64,,0.0,0,False
2026-03-12 02:28:00+00:00,,,,,,,,0.64,0.64,,7.0,1,False
2026-03-12 02:28:30+00:00,,,,,,,,0.64,0.64,,0.0,0,False
2026-03-12 02:29:00+00:00,,,,,,,,0.64,0.64,,0.0,0,False
2026-03-12 02:29:30+00:00,,,,,,,,0.64,0.64,,0.0,0,False
2026-03-12 02:30:00+00:00,,,,,,,,0.64,0.64,,0.0,0,False
2026-03-12 02:30:30+00:00,,,,,,,,0.64,0.64,,0.0,0,False
2026-03-12 02:31:00+00:00,,,,,,,,0.64,0.64,,0.0,0,False
2026-03-12 02:31:30+00:00,,,,,,,,0.64,0.64,,0.0,0,False
2026-03-12 02:32:00+00:00,,,,,,,,0.64,0.64,,0.0,0,False
2026-03-12 02:32:30+00:00,,,,,,,,0.64,0.64,,0.0,0,False
2026-03-12 02:33:00+00:00,,,,,,,,0.64,0.64,,0.0,0,False
2026-03-12 02:33:30+00:00,,,,,,,,0.64,0.64,,0.0,0,False
2026-03-12 02:34:00+00:00,,,,,,,,0.64,0.64,,0.0,0,False
2026-03-12 02:34:30+00:00,,,,,,,,0.62,0.62,,5.0,1,False
2026-03-12 02:35:00+00:00,,,,,,,,0.64,0.64,,1.0,1,False
2026-03-12 02:35:30+00:00,,,,,,,,0.64,0.64,,0.0,0,False
2026-03-12 02:36:00+00:00,,,,,,,,0.64,0.64,,0.0,0,False
2026-03-12 02:36:30+00:00,,,,,,,,0.64,0.64,,0.0,0,False
2026-03-12 02:37:00+00:00,,,,,,,,0.64,0.64,,0.0,0,False
2026-03-12 02:37:30+00:00,,,,,,,,0.64,0.64,,3.0,1,False
2026-03-12 02:38:00+00:00,,,,,,,,0.64,0.64,,0.0,0,False
2026-03-12 02:38:30+00:00,,,,,,,,0.64,0.64,,0.0,0,False
2026-03-12 02:39:00+00:00,,,,,,,,0.64,0.64,,0.0,0,False
2026-03-12 02:39:30+00:00,,,,,,,,0.64,0.64,,0.0,0,False
2026-03-12 02:40:00+00:00,,,,,,,,0.64,0.64,,0.0,0,False
2026-03-12 02:40:30+00:00,,,,,,,,0.6358857142857144,0.61,,175.0,3,False
2026-03-12 02:41:00+00:00,,,,,,,,0.6358857142857144,0.61,,0.0,0,False
2026-03-12 02:41:30+00:00,,,,,,,,0.6358857142857144,0.61,,0.0,0,False
2026-03-12 02:42:00+00:00,,,,,,,,0.6358857142857144,0.61,,0.0,0,False
2026-03-12 02:42:30+00:00,,,,,,,,0.6358857142857144,0.61,,0.0,0,False
2026-03-12 02:43:00+00:00,,,,,,,,0.6358857142857144,0.61,,0.0,0,False
2026-03-12 02:43:30+00:00,,,,,,,,0.6358857142857144,0.61,,0.0,0,False
2026-03-12 02:44:00+00:00,,,,,,,,0.6358857142857144,0.61,,0.0,0,False
2026-03-12 02:44:30+00:00,,,,,,,,0.6358857142857144,0.61,,0.0,0,False
2026-03-12 02:45:00+00:00,,,,,,,,0.6358857142857144,0.61,,0.0,0,False
2026-03-12 02:45:30+00:00,,,,,,,,0.6358857142857144,0.61,,0.0,0,False
2026-03-12 02:46:00+00:00,,,,,,,,0.64,0.64,,4.0,1,False
2026-03-12 02:46:30+00:00,,,,,,,,0.64,0.64,,37.0,1,False
2026-03-12 02:47:00+00:00,,,,,,,,0.64,0.64,,0.0,0,False
2026-03-12 02:47:30+00:00,,,,,,,,0.64,0.64,,0.0,0,False
2026-03-12 02:48:00+00:00,,,,,,,,0.64,0.64,,0.0,0,False
2026-03-12 02:48:30+00:00,,,,,,,,0.64,0.64,,0.0,0,False
2026-03-12 02:49:00+00:00,,,,,,,,0.64,0.64,,0.0,0,False
2026-03-12 02:49:30+00:00,,,,,,,,0.64,0.64,,0.0,0,False
2026-03-12 02:50:00+00:00,,,,,,,,0.64,0.64,,0.0,0,False
2026-03-12 02:50:30+00:00,,,,,,,,0.64,0.64,,0.0,0,False
2026-03-12 02:51:00+00:00,,,,,,,,0.64,0.64,,0.0,0,False
2026-03-12 02:51:30+00:00,,,,,,,,0.64,0.64,,0.0,0,False
2026-03-12 02:52:00+00:00,,,,,,,,0.64,0.64,,0.0,0,False
2026-03-12 02:52:30+00:00,,,,,,,,0.64,0.64,,0.0,0,False
2026-03-12 02:53:00+00:00,,,,,,,,0.64,0.64,,0.0,0,False
2026-03-12 02:53:30+00:00,,,,,,,,0.64,0.64,,0.0,0,False
2026-03-12 02:54:00+00:00,,,,,,,,0.64,0.64,,0.0,0,False
2026-03-12 02:54:30+00:00,,,,,,,,0.64,0.64,,0.0,0,False
2026-03-12 02:55:00+00:00,,,,,,,,0.64,0.64,,152.0,1,False
2026-03-12 02:55:30+00:00,,,,,,,,0.64,0.64,,75.0,1,False
2026-03-12 02:56:00+00:00,,,,,,,,0.64,0.64,,0.0,0,False
2026-03-12 02:56:30+00:00,,,,,,,,0.64,0.64,,0.0,0,False
2026-03-12 02:57:00+00:00,,,,,,,,0.64,0.64,,0.0,0,False
2026-03-12 02:57:30+00:00,,,,,,,,0.64,0.64,,0.0,0,False
2026-03-12 02:58:00+00:00,,,,,,,,0.64,0.64,,0.0,0,False
2026-03-12 02:58:30+00:00,,,,,,,,0.64,0.64,,0.0,0,False
2026-03-12 02:59:00+00:00,,,,,,,,0.64,0.64,,0.0,0,False
2026-03-12 02:59:30+00:00,,,,,,,,0.64,0.64,,0.0,0,False
2026-03-12 03:00:00+00:00,,,,,,,,0.64,0.64,,0.0,0,False
2026-03-12 03:00:30+00:00,,,,,,,,0.64,0.64,,0.0,0,False
2026-03-12 03:01:00+00:00,,,,,,,,0.62,0.62,,10.0,1,False
2026-03-12 03:01:30+00:00,,,,,,,,0.62,0.62,,0.0,0,False
2026-03-12 03:02:00+00:00,,,,,,,,0.62,0.62,,0.0,0,False
2026-03-12 03:02:30+00:00,,,,,,,,0.62,0.62,,0.0,0,False
2026-03-12 03:03:00+00:00,,,,,,,,0.62,0.62,,0.0,0,False
2026-03-12 03:03:30+00:00,,,,,,,,0.62,0.62,,0.0,0,False
2026-03-12 03:04:00+00:00,,,,,,,,0.62,0.62,,0.0,0,False
2026-03-12 03:04:30+00:00,,,,,,,,0.62,0.62,,0.0,0,False
2026-03-12 03:05:00+00:00,,,,,,,,0.63,0.63,,250.0,1,False
2026-03-12 03:05:30+00:00,,,,,,,,0.64,0.64,,30.0,1,False
2026-03-12 03:06:00+00:00,,,,,,,,0.64,0.64,,0.0,0,False
2026-03-12 03:06:30+00:00,,,,,,,,0.64,0.64,,0.0,0,False
2026-03-12 03:07:00+00:00,,,,,,,,0.64,0.64,,0.0,0,False
2026-03-12 03:07:30+00:00,,,,,,,,0.64,0.64,,0.0,0,False
2026-03-12 03:08:00+00:00,,,,,,,,0.64,0.64,,0.0,0,False
2026-03-12 03:08:30+00:00,,,,,,,,0.64,0.64,,0.0,0,False
2026-03-12 03:09:00+00:00,,,,,,,,0.64,0.64,,0.0,0,False
2026-03-12 03:09:30+00:00,,,,,,,,0.64,0.64,,0.0,0,False
2026-03-12 03:10:00+00:00,,,,,,,,0.64,0.64,,0.0,0,False
2026-03-12 03:10:30+00:00,,,,,,,,0.64,0.64,,0.0,0,False
2026-03-12 03:11:00+00:00,,,,,,,,0.64,0.64,,0.0,0,False
2026-03-12 03:11:30+00:00,,,,,,,,0.64,0.64,,0.0,0,False
2026-03-12 03:12:00+00:00,,,,,,,,0.64,0.64,,1.0,1,False
2026-03-12 03:12:30+00:00,,,,,,,,0.64,0.64,,38.0,1,False
2026-03-12 03:13:00+00:00,,,,,,,,0.64,0.64,,0.0,0,False
2026-03-12 03:13:30+00:00,,,,,,,,0.64,0.64,,0.0,0,False
2026-03-12 03:14:00+00:00,,,,,,,,0.64,0.64,,0.0,0,False
2026-03-12 03:14:30+00:00,,,,,,,,0.64,0.64,,0.0,0,False
2026-03-12 03:15:00+00:00,,,,,,,,0.64,0.64,,0.0,0,False
2026-03-12 03:15:30+00:00,,,,,,,,0.64,0.64,,0.0,0,False
2026-03-12 03:16:00+00:00,,,,,,,,0.64,0.64,,0.0,0,False
2026-03-12 03:16:30+00:00,,,,,,,,0.64,0.64,,0.0,0,False
2026-03-12 03:17:00+00:00,,,,,,,,0.64,0.64,,0.0,0,False
2026-03-12 03:17:30+00:00,,,,,,,,0.64,0.64,,0.0,0,False
2026-03-12 03:18:00+00:00,,,,,,,,0.64,0.64,,0.0,0,False
2026-03-12 03:18:30+00:00,,,,,,,,0.64,0.64,,0.0,0,False
2026-03-12 03:19:00+00:00,,,,,,,,0.63,0.63,,2.0,1,False
2026-03-12 03:19:30+00:00,,,,,,,,0.6359677419354839,0.63,,62.0,2,False
2026-03-12 03:20:00+00:00,,,,,,,,0.6359677419354839,0.63,,0.0,0,False
2026-03-12 03:20:30+00:00,,,,,,,,0.6359677419354839,0.63,,0.0,0,False
2026-03-12 03:21:00+00:00,,,,,,,,0.6359677419354839,0.63,,0.0,0,False
2026-03-12 03:21:30+00:00,,,,,,,,0.6359677419354839,0.63,,0.0,0,False
2026-03-12 03:22:00+00:00,,,,,,,,0.6359677419354839,0.63,,0.0,0,False
2026-03-12 03:22:30+00:00,,,,,,,,0.6359677419354839,0.63,,0.0,0,False
2026-03-12 03:23:00+00:00,,,,,,,,0.6359677419354839,0.63,,0.0,0,False
2026-03-12 03:23:30+00:00,,,,,,,,0.6359677419354839,0.63,,0.0,0,False
2026-03-12 03:24:00+00:00,,,,,,,,0.6359677419354839,0.63,,0.0,0,False
2026-03-12 03:24:30+00:00,,,,,,,,0.6359677419354839,0.63,,0.0,0,False
2026-03-12 03:25:00+00:00,,,,,,,,0.6359677419354839,0.63,,0.0,0,False
2026-03-12 03:25:30+00:00,,,,,,,,0.6359677419354839,0.63,,0.0,0,False
2026-03-12 03:26:00+00:00,,,,,,,,0.6359677419354839,0.63,,0.0,0,False
2026-03-12 03:26:30+00:00,,,,,,,,0.6359677419354839,0.63,,0.0,0,False
2026-03-12 03:27:00+00:00,,,,,,,,0.6359677419354839,0.63,,0.0,0,False
2026-03-12 03:27:30+00:00,,,,,,,,0.6359677419354839,0.63,,0.0,0,False
2026-03-12 03:28:00+00:00,,,,,,,,0.6359677419354839,0.63,,0.0,0,False
2026-03-12 03:28:30+00:00,,,,,,,,0.6359677419354839,0.63,,0.0,0,False
2026-03-12 03:29:00+00:00,,,,,,,,0.6359677419354839,0.63,,0.0,0,False
2026-03-12 03:29:30+00:00,,,,,,,,0.6359677419354839,0.63,,0.0,0,False
2026-03-12 03:30:00+00:00,,,,,,,,0.6359677419354839,0.63,,0.0,0,False
2026-03-12 03:30:30+00:00,,,,,,,,0.6359677419354839,0.63,,0.0,0,False
2026-03-12 03:31:00+00:00,,,,,,,,0.6359677419354839,0.63,,0.0,0,False
2026-03-12 03:31:30+00:00,,,,,,,,0.6359677419354839,0.63,,0.0,0,False
2026-03-12 03:32:00+00:00,,,,,,,,0.63,0.63,,16.0,1,False
2026-03-12 03:32:30+00:00,,,,,,,,0.63,0.63,,0.0,0,False
2026-03-12 03:33:00+00:00,,,,,,,,0.63,0.63,,0.0,0,False
2026-03-12 03:33:30+00:00,,,,,,,,0.63,0.63,,0.0,0,False
2026-03-12 03:34:00+00:00,,,,,,,,0.63,0.63,,0.0,0,False
2026-03-12 03:34:30+00:00,,,,,,,,0.63,0.63,,0.0,0,False
2026-03-12 03:35:00+00:00,,,,,,,,0.63,0.63,,0.0,0,False
2026-03-12 03:35:30+00:00,,,,,,,,0.64,0.64,,6.0,1,False
2026-03-12 03:36:00+00:00,,,,,,,,0.64,0.64,,0.0,0,False
2026-03-12 03:36:30+00:00,,,,,,,,0.64,0.64,,0.0,0,False
2026-03-12 03:37:00+00:00,,,,,,,,0.64,0.64,,0.0,0,False
2026-03-12 03:37:30+00:00,,,,,,,,0.64,0.64,,0.0,0,False
2026-03-12 03:38:00+00:00,,,,,,,,0.6500000000000001,0.65,,37.0,2,False
2026-03-12 03:38:30+00:00,,,,,,,,0.63,0.63,,282.0,1,False
2026-03-12 03:39:00+00:00,,,,,,,,0.63,0.63,,0.0,0,False
2026-03-12 03:39:30+00:00,,,,,,,,0.63,0.63,,7.0,1,False
2026-03-12 03:40:00+00:00,,,,,,,,0.63,0.63,,0.0,0,False
2026-03-12 03:40:30+00:00,,,,,,,,0.63,0.63,,0.0,0,False
2026-03-12 03:41:00+00:00,,,,,,,,0.63,0.63,,0.0,0,False
2026-03-12 03:41:30+00:00,,,,,,,,0.63,0.63,,0.0,0,False
2026-03-12 03:42:00+00:00,,,,,,,,0.63,0.63,,0.0,0,False
2026-03-12 03:42:30+00:00,,,,,,,,0.63,0.63,,0.0,0,False
2026-03-12 03:43:00+00:00,,,,,,,,0.63,0.63,,0.0,0,False
2026-03-12 03:43:30+00:00,,,,,,,,0.64,0.64,,6.0,1,False
2026-03-12 03:44:00+00:00,,,,,,,,0.63,0.63,,1.0,1,False
2026-03-12 03:44:30+00:00,,,,,,,,0.63,0.63,,0.0,0,False
2026-03-12 03:45:00+00:00,,,,,,,,0.63,0.63,,41.0,1,False
2026-03-12 03:45:30+00:00,,,,,,,,0.63,0.63,,2.0,1,False
2026-03-12 03:46:00+00:00,,,,,,,,0.63,0.63,,0.0,0,False
2026-03-12 03:46:30+00:00,,,,,,,,0.63,0.63,,0.0,0,False
2026-03-12 03:47:00+00:00,,,,,,,,0.63,0.63,,0.0,0,False
2026-03-12 03:47:30+00:00,,,,,,,,0.63,0.63,,0.0,0,False
2026-03-12 03:48:00+00:00,,,,,,,,0.63,0.63,,64.0,1,False
2026-03-12 03:48:30+00:00,,,,,,,,0.63,0.63,,0.0,0,False
2026-03-12 03:49:00+00:00,,,,,,,,0.63,0.63,,0.0,0,False
2026-03-12 03:49:30+00:00,,,,,,,,0.63,0.63,,0.0,0,False
2026-03-12 03:50:00+00:00,,,,,,,,0.63,0.63,,0.0,0,False
2026-03-12 03:50:30+00:00,,,,,,,,0.63,0.63,,0.0,0,False
2026-03-12 03:51:00+00:00,,,,,,,,0.63,0.63,,0.0,0,False
2026-03-12 03:51:30+00:00,,,,,,,,0.63,0.63,,50.0,1,False
2026-03-12 03:52:00+00:00,,,,,,,,0.6442857142857144,0.63,,42.0,2,False
2026-03-12 03:52:30+00:00,,,,,,,,0.6442857142857144,0.63,,0.0,0,False
2026-03-12 03:53:00+00:00,,,,,,,,0.6442857142857144,0.63,,0.0,0,False
2026-03-12 03:53:30+00:00,,,,,,,,0.6442857142857144,0.63,,0.0,0,False
2026-03-12 03:54:00+00:00,,,,,,,,0.6442857142857144,0.63,,0.0,0,False
2026-03-12 03:54:30+00:00,,,,,,,,0.63,0.63,,53.0,1,False
2026-03-12 03:55:00+00:00,,,,,,,,0.63,0.63,,250.0,1,False
2026-03-12 03:55:30+00:00,,,,,,,,0.63,0.63,,0.0,0,False
2026-03-12 03:56:00+00:00,,,,,,,,0.63,0.63,,0.0,0,False
2026-03-12 03:56:30+00:00,,,,,,,,0.65,0.65,,15.0,1,False
2026-03-12 03:57:00+00:00,,,,,,,,0.65,0.65,,0.0,0,False
2026-03-12 03:57:30+00:00,,,,,,,,0.65,0.65,,0.0,0,False
2026-03-12 03:58:00+00:00,,,,,,,,0.65,0.65,,0.0,0,False
2026-03-12 03:58:30+00:00,,,,,,,,0.65,0.65,,0.0,0,False
2026-03-12 03:59:00+00:00,,,,,,,,0.65,0.65,,0.0,0,False
2026-03-12 03:59:30+00:00,,,,,,,,0.65,0.65,,0.0,0,False
2026-03-12 04:00:00+00:00,,,,,,,,0.65,0.65,,0.0,0,False
2026-03-12 04:00:30+00:00,,,,,,,,0.65,0.65,,0.0,0,False
2026-03-12 04:01:00+00:00,,,,,,,,0.63,0.63,,25.0,1,False
2026-03-12 04:01:30+00:00,,,,,,,,0.63,0.63,,0.0,0,False
2026-03-12 04:02:00+00:00,,,,,,,,0.63,0.63,,0.0,0,False
2026-03-12 04:02:30+00:00,,,,,,,,0.63,0.63,,0.0,0,False
2026-03-12 04:03:00+00:00,,,,,,,,0.63,0.63,,11.0,1,False
2026-03-12 04:03:30+00:00,,,,,,,,0.63,0.63,,0.0,0,False
2026-03-12 04:04:00+00:00,,,,,,,,0.63,0.63,,0.0,0,False
2026-03-12 04:04:30+00:00,,,,,,,,0.63,0.63,,0.0,0,False
2026-03-12 04:05:00+00:00,,,,,,,,0.63,0.63,,0.0,0,False
2026-03-12 04:05:30+00:00,,,,,,,,0.65,0.65,,3.0,1,False
2026-03-12 04:06:00+00:00,,,,,,,,0.65,0.65,,0.0,0,False
2026-03-12 04:06:30+00:00,,,,,,,,0.6319718309859155,0.65,,71.0,2,False
2026-03-12 04:07:00+00:00,,,,,,,,0.6319718309859155,0.65,,0.0,0,False
2026-03-12 04:07:30+00:00,,,,,,,,0.63,0.63,,12.0,1,False
2026-03-12 04:08:00+00:00,,,,,,,,0.65,0.65,,7.0,1,False
2026-03-12 04:08:30+00:00,,,,,,,,0.65,0.65,,6.0,1,False
2026-03-12 04:09:00+00:00,,,,,,,,0.65,0.65,,0.0,0,False
2026-03-12 04:09:30+00:00,,,,,,,,0.65,0.65,,0.0,0,False
2026-03-12 04:10:00+00:00,,,,,,,,0.65,0.65,,30.0,1,False
2026-03-12 04:10:30+00:00,,,,,,,,0.65,0.65,,0.0,0,False
2026-03-12 04:11:00+00:00,,,,,,,,0.65,0.65,,0.0,0,False
2026-03-12 04:11:30+00:00,,,,,,,,0.65,0.65,,0.0,0,False
2026-03-12 04:12:00+00:00,,,,,,,,0.65,0.65,,7.0,1,False
2026-03-12 04:12:30+00:00,,,,,,,,0.65,0.65,,0.0,0,False
2026-03-12 04:13:00+00:00,,,,,,,,0.65,0.65,,3.0,1,False
2026-03-12 04:13:30+00:00,,,,,,,,0.65,0.65,,0.0,0,False
2026-03-12 04:14:00+00:00,,,,,,,,0.65,0.65,,0.0,0,False
2026-03-12 04:14:30+00:00,,,,,,,,0.65,0.65,,0.0,0,False
2026-03-12 04:15:00+00:00,,,,,,,,0.6357142857142858,0.63,,28.0,2,False
2026-03-12 04:15:30+00:00,,,,,,,,0.6357142857142858,0.63,,0.0,0,False
2026-03-12 04:16:00+00:00,,,,,,,,0.6357142857142858,0.63,,0.0,0,False
2026-03-12 04:16:30+00:00,,,,,,,,0.65,0.65,,149.0,1,False
2026-03-12 04:17:00+00:00,,,,,,,,0.65,0.65,,0.0,0,False
2026-03-12 04:17:30+00:00,,,,,,,,0.65,0.65,,0.0,0,False
2026-03-12 04:18:00+00:00,,,,,,,,0.65,0.65,,0.0,0,False
2026-03-12 04:18:30+00:00,,,,,,,,0.65,0.65,,0.0,0,False
2026-03-12 04:19:00+00:00,,,,,,,,0.65,0.65,,97.0,1,False
2026-03-12 04:19:30+00:00,,,,,,,,0.65,0.65,,0.0,0,False
2026-03-12 04:20:00+00:00,,,,,,,,0.65,0.65,,0.0,0,False
2026-03-12 04:20:30+00:00,,,,,,,,0.63,0.63,,310.0,2,False
2026-03-12 04:21:00+00:00,,,,,,,,0.63,0.63,,6.0,1,False
2026-03-12 04:21:30+00:00,,,,,,,,0.638235294117647,0.63,,17.0,2,False
2026-03-12 04:22:00+00:00,,,,,,,,0.638235294117647,0.63,,0.0,0,False
2026-03-12 04:22:30+00:00,,,,,,,,0.638235294117647,0.63,,0.0,0,False
2026-03-12 04:23:00+00:00,,,,,,,,0.638235294117647,0.63,,0.0,0,False
2026-03-12 04:23:30+00:00,,,,,,,,0.638235294117647,0.63,,0.0,0,False
2026-03-12 04:24:00+00:00,,,,,,,,0.638235294117647,0.63,,0.0,0,False
2026-03-12 04:24:30+00:00,,,,,,,,0.638235294117647,0.63,,0.0,0,False
2026-03-12 04:25:00+00:00,,,,,,,,0.638235294117647,0.63,,0.0,0,False
2026-03-12 04:25:30+00:00,,,,,,,,0.638235294117647,0.63,,0.0,0,False
2026-03-12 04:26:00+00:00,,,,,,,,0.638235294117647,0.63,,0.0,0,False
2026-03-12 04:26:30+00:00,,,,,,,,0.638235294117647,0.63,,0.0,0,False
2026-03-12 04:27:00+00:00,,,,,,,,0.638235294117647,0.63,,0.0,0,False
2026-03-12 04:27:30+00:00,,,,,,,,0.638235294117647,0.63,,0.0,0,False
2026-03-12 04:28:00+00:00,,,,,,,,0.66,0.66,,36.0,1,False
2026-03-12 04:28:30+00:00,,,,,,,,0.66,0.66,,0.0,0,False
2026-03-12 04:29:00+00:00,,,,,,,,0.66,0.66,,7.0,1,False
2026-03-12 04:29:30+00:00,,,,,,,,0.66,0.66,,0.0,0,False
2026-03-12 04:30:00+00:00,,,,,,,,0.66,0.66,,0.0,0,False
2026-03-12 04:30:30+00:00,,,,,,,,0.66,0.66,,0.0,0,False
2026-03-12 04:31:00+00:00,,,,,,,,0.66,0.66,,0.0,0,False
2026-03-12 04:31:30+00:00,,,,,,,,0.66,0.66,,0.0,0,False
2026-03-12 04:32:00+00:00,,,,,,,,0.66,0.66,,0.0,0,False
2026-03-12 04:32:30+00:00,,,,,,,,0.63,0.63,,2.0,1,False
2026-03-12 04:33:00+00:00,,,,,,,,0.63,0.63,,0.0,0,False
2026-03-12 04:33:30+00:00,,,,,,,,0.63,0.63,,0.0,0,False
2026-03-12 04:34:00+00:00,,,,,,,,0.63,0.63,,0.0,0,False
2026-03-12 04:34:30+00:00,,,,,,,,0.63,0.63,,0.0,0,False
2026-03-12 04:35:00+00:00,,,,,,,,0.63,0.63,,0.0,0,False
2026-03-12 04:35:30+00:00,,,,,,,,0.63,0.63,,0.0,0,False
2026-03-12 04:36:00+00:00,,,,,,,,0.63,0.63,,0.0,0,False
2026-03-12 04:36:30+00:00,,,,,,,,0.63,0.63,,0.0,0,False
2026-03-12 04:37:00+00:00,,,,,,,,0.63,0.63,,0.0,0,False
2026-03-12 04:37:30+00:00,,,,,,,,0.63,0.63,,0.0,0,False
2026-03-12 04:38:00+00:00,,,,,,,,0.63,0.63,,0.0,0,False
2026-03-12 04:38:30+00:00,,,,,,,,0.66,0.66,,17.0,1,False
2026-03-12 04:39:00+00:00,,,,,,,,0.66,0.66,,0.0,0,False
2026-03-12 04:39:30+00:00,,,,,,,,0.63,0.63,,25.0,1,False
2026-03-12 04:40:00+00:00,,,,,,,,0.66,0.66,,1.0,1,False
2026-03-12 04:40:30+00:00,,,,,,,,0.66,0.66,,0.0,0,False
2026-03-12 04:41:00+00:00,,,,,,,,0.66,0.66,,0.0,0,False
2026-03-12 04:41:30+00:00,,,,,,,,0.66,0.66,,0.0,0,False
2026-03-12 04:42:00+00:00,,,,,,,,0.66,0.66,,0.0,0,False
2026-03-12 04:42:30+00:00,,,,,,,,0.66,0.66,,0.0,0,False
2026-03-12 04:43:00+00:00,,,,,,,,0.66,0.66,,0.0,0,False
2026-03-12 04:43:30+00:00,,,,,,,,0.66,0.66,,0.0,0,False
2026-03-12 04:44:00+00:00,,,,,,,,0.66,0.66,,0.0,0,False
2026-03-12 04:44:30+00:00,,,,,,,,0.66,0.66,,0.0,0,False
2026-03-12 04:45:00+00:00,,,,,,,,0.66,0.66,,0.0,0,False
2026-03-12 04:45:30+00:00,,,,,,,,0.66,0.66,,0.0,0,False
2026-03-12 04:46:00+00:00,,,,,,,,0.66,0.66,,0.0,0,False
2026-03-12 04:46:30+00:00,,,,,,,,0.63,0.63,,25.0,1,False
2026-03-12 04:47:00+00:00,,,,,,,,0.63,0.63,,38.0,1,False
2026-03-12 04:47:30+00:00,,,,,,,,0.63,0.63,,0.0,0,False
2026-03-12 04:48:00+00:00,,,,,,,,0.63,0.63,,62.0,1,False
2026-03-12 04:48:30+00:00,,,,,,,,0.63,0.63,,25.0,1,False
2026-03-12 04:49:00+00:00,,,,,,,,0.63,0.63,,0.0,0,False
2026-03-12 04:49:30+00:00,,,,,,,,0.63,0.63,,0.0,0,False
2026-03-12 04:50:00+00:00,,,,,,,,0.66,0.66,,58.0,1,False
2026-03-12 04:50:30+00:00,,,,,,,,0.66,0.66,,0.0,0,False
2026-03-12 04:51:00+00:00,,,,,,,,0.66,0.66,,0.0,0,False
2026-03-12 04:51:30+00:00,,,,,,,,0.63,0.63,,25.0,1,False
2026-03-12 04:52:00+00:00,,,,,,,,0.63,0.63,,0.0,0,False
2026-03-12 04:52:30+00:00,,,,,,,,0.63,0.63,,25.0,1,False
2026-03-12 04:53:00+00:00,,,,,,,,0.63,0.63,,64.0,1,False
2026-03-12 04:53:30+00:00,,,,,,,,0.63,0.63,,10.0,2,False
2026-03-12 04:54:00+00:00,,,,,,,,0.63,0.63,,0.0,0,False
2026-03-12 04:54:30+00:00,,,,,,,,0.63,0.63,,2.0,1,False
2026-03-12 04:55:00+00:00,,,,,,,,0.63,0.63,,0.0,0,False
2026-03-12 04:55:30+00:00,,,,,,,,0.63,0.63,,0.0,0,False
2026-03-12 04:56:00+00:00,,,,,,,,0.63,0.63,,0.0,0,False
2026-03-12 04:56:30+00:00,,,,,,,,0.63,0.63,,0.0,0,False
2026-03-12 04:57:00+00:00,,,,,,,,0.63,0.63,,0.0,0,False
2026-03-12 04:57:30+00:00,,,,,,,,0.63,0.63,,10.0,1,False
2026-03-12 04:58:00+00:00,,,,,,,,0.63,0.63,,0.0,0,False
2026-03-12 04:58:30+00:00,,,,,,,,0.66,0.66,,14.0,1,False
2026-03-12 04:59:00+00:00,,,,,,,,0.66,0.66,,0.0,0,False
2026-03-12 04:59:30+00:00,,,,,,,,0.63,0.63,,12.0,1,False
2026-03-12 05:00:00+00:00,,,,,,,,0.63,0.63,,0.0,0,False
2026-03-12 05:00:30+00:00,,,,,,,,0.66,0.66,,36.0,1,False
2026-03-12 05:01:00+00:00,,,,,,,,0.66,0.66,,0.0,0,False
2026-03-12 05:01:30+00:00,,,,,,,,0.66,0.66,,0.0,0,False
2026-03-12 05:02:00+00:00,,,,,,,,0.66,0.66,,0.0,0,False
2026-03-12 05:02:30+00:00,,,,,,,,0.63,0.63,,33.0,2,False
2026-03-12 05:03:00+00:00,,,,,,,,0.63,0.63,,0.0,0,False
2026-03-12 05:03:30+00:00,,,,,,,,0.66,0.66,,14.0,1,False
2026-03-12 05:04:00+00:00,,,,,,,,0.66,0.66,,0.0,0,False
2026-03-12 05:04:30+00:00,,,,,,,,0.63,0.63,,22.0,1,False
2026-03-12 05:05:00+00:00,,,,,,,,0.63,0.63,,5.0,1,False
2026-03-12 05:05:30+00:00,,,,,,,,0.63,0.63,,0.0,0,False
2026-03-12 05:06:00+00:00,,,,,,,,0.63,0.63,,5.0,1,False
2026-03-12 05:06:30+00:00,,,,,,,,0.63,0.63,,0.0,0,False
2026-03-12 05:07:00+00:00,,,,,,,,0.63,0.63,,51.0,1,False
2026-03-12 05:07:30+00:00,,,,,,,,0.63,0.63,,0.0,0,False
2026-03-12 05:08:00+00:00,,,,,,,,0.63,0.63,,0.0,0,False
2026-03-12 05:08:30+00:00,,,,,,,,0.63,0.63,,0.0,0,False
2026-03-12 05:09:00+00:00,,,,,,,,0.66,0.66,,147.0,1,False
2026-03-12 05:09:30+00:00,,,,,,,,0.63,0.63,,5.0,1,False
2026-03-12 05:10:00+00:00,,,,,,,,0.63,0.63,,30.0,2,False
2026-03-12 05:10:30+00:00,,,,,,,,0.63,0.63,,0.0,0,False
2026-03-12 05:11:00+00:00,,,,,,,,0.63,0.63,,0.0,0,False
2026-03-12 05:11:30+00:00,,,,,,,,0.66,0.66,,10.0,1,False
2026-03-12 05:12:00+00:00,,,,,,,,0.66,0.66,,0.0,0,False
2026-03-12 05:12:30+00:00,,,,,,,,0.66,0.66,,0.0,0,False
2026-03-12 05:13:00+00:00,,,,,,,,0.63,0.63,,12.0,1,False
2026-03-12 05:13:30+00:00,,,,,,,,0.63,0.63,,0.0,0,False
2026-03-12 05:14:00+00:00,,,,,,,,0.63,0.63,,0.0,0,False
2026-03-12 05:14:30+00:00,,,,,,,,0.66,0.66,,44.0,1,False
2026-03-12 05:15:00+00:00,,,,,,,,0.66,0.66,,0.0,0,False
2026-03-12 05:15:30+00:00,,,,,,,,0.66,0.66,,0.0,0,False
2026-03-12 05:16:00+00:00,,,,,,,,0.66,0.66,,0.0,0,False
2026-03-12 05:16:30+00:00,,,,,,,,0.66,0.66,,0.0,0,False
2026-03-12 05:17:00+00:00,,,,,,,,0.66,0.66,,0.0,0,False
2026-03-12 05:17:30+00:00,,,,,,,,0.6534782608695653,0.66,,46.0,2,False
2026-03-12 05:18:00+00:00,,,,,,,,0.6534782608695653,0.66,,0.0,0,False
2026-03-12 05:18:30+00:00,,,,,,,,0.6534782608695653,0.66,,0.0,0,False
2026-03-12 05:19:00+00:00,,,,,,,,0.63,0.63,,22.0,2,False
2026-03-12 05:19:30+00:00,,,,,,,,0.63,0.63,,225.0,1,False
2026-03-12 05:20:00+00:00,,,,,,,,0.63,0.63,,0.0,0,False
2026-03-12 05:20:30+00:00,,,,,,,,0.63,0.63,,0.0,0,False
2026-03-12 05:21:00+00:00,,,,,,,,0.63,0.63,,0.0,0,False
2026-03-12 05:21:30+00:00,,,,,,,,0.63,0.63,,0.0,0,False
2026-03-12 05:22:00+00:00,,,,,,,,0.63,0.63,,0.0,0,False
2026-03-12 05:22:30+00:00,,,,,,,,0.63,0.63,,214.0,2,False
2026-03-12 05:23:00+00:00,,,,,,,,0.64,0.64,,50.0,1,False
2026-03-12 05:23:30+00:00,,,,,,,,0.64,0.64,,0.0,0,False
2026-03-12 05:24:00+00:00,,,,,,,,0.66,0.66,,7.0,1,False
2026-03-12 05:24:30+00:00,,,,,,,,0.66,0.66,,0.0,0,False
2026-03-12 05:25:00+00:00,,,,,,,,0.64,0.64,,17281.0,4,False
2026-03-12 05:25:30+00:00,,,,,,,,0.6410144927536232,0.64,,138.0,2,False
2026-03-12 05:26:00+00:00,,,,,,,,0.6410144927536232,0.64,,0.0,0,False
2026-03-12 05:26:30+00:00,,,,,,,,0.6410144927536232,0.64,,0.0,0,False
2026-03-12 05:27:00+00:00,,,,,,,,0.6500434782608696,0.65,,230.0,3,False
2026-03-12 05:27:30+00:00,,,,,,,,0.65,0.65,,1.0,1,False
2026-03-12 05:28:00+00:00,,,,,,,,0.65,0.65,,0.0,0,False
2026-03-12 05:28:30+00:00,,,,,,,,0.65,0.65,,0.0,0,False
2026-03-12 05:29:00+00:00,,,,,,,,0.65,0.65,,0.0,0,False
2026-03-12 05:29:30+00:00,,,,,,,,0.65,0.65,,0.0,0,False
2026-03-12 05:30:00+00:00,,,,,,,,0.66,0.66,,44.0,1,False
2026-03-12 05:30:30+00:00,,,,,,,,0.65,0.65,,27.0,1,False
2026-03-12 05:31:00+00:00,,,,,,,,0.65,0.65,,284.0,1,False
2026-03-12 05:31:30+00:00,,,,,,,,0.65,0.65,,0.0,0,False
2026-03-12 05:32:00+00:00,,,,,,,,0.6576744186046511,0.66,,43.0,2,False
2026-03-12 05:32:30+00:00,,,,,,,,0.6576744186046511,0.66,,0.0,0,False
2026-03-12 05:33:00+00:00,,,,,,,,0.6576744186046511,0.66,,0.0,0,False
2026-03-12 05:33:30+00:00,,,,,,,,0.6576744186046511,0.66,,0.0,0,False
2026-03-12 05:34:00+00:00,,,,,,,,0.6576744186046511,0.66,,0.0,0,False
2026-03-12 05:34:30+00:00,,,,,,,,0.6576744186046511,0.66,,0.0,0,False
2026-03-12 05:35:00+00:00,,,,,,,,0.6576744186046511,0.66,,0.0,0,False
2026-03-12 05:35:30+00:00,,,,,,,,0.65,0.65,,2.0,1,False
2026-03-12 05:36:00+00:00,,,,,,,,0.65,0.65,,0.0,0,False
2026-03-12 05:36:30+00:00,,,,,,,,0.65,0.65,,0.0,0,False
2026-03-12 05:37:00+00:00,,,,,,,,0.65,0.65,,0.0,0,False
2026-03-12 05:37:30+00:00,,,,,,,,0.65,0.65,,0.0,0,False
2026-03-12 05:38:00+00:00,,,,,,,,0.66,0.66,,3.0,1,False
2026-03-12 05:38:30+00:00,,,,,,,,0.66,0.66,,0.0,0,False
2026-03-12 05:39:00+00:00,,,,,,,,0.66,0.66,,0.0,0,False
2026-03-12 05:39:30+00:00,,,,,,,,0.65,0.65,,135.0,1,False
2026-03-12 05:40:00+00:00,,,,,,,,0.65,0.65,,4.0,1,False
2026-03-12 05:40:30+00:00,,,,,,,,0.65,0.65,,0.0,0,False
2026-03-12 05:41:00+00:00,,,,,,,,0.65,0.65,,0.0,0,False
2026-03-12 05:41:30+00:00,,,,,,,,0.66,0.66,,14.0,1,False
2026-03-12 05:42:00+00:00,,,,,,,,0.66,0.66,,0.0,0,False
2026-03-12 05:42:30+00:00,,,,,,,,0.66,0.66,,0.0,0,False
2026-03-12 05:43:00+00:00,,,,,,,,0.66,0.66,,0.0,0,False
2026-03-12 05:43:30+00:00,,,,,,,,0.66,0.66,,0.0,0,False
2026-03-12 05:44:00+00:00,,,,,,,,0.66,0.66,,0.0,0,False
2026-03-12 05:44:30+00:00,,,,,,,,0.66,0.66,,8.0,1,False
2026-03-12 05:45:00+00:00,,,,,,,,0.66,0.66,,0.0,0,False
2026-03-12 05:45:30+00:00,,,,,,,,0.65,0.65,,54.0,1,False
2026-03-12 05:46:00+00:00,,,,,,,,0.66,0.66,,205.0,2,False
2026-03-12 05:46:30+00:00,,,,,,,,0.6584883720930232,0.66,,86.0,2,False
2026-03-12 05:47:00+00:00,,,,,,,,0.65,0.65,,55.0,1,False
2026-03-12 05:47:30+00:00,,,,,,,,0.65,0.65,,202.0,1,False
2026-03-12 05:48:00+00:00,,,,,,,,0.65,0.65,,0.0,0,False
2026-03-12 05:48:30+00:00,,,,,,,,0.65,0.65,,0.0,0,False
2026-03-12 05:49:00+00:00,,,,,,,,0.65,0.65,,0.0,0,False
2026-03-12 05:49:30+00:00,,,,,,,,0.65,0.65,,0.0,0,False
2026-03-12 05:50:00+00:00,,,,,,,,0.65,0.65,,75.0,1,False
2026-03-12 05:50:30+00:00,,,,,,,,0.65,0.65,,0.0,0,False
2026-03-12 05:51:00+00:00,,,,,,,,0.65,0.65,,0.0,0,False
2026-03-12 05:51:30+00:00,,,,,,,,0.65453125,0.65,,64.0,2,False
2026-03-12 05:52:00+00:00,,,,,,,,0.66,0.66,,14.0,1,False
2026-03-12 05:52:30+00:00,,,,,,,,0.6597916666666667,0.65,,96.0,2,False
2026-03-12 05:53:00+00:00,,,,,,,,0.6553571428571429,0.65,,28.0,2,False
2026-03-12 05:53:30+00:00,,,,,,,,0.6553571428571429,0.65,,0.0,0,False
2026-03-12 05:54:00+00:00,,,,,,,,0.66,0.66,,14.0,1,False
2026-03-12 05:54:30+00:00,,,,,,,,0.6599999999999999,0.66,,10.0,2,False
2026-03-12 05:55:00+00:00,,,,,,,,0.6599999999999999,0.6599999999999999,,17281.0,3,False
2026-03-12 05:55:30+00:00,,,,,,,,0.6599999999999999,0.6599999999999999,,0.0,0,False
2026-03-12 05:56:00+00:00,,,,,,,,0.6599999999999999,0.6599999999999999,,0.0,0,False
2026-03-12 05:56:30+00:00,,,,,,,,0.6599999999999999,0.6599999999999999,,0.0,0,False
2026-03-12 05:57:00+00:00,,,,,,,,0.6599999999999999,0.6599999999999999,,0.0,0,False
2026-03-12 05:57:30+00:00,,,,,,,,0.6599999999999999,0.6599999999999999,,0.0,0,False
2026-03-12 05:58:00+00:00,,,,,,,,0.6599999999999999,0.6599999999999999,,0.0,0,False
2026-03-12 05:58:30+00:00,,,,,,,,0.6599999999999999,0.6599999999999999,,0.0,0,False
2026-03-12 05:59:00+00:00,,,,,,,,0.6599999999999999,0.6599999999999999,,0.0,0,False
2026-03-12 05:59:30+00:00,,,,,,,,0.6599999999999999,0.6599999999999999,,0.0,0,False
2026-03-12 06:00:00+00:00,,,,,,,,0.66,0.66,,7.0,1,False
2026-03-12 06:00:30+00:00,,,,,,,,0.66,0.66,,0.0,0,False
2026-03-12 06:01:00+00:00,,,,,,,,0.66,0.66,,0.0,0,False
2026-03-12 06:01:30+00:00,,,,,,,,0.65,0.65,,150.0,1,False
2026-03-12 06:02:00+00:00,,,,,,,,0.65,0.65,,0.0,0,False
2026-03-12 06:02:30+00:00,,,,,,,,0.65,0.65,,0.0,0,False
2026-03-12 06:03:00+00:00,,,,,,,,0.66,0.66,,42.0,1,False
2026-03-12 06:03:30+00:00,,,,,,,,0.66,0.66,,0.0,0,False
2026-03-12 06:04:00+00:00,,,,,,,,0.65,0.65,,11.0,1,False
2026-03-12 06:04:30+00:00,,,,,,,,0.65,0.65,,0.0,0,False
2026-03-12 06:05:00+00:00,,,,,,,,0.65,0.65,,108.0,1,False
2026-03-12 06:05:30+00:00,,,,,,,,0.66,0.66,,2959.0,1,False
2026-03-12 06:06:00+00:00,,,,,,,,0.65,0.65,,40.0,1,False
2026-03-12 06:06:30+00:00,,,,,,,,0.66,0.66,,44.0,1,False
2026-03-12 06:07:00+00:00,,,,,,,,0.66,0.66,,0.0,0,False
2026-03-12 06:07:30+00:00,,,,,,,,0.65,0.65,,1.0,1,False
2026-03-12 06:08:00+00:00,,,,,,,,0.65,0.65,,0.0,0,False
2026-03-12 06:08:30+00:00,,,,,,,,0.65,0.65,,0.0,0,False
2026-03-12 06:09:00+00:00,,,,,,,,0.65,0.65,,0.0,0,False
2026-03-12 06:09:30+00:00,,,,,,,,0.65,0.65,,0.0,0,False
2026-03-12 06:10:00+00:00,,,,,,,,0.65,0.65,,0.0,0,False
2026-03-12 06:10:30+00:00,,,,,,,,0.6500000000000001,0.65,,13.0,1,False
2026-03-12 06:11:00+00:00,,,,,,,,0.65,0.65,,30.0,1,False
2026-03-12 06:11:30+00:00,,,,,,,,0.65,0.65,,40.0,1,False
2026-03-12 06:12:00+00:00,,,,,,,,0.65,0.65,,0.0,0,False
2026-03-12 06:12:30+00:00,,,,,,,,0.65,0.65,,27.0,1,False
2026-03-12 06:13:00+00:00,,,,,,,,0.65,0.65,,8.0,1,False
2026-03-12 06:13:30+00:00,,,,,,,,0.6500000000000001,0.65,,13.0,1,False
2026-03-12 06:14:00+00:00,,,,,,,,0.6500000000000001,0.65,,0.0,0,False
2026-03-12 06:14:30+00:00,,,,,,,,0.65,0.65,,153.0,1,False
2026-03-12 06:15:00+00:00,,,,,,,,0.66,0.66,,14.0,1,False
2026-03-12 06:15:30+00:00,,,,,,,,0.66,0.66,,735.0,1,False
2026-03-12 06:16:00+00:00,,,,,,,,0.66,0.66,,0.0,0,False
2026-03-12 06:16:30+00:00,,,,,,,,0.66,0.66,,0.0,0,False
2026-03-12 06:17:00+00:00,,,,,,,,0.66,0.66,,0.0,0,False
2026-03-12 06:17:30+00:00,,,,,,,,0.66,0.66,,0.0,0,False
2026-03-12 06:18:00+00:00,,,,,,,,0.66,0.66,,0.0,0,False
2026-03-12 06:18:30+00:00,,,,,,,,0.66,0.66,,1.0,1,False
2026-03-12 06:19:00+00:00,,,,,,,,0.6552941176470588,0.66,,136.0,2,False
2026-03-12 06:19:30+00:00,,,,,,,,0.6552941176470588,0.66,,0.0,0,False
2026-03-12 06:20:00+00:00,,,,,,,,0.6552941176470588,0.66,,0.0,0,False
2026-03-12 06:20:30+00:00,,,,,,,,0.6552941176470588,0.66,,0.0,0,False
2026-03-12 06:21:00+00:00,,,,,,,,0.6552941176470588,0.66,,0.0,0,False
2026-03-12 06:21:30+00:00,,,,,,,,0.65,0.65,,5.0,1,False
2026-03-12 06:22:00+00:00,,,,,,,,0.65,0.65,,0.0,0,False
2026-03-12 06:22:30+00:00,,,,,,,,0.65,0.65,,0.0,0,False
2026-03-12 06:23:00+00:00,,,,,,,,0.65,0.65,,683.0,1,False
2026-03-12 06:23:30+00:00,,,,,,,,0.65,0.65,,0.0,0,False
2026-03-12 06:24:00+00:00,,,,,,,,0.65,0.65,,0.0,0,False
2026-03-12 06:24:30+00:00,,,,,,,,0.6533333333333333,0.66,,3.0,2,False
2026-03-12 06:25:00+00:00,,,,,,,,0.6533333333333333,0.66,,0.0,0,False
2026-03-12 06:25:30+00:00,,,,,,,,0.65,0.65,,162.0,1,False
2026-03-12 06:26:00+00:00,,,,,,,,0.65,0.65,,0.0,0,False
2026-03-12 06:26:30+00:00,,,,,,,,0.65,0.65,,0.0,0,False
2026-03-12 06:27:00+00:00,,,,,,,,0.65,0.65,,0.0,0,False
2026-03-12 06:27:30+00:00,,,,,,,,0.65,0.65,,0.0,0,False
2026-03-12 06:28:00+00:00,,,,,,,,0.65,0.65,,300.0,3,False
2026-03-12 06:28:30+00:00,,,,,,,,0.66,0.66,,2000.0,1,False
2026-03-12 06:29:00+00:00,,,,,,,,0.66,0.66,,14.0,1,False
2026-03-12 06:29:30+00:00,,,,,,,,0.66,0.66,,0.0,0,False
2026-03-12 06:30:00+00:00,,,,,,,,0.66,0.66,,0.0,0,False
2026-03-12 06:30:30+00:00,,,,,,,,0.64,0.64,,13.0,1,False
2026-03-12 06:31:00+00:00,,,,,,,,0.64,0.64,,100.0,1,False
2026-03-12 06:31:30+00:00,,,,,,,,0.66,0.66,,7.0,1,False
2026-03-12 06:32:00+00:00,,,,,,,,0.66,0.66,,120.0,1,False
2026-03-12 06:32:30+00:00,,,,,,,,0.66,0.66,,0.0,0,False
2026-03-12 06:33:00+00:00,,,,,,,,0.66,0.66,,0.0,0,False
2026-03-12 06:33:30+00:00,,,,,,,,0.66,0.66,,0.0,0,False
2026-03-12 06:34:00+00:00,,,,,,,,0.66,0.66,,0.0,0,False
2026-03-12 06:34:30+00:00,,,,,,,,0.66,0.66,,0.0,0,False
2026-03-12 06:35:00+00:00,,,,,,,,0.64,0.64,,53.0,1,False
2026-03-12 06:35:30+00:00,,,,,,,,0.6443452380952381,0.64,,336.0,2,False
2026-03-12 06:36:00+00:00,,,,,,,,0.6443452380952381,0.64,,0.0,0,False
2026-03-12 06:36:30+00:00,,,,,,,,0.6443452380952381,0.64,,0.0,0,False
2026-03-12 06:37:00+00:00,,,,,,,,0.66,0.66,,630.0,1,False
2026-03-12 06:37:30+00:00,,,,,,,,0.66,0.66,,3.0,1,False
2026-03-12 06:38:00+00:00,,,,,,,,0.66,0.66,,0.0,0,False
2026-03-12 06:38:30+00:00,,,,,,,,0.66,0.66,,0.0,0,False
2026-03-12 06:39:00+00:00,,,,,,,,0.66,0.66,,0.0,0,False
2026-03-12 06:39:30+00:00,,,,,,,,0.66,0.66,,0.0,0,False
2026-03-12 06:40:00+00:00,,,,,,,,0.66,0.66,,0.0,0,False
2026-03-12 06:40:30+00:00,,,,,,,,0.64,0.64,,154.0,1,False
2026-03-12 06:41:00+00:00,,,,,,,,0.64,0.64,,0.0,0,False
2026-03-12 06:41:30+00:00,,,,,,,,0.6406770833333334,0.64,,192.0,3,False
2026-03-12 06:42:00+00:00,,,,,,,,0.6406770833333334,0.64,,0.0,0,False
2026-03-12 06:42:30+00:00,,,,,,,,0.6406770833333334,0.64,,0.0,0,False
2026-03-12 06:43:00+00:00,,,,,,,,0.6406770833333334,0.64,,0.0,0,False
2026-03-12 06:43:30+00:00,,,,,,,,0.6406770833333334,0.64,,0.0,0,False
2026-03-12 06:44:00+00:00,,,,,,,,0.64,0.64,,132.0,1,False
2026-03-12 06:44:30+00:00,,,,,,,,0.64,0.64,,0.0,0,False
2026-03-12 06:45:00+00:00,,,,,,,,0.64,0.64,,0.0,0,False
2026-03-12 06:45:30+00:00,,,,,,,,0.64,0.64,,13.0,1,False
2026-03-12 06:46:00+00:00,,,,,,,,0.64,0.64,,0.0,0,False
2026-03-12 06:46:30+00:00,,,,,,,,0.66,0.66,,22.0,1,False
2026-03-12 06:47:00+00:00,,,,,,,,0.66,0.66,,0.0,0,False
2026-03-12 06:47:30+00:00,,,,,,,,0.66,0.66,,0.0,0,False
2026-03-12 06:48:00+00:00,,,,,,,,0.66,0.66,,384.0,2,False
2026-03-12 06:48:30+00:00,,,,,,,,0.66,0.66,,0.0,0,False
2026-03-12 06:49:00+00:00,,,,,,,,0.64,0.64,,130.0,1,False
2026-03-12 06:49:30+00:00,,,,,,,,0.66,0.66,,7.0,1,False
2026-03-12 06:50:00+00:00,,,,,,,,0.66,0.66,,0.0,0,False
2026-03-12 06:50:30+00:00,,,,,,,,0.66,0.66,,0.0,0,False
2026-03-12 06:51:00+00:00,,,,,,,,0.66,0.66,,0.0,0,False
2026-03-12 06:51:30+00:00,,,,,,,,0.66,0.66,,0.0,0,False
2026-03-12 06:52:00+00:00,,,,,,,,0.66,0.66,,0.0,0,False
2026-03-12 06:52:30+00:00,,,,,,,,0.66,0.66,,0.0,0,False
2026-03-12 06:53:00+00:00,,,,,,,,0.66,0.66,,0.0,0,False
2026-03-12 06:53:30+00:00,,,,,,,,0.66,0.66,,0.0,0,False
2026-03-12 06:54:00+00:00,,,,,,,,0.66,0.66,,0.0,0,False
2026-03-12 06:54:30+00:00,,,,,,,,0.66,0.66,,0.0,0,False
2026-03-12 06:55:00+00:00,,,,,,,,0.66,0.66,,0.0,0,False
2026-03-12 06:55:30+00:00,,,,,,,,0.66,0.66,,0.0,0,False
2026-03-12 06:56:00+00:00,,,,,,,,0.66,0.66,,0.0,0,False
2026-03-12 06:56:30+00:00,,,,,,,,0.64,0.64,,5.0,1,False
2026-03-12 06:57:00+00:00,,,,,,,,0.64,0.64,,0.0,0,False
2026-03-12 06:57:30+00:00,,,,,,,,0.64,0.64,,0.0,0,False
2026-03-12 06:58:00+00:00,,,,,,,,0.64,0.64,,0.0,0,False
2026-03-12 06:58:30+00:00,,,,,,,,0.64,0.64,,0.0,0,False
2026-03-12 06:59:00+00:00,,,,,,,,0.64,0.64,,0.0,0,False
2026-03-12 06:59:30+00:00,,,,,,,,0.64,0.64,,0.0,0,False
2026-03-12 07:00:00+00:00,,,,,,,,0.64,0.64,,0.0,0,False
2026-03-12 07:00:30+00:00,,,,,,,,0.64,0.64,,0.0,0,False
2026-03-12 07:01:00+00:00,,,,,,,,0.64,0.64,,0.0,0,False
2026-03-12 07:01:30+00:00,,,,,,,,0.64,0.64,,0.0,0,False
2026-03-12 07:02:00+00:00,,,,,,,,0.64,0.64,,0.0,0,False
2026-03-12 07:02:30+00:00,,,,,,,,0.64,0.64,,0.0,0,False
2026-03-12 07:03:00+00:00,,,,,,,,0.64,0.64,,0.0,0,False
2026-03-12 07:03:30+00:00,,,,,,,,0.64,0.64,,0.0,0,False
2026-03-12 07:04:00+00:00,,,,,,,,0.64,0.64,,0.0,0,False
2026-03-12 07:04:30+00:00,,,,,,,,0.64,0.64,,0.0,0,False
2026-03-12 07:05:00+00:00,,,,,,,,0.64,0.64,,0.0,0,False
2026-03-12 07:05:30+00:00,,,,,,,,0.64,0.64,,0.0,0,False
2026-03-12 07:06:00+00:00,,,,,,,,0.64,0.64,,0.0,0,False
2026-03-12 07:06:30+00:00,,,,,,,,0.64,0.64,,0.0,0,False
2026-03-12 07:07:00+00:00,,,,,,,,0.64,0.64,,0.0,0,False
2026-03-12 07:07:30+00:00,,,,,,,,0.64,0.64,,0.0,0,False
2026-03-12 07:08:00+00:00,,,,,,,,0.64,0.64,,0.0,0,False
2026-03-12 07:08:30+00:00,,,,,,,,0.64,0.64,,0.0,0,False
2026-03-12 07:09:00+00:00,,,,,,,,0.64,0.64,,0.0,0,False
2026-03-12 07:09:30+00:00,,,,,,,,0.64,0.64,,0.0,0,False
2026-03-12 07:10:00+00:00,,,,,,,,0.64,0.64,,0.0,0,False
2026-03-12 07:10:30+00:00,,,,,,,,0.64,0.64,,0.0,0,False
2026-03-12 07:11:00+00:00,,,,,,,,0.64,0.64,,0.0,0,False
2026-03-12 07:11:30+00:00,,,,,,,,0.64,0.64,,0.0,0,False
2026-03-12 07:12:00+00:00,,,,,,,,0.64,0.64,,0.0,0,False
2026-03-12 07:12:30+00:00,,,,,,,,0.64,0.64,,0.0,0,False
2026-03-12 07:13:00+00:00,,,,,,,,0.64,0.64,,0.0,0,False
2026-03-12 07:13:30+00:00,,,,,,,,0.64,0.64,,0.0,0,False
2026-03-12 07:14:00+00:00,,,,,,,,0.64,0.64,,0.0,0,False
2026-03-12 07:14:30+00:00,,,,,,,,0.64,0.64,,0.0,0,False
2026-03-12 07:15:00+00:00,,,,,,,,0.64,0.64,,0.0,0,False
2026-03-12 07:15:30+00:00,,,,,,,,0.64,0.64,,0.0,0,False
2026-03-12 07:16:00+00:00,,,,,,,,0.64,0.64,,0.0,0,False
2026-03-12 07:16:30+00:00,,,,,,,,0.64,0.64,,0.0,0,False
2026-03-12 07:17:00+00:00,,,,,,,,0.64,0.64,,0.0,0,False
2026-03-12 07:17:30+00:00,,,,,,,,0.64,0.64,,0.0,0,False
2026-03-12 07:18:00+00:00,,,,,,,,0.64,0.64,,0.0,0,False
2026-03-12 07:18:30+00:00,,,,,,,,0.64,0.64,,0.0,0,False
2026-03-12 07:19:00+00:00,,,,,,,,0.64,0.64,,0.0,0,False
2026-03-12 07:19:30+00:00,,,,,,,,0.64,0.64,,0.0,0,False
2026-03-12 07:20:00+00:00,,,,,,,,0.64,0.64,,0.0,0,False
2026-03-12 07:20:30+00:00,,,,,,,,0.64,0.64,,0.0,0,False
2026-03-12 07:21:00+00:00,,,,,,,,0.64,0.64,,0.0,0,False
2026-03-12 07:21:30+00:00,,,,,,,,0.64,0.64,,0.0,0,False
2026-03-12 07:22:00+00:00,,,,,,,,0.64,0.64,,0.0,0,False
2026-03-12 07:22:30+00:00,,,,,,,,0.64,0.64,,0.0,0,False
2026-03-12 07:23:00+00:00,,,,,,,,0.64,0.64,,0.0,0,False
2026-03-12 07:23:30+00:00,,,,,,,,0.64,0.64,,0.0,0,False
2026-03-12 07:24:00+00:00,,,,,,,,0.64,0.64,,0.0,0,False
2026-03-12 07:24:30+00:00,,,,,,,,0.64,0.64,,0.0,0,False
2026-03-12 07:25:00+00:00,,,,,,,,0.64,0.64,,0.0,0,False
2026-03-12 07:25:30+00:00,,,,,,,,0.64,0.64,,0.0,0,False
2026-03-12 07:26:00+00:00,,,,,,,,0.64,0.64,,0.0,0,False
2026-03-12 07:26:30+00:00,,,,,,,,0.64,0.64,,0.0,0,False
2026-03-12 07:27:00+00:00,,,,,,,,0.64,0.64,,0.0,0,False
2026-03-12 07:27:30+00:00,,,,,,,,0.64,0.64,,0.0,0,False
2026-03-12 07:28:00+00:00,,,,,,,,0.64,0.64,,0.0,0,False
2026-03-12 07:28:30+00:00,,,,,,,,0.64,0.64,,0.0,0,False
2026-03-12 07:29:00+00:00,,,,,,,,0.64,0.64,,0.0,0,False
2026-03-12 07:29:30+00:00,,,,,,,,0.64,0.64,,0.0,0,False
2026-03-12 07:30:00+00:00,,,,,,,,0.64,0.64,,0.0,0,False
2026-03-12 07:30:30+00:00,,,,,,,,0.64,0.64,,0.0,0,False
2026-03-12 07:31:00+00:00,,,,,,,,0.64,0.64,,0.0,0,False
2026-03-12 07:31:30+00:00,,,,,,,,0.64,0.64,,0.0,0,False
2026-03-12 07:32:00+00:00,,,,,,,,0.64,0.64,,0.0,0,False
2026-03-12 07:32:30+00:00,,,,,,,,0.64,0.64,,0.0,0,False
2026-03-12 07:33:00+00:00,,,,,,,,0.64,0.64,,0.0,0,False
2026-03-12 07:33:30+00:00,,,,,,,,0.64,0.64,,0.0,0,False
2026-03-12 07:34:00+00:00,,,,,,,,0.64,0.64,,0.0,0,False
2026-03-12 07:34:30+00:00,,,,,,,,0.64,0.64,,0.0,0,False
2026-03-12 07:35:00+00:00,,,,,,,,0.64,0.64,,0.0,0,False
2026-03-12 07:35:30+00:00,,,,,,,,0.64,0.64,,0.0,0,False
2026-03-12 07:36:00+00:00,,,,,,,,0.64,0.64,,0.0,0,False
2026-03-12 07:36:30+00:00,,,,,,,,0.64,0.64,,0.0,0,False
2026-03-12 07:37:00+00:00,,,,,,,,0.64,0.64,,0.0,0,False
2026-03-12 07:37:30+00:00,,,,,,,,0.64,0.64,,0.0,0,False
2026-03-12 07:38:00+00:00,,,,,,,,0.64,0.64,,0.0,0,False
2026-03-12 07:38:30+00:00,,,,,,,,0.64,0.64,,0.0,0,False
2026-03-12 07:39:00+00:00,,,,,,,,0.64,0.64,,0.0,0,False
2026-03-12 07:39:30+00:00,,,,,,,,0.64,0.64,,0.0,0,False
2026-03-12 07:40:00+00:00,,,,,,,,0.64,0.64,,0.0,0,False
2026-03-12 07:40:30+00:00,,,,,,,,0.64,0.64,,0.0,0,False
2026-03-12 07:41:00+00:00,,,,,,,,0.64,0.64,,0.0,0,False
2026-03-12 07:41:30+00:00,,,,,,,,0.64,0.64,,0.0,0,False
2026-03-12 07:42:00+00:00,,,,,,,,0.64,0.64,,0.0,0,False
2026-03-12 07:42:30+00:00,,,,,,,,0.64,0.64,,0.0,0,False
2026-03-12 07:43:00+00:00,,,,,,,,0.64,0.64,,0.0,0,False
2026-03-12 07:43:30+00:00,,,,,,,,0.64,0.64,,0.0,0,False
2026-03-12 07:44:00+00:00,,,,,,,,0.64,0.64,,0.0,0,False
2026-03-12 07:44:30+00:00,,,,,,,,0.64,0.64,,0.0,0,False
2026-03-12 07:45:00+00:00,,,,,,,,0.64,0.64,,0.0,0,False
2026-03-12 07:45:30+00:00,,,,,,,,0.64,0.64,,0.0,0,False
2026-03-12 07:46:00+00:00,,,,,,,,0.64,0.64,,0.0,0,False
2026-03-12 07:46:30+00:00,,,,,,,,0.64,0.64,,0.0,0,False
2026-03-12 07:47:00+00:00,,,,,,,,0.64,0.64,,0.0,0,False
2026-03-12 07:47:30+00:00,,,,,,,,0.64,0.64,,0.0,0,False
2026-03-12 07:48:00+00:00,,,,,,,,0.64,0.64,,0.0,0,False
2026-03-12 07:48:30+00:00,,,,,,,,0.64,0.64,,0.0,0,False
2026-03-12 07:49:00+00:00,,,,,,,,0.64,0.64,,0.0,0,False
2026-03-12 07:49:30+00:00,,,,,,,,0.64,0.64,,0.0,0,False
2026-03-12 07:50:00+00:00,,,,,,,,0.64,0.64,,0.0,0,False
2026-03-12 07:50:30+00:00,,,,,,,,0.64,0.64,,0.0,0,False
2026-03-12 07:51:00+00:00,,,,,,,,0.64,0.64,,0.0,0,False
2026-03-12 07:51:30+00:00,,,,,,,,0.64,0.64,,0.0,0,False
2026-03-12 07:52:00+00:00,,,,,,,,0.64,0.64,,0.0,0,False
2026-03-12 07:52:30+00:00,,,,,,,,0.64,0.64,,0.0,0,False
2026-03-12 07:53:00+00:00,,,,,,,,0.64,0.64,,0.0,0,False
2026-03-12 07:53:30+00:00,,,,,,,,0.64,0.64,,0.0,0,False
2026-03-12 07:54:00+00:00,,,,,,,,0.64,0.64,,0.0,0,False
2026-03-12 07:54:30+00:00,,,,,,,,0.64,0.64,,0.0,0,False
2026-03-12 07:55:00+00:00,,,,,,,,0.64,0.64,,0.0,0,False
2026-03-12 07:55:30+00:00,,,,,,,,0.64,0.64,,0.0,0,False
2026-03-12 07:56:00+00:00,,,,,,,,0.64,0.64,,0.0,0,False
2026-03-12 07:56:30+00:00,,,,,,,,0.64,0.64,,0.0,0,False
2026-03-12 07:57:00+00:00,,,,,,,,0.64,0.64,,0.0,0,False
2026-03-12 07:57:30+00:00,,,,,,,,0.64,0.64,,0.0,0,False
2026-03-12 07:58:00+00:00,,,,,,,,0.64,0.64,,0.0,0,False
2026-03-12 07:58:30+00:00,,,,,,,,0.64,0.64,,0.0,0,False
2026-03-12 07:59:00+00:00,,,,,,,,0.64,0.64,,0.0,0,False
2026-03-12 07:59:30+00:00,,,,,,,,0.64,0.64,,0.0,0,False
2026-03-12 08:00:00+00:00,,,,,,,,0.64,0.64,,0.0,0,False
2026-03-12 08:00:30+00:00,,,,,,,,0.64,0.64,,0.0,0,False
2026-03-12 08:01:00+00:00,,,,,,,,0.64,0.64,,0.0,0,False
2026-03-12 08:01:30+00:00,,,,,,,,0.64,0.64,,0.0,0,False
2026-03-12 08:02:00+00:00,,,,,,,,0.64,0.64,,0.0,0,False
2026-03-12 08:02:30+00:00,,,,,,,,0.64,0.64,,0.0,0,False
2026-03-12 08:03:00+00:00,,,,,,,,0.64,0.64,,0.0,0,False
2026-03-12 08:03:30+00:00,,,,,,,,0.64,0.64,,0.0,0,False
2026-03-12 08:04:00+00:00,,,,,,,,0.64,0.64,,0.0,0,False
2026-03-12 08:04:30+00:00,,,,,,,,0.64,0.64,,0.0,0,False
2026-03-12 08:05:00+00:00,,,,,,,,0.64,0.64,,0.0,0,False
2026-03-12 08:05:30+00:00,,,,,,,,0.64,0.64,,0.0,0,False
2026-03-12 08:06:00+00:00,,,,,,,,0.64,0.64,,0.0,0,False
2026-03-12 08:06:30+00:00,,,,,,,,0.64,0.64,,0.0,0,False
2026-03-12 08:07:00+00:00,,,,,,,,0.64,0.64,,0.0,0,False
2026-03-12 08:07:30+00:00,,,,,,,,0.64,0.64,,0.0,0,False
2026-03-12 08:08:00+00:00,,,,,,,,0.64,0.64,,0.0,0,False
2026-03-12 08:08:30+00:00,,,,,,,,0.64,0.64,,0.0,0,False
2026-03-12 08:09:00+00:00,,,,,,,,0.64,0.64,,0.0,0,False
2026-03-12 08:09:30+00:00,,,,,,,,0.64,0.64,,0.0,0,False
2026-03-12 08:10:00+00:00,,,,,,,,0.64,0.64,,0.0,0,False
2026-03-12 08:10:30+00:00,,,,,,,,0.64,0.64,,0.0,0,False
2026-03-12 08:11:00+00:00,,,,,,,,0.64,0.64,,0.0,0,False
2026-03-12 08:11:30+00:00,,,,,,,,0.64,0.64,,0.0,0,False
2026-03-12 08:12:00+00:00,,,,,,,,0.64,0.64,,0.0,0,False
2026-03-12 08:12:30+00:00,,,,,,,,0.64,0.64,,0.0,0,False
2026-03-12 08:13:00+00:00,,,,,,,,0.64,0.64,,0.0,0,False
2026-03-12 08:13:30+00:00,,,,,,,,0.64,0.64,,0.0,0,False
2026-03-12 08:14:00+00:00,,,,,,,,0.64,0.64,,0.0,0,False
2026-03-12 08:14:30+00:00,,,,,,,,0.64,0.64,,0.0,0,False
2026-03-12 08:15:00+00:00,,,,,,,,0.64,0.64,,0.0,0,False
2026-03-12 08:15:30+00:00,,,,,,,,0.64,0.64,,0.0,0,False
2026-03-12 08:16:00+00:00,,,,,,,,0.64,0.64,,0.0,0,False
2026-03-12 08:16:30+00:00,,,,,,,,0.64,0.64,,0.0,0,False
2026-03-12 08:17:00+00:00,,,,,,,,0.64,0.64,,0.0,0,False
2026-03-12 08:17:30+00:00,,,,,,,,0.64,0.64,,0.0,0,False
2026-03-12 08:18:00+00:00,,,,,,,,0.64,0.64,,0.0,0,False
2026-03-12 08:18:30+00:00,,,,,,,,0.64,0.64,,0.0,0,False
2026-03-12 08:19:00+00:00,,,,,,,,0.64,0.64,,0.0,0,False
2026-03-12 08:19:30+00:00,,,,,,,,0.64,0.64,,0.0,0,False
2026-03-12 08:20:00+00:00,,,,,,,,0.64,0.64,,0.0,0,False
2026-03-12 08:20:30+00:00,,,,,,,,0.64,0.64,,0.0,0,False
2026-03-12 08:21:00+00:00,,,,,,,,0.64,0.64,,0.0,0,False
2026-03-12 08:21:30+00:00,,,,,,,,0.64,0.64,,0.0,0,False
2026-03-12 08:22:00+00:00,,,,,,,,0.64,0.64,,0.0,0,False
2026-03-12 08:22:30+00:00,,,,,,,,0.64,0.64,,0.0,0,False
2026-03-12 08:23:00+00:00,,,,,,,,0.64,0.64,,0.0,0,False
2026-03-12 08:23:30+00:00,,,,,,,,0.64,0.64,,0.0,0,False
2026-03-12 08:24:00+00:00,,,,,,,,0.64,0.64,,0.0,0,False
2026-03-12 08:24:30+00:00,,,,,,,,0.64,0.64,,0.0,0,False
2026-03-12 08:25:00+00:00,,,,,,,,0.64,0.64,,0.0,0,False
2026-03-12 08:25:30+00:00,,,,,,,,0.64,0.64,,0.0,0,False
2026-03-12 08:26:00+00:00,,,,,,,,0.64,0.64,,0.0,0,False
2026-03-12 08:26:30+00:00,,,,,,,,0.64,0.64,,0.0,0,False
2026-03-12 08:27:00+00:00,,,,,,,,0.64,0.64,,0.0,0,False
2026-03-12 08:27:30+00:00,,,,,,,,0.64,0.64,,0.0,0,False
2026-03-12 08:28:00+00:00,,,,,,,,0.64,0.64,,0.0,0,False
2026-03-12 08:28:30+00:00,,,,,,,,0.64,0.64,,0.0,0,False
2026-03-12 08:29:00+00:00,,,,,,,,0.64,0.64,,0.0,0,False
2026-03-12 08:29:30+00:00,,,,,,,,0.64,0.64,,0.0,0,False
2026-03-12 08:30:00+00:00,,,,,,,,0.64,0.64,,0.0,0,False
2026-03-12 08:30:30+00:00,,,,,,,,0.64,0.64,,0.0,0,False
2026-03-12 08:31:00+00:00,,,,,,,,0.64,0.64,,0.0,0,False
2026-03-12 08:31:30+00:00,,,,,,,,0.64,0.64,,0.0,0,False
2026-03-12 08:32:00+00:00,,,,,,,,0.64,0.64,,0.0,0,False
2026-03-12 08:32:30+00:00,,,,,,,,0.64,0.64,,0.0,0,False
2026-03-12 08:33:00+00:00,,,,,,,,0.64,0.64,,0.0,0,False
2026-03-12 08:33:30+00:00,,,,,,,,0.64,0.64,,0.0,0,False
2026-03-12 08:34:00+00:00,,,,,,,,0.64,0.64,,0.0,0,False
2026-03-12 08:34:30+00:00,,,,,,,,0.64,0.64,,0.0,0,False
2026-03-12 08:35:00+00:00,,,,,,,,0.64,0.64,,0.0,0,False
2026-03-12 08:35:30+00:00,,,,,,,,0.64,0.64,,0.0,0,False
2026-03-12 08:36:00+00:00,,,,,,,,0.64,0.64,,0.0,0,False
2026-03-12 08:36:30+00:00,,,,,,,,0.64,0.64,,0.0,0,False
2026-03-12 08:37:00+00:00,,,,,,,,0.64,0.64,,0.0,0,False
2026-03-12 08:37:30+00:00,,,,,,,,0.64,0.64,,0.0,0,False
2026-03-12 08:38:00+00:00,,,,,,,,0.64,0.64,,0.0,0,False
2026-03-12 08:38:30+00:00,,,,,,,,0.64,0.64,,0.0,0,False
2026-03-12 08:39:00+00:00,,,,,,,,0.64,0.64,,0.0,0,False
2026-03-12 08:39:30+00:00,,,,,,,,0.64,0.64,,0.0,0,False
2026-03-12 08:40:00+00:00,,,,,,,,0.64,0.64,,0.0,0,False
2026-03-12 08:40:30+00:00,,,,,,,,0.64,0.64,,0.0,0,False
2026-03-12 08:41:00+00:00,,,,,,,,0.64,0.64,,0.0,0,False
2026-03-12 08:41:30+00:00,,,,,,,,0.64,0.64,,0.0,0,False
2026-03-12 08:42:00+00:00,,,,,,,,0.64,0.64,,0.0,0,False
2026-03-12 08:42:30+00:00,,,,,,,,0.64,0.64,,0.0,0,False
2026-03-12 08:43:00+00:00,,,,,,,,0.64,0.64,,0.0,0,False
2026-03-12 08:43:30+00:00,,,,,,,,0.64,0.64,,0.0,0,False
2026-03-12 08:44:00+00:00,,,,,,,,0.64,0.64,,0.0,0,False
2026-03-12 08:44:30+00:00,,,,,,,,0.64,0.64,,0.0,0,False
2026-03-12 08:45:00+00:00,,,,,,,,0.64,0.64,,0.0,0,False
2026-03-12 08:45:30+00:00,,,,,,,,0.64,0.64,,0.0,0,False
2026-03-12 08:46:00+00:00,,,,,,,,0.64,0.64,,0.0,0,False
2026-03-12 08:46:30+00:00,,,,,,,,0.64,0.64,,0.0,0,False
2026-03-12 08:47:00+00:00,,,,,,,,0.64,0.64,,0.0,0,False
2026-03-12 08:47:30+00:00,,,,,,,,0.64,0.64,,0.0,0,False
2026-03-12 08:48:00+00:00,,,,,,,,0.64,0.64,,0.0,0,False
2026-03-12 08:48:30+00:00,,,,,,,,0.64,0.64,,0.0,0,False
2026-03-12 08:49:00+00:00,,,,,,,,0.64,0.64,,0.0,0,False
2026-03-12 08:49:30+00:00,,,,,,,,0.64,0.64,,0.0,0,False
2026-03-12 08:50:00+00:00,,,,,,,,0.64,0.64,,0.0,0,False
2026-03-12 08:50:30+00:00,,,,,,,,0.64,0.64,,0.0,0,False
2026-03-12 08:51:00+00:00,,,,,,,,0.64,0.64,,0.0,0,False
2026-03-12 08:51:30+00:00,,,,,,,,0.64,0.64,,0.0,0,False
2026-03-12 08:52:00+00:00,,,,,,,,0.64,0.64,,0.0,0,False
2026-03-12 08:52:30+00:00,,,,,,,,0.64,0.64,,0.0,0,False
2026-03-12 08:53:00+00:00,,,,,,,,0.64,0.64,,0.0,0,False
2026-03-12 08:53:30+00:00,,,,,,,,0.64,0.64,,0.0,0,False
2026-03-12 08:54:00+00:00,,,,,,,,0.64,0.64,,0.0,0,False
2026-03-12 08:54:30+00:00,,,,,,,,0.64,0.64,,0.0,0,False
2026-03-12 08:55:00+00:00,,,,,,,,0.64,0.64,,0.0,0,False
2026-03-12 08:55:30+00:00,,,,,,,,0.64,0.64,,0.0,0,False
2026-03-12 08:56:00+00:00,,,,,,,,0.64,0.64,,0.0,0,False
2026-03-12 08:56:30+00:00,,,,,,,,0.64,0.64,,0.0,0,False
2026-03-12 08:57:00+00:00,,,,,,,,0.64,0.64,,0.0,0,False
2026-03-12 08:57:30+00:00,,,,,,,,0.64,0.64,,0.0,0,False
2026-03-12 08:58:00+00:00,,,,,,,,0.64,0.64,,0.0,0,False
2026-03-12 08:58:30+00:00,,,,,,,,0.64,0.64,,0.0,0,False
2026-03-12 08:59:00+00:00,,,,,,,,0.64,0.64,,0.0,0,False
2026-03-12 08:59:30+00:00,,,,,,,,0.64,0.64,,0.0,0,False
2026-03-12 09:00:00+00:00,,,,,,,,0.64,0.64,,0.0,0,False
2026-03-12 09:00:30+00:00,,,,,,,,0.64,0.64,,53.0,1,False
2026-03-12 09:01:00+00:00,,,,,,,,0.64,0.64,,7.0,1,False
2026-03-12 09:01:30+00:00,,,,,,,,0.64,0.64,,0.0,0,False
2026-03-12 09:02:00+00:00,,,,,,,,0.64,0.64,,0.0,0,False
2026-03-12 09:02:30+00:00,,,,,,,,0.64,0.64,,0.0,0,False
2026-03-12 09:03:00+00:00,,,,,,,,0.64,0.64,,0.0,0,False
2026-03-12 09:03:30+00:00,,,,,,,,0.64,0.64,,0.0,0,False
2026-03-12 09:04:00+00:00,,,,,,,,0.64,0.64,,0.0,0,False
2026-03-12 09:04:30+00:00,,,,,,,,0.64,0.64,,0.0,0,False
2026-03-12 09:05:00+00:00,,,,,,,,0.64,0.64,,0.0,0,False
2026-03-12 09:05:30+00:00,,,,,,,,0.64,0.64,,0.0,0,False
2026-03-12 09:06:00+00:00,,,,,,,,0.66,0.66,,110.0,1,False
2026-03-12 09:06:30+00:00,,,,,,,,0.66,0.66,,0.0,0,False
2026-03-12 09:07:00+00:00,,,,,,,,0.66,0.66,,0.0,0,False
2026-03-12 09:07:30+00:00,,,,,,,,0.66,0.66,,14.0,1,False
2026-03-12 09:08:00+00:00,,,,,,,,0.64,0.64,,100.0,1,False
2026-03-12 09:08:30+00:00,,,,,,,,0.64,0.64,,0.0,0,False
2026-03-12 09:09:00+00:00,,,,,,,,0.66,0.66,,36.0,1,False
2026-03-12 09:09:30+00:00,,,,,,,,0.66,0.66,,0.0,0,False
2026-03-12 09:10:00+00:00,,,,,,,,0.66,0.66,,0.0,0,False
2026-03-12 09:10:30+00:00,,,,,,,,0.66,0.66,,0.0,0,False
2026-03-12 09:11:00+00:00,,,,,,,,0.66,0.66,,0.0,0,False
2026-03-12 09:11:30+00:00,,,,,,,,0.66,0.66,,0.0,0,False
2026-03-12 09:12:00+00:00,,,,,,,,0.66,0.66,,0.0,0,False
2026-03-12 09:12:30+00:00,,,,,,,,0.66,0.66,,0.0,0,False
2026-03-12 09:13:00+00:00,,,,,,,,0.66,0.66,,0.0,0,False
2026-03-12 09:13:30+00:00,,,,,,,,0.66,0.66,,0.0,0,False
2026-03-12 09:14:00+00:00,,,,,,,,0.66,0.66,,0.0,0,False
2026-03-12 09:14:30+00:00,,,,,,,,0.66,0.66,,0.0,0,False
2026-03-12 09:15:00+00:00,,,,,,,,0.66,0.66,,0.0,0,False
2026-03-12 09:15:30+00:00,,,,,,,,0.66,0.66,,0.0,0,False
2026-03-12 09:16:00+00:00,,,,,,,,0.66,0.66,,0.0,0,False
2026-03-12 09:16:30+00:00,,,,,,,,0.66,0.66,,0.0,0,False
2026-03-12 09:17:00+00:00,,,,,,,,0.64,0.64,,1.0,1,False
2026-03-12 09:17:30+00:00,,,,,,,,0.64,0.64,,0.0,0,False
2026-03-12 09:18:00+00:00,,,,,,,,0.64,0.64,,0.0,0,False
2026-03-12 09:18:30+00:00,,,,,,,,0.64,0.64,,0.0,0,False
2026-03-12 09:19:00+00:00,,,,,,,,0.64,0.64,,0.0,0,False
2026-03-12 09:19:30+00:00,,,,,,,,0.64,0.64,,0.0,0,False
2026-03-12 09:20:00+00:00,,,,,,,,0.64,0.64,,0.0,0,False
2026-03-12 09:20:30+00:00,,,,,,,,0.64,0.64,,0.0,0,False
2026-03-12 09:21:00+00:00,,,,,,,,0.64,0.64,,0.0,0,False
2026-03-12 09:21:30+00:00,,,,,,,,0.64,0.64,,0.0,0,False
2026-03-12 09:22:00+00:00,,,,,,,,0.64,0.64,,0.0,0,False
2026-03-12 09:22:30+00:00,,,,,,,,0.64,0.64,,0.0,0,False
2026-03-12 09:23:00+00:00,,,,,,,,0.64,0.64,,0.0,0,False
2026-03-12 09:23:30+00:00,,,,,,,,0.64,0.64,,0.0,0,False
2026-03-12 09:24:00+00:00,,,,,,,,0.64,0.64,,0.0,0,False
2026-03-12 09:24:30+00:00,,,,,,,,0.64,0.64,,0.0,0,False
2026-03-12 09:25:00+00:00,,,,,,,,0.64,0.64,,0.0,0,False
2026-03-12 09:25:30+00:00,,,,,,,,0.64,0.64,,0.0,0,False
2026-03-12 09:26:00+00:00,,,,,,,,0.64,0.64,,0.0,0,False
2026-03-12 09:26:30+00:00,,,,,,,,0.64,0.64,,0.0,0,False
2026-03-12 09:27:00+00:00,,,,,,,,0.64,0.64,,0.0,0,False
2026-03-12 09:27:30+00:00,,,,,,,,0.64,0.64,,78.0,1,False
2026-03-12 09:28:00+00:00,,,,,,,,0.64,0.64,,52.0,1,False
2026-03-12 09:28:30+00:00,,,,,,,,0.64,0.64,,0.0,0,False
2026-03-12 09:29:00+00:00,,,,,,,,0.66,0.66,,29.0,1,False
2026-03-12 09:29:30+00:00,,,,,,,,0.66,0.66,,0.0,0,False
2026-03-12 09:30:00+00:00,,,,,,,,0.66,0.66,,0.0,0,False
2026-03-12 09:30:30+00:00,,,,,,,,0.66,0.66,,0.0,0,False
2026-03-12 09:31:00+00:00,,,,,,,,0.66,0.66,,0.0,0,False
2026-03-12 09:31:30+00:00,,,,,,,,0.66,0.66,,0.0,0,False
2026-03-12 09:32:00+00:00,,,,,,,,0.64025,0.65,,40.0,2,False
2026-03-12 09:32:30+00:00,,,,,,,,0.64,0.64,,66.0,1,False
2026-03-12 09:33:00+00:00,,,,,,,,0.64,0.64,,52.0,1,False
2026-03-12 09:33:30+00:00,,,,,,,,0.64,0.64,,1.0,1,False
2026-03-12 09:34:00+00:00,,,,,,,,0.64,0.64,,0.0,0,False
2026-03-12 09:34:30+00:00,,,,,,,,0.66,0.66,,13.0,1,False
2026-03-12 09:35:00+00:00,,,,,,,,0.66,0.66,,0.0,0,False
2026-03-12 09:35:30+00:00,,,,,,,,0.64,0.64,,52.0,1,False
2026-03-12 09:36:00+00:00,,,,,,,,0.64,0.64,,0.0,0,False
2026-03-12 09:36:30+00:00,,,,,,,,0.64,0.64,,65.0,1,False
2026-03-12 09:37:00+00:00,,,,,,,,0.64,0.64,,0.0,0,False
2026-03-12 09:37:30+00:00,,,,,,,,0.64,0.64,,0.0,0,False
2026-03-12 09:38:00+00:00,,,,,,,,0.64,0.64,,0.0,0,False
2026-03-12 09:38:30+00:00,,,,,,,,0.64,0.64,,0.0,0,False
2026-03-12 09:39:00+00:00,,,,,,,,0.64,0.64,,0.0,0,False
2026-03-12 09:39:30+00:00,,,,,,,,0.64,0.64,,0.0,0,False
2026-03-12 09:40:00+00:00,,,,,,,,0.66,0.66,,14.0,1,False
2026-03-12 09:40:30+00:00,,,,,,,,0.64,0.64,,13.0,1,False
2026-03-12 09:41:00+00:00,,,,,,,,0.64,0.64,,0.0,0,False
2026-03-12 09:41:30+00:00,,,,,,,,0.66,0.66,,41.0,1,False
2026-03-12 09:42:00+00:00,,,,,,,,0.66,0.66,,0.0,0,False
2026-03-12 09:42:30+00:00,,,,,,,,0.64,0.64,,13.0,1,False
2026-03-12 09:43:00+00:00,,,,,,,,0.64,0.64,,0.0,0,False
2026-03-12 09:43:30+00:00,,,,,,,,0.64,0.64,,0.0,0,False
2026-03-12 09:44:00+00:00,,,,,,,,0.64,0.64,,0.0,0,False
2026-03-12 09:44:30+00:00,,,,,,,,0.64,0.64,,5.0,1,False
2026-03-12 09:45:00+00:00,,,,,,,,0.64,0.64,,0.0,0,False
2026-03-12 09:45:30+00:00,,,,,,,,0.64,0.64,,0.0,0,False
2026-03-12 09:46:00+00:00,,,,,,,,0.64,0.64,,0.0,0,False
2026-03-12 09:46:30+00:00,,,,,,,,0.64,0.64,,0.0,0,False
2026-03-12 09:47:00+00:00,,,,,,,,0.64,0.64,,0.0,0,False
2026-03-12 09:47:30+00:00,,,,,,,,0.66,0.66,,48.0,1,False
2026-03-12 09:48:00+00:00,,,,,,,,0.64,0.64,,263.0,1,False
2026-03-12 09:48:30+00:00,,,,,,,,0.64,0.64,,0.0,0,False
2026-03-12 09:49:00+00:00,,,,,,,,0.64,0.64,,0.0,0,False
2026-03-12 09:49:30+00:00,,,,,,,,0.64,0.64,,0.0,0,False
2026-03-12 09:50:00+00:00,,,,,,,,0.64,0.64,,0.0,0,False
2026-03-12 09:50:30+00:00,,,,,,,,0.64,0.64,,0.0,0,False
2026-03-12 09:51:00+00:00,,,,,,,,0.64,0.64,,0.0,0,False
2026-03-12 09:51:30+00:00,,,,,,,,0.64,0.64,,0.0,0,False
2026-03-12 09:52:00+00:00,,,,,,,,0.64,0.64,,0.0,0,False
2026-03-12 09:52:30+00:00,,,,,,,,0.64,0.64,,0.0,0,False
2026-03-12 09:53:00+00:00,,,,,,,,0.64,0.64,,0.0,0,False
2026-03-12 09:53:30+00:00,,,,,,,,0.64,0.64,,0.0,0,False
2026-03-12 09:54:00+00:00,,,,,,,,0.64,0.64,,0.0,0,False
2026-03-12 09:54:30+00:00,,,,,,,,0.64,0.64,,0.0,0,False
2026-03-12 09:55:00+00:00,,,,,,,,0.64,0.64,,0.0,0,False
2026-03-12 09:55:30+00:00,,,,,,,,0.64,0.64,,0.0,0,False
2026-03-12 09:56:00+00:00,,,,,,,,0.64,0.64,,131.0,1,False
2026-03-12 09:56:30+00:00,,,,,,,,0.64,0.64,,0.0,0,False
2026-03-12 09:57:00+00:00,,,,,,,,0.64,0.64,,2.0,1,False
2026-03-12 09:57:30+00:00,,,,,,,,0.66,0.66,,51.0,1,False
2026-03-12 09:58:00+00:00,,,,,,,,0.66,0.66,,0.0,0,False
2026-03-12 09:58:30+00:00,,,,,,,,0.66,0.66,,0.0,0,False
2026-03-12 09:59:00+00:00,,,,,,,,0.66,0.66,,0.0,0,False
2026-03-12 09:59:30+00:00,,,,,,,,0.66,0.66,,0.0,0,False
2026-03-12 10:00:00+00:00,,,,,,,,0.66,0.66,,0.0,0,False
2026-03-12 10:00:30+00:00,,,,,,,,0.66,0.66,,0.0,0,False
2026-03-12 10:01:00+00:00,,,,,,,,0.66,0.66,,0.0,0,False
2026-03-12 10:01:30+00:00,,,,,,,,0.66,0.66,,0.0,0,False
2026-03-12 10:02:00+00:00,,,,,,,,0.66,0.66,,0.0,0,False
2026-03-12 10:02:30+00:00,,,,,,,,0.66,0.66,,0.0,0,False
2026-03-12 10:03:00+00:00,,,,,,,,0.65,0.65,,1.0,1,False
2026-03-12 10:03:30+00:00,,,,,,,,0.65,0.65,,0.0,0,False
2026-03-12 10:04:00+00:00,,,,,,,,0.65,0.65,,0.0,0,False
2026-03-12 10:04:30+00:00,,,,,,,,0.65,0.65,,0.0,0,False
2026-03-12 10:05:00+00:00,,,,,,,,0.6599999999999998,0.6599999999999999,,152.0,5,False
2026-03-12 10:05:30+00:00,,,,,,,,0.6599999999999998,0.6599999999999999,,0.0,0,False
2026-03-12 10:06:00+00:00,,,,,,,,0.6699999999999999,0.6699999999999999,,1000.0,1,False
2026-03-12 10:06:30+00:00,,,,,,,,0.6699999999999999,0.6699999999999999,,0.0,0,False
2026-03-12 10:07:00+00:00,,,,,,,,0.6699999999999999,0.6699999999999999,,0.0,0,False
2026-03-12 10:07:30+00:00,,,,,,,,0.6699999999999999,0.6699999999999999,,0.0,0,False
2026-03-12 10:08:00+00:00,,,,,,,,0.6699999999999999,0.6699999999999999,,0.0,0,False
2026-03-12 10:08:30+00:00,,,,,,,,0.6699999999999999,0.6699999999999999,,0.0,0,False
2026-03-12 10:09:00+00:00,,,,,,,,0.6699999999999999,0.6699999999999999,,0.0,0,False
2026-03-12 10:09:30+00:00,,,,,,,,0.6699999999999999,0.6699999999999999,,0.0,0,False
2026-03-12 10:10:00+00:00,,,,,,,,0.6699999999999999,0.6699999999999999,,0.0,0,False
2026-03-12 10:10:30+00:00,,,,,,,,0.6699999999999999,0.6699999999999999,,0.0,0,False
2026-03-12 10:11:00+00:00,,,,,,,,0.6699999999999999,0.6699999999999999,,0.0,0,False
2026-03-12 10:11:30+00:00,,,,,,,,0.6699999999999999,0.6699999999999999,,0.0,0,False
2026-03-12 10:12:00+00:00,,,,,,,,0.6699999999999999,0.6699999999999999,,0.0,0,False
2026-03-12 10:12:30+00:00,,,,,,,,0.6699999999999999,0.6699999999999999,,0.0,0,False
2026-03-12 10:13:00+00:00,,,,,,,,0.6699999999999999,0.6699999999999999,,0.0,0,False
2026-03-12 10:13:30+00:00,,,,,,,,0.6699999999999999,0.6699999999999999,,0.0,0,False
2026-03-12 10:14:00+00:00,,,,,,,,0.65,0.65,,48.0,1,False
2026-03-12 10:14:30+00:00,,,,,,,,0.65,0.65,,0.0,0,False
2026-03-12 10:15:00+00:00,,,,,,,,0.65,0.65,,0.0,0,False
2026-03-12 10:15:30+00:00,,,,,,,,0.65,0.65,,0.0,0,False
2026-03-12 10:16:00+00:00,,,,,,,,0.65,0.65,,0.0,0,False
2026-03-12 10:16:30+00:00,,,,,,,,0.65,0.65,,0.0,0,False
2026-03-12 10:17:00+00:00,,,,,,,,0.65,0.65,,0.0,0,False
2026-03-12 10:17:30+00:00,,,,,,,,0.64,0.64,,10.0,1,False
2026-03-12 10:18:00+00:00,,,,,,,,0.66,0.66,,28.0,1,False
2026-03-12 10:18:30+00:00,,,,,,,,0.66,0.66,,0.0,0,False
2026-03-12 10:19:00+00:00,,,,,,,,0.66,0.66,,0.0,0,False
2026-03-12 10:19:30+00:00,,,,,,,,0.66,0.66,,0.0,0,False
2026-03-12 10:20:00+00:00,,,,,,,,0.66,0.66,,0.0,0,False
2026-03-12 10:20:30+00:00,,,,,,,,0.66,0.66,,0.0,0,False
2026-03-12 10:21:00+00:00,,,,,,,,0.66,0.66,,0.0,0,False
2026-03-12 10:21:30+00:00,,,,,,,,0.66,0.66,,0.0,0,False
2026-03-12 10:22:00+00:00,,,,,,,,0.66,0.66,,0.0,0,False
2026-03-12 10:22:30+00:00,,,,,,,,0.66,0.66,,14.0,1,False
2026-03-12 10:23:00+00:00,,,,,,,,0.66,0.66,,0.0,0,False
2026-03-12 10:23:30+00:00,,,,,,,,0.66,0.66,,0.0,0,False
2026-03-12 10:24:00+00:00,,,,,,,,0.66,0.66,,0.0,0,False
2026-03-12 10:24:30+00:00,,,,,,,,0.66,0.66,,0.0,0,False
2026-03-12 10:25:00+00:00,,,,,,,,0.66,0.66,,0.0,0,False
2026-03-12 10:25:30+00:00,,,,,,,,0.64,0.64,,38.0,1,False
2026-03-12 10:26:00+00:00,,,,,,,,0.64,0.64,,0.0,0,False
2026-03-12 10:26:30+00:00,,,,,,,,0.64,0.64,,0.0,0,False
2026-03-12 10:27:00+00:00,,,,,,,,0.64,0.64,,40.0,1,False
2026-03-12 10:27:30+00:00,,,,,,,,0.64,0.64,,0.0,0,False
2026-03-12 10:28:00+00:00,,,,,,,,0.64,0.64,,0.0,0,False
2026-03-12 10:28:30+00:00,,,,,,,,0.64,0.64,,0.0,0,False
2026-03-12 10:29:00+00:00,,,,,,,,0.64,0.64,,0.0,0,False
2026-03-12 10:29:30+00:00,,,,,,,,0.6399999999999999,0.64,,116.0,1,False
2026-03-12 10:30:00+00:00,,,,,,,,0.6399999999999999,0.64,,0.0,0,False
2026-03-12 10:30:30+00:00,,,,,,,,0.6399999999999999,0.64,,0.0,0,False
2026-03-12 10:31:00+00:00,,,,,,,,0.6399999999999999,0.64,,0.0,0,False
2026-03-12 10:31:30+00:00,,,,,,,,0.6399999999999999,0.64,,0.0,0,False
2026-03-12 10:32:00+00:00,,,,,,,,0.6399999999999999,0.64,,0.0,0,False
2026-03-12 10:32:30+00:00,,,,,,,,0.66,0.66,,20.0,1,False
2026-03-12 10:33:00+00:00,,,,,,,,0.66,0.66,,0.0,0,False
2026-03-12 10:33:30+00:00,,,,,,,,0.66,0.66,,0.0,0,False
2026-03-12 10:34:00+00:00,,,,,,,,0.66,0.66,,0.0,0,False
2026-03-12 10:34:30+00:00,,,,,,,,0.66,0.66,,0.0,0,False
2026-03-12 10:35:00+00:00,,,,,,,,0.66,0.66,,0.0,0,False
2026-03-12 10:35:30+00:00,,,,,,,,0.66,0.66,,0.0,0,False
2026-03-12 10:36:00+00:00,,,,,,,,0.66,0.66,,0.0,0,False
2026-03-12 10:36:30+00:00,,,,,,,,0.66,0.66,,0.0,0,False
2026-03-12 10:37:00+00:00,,,,,,,,0.66,0.66,,0.0,0,False
2026-03-12 10:37:30+00:00,,,,,,,,0.66,0.66,,0.0,0,False
2026-03-12 10:38:00+00:00,,,,,,,,0.66,0.66,,0.0,0,False
2026-03-12 10:38:30+00:00,,,,,,,,0.66,0.66,,1.0,1,False
2026-03-12 10:39:00+00:00,,,,,,,,0.66,0.66,,0.0,0,False
2026-03-12 10:39:30+00:00,,,,,,,,0.66,0.66,,0.0,0,False
2026-03-12 10:40:00+00:00,,,,,,,,0.66,0.66,,0.0,0,False
2026-03-12 10:40:30+00:00,,,,,,,,0.66,0.66,,0.0,0,False
2026-03-12 10:41:00+00:00,,,,,,,,0.66,0.66,,1.0,1,False
2026-03-12 10:41:30+00:00,,,,,,,,0.66,0.66,,0.0,0,False
2026-03-12 10:42:00+00:00,,,,,,,,0.66,0.66,,0.0,0,False
2026-03-12 10:42:30+00:00,,,,,,,,0.66,0.66,,0.0,0,False
2026-03-12 10:43:00+00:00,,,,,,,,0.66,0.66,,0.0,0,False
2026-03-12 10:43:30+00:00,,,,,,,,0.65,0.65,,270.0,1,False
2026-03-12 10:44:00+00:00,,,,,,,,0.65,0.65,,0.0,0,False
2026-03-12 10:44:30+00:00,,,,,,,,0.65,0.65,,35.0,1,False
2026-03-12 10:45:00+00:00,,,,,,,,0.65,0.65,,0.0,0,False
2026-03-12 10:45:30+00:00,,,,,,,,0.65,0.65,,1598.0,1,False
2026-03-12 10:46:00+00:00,,,,,,,,0.65,0.65,,0.0,0,False
2026-03-12 10:46:30+00:00,,,,,,,,0.65,0.65,,0.0,0,False
2026-03-12 10:47:00+00:00,,,,,,,,0.65,0.65,,0.0,0,False
2026-03-12 10:47:30+00:00,,,,,,,,0.66,0.66,,103.0,1,False
2026-03-12 10:48:00+00:00,,,,,,,,0.66,0.66,,0.0,0,False
2026-03-12 10:48:30+00:00,,,,,,,,0.66,0.66,,0.0,0,False
2026-03-12 10:49:00+00:00,,,,,,,,0.64,0.64,,128.0,1,False
2026-03-12 10:49:30+00:00,,,,,,,,0.64,0.64,,0.0,0,False
2026-03-12 10:50:00+00:00,,,,,,,,0.64,0.64,,0.0,0,False
2026-03-12 10:50:30+00:00,,,,,,,,0.64,0.64,,0.0,0,False
2026-03-12 10:51:00+00:00,,,,,,,,0.64,0.64,,0.0,0,False
2026-03-12 10:51:30+00:00,,,,,,,,0.64,0.64,,0.0,0,False
2026-03-12 10:52:00+00:00,,,,,,,,0.64,0.64,,0.0,0,False
2026-03-12 10:52:30+00:00,,,,,,,,0.64,0.64,,0.0,0,False
2026-03-12 10:53:00+00:00,,,,,,,,0.64,0.64,,1.0,1,False
2026-03-12 10:53:30+00:00,,,,,,,,0.64,0.64,,0.0,0,False
2026-03-12 10:54:00+00:00,,,,,,,,0.66,0.66,,79.0,1,False
2026-03-12 10:54:30+00:00,,,,,,,,0.66,0.66,,0.0,0,False
2026-03-12 10:55:00+00:00,,,,,,,,0.66,0.66,,0.0,0,False
2026-03-12 10:55:30+00:00,,,,,,,,0.66,0.66,,0.0,0,False
2026-03-12 10:56:00+00:00,,,,,,,,0.66,0.66,,0.0,0,False
2026-03-12 10:56:30+00:00,,,,,,,,0.6419310344827586,0.66,,145.0,2,False
2026-03-12 10:57:00+00:00,,,,,,,,0.6419310344827586,0.66,,0.0,0,False
2026-03-12 10:57:30+00:00,,,,,,,,0.6419310344827586,0.66,,0.0,0,False
2026-03-12 10:58:00+00:00,,,,,,,,0.6419310344827586,0.66,,0.0,0,False
2026-03-12 10:58:30+00:00,,,,,,,,0.6419310344827586,0.66,,0.0,0,False
2026-03-12 10:59:00+00:00,,,,,,,,0.6419310344827586,0.66,,0.0,0,False
2026-03-12 10:59:30+00:00,,,,,,,,0.64,0.64,,2.0,1,False
2026-03-12 11:00:00+00:00,,,,,,,,0.64,0.64,,0.0,0,False
2026-03-12 11:00:30+00:00,,,,,,,,0.64,0.64,,0.0,0,False
2026-03-12 11:01:00+00:00,,,,,,,,0.64,0.64,,0.0,0,False
2026-03-12 11:01:30+00:00,,,,,,,,0.64,0.64,,39.0,1,False
2026-03-12 11:02:00+00:00,,,,,,,,0.66,0.66,,46.0,2,False
2026-03-12 11:02:30+00:00,,,,,,,,0.66,0.66,,0.0,0,False
2026-03-12 11:03:00+00:00,,,,,,,,0.66,0.66,,0.0,0,False
2026-03-12 11:03:30+00:00,,,,,,,,0.66,0.66,,0.0,0,False
2026-03-12 11:04:00+00:00,,,,,,,,0.66,0.66,,0.0,0,False
2026-03-12 11:04:30+00:00,,,,,,,,0.64,0.64,,2.0,1,False
2026-03-12 11:05:00+00:00,,,,,,,,0.64,0.64,,0.0,0,False
2026-03-12 11:05:30+00:00,,,,,,,,0.64,0.64,,0.0,0,False
2026-03-12 11:06:00+00:00,,,,,,,,0.64,0.64,,0.0,0,False
2026-03-12 11:06:30+00:00,,,,,,,,0.64,0.64,,0.0,0,False
2026-03-12 11:07:00+00:00,,,,,,,,0.64,0.64,,0.0,0,False
2026-03-12 11:07:30+00:00,,,,,,,,0.64,0.64,,0.0,0,False
2026-03-12 11:08:00+00:00,,,,,,,,0.64,0.64,,0.0,0,False
2026-03-12 11:08:30+00:00,,,,,,,,0.64,0.64,,0.0,0,False
2026-03-12 11:09:00+00:00,,,,,,,,0.66,0.66,,14.0,1,False
2026-03-12 11:09:30+00:00,,,,,,,,0.66,0.66,,0.0,0,False
2026-03-12 11:10:00+00:00,,,,,,,,0.66,0.66,,0.0,0,False
2026-03-12 11:10:30+00:00,,,,,,,,0.66,0.66,,0.0,0,False
2026-03-12 11:11:00+00:00,,,,,,,,0.66,0.66,,0.0,0,False
2026-03-12 11:11:30+00:00,,,,,,,,0.66,0.66,,22.0,1,False
2026-03-12 11:12:00+00:00,,,,,,,,0.66,0.66,,0.0,0,False
2026-03-12 11:12:30+00:00,,,,,,,,0.66,0.66,,7.0,1,False
2026-03-12 11:13:00+00:00,,,,,,,,0.66,0.66,,0.0,0,False
2026-03-12 11:13:30+00:00,,,,,,,,0.66,0.66,,0.0,0,False
2026-03-12 11:14:00+00:00,,,,,,,,0.66,0.66,,0.0,0,False
2026-03-12 11:14:30+00:00,,,,,,,,0.66,0.66,,0.0,0,False
2026-03-12 11:15:00+00:00,,,,,,,,0.66,0.66,,0.0,0,False
2026-03-12 11:15:30+00:00,,,,,,,,0.66,0.66,,0.0,0,False
2026-03-12 11:16:00+00:00,,,,,,,,0.66,0.66,,0.0,0,False
2026-03-12 11:16:30+00:00,,,,,,,,0.64,0.64,,9.0,1,False
2026-03-12 11:17:00+00:00,,,,,,,,0.64,0.64,,0.0,0,False
2026-03-12 11:17:30+00:00,,,,,,,,0.64,0.64,,0.0,0,False
2026-03-12 11:18:00+00:00,,,,,,,,0.64,0.64,,2.0,1,False
2026-03-12 11:18:30+00:00,,,,,,,,0.64,0.64,,0.0,0,False
2026-03-12 11:19:00+00:00,,,,,,,,0.64,0.64,,13.0,1,False
2026-03-12 11:19:30+00:00,,,,,,,,0.64,0.64,,0.0,0,False
2026-03-12 11:20:00+00:00,,,,,,,,0.64,0.64,,93.0,1,False
2026-03-12 11:20:30+00:00,,,,,,,,0.66,0.66,,7.0,1,False
2026-03-12 11:21:00+00:00,,,,,,,,0.66,0.66,,0.0,0,False
2026-03-12 11:21:30+00:00,,,,,,,,0.66,0.66,,0.0,0,False
2026-03-12 11:22:00+00:00,,,,,,,,0.66,0.66,,0.0,0,False
2026-03-12 11:22:30+00:00,,,,,,,,0.66,0.66,,0.0,0,False
2026-03-12 11:23:00+00:00,,,,,,,,0.66,0.66,,0.0,0,False
2026-03-12 11:23:30+00:00,,,,,,,,0.66,0.66,,0.0,0,False
2026-03-12 11:24:00+00:00,,,,,,,,0.66,0.66,,130.0,1,False
2026-03-12 11:24:30+00:00,,,,,,,,0.66,0.66,,0.0,0,False
2026-03-12 11:25:00+00:00,,,,,,,,0.66,0.66,,0.0,0,False
2026-03-12 11:25:30+00:00,,,,,,,,0.66,0.66,,0.0,0,False
2026-03-12 11:26:00+00:00,,,,,,,,0.64,0.64,,10.0,1,False
2026-03-12 11:26:30+00:00,,,,,,,,0.64,0.64,,0.0,0,False
2026-03-12 11:27:00+00:00,,,,,,,,0.64,0.64,,0.0,0,False
2026-03-12 11:27:30+00:00,,,,,,,,0.6405000000000001,0.66,,40.0,2,False
2026-03-12 11:28:00+00:00,,,,,,,,0.6405000000000001,0.66,,0.0,0,False
2026-03-12 11:28:30+00:00,,,,,,,,0.64,0.64,,52.0,1,False
2026-03-12 11:29:00+00:00,,,,,,,,0.66,0.66,,73.0,1,False
2026-03-12 11:29:30+00:00,,,,,,,,0.66,0.66,,0.0,0,False
2026-03-12 11:30:00+00:00,,,,,,,,0.66,0.66,,0.0,0,False
2026-03-12 11:30:30+00:00,,,,,,,,0.66,0.66,,0.0,0,False
2026-03-12 11:31:00+00:00,,,,,,,,0.64,0.64,,100.0,1,False
2026-03-12 11:31:30+00:00,,,,,,,,0.66,0.66,,5.0,1,False
2026-03-12 11:32:00+00:00,,,,,,,,0.66,0.66,,7.0,1,False
2026-03-12 11:32:30+00:00,,,,,,,,0.64,0.64,,134.0,2,False
2026-03-12 11:33:00+00:00,,,,,,,,0.64,0.64,,0.0,0,False
2026-03-12 11:33:30+00:00,,,,,,,,0.64,0.64,,0.0,0,False
2026-03-12 11:34:00+00:00,,,,,,,,0.64,0.64,,0.0,0,False
2026-03-12 11:34:30+00:00,,,,,,,,0.64,0.64,,26.0,1,False
2026-03-12 11:35:00+00:00,,,,,,,,0.64,0.64,,0.0,0,False
2026-03-12 11:35:30+00:00,,,,,,,,0.64,0.64,,0.0,0,False
2026-03-12 11:36:00+00:00,,,,,,,,0.66,0.66,,1.0,1,False
2026-03-12 11:36:30+00:00,,,,,,,,0.66,0.66,,0.0,0,False
2026-03-12 11:37:00+00:00,,,,,,,,0.66,0.66,,0.0,0,False
2026-03-12 11:37:30+00:00,,,,,,,,0.66,0.66,,0.0,0,False
2026-03-12 11:38:00+00:00,,,,,,,,0.66,0.66,,0.0,0,False
2026-03-12 11:38:30+00:00,,,,,,,,0.66,0.66,,0.0,0,False
2026-03-12 11:39:00+00:00,,,,,,,,0.66,0.66,,0.0,0,False
2026-03-12 11:39:30+00:00,,,,,,,,0.64,0.64,,12.0,1,False
2026-03-12 11:40:00+00:00,,,,,,,,0.64,0.64,,0.0,0,False
2026-03-12 11:40:30+00:00,,,,,,,,0.64,0.64,,0.0,0,False
2026-03-12 11:41:00+00:00,,,,,,,,0.64,0.64,,0.0,0,False
2026-03-12 11:41:30+00:00,,,,,,,,0.64,0.64,,0.0,0,False
2026-03-12 11:42:00+00:00,,,,,,,,0.64,0.64,,0.0,0,False
2026-03-12 11:42:30+00:00,,,,,,,,0.64,0.64,,0.0,0,False
2026-03-12 11:43:00+00:00,,,,,,,,0.64,0.64,,5.0,1,False
2026-03-12 11:43:30+00:00,,,,,,,,0.64,0.64,,0.0,0,False
2026-03-12 11:44:00+00:00,,,,,,,,0.64,0.64,,0.0,0,False
2026-03-12 11:44:30+00:00,,,,,,,,0.64,0.64,,0.0,0,False
2026-03-12 11:45:00+00:00,,,,,,,,0.64,0.64,,0.0,0,False
2026-03-12 11:45:30+00:00,,,,,,,,0.64,0.64,,0.0,0,False
2026-03-12 11:46:00+00:00,,,,,,,,0.64,0.64,,0.0,0,False
2026-03-12 11:46:30+00:00,,,,,,,,0.64,0.64,,0.0,0,False
2026-03-12 11:47:00+00:00,,,,,,,,0.64,0.64,,0.0,0,False
2026-03-12 11:47:30+00:00,,,,,,,,0.64,0.64,,0.0,0,False
2026-03-12 11:48:00+00:00,,,,,,,,0.64,0.64,,0.0,0,False
2026-03-12 11:48:30+00:00,,,,,,,,0.64,0.64,,0.0,0,False
2026-03-12 11:49:00+00:00,,,,,,,,0.64,0.64,,0.0,0,False
2026-03-12 11:49:30+00:00,,,,,,,,0.6400682593856655,0.64,,586.0,3,False
2026-03-12 11:50:00+00:00,,,,,,,,0.6400682593856655,0.64,,0.0,0,False
2026-03-12 11:50:30+00:00,,,,,,,,0.6400682593856655,0.64,,0.0,0,False
2026-03-12 11:51:00+00:00,,,,,,,,0.66,0.66,,36.0,1,False
2026-03-12 11:51:30+00:00,,,,,,,,0.66,0.66,,0.0,0,False
2026-03-12 11:52:00+00:00,,,,,,,,0.64,0.64,,1.0,1,False
2026-03-12 11:52:30+00:00,,,,,,,,0.64,0.64,,0.0,0,False
2026-03-12 11:53:00+00:00,,,,,,,,0.64,0.64,,0.0,0,False
2026-03-12 11:53:30+00:00,,,,,,,,0.64,0.64,,100.0,1,False
2026-03-12 11:54:00+00:00,,,,,,,,0.64,0.64,,0.0,0,False
2026-03-12 11:54:30+00:00,,,,,,,,0.64,0.64,,0.0,0,False
2026-03-12 11:55:00+00:00,,,,,,,,0.64,0.64,,0.0,0,False
2026-03-12 11:55:30+00:00,,,,,,,,0.64,0.64,,0.0,0,False
2026-03-12 11:56:00+00:00,,,,,,,,0.64,0.64,,0.0,0,False
2026-03-12 11:56:30+00:00,,,,,,,,0.64,0.64,,0.0,0,False
2026-03-12 11:57:00+00:00,,,,,,,,0.64,0.64,,0.0,0,False
2026-03-12 11:57:30+00:00,,,,,,,,0.64,0.64,,0.0,0,False
2026-03-12 11:58:00+00:00,,,,,,,,0.65,0.65,,136.0,1,False
2026-03-12 11:58:30+00:00,,,,,,,,0.65,0.65,,0.0,0,False
2026-03-12 11:59:00+00:00,,,,,,,,0.65,0.65,,0.0,0,False
2026-03-12 11:59:30+00:00,,,,,,,,0.65,0.65,,0.0,0,False
2026-03-12 12:00:00+00:00,,,,,,,,0.65,0.65,,0.0,0,False
2026-03-12 12:00:30+00:00,,,,,,,,0.65,0.65,,0.0,0,False
2026-03-12 12:01:00+00:00,,,,,,,,0.66,0.66,,7.0,1,False
2026-03-12 12:01:30+00:00,,,,,,,,0.66,0.66,,0.0,0,False
2026-03-12 12:02:00+00:00,,,,,,,,0.66,0.66,,0.0,0,False
2026-03-12 12:02:30+00:00,,,,,,,,0.66,0.66,,0.0,0,False
2026-03-12 12:03:00+00:00,,,,,,,,0.66,0.66,,0.0,0,False
2026-03-12 12:03:30+00:00,,,,,,,,0.66,0.66,,0.0,0,False
2026-03-12 12:04:00+00:00,,,,,,,,0.66,0.66,,0.0,0,False
2026-03-12 12:04:30+00:00,,,,,,,,0.66,0.66,,0.0,0,False
2026-03-12 12:05:00+00:00,,,,,,,,0.66,0.66,,0.0,0,False
2026-03-12 12:05:30+00:00,,,,,,,,0.66,0.66,,0.0,0,False
2026-03-12 12:06:00+00:00,,,,,,,,0.66,0.66,,0.0,0,False
2026-03-12 12:06:30+00:00,,,,,,,,0.66,0.66,,0.0,0,False
2026-03-12 12:07:00+00:00,,,,,,,,0.66,0.66,,0.0,0,False
2026-03-12 12:07:30+00:00,,,,,,,,0.66,0.66,,0.0,0,False
2026-03-12 12:08:00+00:00,,,,,,,,0.66,0.66,,2.0,1,False
2026-03-12 12:08:30+00:00,,,,,,,,0.66,0.66,,11.0,1,False
2026-03-12 12:09:00+00:00,,,,,,,,0.64,0.64,,5.0,1,False
2026-03-12 12:09:30+00:00,,,,,,,,0.64,0.64,,0.0,0,False
2026-03-12 12:10:00+00:00,,,,,,,,0.64,0.64,,0.0,0,False
2026-03-12 12:10:30+00:00,,,,,,,,0.64,0.64,,0.0,0,False
2026-03-12 12:11:00+00:00,,,,,,,,0.64,0.64,,0.0,0,False
2026-03-12 12:11:30+00:00,,,,,,,,0.64,0.64,,26.0,1,False
2026-03-12 12:12:00+00:00,,,,,,,,0.64,0.64,,6.0,1,False
2026-03-12 12:12:30+00:00,,,,,,,,0.64,0.64,,0.0,0,False
2026-03-12 12:13:00+00:00,,,,,,,,0.64,0.64,,0.0,0,False
2026-03-12 12:13:30+00:00,,,,,,,,0.64,0.64,,0.0,0,False
2026-03-12 12:14:00+00:00,,,,,,,,0.64,0.64,,0.0,0,False
2026-03-12 12:14:30+00:00,,,,,,,,0.66,0.66,,29.0,1,False
2026-03-12 12:15:00+00:00,,,,,,,,0.64,0.64,,5.0,1,False
2026-03-12 12:15:30+00:00,,,,,,,,0.64,0.64,,0.0,0,False
2026-03-12 12:16:00+00:00,,,,,,,,0.64,0.64,,26.0,1,False
2026-03-12 12:16:30+00:00,,,,,,,,0.64,0.64,,0.0,0,False
2026-03-12 12:17:00+00:00,,,,,,,,0.64,0.64,,0.0,0,False
2026-03-12 12:17:30+00:00,,,,,,,,0.64,0.64,,0.0,0,False
2026-03-12 12:18:00+00:00,,,,,,,,0.66,0.66,,5.0,1,False
2026-03-12 12:18:30+00:00,,,,,,,,0.66,0.66,,4.0,1,False
2026-03-12 12:19:00+00:00,,,,,,,,0.648,0.66,,35.0,2,False
2026-03-12 12:19:30+00:00,,,,,,,,0.6542222222222223,0.66,,45.0,3,False
2026-03-12 12:20:00+00:00,,,,,,,,0.6542222222222223,0.66,,0.0,0,False
2026-03-12 12:20:30+00:00,,,,,,,,0.6542222222222223,0.66,,0.0,0,False
2026-03-12 12:21:00+00:00,,,,,,,,0.6542222222222223,0.66,,0.0,0,False
2026-03-12 12:21:30+00:00,,,,,,,,0.6542222222222223,0.66,,0.0,0,False
2026-03-12 12:22:00+00:00,,,,,,,,0.6542222222222223,0.66,,0.0,0,False
2026-03-12 12:22:30+00:00,,,,,,,,0.6542222222222223,0.66,,0.0,0,False
2026-03-12 12:23:00+00:00,,,,,,,,0.6542222222222223,0.66,,0.0,0,False
2026-03-12 12:23:30+00:00,,,,,,,,0.6542222222222223,0.66,,0.0,0,False
2026-03-12 12:24:00+00:00,,,,,,,,0.6542222222222223,0.66,,0.0,0,False
2026-03-12 12:24:30+00:00,,,,,,,,0.6542222222222223,0.66,,0.0,0,False
2026-03-12 12:25:00+00:00,,,,,,,,0.6542222222222223,0.66,,0.0,0,False
2026-03-12 12:25:30+00:00,,,,,,,,0.6542222222222223,0.66,,0.0,0,False
2026-03-12 12:26:00+00:00,,,,,,,,0.6542222222222223,0.66,,0.0,0,False
2026-03-12 12:26:30+00:00,,,,,,,,0.6599999999999999,0.66,,647.0,2,False
2026-03-12 12:27:00+00:00,,,,,,,,0.6599999999999999,0.66,,0.0,0,False
2026-03-12 12:27:30+00:00,,,,,,,,0.655,0.66,,1092.0,2,False
2026-03-12 12:28:00+00:00,,,,,,,,0.65,0.65,,27.0,1,False
2026-03-12 12:28:30+00:00,,,,,,,,0.66,0.66,,27.0,1,False
2026-03-12 12:29:00+00:00,,,,,,,,0.66,0.66,,2.0,1,False
2026-03-12 12:29:30+00:00,,,,,,,,0.6533182844243791,0.65,,886.0,6,False
2026-03-12 12:30:00+00:00,,,,,,,,0.6533182844243791,0.65,,0.0,0,False
2026-03-12 12:30:30+00:00,,,,,,,,0.6533182844243791,0.65,,0.0,0,False
2026-03-12 12:31:00+00:00,,,,,,,,0.6533182844243791,0.65,,0.0,0,False
2026-03-12 12:31:30+00:00,,,,,,,,0.6499999999999999,0.65,,31.0,2,False
2026-03-12 12:32:00+00:00,,,,,,,,0.6499999999999999,0.65,,0.0,0,False
2026-03-12 12:32:30+00:00,,,,,,,,0.6499999999999999,0.65,,0.0,0,False
2026-03-12 12:33:00+00:00,,,,,,,,0.6499999999999999,0.65,,0.0,0,False
2026-03-12 12:33:30+00:00,,,,,,,,0.64,0.64,,1.0,1,False
2026-03-12 12:34:00+00:00,,,,,,,,0.64,0.64,,0.0,0,False
2026-03-12 12:34:30+00:00,,,,,,,,0.64,0.64,,0.0,0,False
2026-03-12 12:35:00+00:00,,,,,,,,0.64,0.64,,26.0,1,False
2026-03-12 12:35:30+00:00,,,,,,,,0.65,0.65,,39.0,1,False
2026-03-12 12:36:00+00:00,,,,,,,,0.65,0.65,,0.0,0,False
2026-03-12 12:36:30+00:00,,,,,,,,0.65,0.65,,0.0,0,False
2026-03-12 12:37:00+00:00,,,,,,,,0.65,0.65,,0.0,0,False
2026-03-12 12:37:30+00:00,,,,,,,,0.65,0.65,,7.0,1,False
2026-03-12 12:38:00+00:00,,,,,,,,0.65,0.65,,0.0,0,False
2026-03-12 12:38:30+00:00,,,,,,,,0.65,0.65,,2.0,1,False
2026-03-12 12:39:00+00:00,,,,,,,,0.65,0.65,,0.0,0,False
2026-03-12 12:39:30+00:00,,,,,,,,0.65,0.65,,0.0,0,False
2026-03-12 12:40:00+00:00,,,,,,,,0.65,0.65,,0.0,0,False
2026-03-12 12:40:30+00:00,,,,,,,,0.65,0.65,,0.0,0,False
2026-03-12 12:41:00+00:00,,,,,,,,0.6500000000000001,0.65,,13.0,1,False
2026-03-12 12:41:30+00:00,,,,,,,,0.6500000000000001,0.65,,0.0,0,False
2026-03-12 12:42:00+00:00,,,,,,,,0.6500000000000001,0.65,,0.0,0,False
2026-03-12 12:42:30+00:00,,,,,,,,0.6500000000000001,0.65,,0.0,0,False
2026-03-12 12:43:00+00:00,,,,,,,,0.6500000000000001,0.65,,0.0,0,False
2026-03-12 12:43:30+00:00,,,,,,,,0.65,0.65,,30.0,1,False
2026-03-12 12:44:00+00:00,,,,,,,,0.6428,0.64,,50.0,2,False
2026-03-12 12:44:30+00:00,,,,,,,,0.65,0.65,,30.0,1,False
2026-03-12 12:45:00+00:00,,,,,,,,0.65,0.65,,0.0,0,False
2026-03-12 12:45:30+00:00,,,,,,,,0.65,0.65,,0.0,0,False
2026-03-12 12:46:00+00:00,,,,,,,,0.64,0.64,,26.0,1,False
2026-03-12 12:46:30+00:00,,,,,,,,0.6499999999999999,0.65,,9.0,2,False
2026-03-12 12:47:00+00:00,,,,,,,,0.64,0.64,,13.0,1,False
2026-03-12 12:47:30+00:00,,,,,,,,0.64,0.64,,0.0,0,False
2026-03-12 12:48:00+00:00,,,,,,,,0.64,0.64,,0.0,0,False
2026-03-12 12:48:30+00:00,,,,,,,,0.6500000000000001,0.65,,13.0,1,False
2026-03-12 12:49:00+00:00,,,,,,,,0.65,0.65,,1027.0,3,False
2026-03-12 12:49:30+00:00,,,,,,,,0.6499999999999999,0.65,,149.0,2,False
2026-03-12 12:50:00+00:00,,,,,,,,0.6499999999999999,0.65,,0.0,0,False
2026-03-12 12:50:30+00:00,,,,,,,,0.65,0.65,,73.0,1,False
2026-03-12 12:51:00+00:00,,,,,,,,0.65,0.65,,14.0,1,False
2026-03-12 12:51:30+00:00,,,,,,,,0.65,0.65,,0.0,0,False
2026-03-12 12:52:00+00:00,,,,,,,,0.65,0.65,,6.0,1,False
2026-03-12 12:52:30+00:00,,,,,,,,0.65,0.65,,184.0,1,False
2026-03-12 12:53:00+00:00,,,,,,,,0.65,0.65,,0.0,0,False
2026-03-12 12:53:30+00:00,,,,,,,,0.65,0.65,,0.0,0,False
2026-03-12 12:54:00+00:00,,,,,,,,0.65,0.65,,0.0,0,False
2026-03-12 12:54:30+00:00,,,,,,,,0.65,0.65,,0.0,0,False
2026-03-12 12:55:00+00:00,,,,,,,,0.65,0.65,,0.0,0,False
2026-03-12 12:55:30+00:00,,,,,,,,0.65,0.65,,14.0,1,False
2026-03-12 12:56:00+00:00,,,,,,,,0.65,0.65,,0.0,0,False
2026-03-12 12:56:30+00:00,,,,,,,,0.65,0.65,,0.0,0,False
2026-03-12 12:57:00+00:00,,,,,,,,0.65,0.65,,7.0,1,False
2026-03-12 12:57:30+00:00,,,,,,,,0.65,0.65,,0.0,0,False
2026-03-12 12:58:00+00:00,,,,,,,,0.65,0.65,,0.0,0,False
2026-03-12 12:58:30+00:00,,,,,,,,0.65,0.65,,0.0,0,False
2026-03-12 12:59:00+00:00,,,,,,,,0.65,0.65,,0.0,0,False
2026-03-12 12:59:30+00:00,,,,,,,,0.65,0.65,,0.0,0,False
2026-03-12 13:00:00+00:00,,,,,,,,0.65,0.65,,3.0,1,False
2026-03-12 13:00:30+00:00,,,,,,,,0.65,0.65,,0.0,0,False
2026-03-12 13:01:00+00:00,,,,,,,,0.65,0.65,,0.0,0,False
2026-03-12 13:01:30+00:00,,,,,,,,0.65,0.65,,0.0,0,False
2026-03-12 13:02:00+00:00,,,,,,,,0.65,0.65,,0.0,0,False
2026-03-12 13:02:30+00:00,,,,,,,,0.65,0.65,,23.0,1,False
2026-03-12 13:03:00+00:00,,,,,,,,0.64,0.64,,25.0,1,False
2026-03-12 13:03:30+00:00,,,,,,,,0.64,0.64,,0.0,0,False
2026-03-12 13:04:00+00:00,,,,,,,,0.64,0.64,,13.0,1,False
2026-03-12 13:04:30+00:00,,,,,,,,0.64,0.64,,13.0,1,False
2026-03-12 13:05:00+00:00,,,,,,,,0.64,0.64,,13.0,1,False
2026-03-12 13:05:30+00:00,,,,,,,,0.64,0.64,,0.0,0,False
2026-03-12 13:06:00+00:00,,,,,,,,0.64,0.64,,13.0,1,False
2026-03-12 13:06:30+00:00,,,,,,,,0.64,0.64,,0.0,0,False
2026-03-12 13:07:00+00:00,,,,,,,,0.64,0.64,,0.0,0,False
2026-03-12 13:07:30+00:00,,,,,,,,0.64,0.64,,0.0,0,False
2026-03-12 13:08:00+00:00,,,,,,,,0.64,0.64,,1329.0,1,False
2026-03-12 13:08:30+00:00,,,,,,,,0.64,0.64,,0.0,0,False
2026-03-12 13:09:00+00:00,,,,,,,,0.65,0.65,,2.0,1,False
2026-03-12 13:09:30+00:00,,,,,,,,0.6416666666666667,0.64,,6.0,2,False
2026-03-12 13:10:00+00:00,,,,,,,,0.6416666666666667,0.64,,0.0,0,False
2026-03-12 13:10:30+00:00,,,,,,,,0.64,0.64,,78.0,3,False
2026-03-12 13:11:00+00:00,,,,,,,,0.65,0.65,,30.0,1,False
2026-03-12 13:11:30+00:00,,,,,,,,0.65,0.65,,0.0,0,False
2026-03-12 13:12:00+00:00,,,,,,,,0.65,0.65,,0.0,0,False
2026-03-12 13:12:30+00:00,,,,,,,,0.65,0.65,,0.0,0,False
2026-03-12 13:13:00+00:00,,,,,,,,0.65,0.65,,30.0,1,False
2026-03-12 13:13:30+00:00,,,,,,,,0.65,0.65,,0.0,0,False
2026-03-12 13:14:00+00:00,,,,,,,,0.65,0.65,,0.0,0,False
2026-03-12 13:14:30+00:00,,,,,,,,0.64,0.64,,263.0,1,False
2026-03-12 13:15:00+00:00,,,,,,,,0.64,0.64,,0.0,0,False
2026-03-12 13:15:30+00:00,,,,,,,,0.65,0.65,,1.0,1,False
2026-03-12 13:16:00+00:00,,,,,,,,0.65,0.65,,0.0,0,False
2026-03-12 13:16:30+00:00,,,,,,,,0.65,0.65,,0.0,0,False
2026-03-12 13:17:00+00:00,,,,,,,,0.65,0.65,,0.0,0,False
2026-03-12 13:17:30+00:00,,,,,,,,0.65,0.65,,0.0,0,False
2026-03-12 13:18:00+00:00,,,,,,,,0.65,0.65,,0.0,0,False
2026-03-12 13:18:30+00:00,,,,,,,,0.65,0.65,,0.0,0,False
2026-03-12 13:19:00+00:00,,,,,,,,0.65,0.65,,0.0,0,False
2026-03-12 13:19:30+00:00,,,,,,,,0.65,0.65,,0.0,0,False
2026-03-12 13:20:00+00:00,,,,,,,,0.64,0.64,,7.0,1,False
2026-03-12 13:20:30+00:00,,,,,,,,0.64,0.64,,0.0,0,False
2026-03-12 13:21:00+00:00,,,,,,,,0.64,0.64,,8.0,1,False
2026-03-12 13:21:30+00:00,,,,,,,,0.64,0.64,,0.0,0,False
2026-03-12 13:22:00+00:00,,,,,,,,0.64,0.64,,0.0,0,False
2026-03-12 13:22:30+00:00,,,,,,,,0.64,0.64,,0.0,0,False
2026-03-12 13:23:00+00:00,,,,,,,,0.64,0.64,,0.0,0,False
2026-03-12 13:23:30+00:00,,,,,,,,0.64,0.64,,0.0,0,False
2026-03-12 13:24:00+00:00,,,,,,,,0.64,0.64,,0.0,0,False
2026-03-12 13:24:30+00:00,,,,,,,,0.64,0.64,,0.0,0,False
2026-03-12 13:25:00+00:00,,,,,,,,0.64,0.64,,664.0,1,False
2026-03-12 13:25:30+00:00,,,,,,,,0.64,0.64,,0.0,0,False
2026-03-12 13:26:00+00:00,,,,,,,,0.64,0.64,,0.0,0,False
2026-03-12 13:26:30+00:00,,,,,,,,0.64,0.64,,0.0,0,False
2026-03-12 13:27:00+00:00,,,,,,,,0.64,0.64,,0.0,0,False
2026-03-12 13:27:30+00:00,,,,,,,,0.65,0.65,,15.0,1,False
2026-03-12 13:28:00+00:00,,,,,,,,0.65,0.65,,0.0,0,False
2026-03-12 13:28:30+00:00,,,,,,,,0.65,0.65,,0.0,0,False
2026-03-12 13:29:00+00:00,,,,,,,,0.64,0.64,,1.0,1,False
2026-03-12 13:29:30+00:00,,,,,,,,0.64,0.64,,0.0,0,False
2026-03-12 13:30:00+00:00,,,,,,,,0.64,0.64,,0.0,0,False
2026-03-12 13:30:30+00:00,,,,,,,,0.64,0.64,,0.0,0,False
2026-03-12 13:31:00+00:00,,,,,,,,0.64,0.64,,0.0,0,False
2026-03-12 13:31:30+00:00,,,,,,,,0.64,0.64,,4.0,1,False
2026-03-12 13:32:00+00:00,,,,,,,,0.64,0.64,,0.0,0,False
2026-03-12 13:32:30+00:00,,,,,,,,0.64,0.64,,53.0,1,False
2026-03-12 13:33:00+00:00,,,,,,,,0.64,0.64,,0.0,0,False
2026-03-12 13:33:30+00:00,,,,,,,,0.64,0.64,,0.0,0,False
2026-03-12 13:34:00+00:00,,,,,,,,0.64,0.64,,26.0,1,False
2026-03-12 13:34:30+00:00,,,,,,,,0.64,0.64,,39.0,1,False
2026-03-12 13:35:00+00:00,,,,,,,,0.64,0.64,,0.0,0,False
2026-03-12 13:35:30+00:00,,,,,,,,0.64,0.64,,0.0,0,False
2026-03-12 13:36:00+00:00,,,,,,,,0.64,0.64,,0.0,0,False
2026-03-12 13:36:30+00:00,,,,,,,,0.6500000000000001,0.65,,13.0,1,False
2026-03-12 13:37:00+00:00,,,,,,,,0.6500000000000001,0.65,,0.0,0,False
2026-03-12 13:37:30+00:00,,,,,,,,0.65,0.65,,273.0,1,False
2026-03-12 13:38:00+00:00,,,,,,,,0.65,0.65,,0.0,0,False
2026-03-12 13:38:30+00:00,,,,,,,,0.65,0.65,,0.0,0,False
2026-03-12 13:39:00+00:00,,,,,,,,0.65,0.65,,0.0,0,False
2026-03-12 13:39:30+00:00,,,,,,,,0.64,0.64,,13.0,1,False
2026-03-12 13:40:00+00:00,,,,,,,,0.65,0.65,,3.0,1,False
2026-03-12 13:40:30+00:00,,,,,,,,0.65,0.65,,0.0,0,False
2026-03-12 13:41:00+00:00,,,,,,,,0.65,0.65,,0.0,0,False
2026-03-12 13:41:30+00:00,,,,,,,,0.65,0.65,,0.0,0,False
2026-03-12 13:42:00+00:00,,,,,,,,0.65,0.65,,0.0,0,False
2026-03-12 13:42:30+00:00,,,,,,,,0.65,0.65,,0.0,0,False
2026-03-12 13:43:00+00:00,,,,,,,,0.65,0.65,,20.0,1,False
2026-03-12 13:43:30+00:00,,,,,,,,0.65,0.65,,0.0,0,False
2026-03-12 13:44:00+00:00,,,,,,,,0.6500000000000001,0.65,,13.0,1,False
2026-03-12 13:44:30+00:00,,,,,,,,0.6571428571428571,0.6599999999999999,,7.0,2,False
2026-03-12 13:45:00+00:00,,,,,,,,0.6571428571428571,0.6599999999999999,,0.0,0,False
2026-03-12 13:45:30+00:00,,,,,,,,0.6571428571428571,0.6599999999999999,,0.0,0,False
2026-03-12 13:46:00+00:00,,,,,,,,0.65,0.65,,149.0,1,False
2026-03-12 13:46:30+00:00,,,,,,,,0.65,0.65,,81.0,1,False
2026-03-12 13:47:00+00:00,,,,,,,,0.65,0.65,,0.0,0,False
2026-03-12 13:47:30+00:00,,,,,,,,0.65,0.65,,272.0,2,False
2026-03-12 13:48:00+00:00,,,,,,,,0.65,0.65,,0.0,0,False
2026-03-12 13:48:30+00:00,,,,,,,,0.65,0.65,,0.0,0,False
2026-03-12 13:49:00+00:00,,,,,,,,0.65,0.65,,0.0,0,False
2026-03-12 13:49:30+00:00,,,,,,,,0.65,0.65,,0.0,0,False
2026-03-12 13:50:00+00:00,,,,,,,,0.65,0.65,,0.0,0,False
2026-03-12 13:50:30+00:00,,,,,,,,0.65,0.65,,0.0,0,False
2026-03-12 13:51:00+00:00,,,,,,,,0.65,0.65,,0.0,0,False
2026-03-12 13:51:30+00:00,,,,,,,,0.65,0.65,,0.0,0,False
2026-03-12 13:52:00+00:00,,,,,,,,0.65,0.65,,56.0,2,False
2026-03-12 13:52:30+00:00,,,,,,,,0.65,0.65,,0.0,0,False
2026-03-12 13:53:00+00:00,,,,,,,,0.65,0.65,,0.0,0,False
2026-03-12 13:53:30+00:00,,,,,,,,0.65,0.65,,373.0,1,False
2026-03-12 13:54:00+00:00,,,,,,,,0.65,0.65,,0.0,0,False
2026-03-12 13:54:30+00:00,,,,,,,,0.65,0.65,,0.0,0,False
2026-03-12 13:55:00+00:00,,,,,,,,0.65,0.65,,103.0,2,False
2026-03-12 13:55:30+00:00,,,,,,,,0.65,0.65,,30.0,1,False
2026-03-12 13:56:00+00:00,,,,,,,,0.65,0.65,,0.0,0,False
2026-03-12 13:56:30+00:00,,,,,,,,0.65,0.65,,27.0,1,False
2026-03-12 13:57:00+00:00,,,,,,,,0.65,0.65,,0.0,0,False
2026-03-12 13:57:30+00:00,,,,,,,,0.6505152224824355,0.6599999999999999,,427.0,2,False
2026-03-12 13:58:00+00:00,,,,,,,,0.65,0.65,,111.0,2,False
2026-03-12 13:58:30+00:00,,,,,,,,0.65,0.65,,0.0,0,False
2026-03-12 13:59:00+00:00,,,,,,,,0.65,0.65,,40.0,2,False
2026-03-12 13:59:30+00:00,,,,,,,,0.65,0.65,,0.0,0,False
2026-03-12 14:00:00+00:00,,,,,,,,0.65,0.65,,31.0,1,False
2026-03-12 14:00:30+00:00,,,,,,,,0.65,0.65,,0.0,0,False
2026-03-12 14:01:00+00:00,,,,,,,,0.65,0.65,,2.0,1,False
2026-03-12 14:01:30+00:00,,,,,,,,0.65,0.65,,0.0,0,False
2026-03-12 14:02:00+00:00,,,,,,,,0.64,0.64,,30.0,1,False
2026-03-12 14:02:30+00:00,,,,,,,,0.64,0.64,,0.0,0,False
2026-03-12 14:03:00+00:00,,,,,,,,0.6498814229249011,0.65,,253.0,2,False
2026-03-12 14:03:30+00:00,,,,,,,,0.65,0.65,,14.0,1,False
2026-03-12 14:04:00+00:00,,,,,,,,0.65,0.65,,0.0,0,False
2026-03-12 14:04:30+00:00,,,,,,,,0.65,0.65,,0.0,0,False
2026-03-12 14:05:00+00:00,,,,,,,,0.65,0.65,,115.0,2,False
2026-03-12 14:05:30+00:00,,,,,,,,0.65,0.65,,22.0,1,False
2026-03-12 14:06:00+00:00,,,,,,,,0.65,0.65,,0.0,0,False
2026-03-12 14:06:30+00:00,,,,,,,,0.65,0.65,,40.0,1,False
2026-03-12 14:07:00+00:00,,,,,,,,0.65,0.65,,5.0,1,False
2026-03-12 14:07:30+00:00,,,,,,,,0.65,0.65,,14.0,2,False
2026-03-12 14:08:00+00:00,,,,,,,,0.6534279059919543,0.66,,4723.0,3,False
2026-03-12 14:08:30+00:00,,,,,,,,0.6534279059919543,0.66,,0.0,0,False
2026-03-12 14:09:00+00:00,,,,,,,,0.6534279059919543,0.66,,0.0,0,False
2026-03-12 14:09:30+00:00,,,,,,,,0.6534279059919543,0.66,,0.0,0,False
2026-03-12 14:10:00+00:00,,,,,,,,0.6534279059919543,0.66,,0.0,0,False
2026-03-12 14:10:30+00:00,,,,,,,,0.6534279059919543,0.66,,0.0,0,False
2026-03-12 14:11:00+00:00,,,,,,,,0.6534279059919543,0.66,,0.0,0,False
2026-03-12 14:11:30+00:00,,,,,,,,0.6534279059919543,0.66,,0.0,0,False
2026-03-12 14:12:00+00:00,,,,,,,,0.67,0.67,,144.0,1,False
2026-03-12 14:12:30+00:00,,,,,,,,0.67,0.67,,0.0,0,False
2026-03-12 14:13:00+00:00,,,,,,,,0.67,0.67,,0.0,0,False
2026-03-12 14:13:30+00:00,,,,,,,,0.67,0.67,,14.0,1,False
2026-03-12 14:14:00+00:00,,,,,,,,0.67,0.67,,58.0,1,False
2026-03-12 14:14:30+00:00,,,,,,,,0.67,0.67,,0.0,0,False
2026-03-12 14:15:00+00:00,,,,,,,,0.67,0.67,,110.0,2,False
2026-03-12 14:15:30+00:00,,,,,,,,0.67,0.67,,0.0,0,False
2026-03-12 14:16:00+00:00,,,,,,,,0.65,0.65,,2.0,1,False
2026-03-12 14:16:30+00:00,,,,,,,,0.65,0.65,,0.0,0,False
2026-03-12 14:17:00+00:00,,,,,,,,0.65,0.65,,0.0,0,False
2026-03-12 14:17:30+00:00,,,,,,,,0.65,0.65,,0.0,0,False
2026-03-12 14:18:00+00:00,,,,,,,,0.65,0.65,,0.0,0,False
2026-03-12 14:18:30+00:00,,,,,,,,0.65,0.65,,0.0,0,False
2026-03-12 14:19:00+00:00,,,,,,,,0.65,0.65,,0.0,0,False
2026-03-12 14:19:30+00:00,,,,,,,,0.65,0.65,,0.0,0,False
2026-03-12 14:20:00+00:00,,,,,,,,0.65,0.65,,0.0,0,False
2026-03-12 14:20:30+00:00,,,,,,,,0.65,0.65,,0.0,0,False
2026-03-12 14:21:00+00:00,,,,,,,,0.65,0.65,,0.0,0,False
2026-03-12 14:21:30+00:00,,,,,,,,0.65,0.65,,8.0,1,False
2026-03-12 14:22:00+00:00,,,,,,,,0.65,0.65,,0.0,0,False
2026-03-12 14:22:30+00:00,,,,,,,,0.67,0.67,,144.0,1,False
2026-03-12 14:23:00+00:00,,,,,,,,0.67,0.67,,0.0,0,False
2026-03-12 14:23:30+00:00,,,,,,,,0.67,0.67,,0.0,0,False
2026-03-12 14:24:00+00:00,,,,,,,,0.67,0.67,,0.0,0,False
2026-03-12 14:24:30+00:00,,,,,,,,0.65,0.65,,68.0,1,False
2026-03-12 14:25:00+00:00,,,,,,,,0.67,0.67,,7.0,1,False
2026-03-12 14:25:30+00:00,,,,,,,,0.67,0.67,,0.0,0,False
2026-03-12 14:26:00+00:00,,,,,,,,0.6500000000000001,0.65,,13.0,1,False
2026-03-12 14:26:30+00:00,,,,,,,,0.67,0.67,,2.0,1,False
2026-03-12 14:27:00+00:00,,,,,,,,0.67,0.67,,0.0,0,False
2026-03-12 14:27:30+00:00,,,,,,,,0.65,0.65,,40.0,2,False
2026-03-12 14:28:00+00:00,,,,,,,,0.6500000000000001,0.65,,13.0,1,False
2026-03-12 14:28:30+00:00,,,,,,,,0.65,0.65,,40.0,1,False
2026-03-12 14:29:00+00:00,,,,,,,,0.65,0.65,,0.0,0,False
2026-03-12 14:29:30+00:00,,,,,,,,0.65,0.65,,14.0,1,False
2026-03-12 14:30:00+00:00,,,,,,,,0.65,0.65,,0.0,0,False
2026-03-12 14:30:30+00:00,,,,,,,,0.65,0.65,,0.0,0,False
2026-03-12 14:31:00+00:00,,,,,,,,0.67,0.67,,7.0,1,False
2026-03-12 14:31:30+00:00,,,,,,,,0.67,0.67,,7.0,1,False
2026-03-12 14:32:00+00:00,,,,,,,,0.67,0.67,,4.0,1,False
2026-03-12 14:32:30+00:00,,,,,,,,0.67,0.67,,0.0,0,False
2026-03-12 14:33:00+00:00,,,,,,,,0.67,0.67,,0.0,0,False
2026-03-12 14:33:30+00:00,,,,,,,,0.67,0.67,,43.0,2,False
2026-03-12 14:34:00+00:00,,,,,,,,0.67,0.67,,0.0,0,False
2026-03-12 14:34:30+00:00,,,,,,,,0.65,0.65,,48.0,2,False
2026-03-12 14:35:00+00:00,,,,,,,,0.65,0.65,,0.0,0,False
2026-03-12 14:35:30+00:00,,,,,,,,0.65,0.65,,55.0,1,False
2026-03-12 14:36:00+00:00,,,,,,,,0.67,0.67,,100.0,1,False
2026-03-12 14:36:30+00:00,,,,,,,,0.67,0.67,,0.0,0,False
2026-03-12 14:37:00+00:00,,,,,,,,0.67,0.67,,724.0,1,False
2026-03-12 14:37:30+00:00,,,,,,,,0.67,0.67,,0.0,0,False
2026-03-12 14:38:00+00:00,,,,,,,,0.67,0.67,,11.0,1,False
2026-03-12 14:38:30+00:00,,,,,,,,0.67,0.67,,0.0,0,False
2026-03-12 14:39:00+00:00,,,,,,,,0.6599999999999999,0.6599999999999999,,1.0,1,False
2026-03-12 14:39:30+00:00,,,,,,,,0.6599999999999999,0.6599999999999999,,0.0,0,False
2026-03-12 14:40:00+00:00,,,,,,,,0.6500000000000001,0.65,,14.0,2,False
2026-03-12 14:40:30+00:00,,,,,,,,0.66,0.66,,186.0,1,False
2026-03-12 14:41:00+00:00,,,,,,,,0.66,0.66,,29.0,1,False
2026-03-12 14:41:30+00:00,,,,,,,,0.66,0.66,,1.0,1,False
2026-03-12 14:42:00+00:00,,,,,,,,0.66,0.66,,0.0,0,False
2026-03-12 14:42:30+00:00,,,,,,,,0.65,0.65,,24.0,1,False
2026-03-12 14:43:00+00:00,,,,,,,,0.65,0.65,,0.0,0,False
2026-03-12 14:43:30+00:00,,,,,,,,0.65,0.65,,0.0,0,False
2026-03-12 14:44:00+00:00,,,,,,,,0.65,0.65,,0.0,0,False
2026-03-12 14:44:30+00:00,,,,,,,,0.65,0.65,,0.0,0,False
2026-03-12 14:45:00+00:00,,,,,,,,0.65,0.65,,0.0,0,False
2026-03-12 14:45:30+00:00,,,,,,,,0.65,0.65,,0.0,0,False
2026-03-12 14:46:00+00:00,,,,,,,,0.66,0.66,,73.0,1,False
2026-03-12 14:46:30+00:00,,,,,,,,0.66,0.66,,0.0,0,False
2026-03-12 14:47:00+00:00,,,,,,,,0.65,0.65,,136.0,1,False
2026-03-12 14:47:30+00:00,,,,,,,,0.66,0.66,,73.0,1,False
2026-03-12 14:48:00+00:00,,,,,,,,0.655,0.65,,4.0,2,False
2026-03-12 14:48:30+00:00,,,,,,,,0.655,0.65,,0.0,0,False
2026-03-12 14:49:00+00:00,,,,,,,,0.6500000000000001,0.65,,13.0,1,False
2026-03-12 14:49:30+00:00,,,,,,,,0.6500000000000001,0.65,,0.0,0,False
2026-03-12 14:50:00+00:00,,,,,,,,0.66,0.66,,15.0,1,False
2026-03-12 14:50:30+00:00,,,,,,,,0.66,0.66,,0.0,0,False
2026-03-12 14:51:00+00:00,,,,,,,,0.66,0.66,,1.0,1,False
2026-03-12 14:51:30+00:00,,,,,,,,0.66,0.66,,0.0,0,False
2026-03-12 14:52:00+00:00,,,,,,,,0.66,0.66,,0.0,0,False
2026-03-12 14:52:30+00:00,,,,,,,,0.66,0.66,,0.0,0,False
2026-03-12 14:53:00+00:00,,,,,,,,0.6500000000000001,0.65,,13.0,1,False
2026-03-12 14:53:30+00:00,,,,,,,,0.66,0.66,,5.0,1,False
2026-03-12 14:54:00+00:00,,,,,,,,0.66,0.66,,0.0,0,False
2026-03-12 14:54:30+00:00,,,,,,,,0.66,0.66,,46.0,1,False
2026-03-12 14:55:00+00:00,,,,,,,,0.6597647058823529,0.65,,85.0,3,False
2026-03-12 14:55:30+00:00,,,,,,,,0.66,0.66,,1.0,1,False
2026-03-12 14:56:00+00:00,,,,,,,,0.66,0.66,,0.0,0,False
2026-03-12 14:56:30+00:00,,,,,,,,0.66,0.66,,0.0,0,False
2026-03-12 14:57:00+00:00,,,,,,,,0.65,0.65,,6.0,1,False
2026-03-12 14:57:30+00:00,,,,,,,,0.65,0.65,,27.0,1,False
2026-03-12 14:58:00+00:00,,,,,,,,0.65,0.65,,0.0,0,False
2026-03-12 14:58:30+00:00,,,,,,,,0.65,0.65,,0.0,0,False
2026-03-12 14:59:00+00:00,,,,,,,,0.65,0.65,,1.0,1,False
2026-03-12 14:59:30+00:00,,,,,,,,0.650673076923077,0.65,,104.0,2,False
2026-03-12 15:00:00+00:00,,,,,,,,0.65,0.65,,5.0,1,False
2026-03-12 15:00:30+00:00,,,,,,,,0.65,0.65,,0.0,0,False
2026-03-12 15:01:00+00:00,,,,,,,,0.65,0.65,,0.0,0,False
2026-03-12 15:01:30+00:00,,,,,,,,0.65,0.65,,0.0,0,False
2026-03-12 15:02:00+00:00,,,,,,,,0.66,0.66,,2.0,1,False
2026-03-12 15:02:30+00:00,,,,,,,,0.66,0.66,,147.0,1,False
2026-03-12 15:03:00+00:00,,,,,,,,0.6503571428571429,0.66,,56.0,3,False
2026-03-12 15:03:30+00:00,,,,,,,,0.6503571428571429,0.66,,0.0,0,False
2026-03-12 15:04:00+00:00,,,,,,,,0.65,0.65,,136.0,1,False
2026-03-12 15:04:30+00:00,,,,,,,,0.65,0.65,,0.0,0,False
2026-03-12 15:05:00+00:00,,,,,,,,0.66,0.66,,2.0,1,False
2026-03-12 15:05:30+00:00,,,,,,,,0.66,0.66,,0.0,0,False
2026-03-12 15:06:00+00:00,,,,,,,,0.66,0.66,,0.0,0,False
2026-03-12 15:06:30+00:00,,,,,,,,0.66,0.66,,9.0,2,False
2026-03-12 15:07:00+00:00,,,,,,,,0.66,0.66,,0.0,0,False
2026-03-12 15:07:30+00:00,,,,,,,,0.66,0.66,,0.0,0,False
2026-03-12 15:08:00+00:00,,,,,,,,0.65,0.65,,5.0,1,False
2026-03-12 15:08:30+00:00,,,,,,,,0.65,0.65,,0.0,0,False
2026-03-12 15:09:00+00:00,,,,,,,,0.65,0.65,,0.0,0,False
2026-03-12 15:09:30+00:00,,,,,,,,0.65,0.65,,0.0,0,False
2026-03-12 15:10:00+00:00,,,,,,,,0.65,0.65,,0.0,0,False
2026-03-12 15:10:30+00:00,,,,,,,,0.66,0.66,,4.0,1,False
2026-03-12 15:11:00+00:00,,,,,,,,0.64,0.64,,1.0,1,False
2026-03-12 15:11:30+00:00,,,,,,,,0.64,0.64,,0.0,0,False
2026-03-12 15:12:00+00:00,,,,,,,,0.64,0.64,,0.0,0,False
2026-03-12 15:12:30+00:00,,,,,,,,0.64,0.64,,0.0,0,False
2026-03-12 15:13:00+00:00,,,,,,,,0.6433333333333334,0.64,,6.0,2,False
2026-03-12 15:13:30+00:00,,,,,,,,0.64,0.64,,26.0,1,False
2026-03-12 15:14:00+00:00,,,,,,,,0.66,0.66,,9.0,1,False
2026-03-12 15:14:30+00:00,,,,,,,,0.64,0.64,,199.0,1,False
2026-03-12 15:15:00+00:00,,,,,,,,0.64,0.64,,0.0,0,False
2026-03-12 15:15:30+00:00,,,,,,,,0.64,0.64,,106.0,1,False
2026-03-12 15:16:00+00:00,,,,,,,,0.66,0.66,,14.0,1,False
2026-03-12 15:16:30+00:00,,,,,,,,0.66,0.66,,0.0,0,False
2026-03-12 15:17:00+00:00,,,,,,,,0.66,0.66,,0.0,0,False
2026-03-12 15:17:30+00:00,,,,,,,,0.64,0.64,,26.0,1,False
2026-03-12 15:18:00+00:00,,,,,,,,0.64,0.64,,0.0,0,False
2026-03-12 15:18:30+00:00,,,,,,,,0.64,0.64,,0.0,0,False
2026-03-12 15:19:00+00:00,,,,,,,,0.64,0.64,,12.0,1,False
2026-03-12 15:19:30+00:00,,,,,,,,0.64,0.64,,0.0,0,False
2026-03-12 15:20:00+00:00,,,,,,,,0.64,0.64,,0.0,0,False
2026-03-12 15:20:30+00:00,,,,,,,,0.64,0.64,,0.0,0,False
2026-03-12 15:21:00+00:00,,,,,,,,0.64,0.64,,0.0,0,False
2026-03-12 15:21:30+00:00,,,,,,,,0.6522388059701493,0.66,,134.0,3,False
2026-03-12 15:22:00+00:00,,,,,,,,0.6522388059701493,0.66,,0.0,0,False
2026-03-12 15:22:30+00:00,,,,,,,,0.6522388059701493,0.66,,0.0,0,False
2026-03-12 15:23:00+00:00,,,,,,,,0.6522388059701493,0.66,,0.0,0,False
2026-03-12 15:23:30+00:00,,,,,,,,0.6522388059701493,0.66,,0.0,0,False
2026-03-12 15:24:00+00:00,,,,,,,,0.6522388059701493,0.66,,0.0,0,False
2026-03-12 15:24:30+00:00,,,,,,,,0.6522388059701493,0.66,,0.0,0,False
2026-03-12 15:25:00+00:00,,,,,,,,0.6522388059701493,0.66,,0.0,0,False
2026-03-12 15:25:30+00:00,,,,,,,,0.64,0.64,,53.0,1,False
2026-03-12 15:26:00+00:00,,,,,,,,0.64,0.64,,79.0,1,False
2026-03-12 15:26:30+00:00,,,,,,,,0.64,0.64,,170.0,2,False
2026-03-12 15:27:00+00:00,,,,,,,,0.64,0.64,,0.0,0,False
2026-03-12 15:27:30+00:00,,,,,,,,0.64,0.64,,0.0,0,False
2026-03-12 15:28:00+00:00,,,,,,,,0.64,0.64,,394.0,1,False
2026-03-12 15:28:30+00:00,,,,,,,,0.64,0.64,,0.0,0,False
2026-03-12 15:29:00+00:00,,,,,,,,0.64,0.64,,0.0,0,False
2026-03-12 15:29:30+00:00,,,,,,,,0.64,0.64,,0.0,0,False
2026-03-12 15:30:00+00:00,,,,,,,,0.64,0.64,,0.0,0,False
2026-03-12 15:30:30+00:00,,,,,,,,0.64,0.64,,0.0,0,False
2026-03-12 15:31:00+00:00,,,,,,,,0.64,0.64,,0.0,0,False
2026-03-12 15:31:30+00:00,,,,,,,,0.6426315789473684,0.65,,38.0,2,False
2026-03-12 15:32:00+00:00,,,,,,,,0.66,0.66,,44.0,1,False
2026-03-12 15:32:30+00:00,,,,,,,,0.66,0.66,,0.0,0,False
2026-03-12 15:33:00+00:00,,,,,,,,0.66,0.66,,0.0,0,False
2026-03-12 15:33:30+00:00,,,,,,,,0.66,0.66,,0.0,0,False
2026-03-12 15:34:00+00:00,,,,,,,,0.64,0.64,,18.0,1,False
2026-03-12 15:34:30+00:00,,,,,,,,0.64,0.64,,0.0,0,False
2026-03-12 15:35:00+00:00,,,,,,,,0.64,0.64,,0.0,0,False
2026-03-12 15:35:30+00:00,,,,,,,,0.64,0.64,,0.0,0,False
2026-03-12 15:36:00+00:00,,,,,,,,0.64,0.64,,0.0,0,False
2026-03-12 15:36:30+00:00,,,,,,,,0.64,0.64,,0.0,0,False
2026-03-12 15:37:00+00:00,,,,,,,,0.66,0.66,,59.0,1,False
2026-03-12 15:37:30+00:00,,,,,,,,0.6399999999999999,0.64,,23.0,2,False
2026-03-12 15:38:00+00:00,,,,,,,,0.6399999999999999,0.64,,0.0,0,False
2026-03-12 15:38:30+00:00,,,,,,,,0.6399999999999999,0.64,,0.0,0,False
2026-03-12 15:39:00+00:00,,,,,,,,0.6399999999999999,0.64,,0.0,0,False
2026-03-12 15:39:30+00:00,,,,,,,,0.6399999999999999,0.64,,0.0,0,False
2026-03-12 15:40:00+00:00,,,,,,,,0.659304347826087,0.64,,115.0,2,False
2026-03-12 15:40:30+00:00,,,,,,,,0.66,0.66,,94.0,1,False
2026-03-12 15:41:00+00:00,,,,,,,,0.66,0.66,,0.0,0,False
2026-03-12 15:41:30+00:00,,,,,,,,0.66,0.66,,0.0,0,False
2026-03-12 15:42:00+00:00,,,,,,,,0.66,0.66,,0.0,0,False
2026-03-12 15:42:30+00:00,,,,,,,,0.66,0.66,,0.0,0,False
2026-03-12 15:43:00+00:00,,,,,,,,0.66,0.66,,0.0,0,False
2026-03-12 15:43:30+00:00,,,,,,,,0.65,0.65,,27.0,1,False
2026-03-12 15:44:00+00:00,,,,,,,,0.66,0.66,,7.0,1,False
2026-03-12 15:44:30+00:00,,,,,,,,0.65,0.65,,50.0,1,False
2026-03-12 15:45:00+00:00,,,,,,,,0.65,0.65,,0.0,0,False
2026-03-12 15:45:30+00:00,,,,,,,,0.6500000000000001,0.65,,418.0,2,False
2026-03-12 15:46:00+00:00,,,,,,,,0.6500000000000001,0.65,,0.0,0,False
2026-03-12 15:46:30+00:00,,,,,,,,0.66,0.66,,1.0,1,False
2026-03-12 15:47:00+00:00,,,,,,,,0.6500000000000001,0.65,,10.0,2,False
2026-03-12 15:47:30+00:00,,,,,,,,0.6500000000000001,0.65,,0.0,0,False
2026-03-12 15:48:00+00:00,,,,,,,,0.6500000000000001,0.65,,0.0,0,False
2026-03-12 15:48:30+00:00,,,,,,,,0.66,0.66,,1.0,1,False
2026-03-12 15:49:00+00:00,,,,,,,,0.66,0.66,,0.0,0,False
2026-03-12 15:49:30+00:00,,,,,,,,0.65,0.65,,27.0,1,False
2026-03-12 15:50:00+00:00,,,,,,,,0.65,0.65,,0.0,0,False
2026-03-12 15:50:30+00:00,,,,,,,,0.65,0.65,,0.0,0,False
2026-03-12 15:51:00+00:00,,,,,,,,0.65,0.65,,0.0,0,False
2026-03-12 15:51:30+00:00,,,,,,,,0.65,0.65,,2.0,2,False
2026-03-12 15:52:00+00:00,,,,,,,,0.65,0.65,,0.0,0,False
2026-03-12 15:52:30+00:00,,,,,,,,0.65,0.65,,0.0,0,False
2026-03-12 15:53:00+00:00,,,,,,,,0.65,0.65,,0.0,0,False
2026-03-12 15:53:30+00:00,,,,,,,,0.65,0.65,,0.0,0,False
2026-03-12 15:54:00+00:00,,,,,,,,0.65,0.65,,29.0,2,False
2026-03-12 15:54:30+00:00,,,,,,,,0.65,0.65,,0.0,0,False
2026-03-12 15:55:00+00:00,,,,,,,,0.65,0.65,,7.0,1,False
2026-03-12 15:55:30+00:00,,,,,,,,0.65,0.65,,20.0,2,False
2026-03-12 15:56:00+00:00,,,,,,,,0.65,0.65,,0.0,0,False
2026-03-12 15:56:30+00:00,,,,,,,,0.65,0.65,,0.0,0,False
2026-03-12 15:57:00+00:00,,,,,,,,0.65,0.65,,0.0,0,False
2026-03-12 15:57:30+00:00,,,,,,,,0.65,0.65,,0.0,0,False
2026-03-12 15:58:00+00:00,,,,,,,,0.65,0.65,,0.0,0,False
2026-03-12 15:58:30+00:00,,,,,,,,0.65,0.65,,27.0,2,False
2026-03-12 15:59:00+00:00,,,,,,,,0.65,0.65,,4.0,1,False
2026-03-12 15:59:30+00:00,,,,,,,,0.65,0.65,,22.0,1,False
2026-03-12 16:00:00+00:00,,,,,,,,0.65,0.65,,0.0,0,False
2026-03-12 16:00:30+00:00,,,,,,,,0.65,0.65,,0.0,0,False
2026-03-12 16:01:00+00:00,,,,,,,,0.6599999999999999,0.6599999999999999,,30.0,1,False
2026-03-12 16:01:30+00:00,,,,,,,,0.65,0.65,,30.0,1,False
2026-03-12 16:02:00+00:00,,,,,,,,0.65,0.65,,136.0,2,False
2026-03-12 16:02:30+00:00,,,,,,,,0.65,0.65,,8.0,1,False
2026-03-12 16:03:00+00:00,,,,,,,,0.65,0.65,,5.0,1,False
2026-03-12 16:03:30+00:00,,,,,,,,0.65,0.65,,0.0,0,False
2026-03-12 16:04:00+00:00,,,,,,,,0.65,0.65,,0.0,0,False
2026-03-12 16:04:30+00:00,,,,,,,,0.65,0.65,,0.0,0,False
2026-03-12 16:05:00+00:00,,,,,,,,0.6599999999999999,0.6599999999999999,,184.0,1,False
2026-03-12 16:05:30+00:00,,,,,,,,0.6599999999999999,0.6599999999999999,,0.0,0,False
2026-03-12 16:06:00+00:00,,,,,,,,0.6599999999999999,0.6599999999999999,,0.0,0,False
2026-03-12 16:06:30+00:00,,,,,,,,0.6599999999999999,0.6599999999999999,,0.0,0,False
2026-03-12 16:07:00+00:00,,,,,,,,0.65,0.65,,42.0,3,False
2026-03-12 16:07:30+00:00,,,,,,,,0.65,0.65,,0.0,0,False
2026-03-12 16:08:00+00:00,,,,,,,,0.65,0.65,,0.0,0,False
2026-03-12 16:08:30+00:00,,,,,,,,0.65,0.65,,67.0,1,False
2026-03-12 16:09:00+00:00,,,,,,,,0.65,0.65,,0.0,0,False
2026-03-12 16:09:30+00:00,,,,,,,,0.65,0.65,,20.0,1,False
2026-03-12 16:10:00+00:00,,,,,,,,0.65,0.65,,100.0,1,False
2026-03-12 16:10:30+00:00,,,,,,,,0.65,0.65,,0.0,0,False
2026-03-12 16:11:00+00:00,,,,,,,,0.65,0.65,,44.0,3,False
2026-03-12 16:11:30+00:00,,,,,,,,0.65,0.65,,54.0,1,False
2026-03-12 16:12:00+00:00,,,,,,,,0.65,0.65,,1.0,1,False
2026-03-12 16:12:30+00:00,,,,,,,,0.65,0.65,,0.0,0,False
2026-03-12 16:13:00+00:00,,,,,,,,0.6499999999999999,0.65,,18.0,2,False
2026-03-12 16:13:30+00:00,,,,,,,,0.6499999999999999,0.65,,0.0,0,False
2026-03-12 16:14:00+00:00,,,,,,,,0.65,0.65,,149.0,1,False
2026-03-12 16:14:30+00:00,,,,,,,,0.65,0.65,,0.0,0,False
2026-03-12 16:15:00+00:00,,,,,,,,0.65,0.65,,0.0,0,False
2026-03-12 16:15:30+00:00,,,,,,,,0.65,0.65,,5.0,1,False
2026-03-12 16:16:00+00:00,,,,,,,,0.65,0.65,,50.0,1,False
2026-03-12 16:16:30+00:00,,,,,,,,0.65,0.65,,0.0,0,False
2026-03-12 16:17:00+00:00,,,,,,,,0.65,0.65,,85.0,2,False
2026-03-12 16:17:30+00:00,,,,,,,,0.65,0.65,,0.0,0,False
2026-03-12 16:18:00+00:00,,,,,,,,0.65,0.65,,280.0,2,False
2026-03-12 16:18:30+00:00,,,,,,,,0.65,0.65,,81.0,1,False
2026-03-12 16:19:00+00:00,,,,,,,,0.65,0.65,,40.0,1,False
2026-03-12 16:19:30+00:00,,,,,,,,0.65,0.65,,0.0,0,False
2026-03-12 16:20:00+00:00,,,,,,,,0.65,0.65,,0.0,0,False
2026-03-12 16:20:30+00:00,,,,,,,,0.65,0.65,,0.0,0,False
2026-03-12 16:21:00+00:00,,,,,,,,0.65,0.65,,21.0,2,False
2026-03-12 16:21:30+00:00,,,,,,,,0.65,0.65,,8.0,1,False
2026-03-12 16:22:00+00:00,,,,,,,,0.65,0.65,,270.0,1,False
2026-03-12 16:22:30+00:00,,,,,,,,0.65,0.65,,0.0,0,False
2026-03-12 16:23:00+00:00,,,,,,,,0.65,0.65,,0.0,0,False
2026-03-12 16:23:30+00:00,,,,,,,,0.65,0.65,,54.0,1,False
2026-03-12 16:24:00+00:00,,,,,,,,0.6633333333333334,0.67,,24.0,3,False
2026-03-12 16:24:30+00:00,,,,,,,,0.65,0.65,,5.0,1,False
2026-03-12 16:25:00+00:00,,,,,,,,0.65,0.65,,121.0,2,False
2026-03-12 16:25:30+00:00,,,,,,,,0.65,0.65,,0.0,0,False
2026-03-12 16:26:00+00:00,,,,,,,,0.65,0.65,,0.0,0,False
2026-03-12 16:26:30+00:00,,,,,,,,0.65,0.65,,0.0,0,False
2026-03-12 16:27:00+00:00,,,,,,,,0.65,0.65,,0.0,0,False
2026-03-12 16:27:30+00:00,,,,,,,,0.65,0.65,,40.0,1,False
2026-03-12 16:28:00+00:00,,,,,,,,0.65,0.65,,0.0,0,False
2026-03-12 16:28:30+00:00,,,,,,,,0.6543749999999999,0.6599999999999999,,48.0,2,False
2026-03-12 16:29:00+00:00,,,,,,,,0.67,0.67,,7.0,1,False
2026-03-12 16:29:30+00:00,,,,,,,,0.67,0.67,,0.0,0,False
2026-03-12 16:30:00+00:00,,,,,,,,0.67,0.67,,0.0,0,False
2026-03-12 16:30:30+00:00,,,,,,,,0.67,0.67,,0.0,0,False
2026-03-12 16:31:00+00:00,,,,,,,,0.67,0.67,,0.0,0,False
2026-03-12 16:31:30+00:00,,,,,,,,0.67,0.67,,0.0,0,False
2026-03-12 16:32:00+00:00,,,,,,,,0.67,0.67,,0.0,0,False
2026-03-12 16:32:30+00:00,,,,,,,,0.67,0.67,,0.0,0,False
2026-03-12 16:33:00+00:00,,,,,,,,0.67,0.67,,0.0,0,False
2026-03-12 16:33:30+00:00,,,,,,,,0.67,0.67,,0.0,0,False
2026-03-12 16:34:00+00:00,,,,,,,,0.67,0.67,,0.0,0,False
2026-03-12 16:34:30+00:00,,,,,,,,0.65,0.65,,135.0,1,False
2026-03-12 16:35:00+00:00,,,,,,,,0.6500000000000001,0.65,,75.0,2,False
2026-03-12 16:35:30+00:00,,,,,,,,0.67,0.67,,72.0,1,False
2026-03-12 16:36:00+00:00,,,,,,,,0.67,0.67,,0.0,0,False
2026-03-12 16:36:30+00:00,,,,,,,,0.67,0.67,,0.0,0,False
2026-03-12 16:37:00+00:00,,,,,,,,0.67,0.67,,0.0,0,False
2026-03-12 16:37:30+00:00,,,,,,,,0.65,0.65,,11.0,1,False
2026-03-12 16:38:00+00:00,,,,,,,,0.65,0.65,,0.0,0,False
2026-03-12 16:38:30+00:00,,,,,,,,0.65,0.65,,0.0,0,False
2026-03-12 16:39:00+00:00,,,,,,,,0.65,0.65,,0.0,0,False
2026-03-12 16:39:30+00:00,,,,,,,,0.67,0.67,,29.0,1,False
2026-03-12 16:40:00+00:00,,,,,,,,0.65,0.65,,100.0,1,False
2026-03-12 16:40:30+00:00,,,,,,,,0.67,0.67,,1472.0,2,False
2026-03-12 16:41:00+00:00,,,,,,,,0.67,0.67,,0.0,0,False
2026-03-12 16:41:30+00:00,,,,,,,,0.67,0.67,,9.0,2,False
2026-03-12 16:42:00+00:00,,,,,,,,0.67,0.67,,1.0,1,False
2026-03-12 16:42:30+00:00,,,,,,,,0.67,0.67,,80.0,2,False
2026-03-12 16:43:00+00:00,,,,,,,,0.67,0.67,,0.0,0,False
2026-03-12 16:43:30+00:00,,,,,,,,0.67,0.67,,0.0,0,False
2026-03-12 16:44:00+00:00,,,,,,,,0.6650495049504951,0.65,,202.0,3,False
2026-03-12 16:44:30+00:00,,,,,,,,0.6650495049504951,0.65,,0.0,0,False
2026-03-12 16:45:00+00:00,,,,,,,,0.6650495049504951,0.65,,0.0,0,False
2026-03-12 16:45:30+00:00,,,,,,,,0.6650495049504951,0.65,,0.0,0,False
2026-03-12 16:46:00+00:00,,,,,,,,0.6650495049504951,0.65,,0.0,0,False
2026-03-12 16:46:30+00:00,,,,,,,,0.6650495049504951,0.65,,0.0,0,False
2026-03-12 16:47:00+00:00,,,,,,,,0.6650495049504951,0.65,,0.0,0,False
2026-03-12 16:47:30+00:00,,,,,,,,0.6500000000000001,0.65,,13.0,1,False
2026-03-12 16:48:00+00:00,,,,,,,,0.67,0.67,,10.0,1,False
2026-03-12 16:48:30+00:00,,,,,,,,0.67,0.67,,0.0,0,False
2026-03-12 16:49:00+00:00,,,,,,,,0.67,0.67,,14.0,1,False
2026-03-12 16:49:30+00:00,,,,,,,,0.67,0.67,,0.0,0,False
2026-03-12 16:50:00+00:00,,,,,,,,0.6500000000000001,0.65,,109.0,1,False
2026-03-12 16:50:30+00:00,,,,,,,,0.6620588235294117,0.6599999999999999,,34.0,2,False
2026-03-12 16:51:00+00:00,,,,,,,,0.67,0.67,,28.0,1,False
2026-03-12 16:51:30+00:00,,,,,,,,0.67,0.67,,0.0,0,False
2026-03-12 16:52:00+00:00,,,,,,,,0.66,0.66,,15.0,1,False
2026-03-12 16:52:30+00:00,,,,,,,,0.66,0.66,,0.0,0,False
2026-03-12 16:53:00+00:00,,,,,,,,0.66,0.66,,0.0,0,False
2026-03-12 16:53:30+00:00,,,,,,,,0.66,0.66,,1.0,1,False
2026-03-12 16:54:00+00:00,,,,,,,,0.66,0.66,,31.0,1,False
2026-03-12 16:54:30+00:00,,,,,,,,0.66,0.66,,0.0,0,False
2026-03-12 16:55:00+00:00,,,,,,,,0.66,0.66,,0.0,0,False
2026-03-12 16:55:30+00:00,,,,,,,,0.66,0.66,,0.0,0,False
2026-03-12 16:56:00+00:00,,,,,,,,0.65,0.65,,40.0,1,False
2026-03-12 16:56:30+00:00,,,,,,,,0.65,0.65,,0.0,0,False
2026-03-12 16:57:00+00:00,,,,,,,,0.65,0.65,,24.0,2,False
2026-03-12 16:57:30+00:00,,,,,,,,0.65,0.65,,0.0,0,False
2026-03-12 16:58:00+00:00,,,,,,,,0.65,0.65,,0.0,0,False
2026-03-12 16:58:30+00:00,,,,,,,,0.6599999999999999,0.6599999999999999,,30.0,1,False
2026-03-12 16:59:00+00:00,,,,,,,,0.6599999999999999,0.6599999999999999,,0.0,0,False
2026-03-12 16:59:30+00:00,,,,,,,,0.6599999999999999,0.6599999999999999,,0.0,0,False
2026-03-12 17:00:00+00:00,,,,,,,,0.65,0.65,,21.0,2,False
2026-03-12 17:00:30+00:00,,,,,,,,0.6599999999999999,0.6599999999999999,,202.0,1,False
2026-03-12 17:01:00+00:00,,,,,,,,0.65,0.65,,17.0,1,False
2026-03-12 17:01:30+00:00,,,,,,,,0.65,0.65,,0.0,0,False
2026-03-12 17:02:00+00:00,,,,,,,,0.65,0.65,,447.0,2,False
2026-03-12 17:02:30+00:00,,,,,,,,0.65,0.65,,0.0,0,False
2026-03-12 17:03:00+00:00,,,,,,,,0.65,0.65,,0.0,0,False
2026-03-12 17:03:30+00:00,,,,,,,,0.65,0.65,,0.0,0,False
2026-03-12 17:04:00+00:00,,,,,,,,0.66,0.66,,1.0,1,False
2026-03-12 17:04:30+00:00,,,,,,,,0.65,0.65,,270.0,1,False
2026-03-12 17:05:00+00:00,,,,,,,,0.65,0.65,,0.0,0,False
2026-03-12 17:05:30+00:00,,,,,,,,0.65,0.65,,0.0,0,False
2026-03-12 17:06:00+00:00,,,,,,,,0.65,0.65,,0.0,0,False
2026-03-12 17:06:30+00:00,,,,,,,,0.65,0.65,,16.0,1,False
2026-03-12 17:07:00+00:00,,,,,,,,0.65,0.65,,0.0,0,False
2026-03-12 17:07:30+00:00,,,,,,,,0.65,0.65,,0.0,0,False
2026-03-12 17:08:00+00:00,,,,,,,,0.66,0.66,,1470.0,1,False
2026-03-12 17:08:30+00:00,,,,,,,,0.66,0.66,,0.0,0,False
2026-03-12 17:09:00+00:00,,,,,,,,0.66,0.66,,0.0,0,False
2026-03-12 17:09:30+00:00,,,,,,,,0.66,0.66,,0.0,0,False
2026-03-12 17:10:00+00:00,,,,,,,,0.66,0.66,,0.0,0,False
2026-03-12 17:10:30+00:00,,,,,,,,0.66,0.66,,0.0,0,False
2026-03-12 17:11:00+00:00,,,,,,,,0.66,0.66,,0.0,0,False
2026-03-12 17:11:30+00:00,,,,,,,,0.66,0.66,,0.0,0,False
2026-03-12 17:12:00+00:00,,,,,,,,0.65,0.65,,27.0,1,False
2026-03-12 17:12:30+00:00,,,,,,,,0.65,0.65,,540.0,1,False
2026-03-12 17:13:00+00:00,,,,,,,,0.65,0.65,,0.0,0,False
2026-03-12 17:13:30+00:00,,,,,,,,0.65,0.65,,0.0,0,False
2026-03-12 17:14:00+00:00,,,,,,,,0.65,0.65,,0.0,0,False
2026-03-12 17:14:30+00:00,,,,,,,,0.65,0.65,,0.0,0,False
2026-03-12 17:15:00+00:00,,,,,,,,0.65,0.65,,8.0,1,False
2026-03-12 17:15:30+00:00,,,,,,,,0.65,0.65,,0.0,0,False
2026-03-12 17:16:00+00:00,,,,,,,,0.66,0.66,,1.0,1,False
2026-03-12 17:16:30+00:00,,,,,,,,0.65,0.65,,27.0,1,False
2026-03-12 17:17:00+00:00,,,,,,,,0.65,0.65,,83.0,2,False
2026-03-12 17:17:30+00:00,,,,,,,,0.65,0.65,,0.0,0,False
2026-03-12 17:18:00+00:00,,,,,,,,0.66,0.66,,14.0,1,False
2026-03-12 17:18:30+00:00,,,,,,,,0.65,0.65,,135.0,1,False
2026-03-12 17:19:00+00:00,,,,,,,,0.65,0.65,,0.0,0,False
2026-03-12 17:19:30+00:00,,,,,,,,0.65,0.65,,0.0,0,False
2026-03-12 17:20:00+00:00,,,,,,,,0.66,0.66,,85.0,2,False
2026-03-12 17:20:30+00:00,,,,,,,,0.65,0.65,,7.0,1,False
2026-03-12 17:21:00+00:00,,,,,,,,0.65,0.65,,0.0,0,False
2026-03-12 17:21:30+00:00,,,,,,,,0.66,0.66,,375.0,1,False
2026-03-12 17:22:00+00:00,,,,,,,,0.66,0.66,,7.0,1,False
2026-03-12 17:22:30+00:00,,,,,,,,0.66,0.66,,0.0,0,False
2026-03-12 17:23:00+00:00,,,,,,,,0.66,0.66,,0.0,0,False
2026-03-12 17:23:30+00:00,,,,,,,,0.66,0.66,,0.0,0,False
2026-03-12 17:24:00+00:00,,,,,,,,0.66,0.66,,0.0,0,False
2026-03-12 17:24:30+00:00,,,,,,,,0.66,0.66,,0.0,0,False
2026-03-12 17:25:00+00:00,,,,,,,,0.66,0.66,,0.0,0,False
2026-03-12 17:25:30+00:00,,,,,,,,0.65,0.65,,9.0,1,False
2026-03-12 17:26:00+00:00,,,,,,,,0.65,0.65,,0.0,0,False
2026-03-12 17:26:30+00:00,,,,,,,,0.65,0.65,,1103.0,3,False
2026-03-12 17:27:00+00:00,,,,,,,,0.6499999999999999,0.65,,296.0,3,False
2026-03-12 17:27:30+00:00,,,,,,,,0.65,0.65,,51.0,1,False
2026-03-12 17:28:00+00:00,,,,,,,,0.65,0.65,,0.0,0,False
2026-03-12 17:28:30+00:00,,,,,,,,0.66,0.66,,1404.0,1,False
2026-03-12 17:29:00+00:00,,,,,,,,0.65,0.65,,68.0,1,False
2026-03-12 17:29:30+00:00,,,,,,,,0.65,0.65,,0.0,0,False
2026-03-12 17:30:00+00:00,,,,,,,,0.65,0.65,,7.0,1,False
2026-03-12 17:30:30+00:00,,,,,,,,0.65,0.65,,0.0,0,False
2026-03-12 17:31:00+00:00,,,,,,,,0.65,0.65,,0.0,0,False
2026-03-12 17:31:30+00:00,,,,,,,,0.65,0.65,,0.0,0,False
2026-03-12 17:32:00+00:00,,,,,,,,0.66,0.66,,14.0,1,False
2026-03-12 17:32:30+00:00,,,,,,,,0.64,0.64,,131.0,1,False
2026-03-12 17:33:00+00:00,,,,,,,,0.64,0.64,,0.0,0,False
2026-03-12 17:33:30+00:00,,,,,,,,0.64,0.64,,0.0,0,False
2026-03-12 17:34:00+00:00,,,,,,,,0.64,0.64,,7.0,1,False
2026-03-12 17:34:30+00:00,,,,,,,,0.64,0.64,,0.0,0,False
2026-03-12 17:35:00+00:00,,,,,,,,0.64,0.64,,0.0,0,False
2026-03-12 17:35:30+00:00,,,,,,,,0.66,0.66,,59.0,1,False
2026-03-12 17:36:00+00:00,,,,,,,,0.66,0.66,,0.0,0,False
2026-03-12 17:36:30+00:00,,,,,,,,0.66,0.66,,0.0,0,False
2026-03-12 17:37:00+00:00,,,,,,,,0.65,0.65,,150.0,1,False
2026-03-12 17:37:30+00:00,,,,,,,,0.65,0.65,,14.0,1,False
2026-03-12 17:38:00+00:00,,,,,,,,0.64,0.64,,111.0,3,False
2026-03-12 17:38:30+00:00,,,,,,,,0.64,0.64,,0.0,0,False
2026-03-12 17:39:00+00:00,,,,,,,,0.6473684210526316,0.65,,19.0,2,False
2026-03-12 17:39:30+00:00,,,,,,,,0.65,0.65,,7.0,1,False
2026-03-12 17:40:00+00:00,,,,,,,,0.65,0.65,,3.0,1,False
2026-03-12 17:40:30+00:00,,,,,,,,0.6454545454545455,0.64,,11.0,2,False
2026-03-12 17:41:00+00:00,,,,,,,,0.6454545454545455,0.64,,0.0,0,False
2026-03-12 17:41:30+00:00,,,,,,,,0.6454545454545455,0.64,,0.0,0,False
2026-03-12 17:42:00+00:00,,,,,,,,0.6563913043478262,0.66,,230.0,2,False
2026-03-12 17:42:30+00:00,,,,,,,,0.6516666666666667,0.66,,12.0,2,False
2026-03-12 17:43:00+00:00,,,,,,,,0.64,0.64,,5.0,1,False
2026-03-12 17:43:30+00:00,,,,,,,,0.66,0.66,,29.0,1,False
2026-03-12 17:44:00+00:00,,,,,,,,0.66,0.66,,0.0,0,False
2026-03-12 17:44:30+00:00,,,,,,,,0.66,0.66,,5.0,1,False
2026-03-12 17:45:00+00:00,,,,,,,,0.66,0.66,,29.0,1,False
2026-03-12 17:45:30+00:00,,,,,,,,0.64,0.64,,65.0,1,False
2026-03-12 17:46:00+00:00,,,,,,,,0.66,0.66,,2.0,1,False
2026-03-12 17:46:30+00:00,,,,,,,,0.66,0.66,,0.0,0,False
2026-03-12 17:47:00+00:00,,,,,,,,0.66,0.66,,294.0,1,False
2026-03-12 17:47:30+00:00,,,,,,,,0.66,0.66,,0.0,0,False
2026-03-12 17:48:00+00:00,,,,,,,,0.64,0.64,,25.0,1,False
2026-03-12 17:48:30+00:00,,,,,,,,0.64,0.64,,26.0,1,False
2026-03-12 17:49:00+00:00,,,,,,,,0.6586734693877552,0.66,,196.0,3,False
2026-03-12 17:49:30+00:00,,,,,,,,0.6586734693877552,0.66,,0.0,0,False
2026-03-12 17:50:00+00:00,,,,,,,,0.6586734693877552,0.66,,0.0,0,False
2026-03-12 17:50:30+00:00,,,,,,,,0.6599999999999999,0.6599999999999999,,27.0,1,False
2026-03-12 17:51:00+00:00,,,,,,,,0.6599999999999999,0.6599999999999999,,0.0,0,False
2026-03-12 17:51:30+00:00,,,,,,,,0.64,0.64,,4.0,1,False
2026-03-12 17:52:00+00:00,,,,,,,,0.64,0.64,,21.0,1,False
2026-03-12 17:52:30+00:00,,,,,,,,0.64,0.64,,0.0,0,False
2026-03-12 17:53:00+00:00,,,,,,,,0.66,0.66,,176.0,1,False
2026-03-12 17:53:30+00:00,,,,,,,,0.66,0.66,,0.0,0,False
2026-03-12 17:54:00+00:00,,,,,,,,0.65,0.65,,1.0,1,False
2026-03-12 17:54:30+00:00,,,,,,,,0.6500000000000001,0.65,,13.0,1,False
2026-03-12 17:55:00+00:00,,,,,,,,0.65,0.65,,81.0,2,False
2026-03-12 17:55:30+00:00,,,,,,,,0.65,0.65,,27.0,1,False
2026-03-12 17:56:00+00:00,,,,,,,,0.65,0.65,,2.0,1,False
2026-03-12 17:56:30+00:00,,,,,,,,0.65,0.65,,0.0,0,False
2026-03-12 17:57:00+00:00,,,,,,,,0.6509090909090909,0.66,,44.0,2,False
2026-03-12 17:57:30+00:00,,,,,,,,0.66,0.66,,28.0,2,False
2026-03-12 17:58:00+00:00,,,,,,,,0.65,0.65,,24.0,1,False
2026-03-12 17:58:30+00:00,,,,,,,,0.65,0.65,,301.0,1,False
2026-03-12 17:59:00+00:00,,,,,,,,0.65,0.65,,16.0,1,False
2026-03-12 17:59:30+00:00,,,,,,,,0.66,0.66,,29.0,1,False
2026-03-12 18:00:00+00:00,,,,,,,,0.66,0.66,,0.0,0,False
2026-03-12 18:00:30+00:00,,,,,,,,0.66,0.66,,0.0,0,False
2026-03-12 18:01:00+00:00,,,,,,,,0.66,0.66,,0.0,0,False
2026-03-12 18:01:30+00:00,,,,,,,,0.65,0.65,,27.0,1,False
2026-03-12 18:02:00+00:00,,,,,,,,0.65,0.65,,0.0,0,False
2026-03-12 18:02:30+00:00,,,,,,,,0.6500000000000001,0.65,,13.0,1,False
2026-03-12 18:03:00+00:00,,,,,,,,0.66,0.66,,73.0,1,False
2026-03-12 18:03:30+00:00,,,,,,,,0.66,0.66,,0.0,0,False
2026-03-12 18:04:00+00:00,,,,,,,,0.65,0.65,,540.0,1,False
2026-03-12 18:04:30+00:00,,,,,,,,0.66,0.66,,382.0,2,False
2026-03-12 18:05:00+00:00,,,,,,,,0.66,0.66,,0.0,0,False
2026-03-12 18:05:30+00:00,,,,,,,,0.66,0.66,,0.0,0,False
2026-03-12 18:06:00+00:00,,,,,,,,0.66,0.66,,0.0,0,False
2026-03-12 18:06:30+00:00,,,,,,,,0.66,0.66,,0.0,0,False
2026-03-12 18:07:00+00:00,,,,,,,,0.66,0.66,,0.0,0,False
2026-03-12 18:07:30+00:00,,,,,,,,0.66,0.66,,0.0,0,False
2026-03-12 18:08:00+00:00,,,,,,,,0.66,0.66,,5872.0,2,False
2026-03-12 18:08:30+00:00,,,,,,,,0.66,0.66,,0.0,0,False
2026-03-12 18:09:00+00:00,,,,,,,,0.65,0.65,,10.0,1,False
2026-03-12 18:09:30+00:00,,,,,,,,0.65,0.65,,0.0,0,False
2026-03-12 18:10:00+00:00,,,,,,,,0.66,0.66,,100.0,1,False
2026-03-12 18:10:30+00:00,,,,,,,,0.6576785714285716,0.65,,56.0,3,False
2026-03-12 18:11:00+00:00,,,,,,,,0.66,0.66,,1029.0,1,False
2026-03-12 18:11:30+00:00,,,,,,,,0.66,0.66,,0.0,0,False
2026-03-12 18:12:00+00:00,,,,,,,,0.65,0.65,,270.0,1,False
2026-03-12 18:12:30+00:00,,,,,,,,0.65,0.65,,0.0,0,False
2026-03-12 18:13:00+00:00,,,,,,,,0.65,0.65,,0.0,0,False
2026-03-12 18:13:30+00:00,,,,,,,,0.66,0.66,,7.0,1,False
2026-03-12 18:14:00+00:00,,,,,,,,0.66,0.66,,20.0,1,False
2026-03-12 18:14:30+00:00,,,,,,,,0.6575,0.65,,180.0,3,False
2026-03-12 18:15:00+00:00,,,,,,,,0.6575,0.65,,0.0,0,False
2026-03-12 18:15:30+00:00,,,,,,,,0.65,0.65,,27.0,1,False
2026-03-12 18:16:00+00:00,,,,,,,,0.65,0.65,,0.0,0,False
2026-03-12 18:16:30+00:00,,,,,,,,0.65,0.65,,0.0,0,False
2026-03-12 18:17:00+00:00,,,,,,,,0.65,0.65,,0.0,0,False
2026-03-12 18:17:30+00:00,,,,,,,,0.65,0.65,,0.0,0,False
2026-03-12 18:18:00+00:00,,,,,,,,0.65,0.65,,0.0,0,False
2026-03-12 18:18:30+00:00,,,,,,,,0.65,0.65,,33.0,3,False
2026-03-12 18:19:00+00:00,,,,,,,,0.65,0.65,,0.0,0,False
2026-03-12 18:19:30+00:00,,,,,,,,0.65,0.65,,40.0,1,False
2026-03-12 18:20:00+00:00,,,,,,,,0.65,0.65,,0.0,0,False
2026-03-12 18:20:30+00:00,,,,,,,,0.65,0.65,,0.0,0,False
2026-03-12 18:21:00+00:00,,,,,,,,0.65,0.65,,0.0,0,False
2026-03-12 18:21:30+00:00,,,,,,,,0.65,0.65,,8.0,1,False
2026-03-12 18:22:00+00:00,,,,,,,,0.65,0.65,,15.0,1,False
2026-03-12 18:22:30+00:00,,,,,,,,0.6587096774193549,0.65,,62.0,2,False
2026-03-12 18:23:00+00:00,,,,,,,,0.6587096774193549,0.65,,0.0,0,False
2026-03-12 18:23:30+00:00,,,,,,,,0.6409345794392524,0.66,,107.0,4,False
2026-03-12 18:24:00+00:00,,,,,,,,0.66,0.66,,51.0,1,False
2026-03-12 18:24:30+00:00,,,,,,,,0.66,0.66,,0.0,0,False
2026-03-12 18:25:00+00:00,,,,,,,,0.66,0.66,,0.0,0,False
2026-03-12 18:25:30+00:00,,,,,,,,0.66,0.66,,0.0,0,False
2026-03-12 18:26:00+00:00,,,,,,,,0.6524561403508772,0.66,,57.0,4,False
2026-03-12 18:26:30+00:00,,,,,,,,0.65,0.65,,20.0,1,False
2026-03-12 18:27:00+00:00,,,,,,,,0.65,0.65,,0.0,0,False
2026-03-12 18:27:30+00:00,,,,,,,,0.65,0.65,,0.0,0,False
2026-03-12 18:28:00+00:00,,,,,,,,0.65,0.65,,0.0,0,False
2026-03-12 18:28:30+00:00,,,,,,,,0.65,0.65,,0.0,0,False
2026-03-12 18:29:00+00:00,,,,,,,,0.6598,0.66,,150.0,2,False
2026-03-12 18:29:30+00:00,,,,,,,,0.6598,0.66,,0.0,0,False
2026-03-12 18:30:00+00:00,,,,,,,,0.6597297297297298,0.66,,74.0,2,False
2026-03-12 18:30:30+00:00,,,,,,,,0.6597297297297298,0.66,,0.0,0,False
2026-03-12 18:31:00+00:00,,,,,,,,0.6597297297297298,0.66,,0.0,0,False
2026-03-12 18:31:30+00:00,,,,,,,,0.6597297297297298,0.66,,0.0,0,False
2026-03-12 18:32:00+00:00,,,,,,,,0.6597297297297298,0.66,,0.0,0,False
2026-03-12 18:32:30+00:00,,,,,,,,0.6597297297297298,0.66,,0.0,0,False
2026-03-12 18:33:00+00:00,,,,,,,,0.6597297297297298,0.66,,0.0,0,False
2026-03-12 18:33:30+00:00,,,,,,,,0.65,0.65,,8.0,1,False
2026-03-12 18:34:00+00:00,,,,,,,,0.65,0.65,,0.0,0,False
2026-03-12 18:34:30+00:00,,,,,,,,0.65,0.65,,0.0,0,False
2026-03-12 18:35:00+00:00,,,,,,,,0.65,0.65,,0.0,0,False
2026-03-12 18:35:30+00:00,,,,,,,,0.65,0.65,,0.0,0,False
2026-03-12 18:36:00+00:00,,,,,,,,0.65,0.65,,0.0,0,False
2026-03-12 18:36:30+00:00,,,,,,,,0.65,0.65,,0.0,0,False
2026-03-12 18:37:00+00:00,,,,,,,,0.65,0.65,,0.0,0,False
2026-03-12 18:37:30+00:00,,,,,,,,0.65,0.65,,4.0,1,False
2026-03-12 18:38:00+00:00,,,,,,,,0.66,0.66,,14.0,1,False
2026-03-12 18:38:30+00:00,,,,,,,,0.6500000000000001,0.65,,13.0,1,False
2026-03-12 18:39:00+00:00,,,,,,,,0.65,0.65,,35.0,1,False
2026-03-12 18:39:30+00:00,,,,,,,,0.64,0.64,,400.0,1,False
2026-03-12 18:40:00+00:00,,,,,,,,0.6599999999999999,0.6599999999999999,,432.0,1,False
2026-03-12 18:40:30+00:00,,,,,,,,0.6599999999999999,0.6599999999999999,,0.0,0,False
2026-03-12 18:41:00+00:00,,,,,,,,0.65,0.65,,8.0,1,False
2026-03-12 18:41:30+00:00,,,,,,,,0.64,0.64,,5.0,1,False
2026-03-12 18:42:00+00:00,,,,,,,,0.64,0.64,,0.0,0,False
2026-03-12 18:42:30+00:00,,,,,,,,0.64,0.64,,0.0,0,False
2026-03-12 18:43:00+00:00,,,,,,,,0.64,0.64,,0.0,0,False
2026-03-12 18:43:30+00:00,,,,,,,,0.64,0.64,,26.0,1,False
2026-03-12 18:44:00+00:00,,,,,,,,0.64,0.64,,0.0,0,False
2026-03-12 18:44:30+00:00,,,,,,,,0.64,0.64,,0.0,0,False
2026-03-12 18:45:00+00:00,,,,,,,,0.64,0.64,,0.0,0,False
2026-03-12 18:45:30+00:00,,,,,,,,0.64,0.64,,0.0,0,False
2026-03-12 18:46:00+00:00,,,,,,,,0.6500000000000001,0.65,,13.0,1,False
2026-03-12 18:46:30+00:00,,,,,,,,0.65,0.65,,151.0,1,False
2026-03-12 18:47:00+00:00,,,,,,,,0.65,0.65,,0.0,0,False
2026-03-12 18:47:30+00:00,,,,,,,,0.65,0.65,,22.0,1,False
2026-03-12 18:48:00+00:00,,,,,,,,0.64,0.64,,69.0,2,False
2026-03-12 18:48:30+00:00,,,,,,,,0.65,0.65,,2.0,1,False
2026-03-12 18:49:00+00:00,,,,,,,,0.65,0.65,,746.0,1,False
2026-03-12 18:49:30+00:00,,,,,,,,0.64,0.64,,39.0,1,False
2026-03-12 18:50:00+00:00,,,,,,,,0.65,0.65,,10.0,1,False
2026-03-12 18:50:30+00:00,,,,,,,,0.65,0.65,,1501.0,1,False
2026-03-12 18:51:00+00:00,,,,,,,,0.6413114754098361,0.64,,61.0,2,False
2026-03-12 18:51:30+00:00,,,,,,,,0.6413114754098361,0.64,,0.0,0,False
2026-03-12 18:52:00+00:00,,,,,,,,0.65,0.65,,15.0,1,False
2026-03-12 18:52:30+00:00,,,,,,,,0.64,0.64,,2.0,1,False
2026-03-12 18:53:00+00:00,,,,,,,,0.64,0.64,,65.0,3,False
2026-03-12 18:53:30+00:00,,,,,,,,0.6475270333803479,0.65,,2127.0,3,False
2026-03-12 18:54:00+00:00,,,,,,,,0.6475270333803479,0.65,,0.0,0,False
2026-03-12 18:54:30+00:00,,,,,,,,0.6475270333803479,0.65,,0.0,0,False
2026-03-12 18:55:00+00:00,,,,,,,,0.6475270333803479,0.65,,0.0,0,False
2026-03-12 18:55:30+00:00,,,,,,,,0.65,0.65,,7.0,1,False
2026-03-12 18:56:00+00:00,,,,,,,,0.64,0.64,,2.0,1,False
2026-03-12 18:56:30+00:00,,,,,,,,0.64,0.64,,0.0,0,False
2026-03-12 18:57:00+00:00,,,,,,,,0.64,0.64,,0.0,0,False
2026-03-12 18:57:30+00:00,,,,,,,,0.64,0.64,,0.0,0,False
2026-03-12 18:58:00+00:00,,,,,,,,0.64,0.64,,0.0,0,False
2026-03-12 18:58:30+00:00,,,,,,,,0.65,0.65,,14.0,1,False
2026-03-12 18:59:00+00:00,,,,,,,,0.64,0.64,,40.0,2,False
2026-03-12 18:59:30+00:00,,,,,,,,0.65,0.65,,21.0,1,False
2026-03-12 19:00:00+00:00,,,,,,,,0.64,0.64,,53.0,2,False
2026-03-12 19:00:30+00:00,,,,,,,,0.64,0.64,,0.0,0,False
2026-03-12 19:01:00+00:00,,,,,,,,0.65,0.65,,70.0,2,False
2026-03-12 19:01:30+00:00,,,,,,,,0.65,0.65,,0.0,0,False
2026-03-12 19:02:00+00:00,,,,,,,,0.65,0.65,,0.0,0,False
2026-03-12 19:02:30+00:00,,,,,,,,0.64,0.64,,72.0,1,False
2026-03-12 19:03:00+00:00,,,,,,,,0.64,0.64,,0.0,0,False
2026-03-12 19:03:30+00:00,,,,,,,,0.65,0.65,,8.0,1,False
2026-03-12 19:04:00+00:00,,,,,,,,0.65,0.65,,0.0,0,False
2026-03-12 19:04:30+00:00,,,,,,,,0.65,0.65,,46.0,2,False
2026-03-12 19:05:00+00:00,,,,,,,,0.65,0.65,,695.0,2,False
2026-03-12 19:05:30+00:00,,,,,,,,0.65,0.65,,0.0,0,False
2026-03-12 19:06:00+00:00,,,,,,,,0.65,0.65,,243.0,4,False
2026-03-12 19:06:30+00:00,,,,,,,,0.65,0.65,,27.0,1,False
2026-03-12 19:07:00+00:00,,,,,,,,0.65,0.65,,140.0,4,False
2026-03-12 19:07:30+00:00,,,,,,,,0.65,0.65,,0.0,0,False
2026-03-12 19:08:00+00:00,,,,,,,,0.65,0.65,,0.0,0,False
2026-03-12 19:08:30+00:00,,,,,,,,0.65,0.65,,0.0,0,False
2026-03-12 19:09:00+00:00,,,,,,,,0.65,0.65,,0.0,0,False
2026-03-12 19:09:30+00:00,,,,,,,,0.65,0.65,,0.0,0,False
2026-03-12 19:10:00+00:00,,,,,,,,0.65,0.65,,16.0,2,False
2026-03-12 19:10:30+00:00,,,,,,,,0.65,0.65,,142.0,2,False
2026-03-12 19:11:00+00:00,,,,,,,,0.64,0.64,,5.0,1,False
2026-03-12 19:11:30+00:00,,,,,,,,0.6414213197969544,0.64,,197.0,3,False
2026-03-12 19:12:00+00:00,,,,,,,,0.6414213197969544,0.64,,0.0,0,False
2026-03-12 19:12:30+00:00,,,,,,,,0.6569767441860465,0.66,,43.0,4,False
2026-03-12 19:13:00+00:00,,,,,,,,0.6599999999999999,0.6599999999999999,,14.0,1,False
2026-03-12 19:13:30+00:00,,,,,,,,0.6500000000000001,0.65,,13.0,1,False
2026-03-12 19:14:00+00:00,,,,,,,,0.6500000000000001,0.65,,0.0,0,False
2026-03-12 19:14:30+00:00,,,,,,,,0.6500000000000001,0.65,,0.0,0,False
2026-03-12 19:15:00+00:00,,,,,,,,0.6500000000000001,0.65,,0.0,0,False
2026-03-12 19:15:30+00:00,,,,,,,,0.6500000000000001,0.65,,0.0,0,False
2026-03-12 19:16:00+00:00,,,,,,,,0.6500000000000001,0.65,,0.0,0,False
2026-03-12 19:16:30+00:00,,,,,,,,0.6523333333333333,0.66,,120.0,3,False
2026-03-12 19:17:00+00:00,,,,,,,,0.6551851851851852,0.65,,27.0,2,False
2026-03-12 19:17:30+00:00,,,,,,,,0.6551851851851852,0.65,,0.0,0,False
2026-03-12 19:18:00+00:00,,,,,,,,0.6551851851851852,0.65,,0.0,0,False
2026-03-12 19:18:30+00:00,,,,,,,,0.6551851851851852,0.65,,0.0,0,False
2026-03-12 19:19:00+00:00,,,,,,,,0.65,0.65,,18.0,1,False
2026-03-12 19:19:30+00:00,,,,,,,,0.65,0.65,,0.0,0,False
2026-03-12 19:20:00+00:00,,,,,,,,0.6500000000000001,0.65,,13.0,1,False
2026-03-12 19:20:30+00:00,,,,,,,,0.66,0.66,,36.0,1,False
2026-03-12 19:21:00+00:00,,,,,,,,0.652,0.66,,75.0,3,False
2026-03-12 19:21:30+00:00,,,,,,,,0.652,0.66,,0.0,0,False
2026-03-12 19:22:00+00:00,,,,,,,,0.652,0.66,,0.0,0,False
2026-03-12 19:22:30+00:00,,,,,,,,0.6599999999999999,0.66,,74.0,2,False
2026-03-12 19:23:00+00:00,,,,,,,,0.6599999999999999,0.66,,0.0,0,False
2026-03-12 19:23:30+00:00,,,,,,,,0.65,0.65,,2.0,1,False
2026-03-12 19:24:00+00:00,,,,,,,,0.65,0.65,,0.0,0,False
2026-03-12 19:24:30+00:00,,,,,,,,0.65,0.65,,0.0,0,False
2026-03-12 19:25:00+00:00,,,,,,,,0.65,0.65,,0.0,0,False
2026-03-12 19:25:30+00:00,,,,,,,,0.6599999999999999,0.66,,110.0,2,False
2026-03-12 19:26:00+00:00,,,,,,,,0.65,0.65,,50.0,1,False
2026-03-12 19:26:30+00:00,,,,,,,,0.65,0.65,,0.0,0,False
2026-03-12 19:27:00+00:00,,,,,,,,0.65,0.65,,0.0,0,False
2026-03-12 19:27:30+00:00,,,,,,,,0.65,0.65,,1.0,1,False
2026-03-12 19:28:00+00:00,,,,,,,,0.65,0.65,,0.0,0,False
2026-03-12 19:28:30+00:00,,,,,,,,0.6557142857142858,0.65,,63.0,2,False
2026-03-12 19:29:00+00:00,,,,,,,,0.6557142857142858,0.65,,0.0,0,False
2026-03-12 19:29:30+00:00,,,,,,,,0.66,0.66,,45.0,2,False
2026-03-12 19:30:00+00:00,,,,,,,,0.66,0.66,,0.0,0,False
2026-03-12 19:30:30+00:00,,,,,,,,0.6500000000000001,0.65,,13.0,1,False
2026-03-12 19:31:00+00:00,,,,,,,,0.65,0.65,,39.0,2,False
2026-03-12 19:31:30+00:00,,,,,,,,0.65,0.65,,0.0,0,False
2026-03-12 19:32:00+00:00,,,,,,,,0.65,0.65,,19.0,1,False
2026-03-12 19:32:30+00:00,,,,,,,,0.65,0.65,,0.0,0,False
2026-03-12 19:33:00+00:00,,,,,,,,0.65,0.65,,0.0,0,False
2026-03-12 19:33:30+00:00,,,,,,,,0.65,0.65,,8.0,1,False
2026-03-12 19:34:00+00:00,,,,,,,,0.65,0.65,,31.0,1,False
2026-03-12 19:34:30+00:00,,,,,,,,0.66,0.66,,72.0,1,False
2026-03-12 19:35:00+00:00,,,,,,,,0.65,0.65,,50.0,1,False
2026-03-12 19:35:30+00:00,,,,,,,,0.6542553191489362,0.66,,47.0,2,False
2026-03-12 19:36:00+00:00,,,,,,,,0.6542553191489362,0.66,,0.0,0,False
2026-03-12 19:36:30+00:00,,,,,,,,0.65,0.65,,276.0,2,False
2026-03-12 19:37:00+00:00,,,,,,,,0.65,0.65,,0.0,0,False
2026-03-12 19:37:30+00:00,,,,,,,,0.66,0.66,,155.0,2,False
2026-03-12 19:38:00+00:00,,,,,,,,0.66,0.66,,0.0,0,False
2026-03-12 19:38:30+00:00,,,,,,,,0.6575862068965518,0.65,,145.0,3,False
2026-03-12 19:39:00+00:00,,,,,,,,0.6575862068965518,0.65,,0.0,0,False
2026-03-12 19:39:30+00:00,,,,,,,,0.6575862068965518,0.65,,0.0,0,False
2026-03-12 19:40:00+00:00,,,,,,,,0.65,0.65,,150.0,1,False
2026-03-12 19:40:30+00:00,,,,,,,,0.65,0.65,,0.0,0,False
2026-03-12 19:41:00+00:00,,,,,,,,0.65,0.65,,32.0,2,False
2026-03-12 19:41:30+00:00,,,,,,,,0.6599999999999999,0.6599999999999999,,38.0,2,False
2026-03-12 19:42:00+00:00,,,,,,,,0.66,0.66,,74.0,1,False
2026-03-12 19:42:30+00:00,,,,,,,,0.65,0.65,,135.0,1,False
2026-03-12 19:43:00+00:00,,,,,,,,0.65,0.65,,0.0,0,False
2026-03-12 19:43:30+00:00,,,,,,,,0.65,0.65,,0.0,0,False
2026-03-12 19:44:00+00:00,,,,,,,,0.65,0.65,,0.0,0,False
2026-03-12 19:44:30+00:00,,,,,,,,0.66,0.66,,7.0,1,False
2026-03-12 19:45:00+00:00,,,,,,,,0.66,0.66,,0.0,0,False
2026-03-12 19:45:30+00:00,,,,,,,,0.66,0.66,,0.0,0,False
2026-03-12 19:46:00+00:00,,,,,,,,0.66,0.66,,0.0,0,False
2026-03-12 19:46:30+00:00,,,,,,,,0.66,0.66,,0.0,0,False
2026-03-12 19:47:00+00:00,,,,,,,,0.66,0.66,,3.0,1,False
2026-03-12 19:47:30+00:00,,,,,,,,0.66,0.66,,0.0,0,False
2026-03-12 19:48:00+00:00,,,,,,,,0.66,0.66,,0.0,0,False
2026-03-12 19:48:30+00:00,,,,,,,,0.66,0.66,,0.0,0,False
2026-03-12 19:49:00+00:00,,,,,,,,0.6535,0.65,,20.0,2,False
2026-03-12 19:49:30+00:00,,,,,,,,0.6543037974683544,0.66,,474.0,3,False
2026-03-12 19:50:00+00:00,,,,,,,,0.6528571428571428,0.6599999999999999,,189.0,3,False
2026-03-12 19:50:30+00:00,,,,,,,,0.6528571428571428,0.6599999999999999,,0.0,0,False
2026-03-12 19:51:00+00:00,,,,,,,,0.6500000000000001,0.65,,13.0,1,False
2026-03-12 19:51:30+00:00,,,,,,,,0.6500000000000001,0.65,,0.0,0,False
2026-03-12 19:52:00+00:00,,,,,,,,0.6500000000000001,0.65,,0.0,0,False
2026-03-12 19:52:30+00:00,,,,,,,,0.6500000000000001,0.65,,0.0,0,False
2026-03-12 19:53:00+00:00,,,,,,,,0.65,0.65,,6.0,1,False
2026-03-12 19:53:30+00:00,,,,,,,,0.65,0.65,,0.0,0,False
2026-03-12 19:54:00+00:00,,,,,,,,0.65,0.65,,27.0,1,False
2026-03-12 19:54:30+00:00,,,,,,,,0.65,0.65,,0.0,0,False
2026-03-12 19:55:00+00:00,,,,,,,,0.65,0.65,,87.0,3,False
2026-03-12 19:55:30+00:00,,,,,,,,0.65,0.65,,0.0,0,False
2026-03-12 19:56:00+00:00,,,,,,,,0.65,0.65,,0.0,0,False
2026-03-12 19:56:30+00:00,,,,,,,,0.65,0.65,,0.0,0,False
2026-03-12 19:57:00+00:00,,,,,,,,0.65,0.65,,19.0,1,False
2026-03-12 19:57:30+00:00,,,,,,,,0.66,0.66,,147.0,1,False
2026-03-12 19:58:00+00:00,,,,,,,,0.65,0.65,,132.0,1,False
2026-03-12 19:58:30+00:00,,,,,,,,0.66,0.66,,4.0,1,False
2026-03-12 19:59:00+00:00,,,,,,,,0.66,0.66,,191.0,1,False
2026-03-12 19:59:30+00:00,,,,,,,,0.66,0.66,,2.0,1,False
2026-03-12 20:00:00+00:00,,,,,,,,0.66,0.66,,0.0,0,False
2026-03-12 20:00:30+00:00,,,,,,,,0.66,0.66,,0.0,0,False
2026-03-12 20:01:00+00:00,,,,,,,,0.66,0.66,,0.0,0,False
2026-03-12 20:01:30+00:00,,,,,,,,0.65,0.65,,54.0,1,False
2026-03-12 20:02:00+00:00,,,,,,,,0.65,0.65,,0.0,0,False
2026-03-12 20:02:30+00:00,,,,,,,,0.65,0.65,,54.0,1,False
2026-03-12 20:03:00+00:00,,,,,,,,0.65,0.65,,20.0,1,False
2026-03-12 20:03:30+00:00,,,,,,,,0.6598659517426273,0.66,,373.0,3,False
2026-03-12 20:04:00+00:00,,,,,,,,0.6598659517426273,0.66,,0.0,0,False
2026-03-12 20:04:30+00:00,,,,,,,,0.66,0.66,,74.0,1,False
2026-03-12 20:05:00+00:00,,,,,,,,0.6579032258064517,0.66,,62.0,3,False
2026-03-12 20:05:30+00:00,,,,,,,,0.66,0.66,,7.0,1,False
2026-03-12 20:06:00+00:00,,,,,,,,0.65,0.65,,15.0,1,False
2026-03-12 20:06:30+00:00,,,,,,,,0.65,0.65,,40.0,1,False
2026-03-12 20:07:00+00:00,,,,,,,,0.65,0.65,,0.0,0,False
2026-03-12 20:07:30+00:00,,,,,,,,0.65,0.65,,0.0,0,False
2026-03-12 20:08:00+00:00,,,,,,,,0.65,0.65,,0.0,0,False
2026-03-12 20:08:30+00:00,,,,,,,,0.65,0.65,,0.0,0,False
2026-03-12 20:09:00+00:00,,,,,,,,0.6599999999999999,0.66,,10.0,2,False
2026-03-12 20:09:30+00:00,,,,,,,,0.6599999999999999,0.66,,0.0,0,False
2026-03-12 20:10:00+00:00,,,,,,,,0.65,0.65,,40.0,1,False
2026-03-12 20:10:30+00:00,,,,,,,,0.65,0.65,,36.0,1,False
2026-03-12 20:11:00+00:00,,,,,,,,0.6500000000000001,0.65,,209.0,3,False
2026-03-12 20:11:30+00:00,,,,,,,,0.6500000000000001,0.65,,0.0,0,False
2026-03-12 20:12:00+00:00,,,,,,,,0.6500000000000001,0.65,,0.0,0,False
2026-03-12 20:12:30+00:00,,,,,,,,0.6581818181818182,0.66,,55.0,4,False
2026-03-12 20:13:00+00:00,,,,,,,,0.65,0.65,,10.0,1,False
2026-03-12 20:13:30+00:00,,,,,,,,0.65,0.65,,81.0,1,False
2026-03-12 20:14:00+00:00,,,,,,,,0.65,0.65,,9459.0,3,False
2026-03-12 20:14:30+00:00,,,,,,,,0.65,0.65,,0.0,0,False
2026-03-12 20:15:00+00:00,,,,,,,,0.6599999999999999,0.6599999999999999,,180.0,1,False
2026-03-12 20:15:30+00:00,,,,,,,,0.6504020100502513,0.65,,2388.0,2,False
2026-03-12 20:16:00+00:00,,,,,,,,0.6504020100502513,0.65,,0.0,0,False
2026-03-12 20:16:30+00:00,,,,,,,,0.6504020100502513,0.65,,0.0,0,False
2026-03-12 20:17:00+00:00,,,,,,,,0.6687912087912088,0.67,,182.0,4,False
2026-03-12 20:17:30+00:00,,,,,,,,0.65,0.65,,200.0,1,False
2026-03-12 20:18:00+00:00,,,,,,,,0.65,0.65,,1.0,1,False
2026-03-12 20:18:30+00:00,,,,,,,,0.65,0.65,,0.0,0,False
2026-03-12 20:19:00+00:00,,,,,,,,0.65,0.65,,39.0,1,False
2026-03-12 20:19:30+00:00,,,,,,,,0.65,0.65,,40.0,1,False
2026-03-12 20:20:00+00:00,,,,,,,,0.65,0.65,,29.0,3,False
2026-03-12 20:20:30+00:00,,,,,,,,0.65,0.65,,0.0,0,False
2026-03-12 20:21:00+00:00,,,,,,,,0.65,0.65,,0.0,0,False
2026-03-12 20:21:30+00:00,,,,,,,,0.6513333333333333,0.65,,75.0,3,False
2026-03-12 20:22:00+00:00,,,,,,,,0.67,0.67,,9.0,2,False
2026-03-12 20:22:30+00:00,,,,,,,,0.65,0.65,,136.0,1,False
2026-03-12 20:23:00+00:00,,,,,,,,0.65,0.65,,8.0,1,False
2026-03-12 20:23:30+00:00,,,,,,,,0.6529166666666667,0.65,,48.0,3,False
2026-03-12 20:24:00+00:00,,,,,,,,0.6529166666666667,0.65,,0.0,0,False
2026-03-12 20:24:30+00:00,,,,,,,,0.6529166666666667,0.65,,0.0,0,False
2026-03-12 20:25:00+00:00,,,,,,,,0.67,0.67,,7.0,1,False
2026-03-12 20:25:30+00:00,,,,,,,,0.67,0.67,,444.0,3,False
2026-03-12 20:26:00+00:00,,,,,,,,0.65,0.65,,290.0,2,False
2026-03-12 20:26:30+00:00,,,,,,,,0.6638461538461539,0.67,,26.0,2,False
2026-03-12 20:27:00+00:00,,,,,,,,0.65,0.65,,27.0,1,False
2026-03-12 20:27:30+00:00,,,,,,,,0.6603703703703704,0.67,,27.0,2,False
2026-03-12 20:28:00+00:00,,,,,,,,0.6555128205128206,0.65,,156.0,3,False
2026-03-12 20:28:30+00:00,,,,,,,,0.6546666666666667,0.65,,30.0,2,False
2026-03-12 20:29:00+00:00,,,,,,,,0.6546666666666667,0.65,,0.0,0,False
2026-03-12 20:29:30+00:00,,,,,,,,0.6546666666666667,0.65,,0.0,0,False
2026-03-12 20:30:00+00:00,,,,,,,,0.654423076923077,0.67,,520.0,2,False
2026-03-12 20:30:30+00:00,,,,,,,,0.654423076923077,0.67,,0.0,0,False
2026-03-12 20:31:00+00:00,,,,,,,,0.654423076923077,0.67,,0.0,0,False
2026-03-12 20:31:30+00:00,,,,,,,,0.67,0.67,,144.0,1,False
2026-03-12 20:32:00+00:00,,,,,,,,0.67,0.67,,0.0,0,False
2026-03-12 20:32:30+00:00,,,,,,,,0.67,0.67,,7.0,1,False
2026-03-12 20:33:00+00:00,,,,,,,,0.67,0.67,,0.0,0,False
2026-03-12 20:33:30+00:00,,,,,,,,0.6637799043062201,0.67,,209.0,2,False
2026-03-12 20:34:00+00:00,,,,,,,,0.65,0.65,,101.0,1,False
2026-03-12 20:34:30+00:00,,,,,,,,0.65,0.65,,135.0,1,False
2026-03-12 20:35:00+00:00,,,,,,,,0.6514285714285715,0.67,,14.0,2,False
2026-03-12 20:35:30+00:00,,,,,,,,0.6514285714285715,0.67,,0.0,0,False
2026-03-12 20:36:00+00:00,,,,,,,,0.6514285714285715,0.67,,0.0,0,False
2026-03-12 20:36:30+00:00,,,,,,,,0.6514285714285715,0.67,,0.0,0,False
2026-03-12 20:37:00+00:00,,,,,,,,0.6500000000000001,0.65,,13.0,1,False
2026-03-12 20:37:30+00:00,,,,,,,,0.6500000000000001,0.65,,13.0,1,False
2026-03-12 20:38:00+00:00,,,,,,,,0.65,0.65,,136.0,1,False
2026-03-12 20:38:30+00:00,,,,,,,,0.65,0.65,,1.0,1,False
2026-03-12 20:39:00+00:00,,,,,,,,0.65,0.65,,54.0,1,False
2026-03-12 20:39:30+00:00,,,,,,,,0.65,0.65,,0.0,0,False
2026-03-12 20:40:00+00:00,,,,,,,,0.67,0.67,,72.0,1,False
2026-03-12 20:40:30+00:00,,,,,,,,0.657,0.67,,20.0,2,False
2026-03-12 20:41:00+00:00,,,,,,,,0.657,0.67,,0.0,0,False
2026-03-12 20:41:30+00:00,,,,,,,,0.65,0.65,,5.0,1,False
2026-03-12 20:42:00+00:00,,,,,,,,0.65,0.65,,0.0,0,False
2026-03-12 20:42:30+00:00,,,,,,,,0.657,0.65,,20.0,2,False
2026-03-12 20:43:00+00:00,,,,,,,,0.6607482993197279,0.67,,294.0,4,False
2026-03-12 20:43:30+00:00,,,,,,,,0.6500000000000001,0.65,,13.0,1,False
2026-03-12 20:44:00+00:00,,,,,,,,0.6500000000000001,0.65,,0.0,0,False
2026-03-12 20:44:30+00:00,,,,,,,,0.6500000000000001,0.65,,0.0,0,False
2026-03-12 20:45:00+00:00,,,,,,,,0.6500000000000001,0.65,,0.0,0,False
2026-03-12 20:45:30+00:00,,,,,,,,0.67,0.67,,28.0,1,False
2026-03-12 20:46:00+00:00,,,,,,,,0.65,0.65,,54.0,1,False
2026-03-12 20:46:30+00:00,,,,,,,,0.67,0.67,,160.0,2,False
2026-03-12 20:47:00+00:00,,,,,,,,0.6500000000000001,0.65,,13.0,1,False
2026-03-12 20:47:30+00:00,,,,,,,,0.65,0.65,,27.0,1,False
2026-03-12 20:48:00+00:00,,,,,,,,0.65,0.65,,0.0,0,False
2026-03-12 20:48:30+00:00,,,,,,,,0.65,0.65,,0.0,0,False
2026-03-12 20:49:00+00:00,,,,,,,,0.65,0.65,,20.0,1,False
2026-03-12 20:49:30+00:00,,,,,,,,0.65,0.65,,65.0,1,False
2026-03-12 20:50:00+00:00,,,,,,,,0.67,0.67,,22.0,1,False
2026-03-12 20:50:30+00:00,,,,,,,,0.65,0.65,,67.0,1,False
2026-03-12 20:51:00+00:00,,,,,,,,0.6666666666666666,0.65,,12.0,2,False
2026-03-12 20:51:30+00:00,,,,,,,,0.65,0.65,,81.0,1,False
2026-03-12 20:52:00+00:00,,,,,,,,0.66,0.66,,59.0,1,False
2026-03-12 20:52:30+00:00,,,,,,,,0.65,0.65,,5.0,1,False
2026-03-12 20:53:00+00:00,,,,,,,,0.65,0.65,,0.0,0,False
2026-03-12 20:53:30+00:00,,,,,,,,0.66,0.66,,59.0,1,False
2026-03-12 20:54:00+00:00,,,,,,,,0.66,0.66,,0.0,0,False
2026-03-12 20:54:30+00:00,,,,,,,,0.66,0.66,,0.0,0,False
2026-03-12 20:55:00+00:00,,,,,,,,0.6541176470588236,0.66,,17.0,3,False
2026-03-12 20:55:30+00:00,,,,,,,,0.6500000000000001,0.65,,15.0,2,False
2026-03-12 20:56:00+00:00,,,,,,,,0.65,0.65,,1.0,1,False
2026-03-12 20:56:30+00:00,,,,,,,,0.6511805555555557,0.67,,144.0,4,False
2026-03-12 20:57:00+00:00,,,,,,,,0.6511805555555557,0.67,,0.0,0,False
2026-03-12 20:57:30+00:00,,,,,,,,0.6500000000000001,0.65,,13.0,1,False
2026-03-12 20:58:00+00:00,,,,,,,,0.6568852459016393,0.65,,61.0,2,False
2026-03-12 20:58:30+00:00,,,,,,,,0.67,0.67,,10.0,1,False
2026-03-12 20:59:00+00:00,,,,,,,,0.67,0.67,,21.0,1,False
2026-03-12 20:59:30+00:00,,,,,,,,0.6522222222222223,0.65,,45.0,2,False
2026-03-12 21:00:00+00:00,,,,,,,,0.67,0.67,,94.0,1,False
2026-03-12 21:00:30+00:00,,,,,,,,0.6682608695652175,0.67,,23.0,2,False
2026-03-12 21:01:00+00:00,,,,,,,,0.6500000000000001,0.65,,26.0,1,False
2026-03-12 21:01:30+00:00,,,,,,,,0.65,0.65,,37.0,2,False
2026-03-12 21:02:00+00:00,,,,,,,,0.65,0.65,,3.0,1,False
2026-03-12 21:02:30+00:00,,,,,,,,0.6596453900709219,0.6599999999999999,,141.0,2,False
2026-03-12 21:03:00+00:00,,,,,,,,0.6596453900709219,0.6599999999999999,,0.0,0,False
2026-03-12 21:03:30+00:00,,,,,,,,0.6596453900709219,0.6599999999999999,,0.0,0,False
2026-03-12 21:04:00+00:00,,,,,,,,0.6512739965095986,0.66,,573.0,2,False
2026-03-12 21:04:30+00:00,,,,,,,,0.6599999999999999,0.6599999999999999,,73.0,1,False
2026-03-12 21:05:00+00:00,,,,,,,,0.67,0.67,,7.0,1,False
2026-03-12 21:05:30+00:00,,,,,,,,0.65,0.65,,40.0,2,False
2026-03-12 21:06:00+00:00,,,,,,,,0.6504040404040404,0.67,,99.0,3,False
2026-03-12 21:06:30+00:00,,,,,,,,0.6504040404040404,0.67,,0.0,0,False
2026-03-12 21:07:00+00:00,,,,,,,,0.65,0.65,,14.0,1,False
2026-03-12 21:07:30+00:00,,,,,,,,0.65,0.65,,6.0,2,False
2026-03-12 21:08:00+00:00,,,,,,,,0.67,0.67,,1.0,1,False
2026-03-12 21:08:30+00:00,,,,,,,,0.67,0.67,,0.0,0,False
2026-03-12 21:09:00+00:00,,,,,,,,0.65,0.65,,136.0,1,False
2026-03-12 21:09:30+00:00,,,,,,,,0.6700000000000002,0.67,,108.0,2,False
2026-03-12 21:10:00+00:00,,,,,,,,0.6700000000000002,0.67,,0.0,0,False
2026-03-12 21:10:30+00:00,,,,,,,,0.65,0.65,,1270.0,2,False
2026-03-12 21:11:00+00:00,,,,,,,,0.6676923076923077,0.65,,26.0,2,False
2026-03-12 21:11:30+00:00,,,,,,,,0.6676923076923077,0.65,,0.0,0,False
2026-03-12 21:12:00+00:00,,,,,,,,0.6593333333333333,0.67,,45.0,2,False
2026-03-12 21:12:30+00:00,,,,,,,,0.65,0.65,,32.0,2,False
2026-03-12 21:13:00+00:00,,,,,,,,0.65,0.65,,94.0,2,False
2026-03-12 21:13:30+00:00,,,,,,,,0.65,0.65,,290.0,2,False
2026-03-12 21:14:00+00:00,,,,,,,,0.65,0.65,,5.0,1,False
2026-03-12 21:14:30+00:00,,,,,,,,0.6500000000000001,0.65,,52.0,1,False
2026-03-12 21:15:00+00:00,,,,,,,,0.6500000000000001,0.65,,0.0,0,False
2026-03-12 21:15:30+00:00,,,,,,,,0.65,0.65,,72.0,2,False
2026-03-12 21:16:00+00:00,,,,,,,,0.65,0.65,,0.0,0,False
2026-03-12 21:16:30+00:00,,,,,,,,0.65,0.65,,92.0,4,False
2026-03-12 21:17:00+00:00,,,,,,,,0.67,0.67,,1.0,1,False
2026-03-12 21:17:30+00:00,,,,,,,,0.65,0.65,,5.0,1,False
2026-03-12 21:18:00+00:00,,,,,,,,0.65,0.65,,0.0,0,False
2026-03-12 21:18:30+00:00,,,,,,,,0.65,0.65,,8.0,1,False
2026-03-12 21:19:00+00:00,,,,,,,,0.65,0.65,,0.0,0,False
2026-03-12 21:19:30+00:00,,,,,,,,0.65,0.65,,0.0,0,False
2026-03-12 21:20:00+00:00,,,,,,,,0.65,0.65,,0.0,0,False
2026-03-12 21:20:30+00:00,,,,,,,,0.65,0.65,,135.0,1,False
2026-03-12 21:21:00+00:00,,,,,,,,0.65,0.65,,0.0,0,False
2026-03-12 21:21:30+00:00,,,,,,,,0.65,0.65,,1101.0,2,False
2026-03-12 21:22:00+00:00,,,,,,,,0.67,0.67,,16.0,1,False
2026-03-12 21:22:30+00:00,,,,,,,,0.67,0.67,,7.0,1,False
2026-03-12 21:23:00+00:00,,,,,,,,0.67,0.67,,0.0,0,False
2026-03-12 21:23:30+00:00,,,,,,,,0.6631578947368422,0.67,,38.0,2,False
2026-03-12 21:24:00+00:00,,,,,,,,0.6631578947368422,0.67,,0.0,0,False
2026-03-12 21:24:30+00:00,,,,,,,,0.6631578947368422,0.67,,0.0,0,False
2026-03-12 21:25:00+00:00,,,,,,,,0.6633333333333333,0.67,,30.0,2,False
2026-03-12 21:25:30+00:00,,,,,,,,0.6633333333333333,0.67,,0.0,0,False
2026-03-12 21:26:00+00:00,,,,,,,,0.67,0.67,,14.0,1,False
2026-03-12 21:26:30+00:00,,,,,,,,0.65,0.65,,8.0,1,False
2026-03-12 21:27:00+00:00,,,,,,,,0.6623529411764707,0.67,,34.0,3,False
2026-03-12 21:27:30+00:00,,,,,,,,0.67,0.67,,178.0,1,False
2026-03-12 21:28:00+00:00,,,,,,,,0.67,0.67,,0.0,0,False
2026-03-12 21:28:30+00:00,,,,,,,,0.6500354609929078,0.65,,282.0,3,False
2026-03-12 21:29:00+00:00,,,,,,,,0.67,0.67,,72.0,1,False
2026-03-12 21:29:30+00:00,,,,,,,,0.65,0.65,,5.0,1,False
2026-03-12 21:30:00+00:00,,,,,,,,0.65,0.65,,1229.0,1,False
2026-03-12 21:30:30+00:00,,,,,,,,0.6554054054054054,0.67,,37.0,2,False
2026-03-12 21:31:00+00:00,,,,,,,,0.65,0.65,,5.0,1,False
2026-03-12 21:31:30+00:00,,,,,,,,0.67,0.67,,6.0,1,False
2026-03-12 21:32:00+00:00,,,,,,,,0.6527006172839506,0.67,,648.0,4,False
2026-03-12 21:32:30+00:00,,,,,,,,0.65,0.65,,27.0,1,False
2026-03-12 21:33:00+00:00,,,,,,,,0.65,0.65,,64.0,2,False
2026-03-12 21:33:30+00:00,,,,,,,,0.6500000000000001,0.65,,13.0,1,False
2026-03-12 21:34:00+00:00,,,,,,,,0.65,0.65,,100.0,1,False
2026-03-12 21:34:30+00:00,,,,,,,,0.65,0.65,,16.0,1,False
2026-03-12 21:35:00+00:00,,,,,,,,0.65,0.65,,342.0,2,False
2026-03-12 21:35:30+00:00,,,,,,,,0.65,0.65,,0.0,0,False
2026-03-12 21:36:00+00:00,,,,,,,,0.65,0.65,,0.0,0,False
2026-03-12 21:36:30+00:00,,,,,,,,0.66,0.66,,7.0,1,False
2026-03-12 21:37:00+00:00,,,,,,,,0.65,0.65,,35.0,2,False
2026-03-12 21:37:30+00:00,,,,,,,,0.6503846153846153,0.66,,104.0,2,False
2026-03-12 21:38:00+00:00,,,,,,,,0.6503846153846153,0.66,,0.0,0,False
2026-03-12 21:38:30+00:00,,,,,,,,0.6500267379679144,0.65,,374.0,3,False
2026-03-12 21:39:00+00:00,,,,,,,,0.66,0.66,,287.0,1,False
2026-03-12 21:39:30+00:00,,,,,,,,0.6500000000000001,0.65,,264.0,2,False
2026-03-12 21:40:00+00:00,,,,,,,,0.6697041420118344,0.65,,338.0,3,False
2026-03-12 21:40:30+00:00,,,,,,,,0.6697041420118344,0.65,,0.0,0,False
2026-03-12 21:41:00+00:00,,,,,,,,0.650466926070039,0.65,,257.0,3,False
2026-03-12 21:41:30+00:00,,,,,,,,0.6551519337016575,0.65,,724.0,6,False
2026-03-12 21:42:00+00:00,,,,,,,,0.6551519337016575,0.65,,0.0,0,False
2026-03-12 21:42:30+00:00,,,,,,,,0.6500249376558604,0.6599999999999999,,401.0,2,False
2026-03-12 21:43:00+00:00,,,,,,,,0.6521978021978022,0.65,,91.0,2,False
2026-03-12 21:43:30+00:00,,,,,,,,0.6500000000000001,0.65,,543.0,2,False
2026-03-12 21:44:00+00:00,,,,,,,,0.6500000000000001,0.65,,0.0,0,False
2026-03-12 21:44:30+00:00,,,,,,,,0.65,0.65,,324.0,1,False
2026-03-12 21:45:00+00:00,,,,,,,,0.67,0.67,,78.0,2,False
2026-03-12 21:45:30+00:00,,,,,,,,0.67,0.67,,0.0,0,False
2026-03-12 21:46:00+00:00,,,,,,,,0.67,0.67,,0.0,0,False
2026-03-12 21:46:30+00:00,,,,,,,,0.67,0.67,,0.0,0,False
2026-03-12 21:47:00+00:00,,,,,,,,0.6563157894736843,0.67,,19.0,3,False
2026-03-12 21:47:30+00:00,,,,,,,,0.6599999999999999,0.6599999999999999,,1.0,1,False
2026-03-12 21:48:00+00:00,,,,,,,,0.67,0.67,,101.0,1,False
2026-03-12 21:48:30+00:00,,,,,,,,0.6505355493998153,0.67,,1083.0,3,False
2026-03-12 21:49:00+00:00,,,,,,,,0.67,0.67,,14.0,1,False
2026-03-12 21:49:30+00:00,,,,,,,,0.6700000000000002,0.67,,870.0,1,False
2026-03-12 21:50:00+00:00,,,,,,,,0.65,0.65,,36.0,2,False
2026-03-12 21:50:30+00:00,,,,,,,,0.6574074074074076,0.67,,108.0,3,False
2026-03-12 21:51:00+00:00,,,,,,,,0.65,0.65,,55.0,2,False
2026-03-12 21:51:30+00:00,,,,,,,,0.6500000000000001,0.65,,13.0,1,False
2026-03-12 21:52:00+00:00,,,,,,,,0.6628571428571429,0.67,,112.0,2,False
2026-03-12 21:52:30+00:00,,,,,,,,0.6539321608040201,0.65,,796.0,6,False
2026-03-12 21:53:00+00:00,,,,,,,,0.6539321608040201,0.65,,0.0,0,False
2026-03-12 21:53:30+00:00,,,,,,,,0.6692533333333334,0.67,,375.0,3,False
2026-03-12 21:54:00+00:00,,,,,,,,0.6690353697749197,0.67,,311.0,3,False
2026-03-12 21:54:30+00:00,,,,,,,,0.6690909090909092,0.67,,132.0,2,False
2026-03-12 21:55:00+00:00,,,,,,,,0.6690909090909092,0.67,,0.0,0,False
2026-03-12 21:55:30+00:00,,,,,,,,0.65,0.65,,8.0,1,False
2026-03-12 21:56:00+00:00,,,,,,,,0.65,0.65,,23.0,2,False
2026-03-12 21:56:30+00:00,,,,,,,,0.6625925925925926,0.65,,54.0,2,False
2026-03-12 21:57:00+00:00,,,,,,,,0.6683654729109275,0.67,,1089.0,5,False
2026-03-12 21:57:30+00:00,,,,,,,,0.6683654729109275,0.67,,0.0,0,False
2026-03-12 21:58:00+00:00,,,,,,,,0.67,0.67,,71.0,1,False
2026-03-12 21:58:30+00:00,,,,,,,,0.65,0.65,,5.0,1,False
2026-03-12 21:59:00+00:00,,,,,,,,0.6599999999999998,0.6599999999999999,,50.0,1,False
2026-03-12 21:59:30+00:00,,,,,,,,0.67,0.67,,14.0,1,False
2026-03-12 22:00:00+00:00,,,,,,,,0.67,0.67,,0.0,0,False
2026-03-12 22:00:30+00:00,,,,,,,,0.6500000000000001,0.65,,15.0,2,False
2026-03-12 22:01:00+00:00,,,,,,,,0.6500000000000001,0.65,,0.0,0,False
2026-03-12 22:01:30+00:00,,,,,,,,0.6500000000000001,0.65,,0.0,0,False
2026-03-12 22:02:00+00:00,,,,,,,,0.6500000000000001,0.65,,0.0,0,False
2026-03-12 22:02:30+00:00,,,,,,,,0.6686538461538462,0.65,,312.0,2,False
2026-03-12 22:03:00+00:00,,,,,,,,0.67,0.67,,2.0,1,False
2026-03-12 22:03:30+00:00,,,,,,,,0.67,0.67,,0.0,0,False
2026-03-12 22:04:00+00:00,,,,,,,,0.67,0.67,,0.0,0,False
2026-03-12 22:04:30+00:00,,,,,,,,0.67,0.67,,0.0,0,False
2026-03-12 22:05:00+00:00,,,,,,,,0.6500782778864971,0.65,,511.0,4,False
2026-03-12 22:05:30+00:00,,,,,,,,0.65,0.65,,5.0,1,False
2026-03-12 22:06:00+00:00,,,,,,,,0.6683720930232558,0.67,,43.0,2,False
2026-03-12 22:06:30+00:00,,,,,,,,0.6520932642487046,0.67,,965.0,2,False
2026-03-12 22:07:00+00:00,,,,,,,,0.6637313432835821,0.67,,134.0,2,False
2026-03-12 22:07:30+00:00,,,,,,,,0.65,0.65,,27.0,1,False
2026-03-12 22:08:00+00:00,,,,,,,,0.65,0.65,,2.0,1,False
2026-03-12 22:08:30+00:00,,,,,,,,0.65,0.65,,0.0,0,False
2026-03-12 22:09:00+00:00,,,,,,,,0.65,0.65,,40.0,1,False
2026-03-12 22:09:30+00:00,,,,,,,,0.65,0.65,,397.0,2,False
2026-03-12 22:10:00+00:00,,,,,,,,0.67,0.67,,21.0,1,False
2026-03-12 22:10:30+00:00,,,,,,,,0.6528571428571429,0.65,,28.0,2,False
2026-03-12 22:11:00+00:00,,,,,,,,0.65,0.65,,15.0,1,False
2026-03-12 22:11:30+00:00,,,,,,,,0.65,0.65,,148.0,2,False
2026-03-12 22:12:00+00:00,,,,,,,,0.65,0.65,,32.0,2,False
2026-03-12 22:12:30+00:00,,,,,,,,0.65,0.65,,0.0,0,False
2026-03-12 22:13:00+00:00,,,,,,,,0.65,0.65,,0.0,0,False
2026-03-12 22:13:30+00:00,,,,,,,,0.65,0.65,,0.0,0,False
2026-03-12 22:14:00+00:00,,,,,,,,0.65,0.65,,15.0,1,False
2026-03-12 22:14:30+00:00,,,,,,,,0.65,0.65,,43.0,2,False
2026-03-12 22:15:00+00:00,,,,,,,,0.65,0.65,,10.0,1,False
2026-03-12 22:15:30+00:00,,,,,,,,0.6681129476584022,0.67,,726.0,2,False
2026-03-12 22:16:00+00:00,,,,,,,,0.65,0.65,,179.0,3,False
2026-03-12 22:16:30+00:00,,,,,,,,0.65,0.65,,2.0,1,False
2026-03-12 22:17:00+00:00,,,,,,,,0.65,0.65,,101.0,1,False
2026-03-12 22:17:30+00:00,,,,,,,,0.67,0.67,,36.0,1,False
2026-03-12 22:18:00+00:00,,,,,,,,0.6636717892425904,0.6599999999999999,,1822.0,10,False
2026-03-12 22:18:30+00:00,,,,,,,,0.66,0.6599999999999999,,1603.0,3,False
2026-03-12 22:19:00+00:00,,,,,,,,0.6611285266457679,0.6599999999999999,,319.0,3,False
2026-03-12 22:19:30+00:00,,,,,,,,0.6611285266457679,0.6599999999999999,,0.0,0,False
2026-03-12 22:20:00+00:00,,,,,,,,0.67,0.67,,747.0,2,False
2026-03-12 22:20:30+00:00,,,,,,,,0.6599999999999999,0.6599999999999999,,1111.0,1,False
2026-03-12 22:21:00+00:00,,,,,,,,0.6691421029476463,0.6599999999999999,,2273.0,4,False
2026-03-12 22:21:30+00:00,,,,,,,,0.6599999999999999,0.6599999999999999,,11.0,1,False
2026-03-12 22:22:00+00:00,,,,,,,,0.6655540720961282,0.67,,749.0,4,False
2026-03-12 22:22:30+00:00,,,,,,,,0.6627777777777778,0.6599999999999999,,36.0,5,False
2026-03-12 22:23:00+00:00,,,,,,,,0.6599999999999999,0.6599999999999999,,10.0,1,False
2026-03-12 22:23:30+00:00,,,,,,,,0.67,0.67,,13.0,2,False
2026-03-12 22:24:00+00:00,,,,,,,,0.6605147058823528,0.6599999999999999,,136.0,5,False
2026-03-12 22:24:30+00:00,,,,,,,,0.6678260869565218,0.67,,46.0,3,False
2026-03-12 22:25:00+00:00,,,,,,,,0.6599999999999999,0.6599999999999999,,143.0,2,False
2026-03-12 22:25:30+00:00,,,,,,,,0.6599999999999999,0.6599999999999999,,0.0,0,False
2026-03-12 22:26:00+00:00,,,,,,,,0.67,0.67,,65.0,1,False
2026-03-12 22:26:30+00:00,,,,,,,,0.67,0.67,,4.0,1,False
2026-03-12 22:27:00+00:00,,,,,,,,0.6670430107526882,0.6599999999999999,,186.0,3,False
2026-03-12 22:27:30+00:00,,,,,,,,0.67,0.67,,5804.0,2,False
2026-03-12 22:28:00+00:00,,,,,,,,0.6700000000000002,0.67,,198.0,3,False
2026-03-12 22:28:30+00:00,,,,,,,,0.67,0.67,,36.0,1,False
2026-03-12 22:29:00+00:00,,,,,,,,0.6599999999999999,0.6599999999999999,,24.0,1,False
2026-03-12 22:29:30+00:00,,,,,,,,0.660282258064516,0.67,,496.0,5,False
2026-03-12 22:30:00+00:00,,,,,,,,0.6599999999999999,0.6599999999999999,,14.0,1,False
2026-03-12 22:30:30+00:00,,,,,,,,0.67,0.67,,13.0,1,False
2026-03-12 22:31:00+00:00,,,,,,,,0.6601835985312117,0.6599999999999999,,817.0,4,False
2026-03-12 22:31:30+00:00,,,,,,,,0.6601835985312117,0.6599999999999999,,0.0,0,False
2026-03-12 22:32:00+00:00,,,,,,,,0.669813432835821,0.6599999999999999,,804.0,4,False
2026-03-12 22:32:30+00:00,,,,,,,,0.6616666666666666,0.6599999999999999,,12.0,3,False
2026-03-12 22:33:00+00:00,,,,,,,,0.664731182795699,0.6599999999999999,,93.0,4,False
2026-03-12 22:33:30+00:00,,,,,,,,0.6673684210526316,0.67,,19.0,2,False
2026-03-12 22:34:00+00:00,,,,,,,,0.6599999999999999,0.6599999999999999,,345.0,3,False
2026-03-12 22:34:30+00:00,,,,,,,,0.6695710455764076,0.67,,373.0,2,False
2026-03-12 22:35:00+00:00,,,,,,,,0.67,0.67,,12.0,2,False
2026-03-12 22:35:30+00:00,,,,,,,,0.66984375,0.67,,512.0,2,False
2026-03-12 22:36:00+00:00,,,,,,,,0.6628205128205127,0.6599999999999999,,39.0,3,False
2026-03-12 22:36:30+00:00,,,,,,,,0.67,0.67,,12.0,3,False
2026-03-12 22:37:00+00:00,,,,,,,,0.67,0.67,,40.0,1,False
2026-03-12 22:37:30+00:00,,,,,,,,0.6599999999999999,0.6599999999999999,,184.0,3,False
2026-03-12 22:38:00+00:00,,,,,,,,0.6672164948453609,0.67,,291.0,2,False
2026-03-12 22:38:30+00:00,,,,,,,,0.6599999999999999,0.6599999999999999,,27.0,1,False
2026-03-12 22:39:00+00:00,,,,,,,,0.6600677966101693,0.67,,295.0,4,False
2026-03-12 22:39:30+00:00,,,,,,,,0.6657142857142857,0.6599999999999999,,63.0,3,False
2026-03-12 22:40:00+00:00,,,,,,,,0.67,0.67,,72.0,1,False
2026-03-12 22:40:30+00:00,,,,,,,,0.6665454545454544,0.6599999999999999,,110.0,3,False
2026-03-12 22:41:00+00:00,,,,,,,,0.6600394477317555,0.66,,10140.0,4,False
2026-03-12 22:41:30+00:00,,,,,,,,0.667948717948718,0.67,,273.0,2,False
2026-03-12 22:42:00+00:00,,,,,,,,0.67,0.67,,72.0,1,False
2026-03-12 22:42:30+00:00,,,,,,,,0.6616417910447759,0.6599999999999999,,67.0,2,False
2026-03-12 22:43:00+00:00,,,,,,,,0.6630434782608695,0.67,,23.0,2,False
2026-03-12 22:43:30+00:00,,,,,,,,0.6658064516129032,0.6599999999999999,,31.0,3,False
2026-03-12 22:44:00+00:00,,,,,,,,0.6599999999999999,0.6599999999999999,,18.0,2,False
2026-03-12 22:44:30+00:00,,,,,,,,0.6628,0.67,,75.0,3,False
2026-03-12 22:45:00+00:00,,,,,,,,0.6628,0.67,,0.0,0,False
2026-03-12 22:45:30+00:00,,,,,,,,0.6600884955752211,0.67,,113.0,2,False
2026-03-12 22:46:00+00:00,,,,,,,,0.6699999999999999,0.6699999999999999,,191.0,3,False
2026-03-12 22:46:30+00:00,,,,,,,,0.6599999999999999,0.6599999999999999,,30.0,1,False
2026-03-12 22:47:00+00:00,,,,,,,,0.6599999999999999,0.6599999999999999,,0.0,0,False
2026-03-12 22:47:30+00:00,,,,,,,,0.6620754716981131,0.67,,53.0,2,False
2026-03-12 22:48:00+00:00,,,,,,,,0.67,0.67,,362.0,1,False
2026-03-12 22:48:30+00:00,,,,,,,,0.67,0.67,,3059.0,2,False
2026-03-12 22:49:00+00:00,,,,,,,,0.6690909090909092,0.67,,154.0,2,False
2026-03-12 22:49:30+00:00,,,,,,,,0.6629787234042553,0.6599999999999999,,47.0,4,False
2026-03-12 22:50:00+00:00,,,,,,,,0.67,0.67,,12.0,1,False
2026-03-12 22:50:30+00:00,,,,,,,,0.6667857142857143,0.67,,168.0,4,False
2026-03-12 22:51:00+00:00,,,,,,,,0.67,0.67,,1.0,1,False
2026-03-12 22:51:30+00:00,,,,,,,,0.6698327759197326,0.6599999999999999,,299.0,3,False
2026-03-12 22:52:00+00:00,,,,,,,,0.6601550387596898,0.6599999999999999,,129.0,4,False
2026-03-12 22:52:30+00:00,,,,,,,,0.6601550387596898,0.6599999999999999,,0.0,0,False
2026-03-12 22:53:00+00:00,,,,,,,,0.6622635135135135,0.67,,592.0,3,False
2026-03-12 22:53:30+00:00,,,,,,,,0.6599999999999999,0.6599999999999999,,8.0,1,False
2026-03-12 22:54:00+00:00,,,,,,,,0.6599999999999999,0.6599999999999999,,36.0,2,False
2026-03-12 22:54:30+00:00,,,,,,,,0.6599999999999999,0.6599999999999999,,52.0,2,False
2026-03-12 22:55:00+00:00,,,,,,,,0.6599999999999999,0.6599999999999999,,2.0,1,False
2026-03-12 22:55:30+00:00,,,,,,,,0.6599999999999999,0.6599999999999999,,2.0,1,False
2026-03-12 22:56:00+00:00,,,,,,,,0.6609656652360514,0.67,,466.0,3,False
2026-03-12 22:56:30+00:00,,,,,,,,0.6609656652360514,0.67,,0.0,0,False
2026-03-12 22:57:00+00:00,,,,,,,,0.6607407407407406,0.6599999999999999,,135.0,4,False
2026-03-12 22:57:30+00:00,,,,,,,,0.6599999999999999,0.6599999999999999,,36.0,1,False
2026-03-12 22:58:00+00:00,,,,,,,,0.6609459459459458,0.67,,74.0,2,False
2026-03-12 22:58:30+00:00,,,,,,,,0.6623333333333332,0.6599999999999999,,30.0,3,False
2026-03-12 22:59:00+00:00,,,,,,,,0.6623809523809524,0.67,,420.0,3,False
2026-03-12 22:59:30+00:00,,,,,,,,0.6622857142857144,0.6599999999999999,,35.0,5,False
2026-03-12 23:00:00+00:00,,,,,,,,0.6599999999999999,0.6599999999999999,,33.0,1,False
2026-03-12 23:00:30+00:00,,,,,,,,0.6609090909090908,0.67,,154.0,3,False
2026-03-12 23:01:00+00:00,,,,,,,,0.6599999999999998,0.6599999999999999,,955.0,3,False
2026-03-12 23:01:30+00:00,,,,,,,,0.6599999999999999,0.6599999999999999,,731.0,3,False
2026-03-12 23:02:00+00:00,,,,,,,,0.6644444444444445,0.67,,9.0,2,False
2026-03-12 23:02:30+00:00,,,,,,,,0.6600961538461537,0.6599999999999999,,728.0,4,False
2026-03-12 23:03:00+00:00,,,,,,,,0.67,0.67,,1468.0,2,False
2026-03-12 23:03:30+00:00,,,,,,,,0.6599999999999999,0.6599999999999999,,590.0,2,False
2026-03-12 23:04:00+00:00,,,,,,,,0.6599999999999999,0.6599999999999999,,545.0,2,False
2026-03-12 23:04:30+00:00,,,,,,,,0.6599999999999999,0.6599999999999999,,27.0,1,False
2026-03-12 23:05:00+00:00,,,,,,,,0.6659016393442623,0.6599999999999999,,244.0,2,False
2026-03-12 23:05:30+00:00,,,,,,,,0.6696805421103582,0.6599999999999999,,3099.0,4,False
2026-03-12 23:06:00+00:00,,,,,,,,0.6699087591240876,0.67,,548.0,3,False
2026-03-12 23:06:30+00:00,,,,,,,,0.67,0.67,,4064.0,6,False
2026-03-12 23:07:00+00:00,,,,,,,,0.6637305699481865,0.67,,193.0,4,False
2026-03-12 23:07:30+00:00,,,,,,,,0.6685925925925926,0.6599999999999999,,1485.0,7,False
2026-03-12 23:08:00+00:00,,,,,,,,0.67,0.67,,144.0,1,False
2026-03-12 23:08:30+00:00,,,,,,,,0.6652542372881355,0.6599999999999999,,59.0,2,False
2026-03-12 23:09:00+00:00,,,,,,,,0.6692857142857143,0.67,,896.0,4,False
2026-03-12 23:09:30+00:00,,,,,,,,0.6643115942028985,0.67,,276.0,6,False
2026-03-12 23:10:00+00:00,,,,,,,,0.6599999999999999,0.6599999999999999,,16.0,2,False
2026-03-12 23:10:30+00:00,,,,,,,,0.6599999999999999,0.6599999999999999,,2.0,1,False
2026-03-12 23:11:00+00:00,,,,,,,,0.67,0.67,,700.0,5,False
2026-03-12 23:11:30+00:00,,,,,,,,0.6700000000000002,0.67,,392.0,2,False
2026-03-12 23:12:00+00:00,,,,,,,,0.6637894736842104,0.6599999999999999,,190.0,4,False
2026-03-12 23:12:30+00:00,,,,,,,,0.66675,0.67,,40.0,2,False
2026-03-12 23:13:00+00:00,,,,,,,,0.6599999999999999,0.6599999999999999,,215.0,3,False
2026-03-12 23:13:30+00:00,,,,,,,,0.6603168413356081,0.6599999999999999,,4103.0,7,False
2026-03-12 23:14:00+00:00,,,,,,,,0.6599999999999999,0.6599999999999999,,13.0,1,False
2026-03-12 23:14:30+00:00,,,,,,,,0.6599999999999999,0.6599999999999999,,0.0,0,False
2026-03-12 23:15:00+00:00,,,,,,,,0.6599999999999999,0.6599999999999999,,143.0,2,False
2026-03-12 23:15:30+00:00,,,,,,,,0.6640336134453781,0.6599999999999999,,119.0,4,False
2026-03-12 23:16:00+00:00,,,,,,,,0.6600973499188749,0.6599999999999999,,1849.0,6,False
2026-03-12 23:16:30+00:00,,,,,,,,0.67,0.67,,80.0,3,False
2026-03-12 23:17:00+00:00,,,,,,,,0.6599999999999999,0.6599999999999999,,35.0,2,False
2026-03-12 23:17:30+00:00,,,,,,,,0.6699999999999999,0.67,,57.0,2,False
2026-03-12 23:18:00+00:00,,,,,,,,0.6672727272727274,0.6599999999999999,,99.0,2,False
2026-03-12 23:18:30+00:00,,,,,,,,0.6602121212121211,0.6699999999999999,,660.0,5,False
2026-03-12 23:19:00+00:00,,,,,,,,0.6602121212121211,0.6699999999999999,,0.0,0,False
2026-03-12 23:19:30+00:00,,,,,,,,0.6599999999999999,0.6599999999999999,,16.0,1,False
2026-03-12 23:20:00+00:00,,,,,,,,0.6618032786885245,0.6699999999999999,,122.0,3,False
2026-03-12 23:20:30+00:00,,,,,,,,0.67,0.67,,108.0,2,False
2026-03-12 23:21:00+00:00,,,,,,,,0.6622118380062304,0.67,,642.0,2,False
2026-03-12 23:21:30+00:00,,,,,,,,0.6599999999999999,0.6599999999999999,,529.0,3,False
2026-03-12 23:22:00+00:00,,,,,,,,0.6605454545454545,0.6599999999999999,,55.0,3,False
2026-03-12 23:22:30+00:00,,,,,,,,0.67,0.67,,5.0,1,False
2026-03-12 23:23:00+00:00,,,,,,,,0.6599999999999999,0.6599999999999999,,102.0,4,False
2026-03-12 23:23:30+00:00,,,,,,,,0.660597014925373,0.67,,67.0,3,False
2026-03-12 23:24:00+00:00,,,,,,,,0.6600576923076923,0.67,,3640.0,5,False
2026-03-12 23:24:30+00:00,,,,,,,,0.67,0.67,,36.0,2,False
2026-03-12 23:25:00+00:00,,,,,,,,0.6699724517906337,0.67,,726.0,2,False
2026-03-12 23:25:30+00:00,,,,,,,,0.669585062240664,0.67,,241.0,7,False
2026-03-12 23:26:00+00:00,,,,,,,,0.67,0.67,,182.0,4,False
2026-03-12 23:26:30+00:00,,,,,,,,0.6599999999999998,0.6599999999999999,,2812.0,3,False
2026-03-12 23:27:00+00:00,,,,,,,,0.6599999999999999,0.6599999999999999,,152.0,1,False
2026-03-12 23:27:30+00:00,,,,,,,,0.6599999999999999,0.6599999999999999,,70.0,1,False
2026-03-12 23:28:00+00:00,,,,,,,,0.6699999999999999,0.6699999999999999,,8.0,2,False
2026-03-12 23:28:30+00:00,,,,,,,,0.6670042194092827,0.67,,237.0,4,False
2026-03-12 23:29:00+00:00,,,,,,,,0.66925,0.6599999999999999,,240.0,4,False
2026-03-12 23:29:30+00:00,,,,,,,,0.6699259807549963,0.67,,1351.0,4,False
2026-03-12 23:30:00+00:00,,,,,,,,0.666060606060606,0.67,,33.0,6,False
2026-03-12 23:30:30+00:00,,,,,,,,0.6699900793650794,0.67,,2016.0,4,False
2026-03-12 23:31:00+00:00,,,,,,,,0.6611501597444088,0.6599999999999999,,313.0,2,False
2026-03-12 23:31:30+00:00,,,,,,,,0.67,0.67,,36.0,1,False
2026-03-12 23:32:00+00:00,,,,,,,,0.67,0.67,,60.0,2,False
2026-03-12 23:32:30+00:00,,,,,,,,0.6669565217391304,0.6599999999999999,,299.0,5,False
2026-03-12 23:33:00+00:00,,,,,,,,0.6603571428571426,0.6599999999999999,,28.0,2,False
2026-03-12 23:33:30+00:00,,,,,,,,0.664126213592233,0.68,,412.0,4,False
2026-03-12 23:34:00+00:00,,,,,,,,0.6781818181818182,0.6599999999999999,,66.0,5,False
2026-03-12 23:34:30+00:00,,,,,,,,0.68,0.68,,215.0,1,False
2026-03-12 23:35:00+00:00,,,,,,,,0.68,0.68,,0.0,0,False
2026-03-12 23:35:30+00:00,,,,,,,,0.6763380281690141,0.6599999999999999,,71.0,3,False
2026-03-12 23:36:00+00:00,,,,,,,,0.66,0.6599999999999999,,298.0,3,False
2026-03-12 23:36:30+00:00,,,,,,,,0.663362831858407,0.68,,226.0,6,False
2026-03-12 23:37:00+00:00,,,,,,,,0.6648275862068965,0.6699999999999999,,551.0,9,False
2026-03-12 23:37:30+00:00,,,,,,,,0.6599999999999999,0.6599999999999999,,1412.0,2,False
2026-03-12 23:38:00+00:00,,,,,,,,0.6599999999999999,0.6599999999999999,,0.0,0,False
2026-03-12 23:38:30+00:00,,,,,,,,0.68,0.68,,672.0,1,False
2026-03-12 23:39:00+00:00,,,,,,,,0.6699999999999999,0.6699999999999999,,112.0,1,False
2026-03-12 23:39:30+00:00,,,,,,,,0.68,0.68,,39.0,2,False
2026-03-12 23:40:00+00:00,,,,,,,,0.6789285714285713,0.6699999999999999,,56.0,2,False
2026-03-12 23:40:30+00:00,,,,,,,,0.68,0.68,,142.0,1,False
2026-03-12 23:41:00+00:00,,,,,,,,0.6799999999999999,0.6799999999999999,,1.0,1,False
2026-03-12 23:41:30+00:00,,,,,,,,0.6775,0.6699999999999999,,56.0,3,False
2026-03-12 23:42:00+00:00,,,,,,,,0.671111111111111,0.6699999999999999,,18.0,3,False
2026-03-12 23:42:30+00:00,,,,,,,,0.6717948717948717,0.6699999999999999,,78.0,5,False
2026-03-12 23:43:00+00:00,,,,,,,,0.6647222222222221,0.6599999999999999,,36.0,4,False
2026-03-12 23:43:30+00:00,,,,,,,,0.68,0.68,,24.0,2,False
2026-03-12 23:44:00+00:00,,,,,,,,0.6737971014492754,0.6599999999999999,,1035.0,4,False
2026-03-12 23:44:30+00:00,,,,,,,,0.67,0.67,,5.0,1,False
2026-03-12 23:45:00+00:00,,,,,,,,0.6798300653594772,0.68,,1530.0,5,False
2026-03-12 23:45:30+00:00,,,,,,,,0.6599999999999999,0.6599999999999999,,3.0,1,False
2026-03-12 23:46:00+00:00,,,,,,,,0.68,0.68,,620.0,3,False
2026-03-12 23:46:30+00:00,,,,,,,,0.669767441860465,0.68,,43.0,2,False
2026-03-12 23:47:00+00:00,,,,,,,,0.675,0.6599999999999999,,20.0,2,False
2026-03-12 23:47:30+00:00,,,,,,,,0.6655927475592747,0.67,,1434.0,4,False
2026-03-12 23:48:00+00:00,,,,,,,,0.6672335025380711,0.67,,394.0,5,False
2026-03-12 23:48:30+00:00,,,,,,,,0.6609633911368015,0.6599999999999999,,1038.0,8,False
2026-03-12 23:49:00+00:00,,,,,,,,0.6629230769230768,0.67,,195.0,2,False
2026-03-12 23:49:30+00:00,,,,,,,,0.6604216867469878,0.6599999999999999,,166.0,5,False
2026-03-12 23:50:00+00:00,,,,,,,,0.663780487804878,0.6599999999999999,,328.0,8,False
2026-03-12 23:50:30+00:00,,,,,,,,0.6637704918032786,0.6599999999999999,,305.0,7,False
2026-03-12 23:51:00+00:00,,,,,,,,0.6637073170731707,0.66,,205.0,9,False
2026-03-12 23:51:30+00:00,,,,,,,,0.6599999999999999,0.6599999999999999,,958.0,13,False
2026-03-12 23:52:00+00:00,,,,,,,,0.6599999999999999,0.6599999999999999,,80.0,4,False
2026-03-12 23:52:30+00:00,,,,,,,,0.6599999999999999,0.6599999999999999,,674.0,9,False
2026-03-12 23:53:00+00:00,,,,,,,,0.66,0.6599999999999999,,1629.0,6,False
2026-03-12 23:53:30+00:00,,,,,,,,0.66,0.6599999999999999,,648.0,4,False
2026-03-12 23:54:00+00:00,,,,,,,,0.66,0.6599999999999999,,346.0,6,False
2026-03-12 23:54:30+00:00,,,,,,,,0.66,0.66,,3338.0,4,False
2026-03-12 23:55:00+00:00,,,,,,,,0.6599999999999999,0.66,,1258.0,9,False
2026-03-12 23:55:30+00:00,,,,,,,,0.66,0.66,,150.0,4,False
2026-03-12 23:56:00+00:00,,,,,,,,0.6599999999999999,0.66,,792.0,6,False
2026-03-12 23:56:30+00:00,,,,,,,,0.6599999999999999,0.66,,97.0,4,False
2026-03-12 23:57:00+00:00,,,,,,,,0.66,0.6599999999999999,,713.0,5,False
2026-03-12 23:57:30+00:00,,,,,,,,0.6548979591836734,0.65,,98.0,2,False
2026-03-12 23:58:00+00:00,,,,,,,,0.65,0.65,,145.0,2,False
2026-03-12 23:58:30+00:00,,,,,,,,0.6524798927613943,0.66,,746.0,6,False
2026-03-12 23:59:00+00:00,,,,,,,,0.6558766859344893,0.65,,519.0,4,False
2026-03-12 23:59:30+00:00,,,,,,,,0.6519450748978666,0.66,,4406.0,8,False
2026-03-13 00:00:00+00:00,,,,,,,,0.6501392880831306,0.66,,4523.0,8,False
2026-03-13 00:00:30+00:00,,,,,,,,0.6600000000000001,0.66,,218.0,5,False
2026-03-13 00:01:00+00:00,,,,,,,,0.6567190775681342,0.66,,954.0,7,False
2026-03-13 00:01:30+00:00,,,,,,,,0.6504276315789473,0.65,,3952.0,4,False
2026-03-13 00:02:00+00:00,,,,,,,,0.6501752628943416,0.6599999999999999,,5991.0,10,False
2026-03-13 00:02:30+00:00,,,,,,,,0.6585241869363214,0.66,,3659.0,10,False
2026-03-13 00:03:00+00:00,,,,,,,,0.6554158964879853,0.66,,1082.0,10,False
2026-03-13 00:03:30+00:00,,,,,,,,0.6594283445811829,0.66,,2519.0,13,False
2026-03-13 00:04:00+00:00,,,,,,,,0.6567015050167224,0.66,,2392.0,5,False
2026-03-13 00:04:30+00:00,,,,,,,,0.65,0.65,,137.0,2,False
2026-03-13 00:05:00+00:00,,,,,,,,0.6595926589077887,0.65,,6702.0,11,False
2026-03-13 00:05:30+00:00,,,,,,,,0.6534788189987163,0.65,,779.0,9,False
2026-03-13 00:06:00+00:00,,,,,,,,0.6560855263157895,0.65,,912.0,3,False
2026-03-13 00:06:30+00:00,,,,,,,,0.65169626676332,0.65,,2759.0,16,False
2026-03-13 00:07:00+00:00,,,,,,,,0.6541463414634147,0.66,,82.0,4,False
2026-03-13 00:07:30+00:00,,,,,,,,0.6595806451612902,0.65,,1550.0,10,False
2026-03-13 00:08:00+00:00,,,,,,,,0.656813559322034,0.66,,295.0,6,False
2026-03-13 00:08:30+00:00,,,,,,,,0.6573873873873873,0.66,,444.0,8,False
2026-03-13 00:09:00+00:00,,,,,,,,0.6538304552590268,0.65,,637.0,7,False
2026-03-13 00:09:30+00:00,,,,,,,,0.650272103985145,0.66,,14002.0,8,False
2026-03-13 00:10:00+00:00,,,,,,,,0.6560078125000001,0.65,,1280.0,9,False
2026-03-13 00:10:30+00:00,,,,,,,,0.6573978873239436,0.6599999999999999,,2840.0,10,False
2026-03-13 00:11:00+00:00,13.0,1.0,11:47,2.0,0.0,2.0,0.5569999999999999,0.6702075919335706,0.6799999999999999,0.11320759193357066,1686.0,19,False
2026-03-13 00:11:30+00:00,26.0,1.0,11:34,2.0,0.0,2.0,0.5800000000000001,0.6692062634989201,0.67,0.08920626349892002,1852.0,17,False
2026-03-13 00:12:00+00:00,50.0,1.0,11:10,2.0,0.0,2.0,0.562,0.68033037653874,0.68,0.1183303765387399,11048.0,30,False
2026-03-13 00:12:30+00:00,74.0,1.0,10:46,2.0,0.0,2.0,0.5800000000000001,0.699716781365802,0.7,0.11971678136580188,7556.0,24,False
2026-03-13 00:13:00+00:00,96.0,1.0,10:24,4.0,0.0,4.0,0.606,0.6932053422370618,0.7,0.08720534223706178,599.0,12,False
2026-03-13 00:13:30+00:00,104.0,1.0,10:16,4.0,0.0,4.0,0.624,0.699838249286394,0.6799999999999999,0.07583824928639404,2102.0,15,False
2026-03-13 00:14:00+00:00,126.0,1.0,9:54,4.0,0.0,4.0,0.569,0.6777364185110663,0.6699999999999999,0.1087364185110663,1988.0,26,False
2026-03-13 00:14:30+00:00,126.0,1.0,9:54,4.0,1.0,3.0,0.607,0.6866683070866142,0.7,0.07966830708661421,2032.0,26,False
2026-03-13 00:15:00+00:00,147.0,1.0,9:33,6.0,1.0,5.0,0.631,0.6958476931628682,0.73,0.0648476931628682,1799.0,25,True
2026-03-13 00:15:30+00:00,156.0,1.0,9:24,6.0,1.0,5.0,0.634,0.7174645344338404,0.74,0.08346453443384039,3877.0,38,True
2026-03-13 00:16:00+00:00,178.0,1.0,9:02,9.0,1.0,8.0,0.7010000000000001,0.7453016694575533,0.75,0.044301669457553206,19707.0,29,True
2026-03-13 00:16:30+00:00,178.0,1.0,9:02,9.0,1.0,8.0,0.7010000000000001,0.7491498829039813,0.75,0.048149882903981256,42700.0,26,True
2026-03-13 00:17:00+00:00,178.0,1.0,9:02,9.0,1.0,8.0,0.7010000000000001,0.7332307692307692,0.74,0.032230769230769174,1625.0,14,False
2026-03-13 00:17:30+00:00,178.0,1.0,9:02,9.0,1.0,8.0,0.7010000000000001,0.7382410051399201,0.74,0.037241005139920014,1751.0,14,False
2026-03-13 00:18:00+00:00,178.0,1.0,9:02,9.0,1.0,8.0,0.7010000000000001,0.7394281987172517,0.73,0.03842819871725167,9199.0,19,False
2026-03-13 00:18:30+00:00,178.0,1.0,9:02,9.0,1.0,8.0,0.7010000000000001,0.7392236135957067,0.77,0.038223613595706585,2795.0,19,False
2026-03-13 00:19:00+00:00,196.0,1.0,8:44,9.0,1.0,8.0,0.702,0.7442857142857143,0.74,0.04228571428571437,574.0,26,False
2026-03-13 00:19:30+00:00,220.0,1.0,8:20,9.0,3.0,6.0,0.6799999999999999,0.7479548022598871,0.75,0.06795480225988715,885.0,19,False
2026-03-13 00:20:00+00:00,220.0,1.0,8:20,9.0,3.0,6.0,0.6799999999999999,0.7491694687289845,0.74,0.06916946872898455,2974.0,20,False
2026-03-13 00:20:30+00:00,245.0,1.0,7:55,9.0,3.0,6.0,0.6799999999999999,0.7267697881828317,0.71,0.04676978818283173,3588.0,25,False
2026-03-13 00:21:00+00:00,264.0,1.0,7:36,9.0,5.0,4.0,0.634,0.7177746330546964,0.7,0.08377463305469635,15193.0,26,False
2026-03-13 00:21:30+00:00,294.0,1.0,7:06,9.0,7.0,2.0,0.5820000000000001,0.6826322115384613,0.6799999999999999,0.10063221153846125,1664.0,33,False
2026-03-13 00:22:00+00:00,312.0,1.0,6:48,9.0,7.0,2.0,0.583,0.6885714285714286,0.6799999999999999,0.10557142857142865,679.0,14,False
2026-03-13 00:22:30+00:00,329.0,1.0,6:31,11.0,9.0,2.0,0.583,0.6929883720930233,0.72,0.10998837209302337,860.0,21,False
2026-03-13 00:23:00+00:00,365.0,1.0,5:55,14.0,9.0,5.0,0.656,0.7265199797673242,0.73,0.07051997976732416,1977.0,13,False
2026-03-13 00:23:30+00:00,375.0,1.0,5:45,14.0,9.0,5.0,0.696,0.7297394325419801,0.73,0.0337394325419802,1727.0,10,False
2026-03-13 00:24:00+00:00,378.0,1.0,5:42,15.0,9.0,6.0,0.659,0.7121946666666666,0.72,0.05319466666666661,3750.0,18,False
2026-03-13 00:24:30+00:00,407.0,1.0,5:13,15.0,9.0,6.0,0.72,0.7342153146322973,0.74,0.014215314632297305,2638.0,20,False
2026-03-13 00:25:00+00:00,413.0,1.0,5:07,15.0,9.0,6.0,0.72,0.731111111111111,0.73,0.011111111111111072,315.0,7,False
2026-03-13 00:25:30+00:00,413.0,1.0,5:07,16.0,9.0,7.0,0.726,0.7337539432176656,0.75,0.007753943217665649,634.0,9,False
2026-03-13 00:26:00+00:00,413.0,1.0,5:07,17.0,9.0,8.0,0.706,0.7498590982286635,0.75,0.04385909822866352,2484.0,12,False
2026-03-13 00:26:30+00:00,439.0,1.0,4:41,17.0,9.0,8.0,0.732,0.7761,0.78,0.04410000000000003,900.0,22,False
2026-03-13 00:27:00+00:00,468.0,1.0,4:12,20.0,11.0,9.0,0.755,0.7799999999999999,0.78,0.02499999999999991,2940.0,22,False
2026-03-13 00:27:30+00:00,498.0,1.0,3:42,22.0,11.0,11.0,0.792,0.7940385061470656,0.79,0.0020385061470655774,4311.0,22,False
2026-03-13 00:28:00+00:00,530.0,1.0,3:10,22.0,11.0,11.0,0.793,0.7900977960787984,0.79,-0.0029022039212016626,21371.0,33,True
2026-03-13 00:28:30+00:00,556.0,1.0,2:44,22.0,14.0,8.0,0.738,0.7818300653594773,0.78,0.04383006535947731,459.0,10,True
2026-03-13 00:29:00+00:00,573.0,1.0,2:27,24.0,14.0,10.0,0.76,0.7804719387755101,0.78,0.020471938775510123,784.0,8,True
2026-03-13 00:29:30+00:00,573.0,1.0,2:27,24.0,14.0,10.0,0.76,0.7836566332218505,0.78,0.02365663322185052,1794.0,10,True
2026-03-13 00:30:00+00:00,573.0,1.0,2:27,24.0,14.0,10.0,0.76,0.7809487375669473,0.78,0.020948737566947262,1307.0,7,False
2026-03-13 00:30:30+00:00,573.0,1.0,2:27,24.0,14.0,10.0,0.76,0.7955196815568333,0.8,0.03551968155683327,2261.0,9,False
2026-03-13 00:31:00+00:00,573.0,1.0,2:27,24.0,14.0,10.0,0.76,0.786834094368341,0.8,0.026834094368340944,1971.0,17,False
2026-03-13 00:31:30+00:00,573.0,1.0,2:27,24.0,14.0,10.0,0.771,0.7968168409761331,0.79,0.025816840976133126,3729.0,11,False
2026-03-13 00:32:00+00:00,573.0,1.0,2:27,24.0,14.0,10.0,0.771,0.796659793814433,0.79,0.025659793814432952,970.0,13,False
2026-03-13 00:32:30+00:00,594.0,1.0,2:06,24.0,14.0,10.0,0.761,0.8020702743737124,0.81,0.04107027437371236,9221.0,22,False
2026-03-13 00:33:00+00:00,621.0,1.0,1:39,24.0,14.0,10.0,0.784,0.8197530864197532,0.83,0.035753086419753166,1296.0,15,False
2026-03-13 00:33:30+00:00,643.0,1.0,1:17,28.0,14.0,14.0,0.843,0.8399714421703949,0.83,-0.003028557829605094,2101.0,19,False
2026-03-13 00:34:00+00:00,657.0,1.0,1:03,28.0,17.0,11.0,0.806,0.8256482861400894,0.83,0.0196482861400894,1342.0,12,False
2026-03-13 00:34:30+00:00,674.4,1.0,45.6,28.0,17.0,11.0,0.832,0.8246151053013797,0.81,-0.007384894698620248,2754.0,6,False
2026-03-13 00:35:00+00:00,678.1,1.0,41.9,29.0,17.0,12.0,0.823,0.8262127410870836,0.84,0.0032127410870836925,1711.0,10,False
2026-03-13 00:35:30+00:00,678.1,1.0,41.9,32.0,17.0,15.0,0.859,0.8387290969899666,0.84,-0.020270903010033425,2691.0,20,False
2026-03-13 00:36:00+00:00,709.0,1.0,11.0,34.0,20.0,14.0,0.844,0.8305325858444289,0.84,-0.013467414155571067,1427.0,14,False
2026-03-13 00:36:30+00:00,713.8,1.0,6.2,34.0,21.0,13.0,0.81,0.8390598618572523,0.84,0.02905986185725229,2606.0,20,False
2026-03-13 00:37:00+00:00,720.0,2.0,12:00,34.0,22.0,12.0,0.8160000000000001,0.8278311742582533,0.8200000000000001,0.011831174258253196,2393.0,20,False
2026-03-13 00:37:30+00:00,720.0,2.0,12:00,34.0,22.0,12.0,0.8160000000000001,0.8258046511627907,0.8200000000000001,0.009804651162790612,1075.0,7,False
2026-03-13 00:38:00+00:00,720.0,2.0,12:00,34.0,22.0,12.0,0.8160000000000001,0.8264324618736384,0.82,0.010432461873638332,1836.0,10,False
2026-03-13 00:38:30+00:00,720.0,2.0,12:00,34.0,22.0,12.0,0.8160000000000001,0.8240403800475059,0.8200000000000001,0.008040380047505846,4210.0,6,False
2026-03-13 00:39:00+00:00,720.0,2.0,12:00,34.0,22.0,12.0,0.8160000000000001,0.8203822441430332,0.82,0.0043822441430331205,811.0,4,False
2026-03-13 00:39:30+00:00,720.0,2.0,12:00,34.0,22.0,12.0,0.8160000000000001,0.820524361948956,0.82,0.004524361948955891,2155.0,5,False
2026-03-13 00:40:00+00:00,734.0,2.0,11:46,34.0,25.0,9.0,0.767,0.796745283018868,0.77,0.02974528301886803,848.0,12,False
2026-03-13 00:40:30+00:00,771.0,2.0,11:09,34.0,25.0,9.0,0.769,0.7803626089004002,0.81,0.011362608900400195,8494.0,18,False
2026-03-13 00:41:00+00:00,785.0,2.0,10:55,36.0,25.0,11.0,0.825,0.8111245283018867,0.82,-0.013875471698113206,1325.0,15,False
2026-03-13 00:41:30+00:00,792.0,2.0,10:48,38.0,25.0,13.0,0.832,0.8445431472081217,0.84,0.012543147208121774,394.0,13,False
2026-03-13 00:42:00+00:00,811.0,2.0,10:29,38.0,25.0,13.0,0.8029999999999999,0.8236682926829269,0.81,0.020668292682926914,1025.0,16,False
2026-03-13 00:42:30+00:00,811.0,2.0,10:29,38.0,26.0,12.0,0.798,0.8199201503053077,0.82,0.021920150305307695,2129.0,10,False
2026-03-13 00:43:00+00:00,811.0,2.0,10:29,38.0,28.0,10.0,0.793,0.8278378378378377,0.83,0.03483783783783767,592.0,12,False
2026-03-13 00:43:30+00:00,823.0,2.0,10:17,38.0,28.0,10.0,0.8220000000000001,0.8154435058078142,0.81,-0.006556494192185847,1894.0,13,False
2026-03-13 00:44:00+00:00,835.0,2.0,10:05,39.0,28.0,11.0,0.794,0.8331501831501831,0.82,0.03915018315018304,546.0,12,True
2026-03-13 00:44:30+00:00,851.0,2.0,9:49,39.0,30.0,9.0,0.773,0.8119450598139123,0.8200000000000001,0.038945059813912275,2257.0,14,True
2026-03-13 00:45:00+00:00,882.0,2.0,9:18,43.0,30.0,13.0,0.835,0.8339616055846423,0.84,-0.0010383944153576907,573.0,12,True
2026-03-13 00:45:30+00:00,882.0,2.0,9:18,43.0,30.0,13.0,0.835,0.8299999999999998,0.8200000000000001,-0.0050000000000001155,834.0,7,True
2026-03-13 00:46:00+00:00,882.0,2.0,9:18,43.0,30.0,13.0,0.835,0.8293288590604027,0.83,-0.005671140939597308,149.0,7,False
2026-03-13 00:46:30+00:00,882.0,2.0,9:18,43.0,30.0,13.0,0.835,0.8259574468085106,0.8200000000000001,-0.009042553191489389,705.0,12,False
2026-03-13 00:47:00+00:00,882.0,2.0,9:18,43.0,30.0,13.0,0.835,0.820369003690037,0.83,-0.014630996309963007,271.0,3,False
2026-03-13 00:47:30+00:00,882.0,2.0,9:18,43.0,30.0,13.0,0.835,0.8299965184089129,0.84,-0.0050034815910871,22978.0,20,False
2026-03-13 00:48:00+00:00,882.0,2.0,9:18,43.0,30.0,13.0,0.835,0.8334888091576971,0.83,-0.0015111908423028897,5853.0,22,False
2026-03-13 00:48:30+00:00,919.0,2.0,8:41,43.0,32.0,11.0,0.8029999999999999,0.8353338153771994,0.86,0.03233381537719948,4149.0,17,False
2026-03-13 00:49:00+00:00,926.0,2.0,8:34,45.0,32.0,13.0,0.837,0.8374015748031495,0.83,0.000401574803149507,1143.0,15,False
2026-03-13 00:49:30+00:00,955.0,2.0,8:05,45.0,35.0,10.0,0.8,0.8388001867413631,0.83,0.038800186741363096,4284.0,11,False
2026-03-13 00:50:00+00:00,957.0,2.0,8:03,45.0,35.0,10.0,0.829,0.8338506876227897,0.83,0.004850687622789729,509.0,6,False
2026-03-13 00:50:30+00:00,957.0,2.0,8:03,47.0,35.0,12.0,0.819,0.8377395209580838,0.84,0.018739520958083844,8016.0,18,False
2026-03-13 00:51:00+00:00,979.0,2.0,7:41,47.0,35.0,12.0,0.865,0.8565027658266748,0.86,-0.008497234173325152,1627.0,11,False
2026-03-13 00:51:30+00:00,979.0,2.0,7:41,48.0,35.0,13.0,0.869,0.8666666666666668,0.87,-0.0023333333333331874,99.0,7,False
2026-03-13 00:52:00+00:00,986.0,2.0,7:34,49.0,35.0,14.0,0.874,0.8632831375144795,0.88,-0.010716862485520506,6043.0,32,False
2026-03-13 00:52:30+00:00,1003.0,2.0,7:17,51.0,35.0,16.0,0.89,0.884621573542492,0.89,-0.005378426457507968,24734.0,87,False
2026-03-13 00:53:00+00:00,1039.0,2.0,6:41,51.0,35.0,16.0,0.892,0.8874832279087598,0.89,-0.00451677209124024,5217.0,16,False
2026-03-13 00:53:30+00:00,1045.0,2.0,6:35,51.0,36.0,15.0,0.867,0.8867653276955603,0.88,0.019765327695560275,473.0,11,False
2026-03-13 00:54:00+00:00,1045.0,2.0,6:35,51.0,37.0,14.0,0.879,0.8890254237288137,0.89,0.010025423728813654,3068.0,15,False
2026-03-13 00:54:30+00:00,1064.0,2.0,6:16,51.0,37.0,14.0,0.865,0.8824629712746859,0.88,0.01746297127468588,8912.0,34,False
2026-03-13 00:55:00+00:00,1092.0,2.0,5:48,53.0,37.0,16.0,0.896,0.897844272844273,0.88,0.0018442728442730205,3108.0,18,False
2026-03-13 00:55:30+00:00,1115.0,2.0,5:25,53.0,37.0,16.0,0.898,0.9049898682877408,0.92,0.00698986828774073,1974.0,18,False
2026-03-13 00:56:00+00:00,1151.0,2.0,4:49,55.0,37.0,18.0,0.9339999999999999,0.9242313700984223,0.95,-0.009768629901577675,12802.0,35,False
2026-03-13 00:56:30+00:00,1179.0,2.0,4:21,57.0,37.0,20.0,0.956,0.937966893865628,0.94,-0.018033106134371923,5135.0,22,False
2026-03-13 00:57:00+00:00,1192.0,2.0,4:08,57.0,37.0,20.0,0.933,0.9384958373358949,0.9299999999999999,0.005495837335894871,12492.0,18,False
2026-03-13 00:57:30+00:00,1192.0,2.0,4:08,57.0,38.0,19.0,0.931,0.9330794270833332,0.9299999999999999,0.0020794270833331963,1536.0,14,False
2026-03-13 00:58:00+00:00,1192.0,2.0,4:08,57.0,39.0,18.0,0.938,0.9390380716377559,0.94,0.001038071637755933,4439.0,18,False
2026-03-13 00:58:30+00:00,1216.0,2.0,3:44,59.0,39.0,20.0,0.95,0.9301008064516129,0.91,-0.019899193548387095,5952.0,25,False
2026-03-13 00:59:00+00:00,1246.0,2.0,3:14,59.0,42.0,17.0,0.92,0.9087566418703508,0.91,-0.011243358129649272,3764.0,15,False
2026-03-13 00:59:30+00:00,1263.0,2.0,2:57,59.0,42.0,17.0,0.933,0.9299708242159008,0.91,-0.003029175784099225,2742.0,16,True
2026-03-13 01:00:00+00:00,1283.0,2.0,2:37,61.0,44.0,17.0,0.9339999999999999,0.9007547169811323,0.9,-0.033245283018867644,3498.0,20,True
2026-03-13 01:00:30+00:00,1298.0,2.0,2:22,61.0,44.0,17.0,0.923,0.8941154562383613,0.9,-0.028884543761638737,537.0,7,True
2026-03-13 01:01:00+00:00,1298.0,2.0,2:22,61.0,44.0,17.0,0.923,0.8998837209302326,0.89,-0.02311627906976743,86.0,5,True
2026-03-13 01:01:30+00:00,1298.0,2.0,2:22,61.0,44.0,17.0,0.923,0.8995547073791349,0.9,-0.023445292620865144,786.0,9,False
2026-03-13 01:02:00+00:00,1298.0,2.0,2:22,61.0,44.0,17.0,0.923,0.8984931506849315,0.89,-0.024506849315068524,803.0,11,False
2026-03-13 01:02:30+00:00,1298.0,2.0,2:22,61.0,44.0,17.0,0.923,0.9,0.9,-0.02300000000000002,3306.0,10,False
2026-03-13 01:03:00+00:00,1298.0,2.0,2:22,61.0,44.0,17.0,0.923,0.8950515463917526,0.89,-0.027948453608247492,679.0,10,False
2026-03-13 01:03:30+00:00,1315.0,2.0,2:05,61.0,46.0,15.0,0.885,0.8793964071856288,0.88,-0.005603592814371172,4175.0,14,False
2026-03-13 01:04:00+00:00,1315.0,2.0,2:05,61.0,47.0,14.0,0.898,0.8825663331883429,0.88,-0.015433666811657143,2299.0,9,False
2026-03-13 01:04:30+00:00,1342.0,2.0,1:38,61.0,50.0,11.0,0.848,0.8787822580645162,0.87,0.030782258064516177,4960.0,21,False
2026-03-13 01:05:00+00:00,1372.0,2.0,1:08,63.0,50.0,13.0,0.881,0.8757794001578532,0.88,-0.005220599842146845,5068.0,23,False
2026-03-13 01:05:30+00:00,1387.1,2.0,52.9,63.0,50.0,13.0,0.91,0.8892061855670103,0.89,-0.020793814432989777,1940.0,11,False
2026-03-13 01:06:00+00:00,1387.1,2.0,52.9,64.0,50.0,14.0,0.913,0.8888054607508533,0.88,-0.024194539249146718,586.0,11,False
2026-03-13 01:06:30+00:00,1387.1,2.0,52.9,65.0,50.0,15.0,0.903,0.8711080976365749,0.86,-0.031891902363425095,2581.0,13,False
2026-03-13 01:07:00+00:00,1411.1,2.0,28.9,65.0,52.0,13.0,0.869,0.869550561797753,0.87,0.0005505617977530353,178.0,9,False
2026-03-13 01:07:30+00:00,1438.9,2.0,1.1,65.0,54.0,11.0,0.854,0.8447690387016229,0.86,-0.009230961298377083,801.0,11,False
2026-03-13 01:08:00+00:00,1440.0,3.0,12:00,65.0,54.0,11.0,0.841,0.8585540704738761,0.84,0.017554070473876138,1646.0,11,False
2026-03-13 01:08:30+00:00,1440.0,3.0,12:00,65.0,54.0,11.0,0.841,0.8497849462365592,0.85,0.008784946236559232,651.0,14,False
2026-03-13 01:09:00+00:00,1440.0,3.0,12:00,65.0,54.0,11.0,0.841,0.8466729147141517,0.84,0.005672914714151767,1067.0,11,False
2026-03-13 01:09:30+00:00,1440.0,3.0,12:00,65.0,54.0,11.0,0.841,0.8444324324324324,0.84,0.0034324324324324085,370.0,6,False
2026-03-13 01:10:00+00:00,1440.0,3.0,12:00,65.0,54.0,11.0,0.841,0.8533487940630798,0.84,0.012348794063079871,1078.0,9,False
2026-03-13 01:10:30+00:00,1440.0,3.0,12:00,65.0,54.0,11.0,0.841,0.8598796561604586,0.84,0.018879656160458613,1745.0,6,False
2026-03-13 01:11:00+00:00,1440.0,3.0,12:00,65.0,54.0,11.0,0.841,0.8401470588235294,0.84,-0.0008529411764706119,340.0,6,False
2026-03-13 01:11:30+00:00,1440.0,3.0,12:00,65.0,54.0,11.0,0.841,0.8534190231362465,0.86,0.012419023136246543,389.0,7,False
2026-03-13 01:12:00+00:00,1440.0,3.0,12:00,65.0,54.0,11.0,0.841,0.8596415770609319,0.86,0.018641577060931946,279.0,5,False
2026-03-13 01:12:30+00:00,1440.0,3.0,12:00,65.0,54.0,11.0,0.841,0.8408483816013628,0.84,-0.00015161839863719884,2935.0,8,False
2026-03-13 01:13:00+00:00,1440.0,3.0,12:00,65.0,54.0,11.0,0.841,0.8584400000000001,0.84,0.017440000000000122,250.0,6,False
2026-03-13 01:13:30+00:00,1440.0,3.0,12:00,65.0,54.0,11.0,0.841,0.8500316957210776,0.85,0.009031695721077648,1262.0,5,False
2026-03-13 01:14:00+00:00,1440.0,3.0,12:00,65.0,54.0,11.0,0.841,0.8536986301369863,0.85,0.012698630136986355,73.0,7,False
2026-03-13 01:14:30+00:00,1440.0,3.0,12:00,65.0,54.0,11.0,0.841,0.85,0.85,0.009000000000000008,85.0,3,False
2026-03-13 01:15:00+00:00,1440.0,3.0,12:00,65.0,54.0,11.0,0.841,0.8572122944960686,0.84,0.016212294496068647,1399.0,9,False
2026-03-13 01:15:30+00:00,1440.0,3.0,12:00,65.0,54.0,11.0,0.841,0.852,0.86,0.01100000000000001,10.0,2,False
2026-03-13 01:16:00+00:00,1440.0,3.0,12:00,65.0,54.0,11.0,0.841,0.8507407407407407,0.86,0.009740740740740716,27.0,2,False
2026-03-13 01:16:30+00:00,1440.0,3.0,12:00,65.0,54.0,11.0,0.841,0.8531666666666665,0.85,0.012166666666666548,900.0,8,False
2026-03-13 01:17:00+00:00,1440.0,3.0,12:00,65.0,54.0,11.0,0.841,0.8543870014771048,0.86,0.01338700147710481,1354.0,7,False
2026-03-13 01:17:30+00:00,1440.0,3.0,12:00,65.0,54.0,11.0,0.841,0.8502054292002934,0.85,0.009205429200293436,1363.0,7,False
2026-03-13 01:18:00+00:00,1440.0,3.0,12:00,65.0,54.0,11.0,0.841,0.85,0.85,0.009000000000000008,597.0,1,False
2026-03-13 01:18:30+00:00,1440.0,3.0,12:00,65.0,54.0,11.0,0.841,0.8499999999999999,0.85,0.008999999999999897,234.0,4,False
2026-03-13 01:19:00+00:00,1440.0,3.0,12:00,65.0,54.0,11.0,0.841,0.8572072072072071,0.86,0.01620720720720714,111.0,3,False
2026-03-13 01:19:30+00:00,1440.0,3.0,12:00,65.0,54.0,11.0,0.841,0.8516166281755196,0.85,0.010616628175519671,433.0,4,False
2026-03-13 01:20:00+00:00,1440.0,3.0,12:00,65.0,54.0,11.0,0.841,0.8534463645255949,0.85,0.012446364525594888,3067.0,6,False
2026-03-13 01:20:30+00:00,1440.0,3.0,12:00,65.0,54.0,11.0,0.841,0.859589895684189,0.85,0.018589895684189006,9778.0,7,False
2026-03-13 01:21:00+00:00,1440.0,3.0,12:00,65.0,54.0,11.0,0.841,0.8590158730158731,0.86,0.01801587301587315,315.0,2,False
2026-03-13 01:21:30+00:00,1440.0,3.0,12:00,65.0,54.0,11.0,0.841,0.8599261992619925,0.86,0.01892619926199257,271.0,6,False
2026-03-13 01:22:00+00:00,1440.0,3.0,12:00,65.0,54.0,11.0,0.841,0.8501463226800153,0.85,0.009146322680015362,2597.0,6,False
2026-03-13 01:22:30+00:00,1440.0,3.0,12:00,65.0,54.0,11.0,0.841,0.8500000000000001,0.85,0.009000000000000119,1074.0,4,False
2026-03-13 01:23:00+00:00,1440.0,3.0,12:00,65.0,54.0,11.0,0.841,0.8500558659217878,0.86,0.009055865921787865,358.0,4,False
2026-03-13 01:23:30+00:00,1440.0,3.0,12:00,65.0,54.0,11.0,0.841,0.8331468531468531,0.8200000000000001,-0.007853146853146864,1287.0,11,False
2026-03-13 01:24:00+00:00,1466.0,3.0,11:34,65.0,56.0,9.0,0.79,0.8255152394775036,0.85,0.03551523947750357,689.0,8,False
2026-03-13 01:24:30+00:00,1486.0,3.0,11:14,67.0,56.0,11.0,0.859,0.8514012490241998,0.82,-0.007598750975800206,2562.0,18,False
2026-03-13 01:25:00+00:00,1516.0,3.0,10:44,67.0,59.0,8.0,0.791,0.8208499073999515,0.82,0.029849907399951414,24838.0,30,False
2026-03-13 01:25:30+00:00,1516.0,3.0,10:44,67.0,59.0,8.0,0.791,0.822832909245123,0.82,0.03183290924512294,1179.0,17,False
2026-03-13 01:26:00+00:00,1552.0,3.0,10:08,69.0,62.0,7.0,0.77,0.8207021517553794,0.83,0.0507021517553794,883.0,26,False
2026-03-13 01:26:30+00:00,1594.0,3.0,9:26,74.0,62.0,12.0,0.869,0.8528296207104152,0.89,-0.016170379289584758,6644.0,32,False
2026-03-13 01:27:00+00:00,1618.0,3.0,9:02,74.0,62.0,12.0,0.871,0.8710813492063492,0.88,8.134920634916831e-05,1008.0,14,False
2026-03-13 01:27:30+00:00,1632.0,3.0,8:48,74.0,62.0,12.0,0.875,0.8708170914542729,0.86,-0.004182908545727115,1334.0,14,False
2026-03-13 01:28:00+00:00,1632.0,3.0,8:48,74.0,63.0,11.0,0.847,0.8645199660152931,0.85,0.017519966015293154,1177.0,13,False
2026-03-13 01:28:30+00:00,1647.0,3.0,8:33,74.0,63.0,11.0,0.833,0.850402802101576,0.85,0.017402802101576076,2284.0,15,False
2026-03-13 01:29:00+00:00,1647.0,3.0,8:33,74.0,65.0,9.0,0.8280000000000001,0.8409265442404007,0.83,0.012926544240400628,1198.0,13,True
2026-03-13 01:29:30+00:00,1678.0,3.0,8:02,74.0,67.0,7.0,0.746,0.8235902255639097,0.83,0.07759022556390971,532.0,14,True
2026-03-13 01:30:00+00:00,1678.0,3.0,8:02,74.0,67.0,7.0,0.746,0.8201892961624505,0.8200000000000001,0.07418929616245051,5811.0,9,True
2026-03-13 01:30:30+00:00,1678.0,3.0,8:02,74.0,67.0,7.0,0.746,0.8155548469387754,0.8200000000000001,0.06955484693877545,1568.0,10,True
2026-03-13 01:31:00+00:00,1678.0,3.0,8:02,74.0,67.0,7.0,0.746,0.8225184501845019,0.81,0.07651845018450187,2168.0,11,False
2026-03-13 01:31:30+00:00,1678.0,3.0,8:02,74.0,67.0,7.0,0.746,0.8202183219178082,0.8200000000000001,0.0742183219178082,7008.0,19,False
2026-03-13 01:32:00+00:00,1678.0,3.0,8:02,74.0,67.0,7.0,0.746,0.8068174955786568,0.79,0.06081749557865679,23183.0,35,False
2026-03-13 01:32:30+00:00,1678.0,3.0,8:02,74.0,67.0,7.0,0.746,0.7772291894621663,0.8,0.03122918946216635,23762.0,29,False
2026-03-13 01:33:00+00:00,1691.0,3.0,7:49,76.0,67.0,9.0,0.8049999999999999,0.8192169507139568,0.83,0.0142169507139569,2171.0,16,False
2026-03-13 01:33:30+00:00,1720.0,3.0,7:20,76.0,67.0,9.0,0.835,0.8388219178082191,0.83,0.0038219178082191663,2190.0,15,False
2026-03-13 01:34:00+00:00,1733.0,3.0,7:07,76.0,67.0,9.0,0.8160000000000001,0.83037232637972,0.8,0.014372326379719969,3787.0,24,False
2026-03-13 01:34:30+00:00,1762.0,3.0,6:38,76.0,69.0,7.0,0.762,0.7934035909445745,0.8,0.031403590944574455,1281.0,23,False
2026-03-13 01:35:00+00:00,1773.0,3.0,6:27,76.0,69.0,7.0,0.755,0.809351851851852,0.82,0.054351851851851984,3024.0,13,False
2026-03-13 01:35:30+00:00,1804.0,3.0,5:56,76.0,71.0,5.0,0.725,0.7862844270038516,0.78,0.061284427003851616,13761.0,31,False
2026-03-13 01:36:00+00:00,1828.0,3.0,5:32,78.0,71.0,7.0,0.761,0.7916567544604928,0.78,0.030656754460492763,1177.0,14,False
2026-03-13 01:36:30+00:00,1828.0,3.0,5:32,78.0,71.0,7.0,0.761,0.8193153713864547,0.83,0.058315371386454706,12211.0,38,False
2026-03-13 01:37:00+00:00,1865.0,3.0,4:55,80.0,71.0,9.0,0.843,0.8621757665191017,0.85,0.01917576651910169,12198.0,22,False
2026-03-13 01:37:30+00:00,1893.0,3.0,4:27,82.0,74.0,8.0,0.8260000000000001,0.8433873343151691,0.84,0.017387334315169034,1358.0,14,False
2026-03-13 01:38:00+00:00,1922.0,3.0,3:58,84.0,74.0,10.0,0.857,0.8476739034116082,0.84,-0.009326096588391786,2257.0,11,False
2026-03-13 01:38:30+00:00,1957.0,3.0,3:23,84.0,76.0,8.0,0.812,0.818955461618575,0.8,0.006955461618574965,16323.0,18,False
2026-03-13 01:39:00+00:00,1968.0,3.0,3:12,84.0,78.0,6.0,0.71,0.8051246819338422,0.8,0.09512468193384227,1965.0,12,False
2026-03-13 01:39:30+00:00,1971.0,3.0,3:09,84.0,78.0,6.0,0.777,0.7881282171268134,0.76,0.011128217126813333,2137.0,17,True
2026-03-13 01:40:00+00:00,1995.0,3.0,2:45,84.0,80.0,4.0,0.7070000000000001,0.7542652204338699,0.75,0.047265220433869826,2858.0,36,True
2026-03-13 01:40:30+00:00,2024.0,3.0,2:16,84.0,80.0,4.0,0.667,0.7204951043783484,0.72,0.05349510437834837,5413.0,32,True
2026-03-13 01:41:00+00:00,2024.0,3.0,2:16,84.0,80.0,4.0,0.667,0.7114905027932961,0.72,0.04449050279329603,4475.0,30,True
2026-03-13 01:41:30+00:00,2024.0,3.0,2:16,84.0,80.0,4.0,0.667,0.7160368948867154,0.72,0.049036894886715365,8077.0,22,False
2026-03-13 01:42:00+00:00,2024.0,3.0,2:16,84.0,80.0,4.0,0.667,0.7157149489322192,0.72,0.04871494893221917,2154.0,30,False
2026-03-13 01:42:30+00:00,2024.0,3.0,2:16,84.0,80.0,4.0,0.667,0.7172075471698113,0.71,0.05020754716981124,1590.0,25,False
2026-03-13 01:43:00+00:00,2024.0,3.0,2:16,84.0,80.0,4.0,0.667,0.7178105696636925,0.72,0.05081056966369246,2914.0,34,False
2026-03-13 01:43:30+00:00,2024.0,3.0,2:16,84.0,80.0,4.0,0.667,0.718954800562439,0.69,0.05195480056243895,83209.0,59,False
2026-03-13 01:44:00+00:00,2034.0,3.0,2:06,84.0,82.0,2.0,0.624,0.6378292866662805,0.64,0.013829286666280471,17257.0,62,False
2026-03-13 01:44:30+00:00,2072.0,3.0,1:28,84.0,82.0,2.0,0.615,0.6520375358415155,0.63,0.03703753584151548,11509.0,54,False
2026-03-13 01:45:00+00:00,2095.0,3.0,1:05,84.0,82.0,2.0,0.508,0.6377653311529028,0.63,0.12976533115290279,12230.0,65,False
2026-03-13 01:45:30+00:00,2095.0,3.0,1:05,84.0,82.0,2.0,0.508,0.6253740593182824,0.61,0.11737405931828238,9036.0,63,False
2026-03-13 01:46:00+00:00,2095.0,3.0,1:05,84.0,84.0,0.0,0.536,0.6045920868808815,0.58,0.06859208688088148,37937.0,89,False
2026-03-13 01:46:30+00:00,2116.4,3.0,43.6,84.0,84.0,0.0,0.484,0.5728649693844666,0.61,0.08886496938446664,62060.0,98,False
2026-03-13 01:47:00+00:00,2157.6,3.0,2.4,84.0,84.0,0.0,0.608,0.6490817137107452,0.6799999999999999,0.041081713710745205,37766.0,102,False
2026-03-13 01:47:30+00:00,2157.6,3.0,2.4,84.0,84.0,0.0,0.608,0.6700939211062706,0.6699999999999999,0.062093921106270655,25021.0,82,False
2026-03-13 01:48:00+00:00,2157.6,3.0,2.4,86.0,84.0,2.0,0.583,0.6964836289222373,0.69,0.11348362892223729,23456.0,69,False
2026-03-13 01:48:30+00:00,2160.0,4.0,12:00,86.0,84.0,2.0,0.61,0.6839805970149254,0.6799999999999999,0.07398059701492543,6700.0,39,False
2026-03-13 01:49:00+00:00,2160.0,4.0,12:00,86.0,84.0,2.0,0.61,0.6892199226745508,0.69,0.0792199226745508,4397.0,36,False
2026-03-13 01:49:30+00:00,2160.0,4.0,12:00,86.0,84.0,2.0,0.61,0.6966834108269679,0.7,0.08668341082696795,24088.0,29,False
2026-03-13 01:50:00+00:00,2160.0,4.0,12:00,86.0,84.0,2.0,0.61,0.6907292882147025,0.69,0.08072928821470249,5142.0,32,False
2026-03-13 01:50:30+00:00,2160.0,4.0,12:00,86.0,84.0,2.0,0.61,0.704598774333093,0.75,0.09459877433309305,27740.0,68,False
2026-03-13 01:51:00+00:00,2175.0,4.0,11:45,89.0,84.0,5.0,0.721,0.7840126181051609,0.82,0.0630126181051609,65937.0,101,False
2026-03-13 01:51:30+00:00,2200.0,4.0,11:20,92.0,84.0,8.0,0.842,0.8628731876659179,0.87,0.020873187665917947,19588.0,71,False
2026-03-13 01:52:00+00:00,2229.0,4.0,10:51,92.0,84.0,8.0,0.877,0.8829021073487031,0.91,0.005902107348703112,44416.0,80,False
2026-03-13 01:52:30+00:00,2233.0,4.0,10:47,92.0,84.0,8.0,0.916,0.9065232093452198,0.92,-0.009476790654780243,6506.0,41,False
2026-03-13 01:53:00+00:00,2233.0,4.0,10:47,95.0,84.0,11.0,0.924,0.9209970026818108,0.91,-0.0030029973181892045,12678.0,51,True
2026-03-13 01:53:30+00:00,2254.0,4.0,10:26,95.0,86.0,9.0,0.907,0.9186103416435826,0.92,0.011610341643582545,6498.0,47,True
2026-03-13 01:54:00+00:00,2275.0,4.0,10:05,97.0,86.0,11.0,0.9299999999999999,0.927791016778407,0.9299999999999999,-0.0022089832215929084,28787.0,30,True
2026-03-13 01:54:30+00:00,2275.0,4.0,10:05,97.0,86.0,11.0,0.9299999999999999,0.9293708796383501,0.93,-0.0006291203616498597,5309.0,23,True
2026-03-13 01:55:00+00:00,2275.0,4.0,10:05,97.0,86.0,11.0,0.9299999999999999,0.9246984706291278,0.92,-0.005301529370872138,11508.0,31,False
2026-03-13 01:55:30+00:00,2275.0,4.0,10:05,97.0,86.0,11.0,0.9299999999999999,0.9289815916171056,0.92,-0.0010184083828943535,17655.0,34,False
2026-03-13 01:56:00+00:00,2275.0,4.0,10:05,97.0,86.0,11.0,0.9299999999999999,0.9206331745925279,0.92,-0.009366825407472024,14909.0,40,False
2026-03-13 01:56:30+00:00,2275.0,4.0,10:05,97.0,86.0,11.0,0.9299999999999999,0.914881671989051,0.89,-0.015118328010948923,35072.0,58,False
2026-03-13 01:57:00+00:00,2287.0,4.0,9:53,97.0,88.0,9.0,0.911,0.9255260372565624,0.95,0.014526037256562319,9448.0,58,False
2026-03-13 01:57:30+00:00,2328.0,4.0,9:12,100.0,88.0,12.0,0.961,0.9629529000936888,0.96,0.0019529000936888696,11741.0,66,False
2026-03-13 01:58:00+00:00,2342.0,4.0,8:58,100.0,88.0,12.0,0.975,0.968310283006787,0.97,-0.0066897169932129685,15618.0,46,False
2026-03-13 01:58:30+00:00,2345.0,4.0,8:55,101.0,88.0,13.0,0.967,0.9698760593220338,0.97,0.0028760593220338304,18880.0,50,False
2026-03-13 01:59:00+00:00,2362.0,4.0,8:38,101.0,88.0,13.0,0.971,0.973203361501689,0.98,0.002203361501688983,85557.0,80,False
2026-03-13 01:59:30+00:00,2381.0,4.0,8:19,103.0,88.0,15.0,0.985,0.9762451249458327,0.98,-0.008754875054167277,27692.0,44,False
2026-03-13 02:00:00+00:00,2411.0,4.0,7:49,106.0,91.0,15.0,0.987,0.9808521776674402,0.97,-0.006147822332559838,18529.0,42,False
2026-03-13 02:00:30+00:00,2446.0,4.0,7:14,106.0,93.0,13.0,0.984,0.9721497271384207,0.97,-0.011850272861579247,33167.0,49,False
2026-03-13 02:01:00+00:00,2475.0,4.0,6:45,106.0,93.0,13.0,0.979,0.9614404506437767,0.96,-0.01755954935622328,29824.0,56,False
2026-03-13 02:01:30+00:00,2484.0,4.0,6:36,106.0,95.0,11.0,0.943,0.9424578805077616,0.94,-0.0005421194922383687,55853.0,81,False
2026-03-13 02:02:00+00:00,2488.0,4.0,6:32,106.0,95.0,11.0,0.959,0.9345695977216092,0.9299999999999999,-0.024430402278390773,14045.0,80,False
2026-03-13 02:02:30+00:00,2507.0,4.0,6:13,106.0,95.0,11.0,0.961,0.9503249642459876,0.95,-0.010675035754012407,12586.0,52,True
2026-03-13 02:03:00+00:00,2518.0,4.0,6:02,106.0,95.0,11.0,0.965,0.9554340731070494,0.95,-0.00956592689295055,9192.0,49,True
2026-03-13 02:03:30+00:00,2518.0,4.0,6:02,106.0,95.0,11.0,0.965,0.95854855923159,0.95,-0.006451440768409977,8433.0,40,True
2026-03-13 02:04:00+00:00,2518.0,4.0,6:02,106.0,95.0,11.0,0.965,0.9554492115878253,0.95,-0.009550788412174716,8181.0,30,True
2026-03-13 02:04:30+00:00,2518.0,4.0,6:02,106.0,95.0,11.0,0.965,0.9530677346824059,0.96,-0.01193226531759406,7116.0,27,False
2026-03-13 02:05:00+00:00,2518.0,4.0,6:02,106.0,95.0,11.0,0.965,0.9510356138706654,0.95,-0.013964386129334594,32010.0,42,False
2026-03-13 02:05:30+00:00,2518.0,4.0,6:02,106.0,95.0,11.0,0.965,0.9429487080003103,0.95,-0.022051291999689693,25774.0,38,False
2026-03-13 02:06:00+00:00,2518.0,4.0,6:02,106.0,95.0,11.0,0.965,0.9437067435669917,0.95,-0.02129325643300828,9016.0,61,False
2026-03-13 02:06:30+00:00,2545.0,4.0,5:35,106.0,97.0,9.0,0.975,0.9398018811286771,0.94,-0.03519811887132285,4997.0,57,False
2026-03-13 02:07:00+00:00,2560.0,4.0,5:20,106.0,97.0,9.0,0.959,0.9480337184360064,0.95,-0.010966281563993596,26573.0,67,False
2026-03-13 02:07:30+00:00,2586.0,4.0,4:54,108.0,97.0,11.0,0.983,0.9737173304293714,0.97,-0.009282669570628621,25712.0,58,False
2026-03-13 02:08:00+00:00,2608.0,4.0,4:32,108.0,97.0,11.0,0.978,0.960189135802469,0.97,-0.017810864197530973,20250.0,49,False
2026-03-13 02:08:30+00:00,2622.0,4.0,4:18,108.0,97.0,11.0,0.987,0.9842685183583819,0.97,-0.002731481641618072,57821.0,88,False
2026-03-13 02:09:00+00:00,2643.0,4.0,3:57,110.0,99.0,11.0,0.989,0.9734649008009214,0.96,-0.015535099199078584,19103.0,62,False
2026-03-13 02:09:30+00:00,2670.0,4.0,3:30,110.0,101.0,9.0,0.964,0.9550611329069704,0.97,-0.008938867093029601,74428.0,91,False
2026-03-13 02:10:00+00:00,2679.0,4.0,3:21,110.0,101.0,9.0,0.979,0.9714538709225815,0.97,-0.007546129077418473,14286.0,69,False
2026-03-13 02:10:30+00:00,2694.0,4.0,3:06,110.0,101.0,9.0,0.991,0.9793419312169312,0.98,-0.011658068783068742,18144.0,44,False
2026-03-13 02:11:00+00:00,2694.0,4.0,3:06,111.0,101.0,10.0,0.992,0.9830521461511174,0.98,-0.008947853848882636,14095.0,46,False
2026-03-13 02:11:30+00:00,2694.0,4.0,3:06,112.0,101.0,11.0,0.989,0.977139346703733,0.98,-0.011860653296266954,40288.0,67,False
2026-03-13 02:12:00+00:00,2711.0,4.0,2:49,112.0,104.0,8.0,0.973,0.9861458012241842,0.99,0.013145801224184184,45418.0,75,False
2026-03-13 02:12:30+00:00,2754.0,4.0,2:06,115.0,104.0,11.0,0.997,0.99,0.99,-0.007000000000000006,5463.0,15,False
2026-03-13 02:13:00+00:00,2776.0,4.0,1:44,118.0,104.0,14.0,0.999,0.9900000000000001,0.99,-0.008999999999999897,1785.0,8,True
2026-03-13 02:13:30+00:00,2776.0,4.0,1:44,118.0,104.0,14.0,0.999,0.9899999999999999,0.99,-0.009000000000000119,2460.0,7,True
2026-03-13 02:14:00+00:00,2776.0,4.0,1:44,118.0,104.0,14.0,0.999,0.99,0.99,-0.009000000000000008,677.0,4,True
2026-03-13 02:14:30+00:00,2776.0,4.0,1:44,118.0,104.0,14.0,0.999,0.99,0.99,-0.009000000000000008,1325.0,4,True
2026-03-13 02:15:00+00:00,2776.0,4.0,1:44,118.0,104.0,14.0,0.999,0.99,0.99,-0.009000000000000008,0.0,0,False
2026-03-13 02:15:30+00:00,2786.0,4.0,1:34,118.0,104.0,14.0,0.999,0.99,0.99,-0.009000000000000008,492.0,3,False
2026-03-13 02:16:00+00:00,2811.0,4.0,1:09,118.0,104.0,14.0,0.999,0.99,0.99,-0.009000000000000008,1405.0,8,False
2026-03-13 02:16:30+00:00,2814.0,4.0,1:06,118.0,106.0,12.0,0.999,0.99,0.99,-0.009000000000000008,332.0,4,False
2026-03-13 02:17:00+00:00,2826.5,4.0,53.5,118.0,106.0,12.0,0.999,0.99,0.99,-0.009000000000000008,1522.0,4,False
2026-03-13 02:17:30+00:00,2836.5,4.0,43.5,118.0,109.0,9.0,0.998,0.9899999999999999,0.99,-0.008000000000000118,1042.0,3,False
2026-03-13 02:18:00+00:00,2872.9,4.0,7.1,120.0,112.0,8.0,0.999,0.99,0.99,-0.009000000000000008,1097.0,8,False
2026-03-13 02:18:30+00:00,2880.0,4.0,0.0,120.0,112.0,8.0,1.0,0.99,0.99,-0.010000000000000009,103.0,1,False
2026-03-13 02:19:00+00:00,2880.0,4.0,0.0,120.0,112.0,8.0,1.0,0.99,0.99,-0.010000000000000009,0.0,0,False
